{
  "type": "FeatureCollection",
  "generator": "overpass-turbo",
  "copyright": "The data included in this document is from www.openstreetmap.org. The data is made available under ODbL.",
  "timestamp": "2026-08-10T12:32:50Z",
  "features": [
    {
      "type": "Feature",
      "properties": {
        "@id": "relation/181861",
        "admin_level": "8",
        "border_type": "village",
        "boundary": "administrative",
        "gnis:feature_id": "2399251",
        "name": "Marble Cliff",
        "place": "village",
        "source": "TIGER/Line® 2008 Place Shapefiles (http://www.census.gov/geo/www/tiger/)",
        "type": "boundary",
        "wikidata": "Q2672174",
        "wikipedia": "en:Marble Cliff, Ohio"
      },
      "geometry": {
        "type": "Polygon",
        "coordinates": [
          [
            [
              -83.0680519,
              39.9912024
            ],
            [
              -83.0685682,
              39.9912112
            ],
            [
              -83.0685046,
              39.9909444
            ],
            [
              -83.068291,
              39.9907083
            ],
            [
              -83.0679522,
              39.9903949
            ],
            [
              -83.0676024,
              39.9899111
            ],
            [
              -83.0675027,
              39.989625
            ],
            [
              -83.0674301,
              39.9894695
            ],
            [
              -83.0673269,
              39.9891487
            ],
            [
              -83.0672723,
              39.9889533
            ],
            [
              -83.0671413,
              39.9886697
            ],
            [
              -83.0669739,
              39.9884425
            ],
            [
              -83.0666378,
              39.9877521
            ],
            [
              -83.0665006,
              39.9874194
            ],
            [
              -83.0664094,
              39.9871081
            ],
            [
              -83.0663629,
              39.9869948
            ],
            [
              -83.0660101,
              39.985838
            ],
            [
              -83.0655504,
              39.9846324
            ],
            [
              -83.0653415,
              39.9841692
            ],
            [
              -83.0652988,
              39.9840953
            ],
            [
              -83.0643959,
              39.9840681
            ],
            [
              -83.0641702,
              39.9838466
            ],
            [
              -83.0631983,
              39.9840146
            ],
            [
              -83.0630581,
              39.9840084
            ],
            [
              -83.0621437,
              39.9842131
            ],
            [
              -83.0620503,
              39.9839635
            ],
            [
              -83.0620874,
              39.9839649
            ],
            [
              -83.0604802,
              39.9796914
            ],
            [
              -83.0603632,
              39.9794333
            ],
            [
              -83.060232,
              39.9791804
            ],
            [
              -83.0600907,
              39.9789642
            ],
            [
              -83.0599707,
              39.9787967
            ],
            [
              -83.0598658,
              39.9786698
            ],
            [
              -83.0597616,
              39.9785459
            ],
            [
              -83.0596192,
              39.9783934
            ],
            [
              -83.059488,
              39.9782658
            ],
            [
              -83.0593219,
              39.9781184
            ],
            [
              -83.0591486,
              39.9779765
            ],
            [
              -83.0589833,
              39.9778559
            ],
            [
              -83.0586911,
              39.9776588
            ],
            [
              -83.0583831,
              39.9774851
            ],
            [
              -83.0580642,
              39.9773282
            ],
            [
              -83.0577498,
              39.9771929
            ],
            [
              -83.0577507,
              39.9774551
            ],
            [
              -83.0575398,
              39.9799267
            ],
            [
              -83.0568522,
              39.9893232
            ],
            [
              -83.0569872,
              39.9893284
            ],
            [
              -83.0575449,
              39.9893501
            ],
            [
              -83.0576647,
              39.9893548
            ],
            [
              -83.0577896,
              39.9893597
            ],
            [
              -83.0583004,
              39.9893797
            ],
            [
              -83.0587446,
              39.989397
            ],
            [
              -83.0591694,
              39.9894136
            ],
            [
              -83.0592039,
              39.989415
            ],
            [
              -83.0592474,
              39.9894167
            ],
            [
              -83.0595577,
              39.9894288
            ],
            [
              -83.0600041,
              39.9894462
            ],
            [
              -83.0601272,
              39.989451
            ],
            [
              -83.0602688,
              39.9894565
            ],
            [
              -83.0605899,
              39.9894691
            ],
            [
              -83.0612156,
              39.9894937
            ],
            [
              -83.0614127,
              39.9895014
            ],
            [
              -83.0619116,
              39.9895209
            ],
            [
              -83.0620622,
              39.9895268
            ],
            [
              -83.0623142,
              39.9895366
            ],
            [
              -83.0626039,
              39.9895479
            ],
            [
              -83.0627502,
              39.9895536
            ],
            [
              -83.0629135,
              39.98956
            ],
            [
              -83.0629873,
              39.9895628
            ],
            [
              -83.0640086,
              39.9896026
            ],
            [
              -83.0644962,
              39.9896218
            ],
            [
              -83.064574,
              39.9897066
            ],
            [
              -83.0647128,
              39.9898404
            ],
            [
              -83.0647222,
              39.9898487
            ],
            [
              -83.0648891,
              39.9899959
            ],
            [
              -83.065021,
              39.990099
            ],
            [
              -83.0650953,
              39.990157
            ],
            [
              -83.0653109,
              39.9903095
            ],
            [
              -83.0655285,
              39.9904428
            ],
            [
              -83.0657212,
              39.990551
            ],
            [
              -83.0659607,
              39.9906696
            ],
            [
              -83.0661011,
              39.9907324
            ],
            [
              -83.0663152,
              39.9908197
            ],
            [
              -83.0665521,
              39.9909043
            ],
            [
              -83.06677,
              39.9909727
            ],
            [
              -83.0670337,
              39.9910426
            ],
            [
              -83.0672832,
              39.9910993
            ],
            [
              -83.0675362,
              39.991142
            ],
            [
              -83.0678778,
              39.9911878
            ],
            [
              -83.0680519,
              39.9912024
            ]
          ]
        ]
      },
      "id": "relation/181861"
    },
    {
      "type": "Feature",
      "properties": {
        "@id": "relation/181862",
        "admin_level": "8",
        "border_type": "city",
        "boundary": "administrative",
        "gnis:feature_id": "1086103",
        "name": "Grandview Heights",
        "place": "city",
        "source": "TIGER/Line® 2008 Place Shapefiles (http://www.census.gov/geo/www/tiger/)",
        "type": "boundary",
        "wikidata": "Q2122847",
        "wikipedia": "en:Grandview Heights, Ohio"
      },
      "geometry": {
        "type": "Polygon",
        "coordinates": [
          [
            [
              -83.0568522,
              39.9893232
            ],
            [
              -83.0575398,
              39.9799267
            ],
            [
              -83.0577507,
              39.9774551
            ],
            [
              -83.0577498,
              39.9771929
            ],
            [
              -83.057752,
              39.9771763
            ],
            [
              -83.0575989,
              39.9771198
            ],
            [
              -83.0574563,
              39.9770706
            ],
            [
              -83.0573041,
              39.9770213
            ],
            [
              -83.0566728,
              39.9768546
            ],
            [
              -83.0559939,
              39.9767384
            ],
            [
              -83.0505818,
              39.9759658
            ],
            [
              -83.048543,
              39.9757107
            ],
            [
              -83.0483284,
              39.9756797
            ],
            [
              -83.0484757,
              39.9739041
            ],
            [
              -83.0479999,
              39.9737559
            ],
            [
              -83.0479593,
              39.9742661
            ],
            [
              -83.0471112,
              39.9742128
            ],
            [
              -83.0470915,
              39.9744947
            ],
            [
              -83.0463736,
              39.9744469
            ],
            [
              -83.0463636,
              39.9745657
            ],
            [
              -83.0457562,
              39.9745228
            ],
            [
              -83.0459249,
              39.9724176
            ],
            [
              -83.0436648,
              39.9717059
            ],
            [
              -83.0437051,
              39.9712433
            ],
            [
              -83.0428228,
              39.9709883
            ],
            [
              -83.0428197,
              39.9710202
            ],
            [
              -83.0422507,
              39.9709363
            ],
            [
              -83.0418623,
              39.9716143
            ],
            [
              -83.0412296,
              39.9713935
            ],
            [
              -83.0417644,
              39.9704624
            ],
            [
              -83.0403816,
              39.9706694
            ],
            [
              -83.0395545,
              39.9706174
            ],
            [
              -83.0395425,
              39.9707497
            ],
            [
              -83.0392226,
              39.9706231
            ],
            [
              -83.0391749,
              39.9712609
            ],
            [
              -83.0394953,
              39.9713942
            ],
            [
              -83.0416691,
              39.9722074
            ],
            [
              -83.0426981,
              39.9725133
            ],
            [
              -83.0425089,
              39.9748815
            ],
            [
              -83.0424756,
              39.9748769
            ],
            [
              -83.039278,
              39.9744324
            ],
            [
              -83.0392788,
              39.9744181
            ],
            [
              -83.0380816,
              39.9742493
            ],
            [
              -83.0368833,
              39.9740753
            ],
            [
              -83.0358696,
              39.9739275
            ],
            [
              -83.0352106,
              39.9738332
            ],
            [
              -83.0349239,
              39.9737922
            ],
            [
              -83.0329598,
              39.9735198
            ],
            [
              -83.0311533,
              39.9732733
            ],
            [
              -83.0293473,
              39.9730182
            ],
            [
              -83.0247197,
              39.972363
            ],
            [
              -83.0230836,
              39.972131
            ],
            [
              -83.0219713,
              39.9719723
            ],
            [
              -83.0217813,
              39.9719453
            ],
            [
              -83.0209805,
              39.9718292
            ],
            [
              -83.0209301,
              39.9719261
            ],
            [
              -83.0209075,
              39.9719856
            ],
            [
              -83.0209128,
              39.9720008
            ],
            [
              -83.020914,
              39.9720067
            ],
            [
              -83.0214956,
              39.9722808
            ],
            [
              -83.0216395,
              39.9723582
            ],
            [
              -83.0216616,
              39.9723712
            ],
            [
              -83.0217729,
              39.9724359
            ],
            [
              -83.0218353,
              39.9724757
            ],
            [
              -83.0220358,
              39.9726065
            ],
            [
              -83.0221512,
              39.9726894
            ],
            [
              -83.0222541,
              39.972768
            ],
            [
              -83.0224739,
              39.9729544
            ],
            [
              -83.0226171,
              39.9730938
            ],
            [
              -83.0228867,
              39.9734099
            ],
            [
              -83.0230522,
              39.973627
            ],
            [
              -83.0232039,
              39.9738784
            ],
            [
              -83.0232725,
              39.9740059
            ],
            [
              -83.023591,
              39.9744293
            ],
            [
              -83.0260226,
              39.9833527
            ],
            [
              -83.0260545,
              39.9834696
            ],
            [
              -83.0261503,
              39.9838213
            ],
            [
              -83.0338756,
              39.9841485
            ],
            [
              -83.0378182,
              39.9843206
            ],
            [
              -83.0385965,
              39.9845647
            ],
            [
              -83.0387649,
              39.9844283
            ],
            [
              -83.0386707,
              39.9843577
            ],
            [
              -83.0424408,
              39.9845264
            ],
            [
              -83.0444569,
              39.9846137
            ],
            [
              -83.0476399,
              39.9847514
            ],
            [
              -83.0476093,
              39.9851549
            ],
            [
              -83.0488175,
              39.9852085
            ],
            [
              -83.0488051,
              39.9853734
            ],
            [
              -83.0478124,
              39.9853316
            ],
            [
              -83.0475679,
              39.9884893
            ],
            [
              -83.0487517,
              39.9885401
            ],
            [
              -83.0489539,
              39.9857609
            ],
            [
              -83.0491321,
              39.9857673
            ],
            [
              -83.0491737,
              39.9852243
            ],
            [
              -83.0490678,
              39.9852194
            ],
            [
              -83.0490977,
              39.984815
            ],
            [
              -83.0502493,
              39.9848671
            ],
            [
              -83.0514969,
              39.984923
            ],
            [
              -83.0521349,
              39.9849487
            ],
            [
              -83.0521362,
              39.9849291
            ],
            [
              -83.0526762,
              39.9849513
            ],
            [
              -83.0528563,
              39.9849458
            ],
            [
              -83.0533974,
              39.9849667
            ],
            [
              -83.0533283,
              39.9859832
            ],
            [
              -83.0549272,
              39.9860539
            ],
            [
              -83.0547006,
              39.9892391
            ],
            [
              -83.0551165,
              39.9892554
            ],
            [
              -83.0552394,
              39.9892604
            ],
            [
              -83.0553217,
              39.9892634
            ],
            [
              -83.0553581,
              39.9892648
            ],
            [
              -83.0556729,
              39.9892772
            ],
            [
              -83.0558188,
              39.9892829
            ],
            [
              -83.0559456,
              39.9892879
            ],
            [
              -83.056301,
              39.989301
            ],
            [
              -83.0568522,
              39.9893232
            ]
          ]
        ]
      },
      "id": "relation/181862"
    },
    {
      "type": "Feature",
      "properties": {
        "@id": "relation/181876",
        "admin_level": "8",
        "border_type": "city",
        "boundary": "administrative",
        "gnis:feature_id": "1086116",
        "name": "Upper Arlington",
        "place": "city",
        "source": "TIGER/Line® 2008 Place Shapefiles (http://www.census.gov/geo/www/tiger/)",
        "type": "boundary",
        "wikidata": "Q1924921",
        "wikipedia": "en:Upper Arlington, Ohio"
      },
      "geometry": {
        "type": "Polygon",
        "coordinates": [
          [
            [
              -83.0478356,
              40.0074083
            ],
            [
              -83.0475869,
              40.0113555
            ],
            [
              -83.0474192,
              40.0140179
            ],
            [
              -83.0475264,
              40.0140213
            ],
            [
              -83.0472181,
              40.0189877
            ],
            [
              -83.0470181,
              40.0218324
            ],
            [
              -83.0468985,
              40.0235191
            ],
            [
              -83.0435925,
              40.0233616
            ],
            [
              -83.0425401,
              40.0233114
            ],
            [
              -83.0466034,
              40.0278866
            ],
            [
              -83.0465508,
              40.028747
            ],
            [
              -83.0464429,
              40.0305128
            ],
            [
              -83.0458114,
              40.0408433
            ],
            [
              -83.0493009,
              40.0409512
            ],
            [
              -83.0492885,
              40.0411707
            ],
            [
              -83.0505279,
              40.0412117
            ],
            [
              -83.0497688,
              40.0491718
            ],
            [
              -83.0596255,
              40.0494443
            ],
            [
              -83.0594841,
              40.0517237
            ],
            [
              -83.061595,
              40.0517746
            ],
            [
              -83.0653665,
              40.0532426
            ],
            [
              -83.065371,
              40.0534798
            ],
            [
              -83.066463,
              40.0536732
            ],
            [
              -83.0671529,
              40.0539391
            ],
            [
              -83.0671531,
              40.0538717
            ],
            [
              -83.0699153,
              40.054935
            ],
            [
              -83.0699222,
              40.0549262
            ],
            [
              -83.0712692,
              40.0554534
            ],
            [
              -83.0714252,
              40.0554784
            ],
            [
              -83.0716311,
              40.0555967
            ],
            [
              -83.0731082,
              40.0561592
            ],
            [
              -83.0730843,
              40.0561948
            ],
            [
              -83.0739182,
              40.0565309
            ],
            [
              -83.0757497,
              40.0572277
            ],
            [
              -83.0788648,
              40.0584283
            ],
            [
              -83.0792622,
              40.0585402
            ],
            [
              -83.080012,
              40.0588719
            ],
            [
              -83.0813406,
              40.0593842
            ],
            [
              -83.0813275,
              40.0594225
            ],
            [
              -83.0819726,
              40.0596703
            ],
            [
              -83.0822143,
              40.0597514
            ],
            [
              -83.0824825,
              40.0598207
            ],
            [
              -83.0827081,
              40.0598641
            ],
            [
              -83.0829097,
              40.0598965
            ],
            [
              -83.0829808,
              40.0599021
            ],
            [
              -83.0884358,
              40.0603571
            ],
            [
              -83.0935112,
              40.0607687
            ],
            [
              -83.0934608,
              40.0621758
            ],
            [
              -83.0934956,
              40.0621797
            ],
            [
              -83.0934836,
              40.0635994
            ],
            [
              -83.0952207,
              40.0636884
            ],
            [
              -83.0952379,
              40.0630801
            ],
            [
              -83.1018753,
              40.0634218
            ],
            [
              -83.102375,
              40.0653726
            ],
            [
              -83.1043916,
              40.0654808
            ],
            [
              -83.104516,
              40.065376
            ],
            [
              -83.103713,
              40.062849
            ],
            [
              -83.102993,
              40.061301
            ],
            [
              -83.102957,
              40.06124
            ],
            [
              -83.102269,
              40.060359
            ],
            [
              -83.101534,
              40.059273
            ],
            [
              -83.097888,
              40.055589
            ],
            [
              -83.097653,
              40.055352
            ],
            [
              -83.096512,
              40.054039
            ],
            [
              -83.096086,
              40.053171
            ],
            [
              -83.096041,
              40.053014
            ],
            [
              -83.095912,
              40.052651
            ],
            [
              -83.095842,
              40.052064
            ],
            [
              -83.09583,
              40.051999
            ],
            [
              -83.095804,
              40.051827
            ],
            [
              -83.095752,
              40.051686
            ],
            [
              -83.09561,
              40.050872
            ],
            [
              -83.095487,
              40.049912
            ],
            [
              -83.095138,
              40.047876
            ],
            [
              -83.094747,
              40.044825
            ],
            [
              -83.094802,
              40.042849
            ],
            [
              -83.094647,
              40.040873
            ],
            [
              -83.09433,
              40.039347
            ],
            [
              -83.0940054,
              40.0379207
            ],
            [
              -83.093647,
              40.036346
            ],
            [
              -83.09351,
              40.035921
            ],
            [
              -83.093353,
              40.034953
            ],
            [
              -83.093116,
              40.033985
            ],
            [
              -83.092782,
              40.032095
            ],
            [
              -83.092127,
              40.030006
            ],
            [
              -83.091621,
              40.025973
            ],
            [
              -83.092267,
              40.022458
            ],
            [
              -83.092362,
              40.021215
            ],
            [
              -83.092426,
              40.020072
            ],
            [
              -83.092415,
              40.019931
            ],
            [
              -83.091711,
              40.018309
            ],
            [
              -83.091243,
              40.017381
            ],
            [
              -83.090907,
              40.016489
            ],
            [
              -83.09087,
              40.016255
            ],
            [
              -83.090508,
              40.014422
            ],
            [
              -83.09035,
              40.014075
            ],
            [
              -83.090143,
              40.013687
            ],
            [
              -83.08997,
              40.013383
            ],
            [
              -83.0868909,
              40.0091731
            ],
            [
              -83.086226,
              40.008264
            ],
            [
              -83.083937,
              40.006948
            ],
            [
              -83.083841,
              40.00701
            ],
            [
              -83.083666,
              40.006911
            ],
            [
              -83.083056,
              40.006568
            ],
            [
              -83.082988,
              40.006529
            ],
            [
              -83.082252,
              40.006105
            ],
            [
              -83.082197,
              40.006058
            ],
            [
              -83.0821057,
              40.0060134
            ],
            [
              -83.0818372,
              40.0058455
            ],
            [
              -83.0815684,
              40.0056366
            ],
            [
              -83.0812921,
              40.0053563
            ],
            [
              -83.081087,
              40.005121
            ],
            [
              -83.080996,
              40.005017
            ],
            [
              -83.080845,
              40.004844
            ],
            [
              -83.0807583,
              40.0047552
            ],
            [
              -83.0807094,
              40.0047051
            ],
            [
              -83.080597,
              40.00459
            ],
            [
              -83.0804749,
              40.0044472
            ],
            [
              -83.080415,
              40.004377
            ],
            [
              -83.08006,
              40.003945
            ],
            [
              -83.079075,
              40.002819
            ],
            [
              -83.078833,
              40.002553
            ],
            [
              -83.077944,
              40.001554
            ],
            [
              -83.077775,
              40.0013615
            ],
            [
              -83.0774675,
              40.0010112
            ],
            [
              -83.077348,
              40.000875
            ],
            [
              -83.077694,
              40.000723
            ],
            [
              -83.077951,
              40.000613
            ],
            [
              -83.077815,
              40.000385
            ],
            [
              -83.07823,
              40.00022
            ],
            [
              -83.077463,
              39.998911
            ],
            [
              -83.0771569,
              39.9990577
            ],
            [
              -83.076835,
              39.999212
            ],
            [
              -83.076494,
              39.999302
            ],
            [
              -83.0763988,
              39.9993164
            ],
            [
              -83.076322,
              39.999328
            ],
            [
              -83.076163,
              39.999378
            ],
            [
              -83.076062,
              39.999315
            ],
            [
              -83.075916,
              39.999097
            ],
            [
              -83.0758096,
              39.9989837
            ],
            [
              -83.075746,
              39.998916
            ],
            [
              -83.075376,
              39.998522
            ],
            [
              -83.0753377,
              39.9984812
            ],
            [
              -83.0750931,
              39.9982209
            ],
            [
              -83.073803,
              39.996848
            ],
            [
              -83.073176,
              39.996269
            ],
            [
              -83.072693,
              39.995784
            ],
            [
              -83.071466,
              39.994612
            ],
            [
              -83.071084,
              39.994351
            ],
            [
              -83.070018,
              39.993483
            ],
            [
              -83.069568,
              39.993145
            ],
            [
              -83.06913,
              39.992839
            ],
            [
              -83.068661,
              39.99226
            ],
            [
              -83.0680519,
              39.9912024
            ],
            [
              -83.0678778,
              39.9911878
            ],
            [
              -83.0675362,
              39.991142
            ],
            [
              -83.0672832,
              39.9910993
            ],
            [
              -83.0670337,
              39.9910426
            ],
            [
              -83.06677,
              39.9909727
            ],
            [
              -83.0665521,
              39.9909043
            ],
            [
              -83.0663152,
              39.9908197
            ],
            [
              -83.0661011,
              39.9907324
            ],
            [
              -83.0659607,
              39.9906696
            ],
            [
              -83.0657212,
              39.990551
            ],
            [
              -83.0655285,
              39.9904428
            ],
            [
              -83.0653109,
              39.9903095
            ],
            [
              -83.0650953,
              39.990157
            ],
            [
              -83.065021,
              39.990099
            ],
            [
              -83.0648891,
              39.9899959
            ],
            [
              -83.0647222,
              39.9898487
            ],
            [
              -83.0647128,
              39.9898404
            ],
            [
              -83.064574,
              39.9897066
            ],
            [
              -83.0644962,
              39.9896218
            ],
            [
              -83.0640086,
              39.9896026
            ],
            [
              -83.0629873,
              39.9895628
            ],
            [
              -83.0629135,
              39.98956
            ],
            [
              -83.0627502,
              39.9895536
            ],
            [
              -83.0626039,
              39.9895479
            ],
            [
              -83.0623142,
              39.9895366
            ],
            [
              -83.0620622,
              39.9895268
            ],
            [
              -83.0619116,
              39.9895209
            ],
            [
              -83.0614127,
              39.9895014
            ],
            [
              -83.0612156,
              39.9894937
            ],
            [
              -83.0605899,
              39.9894691
            ],
            [
              -83.0602688,
              39.9894565
            ],
            [
              -83.0601272,
              39.989451
            ],
            [
              -83.0600041,
              39.9894462
            ],
            [
              -83.0595577,
              39.9894288
            ],
            [
              -83.0592474,
              39.9894167
            ],
            [
              -83.0592039,
              39.989415
            ],
            [
              -83.0591694,
              39.9894136
            ],
            [
              -83.0587446,
              39.989397
            ],
            [
              -83.0583004,
              39.9893797
            ],
            [
              -83.0577896,
              39.9893597
            ],
            [
              -83.0576647,
              39.9893548
            ],
            [
              -83.0575449,
              39.9893501
            ],
            [
              -83.0569872,
              39.9893284
            ],
            [
              -83.0568522,
              39.9893232
            ],
            [
              -83.056301,
              39.989301
            ],
            [
              -83.0559456,
              39.9892879
            ],
            [
              -83.0559175,
              39.9897423
            ],
            [
              -83.0558578,
              39.9907004
            ],
            [
              -83.0558049,
              39.9915619
            ],
            [
              -83.0557821,
              39.9919332
            ],
            [
              -83.0557647,
              39.9920982
            ],
            [
              -83.0555622,
              39.9926399
            ],
            [
              -83.0487518,
              39.9923752
            ],
            [
              -83.0484285,
              39.9977452
            ],
            [
              -83.0483756,
              39.9978534
            ],
            [
              -83.0483503,
              39.9979063
            ],
            [
              -83.0482786,
              39.9980347
            ],
            [
              -83.0481917,
              39.9981888
            ],
            [
              -83.0481491,
              39.9982784
            ],
            [
              -83.0481199,
              39.9983686
            ],
            [
              -83.0480851,
              39.9985332
            ],
            [
              -83.0477957,
              39.9986845
            ],
            [
              -83.0475054,
              39.9986554
            ],
            [
              -83.0474726,
              39.9988479
            ],
            [
              -83.0477271,
              39.9988728
            ],
            [
              -83.0479668,
              39.9991087
            ],
            [
              -83.0482004,
              39.9995859
            ],
            [
              -83.0482654,
              39.999897
            ],
            [
              -83.0482854,
              40.0000854
            ],
            [
              -83.0479121,
              40.0061361
            ],
            [
              -83.0470776,
              40.006098
            ],
            [
              -83.0448915,
              40.0060024
            ],
            [
              -83.0448457,
              40.0068499
            ],
            [
              -83.0448302,
              40.0071649
            ],
            [
              -83.045064,
              40.0071693
            ],
            [
              -83.0452986,
              40.0071707
            ],
            [
              -83.0454388,
              40.0071687
            ],
            [
              -83.0456572,
              40.0071628
            ],
            [
              -83.0459735,
              40.0071434
            ],
            [
              -83.0461423,
              40.0071288
            ],
            [
              -83.0465122,
              40.0070945
            ],
            [
              -83.0465149,
              40.0070581
            ],
            [
              -83.0478579,
              40.007025
            ],
            [
              -83.0478356,
              40.0074083
            ]
          ]
        ]
      },
      "id": "relation/181876"
    },
    {
      "type": "Feature",
      "properties": {
        "@id": "relation/182497",
        "admin_level": "8",
        "border_type": "city",
        "boundary": "administrative",
        "gnis:feature_id": "1086097",
        "name": "Bexley",
        "place": "city",
        "source": "TIGER/Line® 2008 Place Shapefiles (http://www.census.gov/geo/www/tiger/)",
        "type": "boundary",
        "wikidata": "Q1857734",
        "wikipedia": "en:Bexley, Ohio"
      },
      "geometry": {
        "type": "Polygon",
        "coordinates": [
          [
            [
              -82.9424631,
              39.9688503
            ],
            [
              -82.9428463,
              39.9642982
            ],
            [
              -82.9429643,
              39.9628969
            ],
            [
              -82.9429737,
              39.9627847
            ],
            [
              -82.9429822,
              39.9626839
            ],
            [
              -82.9438201,
              39.9627279
            ],
            [
              -82.9447162,
              39.9627699
            ],
            [
              -82.94572,
              39.962817
            ],
            [
              -82.9468197,
              39.9628698
            ],
            [
              -82.9467767,
              39.9628028
            ],
            [
              -82.9465682,
              39.9625125
            ],
            [
              -82.9464662,
              39.962304
            ],
            [
              -82.9462798,
              39.9620649
            ],
            [
              -82.9460914,
              39.961852
            ],
            [
              -82.9458702,
              39.9616741
            ],
            [
              -82.9454485,
              39.9613592
            ],
            [
              -82.9450511,
              39.9610146
            ],
            [
              -82.9447068,
              39.9606075
            ],
            [
              -82.9445459,
              39.9603396
            ],
            [
              -82.9444993,
              39.9600702
            ],
            [
              -82.9444974,
              39.960062
            ],
            [
              -82.944428,
              39.9593033
            ],
            [
              -82.943497,
              39.9581447
            ],
            [
              -82.943185,
              39.9574126
            ],
            [
              -82.9431834,
              39.9574032
            ],
            [
              -82.9432071,
              39.957205
            ],
            [
              -82.9432081,
              39.9571973
            ],
            [
              -82.9431998,
              39.9571379
            ],
            [
              -82.9431869,
              39.9570786
            ],
            [
              -82.94317,
              39.9570209
            ],
            [
              -82.9431547,
              39.9569829
            ],
            [
              -82.9431445,
              39.9569452
            ],
            [
              -82.9431394,
              39.9569058
            ],
            [
              -82.9431393,
              39.9568772
            ],
            [
              -82.943135,
              39.9568492
            ],
            [
              -82.9431204,
              39.956798
            ],
            [
              -82.9431177,
              39.9567718
            ],
            [
              -82.9431194,
              39.9567475
            ],
            [
              -82.943126,
              39.9567225
            ],
            [
              -82.9431286,
              39.9566853
            ],
            [
              -82.9431243,
              39.956648
            ],
            [
              -82.9431133,
              39.9566106
            ],
            [
              -82.9430745,
              39.9565398
            ],
            [
              -82.9430607,
              39.9565046
            ],
            [
              -82.9430319,
              39.9564032
            ],
            [
              -82.9430188,
              39.9563364
            ],
            [
              -82.9430114,
              39.9562751
            ],
            [
              -82.9430091,
              39.9562072
            ],
            [
              -82.9430132,
              39.9560872
            ],
            [
              -82.9430068,
              39.9559747
            ],
            [
              -82.9429667,
              39.9557726
            ],
            [
              -82.9428834,
              39.9553687
            ],
            [
              -82.9428077,
              39.9553046
            ],
            [
              -82.9428283,
              39.9544924
            ],
            [
              -82.9428206,
              39.9544146
            ],
            [
              -82.9428076,
              39.9543364
            ],
            [
              -82.9428261,
              39.9541848
            ],
            [
              -82.9428464,
              39.9538775
            ],
            [
              -82.942845,
              39.953729
            ],
            [
              -82.9429663,
              39.9533846
            ],
            [
              -82.9430561,
              39.953077
            ],
            [
              -82.9430844,
              39.9528172
            ],
            [
              -82.9426712,
              39.9512435
            ],
            [
              -82.942614,
              39.9507842
            ],
            [
              -82.9428654,
              39.9497315
            ],
            [
              -82.9428434,
              39.949402
            ],
            [
              -82.942626,
              39.9483846
            ],
            [
              -82.9382423,
              39.9481766
            ],
            [
              -82.9339196,
              39.947967
            ],
            [
              -82.9252656,
              39.9474876
            ],
            [
              -82.9252331,
              39.947957
            ],
            [
              -82.9251035,
              39.9496181
            ],
            [
              -82.924894,
              39.9520775
            ],
            [
              -82.9246525,
              39.95479
            ],
            [
              -82.9245428,
              39.9563026
            ],
            [
              -82.9245266,
              39.9564547
            ],
            [
              -82.9245143,
              39.9566601
            ],
            [
              -82.9245078,
              39.9567346
            ],
            [
              -82.9244732,
              39.9568419
            ],
            [
              -82.9244266,
              39.9572377
            ],
            [
              -82.9244103,
              39.9574401
            ],
            [
              -82.9243918,
              39.957669
            ],
            [
              -82.9243683,
              39.957959
            ],
            [
              -82.924324,
              39.958447
            ],
            [
              -82.924283,
              39.9589021
            ],
            [
              -82.9242025,
              39.9598318
            ],
            [
              -82.924124,
              39.9608023
            ],
            [
              -82.924049,
              39.9617323
            ],
            [
              -82.924027,
              39.961981
            ],
            [
              -82.92401,
              39.9622002
            ],
            [
              -82.924002,
              39.962304
            ],
            [
              -82.9238686,
              39.9638722
            ],
            [
              -82.9238617,
              39.9639682
            ],
            [
              -82.923783,
              39.9649393
            ],
            [
              -82.9236895,
              39.9659378
            ],
            [
              -82.9236802,
              39.9660389
            ],
            [
              -82.9236106,
              39.9668124
            ],
            [
              -82.9235683,
              39.9672814
            ],
            [
              -82.923469,
              39.9685088
            ],
            [
              -82.9233517,
              39.9697528
            ],
            [
              -82.9233142,
              39.9701849
            ],
            [
              -82.923279,
              39.9705914
            ],
            [
              -82.923249,
              39.970937
            ],
            [
              -82.9232358,
              39.97108
            ],
            [
              -82.9232274,
              39.9711713
            ],
            [
              -82.9232137,
              39.9713582
            ],
            [
              -82.9232027,
              39.9715074
            ],
            [
              -82.9231904,
              39.9716507
            ],
            [
              -82.923058,
              39.973263
            ],
            [
              -82.922817,
              39.976095
            ],
            [
              -82.922766,
              39.9767179
            ],
            [
              -82.9229257,
              39.9767266
            ],
            [
              -82.9252321,
              39.9768516
            ],
            [
              -82.9265334,
              39.9769219
            ],
            [
              -82.9264387,
              39.9780997
            ],
            [
              -82.9262669,
              39.9799664
            ],
            [
              -82.9262607,
              39.9800385
            ],
            [
              -82.9269247,
              39.9800723
            ],
            [
              -82.9268676,
              39.9807986
            ],
            [
              -82.9267522,
              39.9822677
            ],
            [
              -82.9268832,
              39.9822586
            ],
            [
              -82.9318623,
              39.9819119
            ],
            [
              -82.9319832,
              39.9818783
            ],
            [
              -82.9321292,
              39.9818367
            ],
            [
              -82.940515,
              39.9812705
            ],
            [
              -82.9408819,
              39.980755
            ],
            [
              -82.9415557,
              39.9802391
            ],
            [
              -82.9420308,
              39.9797468
            ],
            [
              -82.9426322,
              39.978963
            ],
            [
              -82.9435354,
              39.9780726
            ],
            [
              -82.9444533,
              39.9771944
            ],
            [
              -82.9452513,
              39.9766107
            ],
            [
              -82.9454084,
              39.9764288
            ],
            [
              -82.9453939,
              39.9758346
            ],
            [
              -82.9452503,
              39.9752485
            ],
            [
              -82.9451778,
              39.9750633
            ],
            [
              -82.9451518,
              39.9750088
            ],
            [
              -82.945063,
              39.9748254
            ],
            [
              -82.9450298,
              39.9747425
            ],
            [
              -82.9449892,
              39.9746594
            ],
            [
              -82.944943,
              39.9745827
            ],
            [
              -82.9448154,
              39.9742739
            ],
            [
              -82.9447859,
              39.9741474
            ],
            [
              -82.9447928,
              39.9740111
            ],
            [
              -82.9448771,
              39.9737961
            ],
            [
              -82.9449344,
              39.9737197
            ],
            [
              -82.9450146,
              39.9736127
            ],
            [
              -82.9452719,
              39.9734035
            ],
            [
              -82.9456314,
              39.9731988
            ],
            [
              -82.9460011,
              39.9730511
            ],
            [
              -82.946432,
              39.9728331
            ],
            [
              -82.9466948,
              39.9726808
            ],
            [
              -82.9470052,
              39.972439
            ],
            [
              -82.9473684,
              39.9721413
            ],
            [
              -82.9475316,
              39.9719374
            ],
            [
              -82.947787,
              39.9715246
            ],
            [
              -82.9478496,
              39.9714308
            ],
            [
              -82.94791,
              39.9713428
            ],
            [
              -82.9484379,
              39.9707822
            ],
            [
              -82.9489629,
              39.9701893
            ],
            [
              -82.9491517,
              39.9699317
            ],
            [
              -82.9494315,
              39.9691466
            ],
            [
              -82.9497955,
              39.9683039
            ],
            [
              -82.9499496,
              39.9680029
            ],
            [
              -82.9497995,
              39.9680198
            ],
            [
              -82.9495731,
              39.9680452
            ],
            [
              -82.9493053,
              39.9680757
            ],
            [
              -82.9490641,
              39.968103
            ],
            [
              -82.9490419,
              39.9681055
            ],
            [
              -82.9483695,
              39.9681817
            ],
            [
              -82.9482288,
              39.968198
            ],
            [
              -82.9478252,
              39.9682435
            ],
            [
              -82.9474848,
              39.9682819
            ],
            [
              -82.9468663,
              39.9683519
            ],
            [
              -82.9461324,
              39.9684349
            ],
            [
              -82.9456522,
              39.9684892
            ],
            [
              -82.9450993,
              39.9685518
            ],
            [
              -82.9450107,
              39.9685618
            ],
            [
              -82.9449122,
              39.968573
            ],
            [
              -82.9446856,
              39.9685989
            ],
            [
              -82.9441645,
              39.9686579
            ],
            [
              -82.9434647,
              39.9687371
            ],
            [
              -82.9433304,
              39.9687523
            ],
            [
              -82.9427363,
              39.9688194
            ],
            [
              -82.9425765,
              39.9688375
            ],
            [
              -82.9424631,
              39.9688503
            ]
          ]
        ]
      },
      "id": "relation/182497"
    },
    {
      "type": "Feature",
      "properties": {
        "@id": "relation/182701",
        "admin_level": "8",
        "border_type": "city",
        "boundary": "administrative",
        "gnis:feature_id": "2394565",
        "name": "Dublin",
        "place": "city",
        "source": "TIGER/Line® 2008 Place Shapefiles (http://www.census.gov/geo/www/tiger/)",
        "type": "boundary",
        "wikidata": "Q988937",
        "wikipedia": "en:Dublin, Ohio"
      },
      "geometry": {
        "type": "Polygon",
        "coordinates": [
          [
            [
              -83.1659264,
              40.0632173
            ],
            [
              -83.1612708,
              40.0636322
            ],
            [
              -83.1610723,
              40.0636493
            ],
            [
              -83.1611084,
              40.0638576
            ],
            [
              -83.1605177,
              40.0663061
            ],
            [
              -83.1605877,
              40.0663022
            ],
            [
              -83.1613354,
              40.0662717
            ],
            [
              -83.1618595,
              40.0699108
            ],
            [
              -83.1621736,
              40.0720792
            ],
            [
              -83.158875,
              40.0723331
            ],
            [
              -83.1585057,
              40.0738408
            ],
            [
              -83.1580885,
              40.0737762
            ],
            [
              -83.1528421,
              40.0741516
            ],
            [
              -83.1527163,
              40.072815
            ],
            [
              -83.1498953,
              40.0730185
            ],
            [
              -83.1499054,
              40.0731011
            ],
            [
              -83.1496936,
              40.0731192
            ],
            [
              -83.1496641,
              40.0729581
            ],
            [
              -83.1481611,
              40.0730775
            ],
            [
              -83.1481724,
              40.0731766
            ],
            [
              -83.1466837,
              40.0735564
            ],
            [
              -83.1464043,
              40.0719785
            ],
            [
              -83.1447857,
              40.072107
            ],
            [
              -83.1443087,
              40.0685748
            ],
            [
              -83.1442583,
              40.0685788
            ],
            [
              -83.1441594,
              40.0678716
            ],
            [
              -83.1392762,
              40.0682865
            ],
            [
              -83.1412027,
              40.0750333
            ],
            [
              -83.1429729,
              40.0748922
            ],
            [
              -83.1431471,
              40.0762063
            ],
            [
              -83.1432414,
              40.0769179
            ],
            [
              -83.1435474,
              40.0792258
            ],
            [
              -83.1388096,
              40.0796025
            ],
            [
              -83.1386099,
              40.0812143
            ],
            [
              -83.1377252,
              40.0812989
            ],
            [
              -83.1366493,
              40.0813704
            ],
            [
              -83.1358038,
              40.0783322
            ],
            [
              -83.1356208,
              40.0783657
            ],
            [
              -83.1344049,
              40.0785739
            ],
            [
              -83.1326424,
              40.0786418
            ],
            [
              -83.1313775,
              40.0786909
            ],
            [
              -83.1314823,
              40.0784084
            ],
            [
              -83.1315046,
              40.0782287
            ],
            [
              -83.1315133,
              40.0780741
            ],
            [
              -83.1314822,
              40.0778592
            ],
            [
              -83.1314235,
              40.0776495
            ],
            [
              -83.1313577,
              40.0775067
            ],
            [
              -83.1312772,
              40.0773738
            ],
            [
              -83.1311565,
              40.0771926
            ],
            [
              -83.1310555,
              40.0769981
            ],
            [
              -83.1309963,
              40.0768186
            ],
            [
              -83.1309368,
              40.0765521
            ],
            [
              -83.1309399,
              40.0765051
            ],
            [
              -83.1309683,
              40.0764669
            ],
            [
              -83.1309993,
              40.0764483
            ],
            [
              -83.131034,
              40.076438
            ],
            [
              -83.1281101,
              40.0768409
            ],
            [
              -83.1267646,
              40.0770222
            ],
            [
              -83.1257536,
              40.0771577
            ],
            [
              -83.1257668,
              40.0772065
            ],
            [
              -83.1231052,
              40.0775781
            ],
            [
              -83.1226655,
              40.0776389
            ],
            [
              -83.1224544,
              40.0769088
            ],
            [
              -83.1221582,
              40.0758824
            ],
            [
              -83.1219317,
              40.0751022
            ],
            [
              -83.1219134,
              40.075045
            ],
            [
              -83.1218383,
              40.0747792
            ],
            [
              -83.1200758,
              40.0750307
            ],
            [
              -83.1194192,
              40.0751256
            ],
            [
              -83.1188543,
              40.0752062
            ],
            [
              -83.1136001,
              40.075946
            ],
            [
              -83.1133891,
              40.0738863
            ],
            [
              -83.1132615,
              40.0727382
            ],
            [
              -83.1131853,
              40.0719853
            ],
            [
              -83.1129165,
              40.0695049
            ],
            [
              -83.1129313,
              40.0693213
            ],
            [
              -83.1129568,
              40.0692393
            ],
            [
              -83.1129998,
              40.0691484
            ],
            [
              -83.113063,
              40.0690537
            ],
            [
              -83.1131491,
              40.0689612
            ],
            [
              -83.1132473,
              40.0688793
            ],
            [
              -83.113282,
              40.0688676
            ],
            [
              -83.1131084,
              40.068721
            ],
            [
              -83.112887,
              40.0684987
            ],
            [
              -83.1127342,
              40.0682929
            ],
            [
              -83.1125856,
              40.0680587
            ],
            [
              -83.1124747,
              40.0678094
            ],
            [
              -83.112416,
              40.0676991
            ],
            [
              -83.1123445,
              40.0676883
            ],
            [
              -83.1122826,
              40.067674
            ],
            [
              -83.1122175,
              40.06767
            ],
            [
              -83.1108204,
              40.0677722
            ],
            [
              -83.1081347,
              40.068195
            ],
            [
              -83.1089718,
              40.070356
            ],
            [
              -83.1103175,
              40.072285
            ],
            [
              -83.1109107,
              40.0735529
            ],
            [
              -83.1112895,
              40.0753639
            ],
            [
              -83.111537,
              40.0762504
            ],
            [
              -83.1115664,
              40.0763707
            ],
            [
              -83.1120351,
              40.0789535
            ],
            [
              -83.112539,
              40.0788776
            ],
            [
              -83.1128607,
              40.0803604
            ],
            [
              -83.1136143,
              40.0838263
            ],
            [
              -83.1138064,
              40.0838618
            ],
            [
              -83.1139825,
              40.0837558
            ],
            [
              -83.1141602,
              40.0837475
            ],
            [
              -83.1143411,
              40.0837596
            ],
            [
              -83.1145133,
              40.0837916
            ],
            [
              -83.1146865,
              40.0837882
            ],
            [
              -83.1148493,
              40.0838394
            ],
            [
              -83.1150096,
              40.0839069
            ],
            [
              -83.1152499,
              40.0838726
            ],
            [
              -83.115263,
              40.0839665
            ],
            [
              -83.1152716,
              40.0840928
            ],
            [
              -83.1152674,
              40.0843421
            ],
            [
              -83.1152632,
              40.0843853
            ],
            [
              -83.1150006,
              40.08623
            ],
            [
              -83.116192,
              40.0861395
            ],
            [
              -83.1209998,
              40.085775
            ],
            [
              -83.1210037,
              40.0858007
            ],
            [
              -83.1220856,
              40.0857287
            ],
            [
              -83.1225147,
              40.0857815
            ],
            [
              -83.1226478,
              40.0865976
            ],
            [
              -83.1228593,
              40.0878815
            ],
            [
              -83.1229152,
              40.0881611
            ],
            [
              -83.1229975,
              40.0884547
            ],
            [
              -83.1196892,
              40.0885034
            ],
            [
              -83.1195371,
              40.0899606
            ],
            [
              -83.1164836,
              40.0898765
            ],
            [
              -83.115418,
              40.0898503
            ],
            [
              -83.1144711,
              40.0898361
            ],
            [
              -83.1144541,
              40.0898725
            ],
            [
              -83.1143577,
              40.0898371
            ],
            [
              -83.1144056,
              40.089737
            ],
            [
              -83.1144639,
              40.0892296
            ],
            [
              -83.1136802,
              40.0889204
            ],
            [
              -83.1135339,
              40.0892418
            ],
            [
              -83.113433,
              40.0893659
            ],
            [
              -83.1127773,
              40.0900365
            ],
            [
              -83.1133776,
              40.090219
            ],
            [
              -83.1132486,
              40.0906834
            ],
            [
              -83.113969,
              40.0908981
            ],
            [
              -83.1139496,
              40.0909416
            ],
            [
              -83.1138075,
              40.0912603
            ],
            [
              -83.1136445,
              40.0916261
            ],
            [
              -83.113224,
              40.0925676
            ],
            [
              -83.1128947,
              40.0923653
            ],
            [
              -83.1125836,
              40.0920594
            ],
            [
              -83.1125413,
              40.0918267
            ],
            [
              -83.112236,
              40.0917066
            ],
            [
              -83.1120552,
              40.0914832
            ],
            [
              -83.1115885,
              40.0913204
            ],
            [
              -83.1109651,
              40.0936482
            ],
            [
              -83.1087103,
              40.0934606
            ],
            [
              -83.1089275,
              40.0926166
            ],
            [
              -83.1083635,
              40.0928292
            ],
            [
              -83.1082902,
              40.0932095
            ],
            [
              -83.1082469,
              40.0936192
            ],
            [
              -83.1082145,
              40.0945569
            ],
            [
              -83.1079217,
              40.0945423
            ],
            [
              -83.1071833,
              40.0945107
            ],
            [
              -83.1055963,
              40.0942682
            ],
            [
              -83.1035638,
              40.094169
            ],
            [
              -83.1035636,
              40.0941826
            ],
            [
              -83.1011946,
              40.0941208
            ],
            [
              -83.0986217,
              40.0939953
            ],
            [
              -83.0932835,
              40.0937807
            ],
            [
              -83.0921962,
              40.093745
            ],
            [
              -83.0917931,
              40.0937208
            ],
            [
              -83.0915711,
              40.0983418
            ],
            [
              -83.0913942,
              40.102008
            ],
            [
              -83.091302,
              40.102005
            ],
            [
              -83.0912281,
              40.1039517
            ],
            [
              -83.0910753,
              40.1072596
            ],
            [
              -83.0910584,
              40.1072589
            ],
            [
              -83.090966,
              40.1087827
            ],
            [
              -83.0909458,
              40.1091168
            ],
            [
              -83.0907291,
              40.1126899
            ],
            [
              -83.0907985,
              40.1126923
            ],
            [
              -83.0907509,
              40.1136063
            ],
            [
              -83.0905643,
              40.1174599
            ],
            [
              -83.0903554,
              40.1216104
            ],
            [
              -83.0902845,
              40.1229989
            ],
            [
              -83.0902628,
              40.1234142
            ],
            [
              -83.0901497,
              40.1255752
            ],
            [
              -83.0900801,
              40.1255725
            ],
            [
              -83.0899717,
              40.1277111
            ],
            [
              -83.0893875,
              40.1392007
            ],
            [
              -83.099904,
              40.1395351
            ],
            [
              -83.103353,
              40.1396447
            ],
            [
              -83.1054451,
              40.1397113
            ],
            [
              -83.1099174,
              40.1398534
            ],
            [
              -83.112598,
              40.1399391
            ],
            [
              -83.1184492,
              40.1401243
            ],
            [
              -83.1187019,
              40.1401325
            ],
            [
              -83.1192203,
              40.1401479
            ],
            [
              -83.1195195,
              40.1401642
            ],
            [
              -83.1201063,
              40.1401942
            ],
            [
              -83.120161,
              40.140262
            ],
            [
              -83.120215,
              40.140419
            ],
            [
              -83.120278,
              40.140506
            ],
            [
              -83.120216,
              40.140556
            ],
            [
              -83.12034,
              40.140682
            ],
            [
              -83.120293,
              40.140743
            ],
            [
              -83.120233,
              40.140769
            ],
            [
              -83.12021,
              40.140811
            ],
            [
              -83.12021,
              40.140865
            ],
            [
              -83.120165,
              40.140869
            ],
            [
              -83.120165,
              40.140911
            ],
            [
              -83.120211,
              40.140949
            ],
            [
              -83.120227,
              40.140998
            ],
            [
              -83.120242,
              40.141048
            ],
            [
              -83.120228,
              40.141166
            ],
            [
              -83.120236,
              40.141292
            ],
            [
              -83.120268,
              40.141391
            ],
            [
              -83.120237,
              40.141525
            ],
            [
              -83.120255,
              40.141693
            ],
            [
              -83.120239,
              40.141815
            ],
            [
              -83.12031,
              40.142005
            ],
            [
              -83.12041,
              40.142211
            ],
            [
              -83.120565,
              40.142436
            ],
            [
              -83.120712,
              40.142597
            ],
            [
              -83.120811,
              40.142673
            ],
            [
              -83.121063,
              40.14286
            ],
            [
              -83.122352,
              40.143535
            ],
            [
              -83.122558,
              40.143802
            ],
            [
              -83.122746,
              40.144151
            ],
            [
              -83.122825,
              40.144298
            ],
            [
              -83.122919,
              40.144271
            ],
            [
              -83.123645,
              40.144064
            ],
            [
              -83.124123,
              40.143927
            ],
            [
              -83.124136,
              40.143923
            ],
            [
              -83.124536,
              40.143813
            ],
            [
              -83.124922,
              40.144573
            ],
            [
              -83.125313,
              40.14447
            ],
            [
              -83.125352,
              40.144458
            ],
            [
              -83.125608,
              40.145039
            ],
            [
              -83.125746,
              40.145306
            ],
            [
              -83.126382,
              40.145131
            ],
            [
              -83.12696,
              40.145358
            ],
            [
              -83.126824,
              40.145779
            ],
            [
              -83.126983,
              40.145896
            ],
            [
              -83.127067,
              40.146015
            ],
            [
              -83.127584,
              40.145908
            ],
            [
              -83.128094,
              40.145775
            ],
            [
              -83.128193,
              40.14602
            ],
            [
              -83.128254,
              40.146185
            ],
            [
              -83.129373,
              40.145896
            ],
            [
              -83.129477,
              40.145869
            ],
            [
              -83.129816,
              40.14669
            ],
            [
              -83.1299837,
              40.1470971
            ],
            [
              -83.130003,
              40.147144
            ],
            [
              -83.130059,
              40.14728
            ],
            [
              -83.130103,
              40.1473879
            ],
            [
              -83.13051,
              40.148385
            ],
            [
              -83.1306066,
              40.1486223
            ],
            [
              -83.130622,
              40.14866
            ],
            [
              -83.130526,
              40.14868
            ],
            [
              -83.1294,
              40.148979
            ],
            [
              -83.128892,
              40.149113
            ],
            [
              -83.128389,
              40.149245
            ],
            [
              -83.127877,
              40.14938
            ],
            [
              -83.127383,
              40.149511
            ],
            [
              -83.126897,
              40.149638
            ],
            [
              -83.126174,
              40.149828
            ],
            [
              -83.125884,
              40.149912
            ],
            [
              -83.125746,
              40.149936
            ],
            [
              -83.125655,
              40.149952
            ],
            [
              -83.125284,
              40.15006
            ],
            [
              -83.12502,
              40.150127
            ],
            [
              -83.125149,
              40.150527
            ],
            [
              -83.125212,
              40.150781
            ],
            [
              -83.125469,
              40.150717
            ],
            [
              -83.126107,
              40.150553
            ],
            [
              -83.1275244,
              40.1521512
            ],
            [
              -83.1281423,
              40.1528479
            ],
            [
              -83.128483,
              40.153232
            ],
            [
              -83.128562,
              40.153323
            ],
            [
              -83.128692,
              40.153678
            ],
            [
              -83.128821,
              40.153663
            ],
            [
              -83.128941,
              40.153653
            ],
            [
              -83.129098,
              40.153646
            ],
            [
              -83.129219,
              40.153646
            ],
            [
              -83.129416,
              40.153656
            ],
            [
              -83.129651,
              40.153683
            ],
            [
              -83.129432,
              40.153099
            ],
            [
              -83.132005,
              40.152448
            ],
            [
              -83.132138,
              40.152413
            ],
            [
              -83.132742,
              40.153982
            ],
            [
              -83.132776,
              40.15407
            ],
            [
              -83.132793,
              40.15412
            ],
            [
              -83.132833,
              40.154229
            ],
            [
              -83.133018,
              40.154717
            ],
            [
              -83.133203,
              40.155204
            ],
            [
              -83.13339,
              40.155697
            ],
            [
              -83.133617,
              40.156295
            ],
            [
              -83.1340089,
              40.1562028
            ],
            [
              -83.1346675,
              40.1560479
            ],
            [
              -83.1387864,
              40.1550791
            ],
            [
              -83.139939,
              40.154808
            ],
            [
              -83.14038,
              40.157329
            ],
            [
              -83.1407721,
              40.15937
            ],
            [
              -83.1407646,
              40.1595409
            ],
            [
              -83.1406133,
              40.1597954
            ],
            [
              -83.1408078,
              40.1604026
            ],
            [
              -83.143936,
              40.159748
            ],
            [
              -83.144304,
              40.159689
            ],
            [
              -83.1445968,
              40.1596145
            ],
            [
              -83.14815,
              40.158867
            ],
            [
              -83.148136,
              40.158791
            ],
            [
              -83.148044,
              40.158302
            ],
            [
              -83.147998,
              40.158057
            ],
            [
              -83.147953,
              40.157813
            ],
            [
              -83.147904,
              40.157551
            ],
            [
              -83.147855,
              40.157288
            ],
            [
              -83.147811,
              40.157052
            ],
            [
              -83.147752,
              40.156739
            ],
            [
              -83.147687,
              40.156391
            ],
            [
              -83.147657,
              40.15623
            ],
            [
              -83.147537,
              40.155593
            ],
            [
              -83.1474956,
              40.1553632
            ],
            [
              -83.147392,
              40.154788
            ],
            [
              -83.147286,
              40.154219
            ],
            [
              -83.147085,
              40.153129
            ],
            [
              -83.148006,
              40.15292
            ],
            [
              -83.148491,
              40.152809
            ],
            [
              -83.149037,
              40.152683
            ],
            [
              -83.149625,
              40.152546
            ],
            [
              -83.150376,
              40.152376
            ],
            [
              -83.15094,
              40.152248
            ],
            [
              -83.151009,
              40.152233
            ],
            [
              -83.151169,
              40.152198
            ],
            [
              -83.151684,
              40.152083
            ],
            [
              -83.152538,
              40.151894
            ],
            [
              -83.152643,
              40.151873
            ],
            [
              -83.152657,
              40.151963
            ],
            [
              -83.152763,
              40.152536
            ],
            [
              -83.164642,
              40.151416
            ],
            [
              -83.165702,
              40.151313
            ],
            [
              -83.165113,
              40.147316
            ],
            [
              -83.1651019,
              40.147239
            ],
            [
              -83.165092,
              40.147171
            ],
            [
              -83.165201,
              40.147234
            ],
            [
              -83.165595,
              40.147472
            ],
            [
              -83.166047,
              40.147719
            ],
            [
              -83.166461,
              40.147946
            ],
            [
              -83.166551,
              40.147995
            ],
            [
              -83.166946,
              40.14821
            ],
            [
              -83.167281,
              40.148391
            ],
            [
              -83.167695,
              40.148616
            ],
            [
              -83.167942,
              40.148751
            ],
            [
              -83.16832,
              40.148956
            ],
            [
              -83.168821,
              40.149227
            ],
            [
              -83.169268,
              40.149469
            ],
            [
              -83.169493,
              40.149593
            ],
            [
              -83.169691,
              40.149702
            ],
            [
              -83.169909,
              40.149822
            ],
            [
              -83.1702736,
              40.1500281
            ],
            [
              -83.1702754,
              40.1501461
            ],
            [
              -83.1702738,
              40.1502933
            ],
            [
              -83.170665,
              40.150492
            ],
            [
              -83.172656,
              40.151546
            ],
            [
              -83.172985,
              40.151795
            ],
            [
              -83.173209,
              40.152012
            ],
            [
              -83.17335,
              40.1521833
            ],
            [
              -83.1735088,
              40.1524796
            ],
            [
              -83.1735975,
              40.152808
            ],
            [
              -83.1736489,
              40.1532256
            ],
            [
              -83.173761,
              40.1538145
            ],
            [
              -83.1737143,
              40.1538181
            ],
            [
              -83.1739384,
              40.1553101
            ],
            [
              -83.1741579,
              40.1569341
            ],
            [
              -83.1742093,
              40.1569341
            ],
            [
              -83.1744848,
              40.158658
            ],
            [
              -83.1744288,
              40.1588007
            ],
            [
              -83.1745315,
              40.1593754
            ],
            [
              -83.1750265,
              40.1622555
            ],
            [
              -83.175156,
              40.163156
            ],
            [
              -83.175178,
              40.163273
            ],
            [
              -83.175286,
              40.163268
            ],
            [
              -83.175389,
              40.163263
            ],
            [
              -83.175367,
              40.163135
            ],
            [
              -83.1752227,
              40.1620771
            ],
            [
              -83.1765256,
              40.1612027
            ],
            [
              -83.176549,
              40.1615739
            ],
            [
              -83.1762968,
              40.1618451
            ],
            [
              -83.1762968,
              40.1629586
            ],
            [
              -83.177058,
              40.1629051
            ],
            [
              -83.1769926,
              40.1610314
            ],
            [
              -83.17802,
              40.1608494
            ],
            [
              -83.1782229,
              40.1627998
            ],
            [
              -83.1791969,
              40.1626981
            ],
            [
              -83.1825779,
              40.1624126
            ],
            [
              -83.1824332,
              40.1614561
            ],
            [
              -83.1820431,
              40.1589659
            ],
            [
              -83.1818342,
              40.1579786
            ],
            [
              -83.183841,
              40.1578488
            ],
            [
              -83.1837954,
              40.1575639
            ],
            [
              -83.18482,
              40.1574717
            ],
            [
              -83.1848012,
              40.1573753
            ],
            [
              -83.1830873,
              40.1575229
            ],
            [
              -83.1830014,
              40.1571076
            ],
            [
              -83.1849548,
              40.1569616
            ],
            [
              -83.1848993,
              40.1565518
            ],
            [
              -83.1850842,
              40.1564482
            ],
            [
              -83.1850534,
              40.1561374
            ],
            [
              -83.1848673,
              40.1559878
            ],
            [
              -83.1845488,
              40.153978
            ],
            [
              -83.1844816,
              40.1539888
            ],
            [
              -83.1840021,
              40.1509704
            ],
            [
              -83.1839812,
              40.1508388
            ],
            [
              -83.1832519,
              40.1483428
            ],
            [
              -83.1819455,
              40.143871
            ],
            [
              -83.1813519,
              40.1417949
            ],
            [
              -83.1806812,
              40.1394875
            ],
            [
              -83.1804472,
              40.1386717
            ],
            [
              -83.1802562,
              40.1380008
            ],
            [
              -83.1858448,
              40.1375005
            ],
            [
              -83.1856152,
              40.1358633
            ],
            [
              -83.185014,
              40.1355739
            ],
            [
              -83.179773,
              40.1359241
            ],
            [
              -83.1793775,
              40.1334937
            ],
            [
              -83.1795291,
              40.1334101
            ],
            [
              -83.1796606,
              40.1332204
            ],
            [
              -83.181391,
              40.133928
            ],
            [
              -83.181521,
              40.133981
            ],
            [
              -83.181578,
              40.134009
            ],
            [
              -83.183603,
              40.134789
            ],
            [
              -83.1843005,
              40.1350414
            ],
            [
              -83.1841836,
              40.133988
            ],
            [
              -83.1841483,
              40.1336696
            ],
            [
              -83.1834944,
              40.1283883
            ],
            [
              -83.1800526,
              40.1286677
            ],
            [
              -83.1801315,
              40.1293153
            ],
            [
              -83.1787678,
              40.1294277
            ],
            [
              -83.178691,
              40.129434
            ],
            [
              -83.178582,
              40.129426
            ],
            [
              -83.178351,
              40.127816
            ],
            [
              -83.178273,
              40.127278
            ],
            [
              -83.177977,
              40.125235
            ],
            [
              -83.1778583,
              40.1240232
            ],
            [
              -83.1776743,
              40.1210896
            ],
            [
              -83.1776524,
              40.1208826
            ],
            [
              -83.1776131,
              40.120512
            ],
            [
              -83.1775771,
              40.1201408
            ],
            [
              -83.1775286,
              40.1196814
            ],
            [
              -83.1774731,
              40.1190661
            ],
            [
              -83.1774672,
              40.1189978
            ],
            [
              -83.1773065,
              40.1189994
            ],
            [
              -83.1772749,
              40.1185813
            ],
            [
              -83.177211,
              40.117796
            ],
            [
              -83.1771043,
              40.1168841
            ],
            [
              -83.1769601,
              40.1156519
            ],
            [
              -83.1768898,
              40.1150817
            ],
            [
              -83.1768122,
              40.1143252
            ],
            [
              -83.1765105,
              40.1113839
            ],
            [
              -83.1764138,
              40.111057
            ],
            [
              -83.1761484,
              40.1105318
            ],
            [
              -83.1760622,
              40.1100365
            ],
            [
              -83.1760592,
              40.1095392
            ],
            [
              -83.176059,
              40.109344
            ],
            [
              -83.176219,
              40.109382
            ],
            [
              -83.1765484,
              40.1094366
            ],
            [
              -83.1768324,
              40.1094827
            ],
            [
              -83.1770028,
              40.1095162
            ],
            [
              -83.178792,
              40.109716
            ],
            [
              -83.179829,
              40.109836
            ],
            [
              -83.1808323,
              40.1099548
            ],
            [
              -83.181194,
              40.109997
            ],
            [
              -83.181971,
              40.110088
            ],
            [
              -83.1822306,
              40.1101129
            ],
            [
              -83.182133,
              40.110224
            ],
            [
              -83.182409,
              40.110403
            ],
            [
              -83.183896,
              40.109976
            ],
            [
              -83.184139,
              40.109913
            ],
            [
              -83.18458,
              40.109778
            ],
            [
              -83.184889,
              40.10967
            ],
            [
              -83.187426,
              40.1088198
            ],
            [
              -83.1914038,
              40.107526
            ],
            [
              -83.1915915,
              40.1074688
            ],
            [
              -83.191695,
              40.1074353
            ],
            [
              -83.1909778,
              40.1074353
            ],
            [
              -83.1909417,
              40.1072954
            ],
            [
              -83.1911695,
              40.1071868
            ],
            [
              -83.1909467,
              40.1059516
            ],
            [
              -83.1906321,
              40.1045285
            ],
            [
              -83.1884733,
              40.0980722
            ],
            [
              -83.1885828,
              40.0980626
            ],
            [
              -83.1894078,
              40.097988
            ],
            [
              -83.1894724,
              40.0981835
            ],
            [
              -83.1911024,
              40.0980458
            ],
            [
              -83.1913056,
              40.099756
            ],
            [
              -83.193128,
              40.0995994
            ],
            [
              -83.1951516,
              40.0994407
            ],
            [
              -83.1958195,
              40.1050318
            ],
            [
              -83.1944008,
              40.1043808
            ],
            [
              -83.1943204,
              40.1044646
            ],
            [
              -83.1942041,
              40.104559
            ],
            [
              -83.1940677,
              40.1046359
            ],
            [
              -83.1953077,
              40.1056192
            ],
            [
              -83.1933625,
              40.1057644
            ],
            [
              -83.1935076,
              40.1068958
            ],
            [
              -83.1948142,
              40.1065869
            ],
            [
              -83.1959713,
              40.1063581
            ],
            [
              -83.1965186,
              40.1062753
            ],
            [
              -83.1974472,
              40.1061785
            ],
            [
              -83.2022501,
              40.1058809
            ],
            [
              -83.2068194,
              40.1056768
            ],
            [
              -83.2071958,
              40.1014186
            ],
            [
              -83.204112,
              40.0986045
            ],
            [
              -83.2013444,
              40.0989615
            ],
            [
              -83.201146,
              40.0989886
            ],
            [
              -83.2007242,
              40.0953868
            ],
            [
              -83.1979586,
              40.0928338
            ],
            [
              -83.1979181,
              40.0928579
            ],
            [
              -83.1969556,
              40.0919924
            ],
            [
              -83.1951163,
              40.0921622
            ],
            [
              -83.1952076,
              40.0928379
            ],
            [
              -83.1906067,
              40.0931993
            ],
            [
              -83.1905986,
              40.0931461
            ],
            [
              -83.1876091,
              40.0933877
            ],
            [
              -83.1870538,
              40.0931402
            ],
            [
              -83.186925,
              40.0927783
            ],
            [
              -83.1865735,
              40.0900611
            ],
            [
              -83.1947655,
              40.0894029
            ],
            [
              -83.1944501,
              40.0869707
            ],
            [
              -83.1996169,
              40.0864953
            ],
            [
              -83.1981238,
              40.0748814
            ],
            [
              -83.1980217,
              40.0748797
            ],
            [
              -83.1969035,
              40.0665553
            ],
            [
              -83.1917964,
              40.0669682
            ],
            [
              -83.1919859,
              40.0682991
            ],
            [
              -83.1883008,
              40.0686015
            ],
            [
              -83.1880797,
              40.0672073
            ],
            [
              -83.1855059,
              40.0673669
            ],
            [
              -83.1855292,
              40.06838
            ],
            [
              -83.1854513,
              40.0704162
            ],
            [
              -83.1839814,
              40.0705305
            ],
            [
              -83.1835396,
              40.0674871
            ],
            [
              -83.1832854,
              40.0675008
            ],
            [
              -83.1833722,
              40.068101
            ],
            [
              -83.1754271,
              40.0687609
            ],
            [
              -83.1754866,
              40.0693596
            ],
            [
              -83.168811,
              40.0699476
            ],
            [
              -83.1684441,
              40.0672829
            ],
            [
              -83.1701507,
              40.067114
            ],
            [
              -83.1659264,
              40.0632173
            ]
          ],
          [
            [
              -83.1804209,
              40.1393956
            ],
            [
              -83.1805917,
              40.1401944
            ],
            [
              -83.1789736,
              40.1403498
            ],
            [
              -83.1788557,
              40.1395324
            ],
            [
              -83.1804209,
              40.1393956
            ]
          ],
          [
            [
              -83.1147844,
              40.1088377
            ],
            [
              -83.1123651,
              40.1091466
            ],
            [
              -83.1123747,
              40.1085833
            ],
            [
              -83.1121267,
              40.1079508
            ],
            [
              -83.1120113,
              40.1075831
            ],
            [
              -83.1119247,
              40.1071948
            ],
            [
              -83.1118767,
              40.1067874
            ],
            [
              -83.1118632,
              40.1063946
            ],
            [
              -83.1118882,
              40.1060357
            ],
            [
              -83.1119324,
              40.105671
            ],
            [
              -83.1119882,
              40.1054856
            ],
            [
              -83.1120827,
              40.1053493
            ],
            [
              -83.1120205,
              40.1043835
            ],
            [
              -83.1118093,
              40.1035992
            ],
            [
              -83.1117951,
              40.1034787
            ],
            [
              -83.1117895,
              40.1033998
            ],
            [
              -83.1117803,
              40.1033641
            ],
            [
              -83.1147431,
              40.1034949
            ],
            [
              -83.1148989,
              40.1074678
            ],
            [
              -83.1148508,
              40.1080355
            ],
            [
              -83.1125566,
              40.1079517
            ],
            [
              -83.1125989,
              40.1084929
            ],
            [
              -83.1129777,
              40.1085032
            ],
            [
              -83.1148277,
              40.1082723
            ],
            [
              -83.1147844,
              40.1088377
            ]
          ],
          [
            [
              -83.1155897,
              40.1123097
            ],
            [
              -83.1127349,
              40.1123792
            ],
            [
              -83.112744,
              40.112275
            ],
            [
              -83.1129765,
              40.1106014
            ],
            [
              -83.1124885,
              40.1104996
            ],
            [
              -83.1127629,
              40.1102772
            ],
            [
              -83.1127041,
              40.1101751
            ],
            [
              -83.112563,
              40.109849
            ],
            [
              -83.1124935,
              40.1095932
            ],
            [
              -83.1146929,
              40.1096464
            ],
            [
              -83.1147949,
              40.1100798
            ],
            [
              -83.1148735,
              40.1104056
            ],
            [
              -83.1151286,
              40.1111522
            ],
            [
              -83.1155897,
              40.1123097
            ]
          ],
          [
            [
              -83.1158051,
              40.1128391
            ],
            [
              -83.1127018,
              40.1129651
            ],
            [
              -83.1127206,
              40.1126468
            ],
            [
              -83.1156942,
              40.1125689
            ],
            [
              -83.1158051,
              40.1128391
            ]
          ],
          [
            [
              -83.1929017,
              40.0752552
            ],
            [
              -83.1919091,
              40.0753301
            ],
            [
              -83.1917461,
              40.0741389
            ],
            [
              -83.1927482,
              40.0740687
            ],
            [
              -83.1929017,
              40.0752552
            ]
          ],
          [
            [
              -83.1803037,
              40.1389274
            ],
            [
              -83.180316,
              40.1389886
            ],
            [
              -83.175944,
              40.1393537
            ],
            [
              -83.1761381,
              40.1405479
            ],
            [
              -83.1745082,
              40.1406868
            ],
            [
              -83.1743079,
              40.1394243
            ],
            [
              -83.1757912,
              40.1393014
            ],
            [
              -83.1760583,
              40.1392792
            ],
            [
              -83.1761242,
              40.1392738
            ],
            [
              -83.1802617,
              40.1389649
            ],
            [
              -83.1803037,
              40.1389274
            ]
          ],
          [
            [
              -83.1751573,
              40.1616952
            ],
            [
              -83.1748538,
              40.1597073
            ],
            [
              -83.1751287,
              40.159691
            ],
            [
              -83.1754562,
              40.1596716
            ],
            [
              -83.1755216,
              40.1602426
            ],
            [
              -83.1759605,
              40.160207
            ],
            [
              -83.1760586,
              40.1608137
            ],
            [
              -83.1758671,
              40.1611849
            ],
            [
              -83.1755262,
              40.1615596
            ],
            [
              -83.1751573,
              40.1616952
            ]
          ],
          [
            [
              -83.1747323,
              40.1587828
            ],
            [
              -83.1745876,
              40.1579227
            ],
            [
              -83.1779827,
              40.1576765
            ],
            [
              -83.1780901,
              40.1584403
            ],
            [
              -83.1756477,
              40.1586437
            ],
            [
              -83.1757084,
              40.1590434
            ],
            [
              -83.1747744,
              40.159122
            ],
            [
              -83.1747323,
              40.1587828
            ]
          ],
          [
            [
              -83.1749051,
              40.1510518
            ],
            [
              -83.1760586,
              40.150934
            ],
            [
              -83.1758998,
              40.1501344
            ],
            [
              -83.1770393,
              40.1500166
            ],
            [
              -83.1767965,
              40.1486423
            ],
            [
              -83.1792015,
              40.1484317
            ],
            [
              -83.1797853,
              40.1513052
            ],
            [
              -83.17504,
              40.151726
            ],
            [
              -83.1749051,
              40.1510518
            ]
          ],
          [
            [
              -83.1747452,
              40.1510719
            ],
            [
              -83.1748724,
              40.151755
            ],
            [
              -83.1740365,
              40.1518371
            ],
            [
              -83.1735462,
              40.1518728
            ],
            [
              -83.1731819,
              40.1517122
            ],
            [
              -83.173041,
              40.151583
            ],
            [
              -83.172792,
              40.151397
            ],
            [
              -83.1713279,
              40.1505771
            ],
            [
              -83.171956,
              40.150045
            ],
            [
              -83.17422,
              40.1481314
            ],
            [
              -83.1743541,
              40.1489708
            ],
            [
              -83.1747452,
              40.1510719
            ]
          ],
          [
            [
              -83.1320442,
              40.1146067
            ],
            [
              -83.1319092,
              40.1163494
            ],
            [
              -83.1288609,
              40.1162344
            ],
            [
              -83.1287576,
              40.1166899
            ],
            [
              -83.1296055,
              40.1168648
            ],
            [
              -83.1299704,
              40.1169873
            ],
            [
              -83.131852,
              40.117089
            ],
            [
              -83.131759,
              40.1182948
            ],
            [
              -83.1317434,
              40.1184966
            ],
            [
              -83.1318021,
              40.1185081
            ],
            [
              -83.1322392,
              40.1186272
            ],
            [
              -83.1324351,
              40.1187039
            ],
            [
              -83.1326746,
              40.1188415
            ],
            [
              -83.1340431,
              40.1202153
            ],
            [
              -83.1342555,
              40.1205318
            ],
            [
              -83.1348277,
              40.1210212
            ],
            [
              -83.1343845,
              40.1215001
            ],
            [
              -83.1293654,
              40.1217649
            ],
            [
              -83.1293249,
              40.1180258
            ],
            [
              -83.1279505,
              40.1177593
            ],
            [
              -83.1272908,
              40.1147278
            ],
            [
              -83.1277125,
              40.1147174
            ],
            [
              -83.1320442,
              40.1146067
            ]
          ],
          [
            [
              -83.1734059,
              40.0998563
            ],
            [
              -83.1741915,
              40.1002864
            ],
            [
              -83.1748855,
              40.1007065
            ],
            [
              -83.1755172,
              40.101144
            ],
            [
              -83.1755587,
              40.1015679
            ],
            [
              -83.1754834,
              40.1016178
            ],
            [
              -83.1755562,
              40.1023481
            ],
            [
              -83.1754377,
              40.1024285
            ],
            [
              -83.175903,
              40.1028331
            ],
            [
              -83.1763361,
              40.1028058
            ],
            [
              -83.1765637,
              40.1030849
            ],
            [
              -83.175217,
              40.1031633
            ],
            [
              -83.1748827,
              40.1028646
            ],
            [
              -83.1743452,
              40.102427
            ],
            [
              -83.1737919,
              40.1020201
            ],
            [
              -83.1732249,
              40.1016643
            ],
            [
              -83.1726694,
              40.1013492
            ],
            [
              -83.1720855,
              40.1010515
            ],
            [
              -83.1717882,
              40.1009074
            ],
            [
              -83.1714341,
              40.1007589
            ],
            [
              -83.1713434,
              40.1000136
            ],
            [
              -83.1734059,
              40.0998563
            ]
          ],
          [
            [
              -83.1734395,
              40.0945767
            ],
            [
              -83.1736036,
              40.0960403
            ],
            [
              -83.1723237,
              40.0963404
            ],
            [
              -83.1721422,
              40.0946612
            ],
            [
              -83.1731941,
              40.0945931
            ],
            [
              -83.1734395,
              40.0945767
            ]
          ],
          [
            [
              -83.1827113,
              40.0938982
            ],
            [
              -83.1836076,
              40.0938261
            ],
            [
              -83.18376,
              40.0951885
            ],
            [
              -83.1828683,
              40.095259
            ],
            [
              -83.1827113,
              40.0938982
            ]
          ],
          [
            [
              -83.1788092,
              40.09421
            ],
            [
              -83.1792805,
              40.0986046
            ],
            [
              -83.1832113,
              40.0983738
            ],
            [
              -83.1833533,
              40.0995878
            ],
            [
              -83.1785824,
              40.0998793
            ],
            [
              -83.1788709,
              40.102621
            ],
            [
              -83.1763361,
              40.1028058
            ],
            [
              -83.1760797,
              40.1024868
            ],
            [
              -83.1758376,
              40.1020433
            ],
            [
              -83.1758034,
              40.1019332
            ],
            [
              -83.1757479,
              40.1011584
            ],
            [
              -83.175666,
              40.1011626
            ],
            [
              -83.1751159,
              40.0960119
            ],
            [
              -83.1752277,
              40.0960048
            ],
            [
              -83.1750657,
              40.0945137
            ],
            [
              -83.1751139,
              40.0944702
            ],
            [
              -83.1769355,
              40.0943549
            ],
            [
              -83.1769326,
              40.0943245
            ],
            [
              -83.1788092,
              40.09421
            ]
          ],
          [
            [
              -83.1787924,
              40.0940484
            ],
            [
              -83.1786213,
              40.0924069
            ],
            [
              -83.1827538,
              40.0920996
            ],
            [
              -83.1828708,
              40.0930479
            ],
            [
              -83.1848698,
              40.0928898
            ],
            [
              -83.1849692,
              40.0935718
            ],
            [
              -83.182926,
              40.093749
            ],
            [
              -83.1829245,
              40.0937323
            ],
            [
              -83.1787924,
              40.0940484
            ]
          ],
          [
            [
              -83.187237,
              40.0939234
            ],
            [
              -83.1873881,
              40.0936885
            ],
            [
              -83.1905817,
              40.0934374
            ],
            [
              -83.1910564,
              40.0975771
            ],
            [
              -83.188593,
              40.0977771
            ],
            [
              -83.1879875,
              40.0959494
            ],
            [
              -83.1873559,
              40.0943442
            ],
            [
              -83.187237,
              40.0939234
            ]
          ],
          [
            [
              -83.1968963,
              40.0755928
            ],
            [
              -83.1968399,
              40.075131
            ],
            [
              -83.1979282,
              40.0750544
            ],
            [
              -83.1979852,
              40.0755152
            ],
            [
              -83.1968963,
              40.0755928
            ]
          ],
          [
            [
              -83.1850768,
              40.078647
            ],
            [
              -83.184911,
              40.0774268
            ],
            [
              -83.1849561,
              40.0774224
            ],
            [
              -83.1847695,
              40.0760779
            ],
            [
              -83.1888305,
              40.075759
            ],
            [
              -83.1891571,
              40.0782892
            ],
            [
              -83.1850768,
              40.078647
            ]
          ],
          [
            [
              -83.1847773,
              40.0780169
            ],
            [
              -83.1851337,
              40.0806862
            ],
            [
              -83.1819081,
              40.0777046
            ],
            [
              -83.1806447,
              40.0778184
            ],
            [
              -83.1801928,
              40.077859
            ],
            [
              -83.1796033,
              40.0779121
            ],
            [
              -83.1794891,
              40.0779224
            ],
            [
              -83.1794096,
              40.0774209
            ],
            [
              -83.1786933,
              40.0774755
            ],
            [
              -83.1781049,
              40.0775204
            ],
            [
              -83.1781694,
              40.0779325
            ],
            [
              -83.1769057,
              40.0780295
            ],
            [
              -83.1767542,
              40.0770396
            ],
            [
              -83.1784859,
              40.0768872
            ],
            [
              -83.1784815,
              40.0768574
            ],
            [
              -83.1784383,
              40.076591
            ],
            [
              -83.1782674,
              40.0755136
            ],
            [
              -83.1789613,
              40.0754581
            ],
            [
              -83.1791716,
              40.0754476
            ],
            [
              -83.1793597,
              40.0754221
            ],
            [
              -83.1794619,
              40.0754107
            ],
            [
              -83.1807521,
              40.0752983
            ],
            [
              -83.1843418,
              40.0749877
            ],
            [
              -83.1844471,
              40.0757107
            ],
            [
              -83.1844161,
              40.0757127
            ],
            [
              -83.1845268,
              40.0765031
            ],
            [
              -83.1845623,
              40.0765014
            ],
            [
              -83.1846934,
              40.0774105
            ],
            [
              -83.1846648,
              40.0774134
            ],
            [
              -83.1847469,
              40.0780195
            ],
            [
              -83.1847773,
              40.0780169
            ]
          ],
          [
            [
              -83.1845487,
              40.0748448
            ],
            [
              -83.1866925,
              40.0746692
            ],
            [
              -83.1868414,
              40.0757365
            ],
            [
              -83.1847024,
              40.0759063
            ],
            [
              -83.1845487,
              40.0748448
            ]
          ],
          [
            [
              -83.188293,
              40.0730567
            ],
            [
              -83.1843443,
              40.0733876
            ],
            [
              -83.183958,
              40.0707019
            ],
            [
              -83.1879092,
              40.0703561
            ],
            [
              -83.188293,
              40.0730567
            ]
          ],
          [
            [
              -83.1836949,
              40.0703344
            ],
            [
              -83.1840145,
              40.0726217
            ],
            [
              -83.1802655,
              40.0729657
            ],
            [
              -83.1799241,
              40.0706541
            ],
            [
              -83.1836949,
              40.0703344
            ]
          ],
          [
            [
              -83.1768245,
              40.1324873
            ],
            [
              -83.17613,
              40.132292
            ],
            [
              -83.173852,
              40.131592
            ],
            [
              -83.173422,
              40.131474
            ],
            [
              -83.172908,
              40.131357
            ],
            [
              -83.172077,
              40.131229
            ],
            [
              -83.1720745,
              40.1311454
            ],
            [
              -83.172003,
              40.1287968
            ],
            [
              -83.171855,
              40.1275474
            ],
            [
              -83.1749841,
              40.1276021
            ],
            [
              -83.1754472,
              40.1312907
            ],
            [
              -83.1788077,
              40.1310253
            ],
            [
              -83.1789901,
              40.1328607
            ],
            [
              -83.1789123,
              40.1328546
            ],
            [
              -83.1787245,
              40.1329345
            ],
            [
              -83.1784134,
              40.1328566
            ],
            [
              -83.177912,
              40.132781
            ],
            [
              -83.177211,
              40.132596
            ],
            [
              -83.1768245,
              40.1324873
            ]
          ]
        ]
      },
      "id": "relation/182701"
    },
    {
      "type": "Feature",
      "properties": {
        "@id": "relation/19344551",
        "name": "Downtown Canton",
        "place": "neighbourhood",
        "type": "multipolygon"
      },
      "geometry": {
        "type": "Polygon",
        "coordinates": [
          [
            [
              -81.376131,
              40.805671
            ],
            [
              -81.376107,
              40.805573
            ],
            [
              -81.376105,
              40.805538
            ],
            [
              -81.37612,
              40.805449
            ],
            [
              -81.376175,
              40.805274
            ],
            [
              -81.376217,
              40.8051559
            ],
            [
              -81.376229,
              40.805122
            ],
            [
              -81.3763281,
              40.804845
            ],
            [
              -81.376454,
              40.804493
            ],
            [
              -81.376621,
              40.8040251
            ],
            [
              -81.376641,
              40.803969
            ],
            [
              -81.3766918,
              40.8038208
            ],
            [
              -81.3767498,
              40.8036514
            ],
            [
              -81.3768757,
              40.8032839
            ],
            [
              -81.376952,
              40.803061
            ],
            [
              -81.3771,
              40.802648
            ],
            [
              -81.377342,
              40.801958
            ],
            [
              -81.3775875,
              40.8012441
            ],
            [
              -81.3776818,
              40.8009784
            ],
            [
              -81.377825,
              40.800575
            ],
            [
              -81.3778376,
              40.8005385
            ],
            [
              -81.3779303,
              40.8002693
            ],
            [
              -81.378003,
              40.800058
            ],
            [
              -81.378066,
              40.799888
            ],
            [
              -81.3780927,
              40.7998142
            ],
            [
              -81.3782868,
              40.7992767
            ],
            [
              -81.3783234,
              40.7991754
            ],
            [
              -81.3782316,
              40.7991569
            ],
            [
              -81.3779252,
              40.799095
            ],
            [
              -81.3776316,
              40.7990357
            ],
            [
              -81.3774315,
              40.7989932
            ],
            [
              -81.3770035,
              40.7989058
            ],
            [
              -81.3768785,
              40.7988803
            ],
            [
              -81.3766458,
              40.7988327
            ],
            [
              -81.3765424,
              40.7988116
            ],
            [
              -81.3764444,
              40.7987916
            ],
            [
              -81.3761052,
              40.7987223
            ],
            [
              -81.3756586,
              40.7986311
            ],
            [
              -81.3749676,
              40.7984899
            ],
            [
              -81.374875,
              40.798471
            ],
            [
              -81.374589,
              40.798415
            ],
            [
              -81.3745311,
              40.7984034
            ],
            [
              -81.3740301,
              40.7983032
            ],
            [
              -81.373799,
              40.798257
            ],
            [
              -81.3734524,
              40.7981864
            ],
            [
              -81.3730435,
              40.7981031
            ],
            [
              -81.372925,
              40.798079
            ],
            [
              -81.3728941,
              40.7981644
            ],
            [
              -81.3727263,
              40.7986276
            ],
            [
              -81.372665,
              40.798797
            ],
            [
              -81.372421,
              40.7994882
            ],
            [
              -81.372176,
              40.800178
            ],
            [
              -81.3720901,
              40.8004241
            ],
            [
              -81.372062,
              40.8005011
            ],
            [
              -81.371928,
              40.800881
            ],
            [
              -81.371732,
              40.801405
            ],
            [
              -81.37167,
              40.801551
            ],
            [
              -81.3715133,
              40.8019796
            ],
            [
              -81.371424,
              40.802224
            ],
            [
              -81.3713917,
              40.802315
            ],
            [
              -81.371319,
              40.80252
            ],
            [
              -81.3712236,
              40.8027859
            ],
            [
              -81.37121,
              40.802824
            ],
            [
              -81.371103,
              40.803122
            ],
            [
              -81.3708506,
              40.8038154
            ],
            [
              -81.3707093,
              40.8042034
            ],
            [
              -81.370554,
              40.80463
            ],
            [
              -81.370493,
              40.804818
            ],
            [
              -81.370449,
              40.804984
            ],
            [
              -81.3704106,
              40.8051879
            ],
            [
              -81.3703547,
              40.8054843
            ],
            [
              -81.3702989,
              40.8057804
            ],
            [
              -81.370242,
              40.806082
            ],
            [
              -81.3701973,
              40.8063161
            ],
            [
              -81.370183,
              40.806391
            ],
            [
              -81.3701411,
              40.8066073
            ],
            [
              -81.370121,
              40.806711
            ],
            [
              -81.370058,
              40.807034
            ],
            [
              -81.369987,
              40.807405
            ],
            [
              -81.36994,
              40.807656
            ],
            [
              -81.3697924,
              40.808423
            ],
            [
              -81.369766,
              40.80856
            ],
            [
              -81.36966,
              40.809086
            ],
            [
              -81.3701506,
              40.809101
            ],
            [
              -81.3703717,
              40.8091078
            ],
            [
              -81.370542,
              40.809113
            ],
            [
              -81.3706965,
              40.8091162
            ],
            [
              -81.3707219,
              40.8091167
            ],
            [
              -81.3708061,
              40.8091185
            ],
            [
              -81.3710906,
              40.809124
            ],
            [
              -81.3714194,
              40.8091304
            ],
            [
              -81.3714947,
              40.8091319
            ],
            [
              -81.3715435,
              40.8091329
            ],
            [
              -81.3719748,
              40.8091413
            ],
            [
              -81.3720201,
              40.8091426
            ],
            [
              -81.3724449,
              40.809155
            ],
            [
              -81.372722,
              40.809163
            ],
            [
              -81.372832,
              40.809167
            ],
            [
              -81.3735056,
              40.8091913
            ],
            [
              -81.3738529,
              40.8092019
            ],
            [
              -81.374124,
              40.809213
            ],
            [
              -81.374422,
              40.809224
            ],
            [
              -81.375168,
              40.809251
            ],
            [
              -81.376115,
              40.809282
            ],
            [
              -81.376559,
              40.809306
            ],
            [
              -81.3767856,
              40.8093131
            ],
            [
              -81.3770424,
              40.8093198
            ],
            [
              -81.377133,
              40.809322
            ],
            [
              -81.3773608,
              40.8093279
            ],
            [
              -81.3774966,
              40.8093318
            ],
            [
              -81.377864,
              40.809341
            ],
            [
              -81.377859,
              40.809193
            ],
            [
              -81.3778568,
              40.8091792
            ],
            [
              -81.377845,
              40.809105
            ],
            [
              -81.377821,
              40.809018
            ],
            [
              -81.3777808,
              40.8089099
            ],
            [
              -81.377773,
              40.808889
            ],
            [
              -81.377725,
              40.808784
            ],
            [
              -81.377656,
              40.808634
            ],
            [
              -81.377449,
              40.808228
            ],
            [
              -81.3773597,
              40.8080543
            ],
            [
              -81.377282,
              40.807903
            ],
            [
              -81.377108,
              40.80757
            ],
            [
              -81.376911,
              40.807177
            ],
            [
              -81.376739,
              40.806849
            ],
            [
              -81.376511,
              40.806415
            ],
            [
              -81.376172,
              40.805763
            ],
            [
              -81.376131,
              40.805671
            ]
          ]
        ]
      },
      "id": "relation/19344551"
    },
    {
      "type": "Feature",
      "properties": {
        "@id": "way/191423032",
        "landuse": "commercial",
        "name": "Downtown",
        "place": "neighbourhood",
        "website": "https://www.downtownbgohio.org/"
      },
      "geometry": {
        "type": "Polygon",
        "coordinates": [
          [
            [
              -83.648758,
              41.373095
            ],
            [
              -83.6487573,
              41.3731483
            ],
            [
              -83.6487542,
              41.3733987
            ],
            [
              -83.6487504,
              41.3736584
            ],
            [
              -83.6487489,
              41.3737607
            ],
            [
              -83.6487546,
              41.3739827
            ],
            [
              -83.6487544,
              41.3740174
            ],
            [
              -83.6485306,
              41.3740189
            ],
            [
              -83.6478659,
              41.3740203
            ],
            [
              -83.6478701,
              41.3742277
            ],
            [
              -83.6477532,
              41.3742294
            ],
            [
              -83.6477435,
              41.374636
            ],
            [
              -83.6477598,
              41.374836
            ],
            [
              -83.6477518,
              41.3754257
            ],
            [
              -83.6487596,
              41.3754077
            ],
            [
              -83.648752,
              41.3756885
            ],
            [
              -83.6487446,
              41.3759318
            ],
            [
              -83.648743,
              41.375979
            ],
            [
              -83.6486602,
              41.3759785
            ],
            [
              -83.64746,
              41.375973
            ],
            [
              -83.6474599,
              41.3760578
            ],
            [
              -83.6474599,
              41.3760733
            ],
            [
              -83.647461,
              41.3764226
            ],
            [
              -83.6474623,
              41.3765999
            ],
            [
              -83.6474622,
              41.3769772
            ],
            [
              -83.647463,
              41.3773711
            ],
            [
              -83.647463,
              41.377445
            ],
            [
              -83.6475486,
              41.3774442
            ],
            [
              -83.6476731,
              41.3774432
            ],
            [
              -83.6478958,
              41.3774413
            ],
            [
              -83.6482028,
              41.3774387
            ],
            [
              -83.6482449,
              41.3774383
            ],
            [
              -83.6484518,
              41.3774365
            ],
            [
              -83.6486368,
              41.3774349
            ],
            [
              -83.648748,
              41.377434
            ],
            [
              -83.6487477,
              41.3774194
            ],
            [
              -83.6487449,
              41.3772842
            ],
            [
              -83.648738,
              41.376956
            ],
            [
              -83.6488493,
              41.3769527
            ],
            [
              -83.648865,
              41.3769529
            ],
            [
              -83.6494048,
              41.37696
            ],
            [
              -83.6503085,
              41.3769615
            ],
            [
              -83.6504271,
              41.3769619
            ],
            [
              -83.6504241,
              41.3773533
            ],
            [
              -83.6504227,
              41.3775376
            ],
            [
              -83.6505458,
              41.3775371
            ],
            [
              -83.6510519,
              41.3775398
            ],
            [
              -83.6510539,
              41.3773518
            ],
            [
              -83.6514098,
              41.377354
            ],
            [
              -83.6514078,
              41.3775406
            ],
            [
              -83.6519457,
              41.3775476
            ],
            [
              -83.6520467,
              41.3775484
            ],
            [
              -83.6520525,
              41.3771681
            ],
            [
              -83.652047,
              41.3769547
            ],
            [
              -83.652041,
              41.376777
            ],
            [
              -83.6520413,
              41.3767133
            ],
            [
              -83.6520415,
              41.3766475
            ],
            [
              -83.652043,
              41.376287
            ],
            [
              -83.652043,
              41.376206
            ],
            [
              -83.6520406,
              41.3756931
            ],
            [
              -83.6520402,
              41.3756187
            ],
            [
              -83.6520388,
              41.3753318
            ],
            [
              -83.6520373,
              41.3750147
            ],
            [
              -83.652037,
              41.374941
            ],
            [
              -83.6520403,
              41.3748359
            ],
            [
              -83.6520443,
              41.3747106
            ],
            [
              -83.6520452,
              41.3745617
            ],
            [
              -83.652046,
              41.3744386
            ],
            [
              -83.6520465,
              41.3741299
            ],
            [
              -83.6520468,
              41.3739618
            ],
            [
              -83.652048,
              41.3732795
            ],
            [
              -83.652049,
              41.373144
            ],
            [
              -83.6520534,
              41.3728073
            ],
            [
              -83.6520612,
              41.3722122
            ],
            [
              -83.652062,
              41.372152
            ],
            [
              -83.651974,
              41.3721517
            ],
            [
              -83.6514345,
              41.3721498
            ],
            [
              -83.6514434,
              41.3720851
            ],
            [
              -83.6514474,
              41.372
            ],
            [
              -83.6514354,
              41.3716071
            ],
            [
              -83.6514762,
              41.3715278
            ],
            [
              -83.6514858,
              41.3713542
            ],
            [
              -83.6514884,
              41.3713079
            ],
            [
              -83.6512966,
              41.3713031
            ],
            [
              -83.6512494,
              41.3713019
            ],
            [
              -83.6512493,
              41.3712692
            ],
            [
              -83.6512461,
              41.3705192
            ],
            [
              -83.6512456,
              41.3703843
            ],
            [
              -83.651245,
              41.3702434
            ],
            [
              -83.6512439,
              41.3699946
            ],
            [
              -83.6505585,
              41.3699809
            ],
            [
              -83.6503993,
              41.3699803
            ],
            [
              -83.6503991,
              41.3701037
            ],
            [
              -83.6504,
              41.370155
            ],
            [
              -83.6503205,
              41.3701537
            ],
            [
              -83.6496386,
              41.3701474
            ],
            [
              -83.6496395,
              41.3702258
            ],
            [
              -83.6496406,
              41.3703258
            ],
            [
              -83.6496452,
              41.3707196
            ],
            [
              -83.6496457,
              41.3707657
            ],
            [
              -83.6494748,
              41.3707632
            ],
            [
              -83.6494753,
              41.3709828
            ],
            [
              -83.6494862,
              41.3713216
            ],
            [
              -83.6493899,
              41.3713666
            ],
            [
              -83.649388,
              41.3714386
            ],
            [
              -83.6493866,
              41.3715296
            ],
            [
              -83.6494867,
              41.3715304
            ],
            [
              -83.6494941,
              41.3716669
            ],
            [
              -83.6494882,
              41.3718583
            ],
            [
              -83.6488331,
              41.3718402
            ],
            [
              -83.64875,
              41.3718442
            ],
            [
              -83.6487529,
              41.3720107
            ],
            [
              -83.648754,
              41.372073
            ],
            [
              -83.6487556,
              41.3722038
            ],
            [
              -83.648757,
              41.3723239
            ],
            [
              -83.6487573,
              41.3723811
            ],
            [
              -83.6487577,
              41.372458
            ],
            [
              -83.648759,
              41.3726911
            ],
            [
              -83.6487581,
              41.3730504
            ],
            [
              -83.648758,
              41.373095
            ]
          ]
        ]
      },
      "id": "way/191423032"
    },
    {
      "type": "Feature",
      "properties": {
        "@id": "way/368169318",
        "name": "Victorian Village",
        "place": "neighbourhood",
        "wikidata": "Q7927342",
        "wikipedia": "en:Victorian Village"
      },
      "geometry": {
        "type": "Polygon",
        "coordinates": [
          [
            [
              -83.0138979,
              39.9874042
            ],
            [
              -83.0139264,
              39.9869666
            ],
            [
              -83.0145164,
              39.9776066
            ],
            [
              -83.0111454,
              39.9774854
            ],
            [
              -83.0104369,
              39.9738754
            ],
            [
              -83.0089774,
              39.9738222
            ],
            [
              -83.0045694,
              39.9736293
            ],
            [
              -83.0029873,
              39.9743126
            ],
            [
              -83.0049684,
              39.9843116
            ],
            [
              -83.0051273,
              39.9851136
            ],
            [
              -83.0052142,
              39.9855447
            ],
            [
              -83.0054392,
              39.9866602
            ],
            [
              -83.0055112,
              39.9870174
            ],
            [
              -83.0055218,
              39.9871014
            ],
            [
              -83.0138979,
              39.9874042
            ]
          ]
        ]
      },
      "id": "way/368169318"
    },
    {
      "type": "Feature",
      "properties": {
        "@id": "way/546952012",
        "name": "Downtown",
        "place": "neighbourhood",
        "population": "1156"
      },
      "geometry": {
        "type": "Polygon",
        "coordinates": [
          [
            [
              -80.6534646,
              41.0952773
            ],
            [
              -80.6531806,
              41.0950475
            ],
            [
              -80.6528638,
              41.0948326
            ],
            [
              -80.6525305,
              41.0946779
            ],
            [
              -80.6521449,
              41.0945577
            ],
            [
              -80.6516998,
              41.0944736
            ],
            [
              -80.6512677,
              41.094424
            ],
            [
              -80.6505034,
              41.0943475
            ],
            [
              -80.6499717,
              41.0942981
            ],
            [
              -80.6493941,
              41.0942685
            ],
            [
              -80.6486908,
              41.0942537
            ],
            [
              -80.6480717,
              41.0942509
            ],
            [
              -80.6473969,
              41.0942728
            ],
            [
              -80.6468331,
              41.0943216
            ],
            [
              -80.6464271,
              41.0943686
            ],
            [
              -80.6462801,
              41.0943844
            ],
            [
              -80.6462643,
              41.095006
            ],
            [
              -80.6462629,
              41.0950976
            ],
            [
              -80.6462488,
              41.0960247
            ],
            [
              -80.6462508,
              41.0963062
            ],
            [
              -80.6462511,
              41.0963432
            ],
            [
              -80.6462479,
              41.0964277
            ],
            [
              -80.6460716,
              41.096734
            ],
            [
              -80.6457604,
              41.0971544
            ],
            [
              -80.645675,
              41.0972698
            ],
            [
              -80.6455988,
              41.0973729
            ],
            [
              -80.645496,
              41.0975118
            ],
            [
              -80.6453243,
              41.0977342
            ],
            [
              -80.6450589,
              41.0980675
            ],
            [
              -80.64498,
              41.0981666
            ],
            [
              -80.6448927,
              41.0982163
            ],
            [
              -80.6448349,
              41.0982665
            ],
            [
              -80.6447958,
              41.098337
            ],
            [
              -80.6447834,
              41.0983884
            ],
            [
              -80.6447756,
              41.0984415
            ],
            [
              -80.6447686,
              41.0984973
            ],
            [
              -80.6447663,
              41.0985548
            ],
            [
              -80.6447717,
              41.0986379
            ],
            [
              -80.644777,
              41.098692
            ],
            [
              -80.6447941,
              41.0987663
            ],
            [
              -80.644825,
              41.098856
            ],
            [
              -80.644866,
              41.09895
            ],
            [
              -80.6449178,
              41.099049
            ],
            [
              -80.644972,
              41.099141
            ],
            [
              -80.6449963,
              41.0991724
            ],
            [
              -80.645058,
              41.099252
            ],
            [
              -80.645001,
              41.0992801
            ],
            [
              -80.6449883,
              41.0992864
            ],
            [
              -80.644926,
              41.099317
            ],
            [
              -80.64486,
              41.099343
            ],
            [
              -80.644751,
              41.099377
            ],
            [
              -80.644609,
              41.099409
            ],
            [
              -80.644472,
              41.099425
            ],
            [
              -80.644411,
              41.099432
            ],
            [
              -80.644324,
              41.099446
            ],
            [
              -80.644232,
              41.099467
            ],
            [
              -80.64413,
              41.0995
            ],
            [
              -80.6440931,
              41.0995169
            ],
            [
              -80.643988,
              41.099565
            ],
            [
              -80.643903,
              41.099616
            ],
            [
              -80.643796,
              41.099695
            ],
            [
              -80.6437499,
              41.0997381
            ],
            [
              -80.643734,
              41.099753
            ],
            [
              -80.643669,
              41.099852
            ],
            [
              -80.6440151,
              41.1000134
            ],
            [
              -80.6440814,
              41.1000511
            ],
            [
              -80.6442519,
              41.1001275
            ],
            [
              -80.6444422,
              41.100211
            ],
            [
              -80.6445318,
              41.1002501
            ],
            [
              -80.6445462,
              41.1002562
            ],
            [
              -80.6456747,
              41.1007495
            ],
            [
              -80.6457681,
              41.1007903
            ],
            [
              -80.645837,
              41.1008222
            ],
            [
              -80.6459889,
              41.1008883
            ],
            [
              -80.6463273,
              41.1010357
            ],
            [
              -80.6463391,
              41.1010408
            ],
            [
              -80.6464479,
              41.1010882
            ],
            [
              -80.6467434,
              41.1012185
            ],
            [
              -80.6468581,
              41.101269
            ],
            [
              -80.647896,
              41.1017255
            ],
            [
              -80.6480038,
              41.101774
            ],
            [
              -80.6481747,
              41.1018474
            ],
            [
              -80.6482926,
              41.101898
            ],
            [
              -80.6485282,
              41.101999
            ],
            [
              -80.6488664,
              41.1021442
            ],
            [
              -80.6488964,
              41.1021571
            ],
            [
              -80.6492531,
              41.1023102
            ],
            [
              -80.649278,
              41.1023204
            ],
            [
              -80.6493454,
              41.1023495
            ],
            [
              -80.649479,
              41.1024071
            ],
            [
              -80.6500457,
              41.1026504
            ],
            [
              -80.6501408,
              41.1026912
            ],
            [
              -80.6502177,
              41.1027246
            ],
            [
              -80.6504408,
              41.1028217
            ],
            [
              -80.6505433,
              41.1028663
            ],
            [
              -80.650731,
              41.1029479
            ],
            [
              -80.6509396,
              41.1030386
            ],
            [
              -80.6511245,
              41.1031187
            ],
            [
              -80.65117,
              41.1031384
            ],
            [
              -80.651229,
              41.103164
            ],
            [
              -80.6513036,
              41.1031955
            ],
            [
              -80.6516399,
              41.1033378
            ],
            [
              -80.6516575,
              41.1033454
            ],
            [
              -80.6518226,
              41.1034168
            ],
            [
              -80.6520281,
              41.1035057
            ],
            [
              -80.6522223,
              41.1035897
            ],
            [
              -80.6523885,
              41.1036616
            ],
            [
              -80.6526832,
              41.1037892
            ],
            [
              -80.6530059,
              41.1039288
            ],
            [
              -80.6532637,
              41.104041
            ],
            [
              -80.653887,
              41.104317
            ],
            [
              -80.6539468,
              41.1042464
            ],
            [
              -80.654054,
              41.10412
            ],
            [
              -80.654127,
              41.104027
            ],
            [
              -80.654518,
              41.103531
            ],
            [
              -80.6548468,
              41.1031008
            ],
            [
              -80.6548725,
              41.1030672
            ],
            [
              -80.6549764,
              41.1029313
            ],
            [
              -80.6550296,
              41.1028616
            ],
            [
              -80.6551073,
              41.10276
            ],
            [
              -80.6552066,
              41.1027296
            ],
            [
              -80.6553142,
              41.102653
            ],
            [
              -80.655538,
              41.1025535
            ],
            [
              -80.6561009,
              41.1022864
            ],
            [
              -80.6559429,
              41.1019151
            ],
            [
              -80.6558564,
              41.1016799
            ],
            [
              -80.6557981,
              41.1013722
            ],
            [
              -80.6557791,
              41.1011675
            ],
            [
              -80.6557355,
              41.100894
            ],
            [
              -80.6556696,
              41.1006322
            ],
            [
              -80.6556191,
              41.1003528
            ],
            [
              -80.6555546,
              41.1000585
            ],
            [
              -80.6555059,
              41.0997216
            ],
            [
              -80.6554978,
              41.0993777
            ],
            [
              -80.6554852,
              41.0991698
            ],
            [
              -80.6554415,
              41.098755
            ],
            [
              -80.6553723,
              41.0982882
            ],
            [
              -80.6552067,
              41.0977801
            ],
            [
              -80.6550295,
              41.0973675
            ],
            [
              -80.6547706,
              41.0969303
            ],
            [
              -80.6545163,
              41.096553
            ],
            [
              -80.6542096,
              41.0961363
            ],
            [
              -80.6538197,
              41.0956573
            ],
            [
              -80.6534646,
              41.0952773
            ]
          ]
        ]
      },
      "id": "way/546952012"
    },
    {
      "type": "Feature",
      "properties": {
        "@id": "way/556675710",
        "name": "Harrison West",
        "place": "neighbourhood",
        "wikidata": "Q5666150",
        "wikipedia": "en:Harrison West"
      },
      "geometry": {
        "type": "Polygon",
        "coordinates": [
          [
            [
              -83.0156615,
              39.9740199
            ],
            [
              -83.0104369,
              39.9738754
            ],
            [
              -83.0111454,
              39.9774854
            ],
            [
              -83.0145164,
              39.9776066
            ],
            [
              -83.0139264,
              39.9869666
            ],
            [
              -83.0138979,
              39.9874042
            ],
            [
              -83.0188214,
              39.9875811
            ],
            [
              -83.0236717,
              39.9877642
            ],
            [
              -83.0256236,
              39.9878278
            ],
            [
              -83.0252856,
              39.9872277
            ],
            [
              -83.024776,
              39.9867592
            ],
            [
              -83.0235797,
              39.9860727
            ],
            [
              -83.0230379,
              39.9855302
            ],
            [
              -83.0227214,
              39.9850082
            ],
            [
              -83.0226195,
              39.9845643
            ],
            [
              -83.022605,
              39.9841457
            ],
            [
              -83.0258824,
              39.9842899
            ],
            [
              -83.0257484,
              39.9837963
            ],
            [
              -83.0232783,
              39.9746949
            ],
            [
              -83.0230962,
              39.9741807
            ],
            [
              -83.0213428,
              39.9743165
            ],
            [
              -83.0179672,
              39.9741561
            ],
            [
              -83.0173248,
              39.9740267
            ],
            [
              -83.0170217,
              39.9739095
            ],
            [
              -83.0163538,
              39.9735272
            ],
            [
              -83.0156615,
              39.9740199
            ]
          ]
        ]
      },
      "id": "way/556675710"
    },
    {
      "type": "Feature",
      "properties": {
        "@id": "way/776456903",
        "name": "Italian Village",
        "place": "neighbourhood",
        "wikidata": "Q6093010",
        "wikipedia": "en:Italian Village"
      },
      "geometry": {
        "type": "Polygon",
        "coordinates": [
          [
            [
              -83.0029873,
              39.9743126
            ],
            [
              -83.0000353,
              39.9755333
            ],
            [
              -82.9986727,
              39.9758622
            ],
            [
              -82.995733,
              39.9760184
            ],
            [
              -82.9934263,
              39.976709
            ],
            [
              -82.9931045,
              39.9778518
            ],
            [
              -82.9930723,
              39.9786082
            ],
            [
              -82.9932547,
              39.9795043
            ],
            [
              -82.9940164,
              39.9809101
            ],
            [
              -82.9942203,
              39.9816007
            ],
            [
              -82.9942417,
              39.9821967
            ],
            [
              -82.9942525,
              39.9844533
            ],
            [
              -82.9944747,
              39.9866749
            ],
            [
              -83.0055218,
              39.9871014
            ],
            [
              -83.0055112,
              39.9870174
            ],
            [
              -83.0054392,
              39.9866602
            ],
            [
              -83.0052142,
              39.9855447
            ],
            [
              -83.0051273,
              39.9851136
            ],
            [
              -83.0049684,
              39.9843116
            ],
            [
              -83.0029873,
              39.9743126
            ]
          ]
        ]
      },
      "id": "way/776456903"
    },
    {
      "type": "Feature",
      "properties": {
        "@id": "way/1153281695",
        "name": "Downtown Akron",
        "place": "neighbourhood"
      },
      "geometry": {
        "type": "Polygon",
        "coordinates": [
          [
            [
              -81.5351635,
              41.0848883
            ],
            [
              -81.5357032,
              41.0847998
            ],
            [
              -81.53583,
              41.084779
            ],
            [
              -81.5355631,
              41.0845763
            ],
            [
              -81.535373,
              41.084443
            ],
            [
              -81.535312,
              41.0843965
            ],
            [
              -81.5352678,
              41.0843628
            ],
            [
              -81.53515,
              41.084273
            ],
            [
              -81.535085,
              41.0842252
            ],
            [
              -81.534853,
              41.0840545
            ],
            [
              -81.5345734,
              41.0838488
            ],
            [
              -81.5345018,
              41.0837961
            ],
            [
              -81.534387,
              41.0837117
            ],
            [
              -81.5342836,
              41.0836356
            ],
            [
              -81.5341282,
              41.0835213
            ],
            [
              -81.5339975,
              41.0834251
            ],
            [
              -81.533928,
              41.0833739
            ],
            [
              -81.5336398,
              41.083162
            ],
            [
              -81.533629,
              41.083154
            ],
            [
              -81.5334742,
              41.083042
            ],
            [
              -81.5333575,
              41.0829576
            ],
            [
              -81.5330762,
              41.0827542
            ],
            [
              -81.5329231,
              41.0826435
            ],
            [
              -81.5327928,
              41.0825492
            ],
            [
              -81.5326191,
              41.0824236
            ],
            [
              -81.5325429,
              41.0823685
            ],
            [
              -81.5323078,
              41.0821984
            ],
            [
              -81.532282,
              41.0821791
            ],
            [
              -81.5320878,
              41.0820336
            ],
            [
              -81.5320436,
              41.0820005
            ],
            [
              -81.5319081,
              41.081899
            ],
            [
              -81.531774,
              41.0817991
            ],
            [
              -81.531739,
              41.081768
            ],
            [
              -81.531555,
              41.081629
            ],
            [
              -81.5313665,
              41.081492
            ],
            [
              -81.5311284,
              41.081319
            ],
            [
              -81.53096,
              41.0811966
            ],
            [
              -81.5309171,
              41.0811654
            ],
            [
              -81.530756,
              41.0810484
            ],
            [
              -81.530677,
              41.080991
            ],
            [
              -81.5301228,
              41.0805687
            ],
            [
              -81.5305082,
              41.0804818
            ],
            [
              -81.5311104,
              41.0803371
            ],
            [
              -81.5316113,
              41.0802197
            ],
            [
              -81.5324377,
              41.0800151
            ],
            [
              -81.5330383,
              41.0798363
            ],
            [
              -81.5334245,
              41.079715
            ],
            [
              -81.5337131,
              41.0796228
            ],
            [
              -81.5339623,
              41.0795361
            ],
            [
              -81.5341995,
              41.0794453
            ],
            [
              -81.5344441,
              41.0793353
            ],
            [
              -81.5347039,
              41.0792039
            ],
            [
              -81.534932,
              41.0790681
            ],
            [
              -81.5351873,
              41.0789027
            ],
            [
              -81.5355588,
              41.078644
            ],
            [
              -81.5358188,
              41.0784435
            ],
            [
              -81.5360305,
              41.0782574
            ],
            [
              -81.5362703,
              41.0780304
            ],
            [
              -81.5363911,
              41.0779097
            ],
            [
              -81.5365063,
              41.0777761
            ],
            [
              -81.5366809,
              41.077549
            ],
            [
              -81.5368581,
              41.0772779
            ],
            [
              -81.5370998,
              41.0768801
            ],
            [
              -81.5372118,
              41.0766573
            ],
            [
              -81.5372803,
              41.0763176
            ],
            [
              -81.5373662,
              41.0760846
            ],
            [
              -81.537452,
              41.0757417
            ],
            [
              -81.5374863,
              41.0753858
            ],
            [
              -81.5375464,
              41.0748488
            ],
            [
              -81.5375585,
              41.0742132
            ],
            [
              -81.5375722,
              41.07349
            ],
            [
              -81.5375636,
              41.0725841
            ],
            [
              -81.5375978,
              41.0713601
            ],
            [
              -81.5376065,
              41.0708241
            ],
            [
              -81.5376322,
              41.06986
            ],
            [
              -81.5376581,
              41.0691448
            ],
            [
              -81.5376837,
              41.0684364
            ],
            [
              -81.5377267,
              41.0679834
            ],
            [
              -81.5377267,
              41.0673881
            ],
            [
              -81.5377438,
              41.0669415
            ],
            [
              -81.537769,
              41.0661889
            ],
            [
              -81.5377785,
              41.0659614
            ],
            [
              -81.5372567,
              41.0660037
            ],
            [
              -81.5367678,
              41.0660387
            ],
            [
              -81.5366613,
              41.0660469
            ],
            [
              -81.5364813,
              41.0660571
            ],
            [
              -81.5363684,
              41.0660614
            ],
            [
              -81.5362286,
              41.0660662
            ],
            [
              -81.536044,
              41.0660681
            ],
            [
              -81.5357226,
              41.0660692
            ],
            [
              -81.5350959,
              41.0660627
            ],
            [
              -81.5348146,
              41.0660607
            ],
            [
              -81.5342617,
              41.066056
            ],
            [
              -81.53294,
              41.066053
            ],
            [
              -81.53267,
              41.066045
            ],
            [
              -81.531931,
              41.066041
            ],
            [
              -81.531616,
              41.066036
            ],
            [
              -81.530821,
              41.066038
            ],
            [
              -81.530288,
              41.066033
            ],
            [
              -81.529867,
              41.066034
            ],
            [
              -81.5295086,
              41.0660342
            ],
            [
              -81.5292016,
              41.0660304
            ],
            [
              -81.528847,
              41.0660255
            ],
            [
              -81.5281248,
              41.0660117
            ],
            [
              -81.5278267,
              41.0660087
            ],
            [
              -81.5270909,
              41.065996
            ],
            [
              -81.5267819,
              41.0659945
            ],
            [
              -81.5265246,
              41.0659916
            ],
            [
              -81.526362,
              41.0659855
            ],
            [
              -81.5263669,
              41.0658162
            ],
            [
              -81.5263682,
              41.0657702
            ],
            [
              -81.5263689,
              41.0656043
            ],
            [
              -81.5263801,
              41.0651032
            ],
            [
              -81.5263826,
              41.0649846
            ],
            [
              -81.5263831,
              41.0649592
            ],
            [
              -81.5263944,
              41.0647585
            ],
            [
              -81.5264041,
              41.064658
            ],
            [
              -81.52642,
              41.0645293
            ],
            [
              -81.5264426,
              41.0644011
            ],
            [
              -81.5264771,
              41.0642218
            ],
            [
              -81.5265271,
              41.0640039
            ],
            [
              -81.5266324,
              41.063648
            ],
            [
              -81.5267406,
              41.0633389
            ],
            [
              -81.5269044,
              41.0629993
            ],
            [
              -81.5269967,
              41.0628039
            ],
            [
              -81.5274319,
              41.0619414
            ],
            [
              -81.5277162,
              41.0613103
            ],
            [
              -81.5278352,
              41.061063
            ],
            [
              -81.5278863,
              41.060933
            ],
            [
              -81.5279052,
              41.0608871
            ],
            [
              -81.5279695,
              41.0607315
            ],
            [
              -81.5278797,
              41.060718
            ],
            [
              -81.5277882,
              41.0607027
            ],
            [
              -81.5277339,
              41.060693
            ],
            [
              -81.5276394,
              41.060676
            ],
            [
              -81.5275279,
              41.060656
            ],
            [
              -81.5274307,
              41.0606482
            ],
            [
              -81.5273273,
              41.0606409
            ],
            [
              -81.5272121,
              41.0606361
            ],
            [
              -81.5271138,
              41.0606468
            ],
            [
              -81.527025,
              41.0606652
            ],
            [
              -81.5269396,
              41.0606943
            ],
            [
              -81.5268688,
              41.0607218
            ],
            [
              -81.5267936,
              41.0607655
            ],
            [
              -81.5266682,
              41.0608586
            ],
            [
              -81.5264206,
              41.0610567
            ],
            [
              -81.526151,
              41.0612554
            ],
            [
              -81.5260358,
              41.061339
            ],
            [
              -81.5259603,
              41.0613891
            ],
            [
              -81.5259039,
              41.0614221
            ],
            [
              -81.525808,
              41.0614767
            ],
            [
              -81.5257564,
              41.0615081
            ],
            [
              -81.525532,
              41.0616147
            ],
            [
              -81.5254017,
              41.061673
            ],
            [
              -81.5253081,
              41.0617068
            ],
            [
              -81.5252362,
              41.0617287
            ],
            [
              -81.52513,
              41.0617571
            ],
            [
              -81.5252225,
              41.061544
            ],
            [
              -81.5254932,
              41.0609204
            ],
            [
              -81.5258303,
              41.0601439
            ],
            [
              -81.52604,
              41.059661
            ],
            [
              -81.5263175,
              41.0590211
            ],
            [
              -81.5265633,
              41.0584543
            ],
            [
              -81.5268063,
              41.057894
            ],
            [
              -81.526864,
              41.057761
            ],
            [
              -81.527037,
              41.057373
            ],
            [
              -81.527124,
              41.057178
            ],
            [
              -81.527249,
              41.056927
            ],
            [
              -81.527424,
              41.056601
            ],
            [
              -81.5274678,
              41.0565327
            ],
            [
              -81.527539,
              41.056416
            ],
            [
              -81.527714,
              41.056149
            ],
            [
              -81.527917,
              41.055874
            ],
            [
              -81.5280251,
              41.0557394
            ],
            [
              -81.52808,
              41.055671
            ],
            [
              -81.528182,
              41.055555
            ],
            [
              -81.5281873,
              41.055549
            ],
            [
              -81.5282088,
              41.0555016
            ],
            [
              -81.5281954,
              41.0552497
            ],
            [
              -81.5281874,
              41.0551249
            ],
            [
              -81.5281777,
              41.0549837
            ],
            [
              -81.5281716,
              41.0548952
            ],
            [
              -81.5281535,
              41.0546326
            ],
            [
              -81.528143,
              41.0545063
            ],
            [
              -81.52812,
              41.054291
            ],
            [
              -81.5281,
              41.054011
            ],
            [
              -81.528093,
              41.053781
            ],
            [
              -81.52808,
              41.053358
            ],
            [
              -81.5280851,
              41.0532677
            ],
            [
              -81.5280936,
              41.0531193
            ],
            [
              -81.528096,
              41.053077
            ],
            [
              -81.5279552,
              41.0530772
            ],
            [
              -81.527435,
              41.053078
            ],
            [
              -81.526568,
              41.0530831
            ],
            [
              -81.524898,
              41.053093
            ],
            [
              -81.5238,
              41.053101
            ],
            [
              -81.5232168,
              41.0531048
            ],
            [
              -81.522737,
              41.053108
            ],
            [
              -81.5223621,
              41.0531101
            ],
            [
              -81.521676,
              41.053114
            ],
            [
              -81.520616,
              41.053115
            ],
            [
              -81.519517,
              41.053119
            ],
            [
              -81.5185721,
              41.0531251
            ],
            [
              -81.518439,
              41.053126
            ],
            [
              -81.5184363,
              41.0532155
            ],
            [
              -81.5184325,
              41.0533402
            ],
            [
              -81.5184295,
              41.0534405
            ],
            [
              -81.5184128,
              41.0539967
            ],
            [
              -81.5184123,
              41.0540133
            ],
            [
              -81.518405,
              41.054255
            ],
            [
              -81.518402,
              41.05438
            ],
            [
              -81.5184018,
              41.0545001
            ],
            [
              -81.5183309,
              41.0545403
            ],
            [
              -81.5182255,
              41.0546451
            ],
            [
              -81.5181961,
              41.0547498
            ],
            [
              -81.518171,
              41.055102
            ],
            [
              -81.518165,
              41.055187
            ],
            [
              -81.518152,
              41.05538
            ],
            [
              -81.518156,
              41.055607
            ],
            [
              -81.5181547,
              41.055671
            ],
            [
              -81.5181491,
              41.0559371
            ],
            [
              -81.518142,
              41.056276
            ],
            [
              -81.5181314,
              41.0566826
            ],
            [
              -81.518127,
              41.05685
            ],
            [
              -81.5181257,
              41.0569141
            ],
            [
              -81.5181225,
              41.0570749
            ],
            [
              -81.518121,
              41.057148
            ],
            [
              -81.5181185,
              41.0572715
            ],
            [
              -81.5181178,
              41.0573074
            ],
            [
              -81.518109,
              41.057736
            ],
            [
              -81.518096,
              41.057977
            ],
            [
              -81.518099,
              41.058203
            ],
            [
              -81.518066,
              41.05957
            ],
            [
              -81.518064,
              41.060232
            ],
            [
              -81.5180637,
              41.0602575
            ],
            [
              -81.5180624,
              41.0603803
            ],
            [
              -81.5180578,
              41.0608239
            ],
            [
              -81.518057,
              41.060906
            ],
            [
              -81.5180562,
              41.0610738
            ],
            [
              -81.5180558,
              41.0611607
            ],
            [
              -81.5180554,
              41.061252
            ],
            [
              -81.5180551,
              41.0613149
            ],
            [
              -81.5180551,
              41.0613204
            ],
            [
              -81.5180545,
              41.0614459
            ],
            [
              -81.518053,
              41.061769
            ],
            [
              -81.5180527,
              41.061929
            ],
            [
              -81.5180522,
              41.0621327
            ],
            [
              -81.5180519,
              41.0622751
            ],
            [
              -81.5180504,
              41.0625557
            ],
            [
              -81.5180485,
              41.0629253
            ],
            [
              -81.5180478,
              41.0630609
            ],
            [
              -81.5180462,
              41.0633043
            ],
            [
              -81.5180458,
              41.0633408
            ],
            [
              -81.5180453,
              41.0634005
            ],
            [
              -81.5180439,
              41.0636488
            ],
            [
              -81.5180436,
              41.0637079
            ],
            [
              -81.5180434,
              41.0637662
            ],
            [
              -81.5180427,
              41.0640181
            ],
            [
              -81.5180425,
              41.0640316
            ],
            [
              -81.5180376,
              41.0643479
            ],
            [
              -81.518037,
              41.0645554
            ],
            [
              -81.5180367,
              41.0646388
            ],
            [
              -81.5180365,
              41.0647181
            ],
            [
              -81.5180366,
              41.0649693
            ],
            [
              -81.5180366,
              41.0651437
            ],
            [
              -81.5180348,
              41.0652865
            ],
            [
              -81.518033,
              41.0654164
            ],
            [
              -81.5180321,
              41.0654806
            ],
            [
              -81.5180309,
              41.0655697
            ],
            [
              -81.5180294,
              41.0656833
            ],
            [
              -81.5180272,
              41.065846
            ],
            [
              -81.5180262,
              41.0659221
            ],
            [
              -81.5180261,
              41.0660187
            ],
            [
              -81.5180261,
              41.0660432
            ],
            [
              -81.5180257,
              41.0663218
            ],
            [
              -81.5180256,
              41.0664115
            ],
            [
              -81.5180256,
              41.0664513
            ],
            [
              -81.5180254,
              41.0666047
            ],
            [
              -81.5180226,
              41.0668884
            ],
            [
              -81.5180217,
              41.0669835
            ],
            [
              -81.5180207,
              41.0670883
            ],
            [
              -81.51802,
              41.067161
            ],
            [
              -81.51802,
              41.0671825
            ],
            [
              -81.5180199,
              41.0672426
            ],
            [
              -81.5180197,
              41.0674036
            ],
            [
              -81.5180194,
              41.067635
            ],
            [
              -81.5180191,
              41.0678552
            ],
            [
              -81.518019,
              41.067916
            ],
            [
              -81.5180186,
              41.06798
            ],
            [
              -81.5180173,
              41.0682205
            ],
            [
              -81.518016,
              41.0684408
            ],
            [
              -81.5180157,
              41.0684938
            ],
            [
              -81.5180152,
              41.0685853
            ],
            [
              -81.518015,
              41.068627
            ],
            [
              -81.5180138,
              41.0686812
            ],
            [
              -81.518012,
              41.0687633
            ],
            [
              -81.5180115,
              41.0687873
            ],
            [
              -81.51801,
              41.068855
            ],
            [
              -81.5180108,
              41.069042
            ],
            [
              -81.518011,
              41.069088
            ],
            [
              -81.5180108,
              41.0690983
            ],
            [
              -81.5180106,
              41.0691096
            ],
            [
              -81.518009,
              41.0691963
            ],
            [
              -81.5180083,
              41.0692374
            ],
            [
              -81.5180068,
              41.0693243
            ],
            [
              -81.5180044,
              41.0696469
            ],
            [
              -81.5180043,
              41.0696538
            ],
            [
              -81.5180041,
              41.06968
            ],
            [
              -81.5180034,
              41.0697858
            ],
            [
              -81.5180034,
              41.0698001
            ],
            [
              -81.5180031,
              41.0698766
            ],
            [
              -81.5180029,
              41.0699208
            ],
            [
              -81.5180004,
              41.0700821
            ],
            [
              -81.5179948,
              41.0702106
            ],
            [
              -81.5179617,
              41.0703064
            ],
            [
              -81.5179293,
              41.070389
            ],
            [
              -81.5179095,
              41.0704325
            ],
            [
              -81.5178836,
              41.0704833
            ],
            [
              -81.5178357,
              41.0705712
            ],
            [
              -81.5177828,
              41.0706602
            ],
            [
              -81.5177411,
              41.0707268
            ],
            [
              -81.517559,
              41.0709825
            ],
            [
              -81.5173766,
              41.0712453
            ],
            [
              -81.5170913,
              41.071639
            ],
            [
              -81.517089,
              41.0716422
            ],
            [
              -81.5170838,
              41.0716494
            ],
            [
              -81.5170096,
              41.0717518
            ],
            [
              -81.517092,
              41.071785
            ],
            [
              -81.5171873,
              41.0718219
            ],
            [
              -81.5173064,
              41.071868
            ],
            [
              -81.5173354,
              41.0718792
            ],
            [
              -81.5177897,
              41.0720595
            ],
            [
              -81.5178773,
              41.072095
            ],
            [
              -81.5180476,
              41.0721639
            ],
            [
              -81.5184351,
              41.0723208
            ],
            [
              -81.5184494,
              41.0723266
            ],
            [
              -81.5184641,
              41.0723326
            ],
            [
              -81.51889,
              41.072505
            ],
            [
              -81.5188969,
              41.0725078
            ],
            [
              -81.519348,
              41.072689
            ],
            [
              -81.5195005,
              41.0727471
            ],
            [
              -81.5195172,
              41.0727534
            ],
            [
              -81.5197114,
              41.0728273
            ],
            [
              -81.5197392,
              41.0728379
            ],
            [
              -81.519863,
              41.072885
            ],
            [
              -81.5196108,
              41.0733636
            ],
            [
              -81.5192823,
              41.0739098
            ],
            [
              -81.5188916,
              41.0744835
            ],
            [
              -81.5184277,
              41.0751018
            ],
            [
              -81.5185836,
              41.0751598
            ],
            [
              -81.5188561,
              41.0752623
            ],
            [
              -81.5179203,
              41.0766135
            ],
            [
              -81.5178011,
              41.0767326
            ],
            [
              -81.5176968,
              41.076859
            ],
            [
              -81.5172822,
              41.0774187
            ],
            [
              -81.5170566,
              41.0777232
            ],
            [
              -81.5167993,
              41.0780706
            ],
            [
              -81.5166584,
              41.0782571
            ],
            [
              -81.5165482,
              41.0784104
            ],
            [
              -81.5165281,
              41.0784517
            ],
            [
              -81.5165091,
              41.0785543
            ],
            [
              -81.5164861,
              41.0786133
            ],
            [
              -81.5164519,
              41.0786764
            ],
            [
              -81.5160406,
              41.079234
            ],
            [
              -81.5155387,
              41.0799177
            ],
            [
              -81.5154848,
              41.079982
            ],
            [
              -81.5154195,
              41.0800409
            ],
            [
              -81.5153572,
              41.0800862
            ],
            [
              -81.515322,
              41.0801229
            ],
            [
              -81.5152882,
              41.0801676
            ],
            [
              -81.5150497,
              41.0803272
            ],
            [
              -81.5146966,
              41.0805519
            ],
            [
              -81.5135381,
              41.0810305
            ],
            [
              -81.5124098,
              41.0814966
            ],
            [
              -81.5119579,
              41.0816651
            ],
            [
              -81.5108435,
              41.0821646
            ],
            [
              -81.5102205,
              41.0824627
            ],
            [
              -81.5094635,
              41.0828576
            ],
            [
              -81.5091365,
              41.0830727
            ],
            [
              -81.5088213,
              41.0833119
            ],
            [
              -81.5090316,
              41.0834113
            ],
            [
              -81.509095,
              41.083435
            ],
            [
              -81.5091492,
              41.0834574
            ],
            [
              -81.509358,
              41.08354
            ],
            [
              -81.5098728,
              41.0837558
            ],
            [
              -81.5101868,
              41.0838874
            ],
            [
              -81.510608,
              41.084064
            ],
            [
              -81.5106342,
              41.0840755
            ],
            [
              -81.511011,
              41.0842333
            ],
            [
              -81.5110437,
              41.0842481
            ],
            [
              -81.5110603,
              41.0842556
            ],
            [
              -81.5111309,
              41.0842836
            ],
            [
              -81.5112171,
              41.0843156
            ],
            [
              -81.5112329,
              41.0843228
            ],
            [
              -81.511362,
              41.084381
            ],
            [
              -81.511902,
              41.0846075
            ],
            [
              -81.512032,
              41.084662
            ],
            [
              -81.512294,
              41.084767
            ],
            [
              -81.5123535,
              41.0847926
            ],
            [
              -81.512818,
              41.0849928
            ],
            [
              -81.512902,
              41.085029
            ],
            [
              -81.5128616,
              41.0850857
            ],
            [
              -81.5128101,
              41.0851581
            ],
            [
              -81.512655,
              41.085376
            ],
            [
              -81.512581,
              41.085477
            ],
            [
              -81.5124006,
              41.0857215
            ],
            [
              -81.512311,
              41.085843
            ],
            [
              -81.5122308,
              41.0859523
            ],
            [
              -81.512146,
              41.086068
            ],
            [
              -81.5120109,
              41.0862609
            ],
            [
              -81.511954,
              41.086342
            ],
            [
              -81.5121624,
              41.0863566
            ],
            [
              -81.5129518,
              41.0865351
            ],
            [
              -81.5135062,
              41.0866681
            ],
            [
              -81.5142535,
              41.0868549
            ],
            [
              -81.5147024,
              41.0869671
            ],
            [
              -81.5148414,
              41.0870036
            ],
            [
              -81.5150324,
              41.0870542
            ],
            [
              -81.5152231,
              41.0871012
            ],
            [
              -81.5157057,
              41.0871793
            ],
            [
              -81.5158963,
              41.0871979
            ],
            [
              -81.5160834,
              41.0872063
            ],
            [
              -81.5162835,
              41.0872064
            ],
            [
              -81.5164819,
              41.0871988
            ],
            [
              -81.5165973,
              41.0871862
            ],
            [
              -81.5166607,
              41.0871793
            ],
            [
              -81.5168395,
              41.0871559
            ],
            [
              -81.5170757,
              41.0871088
            ],
            [
              -81.5172177,
              41.0870805
            ],
            [
              -81.5175458,
              41.0869817
            ],
            [
              -81.5179474,
              41.0868278
            ],
            [
              -81.5182774,
              41.0867013
            ],
            [
              -81.518634,
              41.0865646
            ],
            [
              -81.5187487,
              41.0865111
            ],
            [
              -81.5188985,
              41.0864207
            ],
            [
              -81.5190196,
              41.0863312
            ],
            [
              -81.5191348,
              41.0862236
            ],
            [
              -81.5192387,
              41.086089
            ],
            [
              -81.5192984,
              41.0859841
            ],
            [
              -81.5193342,
              41.0859079
            ],
            [
              -81.519353,
              41.0858686
            ],
            [
              -81.5194323,
              41.0859087
            ],
            [
              -81.5195432,
              41.0859647
            ],
            [
              -81.5197824,
              41.0861019
            ],
            [
              -81.5200932,
              41.0862758
            ],
            [
              -81.520334,
              41.0864197
            ],
            [
              -81.5205275,
              41.0865354
            ],
            [
              -81.5205783,
              41.0865658
            ],
            [
              -81.5207526,
              41.08667
            ],
            [
              -81.5212963,
              41.0869941
            ],
            [
              -81.521635,
              41.087196
            ],
            [
              -81.5217617,
              41.0872644
            ],
            [
              -81.5218863,
              41.0873343
            ],
            [
              -81.522057,
              41.0874301
            ],
            [
              -81.522115,
              41.0874626
            ],
            [
              -81.5223827,
              41.0876128
            ],
            [
              -81.5224972,
              41.0876813
            ],
            [
              -81.522785,
              41.0878102
            ],
            [
              -81.5229495,
              41.0878787
            ],
            [
              -81.5230281,
              41.0879115
            ],
            [
              -81.5232195,
              41.0879914
            ],
            [
              -81.523322,
              41.0880344
            ],
            [
              -81.523397,
              41.0880692
            ],
            [
              -81.5234584,
              41.0879852
            ],
            [
              -81.5236946,
              41.0876684
            ],
            [
              -81.5237963,
              41.0875319
            ],
            [
              -81.5239617,
              41.0873159
            ],
            [
              -81.523996,
              41.087271
            ],
            [
              -81.5240489,
              41.0872005
            ],
            [
              -81.5241619,
              41.0870498
            ],
            [
              -81.5243348,
              41.086819
            ],
            [
              -81.524385,
              41.086752
            ],
            [
              -81.5245233,
              41.0865944
            ],
            [
              -81.5245967,
              41.0865374
            ],
            [
              -81.5246565,
              41.0865148
            ],
            [
              -81.5246798,
              41.086506
            ],
            [
              -81.524759,
              41.086493
            ],
            [
              -81.5248153,
              41.0864841
            ],
            [
              -81.5251702,
              41.0864281
            ],
            [
              -81.525208,
              41.0864221
            ],
            [
              -81.5253873,
              41.0863938
            ],
            [
              -81.5254878,
              41.086378
            ],
            [
              -81.5255942,
              41.0863612
            ],
            [
              -81.5268571,
              41.0861677
            ],
            [
              -81.527075,
              41.0861315
            ],
            [
              -81.5275273,
              41.0860604
            ],
            [
              -81.5278345,
              41.0860138
            ],
            [
              -81.528117,
              41.085971
            ],
            [
              -81.529316,
              41.0857858
            ],
            [
              -81.531119,
              41.085509
            ],
            [
              -81.531208,
              41.0854934
            ],
            [
              -81.5323052,
              41.0853245
            ],
            [
              -81.532383,
              41.085313
            ],
            [
              -81.5327542,
              41.0852565
            ],
            [
              -81.5335714,
              41.0851305
            ],
            [
              -81.5336625,
              41.0851165
            ],
            [
              -81.5341362,
              41.0850442
            ],
            [
              -81.5342864,
              41.0850216
            ],
            [
              -81.5346259,
              41.0849706
            ],
            [
              -81.5348365,
              41.0849404
            ],
            [
              -81.5350305,
              41.0849105
            ],
            [
              -81.5351635,
              41.0848883
            ]
          ]
        ]
      },
      "id": "way/1153281695"
    },
    {
      "type": "Feature",
      "properties": {
        "@id": "way/1158798909",
        "name": "Downtown Cleveland",
        "place": "neighbourhood",
        "wikidata": "Q5303392",
        "wikipedia": "en:Downtown Cleveland"
      },
      "geometry": {
        "type": "Polygon",
        "coordinates": [
          [
            [
              -81.7109688,
              41.5034767
            ],
            [
              -81.7110973,
              41.5034306
            ],
            [
              -81.7109866,
              41.5032818
            ],
            [
              -81.7108512,
              41.503103
            ],
            [
              -81.7104866,
              41.5026217
            ],
            [
              -81.7101675,
              41.5022004
            ],
            [
              -81.7098452,
              41.501775
            ],
            [
              -81.7096297,
              41.5014905
            ],
            [
              -81.7093722,
              41.5011505
            ],
            [
              -81.709302,
              41.5010579
            ],
            [
              -81.7091084,
              41.5007778
            ],
            [
              -81.7089213,
              41.5005235
            ],
            [
              -81.7087779,
              41.5003284
            ],
            [
              -81.7087482,
              41.5002945
            ],
            [
              -81.7086528,
              41.5002935
            ],
            [
              -81.7085531,
              41.5001245
            ],
            [
              -81.7085377,
              41.500103
            ],
            [
              -81.7084502,
              41.499988
            ],
            [
              -81.7082811,
              41.4998094
            ],
            [
              -81.7080032,
              41.4996353
            ],
            [
              -81.7078927,
              41.4995786
            ],
            [
              -81.7076119,
              41.4994784
            ],
            [
              -81.7065663,
              41.4992372
            ],
            [
              -81.7056753,
              41.49907
            ],
            [
              -81.705666,
              41.4990937
            ],
            [
              -81.7055094,
              41.4990817
            ],
            [
              -81.7053867,
              41.499088
            ],
            [
              -81.7053969,
              41.4990606
            ],
            [
              -81.7052825,
              41.4990314
            ],
            [
              -81.7052607,
              41.4990783
            ],
            [
              -81.7050118,
              41.4990089
            ],
            [
              -81.7049922,
              41.499007
            ],
            [
              -81.7049318,
              41.4989817
            ],
            [
              -81.7047143,
              41.4988908
            ],
            [
              -81.7046724,
              41.4988546
            ],
            [
              -81.7046854,
              41.4988342
            ],
            [
              -81.7046496,
              41.4988168
            ],
            [
              -81.7046412,
              41.4987822
            ],
            [
              -81.7045538,
              41.498737
            ],
            [
              -81.7045045,
              41.4987373
            ],
            [
              -81.7045009,
              41.4987351
            ],
            [
              -81.7044732,
              41.4987235
            ],
            [
              -81.704348,
              41.4986709
            ],
            [
              -81.7042722,
              41.4986283
            ],
            [
              -81.7041561,
              41.4985631
            ],
            [
              -81.7040214,
              41.4984813
            ],
            [
              -81.7039443,
              41.4984345
            ],
            [
              -81.7037719,
              41.4983298
            ],
            [
              -81.7037369,
              41.4983634
            ],
            [
              -81.7036212,
              41.4982917
            ],
            [
              -81.7033932,
              41.4981504
            ],
            [
              -81.7031825,
              41.4980199
            ],
            [
              -81.7032084,
              41.4979962
            ],
            [
              -81.7029696,
              41.4978538
            ],
            [
              -81.7027329,
              41.4977584
            ],
            [
              -81.7026078,
              41.4977008
            ],
            [
              -81.7023663,
              41.4976135
            ],
            [
              -81.702045,
              41.4974616
            ],
            [
              -81.7017407,
              41.4972752
            ],
            [
              -81.7015469,
              41.4970845
            ],
            [
              -81.7014312,
              41.4969101
            ],
            [
              -81.7014438,
              41.4968775
            ],
            [
              -81.701436,
              41.4968563
            ],
            [
              -81.7014242,
              41.496844
            ],
            [
              -81.7013902,
              41.4968352
            ],
            [
              -81.7013591,
              41.4968072
            ],
            [
              -81.7013561,
              41.4963789
            ],
            [
              -81.7014324,
              41.4961781
            ],
            [
              -81.7016086,
              41.4959342
            ],
            [
              -81.7017153,
              41.4957706
            ],
            [
              -81.7017446,
              41.4957618
            ],
            [
              -81.701781,
              41.495716
            ],
            [
              -81.7018779,
              41.4956888
            ],
            [
              -81.7019211,
              41.4954903
            ],
            [
              -81.7019328,
              41.4954399
            ],
            [
              -81.7018771,
              41.4954275
            ],
            [
              -81.70191,
              41.4953838
            ],
            [
              -81.7019751,
              41.495323
            ],
            [
              -81.7020102,
              41.4952631
            ],
            [
              -81.7020675,
              41.4952115
            ],
            [
              -81.7020985,
              41.495166
            ],
            [
              -81.7021514,
              41.4951051
            ],
            [
              -81.7021948,
              41.495048
            ],
            [
              -81.7022722,
              41.4950632
            ],
            [
              -81.7028052,
              41.4942592
            ],
            [
              -81.7029073,
              41.4941188
            ],
            [
              -81.7033532,
              41.4935062
            ],
            [
              -81.7037049,
              41.4929908
            ],
            [
              -81.7039298,
              41.4925921
            ],
            [
              -81.7038332,
              41.492572
            ],
            [
              -81.7039007,
              41.4924222
            ],
            [
              -81.7039701,
              41.4921843
            ],
            [
              -81.7039999,
              41.4919762
            ],
            [
              -81.7041333,
              41.4914743
            ],
            [
              -81.7040941,
              41.4910135
            ],
            [
              -81.7040565,
              41.4906982
            ],
            [
              -81.7040541,
              41.4906783
            ],
            [
              -81.7040209,
              41.4903999
            ],
            [
              -81.704012,
              41.4903252
            ],
            [
              -81.703303,
              41.4897406
            ],
            [
              -81.7031874,
              41.4898153
            ],
            [
              -81.7031447,
              41.4897802
            ],
            [
              -81.7032541,
              41.4897052
            ],
            [
              -81.7030199,
              41.4895162
            ],
            [
              -81.7027768,
              41.4893124
            ],
            [
              -81.7024845,
              41.4890718
            ],
            [
              -81.7016348,
              41.4887308
            ],
            [
              -81.7012095,
              41.4886358
            ],
            [
              -81.7006096,
              41.4886395
            ],
            [
              -81.7005812,
              41.4886397
            ],
            [
              -81.700365,
              41.4886411
            ],
            [
              -81.700268,
              41.4887032
            ],
            [
              -81.6999682,
              41.4890082
            ],
            [
              -81.6993956,
              41.4896159
            ],
            [
              -81.699075,
              41.4899561
            ],
            [
              -81.6990643,
              41.4902053
            ],
            [
              -81.6995253,
              41.4908692
            ],
            [
              -81.7000352,
              41.4916036
            ],
            [
              -81.7000289,
              41.4920625
            ],
            [
              -81.7000138,
              41.4931707
            ],
            [
              -81.6998528,
              41.4934681
            ],
            [
              -81.6989975,
              41.4941197
            ],
            [
              -81.6989313,
              41.4941702
            ],
            [
              -81.6985922,
              41.4944284
            ],
            [
              -81.6982757,
              41.4944163
            ],
            [
              -81.6979851,
              41.4945651
            ],
            [
              -81.6979216,
              41.4946524
            ],
            [
              -81.6960361,
              41.4950627
            ],
            [
              -81.6947629,
              41.4953397
            ],
            [
              -81.6942524,
              41.495453
            ],
            [
              -81.6926645,
              41.4955936
            ],
            [
              -81.6908514,
              41.4954691
            ],
            [
              -81.6906332,
              41.4952471
            ],
            [
              -81.6904329,
              41.4950432
            ],
            [
              -81.6903793,
              41.4948905
            ],
            [
              -81.6906207,
              41.4941311
            ],
            [
              -81.6910516,
              41.49386
            ],
            [
              -81.6909594,
              41.4937662
            ],
            [
              -81.6910638,
              41.4937095
            ],
            [
              -81.6917419,
              41.4933413
            ],
            [
              -81.6918288,
              41.4933086
            ],
            [
              -81.691927,
              41.4931363
            ],
            [
              -81.6912299,
              41.4929117
            ],
            [
              -81.6907153,
              41.4933015
            ],
            [
              -81.690617,
              41.493376
            ],
            [
              -81.6896765,
              41.4937654
            ],
            [
              -81.6892903,
              41.4939382
            ],
            [
              -81.6887881,
              41.4941712
            ],
            [
              -81.6888007,
              41.4942575
            ],
            [
              -81.6888049,
              41.4942864
            ],
            [
              -81.6885177,
              41.4943572
            ],
            [
              -81.6883024,
              41.4944369
            ],
            [
              -81.6882053,
              41.4944735
            ],
            [
              -81.6881168,
              41.4945217
            ],
            [
              -81.6881163,
              41.4946191
            ],
            [
              -81.6875004,
              41.4949659
            ],
            [
              -81.6873855,
              41.4950643
            ],
            [
              -81.6873141,
              41.4951458
            ],
            [
              -81.6871865,
              41.4952914
            ],
            [
              -81.6867784,
              41.4951179
            ],
            [
              -81.6854254,
              41.4945377
            ],
            [
              -81.6852197,
              41.4944544
            ],
            [
              -81.6850013,
              41.4943707
            ],
            [
              -81.6846421,
              41.4942114
            ],
            [
              -81.684043,
              41.4939451
            ],
            [
              -81.6837226,
              41.4937936
            ],
            [
              -81.6831416,
              41.4935071
            ],
            [
              -81.6829111,
              41.4934048
            ],
            [
              -81.6827855,
              41.4933529
            ],
            [
              -81.6826441,
              41.4932988
            ],
            [
              -81.6825137,
              41.4932538
            ],
            [
              -81.6823761,
              41.4932072
            ],
            [
              -81.6822609,
              41.4931735
            ],
            [
              -81.6821394,
              41.4931398
            ],
            [
              -81.6819995,
              41.4931043
            ],
            [
              -81.6818481,
              41.4930677
            ],
            [
              -81.6817119,
              41.4930406
            ],
            [
              -81.6815648,
              41.4930136
            ],
            [
              -81.6814288,
              41.4929931
            ],
            [
              -81.6812885,
              41.4929717
            ],
            [
              -81.6809886,
              41.4929316
            ],
            [
              -81.6807049,
              41.4928932
            ],
            [
              -81.6798487,
              41.4927952
            ],
            [
              -81.6797165,
              41.4927799
            ],
            [
              -81.6795597,
              41.4927595
            ],
            [
              -81.6794202,
              41.4927356
            ],
            [
              -81.6792783,
              41.4927097
            ],
            [
              -81.6791396,
              41.4926844
            ],
            [
              -81.678993,
              41.4926561
            ],
            [
              -81.6782365,
              41.4924966
            ],
            [
              -81.6780992,
              41.4924685
            ],
            [
              -81.6779679,
              41.492441
            ],
            [
              -81.6778299,
              41.4924109
            ],
            [
              -81.6775094,
              41.4923439
            ],
            [
              -81.6767196,
              41.4921756
            ],
            [
              -81.6760705,
              41.4920391
            ],
            [
              -81.6758524,
              41.491995
            ],
            [
              -81.6757757,
              41.4919796
            ],
            [
              -81.675678,
              41.4919601
            ],
            [
              -81.6753898,
              41.491901
            ],
            [
              -81.6741666,
              41.4916466
            ],
            [
              -81.6740256,
              41.4916224
            ],
            [
              -81.6738934,
              41.4916081
            ],
            [
              -81.6737401,
              41.4915984
            ],
            [
              -81.6735314,
              41.4916078
            ],
            [
              -81.6734011,
              41.4916204
            ],
            [
              -81.6732369,
              41.4916398
            ],
            [
              -81.6730611,
              41.4916703
            ],
            [
              -81.6729205,
              41.4916994
            ],
            [
              -81.672526,
              41.4917889
            ],
            [
              -81.6722828,
              41.4918549
            ],
            [
              -81.6721461,
              41.4918901
            ],
            [
              -81.6720047,
              41.4919178
            ],
            [
              -81.6718666,
              41.4919411
            ],
            [
              -81.6717169,
              41.4919568
            ],
            [
              -81.6715804,
              41.4919618
            ],
            [
              -81.6714392,
              41.4919617
            ],
            [
              -81.6712893,
              41.4919539
            ],
            [
              -81.6711464,
              41.4919388
            ],
            [
              -81.6709962,
              41.4919158
            ],
            [
              -81.6708664,
              41.4918922
            ],
            [
              -81.6698627,
              41.4916776
            ],
            [
              -81.6694066,
              41.4916386
            ],
            [
              -81.6698482,
              41.4917645
            ],
            [
              -81.670837,
              41.4919726
            ],
            [
              -81.6711898,
              41.4920468
            ],
            [
              -81.6720157,
              41.4922183
            ],
            [
              -81.6726314,
              41.4923458
            ],
            [
              -81.6733899,
              41.4925028
            ],
            [
              -81.6734469,
              41.4925141
            ],
            [
              -81.673544,
              41.4925341
            ],
            [
              -81.6739534,
              41.4926184
            ],
            [
              -81.6750411,
              41.4928427
            ],
            [
              -81.6752353,
              41.4928851
            ],
            [
              -81.6753243,
              41.4929031
            ],
            [
              -81.6752792,
              41.4930173
            ],
            [
              -81.6751081,
              41.4934935
            ],
            [
              -81.6749325,
              41.4939681
            ],
            [
              -81.6748892,
              41.4940904
            ],
            [
              -81.674714,
              41.4945716
            ],
            [
              -81.6745358,
              41.4950544
            ],
            [
              -81.674428,
              41.4953413
            ],
            [
              -81.6744109,
              41.4953904
            ],
            [
              -81.6743655,
              41.4955212
            ],
            [
              -81.6743175,
              41.4956583
            ],
            [
              -81.6740891,
              41.4962757
            ],
            [
              -81.6739394,
              41.4966932
            ],
            [
              -81.6738724,
              41.4968777
            ],
            [
              -81.6737839,
              41.4971105
            ],
            [
              -81.673769,
              41.497154
            ],
            [
              -81.6737569,
              41.49724
            ],
            [
              -81.6737607,
              41.4973159
            ],
            [
              -81.6737689,
              41.4973858
            ],
            [
              -81.6738859,
              41.497985
            ],
            [
              -81.6739012,
              41.4980641
            ],
            [
              -81.6739522,
              41.4983277
            ],
            [
              -81.6739614,
              41.4983802
            ],
            [
              -81.6739827,
              41.498487
            ],
            [
              -81.6740519,
              41.4986209
            ],
            [
              -81.6740683,
              41.4987203
            ],
            [
              -81.6740885,
              41.498843
            ],
            [
              -81.6741088,
              41.4990277
            ],
            [
              -81.6741174,
              41.4991323
            ],
            [
              -81.674246,
              41.4991167
            ],
            [
              -81.6745752,
              41.4990758
            ],
            [
              -81.6746742,
              41.499058
            ],
            [
              -81.6747791,
              41.4990298
            ],
            [
              -81.6748338,
              41.4990103
            ],
            [
              -81.6748893,
              41.4989907
            ],
            [
              -81.6750551,
              41.4989251
            ],
            [
              -81.6753268,
              41.4988159
            ],
            [
              -81.6755113,
              41.4987377
            ],
            [
              -81.6755959,
              41.4987048
            ],
            [
              -81.6759435,
              41.4985705
            ],
            [
              -81.6761272,
              41.4985046
            ],
            [
              -81.6765954,
              41.4983337
            ],
            [
              -81.6767889,
              41.4982663
            ],
            [
              -81.6769417,
              41.4982178
            ],
            [
              -81.6775327,
              41.4980452
            ],
            [
              -81.6776082,
              41.4980236
            ],
            [
              -81.6780254,
              41.4979005
            ],
            [
              -81.6781449,
              41.4978652
            ],
            [
              -81.6781549,
              41.4979957
            ],
            [
              -81.6781586,
              41.498044
            ],
            [
              -81.6781687,
              41.4981106
            ],
            [
              -81.6782201,
              41.4983765
            ],
            [
              -81.6782498,
              41.4985311
            ],
            [
              -81.6782804,
              41.4986861
            ],
            [
              -81.678325,
              41.4989122
            ],
            [
              -81.678503,
              41.4998138
            ],
            [
              -81.6785241,
              41.4999208
            ],
            [
              -81.678546,
              41.5000239
            ],
            [
              -81.6786618,
              41.500568
            ],
            [
              -81.6787599,
              41.501131
            ],
            [
              -81.6787713,
              41.5011964
            ],
            [
              -81.6786412,
              41.5012109
            ],
            [
              -81.6783744,
              41.5012408
            ],
            [
              -81.6780974,
              41.5012718
            ],
            [
              -81.6775841,
              41.5013293
            ],
            [
              -81.6774346,
              41.5013453
            ],
            [
              -81.6773841,
              41.5013507
            ],
            [
              -81.6767811,
              41.5014152
            ],
            [
              -81.6759313,
              41.5015061
            ],
            [
              -81.6756774,
              41.5015333
            ],
            [
              -81.6755597,
              41.5015457
            ],
            [
              -81.6747543,
              41.5016308
            ],
            [
              -81.6745733,
              41.5016582
            ],
            [
              -81.6744416,
              41.5016781
            ],
            [
              -81.6738305,
              41.5017497
            ],
            [
              -81.6734705,
              41.501778
            ],
            [
              -81.6730438,
              41.5018155
            ],
            [
              -81.6728738,
              41.5018303
            ],
            [
              -81.6724286,
              41.5018754
            ],
            [
              -81.6722591,
              41.5018961
            ],
            [
              -81.6720739,
              41.5019187
            ],
            [
              -81.6714964,
              41.5019953
            ],
            [
              -81.6710611,
              41.5020531
            ],
            [
              -81.6708931,
              41.5020728
            ],
            [
              -81.6705223,
              41.5021162
            ],
            [
              -81.6702627,
              41.5021466
            ],
            [
              -81.6700891,
              41.502167
            ],
            [
              -81.66958,
              41.5022236
            ],
            [
              -81.6694739,
              41.5022355
            ],
            [
              -81.6688528,
              41.5023053
            ],
            [
              -81.6688268,
              41.5023082
            ],
            [
              -81.6681498,
              41.502361
            ],
            [
              -81.6680193,
              41.5023747
            ],
            [
              -81.6675776,
              41.5024274
            ],
            [
              -81.6673983,
              41.5024473
            ],
            [
              -81.6674079,
              41.5025204
            ],
            [
              -81.6674148,
              41.502583
            ],
            [
              -81.6674382,
              41.5027139
            ],
            [
              -81.6674696,
              41.5028892
            ],
            [
              -81.667501,
              41.5030529
            ],
            [
              -81.667533,
              41.5032132
            ],
            [
              -81.6675543,
              41.5033202
            ],
            [
              -81.6675831,
              41.5034648
            ],
            [
              -81.6676119,
              41.5036094
            ],
            [
              -81.6676951,
              41.5040266
            ],
            [
              -81.6677075,
              41.5040916
            ],
            [
              -81.667771,
              41.5044261
            ],
            [
              -81.6677862,
              41.5045059
            ],
            [
              -81.6678126,
              41.5046427
            ],
            [
              -81.667934,
              41.5046411
            ],
            [
              -81.6679765,
              41.5046406
            ],
            [
              -81.6684052,
              41.5045931
            ],
            [
              -81.6689908,
              41.5045267
            ],
            [
              -81.669168,
              41.5045085
            ],
            [
              -81.6694152,
              41.5044811
            ],
            [
              -81.6694311,
              41.5045668
            ],
            [
              -81.6694487,
              41.5046616
            ],
            [
              -81.669458,
              41.5047115
            ],
            [
              -81.6694868,
              41.5048808
            ],
            [
              -81.6695724,
              41.5053282
            ],
            [
              -81.6697203,
              41.5061431
            ],
            [
              -81.6697322,
              41.5062089
            ],
            [
              -81.6699756,
              41.5075503
            ],
            [
              -81.6698726,
              41.5075792
            ],
            [
              -81.6699167,
              41.5076729
            ],
            [
              -81.669921,
              41.507682
            ],
            [
              -81.6703654,
              41.508216
            ],
            [
              -81.6705058,
              41.5083848
            ],
            [
              -81.67051,
              41.5083898
            ],
            [
              -81.670796,
              41.5087335
            ],
            [
              -81.6708381,
              41.5087841
            ],
            [
              -81.6710482,
              41.5090457
            ],
            [
              -81.6710585,
              41.5090967
            ],
            [
              -81.671021,
              41.509163
            ],
            [
              -81.670426,
              41.509431
            ],
            [
              -81.670121,
              41.509562
            ],
            [
              -81.6700722,
              41.509583
            ],
            [
              -81.669972,
              41.509626
            ],
            [
              -81.6702141,
              41.5098962
            ],
            [
              -81.6702983,
              41.5099973
            ],
            [
              -81.6703594,
              41.5100705
            ],
            [
              -81.6705788,
              41.5103338
            ],
            [
              -81.6707038,
              41.5104838
            ],
            [
              -81.6708058,
              41.5104427
            ],
            [
              -81.6710272,
              41.5103536
            ],
            [
              -81.6711439,
              41.5103066
            ],
            [
              -81.6713858,
              41.5102093
            ],
            [
              -81.6714785,
              41.510172
            ],
            [
              -81.6715273,
              41.5101524
            ],
            [
              -81.6716971,
              41.5100805
            ],
            [
              -81.6719273,
              41.5099852
            ],
            [
              -81.6724328,
              41.5097759
            ],
            [
              -81.6726152,
              41.5097008
            ],
            [
              -81.6728338,
              41.5096108
            ],
            [
              -81.6729213,
              41.5095747
            ],
            [
              -81.6730523,
              41.5095275
            ],
            [
              -81.6731589,
              41.5094867
            ],
            [
              -81.6735549,
              41.5093466
            ],
            [
              -81.674018,
              41.50918
            ],
            [
              -81.674586,
              41.508938
            ],
            [
              -81.6749905,
              41.5087724
            ],
            [
              -81.675072,
              41.508739
            ],
            [
              -81.6752119,
              41.508903
            ],
            [
              -81.6755989,
              41.5093568
            ],
            [
              -81.6758962,
              41.5097054
            ],
            [
              -81.675942,
              41.509759
            ],
            [
              -81.6765237,
              41.5104781
            ],
            [
              -81.676598,
              41.51057
            ],
            [
              -81.6772821,
              41.5102356
            ],
            [
              -81.6773491,
              41.5102028
            ],
            [
              -81.677445,
              41.510156
            ],
            [
              -81.6775462,
              41.5102802
            ],
            [
              -81.677814,
              41.510609
            ],
            [
              -81.6780534,
              41.5108965
            ],
            [
              -81.678078,
              41.510926
            ],
            [
              -81.6780241,
              41.5109518
            ],
            [
              -81.6772157,
              41.5113387
            ],
            [
              -81.6763457,
              41.511755
            ],
            [
              -81.6755628,
              41.512128
            ],
            [
              -81.6754155,
              41.5121982
            ],
            [
              -81.6753138,
              41.5122489
            ],
            [
              -81.675161,
              41.512322
            ],
            [
              -81.675322,
              41.512508
            ],
            [
              -81.675485,
              41.512667
            ],
            [
              -81.675804,
              41.5130679
            ],
            [
              -81.6759342,
              41.5132352
            ],
            [
              -81.675962,
              41.5132685
            ],
            [
              -81.6760768,
              41.5134063
            ],
            [
              -81.6757861,
              41.5135706
            ],
            [
              -81.6755911,
              41.5136803
            ],
            [
              -81.6750069,
              41.5140039
            ],
            [
              -81.6741816,
              41.5144704
            ],
            [
              -81.6737578,
              41.5147177
            ],
            [
              -81.6735222,
              41.5148511
            ],
            [
              -81.6734327,
              41.514901
            ],
            [
              -81.6733644,
              41.5149392
            ],
            [
              -81.6725104,
              41.5154163
            ],
            [
              -81.6719093,
              41.5157521
            ],
            [
              -81.6718667,
              41.5157762
            ],
            [
              -81.6716728,
              41.5158842
            ],
            [
              -81.6715642,
              41.5159448
            ],
            [
              -81.6716398,
              41.5160289
            ],
            [
              -81.6717276,
              41.5161265
            ],
            [
              -81.671913,
              41.516341
            ],
            [
              -81.6722071,
              41.5167066
            ],
            [
              -81.6725611,
              41.5171407
            ],
            [
              -81.6717242,
              41.5175866
            ],
            [
              -81.670989,
              41.5179783
            ],
            [
              -81.6695292,
              41.5187562
            ],
            [
              -81.6683967,
              41.5193401
            ],
            [
              -81.6672417,
              41.5199102
            ],
            [
              -81.6662364,
              41.5203879
            ],
            [
              -81.6649807,
              41.5209845
            ],
            [
              -81.6649048,
              41.5210206
            ],
            [
              -81.6637048,
              41.5215913
            ],
            [
              -81.6635348,
              41.5216721
            ],
            [
              -81.661665,
              41.5225613
            ],
            [
              -81.6616857,
              41.5225875
            ],
            [
              -81.6617648,
              41.5226846
            ],
            [
              -81.6619448,
              41.5229056
            ],
            [
              -81.6620472,
              41.5230313
            ],
            [
              -81.6622772,
              41.5233136
            ],
            [
              -81.6628355,
              41.5239832
            ],
            [
              -81.6639308,
              41.525383
            ],
            [
              -81.6638746,
              41.5248775
            ],
            [
              -81.6638326,
              41.5245001
            ],
            [
              -81.66383,
              41.5244771
            ],
            [
              -81.6650326,
              41.5238623
            ],
            [
              -81.6662528,
              41.5232385
            ],
            [
              -81.666263,
              41.5232506
            ],
            [
              -81.6662998,
              41.5232945
            ],
            [
              -81.6663602,
              41.5233515
            ],
            [
              -81.6665221,
              41.5233883
            ],
            [
              -81.6666749,
              41.5233311
            ],
            [
              -81.6666676,
              41.5230178
            ],
            [
              -81.6668896,
              41.5230219
            ],
            [
              -81.6669619,
              41.5229835
            ],
            [
              -81.66701,
              41.5229272
            ],
            [
              -81.6670874,
              41.522899
            ],
            [
              -81.6671916,
              41.5228448
            ],
            [
              -81.6673281,
              41.5228571
            ],
            [
              -81.6674114,
              41.5229632
            ],
            [
              -81.66749,
              41.5230818
            ],
            [
              -81.6675348,
              41.5232215
            ],
            [
              -81.667601,
              41.5234001
            ],
            [
              -81.667632,
              41.5234381
            ],
            [
              -81.6676916,
              41.5234745
            ],
            [
              -81.6677203,
              41.5235423
            ],
            [
              -81.6676455,
              41.523669
            ],
            [
              -81.6676784,
              41.5237424
            ],
            [
              -81.6677336,
              41.5238996
            ],
            [
              -81.6677513,
              41.5240583
            ],
            [
              -81.6677976,
              41.5241559
            ],
            [
              -81.66778,
              41.5242138
            ],
            [
              -81.6677446,
              41.5242518
            ],
            [
              -81.6677402,
              41.5242799
            ],
            [
              -81.667749,
              41.5243329
            ],
            [
              -81.6677844,
              41.5243841
            ],
            [
              -81.6678418,
              41.5244387
            ],
            [
              -81.6678904,
              41.5245479
            ],
            [
              -81.6679081,
              41.5247099
            ],
            [
              -81.6678926,
              41.5248158
            ],
            [
              -81.6678948,
              41.5248571
            ],
            [
              -81.6679258,
              41.5248968
            ],
            [
              -81.6679696,
              41.5249775
            ],
            [
              -81.6680937,
              41.5251217
            ],
            [
              -81.6681202,
              41.5251681
            ],
            [
              -81.6681312,
              41.5252077
            ],
            [
              -81.6681224,
              41.5252441
            ],
            [
              -81.6681157,
              41.5252789
            ],
            [
              -81.6681069,
              41.5253186
            ],
            [
              -81.6681091,
              41.5253533
            ],
            [
              -81.6681172,
              41.525381
            ],
            [
              -81.6681135,
              41.5254376
            ],
            [
              -81.6668851,
              41.526107
            ],
            [
              -81.6662138,
              41.5264728
            ],
            [
              -81.6646443,
              41.5273755
            ],
            [
              -81.6633748,
              41.5280871
            ],
            [
              -81.6625516,
              41.5285281
            ],
            [
              -81.6622499,
              41.5287085
            ],
            [
              -81.6622378,
              41.5287378
            ],
            [
              -81.6622446,
              41.5287704
            ],
            [
              -81.6630677,
              41.5296349
            ],
            [
              -81.6633921,
              41.529985
            ],
            [
              -81.6637645,
              41.530334
            ],
            [
              -81.6646725,
              41.531242
            ],
            [
              -81.6650667,
              41.5316131
            ],
            [
              -81.6651286,
              41.5316281
            ],
            [
              -81.6651905,
              41.5316113
            ],
            [
              -81.665625,
              41.5314103
            ],
            [
              -81.6658277,
              41.5312936
            ],
            [
              -81.6660424,
              41.5311831
            ],
            [
              -81.6674477,
              41.5303351
            ],
            [
              -81.6678532,
              41.5301251
            ],
            [
              -81.668324,
              41.5298749
            ],
            [
              -81.6688259,
              41.529558
            ],
            [
              -81.6693512,
              41.5292815
            ],
            [
              -81.6695298,
              41.5291777
            ],
            [
              -81.6697229,
              41.5290641
            ],
            [
              -81.6699778,
              41.5289278
            ],
            [
              -81.6701943,
              41.5287994
            ],
            [
              -81.6709946,
              41.5283281
            ],
            [
              -81.6710331,
              41.5283054
            ],
            [
              -81.6710949,
              41.528269
            ],
            [
              -81.6713989,
              41.5281082
            ],
            [
              -81.6717334,
              41.527922
            ],
            [
              -81.672271,
              41.5276172
            ],
            [
              -81.6728573,
              41.5272956
            ],
            [
              -81.6741085,
              41.5265532
            ],
            [
              -81.6750179,
              41.5260171
            ],
            [
              -81.6753442,
              41.5258286
            ],
            [
              -81.6755342,
              41.5257188
            ],
            [
              -81.676121,
              41.5254591
            ],
            [
              -81.6776263,
              41.5245747
            ],
            [
              -81.6800611,
              41.5232087
            ],
            [
              -81.6827671,
              41.5216906
            ],
            [
              -81.6853995,
              41.5202137
            ],
            [
              -81.6879076,
              41.5188066
            ],
            [
              -81.6888795,
              41.5182613
            ],
            [
              -81.6888818,
              41.5182012
            ],
            [
              -81.6877714,
              41.5170246
            ],
            [
              -81.6889422,
              41.5163358
            ],
            [
              -81.6910094,
              41.5154009
            ],
            [
              -81.6916662,
              41.5151012
            ],
            [
              -81.6922666,
              41.5148287
            ],
            [
              -81.6928367,
              41.5145743
            ],
            [
              -81.6932026,
              41.5143004
            ],
            [
              -81.6934123,
              41.514073
            ],
            [
              -81.693676,
              41.5137701
            ],
            [
              -81.6937449,
              41.5136062
            ],
            [
              -81.6936636,
              41.5134748
            ],
            [
              -81.6935762,
              41.5130363
            ],
            [
              -81.6934183,
              41.512758
            ],
            [
              -81.6931935,
              41.5126234
            ],
            [
              -81.6930167,
              41.5125583
            ],
            [
              -81.6927983,
              41.5123753
            ],
            [
              -81.6925642,
              41.5122037
            ],
            [
              -81.6923664,
              41.5119681
            ],
            [
              -81.6923006,
              41.5118131
            ],
            [
              -81.69226,
              41.5114243
            ],
            [
              -81.6921574,
              41.5113337
            ],
            [
              -81.6920822,
              41.5111961
            ],
            [
              -81.6920017,
              41.5110478
            ],
            [
              -81.6918811,
              41.510905
            ],
            [
              -81.6918091,
              41.5108199
            ],
            [
              -81.6918243,
              41.5107886
            ],
            [
              -81.6913119,
              41.5104864
            ],
            [
              -81.6915698,
              41.5100677
            ],
            [
              -81.691586,
              41.5100414
            ],
            [
              -81.6918015,
              41.5097037
            ],
            [
              -81.6918696,
              41.5096523
            ],
            [
              -81.6918877,
              41.5096387
            ],
            [
              -81.692366,
              41.5094025
            ],
            [
              -81.6925257,
              41.5095802
            ],
            [
              -81.6929447,
              41.5100463
            ],
            [
              -81.6934621,
              41.5097818
            ],
            [
              -81.693757,
              41.5096311
            ],
            [
              -81.693787,
              41.5096152
            ],
            [
              -81.6937993,
              41.5096306
            ],
            [
              -81.6938704,
              41.5097231
            ],
            [
              -81.6938853,
              41.5097414
            ],
            [
              -81.6940373,
              41.5096608
            ],
            [
              -81.6940882,
              41.5097091
            ],
            [
              -81.6940737,
              41.5097164
            ],
            [
              -81.693943,
              41.5097827
            ],
            [
              -81.6939975,
              41.5098374
            ],
            [
              -81.6943416,
              41.5101832
            ],
            [
              -81.6944013,
              41.5102414
            ],
            [
              -81.6951106,
              41.5098499
            ],
            [
              -81.6956978,
              41.5104936
            ],
            [
              -81.6965513,
              41.5114512
            ],
            [
              -81.697126,
              41.5111386
            ],
            [
              -81.6974303,
              41.5109789
            ],
            [
              -81.6973695,
              41.5109156
            ],
            [
              -81.6981199,
              41.5104876
            ],
            [
              -81.6980916,
              41.5104531
            ],
            [
              -81.6981146,
              41.5104288
            ],
            [
              -81.6981155,
              41.510387
            ],
            [
              -81.69764,
              41.5098538
            ],
            [
              -81.6976238,
              41.5097845
            ],
            [
              -81.6976214,
              41.5097176
            ],
            [
              -81.697629,
              41.5096629
            ],
            [
              -81.6976173,
              41.5096317
            ],
            [
              -81.69752,
              41.5096079
            ],
            [
              -81.697362,
              41.5095822
            ],
            [
              -81.6973245,
              41.5095933
            ],
            [
              -81.6972838,
              41.5096133
            ],
            [
              -81.6972857,
              41.5096519
            ],
            [
              -81.6962522,
              41.5101732
            ],
            [
              -81.6959917,
              41.5103056
            ],
            [
              -81.695417,
              41.5096698
            ],
            [
              -81.6958262,
              41.5094592
            ],
            [
              -81.6958469,
              41.5093809
            ],
            [
              -81.6957791,
              41.5093104
            ],
            [
              -81.6957148,
              41.5092336
            ],
            [
              -81.6956191,
              41.5092186
            ],
            [
              -81.6953747,
              41.5089377
            ],
            [
              -81.6954244,
              41.5087563
            ],
            [
              -81.6955423,
              41.5087334
            ],
            [
              -81.6957918,
              41.5086988
            ],
            [
              -81.6957969,
              41.5086788
            ],
            [
              -81.6957972,
              41.5086778
            ],
            [
              -81.6958378,
              41.50852
            ],
            [
              -81.695741,
              41.5085095
            ],
            [
              -81.6956956,
              41.5085035
            ],
            [
              -81.6956065,
              41.5084932
            ],
            [
              -81.6955707,
              41.5084526
            ],
            [
              -81.6954975,
              41.5083696
            ],
            [
              -81.6955231,
              41.5082516
            ],
            [
              -81.6955361,
              41.5081916
            ],
            [
              -81.6955429,
              41.50816
            ],
            [
              -81.6955523,
              41.5081556
            ],
            [
              -81.695597,
              41.5081343
            ],
            [
              -81.6958816,
              41.5079993
            ],
            [
              -81.6963488,
              41.5077721
            ],
            [
              -81.6966579,
              41.5078159
            ],
            [
              -81.6970585,
              41.5082631
            ],
            [
              -81.6969155,
              41.5087912
            ],
            [
              -81.6971698,
              41.5090776
            ],
            [
              -81.6971432,
              41.5091853
            ],
            [
              -81.6971118,
              41.5092007
            ],
            [
              -81.6970907,
              41.5092189
            ],
            [
              -81.6970905,
              41.5092466
            ],
            [
              -81.6970976,
              41.5092851
            ],
            [
              -81.6971597,
              41.509303
            ],
            [
              -81.6972173,
              41.5092952
            ],
            [
              -81.697252,
              41.5092417
            ],
            [
              -81.6972988,
              41.5090701
            ],
            [
              -81.6970435,
              41.5087611
            ],
            [
              -81.6971091,
              41.5085424
            ],
            [
              -81.6974398,
              41.5083841
            ],
            [
              -81.6979464,
              41.5089515
            ],
            [
              -81.6989693,
              41.5100972
            ],
            [
              -81.7032749,
              41.5076457
            ],
            [
              -81.7036495,
              41.5074425
            ],
            [
              -81.7026579,
              41.5063409
            ],
            [
              -81.7021848,
              41.5058152
            ],
            [
              -81.7029001,
              41.5054697
            ],
            [
              -81.7043203,
              41.5070648
            ],
            [
              -81.7051869,
              41.5065688
            ],
            [
              -81.7037924,
              41.5050063
            ],
            [
              -81.7044683,
              41.504677
            ],
            [
              -81.7058363,
              41.506209
            ],
            [
              -81.7073363,
              41.5053465
            ],
            [
              -81.7058736,
              41.5037086
            ],
            [
              -81.7066069,
              41.5033435
            ],
            [
              -81.708213,
              41.5051393
            ],
            [
              -81.7085427,
              41.5049792
            ],
            [
              -81.7084046,
              41.5048298
            ],
            [
              -81.7083702,
              41.5047925
            ],
            [
              -81.7083512,
              41.504755
            ],
            [
              -81.7086605,
              41.5046144
            ],
            [
              -81.7090752,
              41.5043769
            ],
            [
              -81.7091293,
              41.5043737
            ],
            [
              -81.7092744,
              41.5043103
            ],
            [
              -81.7094375,
              41.5041817
            ],
            [
              -81.7096446,
              41.504063
            ],
            [
              -81.7102272,
              41.5037575
            ],
            [
              -81.7104417,
              41.5036289
            ],
            [
              -81.7107032,
              41.5034904
            ],
            [
              -81.7108157,
              41.5034509
            ],
            [
              -81.7109688,
              41.5034767
            ]
          ]
        ]
      },
      "id": "way/1158798909"
    },
    {
      "type": "Feature",
      "properties": {
        "@id": "way/1387552293",
        "name": "Downtown Elyria",
        "place": "neighbourhood"
      },
      "geometry": {
        "type": "Polygon",
        "coordinates": [
          [
            [
              -82.1066076,
              41.3687434
            ],
            [
              -82.1068731,
              41.3687997
            ],
            [
              -82.1070448,
              41.3688661
            ],
            [
              -82.1071413,
              41.3689628
            ],
            [
              -82.107254,
              41.3691411
            ],
            [
              -82.1072996,
              41.3692337
            ],
            [
              -82.107608,
              41.3697136
            ],
            [
              -82.1079094,
              41.3697983
            ],
            [
              -82.1081588,
              41.3698627
            ],
            [
              -82.1083197,
              41.370058
            ],
            [
              -82.1084619,
              41.3703901
            ],
            [
              -82.1085772,
              41.3706296
            ],
            [
              -82.1087247,
              41.3708671
            ],
            [
              -82.1087677,
              41.3711832
            ],
            [
              -82.1087607,
              41.3713843
            ],
            [
              -82.1099888,
              41.3703858
            ],
            [
              -82.1102329,
              41.3701901
            ],
            [
              -82.1102487,
              41.3702338
            ],
            [
              -82.1102839,
              41.3702942
            ],
            [
              -82.1103459,
              41.37037
            ],
            [
              -82.1104058,
              41.3704251
            ],
            [
              -82.1104745,
              41.37048
            ],
            [
              -82.110629,
              41.370591
            ],
            [
              -82.1110126,
              41.3708681
            ],
            [
              -82.1110652,
              41.370906
            ],
            [
              -82.1112899,
              41.3710683
            ],
            [
              -82.111439,
              41.371176
            ],
            [
              -82.1115127,
              41.3711208
            ],
            [
              -82.1117862,
              41.3709159
            ],
            [
              -82.1118326,
              41.3708811
            ],
            [
              -82.111902,
              41.3708291
            ],
            [
              -82.1119347,
              41.3708046
            ],
            [
              -82.1120331,
              41.3707309
            ],
            [
              -82.1120874,
              41.3706696
            ],
            [
              -82.1121106,
              41.3706336
            ],
            [
              -82.1121237,
              41.3705949
            ],
            [
              -82.1121245,
              41.3705735
            ],
            [
              -82.1121269,
              41.3705108
            ],
            [
              -82.1121409,
              41.3699653
            ],
            [
              -82.1121417,
              41.3699346
            ],
            [
              -82.112143,
              41.369887
            ],
            [
              -82.1121606,
              41.3693002
            ],
            [
              -82.1121628,
              41.3692267
            ],
            [
              -82.1121615,
              41.3692173
            ],
            [
              -82.1126049,
              41.3693179
            ],
            [
              -82.113048,
              41.3694184
            ],
            [
              -82.113608,
              41.3695455
            ],
            [
              -82.114191,
              41.369678
            ],
            [
              -82.1148765,
              41.3698526
            ],
            [
              -82.1151549,
              41.3699113
            ],
            [
              -82.1154241,
              41.3699658
            ],
            [
              -82.1156838,
              41.370011
            ],
            [
              -82.1159584,
              41.3700589
            ],
            [
              -82.1167597,
              41.3690746
            ],
            [
              -82.1165996,
              41.3689185
            ],
            [
              -82.1160925,
              41.368543
            ],
            [
              -82.1157923,
              41.3680823
            ],
            [
              -82.1154721,
              41.3674164
            ],
            [
              -82.1146782,
              41.3662698
            ],
            [
              -82.1139043,
              41.3659794
            ],
            [
              -82.1133972,
              41.3657741
            ],
            [
              -82.1125951,
              41.3654538
            ],
            [
              -82.1120214,
              41.3650757
            ],
            [
              -82.1116228,
              41.3646934
            ],
            [
              -82.1113153,
              41.3644717
            ],
            [
              -82.1112682,
              41.3639725
            ],
            [
              -82.1114616,
              41.3636362
            ],
            [
              -82.1119758,
              41.3628962
            ],
            [
              -82.1121019,
              41.3627887
            ],
            [
              -82.1104042,
              41.3627897
            ],
            [
              -82.110396,
              41.363075
            ],
            [
              -82.1103805,
              41.3636692
            ],
            [
              -82.1102746,
              41.3636674
            ],
            [
              -82.1072919,
              41.3636169
            ],
            [
              -82.1071896,
              41.3636152
            ],
            [
              -82.1070649,
              41.3636121
            ],
            [
              -82.1069644,
              41.3636104
            ],
            [
              -82.1059705,
              41.3635943
            ],
            [
              -82.1052074,
              41.3635821
            ],
            [
              -82.1048838,
              41.3635769
            ],
            [
              -82.1046396,
              41.3635729
            ],
            [
              -82.1041426,
              41.3635648
            ],
            [
              -82.10403,
              41.363563
            ],
            [
              -82.1040271,
              41.363705
            ],
            [
              -82.1040197,
              41.3640694
            ],
            [
              -82.104018,
              41.364155
            ],
            [
              -82.1039177,
              41.3641521
            ],
            [
              -82.103711,
              41.364146
            ],
            [
              -82.1036769,
              41.364145
            ],
            [
              -82.1035573,
              41.3641367
            ],
            [
              -82.1034841,
              41.3641287
            ],
            [
              -82.1033891,
              41.364115
            ],
            [
              -82.1032975,
              41.364098
            ],
            [
              -82.1032412,
              41.3640849
            ],
            [
              -82.1032221,
              41.3642884
            ],
            [
              -82.1030075,
              41.3648199
            ],
            [
              -82.1026535,
              41.3652547
            ],
            [
              -82.1020312,
              41.3657217
            ],
            [
              -82.1007604,
              41.366384
            ],
            [
              -82.1001772,
              41.3666301
            ],
            [
              -82.0999447,
              41.3667282
            ],
            [
              -82.0994284,
              41.3670052
            ],
            [
              -82.0989577,
              41.367308
            ],
            [
              -82.0987127,
              41.3675025
            ],
            [
              -82.0983998,
              41.3677508
            ],
            [
              -82.0979371,
              41.3683177
            ],
            [
              -82.0978137,
              41.3686317
            ],
            [
              -82.0978472,
              41.3688499
            ],
            [
              -82.0980672,
              41.3690914
            ],
            [
              -82.0984802,
              41.3694859
            ],
            [
              -82.0987166,
              41.3697325
            ],
            [
              -82.098732,
              41.3697459
            ],
            [
              -82.0989349,
              41.3699602
            ],
            [
              -82.0992312,
              41.3701462
            ],
            [
              -82.0995907,
              41.3703112
            ],
            [
              -82.1002505,
              41.3705367
            ],
            [
              -82.1007655,
              41.3708265
            ],
            [
              -82.1010109,
              41.3710954
            ],
            [
              -82.1011517,
              41.3714948
            ],
            [
              -82.1010873,
              41.3719094
            ],
            [
              -82.100968,
              41.3722387
            ],
            [
              -82.1010377,
              41.3725125
            ],
            [
              -82.1012619,
              41.3725952
            ],
            [
              -82.1018735,
              41.3726656
            ],
            [
              -82.1024501,
              41.3726978
            ],
            [
              -82.103126,
              41.3727039
            ],
            [
              -82.1034801,
              41.3726918
            ],
            [
              -82.1037939,
              41.3726314
            ],
            [
              -82.1040407,
              41.3725368
            ],
            [
              -82.1042016,
              41.37241
            ],
            [
              -82.1043733,
              41.3722127
            ],
            [
              -82.1043974,
              41.3720618
            ],
            [
              -82.104384,
              41.3718444
            ],
            [
              -82.1043706,
              41.3712385
            ],
            [
              -82.1043867,
              41.3709165
            ],
            [
              -82.1044376,
              41.3706367
            ],
            [
              -82.1046147,
              41.3701757
            ],
            [
              -82.1047863,
              41.3698698
            ],
            [
              -82.1049875,
              41.3695839
            ],
            [
              -82.105363,
              41.3691673
            ],
            [
              -82.1054757,
              41.3690083
            ],
            [
              -82.1055534,
              41.3688875
            ],
            [
              -82.105642,
              41.3688231
            ],
            [
              -82.1058056,
              41.3687889
            ],
            [
              -82.106106,
              41.3687426
            ],
            [
              -82.1066076,
              41.3687434
            ]
          ]
        ]
      },
      "id": "way/1387552293"
    }
  ]
}