Company,Vehicle_ID,Type,Latitude,Longitude,Battery_Pct,Range_Miles,Is_Available,Is_Disabled,Is_Reserved
Veo,9bbd65f5-5069-5a4d-b031-de3ed89dc186,bicycle,40.000217,-83.018885,,25.65,True,False,False
Veo,c2aa8c7a-975d-56b7-8eeb-8bcab77ac84d,scooter,40.014226,-83.013166,,28.14,True,False,False
Veo,faf0c73e-f882-562d-95e6-099b9a7be40e,bicycle,39.99776,-83.007066,,16.84,True,False,False
Veo,cb2ba1aa-25f0-55b9-a0ef-bb60cd50e610,bicycle,39.978654,-83.011402,,9.02,True,False,False
Veo,2c1caefa-0b36-5e3c-ab37-4b995651ba78,scooter,39.933268,-82.980639,,25.34,True,False,False
Veo,3b4ca071-ca73-524e-b676-c90ae23d3c26,bicycle,39.969828,-82.874295,,26.51,True,False,False
Veo,adf70f4d-7438-5f10-ad84-5883513d5061,scooter,39.995186,-83.014655,,28.14,True,False,False
Veo,e621526b-4786-5a70-8688-7288714e8ce1,scooter,40.113724,-83.124506,,11.59,True,False,False
Veo,c44e0daa-a8ff-5044-856e-40cccddbb5db,scooter,40.001573,-83.003701,,15.18,True,False,False
Veo,8ac5eb98-b479-5c25-a75f-e06766827780,bicycle,39.994136,-83.006826,,14.61,True,False,False
Veo,fd42158e-b1f2-5abe-ace5-32aeb78015e8,bicycle,39.959171,-83.001825,,15.89,True,False,False
Veo,f7016a8b-3638-5a8d-aecf-44b620ffc0b8,scooter,39.985575,-82.995428,,13.39,True,False,False
Veo,cc79bfa5-f007-5e18-a06f-ea1b4615ec7a,bicycle,40.003939,-83.012946,,25.94,True,False,False
Veo,2db4b5f9-59ca-514e-8a78-e2d3410bec60,scooter,39.958028,-83.012332,,19.39,True,False,False
Veo,12222866-1575-52ea-9715-6f7521a2c7b2,bicycle,39.947133,-82.997457,,26.25,True,False,False
Veo,65472591-72be-5e98-a8b9-2d89f5fee639,scooter,39.942013,-82.994926,,25.34,True,False,False
Veo,45ad5fa1-5d0e-5ff5-aae3-bc28c4f349ef,scooter,39.989922,-83.005133,,13.1,True,False,False
Veo,64617332-74e1-5c75-ab67-4ac36e0b07f2,bicycle,39.968153,-82.977157,,28.14,True,False,False
Veo,7933e2f6-1246-5e7c-8aef-ac2b82a4a680,scooter,40.00465,-83.009889,,25.74,True,False,False
Veo,df8b6c0a-5506-59f5-997c-636577655ae7,scooter,39.947488,-83.049293,,27.77,True,False,False
Veo,103a4bb7-dd77-53e3-a5fb-0de020aa40f9,bicycle,40.002696,-83.020468,,25.12,True,False,False
Veo,7a8e4855-4da3-5ab6-af1b-bf1eeeb79379,bicycle,39.944648,-83.016532,,26.78,True,False,False
Veo,e85d9f64-577d-5904-82a9-d787174a186c,scooter,40.020849,-83.038215,,14.43,True,False,False
Veo,9d3cab82-0f38-553a-8c35-862b7f02f5be,scooter,39.951385,-83.022737,,6.98,True,False,False
Veo,468d03c8-24b9-5c88-82c9-aad81b3f7507,scooter,39.963301,-82.953207,,28.14,True,False,False
Veo,07dc8e97-69d7-59e1-9237-d2679f567c8c,bicycle,39.999084,-83.018982,,22.05,True,False,False
Veo,6ef99f49-1db7-574a-9fe9-605bf9ef3057,bicycle,39.998178,-83.008029,,18.67,True,False,False
Veo,868dc5d5-899f-53f8-b13d-0234c1459b98,scooter,40.015216,-83.013773,,6.98,True,False,False
Veo,2e0cb25e-b85d-55a3-805c-6e4ed9670edd,bicycle,39.955767,-83.027613,,5.83,True,False,False
Veo,46aea2a1-5df2-589c-ad35-70a73ae6a3e4,scooter,39.968931,-83.003852,,28.14,True,False,False
Veo,c7347a99-dcc6-5cc7-b0e3-8dfcb36a5f23,scooter,40.001213,-83.008389,,24.06,True,False,False
Veo,756c638a-46d7-5f81-bbd4-992b91b1e274,bicycle,39.985542,-82.997251,,24.84,True,False,False
Veo,1fd64c1a-e54c-576a-a2db-dbcdc3d20fa8,scooter,40.00647,-83.00919,,28.14,True,False,False
Veo,351bab87-5d05-5172-acbf-1b4048b18139,scooter,40.015909,-83.030204,,28.14,True,False,False
Veo,3ff968d4-c981-5147-beec-db8dd6e75cef,scooter,40.102716,-83.110133,,28.14,False,True,False
Veo,c5a3bc75-218a-5af8-8300-05f3b2a3253d,scooter,39.960926,-83.0032,,28.14,True,False,False
Veo,2529dd06-7f9f-52be-915b-939b7b0f36f8,scooter,39.998114,-83.021249,,28.14,True,False,False
Veo,80221f67-f7fa-5567-9ee1-e4427b908093,scooter,40.00731,-83.009024,,23.02,True,False,False
Veo,0dd3c27d-6f35-570e-a9bc-b058a90b564c,scooter,39.958459,-83.002772,,21.15,True,False,False
Veo,5bbbe522-63e4-5152-854c-41bf490cf69a,scooter,39.991112,-83.012891,,22.39,True,False,False
Veo,88f8906a-d356-5bff-88c8-998316957bb1,bicycle,39.956566,-83.035532,,28.14,True,False,False
Veo,ce916a30-b43b-58d1-837e-705a14acfccf,bicycle,40.002004,-83.001135,,25.74,True,False,False
Veo,3661c295-22f0-5045-9b7d-14742b4a70bb,bicycle,39.880336,-82.997638,,11.11,True,False,False
Veo,34eb1e78-4e4b-5236-a3c4-2ac1b07fd5a3,scooter,39.958685,-83.012822,,25.34,True,False,False
Veo,99868afe-1ae6-5118-86db-cee7b02971e7,scooter,39.942045,-82.994927,,8.09,True,False,False
Veo,61fe9a1b-5863-5752-9bf9-71f79ae0dd5d,scooter,40.000142,-83.008206,,27.02,True,False,False
Veo,ae3d4b41-0e08-59b5-8134-34745a543e9f,bicycle,39.961607,-82.98351,,28.14,True,False,False
Veo,c4f2805c-7a0b-5800-9e71-577e449ba239,scooter,39.968952,-83.003717,,28.14,True,False,False
Veo,2af923bb-d10c-53bd-81cf-a61006eb01ee,bicycle,39.941799,-83.060075,,25.12,True,False,False
Veo,cf2dd1a8-6fce-534a-977d-404851fac4d7,scooter,40.000252,-83.019292,,19.39,True,False,False
Veo,44abd830-9850-5b22-8813-83ff80af49b0,scooter,39.996849,-83.010828,,11.83,True,False,False
Veo,e2cbb330-3634-5092-be18-617e7a769f94,bicycle,39.965966,-82.991442,,13.64,True,False,False
Veo,0e8e93eb-f072-5484-9796-97de54c44577,bicycle,40.003514,-82.999172,,24.33,True,False,False
Veo,39f1b75a-1e3c-5a55-ab4f-5f0746e749f1,bicycle,39.955087,-83.036537,,26.25,False,True,False
Veo,48aa0913-a811-51ef-8197-ab6241b5746b,scooter,39.966372,-82.992864,,22.7,True,False,False
Veo,d1659edb-0df3-5c12-afd6-e18d548c0299,scooter,39.946806,-82.987032,,28.14,True,False,False
Veo,363b9fe1-164b-5125-93ae-619a2173e82c,scooter,39.995939,-83.014612,,19.78,True,False,False
Veo,424aebc3-1b1a-51b2-8ff2-a4706ed727dd,scooter,39.963034,-82.976465,,9.97,True,False,False
Veo,a1d6af10-d4d4-5f83-bd97-3cee614aac40,bicycle,39.995881,-83.03805,,13.1,True,False,False
Veo,454e6a72-42a6-57b2-b351-5569690d11e0,bicycle,39.983241,-83.005393,,21.77,True,False,False
Veo,e9c469e1-4e4c-5025-8df8-1f1215626e4d,bicycle,39.944425,-82.97318,,22.05,True,False,False
Veo,f3809041-12ff-59ef-90d0-b17e6e35851e,scooter,39.993474,-83.035475,,28.14,True,False,False
Veo,52c4777e-44df-5edf-9d6d-9c1d2a9d231a,bicycle,39.996392,-83.010462,,25.74,True,False,False
Veo,70d179b3-aa4c-59b7-ad65-7d0581ad01a3,bicycle,40.06066,-83.039773,,16.39,True,False,False
Veo,358efaf0-0087-5162-a37e-9d5927d7d9e3,bicycle,39.991267,-83.037655,,19.78,True,False,False
Veo,851f8020-fbec-5a97-bace-cc5705852b16,scooter,40.098836,-83.114448,,23.02,True,False,False
Veo,1fd4ad00-4ce6-5d6a-ab1b-f2954ca07c28,bicycle,40.007075,-83.019798,,13.64,True,False,False
Veo,b13b31fd-e422-570b-ba61-f662b965bc3e,scooter,39.969823,-83.00879,,12.07,True,False,False
Veo,0c0eed4d-ae17-57e5-8261-19fa5733af8c,scooter,39.993675,-83.006531,,5.27,True,False,False
Veo,64391116-8c40-5a5d-8610-9526ed681e0d,bicycle,39.994275,-83.005625,,15.89,True,False,False
Veo,cf7c13bb-c99a-5e67-9dc1-c6b1125bb404,bicycle,39.926545,-82.987387,,15.89,True,False,False
Veo,d653908d-3c99-5f9f-96bf-3e4bc7697c7d,bicycle,39.999739,-82.993345,,28.14,True,False,False
Veo,c0e87aa8-6f16-585a-8c34-600503f78f25,bicycle,40.10391,-83.10969,,1.15,True,False,False
Veo,2acb136d-b749-5f0e-9d03-6075b7bbcd63,scooter,39.963154,-83.004209,,10.51,True,False,False
Veo,a6496acb-b16b-5c94-8b35-69b08b677121,bicycle,39.954811,-83.015602,,15.89,True,False,False
Veo,4414ce96-3a6f-5d39-9545-6d624a338dd2,bicycle,39.900086,-82.956712,,21.49,True,False,False
Veo,e74df166-56c5-50ac-85ec-758c91ec384b,bicycle,39.985325,-83.044842,,24.33,True,False,False
Veo,b0623930-8dc6-532c-9ed3-6a5697dfdac8,scooter,39.963255,-82.981372,,14.86,True,False,False
Veo,afebc500-4626-5fd8-97f5-cdaeb408a1e3,bicycle,39.956122,-82.945304,,25.94,True,False,False
Veo,f7e7f2ad-fa3a-5088-9c6c-6cb790f1e7f2,bicycle,39.968297,-83.004061,,12.87,True,False,False
Veo,dd64cea7-efee-5338-8de0-63aa49a0fd77,bicycle,39.971867,-83.003393,,22.05,True,False,False
Veo,40ab9867-8df3-57b9-bc45-5c47bbc72b9e,scooter,39.964971,-82.964412,,17.89,True,False,False
Veo,6a36dd05-c48b-5e95-8767-531fc528f0c5,scooter,40.002327,-83.016026,,22.39,True,False,False
Veo,8269bc33-6b4d-590e-b065-245dee34c0a7,scooter,40.006241,-83.017969,,12.63,True,False,False
Veo,ab8e258a-d80a-514d-b189-4077527a9f4e,scooter,40.005251,-83.014523,,26.25,True,False,False
Veo,0d6fa0d9-3ecc-5510-b467-6e73b256f894,scooter,39.965023,-82.976067,,26.78,True,False,False
Veo,6a2d2a4a-b51b-5378-9fbc-1f00abe0d657,scooter,40.000143,-83.00813,,12.63,True,False,False
Veo,456d9183-8eac-5bda-a7dc-89c55f36ef85,bicycle,40.001286,-83.003799,,27.77,True,False,False
Veo,c22497fe-87ee-5cec-8276-10bda6e8f6d9,bicycle,40.005275,-83.010624,,15.45,True,False,False
Veo,24928662-e43a-5892-b062-7a7cebdc1f99,bicycle,39.943631,-83.084649,,28.14,True,False,False
Veo,93909a5d-4527-5a1e-9ba7-5c211660466b,bicycle,40.067492,-82.978801,,16.84,True,False,False
Veo,2b046051-6b28-5179-8853-e2fb2dc73789,bicycle,40.010695,-83.003952,,14.86,True,False,False
Veo,8b34a71b-f716-5dfd-ad2f-44e2ee47eb70,bicycle,40.009371,-83.014224,,27.77,True,False,False
Veo,f2f3e1dd-f724-50ab-a230-7cdce7cd20c9,scooter,39.960556,-82.998436,,27.44,True,False,False
Veo,bd9296bc-b9b0-552c-980e-e453b51936c4,scooter,39.956382,-82.999207,,28.14,True,False,False
Veo,74a8dd34-66f4-5f2d-9604-4492269823ca,scooter,39.998407,-83.009908,,15.89,True,False,False
Veo,cfacf203-e538-5f8c-9258-ec658fb3be77,scooter,39.959567,-83.012849,,11.11,True,False,False
Veo,ecb1db12-ed46-5eca-b97c-18246ba1c1fb,scooter,40.023378,-82.923129,,2.09,True,False,False
Veo,487e1ae7-c792-5a67-ad65-243870932a9c,scooter,39.953947,-83.013187,,14.61,True,False,False
Veo,689ea0e8-7fc1-5d16-9ff7-0be375581333,bicycle,39.946099,-83.057969,,18.67,True,False,False
Veo,ecc91dea-ccf6-551a-93eb-185212ba445d,scooter,40.089833,-83.094016,,25.12,True,False,False
Veo,4181705e-e4b5-5ebc-8d7c-eb09298288f5,scooter,39.969085,-83.003705,,10.79,True,False,False
Veo,e2c9be35-2c43-54b8-a636-48db37b6da1f,bicycle,39.941971,-82.994928,,13.64,True,False,False
Veo,dd3c923e-44bb-55d7-be78-52f1259fcd7b,bicycle,39.997059,-83.019456,,28.14,True,False,False
Veo,9cfa5c9f-ee04-5405-b51d-f42363272166,scooter,39.961229,-83.006499,,26.51,True,False,False
Veo,cd3ed600-e39b-54b7-a3aa-aee7a7f4f4d3,scooter,39.995386,-83.030836,,25.74,True,False,False
Veo,76a7775f-6c3c-585b-a6b2-17639c601016,bicycle,39.949401,-82.984651,,14.86,True,False,False
Veo,ed241f2e-8401-54b1-b906-c39d60a967d7,bicycle,40.023225,-82.976389,,21.77,True,False,False
Veo,94fcbb09-156e-520a-8dd1-6e68d3e46aea,scooter,39.953047,-83.022903,,16.84,True,False,False
Veo,1f03da70-87b1-5410-bcd6-6d773e0e8f12,bicycle,39.923324,-82.963159,,24.84,True,False,False
Veo,b227a7b3-9a51-5bc0-a083-149e95e56f84,bicycle,39.994967,-83.006685,,27.77,True,False,False
Veo,ef8728e9-bcb3-5752-be24-8fdab87918f6,scooter,39.969049,-83.003765,,10.79,True,False,False
Veo,57055708-6495-55eb-91ae-c1526c0ecab0,bicycle,39.996184,-83.012582,,6.31,True,False,False
Veo,96823e80-6216-5ca2-914a-fb99f3179a31,bicycle,40.025168,-83.034291,,25.94,True,False,False
Veo,d9809b82-02cf-53cc-b640-8ee706fede62,scooter,40.099005,-83.110101,,27.77,True,False,False
Veo,7bdbbcc1-c125-5d03-8548-beed93e24093,bicycle,39.94309,-82.955417,,28.14,True,False,False
Veo,fb41c7dd-e6d4-555f-b8f0-8e606f3d29d2,bicycle,40.046534,-83.004125,,21.77,True,False,False
Veo,4dc596a2-26ff-51a3-a6e6-50c76cbf441a,bicycle,39.96906,-83.00083,,27.77,False,False,True
Veo,70ea88f0-da2e-5379-823c-c1843cf5a1a4,scooter,39.994218,-83.008302,,28.14,True,False,False
Veo,5d819bcd-73e5-5706-ae65-95a8566f585a,scooter,39.958818,-82.956217,,25.74,True,False,False
Veo,351c3547-a615-5c46-aae6-4d599b1c6232,bicycle,40.036512,-82.963013,,28.14,True,False,False
Veo,77caa819-48bb-55e1-9b95-a6011836bf9d,scooter,40.010904,-83.015474,,28.14,True,False,False
Veo,73d9d818-ad37-512a-95cd-b14044ecde89,bicycle,39.964847,-82.96271,,4.78,True,False,False
Veo,c449cfe1-7234-58dd-9bd3-b5dd2bcb07a3,bicycle,39.964951,-82.96444,,26.51,True,False,False
Veo,e9acc7e5-91d0-5d2f-ba8c-da9d6a2be5af,bicycle,40.00028,-83.017966,,6.98,True,False,False
Veo,e10d2e1b-33b9-5a81-884e-8ba15ed8cb91,bicycle,39.978641,-83.011435,,28.14,True,False,False
Veo,32ca63f5-42f5-51bb-a894-3b7ff7d17541,bicycle,39.992231,-83.015113,,20.05,True,False,False
Veo,a5bd6825-28ef-5a58-9ecb-932cc10033a0,bicycle,39.972117,-82.956194,,19.39,True,False,False
Veo,ff9e330d-0de9-554d-9b68-73880b1b5e94,bicycle,39.969503,-82.969864,,28.14,True,False,False
Veo,079a5cab-8604-5b46-93f3-4efb31b0f77c,bicycle,39.96322,-82.981285,,28.14,True,False,False
Veo,9e0def9a-c005-5f30-b8a9-05c49e6b4f60,scooter,40.003903,-82.973251,,24.06,True,False,False
Veo,6b78d043-9898-5ecc-b6c3-c46f65351882,bicycle,39.998944,-83.03967,,10.51,True,False,False
Veo,b6176ab0-3cec-5f1e-a694-720b9fcc244a,scooter,39.991646,-83.010643,,12.87,True,False,False
Veo,8f466050-663a-5ae7-9f51-87a8cf33007e,scooter,39.937495,-82.960101,,25.65,True,False,False
Veo,bddf3152-8492-52b6-a0fb-9e35bb1475eb,bicycle,39.997825,-83.005994,,14.17,True,False,False
Veo,598cb630-566c-59d3-b1be-ec32a39a1bfa,bicycle,39.946918,-82.965203,,2.55,True,False,False
Veo,ad9ba35c-3558-52a0-8ccc-1932161d7bbf,bicycle,39.986604,-82.983069,,13.1,True,False,False
Veo,cbd4347c-fcd9-5850-8453-c81c029472d2,bicycle,39.998079,-83.009411,,21.77,True,False,False
Veo,55dc5800-92de-5bcc-bd56-5b21e7b4fc84,scooter,40.001168,-83.008436,,28.14,True,False,False
Veo,be58bfde-fd73-5454-8974-717d31a25d24,bicycle,39.974938,-82.906967,,8.43,True,False,False
Veo,a131f89a-2f5d-5434-aec5-1b40ddd4bb17,scooter,39.946331,-82.96272,,12.52,True,False,False
Veo,020856fb-c04d-57e3-951e-0d32725a97a7,bicycle,40.017849,-82.966882,,5.27,True,False,False
Veo,b6aa9233-d406-5449-ba43-be38cb06baa9,scooter,40.003352,-82.99914,,28.14,True,False,False
Veo,ed7e05dd-8dd2-54ce-a233-a74b8f656bfe,bicycle,39.992323,-83.00663,,14.17,False,True,False
Veo,fe3980ea-12c4-5ad4-b4dd-a5f5a9110717,bicycle,40.004893,-83.001947,,27.02,True,False,False
Veo,58378de9-cd02-5a36-a862-82595f336c26,bicycle,40.005649,-83.010255,,4.19,True,False,False
Veo,115afeee-79c0-56be-87a4-b4e189ceb198,bicycle,40.016994,-82.978383,,17.89,True,False,False
Veo,058ea434-d8dd-5cda-ab56-ee005e66dfcb,scooter,40.005065,-83.0171,,24.84,True,False,False
Veo,9ee43292-5748-56a1-a32b-382243829c13,bicycle,39.965599,-82.995154,,2.79,True,False,False
Veo,cb224afb-3b8d-59d0-be52-3600729de5a7,bicycle,40.071554,-82.942285,,2.09,True,False,False
Veo,f396464f-b4e2-55b2-ba00-c93b45f8381a,bicycle,39.957701,-83.003641,,25.74,True,False,False
Veo,e88183da-5263-54e6-8808-e1ce00c83344,bicycle,39.942419,-82.982189,,14.61,True,False,False
Veo,72e8b7f9-3b6c-52db-8950-baee965fa231,scooter,39.949166,-83.106911,,19.05,True,False,False
Veo,7e7a67cb-5d5a-5549-9c7d-1ec4142b1bff,bicycle,39.967457,-82.997816,,13.86,True,False,False
Veo,86afe6b3-11c0-5681-92d6-bcf6f2d9258f,bicycle,39.967173,-83.005184,,19.05,True,False,False
Veo,8cd6f061-fd6e-592c-b602-3a5463114e24,bicycle,40.001924,-82.976329,,28.14,True,False,False
Veo,6fc30482-336f-54e3-91e8-a568450ca96f,bicycle,39.987324,-83.009938,,27.77,True,False,False
Veo,691bf513-cad9-54c3-b107-bf633989a7dc,scooter,39.942045,-82.994899,,11.83,True,False,False
Veo,71e0fa6d-3a2c-5b2b-8afd-36de35410d36,bicycle,40.017777,-82.965808,,14.17,True,False,False
Veo,500bd4cd-7502-5162-a5d9-5e78adfb6121,bicycle,40.101764,-83.108225,,1.83,True,False,False
Veo,5d719951-f446-5efd-85f1-270f756b4e1b,bicycle,39.9559180801078,-82.94530223016405,,0.0,True,False,False
Veo,10526aa5-7c97-57fd-b986-b480bd6956b4,bicycle,40.099649,-83.113919,,13.64,False,False,True
Veo,fb9ae464-8b4c-5eaa-91ff-afe7d2657ef5,bicycle,40.018547,-82.978244,,28.14,False,True,False
Veo,282c5c04-c39e-55e9-8085-612496508d60,bicycle,39.960171,-83.000423,,22.7,True,False,False
Veo,73b91c64-7051-5bdf-8a13-5cccdec69838,bicycle,40.090717,-82.989671,,28.14,True,False,False
Veo,6568d125-4dea-5273-b904-cfda976922c0,scooter,39.995278,-82.996154,,13.39,True,False,False
Veo,0716bc5c-bc5c-5a45-aeaa-4af183329eb0,bicycle,39.988676,-82.9486,,16.39,True,False,False
Veo,095f066a-a033-5f4b-a3e7-76c3352f6ec5,scooter,40.013266,-83.008095,,28.14,True,False,False
Veo,caad1882-14bd-55ad-bec8-868778461c9d,bicycle,39.961374,-83.003272,,26.25,True,False,False
Veo,099619d4-2a59-5376-8c9d-cc82a60cf4d2,bicycle,40.096463,-82.925739,,5.27,True,False,False
Veo,fb885375-0366-525f-9779-7a3573a728b9,bicycle,39.999912,-82.995812,,14.43,True,False,False
Veo,14c206f6-1842-51f9-9cfa-262b2d1936e4,bicycle,39.88283,-82.941963,,11.59,True,False,False
Veo,c48eab0b-9c7b-55ec-b851-c58301453163,bicycle,40.10508,-83.110522,,14.86,True,False,False
Veo,c4d506cd-6a70-5aa6-b9e2-49fad4ae4c58,bicycle,40.008695,-83.012823,,10.31,True,False,False
Veo,6a0cc409-f785-515c-89de-7c81235c9b65,bicycle,39.966541,-83.006122,,12.52,True,False,False
Veo,c374b9f4-3122-5e46-ac2f-7a254300aba2,bicycle,39.957678,-83.041189,,9.97,True,False,False
Veo,b23d98fa-fb65-5c03-9620-eeab1598a029,scooter,39.95895,-83.012834,,20.05,True,False,False
Veo,b3fc81fa-659e-5825-8744-77dab3a1b53b,bicycle,40.004162,-83.01641,,12.87,True,False,False
Veo,2c2c63a9-25e3-535f-8701-ab2dbd212bc3,bicycle,40.047895,-83.025385,,18.19,True,False,False
Veo,bd6acd5b-6a53-5ddd-93a7-affd025e1987,bicycle,39.995476,-83.040724,,14.61,True,False,False
Veo,f746b273-5275-50b4-b33a-9a9055d9b17e,bicycle,40.017537,-83.005934,,15.89,True,False,False
Veo,77b66185-bce8-52c8-b6c8-daf274f23514,bicycle,39.991987,-83.007724,,13.86,True,False,False
Veo,aa165685-b63b-5034-87a9-871fa134a3a8,bicycle,40.000281,-83.017937,,25.94,True,False,False
Veo,453eff7e-daab-53ab-b577-d8b2994e3568,bicycle,39.965248,-83.083141,,12.07,True,False,False
Veo,b297d406-9fc9-5828-babf-613bc2ab7a94,bicycle,39.960494,-83.012832,,27.77,True,False,False
Veo,d5e1724f-37e2-5da5-887c-cccdb9caad7a,bicycle,40.002644,-83.016408,,25.74,True,False,False
Veo,f93061c0-8558-52e8-a1be-91770844e91f,bicycle,39.994154,-83.006817,,24.33,True,False,False
Veo,2fbf7ee0-6a6c-50be-ad39-788706834745,bicycle,40.064899,-83.051262,,25.94,True,False,False
Veo,53222a38-494a-5fe7-ad94-9e11dfe823ac,scooter,39.946549,-83.054765,,28.14,True,False,False
Veo,f77d15b5-838d-5ba3-90f7-f479575ba9d1,bicycle,39.993595,-82.981105,,9.29,True,False,False
Veo,fb685f13-383d-5a34-b545-71a9abb34fb8,bicycle,39.990239,-83.005777,,25.94,True,False,False
Veo,01e19733-6362-519e-b04f-ef9d55c3285f,bicycle,40.017216,-82.992755,,25.94,True,False,False
Veo,169b019a-8a3a-5c59-b27f-9b8ccbc26d51,bicycle,39.908952,-82.962167,,25.74,True,False,False
Veo,61ba8d29-e9bc-5a73-97a1-20033582a349,bicycle,40.011391,-82.975826,,26.25,True,False,False
Veo,3a6ea13f-fc85-5850-801b-0cb787226215,bicycle,39.925146,-83.057919,,6.67,True,False,False
Veo,17cd2cde-b9f8-5094-8035-8e0918505efc,bicycle,39.956006023799915,-82.94531784200363,,0.0,True,False,False
Veo,8bf4ac30-7320-5e4b-91fa-64f3cde587c7,bicycle,39.948501,-83.053366,,28.14,True,False,False
Veo,09010eb1-346c-5d50-9187-bf1266d749f7,scooter,40.004064,-83.016097,,19.39,False,True,False
Veo,29dcdae1-68a5-57ad-9048-2fa5ed7708c7,bicycle,40.085445,-82.985032,,25.94,True,False,False
Veo,c6dbbb45-62e0-51dd-8be4-b5c61752ed86,bicycle,39.969202,-83.002315,,23.77,True,False,False
Veo,e682b365-8b7c-5179-bae0-bcc9f8e640d7,scooter,39.984242,-82.999157,,28.14,True,False,False
Veo,1ec22d00-2776-544e-9c81-21fa9a503c4c,bicycle,40.000726,-82.949134,,14.61,True,False,False
Veo,25a764db-1d12-5be5-8870-f3c85544596c,bicycle,40.000279,-83.019075,,26.78,True,False,False
Veo,fb3751a5-c147-5b3d-af57-803b3df20594,scooter,39.944646,-82.989586,,27.77,True,False,False
Veo,c67e0cad-923f-5679-8a19-a29528af8046,scooter,39.996494,-83.041208,,19.78,True,False,False
Veo,7f236bb0-dd44-5622-aaa4-6cbd733fd5ee,scooter,40.004552,-83.012626,,27.02,True,False,False
Veo,4ac2a338-d56d-5ad6-bd0e-87841391bd39,bicycle,39.940492,-83.013531,,18.67,True,False,False
Veo,890c08d2-3e78-5959-9571-e8f2de58956b,scooter,40.001946,-83.014022,,28.14,True,False,False
Veo,997b84ab-99dd-5272-b4a5-cd21c2b37814,bicycle,40.026387,-82.969917,,25.94,True,False,False
Veo,6d8a12fb-9c81-5f62-8645-47cc9a454efa,bicycle,39.937586,-82.959649,,24.84,True,False,False
Veo,214dc680-3a5e-588f-833b-fb1aa872a09e,scooter,39.992732,-83.038955,,28.14,True,False,False
Veo,92953d65-ab89-5f3c-bcbe-e644e689d66a,bicycle,39.993683,-83.013697,,28.14,True,False,False
Veo,166fb0a7-9c5b-59b2-9e1b-abb671e50275,bicycle,40.001871,-83.00041,,22.05,True,False,False
Veo,0ed5f5f9-230a-5b09-bd38-4a56d9b1fe38,bicycle,40.010453,-82.970105,,22.05,True,False,False
Veo,583292d6-a222-5167-8980-d7c37e2b6300,scooter,39.967416,-83.077114,,14.43,True,False,False
Veo,48126031-5531-504e-bcb4-b1275796f13d,bicycle,39.944619,-82.98959,,28.14,True,False,False
Veo,3db5c0de-8ddd-583c-a654-84b0e79e71c7,bicycle,39.996996,-82.975205,,27.44,True,False,False
Veo,178d9c3e-4ad6-5dc8-8eb3-af9d5da4763c,bicycle,39.93036,-82.961401,,12.87,True,False,False
Veo,e9e86962-c6d9-5bb0-a515-2ba40e9b0c1c,bicycle,40.005391,-83.014492,,26.25,True,False,False
Veo,f6fe6157-c337-59dd-b592-fb5ded109687,bicycle,40.004363,-83.011982,,28.14,True,False,False
Veo,8b05cac4-1051-511b-b51e-7b0cadc0ebeb,bicycle,39.983937,-83.045562,,24.06,True,False,False
Veo,844ab8cf-b6b5-5618-9125-b676cf77cf10,bicycle,40.001395,-83.008083,,25.65,True,False,False
Veo,01ed020a-cbe3-59b4-a353-d1a1a124922b,bicycle,39.958554,-83.002711,,28.14,True,False,False
Veo,ea09d799-d0db-5569-b2c0-9f3f9ffe66b3,bicycle,40.01071,-83.006306,,22.39,True,False,False
Veo,64a6928f-1591-51ac-ada0-de30f0c9b5da,scooter,39.982631,-83.014103,,28.14,True,False,False
Veo,57a55116-53e1-531b-8022-77241ce6c819,bicycle,39.995839,-82.940768,,26.25,True,False,False
Veo,67b60398-aca1-5bd4-9c09-caedef7cc12b,bicycle,39.994244,-83.006184,,12.87,True,False,False
Veo,63821972-1104-5f46-ab09-e8b672def2a3,bicycle,39.996018,-83.019886,,27.02,True,False,False
Veo,d1d86811-e059-5e34-bc5a-1ad3ecf7a9b3,bicycle,39.994185,-83.005681,,22.7,True,False,False
Veo,1c992590-da11-5e90-a173-d11a3b7d3a0c,bicycle,40.032933,-82.905954,,10.51,True,False,False
Veo,bb58406f-f938-5b43-a38e-93c3c4e06dc1,bicycle,39.965999,-82.969134,,6.98,True,False,False
Veo,8a4f5fca-eb0b-544a-add0-0ae07ba8ba3c,bicycle,39.956905,-82.978753,,27.77,True,False,False
Veo,8fe0c5d4-d343-5d06-a602-e147bbcb18c3,scooter,40.000105,-83.00814,,13.39,True,False,False
Veo,c72c04f2-5b45-5060-9da5-8de0c1470464,bicycle,39.955874,-83.0031,,20.05,True,False,False
Veo,f08e8151-55dc-58ff-b565-174991956c20,scooter,39.958777,-82.99985,,20.37,True,False,False
Veo,175f637b-3341-5f38-813b-0141b1ddfb74,bicycle,40.031759,-82.970547,,28.14,False,False,True
Veo,965c29ce-ea96-5038-8b68-f64124af6b54,bicycle,40.013362,-82.971233,,13.86,True,False,False
Veo,7c162872-267f-57b0-8d21-97e0415a52d0,bicycle,40.006339,-83.002872,,28.14,False,True,False
Veo,70c11373-1b06-58ae-b536-b78b7f17275a,bicycle,40.021602,-83.028761,,27.77,True,False,False
Veo,ba716427-46e0-5c6b-bbf1-e74cbbce35db,bicycle,39.973442,-82.974715,,15.18,True,False,False
Veo,2b65fa06-5ada-5f5c-9b32-865020db9a87,bicycle,39.960533,-83.04043,,24.33,True,False,False
Veo,3932403a-4f0a-57e7-90f8-80588f9c9ad7,bicycle,39.997434,-82.999108,,28.14,True,False,False
Veo,516994da-3568-5e0a-869c-3c1637db44ee,bicycle,40.103819,-83.109493,,2.09,True,False,False
Veo,6c0fc05d-7fcf-53d3-b4d4-fa1287d59c7f,bicycle,40.021668,-83.01155,,14.43,True,False,False
Veo,2b1c58ce-7c7a-515d-ad40-b0d7b8f7b8ca,bicycle,40.08427,-82.967592,,14.61,False,True,False
Veo,ddd0c429-6b54-530a-b795-d7e9ccc63c6a,bicycle,39.992748,-83.044586,,28.14,True,False,False
Veo,ea9eeb2b-8e93-5ec1-a74d-a3134ffa15d4,bicycle,39.994755,-83.008747,,14.61,True,False,False
Veo,19292a79-343b-5a2a-993a-5186d3a08a64,bicycle,40.00087,-83.014077,,14.43,True,False,False
Veo,9cb5242e-efe3-589c-98f5-1ae7d6a2660c,bicycle,39.961261,-83.00648,,28.14,True,False,False
Veo,38bce30f-c9b4-5c78-bae3-0d76d6aa25f7,bicycle,40.004073,-83.012929,,28.14,True,False,False
Veo,f47fd9a3-d49f-5ed9-a01f-73055ea9e315,bicycle,40.001176,-83.001351,,28.14,True,False,False
Veo,e972cba9-c294-5933-a738-f7a289add099,bicycle,39.995763,-83.011948,,20.78,True,False,False
Veo,2a834e87-0028-5b63-9207-455a2c796107,bicycle,40.010329,-82.968814,,28.14,True,False,False
Veo,45850ba6-1346-5fab-ba43-f3f9b5d84a36,bicycle,40.00389,-83.013018,,14.17,True,False,False
Veo,5df57336-274e-5d85-bedf-706142b55b1a,bicycle,40.090778,-83.048843,,18.67,True,False,False
Veo,50b49994-41ed-5487-ad9f-bca4617c077e,bicycle,39.970515,-83.002734,,28.14,True,False,False
Veo,8237f6b7-6235-54b2-acba-e75cd44255bd,bicycle,40.009146,-83.000277,,25.94,True,False,False
Veo,6a43eeb2-caa4-54f3-aa16-824d338a4f27,bicycle,39.997428,-83.01554,,22.7,True,False,False
Veo,42578e8a-162d-5035-8444-3e7a1ab47e69,bicycle,40.099648,-83.113926,,25.12,False,False,True
Veo,9c3a6239-d411-5653-a518-416633d62ca2,bicycle,40.037244,-83.009703,,28.14,False,True,False
Veo,0db9e8cc-9e5e-575d-a8a4-b3a0bb308532,bicycle,40.026898,-83.020341,,28.14,True,False,False
Veo,07191942-a994-530d-869d-3e0b44e2b83b,bicycle,39.994594,-83.008077,,27.77,True,False,False
Veo,d62ee1c8-c121-5ad3-a2b4-6ed02a5fd519,bicycle,39.998409,-82.996149,,28.14,True,False,False
Veo,b61348f8-ba82-5546-89e0-3c9add3cc4e2,bicycle,39.945254,-83.056094,,20.78,True,False,False
Veo,b502c6fe-402c-5e1d-9039-270afadc4b17,bicycle,39.999289,-83.021468,,23.33,True,False,False
Veo,ba4c70cd-00ab-538b-a2fd-0dde15ec5331,bicycle,39.946743,-83.045058,,21.15,True,False,False
Veo,8db1250f-25c9-5e9e-a85b-a09dd9644cdf,bicycle,40.003914,-83.011407,,5.83,True,False,False
Veo,ea262c11-f15c-5c4d-9d0c-86f4c576934d,bicycle,40.002875,-83.002348,,13.64,True,False,False
Veo,741aedd6-b5f1-56c5-a0bd-806f9b5a4f54,bicycle,39.95195,-83.000351,,21.15,True,False,False
Veo,ff33e912-f298-5ab5-bcc5-4196ecf09a74,bicycle,40.000332,-83.017978,,28.14,True,False,False
Veo,a55fd16a-ca8c-5458-9909-bde53688422f,bicycle,40.013117,-83.028504,,28.14,True,False,False
Veo,999dba3e-8469-54d7-aa3e-cb0d995d85c2,scooter,39.986218,-82.920146,,13.64,True,False,False
Veo,8d315a1c-fd89-5ebf-bce1-be6e7e221ef4,scooter,40.00991,-83.003019,,10.31,True,False,False
Veo,bbfd3d10-ab42-5263-b206-e4c7e166d500,scooter,39.926063,-82.995615,,11.83,True,False,False
Veo,16eadb6c-22bb-5a85-bdb2-747853a89682,scooter,40.082496,-82.947226,,12.07,True,False,False
Veo,164dcdc8-e04e-5c88-9fb7-5e5e67465b13,scooter,39.961407,-83.075259,,25.12,True,False,False
Veo,98941cb2-145e-5653-8a52-b3773098b91e,scooter,39.995702,-83.011876,,25.94,True,False,False
Veo,4406bfe1-14a0-55b6-a21e-be42eff04ccc,bicycle,39.967948,-83.010054,,28.14,True,False,False
Veo,83da3b4e-665b-5502-a911-071727d3225b,scooter,39.998565,-83.031238,,9.65,True,False,False
Veo,67145589-0cba-584c-ab3a-5a86e0d68fea,bicycle,39.956533,-82.999743,,19.05,True,False,False
Veo,eb058b30-aa0b-5091-a3c8-96b3d8d5d211,bicycle,39.969516,-82.969839,,14.17,True,False,False
Veo,f8daf6f0-0d6f-515e-b450-c7f3a49a1cb1,scooter,39.987534,-83.005661,,6.67,True,False,False
Veo,df28c373-ce0d-5350-b002-76c3a0754070,scooter,40.016258,-83.018836,,15.18,True,False,False
Veo,2c335651-c695-574b-8595-6dbdb4f46836,scooter,39.956304,-83.011024,,24.84,True,False,False
Veo,e9cd8623-e434-5b9c-8976-95efd1afdf48,scooter,40.03367,-83.016525,,11.34,True,False,False
Veo,a8eefadf-c50d-563f-bf36-f05064233f3c,bicycle,40.005202,-82.999995,,25.74,True,False,False
Veo,bd2ae15e-4a74-596b-a7b6-9a654d5c8615,scooter,40.03364,-83.016512,,9.02,True,False,False
Veo,5720f07e-4a7a-5a87-aea2-26b18c341b46,scooter,39.997838,-83.00782,,11.34,True,False,False
Veo,53ecec2d-0f1b-5dae-a1cb-84c2c202d4ee,scooter,40.003899,-83.017707,,13.64,True,False,False
Veo,c85220be-960e-5b23-9b76-4d5cc611d4fc,scooter,39.992037,-83.006069,,28.14,True,False,False
Veo,18691fd6-d074-539b-951b-b7f9d7d38893,scooter,40.004768,-83.013327,,17.37,True,False,False
Veo,03a6091f-0eb7-57d3-93cb-75326d3c7ea9,scooter,39.995427,-83.009064,,14.17,True,False,False
Veo,acc05fb4-e1df-515b-a5ac-c3837327f414,scooter,39.972465,-83.003163,,23.02,True,False,False
Veo,47ed3409-3727-5153-8eb4-f4c7fddc2a44,scooter,40.103291,-83.107687,,1.15,True,False,False
Veo,2dca9c68-7c8f-5a17-be3e-f53283d5b1d1,scooter,40.005885,-83.016611,,27.02,True,False,False
Veo,4bbfcdfb-c0a5-5250-b404-012ea5bf3741,scooter,40.004116,-83.015737,,24.06,True,False,False
Veo,11dd78eb-5add-5c4e-88b9-a1f34205e6b6,scooter,40.002555,-83.007644,,13.86,True,False,False
Veo,77503575-56c1-5c7d-9cf6-08cfaf55d4ca,bicycle,40.017729,-83.009682,,28.14,True,False,False
Veo,8745e470-985c-5a6a-b681-568c1e805b15,scooter,39.967278,-82.999468,,11.59,True,False,False
Veo,dacdfecb-7112-56de-b01e-28e02b970644,scooter,39.971924,-83.004735,,28.14,True,False,False
Veo,a455bcab-79d2-52aa-bdda-a9269340cf12,scooter,39.977708,-83.001576,,24.06,True,False,False
Veo,2f0f857f-a6a6-5679-9834-80ccedae6859,scooter,39.985369,-83.005756,,28.14,True,False,False
Veo,723e62bf-e259-5311-8e95-1ccbb32d5382,scooter,40.004925,-83.009247,,0.33,True,False,False
Veo,eba7e9ea-b21f-5ec7-b87c-88ccdcca0ec1,scooter,39.981795,-83.00603,,14.61,True,False,False
Veo,843e0c58-cae3-5b5e-ab4c-ebba02658148,scooter,40.005817,-83.013674,,27.44,True,False,False
Veo,9ba1b0be-ff38-57a4-835b-fb7f78a79dc4,scooter,39.992168,-83.002801,,18.67,True,False,False
Veo,f4ab8aec-50d5-5752-bb5b-5e7d009c08d8,scooter,40.0051,-83.016435,,28.14,True,False,False
Veo,26af4d20-f0e6-5e5c-8b32-34e0afc617f5,scooter,40.008769,-83.012847,,28.14,True,False,False
Veo,bef0b15d-7739-535a-98e3-eb519e34f239,bicycle,39.935191,-82.922435,,13.39,True,False,False
Veo,14286293-345b-55bc-afd0-bc16a4615e97,scooter,39.963277,-82.981396,,28.14,True,False,False
Veo,67df1cd9-41f9-5b0b-8faa-5287c294a4a0,scooter,39.985152,-83.001628,,25.65,True,False,False
Veo,4eb7250a-8a9a-50d5-9ff3-e907acf95537,scooter,39.985554,-82.997301,,10.31,True,False,False
Veo,ed6074c0-cf57-5ced-a47a-e5c6491f8293,scooter,39.993534,-82.981035,,28.14,True,False,False
Veo,d978b0cb-b2fd-512c-83a8-4c527072c9a5,scooter,40.001879,-83.01386,,19.39,True,False,False
Veo,de7f805c-1afa-5475-954c-265155ef25fb,bicycle,39.938554,-82.996659,,27.77,True,False,False
Veo,9371e2ce-5db9-5f9e-bdc0-859e2208a59a,bicycle,39.943966,-82.976832,,28.14,True,False,False
Veo,6497ba32-1e1f-50f0-aee0-f8a816aa8f29,bicycle,39.995597,-83.040603,,23.77,True,False,False
Veo,26e68674-a49f-58ae-8cf7-aa6b51ad50e4,bicycle,39.965826,-83.019618,,28.14,True,False,False
Veo,aea0619a-5160-5ffb-a95a-ca2cdafe839d,scooter,39.970311,-82.999562,,24.33,True,False,False
Veo,250d0e6b-c744-5125-9773-d29707f54521,scooter,39.994317,-83.000203,,27.44,True,False,False
Veo,20453015-9fbf-5e04-8b98-e1f09146f1e0,bicycle,40.101054,-83.108699,,28.14,True,False,False
Veo,0acd1212-db61-5785-a935-eed981ae2325,scooter,40.003514,-83.016227,,25.94,True,False,False
Veo,176b4e7f-0048-5671-bc8c-786a3dd6970e,scooter,40.099013,-83.110168,,28.14,True,False,False
Veo,a9131202-45a2-5513-86a2-6337c628bf7e,scooter,40.004413,-83.011493,,20.78,True,False,False
Veo,81c4259e-0d1e-5f54-8d2f-d6a1d0f62b5c,scooter,39.9978,-83.010501,,13.1,True,False,False
Veo,c5c51545-240e-545e-b6a9-304c55f8394f,bicycle,40.001623,-83.017407,,10.79,True,False,False
Veo,409c32ef-68db-5570-b497-f1318c7a34bd,scooter,39.99047,-83.011618,,28.14,True,False,False
Veo,a1a19514-a9c3-51fd-8fb8-264f3c33109f,bicycle,39.946597,-83.058404,,28.14,True,False,False
Veo,54444eae-e1f9-5a8c-b919-90cdb0ae4384,bicycle,39.947182,-83.056931,,18.19,True,False,False
Veo,b7875bfc-fe38-5fa6-908c-a6310d35369e,scooter,39.972253,-82.992971,,3.81,True,False,False
Veo,fb9fe75f-495c-5376-9f9c-8fca60940f6f,scooter,39.984027,-83.00592,,14.43,True,False,False
Veo,f2b7b055-d10c-5353-ae77-2a5c92d88c24,bicycle,39.98307,-83.005587,,28.14,True,False,False
Veo,5606c476-d6d6-54b5-9a54-b3ba449c9c43,scooter,40.003869,-83.013125,,14.61,True,False,False
Veo,e2ece0c7-5f2c-59fd-b69d-a8026fa09b90,scooter,39.967458,-83.000212,,13.1,True,False,False
Veo,3a7380b6-5dec-58b4-b4c9-ff3f618c954d,bicycle,39.975181,-83.002946,,28.14,True,False,False
Veo,38068c77-06fa-5efe-8ac4-69352fe62f7f,scooter,40.103311,-83.107748,,2.79,False,False,True
Veo,0482d260-bed2-5330-8fb3-1c3a97cf8f02,scooter,40.021624,-82.999654,,17.89,True,False,False
Veo,68fa43aa-5b23-55dc-b42b-8a7cc176dd9e,bicycle,40.004753,-83.023552,,28.14,True,False,False
Veo,9014dde4-1900-575e-882d-4e542737b5c7,scooter,39.942054,-82.98999,,26.78,True,False,False
Veo,b1366b54-f9db-5cbb-a677-caa0e94f3a47,scooter,39.958913,-83.012959,,27.02,True,False,False
Veo,9a44a64f-7c25-5355-b0cc-cd212651c5ee,bicycle,39.981739,-82.989589,,28.14,True,False,False
Veo,39de570f-8200-5cbd-a7d1-151817d9da02,scooter,39.965284,-82.984509,,28.01,True,False,False
Veo,d3264c26-3ee9-5b8e-944b-53c053a9cf32,bicycle,39.975452,-83.004386,,28.14,True,False,False
Veo,62e92442-b6a3-5707-9dc6-f9f7c9db802d,scooter,39.986779,-83.009447,,12.52,True,False,False
Veo,3c3bf043-ee93-5a37-b362-dbf1aa6480d2,scooter,39.964244,-83.004657,,28.14,True,False,False
Veo,b241f83e-4636-5d25-a739-1821f1539a9d,bicycle,39.995572,-83.040608,,20.05,True,False,False
Veo,5db8f99a-6765-5f30-8fbc-e7997da1239f,scooter,39.968662,-82.998517,,10.51,True,False,False
Veo,b871a407-c13c-53b0-be83-bc5b4a918831,scooter,40.052711,-83.046175,,27.44,True,False,False
Veo,aa81a21d-2fa3-53b3-812b-eaeff1410672,scooter,40.001801,-83.042127,,17.89,True,False,False
Veo,b72b11ac-ff30-57c8-b551-b7babe64b5d6,bicycle,39.999078,-83.016992,,24.84,True,False,False
Veo,5218dce1-218e-5dd2-a7e4-81079890ae44,scooter,40.004665,-83.016586,,22.7,True,False,False
Veo,01b32ddf-d5e2-543d-b581-d44ed5e5ec3f,scooter,40.000287,-83.01791,,28.14,True,False,False
Veo,4074d0e4-a3c4-5554-864f-1db62bb91a27,scooter,39.98128,-82.98002,,27.44,True,False,False
Veo,2697b8fe-c24f-55cc-a6a7-f9bc204142c4,scooter,40.001477,-83.010052,,28.14,True,False,False
Veo,5ba04084-7e1b-588f-a68d-c058999759e9,scooter,39.969366,-83.012022,,12.07,True,False,False
Veo,929e72a8-dea1-5c46-a4a8-caf5e08b4b7e,bicycle,39.9885,-82.995971,,12.07,True,False,False
Veo,2a87c343-cf66-544a-afb4-17250d067778,bicycle,39.963234,-82.981345,,28.14,True,False,False
Veo,b556d334-b26f-5cf4-b311-9df634bf8471,scooter,39.997004,-82.979544,,28.14,True,False,False
Veo,388023c8-a4ae-53c2-96be-b435013d0bab,scooter,39.98855,-83.027904,,4.67,True,False,False
Veo,eb3e3106-14cc-54df-bc3d-66984f81a819,scooter,39.986517,-82.986827,,10.31,True,False,False
Veo,324467c0-c2f1-5cf9-89ba-68752ab85391,bicycle,40.012509,-83.002449,,25.94,True,False,False
Veo,315c7430-dc1d-5eaf-9ab8-2390a497920a,scooter,39.984749,-82.997017,,10.51,True,False,False
Veo,d191c0a1-36b8-5970-9de7-cd562fc7c873,scooter,39.957762,-83.003473,,27.77,True,False,False
Veo,992fa6da-59a3-5f9a-b63f-f49607cb9bea,scooter,39.935792,-83.113622,,1.56,True,False,False
Veo,1515e591-54e2-5581-9db7-513cb050f0ce,scooter,40.002618,-83.007451,,8.09,True,False,False
Veo,2b72f3db-25ef-54fd-b6e7-722dd7585fae,scooter,39.957445,-83.011368,,13.86,True,False,False
Veo,e61f8420-c7ae-514a-bb35-2cd62200d52a,scooter,39.96904,-83.003717,,25.34,True,False,False
Veo,0b413f5d-317e-5c36-83fd-56fa785d6a33,scooter,39.989922,-83.005122,,28.14,True,False,False
Veo,62a840f8-c676-50af-896c-bb63ca69538b,scooter,39.993543,-82.98104,,24.84,True,False,False
Veo,8d1a6b25-8d30-5f58-96c0-430c1aff1abc,scooter,39.961391,-83.074504,,14.86,True,False,False
Veo,1b376d54-5a9d-5100-8eb9-965ad8d37006,scooter,39.995611,-83.017362,,15.18,True,False,False
Veo,681e67cf-b9aa-5971-a840-5008ffbd2cfb,scooter,39.995442,-83.009491,,20.37,True,False,False
Veo,6f552dac-9ac9-51ec-bfda-2e443b727e4a,scooter,39.991993,-83.006488,,21.77,True,False,False
Veo,fc310311-3bcb-51ce-bcb3-94291c1656df,scooter,39.956696,-82.98954,,25.34,True,False,False
Veo,8b975097-2cc5-533c-82f9-107a27265fb2,scooter,40.001262,-83.008228,,12.28,True,False,False
Veo,ca75b26e-12d6-5735-8d28-abd61ef2a062,scooter,39.971578,-83.00845,,21.49,True,False,False
Veo,6186eb96-4b8b-578b-a61d-a7d059b7a372,bicycle,39.996395,-83.011891,,25.74,True,False,False
Veo,e918a5ab-a54a-567b-a08d-c575a4155c5c,scooter,39.957359,-83.011395,,28.14,True,False,False
Veo,d3397dea-66e6-547b-8b7c-13f7e8b948a3,scooter,40.001641,-83.015516,,18.67,True,False,False
Veo,e5b91b1c-7942-59dd-96da-94bbc53a9212,scooter,39.972098,-83.004603,,22.39,True,False,False
Veo,077e777a-5013-5f0d-9fd9-f92200917669,bicycle,39.974423,-83.022112,,27.44,True,False,False
Veo,268be2a9-f60d-59a3-82a3-ac2dc36279c2,scooter,39.949754,-82.99457,,11.11,True,False,False
Veo,637f6896-cb17-5a9a-b605-17ada6d390a3,scooter,40.015867,-83.030247,,7.62,True,False,False
Veo,15f4d81c-e55c-5986-a43b-0f5a820ea597,scooter,39.994689,-83.026894,,11.11,True,False,False
Veo,24a12671-aa49-56ae-99db-60b30ec3090b,bicycle,39.97276,-83.004507,,14.86,True,False,False
Veo,8f863c96-6fa3-5fc3-90cb-242d1789676a,scooter,40.001307,-83.003756,,26.78,True,False,False
Veo,c739cff3-1d4e-5907-bb4a-590c2ad900bb,scooter,40.001536,-83.003691,,20.78,True,False,False
Veo,af873754-1541-5e7c-a4e6-87058858425e,scooter,40.000063,-83.008192,,21.49,True,False,False
Veo,9a8c08d6-7e59-55cd-b7c4-db5aa6a45248,bicycle,39.991903,-82.998028,,9.65,True,False,False
Veo,bc2e7a92-b560-53d2-94fd-6f0fdc3afc7f,scooter,39.958399,-82.875597,,27.44,True,False,False
Veo,646879db-0b9f-5590-a253-31e931374386,scooter,39.994276,-82.964932,,14.43,True,False,False
Veo,1c6772a5-01ff-5e3c-96f8-e98bbab3e148,scooter,40.001744,-83.026084,,13.64,True,False,False
Veo,24e4657e-c35b-5679-8cdf-fedd2e42474e,scooter,40.002548,-83.01569,,17.89,True,False,False
Veo,0bc372cd-4b65-5053-9b5e-e82de6d1cd57,bicycle,39.969188,-82.990882,,11.83,True,False,False
Veo,271d8f33-faaf-5e5a-b904-dd13c9cea80c,scooter,39.954999,-82.998146,,28.14,True,False,False
Veo,95cb86ce-2efa-52da-b2d8-5d63f1930e1c,bicycle,39.998949,-83.03896,,28.14,True,False,False
Veo,35b770a9-ff4e-568a-a975-7a765b0259a5,scooter,39.944652,-82.989592,,27.02,False,True,False
Veo,f3a6d922-a30a-58ef-aebb-24439b471b92,bicycle,40.016195,-82.985504,,16.39,True,False,False
Veo,87ce2e82-b8a2-5116-80cd-89b04a8d7afe,scooter,40.093327,-82.975874,,28.14,True,False,False
Veo,4261ab93-4f5f-5b8f-957f-1c69d182a204,scooter,40.010263,-82.968727,,9.02,True,False,False
Veo,386a296a-bf93-5920-ba4e-4925e4bb5b79,scooter,39.985237,-82.996596,,9.02,True,False,False
Veo,1d4995c4-8d7b-5614-9b44-0c0e1f39b565,scooter,39.991959,-83.006485,,3.67,True,False,False
Veo,a45504be-9308-515d-b2c0-12b5431a586e,scooter,40.000332,-83.018864,,25.12,True,False,False
Veo,7f6b116a-e88f-5ebb-a175-dcd781ac0fbe,scooter,39.998995,-83.017299,,28.14,True,False,False
Veo,9315635b-7107-5ba6-bd22-765d61da8974,scooter,40.005938,-83.009243,,26.51,True,False,False
Veo,5c5cbbed-7ced-538b-be95-8f09ef3577d4,scooter,40.005341,-83.016522,,20.78,True,False,False
Veo,2cb01cd5-ad29-5c63-b26a-6e5bf052929b,scooter,39.977887,-83.005338,,25.34,True,False,False
Veo,eebb2cff-198e-50ac-ae1e-6a0c81a4f245,scooter,39.965597,-83.009976,,27.02,True,False,False
Veo,ba17305a-6812-54e3-b373-d8c6abc5f5d9,bicycle,40.052322,-83.041687,,14.17,True,False,False
Veo,c665c9ef-adee-50ec-a5e2-4041b44cfd01,bicycle,39.995658,-83.001504,,21.49,True,False,False
Veo,d9381c7e-04fe-5489-907d-b27bc21f2b2a,bicycle,39.95874,-82.999686,,28.14,True,False,False
Veo,455ed26f-9182-556d-9809-7a6142f098c2,bicycle,39.958777,-82.999756,,28.14,True,False,False
Veo,c2456b1c-23c4-5fbf-ac85-13f8abb177f4,bicycle,40.005991,-83.011643,,13.1,True,False,False
Veo,133feb01-cecf-5967-a6ab-f1c4889b5af1,bicycle,39.994028,-83.006809,,24.33,True,False,False
Veo,3e1af27b-093e-5eff-88fd-5a64b8814f55,bicycle,39.925215,-82.992515,,16.39,True,False,False
Veo,9200d963-4760-5c4c-9695-63d1ce1714dd,bicycle,39.993062,-83.014262,,20.78,True,False,False
Veo,c94a3ca5-96c7-5b1f-9da4-4da7caa0c6e2,bicycle,40.006113,-82.974213,,27.02,True,False,False
Veo,88388bf3-b448-557d-9648-47148ba08dff,bicycle,39.954184,-83.013767,,28.14,True,False,False
Veo,fbe5d511-f243-5eb6-adaf-55e57e556a8f,bicycle,39.906184,-83.076735,,9.65,True,False,False
Veo,25d65287-c54e-5a8c-a422-d0d0ab261f61,bicycle,39.994468,-83.013265,,28.14,True,False,False
Veo,7a0b866d-1c38-5fde-804e-0342654ccf08,bicycle,39.925744,-83.015697,,16.84,True,False,False
Veo,3e7e65d0-11de-5ade-86db-4c674f161510,bicycle,39.970548,-82.889754,,28.14,True,False,False
Veo,7836eb0f-b379-5611-a307-f2606e88607d,bicycle,39.962469,-82.966234,,6.67,True,False,False
Veo,e709e9ef-1f39-5947-8e75-50ded169cefa,bicycle,40.101076,-83.108635,,28.14,False,False,True
Veo,0c90d9f4-b342-5e68-835d-78d01a5a77a3,bicycle,39.966827,-82.99792,,26.78,True,False,False
Veo,b41669b3-b610-5167-a9c3-a5f12d984621,bicycle,40.000334,-83.017949,,15.89,True,False,False
Veo,c88ca6f8-bf48-589e-b5dc-90a7e3ea8322,scooter,40.012049,-82.968557,,28.14,True,False,False
Veo,0eee74a2-abaa-586f-9ac5-b602ca582c3f,bicycle,40.047294,-82.94436,,1.56,True,False,False
Veo,7e52701b-a88f-594e-aad6-0de038f65edc,bicycle,39.998102,-83.021932,,28.14,True,False,False
Veo,7120545c-2aca-525e-8a29-032932b16f7a,bicycle,40.023126,-83.017477,,8.09,True,False,False
Veo,9153a01c-7e84-5b0c-aa1f-482a6f2b372c,bicycle,39.931569,-82.99596,,8.43,True,False,False
Veo,3cb66745-1725-5194-9b47-1a1764033d22,bicycle,39.957783,-83.038394,,12.87,True,False,False
Veo,5be9427a-da2c-517d-87ac-b36af3712749,bicycle,40.021677,-83.011542,,25.34,True,False,False
Veo,7a62b435-f52e-5ed0-aa06-4a3cd30068f7,bicycle,39.998766,-83.005115,,5.44,True,False,False
Veo,62dc2097-9ca2-5244-aa43-89ff539d44ec,bicycle,39.956158,-83.00218,,21.77,True,False,False
Veo,fd1eea26-4366-5ab6-b8d5-1285650b0a89,bicycle,40.001579,-83.003809,,13.64,True,False,False
Veo,1cbb9af8-98a7-55d3-8b42-d8c969e68d60,bicycle,39.942963,-83.045196,,7.29,True,False,False
Veo,3c81f385-7c8c-58d0-a497-41ac9f152788,bicycle,39.931405,-83.05336,,17.37,True,False,False
Veo,e3ac8b68-73c2-598c-8b7d-f9d6b4736e51,bicycle,40.004484,-83.012644,,14.43,True,False,False
Veo,e4c9f47f-daf2-5ccb-a607-bfc253279c0c,bicycle,39.9848,-83.041676,,7.62,True,False,False
Veo,36b9de8c-ad78-55b7-9adc-f389c449d823,bicycle,39.975918,-83.016468,,23.33,True,False,False
Veo,7d94df7b-7bb7-5504-8b37-abf48d2cf9de,bicycle,39.955879,-83.086698,,19.78,True,False,False
Veo,a33416d9-0acb-52ec-a022-86a2ed069298,bicycle,40.011241,-82.993171,,23.77,True,False,False
Veo,7f203af6-1267-573d-bb93-4c340457928e,bicycle,40.030227,-82.978152,,28.14,True,False,False
Veo,88440fc7-e1a1-5632-a89f-3066bf3070e2,bicycle,39.969393,-83.012033,,2.79,True,False,False
Veo,1c8ec02a-cb0c-554e-b61e-eafe563c9092,bicycle,39.998467,-82.999804,,23.02,True,False,False
Veo,0136fe85-0d0d-5172-9bfb-e7c73f6464f6,bicycle,39.974912,-82.97925,,13.39,True,False,False
Veo,9c865417-fe9a-5bba-98a2-8dbcf98431e6,bicycle,40.087171,-83.096637,,15.18,True,False,False
Veo,7475fbfb-aa5a-5be9-a9a5-fe0872bff888,bicycle,39.95523,-83.010901,,19.05,True,False,False
Veo,cd028bdd-e8b8-5912-bffa-12154d8ef5a1,bicycle,39.949511,-83.063857,,12.28,True,False,False
Veo,1f63e2cb-9a80-5dfe-91c2-c27e19fe1f8b,bicycle,40.069576,-82.969098,,19.05,True,False,False
Veo,c77923df-3b7c-5b80-b197-82895b430e75,bicycle,40.02447,-82.950215,,25.12,True,False,False
Veo,255a0066-4902-572f-9ee2-95eecbad2e7a,bicycle,39.94366,-83.04554,,28.14,True,False,False
Veo,22ac319a-bcaf-59e1-a61b-d6d599764993,bicycle,40.002484,-82.946183,,8.09,True,False,False
Veo,e8362079-a26e-5cf7-816c-d585e35e60db,bicycle,39.91272,-82.990757,,26.78,True,False,False
Veo,50ce2da2-4dc8-5ab0-836a-92106b55b460,bicycle,39.960392,-83.002855,,28.14,True,False,False
Veo,2c6b61cc-6ff3-56f8-b627-35c68e589ff9,bicycle,40.005825,-83.03928,,28.14,True,False,False
Veo,d9868ae2-aa13-53e6-852d-8bf572822160,bicycle,40.003635,-83.009548,,8.09,True,False,False
Veo,25d8e30f-d7aa-5beb-bc80-01ffd613eeef,bicycle,40.001829,-82.999118,,27.77,True,False,False
Veo,d598e67d-34b0-5c2c-89aa-69c90b2bfd40,bicycle,40.003783,-82.972111,,25.65,True,False,False
Veo,450085d0-07c7-501f-905a-41e02ad252f1,bicycle,40.010424,-82.969288,,27.44,True,False,False
Veo,c1f4d357-79a0-5c5a-9b0a-9d72e256ccf6,bicycle,39.970552,-83.002594,,28.14,True,False,False
Veo,839ac63e-ae08-5782-9a43-4c47e6f00321,bicycle,39.995852,-82.976698,,12.28,True,False,False
Veo,927d307c-f411-58f2-b259-13cc0b533aca,bicycle,40.003511,-82.999073,,28.14,True,False,False
Veo,62417292-eee4-5021-afc7-bac012918ecd,bicycle,39.949499,-82.995328,,28.14,True,False,False
Veo,1f3b147e-932b-5e03-90fd-d5714f00a5cb,bicycle,40.000258,-83.017974,,7.29,True,False,False
Veo,28ce9dc4-7fcb-5af6-b8ab-7186c67049c4,bicycle,40.093693,-82.983764,,28.14,True,False,False
Veo,d12680e8-fdf2-56d8-a0d6-3e5251609289,bicycle,39.900051,-82.956728,,28.14,True,False,False
Veo,d77cf980-6155-5055-a357-e4d3806dff97,bicycle,39.994849,-83.02681,,13.86,True,False,False
Veo,0c7e32b0-e558-5078-87df-6c083091e55f,bicycle,40.001568,-82.981741,,27.77,False,False,True
Veo,c94575e3-b1ab-52d3-ae1d-e16b1bab5ff5,bicycle,39.969497,-82.96984,,28.14,True,False,False
Veo,c3d39f3a-8baa-560b-ad87-6c1ec9db104f,bicycle,39.918048,-83.043968,,28.14,True,False,False
Veo,510bfc66-c04f-5878-a8b7-e278a2bcb35e,bicycle,39.968339,-83.003881,,16.39,True,False,False
Veo,53281e18-0ba1-54e2-8164-a1e255e776e0,bicycle,39.952464,-82.962972,,2.79,True,False,False
Veo,941f4b98-1260-5be2-9408-449901569ab4,bicycle,40.00151,-83.003778,,24.33,True,False,False
Veo,83ddea41-21a6-5c2d-a312-906025373405,bicycle,40.015603,-82.969193,,11.11,True,False,False
Veo,6286fd70-5932-5c43-980f-572250ab6c61,bicycle,40.004591,-83.021244,,21.15,True,False,False
Veo,02471830-6347-54de-8d29-fdd2aa567bc7,bicycle,39.996912,-83.007276,,20.78,True,False,False
Veo,d2cc25ec-4f56-5104-8de8-927edd976aeb,bicycle,39.996148,-82.951663,,15.89,True,False,False
Veo,edde5546-885e-5406-b2cc-6168ef051e0e,bicycle,39.978706,-83.001838,,28.14,True,False,False
Veo,d9ab4a76-bbf6-5abe-ba53-3f3a04152170,bicycle,39.997973,-83.010056,,28.14,True,False,False
Veo,e6c535ad-8941-5b19-bfde-96dd1ef1a9dd,scooter,39.997961,-82.9981,,9.65,True,False,False
Veo,78210848-6751-5d5f-8605-efeaa3cd5107,bicycle,39.973671,-82.999404,,5.59,True,False,False
Veo,0c62aefb-03ed-5038-8b61-900854eb1346,bicycle,39.98442,-83.02708,,28.14,True,False,False
Veo,0f397876-eef9-5da1-8ab9-d43454d7fcf9,bicycle,39.965286,-83.068098,,28.01,True,False,False
Veo,5300e7d2-b1d6-5d17-9135-f526eacea4c4,bicycle,39.975772,-83.016468,,28.14,True,False,False
Veo,1e8ab69c-a8d5-5894-b65a-2e6f3c96bbc2,bicycle,40.003307,-83.015801,,21.77,True,False,False
Veo,c8daa442-ddee-5131-ad80-4f259a4df49e,bicycle,39.967217,-83.004925,,14.86,True,False,False
Veo,77c39145-b870-5620-861d-7bf6c2e4d384,bicycle,39.930318,-83.038442,,14.43,True,False,False
Veo,1afb515b-6d22-5235-abe7-723d7e564515,bicycle,40.007683,-82.941007,,9.97,True,False,False
Veo,c6de84ec-cd26-5aee-893f-ae890a69e146,bicycle,39.878807,-82.995902,,27.02,True,False,False
Veo,bc3e592d-70db-5696-a7c3-9e4bcebe10c2,bicycle,39.95597430937981,-82.90994889784977,,13.86,False,True,True
Veo,ba5e0041-5c9e-53a3-8029-180738c133e4,bicycle,40.011554,-83.00329,,24.06,True,False,False
Veo,753dadb0-0c2d-58ba-b10f-f14155bb4bd0,bicycle,39.964856,-83.021379,,13.64,True,False,False
Veo,88ae25ec-75a5-536b-9332-2f4cae857af2,bicycle,39.955801,-83.003071,,26.78,True,False,False
Veo,2f9cf867-d147-5c2f-b85e-35ac7706ba9c,bicycle,40.003742,-82.973249,,28.14,True,False,False
Veo,a973c8e5-993a-5ea3-a03c-78006acbf7cc,bicycle,40.020116,-82.972009,,10.51,True,False,False
Veo,a19e0a68-fae8-59bd-81b2-fd8b9131735d,bicycle,39.963226,-82.981385,,28.14,True,False,False
Veo,e0b9818c-e696-5b67-8f73-3fa5b776ac1c,bicycle,39.979593,-83.013792,,25.65,True,False,False
Veo,59e82cef-42e5-5028-b26c-24d801b3fd09,bicycle,39.989563,-83.005235,,13.64,True,False,False
Veo,64553c6c-3052-5c3c-a327-fe95d328198c,bicycle,39.931463,-83.053531,,28.14,True,False,False
Veo,13072972-1acf-5460-aa85-85d43f03baf0,bicycle,39.94969,-82.998193,,21.77,True,False,False
Veo,de4dc94a-3fe9-5e77-a044-0bc3ed85307a,bicycle,39.954308,-82.963496,,3.81,True,False,False
Veo,90c5ebb9-6fb7-53ed-aa67-f07738ee7673,bicycle,40.003995,-83.013013,,28.14,True,False,False
Veo,a0a8d96d-549a-5c48-b4cc-80272f06f1fc,bicycle,40.0039,-83.013026,,17.37,True,False,False
Veo,c6384e47-2356-5c09-9c4c-42bf08377bef,bicycle,39.956016722135246,-82.94540178962052,,0.0,True,False,False
Veo,f762bdbc-1853-541f-8529-60da602d73f6,bicycle,39.952743,-82.995942,,24.33,True,False,False
Veo,c35331c3-4b67-5999-9a76-153f575293d5,bicycle,40.022455,-83.014988,,5.68,True,False,False
Veo,b6d4f7c2-9656-55c1-bce3-01f37a2cb16a,bicycle,39.95229,-83.051357,,22.05,True,False,False
Veo,f9778d50-3d13-5496-a572-284c231e80a6,bicycle,39.973429,-83.004596,,27.18,True,False,False
Veo,1c7c359b-d0ac-583e-824e-8f324815be94,bicycle,40.069393,-83.115299,,1.83,False,False,True
Veo,b33f5632-bf8b-5adc-b4e3-1d1bbe5af960,bicycle,39.946108,-83.045638,,24.06,True,False,False
Veo,513599b0-86ff-5a23-84b2-f3d7741247b6,bicycle,39.969442,-83.012004,,25.65,True,False,False
Veo,9698cb11-65e6-5772-9a8c-46c8ce2e2134,bicycle,39.955532,-82.871781,,28.14,True,False,False
Veo,183d5762-28df-531b-b22a-de35c60c1958,bicycle,40.100569,-83.107826,,28.14,True,False,False
Veo,7edebdc7-5058-5621-854b-7002388ae3d5,bicycle,39.958004,-83.039808,,27.77,True,False,False
Veo,c2ff9e4b-9cb9-5e29-95df-3b9879599edd,bicycle,40.005949,-83.009194,,13.64,True,False,False
Veo,e6aa5280-bf7d-575d-abaf-245066d96802,bicycle,40.031741,-82.970642,,26.25,True,False,False
Veo,f75b0ce5-b88b-59b2-b2c2-23665ff6b0f6,bicycle,40.107112,-82.972201,,27.77,True,False,False
Veo,fca1f8c7-7681-5778-a460-8f7f10ba78ef,bicycle,39.944557,-82.98964,,28.14,True,False,False
Veo,834f9466-94e8-5b56-b30a-a847aba84a7a,bicycle,40.004593,-83.021232,,28.01,True,False,False
Veo,45cc793e-10ad-5e66-af1b-f308f9be5659,bicycle,39.956046,-82.987686,,11.11,True,False,False
Veo,df5f80d0-8616-5293-b3c6-dffaeacb3fa3,bicycle,40.022796,-83.025995,,13.86,True,False,False
Veo,c8b2e8be-e007-53c1-9f10-e0de0966edcc,bicycle,39.986053,-82.983738,,6.67,True,False,False
Veo,ba90d23e-2944-5532-a3ad-a0814731c65a,bicycle,39.956598,-82.999809,,28.14,True,False,False
Veo,1b2a2de3-0191-5d85-9504-100c7031779f,bicycle,39.995629,-83.01197,,17.37,True,False,False
Veo,b2f047a9-f11e-566b-bde5-b383fe4938a5,bicycle,40.034858,-83.000186,,13.86,True,False,False
Veo,d0f30376-0681-581c-b4f4-f8f6238d4d8b,bicycle,39.957494,-82.999939,,28.14,True,False,False
Veo,1246b762-65fa-5f75-b31c-4bc12ff1bd92,bicycle,39.942153,-83.115534,,7.62,True,False,False
Veo,f697cac2-f458-5bc4-955f-8c1377c2c238,bicycle,40.005649,-83.035929,,28.14,True,False,False
Veo,21ba3fd5-9d28-5009-8ea7-67d2f966ae0f,bicycle,39.962138,-82.981302,,23.77,True,False,False
Veo,9fe593bb-33d3-592d-a318-472007f9c8ef,bicycle,39.976259,-83.003396,,11.83,True,False,False
Veo,c88e48b9-bfef-5492-b05c-ae275b2288f5,bicycle,39.98313300345248,-83.00815243547375,,26.78,True,False,False
Veo,4083d3cd-c8db-5cd6-b91d-5b7504339e85,bicycle,39.963068,-83.004461,,14.43,True,False,False
Veo,9aa00ddc-ac96-5ad0-ab14-1ede8e569738,bicycle,39.95607,-82.94525333333334,,0.33,True,False,False
Veo,18e275f2-dec0-5f23-b60a-10b845d55e14,bicycle,40.001932,-83.001743,,14.61,True,False,False
Veo,e1dd4938-971b-5ab0-90e9-60f72442b8a9,bicycle,39.974345,-83.022714,,20.05,True,False,False
Veo,2eee05d7-608a-5d4c-8a55-50ee79bad196,bicycle,40.005964,-83.009277,,20.05,True,False,False
Veo,75a08c5d-df8f-5a8a-ae41-ae3e1a7059c5,bicycle,39.946681,-83.034778,,14.61,True,False,False
Veo,606fda2b-26fe-5b21-9fc7-835bebd3bcc2,bicycle,39.927614,-83.118703,,13.1,True,False,False
Veo,baaf890d-9198-5343-8261-b6f2b35ddf34,bicycle,40.098831,-83.114443,,25.94,True,False,False
Veo,176ee159-a7cc-5ca9-9812-f77b7463d09a,bicycle,39.99361,-82.976244,,23.02,True,False,False
Veo,835c1935-c6f5-5882-9c97-27854600f257,bicycle,39.998749,-83.007626,,16.84,True,False,False
Veo,28ead5f3-ca58-5e5e-9bf5-670f4d7ed8a9,bicycle,39.995432,-82.983319,,28.14,True,False,False
Veo,bfaab41e-5a0b-5cad-8513-9a7321c913b7,bicycle,39.989913,-83.002298,,28.01,True,False,False
Veo,083a954e-29a4-5ee1-afe2-4b2754749768,bicycle,39.999907,-83.003883,,13.1,True,False,False
Veo,75193dcd-9eb1-5a09-a279-d22404381ed7,bicycle,39.953924,-82.996275,,16.84,True,False,False
Veo,81182e67-a85e-5cb7-b97a-761592ad9fc5,bicycle,40.004471,-83.019554,,10.31,True,False,False
Veo,354eb982-02b5-578f-a4c6-708ed3206e84,bicycle,39.992362,-83.045211,,27.77,True,False,False
Veo,10ada69c-4681-51a0-aa65-920c00fca7ea,bicycle,40.055942,-82.913958,,14.61,True,False,False
Veo,e2aa48e9-d747-5851-9af8-d0cf962842ed,bicycle,39.999934,-83.003839,,22.7,True,False,False
Veo,455ff95d-2516-5750-ac89-1ec17df94ba7,bicycle,39.948476,-82.97299,,9.97,True,False,False
Veo,395668cc-daa3-58b8-9676-a18ad0c40065,bicycle,39.923143,-82.956259,,26.78,True,False,False
Veo,4cc288ae-7d8d-50e7-b862-23e773281cf5,bicycle,40.003954,-83.017238,,14.61,True,False,False
Veo,44811442-1f8f-5dd9-bddc-d4e71c0e630a,bicycle,39.941515,-82.997184,,25.12,True,False,False
Veo,4218c2db-1588-5c09-ad79-ff09b3899092,bicycle,39.968262,-83.004295,,9.29,True,False,False
Veo,41a3705d-01e8-5075-a325-8b76b8dc2bb8,bicycle,39.96037,-82.986797,,11.59,True,False,False
Veo,2e0a6685-71d4-53a5-a3a2-b80a82a608a6,bicycle,39.968301,-83.004138,,20.78,True,False,False
Veo,8c70dbb3-b5b3-5023-b649-1b08150f30ac,bicycle,40.004939,-83.04781,,28.01,True,False,False
Veo,cb22b565-0276-5d12-8fec-51f31e0eb0d3,bicycle,39.948195,-82.937529,,6.67,True,False,False
Veo,fbb511f9-46db-5fd9-bb33-0078b9bb19d5,bicycle,40.000117,-82.995444,,13.39,True,False,False
Veo,1095d9ba-37e5-5064-9070-bc4c54770ae5,bicycle,39.957749,-82.941658,,28.14,True,False,False
Veo,d6469aff-2659-51a8-a462-7ac53dad7190,bicycle,39.96845,-83.003831,,28.14,True,False,False
Veo,ebb072e4-f3d9-5a87-9077-3da9279de6c5,bicycle,40.016733,-82.974464,,4.78,True,False,False
Veo,96ca719f-a32c-563f-a1a3-79a2a510fe14,bicycle,40.003983,-83.012997,,19.39,True,False,False
Veo,50d62d91-8cb5-5e4c-a576-fa26b9df17c6,bicycle,40.060555,-83.079046,,10.51,True,False,False
Veo,88b5fbd1-9e9a-53b5-8cbd-17110188e72e,bicycle,39.994594,-82.981178,,7.62,True,False,False
Veo,25cb4abe-c8b7-5e64-b549-c67c11da3f8b,bicycle,39.966542,-83.005933,,7.62,True,False,False
Veo,df4d84a5-e100-55fa-b6f5-cf2e2fac1d9a,bicycle,40.003412,-83.015724,,11.11,True,False,False
Veo,95c36623-6ffe-5ff9-b651-b0878421729f,bicycle,39.93391,-82.951376,,9.29,True,False,False
Veo,b4c334c1-a377-5f85-828d-4dc1136b6328,bicycle,39.996979,-82.975214,,13.64,True,False,False
Veo,72f5ced3-866c-5400-9922-2297e401b2d9,bicycle,39.995559,-83.001554,,24.33,True,False,False
Veo,33017a66-bf55-58b4-89b0-c6078daf5b76,bicycle,40.067421,-82.978618,,26.25,True,False,False
Veo,696e5844-d936-5815-8bc0-2c6e3f04d2c5,bicycle,39.968341,-83.009974,,25.74,True,False,False
Veo,d7e97dbd-34b7-544b-a962-1a3a1f4f981d,bicycle,40.028276,-83.025845,,10.51,True,False,False
Veo,8a748197-3f10-50a4-9a11-d2919fb1e7b3,bicycle,39.94467,-83.016492,,14.61,True,False,False
Veo,cc524ee3-c6bc-5c59-b491-2d97bf37f987,bicycle,39.944282,-83.113169,,17.89,False,False,True
Veo,639d2ab5-c6df-51c5-83cb-24bd186a9158,bicycle,40.002977,-83.032645,,11.83,True,False,False
Veo,7715d525-ddea-5882-a160-891e4e79e5d7,bicycle,40.006506,-83.016682,,28.14,True,False,False
Veo,e3b0aa4f-ac6c-5574-94cc-c2ec7db426b0,bicycle,39.965098,-82.990236,,25.94,True,False,False
Veo,60aa5c65-ad6f-5ae3-b633-b756e2956f71,bicycle,40.003949,-83.012912,,20.37,True,False,False
Veo,f726ee51-9a6c-5a65-9b29-8dd0cdece1fe,bicycle,40.059702,-82.906502,,8.43,True,False,False
Veo,7cb9e14b-2084-5218-a2c8-89687c94392d,bicycle,39.96016,-83.042198,,7.29,True,False,False
Veo,c47be60a-d802-54d0-bc68-5400fb1fab8c,bicycle,39.939516,-83.118393,,2.36,False,False,True
Veo,8783d891-077c-5f3f-9600-8740d758df8f,bicycle,39.969963,-82.955,,11.83,True,False,False
Veo,3f9bc690-7daf-5c49-87a8-167209575bf3,bicycle,39.954644,-82.9072,,25.65,True,False,False
Veo,eaca7fb1-b956-561e-a345-eb64c9ebbddd,bicycle,39.993649,-83.006607,,28.14,True,False,False
Veo,23e49868-99b2-512c-a73d-519860096d2c,bicycle,39.951163,-83.035666,,7.62,True,False,False
Veo,b7c34e5d-8f19-5c77-a237-ae548c9edef5,bicycle,40.031823,-83.023362,,12.63,True,False,False
Veo,52a60344-8a62-55c2-b3d7-e034a99991ed,bicycle,39.937844,-83.062706,,6.07,True,False,False
Veo,d7692110-09d8-5f07-8ad7-00754b691770,bicycle,40.014176,-83.03441,,8.09,True,False,False
Veo,6d315f18-6e5c-5425-9024-8a5232bfcc14,bicycle,40.005425,-83.009073,,5.59,True,False,False
Veo,b3cb4246-d39c-5dcf-ab17-146f0f0c7218,bicycle,40.014551,-82.985739,,28.14,True,False,False
Veo,12367f3c-1117-5490-b403-2ddaf72f11af,bicycle,40.06036,-82.976381,,28.14,True,False,False
Veo,36dd6bd9-15e0-52e8-a13b-abe05ae69c9f,bicycle,39.916047,-82.88729,,25.74,True,False,False
Veo,67501bce-b14a-589c-8b03-6bb3180efbd4,bicycle,39.937661,-82.959949,,17.37,True,False,False
Veo,1e690090-645a-5962-8123-4ebb14a417ad,bicycle,39.968861,-83.007611,,12.87,True,False,False
Veo,d56c1f0d-a9f7-583d-a43e-810877c3d3a3,bicycle,39.995543,-83.001504,,14.86,True,False,False
Veo,46338249-d7f8-5e90-aa5b-58f4bf8b7a19,bicycle,39.978944,-83.003909,,9.02,False,False,True
Veo,56f381c4-b412-5414-916f-0b861e2e3abc,bicycle,40.022434,-83.01494,,11.34,True,False,False
Veo,65dc4071-882e-5836-b0c2-b823582f4de7,bicycle,39.955985667183995,-82.9453972633928,,0.0,True,False,False
Veo,5b6a33e2-da66-529a-934d-d0b78fd39fcb,bicycle,39.99196973292418,-83.00655941633703,,21.15,False,False,True
Veo,18a884c7-9092-5f96-8e23-e92f25046e8b,bicycle,40.00346,-83.017466,,28.14,True,False,False
Veo,0d13ed6e-b397-51d7-a359-dd97de480985,bicycle,40.025511,-82.988164,,13.1,True,False,False
Veo,ae9dd5d0-41d0-577f-8338-e707d1189c7a,bicycle,39.999311,-83.015795,,13.1,True,False,False
Veo,95c5580a-2abb-5157-a7f2-0876ce66cb19,bicycle,39.924749,-82.942891,,25.74,True,False,False
Veo,5dff4ddd-4dda-57b1-958f-6e0cff79b080,bicycle,39.997315,-83.020658,,12.63,True,False,False
Veo,f279ddd9-ef18-5223-90ca-1c322cb98ddd,bicycle,39.969028,-82.959752,,10.31,True,False,False
Veo,6328b110-7124-5340-8115-5bc9b75c5e75,bicycle,40.001102,-83.008395,,28.14,True,False,False
Veo,a781f932-fa0a-5c7f-abc2-b3c37ebb6f0c,bicycle,39.95607,-82.94525333333334,,0.0,True,False,False
Veo,4fbb2a9d-943c-577f-afc1-8893d9af7b4b,bicycle,39.995421,-83.010896,,8.78,True,False,False
Veo,de7593ca-dde0-5dba-9429-c8741275932b,bicycle,40.006034,-83.008812,,25.65,True,False,False
Veo,1412efa4-58eb-55b3-894b-854374eaeb64,bicycle,39.986818,-83.00544,,19.39,True,False,False
Veo,72c6b7ca-47cc-55af-beb2-adf7bdf5e6e5,bicycle,39.946172,-83.058295,,28.14,True,False,False
Veo,0b3ac619-f0de-5fd4-8484-7aec846642a9,bicycle,40.005366,-83.009033,,10.51,True,False,False
Veo,e6464434-e35f-5855-85bc-48755529e34b,bicycle,40.006815,-83.046722,,4.78,True,False,False
Veo,a9d7e185-0eb9-5575-ac38-039043cc71e9,bicycle,39.993436,-82.976594,,26.25,True,False,False
Veo,a4f91754-dbd7-52f1-8847-6e5d180fef54,bicycle,39.96461,-83.004417,,13.86,True,False,False
Veo,7b10d563-1b14-5151-8ca8-9de34553333c,bicycle,39.979067,-82.962374,,9.02,False,False,True
Veo,9bbb3dd1-a7e9-55cf-a854-b8b63d7472a5,bicycle,39.999205,-83.02148,,15.45,True,False,False
Veo,17d00c15-965a-5e8c-9590-202509cc4242,bicycle,40.000409,-82.928167,,24.06,True,False,False
Veo,6cd1149c-634c-5c07-bf27-09bcd5268f27,bicycle,39.997012,-82.975198,,28.14,True,False,False
Veo,1081c488-85ac-5202-9e0a-0d3da560df06,bicycle,39.971757,-83.006178,,15.89,True,False,False
Veo,57641456-e96c-5f7e-9305-7e38aff4846f,bicycle,39.934205,-82.942316,,26.25,True,False,False
Veo,7928575a-6eec-57ae-bdf0-09ceb13f58f4,bicycle,40.02339,-83.031904,,7.29,True,False,False
Veo,b09f481f-13b7-5526-af45-4ecc1e12be02,bicycle,40.019797,-82.955363,,8.78,True,False,False
Veo,6b50aeab-6c38-5888-a4af-d1227175b6b5,bicycle,40.015656,-83.007156,,25.12,True,False,False
Veo,7a40a34c-45c7-5574-a930-b4f19073049b,bicycle,39.93385,-82.984962,,22.39,True,False,False
Veo,61a7a285-7018-5dbd-a61f-e17fc8608873,bicycle,39.955312,-83.010848,,27.44,True,False,False
Veo,f96d6345-dcd9-50d6-9d2c-883fe2a993f7,bicycle,40.038383,-82.932872,,5.59,True,False,False
Veo,c5118cbf-5296-52e2-b759-aafc3763c7b0,bicycle,39.939854,-83.067821,,28.14,False,True,False
Veo,bfaa9955-6213-56dc-b368-a4ded18bcf07,bicycle,39.98527,-83.038,,24.33,True,False,False
Veo,342b4572-28c8-5492-a91b-d41fe9fe56cb,bicycle,39.965218,-83.000604,,22.39,True,False,False
Veo,72f841d2-976d-559d-b991-0423820a5185,bicycle,39.970066,-82.970007,,25.12,True,False,False
Veo,aec968d6-7477-5840-ba13-cea7973a7976,bicycle,39.995442,-83.029427,,16.39,True,False,False
Veo,b79d09f3-245a-5456-83d6-caedd0d38e09,bicycle,39.993443,-83.006467,,28.14,True,False,False
Veo,3cf10121-c9b3-5c95-8a52-67391aeeeafd,bicycle,39.99555917024852,-83.00197760100477,,28.14,False,False,True
Veo,6e22512f-998c-5e10-bc6d-85eec85f07ec,bicycle,39.984287,-83.023901,,14.17,True,False,False
Veo,9cb97632-d166-5fb9-8fdd-aa9553706211,bicycle,39.974126,-83.000892,,14.86,True,False,False
Veo,b97aab2f-7291-5869-8283-6f2d3b09a514,bicycle,39.997874,-82.998753,,14.17,True,False,False
Veo,e7682be2-5f11-5263-aa3e-82839f187d4b,bicycle,40.064268,-83.046048,,12.63,True,False,False
Veo,d356878b-d002-582a-83db-e60395b7edfc,bicycle,39.969483,-82.969835,,28.14,True,False,False
Veo,885164f0-f835-578e-a1d0-ea6b4dd01216,bicycle,40.004641,-83.011479,,18.67,True,False,False
Veo,1c4862a3-f498-539d-bfa8-86ec0c901df4,bicycle,39.965913,-83.077136,,8.43,True,False,False
Veo,aa016409-9bcd-5e8e-8527-faa509b36de3,bicycle,39.950555,-83.026997,,15.45,True,False,False
Veo,0663164d-4a8a-588a-927b-39c79372c382,bicycle,39.953304,-82.981862,,28.14,True,False,False
Veo,58bbbd81-667f-5b90-b8d5-bcc12abc7f10,bicycle,40.005626,-83.035726,,27.02,False,True,False
Veo,ee5486b2-fd30-5bb6-a648-db4d6a8c1220,bicycle,39.990326,-83.007865,,20.37,True,False,False
Veo,01844d54-c1b7-561b-a98b-59163fe04397,bicycle,40.029284,-82.941139,,15.18,True,False,False
Veo,74a99fe5-0257-5d7b-909c-074415ddf135,bicycle,39.981154,-82.982275,,28.14,True,False,False
Veo,cdbf18cf-3602-5fef-b257-9f73d71ca892,bicycle,40.00027,-83.019033,,6.31,True,False,False
Veo,5470ecde-c105-5fb3-8b2b-44fa643ab3c8,bicycle,40.015316,-82.998782,,28.14,True,False,False
Veo,a0fae412-943d-514f-bd1c-564d447d304c,bicycle,39.950739,-83.007517,,13.86,True,False,False
Veo,2941adec-6e80-536e-befa-a750611682c7,bicycle,40.04175,-82.95728,,8.43,True,False,False
Veo,6b448fef-667e-5527-ad70-d47908160913,bicycle,39.995459,-83.010608,,28.14,True,False,False
Veo,d3d2a345-e774-53b3-9f8e-e77312e3ad1a,bicycle,39.980197,-83.006931,,9.97,True,False,False
Veo,0a63960a-1a8c-5eca-bb51-89fef933d04f,bicycle,39.997257,-83.004561,,15.45,True,False,False
Veo,cfe1a3a8-99df-54ba-a818-99b4812d4770,bicycle,39.998857,-82.978697,,28.14,True,False,False
Veo,abad0507-5f2a-54a5-94b8-72b70ca8c44e,bicycle,39.990631,-83.02342,,28.14,True,False,False
Veo,28f9ec4e-f392-5dc6-9a0b-aaf4ff982be4,bicycle,39.999238,-83.021499,,28.14,True,False,False
Veo,9783913b-b4f4-5977-9d32-33ff18c0de07,bicycle,39.956378,-82.993939,,12.07,True,False,False
Veo,8dd6059e-7ea9-5e6b-9661-022f8a6790ec,bicycle,39.976997,-83.002551,,28.14,True,False,False
Veo,9962ffb1-1942-52d3-9b2f-292ff90c8eeb,bicycle,40.000302,-83.01087,,26.78,True,False,False
Veo,26dae246-4cc1-5dd1-94f4-e1c6b02ccd74,bicycle,39.976899,-83.002388,,13.64,True,False,False
Veo,39071fbd-44f3-58c2-9da6-2887b2b4ca88,bicycle,40.00342,-83.015762,,28.14,True,False,False
Veo,f6ad62ce-f343-546c-9c5d-cdb15c2cd043,bicycle,39.956152,-82.972839,,7.62,True,False,False
Veo,d51ce797-c7aa-53a6-8dfa-d9cdd9f44bd4,bicycle,40.00283,-83.002217,,11.11,True,False,False
Veo,b2312321-2ea7-5127-9b82-05fb427d213d,bicycle,39.983056,-83.005907,,12.52,True,False,False
Veo,5b4f9de3-93db-5244-a307-71d633512f88,bicycle,40.088219,-82.990278,,28.14,True,False,False
Veo,ed2b0cf2-87fd-591e-8679-51e437e480cc,bicycle,40.001302,-83.003815,,15.45,True,False,False
Veo,7a184521-b585-5faf-9ec2-9f9149fc5ef4,bicycle,39.951532,-82.940724,,19.39,True,False,False
Veo,1e23e3dd-46f0-5526-a5a2-1aac2ffef30c,bicycle,39.933246,-82.980635,,25.74,True,False,False
Veo,e1125333-e983-57d5-a822-cce89b683830,bicycle,40.003868,-83.012883,,27.02,True,False,False
Veo,6048bfb5-fc23-58a7-b5c2-d813d5e79535,bicycle,39.977413,-83.003093,,19.05,True,False,False
Veo,6cc33515-9f24-5890-a866-1ceb541f3103,bicycle,39.961646,-83.006898,,25.74,True,False,False
Veo,45fdc5f7-a830-5880-a912-c297529694cb,bicycle,40.056579,-82.994496,,1.83,True,False,False
Veo,d6a3b806-d047-56ef-a267-f295918836a2,bicycle,39.996292,-83.009515,,15.89,True,False,False
Veo,78c1e211-6540-5130-9c53-7d0bd719de6e,bicycle,39.957355,-82.95447,,28.01,True,False,False
Veo,b88b93c7-569f-5268-b2db-d8ab22b7028e,bicycle,40.007545,-83.016814,,14.17,True,False,False
Veo,27981107-66d6-522e-aa6d-0c2150c463e0,bicycle,40.005522,-83.015642,,16.39,True,False,False
Veo,307a8492-fb9a-5bae-97b0-fefcf7d9f039,bicycle,40.067505,-82.916196,,24.84,True,False,False
Veo,b732ca6d-f216-56e8-8f5c-67baf6ce5dce,bicycle,39.970851,-83.000853,,26.25,True,False,False
Veo,c257bab5-9704-5a39-958e-3898c6775614,bicycle,40.069402,-83.077918,,24.06,True,False,False
Veo,0f199d17-c8fb-5991-97e1-ed132926b16c,bicycle,39.999271,-83.021522,,18.19,True,False,False
Veo,246f6b9a-71e7-50c3-87cc-a82047cb8774,bicycle,39.984985,-83.043388,,15.18,True,False,False
Veo,606a1248-794d-57ba-babe-573b1883dead,bicycle,39.957434,-82.989854,,28.14,True,False,False
Veo,14cc8c57-4cf1-5a19-868e-392cf7a4c221,bicycle,40.003165,-83.008847,,25.12,True,False,False
Veo,3d3517fc-3dcd-5bc1-8259-838ddcb9537c,bicycle,39.948515,-82.932355,,26.25,True,False,False
Veo,4cff639d-f13b-5278-88a2-522d9a0bce92,scooter,39.96326970973133,-82.95319819155927,,27.44,True,False,False
Veo,72dc9e5b-14d5-504c-b190-1f91792abf46,bicycle,39.914507,-82.993707,,25.12,True,False,False
Veo,a33b02a2-5075-5b16-a455-a17c8d97c9e7,bicycle,39.991476,-83.013756,,7.62,True,False,False
Veo,7536be3b-3cdd-54c2-9de5-039adedc10c8,bicycle,39.994116,-83.006756,,9.02,True,False,False
Veo,366731eb-46f4-53ab-a885-45ca88cd590e,bicycle,39.999128,-83.019123,,28.14,True,False,False
Veo,d6d568e3-ebf2-54fc-8212-1b4f0251d108,bicycle,40.004887,-83.02122,,28.14,True,False,False
Veo,8e2f6b93-e041-5fa8-b1d4-387db725727b,bicycle,40.015618,-82.991024,,9.97,True,False,False
Veo,93b476f4-5179-5bc2-b68b-198c8500efe4,bicycle,39.998147,-83.009644,,26.25,True,False,False
Veo,fbe89f14-9493-5b63-8f99-58a6006bb9bd,bicycle,39.980944,-83.00321,,12.28,True,False,False
Veo,4cf6fd19-ab49-5299-bd2a-ed40bc74937f,bicycle,39.991244,-82.99504,,28.14,True,False,False
Veo,8f9de916-7b31-56f3-b185-79e3e5e79770,bicycle,40.091923,-83.093344,,16.84,True,False,False
Veo,381343bc-4d7e-55f9-999f-616738c99338,bicycle,40.025289,-83.034277,,28.14,True,False,False
Veo,67aa0da4-86dc-5b7d-a479-e12cfae52c70,bicycle,40.031513,-83.015588,,28.01,True,False,False
Veo,53b67d52-b7f9-5846-aa41-a3afcff31b3a,bicycle,39.999911,-83.003859,,28.14,True,False,False
Veo,bc9c08ef-b742-504f-9140-39de06dc81e4,bicycle,40.001076,-83.008381,,25.94,True,False,False
Veo,a4cfde72-796e-5fec-91f0-8a5046c97125,bicycle,39.963445,-82.990721,,14.43,True,False,False
Veo,9dc11432-a252-5a8c-a98d-c791aa47781a,bicycle,40.007247,-83.000742,,14.86,True,False,False
Veo,9aa9f33a-86bd-5fae-bc65-c586e590f1c8,bicycle,39.996239,-82.979633,,28.14,True,False,False
Veo,87649b0a-4846-5152-b133-8e37ebfc8baf,bicycle,40.00102,-83.002433,,15.89,True,False,False
Veo,fe43dac1-87a3-5d4f-a2ca-cbe8c88ed025,bicycle,39.977482,-83.013094,,18.67,True,False,False
Veo,b2201bdd-ba5b-5915-9656-61fa42dda435,bicycle,39.965145,-83.002197,,28.14,True,False,False
Veo,7ac4aa30-b129-55a6-a1bf-6e05aa9327c1,bicycle,39.999256,-83.021496,,27.77,True,False,False
Veo,f670f230-56d4-51d3-bd67-7bb6df9a398a,bicycle,39.969698,-82.969442,,28.14,True,False,False
Veo,816d3218-2f8c-51c5-8ce1-e50b6b16bb30,bicycle,40.003538,-83.016522,,13.39,True,False,False
Veo,9984470e-4c78-5949-9e37-99ce8c1a8d48,bicycle,40.100605,-83.107791,,6.07,True,False,False
Veo,16bc222d-d3db-5cd4-9ada-58652d6f2012,bicycle,39.963079,-83.00423,,12.52,True,False,False
Veo,e1d4df4c-2f8b-5cc7-8450-5394b5e2c8ca,bicycle,39.95413,-82.99381,,23.02,True,False,False
Veo,b82f822c-7b8d-5cc7-88f7-7de937c92124,bicycle,39.952236,-83.039042,,13.64,False,False,True
Veo,7a542ded-9e9e-5283-b079-a29331482112,bicycle,39.989635,-83.005344,,23.33,True,False,False
Veo,f8ebef9a-f374-53e3-a414-7dfd58a716b6,bicycle,39.948389,-82.96278,,12.28,True,False,False
Veo,38468306-d866-5b34-9c5a-0c39f54dc541,bicycle,39.963149,-83.018073,,18.67,True,False,False
Veo,3074eb32-3bab-5c94-b4f7-0bd5adf4580c,bicycle,40.00130422,-83.00394622,,25.34,False,False,True
Veo,616c8874-9546-59e1-89a3-8d8f3c68fe14,bicycle,39.992504,-83.012385,,12.07,True,False,False
Veo,8f939360-49ef-50f1-aeb8-b628493e26ab,bicycle,40.004436,-83.011889,,26.78,True,False,False
Veo,8246c04b-8dbc-515f-bb02-78294719a3d1,bicycle,39.95601374655962,-82.94535644352436,,28.14,False,False,True
Veo,d6a21494-7806-59c5-9305-e2052b2ba779,bicycle,39.920916,-83.043227,,4.19,True,False,False
Veo,fe7aceca-e1f6-57cc-b1e6-047b001e4841,bicycle,39.900491,-82.956619,,12.63,True,False,False
Veo,6411137e-e259-54c5-848d-57f1573c3271,bicycle,40.00391,-83.011018,,14.61,True,False,False
Veo,0e1be7b1-e6d9-55d3-8a63-33433cb476b2,bicycle,40.007092,-83.047888,,12.52,True,False,False
Veo,8d065659-2725-5bbe-b713-c8057f561d96,bicycle,40.018674,-82.97823,,11.34,True,False,False
Veo,76202459-7dab-5411-a185-77f464327bb6,bicycle,39.960695,-83.00322,,14.61,True,False,False
Veo,b0a44db5-0720-5763-ab2f-8c64507b83cf,bicycle,40.096676,-83.077423,,12.52,True,False,False
Veo,c1db2551-bd62-5aea-9877-a7197b1beab8,bicycle,40.001517,-83.003814,,14.43,True,False,False
Veo,3183e769-845d-59e1-98c6-e0ef957e03d5,bicycle,39.959681,-82.859132,,28.01,True,False,False
Veo,a503c053-87d4-5f35-bd10-9109a1656348,bicycle,39.978519,-82.957616,,28.14,True,False,False
Veo,824b3905-91cf-50eb-9a4d-49e60105f2fe,bicycle,39.963466,-82.981851,,13.1,True,False,False
Veo,b0a3f48a-b7cd-57d4-baae-5fd72d43d0bb,bicycle,39.952543,-82.991175,,28.14,True,False,False
Veo,811740dc-abb0-51e2-ba5c-c96a49f0aab0,bicycle,40.000242,-83.018028,,20.05,True,False,False
Veo,5468986e-284f-5cec-a123-971d5a10c8cc,bicycle,39.99864786,-83.00701844,,26.25,False,False,True
Veo,fec94ea1-0660-5a1b-a781-184d61a01999,bicycle,40.049336,-82.97665,,14.43,True,False,False
Veo,9d94a6c0-b614-58e8-95e0-e6269f164fa2,bicycle,39.962122,-82.981384,,8.09,True,False,False
Veo,5e8f8edc-1527-52a6-b6e8-047e370c0311,bicycle,39.908343,-83.045639,,16.39,True,False,False
Veo,d453d18a-ebf8-5de9-8c54-77d19b559a65,bicycle,39.946663,-83.049009,,25.94,True,False,False
Veo,17b76d42-beef-50a1-b8bb-68cb913e2658,bicycle,39.955907,-83.003032,,25.34,True,False,False
Veo,40561b45-08fb-5a3a-a31c-80552080085e,bicycle,39.944288,-83.113171,,14.43,True,False,False
Veo,67d8fa75-6fcd-589a-bebf-310a1ec974cc,bicycle,39.963072,-83.00448,,28.14,True,False,False
Veo,58bfb64f-efcd-5094-9a6e-74f91c345e1d,bicycle,40.052342,-83.039453,,20.37,True,False,False
Veo,268c616a-0648-5184-8bab-657d1bb18073,bicycle,40.001606,-83.003754,,22.39,True,False,False
Veo,d40d4c4e-98ff-5e97-90f9-527dcc6479ca,bicycle,39.978504,-82.957589,,9.29,True,False,False
Veo,80e222c5-971b-57d2-81f5-bb4f8bce742c,bicycle,39.95597,-83.003098,,24.84,True,False,False
Veo,962584d9-e71d-5656-a76f-4576a8e834ca,bicycle,40.005889,-83.005814,,24.84,True,False,False
Veo,a83648fa-cbf1-517e-a79b-c42d400cb592,bicycle,40.011647,-83.047579,,16.84,True,False,False
Veo,8dd086df-ece9-5a56-9374-f7c81ce3455d,bicycle,40.06444,-82.988394,,20.05,True,False,False
Veo,404458b5-13fd-5203-9d8c-4e3de206dc98,bicycle,39.9471,-83.062456,,28.14,True,False,False
Veo,f833aaef-843d-5a92-a10c-08fd09ab3982,bicycle,40.000333,-83.017872,,10.31,True,False,False
Veo,6e48829d-eab3-5637-90dd-0da05df257eb,bicycle,39.949659,-83.058726,,25.12,True,False,False
Veo,13458927-4e86-5969-a03c-91a95358a250,bicycle,40.003995,-83.012966,,13.39,True,False,False
Veo,2682892c-de54-5a9d-9de3-e06d60d3ab19,bicycle,39.948463,-83.053388,,13.39,True,False,False
Veo,4dfa823f-efe1-527b-8a81-53171305f98f,bicycle,39.993567,-82.981123,,26.25,False,False,True
Veo,986d4990-0fc3-5920-bc65-8ebc7e0189fd,bicycle,39.970047,-83.006359,,27.44,True,False,False
Veo,419d8220-e664-59fc-ac56-3889f44e818b,bicycle,40.008725,-83.012879,,6.67,True,False,False
Veo,9204429b-4e85-518a-a84f-6c81690b1ddd,bicycle,39.950731,-82.983364,,23.77,True,False,False
Veo,4fc5bfb2-30ae-5a70-b33f-1695cccaae73,bicycle,39.998349,-83.006444,,25.65,True,False,False
Veo,0fa2be9e-a5db-5ad8-835e-e64d011b3687,bicycle,39.961209,-82.981263,,28.14,True,False,False
Veo,76188391-e609-5f37-81be-21de48751765,bicycle,39.956156,-83.01436,,13.39,True,False,False
Veo,a3fc1820-1584-56f3-aa72-2a8e5c5edc94,bicycle,39.95346,-83.096616,,13.64,True,False,False
Veo,e2e865ea-6050-5539-8e1a-ca88530c5764,bicycle,39.998831,-83.007021,,17.89,True,False,False
Veo,413e37a4-35e1-5c5a-9188-b093aa19c9e5,bicycle,40.010978,-83.007245,,28.14,True,False,False
Veo,538c8422-abda-5404-b04d-6d95e953b1ac,bicycle,39.970457,-83.002506,,28.14,True,False,False
Veo,3c55fc49-ed05-5220-a33f-859fd302a6a4,bicycle,40.010926,-82.952227,,26.25,True,False,False
Veo,b27e1a7e-5767-5c99-a7dc-3f2bdc34e682,bicycle,40.053896,-83.060056,,17.37,True,False,False
Veo,3e3f871a-6bda-5e35-8232-0bb0de2ffb18,bicycle,39.992122,-83.005872,,25.65,True,False,False
Veo,f3cce085-286a-5fae-b96f-e6e048efbd96,bicycle,39.896423,-82.983595,,26.78,True,False,False
Veo,9b4eba1c-d629-51d8-a71e-1c3ae0f87361,bicycle,39.951128,-83.056273,,24.84,True,False,False
Veo,f3163a34-6d9e-5b3c-88c5-03a4bae7cf8c,bicycle,39.946562,-83.054754,,28.14,True,False,False
Veo,22ee7158-aec3-53b1-b595-d6b83b0e6b56,bicycle,40.098846,-83.114452,,25.74,True,False,False
Veo,f9ddef86-b033-5a85-a49e-d318d2cf21c4,bicycle,39.997452,-82.997498,,27.77,True,False,False
Veo,3ad160bd-b18a-532b-950f-9f3bd15ddb43,bicycle,39.956596,-83.035461,,28.14,True,False,False
Veo,1b089f13-8b40-58ff-ba08-d78d241fcc0e,bicycle,40.071575,-82.941471,,12.87,True,False,False
Veo,8d0ca0d5-b572-54e0-95b5-f47fac221e66,bicycle,40.038384,-82.995516,,24.33,True,False,False
Veo,294b97c4-b35d-505d-89d9-61f1ca38dca9,bicycle,39.925084,-82.939249,,24.33,True,False,False
Veo,e0a6e066-e15c-5782-a171-c04c0d8d57be,bicycle,40.00092,-82.978601,,27.44,True,False,False
Veo,a4e9c760-4885-5c09-acd7-bfb283d91287,bicycle,40.001527,-83.003785,,8.43,True,False,False
Veo,3957ab5f-aa06-5200-a547-6ffb6ff03b17,bicycle,40.01155,-83.013459,,23.77,True,False,False
Veo,9da34481-81de-57aa-91b2-94a32720d825,bicycle,39.959769,-83.065795,,28.14,True,False,False
Veo,0598b4d5-a1eb-5789-aeaa-bc3a4d1b638d,bicycle,39.997319,-83.020776,,24.84,True,False,False
Veo,d746ab6c-b702-5cce-93b7-7b2a64890ae2,bicycle,39.923534,-82.98551,,28.14,True,False,False
Veo,6cfdbc77-c158-5f81-809e-771b8ac3e9ec,bicycle,40.001764,-83.011813,,18.67,True,False,False
Veo,cc6ec43b-57ad-518a-be42-bb3a7c9bf8d5,bicycle,39.918183,-83.082184,,28.14,True,False,False
Veo,67b78fbe-203d-58d7-95f1-a6c0787402cf,bicycle,39.970099,-83.004891,,13.86,True,False,False
Veo,0765d6fe-88d2-50a9-b959-91ac48019d5f,bicycle,40.039611,-82.99542,,26.51,True,False,False
Veo,8aac9d81-ea94-5dd8-88e7-2cc2b11a0460,bicycle,40.007149,-82.997007,,28.14,True,False,False
Veo,d2f7d204-f44b-5f4e-be55-143e435dc3b6,bicycle,39.948842,-82.985657,,28.14,True,False,False
Veo,c2924802-ab69-54a7-b3b0-60649dcf478a,bicycle,39.96593278340319,-82.99143498448291,,25.74,False,False,True
Veo,437528f0-95f7-5bad-a2f6-3904e3133404,bicycle,40.032101,-82.972639,,7.62,True,False,False
Veo,805f0580-1166-5a42-a610-f65ac2d06bb6,bicycle,39.98035782289877,-83.00966664689281,,22.7,False,False,True
Veo,9a8df120-cc56-56ba-81bc-76fda3602616,bicycle,40.002487,-82.945114,,11.34,True,False,False
Veo,f9ee13e6-fbb5-5c26-87b4-64be21897c5f,bicycle,39.937796,-82.881867,,9.02,True,False,False
Veo,22494017-f230-56cf-89f1-7e7e1a770548,bicycle,39.95581782339665,-83.003053593439,,28.14,False,False,True
Veo,5b7ef080-f8c7-5f56-8bb4-db1028937b17,bicycle,39.922631,-83.034466,,20.05,True,False,False
Veo,6db54ed9-283b-59f3-b886-b67ca7e12b32,bicycle,40.009309,-83.013262,,15.89,True,False,False
Veo,2c9bc699-142d-56b9-a2a7-80150f0cd028,bicycle,39.999933,-83.003857,,27.77,True,False,False
Veo,435ee730-b4c9-5c4f-9be4-2bcbc61f5ac8,bicycle,40.00353,-83.01787,,26.78,True,False,False
Veo,286d146b-58c7-5d42-81d3-102f6e60dc3b,bicycle,39.99197,-83.006557,,22.7,True,False,False
Veo,0495cafb-d644-5f59-9728-30f54028b023,bicycle,40.001071,-83.00835,,24.84,True,False,False
Veo,3f332bba-d45d-5808-8b76-52a187595641,bicycle,39.9688,-83.003362,,24.84,True,False,False
Veo,46529c41-4c1c-5760-a0c2-593c41dcb50a,bicycle,39.977275,-83.004925,,13.39,False,True,False
Veo,2ea7ceb3-b86b-580d-b848-551fd028b368,bicycle,39.922621,-83.034448,,9.65,True,False,False
Veo,8b4aa09a-9ac4-5c17-81b9-e09faa500caf,bicycle,39.985564,-83.072655,,9.29,True,False,False
Veo,4aeb2db2-b3c8-5d52-9728-f514fab3a974,bicycle,39.961517,-83.003329,,14.86,False,False,True
Veo,d90729dc-6e7f-52ea-9f45-bde8828c3596,bicycle,40.012005,-82.968583,,21.77,True,False,False
Veo,35e8c605-22ba-5910-9b11-6908b5805d99,bicycle,39.991963,-83.006464,,28.14,True,False,False
Veo,905722af-cced-508e-b2ef-dc5a3990410c,bicycle,39.908082,-82.955692,,28.14,True,False,False
Veo,b23c43e9-e050-51c4-bda8-306d9b8384c4,bicycle,39.94704731098506,-82.9993672282022,,24.84,False,True,False
Veo,c24d8430-be9d-52ea-b0e0-1ab41dd87a49,bicycle,40.006386,-83.008461,,24.84,True,False,False
Veo,96a1ff5f-c58e-5136-933c-c97a4befc50f,bicycle,39.955904,-83.003155,,6.31,True,False,False
Veo,4f8c5cba-f252-5aae-9645-5b482314c101,bicycle,39.953263,-82.992516,,25.65,True,False,False
Veo,f9b3b808-e42c-5876-ad38-435dca50940f,bicycle,40.01612,-82.961933,,19.78,True,False,False
Veo,2142f429-a1f0-551a-a3c1-b6270f71a686,bicycle,40.021823,-82.959655,,27.44,True,False,False
Veo,6f23d3f5-a7d8-5479-98f9-f74830c60af3,bicycle,39.95599522255361,-82.94533951207995,,0.0,True,False,False
Veo,8e9cb9a0-6738-5857-8af1-8e75a8d75f46,bicycle,39.9982,-83.009756,,27.44,True,False,False
Veo,fb111ec3-286f-5e33-9653-09f1f86f9035,bicycle,39.975006,-82.960572,,28.14,True,False,False
Veo,79d26139-cb39-503f-abe6-23c80eb03c81,bicycle,39.936064,-82.955385,,26.51,True,False,False
Veo,4394f9b4-be66-55e9-b756-733a0fc44b3f,bicycle,40.000272,-83.017918,,26.78,True,False,False
Veo,501668db-ca53-5700-9644-d8da0e93419c,bicycle,40.015578,-82.961078,,28.14,True,False,False
Veo,252b353b-b64b-5e9a-8de2-b8276f5ef22f,bicycle,39.946522,-83.058637,,16.39,True,False,False
Veo,97b42835-a4b5-5ec6-9627-2ccd543f6b98,bicycle,39.99457,-83.007911,,22.39,True,False,False
Veo,015370bc-1b3d-52be-9b34-03644de73df4,bicycle,40.056749,-83.043512,,10.51,True,False,False
Veo,da47c322-4ba7-5fe6-b42e-5f43983552c9,bicycle,39.990008,-83.003998,,18.19,True,False,False
Veo,13fcbaf3-0197-56f8-9e0a-c1165a8afb04,bicycle,39.979236,-83.0804,,13.39,True,False,False
Veo,13bccc7a-28d9-5ebf-ab17-91c7e425a5b5,bicycle,40.052554,-82.954556,,5.03,True,False,False
Veo,c48d29a2-6e43-5094-8f73-56611b0920ad,bicycle,39.970593,-82.96676,,14.43,True,False,False
Veo,c9a3cd53-6630-5bab-82fe-7ee8c7824af1,bicycle,40.004189,-83.010682,,28.14,True,False,False
Veo,85fc1a4d-c18a-54d4-93b4-1eaa98e689db,bicycle,40.004626,-83.013394,,25.34,True,False,False
Veo,7a26d071-0071-5dca-9e54-3cf131c0da42,bicycle,39.955907,-82.870971,,6.98,True,False,False
Veo,1624444d-35e8-5c56-9b15-253c7d8dbf85,bicycle,40.014773,-83.002725,,6.98,True,False,False
Veo,333ef6c2-f036-55d2-90f3-2ff7f846a7fd,bicycle,40.024078,-83.035179,,14.61,True,False,False
Veo,5ab78113-9bc2-503a-b4a0-19b47f1f8bff,bicycle,39.972163,-82.96858,,13.86,True,False,False
Veo,026f2eb2-0113-5c5a-92ac-4313fc48988e,bicycle,40.013264,-83.01081,,15.18,True,False,False
Veo,69e5e170-cd82-55cf-905a-ed093bae352c,bicycle,40.006972,-83.009276,,14.61,True,False,False
Veo,da951e4c-52b1-5456-802a-533c5b578918,bicycle,40.014065,-82.999946,,28.14,True,False,False
Veo,98b63579-136d-5833-bc96-98e935be4715,bicycle,39.968125,-83.00397,,13.64,True,False,False
Veo,bb392822-0559-5a44-a622-42262ca9dbe5,bicycle,39.955577,-83.057976,,28.14,True,False,False
Veo,f15e9089-9b41-5566-9eb4-ef68bb6694b5,bicycle,39.924852,-82.936511,,8.78,True,False,False
Veo,a09a5d35-e4d4-5416-9534-872395aa19c9,bicycle,39.954035,-83.097277,,25.74,False,False,True
Veo,f816e75e-588d-59a1-8188-14f4b88efade,bicycle,40.004359,-83.017092,,23.02,True,False,False
Veo,b18106e6-3f64-5911-802e-29d706b2c5c5,bicycle,40.017903,-83.001922,,26.25,True,False,False
Veo,91641f8f-33c1-557e-9e39-f568c9773d7a,bicycle,39.952397,-82.950895,,28.01,True,False,False
Veo,ce2a6f04-1cb9-5c82-915b-a4a18d230657,bicycle,40.000309,-83.017944,,6.98,True,False,False
Veo,860abba4-0c22-5b8f-8946-ff3d0e51dc2b,bicycle,39.95600595138967,-82.94536968693137,,22.7,False,False,True
Veo,a1930384-7e22-54ef-adec-65823cd7c0e8,bicycle,39.957237,-82.989188,,24.33,True,False,False
Veo,58ac5acf-1f9b-5a93-9591-766684a4a91c,bicycle,39.996784,-82.97401,,21.15,True,False,False
Veo,d6494c68-0ca6-5c22-a634-0638fc727272,bicycle,39.955952,-83.003153,,26.25,True,False,False
Veo,44d55e8e-21c2-57a2-904d-c17baf970bec,bicycle,39.947043,-82.861882,,1.83,True,False,False
Veo,72901100-b6b3-539f-b18f-a645795ab349,bicycle,40.00172,-83.015553,,26.25,True,False,False
Veo,6ba3251b-d73c-5214-8dce-77e2877a89e4,bicycle,39.942101,-82.994968,,22.05,True,False,False
Veo,56f26529-755b-5057-9cc3-1f8c3d3ae96c,bicycle,39.96209,-82.94993,,21.15,True,False,False
Veo,769a15af-d618-5184-aeef-2cc6ebeb1053,bicycle,40.063,-82.914277,,4.78,True,False,False
Veo,9c680a30-b368-54a1-b46c-f7f9eeca2cfe,bicycle,40.010055,-83.022977,,13.1,True,False,False
Veo,5d006cda-2fd8-50b7-8014-59f5df47ab5b,bicycle,39.98883127,-82.999555,,14.61,False,False,True
Veo,c6b2ccca-80d8-5c3c-a950-8ba8f3029ab2,scooter,39.979395,-83.001867,,28.14,True,False,False
Veo,b193ceaf-b194-5e06-b97b-438caaa2344c,bicycle,39.952489,-82.985947,,28.14,False,True,False
Veo,97cd8026-d2ce-5568-8435-01e30f68daf9,bicycle,40.02152,-83.030632,,5.68,True,False,False
Veo,4941e416-2c57-5426-b069-fe7b7f4d443b,bicycle,39.997293,-82.995947,,24.84,True,False,False
Veo,ff6841b3-5c88-50ad-b953-ed4be9149c27,bicycle,40.00110926115463,-83.00838914720484,,28.14,False,False,True
Veo,de0623a3-12e5-5509-aa16-3eb4b5c44a0b,bicycle,39.989042,-83.026863,,15.89,True,False,False
Veo,5c11b3d3-7417-55ba-8a7f-1f744ff7f267,bicycle,39.927337,-82.979763,,5.68,False,False,True
Veo,271145ba-bc75-5a70-8289-1967d8b9adbe,bicycle,40.001848,-82.998438,,3.13,True,False,False
Veo,2da09e36-1055-5aaa-865f-dc3f4d68dca1,bicycle,39.957383,-82.954411,,28.14,True,False,False
Veo,25ac2d3c-a016-5cfc-931a-83ae774bd805,bicycle,39.951682,-82.973595,,28.14,True,False,False
Veo,7994696e-435a-5ac1-8426-ef5985190b0c,bicycle,39.958634,-83.08101,,1.15,True,False,False
Veo,159fb90e-6751-559f-8644-fdad36c3e164,bicycle,39.995542,-83.040609,,25.34,True,False,False
Veo,b923942d-7dad-5418-8242-6101bceab472,bicycle,39.96538,-82.983866,,28.14,True,False,False
Veo,9f15dcbb-b13d-51cf-8299-1834fec0de46,bicycle,40.005932,-83.009509,,21.15,True,False,False
Veo,7280f2f8-76df-56f1-ba54-2ebdd2abcc1c,bicycle,39.970666,-83.002015,,28.14,True,False,False
Veo,7320b20e-e0ed-5735-bcc2-d12089daf1fa,bicycle,40.003889,-83.012943,,26.25,True,False,False
Veo,c52b30df-953a-5a30-b43c-5d099f35a70f,scooter,39.946999,-82.997812,,28.14,True,False,False
Veo,6a9bc0ba-110a-5c75-a9c1-bb73f20962a4,bicycle,40.000306,-83.017948,,19.05,True,False,False
Veo,25854c0e-acfb-5591-b3d5-c0de47f9e1c0,bicycle,39.947944,-82.974119,,25.94,True,False,False
Veo,0050b330-749e-5277-8a37-fb74a2fdf2d5,bicycle,39.948266,-83.053017,,9.65,True,False,False
Veo,c1a8f2e8-915f-5b81-a6d5-d385f8e8b066,bicycle,39.996375,-83.026632,,19.39,True,False,False
Veo,c5b1abd9-78f9-5553-afc0-a0e036982667,bicycle,39.999902,-83.003872,,28.14,True,False,False
Veo,9d485cb3-9298-5b18-97dc-b0a2f9c74923,bicycle,40.000227,-83.01088,,9.02,True,False,False
Veo,9305df1a-47e6-5f7d-97b7-4db616a02dce,bicycle,39.966383,-82.992814,,9.65,True,False,False
Veo,f2a46278-69fc-503d-bca9-e7ccba394cd9,bicycle,40.005883,-82.912662,,28.14,True,False,False
Veo,79ef2f5b-1edf-5b96-983d-8c89e9cb8ac4,bicycle,39.997827,-83.006624,,28.14,True,False,False
Veo,b1c484ed-e0c5-56f7-8bbe-b40a29a72b3e,bicycle,39.963096,-83.004482,,24.84,True,False,False
Veo,15559bf4-60d8-5276-8a96-36feadeddf0c,bicycle,39.963238,-82.981313,,12.87,True,False,False
Veo,a5ae3251-fc9f-5554-b2bd-24ddc718ed11,bicycle,39.956776,-83.002437,,23.02,True,False,False
Veo,bb2d5983-0207-5781-9fea-4e97cf319880,bicycle,39.98099,-82.915843,,14.43,True,False,False
Veo,be70d2ab-5d40-5911-9651-1acd53f90b74,bicycle,40.023658,-82.981132,,3.48,True,False,False
Veo,e3989b77-5d50-530d-8346-ca9581a469d2,bicycle,40.100603,-83.115535,,25.34,True,False,False
Veo,2780a32f-4426-5526-9a7f-60861727b576,bicycle,39.950252,-83.000176,,22.7,True,False,False
Veo,60fc233c-a5e1-53ac-9b25-6b2872dc7808,bicycle,39.905742,-82.95429,,28.14,True,False,False
Veo,c92c2f71-fe3f-50f2-b46c-15b98f98e477,bicycle,39.94814,-82.997788,,28.14,True,False,False
Veo,400abaf8-7776-52e8-9b86-9ea529a23045,bicycle,40.023653,-82.996303,,19.05,True,False,False
Veo,a650b033-d172-5e7a-b8eb-7dfcded1b844,scooter,39.946602,-83.058405,,28.14,True,False,False
Veo,75076c73-e8c3-56dd-86c6-f447ae65c97d,bicycle,39.963238,-82.981358,,24.33,True,False,False
Veo,dc573150-c3ab-5406-b5f7-24a4b336db3c,bicycle,39.9977,-83.006605,,12.52,True,False,False
Veo,38519e17-03a9-5e2e-a937-823d84a6e938,bicycle,40.00187,-82.953684,,28.14,True,False,False
Veo,95d47207-8223-5fbc-86e2-b69b2200d0a3,bicycle,40.016803,-83.007489,,12.87,True,False,False
Veo,f4a2c2b5-f1f1-5b5a-a179-2949bfdfa3c4,bicycle,40.003832,-83.012989,,15.18,True,False,False
Veo,6ac85e40-0f50-50f8-88d9-95b745151326,bicycle,39.992512,-83.006726,,6.31,True,False,False
Veo,e99db278-bfbb-51e1-99b1-3918f05e436e,bicycle,39.948527,-82.957002,,24.33,True,False,False
Veo,d7e002b7-1528-56f9-b372-402029aaa4bc,bicycle,39.990227,-83.006647,,15.18,True,False,False
Veo,f01d9db0-3892-5f22-9270-b9b38c297fb7,bicycle,40.103813,-83.10951,,14.61,True,False,False
Veo,d9d17124-7448-5e43-b046-62ff7b9b73e3,scooter,39.969642,-82.978239,,15.18,True,False,False
Veo,d82b2d33-8a36-52aa-a5e7-6875aa401e28,scooter,39.969477,-83.009459,,26.25,True,False,False
Veo,e20c85e2-4bad-5d78-8788-840fac7ad6e7,bicycle,40.021972,-82.950281,,25.34,True,False,False
Veo,0fc3501a-c7cf-578f-9e4c-9a2f281f476d,bicycle,39.955805,-83.052905,,3.67,True,False,False
Veo,c77bdeaf-b649-55b9-8bf6-37b74bcef818,bicycle,39.959357969233196,-82.98433756063041,,11.59,False,False,True
Veo,48312bf3-5966-55eb-b2a6-fa061d5324b3,bicycle,40.008104,-83.01165,,16.39,True,False,False
Veo,efd32806-bb7e-5513-9f28-248611d27f6b,bicycle,40.00325,-82.998601,,9.65,True,False,False
Veo,1f8c16fc-50a7-5936-89ff-6ced3ee96f73,bicycle,39.931513,-83.051792,,9.02,True,False,False
Veo,5beeb99a-bfab-55b2-8cc4-a9de124f304a,bicycle,39.990302,-83.005254,,12.52,True,False,False
Veo,899ccbe9-588d-54d9-be99-239fc101dee9,bicycle,39.940105,-83.095904,,1.15,True,False,False
Veo,47ec8a9c-471b-5dfe-978b-41e61e0eaf1f,bicycle,40.010796,-82.969243,,0.33,True,False,False
Veo,1a1a85fe-fc0b-539f-bb63-ab3c95cd909a,bicycle,39.996484,-82.987292,,13.1,True,False,False
Veo,ef73cd04-22ff-5f53-97a7-66d9921aa1e8,bicycle,39.967154,-82.993069,,14.43,True,False,False
Veo,7defc6ce-e80c-557e-932c-d30eab2d2663,bicycle,40.007104,-83.047828,,13.39,True,False,False
Veo,7e401c86-170c-572e-a15b-2dec59eb6dc8,bicycle,39.996172,-83.010484,,28.14,True,False,False
Veo,86a8bfe9-b49c-5ab5-8de4-4092c8a4714f,bicycle,40.034982,-82.963695,,13.1,True,False,False
Veo,587cff88-6202-5e53-aa13-59556f8b9add,bicycle,39.97294,-83.003219,,28.14,True,False,False
Veo,197a56ea-8fc7-5a02-a99e-72c009dbbb87,bicycle,40.002027,-83.01291,,11.34,True,False,False
Veo,54d01cca-7631-510d-8894-8c605bbfe2ae,bicycle,40.007423,-82.977691,,7.29,True,False,False
Veo,458a35e3-b335-5879-9b9d-5e26b813edaf,bicycle,39.98188,-82.99054,,2.36,True,False,False
Veo,21cc24d5-f235-56d3-8d72-5e666b921a51,bicycle,39.93867,-83.000171,,22.7,True,False,False
Veo,7ce66f97-5132-58a6-98c0-92d8b2830a6a,bicycle,39.942041,-82.996778,,25.94,True,False,False
Veo,44d5c8d3-b5ed-5f19-beb4-4f2d5b35cc00,bicycle,39.957778,-83.006122,,27.77,True,False,False
Veo,dc5cda53-c02c-585d-89c4-be8e3e755864,bicycle,39.959946,-83.090827,,1.15,True,False,False
Veo,90ba506c-28a6-5c82-9697-0a016c51a55a,bicycle,39.947769,-82.996894,,27.77,True,False,False
Veo,0e67de1b-af4a-5206-a44d-f32a32881f18,bicycle,39.956067,-83.012301,,6.98,True,False,False
Veo,5998d77b-b545-5d63-a1e9-802308fd4082,bicycle,39.949597,-83.093143,,24.33,True,False,False
Veo,08854eb5-4993-5c0c-ae6b-d59c14247bd4,bicycle,40.00008,-82.979508,,14.61,True,False,False
Veo,4fdc5931-086f-5939-a5a4-cadde85d70c4,bicycle,40.005822,-83.009155,,24.33,True,False,False
Veo,cbd91f35-b437-5146-a4aa-c484fc454633,bicycle,40.004547,-83.01194,,20.05,True,False,False
Veo,243c259b-49da-5b45-8862-1bea2bfe7ea9,bicycle,39.968144,-83.003989,,28.14,True,False,False
Veo,b899bbbe-656a-556a-8629-67a2f172152c,bicycle,39.956065,-82.945274,,1.15,True,False,False
Veo,872e60b8-1ff5-56a0-b6a5-b3c1c23f3ffa,bicycle,39.99557239543317,-83.00436817380032,,28.01,False,True,False
Veo,942d6b99-b58a-5298-b2e9-be0877091b54,bicycle,40.089486,-83.048944,,25.34,True,False,False
Veo,82af1fcb-e63c-5e37-b0dc-5f72119ff577,scooter,39.99749,-83.001044,,13.86,True,False,False
Veo,620110fa-9745-5d63-a784-d4562b4b8c0b,bicycle,39.962124,-82.996318,,14.43,True,False,False
Veo,1c86d2f6-1935-5d60-8f4d-95c304c97f53,bicycle,39.957142,-82.989467,,26.78,True,False,False
Veo,bc788ae5-73fb-543a-aceb-f164f5e03dc7,bicycle,40.009808,-83.003102,,13.1,True,False,False
Veo,13a175b3-fea3-543c-9627-3991d858776a,bicycle,39.942021,-82.994943,,6.98,True,False,False
Veo,6cb4b619-0443-5086-a601-c51ec7e873ff,bicycle,39.955786,-82.977177,,27.44,True,False,False
Veo,db4008c7-b84b-5fa1-ab71-c2645be44d0b,bicycle,40.001771,-82.912927,,19.39,True,False,False
Veo,3f610a1a-d32b-5043-a62f-1d9124d2a07e,bicycle,39.954906,-83.050502,,28.14,True,False,False
Veo,88fbd474-b599-5df3-a4db-a560d8daf13c,bicycle,39.994511,-83.007687,,10.51,True,False,False
Veo,e4566c01-5fe8-512c-91b5-731f232f5920,bicycle,40.051183,-82.964713,,15.18,True,False,False
Veo,8903535a-7db6-5ff3-9387-9d79ff54b2aa,bicycle,39.963056,-83.004251,,13.1,True,False,False
Veo,4897ff5f-ddbc-5075-8659-494a19d09706,bicycle,40.10387,-83.109785,,25.12,True,False,False
Veo,2ddf03e2-a45e-5a4a-9d8d-ffddd721a83e,bicycle,40.03068,-82.990893,,12.52,True,False,False
Veo,9b0c5cf5-cfbc-5aaa-baef-39c6ad62dc3b,bicycle,39.994012,-83.006772,,7.62,True,False,False
Veo,74a10322-ccaa-510b-b15e-e1e9b2172ca1,bicycle,40.006756,-83.011424,,20.37,True,False,False
Veo,1722d590-705d-52a6-b20e-16a38bccde55,bicycle,40.011066,-83.013201,,28.14,True,False,False
Veo,d57def44-a898-510c-aea5-b6beb1972c8b,bicycle,40.019255,-82.977808,,13.86,True,False,False
Veo,82299a85-1e07-5757-a298-53a94d0bac6a,bicycle,39.975432,-83.015159,,13.1,True,False,False
Veo,5a2982ce-4195-50f6-85d8-4ad717662020,scooter,39.956018,-83.012123,,20.05,True,False,False
Veo,4e9fb396-0284-561c-9d3b-1e3461c90351,bicycle,39.999403,-83.02113,,8.43,True,False,False
Veo,0c1ebc4b-3c09-5113-8988-b42060a88394,bicycle,39.965787,-83.008764,,18.19,True,False,False
Veo,4fc34f8f-e0a9-549e-bd0c-b988e1f26672,bicycle,39.99621,-83.014935,,24.33,True,False,False
Veo,8b266b77-ca37-5a16-a3cc-62c1c9a1c28f,scooter,40.035577,-83.020576,,16.84,True,False,False
Veo,3d3b6e1f-6034-5f8a-9aac-a714eb7e3052,bicycle,39.983992,-83.01546,,15.89,True,False,False
Veo,02afdeb6-a579-592f-8ff1-3e89aa8cb87f,scooter,39.95867,-83.013652,,28.14,False,True,False
Veo,57272590-d5a4-5608-ae1b-5c8348e1f710,bicycle,39.984969,-83.016644,,26.78,True,False,False
Veo,8b995a3c-2add-52b2-a3fc-32bc1642c633,bicycle,39.972896,-83.004538,,24.06,True,False,False
Veo,b4ba247b-63de-5543-87c4-f618115f8205,scooter,39.968784,-83.007743,,14.61,True,False,False
Veo,544688b4-624d-5175-9eaa-6318c2bc0ed9,bicycle,39.961273,-83.028652,,28.14,True,False,False
Veo,6dc4827f-ba0f-52f0-957f-726bbaee1a33,scooter,40.004062,-83.012901,,13.86,True,False,False
Veo,7a98a8c6-81d6-5d3c-99df-db8fcf6353f5,scooter,39.968661,-82.993757,,12.52,True,False,False
Veo,01d7bf73-4c57-58f8-a138-4bd25057130f,bicycle,40.031022,-83.015758,,26.25,True,False,False
Veo,54ff29ce-718b-5ec5-8f7d-0ad8ae85e89d,scooter,39.961269,-83.006498,,20.78,True,False,False
Veo,8371b99a-cc24-5a9d-9ba5-4518038f1984,bicycle,39.955329,-82.969212,,24.33,True,False,False
Veo,4a025874-0788-5c00-837d-dc18126e261b,scooter,40.011804,-83.016485,,14.17,True,False,False
Veo,801ef068-fbf8-599e-aeeb-a994007e1568,bicycle,39.99967,-83.016897,,28.14,True,False,False
Veo,2d0df1cc-426c-5a9d-b30a-2c173f8a912a,bicycle,40.008862,-82.971657,,25.65,True,False,False
Veo,b7779d0e-6443-55dc-88d4-c10d866bb6f7,scooter,40.005045,-83.017068,,10.31,True,False,False
Veo,59e43e69-32c7-5b9c-ae19-38736e120ed0,scooter,39.988137262897084,-82.99607458462063,,21.49,False,True,True
Veo,0ba60947-d956-58ac-9221-dfc44944c9f2,bicycle,39.945198,-83.056078,,27.77,True,False,False
Veo,c6024a2e-0e8c-581c-aa78-a44cd74b464c,bicycle,40.05155,-83.105491,,7.29,True,False,False
Veo,aaff61c9-9a9b-546c-b806-1f0dc84ea322,bicycle,39.969577,-83.009377,,17.37,True,False,False
Veo,622d118b-62f4-5a78-b12f-7db569a771b0,bicycle,39.968896,-83.003955,,13.1,True,False,False
Veo,7abc15f3-f52b-5f15-860c-e1e7a627b07e,scooter,39.957056,-82.989135,,28.14,True,False,False
Veo,c7f2b298-f241-52d1-9a1a-fd0c991e4610,bicycle,39.92801,-82.964469,,11.34,True,False,False
Veo,9b6f781e-c098-50dc-a152-b80c14815ce1,bicycle,40.004656,-83.021261,,13.64,True,False,False
Veo,67fcbfec-2c52-54f7-b318-f0ba6c9ab9ed,bicycle,39.946168,-83.049037,,28.14,True,False,False
Veo,938ef078-7f8b-5b22-85b1-123cd6bb869b,bicycle,39.985643,-82.937235,,28.14,True,False,False
Veo,7bfc5bbf-50cc-51aa-b74f-cfc74a9d96f5,bicycle,40.03496,-82.96367,,15.45,True,False,False
Veo,7da15886-92d5-5092-8c35-291099af5e91,scooter,39.998265,-83.009625,,28.14,True,False,False
Veo,a5df86a8-1e0e-5400-b827-62501dbbddbe,bicycle,39.936894,-82.950492,,24.84,True,False,False
Veo,13a929df-9ea5-56ca-9d11-f17934309d60,bicycle,39.992156,-83.006359,,8.78,True,False,False
Veo,75e62e1f-7f81-520b-a84a-076108be6bc8,bicycle,39.995923,-83.047491,,1.15,True,False,False
Veo,569a99a6-c98d-55de-8968-ef17dac2406f,bicycle,39.991934,-83.006471,,25.94,True,False,False
Veo,480e81d4-01fe-58fb-8385-842a30524dc6,scooter,39.983893,-83.014216,,19.05,True,False,False
Veo,fbaa2c57-bf8f-5454-8c11-085a14ad60c4,bicycle,39.95598666666667,-82.94519666666665,,4.78,True,False,False
Veo,37d30580-4590-5fb0-a6fd-2fe2dfce69e1,bicycle,40.00573,-83.008624,,12.52,True,False,False
Veo,6eea419d-0443-53ca-be3f-733628f64e4c,bicycle,39.948533,-82.972956,,13.86,True,False,False
Veo,03221ae2-b08c-524d-b5e7-1452dd6233ea,bicycle,39.98706,-82.999003,,6.67,True,False,False
Veo,45914c18-371e-5a93-9c53-ba71dbff0111,scooter,39.957429,-83.011338,,28.14,True,False,False
Veo,ad0258f3-4055-54a2-9009-2fae71d5e61e,bicycle,39.964585,-83.004411,,13.39,True,False,False
Veo,4de694a9-dd7c-53db-92bb-4c3cdaffb0ef,bicycle,39.931457,-83.053344,,8.09,True,False,False
Veo,09736770-5fcb-5913-ad96-627a4d19ad75,bicycle,40.102336,-83.110813,,12.87,False,False,True
Veo,4f754d61-ecc7-592d-be3f-c32d230d726d,bicycle,39.995693,-83.012011,,15.45,True,False,False
Veo,fb501d24-4149-547d-9488-bb55e62512b9,bicycle,39.952798,-83.00408,,28.14,True,False,False
Veo,7a4dcc8d-5921-5179-95ae-8f2ecc3cfde4,bicycle,39.95024,-83.000194,,11.11,True,False,False
Veo,6f6535b4-b987-5b35-88df-fa0193d49f32,bicycle,40.087844,-82.975788,,28.14,True,False,False
Veo,b88c2b16-ca92-5656-a026-50c85cd0f4f3,scooter,40.002191,-83.015764,,28.14,True,False,False
Veo,ceff44e0-5e07-5be7-8169-433097df8aa4,scooter,39.950421,-82.997974,,13.86,True,False,False
Veo,f709e47c-b191-52b5-8551-69b6c8cab354,bicycle,39.95742,-83.011296,,25.12,True,False,False
Veo,16531374-247f-593a-9fec-778f815f17a8,bicycle,39.957728,-82.997036,,27.44,False,False,True
Veo,0e526d4f-c17e-5f0d-9a52-39c1a96688a3,bicycle,39.946147,-83.01693,,28.14,True,False,False
Veo,b73c3d92-ae2f-5eec-9578-b79f75010a43,bicycle,39.999748,-82.985696,,27.77,True,False,False
Veo,b112ea9d-a045-5042-b4ac-950b7de478b1,bicycle,39.998875,-83.011356,,22.7,True,False,False
Veo,fc350c16-4898-54ea-82b9-465b3f70f5f7,scooter,39.95781,-83.008072,,28.14,False,True,False
Veo,07117ea5-8b2b-58bb-a1d9-60046cbeda65,bicycle,39.975541,-83.004355,,28.14,True,False,False
Veo,db9e39d8-6ce6-5e0f-91ff-eaa323783fcd,bicycle,40.017865,-82.966753,,11.59,True,False,False
Veo,2d45cefc-59cb-5cec-bde8-bd1edbe52455,bicycle,39.968381,-83.009819,,12.63,True,False,False
Veo,b9cc0f05-ccf8-53b6-9236-d34393cd1b1f,bicycle,39.990109,-83.012828,,11.59,True,False,False
Veo,f57c491d-e49f-5744-8520-44c3afedb5be,scooter,39.966006,-82.968703,,27.77,True,False,False
Veo,5125fae1-7708-50c1-8114-82aed5e7e98d,scooter,40.00516,-83.033975,,28.14,True,False,False
Veo,4999615f-10b7-5f4d-a2a5-545730135d5c,bicycle,40.001959,-83.012892,,20.78,True,False,False
Veo,cedfad4b-a125-5b64-ad3c-cfc12e6efe81,bicycle,39.952797,-83.000789,,28.14,True,False,False
Veo,5d1134c1-e39b-55ac-831d-095df118c5b3,bicycle,39.905652,-82.954537,,12.87,True,False,False
Veo,d7c0d561-a240-5872-99fa-4bc69f258eda,scooter,40.005925,-83.011076,,28.14,True,False,False
Veo,28913f5b-0287-5d15-948c-f50a6d526e7a,bicycle,40.018706,-82.978226,,11.83,True,False,False
Veo,2722e93a-92c5-5964-9cfe-e7247d579914,bicycle,39.963328,-82.953231,,16.39,True,False,False
Veo,c65c938f-b852-59c5-a731-3d23a7b25da6,bicycle,40.021186,-82.975553,,12.63,True,False,False
Veo,6ff2fe5c-b536-523e-93db-b5d1f54534e7,scooter,39.976862,-83.002651,,25.65,True,False,False
Veo,f7f508e6-3d1f-5c97-b076-58892b4bb682,bicycle,40.093084,-82.990507,,28.14,True,False,False
Veo,c0197efe-71c0-555c-a099-13fe0191cad0,bicycle,40.007413,-83.014511,,7.29,False,False,True
Veo,46833cc2-07eb-5fb7-89c1-199186d004a4,bicycle,39.954082,-83.013021,,2.79,True,False,False
Veo,d9578cf3-3251-5253-b509-081d8d42a4e5,bicycle,40.000342,-83.017907,,12.87,True,False,False
Veo,305a4764-4b9a-5ff1-a4e2-0f9601580e2d,bicycle,40.102883,-83.040981,,25.74,True,False,False
Veo,86b8c49e-b8be-52ef-8398-cf761c5d0f8b,bicycle,39.955878,-83.00305,,8.43,True,False,False
Veo,561af413-03c3-5899-851f-4e81b1cccbf9,bicycle,40.008983,-83.002012,,28.14,True,False,False
Veo,4425fca7-21d5-5606-8a13-ab459a01a303,bicycle,40.076099,-83.018368,,28.14,True,False,False
Veo,b247aeaf-944b-5fec-924c-c2b2a0854b76,bicycle,39.995766,-83.006513,,28.14,True,False,False
Veo,01f12034-6027-52cd-be82-fc7b6447ef42,bicycle,39.969075,-83.001067,,27.77,False,False,True
Veo,e5b1f9ee-49d1-58b9-9910-a5214f2e1e03,bicycle,40.026971,-83.014917,,25.65,True,False,False
Veo,c5b5ff43-c45b-505a-be4a-81071dde357d,bicycle,40.038601,-82.962239,,19.05,True,False,False
Veo,a22e704e-4ad3-5798-953b-f7699443111f,scooter,40.021703,-82.958473,,19.78,True,False,False
Veo,3561a34d-2df7-58a4-8bb9-a31a53b7a67c,bicycle,39.998826,-83.01148,,28.14,False,True,False
Veo,851c9589-bf02-57a5-90fa-e2754ef0a9c3,bicycle,39.990338,-83.007878,,27.02,True,False,False
Veo,614b8b7d-d908-5bb8-95a7-455d99e33edf,bicycle,39.956586,-82.911647,,24.84,True,False,False
Veo,04ec651d-26db-554c-9eda-8729855e4e5b,bicycle,39.967361,-82.992308,,27.02,True,False,False
Veo,f3392cf2-c37d-530c-945e-d7894ffb579d,bicycle,39.984245,-82.999187,,8.09,True,False,False
Veo,def5e19b-2e25-5dec-85e9-5b897d38d061,bicycle,40.054334,-83.05518,,6.07,True,False,False
Veo,acfaac9a-7e08-58d7-a989-60ea2a1c8c3d,bicycle,39.966131,-83.001511,,14.61,True,False,False
Veo,427d64ed-a3b8-56cf-9aef-77b2d25a8aff,bicycle,40.019498,-83.01249,,13.64,True,False,False
Veo,5f8617d0-5e2e-5a64-b7ca-42b7b91df42e,bicycle,40.003472,-83.015863,,11.11,True,False,False
Veo,cbdd0332-0182-56f7-a677-0b238e6ff50a,bicycle,39.922626,-82.957,,28.14,True,False,False
Veo,7ddfa764-29f3-5afb-b095-be8a9352b54d,bicycle,39.967481,-82.997205,,12.52,True,False,False
Veo,f0b88f25-67fb-58a6-bd80-9025ce3ed089,bicycle,39.968217,-83.009912,,23.02,True,False,False
Veo,005d9e20-b93f-57d2-a487-8d651ce6eff0,bicycle,39.95601269882172,-82.9452923219651,,0.0,True,False,False
Veo,5e9693b3-19b1-5034-a23d-ab7eda670ee9,scooter,39.955562,-83.016791,,28.14,True,False,False
Veo,a47cf62d-d01d-5a10-a319-e62e6a363e88,scooter,39.960186,-83.000584,,17.37,True,False,False
Veo,da99187b-837d-5533-b2a9-6ff4e525ae91,scooter,39.97429,-83.000822,,23.02,True,False,False
Veo,715cb565-2599-56e8-99c7-8a08ddd7d497,scooter,39.993140000000004,-82.98224333333334,,28.14,False,False,True
Veo,c24bbff0-e0fa-5651-b183-1f305b49985d,scooter,39.969906,-83.004628,,25.12,True,False,False
Veo,84b05807-1d5c-569b-b458-6290371a34fe,scooter,40.012046,-82.968548,,28.14,True,False,False
Veo,d1b9b5e2-633f-5f46-9de6-79354a35a83a,scooter,40.100994,-83.108669,,8.09,True,False,False
Veo,fac3fa87-1f1f-54fe-b3b0-fd3daebb6b0f,scooter,39.987034,-83.005369,,27.44,True,False,False
Veo,eb5e1056-4baf-55ae-9ef8-131cdc37e33c,scooter,40.005775,-83.012897,,25.12,True,False,False
Veo,721d17dc-9f83-5989-bc8d-9061ed9c5c39,scooter,40.000395,-82.996556,,14.86,True,False,False
Veo,bdb1a054-d2b8-5279-b770-ab55e27e545f,scooter,39.963215,-83.018302,,12.63,True,False,False
Veo,1e8fce38-205a-5f1c-81c6-d5741cfca670,scooter,40.052952,-83.042612,,9.97,True,False,False
Veo,d028d9a6-df5c-5309-b6d9-e0d32fee2908,scooter,39.971597,-83.005588,,23.02,True,False,False
Veo,83f4591c-c27c-5772-ba74-e251e492ee86,scooter,40.031752,-82.960127,,14.61,True,False,False
Veo,77a87773-9212-5aa2-a779-e7d127bcb8d7,scooter,40.004694,-83.009877,,26.25,True,False,False
Veo,d3f3a74a-3d98-547e-9165-dda7ea422f28,scooter,40.001501,-83.010134,,11.83,True,False,False
Veo,4eb69150-3158-532a-b611-d84a4b783382,scooter,39.994081,-83.006774,,15.89,True,False,False
Veo,71f5f05e-30c4-5a0c-923a-1b73dc551e6e,scooter,39.961502,-82.961961,,9.02,True,False,False
Veo,6f8ac4fc-7d0e-5faa-a5e9-a8b0b0db2941,scooter,39.96946,-82.969852,,14.17,True,False,False
Veo,c9c8d0d0-0166-5d8b-aab9-89f336ad3d3c,scooter,39.960915,-83.003229,,16.84,True,False,False
Veo,940c7afa-d284-5a7d-a41f-312aa92093df,scooter,40.000911,-83.014038,,25.65,True,False,False
Veo,7cee3079-9956-58c9-ae92-e2971d6f7b6f,scooter,39.998209,-83.009478,,28.14,True,False,False
Veo,514fd5a2-60f5-535d-9a4f-54150ef126a0,scooter,39.9976,-82.999626,,25.34,True,False,False
Veo,8763771c-e8b2-5777-8718-96ddd6385668,scooter,39.985739,-82.998995,,14.17,True,False,False
Veo,cbd41f5a-afce-578a-85b0-4e75ae1ea307,scooter,39.997643,-83.002713,,25.94,True,False,False
Veo,1ae9f7ce-79d1-5f21-935b-3fd04f3a38fe,scooter,39.957417,-83.01138,,13.86,True,False,False
Veo,40fc0f3d-ea0c-5147-93e1-b1d07f471936,scooter,39.996893,-83.013628,,19.78,True,False,False
Veo,d23ca105-fe3c-5085-829d-83d126b095c5,scooter,39.990758,-83.024722,,14.61,True,False,False
Veo,13d4bc54-aa00-5019-80ef-65b69729e58f,scooter,39.995512,-83.007074,,15.45,True,False,False
Veo,fc10d4ed-c045-545e-b8dc-df4ee5b629b9,scooter,40.001568,-83.003656,,8.43,True,False,False
Veo,0f4c1fc5-4dba-56b9-8dc2-a1d41fd5d471,scooter,40.001686,-83.008448,,14.61,True,False,False
Veo,c096e40f-9166-5f0f-81a5-8e811354f2a1,scooter,39.943977,-82.994399,,13.1,True,False,False
Veo,55c4916e-7e4b-5121-86d1-b8e8de867263,scooter,40.00833,-83.007633,,12.28,True,False,False
Veo,4958d93d-4109-5998-b778-060e2301860b,scooter,39.980673,-82.996543,,22.7,True,False,False
Veo,318ef1f0-48dc-5b58-badc-31da0bcd4c1a,scooter,39.899687,-82.997759,,18.19,True,False,False
Veo,6163358b-6bba-53c9-ab75-c6133dbd57fb,scooter,39.996375,-82.998857,,28.14,True,False,False
Veo,7f0d91b5-dfed-5b3d-ae08-7faf0edbf94e,scooter,39.945743,-82.994572,,28.14,True,False,False
Veo,4144c687-8f20-51bf-b0de-30f20465aff7,scooter,39.957756,-83.003489,,23.02,True,False,False
Veo,5c7fa649-cef3-5b8e-8add-817f203916d0,scooter,39.989929,-83.000164,,7.62,True,False,False
Veo,d18b1878-93a3-5b4b-b9bb-1f9cba355888,scooter,39.963832,-82.985559,,27.44,True,False,False
Veo,ca834deb-e3ac-50c5-b64b-5d2b4c667a11,scooter,39.947049,-82.997777,,28.14,True,False,False
Veo,cfa8490f-890a-5aa8-9a51-78f8e19c5c35,scooter,40.004864,-83.016852,,17.89,True,False,False
Veo,af52ec2f-3a70-594e-a875-4311540fff74,scooter,40.017262,-82.969691,,22.7,True,False,False
Veo,9fb0e3fb-3c74-54b3-ab60-3c724c55ef13,scooter,40.003883,-83.008846,,14.86,True,False,False
Veo,ae3984d8-1690-5bff-9740-1ec0a5d965d4,scooter,39.995256,-83.01082,,8.43,True,False,False
Veo,ca74a5c0-cc08-5fca-9444-6168411c3ae4,scooter,40.003949,-83.010885,,26.51,True,False,False
Veo,a135b212-2644-5f27-a516-c23f930ebef1,scooter,39.997306,-82.998956,,14.86,True,False,False
Veo,e1a4abe9-77d2-5873-9cb9-5e2ebcf07c4b,scooter,39.96767,-83.013477,,18.19,True,False,False
Veo,222698e3-7ff1-5cd9-ae31-95adb6684ab0,scooter,39.96915,-83.009754,,26.51,True,False,False
Veo,7cd40b8a-18f0-57a9-bcdb-71cdc1542416,scooter,39.991666,-83.010674,,27.02,True,False,False
Veo,2973e3a9-72e8-5540-93d7-2d00b0b3b30f,scooter,39.963014,-83.004472,,22.7,True,False,False
Veo,cfa04972-2e3f-5fc5-a7c8-af3ed04500c2,scooter,40.004652,-83.012078,,28.14,True,False,False
Veo,dde88207-de75-5bf2-9d46-45ab2163fd40,scooter,39.956361,-82.999243,,28.14,True,False,False
Veo,4ce4e76f-2a76-5179-b536-2a3dad742eb8,scooter,39.995172,-82.960796,,28.14,True,False,False
Veo,9a773b1b-55eb-5f73-be2c-67ad5ddd20e1,scooter,39.95744,-83.011373,,28.14,True,False,False
Veo,9bf0e757-fb26-5a4b-ba4a-f59adcaa88b0,scooter,40.004945,-83.009341,,13.39,True,False,False
Veo,6cda0646-a9fa-5b66-bacf-64f3048b5074,scooter,39.974584,-83.001612,,23.33,True,False,False
Veo,af9fd952-b9e1-5fe8-93e0-5742ee0e1f2d,scooter,39.990244,-83.005775,,24.06,True,False,False
Veo,b5bd222b-a96e-5297-b0fb-0964620e667c,scooter,39.97400504143289,-82.97935550527527,,22.7,True,False,False
Veo,7b4b393f-286f-5666-a114-4d2573779571,scooter,39.968119,-82.992542,,10.31,True,False,False
Veo,add12d87-16c5-5f63-9150-dfa90b1ca5f4,scooter,39.993418,-83.005529,,28.14,True,False,False
Veo,a83c08a6-8bbc-585b-9181-31ac3f6a9dd0,scooter,39.984182,-83.003007,,28.14,True,False,False
Veo,1f09f455-27e5-501b-b7ff-7d18d98b8a1a,scooter,39.997668,-83.002691,,26.25,True,False,False
Veo,b3f80639-3023-549f-87ce-89b0e912c983,scooter,39.986953,-82.997342,,13.1,False,False,True
Veo,aef4e3cc-a85d-51e4-9f51-028a3c80a23f,scooter,39.998186,-83.014383,,25.65,True,False,False
Veo,1dcf3404-f7ba-5cd2-a941-5fa958fe99df,scooter,40.001558,-83.003703,,6.31,True,False,False
Veo,12c6619a-3982-53ad-93f3-c36b72672b74,scooter,39.993734,-83.017718,,13.86,True,False,False
Veo,177ffc8d-b991-5249-afcc-a454181e1b66,scooter,39.968356,-83.009672,,16.84,True,False,False
Veo,87ec36c8-ee6a-5ba2-9a5d-df219c65668e,scooter,40.002041,-83.025996,,24.84,True,False,False
Veo,b470fa0b-1f27-5b2a-93a4-0b759979bef1,scooter,39.967446,-82.978355,,6.07,True,False,False
Veo,cdff9119-e505-50b4-9b82-c3f4d2cf134f,scooter,39.990257,-83.005841,,28.14,True,False,False
Veo,79f7a766-214c-569c-896f-3737b353d335,scooter,40.001575,-83.003671,,22.7,True,False,False
Veo,20619785-f4c4-57e8-968b-c3410abea11d,scooter,40.003223,-83.008174,,13.86,True,False,False
Veo,d7ede46d-8831-5ff0-bedc-4586e18417b1,scooter,39.968929,-83.003747,,24.84,True,False,False
Veo,7fbc11f9-8454-5555-b80d-a771250603d1,scooter,39.978816,-83.017159,,27.44,True,False,False
Veo,5d66e657-533d-5bd9-8652-6c9e6bac8e69,scooter,39.957369,-83.01142,,24.84,True,False,False
Veo,94dc15b4-1742-5b04-87d3-0fafbd4547ba,scooter,39.997738,-83.011907,,10.79,True,False,False
Veo,d9399ac3-c472-51fe-adad-2a0e8ddb5177,scooter,40.003999,-83.021047,,23.02,True,False,False
Veo,14f22ea8-8a3d-56a6-ab23-a28e021e6804,scooter,39.987164,-83.05409,,28.14,True,False,False
Veo,49c1992e-eb1e-51be-bf39-6de49e74a711,scooter,39.972131,-83.002384,,22.7,True,False,False
Veo,16c2859b-4ecc-511e-b3a4-da646e35e356,bicycle,39.971334,-82.968168,,1.83,False,False,True
Veo,11680df6-e2d3-5b18-8a2c-c9c32a87c7db,bicycle,40.036963,-82.934292,,23.33,True,False,False
Veo,92606466-4aa8-5ebc-899c-d551f6e7cbb5,bicycle,40.023491,-82.999586,,21.15,True,False,False
Veo,2982765a-d832-5602-99f4-ed06f4acd9ce,bicycle,39.968858,-83.002094,,17.37,True,False,False
Veo,e2ecee86-f2a9-52ea-8af9-ddf4ae6e8c55,bicycle,39.984247,-83.00295,,8.09,True,False,False
Veo,58738619-f877-54bc-9ef8-1f388890e0cc,bicycle,39.963093,-83.004491,,1.83,True,False,False
Veo,338a63e6-1afd-5c01-9120-7a25f2665f25,bicycle,39.990291,-83.005791,,28.14,True,False,False
Veo,3001b095-c29a-5594-b69d-7fb7909d09ec,bicycle,40.001558,-83.003736,,26.78,True,False,False
Veo,57d93977-ed40-5a36-82c9-cc8dc9933317,bicycle,40.000258,-83.017971,,28.14,True,False,False
Veo,e467e729-5062-581b-ac22-fb83cda38be2,bicycle,39.957352,-82.995398,,25.65,True,False,False
Veo,636d463f-b618-502c-97b9-15baa3d8eda4,bicycle,39.943338,-82.99631,,28.14,True,False,False
Veo,a5b78091-29c9-50cc-a542-006e3eb7c6ab,bicycle,39.994405,-83.012374,,26.78,True,False,False
Veo,cf77c6f5-3030-5e32-a154-6527439f4d96,bicycle,39.968843,-83.003767,,15.45,False,True,False
Veo,50fac1ca-5fb3-5e77-bbe2-f24aa605a0d0,bicycle,39.944806,-82.980469,,22.7,True,False,False
Veo,f94d7f20-c033-5d12-8168-886dabde011c,bicycle,39.993389,-83.006466,,24.33,True,False,False
Veo,a19a3ded-3dcf-5d7c-9d46-412a54432db8,bicycle,39.966007,-82.992573,,14.17,True,False,False
Veo,5f74e684-0967-5718-b520-bfdcb3e3b4c3,bicycle,40.004346,-83.021508,,28.14,True,False,False
Veo,728b18fa-55cb-5707-91f6-560801977d88,bicycle,39.94818,-82.997782,,14.17,True,False,False
Veo,e6d117e2-72f7-5357-8a5f-f9b815ce209e,bicycle,39.941241,-83.038237,,14.86,True,False,False
Veo,9f24dcc1-28e0-550e-8fb4-4937b7709368,bicycle,40.012031,-82.968512,,28.14,True,False,False
Veo,a184763d-3acf-524a-85d2-65a7999a7720,bicycle,39.956537,-82.994198,,28.14,True,False,False
Veo,3de20dfa-e211-5f31-b488-da9fbe150f27,bicycle,39.968029,-83.00997,,26.78,True,False,False
Veo,04276c8c-6ad4-5125-a888-94ff07166694,bicycle,40.001527,-83.003782,,18.67,True,False,False
Veo,8d86e488-499e-5fb9-b191-30fad356d7a9,bicycle,39.951755,-83.000382,,28.14,True,False,False
Veo,22a6a85b-8f47-5fd7-80e2-c53f96dc9b24,bicycle,39.995262,-83.009579,,27.77,True,False,False
Veo,63298e86-5a4c-55da-a90d-ac2fb40f9f8a,bicycle,39.976936,-83.002636,,20.37,True,False,False
Veo,8e5a7e57-c767-5959-8e35-4b1ca0be7dd7,bicycle,40.096616,-83.077432,,19.78,True,False,False
Veo,d17e17b5-9b2d-5eeb-b0a5-1254bc7267b4,bicycle,40.001106,-83.003781,,8.43,True,False,False
Veo,7bf7b111-d4c4-5de6-ae2e-78958acfa5cc,bicycle,40.003977,-83.012968,,28.14,True,False,False
Veo,2d66ab53-448b-5be9-a180-8804e0089848,bicycle,39.942168,-83.11842,,1.83,True,False,False
Veo,22ea95ab-1865-529d-9cff-5d0ec9ae9f16,bicycle,39.976901,-82.976466,,0.33,True,False,False
Veo,016a3c03-b44f-5348-a6a1-4d545ebbf4d6,bicycle,39.946065,-83.05695,,12.28,True,False,False
Veo,fd93d055-3087-5ef2-b057-39b4f2e33e59,bicycle,39.975191,-82.971965,,8.78,True,False,False
Veo,4a354bf2-7609-56d4-aa70-2c13fa2d7b09,bicycle,40.005268,-82.972947,,14.86,True,False,False
Veo,ea57e93e-95bd-541a-a7aa-a5e38ca4ede5,bicycle,39.93818,-83.077099,,0.33,True,False,False
Veo,5851ef44-dc7e-5980-9d26-ff8954a471c6,bicycle,39.965644,-82.995081,,14.43,True,False,False
Veo,f5425938-5d69-591d-b685-084a7ca24e78,bicycle,40.055518,-83.050361,,13.64,True,False,False
Veo,83cbee15-4316-587b-862d-96ec8233c6cb,bicycle,40.017254,-83.001393,,16.84,True,False,False
Veo,a7b0a161-d3b0-5704-8a87-bef355c97784,bicycle,40.006566,-83.015982,,28.14,True,False,False
Veo,afe4e77b-c018-536c-9cce-33eefdfc17e8,bicycle,40.09154,-82.960265,,17.37,True,False,False
Veo,23a54fc2-77a9-5098-923a-d438cd7191ed,bicycle,39.998167,-83.009438,,14.43,True,False,False
Veo,d411383f-c63c-5c24-8985-d766200c84f0,bicycle,39.984123,-83.006314,,14.43,True,False,False
Veo,d8dc3a83-24d4-52c7-b3cc-420dede9ffc5,bicycle,40.003259,-83.008873,,14.43,True,False,False
Veo,6f9ac834-aca4-58a0-9e49-b2f4634a75db,bicycle,39.955225,-83.010903,,17.89,True,False,False
Veo,e51fd0b3-551f-507e-8705-32c9e3e20e41,bicycle,40.003367,-83.017849,,28.14,True,False,False
Veo,ca976e1e-b470-50bd-9e09-e135d9b90ba2,bicycle,39.998805,-83.038496,,1.83,True,False,False
Veo,d51102b7-e542-5573-b388-20cfa1ac30d8,bicycle,40.001425,-82.998393,,15.45,True,False,False
Veo,44fd7f69-f6ee-5ff2-87b6-37daafb975ba,bicycle,40.001126,-82.930174,,15.18,True,False,False
Veo,75c6a023-f2f6-54dc-8f33-ddc4d0a8bf7e,bicycle,40.019135,-82.965405,,25.94,True,False,False
Veo,8bd2434e-9aa3-5ad4-b2c9-ba372a9c462e,bicycle,39.908086,-82.955702,,28.14,True,False,False
Veo,864eec2a-1553-5ba0-8491-03bc63f361fb,bicycle,39.963123,-83.00422,,1.83,True,False,False
Veo,9fb422b4-5a96-59ec-b9d7-5a239f47d024,bicycle,40.006779,-83.009465,,13.86,True,False,False
Veo,5412e0e5-53e7-50e8-8076-6dd8b61d0862,bicycle,40.001309,-83.003803,,18.19,True,False,False
Veo,9c8ae8e5-553c-56d9-ab16-d8cdf26b5b92,bicycle,39.948101,-82.997805,,26.25,True,False,False
Veo,683edf4e-40ea-5bc1-8b42-7ff9897f29e1,bicycle,40.004732,-83.010641,,25.34,True,False,False
Veo,1676c6c1-bf56-5e38-89f7-573402a3c658,bicycle,39.942072,-82.994999,,14.61,True,False,False
Veo,f897bf45-d35f-5403-9c9d-790ee8690d06,bicycle,39.965208,-82.983974,,17.89,True,False,False
Veo,ca0d3407-f597-5b1d-a81b-6ef4b31cf336,bicycle,39.974984,-82.981505,,11.83,False,False,True
Veo,0d483543-aaba-5358-b54c-aea806512eff,bicycle,39.972864,-83.004614,,17.37,True,False,False
Veo,0e9b3910-d9a4-591c-9267-88ce1632d989,bicycle,39.998577,-83.015257,,27.02,True,False,False
Veo,d4261277-b890-5cfa-82b8-6f06669f57c5,bicycle,39.943327,-83.002016,,4.92,True,False,False
Veo,ae7a3e9b-0561-5b7f-a98c-fe4dd2f7d0e4,bicycle,40.005709,-83.011597,,14.43,True,False,False
Veo,d43a88da-8f77-5b13-bc5c-f355b9c04ecd,bicycle,39.96305,-83.004337,,18.19,True,False,False
Veo,8fe9e090-ef2b-5b0e-a98a-56ebd8bbdcfe,bicycle,40.014982,-83.002248,,14.17,True,False,False
Veo,2340ea0a-8936-55ac-b775-4091c2ea8b4f,bicycle,39.998901,-82.974179,,6.98,True,False,False
Veo,efbb186a-493e-5f57-97f0-11491370e096,bicycle,39.956052022923444,-82.94530387392118,,0.0,True,False,False
Veo,9c9e8b78-d19b-57f0-a95f-f39df023e903,bicycle,40.001296,-83.003799,,15.18,True,False,False
Veo,023cc93b-3467-5481-bdf3-0b8ba1d25b90,bicycle,39.974165,-83.001276,,15.89,True,False,False
Veo,295b5d97-7d10-50d9-9353-7bb8c0fe1d2b,bicycle,40.005976,-83.009353,,17.89,True,False,False
Veo,3bad0edb-4820-588a-b830-d965ca7b5d8a,bicycle,39.999308,-83.021518,,12.52,True,False,False
Veo,a8d97fa8-8050-57ed-a70e-2bdc1cdf463f,bicycle,39.965804,-82.993083,,17.89,True,False,False
Veo,88d55c99-699b-566c-a4a5-350d23cd799e,bicycle,39.949328,-82.998536,,16.84,True,False,False
Veo,6c56dc9c-3fff-5f7b-acfc-8d29415a5bd9,bicycle,39.960683,-83.003178,,3.13,True,False,False
Veo,b6a4ba9b-f9be-51f7-b24d-5daf2177127b,bicycle,39.956387,-82.993932,,27.44,True,False,False
Veo,c3df950e-7082-531e-84a7-5775c65a1ba6,bicycle,39.955964,-82.94524,,24.84,False,True,False
Veo,a124acdc-d257-5cb7-89ec-b78ac78681fc,bicycle,39.967182,-83.003089,,14.86,True,False,False
Veo,d49449f6-daac-5105-afad-87a328777b70,bicycle,39.956893,-83.004044,,1.15,True,False,False
Veo,01d5d4e5-07d9-5347-97b7-bde5190e2a93,scooter,39.971668,-83.006426,,26.78,True,False,False
Veo,f8e2c3d3-c01a-5999-b0a5-6ccf677d2bfc,bicycle,40.001994,-82.99591,,28.14,True,False,False
Veo,205ead67-1b95-57dd-ac65-736e1e7b25fc,bicycle,39.951351,-82.962285,,1.83,True,False,False
Veo,9301870e-604e-5808-a3f9-6b66ecec56d6,bicycle,40.071911,-82.95187,,2.12,True,False,False
Veo,42c445d1-4427-5ca1-b5b2-655e9c879a14,scooter,40.00583,-83.01376,,15.18,True,False,False
Veo,93f55631-f799-560c-8f7a-3158fc96cedb,scooter,39.970388,-83.002392,,25.34,True,False,False
Veo,265502ea-5f70-5fa8-9699-fa560343dd4b,bicycle,39.95602728333324,-82.94522057287395,,0.0,True,False,False
Veo,a7c93be4-250b-5fd4-95f2-76802af35e1c,bicycle,40.000484,-83.022166,,25.65,True,False,False
Veo,48a38d94-1f5e-5e07-82fe-4cbf919252e9,bicycle,39.92506,-83.058006,,13.64,True,False,False
Veo,24daa6a4-0e54-50ab-bd41-bd237dc0f3da,bicycle,39.956071,-82.945284,,28.14,True,False,False
Veo,3c41aad1-e284-5e0d-9dd6-241a45e616b4,bicycle,39.994075,-83.006781,,10.51,True,False,False
Veo,58f9401d-3c0c-522f-8ab9-02bf5d8e5ff9,bicycle,39.999439,-83.020629,,26.78,True,False,False
Veo,756a35f6-29f7-5d79-945a-8bbc82afb746,bicycle,40.007724,-83.009239,,23.02,True,False,False
Veo,db09d043-387a-5192-8c9b-3e961e1a7967,bicycle,39.984786,-83.004875,,28.14,False,True,False
Veo,f121dfb4-b330-59a0-8d00-babcec2cdabe,bicycle,40.020684,-83.012893,,28.14,True,False,False
Veo,9bbc3160-65b9-5d2f-a0f9-acba4e4f4c43,scooter,39.94779,-82.985496,,10.31,True,False,False
Veo,79089cae-ca79-562e-9d35-153718c01e58,bicycle,39.961138,-83.003004,,11.11,False,False,True
Veo,cfaaa719-407b-5b54-a015-ccea090e5cc0,scooter,39.993941,-82.983291,,6.98,True,False,False
Veo,992b0162-da00-5bf2-bc5b-506a5e10e85f,scooter,39.980869,-83.00412,,12.63,True,False,False
Veo,d53b1ad3-8d25-5f47-ba4f-ca834da1d285,bicycle,39.994101,-83.006727,,9.65,True,False,False
Veo,834a99a2-c8ee-5b29-9a8e-1da96955d92b,bicycle,39.958776,-82.999845,,28.14,True,False,False
Veo,d87d4c96-390d-5877-8753-2632a0093cbd,bicycle,39.963275,-82.990692,,9.02,True,False,False
Veo,1725b16c-ed66-52d7-9ec6-1b99a7ad9f9b,bicycle,39.989961,-83.005582,,28.14,True,False,False
Veo,b8ae4498-aaaf-5828-88d6-1750f70728d0,bicycle,39.999896,-83.00605,,11.83,True,False,False
Veo,fb8dbb4c-034c-56c2-80c1-b4fdbf74d5a2,bicycle,40.000317,-83.017957,,19.78,True,False,False
Veo,7c37cbf0-e95f-51a7-a0c8-087d787111f4,bicycle,39.996449999999996,-82.99990333333332,,28.14,True,False,False
Veo,5c461643-3bf2-5d15-9f3e-144c6356e938,bicycle,39.938685,-83.000872,,28.14,True,False,False
Veo,52ef6eea-a92b-5dfe-867d-08e83583cd2c,bicycle,40.005634,-82.973968,,26.25,True,False,False
Veo,8b72a20e-2c12-5d4f-a22e-2c3c0a90c02a,bicycle,40.001839,-83.001733,,25.34,True,False,False
Veo,dc7fa58a-7837-59b6-9c74-6d5c3807e241,bicycle,40.001342,-83.003765,,12.28,True,False,False
Veo,8a47681d-5eb5-5755-8b57-56d91fd3a7e9,bicycle,40.004234,-83.002242,,17.37,True,False,False
Veo,f539e32b-0f7f-5cde-ba97-f0ab0f98d53b,bicycle,39.998159,-83.009576,,25.94,True,False,False
Veo,f30f93ff-7110-5556-8af4-3a7c384b8339,bicycle,40.004613,-82.97074,,18.67,True,False,False
Veo,aa9420bd-2672-536f-a8d6-c679742d0e4a,scooter,39.902606,-83.043302,,27.44,True,False,False
Veo,406c9cdc-f664-5ba3-98ee-9994624fd78d,scooter,39.991786,-83.016903,,22.39,True,False,False
Veo,f8f8fd4f-6d18-57c4-a344-2a426790fc97,scooter,39.969053,-83.003809,,25.34,True,False,False
Veo,973cd7cc-9f49-5397-a0dd-94610af6717b,scooter,39.969481,-83.009455,,12.63,True,False,False
Veo,86224ef9-83e4-5417-b810-63e731a32b1b,scooter,40.001525,-83.003769,,20.37,True,False,False
Veo,2a81dd19-1a5f-51ad-84c2-68e059f47880,scooter,39.993404,-83.005558,,18.19,True,False,False
Veo,a39adf8a-7bbb-53c0-81e2-2f9bdc2a6759,scooter,39.992016,-83.007616,,27.44,True,False,False
Veo,3517d615-d23a-50cf-90bb-c7563602b803,scooter,40.000286,-83.017918,,19.78,True,False,False
Veo,bd9b8620-b847-5ccb-93f5-19a0c8c59511,scooter,39.971326,-82.975679,,8.43,True,False,False
Veo,61338cac-0727-5cd3-97f6-f9abf9ebdba0,scooter,40.003965,-83.010802,,22.39,True,False,False
Veo,310eb7d9-5c08-51c5-aea3-66c02610cd14,scooter,39.955932,-82.945291,,28.14,False,True,False
Veo,eabf842b-1467-5e91-8980-360e6b289d6d,scooter,40.002234,-82.996915,,20.78,True,False,False
Veo,a226549c-45d7-5ee4-bf87-b4ed2e32ff63,scooter,39.98717,-83.004908,,19.05,True,False,False
Veo,daa08a55-f42e-56b4-9f85-b677faa1e778,scooter,40.010593,-83.016962,,13.86,True,False,False
Veo,1b448006-260c-5a0a-93d9-eb741675b3fd,scooter,40.009377,-83.026748,,16.39,True,False,False
Veo,fbaee005-8942-53e4-8d76-14b2f5ee6014,scooter,39.997708,-83.004166,,28.14,True,False,False
Veo,ed8f68f0-d4c9-5f3e-813d-78b512eb9404,scooter,39.997324,-83.012205,,27.44,True,False,False
Veo,1617e000-a798-509d-816c-49fcc7525e1d,scooter,39.957428,-83.01144,,13.1,True,False,False
Veo,52fb5b24-be47-51b9-95f2-f63843f897de,scooter,39.94261166666667,-83.07200333333334,,12.07,True,False,False
Veo,b258958f-14fb-51a4-937e-e2dd9471e0be,scooter,40.113667,-83.124426,,23.33,True,False,False
Veo,0cb51291-b951-5000-8717-a0d8b5f916f9,scooter,40.000798,-83.014673,,27.77,True,False,False
Veo,a000543e-21d1-53f7-a3ba-46adafdcbae9,scooter,39.973034,-82.968975,,25.12,True,False,False
Veo,2c9881b7-3172-57f7-891d-98c6147bcccd,scooter,40.007325,-83.008889,,25.65,True,False,False
Veo,7f443099-cab7-559a-ac5b-b1e99cb8ad18,scooter,40.101099,-83.108647,,11.59,True,False,False
Veo,3099570d-d22f-5f12-af68-6bc9ca593229,scooter,39.965575,-82.995092,,28.14,True,False,False
Veo,f93f3aa0-f25d-5045-8c1b-bb90098c075e,scooter,39.998323,-83.021428,,9.65,True,False,False
Veo,2c60f3be-2e1d-54e5-b2c1-08d00e1f87a7,scooter,40.005943,-83.016713,,28.14,True,False,False
Veo,b76cc7b2-bc3f-5611-8390-986055143990,scooter,39.952988,-82.996162,,17.37,True,False,False
Veo,51d258ff-6821-5d47-b877-3463d60dca6c,scooter,39.955962,-83.003125,,28.14,True,False,False
Veo,ebbaa7eb-a0f5-5d12-996b-2294e99a45d1,scooter,39.992669,-83.038996,,13.1,True,False,False
Veo,d349b3c5-02c3-5d04-8ed5-8f474c0d1478,scooter,39.957414,-83.011328,,28.01,True,False,False
Veo,bb0f803d-34f6-515c-b053-e3630aa74211,scooter,39.993169,-83.007991,,28.14,True,False,False
Veo,80c1136a-da21-50a1-9fc4-962d8bfceb3b,scooter,40.001775,-83.013916,,27.77,True,False,False
Veo,c0d3eb28-b531-5d18-8e1d-80ef44186cef,scooter,40.000101,-83.008206,,8.09,True,False,False
Veo,d32a54de-3d54-5efb-80a0-61ea8d20b268,scooter,40.025292,-83.024855,,14.61,True,False,False
Veo,aea64aa2-6fc2-5d13-b212-f140aeebcd14,scooter,39.957967,-82.985095,,14.86,True,False,False
Veo,a543dfe3-d22a-5bbc-b94d-40f23d86100b,scooter,40.003951,-83.013401,,28.14,True,False,False
Veo,1d4c506d-5fd7-5d41-83f9-0aefe32f2a15,scooter,39.936766,-82.99513,,8.43,True,False,False
Veo,5bbd6a69-dcaf-5add-b84e-b1e8e8ba49db,scooter,39.969318,-82.999503,,17.89,True,False,False
Veo,9fe96062-b7ee-5284-bb2a-0ec08b3d9227,scooter,39.944653,-83.016533,,7.29,True,False,False
Veo,e3c6314f-1065-5ed8-92b2-ea6c82639c85,scooter,40.015626,-83.011488,,28.01,True,False,False
Veo,be2cd669-d97b-5752-bfb4-ee1ccf918ad9,scooter,39.966257,-82.992902,,26.25,True,False,False
Veo,6bd8cd03-8f77-538c-8fd9-bf6d1b142702,scooter,39.952704,-82.992663,,22.7,True,False,False
Veo,9b7be335-8f7f-55e4-b9b1-0c6730ca7b82,scooter,39.944088,-83.038412,,19.05,True,False,False
Veo,4b3d0927-2bd3-5b98-bafc-e55a8ef98eeb,scooter,39.996272,-83.018955,,27.02,True,False,False
Veo,3b4f78fc-bd15-5ead-b57e-def936a7fd50,scooter,39.9559690291062,-82.9453768953681,,0.0,True,False,False
Veo,2ef3baaf-b7db-5890-a309-072d3ef5cdac,scooter,39.969008,-83.003471,,25.94,True,False,False
Veo,bd1c0d77-90fa-5072-8133-fdd897c959dd,scooter,39.95418,-83.013724,,28.14,True,False,False
Veo,8ca90270-1c45-5d2d-a73e-6d62846189ec,scooter,39.962222,-83.004155,,6.07,True,False,False
Veo,c53719b7-5c9b-56c3-8842-5245052426d4,scooter,40.053553,-83.054273,,16.39,True,False,False
Veo,99039712-196a-597d-8cfb-0dc3e35bb82b,scooter,39.967215,-83.0043,,11.59,True,False,False
Veo,de35cc3e-d2a7-5e1f-b0c5-45129e6736dd,scooter,39.973831,-83.00291,,12.87,True,False,False
Veo,80ffcdff-7d76-5ec1-8edd-4f7563c2e2b5,scooter,40.00438,-83.010293,,24.84,True,False,False
Veo,746e2148-cccc-587e-b212-8c51124aef4c,scooter,39.996512,-83.026563,,28.14,True,False,False
Veo,2619e6e6-e8c1-56ad-9154-0277df2553dd,scooter,39.99299,-83.007502,,28.14,True,False,False
Veo,b7c37a00-8b86-5a51-ae45-a0d75d5862ed,scooter,39.974036,-83.002244,,8.09,True,False,False
Veo,6ad0dfae-eca3-57d5-a525-9d27b3db1660,scooter,40.005961,-83.016697,,28.14,True,False,False
Veo,e7471fb2-301f-512c-8291-4dede3e2acb7,scooter,39.946578,-83.000171,,10.79,True,False,False
Veo,eb11d400-1cd8-52d4-b6d2-f16da06667aa,scooter,41.659227,-83.557084,,19.05,True,False,False
Veo,eaf2d021-1275-5b73-93d2-dd06e92b8e77,bicycle,39.981159,-82.982285,,22.7,True,False,False
Veo,4973f1dc-0497-511a-91b6-a03a9ab9c58a,bicycle,40.092448,-83.091356,,21.49,True,False,False
Veo,b957a045-0c3c-5fcc-bd14-945729ee15b7,bicycle,39.991547,-83.041901,,28.14,True,False,False
Veo,4671ac66-fc8a-5ed7-a8f3-bb124ad5ee39,bicycle,40.078807,-82.954575,,20.37,True,False,False
Veo,ac071f90-7b21-5f9b-86de-e72976702363,bicycle,39.988758,-83.032855,,15.18,True,False,False
Veo,042fb78f-23ff-541a-9301-c25784702100,bicycle,40.002016,-83.007337,,16.84,True,False,False
Veo,dcb517b4-41cc-5e70-ba7e-6d1ea05b4825,bicycle,39.973324,-82.971768,,23.77,True,False,False
Veo,b77c8f55-c446-5928-a4a9-d05b0881a8f9,bicycle,39.962183,-82.982028,,24.33,True,False,False
Veo,0cc87782-bb2b-5276-b2f6-78db1f8ae6ec,bicycle,39.972876,-82.976982,,27.02,True,False,False
Veo,ea5de724-aed2-570e-9343-de2e3be6902c,bicycle,40.001974,-83.016397,,25.34,True,False,False
Veo,b70996c0-a46f-504a-ba1f-4d8cdce87305,bicycle,40.004845,-83.016974,,27.44,True,False,False
Veo,e38fea2c-b528-565e-bff5-ffe284a8e2b9,bicycle,39.951338,-83.031538,,3.81,True,False,False
Veo,935c2d5d-8e73-52f4-94e9-77d0e5bc45a2,bicycle,40.012679,-82.979673,,8.78,True,False,False
Veo,c38b2076-e6ed-5d44-ba51-dfc65597eb8e,bicycle,39.882767,-82.947072,,23.77,True,False,False
Veo,f730b18d-12a2-5aa5-baf1-c6d1f536f39f,bicycle,40.015345,-82.9825,,28.14,True,False,False
Veo,709a804f-4c74-5537-a3db-62e259970dd6,bicycle,39.937369,-83.096497,,28.14,True,False,False
Veo,3e5b4645-9938-5da5-a063-953716a2124f,bicycle,40.005061,-83.021206,,25.74,True,False,False
Veo,36711aaf-36e2-5ef3-a9d6-f98d58b17ae5,bicycle,39.978605,-83.014516,,12.28,True,False,False
Veo,88edc564-e91e-5335-9aa3-26a246906fc7,bicycle,39.999044,-83.018985,,16.39,True,False,False
Veo,575b4737-5d4d-5097-a6d3-05f18a054aa0,bicycle,39.954254,-83.013799,,28.14,True,False,False
Veo,2138106d-0ea8-5432-9ea3-9be1f1a64213,bicycle,39.977237,-82.99403,,25.65,True,False,False
Veo,e6c5414a-f667-545f-b03f-c0ad7209cdc6,bicycle,39.94828,-82.997222,,7.29,True,False,False
Veo,3ccaa8f1-09ca-57a7-a187-97e94f99c285,bicycle,40.000667,-83.001165,,24.06,True,False,False
Veo,9943d2b3-f71c-5084-a508-47fe9411bfb2,bicycle,39.978529,-82.957594,,16.39,True,False,False
Veo,45c6e4fa-d29c-56c4-9a7f-330102f035c8,bicycle,39.995513,-83.009689,,25.12,True,False,False
Veo,b8690ad6-44a4-50c8-9e08-88f9a257b889,bicycle,39.995199,-83.009635,,10.31,True,False,False
Veo,cc9ea240-75aa-50c0-8fed-4601c0b721ca,bicycle,39.948147,-82.997831,,28.14,True,False,False
Veo,a149f6f2-cc43-5514-aace-74347ff2a137,bicycle,39.971322,-83.009159,,14.86,True,False,False
Veo,0c5899ed-59a2-5640-8070-0d0639ad3084,bicycle,39.990571,-83.003661,,16.84,True,False,False
Veo,7089a339-e469-50df-b1ca-cebb03ea1c5f,bicycle,39.960648,-83.064259,,27.44,True,False,False
Veo,cfee263c-fd18-5e55-8e8f-58df4b7d5813,scooter,40.00473,-83.013318,,26.25,True,False,False
Veo,2268a9d1-4000-5afd-a392-73c04b874bd8,bicycle,39.991006,-83.009494,,5.83,True,False,False
Veo,cafa1b25-ff2d-5bb2-bd26-4fca3b3b443e,bicycle,40.017251,-82.969608,,25.12,True,False,False
Veo,80b01210-c3c2-53d3-9b7d-4932c6502785,bicycle,40.000242,-83.018028,,14.17,True,False,False
Veo,e20c7642-f3ba-5c87-aa34-2892d8e63197,bicycle,40.005811,-83.003821,,28.14,True,False,False
Veo,dd797fac-0ca9-51f9-bc9e-3feeef8e9f12,bicycle,39.942034,-82.994933,,27.77,True,False,False
Veo,2ee7f31d-186b-5b49-b61c-12fc8f2c3702,bicycle,39.948181,-83.096824,,23.02,True,False,False
Veo,0b8b6f81-e773-5a95-a769-922e6d4a1d66,bicycle,39.973831,-83.002876,,28.14,True,False,False
Veo,cac9ce95-21af-5031-8552-3eea0115ae11,bicycle,40.007254,-83.015493,,17.37,True,False,False
Veo,fecf790f-d169-540f-9df4-3fbae239c832,bicycle,40.000015,-83.006006,,11.83,True,False,False
Veo,b1253a22-748e-5202-9533-63b91ca2a513,bicycle,40.005153,-83.010288,,20.78,True,False,False
Veo,8d855486-94bf-555c-ab15-9be0e0d9bb82,bicycle,39.95601269882172,-82.9452923219651,,0.0,True,False,False
Veo,494fcc6e-0dc2-5eeb-9ea6-b7f9b8ac2822,bicycle,40.005953,-83.008808,,7.62,True,False,False
Veo,399a9fea-d320-5cb5-a5b7-5fffc10b3db2,bicycle,40.025078,-83.024979,,12.28,True,False,False
Veo,ada0764c-d084-5135-af9e-68269079fc17,scooter,40.011794,-83.016486,,20.05,True,False,False
Veo,2641a8b0-8234-5dd7-9a60-027fe6da9994,bicycle,40.013862,-82.961215,,8.78,True,False,False
Veo,cf85791e-35fd-5884-bbf2-3ea41c5fb338,bicycle,39.9459,-82.998071,,9.97,True,False,False
Veo,57723adc-3d24-5182-952a-dfdce63a8b0d,bicycle,40.106635,-82.964843,,28.14,True,False,False
Veo,451073cf-e76a-56b2-b4fb-5055cfa1663d,bicycle,39.956362,-82.987581,,25.34,True,False,False
Veo,07ce1a24-757f-55c0-88eb-43fec7fdc4bf,bicycle,39.948804,-83.056367,,13.86,True,False,False
Veo,126966c6-18b0-5e87-a4bc-d31827bc8907,bicycle,40.000968,-83.002675,,22.05,True,False,False
Veo,52883054-6ae0-5032-852b-00217ff127a2,bicycle,39.913399,-82.992723,,24.84,True,False,False
Veo,b6c6340f-1e45-54c7-a874-07a4957ada12,bicycle,39.990154,-83.011732,,28.14,True,False,False
Veo,a6a8cf37-9d34-561c-9ac9-0795b56c129c,bicycle,40.007197,-83.017507,,23.02,True,False,False
Veo,a79b4657-257e-52ce-bd1c-819c62be3761,bicycle,39.997705,-82.96101,,11.83,True,False,False
Veo,cee0a60b-8a24-5834-81a4-815932a780bd,bicycle,39.97852,-82.997292,,24.84,True,False,False
Veo,d9f9c115-aa93-5491-921c-746187df4f61,bicycle,39.997034,-83.021004,,14.17,True,False,False
Veo,b6d5ad92-094f-5199-a504-24ab33f1651b,bicycle,40.049409,-82.964813,,7.29,True,False,False
Veo,f34f4829-89e5-5ac4-9463-5d3c3808c228,bicycle,39.978557,-83.019462,,24.33,True,False,False
Veo,5eaad031-6277-5de4-9763-8b2a266816c3,bicycle,40.002779,-83.013045,,15.89,True,False,False
Veo,560582a8-0761-5ca2-bbf3-b860efab922b,bicycle,40.002654,-83.016376,,28.14,True,False,False
Veo,bb5ba8f4-145d-57e6-8396-f5b1459dc2b5,bicycle,39.950202,-82.975928,,21.77,True,False,False
Veo,1ff41cb3-0572-5264-b62c-450c2dea360b,bicycle,39.952721,-83.012881,,0.33,True,False,False
Veo,83f22113-7a71-5daa-90e9-4a27ac163106,bicycle,40.013212,-83.004053,,15.89,True,False,False
Veo,bc359dab-10b7-555d-b3f0-d2dccf6b309b,bicycle,39.958238,-82.969114,,22.05,True,False,False
Veo,1199697a-ae1c-5f97-9efc-3991fad8c9f7,bicycle,39.947124,-82.953881,,4.19,True,False,False
Veo,493a6670-9689-5443-8786-afe613ace41b,bicycle,40.053718,-83.065328,,25.65,True,False,False
Veo,8164f370-5f59-534e-843d-a6dc25a3b90b,bicycle,39.945215,-83.056086,,10.79,True,False,False
Veo,25c25e39-ddfc-5b9a-8b25-b87282a9696f,bicycle,40.003449,-83.016462,,24.33,True,False,False
Veo,631e43c9-eb61-5788-81b3-fd65394877f4,bicycle,39.99145,-83.006429,,13.64,True,False,False
Veo,44fe10f6-14f5-59fc-a06a-741311248c1a,bicycle,39.989038,-83.004216,,8.78,True,False,False
Veo,fdb43037-060b-5b8b-9bae-c9d64f355a34,bicycle,39.9924,-83.045137,,22.39,True,False,False
Veo,aa5bf24a-688f-5578-a4fa-6dc055dbec6a,bicycle,40.05053,-82.920941,,4.78,True,False,False
Veo,b43708c4-4791-5d33-a58b-84918fff0af2,bicycle,39.928867,-82.978109,,21.15,True,False,False
Veo,43fb014c-410d-525a-a1c9-c0da3140fe26,bicycle,39.968844,-82.982558,,12.87,True,False,False
Veo,51179c0c-c1f6-5774-a6a3-ad46db8dede8,bicycle,40.00216,-83.003085,,21.49,True,False,False
Veo,237455b4-410b-5083-9694-b596093d460e,bicycle,40.003576,-83.012965,,20.78,True,False,False
Veo,69e69a56-50d0-586f-b3ad-9caad73c8984,bicycle,39.95293,-82.996176,,28.14,True,False,False
Veo,65d7fd3a-dad7-5b1c-889a-18c664d4c2e1,bicycle,40.072294,-82.983444,,22.05,True,False,False
Veo,58579f23-694e-5ee2-bace-29b1969b726d,bicycle,39.96349,-83.011936,,16.39,True,False,False
Veo,a35bf62c-faec-5f62-8544-1349ebd2dfe7,bicycle,39.993538,-82.9811,,28.14,True,False,False
Veo,7f9f16c5-744e-51c7-bee5-b4dfd7948963,bicycle,39.96951,-82.969811,,28.14,True,False,False
Veo,16d3851a-187f-5bad-b40f-8bd45861b77a,bicycle,39.956025,-82.945206,,13.64,True,False,False
Veo,73b7b121-01ae-576f-8c50-c14b91800f12,bicycle,39.947971,-83.065438,,14.17,True,False,False
Veo,2f8301e0-c70f-5061-9321-b84c6347e2b6,bicycle,39.961277,-83.006471,,28.14,True,False,False
Veo,3a3d606d-6f4e-55a6-9607-6ae1063c9be2,bicycle,40.004868,-83.016914,,24.33,True,False,False
Veo,68d62f1f-1c76-59b5-b84e-3c44334216ad,bicycle,39.998068,-83.001879,,27.77,True,False,False
Veo,ee3084bf-e314-5aa5-ae3c-271d390d5f0a,bicycle,39.949756,-82.998319,,12.52,True,False,False
Veo,9fd22d6d-fabb-5828-89b8-6a2cda0e8555,bicycle,40.01592,-82.974578,,15.45,True,False,False
Veo,582bf835-5486-58c1-87c6-f098bb73c7a1,bicycle,39.959262,-83.001898,,28.14,False,True,False
Veo,b1b900a6-3c9b-5f33-96a1-1ba7fd4d2b94,bicycle,39.997794,-83.005464,,15.18,True,False,False
Veo,1d456d12-7d0c-5234-b2df-af760ba34c39,bicycle,39.956272,-83.012754,,28.14,True,False,False
Veo,bfa07449-f77e-55aa-924b-2c08fab55e37,bicycle,39.986018,-83.012901,,13.1,True,False,False
Veo,ae861c3e-b20b-538b-8fe0-38f5362c5a79,bicycle,39.998305,-83.022275,,28.01,True,False,False
Veo,7a68795a-b8fd-55dd-b19b-c05e070dc4fb,bicycle,39.972214,-83.004729,,25.74,True,False,False
Veo,30f437e9-1cb8-5389-8915-4264ea4a55b7,bicycle,39.96519,-83.000658,,15.18,True,False,False
Veo,f02df531-c5c5-5204-a55f-7c4d2affe1bf,bicycle,40.063041,-82.917297,,8.78,True,False,False
Veo,8f52c049-90b5-56cf-b786-f019a7790e1d,bicycle,39.96874,-83.004717,,9.97,True,False,False
Veo,7a9fbb31-3d91-5a80-a789-eb7bf81b0830,bicycle,39.957686,-83.014495,,26.25,True,False,False
Veo,01d7844c-6f02-594b-b38d-99e64918fca6,bicycle,40.003918,-83.012995,,24.84,True,False,False
Veo,915a2da8-bd75-5f31-af72-b83d8640c30e,bicycle,39.911653,-82.994709,,17.37,True,False,False
Veo,8c7c2ba1-7e22-5cc4-80db-f28db2bc5db0,bicycle,40.009783,-83.009541,,12.28,True,False,False
Veo,73397878-ee03-57e8-a7e2-55c65bb825f6,bicycle,40.047934,-83.025444,,14.43,True,False,False
Veo,bfab5618-4978-5444-9f92-edaab5ee70ff,bicycle,40.005652,-83.018583,,26.78,True,False,False
Veo,38fd9250-243e-5027-9f98-fa6453895144,bicycle,39.99579,-82.97696,,28.14,True,False,False
Veo,434d3cab-a014-5864-8f3e-b27de707290c,bicycle,39.952265,-83.05651,,28.14,True,False,False
Veo,4a9070a2-47c5-5977-963b-cd0315e86a8c,bicycle,39.991838,-83.012131,,28.14,True,False,False
Veo,7e6f8223-17c9-5d26-976c-91bef049fc86,bicycle,40.002742,-83.032219,,24.06,True,False,False
Veo,e5fd79d6-7ddb-5bbb-b3f1-d91314700b3a,bicycle,39.995572,-83.001533,,23.02,True,False,False
Veo,72b652a7-6721-5595-8fd4-9b33384d8f5b,bicycle,39.982572,-82.998802,,26.78,True,False,False
Veo,fc6df9ef-4cc8-5180-9c93-33648008e560,bicycle,40.025117,-83.025005,,21.77,True,False,False
Veo,860138ba-d9bc-582d-a3aa-ec9d4f66f51f,bicycle,39.991172,-82.921564,,13.86,True,False,False
Veo,4b766d50-a642-5d29-8ab2-80180ec23f5c,bicycle,39.994987,-83.01663,,25.34,True,False,False
Veo,2cf43346-4b77-5a80-9466-a8c60966857f,bicycle,39.961742,-82.992405,,22.7,True,False,False
Veo,9c733c7e-9b1a-58e5-b8b7-5d3b0957ff08,bicycle,39.972244,-82.885144,,9.97,True,False,False
Veo,99cb6682-f9a9-5dfd-87c2-a5b6e0f68406,bicycle,39.94464,-83.016446,,10.79,True,False,False
Veo,a19ad18e-e65d-5c61-af98-d87bb15ab4e2,bicycle,39.936828,-82.950747,,24.84,True,False,False
Veo,f54788d7-cb92-5790-881a-7c5548efabf4,bicycle,39.995542,-83.001588,,22.7,True,False,False
Veo,08d1ebd7-b089-525f-89d8-10e21e95952a,bicycle,39.958916,-82.99972,,27.77,True,False,False
Veo,5c7b1d6e-4373-50fd-88dd-725e9875e25f,bicycle,39.99794,-83.007773,,22.05,True,False,False
Veo,8542c352-3171-5b63-b8f4-150ae1e70fe2,bicycle,40.001113,-83.013778,,12.87,True,False,False
Veo,c32e6ce9-b1f1-5a2f-b8e2-2e6236027b72,bicycle,40.016468,-83.01115,,8.43,True,False,False
Veo,02a027d3-f6cd-576c-ab8a-1052031fd27a,bicycle,39.95841,-82.975128,,27.77,True,False,False
Veo,5b4ae77c-0528-5980-b16c-e736de0f62c7,bicycle,39.999235,-83.021465,,11.59,True,False,False
Veo,dcf846ca-d45a-52ac-afb6-d1c2ea593d00,bicycle,40.093762,-82.987413,,28.14,True,False,False
Veo,624881fb-98ef-5959-8481-2c4e5bf99097,bicycle,40.001591,-83.003777,,13.39,True,False,False
Veo,9143f0bd-0162-50a1-99af-a6d6f29b4bb0,bicycle,40.104692,-83.110954,,10.79,True,False,False
Veo,1118a892-86d9-51b9-bc27-725620ebd377,bicycle,39.978302,-83.000751,,28.14,True,False,False
Veo,51daedf7-d969-5ac9-b8ef-1b4d77487c70,bicycle,40.05176,-82.96875,,18.19,True,False,False
Veo,7fa4855a-8f38-5728-bfc0-4861742b19e6,bicycle,39.956799,-82.993444,,27.44,True,False,False
Veo,5c4c6d52-35fb-5bd4-956d-27cd2f6e7a5a,scooter,40.08121166666667,-82.92323666666668,,18.19,True,False,False
Veo,fc48886c-d33a-5ace-9a98-efcc61e61afc,scooter,40.033598,-83.016549,,27.44,True,False,False
Veo,3369373c-f6cb-5cd2-87b2-b3abf3763d4b,scooter,40.00353,-83.01787,,0.0,True,False,False
Veo,3b639570-9798-5db8-b296-a963ce618740,scooter,39.958737,-82.999815,,28.14,True,False,False
Veo,56a8c24b-252c-59e2-91fd-bb796fb4284b,scooter,39.882601,-82.989796,,23.33,True,False,False
Veo,729ab482-b6ff-590b-9374-cf700045cd7a,scooter,40.012054,-82.968465,,28.14,True,False,False
Veo,45208e8a-5886-5bb7-929b-53144dd50cf4,scooter,39.957774,-82.985569,,25.34,True,False,False
Veo,e9d08e98-4372-56c1-bfa8-d735f79d91f2,bicycle,40.014777,-82.970439,,1.56,True,False,False
Veo,c10fd88e-1c08-5991-bd8f-582676794bd3,bicycle,39.959155,-83.001795,,24.84,True,False,False
Veo,a2abf0d2-7956-5936-80bd-2b88b770655e,scooter,40.081899,-83.053233,,13.39,True,False,False
Veo,02c5082c-aadc-5f23-91ac-c813f9b73e53,scooter,39.993669,-82.982816,,6.98,True,False,False
Veo,05bb128e-9c56-57b7-b374-d4e9e85d2473,scooter,39.967608,-83.013468,,28.14,True,False,False
Veo,6c4aa716-fc9b-566d-8862-44b3d450a489,scooter,40.000119,-83.021366,,27.02,True,False,False
Veo,02ecee17-64b8-5e90-a42e-f93ccb2aedae,scooter,40.01767,-82.97479,,28.14,True,False,False
Veo,18035990-8a9d-5a94-8b7d-18fd186898b0,scooter,39.958968,-82.99069,,10.79,True,False,False
Veo,e25b444c-8700-52c7-8b8f-a8a012234f8e,scooter,39.964767,-82.991091,,13.39,True,False,False
Veo,a0a90465-d6b2-52f6-b5d9-9a4bceb91b91,scooter,39.960302,-83.000627,,28.14,True,False,False
Veo,10cab0af-7577-5a0f-868f-c163fb2407c1,scooter,39.983754254284975,-82.99906550496206,,25.65,False,False,True
Veo,468ca035-fc32-5524-8f5f-71b5546d2fda,scooter,39.997329,-82.99681,,13.64,True,False,False
Veo,901530f5-1322-504d-b8f7-16b2d77b5490,scooter,40.001272,-83.003806,,28.14,True,False,False
Veo,ac87d9d4-8c73-5521-9142-21faf34553d1,scooter,40.002419,-83.004377,,28.14,True,False,False
Veo,5db28ade-7be7-56c6-92d8-cfd4fc872d7c,scooter,39.999494,-83.016244,,25.65,True,False,False
Veo,c4ddf771-c275-5634-8e9c-0741843e9abf,scooter,39.991986,-83.00657,,12.28,True,False,False
Veo,2b70fff2-d889-5a17-b5ef-4d9ba7594547,scooter,40.006198,-82.97158,,7.29,True,False,False
Veo,6334ef06-3ddb-5617-80ee-03ea84f55ebc,scooter,40.005556,-83.013831,,27.77,True,False,False
Veo,e369a7aa-0ed0-574a-98ef-db060a79f493,scooter,39.968951,-83.003827,,22.39,True,False,False
Veo,053b7f0b-a223-5453-8574-a8c5533c39f7,scooter,39.96746,-82.978429,,19.78,True,False,False
Veo,521bafd8-9375-53b3-8e93-4a9dc353a0c8,scooter,39.959121,-83.001718,,27.77,True,False,False
Veo,9af73147-dec1-5ac8-a904-da26fe9194d2,scooter,40.004042,-83.010865,,27.44,True,False,False
Veo,6722d127-fff2-5010-a789-2dae0f716eaf,scooter,39.947133,-82.997465,,28.14,True,False,False
Veo,5cea3b7b-9d12-5d56-80dd-1b27750a035b,scooter,39.998132,-83.009561,,25.12,True,False,False
Veo,93d80aaa-71ee-5706-9c8a-dd5426edfd84,scooter,39.993958,-82.983374,,27.44,True,False,False
Veo,cfd19389-13dd-5822-a65c-5987781339e2,scooter,40.101088,-83.108565,,13.1,False,False,True
Veo,31e7f6dc-cb9c-52cb-9e4b-48b1f7cabc92,scooter,39.992737,-83.0446,,10.51,True,False,False
Veo,f51eabb9-5d37-5f8d-ad59-13de4443c663,scooter,40.015227,-82.979337,,8.78,True,False,False
Veo,9c5ee942-f822-5a7c-b571-b19605bf6f1a,scooter,40.00002,-82.979586,,2.55,True,False,False
Veo,caaec6ec-4f5b-5071-ad0d-4d044a568a4e,scooter,40.019445,-83.013,,12.28,True,False,False
Veo,4989b4d3-d1db-503e-9eea-51e8e00d3a3f,scooter,39.970518,-83.00263,,2.55,True,False,False
Veo,2331f909-8650-5cb8-952e-8c50d15b1a34,scooter,39.993509,-82.981047,,15.45,True,False,False
Veo,5fbf9ea1-9bde-54ac-8935-6ddf83822ff9,scooter,40.003407,-83.015903,,12.52,True,False,False
Veo,757e7024-3df3-58b1-a041-a9dad0354aae,scooter,40.000053355811545,-83.0081727421157,,21.77,False,True,True
Veo,27852935-dc4b-5c31-85f0-bbbe7d9ed2ad,scooter,39.970769,-82.96758,,28.14,True,False,False
Veo,145cca16-ce01-5a81-a42f-6fa28ff0e9e2,scooter,40.100719,-82.959169,,28.14,True,False,False
Veo,6e8da76e-b561-57ab-8a5b-6d4bf078b62a,scooter,39.936743,-82.961891,,26.78,True,False,False
Veo,8a247854-4459-503e-9e06-2af4e15d622d,scooter,39.992028,-83.006483,,15.89,True,False,False
Veo,a1521202-c90d-517a-a36c-ab9337307d8b,scooter,39.983901,-83.004207,,9.97,True,False,False
Veo,0a4633bb-641e-515b-a0cd-2d922993c343,scooter,40.004185,-83.015103,,25.94,True,False,False
Veo,6a82eb3f-b55d-5d5a-86f5-8e7a801c6a50,scooter,40.033655,-83.016474,,27.02,True,False,False
Veo,8616b824-a6dc-5485-8db5-0e459923fef5,scooter,40.096469,-82.92588,,1.15,True,False,False
Veo,56495c97-e376-5d1e-a8ff-dffbfe161a2e,scooter,40.001198,-83.013888,,11.34,True,False,False
Veo,b55d6811-09c7-5ca5-95b5-76111693d8ea,bicycle,40.005173,-83.009615,,28.14,True,False,False
Veo,a812ba40-bf71-5198-87e6-3f9151d095ca,scooter,39.992867,-83.092987,,22.7,True,False,False
Veo,a1790bb9-0f20-519a-b2b6-da5bc983addf,scooter,40.000069,-83.008181,,12.63,True,False,False
Veo,e1717e69-5a87-5fa8-8415-dd3447a4c2ef,scooter,39.936119,-82.983812,,28.01,True,False,False
Veo,34334fd0-85c7-5d51-a33a-4d51024a414c,bicycle,39.994396,-82.997796,,7.62,True,False,False
Veo,bb3f47f5-9ec7-56fe-9c6e-66644efa70e7,scooter,40.006697,-83.014324,,25.34,True,False,False
Veo,db100b37-d847-570b-bd45-a8c3fc13b20c,scooter,39.987152,-83.005803,,24.06,True,False,False
Veo,909fa677-e182-58e2-8faf-fdff26b2e470,scooter,39.955995,-82.987647,,28.14,True,False,False
Veo,f6b4ef5e-d419-574e-95dc-29823c7fbc8a,bicycle,40.025296,-83.034292,,25.65,True,False,False
Veo,03f75c5f-f24c-5125-9869-4eeb96c1bb60,bicycle,40.017003,-82.978348,,28.14,True,False,False
Veo,f9247796-b156-5313-8b44-3ab7f56ee2ef,scooter,39.996856,-83.01364,,15.18,True,False,False
Veo,f430feb7-a277-57f1-9019-3c8e328c1e2a,scooter,39.960324,-82.986794,,26.25,True,False,False
Veo,ce7cbaa1-7351-5713-9525-c5a09b41b838,scooter,39.990222,-83.005772,,28.14,True,False,False
Veo,3e01f4fc-ddd7-5479-bc8c-e7b7916b29f1,scooter,40.021597,-82.999764,,13.86,True,False,False
Veo,f48fdf6d-a1de-5f0c-b5a5-dec89a70fc89,scooter,39.987772,-83.008307,,20.78,True,False,False
Veo,1a7efae4-5416-5b6c-92b4-a86083d931c2,scooter,39.987692,-83.010847,,19.78,True,False,False
Veo,d0ca6b4c-c1e0-597f-ba79-dcbbfc19784a,scooter,39.954518,-83.112845,,14.86,True,False,False
Veo,86f4ea9f-aece-5873-8802-853b466a2655,scooter,40.022307,-83.009606,,19.78,True,False,False
Veo,3b81a669-a461-5722-8e55-6ab9587c48b9,scooter,39.9694,-83.009425,,20.05,True,False,False
Veo,1995186f-745c-5c06-ac3b-2cf27c8105f1,scooter,39.986811,-83.009445,,27.18,True,False,False
Veo,09d213ed-75c9-5974-9ecf-d5ed3d6a2c46,scooter,40.01536,-83.004017,,28.14,True,False,False
Veo,f6b1e9b4-503f-5105-b72c-41a08f771075,scooter,39.958855,-82.999751,,3.81,True,False,False
Veo,78c796db-70e1-513d-8255-a08cb50af638,scooter,40.003566,-83.008758,,27.77,True,False,False
Veo,c063a4b8-f2f0-524c-a3c3-9a84cc48cbba,scooter,39.995199,-83.00488,,28.14,True,False,False
Veo,e449b860-bb42-5b86-a6f5-4460af259ee2,scooter,39.978859,-83.004492,,19.05,True,False,False
Veo,7b439a2d-5ed4-5237-9cca-d52e50a6208f,scooter,40.003753,-83.000765,,9.65,True,False,False
Veo,923aa708-1473-50f4-a2dd-47f08579ce08,scooter,39.969468,-83.009455,,9.02,True,False,False
Veo,90bdfcae-5d0b-50f2-80d6-24161c0ce5dc,scooter,39.936773,-82.995085,,26.78,True,False,False
Veo,3d60969b-c364-5aae-92ca-6fce3167972a,scooter,39.963257,-82.981366,,0.0,True,False,False
Veo,72e02c9d-839f-55a4-ba0c-ec42b74039a1,scooter,39.96411,-83.001854,,24.06,True,False,False
Veo,a5ac00fa-5ce3-5224-8505-3ad96c2f9451,scooter,39.946631,-83.000231,,14.86,True,False,False
Veo,3214a24d-1ebc-5549-b77c-b773da9ae7c1,scooter,39.93278,-82.997428,,5.59,True,False,False
Veo,616d82d0-6352-5bf3-8f51-9cf58f422c28,scooter,39.979708,-83.018706,,18.67,True,False,False
Veo,2f4a2ddc-b0c6-51cf-8a34-597f6bfe9663,scooter,39.960481,-83.040454,,23.02,True,False,False
Veo,b4e9e5fa-559c-5afa-8c8a-f0e0a6da65a4,scooter,40.017671,-83.006496,,7.29,True,False,False
Veo,516605b0-038e-5551-88fe-3c5338c4e508,scooter,40.085636,-82.970154,,23.02,True,False,False
Veo,9c4265d4-f7f6-5a21-8911-9ec0dd7c1312,scooter,40.000333,-83.018328,,28.14,True,False,False
Veo,da7fbdd0-38e0-537c-935f-45443489867b,scooter,40.010076,-83.026664,,13.86,True,False,False
Veo,dc998296-a295-5399-9d30-30b29dd6eeb4,scooter,40.040701,-82.995467,,28.14,True,False,False
Veo,2bd483ed-941d-5d9e-b60b-7023db63dc06,scooter,40.00263,-83.016399,,28.14,True,False,False
Veo,2948ec88-d0dd-5ad8-9089-1ea24d523fe3,scooter,39.959064,-83.001661,,24.33,True,False,False
Veo,d8da8407-f63e-5665-983f-5eea02034fa5,scooter,40.014097,-83.014803,,26.78,True,False,False
Veo,7abccb31-2dcb-509d-aba2-f36962d99e3c,scooter,40.008118,-83.012099,,21.77,True,False,False
Veo,ad080127-b705-5d0d-b8f6-259286c4289e,scooter,39.95596282649785,-82.94544529169798,,0.0,True,False,False
Veo,2579cd47-caf1-5e27-8d2d-7d62874ccb3c,scooter,39.968722,-83.004688,,11.59,True,False,False
Veo,95062d5b-aaf6-559b-a234-f48be30f1a25,scooter,40.00104,-83.008264,,28.01,True,False,False
Veo,adeff47e-0d54-54eb-bb56-2f096b2b66b0,scooter,39.954189,-83.013771,,25.65,True,False,False
Veo,4c3f7135-4c2a-5c26-a6d1-b638a7fd0b71,scooter,39.955972,-83.011862,,25.34,True,False,False
Veo,0bbc978e-6522-5b07-a81c-e839b1ed16d0,scooter,39.951468,-82.982928,,28.14,True,False,False
Veo,d5f5e56d-46b4-53de-9fc3-3861b56bdd02,scooter,39.969097,-83.013468,,14.43,True,False,False
Veo,86c3db97-b8f0-5821-ba16-6791b445af57,scooter,39.966021,-83.012022,,28.14,True,False,False
Veo,c42c7f0e-784b-5a68-a5b4-a3b26fab3ecc,scooter,39.986806,-83.009413,,27.77,True,False,False
Veo,8a1d43de-0d53-5b8c-847f-c5a6a3feb664,scooter,40.003507,-83.01967,,28.01,True,False,False
Veo,a304ec02-3361-5369-b266-9ab90741cd93,scooter,39.993539,-82.980996,,28.01,True,False,False
Veo,b117a6eb-e8a2-528e-a4ff-4f785dc30367,scooter,40.014938,-83.01067,,13.39,True,False,False
Veo,f1e092d4-c50b-5d28-9231-bffa283afcba,scooter,39.997843,-83.007641,,19.78,True,False,False
Veo,c0caf513-384f-5df8-bca9-85441f25a260,scooter,39.926048,-83.115738,,22.39,True,False,False
Veo,2714207f-6b44-5f3e-909a-1a0ca8138a77,scooter,40.005307,-83.014459,,28.14,True,False,False
Veo,42c03751-78d8-559f-a340-dcc3a187cb91,scooter,39.95897,-82.990412,,9.65,True,False,False
Veo,647511ce-e27c-54c2-a9b2-ca0a68a4629a,scooter,40.010332,-83.014087,,15.18,True,False,False
Veo,2775c2a6-ba3f-5114-876e-350248a00204,scooter,39.996816,-83.013499,,9.02,True,False,False
Veo,55eb7389-fb68-5124-ace8-826d16f8163d,scooter,40.002368,-83.014188,,28.14,True,False,False
Veo,47aa894c-9fa0-5419-90df-f22c6a20de13,scooter,40.032718,-82.991496,,28.14,True,False,False
Veo,cd51fa82-816a-5a8f-8986-b2d114af42a3,scooter,40.005471,-83.008826,,24.33,True,False,False
Veo,d6ed296a-b9be-5204-a23e-b5763e9bfb32,scooter,39.985245,-83.005354,,22.7,True,False,False
Veo,6476fe75-82c5-5497-9a58-100dd2f0916b,scooter,39.937419,-82.983886,,27.77,True,False,False
Veo,7514ddda-9405-517e-9e7c-dc5d901d4394,scooter,39.976334,-83.010809,,24.33,True,False,False
Veo,497541be-87d9-5fc8-aed2-c3742894fe74,scooter,39.986788,-83.009413,,15.18,True,False,False
Veo,0d6638de-50f8-5aaa-a430-a1ba93de6337,bicycle,40.015583,-82.991039,,25.12,True,False,False
Veo,27a42192-4349-51e4-ad7d-05b49bff4713,bicycle,39.950084,-82.955954,,8.78,True,False,False
Veo,654a38dc-5e0d-579d-b475-d38107164d86,scooter,39.940083,-82.977657,,26.78,True,False,False
Veo,c402c426-9bae-571e-ad3e-b81889c8d9ac,bicycle,39.929575,-83.116858,,24.33,True,False,False
Veo,ef7c688a-80e7-596c-ab7b-957d763a6b9b,bicycle,39.963218,-82.981308,,16.39,True,False,False
Veo,f5240efd-1971-5808-b360-eeb5de7f59b9,scooter,39.976954,-83.003483,,26.25,True,False,False
Veo,d52a6f7c-8bf8-5221-908d-b7df5ba8fffb,bicycle,39.949386,-83.001379,,16.84,True,False,False
Veo,cdc50b35-aec8-5451-93c3-5d2700567eb8,bicycle,40.000246,-82.971928,,5.83,True,False,False
Veo,7b14a227-9088-5270-9971-321609daac0b,bicycle,39.962179,-83.004184,,16.84,True,False,False
Veo,3d146153-f4ad-56e2-b271-41e10f1610d2,bicycle,39.98685,-83.009402,,24.84,True,False,False
Veo,3994bac6-85a5-5c03-90fd-0aa1128e8fb3,bicycle,40.005601,-82.973578,,8.43,True,False,False
Veo,2722ff95-f2f2-51ee-9705-0ede60b87adc,bicycle,40.015537,-82.993585,,23.02,True,False,False
Veo,836795a2-2f5e-5fbc-8660-73b0c9358e5d,scooter,39.972996,-83.004464,,28.14,True,False,False
Veo,1c90d3f2-58f8-5c0d-bc04-388b7d63175f,scooter,40.000166,-83.016544,,14.17,True,False,False
Veo,02a6cd08-9aaa-5800-ae0a-e7eb2c8310be,scooter,39.985289,-83.006404,,14.86,True,False,False
Veo,2bfa971e-97d5-5420-9505-e4d7ae88f40a,scooter,39.936283,-82.982365,,13.1,True,False,False
Veo,b39c3a9d-9189-532a-b421-e586434d03b3,scooter,39.954129,-83.021062,,24.06,True,False,False
Veo,17c0daaa-7338-50ab-b255-cff0700aedb1,bicycle,39.951738,-83.000335,,24.84,True,False,False
Veo,8307e0d5-5958-550d-bd97-ad282c3bf890,scooter,40.005903,-83.013026,,27.02,True,False,False
Veo,6af1871c-6c3e-55f4-977c-a9527d78405e,scooter,39.995638,-83.013071,,13.64,True,False,False
Veo,95cecbc8-89f3-527e-9636-e0916de9c36c,scooter,39.991991,-83.006501,,13.1,True,False,False
Veo,72c1fe27-5af4-5b4f-b946-5dc7e79f1c5b,scooter,39.946522,-83.000175,,16.39,True,False,False
Veo,a4c47c5e-b258-59f4-9c4f-6688a1ab58a5,scooter,40.002905,-83.003847,,25.65,True,False,False
Veo,5d6ff9b7-b132-52d8-bcd3-c125bffd79c6,scooter,40.000289,-83.007321,,24.33,True,False,False
Veo,abe91469-e9d9-52cf-98f6-cf50fb0c8643,scooter,39.956052022923444,-82.94530387392118,,0.0,True,False,False
Veo,0c0da2cf-46aa-5f02-99b7-73a8266670ce,scooter,39.994638,-83.009994,,28.14,True,False,False
Veo,02b75318-fbc9-5ace-a9a8-9811a879c7c4,scooter,39.99577,-83.000174,,24.84,True,False,False
Veo,3cbcef92-5827-5e26-8fb0-216f8719c364,scooter,39.969083,-82.998402,,22.7,True,False,False
Veo,23660c57-0740-5a96-b39c-970830748cdc,scooter,39.972076,-83.0818,,1.83,True,False,False
Veo,a23cae44-3bba-5479-b938-43d0b5b5b5d8,scooter,39.994721,-83.002362,,5.83,True,False,False
Veo,46bf6a3d-36e4-508a-9e27-072356aeb149,scooter,39.970596,-83.002452,,23.33,True,False,False
Veo,9e887b7c-95ff-52a2-b53c-734d9ab8914b,scooter,39.995085,-83.002904,,14.86,True,False,False
Veo,8033c110-130a-5b7c-8539-e4ff258cec13,scooter,39.998111,-83.021865,,24.33,True,False,False
Veo,506a91e4-20ff-5c8b-9241-4c90d090952e,scooter,39.993537,-82.981054,,28.01,True,False,False
Veo,bc6ba16b-181e-574f-8f6f-1bdb2c292694,scooter,39.999008,-83.017459,,24.06,True,False,False
Veo,f3d51f2f-6cb1-58ff-94e4-b175c953bfd9,scooter,39.970477,-83.002477,,28.14,True,False,False
Veo,b0d1fad2-a7c4-5b7c-a467-4a826c157ea4,scooter,39.968877,-83.003767,,15.18,True,False,False
Veo,d8f7eba1-b769-5def-910b-1e3e96e1ea52,scooter,39.946537,-83.058382,,11.59,True,False,False
Veo,ac910f6d-80db-5418-b2c9-25ebb0f0e359,scooter,39.949637,-83.029753,,28.14,True,False,False
Veo,43c062fa-14ac-519b-a5ae-dff6d9b6eacd,scooter,39.990215,-83.005789,,14.61,True,False,False
Veo,2eb72693-1efb-5284-bf9d-8a2cf33a9a69,scooter,39.990263,-83.005753,,15.45,True,False,False
Veo,4ba327e6-3f36-5139-ba9e-e239e586daa0,scooter,39.94762,-82.9932,,8.09,True,False,False
Veo,1f135290-685f-5c92-ba5e-8151901deae7,scooter,40.00117,-83.00845,,24.33,False,True,False
Veo,d17631d1-ba96-5c0f-b183-8eab1229f647,scooter,40.001259,-83.013947,,12.52,True,False,False
Veo,7e12bde6-45c6-5029-8a97-c491b13f896c,scooter,39.94801,-83.049358,,17.37,True,False,False
Veo,da0b13fe-0545-5190-8ab9-a5be887985d4,scooter,40.031606,-83.011341,,23.77,True,False,False
Veo,7442752b-5ffa-5c03-b139-a59564ac569c,scooter,39.97398,-83.001952,,10.31,True,False,False
Veo,3c973d58-071f-5328-abd3-b80c48bc78c1,scooter,40.008097,-83.005313,,25.94,True,False,False
Veo,05e6ae42-fa48-533e-b9eb-74edc4f03079,scooter,39.998511,-83.009739,,28.14,True,False,False
Veo,45507c0a-f28b-5024-a22b-4fc92d6d5267,scooter,39.937469,-83.096379,,21.15,True,False,False
Veo,df4ef3cf-0f35-5546-9cbe-2566d1e80a04,scooter,40.019677,-82.95529,,19.05,True,False,False
Veo,bd9d51e3-86ca-5561-9263-144549c6a821,scooter,40.005988,-83.014129,,24.06,True,False,False
Veo,bd2ea9d9-5843-574a-9e51-5c918fe2e3e9,scooter,39.970496,-83.00254,,15.89,True,False,False
Veo,268b3788-23bc-5371-910b-8466a5cbd22d,scooter,40.00148,-83.010079,,22.39,True,False,False
Veo,ed3c2d0c-287a-5fe6-ae53-935111bc5ba0,scooter,40.026261,-82.977077,,20.05,True,False,False
Veo,97c288fa-e5d3-52f2-bfb9-574195904a8a,scooter,39.989303,-83.005886,,28.14,False,True,False
Veo,f7f51575-e58e-5ac3-9515-afcde5e19c79,scooter,39.945001,-82.953197,,18.67,True,False,False
Veo,0f332434-a311-595e-aa29-b3e9488846c7,scooter,39.994189,-83.008266,,26.78,True,False,False
Veo,2b65d617-e6ac-500f-a416-e77df302710a,scooter,39.998852,-83.00053,,27.77,True,False,False
Veo,2e965893-8ef2-5424-b96c-27230265c3fa,scooter,40.005219,-83.011599,,24.84,True,False,False
Veo,66eea885-71fb-57fc-93d3-2783446f0341,scooter,39.97153,-83.005575,,14.43,True,False,False
Veo,8d6a83a2-a2aa-56b4-a99c-95d0896e5b4f,scooter,39.968636,-82.990634,,11.11,True,False,False
Veo,a6ea0ed3-1d4e-59b2-bc1b-cefb0cf07025,scooter,40.000388,-83.021386,,22.05,True,False,False
Veo,7d4b4d39-7b6a-5c22-a019-97b44b639155,scooter,39.998756,-83.00568,,11.83,True,False,False
Veo,753bb111-3fe0-577c-8944-12ef316859dd,scooter,39.972153,-83.004779,,19.78,True,False,False
Veo,d56713d6-bb99-5968-8d87-674e879c243f,scooter,40.003442,-82.980127,,28.14,True,False,False
Veo,0b41f16c-9146-5c46-982e-c651c01751eb,scooter,40.001531,-82.99979,,6.07,True,False,False
Veo,9b23748c-d002-5dc1-bbe3-ebab445bbeb7,scooter,40.01484,-83.002097,,27.02,True,False,False
Veo,9e342af6-a412-51d9-b50e-f2e993dc8fd6,scooter,39.995334,-83.009664,,28.14,True,False,False
Veo,d3a87923-9e1e-5310-bc05-8851f9cc5af8,scooter,39.990309,-83.005205,,12.63,True,False,False
Veo,a59c3a03-2352-5211-9714-e8198bd62bb3,scooter,39.957413,-83.011402,,13.64,True,False,False
Veo,b2b748fd-363c-5cf9-8224-3c2754ac6ee2,scooter,39.986791,-82.995525,,14.61,True,False,False
Veo,0e593d0c-16be-570e-b3c1-b3a1c97b1f6d,scooter,40.000704,-83.021362,,28.14,True,False,False
Veo,314dae0b-92ad-5862-b9a0-b86ddd9f6f0e,scooter,39.969508,-83.009427,,27.02,True,False,False
Veo,64e16463-354f-556b-9606-5f9ffa752798,scooter,40.005445,-83.011473,,25.65,True,False,False
Veo,cd085b4a-23e1-5534-8fc8-96ee986b7e39,scooter,40.001457,-83.009545,,11.83,True,False,False
Veo,4fc15b29-63d3-5261-9373-19ba09a69fb6,scooter,40.016104,-82.998761,,12.28,True,False,False
Veo,88a7170b-72e9-5212-a7e3-533b8a995764,scooter,39.997998,-83.007462,,28.14,True,False,False
Veo,0d341b65-d37f-538f-9c70-00d586eacb15,scooter,40.013536,-83.01134,,18.19,True,False,False
Veo,ab39fd3c-0ca1-56f5-8a2e-01f3ae38e308,scooter,39.968988,-83.003735,,28.14,True,False,False
Veo,c68bbd53-4823-51de-8557-e5cbdf887c1f,scooter,39.953278,-83.117464,,28.14,False,True,False
Veo,4f1c88f5-bb81-5428-a6b1-de224eef813b,scooter,39.968877,-83.003654,,6.67,True,False,False
Veo,e328f3ff-635b-5bbe-a71f-1d8a8b6cfcbb,scooter,39.970342,-83.002252,,28.01,True,False,False
Veo,96fdbf41-47e7-5ab9-9fe0-52a9f9db8c3b,scooter,40.102766,-83.111256,,2.79,False,False,True
Veo,e21811b5-25d4-5bc5-9a82-58986d01affa,scooter,39.999298,-83.005166,,22.7,True,False,False
Veo,a4753b6b-cc95-567c-b2f6-20abc57d664d,scooter,39.964745,-82.996629,,11.11,True,False,False
Veo,9f6173c1-0561-5138-b210-1491bfe3a8ca,scooter,40.003981,-83.010854,,23.77,True,False,False
Veo,8cba5da3-f66e-5643-8a22-e1083b342665,scooter,40.000087,-83.008219,,13.1,True,False,False
Veo,96ecb9b1-13dc-5683-a9f0-a40b3e466eab,scooter,40.001173,-83.008383,,26.51,True,False,False
Veo,3b314f6e-ddb4-5210-9ca8-4af8463225ad,scooter,39.957403,-83.011392,,27.77,True,False,False
Veo,82d369bb-af53-5b21-90eb-c2a267d011a1,scooter,40.004008,-83.017127,,28.14,True,False,False
Veo,2514ca42-cdd4-52ea-b51e-ee4e73041a01,scooter,39.953717,-83.095875,,28.14,True,False,False
Veo,36691295-b5c5-58e3-8c99-dfcde1975564,scooter,39.99791,-83.00748,,24.33,True,False,False
Veo,a94e7bd1-8fb1-5eb4-bae3-3a8b953fa997,scooter,39.974317,-83.000867,,9.65,True,False,False
Veo,e4034a5a-2f58-505a-b137-b506f23ecd4a,scooter,39.988867,-82.979433,,14.43,True,False,False
Veo,0cb36ab4-8a1d-5938-aeff-2e3b71aeb2cf,scooter,39.99775,-83.006054,,9.65,True,False,False
Veo,cad64168-d1a4-5845-bb2b-aaeedc4ef3e1,scooter,39.99755,-83.00217,,15.18,True,False,False
Veo,a19c4d37-4e84-55d2-ade7-179c52dc5b3a,scooter,39.941972,-82.994962,,28.14,True,False,False
Veo,ff6ad8bc-a110-5dd1-b5d7-11307825606a,scooter,39.957371,-82.95448,,28.14,True,False,False
Veo,c503a6d5-b1e0-5b74-b686-f586ab8f13f4,scooter,39.985543,-83.011661,,19.39,True,False,False
Veo,1583e8cc-a992-5636-9b24-1b831fbebda5,scooter,40.032317,-83.016197,,10.51,True,False,False
Veo,03d605b9-15e7-5613-92a4-ce5b1d98812f,scooter,39.946562,-83.000192,,22.7,True,False,False
Veo,9dc28552-65b8-5381-8de4-49468419a289,scooter,39.969491,-83.009381,,5.68,True,False,False
Veo,1c5f1c84-5416-5729-b94a-3911f9c49666,scooter,39.979737,-83.021178,,25.34,True,False,False
Veo,d578b8d3-6671-57fd-9a43-28803673b245,scooter,40.0035,-83.015787,,22.7,True,False,False
Veo,6d66367f-fd12-5d53-8bfb-8ab98b377740,scooter,39.946673,-83.049018,,13.1,True,False,False
Veo,7b75330c-0148-52f0-8219-7bd014efdacf,scooter,39.981427,-82.992822,,27.44,True,False,False
Veo,5bce8436-2f09-57b6-9271-0da361dd3282,scooter,39.959115,-83.001771,,17.37,True,False,False
Veo,1807e15c-5d12-52f6-ad2c-bab457120f0c,scooter,39.923573,-83.091926,,3.13,False,False,True
Veo,bc531fd0-f4bd-5a1c-9fb6-f0e098ba9f86,scooter,39.944672,-82.994394,,28.14,True,False,False
Veo,0f1f0956-699e-5e47-813d-267d844506c3,scooter,40.001948,-83.011454,,19.78,True,False,False
Veo,0e42b3fb-f8e7-5b67-8ed6-898c14d18da2,scooter,40.018717,-82.978208,,28.14,True,False,False
Veo,cf308c3d-d2e6-5bc9-8a14-e34bec428391,scooter,39.969479,-83.009417,,24.33,True,False,False
Veo,250f0e3e-2870-5f14-a901-5428d8449317,scooter,40.015782,-83.030552,,14.86,True,False,False
Veo,395af89a-4da8-5d52-9cbe-ad893a038fd1,scooter,39.963397,-83.000687,,27.44,True,False,False
Veo,69c8db86-6804-5f19-9e6f-f8deb9faf943,scooter,39.99222,-83.01207,,22.39,True,False,False
Veo,7126bb8a-e3fb-5be9-a704-cc17c541e8a9,scooter,39.955231,-82.990247,,25.34,True,False,False
Veo,dac3fb1c-52bb-5556-b194-b816a45297a0,scooter,39.957568,-82.988204,,14.86,True,False,False
Veo,de48a045-017f-5123-bd45-5ab7fb98d618,scooter,39.970401,-83.002478,,15.45,True,False,False
Veo,e3bfe382-c566-504d-9736-8d3f4882cb1b,scooter,40.003896,-82.973182,,8.43,True,False,False
Veo,a0c21fb2-07dd-599d-af27-a3319c55b621,scooter,40.006082,-83.010408,,27.44,False,False,True
Veo,d26d8aa0-0258-5eb9-8255-6ac8a9f4172d,scooter,39.953567,-83.015201,,14.43,True,False,False
Veo,0cc5673d-d0d0-52f3-aa90-806204ae04d1,scooter,39.995455,-83.026858,,26.51,True,False,False
Veo,aabfa4aa-165b-5bf1-a828-8e6258f298cc,scooter,39.966283,-82.989163,,28.14,True,False,False
Veo,95083910-9689-5894-bbe3-acf3ad8de4df,scooter,39.97011,-83.003617,,27.44,True,False,False
Veo,1c6557c5-9a9c-5dab-8c0e-7e9d53ab1055,scooter,40.001887,-83.013887,,26.78,True,False,False
Veo,46f99d24-742e-56db-a478-417d8b1980d4,scooter,39.991675,-82.995584,,27.77,True,False,False
Veo,303fb74a-e3ad-523d-89ed-6dde0c9d1bd5,scooter,39.998614,-83.012537,,20.05,True,False,False
Veo,4da7b977-a432-5187-96fe-649eb9f2fcb6,scooter,39.943094,-82.967872,,5.59,True,False,False
Veo,6d12256c-d0b2-5967-84f1-2949a7caf442,scooter,40.031382,-82.996073,,14.61,True,False,False
Veo,207db45a-8127-5b4a-8c97-e315d16f8d93,scooter,39.999868,-83.002491,,28.14,True,False,False
Veo,4c52346e-bdd6-5bae-ad64-a9d992e2693f,scooter,39.948134,-82.997847,,28.14,True,False,False
Veo,317707db-5de4-507b-b9f2-0a08a3586f1b,scooter,39.95740698650479,-83.01142654381692,,27.18,True,False,False
Veo,cf2343d8-4cf4-50a5-a995-f790fca99363,scooter,40.005443,-83.009109,,25.34,True,False,False
Veo,bfd2d649-00ab-58ca-a8f6-09012318612b,scooter,40.002519,-83.01649,,28.14,True,False,False
Veo,94a4a875-ad50-5e42-9e91-dc4fe0304859,scooter,39.955195,-82.938162,,3.81,True,False,False
Veo,cff384b4-a9c1-596d-960d-38e603a476f7,scooter,39.997851,-83.007686,,9.02,True,False,False
Veo,8060bc3e-c40c-501e-8ff2-ae3044b34359,scooter,40.002762,-83.015488,,20.05,True,False,False
Veo,5b2fe7aa-9350-525c-8053-c0423ebbc51d,scooter,40.015802,-83.030533,,24.84,True,False,False
Veo,ea50878f-58f6-51ec-9314-bfc24b4098b9,scooter,40.003968,-83.01089,,9.29,True,False,False
Veo,a50f9711-90a0-5c29-9875-d32d4e1cfc73,scooter,40.00383,-83.01322,,28.01,True,False,False
Veo,219eaee0-7289-5285-8fb1-66156c5aa7fb,scooter,39.963027,-82.990187,,27.44,True,False,False
Veo,52211b44-f218-5bf3-8732-7964b42bbf5a,scooter,39.991907,-83.006364,,12.87,True,False,False
Veo,988527bf-64bc-557c-a9bc-1252e9f9ec7d,scooter,40.000092,-83.018139,,28.01,True,False,False
Veo,64bce725-f13a-5938-af5b-5c5a3a409524,scooter,39.989987,-83.00103,,13.86,True,False,False
Veo,44e6485d-958e-5fe7-8e8b-40cc030fe4d9,scooter,39.969,-83.003704,,25.74,True,False,False
Veo,90f35735-b044-56e9-babd-9ca52fa59210,scooter,39.970677,-83.004373,,14.61,True,False,False
Veo,08c35c31-5ebf-5a73-908b-a45d0736d239,scooter,40.013965,-83.015106,,23.33,True,False,False
Veo,5d568baf-61ef-5440-9dbc-ca05959baf42,scooter,39.953138,-83.05583,,28.14,True,False,False
Veo,66b893fc-7e60-514e-9dea-25adfdead243,scooter,39.992026,-83.006572,,27.44,True,False,False
Veo,23cb57f5-cb21-5002-8cb5-c227c1befce5,scooter,40.012011,-83.013715,,16.39,True,False,False
Veo,4ccb1bf3-b5d7-5a41-bb30-61fbbd3f603e,scooter,39.963035,-83.004493,,25.94,True,False,False
Veo,aa4fd816-9b55-5f8e-b5d4-aac764a20c5d,scooter,39.955873,-83.003041,,13.86,True,False,False
Veo,8942457e-27ab-5d4a-a455-234d5fa19520,scooter,40.028418,-83.009502,,15.18,False,False,True
Veo,440ab932-4c1b-5bfc-975e-a7e69dded03a,scooter,39.994132,-83.006699,,8.09,False,False,True
Veo,95ab7b96-a877-5661-80ae-383206532092,scooter,40.00113537566042,-83.00838957586922,,27.02,False,False,True
Veo,01432bd1-5e67-5702-80fa-fd2257a5ddb5,scooter,39.957384,-83.011354,,28.14,True,False,False
Veo,697edbcc-ba47-5861-9607-24afd92a8a89,scooter,39.985628,-82.995382,,22.39,True,False,False
Veo,6927118a-fc60-5c3b-84e3-8f17493824f9,scooter,39.970879,-83.004141,,20.78,True,False,False
Veo,bc51b094-e2f3-5769-8fbb-43fadc0d363f,scooter,40.000202,-83.008133,,15.89,True,False,False
Veo,7484527c-3499-51f5-97c2-2a144d2221a0,scooter,39.963977,-82.984554,,27.44,True,False,False
Veo,f482fff9-9153-5669-af58-bfefa2717b9a,scooter,40.006754,-83.016673,,16.39,True,False,False
Veo,fc37e1b7-e9f2-5d19-8ca7-209b8b2a0ea0,scooter,40.003953,-83.010841,,28.14,True,False,False
Veo,36931444-164f-5f84-b540-a3598a12bb07,scooter,40.002603,-83.010736,,28.14,True,False,False
Veo,ea63dd20-6347-5fe3-ab05-5890ed8df09c,scooter,39.949318,-83.042605,,20.78,True,False,False
Veo,f603f4f7-1cf5-5ad8-83f1-982baa1d0711,scooter,40.00591,-83.01376,,28.14,True,False,False
Veo,6c8679d7-e226-553f-9ed1-81fa4fa810e4,scooter,39.960346,-82.986816,,22.7,True,False,False
Veo,cfd30108-cc40-52c0-af6d-cfdf3d8e3bda,scooter,40.006474,-83.019538,,13.64,True,False,False
Veo,977dc69d-56b5-511b-a051-bc12339e1cf4,scooter,40.003958,-83.010891,,14.17,True,False,False
Veo,1aeccc4e-d273-531b-ad00-6da5d3c13ada,scooter,39.991328,-83.051384,,14.43,True,False,False
Veo,f33de7e5-479d-59dd-9e58-d19ca1f04015,scooter,39.973826,-83.003456,,24.84,True,False,False
Veo,b4d32bd1-a250-56a5-bd00-a7528153213a,scooter,39.999393,-83.020568,,27.77,True,False,False
Veo,2a88ea63-ba2e-5db2-8d9f-cf029bacc575,scooter,39.995263,-82.996115,,7.29,True,False,False
Veo,e69d4f06-d5ac-52ee-be2b-2424ec45df90,scooter,40.007344,-83.009218,,7.29,True,False,False
Veo,8526e1e1-7340-5dce-98db-62cb89429a0e,scooter,39.963253,-83.002553,,28.14,True,False,False
Veo,d1a92672-348c-571e-b550-564150a2e3b0,scooter,40.03277,-82.991458,,27.44,True,False,False
Veo,5635b0ce-47f9-5d03-81cd-2e1ce6abc628,scooter,39.971801,-83.003428,,28.14,True,False,False
Veo,c36f5039-2033-568e-b0a0-7d249ea02bf2,scooter,39.97866,-83.01147,,28.14,True,False,False
Veo,b0160be2-fc1d-52e9-be64-56a0dfcaae35,scooter,39.950617,-83.068774,,6.07,True,False,False
Veo,dd2e4634-cbff-5d0b-904f-6210def9b6da,scooter,39.95133,-83.052004,,25.74,True,False,False
Veo,e4f8cf86-c951-5383-9b5a-2f1f5918228e,scooter,39.967658,-83.013496,,25.34,True,False,False
Veo,574eb6bd-7bd3-5796-abd6-37165355573d,scooter,39.94694,-82.963976,,2.79,True,False,False
Veo,674b5366-0978-5b48-a377-ab6eab25aa21,scooter,39.983113,-83.015593,,20.37,True,False,False
Veo,db0d6e8d-94cf-5fc3-a14b-b53309349e86,scooter,40.016277,-83.03045,,24.06,True,False,False
Veo,817157f6-f17e-5b85-bbcf-9f1fbb9fb183,scooter,40.006462,-83.016369,,22.7,True,False,False
Veo,f4d68a20-e7f9-5cf1-80bb-25414f304448,scooter,39.945172,-83.062109,,26.25,True,False,False
Veo,9f17cd69-7ee5-5520-9ef0-6d96d663485b,scooter,39.993675,-83.041981,,15.18,True,False,False
Veo,a25db1f0-3b4a-50d6-be03-cab6a872c91f,scooter,39.992958,-82.995771,,28.14,True,False,False
Veo,1c9c12e6-6c60-5c01-ada7-6ef328ab390a,scooter,39.985217,-83.046078,,5.59,True,False,False
Veo,613ee6fd-19af-567b-987a-18185c13d2a3,scooter,39.965982,-82.991462,,21.77,True,False,False
Veo,a9fb12b1-4910-53ff-80c5-141eb81c17ea,scooter,39.972556,-83.005073,,9.29,True,False,False
Veo,d1a28092-35e9-512b-bcb8-6c70e15c74e7,scooter,39.9705,-83.002673,,21.49,True,False,False
Veo,26ca6305-3a83-59f9-b1e3-a430dc5f8261,scooter,39.957442,-83.011407,,23.02,True,False,False
Veo,02f6cfb9-5fef-5683-8823-cdc6cee88f6d,scooter,39.975448,-83.015143,,28.14,True,False,False
Veo,f392556b-4dc3-5089-9499-451cfbcdb679,scooter,39.998219,-83.008035,,14.43,True,False,False
Veo,5007b674-228f-58af-a0f6-217bda294dcb,scooter,39.974348,-83.01454,,25.74,True,False,False
Veo,37031ff3-a334-5f80-993a-1a5083310d1b,scooter,40.00018,-83.021371,,27.44,True,False,False
Veo,5d9aedf2-1cf5-5055-99bd-79032e59f9a2,scooter,39.995566,-83.002943,,1.15,True,False,False
Veo,756e6f08-603d-59ec-a4b1-f56df38045b2,scooter,39.993646,-83.006657,,20.37,False,False,True
Veo,6a6e23ab-11cf-5840-805e-178df91bc958,scooter,39.963274,-82.98136,,28.14,True,False,False
Veo,2267f8f6-499e-56af-a648-c45f5a68701a,scooter,39.995729,-83.00027,,10.31,True,False,False
Veo,e5d6494a-5abe-54b3-9351-9685bfcc59b0,scooter,39.963505,-82.98447,,28.14,True,False,False
Veo,2caafc83-516d-581f-8726-99bd08f7c8d1,scooter,39.885562,-82.999901,,28.14,True,False,False
Veo,73ab30d9-6f3b-51c3-97dc-be1f2ed81603,scooter,39.950828,-83.07668,,14.61,True,False,False
Veo,37057613-8bae-507e-b7a6-2d3db6e8f3c0,scooter,40.004286,-82.997657,,8.43,True,False,False
Veo,1238d695-c255-530f-80b7-df9d5581d7da,scooter,40.003941,-83.010911,,23.02,True,False,False
Veo,9cb49aa6-2113-5ea9-9ed1-00207db082fd,scooter,40.00388,-83.002462,,28.01,True,False,False
Veo,b8d8171d-01b9-5c2d-ae95-b9ae74d86ddd,scooter,39.948182,-82.93758,,25.34,True,False,False
Veo,9d58ff0a-c6eb-5604-a4ff-d22188e81b8a,scooter,40.0327,-82.991516,,24.06,True,False,False
Veo,14c8affe-4851-5153-aaa2-81174064b3e6,scooter,39.998056,-83.01028,,28.14,True,False,False
Veo,6294fccf-92f7-53c4-a013-60f51d4ae9a0,scooter,39.99975,-83.00222,,14.17,True,False,False
Veo,ef118ece-4a7f-5243-980d-cfab5d1fa945,scooter,39.946757,-82.98236,,11.83,True,False,False
Veo,82e7b88f-3525-5825-a004-6d005c2c9b98,scooter,39.975675,-83.014977,,22.39,True,False,False
Veo,395d5c10-35ad-5f2a-a218-97d8369bf2ed,scooter,39.991952,-83.008869,,26.78,True,False,False
Veo,d320e00c-9c98-51ab-8f35-c1dcc239bad0,scooter,39.957308,-82.993839,,14.86,True,False,False
Veo,a245229f-2fd5-524c-bbc1-8128e563e6cf,scooter,39.946282,-83.060629,,24.33,True,False,False
Veo,e5aaf519-a72c-5c35-9406-25d4ef580f27,scooter,39.990265,-83.007924,,19.78,True,False,False
Veo,e8a0717e-5618-549f-a918-a32b4606c20d,scooter,39.955917,-83.002214,,9.65,True,False,False
Veo,5ef43174-5ba2-5d3b-aba6-e67f945cd485,scooter,40.013669,-83.026572,,8.43,True,False,False
Veo,c3bc0e6b-12f1-55fd-b2f5-8740476af29a,scooter,40.001539,-83.010045,,14.17,True,False,False
Veo,3ba50cdc-03a0-5b72-958d-01b9d32cc59f,scooter,40.015706,-83.010661,,15.89,True,False,False
Veo,704ade5a-3f0a-5589-9b98-07ad969448c5,scooter,39.968949,-83.003836,,14.61,True,False,False
Veo,d0610c9c-c8de-50bf-a42e-48bbc75594eb,scooter,40.000309,-83.007274,,12.87,True,False,False
Veo,51a4b8ea-4ed8-5c40-ba7d-e3211821dc42,scooter,40.001344,-83.003465,,25.94,True,False,False
Veo,b7fd59b4-4e6e-5491-b251-c344ddedfce8,scooter,40.003237,-82.998566,,28.14,True,False,False
Veo,7e3d7a4e-8f24-5ce6-8ecb-72187b41a95a,scooter,40.008706,-83.012863,,14.86,True,False,False
Veo,0e78c853-2fa1-54bf-b229-219048d271d9,scooter,39.962944,-82.976054,,25.74,True,False,False
Veo,fd898369-0c24-59ec-a045-96667875eda1,scooter,39.925144,-82.940723,,14.17,True,False,False
Veo,e810ffab-6700-50b8-8134-a60ad50eb1bb,scooter,40.00193,-83.013,,4.19,True,False,False
Veo,9d5cc035-bbdb-5a17-8b1d-6910d12a9c01,scooter,39.939728,-82.967139,,28.14,True,False,False
Veo,1bd9ccbd-4332-5d1f-a793-8f09c34bb77e,scooter,39.999308,-83.005142,,13.64,True,False,False
Veo,c371f058-4bb8-550e-8b82-39f8972278f8,scooter,39.998249,-82.96137,,8.09,True,False,False
Veo,7c5d1e75-ee87-5668-acf3-86064aba17ac,scooter,39.955816,-83.003107,,25.65,True,False,False
Veo,d8d96c72-af51-5a8d-9b62-bcc4c93c82b5,scooter,39.957653,-83.003593,,16.84,True,False,False
Veo,8d45958b-2d68-56f1-bd71-8e9ab5c504dc,scooter,40.01033,-82.968798,,11.11,True,False,False
Veo,46317b9c-e16e-584b-8ed5-cf6f0a1bf759,scooter,40.012055,-82.968534,,28.14,True,False,False
Veo,ed6bf66f-8396-54f1-af7f-66cdb95b0500,scooter,39.96888,-83.003736,,15.89,True,False,False
Veo,7cce4292-deb4-5627-8ec5-d599ce2eff18,scooter,39.955919,-82.945227,,0.0,True,False,False
Veo,4f4a27b6-75cc-509c-bfd5-8088a41c3bcf,scooter,39.995537,-83.040622,,28.14,True,False,False
Veo,f636ac70-58a4-585c-b214-87f508ffc6f3,scooter,39.946949,-82.997594,,28.14,True,False,False
Veo,b1bc3b1e-02a1-5d40-a093-c3e92e90923d,scooter,39.95012,-83.000281,,19.05,True,False,False
Veo,0358811d-8168-540c-97c6-7abae352b59b,scooter,40.005829,-83.012933,,28.14,True,False,False
Veo,27d59ada-b0eb-5e4e-9a66-41b952ab1189,scooter,40.037048,-82.968035,,13.64,True,False,False
Veo,a8fa94d4-7ca9-5cbe-99e9-b98aff6747bf,scooter,39.994953,-83.017572,,27.02,True,False,False
Veo,daf7288e-7a65-5b67-8e02-ad5c85a5ed4a,scooter,40.003571,-83.016636,,19.39,True,False,False
Veo,e392c88f-b996-5b4f-bd03-5627e4da4991,scooter,40.000489,-83.016324,,28.14,True,False,False
Veo,c6692f36-df6c-515f-83b9-e21796c6dfd9,scooter,39.973498,-83.005622,,28.14,True,False,False
Veo,d0abdd9f-8bed-5723-9d8a-3ba8b947e78d,scooter,40.001304,-83.008269,,20.37,True,False,False
Veo,3194e856-9f86-5114-9487-0de60ce71249,scooter,40.006294,-83.009189,,17.89,True,False,False
Veo,d889f6a0-4a02-59b4-a690-dad11ca3f168,scooter,39.969584,-83.009404,,15.18,True,False,False
Veo,4ed1f14b-bb82-5647-a553-be5f61fef942,scooter,39.983914,-83.004175,,8.43,True,False,False
Veo,51432e43-8903-5294-beae-64c105377ccf,scooter,40.015214,-83.013771,,23.33,True,False,False
Veo,114b6a58-a6b9-5f72-bb5a-3ecf752615f5,scooter,39.963095,-83.004479,,15.89,True,False,False
Veo,af221689-1667-5aad-9a60-d68aef8a4db9,scooter,39.967639,-83.013415,,28.14,True,False,False
Veo,025a1ed1-5eac-55f6-948d-21384badd646,scooter,40.010515,-83.01975,,24.06,True,False,False
Veo,b47b63ea-0d1e-5f7b-b731-331555eba19d,scooter,39.957424,-83.011402,,25.12,True,False,False
Veo,d41d82f6-0e86-5e64-ab4e-a7e070cd5474,scooter,40.003725,-83.018052,,28.14,True,False,False
Veo,ee6dc828-b997-5a55-a224-2a8b8b7f4d5c,scooter,39.957618,-83.003641,,14.86,True,False,False
Veo,7942eedb-f79a-5858-87b7-6d2a5e7fc71b,scooter,40.00353,-83.01787,,0.0,True,False,False
Veo,6a534a8f-0184-5ee2-9bb4-a2756201a6f3,scooter,40.032716,-82.991504,,13.64,True,False,False
Veo,523fd587-f7e3-5fc4-a12a-130108033c0c,scooter,39.993843,-82.983368,,12.07,True,False,False
Veo,805c5429-2bdd-510a-acd9-40ba9fa08f66,scooter,40.001427,-83.009655,,25.34,True,False,False
Veo,406b6064-632c-5428-a207-4940e579015f,scooter,39.967667,-83.005398,,28.14,True,False,False
Veo,4f2fd4d4-0188-5c06-8903-27d4e6348e85,scooter,39.997394,-82.975075,,27.44,True,False,False
Veo,ff6e7885-0288-5972-9662-15bcbc553ce2,scooter,39.999031,-82.973121,,26.25,True,False,False
Veo,8dacbc35-46df-532f-bfb4-e29c53b4614d,scooter,40.042809,-83.018691,,23.02,True,False,False
Veo,abefd63c-bbdc-5caf-8709-b9a5b0bcafd9,scooter,39.927972,-82.964397,,23.02,True,False,False
Veo,9edd9948-7136-5638-a98c-db7f304272f5,scooter,39.998298,-82.99564,,28.14,True,False,False
Veo,cf68779f-bb8e-554f-bace-3076ba49a764,scooter,40.001845,-82.999062,,28.14,True,False,False
Veo,e7c7e614-b4de-595b-a7f8-cd738901f418,scooter,39.990145,-83.011763,,25.74,True,False,False
Veo,d3acdb88-252a-5739-be74-26f9de0930eb,scooter,40.004284,-83.00603,,21.15,True,False,False
Veo,39e10015-5399-5145-9785-c5b8a67b781e,scooter,39.992287,-83.032491,,11.59,True,False,False
Veo,b2fb7c72-5996-5e30-9e01-d06abc03709f,scooter,40.005186,-83.016583,,25.34,True,False,False
Veo,a7915bfe-32f2-5ca0-9d3d-b3ea9ad8aacd,scooter,40.003964,-83.010903,,24.84,True,False,False
Veo,eab83171-1c13-5dcb-aa7e-b9bf16c248ae,scooter,39.939712,-82.96712,,11.34,True,False,False
Veo,51b7fca6-caf7-575b-b01e-2a6c28249d21,scooter,39.99829,-83.017121,,13.86,True,False,False
Veo,7bfc7dee-338f-5563-81c7-6b48c1ec8243,scooter,39.993874,-82.983413,,28.14,True,False,False
Veo,3ea93e13-69c3-567c-a021-5c960cab71de,scooter,39.997753,-83.012908,,11.11,True,False,False
Veo,4b4f7d6a-802d-5bff-8818-5a55f48213d9,scooter,39.990319,-83.010559,,10.79,True,False,False
Veo,0184c336-a077-57de-b1a0-999e52a3f564,scooter,40.005347,-83.014488,,27.44,True,False,False
Veo,025d2976-a10a-5423-8aa6-16f135fa83ab,scooter,39.966931,-82.975935,,25.12,True,False,False
Veo,7bf33a3c-4ebf-593d-9341-89af3a0b11e7,scooter,40.015828,-83.030537,,28.14,True,False,False
Veo,ff9edf4d-8858-53b9-8ca5-00b1acc89709,scooter,39.991261,-83.037514,,10.31,True,False,False
Veo,6ae377ae-1a41-58a9-8003-d7aed04cc188,scooter,40.009867,-83.006923,,28.14,True,False,False
Veo,c38f3572-9ff4-52dc-9aa4-560fbfa49931,scooter,40.001211,-83.015637,,11.83,False,True,False
Veo,0bcd787e-b9d1-53e0-b0c3-381c43a54617,scooter,39.940501,-83.117178,,1.56,True,False,False
Veo,7bf48194-7de5-5dac-b85a-f56eea154831,scooter,39.969052,-83.003796,,9.97,True,False,False
Veo,e567d9c6-3c5e-5042-bacd-246fd82dcb80,scooter,39.968953,-83.003848,,16.84,True,False,False
Veo,47467ac1-fdc1-5706-9bec-af72515f6b9b,scooter,39.988502,-83.027859,,14.86,True,False,False
Veo,05edcddf-0636-55be-b3b2-4e331c9faaac,scooter,39.993339,-82.981852,,12.52,True,False,False
Veo,9dd52b09-d5fd-5a0e-a219-1c9d9a59edc7,scooter,39.997008,-82.975148,,27.44,True,False,False
Veo,c13203d1-3816-53da-b122-39e93e6ff8cd,scooter,39.996995,-82.975158,,27.77,True,False,False
Veo,76a60d99-a6c0-5435-9fce-dd7930ac9609,scooter,40.001968,-83.016404,,24.33,True,False,False
Veo,ecab6048-b0f7-509c-a848-81fc54953500,scooter,39.957407,-83.011322,,28.14,True,False,False
Veo,209ff1b3-731c-5d61-9564-9ea3d861056f,scooter,39.997183,-83.04803,,25.12,True,False,False
Veo,fce4dabc-198f-51a0-93b1-c1e0ef08899b,scooter,39.987585,-83.010739,,8.09,True,False,False
Veo,44de29b2-c532-5512-90f2-4aabdb5b7d26,scooter,39.969112,-83.003711,,23.02,True,False,False
Veo,f5f0787d-ff2e-5c8c-8ffa-b2f567b659ed,scooter,39.977369,-82.998056,,28.14,True,False,False
Veo,082316fc-75ac-56c3-802e-fc401b83939f,scooter,39.951035,-83.024392,,14.86,True,False,False
Veo,bce97b3d-42c3-58e7-88fe-88de57327582,scooter,39.947057,-82.997706,,15.18,True,False,False
Veo,a9065341-fa91-5eb5-8153-eac8750cf0f2,scooter,40.004932,-83.027767,,25.34,True,False,False
Veo,297b84be-7374-51f1-8fa9-db5ff8399e43,scooter,40.037515,-82.965308,,12.28,True,False,False
Veo,664a82f1-4ff3-55b7-a791-a06eebd02731,scooter,39.990235,-83.005756,,11.34,True,False,False
Veo,433cb80e-6535-56c2-a565-9246a297bf09,scooter,39.998438,-82.996367,,14.43,True,False,False
Veo,b3c58632-99b1-5a48-a585-4d93b60776b8,scooter,39.992811,-82.995782,,19.39,True,False,False
Veo,c1782689-07df-5dfd-bfcf-5310a36177a3,scooter,39.999395,-82.996245,,14.43,True,False,False
Veo,f4312c23-30c7-5e7a-9810-cc70dce9132a,bicycle,39.993518,-82.981028,,28.14,True,False,False
Veo,72f2b595-d2ed-5637-9516-c77f3995b9c6,scooter,39.987766,-83.032766,,2.12,True,False,False
Veo,74e20cb3-f12c-5a90-b19a-80aba3817418,scooter,39.989308,-83.010719,,13.64,True,False,False
Veo,09353949-6ef1-5fb0-9492-996697215b8c,scooter,39.95237,-83.075211,,21.15,True,False,False
Veo,981dd5ad-c110-530d-a88f-f722125a77d7,scooter,39.969492,-82.9698,,24.84,True,False,False
Veo,021a4209-7f8c-5ea1-9070-cf0b6f5dfdfe,scooter,40.002245,-83.015984,,16.39,True,False,False
Veo,3df6ec58-f06f-5530-b8d7-c3120c33fac8,scooter,40.001465,-83.017962,,18.19,True,False,False
Veo,4394fd0c-4359-5ea7-ad7b-f19dbafbb690,scooter,40.003288,-83.008544,,15.89,True,False,False
Veo,7001b050-cee5-5189-a601-997f2c10c217,scooter,40.001859,-83.010726,,26.78,True,False,False
Veo,8391d96c-da5d-5f4d-ab64-ec637300e2d0,scooter,40.028561,-82.964069,,19.05,True,False,False
Veo,2538785e-4fab-5fb6-83fe-092d4460767e,scooter,40.003488,-83.015839,,25.65,True,False,False
Veo,25a9023c-7504-56ea-be50-3199b399d27a,scooter,39.969059,-83.00354,,27.02,True,False,False
Veo,04cc62c2-64c9-5071-bdee-7d33132dd44b,scooter,39.964336,-83.004585,,14.86,True,False,False
Veo,f8bbccc0-cdf0-5a38-a179-a63418e0a5c9,scooter,39.975436,-82.975728,,27.02,True,False,False
Veo,441cd985-1735-5b9d-a710-71dc318deccf,scooter,39.972971,-83.002689,,22.05,True,False,False
Veo,9323d638-8f88-5823-adb5-a5a4cbb09b1c,scooter,39.993876,-82.983334,,27.18,True,False,False
Veo,b849caba-e690-5ae9-b0b5-b8df4c0fd1a1,scooter,40.013526,-83.028487,,28.14,True,False,False
Veo,3fc75650-558c-5e91-b417-b9396f50e912,scooter,40.025324,-83.025794,,8.09,True,False,False
Veo,568c508b-fe02-5df7-96f3-2c4561d833a3,scooter,40.00567,-82.983221,,25.34,True,False,False
Veo,e59a51dd-7296-57c1-a1f3-67fe85d37616,scooter,40.000118,-83.018089,,28.14,True,False,False
Veo,1444bcbc-20cf-5803-8d90-de08c9fc8688,scooter,40.001112,-83.008345,,13.86,True,False,False
Veo,cacfd89a-b278-5ab1-bf6e-16d411a2a7e8,scooter,39.999964,-82.995861,,21.77,True,False,False
Veo,1692ca87-ad7a-5d0a-89cf-0a724b2553ec,scooter,40.00826,-83.013266,,12.63,True,False,False
Veo,ce110674-d28c-596f-932b-666b616360ec,scooter,39.954207,-83.013722,,28.14,True,False,False
Veo,7f860cd8-9f7b-5351-9d74-db102a4d5ad0,scooter,40.000101,-83.008886,,28.14,True,False,False
Veo,27be28b6-ab26-50f0-a684-617195cd1b3c,scooter,39.997637,-83.00222,,27.18,True,False,False
Veo,92e84e04-d358-5ff5-abe5-9db95b796b49,scooter,39.969089,-83.003776,,8.09,True,False,False
Veo,e8d3f5ef-dc00-56a7-b0ac-f7bb31d23674,scooter,40.001213,-83.011856,,14.61,True,False,False
Veo,192744ff-326a-5d4a-9da5-1f3bd82f2c73,scooter,40.014748,-83.001515,,22.39,True,False,False
Veo,661bbebf-d793-512f-874e-6395fa7c158e,scooter,39.944579,-82.989637,,25.94,True,False,False
Veo,aeb04b85-ce1c-5e9f-8222-3637dfc7ad6e,scooter,40.001127,-83.008329,,28.14,True,False,False
Veo,a7080d31-622d-506c-a2f9-9750309a3592,scooter,39.965735,-83.019156,,21.15,True,False,False
Veo,208ed522-3c88-5261-a91a-f19942638c50,scooter,39.968429,-82.998355,,28.14,True,False,False
Veo,e24d25c0-716c-5dbb-9a81-a14e97ebe4e3,scooter,39.999975,-83.016023,,28.14,True,False,False
Veo,6de7b08d-8aa3-57a3-a6ca-d01abd3bddf3,scooter,39.955841,-83.017414,,12.28,True,False,False
Veo,65696127-c8e9-547c-904d-6ada70a41e31,scooter,40.00133,-83.012576,,28.14,True,False,False
Veo,d161906f-6007-5c83-bec2-e4dffbcd469e,scooter,39.976266,-83.004245,,9.65,True,False,False
Veo,7cf446ae-2f85-5c58-958c-311bd8fadaa2,scooter,39.95881,-82.99976,,13.86,True,False,False
Veo,2ff04b38-7aa8-50d2-ab80-703ec57c583d,scooter,39.93767,-83.067088,,6.07,True,False,False
Veo,e0cb8609-60f6-558f-9c20-6425a93ca8a6,scooter,39.969397,-83.002548,,23.02,True,False,False
Veo,71b62a8d-633f-50e4-8e48-1f65f962d3c8,scooter,40.005489,-83.009203,,14.43,True,False,False
Veo,d068b1f8-74d4-5f70-afe3-2f27c67d0367,scooter,40.003492,-83.015747,,27.77,True,False,False
Veo,2bd197ae-6ff7-5067-a512-caf854920089,scooter,39.951453,-82.982893,,28.14,True,False,False
Veo,0268d615-f199-51d1-a581-0e2e7e3110a6,scooter,40.001045,-83.008341,,13.1,True,False,False
Veo,728f4da3-5f57-55f9-8145-d3b1d2bbc9ab,scooter,40.003726,-83.009474,,26.78,True,False,False
Veo,f2b70a14-901f-5725-9b2e-8e1a8a7a1128,scooter,40.001242,-83.01529,,24.06,True,False,False
Veo,dfc7c9a2-c9ca-557f-93b5-732cb40250c4,scooter,39.96815,-83.008656,,23.02,True,False,False
Veo,70fe2bca-6224-57ba-967e-0e215c4b0ded,bicycle,39.995383,-82.983366,,14.43,True,False,False
Veo,f75559cb-a9de-5605-ad5b-2421d9c03946,bicycle,39.935206,-82.913574,,24.33,True,False,False
Veo,0d5f7377-fdc6-5347-9625-bccce52646d5,scooter,39.974366,-83.010365,,18.19,True,False,False
Veo,fbc5ddb0-5635-5d6f-a221-c3a1ac36e75d,scooter,39.978645,-83.011446,,28.14,True,False,False
Veo,3935cea3-55dd-57cf-be6c-8aad3169fded,scooter,39.960779,-83.012401,,28.14,True,False,False
Veo,ff38a95b-8814-5055-822c-9e8094d941a0,scooter,39.976688,-83.000483,,8.78,True,False,False
Veo,d64d9b26-a8f0-578c-8178-0239449f5e80,scooter,39.955973,-82.870856,,28.14,True,False,False
Veo,e4c5903c-da0d-581e-b801-da7f4062f280,scooter,39.954192,-83.013721,,24.84,True,False,False
Veo,c73f5cd0-bd15-530a-a643-e81391b775e2,scooter,39.944389,-82.995393,,18.19,True,False,False
Veo,e5972df1-5d0a-552b-a9a8-0dfc110b4d17,scooter,39.925729,-83.015668,,24.33,True,False,False
Veo,0ea39737-4477-5104-baeb-9dbecb06942a,scooter,40.003822,-83.01805,,15.89,True,False,False
Veo,314a6764-5660-57ef-b55f-a0c4adcc837c,scooter,40.003025,-83.008809,,13.86,True,False,False
Veo,47e0baeb-8789-5aa1-84f0-3e6c12eceb78,scooter,40.000052,-83.008184,,20.05,True,False,False
Veo,2c5b8909-e253-5fab-b9a3-02c5deaf182d,bicycle,39.968556,-83.004188,,16.84,True,False,False
Veo,a0202b82-cbfd-5f93-a4b5-39cfe409fb05,bicycle,39.972629,-82.909222,,24.84,True,False,False
Veo,2c9bdc16-b69c-5235-930c-0efd950b72f3,scooter,39.969524,-82.969803,,28.01,True,False,False
Veo,6ed84359-899e-55c5-87a1-ab9da2087fc9,scooter,39.969496,-83.009395,,28.14,True,False,False
Veo,25c9852d-956c-55e0-a423-975a7893ce26,scooter,39.957409,-83.011396,,21.77,True,False,False
Veo,f858692c-0876-5141-9bf8-b32daaee98c6,scooter,39.950568,-83.026979,,18.67,True,False,False
Veo,7e154440-e648-5961-8880-dcc332174415,scooter,39.933148,-82.982544,,28.14,True,False,False
Veo,6b2b3fa6-1b3e-5d56-b558-96316048739d,bicycle,39.944598,-82.989652,,28.14,True,False,False
Veo,0909510b-b792-578a-b62e-a08e75a73422,bicycle,39.946353,-83.048017,,17.89,True,False,False
Veo,5c7bcf70-6f24-5ab2-b310-61e8c1b8436e,bicycle,40.002757,-83.01468,,28.14,True,False,False
Veo,61fc6110-b05d-51a5-b81f-7dd27cdcae44,bicycle,40.100664,-83.115571,,28.14,True,False,False
Veo,efddce1c-c4ae-5373-ac70-58fa2ca5496a,bicycle,39.999392,-83.021173,,25.12,True,False,False
Veo,7254ab4f-7d1e-58ac-b0ea-f6fb8c527abe,bicycle,39.995697,-83.006339,,17.89,True,False,False
Veo,b8ed92da-cac7-5448-a4b0-9c3374b1948b,bicycle,39.972102,-83.022089,,5.59,True,False,False
Veo,5d3213a2-43db-5a5f-8ce9-aa8ba93a0a89,bicycle,39.929126,-82.906507,,27.44,True,False,False
Veo,97fe09db-5af6-562e-8eea-af8bf2fc8773,bicycle,40.053726,-83.065343,,28.14,True,False,False
Veo,22d91945-bf2e-53e2-aa62-a52f1edf3d84,bicycle,40.032074,-83.015531,,14.86,True,False,False
Veo,e21ea17c-0aa6-5f62-a685-0f6593a151b7,bicycle,39.956052022923444,-82.94530387392118,,0.0,True,False,False
Veo,f3cfd6c2-30a0-5db4-8a82-0e4f2119e38c,bicycle,40.001978,-83.013074,,27.77,True,False,False
Veo,f3fb8b90-43fb-553a-b2ca-a70078313cd0,scooter,40.010036,-83.022989,,22.7,True,False,False
Veo,0481aa4e-f67e-5777-b82b-38d6c9e45c0f,scooter,40.012548,-82.942122,,15.89,True,False,False
Veo,e5f88916-7c0a-59e6-b9da-a5af8740540b,scooter,40.005807,-83.039175,,14.43,True,False,False
Veo,bae98308-c6ad-58bd-a0c2-9a57be36a355,scooter,39.971912,-83.005414,,28.14,True,False,False
Veo,a114de3b-acf5-5e16-b32a-102f5ffcce25,scooter,40.003938,-82.973244,,14.43,True,False,False
Veo,9fafc379-9672-5569-a511-cab9eee8d856,scooter,39.962189,-83.00418,,15.45,True,False,False
Veo,e773eb1c-7ba6-5d2f-a806-2d10267b02b7,scooter,40.012411,-82.993187,,6.98,True,False,False
Veo,5eb18463-0673-5570-a81d-463ea7db91dd,scooter,39.947751,-83.065417,,6.98,True,False,False
Veo,1f652270-f7d8-512e-8ab6-18b6f7fb846f,scooter,39.9659,-82.999393,,24.84,True,False,False
Veo,72e24d5a-c298-59a4-b7fc-0fcbcad3a254,scooter,39.976287,-83.010812,,19.39,True,False,False
Veo,85e4a523-75e4-5533-a0ac-4a88a9d2033d,scooter,40.0109,-83.015459,,21.77,True,False,False
Veo,84e2fd10-684c-5a9b-94b3-916a55cff552,scooter,39.974292,-83.022922,,28.14,True,False,False
Veo,9ec03497-9688-5f99-bf48-92a29811af0b,scooter,39.997428,-83.020698,,27.44,True,False,False
Veo,eb4d8d92-62ba-5943-bba6-ecd41cbf79fa,scooter,39.945748,-83.05595,,22.7,True,False,False
Veo,f90ce0ad-808d-5161-9992-cf5ae0f442a5,scooter,39.988243,-83.008121,,12.52,True,False,False
Veo,f84ee983-7907-510f-9d71-7a862d6b0f09,scooter,39.997564,-83.000963,,17.89,True,False,False
Veo,7e8fc923-f265-5f85-a9a1-b1da53ff7a35,scooter,40.0061,-83.017088,,14.86,True,False,False
Veo,16fb0313-f9c3-5f5a-8c4b-72e731315f55,scooter,39.986947,-83.072222,,12.87,True,False,False
Veo,d4f08020-0334-5341-89a5-d6b1024c5f96,scooter,39.958735,-83.009079,,28.14,True,False,False
Veo,bbf55363-486a-543b-b11e-7eb9ecdd8c1a,scooter,39.957364,-82.954469,,28.14,True,False,False
Veo,ebcaddc9-4daf-52a9-8077-98c01b697253,scooter,39.998267,-83.013795,,28.14,True,False,False
Veo,b07424c6-1000-51b9-a5fd-b2a5570ccc24,scooter,39.979364,-83.001894,,20.37,True,False,False
Veo,476b480d-0819-553a-a7e9-d4b95ef23dcb,scooter,39.999973,-83.022317,,25.65,True,False,False
Veo,5892a3bd-4b61-501d-b8d4-dd5f7e8cd4ea,scooter,40.006382,-83.016813,,9.02,True,False,False
Veo,2d1b2dc3-8192-5ff9-898a-ab8b391a1868,scooter,39.985747,-83.004766,,13.86,True,False,False
Veo,78f54c47-20b9-530c-8a29-18758eea005c,scooter,39.970357,-83.00251,,26.51,True,False,False
Veo,0455651e-c7db-5a9f-b1b0-38e8dbc793e2,scooter,40.006419,-83.016818,,20.37,True,False,False
Veo,f96f6280-3449-5289-9db7-d97a2e1a59fe,scooter,40.007055,-83.009826,,15.89,True,False,False
Veo,9027767b-40da-589b-b157-8b83ad82da4a,scooter,39.970483,-83.002476,,28.14,True,False,False
Veo,5562272d-2145-528d-837f-5b8ed0b48aae,scooter,39.968315,-82.994414,,28.14,True,False,False
Veo,90ac1234-840a-5d6a-9422-e9756d46e363,scooter,40.001325,-83.003811,,6.31,True,False,False
Veo,03b81c4b-95ba-519c-857e-a2e0ecf8a8b6,scooter,39.987791,-83.008684,,17.37,True,False,False
Veo,c7b1ec4e-fecb-5b2a-81a5-4e54864f2deb,scooter,39.952964,-83.03246,,28.01,True,False,False
Veo,e2270692-c2c7-5263-84d3-57ac005dc40a,scooter,40.002208,-83.016091,,14.61,True,False,False
Veo,7b6b3e30-f733-5ef6-b510-398829006eef,scooter,40.015779,-83.030529,,14.86,True,False,False
Veo,f11f38b8-b846-5b73-ab3b-46a9d6cf44ba,scooter,40.016265,-83.030449,,24.33,True,False,False
Veo,a69f2b7f-e4cc-5899-8242-0ce49cb12320,scooter,40.007414,-83.003711,,27.77,True,False,False
Veo,4c6e6afa-5d4f-5dc5-9753-be448e993e2c,scooter,40.003981,-83.010899,,28.14,True,False,False
Spin,5ff7b940-c45c-4162-ab4e-34801a66462a,scooter,40.006326,-83.009216,25.0,6.73,True,False,False
Spin,24e20328-50d7-4e84-82c5-3d55e4f49bd7,scooter,40.006277,-83.009292,17.0,4.68,True,False,False
Spin,85325051-d646-4cd4-9c17-c6ea304cc3f6,e-bike,39.95737999999999,-83.01286166666665,49.0,13.46,True,False,False
Spin,c040bc97-1b8e-4c1c-8199-cce7c68bcc3c,e-bike,40.023523999999995,-82.99650983333335,67.0,18.15,True,False,False
Spin,507b6df1-2f2b-4c5a-b594-eeda82292887,e-bike,40.006511700000004,-83.0099552,40.0,10.83,True,False,False
Spin,f1098879-d740-4275-a2ad-fb6c08b32542,scooter,40.014563,-82.985702,26.0,7.02,True,False,False
Spin,d9865d4b-c8d7-4614-a13a-7cdab35a6424,scooter,40.014572,-82.985666,28.0,7.61,True,False,False
Spin,51f5fd70-2a66-4f42-ab35-63a57828f325,scooter,40.014571,-82.985727,18.0,4.98,True,False,False
Spin,fca6890c-a5e4-47b2-bf2c-a0f865fbc5d4,e-bike,40.0186085,-82.98957315000001,67.0,18.15,True,False,False
Spin,7d17bb0d-17f9-4446-a9bc-47b848696feb,e-bike,39.96736513333334,-83.0191459,71.0,19.32,True,False,False
Spin,8f127d0a-06a4-4105-893e-40abe02eea03,e-bike,39.967765,-83.01214499999999,62.0,16.97,True,False,False
Spin,c40c3af5-cb71-49c2-9215-d80bb5e49858,scooter,40.01454,-82.988043,42.0,11.95,True,False,False
Spin,44c1730f-fd82-4677-b14b-399f2a5a5e37,e-bike,39.96774666666667,-83.01218500000002,70.0,19.02,True,False,False
Spin,10bf538f-fd14-4872-b954-19e258ee9f8b,e-bike,39.967345433333335,-83.01916580000001,67.0,18.15,True,False,False
Spin,b6831d8b-4569-45af-bd39-473d66a02e13,e-bike,39.96777,-82.97737666666666,76.0,20.78,True,False,False
Spin,7838d20d-5b0e-4a8f-82fb-0020035614b0,e-bike,39.96323093333333,-82.98129473333331,40.0,10.83,True,False,False
Spin,aff323d0-307d-43e9-8885-9b527cd7427a,e-bike,39.95740408333334,-83.01287036666666,72.0,19.61,True,False,False
Spin,5ae83b52-4a7d-46e9-85bd-b586b5e6c1d4,e-bike,39.942750000000004,-82.9836,40.0,10.83,True,False,False
Spin,f989c2bd-29fd-4b6b-8ca2-b01e93373ab4,scooter,39.958902,-83.024614,27.0,7.32,True,False,False
Spin,330e5c18-c546-4bf1-9300-43005c11027d,scooter,39.957177,-83.041382,44.0,12.0,True,False,False
Spin,26ddf8b9-6c34-4c87-a4b1-5c03bd5ac5f2,scooter,39.957132,-83.041437,76.0,20.78,True,False,False
Spin,81905431-eedf-495d-850d-8d1e6cccd11b,e-bike,39.94939,-83.04178666666667,65.0,17.56,True,False,False
Spin,56b44eab-c046-44ae-9f09-40eb60f7b75e,scooter,39.947977,-83.049369,80.0,21.66,True,False,False
Spin,a37faa2b-7f4b-43c8-9202-c9dca35c7027,scooter,39.947755,-83.05089,44.0,12.56,True,False,False
Spin,6b13aeed-ad05-46bd-bcea-2f4997592ed1,scooter,39.947733,-83.050934,35.0,10.11,True,False,False
Spin,806bfc75-5a40-4b93-891d-8a9216e64c62,scooter,39.949625,-83.04062,45.0,12.29,True,False,False
Spin,de0fc28c-e40c-40e8-97be-53a05d3b206e,scooter,39.949632,-83.040541,63.0,18.07,True,False,False
Spin,afd5780b-7f18-41e1-af52-dedc66148e76,scooter,39.957154,-83.015096,55.0,14.93,True,False,False
Spin,6b2941d4-8812-4d8f-93f6-514704199fb9,e-bike,40.004381699999996,-82.99851673333333,69.0,18.73,True,False,False
Spin,9aeaf42b-3705-452e-a2ad-049753456088,scooter,39.95831063333333,-83.0130091,61.0,16.68,True,False,False
Spin,cb59d1f4-c028-4f86-adb1-6721bf7dfedb,scooter,39.946712,-82.980253,45.0,12.87,True,False,False
Spin,b5364c84-eb51-4013-a040-7207cac7ea71,scooter,40.0029326,-83.0037945,77.0,21.07,True,False,False
Spin,24d30218-f744-4137-b8e5-a90427457cdf,scooter,39.969407,-82.997071,53.0,15.01,True,False,False
Spin,1d2e2f61-18ad-47b7-a96b-d667079f8073,scooter,39.95600773333333,-83.01050830000001,77.0,21.07,True,False,False
Spin,56f6cd6e-03a3-4497-a14b-e5ad12c6ffb0,scooter,39.952284,-83.016635,43.0,11.71,True,False,False
Spin,19b3a92e-7071-4e31-8170-630b39baa1b2,e-bike,39.955905933333334,-83.01224500000002,35.0,9.66,True,False,False
Spin,bfb2e907-6492-4b2a-bc98-a41dc625f672,scooter,39.936353,-82.982915,81.0,21.95,True,False,False
Spin,9ad8a85b-0ddc-4434-bb56-9bd7198552ff,scooter,39.958588633333335,-83.0131112,75.0,20.49,True,False,False
Spin,e7a83ebd-e6f1-4e37-9766-2f7ea0fdb93d,scooter,40.014574,-82.988062,87.0,24.81,True,False,False
Spin,73031654-1842-447d-abc4-55f5cf07e620,scooter,40.017051,-82.965552,89.0,25.43,True,False,False
Spin,ec0f23ab-d5db-4f98-a92c-c79d90c18e31,scooter,39.99941,-83.002903,81.0,22.98,True,False,False
Spin,5c7c39c7-a601-46da-b31a-617255186a21,scooter,40.001983,-83.000604,82.0,23.28,True,False,False
Spin,8b85487c-dbde-410c-a258-9464d32e56a6,scooter,40.015752,-82.990348,58.0,15.8,True,False,False
Spin,9debe5b0-9eab-480f-9239-e13196b2bdc6,scooter,40.018387,-82.969921,43.0,11.71,True,False,False
Spin,fdcc06e7-c747-4e09-8739-b747240b844e,scooter,39.99869863333333,-83.0017149,70.0,19.02,True,False,False
Spin,45bb0e0d-9763-47b1-8b90-bc00d40f4655,scooter,40.014566,-82.98575,29.0,7.9,True,False,False
Spin,3fb41ae6-60dd-4253-9744-b000580d3d1b,e-bike,39.963116633333335,-82.98182223333333,40.0,10.83,True,False,False
Spin,732f0215-261a-4a8a-b824-92e769c9b4a4,e-bike,40.0601468,-82.95650723333334,25.0,6.73,True,False,False
Spin,a34e0423-5586-4ede-afbb-7e77ce3ac3b9,scooter,39.972006,-82.976622,35.0,9.66,True,False,False
Spin,0f05e444-8923-44b4-87ff-91d8b48e0971,e-bike,40.0145879,-82.98574775,59.0,16.1,True,False,False
Spin,a9dd3e5e-30d4-4ffd-989d-751075b6ad5b,e-bike,39.95790833333333,-83.03193333333333,58.0,15.8,True,False,False
Spin,00366aff-592c-4377-9f2f-a952b01c211c,scooter,39.963808,-83.024058,78.0,21.36,True,False,False
Spin,a2fe4fc3-616f-489f-9086-9b505ffc55d3,scooter,39.947707,-83.050922,76.0,20.78,True,False,False
Spin,88888e27-1d20-4eec-9fde-5d865c940748,scooter,39.947736,-83.051338,44.0,12.0,True,False,False
Spin,cf31da30-35b2-41bd-84ef-0929ef2bf020,scooter,39.947764,-83.051248,39.0,10.54,True,False,False
Spin,a886e221-3e10-4026-a4a0-95b3e9c68652,scooter,40.002877,-82.971584,57.0,15.51,True,False,False
Spin,bdf58502-ecab-4a03-a909-ecf77dcf04b2,scooter,39.99325,-83.012129,18.0,4.98,True,False,False
Spin,bd743188-dcec-46fa-a46d-6b1aa62ec6a4,scooter,40.0146,-82.988052,38.0,10.72,True,False,False
Spin,80fe1593-2c7a-4a97-83f1-640cafdc8deb,scooter,40.004357899999995,-83.0054545,26.0,7.02,True,False,False
Spin,c9aefcf5-b00b-4733-abfc-b5853638619a,scooter,40.004328,-83.0054532,67.0,18.15,True,False,False
Spin,9d178a2c-421e-48c1-a933-481d7d70cebb,scooter,40.014719,-83.001279,19.0,5.27,True,False,False
Spin,9c7f6680-65e4-4319-82ed-1fd0e160dfac,e-bike,39.96320553333333,-82.98137993333333,72.0,19.61,True,False,False
Spin,c814b863-3260-4f18-a062-c6bde183c1df,scooter,39.947283,-83.053188,83.0,22.54,True,False,False
Spin,4f9051ac-432a-4e82-8cb5-0a30a58debfe,scooter,39.947287,-83.053193,40.0,11.33,True,False,False
Spin,da35ecf8-a111-494c-8610-dcf05d21785e,scooter,40.000584,-83.003615,68.0,18.44,True,False,False
Spin,dec8b38f-c19b-4c62-915a-4c2dec291565,scooter,39.947711,-83.05096,78.0,21.36,True,False,False
Spin,96f9961a-1248-422a-a4c2-03f00a4720d4,scooter,39.947687,-83.050945,28.0,7.61,True,False,False
Spin,139e0dfd-232d-4dcd-a5bc-ac96897a7183,scooter,39.947694,-83.050931,85.0,23.12,True,False,False
Spin,f48f591f-9db9-44cc-a30c-d77edfd2d62a,scooter,39.94861,-83.041333,55.0,15.62,True,False,False
Spin,edc37133-4936-4d36-9cb1-921c2bdc2c65,scooter,39.949416,-83.041686,84.0,22.83,True,False,False
Spin,5b71f901-4ae4-4a8a-a6f3-537015f1c16a,scooter,39.946256,-83.034418,37.0,9.95,True,False,False
Spin,192296ad-d467-4d9f-af50-dec3eb62a1ea,e-bike,39.967784333333334,-82.99890313333331,30.0,8.19,True,False,False
Spin,04907e1f-e866-44fe-a9ca-f9bac95b5a70,e-bike,40.014496666666666,-82.98807833333333,83.0,22.54,True,False,False
Spin,1f1f00d2-acf3-41c1-990e-95974a4b9578,scooter,39.956263,-83.010686,46.0,12.58,True,False,False
Spin,04a563da-05c6-4b3e-8867-4bbac92724c0,scooter,40.001274,-82.999127,94.0,25.46,True,False,False
Spin,32db4aad-253d-4237-a4dc-3fd08cbb490e,scooter,40.006094,-83.007507,62.0,16.97,True,False,False
Spin,965f376e-ead6-46d8-b312-18159e808d98,scooter,39.95478863333334,-83.00713640000001,17.0,4.68,True,False,False
Spin,9a895ce3-55d5-4ac8-bf40-c14023db061e,scooter,39.949431,-83.041686,29.0,7.9,True,False,False
Spin,74479d14-043a-4ec4-a27e-3d3549522eda,e-bike,40.0009711,-83.0017491,31.0,8.49,True,False,False
Spin,8daa177a-cd1f-4d24-b1e3-21a62c2c20c3,e-bike,39.96997653333334,-83.00385890000001,82.0,22.24,True,False,False
Spin,c412f94a-6ea7-4c71-99bd-3015d775a144,scooter,40.0089633,-83.0216541,66.0,17.85,True,False,False
Spin,7e572af0-cde6-4fb5-a866-87e4810d09d8,e-bike,39.99889333333333,-82.98615553333333,24.0,6.44,True,False,False
Spin,a191a1ad-6a21-4b81-82e3-f34dc07fff66,e-bike,40.0629518,-83.01592199999999,56.0,15.22,True,False,False
Spin,65f4406a-549e-4de7-bac8-a89035cbf982,e-bike,39.949398333333335,-83.04176833333334,90.0,24.58,True,False,False
Spin,593d4e25-9d06-4c93-ad5f-c24c9da2173e,scooter,39.99679703333334,-83.00466229999999,32.0,8.78,True,False,False
Spin,fecc4625-255a-4d52-abb7-9fbde4c28f06,e-bike,39.95500213333333,-83.0121711,55.0,14.93,True,False,False
Spin,36a0a315-226e-40fe-b10d-67cdd14b58b6,e-bike,40.0070782,-83.0109489,53.0,14.34,True,False,False
Spin,d47c3fc9-5749-4ccb-88d0-424a4d92bc5c,scooter,39.95953083333333,-83.003144,58.0,15.8,True,False,False
Spin,82b00871-2b33-4b21-b81a-4c50bf7705bb,e-bike,39.96547333333333,-83.02191666666667,86.0,23.41,True,False,False
Spin,3facbb2c-d562-485e-b9fc-f005e85d867b,scooter,39.99789,-83.007027,45.0,12.29,True,False,False
Spin,3e797bef-bb69-42e8-8249-adfe78040dbe,e-bike,39.967596666666665,-82.954545,40.0,10.83,True,False,False
Spin,2e81d217-d609-4933-a5c8-b725a32150e1,e-bike,39.96309203333333,-83.0025275,61.0,16.68,True,False,False
Spin,0dd2e173-7434-425b-a83e-c3d46e8b788a,e-bike,39.96125323333333,-83.0143378,26.0,7.02,True,False,False
Spin,5da0f464-5d79-4e52-9f4e-638fbe455ab6,e-bike,39.961345,-83.01425333333333,26.0,7.02,True,False,False
Spin,d3951685-a1cb-4690-bf16-c3d79e1f47e9,e-bike,39.96131166666667,-83.01421833333333,15.0,4.1,True,False,False
Spin,5804066b-4adb-4b38-93e7-9de598001a66,e-bike,39.972136666666664,-83.00233000000001,46.0,12.58,True,False,False
Spin,5d7a3489-c907-4639-9f99-2fb481dee2d5,scooter,39.994065,-83.006793,95.0,25.75,True,False,False
Spin,6bf4d587-049c-4b06-9808-eb8ac8ed065f,scooter,39.994083,-83.006818,98.0,26.63,True,False,False
Spin,44e7dac6-08f6-41a2-8407-475b0fb65de8,scooter,40.015027,-82.990997,66.0,17.85,True,False,False
Spin,9d78b049-8a42-4139-bad0-996b9a34fd50,scooter,39.954725,-83.00101,70.0,19.02,True,False,False
Spin,86dde554-5ce7-4db7-b566-af7c444bd60f,scooter,39.994049,-83.006823,94.0,25.46,True,False,False
Spin,a30813a3-fc2d-4bcf-a185-772b422eecc8,scooter,40.015251,-82.990498,81.0,21.95,True,False,False
Spin,4f6d2801-579d-4f8a-a5d5-53f2818f2d18,e-bike,39.963249133333335,-82.98133453333334,90.0,24.58,True,False,False
Spin,f6db967b-9dac-47b3-a8c6-d4b2b33b9f35,e-bike,39.97292365,-82.99769773333334,66.0,17.85,True,False,False
Spin,bbf1d11e-26be-4738-888e-e646c36364e1,e-bike,39.96312703333333,-82.98171133333332,90.0,24.58,True,False,False
Spin,1b5e4639-b93c-499d-b355-8c2765348785,e-bike,39.95741841666666,-83.01288865,91.0,24.88,True,False,False
Spin,43b362cd-9911-4673-b4ca-298d29ecdaf9,scooter,40.01067,-82.968252,87.0,23.71,True,False,False
Spin,bcbe9251-f661-4a51-aa30-1959d0276bd7,e-bike,40.00881833333334,-82.97057666666666,28.0,7.61,True,False,False
Spin,47acd392-949f-4bb9-b023-565d124d4b76,scooter,40.008802,-82.970566,30.0,8.19,True,False,False
Spin,1da05aca-214a-45fb-b17e-219e326c96b0,scooter,40.008814,-82.970588,81.0,21.95,True,False,False
Spin,02add145-9c2e-4bb2-aa96-44dd2b316371,scooter,40.008815,-82.970594,81.0,21.95,True,False,False
Spin,267e02b6-4c0e-45e3-8d72-833ebe281b13,scooter,40.008835,-82.970639,90.0,24.58,True,False,False
Spin,9756f7bc-176a-492a-8768-e93b8f0fbdeb,e-bike,40.00881666666667,-82.97056666666667,46.0,12.58,True,False,False
Spin,7166c2ba-c4d8-4b26-af7b-6c3f632b76a1,scooter,40.015592,-82.966287,88.0,25.12,True,False,False
Spin,4963ab56-9aed-48bd-ab94-6469a675aeef,scooter,39.992828,-83.006978,32.0,8.78,True,False,False
Spin,16ebcbb7-8073-4a65-b2f1-5d66da81974a,scooter,39.992814,-83.007,44.0,12.0,True,False,False
Spin,eaccc8ed-ad26-4938-a207-eeede66cf540,scooter,39.992763,-83.00698,48.0,13.17,True,False,False
Spin,2ff14c22-b253-4c5a-bd38-48f209d3d277,scooter,40.003378,-82.977563,92.0,26.34,True,False,False
Spin,aa8ff521-1c48-4f1f-b224-e3a13589230d,scooter,40.00044,-82.979923,98.0,26.63,True,False,False
Spin,59894893-da68-4eae-8db8-61224966080b,scooter,40.000436,-82.979907,95.0,25.75,True,False,False
Spin,5c44eb81-ad5f-4e45-b170-8e082bd96f35,e-bike,39.96842713333333,-82.99928243333333,65.0,17.56,True,False,False
Spin,54356a2d-b36b-4c09-91fa-c7ce73d70238,scooter,40.012002,-83.013014,57.0,15.51,True,False,False
Spin,abba54bc-acb1-40f1-b37a-7403f9821c51,e-bike,39.96109763333333,-83.0105656,88.0,24.0,True,False,False
Spin,12ff88d5-d3c2-4977-92d3-51d9943bab84,e-bike,39.96847713333333,-82.99920223333332,46.0,12.58,True,False,False
Spin,43f18510-7ef6-458a-83bf-468f89f8b04b,scooter,40.00628,-83.01662,15.0,4.1,True,False,False
Spin,7d3c1614-b829-4bc3-8033-ef89aca772f1,e-bike,40.0066323,-83.01138719999999,40.0,10.83,True,False,False
Spin,e5728df8-41fb-4ca2-af39-b5a4b6db7d44,scooter,39.969601733333334,-83.00976530000001,47.0,12.88,True,False,False
Spin,1228ce9b-d722-4758-8a13-ae12323407af,e-bike,40.0290969,-82.96428983333332,29.0,7.9,True,False,False
Spin,c71398c5-8ef0-40e1-a630-74dffe1cfd0b,scooter,39.95172,-82.98281,24.0,6.44,True,False,False
Spin,d02154bb-497e-4b4a-89fc-3e2800af8116,e-bike,40.0119268,-83.01004149999999,38.0,10.24,True,False,False
Spin,1e0603a2-0f58-4570-a258-5f599d8ed63d,e-bike,40.010004200000004,-83.00848839999999,23.0,6.15,True,False,False
Spin,3331e387-0167-45be-9135-7377d9ed9cc5,e-bike,40.0065197,-83.009165,86.0,23.41,True,False,False
Spin,b9730c3e-de86-46ed-8a8a-babc13af4fe2,scooter,39.990799,-83.000532,84.0,22.83,True,False,False
Spin,9ad92619-eefd-426e-bcdd-3fefa669c199,e-bike,39.996785,-82.99879833333334,98.0,26.63,True,False,False
Spin,1136e962-b4fe-48b6-95c4-ceafb1eec7c3,scooter,39.990414933333334,-83.0062632,30.0,8.19,True,False,False
Spin,0a647469-88f5-48d8-9686-cf425cedf7ed,scooter,39.985281,-83.005528,71.0,20.22,True,False,False
Spin,e764d409-1ac0-4647-987c-42adcacddf78,e-bike,40.0099315,-83.0095567,33.0,9.07,True,False,False
Spin,8a612dbe-1222-43b8-9cbd-e567e1ee802c,e-bike,40.0081277,-83.00951089999998,45.0,12.29,True,False,False
Spin,d25814b8-035f-40e5-9c13-f7342b583561,e-bike,40.0070962,-83.00650390000001,91.0,24.88,True,False,False
Spin,85117fe3-cc2b-43e4-b144-427d61a1a996,e-bike,39.96629153333333,-82.99785573333332,78.0,21.36,True,False,False
Spin,c7fc0bad-1eb4-4a54-a44d-2240e373f448,scooter,40.0013699,-83.00365850000001,95.0,25.75,True,False,False
Spin,4c51981b-8a00-4b62-93f1-755678e53348,e-bike,39.969078233333335,-82.95225533333333,70.0,19.02,True,False,False
Spin,cecb6df5-7c86-45fa-8157-0c89ba57211a,e-bike,39.994460233333335,-83.00355130000001,27.0,7.32,True,False,False
Spin,71cf4f64-94bb-41eb-a3bc-14641ffbc604,scooter,39.997497,-83.000818,84.0,23.89,True,False,False
Spin,8d513702-d0f6-4ce1-96f9-79fc2c5bf86a,e-bike,39.973304999999996,-83.00284500000001,99.0,26.93,True,False,False
Spin,b8891ab5-c21a-4931-9964-b9663a265d27,scooter,39.99300653333333,-83.0043816,66.0,17.85,True,False,False
Spin,1577db37-7d45-4316-821a-f9ae1873c26e,e-bike,39.98590255,-82.98377593333335,20.0,5.56,True,False,False
Spin,e8852b7b-f893-46b3-8e3d-02db1be9d6f9,e-bike,40.01356166666667,-82.97674666666666,41.0,11.12,True,False,False
Spin,baae86a2-aea9-4303-9fb9-8e0b747245b3,scooter,39.964545,-82.993524,92.0,25.17,True,False,False
Spin,13d1dd8b-800b-44d7-a68f-aee297114b87,e-bike,40.0059248,-83.0065252,80.0,21.66,True,False,False
Spin,b6caeedc-86ac-44cd-8b66-23935d42ea5a,scooter,39.998706,-83.005391,80.0,21.66,True,False,False
Spin,8c67d135-e810-4483-93da-933b97d2c1b0,e-bike,39.99726143333333,-82.99674993333335,80.0,21.66,True,False,False
Spin,4896a99c-fdf8-4808-8caf-8019408fcfc2,e-bike,40.0100486,-83.00850370000002,65.0,17.56,True,False,False
Spin,deae6110-f787-4f07-beaa-d0817d63e852,e-bike,40.0100787,-83.0084759,38.0,10.24,True,False,False
Spin,d4775ef0-b6bf-4749-85a9-2b87b9f3f575,scooter,40.0073458,-83.00876519999998,92.0,25.17,True,False,False
Spin,c4f3dec0-c08e-4483-8467-589d34cf945e,e-bike,40.0114252,-83.00919739999999,85.0,23.12,True,False,False
Spin,aa855c4b-9f13-4fa1-b79f-c8642958ecf9,e-bike,39.95659666666666,-83.003055,30.0,8.19,True,False,False
Spin,77a3e276-771a-442f-826b-bafd1f4ee7dc,e-bike,39.955648333333336,-83.01527166666668,34.0,9.37,True,False,False
Spin,101fb75b-f97a-4566-b16f-be7ec3ffe4bd,scooter,40.009837700000006,-83.0071314,54.0,14.63,True,False,False
Spin,ceba9861-9227-4865-859e-2ed8ce9d84ef,e-bike,39.96776873333333,-82.97586695,31.0,8.49,True,False,False
Spin,9a5da739-36b1-4fad-b3cd-f56bf092ad0d,e-bike,40.0065615,-83.0190553,89.0,24.29,True,False,False
Spin,df5206d7-b3e8-4375-b691-bec3cc30eb8f,e-bike,40.0686576,-83.0762102,26.0,7.02,True,False,False
Spin,4e1326c9-63bb-43ea-bf0e-c1cb73e3ad06,scooter,39.974181550000004,-82.99840913333334,34.0,9.37,True,False,False
Spin,a366ba47-cd02-4ec7-9434-1a390a4c91ba,e-bike,39.969776833333334,-83.0075479,38.0,10.24,True,False,False
Spin,92b35917-582d-4bd3-80d3-adfe62bd4ee5,scooter,39.99394,-83.00689,72.0,20.52,True,False,False
Spin,bff27c58-99d5-4bd5-a333-a20b102684a9,e-bike,39.994051666666664,-83.00675500000001,55.0,14.93,True,False,False
Spin,184f239c-8628-4e73-8c18-88b9b2e6e3a1,scooter,39.927647,-82.993831,83.0,23.59,True,False,False
Spin,a9ff06c1-4092-4628-951f-816f15638e93,e-bike,39.950512333333336,-82.98283513333332,96.0,26.05,True,False,False
Spin,990174db-4ba1-4566-8980-a3a4abb43fde,e-bike,40.015075,-83.01143833333332,20.0,5.56,True,False,False
Spin,4e16af3e-b313-4e5b-b1d0-e9a3ced20694,scooter,40.007155,-82.999233,83.0,22.54,True,False,False
Spin,2d40b019-0e69-4353-b148-0bc20415e257,scooter,39.994067,-83.006836,25.0,6.73,True,False,False
Spin,9681cde4-8b19-4f93-8233-f4e5af192207,scooter,39.970692549999995,-83.00123120000002,97.0,26.34,True,False,False
Spin,19c5c73b-af5b-418e-bdde-b92f540a3d73,e-bike,39.99781313333334,-82.99551293333334,87.0,23.71,True,False,False
Spin,2d70dd61-14a0-4fc3-bbd2-7efa19da6690,e-bike,40.006357200000004,-83.0091959,39.0,10.54,True,False,False
Spin,eb1bf2f0-558c-43fc-9962-4c91e6ed788e,e-bike,40.000561700000006,-83.0030342,87.0,23.71,True,False,False
Spin,5b74ee98-ba96-41f1-a79f-abb914b16631,e-bike,40.000462399999996,-83.00268550000001,88.0,24.0,True,False,False
Spin,42e59dd5-e7fb-41de-9623-5b3ba4689ef5,e-bike,40.008069633333335,-83.00958684999999,88.0,24.0,True,False,False
Spin,981b4e3e-4a5b-46b7-8deb-e7062fc8c189,e-bike,39.961024933333334,-82.99173843333334,35.0,9.66,True,False,False
Spin,22886322-f267-4aa8-a633-253e9d2dfb92,e-bike,39.96305666666667,-83.00424333333333,41.0,11.12,True,False,False
Spin,e80841a5-4b9f-4406-acbb-0d32a55c7aac,e-bike,39.96317333333333,-83.004315,25.0,6.73,True,False,False
Spin,d731728d-7116-4a47-aaef-ab857845c1e1,scooter,39.963035833333336,-83.0042368,85.0,23.12,True,False,False
Spin,699c8d6e-f18a-4adc-8ac2-aeaad0655cba,scooter,39.936166,-82.969911,56.0,15.22,True,False,False
Spin,27e8b41f-d630-45ca-ad10-299f1f0e6852,e-bike,39.956195,-83.01116500000002,68.0,18.44,True,False,False
Spin,2c006889-20c8-42f7-9f58-ff6e628f806f,scooter,39.956064833333336,-83.01113609999999,24.0,6.44,True,False,False
Spin,3dc74ad3-f46f-4643-b96c-16448917e4d7,scooter,39.956163,-83.011181,78.0,21.36,True,False,False
Spin,8ab55ad6-843c-466c-a8b2-6697fab055c2,e-bike,39.9571688,-83.01498733333334,46.0,12.58,True,False,False
Spin,7d3a7dc3-d646-4ab9-81aa-932b4081e643,e-bike,39.957171233333334,-83.01498699999999,31.0,8.49,True,False,False
Spin,c2937f90-6e75-40b6-bc03-daea9c2d2cc4,e-bike,39.957164033333335,-83.0149872,74.0,20.19,True,False,False
Spin,a43b9ea1-b4f5-441f-a5ce-be5715470855,e-bike,39.95224483333333,-82.98669903333332,72.0,19.61,True,False,False
Spin,f8f01380-5fec-4332-9a84-c4d8f366966c,scooter,39.953986,-83.097543,18.0,4.98,True,False,False
Spin,4b175ac6-6b78-47f3-9853-8a420100dfd3,scooter,39.96101443333334,-83.0114501,72.0,19.61,True,False,False
Spin,6f7b854f-0e5a-4aa2-99d8-72cc108240bd,e-bike,39.95268993333333,-82.98128553333332,84.0,22.83,True,False,False
Spin,ca718675-1521-4ce4-8ded-68cc129a7c2b,e-bike,39.95739893333334,-83.0114123,77.0,21.07,True,False,False
Spin,6e9859cd-98be-4f87-b921-e4acdf28dce5,e-bike,39.957395,-83.01144500000001,29.0,7.9,True,False,False
Spin,8619a9e3-22bf-4d30-b07e-9351129a08d4,e-bike,39.96594123333333,-83.00197940000001,55.0,14.93,True,False,False
Spin,9eed3b37-e192-4bd9-a79f-e8b242da693c,e-bike,40.0057169,-82.99888623333332,27.0,7.32,True,False,False
Spin,b62e3e43-611f-4d94-95b5-12dcfe7d3567,e-bike,39.985868350000004,-83.02717200000001,37.0,9.95,True,False,False
Spin,eeb2055b-7f3a-41f9-be00-7237d4518002,e-bike,39.987923300000006,-83.02896061666667,62.0,16.97,True,False,False
Spin,18f562b9-4cb4-4809-8d05-58ef78a53869,e-bike,40.0063225,-83.0091846,42.0,11.41,True,False,False
Spin,254d0bfa-264c-4903-b5fd-83207f158494,scooter,39.95606863333333,-83.01111029999998,98.0,26.63,True,False,False
Spin,43f1fdad-68cc-439a-9d88-b8060bc9a540,scooter,39.95612693333333,-83.01112970000001,91.0,24.88,True,False,False
Spin,69653713-d9d2-45c6-8543-dc8b05151622,e-bike,39.95715873333334,-83.0149632,95.0,25.75,True,False,False
Spin,4198379a-2d89-4537-ae07-16f025989470,e-bike,39.99564853333333,-83.04135050000001,85.0,23.12,True,False,False
Spin,530cb6fd-9d0f-4a90-bae0-75e3de5a51c6,e-bike,39.97095385,-83.00004759999999,55.0,14.93,True,False,False
Spin,3c38227d-c1c4-4da0-a284-c7fb8d242b8a,e-bike,39.99373383333333,-82.98870505000001,56.0,15.22,True,False,False
Spin,e16cfdc1-77af-4dad-8611-2e0d8ff51174,e-bike,39.96361813333333,-83.0396392,40.0,10.83,True,False,False
Spin,4150e8c3-37a8-4fb7-9bc7-d6a5ec1e7455,scooter,40.001828,-83.001923,54.0,14.63,True,False,False
Spin,8fa77ebe-1c00-4c4c-9bd5-aa565e9e6366,e-bike,39.97840965,-83.00356160000001,51.0,13.76,True,False,False
Spin,79fd5e52-eb76-422c-a60a-b31f27bcd30d,e-bike,39.95042,-82.99950333333332,55.0,14.93,True,False,False
Spin,a6f66dbe-aae4-43e9-a3cc-3bd9e68fe95d,e-bike,39.957906666666666,-83.01299666666667,44.0,12.0,True,False,False
Spin,b5345f05-3c65-48e0-9d3c-a54e99c77b83,scooter,39.93804,-82.976685,60.0,17.15,True,False,False
Spin,eca1435e-93d4-4b7a-8b68-3f395cbb4fbb,scooter,39.965521,-83.021921,62.0,16.97,True,False,False
Spin,e6dd0687-36c3-4780-ba38-030a4a7d59ab,scooter,40.014125,-82.974627,87.0,24.81,True,False,False
Spin,e8db4764-3fbd-4518-9692-28b797a8d094,e-bike,39.96062666666667,-82.98167833333333,42.0,11.41,True,False,False
Spin,5cceec0f-c0c8-4573-b681-231209767914,e-bike,39.96061285,-82.98169948333334,83.0,22.54,True,False,False
Spin,488bb4bc-fc1c-4600-b63b-83f6cd7e2195,scooter,39.932669,-83.048931,80.0,21.66,True,False,False
Spin,82c731ca-ad2d-4452-aaa4-e86373629564,e-bike,39.96322226666667,-82.98130361666666,88.0,24.0,True,False,False
Spin,c05b0e6d-5ab4-403a-a563-2bec4ce4d88e,e-bike,39.96322943333333,-82.98130853333332,81.0,21.95,True,False,False
Spin,3551231f-34bc-48f8-92a6-7fdd192137c9,e-bike,39.96061673333334,-82.98172053333334,87.0,23.71,True,False,False
Spin,d9e899ff-1396-4bd0-9621-004cadddf31f,e-bike,39.989835,-83.00531166666666,60.0,16.39,True,False,False
Spin,786ad21f-09d9-491b-ac45-dfcd70d914b5,scooter,39.942299,-82.968375,53.0,14.34,True,False,False
Spin,8d83399b-164d-411b-8ada-29763333a9aa,scooter,39.990205,-83.013583,32.0,8.78,True,False,False
Spin,3e3b4882-e77c-44b9-873d-9d90bdc4b5c3,scooter,39.990231,-83.013583,85.0,23.12,True,False,False
Spin,6817435c-d1e4-4c1c-a37e-407650ab8b2d,scooter,39.990181,-83.013608,67.0,18.99,True,False,False
Spin,2c2c2d47-7542-4a46-ad9e-aa2caa18ea06,e-bike,39.94623243333333,-83.00928280000001,65.0,17.56,True,False,False
Spin,8d90ca6a-9fb4-49a0-aca9-eb68d61d2ac6,e-bike,39.95760473333333,-83.01174539999998,28.0,7.61,True,False,False
Spin,fca370b8-2581-4301-975c-40b31c146cd1,e-bike,39.97061166666666,-83.00120833333334,96.0,26.05,True,False,False
Spin,cbf253e6-80a5-4f33-96a3-fee9c8f01077,e-bike,39.99530423333333,-83.00157169999999,24.0,6.44,True,False,False
Spin,742f3c0f-c891-4d59-b8bd-20a8dfe92ded,e-bike,39.96428853333334,-82.99178183333333,19.0,5.27,True,False,False
Spin,d343021a-807f-4f8d-ada9-e260b05a0e10,e-bike,39.99725173333333,-82.99899543333335,26.0,7.02,True,False,False
Spin,fbe8ab0e-e785-4b11-8915-2b4c88a2b10d,e-bike,39.99938483333334,-82.99617923333332,27.0,7.32,True,False,False
Spin,17c8bb5c-24e5-4fca-a834-0265c51d644c,scooter,40.007248,-83.0086146,77.0,21.07,True,False,False
Spin,4dfa8707-0e75-4db0-85af-6c61ce502115,scooter,39.969089,-83.009728,38.0,10.72,True,False,False
Spin,b31e1e22-e94a-4221-8d9c-7329cb08cf3a,e-bike,39.95756703333333,-83.0114301,31.0,8.49,True,False,False
Spin,a132afd4-340e-462e-aca5-77902c6df3c6,scooter,40.018187,-82.971515,54.0,15.32,True,False,False
Spin,b5c15359-2f85-4be8-988c-f3468073d9dc,scooter,39.943881,-82.983538,18.0,4.98,True,False,False
Spin,26bb7e3d-7a32-4913-b6a7-f06e1ddbdd0b,scooter,39.958778,-83.033776,20.0,5.56,True,False,False
Spin,bfba03fb-6673-4d65-944c-1e1b6de3b775,e-bike,39.96535753333333,-83.01016480000001,32.0,8.78,True,False,False
Spin,1713db88-1e21-48f8-9ec9-f679c0768ccc,e-bike,39.955581433333336,-83.01078350000002,37.0,9.95,True,False,False
Spin,c758d2b6-e4d1-4a81-9a87-f1652eac6158,e-bike,39.97211035,-83.0054596,53.0,14.34,True,False,False
Spin,40536827-3477-4a45-bf8d-f1cb7d61a153,e-bike,40.008176000000006,-83.01337639999998,45.0,12.29,True,False,False
Spin,8d9ac0f0-d328-4b7a-8b74-6a8f946ce942,e-bike,40.0051525,-83.00524169999998,55.0,14.93,True,False,False
Spin,8fd4eea2-6a71-46a1-8f13-dfd36031802d,e-bike,39.97090125,-83.0010095,28.0,7.61,True,False,False
Spin,aca1ede4-73c2-40f1-8f97-3ad56969c8ac,scooter,39.99954123333334,-82.99307363333334,62.0,16.97,True,False,False
Spin,41fbe566-0482-4b0e-b38a-ed4f732bba52,scooter,39.99953383333333,-82.99310333333332,80.0,21.66,True,False,False
Spin,663380bd-00ac-438d-a10a-994c7b60b53f,scooter,40.0496776,-82.92507733333332,22.0,5.85,True,False,False
Spin,bc9b7a77-6da8-491f-ab28-22fd3a776310,e-bike,39.97204333333333,-83.00260833333331,91.0,24.88,True,False,False
Spin,b93c8f42-8c1e-4493-8239-26c6f3bbe518,e-bike,39.99788853333334,-82.99809453333334,65.0,17.56,True,False,False
Spin,fdee520a-23b4-41da-82c1-722f8b4a8149,e-bike,39.96950853333333,-83.012103,90.0,24.58,True,False,False
Spin,f0d13cd9-c56d-42ad-9d65-f61d779b1baf,scooter,39.969983,-83.002017,87.0,23.71,True,False,False
Spin,7f9894c9-bc4b-4bf4-b95f-054ed44499a7,e-bike,39.994343533333335,-83.00337480000002,88.0,24.0,True,False,False
Spin,9285838e-b4e6-4d50-8219-6d96051bcfb0,e-bike,39.99069493333333,-83.0174677,91.0,24.88,True,False,False
Spin,46458354-23bd-490b-af6f-6b1619cc1dd3,scooter,40.0102149,-82.98481783333334,18.0,4.98,True,False,False
Spin,d2e2f96a-fde7-43ad-b0fb-efce1b9e6fb0,e-bike,39.950995,-83.00006333333334,83.0,22.54,True,False,False
Spin,47bb5e5b-5910-44a7-91ff-9f87f1039fd7,e-bike,39.95994003333333,-83.0199962,71.0,19.32,True,False,False
Spin,0e5355b2-1118-4766-8ed1-5783ce5be421,e-bike,39.96322036666666,-82.98131658333332,92.0,25.17,True,False,False
Spin,855687f0-cd8c-40b4-9051-4c6657c877ad,scooter,39.96927,-83.001894,75.0,20.49,True,False,False
Spin,a8e08ba7-3adb-4c01-899d-b121f239707d,scooter,39.969294,-83.001893,54.0,14.63,True,False,False
Spin,b8b2096d-900a-4da7-beb5-b774e6099fc6,e-bike,39.988295,-83.01412499999999,22.0,5.85,True,False,False
Spin,044d4304-796b-4c20-b765-9f4bb459e73d,scooter,39.966246,-82.975133,97.0,26.34,True,False,False
Spin,e95dfa41-fe9d-44fd-8651-f0b80b56150f,scooter,39.962969,-82.976564,97.0,26.34,True,False,False
Spin,a2daaf37-8062-4d19-a44c-fe03000c42b4,e-bike,39.95182666666666,-83.02673666666666,35.0,9.66,True,False,False
Spin,e0fa27dd-355e-4e17-b793-644d46c45d90,e-bike,39.99730743333334,-83.00442919999999,31.0,8.49,True,False,False
Spin,f9e33db8-9ae7-47c6-bb85-baa667607c4d,scooter,39.971898,-82.970257,89.0,24.29,True,False,False
Spin,34e06744-53bc-4ddd-ab07-89313f00ec59,e-bike,40.006374,-83.0091844,89.0,24.29,True,False,False
Spin,d14cc864-5409-45f9-b2a8-f000cd4fe730,scooter,40.031611,-83.027278,81.0,21.95,True,False,False
Spin,6fb2a3e9-1e12-42f4-98d0-6610afacf190,scooter,39.985718,-82.96789,95.0,25.75,True,False,False
Spin,c0aba8d3-2714-495a-a599-b7ff356a1821,e-bike,39.958862833333335,-83.0029305,94.0,25.46,True,False,False
Spin,0d429ccf-eb87-40b3-bf14-4f4b022fb6a5,scooter,39.990273,-82.9796,89.0,24.29,True,False,False
Spin,36eb7a57-777f-4e31-bc66-651a4a3950d0,scooter,39.971111,-83.004895,90.0,25.73,True,False,False
Spin,eb841ea6-12a8-4073-8106-dbdc16088f9b,e-bike,40.014847,-83.0021469,35.0,9.66,True,False,False
Spin,181bf4e8-11af-4dfe-8636-d486d2c03c67,scooter,39.99407633333333,-83.00678959999999,57.0,15.51,True,False,False
Spin,999eb629-3baf-43f6-b7a3-b1e0fd213f45,e-bike,39.957814633333335,-83.0140785,45.0,12.29,True,False,False
Spin,ec884f7a-4c4d-44ff-8637-e5cb6ecd730a,scooter,40.012026,-82.968613,90.0,25.73,True,False,False
Spin,d07c2dd1-b792-4873-96df-8c388c477442,scooter,39.965304,-83.010228,37.0,9.95,True,False,False
Spin,ad0df60e-33ad-4d53-a36d-5ff0ddeaf737,e-bike,39.99316923333333,-83.00938659999998,92.0,25.17,True,False,False
Spin,877d4555-c57b-4de9-a5c2-498b09f73748,scooter,39.973898,-83.002567,43.0,12.25,True,False,False
Spin,d5815149-45e5-4bde-afb4-61045972665f,e-bike,39.990351733333334,-83.0126671,86.0,23.41,True,False,False
Spin,f8de9252-982d-4b3f-b7e3-404d74b541fd,scooter,40.008325,-82.952165,16.0,4.39,True,False,False
Spin,c71c96fb-d925-478f-bb8d-fd53b9fe1cc7,scooter,39.976192,-83.060047,34.0,9.37,True,False,False
Spin,cefb03d4-3061-49e3-a69d-68dce2b1db7c,e-bike,39.96516073333333,-82.99001603333333,67.0,18.15,True,False,False
Spin,a1e77571-1ca4-418b-910c-2a93eadc42e4,e-bike,39.989540049999995,-83.0052358,22.0,5.85,True,False,False
Spin,428b7b81-2637-441f-9639-1196b6da368d,scooter,39.973832,-83.002596,45.0,12.87,True,False,False
Spin,20a1565f-b43a-44d3-905d-0fa064982a0e,e-bike,39.99003723333333,-83.0055874,85.0,23.12,True,False,False
Spin,cab99dd1-9b37-483d-90cb-40bb778bad28,e-bike,39.990053933333336,-83.0056046,54.0,14.63,True,False,False
Spin,a3ecde25-ab03-45ad-b173-745925728d15,scooter,40.0162246,-83.01174,23.0,6.15,True,False,False
Spin,144bcb14-c925-420a-b21e-ab9d69f4d08b,e-bike,39.959261833333336,-82.99715303333332,67.0,18.15,True,False,False
Spin,377b463c-adc3-404b-a608-4fde01364084,e-bike,39.96886166666666,-83.00358999999999,76.0,20.78,True,False,False
Spin,3bfcbe0b-42f1-46d0-8b20-c2335f8066aa,scooter,39.948894,-83.009089,71.0,20.22,True,False,False
Spin,117efc6b-f7f1-4443-88f9-f363767f759d,e-bike,40.013655,-82.98148,44.0,12.0,True,False,False
Spin,dd2e1766-4a1f-4b4c-9473-5405d0552b51,scooter,39.944356,-83.062005,43.0,11.71,True,False,False
Spin,1f049cd2-5f7d-487a-afce-3084c5c11b5c,scooter,40.0059964,-83.005598,42.0,11.41,True,False,False
Spin,4bb36968-35d6-4804-a55b-c9861f6de8af,scooter,39.95889,-83.001389,26.0,7.02,True,False,False
Spin,c7a02ad6-2d56-4ae2-81cf-042d622aa485,e-bike,39.99422056666666,-83.00029458333331,67.0,18.15,True,False,False
Spin,c4520bdf-580e-4dab-aac9-62b02e1eb8f7,e-bike,39.99065533333333,-83.009435,65.0,17.56,True,False,False
Spin,ac2c14eb-eb74-44ce-ac88-8864a5e113a8,scooter,39.94198743333333,-82.99498573333334,58.0,15.8,True,False,False
Spin,b8cf41c2-a43a-4efc-b518-084618391b21,e-bike,39.95470125,-82.96848335000001,20.0,5.56,True,False,False
Spin,7a1bee07-b267-488a-bb14-16e2245f2fb8,e-bike,40.006633,-83.0148535,75.0,20.49,True,False,False
Spin,29da1ff5-78b6-491c-92eb-5a4aeb1de91a,scooter,39.963036333333335,-83.00425560000001,62.0,16.97,True,False,False
Spin,d57671dd-0d0e-4d3f-82ac-65106bfb0d87,scooter,39.95574283333334,-83.00199390000002,28.0,7.61,True,False,False
Spin,e67fe90b-13df-40a6-8d0e-3c43f5b4529c,scooter,40.0071538,-83.0050502,91.0,24.88,True,False,False
Spin,d0de04ae-c780-4357-93b0-00a48ca41ef1,e-bike,39.97214125,-83.0026435,85.0,23.12,True,False,False
Spin,ec674a47-8d81-4761-9ba2-665832c5dcad,e-bike,39.98826565,-83.0081433,26.0,7.02,True,False,False
Spin,46fd38f9-09a6-4275-b252-42e946853cf6,e-bike,39.98825445,-83.0081622,87.0,23.71,True,False,False
Spin,13642d13-8120-4ac0-9b6c-1563cbe65872,e-bike,39.98825935,-83.0081442,86.0,23.41,True,False,False
Spin,093ea738-cb4b-4757-865c-989ea037f2a8,e-bike,40.0116269,-83.00578920000001,86.0,23.41,True,False,False
Spin,19d5fe46-74f4-49ec-976a-9642cbe6ea7a,scooter,39.945684,-83.061581,70.0,19.91,True,False,False
Spin,b609ff1a-a8e7-48f9-8ff6-7e0df642c83b,scooter,40.006901,-83.009307,76.0,20.78,True,False,False
Spin,a7fc6461-c8b9-4107-af1c-6e359b53f807,e-bike,39.98826125,-83.00810699999998,83.0,22.54,True,False,False
Spin,443aa405-fc5f-48a6-bf5b-1bc979457d2a,e-bike,40.0010605,-83.0007088,44.0,12.0,True,False,False
Spin,a13b3c66-78ad-4158-8b5d-9983dd243ece,e-bike,40.0013506,-83.0007116,19.0,5.27,True,False,False
Spin,a836c34e-c4cc-412c-8b30-27967ad3d8a6,e-bike,39.94350523333333,-83.04554340000001,39.0,10.54,True,False,False
Spin,426d8b82-6d55-4a63-b124-cae171005886,e-bike,40.0048334,-83.00813000000001,53.0,14.34,True,False,False
Spin,fe478096-dbf0-474d-a283-23a6fab72620,e-bike,39.94163493333333,-82.95864523333333,49.0,13.46,True,False,False
Spin,6d79fe03-6baf-4d99-84ae-0a1523c4865e,scooter,39.973716,-82.96448,80.0,21.66,True,False,False
Spin,29c8188d-959f-4260-a9ee-614935ff9dfd,e-bike,40.0154197,-83.0090896,25.0,6.73,True,False,False
Spin,7e7c3bd7-57e0-4879-9728-5ead930962a3,e-bike,39.969775,-83.00748,49.0,13.46,True,False,False
Spin,e6f1d24f-bd32-4141-96c6-c7af0bb7844c,e-bike,39.99737103333334,-83.006594,42.0,11.41,True,False,False
Spin,34222474-9610-4d02-afc3-ea3487c399d4,e-bike,40.007641,-83.0180343,69.0,18.73,True,False,False
Spin,4b282353-bdec-4c7d-9fc1-ed97b2d603b0,scooter,39.992004,-83.006571,33.0,9.5,True,False,False
Spin,93a442f4-6922-4e33-8ba2-2b4ab2c773af,scooter,39.997783,-82.995697,47.0,12.88,True,False,False
Spin,154b4154-004d-48bb-86d5-b168c9f3e38d,scooter,40.007181100000004,-83.0199216,43.0,11.71,True,False,False
Spin,4f67cf9e-a908-415b-9ca8-162075d3be55,e-bike,40.0007639,-83.0051018,22.0,5.85,True,False,False
Spin,84b24573-5934-4f4b-a97b-3c176c678837,e-bike,39.96568873333333,-83.01982799999999,61.0,16.68,True,False,False
Spin,97957656-a852-4473-adc5-140b6117c10a,e-bike,39.96212343333333,-82.98182563333333,82.0,22.24,True,False,False
Spin,4b86878b-2e46-4d92-a1f5-b8561af58992,e-bike,39.99563843333333,-83.00219970000002,25.0,6.73,True,False,False
Spin,2255f73a-8758-486f-aa6f-2ba818770bc4,scooter,39.95810053333333,-83.00340589999999,77.0,21.07,True,False,False
Spin,223456a7-fdae-4258-9b55-56e1f2ccdae2,scooter,39.958525,-83.002858,76.0,21.75,True,False,False
Spin,7ad4b0d0-604a-4c0b-8333-b61a5a584a5e,e-bike,40.008062200000005,-83.0113813,84.0,22.83,True,False,False
Spin,2b095ee9-45fa-466f-8955-d1d04983a75e,e-bike,39.96697313333333,-82.99213523333334,54.0,14.63,True,False,False
Spin,df6e9ab8-5ec7-43f0-8da1-75ba589f45f6,e-bike,39.966858333333334,-83.00856333333334,61.0,16.68,True,False,False
Spin,b2dbb23c-1a9a-48a9-b370-9c0c7cdbe756,e-bike,40.0014923,-82.99895683333334,88.0,24.0,True,False,False
Spin,5a28dae1-941d-4abd-a9b3-f30d2cde1ee5,e-bike,39.96690773333333,-83.00866579999999,76.0,20.78,True,False,False
Spin,8c98cb20-d6b0-464a-b3f9-bb3b564e609d,e-bike,39.99287783333333,-83.0056637,68.0,18.44,True,False,False
Spin,1f875abc-470d-4e6e-afc8-f4bce9632f73,e-bike,40.006322999999995,-83.0091727,33.0,9.07,True,False,False
Spin,f781d35c-82e5-4146-8552-9a6b00ca052a,scooter,39.952816,-83.067227,31.0,8.88,True,False,False
Spin,402241d0-cfe4-41ea-b6c8-b2852c82ac91,e-bike,39.96740303333333,-82.98167693333335,75.0,20.49,True,False,False
Spin,2e980961-b208-4dcc-810e-16b5fbbd1377,e-bike,39.96822493333333,-83.0100949,26.0,7.02,True,False,False
Spin,ce544d5f-aec8-42dd-92f4-da3d1bbd90ac,e-bike,40.0004401,-83.00267649999999,91.0,24.88,True,False,False
Spin,3837c878-68b0-4f15-b580-9f26681ab416,scooter,39.949568,-82.989498,44.0,12.0,True,False,False
Spin,1a3daeda-1f68-4a81-a203-bcceecc89ba9,e-bike,39.960540333333334,-82.98423923333333,62.0,16.97,True,False,False
Spin,c6142b07-5d22-4293-9454-6ef5d7301b71,e-bike,39.960530133333336,-82.98427803333334,82.0,22.24,True,False,False
Spin,7a193915-fb68-48e1-87ff-65ee36986890,e-bike,39.99047666666667,-83.01235,44.0,12.0,True,False,False
Spin,2c268eb9-01a6-4327-8c45-92ffe579745e,e-bike,39.99555723333334,-83.0010643,56.0,15.22,True,False,False
Spin,6878661c-82b1-4a99-b048-1796ae827344,e-bike,39.95638933333333,-83.00041709999999,87.0,23.71,True,False,False
Spin,9ffb4e44-1f93-460b-92cc-d5dd4c0e1f7e,e-bike,39.95631863333333,-83.00295910000001,18.0,4.98,True,False,False
Spin,588f09c0-61e6-4d46-9caa-7871a13688b6,e-bike,39.956306633333334,-83.00295489999999,32.0,8.78,True,False,False
Spin,88d6e6f1-e211-4a42-88e9-aa5e9e2a23db,e-bike,39.95631053333333,-83.00295650000001,37.0,9.95,True,False,False
Spin,fe1ccd9e-36f7-451d-a29a-0e4927c285ec,e-bike,39.956398433333334,-83.00298149999999,35.0,9.66,True,False,False
Spin,55faabd9-1c29-4365-8cb2-c385d03f0faf,e-bike,39.95642503333333,-83.0029553,19.0,5.27,True,False,False
Spin,9aebfae7-84f4-4992-8f06-2957168f79c9,e-bike,39.95631913333333,-83.00294790000001,55.0,14.93,True,False,False
Spin,0cd1ec4e-6b4c-48ac-92e2-894075f26b14,e-bike,39.956298133333334,-83.00296080000001,23.0,6.15,True,False,False
Spin,ca1861a9-84d9-4e8d-a7df-3a406f754dbf,e-bike,39.95630193333333,-83.00295890000001,29.0,7.9,True,False,False
Spin,5edb1c84-20b3-4961-ad6b-f47fe44a9f55,e-bike,39.969615833333336,-83.00974059999999,89.0,24.29,True,False,False
Spin,06c6ad91-d405-4b40-ba47-572826f3109e,e-bike,39.988842983333335,-83.01328710000001,46.0,12.58,True,False,False
Spin,a40be397-4eb8-4a3e-b097-d36829d453f6,scooter,39.961325,-82.9572,60.0,16.39,True,False,False
Spin,0384e93a-8f43-49f9-9cd6-05d0837f6c1f,e-bike,39.95645703333333,-83.00295179999999,18.0,4.98,True,False,False
Spin,38450595-9e96-446a-aceb-c4eb0c8c2e9e,e-bike,40.0009804,-83.00326250000002,26.0,7.02,True,False,False
Spin,d20a2efc-0ebc-416a-8848-e405ea9ba2f9,e-bike,39.987022833333334,-83.0063048,89.0,24.29,True,False,False
Spin,4da4e9ad-1939-41a7-bf0f-3aeaa2703e06,e-bike,39.95592353333333,-83.0122471,69.0,18.73,True,False,False
Spin,826dc764-c085-40d7-9a69-fcc7e34c7b24,e-bike,40.0108377,-83.00963850000001,29.0,7.9,True,False,False
Spin,2b14da3c-c123-41d5-afdb-19a345292746,e-bike,39.985928449999996,-83.00532900000002,91.0,24.88,True,False,False
Spin,7495fe56-7d61-48f3-8338-dba069b1900e,e-bike,39.95592103333333,-83.01224750000002,69.0,18.73,True,False,False
Spin,5b9c2788-7546-4eec-a894-f205e771eb98,e-bike,39.95592403333333,-83.0122401,44.0,12.0,True,False,False
Spin,94a3ef67-f036-49ac-b80a-c16efebd6e8b,e-bike,40.007132999999996,-83.00404420000001,33.0,9.07,True,False,False
Spin,a2dc3559-70e7-40d1-bbc1-a3d9acb68243,e-bike,40.0063725,-83.00920390000002,49.0,13.46,True,False,False
Spin,7249b3ae-530e-44f0-aa27-15cc0574b2a0,e-bike,39.97236635,-83.00963599999999,60.0,16.39,True,False,False
Spin,b6766f18-fbf4-4ab1-9aa8-96eb706d08fc,e-bike,39.99811013333333,-83.00025869999999,52.0,14.05,True,False,False
Spin,8601be97-6e71-4b00-b89a-429b7b3ef489,e-bike,39.99925186666667,-83.00059276666667,75.0,20.49,True,False,False
Spin,3cb816ce-6eb9-4a74-8bf8-9d119973eeff,e-bike,40.006967,-83.0022046,83.0,22.54,True,False,False
Spin,8ad320cb-dbc5-45c0-954e-d9a0318201ae,e-bike,40.006949,-83.00230119999999,41.0,11.12,True,False,False
Spin,30dce651-6b05-463b-954b-e728f082247d,e-bike,39.98783275,-83.00332150000001,59.0,16.1,True,False,False
Spin,952a87f8-687f-4efa-abb5-211bb3b9714c,e-bike,40.0119952,-83.0121864,87.0,23.71,True,False,False
Spin,368206d9-8760-48b0-bc45-68af92eedd06,e-bike,39.98470673333334,-83.0055273,38.0,10.24,True,False,False
Spin,187a391f-09ca-4869-a577-16a5d8e9ed6a,e-bike,39.98593043333334,-83.00534018333335,25.0,6.73,True,False,False
Spin,a41ab1f4-7e7c-4dde-81ce-67cf7a7936e6,e-bike,40.0114737,-82.99800173333333,26.0,7.02,True,False,False
Spin,ddc5a6af-5fda-4929-a990-78ee8603cf4d,e-bike,40.0072775,-82.99958503333333,45.0,12.29,True,False,False
Spin,c8e128ac-5a9c-49ec-ae9b-88542d2d103d,e-bike,39.99383433333333,-82.98867815,43.0,11.71,True,False,False
Spin,abbaf4b2-cf12-4c13-86f5-c1b3abcda20b,e-bike,40.007023600000004,-83.01850700000001,73.0,19.9,True,False,False
Spin,b3e1b304-07ec-4e23-9aa0-ec2f117855cf,e-bike,40.01141929999999,-83.01018979999999,37.0,9.95,True,False,False
Spin,0742b30b-0d30-4653-9ba5-4ace647e4994,scooter,40.004099,-83.007809,47.0,12.88,True,False,False
Spin,7858351e-fb98-4a07-9b58-adb9e88e8ecf,e-bike,39.99773053333333,-83.0028765,20.0,5.56,True,False,False
Spin,416d0f40-ce6e-4ca2-b2f4-8e2b4c1ce35b,e-bike,39.966831533333334,-83.00480160000001,35.0,9.66,True,False,False
Spin,3abb4df1-86a8-4a50-a71d-654539c1a82e,scooter,39.99564,-82.97775,30.0,8.19,True,False,False
Spin,c6bedbfe-c81f-4105-b9a3-dcaf91a147c3,e-bike,40.0111706,-83.0132655,63.0,17.27,True,False,False
Spin,9b5917cb-a27e-4db2-be47-5bd117cee9ce,scooter,40.009766,-83.013329,48.0,13.17,True,False,False
Spin,76d010a4-8656-43e1-b084-4d655c98842c,e-bike,39.995042733333335,-83.00259720000001,49.0,13.46,True,False,False
Spin,ef8287a4-8a64-47e4-bfad-19323f9fe43e,e-bike,39.96504,-83.02202166666666,26.0,7.02,True,False,False
Spin,444423aa-9507-4ef0-b162-13827919fa94,e-bike,40.0053205,-83.0041135,56.0,15.22,True,False,False
Spin,c345b100-1f5e-4390-b6b3-a95ca756abbf,e-bike,40.003124699999994,-83.00820200000001,42.0,11.41,True,False,False
Spin,44e6d7ee-04f3-45f7-b5fc-e9f89f996005,scooter,39.99798993333333,-83.00284519999998,80.0,21.66,True,False,False
Spin,3b8e3bf9-81ab-4a5d-8217-adedb9ea628e,e-bike,39.999862433333334,-83.0029913,68.0,18.44,True,False,False
Spin,c8e9c227-5176-473e-8efe-a6b370a0d463,e-bike,39.95084743333334,-83.00007910000001,58.0,15.8,True,False,False
Spin,c29225a9-090d-4515-aff2-0a6f13a5e540,e-bike,39.99669683333333,-83.00604729999999,40.0,10.83,True,False,False
Spin,3fb41053-78e1-428a-b804-b8fe0799ecfd,e-bike,39.95666653333333,-83.01329920000002,22.0,5.85,True,False,False
Spin,6a405ce5-f4c6-4c4d-8341-bf6cf840bce0,e-bike,39.99341913333333,-83.0024059,48.0,13.17,True,False,False
Spin,eafb1b09-f556-4774-8399-0f65cc2c24ae,e-bike,40.0121664,-83.00873840000001,43.0,11.71,True,False,False
Spin,5972c402-33f3-49d9-85f1-d42501699dde,e-bike,40.0111006,-83.01492089999998,89.0,24.29,True,False,False
Spin,64e7144b-fbae-48ef-b218-f343d265b5a9,e-bike,39.96415593333334,-82.99457933333333,46.0,12.58,True,False,False
Spin,d02910bf-8f06-4267-a3d1-1d9b09b1c5cc,e-bike,39.99847483333333,-83.00783969999999,75.0,20.49,True,False,False
Spin,a0a3a781-8fe7-439c-9e4f-07b134ba1ac8,e-bike,40.007128333333334,-83.009475,100.0,27.22,True,False,False
Spin,721d9cb6-0c63-44f7-9010-9bcf1695cd0f,scooter,39.994308,-82.99818,97.0,27.57,True,False,False
Spin,f2ac3a6f-e1aa-4265-94b0-b445794065ff,e-bike,40.0074488,-83.00958,95.0,25.75,True,False,False
Spin,e58d0138-e778-424a-946b-aa3dd72e23dd,e-bike,39.96346623333333,-82.99820313333333,83.0,22.54,True,False,False
Spin,c92aeae5-0a62-4305-bfd2-5fc6029bd205,scooter,39.961855,-82.988575,75.0,20.49,True,False,False
Spin,71dafa15-acf2-4803-a04f-114585e2bde4,e-bike,40.0064621,-83.01420250000001,75.0,20.49,True,False,False
Spin,89dfbe17-bc7e-4d70-80fe-950b5eba2e14,e-bike,40.0064517,-83.01421333333334,26.0,7.02,True,False,False
Spin,52760bdc-9b23-476d-a6b4-1a14a43816d0,e-bike,40.00647166666667,-83.01422166666667,82.0,22.24,True,False,False
Spin,353573be-b4c9-4cd9-bb5e-76dd82408c17,e-bike,40.006462000000006,-83.0142083,60.0,16.39,True,False,False
Spin,d6010078-fc52-4286-8774-a9f8bd902d0d,scooter,39.996576,-83.002664,35.0,9.66,True,False,False
Spin,b146e3b9-f6f4-4c5f-a0d6-0c0048458957,scooter,40.006402,-83.014239,90.0,24.58,True,False,False
Spin,d93a39de-de41-469b-9a3d-48d2375248e5,e-bike,39.986267233333336,-83.01218130000001,77.0,21.07,True,False,False
Spin,ac2deff0-35c4-452a-9035-8d1ca8b56148,scooter,39.95774863333334,-83.0124671,100.0,27.22,True,False,False
Spin,c36e4c28-d6cb-4f07-a126-f99e801e5fba,scooter,40.068966,-83.091735,40.0,10.83,True,False,False
Spin,b865becb-288c-4157-8b8b-f6c1eb02facb,e-bike,39.961209333333336,-83.01435629999999,97.0,26.34,True,False,False
Spin,bd107956-aa2f-4765-8a16-3eb3bf49e545,e-bike,39.957028333333334,-83.00716833333333,42.0,11.41,True,False,False
Spin,a5d7c9db-4e98-4d69-865d-70ec64748399,e-bike,39.955659833333335,-83.05655630000001,88.0,24.0,True,False,False
Spin,f75db962-2b56-4022-ad67-22720170a2d6,e-bike,39.956674033333336,-82.98934215,37.0,9.95,True,False,False
Spin,f30f2143-1f1b-42e7-a5dd-ab22954f8748,e-bike,39.931968633333334,-82.98400683333332,57.0,15.51,True,False,False
Spin,affc07a0-e6b6-468a-80c4-1a87aa6574ef,scooter,39.94774,-83.050934,95.0,26.96,True,False,False
Spin,4b50ebb0-ef56-419c-a8af-b8018a3ea5c2,scooter,40.00761910000001,-83.00879940000002,22.0,5.85,True,False,False
Spin,383d3d38-5984-4193-964d-abeabfd59b6f,e-bike,39.99969303333333,-83.00248660000001,59.0,16.1,True,False,False
Spin,a4765052-fb1a-48dd-aeac-b364cb72f683,e-bike,40.01189,-83.01305833333332,71.0,19.32,True,False,False
Spin,c7ed8cda-04fa-452b-9276-7e0af9bcae70,e-bike,40.011896666666665,-83.01307333333334,91.0,24.88,True,False,False
Spin,f7ef9ab4-f92c-46df-b456-6e3b2125cab4,e-bike,39.96923663333334,-83.01206150000002,90.0,24.58,True,False,False
Spin,b2970094-4bc7-47bc-bee9-be5d704a5279,e-bike,39.939288633333334,-82.99532963333334,22.0,5.85,True,False,False
Spin,b0dae188-f223-4893-a94c-b158d7f8fc82,scooter,39.930118,-82.984018,57.0,16.24,True,False,False
Spin,1842cced-084b-4483-9d98-e4cb9a47afb3,e-bike,40.00719333333333,-83.00552666666665,75.0,20.49,True,False,False
Spin,2888395d-e478-40ad-a40b-db0e264dbf77,e-bike,39.98557245,-83.01170240000002,89.0,24.29,True,False,False
Spin,9fd1a570-9c14-4425-86be-327dbaf2e494,scooter,39.990202,-83.013557,97.0,27.57,True,False,False
Spin,8368d937-5827-4851-aad0-bb2ca22a3e2d,scooter,39.99769963333333,-82.99961233333333,77.0,21.07,True,False,False
Spin,99ed1220-a20e-4a94-a8dc-6749dd976c78,scooter,39.98827925,-83.00814880000001,70.0,19.02,True,False,False
Spin,edf3d54c-d87f-47d3-b383-c64553dfe375,scooter,40.012883,-83.01092,87.0,23.71,True,False,False
Spin,47f94f92-88c8-4508-9bda-8dde2083082a,e-bike,39.99523863333333,-82.99755273333334,91.0,24.88,True,False,False
Spin,fd024585-1536-4620-85d5-7efd17d14672,e-bike,39.968129633333334,-82.97422895,38.0,10.24,True,False,False
Spin,ac694702-7d4e-4ea3-9444-94dc5837b7a6,e-bike,40.00658691666667,-83.02043350000001,85.0,23.12,True,False,False
Spin,c271d8ad-58a4-4d89-8330-e2e93b662096,e-bike,40.002927500000006,-83.0002184,70.0,19.02,True,False,False
Spin,77796bd2-9c32-441f-9709-b4acc682e2b5,scooter,39.971104149999995,-83.00733970000002,65.0,17.56,True,False,False
Spin,b9f3ebf6-8468-410f-82bc-04f53ed7fd82,e-bike,39.96067163333333,-83.012762,76.0,20.78,True,False,False
Spin,b0ae3ecd-2299-4d18-9509-d6ef92220c0c,e-bike,39.97574115,-83.00130579999998,92.0,25.17,True,False,False
Spin,bdd96bcf-1c1f-41f7-a5c7-bf66062e80ca,e-bike,39.99319156666666,-83.00746159999998,91.0,24.88,True,False,False
Spin,9b8315c8-058d-4faf-b666-18aff28fdb96,e-bike,39.99337233333333,-83.00642270000002,32.0,8.78,True,False,False
Spin,454e28c9-95b1-48a1-9fd6-2973866bb069,e-bike,39.99336423333333,-83.00643155000002,87.0,23.71,True,False,False
Spin,33f8e4ed-9c54-4389-a2cc-c9279bf1fd2e,e-bike,39.99999513333333,-83.00751865,86.0,23.41,True,False,False
Spin,da033d03-c91c-467a-a4ce-6d3deb2b1fed,e-bike,39.999969533333335,-83.00745550000002,19.0,5.27,True,False,False
Spin,7bd8e4ec-d7c7-44ea-bce7-2f2d02f39e54,e-bike,40.00003166666667,-83.00757166666666,63.0,17.27,True,False,False
Spin,bba93fe9-b1a1-4396-8506-2fc16b0f4056,e-bike,39.999983033333336,-83.0075339,86.0,23.41,True,False,False
Spin,6ae8a718-1ccd-4c82-a809-95f7eadeefbf,e-bike,40.003082,-83.0078572,19.0,5.27,True,False,False
Spin,eae20093-bdb6-45b9-9b33-0c1a2ae58092,e-bike,40.0217348,-83.0158273,17.0,4.68,True,False,False
Spin,da664d45-9ff8-4346-84ac-75dd4fcc3abf,e-bike,39.998121833333336,-83.0017289,95.0,25.75,True,False,False
Spin,53467ee4-7bd8-412b-bbdb-e6896c14d705,scooter,39.958903,-83.024626,87.0,24.81,True,False,False
Spin,46145ef6-cd81-40e6-b512-2e0de846baac,e-bike,39.996526233333334,-83.00266779999998,86.0,23.41,True,False,False
Spin,d57b64c9-b07c-4e82-b205-1da360c56b76,e-bike,40.0061808,-83.0088489,51.0,13.76,True,False,False
Spin,e59fc8e0-287c-4777-a199-0d1fcc4a6ff4,scooter,39.954955,-83.032006,96.0,26.05,True,False,False
Spin,8860e6fe-211a-4ba5-ad38-e98f18309aa1,e-bike,39.955949833333335,-83.01228549999999,94.0,25.46,True,False,False
Spin,6c726460-9211-4bca-98e9-904c6a27adc1,e-bike,39.95770963333334,-83.00601380000002,89.0,24.29,True,False,False
Spin,fd961d76-9fe6-41d6-8c62-e9bee86add89,scooter,40.015634,-82.966297,92.0,26.34,True,False,False
Spin,4f520d48-a3ba-4db3-9c7c-2c1d29e536dd,e-bike,39.95682633333333,-82.99427463333335,89.0,24.29,True,False,False
Spin,82142f00-a9ac-4e29-965c-2aa0361b554c,e-bike,39.95225096666666,-82.98671535,23.0,6.15,True,False,False
Spin,b76e0b50-1daa-449a-9b15-454db57d3faf,scooter,39.994074233333336,-83.006812,75.0,20.49,True,False,False
Spin,eba60330-fad9-4ff5-954e-79cc45d1dd87,e-bike,40.01085666666667,-83.009615,100.0,27.22,True,False,False
Spin,dec9b1a5-7609-4586-a3c4-ceb26897cc44,scooter,39.96915653333333,-83.00394399999999,44.0,12.0,True,False,False
Spin,dbe8f744-c310-4ab0-8d84-dd5dd659c9e4,e-bike,40.0004637,-83.00269449999999,72.0,19.61,True,False,False
Spin,20c37583-c20f-4d4d-bae0-81e043735629,e-bike,40.0005271,-83.00269850000001,34.0,9.37,True,False,False
Spin,951a7bcb-3bf6-47b0-979c-c30db20f58bd,e-bike,40.0098774,-83.0081879,98.0,26.63,True,False,False
Spin,95ace915-6230-4d3c-b28d-fbd19bef09ba,e-bike,40.0037368,-83.00240809999998,86.0,23.41,True,False,False
Spin,1ac3c90c-c097-488a-b5b0-eeae9db422ab,e-bike,40.0026157,-83.00344519999999,28.0,7.61,True,False,False
Spin,4b9313aa-f597-400e-828b-7e6ca8326718,e-bike,39.96737903333334,-83.0191786,47.0,12.88,True,False,False
Spin,54980d25-f8f1-4d04-883d-34c97733030e,e-bike,40.0081781,-83.00953460000001,57.0,15.51,True,False,False
Spin,79f084c8-1366-4c60-9079-353b9a77734e,scooter,39.958748,-83.002254,94.0,26.65,True,False,False
Spin,48b98a33-3085-47dc-a7e1-a1b6b649a938,e-bike,39.96739353333333,-83.01917870000001,97.0,26.34,True,False,False
Spin,1565feac-2a87-49bc-81ae-877f5898f7ee,scooter,39.978949,-83.004368,89.0,24.29,True,False,False
Spin,e6659cf4-975c-427f-9574-d693531dd017,e-bike,40.0070736,-83.0194613,67.0,18.15,True,False,False
Spin,8bcc5740-68f6-4f6e-89d2-0d6e20f19da5,e-bike,39.98585255,-83.0271794,52.0,14.05,True,False,False
Spin,ebf7dafa-3d94-4665-a55e-c5fc9266d255,scooter,39.957962933333334,-83.01516519999998,84.0,22.83,True,False,False
Spin,d6379a69-743e-46e8-8af3-de7075573c8a,e-bike,40.0065648,-82.99709533333335,28.0,7.61,True,False,False
Spin,e147efef-9e44-424c-815a-1040eafadf65,e-bike,39.95584313333333,-83.0129957,49.0,13.46,True,False,False
Spin,5abbc0e4-9ecf-4041-8793-e1bc8dca05a6,scooter,39.995117,-83.003566,99.0,26.93,True,False,False
Spin,a7827b1d-655c-4f02-845a-ced35f228e7b,scooter,39.995484,-83.006452,99.0,26.93,True,False,False
Spin,0343e368-f5b3-4688-a930-c283adc5551e,scooter,40.000032,-82.998062,100.0,27.22,True,False,False
Spin,d248c8d1-3246-4f01-b258-f106d21a0983,e-bike,39.99670763333334,-83.0071534,73.0,19.9,True,False,False
Spin,0b7e1af6-cc9c-4f2a-97aa-6414fd6d2b1d,e-bike,40.0003832,-82.99731003333333,56.0,15.22,True,False,False
Spin,6d9eacf0-071b-4e45-bf86-f26b5279f896,e-bike,40.0006942,-82.99935193333334,98.0,26.63,True,False,False
Spin,a71406ac-3021-4d6a-a37c-9211ca29a7d7,e-bike,39.96439533333333,-83.0069261,57.0,15.51,True,False,False
Spin,ff4bf364-8a77-439f-ac47-e405590116fe,e-bike,39.959384633333336,-82.99380683333332,72.0,19.61,True,False,False
Spin,1cef2d2e-4d35-45be-84ab-c03cb374bd44,scooter,39.957461,-82.989006,100.0,27.22,True,False,False
Spin,c29a1740-6c65-4a12-ab6b-800bf521e509,e-bike,40.006574300000004,-83.0204179,15.0,4.1,True,False,False
Spin,211f547f-cac2-497a-820b-e4a25b3c09a9,e-bike,39.94356666666667,-82.97045666666666,100.0,27.22,True,False,False
Spin,e10f510e-2747-4cba-95f8-bbddbc21b20a,scooter,39.956575,-82.987808,100.0,27.22,True,False,False
Spin,93de4c42-af98-4107-baa2-9c915c540a04,e-bike,39.94253666666667,-82.967995,100.0,27.22,True,False,False
Spin,116f8f99-16ee-43b9-8a0a-fd9a2d731211,e-bike,39.936205,-82.9699,100.0,27.22,True,False,False
Spin,4b782177-a0fe-41fe-8a33-db02e5bc7750,e-bike,40.006297499999995,-83.0135445,51.0,13.76,True,False,False
Spin,0f12cb14-6c64-491b-a0c7-360206a80a8e,e-bike,39.995338833333335,-82.99950893333335,39.0,10.54,True,False,False
Spin,7dabf50b-e38a-4763-9c04-c3f35379d6bd,scooter,39.928938,-82.984039,100.0,27.22,True,False,False
Spin,39e6125e-4367-44de-865a-6e24151b135b,e-bike,39.99821603333333,-83.00175650000001,38.0,10.24,True,False,False
Spin,fc004466-97f6-48e5-8739-dc093ecd90fd,scooter,39.988498,-83.030245,92.0,25.17,True,False,False
Spin,4ed631d1-bdeb-46b5-889d-ea6c767b6d3a,e-bike,40.006133399999996,-83.0085763,83.0,22.54,True,False,False
Spin,6feb170d-3577-4f9d-93b6-c4570251d5ca,e-bike,39.97479765,-83.00401250000002,80.0,21.66,True,False,False
Spin,f8e79b33-5d9c-4d2f-aa36-eb9ffbd34774,e-bike,39.95199313333333,-82.98126583333332,38.0,10.24,True,False,False
Spin,f5446203-9bea-4fb1-b9ae-7eb5518f4b09,scooter,39.948369,-83.007856,100.0,27.22,True,False,False
Spin,e5a8e71d-02e9-45e0-a735-e95af7574371,e-bike,40.0139033,-83.0132943,34.0,9.37,True,False,False
Spin,5a2250c6-94b1-48f3-918b-97614da79fd2,e-bike,40.0071299,-83.00077879999999,87.0,23.71,True,False,False
Spin,607d0dd2-4c96-49ab-8979-ca701ff88ab4,e-bike,39.971333550000004,-82.94460933333333,59.0,16.1,True,False,False
Spin,6bc5bd8d-55b5-486c-a094-5e05b72176be,e-bike,39.968068233333334,-82.97707465,46.0,12.58,True,False,False
Spin,6764527d-5ae7-49fc-95c6-86f0532ab4ee,scooter,39.964843333333334,-82.98116733333333,83.0,22.54,True,False,False
Spin,b73cad53-07e5-4567-b5f8-2f1cdfc782d8,scooter,39.96683373333334,-82.99725663333332,78.0,21.36,True,False,False
Spin,8de09d06-3700-41a7-bd81-78aa2181043e,e-bike,40.0090443,-83.00168809999998,38.0,10.24,True,False,False
Spin,a79479f5-864c-4448-a075-f933bc0b787c,e-bike,40.0017961,-83.002166,38.0,10.24,True,False,False
Spin,1d32aea8-ae8a-4524-89b3-77b4fd70ab17,e-bike,39.97121355,-83.0048346,89.0,24.29,True,False,False
Spin,249bde01-a579-4344-9018-801a4404bd74,scooter,39.965139,-82.990371,60.0,16.39,True,False,False
Spin,ffe85092-0afb-4b46-b326-9e98fbaeafd7,e-bike,40.0080572,-83.0042144,46.0,12.58,True,False,False
Spin,501b5da8-3cf7-431c-b8ee-62edb25c878a,e-bike,39.95627843333333,-83.0108639,34.0,9.37,True,False,False
Spin,869b124a-edde-4121-a4fd-0a97761a41dc,e-bike,39.99920743333333,-83.0012841,78.0,21.36,True,False,False
Spin,13ef34a4-663d-4747-84b2-b09c7bc4ce52,e-bike,39.94326743333333,-82.96650013333334,40.0,10.83,True,False,False
Spin,9779fc2d-485b-4e9a-846d-e3d5a7633947,scooter,40.0109954,-83.0144996,49.0,13.46,True,False,False
Spin,f83b946a-26b3-4fee-a4b4-0219367d4050,e-bike,40.0079991,-82.99665893333334,39.0,10.54,True,False,False
Spin,05ae32f6-c43c-44ad-a40f-45bc74fd2c04,e-bike,39.993718433333335,-83.0068852,85.0,23.12,True,False,False
Spin,a7c4a7b0-3e1f-49a4-b148-afbdb6b23454,e-bike,40.006889900000004,-83.0163207,53.0,14.34,True,False,False
Spin,afc32ff3-7477-4864-aac8-97310c78f010,scooter,40.0014144,-83.00754720000002,83.0,22.54,True,False,False
Spin,2f727fcc-7fcc-4079-8191-f8484d472efa,e-bike,40.0071416,-83.01982439999999,38.0,10.24,True,False,False
Spin,8f978a8a-797e-453b-a3fe-1cfb6923c402,e-bike,39.971266050000004,-83.0073516,40.0,10.83,True,False,False
Spin,21187679-34fe-41f6-8ccc-a45177575b85,scooter,39.96914323333333,-83.0040218,53.0,14.34,True,False,False
Spin,1150ef39-d461-461e-9e2b-687d8abdc210,e-bike,39.96315833333333,-82.98167333333335,33.0,9.07,True,False,False
Spin,1ae2554f-16f5-4019-aee2-fd44474857ac,scooter,39.98723793333333,-83.0047466,85.0,23.12,True,False,False
Spin,0bd7069c-8641-44bb-b81b-e7d1b96ed8ff,e-bike,39.99949803333333,-82.99835323333333,88.0,24.0,True,False,False
Spin,03030257-c638-4cdb-8255-60b41b04da92,e-bike,40.0121537,-83.00855089999999,41.0,11.12,True,False,False
Spin,68515fbc-5045-4cd9-a9bb-5b7e7e00629c,e-bike,39.97346455,-83.02750689999999,71.0,19.32,True,False,False
Spin,466dbb85-28d1-46e0-ae7b-bfb6c0aca0b0,e-bike,39.961212333333336,-83.00652790000001,48.0,13.17,True,False,False
Spin,a32d9f77-361e-4c36-a666-c9662ddc7e6a,scooter,40.016309,-82.957382,16.0,4.39,True,False,False
Spin,16423f91-76c9-42ae-a928-bcc296853ff5,e-bike,39.98283923333334,-83.0048367,84.0,22.83,True,False,False
Spin,fd0e4ee8-cc15-4439-987c-67ced5a8c568,e-bike,40.003898899999996,-83.0007731,86.0,23.41,True,False,False
Spin,81becaf3-19b2-4bad-a0ea-9cd1de776d27,e-bike,39.95568033333333,-83.00194699999999,35.0,9.66,True,False,False
Spin,74cc6096-fdd8-4032-9fd8-95555523ac9e,e-bike,39.96738463333334,-83.01916860000001,69.0,18.73,True,False,False
Spin,c9b004de-73cb-4176-80ee-905d28e0d74a,e-bike,39.96800963333333,-83.0086524,29.0,7.9,True,False,False
Spin,d43305d3-e49f-42c0-aad3-6d28dea4621f,e-bike,40.0006985,-83.0078812,94.0,25.46,True,False,False
Spin,e5df93af-de09-4b90-9168-cc82bba986fd,scooter,39.96844343333333,-83.00161750000001,88.0,24.0,True,False,False
Spin,f47645e8-c974-45e1-84dd-e82a25bd9962,e-bike,39.98738713333333,-83.011252,30.0,8.19,True,False,False
Spin,ba853dcd-1063-4ace-a588-61f4c078389e,scooter,39.977934,-83.010669,48.0,13.17,True,False,False
Spin,43af8cbf-a738-4f63-92a4-581f698d93b3,e-bike,39.963363333333334,-82.94769243333333,77.0,21.07,True,False,False
Spin,0745e541-65e6-42bd-aa2e-d2c5453c8b92,scooter,40.007093299999994,-82.99746673333333,33.0,9.07,True,False,False
Spin,e0c0f0c7-1cb8-4458-a2c8-8b2388b0e67e,e-bike,39.99542253333333,-83.00171139999999,90.0,24.58,True,False,False
Spin,96aa4a54-5948-4ced-93da-6445d20409f8,e-bike,39.99542673333334,-83.0017587,58.0,15.8,True,False,False
Spin,6fd77314-72d5-4c52-abef-f32bea5ad0e1,e-bike,39.99542353333333,-83.0017046,45.0,12.29,True,False,False
Spin,20486c58-5a2d-4d60-86e5-e7bb891fb54b,e-bike,39.96318233333333,-83.00269779999999,88.0,24.0,True,False,False
Spin,34187e34-5ba1-4bc4-95c7-495e0fa2acc7,e-bike,40.0062043,-83.01079980000002,22.0,5.85,True,False,False
Spin,0c624c67-7051-41fc-acda-3851c857c4c5,e-bike,39.98545535,-82.99940243333334,51.0,13.76,True,False,False
Spin,debe42f7-51a4-4061-9f1f-2cc20dc7351f,e-bike,39.995610000000006,-83.00479500000002,66.0,17.85,True,False,False
Spin,0b243078-ddb3-4e6f-b3b0-8402faa5fab9,scooter,39.99560233333333,-83.0048578,42.0,11.41,True,False,False
Spin,f671d3a9-2668-4cd4-b08c-8243fe5c77b4,e-bike,39.96894666666667,-83.00717833333334,46.0,12.58,True,False,False
Spin,2d6ba6e5-badc-4456-9e73-a8a56e6e2757,scooter,39.96902433333333,-83.00754209999998,16.0,4.39,True,False,False
Spin,8e13c2d9-787b-4b32-8557-4be51dd39e1b,e-bike,39.96089993333333,-83.0032047,27.0,7.32,True,False,False
Spin,94c3842e-784e-43c4-8ae7-5b1e97bc0e58,e-bike,39.99384433333333,-82.99573333333335,34.0,9.37,True,False,False
Spin,f38c3e47-7dc9-4f73-af47-54aa3193e461,e-bike,39.95844733333333,-83.0028069,66.0,17.85,True,False,False
Spin,96d5b256-ccd0-4b92-9010-3ce4fa215f96,e-bike,39.96646993333333,-82.97732634999998,25.0,6.73,True,False,False
Spin,36026ea9-2a4a-4c6c-a67c-31d8041209eb,e-bike,39.99668423333333,-83.0030391,19.0,5.27,True,False,False
Spin,9fe074b3-c02e-4b9a-b05e-a20f8507defc,e-bike,39.95755833333333,-83.01173500000002,25.0,6.73,True,False,False
Spin,cf518bbd-37d1-4917-a3da-6b4b369ba16e,e-bike,39.98761175,-83.00945580000001,51.0,13.76,True,False,False
Spin,6a682826-7168-4e7a-ac2e-973796fa8177,e-bike,39.96072796666667,-83.01303853333333,58.0,15.8,True,False,False
Spin,dae9e283-4dd2-4378-bc49-6b74f7fca60a,e-bike,39.956754833333335,-83.0042207,88.0,24.0,True,False,False
Spin,d45aab8d-239c-4851-a104-3ec4bbc47b2e,e-bike,39.951578133333335,-82.97367175,55.0,14.93,True,False,False
Spin,f208582a-da58-4289-9c5c-d395e4ed403c,e-bike,40.006170600000004,-83.00884390000002,38.0,10.24,True,False,False
Spin,8c23b52a-9804-4a68-b996-2cae3feaf4d4,e-bike,40.0001374,-82.99991343333335,53.0,14.34,True,False,False
Spin,562f9520-428f-4b2f-b3b1-b4ef6570cc41,scooter,39.96919033333334,-83.00397739999998,88.0,24.0,True,False,False
Spin,04e38e57-b2d6-473a-8ea0-f901c2d04916,e-bike,39.99262723333333,-83.00552719999999,71.0,19.32,True,False,False
Spin,9236270b-aba4-4826-a2b5-a5d7da270d1b,e-bike,39.942861666666666,-82.98298000000001,98.0,26.63,True,False,False
Spin,8134f602-f13b-417e-8115-48bb4e4e2844,e-bike,39.96560843333334,-82.99435683333334,37.0,9.95,True,False,False
Spin,406528ae-d303-457e-af09-cfd595220742,e-bike,39.943419733333336,-83.0756616,73.0,19.9,True,False,False
Spin,380ba077-df13-46b1-ae78-54b062b75236,e-bike,40.0115113,-83.0152384,69.0,18.73,True,False,False
Spin,6eb2c50e-8bb5-4b13-9892-85b662765458,e-bike,40.0115426,-83.01527220000001,87.0,23.71,True,False,False
Spin,c4e07530-9fca-4d7e-8781-953f4d7f5d64,e-bike,40.0048949,-83.00618920000001,37.0,9.95,True,False,False
Spin,90e54f51-40e5-48c2-b637-fb44f53d5d3b,scooter,39.96009183333333,-83.0019729,100.0,27.22,True,False,False
Spin,f1ffdb0f-ce98-4e65-9edf-ca4db8534878,e-bike,39.98477653333334,-83.03360409999999,68.0,18.44,True,False,False
Spin,cccb2b0f-4a04-4f00-af57-aeac0c33c181,e-bike,39.98515105,-83.04449340000001,86.0,23.41,True,False,False
Spin,4175128a-7689-4ae6-b509-750499b2f75e,e-bike,40.013039983333336,-83.01118193333332,84.0,22.83,True,False,False
Spin,a8b75233-8c6c-4230-b9f1-a693d7c50024,e-bike,39.95565513333334,-83.00436139999998,66.0,17.85,True,False,False
Spin,f8feccc0-243e-48a4-8012-604b61e4d32e,e-bike,39.95565373333333,-83.00437769999999,91.0,24.88,True,False,False
Spin,fe302d0c-d352-4744-adbd-10fb468dcb87,e-bike,39.986687233333335,-83.0034221,78.0,21.36,True,False,False
Spin,4a0e027f-d908-401f-9ad3-c2f8b57013fe,scooter,39.99522073333333,-83.0070412,32.0,8.78,True,False,False
Spin,c37a279e-eacf-4df4-9b0f-23adf542caa4,e-bike,40.0153692,-83.01151640000002,82.0,22.24,True,False,False
Spin,37274285-c7ae-446a-9dee-3ee18c44480e,e-bike,40.0011691,-83.00088269999999,91.0,24.88,True,False,False
Spin,89eb3a33-e970-4064-9261-c08567914b70,e-bike,39.96023713333333,-82.98689533333332,87.0,23.71,True,False,False
Spin,abc7f671-488a-4380-b8d8-65f0e2bee9f2,scooter,40.023909,-82.989184,76.0,20.78,True,False,False
Spin,b1585951-2d44-443c-b124-22dbc08f499a,e-bike,39.95846483333333,-83.00870000000002,70.0,19.02,True,False,False
Spin,925754e5-6c16-4dad-86a1-6a40d257584b,e-bike,39.96025993333333,-82.99871313333333,88.0,24.0,True,False,False
Spin,0d5e5b30-e41d-4947-9d6b-5840baa5aa61,e-bike,39.97452035,-83.0040942,38.0,10.24,True,False,False
Spin,9f1d6f88-139d-4276-90e7-b74f70054c54,e-bike,39.99850453333333,-83.0011391,53.0,14.34,True,False,False
Spin,8a049d90-b378-4a22-9238-5b48ce5b92f7,e-bike,40.0128594,-83.0108535,84.0,22.83,True,False,False
Spin,3a5eb446-f970-4c7c-868a-448caadbbc74,e-bike,40.0204479,-83.0256696,86.0,23.41,True,False,False
Spin,8c6efc7d-f9a2-4f1a-a830-d6065adae9e2,e-bike,39.95672723333333,-82.99592003333333,81.0,21.95,True,False,False
Spin,04cea058-443a-43c1-9dc4-d24ceaf23eec,e-bike,40.021210200000006,-83.0276097,24.0,6.44,True,False,False
Spin,6f8cbea8-6a9c-4064-919b-fba975859918,e-bike,39.95664193333334,-82.99577123333331,70.0,19.02,True,False,False
Spin,bd7be6b4-b8bc-4902-be09-816d97881e2b,e-bike,40.00644380000001,-83.01421409999999,43.0,11.71,True,False,False
Spin,777b2ecc-9142-413e-b7d5-15e1890dd836,e-bike,39.980028733333334,-83.00562370000002,57.0,15.51,True,False,False
Spin,4ede49c0-1b0b-4610-8402-8a9bf804bc7f,e-bike,40.0007043,-83.00778530000001,60.0,16.39,True,False,False
Spin,0d0f695e-6a4f-450f-8e48-6a2746a22678,scooter,39.9617,-83.013093,81.0,22.98,True,False,False
Spin,59a33b5b-83f3-483f-903c-42e78fad8f7c,e-bike,40.0044213,-83.00532999999999,42.0,11.41,True,False,False
Spin,44daea25-9437-48aa-9881-24810466929f,scooter,39.997929,-83.00753,29.0,7.9,True,False,False
Spin,77041de0-57d3-439b-9087-2ad724e03b01,e-bike,40.006212600000005,-83.0112193,68.0,18.44,True,False,False
Spin,3d66f286-a70f-4a73-a018-3238bbf04868,e-bike,39.96771733333333,-83.00948590000002,65.0,17.56,True,False,False
Spin,3cd4762b-33b8-4957-8ca6-cca7175c34e0,e-bike,40.022428399999995,-83.0132457,86.0,23.41,True,False,False
Spin,aa811543-f5e6-4992-a98b-a0b297b3894f,scooter,39.944712,-83.036717,38.0,10.24,True,False,False
Spin,9a2faa46-2978-44e2-bcbe-43f25c6a6b7e,e-bike,39.957721033333335,-82.99807513333332,44.0,12.0,True,False,False
Spin,00fea0f3-c62d-42bf-8abe-6949d8214efc,e-bike,39.965347433333335,-83.01013050000002,28.0,7.61,True,False,False
Spin,4596aaed-94ed-4135-990e-b21edcf7ff76,e-bike,39.96535553333333,-83.0101359,33.0,9.07,True,False,False
Spin,f11e7461-711b-4627-97ee-1a76552915b3,e-bike,39.95783483333333,-82.99519983333333,86.0,23.41,True,False,False
Spin,301c4b0b-bf39-4d55-ad67-6ddd03b96a6c,e-bike,39.96592953333333,-82.99333053333334,63.0,17.27,True,False,False
Spin,923403f8-9583-4e0b-b96a-d454e895aefa,scooter,40.005322,-83.005265,83.0,23.59,True,False,False
Spin,6cba4ffb-bb32-41c8-987b-18c16f87baa7,e-bike,39.99667903333333,-83.0007505,67.0,18.15,True,False,False
Spin,d6dddde3-0313-4b02-add2-da74de4415f4,e-bike,40.0625686,-83.0542313,72.0,19.61,True,False,False
Spin,e7e0a6e4-3db3-4163-bead-179e374da4f7,e-bike,40.0626015,-83.0542418,55.0,14.93,True,False,False
Spin,9137a394-8239-43cd-a4b5-286792e20ef7,scooter,39.95990423333333,-83.008723,60.0,16.39,True,False,False
Spin,f3e30d9b-ca98-429d-a2d4-1ed9541eb82e,e-bike,39.959134999999996,-83.03566166666666,31.0,8.49,True,False,False
Spin,c20af41b-aa42-4acc-84c6-210949396447,e-bike,39.99999783333333,-83.05371009999999,28.0,7.61,True,False,False
Spin,d9c976fa-444f-4cb8-9cd7-03c2776fe0a8,e-bike,39.99403853333333,-83.00645099999998,27.0,7.32,True,False,False
Spin,4714ffbe-e4df-4372-98e4-124aad23fa2a,e-bike,39.99412733333334,-83.00648260000001,71.0,19.32,True,False,False
Spin,3fc64d0f-9d63-4244-9124-e279adae5f31,scooter,40.013641,-82.967738,76.0,20.78,True,False,False
Spin,7f2d767a-f7fc-40ed-a13c-ab53edf78b18,e-bike,39.99334873333333,-83.0068946,48.0,13.17,True,False,False
Spin,8bcb1920-5458-4970-a54a-7a7de32ad198,scooter,39.95901513333333,-83.00167170000002,85.0,23.12,True,False,False
Spin,dc75f89d-5db8-4738-a4b0-72a944360a6e,scooter,40.002412299999996,-83.00453109999998,74.0,20.19,True,False,False
Spin,f7593d78-7c17-476e-bf6f-f97c5f4a9897,e-bike,39.997277733333334,-82.99617633333334,80.0,21.66,True,False,False
Spin,ce7fa721-1529-4542-bf5b-c851cf5f2408,e-bike,39.998192233333334,-83.00323039999999,58.0,15.8,True,False,False
Spin,6e698258-63d6-4525-84f7-2ad5ec4af374,e-bike,39.998234733333334,-83.0032486,30.0,8.19,True,False,False
Spin,393b5adb-6056-4297-82f1-5ae1aa765937,e-bike,39.99814993333334,-83.003621,30.0,8.19,True,False,False
Spin,ad62ea8f-780e-4501-94af-a88323705010,e-bike,39.99813973333333,-83.00356779999998,67.0,18.15,True,False,False
Spin,61f52788-1416-4c55-8a02-a5a218f6f966,e-bike,39.99811593333333,-83.0033944,41.0,11.12,True,False,False
Spin,d8f4028a-2fcb-4f94-a4ec-d12dda628ba0,e-bike,39.99812273333334,-83.0034427,58.0,15.8,True,False,False
Spin,c4d781c2-b298-42be-8298-6a62384af0a6,e-bike,39.99810973333333,-83.003444,23.0,6.15,True,False,False
Spin,cde768b8-6818-4b28-8c9c-7af27d308203,e-bike,39.998157533333334,-83.0034133,70.0,19.02,True,False,False
Spin,6001426d-ad03-4115-ad35-644ba6f46441,e-bike,39.998124133333334,-83.0034242,74.0,20.19,True,False,False
Spin,c0ab55bc-4c60-401c-ba9f-5dea1ca5202f,e-bike,39.998120533333335,-83.0032421,34.0,9.37,True,False,False
Spin,1f355d67-6fe8-43aa-ac09-299295faf7dc,e-bike,39.99941463333334,-83.00747350000002,87.0,23.71,True,False,False
Spin,b436a600-8e7a-4a12-bc84-4fefb9c478d1,scooter,39.99022683333333,-83.013598,83.0,22.54,True,False,False
Spin,752783c2-155f-4bd7-b86c-19c8b6ff2bc0,e-bike,39.990677633333334,-83.02328809999999,84.0,22.83,True,False,False
Spin,948dd7b9-3ec0-4755-9ddb-26df211fbf72,scooter,39.992958,-83.003356,99.0,26.93,True,False,False
Spin,39d98ae2-7e5b-48a4-8ff0-2f387bcfc5d3,e-bike,39.96123793333334,-82.98151933333332,47.0,12.88,True,False,False
Spin,4675ffc9-802e-4942-8fcf-b3061b93def4,e-bike,40.0206881,-83.026451,20.0,5.56,True,False,False
Spin,b960d56e-b93f-4d13-8eb4-0fe574f4c9c0,e-bike,39.96067923333333,-83.00041719999999,69.0,18.73,True,False,False
Spin,395ac760-1041-4e0f-abb1-14a4530e7cb3,e-bike,39.97377765,-83.00243530000002,51.0,13.76,True,False,False
Spin,f3240766-a19d-44df-898c-ac5c78edfaae,e-bike,39.998117533333335,-83.00344850000002,22.0,5.85,True,False,False
Spin,cb88c7ac-65d8-4d71-9636-2ddcff9095ad,e-bike,39.96449153333333,-83.0008963,77.0,21.07,True,False,False
Spin,9e332ae8-7cf2-4f02-b114-f910e80f0326,e-bike,39.97279315,-83.00441690000001,51.0,13.76,True,False,False
Spin,52866a12-275b-4cd0-a5ef-dca208f851fd,scooter,40.000164,-83.007999,90.0,24.58,True,False,False
Spin,4b6ed97f-a7fb-45da-b8ba-5e9c7d68ccd5,e-bike,40.00215333333333,-82.99342333333334,31.0,8.49,True,False,False
Spin,22497ddd-8cde-45eb-9a1a-2e4946b2f5d1,scooter,39.945442,-83.016659,61.0,16.68,True,False,False
Spin,f7497179-f034-4980-8b9b-c5ec7668786b,e-bike,39.99024983333334,-83.0060724,51.0,13.76,True,False,False
Spin,6714cf10-7640-476e-a22d-c6e92154efa7,e-bike,39.96927013333333,-83.00186469999998,87.0,23.71,True,False,False
Spin,adb4ecf3-3349-4d8a-ba29-54e2bdfd2d90,e-bike,39.982919333333335,-83.0048041,86.0,23.41,True,False,False
Spin,b478d15e-b88d-432e-bf33-3874735c4227,e-bike,39.99336563333333,-83.00448800000001,83.0,22.54,True,False,False
Spin,fab002d3-8d56-4888-a478-29dfa1e9d03a,scooter,40.001939799999995,-83.00118679999999,26.0,7.02,True,False,False
Spin,34489d51-5a78-490a-a6b9-b4fc45e898c5,e-bike,39.94917543333334,-82.96351413333332,85.0,23.12,True,False,False
Spin,c32737b0-91dd-44a0-9e21-7ed7539a607f,e-bike,39.961010333333334,-83.0030514,32.0,8.78,True,False,False
Spin,1cd5ec22-2a8d-48a1-a19b-30e0e50c66c9,e-bike,40.006159600000004,-83.00908810000001,63.0,17.27,True,False,False
Spin,48b139d4-f6eb-4d2d-8dad-d5bdd6d12e0b,scooter,39.993277,-83.006579,58.0,15.8,True,False,False
Spin,6cf899c8-7f4d-43df-8c24-c4a38f713728,e-bike,39.97911155,-83.0039935,61.0,16.68,True,False,False
Spin,a2fb4abc-f897-4dac-a14c-4064a9312022,e-bike,39.97912335,-83.0040351,39.0,10.54,True,False,False
Spin,f5438b9c-c514-4200-bf1c-d9e20c4b4c3e,e-bike,39.979093649999996,-83.0040119,61.0,16.68,True,False,False
Spin,25dc29f9-2547-4137-9c97-4f5d000f5afb,e-bike,39.98951545,-83.00476439999998,41.0,11.12,True,False,False
Spin,4cd3a3bc-29c4-43fc-a7f8-529977ad63f1,e-bike,39.989807150000004,-83.00617840000001,70.0,19.02,True,False,False
Spin,4fabc89a-8f9d-41a1-932e-e2e0aec7bbda,scooter,40.102803,-83.088964,0.0,,False,True,False
Spin,9fae04ae-df44-45d9-9cb8-793aa7496591,e-bike,39.96900666666667,-83.00406333333333,0.0,,False,True,False
Spin,a4194a8f-83af-48f2-af81-adc4973005dd,e-bike,39.959745,-83.02178,0.0,,False,True,False
Spin,6c70eebe-c4b7-4661-9072-260274e4240b,scooter,39.953633,-82.974945,0.0,,False,True,False
Spin,209a6a21-f1f8-4e58-ad4a-cce251546626,e-bike,39.952329999999996,-82.986715,1.0,0.29,False,True,False
Spin,02d775fd-eb86-4c1a-aee0-edd6ec3f6ae7,e-bike,39.947078133333335,-82.91981583333333,0.0,,False,True,False
Spin,479a9b6a-df96-4bea-8768-8802fbdc5101,scooter,39.949724,-83.040647,0.0,,False,True,False
Spin,4fe618f4-8df1-4441-b200-279449b94f60,e-bike,39.955616666666664,-83.01529333333335,0.0,,False,True,False
Spin,c0401cfc-0845-44a2-ba4a-5295bf95ac0b,scooter,39.949452,-83.0417,0.0,,False,True,False
Spin,704ae4d8-ab16-4d8c-9945-cd17acfb03fb,scooter,39.957131,-83.041452,0.0,,False,True,False
Spin,233dbdaa-0506-4ff3-8649-97da02afb10d,scooter,39.942001,-83.067096,0.0,,False,True,False
Spin,453fe8cc-166d-45c4-b9d2-fe6ff91491b4,scooter,40.000016,-83.006334,0.0,,False,True,False
Spin,9a2a3944-8955-4fe8-b0f2-e17a2849f8eb,scooter,39.94769,-83.050946,1.0,0.29,False,True,False
Spin,3d24883e-ffc0-4ca3-a379-84ff0a893378,e-bike,40.067083333333336,-83.02826166666667,10.0,2.63,False,True,False
Spin,cfe74155-802a-47a3-ab90-1837e3f04497,e-bike,39.97497935,-82.99699623333332,9.0,2.34,False,True,False
Spin,a8675a3c-25e1-42bf-a7f0-3030a8b5ec7c,e-bike,39.96569833333333,-82.99697833333333,0.0,,False,True,False
Spin,356565ac-5d67-4b11-b0ae-73e7cad91ec0,e-bike,39.96687166666666,-82.99729333333335,11.0,2.93,False,True,False
Spin,0da21f78-f12d-4580-812a-c1aaff323eb1,e-bike,39.991117433333336,-83.0300689,0.0,,False,True,False
Spin,c206f6b4-30a9-4b09-8813-0f3db754e5dc,scooter,40.006429,-83.014333,0.0,,False,True,False
Spin,b2dddcc0-719c-4a5c-86e8-b888c04e8cbf,scooter,39.957491,-83.012786,2.0,0.59,False,True,False
Spin,f5144cd2-5d52-470f-8c36-38824b68f6df,e-bike,39.94965,-83.04050166666666,11.0,2.93,False,True,False
Spin,473b5235-e54d-43aa-a200-46f72fc2a693,e-bike,40.048633200000005,-83.02013059999999,11.0,2.93,False,True,False
Spin,81536d8e-9039-4637-8ef8-4d9f3efd2521,scooter,39.956488,-83.000306,4.0,1.17,False,True,False
Spin,a41e7a86-cfbe-4820-80b3-13dd4f42bbc3,e-bike,39.955659999999995,-83.00440666666667,12.0,3.22,False,True,False
Spin,e2022ffe-34c3-4621-b70f-f5659c3421ce,e-bike,39.99535433333333,-82.99954253333333,0.0,,False,True,False
Spin,bfeb8177-be83-426f-80ae-0e56468a06f0,scooter,39.985468,-82.968128,12.0,3.22,False,True,False
Spin,7df6d41a-6d1d-4837-8cd7-546c5bcb122d,e-bike,39.96320333333333,-82.98129053333332,0.0,,False,True,False
Spin,dc8c1664-3c30-45a6-8737-68b4ab93dbc9,scooter,39.965524,-83.012362,0.0,,False,True,False
Spin,4451eb1c-9c98-48f1-806c-33aef44e32ae,e-bike,39.98764265,-83.00943370000002,4.0,1.17,False,True,False
Spin,8c3a3d99-a63e-4ead-9d00-ab22f8762474,scooter,39.94677263333333,-83.0116377,14.0,3.8,False,True,False
Spin,e021aea1-dbef-45b5-89ea-79bfe9d8b61c,scooter,39.94679233333333,-83.01159209999999,6.0,1.76,False,True,False
Spin,31fd8cad-3ff0-45d6-9f57-5d5caf5e6c22,scooter,39.946815433333335,-83.0117031,2.0,0.59,False,True,False
Spin,74c9026a-599a-4021-8d7e-130e933390d3,e-bike,39.964963233333336,-83.00133419999999,13.0,3.51,False,True,False
Spin,9d1ffb57-23f9-4e83-9841-ed88df12b37a,e-bike,39.999161433333335,-82.99882343333333,1.0,0.29,False,True,False
Spin,71839b4e-2af3-4c7e-9d12-b811fb4b1926,e-bike,39.993732933333334,-83.00693279999999,13.0,3.51,False,True,False
Spin,aa667ce4-2166-4537-91e2-5b7ae5d4528e,e-bike,39.98607513333333,-82.98185833333334,5.0,1.46,False,True,False
Spin,52002901-d681-4b5f-a644-efeb8873f62d,scooter,40.0658224,-83.01947620000001,10.0,2.63,False,True,False
Spin,944b785e-ba4f-4694-a559-d27a49ed45e6,e-bike,39.97364815,-83.0029672,3.0,0.88,False,True,False
Spin,2717880f-c057-45c5-9624-18b2479ec8d7,e-bike,39.98649603333333,-83.0052438,10.0,2.63,False,True,False
Spin,c4d76728-0065-41a8-a85e-92525f794819,e-bike,39.95890523333333,-83.01401890000001,8.0,2.05,False,True,False
Spin,931da8a6-8eda-4d1a-80f6-7f24901279c5,e-bike,39.96546323333334,-82.99578413333332,10.0,2.63,False,True,False
Spin,0cf42bcd-7387-450b-9534-5926fbd6d25e,scooter,40.0148086,-83.00216370000001,0.0,,False,True,False
Spin,b5678ae5-1a1e-47be-974a-27377ca5defa,e-bike,40.0005034,-82.99858053333334,11.0,2.93,False,True,False
Spin,079a9e0e-7b46-46c0-8043-7feb3278a360,e-bike,39.95992733333333,-83.01193200000002,12.0,3.22,False,True,False
Spin,16dbc995-a82a-4cc9-8eda-312452dfcbfc,e-bike,39.97448,-83.00370833333334,14.0,3.8,False,True,False
Spin,57effc4e-cab2-479c-a0a7-232afe439287,e-bike,39.99355613333333,-83.00664630000001,0.0,,False,True,False
Spin,3de0a1ea-3757-47b6-a80a-f6edbe91bd46,e-bike,39.966076666666666,-82.99075833333333,11.0,2.93,False,True,False
Spin,1171597b-c58c-4e90-9657-91b723641fc1,e-bike,39.99065053333334,-83.02339320000002,1.0,0.29,False,True,False
Spin,965be107-b2e6-48c3-b09b-5b336778f5e5,scooter,39.963866,-83.024018,0.0,,False,True,False
Spin,c6204cb9-7525-438d-af20-20cd01fdbd49,scooter,39.977022,-82.995496,0.0,,False,True,False
Spin,223108c2-6499-44ff-8b8b-fe55725079c1,scooter,40.001066599999994,-83.01404,39.0,10.54,True,False,False
Spin,144d57fd-65c2-4e30-b5d5-c991b07e6f35,scooter,40.000667,-83.016373,29.0,7.9,True,False,False
Spin,40a6ad19-3470-4790-a152-9dc8014155c7,scooter,40.005237,-83.01671,27.0,7.32,True,False,False
Spin,e1d3cfa9-e338-4caa-9b92-0d385fb00372,scooter,39.996305533333334,-83.0205284,38.0,10.24,True,False,False
Spin,bd06a819-b1c7-43c3-9b53-db49e5b1fe80,scooter,40.0021742,-83.01623560000002,43.0,11.71,True,False,False
Spin,df578364-c878-4b33-8783-9842ad32a392,scooter,39.99782723333333,-83.0077499,74.0,20.19,True,False,False
Spin,1810a055-94de-40bf-95e9-c4397b74c31f,scooter,39.998191,-83.015847,55.0,14.93,True,False,False
Spin,6bfebd1b-2488-473d-98ef-b54b8d5bdce3,scooter,40.003223,-83.008672,83.0,22.54,True,False,False
Spin,58b569e4-4132-47d5-8c50-9e1ad4686694,scooter,40.0058579,-83.01665200000001,57.0,15.51,True,False,False
Spin,b4bde4fb-e827-4d30-99ad-9d6d60dea0e8,scooter,40.0041694,-83.01159299999999,59.0,16.1,True,False,False
Spin,5cf3a721-1720-412f-99c6-43f0d90cd853,scooter,40.0041374,-83.01161099999999,40.0,10.83,True,False,False
Spin,780e0c4c-ac83-4201-8f0c-0b09e3a65da8,scooter,40.0024522,-83.0153421,43.0,11.71,True,False,False
Spin,dfb9776a-5b31-4feb-96db-9de166cc21f0,scooter,40.0028133,-83.0154534,83.0,22.54,True,False,False
Spin,802134d9-4fd8-496a-9668-c3851e4659ac,scooter,40.002191599999996,-83.0158889,48.0,13.17,True,False,False
Spin,6c29b151-271b-487d-bc24-b3ec571714da,e-bike,39.99858123333333,-83.02179319999999,48.0,13.17,True,False,False
Spin,126ab96b-efae-4bec-a7cf-0f2e328fe5f1,scooter,40.0040604,-83.02017910000001,84.0,22.83,True,False,False
Spin,fded65e2-86da-466b-941d-06a21d07fa20,scooter,39.994145,-83.019222,55.0,14.93,True,False,False
Spin,e5c7d08f-6f22-4139-9325-55390f23f694,e-bike,39.998786233333334,-83.009441,49.0,13.46,True,False,False
Spin,8a3741f1-b3f1-4fbb-843a-33a227cefae4,e-bike,39.99813666666667,-83.01598833333334,47.0,12.88,True,False,False
Spin,53387695-55e4-4f30-99b6-09151d7635ed,scooter,40.001656,-83.015708,22.0,6.13,True,False,False
Spin,aece876d-403c-4e37-b94b-595219627fae,scooter,39.998149,-83.021967,60.0,16.39,True,False,False
Spin,1d39affd-e98c-44b0-b43b-b2b0ad80fdf5,e-bike,40.001491666666666,-83.01568333333334,38.0,10.24,True,False,False
Spin,8a8d87b8-cb24-4c28-a8e8-afe5f62b2dbe,scooter,39.998372,-83.017323,56.0,15.22,True,False,False
Spin,01fe9312-e699-4ae4-bc70-fa866bf6b03e,scooter,39.996565,-83.01569,74.0,20.19,True,False,False
Spin,0699a903-93a7-49fa-83f1-f5969b77fcf5,scooter,40.001102,-83.014101,83.0,22.54,True,False,False
Spin,09ec23bb-7e15-4835-a286-820783739fd1,e-bike,39.999825,-83.01621833333333,76.0,20.78,True,False,False
Spin,81f4df82-29c8-4b2a-ae55-143328d2f618,e-bike,40.0021629,-83.01247450000001,23.0,6.15,True,False,False
Spin,1d9b9dca-752f-44dc-beb1-1b7e2c8a0906,scooter,40.001476,-83.009579,49.0,13.46,True,False,False
Spin,53191c32-7e4e-4e30-a915-0934834c4a5a,e-bike,40.003144,-83.0192353,42.0,11.41,True,False,False
Spin,fc84c76a-8084-4763-944c-d961c5be7781,e-bike,39.99847223333334,-83.02165140000001,31.0,8.49,True,False,False
Spin,10a6d274-81ac-4d46-bbc0-38b0168ec13c,e-bike,40.0062649,-83.01780500000001,57.0,15.51,True,False,False
Spin,37bdaf64-fc01-4f86-901d-6670cf970900,e-bike,40.00625166666667,-83.01782,37.0,9.95,True,False,False
Spin,3f1dcb9f-d000-477a-b8a4-c3ee66498bfb,e-bike,40.0019304,-83.0163809,49.0,13.46,True,False,False
Spin,0b805b49-8cfe-4647-bcef-62e040fb7145,scooter,40.006187,-83.016501,85.0,23.12,True,False,False
Spin,066e4232-174e-4d5c-b289-67fbc7e1df28,scooter,40.0035414,-83.0191667,57.0,15.51,True,False,False
Spin,44dada14-04ce-4660-a321-7a96f689c2e0,scooter,40.000434,-83.016467,54.0,14.63,True,False,False
Spin,47f61dce-0758-496f-89ee-b380bc60102c,scooter,40.0006473,-83.01458759999998,91.0,24.88,True,False,False
Spin,9b8de59c-5b78-4acd-a84c-22d9a7c27d39,e-bike,40.0005203,-83.0145852,86.0,23.41,True,False,False
Spin,0552c71f-90c0-4c1d-b766-550473072ded,e-bike,39.99759733333334,-83.01351180000002,51.0,13.76,True,False,False
Spin,72340c1a-a48b-4f54-8fc5-4b3247ffa36f,scooter,39.99413663333333,-83.00683640000001,20.0,5.56,True,False,False
Spin,9a4e205b-acea-473e-add1-e8bc5c818ffc,scooter,39.994095,-83.006843,90.0,24.58,True,False,False
Spin,59d17be2-8ea2-46e9-b87a-24a07a885284,e-bike,39.99912593333333,-83.0092276,89.0,24.29,True,False,False
Spin,2bf680a2-ccef-446c-bb99-4e9e0f4da76a,scooter,39.994366,-83.016257,49.0,14.09,True,False,False
Spin,c410aa9e-2f9f-4d5c-83a6-74637bcaa94a,e-bike,39.99604113333333,-83.0196644,57.0,15.51,True,False,False
Spin,50ee72f3-2f0e-4e0b-a8d6-68bbe5e14593,e-bike,40.0019238,-83.01639240000002,30.0,8.19,True,False,False
Spin,4002ef44-a22f-4d97-b5a0-632cdaf1861e,scooter,40.002601,-83.014624,52.0,14.05,True,False,False
Spin,febb83d2-245e-44e6-8210-df8872800979,scooter,40.0027235,-83.01482740000002,44.0,12.0,True,False,False
Spin,34049c5f-89e6-4c5d-b818-c9a0d76b76c2,e-bike,40.0021712,-83.01609169999999,22.0,5.85,True,False,False
Spin,571401fd-47a7-4a75-b204-bf7e317b2add,scooter,40.004742,-83.0094853,60.0,16.39,True,False,False
Spin,f9fda385-f5d1-436d-b076-b87d1b8e9937,e-bike,40.0019002,-83.01641229999998,46.0,12.58,True,False,False
Spin,c391ff0a-e1bf-4b6c-936c-25152fc907ea,e-bike,40.0015364,-83.0098987,72.0,19.61,True,False,False
Spin,1361f553-68c2-4002-a118-fbab9604aa1e,e-bike,40.001710499999994,-83.0151179,63.0,17.27,True,False,False
Spin,3b9a977e-32d3-4b15-992d-6d84ed2efff6,e-bike,40.0017678,-83.01506400000001,30.0,8.19,True,False,False
Spin,f8812195-5b10-4ed8-865a-0345dda4be9b,e-bike,40.00393999999999,-83.01529333333335,78.0,21.36,True,False,False
Spin,9d2e981d-33ab-45ec-8fec-fbc68c88c1e4,e-bike,40.006268500000004,-83.0178208,87.0,23.71,True,False,False
Spin,93d8448a-62b3-46d1-85f8-cfd04dc1fe99,e-bike,39.99708503333333,-83.01538520000001,46.0,12.58,True,False,False
Spin,03c1a4e0-ef9b-4634-a001-ff3dfdb211d2,e-bike,39.996075133333335,-83.0197881,58.0,15.8,True,False,False
Spin,93c97bda-4ccb-47ea-b0c1-64a9d4d90a66,e-bike,40.001923000000005,-83.01642869999999,67.0,18.15,True,False,False
Spin,91b359a9-bf8e-4c21-baf8-e2ba6792a036,scooter,40.00108,-83.01409710000001,86.0,23.41,True,False,False
Spin,9715faf2-ee63-4365-82b7-3c3854993eb0,e-bike,40.00080333333334,-83.01434499999999,91.0,24.88,True,False,False
Spin,d2865545-099a-47ff-9679-941571c6f263,scooter,40.000797,-83.014292,78.0,21.36,True,False,False
Spin,3cc2aefe-6389-4145-9435-d469238f32cb,scooter,39.994515,-83.015452,68.0,18.44,True,False,False
Spin,eb8b3afc-febc-4d7d-99e7-2dd8451b2bee,e-bike,40.0053507,-83.01088406666668,86.0,23.41,True,False,False
Spin,fd4e2139-931a-4e18-a0ec-d17bfe2e8452,e-bike,39.998264733333336,-83.02225019999999,67.0,18.15,True,False,False
Spin,41aaa63d-5fc6-4ce5-a59a-958ef5a5fd93,e-bike,39.998616633333334,-83.0109835,74.0,20.19,True,False,False
Spin,e45ed219-1181-4a10-b558-e4ce12476c91,e-bike,40.003578,-83.0157161,74.0,20.19,True,False,False
Spin,4ce80ef2-3133-460c-9c93-342313f84812,e-bike,40.004238099999995,-83.0164099,27.0,7.32,True,False,False
Spin,4f315b4c-1cb2-4b07-b0bb-58e6fa2528a7,scooter,39.99787983333333,-83.00782320000002,77.0,21.07,True,False,False
Spin,70293922-166d-40e1-9485-e806bd1b7972,e-bike,40.002065900000005,-83.02121719999998,74.0,20.19,True,False,False
Spin,0e0976fd-4cfd-4595-bb6b-15f34f399919,scooter,40.0033766,-83.0159028,66.0,17.85,True,False,False
Spin,9efe1f0f-2d25-46d8-aa18-d495807ea16f,e-bike,40.0017523,-83.0210008,72.0,19.61,True,False,False
Spin,55610201-3447-41bb-a162-8de9eb4e95de,e-bike,40.0055019,-83.0114408,53.0,14.34,True,False,False
Spin,87d3a799-ccb2-437d-92af-9a58609631e8,scooter,39.997755233333336,-83.01522170000001,56.0,15.22,True,False,False
Spin,07aac24e-d629-4597-b044-617fd3fe8016,e-bike,40.0005192,-83.02219689999998,57.0,15.51,True,False,False
Spin,5d764cfe-2cd5-4fc4-89e9-4ec3faa69e6f,e-bike,40.00558,-83.01148166666665,51.0,13.76,True,False,False
Spin,9a24809e-2e91-47b6-9571-29407610aa18,e-bike,40.002052400000004,-83.01641739999998,65.0,17.56,True,False,False
Spin,efbba281-399f-47cb-8945-0a4bb4b7c763,e-bike,40.004177600000006,-83.0157219,87.0,23.71,True,False,False
Spin,2f7973f5-dd41-4be1-9bab-6afb1b2f5fed,scooter,40.0014203,-83.01329460000001,90.0,24.58,True,False,False
Spin,880464fa-6536-46af-8c2b-a78e890ee5f1,scooter,40.000382,-83.021465,87.0,24.81,True,False,False
Spin,7c93e981-0790-4475-aa3d-3c4713fa9614,e-bike,40.0007604,-83.0141841,91.0,24.88,True,False,False
Spin,cf75dd8b-34b4-4c0f-b07a-86f0c07fe17a,scooter,40.002698,-83.012925,43.0,11.71,True,False,False
Spin,62da2650-7dfc-43da-84cc-574e8f770413,scooter,40.001405,-83.010486,37.0,9.95,True,False,False
Spin,3473d757-b30c-4c67-88dc-e6e89b306bc4,scooter,39.998736,-83.009906,69.0,18.73,True,False,False
Spin,9d8280b0-49f8-447e-8b7d-80d4fc6caaed,scooter,40.00037,-83.01801,55.0,14.93,True,False,False
Spin,7ecbe209-a021-454c-9bf0-51136329d08f,scooter,40.000351,-83.01812620000001,43.0,11.71,True,False,False
Spin,15d6c1e9-c4b1-4f4a-93ea-1e48720e7269,scooter,40.000305,-83.018077,45.0,12.87,True,False,False
Spin,eafa2846-b7f2-413a-94ca-d5da8fe359ac,scooter,40.0003428,-83.01810400000001,66.0,17.85,True,False,False
Spin,2c0ece20-9829-443a-a327-20ddd990ee5b,scooter,40.000318,-83.018047,23.0,6.15,True,False,False
Spin,6db87efa-0f58-49b8-b841-d2078abc8ec7,scooter,40.000349,-83.018,65.0,17.56,True,False,False
Spin,6f2dfc5a-3872-4a96-a2bc-9ffb6682d1b7,scooter,40.000316,-83.017959,62.0,16.97,True,False,False
Spin,14a477bb-26be-4489-9de5-27f9f7e30b9e,e-bike,40.0014165,-83.0100914,72.0,19.61,True,False,False
Spin,5173a460-d885-4dbc-9d53-82a9330089c8,scooter,40.006078,-83.0171,75.0,20.49,True,False,False
Spin,f474d7b9-16a0-4c71-b54b-fa935df36b86,scooter,39.997046,-83.007592,27.0,7.66,True,False,False
Spin,216bd398-7dae-4d88-893a-cb8149c1eb6c,scooter,40.005542,-83.015653,41.0,11.64,True,False,False
Spin,0becc5ca-9529-4901-b326-8a9392a3a118,scooter,40.005692,-83.01559,60.0,17.15,True,False,False
Spin,808f19e2-aed6-4e5e-9797-6f445138ccd7,scooter,40.00453,-83.01121,33.0,9.5,True,False,False
Spin,91cfa3c0-d82a-4982-b4ca-741ec526c6ba,scooter,39.998176533333336,-83.00811890000001,20.0,5.56,True,False,False
Spin,39e92b30-a877-44c7-a0a8-256c345f407a,scooter,40.0011261,-83.01060790000001,70.0,19.02,True,False,False
Spin,d421c126-3a41-4e8d-b10e-ee73fe07a9c8,e-bike,40.00114863333333,-83.01054061666667,54.0,14.63,True,False,False
Spin,2a36bfec-e53b-48a4-8edf-234012e6900b,scooter,40.0011226,-83.0106087,23.0,6.15,True,False,False
Spin,1547a7b7-21eb-4c95-906f-2d9be60d848c,scooter,40.0011091,-83.01059910000001,58.0,15.8,True,False,False
Spin,5ec537f2-82c6-4fe0-b92c-abae417f4fa6,e-bike,39.99820103333333,-83.00797660000002,65.0,17.56,True,False,False
Spin,8f361cc4-c685-48f3-9f2f-865c51d014f6,scooter,40.0001833,-83.0080273,68.0,18.44,True,False,False
Spin,1cc08f52-4f24-47b2-8bc0-030a4837d32e,e-bike,40.001322699999996,-83.01099289999999,89.0,24.29,True,False,False
Spin,cc736554-5c07-4f7e-baa1-d8d144e9e89b,e-bike,40.0013448,-83.01094229999998,69.0,18.73,True,False,False
Spin,d7cd5095-8db5-4507-86e7-f25f2e79eea8,e-bike,40.001299499999995,-83.0109822,69.0,18.73,True,False,False
Spin,c54b9240-b6a4-43f6-9030-761121214ae2,e-bike,40.00131125,-83.01098984999999,82.0,22.24,True,False,False
Spin,a17a3ec7-847c-4a70-a5e6-338af72e43f8,scooter,40.003854,-83.009365,84.0,23.89,True,False,False
Spin,45f1c913-c237-4160-b84b-d02adeef45f6,scooter,40.004794,-83.010656,41.0,11.12,True,False,False
Spin,b202b4f5-e2e5-4d56-bfbd-219cd98d72e3,scooter,40.0047697,-83.0106187,75.0,20.49,True,False,False
Spin,08157cb7-d5e3-43cb-8f38-8726b0bbe9ba,e-bike,39.99994733333333,-83.01293310000001,59.0,16.1,True,False,False
Spin,16ceffd0-9c4f-4464-83b8-cf4e158e660f,e-bike,39.99990643333333,-83.01294209999999,38.0,10.24,True,False,False
Spin,3364a57b-c410-4382-9cc9-d36afab48912,e-bike,39.99991813333334,-83.01295350000001,31.0,8.49,True,False,False
Spin,6bd6c93d-d780-4c6b-90dd-4f2f5f3767f2,scooter,39.996575,-83.007299,91.0,26.04,True,False,False
Spin,764ce1a3-eb23-4714-8ecf-2a1344a910f1,scooter,40.00192,-83.01388,77.0,21.07,True,False,False
Spin,17093202-e157-4b70-9ccb-0515e0932755,e-bike,39.996847200000005,-83.01055569999998,73.0,19.9,True,False,False
Spin,ec0de938-413b-4449-bc6b-517bd8cdfecf,e-bike,39.996839433333335,-83.01055380000001,66.0,17.85,True,False,False
Spin,bb1e9628-361b-430d-a3be-520419f3a4a5,scooter,39.996887,-83.010545,90.0,24.58,True,False,False
Spin,6c4b1d0d-c74a-4e4e-9853-82ab87bd363a,e-bike,39.99686213333334,-83.01054010000001,89.0,24.29,True,False,False
Spin,3ca7c862-7736-426d-a2ca-230c5ea26a57,e-bike,39.99685563333333,-83.01053160000001,82.0,22.24,True,False,False
Spin,5cfe44ec-cb92-46fd-aab2-1962da32535b,e-bike,39.99687593333333,-83.0105296,86.0,23.41,True,False,False
Spin,516a50d6-24fb-4984-b8b8-0f4b143c7458,e-bike,39.99685133333333,-83.01054418333334,89.0,24.29,True,False,False
Spin,21c586a1-a9e3-4766-8d46-a594da5a57ff,e-bike,39.9968672,-83.01051548333335,75.0,20.49,True,False,False
Spin,c5c7c99f-5cac-4605-b0c0-33b9aa8233b3,e-bike,40.00006333333333,-83.02148166666666,73.0,19.9,True,False,False
Spin,0430de64-9357-4513-86e9-f1ef4bc593a7,scooter,39.999981,-83.021358,44.0,12.56,True,False,False
Spin,9c6ceaf2-ec23-46ed-843d-28385839bf1c,scooter,40.000054,-83.021456,59.0,16.1,True,False,False
Spin,d20a5e1c-76e9-450f-90bb-28c19cf30ed5,e-bike,40.0053635,-83.01090109999998,26.0,7.02,True,False,False
Spin,64812b8d-df4c-4172-b68f-9a7d3ccd788e,e-bike,40.005340700000005,-83.01089879999999,54.0,14.63,True,False,False
Spin,f181f1c9-96c1-403a-b0de-6b0df6ca8f06,scooter,40.006163199999996,-83.0165807,94.0,25.46,True,False,False
Spin,7a7ed857-3715-4ba3-ac04-ea0c0eba8ba8,e-bike,40.0008401,-83.01547729999999,92.0,25.17,True,False,False
Spin,6552b479-6368-4898-9492-d9af922b7ed7,e-bike,40.0007826,-83.011883,90.0,24.58,True,False,False
Spin,615ba9d0-7afd-44c3-bcee-9e863574d49e,scooter,40.001229,-83.010427,90.0,25.73,True,False,False
Spin,50d472ba-4967-4597-9bba-e0ebf300ec3c,e-bike,39.993824133333334,-83.017947,88.0,24.0,True,False,False
Spin,410bd78d-9dfa-455f-affd-ef6de565e5d6,e-bike,39.99684173333333,-83.01054459999999,87.0,23.71,True,False,False
Spin,905907f9-d956-43ed-adde-f2894e4960a7,e-bike,40.005554999999994,-83.009375,77.0,21.07,True,False,False
Spin,3a07efc1-d9a9-4535-944d-93a4cce197e6,scooter,40.004186,-83.008767,92.0,25.17,True,False,False
Spin,d7bbcd1a-3ca9-42bd-9f56-f2f82265d81b,scooter,40.004084,-83.008717,92.0,25.17,True,False,False
Spin,7ea90981-160c-43a8-bcda-c54bcd31b97f,scooter,40.004179,-83.008761,95.0,25.75,True,False,False
Spin,383f1fea-4664-463c-a156-318b6e187855,scooter,40.004176,-83.008736,92.0,25.17,True,False,False
Spin,3875d86d-bf2b-41b7-bd34-3fc1a91a6821,scooter,40.004166,-83.008735,98.0,26.63,True,False,False
Spin,0264f11d-ecd2-45a6-82f8-fc169aeec1cc,scooter,39.994048,-83.006845,62.0,17.77,True,False,False
Spin,b1627c0d-f59d-4ffb-b9f1-ecba4545314e,scooter,40.003834,-83.018085,49.0,14.09,True,False,False
Spin,36456fdc-5e49-421a-ab78-05c8e4646b69,scooter,39.99518363333333,-83.01677300000001,97.0,26.34,True,False,False
Spin,53a77fd0-b856-4d4b-ac8e-5d1f05a10929,scooter,39.994409,-83.016238,73.0,19.9,True,False,False
Spin,7b7ae37f-6578-4405-ac2a-78b8437cd3ec,e-bike,40.0011018,-83.01128419999999,35.0,9.66,True,False,False
Spin,08fd8545-b35f-418d-82cc-89d86536ac23,e-bike,40.00208333333333,-83.01551833333333,34.0,9.37,True,False,False
Spin,03dd22fd-b227-4157-bf13-5e2d65600876,e-bike,40.0021348,-83.01558150000001,60.0,16.39,True,False,False
Spin,5af9670e-e345-4426-952b-d8474a4147b9,scooter,40.002057,-83.015525,17.0,4.68,True,False,False
Spin,5337b5d2-b255-4fbd-b9c0-b3b1b00e12c8,scooter,40.002049,-83.015533,39.0,10.54,True,False,False
Spin,3c3e24d4-b0f6-4237-8c24-10419789b730,scooter,40.0016135,-83.01562559999999,19.0,5.27,True,False,False
Spin,543e2050-a9e8-44a3-aa23-b8d1e3e99c18,scooter,40.0016469,-83.01558410000001,77.0,21.07,True,False,False
Spin,d6844b4f-7a2b-459f-b9d4-88f45b9b3a43,scooter,40.001576,-83.01558,57.0,16.24,True,False,False
Spin,950ea685-725c-4352-a168-64007936fe1f,e-bike,39.998482233333334,-83.0174544,41.0,11.12,True,False,False
Spin,dedd3d74-05b7-49bf-a679-6b597e6d2d81,scooter,40.001586,-83.0156,23.0,6.15,True,False,False
Spin,2cdb3710-e205-4b9e-a17d-645f05ef8733,e-bike,40.0015826,-83.015546,75.0,20.49,True,False,False
Spin,4c5009ad-cf60-4ed0-9167-48180392b0a1,e-bike,40.001581,-83.0155694,41.0,11.12,True,False,False
Spin,18dc0dd3-1741-47d8-bcf2-408f73466ca7,e-bike,40.00084833333334,-83.01549000000001,91.0,24.88,True,False,False
Spin,6da32d9c-afe1-493a-a51c-16c06ad269c2,scooter,40.005875,-83.012456,24.0,6.44,True,False,False
Spin,ef31e057-fbee-41dd-a9d6-797f15ad79f1,scooter,40.001569,-83.015418,82.0,22.24,True,False,False
Spin,4b7c4026-17a2-40e9-a143-8e87ba17333e,scooter,39.998624,-83.021434,59.0,16.1,True,False,False
Spin,83ea4d7a-99db-4cda-a5cb-8909ec1f2458,e-bike,39.99844193333333,-83.01259049999999,67.0,18.15,True,False,False
Spin,5d5d22a3-d037-46f0-aaab-c8cc292b092f,scooter,40.004373,-83.01958,90.0,25.73,True,False,False
Spin,8d4de896-60f9-44af-80dc-aebd7e4984a5,e-bike,40.001163600000005,-83.01116529999999,83.0,22.54,True,False,False
Spin,6d909a61-aebe-40ac-a21a-ef79bd9fd1bc,e-bike,39.996755,-83.011775,98.0,26.63,True,False,False
Spin,c8a52e43-c90b-4b29-8278-15c23b7b2ad4,e-bike,39.99849353333333,-83.0174286,59.0,16.1,True,False,False
Spin,623a01c1-021c-46ba-bf5d-469d59c18a13,e-bike,39.996143833333335,-83.01451899999999,18.0,4.98,True,False,False
Spin,9beb6ecf-2ec4-41c6-ae79-ad788fd819c5,e-bike,40.0017646,-83.01505549999999,83.0,22.54,True,False,False
Spin,718f3cbb-2b32-4f8e-ab47-361d95cdf6c8,scooter,39.993959,-83.006757,58.0,15.8,True,False,False
Spin,2f6df1d3-790f-425c-af7d-7105f34c7ed9,e-bike,40.0037591,-83.01571540000002,34.0,9.37,True,False,False
Spin,c92cb285-8e5a-40bf-9119-29a045c01822,scooter,39.995611333333336,-83.01491149999998,96.0,26.05,True,False,False
Spin,aea03719-d962-4433-832f-8e34345c673b,e-bike,40.0033717,-83.01586719999999,74.0,20.19,True,False,False
Spin,13ab9763-db09-42ec-b160-6319988b72ac,e-bike,40.0008834,-83.01334210000002,41.0,11.12,True,False,False
Spin,aecf569d-b421-4bcc-9433-337991c708fb,e-bike,39.99968743333333,-83.02247229999999,35.0,9.66,True,False,False
Spin,c555378d-7cad-474a-bf7b-b78a8dc19d6f,scooter,40.005840600000006,-83.0093118,98.0,26.63,True,False,False
Spin,49077406-0d59-4efa-bd78-8811e708f711,scooter,39.99591613333334,-83.01355809999998,81.0,21.95,True,False,False
Spin,741755ae-6682-4cda-b8b0-95d0d507cf32,scooter,39.996205,-83.007336,66.0,17.85,True,False,False
Spin,4836ac80-84ba-495f-a290-25209f2fbdf2,scooter,40.0003741,-83.0211627,76.0,20.78,True,False,False
Spin,74faf104-7353-42ae-aaeb-a661f2f10754,scooter,40.004367900000005,-83.0195909,37.0,9.95,True,False,False
Spin,bfa48df6-27c4-4fb2-bcd6-5d7d5dc6a45a,e-bike,40.004965,-83.00912000000001,34.0,9.37,True,False,False
Spin,0505e2fb-76b3-426d-ab70-35faffaa6d8d,e-bike,40.005784999999996,-83.009745,58.0,15.8,True,False,False
Spin,10dc12e2-ef96-40af-95a0-22e9e9c3ef24,e-bike,40.0033673,-83.0159423,54.0,14.63,True,False,False
Spin,6ce65cbc-cb63-40be-8a6d-e00f13ca4ecb,e-bike,40.0033994,-83.01591330000001,87.0,23.71,True,False,False
Spin,d1686ecf-7181-450d-af3d-392b99402baa,e-bike,40.0056005,-83.01016910000001,84.0,22.83,True,False,False
Spin,d844a3c8-4b42-449c-b4d4-53d6d0ffec8d,e-bike,39.99989873333333,-83.019487,44.0,12.0,True,False,False
Spin,59ee7238-dbcb-46cc-8e54-c8f75566f2b0,e-bike,40.00138333333334,-83.01043,72.0,19.61,True,False,False
Spin,c27c5400-0e99-43c7-82f9-99122eb1dbbf,e-bike,39.99699793333333,-83.01982760000001,35.0,9.66,True,False,False
Spin,1babc17c-67b0-445b-8333-08b7b278d625,scooter,39.997762,-83.011119,88.0,24.0,True,False,False
Spin,fa65fb87-e391-48d7-9da2-5575ea551d89,e-bike,40.0016699,-83.01753079999999,57.0,15.51,True,False,False
Spin,daa4e485-3745-4ba5-829f-11a95de8ec52,e-bike,40.0001042,-83.0083729,54.0,14.63,True,False,False
Spin,af25a87b-3600-443a-ab98-8f81d8de1025,e-bike,40.005959100000005,-83.0124231,24.0,6.44,True,False,False
Spin,2fd9114f-bbc6-46d3-b283-f88838e250a0,e-bike,39.99707,-83.007635,46.0,12.58,True,False,False
Spin,4f382257-bfa5-48f3-aef6-68fb26462d3e,e-bike,40.0049735,-83.00937739999999,19.0,5.27,True,False,False
Spin,8e0e799c-e9d3-47d3-98ac-a21e4efa6242,e-bike,40.003382099999996,-83.0110645,51.0,13.76,True,False,False
Spin,60a1ca05-83e3-478c-98cb-d5d05e900b65,scooter,39.99606923333333,-83.01048139999999,35.0,9.66,True,False,False
Spin,9000dee0-5606-4b38-ae9a-6bb4548dd365,e-bike,39.99685043333333,-83.0106027,68.0,18.44,True,False,False
Spin,5c239cdc-2362-4f72-acca-ad3c635d2ea7,e-bike,40.0015903,-83.016368,53.0,14.34,True,False,False
Spin,5d89eec3-db65-46ee-988a-c94514c00b04,e-bike,40.002757800000005,-83.0106368,39.0,10.54,True,False,False
Spin,ec3b905d-0e85-4fa1-912b-253ced29f666,scooter,40.002207,-83.01454200000002,57.0,15.51,True,False,False
Spin,4f53e54f-c3c7-486a-a74f-898c8db09d27,e-bike,40.005408333333335,-83.01087166666666,68.0,18.44,True,False,False
Spin,4a9115cd-dc0a-4601-8f86-6ac9eeb36385,scooter,39.996991,-83.007459,48.0,13.79,True,False,False
Spin,85ec7cc6-a901-4654-be56-7f253719d109,e-bike,39.99788503333333,-83.0125455,89.0,24.29,True,False,False
Spin,364d80c8-22f8-4ecb-96d3-e5a731ea6099,e-bike,39.99853593333333,-83.0094162,86.0,23.41,True,False,False
Spin,1b0a9bd4-bedb-4800-bd57-005ad7f4d11a,e-bike,39.99852993333333,-83.00941130000001,86.0,23.41,True,False,False
Spin,833cf676-c217-45c6-aafb-11ac16fa529c,e-bike,39.99901393333334,-83.0083312,46.0,12.58,True,False,False
Spin,bb692518-4606-4734-bbad-1e1aebcab293,scooter,39.995701733333334,-83.01288840000001,46.0,12.58,True,False,False
Spin,07fc9efa-639a-4477-9dc4-d2772aca4914,e-bike,39.998458033333335,-83.0216126,73.0,19.9,True,False,False
Spin,08e85cdb-7104-4f58-ad60-ed0b5fd2851d,e-bike,40.0006039,-83.022138,87.0,23.71,True,False,False
Spin,d0aa25d9-ca30-41a3-b9e6-c84305ddceb5,e-bike,39.99954983333334,-83.0082282,30.0,8.19,True,False,False
Spin,44b60dc5-9d25-46e8-a8a2-49be9bdb2227,e-bike,39.996414433333335,-83.01080769999999,82.0,22.24,True,False,False
Spin,4519a48d-3707-4d41-8ea6-3c1f84c404c6,e-bike,40.005116666666666,-83.01142999999999,90.0,24.58,True,False,False
Spin,ece3300d-0cf0-44ec-8c11-02c2abeb23bc,scooter,40.005879199999995,-83.0139116,63.0,17.27,True,False,False
Spin,1151a685-9f47-429e-b777-80dd8d34c13f,scooter,39.997434,-83.007502,35.0,10.11,True,False,False
Spin,c1b84276-05bc-4919-8e8c-2f3c430ae5a4,e-bike,39.99866823333333,-83.0083347,58.0,15.8,True,False,False
Spin,ce0886e7-e7f3-498f-8155-8835fa9cb1fb,e-bike,39.99823873333333,-83.00809849999999,19.0,5.27,True,False,False
Spin,b126d860-eadd-4130-ae97-650d06b0ed6d,e-bike,39.99833373333333,-83.02138000000001,61.0,16.68,True,False,False
Spin,359061c4-94fc-4c06-9786-21f236eee376,e-bike,40.005459200000004,-83.00906179999998,85.0,23.12,True,False,False
Spin,beaf4d19-a45a-4746-ac22-fc99222e3ab1,e-bike,40.00543875,-83.00926863333333,53.0,14.34,True,False,False
Spin,f288c015-8e90-47ad-ba51-ccea1d8d0f6b,e-bike,40.00542041666667,-83.00919445,34.0,9.37,True,False,False
Spin,e4d23e13-7fd6-4791-8960-7457ca555201,scooter,40.006433,-83.01422,25.0,6.73,True,False,False
Spin,57c1ce12-e8fb-49ab-a602-b6f9d4445980,e-bike,40.00535343333333,-83.01452130000001,35.0,9.66,True,False,False
Spin,8c9b8f2c-6efb-40bc-86a1-86f180711fc9,e-bike,40.0053554,-83.01452769999999,86.0,23.41,True,False,False
Spin,ec8c7270-9703-431b-a46f-fe5ed2b0f756,e-bike,40.00536601666667,-83.01453748333333,32.0,8.78,True,False,False
Spin,865ecba0-956e-4542-add8-e87da76cded0,e-bike,40.005296666666666,-83.01467333333333,89.0,24.29,True,False,False
Spin,94913dfe-00d8-495c-8565-64158907f211,e-bike,40.006006666666664,-83.00970333333335,70.0,19.02,True,False,False
Spin,5471a678-8cd1-4a98-abdd-c3a64466e464,e-bike,40.005334700000006,-83.01452450000001,68.0,18.44,True,False,False
Spin,3ccd4e6d-6ac8-4c18-8319-c406653715c9,e-bike,40.0053584,-83.014536,37.0,9.95,True,False,False
Spin,cfac44ba-4daa-4ca4-a990-6b1668e82a61,e-bike,40.0053728,-83.01614579999999,76.0,20.78,True,False,False
Spin,e68cb031-247e-40a6-a5f5-98731ac28d3c,e-bike,40.002151899999994,-83.01147610000001,90.0,24.58,True,False,False
Spin,89926802-9ec4-4ef2-a285-638b637264c5,e-bike,39.99909193333334,-83.00923310000002,96.0,26.05,True,False,False
Spin,96a39c9b-9ead-4366-9c23-ee43fc32debb,e-bike,40.006533,-83.0406535,23.0,6.15,True,False,False
Spin,6851bbfd-ca57-4ff7-a546-7485b95de038,e-bike,39.99666233333333,-83.01262729999999,20.0,5.56,True,False,False
Spin,b8631ce6-6286-41eb-9824-f3850572d6b5,e-bike,40.0003303,-83.01800130000001,22.0,5.85,True,False,False
Spin,0ee062fd-a5a6-496f-b742-7701304001b3,e-bike,40.000368,-83.01803040000001,88.0,24.0,True,False,False
Spin,09da255a-424d-4074-863d-f01d70a79495,e-bike,40.00038,-83.01800166666665,92.0,25.17,True,False,False
Spin,3bd11abd-11c7-40ae-a239-dda8733e06a5,e-bike,40.00033666666666,-83.01800999999999,41.0,11.12,True,False,False
Spin,720b1a10-e69c-4207-926e-952450a8923d,e-bike,40.0003044,-83.0179317,89.0,24.29,True,False,False
Spin,a0495f70-594b-4978-989d-a204dee67811,e-bike,40.0002865,-83.01790350000002,65.0,17.56,True,False,False
Spin,5bfd82a2-fd51-4727-802e-8e54709c4099,e-bike,40.0003078,-83.01794939999999,89.0,24.29,True,False,False
Spin,f34d5c80-2ca3-43bc-b117-e5b0eb658bb3,e-bike,40.0003037,-83.01794810000001,46.0,12.58,True,False,False
Spin,a1f3bee6-62a4-4f87-880d-b5296dae0a7c,e-bike,40.0003531,-83.01809640000002,89.0,24.29,True,False,False
Spin,d134f186-de29-4cd9-a562-50e353082c4f,e-bike,40.000358399999996,-83.0180188,89.0,24.29,True,False,False
Spin,19fda3bd-48fd-405f-b0a0-85241b85c25b,e-bike,40.002512700000004,-83.01780920000002,47.0,12.88,True,False,False
Spin,42e5cb95-9b8d-402c-8394-cf93aa71f2d8,e-bike,40.0024938,-83.017814,39.0,10.54,True,False,False
Spin,6e59f755-9283-4870-8424-40e75d507204,e-bike,40.0025092,-83.0178449,70.0,19.02,True,False,False
Spin,7efed547-01f1-4f65-8dbb-a57963bc3be9,e-bike,40.0025071,-83.01783879999999,31.0,8.49,True,False,False
Spin,6fa8f297-7a48-4512-9ca1-c77dbdfa1fd8,scooter,40.00252,-83.017875,40.0,10.83,True,False,False
Spin,343eaa70-21e2-40bd-aea4-5ad88b9d2a82,scooter,40.002538,-83.017902,71.0,19.32,True,False,False
Spin,4ae18a53-4a79-408a-9289-72fe911115f9,e-bike,40.0024814,-83.01788499999999,97.0,26.34,True,False,False
Spin,b861030f-6d72-423c-9a38-c13f096983ba,e-bike,40.0024969,-83.01785919999999,38.0,10.24,True,False,False
Spin,070fbb56-2eb5-4170-a5d9-d37177d27586,e-bike,40.000600500000004,-83.0103776,22.0,5.85,True,False,False
Spin,84e92f3e-6930-40b2-8487-be550ba83b08,e-bike,40.00061229999999,-83.01035320000001,56.0,15.22,True,False,False
Spin,5c7a732b-4b5e-41b8-bdc9-7a2523682b07,e-bike,40.0035932,-83.0145817,23.0,6.15,True,False,False
Spin,67a723a3-df47-4047-81c0-5d33e4c4bc58,e-bike,40.0055954,-83.01021360000001,40.0,10.83,True,False,False
Spin,218b55f7-6347-4ae1-a302-5e8bb28ad845,e-bike,39.99312093333333,-83.01619219999999,22.0,5.85,True,False,False
Spin,597b7383-7eb4-463a-b939-85721735906a,e-bike,40.0052776,-83.0170023,41.0,11.12,True,False,False
Spin,7aa0c817-cd81-46d8-a7aa-851d4f56e0f7,e-bike,40.004203100000005,-83.015704,84.0,22.83,True,False,False
Spin,07591534-a187-4aba-9889-7a526a740bba,e-bike,40.0035412,-83.0146417,53.0,14.34,True,False,False
Spin,6b5ea2aa-59c8-46e8-95ff-0d73daa713db,scooter,39.99404683333333,-83.00692509999999,29.0,7.9,True,False,False
Spin,870f0667-4c4d-47cf-8515-a18b0b994a67,scooter,39.99413253333333,-83.00681680000001,67.0,18.15,True,False,False
Spin,a0022440-03a3-4e30-916b-cee760c135aa,scooter,40.004803,-83.011848,100.0,27.22,True,False,False
Spin,6843d95c-f717-4ca5-aea2-0f25c16c0dec,e-bike,40.0135092,-83.0246655,17.0,4.68,True,False,False
Spin,8eb2d715-5801-42b8-9f51-ff1e0029f3b9,e-bike,40.01351128333333,-83.02466546666668,77.0,21.07,True,False,False
Spin,9cbdedb5-eb25-43b8-b75d-ef9ab9d8f449,scooter,40.0058524,-83.0111717,75.0,20.49,True,False,False
Spin,f8862195-fd67-448a-a462-5f6e77b6b7e2,e-bike,39.99780833333333,-83.03259666666666,61.0,16.68,True,False,False
Spin,d1314b74-a763-423a-b989-557f1e7794cd,scooter,40.002268,-83.009787,47.0,12.88,True,False,False
Spin,7c8e2c74-1cac-4cd6-a5db-73e5265d59b6,scooter,40.003971,-83.013248,100.0,27.22,True,False,False
Spin,3fb99407-6642-4735-94ac-055317e12efe,scooter,40.00388,-83.013261,61.0,17.46,True,False,False
Spin,9fb792c0-8090-4025-b643-5d5f57559695,e-bike,39.99419373333333,-83.0071439,91.0,24.88,True,False,False
Spin,a0e6776b-2ecd-4ea2-b627-da8162453405,e-bike,39.999129833333335,-83.01738359999999,39.0,10.54,True,False,False
Spin,d12ef64a-0f03-4e86-8f24-521816b945e1,e-bike,40.0012921,-83.01518059999998,89.0,24.29,True,False,False
Spin,b4010bec-3559-4c88-aa8f-9a7df7d31582,e-bike,39.994255233333334,-83.0143369,91.0,24.88,True,False,False
Spin,dce6f12a-f544-48bd-835e-62bef5ac6be0,e-bike,40.00035666666667,-83.01801500000002,100.0,27.22,True,False,False
Spin,07fe8114-9a43-49b1-9c41-158922895ad8,e-bike,40.00031666666666,-83.018,100.0,27.22,True,False,False
Spin,aea14775-b01a-43a9-9ac2-aaba69998c17,scooter,40.001226,-83.011893,100.0,27.22,True,False,False
Spin,8439dd34-a3e0-4386-ba94-90e0869d1146,e-bike,39.99425723333333,-83.0143545,52.0,14.05,True,False,False
Spin,9a61ebd2-af20-4163-9c68-6ac55326ade7,e-bike,39.99425313333334,-83.01434990000001,65.0,17.56,True,False,False
Spin,82c18574-4bb2-41ff-a334-5408621db20f,scooter,40.003210100000004,-83.01507840000001,88.0,24.0,True,False,False
Spin,586be29d-a1a9-4eaa-90dd-5729b8fa234d,e-bike,39.997238333333335,-83.00750666666666,100.0,27.22,True,False,False
Spin,8badd78b-abe5-4661-90d5-5b07bf99a845,e-bike,40.0003458,-83.02028550000001,92.0,25.17,True,False,False
Spin,9f0a6656-8217-4153-9139-4176363d9812,scooter,39.996218,-83.007308,96.0,26.05,True,False,False
Spin,e9d7df71-0eea-454e-8f4a-7e74717c22fe,e-bike,40.0032748,-83.01509,49.0,13.46,True,False,False
Spin,2d1fc4c0-596d-4fe4-85c0-3c9f3bb0ac6a,e-bike,39.99425553333333,-83.0143472,56.0,15.22,True,False,False
Spin,1722f113-7bef-48d9-bf9b-0a1a8ef66b90,scooter,39.99739,-83.007475,100.0,27.22,True,False,False
Spin,6ec8c09d-2417-4fff-b039-dcedde19f741,e-bike,40.0059464,-83.01237449999999,78.0,21.36,True,False,False
Spin,e3598c0f-55bb-4658-afd6-f038b8b63fae,e-bike,39.997765433333335,-83.00750779999998,88.0,24.0,True,False,False
Spin,1148af16-dfa1-4165-90bf-d8c9d772ea95,e-bike,39.9984354,-83.02166805,90.0,24.58,True,False,False
Spin,a3fa536f-03ae-4590-97cf-23dd6fef9a15,e-bike,40.00134955,-83.01090836666665,89.0,24.29,True,False,False
Spin,0f2ad04e-4f5c-4371-8e26-3cbbe58a9d06,e-bike,40.0013316,-83.01094649999999,82.0,22.24,True,False,False
Spin,665be86b-16a3-49c7-aa56-bb481b551bcb,e-bike,40.0038898,-83.0109059,40.0,10.83,True,False,False
Spin,87889c93-0807-4637-a102-2ce481b34be1,e-bike,39.998732333333336,-83.01898580000001,88.0,24.0,True,False,False
Spin,455fd300-bd62-40ea-b348-2ff17330ca98,e-bike,39.99511563333333,-83.0075492,81.0,21.95,True,False,False
Spin,5cea7103-d368-4f53-b8cd-7a61a113bf8f,e-bike,40.0011621,-83.03344039999999,28.0,7.61,True,False,False
Spin,d04c2a2b-bc91-4285-8a29-eca87538beef,e-bike,40.0045711,-83.0098997,34.0,9.37,True,False,False
Spin,9de634be-f729-4939-bc4f-9087d19fa5ee,e-bike,39.99382133333334,-83.01363009999999,62.0,16.97,True,False,False
Spin,84baf13a-7f17-4a0d-a7c5-d2a10709a99f,e-bike,40.0026502,-83.01545400000002,44.0,12.0,True,False,False
Spin,88de7866-6914-453f-9081-33410a5eb5c3,e-bike,40.0037216,-83.01073229999999,24.0,6.44,True,False,False
Spin,6fc1c49b-475a-4ab9-afc6-79339d40899f,e-bike,40.00373666666667,-83.01086333333333,53.0,14.34,True,False,False
Spin,12eb37d0-861b-4845-a708-79b5d9ff49dd,scooter,40.0056,-83.011552,24.0,6.44,True,False,False
Spin,e8f0e76c-1231-479d-be73-944641228b1f,e-bike,40.002087599999996,-83.0155607,67.0,18.15,True,False,False
Spin,67e25e13-87f7-4253-bcfe-6cc037c9ced0,e-bike,39.99408693333333,-83.02146740000002,61.0,16.68,True,False,False
Spin,b671afb9-f872-47f4-a26f-6844e3cd5f62,e-bike,40.000402099999995,-83.0110462,89.0,24.29,True,False,False
Spin,2b2d8f01-8b99-460b-a177-e70f46f7ac8b,e-bike,40.0036742,-83.01028820000002,73.0,19.9,True,False,False
Spin,305abad3-ac02-4f32-a907-fd8718511d1f,e-bike,40.0059507,-83.01094020000001,47.0,12.88,True,False,False
Spin,43c569c9-7dcb-447a-ba73-689772831498,e-bike,39.99698613333333,-83.010846,33.0,9.07,True,False,False
Spin,924e78dd-b7f8-441b-8e1f-22873300747e,e-bike,40.002504599999995,-83.0178441,59.0,16.1,True,False,False
Spin,faa50aba-6d10-4ea9-b18f-ad53ed0a5854,e-bike,40.0058848,-83.00927930000002,31.0,8.49,True,False,False
Spin,6b598851-ae0f-4b34-9e2f-8619865a0884,scooter,40.00592,-83.009561,67.0,18.99,True,False,False
Spin,f18ea1af-c560-4180-8664-b8ab1b996ab1,e-bike,40.00516666666667,-83.01143666666667,32.0,8.78,True,False,False
Spin,38928209-4b2f-4097-8bc5-e42b6da3077f,e-bike,40.0059022,-83.00958190000001,66.0,17.85,True,False,False
Spin,169b0c81-89cc-4016-bc23-661726cd2552,e-bike,39.99702913333333,-83.0075879,90.0,24.58,True,False,False
Spin,a7203a00-9390-4f80-97fa-0527dabf7971,scooter,39.99784143333333,-83.00780119999999,52.0,14.05,True,False,False
Spin,dd295ea3-6751-4b6a-b2fe-5613c0152e6f,e-bike,39.99887363333333,-83.0385775,31.0,8.49,True,False,False
Spin,24982a85-171d-4bee-9900-b9bf952b515e,scooter,39.99696123333333,-83.02026740000001,47.0,12.88,True,False,False
Spin,44432803-d46f-4d70-bd48-d003975cae24,scooter,40.001699,-83.015596,96.0,27.26,True,False,False
Spin,e33b6eb9-ad98-4b9a-9e35-81f917f00ba7,e-bike,40.0058245,-83.0477958,72.0,19.61,True,False,False
Spin,1b28e5c5-8fe7-4629-933c-68273356dd3b,scooter,40.000919,-83.015058,63.0,17.27,True,False,False
Spin,b4bf6b90-56d6-4211-aad7-215bfe0420bf,e-bike,39.998142933333334,-83.0323152,29.0,7.9,True,False,False
Spin,ca31c531-b6b8-47e0-9fe1-2fcd682bbc83,e-bike,39.99866633333333,-83.0214762,15.0,4.1,True,False,False
Spin,368c4932-37ad-41d8-991b-df1d3455baee,e-bike,39.99740666666666,-83.01641666666667,96.0,26.05,True,False,False
Spin,270f9dd2-1ebb-4514-8f2f-d317071fb2fb,e-bike,39.997581233333335,-83.01695300000002,30.0,8.19,True,False,False
Spin,eece1f14-282f-4102-b56d-c5dffa70db17,scooter,40.000234,-83.021394,89.0,24.29,True,False,False
Spin,edf58b22-19cf-430d-8efb-bddac07fb33d,e-bike,40.0062152,-83.0112082,84.0,22.83,True,False,False
Spin,e1ed077c-6676-47e0-ab11-511008590f8a,e-bike,40.004153699999996,-83.01571129999999,85.0,23.12,True,False,False
Spin,65220009-c6f9-40b8-8b95-ba90354a43c2,scooter,40.004137,-83.015964,54.0,14.63,True,False,False
Spin,e6e1730d-c2f3-4e35-bb1c-195277d3c848,e-bike,39.99701863333333,-83.00918840000001,47.0,12.88,True,False,False
Spin,83e0709d-7e89-4148-abf0-0b67a2ec7ce6,e-bike,40.0010946,-83.01128670000001,19.0,5.27,True,False,False
Spin,bfa90ec6-cfb3-43ce-ba84-4d85549f7cd1,e-bike,39.99995943333333,-83.01541979999999,24.0,6.44,True,False,False
Spin,3bb243d0-f049-4eef-bd43-e59d51990dc0,e-bike,40.0061186,-83.0146795,40.0,10.83,True,False,False
Spin,09ed0aaf-dabc-4f86-9005-9e64ff4a121a,scooter,40.00817,-83.02890469999998,51.0,13.76,True,False,False
Spin,66c31a64-9005-4677-af0c-328bc7ee3123,e-bike,40.0059582,-83.0123782,55.0,14.93,True,False,False
Spin,188d1b1f-d249-417d-b58a-0cab3174cc6c,e-bike,39.99830213333333,-83.02137579999999,47.0,12.88,True,False,False
Spin,335ae868-195d-4469-84e3-6b5f92d1ae44,scooter,39.99808183333334,-83.02128560000001,35.0,9.66,True,False,False
Spin,94ee3407-1977-43d8-910b-d9f31a6b9550,e-bike,39.99818666666667,-83.01156666666665,100.0,27.22,True,False,False
Spin,93cbc77a-9327-41f4-a6f0-2d11ff05ffec,e-bike,39.997737433333334,-83.01519850000001,39.0,10.54,True,False,False
Spin,bd9c1970-0beb-4a45-ab60-2ee2439e5a35,scooter,39.996710433333334,-83.00732279999998,89.0,24.29,True,False,False
Spin,44b4d6d7-35b5-4d5e-bf1e-f85ea9df9fa4,e-bike,40.0018282,-83.0130896,62.0,16.97,True,False,False
Spin,4a020253-c72f-4b98-ad6e-89d1374055aa,e-bike,40.0061177,-83.01461599999999,46.0,12.58,True,False,False
Spin,37e0580b-d02e-46ff-bca9-330886f49000,e-bike,39.999266133333336,-83.0175665,48.0,13.17,True,False,False
Spin,ee0e82c4-e79a-403b-9908-ecab63a7ffe6,scooter,40.0041512,-83.01258529999998,69.0,18.73,True,False,False
Spin,58bde845-d0aa-41e8-b003-ef68cbd1899c,e-bike,40.0053621,-83.01084940000001,22.0,5.85,True,False,False
Spin,43ed7291-970a-44c1-9300-ac091cb6365b,e-bike,40.005349700000004,-83.0108851,34.0,9.37,True,False,False
Spin,d965bb27-6d2d-43f7-8e22-32556e522d96,e-bike,39.994466933333335,-83.01410560000001,89.0,24.29,True,False,False
Spin,9a6ae691-17b0-4096-a696-e52d4be6e14d,e-bike,39.99490303333334,-83.0181269,37.0,9.95,True,False,False
Spin,159e7679-f811-47ca-acab-f50fbdc7a92e,scooter,40.0001316,-83.02142889999999,75.0,20.49,True,False,False
Spin,ce151cf2-e534-4d06-b8c7-2d9b5aee51a5,e-bike,40.0055884,-83.0102012,31.0,8.49,True,False,False
Spin,5663a580-f6eb-49d6-87a0-3d8b375411ee,e-bike,40.00011333333334,-83.02135166666667,23.0,6.15,True,False,False
Spin,d8d01ab0-47dc-49c0-aa9d-4c4fec2c47df,scooter,40.0053573,-83.0102133,19.0,5.27,True,False,False
Spin,f3679767-11f4-40e2-8330-10f007504735,e-bike,39.996812133333336,-83.0123932,86.0,23.41,True,False,False
Spin,f8cdf5e2-f25e-4832-b7cd-04e51ef5bf47,e-bike,39.99677833333333,-83.01230500000001,77.0,21.07,True,False,False
Spin,37338c52-a9e8-4bcc-a8f2-0c0dd2bdfcd3,e-bike,39.99720273333333,-83.01514870000001,20.0,5.56,True,False,False
Spin,e3fc9ee2-dbff-46f0-b76b-dcf5763a6de7,e-bike,40.000328100000004,-83.0179377,43.0,11.71,True,False,False
Spin,4326622a-d055-4dcd-a0fe-6f9a8fc81cc9,e-bike,40.000359,-83.0179916,53.0,14.34,True,False,False
Spin,965a2aa6-d49e-47ca-9a82-b71108b209e1,scooter,40.000408,-83.018001,55.0,14.93,True,False,False
Spin,8eb7bc72-d8ac-42e7-a3ef-698782a287f6,e-bike,40.0003386,-83.01789099999999,84.0,22.83,True,False,False
Spin,46969f0c-36ac-488e-91f0-5f750dd5df4e,e-bike,40.000367399999995,-83.01800399999999,85.0,23.12,True,False,False
Spin,12a4271d-1f7f-407f-ab9f-5478634c73a0,e-bike,40.00034945,-83.01797706666666,73.0,19.9,True,False,False
Spin,6b6213ce-3ba0-4d90-b197-40096c8a1f35,scooter,40.000363,-83.01797560000001,58.0,15.8,True,False,False
Spin,f107d760-0119-4221-aef0-93289cee60b5,scooter,40.000365,-83.017968,58.0,16.54,True,False,False
Spin,92667b4c-5d58-436d-95e0-f50fb6e2a41d,e-bike,40.0003301,-83.0179512,92.0,25.17,True,False,False
Spin,114617a4-3dfc-4226-a952-67fe088d9e82,e-bike,39.99883333333333,-83.017675,61.0,16.68,True,False,False
Spin,4bef771f-8c95-486f-9e2f-ec3d0f37f282,e-bike,39.99918613333333,-83.0174686,91.0,24.88,True,False,False
Spin,09acbc1a-9acb-452e-a621-cdebd08ed50b,e-bike,39.99909123333334,-83.01744769999999,58.0,15.8,True,False,False
Spin,11e47b5c-4e21-49a2-b51e-f76d6f3d02e4,scooter,39.99669263333333,-83.00737060000002,31.0,8.49,True,False,False
Spin,632fb8f2-5901-44ba-b964-102c5840c74d,e-bike,39.99468783333334,-83.00676229999999,66.0,17.85,True,False,False
Spin,78087c9f-eb37-495c-8be5-5127228beb72,scooter,39.998073,-83.009455,52.0,14.05,True,False,False
Spin,477a5656-e2d0-4057-8ac0-09b7f43b49a8,scooter,39.99806,-83.009515,57.0,16.24,True,False,False
Spin,99c22626-68d2-4cee-82be-af9fbb7ed1d3,e-bike,39.99815043333333,-83.0095781,38.0,10.24,True,False,False
Spin,204c2b94-85af-4ee2-bc25-0e4eb0141f70,e-bike,39.998097316666666,-83.0095796,38.0,10.24,True,False,False
Spin,2ca2a3e9-0a82-4e1b-b8e1-407e41f8c6fc,scooter,39.997968,-83.009438,53.0,14.34,True,False,False
Spin,fae21bd8-daa6-4de5-9cd1-df87fe3a1403,scooter,39.998047,-83.009402,59.0,16.85,True,False,False
Spin,e7f1f4d8-5b80-4d25-b796-95c50c2cc420,e-bike,40.0035018,-83.00952090000001,19.0,5.27,True,False,False
Spin,dd980576-6d25-41f9-9348-b75eab43e9a1,e-bike,40.0019158,-83.01647059999999,82.0,22.24,True,False,False
Spin,462b6044-d4df-4eae-bd7a-e102351f91ae,scooter,39.997304,-83.015865,83.0,22.54,True,False,False
Spin,9e1c9412-ab40-4e66-8e38-0ed02c67c58a,e-bike,39.99730843333334,-83.00745,25.0,6.73,True,False,False
Spin,50635e2f-7991-4c77-b1ab-a4e712b686de,e-bike,40.002512900000006,-83.01780480000001,42.0,11.41,True,False,False
Spin,1910f8b5-f7df-4c7b-b842-3e8c495cfb7e,e-bike,40.002516199999995,-83.01781340000001,53.0,14.34,True,False,False
Spin,84e7d159-acc9-4830-9bf3-96c3080951be,scooter,39.99407503333334,-83.00681449999999,41.0,11.12,True,False,False
Spin,9af3d645-9d00-41a0-897e-ffa0718b82b6,e-bike,39.99905173333333,-83.01770069999999,68.0,18.44,True,False,False
Spin,10007395-15e8-47de-bb54-30a59b7f3221,e-bike,40.002555,-83.02366609999999,41.0,11.12,True,False,False
Spin,4990290e-7cb8-47c7-889c-afa3177e27d6,e-bike,40.0017948,-83.02491479999999,75.0,20.49,True,False,False
Spin,882ed333-25c2-4ff9-96a5-44bf02d34eab,scooter,40.000455,-83.018077,85.0,23.12,True,False,False
Spin,e136f44f-4ba9-4fd0-ad2a-8c49c2344270,e-bike,40.0003641,-83.0181323,40.0,10.83,True,False,False
Spin,2760af25-d60f-4aa2-9ec3-10eb9fc488c7,e-bike,39.998907833333334,-83.03853230000001,47.0,12.88,True,False,False
Spin,f1dd4470-9ffc-453d-920b-6086613d62f2,e-bike,39.99811243333333,-83.0219331,33.0,9.07,True,False,False
Spin,80fdb8c1-7d24-4bd6-9bfc-fbfea6bb3006,e-bike,39.99702893333333,-83.00932900000001,26.0,7.02,True,False,False
Spin,69173ace-23e4-497a-899f-941e7ec96e17,e-bike,39.99571453333333,-83.01286989999998,51.0,13.76,True,False,False
Spin,7e789269-a161-4193-9e4d-05372fa79202,scooter,40.001766,-83.024931,49.0,13.46,True,False,False
Spin,e5ed3075-7720-4a8a-ae0a-9baffab6bbee,e-bike,39.995878033333334,-83.013664,75.0,20.49,True,False,False
Spin,440881f5-fc6d-414d-a100-7878b8fcdb33,e-bike,39.995865,-83.01350166666667,71.0,19.32,True,False,False
Spin,c26e1e8e-93b6-434b-9a21-c5f1d6168b73,e-bike,39.99768166666667,-83.00758833333333,96.0,26.05,True,False,False
Spin,c9f8100b-e20c-4c83-bf1d-5395264871d1,e-bike,40.0040969,-83.0111661,47.0,12.88,True,False,False
Spin,7bf54cd3-9c69-4626-b00d-550db0b65709,e-bike,39.99493113333333,-83.01330350000002,42.0,11.41,True,False,False
Spin,974e0107-ab92-4696-99d4-570542667272,e-bike,39.99954433333333,-83.00779849999999,27.0,7.32,True,False,False
Spin,e0d5ece1-67e5-4be3-b45f-33daf602eb7b,e-bike,39.99688093333334,-83.01279600000001,32.0,8.78,True,False,False
Spin,5ae4253a-9aad-42a3-a61b-3152d3aca794,e-bike,40.002736,-83.0320516,77.0,21.07,True,False,False
Spin,a64c4aee-b801-462e-814f-f86c15582cfb,e-bike,40.0027477,-83.03205320000001,69.0,18.73,True,False,False
Spin,f274f33e-26fb-4b38-bb50-fc538baee1e4,e-bike,40.00466363333333,-83.0120673,68.0,18.44,True,False,False
Spin,dc63c563-f371-49d6-b7ed-402a4aee9239,e-bike,40.0025374,-83.00871479999999,69.0,18.73,True,False,False
Spin,6ed64496-9935-4046-8a5c-610ecb5cb66d,e-bike,39.99924073333333,-83.01757160000001,46.0,12.58,True,False,False
Spin,cb3680b0-f11e-492f-8a96-ac7e661674ce,e-bike,40.0018267,-83.0131301,71.0,19.32,True,False,False
Spin,a928aa32-b8ab-4b0a-87d9-e50dc3dc3e66,e-bike,40.0060799,-83.0141748,87.0,23.71,True,False,False
Spin,d2df2d24-4209-4945-a56e-c3109ea1ca26,e-bike,39.99913843333333,-83.0177822,89.0,24.29,True,False,False
Spin,0aa7aec9-f624-47ce-b0b8-b2fec880857c,scooter,39.997322,-83.007636,84.0,22.83,True,False,False
Spin,983bf621-a9a8-4daf-ac86-5f9dfa7877b2,e-bike,39.99556413333333,-83.04148949999998,35.0,9.66,True,False,False
Spin,4e5e814f-a626-4e18-add0-e4f23b05cc7d,scooter,39.99669673333334,-83.00734230000002,78.0,21.36,True,False,False
Spin,e55be0fa-f157-4062-8380-9451dd68dc7b,e-bike,39.99387583333333,-83.0139459,28.0,7.61,True,False,False
Spin,c0d646c0-b0c1-441e-9eb0-018011903c3e,e-bike,39.998780233333335,-83.0096604,52.0,14.05,True,False,False
Spin,85c7d0d7-55c2-40f4-96e1-09c8b5eab7b4,e-bike,40.006255,-83.01781000000001,98.0,26.63,True,False,False
Spin,f60e3fc5-eccf-4ad4-888f-6f72c101ebcc,e-bike,39.993484933333335,-83.02175979999998,86.0,23.41,True,False,False
Spin,1b9543a1-f5f1-4db9-a8c7-4ae76b81a400,e-bike,39.99762513333334,-83.014335,15.0,4.1,True,False,False
Spin,e142c027-aada-41d6-8738-f34842047a86,e-bike,40.0000953,-83.02136850000001,17.0,4.68,True,False,False
Spin,0c4cc1a3-bc51-490e-87f3-e518575cfad4,e-bike,40.002515,-83.00836499999998,49.0,13.46,True,False,False
Spin,7e33a679-ed7b-4656-b1d0-541a1a2fa52c,e-bike,39.99810763333333,-83.0095833,52.0,14.05,True,False,False
Spin,cd05445e-aca2-4c61-b348-c0e7b53a0220,e-bike,39.994160533333336,-83.0071028,18.0,4.98,True,False,False
Spin,8c6dbbf1-acf7-4480-bce8-928ccc14e70a,e-bike,40.00400320000001,-83.0107633,33.0,9.07,True,False,False
Spin,39cebea3-9d63-42fe-89ba-df13dd5388ff,e-bike,39.999541683333334,-83.00784725,76.0,20.78,True,False,False
Spin,5d50c02a-3a64-440f-9c46-1dcd7b2e205b,e-bike,40.003139499999996,-83.0128239,87.0,23.71,True,False,False
Spin,8554d32d-42cf-4c06-a829-ff118920b5c2,scooter,39.994067,-83.020543,10.0,2.76,False,True,False
Spin,f24dba02-4e19-45b6-b5e2-65003ee9f8e7,scooter,39.99298133333333,-83.02101470000001,2.0,0.59,False,True,False
Spin,5febd098-7851-4ee9-867a-13d6d1011c55,scooter,39.999007,-83.010335,11.0,2.93,False,True,False
Spin,b8edbd3d-54b7-4316-b2a3-ffa69f79763d,scooter,40.002042,-83.012804,11.0,2.93,False,True,False
Spin,f7bd336e-81c5-4634-94aa-6c2062df610e,e-bike,39.99481943333333,-83.0124142,12.0,3.22,False,True,False
Spin,c3033a8c-7c15-4b14-a174-8d97aefe1ead,e-bike,39.99511263333333,-83.01016499999999,8.0,2.05,False,True,False
Spin,05faad28-7d73-4cc8-8622-057c5fc869ce,e-bike,40.0041357,-83.00903510000002,11.0,2.93,False,True,False
Spin,6644938d-0938-4c79-83c7-426c7be8aab4,scooter,39.996824733333334,-83.01362679999998,11.0,2.93,False,True,False
Spin,46c6550a-195b-43ca-9dd1-63e3440ba44a,e-bike,39.99891323333333,-83.01750089999999,14.0,3.8,False,True,False
Spin,4e88d7fc-ef10-423c-b8f1-c40ffd7e9c50,e-bike,40.0040083,-83.00863120000001,2.0,0.59,False,True,False
Spin,fccf87ab-f04f-4e25-9613-8fec5280aca8,e-bike,40.003604200000005,-83.00938210000001,11.0,2.93,False,True,False
Spin,a3eceef0-7ef3-4905-84d4-339cfc7c46ee,e-bike,40.0049826,-83.02779530000001,3.0,0.88,False,True,False
Spin,59b98219-c1b6-4390-9ad5-d6a223b9a3c6,e-bike,40.00356166666666,-83.00949166666666,13.0,3.51,False,True,False
Spin,e43e3043-c6cb-47c8-b1e8-9649a2cbb77f,e-bike,40.0039045,-83.01762849999999,13.0,3.51,False,True,False
Spin,e8ad4df6-8396-49e5-ad8c-c2c7f2a4451e,e-bike,40.0003542,-83.01807439999999,2.0,0.59,False,True,False
Spin,4e9d4382-2887-4a5c-8cee-f9db6959e3b7,e-bike,39.99918313333333,-83.0178166,8.0,2.05,False,True,False
Spin,daec1828-4011-400a-89d5-c88832d07dc0,e-bike,40.0003569,-83.0143227,0.0,,False,True,False
