Company,Vehicle_ID,Type,Latitude,Longitude,Battery_Pct,Range_Miles,Is_Available,Is_Disabled,Is_Reserved,Last_Reported
Veo,737123fb-39a3-5604-a079-01529c3f2eb4,bicycle,39.947145,-83.044208,,28.14,True,False,False,0
Veo,a12b02e8-81f3-51cf-9f6f-526e0a4c4c04,scooter,40.023472,-83.032223,,20.37,True,False,False,0
Veo,37f2417a-a788-5dd5-8147-1ebe151d5f0a,bicycle,40.002646,-83.013837,,26.78,True,False,False,0
Veo,be81128c-a6e3-5ebb-a672-a8c11d57c14e,bicycle,39.959804,-82.997432,,25.65,True,False,False,0
Veo,2008433,scooter,39.941964,-82.99497,,27.77,True,False,False,0
Veo,df1064a0-dbd6-5a55-9ae9-2a309bd1224e,bicycle,39.975696,-82.914439,,22.05,False,False,True,0
Veo,e178d160-5034-562f-acbc-808ffc4f75cf,scooter,40.001247,-83.011387,,25.34,True,False,False,0
Veo,12ecad8d-8605-5f10-89af-8eaa48847f24,scooter,40.100979,-83.108847,,24.84,True,False,False,0
Veo,c44e0daa-a8ff-5044-856e-40cccddbb5db,scooter,39.999805,-83.016774,,22.39,True,False,False,0
Veo,6318dbec-ded5-52d6-98ae-103b0f45a91b,bicycle,39.959982,-83.002881,,27.02,True,False,False,0
Veo,bd14eece-2611-5a16-89d4-b087901c3dff,scooter,40.002986,-83.01392,,24.33,True,False,False,0
Veo,ebb48d9d-6731-530a-93f4-08bebc5ef961,bicycle,40.002406,-82.996994,,28.14,True,False,False,0
Veo,0166a0c6-0c68-5f14-ad5e-d837de901386,scooter,39.969044,-83.003871,,28.14,True,False,False,0
Veo,e7fc58ec-ac20-564e-84b1-21d294a4bf03,scooter,39.954008,-83.015731,,27.77,True,False,False,0
Veo,8baf7c3d-d63f-58ad-9077-627a659b25c5,scooter,39.976276,-83.010935,,26.51,True,False,False,0
Veo,87201a0e-ed0a-5b55-add1-5c627ea42073,bicycle,39.975115,-82.972067,,12.52,True,False,False,0
Veo,45ee67f7-7340-5340-8d4b-f07c331c5a3c,scooter,40.006081,-83.008433,,28.14,True,False,False,0
Veo,df8b6c0a-5506-59f5-997c-636577655ae7,scooter,39.947439,-83.049329,,28.14,True,False,False,0
Veo,dc2fda82-bcf0-50c5-b5de-e8e4273cc2f1,bicycle,40.000842,-83.016873,,26.51,True,False,False,0
Veo,fdd9ebd5-0eb6-5a52-8359-a1e7653721ef,bicycle,39.969345,-82.971159,,14.17,True,False,False,0
Veo,e85d9f64-577d-5904-82a9-d787174a186c,scooter,40.020798,-83.038258,,15.89,True,False,False,0
Veo,2008162,scooter,39.954181,-83.013814,,28.14,True,False,False,0
Veo,124fa006-784f-5741-901e-5893252669ae,scooter,39.997825,-83.007904,,23.02,True,False,False,0
Veo,b78352d8-b018-539f-8cb2-262a7bdbee29,bicycle,40.003501,-83.012959,,27.02,True,False,False,0
Veo,bf5a68a6-f7b1-57c6-8aca-7a8a355180b0,bicycle,40.00341,-83.01589,,2.12,True,False,False,0
Veo,259c8549-ccdd-5380-aa8a-009877f8c999,scooter,39.985205,-83.016134,,25.12,True,False,False,0
Veo,46aea2a1-5df2-589c-ad35-70a73ae6a3e4,scooter,39.945811,-83.060079,,28.14,True,False,False,0
Veo,7b1c5869-2ced-5b6a-85bc-e0ec04b52de8,scooter,39.966322,-82.965384,,24.33,True,False,False,0
Veo,ebc05dba-8a7e-51dd-a8aa-3df925f285a3,bicycle,39.978186,-83.001824,,27.02,True,False,False,0
Veo,6d037332-af9d-5e17-8572-de9281f35b7e,scooter,39.970777,-83.004239,,20.78,True,False,False,0
Veo,302d00f3-8776-5f87-b368-01cd29c889f8,scooter,39.986075,-83.00538,,22.05,True,False,False,0
Veo,351bab87-5d05-5172-acbf-1b4048b18139,scooter,40.015847,-83.03027,,6.98,True,False,False,0
Veo,d24ecffc-dce2-579a-95d8-65f154087b62,scooter,40.100729,-83.115357,,15.18,True,False,False,0
Veo,77e9ae8d-8086-5993-862d-299b13c334cb,scooter,40.000823,-83.007679,,25.94,True,False,False,0
Veo,de00af95-e8f2-5712-9987-e07d727a28d6,scooter,39.999729,-83.015364,,11.34,True,False,False,0
Veo,382e1181-7975-5075-8da6-53daf329f424,scooter,40.001887,-83.015752,,13.1,True,False,False,0
Veo,cd53431d-a650-575e-a9f1-ed01fa3eb7ef,scooter,39.969095,-83.003968,,26.51,True,False,False,0
Veo,6335da89-6e10-52e6-8b22-26e83bc1482f,scooter,40.002583,-83.015604,,28.14,True,False,False,0
Veo,ab353deb-944f-5691-93da-f81e9017cce3,scooter,39.955317,-82.971993,,13.86,True,False,False,0
Veo,b8b18b46-99c9-50e5-926e-98431f741302,bicycle,39.963753,-83.000831,,16.84,True,False,False,0
Veo,ca12a89e-5e11-5a3c-aad1-4d9f840e701f,bicycle,39.99195,-83.006518,,28.14,True,False,False,0
Veo,0496a44b-bf28-521a-b2a2-822779a2f121,bicycle,39.879368,-82.98518,,25.12,False,True,False,0
Veo,30bd912c-9191-54c0-9638-8ae607762507,scooter,39.977398734854916,-83.01094575443597,,0.33,True,False,False,0
Veo,3be8d97d-1fa8-5184-8c93-e129dab77175,scooter,39.950455,-82.982849,,14.17,True,False,False,0
Veo,0ea3d3a5-d628-51a4-806e-c6f1e5bd8c6f,scooter,39.969807,-82.969261,,12.28,True,False,False,0
Veo,e4988684-4c88-5b3a-b974-b00895949998,bicycle,39.957774,-83.003542,,26.25,True,False,False,0
Veo,c4f2805c-7a0b-5800-9e71-577e449ba239,scooter,40.015759,-83.031143,,8.43,True,False,False,0
Veo,66c7ffdc-b95d-5e61-953f-7f4ebbc8c7ee,bicycle,39.974748,-83.070857,,16.84,True,False,False,0
Veo,16183df3-fb65-5195-8702-38e9a82ea883,scooter,39.99776,-83.003915,,27.77,True,False,False,0
Veo,f01b8182-eb36-5959-90fd-a1bae2a12c24,scooter,39.99887,-83.010648,,16.39,True,False,False,0
Veo,689029e4-6082-59e1-8ee9-8e4a655e2cb7,bicycle,39.953876,-82.998937,,28.14,True,False,False,0
Veo,71a08245-a7c3-5268-87e3-0dc2bd3f8e52,bicycle,40.028398,-83.009354,,28.14,True,False,False,0
Veo,863ef032-3018-51d9-badb-80891ee77401,bicycle,39.96734,-82.980099,,27.44,True,False,False,0
Veo,32afa537-1ac9-5023-a17f-5ee9b910e9a9,bicycle,40.004789,-83.0091,,5.59,True,False,False,0
Veo,7f353d01-1fd2-5c1c-a7c3-f392ec1b39d2,scooter,39.954423,-82.999351,,13.39,True,False,False,0
Veo,508edea0-eb06-547d-9da3-8ac16540d01b,scooter,39.997778,-83.003943,,27.44,True,False,False,0
Veo,c11488c8-8cbe-5218-b08e-fe699fdeed87,scooter,39.95747,-82.995277,,14.86,True,False,False,0
Veo,a1d6af10-d4d4-5f83-bd97-3cee614aac40,bicycle,39.995827,-83.038086,,13.86,True,False,False,0
Veo,1c4b614d-83df-5045-b027-960cf4596b51,bicycle,39.978758,-83.004143,,27.77,True,False,False,0
Veo,36f433d2-ffed-5324-85b5-72879c3c2101,bicycle,40.001899,-83.010612,,13.64,True,False,False,0
Veo,19a1117f-4016-5679-a02c-89dd22d9aade,scooter,40.016979,-83.027858,,25.34,True,False,False,0
Veo,f30665df-85e9-50ea-be93-b994a1834488,bicycle,40.001466,-83.003791,,14.61,True,False,False,0
Veo,10e5b880-eb97-524b-b4b2-860307bb6ebe,bicycle,40.064147,-83.055194,,27.18,True,False,False,0
Veo,588a9ed3-80cc-5ace-ade8-38acc9984ef5,bicycle,40.001043,-83.008403,,14.17,True,False,False,0
Veo,85abeb2c-2e5c-51a6-b463-a831ecfb4141,scooter,40.098813,-83.114486,,28.14,True,False,False,0
Veo,ff368c19-52de-5c10-b6a4-21a5187d4cc4,bicycle,40.000341,-83.018068,,22.05,True,False,False,0
Veo,b13b31fd-e422-570b-ba61-f662b965bc3e,scooter,39.969626,-83.008851,,13.1,True,False,False,0
Veo,c5be6f26-ce91-590c-be63-7e5963180852,scooter,39.991985,-83.006588,,27.02,True,False,False,0
Veo,9baec0e6-9ed4-5b9b-87b6-582b1209c9d7,bicycle,39.993096,-83.043236,,28.14,True,False,False,0
Veo,96cb1f62-748c-5180-98a2-9e8bfa041d6c,scooter,40.012091,-83.021968,,24.84,True,False,False,0
Veo,3dfdb38a-dc0b-5918-b220-fa5a013e68ab,bicycle,39.945716,-82.96399,,11.83,True,False,False,0
Veo,c0e87aa8-6f16-585a-8c34-600503f78f25,bicycle,40.10391,-83.10969,,4.92,True,False,False,0
Veo,b3c32df2-1c8f-5ff3-9532-f63f382c160a,scooter,39.938725,-83.000165,,10.31,True,False,False,0
Veo,99c1d123-8210-5cc8-894c-700a7ba832dd,bicycle,39.904728,-82.986066,,15.89,False,False,True,0
Veo,1144e20b-7023-5f16-9700-78aa9e4a0676,bicycle,39.989847,-83.036427,,5.03,True,False,False,0
Veo,0c82c593-1b55-53f8-90dd-a7024d0ab1a1,scooter,39.99328,-83.019453,,28.14,True,False,False,0
Veo,f6e848fa-d250-5b52-9b4e-cd9c59e9b633,bicycle,39.942676,-82.983546,,28.14,True,False,False,0
Veo,dc414cb3-7019-5010-8cc6-1001fd77be76,bicycle,39.95088,-82.998473,,28.14,True,False,False,0
Veo,a5223e51-9077-5519-ad35-1c35f0a633f1,scooter,39.996229,-83.020635,,15.18,True,False,False,0
Veo,325fb41f-c953-58ab-991b-eb99a7dda661,scooter,39.997931,-83.007222,,2.12,True,False,False,0
Veo,9f2d54e3-cbe3-5439-9959-1d584856f3cd,scooter,39.997277,-83.017422,,24.06,True,False,False,0
Veo,697c72d5-889f-5327-bf26-902e20159e23,scooter,39.998215,-83.009824,,28.14,True,False,False,0
Veo,0fd350a7-b413-56c9-bcc0-71bb6a70a760,scooter,39.965091,-82.976098,,28.14,True,False,False,0
Veo,235d0c91-5eef-54cf-b5bf-f71cbdf2abe2,scooter,39.961206,-83.006476,,26.51,True,False,False,0
Veo,a8e9c667-6615-5ad6-af8c-f9681cd9bace,bicycle,40.054124,-83.045854,,14.43,True,False,False,0
Veo,a79780c9-1558-5bb4-8ae9-950896da93ac,bicycle,39.999177,-83.015687,,21.77,True,False,False,0
Veo,0b3e6b52-1609-57da-b167-e139a25e8c81,bicycle,39.93048,-82.993117,,6.07,True,False,False,0
Veo,6b34b9b4-e5a9-5fcf-8135-42a77cf2f452,bicycle,40.066848,-82.934255,,26.25,True,False,False,0
Veo,01221e54-941b-5499-ba44-e32195bb1c56,bicycle,39.992362,-83.005791,,22.7,True,False,False,0
Veo,fc26050c-ecaa-5ee0-b003-81a026fa7a1e,bicycle,39.997669,-83.015305,,14.43,True,False,False,0
Veo,d1c9e4c6-45e7-574e-bd24-cf07b85c23f7,scooter,39.958744,-82.945586,,27.02,True,False,False,0
Veo,577b54e7-7a47-5c35-9b96-7751bd66c6ee,scooter,39.933929,-82.919701,,16.84,True,False,False,0
Veo,ef7d434f-7765-55db-b067-3f05d84cf150,scooter,40.00564,-83.011725,,27.77,True,False,False,0
Veo,cba66e0a-52b4-588c-bc27-8c7312c41365,scooter,39.960057,-83.042289,,24.84,True,False,False,0
Veo,fec3680d-39ad-59c9-a95b-923f9b6ee695,scooter,40.039455,-82.974365,,6.67,True,False,False,0
Veo,c10fb6de-3d17-5503-87ed-76d4aec6cac0,scooter,39.972262,-83.00457,,27.44,True,False,False,0
Veo,689ea0e8-7fc1-5d16-9ff7-0be375581333,bicycle,39.946021,-83.058008,,24.84,True,False,False,0
Veo,ecc91dea-ccf6-551a-93eb-185212ba445d,scooter,40.08981,-83.094018,,28.14,True,False,False,0
Veo,4181705e-e4b5-5ebc-8d7c-eb09298288f5,scooter,40.000226,-83.017965,,14.86,True,False,False,0
Veo,49dbf41c-76d1-5958-9af7-f76ee049a012,bicycle,39.950101,-83.000169,,28.14,True,False,False,0
Veo,a0cba1e6-7588-5781-99ed-6d2af979b9f4,scooter,40.006667,-82.969834,,28.14,True,False,False,0
Veo,65065c36-cc06-50cb-8357-77dee3bd2c10,scooter,39.994414,-83.013354,,14.61,True,False,False,0
Veo,dcf40f13-f340-537f-b2fc-954ce33fdd43,bicycle,39.944591,-82.989691,,28.14,True,False,False,0
Veo,2bd18e16-ebaf-54cc-bdc5-1f75ac8aea7b,bicycle,40.02218,-82.964863,,22.7,True,False,False,0
Veo,9d456240-485d-5b7f-99be-277b03d715f8,scooter,39.937227,-83.014242,,25.34,True,False,False,0
Veo,bc1dfe26-dc3b-5526-be83-74ec1df780ca,bicycle,39.912639,-82.990758,,20.05,True,False,False,0
Veo,e6728409-135a-599c-ab93-1810dfea6289,bicycle,39.996517,-83.007223,,12.52,True,False,False,0
Veo,ef8728e9-bcb3-5752-be24-8fdab87918f6,scooter,39.971519,-83.005463,,16.84,True,False,False,0
Veo,13b2ce08-ad94-58a4-88ff-57a39b637b9e,bicycle,40.004399,-83.011171,,13.1,True,False,False,0
Veo,c15aadf5-bdc7-5b42-b8b1-e14e7c7cf766,bicycle,40.024476,-83.026322,,8.43,True,False,False,0
Veo,80b9e807-a1d9-544e-bd36-a3ca194ed8aa,scooter,40.10292,-83.108755,,25.65,True,False,False,0
Veo,cf986539-de94-5a0b-8b63-4474d5de7295,bicycle,39.949722,-82.967206,,11.11,True,False,False,0
Veo,694d1437-caea-5b81-9231-5db584aa7ec4,bicycle,39.953665,-83.097533,,24.33,True,False,False,0
Veo,aa6d4bb5-9185-5d96-b9c7-8d743e519fe5,scooter,40.000124,-83.008426,,14.43,True,False,False,0
Veo,e0137976-a02b-541c-b02b-8f731d829f54,bicycle,40.103882,-83.109649,,2.55,True,False,False,0
Veo,e7e36608-b847-5039-bb23-8a13be9291fe,scooter,39.963374,-82.956073,,28.14,True,False,False,0
Veo,4fa95f85-45a7-5f49-8167-ca28679f1c6c,bicycle,40.059424,-82.986719,,11.83,True,False,False,0
Veo,5f81e2a7-917e-543c-9954-cde4f73c7ee2,scooter,40.005651,-83.011718,,14.17,True,False,False,0
Veo,8871f122-1ce7-584c-b0d7-4b6ae38b65e7,bicycle,39.968138,-82.977223,,6.31,True,False,False,0
Veo,eab258f4-e178-50d5-9b6f-8fbff1777469,bicycle,39.958531,-82.958119,,28.14,True,False,False,0
Veo,e9acc7e5-91d0-5d2f-ba8c-da9d6a2be5af,bicycle,40.001863,-83.014675,,13.39,True,False,False,0
Veo,e10d2e1b-33b9-5a81-884e-8ba15ed8cb91,bicycle,39.95415,-83.01372,,18.19,True,False,False,0
Veo,66fb695a-6aa9-5c21-8e3a-413bf12dd0c1,bicycle,39.998222,-83.017372,,28.14,True,False,False,0
Veo,290c22a7-6136-5dde-90e7-f55d1388662e,bicycle,39.952124,-83.000491,,28.14,True,False,False,0
Veo,d5980aa2-f7eb-5e3f-8b61-37fbbd9f6337,bicycle,39.972705,-82.968044,,19.39,True,False,False,0
Veo,9e0def9a-c005-5f30-b8a9-05c49e6b4f60,scooter,39.926971,-82.970038,,26.78,True,False,False,0
Veo,37a82655-7dec-5e6e-8411-b8cd06fe39f5,bicycle,40.001468,-83.003803,,26.51,True,False,False,0
Veo,05148f33-8a51-5d55-ac0f-330fa2924fef,scooter,40.004875,-83.006615,,22.7,True,False,False,0
Veo,92dbd811-a9e8-5dc9-bf23-dc292a60c481,scooter,39.946812,-82.979654,,20.37,True,False,False,0
Veo,73e532c0-f83c-59fd-aa68-78fa256b0d61,bicycle,39.981384,-83.007,,9.02,True,False,False,0
Veo,1e54c0e5-6f72-5e9c-a946-900f755d90c5,bicycle,39.954327,-82.963527,,14.43,True,False,False,0
Veo,b7bf5ae2-33c3-5041-8ebb-06f0f24eb8e6,bicycle,39.994276,-82.980936,,27.77,True,False,False,0
Veo,ec3c31bd-3aef-5670-b3f9-527b8f410455,bicycle,39.996731,-83.015054,,25.65,True,False,False,0
Veo,6df602dd-18ab-5d92-91a3-6f9ea90cb50b,scooter,39.948829,-82.997924,,27.77,True,False,False,0
Veo,ce20c5df-19ae-5cb1-a342-68109aa04dcf,bicycle,39.939663,-83.112194,,24.33,True,False,False,0
Veo,a131f89a-2f5d-5434-aec5-1b40ddd4bb17,scooter,39.945773,-82.964089,,15.18,True,False,False,0
Veo,020856fb-c04d-57e3-951e-0d32725a97a7,bicycle,40.017827,-82.966941,,12.87,True,False,False,0
Veo,7e94b213-01ce-52c0-9c7a-a832c8ae5ad8,bicycle,39.986785,-83.040755,,26.25,True,False,False,0
Veo,bb635bc4-c4be-5362-84eb-c64710a944fe,bicycle,40.008083,-83.027896,,14.61,True,False,False,0
Veo,264313df-502d-5c36-a685-ff4d23c5d6db,bicycle,40.003275,-83.015692,,18.19,True,False,False,0
Veo,115afeee-79c0-56be-87a4-b4e189ceb198,bicycle,40.007807,-82.967531,,25.12,True,False,False,0
Veo,09ff6320-4232-5d3d-947a-e422edccb072,scooter,39.998291,-83.008088,,25.94,True,False,False,0
Veo,f6b57558-f21d-5be1-9c04-24ed4d91b8ac,bicycle,39.969274,-82.998281,,28.14,True,False,False,0
Veo,8fa9412c-d746-5053-a15b-256e6357eeae,bicycle,40.065284,-82.962092,,23.33,True,False,False,0
Veo,f6c36277-f0c4-5be2-a884-24abba6b399e,bicycle,39.926404,-83.117482,,17.89,True,False,False,0
Veo,e2407fdd-c0f9-5556-b47d-db67d32181ed,bicycle,39.955776,-83.014509,,24.06,True,False,False,0
Veo,be1f75e1-b72d-55b0-b7ba-35c209e380f4,scooter,39.948258,-83.106742,,6.67,True,False,False,0
Veo,0d0f5581-4f0d-55f6-8c90-48f86a8efe1a,bicycle,39.991987,-83.025537,,8.43,True,False,False,0
Veo,10c29d0f-bb30-51f4-8f39-e7ea0d42073e,bicycle,39.953344,-83.026514,,9.97,True,False,False,0
Veo,854b9309-598a-5a65-aa96-83735a2030ea,bicycle,39.986294,-82.986866,,23.33,True,False,False,0
Veo,06f2cf50-669a-5c09-b49d-eebb395ead2b,bicycle,39.967589,-83.013452,,28.14,True,False,False,0
Veo,4f51d2a3-ed05-5862-af1b-c97f144f3b73,scooter,39.927065,-82.951571,,27.77,False,False,True,0
Veo,f9c92563-8a12-5d80-89ef-57c12b63cc5d,bicycle,40.017793,-82.966258,,28.14,True,False,False,0
Veo,a9d7f1d2-97da-53f1-ad1e-0994115ce867,bicycle,40.090021,-83.108767,,13.1,True,False,False,0
Veo,5d719951-f446-5efd-85f1-270f756b4e1b,bicycle,39.9559180801078,-82.94530223016405,,0.0,True,False,False,0
Veo,6bea1be8-f8a7-5410-ba97-e26a163810d5,bicycle,40.098853,-83.114577,,10.31,True,False,False,0
Veo,e7621018-6970-50ce-85bb-419aaec6d7f4,bicycle,39.967393,-82.956436,,28.14,True,False,False,0
Veo,7818edbc-69ee-556d-921d-7713aaccfe86,bicycle,40.016854,-82.956518,,21.49,True,False,False,0
Veo,178324cf-046d-532a-952e-14a7d51a9ade,bicycle,40.090666,-82.98854,,22.39,True,False,False,0
Veo,91b6cf50-d0a3-5f57-a4fe-735622f369d3,scooter,40.001138,-83.011779,,25.12,True,False,False,0
Veo,a1c6f40a-a124-5d91-8f10-5a29ac103e3a,bicycle,40.005708,-82.99839,,8.78,False,False,True,0
Veo,62baa548-0d99-5018-9a09-a551a8259874,scooter,40.036005,-83.004981,,15.45,True,False,False,0
Veo,1263cbf9-20c6-533e-8aa5-f5b48055adbe,bicycle,39.933224,-82.980661,,17.89,True,False,False,0
Veo,c7af59fe-de5f-5eda-a774-9794d2e89a20,bicycle,40.000311,-82.996685,,15.89,True,False,False,0
Veo,7adbcd8c-87a8-5781-a290-feb25a84700e,bicycle,39.965398,-82.996577,,27.44,True,False,False,0
Veo,6ff49a06-60cd-5488-9612-e94bd0bf9edf,bicycle,39.990643,-83.026095,,21.77,True,False,False,0
Veo,b121bb5a-5aaa-5c87-a5ac-d279d3dd9e76,bicycle,40.10075,-83.115411,,26.51,True,False,False,0
Veo,68abb01e-e29a-5751-b279-065258e4f8df,bicycle,39.991249,-82.999365,,27.44,True,False,False,0
Veo,408070a7-c039-5e84-8300-79c9cf739d52,bicycle,39.941482,-82.962178,,20.78,True,False,False,0
Veo,d9010536-62cb-57bf-b8b6-80374a99d6a6,bicycle,39.992348,-82.966199,,12.87,True,False,False,0
Veo,0a476f5b-28af-5c36-b974-063cd65224fe,bicycle,39.956757,-83.003459,,26.25,True,False,False,0
Veo,5ab4f657-19de-5561-b9e7-80c1aec61e3b,scooter,39.964284,-83.004634,,25.94,True,False,False,0
Veo,4a55890e-c4bf-516e-ac17-79ecb91baaa8,bicycle,39.958858,-83.011756,,25.12,True,False,False,0
Veo,e3aecd87-d175-5ae6-977f-e12b37ec6347,bicycle,40.033658,-83.016575,,28.14,True,False,False,0
Veo,f43bd496-608e-56ee-b5db-2dec0f97bc69,bicycle,40.00105,-83.008424,,25.65,True,False,False,0
Veo,b1de50b9-9144-5d47-b1e2-0480a9a6899c,bicycle,39.999714,-82.998146,,16.39,True,False,False,0
Veo,ef2b6c00-e75c-5567-a07d-acc6f5d1c023,bicycle,40.001088,-83.008322,,28.14,True,False,False,0
Veo,b76e9c52-0ccc-5e93-8fe6-0c9d8a591bcf,bicycle,40.028407,-83.009306,,28.14,True,False,False,0
Veo,7bcbaf86-aa22-5e34-b8c2-f390e92ec10a,bicycle,39.960422,-83.03924,,21.49,True,False,False,0
Veo,7b7020db-f99e-5e59-8e21-4e24f5b134aa,bicycle,40.046335,-83.04546,,28.14,True,False,False,0
Veo,01189cd5-050e-54c7-a5b1-892cc086a55c,bicycle,40.002516,-83.015888,,28.14,True,False,False,0
Veo,d19d5c46-a200-53da-96ea-0dccc2c8ca7d,bicycle,40.00255,-83.01559,,28.14,True,False,False,0
Veo,96fe6a88-9e70-5d9e-808a-0b0d4f04aac0,bicycle,40.101,-83.108773,,17.89,True,False,False,0
Veo,51ba3759-643b-5487-b7b5-63ed656f5061,scooter,39.947002,-83.054739,,13.1,True,False,False,0
Veo,f77d15b5-838d-5ba3-90f7-f479575ba9d1,bicycle,39.968171,-82.99258,,15.45,False,True,False,0
Veo,fb685f13-383d-5a34-b545-71a9abb34fb8,bicycle,39.989705,-82.995988,,28.14,True,False,False,0
Veo,16e4b263-9d04-5537-bd24-07a0611670dd,bicycle,40.01724,-82.992873,,13.64,True,False,False,0
Veo,83cba412-cdff-57fd-bd2d-07ef75ddff21,bicycle,39.908885,-82.962149,,5.27,True,False,False,0
Veo,67c32d83-f979-560b-aad4-d9b5ca1e65c8,bicycle,40.000539,-82.98629,,28.14,False,False,True,0
Veo,dac629db-50d2-5547-ae95-b86838b134af,bicycle,40.037539,-83.031995,,22.05,True,False,False,0
Veo,7f1b79e9-3843-57e1-8d3f-db61a293f78f,bicycle,39.957378,-83.011321,,27.02,True,False,False,0
Veo,52b63f94-6506-5ad3-bdf2-53ad1def1808,bicycle,39.944234,-83.043369,,28.14,True,False,False,0
Veo,09010eb1-346c-5d50-9187-bf1266d749f7,scooter,40.003966,-83.016113,,24.06,False,True,False,0
Veo,249b1e48-4e6c-5c2b-bb43-606fc44e7ab9,bicycle,40.060042,-83.000648,,10.51,True,False,False,0
Veo,35b11cd6-ad1c-5afe-949b-278609b0fdb5,bicycle,39.954163984780905,-83.01374113191245,,0.0,True,False,False,0
Veo,d2299f93-43f8-517a-9190-cb1899d7b6ae,scooter,40.003192,-83.010228,,24.06,True,False,False,0
Veo,893fbf31-3ffe-5242-a63d-8fe019cb8bfe,bicycle,39.981282,-83.006094,,12.87,True,False,False,0
Veo,84142183-afd8-5c50-8ca6-0a188e322ffd,bicycle,39.993429,-83.004844,,24.06,True,False,False,0
Veo,322192f1-0f3c-5e8b-a64d-23947bf47667,scooter,39.944504,-82.989619,,28.14,True,False,False,0
Veo,686ac191-ec7c-590b-85f2-e3e7a55e0ec8,scooter,40.000148,-83.018034,,26.25,True,False,False,0
Veo,4d3b7194-a58a-5320-a189-a2ff2bd50784,scooter,40.022404,-83.027496,,14.43,True,False,False,0
Veo,2f11070a-1f49-5308-a9df-448fad1b4f61,bicycle,39.987868,-82.965092,,2.79,True,False,False,0
Veo,6043cc15-6f87-56fe-9ca1-44dc5efc5a3a,bicycle,39.907287,-83.074189,,14.43,True,False,False,0
Veo,56200c70-e705-55f5-9d07-56642fc64a94,scooter,40.004095,-83.01339,,12.07,True,False,False,0
Veo,b4262740-b473-560d-8ad9-c9a482a4f585,bicycle,40.026214,-82.949996,,28.14,True,False,False,0
Veo,f2f9090f-2e3f-5f67-b62a-2172d9c8d057,bicycle,39.991642,-82.997587,,19.05,True,False,False,0
Veo,df4c15a4-ffa7-5902-bbdb-2f456019b6f3,scooter,39.969096,-83.003923,,20.37,True,False,False,0
Veo,10fdb11a-2e89-50f3-8e11-d85297f83dcd,bicycle,40.003483,-82.996915,,14.86,True,False,False,0
Veo,e5df3bb9-2b9c-50a5-bc95-b40f356d17c2,bicycle,40.007072,-83.002758,,25.12,True,False,False,0
Veo,0ed5f5f9-230a-5b09-bd38-4a56d9b1fe38,bicycle,40.010445,-82.970167,,15.18,True,False,False,0
Veo,583292d6-a222-5167-8980-d7c37e2b6300,scooter,39.967338,-83.077203,,16.39,True,False,False,0
Veo,4b3aea15-78fe-54dc-9ec6-e287494daa6f,bicycle,39.991975,-83.006529,,12.87,True,False,False,0
Veo,add822b8-aede-5518-a490-e15bf8c5aece,bicycle,39.930338,-82.961419,,19.05,True,False,False,0
Veo,4eead539-8e2e-58d5-bd5a-f8e56a3f17cd,bicycle,40.028719,-83.014941,,5.44,True,False,False,0
Veo,057b12f6-0c63-5e2b-9a0b-27936d6a2705,bicycle,39.990911,-83.011258,,22.7,True,False,False,0
Veo,c4facfa1-d36e-5565-9d26-53cffce09f3e,bicycle,39.999281,-83.016172,,25.12,True,False,False,0
Veo,98a57f1b-d1d0-5096-8ab0-ec52c86e6d82,bicycle,40.001379,-83.008764,,28.01,True,False,False,0
Veo,f231effd-9ae1-50f0-b20a-285813d83223,bicycle,40.101006,-83.108751,,24.33,True,False,False,0
Veo,233c9f30-b95c-53d4-8840-089386e46077,bicycle,40.006455,-82.975081,,28.14,True,False,False,0
Veo,cc193ea6-fbb2-508f-990d-6ad6637b57d1,bicycle,40.006509,-82.972975,,15.18,True,False,False,0
Veo,903250c5-c027-544d-8734-19c41fb8ee0e,bicycle,39.995703,-83.003971,,27.77,True,False,False,0
Veo,8ca702e8-5ad0-568a-9933-a7bafe44a115,scooter,40.001007,-83.013935,,26.25,True,False,False,0
Veo,423d6920-58b4-5c86-b2fa-32d0c02ff3d6,bicycle,39.942728,-82.979292,,6.31,True,False,False,0
Veo,f6d7259f-5426-5080-ac35-0573a0fde9a1,bicycle,40.05319,-83.049463,,14.61,True,False,False,0
Veo,d762e348-9881-57a8-bd8e-800418f23cb0,bicycle,39.997944,-83.007283,,7.29,False,False,True,0
Veo,1c992590-da11-5e90-a173-d11a3b7d3a0c,bicycle,40.032929,-82.905998,,14.86,True,False,False,0
Veo,15bb2521-9b40-5a1e-8c00-3b5330fc9181,bicycle,39.963216,-82.981321,,19.05,True,False,False,0
Veo,b6053af5-77b9-5675-8ee1-ecdae8b14b3f,bicycle,39.951008,-83.058878,,16.84,True,False,False,0
Veo,6fed0940-a8c2-53ad-835f-963a77dfc328,scooter,39.978526,-83.014528,,23.77,True,False,False,0
Veo,f0953dbc-bd45-5d28-afc0-afc0cf8a94e2,bicycle,39.939682,-83.112201,,1.15,True,False,False,0
Veo,f08e8151-55dc-58ff-b565-174991956c20,scooter,39.955832,-83.000204,,24.84,True,False,False,0
Veo,965c29ce-ea96-5038-8b68-f64124af6b54,bicycle,40.013626,-82.971377,,19.05,True,False,False,0
Veo,b1eb923e-78fb-5b51-b2b3-ec817b54e416,bicycle,40.002111,-83.00602,,28.14,True,False,False,0
Veo,5def9d84-a4d5-5450-8f81-345c2c7ab40b,bicycle,39.980358,-83.010133,,22.39,True,False,False,0
Veo,97d4922d-3c90-524f-804d-7091f23caa97,bicycle,39.957735,-83.038695,,12.52,True,False,False,0
Veo,f2e1c5e3-2924-52ea-a63f-2dd58c76d876,bicycle,40.005749,-83.044189,,28.14,True,False,False,0
Veo,7940accb-e7bd-5993-ae3c-20bf62da0a96,bicycle,39.966339,-82.970198,,13.1,True,False,False,0
Veo,5a850415-6221-557b-b3bb-3cd70888b7ec,bicycle,40.000272,-82.99219,,28.14,True,False,False,0
Veo,516994da-3568-5e0a-869c-3c1637db44ee,bicycle,40.103819,-83.109493,,9.97,True,False,False,0
Veo,f8cc941c-1077-5073-b408-8073ca472c34,bicycle,40.015691,-82.9609,,28.14,True,False,False,0
Veo,37ec81a8-7d9f-5598-bac1-1d6d9ccc688a,bicycle,40.085752,-82.957152,,18.19,False,False,True,0
Veo,09641e5c-7a7f-55db-9802-bd13be6ce1d4,bicycle,39.975446,-83.022997,,18.67,True,False,False,0
Veo,edf41abe-3b2b-503e-b51a-ced0fa129a50,bicycle,40.055397,-83.047676,,25.34,True,False,False,0
Veo,ff3237b5-f186-5e4a-8dde-23b66be86d0c,bicycle,40.098806,-83.114468,,26.51,True,False,False,0
Veo,36d5bcd7-5e30-5e11-8955-e92ba6305b52,bicycle,39.954478,-83.070427,,8.78,True,False,False,0
Veo,c783edcc-99b0-5544-9153-ef8cdcfce29c,bicycle,40.021969,-83.001903,,25.74,True,False,False,0
Veo,6e1f78ea-fe2f-5c4a-8d4a-cff25fe76238,bicycle,39.998146,-83.00985,,25.65,True,False,False,0
Veo,de31a772-2f8a-5323-86bb-4b8a8716deda,bicycle,40.002612,-83.001497,,28.14,True,False,False,0
Veo,4dd23f3c-70cb-5eb0-954d-d79d93d467c8,bicycle,39.969441,-82.988186,,14.61,True,False,False,0
Veo,555fb372-d0a0-5170-b643-42a7bc857150,bicycle,40.065969,-83.072789,,28.14,True,False,False,0
Veo,266b5d61-b8e3-5d19-9f6d-027bdf1e440b,bicycle,40.074627,-83.02777,,25.94,True,False,False,0
Veo,f72a3914-9266-5b2f-883a-7c74af0a8411,bicycle,39.996995,-83.007673,,2.79,True,False,False,0
Veo,398555e3-f9ef-57ec-b521-ac320c1360ee,bicycle,40.004964,-83.012611,,26.51,True,False,False,0
Veo,595512ec-35cf-53f6-9e4a-b3947a523d13,bicycle,40.101018,-83.108742,,22.7,True,False,False,0
Veo,bd43b8a5-8e4d-5cca-a062-1c3f2828a43a,bicycle,40.003054,-82.998604,,27.02,True,False,False,0
Veo,e02296f1-2d68-50f3-a65a-ffe2fbf46ee3,bicycle,39.931346,-82.983327,,14.61,False,False,True,0
Veo,74be8626-bed7-560e-b682-4f281c1d22b8,bicycle,39.930615,-82.997059,,17.37,True,False,False,0
Veo,44655b53-2d86-5fcc-8c7d-3d14376f3390,bicycle,39.996325,-82.987373,,11.59,True,False,False,0
Veo,1a1a9be5-fd18-5175-a74e-d388e5a2225d,bicycle,39.946537,-83.058615,,25.34,True,False,False,0
Veo,cd403042-7c9a-5ae3-83b5-911d9949ff39,bicycle,39.998582,-83.00771,,20.78,True,False,False,0
Veo,8bbe385c-bb44-5531-a584-1a4f7f07d59a,bicycle,39.947098,-83.044313,,18.19,True,False,False,0
Veo,2968523b-9e1e-56e7-8cf3-df399d2e97c3,bicycle,40.002726,-83.016445,,19.39,True,False,False,0
Veo,01605fc6-e8bb-5e5d-a1bc-a9679dbe8cd2,bicycle,39.999,-83.016901,,23.77,True,False,False,0
Veo,172d7d04-8ce1-58ef-8664-c2c7b3b47b25,bicycle,39.969176,-83.007597,,18.19,True,False,False,0
Veo,ff33e912-f298-5ab5-bcc5-4196ecf09a74,bicycle,39.999442,-83.005954,,10.79,True,False,False,0
Veo,412b661e-7fbe-5fa5-b0dc-cea6f11c0fa9,bicycle,39.957471,-83.011052,,28.14,True,False,False,0
Veo,6743678f-f4c3-5967-a7f0-25e7e7b0d2b3,bicycle,40.00188,-83.008933,,15.18,True,False,False,0
Veo,fbc0bfd3-a60b-571f-a4a4-ecc60fcd51d1,bicycle,39.954848,-82.998159,,28.14,True,False,False,0
Veo,926515f6-a94e-5221-9670-219f0c476dd2,scooter,39.985012,-82.92593,,23.02,True,False,False,0
Veo,ff4cdadf-c8a9-5b5a-ab8a-62aac61e6f31,scooter,39.963053,-83.004296,,17.89,True,False,False,0
Veo,794fc3c3-3a01-5daa-a62c-43723934c482,scooter,40.001509,-82.94393,,21.49,True,False,False,0
Veo,16eadb6c-22bb-5a85-bdb2-747853a89682,scooter,40.082635,-82.947377,,14.43,True,False,False,0
Veo,a7949ab6-455f-579c-85a6-72968479d851,scooter,39.947402,-83.075654,,25.74,True,False,False,0
Veo,6561e81f-866e-5716-a769-a9be6201771f,scooter,39.998115,-83.010036,,13.39,True,False,False,0
Veo,a10a8ec1-a847-5be1-8c44-9d903478d950,bicycle,39.969464,-82.935641,,24.33,True,False,False,0
Veo,2a687f2e-c731-5f02-9682-1d8c73074c70,scooter,40.005634,-83.010654,,28.01,True,False,False,0
Veo,a0d1daad-3aec-500a-a861-bd89fde139a0,bicycle,39.951828,-83.069216,,22.7,True,False,False,0
Veo,b3bcc9e4-3b1d-5757-b057-c2675d7e8c60,bicycle,39.952464,-82.997874,,26.25,True,False,False,0
Veo,147baa9c-d19f-5274-9e2b-443f5c13b497,scooter,39.978697,-83.00188,,20.78,True,False,False,0
Veo,e129a2a7-f3f0-58a9-9cdd-bbc8fa8e303a,scooter,40.018645,-83.025731,,22.7,True,False,False,0
Veo,9e7afb7a-eb32-52f5-9766-7ab1bede18d2,scooter,39.955884,-83.003188,,27.77,True,False,False,0
Veo,e9cd8623-e434-5b9c-8976-95efd1afdf48,scooter,40.033661,-83.016556,,22.39,True,False,False,0
Veo,d8f8fcc7-a298-50eb-8104-8f7053f2edd5,bicycle,40.011369,-83.010146,,14.43,True,False,False,0
Veo,bd2ae15e-4a74-596b-a7b6-9a654d5c8615,scooter,40.033652,-83.016513,,12.52,True,False,False,0
Veo,2f071398-8af8-59a8-8810-beb580dcd3a4,scooter,39.998886,-83.01054,,22.7,True,False,False,0
Veo,8255611f-594a-511d-8bcc-96a773199246,scooter,40.003667,-83.014658,,14.86,True,False,False,0
Veo,eebb7f03-9515-5638-bfb6-e094235a7f5c,scooter,40.003914,-83.012713,,25.74,True,False,False,0
Veo,3d0d2dfb-acfa-50aa-8130-536667f026d7,scooter,40.003908,-83.014373,,28.01,True,False,False,0
Veo,8856f34f-5b8a-5a46-9cf2-5e67fef09dc9,scooter,39.948127,-82.997829,,22.7,True,False,False,0
Veo,48c05abe-05b6-5087-b233-2fa4bfad3d8c,scooter,39.951925,-82.99665,,28.14,True,False,False,0
Veo,74587db1-b790-519b-b1e4-24c38d46ea02,scooter,40.102106,-83.110541,,28.14,True,False,False,0
Veo,553e5d3c-ec17-5e29-a6a2-edb4cb6f8e0e,scooter,40.000219,-83.018001,,28.14,True,False,False,0
Veo,46e53dbb-9089-5daf-86e6-05e71d6a5e08,scooter,40.00182,-83.010439,,18.67,True,False,False,0
Veo,6e545532-2298-522b-8379-55aa62a0e655,bicycle,39.979243,-83.001968,,20.05,True,False,False,0
Veo,f46d48f0-bc46-5fd4-b78d-8d1338076e8f,scooter,39.968384,-82.998251,,14.43,True,False,False,0
Veo,606d1804-9cd3-5352-b42f-a6f4a00bfe46,scooter,40.00272,-83.026301,,28.14,True,False,False,0
Veo,8720fb08-014d-5949-ba15-e801a3957114,scooter,39.973491,-83.00475,,28.14,True,False,False,0
Veo,afe7b16b-8038-5304-bf97-dcf23367eac9,scooter,39.973819,-83.00852,,21.77,True,False,False,0
Veo,7c0fa6b9-70df-5d41-bf65-902857b36d68,scooter,40.003691,-83.013791,,15.89,True,False,False,0
Veo,23e0712b-46a8-5e1f-984e-0abf3965f2dc,scooter,39.968621,-83.004958,,10.51,True,False,False,0
Veo,060e8b9f-b6b5-52bb-a09d-467cdbcf403c,scooter,39.999799,-83.00516,,9.65,True,False,False,0
Veo,fbeb3263-1ff1-521a-a766-a776418f4572,scooter,39.970499,-83.002486,,27.02,True,False,False,0
Veo,73502631-e159-5947-b6c9-f7cd2c99f91c,scooter,39.974499,-83.003499,,22.39,True,False,False,0
Veo,d1afeecf-e768-54eb-9176-29443167cf1f,scooter,39.978217,-83.001817,,25.94,True,False,False,0
Veo,cbdef5ba-a507-5511-bff6-7ec9c88add58,bicycle,39.93483,-82.910036,,27.44,False,False,True,0
Veo,22711c5b-94da-58ad-9b28-40941bb01989,scooter,39.96911,-83.003881,,25.12,True,False,False,0
Veo,4ec06e9c-3f01-5ebb-9906-6d333dcf688e,scooter,39.985604,-82.999872,,8.78,True,False,False,0
Veo,96f894e1-a1fd-51d8-b107-af3c0d216ec5,scooter,39.991665,-82.995574,,24.33,True,False,False,0
Veo,ed6074c0-cf57-5ced-a47a-e5c6491f8293,scooter,39.974127,-83.001228,,11.59,True,False,False,0
Veo,025f6604-d9a6-54e0-895b-5edc36919453,scooter,39.990383,-83.014548,,24.06,True,False,False,0
Veo,22da3e76-482d-5253-bdf3-64e126ebc924,bicycle,39.940261,-83.013622,,12.87,True,False,False,0
Veo,f7614048-1553-5f74-8db0-308abb61a463,bicycle,40.001445,-83.003779,,16.39,True,False,False,0
Veo,7d32c50c-0d70-5d78-a8b0-f273b1787447,bicycle,39.97991,-83.017956,,28.14,True,False,False,0
Veo,da2e0a2c-00ea-531c-a1ba-b8bf654585ad,bicycle,39.950282,-82.946784,,28.14,True,False,False,0
Veo,81f3a1c1-03d2-5886-a10b-82fe3540ad91,scooter,39.974631,-82.998128,,26.78,True,False,False,0
Veo,bd42c86b-7659-517c-bc5b-75e06fa524c9,bicycle,40.102429,-83.109518,,14.43,True,False,False,0
Veo,bb069329-752e-5579-8eb8-65829be45557,scooter,40.000391,-83.01816,,28.14,False,True,False,0
Veo,79a3aa60-0b29-50b3-84b7-978d96ce839c,scooter,40.103001,-83.108731,,13.64,True,False,False,0
Veo,34d39d19-8ac7-5b6e-8a9c-4a7482fc235e,scooter,40.033661,-83.01653,,28.14,True,False,False,0
Veo,7791ae0c-2b8f-5332-97e0-f2942e4e8cff,scooter,39.998214,-83.016576,,28.14,True,False,False,0
Veo,adb8c78a-7a48-5ed9-8148-4f6f87cf51e9,bicycle,40.002249,-83.014079,,18.19,True,False,False,0
Veo,1e85f960-30d2-5a1f-9536-e52898fc9f10,scooter,39.995971,-83.009818,,7.29,True,False,False,0
Veo,a1a19514-a9c3-51fd-8fb8-264f3c33109f,bicycle,39.946546,-83.058411,,28.14,True,False,False,0
Veo,aea39519-ec98-56d1-b1ef-74b871d19bee,bicycle,39.946407,-83.058523,,27.02,True,False,False,0
Veo,e01c0e95-06ed-559a-a325-db1ce55fa234,scooter,40.003237,-83.008591,,26.78,True,False,False,0
Veo,be7a3a3d-04ef-584d-a19f-aebf7a712105,scooter,39.992693,-83.00952,,24.33,True,False,False,0
Veo,f8bf1766-28ae-5f65-b5fc-a79a296da3e0,bicycle,39.992909,-82.99522,,17.89,True,False,False,0
Veo,fb7ce1f5-2064-5c46-9c67-c9a720827f02,scooter,40.003501,-83.015,,27.77,True,False,False,0
Veo,6e5ca337-9369-5c9f-959c-18024cf113e8,scooter,39.971248,-83.002601,,16.39,True,False,False,0
Veo,d0ce9e51-be59-58de-b4d7-3250efe20028,bicycle,39.970301,-83.107882,,7.62,True,False,False,0
Veo,762dc15f-1dad-5864-afc1-be15d27bae08,scooter,40.101014,-83.108712,,13.86,True,False,False,0
Veo,4050fe3c-9172-54cf-bb83-488e617b52b2,scooter,40.017242,-83.012798,,25.34,True,False,False,0
Veo,68fa43aa-5b23-55dc-b42b-8a7cc176dd9e,bicycle,40.004713,-83.023589,,10.79,True,False,False,0
Veo,0f19d36e-bfe4-56a3-91b7-a9a0be4954ae,scooter,39.985583,-82.999792,,8.43,True,False,False,0
Veo,6e23e512-9748-52b2-a33c-b95faae252d3,scooter,39.969248,-83.004035,,28.14,True,False,False,0
Veo,183accc9-614f-5a6e-abbe-1eeb19f642c9,bicycle,39.9721,-83.005411,,15.18,True,False,False,0
Veo,d4d3f19b-f665-5397-a03e-f934f31ec9e0,scooter,39.965285,-82.984527,,12.63,True,False,False,0
Veo,46549dd2-c015-51b6-a16d-13d630b68890,bicycle,40.109952,-83.107078,,22.05,True,False,False,0
Veo,62e92442-b6a3-5707-9dc6-f9f7c9db802d,scooter,39.996494,-82.99744,,15.89,True,False,False,0
Veo,ab96db9f-c31f-5688-9ccd-b8b82fbf52ca,scooter,39.938461,-82.968972,,12.07,True,False,False,0
Veo,55dcffb8-57ff-5d2c-9dc0-44b6ffeff089,bicycle,39.997271,-82.996878,,28.14,True,False,False,0
Veo,b34a40dc-6017-57ae-a709-84836c2e8c30,scooter,40.00325,-83.008467,,27.44,True,False,False,0
Veo,b871a407-c13c-53b0-be83-bc5b4a918831,scooter,40.052737,-83.046229,,28.14,True,False,False,0
Veo,aa81a21d-2fa3-53b3-812b-eaeff1410672,scooter,40.001765,-83.042233,,24.33,True,False,False,0
Veo,71c8ce3f-b1c7-5f1e-9e43-06aa4611c7c6,bicycle,40.003868,-83.012878,,27.77,True,False,False,0
Veo,6f8848f8-7ba4-5169-a817-9724756d3165,scooter,40.003733,-83.012993,,13.39,True,False,False,0
Veo,01b32ddf-d5e2-543d-b581-d44ed5e5ec3f,scooter,40.002017,-83.016346,,12.07,True,False,False,0
Veo,4f938b67-f1ba-5edf-bf36-a733af5562c2,scooter,39.994618,-83.002447,,25.65,True,False,False,0
Veo,19be116a-ec18-5eef-ae46-3f6c28201efa,scooter,40.002323,-83.012661,,14.86,False,True,False,0
Veo,43a389a0-44ee-5cb6-86af-a3e380e3c769,scooter,39.95637,-83.009922,,15.45,True,False,False,0
Veo,8368b120-0a8b-5966-b0be-6b6ac4dec381,bicycle,39.960104,-83.012711,,25.74,True,False,False,0
Veo,856f8a0e-eb25-5151-8da3-d4cdfaf78388,bicycle,39.969115,-83.003931,,21.15,True,False,False,0
Veo,d0c752de-1363-5402-b0dc-b90790823eb1,scooter,39.976828,-82.874417,,27.77,True,False,False,0
Veo,388023c8-a4ae-53c2-96be-b435013d0bab,scooter,39.988536,-83.027909,,10.31,True,False,False,0
Veo,8405faaf-dd79-5670-8bcf-80aa5d4230a1,scooter,40.003872,-83.012971,,19.78,True,False,False,0
Veo,37158b06-70af-5bd1-8412-730462bef913,bicycle,39.983127,-83.016956,,23.02,True,False,False,0
Veo,d1442921-5b26-5196-9329-d890be2b8487,scooter,39.985594,-82.995374,,20.78,True,False,False,0
Veo,14b729f0-6e61-5095-9eba-2191a505379a,scooter,39.969225,-83.003951,,28.14,True,False,False,0
Veo,4043cf31-fa8c-5368-a1ea-2ee0029eb5bc,scooter,39.938928,-83.098511,,18.19,True,False,False,0
Veo,254e82c5-ea12-5170-931f-08881099d259,scooter,39.992004,-83.006633,,17.89,True,False,False,0
Veo,2b72f3db-25ef-54fd-b6e7-722dd7585fae,scooter,39.957406,-83.011464,,18.67,True,False,False,0
Veo,e61f8420-c7ae-514a-bb35-2cd62200d52a,scooter,40.001726,-83.026155,,28.14,True,False,False,0
Veo,83820eb8-9c65-551c-bbc7-6b9cc01ecf30,scooter,39.979752,-82.998233,,21.15,True,False,False,0
Veo,62a840f8-c676-50af-896c-bb63ca69538b,scooter,39.975565,-83.00336,,27.02,True,False,False,0
Veo,3c91d5b6-9b79-5dab-9b7a-7f71b88b3509,scooter,39.946377,-83.05855,,25.74,True,False,False,0
Veo,4a3872c5-a0f9-5a2f-a9ff-403f6360c147,scooter,40.005076,-83.011865,,25.65,True,False,False,0
Veo,ffb3e32c-f891-5a63-9312-9bb194a18ae5,scooter,39.997172,-83.015501,,24.33,True,False,False,0
Veo,6daff465-bd4d-5966-955f-2c7c7280310b,scooter,40.001287,-83.014015,,27.02,True,False,False,0
Veo,7de6894d-1bc4-552c-8741-2b755da4e842,scooter,39.928861,-82.950797,,28.14,True,False,False,0
Veo,bc1e7e1e-f4cf-5973-8763-08f62d4e17f0,scooter,39.973266,-82.970053,,17.37,True,False,False,0
Veo,2bd37d3c-84a0-5c82-86b8-b8f5f68572bd,scooter,39.977802,-83.009104,,23.02,True,False,False,0
Veo,b95823db-f14e-5d01-ae2a-757f97507348,scooter,39.957394,-83.011393,,25.65,True,False,False,0
Veo,d4c34ce3-e4a3-5075-bbb6-18400819a284,scooter,39.999735,-83.002164,,25.34,True,False,False,0
Veo,af70c69e-3d74-5951-a3f7-54c37d7482f2,scooter,39.959881,-83.013263,,26.78,True,False,False,0
Veo,4206ed57-e896-57de-b18e-307bbdf96f39,bicycle,39.964613,-83.002917,,10.31,True,False,False,0
Veo,d36b615f-ca75-5ed8-bb83-aecc9a85debc,scooter,39.968257,-83.003409,,15.18,True,False,False,0
Veo,637f6896-cb17-5a9a-b605-17ada6d390a3,scooter,40.015873,-83.030284,,12.52,True,False,False,0
Veo,2ba9d70f-f6d5-5536-90d6-29be60bcb2db,scooter,40.002621,-83.012802,,20.37,True,False,False,0
Veo,f0384dbf-f36b-5594-81b2-8ec8beccab86,bicycle,39.980129,-83.004888,,28.14,True,False,False,0
Veo,8b437912-04b3-5867-ac96-5bffd0e35e15,scooter,40.001096,-83.008369,,13.1,True,False,False,0
Veo,c739cff3-1d4e-5907-bb4a-590c2ad900bb,scooter,40.001486,-83.015561,,24.84,True,False,False,0
Veo,af873754-1541-5e7c-a4e6-87058858425e,scooter,39.996239,-83.007275,,24.33,True,False,False,0
Veo,7b344d37-482c-5956-bad9-ef31c934e572,bicycle,39.995772,-83.007346,,22.05,True,False,False,0
Veo,715ac2ba-9f44-5e05-b3fa-01f8786cc80f,scooter,39.986406,-82.986819,,26.25,True,False,False,0
Veo,279add32-cdff-59a3-8fc7-0b94267f783e,scooter,40.003752,-83.014895,,16.84,True,False,False,0
Veo,e60df6e6-539b-56b1-a01b-86ee1fc915de,scooter,40.00178,-83.015431,,25.12,True,False,False,0
Veo,83c3b10d-9273-5546-bb2b-97812f270186,bicycle,39.949429,-83.022271,,27.77,True,False,False,0
Veo,1324339b-1fd9-5179-9632-af15efc1f36a,scooter,39.983841,-83.004984,,11.11,True,False,False,0
Veo,95cb86ce-2efa-52da-b2d8-5d63f1930e1c,bicycle,39.998914,-83.038972,,28.14,True,False,False,0
Veo,35b770a9-ff4e-568a-a975-7a765b0259a5,scooter,39.944557,-82.989696,,28.14,True,False,False,0
Veo,e6c7fa1f-85e5-5b5a-acfd-167cb9cacb4f,bicycle,40.032952,-83.001212,,9.02,True,False,False,0
Veo,96148ef1-c65b-5327-8523-ba956a0bd2a2,scooter,40.003548,-83.008959,,24.06,True,False,False,0
Veo,a1f4adb3-b970-5b38-af16-782c0790033a,scooter,40.006193,-83.009432,,14.17,True,False,False,0
Veo,1d4995c4-8d7b-5614-9b44-0c0e1f39b565,scooter,40.009726,-83.010998,,12.87,True,False,False,0
Veo,5c247ebd-064d-5e4b-91dc-bf261e288ddb,scooter,39.991913,-83.00647,,28.14,True,False,False,0
Veo,c0ddd969-6fb6-52f1-8ac8-8258fe28baa6,scooter,40.016222,-83.030422,,16.39,True,False,False,0
Veo,64562998-f260-56ae-acd8-f74545b45b31,scooter,39.998568,-83.011894,,28.14,True,False,False,0
Veo,4f0a3b19-7f8e-5109-a93e-8e19fcce7519,scooter,40.055879,-83.047638,,14.43,True,False,False,0
Veo,9bed9dc5-da53-5b88-9e6f-658b3c7b9843,scooter,39.967598,-83.013431,,28.14,True,False,False,0
Veo,ba17305a-6812-54e3-b373-d8c6abc5f5d9,bicycle,40.052296,-83.041732,,18.19,True,False,False,0
Veo,c665c9ef-adee-50ec-a5e2-4041b44cfd01,bicycle,40.010645,-83.003972,,24.33,True,False,False,0
Veo,ff3741fa-e8a4-59f6-b4d0-e2680f2cc74a,bicycle,39.987088,-83.006553,,27.18,True,False,False,0
Veo,c2456b1c-23c4-5fbf-ac85-13f8abb177f4,bicycle,40.006166,-83.011618,,13.64,True,False,False,0
Veo,a59ed548-7cf5-5a00-897f-7a38b61de2e9,bicycle,39.935883,-82.988871,,27.77,True,False,False,0
Veo,de448dac-7ec8-5877-b721-9893a1e74d7c,bicycle,39.993537,-83.016241,,26.51,True,False,False,0
Veo,1a12467a-cce9-5ba0-9592-c9573fd4a473,bicycle,39.943247,-82.996523,,14.43,True,False,False,0
Veo,a1b65b25-00e1-59b3-a221-774af65db9a3,bicycle,39.955038,-83.018877,,10.51,True,False,False,0
Veo,54fb0090-8ab4-52c0-8540-04b0d7df4e9b,bicycle,39.956149,-82.95621,,27.44,True,False,False,0
Veo,b06eff51-5c12-5abf-aec7-143d4c07e263,bicycle,40.003042,-83.012017,,22.39,True,False,False,0
Veo,20b6fba1-a074-5917-a43e-eb570b1a6cc6,bicycle,39.976188,-83.009859,,27.77,True,False,False,0
Veo,60431d8f-193e-5515-83a1-06bd353624d6,bicycle,39.988812,-82.981297,,25.34,True,False,False,0
Veo,cf5d7e15-daaa-5f61-a8fa-6ba6ba7b865d,bicycle,39.968109,-82.977256,,28.14,True,False,False,0
Veo,69fb9ee3-d7e8-5f04-9715-258604322560,bicycle,40.08823,-83.105024,,5.83,True,False,False,0
Veo,aacff077-fa7d-5511-8b37-3060c8121106,bicycle,39.959379,-82.993701,,25.65,True,False,False,0
Veo,088727e4-2be5-538e-a95e-c83ac2731742,bicycle,39.974755,-83.070872,,25.34,True,False,False,0
Veo,201f4f87-037f-53c1-b9c5-551fcd57a7ed,scooter,40.000198,-83.018004,,10.79,True,False,False,0
Veo,b0a2f393-d464-507c-b5a5-53945b600532,bicycle,40.011931,-82.96855,,28.14,True,False,False,0
Veo,e253bc49-26c1-5fc9-b9b1-fde8d4ff3edc,bicycle,40.019154,-83.025668,,24.33,False,False,True,0
Veo,da857f1d-52bc-51b2-822e-0a5f439e9d01,bicycle,40.019474,-83.01302,,13.86,True,False,False,0
Veo,5a4a5c28-7e0c-50da-98aa-f871780551ff,bicycle,39.957571,-82.949235,,28.14,True,False,False,0
Veo,3cde9b3c-413b-5e0e-be0b-c7500d4274f7,bicycle,39.957102,-83.008847,,22.7,True,False,False,0
Veo,9e2af987-4a5f-5cdb-b642-e0e2cff3a6d4,bicycle,40.033042,-83.001858,,5.83,True,False,False,0
Veo,90e0fb4b-69de-5abe-8a76-a4d04cd614bd,bicycle,40.006455,-82.975101,,5.83,True,False,False,0
Veo,13113801-75f3-5806-9c72-8f9b5f51c929,bicycle,39.983802,-83.020729,,20.05,True,False,False,0
Veo,fd1eea26-4366-5ab6-b8d5-1285650b0a89,bicycle,40.006342,-83.008642,,15.18,True,False,False,0
Veo,666a62db-76a7-58b6-b50b-b854bba70a39,bicycle,39.963098,-82.912952,,23.02,True,False,False,0
Veo,de6a3de1-756a-520f-9364-3d9986de53ad,bicycle,39.9458,-83.060028,,27.44,True,False,False,0
Veo,4186c179-b097-55b4-8516-0330207d7160,bicycle,40.007082,-83.01962,,25.74,True,False,False,0
Veo,5c1b33e7-8fbf-5b3d-9152-2366be4beabf,bicycle,40.007046,-83.003652,,21.15,True,False,False,0
Veo,f6b24b05-758b-5260-a147-69c30708ab12,bicycle,39.969722,-82.969272,,24.06,True,False,False,0
Veo,d018f872-75f9-5832-a326-7c7441a0f4ed,bicycle,39.949954,-82.959893,,25.94,True,False,False,0
Veo,3a1eaab6-0dc6-517f-80c1-775566890c92,bicycle,39.94597,-83.044257,,9.65,True,False,False,0
Veo,5d1f29f9-0c55-547e-96e5-dbfd733b580d,bicycle,40.000402,-82.985991,,13.39,False,False,True,0
Veo,ab0f872e-4ab0-5cf1-86bf-9468e85bb83d,bicycle,40.037032,-82.968049,,25.94,True,False,False,0
Veo,9fd885af-1c8a-5029-8206-a05d41f1b90b,bicycle,39.98613,-83.025943,,10.79,True,False,False,0
Veo,05fdabf7-74f1-5b40-bdea-2ec1d9c3cfc8,bicycle,39.94307,-82.977548,,14.43,True,False,False,0
Veo,0032ed16-bb46-54eb-b600-cce0f7c9d0ff,bicycle,39.999902,-83.003842,,6.31,True,False,False,0
Veo,588b11b2-d4e9-55aa-bc49-99ca9a80bdc5,bicycle,39.975497,-82.975774,,28.14,True,False,False,0
Veo,18d39c32-08ba-5db3-ab81-c8b7c4eaf56a,bicycle,40.101012,-83.108795,,28.01,True,False,False,0
Veo,4706794f-a582-5f88-b792-5d37e43b81df,bicycle,39.956113,-82.951871,,17.37,True,False,False,0
Veo,8e398eda-2637-5d2f-9125-e65220eef0db,bicycle,39.945656,-83.056862,,26.78,True,False,False,0
Veo,ba79722a-4dcc-5d52-9d3b-b1473f38b756,bicycle,39.98781,-82.984249,,2.55,True,False,False,0
Veo,0ebca4d4-5f7d-5a8f-ab51-7c25b8abbdce,bicycle,40.017428,-82.952572,,23.02,True,False,False,0
Veo,9534729f-94f8-59e6-9ab0-2318b7608cda,bicycle,39.943649,-83.045619,,5.44,True,False,False,0
Veo,de82723f-f0ac-57e1-b6fd-9e4a9d69043c,bicycle,40.001905,-82.953778,,23.77,True,False,False,0
Veo,1f653dc2-ae4f-5f0b-b0cb-458461f3e149,bicycle,39.896611,-82.98933,,3.67,True,False,False,0
Veo,4e105164-6a3c-5ffc-ab32-64533fe7aa65,bicycle,39.935841,-82.988852,,28.14,True,False,False,0
Veo,2d5ea00d-549c-53ac-9eb2-412a74ee2cf9,bicycle,39.937098,-82.971064,,23.02,False,False,True,0
Veo,e5457d2f-2d3a-55fd-8e3d-16e5c5e79105,bicycle,39.935053,-83.065763,,27.77,True,False,False,0
Veo,51ebc1bc-48a5-5fbf-a17f-b3b897bb0491,bicycle,40.001516,-83.015668,,14.17,True,False,False,0
Veo,6aab6712-0ad1-58a9-ae2c-cfa790483574,bicycle,39.993475,-83.009029,,15.89,True,False,False,0
Veo,d598e67d-34b0-5c2c-89aa-69c90b2bfd40,bicycle,40.003793,-82.973372,,28.14,True,False,False,0
Veo,450085d0-07c7-501f-905a-41e02ad252f1,bicycle,40.010316,-82.968807,,28.14,True,False,False,0
Veo,2b771238-a417-52a6-a3c9-d0adb71c02f4,bicycle,40.100986,-83.108774,,22.39,True,False,False,0
Veo,f0424a46-081d-5869-92bb-a617384995e3,bicycle,40.011971,-82.96858,,14.86,True,False,False,0
Veo,f38254de-fa4e-519f-b355-50c944437591,bicycle,40.004013,-83.006692,,14.86,True,False,False,0
Veo,62417292-eee4-5021-afc7-bac012918ecd,bicycle,39.938838,-82.996331,,11.59,True,False,False,0
Veo,1f3b147e-932b-5e03-90fd-d5714f00a5cb,bicycle,39.969033,-83.013485,,14.61,True,False,False,0
Veo,78e191a4-371d-5b8c-aef6-1fd41a8afa21,bicycle,40.091452,-82.963944,,10.51,True,False,False,0
Veo,b218e59b-69a7-5e10-8087-3c1cd936f69a,bicycle,39.928396,-82.971604,,19.05,True,False,False,0
Veo,fb6d1273-8398-5b67-8e40-a25af01bcd40,bicycle,40.008415,-83.026995,,27.18,True,False,False,0
Veo,c1a0bec6-e7e4-5afe-aa90-c45f654a4e07,bicycle,39.998332,-82.978134,,10.79,True,False,False,0
Veo,8c06a75e-7351-542e-80c9-e6118e414d42,bicycle,39.99839,-83.030953,,18.19,True,False,False,0
Veo,12467835-2e79-54eb-8954-2782b1ebb645,bicycle,39.929073,-83.052272,,12.87,True,False,False,0
Veo,6aac7923-3a32-5563-b205-c3022702fd03,bicycle,39.964924,-83.002911,,1.15,False,False,True,0
Veo,0a4d6609-493a-58ef-865a-969a15f92324,bicycle,39.939275,-83.014378,,28.14,True,False,False,0
Veo,941f4b98-1260-5be2-9408-449901569ab4,bicycle,40.001696,-83.014973,,27.18,True,False,False,0
Veo,f3a205e1-db1d-5b0d-8179-25a90c6ca6ce,bicycle,40.028317,-83.025905,,28.14,True,False,False,0
Veo,e712660b-29d1-5f7c-bd82-685db37efa0b,bicycle,40.001721,-83.014736,,28.14,True,False,False,0
Veo,1899bf36-3f4b-5599-a845-700f6b26d14f,bicycle,39.989973,-83.015172,,28.14,True,False,False,0
Veo,d409519e-7d8d-5f95-b298-550ac6765677,bicycle,39.941968,-82.994969,,28.14,True,False,False,0
Veo,236ca01a-deea-53d2-ac81-689cf9343b23,bicycle,40.052834,-83.042653,,25.34,True,False,False,0
Veo,8bf1a314-ac62-5885-a7fe-873188cf353b,bicycle,40.000418,-83.010059,,12.28,True,False,False,0
Veo,990d7708-0503-506c-bf06-63b879d4b278,scooter,39.993347,-83.004836,,11.59,True,False,False,0
Veo,4a28bd19-ab75-5dbc-8dfa-0e32e520f6ec,bicycle,39.960767,-83.012615,,28.14,True,False,False,0
Veo,9e3dfffd-9af1-536d-abfe-100dc17a34cd,bicycle,39.982536,-82.986713,,27.44,True,False,False,0
Veo,0f397876-eef9-5da1-8ab9-d43454d7fcf9,bicycle,39.96527,-83.068119,,28.14,True,False,False,0
Veo,77e07bc1-f8bf-55e0-ab3a-74a5f331a5be,bicycle,39.986281,-83.046175,,17.37,True,False,False,0
Veo,d241f55b-66d4-5f89-9ab5-4c16015746d9,bicycle,39.998918,-83.018956,,28.14,True,False,False,0
Veo,a2544fd9-7b62-5726-a83b-ca0677e831b3,bicycle,39.946384,-83.057626,,28.14,True,False,False,0
Veo,99ad59e7-1cee-5d5f-8e89-7f3ecd8243f1,bicycle,39.943819,-83.038375,,24.06,True,False,False,0
Veo,6446cdcd-648d-5d08-bc20-1b81d06f8cf2,bicycle,40.014116,-82.960142,,14.61,True,False,False,0
Veo,1268d57f-0de0-5f83-992d-e70f82db4c8f,bicycle,39.879276,-82.998763,,24.84,True,False,False,0
Veo,bc3e592d-70db-5696-a7c3-9e4bcebe10c2,bicycle,39.95597430937981,-82.90994889784977,,13.86,False,True,True,0
Veo,3a9b4841-7f40-5ab9-a2c1-cd757f24f96c,bicycle,40.006386,-82.973006,,4.92,True,False,False,0
Veo,a0c2e5df-2055-57d0-a8ee-efe24ce5adb8,bicycle,39.972049,-82.956214,,17.89,True,False,False,0
Veo,e9c6a8ef-7704-57af-918a-db883221438a,bicycle,39.968435,-83.012173,,28.14,True,False,False,0
Veo,aa916f90-7d59-58c8-a8b1-08f78d31e482,bicycle,40.003906,-82.973215,,14.61,True,False,False,0
Veo,a973c8e5-993a-5ea3-a03c-78006acbf7cc,bicycle,40.020028,-82.971989,,13.64,True,False,False,0
Veo,a46b1683-97d6-591c-89df-8c49b4d4b85f,bicycle,40.0116,-83.013591,,27.44,True,False,False,0
Veo,5d062129-d3a7-57f6-84c5-92fcb1d0dd86,bicycle,39.977403,-83.002765,,21.15,True,False,False,0
Veo,285d1fb7-0bf0-5501-8715-cec97e212b44,bicycle,39.994676,-83.007716,,27.02,True,False,False,0
Veo,79d8e256-ce7e-5067-9ed3-12269ef27f3f,bicycle,40.005461,-83.017075,,25.65,True,False,False,0
Veo,45d5aae0-cdbe-5b48-9688-60ed0cafaa6b,bicycle,39.935867,-82.988883,,28.14,True,False,False,0
Veo,dc693abe-9d94-5294-a48d-bb9395e31df4,bicycle,40.001815,-83.016487,,28.14,True,False,False,0
Veo,b773d836-af50-52e4-b675-966bb5cb46d7,bicycle,39.982397,-83.085578,,25.65,True,False,False,0
Veo,a0a8d96d-549a-5c48-b4cc-80272f06f1fc,bicycle,40.002404,-83.015657,,24.06,True,False,False,0
Veo,3e1c1fd4-6e1f-544e-bc44-579d42f8debc,bicycle,39.997667,-83.031006,,15.89,True,False,False,0
Veo,b5c58764-0853-5053-bf5b-27e1287f2914,bicycle,39.938633,-82.996937,,21.77,True,False,False,0
Veo,c736c1f3-79d8-5812-a8b7-f52883250657,bicycle,40.001083,-83.008394,,22.05,True,False,False,0
Veo,41959f2a-d923-5d3a-9b4b-c44e7591009c,bicycle,40.006509,-82.973013,,23.02,True,False,False,0
Veo,db916abd-7e5f-5d28-9808-baad56c6fea5,bicycle,39.991678,-83.003089,,26.78,True,False,False,0
Veo,b89d5a65-5d85-5929-b392-658ed8d3e070,bicycle,40.090049,-83.086815,,18.19,True,False,False,0
Veo,22eb810b-a523-5371-8d3e-5262473d7312,bicycle,39.944745,-83.04467,,25.74,True,False,False,0
Veo,ba6a1d4d-9a35-5388-a4ba-f39e6ebc54ae,bicycle,39.944087,-82.994475,,26.51,True,False,False,0
Veo,2e6f81d3-36ca-5eca-b3eb-4d6ce12502dd,bicycle,39.961167,-82.96633,,15.45,True,False,False,0
Veo,240854da-7e93-5e57-816d-36468d789712,bicycle,40.100962,-83.108812,,7.62,True,False,False,0
Veo,5f49f2d1-e69a-5a05-a2b9-459cc7874cab,bicycle,40.016219,-83.011807,,28.14,True,False,False,0
Veo,45d44d9d-1605-5d33-b6b1-4c4183a66e2b,bicycle,40.003145,-83.00854,,28.14,True,False,False,0
Veo,1ff3b80a-13b9-5591-ae6d-ef462bd5ae1d,bicycle,40.013228,-82.958665,,28.14,True,False,False,0
Veo,f75b0ce5-b88b-59b2-b2c2-23665ff6b0f6,bicycle,40.107142,-82.972194,,28.14,True,False,False,0
Veo,abbb67e8-4120-5bbf-a817-e3cbea8c7499,bicycle,39.933439,-82.964356,,6.07,True,False,False,0
Veo,2c287ef4-d6de-5730-bb8c-4ff7c79aa991,bicycle,39.990231,-82.998104,,13.86,True,False,False,0
Veo,59431214-d89e-5ee5-8cbb-6f88cddb3ab7,bicycle,39.956608,-82.987098,,17.89,True,False,False,0
Veo,6df98d14-1ef5-5455-b43c-0e5079f613de,bicycle,40.022723,-83.028617,,19.05,True,False,False,0
Veo,01c337ad-5007-5d49-a907-4509e69dcfc7,bicycle,39.998207,-83.010404,,5.68,True,False,False,0
Veo,5bca23b7-8412-5433-91b3-6e49061a08e3,bicycle,39.980523,-83.013053,,19.05,True,False,False,0
Veo,452d5e92-a19c-5945-a22d-0e2ac42801f8,bicycle,40.001399,-83.021824,,28.14,True,False,False,0
Veo,b2f047a9-f11e-566b-bde5-b383fe4938a5,bicycle,40.034839,-83.000184,,15.45,True,False,False,0
Veo,cfda5399-1770-5a9b-8d98-a3c97e829578,bicycle,40.02227,-83.013298,,28.14,True,False,False,0
Veo,4badda8c-8800-5074-9c4b-7a79aa3695b4,bicycle,39.926297,-83.115864,,22.39,True,False,False,0
Veo,f697cac2-f458-5bc4-955f-8c1377c2c238,bicycle,40.005545,-83.035888,,28.14,True,False,False,0
Veo,c9631678-9b4a-5c22-bee2-fd22cdbc580e,bicycle,39.958859,-83.001099,,28.14,True,False,False,0
Veo,c6a41c72-45db-562f-b0ec-cc25a2f12935,bicycle,39.993682,-82.98284,,23.77,True,False,False,0
Veo,34988b48-6e08-5670-af98-8bd0ab1413cb,bicycle,39.978702,-83.004458,,9.65,True,False,False,0
Veo,1eab7d49-99bb-5981-9258-1a99a7792edb,bicycle,39.959737,-83.090815,,8.09,True,False,False,0
Veo,9aa00ddc-ac96-5ad0-ab14-1ede8e569738,bicycle,39.95607,-82.94525333333334,,0.33,True,False,False,0
Veo,20fe5587-c3d4-5638-94b9-3d95c1aca272,bicycle,40.001406,-83.003877,,22.39,True,False,False,0
Veo,e1e3d87a-98e9-540e-a3d6-9f31d62f2255,bicycle,39.95776,-83.003577,,12.28,True,False,False,0
Veo,e19afd91-4479-523b-8608-80f1840ff06c,bicycle,40.003628,-83.009866,,6.07,True,False,False,0
Veo,516fccc9-eb21-5e00-8106-d85338612e72,bicycle,39.945539,-83.061541,,8.09,True,False,False,0
Veo,5050eb54-dfc7-5951-bb89-2c3a23b2c1c2,bicycle,40.100749,-83.115358,,27.77,True,False,False,0
Veo,361f4638-fc76-5ebc-8548-11ba1ef12c2f,bicycle,40.006463,-82.97507,,28.14,False,False,True,0
Veo,ccccdb57-80f5-5f0a-80ef-616f7873503d,bicycle,40.000901,-83.021998,,18.19,True,False,False,0
Veo,25266250-d603-56d8-bbcf-406d12975505,bicycle,40.009354,-82.983162,,6.31,True,False,False,0
Veo,81d3d901-26be-5826-930d-bdb04c77738d,bicycle,39.965187,-82.976146,,13.64,True,False,False,0
Veo,86b15ea4-c50e-5b04-9f67-1d1240ae43cf,bicycle,39.999867,-83.003843,,17.89,True,False,False,0
Veo,bf684d33-84db-5e05-82f2-f45025675b97,bicycle,39.996371,-82.995756,,28.14,True,False,False,0
Veo,52425678-2d4a-5dc9-a48e-b0ec66d99815,bicycle,40.003817,-83.013051,,14.86,True,False,False,0
Veo,2dc44bfa-e9f4-56d8-bc5b-92299d67eb7a,bicycle,40.002395,-83.015558,,13.39,True,False,False,0
Veo,fc86403b-16b4-5dff-b946-e38c24dd8df0,bicycle,40.074016,-82.919608,,15.18,True,False,False,0
Veo,e2aa48e9-d747-5851-9af8-d0cf962842ed,bicycle,40.002972,-83.013646,,25.94,True,False,False,0
Veo,33698fde-a94e-54c8-8494-47aab258eb48,bicycle,39.950281,-82.940632,,26.51,True,False,False,0
Veo,395668cc-daa3-58b8-9676-a18ad0c40065,bicycle,39.92312,-82.956318,,28.01,True,False,False,0
Veo,7d85e884-0cab-5bed-b962-d5660a5915cb,bicycle,40.000306,-83.018,,28.14,True,False,False,0
Veo,fc3a26f7-693f-5e2b-b4fb-936dc3db75bd,bicycle,40.010405,-82.997377,,16.39,True,False,False,0
Veo,07755ae0-682d-548b-aa29-d8ad649cc304,bicycle,39.948943,-83.044068,,27.77,True,False,False,0
Veo,d4e528f6-a078-5e6f-82f7-92d5431e7221,bicycle,39.939022,-83.098174,,25.34,False,False,True,0
Veo,c09a1243-5257-58ba-81b2-21148df7f0b0,bicycle,39.970107,-82.955089,,28.14,True,False,False,0
Veo,5a91ecf1-ebf0-5ff6-a1f4-6a52b8588fd8,bicycle,40.00029,-83.011186,,28.14,True,False,False,0
Veo,090cabd8-803c-5ba4-9e10-647f2c620e9c,bicycle,40.00678,-83.047649,,28.14,True,False,False,0
Veo,e1365a56-312a-5758-8faa-724663d82e47,bicycle,39.961959,-82.990936,,20.05,False,False,True,0
Veo,0ade47a1-83a4-54ea-85e7-b9be32c46adc,bicycle,40.000956,-83.002733,,28.14,True,False,False,0
Veo,0c1896f8-91cf-52da-a9ec-8b63787d3f48,bicycle,39.99201,-83.006558,,0.33,True,False,False,0
Veo,d6469aff-2659-51a8-a462-7ac53dad7190,bicycle,39.992266,-83.03251,,6.98,False,False,True,0
Veo,3c767d41-4588-54fd-95cc-7be17edf2a43,bicycle,39.925469,-82.963476,,15.18,True,False,False,0
Veo,ba419392-3bd4-50bc-9471-69216ba825b7,bicycle,39.970278,-83.00943,,28.14,False,False,True,0
Veo,840f4512-21f4-5799-9b62-39ec61edbae0,bicycle,40.007594,-83.011792,,27.77,True,False,False,0
Veo,854e7f14-1552-54b3-acad-4b575fff2a6c,bicycle,40.02992,-82.962872,,25.74,True,False,False,0
Veo,c368c9f5-7a61-5881-92c8-5cb1f6c289b0,bicycle,40.001418,-83.003861,,19.39,True,False,False,0
Veo,1ae11630-dedf-5db5-88af-2fb470c3d125,bicycle,39.928834,-82.93902,,15.89,True,False,False,0
Veo,b4c334c1-a377-5f85-828d-4dc1136b6328,bicycle,40.003856,-83.008908,,21.77,True,False,False,0
Veo,72f5ced3-866c-5400-9922-2297e401b2d9,bicycle,40.010658,-83.003983,,27.77,True,False,False,0
Veo,ba01bedd-01ec-5449-a473-13669426a808,bicycle,40.076051,-82.985778,,17.89,True,False,False,0
Veo,696e5844-d936-5815-8bc0-2c6e3f04d2c5,bicycle,39.917875,-82.975756,,28.14,True,False,False,0
Veo,30d8ce7f-566f-5b09-828a-5f6abbce6d89,bicycle,40.015147,-82.970585,,22.05,True,False,False,0
Veo,1c14b243-d171-5824-8e9f-5a26a4f1a396,bicycle,39.960209,-83.041671,,8.78,True,False,False,0
Veo,0c82a302-7926-52c5-9908-4cce7570ff6e,bicycle,39.939227,-83.117992,,28.14,False,True,False,0
Veo,39aeb6e3-7e5d-50e9-b822-8c92a687c740,bicycle,40.003412,-83.015937,,11.59,True,False,False,0
Veo,437eeafb-d809-5bda-af90-882c123b5ff6,bicycle,39.998489,-83.013851,,10.51,True,False,False,0
Veo,a236e68a-6391-540c-96a4-85391a735bbb,bicycle,39.957743,-83.003558,,23.77,True,False,False,0
Veo,d7247622-e878-5e59-bb30-573ec9535275,bicycle,39.941498,-82.997209,,14.43,True,False,False,0
Veo,2c4da29e-aa9f-549c-9f8f-bd584b9163c5,bicycle,40.009998,-83.009554,,18.67,True,False,False,0
Veo,2b98ceed-7522-56b6-8f34-b4edab17df8e,bicycle,39.958773,-82.966627,,12.87,True,False,False,0
Veo,3109e54b-d896-5d10-9175-aeb20289776a,bicycle,39.955343,-83.103958,,28.14,True,False,False,0
Veo,cc3a789c-ef98-5aaa-b189-c1c97eb501b7,bicycle,39.96582,-82.969205,,28.14,True,False,False,0
Veo,3f9bc690-7daf-5c49-87a8-167209575bf3,bicycle,39.954626,-82.907221,,27.44,True,False,False,0
Veo,17a2c3cd-559a-5e56-9d32-f9a168b34ebe,bicycle,40.012285,-83.002452,,28.14,True,False,False,0
Veo,47caedb3-a456-5f0e-8cba-a5954220ddea,bicycle,39.946952,-83.054741,,24.33,True,False,False,0
Veo,b9314ac8-de82-5d84-b25e-2948ce44405e,bicycle,40.034009,-83.036284,,25.74,True,False,False,0
Veo,b0d1fa5b-0993-510b-93f4-aef20b4496bd,bicycle,39.995712,-82.941024,,24.06,True,False,False,0
Veo,f392d335-7b1e-54c4-8b36-53756e89e6f9,bicycle,40.003749,-83.014483,,25.74,True,False,False,0
Veo,3d02d936-5aa5-58bc-af86-ee5b78e64076,bicycle,39.979997,-83.004112,,22.39,True,False,False,0
Veo,0a625350-84c5-5570-9cb7-a52f844207f5,bicycle,39.94698,-83.054659,,28.14,True,False,False,0
Veo,27cea9d7-80dc-55a5-a687-9fff3936dc44,bicycle,40.056193,-82.955067,,25.12,True,False,False,0
Veo,0143f7f7-c498-5b84-abb6-40bc7a94c638,bicycle,39.944524,-82.989692,,28.01,True,False,False,0
Veo,bdcbe331-4f8e-5676-bbea-00f4544a29cf,bicycle,39.964746,-82.964249,,28.14,True,False,False,0
Veo,b2c4101e-35c1-5c41-8df4-a3b3157d1096,bicycle,39.981183,-83.020287,,26.78,True,False,False,0
Veo,ae5f8a62-5eaa-5534-aae1-08833b31d9a3,bicycle,40.053908,-83.060061,,16.39,True,False,False,0
Veo,d56c1f0d-a9f7-583d-a43e-810877c3d3a3,bicycle,40.010681,-83.004075,,23.02,True,False,False,0
Veo,238fe39d-4e99-5c86-862c-7c199b312319,bicycle,39.996959,-82.978761,,25.12,True,False,False,0
Veo,21afa86d-8282-551b-b808-b9f3a905eba1,bicycle,40.019394,-83.012862,,14.17,True,False,False,0
Veo,862449ca-139e-58f7-89ad-bf683b963528,bicycle,39.962113,-83.004102,,14.86,True,False,False,0
Veo,0fd1bab2-57f0-53cb-83e4-ee7337790e41,bicycle,40.003345,-83.017445,,12.52,True,False,False,0
Veo,6d462040-e605-5569-af45-b7bf06a79de6,bicycle,40.038485,-82.983414,,25.74,True,False,False,0
Veo,e604d1a1-ed64-5c6c-85e9-671dd6c4811a,bicycle,40.00186,-83.016428,,25.94,True,False,False,0
Veo,254cdc2e-b2ad-54c7-8488-b456eee5c666,bicycle,39.925133,-82.94082,,1.83,True,False,False,0
Veo,f4d02b9e-df25-540e-8414-68c464c9e84b,bicycle,39.997954,-83.02096,,24.84,True,False,False,0
Veo,5659f795-30c1-59ba-9656-f1b92095ea5b,bicycle,39.998768,-83.038498,,22.05,True,False,False,0
Veo,79136e36-cebc-50dd-a924-a29c24a1a694,bicycle,39.97724,-83.004858,,15.18,True,False,False,0
Veo,a781f932-fa0a-5c7f-abc2-b3c37ebb6f0c,bicycle,39.95607,-82.94525333333334,,0.0,True,False,False,0
Veo,1eb4edff-76aa-505a-8655-fc533629bbdd,bicycle,40.001416,-83.003791,,16.39,True,False,False,0
Veo,22006105-dd43-5771-b031-b0095951c692,bicycle,39.95984,-82.965878,,26.25,True,False,False,0
Veo,37f1ad84-8b3a-5ba4-97b5-a603cb43e6ac,bicycle,39.995963,-82.974156,,28.14,True,False,False,0
Veo,b4cd22c5-773e-5cf0-8a5a-e6b723bd0fbf,bicycle,39.952801,-83.003746,,24.33,True,False,False,0
Veo,fee42678-0e9e-53ff-a804-40611bf966f7,bicycle,39.988713,-83.028795,,20.05,True,False,False,0
Veo,e6464434-e35f-5855-85bc-48755529e34b,bicycle,40.007041,-83.046682,,12.63,True,False,False,0
Veo,0991679c-80a9-5bf9-b2f9-fe7c11184523,bicycle,39.994247,-82.977841,,15.18,True,False,False,0
Veo,9b526e04-777e-5c7f-8c32-e8d3c30ac0b9,bicycle,39.883245,-83.003142,,4.78,True,False,False,0
Veo,00f1e6c3-d554-54f5-802a-444c3cf2417d,bicycle,39.936276,-83.118954,,5.83,True,False,False,0
Veo,173a79d9-fa23-5948-8f6f-362530ca3556,bicycle,39.992713,-83.014276,,25.12,True,False,False,0
Veo,c6324f49-4221-53ff-9b43-710f4f73d206,bicycle,39.945912,-82.998067,,23.02,True,False,False,0
Veo,1081c488-85ac-5202-9e0a-0d3da560df06,bicycle,39.971713,-83.006158,,23.33,True,False,False,0
Veo,3981635e-eb8c-5063-939b-ab918bc16e7c,bicycle,39.948229,-82.970282,,12.52,True,False,False,0
Veo,c62d041c-d73a-5a60-8b8a-6510086e85fd,bicycle,40.001057,-83.008393,,14.61,True,False,False,0
Veo,87a45675-d460-5672-97c7-21bdd0def2d4,bicycle,40.029069,-82.930291,,10.51,True,False,False,0
Veo,4310d276-e590-586b-ab2e-1124c35a890f,bicycle,39.985282,-82.990908,,13.86,True,False,False,0
Veo,2bb5f71e-84f9-5ddc-b72d-e3f2b465ea89,bicycle,39.953774,-82.9762,,28.14,True,False,False,0
Veo,bfee1776-a017-5ae2-ac4d-d318406b08ad,bicycle,40.011914,-83.003637,,15.89,True,False,False,0
Veo,29d595ec-5ae7-5b3a-8759-3c103dee5fc9,bicycle,40.036866,-82.934056,,14.86,True,False,False,0
Veo,a3c4467a-399a-5fcc-9ae8-71424769f401,bicycle,39.93695,-82.958253,,28.14,True,False,False,0
Veo,47e27c3a-4c67-58c1-94aa-c8d14ebff89f,bicycle,39.995272,-82.996041,,6.67,True,False,False,0
Veo,2cbaced9-f0bc-552f-b903-2e0a77c670ac,bicycle,39.957721,-83.003535,,14.61,True,False,False,0
Veo,c8dc4e7b-4eca-548d-923e-21782f9eca38,bicycle,39.980618,-83.018811,,14.17,False,True,False,0
Veo,4a4e64de-d4fc-5de5-a203-5239c6c454bf,bicycle,40.006762,-82.998288,,13.64,False,False,True,0
Veo,4f9638d2-022c-5047-9120-d58c27ea636f,bicycle,39.99555917024852,-83.00197760100477,,28.14,False,False,True,0
Veo,2f4ccd0c-1641-52f0-899b-78fe23405682,bicycle,39.991931,-83.006491,,8.43,True,False,False,0
Veo,63545e4d-e252-55c4-b3c2-51b4e831a387,bicycle,39.998031,-83.009575,,25.94,True,False,False,0
Veo,0ec9dd77-f642-5587-8c96-c1cf2f57e375,bicycle,40.017457,-83.004276,,14.86,True,False,False,0
Veo,b059ded1-952c-5514-8980-8064c5ac2669,bicycle,40.064662,-83.056247,,14.17,False,False,True,0
Veo,42f29e72-e96a-52cc-9a56-e41f88cf2b33,bicycle,39.988717,-83.032851,,11.11,True,False,False,0
Veo,c593894d-0c40-5b8d-9be2-afe4ebe3b3b1,bicycle,40.001064,-83.008334,,28.14,True,False,False,0
Veo,43e5df64-364f-5429-b41e-f601044e3e6b,bicycle,39.954146,-83.013755,,28.14,True,False,False,0
Veo,6e859746-e1ee-5229-9cc8-fce81d5b9b3b,bicycle,39.957717,-83.003514,,20.37,True,False,False,0
Veo,f686c5db-24c9-5194-a644-2a4b3ad0b1bc,bicycle,39.962117,-83.004126,,14.43,True,False,False,0
Veo,58bbbd81-667f-5b90-b8d5-bcc12abc7f10,bicycle,40.005464,-83.035733,,28.14,False,True,False,0
Veo,59e51f9b-b2bb-5256-bfae-1bd8946704fe,bicycle,40.002225,-83.008645,,7.62,True,False,False,0
Veo,75fa61f9-a062-5661-88ad-bc310b77d5d9,bicycle,39.937227,-82.956687,,28.14,True,False,False,0
Veo,4cb21520-7d9c-5e3d-b746-a6169d6484c6,bicycle,39.981298,-82.980076,,17.89,True,False,False,0
Veo,443b7efc-5338-5651-9232-88df32ded9e1,bicycle,40.005708,-83.012035,,13.64,True,False,False,0
Veo,b79b48b1-e4ff-5508-baea-de5904830193,bicycle,40.001878,-83.013795,,16.84,True,False,False,0
Veo,a80aa295-31d0-5fbd-9b7a-d3a61a58dbb6,bicycle,40.023146,-82.916283,,28.14,True,False,False,0
Veo,97d9f5dc-a13e-5c03-8909-eb7c2bb26df3,bicycle,39.994194,-82.983542,,25.65,True,False,False,0
Veo,0cc97225-3c3b-50a6-9a17-c2df28984d95,bicycle,40.00392,-82.973217,,27.18,True,False,False,0
Veo,0eb9cbba-edcb-5eca-bab6-c6491d0d010e,bicycle,39.956431,-82.969812,,22.05,True,False,False,0
Veo,75ce4049-e017-5b60-a5ce-0987dd270498,bicycle,40.016193,-83.015637,,25.34,True,False,False,0
Veo,473dd82e-7ea4-5d0d-be79-25e855247a8e,bicycle,39.958707,-82.975329,,6.07,True,False,False,0
Veo,7c25717d-c74c-548f-8753-ca33fa641add,bicycle,39.997718,-83.009388,,14.86,True,False,False,0
Veo,b2be454c-ffb5-5271-b1da-20578939bbc1,bicycle,39.949396,-83.041742,,25.94,True,False,False,0
Veo,53139c19-6b69-5798-a1f0-9810c47834ed,bicycle,39.951585,-83.05759,,16.39,True,False,False,0
Veo,757deb1d-2add-55a5-8490-508f4787177f,bicycle,39.953909,-82.999048,,28.01,True,False,False,0
Veo,9962ffb1-1942-52d3-9b2f-292ff90c8eeb,bicycle,40.000323,-83.011074,,27.77,True,False,False,0
Veo,0e5c6ac2-e84d-54a0-9559-ea5792c458e1,bicycle,39.95095,-82.998664,,27.18,True,False,False,0
Veo,6cffbe5a-3903-530a-a48b-ff0cc6ac7771,bicycle,40.001183,-83.011441,,13.1,True,False,False,0
Veo,9ea5574e-fc58-5247-a0a0-8464ad595a66,bicycle,40.00469,-83.015342,,28.14,True,False,False,0
Veo,843a76f5-351a-5322-a97a-56883a4b9ccd,bicycle,40.006986,-83.002825,,25.12,True,False,False,0
Veo,0e768e58-1f2e-53f4-8e52-8d03362ebb39,bicycle,39.952719,-82.996953,,28.14,True,False,False,0
Veo,28909eb6-8abb-569b-b36b-042bab9c7526,bicycle,40.031219,-82.961024,,24.06,True,False,False,0
Veo,462a6780-e024-581e-979d-fd0c302e28a7,bicycle,40.001472,-83.003822,,25.12,True,False,False,0
Veo,1ddd4aec-e9c7-5dd4-b676-6040add60873,bicycle,39.955108,-82.925208,,25.74,True,False,False,0
Veo,d05dfd00-5f18-5875-b86e-80bbdbe32a88,bicycle,40.004645,-82.999676,,24.06,True,False,False,0
Veo,83ccadfb-93e7-568f-8272-cf556debf5cc,bicycle,40.001434,-83.003828,,28.14,True,False,False,0
Veo,ce680ac6-e9c6-5934-8951-515aea1ace0e,bicycle,39.995659,-83.00403,,12.63,True,False,False,0
Veo,ab7dc5df-4bdf-5f31-8d8f-3614281b6195,bicycle,39.998678,-83.00984,,10.51,True,False,False,0
Veo,45fdc5f7-a830-5880-a912-c297529694cb,bicycle,40.056498,-82.994259,,5.83,True,False,False,0
Veo,f3b61599-6ae1-5c5c-8114-e44794a3ad54,bicycle,39.942036,-82.994996,,13.86,True,False,False,0
Veo,78c1e211-6540-5130-9c53-7d0bd719de6e,bicycle,39.969716,-82.969019,,12.63,True,False,False,0
Veo,d7976176-d0c5-5809-b9e7-bc6d09b66363,bicycle,39.961406,-83.0021,,19.78,True,False,False,0
Veo,e297ac4d-f08b-5561-8c7c-1ccfba203536,bicycle,40.002108,-83.008101,,5.68,True,False,False,0
Veo,511b53ce-a9ae-52d2-b3ae-f81629e90556,bicycle,39.979047,-82.99475,,25.34,True,False,False,0
Veo,b732ca6d-f216-56e8-8f5c-67baf6ce5dce,bicycle,39.971019,-83.000869,,6.67,True,False,False,0
Veo,c257bab5-9704-5a39-958e-3898c6775614,bicycle,40.069386,-83.078008,,26.51,True,False,False,0
Veo,a175c7fe-69c7-5cc4-9ddd-9f4858baf284,bicycle,40.000354,-83.021458,,24.33,True,False,False,0
Veo,1f517579-c220-5658-a7fb-4d15ddc9b8fc,bicycle,40.000891,-83.013021,,5.68,True,False,False,0
Veo,9426421e-ac72-5eb8-9af8-1dfc009a81b0,bicycle,40.001324,-83.012948,,21.77,True,False,False,0
Veo,ae5c6c2d-88ed-5b70-a9c7-f105b64e19d0,bicycle,39.978631,-82.927514,,7.62,True,False,False,0
Veo,9ab6e9a5-efd7-5995-a912-6f4bd71e5c26,scooter,39.96326970973133,-82.95319819155927,,27.44,True,False,False,0
Veo,7aabcfcb-b7f6-538a-ac99-67dee72036f5,bicycle,39.978827,-83.004509,,27.77,True,False,False,0
Veo,b801912e-7c83-5492-a726-a4a7de0879b6,bicycle,40.002541,-83.014667,,14.17,True,False,False,0
Veo,6006a433-897e-50b9-9001-9fd297fab9c3,bicycle,40.032952,-83.000378,,28.14,True,False,False,0
Veo,e680f22e-a38c-566b-a255-bc06a4a2b700,bicycle,40.000329,-83.018087,,14.43,True,False,False,0
Veo,35b1844d-9df8-5b77-bb46-30aca599a18c,bicycle,40.028308,-83.025877,,13.64,True,False,False,0
Veo,f1291f1f-8c0b-58f4-914f-23bfe664ef32,bicycle,40.002046,-83.012863,,28.14,True,False,False,0
Veo,dd24d79e-7549-5f56-a358-94cc2803570a,bicycle,40.056748,-83.060619,,8.09,True,False,False,0
Veo,570d0d82-3cd4-55e4-8718-d1d03ad672dc,bicycle,39.978404,-82.957698,,9.65,True,False,False,0
Veo,af338817-c9b2-57a6-8ffb-9fc153dd5a99,bicycle,40.011917,-82.968576,,23.02,True,False,False,0
Veo,04280f78-f0b0-54c3-b4b5-ffe779686bd3,bicycle,40.105839,-83.102595,,25.12,True,False,False,0
Veo,381343bc-4d7e-55f9-999f-616738c99338,bicycle,40.025271,-83.034343,,11.34,True,False,False,0
Veo,abac0ea4-9942-5ec5-9c23-c77492a00ea7,bicycle,40.003744,-83.012987,,12.52,True,False,False,0
Veo,53b67d52-b7f9-5846-aa41-a3afcff31b3a,bicycle,40.00272,-83.013754,,14.61,True,False,False,0
Veo,0659e10c-d311-5ad8-a749-5cb26d9d7051,bicycle,40.103621,-83.11038,,28.14,True,False,False,0
Veo,2d7481de-35af-5e49-81e2-5fc14225a664,bicycle,39.927895,-83.081396,,25.12,True,False,False,0
Veo,33759b78-69e3-5ad5-a66c-6ce37f445549,bicycle,39.965144,-82.990394,,24.06,False,True,False,0
Veo,7736f736-57cb-56be-9f68-f62c9bfc399e,bicycle,39.988705,-83.032791,,2.12,True,False,False,0
Veo,5984f292-e1bb-55b6-a2c7-fe56606d7787,bicycle,40.019714,-82.955591,,27.18,True,False,False,0
Veo,edaecfc0-d56a-5d8c-9df9-70006b0e447f,bicycle,39.935896,-82.988886,,27.77,True,False,False,0
Veo,c58fa07e-2576-5c1f-9860-f1c144d97b30,bicycle,39.969345,-83.002003,,15.18,True,False,False,0
Veo,e58025f5-e41e-5550-b572-483d8d324a15,bicycle,39.933393,-82.878088,,17.89,True,False,False,0
Veo,34782787-1a70-51a9-8844-09370693d947,bicycle,39.949775,-82.998384,,28.14,True,False,False,0
Veo,a37b067f-8b6f-5530-ad3a-77c9d1a12d4c,bicycle,40.100537,-83.108008,,12.87,True,False,False,0
Veo,2f1787d7-a7bd-5b16-88d9-7b9681cc03f8,bicycle,39.978964,-83.002834,,27.02,True,False,False,0
Veo,d2f99437-4839-5fa9-8cc1-f524796319be,bicycle,39.925741,-83.05768,,15.18,True,False,False,0
Veo,2e65e969-d931-5474-9d81-8a67ed7918a2,bicycle,39.965712,-82.958325,,14.61,True,False,False,0
Veo,83d0c71d-94d6-5e44-af50-53dda071e331,bicycle,39.989383,-83.014337,,12.63,True,False,False,0
Veo,b707f116-01a4-5700-970b-415ba80226c8,bicycle,39.975414,-83.0151,,28.14,True,False,False,0
Veo,ecde5282-d71e-5706-8d31-7413b5b8801d,bicycle,39.9871,-82.999098,,27.18,True,False,False,0
Veo,211dbd59-5468-5bc0-9b25-e93c9d09454a,bicycle,40.00130422,-83.00394622,,25.34,False,False,True,0
Veo,e297a9d5-466c-5069-9718-5301cc7245e5,bicycle,39.953611,-83.032938,,10.31,True,False,False,0
Veo,0f67070c-f09e-5a9f-8d2d-e15c6c5e87d2,bicycle,40.006014,-83.012447,,5.83,True,False,False,0
Veo,1b4a0803-be5a-5480-ad3b-8bb2de2b3d26,bicycle,39.995054,-83.001091,,1.15,True,False,False,0
Veo,8246c04b-8dbc-515f-bb02-78294719a3d1,bicycle,39.96761,-83.01347,,28.14,False,True,False,0
Veo,68e50cd1-c163-5365-83c9-35d588060e3e,bicycle,39.925977,-83.043828,,20.78,True,False,False,0
Veo,9885e13f-15ba-51e2-84e3-831c095d1b1e,bicycle,39.927597,-82.964538,,3.81,True,False,False,0
Veo,cb53c415-abc3-5161-afb2-8ab0191afdbe,bicycle,40.004471,-83.011923,,23.33,True,False,False,0
Veo,5063b924-2957-5ee5-884f-c3d5570a3a3c,bicycle,40.003807,-83.009055,,25.65,True,False,False,0
Veo,32d7b988-bf92-516f-9fb8-1944d06eeb0f,bicycle,40.006748,-83.047709,,25.65,True,False,False,0
Veo,c4f7c667-7811-5d6c-9b05-d7e17357159f,bicycle,39.962596,-82.970563,,2.79,True,False,False,0
Veo,a439cbf0-b4df-5d35-ab0e-f653b6967e82,bicycle,40.102351,-83.10946,,28.14,True,False,False,0
Veo,c1db2551-bd62-5aea-9877-a7197b1beab8,bicycle,40.001761,-83.01454,,20.78,True,False,False,0
Veo,fd5936ab-76b5-5f6e-a558-fadf0e225fab,bicycle,39.932605,-82.976909,,9.02,True,False,False,0
Veo,835f2899-9b73-5f73-8c91-fe9dbe4cb4de,bicycle,39.959751,-82.965608,,15.18,True,False,False,0
Veo,0e714d51-fd52-5e00-b36f-acfcd94c8cd7,bicycle,39.978445,-82.957673,,12.63,True,False,False,0
Veo,73ce0975-2b6a-5b20-82d5-70eb0e77f207,bicycle,39.963401,-82.98187,,22.05,True,False,False,0
Veo,a7ece3b7-62d3-5e14-9b99-caae9c21692f,bicycle,39.944289,-82.996936,,14.17,True,False,False,0
Veo,811740dc-abb0-51e2-ba5c-c96a49f0aab0,bicycle,40.001118,-83.014552,,23.77,True,False,False,0
Veo,f5220ad9-95c0-520c-8e76-a176841df7bf,bicycle,39.99864786,-83.00701844,,26.25,False,False,True,0
Veo,47d8ca60-84d4-53b7-9d51-570b60ead487,bicycle,39.968648,-83.007084,,5.27,True,False,False,0
Veo,15353c49-41a8-5588-bfd0-23c69852a072,bicycle,39.985103,-83.015316,,13.86,True,False,False,0
Veo,eab8d17b-b101-5a16-873a-cd4b604e8a89,bicycle,39.945731,-83.040064,,27.02,True,False,False,0
Veo,febbc28d-b023-5594-a711-39aaa307b614,bicycle,39.947595,-83.041772,,26.78,True,False,False,0
Veo,37aa2b2f-e03e-580b-8886-021e34608a9f,bicycle,39.941991,-82.995017,,28.14,True,False,False,0
Veo,6f20ab46-e305-5587-9c26-d14e91cc49d3,bicycle,39.926214,-83.115772,,25.34,True,False,False,0
Veo,3097e2bd-4129-57f4-92ec-e3d611b6fc12,bicycle,39.958816,-83.011553,,26.51,True,False,False,0
Veo,92e883bd-616b-5042-96c1-a6ce6111ea09,bicycle,40.005042,-83.01027,,9.02,True,False,False,0
Veo,268c616a-0648-5184-8bab-657d1bb18073,bicycle,40.001912,-83.015588,,25.74,True,False,False,0
Veo,d40d4c4e-98ff-5e97-90f9-527dcc6479ca,bicycle,39.978385,-82.957633,,12.07,True,False,False,0
Veo,04966c1a-9ce0-5cb4-8751-a1c3347b34d2,bicycle,39.987361,-82.931016,,0.85,True,False,False,0
Veo,702cb3c7-13cd-5145-9489-734fcf2edf9b,bicycle,40.019784,-83.03583,,21.49,True,False,False,0
Veo,2d29cc84-a6a7-5ca8-bb30-6246f79c678f,bicycle,39.93955,-82.913114,,8.78,True,False,False,0
Veo,68652999-a5b0-5a8a-80b8-7118cf8fe854,bicycle,40.064482,-82.988132,,25.34,True,False,False,0
Veo,43c0f171-bd2b-517a-8342-b7689453b868,bicycle,39.948799,-83.042172,,23.02,True,False,False,0
Veo,d9112918-c2f6-5463-a029-064162a9fc92,bicycle,40.002633,-83.013823,,8.43,True,False,False,0
Veo,0666639d-796e-56b5-bf6d-7d8c8c2da158,bicycle,39.930928,-83.037935,,23.77,True,False,False,0
Veo,6a9a059f-d7c4-5140-bbbf-fc1512685ce3,bicycle,40.001858,-83.01644,,25.65,True,False,False,0
Veo,4c6613c7-ba8c-529a-ae36-0cfb8a35b242,bicycle,39.944131,-83.043023,,22.7,True,False,False,0
Veo,af595d79-eadc-5747-b991-81ded633869a,bicycle,40.004558,-83.011963,,28.14,True,False,False,0
Veo,87102bb9-254f-5a81-9d52-b922b9018e8e,bicycle,39.943456,-83.047844,,11.59,True,False,False,0
Veo,7089f327-57b2-5703-ae4f-423ebba0ed77,bicycle,39.964114,-82.995504,,22.7,True,False,False,0
Veo,38c70d2f-272e-542b-9d2d-bdbd0f48d40b,bicycle,39.960914,-83.012543,,28.14,True,False,False,0
Veo,260a8a75-0247-5ab6-82b9-c331da5dbf36,bicycle,39.99199992167082,-83.00651819906186,,27.44,False,False,True,0
Veo,37c3f8f7-929f-52c9-8130-bafb406da539,bicycle,39.995687,-83.013346,,12.28,True,False,False,0
Veo,6c13efc4-533d-57dc-bb33-7cd5afbce412,bicycle,39.954213,-83.09119,,6.98,True,False,False,0
Veo,76188391-e609-5f37-81be-21de48751765,bicycle,39.956131,-83.014435,,14.61,True,False,False,0
Veo,32e37d17-71f5-5d07-9d73-bb0edf58cce8,bicycle,39.935883,-82.988859,,27.77,True,False,False,0
Veo,42351a0b-c109-5cf5-8527-6f04592f2a37,bicycle,39.956525,-82.987646,,27.44,True,False,False,0
Veo,5a74a8aa-f472-580b-bb99-0bcf67d7cc88,bicycle,39.999249,-83.00389,,14.17,True,False,False,0
Veo,e3c2a426-6f02-558b-b1d9-5ad62b13cd85,bicycle,40.010728,-83.006151,,13.39,True,False,False,0
Veo,6eefaedc-7195-5093-aaf6-9a89b9f7936d,bicycle,40.100732,-83.115424,,24.33,True,False,False,0
Veo,1ba162f6-f5af-5a29-a6b6-7484116527ea,bicycle,39.990366,-83.012283,,24.06,False,False,True,0
Veo,ecd07344-61e2-5a65-adfa-b4837fedb380,bicycle,40.092481,-83.01877,,18.67,True,False,False,0
Veo,defae5b9-8309-5358-b636-ba98a5332f8a,bicycle,39.978875,-83.004481,,28.14,True,False,False,0
Veo,5bf72365-690f-580a-9139-fd823241da35,bicycle,39.923439,-82.961273,,25.34,True,False,False,0
Veo,30e54ac9-b612-599b-b879-a965f1900b87,bicycle,39.941681,-83.062508,,28.14,True,False,False,0
Veo,2d0a4b2c-4f37-5bd2-acd9-60dabf3a7cc8,bicycle,39.946525,-83.054908,,28.01,True,False,False,0
Veo,0c9142d2-683b-5ffb-a389-37489e8b211c,bicycle,40.100969,-83.108849,,26.78,True,False,False,0
Veo,a158b361-24f6-5acb-a665-606e02191060,bicycle,40.003263,-82.998367,,25.34,True,False,False,0
Veo,6996b02e-2850-5f2c-a621-db5c8ed1eb08,bicycle,39.960052,-82.999759,,11.11,False,False,True,0
Veo,f8845fe2-5ba9-5050-976e-ca23e32c776f,bicycle,40.078612,-82.956176,,24.33,True,False,False,0
Veo,78388700-5b23-5743-b338-3b38784ceb63,bicycle,39.97781,-82.993517,,6.98,True,False,False,0
Veo,7c5d6146-72be-5566-bfb2-c86614d1c930,bicycle,39.96931,-83.002292,,14.17,True,False,False,0
Veo,07447020-6aac-54e0-b7a6-cae2da85b5f9,bicycle,39.995393,-82.994837,,10.79,True,False,False,0
Veo,a4e9c760-4885-5c09-acd7-bfb283d91287,bicycle,40.002084,-83.014573,,14.17,True,False,False,0
Veo,e3baa7d2-4fc0-5c6f-be45-aa56bb774393,bicycle,39.988122,-83.007791,,25.12,True,False,False,0
Veo,9da34481-81de-57aa-91b2-94a32720d825,bicycle,39.95984,-83.065919,,28.14,True,False,False,0
Veo,a520cbca-1302-56ea-b5fb-b144d00f8587,bicycle,39.994603,-83.01476,,11.83,True,False,False,0
Veo,c0a9fd14-e651-5fb1-99aa-449a51f019f1,bicycle,39.947886,-82.996855,,25.34,True,False,False,0
Veo,5e901de1-c4cd-519f-a22d-ac19167ee626,bicycle,39.956678,-83.001797,,26.51,True,False,False,0
Veo,b022a864-a026-52cd-b15c-2cb467d6add2,bicycle,40.010665,-83.004484,,28.14,True,False,False,0
Veo,99b31151-b1d6-559c-8d9c-c0d1e44a8b5b,bicycle,39.95239,-83.090604,,25.65,True,False,False,0
Veo,f8045d6d-1b5f-5dd4-b37d-fccfa3741288,bicycle,40.010614,-83.004502,,13.39,True,False,False,0
Veo,b02bf1c6-deff-5d7f-aa46-d87194cdac12,bicycle,40.007039,-83.003513,,25.34,True,False,False,0
Veo,c4eacb08-25f7-5f2f-9e59-81bb1afec2cd,bicycle,39.966134,-82.962228,,6.07,True,False,False,0
Veo,22f52164-4cbd-5da1-9aa0-fb7af5ec5717,bicycle,39.949319,-82.976338,,27.77,True,False,False,0
Veo,eaad3124-d64a-5030-a3ca-db039d8f8f29,bicycle,40.036499,-82.964879,,18.67,True,False,False,0
Veo,aae36316-6b72-5c91-9b3f-e408ae34a1de,bicycle,39.961238,-83.001329,,14.61,True,False,False,0
Veo,42836a45-d33d-5a9b-8f92-de746d3d9d80,bicycle,40.009311,-82.941087,,28.14,True,False,False,0
Veo,87e391ed-a7a7-59a9-9cfc-9b50bf7f3cb0,bicycle,40.012101,-83.021936,,28.14,True,False,False,0
Veo,f3b2bedf-24a0-589f-aeb7-b4032aa67edf,bicycle,39.95581782339665,-83.003053593439,,28.14,False,False,True,0
Veo,39eef87b-e1fe-5cf7-a78f-d703d39da856,bicycle,39.942817,-83.102496,,27.44,True,False,False,0
Veo,89b20f82-92bf-5ee8-80b9-af2bac299ca2,bicycle,39.950077,-83.000231,,27.44,True,False,False,0
Veo,2c9bc699-142d-56b9-a2a7-80150f0cd028,bicycle,40.002578,-83.012802,,11.11,True,False,False,0
Veo,435ee730-b4c9-5c4f-9be4-2bcbc61f5ac8,bicycle,40.00353,-83.01787,,26.78,True,False,False,0
Veo,286d146b-58c7-5d42-81d3-102f6e60dc3b,bicycle,39.998371,-83.016725,,25.65,True,False,False,0
Veo,29502642-d917-51ee-94a0-680a5d3098c5,bicycle,40.066504,-82.999651,,24.33,True,False,False,0
Veo,ca7f2341-5ec7-5542-8c72-34d6d220d00e,bicycle,39.968089,-82.970124,,22.7,True,False,False,0
Veo,60d77626-a15b-54fb-8dc4-460363a53b90,bicycle,39.963647,-83.039675,,26.78,True,False,False,0
Veo,95120ec2-7133-5229-8a0d-28e20a42333d,bicycle,39.922589,-83.034499,,21.15,True,False,False,0
Veo,a7c38c64-58fb-5bd6-8d98-60fc75b5aa82,bicycle,39.987609,-83.033579,,28.14,True,False,False,0
Veo,b0ccdcce-4ec0-5280-b7bf-4f2fd3765a9b,bicycle,39.957729,-83.003493,,14.43,True,False,False,0
Veo,d90729dc-6e7f-52ea-9f45-bde8828c3596,bicycle,40.011988,-82.968609,,25.65,True,False,False,0
Veo,35e8c605-22ba-5910-9b11-6908b5805d99,bicycle,40.012439,-83.002484,,28.14,True,False,False,0
Veo,0080771f-cf38-563d-8ff8-07e32a3d0c15,bicycle,39.912407,-82.967337,,21.49,True,False,False,0
Veo,b23c43e9-e050-51c4-bda8-306d9b8384c4,bicycle,39.94704731098506,-82.9993672282022,,24.84,False,True,False,0
Veo,e374e74b-f51e-5267-84bd-25c6fa510d2b,bicycle,39.997618,-83.046557,,23.02,True,False,False,0
Veo,4d2c7bc0-fd71-51e1-a2b9-e835d4861b85,bicycle,39.955601,-83.016889,,14.17,True,False,False,0
Veo,9d4fc381-0347-5a9e-8a34-628a65c31a00,bicycle,39.952681,-82.993179,,28.14,True,False,False,0
Veo,53b7fb5a-f9bb-55b8-8e88-15e16d9f9b69,bicycle,39.98409,-83.002948,,14.17,True,False,False,0
Veo,d771be10-b1d1-5248-8ae9-d90fe70fd979,bicycle,40.031805,-82.972924,,28.14,True,False,False,0
Veo,73efd9ba-1d79-5e37-b328-7680a2425c96,bicycle,40.001761,-83.013928,,25.74,True,False,False,0
Veo,80b79624-7235-5e5b-9122-bdfc575aeb66,bicycle,39.969217,-82.967132,,14.61,True,False,False,0
Veo,253c4f49-aa3b-5f04-8aed-6eadb15d41c1,bicycle,39.96204,-82.939822,,28.14,True,False,False,0
Veo,f7558fca-32e9-54ce-9128-ae358e931a8c,bicycle,40.005276,-83.010818,,12.28,True,False,False,0
Veo,680602b3-378b-56f6-9fda-1e9291a3facf,bicycle,39.938324,-83.09766,,4.67,True,False,False,0
Veo,73689a47-5fa7-55b5-9bb8-3f67baf389b1,bicycle,40.038474,-82.962514,,25.34,True,False,False,0
Veo,d0153cff-17ce-507f-91aa-ca4e5a4ef32b,bicycle,40.020078,-83.000796,,9.65,True,False,False,0
Veo,027efe37-eb87-509b-a1bc-92afb586f63b,bicycle,40.052389,-83.042367,,14.43,True,False,False,0
Veo,8965f00d-ffba-5284-9b34-1d1172d5dfc8,bicycle,40.005823,-83.005155,,9.65,True,False,False,0
Veo,bd7074f0-9545-5a33-9763-e3be7e3c3faf,bicycle,39.97053,-83.109137,,2.55,True,False,False,0
Veo,13bccc7a-28d9-5ebf-ab17-91c7e425a5b5,bicycle,40.052511,-82.954605,,11.59,True,False,False,0
Veo,d8bb2546-61e1-5e11-816f-5090e1ddda22,bicycle,40.005738,-83.011838,,12.07,True,False,False,0
Veo,2871552d-da1d-505b-9ae2-358fef0f6c9f,bicycle,40.016263,-83.030666,,22.7,True,False,False,0
Veo,7ead8e9e-6106-5c2e-974f-a1e3d800d2af,bicycle,39.9772,-82.99543,,13.86,True,False,False,0
Veo,31a11777-40b8-5e0e-8ae2-882456346210,bicycle,39.95594,-82.945315,,12.87,False,True,False,0
Veo,59ff6ef7-004e-599f-98cc-b3bdd90a5872,bicycle,39.941437,-82.98333,,27.77,True,False,False,0
Veo,84cb3014-dec5-5daa-abfa-cd641bec32f5,bicycle,39.999301,-83.021557,,6.07,True,False,False,0
Veo,371e47c6-81dd-5171-8436-e5539f17e2aa,bicycle,39.969714999999994,-82.96949000000001,,25.74,False,True,True,0
Veo,2f1e732a-8b2f-5e5c-98b9-13e65cc772b7,bicycle,39.997787,-83.003889,,24.84,True,False,False,0
Veo,0407562d-e3f6-504f-9e17-891a9eba9442,bicycle,40.001914,-83.012923,,28.14,True,False,False,0
Veo,28bd9b1d-ccc4-5073-8e8b-7f36ba651108,bicycle,39.979042,-83.002566,,20.78,True,False,False,0
Veo,98b63579-136d-5833-bc96-98e935be4715,bicycle,39.969326,-83.017796,,17.89,True,False,False,0
Veo,097f0742-ed79-5597-8235-6b3022ed3d3a,bicycle,39.980085,-83.00492,,14.61,True,False,False,0
Veo,9ad786f3-eddf-5813-af44-bc31eea53112,bicycle,39.898951,-82.986551,,12.52,True,False,False,0
Veo,5811b3c4-e337-52e2-b455-d008fce44bf4,bicycle,39.957186,-83.095325,,22.7,True,False,False,0
Veo,16917d80-c3b6-5358-b39d-2a8f9bee02a7,bicycle,40.009953,-83.006567,,28.14,True,False,False,0
Veo,91641f8f-33c1-557e-9e39-f568c9773d7a,bicycle,39.97044778815115,-83.00255027625089,,24.84,False,False,True,0
Veo,33e0a055-b09f-5f54-b778-7ddf25e68f10,bicycle,39.998933,-83.017687,,14.43,True,False,False,0
Veo,953b0011-313c-53b5-980d-c7939244c995,bicycle,39.971305,-82.886677,,14.86,True,False,False,0
Veo,eb63124b-b43b-5388-b61d-3b38425bc791,bicycle,39.962919,-82.976642,,28.14,True,False,False,0
Veo,5ad86ada-7d8f-5698-aec8-bb25f0427406,bicycle,40.009899,-83.006619,,25.12,False,True,False,0
Veo,02a666dc-a2c6-5071-9a62-b554b037658b,bicycle,39.999891,-83.00629,,20.78,True,False,False,0
Veo,2c0da6a4-4a2b-5c88-8995-7b4a43b589ca,bicycle,39.979223,-83.014461,,8.43,True,False,False,0
Veo,2d1ba3c1-6d5e-5cba-9532-9ec14f28aacc,bicycle,40.000383,-83.02143,,28.01,True,False,False,0
Veo,9520bc91-425f-57fa-8f61-ddd6d94713a1,bicycle,39.979839,-83.010316,,12.28,True,False,False,0
Veo,c27eb9fa-b44d-5b1e-bd44-321e174c4cb2,bicycle,39.946863,-82.89735,,28.01,True,False,False,0
Veo,c6ca8946-3ede-51bb-b2f1-3f7b2e090583,bicycle,39.937203,-82.956697,,8.09,True,False,False,0
Veo,08cf3a84-3195-5ac0-80a5-0f8fea2822f9,bicycle,40.01843,-83.025771,,18.67,True,False,False,0
Veo,834d10a2-e3bd-5cfb-8ea1-87e8d420b408,bicycle,39.98883127,-82.999555,,14.61,False,False,True,0
Veo,28a46184-7e5a-58c4-89a0-c029cf7ee7ae,scooter,39.992256,-83.006656,,17.89,True,False,False,0
Veo,730de91b-814d-5634-9e1a-307fcdb08ec2,bicycle,39.947687,-82.997661,,13.39,True,False,False,0
Veo,966e9cd9-8b46-5154-a1f5-3768bbb805dc,bicycle,40.033631,-83.016519,,27.77,True,False,False,0
Veo,a70c106f-7d07-5069-b9bd-106e00cc5df5,bicycle,39.988784,-82.999586,,17.89,True,False,False,0
Veo,4ef11eed-58bd-544f-ac76-e1045254809c,bicycle,40.00110926115463,-83.00838914720484,,28.14,False,False,True,0
Veo,f73f5956-ded4-5d73-99b1-1150e7657c70,bicycle,39.986544,-83.020983,,22.7,True,False,False,0
Veo,08f243d1-e5dd-5295-9eba-8b776dbb114a,bicycle,39.901993,-82.990687,,11.59,True,False,False,0
Veo,bc841108-2c1e-53d8-bbc4-ac39cdf902a8,bicycle,40.005713,-82.976719,,15.45,True,False,False,0
Veo,6f049884-ef3f-5986-b350-2d66c5d17bc9,bicycle,40.014004,-82.999841,,23.77,True,False,False,0
Veo,2a3d0577-4923-51c0-8edd-472e71fa19ea,bicycle,39.954204,-83.092922,,28.14,True,False,False,0
Veo,e5dfdf78-e4c1-54e9-bf51-9b79a62b2680,bicycle,39.991406,-82.998793,,10.51,True,False,False,0
Veo,55c1f71e-2164-5f7d-a0c5-c618f3749ca3,bicycle,39.963215,-82.981287,,15.45,True,False,False,0
Veo,af3c4749-f71e-5a1a-ac31-e55ba3c889e3,bicycle,39.960873,-83.012579,,28.14,True,False,False,0
Veo,96f2eb6d-b82a-5091-af27-1055b9955313,bicycle,39.942932,-82.954656,,21.77,True,False,False,0
Veo,7320b20e-e0ed-5735-bcc2-d12089daf1fa,bicycle,40.004881,-83.008919,,7.29,True,False,False,0
Veo,38c8008e-3491-5eef-9db1-112b5ac85fba,bicycle,39.960817,-83.012518,,28.14,True,False,False,0
Veo,df59e424-b816-5ee5-ac8a-276f248ff9c6,bicycle,39.937107,-82.98297,,25.12,True,False,False,0
Veo,b360b39a-056c-59b5-845a-8b531bb82e9a,bicycle,39.949395,-83.041759,,24.33,True,False,False,0
Veo,9e1e0c22-181e-5b40-9da1-203b317972e7,bicycle,40.033604,-83.016501,,24.84,True,False,False,0
Veo,5d1814ef-eff6-50f9-a267-bd0ef09a7c37,bicycle,40.005207,-83.015005,,26.25,True,False,False,0
Veo,c5b1abd9-78f9-5553-afc0-a0e036982667,bicycle,40.002228,-83.014026,,12.87,True,False,False,0
Veo,9d485cb3-9298-5b18-97dc-b0a2f9c74923,bicycle,40.000329,-83.011026,,13.1,True,False,False,0
Veo,dc9c7a84-b5a0-5407-b502-2885c8c8ab55,bicycle,39.942609,-82.978231,,28.14,True,False,False,0
Veo,c998caa8-8187-53fc-b5d4-b0b23626bac1,bicycle,40.057709,-82.953849,,20.05,True,False,False,0
Veo,dcda7c87-448c-52fa-aa1b-3f41f0d74fc1,bicycle,39.950051,-83.000236,,25.74,True,False,False,0
Veo,0fe78433-d0cb-5e52-994c-0f1968e6c541,bicycle,39.956181,-83.012481,,11.83,True,False,False,0
Veo,c2035d45-1738-5606-b6e1-c3c4a73b6633,bicycle,39.97156,-82.969223,,25.34,True,False,False,0
Veo,11a40a42-2e99-5260-b242-3585c4ea10d7,bicycle,39.985999,-82.952156,,13.64,True,False,False,0
Veo,4a324c1e-17a3-54a6-b422-68494500dfe9,bicycle,39.969927,-82.9337,,28.14,True,False,False,0
Veo,a44ee3eb-47b1-5aed-94be-5cf1e2566c12,bicycle,39.996745,-83.018062,,27.44,True,False,False,0
Veo,27985cba-8b11-57c6-91b4-19157af500a7,bicycle,40.100736,-83.115374,,25.12,True,False,False,0
Veo,35ad1235-c8d4-5fdd-aa15-164788ed0e61,bicycle,39.962204,-82.995807,,28.14,True,False,False,0
Veo,fdb997cd-e93b-59b3-9e29-f44413e45a0e,bicycle,39.928669,-82.978516,,14.17,True,False,False,0
Veo,5b0d1c70-9500-5d33-85b7-972792f38dc1,bicycle,39.980042,-83.005025,,25.74,True,False,False,0
Veo,400abaf8-7776-52e8-9b86-9ea529a23045,bicycle,40.023574,-82.996376,,17.37,True,False,False,0
Veo,a650b033-d172-5e7a-b8eb-7dfcded1b844,scooter,39.946576,-83.058415,,28.14,True,False,False,0
Veo,7d7a5d31-9f09-5a8f-9a00-492890b7b2db,bicycle,39.960589,-83.013239,,23.02,True,False,False,0
Veo,267523de-020e-539d-a0b8-a0487af2f094,bicycle,39.995797,-83.037995,,25.94,True,False,False,0
Veo,04150c37-e5a8-5631-a3bd-93a547f3e1f7,bicycle,39.973491,-82.980762,,28.14,True,False,False,0
Veo,38b6e247-a76b-53f7-9973-9a145ad0c5ab,bicycle,40.022308,-83.013305,,28.14,True,False,False,0
Veo,ec18f679-caf7-5c7f-aec7-a39b36cfac7e,bicycle,39.967599,-83.013438,,28.14,True,False,False,0
Veo,4c34117e-3f9d-54e8-9198-b0f1ac9d7e03,bicycle,39.993488,-83.016236,,21.49,True,False,False,0
Veo,6b42c0d1-0d5c-5008-a991-bc6d0309648e,bicycle,39.966627,-82.997356,,28.14,True,False,False,0
Veo,25e9f5d8-2b87-57fd-a42c-a4695392c0d5,bicycle,39.998064,-83.009666,,28.14,True,False,False,0
Veo,f01d9db0-3892-5f22-9270-b9b38c297fb7,bicycle,40.103813,-83.10951,,22.39,True,False,False,0
Veo,f94f2923-6d9b-54b4-b514-a5a44e9c636f,scooter,39.963771,-83.000583,,13.1,True,False,False,0
Veo,d82b2d33-8a36-52aa-a5e7-6875aa401e28,scooter,39.950822,-82.997596,,28.14,True,False,False,0
Veo,a6609f25-361c-5c71-bc1d-3478d1370ab5,bicycle,40.015427,-83.011013,,11.34,True,False,False,0
Veo,3f72eea6-f22b-52af-b48e-18c396d3f774,bicycle,39.949413,-83.041784,,25.94,True,False,False,0
Veo,c77bdeaf-b649-55b9-8bf6-37b74bcef818,bicycle,39.959357969233196,-82.98433756063041,,11.59,False,False,True,0
Veo,171a70df-9e70-5837-98b0-fcf332c6b956,bicycle,40.001874,-82.998572,,6.31,True,False,False,0
Veo,dab45545-ce8c-518b-8b88-36775080cc6f,bicycle,40.000875,-83.037144,,27.18,True,False,False,0
Veo,8314caa5-f0f4-59d3-b6c5-700850fb836e,bicycle,39.954926,-83.084514,,19.39,True,False,False,0
Veo,460f05e1-9f28-5a6f-860b-db45f88aab1b,bicycle,40.001089,-83.013481,,22.7,True,False,False,0
Veo,3004c98a-0564-55ee-8668-5eead4bbe0f8,bicycle,39.96666,-82.886607,,11.34,True,False,False,0
Veo,47ec8a9c-471b-5dfe-978b-41e61e0eaf1f,bicycle,40.011972,-82.96856,,0.33,True,False,False,0
Veo,88f13c92-2904-5a27-ba5a-a598b8a58179,bicycle,39.999712,-82.990914,,28.01,True,False,False,0
Veo,504007ba-9250-5e33-b3a7-ee2cd088f49b,bicycle,40.109181,-83.111716,,9.97,True,False,False,0
Veo,5ee096fe-8315-5bab-b0ff-0194d8a6cf78,bicycle,40.003594,-83.008952,,26.25,True,False,False,0
Veo,729d2716-b617-5edf-81cd-4706c09d2694,bicycle,39.992291,-83.006661,,26.78,True,False,False,0
Veo,b45abf66-e228-516a-bba9-7d312f68ae8e,bicycle,40.019148,-82.965105,,26.25,True,False,False,0
Veo,587cff88-6202-5e53-aa13-59556f8b9add,bicycle,39.973016,-83.003208,,3.48,True,False,False,0
Veo,e6964716-0d10-5707-9642-aa702ffee69d,bicycle,39.965285,-82.966031,,15.18,True,False,False,0
Veo,54d01cca-7631-510d-8894-8c605bbfe2ae,bicycle,40.007423,-82.977734,,11.59,True,False,False,0
Veo,68a86efd-9eb6-5570-9dce-15058d5e7599,bicycle,39.912383,-82.990745,,20.05,True,False,False,0
Veo,21cc24d5-f235-56d3-8d72-5e666b921a51,bicycle,39.93875,-83.000198,,25.65,True,False,False,0
Veo,47d05af6-c891-5236-9387-f5870aa4bc11,bicycle,39.92622,-82.996347,,12.63,True,False,False,0
Veo,93ffe996-8b8f-5ba0-b364-ef3ede7cc12e,bicycle,39.998146,-83.009896,,27.44,True,False,False,0
Veo,437cb87b-fb76-587f-b35d-59aacc96d685,bicycle,39.974757,-83.07092,,22.39,True,False,False,0
Veo,fcb56bd1-940a-5293-bc8e-45ad422972f7,bicycle,39.980388,-83.003219,,27.77,True,False,False,0
Veo,a83cca90-2ca4-51c4-8509-40bfb9adbf4b,bicycle,39.955983,-83.012345,,22.7,True,False,False,0
Veo,cb4f2f8d-3b3a-5b1b-a2e2-cef9f3e2d820,bicycle,39.949385,-83.092666,,28.14,True,False,False,0
Veo,bb5fbd38-6a79-5fa3-af00-beab5be13551,bicycle,40.014228,-82.963844,,24.84,True,False,False,0
Veo,dff77ad6-0aad-5d0d-884b-c78332bcd705,bicycle,40.027318,-82.960883,,17.37,True,False,False,0
Veo,8a4d809f-0bde-51f6-bc99-edf2c2d02f37,bicycle,40.020557,-82.965504,,11.11,True,False,False,0
Veo,b85a5163-ddb4-5f71-82a3-70dd24306b6b,bicycle,39.971512,-83.003195,,11.83,True,False,False,0
Veo,5a8342fb-480e-5527-b432-eef63e7f766b,bicycle,40.090711,-83.048892,,10.51,True,False,False,0
Veo,872e60b8-1ff5-56a0-b6a5-b3c1c23f3ffa,bicycle,39.99557239543317,-83.00436817380032,,28.01,False,True,False,0
Veo,67b4a467-2730-5d55-aee3-b05bc24fbab2,bicycle,40.016764,-83.007514,,14.86,True,False,False,0
Veo,02cf6eb0-82f1-5c6f-893f-5d76d2b3a06a,scooter,39.996213,-83.005078,,28.01,True,False,False,0
Veo,c51b40e5-55a7-50f6-bc0f-ac0c11f263a4,bicycle,39.95703,-82.989136,,25.12,True,False,False,0
Veo,bcd10ccc-d804-5b59-a954-9f2779861612,bicycle,39.960023,-82.96513,,9.97,True,False,False,0
Veo,d2f7f65d-f2a9-59ed-aa62-522f3ff1a9e4,bicycle,40.002176,-82.998374,,28.14,True,False,False,0
Veo,a14ac0ec-fb46-5dbe-821e-e6a50d40c0d4,bicycle,40.003626,-83.014654,,21.49,True,False,False,0
Veo,5bf4d61a-be4c-5b22-bfff-b75b19be38a5,bicycle,39.954239,-82.977484,,12.28,True,False,False,0
Veo,d6ba5ae0-59c1-57a0-bc0e-55ae914b4a60,bicycle,39.961253,-82.990848,,6.31,True,False,False,0
Veo,9df10a39-6a5f-5b26-8667-5d2fb10d6d84,bicycle,39.942909,-83.045216,,14.86,True,False,False,0
Veo,80f385b9-19fb-59eb-825f-96e28610f765,bicycle,39.995779,-83.01345,,23.02,True,False,False,0
Veo,0b17e337-f53c-56b6-9985-c7c158f5a857,bicycle,39.976911,-82.975096,,15.18,True,False,False,0
Veo,4897ff5f-ddbc-5075-8659-494a19d09706,bicycle,40.10387,-83.109785,,27.77,True,False,False,0
Veo,716a4667-f664-5be2-88a2-662d1ef8fb12,bicycle,40.037619,-82.999854,,2.12,True,False,False,0
Veo,5f4ed8e1-eb07-57e3-98e9-1e519c0d632c,bicycle,39.980721,-83.003971,,14.43,True,False,False,0
Veo,c1d73a60-d549-587b-9b24-91e0c39e33eb,bicycle,40.003687,-83.01145,,8.09,True,False,False,0
Veo,cdc674f9-54dd-5f02-893a-5d02c25727bc,bicycle,39.986745,-83.072386,,23.02,True,False,False,0
Veo,2010c12f-fe77-57cd-afa7-c0602b76ee7b,bicycle,40.002258,-83.015688,,25.65,True,False,False,0
Veo,9c45171e-0165-5867-83df-57dc618a13b2,bicycle,39.975657,-83.01502,,14.61,True,False,False,0
Veo,183abf28-088e-543a-8701-f24c80acd084,scooter,39.958934,-83.01291,,26.25,True,False,False,0
Veo,c650b5fa-8738-5186-92df-4f7ddf0ce25e,bicycle,39.998166,-83.009974,,19.39,True,False,False,0
Veo,e9848b05-c45c-5540-ae32-a02efc937581,bicycle,39.975562,-83.003361,,26.25,True,False,False,0
Veo,c269b6ff-dc5a-5379-81b4-2885b408a90e,bicycle,39.974743,-83.070897,,28.14,True,False,False,0
Veo,402506e3-bb9b-5395-b5df-f91740600067,scooter,40.003742,-83.012958,,28.14,True,False,False,0
Veo,38ad26ec-c7ff-58e6-a58b-22950ef987ee,bicycle,39.954108,-83.116521,,9.65,True,False,False,0
Veo,02afdeb6-a579-592f-8ff1-3e89aa8cb87f,scooter,39.957946,-83.013728,,7.62,True,False,False,0
Veo,93e62cf0-83cc-557d-be59-d756391877e5,bicycle,39.988527,-83.030391,,22.05,True,False,False,0
Veo,3cbfd205-dfa9-5714-895b-ddc222292027,bicycle,39.941963,-82.994945,,6.07,True,False,False,0
Veo,3f2ddbeb-9133-59b1-bd45-7898763de7bb,scooter,39.963098,-83.004284,,26.51,True,False,False,0
Veo,b4c6d244-57ed-532b-b643-5e52015213fb,scooter,40.004079,-83.015257,,24.84,True,False,False,0
Veo,625f605a-a570-5256-90bf-2ec76596c471,bicycle,39.897312,-82.981073,,13.86,True,False,False,0
Veo,80b7603c-95a2-5512-b479-0890dbb4fe4d,scooter,39.976222,-83.010153,,23.02,True,False,False,0
Veo,29630054-4f9d-5596-8fd1-cbc0de135160,bicycle,39.980278,-82.994568,,13.39,True,False,False,0
Veo,1dc19807-c413-5e64-84bf-33e3c510ad8a,scooter,39.956061,-83.003067,,23.02,False,False,True,0
Veo,a195a47b-065d-57a1-a441-8e31dd50d6a6,bicycle,39.923304,-82.956984,,8.09,True,False,False,0
Veo,2ef157c0-61f3-5d06-880f-420a475f19ec,scooter,40.002519,-83.01793,,27.44,True,False,False,0
Veo,74e909a8-5a5b-5817-bb07-b2b06493e3d3,bicycle,39.988556,-83.00076,,14.17,True,False,False,0
Veo,2d0df1cc-426c-5a9d-b30a-2c173f8a912a,bicycle,40.008865,-82.9717,,27.02,True,False,False,0
Veo,99e940f2-a787-5a2c-85c8-30abf89b5d4e,scooter,40.021536,-83.009098,,22.7,True,False,False,0
Veo,59e43e69-32c7-5b9c-ae19-38736e120ed0,scooter,39.988137262897084,-82.99607458462063,,21.49,False,True,True,0
Veo,2353f08b-14e9-550f-b00c-439c41749179,bicycle,39.953482,-82.982254,,27.02,True,False,False,0
Veo,bd2f9451-fa0a-5ff6-936f-4d0e21b98994,bicycle,39.986726,-83.072453,,25.12,True,False,False,0
Veo,c8f2cfde-b62a-54ce-aaf0-a6dc1781c531,bicycle,39.914918,-82.994064,,12.28,True,False,False,0
Veo,9276b02b-ed82-5fb6-b338-fd5a73deab7c,bicycle,39.943633,-83.057668,,22.05,True,False,False,0
Veo,ee5b10a1-8f13-510b-bd6a-616a786304ac,scooter,39.974108,-83.0012,,22.05,True,False,False,0
Veo,d9dd6f2a-f647-5876-952e-219d11e4b8f9,bicycle,39.980725,-83.001823,,28.14,True,False,False,0
Veo,55224a99-6712-50ac-b953-27c52706669d,bicycle,40.030291,-83.028539,,25.12,True,False,False,0
Veo,5dfcd462-cdf1-5c24-a0d6-b5f6e374a7d7,bicycle,39.949397,-83.041762,,28.14,True,False,False,0
Veo,1ed1d67a-97d5-5257-b4ba-3242f3c7b046,bicycle,39.965143,-82.973944,,14.86,True,False,False,0
Veo,8fae601a-4121-5f40-88ee-430a08c5ab7d,bicycle,40.015524,-82.969272,,28.14,True,False,False,0
Veo,5599289d-15bb-5694-a3f2-dab3cf71810e,scooter,39.995845,-83.007176,,27.02,True,False,False,0
Veo,2a6c810e-e3ae-5e75-a964-677538f52fe9,bicycle,39.936822,-82.950755,,27.44,True,False,False,0
Veo,634f0e8f-fcaf-569d-82ad-31502a8f1116,bicycle,39.969276,-82.998316,,13.39,True,False,False,0
Veo,a1dab438-98d9-58c0-b091-340352caeeb5,bicycle,39.964843,-82.996832,,22.39,True,False,False,0
Veo,e9a79518-9651-5818-bc38-e4f16eb3b16d,bicycle,40.103782,-83.109283,,10.31,True,False,False,0
Veo,a7c8fda2-bede-5b1d-8b3f-cadcca2edb58,bicycle,39.990775,-83.006303,,25.94,True,False,False,0
Veo,248ebc6d-5f12-5cfa-9a8d-fdfd1a8f0509,scooter,39.96642,-83.003355,,26.78,True,False,False,0
Veo,757c9381-343a-5106-9a19-463c7142bab7,bicycle,40.011504,-83.003249,,18.19,True,False,False,0
Veo,38f50052-07ac-5eab-ae0d-f5ef38a47dfd,bicycle,39.996726,-82.997833,,14.86,True,False,False,0
Veo,0299f36e-1b8a-5d7e-b49b-9686d1c485a6,bicycle,39.949358,-82.995482,,24.84,True,False,False,0
Veo,d505a897-724c-57db-a13c-7cf584427482,scooter,39.960451,-83.013058,,25.34,True,False,False,0
Veo,fae9b6ac-2b94-5f25-a796-ea13ec8f16df,bicycle,39.996145,-82.951716,,8.43,True,False,False,0
Veo,57612a56-a658-5871-8594-f8860613acbd,bicycle,39.998752,-82.97824,,9.02,True,False,False,0
Veo,02ac8dc2-b035-58d9-91d6-24ea9cab3f1a,bicycle,40.005652,-82.983188,,13.86,True,False,False,0
Veo,c5a5a08e-0488-5023-8351-5374161fbe67,bicycle,40.020732,-83.0365,,25.74,True,False,False,0
Veo,870d51e9-ae7e-512c-8912-08ed9051aa09,bicycle,39.985156,-83.028497,,11.59,True,False,False,0
Veo,a9559a75-c248-558a-a365-0fecbb67c518,bicycle,39.98749,-83.009437,,10.79,True,False,False,0
Veo,374b91d1-dd2b-5029-af9a-a4cb5c49cbba,bicycle,39.969303,-83.001827,,6.31,True,False,False,0
Veo,1509557d-4bec-5a40-a3a1-0731cf36374d,bicycle,40.00402,-83.015139,,24.06,True,False,False,0
Veo,72b0f9c9-0379-508e-b1c6-cf030a4b3d45,scooter,40.000935,-83.013104,,12.87,True,False,False,0
Veo,10b07055-17e4-5f55-a8e3-e1d24cf299fc,scooter,39.941986,-82.990087,,15.89,True,False,False,0
Veo,b189a11a-b534-542f-bcb5-e01c4a6e5b4c,bicycle,39.995447,-83.036388,,22.39,True,False,False,0
Veo,d72967fe-e81c-5acc-851e-52100def360a,bicycle,40.012207,-82.970383,,28.14,True,False,False,0
Veo,31ff7d41-f35b-5749-9cec-27708171dc01,bicycle,39.954261,-83.111753,,17.37,True,False,False,0
Veo,5203f339-05b5-5573-8512-5166ece0d616,bicycle,40.006544,-83.020711,,28.14,True,False,False,0
Veo,d2b20b16-d898-53d0-b6ed-806dfc7c26aa,scooter,39.987506,-83.01535,,21.49,True,False,False,0
Veo,92315522-10f7-5aea-9a6c-2ec11dd7ec2d,bicycle,40.00117,-83.011454,,16.39,True,False,False,0
Veo,15c7e47b-d57a-5923-994b-63a4ff1baebd,bicycle,40.017809,-82.966804,,28.14,True,False,False,0
Veo,02e5b51f-2a1d-5982-8f3a-f6d9495e667d,bicycle,39.971506,-83.004551,,25.65,True,False,False,0
Veo,2d7dcb13-db89-5356-aa7a-4144d95cd525,bicycle,39.984157,-83.02053,,18.67,True,False,False,0
Veo,a6105cba-8dc1-5688-a8dd-37f9f1d11907,scooter,39.957922,-82.985153,,28.14,True,False,False,0
Veo,8a8c2ae7-ad3d-5bd3-b8a1-1518cb30f737,scooter,40.001661,-83.013798,,11.59,True,False,False,0
Veo,d86f5775-0f36-5432-88a3-07a366ddfbef,bicycle,39.993762,-83.006968,,26.78,True,False,False,0
Veo,6880646d-b801-5de6-99ea-7de0187a2e76,bicycle,39.94497,-82.999201,,25.94,True,False,False,0
Veo,c31bd2cd-0199-588f-ba2d-269177d65835,bicycle,39.976614,-82.960051,,28.14,True,False,False,0
Veo,64cfa8c6-ab12-55eb-9941-1e8bda7dc3d8,scooter,39.998367,-83.039276,,28.14,True,False,False,0
Veo,62771eb5-0dfe-56bd-b215-b9d506e41051,bicycle,39.984507,-83.029509,,15.89,True,False,False,0
Veo,863ebf13-3bee-5109-b7ee-2a1830057583,bicycle,39.992799,-83.006897,,27.44,True,False,False,0
Veo,7b4a68f9-4614-5b80-b95f-1a13f1f4f38a,bicycle,40.007795,-82.967498,,25.65,True,False,False,0
Veo,d43358f7-b2ed-5ec8-811d-dd72be2aaa95,scooter,39.971668,-83.003334,,28.14,True,False,False,0
Veo,040a0389-49a8-518a-8c3e-c9acda19e5af,bicycle,39.976413,-82.978843,,25.12,True,False,False,0
Veo,8b0587e5-6123-5820-8318-ac6fe17b98d4,bicycle,39.957678,-83.006266,,26.78,True,False,False,0
Veo,5f972e7d-1763-5ba8-a232-714656f3270a,scooter,39.982434,-82.966989,,25.65,True,False,False,0
Veo,d9578cf3-3251-5253-b509-081d8d42a4e5,bicycle,40.004355,-83.011104,,28.14,True,False,False,0
Veo,305a4764-4b9a-5ff1-a4e2-0f9601580e2d,bicycle,40.102835,-83.041053,,28.14,True,False,False,0
Veo,240f4d70-8a5b-5353-8727-abef57d85006,bicycle,39.945128,-83.064632,,28.14,True,False,False,0
Veo,8144d08e-028c-5025-8b9e-693c989ca87f,bicycle,40.003783,-83.013019,,22.7,True,False,False,0
Veo,5466b1b0-ca19-5ad0-a6dd-8e6d8c6bc25b,bicycle,39.991808,-83.002382,,21.49,True,False,False,0
Veo,bd96ba52-f87b-5965-8824-da2722d489b7,bicycle,40.001916,-83.001108,,23.02,True,False,False,0
Veo,69a92b53-229b-5d72-a41d-ee86eb4af067,bicycle,40.061292,-83.000591,,22.7,True,False,False,0
Veo,490d5e68-9986-504c-97cd-73a7405cd054,bicycle,40.00096,-83.008416,,26.51,True,False,False,0
Veo,4e55c6d6-5709-5027-8897-42dfb4bc06f9,bicycle,40.03233,-82.973155,,24.33,True,False,False,0
Veo,8e72ff8f-791b-59c6-8cdc-b86965f0727e,scooter,40.040887,-82.943942,,28.14,True,False,False,0
Veo,41678edc-73f7-54c5-b3d9-ed75d84d48b3,bicycle,40.02164,-83.002474,,22.39,True,False,False,0
Veo,39fb8fb7-a38c-55d1-8fb3-453c201a2311,bicycle,40.024559,-83.034499,,13.86,True,False,False,0
Veo,9ec19672-ee6a-5cf6-a8c3-8cad9adb9812,bicycle,39.968308,-82.874334,,7.29,True,False,False,0
Veo,6613ad32-d690-5d4d-a702-bbbdf8cff409,bicycle,40.007435,-83.016306,,21.49,True,False,False,0
Veo,0d3ab45a-a62a-5a9d-8c50-2c2caa4b92bf,bicycle,40.002834,-83.026239,,5.68,True,False,False,0
Veo,db344e07-13ef-554c-9a50-223e76618b14,bicycle,40.054271,-83.055216,,23.02,True,False,False,0
Veo,1f9be5ed-5745-573e-bc42-20e88e5bd5e5,bicycle,40.014041,-83.000373,,28.14,True,False,False,0
Veo,ec3a9f26-2b84-5c56-bc79-0b3a5a9e55d0,bicycle,39.992308,-83.005814,,10.51,True,False,False,0
Veo,e7cc95f1-cab5-5a1b-aadb-b180170866e9,bicycle,39.962116,-83.004125,,28.14,True,False,False,0
Veo,2941f011-050d-5490-bc53-5358a582e474,bicycle,39.963588,-83.002921,,28.14,True,False,False,0
Veo,2cdd6019-41d1-5ee8-bc4b-7c14474cc6dc,bicycle,39.956316,-82.977765,,24.33,True,False,False,0
Veo,a0a912b7-106f-57c4-9bab-3d444a1cda6c,bicycle,39.877254,-82.994981,,28.14,True,False,False,0
Veo,005d9e20-b93f-57d2-a487-8d651ce6eff0,bicycle,39.95601269882172,-82.9452923219651,,0.0,True,False,False,0
Veo,bade0631-3062-57c4-ab31-32ebf57ffedd,scooter,40.001165,-83.01539,,24.33,True,False,False,0
Veo,ec4e8dfa-fde2-5fca-9a3f-76835203fd5b,scooter,40.017659,-82.933878,,27.02,True,False,False,0
Veo,bb429413-502f-558e-93dd-ca246498a47a,scooter,39.982337,-83.018624,,28.14,True,False,False,0
Veo,dc06ac39-b8e4-5674-a4ff-a14a787d14d8,scooter,39.993140000000004,-82.98224333333334,,28.14,False,False,True,0
Veo,cb2c1f21-e00d-584d-8a30-cf1c8800c05e,scooter,39.958575,-83.002668,,13.39,True,False,False,0
Veo,dbc73229-5afa-53ba-bd5e-bd6facc894a4,scooter,39.996284,-83.009177,,12.63,True,False,False,0
Veo,28775154-ed24-522f-b3dd-a57b222f19fa,scooter,40.101057,-83.108807,,14.43,True,False,False,0
Veo,c317fcec-1ea9-590e-a86d-b5465d132561,scooter,40.015469,-83.0317,,8.78,True,False,False,0
Veo,b9e2bc3e-a3fe-56a4-ae2a-84300cb091b1,scooter,39.998124,-83.009743,,28.14,True,False,False,0
Veo,05a678cf-22e5-5254-bbfe-939d8de7276e,scooter,40.011993,-83.013826,,26.78,True,False,False,0
Veo,45bec228-753d-5099-94f2-c6ea593af2b5,scooter,39.945109,-83.064617,,28.14,True,False,False,0
Veo,f80a1674-6449-5b69-bcf1-c2df6ce19c01,scooter,40.051763,-83.029825,,12.87,True,False,False,0
Veo,f5a55e0a-8019-5fbb-8e2b-2b2c232a791a,scooter,39.993989,-83.019263,,26.25,True,False,False,0
Veo,008aae06-40a5-5dce-b4e8-7e9a0f8f45a0,scooter,39.990525,-83.003621,,28.14,True,False,False,0
Veo,19d02b10-87ff-5d96-bee9-97d2e8b64c78,scooter,39.998275,-83.017168,,20.37,True,False,False,0
Veo,96448195-6704-5f36-8bed-4858e9764abf,scooter,40.001133,-83.014621,,16.39,True,False,False,0
Veo,23b4a9ea-c754-5afe-b777-b102a402bd3e,scooter,39.998107,-83.009802,,28.14,False,True,False,0
Veo,6a393d5b-be66-5764-a1b8-20d87ba90615,scooter,40.000229,-83.018042,,24.84,True,False,False,0
Veo,0016e02a-38ad-5ff7-845a-8581962760d5,scooter,39.963754,-83.000693,,26.25,True,False,False,0
Veo,56f722d9-1ad8-5ac7-a950-26666d46e127,scooter,39.96979,-82.969269,,24.06,True,False,False,0
Veo,121a81a7-a99e-529d-8aff-b36025b22798,scooter,39.958068,-83.012454,,14.61,True,False,False,0
Veo,940c7afa-d284-5a7d-a41f-312aa92093df,scooter,40.002038,-83.015764,,9.02,True,False,False,0
Veo,6a54592b-8c5d-5d0b-90a9-3ed398ea1643,scooter,39.995698,-83.004083,,17.37,True,False,False,0
Veo,9d7fab6f-4d7c-51a9-a711-1a963e6b1edf,scooter,40.001745,-83.015671,,28.14,True,False,False,0
Veo,431315d1-c328-52f5-8d92-dbb9396b9de4,scooter,40.005651,-83.017927,,25.12,True,False,False,0
Veo,e6725143-a27d-5d1f-96e6-1cc5584f5d49,scooter,40.007705,-83.00526,,28.14,True,False,False,0
Veo,2d85e4d8-6933-53eb-8c34-18463c6fd86e,scooter,39.957399,-83.011381,,28.14,True,False,False,0
Veo,42c3d1f7-74ff-5e59-9ce1-07a168af2a4b,scooter,40.013657,-83.00821,,26.25,True,False,False,0
Veo,c259c03e-b829-594e-b9ab-f6339c221bd6,scooter,39.99404,-83.007813,,24.33,True,False,False,0
Veo,3bce18a5-2d14-59b0-b9d4-ef93eebbbf25,scooter,40.002022,-83.016474,,25.65,True,False,False,0
Veo,fc10d4ed-c045-545e-b8dc-df4ee5b629b9,scooter,40.000902,-83.014162,,13.39,True,False,False,0
Veo,7a88ebf2-83bd-5142-8ca5-af13b7372a7d,scooter,39.986096,-83.005348,,27.44,True,False,False,0
Veo,c442387c-7b33-5f3e-9f07-33d1eb4ad3a6,scooter,39.965983,-82.969199,,28.14,True,False,False,0
Veo,c2a5644e-7fee-5e0f-8db9-d6f2befb034b,scooter,39.998142,-83.015454,,27.02,True,False,False,0
Veo,e0368b80-41a7-591f-a25b-ba9b67762022,scooter,39.997102,-83.015921,,25.34,True,False,False,0
Veo,ddfa8e91-544e-550a-bef9-e9f9a1169bee,scooter,39.880284,-82.997618,,28.14,True,False,False,0
Veo,d0014dcb-4cc7-59f6-9fc5-8c18f722c585,scooter,39.974669,-82.998072,,15.18,True,False,False,0
Veo,e381f066-3bcc-5acf-bcda-d410e93132ba,scooter,39.961883,-82.981802,,13.39,True,False,False,0
Veo,dbca8c54-2ce7-5ef2-ac06-4858ed9cdbaa,scooter,39.959203,-83.005203,,26.25,True,False,False,0
Veo,021762a5-fb20-5879-9100-58ee9a26c6dd,scooter,39.97743,-83.00263,,14.61,True,False,False,0
Veo,183a9ed0-7785-50f8-a5d6-d6f1f553d986,scooter,39.95773,-82.96698,,26.25,True,False,False,0
Veo,765a495b-bbc1-56e2-8197-4744723427be,scooter,39.958991,-83.005308,,25.74,True,False,False,0
Veo,ca834deb-e3ac-50c5-b64b-5d2b4c667a11,scooter,39.979064,-83.00397,,28.01,True,False,False,0
Veo,af52ec2f-3a70-594e-a875-4311540fff74,scooter,40.017151,-82.969576,,25.34,True,False,False,0
Veo,9fb0e3fb-3c74-54b3-ab60-3c724c55ef13,scooter,40.003883,-83.008846,,22.39,True,False,False,0
Veo,4ba0af8a-5dcf-5895-baf1-852c05092a60,scooter,40.005049,-83.01434,,21.15,True,False,False,0
Veo,ca74a5c0-cc08-5fca-9444-6168411c3ae4,scooter,40.000805,-83.018107,,28.14,True,False,False,0
Veo,49f985f4-6ecb-5960-bb54-869ab49dadc7,scooter,40.005916,-83.025944,,24.33,True,False,False,0
Veo,e1a4abe9-77d2-5873-9cb9-5e2ebcf07c4b,scooter,39.976856,-83.013045,,24.06,True,False,False,0
Veo,0b363a5b-cc4c-5412-be0c-c5def012a29f,scooter,39.967141,-83.005228,,26.51,True,False,False,0
Veo,d53f4e8c-f0a2-533e-89c1-09ab28e4d349,scooter,39.995519,-83.014122,,8.43,False,False,True,0
Veo,e8e2bcef-d960-501a-89b6-af6545819fc4,scooter,40.002026,-83.013323,,28.14,True,False,False,0
Veo,9e40d878-96d3-5e12-9009-c1856341d992,scooter,39.94391,-83.072027,,22.7,True,False,False,0
Veo,9549f25a-d23f-5d70-8ce2-b0265aa1f1cb,scooter,39.986057,-83.005376,,17.37,True,False,False,0
Veo,f226f06f-f7f8-5ab2-b878-3075fe115b8f,scooter,39.979075,-83.003987,,19.05,True,False,False,0
Veo,301467cc-e869-543b-83a0-e2dbec729d1a,scooter,40.01023,-82.984881,,11.59,True,False,False,0
Veo,3b449c08-2d24-547e-a670-6bfd834e9e68,scooter,39.957388,-83.011434,,24.33,True,False,False,0
Veo,d89f1889-b951-5029-8b84-78f4235b782f,scooter,40.005322,-83.009113,,24.84,True,False,False,0
Veo,0cb3f2c3-1ed6-52fa-957f-c0cc2af7b949,scooter,39.959639,-82.977438,,13.64,True,False,False,0
Veo,63876965-4f4a-522d-b0f2-2725b41d8048,scooter,39.996293,-83.00907,,12.07,True,False,False,0
Veo,d11a750c-882b-56da-9c78-5842d618f64c,scooter,39.97400504143289,-82.97935550527527,,22.7,True,False,False,0
Veo,6db94a6e-4359-544c-acab-72d4a06ee543,scooter,39.958572,-82.993257,,24.06,True,False,False,0
Veo,7c5ac938-df16-5000-ae15-e627df7504d8,scooter,40.000885,-83.014211,,15.18,True,False,False,0
Veo,18c5ed04-daa5-50cf-ae47-f95aa22f8094,scooter,39.961608,-82.990258,,8.09,True,False,False,0
Veo,eac9a278-2b35-5769-8d7f-376b79db7d36,scooter,40.019756,-83.007231,,28.14,True,False,False,0
Veo,05668428-b3eb-5d22-9d18-99c9b58a75a2,scooter,40.002209,-83.016276,,28.14,True,False,False,0
Veo,b76a2696-ba34-57d1-87cd-b93226eff7a0,scooter,40.001841,-83.010472,,27.77,True,False,False,0
Veo,1dcf3404-f7ba-5cd2-a941-5fa958fe99df,scooter,40.002162,-83.003125,,12.52,True,False,False,0
Veo,bdb3bbbd-88e4-51e4-b282-15017ec46aa7,scooter,39.998788,-83.003864,,25.74,True,False,False,0
Veo,177ffc8d-b991-5249-afcc-a454181e1b66,scooter,39.967558,-83.01347,,22.39,True,False,False,0
Veo,d05f45c7-f8eb-54b9-8da2-8cb8ee72d428,scooter,39.991928,-83.006553,,28.14,True,False,False,0
Veo,167a101b-cf59-5e59-92ae-9adfb74210d9,scooter,39.98299,-83.005915,,26.25,True,False,False,0
Veo,79f7a766-214c-569c-896f-3737b353d335,scooter,40.00103,-83.013987,,25.34,True,False,False,0
Veo,e7581f11-b6f2-55dd-912e-d3af9d79d3ed,scooter,40.017555,-83.031199,,27.44,True,False,False,0
Veo,6037cb0b-cc3e-5bce-bd80-b198560e7bc4,scooter,39.959864,-82.991049,,6.67,True,False,False,0
Veo,db51f683-aae0-58bf-aec8-a7795e369cd7,scooter,39.976303,-83.010849,,28.14,True,False,False,0
Veo,5d66e657-533d-5bd9-8652-6c9e6bac8e69,scooter,39.957563,-83.01179,,26.25,True,False,False,0
Veo,3164b34c-69d4-5b66-92f7-2a25425bc4b8,scooter,39.967518,-83.000581,,25.12,True,False,False,0
Veo,08517f1e-9cd1-52d6-b98b-cb02d04854a1,scooter,39.997092,-83.015876,,25.65,True,False,False,0
Veo,2583e1e1-6108-5506-829f-0de4f18f13dc,scooter,39.951869,-82.99855,,26.51,True,False,False,0
Veo,a18efc1a-f8b1-5042-8c1f-3f415b519fa1,scooter,40.000204,-83.017971,,15.45,True,False,False,0
Veo,2ceac4a7-890a-5324-bdb8-646856837068,bicycle,39.99702,-83.016388,,12.28,True,False,False,0
Veo,a7645786-ee5e-50aa-8d34-9608622c7ebf,bicycle,39.986968,-83.003559,,13.64,True,False,False,0
Veo,6f04a963-9152-5818-9f0e-b080a91f9c03,bicycle,39.933137,-82.982565,,28.01,True,False,False,0
Veo,3001b095-c29a-5594-b69d-7fb7909d09ec,bicycle,40.0002,-83.016568,,28.14,True,False,False,0
Veo,57d93977-ed40-5a36-82c9-cc8dc9933317,bicycle,39.977837,-82.994912,,2.55,True,False,False,0
Veo,625c286b-a3b8-587b-8abf-450ae4f7e62c,bicycle,40.012361,-83.026411,,14.17,True,False,False,0
Veo,e2091961-25c2-5b7a-bd52-5126cdaab435,bicycle,39.958467,-83.013089,,28.14,True,False,False,0
Veo,97334be2-e831-5ee5-9fbf-8bbc7a91e649,bicycle,39.998219,-83.021913,,27.77,True,False,False,0
Veo,acdac322-0cec-52b9-ac6d-d385fe2c3b11,bicycle,39.998958,-83.017291,,13.86,True,False,False,0
Veo,9864e881-99f3-5b2b-9f7c-515dd95f1335,bicycle,39.944528,-82.989733,,28.14,True,False,False,0
Veo,ea337145-e5d0-58c2-b233-9895b661b3c0,bicycle,39.962446,-82.964907,,15.89,True,False,False,0
Veo,5dae4f1c-9364-5b8a-ad62-0161a4f703d6,bicycle,39.99029,-82.995107,,28.14,True,False,False,0
Veo,dccc5f8d-9de5-533b-912a-0929e93a4fb0,bicycle,40.000221,-83.018031,,27.02,True,False,False,0
Veo,b3598ff0-308e-5543-9f5b-bb62e11102bd,bicycle,39.94975,-82.998374,,17.89,True,False,False,0
Veo,cb4a03f9-6181-5906-9adc-a68a47782406,bicycle,39.957309,-82.999422,,28.14,True,False,False,0
Veo,988a448e-a7b3-5799-9c07-d8ae4e8eb1a2,bicycle,40.001729,-83.012676,,5.83,True,False,False,0
Veo,3c3e2310-1ca8-588e-85e3-70221adb7303,bicycle,39.944356,-82.886604,,28.14,True,False,False,0
Veo,d554f5d4-e662-5b68-8fcb-60ce40a8687f,bicycle,40.000196,-83.017938,,25.34,True,False,False,0
Veo,04276c8c-6ad4-5125-a888-94ff07166694,bicycle,40.001798,-83.014706,,22.05,True,False,False,0
Veo,4cf226a2-3978-54e4-a839-cb59690334fb,bicycle,40.003483,-83.011032,,6.31,True,False,False,0
Veo,85e5b6b2-b00e-57d2-b0f1-d9e38803dde8,bicycle,40.002974,-83.026415,,15.18,True,False,False,0
Veo,a51be13b-4e27-5203-b9e3-ba245a1d5d05,bicycle,39.927454,-83.015525,,2.12,True,False,False,0
Veo,0237f2a1-30eb-50e2-b8e8-59c4932c95d6,bicycle,40.095893,-83.085223,,25.12,True,False,False,0
Veo,61f77865-d260-51dd-af82-d7326ab69dbd,bicycle,40.02524,-83.034324,,25.12,True,False,False,0
Veo,eb785f94-d253-52ed-9c4a-382b953c5088,bicycle,40.002757,-83.014505,,4.67,True,False,False,0
Veo,c4e2dc22-6bda-59e7-b275-b8463248412c,bicycle,39.951896,-83.117194,,17.89,True,False,False,0
Veo,3f45534d-7607-5e55-8017-51e7fe283a4e,bicycle,39.946547,-83.058604,,5.03,True,False,False,0
Veo,33200489-c6eb-5810-863a-12954eab6774,bicycle,39.946406,-83.057569,,27.44,True,False,False,0
Veo,86168402-fac8-54d1-a4de-04477b6f0322,bicycle,39.971766,-82.976323,,22.39,True,False,False,0
Veo,909784d5-cac5-51d5-b531-ea45a62bf7b0,bicycle,39.935925,-82.988875,,28.14,True,False,False,0
Veo,aad87fec-3473-518f-b0e0-716d9d535980,bicycle,40.033667,-83.016516,,25.34,True,False,False,0
Veo,f63d512e-2503-53fd-acc3-95b9dac4a93e,bicycle,40.022325,-83.013236,,5.44,True,False,False,0
Veo,26a32c24-4043-581f-b992-9444c0f613b4,bicycle,40.096069,-82.95454,,26.78,True,False,False,0
Veo,23a54fc2-77a9-5098-923a-d438cd7191ed,bicycle,39.998193,-83.009783,,18.19,True,False,False,0
Veo,d3b4201a-8904-564b-81b0-34005bb311fc,bicycle,39.974239,-82.971437,,5.68,True,False,False,0
Veo,29a8d21e-86cf-556e-9e6e-7cfdd31c3aaa,bicycle,40.001713,-83.01549,,19.05,True,False,False,0
Veo,09e4ae55-cbab-5ecf-afe4-ce0d08e9020f,bicycle,39.996327,-82.983157,,25.94,True,False,False,0
Veo,6ae83334-18e7-521f-a898-63ee1a1b3f42,bicycle,39.926212,-82.96673,,10.51,True,False,False,0
Veo,4624d948-2c1b-5012-a4b7-2b906c6bca86,bicycle,40.00172,-83.013886,,24.33,True,False,False,0
Veo,e87d6395-ec2e-5763-8131-84042dc3abce,bicycle,39.990308,-83.012497,,6.07,True,False,False,0
Veo,ff2c966c-b59e-57fb-a0b2-512974347ef1,bicycle,39.995222,-82.994811,,22.05,True,False,False,0
Veo,5379659b-deac-5b46-aed6-06f7052cd84e,bicycle,39.964747,-83.002663,,28.14,True,False,False,0
Veo,cef51c77-cb3b-517d-93b6-1de662dbdcda,bicycle,39.990363,-83.012151,,9.65,False,False,True,0
Veo,8bd2434e-9aa3-5ad4-b2c9-ba372a9c462e,bicycle,39.908113,-82.955726,,1.15,True,False,False,0
Veo,d6c566e0-edea-5066-867f-190934ddb7c0,bicycle,39.908617,-83.045424,,16.84,True,False,False,0
Veo,44507eeb-a74d-569e-9bd5-c2e21b69b58f,bicycle,39.970106,-82.955065,,28.01,True,False,False,0
Veo,d61a53de-f46b-5b80-870c-29c8b09699c6,bicycle,39.996885,-83.015087,,17.37,True,False,False,0
Veo,e707c084-eeaf-5d90-ae68-19e625861548,bicycle,39.971702,-82.976307,,25.12,True,False,False,0
Veo,276b92e8-5331-5e81-b60f-8885f3ba8403,bicycle,40.007056,-83.002864,,9.97,True,False,False,0
Veo,02b95c54-099a-50d4-8f85-8453e6f6a569,bicycle,39.965285,-82.964593,,23.02,True,False,False,0
Veo,068fddc8-f269-58f3-b79e-39fcf1082631,bicycle,39.939147,-83.000689,,23.77,True,False,False,0
Veo,7fe42c5c-10a5-5cc1-981f-a92356bbce71,bicycle,39.944533,-82.989739,,27.77,True,False,False,0
Veo,c15e6e0d-6ecd-5532-a884-313187ff5c66,bicycle,39.973386,-83.004747,,14.86,True,False,False,0
Veo,9724ace2-647a-5a5b-a1d7-2677772f614f,bicycle,40.007679,-83.002263,,20.05,True,False,False,0
Veo,c6276b82-837b-52c2-85c0-5c027257c4b4,bicycle,39.939365,-82.984053,,13.86,True,False,False,0
Veo,ae7a3e9b-0561-5b7f-a98c-fe4dd2f7d0e4,bicycle,40.000247,-83.017981,,14.86,True,False,False,0
Veo,5e4732d8-60b6-5dfb-bee1-2186a102a6fd,bicycle,40.007748,-83.00969,,19.05,True,False,False,0
Veo,cefc7564-c96c-5af6-8b97-3d038c3e4f10,bicycle,39.999583,-82.974871,,16.39,True,False,False,0
Veo,6b063c79-ca5e-5cb5-94f3-8b90cfbbd1e6,bicycle,40.005558,-83.010595,,21.15,True,False,False,0
Veo,1cc3d2a2-4869-5423-8991-eb7f7f586c46,bicycle,39.942029,-82.994995,,27.02,True,False,False,0
Veo,6daf3439-78ed-5d4d-9bca-c1f33df82977,bicycle,39.992099,-83.002793,,6.98,True,False,False,0
Veo,dbb66a09-06ed-5f98-bdf0-8680ebd9f60a,bicycle,39.970586,-83.002377,,13.1,True,False,False,0
Veo,ee7384a5-0a60-5c0e-814c-ce80d2c77279,bicycle,39.991769,-83.025947,,6.31,True,False,False,0
Veo,51ea9ab2-1a96-549d-965a-1eea7411e4b2,bicycle,39.939605,-82.997791,,28.14,True,False,False,0
Veo,3add0189-1f27-5e2d-beaf-1563224d37b7,bicycle,39.970634,-83.002774,,22.39,True,False,False,0
Veo,ac21766c-88d2-5b49-879e-758794c6325d,bicycle,39.980998,-83.004246,,28.14,True,False,False,0
Veo,c3df950e-7082-531e-84a7-5775c65a1ba6,bicycle,39.955913,-82.945266,,25.94,True,False,False,0
Veo,75916c95-bd79-5a80-b172-4f58099039da,bicycle,40.012077,-83.010804,,24.84,True,False,False,0
Veo,2603ea7b-fe4d-527a-9b66-db0f3616dd1b,bicycle,39.958013,-82.972486,,27.77,True,False,False,0
Veo,9f13881d-51f3-5cdf-b579-03bbef868fda,scooter,39.980651,-82.997991,,11.83,True,False,False,0
Veo,922c2c04-4f8a-53e5-8275-32a0e91d0a02,bicycle,40.001916,-83.00771,,28.14,True,False,False,0
Veo,6dc8596e-7080-5939-a95f-1277b89ad83a,bicycle,40.023020596381116,-83.08552829639605,,21.49,False,True,False,0
Veo,76bb2628-970a-51ac-a973-a608ff23b104,bicycle,39.970546,-83.002555,,28.14,True,False,False,0
Veo,6fba57ad-da64-5db2-99bc-e34ca9b14852,bicycle,40.058828,-82.941152,,17.89,True,False,False,0
Veo,14133abd-1da5-519d-87b1-0cea9dee6152,scooter,39.96271,-83.000581,,28.14,True,False,False,0
Veo,cbe406ef-ed1c-5598-846d-47833c4de08c,bicycle,39.9981,-83.015323,,21.15,True,False,False,0
Veo,265502ea-5f70-5fa8-9699-fa560343dd4b,bicycle,39.95602728333324,-82.94522057287395,,0.0,True,False,False,0
Veo,2228ffb4-b243-5d81-8f7c-43044b918b77,bicycle,40.000327,-83.021805,,28.14,True,False,False,0
Veo,4c00d68e-1717-585a-9ba9-346db8d71ee2,bicycle,39.964637,-83.003466,,24.84,True,False,False,0
Veo,b92c99b7-06bf-51a5-8690-aff16429caee,bicycle,40.005754,-83.020622,,14.86,True,False,False,0
Veo,c6dba0eb-848f-5643-ae03-d6ee765bae3b,bicycle,40.003957,-83.012837,,16.39,True,False,False,0
Veo,756a35f6-29f7-5d79-945a-8bbc82afb746,bicycle,40.007717,-83.009205,,27.02,True,False,False,0
Veo,e6b53d7f-4c42-5d49-a195-397cdcd5aef3,bicycle,39.974267,-83.019622,,28.14,True,False,False,0
Veo,ffddec39-19b1-5a76-a265-1d9f3d155add,bicycle,40.003456,-83.032866,,28.14,True,False,False,0
Veo,b10d97eb-2fae-5b1a-a930-a17bbfb0472d,scooter,39.94085,-82.990481,,28.14,True,False,False,0
Veo,a2030b71-bb5e-565f-9972-88ba7de20086,bicycle,40.020862,-82.971194,,28.14,True,False,False,0
Veo,3030e30c-ff15-5c04-bf35-fd946b7371f5,bicycle,39.947934,-83.028112,,25.74,False,False,True,0
Veo,bd104d04-6e3b-5d1d-a2a5-d6c563bb4b97,bicycle,39.998086,-83.009705,,21.49,True,False,False,0
Veo,cfaaa719-407b-5b54-a015-ccea090e5cc0,scooter,39.999366,-82.998857,,11.59,True,False,False,0
Veo,80eb8d45-16b6-5cc3-8f6f-9f4785be2990,scooter,40.013749,-83.00735,,22.39,True,False,False,0
Veo,cc6f3318-5809-54da-853c-c8e21b156dc0,bicycle,39.991478,-83.006506,,22.7,True,False,False,0
Veo,45d371b3-f188-5670-bab2-1a690acea6f9,bicycle,39.989056,-82.990009,,23.33,True,False,False,0
Veo,b72e1d2c-1154-5193-8856-ef10a72c12ba,bicycle,39.994596,-83.007649,,1.83,True,False,False,0
Veo,30a4c2f2-2455-5402-bb3f-afe30fbc09b5,bicycle,40.015462,-82.982576,,24.33,True,False,False,0
Veo,ec4fff34-4ca6-5626-9bca-ea6a1671ac17,bicycle,40.001465,-83.0039,,14.61,True,False,False,0
Veo,1f1d0f3a-a06b-5e4c-8f5c-b9947fa40658,bicycle,39.991976,-82.998433,,14.17,True,False,False,0
Veo,40886ee9-70e6-5093-8d36-cc4f60fcbb23,bicycle,40.002944,-83.002881,,24.06,True,False,False,0
Veo,be7fb228-0ebe-5d25-bbe9-43b7776965ba,bicycle,39.94348,-82.996232,,26.25,True,False,False,0
Veo,04a24990-479e-50f5-ba2e-2ab5e8099783,bicycle,40.055909,-83.000375,,1.15,True,False,False,0
Veo,98f6bea1-8f68-51a1-845d-06250f071997,bicycle,40.006502,-83.006313,,4.78,True,False,False,0
Veo,78bb3c3f-5159-559e-bd8b-99efe1109aae,bicycle,39.908623,-83.045427,,28.14,True,False,False,0
Veo,f8e56f7b-a9b2-5af3-bb2f-0ad452ac4ebf,bicycle,40.007024,-83.003611,,14.61,True,False,False,0
Veo,f539e32b-0f7f-5cde-ba97-f0ab0f98d53b,bicycle,39.998212,-83.009842,,27.18,True,False,False,0
Veo,52963ddb-7022-52d3-a1be-f0fa45100a95,bicycle,40.001664,-82.996424,,28.14,True,False,False,0
Veo,b34b1613-5154-5fcb-a7d3-7a3d7f140f06,scooter,39.901523,-83.043315,,1.83,True,False,False,0
Veo,c5bd7842-39cb-5e92-9c7e-0f3653cd7d2d,scooter,39.978754,-83.014478,,28.14,True,False,False,0
Veo,f8f8fd4f-6d18-57c4-a344-2a426790fc97,scooter,40.015783,-83.030578,,27.77,True,False,False,0
Veo,973cd7cc-9f49-5397-a0dd-94610af6717b,scooter,40.00086,-83.014156,,14.86,True,False,False,0
Veo,86224ef9-83e4-5417-b810-63e731a32b1b,scooter,40.00167,-83.015456,,25.12,True,False,False,0
Veo,6f812e89-c05b-501d-9f0d-65c66e0ba807,scooter,39.979029,-83.003971,,14.86,True,False,False,0
Veo,df12f079-cbba-58bc-bcb4-36511729a6f1,scooter,40.028931,-82.981996,,12.87,True,False,False,0
Veo,3517d615-d23a-50cf-90bb-c7563602b803,scooter,40.001776,-83.014548,,25.12,True,False,False,0
Veo,f2fc74ed-043e-5900-a207-fd028406b440,scooter,39.974671,-82.998102,,15.89,True,False,False,0
Veo,61338cac-0727-5cd3-97f6-f9abf9ebdba0,scooter,40.00644,-83.017069,,28.14,False,True,False,0
Veo,2736ed42-6415-50da-84ff-dd256d29d3d1,scooter,39.96916,-83.00399,,27.44,True,False,False,0
Veo,021bb884-bb3a-5bd9-a444-9988ecf0805d,scooter,39.999592,-83.009513,,26.25,True,False,False,0
Veo,9b4642b9-1d0e-5621-9b5b-07a28907d710,scooter,40.010717,-83.010236,,25.34,True,False,False,0
Veo,5de5b2f6-a876-55d0-9069-cf756b8b98bb,scooter,40.00221,-83.015429,,26.25,True,False,False,0
Veo,1b448006-260c-5a0a-93d9-eb741675b3fd,scooter,40.00932,-83.026829,,21.15,True,False,False,0
Veo,d980a7b2-f372-5ea2-892d-4771c69b9a0f,scooter,40.000176,-83.016588,,14.86,True,False,False,0
Veo,a2311760-e4b9-5d63-b653-1802299c39af,scooter,39.957382,-83.011389,,28.14,True,False,False,0
Veo,20bc63eb-bdc9-5ccd-a1b1-05dfbeb38722,scooter,39.94261166666667,-83.07200333333334,,12.07,True,False,False,0
Veo,15d523dd-635a-5e30-925d-8ad22b90adcc,scooter,40.101027,-83.108857,,28.01,True,False,False,0
Veo,07e98600-9693-521e-924b-d8ecb2b53cb1,scooter,39.971082,-83.000967,,28.14,True,False,False,0
Veo,a000543e-21d1-53f7-a3ba-46adafdcbae9,scooter,39.972966,-82.969031,,27.44,True,False,False,0
Veo,50a1e199-9027-5fce-8f1d-447a34dade47,scooter,40.001574,-83.010542,,28.14,False,False,True,0
Veo,f7a2d556-429e-5cc2-a3d2-9ad0d9701f56,scooter,40.101795,-83.110556,,28.14,True,False,False,0
Veo,4ae19a65-5991-5d71-9b2e-8a925557aac0,scooter,39.963238,-82.95328,,13.64,True,False,False,0
Veo,60eda160-dc71-57ed-a440-c3bdc52d45fe,scooter,40.104881,-83.109058,,14.17,True,False,False,0
Veo,717bc4bc-8f9f-5796-a349-1d985f443bb0,scooter,40.000157,-83.018024,,28.14,True,False,False,0
Veo,4865990e-7187-5c43-8ec0-889974ee1da4,scooter,39.957443,-83.001456,,24.33,True,False,False,0
Veo,dcc03c04-22b9-5bcd-bf26-b3052f784ec3,scooter,39.946559,-83.058584,,28.14,True,False,False,0
Veo,d7dd6efc-ecf1-5413-a96d-c7f9ca6ff68a,scooter,39.961734,-83.013106,,28.14,True,False,False,0
Veo,d349b3c5-02c3-5d04-8ed5-8f474c0d1478,scooter,39.957402,-83.011279,,28.14,True,False,False,0
Veo,f4d37210-8f81-569c-a612-1109eff8e62c,scooter,39.95588,-83.003205,,26.78,True,False,False,0
Veo,88576eea-f7dd-50d3-996c-66cd3421196b,scooter,39.98932,-83.01337,,13.86,True,False,False,0
Veo,c0d3eb28-b531-5d18-8e1d-80ef44186cef,scooter,39.956096,-83.014355,,13.39,True,False,False,0
Veo,d32a54de-3d54-5efb-80a0-61ea8d20b268,scooter,40.025265,-83.025051,,17.89,True,False,False,0
Veo,484cb5c0-5c98-5e65-bba4-56edb7eb265c,scooter,39.957772,-82.986093,,24.33,True,False,False,0
Veo,6e87e619-3de0-5ab7-89f5-1196e6b22492,scooter,40.002407,-83.01645,,14.17,True,False,False,0
Veo,9c6e9289-1d18-576e-9c9a-94687471b5d7,scooter,39.992916,-83.020061,,14.17,True,False,False,0
Veo,6e010394-696a-52c6-993b-d6d2f6b901f4,scooter,39.963077,-83.004294,,25.94,True,False,False,0
Veo,eeb220b6-61eb-5235-9008-929b42454769,scooter,39.98465,-82.996154,,11.59,True,False,False,0
Veo,844fdfdb-afd9-59cd-91bc-c55cb606c629,scooter,40.01801,-83.026698,,25.12,True,False,False,0
Veo,3652ef5e-7d0b-5fe8-8c97-d830ff358524,scooter,40.025588,-82.965569,,25.34,True,False,False,0
Veo,115ec23b-3391-549a-aeea-ce75f30d67b3,scooter,39.996948,-83.018497,,12.63,True,False,False,0
Veo,a1b21bd4-3b8b-5a84-b4e9-880eca7d5f4c,scooter,39.956707,-82.986588,,8.09,True,False,False,0
Veo,2bcb4474-a984-51e2-a9ff-efb648cbc6c0,scooter,39.949642,-83.021681,,25.74,True,False,False,0
Veo,118fbb4d-f18b-51a8-a877-154dd4903367,scooter,40.000385,-83.018119,,28.14,True,False,False,0
Veo,aeaea722-fe7f-5531-90e1-86e0db795145,scooter,39.976305,-83.010795,,21.15,True,False,False,0
Veo,4983901c-41f7-587a-8703-e110f6dcf680,scooter,40.031272,-83.026992,,11.34,True,False,False,0
Veo,2665115a-b570-5021-b482-186171862a28,scooter,39.955054,-83.010209,,17.89,False,False,True,0
Veo,746ad178-a60a-56ec-af09-f653ab8d7ee4,scooter,39.963774,-83.000666,,25.74,True,False,False,0
Veo,41e6189a-1a4a-518e-902a-0b8ff733c62a,scooter,40.033662,-83.01656,,28.14,True,False,False,0
Veo,9203d81b-58ca-5e76-817c-40c38a0a69ab,scooter,39.955813,-83.003178,,27.77,True,False,False,0
Veo,284fd8b3-1a8e-5e53-a315-769b543766fc,scooter,39.958652,-83.012824,,27.77,True,False,False,0
Veo,4d0750aa-4d71-5e7e-9509-13c2c14a2e42,scooter,39.99969,-83.016772,,28.01,True,False,False,0
Veo,32718ef0-8190-5b33-87bf-a360f93e7ead,scooter,39.971646,-83.004768,,28.14,True,False,False,0
Veo,6c0a8163-bd92-5e45-88a4-136f88be3233,scooter,39.978743,-83.004509,,19.39,True,False,False,0
Veo,db570150-034f-52e1-aea5-6abc8c8ef027,scooter,39.959279,-83.008585,,25.94,True,False,False,0
Veo,c795f29d-a12d-50e8-8cc3-5dfb23f8b0e5,scooter,39.996191,-83.005098,,6.31,True,False,False,0
Veo,e7471fb2-301f-512c-8291-4dede3e2acb7,scooter,39.946549,-83.00027,,13.86,True,False,False,0
Veo,eb11d400-1cd8-52d4-b6d2-f16da06667aa,scooter,41.659302,-83.557238,,24.33,True,False,False,0
Veo,423a20bb-5110-5202-9ecd-e6a3308be3ee,bicycle,40.102339,-83.109344,,28.14,True,False,False,0
Veo,ba896428-c2a0-5a49-8b21-b26a7befec7b,bicycle,39.941481,-82.962237,,20.37,True,False,False,0
Veo,4671ac66-fc8a-5ed7-a8f3-bb124ad5ee39,bicycle,40.078813,-82.954631,,22.7,True,False,False,0
Veo,0589327c-0c6f-5a6a-9d1d-a8368da9a277,bicycle,39.95202,-82.989013,,22.05,False,False,True,0
Veo,6cf31d3c-4729-5b8d-a728-74c2927e9594,bicycle,40.002979,-82.998591,,26.78,True,False,False,0
Veo,e61f05fe-44d0-5bbc-b43a-f128d4b1145f,bicycle,39.971646,-82.98094,,27.77,True,False,False,0
Veo,ce14b674-db32-5de0-a469-24421a5c1cdd,bicycle,39.967833,-83.000774,,27.18,True,False,False,0
Veo,67cf853b-f799-5c1e-a5ed-6549321c421a,bicycle,39.944845,-82.949377,,28.14,True,False,False,0
Veo,9f5bd0fa-2ad9-5869-bc44-87fc067df07d,bicycle,39.995786,-83.01164,,28.14,True,False,False,0
Veo,c365849c-607e-5966-b5ce-06666a814827,bicycle,39.984005,-83.006648,,25.94,True,False,False,0
Veo,8cbd16ac-5d1a-572d-9d97-d66a485745d5,bicycle,39.978843,-82.92472,,28.14,True,False,False,0
Veo,cc1b9fb5-9f97-585e-baf6-70bce83dc5ef,bicycle,40.006455,-82.977184,,21.15,True,False,False,0
Veo,90e4682c-deaf-5353-90b1-a0976f7a246a,bicycle,40.004582,-82.990133,,28.14,True,False,False,0
Veo,c38b2076-e6ed-5d44-ba51-dfc65597eb8e,bicycle,39.882836,-82.947097,,25.65,True,False,False,0
Veo,47e27bf3-6b46-5c46-847e-ba311a8486e2,bicycle,40.012388,-82.993288,,15.18,True,False,False,0
Veo,5a701765-08b8-5bd1-ab0e-a559e2cc8ce4,bicycle,39.92871,-83.097893,,9.97,True,False,False,0
Veo,8311f4e4-ef06-5a23-8661-560dcae9c334,bicycle,39.999327,-83.009967,,28.14,True,False,False,0
Veo,b07c2cf3-7c8b-5d06-9079-afe8051320bb,bicycle,40.000267,-83.01798,,28.01,True,False,False,0
Veo,69ee658f-9f5c-572a-864c-658cafdb000c,bicycle,40.003843,-83.031162,,24.06,False,True,False,0
Veo,575b4737-5d4d-5097-a6d3-05f18a054aa0,bicycle,39.95406,-83.013706,,19.05,True,False,False,0
Veo,2138106d-0ea8-5432-9ea3-9be1f1a64213,bicycle,39.977249,-82.994018,,28.01,True,False,False,0
Veo,e8871c9c-29f7-513d-87ae-f825a7a69057,bicycle,39.960428,-82.986435,,25.34,True,False,False,0
Veo,caa43be8-be50-5157-86ef-620688ef3fdf,bicycle,40.005916,-83.009253,,22.7,True,False,False,0
Veo,7e66896d-7ec2-59b3-a6f4-04ff6a4a3ccf,bicycle,39.978486,-82.957678,,26.78,True,False,False,0
Veo,a33cc151-f227-5135-ac44-6527e327954d,bicycle,40.001446,-83.003913,,28.14,True,False,False,0
Veo,39693a71-b69f-52df-9362-d02560e13534,bicycle,40.00404,-83.008561,,14.61,True,False,False,0
Veo,48f54a14-9af2-554c-80a8-943d0728bbba,bicycle,40.059046,-82.987363,,28.01,True,False,False,0
Veo,d749c57f-5bde-5527-93d9-a1d0e9460cfd,bicycle,40.003021,-83.012786,,28.14,True,False,False,0
Veo,94c480b5-a252-598c-9a0d-b97617b9e059,bicycle,39.960184,-83.012571,,22.7,True,False,False,0
Veo,982737fd-4017-51a7-b0d6-6fe1445c363f,bicycle,39.95862,-83.071884,,28.14,True,False,False,0
Veo,ef83240a-d99f-5d2e-9b05-69f69bb510e3,scooter,39.943933,-83.072044,,25.34,True,False,False,0
Veo,7ee9dff7-48b8-529b-b62d-285e1f7793eb,bicycle,40.061906,-82.999479,,19.05,True,False,False,0
Veo,cafa1b25-ff2d-5bb2-bd26-4fca3b3b443e,bicycle,40.01726,-82.969668,,26.78,True,False,False,0
Veo,80b01210-c3c2-53d3-9b7d-4932c6502785,bicycle,39.979865,-82.99746,,23.77,True,False,False,0
Veo,8d57761f-8f4a-5669-8cfb-6ddcd4dd106f,bicycle,39.98775,-83.025853,,24.33,True,False,False,0
Veo,302b13fa-ba2a-5fec-84b6-7b2f00949647,bicycle,39.887627,-83.001597,,2.09,True,False,False,0
Veo,fede70d3-6728-513c-9d9f-48991af6283f,bicycle,39.944362,-83.056546,,11.59,True,False,False,0
Veo,52c602c1-30ab-5851-b558-cae3e7ba07d3,bicycle,39.977392,-83.010272,,25.74,True,False,False,0
Veo,79e037d4-963d-5fe3-a354-b1af87a6044d,bicycle,40.005492,-83.011807,,25.65,True,False,False,0
Veo,ae1a35e7-114b-5ad7-93ed-528008eea13a,bicycle,40.003911,-83.014581,,16.84,True,False,False,0
Veo,b9227232-2a0f-578b-b05e-64091dae40a8,bicycle,40.005043,-83.014733,,23.02,True,False,False,0
Veo,8d855486-94bf-555c-ab15-9be0e0d9bb82,bicycle,39.95601269882172,-82.9452923219651,,0.0,True,False,False,0
Veo,4e84d94a-b97f-5b12-8e0f-fe39dac4b54c,bicycle,40.005608,-83.007963,,18.19,True,False,False,0
Veo,c3aafa52-a2fb-53b0-bf4d-3e1bc156d556,bicycle,39.978801,-83.004413,,28.14,True,False,False,0
Veo,5b923086-132a-589a-a602-340708fa8f8a,scooter,40.022652,-83.028665,,25.94,True,False,False,0
Veo,934fc580-3e8e-5a60-8618-dff64336de6f,bicycle,39.985581,-82.99541,,25.74,True,False,False,0
Veo,9163b618-2930-5839-ad4c-212adb8277e0,bicycle,40.003586,-82.975226,,23.77,False,True,False,0
Veo,57723adc-3d24-5182-952a-dfdce63a8b0d,bicycle,40.10664,-82.964859,,6.07,True,False,False,0
Veo,a7580402-ebb3-527f-8e65-c33efc3c1504,bicycle,39.956565,-82.987634,,28.14,True,False,False,0
Veo,b533a97e-754b-59e4-b8d2-a59a3b5a0bc1,bicycle,40.006477,-83.015541,,28.14,True,False,False,0
Veo,f4c973aa-9d31-51a7-b7eb-7f5c4994701f,bicycle,39.965068,-83.005045,,26.78,True,False,False,0
Veo,29cfe4e7-3ed6-5792-98fd-933e995e09d8,bicycle,39.996764,-83.014989,,25.74,False,True,False,0
Veo,53b5610f-3a11-53c0-8aa2-df1c154df4ee,bicycle,40.010054,-83.026708,,12.52,True,False,False,0
Veo,8daa8a10-7dbf-5758-9892-f9bf7fd8fce9,bicycle,40.003971,-83.017727,,25.74,True,False,False,0
Veo,91f62b44-3d20-58c7-9bcc-57b3923af884,bicycle,40.023433,-82.998753,,28.14,True,False,False,0
Veo,6898b767-9f20-5158-a100-2ffd1444f504,bicycle,39.977029,-83.0112,,11.34,True,False,False,0
Veo,580ecaeb-f7d0-5e1d-89f4-f6d77a46d4bb,bicycle,40.002594,-83.023364,,15.89,True,False,False,0
Veo,df7ec5c7-7345-5ff9-9c84-6ec5d187ee7d,bicycle,40.065274,-82.962187,,15.89,True,False,False,0
Veo,62a9ab58-dd78-5442-bf0f-e10d22ab70af,bicycle,39.998164,-83.010616,,14.17,True,False,False,0
Veo,8de8399c-d9c9-5fc4-9477-eec04869fcc9,bicycle,39.977197,-83.003643,,25.65,True,False,False,0
Veo,606c91b2-a910-57e2-b8a2-c082820b3d74,bicycle,39.937521,-82.951844,,13.1,True,False,False,0
Veo,1c2c2fcc-bc6f-539f-892d-68d4cb67ebb8,bicycle,39.950546,-82.997528,,11.59,True,False,False,0
Veo,01a5cedf-e536-5030-87e6-aee25bef978f,bicycle,39.970588,-83.002448,,28.14,True,False,False,0
Veo,47015c65-1409-5d6c-bfb1-8e83c051ec7a,bicycle,39.977248,-82.972726,,27.44,True,False,False,0
Veo,a4759b69-95fa-5b87-a7fd-cb4e73a32010,bicycle,39.994297,-83.019243,,19.05,True,False,False,0
Veo,0eb77a6e-562c-5050-9f9b-00993e22a60d,bicycle,40.00765,-83.002323,,11.11,True,False,False,0
Veo,de4a4fb5-e1d6-5d07-9dc7-cc261cd5c951,bicycle,40.001376,-83.00387,,26.25,True,False,False,0
Veo,31db00c7-8eb0-5940-aec8-4abf3e8beb35,bicycle,40.053598,-83.063038,,28.14,True,False,False,0
Veo,37652d99-9150-5dd8-a9b8-fbd7ccc86041,bicycle,39.946487,-83.058628,,28.14,True,False,False,0
Veo,c557e916-73fc-54e2-84df-4410ecb29e7e,bicycle,39.95299,-83.109451,,9.02,False,True,False,0
Veo,f8c31952-1eaf-5657-bb60-7827734a2fb1,bicycle,39.965503,-82.995195,,12.52,True,False,False,0
Veo,48429eca-62fb-5144-9000-0b9072f84869,bicycle,40.000647,-83.008367,,18.67,True,False,False,0
Veo,1e2db97c-a821-5e6f-9063-4e88b9360742,bicycle,40.015157,-83.013817,,27.44,True,False,False,0
Veo,0cb67408-3c3e-5380-812d-835fe03be808,bicycle,40.05528,-82.911814,,18.67,True,False,False,0
Veo,f941be71-4d51-5236-8474-e8e8b091c1bc,bicycle,39.935858,-82.988891,,28.14,True,False,False,0
Veo,c27d9a72-0f63-5fa9-b2df-e39d726251dc,bicycle,39.966292,-82.975153,,28.14,True,False,False,0
Veo,01542ae3-cd89-582b-b03a-d598e379de6d,bicycle,39.998368,-83.006836,,25.34,True,False,False,0
Veo,961a8279-ba04-5dea-a467-3e491bf2acd5,bicycle,40.002181,-83.015558,,27.77,True,False,False,0
Veo,1da33019-928e-5be0-bc4f-181dd976ac46,bicycle,39.951624,-82.941844,,28.14,True,False,False,0
Veo,56f5d487-a767-5f01-b320-202c429b7681,bicycle,40.064257,-82.966928,,28.14,True,False,False,0
Veo,547abb6f-cc39-58d7-afab-d8c562135db2,bicycle,39.995683,-83.00407,,26.78,False,True,False,0
Veo,b370480a-ac83-5a03-a59a-a889f5c70d23,bicycle,39.947455,-83.049276,,15.89,True,False,False,0
Veo,27a00e4c-791f-5fc7-81c1-11f1cf8b507d,bicycle,39.948222,-82.970311,,8.43,True,False,False,0
Veo,16d3851a-187f-5bad-b40f-8bd45861b77a,bicycle,39.955949,-82.945334,,24.06,False,True,False,0
Veo,570c1ab4-d861-57f6-b7ed-3b4c85013fc8,bicycle,39.984167,-83.002901,,24.84,True,False,False,0
Veo,ca28b4cf-b567-57b6-a7c0-de7ca158fde5,bicycle,39.987738,-83.022729,,19.39,True,False,False,0
Veo,3aa11735-acaa-5619-87ba-fa81c36d2c2a,bicycle,40.00277,-83.013653,,28.14,True,False,False,0
Veo,d5fdaf04-ff23-5aef-870c-a9b40c107258,bicycle,39.995972,-83.010576,,12.87,True,False,False,0
Veo,ee3084bf-e314-5aa5-ae3c-271d390d5f0a,bicycle,39.963271,-83.002475,,15.18,True,False,False,0
Veo,801e8bfb-f78f-50ad-92dc-16498cd000eb,bicycle,39.962415,-82.964923,,27.77,True,False,False,0
Veo,ec5d7d79-9aa7-51b7-ab7c-4f3dd46fa809,bicycle,39.998868,-83.01628,,26.78,True,False,False,0
Veo,3dfc4f33-3dfd-5f91-af89-e32473587207,bicycle,40.002594,-83.012701,,24.06,True,False,False,0
Veo,b7bb2523-94df-51d5-8760-277142148407,bicycle,39.95886,-83.012923,,28.14,True,False,False,0
Veo,a0709546-d0cd-5d34-8220-865ce33be7a2,bicycle,40.004085,-83.008955,,28.14,True,False,False,0
Veo,58e20f5f-c861-5f2b-af77-e9270aad5a18,bicycle,40.001387,-83.003878,,25.12,True,False,False,0
Veo,5fb04f17-f3e1-5a88-b895-c327a251ad2e,bicycle,39.957781,-83.003569,,28.14,True,False,False,0
Veo,0c8491ca-1997-592f-bf3a-aed5639e819b,bicycle,39.952562,-83.117762,,11.59,True,False,False,0
Veo,20bb4112-9e7c-5f6f-b326-33cb5f1f4f99,bicycle,40.002337,-82.940798,,21.49,False,False,True,0
Veo,ca080845-f248-5a7d-85c4-373cf78d02f8,bicycle,39.961484,-82.98351,,28.14,True,False,False,0
Veo,8f8e717e-b601-543a-a5ce-4c5644fed3d1,bicycle,40.003845,-83.0088,,24.06,True,False,False,0
Veo,2c7b07a4-0613-5453-9379-02deffb7615d,bicycle,39.974503,-83.003536,,12.07,True,False,False,0
Veo,915a2da8-bd75-5f31-af72-b83d8640c30e,bicycle,39.911583,-82.994732,,23.77,True,False,False,0
Veo,45287688-ddb5-55b4-98f9-2dbdca34dec7,bicycle,40.05536,-83.047628,,23.77,True,False,False,0
Veo,4f56dc9e-7d29-5a98-9cf7-a9fb58fa7900,bicycle,39.980714,-83.006235,,19.39,True,False,False,0
Veo,64e1197e-a44a-5336-89db-40bbeee5b500,bicycle,40.012836,-83.010858,,12.28,False,False,True,0
Veo,b9666c8d-3ac9-53eb-8c1b-fb9862a03733,bicycle,39.997349,-82.998832,,18.19,True,False,False,0
Veo,0632881d-1c1c-5bd6-9ee1-6a987eb7ba58,bicycle,39.960587,-83.064381,,26.78,True,False,False,0
Veo,705afe2b-ddfa-5c32-885c-f829d20d2958,bicycle,40.062853,-82.999464,,17.89,True,False,False,0
Veo,d6535777-67f4-554a-9acf-1b24f4df3d68,bicycle,39.95413,-83.013742,,28.14,True,False,False,0
Veo,331d3257-1fae-5614-b37d-e5506e69d498,bicycle,40.002241,-83.014173,,28.14,True,False,False,0
Veo,79a50c24-55a7-5f65-8395-7228ee85d5d2,bicycle,40.00589,-82.997715,,25.94,True,False,False,0
Veo,ae7975b6-f97d-5007-bc28-c062afe924e7,bicycle,39.962023,-82.949986,,13.86,True,False,False,0
Veo,ac0af3f3-4ed5-5624-a5e7-44b7571afba7,bicycle,40.055322,-82.954951,,27.44,True,False,False,0
Veo,8e581188-1e71-52ef-b1e4-2879d04c3fb9,bicycle,39.963025,-83.004312,,23.77,True,False,False,0
Veo,1ef5d767-4277-5d5f-aa74-15ab7f2a721b,bicycle,39.96135,-82.959751,,3.13,False,False,True,0
Veo,ae955137-cfdd-596c-894b-8aa3b8e53738,bicycle,39.963202,-82.981363,,25.94,True,False,False,0
Veo,44bb200b-9b71-5023-b168-ae9067ed98a9,bicycle,39.956077,-82.894427,,7.62,False,False,True,0
Veo,03ff6f4a-ea14-55c4-949c-9d298dd7a623,bicycle,39.939784,-82.972314,,6.31,True,False,False,0
Veo,a19ad18e-e65d-5c61-af98-d87bb15ab4e2,bicycle,39.936813,-82.950797,,25.74,True,False,False,0
Veo,f54788d7-cb92-5790-881a-7c5548efabf4,bicycle,40.01286,-83.00652,,24.33,True,False,False,0
Veo,fab0999a-c257-5d45-89c4-89f862def2c1,bicycle,39.938331,-82.950059,,28.14,True,False,False,0
Veo,a6356029-2fcf-5960-84db-e1cc69b3fb0c,bicycle,40.003763,-83.018046,,26.78,True,False,False,0
Veo,ef8d2dd8-470f-5367-82a7-8a41c82ceddd,bicycle,40.003028,-83.011915,,15.18,True,False,False,0
Veo,14fc363a-1f1f-5ddc-9a6c-1942b56dbec8,bicycle,40.023527,-82.999416,,28.14,True,False,False,0
Veo,333ad255-0bcb-546a-8d4a-de5e1e7e13cf,bicycle,39.952746,-82.95513,,25.94,True,False,False,0
Veo,dd24a7f0-ce7f-5517-ae59-8f55fc45059b,bicycle,39.993603,-83.026842,,13.86,True,False,False,0
Veo,546ebc7e-fe48-59e4-a01b-dfa8dd63d244,bicycle,40.096174,-82.961074,,28.14,True,False,False,0
Veo,624881fb-98ef-5959-8481-2c4e5bf99097,bicycle,40.001876,-83.014384,,19.39,True,False,False,0
Veo,3c285a97-d2ad-543e-a583-37f944b33976,bicycle,39.944092,-82.994457,,22.39,True,False,False,0
Veo,ab6d4310-563a-5638-83c8-4968e9c50ce9,bicycle,40.050577,-82.972871,,26.51,True,False,False,0
Veo,48d2c515-d149-5ae3-96fa-b3dac35a7bd6,bicycle,39.94876,-82.985708,,12.52,True,False,False,0
Veo,5c4c6d52-35fb-5bd4-956d-27cd2f6e7a5a,scooter,40.08121166666667,-82.92323666666668,,18.19,True,False,False,0
Veo,fc48886c-d33a-5ace-9a98-efcc61e61afc,scooter,40.033659,-83.016532,,28.14,True,False,False,0
Veo,3369373c-f6cb-5cd2-87b2-b3abf3763d4b,scooter,40.00353,-83.01787,,0.0,True,False,False,0
Veo,16eb7868-b6c1-5a4a-96b3-ea3312c09ee0,scooter,39.955036,-83.089348,,28.14,True,False,False,0
Veo,473a6f4d-4392-5ab3-aad4-64e385e6340a,scooter,39.937083,-82.982986,,24.06,True,False,False,0
Veo,729ab482-b6ff-590b-9374-cf700045cd7a,scooter,40.011983,-82.968562,,28.14,True,False,False,0
Veo,0bbd1bed-4c41-578b-87e3-a756a5ce9446,scooter,39.946354,-83.006588,,8.43,True,False,False,0
Veo,167596f9-62d0-54e8-ab49-3e7d7db87ba6,bicycle,40.007241,-83.014711,,15.89,True,False,False,0
Veo,86166056-3d64-5923-be57-28bcc20f5ee3,bicycle,39.941961,-82.994963,,25.74,True,False,False,0
Veo,2d7adfbf-409b-5c64-aebe-8435f1f60cd4,scooter,40.097651,-83.017264,,26.25,True,False,False,0
Veo,b91be9c8-46fc-55be-9763-8802dd725cb0,scooter,39.95866,-83.012889,,24.84,True,False,False,0
Veo,05bb128e-9c56-57b7-b374-d4e9e85d2473,scooter,39.977455,-83.01211,,28.14,True,False,False,0
Veo,e99f76dc-c0bb-537d-9334-1da5b1bdf147,scooter,39.985643,-83.017743,,13.86,True,False,False,0
Veo,02ecee17-64b8-5e90-a42e-f93ccb2aedae,scooter,40.017088,-82.974688,,7.62,True,False,False,0
Veo,89f47487-8930-53bf-98a0-b1ad9a292e20,scooter,39.95773,-83.003523,,24.06,True,False,False,0
Veo,0e7d26df-a447-59d7-a28a-5e75cdc5a38a,scooter,39.958031,-83.009641,,19.78,True,False,False,0
Veo,c4474a4f-2936-5b0b-8d47-13637fced856,scooter,39.974296,-83.019619,,13.1,True,False,False,0
Veo,3524c74a-365f-5bf9-aaca-3a9558e2a5dc,scooter,39.983754254284975,-82.99906550496206,,25.65,False,False,True,0
Veo,71f4cd9e-516f-5fb4-ad92-6cc98a054406,scooter,39.991949,-83.00654,,28.14,True,False,False,0
Veo,e0d3781e-6e98-5ce1-af92-adcc8f803c32,scooter,39.991268,-83.006267,,20.37,True,False,False,0
Veo,f0ae7c52-8de5-5835-8ed9-86e902eab413,scooter,39.967412,-83.009538,,10.31,True,False,False,0
Veo,c4ddf771-c275-5634-8e9c-0741843e9abf,scooter,40.003128,-83.025888,,14.61,True,False,False,0
Veo,e9acda74-e2af-5218-9c70-91474739bbe1,scooter,39.963606,-82.959715,,26.25,True,False,False,0
Veo,5f44d136-7d3d-57d5-97b5-4b23468a13f7,scooter,40.000197,-83.017959,,12.28,True,False,False,0
Veo,570e0f6e-8e37-559e-b1fa-324a2d0b45e8,scooter,39.946526,-83.058518,,25.74,True,False,False,0
Veo,bd319ee1-ef6c-567f-8aca-2e32f32e4834,scooter,39.958706,-83.012836,,27.77,True,False,False,0
Veo,059a4780-b063-5076-b4b8-128cf39fbcbc,scooter,39.962154,-83.004159,,25.94,True,False,False,0
Veo,0aafefb4-fa34-5f44-93fe-ba2304c90e46,scooter,39.973866,-83.002719,,27.77,True,False,False,0
Veo,9af73147-dec1-5ac8-a904-da26fe9194d2,scooter,40.001826,-83.014673,,28.14,True,False,False,0
Veo,fcebdfe0-7b78-59e0-93a8-cc5b2cf2a613,scooter,40.02231,-83.013313,,28.14,True,False,False,0
Veo,158e11c5-fc79-5398-9191-31708feeaae0,scooter,40.012348,-82.983811,,28.14,True,False,False,0
Veo,d50497e7-12f0-5eec-880b-c21bc85a33ea,scooter,39.992479,-83.005712,,28.14,True,False,False,0
Veo,d3da2796-bff2-54d8-8831-9182984171ff,scooter,40.003758,-83.013078,,28.14,True,False,False,0
Veo,d0886066-60c9-59d5-9306-3f3769a13c48,scooter,39.988818,-83.032797,,23.02,True,False,False,0
Veo,58309a68-8843-516f-b7f0-40df4b396ac0,scooter,40.017356,-82.98147,,14.43,True,False,False,0
Veo,244f0923-9840-5729-bb0b-62ba4cc08336,scooter,40.001331,-82.975248,,27.44,True,False,False,0
Veo,bd46bc2c-17cf-5666-8cd9-57465b79fbff,scooter,40.002371,-83.016439,,24.33,True,False,False,0
Veo,624199a0-153a-5f1a-bfbf-1700de54b25a,scooter,40.031098,-83.001143,,10.31,True,False,False,0
Veo,504b2ffb-9468-5496-821b-45c51716f2e2,scooter,40.003077,-83.012798,,22.05,True,False,False,0
Veo,757e7024-3df3-58b1-a041-a9dad0354aae,scooter,40.000053355811545,-83.0081727421157,,21.77,False,False,True,0
Veo,b41b3756-9d4a-575d-8a79-3bc4c10606b6,scooter,39.968617,-82.968731,,26.51,True,False,False,0
Veo,8ae36449-0af7-5d9d-8145-64d4b27c5a83,scooter,40.101077,-82.962405,,6.31,False,False,True,0
Veo,6b227c9d-46f3-52e4-8a53-d9f4def5f6fe,scooter,39.944915,-82.999187,,12.52,True,False,False,0
Veo,8a247854-4459-503e-9e06-2af4e15d622d,scooter,39.995682,-83.012843,,21.77,True,False,False,0
Veo,7b05b4af-c8e7-5ddb-b8aa-9b6bfb17137e,scooter,40.007393,-83.015586,,8.78,True,False,False,0
Veo,7c552767-c1e4-50f8-adb1-9ff44b2f165d,scooter,40.004022,-83.018817,,20.05,True,False,False,0
Veo,6a82eb3f-b55d-5d5a-86f5-8e7a801c6a50,scooter,40.033663,-83.016553,,28.14,True,False,False,0
Veo,4376e170-5a7a-5526-9ad1-2f6153384b6c,scooter,39.965838,-83.00142,,28.14,True,False,False,0
Veo,ae9d27ea-4c4d-5bc5-ba34-2e1cc7574487,scooter,39.999656,-83.022396,,14.86,True,False,False,0
Veo,9889409e-927c-53c0-a4fb-f1c50c3725da,bicycle,40.00112,-83.004552,,12.63,True,False,False,0
Veo,6642a2e4-98ba-5cf3-837a-8ea86ebb6f10,scooter,40.014022,-82.945957,,25.34,True,False,False,0
Veo,a1790bb9-0f20-519a-b2b6-da5bc983addf,scooter,40.009411,-82.96767,,18.19,True,False,False,0
Veo,ef45ca9a-b3e2-583d-8e9e-3cd9af452858,scooter,39.923409,-82.989798,,17.89,True,False,False,0
Veo,52c2008d-e3a1-5d1d-a7d1-b9254e48ede3,bicycle,39.957847,-83.001603,,28.01,True,False,False,0
Veo,35658792-b28b-51fc-89e0-6edffb32ed8b,scooter,40.001794,-83.015183,,28.14,True,False,False,0
Veo,e9ab693c-73d4-58b2-9c3c-b637843609a2,scooter,39.957863,-82.98521,,9.65,True,False,False,0
Veo,f6b4ef5e-d419-574e-95dc-29823c7fbc8a,bicycle,40.02524,-83.034344,,28.01,True,False,False,0
Veo,b17497e7-ff63-586c-9f3f-e11a90c5c95c,bicycle,39.943296,-83.00205,,16.39,True,False,False,0
Veo,991eb0c8-15fb-5dde-a34c-5466ab9340fe,scooter,40.003796,-83.013001,,24.33,True,False,False,0
Veo,4315346b-513a-5e38-8645-c87427c973df,scooter,39.955407,-82.999564,,28.14,True,False,False,0
Veo,c2963b83-f3a9-55b1-a679-bdddac15a093,scooter,39.997311,-82.996145,,13.1,True,False,False,0
Veo,8967e74f-d139-5d1c-8456-648f49f64493,scooter,40.022266,-83.01331,,19.78,True,False,False,0
Veo,b72aa135-0935-5ca7-843d-cad3b6de13a9,scooter,39.962164,-83.004151,,24.33,True,False,False,0
Veo,a170dda4-6f6f-5568-bc77-5266c36b6e12,scooter,39.973675,-83.004316,,24.84,True,False,False,0
Veo,f17784d3-7c38-5342-8f2a-5941fe21fe45,scooter,39.958355,-83.002694,,28.14,True,False,False,0
Veo,760a6178-f6aa-5c9a-815d-b5c8a820ccee,scooter,39.986005,-83.00874,,28.14,True,False,False,0
Veo,a0082023-6002-5473-ace1-83c05d349b08,scooter,39.985592,-83.027509,,25.74,True,False,False,0
Veo,1995186f-745c-5c06-ac3b-2cf27c8105f1,scooter,40.001598,-82.995972,,28.14,True,False,False,0
Veo,a6f67491-e358-5607-81d8-cdaefc02f738,scooter,40.001929,-83.025883,,25.65,True,False,False,0
Veo,8ab604b8-ce42-58b3-b764-4aa7b7a6d254,scooter,39.998375,-82.978143,,13.86,True,False,False,0
Veo,a68a61c1-5b0f-5e2e-9409-eb6e40280bf6,scooter,39.940796,-82.972055,,26.25,True,False,False,0
Veo,037daf3b-68e9-593a-91a8-a44191a864bf,scooter,39.991968,-83.012407,,13.64,True,False,False,0
Veo,aef5c09f-8780-5cc6-8558-479eeb70a6bb,scooter,39.971755,-83.004649,,25.34,True,False,False,0
Veo,e38d8579-f650-56d6-81db-4c5501e200bf,scooter,40.003834,-83.013791,,17.37,True,False,False,0
Veo,923aa708-1473-50f4-a2dd-47f08579ce08,scooter,39.99249,-83.009806,,14.17,True,False,False,0
Veo,3d60969b-c364-5aae-92ca-6fce3167972a,scooter,39.957933,-82.948457,,13.64,True,False,False,0
Veo,fb8f9fce-891e-5cb5-9aea-db89802e3bd7,scooter,39.976325,-83.010821,,27.77,True,False,False,0
Veo,c09322c7-fe3d-5598-a1a1-c4515d6e0ade,scooter,39.969129,-83.00403,,22.7,True,False,False,0
Veo,8fbadf82-7df8-5e63-bd2b-d44e3a2093d6,scooter,39.934998,-82.992848,,14.86,True,False,False,0
Veo,191a26e0-4a69-52f2-9ef8-4f644f96a141,scooter,39.978751,-83.004373,,24.33,True,False,False,0
Veo,ce1aab6d-779f-5ba3-a08a-3dd6686f9d4a,scooter,39.95334,-83.031077,,1.83,True,False,False,0
Veo,8fe3101b-b2d7-5459-83d4-64a2dee00982,scooter,40.013494,-82.976829,,14.61,False,False,True,0
Veo,dfb47b8d-aa85-5b7d-b891-9d0ab855caa4,scooter,40.007658,-82.998265,,27.77,True,False,False,0
Veo,4efab12c-73f0-576c-a7d0-a3ea0caf47fb,scooter,39.957474,-83.001671,,20.37,True,False,False,0
Veo,da7fbdd0-38e0-537c-935f-45443489867b,scooter,40.010026,-83.026703,,15.45,True,False,False,0
Veo,dc998296-a295-5399-9d30-30b29dd6eeb4,scooter,40.040572,-82.995542,,9.65,True,False,False,0
Veo,1e7907fd-542e-5fc4-8923-f0d9a48cf44b,scooter,40.000324,-83.01805,,15.18,True,False,False,0
Veo,086bcf76-c91d-57ea-9171-054b18be956e,scooter,39.97205,-83.007402,,27.77,True,False,False,0
Veo,6e5b3bbb-21c5-5a05-ad5a-6df82fc7ed55,scooter,39.990254,-83.007879,,24.84,True,False,False,0
Veo,2a99dff2-b3fe-524b-b984-8a3848ae7759,scooter,40.010178,-83.027129,,15.45,True,False,False,0
Veo,adc6ced9-9dce-5435-8181-16006319f502,scooter,40.002295,-83.015557,,25.94,True,False,False,0
Veo,949741f7-c889-59a3-8053-5a67a1643cb7,scooter,39.95837,-83.002714,,28.14,True,False,False,0
Veo,4e2fbbe2-36e3-5e7d-a3d1-542ce30432a0,scooter,39.974465,-83.004376,,15.45,True,False,False,0
Veo,2794fa7d-f949-55c7-a21c-bec67b66f738,scooter,39.954916,-83.010565,,15.45,False,False,True,0
Veo,5d69269c-75ea-5fc6-8584-63d5a7a00d29,scooter,39.955827,-83.013125,,28.01,True,False,False,0
Veo,9e3a2c52-df8f-557b-940b-af89c3dad4ba,scooter,39.939485,-82.990681,,12.52,True,False,False,0
Veo,74b83c91-b4e4-5cd9-b1e4-e0eca5baf677,scooter,39.967573,-83.013454,,21.77,True,False,False,0
Veo,053005cd-7a8a-5a95-bd94-dd57b94a2ac4,scooter,39.99838,-83.011581,,28.14,True,False,False,0
Veo,c42c7f0e-784b-5a68-a5b4-a3b26fab3ecc,scooter,40.00014,-83.000504,,28.14,True,False,False,0
Veo,e34dc89e-5fb5-5ec1-bbdd-cd8956484969,scooter,40.00198,-83.013638,,28.14,True,False,False,0
Veo,a304ec02-3361-5369-b266-9ab90741cd93,scooter,39.953516,-82.998141,,22.39,True,False,False,0
Veo,23709b29-0a3b-5d55-9fa8-5c3d0aef1d41,scooter,40.003771,-83.01298,,28.14,True,False,False,0
Veo,0e97dcff-db63-5a0c-8f2a-32cde0cac71f,scooter,39.995382,-83.030809,,26.51,True,False,False,0
Veo,68593bbe-0c11-5b3c-bb5f-63c14ebcf880,scooter,39.943914,-83.072076,,18.67,True,False,False,0
Veo,4f7a0aa4-5f11-5a99-bbbb-dc0ba0484341,scooter,39.997774,-83.003939,,18.67,True,False,False,0
Veo,700823ca-8a71-5c50-ada7-c27aa141ae12,scooter,40.005599,-83.011672,,15.18,True,False,False,0
Veo,d9b1097f-0fdc-58da-85ca-876ec17d81ff,scooter,39.943936,-83.072063,,10.31,True,False,False,0
Veo,580e383a-3923-5467-887b-1dcf031cd16c,scooter,39.972336,-83.003157,,16.39,True,False,False,0
Veo,12f304fc-a824-5bd2-8acb-8fac1e47070d,scooter,39.997045,-83.016475,,19.39,True,False,False,0
Veo,1bbc7c35-1ffa-5e11-840d-6546ee954f2c,scooter,40.000337,-83.013173,,24.06,True,False,False,0
Veo,68aabd3b-b3dd-533c-9fd2-37e871180a99,scooter,39.990247,-83.010258,,10.79,True,False,False,0
Veo,47aa894c-9fa0-5419-90df-f22c6a20de13,scooter,40.003484,-82.996928,,28.14,True,False,False,0
Veo,d2f6abe7-6e5d-5cad-b250-048d85f6eaa5,scooter,39.978406,-83.011159,,14.43,True,False,False,0
Veo,879c0069-839b-5c77-a4d0-bd950e9887c6,scooter,39.951717,-82.973892,,28.14,True,False,False,0
Veo,b5b17525-aba3-54ab-ab75-9dfe95972497,scooter,39.976263,-83.010832,,28.14,True,False,False,0
Veo,497541be-87d9-5fc8-aed2-c3742894fe74,scooter,39.990797,-83.000549,,23.77,True,False,False,0
Veo,a6d5c660-e5dd-53fe-90ad-5c2eac4a1713,bicycle,40.020911,-82.992917,,28.14,True,False,False,0
Veo,9fd01c15-9f6f-5963-a74c-8d41442625d5,bicycle,39.949948,-82.959202,,8.09,False,False,True,0
Veo,afaa55ed-bcb3-5223-ad4c-6df4298db78d,scooter,39.952028,-82.982753,,28.14,False,True,False,0
Veo,2d324409-d974-52d1-ac93-7039b3cbf358,bicycle,39.942891,-83.118128,,3.67,True,False,False,0
Veo,ef7c688a-80e7-596c-ab7b-957d763a6b9b,bicycle,39.977691,-82.96424,,23.33,True,False,False,0
Veo,a1fea3d4-36d3-5cc6-969f-c825ea854973,scooter,39.945867,-83.009064,,13.86,True,False,False,0
Veo,5f7396a3-53ee-589f-90c8-74eecc3373ec,bicycle,39.958904,-83.012945,,28.14,True,False,False,0
Veo,04254183-112a-511c-982d-c7993637f58b,bicycle,39.997771,-82.97274,,16.39,True,False,False,0
Veo,d25189d2-be35-5013-bb18-3466d1bc10be,bicycle,39.939371,-82.996425,,12.63,True,False,False,0
Veo,3d146153-f4ad-56e2-b271-41e10f1610d2,bicycle,39.998336,-83.006651,,27.77,True,False,False,0
Veo,c568fad6-92d2-5c78-8a9f-5813ce1cdfb5,bicycle,40.005574,-82.974028,,25.65,True,False,False,0
Veo,e06cb370-be2f-5f8d-a42b-b90a78b319ea,bicycle,40.015033,-82.989136,,8.09,True,False,False,0
Veo,0b60ad36-3c16-5fd3-98d8-b01fef60b4e7,scooter,40.001604,-82.98297,,13.86,True,False,False,0
Veo,19168ab0-db71-5d11-a6ee-32e421a7cd49,scooter,40.000462,-83.010066,,24.33,True,False,False,0
Veo,66e87d71-9ada-5f48-a946-574e7cf4ba40,scooter,40.012004,-83.013757,,28.14,True,False,False,0
Veo,012dddd0-5f1c-5366-b492-082347f8967a,scooter,39.960152,-82.965191,,27.02,True,False,False,0
Veo,c709e7fd-a917-5ebc-8e8f-72e50a59df43,scooter,39.946973,-83.054752,,20.05,True,False,False,0
Veo,387fc9a1-8c2a-5b9e-8901-7f77ba62958e,bicycle,40.00802,-83.010415,,27.77,True,False,False,0
Veo,e02e423c-2ee9-5ce7-91e0-27c62ace0916,scooter,40.002297,-83.016436,,13.39,True,False,False,0
Veo,3f0eb30c-b83d-549a-9a3a-12f53d4d4c82,scooter,39.963065,-83.004273,,25.65,True,False,False,0
Veo,ef2d6442-ea47-5c6d-9708-03d17fcd626c,scooter,40.001107,-83.00836,,15.45,True,False,False,0
Veo,72c1fe27-5af4-5b4f-b946-5dc7e79f1c5b,scooter,39.946523,-83.000324,,23.02,True,False,False,0
Veo,2a6f3017-63c0-5f2a-b232-747496520117,scooter,40.001414,-83.025008,,9.97,True,False,False,0
Veo,44ce1664-0434-5282-a941-466e1737e204,scooter,40.001818,-82.999104,,28.01,True,False,False,0
Veo,65b970bd-1b5e-5bde-98fc-9108a41286d0,scooter,39.977979,-82.993887,,13.39,True,False,False,0
Veo,a6c4add7-fd4c-5762-8fd4-8ccf45effecb,scooter,39.995505,-83.012656,,26.78,False,False,True,0
Veo,c5a5f6c6-16af-5230-af1a-6d3b3a37a3a8,scooter,39.998954,-83.000123,,12.28,True,False,False,0
Veo,a7f69187-4290-55bf-b69f-3e68b0b9ae59,scooter,40.001785,-83.015611,,26.25,True,False,False,0
Veo,76b5c16a-b22f-59be-9285-fa48611691aa,scooter,39.943957,-83.072053,,15.89,True,False,False,0
Veo,aa4d2565-9223-5e69-9216-ae5d77456496,scooter,40.002457,-83.01195,,24.33,True,False,False,0
Veo,59ef836f-67dc-585f-9504-17a55bf06565,scooter,39.958579,-83.012866,,28.14,True,False,False,0
Veo,f34dd61d-4943-5fdf-b777-7d0bad63b0b3,scooter,40.012732,-83.026489,,14.17,True,False,False,0
Veo,ea4719c8-63e7-541b-a351-a5cb5d84854e,scooter,40.000896,-83.014004,,10.31,True,False,False,0
Veo,573a00c2-847a-5e92-a010-d5fa83b1e3a5,scooter,40.003752,-83.012941,,12.63,True,False,False,0
Veo,2efc7c8a-65d3-568e-a3ba-97b08f60fcda,scooter,40.023339,-83.019201,,13.86,True,False,False,0
Veo,b0d1fad2-a7c4-5b7c-a467-4a826c157ea4,scooter,39.996286,-82.995639,,21.77,True,False,False,0
Veo,c56fa3ad-399e-59c5-ac76-0bebe9b5743e,scooter,39.958716,-83.012167,,28.14,True,False,False,0
Veo,eeab1081-9b65-5c05-9d58-a225d5bff5bf,scooter,39.882671,-82.989259,,28.14,True,False,False,0
Veo,38c523da-aff2-5007-821c-82c808d59de8,scooter,40.001991,-83.012711,,25.74,True,False,False,0
Veo,2eb72693-1efb-5284-bf9d-8a2cf33a9a69,scooter,40.002919,-83.026199,,22.7,True,False,False,0
Veo,76112678-d0e0-500f-a375-f43e5b1ffe68,scooter,39.971297,-83.002292,,20.78,True,False,False,0
Veo,c303e6d9-65ed-5cc4-a662-72b0991d063b,scooter,39.958297,-82.963272,,27.77,True,False,False,0
Veo,e016fdde-83fc-5ac2-a748-24559229b1c5,scooter,39.949526,-82.999129,,22.05,True,False,False,0
Veo,b1cda54b-0b7c-513d-94ea-c4ae7ee62774,scooter,39.925407,-83.093802,,11.83,True,False,False,0
Veo,da0b13fe-0545-5190-8ab9-a5be887985d4,scooter,40.031569,-83.010918,,25.94,True,False,False,0
Veo,26708eb6-043d-5ea1-aa06-82a0ea0cff08,scooter,39.980962,-83.004215,,14.43,True,False,False,0
Veo,c2ef2cec-bebb-5939-a570-6d6c30370199,scooter,40.009947,-83.015317,,14.61,True,False,False,0
Veo,8eadbfd4-a97b-5016-b4a7-58a3e713ba99,scooter,40.004926,-83.009537,,23.02,True,False,False,0
Veo,05968738-5f75-5e34-bf78-c21051ca77f8,scooter,40.003752,-83.012909,,10.79,True,False,False,0
Veo,081d12c3-4349-5bc1-922e-87f5b69c1dd2,scooter,39.998724,-83.009735,,26.25,True,False,False,0
Veo,e03a09e2-836c-5f48-8350-83304fde3681,scooter,40.003715,-83.013075,,10.31,True,False,False,0
Veo,f33f5507-64bd-532e-81f1-50386f83a821,scooter,39.967155,-83.005244,,23.33,True,False,False,0
Veo,205e02bf-6241-5e49-80fb-8b9baba49ed1,scooter,39.997869,-82.99811,,28.14,True,False,False,0
Veo,939bfc87-5c92-5d3f-92c7-17d599cb3112,scooter,40.022231,-82.98611,,28.01,True,False,False,0
Veo,e92f9907-5971-5cb9-b4ad-fa6a0a748986,scooter,39.962172,-83.004171,,25.12,True,False,False,0
Veo,ae5c6722-6c11-542d-8561-92b053c9b278,scooter,39.948581,-82.947484,,28.14,True,False,False,0
Veo,a8c75e70-1b60-58a8-9089-9ad1bf3d319b,scooter,39.999995,-83.008234,,12.52,True,False,False,0
Veo,471d7d4c-9d01-5271-ae52-d41d47712ed3,scooter,39.999262,-83.003685,,13.39,True,False,False,0
Veo,5076274b-b8b7-5f44-9574-37ce38974425,scooter,39.99523,-83.004581,,28.14,True,False,False,0
Veo,a7a6cb99-7c42-5a4d-b045-51608eb497a6,scooter,39.969101,-83.003842,,26.78,True,False,False,0
Veo,a7e3d1cc-8711-5ab9-85c1-2b40d45b4a1f,scooter,39.965879,-82.99258,,19.78,True,False,False,0
Veo,59ecbc1a-25db-51fc-a8ff-315d88ac5805,scooter,40.00154,-83.015624,,27.02,True,False,False,0
Veo,24e44d95-6f9a-5265-8809-68a554283b6a,scooter,40.006837,-83.009437,,27.44,True,False,False,0
Veo,bf633087-f4cb-52f5-9f3d-95b6a31c6807,scooter,39.970673,-83.002455,,28.01,True,False,False,0
Veo,249443e9-5b67-5973-8591-60d98f707d0b,scooter,39.912362,-82.967376,,27.02,True,False,False,0
Veo,df9a96de-5e46-5923-a997-e570a9cbdd04,scooter,40.00673,-83.016984,,20.78,True,False,False,0
Veo,873a94a1-0998-5c72-9571-b725ae35bd33,scooter,40.012488,-83.002495,,28.14,True,False,False,0
Veo,2a33ab7f-c6e3-5f1c-9dae-66bd5a783666,scooter,39.988766,-82.999543,,23.02,True,False,False,0
Veo,b962d06a-5446-5986-aaf4-a8e1344ffa63,scooter,40.000567,-83.010192,,22.39,True,False,False,0
Veo,0eb7fe66-9f1d-5dbd-bbd5-6c8d0f828c3f,scooter,39.957384,-83.011393,,26.51,True,False,False,0
Veo,2602161d-6b1b-51f0-aade-25916d9a862b,scooter,39.990738,-83.000566,,18.67,True,False,False,0
Veo,66f03e30-9d11-599d-9b63-87c6d0dab1ba,scooter,39.969147,-83.003966,,25.12,True,False,False,0
Veo,fc438f74-9235-53a3-accd-85ed92dfced0,scooter,39.987349,-82.998803,,28.14,True,False,False,0
Veo,ae04efbf-d29f-524b-ba63-f66f5ff032bb,scooter,40.035441,-83.016586,,16.39,True,False,False,0
Veo,f945818e-e5fa-51e1-b4fa-6503e523b970,scooter,39.998215,-83.015378,,15.18,True,False,False,0
Veo,bff14700-0c0e-5eaf-95d7-a3a42f87ed20,scooter,40.003483,-83.010894,,24.33,True,False,False,0
Veo,e0e2fd55-bc1d-5178-9cf8-6d0c11e7d25f,scooter,39.998433,-83.016773,,15.45,True,False,False,0
Veo,22fb5905-5350-592a-b33a-1f3babc9cd45,scooter,39.99189,-83.006504,,28.14,True,False,False,0
Veo,9dfeb2b4-d12e-5c3e-b410-8cf4cbafcce1,scooter,39.987367,-82.999207,,11.34,True,False,False,0
Veo,3c98680f-abcd-54b6-a339-925f6402430e,scooter,39.953036,-83.117329,,13.39,True,False,False,0
Veo,4f1c88f5-bb81-5428-a6b1-de224eef813b,scooter,40.001447,-83.003776,,12.52,True,False,False,0
Veo,cdf6e27a-94dd-5de4-a579-f74530d85429,scooter,39.961514,-83.003613,,28.14,True,False,False,0
Veo,e835c65b-244c-5b33-84e5-d7581080270b,scooter,40.102416,-83.110722,,28.14,True,False,False,0
Veo,72e4156e-99b1-58f3-a018-b0728764a374,scooter,39.999314,-83.005155,,26.78,False,True,False,0
Veo,8fb86c06-cd89-55e9-bea8-5e081143bbd3,scooter,39.969251,-83.001492,,20.05,True,False,False,0
Veo,9f6173c1-0561-5138-b210-1491bfe3a8ca,scooter,40.006723,-83.01082,,25.94,True,False,False,0
Veo,4f32f2c4-0845-5f8c-bdd3-2c330324ca37,scooter,39.955879,-83.003139,,26.25,True,False,False,0
Veo,ac723f0d-5d2e-585b-bc6c-ad3defb86b5d,scooter,39.97875,-83.004448,,14.86,True,False,False,0
Veo,3b314f6e-ddb4-5210-9ca8-4af8463225ad,scooter,39.957397,-83.011407,,28.14,True,False,False,0
Veo,1e33eddf-01ca-5b51-8eab-92a51db67cb5,scooter,40.025244,-83.023172,,18.67,True,False,False,0
Veo,aea612b5-fa9a-5eb4-b8f2-d0f1a725000e,scooter,39.960884,-83.012522,,28.14,True,False,False,0
Veo,9825cb7e-3436-5a5f-8a6d-2cadc2535cfd,scooter,40.003187,-83.008524,,28.14,True,False,False,0
Veo,04569216-bbae-58af-b7d2-b439883e5e87,scooter,39.987478,-83.013007,,21.49,True,False,False,0
Veo,5e0ee462-403e-593a-907a-d926f1eae971,scooter,39.96144,-82.983571,,28.14,True,False,False,0
Veo,df8c2722-8673-5f4a-b8ab-874a1aa8ebd3,scooter,40.00553,-83.009225,,28.01,True,False,False,0
Veo,fdd7a09b-d448-5418-a7ce-ab5f756bbbd4,scooter,40.002177,-83.012096,,23.33,True,False,False,0
Veo,ae0ed820-729b-5db6-9d75-3d32489ce0f3,scooter,39.979077,-83.002897,,18.67,True,False,False,0
Veo,6414dc0f-4d52-5e7d-9afb-103403e9a6b3,scooter,39.977474,-83.002819,,14.61,True,False,False,0
Veo,472dec48-8aba-5b51-aaea-2be40979e35b,scooter,39.95989,-83.013274,,26.78,True,False,False,0
Veo,63a6d19d-f16b-5c0c-ac87-06b2462b03fe,scooter,39.955893,-83.003187,,28.14,True,False,False,0
Veo,81a684bd-e978-5ea9-ac6b-bf84e2519e66,scooter,39.957722,-83.003598,,13.64,True,False,False,0
Veo,1c5f1c84-5416-5729-b94a-3911f9c49666,scooter,39.97971,-83.021261,,27.77,True,False,False,0
Veo,74163442-7e2a-57f5-bf7d-0f7d711ddabe,scooter,39.991617,-82.995664,,28.14,False,False,True,0
Veo,7a626e58-2fa1-5bd8-84e8-e67e89d0b4d8,scooter,39.948822,-83.056296,,28.14,True,False,False,0
Veo,93a1f43a-ce56-58ba-badc-d01547243605,scooter,39.978752,-82.998082,,27.77,True,False,False,0
Veo,26073df0-6629-526f-9e42-c75707a87e6d,scooter,39.963079,-83.004251,,28.14,True,False,False,0
Veo,0c85ccec-5314-5379-850c-6dad8842d7e0,scooter,39.94457,-82.989644,,25.74,True,False,False,0
Veo,8ef2eed5-0725-5603-a00b-829e1fd53ccd,scooter,39.991568,-83.009048,,22.05,True,False,False,0
Veo,51cb212e-7442-57c2-9535-8275d26a307e,scooter,39.977204,-83.004556,,14.61,True,False,False,0
Veo,8cc42cf2-3788-5fb3-9042-76d3c89e1597,scooter,39.998498,-83.009736,,28.14,True,False,False,0
Veo,2b45b8e5-a08e-5dda-be5e-69bf8e64a656,scooter,39.969332,-82.999771,,11.11,True,False,False,0
Veo,b820ca6c-58bc-5247-a28e-e30eb1effe2e,scooter,39.995924,-83.01133,,3.81,True,False,False,0
Veo,b401386c-8f8c-5f23-8553-64598214bf8b,scooter,39.97871,-83.004484,,18.19,True,False,False,0
Veo,6c50b8d0-419f-51f0-8b57-2979a219dfae,scooter,40.013393,-83.024629,,10.51,True,False,False,0
Veo,87f7d989-60d4-5288-8fec-b23bb8b3c1df,scooter,39.951869,-82.998512,,27.77,True,False,False,0
Veo,2ceb8832-a748-5036-a9fc-da58e74fe9a2,scooter,39.999315,-83.039558,,14.17,True,False,False,0
Veo,889ac603-7b3b-5eab-bc5f-f7a91b4ade73,scooter,40.022277,-83.013249,,27.44,True,False,False,0
Veo,e3bfe382-c566-504d-9736-8d3f4882cb1b,scooter,39.970485,-83.109001,,14.61,True,False,False,0
Veo,09a6315c-28cf-5812-ac67-38b3afc48a06,scooter,39.998113,-83.009775,,11.11,True,False,False,0
Veo,ea11f65b-ce6b-5ac7-9c67-3eca0c216b9c,scooter,39.954137,-83.01378,,28.14,True,False,False,0
Veo,f854ee30-ef51-5a76-8ef6-3a88bc5c8c5c,scooter,40.004631,-83.013382,,28.14,True,False,False,0
Veo,56dc97ab-1d64-5d4d-bd81-16efa687e7a7,scooter,39.965907,-82.992727,,28.14,True,False,False,0
Veo,551e69a6-38e9-5238-b9b6-4f162dbe394a,scooter,39.964765,-83.002079,,28.14,True,False,False,0
Veo,1c5d73ba-af76-5d79-b6db-b4036ad3105c,scooter,40.101024,-83.10867,,28.14,True,False,False,0
Veo,9a0c3b7c-7dcf-5b24-b429-78c5dfc5b9bf,scooter,40.001019,-83.006781,,28.14,True,False,False,0
Veo,304b27ad-0842-5ab6-a313-4190514179c7,scooter,40.00144,-83.015481,,22.7,True,False,False,0
Veo,be5b0e53-6d6b-58b1-b793-1e4c189d7cba,scooter,39.975137,-82.972087,,23.02,True,False,False,0
Veo,efffec72-7178-52eb-a27f-831de07e5eb0,scooter,39.978751,-83.004477,,28.14,True,False,False,0
Veo,13027e82-b4af-5078-b609-56ded2ae8d3d,scooter,39.957265,-82.97253,,15.89,True,False,False,0
Veo,2d51abde-770c-5726-b681-a288f38aa0b1,scooter,39.98291,-82.980435,,25.12,True,False,False,0
Veo,ca946b95-4a74-5489-be5a-10e4e07dcaf6,scooter,40.001155,-83.003837,,9.97,True,False,False,0
Veo,3351964f-45c1-5ee0-bdaf-10dd6c5260fc,scooter,40.015637,-83.011707,,16.84,True,False,False,0
Veo,317707db-5de4-507b-b9f2-0a08a3586f1b,scooter,39.95740698650479,-83.01142654381692,,27.18,True,False,False,0
Veo,d9aefbd2-cbb7-53f0-b4c3-82a899b0cec2,scooter,40.002392,-83.014141,,28.01,True,False,False,0
Veo,5ffdd416-b233-5d7d-9319-93880464d788,scooter,39.991986,-83.006538,,24.06,True,False,False,0
Veo,93eb5bb3-038a-55d6-97d1-36e35314ff33,scooter,39.95405,-82.939251,,19.05,True,False,False,0
Veo,5f585280-c751-56f9-b597-10e8d8ff0575,scooter,39.985233,-83.049122,,5.68,True,False,False,0
Veo,f29d8a3e-1035-58be-b590-03b1f74f47c0,scooter,40.002767,-83.015712,,24.06,True,False,False,0
Veo,c3b1cecb-e2fc-55ad-b9be-73f71053ff6e,scooter,40.003725,-83.012993,,28.14,True,False,False,0
Veo,ea50878f-58f6-51ec-9314-bfc24b4098b9,scooter,40.01398,-82.990018,,13.64,True,False,False,0
Veo,2ebdd53b-503f-5930-9eb3-9c96882aed8e,scooter,39.953527,-82.982155,,14.61,True,False,False,0
Veo,c8ca862a-fe6f-5129-b151-56c16934502d,scooter,39.975776,-83.002252,,14.17,True,False,False,0
Veo,d493c02d-3b45-5866-98ab-34c827f68610,scooter,39.977295,-83.003419,,25.34,True,False,False,0
Veo,80ccdcc6-1970-5fcc-b62b-c620e53773c6,scooter,39.974875,-83.004312,,15.45,True,False,False,0
Veo,9941447c-7396-562d-a097-a8ef8943719e,scooter,40.027999,-83.000798,,25.65,True,False,False,0
Veo,44e6485d-958e-5fe7-8e8b-40cc030fe4d9,scooter,39.963078,-83.004252,,28.01,True,False,False,0
Veo,083ec4e3-8087-55d5-9663-40c6a4f86ff1,scooter,39.960934,-82.999869,,28.14,True,False,False,0
Veo,08c35c31-5ebf-5a73-908b-a45d0736d239,scooter,40.014082,-83.015099,,26.78,True,False,False,0
Veo,ede485b2-76c4-54f8-b2f9-4f49b54875b2,scooter,39.945101,-83.064627,,21.15,True,False,False,0
Veo,00ea89d0-82b4-5bd7-a5d3-eddd3019c1c2,scooter,39.996493,-83.019779,,14.61,True,False,False,0
Veo,ecc0b4c2-0847-5e4e-88be-ddb464e9d3e1,scooter,39.999796,-83.009162,,24.33,True,False,False,0
Veo,a720a0fd-872d-52c9-83cb-4a2ce90df46e,scooter,39.96378,-83.000646,,18.67,True,False,False,0
Veo,b1302f3b-e5c2-531d-af3d-03ad8b6ff2b3,scooter,39.980688,-83.008802,,27.77,True,False,False,0
Veo,facbfa7b-69df-51cc-b5de-26e5016b8e2e,scooter,40.001852,-83.016489,,28.14,True,False,False,0
Veo,e13861f7-f6a0-5cd2-b5bd-54df8abf3fd2,scooter,40.002658,-83.015433,,21.49,True,False,False,0
Veo,3d495ffb-24b5-5b76-b883-b9304a46f7da,scooter,40.00113537566042,-83.00838957586922,,27.02,False,False,True,0
Veo,fae86d90-c102-54d2-ad33-f46c77aa2961,scooter,39.969151,-83.003947,,25.74,True,False,False,0
Veo,272546e8-192c-507f-9450-b63cd26cc9c0,scooter,39.984626,-82.996164,,15.18,True,False,False,0
Veo,26d65903-1c41-5afb-8080-928b162a5728,scooter,39.969162,-83.004058,,27.77,True,False,False,0
Veo,bc51b094-e2f3-5769-8fbb-43fadc0d363f,scooter,39.95627,-83.009713,,22.05,True,False,False,0
Veo,54ca3315-db3d-5db5-a187-d99438f28f00,scooter,40.005675,-83.013753,,26.51,True,False,False,0
Veo,22331c3e-94a3-5634-aeb3-1ab2f59822dc,scooter,40.005609,-83.011728,,24.84,True,False,False,0
Veo,fc37e1b7-e9f2-5d19-8ca7-209b8b2a0ea0,scooter,39.963075,-83.004278,,19.39,True,False,False,0
Veo,4ec255d7-ec7d-5829-9e61-ed4d5d23de49,scooter,39.999427,-83.00301,,12.52,True,False,False,0
Veo,19c24750-2ac3-5dab-b12a-16bc6d427663,scooter,39.949114,-83.043072,,25.12,True,False,False,0
Veo,fe37f9ea-b527-5b1c-bee1-7a0683d34432,scooter,40.003818,-83.012858,,25.65,True,False,False,0
Veo,95bd37ba-d746-52dc-b819-7029a5c12a95,scooter,39.972302,-83.003105,,27.77,True,False,False,0
Veo,0bae929d-ecbf-57f8-aac4-6855675c9b89,scooter,40.003867,-83.013042,,22.39,True,False,False,0
Veo,ebc532a6-4478-551d-bb19-e7403cfe184f,scooter,40.016701,-83.020453,,22.7,True,False,False,0
Veo,ed1001ac-efe4-527d-94ac-d02329493e7c,scooter,39.996853,-83.009705,,28.01,True,False,False,0
Veo,cdb70a7b-f881-59d0-af95-dc59a5e648c0,scooter,39.965954,-83.001518,,28.14,True,False,False,0
Veo,2bdf6d1a-e1a9-53f2-9b43-c5e97cb9255b,scooter,40.005621,-83.01169,,11.83,True,False,False,0
Veo,51037ec7-731c-5580-a784-caf19eaf7733,scooter,40.002199,-83.010872,,18.67,True,False,False,0
Veo,f65e072e-acab-511f-bf95-872885f71a00,scooter,39.997178,-83.015517,,22.39,True,False,False,0
Veo,5362a91a-bc3c-5c7b-b1d1-a0c4b6a76f8d,scooter,40.002037,-83.011559,,26.51,True,False,False,0
Veo,d1a92672-348c-571e-b550-564150a2e3b0,scooter,39.985479,-82.997288,,6.31,True,False,False,0
Veo,8299eb83-b123-512c-9f94-66437ae49788,scooter,39.966338,-83.001016,,27.02,True,False,False,0
Veo,70bbd485-90c2-58c8-a349-4b44af8cef92,scooter,39.955926,-83.00317,,28.01,True,False,False,0
Veo,b67c0c3b-7946-5f1d-b65a-42daaa8a4a37,scooter,39.96215,-83.004154,,28.14,True,False,False,0
Veo,e4f8cf86-c951-5383-9b5a-2f1f5918228e,scooter,39.976875,-83.013132,,28.14,True,False,False,0
Veo,651c846e-11ea-511d-82aa-9d336fa17aae,scooter,39.953499,-83.000753,,28.14,True,False,False,0
Veo,762b395f-96f4-5318-8852-ccd1c4d97683,scooter,39.983675,-83.015589,,25.74,True,False,False,0
Veo,db0d6e8d-94cf-5fc3-a14b-b53309349e86,scooter,40.016261,-83.030448,,26.78,True,False,False,0
Veo,de77b071-d6ff-558d-b9c9-cec0939900a4,scooter,40.003895,-83.012849,,28.14,True,False,False,0
Veo,f16baac2-7c01-583c-b1a7-d95bc52a3135,scooter,39.947677,-83.050943,,28.14,True,False,False,0
Veo,49e76b88-2653-558d-bcc2-34f0ed03a94b,scooter,39.996876,-82.99679,,25.74,True,False,False,0
Veo,9e55f65b-ff97-54ef-9cb7-81edf44395e2,scooter,40.003807,-83.013007,,14.61,True,False,False,0
Veo,0755c575-7859-531d-8ebe-25545c008976,scooter,39.964713,-83.000394,,26.25,True,False,False,0
Veo,f03bbf02-470a-57a8-bf6e-0428b2230492,scooter,40.015457,-82.997736,,28.14,True,False,False,0
Veo,d55d7f5e-b937-507d-81ee-770d57732f8f,scooter,40.000705,-83.011579,,23.02,True,False,False,0
Veo,bc1bf1ac-d85c-5114-b2a8-5406cb1bc98e,scooter,40.000724,-83.025227,,17.37,True,False,False,0
Veo,f92c532d-8a70-5ae7-b8e8-8da6f8547d04,scooter,39.957409,-83.01139,,28.14,True,False,False,0
Veo,f265b116-e9cf-5fe0-b0d7-62bb00588e8e,scooter,40.001048,-83.008354,,19.05,True,False,False,0
Veo,ec417da3-9c2b-5990-a0f2-a3a65d4a2889,scooter,39.995437,-83.040453,,25.94,True,False,False,0
Veo,1cd06a45-5d78-5c6a-bb6b-1a648f78cee3,scooter,39.96063,-83.013372,,28.14,True,False,False,0
Veo,df0a212f-7565-5a0d-80e8-cf5818780b10,scooter,40.011987,-82.968589,,13.1,True,False,False,0
Veo,3761d322-3745-505f-b064-f0c6645997a9,scooter,40.00476,-83.01956,,28.14,True,False,False,0
Veo,31108ed7-b2a7-5aaa-9082-33808ca1cfef,scooter,39.97787,-83.002941,,17.37,True,False,False,0
Veo,6611924e-4c0b-5e6b-b683-e03432794cc0,scooter,39.972303,-83.004556,,25.94,True,False,False,0
Veo,8ffb0970-e24f-51d3-af79-c44a4fc46422,scooter,39.914072,-82.983233,,13.86,True,False,False,0
Veo,f6d24c38-50e2-5a6b-b1b9-dab9bc75310c,scooter,39.946409,-83.058512,,25.12,True,False,False,0
Veo,e483cc08-a9e1-5e95-8465-dda42c1e34f0,scooter,40.003207,-82.998359,,14.17,True,False,False,0
Veo,1238d695-c255-530f-80b7-df9d5581d7da,scooter,40.003953,-83.003654,,12.28,True,False,False,0
Veo,a47cde7b-bc67-57cd-9365-ba03792d3e80,scooter,39.993756,-83.026888,,21.77,True,False,False,0
Veo,81d8da76-eb8c-5fca-bf2c-f9b92cde25c5,scooter,39.937395,-82.975499,,19.05,True,False,False,0
Veo,9d58ff0a-c6eb-5604-a4ff-d22188e81b8a,scooter,39.993557,-82.98994,,25.94,True,False,False,0
Veo,1d5b40d6-a008-50c5-84f2-420b795bc5d9,scooter,40.001121,-83.012789,,14.86,True,False,False,0
Veo,9da0f29b-8458-5fe0-b3cc-53d263a095d3,scooter,39.975188,-83.002055,,10.51,True,False,False,0
Veo,85ef03a0-0427-5132-a536-fa7fdcd4e98a,scooter,39.962136,-83.004148,,25.12,True,False,False,0
Veo,3dabcbb1-54c5-554c-85ca-566b39fc7731,scooter,40.034214,-83.000189,,9.97,True,False,False,0
Veo,e6466ef4-913f-50f6-9ab9-28f60c0c7cec,scooter,39.959864,-83.013048,,28.01,True,False,False,0
Veo,93875201-4f94-565a-8bb0-7aecf06eded1,scooter,39.946365,-83.058505,,27.77,True,False,False,0
Veo,00bcffcb-6e33-50a8-a8da-c27830e67762,scooter,40.00068,-83.015372,,27.18,True,False,False,0
Veo,efed77be-032e-580e-9ea8-1a98e40e0bc0,scooter,39.955676,-83.004055,,25.65,False,False,True,0
Veo,a630302d-7fa1-59af-b773-9662916780f1,scooter,40.00194,-83.00113,,26.51,True,False,False,0
Veo,7432f84b-3cfb-5156-90a1-698894171976,scooter,39.961373,-82.995824,,25.34,True,False,False,0
Veo,be9d615e-4625-51cf-a63a-f2fd8a8eb50a,scooter,40.004434,-83.011736,,25.65,True,False,False,0
Veo,704ade5a-3f0a-5589-9b98-07ad969448c5,scooter,39.994687,-83.036136,,20.05,True,False,False,0
Veo,d1bdd1f7-dfd6-56f7-8064-e20b76b66333,scooter,40.001945,-83.007682,,25.65,True,False,False,0
Veo,cc5062de-45d9-5e84-9f8c-e1f256fbbc8a,scooter,40.002235,-83.012604,,28.14,True,False,False,0
Veo,69c07b43-a4d7-512d-a5e0-1a0f426c015e,scooter,40.020187,-83.012758,,13.64,True,False,False,0
Veo,bbb50af5-c044-5322-9c7e-2e85957f2bd6,scooter,39.969295,-83.004067,,28.14,True,False,False,0
Veo,1e6df6c1-298d-523f-9d74-6062973a5bfe,scooter,39.969366,-82.971087,,9.65,True,False,False,0
Veo,d7d87b27-81ff-5de7-b9c3-8c716f8f2168,scooter,39.924468,-82.93896,,28.14,False,False,True,0
Veo,6b84a6b7-2ae0-57fb-9a22-e644f83e1c04,scooter,39.980573,-83.016076,,19.39,True,False,False,0
Veo,3ab00efc-0b88-5d33-9e92-0b5d5585c4f7,scooter,39.968835,-82.998472,,24.06,True,False,False,0
Veo,40bf2d2a-d93b-5684-ad06-4c9b9f19b1a6,scooter,39.999298,-83.005151,,27.02,True,False,False,0
Veo,4617fb80-51f6-5b07-a9ab-31b1f41e9f63,scooter,39.998157,-82.961431,,20.78,True,False,False,0
Veo,58b89aae-022d-576a-85f5-e0e496369aa0,scooter,40.007124,-83.009399,,27.44,True,False,False,0
Veo,e50ccfb8-6009-5499-a7e1-ced2ac793e09,scooter,40.003762,-83.012978,,12.52,True,False,False,0
Veo,ed6bf66f-8396-54f1-af7f-66cdb95b0500,scooter,40.001245,-83.015348,,24.06,True,False,False,0
Veo,7cce4292-deb4-5627-8ec5-d599ce2eff18,scooter,39.947243,-82.951193,,0.0,True,False,False,0
Veo,ebcbf44d-daed-5401-aff3-08cf9ef9842f,scooter,40.006151,-83.008602,,15.89,True,False,False,0
Veo,2b07133f-aa32-50b9-9987-5e1b55b6da01,scooter,40.053228,-83.049422,,12.28,True,False,False,0
Veo,7686b0d2-fea9-55bc-8d36-726c4a2eea2c,scooter,39.956546,-82.971517,,28.14,True,False,False,0
Veo,c130bd9c-1de8-58c2-b62c-63857f0d400e,scooter,40.000638,-83.015355,,28.14,True,False,False,0
Veo,dde5b512-8883-50e2-b6e0-cd56c5d0f17b,scooter,40.052179,-82.968366,,25.74,True,False,False,0
Veo,c5b330ff-e141-5924-a5e5-62d99d80399d,scooter,39.994816,-83.019762,,8.43,True,False,False,0
Veo,819aaae7-4dc2-50a2-906f-3dcb0e46fcc2,scooter,39.957733,-82.996335,,11.59,True,False,False,0
Veo,318c03aa-8aa8-540a-9066-0ef112effda4,scooter,40.035029,-83.003755,,16.39,True,False,False,0
Veo,4c90551a-cd58-5b06-9ea0-ec80ab9f5e7e,scooter,39.974179,-83.010396,,26.51,True,False,False,0
Veo,b9424096-6065-53e9-8f15-9c63d6b443d0,scooter,40.001228,-83.010602,,4.92,True,False,False,0
Veo,d889f6a0-4a02-59b4-a690-dad11ca3f168,scooter,39.960382,-83.003126,,21.15,True,False,False,0
Veo,58c99993-463e-53d0-a244-d7190869d601,scooter,40.005135,-83.011941,,23.33,True,False,False,0
Veo,1ad88a62-2165-5252-8638-1c3b95b6b4cd,scooter,39.947616,-82.99344,,9.65,True,False,False,0
Veo,f1914162-2103-528f-a4ff-c049a28e1b76,scooter,39.986798,-83.072195,,8.09,True,False,False,0
Veo,af221689-1667-5aad-9a60-d68aef8a4db9,scooter,39.967819,-83.012545,,28.14,True,False,False,0
Veo,984fac8c-9ab0-5a7d-af37-65c3eb2c789a,scooter,40.010369,-83.02125,,27.18,True,False,False,0
Veo,0030ac2e-f70a-565d-8be2-169acae56483,scooter,39.969205,-83.003923,,28.14,True,False,False,0
Veo,36c34dd4-3fea-55b9-a2c9-ec6e50dd6030,scooter,39.997025,-83.011316,,14.86,True,False,False,0
Veo,4e17658f-a6a8-5272-8677-60385c2e03fc,scooter,39.969102,-83.013512,,18.67,True,False,False,0
Veo,7942eedb-f79a-5858-87b7-6d2a5e7fc71b,scooter,40.00353,-83.01787,,0.0,True,False,False,0
Veo,6a534a8f-0184-5ee2-9bb4-a2756201a6f3,scooter,39.972302,-83.00421,,18.67,True,False,False,0
Veo,523fd587-f7e3-5fc4-a12a-130108033c0c,scooter,40.000901,-83.001289,,13.86,True,False,False,0
Veo,de387860-aee8-5cf6-9b4d-d7054903c3e3,scooter,40.00396,-83.015381,,28.14,True,False,False,0
Veo,697aaf40-7e16-56bd-9b62-0ea49a359da1,scooter,39.97869,-83.004502,,21.77,True,False,False,0
Veo,4f2fd4d4-0188-5c06-8903-27d4e6348e85,scooter,39.943948,-83.072061,,28.14,False,True,False,0
Veo,6e1c2e84-e528-5013-ab7a-54aaa69e0800,scooter,39.941478,-83.052774,,8.43,True,False,False,0
Veo,8dacbc35-46df-532f-bfb4-e29c53b4614d,scooter,40.042791,-83.018759,,25.34,True,False,False,0
Veo,566de185-d762-5539-9bdd-02ec5ca8dc6a,scooter,39.928033,-82.964473,,28.14,True,False,False,0
Veo,b72b6d36-5c11-5792-9e10-3232ead31306,scooter,40.000871,-83.000687,,14.86,True,False,False,0
Veo,fcedc54b-b949-57bd-85e4-fe54bfa74726,scooter,40.00741,-83.015573,,12.28,True,False,False,0
Veo,e7646ce2-6e11-5d7d-bd99-14e5ebc5ac37,scooter,39.97417,-83.022849,,6.67,True,False,False,0
Veo,316e03db-cec7-53ad-9824-44c13b242de0,scooter,40.002211,-83.012668,,24.84,True,False,False,0
Veo,521715d1-3dfb-5bc9-b384-d95cf49ca731,scooter,39.969027,-83.003879,,23.02,True,False,False,0
Veo,62693094-416e-5dd6-9042-72b52504b640,scooter,40.001851,-83.001856,,10.79,True,False,False,0
Veo,4caad31f-b57b-53a3-90d0-71f3ec736154,scooter,39.949056,-82.998905,,20.05,True,False,False,0
Veo,338d9f99-4f64-523b-8a19-26986d081a05,scooter,39.965824,-82.972913,,25.74,True,False,False,0
Veo,2524f874-454d-59cb-b4bb-157ca40e1b91,scooter,39.98391,-83.017738,,28.14,True,False,False,0
Veo,7bfc7dee-338f-5563-81c7-6b48c1ec8243,scooter,39.96309666432437,-83.0042598490445,,0.0,True,False,False,0
Veo,0e6b4cf1-3473-59c9-8b5a-7985dd74c92e,scooter,39.994189,-83.006727,,24.06,True,False,False,0
Veo,d4a41f68-af44-578f-ad7f-08099cc2af93,scooter,39.968702,-83.00155,,25.34,True,False,False,0
Veo,0184c336-a077-57de-b1a0-999e52a3f564,scooter,39.944476,-83.090375,,12.07,True,False,False,0
Veo,f75b7602-0955-5325-a52b-fe1590cea972,scooter,39.973405,-82.961173,,28.14,True,False,False,0
Veo,7bf33a3c-4ebf-593d-9341-89af3a0b11e7,scooter,40.01577,-83.030585,,8.43,True,False,False,0
Veo,684cc5a1-f60d-5eb3-901d-5bdb6e18c77b,scooter,39.986717,-83.072279,,15.89,True,False,False,0
Veo,719e4119-d918-527f-befd-0d2b9cc7b5ed,scooter,40.001835,-83.016533,,12.63,True,False,False,0
Veo,3d7d431a-ecf2-537e-a0bb-806bc4abe7e2,scooter,40.004256,-83.011644,,25.12,True,False,False,0
Veo,00a573af-0a26-5a48-a9fd-3f7036734218,scooter,40.004458,-83.012757,,14.86,True,False,False,0
Veo,7bf48194-7de5-5dac-b85a-f56eea154831,scooter,39.999914,-83.011428,,13.39,True,False,False,0
Veo,a6db60ed-53d1-5cdd-ac64-477e9685d7b2,scooter,39.958589,-83.012776,,27.44,True,False,False,0
Veo,d8c3eb3f-6936-5eeb-8b53-4729494ad7aa,scooter,39.995491,-83.018665,,22.7,True,False,False,0
Veo,2c9b4d03-c00d-5ae2-bdcc-8688dfa5e46f,scooter,40.055395,-83.047684,,26.78,True,False,False,0
Veo,c13203d1-3816-53da-b122-39e93e6ff8cd,scooter,39.989838,-83.005178,,28.14,False,True,False,0
Veo,ead7df87-bed8-54ca-8727-0491d7b3707b,scooter,39.997786,-83.003955,,27.44,True,False,False,0
Veo,ecab6048-b0f7-509c-a848-81fc54953500,scooter,39.957375,-83.011352,,22.7,True,False,False,0
Veo,595ab32d-96f9-5e64-a2e5-34ebe0c466e8,scooter,40.000592,-83.015591,,8.09,True,False,False,0
Veo,1ea35bf6-06e6-5fb2-af0d-7bdf15a5d66e,scooter,39.963079,-83.004243,,14.86,True,False,False,0
Veo,44de29b2-c532-5512-90f2-4aabdb5b7d26,scooter,39.969092,-83.003894,,25.74,True,False,False,0
Veo,0b74c887-8ff9-5543-9a29-f0108113e950,scooter,39.945872,-83.009051,,27.77,True,False,False,0
Veo,4fffd2f1-d12f-5a8e-8afa-2d489056bfdc,scooter,39.970525,-83.002436,,20.78,True,False,False,0
Veo,45664db9-0398-5168-b980-e778218a0673,scooter,39.946602,-83.058552,,27.44,True,False,False,0
Veo,7cf71be0-782b-51d0-8da3-f35babcba741,scooter,39.95692,-83.003584,,25.74,True,False,False,0
Veo,c4d6aeb9-2a05-58dc-a411-c3f5942a4964,scooter,39.987185,-82.999439,,24.84,True,False,False,0
Veo,a830ba97-f353-5897-9ee2-e8b2fe01eb6b,scooter,40.014713,-82.995122,,26.51,True,False,False,0
Veo,664a82f1-4ff3-55b7-a791-a06eebd02731,scooter,39.989923,-83.00107,,14.86,True,False,False,0
Veo,17fb6c67-b44f-5da6-b2fe-c054788f2810,scooter,39.97788,-83.002885,,28.14,True,False,False,0
Veo,de204d8d-9f5a-55a0-bed8-5cb9e09164de,scooter,40.00781,-82.99873,,11.83,True,False,False,0
Veo,6e8bf027-d2bc-585b-a743-44b0571258bd,bicycle,39.975529,-83.003392,,28.14,True,False,False,0
Veo,7503c001-f341-525f-8356-32a4f1cd6ce1,scooter,39.971545,-83.004928,,17.89,True,False,False,0
Veo,2834fb0a-d754-5aa9-af22-b6958009fc4e,scooter,39.987372,-83.010749,,25.65,True,False,False,0
Veo,059f41a0-1cf8-5b71-a639-0ab7c3c9ae9c,scooter,39.956901,-83.003584,,28.14,True,False,False,0
Veo,3e79a114-3e51-5f3f-825a-928ac1ebc116,scooter,39.96761,-82.970658,,27.77,True,False,False,0
Veo,f78ab9f8-11c0-54e2-9dc7-8899fd9b347f,scooter,39.997835,-83.007793,,24.33,True,False,False,0
Veo,15643a1c-a915-59ef-a4ec-b7cfcb959e36,scooter,40.003784,-83.01296,,28.14,True,False,False,0
Veo,953042de-5060-5133-bde4-52b55cb95367,scooter,39.976324,-83.010897,,25.34,True,False,False,0
Veo,8c88f7f2-edd5-57fd-b0d6-fe37429be033,scooter,40.001753,-83.014703,,28.14,True,False,False,0
Veo,e8a9b6da-ebe8-5add-beb4-a3558e416cc0,scooter,39.996761,-83.010884,,6.31,True,False,False,0
Veo,52074137-43a8-5191-a26c-8af037f46a80,scooter,39.978909,-83.003612,,11.11,True,False,False,0
Veo,1b50d420-0ab8-5b35-8c77-0c1ab1be9a08,scooter,39.969107,-83.003908,,28.14,True,False,False,0
Veo,cc905e80-cc4a-51c2-998b-fb204e5140a7,scooter,40.00607,-82.968862,,25.94,True,False,False,0
Veo,0c393021-8c80-58df-9ec0-3d873e844b07,scooter,39.983931,-83.004922,,14.86,True,False,False,0
Veo,62dd2a57-fdac-586f-9a9f-b57c1d7a7d65,scooter,39.999811,-83.015322,,28.14,True,False,False,0
Veo,0da55edb-0109-58d7-9ad2-e2fbb434963f,scooter,39.988431,-82.999434,,6.07,True,False,False,0
Veo,fae1bf54-5884-5127-a31c-fd62b85a33c3,scooter,40.000888,-83.034752,,18.19,True,False,False,0
Veo,2ae5fb68-e42e-5850-b7d7-c88f41ba611c,scooter,40.005834,-82.982992,,25.34,True,False,False,0
Veo,2dde966b-f808-50d5-88b6-1f38e573dda6,scooter,39.995002,-83.013826,,24.33,True,False,False,0
Veo,ae0841de-1290-50bc-935b-1a62cd433f56,scooter,39.973508,-83.004785,,28.14,True,False,False,0
Veo,e516955d-cc4b-5437-8740-55470c13090f,scooter,40.035398,-83.016586,,24.06,True,False,False,0
Veo,a8b355a6-1c49-5e6a-93b2-4e70a837fd3f,scooter,39.954136,-83.013758,,28.14,True,False,False,0
Veo,a2386e38-87d4-57b9-b304-13d1aa292bb9,scooter,39.97874,-83.014478,,26.25,True,False,False,0
Veo,972f826a-b596-58af-91e5-0c09e952c662,scooter,40.003027,-83.012,,23.02,True,False,False,0
Veo,a0e4c16a-7e4d-5ee8-a56f-22d113aa85e8,scooter,39.995289,-82.97727,,24.33,True,False,False,0
Veo,8e1da386-b62a-5119-bbe3-354c5bb1f1ee,scooter,40.000148,-83.017989,,28.14,True,False,False,0
Veo,13bcfddc-87ae-5406-8f1e-b6c1c530e009,scooter,40.020042,-82.971972,,28.14,True,False,False,0
Veo,661bbebf-d793-512f-874e-6395fa7c158e,scooter,39.94456,-82.989669,,28.14,True,False,False,0
Veo,d6a879ae-d614-5cf2-8766-fbdd0df2c299,scooter,39.958074,-83.012272,,13.64,True,False,False,0
Veo,a7080d31-622d-506c-a2f9-9750309a3592,scooter,39.965711,-83.019162,,24.33,True,False,False,0
Veo,208ed522-3c88-5261-a91a-f19942638c50,scooter,39.968382,-82.998323,,3.48,True,False,False,0
Veo,08399941-d63b-5653-830f-50d357a960ee,scooter,40.00405,-83.014725,,10.51,True,False,False,0
Veo,6de7b08d-8aa3-57a3-a6ca-d01abd3bddf3,scooter,39.955774,-83.017435,,14.86,True,False,False,0
Veo,2c24b3eb-6ec4-5d39-9869-450467919a99,scooter,40.001764,-83.015524,,14.43,True,False,False,0
Veo,86e1f27b-ea4f-50ae-9af4-c4718755edcd,scooter,39.962155,-83.004111,,25.94,True,False,False,0
Veo,7cf446ae-2f85-5c58-958c-311bd8fadaa2,scooter,39.99858,-82.982433,,18.19,True,False,False,0
Veo,e4006aaa-94f6-5bc0-914e-214fad2887ea,scooter,39.94657,-83.058523,,25.65,True,False,False,0
Veo,dbea1bbf-82c2-5a19-bc7a-eb9f6dfd4fd2,scooter,39.95181,-82.997447,,26.25,True,False,False,0
Veo,1aa16352-6abf-5d64-9805-f1ab70274451,scooter,39.996761,-83.008132,,28.14,True,False,False,0
Veo,adfb7c79-2732-5f5c-9c2e-5a48e3a75732,scooter,39.998092,-83.011567,,5.44,True,False,False,0
Veo,262de565-1042-5540-992c-8efeaff3b0b2,scooter,39.963789,-83.000654,,23.33,True,False,False,0
Veo,ddfe5ef1-4940-530d-b917-7f8c97c32621,scooter,40.00102,-83.013981,,17.89,True,False,False,0
Veo,209f85a4-8bd2-5e63-99fb-c476d318a1a4,scooter,40.001956,-83.015639,,12.07,True,False,False,0
Veo,ca620f73-8876-5d23-891b-68de37841116,scooter,39.976235,-83.009729,,24.06,True,False,False,0
Veo,0c969d84-709d-5b2d-b0c7-36837438aeed,scooter,39.96757,-83.013446,,28.14,True,False,False,0
Veo,69f76b05-d6f5-54a6-bb47-c11b2f3e8cde,bicycle,39.999261,-83.015786,,25.34,True,False,False,0
Veo,a3f7599f-c4de-58af-92be-fa2cb34ed35d,bicycle,39.944431,-82.973183,,28.14,True,False,False,0
Veo,87cedeeb-fe2a-53e0-996a-e7099dc2db88,scooter,39.978829,-83.004085,,23.33,True,False,False,0
Veo,1a97dd32-0026-5ddf-8f75-419791069d3d,scooter,39.994653,-83.006884,,14.17,True,False,False,0
Veo,70e31ab8-5afc-5a74-950e-9db2dc86896e,scooter,39.968856,-82.998567,,25.12,True,False,False,0
Veo,017bbebc-1b9b-552e-a4c2-8871b88d723e,scooter,39.958801,-82.951565,,27.77,True,False,False,0
Veo,f06f783f-377d-5648-940b-450886cc72fc,scooter,39.952548,-82.873322,,11.83,True,False,False,0
Veo,e4c5903c-da0d-581e-b801-da7f4062f280,scooter,39.954131,-83.013786,,27.02,True,False,False,0
Veo,9f9147b9-94c0-567c-bd96-d8fe0827a34b,scooter,39.957263,-83.015085,,25.74,True,False,False,0
Veo,e5972df1-5d0a-552b-a9a8-0dfc110b4d17,scooter,39.925725,-83.015706,,25.74,True,False,False,0
Veo,588fc332-21f2-5a84-ac24-391780f45dc4,scooter,40.00194,-83.001167,,16.84,True,False,False,0
Veo,03c88043-fef4-535b-b5c2-0c832edc7bc5,scooter,40.001972,-83.010858,,25.34,True,False,False,0
Veo,47e0baeb-8789-5aa1-84f0-3e6c12eceb78,scooter,39.966121,-82.996401,,25.12,True,False,False,0
Veo,c637a611-a17c-5ea9-ac7e-d40942ffe52d,bicycle,39.975099,-82.885628,,12.07,True,False,False,0
Veo,5ef29e92-28c9-5ffd-b14c-34bdb716bde6,scooter,39.951117,-82.965836,,16.84,True,False,False,0
Veo,6ed84359-899e-55c5-87a1-ab9da2087fc9,scooter,39.980032,-83.005611,,10.79,True,False,False,0
Veo,25c9852d-956c-55e0-a423-975a7893ce26,scooter,39.957392,-83.011421,,25.34,True,False,False,0
Veo,85da40de-45ce-50ac-b325-7ef8a6abf83e,scooter,39.954976,-83.010416,,21.15,False,False,True,0
Veo,6f4581ba-febf-502f-8e43-b505689bac6f,scooter,39.933246,-82.980652,,11.11,True,False,False,0
Veo,6b2b3fa6-1b3e-5d56-b558-96316048739d,bicycle,39.944541,-82.989698,,28.14,True,False,False,0
Veo,fb45dfdb-7ed4-5586-8871-6dcd26471c24,bicycle,39.949401,-83.04176,,28.14,True,False,False,0
Veo,9cc2c8b9-4240-5316-abd8-ea5a0cabd4c7,bicycle,40.007169,-82.998944,,28.14,True,False,False,0
Veo,61fc6110-b05d-51a5-b81f-7dd27cdcae44,bicycle,40.100373,-83.118114,,28.14,True,False,False,0
Veo,e3afc6b0-8063-5fca-bc88-00680fe78a85,bicycle,39.998106,-83.009921,,27.18,True,False,False,0
Veo,b075f4cf-ced8-56e7-86c7-40d496463b7b,bicycle,39.994488,-83.01378,,22.05,True,False,False,0
Veo,d38dea1e-0d4f-5c23-8cd1-fce72a2f1e98,bicycle,39.978596,-83.019469,,12.63,True,False,False,0
Veo,c5bd18b0-78f6-5d8c-b81c-3e4cdd9edd2a,bicycle,39.935056,-82.913671,,15.45,True,False,False,0
Veo,65685385-17c6-5fe1-9ad6-07c12fc2d134,bicycle,40.06047,-83.079057,,10.79,True,False,False,0
Veo,7e7e5b66-f016-547d-aced-98118f971d88,bicycle,40.032042,-83.015523,,13.64,True,False,False,0
Veo,cd5c861b-ac58-5d3f-a2d4-c240d35b8572,bicycle,40.001862,-83.014461,,28.14,True,False,False,0
Veo,7d9d39c9-78b0-5b25-8992-e4ca072b8574,scooter,40.023573,-83.030425,,26.25,True,False,False,0
Veo,c8ab412e-6ea9-569a-b747-33165b3a5e7c,scooter,39.956423,-82.999489,,28.14,True,False,False,0
Veo,d587302d-b0d2-5a95-a30c-4980e2800924,scooter,39.966476,-83.003232,,12.28,True,False,False,0
Veo,a114de3b-acf5-5e16-b32a-102f5ffcce25,scooter,39.958808,-82.951566,,22.39,True,False,False,0
Veo,315ed482-fb72-58dd-a0ef-77192321165d,scooter,39.97532,-83.014798,,28.14,True,False,False,0
Veo,7dc9edc9-048c-5edc-963f-f806e0fb5a11,scooter,40.015454,-82.982551,,15.18,True,False,False,0
Veo,aba6b7ad-3623-57fd-a92c-f9934a167f8c,scooter,39.943938,-83.072034,,22.05,True,False,False,0
Veo,858cff28-f952-5831-882d-14e6742d827a,scooter,39.998343,-82.996218,,28.14,True,False,False,0
Veo,72e24d5a-c298-59a4-b7fc-0fcbcad3a254,scooter,39.976277,-83.010846,,24.33,True,False,False,0
Veo,3a0094ef-7c68-562f-b2ea-49fdfe744b27,scooter,39.994509,-82.995494,,13.1,True,False,False,0
Veo,73eb128d-3369-5a1f-a59d-55f237a2d82b,scooter,39.977742,-83.015161,,11.83,True,False,False,0
Veo,f6276335-cf38-5681-80c5-c5271e45baf5,scooter,40.003766,-83.012953,,14.61,True,False,False,0
Veo,89534f9f-4731-5bc4-83ff-c59a6f90bfac,scooter,39.945145,-83.064624,,28.14,True,False,False,0
Veo,9a75ff1a-9385-534b-8f61-f160c1528a68,scooter,39.945841,-83.009049,,22.39,True,False,False,0
Veo,219ae0e7-1e0f-5302-951a-55e572ee5724,scooter,40.004844,-83.019561,,15.89,True,False,False,0
Veo,cb9e2d66-e7e0-58a7-9725-702c7a5711e9,scooter,40.001874,-83.016406,,25.12,True,False,False,0
Veo,4aa553ae-0604-5744-884b-92d6f6eec3bc,scooter,39.955819,-83.003203,,25.65,True,False,False,0
Veo,b68fc2dc-5e83-5da6-a9a9-7088a7473111,scooter,39.959218,-83.008501,,26.78,True,False,False,0
Veo,280c4dc0-fe99-579c-b14d-19176cd527fe,scooter,39.98249,-82.998839,,14.61,True,False,False,0
Veo,679223d3-18ce-5d32-a628-a5af46f27aa0,scooter,40.038542,-82.998926,,27.44,True,False,False,0
Veo,8a8b8af9-398a-5c37-ae88-db7d4db719b2,scooter,39.985638,-82.995498,,28.14,True,False,False,0
Veo,0296c863-8845-5abf-b4b1-c8377b5e67fe,scooter,39.964768,-83.002041,,28.14,True,False,False,0
Veo,a2071143-9116-54e3-89fb-3b09bae38771,scooter,39.96746,-82.979508,,25.34,True,False,False,0
Veo,f797f27c-331f-5ead-ab7d-afe10559e711,scooter,39.986813,-82.99736,,22.7,True,False,False,0
Veo,78f54c47-20b9-530c-8a29-18758eea005c,scooter,39.962203,-82.992926,,25.65,True,False,False,0
Veo,f0c0e59a-dd83-5926-80fa-8e60c4e0acff,scooter,39.999825,-83.008563,,27.44,True,False,False,0
Veo,06cbbbce-f211-5f5d-8626-12bdec10b058,scooter,39.972624,-83.004693,,28.14,True,False,False,0
Veo,0e0fd45e-2e72-5501-9e43-064d5a4f754e,scooter,40.053188,-83.049466,,28.14,True,False,False,0
Veo,629fb006-a361-598f-b957-6b1485e27d84,scooter,39.969118,-83.003887,,24.84,True,False,False,0
Veo,3b80d65e-daae-5a56-afd9-efa0236b7f86,scooter,39.946593,-83.000265,,15.18,True,False,False,0
Veo,c714c7f9-6898-542e-b53a-67de054e1607,scooter,39.965984,-83.001476,,28.14,True,False,False,0
Veo,482570c8-0121-5be6-8d8c-662a95d8ffb6,scooter,39.960704,-83.013945,,13.39,True,False,False,0
Veo,835ba1d5-ca16-5bc7-9286-b114269817a7,scooter,40.002,-83.011548,,20.05,True,False,False,0
Veo,d7e2a791-f2b7-5ce9-80be-f77e42b895d7,scooter,40.002308,-83.011784,,25.65,True,False,False,0
Veo,f11f38b8-b846-5b73-ab3b-46a9d6cf44ba,scooter,40.015769,-83.030567,,25.74,True,False,False,0
Veo,06ecdded-17d0-5787-ab5a-ace4601c19ed,scooter,40.103841,-83.108723,,18.19,True,False,False,0
Veo,4c6e6afa-5d4f-5dc5-9753-be448e993e2c,scooter,40.006744,-83.010814,,14.61,True,False,False,0
Veo,68894c6a-ad4d-5821-85d3-258319f92c3e,scooter,39.951873,-82.998528,,28.14,True,False,False,0
Spin,cb654dc1-d0e7-4e1f-b900-120cde9dc4ef,e-bike,39.95220833333334,-82.98662,28,7.61,True,False,False,1790887546
Spin,c09dca0f-a11f-4741-bc9e-3a838658d287,scooter,39.95746,-83.012807,76,20.78,True,False,False,1790887528
Spin,349d687a-717e-4f31-9f58-1f8c5447db38,scooter,39.92765,-82.995441,31,8.88,True,False,False,1790887520
Spin,e0b62acc-a441-4e0c-be20-718a6eeac323,scooter,39.935516,-82.988869,68,19.3,True,False,False,1790887502
Spin,b9e62f6d-994f-44a2-8d5c-cede79d20ecf,scooter,40.01555,-82.966293,47,12.88,True,False,False,1790887529
Spin,80a11386-10b3-4aba-b646-8f74ffe267f0,scooter,40.015586,-82.966342,23,6.43,True,False,False,1790887580
Spin,fa717b72-76de-4461-a411-3954f437b5c9,scooter,40.017032,-82.965614,76,20.78,True,False,False,1790887601
Spin,02470b98-08fe-4b6d-8d16-05cd1cb0d3bd,scooter,40.012928,-82.968129,29,8.27,True,False,False,1790887515
Spin,fc6006c3-c3a5-46dc-b709-0dbec936da5d,scooter,40.017125,-82.967662,70,19.91,True,False,False,1790887569
Spin,fdb91165-96fb-4c3c-a286-4db95f5ff5ba,e-bike,39.95636666666667,-83.01113500000001,58,15.8,True,False,False,1790887544
Spin,5b6d91c6-aae6-47e9-b99a-ae6e807bf324,scooter,39.947729,-83.050948,52,14.7,True,False,False,1790887524
Spin,1122967e-102d-47bb-b10e-9967664e49ae,scooter,39.995416,-83.006352,26,7.02,True,False,False,1790887606
Spin,921b86e1-06c3-4bcb-850b-11d7fce8c6b1,scooter,40.024167,-83.001249,26,7.35,True,False,False,1790887486
Spin,ddf57d97-e169-4156-9b60-48ee75887574,e-bike,39.957568333333334,-83.01143666666667,83,22.54,True,False,False,1790887542
Spin,2364ee6b-8f2f-4b4d-ad4b-279e4f2552ac,scooter,40.00048,-82.97991,31,8.49,True,False,False,1790887539
Spin,c927cf9e-a79e-4fd0-ba01-9bc0c4c1ee7a,scooter,40.005874,-83.009235,72,20.52,True,False,False,1790887560
Spin,24c65b9f-c433-4ced-9ad1-4fe7b815feb7,scooter,40.034896,-82.956319,57,15.51,True,False,False,1790887605
Spin,d323c85b-bdf3-4bdd-b0d4-614e7779b06d,scooter,39.937926,-82.976647,69,19.61,True,False,False,1790887549
Spin,fb48c929-fa36-4535-a215-4239595e5fa6,scooter,40.0074035,-83.0087204,23,6.15,True,False,False,1790887573
Spin,29587df9-66aa-499e-b55c-c449492201ad,scooter,39.99154943333333,-83.01399740000001,52,14.05,True,False,False,1790887426
Spin,af77abe1-7938-4bdf-80e4-a6fbcce34c6b,scooter,39.959499,-83.024885,41,11.64,True,False,False,1790887614
Spin,1d4ace1e-8353-4a04-87a7-ee9e18fc5fa6,e-bike,39.98781495,-83.0002047,77,21.07,True,False,False,1790887589
Spin,93031318-3361-4ed5-9834-aee822346d09,e-bike,40.00608666666667,-83.00319999999998,43,11.71,True,False,False,1790887431
Spin,c7c67da0-4ee8-4d2d-aa78-de684f489564,scooter,40.006678,-83.009446,72,19.61,True,False,False,1790887613
Spin,5f60be3c-c051-4774-9a34-1328c80f5fd1,e-bike,40.0288258,-82.96296453333335,34,9.37,True,False,False,1790887605
Spin,9a60030b-9a50-421a-86ba-2270ff442a50,e-bike,39.94922663333333,-82.99628773333333,29,7.9,True,False,False,1790887618
Spin,ba240966-44e4-4989-b5f1-41d3ba39973e,scooter,39.973797,-83.007865,57,15.51,True,False,False,1790887578
Spin,fcbef2af-c579-445c-910d-e92c74aa616b,e-bike,39.96044833333334,-83.01258833333334,65,17.56,True,False,False,1790887615
Spin,d019afd1-692d-444d-8d3b-39205a26cf2f,scooter,39.977136,-83.004405,68,19.3,True,False,False,1790887478
Spin,526541ec-9dea-4b24-8c6c-d847df2d0cde,scooter,40.001124,-82.99875493333333,80,21.66,True,False,False,1790887595
Spin,c323a0ee-a3ac-4c76-af67-22145b269b56,e-bike,40.004669,-83.0022199,43,11.71,True,False,False,1790887607
Spin,deed49cb-fe75-4555-a315-cc2a1ed218b0,e-bike,39.95667053333333,-83.0130045,78,21.36,True,False,False,1790887610
Spin,b3a0e626-6610-4075-bc94-e5338ed3e356,scooter,40.006236,-83.016729,38,10.24,True,False,False,1790887575
Spin,7fc98690-1271-49c2-9b1c-2cc28809fb8c,scooter,39.958882833333334,-83.0118159,35,9.66,True,False,False,1790887440
Spin,1a4bd323-14f8-4a85-a2d6-767b35a343c9,scooter,40.00144,-82.999782,47,12.88,True,False,False,1790887574
Spin,3b292bb7-fbb3-4453-a66c-d9686b8fd945,scooter,39.977502,-83.001627,67,18.99,True,False,False,1790887556
Spin,f9849db3-7ef7-4459-ac68-0e02ed877513,scooter,39.957274,-83.001269,51,13.76,True,False,False,1790887472
Spin,bdbe64b0-73c4-41c8-874b-0290c6be29cd,scooter,40.006147899999995,-83.00837269999998,80,21.66,True,False,False,1790887496
Spin,f4ed4be1-0a8f-456e-98b3-b8cb156a8112,scooter,39.961372133333334,-82.95728773333333,20,5.56,True,False,False,1790887554
Spin,18bf2f1d-13f6-4428-bb6f-7151dfde00b5,e-bike,39.95829833333333,-83.01279333333332,59,16.1,True,False,False,1790887559
Spin,233c78b0-980a-4bbe-bb4f-a1dd2dcbe1bf,scooter,39.98548365,-83.0052825,16,4.39,True,False,False,1790887603
Spin,4547d596-6afc-49b6-96ed-ab7c6ab231f8,scooter,39.948976,-83.044029,55,14.93,True,False,False,1790887397
Spin,57d4410d-9b0a-45f6-b582-b67378c059d8,scooter,39.978964,-83.003352,41,11.12,True,False,False,1790887555
Spin,7bfdd455-d684-4fdb-90ae-ec1e4b7f6a27,scooter,39.997616,-83.002965,61,17.46,True,False,False,1790887515
Spin,f9a7a0b1-c4ff-4de5-8e9d-c2ed27c9667b,e-bike,39.94629893333333,-83.0092744,82,22.24,True,False,False,1790887592
Spin,c00a45e0-256e-45c3-b96c-53abc14c68c9,e-bike,39.92991853333333,-82.99307883333334,46,12.58,True,False,False,1790887608
Spin,081a2469-aa41-48e2-b49b-147cd560ada9,e-bike,39.948,-83.04934333333334,99,26.93,True,False,False,1790887584
Spin,b48ec273-adc3-4a77-8b84-680ff7dc940b,scooter,40.000204000000004,-83.0012641,63,17.27,True,False,False,1790887603
Spin,c6bb5a65-520e-487f-9441-ca91bed1252a,scooter,39.994616,-83.00381,66,17.85,True,False,False,1790887364
Spin,57559e89-ba2f-46d7-aed1-3ebf3a93109d,scooter,40.00660559999999,-83.02041720000001,41,11.12,True,False,False,1790887580
Spin,6aa6ca26-3b8a-47e8-9e08-f8695768fe81,scooter,40.017038,-82.965586,67,18.15,True,False,False,1790887619
Spin,8e5bff3e-31a6-4537-bbdc-a464ef8f4b67,scooter,39.985772,-83.005117,49,14.09,True,False,False,1790887458
Spin,b4a03345-e049-4761-ae83-30bf2ae33da7,scooter,40.0031589,-83.0080333,73,19.9,True,False,False,1790887386
Spin,01604c4e-bd03-4875-b69a-08fdf68677ce,e-bike,39.96722473333333,-83.01344480000002,76,20.78,True,False,False,1790887619
Spin,dd133b3f-962e-4320-92ac-8b60567068bf,scooter,39.972538549999996,-83.00768009999999,37,9.95,True,False,False,1790887528
Spin,6f6e73c5-eb14-4e6b-84b1-ce470982ed21,scooter,39.996786,-83.049003,55,15.62,True,False,False,1790887575
Spin,2bda5d53-444f-4085-9a29-c730f75488b1,e-bike,39.93644283333333,-82.99455383333334,26,7.02,True,False,False,1790887454
Spin,a8b62068-61d3-42e6-a21f-1ca40819f794,scooter,40.006326,-83.009216,45,12.29,True,False,False,1790887601
Spin,be132445-4653-4bcd-ace9-7adb5e1a4269,scooter,40.006277,-83.009292,41,11.12,True,False,False,1790887612
Spin,6f8f98fe-840f-42fe-aab9-2820aa329093,scooter,40.006316,-83.009211,63,17.27,True,False,False,1790887470
Spin,b47c1321-7cd3-4b65-ae04-0bcc92a6569d,e-bike,39.95742,-83.01280999999999,67,18.15,True,False,False,1790887547
Spin,eb1e3419-f737-496a-a9e8-3151e65a8c55,scooter,39.99158383333334,-83.01400489999999,76,20.78,True,False,False,1790887463
Spin,6dc15777-8487-4db5-bdbe-e0c49ab7be1c,e-bike,40.0235407,-82.99650953333334,89,24.29,True,False,False,1790887547
Spin,c44ecb29-2ee2-44ad-b794-37411e1627fe,e-bike,40.0065071,-83.00972769999998,53,14.34,True,False,False,1790887540
Spin,4b246912-9d90-4716-a089-f9e09282c469,scooter,40.014632,-82.990887,62,16.97,True,False,False,1790887422
Spin,d335b3b8-d150-44fc-8b91-9c6ae29c99d2,scooter,40.014694,-82.990849,74,20.19,True,False,False,1790887577
Spin,95e10c6d-ccc1-4234-a346-1ab65fd9f3de,scooter,40.014631,-82.99086,76,20.78,True,False,False,1790887581
Spin,78e57373-57f5-426a-a0ea-a1fa104f2346,scooter,40.014563,-82.985702,52,14.05,True,False,False,1790887545
Spin,444fc1a7-fe16-4f92-8afa-31a3bd6119a4,scooter,40.014572,-82.985724,57,15.51,True,False,False,1790887526
Spin,89be86ad-2d68-46ac-a0e6-67f9c2029d9b,scooter,40.014578,-82.985771,31,8.49,True,False,False,1790887441
Spin,39d82c83-c026-45aa-adcb-f2ac20655253,scooter,40.014657,-82.990896,78,21.36,True,False,False,1790887550
Spin,3c5a3945-ed13-4ad6-a263-69968903afdd,scooter,40.025502,-82.962161,18,5.21,True,False,False,1790887617
Spin,23a00e4d-8dc4-4774-b891-3ae67104ea67,scooter,40.014571,-82.985727,46,12.58,True,False,False,1790887603
Spin,d5da4255-c788-40ca-9f72-134365570b35,e-bike,40.018617899999995,-82.98958155,87,23.71,True,False,False,1790887426
Spin,81df7396-16e4-4da8-9cbe-18e177232c91,e-bike,39.96842173333334,-83.0097384,57,15.51,True,False,False,1790887549
Spin,5189ae7d-bbfb-4a48-ad9c-9cf0921477b2,e-bike,39.96842223333333,-83.009754,24,6.44,True,False,False,1790887567
Spin,bf192947-4a92-4b8c-9a0b-8255823b451e,e-bike,39.96841413333333,-83.00975580000001,84,22.83,True,False,False,1790887592
Spin,b1a3cda2-6f3c-4987-9c52-c621b215fa30,e-bike,39.96841233333334,-83.0097416,81,21.95,True,False,False,1790887535
Spin,fd549f51-af84-4c8d-a311-cb2fe2dcc1ff,e-bike,39.96841843333333,-83.00974919999999,56,15.22,True,False,False,1790887541
Spin,8ee9dd6a-dee0-4e12-a7d6-c81597264c90,e-bike,39.968433233333336,-83.0097536,17,4.68,True,False,False,1790887532
Spin,7690c22e-a5c8-4e8d-ab37-5ef7470bbfad,e-bike,39.96842123333333,-83.00975850000002,42,11.41,True,False,False,1790887537
Spin,0e2a79d1-e3b9-4151-a487-2960cf9a7b48,e-bike,39.96842563333333,-83.00975580000001,89,24.29,True,False,False,1790887533
Spin,febc47e7-54be-4ce6-88fb-c1505aaa65a0,scooter,39.977159,-83.004258,39,10.54,True,False,False,1790887598
Spin,c6070771-7fa9-4baa-a45b-4bf5aa575b1f,scooter,39.96748243333333,-83.01579500000001,52,14.05,True,False,False,1790887585
Spin,5036cf0c-bd17-4b07-bb26-8f426a839001,scooter,39.967473633333334,-83.01578380000001,56,15.22,True,False,False,1790887575
Spin,0b577f8b-3217-4f21-a8e6-bc32605c4959,scooter,39.96747633333334,-83.01578239999999,61,16.68,True,False,False,1790887614
Spin,a0cd9d03-99c2-494e-8196-2f60aaaafad4,e-bike,39.96736803333333,-83.01915869999999,90,24.58,True,False,False,1790887589
Spin,54907f14-76a9-4296-9ec7-1478c13fb1a9,e-bike,39.96775,-83.01218333333333,78,21.36,True,False,False,1790887599
Spin,ea333a47-b3e9-4ac3-861d-4a8f361008d7,e-bike,39.96910833333333,-82.98804666666668,57,15.51,True,False,False,1790887544
Spin,0686857b-a129-4d64-be90-254dd7e9a239,scooter,40.014529,-82.988045,51,14.4,True,False,False,1790887605
Spin,b0f435fd-fc6f-490e-8bfa-e509999da8cd,scooter,40.014531,-82.988336,55,14.93,True,False,False,1790887527
Spin,245a4c88-3876-4645-850e-7b9c1fd644c4,e-bike,39.97088885,-83.00103150000001,49,13.46,True,False,False,1790887417
Spin,f88e977a-7ec0-4bee-9447-1ab1ed33e830,e-bike,39.96842263333333,-83.00974738333335,87,23.71,True,False,False,1790887474
Spin,6921d440-ea95-4391-a558-5bc945f7da61,e-bike,39.96774666666667,-83.01218500000002,83,22.54,True,False,False,1790887601
Spin,4a04419f-072e-4e49-97fa-fc12866599d8,e-bike,39.94383293333333,-82.98336843333333,39,10.54,True,False,False,1790887546
Spin,7892e6fd-2123-46e4-9bb8-cb19baf2d715,e-bike,39.978478333333335,-83.00968333333334,88,24.0,True,False,False,1790887423
Spin,baf945ea-b007-4f9c-bb09-ee2fa2fe37f8,scooter,39.979071,-83.004181,25,7.05,True,False,False,1790887610
Spin,ecc8fed2-371d-40e5-a6cf-8aef13c4337f,e-bike,39.957575,-83.01145999999999,43,11.71,True,False,False,1790887603
Spin,9f305425-e778-40b5-af3c-4700188d8513,scooter,39.958784,-83.030613,20,5.56,True,False,False,1790887570
Spin,171b159f-659a-4170-ad87-7197882d4114,e-bike,39.967360633333335,-83.0191343,88,24.0,True,False,False,1790887607
Spin,87749ee1-bc56-4036-a483-507e56c94673,scooter,39.981804,-83.005511,31,8.88,True,False,False,1790887552
Spin,f68dbc20-bc7c-427b-91e9-901373d92f72,scooter,39.98450053333333,-83.01170490000001,27,7.32,True,False,False,1790887569
Spin,a24c5cfa-6e5c-4a7c-96d9-8d301c62e6a4,scooter,39.99857,-83.003062,84,22.83,True,False,False,1790887616
Spin,8d951b79-6241-40d6-bca6-6ca29010aa6d,e-bike,40.018029999999996,-82.97155166666668,69,18.73,True,False,False,1790887510
Spin,10aec43d-1235-408b-aa9f-20e01f38d59a,scooter,39.97112495,-83.0073309,81,21.95,True,False,False,1790887364
Spin,5edb579a-dccb-49e8-a435-18cbad2be1aa,scooter,40.022008,-82.963191,41,11.12,True,False,False,1790887582
Spin,b59d2da7-28f7-4855-be72-2f508ef78e77,e-bike,39.95634666666667,-83.00298666666667,17,4.68,True,False,False,1790887574
Spin,111d2e7c-67d2-4d6d-b0a6-d8c31692423d,e-bike,39.95813093333334,-83.00575660000001,25,6.73,True,False,False,1790887594
Spin,59555961-47ef-45d0-b122-9b695eaba55e,scooter,39.95759053333334,-83.0060597,59,16.1,True,False,False,1790887475
Spin,88a977ff-dd10-4e0f-933f-933a3470f7f9,e-bike,39.949448233333335,-82.98751543333334,87,23.71,True,False,False,1790887611
Spin,10ed5bb4-8bae-4f6b-bf56-55fa4d2c6955,e-bike,39.95755423333333,-83.01146050000001,86,23.41,True,False,False,1790887570
Spin,950ddae6-8e31-4cf8-96ad-3e5a400c7c21,e-bike,39.96781333333333,-82.97711,90,24.58,True,False,False,1790887434
Spin,014f383f-d031-4d81-97f0-7de1c1b46bd7,e-bike,39.96779373333333,-82.97708085000001,60,16.39,True,False,False,1790887596
Spin,a5a0494b-a1a6-4ed0-b9e4-f87f43e507a9,e-bike,39.967838633333336,-82.97708925,30,8.19,True,False,False,1790887538
Spin,4aff0b8e-0b72-47c1-affb-7142cc6a2a22,e-bike,39.96779273333333,-82.97709195,63,17.27,True,False,False,1790887474
Spin,51b99f9c-9905-4817-bf80-bd14a4067863,e-bike,39.96780463333334,-82.97708915,84,22.83,True,False,False,1790887503
Spin,453112b6-eb48-4d01-8194-9708f2c39d57,e-bike,39.96783323333333,-82.97709385000002,76,20.78,True,False,False,1790887536
Spin,1e7a5312-a3f7-4361-905c-0b6583ac61b2,e-bike,39.96780063333333,-82.97710495000001,30,8.19,True,False,False,1790887537
Spin,5cf9d841-7722-497b-8b1c-25931be55233,e-bike,39.96323663333333,-82.98133633333333,70,19.02,True,False,False,1790887476
Spin,f9b0bdbf-ab1b-422b-8e5f-6df7ef4ce41f,e-bike,39.96323723333333,-82.98130893333334,53,14.34,True,False,False,1790887477
Spin,c6dbf60c-4bb4-408a-a0a0-c64ee7d563f9,e-bike,39.96323923333333,-82.98137633333333,24,6.44,True,False,False,1790887578
Spin,7e796430-6cf4-4403-b021-30689764886b,e-bike,39.96322738333333,-82.98131258333333,37,9.95,True,False,False,1790887484
Spin,78c8f4bd-2cdf-482c-b792-6388761ec7d7,scooter,39.996689,-83.048863,78,21.36,True,False,False,1790887604
Spin,08622abf-a13d-4050-89a1-d526be4d1d44,e-bike,39.96317,-82.98169166666666,46,12.58,True,False,False,1790887352
Spin,11a5fa30-8255-48b5-8b05-49419467d087,e-bike,39.96314003333334,-82.98171683333334,22,5.85,True,False,False,1790887521
Spin,a559acf0-5ba8-4656-84c8-556daab9daea,e-bike,39.95640083333333,-83.00881249999999,76,20.78,True,False,False,1790887601
Spin,41762283-3554-49ee-b282-85412c7df3e4,e-bike,39.96062023333333,-82.98173393333333,66,17.85,True,False,False,1790887468
Spin,ef5e8127-36fb-41a5-92d0-3aab08f3109b,e-bike,39.96166173333334,-83.0003507,19,5.27,True,False,False,1790887554
Spin,9a08f871-e77a-4922-b91e-c15d802bae5a,e-bike,39.95272863333333,-83.00421730000001,30,8.19,True,False,False,1790887461
Spin,e32aa298-71ef-44e9-a893-e8f7dde1aaec,e-bike,39.95593603333334,-83.01222320000001,89,24.29,True,False,False,1790887598
Spin,ecf63c9d-7b07-4cec-b49a-50c79a044a5e,e-bike,39.965350433333334,-83.0217688,85,23.12,True,False,False,1790887598
Spin,47739f68-cca4-48e0-8770-f8a718044ff2,e-bike,39.9574179,-83.01286151666666,35,9.66,True,False,False,1790887501
Spin,6903195c-f7d9-473f-aa63-c39d99915131,e-bike,39.95741573333333,-83.01287291666668,89,24.29,True,False,False,1790887480
Spin,13f7da22-157e-499f-a08e-469e2272ba0d,e-bike,39.95740883333334,-83.01288158333334,25,6.73,True,False,False,1790887609
Spin,8032b620-33a1-4bd3-bf2e-2d59155b8d86,scooter,39.985468,-82.968128,39,10.54,True,False,False,1790887463
Spin,1d50b4e7-d390-4d4d-bfb6-653aee714304,scooter,39.961558,-83.007265,87,24.81,True,False,False,1790887515
Spin,d3deda32-5eae-44e9-8497-8712dae1dd1a,scooter,40.004983,-83.008948,76,21.75,True,False,False,1790887573
Spin,041dad08-ab4a-4ec0-a6d1-9ecdd5aff236,scooter,39.956546,-83.008811,24,6.74,True,False,False,1790887513
Spin,129fb1b1-df12-4617-82ca-2f32f3ada517,e-bike,39.942750000000004,-82.9836,52,14.05,True,False,False,1790887441
Spin,5c0769f5-cf52-45da-b634-1cce2abb2886,scooter,39.958902,-83.024614,55,14.93,True,False,False,1790887616
Spin,b3272bd0-7683-4bd6-a4b9-bc4a9a2e819e,scooter,39.958879,-83.024586,81,21.95,True,False,False,1790887553
Spin,e1758c0a-175a-42c0-9364-d22c78e92b52,scooter,39.957299,-83.001354,57,15.51,True,False,False,1790887600
Spin,43bd56ee-0fd1-45f0-bd58-a1c4f57769c9,scooter,39.957156,-83.041389,61,16.68,True,False,False,1790887600
Spin,a80bd4bb-54d0-484a-b02f-56733696f989,scooter,39.957136,-83.041452,33,9.07,True,False,False,1790887575
Spin,47e45d20-a1dc-430b-95e2-4eab55c52f73,scooter,39.957144,-83.04143,89,24.29,True,False,False,1790887596
Spin,8dccad70-4d6d-42a0-8158-c0f1aee8c4bc,scooter,39.957163,-83.041427,55,14.93,True,False,False,1790887563
Spin,45a0f2d9-a7ea-41f6-b5f8-7e7e0d3a91c3,e-bike,40.006519899999994,-82.99729243333334,25,6.73,True,False,False,1790887601
Spin,c6d74c31-4498-4771-ae20-506045bfcc65,e-bike,39.94940999999999,-83.04178333333333,80,21.66,True,False,False,1790887442
Spin,515e6698-6942-4eda-98d3-1c1fe1020eff,scooter,39.947999,-83.049333,95,25.75,True,False,False,1790887556
Spin,807a0172-f823-4f45-ab2c-918fe9770839,scooter,39.947745,-83.050902,52,14.7,True,False,False,1790887500
Spin,9f2f7e9e-5640-4365-91ad-1fe54d88ff91,scooter,39.947743,-83.050908,51,14.4,True,False,False,1790887572
Spin,99f4f0f2-95e1-41ab-a1da-fc06f7c0df4a,e-bike,40.0392652,-82.99548453333334,73,19.9,True,False,False,1790887612
Spin,4c034624-65e6-4727-ad84-0932fe12b677,e-bike,40.0087449,-83.01396619999998,53,14.34,True,False,False,1790887562
Spin,7c25ba90-4b88-4673-8c74-d19186368ebc,e-bike,39.91297393333333,-82.99520013333334,62,16.97,True,False,False,1790887371
Spin,a345b688-6fb7-4191-afda-3be6d8e9e9b9,scooter,39.953924,-83.050776,83,22.54,True,False,False,1790887501
Spin,3425e72e-a334-4450-a9ce-9b0b3adf94c9,e-bike,39.97420285,-83.01900920000001,48,13.17,True,False,False,1790887618
Spin,0b009816-b10a-4048-af76-ab3b19adb952,e-bike,39.95261153333333,-82.96798533333335,47,12.88,True,False,False,1790887595
Spin,a82a32a2-1f58-44ce-a186-68f453364a3d,e-bike,39.94962666666667,-83.04060333333334,28,7.61,True,False,False,1790887497
Spin,08871d6b-d1eb-4a9b-8012-20d21c0ada0c,scooter,39.949625,-83.04062,63,17.27,True,False,False,1790887613
Spin,77f5e98f-e966-4d18-8a65-ded6e129ce19,scooter,39.949651,-83.040574,71,20.22,True,False,False,1790887482
Spin,1c660407-d6ff-4e1b-b307-5db3d9be8467,scooter,39.949724,-83.040647,25,6.73,True,False,False,1790887530
Spin,7dcd1725-7fe2-48a1-96c1-7dd293027236,e-bike,40.03230333333333,-83.00063999999999,51,13.76,True,False,False,1790887534
Spin,0c1bc92e-bf32-4778-80fc-16206ae9bcb7,scooter,39.957154,-83.015096,74,20.19,True,False,False,1790887591
Spin,52eb1501-146d-40aa-9c29-079c17392a51,scooter,39.94854393333333,-83.00252710000001,26,7.02,True,False,False,1790887611
Spin,4bc3056f-b313-452e-b6b4-192498bda88a,scooter,39.94747243333334,-82.99521623333334,27,7.32,True,False,False,1790887384
Spin,ac2f3658-ece8-413f-a3fc-8cf7f1fc8741,scooter,39.971591849999996,-83.0056253,92,25.17,True,False,False,1790887509
Spin,29218444-e060-429f-abe1-e9ad3ba9e061,scooter,39.954989,-83.082264,23,6.15,True,False,False,1790887430
Spin,f8d72822-4ca2-4699-bb0e-3a0b10c93d91,e-bike,40.026275000000005,-82.97716166666666,41,11.12,True,False,False,1790887564
Spin,6db16d21-df5e-49d2-a4c2-69fe359dd37b,e-bike,40.02626166666666,-82.97713833333334,61,16.68,True,False,False,1790887544
Spin,284aa658-cd8b-4bae-a4bb-9ec8444e98e4,scooter,39.976226,-83.004045,76,21.75,True,False,False,1790887543
Spin,e322c767-9f4c-4c8b-8582-3b77c274eb66,scooter,39.963385,-82.991534,55,14.93,True,False,False,1790887604
Spin,c94cb8ae-1810-4e11-b31a-b7b3c98b0e88,e-bike,39.98397373333333,-83.01116769999999,20,5.56,True,False,False,1790887574
Spin,09a69d27-3bf5-4aae-82a7-4c5dad032e0c,e-bike,39.96737653333333,-83.0191794,63,17.27,True,False,False,1790887609
Spin,22454277-f151-4e7b-8183-cfa014288eee,e-bike,39.96420343333333,-83.00074430000001,65,17.56,True,False,False,1790887392
Spin,79792336-d146-4f41-ac4a-c2fcac09b830,e-bike,40.0043782,-82.99853183333335,89,24.29,True,False,False,1790887609
Spin,e8fb7dde-40f7-4319-a75e-0dce6aedfaa4,e-bike,39.967803733333334,-82.97709005,77,21.07,True,False,False,1790887433
Spin,520fadbd-f142-4129-8365-1eea678151ee,e-bike,39.97609035,-82.96495723333334,60,16.39,True,False,False,1790887394
Spin,c7b68a77-8124-4317-b215-26f7ae8dae3d,e-bike,39.963656666666665,-83.00343166666669,39,10.54,True,False,False,1790887538
Spin,1c1783a6-801a-4006-9036-0b7465d8f8ec,scooter,39.958630633333335,-83.01305529999999,81,21.95,True,False,False,1790887597
Spin,3942b053-2700-4a5b-bee7-08a8d77fb1d5,scooter,39.99161,-83.005805,89,24.29,True,False,False,1790887608
Spin,e0d28305-ad0a-4119-8bb3-321bd4e46a6c,scooter,39.946799,-82.980175,57,16.24,True,False,False,1790887607
Spin,ffba1f7d-f7a1-4604-a701-d460fac7e556,e-bike,39.967818533333336,-82.97710285,49,13.46,True,False,False,1790887535
Spin,122db9e9-1a90-4afa-9051-d92af30f4f84,scooter,40.002939999999995,-83.003802,95,25.75,True,False,False,1790887421
Spin,f519eb56-4783-494b-b36b-179e01fccd7b,scooter,40.004419,-83.006279,85,23.12,True,False,False,1790887600
Spin,474fbfa6-ce7f-4798-ab5b-62ac2a0629fc,e-bike,39.93644243333333,-82.99455223333334,92,25.17,True,False,False,1790887475
Spin,e247a7bd-7150-495b-92d3-c917cf10dfbf,scooter,39.97958045,-83.019314,56,15.22,True,False,False,1790887402
Spin,7b33de25-b25d-4642-96d6-67f03eef9ff0,e-bike,39.96885793333333,-82.95228173333335,90,24.58,True,False,False,1790887610
Spin,89519100-16c1-47b4-93e2-8eab1556e491,e-bike,39.96973293333333,-82.96368103333334,87,23.71,True,False,False,1790887608
Spin,d5000745-a5ad-4832-af9a-b8354464425f,scooter,39.969409,-82.99706,61,17.46,True,False,False,1790887619
Spin,a5ad410d-63f1-40f0-aba8-4793d1ce5337,e-bike,39.94947813333333,-82.99538323333333,92,25.17,True,False,False,1790887611
Spin,36d747fd-2d40-406a-8ebd-781ebf3278c6,e-bike,39.94381563333333,-82.98346193333333,92,25.17,True,False,False,1790887573
Spin,94fcfaf0-f867-4d55-9b87-30b0961dea48,e-bike,39.949745,-82.99916166666665,70,19.02,True,False,False,1790887542
Spin,f8055a66-b14e-4283-83f7-3af5850eb330,e-bike,39.96884403333333,-82.99038823333333,90,24.58,True,False,False,1790887547
Spin,b0a843f2-c765-4aae-8b10-03040aec2732,scooter,39.968147,-83.009417,95,25.75,True,False,False,1790887581
Spin,08e7bd9a-6f3e-42b6-9913-c01c18cc608f,scooter,39.955975333333335,-83.01059009999999,95,25.75,True,False,False,1790887558
Spin,f4d91fec-d92f-435c-b0c5-297e11bd359c,e-bike,39.96437713333333,-82.97766195000001,54,14.63,True,False,False,1790887476
Spin,fe140827-5578-4d54-8c69-fb4ff93cef59,e-bike,40.0073322,-83.0093032,67,18.15,True,False,False,1790887619
Spin,0ed11fec-8dc4-44aa-9209-9f1da04c294d,scooter,39.977022,-82.995496,18,4.98,True,False,False,1790887390
Spin,9e040a89-22c7-4092-a04a-6ad4b73140f2,e-bike,39.953565000000005,-83.00787166666666,78,21.36,True,False,False,1790887563
Spin,1f369fcc-8402-4acc-b907-4ef0c43ea7e3,e-bike,40.067083333333336,-83.02826166666667,26,7.02,True,False,False,1790887486
Spin,9999961c-fec6-40be-bf6f-88a2d1ac23c7,scooter,39.952278,-83.016665,72,19.61,True,False,False,1790887568
Spin,75d96b0a-43cc-478d-bb28-b901a48a261d,e-bike,39.944185,-82.99902166666668,30,8.19,True,False,False,1790887532
Spin,c9ca41d7-6554-4b4b-a493-f33e74d8f7b6,e-bike,40.010911,-83.00745389999999,27,7.32,True,False,False,1790887494
Spin,d6b0c17a-bdb2-4774-9a6d-4594ccb56b73,e-bike,39.955659999999995,-83.00440666666667,29,7.9,True,False,False,1790887565
Spin,4ec85fe1-1e76-4cf6-a786-a5b61c562f02,e-bike,39.99713323333334,-83.00395420000001,22,5.85,True,False,False,1790887394
Spin,a3fb1acb-a9bc-4425-acd8-a904dd64e2ea,e-bike,40.0624212,-83.05624289999999,48,13.17,True,False,False,1790887477
Spin,6cbf954d-fab0-4be9-b66c-b46edfae5990,e-bike,40.0624305,-83.05618870000002,28,7.61,True,False,False,1790887494
Spin,41e7bb34-aba2-4094-82d2-adc1bafe827c,e-bike,39.95596603333333,-83.0122359,86,23.41,True,False,False,1790887593
Spin,9537c4d2-c13f-4ff2-bd48-ddaee008c880,e-bike,39.96088333333333,-83.00310333333333,46,12.58,True,False,False,1790887603
Spin,c9f35af0-7957-4785-88ee-e1053bff70a2,e-bike,39.95595973333333,-83.01229909999999,33,9.07,True,False,False,1790887562
Spin,2ea1cdd1-a9dc-4527-a4d4-ab105fc94562,scooter,39.992092,-83.012244,54,15.32,True,False,False,1790887554
Spin,f987b25c-1f9e-45f8-9666-11c35ae26084,scooter,39.948271,-82.970868,75,20.49,True,False,False,1790887570
Spin,d83bc174-27d3-4d55-b627-1164401807b6,scooter,39.936154,-82.969928,98,26.63,True,False,False,1790887580
Spin,479a972a-5c72-497e-b78f-b3c738ba67f4,scooter,39.936166,-82.969911,87,23.71,True,False,False,1790887507
Spin,ff716d86-999a-47c9-b07b-cd141343659b,e-bike,39.955962033333336,-83.01231860000001,48,13.17,True,False,False,1790887611
Spin,5140caeb-b56a-4c13-91cd-b352158a65e4,e-bike,39.95597238333333,-83.01230890000001,60,16.39,True,False,False,1790887589
Spin,b48512fa-f479-4d96-9347-30d5cb5e702b,e-bike,39.955975233333334,-83.01228539999998,68,18.44,True,False,False,1790887488
Spin,71567f73-06de-4f50-8640-1c914ccb9492,scooter,39.936353,-82.982915,95,25.75,True,False,False,1790887452
Spin,d8566518-74f6-4384-952e-8f14730cc0a1,e-bike,39.958502833333334,-83.0320214,59,16.1,True,False,False,1790887413
Spin,781e0b97-56c5-4c21-8f40-15679bce3035,e-bike,39.95850613333334,-83.03201220000001,63,17.27,True,False,False,1790887618
Spin,b0fcb23a-0d9d-411c-860d-b19ff9c385e1,e-bike,39.95851783333333,-83.03201320000001,17,4.68,True,False,False,1790887499
Spin,49554a2c-6848-4c86-a270-ae99b0291ad5,e-bike,39.958495533333334,-83.0320291,24,6.44,True,False,False,1790887488
Spin,dba1edd3-0ec1-415d-8104-462291c33aef,scooter,39.948348,-83.007891,92,26.34,True,False,False,1790887619
Spin,191991f8-4d40-427f-880a-05bfe10ecd17,e-bike,39.957177533333336,-83.0036334,84,22.83,True,False,False,1790887479
Spin,237f6822-7f63-4f9a-81ee-be7395e7c547,e-bike,39.95720513333333,-83.00376560000001,76,20.78,True,False,False,1790887547
Spin,b2809297-e62b-4cda-a625-acd4848efbb8,e-bike,39.95709453333333,-83.00369620000001,75,20.49,True,False,False,1790887611
Spin,8312fc76-9b64-4057-b5da-57102a54dc17,e-bike,39.95755223333333,-83.0114885,91,24.88,True,False,False,1790887544
Spin,4fc08a59-be2a-481e-9aca-eb991eed566c,scooter,39.95863583333333,-83.0130402,94,25.46,True,False,False,1790887597
Spin,a393fba6-df75-4090-a248-03ee8b8b5dc2,scooter,39.96747853333333,-83.01581589999999,95,25.75,True,False,False,1790887608
Spin,b329cbd3-1fc6-486c-9c75-0b3e156cd574,scooter,39.96754323333334,-83.01562440000001,97,26.34,True,False,False,1790887571
Spin,7b735ff9-d9f4-496e-8774-3b4f280a477f,e-bike,40.0099209,-83.00726359999999,27,7.32,True,False,False,1790887619
Spin,1dbfaaeb-6050-4a40-a780-03d9fa39e380,scooter,39.99307073333333,-83.00433130000002,95,25.75,True,False,False,1790887561
Spin,d5c7d1cc-4eba-4893-bd4e-1a2d5a75b492,scooter,40.014569,-82.988054,94,26.65,True,False,False,1790887510
Spin,ef9f0662-9e04-49e4-bfb9-a9ff9d5c1b5c,scooter,40.017049,-82.965583,94,26.65,True,False,False,1790887557
Spin,b6839bc9-717f-4316-96a4-64740f1db12d,scooter,40.005361,-82.972376,96,27.26,True,False,False,1790887607
Spin,98806be4-ca8e-4606-b6c5-6faff4478cd1,e-bike,39.960728333333336,-83.01258833333334,42,11.41,True,False,False,1790887478
Spin,7777c918-2965-4dd4-9982-521bb47b74ba,scooter,39.999395,-83.002898,91,26.04,True,False,False,1790887430
Spin,38f57314-142c-4a7e-b460-f8d8dbdf2ca0,scooter,40.001956,-83.000629,92,26.34,True,False,False,1790887616
Spin,af5e3889-0e64-49be-bf55-21c7d8c8f3b7,e-bike,39.95790353333334,-82.99516333333334,87,23.71,True,False,False,1790887518
Spin,8241ec5a-a098-4838-84f0-2a1865f4898b,scooter,40.00509,-83.005278,95,26.96,True,False,False,1790887616
Spin,646aa7ca-38de-4ec6-9847-0ef2a088c2e8,scooter,40.015279,-82.990523,88,24.0,True,False,False,1790887617
Spin,eca8ba32-4986-40f0-9350-37bdb492bfdc,scooter,40.01467,-82.981555,100,27.22,True,False,False,1790887424
Spin,e9255bd1-3563-4086-ae7f-4b1119c0e21c,scooter,40.018387,-82.969921,84,22.83,True,False,False,1790887500
Spin,9e52d2e1-0102-4c0b-af9f-f292c8850d42,scooter,40.034734,-82.964316,96,26.05,True,False,False,1790887610
Spin,fef7fb46-fc14-4df8-aedb-391c3bc95c61,e-bike,39.98613833333333,-83.03190199999999,82,22.24,True,False,False,1790887480
Spin,5a57e2dd-d11c-4f1c-a3bd-4000204d9eea,scooter,39.997248,-82.977843,29,7.9,True,False,False,1790887469
Spin,229fb175-2f82-4fe4-afcc-9090d20af0e2,e-bike,39.95280673333333,-82.99867863333333,66,17.85,True,False,False,1790887521
Spin,49c30674-06a9-47b8-93e6-9a70725a126e,e-bike,39.959786666666666,-82.992015,89,24.29,True,False,False,1790887567
Spin,b6bbd15f-e44d-44f4-a42a-9fc3e1713750,scooter,39.971898,-82.970257,16,4.39,True,False,False,1790887556
Spin,4b36507e-cc1b-40e3-b347-4cea5d78dcc2,scooter,39.988593,-82.99503,99,26.93,True,False,False,1790887584
Spin,8ee8f34c-7132-4850-9500-ac148f2d7283,scooter,39.997811,-82.99571,91,24.88,True,False,False,1790887580
Spin,b73bed5c-6a9d-48ee-839f-9264bc7f4391,e-bike,39.957436933333334,-83.0128601,35,9.66,True,False,False,1790887567
Spin,2174db42-19c3-4545-8c25-e229044baba4,e-bike,39.980693333333335,-82.99843166666666,30,8.19,True,False,False,1790887502
Spin,fd610308-5826-446b-972f-adf117c6f726,scooter,39.933249,-82.996105,74,20.19,True,False,False,1790887573
Spin,b6671b61-2155-48d9-b1e3-b3929606298c,e-bike,39.94274,-82.9836,28,7.61,True,False,False,1790887541
Spin,72616677-8ee5-43a4-8022-4da22bff93d0,e-bike,39.97450085,-83.0038912,40,10.83,True,False,False,1790887471
Spin,70ccbe47-139e-4625-a893-80d342368d80,scooter,40.041206,-83.019079,20,5.82,True,False,False,1790887612
Spin,c99ca81d-80f2-4f25-bd8b-33e914367a74,scooter,40.041178,-83.019116,92,26.34,True,False,False,1790887617
Spin,4e7b664c-cd83-4f32-bb20-1c22096042ef,e-bike,39.99146403333334,-83.0173865,72,19.61,True,False,False,1790887564
Spin,cf4a6b6b-70ba-419f-bd36-8d529d70bb10,e-bike,40.01655896666667,-83.01205614999999,27,7.32,True,False,False,1790887475
Spin,b0fcce7e-3cac-45a0-8954-252b4a701925,e-bike,40.0145975,-83.0111019,56,15.22,True,False,False,1790887472
Spin,35bdf42d-5b05-4e92-a084-f6b7a5dde54b,scooter,39.96582303333333,-83.00326009999999,49,13.46,True,False,False,1790887567
Spin,ec7fa136-2a87-43ac-ac05-f975d22a21d7,e-bike,40.034758333333336,-82.95446500000001,51,13.76,True,False,False,1790887604
Spin,0413d8c0-0ebf-4c17-8642-7d6d3c230cf6,e-bike,39.96857373333333,-83.0047492,16,4.39,True,False,False,1790887422
Spin,2dcd425b-0e7e-4795-9f92-1d871423d5af,e-bike,39.98417403333334,-83.0153714,37,9.95,True,False,False,1790887377
Spin,fa7d2847-630a-4b4a-a686-587df14fe31f,scooter,39.99894563333333,-83.00170430000001,85,23.12,True,False,False,1790887553
Spin,caac728d-3dcb-4f94-bfd9-19896e3be097,e-bike,39.96093333333333,-83.01020333333332,54,14.63,True,False,False,1790887433
Spin,6fee2f06-86e1-4749-8dc4-0f619191fbd2,scooter,39.952252,-82.986735,40,10.83,True,False,False,1790887618
Spin,8b1fdf7d-e2cb-4edc-9820-cd4195412b1a,scooter,39.952298,-82.986782,84,22.83,True,False,False,1790887438
Spin,d7362924-f0d6-4bc8-be93-f330867b2ed9,scooter,39.95579963333333,-83.00198309999999,44,12.0,True,False,False,1790887447
Spin,ef26770d-8cf2-4d04-86e5-4bb701797896,scooter,40.008526,-82.965398,25,7.05,True,False,False,1790887485
Spin,be9f671b-c5d3-486c-a55e-0e2478f63989,e-bike,39.94143999999999,-82.9833,24,6.44,True,False,False,1790887585
Spin,339a3f83-8082-482b-8ec6-a1bc7c4f7034,e-bike,39.941445,-82.98326999999999,65,17.56,True,False,False,1790887619
Spin,a369010d-b94a-4e7e-b586-8724377f867b,scooter,39.941475,-82.983263,81,22.98,True,False,False,1790887408
Spin,d36a657c-b507-4671-9740-6dde115e0b1f,scooter,40.014566,-82.98575,56,15.22,True,False,False,1790887450
Spin,246fc2b1-a071-4772-9176-6252374f4539,e-bike,39.96313683333334,-82.98171383333334,25,6.73,True,False,False,1790887594
Spin,fdce4ba4-5431-4f6f-82a5-9bc7354e9a62,scooter,39.935403,-82.983813,94,25.46,True,False,False,1790887504
Spin,7eb94121-4104-468a-8b55-852498f78b75,scooter,39.935415,-82.98379,94,25.46,True,False,False,1790887603
Spin,0b4a8b39-5fec-4b6c-8e56-d1489de7ea60,scooter,39.935412,-82.983799,66,18.69,True,False,False,1790887600
Spin,3c8cb617-42a3-4e4e-9edd-db42cf3f8913,scooter,39.935419,-82.983789,65,18.38,True,False,False,1790887600
Spin,b4a48ce3-6782-4b98-ad3f-c7a7dfcd637c,e-bike,39.96310033333334,-82.98183733333332,67,18.15,True,False,False,1790887564
Spin,8b361d44-5069-46af-acb3-0a47e8bb2b75,e-bike,39.97471455,-83.04577450000001,24,6.44,True,False,False,1790887590
Spin,cfb4ef15-c9f9-4b2a-a52b-7fe491957c2c,e-bike,39.99092053333333,-83.0088487,47,12.88,True,False,False,1790887556
Spin,4103b469-a19d-47e2-a5fb-40fa42d2bd21,e-bike,39.94200403333333,-82.99502673333333,39,10.54,True,False,False,1790887477
Spin,89b3cd5c-bcaf-400c-b22f-cdb638c1798c,e-bike,39.9653088,-82.96453753333331,94,25.46,True,False,False,1790887582
Spin,e77bdfa3-3d56-4709-9881-4f36630b9673,e-bike,40.0601389,-82.95652573333334,40,10.83,True,False,False,1790887451
Spin,e3f267ce-361c-432b-bf85-8ae465075dbf,e-bike,40.022338399999995,-83.0132825,52,14.05,True,False,False,1790887593
Spin,fa393c36-c95d-4080-9412-3a479881ef66,e-bike,39.966257033333335,-82.98115483333335,65,17.56,True,False,False,1790887450
Spin,8184ffe7-e9e0-4b42-9cc0-bfd02c9a857f,e-bike,39.96862993333333,-83.0075859,78,21.36,True,False,False,1790887581
Spin,7f01d2d1-9192-45aa-8865-65d2a816fa93,e-bike,39.968425133333334,-83.0097454,96,26.05,True,False,False,1790887574
Spin,e24448ba-9edf-487d-b67b-9915a922c770,e-bike,39.943041666666666,-82.97532666666666,86,23.41,True,False,False,1790885650
Spin,419ef886-524a-474a-a09b-5a0492020eeb,scooter,39.97271,-82.975522,60,16.39,True,False,False,1790887523
Spin,a06357a1-ed6e-4549-bc98-6a0dfd9bd22e,scooter,39.996102,-82.980113,27,7.32,True,False,False,1790887490
Spin,1a0a167e-7de4-4906-b3be-8d76613129d3,e-bike,39.943439733333335,-83.07566469999999,38,10.24,True,False,False,1790887506
Spin,bebe5975-806f-4f1b-9075-9121c8d0a34d,e-bike,39.97086185,-83.00099550000002,73,19.9,True,False,False,1790887497
Spin,f64e7cf2-cb00-45ff-bfad-bd37de1b29ef,e-bike,39.97585455,-83.00250409999998,32,8.78,True,False,False,1790887453
Spin,63d9f95f-0821-457c-a7a6-bece241006a5,e-bike,39.943828133333334,-82.98354933333333,41,11.12,True,False,False,1790887463
Spin,ad69f5cc-1074-4c83-9eb7-67cc4eab27b8,e-bike,39.98964555,-83.01738920000001,78,21.36,True,False,False,1790887614
Spin,48f49b8a-5be7-4615-8578-f0471444e73d,scooter,39.96988493333333,-83.0016525,16,4.39,True,False,False,1790887475
Spin,d57eb33d-3a4a-4914-a4d5-acf894a0398e,e-bike,39.978815850000004,-83.00414709999998,47,12.88,True,False,False,1790887471
Spin,daa0fed9-d438-4288-a07f-6007b4f0e88f,e-bike,39.98758405,-83.0295368,49,13.46,True,False,False,1790887434
Spin,c0704207-e7c4-4039-bf80-1973f3911a5e,e-bike,39.96309753333333,-83.0025051,32,8.78,True,False,False,1790887598
Spin,3baf4af1-6137-49d3-8870-2433645fe7ed,e-bike,39.99645793333333,-83.02658501666669,26,7.02,True,False,False,1790887613
Spin,8ba21aad-00c6-4fe1-8fe4-c5b2f2c85440,e-bike,39.99969153333333,-82.99982033333332,42,11.41,True,False,False,1790887613
Spin,4d7d59df-b6f4-41c0-a057-0d644e4349ed,e-bike,39.98299183333334,-83.0056725,69,18.73,True,False,False,1790887500
Spin,e17c2b57-617a-4e95-b67e-805a390d2b50,e-bike,39.95785813333334,-83.01412020000001,46,12.58,True,False,False,1790887569
Spin,c42b81f7-131b-457e-a199-9ea5e7117198,e-bike,39.997673533333334,-83.0045324,35,9.66,True,False,False,1790887488
Spin,e0a1e566-3d82-4a5d-a9d7-2c8b771be7ed,e-bike,39.997144733333336,-83.0030118,26,7.02,True,False,False,1790887600
Spin,54e20374-0108-4cb1-b2b9-4846ef339b90,e-bike,40.0115345,-83.0152178,59,16.1,True,False,False,1790887604
Spin,8b4b80a5-2a48-40f5-93b1-19453bb3e8bf,e-bike,39.98358543333333,-83.0013579,35,9.66,True,False,False,1790887360
Spin,fdc99736-0656-4f64-8604-524b6683c2e9,scooter,39.985478,-83.006304,39,10.54,True,False,False,1790887572
Spin,0e171968-63c3-485f-87a3-85eeb111b74a,e-bike,39.96773123333333,-83.01339170000001,66,17.85,True,False,False,1790887500
Spin,877afdac-9cf9-4832-8692-a4f59b227218,e-bike,39.95547723333333,-83.0605838,47,12.88,True,False,False,1790887602
Spin,d22bd525-aa7d-4bfb-8daa-10824654e7d1,scooter,40.014097,-83.006696,51,13.76,True,False,False,1790887597
Spin,5c2a092f-b193-4b66-a5dc-6be6f5706e1d,scooter,40.0065826,-83.02043989999999,89,24.29,True,False,False,1790887603
Spin,251777c1-6e98-4d9d-b007-1e4a9969027e,e-bike,39.968746233333334,-83.00208419999998,72,19.61,True,False,False,1790887578
Spin,2e9fe259-5fb1-4e5d-8754-7dffaa21544a,scooter,40.011253499999995,-83.01475209999998,71,19.32,True,False,False,1790887386
Spin,62f27886-14e0-4e7b-9e65-84b534e92d77,e-bike,39.96895666666667,-83.00420000000001,56,15.22,True,False,False,1790887544
Spin,d2fa7a1f-ac56-41ab-a9f0-c2641dc46203,e-bike,40.0290058,-83.02330830000001,51,13.76,True,False,False,1790887558
Spin,46a51ad8-d056-440b-b154-e879228c500f,e-bike,40.000574300000004,-83.0036038,33,9.07,True,False,False,1790887595
Spin,39a3fda5-9929-4fb8-b78f-4a0e48fe62b7,e-bike,39.96354063333333,-83.00289740000001,86,23.41,True,False,False,1790887516
Spin,36a9d2db-61cc-48af-97d3-e7d79fcb7d08,e-bike,39.95720613333334,-83.0036296,51,13.76,True,False,False,1790887486
Spin,ff4bff65-e70b-423e-8623-982c7b654145,e-bike,39.96323313333333,-82.98135283333335,90,24.58,True,False,False,1790887497
Spin,0e4db137-dad5-4c67-89b2-5f7dc6ba307e,e-bike,39.99776643333333,-83.00591279999999,45,12.29,True,False,False,1790887535
Spin,7925c6fe-1f01-4a20-acbe-aa38a66f1c47,e-bike,39.95717723333333,-83.0036689,55,14.93,True,False,False,1790887545
Spin,ea132648-6323-4633-8961-169718227acc,e-bike,39.95765013333333,-83.00362580000001,19,5.27,True,False,False,1790887513
Spin,1061ed32-6af4-4730-bed7-3d83942740e7,scooter,39.94656,-83.000291,83,22.54,True,False,False,1790887573
Spin,0bf4c736-20c7-44f7-80e7-2fe05dda07d1,e-bike,40.006671,-83.01489310000001,38,10.24,True,False,False,1790887616
Spin,3d0ad66a-d446-4c10-81a0-1fd226a7b2b4,scooter,39.954045,-82.998635,26,7.02,True,False,False,1790887479
Spin,eae0e8ce-1302-46d6-a634-7d02ebe7a387,e-bike,40.0145775,-82.98573055,76,20.78,True,False,False,1790887415
Spin,2f18265a-159a-4326-9de9-e8c9fb6beb13,e-bike,39.957572033333335,-83.006579,52,14.05,True,False,False,1790887612
Spin,35efd0b2-bec7-4330-bb26-5fc8f9d79ad6,e-bike,39.99048083333333,-82.99560573333335,51,13.76,True,False,False,1790887567
Spin,67971f3b-befe-458e-b5fc-e73ba6cc4d1c,e-bike,40.0113681,-83.01014660000001,73,19.9,True,False,False,1790887556
Spin,96483c4b-e727-4733-9b91-fc8f813ee761,e-bike,40.01139680000001,-83.01016820000001,28,7.61,True,False,False,1790887566
Spin,3911e743-f1a4-423c-a340-fde7ce9752db,e-bike,39.95717653333334,-83.00366710000002,92,25.17,True,False,False,1790887540
Spin,1e84d956-eb89-42e9-9a99-5607b2f79195,scooter,39.99589883333333,-83.03486290000001,71,19.32,True,False,False,1790887572
Spin,d85e220a-f835-42bf-bd8a-6cdc89743af6,scooter,40.014889,-82.945992,78,21.36,True,False,False,1790887521
Spin,eff3b74b-0f81-4e50-ab55-ca9a5c861a66,e-bike,40.0161739,-83.0116861,83,22.54,True,False,False,1790887538
Spin,9f6c811c-fe95-43cc-abaa-d509452226b4,e-bike,39.99369213333333,-83.0432972,56,15.22,True,False,False,1790887556
Spin,a0d8bf67-7b56-41f2-94ce-64a46202b0e0,e-bike,39.95720093333333,-83.0036167,70,19.02,True,False,False,1790887542
Spin,daa69962-6c02-4e6d-a12a-c7a83d71883e,e-bike,39.99968873333333,-82.99977083333333,43,11.71,True,False,False,1790887411
Spin,5e2ad174-58ba-4959-9a13-d4336a9d3ade,scooter,39.97731345,-83.0044263,32,8.78,True,False,False,1790887386
Spin,1dc6d8a5-b5b9-4ad1-b5df-1e4f6358ad1d,scooter,39.97114,-83.004878,94,26.65,True,False,False,1790887493
Spin,ac9f11eb-30f0-4ae8-83ce-bbb3868aa220,e-bike,39.95754853333334,-83.0114857,97,26.34,True,False,False,1790887614
Spin,6cb38b14-93c5-4437-b120-b9f3a598dc8f,e-bike,39.96204373333333,-83.00436300000001,32,8.78,True,False,False,1790887578
Spin,4e0a72ab-afd1-4e31-bda4-5ccb562aca08,e-bike,39.95721723333334,-83.00665589999998,98,26.63,True,False,False,1790887600
Spin,edf23a61-4dd0-4efd-88e0-24e054a8c4fa,scooter,39.95960813333333,-83.00284459999999,100,27.22,True,False,False,1790887491
Spin,5eece258-3481-41a0-86c2-f937278f48fc,e-bike,39.96351983333333,-83.00292130000001,90,24.58,True,False,False,1790887527
Spin,89dfd242-73eb-4cbd-90f3-7cc711fd5b04,e-bike,40.0038536,-82.99858983333334,38,10.24,True,False,False,1790887504
Spin,9ca0f843-7cec-474a-a58e-23d7e63c8eff,e-bike,39.99820963333333,-83.00136579999999,32,8.78,True,False,False,1790887553
Spin,ef7bb49f-5b14-4dfd-baff-ef2bd71bbca4,e-bike,40.0021093,-83.0058791,27,7.32,True,False,False,1790887433
Spin,f0ae31d0-6d30-4e64-b682-e1292dc9d907,e-bike,39.99734173333333,-82.99686733333334,69,18.73,True,False,False,1790887505
Spin,17e18416-f3cf-4375-ac9a-412bac100d0a,e-bike,39.956873433333335,-82.99945263333332,29,7.9,True,False,False,1790887608
Spin,2cfb2bc9-e6fc-44fd-9ade-938fc4321ece,e-bike,39.98070813333333,-83.0051385,74,20.19,True,False,False,1790887532
Spin,862850dd-a5a6-4e7f-93b3-80635c7c0de9,e-bike,39.958351666666665,-83.00820833333334,77,21.07,True,False,False,1790887385
Spin,48cf3a22-bdbd-4673-b873-5dbc33087eb3,e-bike,39.958376666666666,-83.0082,71,19.32,True,False,False,1790887375
Spin,af6b3a8f-04c3-4fd4-b067-c9d4c4db7e3d,e-bike,39.982105833333335,-83.0112,85,23.12,True,False,False,1790887613
Spin,00d75353-e51c-4dcf-800d-9b6165203922,scooter,39.964569,-82.99352,78,21.36,True,False,False,1790887616
Spin,0dce880f-70a6-42ba-89b9-6371b8063b34,scooter,39.964512,-82.993628,27,7.32,True,False,False,1790887544
Spin,66a96d58-6340-4dc8-8238-3f8c9d0bd4f5,e-bike,39.97108035,-83.00734839999998,33,9.07,True,False,False,1790887590
Spin,4defa3f0-c48d-4e38-a4cc-92eaf9c40a19,e-bike,39.97108555,-83.00734480000001,80,21.66,True,False,False,1790887406
Spin,6b7cc3ba-bd90-445f-bfbd-74ecefe33037,e-bike,40.007199199999995,-83.0517132,57,15.51,True,False,False,1790887578
Spin,57f40c4b-34e4-49d3-af31-d3b87732d9b5,scooter,39.983365,-83.004858,19,5.27,True,False,False,1790887403
Spin,ada7b8e7-a2c3-483e-a60f-d68269ca9b64,e-bike,39.97398195,-83.0112469,84,22.83,True,False,False,1790887586
Spin,17797cba-4553-4ad0-a751-9268594e2b92,e-bike,39.973978949999996,-83.0112211,87,23.71,True,False,False,1790887492
Spin,1de5be88-e1d9-4f17-a578-28044e1f29b3,e-bike,39.97638775,-83.01639859999999,81,21.95,True,False,False,1790887468
Spin,d306cc23-18a0-4a98-9b9f-8a13d807c479,scooter,40.014024,-83.0146059,63,17.27,True,False,False,1790887535
Spin,284e37df-0c2d-4747-a7c6-6651924bd050,e-bike,39.96084693333333,-83.00289849999999,48,13.17,True,False,False,1790887568
Spin,cac9e476-12a9-4917-b9c8-47de8e71a6c3,e-bike,40.0094749,-83.00993349999999,47,12.88,True,False,False,1790887530
Spin,65c2c091-6308-447d-bb71-18fb3e66c53d,e-bike,39.985167749999995,-83.04453649999999,71,19.32,True,False,False,1790887532
Spin,2fc13204-8ed3-4a32-a99c-8445c2aa55e2,e-bike,39.985170749999995,-83.0445556,71,19.32,True,False,False,1790887475
Spin,ca6d2097-0e6f-4285-87f7-cd9a72bd9390,e-bike,39.975789250000005,-83.0107232,94,25.46,True,False,False,1790887528
Spin,e641820c-19a8-429c-baf9-bd86af5a7695,e-bike,39.97545885,-83.00473249999999,87,23.71,True,False,False,1790887592
Spin,7e7e239e-515c-4d08-a05f-f1da54d35773,e-bike,40.010783100000005,-83.0767681,16,4.39,True,False,False,1790887601
Spin,2b22880d-fe03-4a7b-bb80-5214bbaa1eef,e-bike,39.986858133333335,-83.040803,51,13.76,True,False,False,1790887506
Spin,e6ca23c9-f11e-43a9-86ea-fa505f9bedaf,e-bike,39.99090593333334,-83.00052550000001,65,17.56,True,False,False,1790887591
Spin,5c225ba1-4288-4c31-b616-28c4f01c44bf,scooter,39.990799,-83.000532,29,7.9,True,False,False,1790887584
Spin,8b9077a6-ba6b-4030-9b18-eacb38b6645b,e-bike,40.0146001,-83.0111074,29,7.9,True,False,False,1790887516
Spin,51f0b40f-2066-4f53-b5a8-6117ce21f7fb,e-bike,40.017468300000004,-83.01438879999999,31,8.49,True,False,False,1790887619
Spin,d0e64b3e-7159-40d5-8744-1fc004c6647f,scooter,39.95846733333334,-83.00286,41,11.12,True,False,False,1790887450
Spin,e79350fa-0a01-47c7-a4bb-e500e2170fcc,scooter,39.958445233333336,-83.00286759999999,80,21.66,True,False,False,1790887609
Spin,5422a53d-8743-4d48-b8ef-6dfc50527d8c,e-bike,39.98618143333333,-83.01885670000001,86,23.41,True,False,False,1790887554
Spin,3c3d8304-c543-4d45-beb4-90cb87101545,e-bike,40.0259152,-83.0269124,32,8.78,True,False,False,1790887497
Spin,5d03bfc8-c275-47ed-9899-66e4b30ddb97,scooter,40.0259177,-83.02692559999998,27,7.32,True,False,False,1790887545
Spin,250ced53-0dd7-47f4-82a2-34ff23ac60f2,e-bike,40.022578599999996,-83.0293507,45,12.29,True,False,False,1790887615
Spin,7d4d2cb9-179f-42a2-8a83-ec05c1d445ad,e-bike,39.96736603333333,-83.01920059999999,24,6.44,True,False,False,1790887565
Spin,4c5be2df-8d8b-4af0-ac8a-80b5f40f18a4,scooter,39.95999593333333,-82.99755063333332,68,18.44,True,False,False,1790887588
Spin,f9d3c67e-0164-4f92-b018-537f057c67a8,e-bike,39.994005,-83.00675333333332,25,6.73,True,False,False,1790887566
Spin,92e33045-d1b4-463f-acbe-9dd270161a83,e-bike,39.961367233333334,-83.0090512,86,23.41,True,False,False,1790887588
Spin,aae3c9ab-f15a-44ed-a6f1-020feb303b93,scooter,40.015514100000004,-83.0114563,82,22.24,True,False,False,1790887496
Spin,20f1bf1a-4f90-4410-b1bd-86a0bcea93ae,e-bike,40.0231782,-83.02595500000001,24,6.44,True,False,False,1790887587
Spin,216f2a7d-03ed-4451-b37e-925c1ea2c83e,e-bike,39.96797053333333,-82.99718563333333,90,24.58,True,False,False,1790887575
Spin,41dfe704-a008-42ca-8bd1-f6af9a6ef1b0,e-bike,39.95849166666667,-83.03206166666665,69,18.73,True,False,False,1790887501
Spin,a363e467-41ce-4445-b358-b05cd9c84c5d,e-bike,39.960634533333334,-83.03274289999999,35,9.66,True,False,False,1790887569
Spin,f49e1feb-e88d-4656-82ec-5835201a5f34,e-bike,39.99273493333333,-82.99578783333332,77,21.07,True,False,False,1790887583
Spin,3ffd27ca-95cf-4557-a4f5-5e1b0c258765,e-bike,40.0067829,-83.0094806,38,10.24,True,False,False,1790887598
Spin,0a2c479e-3776-4bf0-9806-c0a0b1be1041,e-bike,39.961881633333334,-83.00074269999999,67,18.15,True,False,False,1790887498
Spin,4c37ded5-09b2-4550-8b2e-c60565a721b4,e-bike,39.96166993333333,-83.0008322,33,9.07,True,False,False,1790887572
Spin,e1d72b56-a3f1-4598-849e-e1bc0fe58e63,e-bike,40.009098333333334,-83.00956333333333,70,19.02,True,False,False,1790887608
Spin,cc441e79-4257-4a8b-8a4b-350d40aca3b2,e-bike,39.998962533333334,-83.00171780000001,66,17.85,True,False,False,1790887383
Spin,14ad01ee-cd07-47dc-8cc8-aeca19f33ab3,e-bike,39.94639333333334,-82.95865166666665,30,8.19,True,False,False,1790887559
Spin,30a6503b-f00d-4d1a-a635-7232eca25e1b,scooter,39.9791,-82.995566,18,4.98,True,False,False,1790887569
Spin,c18f36da-9be0-4d0b-bc0f-68d9e09160b1,scooter,40.005027,-82.951867,57,15.51,True,False,False,1790887391
Spin,951cd62f-8f6f-431c-9c58-cdab59bbb142,scooter,39.963808,-83.024058,94,25.46,True,False,False,1790887437
Spin,3aac362d-39a2-443d-9a66-db36fdc3ddfa,scooter,39.99529603333334,-82.99610683333334,67,18.15,True,False,False,1790887600
Spin,6a35cfdc-d610-4731-9760-2e89d04f4862,scooter,40.001953,-83.007668,82,22.24,True,False,False,1790887613
Spin,8616a0c9-e6aa-4fe8-93af-831bb7367bdc,e-bike,39.986246666666666,-82.96754666666666,45,12.29,True,False,False,1790887406
Spin,94163106-1a02-4d44-a511-5bc641a8902c,scooter,39.943337,-82.969336,41,11.12,True,False,False,1790887605
Spin,e8a1211e-50d6-40dd-adb5-7f4c5a6eaa99,scooter,39.947707,-83.050922,92,25.17,True,False,False,1790887488
Spin,2638bd68-6b91-4a2e-9b58-9033ddca7e68,scooter,39.99109463333333,-83.00312370000002,23,6.15,True,False,False,1790887583
Spin,fde470e9-6f30-4564-87ff-9f04d64e4332,scooter,39.947747,-83.051374,61,16.68,True,False,False,1790887604
Spin,3e1253ac-92f0-457d-ae3f-12c12fa71902,e-bike,39.93315643333334,-82.99605723333335,51,13.76,True,False,False,1790887341
Spin,fb309ba8-680e-4da3-b902-fd330c38f054,scooter,39.947751,-83.0512,60,16.39,True,False,False,1790887508
Spin,3297875a-9034-4604-be2f-3ea01a1288f4,e-bike,39.96101453333333,-82.99239093333333,35,9.66,True,False,False,1790887381
Spin,506884a6-c2a5-42bc-870f-0d40c523022d,e-bike,39.97698095,-83.00281340000001,56,15.22,True,False,False,1790887543
Spin,58593410-1c77-487c-8c0b-5eb57739b090,scooter,39.958894,-83.024616,92,26.34,True,False,False,1790887554
Spin,9b405e18-4ccb-4c97-a9c0-b15d25ceb651,scooter,39.970008,-83.002048,38,10.24,True,False,False,1790887615
Spin,7c0ab544-3895-4142-b619-935536fb6eab,e-bike,39.96117166666667,-83.00852666666667,62,16.97,True,False,False,1790887618
Spin,aa5f3af8-a9d1-4cff-81ca-fbe116d79057,scooter,39.988226,-82.998287,22,5.85,True,False,False,1790887603
Spin,b98d15c8-ef9c-4757-b2db-9a7c3c338c6b,e-bike,39.938959233333335,-82.98354123333333,27,7.32,True,False,False,1790887597
Spin,88d9e1f8-2bc6-4e37-8e68-7de867938735,e-bike,40.0035719,-83.0086446,40,10.83,True,False,False,1790887609
Spin,2131f39d-1eb0-456a-942d-3403c444e37a,scooter,40.002908,-82.971456,74,20.19,True,False,False,1790887472
Spin,3d327050-d19f-495d-b846-fa9be536939a,scooter,39.937361,-82.985269,81,22.98,True,False,False,1790887436
Spin,dffae6ef-136a-42fd-a133-dba846b20a75,scooter,40.015612,-82.966279,22,6.13,True,False,False,1790887572
Spin,a29ed11f-79e0-4f2e-80bc-6ac2cb13f029,scooter,40.020236,-82.99079,19,5.27,True,False,False,1790887615
Spin,1519b69b-ac10-4a47-9ee7-c25693dd4f14,scooter,39.993223,-83.012136,46,12.58,True,False,False,1790887510
Spin,1020a213-d768-430f-b3c3-832eb8939540,e-bike,39.99413853333333,-83.0003917,23,6.15,True,False,False,1790887564
Spin,07c54b1e-52ef-4bed-9a62-d81b869825b4,scooter,39.960749,-83.01275,33,9.07,True,False,False,1790887539
Spin,d3ff04aa-8f96-4175-8faf-90824d349300,scooter,39.940459,-82.983585,92,25.17,True,False,False,1790887564
Spin,c3ab2e04-5a9e-4ddf-b7e9-5768a20b9647,scooter,39.96909923333333,-83.00400069999999,70,19.02,True,False,False,1790887514
Spin,fc8d012b-d354-4aa1-a29d-3f0318ec73e4,scooter,39.96460973333333,-83.0464959,67,18.15,True,False,False,1790887618
Spin,b66b0b6b-4264-4936-b92e-4a0493f365ba,e-bike,40.004557500000004,-82.99775273333334,31,8.49,True,False,False,1790887453
Spin,8304700b-53fc-4317-bbf4-37251a977e81,e-bike,39.96738593333334,-83.01920550000001,86,23.41,True,False,False,1790887599
Spin,4b7fe98e-ca2a-4e17-a521-e15b022a1e02,e-bike,39.96569263333333,-83.0198256,77,21.07,True,False,False,1790887598
Spin,2b3ba408-045c-4d6d-b9cf-000c49ce6a4b,scooter,40.014601,-82.988037,47,13.48,True,False,False,1790887607
Spin,8d96ba2d-f8b8-4f58-8747-4f5e151cccd8,e-bike,40.0067175,-83.0478485,62,16.97,True,False,False,1790887604
Spin,161bbe07-c3a0-46c3-8366-a15a3f10a142,scooter,39.959994,-83.018106,52,14.05,True,False,False,1790887582
Spin,1822c984-5f51-4f22-b76c-8b1091778cc9,e-bike,39.98584535,-83.02744720000001,77,21.07,True,False,False,1790887601
Spin,c40d619a-3836-4454-a2d5-3c9f04039369,e-bike,39.985845899999994,-83.02745066666667,20,5.56,True,False,False,1790887386
Spin,7ebc0f66-fda7-4e6b-930b-13112eb5deee,scooter,39.955834,-83.001253,28,7.96,True,False,False,1790887612
Spin,76b201b4-2caa-4f45-8a58-12db8395e37a,e-bike,40.022916,-83.0142785,77,21.07,True,False,False,1790887376
Spin,904cc05f-60b7-490f-be20-bb4fe3ae613e,scooter,40.0141,-82.974667,44,12.56,True,False,False,1790887488
Spin,b6079694-7a5f-43a0-822b-55c540d69ae2,scooter,39.949452,-83.0417,33,9.07,True,False,False,1790887601
Spin,745e83b8-940e-42ab-9868-6ec1339203fa,scooter,40.0043485,-83.00545240000001,37,9.95,True,False,False,1790887362
Spin,b879300a-1abe-469e-aca3-ddb4d4e11b59,scooter,40.0043305,-83.00541589999999,80,21.66,True,False,False,1790887439
Spin,3278e95e-424c-4d3f-86a1-dd6ba2966a8a,e-bike,40.0082273,-83.00628049999999,55,14.93,True,False,False,1790887427
Spin,d8e28710-f019-4e82-ba4f-f3f8fba49a1a,e-bike,40.0067076,-83.04783530000002,47,12.88,True,False,False,1790887618
Spin,caf79a4f-2df1-4b59-9f5d-dfd263ca8f51,scooter,40.014712,-83.001333,71,19.32,True,False,False,1790887430
Spin,429a7e3b-9ffe-4140-b262-ca4990d5fe03,e-bike,39.97107295,-83.00733550000001,63,17.27,True,False,False,1790887501
Spin,d114dc19-4058-4f6d-91f2-823beafdb12a,scooter,39.97111105,-83.00730819999998,70,19.02,True,False,False,1790887432
Spin,d03ba0da-8db9-4150-8ea4-a14bf5f33c72,e-bike,39.94594553333333,-82.90602183333334,25,6.73,True,False,False,1790887610
Spin,b8bf6714-825f-4069-ad6e-e77a7bfa47dd,e-bike,39.95843433333334,-82.99998623333335,55,14.93,True,False,False,1790887575
Spin,72b757bc-f199-4bca-9bd8-36db825e0d0a,e-bike,39.95582553333334,-83.00135960000001,65,17.56,True,False,False,1790887394
Spin,2221b05f-466d-4319-ad77-cdc076468d40,scooter,39.96921103333333,-82.99079313333336,100,27.22,True,False,False,1790887616
Spin,d260d985-0e9d-46de-9e87-01d11561524b,e-bike,39.96325423333334,-82.98136703333333,90,24.58,True,False,False,1790887506
Spin,41fd6231-0bcb-4387-aa39-8b01bfac5de2,scooter,39.967267,-83.019216,100,27.22,True,False,False,1790887585
Spin,f93a949c-5b6b-42db-aba6-a985ca31d3aa,scooter,39.980700133333336,-82.99844783333334,100,27.22,True,False,False,1790887417
Spin,41eea408-bde7-473d-86a7-810c01dbd82b,e-bike,39.97880395,-83.0040774,19,5.27,True,False,False,1790887551
Spin,f189b324-88c2-4442-84e6-42e932953309,e-bike,39.97880145,-83.0041296,24,6.44,True,False,False,1790887442
Spin,34195c4d-77fd-4242-9510-c8da81f10cfb,e-bike,39.992716333333334,-82.99576233333333,100,27.22,True,False,False,1790887610
Spin,9d572557-094b-44c7-a166-4ae973118c00,e-bike,39.969202333333335,-83.00406999999998,76,20.78,True,False,False,1790887422
Spin,35902ff7-2688-4efd-8cf0-3ea5f635bcb9,e-bike,39.96248573333333,-82.97755065000001,51,13.76,True,False,False,1790887454
Spin,27092ab2-3613-45dd-b05f-5a984c200e64,scooter,39.99827813333333,-82.99566463333333,100,27.22,True,False,False,1790887605
Spin,a560890b-f36c-4f30-92f7-2cdcafdc31d1,e-bike,39.94727833333333,-83.05322,23,6.15,True,False,False,1790887604
Spin,2b9d215f-0596-420d-8088-8c165c82a8c1,scooter,39.947266,-83.053198,72,19.61,True,False,False,1790887522
Spin,efe4558d-5882-4d4c-9aea-c88bea0c93f6,scooter,39.947283,-83.053188,99,26.93,True,False,False,1790887616
Spin,22e9b549-a561-4313-9561-0e98178c15ee,scooter,39.947306,-83.053195,69,19.61,True,False,False,1790887465
Spin,17f277b4-cf75-4019-af0d-378e985dd1b6,e-bike,39.94727833333333,-83.05322499999998,57,15.51,True,False,False,1790887588
Spin,8532c7d1-9887-4a03-bc93-50db203bdcad,scooter,39.947309,-83.053193,49,14.09,True,False,False,1790887494
Spin,de6abca6-a625-43b9-8884-16fb5026f782,scooter,40.000579,-83.003565,100,27.22,True,False,False,1790887603
Spin,ed5feed9-4f04-431c-bb49-717d0a8c4b9d,e-bike,40.0005682,-83.00361040000001,91,24.88,True,False,False,1790887402
Spin,361900cb-2db5-4649-9d84-da81ba5fafe5,e-bike,39.96849443333333,-82.99914993333331,88,24.0,True,False,False,1790887480
Spin,ce1abd52-d00e-4140-b4e8-390d2c2afae5,e-bike,39.98285833333333,-83.00485166666667,19,5.27,True,False,False,1790887484
Spin,f30b22ff-61a4-40ad-9d0c-e3d54b5fc42a,scooter,39.947711,-83.05096,100,27.22,True,False,False,1790887590
Spin,9d144914-5190-47f7-ac1d-04097924e122,scooter,39.94769,-83.050946,55,14.93,True,False,False,1790887583
Spin,03df0f56-06ca-4a70-a704-50f4166b33d4,scooter,39.947694,-83.050931,99,26.93,True,False,False,1790887576
Spin,7b767a8a-83c7-4a90-a1b4-9fe83e2a191a,scooter,39.94769,-83.050946,33,9.07,True,False,False,1790887602
Spin,cc08dfb1-e4d5-4346-a480-5a80270dcdf4,scooter,39.947724,-83.050957,24,6.74,True,False,False,1790887491
Spin,f147d31a-b07b-460e-afab-7bcf612d529c,scooter,39.956575,-82.987808,16,4.39,True,False,False,1790887503
Spin,64b3f7dc-6814-4981-84f9-cda3bf42c6e5,e-bike,39.99560223333334,-83.00282379999999,42,11.41,True,False,False,1790887596
Spin,a1db1cc8-d0b0-4660-bce1-21417890b98d,e-bike,39.99198833333333,-83.01068179999999,75,20.49,True,False,False,1790887584
Spin,40bf58a2-3e12-4b7d-bf9c-22e2379c092a,e-bike,40.0328965,-82.99991803333333,24,6.44,True,False,False,1790887423
Spin,54fdd3a1-7828-4865-97e5-e8afdfdb0192,scooter,39.949421,-83.041681,94,25.46,True,False,False,1790887401
Spin,b4b1239f-f151-4112-a834-7b300e85c551,scooter,39.949422,-83.041783,63,18.07,True,False,False,1790887519
Spin,2b99fb30-ca52-47f2-9ce4-9605fd4c2e48,scooter,39.949416,-83.041686,95,25.75,True,False,False,1790887500
Spin,46786a08-b3eb-4a44-8360-b3cbc3be5729,e-bike,39.94942,-83.04177833333333,100,27.22,True,False,False,1790887439
Spin,3f990490-e635-4c86-a9dd-362661191453,e-bike,39.97060166666667,-83.00119833333335,31,8.49,True,False,False,1790887549
Spin,cd6b8429-4e4f-47a9-b022-36883058cbe3,e-bike,40.004004099999996,-83.00812060000001,56,15.22,True,False,False,1790887539
Spin,4a5422f4-ceb6-4ddd-b256-f87d76036e57,e-bike,39.96741803333334,-83.0156712,53,14.34,True,False,False,1790887607
Spin,2bb54fd7-3d73-4038-9aba-593c2aceca4c,e-bike,39.96741153333333,-83.0156577,22,5.85,True,False,False,1790887611
Spin,ee59ea8b-5860-452f-b027-ab84aa0bc4e8,scooter,39.99522743333333,-83.0072888,48,13.17,True,False,False,1790887463
Spin,e63be01d-6591-4ad7-87ff-027925f7c9ec,scooter,40.014255,-83.005516,57,15.51,True,False,False,1790887578
Spin,b2c7a33d-0dca-4b7c-bda3-1dedbbdf48b2,scooter,39.946256,-83.034418,62,16.97,True,False,False,1790887435
Spin,561d3829-1865-4f15-bac2-c4eedbd4a044,scooter,39.94543,-83.016671,96,26.05,True,False,False,1790887456
Spin,f40720ba-f38d-48e0-9935-c6096f747d93,e-bike,39.99408833333334,-83.00685333333334,58,15.8,True,False,False,1790887449
Spin,aef11139-01b8-4f9d-992b-efe3b9af267d,scooter,40.0019621,-83.0011418,100,27.22,True,False,False,1790887483
Spin,c9d7703a-e18c-4779-93a5-772e68d47ede,e-bike,39.99853793333333,-83.00113019999999,94,25.46,True,False,False,1790887612
Spin,680f9957-1b0b-456e-bcd9-28451f9a58b2,e-bike,39.957549533333335,-83.0114097,72,19.61,True,False,False,1790887617
Spin,c71b9511-4fda-4566-a0ff-0e9a771af6ca,e-bike,39.99753723333333,-83.0020983,94,25.46,True,False,False,1790887601
Spin,6147cdbb-a9fc-41a8-bc46-d0ba883939df,scooter,39.990754833333334,-83.006138,43,11.71,True,False,False,1790887558
Spin,87ef1abc-92c7-4ed5-8272-54a374bef5c2,e-bike,39.99297403333333,-83.0082588,95,25.75,True,False,False,1790887512
Spin,69b51cdc-5673-4282-a7f3-f872847f5f8a,scooter,39.990484,-82.995593,25,6.73,True,False,False,1790887607
Spin,abe2ef43-1dde-4691-b75a-2db6ffaff44f,e-bike,40.0224726,-83.02750280000001,37,9.95,True,False,False,1790887591
Spin,131fecfb-b6e2-4474-8f2b-332ec91dc593,e-bike,39.97540145,-83.00448300000001,61,16.68,True,False,False,1790887500
Spin,b72b9080-5414-4906-8e0a-389566d1a243,e-bike,39.99204233333333,-83.0065705,45,12.29,True,False,False,1790887404
Spin,9455c266-8f99-4f8f-9a1e-a26dd1ce7d64,e-bike,39.99342083333333,-83.00463309999999,80,21.66,True,False,False,1790887529
Spin,fe47e588-4647-4550-be9d-a6f3e94e0f34,e-bike,39.933805533333334,-82.98275593333334,45,12.29,True,False,False,1790887585
Spin,5385b51b-b6d4-478c-a2d5-0ee0dda0e4b8,e-bike,40.0038936,-83.00077189999999,46,12.58,True,False,False,1790887477
Spin,38dd6224-ca1d-4b53-86a6-aa87874c2c0b,e-bike,39.99948873333334,-82.99748893333332,95,25.75,True,False,False,1790887461
Spin,6c0cf2ec-eeab-40ee-a043-13cb0907588b,scooter,40.0068379,-83.0092885,82,22.24,True,False,False,1790887560
Spin,cf968b91-5a8b-468e-a50b-299cc89a7b20,e-bike,39.98406176666666,-83.01690821666668,87,23.71,True,False,False,1790887596
Spin,5c1749f3-6cd6-4b88-8964-bdfc92dc6c68,e-bike,39.984111033333335,-83.0168807,46,12.58,True,False,False,1790887431
Spin,900eca24-14cf-4585-80e7-979f95c0d2a4,e-bike,39.96776223333333,-82.99887473333335,43,11.71,True,False,False,1790887524
Spin,b9ccdeb2-8a95-41b4-bd9c-b0d5df19a2d2,e-bike,39.97743501666666,-83.01161608333332,94,25.46,True,False,False,1790887608
Spin,eae6bd80-4bdc-4b1c-81a4-f6c64bbcb689,e-bike,39.977433850000004,-83.01162559999999,95,25.75,True,False,False,1790887507
Spin,050ddb1b-33f3-4549-a499-4b69a911afc0,e-bike,39.995182033333336,-83.0050266,48,13.17,True,False,False,1790887510
Spin,c231e351-8c04-47b0-a668-c229333fdc07,scooter,40.014247,-83.00539,100,27.22,True,False,False,1790887591
Spin,af7db9ba-76c8-44bc-a263-39d2512a572c,e-bike,39.99921666666667,-82.99135,58,15.8,True,False,False,1790887618
Spin,ca67a226-de8a-42a6-888d-1bb74c729bb3,e-bike,40.0175141,-83.014606,43,11.71,True,False,False,1790887577
Spin,a0240c7c-6be3-488e-a9d0-bd9397c8cc35,e-bike,39.96534293333333,-82.99162903333333,46,12.58,True,False,False,1790887602
Spin,f4d7a2f5-0a28-4d23-90ca-589efd31c78b,e-bike,40.005485,-83.00891500000002,31,8.49,True,False,False,1790887533
Spin,42bbf9ed-aa39-4117-80a2-22d3c843c1f4,e-bike,39.990581033333335,-83.0018614,26,7.02,True,False,False,1790887617
Spin,775904e8-42bb-4e1f-8012-9a280a9841d0,scooter,40.014695,-82.989132,100,27.22,True,False,False,1790887529
Spin,70fc30dd-1cc3-4d91-a8b6-f04a887995b3,e-bike,39.99092053333333,-83.0061292,24,6.44,True,False,False,1790887461
Spin,26859545-b457-444a-8a1f-fb62029dbea2,e-bike,40.01453166666667,-82.98808833333332,96,26.05,True,False,False,1790887581
Spin,6786b12b-2279-4b8b-8aa2-6858278a0309,e-bike,39.97397885,-83.04131199999999,39,10.54,True,False,False,1790887417
Spin,eb012e98-3add-48d1-ab4c-aaf755278d16,scooter,40.014726,-82.990888,97,26.34,True,False,False,1790887557
Spin,49d2d695-cad8-46ad-8a11-f1733d0d2874,scooter,39.955905,-83.01317,77,21.07,True,False,False,1790887600
Spin,f76315b4-fd4e-463d-8601-6cf7c298ba5a,e-bike,39.99031943333333,-83.01243410000001,19,5.27,True,False,False,1790887567
Spin,7bc87ce5-3c13-42f0-afe7-6dff5c6cdb86,scooter,40.001365,-82.999074,100,27.22,True,False,False,1790887582
Spin,ad7eab7a-f4a1-49e2-a02d-e3247285b0a2,scooter,39.965562,-83.013832,22,5.85,True,False,False,1790887617
Spin,3527f42c-f700-43c1-9827-4a12cb73af13,e-bike,39.99853623333333,-83.00114649999999,68,18.44,True,False,False,1790887511
Spin,d579d915-fbb0-489c-804f-398b518a86c4,e-bike,40.0366766,-83.0005282,51,13.76,True,False,False,1790887590
Spin,4f5e6800-9650-455f-9e98-dcb2ff16bb98,e-bike,39.994079733333336,-83.0257476,39,10.54,True,False,False,1790887599
Spin,7ff7af93-aaec-49fd-abe9-515798ff4657,e-bike,39.96079053333334,-82.98174593333333,80,21.66,True,False,False,1790887541
Spin,90f58842-938f-41cc-9362-d3d12ac40f27,e-bike,39.99237953333333,-82.99549461666666,95,25.75,True,False,False,1790887614
Spin,a9f669f2-fadf-4ff5-a26f-7961263024ba,scooter,40.0096299,-83.0027591,47,12.88,True,False,False,1790887372
Spin,555b102b-64b0-4841-98e7-c3f9172ac182,scooter,39.992699,-83.006812,83,22.54,True,False,False,1790887604
Spin,0e492cfe-58de-4bf6-810a-2476c9a91548,scooter,39.944799,-83.067231,45,12.29,True,False,False,1790887563
Spin,3e99fdd5-c869-4bb0-b68a-6b3ac4a2a195,e-bike,39.971641549999994,-83.0044938,59,16.1,True,False,False,1790887532
Spin,1abd0d31-0be1-4f3b-b89f-51a475f845c9,e-bike,39.94166263333333,-82.95869723333333,16,4.39,True,False,False,1790887472
Spin,bae461d7-e270-4662-8094-5d9f694ce9bc,e-bike,39.99137553333333,-83.00646350000001,86,23.41,True,False,False,1790887602
Spin,45842f57-ebeb-49b3-94f5-2aa0d7f5d219,e-bike,39.973344350000005,-83.00471029999999,75,20.49,True,False,False,1790887619
Spin,15df9a5e-0fb4-4856-ad56-05bcc0142db8,scooter,39.990418,-82.982588,19,5.27,True,False,False,1790887569
Spin,9d2745d9-a0ca-4d69-920c-549477410b29,scooter,40.016206,-82.988685,76,20.78,True,False,False,1790887607
Spin,8708e27c-cae7-407f-82ac-9f2dd365e88e,scooter,39.95837863333334,-83.0029517,84,22.83,True,False,False,1790887613
Spin,596008bf-a0a0-4f9d-9f64-99b2656fc6c0,scooter,39.95834213333333,-83.00296770000001,32,8.78,True,False,False,1790887427
Spin,33776b50-6126-4a39-8c5b-a3983219dac0,e-bike,40.0050007,-83.0085026,97,26.34,True,False,False,1790887574
Spin,1014e17c-796a-43c4-ad43-ae7e1bba4c67,e-bike,40.011575500000006,-83.01318189999999,69,18.73,True,False,False,1790887578
Spin,4a851b99-e71b-43e1-ba48-0a7d2b18dd1d,scooter,39.99671523333333,-83.0488771,77,21.07,True,False,False,1790887583
Spin,27a92ff8-24a4-4195-83bb-c72fd78d4d3a,e-bike,39.98762685,-83.0026362,49,13.46,True,False,False,1790887588
Spin,42001f6b-a4eb-46af-b309-1b34305556e3,e-bike,39.97278845,-83.04035360000002,67,18.15,True,False,False,1790887590
Spin,311e5df7-b902-4fe6-8a6c-963f2f031644,e-bike,39.987575,-83.00227166666667,66,17.85,True,False,False,1790887481
Spin,1c6aa30b-f759-42ab-96b8-4dee82c4a175,e-bike,39.95866553333334,-83.0137291,52,14.05,True,False,False,1790887543
Spin,f9f19771-cdd2-4dde-acd8-9b6fe66b5c37,scooter,40.00604,-83.007508,100,27.22,True,False,False,1790887440
Spin,d2204255-351b-45f5-ab3b-fd590a369785,e-bike,40.007493999999994,-83.01615070000001,35,9.66,True,False,False,1790887435
Spin,39048689-9eb3-45aa-ba58-84f1a2a96f04,scooter,39.980791,-83.002636,89,24.29,True,False,False,1790887614
Spin,b7e9ec4c-ef0c-4c12-94d6-a02262276605,e-bike,39.95975833333333,-83.02169666666666,98,26.63,True,False,False,1790887580
Spin,5846c947-55d1-4744-8d89-0c49d2c7987c,e-bike,39.99110763333333,-83.0062004,46,12.58,True,False,False,1790887491
Spin,5f9e51a2-e588-41ed-a4ef-a63abe37188a,e-bike,39.958086533333336,-82.98368183333332,15,4.1,True,False,False,1790887614
Spin,e9a51c29-ee7b-41a2-ad88-3e3d57290888,e-bike,39.984352933333334,-83.02441670000002,80,21.66,True,False,False,1790887410
Spin,905839e7-66e1-4305-b5d6-b2194f093364,scooter,39.948749,-82.954045,20,5.82,True,False,False,1790887604
Spin,8d62a50f-b335-4097-a316-6ee1578f26bc,e-bike,39.992677533333335,-83.0054805,67,18.15,True,False,False,1790887523
Spin,5268112a-c737-4910-83db-09b7dbf8f1a8,e-bike,39.993448433333334,-83.00438879999999,58,15.8,True,False,False,1790887500
Spin,daee8d49-9334-426f-88b9-9d4e088a4128,e-bike,39.97086515,-83.00103779999999,57,15.51,True,False,False,1790887482
Spin,22cc8246-0d6c-485d-a3cf-44fd4e1d385e,e-bike,39.95912833333333,-83.03568166666668,58,15.8,True,False,False,1790887547
Spin,b38ef316-b342-4537-87d3-2b061b4a95ff,e-bike,39.99727753333333,-83.0045307,39,10.54,True,False,False,1790887570
Spin,dfb4b4a5-b348-4cb4-94a8-22e8f806e8dd,e-bike,39.95609043333333,-82.99395813333334,39,10.54,True,False,False,1790887528
Spin,b2317f0e-8b99-48f5-b113-9c91f26b5190,scooter,39.956191,-82.993966,48,13.79,True,False,False,1790887555
Spin,6b79eb32-c9e0-4562-b922-3f60710a2ed0,e-bike,39.949349833333336,-82.99550943333334,89,24.29,True,False,False,1790887570
Spin,5345a292-e5d6-4e39-b24a-78e986e3d532,e-bike,40.0063561,-83.009171,44,12.0,True,False,False,1790887609
Spin,7eac74bb-2de0-4e9c-9651-101493753929,scooter,39.987533,-82.994806,42,11.41,True,False,False,1790887450
Spin,459ce5e5-ac0c-4b0c-a352-e8702ca0d3aa,e-bike,39.99379793333333,-83.0069333,90,24.58,True,False,False,1790887588
Spin,1231ae20-ded8-45aa-9f1c-598012ba40b2,e-bike,40.002387,-83.00349569999999,58,15.8,True,False,False,1790887466
Spin,6c59eeb6-6a71-4d9b-84d5-6e9be173a4e7,e-bike,39.975587850000004,-83.0034446,49,13.46,True,False,False,1790887453
Spin,bcb48323-98e0-4f1e-86f2-b658a9bb3921,scooter,40.007291200000004,-82.99955023333332,53,14.34,True,False,False,1790887466
Spin,c0c48427-dd87-491e-bab7-311008a4955b,e-bike,40.0001346,-83.00752660000002,74,20.19,True,False,False,1790887545
Spin,4e7b3e52-1c1e-4ddc-85c0-8883305de593,e-bike,40.012106,-83.00143279999999,62,16.97,True,False,False,1790887613
Spin,3b60125d-ab5d-4584-8da9-7e9a8dbc1c06,e-bike,39.99989443333333,-83.00595139999999,56,15.22,True,False,False,1790887420
Spin,98917490-cf6e-4e3d-a5ce-0a9a2cf08fcc,e-bike,39.97878166666667,-83.00435166666666,24,6.44,True,False,False,1790887474
Spin,2de6584d-0ab2-42aa-8451-8dd0b9c27774,e-bike,40.0005353,-83.00270309999999,55,14.93,True,False,False,1790887485
Spin,9ec7bd12-95b7-4b35-bb5b-b84006d7690e,e-bike,40.011486500000004,-83.0133671,47,12.88,True,False,False,1790887488
Spin,2e40c47b-d49e-4175-9454-9844bf5d8687,e-bike,40.0037934,-83.0007791,47,12.88,True,False,False,1790887517
Spin,2a0ea6dc-4c4c-4189-8ecd-bc7e9840e547,e-bike,40.0004523,-83.0030487,57,15.51,True,False,False,1790887525
Spin,eb6e6cf4-966d-43c8-9600-ad1f2bc6a26a,e-bike,39.996120033333334,-83.0006712,57,15.51,True,False,False,1790887596
Spin,d7355bcd-6483-41f9-91a5-1e7f6a9cbf8b,e-bike,39.963856666666665,-82.99964999999999,40,10.83,True,False,False,1790887502
Spin,eed37101-9990-48a9-813c-961e59e50ffc,e-bike,39.99826973333334,-83.00138469999999,78,21.36,True,False,False,1790887563
Spin,4f0517ca-781a-4099-a9de-98faece34827,e-bike,39.962019033333334,-83.00086119999999,23,6.15,True,False,False,1790887619
Spin,4384ba35-d4b8-4b1f-acd3-0db16f4e44bd,e-bike,39.96917933333334,-83.0039754,62,16.97,True,False,False,1790887451
Spin,454ee94a-3b21-4d0d-bf66-0e46250705cd,scooter,40.0009483,-83.00812390000002,45,12.29,True,False,False,1790887523
Spin,5b5950ba-3618-4f47-b5f0-e2af9db1309e,e-bike,39.99368273333334,-83.01125830000001,65,17.56,True,False,False,1790887461
Spin,cc10efac-2c8a-40e5-9528-2d85d8c19ed3,scooter,40.00415,-83.008701,69,18.73,True,False,False,1790887609
Spin,09f0c8ba-411b-4708-a38e-9118d7ea2253,e-bike,39.99283123333333,-83.0065123,49,13.46,True,False,False,1790887425
Spin,2605ad83-c1b3-48ec-8499-139c482103b4,e-bike,39.992873933333335,-83.0065246,55,14.93,True,False,False,1790887494
Spin,6fd9cdcc-6af5-4b8e-919d-a5abea3b1ae8,e-bike,39.96649643333333,-82.98717043333333,84,22.83,True,False,False,1790887503
Spin,109e0da5-a6f3-4c03-8660-87f325d689b6,e-bike,39.980824033333334,-83.00471440000001,32,8.78,True,False,False,1790887490
Spin,2f1297d7-26ba-4f67-935d-eb3de2bb9890,scooter,39.954807833333334,-83.00707419999999,32,8.78,True,False,False,1790887504
Spin,c7d79cfa-15fd-4e52-abd2-4c0736858b47,e-bike,39.988307250000005,-82.99823523333335,81,21.95,True,False,False,1790887426
Spin,030b429f-4514-43e1-9da2-2d77d4bf47a8,e-bike,40.0223599,-83.01478790000002,91,24.88,True,False,False,1790887607
Spin,da2e3afc-0e1f-4a86-a099-15265e4bc069,e-bike,39.96920563333333,-83.00401169999999,88,24.0,True,False,False,1790887585
Spin,46f2102b-ba1f-4c16-9ff4-9caa283ecd0d,e-bike,39.957913233333336,-83.0014948,32,8.78,True,False,False,1790887590
Spin,51d1692a-96fd-4012-aade-dfde33f24435,e-bike,39.99480166666667,-83.006075,31,8.49,True,False,False,1790887456
Spin,c5788cba-d0ca-4546-bc03-768bcd584f6b,e-bike,39.990975533333334,-83.00880639999998,56,15.22,True,False,False,1790887616
Spin,6b629d17-31fd-4ac2-b6dc-8a4ba6be9882,scooter,39.95820383333333,-82.97744044999999,55,14.93,True,False,False,1790887471
Spin,93bc001b-16bb-48d0-94de-e92bbc3549aa,scooter,39.99454,-82.999219,17,4.68,True,False,False,1790887611
Spin,c3a0a419-7d42-473f-be51-2b7759314bbd,e-bike,39.98745193333333,-83.0008727,51,13.76,True,False,False,1790887585
Spin,8e723044-5ce1-42d3-9400-8dd8b72803b2,e-bike,39.96320333333333,-83.002735,42,11.41,True,False,False,1790887483
Spin,cc195725-e586-4b52-ae5a-296a0d5ba95d,scooter,39.97462825,-83.0029535,45,12.29,True,False,False,1790887543
Spin,6bcc5d6c-2e60-43e2-b066-5c504dd4c18e,e-bike,40.004038333333334,-83.00864833333331,56,15.22,True,False,False,1790887597
Spin,b631f094-ba8b-4e15-bd3d-af1fd5f271d8,scooter,40.050061,-82.924821,25,6.73,True,False,False,1790887561
Spin,077c2126-80cb-432f-baea-e6c862fe056a,e-bike,39.99202643333333,-83.01221869999999,69,18.73,True,False,False,1790887616
Spin,bf88a61c-c60d-4de2-a317-82e765560bed,e-bike,40.0038803,-83.008696,89,24.29,True,False,False,1790887515
Spin,58af8500-7787-4333-8ae8-66afc948fe73,e-bike,39.98958325,-83.0056759,20,5.56,True,False,False,1790887565
Spin,e554988a-f64e-4e99-bac4-9c9fc8497490,e-bike,39.966511833333335,-82.99680923333332,77,21.07,True,False,False,1790887453
Spin,1344d8ee-1484-41c2-8969-5531b91c29cc,e-bike,39.978793249999995,-83.00410570000001,19,5.27,True,False,False,1790887577
Spin,2b9f047c-ba15-4061-b3a6-8b44cbc4124b,e-bike,39.99407908333333,-83.00683294999999,57,15.51,True,False,False,1790887533
Spin,90890a1f-1b4e-4420-bc00-67bef206c998,e-bike,40.0141263,-83.00117209999999,82,22.24,True,False,False,1790887605
Spin,734ab13d-07da-455a-a1ee-16a6db6e4749,e-bike,39.97877955,-83.0041348,69,18.73,True,False,False,1790887613
Spin,6dd074a0-cca6-48ab-bb6f-b70121c0d7e1,e-bike,39.97339895,-83.00470509999998,54,14.63,True,False,False,1790887363
Spin,381330d8-f714-4c28-99c2-babeb3d63b0e,e-bike,39.99004503333333,-83.00599580000001,62,16.97,True,False,False,1790887468
Spin,ec8962fd-6a74-4bde-8086-38da9ff88c49,scooter,40.014137,-82.976713,67,18.99,True,False,False,1790887510
Spin,86f452a4-132b-4aa0-a9f5-5d0ed2d2494a,scooter,40.0210591,-83.03152440000001,85,23.12,True,False,False,1790887500
Spin,afd46de8-d312-4c0b-8271-04e781f112ab,e-bike,39.971485,-83.00451999999999,57,15.51,True,False,False,1790887525
Spin,fd4bfdce-4f2d-40f0-b0d2-6dc1c98242d4,e-bike,39.96807166666667,-83.00863499999998,76,20.78,True,False,False,1790887565
Spin,c26ee971-7391-4d61-820a-36313b184c49,e-bike,39.968113333333335,-83.00868833333334,68,18.44,True,False,False,1790887577
Spin,3fd40ba5-2f0c-4a37-bbee-72c596ea62f2,e-bike,39.99029763333333,-83.0057045,40,10.83,True,False,False,1790887623
Spin,89906098-0c98-412b-80d0-106ac876a4a2,e-bike,39.95823923333333,-83.0211162,0,,False,True,False,1790887569
Spin,2d937d19-f87d-4eae-8ef3-a5b055a2ccd9,e-bike,39.965046666666666,-82.970225,0,,False,True,False,1790887544
Spin,9a290a80-14bd-4ad7-8094-5edf295ff294,e-bike,39.941993333333336,-82.85666666666665,0,,False,True,False,1790887611
Spin,5d2a03fc-c529-4fde-a505-96f775943300,e-bike,39.96308666666666,-82.94858666666666,0,,False,True,False,1790887483
Spin,d9371694-23b7-41b8-84b2-59c8dd75a046,scooter,39.9541,-83.012472,0,,False,True,False,1790887579
Spin,3e3fc2bd-dff0-4fde-9efd-b2134655186c,scooter,40.1028087,-83.08896879999999,10,2.63,False,True,False,1790887550
Spin,64a40a38-c381-4d96-85eb-b5ed73f7f2e9,e-bike,39.994947833333335,-82.94113063333334,0,,False,True,False,1790887578
Spin,395c8c58-9a23-43a8-8de3-1f4999662d29,scooter,39.958389,-83.031794,0,,False,True,False,1790887594
Spin,35584b96-6fcc-4b00-abea-cb16ec5c0d15,e-bike,39.96646666666666,-82.99860666666667,0,,False,True,False,1790887550
Spin,c5db7510-a9c2-4876-887a-1bc384807d4e,e-bike,39.96777663333333,-82.87597091666666,0,,False,True,False,1790887608
Spin,ff9fc0f0-5673-4c35-a659-86f376dcf4b6,scooter,39.960861,-83.012763,0,,False,True,False,1790887373
Spin,5d7a3c48-9f35-4f05-a265-1a78e3ca584b,scooter,39.960706,-83.021031,0,,False,True,False,1790887558
Spin,6c5b5c85-aeca-4705-b8d4-c4a6bc0753ae,e-bike,40.09406,-82.94560863333332,0,,False,True,False,1790887453
Spin,d773f035-b5e2-4920-b46c-114be8bec50e,scooter,40.000427,-82.979916,0,,False,True,False,1790887592
Spin,37e29558-f84e-4368-a10e-5bc836549836,e-bike,39.954385,-82.98117500000002,1,0.29,False,True,False,1790887610
Spin,e00f2424-a36c-4fca-9c02-7c2e4c1c27d0,scooter,39.948298,-83.067445,0,,False,True,False,1790887320
Spin,c0f1fada-75be-4d29-b549-8d13a9fc7ffd,scooter,39.977131,-83.005077,0,,False,True,False,1790887566
Spin,2d03d52d-4347-47de-bce0-1c8ef44b6d75,scooter,39.963866,-83.024018,2,0.59,False,True,False,1790887576
Spin,5e399efc-b30e-4348-8225-faa8ad563b48,scooter,39.94216593333333,-82.97936374999999,9,2.34,False,True,False,1790887475
Spin,393f039b-571d-48f3-8417-0c1cb7f613aa,e-bike,39.96897166666667,-83.00382499999999,2,0.59,False,True,False,1790887606
Spin,0a76cff0-8d91-4a62-bee5-3f7b4e7247c2,scooter,40.00336,-82.977567,11,3.06,False,True,False,1790887484
Spin,a8bb456a-06d8-4260-a4d3-0dd3b64c8ffb,e-bike,39.958831133333334,-82.91169603333334,6,1.76,False,True,False,1790887501
Spin,b5038b3a-0e81-49a2-9ac9-3a00a0bbf575,e-bike,39.9430596,-82.97530378333335,6,1.76,False,True,False,1790887546
Spin,7db1b9b9-ca9d-4354-bd4f-b27a85f54834,scooter,40.014152,-82.974689,11,3.06,False,True,False,1790887571
Spin,880b16f2-1274-4211-a852-cded1ef88f07,e-bike,39.959765,-83.02168000000002,12,3.22,False,True,False,1790887582
Spin,3c4ea824-f271-49a5-9467-8ccfb13da333,scooter,39.978244,-83.019945,12,3.37,False,True,False,1790887584
Spin,7d0e778e-10fa-4207-afab-f4a3ee145f4b,scooter,40.013991,-82.967312,8,2.05,False,True,False,1790887566
Spin,8c443588-5585-4b45-b4a5-3abe4a3302e7,e-bike,39.984558533333335,-83.00807189999999,12,3.22,False,True,False,1790887578
Spin,6a052584-ab7e-4313-8af7-59642cf2885e,e-bike,39.98766275,-83.0306561,0,,False,True,False,1790887511
Spin,46bf25ba-d577-49e5-8be4-bb476426ad75,scooter,40.010607,-82.968242,0,,False,True,False,1790887592
Spin,c8fddf3a-0613-4118-9d4d-b241bb416a69,scooter,39.925685,-82.935623,0,,False,True,False,1790887401
Spin,10b565a3-f387-4540-b3c3-23cd59866c2e,e-bike,39.97466735,-83.00296170000001,13,3.51,False,True,False,1790887537
Spin,06c41b10-a6bb-4b85-ac04-a88771657d6a,e-bike,39.97144145,-82.97109685,6,1.76,False,True,False,1790887451
Spin,529eda28-dd72-4f3f-b155-57539748ae6b,scooter,39.941816,-82.973331,2,0.59,False,True,False,1790887540
Spin,d35d1737-6b2d-4b14-9b7e-3fb1171b5823,e-bike,39.97651065,-82.98982804999999,0,,False,True,False,1790887323
Spin,7f7ae55e-fbb4-4a5e-a8be-490c4a7c2bff,e-bike,39.959079833333334,-83.0019514,0,,False,True,False,1790887534
Spin,1eb951f6-3af3-491d-879b-e70292796f75,e-bike,39.96312493333333,-82.99968503333334,9,2.34,False,True,False,1790887589
Spin,097c179f-37ca-4440-b2f6-6e7a1aad3548,scooter,39.971502,-82.919178,0,,False,True,False,1790886959
Spin,a29a17bc-6460-4c5a-94d8-39606e90f4f5,e-bike,39.946175333333336,-82.95850243333334,0,,False,True,False,1790887611
Spin,523c5082-440d-450f-8b0a-eba917035c5a,scooter,40.0049543,-83.01541790000002,71,19.32,True,False,False,1790887570
Spin,d5467f60-f932-47c1-a751-5f2825cfd38c,scooter,40.004803,-83.011848,34,9.37,True,False,False,1790887570
Spin,d333d896-b8f0-4746-b2b2-1364fe592756,scooter,40.005992,-83.013808,39,10.54,True,False,False,1790887460
Spin,a8f6c954-8239-402c-a333-6001e4d9989c,scooter,40.0067921,-83.0460203,56,15.22,True,False,False,1790887390
Spin,049379f0-5ea7-439c-b9a1-59bff55e402b,scooter,40.0067857,-83.04603119999999,43,11.71,True,False,False,1790887451
Spin,1f63b96a-187f-430f-9770-593e40394882,scooter,40.0040409,-83.0210976,70,19.02,True,False,False,1790887559
Spin,677d485a-264f-4282-8933-4c09fb135734,scooter,40.00543,-83.013739,38,10.72,True,False,False,1790887514
Spin,f27c87b0-cf15-485e-bd01-9e23ada76462,scooter,39.996266033333335,-83.0086671,35,9.66,True,False,False,1790887503
Spin,217a58f6-992b-49ca-b22e-9bb2bd43d292,scooter,40.002251,-83.008635,37,9.95,True,False,False,1790887583
Spin,66140a70-1981-476f-b571-6cadc98de535,scooter,40.005339400000004,-83.0101989,35,9.66,True,False,False,1790887613
Spin,6f6bf68f-fe26-437b-8203-aa0fcaae6189,e-bike,40.004423333333335,-83.00950833333333,80,21.66,True,False,False,1790887544
Spin,8f42296e-09c7-4d7f-897f-f867d37f7f07,scooter,39.997052,-83.007534,61,17.46,True,False,False,1790887440
Spin,eb21d180-fd41-4240-956a-09a5ab3e4118,scooter,39.996988,-83.007565,47,13.48,True,False,False,1790887550
Spin,cf07298b-d32f-4e8e-b970-34ea01822eac,scooter,39.997037,-83.007614,37,9.95,True,False,False,1790887572
Spin,21d19dff-cdc3-4b4d-8ee3-b549f495e7ce,scooter,39.997067,-83.00749,39,11.03,True,False,False,1790887570
Spin,576a427a-06d7-4d1d-afe4-104f6762ab1d,scooter,39.997067933333334,-83.0075803,25,6.73,True,False,False,1790887501
Spin,b2484daf-86f7-4412-9c56-8b56f160f971,scooter,39.997044433333336,-83.00758730000001,53,14.34,True,False,False,1790887596
Spin,cbbdbdbf-4320-4f51-ac8f-8c7a4cbc6c78,scooter,39.997025,-83.00761,81,21.95,True,False,False,1790887517
Spin,4893b23a-bb68-44be-b54c-1300c3033db0,scooter,39.997008,-83.007556,77,21.07,True,False,False,1790887390
Spin,a6e284d3-8e28-451f-a663-1778b43dfef8,scooter,39.997029,-83.007608,83,22.54,True,False,False,1790887531
Spin,3802236e-7837-4c21-bea0-2a8e87a23607,scooter,39.99705,-83.007609,78,21.36,True,False,False,1790887584
Spin,1c62b737-9a59-4456-b69c-dcba16077eb3,scooter,39.997012,-83.007615,76,20.78,True,False,False,1790887588
Spin,e4bd81f4-f0a1-4f14-ba4f-64be31c56a4c,scooter,39.996999,-83.007515,57,16.24,True,False,False,1790887616
Spin,cd3d89f6-e846-4d2b-8567-1d4f557ec6d3,scooter,39.997333,-83.017588,83,23.59,True,False,False,1790887571
Spin,b0fe7dc0-821b-47e5-bb19-0c790c037568,scooter,39.99297403333333,-83.02097649999999,46,12.58,True,False,False,1790887420
Spin,bed83cff-8b82-40d2-9fac-77517d31ca31,scooter,40.002188,-83.011844,71,20.22,True,False,False,1790887334
Spin,eed99c7b-c99b-4ad9-bb75-1f91715a2378,e-bike,39.99816333333333,-83.01110166666668,66,17.85,True,False,False,1790887552
Spin,2809e13b-027b-4602-b418-07430d6f7e16,e-bike,40.005855,-83.04783739999999,20,5.56,True,False,False,1790887522
Spin,0ce26825-bf21-4498-97d7-5e1d1a3da031,e-bike,40.005012,-83.01501000000002,85,23.12,True,False,False,1790887540
Spin,97c3cc4a-8139-4ac7-9615-5fae1d199819,scooter,40.00184,-83.025723,28,7.61,True,False,False,1790887525
Spin,09db9f5a-11f5-46ca-9b00-b383406e7af1,scooter,40.006221800000006,-83.0166075,28,7.61,True,False,False,1790887618
Spin,176a3f66-46cc-46e3-85e9-3fb295635769,scooter,40.0062334,-83.0165787,60,16.39,True,False,False,1790887604
Spin,dea8ebf9-fc86-4743-9f41-d575d80dca0e,scooter,40.004963,-83.009348,42,11.41,True,False,False,1790887585
Spin,02fb9fcf-c242-4867-9330-d955bee5071a,e-bike,40.0014931,-83.0132559,80,21.66,True,False,False,1790887601
Spin,8a2b1980-f2a6-4141-9dfd-892fd3a5521e,e-bike,40.000245,-83.01793500000001,33,9.07,True,False,False,1790887499
Spin,42901e2c-c42a-44b9-85b4-4733a64f5fe4,e-bike,40.000345,-83.01779666666668,27,7.32,True,False,False,1790887537
Spin,bec69b66-4f4b-441c-8df9-5b76ee5283a6,e-bike,40.000901383333336,-83.01810150000001,51,13.76,True,False,False,1790887533
Spin,b9a421c2-262e-4f1e-98b0-a91da186ad48,scooter,40.005758,-83.040725,82,22.24,True,False,False,1790887590
Spin,e32bb073-6be7-4d26-b3d0-a8c9f90d8aa8,e-bike,39.99826893333333,-83.015842,63,17.27,True,False,False,1790887589
Spin,8d390bb7-ebe4-4c3e-9391-ca8f29ade0c6,scooter,40.001226,-83.011893,32,8.78,True,False,False,1790887598
Spin,804e1be5-589c-4518-9057-0670674e7c5d,e-bike,39.99907673333333,-83.0091667,23,6.15,True,False,False,1790887494
Spin,5c44421c-c889-4631-ba77-c2202a005a56,e-bike,40.001821299999996,-83.01541100000001,34,9.37,True,False,False,1790887415
Spin,08172576-1dd3-4524-b119-6d02ea0d556c,scooter,39.997771,-83.032574,26,7.02,True,False,False,1790887523
Spin,0e976d4c-a26c-4113-aa00-77b0d17ad0a4,scooter,40.00065300000001,-83.01462330000001,24,6.44,True,False,False,1790887464
Spin,f11416ee-8a10-44a4-977e-61e15093737a,scooter,39.99762883333334,-83.01187120000002,49,13.46,True,False,False,1790887604
Spin,600b68b2-d5e9-4150-8d11-3ed53e5985cd,scooter,39.99979413333333,-83.0087731,90,24.58,True,False,False,1790887467
Spin,a5d7ff1e-54d0-4914-b9e1-b4d8488bbf20,e-bike,39.995018333333334,-83.01684333333333,56,15.22,True,False,False,1790887557
Spin,0c4afbad-9bee-4d82-8b0c-2359da56abed,scooter,39.997328,-83.0075,75,20.49,True,False,False,1790887420
Spin,2a5fd4c4-ff64-4208-99b3-1016d3e6875a,scooter,40.0052326,-83.01030029999998,74,20.19,True,False,False,1790887507
Spin,d093d5e7-debf-40dd-8c62-b57d376fbc86,scooter,39.998183,-83.008095,59,16.1,True,False,False,1790887598
Spin,248bc511-881c-487b-b47e-02f74c901655,scooter,39.99704,-83.007595,81,21.95,True,False,False,1790887615
Spin,d9499907-f80a-49dd-ab43-73a77afa9805,e-bike,40.001573900000004,-83.01565989999999,26,7.02,True,False,False,1790887608
Spin,36caa4dc-fbe2-4d5b-bac2-d025136bc9b1,e-bike,40.000543099999994,-83.01017279999999,87,23.71,True,False,False,1790887539
Spin,1ae7e819-c9b8-4dc3-a7cc-e481ade19b2c,e-bike,39.99948593333333,-83.01016999999999,60,16.39,True,False,False,1790887519
Spin,1b11aa4a-d1e6-494c-a61b-2f2a44366aa7,scooter,40.0033939,-83.0110379,84,22.83,True,False,False,1790887426
Spin,03e6d005-fcf4-447f-931a-e5337cb4f9d6,scooter,40.001069799999996,-83.0140154,55,14.93,True,False,False,1790887567
Spin,f4f1c7b7-4b6d-4cd2-bbe2-feba07c3b0b3,e-bike,40.001934,-83.0164056,48,13.17,True,False,False,1790887612
Spin,854dac62-cee7-4d39-802e-edaa6ae7704d,e-bike,40.0008978,-83.0180985,72,19.61,True,False,False,1790887532
Spin,bb950a67-c795-4da3-8a61-246ba319a5b2,e-bike,40.0006353,-83.0145803,27,7.32,True,False,False,1790887570
Spin,46ee52ad-b4d0-4683-9b4e-e8697396d839,scooter,40.000667,-83.016373,58,15.8,True,False,False,1790887547
Spin,075de725-3295-4be0-b5de-61ed60564bab,scooter,40.005236,-83.016684,49,13.46,True,False,False,1790887601
Spin,8e291986-1ebf-428e-9b29-1c041944ba85,e-bike,40.000111100000005,-83.0097599,65,17.56,True,False,False,1790887580
Spin,9d04d9a3-5d6b-4578-9dc2-175ba09abe8c,scooter,40.003777,-83.012764,78,21.36,True,False,False,1790887618
Spin,189171a2-0801-4f82-9d7c-3107fe11d369,scooter,40.0020551,-83.0115084,78,21.36,True,False,False,1790887348
Spin,aafa02be-f077-4846-8f09-e606588638f1,scooter,40.004081,-83.014748,35,9.66,True,False,False,1790887579
Spin,5838802c-92e0-4ca3-b832-843aeb452734,e-bike,40.0022582,-83.0135174,74,20.19,True,False,False,1790887617
Spin,8f26ed5a-fb88-460d-86a6-0e79efea121e,e-bike,39.995010533333335,-83.0167581,28,7.61,True,False,False,1790887499
Spin,21308e31-498d-42f6-9b23-a6f8c64cf9b7,e-bike,40.0007327,-83.0142529,27,7.32,True,False,False,1790887606
Spin,2da75b4c-e100-4ef1-be08-080e3bd538e9,scooter,40.0082467,-83.03352860000001,65,17.56,True,False,False,1790887597
Spin,21c55bc2-b4a7-4a90-8443-bdd77e67332e,scooter,40.0021267,-83.01287079999999,94,25.46,True,False,False,1790887513
Spin,107c62e4-4ba2-4f5c-bab8-9ce8baa10d01,scooter,39.99657453333334,-83.02030889999999,57,15.51,True,False,False,1790887563
Spin,98e29ace-2397-402e-8939-74fc8df37df2,e-bike,40.0021535,-83.0158436,90,24.58,True,False,False,1790887521
Spin,e4045f84-2e2f-4091-97c1-dc3e03250360,scooter,40.0021159,-83.01620120000001,59,16.1,True,False,False,1790887419
Spin,39c82bc6-5572-4f77-8b3b-e6e1547f26e6,scooter,39.997846833333334,-83.0077569,91,24.88,True,False,False,1790887413
Spin,e4509100-404c-4f38-84b6-429d5eff2fee,scooter,40.0047848,-83.01524149999999,65,17.56,True,False,False,1790887558
Spin,f1619947-5d86-4972-babc-dc155c9817f8,scooter,39.998191,-83.015847,73,19.9,True,False,False,1790887570
Spin,4a7d86c9-b90c-4e5d-8680-4e6da8eb8660,e-bike,40.0005018,-83.01242470000001,70,19.02,True,False,False,1790887539
Spin,ac1d81a2-a79d-43c3-a674-0f03764e96f9,e-bike,39.99514673333333,-83.0170838,76,20.78,True,False,False,1790887425
Spin,842ca1c7-6f43-44f2-a965-57086e4c1d04,e-bike,40.0041236,-83.0148186,71,19.32,True,False,False,1790887490
Spin,04b875db-bd73-4fc3-99a5-016765c005cf,e-bike,40.00089333333334,-83.01417833333335,24,6.44,True,False,False,1790887482
Spin,0f381414-532a-43c6-93e5-fe7471d3446c,scooter,39.99722603333333,-83.0091969,58,15.8,True,False,False,1790887386
Spin,0aa8156e-d36f-44a6-b516-06dc0a298dec,e-bike,39.99240533333333,-83.0185829,42,11.41,True,False,False,1790887524
Spin,f8a3b5fa-37de-4a88-a91d-17d8aa4791ad,e-bike,40.0035959,-83.00950370000001,51,13.76,True,False,False,1790887483
Spin,72c1194c-122a-401b-9c78-60ffe05d7bb2,scooter,39.99704963333333,-83.0075655,95,25.75,True,False,False,1790887501
Spin,d2099dad-ce4d-4389-9e56-676fe1470924,scooter,40.00415,-83.014988,25,6.73,True,False,False,1790887614
Spin,997b310c-d6cb-4f5e-9469-a34293e8fbdd,scooter,40.003249,-83.008552,99,26.93,True,False,False,1790887586
Spin,15de68c5-7b81-4594-a5fe-e29405b4bb37,scooter,40.016044,-83.030687,75,20.49,True,False,False,1790887574
Spin,eba21a20-1ec6-47fe-94cc-6ad1296119a3,e-bike,39.99907673333333,-83.00915099999999,41,11.12,True,False,False,1790887613
Spin,02e48b5d-585f-40b8-ba56-7d58a1cb1da1,scooter,40.005852499999996,-83.01653759999999,73,19.9,True,False,False,1790887609
Spin,b56c7114-e311-49e7-875e-5e01a9b09b91,e-bike,40.0070379,-83.0478001,38,10.24,True,False,False,1790887488
Spin,304012ed-34d5-459e-b959-16fda3a04578,e-bike,40.0003753,-83.01108719999999,91,24.88,True,False,False,1790887521
Spin,4757072b-e04f-486b-8718-55182641c3c2,scooter,40.0024924,-83.00884560000001,23,6.15,True,False,False,1790887388
Spin,20738354-9eb9-459c-a0ce-0bf61eabae81,scooter,40.005956,-83.009566,75,21.44,True,False,False,1790887435
Spin,97482ef1-d494-4593-896e-7cdcb169db62,scooter,40.0042336,-83.01160210000002,75,20.49,True,False,False,1790887484
Spin,d1b734f5-bc45-4632-90a9-ab3067d0f279,scooter,40.004173599999994,-83.01158699999999,60,16.39,True,False,False,1790887510
Spin,d97db7c4-ee7c-4bc5-94e3-28261bbba526,e-bike,40.0005667,-83.0100083,87,23.71,True,False,False,1790887582
Spin,9e77de09-1f93-4629-9699-8b6b2f6405a9,e-bike,40.001611499999996,-83.0156806,88,24.0,True,False,False,1790887518
Spin,247d5e42-3e8e-4d8e-9259-746d50f8182a,scooter,39.997693,-83.015006,95,26.96,True,False,False,1790887617
Spin,14e55041-150e-4ba8-ab3a-bacbcf8beb20,scooter,39.996738,-83.010861,87,24.81,True,False,False,1790887482
Spin,603f0d88-8a83-455c-98e8-a313e8914618,scooter,39.994502,-83.008949,85,24.2,True,False,False,1790887619
Spin,303a4123-38aa-49ba-a317-063a0b85f684,scooter,40.0004311,-83.01330709999999,88,24.0,True,False,False,1790887533
Spin,0a653b13-560e-45d3-a226-f374c93269f8,scooter,39.997052,-83.007598,60,16.39,True,False,False,1790887581
Spin,944bf188-5d28-45d7-9bff-55b095a60770,e-bike,40.00468333333333,-83.02122833333333,92,25.17,True,False,False,1790887402
Spin,9a42d442-f7a6-4f31-b571-a10f157ed72a,e-bike,40.004665599999996,-83.021282,87,23.71,True,False,False,1790887450
Spin,caec8e35-b167-490d-a0f7-9e5a054ac619,e-bike,39.99503683333333,-83.0167949,52,14.05,True,False,False,1790887589
Spin,a9f34590-cf89-4e57-99b1-a2a0fbf57e6c,e-bike,40.001864,-83.0130331,20,5.56,True,False,False,1790887574
Spin,95705fa8-d42b-40fb-94f4-4869b6910385,e-bike,40.0020246,-83.0129171,49,13.46,True,False,False,1790887460
Spin,86bee2e5-2e95-4752-9dfc-119ab427f1d2,e-bike,40.0019098,-83.0130466,58,15.8,True,False,False,1790887612
Spin,7113c888-6881-42cb-8dbb-286f81f5cbe3,e-bike,39.99634593333334,-83.01551300000001,29,7.9,True,False,False,1790887543
Spin,1e3ad07e-8450-4b31-9c38-53535cb6967b,e-bike,40.0026725,-83.01373,52,14.05,True,False,False,1790887589
Spin,ff626549-42b4-4313-902c-f97dcc8031d2,e-bike,40.0019889,-83.01327950000001,39,10.54,True,False,False,1790887444
Spin,75e0eef6-469c-4f2a-aa46-000723373624,e-bike,40.0025709,-83.0158836,75,20.49,True,False,False,1790887522
Spin,fab82527-009c-40ff-820c-5fc439ad7170,e-bike,40.002112600000004,-83.0124385,76,20.78,True,False,False,1790887585
Spin,cb9c85cc-a251-4f82-ad9c-5e326a0fc841,e-bike,40.0033635,-83.01590489999998,68,18.44,True,False,False,1790887553
Spin,714acadf-df1c-4724-aee8-bcf30a1e55dc,e-bike,40.001978300000005,-83.01651670000001,65,17.56,True,False,False,1790887612
Spin,167e4614-e913-438b-bdae-70105ff1a3f7,e-bike,40.0020303,-83.01653519999999,78,21.36,True,False,False,1790887545
Spin,6b70148b-98d1-460b-9001-9e05b26e1453,scooter,40.002509,-83.017831,95,25.75,True,False,False,1790887613
Spin,0dee60a5-133e-4696-8a96-3abff5223918,e-bike,40.002519799999995,-83.0137873,40,10.83,True,False,False,1790887480
Spin,ea77b7ea-504e-4a48-be33-2c94980d25d9,e-bike,40.00181666666666,-83.01635833333333,96,26.05,True,False,False,1790887467
Spin,8d5473c0-bccb-499a-84e5-882470567260,e-bike,40.001839499999996,-83.0130382,29,7.9,True,False,False,1790887511
Spin,adab4091-b092-424a-ac44-dd79d7dd47ce,scooter,39.998864,-83.011026,52,14.05,True,False,False,1790887590
Spin,18e46914-18ba-4c3d-9a88-dabfa9343ba8,e-bike,40.0033909,-83.01589110000002,42,11.41,True,False,False,1790887531
Spin,6b57f9bd-44c1-4206-8fc9-e236233b7261,e-bike,40.001920899999995,-83.01643250000001,67,18.15,True,False,False,1790887464
Spin,a123d58e-2591-455c-b20e-c0166b7cbb21,scooter,40.004227,-83.012293,95,25.75,True,False,False,1790887604
Spin,f534f400-7b06-4698-b552-5603435d2f48,e-bike,40.002109600000004,-83.0129861,37,9.95,True,False,False,1790887608
Spin,29eec6eb-6a20-4e0a-b68a-e69c3041d696,scooter,40.002216,-83.010811,24,6.44,True,False,False,1790887468
Spin,5650bb26-7d6b-41bb-89a2-288d77c2140d,e-bike,40.00343833333333,-83.01560166666668,53,14.34,True,False,False,1790887587
Spin,966e1f27-26a5-4c9e-b558-76bba81ce6de,e-bike,39.99971863333334,-83.00908759999999,22,5.85,True,False,False,1790887437
Spin,8261abe8-5a31-456f-a2ec-54ebe4b6d255,e-bike,40.0021209,-83.0124407,25,6.73,True,False,False,1790887567
Spin,611c178d-ea5c-4a4f-93e6-fd69f9bac40d,e-bike,40.0025245,-83.01381549999999,22,5.85,True,False,False,1790887585
Spin,c3959eec-d780-49a2-816a-3ecb059fc053,e-bike,40.0022268,-83.0115213,37,9.95,True,False,False,1790887512
Spin,814caa3f-fde5-4747-8f6f-85014d3b0b8e,e-bike,40.0021672,-83.01149670000001,76,20.78,True,False,False,1790887534
Spin,d021446a-6310-4778-a6f5-468930c1b196,e-bike,40.0024138,-83.01172890000001,87,23.71,True,False,False,1790887617
Spin,20d6040b-3b4f-4555-baa2-2b464e88b7ac,e-bike,40.0008957,-83.01809669999999,88,24.0,True,False,False,1790887614
Spin,76f85015-42e7-40c6-a075-19c3eddaa594,e-bike,40.00275,-83.01561166666667,31,8.49,True,False,False,1790887539
Spin,820f6570-d49b-4bd2-a05f-52bab264953d,e-bike,39.99749833333333,-83.01493333333335,45,12.29,True,False,False,1790887549
Spin,91cd1cb4-de8c-45c4-9f2e-412bc17402ae,e-bike,40.004096,-83.0150343,59,16.1,True,False,False,1790887550
Spin,548a423d-52a8-41e4-914d-694242cd2fcb,e-bike,40.0012673,-83.01521329999998,70,19.02,True,False,False,1790887606
Spin,9714fa89-66fb-47d3-bf3e-6071997cd20f,scooter,39.997382,-83.008005,45,12.87,True,False,False,1790887413
Spin,d27848cf-82d3-4706-b871-abeda1158d46,e-bike,40.004658899999995,-83.0212793,85,23.12,True,False,False,1790887478
Spin,59eeffce-940b-468b-8add-cd9762cdae32,scooter,39.99784123333333,-83.0080174,26,7.02,True,False,False,1790887606
Spin,ea08dd26-e578-443b-9747-b7b7f930396e,e-bike,40.0014658,-83.0132064,31,8.49,True,False,False,1790887478
Spin,976573dd-19e1-48b6-af69-357f729e970f,e-bike,39.997636533333335,-83.03791780000002,37,9.95,True,False,False,1790887473
Spin,6b2af640-7246-4e35-9633-f2a21e974dde,e-bike,40.0034013,-83.01590749999998,42,11.41,True,False,False,1790887606
Spin,2171ea12-67a9-4d6a-a3e7-3ae53d3d2d05,e-bike,40.001369700000005,-83.0140721,91,24.88,True,False,False,1790887580
Spin,84556bad-15f3-4915-8eb3-94a732851932,e-bike,40.0042051,-83.0168298,66,17.85,True,False,False,1790887558
Spin,51fb6a97-9b60-4e79-9d9d-16f689bf8c7a,e-bike,40.0018276,-83.0130153,22,5.85,True,False,False,1790887595
Spin,04e92003-87a7-410b-9381-84d79efadb50,scooter,40.002042,-83.012804,38,10.24,True,False,False,1790887519
Spin,247db158-ba5d-40d6-af9f-5d8b9476b072,e-bike,40.0011363,-83.01294940000001,74,20.19,True,False,False,1790887542
Spin,dbf1fe22-e07a-48d0-ae88-be82c5d1a371,e-bike,40.003639,-83.0160724,24,6.44,True,False,False,1790887381
Spin,abce8288-c43c-40ce-abd5-abfdc584bed8,e-bike,40.0008246,-83.013839,46,12.58,True,False,False,1790887591
Spin,a53c73e8-d3f0-495b-86fe-9ad11a47014c,scooter,40.0024001,-83.01545560000001,59,16.1,True,False,False,1790887493
Spin,1c64ac88-e76e-45a2-8f93-b024139ccd42,e-bike,40.00269,-83.01552166666667,100,27.22,True,False,False,1790887607
Spin,57c55a7b-b414-470e-8cb3-6c86f7ad574b,e-bike,40.0030748,-83.0135423,58,15.8,True,False,False,1790887536
Spin,e54b4077-7030-46f5-8610-4d11eb831262,e-bike,39.99972813333333,-83.0091258,51,13.76,True,False,False,1790887557
Spin,5f528898-a211-4744-aa98-ae43157621ba,e-bike,40.0020972,-83.0124537,52,14.05,True,False,False,1790887492
Spin,03dbec97-89c6-4ff5-8a18-1c1a268a2736,e-bike,40.016199799999995,-83.0309549,31,8.49,True,False,False,1790887567
Spin,b3f83671-c01e-4275-8586-980136180f9f,e-bike,40.0011816,-83.01278339999999,49,13.46,True,False,False,1790887584
Spin,171873aa-8110-448c-a690-3247b13e8f78,e-bike,39.99640743333334,-83.0205088,89,24.29,True,False,False,1790887572
Spin,33a1d623-281e-4dea-9f9f-2454e98f2efe,e-bike,40.0017,-83.01377,89,24.29,True,False,False,1790887579
Spin,0721c409-cfc7-4f4e-8a28-9484d0ef0b7e,scooter,40.0028017,-83.0154504,100,27.22,True,False,False,1790887599
Spin,1b047d50-24d9-49b1-a183-5cec037307de,e-bike,40.0033469,-83.01012,38,10.24,True,False,False,1790887607
Spin,40a787e6-4f2b-4569-8ed8-18945d60290f,e-bike,39.99745673333334,-83.0263039,87,23.71,True,False,False,1790887594
Spin,c368c377-2d16-455c-9d96-8385e31e7b75,e-bike,40.00339833333333,-83.013015,73,19.9,True,False,False,1790887579
Spin,614b5d16-f3a2-4205-bca1-12bf38022db6,e-bike,40.0010624,-83.01404380000001,53,14.34,True,False,False,1790887584
Spin,c5b6a0f7-09bf-4466-b671-e38b6a23c7f2,scooter,40.0020886,-83.01588259999998,65,17.56,True,False,False,1790887590
Spin,b04700f1-34de-43a2-881a-3192831d5d6d,e-bike,40.002152,-83.0153969,27,7.32,True,False,False,1790887433
Spin,790170cd-e1b2-470f-a98c-72f32e30f58c,e-bike,40.0162411,-83.0298323,32,8.78,True,False,False,1790887506
Spin,7d99865d-cc46-4f41-9733-ee3bd1a4c0b6,e-bike,40.0041545,-83.01495260000002,55,14.93,True,False,False,1790887596
Spin,51767fa7-8d93-4140-bfe4-a8644bfd1f39,e-bike,39.99977963333333,-83.02596299999999,33,9.07,True,False,False,1790887569
Spin,81b87be1-2f5e-4bac-87db-50f70952a7ea,scooter,39.998209233333334,-83.00811960000001,32,8.78,True,False,False,1790887535
Spin,0a6b0498-e139-4651-ae48-554d6bf47476,scooter,39.998181,-83.007826,31,8.49,True,False,False,1790887591
Spin,8c4f941b-b3df-4535-afdd-40f9f64a6729,e-bike,39.99807293333333,-83.03839260000001,28,7.61,True,False,False,1790887461
Spin,49f21a0c-2a23-4389-afe8-7d05446e7e81,e-bike,40.0041103,-83.0150137,57,15.51,True,False,False,1790887580
Spin,5638e66f-a6b9-4054-a052-1c9a7bfd9d35,e-bike,40.0034058,-83.0159053,23,6.15,True,False,False,1790887577
Spin,a78d2869-da9e-4298-99fa-74e3b01c2505,e-bike,40.0021983,-83.01201999999999,31,8.49,True,False,False,1790887576
Spin,7284a8c1-8d1c-40d9-bff8-604351151b79,e-bike,40.001628399999994,-83.01540080000001,51,13.76,True,False,False,1790887550
Spin,48307c19-245b-4804-ad94-1c91cdb01eb1,e-bike,40.00263666666667,-83.01545499999999,98,26.63,True,False,False,1790887458
Spin,6b96c94c-ff13-4186-90f9-e291455e0f0d,scooter,39.995754,-83.008913,66,17.85,True,False,False,1790887485
Spin,bafce260-b0ee-4c43-81ef-0b8d967f4500,e-bike,40.0026191,-83.015498,24,6.44,True,False,False,1790887513
Spin,920c4d70-a8ed-407c-92f1-4428ef1c358a,e-bike,40.0024224,-83.01194699999999,34,9.37,True,False,False,1790887561
Spin,0e04d29f-dc6a-4aa6-9f21-7c4f4bde0172,e-bike,40.0023212,-83.01564340000002,54,14.63,True,False,False,1790887574
Spin,d1ae3286-7408-4ba5-81cc-aebb904c35ab,e-bike,40.0025087,-83.013752,29,7.9,True,False,False,1790887542
Spin,5f503f04-ab2f-4316-9a90-7acf4eca8782,e-bike,39.99796413333333,-83.03269989999998,63,17.27,True,False,False,1790887407
Spin,f1eabfac-a777-4ec5-80bb-de18d82f97b2,e-bike,40.0015507,-83.01563910000002,56,15.22,True,False,False,1790887618
Spin,a5a35473-4c0f-4013-baa0-512d6cff74e8,scooter,40.0025056,-83.0122224,49,13.46,True,False,False,1790887594
Spin,d8422152-e210-4967-bb8d-80c763d3faff,e-bike,40.0018885,-83.0420237,78,21.36,True,False,False,1790887502
Spin,2fdeb29c-1516-4d31-be4b-d3ebae4bbb3d,e-bike,40.0041075,-83.0150545,61,16.68,True,False,False,1790887585
Spin,39591247-1714-41de-92e0-795a4bdbbf2a,e-bike,40.0045564,-83.01575810000001,45,12.29,True,False,False,1790887560
Spin,8adf294f-01e9-44b0-93b8-901b4c20b118,e-bike,40.003385200000004,-83.0157109,89,24.29,True,False,False,1790887463
Spin,3b687402-a2f9-4127-8249-3809c4f1496c,e-bike,40.014493099999996,-83.0285285,56,15.22,True,False,False,1790887618
Spin,10020134-7851-49dc-afa4-0e034f9624e1,scooter,40.0033566,-83.01653300000001,40,10.83,True,False,False,1790887423
Spin,d80c67a3-851a-4407-87fc-7501d12a422a,e-bike,40.003382200000004,-83.01662280000001,91,24.88,True,False,False,1790887355
Spin,827bb7e5-867e-4957-ab1f-2f184f534d83,e-bike,39.99623483333333,-83.01715549999999,62,16.97,True,False,False,1790887584
Spin,3afbee1a-beb1-40fd-a144-e879d2a76087,scooter,40.0011114,-83.0117551,100,27.22,True,False,False,1790887483
Spin,f8945faa-26de-4616-8aeb-68e33eec5522,e-bike,40.0030065,-83.0088454,37,9.95,True,False,False,1790887588
Spin,7dd2ceda-ee4a-44f5-b536-2a2a42bd0d1c,e-bike,40.0042302,-83.0240178,34,9.37,True,False,False,1790887559
Spin,dbe1d8be-5349-44c6-bd61-6dd48dd57607,e-bike,40.0053772,-83.00986669999999,67,18.15,True,False,False,1790887506
Spin,4cf07129-7b25-4c76-8d4f-319114663249,e-bike,40.0058633,-83.0138354,25,6.73,True,False,False,1790887541
Spin,afe3fdaf-b705-403c-9c6a-ac271ed9aafc,e-bike,40.0026983,-83.00876480000001,39,10.54,True,False,False,1790887573
Spin,b2ba0634-7d29-46cf-abff-0b716a22bfe6,e-bike,40.0153838,-83.02928349999999,66,17.85,True,False,False,1790887530
Spin,4801bef8-3ec1-45e9-b72a-a8ad7b9f7e3e,e-bike,40.0153764,-83.0293036,39,10.54,True,False,False,1790887556
Spin,efccdf6c-f11a-4833-9cd3-3f4cca0c9b44,e-bike,40.00428333333333,-83.01158333333333,62,16.97,True,False,False,1790887595
Spin,4a48e3d0-46cc-4cac-969f-61297d840e99,e-bike,40.0029781,-83.00876930000001,55,14.93,True,False,False,1790887448
Spin,f30d08bc-3220-4a90-8a4d-b19557923093,e-bike,40.0029622,-83.0087748,78,21.36,True,False,False,1790887523
Spin,d9d0cb79-1633-40ec-9016-889841ac115e,e-bike,39.99545833333333,-83.01338666666668,25,6.73,True,False,False,1790887476
Spin,18f651c3-52da-4a39-8cdb-cb9efde3f750,e-bike,40.0045042,-83.02128900000001,70,19.02,True,False,False,1790887556
Spin,22004953-f75f-4ca1-9791-29ae109e861b,e-bike,39.994005,-83.00675333333332,26,7.02,True,False,False,1790887445
Spin,9cb5687f-3843-4921-9e66-4620a2a66a41,scooter,39.997772,-83.007665,45,12.29,True,False,False,1790887488
Spin,e6d0a16d-ea7e-449e-84f2-4ea11b88361b,e-bike,40.0025749,-83.0087011,51,13.76,True,False,False,1790887501
Spin,b133ebaa-78a4-40f9-8b17-ddba6f20a3d6,e-bike,40.0025793,-83.00872140000001,77,21.07,True,False,False,1790887587
Spin,b7e55d57-2381-4420-8466-dbc30b61a5bd,e-bike,40.008205100000005,-83.02634860000002,91,24.88,True,False,False,1790887599
Spin,97a9d2fb-0da5-4c3c-a435-9fee94ceca92,scooter,39.998265133333334,-83.01876779999999,82,22.24,True,False,False,1790887478
Spin,86d71b31-17b4-4ac3-a278-5dc241efbbdd,e-bike,39.99709666666667,-83.01740833333334,67,18.15,True,False,False,1790887490
Spin,00246430-22a2-4c0f-900d-cd5d64c5087c,e-bike,39.99721833333333,-83.01729833333333,77,21.07,True,False,False,1790887480
Spin,4e1c357f-164f-4c41-84ca-2028525798d3,e-bike,40.0046565,-83.02128509999999,63,17.27,True,False,False,1790887512
Spin,c09aad9e-21c4-4917-86a6-986b5130138a,e-bike,39.99853613333333,-83.02165959999999,66,17.85,True,False,False,1790887565
Spin,5437d0ac-3c12-493c-b6b1-6b62bee9acfe,scooter,40.0034882,-83.0110422,100,27.22,True,False,False,1790887461
Spin,9e82d71b-cfe3-4679-9c2e-486a2fb60acc,e-bike,40.0158168,-83.0305513,97,26.34,True,False,False,1790887558
Spin,e8746335-31c6-4055-b9ec-d61e2239dc9f,e-bike,39.99755963333334,-83.03837649999998,97,26.34,True,False,False,1790887501
Spin,411696d5-6201-46ab-a461-19b8316e05a7,scooter,40.0081906,-83.02633239999999,98,26.63,True,False,False,1790887434
Spin,a248c161-d5fb-4981-b935-d310d9ffe6c1,scooter,40.0036745,-83.01601260000001,89,24.29,True,False,False,1790887470
Spin,544a83a9-9dcf-4538-94d5-9098cceee38c,e-bike,40.0039157,-83.01458919999999,90,24.58,True,False,False,1790887593
Spin,d323630c-b943-4cf3-bfb1-570b66e6e55e,e-bike,40.0021303,-83.0104895,90,24.58,True,False,False,1790887590
Spin,abc53d35-a667-4c44-8cc2-fb302deef67c,e-bike,40.000095699999996,-83.00971310000001,91,24.88,True,False,False,1790887609
Spin,5a805892-aa50-4912-857d-f59e3fd807ef,scooter,40.0040822,-83.02017550000001,100,27.22,True,False,False,1790887397
Spin,24f4501c-608f-45cb-9190-67f472f8e205,scooter,39.997692,-83.007528,44,12.0,True,False,False,1790887559
Spin,834c590c-09ab-40d4-afb3-a38e1ad723f4,e-bike,40.00031666666666,-83.01813333333332,75,20.49,True,False,False,1790887542
Spin,6c909efa-f752-46d3-a05a-b1e45ef0dc64,scooter,40.006369,-83.016572,39,10.54,True,False,False,1790887532
Spin,d67cae05-6238-48b9-942e-3492ebe26567,e-bike,40.0027289,-83.01649969999998,27,7.32,True,False,False,1790887465
Spin,db5be627-a006-467c-a705-1bc6417b6d3a,e-bike,39.992352933333336,-83.01725130000001,57,15.51,True,False,False,1790887555
Spin,7cab5c4d-4806-473a-bc4c-18e3b7d22b63,e-bike,39.99482703333333,-83.01807070000001,96,26.05,True,False,False,1790887615
Spin,f01897f4-bdbd-4616-aa94-d66f45d911c8,scooter,39.994145,-83.019222,82,22.24,True,False,False,1790887486
Spin,b09348e9-ff1d-4afa-8ef2-5fd729a7f5b2,e-bike,40.002143000000004,-83.0124145,29,7.9,True,False,False,1790887480
Spin,e515da2e-fde6-431f-8545-e7951222b336,e-bike,39.99834443333334,-83.00969269999999,66,17.85,True,False,False,1790887521
Spin,d16be49a-4ab6-4c20-811e-25d186350d01,e-bike,40.0022602,-83.0157558,47,12.88,True,False,False,1790887414
Spin,283657ea-83ff-4bbf-ab2f-1fa8ab3149af,e-bike,40.0019053,-83.0112906,68,18.44,True,False,False,1790887481
Spin,3b54f47f-519d-4c5b-8948-adc704067716,e-bike,40.002124699999996,-83.01050060000001,29,7.9,True,False,False,1790887523
Spin,ab1520e8-e8d4-4b58-a520-cce8e042ebbf,e-bike,40.002353299999996,-83.0134829,53,14.34,True,False,False,1790887616
Spin,1573af04-9e93-4867-b2f6-99f11cb45f93,e-bike,40.0022362,-83.0108379,71,19.32,True,False,False,1790887588
Spin,6aeac237-5830-43b4-9084-3ed71b5caa13,e-bike,40.0019554,-83.0132808,46,12.58,True,False,False,1790887523
Spin,0c8b8a01-3df2-4ce0-83e2-e046935f106d,e-bike,40.002635000000005,-83.01274166666666,31,8.49,True,False,False,1790887402
Spin,4277bce7-f944-4e3e-8ea9-fce2b676672d,e-bike,40.0026983,-83.01363719999999,83,22.54,True,False,False,1790887465
Spin,889ae4e6-9ae6-4e78-ae95-ec6a8845108b,scooter,40.0040853,-83.01500519999999,33,9.07,True,False,False,1790887594
Spin,e3cea145-2939-493e-a9af-1bb2d3f73b23,e-bike,40.0021608,-83.01202489999999,70,19.02,True,False,False,1790887612
Spin,8acebab8-9f71-4378-b936-e8e3b608cbeb,e-bike,40.003902599999996,-83.01457809999998,87,23.71,True,False,False,1790887548
Spin,98732b16-f2b8-4a44-b4ff-102a219c667d,e-bike,40.0021406,-83.01583819999999,51,13.76,True,False,False,1790887603
Spin,18783dbc-03ad-4f9f-9f44-2f8cf62ed774,e-bike,40.0030814,-83.0085669,42,11.41,True,False,False,1790887612
Spin,e94428d3-4521-4d61-ae84-55d23461ce4a,e-bike,40.0019424,-83.01641790000001,56,15.22,True,False,False,1790887444
Spin,2eeaa6cf-c9df-4d37-80f3-6b1721bf1cb8,e-bike,40.00192666666667,-83.01566166666667,88,24.0,True,False,False,1790887606
Spin,7d24b274-25a8-4e87-a584-3fcb3944835e,scooter,40.001402,-83.008355,71,19.32,True,False,False,1790887507
Spin,7cef9d6b-e788-415f-9078-0e8c8d8d43e4,e-bike,40.004686500000005,-83.01563929999999,24,6.44,True,False,False,1790887536
Spin,12230949-1307-41a5-9177-52a9ed3032dd,e-bike,40.0037844,-83.0362871,30,8.19,True,False,False,1790887591
Spin,e81fc23e-7fde-4d88-935f-7aea21883d27,e-bike,40.0017444,-83.01399439999999,65,17.56,True,False,False,1790887348
Spin,83666dff-5d8b-45c8-bc18-e305054899b1,e-bike,40.0040794,-83.01472360000001,53,14.34,True,False,False,1790887539
Spin,0eefec4c-76e3-4cc6-ac6f-66b72599cc65,scooter,39.99712533333333,-83.00842429999999,25,6.73,True,False,False,1790887583
Spin,951c2cad-fd12-499d-8b8b-8dc8de181e55,e-bike,39.99642763333333,-83.02065310000002,47,12.88,True,False,False,1790887575
Spin,ea6cd70b-d412-403c-92dc-047c464be947,e-bike,40.0055886,-83.01012899999999,92,25.17,True,False,False,1790887547
Spin,a792d765-a85f-4a0d-9103-894ac126f4c5,e-bike,40.003895400000005,-83.01514889999999,55,14.93,True,False,False,1790887476
Spin,0c5932c4-3082-485b-862a-36bd2134d3d5,scooter,40.003611,-83.016212,81,21.95,True,False,False,1790887608
Spin,274e3ebe-74a6-457f-b5ad-9ddef3e961c1,e-bike,40.0026328,-83.01546859999999,75,20.49,True,False,False,1790887536
Spin,619f3643-3cd4-4102-9274-4a194f03d5f3,e-bike,40.0009324,-83.01340210000002,89,24.29,True,False,False,1790887355
Spin,6a2ec5c8-eb12-412f-b8c8-d5886f603c5a,e-bike,40.0026056,-83.0154998,87,23.71,True,False,False,1790887491
Spin,68c5becf-4195-483b-96c4-30e8b415411f,e-bike,40.002765100000005,-83.0154382,39,10.54,True,False,False,1790887536
Spin,1e040a56-1363-4729-aa60-dee20f22fd42,e-bike,40.0027215,-83.0164771,60,16.39,True,False,False,1790887498
Spin,fbc05b5e-e273-481c-b97e-c165409fdca3,e-bike,40.0025602,-83.01574819999999,86,23.41,True,False,False,1790887596
Spin,857fdf12-7511-43fb-bce2-7a268f9e0e05,e-bike,40.00133760000001,-83.01409989999999,88,24.0,True,False,False,1790887616
Spin,041baf7c-2cb7-4f1f-9e33-1e825c404962,e-bike,40.0017317,-83.0139425,60,16.39,True,False,False,1790887531
Spin,43bd994f-4b1b-4880-a2fd-132bf3325d13,e-bike,40.001736599999994,-83.0137918,28,7.61,True,False,False,1790887595
Spin,6cc7c0cf-2a45-4402-8fd3-3c5a942aeb99,e-bike,40.00102166666667,-83.01304666666668,38,10.24,True,False,False,1790887534
Spin,d17b0070-e9c0-4d6f-8826-8cc86feb4630,e-bike,40.0034719,-83.01577970000001,41,11.12,True,False,False,1790887555
Spin,df4d2498-e32e-4aed-afbe-80713b52482a,scooter,40.004715,-83.010213,99,26.93,True,False,False,1790887507
Spin,73fd59bb-f89a-48d0-be8b-8547c29ccd69,e-bike,39.998113333333336,-83.01599666666668,57,15.51,True,False,False,1790887514
Spin,8b05af46-f7aa-4ae9-a090-c45271069137,e-bike,40.003479999999996,-83.01580666666665,34,9.37,True,False,False,1790887465
Spin,9b02fa0a-4497-4339-90dc-c12016fb4b76,e-bike,40.002576999999995,-83.01357039999999,40,10.83,True,False,False,1790887474
Spin,8cd4bc74-caae-42ef-93ff-7e6c12a392b5,e-bike,40.00483,-83.01065833333332,88,24.0,True,False,False,1790887492
Spin,0bb498c9-e713-4347-82eb-f127cfae7827,e-bike,40.001571,-83.01571829999999,46,12.58,True,False,False,1790887484
Spin,c6844f88-7d1e-4139-966f-e94ced8f5b86,e-bike,40.0005757,-83.0145846,23,6.15,True,False,False,1790887423
Spin,b4f12277-44a8-41a5-b1c1-190845e306b5,e-bike,40.004118999999996,-83.01479339999999,32,8.78,True,False,False,1790887504
Spin,d33c2e16-671e-4317-9c1f-af1f4f16850d,e-bike,39.997151833333334,-83.01662560000001,66,17.85,True,False,False,1790887557
Spin,39776cf5-a97d-443c-84ad-809140de0e64,scooter,40.0049602,-83.01954750000002,43,11.71,True,False,False,1790887426
Spin,9bcff992-8f7c-4200-9d07-0b536d51f7b6,scooter,40.006332,-83.016629,100,27.22,True,False,False,1790887578
Spin,c715bb4a-78f4-4691-9138-68c8af067805,scooter,40.00612,-83.017049,100,27.22,True,False,False,1790887606
Spin,1d5331a6-219e-480b-ba05-e343535ba24b,e-bike,39.99973953333333,-83.00874100000001,88,24.0,True,False,False,1790887508
Spin,b4aeb6f3-e48f-4e6a-b367-3981a3fbc31d,e-bike,40.0004909,-83.01008709999999,55,14.93,True,False,False,1790887362
Spin,edf83450-b930-4fd4-9482-2230fa05b60c,e-bike,39.99542113333334,-83.01640219999999,88,24.0,True,False,False,1790887596
Spin,aa0b89fa-2031-42b0-91c8-6841fe84bca9,e-bike,40.0031703,-83.01183340000001,48,13.17,True,False,False,1790887506
Spin,7703a7db-5337-4de7-83d3-08ab7828f6d2,e-bike,40.0041384,-83.01088820000001,35,9.66,True,False,False,1790887514
Spin,37b9ec58-e81c-402d-a52a-b35aaf255e81,e-bike,40.00297,-83.03212860000001,29,7.9,True,False,False,1790887481
Spin,593a7674-1094-4c62-be99-ee443c523d0a,e-bike,40.0022958,-83.016555,47,12.88,True,False,False,1790887391
Spin,7f8bb6a4-812e-4f47-ac4a-1f2bb369ef3e,e-bike,40.0018698,-83.0129517,88,24.0,True,False,False,1790887408
Spin,72b702f2-3ccb-46c1-93de-83b5c078e864,scooter,40.000013800000005,-83.02162580000001,100,27.22,True,False,False,1790887383
Spin,860dd656-cd98-462d-9930-4859f5ff3041,e-bike,40.000216300000005,-83.01799189999998,88,24.0,True,False,False,1790887604
Spin,155de8e1-cdc1-4e7d-a7cf-04227938cb2c,e-bike,40.00022846666666,-83.01801196666665,42,11.41,True,False,False,1790887603
Spin,66582c60-7be9-4bf9-acb8-b5a848586fbd,e-bike,40.0002283,-83.0179794,45,12.29,True,False,False,1790887602
Spin,1c47b5fb-8b15-4d5f-b10a-b7a2aed04ae5,e-bike,40.000231666666664,-83.01798500000001,84,22.83,True,False,False,1790887607
Spin,cecb5c68-66a6-4c49-85f5-4557f220985f,e-bike,40.0002558,-83.01802199999999,38,10.24,True,False,False,1790887604
Spin,09eb91c3-3766-4d08-aaf9-3f053b16d0bb,e-bike,40.000210700000004,-83.0179989,52,14.05,True,False,False,1790887605
Spin,7407c0d1-3164-4990-8931-86308b46180e,e-bike,40.0002452,-83.01801189999999,96,26.05,True,False,False,1790887605
Spin,121aa6b4-f1c2-4b01-92dd-24e8bfb5f79d,e-bike,40.0002053,-83.0179905,87,23.71,True,False,False,1790887605
Spin,7d0d62d9-1162-4ce4-8485-e4aff8f14f22,e-bike,40.000244800000004,-83.0180113,38,10.24,True,False,False,1790887604
Spin,54e6ee0e-a3cf-4cff-819f-29ef08ec9fa1,e-bike,40.000574,-83.01019360000001,43,11.71,True,False,False,1790887557
Spin,d4488b13-f29d-424c-9bc6-cbab3596606f,scooter,40.003781,-83.009331,90,25.73,True,False,False,1790887377
Spin,0ce41652-dd63-4273-9bfa-74f7e318f899,e-bike,40.0002603,-83.0180034,70,19.02,True,False,False,1790887421
Spin,05fd9e5b-18d2-4a38-924b-9b21f6806f89,e-bike,40.0002591,-83.0180101,54,14.63,True,False,False,1790887422
Spin,6e3459e1-998e-41bd-9c80-971a178cd776,e-bike,40.0002717,-83.01801900000001,80,21.66,True,False,False,1790887459
Spin,3eb6bae7-e007-42ed-a24d-63f2239c25bf,e-bike,40.00028333333333,-83.01799333333332,98,26.63,True,False,False,1790887536
Spin,162d1b3c-96f4-435e-b83f-945e35837874,e-bike,39.99691666666667,-83.01509666666668,68,18.44,True,False,False,1790887466
Spin,6fae4dc1-e30e-43d7-a27c-c8c4a8e4d538,scooter,40.0010712,-83.0140865,100,27.22,True,False,False,1790887605
Spin,2ee78f12-c458-48c1-99c7-321a9b93e724,e-bike,40.003404599999996,-83.01099479999999,100,27.22,True,False,False,1790887510
Spin,bd53661f-edca-4b34-a9df-df18bbfeaa0d,e-bike,40.002794099999996,-83.01539239999998,87,23.71,True,False,False,1790887415
Spin,f40ad270-af3a-4c75-9262-0d553b02375a,e-bike,40.001133333333335,-83.01191333333333,72,19.61,True,False,False,1790887466
Spin,d92f30ef-c02a-4980-ad32-1d3e772931f6,e-bike,40.0008687,-83.012973,68,18.44,True,False,False,1790887553
Spin,a039e223-0a31-4e20-8dd7-09438b3d31dc,e-bike,40.00364750000001,-83.0161582,39,10.54,True,False,False,1790887597
Spin,247dc7a1-1705-4f23-9b75-e8910d1820db,e-bike,40.0021439,-83.01289620000001,100,27.22,True,False,False,1790887610
Spin,e276021c-e093-4789-bdf9-cf317f746135,e-bike,40.0026229,-83.01547880000001,92,25.17,True,False,False,1790887597
Spin,ecc1740d-3a8c-430e-802f-b3514ef47d68,scooter,39.99701103333334,-83.01980479999999,48,13.17,True,False,False,1790887619
Spin,384d0f6f-739b-4a0e-9ee0-d3e6b243f104,scooter,40.0040573,-83.01475690000001,69,18.73,True,False,False,1790887507
Spin,d0279f93-cb22-43ca-b33c-6dc4ad59f90f,e-bike,40.00316333333333,-83.01583333333335,95,25.75,True,False,False,1790887417
Spin,3d64b456-3d4d-4f9d-a1f3-289ca1d68423,e-bike,40.002029799999995,-83.0154219,34,9.37,True,False,False,1790887544
Spin,faf0d93f-3b8d-4e15-a8de-c5976be2b5e9,scooter,40.0024926,-83.01458589999999,74,20.19,True,False,False,1790887410
Spin,650d5e4f-7ddc-42e3-98bb-4b5a1f76385f,e-bike,40.002614,-83.01370620000002,22,5.85,True,False,False,1790887581
Spin,7843ca48-2596-49b8-9daa-9fe1c208c599,e-bike,40.0093447,-83.02688400000001,69,18.73,True,False,False,1790887582
Spin,71473a83-e7da-4701-afe0-e8aa850fc7f0,e-bike,40.0033041,-83.0165916,25,6.73,True,False,False,1790887447
Spin,1e073633-6f7c-40e3-b207-0f9869b88c2e,scooter,40.001689,-83.015737,30,8.58,True,False,False,1790887522
Spin,d3c5ab14-ce91-41dc-8bee-7ddd7e7d13a0,e-bike,40.0003645,-83.01428929999999,83,22.54,True,False,False,1790887516
Spin,ef1f8c85-e4ea-46cc-bfc6-ac2821309836,e-bike,40.003311000000004,-83.0101346,61,16.68,True,False,False,1790887527
Spin,aade46d8-36b2-480b-85db-bb11944c48df,scooter,40.0020412,-83.0164359,76,20.78,True,False,False,1790887537
Spin,8b03909c-05e9-4f2b-bb8a-702548856e91,e-bike,40.0012842,-83.01517540000002,33,9.07,True,False,False,1790887566
Spin,866c03e0-f689-48c5-a89b-abd8a33ef01f,e-bike,40.0023305,-83.01656069999999,86,23.41,True,False,False,1790887320
Spin,30802e7f-fb80-4b5a-9e8b-72afee03a6a3,e-bike,40.0055873,-83.0101215,33,9.07,True,False,False,1790887569
Spin,8285f2ad-2e46-4efa-809b-6d3ddce30076,e-bike,39.994055,-83.00676166666666,94,25.46,True,False,False,1790887474
Spin,346e8eac-11f1-4979-ae00-f1cf736e043b,e-bike,40.001652,-83.01120780000001,22,5.85,True,False,False,1790887404
Spin,03965e90-5225-4855-a402-11a50e86d02a,scooter,39.994399,-83.015388,26,7.35,True,False,False,1790887486
Spin,b70f00bd-8d33-4c4f-b07b-b3d3217497fc,scooter,40.0014275,-83.0132234,34,9.37,True,False,False,1790887551
Spin,290c7562-0651-44d9-99d9-6adcdefd51aa,e-bike,40.0142389,-83.03487179999999,30,8.19,True,False,False,1790887595
Spin,f319fd23-1978-40e1-a536-d40d1d070f48,e-bike,40.005145999999996,-83.015692,68,18.44,True,False,False,1790887576
Spin,5bb2a7fb-004f-42e5-967a-cec799a25a7d,scooter,40.000164,-83.015496,65,18.38,True,False,False,1790887555
Spin,b537ddd3-13b4-409d-9946-e74a5d4c8908,e-bike,40.0042545,-83.024417,46,12.58,True,False,False,1790887619
Spin,8656a59a-90af-4c1e-a95e-b6d4a1392807,e-bike,40.000915,-83.01326900000001,68,18.44,True,False,False,1790887408
Spin,2eed4b67-573d-47e5-ad1f-2b4dc1ea6587,e-bike,40.001919599999994,-83.01656919999999,69,18.73,True,False,False,1790887592
Spin,1ffea829-32c5-4c16-9663-1cede3fc5271,e-bike,39.99740753333333,-83.0167574,87,23.71,True,False,False,1790887579
Spin,cf10540f-50e5-46d2-846b-a81c88f5ae36,e-bike,40.00187833333334,-83.01559,69,18.73,True,False,False,1790887547
Spin,a0efb7e9-2c00-4f25-a00d-f149de790fb4,e-bike,40.0010926,-83.01321350000002,56,15.22,True,False,False,1790887605
Spin,40630796-5c03-46d0-aca8-5a6c7fdbcf6a,e-bike,40.0040063,-83.01615609999999,39,10.54,True,False,False,1790887590
Spin,b61cacb9-1e71-43d9-9bcf-4e5879038b67,e-bike,40.0033928,-83.0158709,41,11.12,True,False,False,1790887604
Spin,de73d067-305a-4790-b1db-90224f1ce2f9,scooter,39.998217,-83.021952,75,20.49,True,False,False,1790887616
Spin,a2e33d63-a75b-4566-82ec-2ca73b32b0bd,e-bike,40.0020023,-83.0132603,89,24.29,True,False,False,1790887612
Spin,20f15d01-ca96-415e-8761-d09825b5ec48,e-bike,40.001904100000004,-83.01464669999999,81,21.95,True,False,False,1790887474
Spin,3dd4bf37-d426-4d7d-95b4-7389e062c0e9,e-bike,40.0034114,-83.01102420000001,75,20.49,True,False,False,1790887553
Spin,98931f21-343f-4024-a501-3c54c29cdbe0,e-bike,40.0047693,-83.0107294,76,20.78,True,False,False,1790887560
Spin,760d29c5-334c-40fc-a2f9-bf57ea5bdb6d,e-bike,40.0035583,-83.0094204,28,7.61,True,False,False,1790887570
Spin,3c99d2eb-917c-4eb4-a77c-5b3d44bc98a5,e-bike,40.0041232,-83.0152931,22,5.85,True,False,False,1790887414
Spin,512e0df9-3efb-4a6d-9fb7-ec5ad64e3b2c,scooter,40.001835,-83.0146796,59,16.1,True,False,False,1790887460
Spin,f96b4855-04f1-46bf-922a-2ad09250ef4c,e-bike,40.0029579,-83.02727770000001,65,17.56,True,False,False,1790887595
Spin,17dae6ef-f9ad-47f9-a140-ab8e01171ce6,scooter,40.001179,-83.008439,42,11.41,True,False,False,1790887566
Spin,ea2b588f-424a-4096-b758-26d779aafa4b,e-bike,40.0160422,-83.0297387,39,10.54,True,False,False,1790887557
Spin,f11b8355-ce8d-4275-a6b5-f72c216c0b8c,e-bike,40.001491666666666,-83.01568333333334,48,13.17,True,False,False,1790887557
Spin,863b29e4-f028-4fe0-8163-df47c3b6977d,e-bike,40.001631100000004,-83.0156044,87,23.71,True,False,False,1790887459
Spin,7305daab-0a95-4488-abf5-d46893b3bfee,scooter,39.998372,-83.017323,84,22.83,True,False,False,1790887550
Spin,58904d14-d34e-41d6-bbef-4a4bf24d0444,scooter,39.99947553333333,-83.02153369999999,78,21.36,True,False,False,1790887497
Spin,74ef61a5-be6a-476a-90fc-ac61f1d18539,e-bike,39.99496883333334,-83.00693930000001,58,15.8,True,False,False,1790887551
Spin,5ff70cfb-0581-4ee4-b696-7af0129cbfe9,e-bike,40.001048999999995,-83.01826619999999,42,11.41,True,False,False,1790887533
Spin,ab591ba2-48ca-4f57-b331-05535794e7da,e-bike,39.99586763333333,-83.01950810000001,38,10.24,True,False,False,1790887519
Spin,82fb73c5-67b1-47b0-902d-19144e7f3917,scooter,39.99834,-83.022287,69,18.73,True,False,False,1790887377
Spin,6b2f4618-d33a-4b2c-8010-a6cb668a9317,e-bike,40.006742700000004,-83.023554,40,10.83,True,False,False,1790887431
Spin,0631b42e-4db2-486e-a3d7-1395e15a7f36,e-bike,40.00674323333333,-83.02356884999999,88,24.0,True,False,False,1790887434
Spin,1021ade8-c7f9-4206-aead-dcacd335a2d6,e-bike,40.0067262,-83.0235677,68,18.44,True,False,False,1790887543
Spin,3cd3cc70-022a-41de-a54e-c16f0d114128,e-bike,40.006730700000006,-83.0235838,45,12.29,True,False,False,1790887533
Spin,e910f8f1-bc20-4826-8959-e6d84e21aa2c,e-bike,40.006735400000004,-83.023555,37,9.95,True,False,False,1790887597
Spin,2fc7d1eb-67d9-49af-bd0a-8fd669ed7685,e-bike,40.006750000000004,-83.02357166666667,22,5.85,True,False,False,1790887431
Spin,35fd2e18-e4b2-408f-b37a-5532f9645739,e-bike,40.00673833333334,-83.02357333333333,31,8.49,True,False,False,1790887432
Spin,2080f6f9-2f32-4bbe-84cb-5c589e4e744e,e-bike,40.0067533,-83.02356300000001,46,12.58,True,False,False,1790887428
Spin,1e60251b-c8ab-4507-8fec-913b4638f8a8,e-bike,40.0020531,-83.01322610000001,56,15.22,True,False,False,1790887492
Spin,cedc49c0-d082-4acb-b83e-08b28dd9ef3e,e-bike,40.0036521,-83.0161033,41,11.12,True,False,False,1790887506
Spin,fdc24e98-d51d-4865-9b4c-f74e18fb967b,e-bike,40.0160285,-83.03067189999999,85,23.12,True,False,False,1790887570
Spin,ee97b68a-2836-49ca-8c1c-dcf76455fe48,scooter,39.998948,-83.010987,100,27.22,True,False,False,1790887595
Spin,29febde4-f9ac-46e8-8eee-22b2a0d13f76,scooter,40.006559300000006,-83.0193304,88,24.0,True,False,False,1790887524
Spin,6ed3bebd-28e4-4f93-acb8-568e8a94a8e8,e-bike,40.003824900000005,-83.0137189,67,18.15,True,False,False,1790887588
Spin,f1a9bed6-0d45-4420-9dcf-1a2c75a25eb8,scooter,39.998774,-83.010866,98,26.63,True,False,False,1790887601
Spin,bda3ca0d-0288-474a-a188-f479fbefcf6b,scooter,39.99546603333333,-83.0072949,100,27.22,True,False,False,1790887538
Spin,df0231c7-2282-44d4-9628-1cb8089ff277,e-bike,40.0124647,-83.0264667,87,23.71,True,False,False,1790887405
Spin,6d5c255b-2a2d-4bf7-9c76-91e2750c5dd3,e-bike,39.99499843333333,-83.0144353,94,25.46,True,False,False,1790887593
Spin,05f7d46c-38ad-4ffe-a31c-02b2f4ea4e85,e-bike,40.001939300000004,-83.01251329999998,23,6.15,True,False,False,1790887483
Spin,ff0a28e2-3556-43ca-b240-d276fabf2a40,e-bike,40.0038632,-83.0136966,82,22.24,True,False,False,1790887610
Spin,965e3d1e-a36d-4f29-8af4-339d82f28e65,scooter,39.996922733333335,-83.01585619999999,100,27.22,True,False,False,1790887529
Spin,7c59b1b3-1c3b-4c61-a1cd-acedf11dc583,e-bike,40.00443,-83.02434309999998,100,27.22,True,False,False,1790887489
Spin,b6a344b7-4f4d-49f7-b235-b95ef3917a3d,e-bike,40.00241329999999,-83.01557929999998,67,18.15,True,False,False,1790887618
Spin,01a13af5-63f1-455e-876a-877628ac96cb,e-bike,40.0030263,-83.01194500000001,86,23.41,True,False,False,1790887505
Spin,9058251f-1d64-40ab-80f4-0bf6788126f0,e-bike,40.001593899999996,-83.015404,87,23.71,True,False,False,1790887592
Spin,529dcf46-8aa9-437a-a100-508256acdf3d,e-bike,40.0045798,-83.02127970000001,71,19.32,True,False,False,1790887603
Spin,a007b9e2-5371-4424-8e79-4d8aa723a165,e-bike,40.0040318,-83.01396619999998,87,23.71,True,False,False,1790887548
Spin,e459a137-f950-41b4-84fa-d722a551ca46,e-bike,40.0003788,-83.01497239999999,63,17.27,True,False,False,1790887400
Spin,a6a96c33-db3d-4b7b-bb00-a1effedafb4c,e-bike,40.0036803,-83.01112739999999,92,25.17,True,False,False,1790887526
Spin,1da6ed13-9b49-4458-a8c6-f42a9fb1a95a,e-bike,40.0022077,-83.01095529999999,25,6.73,True,False,False,1790887605
Spin,46254d1c-5f72-4af2-a5d0-f17e57458139,scooter,39.994675,-83.021065,23,6.43,True,False,False,1790887414
Spin,5843ffdd-9b61-4c5c-8d4a-6ad8268647bd,scooter,39.996965,-83.015044,98,26.63,True,False,False,1790887422
Spin,cbcf50b3-d7db-409f-a914-6e33564ae5ae,scooter,39.996565,-83.01569,100,27.22,True,False,False,1790887494
Spin,8c0ff30c-e2c3-4eb9-98e5-5f61113e451f,e-bike,40.0016177,-83.0154012,61,16.68,True,False,False,1790887610
Spin,29b564c4-15e3-4a9f-9973-94e120e22734,e-bike,40.004022400000004,-83.0139616,42,11.41,True,False,False,1790887511
Spin,fc80218c-f3a1-4cf4-b839-b97f79a1502e,e-bike,40.008136666666665,-83.03361333333332,88,24.0,True,False,False,1790887466
Spin,262e79d2-fb4c-4d10-a3d1-8032c743aefc,e-bike,40.0042171,-83.01519420000001,98,26.63,True,False,False,1790887481
Spin,0b2a8f0b-9e25-42a3-88d0-c0071ad27bb4,e-bike,40.0032565,-83.0157477,46,12.58,True,False,False,1790887616
Spin,14b19a1a-afcd-4488-9dc7-68f24aa1d329,e-bike,40.001699300000006,-83.015152,68,18.44,True,False,False,1790887610
Spin,d73ec335-5e77-44cb-a372-3011156d9540,e-bike,40.0040996,-83.01475110000001,48,13.17,True,False,False,1790887553
Spin,f365d43b-fbd8-436b-be06-254a15d3614b,scooter,40.000856,-83.014272,27,7.32,True,False,False,1790887596
Spin,fdf46486-2c2c-48e5-8ca9-8f88720daa95,e-bike,39.998656833333335,-83.0110351,48,13.17,True,False,False,1790887606
Spin,0ef42e02-94d8-482d-ba91-21cf3fe4878b,e-bike,39.99761983333334,-83.0293481,89,24.29,True,False,False,1790887383
Spin,bc6001fe-710f-4668-8dc5-d2bbb63194a6,e-bike,39.99396433333333,-83.01882099999999,56,15.22,True,False,False,1790887342
Spin,efe6a4db-61ee-4cfd-8b0a-cfb1ef47a3c2,e-bike,39.99808103333333,-83.00929390000002,75,20.49,True,False,False,1790887430
Spin,82d9b5a1-bfa6-499d-b467-36f3026806fb,e-bike,39.99409453333333,-83.0067754,42,11.41,True,False,False,1790887541
Spin,46c8f908-af3b-44ac-8a26-f8e7f94d00d7,e-bike,39.99411023333334,-83.0067705,53,14.34,True,False,False,1790887532
Spin,b871753b-e2f3-4ec9-8174-7e2d263c7804,e-bike,39.99408591666667,-83.00678235,32,8.78,True,False,False,1790887532
Spin,c8e27ab9-25c6-4734-a689-06594a154dab,e-bike,39.99410643333333,-83.0067862,47,12.88,True,False,False,1790887531
Spin,18d9b4c0-d547-4deb-bece-799356727f08,e-bike,39.99411803333333,-83.00678369999999,49,13.46,True,False,False,1790887531
Spin,b1e94b81-6c42-4370-8350-1a5f40e12d7e,e-bike,39.99411073333333,-83.00675604999999,87,23.71,True,False,False,1790887531
Spin,fd2baa8f-fc76-4282-b1eb-66516b511ff9,e-bike,39.994122133333335,-83.0067948,77,21.07,True,False,False,1790887532
Spin,8fffc34b-f7fd-44c4-8c30-39f77f61bb9b,e-bike,39.99410003333333,-83.0067877,71,19.32,True,False,False,1790887531
Spin,0b6d9f00-3d4f-4c2f-a617-b4d1a9d8ad91,e-bike,39.994111233333335,-83.00678699999999,89,24.29,True,False,False,1790887572
Spin,ccdfcd05-4b51-42e5-b614-d04398075919,e-bike,39.99412853333333,-83.00678080000002,63,17.27,True,False,False,1790887541
Spin,e472e251-d2ef-45d0-8d2a-37a2c0bf0830,e-bike,39.99410223333334,-83.0067867,44,12.0,True,False,False,1790887531
Spin,32046793-085e-4a14-9056-c4572883f2ff,e-bike,39.99411813333334,-83.00678709999998,66,17.85,True,False,False,1790887531
Spin,1c8bfb6e-158b-4c26-8599-3ee46484f191,e-bike,39.99411023333334,-83.00675860000001,35,9.66,True,False,False,1790887571
Spin,44751e93-5319-4336-8336-ec2c5b861ebf,scooter,40.001455,-83.009512,66,17.85,True,False,False,1790887533
Spin,a49a2a23-82c0-4e4b-966a-e146e3aad3e7,e-bike,39.997637133333335,-83.0379585,77,21.07,True,False,False,1790887583
Spin,8b63427d-0edf-47eb-8291-204e2e6da1fa,scooter,39.997021,-83.007555,98,27.88,True,False,False,1790887618
Spin,f258306f-510d-4b12-95ca-03a9b2ee9696,e-bike,40.001932499999995,-83.01641839999999,61,16.68,True,False,False,1790887460
Spin,dd149f47-5d56-4ed5-8e07-69ab9af1f5b6,e-bike,40.0039573,-83.0177143,95,25.75,True,False,False,1790887540
Spin,876c6557-9084-45fa-b47e-2f2e07cbfd63,e-bike,40.0002434,-83.01799299999999,39,10.54,True,False,False,1790887531
Spin,520b2786-a43d-4631-b0e0-ea9f860f0647,e-bike,39.995824999999996,-83.00721,100,27.22,True,False,False,1790887549
Spin,f2b513cb-2091-4865-a894-e11d8b0b2838,e-bike,40.00063333333333,-83.03480166666668,29,7.9,True,False,False,1790887525
Spin,cd9820df-5153-4a51-91a1-dffbd0bd7c16,scooter,40.008243,-83.028317,100,27.22,True,False,False,1790887600
Spin,1269cf1c-5451-4ae3-b7f8-da77346729d2,e-bike,40.002566099999996,-83.01572540000001,74,20.19,True,False,False,1790887611
Spin,e36a288b-9f88-46a9-b686-8829af845929,e-bike,39.99643213333333,-83.01787399999999,43,11.71,True,False,False,1790887519
Spin,b89a7e65-2bb7-421b-916a-8c9fedc82961,e-bike,40.002088,-83.0124437,51,13.76,True,False,False,1790887480
Spin,7cc68be2-af6f-46c6-b543-31a23cacc207,e-bike,39.996370133333336,-83.01691170000001,86,23.41,True,False,False,1790887543
Spin,6fe43bc9-7bc2-47ba-8c4d-01dec3fd313e,e-bike,40.005293,-83.0094427,100,27.22,True,False,False,1790887559
Spin,913aa6ec-1045-4c50-8ed0-fa8a7da9b2a9,e-bike,40.0100152,-83.023834,57,15.51,True,False,False,1790887534
Spin,4153f55a-e0af-4831-9bf3-b94f15a8b217,e-bike,40.00555,-83.01152166666667,60,16.39,True,False,False,1790887569
Spin,91f34bdd-e1c8-43ba-84fc-d065266dcb81,e-bike,40.0018123,-83.0107599,39,10.54,True,False,False,1790887429
Spin,eba7e4fe-4632-4c60-b657-2c3de87b17d8,e-bike,40.0064357,-83.02314210000002,95,25.75,True,False,False,1790887587
Spin,19072baa-d5bf-4b89-b759-2d11f0508ffa,e-bike,40.0140077,-83.0347365,74,20.19,True,False,False,1790887613
Spin,b2f0a349-6861-4709-80c8-a3fa1c19da1f,e-bike,39.99978023333333,-83.0221492,83,22.54,True,False,False,1790887601
Spin,064f117e-98a1-4962-8f9f-162d23b3e450,e-bike,40.0029621,-83.0271762,100,27.22,True,False,False,1790887563
Spin,1c034e4d-59e1-4cab-8979-0af8d60b359a,e-bike,40.002249799999994,-83.0145757,89,24.29,True,False,False,1790887607
Spin,6bdbdd5c-6927-41a4-8fc3-a2b59591508e,e-bike,40.0004801,-83.0172142,86,23.41,True,False,False,1790887387
Spin,b8c624e2-ccb9-4fef-ae23-637fe4bc8b25,e-bike,40.0036853,-83.011228,66,17.85,True,False,False,1790887618
Spin,8597ef17-c283-4487-9428-a1c3cdb53ff6,scooter,39.995552,-83.012418,71,19.32,True,False,False,1790887602
Spin,69075e69-5aed-4827-87ca-58c807f1fcfe,e-bike,39.997044233333334,-83.00914329999999,42,11.41,True,False,False,1790887562
Spin,62fc5802-3bd9-4b0b-a13e-6181d9088b75,e-bike,39.99888173333333,-83.0153817,86,23.41,True,False,False,1790887512
Spin,c2abbc0f-5981-45b5-b313-7a49de726f90,e-bike,39.99789163333333,-83.0133808,92,25.17,True,False,False,1790887535
Spin,8103b228-ccba-4e10-bef9-a67be78fa5cb,scooter,39.996893,-83.019682,16,4.39,True,False,False,1790887591
Spin,f32057b1-da0a-4731-b8b0-25daf0c7c92c,scooter,40.0042144,-83.0432158,26,7.02,True,False,False,1790887540
Spin,08aba9e4-9d4a-4a97-ac58-5581d10b28ef,e-bike,40.004839999999994,-83.0130253,57,15.51,True,False,False,1790887597
Spin,2c2c78e3-a5b5-47f3-a728-8105481af673,e-bike,40.0002818,-83.01801150000001,100,27.22,True,False,False,1790887614
Spin,b76dc7f8-dc1a-4b93-821e-72bfe96b4bae,e-bike,39.99874443333333,-83.01526059999999,31,8.49,True,False,False,1790887613
Spin,62006372-bae2-41be-9d35-2abfbdbf111c,e-bike,40.0013006,-83.0159156,100,27.22,True,False,False,1790887404
Spin,6424c5d6-b4fd-412e-b874-db78048a7c20,e-bike,39.99500893333333,-83.0144612,87,23.71,True,False,False,1790887540
Spin,aa5e6122-8c7f-4ffd-a918-9601740f1d28,scooter,39.994938733333335,-83.0144797,78,21.36,True,False,False,1790887444
Spin,ef8302c7-080a-45c7-85b8-d774de814a50,e-bike,39.99387903333333,-83.02031020000001,81,21.95,True,False,False,1790887523
Spin,df638573-cfb7-4478-84f6-28ef1253463c,scooter,40.001123,-83.014035,100,27.22,True,False,False,1790887570
Spin,7bf11cc6-d9d2-4a7f-931b-93ed47b4c61b,scooter,39.998717,-83.011047,77,21.07,True,False,False,1790887571
Spin,8c6c0c44-829f-4a8e-bc11-e522b6d6488f,e-bike,39.99840553333333,-83.01045790000002,83,22.54,True,False,False,1790887532
Spin,c9c11c0a-794d-45c2-b5c2-58e58b074189,e-bike,40.001526399999996,-83.04816520000001,26,7.02,True,False,False,1790887373
Spin,bd3a1bdf-7adf-4a29-bbdd-57c408b97ab6,scooter,40.0019177,-83.0135464,100,27.22,True,False,False,1790887441
Spin,e2fa6d8e-97bb-4be1-b95d-8a655fc0da0c,e-bike,39.99396073333333,-83.01787619999999,83,22.54,True,False,False,1790887519
Spin,3c291d7f-a8ad-4240-9390-8cbf76efedfb,e-bike,40.0013639,-83.0081896,86,23.41,True,False,False,1790887571
Spin,b6c2d37e-54aa-4ac1-aa50-eb52e375ded3,e-bike,39.994887133333336,-83.012393,20,5.56,True,False,False,1790887590
Spin,904b26f6-081b-4dfc-a742-c8e408c13ed2,e-bike,40.017939299999995,-83.0247611,27,7.32,True,False,False,1790887512
Spin,41701b36-71e4-44ac-bade-25670fd661e6,e-bike,39.99861343333334,-83.02143679999999,34,9.37,True,False,False,1790887356
Spin,31eb24f4-8bb8-4c2c-a6e7-cc229badbe27,e-bike,40.0039157,-83.01421720000002,59,16.1,True,False,False,1790887557
Spin,52911fc7-1006-447c-a524-6531dc507d25,e-bike,40.0021471,-83.0129381,100,27.22,True,False,False,1790887479
Spin,5e404936-d8e5-430b-8de6-078dfff59486,e-bike,40.0038687,-83.0086968,39,10.54,True,False,False,1790887540
Spin,087f2ab6-42fa-4d78-aaed-ebfbef5e5664,e-bike,40.003972100000006,-83.0173184,34,9.37,True,False,False,1790887578
Spin,3c54fb1d-79ef-47ac-a76c-b9c4c3308d60,e-bike,39.99421493333333,-83.0086762,66,17.85,True,False,False,1790887614
Spin,7b802b55-88b9-4aec-ac54-3f1f4d330a61,e-bike,40.00403601666667,-83.01280944999999,92,25.17,True,False,False,1790887490
Spin,7c9e4933-1276-4ed9-9c28-736821458d61,e-bike,40.0018982,-83.01640760000001,23,6.15,True,False,False,1790887450
Spin,2c81f917-7cfa-43e2-a322-2803851e36f7,scooter,39.998094433333335,-83.02129359999999,68,18.44,True,False,False,1790887432
Spin,700fe809-91d6-472c-8a1c-3990bd9d8a5d,e-bike,40.0017682,-83.01536829999999,55,14.93,True,False,False,1790887542
Spin,df8fec55-aa95-4769-8652-ba20f6881866,e-bike,40.0018956,-83.01558930000002,66,17.85,True,False,False,1790887547
Spin,e70a9a12-913f-48f3-b445-7adf5b1a79ae,e-bike,40.0021527,-83.01056820000001,74,20.19,True,False,False,1790887547
Spin,e23d2760-88b0-4a22-b01b-37de8cfa0a5d,e-bike,40.0022431,-83.0124796,96,26.05,True,False,False,1790887612
Spin,35e1d9d8-6626-4912-a516-0b093bc28a54,e-bike,39.99704583333333,-83.0097244,88,24.0,True,False,False,1790887601
Spin,9526297c-f509-430c-b88c-67e92edb765d,e-bike,40.002941400000005,-83.0125668,95,25.75,True,False,False,1790887455
Spin,8c56eed9-b4b9-4ebc-824a-43b0e41bdbce,e-bike,40.0031738,-83.02813110000001,48,13.17,True,False,False,1790887573
Spin,7e0c8a63-2208-4639-857a-7a73842d461f,e-bike,39.999374233333334,-83.020608,34,9.37,True,False,False,1790887383
Spin,4de7f0cc-8c8b-40c1-8b97-c9bd005bd39c,scooter,40.003451899999995,-83.01102889999999,22,5.85,True,False,False,1790887356
Spin,f045b9b4-212b-4fb2-a4d7-b99ce1a7e503,scooter,39.999097533333334,-83.01739950000001,17,4.68,True,False,False,1790887516
Spin,1b708f55-4242-406c-93b5-ab7424caed45,scooter,39.99588513333333,-83.01104920000002,78,21.36,True,False,False,1790887539
Spin,54b72c6a-763f-4f78-a2b5-272f602a6dfa,scooter,40.003152,-83.009567,100,27.22,True,False,False,1790887594
Spin,93b01f33-bf7d-489b-a2d5-1ed98550bfe8,e-bike,40.0025057,-83.00876410000001,43,11.71,True,False,False,1790887577
Spin,f5146068-362e-43fb-ac34-393f532c19ac,e-bike,40.0024995,-83.00876269999999,39,10.54,True,False,False,1790887572
Spin,3930dc72-35bd-49f4-bbf2-3b2f4738651e,scooter,40.003436699999995,-83.0110222,100,27.22,True,False,False,1790887391
Spin,38da1747-2079-473c-ad86-b4a4b1f6b983,e-bike,39.99611193333333,-83.0110954,19,5.27,True,False,False,1790887454
Spin,55b2b3f2-d658-40ea-af6b-618864c8e628,e-bike,40.0046936,-83.0111724,35,9.66,True,False,False,1790887601
Spin,260b2adb-9d52-4ceb-9eeb-0d44c8c1b94d,e-bike,40.004629300000005,-83.00939709999999,95,25.75,True,False,False,1790887560
Spin,e300c5a5-a8fd-4750-bd33-14edb4c1c5ff,e-bike,39.99699373333333,-83.01664469999999,37,9.95,True,False,False,1790887549
Spin,fe8b9326-8971-4d43-9d1d-92aa4962d1a1,e-bike,40.0010743,-83.011774,87,23.71,True,False,False,1790887519
Spin,7ec3abbb-f933-45fb-8941-e78325955820,e-bike,39.994409133333335,-83.0211328,49,13.46,True,False,False,1790887555
Spin,2f960eee-782b-4da7-94d8-f45f3334bf0c,e-bike,40.006195899999994,-83.01658119999999,61,16.68,True,False,False,1790887554
Spin,2ee81f2f-a21a-4b6e-b54d-aba6ce2990b1,scooter,40.0061766,-83.00949100000001,75,20.49,True,False,False,1790887597
Spin,f29588c1-cace-42a9-8491-955e5573faa1,e-bike,39.995718733333334,-83.0107027,41,11.12,True,False,False,1790887618
Spin,118d2b1a-adab-43e6-9af5-ebd53daa1adf,e-bike,40.000115,-83.02139790000001,25,6.73,True,False,False,1790887438
Spin,4bef0fb6-921f-4c62-ad5a-f18f60ea5680,e-bike,39.999829999999996,-83.01594333333333,80,21.66,True,False,False,1790887515
Spin,b0c204cc-754a-474e-8ae9-edee6b1d34d2,e-bike,40.0022425,-83.0155917,96,26.05,True,False,False,1790887492
Spin,08b021b6-3f03-4824-8f5f-c7288b58fe09,e-bike,40.001378300000006,-83.00816959999999,56,15.22,True,False,False,1790887528
Spin,0bd9354f-068f-43cf-8187-82d9c5581c15,e-bike,40.0030082,-83.00882689999999,39,10.54,True,False,False,1790887542
Spin,a45921df-e8a4-4da9-97b1-39ff15fc459d,e-bike,40.0039069,-83.00869349999999,29,7.9,True,False,False,1790887507
Spin,2d440ba8-954f-44c5-a758-31cc61f66e93,e-bike,40.0053658,-83.01481059999999,88,24.0,True,False,False,1790887595
Spin,1019a8f7-1925-49f3-8266-3b9b8477dbef,e-bike,40.005943900000005,-83.01940869999999,12,3.22,False,True,False,1790887584
