Company,Vehicle_ID,Type,Latitude,Longitude,Battery_Pct,Range_Miles,Is_Available,Is_Disabled,Is_Reserved,Last_Reported
Veo,4085f5fe-0096-5dac-b719-83f6e1f03a5e,,39.941975,-82.994909,,,,,,
Veo,f697183c-6a2a-5922-b181-cd2198e9ae55,,39.955908,-83.003206,,,,,,
Veo,8d35c3cf-e214-58b2-88e1-0a971cea4bcb,,40.008325,-83.007589,,,,,,
Veo,2cf71231-e1d0-5240-be68-b308e4975573,,39.960347,-82.986428,,,,,,
Veo,f644d25d-057e-5a62-ad92-b1e903e966aa,,40.014658,-82.991036,,,,,,
Veo,c1476fef-ed51-5786-8b12-0cc3b7407c51,,39.955855,-82.945357,,,,,,
Veo,29d6dc28-b675-57b9-879b-cbd51f6ae4bf,,39.957689,-82.996796,,,,,,
Veo,75e7f023-97f1-5483-ad0e-be0eb47e2ea7,,39.95781,-82.969234,,,,,,
Veo,95b1dd31-e5b2-5561-9a0d-b4555f8d55fe,,40.014605,-82.991024,,,,,,
Veo,b1181e0e-e8fe-52cb-8f79-8f4d571e2403,,40.014418,-82.98557,,,,,,
Veo,fbfb84c7-c171-58f6-b65d-e0759d82d423,,40.011432,-82.954254,,,,,,
Veo,ea3f0368-f210-5726-a546-91359143433d,,39.980168,-83.00471,,,,,,
Veo,5c0a73a8-4f4f-5166-a936-439bcfb92f42,,39.961345,-83.00344,,,,,,
Veo,a56031bd-0fa0-56ff-a6fb-781884284cd7,,40.014477,-82.981844,,,,,,
Veo,9500843c-851f-59b9-9cb9-9eac01a0f8c8,,39.985697,-83.0063,,,,,,
Veo,51abab06-a2b6-55d7-b006-e1d5d71cc6d9,,40.003222,-83.015615,,,,,,
Veo,6553ac2c-0f1c-5163-aab9-3b6bd4f1b703,,39.955937,-82.945398,,,,,,
Veo,03088541-a1ce-5ac8-8902-88b480c277d4,,40.007824,-83.009708,,,,,,
Veo,9ddc6923-385a-5b89-8e8f-606f6b8de6f1,,39.955914,-82.945411,,,,,,
Veo,1069c6c1-6a19-5f19-b3a7-202af2915809,,39.960604,-82.999644,,,,,,
Veo,abaa17dd-be46-546b-82c3-905fd5d7d700,,40.014636,-82.991011,,,,,,
Veo,3d638504-abd1-5690-bd88-32b8ec14adaa,,39.990178,-83.005917,,,,,,
Veo,fd7c3b01-08af-571b-b267-98c051d32081,,39.956043,-82.999945,,,,,,
Veo,f7fed2f6-9480-50fd-8894-6c724a68ad74,,39.977989,-82.959416,,,,,,
Veo,77de79ea-c9f2-5888-8d91-68fed2dd8c4a,,39.955908,-82.945374,,,,,,
Veo,cb01100d-ac13-55c9-88bf-83ed606973f1,,40.014448,-82.985551,,,,,,
Veo,c107adc1-3326-5df4-9c16-8011f29d13d2,,40.014324,-82.982665,,,,,,
Veo,1daccb85-86ea-5380-a1cb-60f2208e3683,,39.959999,-83.008707,,,,,,
Veo,1605f4ca-85ae-5a42-bfc5-5df6cb89fe81,,39.955934,-82.945398,,,,,,
Veo,9d544dba-7e57-537c-891b-686db201a39f,,39.95943,-83.024016,,,,,,
Veo,ebecdea4-d6f4-574a-97a5-fb36f2db2c88,,39.959423,-83.024057,,,,,,
Veo,2f2a232d-cf1e-5ea5-8fec-38c7ed1a4460,,39.958897,-83.022567,,,,,,
Veo,7c70e7a0-474f-5a06-81fd-8b442100ea5d,,39.960686,-83.012483,,,,,,
Veo,edc6394e-11fd-579f-b420-102ce2a44bb7,,39.965364,-82.966632,,,,,,
Veo,98261fcf-4a2b-5696-b416-fd9581ab8d92,,39.968074,-83.009957,,,,,,
Veo,bcbc1ae5-00ca-55a2-ace5-2b1e63d2443b,,39.974155,-83.010411,,,,,,
Veo,2e7d03ff-b499-5ccd-a732-527b8ca653bf,,39.987219,-83.00567,,,,,,
Veo,20d4a2ec-a04d-55c7-9daa-20101a0ca2ca,,39.976496,-83.004127,,,,,,
Veo,7b7d8970-d9bb-5645-bafc-5d533edc7930,,39.957638,-83.006327,,,,,,
Veo,b6729248-6de5-58cc-84b3-8e70d9d63fd3,,39.960661,-83.012557,,,,,,
Veo,35364607-f098-5810-a71a-96ff104a02a7,,39.970591,-83.00247,,,,,,
Veo,fd603a70-ca28-54a2-b620-9fd85acea71f,,39.957797,-82.969138,,,,,,
Veo,061d6d0f-6f6f-50f3-906b-a6106ca21889,,39.993764,-82.982489,,,,,,
Veo,12e54f9a-76fa-5fe7-81ef-554e84a6fe05,,39.957485,-82.990031,,,,,,
Veo,f952087a-5ed9-53b2-9685-2ad0a7358a9e,,39.962251,-82.986673,,,,,,
Veo,47044761-bb58-59fc-a7e9-b57c52158ddf,,39.968296,-83.012372,,,,,,
Veo,5089ab7f-31cb-5348-a1ff-e8e18fb1ff0b,,39.955916,-82.945389,,,,,,
Veo,895f94fa-7808-5f5b-97bc-994568a69464,,39.968125,-83.010022,,,,,,
Veo,080a9247-fc7e-5759-bbae-18d0bcf8d295,,39.963289,-82.953333,,,,,,
Veo,e89a9b01-1cc3-5c47-a4d7-113c2f806eab,,39.955933,-82.945328,,,,,,
Veo,dea10bc6-ce06-558c-8662-ecbd829ef5a9,,39.95598,-82.945279,,,,,,
Veo,4a013d49-c72a-59fb-a9a4-7897a2194e0d,,40.00063,-82.986433,,,,,,
Veo,5295bdb5-c5d6-517b-9a49-7fa822334aa7,,39.968597,-82.992676,,,,,,
Veo,4536c9d5-0f12-5f6c-9761-e5d80631e1c6,,40.014337,-82.982664,,,,,,
Veo,69256f07-fd52-5c44-abe8-3505d1094dca,,39.955974,-82.945296,,,,,,
Veo,3e3d2e61-56ad-59db-b5b2-46c543ccc2e2,,40.012072,-83.010587,,,,,,
Veo,50268798-cc7b-57d2-8ca5-a719e5370c2f,,39.959921,-83.008638,,,,,,
Veo,953c825e-6663-5ed9-b89c-6f2aa03a2cc0,,40.000616,-82.986458,,,,,,
Veo,25e49857-d161-5f81-90ea-ef22d5bac22a,,39.943171,-83.075712,,,,,,
Veo,8a9f1b89-9c28-514b-be00-e25b175935ac,,39.959423,-83.024006,,,,,,
Veo,adc95368-a7ff-5545-b1d1-0af5c3bc48c3,,39.998912,-83.010667,,,,,,
Veo,a4baf355-83ad-5a0d-bcb5-a3dcb0294612,,39.993992,-83.006664,,,,,,
Veo,ccb80f54-bd6d-59df-8537-595af02f0646,,40.013994,-83.00738,,,,,,
Veo,b15ae1a7-f933-555a-bb8f-2d2d189b0545,,39.957469,-82.99004,,,,,,
Veo,bd6495d4-9de6-5e5f-bfe3-21ed4935604d,,39.959439,-83.024052,,,,,,
Veo,da549b34-f4c2-587f-9102-b7974f2b01a0,,40.00065,-82.986428,,,,,,
Veo,c91f2db8-fb88-53b1-a018-1ee5cd2835ae,,39.957631,-83.006317,,,,,,
Veo,878ae8c2-24af-5380-944e-66e254db1fd5,,39.961134,-83.006456,,,,,,
Veo,3800938e-0c09-580e-9372-bff62856a3c5,,39.960241,-82.999919,,,,,,
Veo,ba397ad3-f765-5074-8b54-84317eb8a30a,,39.960673,-83.012411,,,,,,
Veo,8a7a7b63-60b4-5397-9ebf-b873f41dac35,,39.941001,-82.99107,,,,,,
Veo,645c3f21-267d-5e6a-a3d1-35664be47105,,39.99388,-82.98332,,,,,,
Veo,8b716c72-9095-554e-8d14-35b71f74b4f2,,40.01445,-82.985921,,,,,,
Veo,63c63a79-5b60-5762-a74a-586570089cea,,39.958787,-82.950241,,,,,,
Veo,9f57db91-63e5-5f7d-94fb-29236b7549f2,,39.97353,-83.002755,,,,,,
Veo,a9f2f9cd-9698-58cd-bc93-0dcf0ca1839b,,39.955836,-83.003022,,,,,,
Veo,985bbe3b-0fc2-583b-a620-cbb9500139ef,,39.960694,-83.012456,,,,,,
Veo,571a3604-ddaa-5752-8f65-cc2bfa645326,,39.962638,-82.985039,,,,,,
Veo,2145f8eb-f9c0-5d4d-8a7c-ba26bff38147,,39.94196,-82.994915,,,,,,
Veo,460155ae-b583-5dd1-8f3e-9cd94c0bd384,,39.964446,-83.001131,,,,,,
Veo,d2ea27fd-566e-580e-9783-ec96f1d7dc34,,39.968077,-83.010017,,,,,,
Veo,3f740097-c744-5138-b2c0-44ad3204a658,,39.959269,-83.02555,,,,,,
Veo,f9d530bb-bcdf-51df-81cd-b5ac445f4046,,39.952027,-82.982521,,,,,,
Veo,42745e10-3b54-5e38-aaf6-1821a50d1f8a,,39.963274,-82.953261,,,,,,
Veo,b7ecd233-2ca3-5283-bc3f-4e0c418c1130,,39.969765,-83.008828,,,,,,
Veo,2c9eb09f-28f6-509f-8a9c-6f20dcfc3ef7,,39.993786,-82.982459,,,,,,
Veo,6887c595-cc47-582c-827e-c0cbbe6db69c,,39.965311,-83.01027,,,,,,
Veo,30af7a1d-b28e-5ec0-8f55-7921bdbdc79c,,39.955896,-83.002987,,,,,,
Veo,f95678ab-959d-5a98-9245-de308fde5994,,39.957636,-83.006283,,,,,,
Veo,36f0bce6-b41c-5876-90ef-768bf389e718,,39.942874,-82.995084,,,,,,
Veo,51a29cf5-ab65-5894-9bb1-6eeda8fac5af,,40.014294,-82.983403,,,,,,
Veo,6e45fc03-6787-540f-8734-a3b1d03e2a86,,40.014284,-82.982311,,,,,,
Veo,c4d49280-9fa6-5da5-af0b-58704f2a0a0d,,39.959014,-82.974775,,,,,,
Veo,fa913741-b8ba-5acf-9283-f7028727f547,,39.957749,-82.969289,,,,,,
Veo,0401b9c5-758a-51ef-b34b-126ea2fc137e,,40.010947,-83.002394,,,,,,
Veo,06849813-b5f8-544f-a123-dcb033d00889,,39.993886,-83.006823,,,,,,
Veo,ee36edb4-c5ad-5b1c-8881-5b166687e83a,,39.957818,-82.969143,,,,,,
Veo,84b5d899-d371-5884-9555-7cddc575bbf9,,39.982643,-82.989263,,,,,,
Veo,cd926b1c-3c2f-5d77-8df5-e3f01e453403,,40.004336,-83.01159,,,,,,
Veo,a498c441-8b84-50db-9932-086008236ecc,,39.997504,-83.01405,,,,,,
Veo,dfd42268-4cf9-5ee7-a0df-0d8e73a5af12,,39.985983,-82.988314,,,,,,
Veo,95067105-d2a3-5290-b827-6a6dd6e3e644,,39.950531,-82.998497,,,,,,
Veo,48ef5da9-fc9b-5211-94bc-c0e8107c9e43,,39.995008,-83.006995,,,,,,
Veo,e28343e5-6fcd-5a30-8c66-b2ec3639649c,,39.992158,-83.006503,,,,,,
Veo,40c80992-a8a6-55b1-971b-da9e4d301961,,39.997778,-83.007957,,,,,,
Veo,0d552dd0-bd47-5c97-8f82-5eee2908c05b,,40.006019,-83.008998,,,,,,
Veo,d7394089-4fe7-5ded-8f41-e4aa630df185,,39.959269,-83.025579,,,,,,
Veo,3d66b721-b41f-5afa-b379-38cc3a9b3d42,,39.955951,-82.94527,,,,,,
Veo,db4af7ee-a43d-53f5-b298-e3e7f2754cb2,,40.01446,-82.985917,,,,,,
Veo,d90bebc4-cd3d-5ae7-9a6b-f15d33d2d5fb,,39.992072,-83.006529,,,,,,
Veo,6f844018-cca5-5e3b-87ad-52f912a82512,,40.014343,-82.983418,,,,,,
Veo,f18b69ed-c239-582b-a34a-16097824099a,,39.96318,-83.002627,,,,,,
Veo,8c89ff78-1d17-594b-9dcb-3dced6dba03b,,39.974934,-82.957873,,,,,,
Veo,934a8434-34b5-55b0-97d2-1ede4651406c,,39.968068,-83.009898,,,,,,
Veo,ebdc4ace-0c12-56a4-bdcf-9152dcd9edb3,,39.966964,-82.994365,,,,,,
Veo,b0197a7d-164b-56f1-a3de-1779a4a2eda9,,39.996991,-83.015098,,,,,,
Veo,7a2415c7-3d28-53f9-8d1b-b8a87b0557cd,,40.014571,-82.99102,,,,,,
Veo,0a479395-40b0-5eac-aea5-ad196949bccc,,39.958254,-82.976039,,,,,,
Veo,8d142b96-acfe-5b76-9a7a-9b14dc12d733,,39.959443,-83.024064,,,,,,
Veo,293dec83-4c0d-58a2-b3f7-183cb478ff8d,,39.995913,-82.979177,,,,,,
Veo,749e4804-4f1a-55b7-b071-daaee944da7b,,39.999236,-83.017811,,,,,,
Veo,78657f04-899e-5aa6-98bd-16f7710dd0d2,,40.003655,-83.009116,,,,,,
Veo,8bf36181-3bf7-5d95-b6bf-1caf89d5eba3,,39.952004,-82.982472,,,,,,
Veo,33341a5d-1a73-5366-a481-b1082fff8745,,39.996218,-83.017098,,,,,,
Veo,488f3df0-743c-5ac1-9c11-9e5219cf3831,,39.993893,-82.983342,,,,,,
Veo,92b884ce-b361-55b6-a943-7b64a1fc4500,,39.955844,-82.945347,,,,,,
Veo,62021500-a9ad-54a0-b3c3-6482186cf4d9,,39.957436,-82.990022,,,,,,
Veo,59dff984-4eb8-56cd-96cc-9cd9f118aae4,,39.958662,-82.999901,,,,,,
Veo,1eca51e6-3626-5584-8099-b2f7bb1fd2a6,,39.941983,-82.994989,,,,,,
Veo,c367074b-0cd7-522e-84bd-0b9384c2ec6b,,39.961166,-83.006441,,,,,,
Veo,c3181243-cc6d-5c6c-aed7-9371fc8bc3d3,,40.00839,-83.009812,,,,,,
Veo,2380d1cd-7f59-5175-8010-74def80e4187,,40.007156,-82.971468,,,,,,
Veo,d034ec0f-1bda-5001-8bf6-d01250cb5742,,39.976193,-83.004014,,,,,,
Veo,510d3cc4-93e7-59fc-a571-9469eb8f65a5,,39.955919,-82.945366,,,,,,
Veo,ae3248a0-74c8-5f6e-b86b-a3bf1abb0c75,,39.972211,-83.004644,,,,,,
Veo,f78fb454-d14d-56df-9160-da3c1edf50cc,,40.012888,-83.026494,,,,,,
Veo,a4d60284-5837-5831-b967-3cd815d7bdd5,,40.014276,-82.98234,,,,,,
Veo,6a0101e1-af7f-5e19-a506-7bcf3cf9c6c7,,39.959293,-83.025498,,,,,,
Veo,e1412fbd-026e-5e6b-ab9e-666f5a88e656,,39.972395,-83.002229,,,,,,
Veo,0533df6a-78f7-5b4c-b0c5-7e3d65f95947,,39.988552,-83.000704,,,,,,
Veo,903ba407-139c-5685-b023-205e68fa70dc,,39.961189,-83.006451,,,,,,
Veo,7804eb46-23b6-5669-ba2b-ba4d35486510,,40.007835,-83.007336,,,,,,
Veo,2298ec6e-5304-5741-a260-cb133f8c9490,,39.93922,-83.095541,,,,,,
Veo,56080253-bba0-50a9-aace-9d605e07943b,,39.957636,-83.006301,,,,,,
Veo,afd6be8e-bd35-51f9-9060-2968b8a97da8,,39.962194,-83.002201,,,,,,
Veo,913a919a-b210-564a-a595-09ddb6e3b7a0,,40.017171,-82.980266,,,,,,
Veo,c485f6c9-0140-5d97-b82f-67506d971a45,,39.98782,-83.010711,,,,,,
Veo,3de4f847-67fc-5fbd-890b-f2a464e45911,,40.014339,-82.983377,,,,,,
Veo,e055a071-88b4-5ee7-86d4-f37e0406dfde,,39.958531,-83.00262,,,,,,
Veo,ab8bc8f3-a765-5bb4-bec1-19e3d0640ab3,,39.943444,-82.990337,,,,,,
Veo,bebd1a46-875a-5bfc-8262-015b99f2ad36,,39.992067,-83.00654,,,,,,
Veo,98f7c43d-4ea6-5f20-ae07-003b2339e7bb,,39.970656,-83.001352,,,,,,
Veo,aa26a725-e8c3-5461-9b85-8ccca9c05909,,40.000629,-82.986429,,,,,,
Veo,ba59c755-7fa5-5cb3-b1b4-a56959841aa7,,39.969107,-82.999701,,,,,,
Veo,c545f46f-11e2-5602-939c-421cf8f6f6dc,,39.953448,-83.097361,,,,,,
Veo,fdfbf961-9e18-5f9a-95d2-a9de744a0b5e,,39.962329,-83.000611,,,,,,
Veo,d35ed161-d122-57ef-a4dc-608ba571e0e2,,39.935616,-82.954723,,,,,,
Veo,9c680d8e-aa2e-58e3-bb8a-c78a63f47f47,,39.955996,-82.999913,,,,,,
Veo,ae64681a-d6ea-550f-ae3c-140c0523ea72,,39.961111,-82.986343,,,,,,
Veo,d75ed26c-f83c-566a-87a4-8024cbc2fa80,,39.955944,-82.94531,,,,,,
Veo,e488b73d-1b47-594b-a9c8-e75508b7ec87,,39.955828,-83.002686,,,,,,
Veo,5326586b-d742-5635-979f-29a1c475dc96,,39.940772,-82.997292,,,,,,
Veo,e5be678b-03f9-5b41-a269-f1c5568ed157,,39.963203,-83.002668,,,,,,
Veo,b5e7c4ed-97cc-5f96-8a2c-143012c59b8c,,39.952041,-82.98252,,,,,,
Veo,a527725e-3b6e-5f52-9792-25696020b0cb,,39.959439,-83.024028,,,,,,
Veo,810f777b-a7d1-59da-8a74-d77692986243,,39.959248,-83.025565,,,,,,
Veo,c6919806-91f9-5cd3-b07d-3e260ea34bd7,,39.961332,-83.003465,,,,,,
Veo,40d0290e-51c2-57d6-906d-27a79cc14b92,,40.000636,-82.986442,,,,,,
Veo,7486faf4-650e-5d4a-81af-d17340a99174,,39.992994,-83.00685,,,,,,
Veo,5137782f-23bd-56c6-95aa-75a3e2a21dd2,,39.998189,-83.016065,,,,,,
Veo,fb0335e0-30ca-5785-855c-9eaeff3dd530,,39.955895,-82.945373,,,,,,
Veo,bf1efce4-fcaa-5473-ab8a-79d621125efa,,39.967781,-82.949696,,,,,,
Veo,eb2c1724-4cc4-5ad3-becc-ae0575c3dca3,,39.95761,-83.006325,,,,,,
Veo,4b3b6306-594d-51eb-b701-9b7a293f39bc,,40.003515,-83.015948,,,,,,
Veo,05386205-b4cf-5e40-b1f9-f8762dda3779,,39.995396,-83.020128,,,,,,
Veo,218ed188-87b6-505c-86ed-f6df620eaa6d,,39.959233,-83.025643,,,,,,
Veo,327aa3cb-a02a-5ca6-bea0-e15677809581,,39.998705,-83.007927,,,,,,
Veo,d9e25ccb-5fe2-5ace-bf98-4055bd0d0cd6,,39.955871,-82.945354,,,,,,
Veo,04b6beaa-6559-5f23-b12e-ffe1fe670c54,,39.995677,-83.006929,,,,,,
Veo,1b6fb4d8-9aa7-57ea-9b48-5eb74cb2eb7b,,40.014665,-82.991085,,,,,,
Veo,e116c6a7-4340-54ed-a524-8fbc77b9f9e0,,39.955826,-83.003006,,,,,,
Veo,15a1b8d8-7f5b-5016-97d7-c5f1ca4a284f,,40.004217,-83.013828,,,,,,
Veo,e58ba241-766b-5482-a59e-c508586766d6,,39.957472,-82.989971,,,,,,
Veo,80878042-0695-54ae-b54a-04d2dad1d4d6,,39.968154,-83.010023,,,,,,
Veo,1dffdbdd-9339-586a-ad37-16f6810c9407,,39.963639,-82.962865,,,,,,
Veo,20bd1ce9-5836-5452-91d4-dd2f40cad39a,,40.014637,-82.99106,,,,,,
Veo,2bfed2c5-ca9c-53fb-858b-f00be887b6a6,,39.959231,-83.025588,,,,,,
Veo,fe8ad031-ed97-5bc1-885f-fc8c4e2aa74f,,40.019509,-83.01248,,,,,,
Veo,5ecd5be4-bb79-5097-9c15-4612c1e7af56,,40.004147,-83.01602,,,,,,
Veo,eda96840-f6a1-5600-80d8-8d9be4eeb9ec,,40.014429,-82.985571,,,,,,
Veo,52d2724e-1f4a-5007-8c4f-ba8debb5d4d1,,40.001335,-83.010512,,,,,,
Veo,87088cbc-45a6-5659-b562-8eed3813c1c7,,40.000611,-82.986437,,,,,,
Veo,b35d003c-c4e3-5d7c-8dce-d2fb4464695e,,39.992479,-83.010588,,,,,,
Veo,c5afcc28-fcc5-5a70-8ff4-6da70a5e1fe7,,39.957652,-83.006278,,,,,,
Veo,70502c61-2087-5162-a7bc-87142c73782c,,39.955857,-82.945361,,,,,,
Veo,7b7ec57c-ddfe-52c3-b35c-dfbd9e1c179a,,39.958586,-83.002661,,,,,,
Veo,0a0cefd7-646f-5b3e-b51b-282f0d0d8cfa,,39.958756,-82.999876,,,,,,
Veo,0ff7fd42-56e3-5e48-912b-f941e3d5ff71,,39.986149,-82.941326,,,,,,
Veo,396baf59-2ca1-569c-bc5a-8a5c9103b9b9,,40.000287,-83.017967,,,,,,
Veo,6c886625-4071-562f-b4fd-86ba181a41c1,,39.968748,-83.003806,,,,,,
Veo,fa215d2b-3bbc-502a-93a2-f014c2fee1de,,39.961813,-83.000453,,,,,,
Veo,62f3ae06-c146-5459-800b-49254060f2fb,,39.96209,-83.000425,,,,,,
Veo,6354729a-0ca1-5a54-809e-65d179dc90fe,,39.955916,-82.945393,,,,,,
Veo,947fc83f-348b-5426-b9c8-843ca7df92b5,,39.993918,-82.982418,,,,,,
Veo,cb11b5bb-f91f-5499-a5e6-259f9b08614e,,40.002994,-82.974087,,,,,,
Veo,40d45d50-f723-5a32-9891-70582b2f87d9,,39.9435,-82.99039,,,,,,
Veo,868d2853-563a-5e81-b60c-bcd5563e9977,,39.973415,-83.002669,,,,,,
Veo,7f3fe15b-195c-5591-8062-4b1bb671702c,,39.954664,-83.001432,,,,,,
Veo,4228d485-7224-514f-acdb-092ade452363,,39.994027,-83.014473,,,,,,
Veo,7af0a8e8-7746-5c4d-81da-9f4bc69b54ef,,39.966095,-83.001608,,,,,,
Veo,37409a03-0aaf-536c-a2e8-b47297ee4428,,39.955963,-82.945274,,,,,,
Veo,4b5f9cad-d984-5a35-bde4-e5fb583190a9,,40.014616,-82.991069,,,,,,
Veo,7f871a99-a992-5e4b-ae91-8ab59345bfc1,,40.002245,-83.015901,,,,,,
Veo,00fb7f48-27b4-5657-81e1-67066e5df6ff,,39.9559,-82.945399,,,,,,
Veo,2845d069-46dc-54a6-8b66-bede0dcd2b62,,39.995961,-82.979223,,,,,,
Veo,3334e905-05ff-5285-ae67-65eccccdd5c6,,39.957631,-83.003597,,,,,,
Veo,15c1bfe9-bb7c-5d2d-8d58-3f87e44d5585,,40.005948,-82.997784,,,,,,
Veo,cc22cc58-ab62-5ea4-a441-dce3cbed9848,,39.959871,-83.021382,,,,,,
Veo,90789835-17e2-58c7-b974-08d7a90af48c,,39.992688,-83.006752,,,,,,
Veo,66034c89-0da5-5088-82c0-b7ec24b62da4,,40.000619,-82.986398,,,,,,
Veo,9ba27897-4b6f-5363-851a-86c449b7a97b,,40.014262,-82.982338,,,,,,
Veo,258f5c6a-5447-579a-8e64-4e9628842b03,,39.977149,-82.998165,,,,,,
Veo,6ff48108-c54d-557c-9bc8-5972a3a03a5e,,39.957464,-83.011051,,,,,,
Veo,7da1b1a3-97f5-5f8a-900f-15ed1961eb64,,40.014345,-82.983456,,,,,,
Veo,09cb51d6-099a-5943-8d1d-f8255db2d5c4,,39.959263,-83.025545,,,,,,
Veo,72604eb3-b99d-5683-b442-c00e52ce12c0,,40.007132,-82.971473,,,,,,
Veo,3281c58b-27dd-5b74-bec0-5d83f8366841,,39.955847,-83.002984,,,,,,
Veo,5f34f511-8cf7-5c14-996f-319a98692a80,,39.963274,-82.953292,,,,,,
Veo,b86cda24-55ae-5710-bc3a-322a5b2f7aec,,39.961105,-82.973227,,,,,,
Veo,c6265306-a094-5be1-bd33-c48eb4364614,,40.014329,-82.983407,,,,,,
Veo,fa3c2741-7456-5bbf-83d3-1efbc36d551e,,40.014327,-82.983402,,,,,,
Veo,a20db56a-91fe-5a2b-b2d6-ac9d7193c312,,39.999679,-83.001637,,,,,,
Veo,12903d54-8bd7-50d2-89fa-40717741ba95,,39.98447,-83.004866,,,,,,
Veo,22d3e9c4-78de-5aa5-9cd3-a0607f5b5076,,39.959229,-82.952805,,,,,,
Veo,275ef20c-4435-5b04-a24c-0d3179b28bce,,39.992815,-83.006711,,,,,,
Veo,c7aae7e6-0b92-5202-ae98-66477c5c0792,,39.981294,-83.006601,,,,,,
Veo,9ceefe41-1738-5ef2-bd0b-c39a5c0bfef7,,39.986055,-82.941393,,,,,,
Veo,4095c3e6-5efb-5756-80a0-641bc5b4df69,,39.959245,-83.025455,,,,,,
Veo,2229a8ea-9ecd-5279-a3f4-d72889addfb7,,40.005666,-83.011511,,,,,,
Veo,395307e7-5109-53f2-be2c-ed68ebef7dc2,,39.968541,-83.001607,,,,,,
Veo,6b9355de-35c0-558f-a375-dddde674ca92,,39.961302,-83.003382,,,,,,
Veo,3be45668-3625-599e-a605-bfb963c1b791,,40.014336,-82.983402,,,,,,
Veo,e94ae0b8-94b6-5c7e-98ec-053835636a13,,40.000618,-82.986408,,,,,,
Veo,bf99022d-c6f7-5c1b-bcfe-d3df21daa0e5,,39.985921,-82.989373,,,,,,
Veo,797c0aed-1117-59a9-a739-6bb4d4fc5d53,,40.005993,-83.009303,,,,,,
Veo,697f74ba-b7b9-53a9-8240-a33ac38af03d,,39.968614,-83.001627,,,,,,
Veo,bb4c5121-6dae-5064-81c6-111b2059d933,,39.989128,-83.00594,,,,,,
Veo,e2236074-18ff-5863-bae6-0d3bf203e61c,,39.963607,-82.962826,,,,,,
Veo,8c5459fe-67a1-5760-bc97-29f39ce5aea2,,39.98773,-83.022856,,,,,,
Veo,4e9d186e-e800-532c-a227-76885890a31c,,40.007101,-82.971487,,,,,,
Veo,21657030-e74c-5648-a9d8-16d58c7d2a33,,39.996114,-83.019235,,,,,,
Veo,e37f337d-163f-5c39-a8db-fb976dc97196,,40.00271,-83.007731,,,,,,
Veo,e150a861-cfc3-5e8a-bb78-0c3d0ec3fa3c,,39.957594,-82.968131,,,,,,
Veo,3d9a2bd0-3c7a-5e18-9c3c-afa3aa063a72,,40.001977,-83.012658,,,,,,
Veo,9728004a-45af-547f-b9d6-5fe2b86dacbb,,40.007159,-82.971504,,,,,,
Veo,553aaec4-9442-53b0-a135-b8c80f11f806,,39.967853,-83.000542,,,,,,
Veo,7a7d4584-3d42-5b9e-93ab-b00ee0c7b3b4,,39.986816,-83.010924,,,,,,
Veo,e538419e-47ab-5ccf-be31-708659cafc01,,40.014424,-82.985574,,,,,,
Veo,193debff-2d03-5525-b97a-bb6b508944ff,,39.93289,-82.982521,,,,,,
Veo,1174521c-42a9-5b1a-8c4b-57d1fad1b927,,39.957754,-83.003602,,,,,,
Veo,fd0ea95c-ce74-5256-ada0-c1553be55c0d,,39.96023,-82.988297,,,,,,
Veo,60b5723d-df39-592c-bceb-b5b7738a3753,,39.985948,-82.989462,,,,,,
Veo,3f0c8039-2e54-5d7f-9387-0b60ad5d7969,,39.96447,-83.005223,,,,,,
Veo,0cae7b1b-6bb6-50e6-9c58-72a79f324ecb,,39.952019,-82.982571,,,,,,
Veo,f7c6289d-668a-5527-9b30-4e01912100de,,39.985911,-82.989383,,,,,,
Veo,77609495-6c22-51c4-89e1-57c6af2c11e2,,39.985884,-82.989438,,,,,,
Veo,5992ece3-eacf-5b2a-9bee-dbc4d486442e,,39.964569,-83.005023,,,,,,
Veo,df8a0133-4e9a-5fc1-80e5-9a365b34a538,,39.972299,-83.002837,,,,,,
Veo,bb58bf1c-5aeb-5d57-970b-c548ab8a9bd0,,39.95591,-82.945398,,,,,,
Veo,f5eba09f-bc7d-5179-8233-7201a5e7fe94,,39.969062,-83.001069,,,,,,
Veo,36e4a8c0-f8d7-5b32-a509-212170698d26,,39.972392,-83.003009,,,,,,
Veo,3028fc22-b813-51b3-b28c-14de976061d0,,39.958524,-82.977973,,,,,,
Veo,eea36588-a724-5ddd-a2c0-a9a00fd169a5,,39.951964,-82.982185,,,,,,
Veo,2b6f23a1-4085-53e8-8f49-f644cf0b38ad,,39.955914,-82.945435,,,,,,
Veo,e6d0554b-353c-516e-95fb-75fcbcdc32b0,,40.032703,-82.991284,,,,,,
Veo,4a240c9d-478b-5579-8827-72c0bd47123d,,39.960257,-82.988371,,,,,,
Veo,7ac917a7-cc40-5009-a44d-224b5c151b61,,39.960209,-82.988299,,,,,,
Veo,2fc9511c-5031-5827-b21a-8e9cde7bf740,,39.997865,-83.016854,,,,,,
Veo,ad9dd387-2988-5f88-9b11-3796b715aeeb,,39.969823,-83.003767,,,,,,
Veo,7df65472-beeb-594a-be96-8ed5c79bc137,,40.002962,-82.974077,,,,,,
Veo,1336dc83-aeeb-5b30-bfed-31d09cefe83e,,39.968792,-83.002091,,,,,,
Veo,8084ab82-5a38-52c6-ad9f-4f917e0375c9,,39.955972,-82.945308,,,,,,
Veo,b1df30b9-1359-573b-ab42-f12c68e6a824,,39.996616,-82.974979,,,,,,
Veo,f8169b95-946a-5d40-821b-452b91b28670,,39.999268,-83.021487,,,,,,
Veo,c4aedccd-4c9c-5795-ab9f-805a90665ace,,39.955906,-82.945333,,,,,,
Veo,22e935f6-f4d3-54da-aef2-4bbed40ef1d3,,39.999396,-83.005951,,,,,,
Veo,383e3ee9-14fa-565e-bda4-f9cd29a232b2,,39.970938,-83.009308,,,,,,
Veo,205a4ba4-4ec9-5ab8-a386-1e04e5da636a,,39.955501,-83.060213,,,,,,
Veo,6c93144d-9a3f-53be-b68b-50da996da4f1,,39.964507,-83.002716,,,,,,
Veo,d04a4a19-1a01-5fb2-845b-a66994211d28,,39.985905,-82.989383,,,,,,
Veo,36b5395b-5725-5e85-b0b2-6031e10cc8a3,,39.995901,-82.979094,,,,,,
Veo,ed51f023-1b4b-5434-bfc9-8bd13dddd9fa,,39.972371,-83.002853,,,,,,
Veo,e31352f5-da48-5723-a1e9-dc46a4267a7b,,39.955959,-82.945383,,,,,,
Veo,7cc5c128-3e3c-5cf9-8e0c-ac514760c4e0,,39.966044,-83.001471,,,,,,
Veo,9e901736-4213-577a-9ece-0f96b8d2c96e,,39.955914,-82.945432,,,,,,
Veo,f1a72edd-f647-5dbc-8b38-636f85f852f5,,40.101049,-83.108786,,,,,,
Veo,d7179819-737e-599d-89ec-5b66abcec875,,39.963071,-83.004317,,,,,,
Veo,3b1d3ea8-79ab-5047-aa34-f4841493dc3f,,40.101065,-83.108832,,,,,,
Veo,54b7557b-ea8f-54a9-8fce-24816a9da6ad,,39.965683,-82.996763,,,,,,
Veo,9ec6956f-d741-5d83-a5e3-05e890fb61c7,,39.96316,-83.00075,,,,,,
Veo,5e4485dd-aec7-5a46-b10f-9e5c77777e5b,,39.954412,-82.998998,,,,,,
Veo,5e28f1a3-8dca-5d0b-b2b5-b5210a33ef80,,39.995818,-83.014497,,,,,,
Veo,97c83cdf-8697-5da4-ab8e-3b7d12d962e2,,39.955876,-82.945408,,,,,,
Veo,a5c61cf8-fa7f-5ea4-8942-b6b11a14c6da,,40.002591,-83.008287,,,,,,
Veo,1e2114b3-9998-5438-81c3-01582e44c34c,,40.01981,-83.012602,,,,,,
Veo,7dc187ae-11f4-5fa2-be81-4e6caacb4ce5,,39.995057,-82.962362,,,,,,
Veo,599e8e4a-310e-57f9-8f00-5c6628a22e2b,,39.965009,-82.976438,,,,,,
Veo,c0ddc86c-3039-5484-bdf6-1fd6b58f0e0c,,39.958692,-82.997058,,,,,,
Veo,1bbb956b-9dac-58bc-b6f9-fcfc5106b955,,39.985797,-83.004591,,,,,,
Veo,42876fae-6f94-51ca-a18a-cd65892c3ab8,,39.958503,-83.014575,,,,,,
Veo,ed7e2c4c-0d45-5e81-b33c-e22ddf1c6f14,,39.970939,-83.002171,,,,,,
Veo,eba2bfa1-c9cb-5a12-95be-e8884c4cc6ed,,40.000713,-83.003031,,,,,,
Veo,7b92b856-6896-5e1b-ad8d-bb6a9af546fc,,39.990198,-83.005822,,,,,,
Veo,4330c73d-1094-547c-890f-1d2ba8682688,,39.993168,-83.020814,,,,,,
Veo,c43799bf-47d9-518b-9e88-19df00442f1b,,40.030601,-82.989577,,,,,,
Veo,8e7e7a8c-060a-59b5-ba3c-df76c3d8c181,,39.955949,-82.945332,,,,,,
Veo,8670450a-3301-5981-9a5b-d81f34cc9ff0,,39.993544,-82.981071,,,,,,
Veo,dc27da9f-6d36-5082-8051-464590e2b1cc,,40.030583,-82.98956,,,,,,
Veo,9b8cfb7d-4565-59b6-9e49-6127688d533b,,40.030608,-82.989584,,,,,,
Veo,1e5b5b99-f37f-54e9-ab33-855a9a0b68f4,,39.997787,-83.009549,,,,,,
Veo,3e718928-faa3-5cdb-8936-1e4a55752382,,39.952717,-82.993096,,,,,,
Veo,b538913e-93aa-5fb8-aba5-bca8eb154cca,,39.986133,-82.941471,,,,,,
Veo,45c33012-f3ae-5cbb-a0a0-ed350f9e65ee,,40.001333,-83.011279,,,,,,
Veo,0393055a-840f-5957-8ce0-338c3b1162f1,,40.000092,-82.998011,,,,,,
Veo,e1c60161-f51e-5dc6-88cd-1f6ca348fe43,,40.001535,-83.008308,,,,,,
Veo,5489dd96-afbd-5454-aca6-20bbbbd1ceeb,,40.001174,-83.008442,,,,,,
Veo,f2fa7023-e569-57f5-9f35-e15014fbc6bd,,39.957088,-83.003676,,,,,,
Veo,a4099156-47a7-5991-ba51-0ea19786f93d,,39.943956,-83.036961,,,,,,
Veo,852e5d22-9945-53d9-a0be-7dff90eb0d0f,,40.004023,-83.012856,,,,,,
Veo,09634eaa-4b55-5697-be1a-7b19d42555b8,,39.957526,-82.990064,,,,,,
Veo,06d3db94-f31e-58c4-a664-49aa95390d86,,40.014566,-83.011042,,,,,,
Veo,6ce2d9e9-c40c-5601-ad04-9157c7dfd583,,40.007164,-83.051827,,,,,,
Veo,2b90a034-a1df-5548-84cb-6564ae8603fb,,39.983436,-83.006593,,,,,,
Veo,71cd037d-b282-5a3e-aca3-b8810d8b77ad,,39.955902,-82.94541,,,,,,
Veo,2ab38bbd-a036-510e-bd1c-fabe6f3ce1f7,,39.955834,-82.945437,,,,,,
Veo,0e5412e5-9a6e-57a3-95cb-3b2df3c6e362,,40.00105,-82.976829,,,,,,
Veo,b6b4ceac-6ccd-5f7a-a09a-9f0967852812,,39.967496,-82.971252,,,,,,
Veo,4f86f3e4-9920-5954-89cd-fcd2fbbd154a,,39.976303,-83.010833,,,,,,
Veo,dc91c380-b2bd-51c9-bff9-bb484d4bbda9,,39.98322,-83.005232,,,,,,
Veo,d9593266-46ac-5845-8347-4a7b90000c58,,39.955952,-82.945386,,,,,,
Veo,d29453e2-0dfd-50a8-9826-de35b1cfa24a,,39.997054,-83.00759,,,,,,
Veo,5e8762cc-a49f-5d91-a7dc-ebf78da1c62f,,39.994107,-83.006618,,,,,,
Veo,ca709839-dbba-5762-8961-59617e59acd4,,39.994078,-83.005644,,,,,,
Veo,df8601bd-1a12-59a1-a470-552041f0bdcb,,40.016927,-82.978394,,,,,,
Veo,aa0ab7b2-f02d-5937-88ed-b53a8f787342,,39.976369,-83.010862,,,,,,
Veo,e68c847a-a6e3-5b9f-9e9e-0249e7ebbacc,,39.994046,-83.006779,,,,,,
Veo,44d427a6-4e0c-53bc-be8d-5abfaef74011,,39.993931,-83.013524,,,,,,
Veo,e262d9d1-d478-552e-bd64-a9818d0826aa,,40.001662,-83.014843,,,,,,
Veo,6e307801-68d0-5020-8101-5084005981dc,,39.955868,-82.945385,,,,,,
Veo,259b6390-c4a8-5859-90b6-4d5c5a17eb4f,,39.955949,-82.945347,,,,,,
Veo,4786320a-2189-5108-b751-1fb80162c930,,40.013885,-83.02916,,,,,,
Veo,e3bf7816-d9af-57ba-8d3e-45f61dcdc95a,,40.003691,-83.017524,,,,,,
Veo,ba939705-8fd4-5077-98bc-4a80d919a441,,39.961816,-83.002491,,,,,,
Veo,873f2ba2-1b52-5d06-9680-16de3fbea99c,,39.986184,-83.005106,,,,,,
Veo,432d001c-9c60-57d5-bafb-2653abc30045,,39.969113,-82.999703,,,,,,
Veo,ab2f80a2-1f03-5861-9555-9e549df99e56,,39.962028,-83.000073,,,,,,
Veo,454f607e-d03a-560e-8206-78944c652c77,,39.955873,-82.945378,,,,,,
Veo,46c36d24-8803-5e9d-9273-cc8b3bfcf2ab,,39.993937,-82.983337,,,,,,
Veo,e48ff2a8-5325-5206-adad-8a512338590d,,39.955967,-82.94537,,,,,,
Veo,5b987696-e4a8-5cda-878c-36744005b383,,39.955845,-82.945401,,,,,,
Veo,51d3c670-b9ec-54fe-abdb-b5916cead274,,39.985923,-83.005302,,,,,,
Veo,53d56c32-dc3e-5c32-92d3-9ba3157ee136,,39.962039,-83.000451,,,,,,
Veo,c6e890a0-40b4-502f-9ed3-5a56c3b1ba77,,39.985151,-82.960651,,,,,,
Veo,685d5676-8181-5323-ac2d-7734dd1a17bc,,39.960059,-83.000191,,,,,,
Veo,4ff8c207-b16d-5265-9c52-bf545ad85773,,39.999243,-83.021507,,,,,,
Veo,165f6303-981c-5743-ba7f-3634d9381b4e,,40.003988,-83.013307,,,,,,
Veo,04e6ec38-c277-5f68-8be6-9e68f8bcef61,,39.972285,-83.002814,,,,,,
Veo,b241e22b-b7bd-5eb6-833d-c7d1ff8c02ed,,39.962183,-83.004204,,,,,,
Veo,d3af8548-b91c-50c7-81cc-616388142992,,39.955872,-82.945397,,,,,,
Veo,7c3ae5c9-101a-5d8d-939a-d6e72bbe1ab7,,39.955944,-82.945187,,,,,,
Veo,9a8eb9e0-b4f0-5eb8-b58c-7aa7d9ae347d,,39.965997,-83.001383,,,,,,
Veo,5a255fcf-58a7-55cf-b022-4fa863b7d95f,,40.003971,-83.012836,,,,,,
Veo,06f9b0ec-d442-5c4b-882f-9e52ac0e28e0,,39.983321,-83.009828,,,,,,
Veo,85d4c155-4b2e-51fd-aef9-bf132f40d6e9,,39.986013,-82.94119,,,,,,
Veo,4f876142-5896-56b2-b7ff-35a9b8d485b0,,39.973472,-83.002873,,,,,,
Veo,bf7ac919-b5b6-57a8-a6c6-f8fe11a76cbe,,39.969315,-83.000889,,,,,,
Veo,b01a9729-3643-56a9-9c33-e73474e4c49b,,40.006117,-83.010718,,,,,,
Veo,c49a7cf2-2f21-5745-b4bc-879eb560ff17,,39.955952,-82.945413,,,,,,
Veo,3b8610fe-8aeb-5248-8f96-06e27cce5b4e,,39.962137,-83.000247,,,,,,
Veo,0f0db77d-9911-5a24-8e90-5df175804ed2,,40.00231,-83.001615,,,,,,
Veo,d30d31bb-bab0-5a0a-9106-bbfb17b88ec6,,39.969289,-83.001791,,,,,,
Veo,46f331f4-2693-5f2b-93cb-448ede277a4e,,40.000031,-82.997224,,,,,,
Veo,14c8e831-248b-523e-9fd7-ce554b751404,,39.972277,-83.002649,,,,,,
Veo,ae3ae194-f905-5283-8320-4a243860b951,,39.967051,-82.99435,,,,,,
Veo,26bbf8d5-33a9-51b6-8f32-0b79ce2bd3c6,,39.961778,-82.999896,,,,,,
Veo,f8b95c12-ba7a-5d4d-bd11-71425e1f40d6,,39.956003,-82.945463,,,,,,
Veo,191f520d-c37a-5b5d-9ab8-ca793891a1dd,,39.962011,-83.000191,,,,,,
Veo,e6b1cec2-f9dd-552c-bf80-837d1ee83140,,39.960652,-83.012498,,,,,,
Veo,be9833eb-4812-5d24-8508-e621d13cd2de,,39.959257,-83.025564,,,,,,
Veo,9d118b6e-f14b-51d0-be6d-869e2bda562e,,39.961167,-83.006459,,,,,,
Veo,fbc39dc4-4ce6-5e39-aea2-1f462c99ea39,,39.958684,-82.999868,,,,,,
Veo,b2f194d9-9c80-52e2-b0c1-30e1f5694ff4,,39.941979,-82.994921,,,,,,
Veo,16c4a8a0-c5dd-5d4a-ab12-67285ccc782d,,39.963629,-82.962842,,,,,,
Veo,e19730ca-aa5f-581c-a1eb-d284e1b9df6f,,39.962053,-83.002659,,,,,,
Veo,a297dec7-1583-58d5-a80e-59ef39403d2f,,39.957505,-82.990073,,,,,,
Veo,4f2b2a60-524a-59d9-bda9-ea77028fd8c3,,39.965709,-82.996841,,,,,,
Veo,9949d041-450c-546b-a635-3c3cc2111603,,40.007733,-83.012775,,,,,,
Veo,db497508-d80f-5363-b48d-e0eb67e7c844,,39.955861,-82.945328,,,,,,
Veo,d335e42d-cbfc-50c9-8e9d-44200ae5b0f3,,39.95589,-82.945424,,,,,,
Veo,3c5a449d-a673-5906-935e-679b44faf186,,40.032703,-82.991335,,,,,,
Veo,1212df9d-2c9e-5fc0-a330-d58ff81ac443,,39.968895,-83.003821,,,,,,
Veo,f99a97e4-97e3-5ab1-bd2f-3a4fc4287afb,,39.985858,-82.98948,,,,,,
Veo,3147ffe3-ac4c-5972-94cf-6e6193ec9bf1,,39.968488,-83.00186,,,,,,
Veo,19aa3cc7-f464-5392-b1fd-e232389f9de0,,39.972322,-83.002848,,,,,,
Veo,f3c25c10-f99f-5cc7-b941-6265894ea2a5,,39.956004,-82.945334,,,,,,
Veo,499d139d-f389-539b-870d-796593360613,,39.955948,-82.945473,,,,,,
Veo,9c596940-745e-5f59-955d-55385de6c898,,39.993557,-82.981018,,,,,,
Veo,24ec0afa-fb56-5bd8-821e-b1f89230bc79,,39.959449,-83.023988,,,,,,
Veo,df8a2660-8776-5f9c-8da9-b9a3d6e09fe1,,39.956446,-83.003181,,,,,,
Veo,0152bac3-fea3-53ad-bd8a-6f613da55ead,,39.959487,-83.024025,,,,,,
Veo,553dde84-25b1-529f-b6cf-fde3be1cd040,,39.992083,-83.006505,,,,,,
Veo,5e0f28c8-6c40-50a9-a85a-fc97d72ea2e1,,40.014284,-82.982663,,,,,,
Veo,74a52a59-4cdb-5fb5-b152-3f3c0aa16bc6,,39.955953,-82.945401,,,,,,
Veo,c6319de4-d820-59bb-84d8-c9dd75c9056a,,39.992117,-83.006476,,,,,,
Veo,4aa2920b-06f3-5d55-8270-469fc03dada1,,39.968322,-83.005421,,,,,,
Veo,8dd903a3-eed6-56f3-b2a6-d7d07ff9a15a,,40.014656,-82.991038,,,,,,
Veo,c12df97b-b221-5db9-9619-ddaead1e845c,,39.955939,-83.003158,,,,,,
Veo,99fd1bd2-357c-5add-8bf5-f309a98303ab,,39.978025,-82.959642,,,,,,
Veo,4f5f3074-1e29-5dcd-bd46-0a31b09eb216,,39.986069,-82.98906,,,,,,
Veo,7c542b2c-c25d-5118-a1db-42b28cfa8007,,40.014281,-82.982319,,,,,,
Veo,90088065-a22f-597c-9e77-87f631f7f283,,40.014418,-82.985525,,,,,,
Veo,b36ac1aa-8c80-52c9-b922-c9ef6ff94775,,39.99223,-83.00643,,,,,,
Veo,d06077ae-5215-53cc-8fb7-0f2d49d5ef31,,39.977111,-82.998148,,,,,,
Veo,4427701f-7d2b-5d4f-be7c-103627a2bf32,,39.972395,-83.002855,,,,,,
Veo,fe80591e-b1f5-5cbe-ad6a-3322c6d98a32,,40.001366,-83.011394,,,,,,
Veo,444efd53-0495-5d9b-8473-59fbc7b1a97c,,39.958565,-83.002575,,,,,,
Veo,00e21538-fc91-5935-9345-0941a9ccfa7f,,39.955838,-83.002928,,,,,,
Veo,a3cb0f60-6143-538d-b56d-de49bb231c5a,,39.958927,-83.022592,,,,,,
Veo,74fb0080-4464-585c-836a-5cce1316ae49,,39.95866,-82.999847,,,,,,
Veo,417c85dc-1cd2-59a0-96a6-780be5b7ce71,,39.973914,-83.009414,,,,,,
Veo,387c4ddc-c367-543f-8040-4fae380549aa,,39.966992,-82.994345,,,,,,
Veo,cc3ab418-f606-5400-a1e9-2c6f7d4d2bbb,,39.955866,-82.945392,,,,,,
Veo,44d92cf9-8927-5a3c-a338-c58a8cedfaa4,,39.962454,-83.000623,,,,,,
Veo,60af4870-85f9-54fc-902c-90c1304b956d,,40.005113,-83.013596,,,,,,
Veo,6f3ee4df-5ed3-52e2-b5ff-8f39d942b334,,39.942018,-82.994904,,,,,,
Veo,9444e9c0-bde8-5537-b54c-dbf2d0815233,,40.014486,-82.985939,,,,,,
Veo,ebceead3-07c3-581e-b808-41651cb8258e,,39.957638,-83.006294,,,,,,
Veo,26177f96-a7b6-5478-a4ef-c00cb3c5038a,,39.957603,-83.006292,,,,,,
Veo,d1d68f7d-22db-5c65-bf83-15bbad94d725,,39.996099,-83.007432,,,,,,
Veo,63294c6b-b997-5b7a-b504-4408e85a3391,,39.96329,-82.953273,,,,,,
Veo,8e514742-32e3-57f1-ad6a-ef5db247ba51,,39.958909,-83.02263,,,,,,
Veo,4495378e-33cd-5d77-9426-86e5b59946bb,,39.960758,-83.012464,,,,,,
Veo,5209e773-365e-57f2-8a03-e75bfbea2007,,40.000604,-82.986471,,,,,,
Veo,00096692-0c73-5578-94e3-5005b9370752,,39.986047,-83.00529,,,,,,
Veo,4577e3a5-5d68-521f-bdaa-6a9ddfbae8a8,,39.993873,-82.983326,,,,,,
Veo,909e39c9-880c-5f4b-8362-fedbd8dba510,,39.957842,-83.000648,,,,,,
Veo,063d88ec-66de-5f5d-9590-99375ce0a0e7,,39.959462,-83.024072,,,,,,
Veo,09ea548d-4fef-527d-a724-dc8d88c0b04e,,40.01447,-82.98585,,,,,,
Veo,478781e0-5820-5967-8a37-2bd8f27613f2,,39.959267,-83.025524,,,,,,
Veo,3cb8a530-b93a-5301-9476-0fc3aa40ae7c,,39.957751,-82.969205,,,,,,
Veo,9ac9b028-f0a1-5239-b6a8-8f403d8d557d,,40.003241,-83.018003,,,,,,
Veo,f0ef9d98-c226-5c6f-9112-36fe6c212d61,,39.949427,-82.982384,,,,,,
Veo,5c34dd70-aa81-51ec-8c23-d3738193ba71,,39.985908,-82.989429,,,,,,
Veo,e1aa0715-83fb-5e01-a5eb-6def0f046cd1,,40.000246,-83.011206,,,,,,
Veo,3b64bf86-9257-5bf5-a8a8-ee0dbc00e8f4,,39.958547,-83.002557,,,,,,
Veo,4cef3bbc-31b0-502b-b98f-7f7c6717158e,,39.998719,-83.01155,,,,,,
Veo,106233ec-8dbe-5e1e-bb73-d5f0bf5287e7,,39.959269,-83.025502,,,,,,
Veo,33fca4e9-fb7c-53a2-b1ba-2bccd2c9baad,,39.959281,-83.025555,,,,,,
Veo,9fa408e9-fd6b-5520-b322-f22d23b3e019,,39.993913,-82.983396,,,,,,
Veo,14571546-fd12-5c35-ab16-3a1ac33f2a0e,,39.955942,-82.945453,,,,,,
Veo,2ae8a8d7-c4a3-51d5-a0a1-4b4f21da77a8,,39.968454,-83.001438,,,,,,
Veo,62d5337d-7858-5e67-88cd-8b67f1018bb2,,39.97139,-83.00214,,,,,,
Veo,069b7651-ff90-5cd3-abc6-cdd2adc2c2be,,40.003952,-83.012977,,,,,,
Veo,4d41d195-34ab-5f01-8358-0d02afcb2fa1,,40.005052,-83.012375,,,,,,
Veo,ad508720-c4af-5a09-9bfc-630a5504930c,,39.961108,-83.006407,,,,,,
Veo,9085ee41-8f1e-5591-abd1-ff64d7997d6b,,40.002594,-83.015455,,,,,,
Veo,bf831bf9-86ce-5c0e-9537-0952f0f3520d,,39.95849,-83.002613,,,,,,
Veo,187c1672-128e-5b36-a880-36fb9dc1dde3,,39.982849,-83.004709,,,,,,
Veo,f450f3ea-4f52-5c92-be2b-5ae544b06e03,,39.986088,-82.941289,,,,,,
Veo,fbadecbc-6d60-54a8-a471-379e8c843fbe,,39.990181,-83.005868,,,,,,
Veo,df73c0cc-8302-5b79-8282-bfb42d871aa1,,39.977161,-82.998192,,,,,,
Veo,c4b6212c-b89d-5cf6-a65a-e550e12098af,,39.994919,-83.002011,,,,,,
Veo,3f2b3332-99ce-53a3-b079-3c8d754191a4,,39.9723,-83.002817,,,,,,
Veo,4a7f4a99-2f12-59fd-9a15-cb275d10a080,,39.989121,-83.013437,,,,,,
Veo,6ca57774-08b7-57da-8a42-d974cbe4bfba,,40.010266,-83.012581,,,,,,
Veo,1398716e-0055-5681-9ebb-44a931fa9c69,,39.999441,-83.005934,,,,,,
Veo,77fdf17a-b349-5b35-9183-c236842e5f77,,39.962158,-83.004141,,,,,,
Veo,6ded6853-11f4-53a7-9379-a4281d5cebef,,39.955951,-82.945258,,,,,,
Veo,d9308452-7b96-5f1f-88d0-1ebb0a1faf38,,39.952055,-82.981825,,,,,,
Veo,ed6c92a1-d848-5f94-846e-7bc84f7ed9f3,,40.013009,-83.001352,,,,,,
Veo,fd6ecdbf-605d-53e1-be0e-69ed2371057f,,40.002102,-83.016338,,,,,,
Veo,1a6eb2e9-fd54-52f3-8db6-f216c377638d,,39.970945,-83.00269,,,,,,
Veo,d7a3e59d-0183-5563-874a-d1c0f745ef8f,,39.993568,-82.981028,,,,,,
Veo,e705a43d-70ea-523a-946c-6e631dd3bf8b,,39.963815,-83.000647,,,,,,
Veo,245ec5a9-4d51-576e-984e-7a6ea54dc637,,39.982504,-83.001314,,,,,,
Veo,6748b9ce-0d3f-551f-8c06-23576f9b5aed,,39.962182,-83.004142,,,,,,
Veo,3c2abc43-3371-58fe-afbf-7650f1de060c,,39.994437,-83.006686,,,,,,
Veo,b4ce12f1-76e7-59d4-a821-8a2a1fc19ba0,,39.964394,-82.994665,,,,,,
Veo,65f7dec4-07ed-5a38-bad1-89e1d3fb56ab,,39.960228,-82.988278,,,,,,
Veo,7da3707e-a0ee-5f0c-a42a-ce8096144519,,39.957462,-82.990009,,,,,,
Veo,f5a5f560-aab1-5a23-bb88-530f43a7a447,,40.007389,-83.01526,,,,,,
Veo,8ea823d9-49b2-5628-975b-49fc3831ad60,,39.993944,-82.982452,,,,,,
Veo,88753958-c9ae-5b0c-a6ad-83385583f42a,,40.000292,-83.018023,,,,,,
Veo,1cf79761-0ed9-5a14-a8ae-8b2756267a4e,,39.997025,-83.017985,,,,,,
Veo,487ab9ab-4508-5b29-821e-35a80e69ffe0,,40.014637,-82.990993,,,,,,
Veo,dd1bf5a5-ba0e-508f-85fb-7633b7672166,,39.960287,-83.000002,,,,,,
Veo,258ffa8d-4a36-5190-8d94-76ec357a9545,,39.958525,-83.002665,,,,,,
Veo,c5c4d919-17ff-5310-a1ae-53566cdf1bd9,,39.956342,-83.003159,,,,,,
Veo,c49e985a-71e9-5fe7-9462-8d829e527875,,39.998856,-83.007058,,,,,,
Veo,66afeac6-882e-5f75-b51f-243e81735bf2,,39.99621,-83.005077,,,,,,
Veo,dfbc9b1b-fbda-5811-b19e-a0a587c27bf6,,40.097071,-83.119757,,,,,,
Veo,ebf1e4fd-858e-536b-879e-ccadab72f1c4,,39.955894,-82.945434,,,,,,
Veo,6fdf3f70-4de9-5503-a1de-d55af8fbb20c,,39.963046,-83.004267,,,,,,
Veo,a28bb1c6-17ae-5b2b-a182-61dd57222c72,,39.955996,-82.945351,,,,,,
Veo,e63e70f9-705a-5a20-9b29-fb19d2d042c4,,39.99975,-82.980284,,,,,,
Veo,3fe1d676-bdfc-54b4-ba7b-8d30c2babaf2,,40.050393,-83.001029,,,,,,
Veo,120dfaf6-5ce6-5b70-9588-9925808a2947,,39.955898,-82.94525,,,,,,
Veo,b9ff6735-5554-51be-83ef-39323ba55a9a,,39.95592,-82.945215,,,,,,
Veo,f19a0398-0f5e-5ced-a1fb-64ccb74baf22,,39.951913,-82.981978,,,,,,
Veo,d28ba24a-a7a8-52b3-874e-cb7e7918f83a,,39.998959,-83.017301,,,,,,
Veo,5c5aa908-fab3-5c7e-b27d-7990307370c8,,40.000097,-83.008145,,,,,,
Veo,f6b5364f-b03a-5d52-b67a-b6d83b80f632,,40.000284,-83.018049,,,,,,
Veo,50cfd2a2-9ba3-5734-b2d5-c9037926fdbb,,39.995483,-83.014864,,,,,,
Veo,5072744e-c484-59e7-a86d-289319a9183c,,39.954891,-83.026078,,,,,,
Veo,414c1ab9-4bec-5e0d-b1d9-6314d1d6c5bf,,39.955911,-82.945418,,,,,,
Veo,c6c75a71-d535-54c5-83cf-1ec315fb52fa,,39.955889,-82.945348,,,,,,
Veo,dc9db26a-d24e-5186-bbff-17ef61e51070,,40.003013,-82.974102,,,,,,
Veo,9efbc3ac-0f78-538e-ba54-70c9999fb7ea,,39.957678,-83.003633,,,,,,
Veo,710a9492-6e7b-5c6e-91cc-143790a1604d,,40.003965,-83.01277,,,,,,
Veo,88b82b7b-a8ca-52bb-89ef-9a4adc23e62b,,39.955855,-82.945405,,,,,,
Veo,66c092bc-a4cf-56d6-9ea0-85d7b46ed6f5,,40.098796,-83.114422,,,,,,
Veo,9ed35ea5-8a0d-5da4-80db-cb07fa0b2b12,,39.977147,-82.998177,,,,,,
Veo,83b5c6a6-2d49-5237-bafd-9c955acacb57,,39.955891,-82.945385,,,,,,
Veo,b22a5b0f-66ff-59ad-95c2-b0d8f7ced054,,39.993558,-82.981029,,,,,,
Veo,be3ae1e9-41fa-59b7-b60e-acd9ff65347c,,40.005258,-83.016535,,,,,,
Veo,6e1a9bc7-0cc4-56b0-ba84-0c38c4d67291,,39.973406,-83.002803,,,,,,
Veo,b9de14f8-b42b-50f5-b951-e0459a621444,,39.96461,-83.004961,,,,,,
Veo,867ed737-b793-5c8b-b61b-8fa885fbbcaf,,40.00714,-82.971486,,,,,,
Veo,cb7f94a1-60a7-5a84-944b-0a25152367e6,,39.972318,-83.002852,,,,,,
Veo,31ff7833-9e5f-5ccf-b51f-b35deb95b2c9,,39.955959,-82.945367,,,,,,
Veo,a1b43c67-ae8e-536c-b91d-f4483d0ad2a7,,40.001305,-83.011386,,,,,,
Veo,0c567a2e-7462-5148-bddd-100e558ff051,,39.985937,-82.989395,,,,,,
Veo,bc73a850-0a86-5cfe-a831-4b48d9ff0593,,39.962653,-83.002449,,,,,,
Veo,1356281e-21ed-5798-9154-859793861f23,,40.0011,-83.008419,,,,,,
Veo,fba52820-d176-537d-84b2-543433d239c8,,39.962264,-82.955552,,,,,,
Veo,d06ea24f-6c1f-5a72-9937-42258452b9ee,,39.964555,-83.005108,,,,,,
Veo,179869d6-cb49-5cab-b703-8777bf3bea7a,,39.970876,-83.00217,,,,,,
Veo,95b00a86-90c7-5d65-80a1-59c7f97c295c,,39.957633,-83.006281,,,,,,
Veo,ca6fee79-d0ce-56d3-8593-031014d9f425,,39.994946,-83.002039,,,,,,
Veo,b4565bfd-ab7f-510e-9a7c-d35af6d6b955,,39.999283,-83.0215,,,,,,
Veo,f0a81a4f-d281-5ad4-8978-7df99ad1ae69,,39.967748,-82.949627,,,,,,
Veo,40a925c4-24db-552a-b787-39690d97b352,,39.955936,-82.945347,,,,,,
Veo,99dc0018-583f-570e-b9d9-261ef4e6fe0f,,40.003974,-83.015429,,,,,,
Veo,b17fefd2-b319-5b01-9dd3-3e2c6abe33eb,,39.959974,-83.000104,,,,,,
Veo,8cb9749d-1d5a-5c71-aed2-9fa2071d319e,,39.9578,-82.969181,,,,,,
Veo,3bbf404e-70b2-5dd9-9c48-8ee8e6e419c3,,39.967922,-82.977206,,,,,,
Veo,8c79ad69-c364-52ff-be9e-c8439149f281,,39.95591,-82.945422,,,,,,
Veo,38bf0832-a018-5f74-83f2-ea1dc2cb66ca,,40.101115,-83.108737,,,,,,
Veo,c2e4da15-e608-5d69-aefc-d42428d5f679,,40.01422,-82.981568,,,,,,
Veo,42e9355a-6920-58ae-ba7c-895e18aeff6a,,39.95948,-82.993693,,,,,,
Veo,69315801-d118-5843-8d6d-e11f4571adf5,,39.957918,-83.001022,,,,,,
Veo,ce2695b7-5792-5dda-b8f5-667259c2999f,,39.95588,-82.999786,,,,,,
Veo,be37132c-12e0-50af-836e-539640ab68bd,,39.999243,-83.021479,,,,,,
Veo,4c2c0b68-c4c2-57fb-8b65-07c0a04cd844,,39.95223,-82.981406,,,,,,
Veo,36cb3733-e46f-5a8e-b0c9-0f727b3eb6fe,,39.958246,-82.976029,,,,,,
Veo,ba59616d-725e-5cb6-8e83-36d5f2a5bfd3,,39.943162,-83.022332,,,,,,
Veo,b782688a-5079-5525-8419-831d162da90a,,39.957722,-83.003494,,,,,,
Veo,eb218e45-ce00-5486-943c-fa09417c50ab,,39.970791,-83.002211,,,,,,
Veo,f8dbe4cb-7ed6-5e77-9c18-f8fdfb31b8fb,,40.003843,-83.01055,,,,,,
Veo,dab561e1-3e61-531c-9b26-feb8a942b52d,,39.955898,-82.945337,,,,,,
Veo,2146138c-26af-5841-8f6e-1f2c916ddda5,,40.002497,-83.015944,,,,,,
Veo,6057fd81-6bd8-5103-b2b8-f70a2438b8e3,,39.962193,-83.004204,,,,,,
Veo,6ced5e3c-00eb-5719-b0b5-f406dcbe186c,,39.98988,-83.013464,,,,,,
Veo,2830b773-f7f2-586d-ae91-a4611b9a49df,,39.993935,-82.983369,,,,,,
Veo,ec60b197-8a44-59a4-9571-4d01fd37bc04,,39.992335,-83.032515,,,,,,
Veo,1006533,,39.990227,-83.005871,,,,,,
Veo,25b765c1-c6c7-56e1-8dc0-05be24561d57,,39.943338,-82.996386,,,,,,
Veo,8ce63cb6-1bc1-5ce9-b39d-cfadb6dbdfa9,,39.952924,-82.976572,,,,,,
Veo,c7045ea5-adea-50e5-a9a8-14d133702bc3,,39.955458,-83.025134,,,,,,
Veo,655b7c84-8dad-5e18-b421-96ad91fe5889,,39.955961,-82.945314,,,,,,
Veo,f19b7d82-7d36-5c94-a7b0-4abda167764b,,40.002096,-83.01608,,,,,,
Veo,80188988-616c-5d2b-9e53-8bc87cf5efdc,,40.005952,-83.009498,,,,,,
Veo,be04cdf3-c11d-506d-8979-e1760aac4032,,39.980832,-83.004299,,,,,,
Veo,29050aa9-9efa-510e-9926-72690404ebc7,,39.966524,-82.999615,,,,,,
Veo,50cac6cf-c661-5264-b3ae-0e1cac4308c4,,40.000321,-83.018019,,,,,,
Veo,e8a854d7-c5c6-5e88-9fca-f68d16a28dd6,,39.955931,-82.945222,,,,,,
Veo,dcc22c24-b8e5-5f13-a168-986f86fd4bd4,,39.983937,-83.004926,,,,,,
Veo,26a0d11f-c972-548e-82d7-0f57ef92f8ac,,40.004203,-82.973234,,,,,,
Veo,cebc800f-d197-5325-8702-ac87f037b05b,,39.962174,-83.004209,,,,,,
Veo,6d50853f-71e2-5ec0-ae8a-6c6b6d63f8e2,,39.990192,-82.987377,,,,,,
Veo,822e7abd-15d6-5fb2-8afa-c5a95f762ceb,,40.003374,-83.015779,,,,,,
Veo,3bd7d3d6-bc60-52f7-8904-759c8cbd1e47,,40.003916,-83.012881,,,,,,
Veo,23e698e5-ce36-5230-8539-bc7e7fde7611,,39.962195,-83.004194,,,,,,
Veo,f4677c10-5524-5fe9-99ba-d8e0bbba7aa5,,39.961705,-83.001706,,,,,,
Veo,1f1a7fc3-2770-5f11-87de-41548c157d45,,39.971426,-83.004463,,,,,,
Veo,7e2fcdbf-2241-577d-8367-3df19265d0b0,,39.994179,-82.983528,,,,,,
Veo,422def15-02f7-50b7-83bb-874aa8041b45,,39.993584,-82.981093,,,,,,
Veo,64b6ca6b-7e31-57bf-a675-c9f924a7c21d,,39.986181,-82.94134,,,,,,
Veo,db919098-ef58-56cb-86fe-846c806c729d,,39.968816,-83.003947,,,,,,
Veo,ed39016b-976c-5e37-bea1-aad823bde1e7,,39.963815,-83.000767,,,,,,
Veo,14d18396-0066-5bd0-8a6b-a71377d0d995,,39.955931,-83.003043,,,,,,
Veo,2d953c7a-3584-57e8-845e-7b9acbae140e,,39.99105,-83.00886,,,,,,
Veo,cc1dc8b3-49b6-5bf5-a279-08a42bf0806d,,39.943969,-82.994414,,,,,,
Veo,2413b490-6ee8-591e-9194-ce771154565e,,39.998029,-83.009583,,,,,,
Veo,36bbfe62-71b4-5ab0-a3ad-e4dae68e288b,,39.970869,-83.002277,,,,,,
Veo,7ef816bb-84a3-5282-9b2a-3a58114f22f6,,39.991688,-83.013624,,,,,,
Veo,f83e6a01-b40b-51b9-829f-5c851b411aef,,40.101048,-83.108807,,,,,,
Veo,b95fe22a-098c-587f-8959-531a17cd6ae3,,39.958536,-83.014592,,,,,,
Veo,b182127c-a33e-58d8-9ab8-28a5a3a9b281,,39.980858,-83.003675,,,,,,
Veo,aeabe318-3563-59ff-b202-3b67babb064e,,40.002733,-83.012172,,,,,,
Veo,e34074ba-d34a-5159-9611-822cde85c3a3,,39.955892,-82.945352,,,,,,
Veo,740592ff-d9de-5ad5-aadb-42fec0c9d03d,,39.990749,-83.006222,,,,,,
Veo,43c7d0fc-6e50-5434-babd-19016fcdf720,,39.986136,-82.941307,,,,,,
Veo,1006502,,39.957653,-83.003593,,,,,,
Veo,8454ab01-79c4-5fa7-b38d-3256391a7d11,,39.963033,-83.004221,,,,,,
Veo,1bd42e1d-1bbb-576e-bd27-8e89eab1277a,,40.001077,-83.008477,,,,,,
Veo,7530ff64-3500-5349-bf4f-21fb73f14afc,,39.97632,-83.010853,,,,,,
Veo,1006548,,39.955863,-82.945382,,,,,,
Veo,9613f996-40bf-5e83-ac15-6eef4f259aa4,,39.985926,-82.989393,,,,,,
Veo,023dd936-6b4e-5b4c-9455-16ff58931e51,,39.944468,-82.991887,,,,,,
Veo,c42d1d6f-084a-5726-9803-047f0cb28943,,40.007751,-83.00953,,,,,,
Veo,4ba6739a-2122-5c6e-ae60-fd1ea923e6ee,,40.011427,-82.954282,,,,,,
Veo,2373f439-be38-5010-bd43-d5ceb5103e45,,39.993543,-82.981061,,,,,,
Veo,8936f9e1-45f2-5f18-abea-34f38af40fb4,,39.95589,-82.945379,,,,,,
Veo,690bbfe8-0a07-58a3-af4b-a474890b8608,,39.973509,-83.002693,,,,,,
Veo,42939877-a024-598a-82f5-f7f6e064b072,,40.01109,-82.999687,,,,,,
Veo,3048091e-2911-580d-a5cc-a92664e89abe,,40.014585,-83.011095,,,,,,
Veo,468bb064-c858-5b6c-ab5b-354e6195e388,,39.963079,-83.004247,,,,,,
Veo,af1cfb83-ab5f-57ad-8cf6-b648fa3c09fd,,39.955206,-83.001261,,,,,,
Veo,05a29b14-833f-5a9e-af2c-13515b3b6930,,40.00463,-83.013298,,,,,,
Veo,e4a859cb-98ed-5a97-832a-867797338a25,,40.030608,-82.989586,,,,,,
Veo,d2a85e77-b7fe-51ad-94c2-5eb1fdbe98bd,,39.96381,-83.000665,,,,,,
Veo,8c4995e7-1d01-5655-88c7-ce0e001dabb0,,40.014864,-82.996058,,,,,,
Veo,6fc43a69-95f7-577e-ad5c-8551357bffe1,,40.038305,-82.985991,,,,,,
Veo,935ac50d-b535-5773-a17a-b431242d96e1,,39.994109,-83.005681,,,,,,
Veo,8a887acc-c47c-5e05-9990-5506ebb8521d,,39.958562,-83.002583,,,,,,
Veo,db9fa2c1-a322-50d5-8627-146b562fc4af,,40.001068,-83.010437,,,,,,
Veo,9595971e-e291-50ab-b188-f497fec1edd8,,39.958035,-82.994824,,,,,,
Veo,3815923d-3d58-57f7-b717-73077e3b7524,,40.03059,-82.989571,,,,,,
Veo,f057b071-cbea-5d31-9210-6e7816b6b351,,39.990137,-83.005889,,,,,,
Veo,4c3b2ca6-7aec-51a6-a1ad-a4b03a68cb5b,,39.949258,-82.962029,,,,,,
Veo,aebefb40-bd3d-58c1-9490-8d4572e2df87,,40.002974,-82.974144,,,,,,
Veo,e006cb3f-c5fd-5c58-b59c-bb29cc3df11b,,39.958117,-82.994859,,,,,,
Veo,1acd15c1-5861-503a-a733-bc0762ee5279,,39.952199,-82.981436,,,,,,
Veo,f8770016-505d-535f-9013-faf1695d0295,,39.973459,-83.002751,,,,,,
Veo,519d049c-d92d-5fb7-9755-d19366ec8ede,,39.958495,-83.002616,,,,,,
Veo,db19b937-454b-5ccc-8e38-a34e60bf2c82,,39.960559,-83.012961,,,,,,
Veo,782249a8-5d83-5c99-a932-3949fa65b698,,40.010235,-83.013389,,,,,,
Veo,88b250fd-4921-5644-9b30-fae9a6d17acf,,39.99888,-83.007086,,,,,,
Veo,ba842419-e287-5191-8690-1a7ee9e87a19,,39.955944,-82.945288,,,,,,
Veo,f520e930-3e18-54d9-8ba6-76cde785dcfc,,39.96754,-83.007016,,,,,,
Veo,4a5f8125-a480-5d35-85bc-50226114c0b1,,39.971546,-83.002436,,,,,,
Veo,a5a4ab6e-fcb2-54a1-822c-86e6e2d60ba2,,39.977162,-82.998191,,,,,,
Veo,0f83e742-9b40-5b5a-8784-2690c4471a75,,39.935669,-82.954758,,,,,,
Veo,eb157d8d-b22c-5a85-8496-021463e2a4d2,,40.101049,-83.108913,,,,,,
Veo,bc3fc42e-d68f-5ab2-a4b4-cebf5f62b4dd,,39.958223,-83.028637,,,,,,
Veo,68718788-bd74-5c1d-992d-2173dffbcf5d,,39.968759,-83.003899,,,,,,
Veo,96e84120-082a-5130-b439-3331ce4250ff,,39.958121,-82.99494,,,,,,
Veo,221de5e5-d2e9-5f32-8fc2-833690205c7b,,40.030607,-82.989563,,,,,,
Veo,c331f510-baa3-58cb-b214-272f21dcf545,,40.004163,-82.973309,,,,,,
Veo,351d2ec9-db47-55cd-993a-3debf7822cac,,39.993946,-82.983365,,,,,,
Veo,55089337-37a0-5083-b764-ef045649a02f,,39.973763,-83.003414,,,,,,
Veo,5d248bea-7bbd-5c23-a4be-0a0c4c2a9a67,,39.943958,-83.036933,,,,,,
Veo,13bc02c2-76c2-5cd4-a7ef-1e2e4e066e5e,,39.980908,-83.0043,,,,,,
Veo,c2a66151-869f-5e64-94c2-16a49d877677,,40.000138,-83.008175,,,,,,
Veo,a0e45f41-715c-501e-9e0b-939222b3a7ec,,39.978981,-83.003546,,,,,,
Veo,582f05ff-59f1-5812-860d-baa8daac53d9,,39.957485,-83.012078,,,,,,
Veo,d13e302e-e388-50ee-9adc-90eab56508b1,,39.981949,-83.014242,,,,,,
Veo,2c8adfa8-dc52-527f-b60b-a417c38d0872,,40.005204,-82.975155,,,,,,
Veo,1c174da3-f8b8-50dc-b2ed-215050fa5ddc,,39.958724,-82.997012,,,,,,
Veo,ec7ab190-4ba4-5178-8384-e683a6c3c7f3,,39.997044,-83.007677,,,,,,
Veo,cc7e1aea-aa72-5f23-8008-ed503dd64429,,39.995036,-82.962381,,,,,,
Veo,5a5ecada-0819-544c-a86c-1e36b7e879e2,,39.960737,-83.012819,,,,,,
Veo,65f37fa6-110a-533b-9931-92a2f71789e1,,40.00195,-83.011454,,,,,,
Veo,659c2e17-7629-5815-94f9-5545c3d53d40,,39.963071,-83.004194,,,,,,
Veo,e715a799-4211-5261-8c31-366fb67b4c9c,,40.002518,-83.008328,,,,,,
Veo,ff2f49e3-c860-526a-a11d-a3777814e9ca,,40.002474,-83.018334,,,,,,
Veo,9c157397-2f38-51f4-95ad-8e46227de0cc,,39.955961,-82.945242,,,,,,
Veo,5e05ec8a-3461-593b-b08d-4b61d86c83bd,,39.993895,-83.006911,,,,,,
Veo,97690c4d-0edc-56b2-a820-e1e35c023ea4,,39.993607,-82.981102,,,,,,
Veo,80f6ffa3-01d5-53c6-b3ba-d2485367781c,,39.993544,-82.981146,,,,,,
Veo,f75ed421-c055-50d4-bbab-4b9a099cd2b2,,39.955945,-82.945205,,,,,,
Veo,57f6f04e-e85a-588b-88f2-5c5f1edd355b,,39.92278,-82.956548,,,,,,
Veo,add49ac5-38cb-5eb5-ace4-cd8a76adda73,,39.970681,-83.002226,,,,,,
Veo,fa93cc52-4238-53b0-b3c9-e072a8b6946c,,39.970318,-82.956684,,,,,,
Veo,59154f8d-8b77-5076-b799-a80b0cc612ed,,39.958527,-83.00265,,,,,,
Veo,ca5d4f94-ba26-574d-8569-947576bd3161,,39.96884,-83.003931,,,,,,
Veo,036b1c3b-9319-5167-a55a-f4ee46c3ba0a,,39.955926,-82.945378,,,,,,
Veo,6788a2e2-e15c-5295-9bf8-460b93ad6693,,39.998001,-83.009468,,,,,,
Veo,06756563-5a3f-5520-ab6c-13c359ec5960,,40.00107,-83.008403,,,,,,
Veo,f04efb60-4c65-519e-b95c-278e5ed9ae2c,,39.958283,-83.028573,,,,,,
Veo,8e144ae1-3d6c-54ff-bb5e-ed2e81260557,,39.957764,-83.003517,,,,,,
Veo,ae43da2c-7ba1-5495-9ff3-12cc2307660e,,39.964412,-83.002683,,,,,,
Veo,6f1ef347-0349-591a-8519-0bb8b98dd109,,39.955913,-82.94535,,,,,,
Veo,637305d3-21d6-55b7-8104-59b28bc22fcd,,39.997077,-83.018089,,,,,,
Veo,0f0dd088-c268-5f8e-9d67-e0ed54a7f2bd,,40.000486,-83.016625,,,,,,
Veo,988dc724-9024-5ffd-ac54-0ba0c057b040,,39.990215,-83.005821,,,,,,
Veo,b4a0a745-d457-590a-be80-8f074f570fa3,,40.00008,-83.008202,,,,,,
Veo,baaded95-f4fb-5072-866f-9224c962b237,,39.99897,-83.017398,,,,,,
Veo,8c55b1f2-0211-5f0e-a2df-ca9065adabfb,,39.962968,-83.004319,,,,,,
Veo,99e8eb6e-2969-530c-adc4-fa8a75979e33,,39.994077,-83.006779,,,,,,
Veo,fb8fc28b-f027-5522-9942-aa17eb743ea8,,40.001256,-83.010341,,,,,,
Veo,f7ea0cd0-5db4-5b3a-8caa-db4fc6f765cd,,40.005054,-83.0118,,,,,,
Veo,a190ef73-6d6b-550c-8abb-339ca1c0605c,,39.980926,-83.00441,,,,,,
Veo,c7e0acf8-f2d9-5c3d-b920-0f54315d0ee7,,39.982809,-83.004682,,,,,,
Veo,f7ab3a3c-6226-52a7-a909-7d345ecec6ca,,39.957802,-82.988389,,,,,,
Veo,20458450-856d-570e-8d77-1218beba694d,,39.992404,-83.019249,,,,,,
Veo,908debec-33c6-50f0-a0c0-34d7e17ec34b,,39.952035,-82.981479,,,,,,
Veo,6bace59b-7144-52d8-8e3c-d3a3595eddad,,39.958735,-82.999907,,,,,,
Veo,8dfb82ef-4d7f-502d-b146-7effc06168da,,39.955942,-83.003114,,,,,,
Veo,63f3e36c-60ca-552b-bd22-a03115df053b,,39.980913,-83.004428,,,,,,
Veo,366959ca-0ea3-5d1c-a54a-40fe38292038,,39.997984,-83.009465,,,,,,
Veo,dce9604d-7af8-5c54-a61e-42d8983c6dff,,39.982855,-83.004719,,,,,,
Veo,5d955460-f263-53be-897b-f444c9adf2ad,,40.001079,-83.008298,,,,,,
Veo,7e157fd1-ffca-5963-bfad-e3777666497c,,39.997798,-83.006919,,,,,,
Veo,8758dcda-b179-5fa3-b463-d8dcc9178258,,39.957493,-83.012085,,,,,,
Veo,7df6d40b-214e-55c0-8d64-b55e5569a0f0,,40.00254,-83.008365,,,,,,
Veo,69e20c2d-02e5-510f-87f1-c71cd12437d8,,39.983142,-83.036969,,,,,,
Veo,a8722d93-69c8-5530-80bb-667b9feb3e97,,39.95634,-83.00308,,,,,,
Veo,ef9e397b-dc52-5503-92ac-59c346f4108a,,40.005183,-83.010372,,,,,,
Veo,86f4077f-e039-533a-83bd-93c20cc8d2a8,,39.98284,-83.004697,,,,,,
Veo,3f23efa0-46bd-5464-ae39-6797881e7f56,,40.003965,-83.007755,,,,,,
Veo,9fc0f93c-dcee-5a5e-a703-57f655267e62,,39.962125,-83.004203,,,,,,
Veo,d51433ef-266c-5a3c-b47e-3dc9b743faf1,,39.96646,-82.999276,,,,,,
Veo,f42d4cef-6d86-54c7-9385-bc6d8b444672,,39.9435,-82.969171,,,,,,
Veo,e26e075a-c8bf-5673-816e-470c9284d24c,,39.955916,-82.945398,,,,,,
Veo,6d32a1cb-aa47-562b-8bd3-508563f5d2d8,,39.999206,-83.017792,,,,,,
Veo,7331795a-99f5-53f5-bdfc-245f7ee6e7a4,,39.955957,-82.945306,,,,,,
Veo,7b3e9f23-ffb6-567e-8cce-d586bdf19ee1,,39.982785,-83.004829,,,,,,
Veo,0a22a1f2-5d98-595c-af04-dfb70e03c2bf,,39.969402,-82.999736,,,,,,
Veo,5efed0d9-2313-5567-a4c5-c1d4a35d1a69,,39.944048,-83.036961,,,,,,
Veo,5aa5d065-3401-53de-8944-8c7d1abd0ecc,,39.958533,-83.002603,,,,,,
Veo,79585504-e409-532e-94c2-02033b3971cd,,40.00179,-83.016508,,,,,,
Veo,967218d2-5f4d-543a-857b-b59f37f75331,,39.994092,-83.006784,,,,,,
Veo,92e78ed9-f752-5062-b5f1-37b5bbded4f1,,39.967012,-82.994353,,,,,,
Veo,cbabe78f-6736-59c1-acf1-5e55b5a97988,,40.015539,-83.011149,,,,,,
Veo,ad039a6e-4061-545a-bb1b-4e6f14016d28,,40.101018,-83.1089,,,,,,
Veo,2a77fb40-fd62-5737-9877-887b50e1ce0a,,39.95195,-82.981613,,,,,,
Veo,85fbda69-d4f7-509e-8e18-d974d7bbe1c5,,40.00101,-83.006663,,,,,,
Veo,8c0c1b8e-10f2-5507-b632-33380b48b0b6,,39.984755,-82.998405,,,,,,
Veo,92d036a2-cc0b-5768-bffc-625455b6dc4a,,39.955879,-82.945421,,,,,,
Veo,8dfecfef-ccc4-52ca-9fa1-4d27df1aaac6,,40.044139,-83.019438,,,,,,
Veo,7325898a-f078-5e6a-809a-0bf1a0599b44,,39.997021,-83.007588,,,,,,
Veo,36e47d11-f480-5dd4-914d-57b378b4ad3c,,39.987164,-83.005426,,,,,,
Veo,8b79d721-1557-56f7-8f54-ed45939c0509,,40.007903,-83.010274,,,,,,
Veo,1e66a9e3-f134-5c08-8f44-50e0f8cb145c,,40.004579,-83.011978,,,,,,
Veo,5301dbce-1d34-58f5-be4d-7903b0dfb19e,,40.030625,-82.989494,,,,,,
Veo,e8c22c2b-3b3f-5918-b490-05818e7b3229,,39.970788,-83.002335,,,,,,
Veo,cbf6b67e-fb28-5121-9c80-cefd15617f80,,39.961444,-83.003511,,,,,,
Veo,d51ee9e3-85f3-5ec5-8cc6-944889fd7054,,40.003871,-83.010593,,,,,,
Veo,7acba85d-1a9b-5fd5-8587-a4f1dcb24488,,39.964107,-82.980323,,,,,,
Veo,b9add8bb-2fbc-5e97-aff4-0120d697fb5a,,39.99804,-83.009485,,,,,,
Veo,2e666404-65a7-5f9d-9b0c-675ac1c43c53,,39.94445,-82.992802,,,,,,
Veo,f37858d1-5bc9-5888-8d3a-a738d243be42,,39.96044,-82.986061,,,,,,
Veo,5fe16603-9d08-5af6-90b5-a046ac28b548,,39.963426,-82.977328,,,,,,
Veo,ff7dc281-fd8d-5ea8-a03a-ebba1cbc9e98,,40.014582,-83.01047,,,,,,
Veo,486a23e8-31d0-518c-b72a-7b468e76697b,,40.001105,-83.008369,,,,,,
Veo,862bed64-fd99-5465-b127-1a24aad976ed,,39.954634,-83.024723,,,,,,
Veo,2d37fa5c-51f8-5fca-8e3f-532530be4a81,,40.004172,-82.973263,,,,,,
Veo,5c776ab0-308a-50e1-bb6b-048f13372824,,39.938962,-82.979637,,,,,,
Veo,2458da85-7003-5571-aad0-dbf342ce7a9b,,39.999003,-83.018941,,,,,,
Veo,42a982f5-1f0d-5977-a5e0-bf547e262ada,,39.955986,-83.003206,,,,,,
Veo,9802abe1-4f98-503e-b6bc-e3a888317955,,39.963806,-83.000653,,,,,,
Veo,5395fa14-1bb1-5dbf-a240-2d27173a66e1,,40.000122,-83.00815,,,,,,
Veo,d23be199-707c-5108-bac3-495e64c04fc9,,39.997984,-83.00952,,,,,,
Veo,57c33c93-36b2-5b3a-a1a4-a7cf60c5927c,,39.961515,-83.005333,,,,,,
Veo,77c8daeb-0e2e-5c65-a296-d76f5b9d9605,,39.957218,-82.995023,,,,,,
Veo,ef993820-ef10-53a9-9175-5ed9ba7b9402,,40.026211,-82.922738,,,,,,
Veo,f5b71bbe-91a9-5c1e-baa2-f34246ddde08,,40.014592,-83.011106,,,,,,
Veo,7317af5c-9a91-539b-88a1-a48dbd99a91e,,39.958718,-82.999962,,,,,,
Veo,84c53a4e-208c-595e-82b8-fc7d5c2aea9e,,39.95691,-83.011077,,,,,,
Veo,5255c413-a5bd-5166-abc0-b128f8f4d6f9,,39.999518,-82.9989,,,,,,
Veo,c17a63a4-4c83-53f0-84a0-4395e1f5d6e8,,39.986208,-82.94137,,,,,,
Veo,2b7fa64c-2048-5808-aa65-fc2cca401209,,40.01469,-83.000202,,,,,,
Veo,3661b68a-1563-56c9-93b4-33c251b361f2,,39.998843,-83.011368,,,,,,
Veo,71f26f0b-3e3b-5145-bbc5-c56671708b6e,,39.958491,-83.013986,,,,,,
Veo,78c935f1-eaf5-5db9-8ffa-23b2e13dcb46,,40.002062,-83.012801,,,,,,
Veo,355fc8f6-967a-5403-8ace-9c7e32a04026,,39.989024,-82.975452,,,,,,
Veo,06fd9a72-e037-5c65-a661-7ff17fa69c29,,39.955919,-83.003078,,,,,,
Veo,df931611-dcc1-5b92-81a7-6df5a1c9018e,,39.955857,-82.945403,,,,,,
Veo,8db65440-7e7c-5d4c-9f72-7b508cd00505,,39.95749,-83.012355,,,,,,
Veo,a1f12b7d-98a3-5d40-b832-a72e5ecddd68,,40.00253,-83.008323,,,,,,
Veo,45584a6c-7245-5266-bf9a-885b01b316d3,,39.949473,-82.995329,,,,,,
Veo,d38c7b36-b34e-593f-b89d-934a93b04b24,,39.95851,-83.014628,,,,,,
Veo,00c07510-1db3-5c19-b95c-2a9c9e3ad9c7,,40.000381,-83.01801,,,,,,
Veo,c89f68f5-350f-5154-9d82-987cd6c83fad,,39.998605,-83.017293,,,,,,
Veo,3f20d828-9e8b-5827-a44d-c4414d86419d,,39.982738,-83.004681,,,,,,
Veo,2840d8fb-d531-5d7c-bb9a-33b6b136e2e2,,39.943981,-83.037003,,,,,,
Veo,ab5327bd-ae74-5694-b01b-8579253ef65d,,40.001108,-83.008365,,,,,,
Veo,af96c033-dc89-5871-b76c-418bf8f7675e,,39.955868,-82.945345,,,,,,
Veo,da32a9aa-88c8-56df-8234-8b1c131091c5,,39.944137,-82.969242,,,,,,
Veo,3de63100-e7cf-572e-b33e-fe276785d454,,39.949457,-82.995347,,,,,,
Veo,eb09c56d-dccf-5989-9bda-4d345efc90da,,39.972024,-82.956308,,,,,,
Veo,e08c84e2-2ec0-5908-909a-4a8be0f376ec,,39.958117,-82.994879,,,,,,
Veo,53f6aa0b-71a4-5e49-a42c-9e74b08af24c,,39.935018,-82.992149,,,,,,
Veo,957fb03f-b048-5ec4-bc10-04caf7c5fb8b,,40.002787,-83.01871,,,,,,
Veo,f41d96af-625e-5478-96fc-02ce1cdba067,,40.004041,-83.015023,,,,,,
Veo,9257127f-9f8a-5e36-ace8-05f83aa0fad4,,39.964623,-83.005091,,,,,,
Veo,8f33b3b4-986f-5dfe-9e37-48842b9dda3d,,40.004167,-82.973326,,,,,,
Veo,5093ca2d-6b4c-5293-ae09-d3251232d5ca,,39.972141,-83.004628,,,,,,
Veo,f796d197-b371-5246-80d5-aa6c8a06e3c2,,40.002522,-83.008331,,,,,,
Veo,421cd906-f65c-5ff6-b8b4-0407087e95d0,,40.001833,-83.00182,,,,,,
Veo,804c08c8-13af-5ef0-b16b-09c8fb3781e8,,39.960296,-83.015007,,,,,,
Veo,9c4101f9-740a-57e5-a0f8-0135d2dac403,,40.001703,-83.016843,,,,,,
Veo,75d61c86-4f1d-57a9-aff1-7fb2b76b752b,,39.995969,-83.015847,,,,,,
Veo,4009ac58-ae4f-5cd5-a983-15875c05c4b1,,39.955861,-82.945432,,,,,,
Veo,18a6c2bf-f667-523b-b22c-00da90d674df,,39.997048,-83.00764,,,,,,
Veo,6d25ffab-3357-5ed4-97fa-73510108a3c2,,40.017527,-82.994025,,,,,,
Veo,1e805f1c-dd4e-529b-9667-a207295ebbb1,,39.955955,-82.945417,,,,,,
Veo,d0e84418-3f61-5008-b508-ff40dee62d32,,39.965721,-82.996801,,,,,,
Veo,4b742181-96fb-59d3-b70e-96da3c0d5c02,,39.958571,-83.014614,,,,,,
Veo,5af04e3b-b588-520f-8a9f-02bc36c4cb52,,40.016121,-82.978454,,,,,,
Veo,1e66001e-aea1-5528-a670-229b45305a4c,,40.001513,-82.997347,,,,,,
Veo,d1e0c92e-9e9d-5c6d-ba80-b5b311dbf3d4,,40.000105,-83.008162,,,,,,
Veo,c266eb6b-42d3-518b-a37b-edfc7595cbb5,,39.963093,-83.004263,,,,,,
Veo,27741644-b8f6-538a-b99a-013035bc162a,,39.955604,-82.999496,,,,,,
Veo,04cd6a2f-dd6e-5838-8b81-112f0cd7b5e1,,40.000392,-82.996314,,,,,,
Veo,86dc2cfd-6185-5caf-83c0-e3febbf1ced8,,40.006076,-83.011587,,,,,,
Veo,740fa2fe-32c5-57af-96db-14fed628270f,,39.922281,-83.067553,,,,,,
Veo,2c4c0a34-4b84-5635-a613-4d2656134b9f,,40.002966,-82.974092,,,,,,
Veo,33af3690-1bff-51df-9017-a52103fd7d41,,39.976343,-83.010819,,,,,,
Veo,b8a93419-23a4-55c6-bb76-16add18c5c10,,39.949444,-82.995339,,,,,,
Veo,16050707-2476-5299-9387-babee8a41e7d,,40.001104,-83.008366,,,,,,
Veo,d8a42baf-68d8-5040-b129-bc7a15dff953,,40.001356,-83.010213,,,,,,
Veo,d236eab3-9303-58f0-9900-3dcada144ccb,,39.997472,-83.015456,,,,,,
Veo,f5f7e0b6-2d59-5665-bc60-627144f3456b,,39.987346,-83.00939,,,,,,
Veo,417dad07-1425-52d3-8923-7506e4b2bff1,,40.014697,-83.00016,,,,,,
Veo,5b18b03e-d9ab-5524-a307-27f9e2faef6c,,40.000203,-83.008589,,,,,,
Veo,e78dce41-e2dd-5a3e-a5e6-3ab4f3bb6509,,40.030639,-82.989567,,,,,,
Veo,b7772983-92e3-574f-8e5e-a6feb72a9a94,,39.963861,-83.000684,,,,,,
Veo,fd1f54ee-4323-5144-9149-2528cb287b6b,,39.95854,-83.014592,,,,,,
Veo,11aeae3d-d350-5eaa-96af-301a7bdc828e,,39.963255,-82.965773,,,,,,
Veo,71c11b36-6f0a-5ce9-9f60-fe0fd8249335,,39.943502,-82.990383,,,,,,
Veo,12df2723-da5c-518e-9839-f767ebdfd431,,40.098816,-83.114455,,,,,,
Veo,aa1ee957-83e3-5cf9-a1d2-b25ef6b1731a,,40.002548,-83.016031,,,,,,
Veo,646eb470-73e4-5ee0-a948-4b05ad07d327,,40.003217,-83.008446,,,,,,
Veo,eeaa90cb-12e1-5416-bbd0-dc05fe27f9b3,,39.976845,-83.003447,,,,,,
Veo,2ddc8908-b965-5dc1-968c-c8737565a2d0,,39.996973,-83.019801,,,,,,
Veo,29722bc7-f76d-561a-b3a8-5f1fb1bdd312,,40.001322,-83.010096,,,,,,
Veo,a0fe460f-ff7b-5a05-af5e-b576e6f6a44e,,39.964537,-83.005034,,,,,,
Veo,63e7fff7-bc69-513a-80e3-3e761e43380b,,39.956763,-82.994562,,,,,,
Veo,ab8d0f49-84b2-5b60-b29b-4e57303239f1,,39.956026,-82.94543,,,,,,
Veo,b5f9d948-7d92-5d5d-8803-ffbd312945ef,,39.99929,-83.021492,,,,,,
Veo,0bea1d49-8407-5f39-bde1-fbefc51ca9c6,,40.002044,-83.011888,,,,,,
Veo,76ab21dc-8769-52fd-9b48-4b9637901d16,,39.987117,-83.005637,,,,,,
Veo,97e97d51-f0f1-5154-8b0e-335d503b4bac,,39.957432,-83.0123,,,,,,
Veo,62d43bed-1f83-5050-bb98-3ed7736270f5,,39.963056,-83.00421,,,,,,
Veo,1fc429ca-a7cd-5eac-af23-d0b7f5b15319,,39.960341,-83.024067,,,,,,
Veo,cf9d1796-d071-5b6e-add3-7e59b498e7b1,,39.980774,-83.005917,,,,,,
Veo,48a3c59e-6532-5acb-b9c0-9b4277555544,,39.97711,-82.9982,,,,,,
Veo,6998e8ce-8202-55fc-b6eb-2709ba35bb22,,39.955975,-82.94538,,,,,,
Veo,f78ecc90-54b3-55bb-a942-c7e01b1ad310,,39.955944,-82.945244,,,,,,
Veo,5fec223e-395a-56d6-b0fe-95af57e4ea83,,40.00029,-83.018023,,,,,,
Veo,6ac8bc8b-47ed-59d1-95a4-de78cee7bb30,,39.985573,-83.006321,,,,,,
Veo,359ddffd-9d67-50b8-9da0-a5330cbfeea9,,39.958307,-83.028605,,,,,,
Veo,d60c145f-aba0-53c8-9401-ba66ef19caa0,,39.955948,-82.945406,,,,,,
Veo,85b92e2f-61ab-5448-8293-f449fd9a2c9e,,40.000881,-83.007964,,,,,,
Veo,f85c64e5-951e-5a46-bf82-eb92f3912e0e,,40.018222,-83.024461,,,,,,
Veo,49a03c31-ea54-50aa-a42d-7f9bafb9f33b,,39.999845,-83.005907,,,,,,
Veo,b70782c4-8c1f-5dba-ae49-73254bd87ede,,40.001971,-83.013071,,,,,,
Veo,aad06c08-e7cb-5d9b-acf4-b6e990cc3e77,,39.933464,-82.995766,,,,,,
Veo,718357c6-6aae-521a-9f11-74e7af71b6c2,,39.993584,-82.981072,,,,,,
Veo,20bc31d4-d6ad-59e9-81b2-967e36d835cf,,39.955838,-82.945372,,,,,,
Veo,1dc693e3-16bc-54fd-b024-0e2453b63d61,,39.982782,-83.004613,,,,,,
Veo,5a76f408-de1d-5f4e-bb43-a8398aa7b8e2,,39.993975,-83.006861,,,,,,
Veo,f2f8e9ec-d87f-55f7-b205-a315616b21b0,,40.101041,-83.108903,,,,,,
Veo,100f443a-6efc-549a-a068-aefafe0234d5,,39.985308,-82.931913,,,,,,
Veo,6eb9ce72-6463-579f-81ff-9d4caf2a4aae,,40.000332,-83.01806,,,,,,
Veo,e73cf774-aa7e-5c1a-bfbf-13caaf9ca918,,39.989627,-83.017315,,,,,,
Veo,128f9917-e302-59a5-a7c4-ba6a5c67a940,,39.995534,-83.012703,,,,,,
Veo,dcf19189-5093-5fdc-8ad1-abf09ff88eb1,,40.001536,-82.998475,,,,,,
Veo,93a8c22a-d97e-5262-a634-2b6f4d79a05f,,40.016965,-82.978412,,,,,,
Veo,a2064d79-52ba-5d7f-89c9-bbdf50e459ca,,40.014627,-83.000205,,,,,,
Veo,b2fb5189-65d5-582d-8a72-d934099fbae0,,39.985137,-83.01467,,,,,,
Veo,809a7a07-f9f2-57e2-9e91-812edfdbee57,,39.981895,-83.004439,,,,,,
Veo,dd970a6d-ee50-559e-a41f-88e27dd55b53,,39.977152,-82.998192,,,,,,
Veo,e526a8a2-c014-56af-8ce7-e9cb372b9a2a,,39.997036,-83.007547,,,,,,
Veo,ac3b9559-af2d-5d24-aa41-c9fc38ec0b09,,40.003834,-83.010648,,,,,,
Veo,27d94326-af90-5df6-9070-8e6c8ff54cc6,,39.993928,-82.983355,,,,,,
Veo,4dfb4f9e-d96d-5f4d-a5a9-9be2d791e7b7,,39.956896,-83.011058,,,,,,
Veo,487fc351-66a3-50ab-97c2-4e0868e58674,,39.955937,-82.945262,,,,,,
Veo,2f48ee77-3510-523b-96dc-2a86a5b4f71c,,39.963788,-83.000609,,,,,,
Veo,f9b9314c-1d94-59f0-83cd-392dfeb6c689,,40.00215,-83.015988,,,,,,
Veo,eb3e7062-8848-5729-ad53-95a353f279f3,,39.955923,-82.945232,,,,,,
Veo,7146fbd1-d735-54bf-a06e-1d855bac7843,,40.002449,-83.008357,,,,,,
Veo,28ac4072-38de-5236-b250-8bd9359a343f,,40.000111,-83.037328,,,,,,
Veo,f5c650cf-4117-554f-ab5e-7f9eba6455e3,,39.96222,-83.004178,,,,,,
Veo,a64aae29-525f-55a3-932e-d5e034766558,,39.971407,-83.004541,,,,,,
Veo,9d867344-663e-5f63-b319-17d485aecd12,,39.955871,-82.945403,,,,,,
Veo,0964974f-d0fe-5be1-9dea-a7d911d6ec00,,39.95822,-82.976017,,,,,,
Veo,97fbab36-79bc-543d-b898-62f31ecf0907,,40.00386,-83.010593,,,,,,
Veo,9ba2795d-56a4-549b-b041-1055b74b1edb,,40.020605,-83.026065,,,,,,
Veo,84f4850d-b997-5272-8e86-a371e670aeb8,,39.969247,-83.009574,,,,,,
Veo,5845a698-cdcd-55fe-8f4c-8110fde746ac,,39.9583,-83.028606,,,,,,
Veo,6c1112e8-6939-5e19-aa3e-b9c1bfd7d1fc,,39.998838,-83.007588,,,,,,
Veo,0fd7b3c1-1c04-56e5-9f51-9b8a083dd11d,,39.960199,-82.98832,,,,,,
Veo,5fd3ef19-e651-5042-8fee-842d9b2be0a5,,39.995042,-82.962455,,,,,,
Veo,05bbfdff-5fc5-5977-9ce5-dc210d4234a7,,39.958496,-83.014002,,,,,,
Veo,f9e65839-b4a9-5769-9267-a3ca15b1f819,,40.000365,-83.018048,,,,,,
Veo,85409b1f-7b66-5793-b555-5db22f4ea360,,39.962182,-83.004201,,,,,,
Veo,fdcd68b0-94ff-5ce1-b7c1-2247568941df,,40.004152,-82.973296,,,,,,
Veo,546dbd2d-d4d7-5583-91f8-b0648d2d4e2c,,39.960158,-82.988297,,,,,,
Veo,a52e91fa-337d-5a83-a478-5069e3ce2418,,40.014242,-82.994981,,,,,,
Veo,527b4f16-cb83-5b77-ae2a-b51f7b641df4,,39.987196,-83.005281,,,,,,
Veo,ca390b11-7be1-5d94-a6f7-55d99fb9678e,,39.942903,-82.995139,,,,,,
Veo,5f2e4f50-efa0-55f8-aef3-c9075e56febc,,39.987088,-83.00523,,,,,,
Veo,2d6de7ac-3d13-5ed2-944c-2f2c51472f02,,40.000381,-83.018002,,,,,,
Veo,2678286c-77c4-508b-b01e-95592d2e55e8,,40.000315,-83.018062,,,,,,
Veo,bf84490e-af0d-5e81-a181-09a5d873b117,,39.943471,-82.990397,,,,,,
Veo,bf62c7c8-99ac-5c62-87e7-cbeafc3fb963,,39.962944,-83.000916,,,,,,
Veo,06af63c5-4dde-5ba7-acaa-6729bc2a49e0,,39.931287,-83.036306,,,,,,
Veo,569817c0-fdf4-5ef8-8388-31a7736484a9,,39.955934,-83.003199,,,,,,
Veo,7a910560-62d2-5361-8796-d08c76767c16,,39.998914,-83.017353,,,,,,
Veo,c782520d-3577-5905-931e-7d7300b75656,,39.990168,-83.00582,,,,,,
Veo,32e6ea38-2fa6-5232-a406-350fbccb2d97,,40.00285,-83.005614,,,,,,
Veo,021632a2-8148-58cb-8c9b-04d3279d278e,,40.012983,-82.996497,,,,,,
Veo,3dbda1f9-c6cb-5e19-b6e4-af1f203edfe7,,40.101085,-83.108743,,,,,,
Veo,cc2e6764-05ec-52e9-beb6-d69ed5e0fba2,,39.95848,-83.013974,,,,,,
Veo,2d0ea229-826d-5c3a-a256-3df4d0221afb,,39.963792,-83.000694,,,,,,
Veo,75ebc565-30cf-52a8-b9d4-882d145259cb,,39.963045,-83.004231,,,,,,
Veo,72b03058-0c20-51ff-a78d-8d400489856c,,40.000218,-83.007155,,,,,,
Veo,d620d860-086d-5154-93ef-a6d38cd771a7,,39.997081,-83.01804,,,,,,
Veo,f3cfd04c-411f-55cf-9eda-af6f7e54570a,,39.956006,-82.945388,,,,,,
Veo,4407cd1e-85d8-526f-b697-bb0a1212f1f7,,39.987111,-83.017471,,,,,,
Veo,86ca8d8d-7040-5fd9-adc5-c67e4568f17e,,39.989916,-83.00497,,,,,,
Veo,ba263aa4-79ff-54a5-9aa7-0a5a5c013316,,39.968346,-83.005939,,,,,,
Veo,959d7e11-b7f2-530c-bd74-8427b91adb27,,39.940428,-82.983522,,,,,,
Veo,6eaa3508-1dbe-5e61-bf5c-e53192aab692,,39.98105,-83.003555,,,,,,
Veo,d76dc30c-09ae-5729-92e5-4e0d0c820268,,39.970726,-83.002284,,,,,,
Veo,bb3aefcd-8b12-5bf5-9383-c9ea9a27aadd,,39.970352,-83.001977,,,,,,
Veo,f526e3d1-5dd4-529c-a6c7-2f66e2527de9,,40.00172,-83.013817,,,,,,
Veo,829f6be2-7993-5d0a-a8e5-afc65aaf5d67,,40.001163,-83.008429,,,,,,
Veo,dfd38541-fd17-57e6-bea7-350988bf0af9,,39.994052,-82.98152,,,,,,
Veo,a8718b98-f455-5ba8-a716-2cc57a29de9d,,39.949494,-82.995354,,,,,,
Veo,0029e2a5-6499-5772-8b2a-cd5a910aceb4,,40.001036,-83.008393,,,,,,
Veo,9a2bf594-bbb0-5f3c-bf38-86f72bb0f5ca,,39.937672,-82.951562,,,,,,
Veo,30069e07-0e07-5f07-9ee3-23cd2ad608fb,,39.952182,-82.981426,,,,,,
Veo,65ef6356-5159-5af8-86f7-ec72f28fb9bc,,39.941519,-82.960154,,,,,,
Veo,a533a894-eff3-56af-9d1e-fd0e484ea8a8,,39.958653,-82.999944,,,,,,
Veo,4297b870-e950-5ff6-b8c7-94424821d01e,,39.958781,-82.999861,,,,,,
Veo,180be7c7-a421-5603-9670-b77b0b618ea7,,39.943499,-82.990328,,,,,,
Veo,07ea527e-7eb6-5094-8e5f-bafd4781c1d3,,40.005765,-83.011829,,,,,,
Veo,df18041b-fece-5a38-9c8f-4f5aeb8c6bd9,,39.989008,-83.033007,,,,,,
Veo,dfc4a626-4a51-50c8-b41d-1c060d91f6f2,,39.951894,-82.981591,,,,,,
Veo,ac82cbb7-5281-5c0b-ad33-6b28e410239b,,40.007271,-83.015391,,,,,,
Veo,17707e25-f248-5e5d-90f8-2ce57e7989ef,,39.999296,-83.021464,,,,,,
Veo,38b6431b-ce0d-5d49-8a43-0cb5ea431707,,40.003,-83.013578,,,,,,
Veo,39f6714e-402b-5ae6-932e-abd81e85b020,,39.990201,-83.005887,,,,,,
Veo,ce5c5736-a317-5802-a8fc-c631c8294d3b,,39.992106,-83.006467,,,,,,
Veo,bde0eb3c-3bcd-5915-99fb-19f976b7f6c6,,40.016947,-82.969916,,,,,,
Veo,f2895e7d-ddfb-532b-b5ac-ad5c29f062eb,,39.952081,-82.971971,,,,,,
Veo,83120c00-0832-505d-8126-8188b1f32bd3,,40.003574,-83.015741,,,,,,
Veo,c87f1478-5be9-5913-9f3d-f75cf164e6c9,,39.955853,-82.945341,,,,,,
Veo,f2f99996-de39-58e3-bed8-2ce079beaa7d,,39.986177,-83.005179,,,,,,
Veo,26d90e3f-36b1-585d-ac3d-bc7272a1eb7b,,40.002858,-83.014435,,,,,,
Veo,bbe9b46d-d599-5f99-910d-c2bf5ff57c75,,39.965734,-82.996929,,,,,,
Veo,65848469-1bdc-5e60-ac29-9614f2b3fcfb,,40.003499,-83.014973,,,,,,
Veo,aec24472-7333-5a73-a35b-71887b8fbb77,,40.002524,-83.008362,,,,,,
Veo,f67d1fac-9619-5e0b-95a1-728fe0b2d32e,,39.997177,-83.015097,,,,,,
Veo,14696fc0-29b6-5e25-af66-a56bbc25092f,,39.952173,-82.981406,,,,,,
Veo,3a8300f3-1c09-5193-bab2-88e29be7b4b8,,39.962779,-82.989477,,,,,,
Veo,69931ff3-c61b-57af-8562-0904ebd9d538,,40.098809,-83.114441,,,,,,
Veo,3e075a9b-2334-5fdc-9ba9-12efd8f2ed69,,40.004183,-82.973307,,,,,,
Veo,3f05ab7b-4b16-5b88-8fb7-2cef340eddf3,,40.030632,-82.9896,,,,,,
Veo,0d8b0a9a-0dfc-55b1-bdac-e2e1f043de08,,39.997963,-83.009486,,,,,,
Veo,28847187-3abb-5738-bcaf-da733550eb08,,40.013437,-83.003375,,,,,,
Veo,340f93f6-0e1d-5122-a9b5-cfb5361f7cd5,,39.997801,-83.016796,,,,,,
Veo,fa5a9042-2823-5ae0-8085-427674ce544b,,39.996811,-82.997821,,,,,,
Veo,353d4440-c545-5b03-8f6e-97c4c01de0ba,,39.99403,-83.006728,,,,,,
Veo,33894f19-290f-5a8e-8e34-c9249c2127e1,,39.993973,-83.01364,,,,,,
Veo,431259f4-7b38-58e8-bd09-d69f2da4b16c,,40.000313,-83.018028,,,,,,
Veo,407cd5af-a032-56bc-8a34-bac2b14fc7e7,,39.998922,-83.017444,,,,,,
Veo,41c10e6d-d747-542b-8375-96aa8dd1ba15,,39.971335,-83.004458,,,,,,
Veo,6c668695-e452-54cc-9328-9d53a8b0ce52,,39.955838,-82.945303,,,,,,
Veo,6a4eb312-a3b1-51d0-866a-9b7f89cd7db4,,39.949507,-82.995372,,,,,,
Veo,5923022f-53fb-526f-bea9-b1938302f3f5,,39.959828,-83.021377,,,,,,
Veo,6e2077f2-3ff1-56ce-aa90-836839bc5309,,39.955876,-82.945454,,,,,,
Veo,d93fe349-779c-5674-b1c7-4485848dc22e,,39.998975,-83.01094,,,,,,
Veo,70d06982-effe-5594-b114-6be8af82f173,,39.98608,-82.995832,,,,,,
Veo,1bb0a913-6e23-5659-8c58-6e9f35eba063,,39.966105,-83.001487,,,,,,
Veo,d4d23e78-f1dd-54f1-afb0-4c5881084a0b,,39.944506,-82.989558,,,,,,
Veo,ac386d86-4445-5b45-bbd2-f1c0a69e2b09,,39.974752,-83.002452,,,,,,
Veo,0495eb34-8742-5588-baaf-220eeee7840e,,40.007141,-82.971495,,,,,,
Veo,f57e63e6-5f3a-55dd-9fa9-faa4b1dfa7a8,,39.959256,-83.025576,,,,,,
Veo,94908185-5de8-5da2-9da0-0189596817cd,,39.955897,-82.945403,,,,,,
Veo,d300c60b-8802-5b43-bfdf-b7849b3683ee,,40.003479,-83.015931,,,,,,
Veo,099cae1f-ea51-547f-af68-a5a936ea3b93,,39.968055,-83.010152,,,,,,
Veo,6c6c9064-ac69-5981-9b69-c304c05521fa,,39.959444,-83.023981,,,,,,
Veo,d293a94a-fa8e-559c-8584-d172a2f7b5a1,,39.968797,-83.003787,,,,,,
Veo,25db176e-7b3c-55c9-885a-700fb10e846b,,40.014455,-82.985921,,,,,,
Veo,31a66d85-e724-5678-b0ea-751e4dfe3f3f,,39.966532,-82.984788,,,,,,
Veo,4c7558fd-1406-599a-8287-2418acb95feb,,40.018499,-83.026485,,,,,,
Veo,34b5189c-0e1f-574c-91e7-b43792b75347,,39.995912,-82.979088,,,,,,
Veo,fbdc6023-09ef-5696-bd44-e06041e28ace,,39.965704,-82.996837,,,,,,
Veo,d7ac0bda-b71d-5786-8c7f-ad77bf43580e,,39.961154,-83.006247,,,,,,
Veo,06156919-90b9-5c83-a6c2-26b0581bf40e,,39.941977,-82.994979,,,,,,
Veo,490a0468-b79b-574e-8670-042760a7f5a9,,40.002919,-82.974105,,,,,,
Veo,428845de-912a-55c3-bc23-b5776ec322eb,,40.007144,-82.971468,,,,,,
Veo,2003135,,39.955864,-82.945375,,,,,,
Veo,2003134,,39.955877,-82.945363,,,,,,
Veo,2003121,,39.999292,-83.021457,,,,,,
Veo,60bfedd6-0e58-58b8-a531-ac85ddbd50b2,,39.994086,-83.014322,,,,,,
Veo,05f92d11-cd0e-55e4-a444-01e5b6dc2c87,,39.960065,-83.015073,,,,,,
Veo,3c65cc29-d0c3-53e1-b57b-6dc543fe1d6b,,39.956731,-82.987938,,,,,,
Veo,2003120,,39.95583,-82.945336,,,,,,
Veo,2003064,,39.962219,-83.004225,,,,,,
Veo,a77d1478-fb71-59d3-ac41-c1ee751961b3,,39.955865,-82.945452,,,,,,
Veo,97a5c30b-51c2-5c4f-b9e9-3d71bd56bae8,,40.007139,-82.971488,,,,,,
Veo,072c1e90-105a-53a1-a041-aba05ef1259f,,39.955856,-83.003014,,,,,,
Veo,0e282db4-be8e-5416-ab4d-682f12eca5f4,,40.014333,-82.983387,,,,,,
Veo,b4bc559f-4b19-590c-b6b5-3a2ebbb02b49,,39.956029,-82.94529,,,,,,
Veo,173a3d18-8e28-599d-9afb-1f8af5ecd735,,39.999737,-82.980353,,,,,,
Veo,59a1bbeb-e51d-57a6-8851-c147e6a6dca3,,40.000826,-83.015082,,,,,,
Veo,c3970500-e353-55e4-a094-d3ed293706ce,,39.955854,-82.945403,,,,,,
Veo,6ba23be4-7eca-5300-83d8-a18a6e7ad12d,,39.955932,-82.945271,,,,,,
Veo,c9282dd9-ad81-553a-92cf-cecbc984d9b3,,39.957592,-83.000533,,,,,,
Veo,ad17b72d-f7fb-5b18-b681-bd74c3fcc446,,39.939722,-82.972377,,,,,,
Veo,a1145fed-f298-5647-9c0c-2f6d8e8182f9,,39.966104,-83.001527,,,,,,
Veo,e4701c51-a8e2-54d6-904b-5c93df9d991f,,40.014049,-82.999758,,,,,,
Veo,769439f2-9a18-5f87-a067-5a6da205faee,,40.014584,-83.011107,,,,,,
Veo,a8d2d9c7-707b-5dec-81fa-dce11a740c5d,,40.000062,-83.00814,,,,,,
Veo,2a43fc7b-c857-51d2-8a82-3109d5c6bd90,,39.982438,-83.001286,,,,,,
Veo,72ffb88b-10b1-537f-8cc7-08e609633f27,,39.968903,-83.003927,,,,,,
Veo,177a6777-f83f-5af6-876a-d0850d91229f,,40.00354,-83.012782,,,,,,
Veo,9e3c65bc-1225-53f8-ad97-a2ac62516917,,40.011424,-82.954264,,,,,,
Veo,0c97631d-eef1-5f05-82f3-0600ec15db3f,,39.960536,-83.013018,,,,,,
Veo,8aa72d0c-906e-5a82-bde0-ccafc0ee79d5,,39.958555,-83.002652,,,,,,
Veo,3f1c3c50-da08-5e56-9fba-2a92de7fa64b,,40.011569,-83.013553,,,,,,
Veo,ecb2f365-a45d-5d2b-a0ec-2452321ba1bc,,39.963768,-83.000698,,,,,,
Veo,38275aff-5be3-5305-a7f8-141036775a1e,,39.975311,-83.00323,,,,,,
Veo,b1ce2b44-1295-5c95-b29f-bf208204e142,,39.94548,-83.047712,,,,,,
Veo,82505830-7eeb-5938-968f-cbcf71f4931e,,40.101054,-83.108905,,,,,,
Veo,437f1f79-a5d9-5e17-94e8-c2839883a793,,39.958186,-83.002585,,,,,,
Veo,76c23ac7-22ee-5af0-abcd-9b26e1438fe3,,39.99929,-83.021481,,,,,,
Veo,44f81206-ca05-52fe-86f4-c9dfe7396cce,,39.943448,-82.992138,,,,,,
Veo,9c8a6318-9527-5190-9071-1924043e00e8,,39.957478,-83.01208,,,,,,
Veo,a54852ff-e247-584a-abf6-48022a39d2bb,,39.980801,-83.004485,,,,,,
Veo,a4f13fcb-ae04-5703-8e1e-958dd3d8b458,,40.001113,-83.008307,,,,,,
Veo,0e7b4a79-019b-50e5-a996-247e5ee182a2,,39.992123,-83.006396,,,,,,
Veo,3ffce68c-607c-5481-bb98-484cb4bb9c47,,39.952053,-82.981458,,,,,,
Veo,1a05da4c-c861-56a0-8533-60dda6a19bed,,39.996796,-83.021248,,,,,,
Veo,53d6e115-96a4-5948-9e71-ec018f685d7d,,39.967614,-83.007718,,,,,,
Veo,bf48672c-1cb2-55a1-bd8d-77755e642e0f,,39.955862,-82.945426,,,,,,
Veo,7e42b020-b992-5e42-ae44-3fc3e9a2dfbe,,39.994069,-83.005721,,,,,,
Veo,853f8d87-492b-5346-a7b8-66415657a244,,39.949468,-82.995371,,,,,,
Veo,817418b3-bd66-5900-9f79-630c060b6f12,,39.943975,-83.036956,,,,,,
Veo,07666905-19f6-533f-863d-73b9f37ccc70,,40.004648,-83.012798,,,,,,
Veo,945545e8-967e-5c96-b7b3-5c61705cba0a,,39.993592,-82.981136,,,,,,
Veo,c241a490-f6b5-569b-918e-8132230db367,,39.947925,-82.996943,,,,,,
Veo,dd82ad10-c039-58f1-a2ae-f013d26ff5d2,,39.964623,-83.004969,,,,,,
Veo,59a01768-e375-5269-b267-6134f7d2628f,,39.963748,-83.000682,,,,,,
Veo,0b7edccd-ac35-5284-88ba-f103a4d9dc44,,40.001252,-82.98365,,,,,,
Veo,7b678f7b-8362-5022-bab7-cadfdd73332c,,39.971279,-83.002647,,,,,,
Veo,50298555-0089-5f64-b8c1-7ff57388eb85,,39.957762,-83.003603,,,,,,
Veo,e521f6c4-f60c-5b27-93c2-05edbc21aec5,,40.00416,-82.973306,,,,,,
Veo,41eecd3a-c701-56cf-8722-ee4e71edceda,,39.999092,-83.019044,,,,,,
Veo,2e3b4639-bbdc-5cf8-be53-103ee1368ac1,,40.011432,-82.95429,,,,,,
Veo,1851cf5b-f239-5e64-84b5-c00036718efb,,39.956728,-82.994685,,,,,,
Veo,091a3c0d-7b4b-51c6-85af-bffd1b4efc95,,40.011424,-82.954242,,,,,,
Veo,60110099-6faa-5c2e-8d09-2d2f84cef31b,,39.984992,-82.956047,,,,,,
Veo,98b07802-3aeb-5648-95cf-c62c329bedf2,,39.999068,-83.00461,,,,,,
Veo,c72827e5-d3be-5ed6-8854-6eed30f231cd,,39.952167,-82.981398,,,,,,
Veo,d1667078-cc9e-53aa-860f-d1620590e28e,,39.949459,-82.995343,,,,,,
Veo,6c6c87f4-cdc9-5494-9416-d323b12c26db,,40.006647,-83.003514,,,,,,
Veo,b269420a-bcc5-5be2-8f39-24d8ea99a7bb,,40.030635,-82.989534,,,,,,
Veo,0172d129-4ab2-58b4-a5c0-f4d7eb307361,,39.993824,-83.012777,,,,,,
Veo,94245bd0-7083-5d42-a638-72b5f73de97e,,40.098822,-83.114469,,,,,,
Veo,1538ac69-4e89-5b36-80ac-11d4babcadaf,,40.016999,-82.978394,,,,,,
Veo,03dd3759-8d76-59ea-a3f6-5cd1bd07b93e,,39.965684,-82.996747,,,,,,
Veo,c6e53d90-ed79-5918-886c-d2266336ff7c,,39.927249,-82.953526,,,,,,
Veo,659daa90-2a1c-5d4c-a4a8-e5c9d0919124,,39.954588,-83.001413,,,,,,
Veo,d9c344c2-291d-53dd-9c71-02cc89065d6c,,39.997052,-83.007602,,,,,,
Veo,82aa585e-6dd3-5d4a-b6cf-b17619b07cb3,,39.992113,-83.006449,,,,,,
Veo,fa7826dc-69e9-56e4-a417-0e03f2fc1192,,39.977462,-83.01156,,,,,,
Veo,dde9825f-d49f-527f-9de8-c07a5054146b,,39.953296,-83.024615,,,,,,
Veo,34ea0e6f-45c6-5b94-acf1-7adc07f87983,,39.961118,-83.006458,,,,,,
Veo,15d3faa3-8b3e-5da9-adc1-0064be7d9351,,39.955817,-83.003026,,,,,,
Veo,ba020d6a-1e90-50e2-b5aa-b9ed5938ecdb,,39.958179,-82.994888,,,,,,
Veo,12c95a6c-6894-5f01-90bd-a3b4121bd962,,40.001584,-83.000898,,,,,,
Veo,293646bd-50d6-57ab-a295-311811433e43,,39.959767,-83.021353,,,,,,
Veo,2ceb8039-122a-59ff-ad62-5d7112e401ab,,40.001436,-83.011472,,,,,,
Veo,40f4f8ba-c3e1-5ee0-87b4-513517667272,,40.014821,-82.972104,,,,,,
Veo,94298804-ce23-5b38-9c1b-3afdc286608c,,40.014589,-83.011028,,,,,,
Veo,5fbee8f1-4975-53cc-ab5a-0e41cc4e640b,,40.004151,-82.973313,,,,,,
Veo,253eaf9d-51fc-5d73-a219-0a4f06085998,,40.014231,-83.001246,,,,,,
Veo,032639ea-0c2d-5ce1-9ba7-b5b163738f65,,39.998746,-83.011192,,,,,,
Veo,0363f5b3-c5df-57f6-bbf3-759e994cb6f7,,39.994041,-83.006939,,,,,,
Veo,eca65191-e538-59c4-820c-0e9b2e1677a7,,39.982712,-83.004612,,,,,,
Veo,dfdef29d-3396-512d-b948-2e19f13d2ec6,,40.001151,-83.008371,,,,,,
Veo,7ce70e2f-48e9-5225-9a56-42ee0e624999,,40.001823,-83.016528,,,,,,
Veo,5e4535ba-a817-5809-b66d-b9149f395521,,40.000672,-83.015484,,,,,,
Veo,10017bc8-b2ca-5821-9c25-4799c493783e,,40.003016,-83.013167,,,,,,
Veo,07acfe3c-ae08-5b61-8c13-4e454cb03f49,,39.965536,-82.995013,,,,,,
Veo,395d7610-5b5b-5878-9fe4-7adba8747b87,,39.924024,-82.987334,,,,,,
Veo,07ff4606-be86-5741-8bdd-d3a63191f5db,,40.011432,-82.954317,,,,,,
Veo,e1249289-181f-56b0-9ec5-197a2d443c18,,40.030629,-82.989525,,,,,,
Veo,cfb2fa74-b8b8-54e3-bb02-2020c198af89,,40.004173,-82.973323,,,,,,
Veo,b7d91faa-266b-5463-b01d-1d6f17e12afe,,40.012774,-83.000287,,,,,,
Veo,839e64a6-95ea-56e0-ba04-b1b9339223de,,39.976314,-83.010849,,,,,,
Veo,5d3ee26e-c901-5d11-bc53-278fbbbe5626,,39.996857,-83.015033,,,,,,
Veo,b19f3b02-0812-5bd1-a88e-021c09ece083,,40.011207,-83.001921,,,,,,
Veo,3efa3d0e-f730-522f-b04f-047ffb345bbc,,40.008507,-82.9982,,,,,,
Veo,088c4df4-2023-5f28-b63d-4982470d8f08,,39.958639,-82.997187,,,,,,
Veo,d48e6933-05a6-5497-9e35-6776460cc145,,39.949759,-83.028686,,,,,,
Veo,43738fa1-4c36-550b-947c-9855ac7228a0,,39.993608,-83.019582,,,,,,
Veo,40cd15e5-e0db-55cf-853a-e0dd4e25bff9,,40.001242,-83.011938,,,,,,
Veo,439635c0-584f-505e-bddf-9ad797ed6ab7,,39.949531,-82.995383,,,,,,
Veo,2401dd1d-fc6f-5ba3-b4c2-9b34d32bcf76,,39.963912,-83.000641,,,,,,
Veo,608dcaab-17c9-5f9f-a746-99e6efc239d9,,40.001123,-83.008366,,,,,,
Veo,00c39387-ca8d-526c-8ec9-c13d5154b515,,40.03063,-82.989619,,,,,,
Veo,41700c18-1c6b-5548-b403-1fa9bccd6320,,39.955175,-83.0012,,,,,,
Veo,9b7c5980-2dc0-5b9e-b0f9-2a1e2b0d9acd,,39.963808,-83.000739,,,,,,
Veo,bd7c1b77-db43-548b-9b34-3eab8e645057,,39.960273,-82.98829,,,,,,
Veo,dd855688-35cb-5a5e-a3bf-dee54ec439d5,,39.995899,-82.979123,,,,,,
Veo,93a5cb07-9595-5eae-834d-c01725842d28,,40.000027,-83.008188,,,,,,
Veo,5c9b68a0-94d9-526d-9a21-721cec781c92,,39.964567,-83.004974,,,,,,
Veo,a5fa942f-e01c-587a-b1e5-573338226c8f,,39.9659,-83.001334,,,,,,
Veo,6daccd91-4a4e-52bf-863f-51e5a98442c9,,40.002174,-83.011834,,,,,,
Veo,405fc6ae-503a-5711-af36-592e540d43ce,,39.962065,-83.00027,,,,,,
Veo,965eb3b1-caa6-51b8-b1e1-00e36d8fad8a,,39.944584,-82.989593,,,,,,
Veo,d3ce8b0d-9d03-5a10-8642-7080afc853e6,,39.960251,-82.988307,,,,,,
Veo,3eb36d7b-9e4a-5dd8-b27e-736f86d520ec,,39.947961,-82.987837,,,,,,
Veo,c88958b9-1056-5968-8bc2-037929e0c37a,,39.955919,-83.003115,,,,,,
Veo,c61a207e-f584-5eea-a24d-f299804c28fa,,39.965545,-83.007625,,,,,,
Veo,62b9eca6-5bcd-5eeb-8aa0-f5deb839fc94,,39.965663,-82.996829,,,,,,
Veo,71cc3f50-d36f-5169-a0bd-db7562ad80c2,,39.973503,-83.002611,,,,,,
Veo,1a23ba46-3392-5433-9f89-0cd3cb4ba9f6,,39.944468,-82.989691,,,,,,
Veo,0bb4adee-2096-587a-9a8c-8393ca2d2560,,39.994037,-83.01444,,,,,,
Veo,cf847148-0484-5c5a-a965-7307044ab7bf,,39.965936,-83.001527,,,,,,
Veo,5958747c-0da9-54e4-b237-ae7c56f65aee,,39.955926,-82.945422,,,,,,
Veo,12736b22-8aa3-5027-b5c3-ebddf3f1548b,,39.960396,-83.039876,,,,,,
Veo,3b3e3be7-1c04-5dde-b90f-695b1145bec0,,39.965953,-83.001374,,,,,,
Veo,90151491-a1b5-50ae-aeb3-864e123ac82b,,40.032722,-82.991288,,,,,,
Veo,6ff89064-a7a5-514b-a432-beda43ae5e45,,39.959865,-83.021394,,,,,,
Veo,738ec014-2352-5867-93f0-2ac3bdba53cf,,40.014227,-83.000198,,,,,,
Veo,d93e43e2-42d1-52ec-9837-e02bfed03968,,40.000289,-83.018021,,,,,,
Veo,180c918c-5683-5009-b2c2-1bf8e5dd6168,,39.964556,-83.005025,,,,,,
Veo,e5b7c546-87c2-5225-b4c6-0065ccc2b67b,,39.970434,-83.002379,,,,,,
Veo,965e7705-3257-5ad5-808e-ba66bb11edf0,,39.968893,-83.003911,,,,,,
Veo,5d9fd256-665a-55a3-b9e9-b6e77c9380ce,,39.999296,-83.021459,,,,,,
Veo,16c6a0f4-deb3-5c4c-8918-1b3cca9eaa7a,,39.941977,-82.995045,,,,,,
Veo,588145ea-5117-5e5a-9473-c31b13b9e0ef,,39.964527,-83.004986,,,,,,
Veo,3286bb88-4a95-5469-a757-7e009bfb0e4f,,39.970887,-83.002107,,,,,,
Veo,3c37be12-5eba-5709-8afc-3b6c533a197e,,39.959543,-82.957529,,,,,,
Veo,565bf7c3-7e0d-5f80-9904-3b96c542c95d,,39.990168,-83.005877,,,,,,
Veo,0bdc1fa8-8854-568f-89bc-5f469330995a,,39.957908,-82.960554,,,,,,
Veo,d5cd500b-fcf7-5d0e-b12c-5152514a3661,,39.955662,-82.99958,,,,,,
Veo,4213c3ef-ce8a-5514-bfa3-cb0660807736,,40.032703,-82.991239,,,,,,
Veo,8bff2a5a-7d24-5505-ac81-67233c98ae8a,,39.968735,-83.003828,,,,,,
Veo,27cc321d-79a3-5e3a-88fa-79c90426b4d7,,39.965661,-82.996836,,,,,,
Veo,f442fc8b-2fec-575c-b074-16aa64bb6df7,,39.968489,-83.001968,,,,,,
Veo,c521684b-5e8d-599e-b632-9a744a2cdc29,,39.968606,-83.001843,,,,,,
Veo,f73de404-f1c0-5f60-8bdc-a1c651268fb2,,39.956372,-82.995934,,,,,,
Veo,7739b58c-1b2f-5cf7-8082-fc854f9856cf,,39.971058,-83.002223,,,,,,
Veo,0173daff-b9b6-58e8-91b6-3cfa9511c61e,,39.985852,-82.9894,,,,,,
Veo,23756386-e94c-5f1d-b83a-ad4fb6835124,,39.985895,-82.989376,,,,,,
Veo,e94ef076-4564-59e6-bd93-d8c4a8d88d8e,,39.995922,-82.979113,,,,,,
Veo,c8020357-a723-50d3-8bdf-23a822bd8c59,,39.995796,-83.029292,,,,,,
Veo,dea59bda-2f7c-552b-8129-b7cc83ac56cf,,40.037159,-83.000253,,,,,,
Veo,64a19989-147b-5491-b9b5-5ec79fb36401,,40.007966,-83.010601,,,,,,
Veo,d7e07564-0188-5431-8920-2242f4a2c2a2,,39.972252,-83.002706,,,,,,
Veo,cea59890-6cdb-510f-b950-f0eb9822e3bd,,40.032695,-82.991288,,,,,,
Veo,6aa2690e-0814-5cb0-9056-1bcad0ffaf47,,39.9371,-82.982936,,,,,,
Veo,110dd816-4820-54ec-b5f0-8ef91770d3d2,,39.986555,-82.980788,,,,,,
Veo,4318f105-8c40-5044-82b5-3aedf49e73a4,,39.968912,-83.003861,,,,,,
Veo,c69cff5f-bd79-5cb7-aba9-ee9f24274145,,39.981088,-83.00422,,,,,,
Veo,62688379-1de2-5f22-93de-f662145570b7,,39.958693,-82.997072,,,,,,
Veo,946841e5-20be-5eb0-b514-e585d3575176,,40.032718,-82.991243,,,,,,
Veo,c580de29-c6ad-5da2-8ca0-3ea81bc16124,,39.959453,-83.024096,,,,,,
Veo,62b37f82-c238-5b92-a4d5-837e3cb3a704,,39.970816,-83.002221,,,,,,
Veo,4049bfee-6e59-538c-b76f-2cce1d199716,,39.972241,-83.002747,,,,,,
Veo,8960fa34-caa0-5c67-80e9-7e4ade7a3f19,,39.943986,-83.03691,,,,,,
Veo,548e473b-2ed2-5dfe-b22b-ac41d02f5f66,,39.964651,-83.005076,,,,,,
Veo,bc3df7d9-717c-59f7-a24a-11bb3c8b061b,,39.962142,-83.004168,,,,,,
Veo,a993aa02-64ec-5df7-83c7-5c293c020d0b,,39.94451,-82.989614,,,,,,
Veo,73778fc6-b1e7-544a-befa-ca81a943efb8,,39.940732,-82.982239,,,,,,
Veo,350e1244-b51a-513a-9006-a7bb5bc1e2f0,,40.005444,-83.015298,,,,,,
Veo,259ea3e3-ea00-50c7-b90c-9e28e4252e5a,,40.002964,-82.974093,,,,,,
Veo,f45d71dd-d8ad-562b-bc61-dafd265bdc4d,,39.95792,-82.966606,,,,,,
Veo,39c49e9f-9cbd-5529-9057-5c3378350d03,,40.032744,-82.991263,,,,,,
Veo,1aafa4c6-3de3-5b4e-b875-2655fc492ebe,,39.965815,-83.001401,,,,,,
Veo,33889c9f-55ec-5734-983b-c58d6841e5f0,,39.95595,-82.945325,,,,,,
Veo,32e47b95-448c-5577-93f2-04ff73df4f4a,,39.968756,-83.003766,,,,,,
Veo,e8e42348-f485-59e7-80cf-b9d7e7f94710,,39.96343,-83.002812,,,,,,
Veo,eaf01e7e-5861-5381-9e37-148b1ca9f4af,,40.014321,-82.983339,,,,,,
Veo,87d7d406-edfd-52b9-981c-2706201ae46e,,39.972292,-83.002758,,,,,,
Veo,62bd029a-d806-57af-b082-37e529d89318,,39.995929,-82.979121,,,,,,
Veo,4a91d424-b6e4-5d2f-b631-4ba6d2aaa191,,39.962169,-83.004138,,,,,,
Veo,a593cef0-8a06-5c57-8103-8db2ccb3eb17,,39.965658,-82.99688,,,,,,
Veo,c10bc80d-b28a-5f18-a85a-dbc66098dd48,,39.971524,-83.002535,,,,,,
Veo,5335e6ff-457a-5236-9baf-e8ea350ff5ad,,39.955219,-82.991989,,,,,,
Veo,5c27ba69-1b1c-50c6-92fc-15e2f8d8c737,,39.978451,-83.002916,,,,,,
Veo,4f3381aa-d1ac-5e61-9632-cda021312076,,39.964647,-83.002629,,,,,,
Spin,fb0e75d4-7644-47b1-87e6-09451fad91e7,,39.98578654999999,-82.99523963333334,,,,,,
Spin,4eb276c5-8c76-4bee-ac36-11a5fc7a05a3,,40.03112539999999,-83.00794749999999,,,,,,
Spin,b9e4fa14-d3f5-4340-bda3-e624cb4ede41,,40.0089071,-83.0118871,,,,,,
Spin,71d1a909-1a32-45ae-85d3-5a3bb06e4db9,,39.990156,-83.001896,,,,,,
Spin,a91e4325-e239-40fc-966b-b7e24857b105,,39.946234,-82.991271,,,,,,
Spin,d2fd347f-0be7-484e-9620-1f556dd4d1c1,,40.010876,-82.998122,,,,,,
Spin,69a1dff7-9fee-4fce-ba6a-559e46c3e8bb,,39.98877365,-82.99028893333335,,,,,,
Spin,3442ef36-3a75-4c3a-8054-64f818b1f4b8,,39.95814563333333,-83.01718709999999,,,,,,
Spin,24f256ee-911f-4f27-bc3e-939944e5d990,,40.006578,-83.020444,,,,,,
Spin,76f3e914-2c63-44fc-9a60-943581126013,,39.961492633333336,-82.93762013333335,,,,,,
Spin,204a0498-43f3-4605-a3da-95cc3574bc7c,,39.93064413333333,-82.98911885000001,,,,,,
Spin,5b9752b4-3369-4db5-9c28-2221b33077d9,,40.0558366,-83.0476876,,,,,,
Spin,531dbc07-9c80-450e-b8cc-0daf9471bfed,,39.92545823333333,-82.98428163333334,,,,,,
Spin,e87e45f4-2bec-4b7b-80eb-d47436de06a9,,40.007157,-83.051638,,,,,,
Spin,1a9116be-fb6c-40e7-92ab-4de46a800ff8,,39.99303533333333,-82.99510704999999,,,,,,
Spin,c69abe2b-2477-49f8-8581-414754569a74,,39.957192,-83.041461,,,,,,
Spin,90985532-cdbf-4df9-b61b-be19c26ba9f6,,39.958377,-83.040333,,,,,,
Spin,029edc88-ed11-406e-a43d-984ca7af8380,,39.98628583333333,-82.98902505,,,,,,
Spin,9404fdfa-4ae4-425b-aecd-fe42acf01a05,,39.957406,-82.995459,,,,,,
Spin,84b817ec-e67b-40a0-893f-3b4cbb24ff16,,39.99600293333333,-83.0030752,,,,,,
Spin,cc615d63-e787-41b6-bf19-3933b0ea3d58,,40.006392,-83.017961,,,,,,
Spin,a821a387-202c-4cda-b31d-b611b2bcb308,,40.004062,-83.014351,,,,,,
Spin,ae5b3594-6f22-4b4c-bb8a-c83bdcd31f3f,,39.95913113333334,-83.0096421,,,,,,
Spin,84dbd170-0fb0-4f37-9191-f944bef6546a,,39.959677,-82.997464,,,,,,
Spin,57038798-a682-4daf-80a9-197f9ad20a6c,,40.01367088333333,-83.00665273333334,,,,,,
Spin,e3fb1377-e8b3-4b7d-9bf7-6295d18ec50a,,39.993994,-83.004098,,,,,,
Spin,639f35e0-04e1-49dd-aa0b-9687ce45d873,,39.986851,-83.010942,,,,,,
Spin,386fc460-0153-4719-97fc-0bd28f95eb61,,40.0244161,-83.0262479,,,,,,
Spin,c92d16d1-194f-42ae-b9c8-ddb58c3f7304,,39.95696813333333,-82.91559253333335,,,,,,
Spin,3ba2a80c-0a2a-44d1-8cd9-57eb1032a8a2,,39.957399,-82.999766,,,,,,
Spin,6c268542-5a84-4099-ae0a-38ef96161e15,,39.988731,-82.999556,,,,,,
Spin,c813575d-9e66-419e-8d6e-d8f43c47e86e,,39.990252,-83.006276,,,,,,
Spin,b05906dd-ad2d-4506-8053-3389a872c8c8,,39.973388,-83.004594,,,,,,
Spin,a275b948-cc61-4949-859c-7fef046f1916,,39.9936,-83.003059,,,,,,
Spin,95108e12-e963-46e9-9268-905a989f8258,,39.998232,-82.999726,,,,,,
Spin,4dcfe299-a61f-4499-8692-7d6a7a9be67f,,40.017007,-82.978373,,,,,,
Spin,db991ffb-ce23-4afa-86a3-3df6c4137c9b,,39.99304563333333,-83.00310900000001,,,,,,
Spin,33fa0abc-65fe-49da-b654-ac3884946944,,39.984849833333335,-83.03694589999999,,,,,,
Spin,77111850-8eaf-41fd-83c7-63e7288a4c92,,39.98209,-83.010936,,,,,,
Spin,a25391a7-ae45-4a39-abde-52e44875ca7b,,39.994035,-82.991378,,,,,,
Spin,2697d997-62df-464a-8647-791cf515c67a,,40.0067854,-83.0100711,,,,,,
Spin,558a7279-f98a-418b-8a35-2606c8907360,,40.0092848,-82.93489493333333,,,,,,
Spin,096c7e67-16d8-45dd-9d18-054814678500,,40.017006,-82.978402,,,,,,
Spin,0a7d1981-7ab2-44b7-a056-df0959718475,,40.007083,-83.051643,,,,,,
Spin,b6dfe0a4-08a0-4cf7-a43e-0cb32362e0b9,,39.991861433333334,-83.04876440000001,,,,,,
Spin,cb20b586-a387-420f-87fe-c5a7079911bd,,39.99374196666667,-83.0036752,,,,,,
Spin,5e23370c-84d2-4760-b1dc-3e269bbf8fc1,,39.958520433333334,-83.01375209999999,,,,,,
Spin,cb0a931d-ec63-4c03-ad4a-7b056d2395e3,,40.00874833333333,-82.96952833333334,,,,,,
Spin,7c94f09f-de08-4541-aaea-60e4ea896b3f,,40.003011,-82.99991,,,,,,
Spin,c16d209e-2396-4ad5-ba2e-b49f0e9600b7,,39.987076,-83.005374,,,,,,
Spin,29a634b7-3cb3-4b80-87eb-304a202d8828,,39.999754,-83.003829,,,,,,
Spin,d053cf07-6533-4af7-8bb7-c4e8693988c8,,39.98397523333333,-83.00505509999999,,,,,,
Spin,6494936f-6afd-436b-b88d-4a090f208615,,40.005942,-83.0060306,,,,,,
Spin,5c4b8da9-d018-4bdb-b561-d3459981e2d8,,39.991608033333335,-82.99687393333333,,,,,,
Spin,b8ae0df3-bd6b-4e63-98ac-8d6c60f4064e,,39.960968,-83.027947,,,,,,
Spin,74135608-4f8f-4268-b31a-96baacca3eae,,39.92947073333333,-82.96491383333333,,,,,,
Spin,183b15e5-5294-4b4c-b109-5c9c85c6b3be,,39.98911665,-83.0526262,,,,,,
Spin,b7481d85-2aef-4cbf-899d-520372c56a01,,39.976619,-83.002838,,,,,,
Spin,9e2bd37c-838f-4e27-b2d9-3c1165c0119f,,39.993011,-83.004482,,,,,,
Spin,d21a5e91-ac90-438e-802c-2c4e4499b298,,39.95727903333333,-82.99958233333334,,,,,,
Spin,ee343b53-a473-4454-aaa9-9b1adf5e75f8,,39.99821143333334,-83.00539859999999,,,,,,
Spin,68e62af7-a55b-47f5-b1c4-719346f868c4,,40.0145797,-82.98556475,,,,,,
Spin,d42a7023-b30e-48f4-a503-bce653a88270,,40.01454811666667,-82.98555794999999,,,,,,
Spin,e93b73ec-0b47-4e0c-af27-b9062927cf12,,40.0141674,-82.97670335,,,,,,
Spin,d5ba08bc-df20-45ac-817c-bcdd08bd720a,,39.955977833333336,-83.0122957,,,,,,
Spin,536b4173-2e2a-45b2-8053-b1241d4e24e2,,39.95612418333334,-83.01073356666666,,,,,,
Spin,d4c9aea9-3201-4af7-b406-84e0e631050b,,40.0067159,-83.01007050000001,,,,,,
Spin,9eaff0c6-25d0-45fd-8ac1-e5795e1c50bf,,39.958717633333336,-83.0128582,,,,,,
Spin,31f272d7-ec87-4635-942b-0ce3688f7217,,39.96328843333333,-83.00274428333333,,,,,,
Spin,7e6d602c-cd0a-4437-bc4d-5c7a332b5ff2,,40.018974,-83.007077,,,,,,
Spin,7c631470-4716-412a-86df-4fc44be7e485,,39.958127733333335,-83.0172201,,,,,,
Spin,d164809e-f0ba-4fb1-b3f6-55609499f460,,39.970966,-82.979681,,,,,,
Spin,33bbfb54-5990-4fe7-8b64-f3dfb6a9975b,,39.96780653333334,-83.0178381,,,,,,
Spin,d104e5f8-f9f5-459b-a9ee-a98514ac724e,,40.01459,-82.98570305,,,,,,
Spin,33a835b1-954e-4af3-9963-724466d0caae,,40.014559299999995,-82.98566695,,,,,,
Spin,25aaba2f-1150-4b6d-a41e-12e2d34c1205,,39.977307,-83.004357,,,,,,
Spin,8d60f0e0-1c2b-41ed-a0e5-c6d935e7071f,,40.0224433,-83.0172971,,,,,,
Spin,38b83b6c-2690-46ef-9967-3cb476a3e4f8,,40.0229713,-83.0189316,,,,,,
Spin,d2cf6ac7-34a7-4c09-a1e0-84cf39b774b0,,40.014074,-82.97449835,,,,,,
Spin,c56e1525-78d0-4bb4-bbe5-fc30ec386b65,,40.014071,-82.974665,,,,,,
Spin,e2bc9db8-18f6-45f8-a9b5-0328b8e6d69e,,39.98407,-83.016796,,,,,,
Spin,8e747f62-33e8-489c-9860-8a898dad8006,,39.984077,-83.016705,,,,,,
Spin,825803ce-08f3-4c64-95b8-1e8d2b57c6d7,,40.01189,-83.01304666666668,,,,,,
Spin,b0adb0e7-3528-4593-8a5b-cf340c9c50c9,,40.01188333333334,-83.013075,,,,,,
Spin,e5d1d48b-df44-4f64-b29d-383a4ce197a0,,40.01425666666667,-82.97671,,,,,,
Spin,2d2167d0-8b7a-42e1-814e-e8bd26156d93,,40.01431,-82.976715,,,,,,
Spin,4e1dc6a8-d4ce-4460-806f-a6f6bc14836d,,39.983997,-83.016709,,,,,,
Spin,5973d8e4-e6b0-404f-9baf-a35d5cadf791,,40.014003333333335,-82.97231500000001,,,,,,
Spin,82600f12-ad55-4caa-b3e0-d8efe06f0fd7,,40.01401333333333,-82.97230666666668,,,,,,
Spin,5c6a327d-3ec8-4ddb-9103-efcb1098b163,,40.01399166666667,-82.97230999999998,,,,,,
Spin,61108a6c-8486-464c-ae38-cd712996930d,,40.01399333333333,-82.97230499999999,,,,,,
Spin,ade396cf-1e01-4ba9-9f69-70e4f8c356de,,40.015541666666664,-82.966315,,,,,,
Spin,f453ebb9-1a4c-439d-b5de-b082e1815470,,40.01554833333333,-82.96631166666666,,,,,,
Spin,649ffab3-1eb5-4ed0-b2b2-9b556a8db1dd,,40.014480000000006,-82.96696500000002,,,,,,
Spin,1d1c2779-c196-4732-a0e6-a4983e1aa45b,,40.01448833333333,-82.96697,,,,,,
Spin,f8c4e858-973d-4538-a54a-abb856641858,,40.014485,-82.96697833333334,,,,,,
Spin,9d602851-7cce-4861-82a1-a63f37cf8a28,,40.014493333333334,-82.96696666666666,,,,,,
Spin,9737f945-44b9-40b3-a8c9-d14e4a6d7c4f,,39.958707966666665,-83.01284118333334,,,,,,
Spin,27b7c616-043e-48a2-953e-9273736d9bdf,,39.95871473333333,-83.01281900000001,,,,,,
Spin,f829c2a3-ba82-45fd-ac43-3c96f9a4b053,,39.958731033333336,-83.0128086,,,,,,
Spin,0149c6fe-757c-476a-84b9-bce8b6f6bd00,,39.95871021666667,-83.01283536666666,,,,,,
Spin,c36d6c8f-fc66-4733-ba0e-fc0f28ae31b1,,39.95871303333333,-83.01284480000001,,,,,,
Spin,b73c3c83-dae4-46ef-89c1-03c99ef59301,,39.958721266666664,-83.01284271666667,,,,,,
Spin,7b9c752c-37ab-4ab9-aeed-dae10fbfdb37,,39.95870743333333,-83.01283,,,,,,
Spin,86a744bf-cd80-42b4-ad88-a094e4203d94,,39.95871841666667,-83.01284736666666,,,,,,
Spin,61168634-7f63-449c-a3d9-50e25a5605c9,,39.958724366666665,-83.01281175000001,,,,,,
Spin,8c224ad6-1efd-455a-833d-aa551a2ec0f7,,39.958723533333334,-83.0128248,,,,,,
Spin,f0f8907d-3fd2-4876-9412-dbdc506cbe68,,40.000456666666665,-82.97979666666667,,,,,,
Spin,07c889cc-fd8e-465b-9253-165a959b84bd,,40.00044666666667,-82.97978499999999,,,,,,
Spin,67a52592-d4a9-4b0f-9cb9-a67c85a8805a,,40.00044666666667,-82.97979,,,,,,
Spin,63a5bb0e-5e6f-4088-8d6c-b71812db819e,,40.00044333333334,-82.97979333333333,,,,,,
Spin,9b1ab852-af69-47a3-9614-fdbde7ea3e89,,39.96454723333333,-83.0029423,,,,,,
Spin,9efe842f-d077-45af-ba24-961ad3c8a535,,39.96453483333333,-83.0029381,,,,,,
Spin,723ee69d-c2e7-43a5-997e-dce2c444313d,,39.99715166666667,-82.977915,,,,,,
Spin,b5a4afc9-2f60-49ea-8b3a-9b1a1f3b0424,,39.99713333333333,-82.97791833333333,,,,,,
Spin,6aea3eb4-b517-49ab-8644-f043ee397f07,,39.997135,-82.97791000000001,,,,,,
Spin,71921e69-4a10-4512-9889-d9619092bf8b,,39.997146666666666,-82.97791666666666,,,,,,
Spin,80f33ef8-a53b-40ca-9474-381c9e8b18eb,,39.99375333333333,-82.98137,,,,,,
Spin,1febdf8a-471d-42ac-9633-f5f2296eb790,,39.993755,-82.98138333333333,,,,,,
Spin,1f3142fe-cc2b-4d5a-9297-a12f90f19dd7,,39.993743333333335,-82.98137833333334,,,,,,
Spin,d36592c7-4d23-4303-bced-7613b680eeda,,39.98409,-83.016743,,,,,,
Spin,c6e119db-923b-4662-adac-2870e3c65d51,,39.984058,-83.016897,,,,,,
Spin,d7c53810-913e-4e07-8a46-6a15d7a6f564,,40.0017781,-82.99617523333333,,,,,,
Spin,32db50e4-efa7-4d78-ba53-b2fd41f0dd1a,,39.964018,-83.002976,,,,,,
Spin,91994654-687c-4f11-9f3a-31342dee1c49,,39.990095233333335,-83.0163853,,,,,,
Spin,950a466a-a557-42fa-8c85-6d3e7649e5c7,,39.997891,-82.998047,,,,,,
Spin,e8abdcda-a337-4ec1-8bbc-b70efded15a9,,39.985782650000004,-83.00113600000002,,,,,,
Spin,3d23904d-8af4-4683-b4d0-8173bf7fb8d4,,40.009022,-83.009968,,,,,,
Spin,22e7fd95-c517-4796-a31c-26d0aee66f83,,39.96528,-82.984379,,,,,,
Spin,e49f7f34-4ceb-4113-bff4-d88aa60f9c65,,39.92842123333333,-82.99554593333332,,,,,,
Spin,47446c36-dfc3-4bc6-b49c-bd2fd788b10d,,39.944231433333336,-82.96945243333333,,,,,,
Spin,fb98e941-af01-46b3-aa23-0ffae16869c3,,39.94382633333333,-82.97695725,,,,,,
Spin,3ec270b5-2cff-4471-be90-275328288099,,39.947178,-82.971098,,,,,,
Spin,a3ba720e-0239-48fe-b4bb-74602dda7f53,,39.981888033333334,-82.93031473333333,,,,,,
Spin,f32e3376-7d11-4573-b34e-719bbd8c1213,,39.985359949999996,-82.96407383333332,,,,,,
Spin,59844c06-6eec-417b-9476-0fe99b838734,,39.97007595,-82.96878073333333,,,,,,
Spin,5b8d5631-2f89-4d0e-96b1-3dab51e41967,,39.96321798333334,-82.98168253333333,,,,,,
Spin,ede5ae75-22ca-47d8-9029-81feb8d68fce,,39.96308443333333,-82.99423093333334,,,,,,
Spin,55cca89a-5e33-46e8-af2b-6f4398ce8c2a,,39.959079233333334,-83.00993410000001,,,,,,
Spin,7c1ab9e2-bfcb-4f41-8516-c91ec71d6673,,39.95871473333333,-83.0128584,,,,,,
Spin,4b7e2765-7418-4b4c-b7dd-a0c546c7a2f8,,39.95908153333333,-83.00986370000001,,,,,,
Spin,e2e8cb0d-c0e7-42ca-b32c-2f5de1abd68c,,39.955643933333334,-83.01682809999998,,,,,,
Spin,a0293fa3-d62b-4282-926b-93d9f5549bb4,,39.95246111666667,-83.03716920000001,,,,,,
Spin,b480d719-4c0b-437d-9d05-1ae3b9de7fa0,,39.967383,-83.019104,,,,,,
Spin,16173871-1b98-4f08-a37b-d6d49e045344,,39.984327633333336,-83.02923729999999,,,,,,
Spin,713545fa-d653-4316-9e1d-7004cf7de97d,,40.0066218,-83.0094117,,,,,,
Spin,12c2e520-41a9-401d-a5ac-9a47c5fdd9ea,,39.93901673333333,-82.97676225,,,,,,
Spin,340a356b-5a12-448a-9952-0af33a44d169,,40.0150791,-82.99311743333334,,,,,,
Spin,e7d1fb17-7a73-4f15-ae19-2d4c9a40f903,,40.0110903,-83.00236009999999,,,,,,
Spin,c3731c3e-296b-4446-8b2a-ccfb5514f155,,39.972276449999995,-83.0459442,,,,,,
Spin,3316f8b9-2024-4678-9816-3adb6b6b1cd9,,39.95814923333333,-83.0172327,,,,,,
Spin,768fb58d-ed4b-4bef-8f4c-fdeda410dc95,,39.929445,-82.992926,,,,,,
Spin,27efa9e7-932e-4b75-aa25-5d5de343892b,,40.01465,-82.991128,,,,,,
Spin,5d6855f3-2236-471b-b85b-4011151b00d4,,40.014643,-82.991136,,,,,,
Spin,a8df4bd7-1990-45f8-8ca8-0395a0a47951,,40.014536,-82.988103,,,,,,
Spin,431524d3-22ac-4dff-8d3a-eb94e75e95a4,,40.014541,-82.98805,,,,,,
Spin,49c982a9-4a3d-466c-91d3-b1437afb9bb2,,40.01150833333334,-83.01336,,,,,,
Spin,8feb5051-1177-46f7-815d-e06ee8994c04,,40.014186,-82.981627,,,,,,
Spin,2b9fa138-587f-4b85-a2d0-e08cc244ddc2,,40.0142,-82.981591,,,,,,
Spin,547f137e-4917-411f-ace3-48df2792fb85,,40.00895,-82.970441,,,,,,
Spin,f008b659-3633-43c3-8ad8-531e90ddbcb3,,40.000444,-82.979799,,,,,,
Spin,0d6d1da4-cbf3-4a7d-a0ae-d6cec203dcb3,,40.000442,-82.979772,,,,,,
Spin,5a7d2f7e-9eec-4f6c-a1a1-e20136b39370,,40.00896,-82.970421,,,,,,
Spin,8e5c0320-c027-46db-9cc2-bf87c01fdcfd,,40.003721000000006,-83.0014651,,,,,,
Spin,8fc3fb60-32fe-43d2-a7d4-1b7549ad57ba,,39.94875,-82.982662,,,,,,
Spin,7272e34d-fcb5-4691-ae43-071eb64c2365,,39.94875833333333,-82.98267,,,,,,
Spin,6fb39577-4f10-4854-887a-8dfe7e431796,,39.948755,-82.98268000000002,,,,,,
Spin,23cabcf9-90e9-43a8-848a-bc1930f99340,,39.948762,-82.98269,,,,,,
Spin,0e854665-ec1d-40a8-8b07-807ae8456b07,,39.941431666666666,-82.98326166666666,,,,,,
Spin,dc1726c5-b001-48bc-966d-b972cbef327e,,39.940473,-82.983532,,,,,,
Spin,cb388a16-abe9-4ce0-9ac0-45039e851b3b,,39.940503,-82.983489,,,,,,
Spin,291407b2-a8b5-44ed-b5c2-e1f4079a381c,,39.987336,-83.012402,,,,,,
Spin,fd22e251-2135-4373-9114-bd1d452d8421,,39.93543833333333,-82.98379833333333,,,,,,
Spin,600c2bdb-4221-4c6b-a1fe-7333652333f4,,39.935437,-82.983825,,,,,,
Spin,1657db85-b2ed-4629-a608-751dc050dbfc,,39.935412,-82.983803,,,,,,
Spin,c011957a-e439-450b-adca-eed51362d09e,,39.93542,-82.98381666666667,,,,,,
Spin,fd05bc22-74ac-4017-8d07-f3222a8ee70a,,39.93542166666667,-82.98379333333332,,,,,,
Spin,ceaba5a9-5855-41ee-b8c0-68982c46c6be,,39.935425,-82.983805,,,,,,
Spin,59ada0db-e7d5-4bf6-aa15-75cda8a6cc79,,39.935513,-82.983835,,,,,,
Spin,cb845488-689f-489e-9bce-254d038f456f,,39.94049,-82.983524,,,,,,
Spin,72d7b1f6-4c76-4e2d-8bef-9c6c1fdb0824,,39.96253793333334,-82.99956393333332,,,,,,
Spin,f1ad2160-88ab-4c47-b0a5-36f10a597dc7,,39.95546013333333,-83.0108638,,,,,,
Spin,e8f7c19e-61b3-4e82-ae80-701cae64463b,,39.990081133333334,-83.01635659999998,,,,,,
Spin,658f3842-499c-4cc7-8e86-c46c0d8baaea,,39.98846025,-83.0162432,,,,,,
Spin,edc2f2d4-35a3-43c6-9af5-a0dc98f4849e,,39.98393393333333,-83.0046877,,,,,,
Spin,559525b0-8bf5-4de1-aa1e-343d0262e5fc,,40.0140915,-83.01329740000001,,,,,,
Spin,140373f7-0e39-48a8-bbed-4db27d789b37,,39.978416,-83.018466,,,,,,
Spin,5453008a-663d-4ea2-97a4-522f76dae788,,39.98306113333333,-82.99652423333333,,,,,,
Spin,da98d547-48b9-4c9a-9df2-3c27acf50113,,40.007981,-83.009689,,,,,,
Spin,faefbff7-de62-4401-a654-1ea014ff16b2,,40.0027719,-83.00135049999999,,,,,,
Spin,4377d67a-7062-4b35-9431-c3edeeaa4348,,39.989953,-83.006099,,,,,,
Spin,1d2a0f92-6288-4eba-a62b-5f186aeae7a9,,39.989816,-83.005722,,,,,,
Spin,c0065f51-b22a-40f8-95ee-b12cad77c920,,39.98463593333334,-83.03125720000001,,,,,,
Spin,9cb16e2a-e8d4-49a5-a0d4-06a0847662b8,,40.0130639,-82.99788603333333,,,,,,
Spin,d327ad3e-d6da-4aa6-9ae9-9dbc7aa9c4a5,,39.987367033333335,-82.99514043333332,,,,,,
Spin,03935d8c-aafb-4c16-b79a-ebd75c708bc0,,39.99578,-83.029934,,,,,,
Spin,7d818c87-46e9-4154-9a34-455293c16d6f,,40.0121421,-83.01294119999999,,,,,,
Spin,5ef15f6d-fd52-45bf-b423-469ae6effefd,,39.98731913333334,-83.01382120000001,,,,,,
Spin,a92b9de6-3a3f-4af9-8a57-c87c5df7f96c,,39.98578375,-83.02866639999999,,,,,,
Spin,4e0edd49-7501-4205-ac41-090a88605974,,40.0234339,-83.03191460000001,,,,,,
Spin,4141d2b5-c0ba-4006-97ce-b7bcd67645a0,,39.99316853333333,-82.99534753333334,,,,,,
Spin,1013c00c-4bde-46c0-a0fa-5c7db81c89c2,,39.973973949999994,-83.00239930000001,,,,,,
Spin,b7f56fa0-e8ef-4034-8cc1-3c22900e8864,,39.95549163333333,-83.01082120000001,,,,,,
Spin,e4814ff0-79ac-495d-b821-3724a7bd9362,,39.958115033333335,-83.0171842,,,,,,
Spin,b372b9bf-1476-4fd0-9e40-11adcb8485a2,,39.95872333333333,-83.01287840000002,,,,,,
Spin,28922f6b-efed-4e25-9dd4-7313a2221772,,39.956136199999996,-83.01071198333332,,,,,,
Spin,713f7708-38bd-477a-afa9-22a5683d6a28,,39.957427,-83.01139,,,,,,
Spin,a176d58d-f545-478f-bce7-1df166127129,,39.940476,-82.983549,,,,,,
Spin,522c69ac-dc68-43cf-9fb2-cedb9e2619a2,,40.014195,-82.981588,,,,,,
Spin,9dbe7f08-e782-4d69-9aca-e03557c2c3f9,,39.96705373333334,-82.96277923333334,,,,,,
Spin,1c4579b1-367d-45fa-8b02-214c593c270d,,40.017043,-82.978414,,,,,,
Spin,82fc22ba-53e9-4343-87b5-e90f9d4228a3,,39.98776565,-83.0407665,,,,,,
Spin,50c07f14-9bd3-4f6e-9d9d-53c3cd167bc1,,40.022806,-83.002228,,,,,,
Spin,5c35c5db-f279-4698-9860-0b41a491f7cc,,40.013379,-82.986963,,,,,,
Spin,bfd74762-45b4-4bc1-a43e-2e64bbf73d64,,40.0149232,-83.0000251,,,,,,
Spin,10247ded-433d-4420-b50c-7c031a13e502,,40.02902099999999,-83.02325950000001,,,,,,
Spin,48d5b402-3cbf-4aa1-a21b-c904b0e2d541,,40.0230031,-83.030182,,,,,,
Spin,caadd03d-2375-40ce-b2d8-72fdc6dd4442,,40.022743,-83.0310143,,,,,,
Spin,739c14f5-4f9a-4e42-997c-bc7b8ecb0a3e,,40.0067865,-83.01001739999998,,,,,,
Spin,5ba5203e-275f-49bc-9138-b2135a707607,,39.94398953333334,-82.97715685,,,,,,
Spin,6d871e26-a01f-45d7-a5e9-3014539f2256,,40.01426,-82.97667333333332,,,,,,
Spin,ce46a650-8c56-4523-b63d-95d33eeb368b,,39.984024,-83.01674,,,,,,
Spin,7b5ca9f6-ed12-44ab-a0b8-617a77d44703,,39.97363975,-82.97743605,,,,,,
Spin,2d43f9b5-79da-46ea-a30d-531571c3cff6,,40.014053,-82.974509,,,,,,
Spin,3700e802-a87d-4fc5-91eb-ebd5e211f0a1,,39.959755,-83.021723,,,,,,
Spin,318ed033-e08c-4fc0-8d0c-2eed01deb9ec,,39.994528833333334,-83.0028364,,,,,,
Spin,aaba689e-91de-4e0b-a1d0-0eb4e1631c06,,40.006869599999995,-83.01472,,,,,,
Spin,316f2c3b-925e-4b41-aec8-529b539708e2,,39.965215,-82.984328,,,,,,
Spin,3c570919-1887-44c0-b21d-78d10b322dda,,39.99417023333333,-83.00145589999998,,,,,,
Spin,32954bb8-5db4-479f-8596-9bb2c8015927,,39.95646803333333,-83.0196302,,,,,,
Spin,1a782df9-c7df-45d9-97ad-0c8099fd0a91,,39.98395635,-83.00391236666668,,,,,,
Spin,6dca5362-8302-439e-8eef-7d6760409654,,40.007955700000004,-83.00842319999998,,,,,,
Spin,a13d9d93-0622-4e71-a698-b271de249347,,39.977427,-83.011594,,,,,,
Spin,125aad4d-ff7c-4407-b022-809aba2442e8,,40.01335666666667,-82.96936,,,,,,
Spin,a3b804a7-6a86-43d3-9b4f-d00cbf564841,,40.0150468,-83.0007921,,,,,,
Spin,8476a4d9-f743-4268-afd7-bae192062443,,40.017001,-82.978401,,,,,,
Spin,37c93989-532d-488a-9e9c-87d17c50c926,,40.001144999999994,-83.00078666666668,,,,,,
Spin,c941dc11-5dbe-4b3d-baf7-2f78d1f57b3c,,40.0009734,-83.00130390000001,,,,,,
Spin,c8bd0914-4530-42cd-9f23-010b344f12ee,,39.99966323333333,-83.0001562,,,,,,
Spin,b988a10d-72be-4d0d-8943-4e5e0b6f2ab1,,40.0079342,-83.00838460000001,,,,,,
Spin,671cddee-3e35-42a3-9726-19592e4b7c13,,40.007096,-83.009871,,,,,,
Spin,9ec20f07-71a3-451c-ade0-8275f8449bba,,40.000459500000005,-82.99897673333335,,,,,,
Spin,b21267fb-94de-4521-8659-c520157579b6,,39.99147383333333,-83.00223489999999,,,,,,
Spin,b053a3d0-189e-44b1-b52e-f6fffb4f48d7,,39.969032,-82.999629,,,,,,
Spin,39aaf428-1928-4702-bde3-bf785c0101ef,,39.97648425,-82.97998944999999,,,,,,
Spin,b10c356c-7836-4ac5-ae66-78481f8338cb,,40.0150368,-83.00026770000001,,,,,,
Spin,8311b037-8f42-4381-b19c-f080b152281a,,39.94918,-82.96199833333334,,,,,,
Spin,832825e1-358e-4dbf-9be9-acefccf4b115,,40.0114871,-83.01413699999999,,,,,,
Spin,4f6de531-0147-4dee-8f07-4479b68cf487,,40.011029300000004,-83.0132765,,,,,,
Spin,603dc90c-6a44-4015-92ff-89857db07b4b,,40.010473499999996,-83.01232470000001,,,,,,
Spin,efd61e16-bf22-4df0-937a-8e10e9356251,,39.982342333333335,-83.0155784,,,,,,
Spin,3522ac1a-4676-43d9-860d-0a554910a5c4,,39.99381783333333,-82.98242303333333,,,,,,
Spin,c633a0b1-cec2-4298-83ec-ab98cc09ba09,,39.99380951666667,-82.98241353333333,,,,,,
Spin,d7e70c27-04ed-4e1f-ab54-da49e9e68ff9,,39.9937975,-82.98239908333335,,,,,,
Spin,b22d2a87-d41c-4189-96af-e52f3818dc85,,39.99380453333333,-82.9824343,,,,,,
Spin,d116e383-95b3-4c2d-80d6-31b47264489b,,39.98708503333333,-82.99838903333332,,,,,,
Spin,787d1134-ce77-4865-be39-27910fc46333,,40.030638700000004,-82.98182653333333,,,,,,
Spin,6bc00f8a-2851-47b3-a16d-2e8639c838c3,,40.0060146,-83.008902,,,,,,
Spin,6a206ea4-bcb7-4095-a131-7a95939e31a0,,39.96330363333333,-83.0027562,,,,,,
Spin,95fe6005-3458-4b3f-8d7f-d8cce80146b3,,39.993987,-83.009688,,,,,,
Spin,63fffad7-442a-474b-82f1-c398ee0cf468,,39.98956565,-83.0133519,,,,,,
Spin,e8686431-2b50-405f-ac65-a13fa3ec50b1,,40.0000812,-83.00749830000001,,,,,,
Spin,8bddd9fd-91e4-4f7b-88cf-6609583cbb3b,,40.0157058,-83.00330430000001,,,,,,
Spin,03740523-8607-4046-b238-d58b65283b7f,,39.98239383333334,-83.0167711,,,,,,
Spin,7c669dfa-454d-414d-abf1-cdc2e01a9044,,39.98709853333333,-83.0165618,,,,,,
Spin,3c85237c-4aa8-4c4e-90bb-f8786a9a020d,,40.019086099999996,-83.02550959999999,,,,,,
Spin,6531a99b-a913-445c-bf88-a3664e3e1e2a,,39.96060283333334,-82.97212214999999,,,,,,
Spin,edb2335e-14d1-4167-8398-99410a536ce9,,39.96464,-82.97113166666668,,,,,,
Spin,9281f680-9647-4571-959a-cd4aee8234ec,,39.98946555,-83.05811790000001,,,,,,
Spin,0aad2a07-52e2-4ab9-bec2-372412968420,,40.0040866,-82.99897363333334,,,,,,
Spin,8ae8ea20-ce2e-44f1-a141-4594a1d06728,,40.0236391,-83.0279965,,,,,,
Spin,d0f0415e-ddf9-4ac1-9eb3-015cfdc0a285,,40.0027096,-83.0011049,,,,,,
Spin,385bccad-2f9a-43cf-9f4e-8101a8cb6579,,39.97485735,-83.016043,,,,,,
Spin,2d76ac0d-7d4e-4d09-ab58-c328ac50a95b,,39.990376833333336,-83.00471709999998,,,,,,
Spin,00ea8891-ca0f-4c72-a260-2cc51a5dafd0,,39.925270733333335,-82.99339873333332,,,,,,
Spin,9ee82d20-168a-4068-bda0-4956767f1f03,,40.0239844,-83.0161867,,,,,,
Spin,c274a5b5-09cb-4b17-894e-223d137e1e1b,,39.99888008333333,-82.99869083333333,,,,,,
Spin,9126ca70-0386-4267-8667-abec21eb0b7f,,39.996781733333336,-83.0064408,,,,,,
Spin,03238be3-9ad2-4cf1-b6c4-95a2988c97a0,,39.99977943333333,-83.00382429999999,,,,,,
Spin,e76f1230-f1d5-4f9f-ae59-0a082a3f0e8a,,39.98948235,-83.01075369999998,,,,,,
Spin,06f7d1d0-9c7c-4f67-8782-fc640b120a35,,40.01406841666667,-82.97444943333333,,,,,,
Spin,dbb9397c-390d-4d72-b5f0-84ee389f3345,,39.94873,-82.97836333333335,,,,,,
Spin,9cc9586c-1ee2-4377-a648-a80b6665d17f,,39.993796233333335,-82.98243083333334,,,,,,
Spin,0ab750aa-b930-4dbe-aff0-ada50142835d,,39.99923053333334,-82.99864013333332,,,,,,
Spin,cc4b4ccd-9625-4521-84f8-bc330f845dfe,,40.01459755,-83.01105539999999,,,,,,
Spin,3ead1a81-0ca1-4470-b506-d694ed63e311,,39.99380383333333,-82.98244143333335,,,,,,
Spin,da5bf247-9468-4c4b-b67a-1e077c5e5bb4,,39.99997243333333,-83.00715960000001,,,,,,
Spin,097a468b-2f07-4b8e-871d-ce75025f64e3,,39.94383343333333,-82.97699845000001,,,,,,
Spin,ef52a962-dccb-4e88-a5b6-ccf4b41ce84d,,40.0066167,-83.02048213333335,,,,,,
Spin,534e6fbc-3f6a-4ee7-b322-75c3980b2a56,,40.00662633333333,-83.02047453333334,,,,,,
Spin,d8d8caaa-d967-497b-a70e-a5d3d42f1d5f,,40.006616916666665,-83.02045879999999,,,,,,
Spin,8b04731a-b017-491f-8ae1-09ed6eaeaef8,,40.006642183333334,-83.02103395,,,,,,
Spin,4fe260d4-99ce-4682-ba0b-918d435c7841,,40.00664006666667,-83.02103540000002,,,,,,
Spin,2e8f6623-c0cd-4e9b-93a9-ecd49c194a13,,40.00662755,-83.02102858333335,,,,,,
Spin,b7e83ba3-0cee-422d-a6ef-6aa828348651,,40.008957,-82.970421,,,,,,
Spin,a11d3cc9-82ab-4a3d-ae41-d31cd70d2e55,,40.0066117,-83.02099313333335,,,,,,
Spin,6ce68ecd-012b-40ca-b9b2-5cd13a06e0e3,,40.00662451666667,-83.02101561666665,,,,,,
Spin,8abef4e4-686e-4b5b-b78c-e6a5d326aa48,,39.99668666666666,-83.00074500000001,,,,,,
Spin,5cc6bce5-288e-4341-84e3-b2f6c505e58a,,39.96899053333333,-83.00100169999999,,,,,,
Spin,1a51b632-845a-4747-b22c-41d53282c65c,,40.008016,-83.009711,,,,,,
Spin,556d3d1e-f68b-4255-b94c-48f10cf3d490,,39.99096563333333,-82.99915973333333,,,,,,
Spin,bdf5bff6-1c6a-4112-b82f-b1e458fd02c1,,39.966171333333335,-83.00152000000001,,,,,,
Spin,0286bdb1-b0d0-4eec-8713-60b17410af12,,39.96009323333333,-82.98819465,,,,,,
Spin,5db31128-35a1-4290-ba69-683c9200e8d5,,39.96727633333333,-83.0178869,,,,,,
Spin,19fe0a98-925a-45e1-b9ad-ef887d115a36,,39.968263,-83.008696,,,,,,
Spin,8edab9e6-e0da-48b1-8986-e4ae1c3290e1,,40.006569,-83.020491,,,,,,
Spin,fa9a69f4-6777-487f-b0b1-5c7abd0308fd,,39.982491333333336,-82.99857753333332,,,,,,
Spin,20b52986-0f60-4d2b-9912-4fef6ce0936f,,39.97711535,-83.00407410000001,,,,,,
Spin,944e2e94-8082-4f29-917f-01d8f0747907,,39.986948,-82.999047,,,,,,
Spin,62ec7881-e769-492f-8020-428e74d8b722,,39.988995,-82.990223,,,,,,
Spin,f35477b2-9efe-4b02-b90d-de47e52f2aeb,,39.99380533333333,-82.98241183333333,,,,,,
Spin,523df1c0-4fc4-4205-b24b-4c3967cfcafb,,39.99651503333334,-82.99600243333335,,,,,,
Spin,e5201b38-30e6-491a-8c51-407efa2658ff,,40.0031393,-83.00303749999999,,,,,,
Spin,f1f07e96-90b8-4670-8de5-a4feac3e03aa,,39.94924323333333,-82.96204993333335,,,,,,
Spin,3d94996d-974b-4f2f-9413-7f2c73ea3dee,,40.014005600000004,-82.99818383333334,,,,,,
Spin,e2d3c2c8-3a9a-4179-833c-79061e73b832,,40.012666599999996,-83.0030042,,,,,,
Spin,d2caa480-e18f-427d-b0cf-532c578c15b0,,40.002667,-83.00479,,,,,,
Spin,81d74257-928e-4ac3-8912-dcec1e86f48d,,40.0017689,-83.00552109999998,,,,,,
Spin,b2199e63-7d5d-4544-a6ff-44ad3aa566c1,,40.003108,-83.0014991,,,,,,
Spin,8e5cf36f-4ea5-4ad4-84d9-b19653b60614,,40.0073549,-83.00901790000002,,,,,,
Spin,ab42cbc5-ce95-4d21-84ac-56d7584f110c,,40.001106,-83.001598,,,,,,
Spin,9129a223-14db-47d4-8539-9d65b6140329,,39.99380673333334,-82.98248093333335,,,,,,
Spin,6ae30e7f-f79b-4bb6-9c9c-3dbb20e35400,,40.001003,-83.003603,,,,,,
Spin,0d4b07ec-eeb4-4579-90c2-fe22043f8136,,40.002319,-82.99776,,,,,,
Spin,e4066a15-3d7b-435a-8919-92949edce228,,39.998799133333335,-82.99887093333334,,,,,,
Spin,91d963d6-2d98-42e7-b846-109f91a17938,,39.95977533333333,-83.0321438,,,,,,
Spin,f72b0452-1ac8-4527-8203-dd51a611c126,,39.994530733333335,-83.0028464,,,,,,
Spin,eb514b4a-0113-4688-8916-4813dacb3295,,39.99182833333334,-83.005096,,,,,,
Spin,25a7f350-ed50-4676-9d84-f30771bc6326,,40.021209,-83.030495,,,,,,
Spin,ca216a95-35cb-4e75-92ae-9e3adf1614b8,,39.958322,-83.040512,,,,,,
Spin,8242561f-5ff5-4d4a-bac4-8db7bb78011f,,39.96886333333334,-83.00176459999999,,,,,,
Spin,746fa10c-a00e-4c0f-8f4c-47b9581d3cc8,,39.96627333333333,-83.00273080000001,,,,,,
Spin,122e562f-7007-4406-baa1-10f24e3cfb65,,39.966269233333335,-83.0027711,,,,,,
Spin,5c015ace-ef7c-4f1f-bf04-73e1e96bac81,,39.99354683333333,-83.0097583,,,,,,
Spin,377aadfe-567f-4dc3-b2cb-da23740f29e8,,39.99671503333333,-82.99785853333333,,,,,,
Spin,b2ec5ab8-dcad-4d8a-843b-96d28ab25153,,39.985259,-83.013609,,,,,,
Spin,85035994-ccfc-43e8-8602-f94ffcfad7f6,,40.0070348,-83.00932749999998,,,,,,
Spin,16d0b468-88d3-4338-9f4b-34a6b3248b46,,40.007049599999995,-83.009385,,,,,,
Spin,244087f1-e43a-4aa8-aa46-9a88f9e3e9a4,,40.0067897,-83.0100427,,,,,,
Spin,8a053f38-c5d8-4f51-9138-f3c57779b630,,40.0006733,-83.00285738333332,,,,,,
Spin,31cfcdbc-73bf-41ef-a48e-9d4a9827648d,,40.0164965,-83.0031842,,,,,,
Spin,0136d920-3626-49f3-bb6c-adb0a6b44f92,,40.006793,-83.01475239999999,,,,,,
Spin,e87237ff-21ba-460c-ba96-8997b44e338c,,39.99770973333333,-83.00194000000002,,,,,,
Spin,20f630a1-596e-4fab-bf87-d66e3e7d328a,,39.98712,-83.00533,,,,,,
Spin,1107f696-d2fd-46cb-8f80-cdd0e89f29c8,,39.98490963333334,-83.0015807,,,,,,
Spin,fc1788a1-1ce4-4f8b-98cb-cc983b1f2c5c,,40.0090846,-83.0100085,,,,,,
Spin,22ab43e1-134e-418e-84de-363fa4f57d6d,,39.96008113333333,-83.00866919999999,,,,,,
Spin,7f0160d2-89a6-4574-bc63-8d4cf0956c95,,39.95979633333333,-83.00867760000001,,,,,,
Spin,8f3c1347-380d-4a9f-a07c-094cbbc74e24,,40.014061,-82.974663,,,,,,
Spin,82e49ffb-a3eb-48d5-9f7b-a3085cf0f383,,39.95814923333333,-83.01720900000001,,,,,,
Spin,fba0e0ef-2fe4-48d2-a89f-335631acd429,,39.995616,-83.004664,,,,,,
Spin,a4257d2e-9a7f-4ea3-9b8b-8c0b586621a0,,39.956232,-83.010926,,,,,,
Spin,34d7ea05-a35a-4a48-9727-eef8a17ddee4,,39.993602,-83.042237,,,,,,
Spin,38c59d05-b28f-4c9c-a959-2f681e32d6bf,,40.031535,-83.010872,,,,,,
Spin,e03c6c17-dfde-4a1c-9390-b9b07b081420,,39.964452,-83.00276,,,,,,
Spin,83497e10-d2c1-493d-a801-631c4ca2b7f3,,39.96791923333333,-83.0121888,,,,,,
Spin,b0069d3e-f993-4e11-bd33-c9c9986392c2,,39.98749315,-83.01391399999999,,,,,,
Spin,761ad2ee-ad75-4574-b769-27ed7e9bf437,,40.006216,-83.01195,,,,,,
Spin,dc93a6c3-70c6-4b44-bba9-a99f238107a0,,39.993847233333334,-82.98250453333334,,,,,,
Spin,0341ae54-20c1-45d0-9392-5476cf45f5f8,,39.949409,-83.041767,,,,,,
Spin,68ed3fa5-b6fb-4496-999a-fc25d3c8128a,,39.94945,-83.04176166666666,,,,,,
Spin,02c7774d-a9ba-40e3-9080-e936c899b798,,39.949402,-83.041778,,,,,,
Spin,cff4fd1d-a720-4b00-9558-d02bcf84d529,,39.949439999999996,-83.04175500000001,,,,,,
Spin,97df2b9e-9dbf-4e8f-82f1-8f3e0717835c,,39.996268533333335,-82.99630763333334,,,,,,
Spin,b50ca43a-f3fc-4ff5-8d64-b7f1a4ac34d6,,39.94974,-83.040638,,,,,,
Spin,3ede78ed-0e07-4afa-b1fe-7ab5bddb5314,,39.94965166666667,-83.04062,,,,,,
Spin,34dbc93d-f68e-4ce1-8093-39a5e430493c,,39.94965833333333,-83.04060666666668,,,,,,
Spin,f3c176d0-42b5-4990-a368-d861fac147ed,,39.948391666666666,-83.04709166666667,,,,,,
Spin,5493828f-1373-41e3-a861-2ec66b63ab62,,39.94838,-83.04710333333333,,,,,,
Spin,6609d228-a343-4587-a104-572d86362a76,,39.968115,-82.993398,,,,,,
Spin,2947b8a3-4e69-4852-a4e9-48a3c2ea5287,,39.99378283333333,-82.98238103333333,,,,,,
Spin,28fdfb52-a904-42ec-9866-86237949ad2e,,39.94802833333333,-83.04936000000001,,,,,,
Spin,6102ee1d-4971-4fd8-8166-3a53cd439cc9,,39.948011666666666,-83.04936666666666,,,,,,
Spin,803824a1-cb01-4a15-a4ce-2bce0db45bfa,,39.948002,-83.049344,,,,,,
Spin,35f5837d-080c-4141-b8fd-c93b98dab925,,39.948026,-83.049346,,,,,,
Spin,e963cc0f-a221-4f30-aba6-9c3a07c20171,,39.94802166666667,-83.04936500000001,,,,,,
Spin,d6f2404c-4478-4528-bcbd-40fe051fd055,,39.99381773333334,-82.98250113333333,,,,,,
Spin,3813b4f7-baac-4143-8523-79174e38c03e,,39.947707,-83.050936,,,,,,
Spin,fc23606e-a32a-4a6b-8ce8-19d6bd811c8a,,39.947692,-83.05103,,,,,,
Spin,3e4e3195-01be-497d-8926-77564de1fcee,,39.94772666666667,-83.05094333333334,,,,,,
Spin,f262086f-6b90-42d1-9b05-158f137f7d7e,,39.947706,-83.050938,,,,,,
Spin,a4ae11ba-8cbd-484a-b920-f6399b5d107c,,39.947561666666665,-83.05190499999999,,,,,,
Spin,1c75d5eb-7cb1-41af-95e1-b222bbf3145b,,39.94756833333334,-83.05189,,,,,,
Spin,5e805047-89df-4a46-8c50-3a2d44f779f5,,39.947545,-83.05188000000001,,,,,,
Spin,ab2b1bf6-2c39-4659-98d5-a2061a57156f,,39.94754833333333,-83.05186666666665,,,,,,
Spin,585e4b84-b2fe-49e1-a552-1d47ba496f56,,39.947291,-83.053195,,,,,,
Spin,15e414db-b72f-42c5-8ff4-1bde9a0863f4,,39.947253,-83.053218,,,,,,
Spin,b111ba8d-48ee-4bee-b695-071d92fec2ea,,39.990227,-83.005864,,,,,,
Spin,285c283d-7c0a-4195-8b31-cd1e8412fc39,,39.976353,-83.004096,,,,,,
Spin,04f7f430-d11a-4520-ade1-d909af89be6c,,40.0059558,-83.00655479999999,,,,,,
Spin,505d7725-4399-42ae-a1c9-f96a40d1e79d,,39.99381533333334,-82.98243823333333,,,,,,
Spin,562ff6c2-dae7-40f3-93a0-1f9edb72f0c4,,39.99346553333333,-83.0045547,,,,,,
Spin,4add5424-1c48-4822-82db-f26a98e8c5b0,,40.0018714,-83.0081949,,,,,,
Spin,dd67fe73-3a08-49fc-9292-10e4da719f9e,,39.989608350000005,-83.01273889999999,,,,,,
Spin,995564d3-8843-4439-9ac5-0e9d71003580,,39.99186273333333,-83.02600069999998,,,,,,
Spin,b79f83a2-6f00-43d6-a2de-592c5e391f16,,39.97458185,-83.0032656,,,,,,
Spin,600282a6-ef62-42fc-805e-4cc66b9b9635,,39.990241133333335,-83.01352659999999,,,,,,
Spin,ec0da697-647f-45a0-b060-4cca8cd79d69,,40.0062078,-83.01098259999999,,,,,,
Spin,c2947e3e-6d6b-4f8d-b9cf-fb8d90428623,,39.990254,-83.005773,,,,,,
Spin,bb75c019-d4c9-45e9-9b4e-3db707f9dd22,,39.990169,-83.005808,,,,,,
Spin,000a5a3b-668b-4c65-a47f-1b8733fd6e90,,39.977401,-83.011618,,,,,,
Spin,11af4383-80cb-472b-89ae-838338c386b4,,39.97746,-83.011615,,,,,,
Spin,8b260b0c-f5e7-4cc3-82e6-2b830c60f65f,,39.97057135,-83.00217939999999,,,,,,
Spin,13d35b0e-6599-42f2-9976-536fe5629aaa,,40.0041662,-83.00862479999999,,,,,,
Spin,edbca202-453c-4d18-b543-35b9e8d19624,,39.968532233333335,-83.001692,,,,,,
Spin,71672aec-d4b1-43c5-99da-1ee09d9dbda1,,39.98611613333333,-83.00550530000001,,,,,,
Spin,69166a83-e170-4b46-88c6-d6da950f7a27,,40.0625462,-83.04042550000001,,,,,,
Spin,680986b2-d1e3-4d0f-80a8-6b42f68a35e2,,39.96922993333333,-82.99076843333333,,,,,,
Spin,fa218816-aea3-4c2d-aeda-05c512466f02,,39.925295633333334,-82.98427673333332,,,,,,
Spin,45d42eab-8eb7-44b6-af53-cf68d32c0eb6,,40.01475,-82.995209,,,,,,
Spin,7bcd8acf-f53f-4bf6-b950-34137da8a136,,39.97767715,-83.02265039999999,,,,,,
Spin,cb2de721-d8a0-4260-b5b5-49ea3d417bd6,,39.985216,-83.005511,,,,,,
Spin,d57e992a-31b6-46ec-83d6-c09420f71467,,40.002684,-83.00488,,,,,,
Spin,6a570f41-0803-4101-a633-a379e1cdf615,,40.0083858,-83.00987549999999,,,,,,
Spin,7caf9a81-98cd-4a19-806f-e07ef9084cbf,,40.0082242,-83.00956849999999,,,,,,
Spin,7f5b208e-3e36-4ed1-8fa8-a3002f9d8552,,39.982733,-83.00457,,,,,,
Spin,c1c42390-c040-41f5-b3da-2d604d33d4db,,40.006497800000005,-83.0175637,,,,,,
Spin,d795a91e-a8d2-4064-8870-d6d7467e157f,,39.985217,-83.005532,,,,,,
Spin,afeae9a5-af51-4309-ad65-57b2d7391a11,,39.985213,-83.005492,,,,,,
Spin,39fe9964-2902-43ac-a66b-5641f2bb60de,,39.960433,-82.975055,,,,,,
Spin,becc1208-5536-44a6-9812-df350e57a7ca,,40.0126683,-82.99349473333332,,,,,,
Spin,928b3570-ac83-42a2-a2d0-843d5f98d5e0,,39.985268,-83.00548,,,,,,
Spin,9ad65fe1-af26-4ff3-87a6-b388a30f457a,,40.0015024,-83.00396559999999,,,,,,
Spin,0cf912ab-a33a-4ee7-9e3a-4760b25061de,,39.99963173333333,-82.99997103333332,,,,,,
Spin,a0e84827-2fbf-4686-a274-88b7f09c9a89,,39.994102733333335,-83.00682710000001,,,,,,
Spin,39a5df55-a0e0-41ef-8a04-01c9ee1a3bfb,,39.99407025,-83.00679923333334,,,,,,
Spin,63f55ca1-3027-4e71-8021-9ad89dc6a8cb,,40.001875000000005,-83.008171,,,,,,
Spin,5c9e2614-f1ea-46c9-acce-5b7383c323fc,,40.0210822,-83.03158989999999,,,,,,
Spin,bf18ecf9-0ad3-4c3f-832d-fa146e5b5e98,,39.993992899999995,-83.00683733333332,,,,,,
Spin,adf59dd3-4169-4949-8499-f32f39086e0b,,39.99408353333333,-83.00679729999999,,,,,,
Spin,4b738ab1-c226-4a8e-989d-7729336d7afe,,39.99403965,-83.0068466,,,,,,
Spin,92daac5d-7f80-4c91-8ee7-b032b85bccfd,,40.010311,-83.020387,,,,,,
Spin,f982b684-1631-4dba-b1ac-af1919d2a202,,40.0141233,-82.97450905,,,,,,
Spin,bc7bb55a-f630-48eb-811b-c878535a9246,,39.97842,-83.012151,,,,,,
Spin,1c57c50c-d268-4926-a9b6-658907c678a6,,39.98810391666667,-83.00641348333332,,,,,,
Spin,cfab3bd7-9cec-494f-b944-23739abd211b,,40.0112387,-83.0134949,,,,,,
Spin,45e7568c-d4c9-4dec-a9d5-a97baa960f00,,39.94362,-83.075515,,,,,,
Spin,749b30f7-aff1-45c8-a4c5-97fe419c0dc7,,39.96095033333334,-83.01257405,,,,,,
Spin,075c3df0-b579-4d8e-a8f3-cfb11fb9cecb,,39.99465573333334,-83.00590330000001,,,,,,
Spin,146a3801-7b34-4b52-9caa-ebc9a59c7b1a,,39.98872815,-83.04471110000001,,,,,,
Spin,7c2b1c9e-85c5-413f-947f-a5ff1ac3530c,,40.002356,-82.998368,,,,,,
Spin,45ab1330-8213-46fb-ab1b-c3416f3a246e,,39.98965835,-82.99596523333334,,,,,,
Spin,c86bdf3e-d375-4dcc-860c-881e6e86d8f5,,40.0137767,-82.99832333333333,,,,,,
Spin,634a5313-fb61-4861-987d-82481ac245ac,,40.001431,-83.00974,,,,,,
Spin,ddb51658-3575-4bfb-8309-8d989c701778,,40.008061,-83.023667,,,,,,
Spin,c44974be-ac87-4718-a472-79ffd7b5053f,,39.995147833333334,-83.0168418,,,,,,
Spin,b399f77d-503b-43c9-9e56-8e95bdda0a68,,40.005644,-83.012003,,,,,,
Spin,968dfa9f-cfa8-4406-aaa2-2c239987d8f4,,39.999259,-83.021514,,,,,,
Spin,ed64ebe7-1353-461f-be7d-e44dcdaabe71,,39.999262,-83.021469,,,,,,
Spin,48860bd5-c922-478a-b74c-38e5046421f6,,39.995297,-83.014662,,,,,,
Spin,0a2e7156-0001-42de-9a08-fc4791a8b693,,40.003419,-83.015915,,,,,,
Spin,fbd5e43b-7518-40af-9fb1-38bbd290ce1e,,39.999365,-83.009375,,,,,,
Spin,2a7dd9c0-01b4-4c74-9122-53661deccd6d,,40.002048,-83.012644,,,,,,
Spin,fd4a3ba4-7ccc-46bc-8be2-2f6ca7c2f523,,39.998113,-83.032451,,,,,,
Spin,606e2bef-53a9-492e-af88-3a42f154ad98,,40.001176,-83.01552240000001,,,,,,
Spin,372c8ee9-a7e4-4510-b454-97c65d67bc53,,39.99718393333333,-83.03744300000001,,,,,,
Spin,fc1342b9-579b-46a3-9a1c-cec39d22b72e,,40.00843,-83.026584,,,,,,
Spin,e4820fef-7371-49c3-b4b5-a0ee777918b3,,40.001756,-83.013813,,,,,,
Spin,6eb844dd-4c63-4eae-ad32-898c1a033fcd,,40.0014035,-83.01398259999999,,,,,,
Spin,28c9b090-81d1-4acd-8b8c-1bd5b2e38e60,,40.00139,-83.016238,,,,,,
Spin,72b50530-ecbd-48c1-8840-85b2999d7995,,39.99873,-83.019049,,,,,,
Spin,f148b865-4ba6-476e-a178-eb162ab920f3,,40.000488,-83.017523,,,,,,
Spin,0af2743a-2cd4-4d11-ba46-b05569cde495,,40.000165599999995,-83.03885710000002,,,,,,
Spin,1057f307-4464-4471-8539-b07d9d8df10a,,40.006197,-83.016993,,,,,,
Spin,0529ba7f-6996-463e-9bf0-86da556748db,,40.004092,-83.014382,,,,,,
Spin,6ed89cc5-94a6-4214-9bdc-407e3f71b20a,,40.006194,-83.017003,,,,,,
Spin,4ef1fd9b-daf2-4c66-a3b6-d9c38108db04,,40.006186,-83.016915,,,,,,
Spin,f6807ece-119f-40ce-911d-c7fe05b2a145,,40.006205,-83.016991,,,,,,
Spin,40f0d526-6c72-4fa4-8086-a090ae1f0eb4,,40.006201,-83.016988,,,,,,
Spin,5a32042f-b222-41cb-bbcf-690fa1379bb8,,40.0047828,-83.0106046,,,,,,
Spin,4656b37c-a7f1-4510-b8cb-5e5e03a0801d,,40.001344,-83.01061,,,,,,
Spin,5cd4068b-cf9f-42a5-b049-743c77d8f37e,,40.000873,-83.014118,,,,,,
Spin,b917c1bc-c6e5-4c83-a6b0-fcc35ffe0823,,40.001411,-83.016439,,,,,,
Spin,b8819f3f-786a-4127-8d3c-60786cbe8799,,40.00041,-83.026945,,,,,,
Spin,9da45417-e335-4cbd-badb-d298e2d224bd,,39.99937943333334,-83.00920339999999,,,,,,
Spin,ad7c0e6b-2d7f-4531-b5b6-149fbfc35378,,39.996159,-83.020403,,,,,,
Spin,5d9f7029-9772-49fc-8d53-8ea17d7e965a,,39.994483833333334,-83.00810179999999,,,,,,
Spin,b9b068f6-a103-428e-b232-6e8d4fc45b02,,40.005643,-83.014312,,,,,,
Spin,e9ea5521-3b7e-48c5-b002-5ec73aaacc45,,39.997022,-83.007575,,,,,,
Spin,eb1ca643-c635-4301-b379-040bcaf0a5c1,,40.006506,-83.033941,,,,,,
Spin,b8a6d5fa-a1be-4664-9b82-e75a75d6ed28,,40.0029105,-83.032142,,,,,,
Spin,7114efc2-80c4-49c7-8315-43141389461a,,39.996558,-83.020357,,,,,,
Spin,e2db0bba-70fb-425f-913b-a64a1ded41a2,,40.00062,-83.016339,,,,,,
Spin,c1032251-4255-4868-95ef-04ad43a20f23,,39.997036,-83.020754,,,,,,
Spin,dd2f632b-d411-4526-84e3-599bc0c35707,,40.003101900000004,-83.0327196,,,,,,
Spin,5c4e3053-1cb6-4ebb-b7de-a2d6e44bc4d6,,40.006009,-83.010949,,,,,,
Spin,9e6557e2-c1fe-4f8f-982a-45183f04af8f,,40.0005974,-83.01282959999999,,,,,,
Spin,1b246418-6d48-4693-ae9d-5142a7405fe3,,40.0010516,-83.01231979999999,,,,,,
Spin,d1a3de17-ec63-4ad2-b2c6-c19dcee48dca,,40.004825,-83.011211,,,,,,
Spin,c3408904-fe4f-48dd-a81b-ec8dd2d035c0,,39.99820093333334,-83.0161985,,,,,,
Spin,3f9198a1-2c3a-43d8-ba74-f761bb303458,,39.993633333333335,-83.01827999999999,,,,,,
Spin,583c28d4-4df6-4d7a-bf9a-1fc160bcb23e,,40.001163,-83.011264,,,,,,
Spin,5647b990-3b4b-43f3-8b8c-4bada7a04f43,,40.0005651,-83.03214109999999,,,,,,
Spin,398f2194-bba2-4371-93a2-9db2db0dba63,,39.993436,-83.016014,,,,,,
Spin,81cf1da7-5c2f-4798-a1a6-26e22adac092,,39.99235753333333,-83.0222709,,,,,,
Spin,b8ec3f73-6222-46ba-ab75-b803d4c5f01f,,40.003998,-83.016264,,,,,,
Spin,e26ca67c-04e0-428f-ad03-5efabcab3e01,,40.00159448333333,-83.01559261666668,,,,,,
Spin,9a384239-3f15-4608-9659-361b9056a2b0,,40.0017772,-83.01501420000001,,,,,,
Spin,b49c929c-db7c-41fd-851b-a008d67fb4aa,,40.000875,-83.012162,,,,,,
Spin,6fadb79f-abf8-40a4-a317-12c4a717508c,,39.99905483333334,-83.0094092,,,,,,
Spin,9b4be109-52ce-4e0e-a8cd-121bc7fd3524,,40.004579,-83.01219,,,,,,
Spin,1ffb8c4e-73d8-4a53-8e8d-6f8cc1fe3f69,,40.0014864,-83.01025329999999,,,,,,
Spin,a970bd5a-747b-4c33-869d-85a8ce74e738,,40.0045679,-83.0257654,,,,,,
Spin,327c7376-c27d-4309-91a4-13e2ccf23739,,39.996424633333326,-83.01639519999999,,,,,,
Spin,96453442-98fa-4b7c-804f-5047f0de7c0c,,40.001225399999996,-83.0151385,,,,,,
Spin,8843ee3f-a0a0-4048-b1e6-981347ce9d9f,,40.001989,-83.012732,,,,,,
Spin,1b2f3154-cbfd-402c-b1ba-e7985ba12e97,,40.001277,-83.014392,,,,,,
Spin,3461dafd-bcba-4efb-b726-41cbc7650aaa,,40.003465,-83.015714,,,,,,
Spin,721c95e2-4a52-41c1-909e-e14dbfa5bfd4,,40.002724199999996,-83.01213530000001,,,,,,
Spin,435b59b1-12c2-4140-a3e6-0d66e1cb8063,,39.99933,-83.00916,,,,,,
Spin,5a67614f-77cb-4b7e-86d6-5af88052825c,,40.00121,-83.01124,,,,,,
Spin,8d9841af-157a-4ac2-8ed6-5cb52cf813a4,,40.001512,-83.0156,,,,,,
Spin,1b4590d4-f0cd-4e0c-91e0-977e0a36a96f,,39.99980523333333,-83.0155197,,,,,,
Spin,176c4870-7bab-4da9-8a28-ab4fdeb1c530,,40.003932,-83.014603,,,,,,
Spin,e7bf2db7-596b-4ea7-a1c0-9b84a69b9f38,,40.0015,-83.016308,,,,,,
Spin,7912fa1e-1e0a-4c4c-8d8f-e6d645538728,,40.004088,-83.014402,,,,,,
Spin,83913f72-b398-4ddb-849f-62ac73370fbc,,39.99927673333333,-83.02143489999999,,,,,,
Spin,a87794cf-7d55-4df5-b0ff-573409503dc5,,39.999277533333334,-83.0214277,,,,,,
Spin,f277801a-16f7-4536-bf2c-af7f6432dc72,,40.005588333333336,-83.01162166666667,,,,,,
Spin,62963cc2-fe00-4257-8d68-54aa0762c9f4,,40.001044900000004,-83.0118529,,,,,,
Spin,017a3d68-b922-4821-abea-42c2836f439e,,40.001127,-83.013068,,,,,,
Spin,530513c7-1ee5-411f-80d8-85b7c5d7783b,,40.002959,-83.032254,,,,,,
Spin,aeabc420-41e2-4a63-8ba1-8ba6af94df6b,,39.997889,-83.007637,,,,,,
Spin,6d2fb0da-b75b-4e17-acf5-3e0c084a94e7,,40.001882,-83.012961,,,,,,
Spin,15954ced-cd06-4410-a93b-e57841a7973c,,39.997641,-83.014406,,,,,,
Spin,3929155b-f57f-4456-8ba5-5b04edc6284a,,40.0059606,-83.01052159999999,,,,,,
Spin,21705e2c-c13e-476a-8c90-7cac48fc39fb,,40.003111,-83.03274230000001,,,,,,
Spin,6650a9e2-1787-46e2-949c-6d621701c233,,40.0072123,-83.0263218,,,,,,
Spin,3af543c0-89ae-48eb-b962-5ff92018f742,,40.0043663,-83.02811500000001,,,,,,
Spin,12532515-7215-424f-a2b3-57c4a0a45fe8,,40.0029198,-83.03225849999998,,,,,,
Spin,0121bb1c-d6a6-4a1a-a9ca-753c8c7f1ca6,,39.992493833333334,-83.0199705,,,,,,
Spin,dc3c1e7d-8daf-471e-be18-456e07119732,,40.005410399999995,-83.0109186,,,,,,
Spin,6a09fdf1-fa29-4d47-bf17-a01a9be2a65f,,40.0053339,-83.0106987,,,,,,
Spin,90a9c8d1-e04b-4285-a3ae-11d9ba7feb5a,,39.99912543333333,-83.0174533,,,,,,
Spin,caf45adf-a89c-4068-a04c-102c1dce70b2,,40.0052729,-83.01018309999999,,,,,,
Spin,e990abdb-0cb3-49f5-8f1f-f7b32edc2485,,39.99496113333333,-83.02024250000001,,,,,,
Spin,8a121b72-d88a-4f83-b42f-4ab35046e83b,,39.99558123333334,-83.0196397,,,,,,
Spin,65fca3f0-c0ae-4a1b-a095-c419a95a1285,,39.996518333333334,-83.02071570000001,,,,,,
Spin,f61515fe-eab9-4103-af67-6fad6c503cf8,,40.0004386,-83.01105449999999,,,,,,
Spin,a247825e-eeef-4137-9a8a-4d2ae9f51c5e,,40.0013971,-83.01399,,,,,,
Spin,7093cd8f-0b41-4255-bc65-450e7e983f42,,40.0022332,-83.0160829,,,,,,
Spin,6e48ac59-1c09-4f52-986c-c80c96cf04c5,,40.001385,-83.01055333333333,,,,,,
Spin,0cf31401-d8e9-4b64-831f-2598a89d8a67,,40.00170333333333,-83.01633833333332,,,,,,
Spin,3e40b2f5-f392-414e-b1a7-0b77ee487a80,,39.997232,-83.015089,,,,,,
Spin,95ff276e-f372-41c9-9bfc-46e6fd9662a7,,40.0025266,-83.01191920000001,,,,,,
Spin,83111dde-2928-4344-8e70-7e9e0b3b2610,,40.0017624,-83.01456789999999,,,,,,
Spin,756aeb83-aaa3-4369-ad09-8629992b4fa7,,40.001431600000004,-83.01399860000001,,,,,,
Spin,36811cd9-f277-4aea-b94f-b4b9ff15a584,,40.0026255,-83.01298700000001,,,,,,
Spin,4df7f745-421f-44eb-8435-2ccf7193ebb0,,39.99847,-83.02148166666666,,,,,,
Spin,49274660-4897-415b-9042-58613f728c45,,39.994391,-83.016057,,,,,,
Spin,ea8156b3-b84f-478b-b344-575c3e9cfc23,,40.00045,-83.026942,,,,,,
Spin,5d621330-53ae-4116-9c9b-5f5baaddaa27,,40.0021138,-83.0154613,,,,,,
Spin,c6fa4f4f-c4ae-4269-925a-e038e6d26044,,40.0015241,-83.0102938,,,,,,
Spin,744736f6-f1a1-43de-9bca-c9744052c45b,,40.0025689,-83.01573330000001,,,,,,
Spin,7c8e993a-aa1f-4380-90a7-d04d866bf05f,,39.999116,-83.016918,,,,,,
Spin,4fc499bf-8695-4713-ad96-74f04838c134,,40.002815,-83.015619,,,,,,
Spin,90c99f46-6e7f-474a-8190-825076b2d5a6,,40.0006896,-83.0163585,,,,,,
Spin,0e35859c-2d3d-4086-b0aa-fd4dda9881a6,,40.0018112,-83.01469649999999,,,,,,
Spin,172c5eef-55ff-4743-ac2f-783050090318,,39.99940543333333,-83.0160834,,,,,,
Spin,5fb6c4c7-6451-47d2-a7e1-0b39b71479fb,,40.0019798,-83.01552179999999,,,,,,
Spin,125da285-bdb4-43b7-b7b8-993209ba9b3d,,39.996941633333336,-83.01753160000001,,,,,,
Spin,41f4a5fe-2f6d-4c3c-89d3-f7d040a462a6,,40.002031200000005,-83.01537179999998,,,,,,
Spin,050be618-f85e-4352-9863-7923fb047e88,,39.99347673333333,-83.02095030000001,,,,,,
Spin,3f19ff7e-122d-48f1-aaab-96d6b57a4b27,,40.0047547,-83.00948869999999,,,,,,
Spin,7cf45bb3-e47e-492d-ab6c-db59e6b10aad,,40.002157200000006,-83.0086274,,,,,,
Spin,1f555398-bceb-485b-a917-85d8d004f85b,,40.0080764,-83.02364860000002,,,,,,
Spin,84c1d45f-22b6-453f-9380-7a21d84f1e39,,40.017188,-83.023863,,,,,,
Spin,c2790c7f-1387-463c-960c-abd4e7e1aea5,,40.0031602,-83.0270752,,,,,,
Spin,79e5f7f7-9a3f-41c0-9440-35c53bfe03e0,,40.003206,-83.02811,,,,,,
Spin,cc18f92b-7bac-4ad3-baf7-6bb38203daad,,39.997613,-83.038038,,,,,,
Spin,a978a0f6-4c2d-4143-8436-fd087df2d01e,,39.995424,-83.009547,,,,,,
Spin,c5a2c8fb-fe32-42df-aa86-4e140d3fd7b1,,40.003165,-83.034135,,,,,,
Spin,db663778-4597-47c4-a721-9d0d9c7845ad,,39.99091683333334,-83.0232766,,,,,,
Spin,c3a98644-b2b3-4a42-8bc6-1fdff0ffaa39,,39.998103,-83.032417,,,,,,
Spin,cc1bc17a-e12f-4012-9bf9-65eea2a3cc50,,40.002253,-83.0161057,,,,,,
Spin,5df572fc-d15d-4623-8a53-9804a5b5f9d3,,39.997907733333335,-83.00933510000002,,,,,,
Spin,16c8aeb4-cc48-4fbb-975d-0f2d98711e24,,40.00196630000001,-83.01564340000002,,,,,,
Spin,d48895d0-8290-4c31-8295-4c780da93923,,39.999669133333335,-83.0099038,,,,,,
Spin,34bad98a-dc23-40e8-8144-f8bef181e745,,40.005295,-83.015476,,,,,,
Spin,2c9b2c91-33ba-47a8-8c7f-3677c01e2bfa,,39.997405,-83.010861,,,,,,
Spin,44288c52-6d12-491c-ba41-20b791568b51,,40.0010958,-83.01028059999999,,,,,,
Spin,0c7d28c0-b3e9-44ea-bd2d-deff02df1951,,39.998787533333335,-83.009513,,,,,,
Spin,707ebe1b-1750-4ef2-a004-e0f0d4e595d3,,40.00884,-83.02563909999999,,,,,,
Spin,258407b8-5afb-43f2-ac4a-b8625afaf8e5,,40.00477706666666,-83.02125938333332,,,,,,
Spin,774f859a-99b9-4439-a714-9bfafce6a143,,40.004762916666664,-83.02125091666667,,,,,,
Spin,a07e827e-2acc-479f-a9f7-86b701fcdd36,,40.00476581666667,-83.02125886666666,,,,,,
Spin,dc509ae2-b7ce-4b6f-a664-f98186430bfd,,40.00475955,-83.02122185000002,,,,,,
Spin,f1517b09-d816-4acc-b360-12c0e8b9b970,,40.00476213333333,-83.02126213333334,,,,,,
Spin,847c55c0-a4e1-48ed-9583-4bc82d149110,,40.004509399999996,-83.02126736666666,,,,,,
Spin,63c02384-315b-414e-bef9-21f3eba30067,,40.00450186666667,-83.02126785,,,,,,
Spin,f146bab9-353e-48f1-af13-33927e74b883,,40.00451101666667,-83.02127221666666,,,,,,
Spin,28091f12-f6d9-4ac6-a59b-3f42b9f2347a,,40.004506983333336,-83.02128814999999,,,,,,
Spin,ddd645bf-fb27-45f2-aa6a-d1a16ec1a354,,40.0045912,-83.02577956666667,,,,,,
Spin,d592ae1e-a93f-4d02-ad1f-ada9b3966bc7,,40.004574983333335,-83.02577651666667,,,,,,
Spin,0dc8acc5-6190-4b49-88a8-56ba1b37b68c,,40.004577133333335,-83.02578718333334,,,,,,
Spin,a1d6cf96-30d9-42b5-bd1e-2bd73988e64e,,40.004579633333336,-83.02577318333333,,,,,,
Spin,fca5a7c1-22ec-4a49-a3fb-c321567f6d29,,40.0004932,-83.01741788333332,,,,,,
Spin,3cd7b263-68da-422c-87e1-c01e3b222bbf,,40.000473899999996,-83.01741050000001,,,,,,
Spin,095bab73-be71-4b23-85d8-465ed12ebd57,,39.99898,-83.017414,,,,,,
Spin,41aeb544-e103-4515-b480-14f29f84883d,,40.00069731666667,-83.01635666666668,,,,,,
Spin,9ac0ed13-4995-41cd-b4d4-40b4b77191c9,,40.00068045,-83.01634888333335,,,,,,
Spin,2adc8cbd-2e68-476e-8329-f463d4fc5b00,,40.00068303333333,-83.01635536666666,,,,,,
Spin,bb15e00e-31a5-4731-96c7-57c8c79b9f35,,40.001941,-83.016311,,,,,,
Spin,179419df-5a16-4167-9719-5b467b711067,,40.001873,-83.016435,,,,,,
Spin,d834048a-bb2e-421a-93a4-b21bb3a465ce,,40.001997,-83.016408,,,,,,
Spin,8ea1c538-3351-4ffb-b59e-90b7d599e836,,40.001937,-83.016265,,,,,,
Spin,606d4190-7dd2-4a0d-bbb5-8fa6f4874ee2,,40.00195,-83.016463,,,,,,
Spin,fe5cd96f-c315-4ee3-b743-5115c381ad3a,,40.005324800000004,-83.01017599999999,,,,,,
Spin,63afac36-2462-4f7d-94e5-c359ce125786,,40.002951,-83.020253,,,,,,
Spin,405b372a-e327-4ad9-8a09-fb09ac2ce676,,40.0029367,-83.020239,,,,,,
Spin,56384872-7969-44f0-9136-14246a8ee99d,,40.00294133333333,-83.02026794999999,,,,,,
Spin,07ac4ff0-bfa3-4e4f-893a-82c4407cd7e6,,40.005183,-83.0106974,,,,,,
Spin,d7b99135-cd2f-49d5-a38a-ab2566368534,,40.0055957,-83.0101241,,,,,,
Spin,7de0094a-5bf9-4be1-9198-eb7c65d409c3,,39.99922551666667,-83.00796018333334,,,,,,
Spin,9f7c2ec6-ed37-499f-87d3-4b0088bddef5,,39.99924096666667,-83.00794891666668,,,,,,
Spin,067d43ce-d70b-46aa-9974-36b0f090265d,,39.99921053333333,-83.0079496,,,,,,
Spin,e1d218a4-76f9-445c-9ca6-e6078b1434aa,,39.99422643333333,-83.0124136,,,,,,
Spin,1b406509-0935-4b44-9c5a-d273cf42d8fb,,40.000902,-83.014049,,,,,,
Spin,70659d69-3bdf-442f-bbda-4b0975331c3b,,40.000515,-83.017458,,,,,,
Spin,ddafd87c-d8d7-4c03-9252-be74ee397aeb,,39.999056,-83.018064,,,,,,
Spin,3af0f790-3be9-40be-81c7-f16e78827f10,,40.002928,-83.032318,,,,,,
Spin,25ab1bcb-82e5-4d50-9155-04cbfc94a5b4,,39.99402143333334,-83.0176949,,,,,,
Spin,dc093237-eb5e-4c53-a5a3-787d75c7bae8,,40.0131997,-83.0228934,,,,,,
Spin,b2690004-072d-4f5d-ad03-147149502c51,,39.99958733333334,-83.01932970000001,,,,,,
Spin,8c5b6e67-bac3-486d-af23-23e3c0d91f04,,39.99967178333333,-83.00793283333333,,,,,,
Spin,e9a50ad8-5713-4cf5-9cf2-5cc8fea33617,,39.99429453333333,-83.0183806,,,,,,
Spin,60180a8e-0157-4f8a-9c34-6a6cce3209e9,,40.004124,-83.015873,,,,,,
Spin,8678ccea-860d-4643-bc71-a541747ab889,,40.00033,-83.011012,,,,,,
Spin,51a14997-e927-4a8a-aa71-05c98b9ab8bf,,40.000639500000005,-83.015465,,,,,,
Spin,90684e92-68c7-47b2-aefe-85f060104399,,39.998217,-83.015138,,,,,,
Spin,f0ecaf43-4d55-452b-a8fa-088f7f292374,,40.016048500000004,-83.0306716,,,,,,
Spin,d487bdfc-c7b2-416c-a2a9-b1f26a86b651,,40.001855,-83.01303619999999,,,,,,
Spin,d844213c-8c1e-422f-a1d8-403616767458,,40.0040453,-83.01609859999999,,,,,,
Spin,9e96f335-f585-4968-87b1-27dd22c7364b,,39.99691923333333,-83.0198036,,,,,,
Spin,6e359855-1f09-402d-877d-9e18c2eb125f,,39.999683233333336,-83.00788213333333,,,,,,
Spin,fc3397b2-d043-45d1-8646-5a0b65c2ef3f,,39.997327133333336,-83.01550110000001,,,,,,
Spin,bc444ebb-19e1-4a26-82b5-bdf66b144e62,,39.997859,-83.007531,,,,,,
Spin,4172af60-9729-42e5-a755-9a9277820aed,,40.000296899999995,-83.01662370000001,,,,,,
Spin,0f336ebc-9083-46ac-8ef5-1fbcb4920273,,39.999316433333334,-83.0092342,,,,,,
Spin,f1e86bab-d61d-48d0-8945-1bd46f3c6d6e,,39.99963903333333,-83.0078692,,,,,,
Spin,b953fa0c-aea4-4730-838f-a5f39c0e1947,,39.99858673333333,-83.02145630000001,,,,,,
Spin,22402aea-3e1c-4303-a850-0862835c24e7,,40.0019139,-83.01561940000002,,,,,,
Spin,b634650d-37ad-4be4-85e5-228a7ab7ec78,,39.99828863333333,-83.0104009,,,,,,
Spin,1a8ecb80-8482-4d3a-a4ee-8191724eb916,,40.0011007,-83.01200330000002,,,,,,
Spin,5fc15cb0-b098-4bb1-addd-0ee873ba2beb,,39.99764963333334,-83.03795219999999,,,,,,
Spin,c86cc2d1-b794-4eba-b337-ce0b8250cf30,,39.999379633333334,-83.0094297,,,,,,
Spin,4b88b694-3d96-4f26-80f0-77c9612b5b34,,40.0014793,-83.0102339,,,,,,
Spin,8b78f1be-25e8-4752-998a-c4c678ab8bce,,40.0040046,-83.01671630000001,,,,,,
Spin,7b796dd5-13b4-41f2-8d48-1932162723f9,,39.996888033333335,-83.02080079999999,,,,,,
Spin,2d026426-7208-4626-9cc8-e484f39a57cd,,39.99641473333334,-83.01464069999999,,,,,,
Spin,0880a852-1507-415b-bbcb-deec87789ce9,,39.99688853333334,-83.01974360000001,,,,,,
Spin,3bfbcb97-64c0-4f43-929f-f524cedecb7e,,39.999635633333334,-83.00787549999998,,,,,,
Spin,7e8a0333-3100-4f3c-9f98-3c8ef1da6c41,,40.0006546,-83.0163595,,,,,,
Spin,8dc81dbb-8513-430b-9fb8-879ad2ee6176,,40.0015959,-83.01560509999999,,,,,,
Spin,259fe762-d0cd-40ac-8697-9e66b54efc08,,40.0005957,-83.01283219999999,,,,,,
Spin,5c525ecc-d7f4-4ac3-acba-3a48155ddafc,,40.004138,-83.014906,,,,,,
Spin,cdb2e666-b90e-4da9-af5d-247b59548ee3,,40.002099,-83.01555230000001,,,,,,
Spin,eecdf7a5-5ae1-4ac5-a9e5-365df9183d67,,40.0026341,-83.01546809999999,,,,,,
Spin,441a5c5e-8577-4088-be05-477cc2522b56,,40.0013823,-83.015529,,,,,,
Spin,34228b7c-7ba1-432f-8e2a-05501e8572da,,39.99975903333333,-83.0089232,,,,,,
Spin,dec17985-f3e1-48cb-8210-0af5c5b9cf96,,39.99883143333333,-83.0170442,,,,,,
Spin,b0c352bc-0231-404f-8d5f-59e5fe1df610,,39.997334933333335,-83.01496030000001,,,,,,
Spin,f5c2b737-78d5-4638-ab54-ab70470c924b,,39.998359533333335,-83.0099784,,,,,,
Spin,ec28dfc9-bd12-4b06-bb2f-f1151f961378,,39.99966988333333,-83.00789178333335,,,,,,
Spin,4b7b6d02-f6f0-4664-ba63-123c2e0670bf,,40.0030275,-83.0139298,,,,,,
Spin,68e93765-5cf9-471d-842f-ae0317f1ff46,,40.0059507,-83.00946950000001,,,,,,
Spin,703d7f3d-624b-405a-8551-c247da0fc733,,40.0055708,-83.01019679999999,,,,,,
Spin,17525965-de02-487c-9c08-42f472d144fb,,40.0002906,-83.0166092,,,,,,
Spin,27546273-826c-460f-a3ef-37c824ed4a21,,40.001634,-83.015413,,,,,,
Spin,71597ca7-1be9-44ac-9c87-3cdef7cc1353,,39.99957723333333,-83.00828729999999,,,,,,
Spin,e65bf138-755d-4187-903b-3323f5fb92f6,,39.99970063333333,-83.00790540000001,,,,,,
Spin,0b6789b3-51c4-41a8-b369-c30ed104bf63,,39.99967253333333,-83.00787469999999,,,,,,
Spin,6eab708f-5005-48ea-ae6a-7329245715c0,,40.003251,-83.012586,,,,,,
Spin,db28870c-8e83-4976-93ab-7f193b0c227b,,39.99304923333333,-83.0200865,,,,,,
Spin,40367f0e-0fbb-4210-96c3-8d0b2796087d,,40.0016095,-83.00823700000001,,,,,,
Spin,05bd81c3-1eff-4020-adb4-719044f620e8,,40.0004193,-83.0110316,,,,,,
Spin,32c98031-87a1-41df-b5bd-c2dfb792ff6e,,40.001102599999996,-83.01800049999999,,,,,,
Spin,65629339-a3b8-4a56-8d26-1e7d783160be,,39.998916666666666,-83.01620833333332,,,,,,
Spin,cb9f3b19-4f0e-4fd3-9402-ebbb880bfc6c,,39.99904253333333,-83.01020429999998,,,,,,
Spin,291ab85d-e4cc-40a7-b67d-bdffb9931d3c,,39.999158,-83.015523,,,,,,
Spin,eea68a4a-984d-4bdc-99d5-931f1e101d74,,39.99886953333333,-83.0162483,,,,,,
Spin,4a9612e1-399d-462e-9146-4060a58df0aa,,39.995697033333336,-83.01231639999999,,,,,,
Spin,e6e04aa0-5126-41ae-b797-3e93264e19ee,,40.001410699999994,-83.0130931,,,,,,
Spin,1e8b53e3-9a7c-4ab4-9735-5aaf9472e4bf,,40.0040546,-83.01565389999999,,,,,,
Spin,3ad620f8-3188-4fd8-9952-6ab125c0e8d0,,40.004178,-83.0162672,,,,,,
Spin,5a5c7d23-40f8-4fb0-9be9-fcad8e02496c,,39.99703233333333,-83.01457880000001,,,,,,
Spin,1f734dee-9506-4f6c-b840-3982afeb60a4,,39.998245233333336,-83.015241,,,,,,
Spin,c831e0b7-a854-4652-9481-6a2b14b47011,,40.003491,-83.014834,,,,,,
Spin,b6f2a727-dac4-4ee5-b8d8-c4b7eed00e8e,,40.0020782,-83.01538090000001,,,,,,
Spin,051ed9a1-bb1d-4c8e-8fdf-94f37d330152,,39.995643,-83.012055,,,,,,
Spin,e72f4a1a-d96f-4750-852b-8c52794a205a,,40.000468,-83.01541160000001,,,,,,
Spin,dc2c23ef-5817-47fb-93a8-48f31de978fe,,40.0025641,-83.01575550000001,,,,,,
Spin,3dea7b52-e80c-4859-8c6b-804cbd180c21,,40.0035872,-83.0088845,,,,,,
Spin,df6bb732-200a-4261-b835-a57b4c5bb3da,,40.0015046,-83.01025800000001,,,,,,
Spin,901ffb40-d1b1-4ecc-a41e-46625b931706,,40.001077900000006,-83.01275589999999,,,,,,
Spin,5159e6f7-72a6-4fc9-a55a-2818b3a9f70c,,40.005652,-83.014429,,,,,,
Spin,a2f927c5-9114-4c1c-8836-e782a3d1b6aa,,39.99692013333333,-83.019781,,,,,,
Spin,1069e50b-622a-458a-808e-f4374f76bf9d,,40.002629999999996,-83.013575,,,,,,
Spin,cb7ec2ab-62d2-4f9b-90a7-52f0e63e2fc5,,39.99928713333334,-83.02149069999999,,,,,,
Spin,01de4f3b-980e-4233-8a94-02c77be742c8,,39.99807453333334,-83.00941970000001,,,,,,
Spin,b4d74ed4-2cd7-4a00-a9ad-b0633c05224c,,40.0039607,-83.0089936,,,,,,
Spin,b90df6d0-ebb3-402a-8715-ab18313d14d2,,40.0019748,-83.01652379999999,,,,,,
Spin,c235108a-c61c-454a-a230-ba0253339155,,39.99839303333333,-83.0174353,,,,,,
Spin,24951a8c-7bf3-4056-84c6-11e4bae400ca,,39.99559223333333,-83.0073335,,,,,,
Spin,988700a4-28b3-4a8b-bf8d-615fb963ad97,,40.002608099999996,-83.02862150000001,,,,,,
Spin,afa87156-c022-4ceb-9837-3aafb5a97790,,40.0040031,-83.015788,,,,,,
Spin,533ebfce-f319-49a4-b6ae-8121896d1ff9,,40.0017502,-83.0139998,,,,,,
Spin,7e4f3834-187f-410d-b0d2-0156236efd03,,40.0132249,-83.0229149,,,,,,
Spin,91430c30-7688-4438-b266-e0af15778603,,40.005401666666664,-83.00913833333334,,,,,,
Spin,56b0d137-b45a-49db-a76c-e5dd20db81a1,,39.99411555,-83.00678476666666,,,,,,
Spin,37985e81-ae2c-4b3a-8f14-43b9ad781f3b,,39.99862743333333,-83.01125769999999,,,,,,
Spin,e3d68321-dd5b-4ade-a000-b0f66dc9f2ee,,39.996983,-83.010648,,,,,,
Spin,b9d83913-9317-46fa-92ea-e2e74a7f6089,,39.99890213333333,-83.0162028,,,,,,
Spin,2c835665-f90e-4245-98b8-3c82d5544322,,39.99700503333334,-83.01125750000001,,,,,,
Spin,0d5da054-4480-4f82-8e02-fa485945f698,,40.0009555,-83.01533900000001,,,,,,
Spin,927629e0-a165-4c22-a717-f901a8a58227,,40.0024838,-83.0136388,,,,,,
Spin,8c6a72b8-cd1a-479d-ae04-35a2c6d8ab65,,39.99889833333334,-83.01062500000002,,,,,,
Spin,73064860-9560-48d3-a1a5-ae1ecca04f5d,,39.99799393333333,-83.00983,,,,,,
Spin,8a33d59d-fdc0-4da4-880c-778f39416c01,,40.002093599999995,-83.0128619,,,,,,
Spin,8640a053-66f3-4a5a-aa57-18dd91c4a1d3,,40.0015217,-83.00875640000001,,,,,,
Spin,6ad25bd8-3258-47da-ba9c-ee95cb6d8e2b,,39.99592043333334,-83.00970299999999,,,,,,
Spin,22d0cbbf-aa53-4c89-8149-944d254b1340,,40.00096658333334,-83.00814871666668,,,,,,
Spin,ba016728-b052-412b-b00b-a00cf1c3f834,,39.994055216666666,-83.00682780000001,,,,,,
Spin,9897d82b-cfb3-421a-92dd-889daf78e15a,,39.99902926666667,-83.00776693333334,,,,,,
Spin,4907d1d6-d4ff-42c1-adb7-1f92f1171778,,40.0012806,-83.01195860000001,,,,,,
Spin,96924524-8ed5-4688-a5c3-e300e2fa9dfc,,40.0041106,-83.0130777,,,,,,
Spin,2817de59-d154-4b9d-87f5-b07edee28f7b,,39.997639533333334,-83.0379327,,,,,,
Spin,d5617cea-1515-4fcf-ab9a-a3684792a08f,,39.99404293333334,-83.00684840000001,,,,,,
