Company,Vehicle_ID,Type,Latitude,Longitude,Battery_Pct,Range_Miles,Is_Available,Is_Disabled,Is_Reserved,Last_Reported
Veo,1021103,bicycle,40.014729,-83.000285,,28.14,True,False,False,0
Veo,d397b6cb-ebde-50d5-8d6b-3c5acc3f4f5e,bicycle,39.927325,-82.986472,,14.17,True,False,False,0
Veo,80c51404-d3c1-561c-92c3-696557dff96e,bicycle,40.037812,-82.999742,,28.14,True,False,False,0
Veo,18b5a803-9417-5132-a517-e6bf83abe582,scooter,39.99496,-83.01043,,21.49,True,False,False,0
Veo,63dda23b-dc31-5d9d-a329-724fcbe0b6a7,bicycle,40.00195,-83.001117,,19.39,True,False,False,0
Veo,ef9aa28c-a477-5a29-9bd3-7e6023d58e87,bicycle,40.000769,-82.978671,,9.97,True,False,False,0
Veo,ad47c79c-344e-5090-8d32-d2b1317a3402,bicycle,39.971147,-83.002586,,14.86,True,False,False,0
Veo,f6467e24-a07e-5cbf-a9af-d5b288aed658,bicycle,40.029235,-82.98894,,27.44,True,False,False,0
Veo,c04adf29-fc04-5766-a561-56696a49ea0b,bicycle,40.101618,-83.115536,,19.39,True,False,False,0
Veo,dd5278f6-b150-5eca-9ee3-71e3610c3189,scooter,39.967818,-83.01252,,10.31,True,False,False,0
Veo,00d14456-982d-5039-ba4b-f5c9d2feacf0,bicycle,40.028161,-83.014865,,28.14,True,False,False,0
Veo,0aa08366-d0f3-5553-9539-28d5aad63c45,bicycle,40.004532,-83.012593,,6.67,True,False,False,0
Veo,f0f231a9-ff39-5074-82f2-06673d12cb58,bicycle,39.955924,-83.003243,,24.06,False,True,False,0
Veo,8698667f-d34a-52a9-882b-936dbd59297c,bicycle,39.960787,-82.983502,,16.39,True,False,False,0
Veo,58da5127-8c67-5886-8723-2d3a266d943a,scooter,39.962989,-83.004284,,25.74,True,False,False,0
Veo,cde6e08a-a850-52a3-8eba-ccdbbc688acd,bicycle,39.973628,-83.006452,,28.01,True,False,False,0
Veo,723fe2ab-4ec3-55d1-88ef-4e44edc15aa3,bicycle,39.953555,-82.998097,,19.39,True,False,False,0
Veo,bbb2bd82-9492-597a-8690-152f5f843903,scooter,40.051948,-83.030222,,25.74,True,False,False,0
Veo,417331d9-a880-5f92-ac53-a5b9747bf248,bicycle,39.96482,-82.991542,,27.02,True,False,False,0
Veo,3221660f-6c8e-5d24-8d8d-68955b8c6aad,bicycle,40.001619,-82.998165,,28.14,True,False,False,0
Veo,c9a715d2-a192-56f1-bed7-d47447fc0b82,bicycle,40.066404,-83.088539,,16.39,True,False,False,0
Veo,2c0df3c7-7159-558b-baf3-1e7cf1deca3c,bicycle,39.992548,-83.000948,,6.31,True,False,False,0
Veo,92a3dab0-4352-5ae1-98fb-1cc55bc3136b,bicycle,39.954185,-82.967703,,28.14,True,False,False,0
Veo,4a09d55d-d394-5188-8439-9e483d252cb4,scooter,39.968401,-82.902767,,28.14,True,False,False,0
Veo,301c29a9-becb-5924-8e9e-20fe7f7b2bfa,scooter,39.954003,-82.939191,,28.14,True,False,False,0
Veo,dab53f00-1f62-5149-b67f-6a422d720b23,scooter,39.970287,-83.001743,,28.14,True,False,False,0
Veo,d098b32a-7d50-5844-8c19-217c9a4e18dc,scooter,39.945403,-82.973897,,5.83,True,False,False,0
Veo,17e00234-c416-5684-b1d6-85db08d23fa2,scooter,39.923469,-82.985504,,14.86,True,False,False,0
Veo,8a54b74d-8f55-5d1c-a0c6-2319ffbf3d03,bicycle,39.985546,-82.969234,,28.14,True,False,False,0
Veo,a79a037b-28e4-53b8-91c1-3bd70653ed5d,scooter,39.961974,-83.00047,,28.14,True,False,False,0
Veo,6f15009a-7e3e-5e1c-b80b-1d634330a74a,scooter,39.912622,-82.990689,,1.83,True,False,False,0
Veo,fb45f99e-e6b2-5413-938d-62856549f62b,scooter,39.982214,-82.963337,,6.31,True,False,False,0
Veo,5895d2a9-8303-5cc5-8290-ab48db0922bf,scooter,39.980952,-82.925901,,14.86,True,False,False,0
Veo,393b7b28-d88f-5bba-a431-cff1d9cd91cb,scooter,40.03266,-82.991044,,10.79,True,False,False,0
Veo,ec1c22b4-b61d-515f-8c19-fd0557d9e739,scooter,39.941188,-83.118931,,5.44,True,False,False,0
Veo,22b827b0-90c2-57c8-a02e-c25da2794f02,scooter,39.971211,-83.002705,,17.37,True,False,False,0
Veo,74701d60-1281-57e9-bd28-b53218e54768,scooter,39.952353,-82.988945,,13.64,True,False,False,0
Veo,23732266-8b9f-51d4-bc55-b9565c8aac8a,scooter,39.989725,-82.999848,,25.12,True,False,False,0
Veo,580293f2-6336-563c-885c-6349226c7a7e,scooter,39.960369,-82.865519,,25.34,True,False,False,0
Veo,e2144821-d8e9-5ad8-96e2-7e71709516f0,scooter,39.998921,-82.981366,,14.86,True,False,False,0
Veo,1e8786fe-f0d3-5eea-9b76-0eb31ac02c42,scooter,39.956108,-82.945162,,28.14,True,False,False,0
Veo,21d76aa6-dad1-5a9c-ab5e-2e2e2a926caf,scooter,39.971585,-83.005769,,20.78,True,False,False,0
Veo,6344bd5b-a70a-5d80-a38f-a450c964c1cc,bicycle,39.993213,-83.020809,,10.51,True,False,False,0
Veo,e4b457a6-d05b-58f1-ad10-920a18db91dd,bicycle,39.964696,-82.910918,,28.14,False,True,False,0
Veo,78850f72-a738-5967-9637-c568be40a62e,bicycle,40.008347,-83.02575,,1.15,True,False,False,0
Veo,b837a490-6744-5934-938a-7087b286cd34,bicycle,39.953444,-82.923706,,10.79,True,False,False,0
Veo,7100bb42-6244-5d74-84fc-be300ac2f9f9,scooter,39.971605,-82.977741,,25.94,True,False,False,0
Veo,c0c8a0f3-c9f9-55e5-a38f-7ef09651a786,scooter,40.019654,-82.955318,,14.43,True,False,False,0
Veo,c6f35c03-144d-556d-814b-38192ac61df4,scooter,40.103848,-83.108935,,28.14,True,False,False,0
Veo,364bcd27-ac91-5d94-947e-5f9e9cf07eeb,bicycle,40.102604,-83.110297,,25.12,True,False,False,0
Veo,23329bf4-a9f8-5522-b3fe-e875ef50145d,bicycle,40.060507,-82.954538,,0.33,True,False,False,0
Veo,c6f96445-70cf-5198-9a50-6b9746d837f3,scooter,40.019596,-82.94572,,15.89,True,False,False,0
Veo,268a2d9b-55b7-5b56-ae1c-539e7e108bcc,scooter,40.07326,-83.081344,,28.14,True,False,False,0
Veo,91da526a-14ee-5ab6-8170-c8375a10552d,scooter,40.084286,-82.988447,,1.56,True,False,False,0
Veo,62712e1e-e3b8-5ede-8275-7fc806c4d367,scooter,39.990725,-83.00057,,16.84,True,False,False,0
Veo,4dc8f9eb-2c01-59a3-badd-835d62483d3e,scooter,40.094388,-82.98983,,15.45,True,False,False,0
Veo,aa3ad1b4-795c-5bb3-98a2-28fb1151271f,scooter,39.955739,-82.945292,,1.56,True,False,False,0
Veo,36784ebd-afa7-566c-8146-99de4b3f7363,scooter,40.065413,-83.02101,,18.67,True,False,False,0
Veo,cb2702c9-d013-5957-add9-aeb58aed76aa,scooter,39.955959,-83.003126,,9.97,True,False,False,0
Veo,d07b7b12-1121-5eb6-89ea-d33e19dc958e,scooter,40.00156,-82.997206,,14.86,True,False,False,0
Veo,f88dfb3d-2081-5802-86ba-4769992939b3,scooter,39.935144,-82.913698,,27.77,True,False,False,0
Veo,4a72381f-6c11-5d5b-96c5-34041b91f6e9,scooter,39.999205,-82.988298,,25.12,True,False,False,0
Veo,a1e6dcb3-fc94-578b-b724-fca86c214142,scooter,39.9479,-83.063031,,25.74,True,False,False,0
Veo,48363a5c-c2ab-5eb7-8b06-4a64f3a9a2e3,scooter,39.998351,-82.978127,,25.34,True,False,False,0
Veo,f4119943-1477-5e11-9002-0a60d122e591,scooter,40.030419,-83.028067,,14.43,True,False,False,0
Veo,274f7c28-d83e-5dea-b7ed-9471afd4c6cb,scooter,39.928592,-82.985375,,24.06,True,False,False,0
Veo,0a71cfeb-482e-5129-95f4-8b62054e083d,scooter,39.98238,-82.998421,,14.43,True,False,False,0
Veo,c5d20bae-1042-52a9-b714-d57835a893bd,scooter,39.960487,-83.013098,,5.59,True,False,False,0
Veo,7f0c5a5b-fea4-5e76-9fe0-f26ec4bb265f,scooter,39.987603,-83.010733,,13.39,True,False,False,0
Veo,dcacfcca-3cf5-51c9-9126-d5b135e515a6,scooter,39.948206,-82.940383,,8.43,True,False,False,0
Veo,a3dd56c4-a811-56df-97a1-1b80e066b68c,scooter,39.961009,-82.885554,,3.67,True,False,False,0
Veo,baae3ee7-e6da-5f58-9350-f8ac76a0852d,scooter,39.967149,-83.009052,,15.89,True,False,False,0
Veo,394f1e84-f62f-50eb-bbdf-d327cd92ce98,scooter,39.993941,-83.011476,,13.1,True,False,False,0
Veo,b4ce0eff-67e2-56e5-ab34-c4a849bf1886,scooter,39.950882,-82.950509,,13.64,True,False,False,0
Veo,63293bd3-96eb-5bd6-b740-85925eaa3fe3,scooter,39.960514,-82.984288,,12.52,True,False,False,0
Veo,6c400eed-748f-525d-a763-d43092e059fc,scooter,40.005421,-83.011736,,25.34,True,False,False,0
Veo,72062c67-9e2d-5b59-9a73-52cee4a38d10,scooter,40.031197,-82.96021,,28.14,True,False,False,0
Veo,5c442a3e-7e96-5e0e-824a-d46e8a3d480b,scooter,39.950295,-83.108098,,20.78,True,False,False,0
Veo,11b2b9e4-943d-5647-9040-ee710e73372a,scooter,39.961608,-83.034916,,27.44,True,False,False,0
Veo,8aa8c397-2ab6-522d-ada6-5073d5c875e6,scooter,39.957226,-82.989308,,25.34,True,False,False,0
Veo,3ec7f122-4a0f-5767-879c-e87ecab4d20f,scooter,39.938357,-83.096606,,13.64,True,False,False,0
Veo,ad84e65c-75bc-500d-b415-227f18ffc1bb,scooter,39.996293,-82.997469,,26.78,True,False,False,0
Veo,ab742cd3-8c6d-50bc-9a58-d1620f35ffa5,scooter,39.943669,-83.045619,,21.77,True,False,False,0
Veo,d549dd67-17ce-5c1e-b00f-770323a50b1c,scooter,40.0204,-82.975158,,2.55,True,False,False,0
Veo,d7fe2af1-7bb0-53e9-ba45-5ee7ae045990,scooter,39.961541,-82.994062,,13.86,True,False,False,0
Veo,8c61851e-d6f7-54eb-a7c6-832d8478f0e2,scooter,40.022843,-82.965534,,13.86,True,False,False,0
Veo,fcfcab1d-d1ef-5a92-b367-f70c272ea6fd,bicycle,39.964735,-82.999618,,25.65,True,False,False,0
Veo,4f3d0913-ad96-5a01-9f69-c4bc403c9991,scooter,39.982181,-82.963355,,10.51,True,False,False,0
Veo,6622f7d8-0da2-5702-83a6-a0b04913af0e,scooter,39.935985,-82.976143,,24.06,True,False,False,0
Veo,853b43df-e12e-50e5-8aac-fd8a7758a715,scooter,39.987222,-83.004863,,14.43,True,False,False,0
Veo,77f60005-214b-5df4-aeba-495dea0f837a,bicycle,39.937128,-82.881521,,14.86,True,False,False,0
Veo,fccf9bf1-6ce3-5fc8-b766-2f3273fe01de,bicycle,40.038392,-82.995582,,8.78,True,False,False,0
Veo,112c735d-1552-5445-b5f2-1443042dbefc,scooter,40.009703,-83.00948,,25.34,True,False,False,0
Veo,9c47302c-e3e2-5e3f-a9bb-33435583c25f,bicycle,39.937968,-83.096508,,13.86,True,False,False,0
Veo,2bbd0a67-7ed8-5a85-b018-8de4f88ff8cf,bicycle,39.996965,-83.010779,,9.02,True,False,False,0
Veo,d7d3c411-f86c-5d5e-b6ac-3a8fb22b43aa,bicycle,39.996604,-83.003757,,25.34,True,False,False,0
Veo,bc262730-48ca-5176-a956-79b6973e88c7,bicycle,39.933239,-82.980673,,22.7,True,False,False,0
Veo,48b08057-dfaf-5b02-b5be-7ac0fab6059f,bicycle,40.010641,-82.998009,,12.87,True,False,False,0
Veo,7df3e676-6fa0-5a50-99eb-1ba975c5f146,scooter,39.993952,-82.983388,,28.14,True,False,False,0
Veo,eb23c4d3-ee57-5968-85d1-4c549d6a9319,bicycle,39.960972,-82.88553,,2.12,True,False,False,0
Veo,ee4dcaae-0d72-5861-95a2-f21aa0a4009d,bicycle,39.995135,-82.999586,,28.14,True,False,False,0
Veo,60d38cf3-b44f-5666-ae48-532f38b67c8a,bicycle,39.901263,-82.956702,,28.01,True,False,False,0
Veo,3f575d7a-0728-5e5a-ab0b-d7ea28c73e06,bicycle,39.955872,-82.876976,,19.39,True,False,False,0
Veo,277fe763-5ed5-5e54-99ba-b19fc53d8070,bicycle,39.935836,-82.988878,,27.44,True,False,False,0
Veo,55a47720-5a3b-5a87-8c86-eabc5af08b3e,scooter,39.973335,-83.004624,,14.86,True,False,False,0
Veo,43394b15-acd5-5987-bdda-5c7e6306f7b2,bicycle,40.023818,-82.99623,,22.7,True,False,False,0
Veo,e352b579-a26b-5a9d-b826-2788a087d5d0,scooter,39.934981,-82.992919,,28.14,True,False,False,0
Veo,f45400b4-b5e6-5c3c-b6b1-f8a7637b911f,bicycle,40.026262,-83.025172,,14.17,True,False,False,0
Veo,d1f1b17a-400b-5264-aaab-2d9d7904c7dc,scooter,39.96314,-83.004293,,13.64,True,False,False,0
Veo,7fd6bee1-b6a4-5e88-a7eb-92fc88e5d650,scooter,39.996312,-83.017031,,28.14,True,False,False,0
Veo,adb05be3-b54f-58ce-9352-d0ee0e7d4fa9,bicycle,40.10718,-82.975651,,14.86,True,False,False,0
Veo,5e8f9ce4-debc-5317-a9c6-5a81987c5b81,bicycle,39.95877,-82.950783,,27.44,True,False,False,0
Veo,c017106c-07d3-5c90-a5b7-1db3523bdafd,bicycle,39.972631,-83.025589,,5.03,True,False,False,0
Veo,2019be9f-3766-5687-8732-d1b9526c6b80,bicycle,39.997123,-82.978047,,13.39,True,False,False,0
Veo,df7be4cb-2afd-5465-8bd4-d0aa6bceb2ba,bicycle,39.971601,-83.005726,,27.18,True,False,False,0
Veo,a6f22709-e314-5ace-abbf-73633e2816e4,bicycle,40.101122,-83.108903,,25.94,True,False,False,0
Veo,b7c9e183-131e-55ef-8617-7dd60a29c69e,bicycle,39.93595,-82.94992,,10.79,True,False,False,0
Veo,0788e09d-da01-5ea7-90b0-23f7cf8c6d71,bicycle,39.955912,-83.003196,,28.14,True,False,False,0
Veo,7764af77-b8ea-56b9-967c-fa4d628a7f77,bicycle,39.945197,-83.06075,,19.78,True,False,False,0
Veo,7e962687-a6aa-5202-85d5-3b20e59927ff,bicycle,40.005695,-82.913068,,28.14,True,False,False,0
Veo,f6705504-40cf-554d-a656-453800b4bef7,bicycle,39.977053,-82.969541,,11.11,True,False,False,0
Veo,ff604fb3-7af3-5e8d-9aa2-ef6a0ba1467e,bicycle,39.92254,-83.03451,,1.15,True,False,False,0
Veo,cc38c445-3a88-5b91-a4d6-849dfb10f6b6,bicycle,40.10097,-83.109205,,24.06,True,False,False,0
Veo,0a18dfc2-51d6-5151-934f-f0379fc5f629,bicycle,39.951439,-83.029256,,16.39,True,False,False,0
Veo,e5ffc975-819a-547e-ac49-881d5147c87f,bicycle,40.000166,-82.986169,,16.84,True,False,False,0
Veo,004ab7a3-4eca-5019-8d25-123a30428db4,scooter,39.999901,-83.006749,,23.02,True,False,False,0
Veo,2de8cd39-7a74-5b59-9de7-e85d341fda06,bicycle,40.02929683,-82.92249506,,0.0,True,False,False,0
Veo,eb647f67-dc0f-5087-bb53-6c62aedc0168,bicycle,40.019193,-83.029826,,1.83,True,False,False,0
Veo,0cb8d39b-0f91-5485-a2b6-0d2c1129747a,bicycle,39.944561,-82.989747,,14.43,True,False,False,0
Veo,71e657a6-e6d0-57d5-9507-d252fb83c15e,bicycle,39.965852,-83.001458,,25.65,True,False,False,0
Veo,79897467-8ff3-507c-83b3-e6ab6a307e52,bicycle,39.892187,-82.998338,,23.77,True,False,False,0
Veo,51885b87-2df4-52e9-b245-ed095aaab83d,bicycle,39.94203,-82.995027,,14.61,True,False,False,0
Veo,5b9f66b2-df6d-593b-aa78-b3458ac6164d,bicycle,39.930989,-83.037961,,14.43,True,False,False,0
Veo,a8b78d1f-109d-5567-9c0c-202fb469255c,bicycle,39.951963,-83.03593,,27.02,True,False,False,0
Veo,76345918-f8f7-53c6-8f09-0b4ef1195ded,bicycle,39.927501,-82.951637,,17.37,True,False,False,0
Veo,52626502-dd85-5892-9443-c61c3ec03a97,bicycle,39.966037,-83.004764,,26.78,True,False,False,0
Veo,dc0735b5-8b46-5179-a37f-f382cf7555df,bicycle,39.972945,-82.971554,,28.14,True,False,False,0
Veo,2597fed3-199c-5dac-8d62-7eef7e5d3f3f,bicycle,39.937524,-82.95053,,25.74,True,False,False,0
Veo,04092e0a-34c6-5fed-9309-d237d7ef94a0,bicycle,40.100634,-83.11559,,11.11,True,False,False,0
Veo,b06ea92c-9db9-53c9-8325-9566c017fb90,bicycle,39.945942,-83.034547,,28.14,True,False,False,0
Veo,989db3c9-f17a-5d65-a582-2206bd5aa982,bicycle,39.955889,-83.003172,,24.84,True,False,False,0
Veo,2f3a2b21-124e-5040-bdfd-b67af392ec98,scooter,40.000608,-83.000991,,20.37,True,False,False,0
Veo,010845e7-01e2-5aff-b236-9cf868438a44,bicycle,40.008192,-83.013176,,19.05,True,False,False,0
Veo,43006c37-131a-573d-b2d2-7afedc224732,bicycle,40.053443,-83.016567,,15.45,True,False,False,0
Veo,a6baaa70-ef15-5f3b-a7ea-e25ff50b2e5e,bicycle,39.910237,-82.928288,,28.14,True,False,False,0
Veo,8f078cfd-2ea1-542c-8875-d60b1b72fe6a,scooter,40.002418,-83.009339,,25.34,True,False,False,0
Veo,e07de376-8798-50dc-8c42-a72a7856ae1a,bicycle,39.9984,-83.03102,,28.14,True,False,False,0
Veo,5583543a-a3ab-53a6-b893-b21ddfdfc1d0,bicycle,40.105322,-83.110668,,18.19,True,False,False,0
Veo,131a8f10-690c-5b47-b12b-29262ffc051d,bicycle,39.971231,-83.004836,,17.37,True,False,False,0
Veo,b69b82d6-8359-5701-aed1-f04e09ea0d5d,bicycle,39.943865,-82.994458,,13.1,True,False,False,0
Veo,d51ccbdf-3a24-5a27-83b3-a74e000da123,scooter,39.972062,-83.002562,,13.39,True,False,False,0
Veo,59da463a-73c6-5384-a44d-c68ac0dd0892,bicycle,40.032242,-82.979268,,8.43,True,False,False,0
Veo,8ba27af5-29e4-5fe0-907f-959819e14818,bicycle,39.953557,-82.889766,,14.17,True,False,False,0
Veo,5d719951-f446-5efd-85f1-270f756b4e1b,bicycle,39.9559180801078,-82.94530223016405,,0.0,True,False,False,0
Veo,7661d654-e5ca-5e60-ac2d-be32eb80e72d,bicycle,39.949802,-83.026679,,14.61,True,False,False,0
Veo,d42f3448-e4b6-5c9b-8cb4-e5edcae4f3c6,bicycle,39.952559,-82.996119,,28.14,True,False,False,0
Veo,68f2d6a5-d70c-5703-84f5-68435582d768,bicycle,39.938115,-83.071446,,12.52,True,False,False,0
Veo,e628146b-2598-5c13-a9b3-360e5cb07007,bicycle,40.007923,-82.949691,,15.45,True,False,False,0
Veo,626d930d-8db9-55d5-a2ce-d04cf227e794,scooter,39.966648,-82.985046,,28.14,True,False,False,0
Veo,a24d92db-b9a8-5bb7-8ffd-342b57ce215e,bicycle,40.001466,-83.001137,,8.09,True,False,False,0
Veo,ac691d7c-486c-564b-a8f0-ee763247bd65,scooter,40.113683,-83.124473,,19.05,True,False,False,0
Veo,4a740196-3d89-5c37-ac27-9a7e00e415ae,bicycle,39.998111,-83.009565,,27.77,True,False,False,0
Veo,86866fb8-3f44-5dd3-b984-9d166bbc82ba,bicycle,40.017319,-82.946746,,12.87,True,False,False,0
Veo,0dc97168-15cc-51d5-9d99-17cd261af16b,bicycle,39.946582,-83.000235,,17.37,True,False,False,0
Veo,154be4b7-5a8f-5af5-92e8-21cb5ed8e5bf,bicycle,40.105223,-83.108157,,25.12,True,False,False,0
Veo,ce0d01bf-0d61-50d0-bb35-d33e5d48bcfd,bicycle,39.992299,-83.045227,,28.14,True,False,False,0
Veo,0b19d654-76bf-5ff5-b648-a32047929a70,bicycle,39.978685,-83.001926,,25.12,True,False,False,0
Veo,eb082d8b-dcff-57ca-ba93-f0476ecff5df,bicycle,39.935471,-82.970568,,28.14,True,False,False,0
Veo,af5f21d3-3fb0-55e8-a1cc-79c5a7c30dd2,bicycle,40.023346,-83.032171,,12.87,True,False,False,0
Veo,a234963b-e48e-5a9c-af47-c3b2600b329d,scooter,39.950115,-83.000266,,25.74,True,False,False,0
Veo,45a6ce71-8a25-514c-b2f9-dac3095f980e,bicycle,40.003856,-83.013056,,11.59,True,False,False,0
Veo,57aa48d5-79b3-5cde-869c-90d597bf6c7d,bicycle,39.96793,-82.949271,,25.74,True,False,False,0
Veo,9b46f00b-8f66-5c9d-8669-a22a9bed2055,bicycle,40.040883,-82.944021,,10.31,True,False,False,0
Veo,11f8d19b-6b53-59ac-8cc8-8d968ab3917a,bicycle,39.940508,-82.886803,,12.87,True,False,False,0
Veo,27598db3-ba9c-514b-950e-818834abf3b3,bicycle,40.100985,-83.108962,,21.15,True,False,False,0
Veo,39c23c45-7bc0-50b8-8c52-ef314056418f,bicycle,39.934459,-82.900438,,6.31,True,False,False,0
Veo,0af3634c-537b-53f8-b282-3505fdd6c6c3,bicycle,39.943662,-83.045598,,24.84,True,False,False,0
Veo,b14a8ef6-3f14-5d9d-8b70-47dee30e011a,bicycle,39.969888,-83.008793,,28.14,True,False,False,0
Veo,d4683b2a-0968-5a22-ab46-15b8cbdd8fa9,bicycle,39.996879,-83.01364,,28.14,True,False,False,0
Veo,2433bf2e-21c0-593b-9e07-dbd956e0ab39,bicycle,40.100595,-83.115598,,22.7,True,False,False,0
Veo,8eb88b31-9920-5b39-9a60-dd466c05af6d,scooter,39.967937,-83.0124,,24.06,True,False,False,0
Veo,24d6bd5b-3bab-5a88-acdb-1d67f9bfa64d,bicycle,40.105862,-83.104024,,28.01,True,False,False,0
Veo,e36c6d85-c5eb-5c31-8591-555a0a049bae,bicycle,40.006775,-82.997558,,27.77,True,False,False,0
Veo,2b5ee078-9980-5d48-8df9-7ecc813de200,bicycle,40.054823,-82.957986,,12.52,True,False,False,0
Veo,93f61c0f-66de-552d-827d-23455487ae75,bicycle,39.96216,-83.004198,,26.78,True,False,False,0
Veo,67487afb-3683-5538-881a-2016907da354,bicycle,39.950973,-82.95494,,13.1,True,False,False,0
Veo,f81f02e7-a4c7-5bbf-8b0c-52991edd796f,bicycle,40.001771,-83.00347,,19.78,True,False,False,0
Veo,5a5027da-6c57-5fc1-b611-1435f53d2873,bicycle,39.948164,-82.94121,,8.09,True,False,False,0
Veo,c71d04a1-3078-586d-93e3-f7668130dd54,bicycle,40.035053,-83.003755,,16.39,True,False,False,0
Veo,a35db2e3-d0f9-550c-bcdd-22c17d1fb9e6,scooter,40.009196,-83.011593,,28.14,True,False,False,0
Veo,42c60306-a4c8-569a-bb7f-dbb5daaf5d16,bicycle,39.944938,-83.00308,,19.39,True,False,False,0
Veo,8cd5107b-b23b-5b53-8c6a-7c6686e952e7,scooter,39.95674,-83.004263,,4.19,True,False,False,0
Veo,48e99721-aca7-5a13-8803-8b3b5c5fc704,bicycle,40.050006,-83.029261,,15.45,True,False,False,0
Veo,53289bcd-1824-50a2-b043-c4a5d7d65a86,bicycle,39.946737,-82.95145,,25.34,True,False,False,0
Veo,1d2f47a1-c4da-5362-8505-c5dd85a38ac9,scooter,40.00673166666666,-82.98149666666669,,14.61,True,False,False,0
Veo,d249970e-c020-5a49-b4fe-aac142f5fbf9,scooter,39.997082,-83.007669,,15.45,True,False,False,0
Veo,85e3eee9-f5b7-544a-a16f-eb9bf6eaf35c,scooter,39.949257,-83.035918,,8.78,True,False,False,0
Veo,99e25cc5-cf16-5c56-9ebf-cdd346dd20f0,scooter,39.990038,-83.001301,,28.14,True,False,False,0
Veo,a2c881ab-0c01-55e0-9fda-2ae408468435,bicycle,39.960296,-82.865293,,25.12,True,False,False,0
Veo,d97e2c15-2d18-509c-996d-cb39995e4887,bicycle,40.006737,-83.008616,,24.33,True,False,False,0
Veo,9d40b64e-5562-5809-904d-0e6f94e6390d,scooter,39.986554,-83.002109,,28.14,True,False,False,0
Veo,7f7a5e7e-c1d7-599c-838d-8e85bf04c4f9,bicycle,39.974727,-82.975411,,11.11,True,False,False,0
Veo,a5b5bd1d-aa49-533d-aa66-89ca4b489dc4,bicycle,39.96736,-82.979336,,17.89,True,False,False,0
Veo,02560ff7-6297-5c4c-913c-23f17540adfe,scooter,39.972374,-82.974425,,28.14,True,False,False,0
Veo,5742421b-b195-5b0c-aec6-392bc68ff95e,bicycle,40.017666,-83.025386,,28.14,True,False,False,0
Veo,5de710dc-ed13-5f4c-8a8d-8b5c817be877,bicycle,39.961489,-82.962213,,7.29,True,False,False,0
Veo,46793c1d-ec5e-55c5-b1a9-c8647aeb572a,bicycle,39.972147,-83.039886,,13.64,True,False,False,0
Veo,aae75ce3-1a57-53b3-9765-903e56c1c2d8,scooter,39.935001,-82.992896,,14.17,True,False,False,0
Veo,bb21ac22-5364-5331-88f1-bfdd2e24eb05,bicycle,39.958021,-82.980042,,14.43,True,False,False,0
Veo,6cd2764f-6c07-5ed4-8d11-fcdb5269ac84,bicycle,40.05475,-82.957905,,28.14,True,False,False,0
Veo,1fe6b49f-c9af-55cd-b9cc-d9d2f6f74a2b,bicycle,39.945259,-83.072516,,19.78,True,False,False,0
Veo,51d46e1a-8361-5a67-8c5c-bea63f51b6ca,bicycle,40.063469,-83.095159,,24.33,True,False,False,0
Veo,ecc067f3-db5c-5ce3-9c9b-2a7c8ca3fb68,bicycle,40.103897,-83.109015,,24.33,True,False,False,0
Veo,b750bced-7252-5e41-aab8-60832ec1d3e5,bicycle,39.959282,-83.012344,,16.39,True,False,False,0
Veo,9df559fd-6dcf-5194-9a40-de3c32df5a0c,bicycle,39.930164,-82.951239,,28.01,True,False,False,0
Veo,06555598-8aa8-5980-99d6-4f9c094c1f92,bicycle,39.935845,-82.988884,,13.64,True,False,False,0
Veo,d31d42e5-0b9d-5a05-88a8-e201f095b259,bicycle,39.968233,-83.012556,,19.78,True,False,False,0
Veo,0c3e0e0b-035b-54c3-ba3e-f5d47ed68b60,bicycle,40.017555,-82.993936,,25.34,True,False,False,0
Veo,4f4aad72-657b-5c56-9974-b4255c84affe,bicycle,39.964977,-83.002933,,22.39,True,False,False,0
Veo,078c4cbb-c8e7-5611-add8-1fdea496044e,bicycle,39.997824,-83.007466,,14.17,True,False,False,0
Veo,493e3636-3a73-5ab8-8047-798daae7002c,scooter,40.024361,-83.034219,,15.89,True,False,False,0
Veo,89f16d4e-cd78-5274-90e8-3b441ff65458,bicycle,40.002155,-82.996415,,27.77,True,False,False,0
Veo,91d5f506-22b6-5c03-be3c-c22e61025a16,bicycle,39.956915,-82.993843,,14.43,True,False,False,0
Veo,abe9dcc6-e6c2-5a31-a6e9-3c0615af0d52,bicycle,40.005627,-82.974353,,28.14,True,False,False,0
Veo,08396602-d308-5f5f-abf3-21982b34e1f6,bicycle,39.946429,-83.044756,,4.67,True,False,False,0
Veo,c73b3c21-2325-57cc-a355-11942db880b1,bicycle,39.954274,-82.900679,,14.61,True,False,False,0
Veo,57810b7e-4ee0-5d11-aae8-952c839810d1,bicycle,40.102411,-83.108809,,13.64,True,False,False,0
Veo,9ee87139-ef75-5957-a9c4-f1eb116dbc3e,scooter,39.950137,-83.000229,,24.33,True,False,False,0
Veo,f9001f13-effe-5903-9199-b79dc19162b5,bicycle,39.989063,-82.98191,,27.18,True,False,False,0
Veo,ac09f73e-fe88-5378-aacd-071ccd56bbe3,scooter,39.978766,-83.004098,,27.77,False,True,False,0
Veo,612a7cfc-4fce-5628-8b9f-920c10d36504,bicycle,39.985466,-83.006383,,28.14,True,False,False,0
Veo,02ef81f6-1dbc-5c7d-b92a-307d4c5b7c26,bicycle,40.00405,-82.975133,,26.78,True,False,False,0
Veo,6efad57c-175a-52c5-8baf-f1dfdae822af,bicycle,40.014044,-82.966267,,27.02,True,False,False,0
Veo,2f31866f-609f-59fa-b6e4-b3aaf80dc2b0,bicycle,39.995996,-83.007428,,6.07,True,False,False,0
Veo,b0493f71-5be0-5f1f-8fec-d075948e6cbb,bicycle,39.940768,-83.075914,,22.7,True,False,False,0
Veo,3400d6d5-b319-5045-9618-9f60e2d39351,bicycle,40.038465,-82.995647,,28.14,True,False,False,0
Veo,fc344c59-75d4-5619-82ce-9371dd58d5f0,bicycle,39.948366,-83.008102,,12.07,True,False,False,0
Veo,384d39d9-a3d4-5dcc-b0ac-3cd8a8dab6b4,bicycle,40.055785,-82.975058,,28.14,True,False,False,0
Veo,ddbbb547-96f0-53a6-9b4e-0eeb8f10b262,bicycle,39.972254,-83.00477,,28.14,True,False,False,0
Veo,0ca420d8-7ee7-5698-b1e6-e064a192732a,bicycle,40.088112,-83.102292,,17.37,True,False,False,0
Veo,729b18f0-b020-562b-b421-042802e15bf9,bicycle,39.977889,-82.948763,,24.06,True,False,False,0
Veo,930c3d31-c433-589a-8848-a0de80e98302,bicycle,40.004805,-83.019717,,22.7,True,False,False,0
Veo,468a7866-3ea0-5c72-bdfa-d4edec5cd79c,bicycle,39.9939,-83.092563,,10.51,True,False,False,0
Veo,7b84ef17-d4fc-5f13-ae8e-aea8d9e58553,bicycle,39.9365,-82.988878,,28.14,True,False,False,0
Veo,81a53494-e855-57f8-990f-507993b97443,bicycle,40.001936,-83.001158,,8.09,True,False,False,0
Veo,dda04936-59dc-5606-bf7e-d5d385131ce7,bicycle,39.959771,-83.013167,,22.05,True,False,False,0
Veo,23639e3c-eac3-577e-b2b0-18acf068fa38,bicycle,39.99156,-82.929115,,16.39,True,False,False,0
Veo,1d252632-c758-5fc0-a889-a18fd0c5f560,bicycle,39.965899,-82.994396,,28.14,True,False,False,0
Veo,f2606539-529d-5920-87e3-0ba6e5ee978b,bicycle,39.931357,-82.99479,,24.06,True,False,False,0
Veo,76a987cb-7100-5ad6-9fb4-23c856408c24,bicycle,39.983951,-83.016835,,25.34,True,False,False,0
Veo,98227d70-0927-503b-b042-de1b5448964e,bicycle,39.940493,-82.890103,,28.14,True,False,False,0
Veo,ac9835b8-7aa4-5eaf-9191-92c877050b48,bicycle,39.93439,-83.003489,,1.15,True,False,False,0
Veo,3d3d9b0d-aedc-51bf-9e02-f127bf833ca8,bicycle,39.960971,-83.013797,,28.14,True,False,False,0
Veo,bc866145-9d3b-55e3-bfc6-c4983f4a67cc,bicycle,39.951309,-82.914789,,24.84,True,False,False,0
Veo,bebe583f-1481-5247-aea5-81f8c147e5d6,bicycle,39.973985,-82.962523,,28.14,True,False,False,0
Veo,d8e1f8d6-0bf4-502f-a156-a53bff9c16e3,bicycle,39.941695,-82.970682,,28.14,True,False,False,0
Veo,a1b86482-87af-5a9e-b39a-b727556fb0ea,bicycle,39.995057,-83.035068,,12.63,True,False,False,0
Veo,f7436fea-5ed4-58d6-87aa-ad3ebf030840,bicycle,39.975208,-82.90647,,25.65,True,False,False,0
Veo,85dbbb28-44f5-59c2-9d74-cb6627ecf1ab,bicycle,39.947389,-82.976007,,28.01,True,False,False,0
Veo,60ed86ef-6d9b-5ded-8307-f3c56689af24,bicycle,39.965665,-82.887154,,28.14,True,False,False,0
Veo,ed061306-a684-57e9-885f-26d3e5fd26cb,bicycle,39.988794,-83.033008,,9.29,True,False,False,0
Veo,c31c0606-27bb-5dee-a263-be58c7b96347,bicycle,39.94031,-83.118588,,28.14,True,False,False,0
Veo,1300e54a-67d0-5162-afa6-9d3c932ed854,bicycle,40.058232,-83.074467,,14.17,True,False,False,0
Veo,427463ca-5834-58ea-9a97-52f3e309465e,bicycle,40.003071,-82.998452,,11.83,True,False,False,0
Veo,176f8fd9-f374-52c3-8474-aea44548f198,bicycle,39.956153,-83.05665,,11.11,True,False,False,0
Veo,a2bd4574-8ab2-5038-959f-c9d740cb007c,bicycle,39.956028739930176,-82.94531868953904,,0.0,True,False,False,0
Veo,abc2ce02-9af1-5130-8b0f-7383d9c0d466,bicycle,40.003281,-83.0098,,28.14,True,False,False,0
Veo,78669eff-6b77-58c4-b559-3974b0e02aba,bicycle,39.950763,-82.983514,,28.14,True,False,False,0
Veo,498eab83-ce45-519a-9f86-de83dc690963,bicycle,40.086213,-83.099744,,22.7,True,False,False,0
Veo,6f5c4591-75c5-5428-afd9-a19bcea95e53,bicycle,39.962231,-82.981915,,28.14,True,False,False,0
Veo,29fba721-3994-5d47-a8fa-76f3f99645d0,bicycle,39.972287,-83.003266,,16.39,True,False,False,0
Veo,47d289ab-e59d-5b51-b6c7-ca8eca5def5b,bicycle,39.953236,-82.992523,,10.79,True,False,False,0
Veo,2f2abf43-569f-509b-b6d2-227d521f21bc,bicycle,40.044826,-83.031886,,16.39,True,False,False,0
Veo,7eb8e494-e055-5831-bf19-7d587385ae29,bicycle,40.007556,-82.99696,,12.63,True,False,False,0
Veo,8e934b68-42e9-5e5c-9816-01faeeef6c71,bicycle,39.959185,-83.028165,,14.43,True,False,False,0
Veo,c1b04070-5ee5-5530-b8ad-a737602863a1,bicycle,39.935914,-82.988909,,25.94,True,False,False,0
Veo,62fedb7d-bbd8-5167-a048-d42079675c5c,scooter,39.997007,-83.018065,,17.37,True,False,False,0
Veo,94b3f2b7-e6cd-5ddb-b233-c04817af1c5a,bicycle,39.973339,-83.017791,,22.7,True,False,False,0
Veo,5c9bf778-9fd7-543c-a7db-1879408a730d,bicycle,39.966727,-83.020312,,11.59,True,False,False,0
Veo,2002810,scooter,40.011965,-82.968634,,27.77,True,False,False,0
Veo,9ba50545-5d56-553f-8a5e-c2f2a9a4793e,bicycle,40.101628,-83.115597,,12.28,True,False,False,0
Veo,8f272f26-b2a2-5a33-a03d-8e0194d79879,scooter,40.028376,-82.968742,,28.14,True,False,False,0
Veo,f82063c3-26ac-5a8c-821d-55838e871844,bicycle,39.961012,-82.99801,,10.31,True,False,False,0
Veo,06a4331f-e66b-5d66-8961-a8192cabeb5f,bicycle,39.967207,-83.005106,,11.59,True,False,False,0
Veo,479d67c1-a9c2-5806-a698-21bebfe75bc6,bicycle,39.936652,-82.993021,,22.05,True,False,False,0
Veo,587fd588-f997-5087-92ed-4e114e3a6c83,bicycle,39.994405,-83.019462,,25.94,True,False,False,0
Veo,5106a1a7-6ddb-5a77-bfed-5631fd975599,scooter,39.966184,-83.003273,,9.29,True,False,False,0
Veo,4667170e-af05-5adc-a753-8f07e1a3c000,scooter,39.99415,-83.020324,,27.77,True,False,False,0
Veo,e6ef3e8f-83d6-52d5-b626-226f3c3fbd71,scooter,39.9427,-82.980609,,25.34,True,False,False,0
Veo,c75546ce-752c-5316-be4e-02c392fe61ad,scooter,39.965916,-83.001568,,24.06,True,False,False,0
Veo,316efdda-4fea-5df8-988c-3dd944dc5588,scooter,39.955271,-82.992869,,27.44,True,False,False,0
Veo,4b7530dd-5c77-508b-983b-aadbaad87012,scooter,39.985205,-83.044665,,13.86,True,False,False,0
Veo,2b18f378-3eac-56da-b1e5-c6a24cb250b3,scooter,39.977188,-83.004492,,23.02,True,False,False,0
Veo,a74f11c7-126f-5f9f-8fc0-a1cc4d8521a7,scooter,39.996528,-83.003853,,28.14,True,False,False,0
Veo,7bac74b4-82cd-5cf7-a342-a0fcd22a8bdc,scooter,39.96923,-82.99957,,25.34,True,False,False,0
Veo,1252f249-9865-5210-a824-0a28eb3e9f9a,bicycle,39.974421,-83.022386,,19.05,True,False,False,0
Veo,f185b451-8617-5b46-9df8-2c3f811a2d67,bicycle,40.001944,-83.001161,,22.05,True,False,False,0
Veo,80b7868c-cb5f-5c54-ad31-b534a60c07b8,scooter,39.966726,-83.02028,,9.02,True,False,False,0
Veo,8c6fe012-2895-5eaf-a196-02825ea8c82d,scooter,39.963028,-83.004283,,22.7,True,False,False,0
Veo,9bd53e93-0a44-56cc-a79d-0aded3c91b96,scooter,39.96323,-82.981347,,22.39,True,False,False,0
Veo,2eb17b61-51cb-5882-bf91-9c3b979467a5,scooter,40.031762,-82.991465,,18.19,True,False,False,0
Veo,327cb451-2af6-58f7-b368-6198dd3d1ff4,scooter,39.944294,-83.063381,,13.64,True,False,False,0
Veo,2bdad6f2-b53d-5780-97f7-643615529b8c,scooter,39.95903,-83.001927,,28.14,True,False,False,0
Veo,a79007ac-3445-5288-b6c2-20f7c9cff51d,scooter,39.97125,-82.971015,,14.61,True,False,False,0
Veo,fee52e70-f899-58e4-b1c0-6b7dd09cd2a2,bicycle,39.996259,-83.017119,,4.14,True,False,False,0
Veo,8c17eb33-3a8a-57c7-ae65-5fe4ef2e47c4,bicycle,40.003398,-83.013071,,20.05,True,False,False,0
Veo,31686ed4-308b-5f81-99db-7e8fb3669593,scooter,39.955889,-83.003154,,28.14,True,False,False,0
Veo,566107ee-061e-544b-b3ad-70712dbc6e79,bicycle,39.95684,-82.986772,,28.14,True,False,False,0
Veo,b2b33aea-9817-5f5e-806b-9053914ca7b1,scooter,39.958879,-83.00977,,17.89,True,False,False,0
Veo,251e0d61-edf9-5628-a6e9-3a715971eacd,scooter,39.966295,-83.002477,,20.37,True,False,False,0
Veo,faa32a89-854e-5102-8707-75231ff3c564,scooter,39.963222,-82.981394,,27.02,True,False,False,0
Veo,eb9898b5-74e9-5d56-a275-7008b6296011,scooter,40.000229,-83.026743,,27.77,True,False,False,0
Veo,7aadd1c7-01a0-5069-9777-8aa3e2f17d45,bicycle,39.902973,-82.955489,,25.34,True,False,False,0
Veo,1a949a38-5a6d-5e9c-9511-d372bd77051b,scooter,39.974789,-83.070917,,12.87,True,False,False,0
Veo,93caf7f6-b2f0-54ec-8279-73f1f8ca7b79,bicycle,40.017393,-83.002363,,28.14,True,False,False,0
Veo,c0e4da6d-e85a-52f8-8d01-a86e3c18932a,bicycle,39.957772,-83.006184,,15.45,True,False,False,0
Veo,43a828e0-a63d-5a00-8ae4-85f688e0fbd3,scooter,40.105342,-83.111336,,24.84,True,False,False,0
Veo,c876ef9c-66da-58cf-9691-4eac3979c79f,bicycle,39.964889,-83.002733,,24.33,True,False,False,0
Veo,9824ce18-261f-5725-9633-4cb7d53b9b6c,bicycle,39.883215,-83.003356,,23.02,True,False,False,0
Veo,a5690f91-3279-5a59-a950-537a2230744e,scooter,39.963051,-83.00429,,24.84,True,False,False,0
Veo,a4af0075-348d-5c47-9496-2c6bca92b4fb,bicycle,39.967684,-83.01351,,19.05,True,False,False,0
Veo,16fc4038-41ca-58e6-9db7-44f6cc8df860,bicycle,39.951341,-82.979192,,22.39,True,False,False,0
Veo,cbae2c19-1898-5e3c-a6c6-ec4a59a2163f,bicycle,40.014741,-83.000181,,24.33,True,False,False,0
Veo,731c1ce6-481b-5a60-a000-57bc372d5b6b,scooter,39.974606,-83.002977,,27.44,True,False,False,0
Veo,4784909e-6688-5bc7-aa2f-39bdbf26510e,scooter,39.973746,-83.002819,,7.62,True,False,False,0
Veo,29b5560e-edcc-5201-8cd4-fd36f775fa7c,scooter,40.100579,-83.115646,,15.18,True,False,False,0
Veo,8ceee0ad-e4d8-5fcf-afad-06f01bfb833c,bicycle,39.974401,-83.022326,,12.63,True,False,False,0
Veo,f54511f3-7f9e-5fb0-8f29-3c4ac9eb78bc,bicycle,40.016024,-82.991053,,15.45,True,False,False,0
Veo,19bb93c5-3f81-59e7-93bf-d8858a39b176,bicycle,40.003702,-83.001054,,28.14,True,False,False,0
Veo,f5d9d95a-03ac-57eb-9d02-bc2e1167708f,bicycle,39.958196,-83.016175,,25.34,True,False,False,0
Veo,d85be339-d206-5d63-9573-d188afb22cb6,bicycle,40.008298,-83.008371,,22.39,True,False,False,0
Veo,defe0f69-b05e-52f0-84b5-68f909f4ba15,bicycle,39.980823,-83.005644,,21.49,True,False,False,0
Veo,6e019dcd-e0ca-59be-8f52-d8cfa57f9f82,bicycle,40.032801,-82.994381,,20.78,True,False,False,0
Veo,c5dc3808-5127-5eb0-8749-df07110643d3,bicycle,39.978557,-82.94637,,12.07,True,False,False,0
Veo,32de535e-d3f1-501c-8359-e6fd0ab24eb3,scooter,39.960711,-83.012511,,27.44,True,False,False,0
Veo,77f833c9-5c72-542e-bbe0-16bbbda01416,scooter,40.005853,-83.009334,,15.18,True,False,False,0
Veo,937d87dd-8db2-5931-801b-630118e82efa,bicycle,39.927349,-82.957567,,28.14,True,False,False,0
Veo,20018e2c-f4de-54a3-9a7e-2db13dff75ee,scooter,39.97339,-83.004657,,9.02,True,False,False,0
Veo,a99acbc6-b42c-5092-a0a7-5205f009ac89,scooter,39.944515,-82.989672,,28.14,True,False,False,0
Veo,e5b02953-3f4e-5749-a144-b395cbb06271,bicycle,39.956698,-82.926181,,13.1,True,False,False,0
Veo,c621c4e6-6639-546b-b4a9-837fcd203e15,scooter,40.040249,-82.970655,,28.14,True,False,False,0
Veo,2bd0f730-4f60-59fc-8790-f0ca064e5952,bicycle,39.963092,-82.966227,,28.14,True,False,False,0
Veo,3acb5466-e546-5b5c-8b7e-329df70a0079,scooter,39.973747,-83.002798,,25.94,True,False,False,0
Veo,0276c19b-eb19-5733-9b49-1b1e1e80c836,bicycle,40.103457,-83.110789,,28.14,True,False,False,0
Veo,2e64c4e8-e570-52f0-bac0-6e637459325e,scooter,39.977781,-83.009076,,27.77,True,False,False,0
Veo,fd572d52-4cad-5f68-a809-01f30c904f11,scooter,39.935015,-82.992852,,24.84,True,False,False,0
Veo,ebe3afdb-dff7-59f8-80bc-c0097a42f5ac,bicycle,39.922226,-83.037763,,25.65,True,False,False,0
Veo,3d0289cd-4110-513b-9bb5-207cec7d733d,bicycle,39.964373,-82.905129,,1.83,True,False,False,0
Veo,e32ae9e0-ff45-5735-9f0c-4b3619051f9e,scooter,39.991915,-83.008946,,28.14,True,False,False,0
Veo,f22467c6-6f77-5010-8407-8b317d696eff,scooter,39.980845,-83.003652,,26.25,True,False,False,0
Veo,65213e92-d561-5de4-bf5b-7b16a76bc628,bicycle,39.979035,-83.002703,,28.14,True,False,False,0
Veo,814ecc20-7ad4-5e96-9f41-c7eb02f1db6f,bicycle,39.95848,-83.002963,,28.14,True,False,False,0
Veo,4bb60e34-42a0-5878-a9c0-564da1d21719,scooter,39.963227,-82.981409,,28.14,True,False,False,0
Veo,1bb91cbc-3f9d-5757-b9b4-8b54ed7be611,scooter,40.000129,-83.016626,,24.06,True,False,False,0
Veo,69dc7a41-1aad-592b-9678-072917b1a7aa,bicycle,40.068405,-83.089465,,14.61,True,False,False,0
Veo,3f9a0cbc-cdf1-52a7-a9bb-24b9e356084f,scooter,39.965263,-82.9815,,25.34,True,False,False,0
Veo,0b7d9e17-c987-5b4c-8bca-6f32f5613ca5,scooter,39.993296,-83.026844,,28.14,True,False,False,0
Veo,6a6298ee-6785-5cff-b90c-6535a923a5e6,bicycle,39.986295,-83.025501,,5.68,True,False,False,0
Veo,f7e66503-c8e6-54a6-845f-20ef687d537b,scooter,39.964706,-82.911256,,2.09,True,False,False,0
Veo,d63403d6-64c6-5940-bedc-5947659f192e,bicycle,40.052111,-83.019307,,28.14,True,False,False,0
Veo,ffb5ca74-0297-52b6-844a-c899cd95565f,scooter,40.000439,-83.018284,,28.14,True,False,False,0
Veo,d886374c-a5f4-571f-b997-4f569966b55d,scooter,39.950121,-83.000255,,17.89,True,False,False,0
Veo,2fdbbed7-b4db-5947-999e-410a1874f742,bicycle,39.993906,-82.983386,,24.84,True,False,False,0
Veo,d5ecb875-47b2-577d-8c91-d2fb8106467a,bicycle,39.937697,-82.996223,,9.02,True,False,False,0
Veo,8bb811a1-0de8-5ad5-bad2-5b5d32902c6e,scooter,39.964956,-83.002417,,14.86,True,False,False,0
Veo,37496c76-e66a-5f47-b043-5245d3e04b8b,scooter,39.962133,-83.004169,,28.14,True,False,False,0
Veo,6bedb861-9c33-59fb-aaea-b868c3f4dee1,scooter,39.969192,-82.998661,,28.14,True,False,False,0
Veo,61274407-f3a6-53f0-a841-5899d0e5def3,scooter,39.998841,-83.007356,,9.97,True,False,False,0
Veo,ec1e3640-1d67-5c5d-9603-7a4bb9b3ca0e,scooter,39.982233,-82.963217,,5.68,True,False,False,0
Veo,ce34b260-71e5-54cc-bdeb-00beb232de4a,bicycle,39.9617,-82.995862,,15.89,True,False,False,0
Veo,b929858e-286b-598e-8992-8bf791e4e6f7,scooter,39.971682,-83.005921,,15.18,True,False,False,0
Veo,b66f8e39-1adc-5931-9227-368087a76ed0,scooter,39.950084,-83.00028,,19.39,True,False,False,0
Veo,ddb8cf90-69a5-5c2e-9e81-6fb19b2c9277,scooter,39.994471,-83.001959,,28.14,True,False,False,0
Veo,6ee11c9b-cad7-5711-9b95-f23bf6fd86f5,scooter,39.955966,-83.001862,,28.14,True,False,False,0
Veo,10d5f56a-e753-576f-8948-885339fd2fea,scooter,40.101039,-83.109122,,26.25,True,False,False,0
Veo,ee6b26a3-1511-5bf7-afe1-30023011a40f,scooter,40.000836,-82.978589,,4.19,True,False,False,0
Veo,4848aae4-40da-5e50-a531-1fd0aa86a670,scooter,39.967059,-82.999881,,13.86,True,False,False,0
Veo,28a5e2a7-fc4a-510e-bddd-84ee322b4400,scooter,39.970459,-83.002469,,11.11,True,False,False,0
Veo,cdefc292-10de-5c42-9947-d73cf798e807,scooter,40.111148,-83.121661,,6.67,True,False,False,0
Veo,10ea591a-ad59-53c9-ba7b-653edd27401f,scooter,40.025621,-82.984727,,27.44,True,False,False,0
Veo,9946eeca-6996-5466-bc63-cf15c2107116,scooter,39.933285,-82.982524,,23.02,True,False,False,0
Veo,ee2bdc28-57ff-573f-a187-38760948f3f7,scooter,39.996837,-83.00863,,28.14,True,False,False,0
Veo,5adb9cc1-4779-5250-9206-80486c0215ba,bicycle,39.960714,-83.012529,,25.74,True,False,False,0
Veo,a27ed124-0c79-54e4-9dbf-e5533e9864fd,scooter,39.97421,-83.004537,,28.01,True,False,False,0
Veo,d3aa06fa-2862-5ccd-b2b9-bfc600435d5a,scooter,39.964452,-83.005963,,27.44,True,False,False,0
Veo,a674777b-95f7-56dc-a128-7e4afa382326,bicycle,40.012087,-82.968747,,25.94,True,False,False,0
Veo,111a0ccc-0e91-58be-8060-c033787847c9,bicycle,39.955296,-82.937643,,25.34,True,False,False,0
Veo,4b7e18cb-4558-5597-8fba-6deaa70aec8c,scooter,39.986836,-83.029156,,16.84,True,False,False,0
Veo,d831b683-7936-5562-98db-2de71b5da844,scooter,39.99358,-82.981173,,25.65,True,False,False,0
Veo,8a207b82-f46f-5a1c-8205-405c2f487cf2,scooter,39.929157,-82.978179,,13.1,True,False,False,0
Veo,90eb5075-9d5e-5bd5-a433-7641802621c3,bicycle,40.011585,-83.013553,,24.33,True,False,False,0
Veo,0201611b-590e-5cf6-868c-8bb4d03277c1,scooter,40.034758,-82.994516,,9.97,True,False,False,0
Veo,f8ffef8a-101b-5ef9-82e8-aa4c44ce5dd5,scooter,39.965464,-82.965976,,26.78,True,False,False,0
Veo,3039fd83-0cb3-5b93-90d2-7d1218536fc4,scooter,39.984824,-83.016408,,14.86,True,False,False,0
Veo,82487c46-7fbe-597c-b388-7370bd675d6d,scooter,40.004596,-83.01271,,24.84,True,False,False,0
Veo,df7d7981-2dd2-5e89-8910-dd0a7e872241,bicycle,39.950464,-83.028772,,15.45,True,False,False,0
Veo,1b0c4dc7-6d3b-5de0-ba40-38d990069b67,scooter,39.983886,-83.026384,,16.39,True,False,False,0
Veo,7704f816-d69f-5ffe-a71d-51eeae278ab3,bicycle,40.006448,-82.973079,,19.39,True,False,False,0
Veo,d119756a-4bc3-5f42-ac95-cdbde55a4f77,bicycle,39.986523,-83.002128,,9.02,True,False,False,0
Veo,4b13d1b4-941b-5d28-9905-cb29dc947c0a,bicycle,39.944546,-82.989702,,9.97,True,False,False,0
Veo,bafa952b-d156-52de-8577-995d43218940,scooter,39.970368,-82.990671,,21.49,True,False,False,0
Veo,b7de60e6-fe0a-5db1-8208-8c50cc0a82ad,scooter,39.956475,-82.987366,,19.39,True,False,False,0
Veo,532ea129-2612-5503-9593-f4dd45242544,scooter,40.027175,-83.025657,,4.67,True,False,False,0
Veo,3134fb4f-8307-53c4-9cd2-f633a10b6d6f,scooter,39.970644,-83.002438,,20.37,True,False,False,0
Veo,46f9acc5-df94-54ad-a64d-31ea48bb2cd3,scooter,39.958674,-83.012863,,28.14,True,False,False,0
Veo,4f726fec-10ba-59db-ac99-916a00108533,scooter,39.968833,-83.004016,,28.14,True,False,False,0
Veo,a4dafe77-1191-5d8a-a96a-f13fe60e9f4b,scooter,39.958409,-82.978112,,28.14,True,False,False,0
Veo,c62cbf56-02b0-5e33-99d8-3c4ed8b32577,scooter,39.965306,-82.99881,,13.39,True,False,False,0
Veo,8844aac3-4d51-5137-bb6f-2f160cfb9dca,scooter,39.997852,-82.998661,,28.14,True,False,False,0
Veo,83e6ec85-c69f-5b8b-8599-dc76bfc76b68,scooter,40.008723,-82.967507,,19.78,True,False,False,0
Veo,4f23ad53-9ba7-5f1b-a5cc-593b7ee6a283,bicycle,39.948983,-82.953522,,22.7,True,False,False,0
Veo,95eddfb8-97d0-522f-b972-311095a5cb4f,bicycle,39.990171,-83.02859,,28.14,True,False,False,0
Veo,9e7f7c15-2e78-5233-a0d1-11dbda2eac76,bicycle,39.924614,-82.936834,,13.86,True,False,False,0
Veo,056ba6ef-f95a-5744-b206-0eed2508af1c,bicycle,40.019122,-82.975767,,12.63,True,False,False,0
Veo,dd3c8067-e2bb-57a3-9715-358c3a1f15f6,bicycle,40.050229,-83.049224,,13.64,True,False,False,0
Veo,46dccc48-463b-5925-b237-bf2d0d72d1b9,bicycle,40.016627,-82.992699,,11.34,True,False,False,0
Veo,d6ea73a2-315b-5ebf-bd18-0d390c85bd03,bicycle,39.954223,-82.922443,,14.17,True,False,False,0
Veo,10491c87-0c0d-5d8d-9802-dc653afb52b3,bicycle,39.935774,-82.920062,,21.49,True,False,False,0
Veo,6d402fbb-8a87-5f33-81b8-d92acacc7a18,bicycle,40.06792,-83.089866,,28.14,True,False,False,0
Veo,1a37d406-ad29-5f0f-b0d6-b843970e11f1,bicycle,40.01401,-83.014788,,28.14,True,False,False,0
Veo,800ccfd5-bcaf-531e-85c2-1ba758384b2d,bicycle,39.984674,-82.999794,,20.05,True,False,False,0
Veo,19d10d4b-1fab-5b6e-be20-e74ff31a70b4,bicycle,39.971646,-83.003044,,25.94,True,False,False,0
Veo,c175f5fd-da1c-5021-acb4-abb1d53bad6d,bicycle,39.966179,-83.077232,,26.25,True,False,False,0
Veo,21bbb82b-cccc-52bb-88ab-fce61cf52b2f,bicycle,40.014709,-83.000184,,28.14,True,False,False,0
Veo,e12324a5-1b6e-5c60-b934-241c667e9cb0,bicycle,39.997681,-83.00288,,23.77,True,False,False,0
Veo,cbfe1280-6f7b-55dc-be94-5f45c7a2a4bc,bicycle,40.014211,-82.966903,,25.34,True,False,False,0
Veo,2a8d0a19-e40f-5e81-8d7a-810dfaafd945,bicycle,40.002096,-83.008781,,15.89,True,False,False,0
Veo,bfbd7279-5739-526c-8805-f806a6d6a1e7,bicycle,39.927264,-82.895415,,28.14,True,False,False,0
Veo,1be39bfb-55a4-57e5-aeb6-d0acb9866813,bicycle,39.929837,-82.925457,,25.94,True,False,False,0
Veo,919588d1-1675-5148-a8be-84642a61531f,bicycle,39.957474,-83.001517,,12.52,True,False,False,0
Veo,d248eb8c-ca2b-5871-8b64-0733fa7e99cc,bicycle,39.989698,-83.005501,,27.77,True,False,False,0
Veo,5303df6f-ec2c-5d69-9972-41e79070cdde,bicycle,39.991443,-83.009902,,14.61,True,False,False,0
Veo,2fd70923-6c5d-5da7-bedb-d06051a8fe25,bicycle,39.977034,-82.974812,,28.01,True,False,False,0
Veo,e6318dae-9f60-5035-b441-2de40cf2098a,bicycle,39.955182,-83.012208,,24.06,True,False,False,0
Veo,dba53049-bf59-5fdc-9d32-77aa8c414306,bicycle,40.004854,-82.948402,,14.86,True,False,False,0
Veo,562e1fbd-3209-50d6-9cb3-373b1812bc08,bicycle,40.102409,-83.109573,,9.65,True,False,False,0
Veo,a90563f2-8128-5289-ad8d-212b3b8860c3,bicycle,39.888594,-83.00088,,13.64,True,False,False,0
Veo,98f5ff67-5657-5471-bf69-0db9e83ebb0a,bicycle,39.974284,-82.895613,,4.67,True,False,False,0
Veo,da9a03bc-e4a7-5781-ab63-90326e34f34b,bicycle,40.011558,-82.967409,,27.77,True,False,False,0
Veo,60aac6b8-f60a-5a8c-9a3e-946af31f01df,bicycle,40.026886,-83.021724,,27.77,True,False,False,0
Veo,2b680749-f592-5701-9482-7a8e97365f54,bicycle,39.96351,-83.001048,,6.07,True,False,False,0
Veo,32f28500-dc26-5075-b418-bc81ebfb9f8d,bicycle,39.997308,-83.006456,,13.86,True,False,False,0
Veo,a172a006-e7d8-5bee-b1d2-ebfd6469a0cc,bicycle,40.01248,-82.985934,,20.05,True,False,False,0
Veo,748bf71e-9322-5053-a075-ea05ccb9fa00,bicycle,40.003183,-83.003119,,20.37,True,False,False,0
Veo,aaaca3ee-8b98-530e-9637-8be50e644a06,bicycle,39.944625,-82.986054,,25.34,True,False,False,0
Veo,d65fd3a3-6ff6-5bca-959b-801732acf70e,bicycle,39.971883,-82.909724,,28.14,True,False,False,0
Veo,99e1deff-cdcc-5ceb-94c0-a3871c8fbc32,bicycle,39.969146,-82.998577,,9.65,True,False,False,0
Veo,94b1f25b-84c0-5955-8c72-1a4caf81ce8d,bicycle,39.952803,-83.003944,,28.14,True,False,False,0
Veo,740aba3f-e798-5d41-adc9-66bd2e739569,bicycle,39.972199,-82.993162,,28.14,True,False,False,0
Veo,50b49a3c-60d3-5e72-9ce8-16e44e27ebda,bicycle,39.957144,-83.01113,,9.02,True,False,False,0
Veo,f6d65db1-4b7a-5951-8e4e-d44814dc0445,bicycle,39.95207,-83.000487,,12.07,True,False,False,0
Veo,c8b8f9ab-693b-5279-9a44-e0b986c0f389,bicycle,39.964399,-82.978523,,27.02,True,False,False,0
Veo,5932edc2-3388-57db-9409-23ce894afa79,bicycle,39.943916,-82.994437,,28.14,True,False,False,0
Veo,2c8b24c9-8ced-52c1-9c33-3ab254f874b4,bicycle,39.999883,-82.997048,,11.11,True,False,False,0
Veo,69c286a3-206b-519b-9549-148106a8c9f7,bicycle,39.946438,-83.044767,,3.81,True,False,False,0
Veo,9c1c4b53-489a-5a9e-8082-a43df3a4b151,bicycle,39.959484,-83.037884,,10.79,True,False,False,0
Veo,3f54b884-2d05-592c-8474-ba1439754a71,bicycle,40.000929,-82.995969,,16.84,True,False,False,0
Veo,c6170e41-bc3a-5e86-b58b-1e3241fc53b9,bicycle,40.003109,-82.998442,,28.14,True,False,False,0
Veo,1629410d-5c11-57c3-ba5c-3d38d8a589ee,bicycle,39.987089,-83.030793,,28.14,True,False,False,0
Veo,ba5d86d0-fb7d-5679-bb6c-93f6f27d07f6,bicycle,39.952846,-83.112102,,28.14,True,False,False,0
Veo,124a7991-a646-558c-a40e-eb6ae60f385e,bicycle,39.969487,-83.007485,,12.87,True,False,False,0
Veo,bf5a53ac-a360-504a-8dad-2ff8c54294c8,bicycle,40.103871,-83.10894,,12.07,True,False,False,0
Veo,5d22ac4c-df30-5e8c-8838-0286aa1695a3,bicycle,39.950791,-82.982345,,26.78,True,False,False,0
Veo,20a629f3-cfdb-5911-8f6b-acad5d3fc128,bicycle,40.100336,-83.109115,,25.34,True,False,False,0
Veo,0a94030c-0604-530b-a7e8-aa1ee2757494,bicycle,39.972126,-83.039826,,25.65,True,False,False,0
Veo,bba69836-c023-591f-9409-926111840481,bicycle,39.995007,-83.016632,,18.67,True,False,False,0
Veo,ad03c114-25e3-52ce-a94d-b455f5e3382b,bicycle,39.991567,-83.008931,,7.29,True,False,False,0
Veo,131fb716-2f3e-5386-84f0-cebdc4473c53,bicycle,39.935121,-82.921986,,15.89,True,False,False,0
Veo,5b154c1b-de18-5bdb-81d6-01240093d5c3,bicycle,39.956098,-83.001064,,15.89,True,False,False,0
Veo,521f04b2-e28d-5b33-ae45-467e8e5fee6c,bicycle,39.995724,-83.030034,,28.14,True,False,False,0
Veo,1a8adc54-e02f-5337-a8ab-6909f85593da,bicycle,39.94282,-82.982351,,22.39,True,False,False,0
Veo,6e1f165b-395b-5005-9944-3e34670eceee,bicycle,40.004916,-83.019594,,20.05,True,False,False,0
Veo,9cc67434-92f1-5b6d-be6e-8d4c0eb41e6a,bicycle,39.972372,-83.005475,,11.59,True,False,False,0
Veo,f1c556c7-3e0e-5a14-bf67-8daf4350926a,bicycle,39.992864,-82.995356,,25.34,True,False,False,0
Veo,ba9c8a7e-cc82-58cb-994a-3bf6ea7d8bfc,bicycle,39.921432,-82.950483,,28.14,True,False,False,0
Veo,fbeaabdb-b128-578b-887f-d258bc89f38e,bicycle,39.966885,-83.009769,,28.14,True,False,False,0
Veo,11b710fb-f521-5607-9a90-55d5013ce8e6,bicycle,39.957854,-82.910442,,8.43,True,False,False,0
Veo,c48d783d-f06e-530b-9aba-b139ac9dfed4,bicycle,40.006686,-82.998874,,12.87,True,False,False,0
Veo,1a0ccd6b-1380-56d9-9953-fdb20821020b,bicycle,39.994292,-82.981128,,16.84,True,False,False,0
Veo,2cfbe25c-2598-5f5e-80f8-dcb82e00e669,bicycle,39.963031,-83.004288,,10.31,True,False,False,0
Veo,65d79fc2-22af-5305-8ac7-e33c595da924,bicycle,39.969482,-83.017649,,14.43,True,False,False,0
Veo,e7800ca5-368e-5151-90a0-58022dae0311,bicycle,39.950097,-83.001673,,26.25,True,False,False,0
Veo,25f89851-2d9a-5852-9c72-15726cda6f26,bicycle,40.00407,-83.013121,,18.67,True,False,False,0
Veo,ba97ca46-2417-5a84-be2f-09e52f304a5b,bicycle,39.958509,-83.014699,,15.18,True,False,False,0
Veo,0b8ae001-cb98-5bf7-868f-129a97b9270f,bicycle,39.960922,-83.011858,,21.77,True,False,False,0
Veo,d8bc6d6c-c9e7-5a55-b1f7-5312ae23bbde,bicycle,40.014655,-83.000232,,28.01,True,False,False,0
Veo,bfb3645a-2013-54f0-abd7-11c227fb5191,bicycle,40.063995,-82.990216,,27.77,True,False,False,0
Veo,966b70af-1385-5839-90dc-1470409aed15,bicycle,39.985358,-83.006395,,15.89,True,False,False,0
Veo,c2da7121-26f2-5f26-9bb9-41dde826b9bd,bicycle,39.980456,-82.997201,,27.18,True,False,False,0
Veo,92b749b1-a84e-535e-8fee-2f301ff2bf26,bicycle,39.970768,-83.051526,,27.02,True,False,False,0
Veo,8f906651-bd61-5d47-b6b8-60e5b9f96651,bicycle,39.955266,-82.96788,,9.97,True,False,False,0
Veo,bc25f2cf-12ec-5717-9990-9024caa6a230,bicycle,40.005077,-83.011811,,13.86,True,False,False,0
Veo,df5f0daf-acd1-5572-b1fb-066174891a6d,bicycle,39.975629,-82.976348,,22.05,True,False,False,0
Veo,ee7376a1-83bf-54ca-b7d5-0c14f4221d99,bicycle,39.961874,-83.0129,,27.02,True,False,False,0
Veo,85d3f895-c362-52e5-9f6b-1229fb02162c,bicycle,39.925703,-82.990282,,7.29,True,False,False,0
Veo,bc3e592d-70db-5696-a7c3-9e4bcebe10c2,bicycle,39.95597430937981,-82.90994889784977,,13.86,False,True,True,0
Veo,4a30115a-b18e-5d2c-a831-ad1b4cc2edbb,bicycle,39.980763,-82.998071,,26.51,True,False,False,0
Veo,61c01cd3-0cf7-5edd-90cb-5c004ffc9e11,bicycle,39.943825,-82.908736,,11.34,True,False,False,0
Veo,f8b55872-6886-5d70-af3c-c1dcbfa8bd8b,bicycle,40.000436,-82.974546,,23.02,True,False,False,0
Veo,c604ec07-fcec-5498-bc9f-1bf38a84a650,bicycle,39.954785,-82.84529,,21.77,True,False,False,0
Veo,f24542da-d8b7-5578-aa1e-850666e9cc94,bicycle,39.99248,-82.975322,,8.09,True,False,False,0
Veo,98a88ba6-3429-5578-ad8d-e0c336a988a4,bicycle,40.003702,-83.013174,,7.62,True,False,False,0
Veo,a8590e3e-32fb-5497-a89e-d818ed05b0e6,bicycle,39.987113,-83.030893,,9.97,True,False,False,0
Veo,97c88214-52f5-5882-90c9-24217ca94722,bicycle,40.010424,-82.997461,,26.78,True,False,False,0
Veo,91a9230b-6bdc-50d3-ac2a-5c735f4600b4,bicycle,40.060458,-83.079096,,12.63,True,False,False,0
Veo,8b357c7d-d460-5cdb-ac6f-bc2392375181,bicycle,40.01285,-83.026602,,14.43,True,False,False,0
Veo,acbb9514-8367-5456-9d03-914896ee7a3a,bicycle,39.972746,-83.004483,,25.65,True,False,False,0
Veo,abf4cf0c-0ace-550a-8b6b-e77865de07c1,bicycle,40.003144,-82.998456,,27.77,True,False,False,0
Veo,36c4d1df-1627-5316-bfbc-5823e0c5dd8a,bicycle,39.984563,-83.007207,,22.39,True,False,False,0
Veo,151da725-c98b-5003-bca2-b62b8db7f3f3,bicycle,40.007581,-83.01813,,28.14,True,False,False,0
Veo,b45e3b4b-6ab7-50e2-94e9-0fd56d7abdbe,bicycle,39.964433,-82.994104,,25.65,True,False,False,0
Veo,b1a7eeb1-8629-52f8-bab1-f9752054a1ca,bicycle,40.065465,-83.080642,,20.78,True,False,False,0
Veo,d4a15924-786f-5de3-90ae-bf4723028980,bicycle,40.101035,-83.108972,,27.44,True,False,False,0
Veo,f5583fe8-b3b4-5278-b642-cafcbae27cc2,bicycle,40.006997,-83.009381,,28.14,True,False,False,0
Veo,c6651090-eb28-524d-a110-3b66b12c4831,bicycle,40.006261,-82.972098,,7.29,True,False,False,0
Veo,bc2cf58c-cd3c-5fe0-b659-8f0361ea837d,bicycle,39.957241,-82.938081,,11.83,True,False,False,0
Veo,85c4f8fd-edd6-55f0-9bce-50a658876f47,bicycle,39.977714,-83.101032,,12.63,True,False,False,0
Veo,1c367b93-8833-5838-ac41-82b4e0ae59bd,bicycle,39.947946,-82.996954,,11.34,True,False,False,0
Veo,44a17184-5399-5474-9904-42b1d598decc,bicycle,39.995053,-83.034994,,18.19,True,False,False,0
Veo,2dd06fdb-912e-5236-8a31-7acfbc083476,bicycle,39.987093,-83.002079,,12.63,True,False,False,0
Veo,a27a58f7-f4ae-5618-aec2-aab3191f782e,bicycle,39.95664,-82.914411,,15.18,True,False,False,0
Veo,deb81e64-1069-513f-8572-fbed13471ca4,bicycle,40.100982,-83.108945,,20.78,True,False,False,0
Veo,cc73c2a9-0778-517a-8390-9ae782cdf98b,bicycle,39.972271,-83.004788,,10.31,True,False,False,0
Veo,c36ad90d-ebfc-599c-9b76-a1e42249315e,bicycle,39.946995,-82.914668,,27.44,True,False,False,0
Veo,731ce3d1-9312-5311-a05f-27cdf7b0870e,bicycle,40.094278,-82.959257,,9.02,True,False,False,0
Veo,90f185c4-bfc3-5636-8591-26454f90f448,bicycle,40.098842,-83.114511,,10.31,True,False,False,0
Veo,7cf11ab3-4269-56c9-96fc-06e93fae5bd5,bicycle,39.999501,-83.020749,,13.64,False,True,False,0
Veo,8aaf02f9-383d-52fc-ade4-7d7d74ba7f77,bicycle,39.969486,-82.994916,,28.01,True,False,False,0
Veo,6c98c469-7cd3-532d-b0aa-b7171e616df8,bicycle,40.001839,-82.999068,,6.31,True,False,False,0
Veo,33dc70af-a8c7-5234-a7b5-d2102324bf56,bicycle,39.967993,-82.949308,,27.44,True,False,False,0
Veo,000086f2-38a5-5382-86ba-81c1787e3772,bicycle,40.10099,-83.108898,,27.77,True,False,False,0
Veo,9b941f8a-50ab-5814-9ae2-137f9929f931,bicycle,39.962996,-82.981266,,26.51,True,False,False,0
Veo,6fb953d4-cb5a-5f50-9c10-7cd4e101e41f,bicycle,40.001766,-83.007322,,12.07,True,False,False,0
Veo,e0cac1be-218a-5859-a9f0-1a0c6153363a,bicycle,40.011333,-82.974897,,15.89,True,False,False,0
Veo,2837bdb5-4dee-5342-85c9-606999d5241e,bicycle,40.002483,-83.000066,,27.02,True,False,False,0
Veo,fe0f2bb1-8860-5593-9592-6396e5d0b64b,bicycle,39.993568,-82.981205,,7.29,True,False,False,0
Veo,0fb436b9-979f-567f-98e3-c57fe867b4b5,bicycle,39.965884,-83.001502,,15.89,True,False,False,0
Veo,d68d6fb0-c088-5a13-b8f4-6e1539721816,bicycle,39.988353,-83.025917,,14.86,True,False,False,0
Veo,9432f669-67b6-591b-a3a4-c63142e029fb,bicycle,40.02324,-82.977931,,27.77,True,False,False,0
Veo,cd9b925d-64c7-5d8c-8988-c0d8cd783be5,bicycle,40.103284,-83.088998,,10.31,True,False,False,0
Veo,e4cef474-ab8f-5bbb-b38c-6b38c848bdb2,bicycle,39.949756,-82.977621,,20.37,True,False,False,0
Veo,dd708b9c-1a96-5982-aaff-0fc520f9a6b1,bicycle,40.030453,-82.963092,,26.25,True,False,False,0
Veo,c3b5d7bf-6b18-53cb-afc6-501bda469ca6,bicycle,39.957689,-82.986174,,6.67,True,False,False,0
Veo,93b0d46a-7bb2-5cb6-bd7e-ad8fa5008507,bicycle,39.941561,-82.996524,,24.06,True,False,False,0
Veo,ca01a9c2-a58f-50c9-a297-00b72d75dbc8,bicycle,40.045691,-82.975952,,16.39,True,False,False,0
Veo,7b8e012c-9b08-59a0-88c1-36ce34ccae37,bicycle,39.948328,-82.963228,,28.14,True,False,False,0
Veo,4d6bcfc0-a521-5389-9795-be0dce65ae31,bicycle,39.968077,-83.001925,,27.18,True,False,False,0
Veo,3fc2a085-e19a-55c4-8063-bb8e82fa2a6c,bicycle,39.972679,-83.077042,,14.61,True,False,False,0
Veo,65d371f3-81bf-52cd-af51-561cb8a3c160,bicycle,40.079214,-83.119004,,25.12,True,False,False,0
Veo,9968f03c-2fe2-593c-9c75-45266a96eb66,bicycle,39.9789,-83.004031,,22.05,True,False,False,0
Veo,ef6df0e1-94bc-51fc-8ac7-578e9fe75a4c,bicycle,40.014696,-82.998504,,28.14,True,False,False,0
Veo,f727769f-6b00-59ca-80fa-c51314f8db2c,bicycle,40.065301,-82.960224,,11.34,True,False,False,0
Veo,80482813-dbcb-5501-986e-3d40fafc1019,bicycle,39.944026,-82.965018,,28.14,True,False,False,0
Veo,e4ef987c-d323-5e4e-b66d-09b744bb0bb1,bicycle,40.101627,-83.115566,,18.67,True,False,False,0
Veo,15a63e9b-c3b1-5b6f-97a7-dcd241fb5c7c,bicycle,40.009328,-82.941031,,28.14,True,False,False,0
Veo,6e5e5759-6fd6-5196-92e3-9d7c6f3c43cb,bicycle,39.960097,-82.992054,,12.63,True,False,False,0
Veo,873efedf-376e-5bae-9dc6-c995c56f872a,bicycle,39.999613,-83.021465,,19.05,True,False,False,0
Veo,6b3d966c-d90c-52ab-a983-242624538a4d,bicycle,39.963758,-83.000558,,28.14,True,False,False,0
Veo,37e1df98-e3a2-5b03-8604-93db27b11b90,bicycle,39.948406,-82.969305,,14.86,True,False,False,0
Veo,2764604b-1931-5e3c-b627-ee58464b4dba,bicycle,40.037665,-82.98413,,2.55,True,False,False,0
Veo,17bf63f3-7de5-5033-b086-6bb758a7f411,bicycle,39.962243,-82.982116,,25.65,True,False,False,0
Veo,0266c61d-23e9-57e7-9f76-2439d32358ca,bicycle,40.063465,-83.082728,,28.14,True,False,False,0
Veo,d0588dfd-332d-5e61-ba1f-699bbe22b9ce,bicycle,39.970018,-82.973446,,19.05,True,False,False,0
Veo,ba77eb2e-06a4-5ce0-a14f-ae2af2ca1969,bicycle,40.063686,-82.998806,,28.14,True,False,False,0
Veo,1ed69eff-757e-519a-9469-8635202600d5,bicycle,39.935112,-82.992837,,13.86,True,False,False,0
Veo,3a2ab189-d868-5e7e-81e1-2f8497cffde2,bicycle,40.125923,-83.158464,,1.56,True,False,False,0
Veo,bdd8e203-844e-59fe-9c9d-45454e2e835b,bicycle,40.001842,-83.001553,,5.83,True,False,False,0
Veo,a585fcfc-b50e-579e-a660-bddc15188e71,bicycle,39.939267,-83.067221,,28.14,True,False,False,0
Veo,a02b6b23-fc62-5240-be9a-60141653a4d6,bicycle,40.031098,-82.960949,,14.86,True,False,False,0
Veo,2d3a68ee-e803-5f43-ad89-1dcba8f2a1d3,bicycle,39.994109,-83.005732,,14.86,True,False,False,0
Veo,7328f231-4063-5657-bbaa-d9346f22347f,bicycle,39.976126,-83.003389,,28.14,True,False,False,0
Veo,8cdd7ead-da87-5dcb-b5fa-b202587ecd00,bicycle,39.902914,-83.056938,,14.86,True,False,False,0
Veo,d735fc88-4507-5145-aca6-ae80dc7aae4d,bicycle,40.003149,-83.000777,,23.33,True,False,False,0
Veo,543d9fda-76ca-51bf-8058-860a745507e3,bicycle,39.960233,-83.042146,,27.44,True,False,False,0
Veo,d3aadeae-8e47-522e-8302-7cb3bfe58dee,bicycle,40.024149,-82.983219,,14.86,True,False,False,0
Veo,edd3ae02-d03e-5a48-bba3-520e3399210b,bicycle,39.990047,-82.983931,,15.18,True,False,False,0
Veo,84c941a0-2efe-5686-ae66-589cf912ceb4,bicycle,40.100683,-82.959275,,14.17,True,False,False,0
Veo,d372d8ee-a107-53ce-b26c-212e483d63b2,bicycle,40.106888,-83.081649,,5.59,True,False,False,0
Veo,2a553abc-491d-5734-b6e3-661dff4c841c,bicycle,39.898048,-82.998711,,20.37,True,False,False,0
Veo,7c0976c5-13a9-51bb-97e9-f7f6ecda8719,bicycle,39.990148,-83.005929,,28.01,True,False,False,0
Veo,09846dbb-309f-5521-bca4-1f22678a8758,bicycle,39.897407,-82.976686,,14.43,True,False,False,0
Veo,5c012822-5182-52be-908f-9904f1f23c1c,bicycle,39.939391,-83.079813,,23.02,True,False,False,0
Veo,77475fe3-8e4d-5e36-9930-6c19ca2e6ca4,bicycle,39.986736,-83.072455,,13.39,True,False,False,0
Veo,7b95f91f-7180-5f21-b86d-7494640a8c89,bicycle,40.0302,-82.962738,,22.39,False,True,False,0
Veo,cf798fa3-cdd9-5179-9af3-e9067d786f72,bicycle,39.980379,-83.003243,,6.07,True,False,False,0
Veo,32a0d21b-18d8-52b8-9ac5-3ad03e1a70a4,bicycle,39.995275,-82.999624,,22.7,True,False,False,0
Veo,b1e2e7aa-2884-57dc-b6da-51afef88cc7a,bicycle,40.100973,-83.108878,,24.84,True,False,False,0
Veo,4da12dc6-b42b-5280-9068-7f9cf0fbe161,bicycle,39.987737,-82.979547,,14.43,True,False,False,0
Veo,964da54a-6f21-5bf5-9665-09f47fa2e410,bicycle,39.941988,-82.994995,,28.14,True,False,False,0
Veo,19bb55f9-5c7c-5372-b933-d007e73221c8,bicycle,40.100288,-83.117382,,27.18,True,False,False,0
Veo,d3901852-744a-57f5-a20b-24505fc31047,bicycle,39.993827,-82.983373,,28.14,True,False,False,0
Veo,9984d71c-b130-51e8-bf33-3d3592e62dcd,bicycle,39.9654,-82.982517,,28.14,True,False,False,0
Veo,d4f4ceb3-2871-5117-bb30-bcacaf5aaa1c,bicycle,40.012766,-82.97685,,8.78,True,False,False,0
Veo,e43824eb-94a0-5c26-afb0-aba0ef498631,bicycle,40.000465,-82.976734,,28.14,True,False,False,0
Veo,0bf821e0-ccb6-56c8-a01c-22abac9c859a,bicycle,39.999763,-83.022799,,28.14,True,False,False,0
Veo,e28f31a4-153f-5114-9e08-1a37c6c36388,bicycle,39.972902,-83.002848,,6.67,True,False,False,0
Veo,b58417a8-4239-54a7-af65-254ba62cee20,bicycle,40.015147,-83.013832,,28.14,True,False,False,0
Veo,1d252959-7774-56f9-9cb2-7ccf78d5d6e9,bicycle,40.001932,-83.00112,,27.44,True,False,False,0
Veo,30ab08b7-7dc0-5fba-936a-513ea99797ff,bicycle,40.038453,-83.017838,,28.14,True,False,False,0
Veo,a69a56f9-444f-5309-83ac-3b8ecf8f4cdd,bicycle,40.062489,-82.974291,,23.02,True,False,False,0
Veo,afc6af53-dcf6-584b-9027-9c1f56997d51,bicycle,40.011734,-82.96282,,13.39,True,False,False,0
Veo,d1011a60-1100-53b7-b1c8-42393df7621d,bicycle,39.954311,-82.967143,,18.67,True,False,False,0
Veo,3f183b78-e746-553c-8f60-4d7a3a740df4,bicycle,39.967541,-82.955058,,26.78,True,False,False,0
Veo,b2ef743b-4ba9-54ad-8ad6-faa96a5ce3b9,bicycle,39.946768,-82.904647,,14.86,True,False,False,0
Veo,5ed08f56-73d0-5ca0-8c3c-73575fac3a2b,bicycle,40.030971,-82.962339,,10.79,True,False,False,0
Veo,0ff629a0-21ea-5878-baed-200f572f9e5d,bicycle,39.937404,-83.096498,,14.43,True,False,False,0
Veo,95992c4c-05ed-53f9-95d5-72091a8a43bf,bicycle,39.963774,-83.000796,,15.18,True,False,False,0
Veo,01867c06-35d9-5d7f-8f9b-ee2a5b645345,bicycle,39.944491,-82.989681,,2.55,True,False,False,0
Veo,9e0ff5b8-71f7-5eee-9f8b-91bb7415fa41,bicycle,39.97156,-83.004809,,14.86,True,False,False,0
Veo,b112f332-04c9-5288-907f-dd82e023bccc,bicycle,39.951604,-82.982575,,12.87,True,False,False,0
Veo,a3b86123-05d6-590e-b2d5-dd128cbe0fc4,bicycle,39.935015,-82.992854,,12.28,True,False,False,0
Veo,6b5b1f78-7293-505c-b83d-f17df288c363,bicycle,39.984015,-82.858837,,14.43,True,False,False,0
Veo,baf82dce-1d40-5d4c-8326-8801bdf38d8f,bicycle,39.960892726667225,-83.01305992528796,,26.78,False,False,True,0
Veo,ec4faa6b-e08b-57ea-8fd5-87a7b65f5f6f,bicycle,39.968265,-82.97776,,22.39,True,False,False,0
Veo,1a8bf270-15a7-50e1-9927-468937a76c66,bicycle,39.950123,-83.000276,,28.14,True,False,False,0
Veo,34b2dd19-43ff-52af-92b8-7e46d00294d4,bicycle,39.996289,-83.014705,,25.12,True,False,False,0
Veo,b1f1e676-25a0-5586-8da6-e9053454ccfb,bicycle,39.96195,-83.000377,,23.02,True,False,False,0
Veo,c056c950-57fb-5d50-811e-8ac98ebd7f5f,bicycle,39.980884,-83.003669,,20.05,True,False,False,0
Veo,b825841d-ef1a-5620-a399-abc9d73dc017,bicycle,39.997844,-82.998691,,14.86,True,False,False,0
Veo,251a42b2-875e-5b91-ad40-dae70bf95145,bicycle,39.961411,-83.00175,,9.65,True,False,False,0
Veo,59eb7b72-c76a-5721-9f86-3dc0e7bb90a2,bicycle,39.978491,-83.020922,,1.56,False,True,False,0
Veo,280bbd56-1e76-51e8-86e3-e16bd4065e9a,bicycle,39.964013,-83.043326,,25.94,True,False,False,0
Veo,0e8da9c9-00c1-58c3-a3d5-426d475a6dcb,bicycle,39.954468,-83.03681,,14.17,True,False,False,0
Veo,d924b8e5-c72d-506e-83e4-7691a7c0d7a4,bicycle,40.016571,-83.005629,,28.14,True,False,False,0
Veo,5975028a-f48b-5d21-a45a-ddde7147214f,bicycle,39.964259,-82.980432,,26.25,True,False,False,0
Veo,e6dc6ad6-f415-5498-a8bf-02a93a5e0fc9,bicycle,39.983998,-83.01538,,11.11,True,False,False,0
Veo,052720bb-5256-5158-9871-58cf8e119ca3,bicycle,39.964539,-82.996711,,23.02,True,False,False,0
Veo,59a54ceb-cdb3-56e3-a718-4888807b8e3c,bicycle,39.969936,-82.933254,,10.79,True,False,False,0
Veo,3d83d480-a63e-5799-9d68-4d17210e225f,bicycle,39.985266,-82.929527,,1.83,True,False,False,0
Veo,87281b3e-49b1-5333-8b63-78a13a54d80f,bicycle,39.96905870531153,-82.9997938057508,,28.01,True,False,False,0
Veo,9766da7f-ee8e-556e-b53c-dd49292162e3,bicycle,39.89805,-82.998791,,10.51,True,False,False,0
Veo,476d31dd-8759-5f55-81ef-ccf5e76bc736,bicycle,39.965499,-82.995741,,21.49,True,False,False,0
Veo,71b599c5-4ee7-51f0-9812-e5f5fe9ac64c,bicycle,39.946629,-83.000352,,28.14,True,False,False,0
Veo,7933cf63-15e2-5a58-8043-e70626098144,bicycle,39.950419,-83.109539,,14.43,True,False,False,0
Veo,4fd42aaf-3c3e-5583-8485-d089ee07204f,bicycle,39.976379,-83.012869,,28.14,True,False,False,0
Veo,d0694578-5ae4-58a4-abb5-34d5ce12bfea,bicycle,39.941982,-82.995046,,28.14,True,False,False,0
Veo,e41f11ce-aaf6-584d-af3b-78b248c4f574,bicycle,39.988387,-82.999431,,6.67,True,False,False,0
Veo,1f3d81ef-e1f5-5e50-9c58-65b143484dc7,bicycle,40.00154,-82.997507,,16.39,True,False,False,0
Veo,1efcf929-8d65-5998-8ca3-6c4eff49be4d,bicycle,39.969212,-83.001084,,22.39,True,False,False,0
Veo,37c8b83f-173e-5755-a364-85b55f787baf,bicycle,40.003734,-83.013224,,13.86,True,False,False,0
Veo,29785061-009e-581e-97d8-dcb17e0eb298,bicycle,40.086986,-83.019427,,12.52,True,False,False,0
Veo,a541e6c1-cf0c-50d8-8943-280f1d75c0e2,bicycle,39.94397007004558,-83.06979769099699,,10.51,False,False,True,0
Veo,95a81b03-5601-5665-90e5-d42e5250e995,bicycle,39.993347,-83.000018,,13.64,True,False,False,0
Veo,c1b35c5c-fd59-5810-af90-5ae2a784ab33,bicycle,39.977736,-82.964179,,21.15,True,False,False,0
Veo,5b0b30a9-366b-58a8-9f05-d651d862ec1e,bicycle,40.030859,-82.995838,,28.14,True,False,False,0
Veo,e0c2971a-c527-591e-9fe7-730cd1262614,bicycle,39.987746,-83.008334,,13.64,True,False,False,0
Veo,74c928b4-9186-584e-a152-bd2ee789d5f9,bicycle,39.943117,-82.880381,,25.12,True,False,False,0
Veo,44e3ee66-a389-5e82-ab47-fc22d4321f91,bicycle,40.038873,-82.983687,,28.14,True,False,False,0
Veo,794a95b2-4f9f-593a-8748-ebe4e84fd1fb,bicycle,39.955916390791494,-82.94540547773516,,0.0,True,False,False,0
Veo,9c6dc6dc-20b1-5029-ba8a-07a69335ff36,bicycle,39.956488,-82.987368,,14.86,True,False,False,0
Veo,d356f903-1cb2-5b83-9735-51a5277589b6,bicycle,39.975131,-82.980486,,12.28,True,False,False,0
Veo,afe25144-7300-5234-b179-266b0be55653,bicycle,40.00563,-82.974377,,24.84,True,False,False,0
Veo,655e6b28-4a5d-5e78-ac9d-90d0c4b4c1a4,bicycle,40.098345,-83.079509,,28.14,True,False,False,0
Veo,50558673-da4f-5831-9076-405138fa6c23,bicycle,39.964187,-83.001959,,24.06,True,False,False,0
Veo,7590d8e7-3009-5116-9dbe-bfb10372fd09,bicycle,39.949922,-82.88602,,13.1,True,False,False,0
Veo,73552aca-bc0d-5152-b582-10a1f86d69ad,bicycle,39.984881,-83.041589,,28.14,True,False,False,0
Veo,e0518f49-f2bc-564b-a7ad-cf0519fec9e0,bicycle,39.970423,-82.982871,,14.17,True,False,False,0
Veo,0f3a034a-7c0c-530a-af91-34e29c166798,bicycle,39.968267,-82.977733,,24.84,True,False,False,0
Veo,25228d34-1bb8-5364-b8ac-f67ece31f24f,bicycle,40.053434,-83.016543,,14.86,True,False,False,0
Veo,48dfdf87-3e15-5cd7-880c-f608cc007479,bicycle,39.945796,-82.943825,,13.86,True,False,False,0
Veo,41dac366-fcf4-5439-adb6-13437a4a3942,bicycle,40.044067,-83.019424,,11.59,True,False,False,0
Veo,2ef395d5-fd11-5f86-bf25-4da3d3971d2b,bicycle,39.946486,-83.054843,,22.7,True,False,False,0
Veo,d0e65de4-06e4-5d82-90b6-704b3d1c4dcb,bicycle,39.981832,-83.009951,,28.14,True,False,False,0
Veo,fe939b83-d138-5317-b927-5bc420b1b5d1,bicycle,39.972411,-83.005339,,12.63,True,False,False,0
Veo,ee96e53a-2648-55fc-b0f0-e3029c161813,bicycle,40.003676,-83.008997,,28.14,True,False,False,0
Veo,03da8516-df4d-5ab5-b486-3858ef2e5c5b,bicycle,39.981088,-82.991498,,28.14,True,False,False,0
Veo,bf481dbb-0fc3-5192-bacb-3a66e44cc670,bicycle,39.968992,-82.999615,,28.14,True,False,False,0
Veo,48c6154a-07ed-512c-89da-80249da34832,bicycle,39.969456,-82.937842,,24.33,True,False,False,0
Veo,61de4b06-cf2a-54e9-abaf-7a7727f007a1,bicycle,40.10525,-83.110597,,14.43,True,False,False,0
Veo,d07114e9-c0ed-5ede-a3ac-95f1acf1aa2b,bicycle,39.971341,-83.004787,,27.77,True,False,False,0
Veo,1833528c-7bf9-59a6-be7e-14d9a664a49d,bicycle,39.962288,-83.000973,,6.67,True,False,False,0
Veo,af0aff6e-80d4-567d-8dfd-29104229ed34,bicycle,40.000394,-82.974602,,11.83,True,False,False,0
Veo,1633760c-9fff-54c0-a461-3373070a5eef,bicycle,39.995449,-83.038871,,18.67,True,False,False,0
Veo,509b7df5-0e91-52f6-9a94-8ee3f7183a1f,bicycle,39.969217,-83.00007,,9.97,True,False,False,0
Veo,41f52f87-ae33-561e-9d64-b8da8edda623,bicycle,39.981887,-83.005729,,12.87,True,False,False,0
Veo,b18a0610-40d4-5646-99d7-247936b37dac,bicycle,39.957961,-82.98852,,27.44,True,False,False,0
Veo,cc59b0a3-ab06-54a3-8b77-e9024e7b0383,bicycle,39.981448,-82.982059,,5.03,True,False,False,0
Veo,75f0d5ff-f0a6-5b52-b95a-532ec318c805,bicycle,39.960706,-83.012627,,15.18,True,False,False,0
Veo,a939c76b-f169-5788-b02f-2abc958c2371,bicycle,39.96375,-82.965431,,23.02,True,False,False,0
Veo,a083f630-3373-5db0-9bf0-5875a5feb90e,bicycle,40.013516,-82.932396,,27.77,True,False,False,0
Veo,eae2c859-eb32-5aa5-bddf-58ec7459b9c6,bicycle,39.994132,-83.005713,,8.43,True,False,False,0
Veo,d66bdf28-1333-5072-81e9-a8939f6dd916,bicycle,39.967706,-82.967572,,28.14,True,False,False,0
Veo,62167fdc-58ff-5e45-91fd-4611d8ca4da1,bicycle,39.955102,-82.960198,,6.98,True,False,False,0
Veo,7d84f9b7-cd87-5e2a-b738-62b0e59d5e80,bicycle,39.927755,-82.978529,,24.06,True,False,False,0
Veo,3d54f47e-463f-5cab-869c-9c66d59cc532,bicycle,40.006764,-83.008543,,11.59,True,False,False,0
Veo,0fda4a8d-3a91-51ea-8695-e612ee785d76,bicycle,39.972679,-83.008841,,24.33,True,False,False,0
Veo,137804b1-0ace-5f04-a428-5ef9ae2d7eba,bicycle,39.963749,-83.000454,,28.14,True,False,False,0
Veo,a8504fe4-0bda-5b67-97bd-e73a6b0402e2,bicycle,39.948871,-82.998011,,25.65,True,False,False,0
Veo,5487f6e6-f4a7-5f78-b06b-4acd29fae418,bicycle,39.95014,-83.000292,,24.33,True,False,False,0
Veo,8e540325-dd1b-52fb-8133-9370cc845ec8,bicycle,40.014709,-83.01071,,1.56,True,False,False,0
Veo,52225f60-8774-5e5b-8ff3-8195f125820c,bicycle,39.944556,-82.989686,,15.45,True,False,False,0
Veo,63ea4b49-4070-58b2-89ab-cb4c820b2ee8,bicycle,39.947534,-83.042185,,25.12,True,False,False,0
Veo,c58774de-f19d-5e96-a96f-e0cc936dfb32,bicycle,39.987195,-82.999033,,27.77,True,False,False,0
Veo,65bc979c-a70d-54f4-b218-f8de90335907,scooter,39.941978,-82.994962,,11.59,True,False,False,0
Veo,7e798e34-a3e5-58a0-b540-b0a50e7cbde6,bicycle,40.131316,-83.09416,,28.14,False,True,False,0
Veo,b86a2c0d-ee1d-5b69-80c0-e85565bae3b8,bicycle,39.990353,-83.005567,,28.14,True,False,False,0
Veo,fc4304e2-b373-5035-9d79-2367b6112df6,bicycle,39.986114,-82.94854,,27.44,True,False,False,0
Veo,779b4245-2daa-509c-845b-e73f3fc33ec4,bicycle,39.980343,-83.080021,,28.01,True,False,False,0
Veo,4c983f30-8576-5417-86a8-f4976c2ba6da,bicycle,39.95632,-83.014471,,14.61,True,False,False,0
Veo,266e65f7-8e9f-56a9-8bb1-8b0e85843f46,bicycle,39.995152,-83.045356,,20.37,True,False,False,0
Veo,b5e80418-123e-5ad3-846d-7595ed10696b,bicycle,39.95431,-82.938479,,8.78,True,False,False,0
Veo,d29219f1-77a8-5e5b-bd02-e51b8678be44,bicycle,40.00373,-83.013108,,19.78,True,False,False,0
Veo,801dde96-b8b8-5e22-a2af-d19b98a53292,bicycle,39.952554,-82.993049,,17.89,True,False,False,0
Veo,5a3d71be-ccd8-5411-8ecb-f8fb8c52cebf,bicycle,39.990074,-82.984003,,28.14,True,False,False,0
Veo,4835f8dd-e8e0-5810-8d68-1961fa5c1217,bicycle,39.985521,-83.031462,,4.92,True,False,False,0
Veo,463de91d-37f4-59c8-b097-8554d155b149,bicycle,40.017967,-82.946478,,17.37,True,False,False,0
Veo,cee0db84-fc78-5263-bf18-85cd38c41cf2,bicycle,40.040861,-82.944383,,28.14,False,True,False,0
Veo,51b32802-24c7-5ade-9e3a-646e8ab929b6,bicycle,39.941345,-82.889959,,6.67,True,False,False,0
Veo,55239815-0b3c-513d-b54b-7bb63309c8ef,bicycle,39.988556,-83.037965,,12.52,True,False,False,0
Veo,e380023c-5156-5f7f-843b-672a2102ba9d,bicycle,40.011399,-82.974617,,22.39,True,False,False,0
Veo,547afac7-f1e9-550e-a748-c4ea74857c8b,bicycle,39.987221,-83.006416,,9.97,True,False,False,0
Veo,571bcacc-2e3e-5d62-b632-1c6c74074612,bicycle,39.995548,-83.002813,,14.43,True,False,False,0
Veo,6ecd28b5-0953-5397-ab8e-1482148c3ecf,bicycle,39.952737,-82.981459,,28.14,True,False,False,0
Veo,805e7d7f-1b9e-566c-a91f-df60edbf1b4b,bicycle,39.969142,-83.002426,,25.34,True,False,False,0
Veo,6539747d-a690-5aeb-8597-48aabe63ca43,bicycle,40.017919,-82.978255,,14.43,True,False,False,0
Veo,14a9d6c8-6a29-5c79-9e0c-5732259df851,bicycle,40.100628,-83.11557,,25.34,True,False,False,0
Veo,7b09c635-bf88-5fee-b883-35c8dee19343,bicycle,40.037913,-82.969777,,16.39,True,False,False,0
Veo,1cb12a73-44e1-5d3f-8aa5-be394ffa4951,bicycle,39.997457,-83.007724,,10.51,True,False,False,0
Veo,90bedc93-8950-544c-9dbb-fe777368a224,bicycle,39.990282,-83.00794,,25.94,True,False,False,0
Veo,5cf13523-201b-5b30-9363-89eac0eb4ac0,bicycle,40.014428,-82.965759,,18.67,True,False,False,0
Veo,daa7b8a9-8ac6-5196-ab8f-7c6bfef85aaf,bicycle,39.95162,-82.982686,,6.07,True,False,False,0
Veo,f00ca29a-2459-5ab2-81f5-5e0fc24ae1ab,bicycle,39.967891,-83.008793,,15.89,True,False,False,0
Veo,855f0bbe-86b8-5ac6-aae5-efb077a002bf,bicycle,40.00125,-83.000726,,14.61,True,False,False,0
Veo,be58d626-369c-5129-8170-83e054d2da3c,bicycle,40.005094,-83.011739,,22.7,True,False,False,0
Veo,8d01d424-468d-5f23-a094-7ba7a6171e1f,bicycle,39.99415,-83.005764,,15.18,True,False,False,0
Veo,ee3d018c-4b5e-5e94-972c-ad426af65122,bicycle,39.987678,-83.007535,,19.05,True,False,False,0
Veo,eeae9e1c-6693-534c-82d1-2ac57199ba69,bicycle,39.967914,-82.980263,,21.15,True,False,False,0
Veo,2201c897-146a-5e94-aa4b-8e8be2f331f4,bicycle,39.980359,-83.003177,,22.39,True,False,False,0
Veo,72f9be41-f06a-5413-921d-8a41e3235695,bicycle,39.947031,-83.017254,,21.15,True,False,False,0
Veo,53f2accc-1b2a-5eb0-8ea1-604cc9363966,bicycle,40.055362,-83.019271,,6.98,True,False,False,0
Veo,27397bb8-8dbf-5e63-a195-bd8157da85b0,bicycle,39.983942,-83.014192,,28.14,True,False,False,0
Veo,83004097-aead-59b8-90b0-9b3803814aa5,bicycle,39.996834,-83.013598,,26.51,True,False,False,0
Veo,ad68b629-6499-5193-8e34-a91972c1e338,bicycle,39.972214,-82.993173,,28.14,True,False,False,0
Veo,e1ad3925-2f7d-53b2-a828-418e555dd584,bicycle,39.938383,-83.098085,,4.78,True,False,False,0
Veo,08567be5-fc51-52a5-8852-22186d8dc99d,bicycle,39.980117,-83.006846,,17.37,True,False,False,0
Veo,a1ee1717-c687-5e48-96a4-d8f7da3e029a,bicycle,39.950661,-83.000498,,23.02,True,False,False,0
Veo,23be7c03-de3a-59ba-a925-ec7eef47cdb9,bicycle,40.01531,-83.002848,,25.74,True,False,False,0
Veo,1a3656f3-16cf-5b28-b3a8-cba47e4e433a,bicycle,39.98766,-83.022843,,15.18,True,False,False,0
Veo,dc0325d4-1c95-51f0-8c55-f0a93ff5d029,bicycle,39.99134,-83.011045,,8.78,True,False,False,0
Veo,418f0681-6d9c-52eb-92a1-f7c417f9399b,bicycle,40.000726,-82.9864,,27.77,True,False,False,0
Veo,550597c5-62bc-58eb-bbeb-33fffede2960,bicycle,39.911259,-82.98967,,6.07,True,False,False,0
Veo,52ae8652-f000-52fb-bd51-70d2749dd204,bicycle,39.985583,-82.995413,,23.77,True,False,False,0
Veo,3725b39c-574e-509f-90ba-d97fbee63acb,bicycle,39.987398,-83.030079,,27.44,True,False,False,0
Veo,fcc011f1-98ad-5a9e-a018-a7a59ee144a9,bicycle,39.961095,-83.029441,,28.14,True,False,False,0
Veo,e1510e2d-10f6-559b-a938-4bafa693f0c4,bicycle,39.971376,-83.004147,,27.44,True,False,False,0
Veo,8abfafd8-d9dc-54e5-8929-f0c8e1039632,bicycle,39.965852,-83.001393,,26.51,True,False,False,0
Veo,4a2cedcc-ae8e-544d-a18f-9b4cca1e4d92,bicycle,40.017866,-83.013881,,12.52,True,False,False,0
Veo,058b5089-3c85-55c7-84be-3b227ca15b8f,bicycle,39.936064,-82.948642,,27.44,True,False,False,0
Veo,5f5ce3ce-27ae-5c16-8463-30f52d3296d4,bicycle,39.987637,-83.010777,,14.43,True,False,False,0
Veo,ae8d87fa-bbe6-54f0-8537-41187c58c6c1,bicycle,40.00605,-82.95388,,28.14,True,False,False,0
Veo,8985ea63-f23f-5c69-9bbf-dcfb8f6d8f3a,bicycle,39.993575,-82.981183,,18.19,True,False,False,0
Veo,1a8e6772-676c-593f-ad71-86644af3ed84,bicycle,39.97439,-83.022368,,27.02,True,False,False,0
Veo,11a99acf-fcd5-58b4-9187-91162d72a5ab,bicycle,39.984014,-82.859699,,9.02,True,False,False,0
Veo,5430b1a4-779b-5f35-be72-1f9710c073f8,bicycle,40.022345,-83.009916,,25.65,True,False,False,0
Veo,38c358f4-28c7-570b-9575-0c7d4a977c33,bicycle,39.967559,-83.008445,,27.44,True,False,False,0
Veo,8089b881-ede4-5edd-91af-90d7c20a7358,bicycle,39.95588,-83.011216,,22.05,True,False,False,0
Veo,5afc1d7e-0467-5fc4-b35d-a7ddfb7781ec,bicycle,39.947398,-83.062568,,9.65,True,False,False,0
Veo,16a1b202-4cb2-5de1-a368-3f58ce2529c8,bicycle,39.955875,-82.945429,,16.39,True,False,False,0
Veo,322459e0-486a-544b-b508-9e67c52723a4,bicycle,39.983853,-83.017339,,14.17,True,False,False,0
Veo,c6ccf189-cfb8-5ef9-8b92-ec034b2a6e5b,bicycle,39.950382,-83.052812,,26.25,True,False,False,0
Veo,7bd948b9-96f0-5f98-b5d2-7359b7651ea1,bicycle,39.989057,-82.999673,,16.39,True,False,False,0
Veo,d8527da8-a742-508d-a9d4-a8bd99edbe69,bicycle,39.971596,-83.005765,,15.89,True,False,False,0
Veo,ad3fd1ab-22ad-540f-9263-8f9d0477dd00,bicycle,39.967766,-83.009005,,13.39,True,False,False,0
Veo,471a9b5d-44d2-58be-ae52-8f5d0a903232,bicycle,39.963399,-82.981898,,27.77,True,False,False,0
Veo,cbc45e04-83c3-533e-9234-66dd58588304,bicycle,39.955283,-82.937655,,26.78,True,False,False,0
Veo,7e7bdcda-c034-58ad-8f09-2db460320903,bicycle,39.972466,-83.007423,,12.52,True,False,False,0
Veo,4c0c4e6f-c432-557e-8b83-d2b47c0f79a3,bicycle,40.000758,-82.986457,,28.14,True,False,False,0
Veo,b67adf15-57ae-5ee2-9c0e-53cd0ae536c1,bicycle,40.003721,-83.013055,,14.43,True,False,False,0
Veo,3453335e-962d-5371-8f07-f9293a94cae0,bicycle,39.935678,-82.995599,,26.51,True,False,False,0
Veo,91f311a1-ea14-5bf5-8bb4-daeb657d27e1,bicycle,39.921288,-82.964348,,13.86,True,False,False,0
Veo,fa778986-a9af-5e5a-a3cf-1dd8eff74f10,bicycle,40.105205,-83.111208,,27.77,True,False,False,0
Veo,00e0676d-dc04-5e63-9aef-97156bb6a1e6,bicycle,40.003737,-83.013134,,28.14,True,False,False,0
Veo,7992b7b7-7c62-5a3d-94c6-94da08f0e575,bicycle,40.005072,-83.011599,,26.78,True,False,False,0
Veo,7cea736d-b0f9-553e-a528-760d92e6a241,bicycle,40.10903,-83.015493,,28.14,True,False,False,0
Veo,45f945df-32d8-543b-ac50-f714e884b4fc,bicycle,40.009852,-82.982729,,21.49,True,False,False,0
Veo,c3ab8394-b5ea-5e36-bc57-8ea4e5bf3932,bicycle,39.971764,-82.979643,,26.51,True,False,False,0
Veo,ec208c4f-81d6-5c48-a532-767d6424b5ae,bicycle,39.99894,-83.001168,,7.29,True,False,False,0
Veo,7a04de9f-5bcc-59c4-b18a-39f2936c0ea8,bicycle,39.965823,-83.001446,,27.02,True,False,False,0
Veo,751a2b49-19c0-58b6-90d5-3a6a00b11fd5,bicycle,40.008196,-82.999247,,14.43,True,False,False,0
Veo,0d2f180f-e56d-5277-a59b-400aa7661fb2,bicycle,39.972048,-83.002627,,14.43,True,False,False,0
Veo,2d7b6aa9-4bab-59ee-8c90-aa89c1cf07d2,bicycle,39.93105,-82.99385,,16.39,True,False,False,0
Veo,d35915b6-c0b4-5c4f-9f9a-cfcfcf8db0a1,bicycle,40.007608,-82.947085,,15.45,True,False,False,0
Veo,463e7a09-0b61-5ecb-b5da-5aad61acd46b,bicycle,40.00532,-82.94566,,25.65,True,False,False,0
Veo,e28d55ae-4fab-59c7-bbca-178f96c29f7f,bicycle,39.933206,-82.910556,,13.1,True,False,False,0
Veo,92108943-05f6-5474-9c22-80bd1f996cf1,bicycle,39.991073,-82.987608,,13.1,True,False,False,0
Veo,505613b4-fbf3-556e-afb6-7a1ad37d641a,bicycle,39.944727,-83.036753,,28.14,True,False,False,0
Veo,50055c15-d63d-51d4-b0b4-9bba97d58e65,bicycle,39.958028,-82.945562,,25.12,True,False,False,0
Veo,c2c876cf-d0c4-5932-9978-a2e493ed34d2,bicycle,39.961138,-82.985199,,9.29,True,False,False,0
Veo,79ce3ba4-e52c-5473-ab53-6a912f7f306e,bicycle,39.970505,-83.008064,,10.51,True,False,False,0
Veo,03c87360-2390-5894-a8dd-cb7cb9bbab05,bicycle,39.960773,-83.012508,,28.14,True,False,False,0
Veo,eda17791-876c-5bec-9c39-0845dcc1c936,bicycle,39.978716,-83.001885,,27.02,True,False,False,0
Veo,5d368f56-7a09-5d5f-9813-b12317dd1b24,bicycle,39.942898,-82.887169,,12.07,True,False,False,0
Veo,893a9802-eafb-5458-8a3b-52b4bfd7a9d9,bicycle,40.054419,-82.974651,,28.14,True,False,False,0
Veo,b363e072-94d3-540b-b131-b554ced03c96,bicycle,39.946451,-82.959219,,11.83,True,False,False,0
Veo,95a6e039-edc0-593d-9367-ad725883d5c8,bicycle,39.916074,-82.995322,,25.74,True,False,False,0
Veo,07c90579-8dd1-51c1-8a2f-c68097c46146,bicycle,39.937693,-82.996323,,9.02,True,False,False,0
Veo,79a527a6-7799-568d-a749-4174ed408a1a,bicycle,39.950634,-83.03662,,27.77,True,False,False,0
Veo,c2bd7e83-965b-5b62-a553-33cb1c444a90,bicycle,39.953761,-83.065407,,28.14,True,False,False,0
Veo,c2cbb90f-a71c-5b39-8677-bd190f6e5022,bicycle,39.938089,-82.950857,,28.14,True,False,False,0
Veo,d72fd954-3a7f-5bff-8e1c-8692d266046e,bicycle,39.942962,-82.956439,,10.51,True,False,False,0
Veo,4b0ea33e-9071-5c94-aa26-35d13a7d52fa,bicycle,39.986951,-83.03952,,25.65,True,False,False,0
Veo,95f45e39-1d63-55d1-8f99-59abd93115dd,bicycle,40.001648,-82.99624,,15.18,True,False,False,0
Veo,ea5792e9-91ab-5e89-91f4-2bf9e6788702,bicycle,40.013994,-83.015153,,5.27,True,False,False,0
Veo,49e3f8ad-2d03-5fc5-8f18-bfe884ad83b6,bicycle,40.014689,-83.000266,,28.14,True,False,False,0
Veo,99983d61-b60b-5717-9c4b-bec9807d65d4,bicycle,39.957722,-82.995496,,26.78,True,False,False,0
Veo,2d26d87e-28cd-5866-a111-6be74e930183,bicycle,39.964532,-82.99739,,11.34,True,False,False,0
Veo,013c8368-7dc8-57a7-92ad-6849afc1b784,bicycle,39.967811,-83.012655,,28.14,True,False,False,0
Veo,46fdda03-54a1-5f06-b66a-e15ef49fa886,bicycle,40.02589,-82.980076,,15.45,True,False,False,0
Veo,18f85f04-95ac-5764-ad8a-171e9f398da9,bicycle,39.992343,-82.996868,,28.14,True,False,False,0
Veo,f4556072-4eb2-5714-90d9-3a2f880fa5db,bicycle,40.026701,-83.025654,,25.94,True,False,False,0
Veo,36144790-26b9-5529-92fd-47e945576988,bicycle,40.001977,-83.001146,,13.64,True,False,False,0
Veo,e0bbdecb-1601-5cfe-adb8-a43b19802378,bicycle,40.011933,-82.968592,,13.86,True,False,False,0
Veo,bbe03338-5e93-54be-8f59-e2736e719009,bicycle,39.928529,-82.950242,,10.51,True,False,False,0
Veo,284e1c7b-e91e-51f8-a435-6a3979a55edf,bicycle,40.100955,-83.108947,,28.14,True,False,False,0
Veo,c20f6dfb-9a44-57e7-9f13-c4ffba4f81ed,bicycle,40.000423,-82.974568,,23.02,True,False,False,0
Veo,38ff1d55-e35e-548c-9170-041112e0dc18,bicycle,39.927763,-82.978532,,13.1,True,False,False,0
Veo,e1dfdef3-8476-5a9e-bce5-756ee0455092,bicycle,40.000731,-82.986404,,28.14,True,False,False,0
Veo,e20d0dba-2c03-56f0-814c-a312abdfaa79,bicycle,39.984695,-83.044597,,21.15,True,False,False,0
Veo,96c4d146-eef0-5d02-b62d-6e89be93a832,bicycle,39.901251,-82.956718,,14.86,True,False,False,0
Veo,97c6fd76-35eb-50f9-8a2e-a24c3aa5e698,bicycle,40.047655,-83.020568,,28.14,True,False,False,0
Veo,9933dcb5-5cdf-54d0-b91f-11991215084f,bicycle,40.053892,-83.060224,,12.52,True,False,False,0
Veo,56315e13-1577-569a-9292-63f1a8411098,bicycle,39.965708,-83.001529,,14.17,True,False,False,0
Veo,b8341475-01b3-5478-92e3-3b6ad5b63838,bicycle,39.978249,-82.99915,,27.18,True,False,False,0
Veo,326cf428-2115-543b-828c-1e916fec1587,bicycle,40.074676,-83.030334,,5.83,True,False,False,0
Veo,a747289f-e539-5130-9a1a-66fd6e56f8be,bicycle,39.958435,-83.008469,,25.34,True,False,False,0
Veo,a44cf849-def5-5f0d-b63b-292c9cdffa26,bicycle,40.0412,-83.018319,,7.62,True,False,False,0
Veo,90ac4426-aa44-52d8-b201-1f80e29e88d9,bicycle,39.973841,-82.908816,,15.89,True,False,False,0
Veo,02fe3197-7acb-5f2a-91c1-d8dcbf09cbdf,bicycle,39.989535,-83.052759,,13.64,True,False,False,0
Veo,89db1b4a-0909-51bb-8c03-f2b713b52524,bicycle,39.943673,-83.04567,,12.87,True,False,False,0
Veo,cb9f5feb-3615-54c5-889d-c58f92fae800,bicycle,39.956564,-82.966848,,13.64,True,False,False,0
Veo,e9e63a74-dc18-5cc1-8895-85af99fe85d7,bicycle,39.946691,-83.09627,,28.14,True,False,False,0
Veo,d4de853d-7b15-50bd-83f8-3d18192850e4,bicycle,39.991791,-83.048827,,9.65,True,False,False,0
Veo,eb019d13-7bc4-5943-8696-92278d5b58eb,bicycle,40.105209,-83.108132,,23.02,True,False,False,0
Veo,f13bd3aa-afe5-5520-8513-937123f022bb,bicycle,39.995743,-83.030016,,28.14,True,False,False,0
Veo,d9bc2ab0-1ef9-5813-b720-82787676ed5e,bicycle,39.956446,-82.986681,,14.86,True,False,False,0
Veo,d9ba0bb5-fbd9-521c-9639-7683f40dcb3b,bicycle,39.946789,-83.045728,,7.62,False,True,False,0
Veo,e544dae4-c1ef-58ef-b575-bcd3845099b0,bicycle,39.932414,-82.971494,,28.14,True,False,False,0
Veo,81e5fc1e-69ab-50d7-b255-f7568c8effcd,bicycle,39.99577,-83.018169,,13.64,True,False,False,0
Veo,f0101cc0-c8d8-5cc0-b6bf-409a518dbaf1,bicycle,39.944369,-82.877614,,2.55,True,False,False,0
Veo,8d59f1bb-ed45-5606-9462-4eb94cd957df,bicycle,40.086919,-83.019439,,15.45,True,False,False,0
Veo,dcd50fbe-088a-5dbd-a89a-e950e256513d,bicycle,39.979142,-83.002025,,14.61,True,False,False,0
Veo,c1ec8b01-afe4-5095-860a-208259041b7c,bicycle,39.973204,-83.020839,,14.43,True,False,False,0
Veo,2c4a4b6d-50fd-5da6-9be2-e7a55c6b762e,bicycle,39.955224,-83.012236,,27.77,True,False,False,0
Veo,b401e0f8-c461-5976-99f9-fc84b5930aca,bicycle,39.912886,-82.985412,,9.65,True,False,False,0
Veo,f27e9d4d-329c-5d50-a59f-5442e9d82d77,bicycle,39.93758,-82.975704,,22.7,True,False,False,0
Veo,b16a6b1a-4cf7-52ed-a7ca-046b7843c659,bicycle,39.960052,-82.950114,,24.06,True,False,False,0
Veo,9ff627b6-2faf-5674-8d0f-310634ca014b,bicycle,40.025156,-82.995507,,8.43,True,False,False,0
Veo,6ca960c5-7d16-571a-bb51-d4e418335523,bicycle,39.980661,-82.998084,,26.51,True,False,False,0
Veo,8b305303-732f-52b0-b8d8-2c5d8a1a3ffc,bicycle,39.944516,-82.98969,,13.86,True,False,False,0
Veo,6e3264df-a651-5cae-bffe-053b8687aaac,bicycle,40.05986,-82.913478,,10.79,True,False,False,0
Veo,a92212f5-88a7-5b0d-91d1-cf6edfecbd5d,bicycle,40.015445,-82.982576,,28.14,True,False,False,0
Veo,942e73e1-af2b-5b4a-b488-85e9c73f4ece,bicycle,40.000709,-82.986405,,19.78,True,False,False,0
Veo,c4b269ca-b950-5663-ab6f-9b552d7e6b19,bicycle,39.973584,-82.980777,,28.14,True,False,False,0
Veo,abaa0533-40f4-5556-82ad-fcc4de0a03ba,bicycle,39.974151,-83.019114,,17.89,True,False,False,0
Veo,a5b6296c-d45d-5cc9-8ae6-f2ca82368157,bicycle,39.988982,-83.004324,,14.61,True,False,False,0
Veo,3a35ea12-82e7-5e6f-bf64-8818969549fa,bicycle,39.957711,-82.998298,,22.39,True,False,False,0
Veo,f4d79778-6581-5c8e-9ea4-5c2e3f78b65e,bicycle,39.964752,-83.002929,,14.61,True,False,False,0
Veo,2eea147d-9249-5ffc-b340-22bb26857575,bicycle,40.017479,-82.990304,,25.12,True,False,False,0
Veo,0f4de53d-4047-5d18-b03a-3c5b86a3d86c,bicycle,39.949919,-82.888129,,27.02,True,False,False,0
Veo,799f4284-aa83-5e9d-8165-3b3ef62853e0,bicycle,40.011562,-82.972927,,5.59,True,False,False,0
Veo,8b044382-c2b2-5a46-9fe9-1a98db0a7099,bicycle,39.957399,-83.011435,,15.18,True,False,False,0
Veo,d5d9cbf3-5504-5fa7-ba9c-1e7d2256696b,bicycle,40.005112,-83.011683,,10.31,True,False,False,0
Veo,0b072234-669b-51f9-9ae1-37ca2cc364de,bicycle,39.987734,-83.00822,,15.18,True,False,False,0
Veo,b6c42b48-e068-5959-ae87-f61f725ec121,bicycle,39.975605,-83.014991,,13.86,True,False,False,0
Veo,660a23a2-6dd7-5ecf-b437-d958affb8971,bicycle,40.017495,-82.990355,,12.52,True,False,False,0
Veo,076b1b6f-a247-57b9-837a-89a1d2080633,bicycle,39.92817954163991,-82.96482517391719,,19.39,False,True,True,0
Veo,22e78f51-1435-5371-9890-275d62fb06bb,bicycle,39.957709,-83.006203,,18.67,True,False,False,0
Veo,5c8cb582-4c27-52c8-a560-09b2476cfe63,bicycle,39.993647,-83.014531,,23.02,True,False,False,0
Veo,99b92afb-54fa-59c3-bb6e-04564699f070,bicycle,40.024111,-82.983234,,24.06,True,False,False,0
Veo,48ab3b3f-5780-5f13-955c-a0ca7b5d3088,bicycle,39.986834,-82.996116,,8.43,True,False,False,0
Veo,7ca56b4e-e49f-59fd-8cac-25abe1b8f038,bicycle,39.965296,-83.003319,,12.63,True,False,False,0
Veo,d7f0b729-d050-57a9-ac9c-39e2f7b6575c,bicycle,39.952203,-82.873347,,21.49,True,False,False,0
Veo,74159528-f744-536a-9684-59b7a2e7abb5,bicycle,40.024148,-82.983246,,13.64,True,False,False,0
Veo,fb0b47c5-fcec-5e86-9e79-21c996a1659f,bicycle,40.019523,-83.013038,,7.62,True,False,False,0
Veo,354690eb-5e37-57b1-a160-810b37eb28b5,bicycle,39.97473,-82.975381,,25.94,True,False,False,0
Veo,eb4acf46-5cd6-5ed3-a602-e83adf54dd87,bicycle,39.944331,-82.886653,,22.39,True,False,False,0
Veo,0fb99308-4789-540d-a863-b404cc6087e1,bicycle,39.944567,-82.989742,,24.84,True,False,False,0
Veo,85856f89-34ba-51d7-8196-758c680ffc73,bicycle,39.990223,-83.005946,,16.39,True,False,False,0
Veo,2e6b4099-3b35-53f3-8f6c-fc2ef2451a4e,bicycle,39.936346,-83.002184,,12.07,True,False,False,0
Veo,3e955d2a-718a-51f6-982d-97ad6b9b73b4,bicycle,39.973092,-82.968474,,14.86,True,False,False,0
Veo,1f24e4f5-fcba-5f1b-b041-fb5978386913,bicycle,39.959998,-83.011745,,28.14,True,False,False,0
Veo,c9da24c5-2f6b-5248-8fcf-fa49776f6ce7,scooter,40.00209,-82.941797,,28.14,True,False,False,0
Veo,34462b0d-8c01-5ed1-a295-704314589f9a,bicycle,40.053393,-83.016477,,6.98,True,False,False,0
Veo,c52b30df-953a-5a30-b43c-5d099f35a70f,scooter,39.95593270510013,-82.94530038227904,,0.0,True,False,False,0
Veo,d810655a-0ae9-5018-ba8c-6e8b3c95cc6f,bicycle,39.993809,-82.983368,,25.74,True,False,False,0
Veo,19ef53f4-6b65-5d1e-8f04-6d6eca3239a8,bicycle,39.972525,-83.003948,,28.14,True,False,False,0
Veo,de02797f-2132-5f2c-a7a5-4f73511144ec,bicycle,39.972547,-82.979647,,27.44,True,False,False,0
Veo,62fd9364-40a4-5bd4-9a1d-4c5aa6c5fa65,bicycle,39.992278,-83.032577,,25.74,True,False,False,0
Veo,430e15d2-d2c0-516c-9576-f068e2a63161,bicycle,39.969997,-82.997999,,24.06,True,False,False,0
Veo,2fd9dfde-b2a2-5b8b-8266-0d1b25313e52,bicycle,40.006224,-83.012375,,28.01,True,False,False,0
Veo,ce6c7d6d-3247-5006-aaf7-3a9d5309f745,bicycle,39.956602,-82.987162,,23.02,True,False,False,0
Veo,17d8742e-9bbc-5268-96bd-20c27bcd0c96,bicycle,39.953368,-83.02535,,28.14,True,False,False,0
Veo,af2bd74a-6e69-5020-acf2-434759d38688,bicycle,39.965376,-82.982361,,24.06,True,False,False,0
Veo,8485d5da-9bda-5b4f-98de-22c213363368,bicycle,39.935011,-82.992884,,13.86,True,False,False,0
Veo,f2900747-b4ea-5ef5-8ea8-c148b7afc7aa,bicycle,40.001113,-82.97518,,25.74,True,False,False,0
Veo,b0d9f0b5-fd63-5f84-8d05-fb553feb9e2c,bicycle,39.996953,-83.010282,,28.14,True,False,False,0
Veo,3e96c4fa-9c08-5e8c-9990-dbed337192c3,bicycle,39.948028,-82.939043,,26.78,True,False,False,0
Veo,f0c0b132-3a6a-5e0f-8dc1-31bd23b3ca3a,bicycle,39.96585271614442,-83.00152465651558,,0.0,True,False,False,0
Veo,a8628a95-b19e-5c1f-9a72-eadae1668f3b,bicycle,39.949741,-82.99024,,23.02,True,False,False,0
Veo,95a81255-bdf9-5a06-acd7-a9e23276d848,bicycle,39.947686,-82.94087,,16.39,True,False,False,0
Veo,2da77935-e8a8-5f30-b930-2a9e715a3478,bicycle,39.970479,-83.108328,,21.15,True,False,False,0
Veo,6bf7baa6-30c1-50d3-a8d6-b4e9c2179e1f,scooter,39.989593,-82.985887,,28.14,True,False,False,0
Veo,38da4b3f-f660-51fb-9f4f-980632eeaee7,bicycle,39.959276,-83.008508,,18.67,True,False,False,0
Veo,e5cb6700-5bbd-56cb-880a-cab71d9abc9e,bicycle,39.933261,-82.91059,,16.84,True,False,False,0
Veo,4249fde7-c0c0-53ae-b6ec-a85940f27085,bicycle,39.957503,-82.995422,,20.37,True,False,False,0
Veo,7ab1942f-8405-5ee5-80f2-704aa00ee002,bicycle,39.98122,-83.020301,,19.78,True,False,False,0
Veo,ce3405d4-8bde-52eb-a89c-24d62e584da4,bicycle,40.006044,-82.972959,,10.51,True,False,False,0
Veo,c6b43a97-000b-5f48-824d-d12f9d919d48,bicycle,39.960543,-83.04051,,25.12,True,False,False,0
Veo,5369d7b9-e3c1-5397-b9bd-6db67569680e,bicycle,39.96152,-82.913803,,7.62,True,False,False,0
Veo,354d3bdb-03b6-5902-a96f-8d8378cb40de,bicycle,39.990057,-82.983955,,15.18,True,False,False,0
Veo,b0c5c5d3-a2ec-52f3-b974-50e5dd722cf0,bicycle,39.95598352790699,-82.94526602930962,,0.0,True,False,False,0
Veo,c6a38abd-6109-503b-9df7-ee90a2294a9a,bicycle,40.002889,-83.020242,,28.14,True,False,False,0
Veo,2b4e1ca6-7446-5e09-b7b0-c7604075e1b6,bicycle,39.956265,-83.000086,,13.1,True,False,False,0
Veo,7d065ad9-508f-5455-ae96-53791d5e6559,bicycle,40.001995,-83.001126,,25.65,True,False,False,0
Veo,d7f075e2-5a44-5518-9db8-e4d9608714d5,bicycle,39.994697,-83.00785,,14.86,True,False,False,0
Veo,18d863a4-f448-5e24-b1e0-687485a57ff1,scooter,39.973724,-83.002756,,6.67,True,False,False,0
Veo,f84a1a19-8943-500c-9ee8-8913c6f907b8,scooter,40.103272,-83.108741,,28.14,True,False,False,0
Veo,bcd4b34c-e8bd-5839-9acb-063ab799242d,bicycle,39.898169,-82.998719,,27.44,True,False,False,0
Veo,3bf3c17f-5d49-5b76-a2b0-3aad582c6fd0,scooter,39.973889,-83.018438,,21.15,True,False,False,0
Veo,5f3f83a9-6314-5950-8323-7395233fe558,bicycle,39.987213,-83.03065,,28.14,True,False,False,0
Veo,c3e38592-6af5-500f-b8ec-6159fce114ee,bicycle,39.96588,-83.001448,,27.77,True,False,False,0
Veo,883f377d-b9de-530b-8647-58e37b8feb89,bicycle,39.972298,-83.004672,,11.34,True,False,False,0
Veo,618b6012-1ecc-5807-bf91-cf9a8085221c,bicycle,40.089234,-83.091029,,28.14,True,False,False,0
Veo,7de93229-1ab0-5385-9510-6ccb8977a233,bicycle,39.968202,-83.013634,,28.14,True,False,False,0
Veo,e1a8430d-6838-5dff-8da8-a715ee92febb,bicycle,39.956715,-83.007268,,28.14,True,False,False,0
Veo,01de7f93-0809-5013-8764-92bbfd5bf995,bicycle,39.960911,-82.914561,,10.79,True,False,False,0
Veo,f11e66a3-d12b-5976-9f89-954eca4c5bb8,bicycle,40.001642,-82.99725,,9.29,True,False,False,0
Veo,4f160cfd-ccd9-5b58-8142-06c951595b24,bicycle,40.10203,-83.110747,,28.14,True,False,False,0
Veo,1889108b-6a8f-5168-80fc-76bec6e80119,bicycle,39.995721,-83.00738,,13.86,True,False,False,0
Veo,98aac509-8752-5a8a-8370-dcfff693af11,bicycle,39.941807,-83.067844,,9.97,False,True,False,0
Veo,a455f2e4-5b3e-5fe6-8f52-e334014dbbb9,bicycle,39.973738,-82.971787,,28.14,True,False,False,0
Veo,08d264ca-3f85-5943-8422-3e348fe6b6c7,bicycle,39.923119,-82.960885,,10.51,True,False,False,0
Veo,ffff12db-d075-5325-8607-03c151780239,bicycle,39.980688,-82.990427,,6.31,True,False,False,0
Veo,2117c7a5-d39b-5c4a-8889-6bf6ad25b0c5,bicycle,39.935893,-82.995962,,25.12,True,False,False,0
Veo,333100d5-5ae7-5388-bbae-d3fcc4083ff9,bicycle,39.974304,-83.01965,,26.51,True,False,False,0
Veo,82f224ec-e467-51b0-b85c-c5cee002b664,bicycle,39.974747,-82.968997,,28.14,True,False,False,0
Veo,0ed7b35c-cdbd-59b1-a3c4-72669b53fcb3,bicycle,39.923864,-82.984394,,14.43,True,False,False,0
Veo,92bf84cb-454e-5022-b957-1e2dd0905bf9,bicycle,39.941342,-82.982675,,12.63,True,False,False,0
Veo,595d08c1-95ec-56a8-92d8-01ae595bb477,bicycle,40.056521,-82.994369,,2.55,True,False,False,0
Veo,178d64aa-29c8-51a8-bfbd-902da3c3a8e9,bicycle,39.977476,-83.004356,,20.37,True,False,False,0
Veo,7e08a001-7e1d-512a-a7e9-812275aba3bf,bicycle,39.954303,-82.938498,,25.94,True,False,False,0
Veo,550154c4-1398-5c16-bde8-dbff75ed500f,bicycle,39.987478,-83.099394,,17.37,True,False,False,0
Veo,ed88e3bb-ea7d-57c2-b82b-3437168716fe,bicycle,40.000743,-82.98643,,27.18,True,False,False,0
Veo,bcbc6323-03c3-51ea-ab9b-18a53163ca07,bicycle,39.98712,-83.002067,,28.14,True,False,False,0
Veo,e25a0b87-70f9-52a8-9fff-3415e2a036e6,bicycle,39.928097,-83.119161,,23.02,True,False,False,0
Veo,5f29eef6-9b98-5613-b73b-fe62628d1eb5,bicycle,39.99557239543317,-83.00436817380032,,28.01,True,False,False,0
Veo,9ce0f65b-9b53-5db2-897e-9e6b3f24308a,bicycle,39.946621,-83.000231,,11.34,True,False,False,0
Veo,992f43d7-73a1-5ba9-bac1-f4625d38caa8,scooter,39.948346,-83.008098,,5.27,True,False,False,0
Veo,51cd7b28-1bb0-53e0-b123-4865296bedec,bicycle,39.962132,-83.004171,,14.61,True,False,False,0
Veo,05e172b6-23cb-54ad-a662-e3ce5ac877c4,bicycle,39.969165,-83.001106,,24.33,True,False,False,0
Veo,8c26b894-afef-5576-ae81-6479df4be042,bicycle,39.993923,-82.983333,,15.89,True,False,False,0
Veo,1483d26f-d113-5f03-87f2-ef9d35495ce8,bicycle,39.965347,-83.003226,,27.02,True,False,False,0
Veo,b3c85200-f4d9-54ce-9633-0a6c616b1bfc,bicycle,39.964958,-83.004848,,19.05,True,False,False,0
Veo,e163bb18-cd58-517b-9531-7946368ce344,bicycle,39.946508,-83.000221,,28.14,True,False,False,0
Veo,179d4074-12e3-5f86-8a92-3371d67c5cd0,bicycle,40.004852,-83.006142,,16.39,True,False,False,0
Veo,3f26ddd4-c250-5b20-8882-b441745b2eb8,bicycle,39.952867,-83.003865,,25.65,True,False,False,0
Veo,8d9fa2ac-8257-5e33-8ea9-9095a5ea23bb,bicycle,39.946676,-83.000285,,28.14,True,False,False,0
Veo,916546e3-4caf-5135-8574-f366ef0e2c46,bicycle,39.963089,-83.004301,,28.01,True,False,False,0
Veo,7d34a4fd-2a9b-5670-b650-1839c5d99552,bicycle,40.013104,-83.002289,,26.25,True,False,False,0
Veo,4cb71a42-72e6-573d-8213-d01c58ab4072,bicycle,40.101503,-83.114349,,28.14,True,False,False,0
Veo,c52bcb72-cf71-51d9-953a-e09857e50637,bicycle,39.963723,-83.000775,,28.14,True,False,False,0
Veo,1ca483a0-3c41-5768-a86c-7a1a4a03e595,bicycle,40.007821,-82.961127,,24.06,True,False,False,0
Veo,5f302b24-1fa4-560d-bf05-c443140e26a3,scooter,39.968558,-83.004803,,14.61,True,False,False,0
Veo,83f4d961-b3be-517e-9ffc-886d4a3d1a3f,bicycle,39.94338,-82.984491,,20.78,True,False,False,0
Veo,7221e8bb-8a51-5941-86f0-68a71fe1275c,bicycle,39.998534,-83.001432,,28.14,True,False,False,0
Veo,646fcec4-1479-527c-8dff-5bd19d3acbf7,bicycle,39.962327,-83.001003,,25.12,True,False,False,0
Veo,3e1b024f-5ac6-5e4e-bdbf-dde2ec05ae2c,scooter,40.001963,-83.001143,,28.14,True,False,False,0
Veo,32420368-34da-59e5-8f3c-4334e0cddb27,bicycle,39.934998,-82.992865,,28.14,True,False,False,0
Veo,f84a12d0-9ac1-5c04-ac8f-cb8531c6c9b2,scooter,40.01508,-82.998742,,12.52,True,False,False,0
Veo,7d6da623-fb92-5c7c-a51f-e14925418166,bicycle,39.934051,-82.995896,,10.51,True,False,False,0
Veo,84276413-c97d-51c5-ac32-dacba42e58bf,bicycle,39.943388,-82.98452,,14.61,True,False,False,0
Veo,3c0ddb0c-e033-5b04-9a8e-76aa07b6b6c9,scooter,39.971498,-83.002727,,17.89,True,False,False,0
Veo,8dc13c5d-bdcc-55c8-af42-14a956b77ab7,bicycle,39.938054,-83.014557,,11.34,True,False,False,0
Veo,fa09199b-3164-5818-a99f-2e2f22bebfc2,scooter,39.956778,-82.995039,,12.63,True,False,False,0
Veo,37242860-7f05-522c-bf11-cf10114df0ef,bicycle,39.968179,-82.977115,,28.14,True,False,False,0
Veo,f8ec63b3-aa42-5a72-899c-6a760ca6cb26,scooter,39.962985,-82.981256,,25.34,True,False,False,0
Veo,f839a248-daa3-5669-824a-9a17eef524fc,scooter,39.996444,-83.004668,,24.06,True,False,False,0
Veo,9d0943f6-e097-5071-8b5b-2c5e134aecf9,bicycle,39.954303,-82.938517,,15.89,True,False,False,0
Veo,8ce28462-2a67-510e-bd2b-4feb32e36722,scooter,39.971429,-83.002164,,14.17,True,False,False,0
Veo,8e8d508c-2b27-5e7c-a9a8-f69c71bb8bef,bicycle,39.963091,-83.004303,,11.59,True,False,False,0
Veo,8dae6097-2dec-5081-b73d-a269ae2cd962,scooter,39.96302,-83.004297,,21.15,True,False,False,0
Veo,ea6ca3fd-ffa7-59eb-a760-0f2dfafd25c0,bicycle,39.948408,-82.9462,,15.18,True,False,False,0
Veo,21a9d6c4-6923-57b3-91d7-d22e2f7ff72d,bicycle,39.964043,-82.997656,,26.78,True,False,False,0
Veo,0aeb9544-916e-504d-a60d-f456b88a1fda,scooter,40.015673,-83.003322,,27.44,True,False,False,0
Veo,59e43e69-32c7-5b9c-ae19-38736e120ed0,scooter,39.988137262897084,-82.99607458462063,,21.49,False,True,True,0
Veo,b44447d4-a359-56dc-b7f4-a24cb1f175af,bicycle,39.961264,-83.098244,,2.09,True,False,False,0
Veo,e411af9f-adc3-56b0-9cc8-788ab974fa52,bicycle,39.937725,-83.062128,,24.33,True,False,False,0
Veo,b52dc63a-cc2c-59a4-875a-e387c5519a26,bicycle,40.016036,-82.954542,,28.01,True,False,False,0
Veo,e69a7a39-34ea-5bb2-8085-21e962213424,bicycle,40.000708,-82.986398,,23.77,True,False,False,0
Veo,ec6deae6-d1b6-5583-97bc-207ca501417b,scooter,39.935977,-82.976105,,14.17,True,False,False,0
Veo,a05ec767-2ed1-5225-a600-336ca5e4c6d7,scooter,39.999835,-83.009699,,17.37,True,False,False,0
Veo,08c7bb7b-7a25-5495-8b9f-62923c717209,bicycle,39.97212,-82.89273,,28.14,True,False,False,0
Veo,f03fd35e-f061-5f98-a9c6-ed1ce30c3222,scooter,39.962547,-82.99794,,13.1,True,False,False,0
Veo,0fae2480-9b4f-5c13-939b-cddd5fbaddf4,bicycle,39.935944,-82.953726,,13.39,True,False,False,0
Veo,f6467175-da12-5394-ad24-5637d26062f4,bicycle,39.955954,-82.945135,,5.68,True,False,False,0
Veo,6281610b-d769-5d1b-8498-dc4131517d68,bicycle,39.932248,-82.790687,,28.14,True,False,False,0
Veo,64523ec4-f160-5d8f-a7cd-6969ef1d9064,bicycle,40.101051,-83.108873,,28.14,True,False,False,0
Veo,10044f7c-304d-58e5-878b-96318d37fd7b,bicycle,39.961027,-83.016975,,28.14,True,False,False,0
Veo,d387e57a-5591-5e6c-ad92-4e952298049d,bicycle,40.005307,-83.009559,,14.86,True,False,False,0
Veo,8c8d7267-98ad-579f-82df-b616c99f51cd,bicycle,39.972044,-82.980759,,28.14,True,False,False,0
Veo,b079a236-b9b5-5ff8-a6d1-b4cdec582a6d,bicycle,39.997954,-83.009605,,27.77,True,False,False,0
Veo,479ebfc8-7e3a-542e-81f8-86850a3f787c,bicycle,40.100626,-83.11559,,6.07,True,False,False,0
Veo,26a98fa5-4219-5088-ab86-c09977a51755,bicycle,40.072103,-82.91854,,28.14,True,False,False,0
Veo,c3a2e35d-2731-59be-9b48-f7153aa9214d,bicycle,39.957979,-82.979552,,24.06,True,False,False,0
Veo,c804e379-b95a-5a5e-b516-9cf88d7bdb8b,bicycle,39.945908,-82.989916,,25.12,True,False,False,0
Veo,8aba6dee-1030-5fec-a369-9d51529d3092,scooter,39.955954,-82.945511,,28.14,False,True,False,0
Veo,e9070546-d091-5310-9937-b6785b069ed8,bicycle,39.930236,-82.941272,,17.89,True,False,False,0
Veo,7bd580e3-f6a3-58ec-913d-1ffacc188784,scooter,39.995932,-83.020886,,23.33,True,False,False,0
Veo,39359e68-c27b-5b55-90c9-73fa4b0a46cf,bicycle,39.963602,-82.987589,,24.06,True,False,False,0
Veo,72c070d4-af33-51d0-b71f-2d0a73216edf,bicycle,39.952687,-82.993407,,27.44,True,False,False,0
Veo,6ae53f48-a6e7-5115-9f52-cf0ec7ffbe70,bicycle,39.946514,-83.000206,,12.63,True,False,False,0
Veo,3b3b3125-d4c2-53b3-a430-fb96b07aba80,bicycle,39.965918,-83.001474,,28.14,True,False,False,0
Veo,42480f32-086c-5487-b7d8-b23a914e6ccb,bicycle,39.981442,-82.981984,,23.02,True,False,False,0
Veo,d08c7368-a086-5e5c-bb7e-502476e7194d,bicycle,39.986944,-83.039511,,12.07,True,False,False,0
Veo,485ca5f5-6f30-5b1d-946e-0edae723f10b,bicycle,40.002485,-83.016414,,13.1,True,False,False,0
Veo,0d8f7cf0-09ae-5aea-b7b6-246883e64a7c,scooter,39.956488,-82.98781,,25.74,True,False,False,0
Veo,e28a6778-f5f5-5920-9a3c-5b9d799c0efb,scooter,39.988842,-83.028288,,6.67,True,False,False,0
Veo,72285f3c-669d-5887-8158-cfe3e2da9fbf,bicycle,37.803604,-80.427235,,20.05,True,False,False,0
Veo,3ff6e2bb-efb0-5cca-9c36-4d81c7e575e8,bicycle,39.895484,-82.927062,,28.14,True,False,False,0
Veo,4e43287c-6545-5eb8-b05f-8ccfde97df22,bicycle,39.988169,-83.046283,,13.64,True,False,False,0
Veo,8a7520c0-11ee-51b8-86d3-78d9a87e533f,bicycle,39.990463,-83.013811,,28.14,True,False,False,0
Veo,5fc22ac1-08c6-5c83-9c63-d47cc20d6c60,bicycle,39.947732,-82.944739,,21.77,True,False,False,0
Veo,19edab86-72cd-5a16-a35a-74e86fee6b71,scooter,39.949364,-82.962984,,24.33,True,False,False,0
Veo,78fff954-57ac-5496-8a27-bcfafe541ef3,scooter,40.003139,-82.998441,,12.28,True,False,False,0
Veo,85968362-82b4-5e41-bbd9-2ed5b9b2a20c,bicycle,39.963175,-82.981306,,26.78,True,False,False,0
Veo,9b4f5f05-f86c-5222-9d4c-a885c2062952,bicycle,39.952351,-82.975618,,24.06,True,False,False,0
Veo,4eea0d75-7206-572a-8295-09c92b603fc0,bicycle,39.997434,-83.047558,,9.65,True,False,False,0
Veo,b6beb182-be87-549a-b65a-4657806ed46e,bicycle,39.949692,-82.886642,,18.67,True,False,False,0
Veo,ec1001c0-1e48-5903-8032-966e85b118d8,scooter,40.003143,-83.003157,,25.34,True,False,False,0
Veo,00535adf-8e43-5915-8c2d-9e47763a0f02,scooter,40.000379,-83.021264,,28.14,True,False,False,0
Veo,16b1beec-6c8d-5dce-a17e-a9d5e5308dcf,bicycle,40.008705,-83.015179,,15.89,True,False,False,0
Veo,11b2a2ff-c8c3-5f82-be93-680067af4ee8,bicycle,40.012215,-82.970492,,28.14,True,False,False,0
Veo,7f5ee398-abc9-5773-8378-2dac2f2b426a,scooter,39.950304,-82.99925,,12.63,True,False,False,0
Veo,9ece1d09-d6ee-56ab-ac1f-42728acc6b96,bicycle,39.941962,-82.994978,,11.59,True,False,False,0
Veo,b8095e64-0f79-5f3b-8618-f8b42264da30,bicycle,39.954377,-82.938453,,25.12,True,False,False,0
Veo,9cba0684-82ad-572f-b1ea-991c61ab483d,bicycle,39.941164,-83.118683,,2.55,True,False,False,0
Veo,e3a1fc6f-9a0f-55e2-9b3c-f7ee70dc5738,scooter,39.956709,-82.977208,,21.15,True,False,False,0
Veo,a202e515-4525-597a-a9ad-b26b80a382c3,bicycle,39.958523,-82.984246,,25.65,True,False,False,0
Veo,4b21ed7b-d19f-56bd-ab51-162a1b99adfc,bicycle,39.938218,-82.98788,,21.15,True,False,False,0
Veo,d5e74638-3cd1-5a73-af6d-560166541e41,bicycle,39.978736,-83.001894,,27.44,True,False,False,0
Veo,36d55607-b9b0-5aff-b58f-58dd50d136ad,scooter,39.986895,-83.009461,,28.01,True,False,False,0
Veo,6b80b5d1-1743-59dd-a827-645334d3befd,bicycle,40.105845,-83.109319,,20.05,True,False,False,0
Veo,32a3c663-558f-5444-96a8-47daad283b91,bicycle,39.942252,-83.058488,,25.94,True,False,False,0
Veo,8355e3df-1e84-5cd5-9d5d-fd0e13c094e9,scooter,40.105525,-83.066478,,26.78,True,False,False,0
Veo,8d23e8ca-cf6f-50c6-b2a3-fe63468ea8ee,bicycle,39.969048,-83.001197,,21.15,True,False,False,0
Veo,6433059c-3c67-5fcf-90b7-7c7c4eaae29d,bicycle,40.026271,-83.024966,,28.14,True,False,False,0
Veo,cab239fe-6ef4-50d1-993a-c399179538be,bicycle,39.96765,-82.967306,,27.77,True,False,False,0
Veo,e32ba6d8-7693-5355-9465-205878846c39,bicycle,40.100973,-83.109127,,28.14,True,False,False,0
Veo,ff4e25dc-7f55-510d-ac09-f5213b3c80a8,scooter,40.026297,-83.024963,,18.19,True,False,False,0
Veo,40e778ff-d2b7-506f-b24f-87405168cbeb,bicycle,40.013257,-82.988646,,25.74,True,False,False,0
Veo,3057d4fa-09ab-5873-bc85-fd19f83063b7,scooter,39.968215,-83.009184,,27.18,True,False,False,0
Veo,8590cd04-4451-514e-89bf-b479e290c45d,bicycle,39.881877,-83.000434,,13.86,True,False,False,0
Veo,d767f761-c9d9-5b43-bb6b-8732374ae894,bicycle,39.956738,-82.988442,,27.02,True,False,False,0
Veo,a5416190-91ff-5703-bbc8-0cdf52606878,bicycle,39.954341,-82.967166,,25.34,True,False,False,0
Veo,4ac35698-db89-53a4-ae17-48d210b641ae,bicycle,39.971648,-83.004798,,20.37,True,False,False,0
Veo,58f2b1cf-0ff6-5904-96ea-8e4d3971ea01,bicycle,40.022915,-82.965599,,11.34,True,False,False,0
Veo,d7d43253-fed4-5af1-bf1e-743f5c3cbf5f,bicycle,39.972793,-82.975115,,18.19,True,False,False,0
Veo,6692054d-501e-56a8-9f86-4a980b302779,bicycle,39.997794,-82.998461,,19.78,True,False,False,0
Veo,eb068bab-f14c-5fc8-890a-6aab165fdcb0,bicycle,39.915218,-83.020777,,22.39,True,False,False,0
Veo,7b905919-a2ef-54b2-afc9-f754648cfca3,bicycle,39.997048,-82.973774,,28.14,True,False,False,0
Veo,afa4c12f-2e67-5ba6-9045-0c8784b00339,bicycle,40.003743,-83.043223,,22.39,True,False,False,0
Veo,42bdd37a-22f0-5281-bf37-652a263c7bbb,bicycle,39.967329,-82.981608,,14.43,True,False,False,0
Veo,a7ee6da9-0c8a-56cd-91b6-e59d2e852b63,bicycle,39.993809,-83.014198,,10.79,True,False,False,0
Veo,30adbf3d-f868-5628-80e6-6b0545a796b0,bicycle,39.99544,-82.980643,,24.06,True,False,False,0
Veo,169679be-e33d-5235-9334-169417d0440a,scooter,40.012481,-83.026507,,11.59,True,False,False,0
Veo,c8d72170-bd4b-583a-a71e-22e0b52a29bb,scooter,39.970659,-83.002281,,24.33,True,False,False,0
Veo,bfd8e28b-bbf3-50e4-a755-2bed2e13a067,scooter,40.003834,-83.013004,,24.33,True,False,False,0
Veo,8230c311-deec-50ee-be2d-20e4583eea2d,scooter,39.993140000000004,-82.98224333333334,,28.14,False,False,True,0
Veo,fa48f6e6-f2ec-5794-8c06-ebf680d8800c,scooter,39.963019,-83.004262,,13.39,True,False,False,0
Veo,9cdcd549-fa8d-53cb-9b81-9315ffbd21ca,scooter,39.941959,-82.99497,,28.01,True,False,False,0
Veo,b401d7a6-8e38-55af-81ef-47e1bee54aa8,scooter,39.967875,-83.008649,,26.25,True,False,False,0
Veo,f9b5c636-4a49-5961-bb53-cbbdf3193560,scooter,39.972191,-83.039894,,25.34,True,False,False,0
Veo,72fd1cb6-9dc1-533a-91e3-292ec1941b8a,scooter,39.8822,-82.998308,,28.14,True,False,False,0
Veo,199b6974-a401-551e-ab7e-3bc1f628b0ce,scooter,40.005992,-83.021209,,28.14,True,False,False,0
Veo,c84855b2-2229-56f4-9c91-3967bb8a2c28,scooter,39.998716,-83.019026,,11.83,True,False,False,0
Veo,912fd863-b1cf-5794-8967-8464448f3c58,scooter,40.000157,-82.998824,,14.61,True,False,False,0
Veo,a0817bcf-2ea0-5b1d-aef6-2adea7bc9526,scooter,39.993544,-82.981143,,14.61,True,False,False,0
Veo,b93d7a9a-b6c2-50e7-8ae4-fb742c0047c6,scooter,39.995716,-83.004955,,24.33,True,False,False,0
Veo,c1c437d6-4032-5809-a51e-0658d1e843ea,scooter,39.995616,-83.011515,,16.39,True,False,False,0
Veo,45d44d3c-dfda-5030-bb78-c07d95c8fd5f,scooter,39.958374,-83.013611,,25.94,True,False,False,0
Veo,b9762da1-23a0-5e61-9a0e-dad6a60ebba8,scooter,39.946676,-82.916503,,25.74,True,False,False,0
Veo,a3eb4538-04fb-59b0-a12a-630935169760,scooter,39.960149,-82.980068,,26.78,True,False,False,0
Veo,8fce13e7-f909-541e-8da9-c681b0d589c7,scooter,39.990134,-83.004665,,28.14,True,False,False,0
Veo,59886056-ae1b-59b8-925a-b924d40fdad3,scooter,39.964803,-82.981309,,25.94,True,False,False,0
Veo,648b7ede-c675-56e4-859b-36af41f0353a,scooter,39.99538,-83.03093,,28.14,True,False,False,0
Veo,f92e8673-b747-5e81-875c-793083be8219,scooter,39.972089,-83.002631,,27.02,True,False,False,0
Veo,ce462f40-3ca0-56c7-b415-3be83450ee70,scooter,39.96776,-83.012591,,28.14,True,False,False,0
Veo,6c09eea5-0522-5de3-9a67-e6ab64ce797c,scooter,39.960152,-82.957973,,13.64,True,False,False,0
Veo,2bda287e-24ed-5987-9d15-5d6323793ebb,scooter,39.955873,-83.003212,,28.14,True,False,False,0
Veo,30503bcb-0bb5-5cc4-8e72-f162033fab03,scooter,39.96475,-83.002089,,28.14,True,False,False,0
Veo,5c428f73-600d-5f64-b69a-25a1134db067,scooter,39.973754,-83.002856,,28.14,True,False,False,0
Veo,f8a9fac9-cf66-530b-bb6a-0d304933720b,scooter,40.018078,-82.969479,,16.39,True,False,False,0
Veo,24202738-b398-5b0c-8453-f97c61d8dcfe,scooter,39.988227,-83.015253,,6.07,True,False,False,0
Veo,2f777b5b-a8be-56f8-b71d-0db872b939c3,scooter,40.006055,-83.012061,,12.63,True,False,False,0
Veo,b81e7444-e0a6-5275-87ff-6a9b06f36ae5,scooter,39.961505,-82.993981,,28.14,True,False,False,0
Veo,fc4a50d3-6233-5b0d-8234-24d7777c9369,scooter,39.995191,-83.004814,,18.19,True,False,False,0
Veo,1980a235-1ae4-5e33-b155-94205ca23279,scooter,39.964893,-83.002551,,19.05,True,False,False,0
Veo,21416aa1-c9cb-5d37-99c8-6ee6896c1549,scooter,39.996511,-83.0155,,28.14,True,False,False,0
Veo,be88c61f-2467-5b34-b942-53e15ef0ecd8,scooter,39.969355,-83.018376,,19.05,True,False,False,0
Veo,4ac22911-1c8c-5f9d-a5d8-04116df826e5,scooter,39.977211,-83.004636,,15.18,True,False,False,0
Veo,e4f2ae07-6a23-57c9-924b-f0de5279e5ee,scooter,40.101089,-83.108814,,26.78,True,False,False,0
Veo,433609a3-fc85-5648-bd1b-ef005f932018,scooter,39.986793,-82.998398,,27.77,True,False,False,0
Veo,3ee62c14-1fd8-526a-a4ef-7bd66312c8d5,scooter,40.05007,-83.030181,,15.89,True,False,False,0
Veo,3283b6e0-da2f-5a74-a732-c3d5a2fe5bda,scooter,40.008004,-83.000516,,26.51,True,False,False,0
Veo,538b70dc-ab19-5303-b741-4fda72e186a5,scooter,39.984218,-83.022458,,5.44,True,False,False,0
Veo,ae68a023-f588-5bc9-97ec-db624fdde7f1,scooter,39.968564,-83.004647,,26.78,True,False,False,0
Veo,eb01a16f-10df-50c3-a6a9-87419d2360dc,scooter,39.963755,-83.000818,,26.78,True,False,False,0
Veo,ef5a956d-f6d6-5d61-bc90-118c2f2bf247,scooter,39.967883,-83.012623,,24.06,True,False,False,0
Veo,3f2171a5-7cad-5392-9975-bd168f296db6,scooter,39.962308,-82.960208,,28.14,True,False,False,0
Veo,52541f9f-90f4-5aa6-9710-ae65930aede0,scooter,39.968774,-83.003341,,6.98,True,False,False,0
Veo,e0dd64f6-bfbd-54a6-a66d-9617bd29508a,scooter,39.930506,-82.979094,,25.74,True,False,False,0
Veo,7d889ff4-9d2f-51f4-8ac6-66b8d19e95b5,scooter,39.957321,-82.990068,,28.01,True,False,False,0
Veo,2464765b-e4ad-5773-a3f4-7c24f7dc0742,scooter,39.960188,-82.95801,,14.86,True,False,False,0
Veo,51087697-034c-51eb-85a2-951345f7648f,scooter,39.949386,-82.982115,,8.43,True,False,False,0
Veo,018c7a27-5f89-5495-9450-e1dec6c9a4e4,scooter,39.965782,-83.01013,,28.14,True,False,False,0
Veo,ef9f7197-187a-50b8-9d4d-8471f1247fe4,scooter,40.001484,-82.966816,,27.77,True,False,False,0
Veo,a1d641d5-e380-55c8-8fa5-8d0fa072198d,scooter,39.958549,-83.002661,,25.65,True,False,False,0
Veo,8d39ce3f-d7b3-5cf3-84bb-ab4fe53f283a,scooter,39.962899,-83.002506,,14.86,True,False,False,0
Veo,31dcc0ca-b4bb-5de1-b5a0-60aa233d18dc,scooter,39.942279,-82.985179,,25.74,True,False,False,0
Veo,809a43cc-6a9a-5417-9497-22740fcfc983,scooter,40.004954,-83.008896,,14.61,True,False,False,0
Veo,0ebed966-0b37-5944-86ad-164f9af94118,scooter,39.975255,-83.014681,,4.19,True,False,False,0
Veo,704f8d15-16c9-5bcf-ab09-cbedc9a654e6,scooter,39.998442,-83.018852,,15.45,True,False,False,0
Veo,7240cb8f-debf-5d08-a473-934b24e63b41,scooter,40.007158,-83.019641,,27.02,True,False,False,0
Veo,3966a616-9d21-52db-afe6-a1ead577dfcf,scooter,40.041203,-83.018378,,6.67,True,False,False,0
Veo,25bc36f7-1c01-5383-91ce-e37f5a2bedd6,scooter,39.99183,-83.012425,,14.61,True,False,False,0
Veo,12859df8-8fb8-5375-87ba-adf10b4dd666,scooter,39.963222,-82.981329,,24.84,True,False,False,0
Veo,05385ba8-bb88-51dc-b66a-56dee87087d1,scooter,40.031698,-82.991523,,25.65,True,False,False,0
Veo,e76ca7e9-4c72-5f9f-bad8-68716e10506e,scooter,39.972142,-83.002593,,27.44,True,False,False,0
Veo,5e6dd27f-1fb9-5bb2-8ebe-2f79527842dd,scooter,40.005942,-83.009225,,11.83,True,False,False,0
Veo,07124c65-a160-50b0-a0da-55f184cda5b4,scooter,39.980853,-83.005476,,28.14,True,False,False,0
Veo,6095434f-8bc8-5f78-bbf5-64043b55c8d5,scooter,39.945943,-82.989858,,25.65,True,False,False,0
Veo,c85565ae-8399-5c94-aaad-50bde7c81949,scooter,39.964646,-82.998583,,12.87,True,False,False,0
Veo,522bd105-6e9d-5caf-bdf5-1a24bc52475a,scooter,40.036244,-83.025671,,17.37,True,False,False,0
Veo,61d4fef3-51df-5894-b09d-00f6af969731,scooter,39.969893,-83.003875,,22.7,True,False,False,0
Veo,13c877e5-93d2-56d5-9360-d4befc424424,scooter,40.014675,-83.000215,,13.86,True,False,False,0
Veo,c31bebc2-b159-5d6c-ad2d-2e6964d728cd,scooter,39.964613,-82.999684,,28.14,True,False,False,0
Veo,a5e50395-acd8-5d94-8b2b-9749b675445c,scooter,39.987003,-83.018965,,21.77,True,False,False,0
Veo,63d327ee-f160-5c67-b8e1-e9dfca924ac8,scooter,39.97056,-83.002132,,27.44,True,False,False,0
Veo,89aef236-9b70-513a-879a-cb059cd3443c,scooter,39.960472,-83.002899,,28.14,True,False,False,0
Veo,a2adb7f4-5f7c-5c03-b00f-2c292585087c,scooter,39.964227,-83.001137,,15.45,True,False,False,0
Veo,fa6118e0-7c41-53d3-b2df-6c2494ce6b6c,scooter,39.964535,-83.005405,,28.14,True,False,False,0
Veo,4c020845-f91a-514f-93d8-5eafce7915f0,scooter,39.963699,-82.997945,,23.33,True,False,False,0
Veo,4e18b02d-0765-579b-adf0-a18e5acb060b,scooter,40.103866,-83.108966,,26.25,True,False,False,0
Veo,9c507afe-3696-575d-93cf-a29df73bd268,scooter,39.96419,-82.96463,,26.78,True,False,False,0
Veo,91394a5d-dec9-5bb6-a19b-cb4322be252f,scooter,39.969169,-83.001016,,28.14,True,False,False,0
Veo,a296b296-f30f-501e-b85a-24722d99363c,scooter,39.999358,-83.022535,,28.14,True,False,False,0
Veo,eb86614f-cbc9-5113-aeb4-13262ff5e369,bicycle,40.001774,-83.016372,,20.05,True,False,False,0
Veo,b8c08517-1e7a-5b41-889b-af932d0fba1e,bicycle,39.992128,-83.007364,,3.48,True,False,False,0
Veo,2912e1ae-e2f8-538f-895d-e5136ee3ca0e,bicycle,40.005719,-82.913081,,28.14,True,False,False,0
Veo,ee1748de-9461-5836-916b-140c5597e694,bicycle,39.978691,-83.002336,,28.14,True,False,False,0
Veo,3d86656a-ea54-5f68-b941-0737aff99880,bicycle,39.950103,-83.000213,,28.14,True,False,False,0
Veo,4e604f3e-f381-50ae-93e2-4511083890d4,bicycle,39.977114,-82.969456,,28.14,True,False,False,0
Veo,3a98f800-77af-5f70-9b59-12cd0902ed54,bicycle,40.005399,-82.97405,,28.14,True,False,False,0
Veo,7b4799d2-5104-5658-8939-42f3f56baf67,bicycle,39.994211,-83.009068,,12.52,True,False,False,0
Veo,10bd3540-e690-5b4d-96e7-dddffebc22e1,bicycle,39.967795,-82.991991,,28.14,True,False,False,0
Veo,4021f560-66af-561f-9239-436e17dcbd7e,bicycle,39.999863,-83.021495,,22.7,True,False,False,0
Veo,11427934-c951-5ad4-a2a7-18fde54d9db9,bicycle,40.019105,-82.973405,,21.77,True,False,False,0
Veo,420ec5c4-3caa-5913-9c49-6698825ccb7c,bicycle,39.955968,-82.94537,,0.33,True,False,False,0
Veo,d527754d-84da-53a5-b1f8-18a6b682e791,bicycle,40.001947,-83.001195,,28.14,True,False,False,0
Veo,d8a35d3c-e682-5329-a28a-e9fc36e9581c,bicycle,39.955935,-82.945281,,0.33,True,False,False,0
Veo,79979cfb-794d-5a3c-b316-5adb9ea5b92f,bicycle,39.94893,-82.997911,,17.37,True,False,False,0
Veo,2453ea98-687c-5b33-88c1-0589633db9cf,bicycle,39.980617,-82.998118,,28.14,True,False,False,0
Veo,457d5a5b-1fb2-595a-8098-79fe9663230e,bicycle,39.969088,-83.00101,,7.29,True,False,False,0
Veo,ff073a98-4ef3-524b-9d52-482fec4b0a98,bicycle,39.978234,-83.02312,,24.33,True,False,False,0
Veo,36f0b621-87c6-5c4b-9ba9-adbb7ccffa72,bicycle,39.993981,-82.983366,,28.14,True,False,False,0
Veo,ec2a7691-ddbf-55e4-a44a-d3513b0fe9c1,bicycle,39.946591,-82.906673,,24.33,True,False,False,0
Veo,f76af0ec-df83-5f62-ab41-a6c5fcfd8d1d,bicycle,39.933251,-82.996352,,14.86,True,False,False,0
Veo,47b44271-80f9-5640-8a45-23aa117efa13,bicycle,40.032969,-83.000478,,12.63,True,False,False,0
Veo,2302a93a-58e8-5d2c-81fa-59a1a117ca3c,bicycle,39.928534,-83.07207,,28.14,True,False,False,0
Veo,31f8cc58-a5a2-51b0-834d-dff5eabadb3b,bicycle,40.068108,-83.02891,,14.86,True,False,False,0
Veo,3d9d29f7-3720-5b20-a20a-5b5a6203db5c,bicycle,39.97301,-83.004716,,2.09,True,False,False,0
Veo,8f98b1e4-7d9d-5355-916e-96d27b9310e2,bicycle,39.966441,-82.971465,,21.49,True,False,False,0
Veo,c4e6652b-1481-56a9-bbcd-38b8f710f431,bicycle,39.956029,-82.951439,,28.14,True,False,False,0
Veo,f8657b92-a89c-595a-a45e-8fe7b7cf3fe7,bicycle,39.953385,-83.025303,,25.12,True,False,False,0
Veo,fc416d85-679b-5f65-a39c-d8d99d318a76,bicycle,39.994079,-83.007063,,15.18,True,False,False,0
Veo,e3677f97-a346-55f8-bb98-d016bb54a820,bicycle,39.931211,-82.949271,,19.78,True,False,False,0
Veo,bdd265ea-3795-5f87-9e83-daf50bc4265a,bicycle,39.966521,-83.002401,,13.86,True,False,False,0
Veo,44945099-5a0f-52bf-b38c-2934a02b8393,bicycle,40.013755,-82.99739,,21.77,True,False,False,0
Veo,31a41424-33f1-5547-898d-f6e7a9b8e091,bicycle,39.998884,-83.008317,,17.37,True,False,False,0
Veo,4d56fbc1-5c2d-55a1-a7b4-ffa2ac6cd942,bicycle,39.963104,-83.004311,,25.94,True,False,False,0
Veo,a13e4539-1125-52c7-acbe-881b7c637097,bicycle,39.97133,-82.960934,,1.83,True,False,False,0
Veo,b8ff2fe2-b57a-5218-be08-6a740537f559,bicycle,39.972975,-82.988905,,6.31,True,False,False,0
Veo,fba46fb6-4972-5e97-bee8-a8e3404ad3d0,bicycle,39.961244,-83.000384,,11.11,True,False,False,0
Veo,2ee2054a-251d-5c42-888e-dff9181ef06f,bicycle,39.970785,-83.00207,,19.78,True,False,False,0
Veo,45c99f60-4f5f-5383-be3d-05dcb6fc3ed4,bicycle,39.981211,-83.02029,,9.97,True,False,False,0
Veo,03d6fe55-3733-513c-847f-ef03144148a4,bicycle,39.97162,-83.003323,,14.86,True,False,False,0
Veo,7ea75896-4873-55db-84f7-0d8459bf27a6,bicycle,39.988714,-83.005746,,28.14,True,False,False,0
Veo,7fa5c9da-c52b-5a13-ae16-67db504fdcf8,bicycle,39.993829,-82.983315,,16.84,True,False,False,0
Veo,98410ff8-deca-5195-95a0-f110022e4d71,bicycle,39.95582,-83.003161,,5.03,True,False,False,0
Veo,588b097d-6f84-5319-85ac-51015c357a7d,bicycle,39.953273,-82.992557,,27.77,True,False,False,0
Veo,587013e5-4690-5312-b925-9f81d38525b5,bicycle,39.936,-82.984081,,20.05,True,False,False,0
Veo,4c8eadf4-b689-59f0-bd91-657ff288f8a7,bicycle,39.957028,-83.094626,,0.33,True,False,False,0
Veo,ec7bf3a0-20aa-5ede-a64d-f840d6da659c,bicycle,39.989946,-82.984902,,28.14,True,False,False,0
Veo,7eb463f1-1f8d-53c2-8380-ce4e0d80ef23,bicycle,40.042801,-83.018762,,12.07,True,False,False,0
Veo,2ef13fef-33b2-5327-8763-5dbe147812f6,bicycle,39.991539,-83.009086,,22.7,True,False,False,0
Veo,8bcc985b-0add-5d4d-bc3f-b0464eb1ece2,bicycle,39.962163,-83.004175,,28.14,True,False,False,0
Veo,0643f894-e64e-59cb-94ff-ac1650e3cac6,bicycle,39.925719,-82.936003,,15.45,True,False,False,0
Veo,01db5f38-08f8-58bc-a2e4-ec857d94acf5,bicycle,40.002896,-83.020266,,27.44,True,False,False,0
Veo,a47227d8-7e6c-5318-8e43-82dcda160649,bicycle,39.996315,-82.975553,,15.18,True,False,False,0
Veo,89bd6125-e285-5ff0-8f5e-6b3642b5cbc8,bicycle,39.982431,-83.085657,,26.51,True,False,False,0
Veo,e9a1eeb4-a3f4-5ccf-b663-d3e0d5c85557,bicycle,39.978792,-83.004534,,20.37,True,False,False,0
Veo,10299593-f7ab-573b-b982-b4609d81afe9,bicycle,39.972332,-83.004672,,25.65,True,False,False,0
Veo,b76921e2-aef1-5095-adfe-bb439356ef2a,bicycle,39.943466,-82.996191,,14.43,True,False,False,0
Veo,14eb1667-f852-5111-9d1c-10112b5fb62c,bicycle,39.955885,-83.003167,,17.37,True,False,False,0
Veo,40cabae8-f73f-5d8e-8bff-62c53a412b00,bicycle,39.892744,-82.988913,,13.86,True,False,False,0
Veo,48881e15-df39-587a-a874-c590cfd5facd,bicycle,39.999227,-82.988436,,24.33,True,False,False,0
Veo,85cb1bf3-8bf2-55d1-8742-3dd0dcb00b62,bicycle,39.958084,-82.945583,,26.78,True,False,False,0
Veo,1f83c7fd-233c-56c6-b57b-1d88c93a5d12,bicycle,39.977696,-82.99879,,25.34,True,False,False,0
Veo,87488816-cafb-5951-b72d-724a3623cfb5,bicycle,39.987066,-83.007363,,28.14,True,False,False,0
Veo,24ddac02-366a-5786-a79a-d00e5e447ffe,bicycle,39.973768,-82.964185,,14.43,True,False,False,0
Veo,1d532837-e8aa-5cc6-88b4-97f5d5fb1a35,bicycle,39.990243,-83.005951,,28.14,True,False,False,0
Veo,b231a7a8-94a8-53eb-a83c-94e5a5faa96c,bicycle,39.993825,-83.007515,,27.44,True,False,False,0
Veo,83d450be-cd34-5ed4-a2cb-8588ce54924f,bicycle,39.965787,-83.006703,,12.52,True,False,False,0
Veo,7e474d56-8fbb-5dd9-9bfc-48687f4e5f59,bicycle,40.01115,-82.981624,,28.14,True,False,False,0
Veo,f1cb65e0-abcf-55c7-b37f-dd3659bcd7c2,bicycle,40.098563,-83.113907,,28.14,True,False,False,0
Veo,008ec623-f336-50fa-b750-9add5bcad4da,bicycle,39.962136,-82.954827,,28.14,True,False,False,0
Veo,8b4a5948-7d8b-5f64-b7e0-fcef18c26555,bicycle,39.99004,-82.983952,,17.37,True,False,False,0
Veo,d53f6a38-cc28-569c-a7a6-094bb83faa71,bicycle,40.040831,-82.944296,,1.56,True,False,False,0
Veo,6cabb411-cfff-53ff-af50-1cd0726a60fa,bicycle,40.00516,-83.011685,,26.25,True,False,False,0
Veo,9700a9d1-e99b-5d6f-bee2-6bc1928c5c8c,bicycle,39.931277,-82.991469,,2.55,True,False,False,0
Veo,f7d50acc-d267-50db-b2c1-af97fd167d64,bicycle,39.952581,-82.981626,,28.14,True,False,False,0
Veo,9b031343-7fd9-5736-a886-f93e68ee5a90,bicycle,39.996782,-83.008174,,15.89,True,False,False,0
Veo,22fcc0ed-f618-533d-a425-9c8adda50457,bicycle,39.989175,-83.005967,,9.65,True,False,False,0
Veo,700234df-1011-59ac-9ebc-b2572080b816,bicycle,40.000433,-82.974572,,25.74,True,False,False,0
Veo,9eb5b473-228c-55d8-8e2d-4c90d5803f69,bicycle,39.982194,-82.963141,,17.89,True,False,False,0
Veo,76207812-6f27-5621-9a4a-a4eac29e3e67,bicycle,39.967204,-83.009642,,13.64,True,False,False,0
Veo,1f2c790e-1b7b-5d43-a75d-e36267b822fe,bicycle,39.999667,-82.965504,,6.31,True,False,False,0
Veo,0c5eacc7-7174-556d-81e5-a0ffc6faa0c1,bicycle,40.0231,-83.03116,,6.67,True,False,False,0
Veo,9b02478d-393c-5956-8e3c-1f41a4ffa976,bicycle,40.023020596381116,-83.08552829639605,,21.49,True,False,False,0
Veo,c678a740-de34-5f92-ba9f-bcaac9ae08dc,bicycle,39.943793,-82.98336,,25.65,True,False,False,0
Veo,8298611a-6eeb-5d6b-aca3-aa9a77924eb3,bicycle,39.977031,-82.99842,,28.14,True,False,False,0
Veo,b41cbf53-931a-5bb6-b4d4-d6150ddf8a87,scooter,39.964352,-82.996891,,27.77,True,False,False,0
Veo,265502ea-5f70-5fa8-9699-fa560343dd4b,bicycle,39.95602728333324,-82.94522057287395,,0.0,True,False,False,0
Veo,c07f0042-9177-58f0-9482-224a50f15cb0,bicycle,39.986363,-82.980382,,8.78,True,False,False,0
Veo,299e68a9-532f-54ec-9d96-8fe7a09c26cf,bicycle,40.007053,-82.997531,,13.86,True,False,False,0
Veo,a3b334ca-31e8-5ea6-b840-1e0821661d47,bicycle,39.952407,-82.988727,,6.31,True,False,False,0
Veo,35d50964-1fc8-5440-85d2-d6acbff88fe1,bicycle,39.965423,-82.911638,,25.94,True,False,False,0
Veo,a8bb0f99-1059-55e3-999c-ebe68ecf6ab8,scooter,39.967325,-83.017634,,25.94,True,False,False,0
Veo,7f5ff459-d203-5efc-8289-f14ff9f7cb00,bicycle,40.007006,-82.997518,,8.78,True,False,False,0
Veo,ee8bc013-9a50-5387-ad06-2bfa35fcd5d9,bicycle,39.962366,-82.960195,,28.14,True,False,False,0
Veo,c6c20e08-f8e5-5e96-8982-d202e19b0f49,bicycle,39.98607,-82.9201,,11.34,True,False,False,0
Veo,986f0672-e710-5d32-b301-642136f20c64,bicycle,39.956332,-82.905327,,0.85,True,False,False,0
Veo,63b8543e-e07a-5be9-afe8-79dd9a7b22b9,scooter,39.960668,-83.0126,,15.18,True,False,False,0
Veo,601d3f6b-8e4c-5fa4-a0d5-015cb6b0f773,bicycle,39.972891,-83.002816,,28.14,True,False,False,0
Veo,30469d74-37a2-58c2-8e23-c93f0debba77,bicycle,39.959123,-83.001732,,22.7,True,False,False,0
Veo,8958f842-0549-5ee7-a5a9-54fd992ee1c0,bicycle,39.946453,-82.958584,,28.14,True,False,False,0
Veo,4fdd9e1a-f1fc-5820-8127-f68048504313,scooter,39.963044,-83.004284,,22.39,True,False,False,0
Veo,70cf8579-c29a-59f8-b1c2-fe349c5bd4ab,bicycle,39.956702,-82.99556,,9.97,True,False,False,0
Veo,7abea3b0-5377-561b-8d50-dbb8c78fe457,bicycle,39.963126,-82.981026,,26.25,True,False,False,0
Veo,495426c5-abc1-5e45-ac8f-72672e674f55,bicycle,40.039301,-82.994265,,19.39,True,False,False,0
Veo,832218a8-a53e-530c-819f-e5b8212d93fc,bicycle,39.998536,-82.999794,,28.14,True,False,False,0
Veo,54c192ce-99ce-5e3d-be8e-6f8f4d1c395d,bicycle,39.962167,-82.962148,,25.12,True,False,False,0
Veo,431e478f-88f1-502e-85d4-e5d5898f7e6a,bicycle,39.959047,-82.975343,,14.17,True,False,False,0
Veo,6777675b-d022-57e2-9d75-a4e66d2cb0af,bicycle,39.954718,-83.001194,,20.78,True,False,False,0
Veo,97fa5219-58f4-5ed9-a3f8-4176b312e036,bicycle,39.994145,-83.010948,,24.33,True,False,False,0
Veo,5d7b16e4-eb16-51f0-a5fe-146e248d09f3,bicycle,39.946663,-83.010338,,25.74,True,False,False,0
Veo,4e791e8c-acee-5b4b-ac6a-7dcfa181214e,bicycle,39.955879,-83.003186,,26.78,True,False,False,0
Veo,f2fe2f88-8c38-5aed-8fb1-bea9cf22c260,bicycle,39.980878,-83.003594,,17.37,True,False,False,0
Veo,8d69d939-0827-5727-86b3-6c65f1427b0e,bicycle,40.015345,-82.982891,,9.65,True,False,False,0
Veo,b0fa0ca2-fbe3-552f-bf3c-3a496977b959,bicycle,40.001956,-83.001149,,28.14,True,False,False,0
Veo,f0db2dc1-9852-5a46-9c46-acdafcb301a4,bicycle,40.01726,-83.001516,,17.37,True,False,False,0
Veo,fdcc9151-67d4-5f53-8b74-b7dddfd8531b,bicycle,39.946571,-83.000323,,28.14,True,False,False,0
Veo,3301b560-78a4-5b5c-ad31-a11d95bb9cff,bicycle,39.978856,-83.004117,,28.14,True,False,False,0
Veo,530bd96f-0bd2-5328-83bb-8c248f77f2ce,scooter,39.970622,-83.002312,,27.77,True,False,False,0
Veo,c6137b16-d58e-5723-90a6-239ea6a917ec,scooter,40.004884,-83.019561,,20.05,True,False,False,0
Veo,594ee4cc-c07e-593c-9f86-e5bc39384fb6,scooter,39.998009,-83.009567,,18.19,True,False,False,0
Veo,9e87cd0e-c88e-5354-b7e1-fd18a2a47d7b,scooter,39.972524,-83.004502,,24.84,True,False,False,0
Veo,7fcb26cc-7b4d-54b6-9bfd-0bad68232fb0,scooter,40.001741,-83.006306,,28.14,True,False,False,0
Veo,4a7a15c1-69b0-5262-9f7d-34305203b60f,scooter,39.956352,-82.875921,,11.34,True,False,False,0
Veo,69b9029a-4d5a-555c-bdb2-edf63f9db7bf,scooter,39.985516,-82.997195,,9.65,True,False,False,0
Veo,b02871e4-c35d-5402-bab2-8426943e6e4d,scooter,39.94545,-83.056831,,28.14,True,False,False,0
Veo,c72dc2dd-5239-5998-a19e-56c7b1e025d0,scooter,39.978227,-83.007507,,14.43,True,False,False,0
Veo,d902c674-192f-52cd-be0f-f486ffd952bc,scooter,40.053455,-83.016629,,15.89,True,False,False,0
Veo,e6389217-6332-5b99-ac37-9f5e4e09a47d,scooter,39.966054,-83.061539,,28.14,True,False,False,0
Veo,c8b3da30-8721-5c7e-ae76-f7b7c9518b3c,scooter,39.994065,-83.006897,,21.15,True,False,False,0
Veo,1230816f-5ee3-5dd1-ae6c-95ad44632843,scooter,40.005432,-83.017853,,8.78,True,False,False,0
Veo,9dd05fcd-45a0-5dc9-92ad-b5f153a86bce,scooter,40.100959,-83.109077,,14.43,True,False,False,0
Veo,42fee809-b22a-5490-9592-f0f5bceeb8aa,scooter,39.99176,-83.013869,,28.14,True,False,False,0
Veo,8477c091-fcf9-54a4-a195-0dd905fad1b8,scooter,40.002384,-83.017367,,27.77,True,False,False,0
Veo,c6fa7999-b68c-54de-a9f6-fbec59cfb741,scooter,40.005127,-83.013713,,12.28,True,False,False,0
Veo,fbd3bd43-702b-5d0b-8d6a-6c67129f20ea,scooter,39.971878,-82.978105,,27.77,True,False,False,0
Veo,df498d3a-0052-58d4-84bb-302cc8648902,scooter,39.99696,-83.013365,,19.78,True,False,False,0
Veo,6c19ccd5-59e9-597e-9ce3-1085b1158514,scooter,39.998495,-83.021449,,17.89,True,False,False,0
Veo,333ce960-6115-56c0-a640-c391ab802de1,scooter,39.970674,-83.002339,,24.33,True,False,False,0
Veo,e01c14e8-e25c-56bf-bfd9-9e1d866696cf,scooter,39.966077,-83.002808,,27.77,True,False,False,0
Veo,04568ce4-7bfd-59be-a987-2dced28df6f5,scooter,39.958065,-83.006547,,6.98,True,False,False,0
Veo,7a23fdd7-5fd4-5c0a-b608-35488a2c01be,scooter,39.967412,-82.971422,,16.39,True,False,False,0
Veo,758e4243-147b-582e-932b-a2aff153693b,scooter,39.966215,-83.001793,,13.86,True,False,False,0
Veo,9126300f-2d74-564f-bc53-6765c5863c92,scooter,39.996806,-83.009634,,28.14,True,False,False,0
Veo,d7ab6abf-7dfd-5395-b41b-4a3fe9ca35ba,scooter,39.988506,-83.000782,,26.25,True,False,False,0
Veo,adeb79f8-2167-5bed-b4a6-54e00b7b4424,scooter,39.968247,-83.012598,,13.86,True,False,False,0
Veo,8dfb3b40-b038-59d7-9e3d-e1cd661756bc,scooter,39.956622,-82.995588,,26.25,True,False,False,0
Veo,42c66ed4-130b-5a08-b4a6-d263db76f9f3,scooter,39.993502,-83.014405,,20.37,True,False,False,0
Veo,d40d23d8-728c-5e29-b295-49f82c12275f,scooter,39.950248,-82.996603,,9.02,True,False,False,0
Veo,1bf015f2-270b-541b-80d2-62542111a851,scooter,39.972193,-83.002701,,15.18,True,False,False,0
Veo,773f151b-1efd-51ad-9d02-ecae167b85e1,bicycle,39.966213,-82.996825,,25.94,True,False,False,0
Veo,8c37be6d-0ee6-5629-b803-7f7771e7aeb3,scooter,39.997371,-82.999014,,25.12,True,False,False,0
Veo,a4c80848-b3d5-55b4-8778-b17bedf32337,scooter,39.958691,-83.012926,,14.43,True,False,False,0
Veo,670b4f85-3d27-54e6-bc48-86add15a0e44,scooter,39.950106,-83.000233,,28.14,True,False,False,0
Veo,378d19c9-acd3-5dfe-9071-068c014610d2,scooter,39.977392,-83.006934,,23.77,True,False,False,0
Veo,53d6963f-cdd7-5b90-bca2-11070ce6283f,scooter,39.958578,-83.012871,,19.39,True,False,False,0
Veo,9e57f727-3c68-5bde-9b7b-75e9849c0abc,scooter,39.99353,-82.981166,,28.14,True,False,False,0
Veo,a8bd607b-2a0e-589d-8ad8-2b1770507c1d,scooter,39.986754,-83.072429,,16.39,True,False,False,0
Veo,062413a2-8ded-5243-a9b7-6eeeab340db6,scooter,39.996225,-83.005052,,19.05,True,False,False,0
Veo,1f320a49-4b1b-516d-8fb5-1cbdd7a87cf7,scooter,39.993507,-82.981127,,15.45,True,False,False,0
Veo,8dc14123-055c-50ed-8bbc-e14adad624cc,scooter,39.98941,-83.013378,,8.43,True,False,False,0
Veo,825c210e-2148-57f7-b57c-301b136edf47,scooter,39.953235,-82.992194,,26.25,True,False,False,0
Veo,b2c8d860-ca5b-5795-8373-4b3298fe9584,scooter,39.969009,-83.001063,,22.39,True,False,False,0
Veo,7c7f25bf-94b6-54e5-8a6c-83b779683ba5,scooter,39.970631,-83.002305,,18.67,True,False,False,0
Veo,da050eb7-fc88-592c-9b64-a0e4d4c9a949,scooter,39.968363,-83.001546,,28.01,True,False,False,0
Veo,19363ae8-a3a5-5b81-bab0-bef7abca4d64,scooter,39.962221,-82.966217,,28.14,True,False,False,0
Veo,298d50e8-3af7-5d8e-b9ef-b4ea355df44d,scooter,39.960706,-83.012563,,15.18,True,False,False,0
Veo,d88c7ae7-5ca0-5a04-9a81-d574202db5d0,scooter,39.959778,-83.0131,,24.84,True,False,False,0
Veo,14189ede-42e6-5e4b-bd93-836455189ce6,scooter,40.022852,-82.965324,,5.59,True,False,False,0
Veo,d60f8f97-8844-545a-a3f0-fdcc86f92235,scooter,39.963482,-82.981885,,25.12,True,False,False,0
Veo,2b7f9afe-5f30-56e9-ab20-c67eece44110,bicycle,39.974382,-83.022367,,27.02,True,False,False,0
Veo,b4bcad97-417a-5df8-812e-c384ad748437,bicycle,39.990223,-82.989742,,24.33,True,False,False,0
Veo,2a517169-47c6-591d-a0af-b80546d7fae2,scooter,39.980634,-82.996406,,13.1,True,False,False,0
Veo,4cef2a7f-49a2-5564-ba94-2a14b585312c,bicycle,39.959276,-83.008614,,4.67,True,False,False,0
Veo,23a5125b-55f8-5bb6-bb2f-98c1be348276,bicycle,39.949921,-82.972701,,19.05,True,False,False,0
Veo,7e14687a-ff87-5d1a-87ad-d08d61d8847e,scooter,39.929143,-82.978945,,8.43,True,False,False,0
Veo,1bded45c-44cd-5195-afa9-891babd8645d,scooter,39.941945,-82.994979,,24.06,True,False,False,0
Veo,812c0769-eac9-5dc3-abee-d288cca8ba74,scooter,39.969137,-83.00392,,27.02,True,False,False,0
Veo,3f489190-9411-52f0-a41e-38cfc4d03d77,scooter,40.004426,-83.011545,,24.06,True,False,False,0
Veo,cdec49bd-271c-5c1b-984c-a85ad12e0a8f,scooter,40.003114,-83.01288,,26.51,True,False,False,0
Veo,14555f55-bde9-53fd-867a-1a38cd60cb8d,scooter,39.955607,-83.037264,,17.89,True,False,False,0
Veo,01a14bf5-5fa2-5140-8119-1f294a9c2c69,bicycle,40.103843,-83.108984,,28.14,True,False,False,0
Veo,f0758f20-69d3-5dce-a6e9-8c4ff94ccf9a,bicycle,39.956318,-82.896301,,1.56,True,False,False,0
Veo,7120b680-6204-5142-9510-d5831ab94344,bicycle,40.10262,-83.110184,,20.05,True,False,False,0
Veo,03df954c-4ef6-5a8f-a69f-53a3b5119257,bicycle,39.991249,-83.011596,,28.14,True,False,False,0
Veo,0b4cb0f3-8b25-5ea6-b7d5-edb22d76c44c,bicycle,39.967483,-82.981026,,22.39,True,False,False,0
Veo,dbc5ac40-1b95-5a53-a836-282855034454,bicycle,39.952704,-82.981599,,23.02,True,False,False,0
Veo,a8e5f724-4d2b-58fe-a8d4-63635881e3ca,bicycle,39.9417,-82.996247,,28.14,True,False,False,0
Veo,39417ea0-71c6-58b8-a13a-cfc04a6081ef,bicycle,40.014141,-83.011025,,25.65,True,False,False,0
Veo,ac08d5b7-06da-57ad-be78-272b073dcdc1,bicycle,40.010384,-82.997462,,14.43,True,False,False,0
Veo,93cd0aa8-e35d-5a96-ba8e-0ee2f10ac162,bicycle,39.975725,-82.970956,,28.14,True,False,False,0
Veo,8e35b448-f2d8-56c5-9c4c-3694eed7c2ff,bicycle,40.007869,-82.996542,,28.14,True,False,False,0
Veo,cb725338-7086-5973-bc89-e8746b9988b6,bicycle,39.99626,-82.997153,,28.14,True,False,False,0
Veo,848fc6de-35d8-5b83-952e-02698883b835,bicycle,39.958361,-83.009368,,24.06,True,False,False,0
Veo,185ebb84-c150-5184-8270-c4a43c0651ed,bicycle,39.950735,-82.948632,,10.31,True,False,False,0
Veo,7f552259-39e6-59bd-9f8d-75bca6c64241,bicycle,39.954608,-82.90793,,26.78,True,False,False,0
Veo,e1ac18b1-0a49-59a4-b7c9-d417d63a8e18,bicycle,39.943429,-82.976425,,26.51,True,False,False,0
Veo,a1cbbc34-00ae-51b6-8901-8ed03bfbf86d,bicycle,39.968968,-83.00113,,18.19,True,False,False,0
Veo,a21adb45-4815-5407-8284-e2de100080e2,bicycle,39.967097,-82.99989,,9.65,True,False,False,0
Veo,bec58757-72b0-5359-bc31-f407e81a877e,bicycle,39.92734,-82.970096,,25.65,True,False,False,0
Veo,aeb7ec30-f8e3-5c14-8b21-5d2ec718ab56,bicycle,39.966529,-83.077735,,17.37,True,False,False,0
Veo,b5265015-d4d0-5acf-b2ef-7b537934a465,bicycle,39.964629,-83.005614,,14.43,True,False,False,0
Veo,4b21dfe1-aa56-50d5-b8d8-9fcf06ac509a,bicycle,39.967895,-83.008618,,13.86,True,False,False,0
Veo,e15067cf-1746-5dd6-97b6-e5c1615ace76,bicycle,39.9727,-82.978342,,12.87,True,False,False,0
Veo,2452bfe0-a39d-5df3-9810-856b636060b8,bicycle,39.939646,-82.913162,,15.89,True,False,False,0
Veo,a3b04d85-8b2a-56be-b7f3-e5cbeff8757d,bicycle,39.92605,-82.903941,,25.34,True,False,False,0
Veo,f1de6a02-b653-5c11-a12b-7d76de7ab289,bicycle,40.000751,-82.986413,,11.83,True,False,False,0
Veo,28799ebf-e30d-5eba-880a-b5a8a68dbec9,bicycle,39.957893,-82.996894,,8.78,True,False,False,0
Veo,fe82b548-31dc-5402-ab69-9f439aa960e2,bicycle,40.066136,-82.93218,,19.39,True,False,False,0
Veo,2d819d4f-14da-5fb5-8856-ec834cf9ec0e,bicycle,39.913322,-82.965989,,26.78,True,False,False,0
Veo,bf52e453-a3e9-54b9-9d8f-1ec1996790d3,bicycle,39.974,-82.980818,,28.14,True,False,False,0
Veo,2a92e6e4-fd70-5113-bd26-a884671612aa,bicycle,39.987097,-83.029359,,14.86,True,False,False,0
Veo,364f60ca-3fa8-5153-9550-fb44298530f4,bicycle,39.935061,-82.992835,,9.02,True,False,False,0
Veo,1d1639bc-488a-5563-8fab-ce31f468b94e,scooter,39.951796,-82.980942,,21.77,True,False,False,0
Veo,1f19ef51-a849-5504-9e5b-57a81eb95d61,bicycle,40.004064,-83.015757,,27.44,True,False,False,0
Veo,e17ff511-0d5b-5258-9b6b-d16cf9a4fd56,bicycle,39.999588,-83.026021,,28.14,True,False,False,0
Veo,c64340a2-7df6-5e0f-97eb-19e6487c94c9,bicycle,40.000299,-82.986144,,14.17,False,True,False,0
Veo,2d7a90d8-65c7-5472-a19d-7cbb86860b9f,bicycle,39.999608,-83.02602,,12.63,True,False,False,0
Veo,b0e172f2-37e4-5dad-8bf3-26831a980254,bicycle,39.952503,-82.990965,,17.37,True,False,False,0
Veo,6299e192-fbf5-5f98-8868-d3e604a1c822,bicycle,39.927277,-82.966236,,25.74,True,False,False,0
Veo,ed12b1be-4288-52ce-8fbd-e80a1177eff2,bicycle,39.96263,-82.976976,,14.86,True,False,False,0
Veo,eda3f806-130c-5e8d-850e-e4a8ddaa630b,bicycle,39.942266,-83.058473,,25.65,True,False,False,0
Veo,300799ad-cb2c-58e0-97bb-01d8072acab0,bicycle,40.005091,-83.01183,,14.17,True,False,False,0
Veo,d33d4e37-eefa-5ba4-92e5-95739ce4ae20,bicycle,39.933249,-82.980576,,25.65,True,False,False,0
Veo,4f09fb2e-ad80-5cb2-811e-2e97a5ddafdc,bicycle,39.975709,-83.002342,,26.78,True,False,False,0
Veo,9723ea5c-3e44-55e6-933e-287bfafe9ba3,bicycle,40.005651,-82.97435,,11.83,True,False,False,0
Veo,818bb170-e6c2-5b99-afd8-8d0fb620d4d9,bicycle,39.946079,-83.034058,,25.65,True,False,False,0
Veo,01a0fbdd-105d-5700-9cec-fd884e872bf7,bicycle,39.942763,-82.983052,,6.31,True,False,False,0
Veo,b729448d-8bd3-5fd1-97bb-aba18105895d,bicycle,39.942743,-83.090189,,27.18,True,False,False,0
Veo,6ce5ee53-16ad-57b2-a319-c6158474e81f,bicycle,39.945028,-82.949629,,11.83,True,False,False,0
Veo,f9305510-c078-5147-b2fd-d43a96489c35,bicycle,39.956625,-82.98722,,13.64,True,False,False,0
Veo,fbc34008-b47e-54e2-880c-30cf51bf9d1d,bicycle,39.956011,-82.945333,,13.1,True,False,False,0
Veo,a65577ab-30ac-58e9-8ce9-b2ca985b9939,bicycle,39.97697,-83.025986,,15.89,True,False,False,0
Veo,a55650d4-3b91-593b-a79f-dc57eada195c,bicycle,39.956042,-82.945254,,6.07,True,False,False,0
Veo,0700062f-c859-5618-9c62-d67af7c46255,bicycle,39.998595,-83.001814,,16.39,True,False,False,0
Veo,9ff76842-39d5-56d7-a362-3f33a18981c9,bicycle,39.987683,-83.008295,,12.07,True,False,False,0
Veo,b7b895a1-7cff-5fe6-9bd6-93c919c6e117,bicycle,40.02496,-82.992146,,28.14,True,False,False,0
Veo,22201a2b-15d1-59ec-9f6b-d961c8900311,bicycle,39.964091,-83.022991,,25.74,True,False,False,0
Veo,8fe37f64-08c8-5494-b10b-d64b33d3528a,bicycle,39.922567,-83.034541,,14.61,True,False,False,0
Veo,eda73b81-19cb-5f8f-b0d4-4d2193aa5de8,bicycle,40.00326,-83.009677,,20.05,True,False,False,0
Veo,1f1533f4-b804-5878-8a52-d2cf18a3cd80,bicycle,39.972224,-82.993229,,24.06,True,False,False,0
Veo,a952d438-d511-5429-a194-265a091cd761,bicycle,39.954136,-83.012158,,28.14,True,False,False,0
Veo,4b1ae979-f61f-59e0-9ed8-db8a388b7c1a,bicycle,39.994172,-82.983569,,27.44,True,False,False,0
Veo,d0b4ad10-462b-50f9-9da6-f06df9b2931c,bicycle,40.010646,-82.997486,,23.77,True,False,False,0
Veo,19217ad1-984d-5390-93be-a555f7fc23b6,bicycle,39.94599,-83.034541,,28.14,True,False,False,0
Veo,edc6ca58-4a39-5dbb-bfb1-7c13cb0b59d5,bicycle,39.937007,-82.980869,,10.31,True,False,False,0
Veo,2fa5f09f-f308-5f99-a393-a6d3aec7c0e4,bicycle,39.969121,-83.001121,,28.14,True,False,False,0
Veo,17e502a0-e042-5aa5-9788-26ae91ce1a02,bicycle,39.965756,-83.001246,,26.51,True,False,False,0
Veo,d5db0c37-0d12-55b7-b0ee-1adc0dd8c026,bicycle,40.004607,-83.011321,,22.7,True,False,False,0
Veo,351ee2d9-3f44-55f9-8543-f08ec30b7e3e,bicycle,39.937447,-82.987832,,3.48,True,False,False,0
Veo,194a0dca-2c71-59c9-b1a4-712c67ea2355,bicycle,39.988116,-83.007776,,20.05,True,False,False,0
Veo,b62ccff5-f372-5842-ad56-033777c83a21,bicycle,39.956757,-82.920797,,14.61,True,False,False,0
Veo,9a855cd1-ad24-5e16-bdfa-0c06738efa1a,bicycle,39.93976,-83.068619,,25.34,True,False,False,0
Veo,d64f5fe2-5fbc-5a74-b892-ef1f89333da3,bicycle,39.991959,-83.008213,,13.64,True,False,False,0
Veo,0fa6d0b1-09bd-5be1-bd1d-3b3f69b488c4,bicycle,39.949368,-82.983368,,7.62,True,False,False,0
Veo,eb085956-ae52-5840-a37d-1f127e0919f2,bicycle,39.960558,-83.013059,,21.77,True,False,False,0
Veo,693fd17e-062a-589c-b406-d69990197ace,bicycle,40.038441,-82.994322,,22.7,True,False,False,0
Veo,ea5a1722-e375-58d2-a5b3-25c2acbe6a9a,bicycle,39.930493,-82.977956,,6.07,True,False,False,0
Veo,cadc76d1-863c-562a-8795-345fc13e971c,bicycle,39.970412,-82.874044,,13.64,True,False,False,0
Veo,4a4845bd-e817-52eb-9857-2a4592ea9ff3,bicycle,39.977354,-82.973909,,14.86,True,False,False,0
Veo,423b91cf-b4e2-5d5b-acb8-5c82c7af0e1e,bicycle,39.994355,-82.995259,,25.12,True,False,False,0
Veo,760febab-8fba-5ac9-bbbe-3f892a66d99d,bicycle,39.969279,-83.018414,,28.14,True,False,False,0
Veo,f78840a1-0e88-5b77-bbe3-003f3d9e5958,bicycle,39.963074,-82.979495,,27.44,True,False,False,0
Veo,50261876-56eb-5296-9800-8d2e28ba306f,bicycle,39.965903,-83.001408,,14.86,True,False,False,0
Veo,87522c16-147d-5870-b539-892a58f2ad09,bicycle,39.978724,-83.0023,,25.12,True,False,False,0
Veo,9c13eca6-da69-5ea6-83e7-60592aad7223,bicycle,40.026307,-83.025022,,25.12,True,False,False,0
Veo,a2131f8a-7146-5be3-adc9-b76ab51ed790,bicycle,39.959041,-83.052093,,27.44,True,False,False,0
Veo,696b6563-c228-5a58-893a-7dc44cd0589f,bicycle,40.005191,-83.011748,,22.39,True,False,False,0
Veo,9934dcc7-8bcf-58c6-9fc6-84bae718583c,bicycle,40.038438,-82.995531,,28.14,True,False,False,0
Veo,d57cc946-5759-5988-8634-e3dc0f00021a,bicycle,39.990174,-83.001831,,10.51,True,False,False,0
Veo,fcdc73a0-53bd-5d32-b702-5003db23ddd9,bicycle,39.951753,-82.981127,,24.06,True,False,False,0
Veo,f5d6a200-0027-5b05-bae5-d23c6eb98b64,bicycle,39.969465,-83.007404,,9.29,True,False,False,0
Veo,54f36674-a065-50cd-ad3a-8bbf93159a6e,bicycle,39.964673,-83.005536,,6.67,True,False,False,0
Veo,dcfb6128-653a-5ccd-a2c7-a7c56a86720e,bicycle,39.914937,-82.985387,,15.89,True,False,False,0
Veo,6e507ae2-af21-531b-b696-95fc662b7ade,bicycle,40.008596,-82.977424,,14.43,True,False,False,0
Veo,86395123-6fe1-5db9-aca5-5ee64905929f,bicycle,40.023768,-82.996138,,14.86,True,False,False,0
Veo,e2b9b86e-7794-5eb6-a20d-b0fb0a11e7d3,bicycle,39.965888,-83.001435,,28.14,True,False,False,0
Veo,f47e1e6c-542a-5215-b4b4-2c5379807996,bicycle,39.928132,-83.119163,,28.14,True,False,False,0
Veo,de1576ec-44b0-5d99-b5e7-47ef731cf813,bicycle,39.932851,-82.870461,,14.86,True,False,False,0
Veo,ae851377-8d6e-5e0b-b4a9-f4710a5340ae,bicycle,39.985317,-82.945032,,25.34,True,False,False,0
Veo,021148d6-d408-53ee-ab52-92b7dd590f13,bicycle,40.000755,-82.986381,,9.65,True,False,False,0
Veo,200d73f2-f096-599b-af7b-aa30968299ab,bicycle,40.047247,-82.944404,,14.43,True,False,False,0
Veo,0a28a4dc-5569-583a-84e3-c125c2b5fa55,bicycle,39.992302,-83.003796,,19.05,True,False,False,0
Veo,f77d9cdb-d3cb-53bc-bcc6-3e2f120bab7f,bicycle,40.032027,-82.972804,,19.05,True,False,False,0
Veo,8dedea9a-b70b-5a7d-9c62-56ec2b92078c,bicycle,39.980387,-83.008982,,28.01,True,False,False,0
Veo,334d156f-4ad4-53a0-bad6-7775a033a24f,bicycle,40.030251,-83.027823,,12.52,True,False,False,0
Veo,ef86c5a7-bd66-5d4e-8a70-c5e4157387a7,bicycle,40.102191,-83.110869,,28.14,True,False,False,0
Veo,e272069e-a4f9-50aa-bee0-c0cb9158dabf,bicycle,39.995793,-82.979611,,28.01,True,False,False,0
Veo,44861007-aa25-5e3a-979e-f7c74567c6d6,bicycle,40.000697,-82.98639,,23.02,True,False,False,0
Veo,21584e9c-cab4-5ccc-b023-92d49c7c39bb,bicycle,39.9852,-83.04459,,25.94,True,False,False,0
Veo,c938a95c-a178-5977-b8c3-860edf7b1b43,bicycle,39.968295,-82.977757,,13.64,True,False,False,0
Veo,7849d2ba-20c7-53a5-9c29-64078f1f1a84,bicycle,39.985912,-82.928361,,24.06,True,False,False,0
Veo,6d19f7e5-a14e-5ecc-bc3e-eb0b4f3c759b,bicycle,39.984043,-82.93616,,3.67,True,False,False,0
Veo,c6fe678d-5a73-59ae-916a-e19537bb117f,bicycle,40.109079,-83.015472,,28.14,True,False,False,0
Veo,e2c7367c-d383-568b-88cc-097e5483dd40,bicycle,39.96235,-82.998996,,22.7,True,False,False,0
Veo,80b79861-78dd-59c4-aeae-7ec4838dba8f,bicycle,39.993545,-82.992301,,27.77,True,False,False,0
Veo,1b8f811b-fd1d-5bd6-9564-8a52eb3f8495,bicycle,39.993244,-82.982062,,9.02,True,False,False,0
Veo,0662e000-907b-514c-9078-96cd0b041e97,bicycle,39.966255,-83.01102,,25.74,True,False,False,0
Veo,cf82a9ec-0783-582f-ada7-52e75193b0df,bicycle,39.974759,-82.956277,,23.02,True,False,False,0
Veo,85dc12bf-57f7-5762-b1d6-084187c9c195,bicycle,39.937585,-82.950234,,28.14,True,False,False,0
Veo,c54aecd7-c4a5-52b3-9ca8-6639993c83fd,bicycle,39.992261,-83.014178,,14.43,True,False,False,0
Veo,730f19c1-3350-5dc4-ace3-a2ba0f05c66c,bicycle,39.971753,-83.00352,,11.83,True,False,False,0
Veo,9f4de72f-336a-5663-9889-eabdbd93e316,bicycle,40.041291,-83.017695,,21.15,True,False,False,0
Veo,5712b966-b7d6-5452-b949-b874961080a0,bicycle,40.047051,-83.031771,,28.14,True,False,False,0
Veo,56408c1c-ff08-5015-a12b-09dbb6e39b94,bicycle,40.012918,-83.00681,,27.02,True,False,False,0
Veo,c0077317-2644-56b0-aacd-df286c086692,bicycle,40.003668,-83.013173,,6.07,True,False,False,0
Veo,ffddb109-fb6d-5ae1-838a-91fe7d2851d6,bicycle,40.009931,-82.986151,,27.77,True,False,False,0
Veo,30173e31-7849-5ca4-9a72-81bb3be21303,bicycle,40.004804,-82.955717,,13.86,True,False,False,0
Veo,879ca08b-7968-5074-aceb-6c407e544c11,bicycle,40.066894,-83.019141,,28.14,True,False,False,0
Veo,d3b872f6-6881-5b77-884d-973b540b666c,bicycle,39.928661,-82.980323,,9.02,True,False,False,0
Veo,93bc69c2-740d-5dd1-9b14-47db43ed1fa1,bicycle,39.989241,-83.027063,,28.14,True,False,False,0
Veo,849692e3-76d2-5cf5-a9d0-0f135ffa52b3,bicycle,40.004715,-83.010667,,25.34,True,False,False,0
Veo,83170047-ddbe-59e1-9ce2-b0ce2f72e596,scooter,40.102727,-83.109499,,25.34,True,False,False,0
Veo,e56bc8be-0c32-5178-8eb7-a1b323b59792,bicycle,40.038848,-82.983625,,28.14,True,False,False,0
Veo,0ee0f04d-3a98-5cd6-bf78-cc32c4fe969a,bicycle,39.927688,-82.979168,,14.61,True,False,False,0
Veo,51a8f6bd-caf0-5f89-bda8-5e1ba3617998,bicycle,40.002084,-83.003089,,27.77,True,False,False,0
Veo,ce67bc40-eecf-5962-bcb1-339a3a38e955,bicycle,39.930512,-82.940237,,12.07,True,False,False,0
Veo,26c447ab-b2a7-53d9-b6b0-dd01c1fa0826,bicycle,40.003771,-83.013152,,15.45,True,False,False,0
Veo,e034702e-858e-5d3d-9e1e-6724ff2deeab,scooter,39.987657,-83.008362,,18.19,True,False,False,0
Veo,47274811-90bb-5f4c-8a1d-7a83c3c74c8c,scooter,40.002099,-82.941772,,3.81,True,False,False,0
Veo,00ac5dd5-d6cc-5793-b70e-e7be07fd50ea,scooter,40.112,-82.995907,,5.59,True,False,False,0
Veo,babfe6fc-8ec7-5bcb-88ec-d23c4c437cf8,scooter,39.924364,-83.09035,,28.14,True,False,False,0
Veo,0e53b481-3459-5cde-adf3-7ec16589ca4b,scooter,39.958051,-83.012419,,10.51,True,False,False,0
Veo,b1b6dce5-958b-59a2-b87a-0d186012b35b,scooter,40.054615,-82.954131,,12.52,True,False,False,0
Veo,7450bb26-05e4-5dd8-92c4-cb80c0562fbe,scooter,39.972085,-83.039888,,25.74,True,False,False,0
Veo,bc041e21-9aac-5401-b057-37a159e561f6,scooter,40.090721,-82.988677,,28.14,True,False,False,0
Veo,42de7aaa-4d29-58b7-a32a-9572bb6ab6ca,scooter,39.98034,-83.01023,,16.39,True,False,False,0
Veo,27fd8c89-4119-53c5-afa9-5653cc6d4e07,scooter,39.999982,-82.999294,,13.39,True,False,False,0
Veo,6c89211e-251c-5865-8e45-d67273109023,scooter,39.952334,-82.978749,,28.14,True,False,False,0
Veo,d1e82024-5c57-55f6-aba4-29c865ff2af6,scooter,40.102697,-83.110228,,1.83,True,False,False,0
Veo,e7671369-dcb2-5dc8-91a0-c570898418d1,scooter,39.951125,-83.055871,,22.7,True,False,False,0
Veo,f8565d44-44b2-5dbb-9058-8c1d95eb14dc,scooter,39.889006,-82.996803,,28.14,True,False,False,0
Veo,bf387360-6550-5c07-a058-f87ef37e9014,scooter,39.902938,-83.056832,,20.37,True,False,False,0
Veo,b3d2a542-beca-5501-a391-3dc18acf86a1,scooter,39.97337,-83.004738,,9.65,True,False,False,0
Veo,28a7a38f-7c17-5447-abb8-c5cc2f2de65b,scooter,39.988326,-83.030844,,14.17,True,False,False,0
Veo,e2d0c6e2-2810-5a02-a33d-6a17968d2f90,scooter,40.000456,-83.021423,,8.43,True,False,False,0
Veo,acce5c80-be8b-5a3d-881a-eaa21c055233,scooter,40.018079,-82.946623,,6.98,True,False,False,0
Veo,76575bd1-3a37-596b-b069-aaf91fa454d6,scooter,40.005155,-83.011717,,16.39,True,False,False,0
Veo,9252d712-b4bc-5a6d-8af7-969a5b21b65b,scooter,39.984185,-83.012377,,28.14,True,False,False,0
Veo,c98bb346-6889-57fb-b2a1-87cbd733bca9,scooter,40.042716,-83.022557,,22.7,True,False,False,0
Veo,5afbc1e2-3922-5e3d-ac4a-cabdd3cb2f1e,scooter,39.993457,-83.016226,,11.11,True,False,False,0
Veo,77ef8854-cc09-5a6f-b52d-1a8a23ea6d93,scooter,40.030481,-82.963123,,26.51,True,False,False,0
Veo,4b86ad0a-9373-5724-9e5b-2cdaf1b14470,bicycle,39.974077,-82.953913,,28.14,True,False,False,0
Veo,2afc50da-61ef-56ce-9bcb-8e1c1cc1d14e,bicycle,39.969322,-83.000176,,25.65,True,False,False,0
Veo,bc857730-d7e9-5777-9337-4b28da76c1eb,bicycle,39.998003,-83.009466,,14.86,True,False,False,0
Veo,d58dd12d-58a1-51b9-b5e3-a164b5e9af0f,scooter,39.99399,-83.006767,,26.78,True,False,False,0
Veo,86552930-f232-5345-9d54-2132fc90b286,scooter,40.003747,-83.011046,,16.84,True,False,False,0
Veo,cd9992a9-b5d2-5e95-b006-04eb592f3c4c,scooter,39.9417,-82.996205,,28.14,True,False,False,0
Veo,8984d93e-e305-50d2-82aa-4e7decd2820c,scooter,39.98772,-83.007509,,14.86,True,False,False,0
Veo,09dbaad0-9ca3-5805-8a69-3431d2ccace9,scooter,39.941944,-82.994947,,25.65,True,False,False,0
Veo,324c1284-fbee-5bc9-bea5-083c272f8ac7,scooter,40.002465,-83.018043,,14.61,True,False,False,0
Veo,26d62973-2501-596f-b17a-b2b7eb024cc2,scooter,39.960349,-82.986877,,11.83,True,False,False,0
Veo,47b1532a-1a3d-5aa0-8067-bf1a846f3955,scooter,40.00194,-83.001181,,17.89,True,False,False,0
Veo,d2da7044-dde8-5407-82d8-0e094fbbd061,scooter,39.994035,-83.006901,,18.19,True,False,False,0
Veo,d7d9441f-4cfe-5230-99d8-85919fabda52,bicycle,39.963244,-82.953307,,27.77,True,False,False,0
Veo,0e4cba90-afbe-5aa0-8324-6365b97b50b3,scooter,39.939908,-82.968105,,19.05,True,False,False,0
Veo,1a47c386-4476-5ae6-9b2b-fb85e4c8d8ef,scooter,40.003025,-83.001015,,20.37,True,False,False,0
Veo,5a53e3cc-4ed2-5dcd-a58b-61c9d76b002b,scooter,40.002493,-83.001073,,28.01,True,False,False,0
Veo,ab0046b9-1077-5a7c-a6a8-4059dcfd3b65,scooter,39.948369,-83.008071,,17.37,True,False,False,0
Veo,93c0948a-a9b7-5167-baf9-181665c58fb6,scooter,39.993265,-83.020902,,28.14,True,False,False,0
Veo,96d5e40b-0a1b-57f2-bc7e-08466c5e92b5,scooter,40.100586,-83.115638,,11.11,True,False,False,0
Veo,3f77b2f4-1e49-5369-9319-e1dd58edcbe3,scooter,39.969119,-83.001083,,28.14,True,False,False,0
Veo,12cf34fc-3231-5a40-ae53-0555d8216751,scooter,40.102086,-83.110775,,22.7,True,False,False,0
Veo,1d7426ac-06cf-594b-9ca7-20284e89361d,scooter,39.994,-83.006904,,28.14,True,False,False,0
Veo,a809c3d3-680c-5ce5-a057-2e7f2cae2a3f,scooter,40.014681,-83.00022,,28.14,True,False,False,0
Veo,9efba45d-13ea-55a6-8fb1-ca493fbb2baa,scooter,40.003419,-83.007883,,25.94,True,False,False,0
Veo,ecc45de0-3267-53af-b3a9-2e7464650aea,scooter,39.974765,-83.027262,,2.79,True,False,False,0
Veo,560ccdac-5966-5497-b68d-2f1c51041f38,scooter,39.99399,-83.00687,,21.15,True,False,False,0
Veo,bb6eb621-db95-51eb-838d-7b24352ab6be,scooter,39.957273,-83.000803,,23.77,True,False,False,0
Veo,c70d78ec-abf4-5ae3-9845-cbad44eae169,scooter,39.969916,-83.003905,,28.14,True,False,False,0
Veo,fbb93725-c12d-5885-a052-8337b094a62f,scooter,39.963043,-82.983516,,27.18,True,False,False,0
Veo,f6c50403-6d73-5aaf-aac1-4a9acf81f2fb,scooter,40.015295,-82.98297,,7.29,True,False,False,0
Veo,981d23ca-0c59-5f5d-9fa1-e9ccaeb6d775,scooter,40.011002,-83.008872,,13.64,True,False,False,0
Veo,011f1d99-e3a2-5dbd-9aa1-dda397dc6e76,scooter,39.97099,-83.004094,,28.14,True,False,False,0
Veo,db8f8194-a2ff-5e18-99c1-3e2dbdd540b9,scooter,40.003597,-83.00922,,20.37,True,False,False,0
Veo,436b6034-b65d-5891-a19d-d1febc8a0c59,scooter,40.013825,-82.982355,,25.65,True,False,False,0
Veo,3efb949f-9615-579c-b829-1e2f9e87a7bd,scooter,39.94309,-82.954214,,22.39,True,False,False,0
Veo,5ce6bf6c-43b3-53f6-88d9-91ce39e22796,scooter,39.99789359,-83.03508665,,14.61,False,True,True,0
Veo,31ed72c1-89dd-56b3-81ec-0c99c4eedb5b,scooter,39.957931,-82.997357,,28.01,True,False,False,0
Veo,ceef7437-5c38-5a2c-914a-05884a2e33e7,scooter,39.995646,-83.003729,,9.02,True,False,False,0
Veo,0e7645ea-1cb1-5419-b1d6-f50ba3775e93,scooter,39.964696,-83.003573,,28.14,True,False,False,0
Veo,b9456e6b-db97-54a9-82fd-abf41c4d42b1,scooter,39.958583,-83.002717,,23.33,True,False,False,0
Veo,1e70914d-ea51-5a24-a2cc-b06146adc72d,scooter,39.96778,-83.012545,,21.15,True,False,False,0
Veo,59164eb6-a07a-5666-aa8b-f9920508a211,scooter,39.958547,-83.002727,,13.86,True,False,False,0
Veo,5885891d-033b-5d16-98b4-631cdf1fced3,scooter,39.984039,-83.016768,,13.1,True,False,False,0
Veo,b5b06517-6005-5307-9955-2ded3debafe0,scooter,39.969007,-83.003998,,26.78,True,False,False,0
Veo,3b4e8067-a43a-565a-8583-d7db519097fd,scooter,40.111167,-83.121705,,4.92,True,False,False,0
Veo,f3a00ef2-a97e-5991-8444-7b598f2fcea0,scooter,40.009614,-83.003121,,12.28,True,False,False,0
Veo,3c96d87b-6d5c-5902-8afd-5e4d63120fe8,bicycle,39.942856,-82.99676,,14.17,True,False,False,0
Veo,c174cfd5-7127-5f9c-be4c-3dbe7a62539f,scooter,40.005716,-83.017222,,28.01,True,False,False,0
Veo,31f5ddfe-a54c-54e9-af44-423706d65d28,scooter,39.967817,-83.01245,,28.01,True,False,False,0
Veo,7b0e0371-9f5b-5838-8185-98de9ccd530c,bicycle,39.96766,-82.970945,,14.61,True,False,False,0
Veo,a7b6b842-0cfb-5866-a80e-625913a82968,scooter,39.978774,-83.004382,,28.14,True,False,False,0
Veo,681804c9-f3c9-5287-9b42-ef69fd0d3e2d,scooter,39.964267,-82.980352,,25.74,True,False,False,0
Veo,e4c94a76-ec3a-5fd5-873c-ad6e2a43db06,scooter,40.004929,-83.019551,,28.14,True,False,False,0
Veo,80fb7d4c-4fb5-5b67-a152-1a28096fb6a7,bicycle,39.962901,-83.004298,,22.39,True,False,False,0
Veo,a08d87b9-59af-593f-86d2-2e4199558dc8,bicycle,40.003431,-82.975115,,1.83,True,False,False,0
Veo,f188e4b9-9bc1-508c-8c35-1ba5a1735a03,scooter,39.98088,-83.010067,,9.65,True,False,False,0
Veo,1c3e751c-cc0c-5ccb-8b9b-c0481d4bc01a,scooter,40.005404,-83.011652,,25.34,True,False,False,0
Veo,ffae68e6-0bd7-5d80-980e-d622c77ce007,scooter,39.982969,-83.006025,,28.14,True,False,False,0
Veo,95b0f483-2385-5224-b333-ec55cc682481,scooter,39.996942,-83.013618,,28.14,True,False,False,0
Veo,f30e04eb-8535-5d2d-82da-3d480a907f7e,scooter,39.972359,-83.005601,,11.83,True,False,False,0
Veo,128669a2-76d6-57f2-9561-803761664751,scooter,40.004875,-83.007648,,28.14,True,False,False,0
Veo,cf9e58b1-b94b-571e-99d6-b14b79f6ebb6,scooter,39.89266328860878,-82.99853338250338,,19.05,False,True,False,0
Veo,2a1de0c9-07b8-5304-beca-cb49e5f4b44a,scooter,39.974408,-83.022326,,18.19,True,False,False,0
Veo,04f6869f-ecd5-544d-8698-2f3c1790d7da,scooter,39.977896,-83.010627,,13.86,True,False,False,0
Veo,b8c3a460-6a67-516e-a752-63dcedbfb2a3,scooter,40.004631,-83.015134,,23.02,True,False,False,0
Veo,9b793601-b3fb-56a8-8136-a3665f990d2b,scooter,39.968053,-82.948939,,24.33,True,False,False,0
Veo,7c021f2c-1de2-5840-8040-ac15a14cba3e,scooter,40.003126,-82.998452,,12.52,True,False,False,0
Veo,60558dff-26c4-5cae-adcc-91829d44d8ad,scooter,39.996922,-83.013306,,22.7,True,False,False,0
Veo,1b4fdc51-5588-5fc2-b54f-9fa82ccfc10a,scooter,39.942568,-83.075784,,20.78,True,False,False,0
Veo,4948efe5-9276-5f77-9ee5-1bf37e757e62,scooter,40.010042,-83.024074,,14.61,True,False,False,0
Veo,e4372f2c-0794-5d31-a5b1-8d31256959c7,scooter,39.960776,-83.011438,,28.01,True,False,False,0
Veo,704f6f32-0866-5bf4-b3e1-64876308b2c4,scooter,40.100798,-83.11505,,19.78,True,False,False,0
Veo,e1fc8b41-2825-5fa5-ba67-d8b6fb34072a,scooter,39.959985,-82.97078,,25.74,True,False,False,0
Veo,10cc2989-d3f4-556a-aa67-c5508714197e,scooter,39.930079,-82.976949,,12.63,True,False,False,0
Veo,ca8155c5-4694-5067-9f32-2098ad81b117,scooter,40.012912,-82.996597,,25.74,True,False,False,0
Veo,d85f89c6-d03d-530b-9374-8780ac5f9031,scooter,39.968904,-83.003957,,22.7,True,False,False,0
Veo,7ac038e1-1ac2-51f2-be26-f4800d252891,scooter,39.99412,-83.005697,,28.14,True,False,False,0
Veo,50f86024-799d-5252-912c-af48f8382c72,scooter,39.958568,-83.012881,,12.07,True,False,False,0
Veo,27362169-2284-5fba-9c4e-f5f251d46462,scooter,39.992003,-83.011213,,6.98,True,False,False,0
Veo,e67b2e87-50fb-57b0-8d5e-ef53b53783e7,scooter,39.955864,-83.003887,,28.14,True,False,False,0
Veo,39c216e2-bff6-5615-971a-3ade1c22baf2,scooter,39.943022,-82.956493,,28.14,True,False,False,0
Veo,51753711-301b-5ead-ac93-592dd90db3ad,scooter,39.965496,-82.994955,,25.12,True,False,False,0
Veo,d510c29f-0f24-5c1a-bc93-a1d1b69ec310,scooter,39.930968,-82.979521,,21.77,True,False,False,0
Veo,89164989-f134-53e9-b886-e387dcb18327,scooter,39.988853,-83.013363,,28.14,True,False,False,0
Veo,eba5b5aa-a1f8-5b54-84d1-013d5c9737a0,scooter,39.964569,-82.998593,,14.17,True,False,False,0
Veo,f2f1a47d-e5a4-5489-a49b-5e6e944ef02e,scooter,39.958558,-83.002696,,14.17,True,False,False,0
Veo,9ef93981-ded3-5202-b815-e08d1280ef18,scooter,39.96214,-83.00414,,28.14,True,False,False,0
Veo,d2815f19-6fe2-5e27-af99-eb3c2506ac2c,scooter,39.954193,-82.979996,,27.77,True,False,False,0
Veo,28b5856c-ef27-5ef7-bedc-0583faeb5f24,scooter,39.991397,-82.999414,,2.12,True,False,False,0
Veo,74c89c8f-77f4-501c-982d-456ad3af7c6a,scooter,40.0005,-83.012966,,28.14,True,False,False,0
Veo,d3b8be7e-5f50-5e7f-af8a-23e01f2487a9,scooter,39.972142,-83.002707,,24.33,True,False,False,0
Veo,7f88352f-3b0f-5dcf-a22a-ae487b71d237,scooter,40.03279,-82.994401,,20.05,True,False,False,0
Veo,cc50f05f-dc03-523a-8dae-256f2389b0ed,scooter,39.971294,-83.004702,,24.06,True,False,False,0
Veo,db2baa82-6d61-5a8c-b5b5-37de6a9e7171,scooter,39.990105,-83.017325,,16.39,True,False,False,0
Veo,0f5fe5ca-1d83-5fa4-8fff-4523627be846,scooter,39.957636,-83.00816,,26.51,True,False,False,0
Veo,411abe72-c173-5e61-9467-5ee4e7e156b3,scooter,39.995997,-83.015919,,25.65,True,False,False,0
Veo,5bc49198-f232-5dc3-846a-77e18ca59e00,scooter,40.014733,-83.000168,,25.74,True,False,False,0
Veo,931c0294-e338-5a1c-8497-df2a7953408c,scooter,40.003037,-83.001042,,25.94,True,False,False,0
Veo,322276ac-4dac-58cb-9a03-5d8bca09f962,scooter,39.963088,-83.004291,,27.77,True,False,False,0
Veo,13f6706d-be07-53b4-8e3a-de6d6477b8fc,scooter,40.005856,-83.009361,,25.74,True,False,False,0
Veo,50394567-b062-5a32-b9e1-7c3918861f9b,scooter,39.987249,-83.007243,,7.29,True,False,False,0
Veo,72f7266f-69fa-5200-a31f-dde54d357c20,scooter,39.930527,-82.97796,,28.14,True,False,False,0
Veo,58ff6592-a2e7-5f65-bdb0-7b0cd0ce108d,scooter,40.102177,-83.114242,,25.65,True,False,False,0
Veo,0b52cd75-15e9-5ed0-8dbe-cf76b74eb6af,scooter,39.935869,-82.98887,,25.65,True,False,False,0
Veo,a5f460cc-4d61-5b0a-89a7-7c2963aae83d,scooter,39.970531,-83.002272,,13.1,True,False,False,0
Veo,11a5d6e7-4f34-59c3-b187-b31e40a34712,scooter,39.980666,-82.998116,,15.89,True,False,False,0
Veo,c75b5435-d7ae-5afc-8b17-b06f90802401,scooter,39.93914,-82.95297,,12.63,True,False,False,0
Veo,b03af32c-0415-5dcc-9794-bd907a3f5c76,scooter,39.962137,-83.004181,,28.01,True,False,False,0
Veo,e5e11128-d7b7-516b-be4a-5fc17718128d,scooter,40.006256,-83.013577,,25.34,True,False,False,0
Veo,7dcbd919-daaf-512e-87e2-51dc9df43329,scooter,39.914204,-82.993107,,2.12,True,False,False,0
Veo,42c361b3-77f9-543f-a2e8-d2aeb8b78bec,scooter,39.995325,-83.010212,,16.84,True,False,False,0
Veo,0ab0b793-848a-555c-b562-a48809b03523,bicycle,39.961244,-82.980707,,28.14,True,False,False,0
Veo,a25dd7d3-5d5b-57cf-be05-6105065707ec,scooter,39.981252,-83.011842,,14.61,True,False,False,0
Veo,49c270d1-ccd7-521b-9e2d-1bc896b962ad,scooter,39.954363,-83.008056,,4.14,True,False,False,0
Veo,5f23e0ef-cb2a-536e-be75-e611af985489,scooter,39.963025,-83.004288,,20.05,True,False,False,0
Veo,9b35cfbf-2a34-5077-8bce-39f28b16acb6,scooter,40.014727,-83.000197,,12.52,True,False,False,0
Veo,3232f60b-6af4-579d-9afe-54cf347398ad,scooter,39.956119,-83.011201,,9.29,True,False,False,0
Veo,42909c31-07aa-5fb1-93d9-07f8909be592,scooter,39.997887,-83.00785,,4.92,True,False,False,0
Veo,fcfff462-6873-5f29-9341-7e9d519b75f2,scooter,39.965342,-82.998749,,11.83,True,False,False,0
Veo,53d3b5c0-4889-532d-97fb-ad93b46bc121,scooter,39.945378,-83.000047,,13.1,True,False,False,0
Veo,44d94987-ff4d-54c0-a471-88ea22009d3d,scooter,39.957768,-82.995585,,13.86,True,False,False,0
Veo,727627d4-746f-5ec5-854b-37b932783ae7,scooter,40.035042,-83.003782,,8.09,True,False,False,0
Veo,1175a4b2-7519-59c1-97b4-a34a1661972d,scooter,39.978723,-83.004475,,12.63,True,False,False,0
Veo,5d29beff-2b02-52b4-a8d3-c9a58b49b8ee,bicycle,39.984652,-83.02411,,28.14,True,False,False,0
Veo,09112331-3d5d-55f0-b6c0-7e7b01bc28ea,bicycle,40.040947,-82.977411,,13.64,True,False,False,0
Veo,055d6ab3-61a7-5ec6-9267-10d5a761eb54,bicycle,39.956549,-83.013295,,28.14,True,False,False,0
Veo,d31a959f-5cd9-525f-974d-9649af686bde,bicycle,39.975319,-82.885286,,15.18,True,False,False,0
Veo,350e2998-aaec-56bb-9b1d-c4bf8c22a8c2,scooter,39.957936,-82.997333,,26.78,False,True,False,0
Veo,4386ecc5-62e1-5f09-9e08-c489aab9b2cf,bicycle,39.963721,-83.000755,,22.7,True,False,False,0
Veo,656d9639-a3f1-5b56-8c7a-e28335aa46ca,bicycle,39.965722,-83.006898,,13.86,True,False,False,0
Veo,d2131ea6-2a0e-5edb-8384-3dc4eb39fa0f,bicycle,39.962925,-83.004341,,15.18,True,False,False,0
Veo,9929c719-d6c6-5c33-bf5b-b0cd59284af2,bicycle,40.095201,-82.960433,,14.61,True,False,False,0
Veo,368209d8-b6d9-5b84-9e4b-ce32a1ecdb3d,bicycle,40.005667,-82.97357,,25.34,True,False,False,0
Veo,19f49f5d-0b62-5da0-bfc7-0954436d9f44,bicycle,39.924598,-82.936772,,22.7,True,False,False,0
Veo,4f0c5aeb-ce59-51f5-9a49-bc89e1150e86,bicycle,39.958389,-83.01472,,10.31,True,False,False,0
Veo,d7c2cad6-a7fa-586e-8c6f-8a9c9a17541d,bicycle,39.967903,-83.008732,,22.39,True,False,False,0
Veo,6db82a4a-e4df-5b37-8930-fb0b6db67342,bicycle,39.948526,-82.951823,,17.37,True,False,False,0
Veo,e8d6dcc8-736d-5497-8ae5-bc36f55b389a,bicycle,40.064819,-83.05136,,3.48,True,False,False,0
Veo,ea81129f-c403-5891-b6bb-53750934ddcd,scooter,39.963029,-83.004262,,17.89,True,False,False,0
Veo,22635b78-e5d9-57bf-9203-115a69dff969,scooter,39.957377,-83.011442,,28.14,True,False,False,0
Veo,3ed8569f-091b-528f-b143-27dc82acd6fc,scooter,39.996091,-83.017225,,28.14,True,False,False,0
Veo,a9ed5310-0303-502e-be04-fb6b7378fba4,scooter,40.016896,-83.007499,,24.84,True,False,False,0
Veo,cfc10fed-71a7-5743-b01b-0cf7f5502433,scooter,39.956592,-82.987995,,28.14,True,False,False,0
Veo,626f8a62-6e73-59e7-aec4-fe9feef898b0,bicycle,39.997343,-82.913954,,0.33,True,False,False,0
Veo,0c03e044-b223-50a0-bf6b-276e2af0131f,scooter,40.011377,-83.002465,,11.59,True,False,False,0
Veo,790f948e-ebf6-5a14-9c0a-2dfd7c1dc756,scooter,40.000608,-83.048228,,7.29,True,False,False,0
Veo,4948cb45-def0-5b06-8bbc-a4da3529a697,scooter,39.972205,-83.004673,,9.02,True,False,False,0
Veo,145ab292-78b9-5845-bb04-0150a77a2434,scooter,39.985135,-83.046231,,10.51,True,False,False,0
Veo,08ae2eb2-f29f-537a-976a-a1ecf31bb849,scooter,39.987558,-83.010778,,28.14,True,False,False,0
Veo,2b14f31b-bca2-5206-b200-6b08fe4b056e,scooter,39.958658,-83.01293,,28.14,True,False,False,0
Veo,8efe7c7e-022a-53d9-8ac3-af843c7f7e7c,scooter,39.945483,-83.065271,,28.14,True,False,False,0
Veo,98b43702-3083-5078-8194-3e5543dcb96c,scooter,39.991327,-83.001167,,27.44,True,False,False,0
Veo,2016703d-5db7-5721-b8ff-f3e1cc0aec1c,scooter,39.963046,-83.004301,,22.7,True,False,False,0
Veo,79833d34-60c7-5850-b989-2b3288b21372,scooter,40.001948,-83.008556,,25.65,True,False,False,0
Veo,d2978852-5ce9-5a5b-84e2-816933b77644,scooter,39.978788,-83.004102,,9.02,True,False,False,0
Veo,a30c233e-4fcf-5b3a-b6b0-21ba2e327315,scooter,39.973392,-83.004655,,25.94,True,False,False,0
Veo,b6181143-2afd-5f8b-b5f8-3efe2184115a,scooter,39.967317,-83.01245,,28.14,True,False,False,0
Veo,d92b76fd-911f-51ec-bfee-faddf65f3d4a,scooter,39.96887,-83.004018,,17.89,True,False,False,0
Veo,cf587a50-56a7-5495-b710-ca0344ea5563,scooter,39.963779,-83.000834,,21.15,True,False,False,0
Veo,61afe65c-8f3a-5c0e-a1b4-9ec0d820f7c3,scooter,39.968899,-83.003947,,25.74,True,False,False,0
Veo,7f9ac20a-e733-5028-afb6-d51c69e06fcb,scooter,39.972599,-83.004385,,13.64,True,False,False,0
Veo,05d39636-9e98-5b7d-83c6-60826ae8e99b,scooter,39.962147,-83.004166,,25.74,True,False,False,0
Veo,ec22d599-3dc6-5002-8896-141d1fb1264c,scooter,40.003904,-83.021112,,22.39,True,False,False,0
Veo,b9ec7898-516a-5ce0-994a-9310aa717df2,scooter,39.997763,-83.006402,,25.34,True,False,False,0
Veo,7673312a-437f-5a9e-a475-674fbe6d58b0,bicycle,39.956246,-82.993373,,27.77,True,False,False,0
Veo,4e93b0d3-9b86-528b-8582-1c9006a58bd6,scooter,39.969037,-83.003961,,8.78,True,False,False,0
Veo,2248aff1-f14d-5d8d-850b-63b996375301,scooter,39.972085,-83.002511,,28.14,True,False,False,0
Veo,f6899a30-ac3a-5c14-9592-849dc353ac68,scooter,39.988439,-82.999402,,17.37,True,False,False,0
Veo,e586a252-ab9f-5788-bd83-e22101263709,scooter,39.963018,-83.004299,,17.37,True,False,False,0
Veo,e20963b4-7c3a-5716-9b54-d9419be71923,scooter,39.94877,-82.950334,,11.83,True,False,False,0
Veo,ad37d843-9b20-5ecc-8382-05e0a7763c6a,scooter,39.958509,-83.002725,,28.14,True,False,False,0
Veo,6c2ce051-56a4-5f27-9ec7-820f1cad7ae7,scooter,39.972169,-82.975272,,17.37,True,False,False,0
Veo,89fd1e23-e027-51c1-ac0a-90867c52bcc1,scooter,39.995708,-83.011938,,28.14,True,False,False,0
Veo,9cece5ab-be4d-504b-bb4f-5401fde2bcf6,scooter,40.026145,-83.001583,,2.12,True,False,False,0
Veo,59dd9a06-b083-5dee-8f76-78eedb3948c0,scooter,39.968612,-83.004725,,15.89,True,False,False,0
Veo,25062f5b-a367-5831-bc61-ff1fdbfa0f92,scooter,39.96302,-83.004296,,11.11,True,False,False,0
Veo,673fe4bb-ddde-5870-8734-4f21452f101f,scooter,39.970586,-83.002524,,25.94,True,False,False,0
Veo,c25558a3-8262-5bbc-a112-2f3f195f933c,scooter,39.9836,-83.012478,,16.39,True,False,False,0
Veo,c9c125e4-d5d0-5e2b-b8d4-c9ec3e8fa5fc,scooter,39.963662,-83.000774,,9.02,True,False,False,0
Veo,f365cce9-bc0d-5c22-b19c-9520634d0b21,scooter,39.987338,-82.998808,,26.25,True,False,False,0
Veo,127f5e52-9578-5a33-b935-6fa08e4b289d,scooter,39.970832,-83.001878,,25.74,True,False,False,0
Veo,39a001ba-caf8-5b6f-b976-fb12eb495a36,scooter,40.001041,-83.008452,,10.79,True,False,False,0
Veo,022c9527-b52c-53c1-8958-a18906abc08e,scooter,39.986908,-83.009457,,24.06,True,False,False,0
Veo,67c45312-541a-5c4f-a284-f677b73baf80,scooter,39.995651,-83.046818,,15.18,True,False,False,0
Veo,3ef86d7d-06b1-5858-aa23-3b28cd07bb52,scooter,39.965782,-83.01973,,13.1,True,False,False,0
Veo,0f66fd15-2fca-578f-a3cd-339dd84fc968,scooter,39.957666,-83.005478,,21.49,True,False,False,0
Veo,8280164b-9a8c-562f-84f8-8561d35ad296,scooter,39.997618,-83.007892,,14.86,True,False,False,0
Veo,7946d8e5-d300-5cd4-a164-c2d79cc6a128,scooter,39.929181,-82.978172,,26.78,True,False,False,0
Veo,243b51de-4da8-5cb4-9657-a262b518ae3e,scooter,39.958595,-83.012883,,28.14,True,False,False,0
Veo,70e5e9ea-8fd0-5ae6-bd5e-62f1d80b5e48,scooter,39.958608,-83.002719,,25.94,True,False,False,0
Veo,b534fc50-dbe3-54a2-b7ca-2a116ba88a42,scooter,40.00072,-82.986401,,25.65,True,False,False,0
Veo,5907323e-6564-5121-adc5-90f4135f6fdd,scooter,39.96304,-83.004255,,23.33,True,False,False,0
Veo,9356aad6-8727-5f54-bbb8-991b4394ec4c,scooter,39.996428,-83.011603,,9.29,True,False,False,0
Veo,015e0286-f947-59ac-8b1a-0550854e1ba6,scooter,39.993927,-83.014708,,8.78,True,False,False,0
Veo,b0f07669-4112-5151-974f-46fb3647a4fe,scooter,39.971634,-83.005825,,24.06,True,False,False,0
Veo,a256f3b2-603f-5274-b368-1de70c58c435,scooter,39.990659,-83.013717,,11.11,True,False,False,0
Veo,fd11c518-ee15-5d1a-8b5a-d195e050f9e0,scooter,39.974223,-83.017603,,28.14,True,False,False,0
Veo,b406f7d7-272f-56a2-9a15-73009b6e0531,scooter,39.971578,-83.005749,,20.78,True,False,False,0
Veo,7e8d8ae9-5e4e-59ba-86bd-6f3e6e2742ad,scooter,40.015503,-83.026137,,24.84,True,False,False,0
Veo,6a002e76-19ce-57ac-92d6-817cc5a2e023,scooter,39.943206,-82.996829,,24.84,True,False,False,0
Veo,2a34b1e9-85da-59e6-a37b-a7680c0eb78a,scooter,39.953573,-83.03298,,28.14,True,False,False,0
Veo,7e4c7b57-4e0d-5d3f-8a9e-046cd096fe7f,scooter,39.986867,-83.009514,,13.86,True,False,False,0
Veo,9d5d85cb-eb2a-5443-9b4c-46000162b54c,scooter,39.971628,-83.007973,,28.14,True,False,False,0
Veo,fef766f4-019b-51cf-8a86-bb33e6773dfa,scooter,39.96306,-83.004295,,18.67,True,False,False,0
Veo,d29fcaa8-bd20-5ea5-a0b2-69492f4014e5,scooter,40.032655,-82.991073,,24.06,True,False,False,0
Veo,4f692104-d995-5781-8ced-3420958880c8,scooter,39.976781,-82.979808,,10.51,True,False,False,0
Veo,2b7878ba-782d-5374-99ab-973e86f39ebb,scooter,39.970881,-83.002033,,20.37,True,False,False,0
Veo,e15d60f1-b6b1-536a-b1c3-1e504bf371fa,scooter,40.037004,-82.973674,,13.1,True,False,False,0
Veo,22855ecf-21b9-5220-81ff-613096e3bd8f,scooter,39.994042,-82.995476,,17.37,True,False,False,0
Veo,25788be8-f305-5a42-a9e4-d6f29013bc97,scooter,39.945121,-82.867951,,26.78,True,False,False,0
Veo,e6a011aa-e5bf-5916-8e84-7961b05bb7f2,scooter,39.950577,-82.982594,,15.45,True,False,False,0
Veo,28444d14-0f56-5a70-ba4c-8edab5f2d1f6,scooter,39.975263,-83.014659,,26.78,True,False,False,0
Veo,93aefed2-edfd-5560-a22c-5c300f0e4863,scooter,40.001927,-83.001136,,15.45,True,False,False,0
Veo,b35a440d-58cd-5bf3-960b-e5983dad9b4f,scooter,39.977339,-83.011075,,26.51,True,False,False,0
Veo,62bdbf45-5c46-5a4d-bc38-be2e81a2c3d6,scooter,39.970463,-83.002234,,25.65,True,False,False,0
Veo,b8fab130-0085-5535-a617-500661ca98a2,scooter,39.957595,-83.011736,,28.14,True,False,False,0
Veo,98e8022e-f4c9-5532-be18-a095e7b8257d,scooter,39.967769,-83.012568,,22.7,True,False,False,0
Veo,a9e1b86b-1a08-53be-9854-1eff5295a981,scooter,39.958597,-83.002724,,25.34,True,False,False,0
Veo,16ae9cb3-1e09-5a2d-b5a2-fc5bf4396897,scooter,39.996245,-83.005094,,24.06,True,False,False,0
Veo,f8b49a64-9fec-5932-88a6-896f451341d6,scooter,40.005363,-83.012528,,17.89,True,False,False,0
Veo,a2aa8a6f-4fe1-5eaa-a32c-4def4418a420,scooter,39.968999,-83.003881,,12.63,True,False,False,0
Veo,ae36a3da-de3d-5edf-95ea-86204b40138d,scooter,39.966243,-83.005344,,11.83,True,False,False,0
Veo,fcbfb51d-70e1-5bd8-a602-4aec1bd8ad67,scooter,39.972533,-83.00408,,28.14,True,False,False,0
Veo,81e54f9c-9466-5844-89c7-0ab8000667f6,scooter,39.958508,-83.002797,,28.14,True,False,False,0
Veo,d1741857-9c47-561e-b1d7-a5387c18e11c,scooter,39.95424,-83.028019,,25.12,True,False,False,0
Veo,d0f5d041-33e4-5863-a105-9142a1e3bccc,scooter,39.996586,-83.009513,,28.14,True,False,False,0
Veo,57c28fee-c8f5-59bb-9ec6-3691d30d03b7,scooter,39.9693,-82.999753,,25.74,True,False,False,0
Veo,ab19df04-1e25-5d2b-b85a-e76cfe540cd3,scooter,39.993581,-82.981207,,9.65,True,False,False,0
Veo,dd42366e-d415-52fa-8473-e40275cdd4f0,scooter,39.993931,-82.983405,,21.15,True,False,False,0
Veo,9c66f938-02a5-5a23-92c8-40de8217700b,scooter,40.103286,-83.108732,,28.14,True,False,False,0
Veo,223c0eeb-20e9-5e62-bab8-389cbb060b3c,scooter,39.977351,-83.006955,,22.7,True,False,False,0
Veo,fe5e9198-9963-55de-a58f-fd5cf485f506,scooter,40.017654,-83.025453,,13.86,True,False,False,0
Veo,0fa73d43-750f-5189-9aac-8e4bc59c90b3,scooter,40.038463,-83.017891,,28.14,True,False,False,0
Veo,be61dfe1-0471-58a5-b812-c86721fd955f,scooter,40.000317,-82.996327,,15.45,True,False,False,0
Veo,488ed41a-a310-5618-8228-d79255ccb523,scooter,39.982096,-82.960706,,14.43,True,False,False,0
Veo,ae603ed8-1f5d-5246-a163-cbff0622e295,scooter,39.956736,-82.995513,,25.94,True,False,False,0
Veo,705808e2-8624-5a18-8493-172767cdadba,scooter,40.001919,-82.97655,,25.94,True,False,False,0
Veo,8fb2a5ef-61e6-5767-b569-8a284a4a25f0,scooter,39.957402,-83.011447,,28.01,True,False,False,0
Veo,e912a4b6-6ff5-5dd9-bf0b-518b0aaaccbe,scooter,39.962169,-83.000442,,27.77,True,False,False,0
Veo,7a97b37f-f6d9-57f9-98c8-f6d2622eada9,scooter,39.958593,-83.002687,,12.52,True,False,False,0
Veo,e7501ff6-a3b9-503f-b047-8b8144fba804,scooter,39.956758,-83.004255,,4.19,True,False,False,0
Veo,d27eb576-d7ba-53c3-bd1f-8eeddf77cefc,scooter,39.998016,-83.009692,,28.14,True,False,False,0
Veo,742d0b45-aafd-543c-b9bb-037aa1b0fd0c,scooter,40.000744,-82.986422,,15.45,True,False,False,0
Veo,64c3212a-156d-51c7-8a7e-d5c34356f3fb,scooter,39.923692,-82.984435,,15.45,True,False,False,0
Veo,ca2fa1a6-7e2b-594f-8546-b1525b282391,scooter,39.951334,-83.035768,,9.02,True,False,False,0
Veo,d5217f68-3d93-5ae9-8290-f322f283ea89,scooter,40.003118,-82.998512,,28.14,True,False,False,0
Veo,09afe437-6e6f-5fe5-9693-997c04ef0efe,scooter,39.963191,-82.981336,,28.14,True,False,False,0
Veo,bf09dd41-f7b1-5062-91a8-5cc91e47dc39,scooter,39.950132,-83.000261,,12.87,True,False,False,0
Veo,1e52a3eb-b6be-58fd-995c-0845169d99f5,scooter,40.032695,-82.991088,,25.74,True,False,False,0
Veo,84b0ed64-5563-5d28-8da5-c301dfa23cb0,scooter,39.980833,-83.003589,,22.7,True,False,False,0
Veo,637850fe-e10e-5e64-bc16-f98f31c9052d,scooter,39.927712,-82.978557,,25.34,True,False,False,0
Veo,7906b750-64db-5b9d-8f51-8a30a8ef4a54,scooter,39.997898,-83.0095,,28.14,True,False,False,0
Veo,3dbd7834-ecf2-5604-88bc-83110f05831a,scooter,39.981919,-83.006265,,27.77,True,False,False,0
Veo,888c8f4d-f0ad-5872-9d96-3f2f1738887f,scooter,40.100624,-83.115642,,26.51,True,False,False,0
Veo,daa9b7fc-8968-55af-a996-498a812daeac,scooter,40.101639,-83.115582,,0.85,True,False,False,0
Veo,2fcbb8ad-83b2-5d3c-a2df-245acd3c02be,scooter,39.993688,-83.017557,,26.51,True,False,False,0
Veo,84c065dd-551e-5ab9-a17d-341180e49322,scooter,40.102466,-83.109633,,27.77,True,False,False,0
Veo,db287d35-975a-5724-89b4-c98df992a806,scooter,39.988964,-83.00432,,17.89,True,False,False,0
Veo,dd475516-a6a2-5cb3-8cde-057234b7c9f0,scooter,40.001109,-83.004938,,20.78,True,False,False,0
Veo,24e9a55b-38fa-5766-9776-f9b4085fc90d,scooter,39.944709,-82.979333,,28.14,True,False,False,0
Veo,78a3fd64-cd36-59ff-9a63-fc35729fa9a3,scooter,39.97902,-82.995621,,27.02,True,False,False,0
Veo,ef743672-901e-52e9-ab39-a48030e480a1,scooter,39.967752,-83.012558,,28.14,True,False,False,0
Veo,3819a0b0-82d4-5c77-906f-fbb0130c1ea3,scooter,39.961243,-83.043,,25.12,True,False,False,0
Veo,387397fc-4abb-5288-a706-cb82ebb13a6a,scooter,40.000729,-82.986418,,14.86,True,False,False,0
Veo,4d95d719-a457-5146-b49e-27b23c0c9997,scooter,39.994001,-82.983405,,28.14,True,False,False,0
Veo,2a55b581-52d9-5366-b314-8d3262d6cd46,scooter,39.973715,-83.002789,,13.1,True,False,False,0
Veo,27bea50d-b3a5-5a99-9355-77af2d43f079,scooter,40.012366,-83.026467,,13.39,True,False,False,0
Veo,0c72dda2-9e60-5e00-b496-5d237693a7fe,scooter,40.006036,-83.012395,,23.33,True,False,False,0
Veo,d4605c80-32fa-519c-97f8-bc28d7e16ec2,scooter,39.997668,-83.004399,,26.78,True,False,False,0
Veo,2450aa17-52f8-5f08-a98d-90d8ffcb2bd5,scooter,39.963866,-82.997462,,27.44,True,False,False,0
Veo,da0bfe4f-f517-5071-86ae-2de8ca65b846,scooter,39.951739,-82.95592,,13.1,True,False,False,0
Veo,7a1396c9-185b-5bd5-b985-703775900c16,scooter,40.006223,-83.018991,,28.14,True,False,False,0
Veo,6cf5e067-61e8-5f92-b93d-d928dbcbfb92,scooter,40.008113,-83.012072,,22.7,True,False,False,0
Veo,cd669b89-aea6-5b3c-83a1-9d4c61094964,scooter,39.970599,-83.002364,,17.89,True,False,False,0
Veo,0a3718ef-f6bf-520d-a6ca-991d65de2df1,scooter,39.951303,-82.97918,,24.84,True,False,False,0
Veo,9636d462-b78a-5cbc-9e26-54cbc720b973,scooter,39.969033,-83.001021,,24.84,True,False,False,0
Veo,53b8b2b2-84e4-5c9f-bae1-31eeb90f5742,scooter,40.004245,-82.999191,,24.06,True,False,False,0
Veo,8be52227-0ba2-586e-8938-e49da266bc58,scooter,40.019831,-82.985326,,14.43,True,False,False,0
Veo,dc1a30bc-a445-5222-9e6f-c9948c27f607,scooter,39.998125,-83.019838,,14.17,True,False,False,0
Veo,aa42cd89-facd-5a84-822f-5e4a7a0afa16,scooter,40.004714,-83.010621,,19.05,True,False,False,0
Veo,26d2603b-f406-5c98-ab37-63e6c9252b91,scooter,39.954475,-83.026168,,8.43,True,False,False,0
Veo,cc7544c3-e0cd-5461-83b4-69f2559bb194,scooter,39.970521,-83.002396,,13.86,True,False,False,0
Veo,20e193b4-9a90-5c2e-8d23-f77d2c04dc22,scooter,39.964839,-82.981334,,14.61,True,False,False,0
Veo,025c0953-10e5-54a2-87e6-85d0324148d7,scooter,39.963042,-83.004285,,9.29,True,False,False,0
Veo,014676fe-7aee-5f88-b0e4-3e435c48c0b9,scooter,39.958136,-82.93563,,28.14,True,False,False,0
Veo,18092c25-befa-5e1b-93a7-dbc18b7680ad,scooter,39.987032,-82.990056,,22.7,True,False,False,0
Veo,9a3a2efb-b706-5bd9-871e-e1af3e649aec,scooter,39.996304,-83.016721,,28.14,True,False,False,0
Veo,ffe08448-e8bb-5515-bd14-dee476cb3362,scooter,39.992202,-83.007377,,10.31,True,False,False,0
Veo,b5cdc4bf-4669-509e-b0ab-f2d2d3d300a3,scooter,40.026401,-82.95125,,17.89,True,False,False,0
Veo,e234a376-96a2-5d30-a789-ef1818a6a03a,scooter,39.943342,-82.996353,,24.84,True,False,False,0
Veo,3b66adac-ce4a-54d1-bc5e-68f5c4702faf,scooter,39.969201,-83.001027,,10.79,True,False,False,0
Veo,21a8a7fb-9232-5a58-abec-cc1aae63d507,scooter,39.955907,-83.00317,,13.1,True,False,False,0
Veo,75c5bb49-1be7-5436-ad58-c467bbbca303,scooter,40.100977,-83.10912,,8.78,True,False,False,0
Veo,c6b3a9aa-7779-54db-ae52-83fc2e12d896,scooter,40.001211,-82.994988,,28.14,True,False,False,0
Veo,1f6902d8-7f33-543c-8a24-57e943ee16d2,scooter,39.950275,-82.953482,,25.65,True,False,False,0
Veo,09bb1788-278d-589e-82de-32d1d9ccd455,scooter,39.990511,-83.013579,,27.44,True,False,False,0
Veo,d660d308-e115-57ce-b741-2b05435361fa,scooter,39.957022,-82.985832,,24.06,True,False,False,0
Veo,79b7ba1a-b479-568e-977d-394150340e16,scooter,39.970572,-83.002083,,7.29,True,False,False,0
Veo,225bf124-77d4-5f4f-bb75-3a669a8aa101,scooter,40.003691,-83.013094,,25.65,True,False,False,0
Veo,5953459b-fb75-5338-9c97-84ae0774d9e4,scooter,39.92457,-82.93676,,13.1,True,False,False,0
Veo,0dcf7d8b-0b00-51a0-84a7-32fcd941ba44,scooter,39.944256,-82.994591,,27.77,True,False,False,0
Veo,fa4aadf4-b041-52e1-8fc1-8d28f00d4a5f,scooter,39.991922,-83.008666,,11.83,True,False,False,0
Veo,4c7313e4-2487-5ef1-bd96-3c293cc2d054,scooter,39.959015,-83.01094,,28.01,True,False,False,0
Veo,05a36304-e176-51bb-9b97-24a04f77715c,scooter,39.967744,-83.012509,,9.02,True,False,False,0
Veo,25db3f6f-bf80-5857-9819-65752ad617f5,scooter,39.964808,-82.981355,,25.12,True,False,False,0
Veo,ad8d0d7a-e5fc-5ce8-8bac-30d08b1d6abd,scooter,39.992826,-83.005621,,22.39,True,False,False,0
Veo,02b6f7fd-4286-5fa2-a9c7-67dfbd923a44,scooter,39.948615,-82.941795,,26.78,True,False,False,0
Veo,ccc0f85a-21dc-5e5f-8174-1a9a09e218bf,scooter,39.967364,-83.012468,,9.02,True,False,False,0
Veo,5193b6a9-155d-50a0-8854-49641f4bde13,scooter,39.972051,-83.002493,,22.39,True,False,False,0
Veo,29fe9728-3f59-53d9-8fc9-0a7601ef9b3c,scooter,39.9873,-83.008601,,5.83,True,False,False,0
Veo,a85e6cd3-e1dd-528f-8eb2-5906d516e9ae,scooter,40.00120902334938,-83.00085467247922,,25.74,False,False,True,0
Veo,0f1f796e-531f-54c4-ac40-6bc7f2bf5d09,scooter,39.950573,-82.998041,,27.02,True,False,False,0
Veo,4d7fd3c0-8395-5420-97b4-8bc014a1cd70,scooter,39.973725,-83.00282,,22.39,True,False,False,0
Veo,72ac7357-bb6c-5b47-8dfc-422096b6eff1,scooter,39.944736,-82.979342,,28.01,True,False,False,0
Veo,a9766d27-607a-517b-9349-789364076909,scooter,39.993556,-82.981136,,8.78,True,False,False,0
Veo,ca59a6a9-680c-5026-9776-29f5a8fa70a7,scooter,39.935375,-83.096427,,2.12,True,False,False,0
Veo,a1f4e1b7-bb6f-5c79-ae93-acaa1c4c360b,scooter,39.973379,-83.004732,,27.02,True,False,False,0
Veo,7556542c-cf24-58ed-995d-24ec91557cc7,scooter,39.967864,-83.000954,,26.78,True,False,False,0
Veo,6af78d30-f804-5b9b-b8da-d9bc98e52ac5,scooter,39.963001,-83.004289,,21.15,True,False,False,0
Veo,f358102e-b928-53f3-9e97-2e5cf676b5d6,scooter,39.970595,-83.001924,,26.51,True,False,False,0
Veo,13a7de70-d81f-5f9b-9abc-f472226cf6fa,scooter,39.936716,-82.993071,,23.77,True,False,False,0
Veo,f725937b-ed3f-5fec-98c8-666a59f8930f,scooter,39.994792,-83.010825,,22.7,True,False,False,0
Veo,af3e3147-6d86-55fb-91e6-4de3b4802bfb,scooter,39.968019,-83.010384,,14.86,True,False,False,0
Veo,d27f8541-32cc-5449-84df-f1de763f5d70,scooter,39.967876,-83.008659,,25.65,True,False,False,0
Veo,d9ac639b-cbe9-59d7-b5d1-ea423afc0cdb,scooter,39.999446,-83.025789,,28.14,True,False,False,0
Veo,f5f91755-a80a-5b0f-bd4c-9aa7f056cba8,scooter,39.96796,-83.008699,,13.86,True,False,False,0
Veo,2a05db22-8889-5ae4-a366-3e2b23bd07a8,scooter,39.93653,-82.98983,,26.51,True,False,False,0
Veo,c273d205-34ed-58bb-90f0-79e1b3d8293c,scooter,39.970916,-83.045581,,24.33,True,False,False,0
Veo,4d9563e9-9511-503b-b27e-f63ed8bd8cd8,scooter,40.005805,-83.009315,,24.84,True,False,False,0
Veo,cf90b7f8-3144-54e4-9761-66729dcd0af4,scooter,39.973674,-82.977327,,27.02,True,False,False,0
Veo,18fbc348-4420-5040-b372-4b89de404efb,scooter,39.972792,-82.97008,,15.18,True,False,False,0
Veo,91005ee7-4b5b-5f24-a3cc-dcf18640e59f,scooter,39.963048,-82.983523,,14.43,True,False,False,0
Veo,22392b57-18dd-503d-9e84-5d07e5a70660,scooter,40.001953,-83.001194,,17.37,True,False,False,0
Veo,ed265d81-68a8-51c3-8101-4537d1a65d9b,scooter,39.990075,-83.004788,,16.39,True,False,False,0
Veo,3269a18c-cbbc-5957-861e-708717b3c633,scooter,39.99379,-83.007481,,25.94,True,False,False,0
Veo,e92f97fe-b712-5367-983b-9d4edd8872af,scooter,39.962916,-82.999793,,22.7,True,False,False,0
Veo,32ce9ce6-beae-5766-b7b8-b9825cb450c6,scooter,39.963031,-83.004297,,19.39,True,False,False,0
Veo,ccaa3ac6-fd9e-5db5-a109-8ecc8c149507,scooter,39.993543,-82.981129,,6.07,True,False,False,0
Veo,9be4cf2c-38c8-5908-8785-ac67969ccd4d,scooter,39.962167,-83.004146,,27.77,True,False,False,0
Veo,e49e9784-8c7d-50e4-b363-d5c1b54bec2b,scooter,40.091196,-83.092015,,28.14,True,False,False,0
Veo,cda3451a-ca81-5694-ac06-8c92f112d0aa,scooter,39.968422,-83.008612,,10.31,True,False,False,0
Veo,ba75a5c7-9e90-5202-9124-d5335eefeb01,scooter,40.104174,-83.110493,,27.77,True,False,False,0
Veo,762d28f2-7604-5431-b3b4-3cd083edfa15,scooter,39.998565,-83.001442,,17.37,True,False,False,0
Veo,bdab63f5-5f83-5acc-b0cf-06d905a68016,scooter,39.950238,-82.996568,,25.34,True,False,False,0
Veo,c72d5954-33a1-5900-a57b-e1612defc12e,scooter,39.99747,-83.001218,,22.39,True,False,False,0
Veo,335cdb5f-d9db-5bae-bf31-f26f9390bd4d,scooter,39.964223,-82.997369,,16.39,True,False,False,0
Veo,45c77aea-0cae-5bd8-ace3-c46f3d938c2b,scooter,39.964303,-82.996818,,26.51,True,False,False,0
Veo,55838889-cac0-5bba-902d-7eff5e3aa761,scooter,39.949462,-82.986858,,22.39,True,False,False,0
Veo,ca6bbf55-89ce-5caa-9753-376f0a13d35a,scooter,39.9959,-82.99825,,25.65,True,False,False,0
Veo,834b36ac-efe3-57ad-afe2-acce8eb8e7e0,scooter,39.971367,-83.004518,,25.94,True,False,False,0
Veo,0cc65798-d849-5078-926b-d6bf7e5c012c,scooter,40.005044,-83.009761,,26.25,True,False,False,0
Veo,df44bf2e-143e-54f6-bd70-32257fd277ed,scooter,39.960246,-82.986865,,14.17,True,False,False,0
Veo,5e3a7d47-649d-5d2d-a44e-ef6c6159e840,scooter,40.00406,-83.01606,,13.1,True,False,False,0
Veo,8c137791-c7d4-5952-9e7d-bd30760f44c8,scooter,39.970732,-83.002171,,28.01,True,False,False,0
Veo,3cbd63d6-6ff8-5bb4-a2c0-e9453cecf66b,scooter,39.962147,-83.004209,,28.14,True,False,False,0
Veo,394a3427-1b6a-5eb7-8da3-8fd24b441022,scooter,39.970686,-83.002359,,27.77,True,False,False,0
Veo,538ba456-c207-5828-ae79-dd6822617f8d,scooter,39.962487,-82.998738,,15.18,True,False,False,0
Veo,eacd5f0c-3cf2-5c70-b6b8-6c7415578f49,scooter,39.970491,-83.002526,,14.43,True,False,False,0
Veo,d09ee5b7-00b9-56c5-8180-8af5e17fa73a,scooter,39.950206,-83.001598,,28.14,True,False,False,0
Veo,9d01d0ba-52e5-5ef2-ac20-fa97ff513b02,scooter,39.967792,-83.012493,,26.51,True,False,False,0
Veo,7efd40a6-bbd7-592b-830d-f2398ad214e1,scooter,39.99803,-83.009511,,16.39,True,False,False,0
Veo,c70cd1e1-6f17-5c9b-9a72-08e5155275db,scooter,39.911659,-82.955638,,24.84,True,False,False,0
Veo,f6d3757b-2d4a-57ad-b82d-5287028ea1ad,scooter,39.99375,-83.009669,,23.02,True,False,False,0
Veo,799b4fac-b651-58c9-aeaf-65cc0871bec4,scooter,39.967784,-83.012457,,24.06,True,False,False,0
Veo,f6265d37-bef6-58be-93ae-704c42119054,scooter,39.912016,-82.994849,,8.43,True,False,False,0
Veo,411b1d08-59c9-52c8-8053-3f649782a56a,scooter,39.973403,-83.004718,,24.06,True,False,False,0
Veo,411f9f7e-43f0-5e14-afd4-69bf3a6ff3c7,scooter,39.967109,-82.999218,,25.12,True,False,False,0
Veo,81cb933c-d75f-578e-a46f-9ab4f71d8c46,scooter,39.883126,-82.983299,,6.98,True,False,False,0
Veo,37f791b1-38bb-5396-af5a-638a7eb17993,scooter,40.068069,-83.018855,,25.34,True,False,False,0
Veo,f669da57-3711-5b96-8f3f-ffee8f85adf0,scooter,40.006177,-83.013755,,10.31,True,False,False,0
Veo,0b869d43-11ff-5218-9ddc-9c543285a090,scooter,40.001966,-83.001149,,9.97,True,False,False,0
Veo,26e9a804-ba6b-5536-ba4c-f417bacfae81,scooter,39.968951,-83.004108,,16.39,True,False,False,0
Veo,e093ac2a-54d1-59aa-bc01-494fbfdd3b88,scooter,39.971676,-83.002557,,28.14,True,False,False,0
Veo,44521a05-6bb2-5996-ab55-7157e018304b,scooter,39.967371,-83.003162,,14.43,True,False,False,0
Veo,87025eaf-9c44-5920-838e-a80adea9c43f,scooter,39.960084,-82.99542,,22.7,True,False,False,0
Veo,0636fa5e-e8c9-553a-98e8-9d6fb0881d92,scooter,39.960784,-83.012641,,28.14,True,False,False,0
Veo,c56e80a2-00c7-5097-9b04-dfc4e97d40be,scooter,39.990173,-83.004773,,27.44,True,False,False,0
Veo,fb2884bc-aae2-52fb-b891-1cded3016625,scooter,40.103303,-83.10873,,28.14,True,False,False,0
Veo,bda225cf-ea5e-5f22-8809-4ee6474a12f9,scooter,39.962992,-83.004282,,23.77,True,False,False,0
Veo,9a2268b7-463f-5733-ab8f-b131f314c8bb,scooter,39.965978,-82.996938,,16.39,True,False,False,0
Veo,cdd56c31-a60b-5eaf-bbea-07ebbd3a008b,scooter,40.001901,-83.001185,,14.86,True,False,False,0
Veo,fee307f7-575c-593b-afdf-9a791c9d41dc,scooter,39.982469,-82.998884,,25.74,True,False,False,0
Veo,c38cb7f0-cd67-5c06-ba90-cc00f7e7cb20,scooter,39.993999,-82.983299,,16.84,True,False,False,0
Veo,db601898-d129-5703-a05a-c84b83d5ed1e,scooter,39.992891,-83.006957,,28.14,True,False,False,0
Veo,26ddbc3c-b6ac-5de9-86bc-98b8ccdf64b6,scooter,39.970906,-83.000864,,23.02,True,False,False,0
Veo,1c650bc7-14fd-563f-8fca-45e96e8b5a89,scooter,40.001943,-83.007279,,26.25,True,False,False,0
Veo,4f71b06e-cd97-54ce-8b5a-2ea0e1e2a845,scooter,39.969133,-83.004064,,13.1,True,False,False,0
Veo,12591431-849c-57d1-a7ff-87db070e3cf1,scooter,39.980763,-83.005735,,16.84,True,False,False,0
Veo,92b9b539-494d-583c-948d-9d8d1df7a85c,scooter,39.997378,-83.02093,,27.02,True,False,False,0
Veo,c97fa074-dccc-54f1-a039-9d667290b095,scooter,40.005847,-83.009401,,13.64,True,False,False,0
Veo,b52f673c-1af8-5f5e-bac6-fe7dba24d051,scooter,39.949758,-82.990282,,28.14,True,False,False,0
Veo,86cdd3ed-6a68-5b40-bfc4-2b731f480d26,scooter,40.005862,-83.00928,,28.01,True,False,False,0
Veo,e710a255-9eb4-57fa-a7d4-822c397987d2,scooter,40.007802,-83.000515,,26.78,True,False,False,0
Veo,1dbc15bb-2de2-5935-ab60-a7561b0335c5,scooter,39.95855917470019,-83.00261882929605,,28.14,True,False,False,0
Veo,c40acabe-8403-5ee6-85a1-056e6ac61441,scooter,39.967701,-82.967569,,28.14,True,False,False,0
Veo,12486d29-a404-50ed-9943-759db735e78b,scooter,39.966337,-83.005365,,10.51,True,False,False,0
Veo,a3d0d3e5-3081-57f8-9401-1998ab38da93,scooter,39.935018,-82.992863,,24.33,True,False,False,0
Veo,df19912b-d1e9-5079-813f-ff8a7c16d14d,scooter,39.964236,-82.994808,,12.63,True,False,False,0
Veo,7b1a1f74-9c83-5b4d-8fd2-e1371177b0f2,scooter,39.994316,-82.98109,,19.39,True,False,False,0
Veo,9587b571-7645-54d0-9ffb-90bfe43a0e24,scooter,39.964373,-82.996743,,27.02,True,False,False,0
Veo,4ed6e26c-2d77-5717-b0dc-c94fe682aee8,scooter,39.97901,-82.99563,,25.34,True,False,False,0
Veo,d8a6edb8-a20d-5605-9f2d-ff43e4328036,scooter,39.943297,-83.114704,,2.55,True,False,False,0
Veo,4b831cbc-7db4-508d-bb65-c029dbc4fdc3,scooter,39.99352,-82.981115,,12.87,True,False,False,0
Veo,5c52da26-22d9-518d-b951-952a63974e4e,scooter,39.998942,-83.018716,,6.31,True,False,False,0
Veo,a66078e0-73b5-52df-a51b-e51a86e9eb8f,scooter,39.935896,-82.988864,,25.74,True,False,False,0
Veo,5af20123-f635-5d47-b5fa-d97fc4161b49,scooter,39.949353,-82.984222,,25.34,True,False,False,0
Veo,010a0fdb-c633-59ac-bfaa-0686620505e2,scooter,39.938406,-82.996017,,28.01,True,False,False,0
Veo,e7734b8e-defe-5bc3-8174-7db98dcc52ea,scooter,39.973742,-83.002777,,19.39,True,False,False,0
Veo,0eb4be27-1dc0-50b6-9b83-2a3c06140b4a,scooter,40.030396,-83.028757,,26.51,True,False,False,0
Veo,304a1d66-cc00-51d1-af3f-4b7aa838e569,scooter,40.014211,-83.003389,,15.89,True,False,False,0
Veo,dfe4df6a-ebbc-5df9-bc9a-50247bfde0f5,scooter,39.967964,-83.008655,,10.79,True,False,False,0
Veo,9283cf5a-552a-5ba7-9f09-8b0e26c0f78c,scooter,39.998026,-83.009797,,19.78,True,False,False,0
Veo,6c477b5e-d0bf-5e2b-8c26-bd1e134a9a35,scooter,39.970502,-83.002225,,11.34,True,False,False,0
Veo,a79e8e0e-0346-5b9e-946c-bd1c5c08a956,scooter,40.003681,-83.010375,,13.39,True,False,False,0
Veo,9fd30b4f-22a3-5beb-afb9-ec9fe2285101,scooter,39.984569,-83.018993,,28.14,True,False,False,0
Veo,a1d2ebb7-e61c-5015-adbc-d2c48bfe8533,scooter,39.971182,-83.002665,,24.06,True,False,False,0
Veo,9fcc99a7-1067-5f30-959b-850bff9a99d2,scooter,39.973623,-83.002892,,8.43,True,False,False,0
Veo,6d242b70-c783-5f65-85ea-aa03d3ce7f78,scooter,39.942819,-83.113489,,12.07,True,False,False,0
Veo,a2f0be86-0252-5f7c-9909-1ce80a9cae22,scooter,39.950617,-82.997484,,22.39,True,False,False,0
Veo,0723eb08-22ec-56ae-a3c9-7f1c9e3b7000,scooter,39.957816,-82.995426,,25.34,True,False,False,0
Veo,6e1f7173-3db7-5a7e-844d-8ccfdb0b6887,scooter,39.951375,-82.970025,,24.33,True,False,False,0
Veo,541d9ff5-d729-5caf-8095-9ef7e337af17,scooter,39.961283,-82.957288,,14.43,True,False,False,0
Veo,105bf899-4b31-554f-8053-73517332050f,scooter,39.974466,-83.004379,,26.78,True,False,False,0
Veo,6ff0601e-a1de-5e19-a3d7-e82d25b5f67d,scooter,39.97659,-83.010999,,17.37,True,False,False,0
Veo,fd762a04-c93a-5679-969b-f223fc2c17f1,scooter,39.949084,-82.99192,,28.14,True,False,False,0
Veo,8389dc33-ec11-5583-80d8-e762c83c8f67,scooter,40.009812,-83.000536,,24.84,True,False,False,0
Veo,cd7e64bd-620a-5336-a374-2b2e30d78559,scooter,39.97874,-83.004174,,28.14,True,False,False,0
Veo,15b455c4-55e3-53a9-8f6d-01dba5080dcf,scooter,40.007816,-82.998779,,26.51,True,False,False,0
Veo,f5463442-857d-5063-b0a6-c4e010a9138d,scooter,39.984029,-83.016819,,15.18,True,False,False,0
Veo,9279f950-3d55-5587-9383-7a855a3eb78c,scooter,40.011528,-82.954326,,22.7,True,False,False,0
Veo,a8f29066-7aac-53c4-9b55-dfa1ceebcdd8,scooter,40.000247,-83.014924,,28.14,True,False,False,0
Veo,da8001ba-c393-5594-ba72-2a9b9560ad78,scooter,39.958558,-83.002737,,26.25,True,False,False,0
Veo,53fde29a-23d8-543b-9b47-921b39859d58,scooter,40.001838,-83.00833,,25.65,True,False,False,0
Veo,f6a9fafd-0a14-50c2-a5c7-0c7135b75270,scooter,39.967385,-83.005289,,22.39,True,False,False,0
Veo,65780103-900e-50dd-afd6-de47d3e88d27,scooter,39.962831,-83.000868,,11.83,True,False,False,0
Veo,537bc1d3-6461-560d-b455-ef59fc609e06,scooter,39.994479,-83.001909,,15.18,True,False,False,0
Veo,6f64fb59-ea55-5cfc-83ab-b1dcc241dd39,scooter,39.966024,-83.002806,,24.06,True,False,False,0
Veo,8acc6f40-ae62-515f-a864-d2626809bbf5,scooter,39.969164,-83.000928,,28.14,True,False,False,0
Veo,e35a88a9-c549-5dc5-a601-2700a64ab251,scooter,39.993946,-82.983379,,28.14,True,False,False,0
Veo,2d0334d3-5540-52ad-9daf-b9e34f18d69d,scooter,39.990372,-83.005649,,15.18,True,False,False,0
Veo,7beae17f-cc2c-514b-a037-94d5ecd0ebce,scooter,39.998133,-83.007892,,12.63,True,False,False,0
Veo,946d57ec-222d-5bd7-bcb1-43766eddd31f,scooter,39.997059,-83.018059,,21.49,True,False,False,0
Veo,e42fcbe8-d1d6-5899-a4ad-6ae8a1449d05,scooter,40.00588,-83.009291,,9.29,True,False,False,0
Veo,159bc08f-ab5a-558e-a839-2484493bffe8,scooter,39.957437,-83.011483,,24.33,True,False,False,0
Veo,945711c7-3bab-5396-9798-b429bb6f357a,scooter,39.936773,-82.983505,,25.94,True,False,False,0
Veo,de3c418d-84de-5f55-b0b4-3acf31a5540d,scooter,39.962361,-82.958249,,28.14,True,False,False,0
Veo,31f23b66-4b15-5aba-bf85-690d72638908,scooter,39.967357,-83.003115,,22.7,True,False,False,0
Veo,64dc22bd-b03a-5053-b98a-f177177b03d6,bicycle,40.011959,-83.005697,,24.84,True,False,False,0
Veo,a3e02a42-0e43-5eee-86b9-1654ca52ccc6,scooter,40.039641,-82.99545,,26.51,True,False,False,0
Veo,76e078fc-dc3d-55f5-8011-4dbe2a0bc31c,scooter,39.990708,-83.023354,,11.83,True,False,False,0
Veo,31a1217f-125f-54d6-bbcd-fca16fe0cc6b,scooter,39.957457,-83.01273,,25.12,True,False,False,0
Veo,d81e798a-b5dc-59f4-921e-dce3a1151705,scooter,39.951344,-82.979244,,25.74,True,False,False,0
Veo,0a8e7e7f-b005-5283-931e-c0eb8af4e909,scooter,39.994269,-82.994404,,24.84,True,False,False,0
Veo,9e395b10-0d78-553e-af50-923611d35cfb,scooter,39.962157,-83.004174,,28.14,True,False,False,0
Veo,24bceaac-eb7a-5467-83f8-eee38691e99f,scooter,39.942,-82.99499,,28.14,True,False,False,0
Veo,1265c018-e987-5d02-ab1e-7c84b897d012,scooter,40.001876,-83.001111,,24.06,True,False,False,0
Veo,681c4262-06d1-5616-99f5-04a3bba83424,scooter,39.972396,-83.005578,,18.67,True,False,False,0
Veo,1a776d36-3117-5206-9a59-d0d9c0c92687,scooter,39.955745,-82.9968,,28.01,True,False,False,0
Veo,9300a579-71aa-5177-9335-3c2bf84357cc,scooter,39.973492,-83.004386,,28.14,True,False,False,0
Veo,f43189b2-280e-53e9-b9ff-f469a269250b,scooter,39.988201,-83.005961,,24.84,True,False,False,0
Veo,fbc5439e-b12f-5d3e-95af-7c4170dc45e2,scooter,39.958699,-83.025151,,12.28,True,False,False,0
Veo,8b601d0e-42f2-5c54-ad6a-568f996a5631,scooter,39.968925,-83.003955,,21.15,True,False,False,0
Veo,4701be92-4b2b-5127-9f84-52ff97469ded,scooter,40.010212,-83.012291,,25.65,True,False,False,0
Veo,ee797a78-cc0a-5c2d-9073-fa872d8b37bb,scooter,39.964911,-83.008355,,22.7,True,False,False,0
Veo,f438014d-22d4-5168-9c02-c8f10d7663c1,scooter,39.94508,-82.867909,,25.65,True,False,False,0
Veo,20c90e26-b99a-5943-8a04-fb5b6d4b4dcc,scooter,39.988536,-83.027939,,19.05,True,False,False,0
Veo,d60f7311-f1fc-535c-8faa-1abcbe8a112c,scooter,39.956689,-82.97355,,14.17,True,False,False,0
Veo,3c4e65cd-6a92-539a-87f2-030c5038a376,scooter,40.002536,-83.020848,,25.94,True,False,False,0
Veo,a9e3fb74-ed2f-594f-be9b-06bf9a5749f9,scooter,40.009751,-82.982779,,28.14,True,False,False,0
Veo,4bd09745-9976-57c2-8fac-2e5381b79e1e,scooter,39.9585,-83.00275,,27.44,True,False,False,0
Veo,1143a202-4463-59fb-8f4a-2e90c9feb99e,scooter,39.986884,-83.009477,,12.07,True,False,False,0
Veo,f3fa7133-e54b-5d90-b253-00272400dad3,scooter,39.938577,-82.996778,,7.29,True,False,False,0
Veo,1803e610-0f22-5530-864e-35ae27f42676,scooter,39.998094,-83.015933,,12.28,True,False,False,0
Veo,4270ec0d-6c56-5188-b471-3ad7e8597a6b,scooter,39.89796,-82.995446,,10.51,True,False,False,0
Veo,552e5cd1-2c7c-59ed-bf01-e2aa4b104553,scooter,39.96902,-83.003931,,24.33,True,False,False,0
Veo,827b887f-22c5-5d89-a2d2-cd7b0c3f54c8,scooter,39.956053,-82.951416,,28.14,True,False,False,0
Veo,3aec7e79-8572-5a66-9350-9d6abac9cde8,scooter,39.997732,-83.00649,,4.78,True,False,False,0
Veo,f794c551-cf5e-52a2-a2bf-ba4daee4535e,scooter,40.036201,-83.025807,,8.43,True,False,False,0
Veo,ea42ad03-0c50-5852-8c91-6772021e3df0,scooter,39.990169,-83.005344,,28.14,True,False,False,0
Veo,fe799fc4-2ce9-551e-87e5-359a246f623f,scooter,39.957436,-83.011495,,25.65,True,False,False,0
Veo,34a861da-5998-5d32-9a08-48a1fc9c4418,scooter,39.95779,-82.995622,,9.29,True,False,False,0
Veo,4103ddde-174a-5358-b167-6c447182d237,scooter,39.95302,-82.992532,,25.65,True,False,False,0
Veo,94f53b30-a0b9-59e6-94a7-bddcdecdcf94,scooter,39.958987,-83.00199,,13.64,True,False,False,0
Veo,92ba9e30-4110-5366-b1f5-7e4c972aa7d7,scooter,39.945797,-83.084681,,13.86,True,False,False,0
Veo,c9e0aace-7a5d-5649-8611-b899aa9445fa,scooter,39.957407,-83.011414,,24.33,True,False,False,0
Veo,1c25ee45-b95f-5b29-8e6a-103b12f18740,scooter,40.005938,-83.009249,,15.45,True,False,False,0
Veo,957fe590-070a-554d-ada3-f2a9e60efb75,scooter,39.966105,-82.962276,,11.59,True,False,False,0
Veo,a7a735e7-f4dc-55d7-a4b1-7bb870daf8e0,scooter,39.967308,-83.003076,,25.12,True,False,False,0
Veo,6c306d27-6426-52ce-b222-2da1491948a9,scooter,39.990255,-82.989763,,22.39,True,False,False,0
Veo,ffffb1a5-93d0-5e15-be13-c398b66c13b6,scooter,40.001584,-83.026876,,11.34,True,False,False,0
Veo,532aa192-4de1-5948-9f61-c0c5a84f089a,scooter,40.10062,-83.115567,,19.78,True,False,False,0
Veo,136591d3-6ce6-5f49-b30f-44c821cd8a2f,scooter,40.00192,-83.001187,,7.29,True,False,False,0
Veo,9897c662-711c-52a2-ae84-9579efd6c516,scooter,39.980676,-83.005382,,28.14,True,False,False,0
Veo,02a5fafa-c233-5241-9d5d-455a10265209,scooter,39.993526,-82.981138,,13.86,True,False,False,0
Veo,c0f7aff7-0c34-5c6b-973d-92cc465ce354,scooter,39.957805,-83.009977,,28.01,True,False,False,0
Veo,02c8554c-b32e-5238-b94d-cd530397f215,scooter,39.968938,-83.003984,,28.14,True,False,False,0
Veo,714206c4-cc3e-5425-82ce-f6331a2008ee,bicycle,40.026313,-83.024963,,28.14,True,False,False,0
Veo,fb3e93ba-8c99-5edf-a5f9-453147858127,bicycle,39.978182,-83.007601,,19.39,True,False,False,0
Veo,dee6a573-735e-51a1-b576-10e9d5eb2c1e,scooter,40.005873,-83.009312,,13.86,True,False,False,0
Veo,6462ea58-bf13-56b2-a40a-e870bb01e7d8,scooter,39.986911,-83.00945,,19.78,True,False,False,0
Veo,265d158a-fc3c-5fd8-b1e7-6f209dca78bb,scooter,39.951898,-83.035709,,28.14,True,False,False,0
Veo,2ff89894-f819-5508-80b6-41813375f1c3,scooter,40.001353,-82.999582,,19.39,True,False,False,0
Veo,d7ea99f5-c911-5577-a454-619d2a1faa39,scooter,40.100791,-83.115553,,14.43,True,False,False,0
Veo,dad0f7dc-4b69-5f62-9715-89bb6e5325da,scooter,39.987844,-83.008374,,19.05,True,False,False,0
Veo,ac63f34f-5966-588e-8d11-7c9a8c860247,scooter,39.997202578135735,-83.00807043228417,,0.33,True,False,False,0
Veo,5a9d9284-897f-56c4-a407-a1486bc9b5a6,scooter,39.97042,-83.002556,,18.67,True,False,False,0
Veo,d6e400a3-9a31-561a-bf09-71f5a41347d0,scooter,40.010615,-83.000838,,27.02,True,False,False,0
Veo,5e38f40d-496f-5e3f-b143-d85400f82a57,scooter,39.956638,-82.988042,,26.78,True,False,False,0
Veo,1965df1b-4c11-5516-83da-98eebf3e966a,scooter,39.958564,-83.002683,,24.84,True,False,False,0
Veo,e2e37893-69d4-57dd-87af-22dfb4cc84f2,bicycle,39.965548,-82.995752,,28.14,True,False,False,0
Veo,fc79dbf3-85be-5fc8-b26b-58f597215545,bicycle,39.954435,-82.907352,,28.14,True,False,False,0
Veo,511e2d7e-2b02-51fb-9e71-b75d06083076,scooter,39.970611,-83.002303,,28.14,True,False,False,0
Veo,af6e6e90-2901-5228-8aa7-6fd0628a4a38,scooter,39.984725,-83.016865,,28.01,True,False,False,0
Veo,4a226e32-ede8-5455-8d88-29ec18791a1b,scooter,39.967351,-83.017855,,22.7,True,False,False,0
Veo,f482a0a8-3232-5605-aebb-b63bf08e1852,scooter,40.011588,-82.978081,,27.77,True,False,False,0
Veo,eb7dc1b2-dbc8-5d0d-a8c2-c5ddfb94fd0e,scooter,39.933211,-82.95518,,28.14,True,False,False,0
Veo,fd52b876-5819-584c-a6cd-25f85298ca41,bicycle,39.966747,-82.993124,,6.67,True,False,False,0
Veo,829f241d-8ef4-5649-8911-f18414707ad0,bicycle,39.936663,-82.993036,,12.63,True,False,False,0
Veo,b1d34ab6-e426-569f-9d2e-1620c41080d8,bicycle,40.104224,-83.111485,,27.18,True,False,False,0
Veo,77ce11c3-6dc3-520b-8a22-a09bcbea3ea8,bicycle,39.985793,-83.012844,,23.02,True,False,False,0
Veo,8906471f-5eb4-5b57-b75b-b0c39a74fc01,bicycle,39.957187,-82.990061,,19.39,True,False,False,0
Veo,3b6f034b-a258-5dc9-bb6e-df9ca004e3b2,bicycle,39.997839,-83.009429,,25.34,True,False,False,0
Veo,911095ae-8f98-5ea1-bf24-d53db0ea74ba,bicycle,39.961858,-82.981381,,26.25,True,False,False,0
Veo,a7e98665-a3bf-5d08-b94d-22ac373558c9,bicycle,39.94902,-83.03205,,11.83,True,False,False,0
Veo,f9e0b285-8e4c-5a61-bef6-d598b307cf32,bicycle,40.003124,-82.998423,,28.14,True,False,False,0
Veo,e7dd21cf-85d0-5746-b3c3-b50d5c665ebc,bicycle,40.000152,-83.016609,,13.86,True,False,False,0
Veo,a2cb1292-c17a-50d3-998f-e3817ff96cac,bicycle,39.961498,-82.99336,,25.65,True,False,False,0
Veo,7e2e4124-d0be-5c0c-8ad5-ec4a96db290c,bicycle,39.968984,-82.940265,,28.14,True,False,False,0
Veo,faa2f63c-42d2-5e27-ae78-a1cf3023d463,bicycle,40.000254,-83.018018,,25.74,True,False,False,0
Veo,b44ea417-89e9-5a47-8714-475071863722,scooter,39.997909,-83.009478,,14.17,True,False,False,0
Veo,a26cde30-ebc5-5f7e-95c1-d8347b92d2e2,scooter,39.968004,-82.949141,,15.45,True,False,False,0
Veo,e58aa964-8200-504b-91b5-0c9ff47b9850,scooter,39.996949,-83.013674,,28.14,True,False,False,0
Veo,4589be5d-f023-5153-83de-9a360744c4d0,scooter,39.968815,-82.968268,,25.74,True,False,False,0
Veo,5ba7a800-eb40-5384-99d7-d24abe4e060c,scooter,39.957561,-83.011753,,28.14,True,False,False,0
Veo,74d0305a-08e1-5fe8-8660-c55cae985208,scooter,39.955333,-83.017446,,14.86,True,False,False,0
Veo,2bb12d20-6db2-524d-8233-47ff8b1bdc00,scooter,40.024446,-83.026341,,10.31,True,False,False,0
Veo,a56d28fb-01bf-57e8-957c-a33b2a9cac54,scooter,39.997094,-83.008417,,27.44,True,False,False,0
Veo,913e1457-13f8-5f62-bf64-e0584aca788f,scooter,39.968887,-83.004063,,28.14,True,False,False,0
Veo,3514aa26-bb67-5444-aebd-43243f41377c,scooter,39.96187,-83.000436,,28.14,True,False,False,0
Veo,57e97385-ff7a-5184-9fb5-684cce78e2b2,scooter,39.950156,-83.000264,,23.33,True,False,False,0
Veo,7a2318d9-6aac-5460-badf-e2111904fef0,scooter,39.966672,-83.00274,,14.61,True,False,False,0
Veo,46af2117-3384-55bc-92df-e36513a6578f,scooter,39.983808,-83.026316,,22.05,True,False,False,0
Veo,82b1b638-bbbd-5ea4-a212-a7ebd9c8523a,scooter,39.969092,-82.998599,,7.29,True,False,False,0
Veo,808f3522-5c5c-57ce-af87-f8ad4c6d0d36,scooter,39.946111,-83.036202,,28.14,True,False,False,0
Veo,ecb0c2a2-9f96-5bde-bc69-94ebd0bbc856,scooter,39.99657,-83.003894,,28.14,True,False,False,0
Veo,c008b478-4766-5068-96b7-d183d35806d3,scooter,39.95867,-82.999973,,10.51,True,False,False,0
Veo,3f192d2b-618b-5ead-8878-737fd0bc1b3e,scooter,40.004102,-83.015454,,8.78,True,False,False,0
Veo,042e9d06-2f4b-5fa5-9804-7ec384a51895,scooter,39.951756,-82.955756,,25.12,True,False,False,0
Veo,bb55fcb8-87cd-5e33-8282-cf21cd2eda94,scooter,40.105276,-83.107277,,25.34,True,False,False,0
Veo,be333ad5-4be0-5965-a4df-e3291be07465,scooter,39.998086,-83.007868,,25.65,True,False,False,0
Veo,1c0101c2-be56-5fbc-b590-a31a63dc6f01,scooter,39.957393,-83.011419,,17.37,True,False,False,0
Veo,9bc68fcc-7c34-5fbe-bd10-1cfaa009fc21,scooter,39.962033,-83.004162,,28.14,True,False,False,0
Veo,fe3f99d1-0e65-5a74-a8f0-ffc561fdd09b,scooter,39.994101,-83.005748,,24.84,True,False,False,0
Veo,c6623444-83da-579b-a4db-4dd19c1dfbbf,scooter,39.992264,-83.002886,,15.89,True,False,False,0
Veo,db23019e-5517-5289-a6c6-0b05787c0524,scooter,39.972127,-83.002468,,14.43,True,False,False,0
Veo,86abf85e-6557-5bff-9e61-bc0b2ec010ae,scooter,40.055848,-83.047657,,9.29,True,False,False,0
Veo,b0e06487-4b29-53f7-970c-572bf4e370c3,scooter,39.987115,-83.012219,,12.07,True,False,False,0
Veo,2d8ad44a-8221-5a86-95e6-18c3e6a0e0d9,scooter,39.963014,-83.004261,,13.64,True,False,False,0
Veo,908cbbb4-6d57-55a5-aa31-546b923cd019,scooter,39.997106,-83.008442,,13.64,True,False,False,0
Veo,2a00c598-95c7-56ad-8553-33e191af2704,scooter,39.964474,-82.982112,,28.14,True,False,False,0
Veo,8c3df145-bb76-5615-9aa2-9c9ee193af71,scooter,39.965854,-83.001504,,28.01,True,False,False,0
Veo,d3341f4e-fc05-5351-aa7f-e29422246555,scooter,40.103438,-83.110787,,13.86,True,False,False,0
Veo,9e336f09-e5ff-53f4-b83a-1cd3e021108d,scooter,40.001567,-82.997306,,7.62,True,False,False,0
Veo,532703fa-791e-5532-af57-1960a58e7148,scooter,39.949285,-82.986935,,28.14,True,False,False,0
Veo,d5d2c027-664b-5fd5-9aee-eaf1daa86556,scooter,39.967855,-83.008639,,25.65,True,False,False,0
Veo,7080780c-f922-5e90-bc03-9874b1446472,scooter,39.954993,-82.976467,,17.89,True,False,False,0
Veo,f33d3024-b69b-581d-a9ee-f5a75343765b,scooter,39.968861,-83.004007,,19.05,True,False,False,0
Veo,954c2fd1-ace6-5c8a-9e9d-03ce1052c99e,scooter,39.970158,-82.979134,,24.33,True,False,False,0
Veo,2f9f2560-6659-55bb-a643-f40dd8289aa7,scooter,39.954799,-83.006729,,24.33,True,False,False,0
Veo,ba542444-fdd5-56a3-a13d-06eace820061,scooter,39.989639,-83.004833,,14.43,True,False,False,0
Veo,6c61433d-0708-54f4-93be-e910248ae91c,scooter,39.968606,-83.004318,,16.84,True,False,False,0
Veo,24329592-d8de-5aff-9ebb-3d6786c1c48e,scooter,39.923848,-82.993526,,11.83,True,False,False,0
Veo,a2a413c3-cf09-5ed1-8dae-3f8d2938b3eb,scooter,39.963242,-82.981334,,25.34,True,False,False,0
Veo,02e799ec-8085-5faa-954f-4bc81c774bef,scooter,39.998042,-83.009507,,13.39,False,True,False,0
Spin,27384247-4c67-4f2e-9d86-9b9b5cdf2233,scooter,39.95741,-83.01289,34,9.8,True,False,False,1787215656
Spin,7b1979a9-8743-46f7-a75f-baef53dbe6c9,scooter,39.957402,-83.012836,26,7.02,True,False,False,1787215528
Spin,2d5ebbec-d18c-40e6-818c-edeb6bbfab23,scooter,40.01701,-82.978433,74,20.19,True,False,False,1787215637
Spin,0311565c-cc8b-40f8-9bd1-a04618391162,scooter,40.016981,-82.978373,35,9.66,True,False,False,1787215545
Spin,82a98832-e3d9-4bd9-a9bd-2b9987616961,e-bike,40.014064999999995,-82.97468333333333,87,23.71,True,False,False,1787215535
Spin,a54dd100-9f0b-4850-8b21-9afd0ba651e6,scooter,39.992839,-83.012307,44,12.0,True,False,False,1787215643
Spin,560876a4-17a1-4360-81ea-04f9decf5b51,scooter,39.960793,-83.013881,52,14.05,True,False,False,1787215670
Spin,321bd1b4-d51d-4b23-ab41-9c0d4890366a,e-bike,39.960726666666666,-83.01401666666668,38,10.24,True,False,False,1787215538
Spin,377de0bb-e4c2-4887-b967-31b49079335a,scooter,39.997404,-82.999003,53,15.01,True,False,False,1787215615
Spin,c190cd82-22c7-426b-a058-b012564f589c,scooter,39.957422,-83.012903,48,13.17,True,False,False,1787215552
Spin,d03915a1-67c2-4c9f-a35f-9b5e87b4a1aa,scooter,39.958384,-83.009186,41,11.12,True,False,False,1787215639
Spin,a91e6e66-2bc3-424d-8199-da721dc1f6f6,scooter,39.967761333333335,-83.0008605,31,8.49,True,False,False,1787215545
Spin,601bd628-cd6c-4003-adfd-da3b24baaf8e,scooter,39.947124,-82.997312,62,16.97,True,False,False,1787215547
Spin,ea9414c9-f198-4024-a46f-ad7708033856,scooter,39.96049,-82.975099,77,21.07,True,False,False,1787215655
Spin,a3efc0a9-b8d0-4555-ab5e-31cbb70b7183,e-bike,39.963051666666665,-83.00430999999999,37,9.95,True,False,False,1787215553
Spin,e795ce5c-c433-40ae-9fc1-34e804535461,e-bike,39.978471666666664,-83.00336833333334,67,18.15,True,False,False,1787215580
Spin,b4541410-f823-48ad-8ae7-46439bd52357,scooter,39.99650483333333,-82.99915293333333,67,18.15,True,False,False,1787215591
Spin,a5b9b429-2398-444f-9aad-f2d423986adb,e-bike,39.957445,-83.01285000000001,70,19.02,True,False,False,1787215602
Spin,faddc470-5a81-47cc-83ab-4e4ba94f96b6,e-bike,39.957485,-83.012835,69,18.73,True,False,False,1787215640
Spin,cb773142-98f3-43eb-9c3f-67c805174cba,scooter,39.960677,-83.013899,42,11.41,True,False,False,1787215667
Spin,70e886bf-0a31-49d2-83de-52690c9b936f,scooter,39.960693,-83.01383,68,18.44,True,False,False,1787215646
Spin,0846500c-ef10-4f38-93e8-6fc0c23338b4,scooter,39.960725,-83.013909,67,18.15,True,False,False,1787215528
Spin,6c8621d4-ab8a-420e-b2cf-de4bc7aefd70,scooter,39.960828,-83.014016,72,19.61,True,False,False,1787215632
Spin,9cce8c2a-df93-491b-b45c-c0e6d7ceca11,e-bike,39.960665,-83.01261833333335,18,4.98,True,False,False,1787215550
Spin,1f91faff-b9e2-46dc-addb-064c03349160,e-bike,39.95759833333333,-83.01142999999999,75,20.49,True,False,False,1787215580
Spin,07528b81-a635-4d20-9597-759436c77bd8,scooter,39.960705,-83.012668,65,17.56,True,False,False,1787215660
Spin,ac5721f0-dbf7-47cf-8582-5bc1b9827399,scooter,39.960759,-83.01278,49,13.46,True,False,False,1787215596
Spin,efd11ab7-4644-403b-a3ca-75bdc659d29d,scooter,39.960824,-83.01276,74,20.19,True,False,False,1787215558
Spin,b4455f58-faa5-4168-beeb-615b46b90fef,scooter,39.97167935,-83.00257949999998,23,6.15,True,False,False,1787215662
Spin,eb63ee24-5fa0-4dbc-8a0d-aa094caccdac,scooter,39.97165025,-83.00257250000001,22,5.85,True,False,False,1787215639
Spin,7b26ad16-2681-40ce-89fd-f09f60f90b14,scooter,39.970799449999994,-83.0020836,44,12.0,True,False,False,1787215634
Spin,5909229f-30ac-4bcd-987e-648bb15041fa,scooter,39.947698,-83.050911,53,14.34,True,False,False,1787215541
Spin,c86c4850-bc34-4597-bfd4-52ea057a4cb2,scooter,39.947951,-83.049368,33,9.07,True,False,False,1787215675
Spin,f145b7d9-1090-430a-b440-ab69347f118f,scooter,39.9486,-83.046769,51,13.76,True,False,False,1787215623
Spin,4c79d05f-8a01-4cf2-864a-c2a6fbddf9a9,scooter,39.960844,-83.014,83,23.59,True,False,False,1787215632
Spin,caf7407d-5c30-487f-9f6b-885e5d2203c2,e-bike,39.960795,-83.01395499999998,37,9.95,True,False,False,1787215645
Spin,30ff6542-9e40-4dc6-9834-17b9a4e6628b,scooter,40.008122,-82.970971,56,15.22,True,False,False,1787215644
Spin,8fc43f70-8198-4af4-a94b-4709bc7a1384,scooter,39.99011013333333,-83.007516,24,6.44,True,False,False,1787215656
Spin,fd684169-188a-43d1-b2c6-b2a0711f41c2,scooter,40.000423,-82.979765,82,22.24,True,False,False,1787215670
Spin,3de66447-1db4-49c3-9d31-407eb471dfa6,scooter,39.997249,-82.977861,53,14.34,True,False,False,1787215678
Spin,40ae97da-86f0-4393-ae59-3aab740a3eb5,scooter,39.997216,-82.977852,69,18.73,True,False,False,1787215672
Spin,47e62b1c-d96f-436c-bffe-4c453ffaec5a,scooter,39.997206,-82.977867,67,18.15,True,False,False,1787215416
Spin,03c243df-cce4-4c67-ba68-059090f1e179,scooter,39.997244,-82.977835,59,16.85,True,False,False,1787215574
Spin,e91f9069-8325-49c2-a61e-f004f032a3dd,scooter,40.013603,-82.967648,75,20.49,True,False,False,1787215573
Spin,67e361db-56e2-49b3-a097-77e3e8cd83f3,e-bike,39.99380333333333,-82.98245166666666,69,18.73,True,False,False,1787215541
Spin,1eea51fb-ce0b-47b1-a158-77a57594aca5,e-bike,39.99380166666666,-82.98244500000001,24,6.44,True,False,False,1787215496
Spin,1b939946-68b2-4e05-8a24-90d5bf46c7ea,scooter,40.000614,-82.973327,44,12.0,True,False,False,1787215453
Spin,2f0868fb-b763-4c98-a161-92f606dfaf46,e-bike,39.96748803333333,-83.0147954,71,19.32,True,False,False,1787215669
Spin,8865c297-5eb7-4e93-9a8f-5b01df261cfc,scooter,40.017093,-82.965547,86,24.51,True,False,False,1787215554
Spin,63c390e4-93a9-4ffb-a3b6-7569ece8a712,e-bike,39.959035433333334,-83.00913629999998,49,13.46,True,False,False,1787215672
Spin,de7c6db5-339a-47d0-9ea5-1287cd170327,e-bike,40.01206,-83.010605,85,23.12,True,False,False,1787215616
Spin,d63c1d15-ec23-434f-8457-edcbbdd8274b,scooter,39.971084,-83.007319,32,8.78,True,False,False,1787215672
Spin,f4c42cb9-84e7-4c06-a2ad-a8aa161f37b0,e-bike,39.96642383333334,-83.0029764,49,13.46,True,False,False,1787215651
Spin,fa32c62f-b7ed-49e0-bd54-69715236dd9b,scooter,40.017039,-82.965525,55,14.93,True,False,False,1787215558
Spin,8d980bf6-15e0-4eb0-bb3b-6e570d174779,e-bike,39.99411548333333,-82.99325990000001,26,7.02,True,False,False,1787215593
Spin,ab187513-b0cd-4217-ae40-d776507d6da8,scooter,39.97721475,-83.0045607,51,13.76,True,False,False,1787215569
Spin,d22a9c4e-ec9c-4947-a50b-4062e6cc740f,scooter,39.955558,-83.012572,30,8.58,True,False,False,1787215440
Spin,cd67e58b-724c-46f5-ba28-e3b875d293b5,e-bike,39.963361633333335,-83.00414889999999,52,14.05,True,False,False,1787215609
Spin,951ed22e-0620-43bb-adc1-f306db8f31e7,e-bike,39.96337243333333,-83.0041503,55,14.93,True,False,False,1787215629
Spin,997bba8e-9c5e-4fe2-9497-67ffefbdd8e7,scooter,39.971653950000004,-83.00264940000001,76,20.78,True,False,False,1787215413
Spin,d33689d7-d744-4b45-a4f9-ccb8663dc08b,e-bike,39.979058333333334,-83.00382666666668,61,16.68,True,False,False,1787215549
Spin,76895cc7-91b1-4843-8ec7-34644fc76fcb,e-bike,39.977199649999996,-83.00442550000001,42,11.41,True,False,False,1787215597
Spin,e2934580-6a17-4ce8-9d13-637c789d8ff7,scooter,39.998949,-83.00495,41,11.12,True,False,False,1787215548
Spin,d8510741-200b-4940-b7f7-44f4052516d4,e-bike,39.96199153333334,-83.00034840000002,17,4.68,True,False,False,1787215601
Spin,afdd46c0-ae3d-4674-9744-da2a3058b55b,scooter,39.964282,-83.001237,56,15.22,True,False,False,1787215666
Spin,716ea1e1-c864-443a-89bb-c6933488665c,scooter,39.98353,-83.004828,70,19.02,True,False,False,1787215632
Spin,f3d16d9a-8d61-4679-94ed-be17d6ff0675,scooter,39.98327783333333,-83.00461859999999,47,12.88,True,False,False,1787215647
Spin,73bda113-6a3e-4080-9c91-4696375e26f3,e-bike,39.986891666666665,-83.00541333333334,67,18.15,True,False,False,1787215549
Spin,52938f6f-62fa-48b8-9afb-7bd075237bcc,e-bike,39.96909333333333,-83.00230833333332,83,22.54,True,False,False,1787215525
Spin,2faf9e74-49ec-4e61-b82d-4466d6c5d85b,e-bike,39.960768933333334,-83.01021199999998,27,7.32,True,False,False,1787215494
Spin,128e6f37-7f1a-4874-933a-1cf3a8a0119f,scooter,39.97557935,-83.0034432,28,7.61,True,False,False,1787215511
Spin,6827d5d0-8acf-45cb-84bd-c745486d9c71,e-bike,39.99297153333334,-83.0072786,25,6.73,True,False,False,1787215644
Spin,fde0ab4c-e968-4b9b-845b-f7648ba7222f,scooter,39.97361885,-83.00292259999999,55,14.93,True,False,False,1787215622
Spin,254b837c-c74c-457c-844d-22defa07fb79,scooter,39.956227,-83.001021,98,26.63,True,False,False,1787215678
Spin,0f2674ab-840f-4da8-826a-0db6f63b43ea,scooter,39.97361,-83.002794,51,14.4,True,False,False,1787215566
Spin,6eb0da5d-4b61-4f0e-a684-285b8ea2a7c2,scooter,39.963214,-82.981664,20,5.82,True,False,False,1787215494
Spin,5b9c562a-40e1-434f-b742-94d946cdc675,e-bike,39.96917333333333,-83.00128166666667,32,8.78,True,False,False,1787215665
Spin,7544e3cf-8b86-43d0-9541-af449a1fef3e,scooter,39.97132655,-83.00477649999999,30,8.19,True,False,False,1787215540
Spin,77bf772e-eb11-4747-b399-99b7370050cf,scooter,40.014589,-82.982421,31,8.49,True,False,False,1787215650
Spin,70c01d80-859e-457f-bb3d-6f8403b79ef3,scooter,39.973622,-83.002829,39,10.54,True,False,False,1787215570
Spin,ef622f4c-c800-445f-b485-a118db4aa780,scooter,39.972218,-83.002495,74,20.19,True,False,False,1787215610
Spin,d405df29-f292-486f-8d97-b39371c2b8c9,e-bike,39.97104935,-83.00684180000002,62,16.97,True,False,False,1787215638
Spin,1baf4036-edd9-4e01-a078-b5ff07712ee0,scooter,39.991364,-83.005994,18,4.98,True,False,False,1787215510
Spin,9e08494b-f11c-4d85-8803-ab845a04e721,scooter,39.94947,-83.041685,41,11.64,True,False,False,1787215591
Spin,bb48c39e-d2cc-4ce3-9ff3-8fbd392f1202,scooter,39.97130085,-83.0047638,59,16.1,True,False,False,1787215634
Spin,48dcdba1-c9f1-45f7-9da0-a29ea27bc10d,scooter,39.97085155,-83.00426889999999,81,21.95,True,False,False,1787215408
Spin,43a69367-6ba7-493d-9942-77e45ceb6fe2,scooter,39.957277,-83.012767,78,21.36,True,False,False,1787215542
Spin,5611a9c1-00e1-4a98-ac9a-66cf19df0dda,e-bike,39.96304166666666,-83.00424833333334,94,25.46,True,False,False,1787215592
Spin,fee4501d-a1a8-423c-bcbb-9be514ec1537,scooter,39.993343833333334,-83.00570279999998,82,22.24,True,False,False,1787215598
Spin,2d37ccb3-8a1b-4e52-93e3-7d00e33db1ae,e-bike,39.97718285,-83.00465100000001,49,13.46,True,False,False,1787215610
Spin,6070f9f1-c48b-449a-bfcb-4524393aadab,scooter,39.941397,-82.982735,73,19.9,True,False,False,1787215521
Spin,b068edb1-8de6-424a-a88f-fe12099ff3d9,e-bike,39.999492833333335,-83.00723099999999,43,11.71,True,False,False,1787215511
Spin,8a5f4f74-d175-4bef-a1c1-1256eca932d0,scooter,39.947302,-83.05314,85,23.12,True,False,False,1787215670
Spin,55def841-f6b1-4509-affd-40cda410a134,e-bike,39.96239753333334,-82.99845803333334,22,5.85,True,False,False,1787215514
Spin,df573288-9006-408e-b53e-398eb4a71dd6,scooter,39.949439,-83.04176,33,9.07,True,False,False,1787215666
Spin,b31fb724-9865-4d09-8e6c-f4b070841131,e-bike,39.974623333333334,-83.003,52,14.05,True,False,False,1787215546
Spin,21e217ea-230f-45fd-b772-d4c0e86e60e4,e-bike,39.97780125,-83.0029575,35,9.66,True,False,False,1787215669
Spin,c073ba8f-4ba1-4ff4-8789-bd1bd058dae7,scooter,39.957501,-82.99006,43,11.71,True,False,False,1787215641
Spin,4a21e33a-10be-4c74-94eb-3e20bc5df8cd,scooter,39.972350649999996,-83.0028488,41,11.12,True,False,False,1787215545
Spin,01d694c0-3c67-49aa-8af6-892ecf9c46be,e-bike,39.972986666666664,-83.00286,82,22.24,True,False,False,1787215609
Spin,ecf093dc-490a-4edb-9508-b371f40016f2,scooter,39.97085415,-83.0020689,78,21.36,True,False,False,1787215522
Spin,a43503b2-0c83-491d-a761-3524183c2396,e-bike,39.959178933333334,-83.0027186,66,17.85,True,False,False,1787215561
Spin,7ecd430d-ed83-47b0-9158-6ba2b813c679,scooter,40.017923,-82.977263,85,24.2,True,False,False,1787215497
Spin,39eb44bc-295b-435e-9b54-90f97f9e4ef5,scooter,40.017164,-82.965423,87,23.71,True,False,False,1787215648
Spin,35ae6be2-c010-427e-9572-f603ccf7c0be,scooter,39.969928,-82.978176,22,6.13,True,False,False,1787215650
Spin,bf309e9c-556e-44c2-84bb-cb29f88e7fd4,scooter,39.985562,-82.995331,19,5.27,True,False,False,1787215491
Spin,88a591d2-890e-467b-afe8-8894fcf558d7,scooter,39.997897,-83.006707,48,13.79,True,False,False,1787215637
Spin,b736a7cd-89be-4661-98c8-9ef21bef592c,scooter,39.967734,-83.012244,80,21.66,True,False,False,1787215639
Spin,b4679c00-cd02-4bc6-bbae-0a0616e4c90b,e-bike,39.96780666666667,-83.01212833333332,81,21.95,True,False,False,1787215542
Spin,00d62c8f-3cb0-4c64-a84a-54540a8ed3e0,e-bike,39.967751666666665,-83.012105,56,15.22,True,False,False,1787215545
Spin,81d0ef2b-496d-4da0-8997-c6c268631ae6,e-bike,39.967773333333334,-83.012105,82,22.24,True,False,False,1787215543
Spin,a192778d-0393-42da-b5f5-b7cbe4d90362,e-bike,40.00411999999999,-83.00848166666668,53,14.34,True,False,False,1787215580
Spin,f68af719-201f-4eb7-9635-2075cedcbbb0,e-bike,40.006811299999995,-83.00980740000001,41,11.12,True,False,False,1787215531
Spin,bb44280f-4c9c-44b4-aa37-8750eae9cc36,e-bike,40.0067996,-83.009812,60,16.39,True,False,False,1787215497
Spin,c617ca41-3b38-4878-8805-0c816274d6d8,scooter,39.938239,-82.984158,40,10.83,True,False,False,1787215615
Spin,9f5342d4-7d98-4969-9b0f-3549824ce525,scooter,39.969143,-83.002234,37,10.42,True,False,False,1787215601
Spin,b2acbb6c-474e-40bf-a203-f27ea8a8515c,scooter,39.969516,-83.001253,72,19.61,True,False,False,1787215518
Spin,46f20d0a-c0a3-42f0-8207-6eec910efeee,e-bike,40.002806299999996,-83.0085403,82,22.24,True,False,False,1787215430
Spin,cc328335-5d0e-47f7-9723-6483c4851a28,e-bike,39.99322666666667,-83.00671333333334,45,12.29,True,False,False,1787215546
Spin,184cd8f9-6bdb-47c9-adef-d07585b93902,e-bike,39.968988933333335,-82.99995303333331,73,19.9,True,False,False,1787215643
Spin,3adfae6c-c7da-42ad-bb7c-b780814dc8f2,e-bike,39.96911133333333,-83.00234010000001,69,18.73,True,False,False,1787215629
Spin,f011ff5d-65b1-4cb5-a078-729cc380b812,e-bike,39.969102649999996,-83.00236453333333,68,18.44,True,False,False,1787215623
Spin,cf39ee87-f949-4a6c-bd1b-4d91fc24a2ef,e-bike,39.99687143333333,-83.00687690000001,44,12.0,True,False,False,1787215646
Spin,b8eef665-e715-4486-8dfc-6048e04c5f4a,scooter,39.939654,-82.987718,81,21.95,True,False,False,1787215588
Spin,d23326b2-b908-4edb-943b-e03c1c051439,scooter,39.939664,-82.987729,82,22.24,True,False,False,1787215675
Spin,f7d25e9f-4663-4338-90a9-23cfec004d7c,scooter,39.939681,-82.987714,83,22.54,True,False,False,1787215663
Spin,ede7a27f-afb5-4681-a92f-dd35dd7b0939,scooter,39.962493,-82.999581,43,11.71,True,False,False,1787215659
Spin,80f573da-ce0a-4711-a04c-a91f6efcb19e,e-bike,39.984694233333336,-83.00839470000001,22,5.85,True,False,False,1787215656
Spin,fe0770ca-a78e-4427-bbd5-db129e07242b,e-bike,39.96933166666667,-83.00176166666667,69,18.73,True,False,False,1787215644
Spin,775694b1-03c0-47a3-8031-c0549b53e0f8,scooter,39.938239,-82.984282,31,8.49,True,False,False,1787215670
Spin,524f09d2-b3d3-4dbe-ae07-fe6aba5f8118,scooter,39.952555,-83.027465,39,10.54,True,False,False,1787215669
Spin,699fe346-e8fa-4bc0-9dbf-c6ce56ef4f1e,e-bike,39.97216005,-83.00252909999999,54,14.63,True,False,False,1787215632
Spin,c0eae62f-f0b1-420c-be9d-6316f89ea92a,scooter,39.97084155,-83.00212609999998,20,5.56,True,False,False,1787215593
Spin,34af90dd-471f-44e4-9baf-6547ee1f4642,scooter,39.962261,-82.981956,29,7.9,True,False,False,1787215657
Spin,c669c477-d282-4f6d-9682-2573fe34f3e7,e-bike,39.99511333333333,-83.00697166666666,41,11.12,True,False,False,1787215471
Spin,ea7d0e4f-55b9-4c75-a5d2-c48a9adbddc4,e-bike,39.954172416666665,-82.99882461666667,48,13.17,True,False,False,1787215613
Spin,83048369-262b-4102-87cb-e96d5018c57f,scooter,39.952275,-83.037198,55,15.62,True,False,False,1787215667
Spin,ed35e220-cdd1-4651-960c-52ac2f3c8922,e-bike,39.97335865,-83.00473590000001,42,11.41,True,False,False,1787215510
Spin,36f5d20d-a44b-4d5d-9df4-1a0ecb254f93,scooter,40.00181,-83.008186,94,25.46,True,False,False,1787215679
Spin,656cb4ce-d436-4ffe-908f-87ff17acc525,scooter,39.985926250000006,-83.0049232,49,13.46,True,False,False,1787215645
Spin,b0f27e71-a58e-4044-ab89-efd3877c3081,scooter,39.997901,-83.00673,89,24.29,True,False,False,1787215528
Spin,dd1091a7-4676-4131-b1a8-7500e6bbc2aa,e-bike,39.997851833333335,-83.00570250000001,84,22.83,True,False,False,1787215598
Spin,94f90a95-0288-4d66-87b9-8f29ab168281,e-bike,39.99784543333333,-83.00572410000001,82,22.24,True,False,False,1787215636
Spin,1c026e26-722f-4665-89ac-cd7e5a6c2644,scooter,39.993286,-83.006718,92,25.17,True,False,False,1787215665
Spin,1e7768d5-c499-4100-983a-3bd002bd92b6,scooter,39.97866865,-83.0045762,87,23.71,True,False,False,1787215529
Spin,568899ed-3e45-45b0-b660-24ea03f49e6d,scooter,39.970834350000004,-83.00212439999999,85,23.12,True,False,False,1787215665
Spin,bbd35817-3e77-4c85-a8a7-72182353fed1,e-bike,39.96899823333333,-83.00342199999999,86,23.41,True,False,False,1787215602
Spin,34138473-1fa3-4b9f-91e8-82ca7a2ee9f8,scooter,39.961856,-82.999775,32,8.78,True,False,False,1787215579
Spin,cb6d7fb6-f098-4b20-8ea7-7743a4cb2049,e-bike,39.99410193333333,-82.99313413333333,80,21.66,True,False,False,1787215600
Spin,2a0b1a15-9898-4990-b2d4-9d72d10d8909,scooter,39.99636783333334,-82.99917373333334,88,24.0,True,False,False,1787215631
Spin,dbb5620d-a5a4-4361-a3c9-8580633e9579,scooter,39.969105,-83.002362,94,25.46,True,False,False,1787215666
Spin,426e06fc-e358-4b83-87b9-e093d38d86f2,scooter,39.966215,-83.002442,94,25.46,True,False,False,1787215471
Spin,914fe575-a33c-4fa2-a807-5bd007382206,e-bike,39.974576666666664,-83.00328499999999,96,26.05,True,False,False,1787215541
Spin,5cdf16e0-3b7c-4d30-84c8-8cf7afd2a73e,e-bike,39.97947333333333,-83.00335500000001,98,26.63,True,False,False,1787215562
Spin,099c1abe-40f4-4737-9c5a-dfdb885f315e,e-bike,39.96191133333333,-83.0044518,89,24.29,True,False,False,1787215676
Spin,6eaaa59a-6859-48c4-9a24-b131217c94ad,e-bike,39.96076803333334,-83.01367030000002,86,23.41,True,False,False,1787215658
Spin,56d874b8-09e1-42d1-af43-41f42bdb8eb7,scooter,39.935786,-82.997301,38,10.24,True,False,False,1787215598
Spin,d870f046-a5bf-41fa-b112-7cc05f7017e8,scooter,40.013305,-83.010883,32,9.19,True,False,False,1787215673
Spin,7a6d5529-e56e-4ce9-9c92-d785eefd2ba4,e-bike,39.96579073333333,-82.97329085000001,61,16.68,True,False,False,1787215522
Spin,feb1c5b4-5fa3-4138-ad38-46c6674790ed,scooter,39.972111,-82.959275,38,10.24,True,False,False,1787215635
Spin,ff6cb990-061b-4a2a-ae94-56d0ad41510f,e-bike,40.01448666666667,-82.98805499999999,54,14.63,True,False,False,1787215553
Spin,7b4c5678-ce66-4505-8e95-e8dfbb651299,scooter,40.01527,-82.98201,62,16.97,True,False,False,1787215672
Spin,387c7173-3573-4489-89d8-17987e047402,scooter,40.00768,-83.002576,54,14.63,True,False,False,1787215635
Spin,07abc328-7f74-4e7a-9cda-08d5c431b5b1,scooter,39.95863343333333,-82.97881385000001,56,15.22,True,False,False,1787215615
Spin,81a15148-30c8-436a-ab9d-d4f781060410,e-bike,39.972155150000006,-83.00269859999999,32,8.78,True,False,False,1787215485
Spin,a8f63a8a-0ede-48e1-85c5-70fc07bbd90e,e-bike,39.95598833333334,-83.01223333333334,59,16.1,True,False,False,1787215542
Spin,8c28a103-4e4b-4be6-a8dc-b75dcbde0c66,e-bike,40.01027833333333,-83.01344833333333,31,8.49,True,False,False,1787215514
Spin,ffce3b6e-4663-4dca-b883-f84246b19802,e-bike,39.98080783333333,-83.0050726,85,23.12,True,False,False,1787215655
Spin,4e68c372-a154-41c3-a147-d6554a7a20de,e-bike,39.96915,-83.00221166666667,29,7.9,True,False,False,1787215553
Spin,e895f591-0a53-40b6-84e8-3de46b4535a3,e-bike,39.959020583333334,-83.00916833333333,68,18.44,True,False,False,1787215643
Spin,6add2dbd-b15b-4a2a-9710-60ad04491b9d,e-bike,39.97072,-83.00212666666667,81,21.95,True,False,False,1787215573
Spin,8cd1724b-c9ff-4bfa-81d5-3f49caf177ce,e-bike,39.961708333333334,-83.00378666666666,54,14.63,True,False,False,1787215571
Spin,2a440fd8-62d6-4a39-bbe4-5f37ef3efe66,e-bike,39.979045649999996,-83.00380009999999,42,11.41,True,False,False,1787215625
Spin,0b8fd760-990f-47b3-8634-d9b4b9cbf458,e-bike,39.97901545,-83.0037738,54,14.63,True,False,False,1787215624
Spin,ef6e97ee-2ed1-4ce8-86d5-9999474696d8,scooter,39.979036449999995,-83.0037593,40,10.83,True,False,False,1787215677
Spin,a1dccefe-7835-4984-8339-c366e47171a5,e-bike,39.992835,-83.00679999999998,75,20.49,True,False,False,1787215548
Spin,8ac5e345-390d-4e02-aa95-e0bb6ded1678,scooter,39.992784433333334,-83.0068558,35,9.66,True,False,False,1787215575
Spin,ee61e0c5-350e-4efc-8ee9-55dc2f978cfd,scooter,40.0109906,-83.00031240000001,29,7.9,True,False,False,1787215440
Spin,c502a68c-94eb-4eb9-9109-2d9fdc8fe01e,e-bike,39.953718333333335,-82.97989834999998,63,17.27,True,False,False,1787215457
Spin,599615df-440c-4383-9af4-28794709550c,e-bike,40.0332413,-83.0007954,86,23.41,True,False,False,1787215539
Spin,e0cc0c0f-4485-4cfa-9fe5-1b21c773cf1f,scooter,40.032595,-82.98947,91,26.04,True,False,False,1787215545
Spin,e9d42662-c2f7-43e2-b12e-ea5889cc4202,scooter,40.011967,-82.968596,46,13.17,True,False,False,1787215665
Spin,018a7d26-566e-4179-88cb-b22454650f93,scooter,40.013809,-82.968041,91,26.04,True,False,False,1787215529
Spin,29edbae4-7794-461d-915a-f51d72e850ee,scooter,40.00809,-82.97097,90,25.73,True,False,False,1787215574
Spin,bc98504c-305e-4dc0-b800-76be4c50ef4f,scooter,40.013724,-82.967971,95,25.75,True,False,False,1787215573
Spin,fb86c44a-25e1-4f0a-b91a-ce1db23f2132,e-bike,40.00716166666667,-82.97129166666667,96,26.05,True,False,False,1787215544
Spin,8365bdfe-44d5-457c-ac83-579f1a281367,scooter,40.00018,-82.981781,82,22.24,True,False,False,1787215629
Spin,d2b8f8ae-74dc-4cc8-9a26-510bcd796197,scooter,39.993591,-82.981075,83,22.54,True,False,False,1787215513
Spin,c89bc04b-c857-44aa-92e6-1ce7788649c9,scooter,39.96174,-83.003447,51,14.4,True,False,False,1787215675
Spin,1de28b05-0928-4157-81b7-196b7de356f8,scooter,39.997981,-83.007507,70,19.91,True,False,False,1787215573
Spin,18ce5752-f67e-4e7e-bd17-b0c7261be100,scooter,39.988596,-82.997248,73,19.9,True,False,False,1787215531
Spin,05e5a9ff-6708-43ae-b45d-e809d1b042f5,e-bike,39.963920933333334,-82.98478783333333,26,7.02,True,False,False,1787215611
Spin,f92b6757-3b3d-43bf-ba9e-65e30d0bf03f,scooter,39.989761,-82.999322,95,25.75,True,False,False,1787215564
Spin,c95ead73-8192-445a-b2f9-eac42c6867b8,scooter,39.99198173333333,-83.0065549,28,7.61,True,False,False,1787215654
Spin,19f90dd5-9156-4aaa-8d02-e628b252705e,e-bike,39.99928333333333,-83.0055924,48,13.17,True,False,False,1787215554
Spin,c000f078-2706-454f-b956-6068366a664f,e-bike,39.96698633333333,-83.0033478,71,19.32,True,False,False,1787215644
Spin,9ad2dc6e-07bf-470d-9ac6-0d5b93547870,scooter,40.004158,-83.008609,85,23.12,True,False,False,1787215678
Spin,5fb4dfd3-b35b-424e-972a-b5c0e1c357f9,scooter,39.989062,-83.004544,88,25.12,True,False,False,1787215650
Spin,0b76b3df-5df0-4aea-8cb3-f63f551db4a0,scooter,39.98783805,-83.00565819999998,91,24.88,True,False,False,1787215647
Spin,b2b0a85e-4c64-4dec-94da-44e926ab9f19,scooter,39.960608,-82.995669,53,14.34,True,False,False,1787215558
Spin,9b3aa71c-d728-46f9-be61-4badf563f49d,scooter,40.01473,-82.985742,83,22.54,True,False,False,1787215495
Spin,5022bc1e-83e0-4b9d-8a10-6080ee087070,scooter,39.983679,-83.004938,95,25.75,True,False,False,1787215524
Spin,7276dc18-870b-4bc8-8d56-113cc4dc01ff,scooter,40.014521,-82.988091,74,20.19,True,False,False,1787215571
Spin,95c9bdd2-e3df-4af0-95ea-5c4077bf1e8c,e-bike,39.951816666666666,-82.99793833333334,32,8.78,True,False,False,1787215537
Spin,f9e92b47-7cf8-4785-8ae0-1c82efb94005,scooter,39.971691,-83.002307,91,26.04,True,False,False,1787215615
Spin,44b5f143-4903-47d8-ba1e-42356c195033,scooter,40.016379,-82.98976,69,19.61,True,False,False,1787215574
Spin,343ce235-f627-4baa-b5f2-3220aaad4c81,e-bike,39.977290749999995,-83.00430839999999,73,19.9,True,False,False,1787215520
Spin,1e5c59e5-e35d-4357-a091-d3ff8eefbbe5,e-bike,39.95975333333333,-83.02173499999999,94,25.46,True,False,False,1787215579
Spin,699c8b5a-4d39-4c00-9bc6-89a9c8e36a16,e-bike,39.95977166666667,-83.02170833333334,76,20.78,True,False,False,1787215537
Spin,5270d9d8-994e-49ab-8d4c-248ee2b30628,scooter,39.9598,-83.021739,83,22.54,True,False,False,1787215535
Spin,5457535b-16bb-4d8c-9d84-4ea0652299f6,e-bike,39.95976666666666,-83.02171000000001,84,22.83,True,False,False,1787215538
Spin,d26e1e68-dbdb-411b-a977-ab522614ea00,e-bike,39.97331833333333,-83.00459333333335,86,23.41,True,False,False,1787215636
Spin,de37fcf5-979c-45a3-9846-3be9f2eb3a5e,scooter,39.957125,-83.01504,77,22.06,True,False,False,1787215598
Spin,c04de188-e7a5-41b7-830a-9ee0fd1aaf5c,scooter,39.957134,-83.015018,81,22.98,True,False,False,1787215529
Spin,14f01fe1-5957-4112-965a-3bd068705f55,scooter,39.957571,-83.011411,95,25.75,True,False,False,1787215668
Spin,b515ade8-672e-4930-85c0-7cefef0ce243,scooter,39.957577,-83.011388,90,24.58,True,False,False,1787215678
Spin,f98333c1-8e16-4d17-8bf5-9d790d9c62bc,e-bike,39.964660933333334,-83.0025034,24,6.44,True,False,False,1787215591
Spin,6e2a43ce-0964-44ae-9ebb-900c42328e8e,scooter,39.972145,-83.002498,77,21.07,True,False,False,1787215609
Spin,b48656bd-9499-465b-a26d-c234fe78bd46,scooter,39.96750233333333,-83.0147531,90,24.58,True,False,False,1787215544
Spin,65fd84bc-7bac-4b11-aeeb-34a72b97f3f5,scooter,39.96928303333333,-82.99973583333333,92,25.17,True,False,False,1787215665
Spin,3f6e0e59-78fb-40bd-b80b-63c436ec40f0,e-bike,39.97250265,-83.0039451,86,23.41,True,False,False,1787215661
Spin,bcbb5360-f568-4f84-a52b-a5bd108a4ded,e-bike,39.98289033333333,-82.99543183333331,87,23.71,True,False,False,1787215661
Spin,796ed6dd-b18d-49fc-94ae-adcaf1acfdf0,e-bike,39.99687983333333,-83.00684950000002,86,23.41,True,False,False,1787215527
Spin,fa201335-0936-4fcf-9195-19e7b62ff560,e-bike,39.99687255,-83.00684901666666,85,23.12,True,False,False,1787215675
Spin,fa1bd9ab-5342-4970-a9a0-e17dc7cbe476,scooter,40.011911,-83.012958,89,24.29,True,False,False,1787215651
Spin,207db429-8cc7-40ae-be6b-29f63f77de7d,scooter,40.011867,-83.013051,81,21.95,True,False,False,1787215602
Spin,0f2c3208-98c8-4f1e-9e24-45c81e9ed653,e-bike,39.968066666666665,-83.00868166666666,95,25.75,True,False,False,1787215542
Spin,3c802b7b-dc1f-45f2-93a0-9bc960f95cfb,scooter,40.000411,-82.97619,69,19.61,True,False,False,1787215672
Spin,89a6efee-b90e-4bb2-8c7d-e7f05d40eca4,scooter,39.965836,-83.00661,94,26.65,True,False,False,1787215561
Spin,9af33425-d3f5-4cd7-9bb8-3fde3db05555,scooter,40.022093,-82.985829,69,18.73,True,False,False,1787215633
Spin,70e8e177-1b8d-4f9a-912e-104a78b26aa7,scooter,39.963813,-83.000726,96,27.26,True,False,False,1787215614
Spin,82110bdf-9edd-401c-8229-67fec4f16003,scooter,39.985874,-82.989416,87,23.71,True,False,False,1787215582
Spin,1781e7ef-12c9-41d5-a066-076f1ee54f1e,scooter,39.993836,-82.982437,77,21.07,True,False,False,1787215480
Spin,f62d7742-0757-4e7c-acf8-0877cad88aeb,e-bike,40.0056155,-83.00095979999999,29,7.9,True,False,False,1787215623
Spin,176e6f4e-83e3-41c0-ad5c-b8eb58ad54fb,scooter,39.963241,-82.9817,87,23.71,True,False,False,1787215501
Spin,71aa2bb3-bf89-43b0-86ba-8e08a170266c,scooter,39.963265,-82.981328,91,26.04,True,False,False,1787215638
Spin,28cb966e-4f18-47f9-b333-b46a5fbc8091,scooter,40.017152,-82.966311,67,18.15,True,False,False,1787215635
Spin,a0ab250b-4a11-4e05-b75b-507e16b836c2,scooter,39.96811,-82.97773,87,23.71,True,False,False,1787215630
Spin,4fab4161-015f-460e-b9f4-c56411a462f0,scooter,39.967981,-82.961699,52,14.7,True,False,False,1787215631
Spin,3ea14e7c-686d-40cc-8987-f4583286a682,scooter,40.014725,-83.000091,69,19.61,True,False,False,1787215484
Spin,f2d69835-ea66-45b4-9251-f4292ebf867b,scooter,39.968427,-82.968,82,22.24,True,False,False,1787215610
Spin,614f36d0-9718-4651-a39c-3efc6fee68f2,scooter,39.952282,-82.986659,89,25.43,True,False,False,1787215663
Spin,58547588-4711-4ea7-a26b-13136530237b,e-bike,39.99091503333333,-83.00620640000001,74,20.19,True,False,False,1787215649
Spin,0b0e198c-d739-4c89-9562-c0858ce91fc2,scooter,39.944609,-82.976775,81,21.95,True,False,False,1787215654
Spin,36b1d164-a446-4fe7-8466-67cb6029db95,scooter,40.011921,-83.013041,89,24.29,True,False,False,1787215573
Spin,a19b6b3a-da38-4d42-bd68-1a85f82ab6cf,e-bike,40.010324999999995,-83.01341,98,26.63,True,False,False,1787215625
Spin,0cb4b3d0-95fd-47c6-9736-6949b7170ae1,e-bike,39.96610643333334,-83.0029681,58,15.8,True,False,False,1787215564
Spin,c6af5ec8-88ed-45ab-9083-a4f98e369d95,scooter,40.050007,-82.99991,89,24.29,True,False,False,1787215670
Spin,93a020fe-c274-47ce-aa8d-2be388bd19e2,scooter,39.963276,-82.95328,34,9.37,True,False,False,1787215666
Spin,0927a9c7-6b35-40bd-94cd-95c12dc468fd,e-bike,40.006127500000005,-83.00876689999998,32,8.78,True,False,False,1787215673
Spin,83d3f042-3aa2-47de-ac0a-5dd345e09372,scooter,39.96799,-82.961756,31,8.88,True,False,False,1787215572
Spin,594014cb-ee72-47aa-97a4-c2d6635685e4,e-bike,39.97225473333333,-83.00286538333333,41,11.12,True,False,False,1787215549
Spin,1a3d8c62-27a6-4c60-8547-28fa33c606db,e-bike,39.97717335,-82.99821933333332,72,19.61,True,False,False,1787215587
Spin,5dbbe6f1-8c70-43cc-bdbe-3791ceecec70,scooter,39.97165995,-83.0026542,85,23.12,True,False,False,1787215542
Spin,d52a2e6d-133d-489d-9e27-d7a1d99275f0,scooter,39.97166704999999,-83.0025775,27,7.32,True,False,False,1787215593
Spin,c3d4d22f-db0f-49d5-a594-59e7962e4d12,scooter,40.004456,-82.986841,89,24.29,True,False,False,1787215573
Spin,9f614edf-d23c-4002-aa4b-653557952441,scooter,39.96201663333333,-83.0005213,34,9.37,True,False,False,1787215506
Spin,10d6f227-4345-4c83-a35f-18cb4893dbf0,e-bike,39.95726703333333,-83.0126621,86,23.41,True,False,False,1787215551
Spin,5216e3ef-7ca0-4c98-909c-62301920e08f,scooter,39.933688,-82.964399,76,20.78,True,False,False,1787215498
Spin,57c2698f-ce05-4ffc-885b-794e51915c12,e-bike,39.95624793333333,-83.01434660000001,87,23.71,True,False,False,1787215585
Spin,3bbe415d-c216-4267-af4e-7b9645303b8f,e-bike,39.957403533333334,-83.0082301,87,23.71,True,False,False,1787215512
Spin,0e7bd784-f2f1-47d8-8395-ec5ec7615d83,scooter,39.961122,-83.006371,78,21.36,True,False,False,1787215627
Spin,616cf7be-8a04-4157-9510-89743ae0eea3,scooter,39.961892,-83.004407,91,24.88,True,False,False,1787215567
Spin,d2183d4e-0af2-4f6d-9783-da4cdcd2dd15,scooter,40.013704,-82.967925,49,13.46,True,False,False,1787215533
Spin,d58b1aa7-d7d2-4671-8962-ae8942a49bef,e-bike,39.96101753333333,-83.007991,87,23.71,True,False,False,1787215658
Spin,2dfceda1-a04f-4e35-b1aa-ac2b8d2085f4,e-bike,40.008741666666666,-83.01514999999999,55,14.93,True,False,False,1787215604
Spin,0b0a8ee8-b642-4fb8-90cf-ecb38a481eed,scooter,39.959468,-83.009296,61,16.68,True,False,False,1787215604
Spin,d8a9b7be-6020-49d1-8380-d94f9580bc1c,scooter,40.013715,-82.96789,83,22.54,True,False,False,1787215505
Spin,8a6684be-e782-449e-a106-3ae879516259,e-bike,39.95904563333333,-83.00914390000001,52,14.05,True,False,False,1787215584
Spin,4e26373b-02a7-45bb-9c87-287814b89839,e-bike,39.959071533333336,-83.009111,37,9.95,True,False,False,1787215673
Spin,953d1de0-3db1-4825-a4d7-e0bfb5fef613,scooter,39.983466,-82.999029,83,22.54,True,False,False,1787215652
Spin,a9c228ac-a26f-447a-85b7-e6d44e868808,scooter,39.982461,-82.998402,67,18.15,True,False,False,1787215581
Spin,65bf468f-a61f-4b99-8f2e-a12d8627a690,scooter,39.978405,-83.000326,78,21.36,True,False,False,1787215648
Spin,7ce62ab6-4e4b-43c9-9aca-e12156ea3a04,scooter,39.97376735,-83.0027721,95,25.75,True,False,False,1787215560
Spin,1fce81df-a781-4ba1-96b0-d6869b25026c,e-bike,39.97135285,-83.00451589999999,88,24.0,True,False,False,1787215657
Spin,1cdcbaa7-b34e-408e-90e1-66aad09ed1a9,scooter,40.000438,-82.979757,43,11.71,True,False,False,1787215640
Spin,0b7bd007-d708-4563-b8d6-5f4118f9c835,scooter,39.907567,-82.966071,43,11.71,True,False,False,1787215672
Spin,5174c09c-5aca-4731-81b4-20811fe9c8d0,e-bike,39.960746666666665,-83.01276000000001,80,21.66,True,False,False,1787215545
Spin,43138d86-2766-4449-9c3e-15d7bf701e42,e-bike,40.01694,-82.97372833333333,41,11.12,True,False,False,1787215425
Spin,7568f49d-a21d-4fb2-a004-942ea84101d6,e-bike,39.93861666666667,-82.996315,56,15.22,True,False,False,1787215511
Spin,489aff72-d3f9-4e35-b517-dfc3a007436f,scooter,40.017261,-83.01141,84,22.83,True,False,False,1787215673
Spin,34e2db02-97f5-4254-982e-8da1aaa62db3,e-bike,39.92408833333333,-82.95524833333333,43,11.71,True,False,False,1787215507
Spin,57b4c902-e44f-4ed7-9685-3796cf040bf0,scooter,39.96856,-82.97013,71,19.32,True,False,False,1787215637
Spin,46c20398-27b8-440c-9db1-2f70fb6587b5,scooter,39.98932,-83.004563,29,8.27,True,False,False,1787215647
Spin,548cd7af-08c6-4792-a5b0-a40641a69dae,scooter,40.0040166,-83.0085737,55,14.93,True,False,False,1787215664
Spin,5638b11c-7710-4e5c-b749-f91c7cebfbb6,e-bike,39.93513333333333,-82.99285166666665,85,23.12,True,False,False,1787215542
Spin,d2f6182f-da0f-4cf0-804d-c9e83f4f15a4,scooter,39.935123,-82.992837,82,22.24,True,False,False,1787215632
Spin,25774ff2-fa68-4b30-b2d5-abd05f3c0a46,e-bike,40.00994166666667,-83.01024833333334,63,17.27,True,False,False,1787215541
Spin,2a66403f-1003-47b2-98dc-7c6ddcba9452,e-bike,39.958972833333334,-83.0091109,86,23.41,True,False,False,1787215596
Spin,9b1ddaee-d93c-4161-8bc5-7a816e181612,e-bike,39.95728053333333,-83.0126587,88,24.0,True,False,False,1787215582
Spin,9ef52825-7e4e-481f-8db3-b3a735380f7a,e-bike,39.96550183333333,-82.99695213333334,29,7.9,True,False,False,1787215560
Spin,e9e9e966-ea87-4f5f-bf80-88d8d4ff2838,scooter,39.970939,-82.979362,73,19.9,True,False,False,1787215382
Spin,a3eb1e08-9001-4ca6-8aa3-1d8417b3e954,scooter,39.971004,-82.979303,90,25.73,True,False,False,1787215672
Spin,c4a58f22-3477-4500-9cba-2dfc8f11ee0d,scooter,39.97362495,-83.00292400000002,49,13.46,True,False,False,1787215612
Spin,65d03602-6268-4a88-90e4-03830d0cd9cd,scooter,39.962355,-82.969121,20,5.82,True,False,False,1787215633
Spin,f2bd07da-408b-4014-aca9-74a9d81dbd96,e-bike,39.977477183333335,-83.00358026666666,82,22.24,True,False,False,1787215657
Spin,43934f83-4d25-4bfd-9c4e-39eb4b1f6a4e,e-bike,39.96898363333333,-82.99984283333333,70,19.02,True,False,False,1787215616
Spin,a02cfd45-0b13-400d-b86b-3f8b0b39e9be,scooter,39.963274,-82.953256,92,25.17,True,False,False,1787215654
Spin,e4863207-f1d4-4c73-baf5-33176d362259,e-bike,40.008094899999996,-83.0120356,41,11.12,True,False,False,1787215604
Spin,30a7e712-eb90-4179-826b-d317ff24f289,e-bike,39.99408833333334,-82.99309999999998,96,26.05,True,False,False,1787215552
Spin,7c10fe99-76d1-471e-bdfa-b976e0f372e2,e-bike,40.003085299999995,-82.99849493333335,87,23.71,True,False,False,1787215539
Spin,a7d74f8d-3a8d-43df-8ceb-0a0c0199fe17,scooter,39.966375,-83.000875,72,20.52,True,False,False,1787215570
Spin,0844553a-611b-4c53-8fc3-d4d941653cb9,scooter,40.006007,-83.00897,77,21.07,True,False,False,1787215660
Spin,979d02fb-2276-4135-b0ba-f1e8dbe00c52,scooter,40.015532,-82.96639,94,26.65,True,False,False,1787215675
Spin,6f4f8b26-fd3d-49c2-acaf-0b28aabd2e36,e-bike,39.97050155,-83.0020277,80,21.66,True,False,False,1787215662
Spin,38440517-ade8-4cdf-b1a2-ceead2affb25,scooter,40.017068,-82.965535,43,12.25,True,False,False,1787215652
Spin,b3e7f870-4a2e-4a52-8fdd-0c40297c69e4,scooter,40.017021,-82.965545,85,23.12,True,False,False,1787215632
Spin,0144c441-4083-45aa-93f5-60507231b747,e-bike,39.97162715,-83.00475800000001,35,9.66,True,False,False,1787215540
Spin,7278bebb-e686-4999-9833-9bcd0297caa4,scooter,40.018105,-82.973295,68,18.44,True,False,False,1787215488
Spin,12dffa17-9f30-4861-92c9-a9c716914015,e-bike,40.018265,-82.97350166666665,95,25.75,True,False,False,1787215646
Spin,04d67587-e2b3-47a9-bc1f-730654c33be2,scooter,40.018686,-82.978215,51,13.76,True,False,False,1787215660
Spin,712049c7-e6a1-4190-abd8-a468e6d8a498,scooter,40.01442,-82.982457,84,22.83,True,False,False,1787215641
Spin,43f467a3-67e9-43e7-9e77-f3f00c153aa7,scooter,40.014727,-82.990038,59,16.85,True,False,False,1787215583
Spin,f0688aad-8574-4e1a-87ea-ef71e1a61112,e-bike,39.969164633333335,-83.00230459999999,87,23.71,True,False,False,1787215613
Spin,e90b299b-b38f-46fe-809f-522ff8ca989f,scooter,40.014511,-82.988065,94,25.46,True,False,False,1787215609
Spin,834a88bc-e3ce-43c1-8935-f3eaca3b57c1,e-bike,39.97418315,-82.95819453333334,82,22.24,True,False,False,1787215643
Spin,b83b2db9-c471-4a8d-b690-e4cbdadc6da9,e-bike,40.012861666666666,-82.96819333333333,58,15.8,True,False,False,1787215593
Spin,a128089f-311a-47ba-81e7-164a777910e8,e-bike,39.97624235,-83.00405870000002,29,7.9,True,False,False,1787215502
Spin,f61e1b33-6d18-4fa4-b72a-5c16ad1cdda8,scooter,40.000428,-82.979788,43,11.71,True,False,False,1787215640
Spin,11658d11-f26e-40b6-bded-6a3eafc9ae95,scooter,40.01292,-82.968043,47,13.48,True,False,False,1787215652
Spin,e8117ca9-3abd-46b9-8636-99bf9bf32d88,scooter,39.976372250000004,-83.012123,97,26.34,True,False,False,1787215542
Spin,36c34932-03f6-4303-9ec3-db416bbdc8db,scooter,39.97081115,-83.00210139999999,95,25.75,True,False,False,1787215570
Spin,bb89b224-2c3a-4b4a-b054-cc7746913c6f,e-bike,39.994035000000004,-83.00684500000001,99,26.93,True,False,False,1787215541
Spin,46d8e606-7054-4e2a-b749-1b2c566e62ef,e-bike,39.992940233333336,-83.00654270000001,32,8.78,True,False,False,1787215621
Spin,b5a295bb-bbf0-4b2a-b05d-bb9dbf500713,e-bike,39.99346,-83.00597166666667,98,26.63,True,False,False,1787215576
Spin,a2fef6d1-d5e2-4a1e-af1e-175de33f6dc8,scooter,39.993552,-83.006018,97,26.34,True,False,False,1787215660
Spin,ee050fb8-43f2-4a7e-9b7e-74b8b3beab85,scooter,39.988884,-83.004968,48,13.17,True,False,False,1787215480
Spin,ad2492c0-5ba5-4217-b2bc-a0c78f5a251e,scooter,39.989229,-82.9998,29,7.9,True,False,False,1787215656
Spin,47492b18-6360-4b7f-84ee-02a749d7cd2d,scooter,39.97074825,-83.00127769999999,94,25.46,True,False,False,1787215489
Spin,5992b8d8-1c7b-4515-a39e-b82bd82cdc41,scooter,39.970748650000004,-83.0012727,30,8.19,True,False,False,1787215422
Spin,dc5c70bc-dd40-4b3b-99d7-d27867bd39ed,e-bike,39.97742335,-83.0026589,41,11.12,True,False,False,1787215662
Spin,987ae3b6-0c83-46e2-bc0d-04534e3fd4ff,scooter,39.958525933333334,-83.00844090000001,45,12.29,True,False,False,1787215655
Spin,4922f332-5f44-4f51-bcb4-a9d3c7878ccb,scooter,39.96079,-83.012547,47,12.88,True,False,False,1787215612
Spin,d813e2d3-f08b-443f-8188-0c1347a06f86,scooter,39.97078915,-83.0020996,94,25.46,True,False,False,1787215586
Spin,c115e9eb-a26b-4e95-9f60-a01c4508f797,scooter,39.97250845,-83.00398330000002,51,13.76,True,False,False,1787215643
Spin,0ffb0bcc-159b-4479-817e-a5222c304303,scooter,39.970832449999996,-83.0021402,30,8.19,True,False,False,1787215608
Spin,c62c98a1-fe5b-4e5a-8f79-5547e665cbb9,e-bike,39.96602333333333,-82.99140833333334,27,7.32,True,False,False,1787215495
Spin,23f1041a-25d1-4627-9194-37e870956844,scooter,39.95900373333333,-83.0222041,95,25.75,True,False,False,1787215519
Spin,0c4a1e75-596a-45fe-8561-e0d1d9512f82,scooter,40.014715,-82.985738,38,10.24,True,False,False,1787215560
Spin,d45a6536-3a3f-4ec1-8c06-1ff7963a2768,e-bike,39.97066395,-82.97348195000001,51,13.76,True,False,False,1787215656
Spin,c6ea02b1-73d8-4df4-a091-935db92522b9,e-bike,39.970841666666665,-82.97345666666666,80,21.66,True,False,False,1787215589
Spin,584cfdb8-bcaf-425c-bc49-859607950ed8,scooter,39.952634,-83.020393,71,19.32,True,False,False,1787215667
Spin,98819d4a-5a33-4ec6-adef-f0135ac6346c,scooter,39.952643,-83.020394,81,21.95,True,False,False,1787215652
Spin,1a035113-059f-494f-ab6f-29f56b1dc308,e-bike,39.95299283333333,-83.0234016,48,13.17,True,False,False,1787215670
Spin,c4f2f041-5138-405d-82df-7703431dc58b,e-bike,39.959331633333335,-82.99490633333335,88,24.0,True,False,False,1787215620
Spin,936e4f7e-9712-4c03-9b56-0d654e6de8ed,e-bike,39.96105098333333,-82.99231395,45,12.29,True,False,False,1787215571
Spin,3ddeb41b-741d-4a2f-b469-8202dff74155,e-bike,39.96109263333334,-82.99231993333333,25,6.73,True,False,False,1787215615
Spin,1bd8bb34-b44a-4865-936e-80e72c0068c2,e-bike,39.963159733333335,-82.99128463333334,19,5.27,True,False,False,1787215572
Spin,55087617-c3a6-4d7b-9b2c-131a679b925f,e-bike,39.996861233333334,-83.0068543,52,14.05,True,False,False,1787215628
Spin,9639c8da-da87-4124-8441-5549698e62cf,scooter,40.026702799999995,-83.02569720000001,81,21.95,True,False,False,1787215510
Spin,da6e8799-5dba-4b29-840f-441a3920a82b,e-bike,39.99684943333333,-83.00684869999999,18,4.98,True,False,False,1787215529
Spin,9a5e77ab-c210-4b0f-a619-3413b9c7971f,scooter,40.0120483,-83.0106195,95,25.75,True,False,False,1787215663
Spin,b1b8b16c-2c6d-4cc8-b32e-065a89df94ed,e-bike,40.0079361,-83.00999580000001,73,19.9,True,False,False,1787215667
Spin,37031d47-5f6e-40d7-bc0f-7b671d5e81a2,scooter,39.96074,-83.012782,61,17.46,True,False,False,1787215542
Spin,9e56b941-a64c-4123-85f1-5a0b7e3f538e,e-bike,39.99278233333334,-83.0124067,18,4.98,True,False,False,1787215448
Spin,397deb92-6496-4a8a-9852-6f1ec9410d6f,scooter,40.018749,-82.978203,69,19.61,True,False,False,1787215641
Spin,eacdd7cc-77f0-4e5a-bdfc-bf64f44a58af,e-bike,39.995211133333335,-82.99693743333334,51,13.76,True,False,False,1787215517
Spin,4a8384d7-e28d-4097-ba22-6f9f3d5b1090,e-bike,39.97074166666666,-83.00234999999999,26,7.02,True,False,False,1787215669
Spin,19636338-4b12-4a28-ad97-ba897f4c7976,scooter,39.990228,-83.013604,41,11.12,True,False,False,1787215481
Spin,6ba33efa-9c16-4ee4-9d1c-f6659bcda60a,scooter,39.97463395,-83.00292740000002,76,20.78,True,False,False,1787215590
Spin,8d1047df-ef81-4e4e-8fb8-e9527e2694c7,scooter,39.97463825,-83.00292730000001,75,20.49,True,False,False,1787215580
Spin,b8fb06ce-87a1-4455-a695-3bb33165f801,e-bike,39.975620150000005,-83.0034457,42,11.41,True,False,False,1787215524
Spin,e11acc99-f717-46bf-86bd-4c9beafbfd10,e-bike,39.98322793333333,-83.00541,77,21.07,True,False,False,1787215650
Spin,f2cba85c-f7db-404c-b5a7-66197edcbba1,e-bike,39.9575671,-83.01183458333335,89,24.29,True,False,False,1787215631
Spin,638d8ceb-4627-4ca5-a372-f8de71f05ece,e-bike,39.99789823333333,-83.0068917,62,16.97,True,False,False,1787215672
Spin,e5524b2f-fbd5-4e42-ab29-a9980f715218,e-bike,39.968078633333334,-83.0102708,27,7.32,True,False,False,1787215647
Spin,4d4a349d-9f1c-4fc0-99be-06171cb8aa8c,e-bike,39.96744543333333,-83.01479669999999,57,15.51,True,False,False,1787215569
Spin,aefd2c61-4c3c-43e3-bcf6-c1dbcbc48b17,scooter,39.962387,-82.956776,86,23.41,True,False,False,1787215450
Spin,ceedbb4c-f72d-4ad3-9a2e-2456eacc014a,e-bike,39.96689873333333,-83.001458,19,5.27,True,False,False,1787215573
Spin,9f49b95c-9c5e-4c54-ad3f-1d49a8433d68,scooter,39.975521,-83.003053,62,16.97,True,False,False,1787215676
Spin,ee3e82d6-3d42-416d-9fc2-2ff4f81ffe26,e-bike,39.96900753333333,-83.00106120000001,85,23.12,True,False,False,1787215674
Spin,0618734f-cef6-40ac-9bdd-af05f482e726,scooter,39.985817,-83.027405,97,26.34,True,False,False,1787215662
Spin,77f4bb7e-0347-4f48-bfca-342e21b76603,scooter,40.0267039,-83.02563389999999,72,19.61,True,False,False,1787215562
Spin,602fa046-a345-4242-a0c5-c7b9ef505658,scooter,39.968652,-82.968142,72,20.52,True,False,False,1787215491
Spin,f45eb5cd-af21-4f32-9b51-34e758e0e021,scooter,39.988417,-83.003343,45,12.29,True,False,False,1787215648
Spin,c7b12dd8-ca14-413e-addd-55e24c1d5d2e,e-bike,40.0150868,-83.0114451,88,24.0,True,False,False,1787215550
Spin,2116b6b6-bfa7-45c0-983b-f9bf365e32a2,e-bike,39.97153685,-83.00240129999999,86,23.41,True,False,False,1787215640
Spin,513e1ee1-5636-453b-9959-bc3ccaab2809,e-bike,39.99203253333334,-83.0083561,41,11.12,True,False,False,1787215636
Spin,9bf231ed-30de-4c1d-bcfd-2285bac8ce29,e-bike,40.0008202,-83.0018024,78,21.36,True,False,False,1787215582
Spin,8d5e6e59-4097-4f05-8998-224ac804c244,scooter,39.985743,-83.027447,25,6.73,True,False,False,1787215497
Spin,25eb550a-b65b-4682-8e57-59e3823a58fe,scooter,40.007541999999994,-83.0093345,95,25.75,True,False,False,1787215593
Spin,7aaf794c-6dce-43a6-8137-13749521be6b,scooter,39.958513,-83.008848,60,16.39,True,False,False,1787215504
Spin,e0835297-2175-4a8c-b49b-680b487f8d46,e-bike,39.97537665,-83.0045846,87,23.71,True,False,False,1787215526
Spin,9c5c25fa-b7b4-43f1-8750-e933c1f7eeed,e-bike,39.96548563333333,-83.0197587,17,4.68,True,False,False,1787215509
Spin,f508e434-18bf-418e-992d-15ead82d5b0f,scooter,39.961938,-83.004143,17,4.68,True,False,False,1787215665
Spin,a43220c6-c642-4dca-b0bc-72987abc65db,e-bike,40.0114515,-83.0106914,81,21.95,True,False,False,1787215584
Spin,4501f7be-96c1-4b30-9365-33da7a1d4312,e-bike,39.96225703333334,-83.00424659999999,62,16.97,True,False,False,1787215631
Spin,893d38ea-fb2e-4356-89c8-869f78a54bb2,e-bike,39.962120733333336,-83.00412739999999,85,23.12,True,False,False,1787215518
Spin,5516af3d-19ee-440a-a964-b61594ff603d,e-bike,39.962107233333334,-83.00411809999999,87,23.71,True,False,False,1787215521
Spin,42f17018-b194-4ab7-9f4d-7b7a04f7f3b3,scooter,39.998573,-83.001739,66,17.85,True,False,False,1787215623
Spin,e2a6e60a-c181-4da5-a6d4-1e1420f04123,e-bike,39.960895,-83.00293166666667,68,18.44,True,False,False,1787215538
Spin,892f19ba-dd6f-476e-839a-1714cf2fe6d6,e-bike,39.96085166666667,-83.00290166666667,84,22.83,True,False,False,1787215605
Spin,14af463e-caf5-474a-9c29-297dadd0e360,scooter,40.007706,-83.005442,24,6.44,True,False,False,1787215540
Spin,443b0a7b-30a2-4746-909a-96ae9c6eb56d,scooter,39.955061,-82.989592,41,11.64,True,False,False,1787215541
Spin,b4940510-d69a-46d3-8346-82260c52b8de,e-bike,39.996824133333334,-83.00549600000001,78,21.36,True,False,False,1787215538
Spin,13c5ed42-3f4d-413e-b993-d2a46208d9ce,e-bike,39.99684463333333,-83.0055084,39,10.54,True,False,False,1787215610
Spin,a73f7f44-64ca-4744-bf59-e4967e5cabfc,e-bike,39.99682653333333,-83.00552530000002,43,11.71,True,False,False,1787215591
Spin,086523a6-28c0-47c7-9345-315f12fe14fa,e-bike,39.95998273333333,-83.0203889,52,14.05,True,False,False,1787215651
Spin,eeedcce5-975d-4ac3-bff8-0754c19c2c43,e-bike,39.953323233333336,-83.01295929999999,38,10.24,True,False,False,1787215628
Spin,ffa7c0bf-1d3b-4183-aaa1-40dd0a7ddeb1,e-bike,39.95470993333333,-83.01215500000002,30,8.19,True,False,False,1787215504
Spin,89c24de8-f43b-469b-a9cb-03335e764978,scooter,40.030059,-83.015355,48,13.17,True,False,False,1787215660
Spin,b4634def-ad91-486f-8e54-277c324fea3e,scooter,39.965703,-82.996817,77,21.07,True,False,False,1787215441
Spin,0b27c6a2-36c6-4960-ac43-bfc5fd8377e5,e-bike,39.96767663333333,-82.97843395,85,23.12,True,False,False,1787215570
Spin,cbff27ff-8b82-45b4-a71d-705dfc255a4b,e-bike,39.99894166666666,-83.00734499999999,25,6.73,True,False,False,1787215611
Spin,c55f5fdd-43e4-4329-875e-d74cd703eb5a,e-bike,39.99355213333333,-83.0099938,54,14.63,True,False,False,1787215671
Spin,a29fdcde-7728-4bd9-bf88-7babef2beae3,e-bike,39.958488333333335,-83.00844666666666,53,14.34,True,False,False,1787215587
Spin,5e8c7836-b8fa-4510-aa62-c44e988ed71e,e-bike,39.960297833333335,-83.00162809999999,32,8.78,True,False,False,1787215645
Spin,659524d2-f84c-4c0c-a523-5fed5ac02d60,e-bike,39.96423853333333,-82.99710543333335,52,14.05,True,False,False,1787215597
Spin,e88d3480-190c-4fae-949d-03a5b7a3e369,scooter,39.986105,-82.98185,54,14.63,True,False,False,1787215550
Spin,bbcd6012-e2b2-41f4-96bc-9838c70b07c1,e-bike,40.0059945,-83.00866620000001,86,23.41,True,False,False,1787215601
Spin,8ac52418-42ff-4652-9a69-41ac1ebce58d,e-bike,39.96897033333333,-83.0014058,31,8.49,True,False,False,1787215641
Spin,d4a546d3-6c5c-42a3-bd54-e94212c1ceaf,e-bike,39.99397443333333,-83.0070146,71,19.32,True,False,False,1787215613
Spin,d6a2839a-42ea-4caa-a9ce-43fff8561a17,scooter,40.010327,-83.013455,69,19.61,True,False,False,1787215440
Spin,5b42c64c-8d56-454d-9113-d37290ba07e7,e-bike,39.97171265,-83.00786609999999,22,5.85,True,False,False,1787215665
Spin,461f5643-b587-4363-adcd-8bea68e5294a,e-bike,39.99386983333333,-83.00699279999999,75,20.49,True,False,False,1787215677
Spin,84a12e0e-0ee5-4fea-8131-8722a4c04fb8,e-bike,39.99357233333333,-83.00585090000001,48,13.17,True,False,False,1787215573
Spin,9270bcc3-9625-44ab-aac3-ff72bc707319,e-bike,39.99344953333333,-83.0059287,58,15.8,True,False,False,1787215603
Spin,78130f49-4318-423d-8252-a6b10f1ccd5d,scooter,40.014978,-82.990405,67,18.15,True,False,False,1787215477
Spin,a5ed76f4-1a14-4e92-9ca9-179e744a8e05,scooter,39.97077585,-83.00212690000002,98,26.63,True,False,False,1787215615
Spin,42f6ad1c-4258-44ef-be17-5f0709d42f34,e-bike,39.96895103333333,-82.99984043333333,24,6.44,True,False,False,1787215666
Spin,109a45d2-9b54-4856-9ea3-3e35fc16831c,e-bike,39.99656193333333,-83.00692740000001,38,10.24,True,False,False,1787215571
Spin,de1624af-7da4-457e-80db-3d2d62ab151d,e-bike,39.99654103333333,-83.0069967,22,5.85,True,False,False,1787215642
Spin,4009a605-4d86-40e4-869c-98d18513284f,e-bike,39.996550733333336,-83.0069425,71,19.32,True,False,False,1787215502
Spin,3ca63596-dbb4-4cbc-9c88-5510013ddf6a,e-bike,39.99417023333333,-83.01091130000002,95,25.75,True,False,False,1787215665
Spin,9b8fc1e1-8c8c-417e-8df7-333e2f2583e6,e-bike,39.994145233333334,-83.01092390000001,92,25.17,True,False,False,1787215666
Spin,aefa8db3-e533-457e-b91a-05b5559f6d93,e-bike,39.96915473333333,-83.0022962,38,10.24,True,False,False,1787215653
Spin,1028860c-e492-4174-8660-f79b0a67170a,scooter,39.97144785,-83.0024177,47,12.88,True,False,False,1787215517
Spin,4076c6f8-1f91-4381-8d3a-a15296d70336,e-bike,39.96938603333333,-82.99147393333332,63,17.27,True,False,False,1787215665
Spin,5da81f30-9066-4a96-bfb9-17d1b1edae37,scooter,40.0025394,-83.00712999999999,63,17.27,True,False,False,1787215603
Spin,080856ae-aa81-4296-b12a-c0b6aed79433,e-bike,40.0061326,-83.00845409999998,78,21.36,True,False,False,1787215638
Spin,159f3e11-8d9c-4dfd-99d4-07752c72be88,e-bike,39.96932133333333,-82.99972903333334,41,11.12,True,False,False,1787215665
Spin,dab10b72-bfb5-48f6-9a07-d163ad3aba62,e-bike,39.969302533333334,-82.99974593333333,55,14.93,True,False,False,1787215675
Spin,4ccbcba1-b548-4eb7-8cba-1c7913020122,e-bike,39.96928893333334,-82.99976273333331,52,14.05,True,False,False,1787215658
Spin,bba18cb4-19dd-4872-8eca-32314c324f2a,e-bike,39.95605643333333,-83.00083950000001,68,18.44,True,False,False,1787215595
Spin,f7c9f40a-b110-47cb-b358-fdeaaf6a5e07,scooter,39.907513,-82.966128,59,16.1,True,False,False,1787215520
Spin,82c441b2-fa3f-4ee3-9fce-bb2d2fa7a595,e-bike,39.973778583333335,-83.00439705,89,24.29,True,False,False,1787215643
Spin,46a78be0-4709-4297-a74d-0cc83069f915,scooter,40.014479,-82.981025,31,8.49,True,False,False,1787215507
Spin,c34375c5-9c1c-45b9-a90f-f5f1cfa69bec,e-bike,39.96917833333334,-82.990535,39,10.54,True,False,False,1787215678
Spin,ab16f0f5-20f5-4e4f-8370-f96e53684a79,scooter,40.015203,-82.982577,87,24.81,True,False,False,1787215614
Spin,bc02acbe-267e-4372-a1d0-3e8ca9baf880,scooter,39.948467,-82.982143,53,14.34,True,False,False,1787215530
Spin,b6363b64-ec5d-413c-a11a-154934ebe152,scooter,40.022886,-83.014356,49,14.09,True,False,False,1787215521
Spin,48f5784c-e0b6-41b0-8792-cd6a609be728,scooter,39.953662333333334,-82.98326573333334,84,22.83,True,False,False,1787215632
Spin,d05c0bdd-2923-4dd3-a454-893be4fc4e25,e-bike,39.970621666666666,-83.002195,52,14.05,True,False,False,1787215550
Spin,71d0f553-2c87-4f6f-b9bf-9e952ce7fc52,e-bike,39.966,-83.00156999999999,78,21.36,True,False,False,1787215613
Spin,70b935ba-eea3-41fa-a6dd-b57f550a813f,e-bike,39.97139955,-83.00404750000001,65,17.56,True,False,False,1787215602
Spin,773fb804-92c5-4e51-bc73-b17e362e2284,e-bike,39.983845333333335,-82.95814903333333,30,8.19,True,False,False,1787215638
Spin,712f0be6-a25f-4bf9-89cd-243466474e16,e-bike,39.977924349999995,-83.10554660000001,56,15.22,True,False,False,1787215617
Spin,3cb60867-e213-42bd-b4f2-c346c1c2f3b8,e-bike,39.970446349999996,-83.00214400000002,54,14.63,True,False,False,1787215621
Spin,bf8bff14-44a0-47c3-b920-dae2df05eaad,e-bike,40.01563833333333,-83.01151833333333,100,27.22,True,False,False,1787215544
Spin,b057a5b6-9079-4836-8642-8fc02dba9ccf,e-bike,39.962239833333335,-82.98772464999999,33,9.07,True,False,False,1787215640
Spin,3217d1aa-a3c1-4c53-854e-bf14d1496077,e-bike,39.990171133333334,-83.0083954,22,5.85,True,False,False,1787215646
Spin,142c978e-5ba6-4b92-b16c-f6a6e4fff8d8,e-bike,39.96295733333333,-83.00055069999999,74,20.19,True,False,False,1787215629
Spin,dc47a456-a3ff-492f-a250-b81f0475fd28,scooter,39.971009,-82.979342,22,6.13,True,False,False,1787215594
Spin,90cfd62d-3f9f-4f2d-b281-af09054c32fd,scooter,40.014685,-82.991165,61,16.68,True,False,False,1787215640
Spin,7dc09449-471e-4fcb-ab63-e81544c22fa1,scooter,40.014644,-82.991142,39,10.54,True,False,False,1787215600
Spin,0fa2918c-b91f-479f-88e6-3850abcea198,e-bike,39.97080855,-83.00136810000001,89,24.29,True,False,False,1787215534
Spin,ba5a0d4b-9bdb-4e0e-b167-17e8a09c6576,e-bike,39.95831953333333,-83.01362910000002,44,12.0,True,False,False,1787215655
Spin,5c0efa1f-895b-4885-be36-9d2f2ecece43,scooter,40.023732,-82.987267,87,24.81,True,False,False,1787215585
Spin,8564c86e-66f6-43a5-8e35-3dd5711e4775,scooter,39.959951,-83.000021,32,9.19,True,False,False,1787215565
Spin,a3a10d32-4411-4b08-87b2-a8fb004c8b59,scooter,39.963255,-82.953256,65,18.38,True,False,False,1787215518
Spin,b5ecc942-a6a1-4e05-b368-401cbc4456a0,scooter,39.954368,-82.999365,88,25.12,True,False,False,1787215607
Spin,8147242c-e73a-4ebe-ad7d-4be8f856e9d0,scooter,40.023717,-82.987343,22,5.85,True,False,False,1787215648
Spin,ad3a7ab2-802d-4063-8788-ec92353280c3,e-bike,39.96191873333333,-83.0022351,26,7.02,True,False,False,1787215547
Spin,023cf0d7-2f1c-4b73-8d81-5df8de2c45d3,scooter,40.023683,-82.987414,96,26.05,True,False,False,1787215593
Spin,747f3035-ed6f-4c37-911d-304f1651cfc6,e-bike,39.95761743333333,-83.0062424,51,13.76,True,False,False,1787215562
Spin,a9962c4f-b57b-41ee-a408-03209f41fdb2,e-bike,39.97626495,-83.0041254,26,7.02,True,False,False,1787215604
Spin,fc8c1b23-a490-40ce-8d7c-d83f075eefe2,scooter,40.023652,-82.984057,95,26.96,True,False,False,1787215531
Spin,4f818f2d-2a35-459d-9f3a-75d3ba76bf27,scooter,40.023387,-82.981558,16,4.39,True,False,False,1787215670
Spin,8ed32a7d-13f6-4977-83e7-99d74cd29e7c,scooter,40.023359,-82.981575,95,25.75,True,False,False,1787215656
Spin,f89aad4e-f16e-44ba-b46b-c4bea22cdea1,scooter,40.023429,-82.981543,95,26.96,True,False,False,1787215614
Spin,3b4ea1ae-644c-43b6-ac4a-d07a1b9cb68a,e-bike,39.92411443333334,-82.95527873333334,68,18.44,True,False,False,1787215632
Spin,5cb64870-8aea-4464-9435-d1da5d142635,scooter,40.014384,-82.981603,94,25.46,True,False,False,1787215638
Spin,16e726b6-6981-417a-95c2-494465379878,scooter,40.014398,-82.981567,94,25.46,True,False,False,1787215624
Spin,ef10c48a-c8c3-463f-85bd-869e644f66b2,scooter,40.01448,-82.981584,56,15.93,True,False,False,1787215562
Spin,682bcf8e-bbc5-4de3-b2e7-ab8786d8a97c,scooter,40.014496,-82.981575,91,26.04,True,False,False,1787215653
Spin,6576854c-fa17-4477-9e73-b4abb3834854,scooter,40.01444,-82.981572,94,25.46,True,False,False,1787215530
Spin,35f2ce3f-2500-4f65-b6c8-8949cdc5dc20,scooter,40.014283,-82.976724,44,12.0,True,False,False,1787215450
Spin,c576f79b-97ce-46fc-b042-ec2a4d4dd3d8,e-bike,40.01433,-82.97672333333334,67,18.15,True,False,False,1787215527
Spin,2b5cb65b-f630-4cb5-ab7e-467fa1500530,scooter,40.014179,-82.976754,98,26.63,True,False,False,1787215641
Spin,3cc732ae-07fa-4a5e-892d-35c92ed1d711,scooter,40.013627,-82.967833,72,19.61,True,False,False,1787215459
Spin,b6d76a56-19fc-4bcc-a512-fbe9280da32c,scooter,40.018692,-82.97822,98,26.63,True,False,False,1787215658
Spin,49f35b5b-d6f2-4163-af61-6f4d8a9369ed,scooter,40.014467,-82.981585,66,18.69,True,False,False,1787215458
Spin,4795c04b-cb03-499e-a772-0783197f6cea,scooter,40.014104,-82.974482,89,25.43,True,False,False,1787215657
Spin,5eb632fc-7ba7-44af-b0bc-b106add95f40,scooter,40.014074,-82.97453,91,26.04,True,False,False,1787215663
Spin,af2eb0a6-72e5-4945-9060-f02da144c402,e-bike,39.99197713333333,-83.0066915,80,21.66,True,False,False,1787215457
Spin,f8d007b8-fade-4208-b078-3c8ed13159a9,e-bike,39.99195903333334,-83.00667829999999,31,8.49,True,False,False,1787215652
Spin,fe9e0313-8863-4467-9c1e-aa39d6805108,e-bike,39.99196683333333,-83.00666879999999,40,10.83,True,False,False,1787215636
Spin,58aa5c99-ef30-48a6-a8b3-f31cf91586d3,e-bike,39.991984333333335,-83.0066906,78,21.36,True,False,False,1787215458
Spin,6b99d98e-42f7-4cff-806b-45e638c8a890,e-bike,39.99196823333333,-83.00667270000001,42,11.41,True,False,False,1787215490
Spin,d9af2119-98bc-4f41-9bca-2aee51de8146,scooter,40.013725,-82.967923,98,26.63,True,False,False,1787215649
Spin,2f8e1b13-69b0-4f97-bb86-a8df2745359b,scooter,39.969129,-83.003896,60,16.39,True,False,False,1787215578
Spin,ac2017d1-8550-466c-a60e-193260d7b85f,scooter,40.012057,-82.968543,38,10.72,True,False,False,1787215487
Spin,6702103c-8c9f-48bf-a7da-1de311ea7f3f,scooter,40.014096,-82.974529,75,20.49,True,False,False,1787215658
Spin,a77c9816-a116-4b49-ae0d-909819747c24,scooter,40.015508,-82.966421,95,25.75,True,False,False,1787215668
Spin,91b89999-a365-49fb-9380-03509ebc9dd4,scooter,40.015538,-82.966457,82,22.24,True,False,False,1787215593
Spin,74c4df6e-95bf-4c98-9721-fb0e7c02bb4b,e-bike,40.01554833333333,-82.966395,23,6.15,True,False,False,1787215672
Spin,5d255362-e349-4843-ab33-754c508fd418,scooter,40.014534,-82.966999,42,11.95,True,False,False,1787215642
Spin,edfc5d1b-b59d-4aeb-94f0-c9c64111c80b,scooter,40.017084,-82.965563,89,25.43,True,False,False,1787215564
Spin,61683386-a3a7-4789-8916-9515f1b1cb8a,e-bike,40.006137100000004,-83.0089104,45,12.29,True,False,False,1787215542
Spin,70b3a91b-856a-4589-bee9-cb0542e2d868,scooter,40.012918,-82.968024,97,27.57,True,False,False,1787215593
Spin,9c380286-6db2-4d9e-8c2c-276659fc7504,e-bike,39.98449423333333,-83.02290569999998,19,5.27,True,False,False,1787215635
Spin,6d5e9838-70f6-4f40-9abb-426626e5c62a,scooter,40.015534,-82.966376,97,26.34,True,False,False,1787215621
Spin,7df98033-8c3f-4321-9436-956d0e98442b,scooter,40.007172,-82.97129,95,25.75,True,False,False,1787215621
Spin,c5b2adfe-c36f-4e55-a231-29cc3029c42f,scooter,40.01706,-82.965499,25,7.05,True,False,False,1787215668
Spin,d4bb883e-7df7-4022-9eb7-8da842d2f0d6,scooter,40.014335,-82.966868,65,18.38,True,False,False,1787215585
Spin,2a31fd2d-8757-4227-88f5-f18eb15d3492,scooter,39.987238,-83.010808,97,26.34,True,False,False,1787215638
Spin,a3be50ed-1abc-42f3-8ae4-d63014a1aa35,e-bike,39.966993333333335,-82.99694833333334,48,13.17,True,False,False,1787215630
Spin,b9f4e779-f339-4901-b55e-a77d64a5233f,scooter,39.984015,-83.016739,98,26.63,True,False,False,1787215640
Spin,0eb4670d-a55b-4c8e-9cbb-259865abcccf,scooter,40.006195,-82.968158,96,26.05,True,False,False,1787215451
Spin,ae7a7a36-95d1-4e68-b5e1-fcada015a581,scooter,39.990170033333335,-83.00586550000001,35,9.66,True,False,False,1787215473
Spin,e1254d30-4bf3-48f2-8d1c-9b656db56fb8,scooter,39.99014063333333,-83.0059146,56,15.22,True,False,False,1787215616
Spin,835c1724-54ed-4d05-b1ff-3259054eabc4,scooter,39.99015033333333,-83.005874,61,16.68,True,False,False,1787215467
Spin,21fb9750-9288-489d-8e58-48449e115123,scooter,39.99015833333333,-83.00587599999999,47,12.88,True,False,False,1787215614
Spin,1425393c-c1be-435f-b6d8-20c4548f846d,e-bike,39.987662050000004,-83.0107155,78,21.36,True,False,False,1787215466
Spin,4530c1c8-1b06-4d0d-87a4-f04290e3dc4e,e-bike,39.98081466666667,-83.00472573333333,69,18.73,True,False,False,1787215548
Spin,5573a269-897f-4931-8047-18959781dda0,scooter,39.980926,-83.00459,40,10.83,True,False,False,1787215544
Spin,37de9938-b896-4d52-a41a-cac28304bfc0,scooter,39.98081703333333,-83.00470410000001,48,13.17,True,False,False,1787215557
Spin,7c7a21fb-40d3-40c0-901b-5c04b6288424,scooter,39.98082243333333,-83.0047167,17,4.68,True,False,False,1787215532
Spin,96690924-e7c3-43cd-95db-05f2a7131c77,e-bike,39.98080253333333,-83.0047233,75,20.49,True,False,False,1787215450
Spin,db4e39a5-edd7-4f2c-bdc6-b97b38f30c7d,e-bike,39.938071666666666,-82.96808333333333,69,18.73,True,False,False,1787215647
Spin,59c200a1-d84b-470d-9869-6a7879b9685d,scooter,40.019511,-82.975087,80,21.66,True,False,False,1787215591
Spin,8eb194b5-90f6-4ab1-93eb-404d543c8533,e-bike,39.979076250000006,-83.00391319999999,90,24.58,True,False,False,1787215583
Spin,2b9e9bc2-ffd8-483c-99e1-d486af6d5b0f,scooter,40.031861,-82.973428,100,27.22,True,False,False,1787215674
Spin,b8ba67b9-b210-4396-8832-cc0445ac3453,e-bike,39.97126525,-83.0044672,91,24.88,True,False,False,1787215646
Spin,1ec1a8d3-4860-4f40-9a54-917278ba1082,e-bike,39.97745885,-83.01160479999999,87,23.71,True,False,False,1787215499
Spin,a3bce26f-ae49-4b55-8e21-a5068455f12d,scooter,39.97743695,-83.01156190000002,60,16.39,True,False,False,1787215441
Spin,4c6c5d74-dce1-4a64-9c62-86eed2fc9846,e-bike,40.002557900000006,-83.0051237,90,24.58,True,False,False,1787215641
Spin,21dd2890-f621-4773-bcf3-a8c75d1c752d,scooter,39.962223,-83.004275,76,20.78,True,False,False,1787215644
Spin,93fea692-a9e6-4942-95a6-706bc9b4e4d1,scooter,39.983856,-83.004845,43,11.71,True,False,False,1787215515
Spin,4c361497-cff6-47f0-b8da-8cd3de820664,scooter,39.983832,-83.004707,33,9.07,True,False,False,1787215650
Spin,8ef24f37-4036-49fb-829c-5e42d06ad9e3,scooter,39.981018,-83.00435,34,9.37,True,False,False,1787215633
Spin,30c26ad2-18b7-4051-8fbc-619feb4a8495,scooter,39.95906303333334,-83.0275059,46,12.58,True,False,False,1787215679
Spin,a405ce40-510e-49ca-976e-e170f7073af1,scooter,40.019179,-83.02576,40,10.83,True,False,False,1787215648
Spin,93175ec4-2497-4942-b465-68bd571e111c,scooter,39.963168,-82.981296,73,19.9,True,False,False,1787215620
Spin,7104391c-2e68-4672-b3d6-ad3cba03606a,e-bike,39.97719875,-83.00500509999999,38,10.24,True,False,False,1787215436
Spin,f2e5eddc-58ce-48f3-ad6e-f61e17f3cc35,scooter,39.942004,-82.995002,19,5.27,True,False,False,1787215580
Spin,c1c732c0-fd99-4f2b-81ef-8343a21bcd65,scooter,39.98824165,-83.0151774,35,9.66,True,False,False,1787215598
Spin,36919d2e-ce85-4fff-90a7-48b1b924a735,scooter,39.998271833333334,-82.99564283333332,69,18.73,True,False,False,1787215534
Spin,58722b5f-9675-497a-8eff-be1bc8a0e00a,scooter,39.97171275,-83.0047689,54,14.63,True,False,False,1787215593
Spin,334d31c5-d087-4bad-a9ae-f9207900040e,scooter,39.971696449999996,-83.00477729999999,73,19.9,True,False,False,1787215614
Spin,b132fb9e-4fe8-4b2f-8370-5c59bab8a5ed,scooter,40.017056,-82.965608,77,21.07,True,False,False,1787215674
Spin,78c08286-b2a2-4e58-bcd2-ce0999167e5c,scooter,40.01703,-82.965633,74,21.14,True,False,False,1787215590
Spin,74de8c4f-73fc-4103-a50c-268bc2c5fa92,scooter,39.957771,-82.969179,20,5.56,True,False,False,1787215580
Spin,9e4baced-ec04-4317-9fe7-24dcb62b97a6,scooter,39.957739,-82.969261,52,14.7,True,False,False,1787215665
Spin,26fd4f0f-56c9-4a06-9942-8bbf60a7e6a0,scooter,39.957753,-82.96921,88,24.0,True,False,False,1787215629
Spin,dadd32c0-0f71-45b7-9b2f-abc92f78f816,scooter,39.957795,-82.969214,63,18.07,True,False,False,1787215531
Spin,6cf5ed88-7410-44c4-90cb-e46ba3a5a8b1,e-bike,39.968516666666666,-83.01234833333335,76,20.78,True,False,False,1787215664
Spin,8e9e8c82-24dc-43bf-b227-95f5c6d81019,scooter,40.030912,-82.962454,47,12.88,True,False,False,1787215471
Spin,ec046d64-aa07-43d0-b32b-8c231bf259ce,scooter,39.957781,-82.96922,91,26.04,True,False,False,1787215618
Spin,546055c1-e27b-421f-a32d-09cbf8d69f93,e-bike,40.001422899999994,-83.0075082,86,23.41,True,False,False,1787215489
Spin,fbfa6111-e580-4f1a-83c3-95f10bb56186,e-bike,39.97090695,-83.00105409999999,80,21.66,True,False,False,1787215627
Spin,2fafd81e-93bd-4e3c-bd32-044b17576233,e-bike,39.963036333333335,-83.00089959999998,77,21.07,True,False,False,1787215584
Spin,1bd23562-6417-41b9-ad9d-87b56c6171f0,scooter,39.962434,-82.969114,43,11.71,True,False,False,1787215504
Spin,6dc3f8b8-1bc5-4c2f-987c-d79243490257,scooter,39.962405,-82.969112,18,4.98,True,False,False,1787215534
Spin,6b91d295-fce4-4702-b9c5-17f1576de1c3,e-bike,39.96245,-82.96913666666666,58,15.8,True,False,False,1787215596
Spin,622191f1-de8a-4397-b750-6ece1886b329,e-bike,39.96245333333333,-82.969145,42,11.41,True,False,False,1787215533
Spin,d1dcf7d0-181f-4929-b122-90219b5f8742,scooter,39.962428,-82.969137,62,17.77,True,False,False,1787215586
Spin,40aaf7bd-dfd9-4b86-bb65-e7e029f40745,scooter,40.0149739,-83.00004830000002,30,8.19,True,False,False,1787215534
Spin,028ff7f8-b5cc-40b3-8c56-b34c0147f151,scooter,39.962473,-82.977628,98,26.63,True,False,False,1787215562
Spin,cbd15b5d-7852-4eb1-b9da-a91de79dc60b,e-bike,39.96139013333333,-82.98881484999998,58,15.8,True,False,False,1787215630
Spin,6ee671d3-6c6a-4d58-9524-076c9db98aa0,scooter,39.99408713333333,-83.00685460000001,51,13.76,True,False,False,1787215656
Spin,92e646b6-b696-42f5-8162-828813227c06,scooter,39.963248,-82.981316,18,5.21,True,False,False,1787215587
Spin,586b6569-ab04-476c-98a0-80c50b287bef,e-bike,39.95848413333333,-83.0084487,34,9.37,True,False,False,1787215646
Spin,617f81c4-614b-4858-bce5-150e3119bea7,scooter,39.994109333333334,-83.0068081,40,10.83,True,False,False,1787215666
Spin,b2597ace-f3d8-4cf1-afad-2cbb5c05565d,scooter,40.004279,-83.000727,100,27.22,True,False,False,1787215626
Spin,63dfad94-5f1b-42dd-a47f-845de0b26038,e-bike,39.95759373333333,-83.02325879999998,85,23.12,True,False,False,1787215643
Spin,4ab9b407-92d3-496f-855d-6664044d70de,e-bike,39.966692333333334,-83.0040994,48,13.17,True,False,False,1787215550
Spin,713d57cd-9c08-498b-847d-ada6623a7d74,e-bike,40.010070000000006,-83.00978166666667,97,26.34,True,False,False,1787215646
Spin,717d0446-7ca3-41da-b430-e6ad728019cb,e-bike,39.97163666666667,-83.00246333333334,81,21.95,True,False,False,1787215522
Spin,ddf2beda-8c68-4e84-bea0-192a6a8ebef0,scooter,40.014447,-82.981762,57,15.51,True,False,False,1787215636
Spin,60ec62f5-959d-430b-9ef6-a6d4412a3226,e-bike,39.967389133333334,-83.01567599999998,68,18.44,True,False,False,1787215611
Spin,22f1f7f1-323c-4b20-95b2-4ad4c4026f56,scooter,39.967409933333336,-83.01556880000001,80,21.66,True,False,False,1787215614
Spin,de69a47e-2137-48ab-90c9-339d4e8de4db,e-bike,39.96739003333333,-83.01568219999999,43,11.71,True,False,False,1787215505
Spin,3310e981-8605-4e06-9693-57b89299aae9,scooter,39.96740543333333,-83.01556200000002,30,8.19,True,False,False,1787215628
Spin,a4b50a38-82f7-476d-9a62-0b0c5f4f3baa,scooter,39.967407933333334,-83.0155616,69,18.73,True,False,False,1787215581
Spin,cea1ffd7-a019-4715-8054-a43b429b0e51,scooter,39.96739413333333,-83.01553729999999,100,27.22,True,False,False,1787215675
Spin,ba882358-1859-4e73-a88e-915df69eb647,e-bike,39.96739433333333,-83.01570250000002,86,23.41,True,False,False,1787215608
Spin,79c92f1b-f16b-47ab-a47e-a47dea5fab3a,e-bike,39.967400233333336,-83.015666,87,23.71,True,False,False,1787215507
Spin,943f6511-6e31-43da-bc4c-d1749e39ab1d,e-bike,39.967392333333336,-83.0156727,56,15.22,True,False,False,1787215504
Spin,d362f021-5671-4930-a368-bb99e0b5cec5,scooter,39.967410433333335,-83.0155658,100,27.22,True,False,False,1787215630
Spin,dc09a4ce-0c00-4ac8-b481-818651fc297d,scooter,39.967431633333334,-83.015679,22,5.85,True,False,False,1787215423
Spin,d448ffe1-f771-419e-9389-d01a8784a060,scooter,39.96741813333333,-83.0155804,70,19.02,True,False,False,1787215472
Spin,cd79d2b8-c504-4a23-af88-144849884cba,e-bike,39.999407733333335,-83.0074544,40,10.83,True,False,False,1787215665
Spin,a64b3348-1fd7-4837-ab31-481152288e12,e-bike,39.967400833333336,-83.0156806,90,24.58,True,False,False,1787215576
Spin,d08550f5-60a4-41ac-8cab-19d13509961a,e-bike,39.96740143333333,-83.01569489999999,91,24.88,True,False,False,1787215592
Spin,8f8c546f-2805-403c-a8b6-9d4a1913ad06,scooter,39.96740663333333,-83.01554300000001,100,27.22,True,False,False,1787215656
Spin,aff23d30-3509-4e08-b5f2-f7a27ce56611,scooter,39.998967633333336,-83.0076762,27,7.32,True,False,False,1787215448
Spin,ff70512d-9b93-4294-beea-eee1f4ab7004,scooter,39.959547,-83.033265,77,21.07,True,False,False,1787215647
Spin,5eb564ba-cbdf-4ca0-8171-29fd859eb45d,scooter,39.959579,-83.033062,73,19.9,True,False,False,1787215626
Spin,b07531e0-28e9-499b-9f9e-e27840d0faeb,scooter,39.92695,-82.965291,25,6.73,True,False,False,1787215629
Spin,0cf2b583-379f-44ff-943c-72909e72c045,scooter,39.977068,-82.998261,37,9.95,True,False,False,1787215639
Spin,68c2ee6d-ee30-458c-bf92-8c2dac9f2d82,e-bike,39.98199923333333,-83.00926409999998,70,19.02,True,False,False,1787215461
Spin,4ce9f474-b5ff-4576-9bba-ce30df1a848e,e-bike,40.006589,-83.0193063,87,23.71,True,False,False,1787215608
Spin,97db51ba-6553-48d6-b7e9-c4d8429e4191,e-bike,40.0065806,-83.01928350000001,87,23.71,True,False,False,1787215606
Spin,b1745d9b-b3f7-49df-91ac-f1096e331670,e-bike,40.006604599999996,-83.01929299999999,87,23.71,True,False,False,1787215607
Spin,ec10359d-f224-41d3-975a-819d498fc318,e-bike,40.006589633333334,-83.01930076666667,88,24.0,True,False,False,1787215609
Spin,0b9d503e-2971-420f-ad15-c2002618e572,e-bike,40.00658166666666,-83.01925666666666,99,26.93,True,False,False,1787215609
Spin,7a3ff40c-6826-4fcf-97f8-d3a4ad735149,e-bike,39.957821116666665,-83.01416470000001,57,15.51,True,False,False,1787215619
Spin,8a453014-f2c7-482b-b74c-7c011b86bc21,e-bike,39.9339479,-83.09045528333333,95,25.75,True,False,False,1787215452
Spin,9b7ba7ee-239d-44b8-9624-065f1215b325,scooter,40.006572,-83.020453,94,25.46,True,False,False,1787215655
Spin,2b4a8716-3ea1-4e56-8df8-3275f5707fd0,scooter,40.006595,-83.020486,78,21.36,True,False,False,1787215620
Spin,293ed635-1734-41fe-8c9d-8181a37fcfb4,e-bike,39.943079233333336,-83.08759970000001,90,24.58,True,False,False,1787215666
Spin,767b7b21-802c-4b3d-abb2-3f944aa56dc9,e-bike,39.97854045,-83.00527079999999,86,23.41,True,False,False,1787215627
Spin,fe571b49-504e-4e8f-aae0-874e20e7f948,e-bike,39.99194103333333,-83.00665240000002,25,6.73,True,False,False,1787215476
Spin,dc2b06d5-b876-414d-9de9-ee1c3d5b3dc6,e-bike,39.95426693333333,-83.0740082,96,26.05,True,False,False,1787215577
Spin,e72d1573-5dd8-4529-9f28-effb7023f3cc,e-bike,39.99674233333334,-83.0063577,68,18.44,True,False,False,1787215672
Spin,ee0971f0-ee98-470d-af26-cd3716fe1278,scooter,39.96116463333333,-83.00655450000001,95,25.75,True,False,False,1787215570
Spin,4ae6e83c-dd59-473a-b7ec-747758c4fc94,scooter,39.95773413333333,-82.96692993333333,16,4.39,True,False,False,1787215582
Spin,c456bed8-6847-4231-994e-d3fef0d7fadb,scooter,39.937648,-82.995317,70,19.02,True,False,False,1787215652
Spin,5d80ef15-a6c8-4934-b53c-d05fe1faa107,scooter,39.941158,-83.04415,100,27.22,True,False,False,1787215639
Spin,7af69041-79a9-41bf-b5fb-da614ea9027a,e-bike,39.994611533333334,-83.00559,86,23.41,True,False,False,1787215669
Spin,027275f1-81de-465b-854e-524cf349e59f,scooter,39.96603553333333,-82.96228173333333,63,17.27,True,False,False,1787215670
Spin,c46b6a6d-f838-4fa2-b0ee-8c0f4d8291f6,e-bike,39.98856285,-83.00083539999999,43,11.71,True,False,False,1787215541
Spin,6f5c0bd8-d18e-4981-96cc-a13330801f8b,scooter,39.947313,-83.043507,95,25.75,True,False,False,1787215662
Spin,1bb7601c-80cc-4ffe-ba62-5d84d895388f,scooter,40.00018,-82.97876,34,9.37,True,False,False,1787215622
Spin,faa4ad0c-eab3-4a40-9c88-2789cc4d1822,e-bike,39.94770833333334,-83.05092166666667,78,21.36,True,False,False,1787215549
Spin,1d707beb-4f62-4352-91ad-028cddeed274,scooter,39.958974633333334,-83.02827289999999,34,9.37,True,False,False,1787215625
Spin,3b7b857f-47c5-4ce8-91fb-5a4e85f773f3,e-bike,40.002185000000004,-82.99718166666668,81,21.95,True,False,False,1787215520
Spin,85c1dad8-6dbd-4d34-9146-b580d0f478bf,e-bike,39.97295833333333,-83.00277333333334,51,13.76,True,False,False,1787215636
Spin,68e325d9-277a-4faa-ad3f-d6750b4b6062,scooter,39.949415,-83.041799,96,26.05,True,False,False,1787215668
Spin,6b80e854-3b8f-44bb-8db7-f48fe3c9cd05,scooter,40.0267129,-83.02563049999999,83,22.54,True,False,False,1787215588
Spin,6eaa82a5-a54d-4396-9bbf-5d7d5e144c42,e-bike,39.99825733333333,-83.0037748,85,23.12,True,False,False,1787215552
Spin,6e803dec-4546-4871-8f4c-d2aed5390c9a,e-bike,39.998279133333334,-83.0037733,16,4.39,True,False,False,1787215537
Spin,918a8a4c-de8e-4a10-b117-386653489be5,scooter,39.939725,-83.120078,100,27.22,True,False,False,1787215657
Spin,348f740a-54c8-47b6-91a4-3e6d2735490a,scooter,39.957124,-83.041267,96,26.05,True,False,False,1787215639
Spin,51547ce9-3db5-488a-85bb-79f2813ba134,scooter,39.94559,-83.06218,45,12.87,True,False,False,1787215569
Spin,52f30fee-068f-45e4-ab73-8ac9b8c75129,e-bike,40.0752541,-83.013095,19,5.27,True,False,False,1787215551
Spin,d7c3636b-4eb7-49d2-9843-92a73190670e,scooter,39.94944,-83.041676,98,26.63,True,False,False,1787215594
Spin,aa7d2fa6-763b-4a25-9613-b86293d5a2a8,scooter,39.990689,-83.026058,92,25.17,True,False,False,1787215679
Spin,b1f41190-7cf5-4f77-b101-e136fc4fe1f6,e-bike,39.96463166666667,-83.00023000000002,40,10.83,True,False,False,1787215476
Spin,ee290029-7dbd-49cf-8b24-7bc062fbaf4a,scooter,39.960240633333335,-82.98686843333334,22,5.85,True,False,False,1787215661
Spin,127fd30f-67ff-4274-8359-2c40730fa8a3,scooter,39.959566,-83.033291,98,26.63,True,False,False,1787215466
Spin,781cd4e2-906f-4832-8022-ba59428348e1,scooter,39.97377135,-83.0027816,100,27.22,True,False,False,1787215411
Spin,b5db49d8-608d-4217-8f98-b6a083d458fa,scooter,39.97378185,-83.00275549999999,95,25.75,True,False,False,1787215461
Spin,d3efe2fd-da69-4e68-9ff5-4f39f11294f4,e-bike,39.958465833333335,-82.99767353333333,33,9.07,True,False,False,1787215556
Spin,f06ea9b5-c9a4-4e76-b417-9f51a5ab7d60,scooter,39.96742883333333,-83.0179418,49,13.46,True,False,False,1787215585
Spin,1d68c0f3-0d36-4bb6-8e5e-12c05452c5f0,scooter,39.99789143333333,-83.00651719999999,18,4.98,True,False,False,1787215425
Spin,4c4d9121-c86c-4e70-9e6d-5d1507364bf8,e-bike,40.014405000000004,-82.98121833333335,65,17.56,True,False,False,1787215620
Spin,e70d5afa-5d98-4889-86ca-3b89f512ecec,e-bike,39.97073833333333,-83.00221000000002,100,27.22,True,False,False,1787215438
Spin,0315541d-d1c3-4731-9ef0-322273c6250c,e-bike,39.9708348,-83.0021469,90,24.58,True,False,False,1787215604
Spin,08535bb4-5788-4f48-a33d-fb4eecd5dbb0,e-bike,39.97314265,-83.002898,43,11.71,True,False,False,1787215581
Spin,ac3fea02-669c-494f-b50c-ff9a1d28dcb4,e-bike,39.96914563333333,-83.0023007,88,24.0,True,False,False,1787215639
Spin,0f9fa241-0cc8-474b-8584-8fb94766627f,scooter,40.015275,-82.981548,53,14.34,True,False,False,1787215617
Spin,133095cf-2656-4fa7-8ec2-0441092d2ee5,e-bike,39.983986433333335,-83.015667,33,9.07,True,False,False,1787215653
Spin,52a238f0-d35a-4e24-8ea6-f68eb528e095,scooter,39.969465,-83.001305,98,26.63,True,False,False,1787215679
Spin,e01fbc3c-0ebc-4e44-881f-dfc2254ccd82,e-bike,39.95770913333333,-83.0061917,33,9.07,True,False,False,1787215499
Spin,42d62ab5-e007-4bf7-ab70-e17ae0ad34ca,e-bike,40.0031649,-83.0082417,85,23.12,True,False,False,1787215654
Spin,8693c087-96c3-452a-84a9-3c00767610b8,e-bike,39.96909273333333,-83.0093723,57,15.51,True,False,False,1787215667
Spin,9b5a058d-0b9a-4f7f-a71d-81f8ee94242c,scooter,39.96813173333333,-83.013669,72,19.61,True,False,False,1787215605
Spin,9aadf1fa-7733-4a9d-9c06-c752187d79b0,scooter,39.965796,-83.010029,46,12.58,True,False,False,1787215570
Spin,0bdb8296-ae30-4dc5-a181-b770434b4b59,scooter,39.941488,-83.049012,57,16.24,True,False,False,1787215637
Spin,ec67c941-c2ed-471e-9210-4d47488bc3f4,e-bike,39.990697133333335,-83.0175251,48,13.17,True,False,False,1787215621
Spin,cc8cdbd2-eb10-4c09-adc2-e3d697472f8e,e-bike,39.982454999999995,-83.00111166666666,17,4.68,True,False,False,1787215539
Spin,f6548fa3-ff9d-4a01-90fd-96d12ee6f120,e-bike,39.95909833333334,-83.00184499999999,98,26.63,True,False,False,1787215468
Spin,9d7f79c7-5f44-4dfc-a6bc-4af47617cec7,e-bike,39.977502550000004,-83.0035374,61,16.68,True,False,False,1787215661
Spin,d9bc3df6-9d9c-4de0-86cf-cd9a94c85783,e-bike,39.98406166666667,-83.00493,26,7.02,True,False,False,1787215591
Spin,8344e44b-54dd-42e0-be18-fa2b5c19fd64,e-bike,40.0027999,-83.00573690000002,54,14.63,True,False,False,1787215634
Spin,5bbe7f65-02fe-47aa-952d-f2e9d69723b9,e-bike,39.96829833333334,-83.00945099999998,84,22.83,True,False,False,1787215674
Spin,423ed0e3-6725-4bf7-8f88-c8d1f6761710,e-bike,39.968295033333334,-83.00943620000001,23,6.15,True,False,False,1787215677
Spin,c0423080-6d94-49ec-ad6a-5f91b6cf24b5,scooter,39.967148433333335,-83.01779020000001,58,15.8,True,False,False,1787215640
Spin,c3aab057-b2e3-44ee-96ab-ae4323488fd0,e-bike,40.0146734,-83.0002898,20,5.56,True,False,False,1787215644
Spin,850ed267-91f6-4fd9-abf6-621ff085b108,e-bike,39.969325000000005,-83.01215500000002,95,25.75,True,False,False,1787215675
Spin,4354e026-013f-4343-842e-83b72f73f31b,e-bike,40.0019104,-83.0006515,20,5.56,True,False,False,1787215644
Spin,cfee2c7b-7a91-4270-b62d-92f5000a8f08,scooter,39.963773,-82.998311,63,18.07,True,False,False,1787215573
Spin,41409a37-3c9a-4876-8b9b-00e02af63454,scooter,39.957444,-83.012886,100,27.22,True,False,False,1787215616
Spin,050a6992-ddd2-4bed-9e83-d28f24a311bb,e-bike,39.99034713333333,-83.01356259999999,40,10.83,True,False,False,1787215521
Spin,2378c695-43c6-4bcd-ac96-c7e4b8f0f79e,e-bike,39.99204373333334,-83.0121974,73,19.9,True,False,False,1787215649
Spin,16f0f46d-8aae-4bf4-8278-83b9e06123c0,e-bike,39.96179166666666,-83.00382666666668,100,27.22,True,False,False,1787215504
Spin,dae562f6-3871-4b4d-ba85-20f9ef877e3e,e-bike,39.96794473333333,-83.0113172,49,13.46,True,False,False,1787215576
Spin,a916ab50-30e2-4052-82f9-a20766eb8463,e-bike,39.96226183333333,-83.0042347,63,17.27,True,False,False,1787215500
Spin,7844e14e-f71a-45f7-9733-80aabf57d88f,e-bike,39.96226733333333,-83.0042214,68,18.44,True,False,False,1787215592
Spin,c5650eab-f625-4b11-8a65-8b8f9ce1b4fe,e-bike,39.98613593333334,-83.01530310000001,43,11.71,True,False,False,1787215638
Spin,bc3ade5a-f452-43ea-a97c-f1df47b4cf2e,scooter,39.967769133333334,-83.0126789,29,7.9,True,False,False,1787215636
Spin,6edecd87-152f-44f5-9609-3a546afefb99,scooter,39.984002,-83.016724,66,17.85,True,False,False,1787215671
Spin,bad61c61-1d2c-4d52-94d6-9e21ff605ed5,scooter,39.955651,-83.020265,95,25.75,True,False,False,1787215573
Spin,c05af153-7087-44d8-8f81-6535395a3394,scooter,39.954958,-83.022061,96,26.05,True,False,False,1787215632
Spin,90c0bda3-b405-4e8c-b093-0d1461a9a99c,scooter,39.96741313333334,-83.0178965,23,6.15,True,False,False,1787215679
Spin,6a23a6d1-3a3d-4a46-bc39-2cf08a2609b9,e-bike,39.99405443333333,-83.00680140000001,38,10.24,True,False,False,1787215641
Spin,31e99cff-62bc-48af-8b32-4b62d69c9c9b,scooter,39.96738953333333,-83.01795259999999,34,9.37,True,False,False,1787215654
Spin,799016d6-d223-4928-8bfb-6fd7f0b2de87,scooter,39.95850123333333,-83.0084915,66,17.85,True,False,False,1787215609
Spin,bb1b1495-e426-4076-bc1d-0ff09b6d115b,e-bike,39.95763743333334,-82.98833154999998,43,11.71,True,False,False,1787215590
Spin,c52d25b5-87df-468d-bd66-a78a17e15037,e-bike,39.95930223333333,-82.99492373333332,87,23.71,True,False,False,1787215671
Spin,32c6a49e-1e95-4748-833e-3af37bf63513,scooter,39.937387,-83.042059,67,18.99,True,False,False,1787215656
Spin,b66e1670-a3ca-4ce7-86c0-e3334e703885,scooter,39.99636103333333,-82.99912593333332,100,27.22,True,False,False,1787215569
Spin,012c417d-5170-46d9-8c5c-df540d2054ad,e-bike,39.925286633333336,-82.98428543333333,76,20.78,True,False,False,1787215526
Spin,b331c051-e386-4fb8-b699-9b5d738bd674,scooter,40.0020155,-83.0012108,86,23.41,True,False,False,1787215611
Spin,aa29d29f-b6e2-4d25-b72a-270e4cd0d136,e-bike,40.0048386,-83.0076626,87,23.71,True,False,False,1787215494
Spin,6d52173d-d68a-49ec-9057-eaf914810992,scooter,40.012967,-82.968238,90,24.58,True,False,False,1787215650
Spin,c9d1e056-7321-4aae-896f-6b1419e1e962,e-bike,39.993770633333334,-83.0074439,16,4.39,True,False,False,1787215529
Spin,5cd1d987-e43d-49f8-8d2a-1836910c89a1,e-bike,39.958938333333336,-83.02458166666665,31,8.49,True,False,False,1787215542
Spin,aac80f2f-afe0-4906-ac92-5cd9b8842dff,scooter,39.958925,-83.024552,61,17.46,True,False,False,1787215598
Spin,e1b89343-dac7-41eb-8ae8-1869940a8aaa,e-bike,40.0010612,-83.00070580000002,67,18.15,True,False,False,1787215559
Spin,2f77933e-3a3b-4995-bff4-8d107b8c28f2,e-bike,39.956799333333336,-83.00203379999999,15,4.1,True,False,False,1787215583
Spin,c635c06a-f040-4e10-a377-748513fe576d,e-bike,39.96829193333333,-83.0097682,86,23.41,True,False,False,1787215642
Spin,5f7090c8-e3ea-4371-acfa-ba8c2a213383,e-bike,39.96830743333333,-83.00976450000002,40,10.83,True,False,False,1787215440
Spin,ea0dfb29-a8c4-4834-be9e-37e8bdf83d19,e-bike,39.968272666666664,-83.00976591666668,39,10.54,True,False,False,1787215437
Spin,64a56fc9-33a1-45da-ae54-8b504082aed1,e-bike,39.96825893333333,-83.0097659,23,6.15,True,False,False,1787215665
Spin,23e78503-4482-4a29-93f8-69b1d06d6918,e-bike,39.96831073333333,-83.00977480000002,70,19.02,True,False,False,1787215498
Spin,81e31ac8-085f-4594-8ac7-39679cb34977,e-bike,39.96829023333333,-83.0097669,52,14.05,True,False,False,1787215637
Spin,6772b41f-add5-4c9a-8b5f-a4c5e4dc6c9d,e-bike,39.96828573333333,-83.009783,71,19.32,True,False,False,1787215556
Spin,74fef1f7-b8dd-47c8-8e72-c2e1cf15b553,e-bike,39.968304833333335,-83.00977659999998,56,15.22,True,False,False,1787215506
Spin,10926de4-ce6f-4f46-b75f-1ee35e1825de,e-bike,39.968286733333336,-83.0097648,17,4.68,True,False,False,1787215456
Spin,c981778a-e410-4683-a718-c0ad642263f5,e-bike,39.968266666666665,-83.00976333333334,75,20.49,True,False,False,1787215546
Spin,9dea0806-891e-4dc1-b064-ae698665d37c,e-bike,39.96828633333334,-83.00977579999999,56,15.22,True,False,False,1787215475
Spin,eac50a58-036d-456d-be21-38cca8906ec7,e-bike,39.96831853333333,-83.00977489999998,48,13.17,True,False,False,1787215608
Spin,1b83c2f4-8724-42e3-a2fd-c103ec8619d2,e-bike,39.968276833333334,-83.00977140000002,54,14.63,True,False,False,1787215598
Spin,6ae5c5e3-b674-4491-8554-29a46655a433,scooter,39.968262233333334,-83.00977130000001,100,27.22,True,False,False,1787215552
Spin,09993ba6-7cc4-4836-9cb1-e82c85895a9e,e-bike,39.96827283333334,-83.0097622,35,9.66,True,False,False,1787215647
Spin,72a540c2-5d98-4460-a99a-7ecdce0b9925,scooter,39.96184973333333,-83.0050524,41,11.12,True,False,False,1787215530
Spin,78116cd9-ad26-4ae4-90df-d765961488d7,e-bike,39.967626333333335,-83.015056,74,20.19,True,False,False,1787215551
Spin,9c061a21-a1c3-48f6-87d9-e35c1677d59c,scooter,39.958743,-83.000092,68,18.44,True,False,False,1787215526
Spin,d66fcb52-61fa-422c-8f7c-5af9a3e52875,scooter,39.95871143333333,-83.0000515,74,20.19,True,False,False,1787215596
Spin,319c2456-5b88-4eca-906b-cd8586e68af6,scooter,39.937758933333335,-82.97113534999998,62,16.97,True,False,False,1787215648
Spin,472570e6-3ee4-4053-a87f-89e263b9d4ce,scooter,39.968617,-83.001688,94,25.46,True,False,False,1787215626
Spin,810509ed-b00d-44d1-9fb4-e094e8695052,e-bike,39.95067803333333,-83.02894280000001,96,26.05,True,False,False,1787215600
Spin,bbf4da32-3ebc-4a6c-a76b-1acdddd388fe,e-bike,39.965810000000005,-82.998505,92,25.17,True,False,False,1787215621
Spin,2f2c6e8b-b3ab-4428-9403-83866d2c34ea,scooter,39.912246,-82.99521,30,8.58,True,False,False,1787215537
Spin,40d5e0f2-6175-4a75-bb73-5e3e67bc902c,scooter,39.95895483333334,-83.00852260000002,100,27.22,True,False,False,1787215599
Spin,8ba77db8-a353-4bcb-a455-a7d757b99bcb,scooter,39.95299633333333,-83.0233913,100,27.22,True,False,False,1787215627
Spin,c0bd0ecc-d113-499e-b824-a9dda2376333,e-bike,39.98694483333334,-82.99739223333333,72,19.61,True,False,False,1787215590
Spin,e005d18c-6256-4a92-a66b-96f1cc74cad7,e-bike,39.96147003333333,-83.00790479999999,92,25.17,True,False,False,1787215655
Spin,a10dbecd-494e-472e-826c-2bee542370b9,scooter,39.950614,-83.059229,25,6.73,True,False,False,1787215664
Spin,0b7d8f4e-d68d-4942-b732-fefb995cb3fe,e-bike,39.955236666666664,-82.99652333333333,83,22.54,True,False,False,1787215581
Spin,124a2980-4f82-49ca-b0b7-263ec4a0e0bf,e-bike,39.955281666666664,-82.996495,95,25.75,True,False,False,1787215447
Spin,7a8d1168-00e6-442c-b6f6-5c72d4c735be,e-bike,39.96694383333333,-82.99558913333334,47,12.88,True,False,False,1787215601
Spin,349eb511-e4e9-43e9-aafb-9e12cba67665,e-bike,39.95837233333334,-82.95824313333333,49,13.46,True,False,False,1787215665
Spin,f0a54202-d79f-459d-ae34-f5dab596ed79,e-bike,39.987224233333336,-82.99726053333333,42,11.41,True,False,False,1787215615
Spin,97b9c64a-cf97-4628-83d4-e37908925b41,e-bike,39.97175275,-83.0025739,96,26.05,True,False,False,1787215551
Spin,46993086-42cd-4642-9693-861f019c5e89,e-bike,39.97175715,-83.002599,57,15.51,True,False,False,1787215496
Spin,55c94cff-1975-4cad-b5ba-abf0f31a1d7e,e-bike,39.97173515,-83.0026116,90,24.58,True,False,False,1787215500
Spin,b04b3d01-f7dd-4911-8172-54ae9006c80c,e-bike,39.97172405,-83.0025728,38,10.24,True,False,False,1787215664
Spin,0bd2dcd1-28fe-417f-9c26-72b714d39a77,scooter,39.971733549999996,-83.0024923,56,15.22,True,False,False,1787215583
Spin,8ef36d45-c1ae-4713-90cd-bd35647f243a,e-bike,39.96518553333333,-83.00481380000001,65,17.56,True,False,False,1787215673
Spin,920ce170-c6d5-4987-b0c4-417d1a8950a4,e-bike,39.95824666666667,-83.00011,25,6.73,True,False,False,1787215506
Spin,d92fbffa-1fa1-4c2f-bf96-45449d9adc40,scooter,40.069035,-82.957042,15,4.1,True,False,False,1787215678
Spin,3690bc04-623e-419c-b9a2-f71028bc74dc,e-bike,39.967367933333335,-83.0032476,26,7.02,True,False,False,1787215634
Spin,ba8c9140-17d1-4692-9ef1-6b65b923281c,e-bike,39.96316233333334,-82.99129173333334,27,7.32,True,False,False,1787215513
Spin,c6aa5d2f-b0ed-4600-9599-6a1f019faac5,e-bike,39.96678873333334,-83.0048599,52,14.05,True,False,False,1787215511
Spin,82d6eb87-4308-4ba2-8ee7-3a11d9c20481,e-bike,39.96678753333333,-83.00487120000001,75,20.49,True,False,False,1787215604
Spin,676d2f47-a3b4-4369-9acb-b56fd336622c,scooter,39.960844,-83.012645,58,15.8,True,False,False,1787215571
Spin,765077c0-679c-4d67-914b-3ec086fb06b3,e-bike,39.96864883333333,-83.0039009,49,13.46,True,False,False,1787215439
Spin,8e5246f3-5788-48e1-ad45-ebf07b10855c,e-bike,39.963222333333334,-82.99834673333335,72,19.61,True,False,False,1787215670
Spin,7694e551-a3f8-46c1-b607-0ff19b850bf9,scooter,39.976194549999995,-83.0600711,33,9.07,True,False,False,1787215673
Spin,d99b85ad-db21-487b-81b1-920de52d9926,e-bike,39.96857133333333,-83.00479490000001,20,5.56,True,False,False,1787215657
Spin,7c136d75-dc86-4733-898b-b5ec563baca7,e-bike,39.97921615,-82.99488753333331,42,11.41,True,False,False,1787215639
Spin,e5dae0a8-060b-497e-ae72-4cab05d4c65b,e-bike,39.96582323333334,-83.00473269999999,54,14.63,True,False,False,1787215622
Spin,a8655e03-2464-4399-a2e0-79db5ba46315,e-bike,39.941670333333334,-82.99825643333334,40,10.83,True,False,False,1787215662
Spin,e92ec130-8012-417d-bf2c-2332a49e0d8d,e-bike,39.975875116666664,-83.01253741666666,74,20.19,True,False,False,1787215619
Spin,3b08b2b0-54cf-4bb4-8e38-9b89411a6cc3,scooter,39.950469,-83.095793,97,26.34,True,False,False,1787215447
Spin,ea5c801e-4eb5-43ce-8704-44b2d1dc0e9a,e-bike,39.98183683333333,-83.00158609999998,35,9.66,True,False,False,1787215557
Spin,397611ef-e4da-4500-b2a0-df4a2c85584e,e-bike,39.97439945,-83.0223173,90,24.58,True,False,False,1787215662
Spin,99634262-359a-45dd-a4e2-d35f62487a8c,e-bike,39.95719473333334,-82.99944563333332,51,13.76,True,False,False,1787215639
Spin,309a57df-3632-4944-b6bc-f81b943efd98,e-bike,39.95723433333333,-82.99943333333334,88,24.0,True,False,False,1787215660
Spin,41928391-2d51-4b9a-9bd9-267e6b63cce8,scooter,39.980928,-83.007757,35,9.66,True,False,False,1787215675
Spin,5e069722-8e37-4022-929b-51ed8b5a99f5,e-bike,39.969562833333335,-82.97472265,72,19.61,True,False,False,1787215549
Spin,9ff1876a-abb4-449c-94a3-0f42c660b0a2,e-bike,39.97042515,-83.00580049999999,82,22.24,True,False,False,1787215564
Spin,8074a9ae-0468-4955-9447-1242029877b3,e-bike,39.98403223333333,-83.01565029999999,72,19.61,True,False,False,1787215476
Spin,83cfb5c3-2453-4276-81e7-39903ca48c54,e-bike,39.983754033333334,-83.01539740000001,84,22.83,True,False,False,1787215594
Spin,8aba1787-488d-408b-93ae-e87532c982da,e-bike,39.97056545,-83.00456899999999,54,14.63,True,False,False,1787215500
Spin,e9b8804d-17a1-451b-927c-4f27ecc080e6,e-bike,39.970591750000004,-83.00457669999999,86,23.41,True,False,False,1787215538
Spin,7f96bdba-fab6-48d8-b948-54f234f23b85,e-bike,39.978602949999996,-83.0038132,35,9.66,True,False,False,1787215525
Spin,66dd1289-311c-4792-8377-d4838110efe6,e-bike,39.97358105,-82.96116793333334,51,13.76,True,False,False,1787215541
Spin,ad57f7d1-2a4f-477e-8f2f-1608fc054417,scooter,39.945392633333334,-83.00018010000001,65,17.56,True,False,False,1787215663
Spin,b9b463bc-dd3c-4592-8a61-9998d3ad9e8d,e-bike,39.96085943333333,-83.0133845,83,22.54,True,False,False,1787215640
Spin,ba087f9d-8106-43e0-ad7a-936135cbb165,e-bike,39.97438045,-83.02236640000001,37,9.95,True,False,False,1787215608
Spin,e2c15b48-ba7e-4b78-84df-9e9a7dc4e87b,e-bike,39.959246533333335,-83.00917409999998,52,14.05,True,False,False,1787215662
Spin,8bbd5541-67ae-4eff-bcdf-77499be3eb08,e-bike,39.97633255,-83.00321799999999,28,7.61,True,False,False,1787215464
Spin,db0cb18d-0dfb-4e69-b930-6d8da5f89070,e-bike,40.0062752,-83.00924089999998,89,24.29,True,False,False,1787215499
Spin,c4b2cdc5-5990-4f43-86f0-26968bed7716,scooter,40.003587,-83.000914,73,19.9,True,False,False,1787215634
Spin,94010f18-8eed-4d00-a6bc-d16d0fc7924e,e-bike,39.97631095,-83.0032314,45,12.29,True,False,False,1787215588
Spin,cc1c2563-a8e6-45f9-a08c-c953794f5ffb,e-bike,39.98683513333334,-83.00270370000001,38,10.24,True,False,False,1787215603
Spin,c03c3d72-cdff-43d0-a2a7-950474c72b75,e-bike,39.981230233333335,-82.99244583333332,51,13.76,True,False,False,1787215672
Spin,2bdfd8ba-f21e-40ad-82fd-eec1490644ff,e-bike,39.968259833333335,-83.0018148,86,23.41,True,False,False,1787215648
Spin,ef630aa8-ba55-4b40-a181-baf0b1379aa6,e-bike,39.958669533333335,-83.001951,27,7.32,True,False,False,1787215617
Spin,1237f3f0-10f4-4cce-a30c-f580dd1c3ee4,e-bike,40.014375,-83.01054819999999,37,9.95,True,False,False,1787215604
Spin,afe47641-cbe2-41ac-b07f-394e4d57a4a5,e-bike,39.97056595,-83.0085925,15,4.1,True,False,False,1787215650
Spin,4f5d7f08-169d-4205-b7d7-04dee4dfb97d,scooter,40.0064026,-83.00922629999998,97,26.34,True,False,False,1787215653
Spin,0e185e23-3a21-48fb-9077-aba6c705eefe,e-bike,39.98848615,-82.99838753333333,73,19.9,True,False,False,1787215544
Spin,fd5d9d5c-897d-4612-a55d-7f7998e0ad61,scooter,39.965682433333335,-82.99701873333333,89,24.29,True,False,False,1787215554
Spin,73c17853-b441-4252-950d-97237c85c2eb,scooter,39.96569003333333,-82.99703643333332,38,10.24,True,False,False,1787215618
Spin,d98cc767-a9ab-4789-8db2-81b5b3c0f71b,e-bike,40.0065245,-83.00918670000001,82,22.24,True,False,False,1787215660
Spin,0b8edc87-197d-436b-93f1-371842d7718e,e-bike,39.98607723333334,-82.98185663333334,47,12.88,True,False,False,1787215581
Spin,f594ed54-07d2-4367-bd46-f44d396088fb,e-bike,40.0012049,-83.00124570000001,48,13.17,True,False,False,1787215656
Spin,4b257c4e-78e9-4b78-b530-de0d97e0180a,scooter,39.96519323333334,-82.99045573333333,57,15.51,True,False,False,1787215594
Spin,dfcc3ad7-623a-4ea2-9bbc-61bf916fbfea,e-bike,39.95740703333333,-83.01134640000001,41,11.12,True,False,False,1787215630
Spin,59f30d46-4b42-4b4b-a34d-ea1b30980319,e-bike,39.99232063333333,-83.0066752,34,9.37,True,False,False,1787215591
Spin,6ab4f6d7-3d9f-474b-a8d0-78c7d5ecc3b4,scooter,40.008943,-83.01512460000001,100,27.22,True,False,False,1787215620
Spin,859a4c12-26c5-4a9e-b8d5-76870ea69245,e-bike,40.0013777,-83.00118900000001,47,12.88,True,False,False,1787215671
Spin,d8fc9afb-645b-488b-bfac-7c5a38236e7c,e-bike,40.0085808,-82.99883543333333,18,4.98,True,False,False,1787215670
Spin,d553a692-5d08-48af-9fa6-194418685d04,e-bike,39.957412633333334,-83.01134400000001,56,15.22,True,False,False,1787215527
Spin,3108d712-a833-4d6c-a77d-8b01fcf0fdf3,e-bike,39.97466905,-83.00299680000002,89,24.29,True,False,False,1787215608
Spin,645862ef-6fb7-487e-bfe1-8e8290245385,e-bike,39.97466345,-83.00297309999999,45,12.29,True,False,False,1787215618
Spin,182dd9ca-6b57-4dca-b714-273dc54e67e0,e-bike,40.0009404,-83.007811,77,21.07,True,False,False,1787215490
Spin,9b7dd750-ac1d-4355-9c28-098bdfa13cc9,e-bike,40.0097604,-83.01332849999999,39,10.54,True,False,False,1787215642
Spin,90d7d0cd-5930-4575-875a-6abe9b801c54,e-bike,40.0024292,-83.0045478,53,14.34,True,False,False,1787215615
Spin,59a55e6a-2c03-411d-8ae2-d8aa377c9c03,e-bike,40.00581833333333,-83.00085166666668,100,27.22,True,False,False,1787215647
Spin,c1bb4aea-9217-4b75-9639-3159c9b2c995,e-bike,39.97991735,-83.0042101,75,20.49,True,False,False,1787215545
Spin,8c07e731-14ff-4fd3-9647-f604c4a13503,e-bike,39.98791575,-83.0032859,43,11.71,True,False,False,1787215624
Spin,c12edcfd-1af7-4778-813a-29ba257d3927,e-bike,39.979666449999996,-83.00804910000001,83,22.54,True,False,False,1787215640
Spin,8cf6f93e-b4a0-4ea6-b086-7551928e0c9e,e-bike,40.0049778,-83.00863249999999,40,10.83,True,False,False,1787215668
Spin,c75832d3-4364-4207-ba15-948e05e99eec,e-bike,39.96009183333333,-83.00197250000001,86,23.41,True,False,False,1787215573
Spin,f5a85404-49fc-4f18-b458-50d5b690546b,scooter,40.015157,-82.97015,100,27.22,True,False,False,1787215592
Spin,48aa3273-a614-4a3f-843a-94581e14ae46,e-bike,39.96916833333333,-83.018335,97,26.34,True,False,False,1787215666
Spin,661ae963-fafd-46de-b62a-066ed0dab992,scooter,39.968721,-82.961731,19,5.27,True,False,False,1787215546
Spin,fc1f6776-559d-4688-951c-a7d4c8a5a9d0,scooter,39.93063,-82.997062,38,10.24,True,False,False,1787215500
Spin,e96b7ea4-4765-409e-88e8-743015e2130b,scooter,39.967382,-83.019226,88,25.12,True,False,False,1787215592
Spin,d81d60fb-1edd-4ee3-8274-769dfe3e8dfc,e-bike,39.96736713333333,-83.0191972,87,23.71,True,False,False,1787215608
Spin,89c9ff67-63f6-475a-996a-7fa3eb4a6ace,scooter,39.967323,-83.019076,98,26.63,True,False,False,1787215671
Spin,bcc5ae1c-b40c-4a8a-aaa5-fcf40829fbba,e-bike,39.96736953333333,-83.01922289999999,87,23.71,True,False,False,1787215505
Spin,e6535495-897b-41b0-892d-f4b7013cec57,e-bike,39.96577693333334,-83.01976529999999,74,20.19,True,False,False,1787215565
Spin,3fc86d8e-dd5e-4968-8cbf-f79b2493ee92,scooter,39.939395,-83.014643,52,14.05,True,False,False,1787215671
Spin,d9a5c935-34b6-4bd0-b61e-f5891fb1f8b0,e-bike,39.97244145,-83.00523909999998,37,9.95,True,False,False,1787215651
Spin,9b4c6bb2-ba1b-4078-b16e-591d0bff69c9,scooter,39.97045155,-83.00233150000001,48,13.17,True,False,False,1787215654
Spin,7f371c2a-7643-4cd0-b9b6-21ff6386075d,e-bike,39.957409033333334,-83.01132690000001,44,12.0,True,False,False,1787215621
Spin,910c4c5f-b2a3-4b4e-95d2-ebba78b2a26d,e-bike,39.99683983333333,-82.99812163333333,47,12.88,True,False,False,1787215523
Spin,681b4a3a-8c3c-469f-9b0a-945334642bc2,e-bike,39.99680243333333,-82.99819053333334,46,12.58,True,False,False,1787215544
Spin,36d71349-7f30-4b96-ae80-c252d1d22a3e,e-bike,39.99678003333334,-82.99821493333333,42,11.41,True,False,False,1787215592
Spin,56768485-4d88-4a9c-9fbf-50f5188490dc,e-bike,39.96740743333333,-83.01540840000001,88,24.0,True,False,False,1787215525
Spin,bf8d774e-f992-41e3-93b5-c3e731570bbf,e-bike,39.96740533333333,-83.0154072,88,24.0,True,False,False,1787215489
Spin,5d92071a-c7af-4c45-8744-47bbeee6551d,e-bike,39.967393333333334,-83.01539333333334,100,27.22,True,False,False,1787215421
Spin,23e9b18b-09a9-4384-b79c-6c3fa8f2189d,e-bike,39.96738333333334,-83.01538166666666,100,27.22,True,False,False,1787215423
Spin,47a71756-c071-400f-8cd4-bc75f9f427aa,e-bike,40.001905699999995,-83.0006385,81,21.95,True,False,False,1787215611
Spin,9149a23b-f9d1-4515-bb2c-f6a99c775287,e-bike,40.0059805,-83.0087194,90,24.58,True,False,False,1787215620
Spin,2756013f-698d-475c-8bd0-8ac57cc1d233,e-bike,39.96577623333334,-83.01977450000001,31,8.49,True,False,False,1787215527
Spin,5c24530e-ce08-469f-8e04-9aa80f32e2d4,e-bike,40.0068459,-83.0095403,40,10.83,True,False,False,1787215637
Spin,f4e85b6a-88e1-4115-b249-d662f4290656,e-bike,39.95890013333334,-83.0119652,20,5.56,True,False,False,1787215652
Spin,84e6cbe4-3eec-49d1-9cff-81e1d791c31e,e-bike,40.0063033,-83.0141362,86,23.41,True,False,False,1787215624
Spin,4f2bbf23-91c2-4d96-b916-4a7fc99c2c6a,scooter,39.99589583333333,-83.0071402,31,8.49,True,False,False,1787215434
Spin,1cdae66d-7c8f-4059-9220-9d9933c76e33,scooter,39.961189,-83.006495,18,5.21,True,False,False,1787215451
Spin,79d5a7ae-e667-468d-9201-96a2db3da032,e-bike,40.0023535,-83.00570889999999,42,11.41,True,False,False,1787215621
Spin,1115dfff-fce6-43e3-af5c-cb98ceb6ea36,e-bike,40.002344900000004,-83.00572849999999,86,23.41,True,False,False,1787215543
Spin,1f463460-0fd9-4ec7-a15a-6ddfc07d6e95,e-bike,39.962134033333335,-83.00415569999998,85,23.12,True,False,False,1787215566
Spin,d357ba2a-0ac3-4d0b-8ed4-fe3d81671c0f,e-bike,39.99371213333333,-83.0047991,15,4.1,True,False,False,1787215667
Spin,5b9240c6-83ce-44d6-a588-a77eb9498db2,e-bike,40.0155119,-83.01150899999999,33,9.07,True,False,False,1787215635
Spin,2df54606-721b-4aec-bcfe-798dd3491201,e-bike,39.994041833333334,-83.0067867,54,14.63,True,False,False,1787215535
Spin,04c586dc-efb1-4fb5-b6c9-9fd16a2b0679,e-bike,39.98927455,-82.99517323333333,67,18.15,True,False,False,1787215628
Spin,6e8f7b18-a823-4bb6-a0fe-25e7732011e8,scooter,39.99024403333333,-83.0135655,76,20.78,True,False,False,1787215653
Spin,4f21a372-9517-41f7-82b2-180d90cfeb22,e-bike,39.994056433333334,-83.00678950000001,89,24.29,True,False,False,1787215532
Spin,47fb6df9-0d2d-47b1-a0c8-3e4dd062a467,scooter,39.95906443333333,-83.00203459999999,29,7.9,True,False,False,1787215580
Spin,455b89f6-5bdc-4425-823e-0bfee4ed0f7f,e-bike,39.95591543333333,-83.0031961,86,23.41,True,False,False,1787215497
Spin,f8be1c6e-f1b3-40ff-b415-60b8113db3a0,e-bike,39.967390433333335,-83.01924240000001,27,7.32,True,False,False,1787215476
Spin,5a95ca21-e440-4b59-bb97-96b5c6c5795e,e-bike,39.99022843333333,-83.0135673,34,9.37,True,False,False,1787215595
Spin,ba9b89e4-81fb-4390-82ba-6c1a9cf05e21,e-bike,39.95591473333333,-83.00322239999998,88,24.0,True,False,False,1787215630
Spin,ff322011-e367-48bb-9225-d7c5cf80d206,e-bike,40.0111629,-83.0135492,100,27.22,True,False,False,1787215625
Spin,48e8d8d4-9fd5-418d-84c4-31d847654662,e-bike,39.961976433333334,-83.0041975,65,17.56,True,False,False,1787215610
Spin,16043e98-b0a9-46dc-9e4e-02ceccd0e833,e-bike,40.0074615,-83.0168721,56,15.22,True,False,False,1787215491
Spin,2b66d541-47a3-4509-8d66-8b9f517b7bf6,e-bike,39.95832363333333,-83.0426083,67,18.15,True,False,False,1787215458
Spin,36fb95bc-850e-40fb-817d-c2138bb54fed,e-bike,39.99406201666667,-83.00761185000002,44,12.0,True,False,False,1787215661
Spin,0a019583-0627-4576-b8c0-d0af5c8dd96e,e-bike,40.006302,-83.0141584,92,25.17,True,False,False,1787215659
Spin,6f96c029-8193-4916-b84a-2d2d6277e86c,e-bike,39.98663513333334,-82.99561623333332,65,17.56,True,False,False,1787215617
Spin,f5ad0dad-f191-4de3-8fc2-c1dec9f74cb0,e-bike,40.0062726,-83.0141953,95,25.75,True,False,False,1787215612
Spin,de57fdca-246d-44d7-b03d-f277ccdde961,scooter,40.001942,-83.00117589999999,100,27.22,True,False,False,1787215586
Spin,877c657b-af86-48e2-adaa-43729899c319,scooter,39.96188863333334,-83.00468690000001,28,7.61,True,False,False,1787215582
Spin,4555fff3-58d0-488e-8e57-b9bbf57c45f5,e-bike,39.966136533333334,-83.0030922,24,6.44,True,False,False,1787215541
Spin,68c40c1c-6f1a-457c-8740-ab151f252df4,scooter,39.982808633333335,-83.0047435,83,22.54,True,False,False,1787215520
Spin,9f935f0b-a13b-4cd8-b979-3385abf964d3,e-bike,39.96072203333333,-83.0119928,59,16.1,True,False,False,1787215661
Spin,7d01821c-4984-4e4e-98b9-3b7f0f6b8750,e-bike,40.0146267,-83.01107920000001,65,17.56,True,False,False,1787215657
Spin,46b1341a-3fbc-409b-991d-387a2feb07a2,e-bike,40.003274899999994,-83.00854060000002,34,9.37,True,False,False,1787215579
Spin,c3f01286-8e57-4b87-bd97-84792ca2645a,scooter,39.99502313333333,-83.006873,74,20.19,True,False,False,1787215619
Spin,11c46142-8200-4310-a04b-2097ac677eea,e-bike,39.96739313333333,-83.0192437,95,25.75,True,False,False,1787215534
Spin,6cc5e589-4fc5-4490-9d7d-39f769b0074f,e-bike,39.96183103333333,-83.00253390000002,43,11.71,True,False,False,1787215661
Spin,4d371d49-8984-4a20-a220-6b0df3673a77,scooter,40.014306,-82.97669,61,17.46,True,False,False,1787215596
Spin,1b48f5c3-ac97-4325-9bd4-2b3d78a3071f,e-bike,39.994040633333334,-83.0067821,46,12.58,True,False,False,1787215535
Spin,8334bb9d-1fe8-4a2e-a492-e50253fc00c4,e-bike,39.96130803333333,-83.00227949999999,33,9.07,True,False,False,1787215613
Spin,9bf88048-66c8-4891-85cd-39c8a92234de,e-bike,39.958681733333336,-83.00196740000001,48,13.17,True,False,False,1787215667
Spin,b52cbdf4-e55b-48fc-8632-f21d0abda6d4,e-bike,40.0068468,-83.0149125,92,25.17,True,False,False,1787215662
Spin,253a2048-f7e8-4fd2-896b-349b4b196b25,e-bike,40.003288399999995,-83.00845269999999,34,9.37,True,False,False,1787215412
Spin,36923b90-0f36-443e-b6bb-5dae03efb719,e-bike,40.0030239,-83.00853880000001,86,23.41,True,False,False,1787215642
Spin,4a2ee3ed-273f-46fd-94bd-eb75051cac50,scooter,39.96918243333334,-83.0040687,34,9.37,True,False,False,1787215593
Spin,56a22516-8f5a-4560-a20c-caa5b896aab9,e-bike,39.96625673333333,-83.00251410000001,40,10.83,True,False,False,1787215638
Spin,ddc7496d-f7e7-4e7a-878a-e7c2029c98bf,e-bike,39.97340245,-83.004744,89,24.29,True,False,False,1787215542
Spin,a6c3aab4-0a46-45a0-b3a6-044e4cb411f2,scooter,40.005271,-83.00893419999998,74,20.19,True,False,False,1787215661
Spin,7b9b5246-956c-449e-a991-9f358084d219,scooter,39.95902993333333,-83.001745,32,8.78,True,False,False,1787215595
Spin,8544c067-35ed-45da-818d-bf9440f922e4,e-bike,39.95812393333333,-83.00703309999999,89,24.29,True,False,False,1787215489
Spin,21485b94-5dd5-41db-8466-cb7f313ccb55,scooter,40.01491,-82.989934,35,10.11,True,False,False,1787215558
Spin,fb9d9af5-55b0-436c-9b30-573b74f99ab9,e-bike,39.99509953333334,-83.00692640000001,23,6.15,True,False,False,1787215671
Spin,9c9515b1-970d-41c2-a671-2919c9725973,e-bike,40.0062918,-83.0141568,88,24.0,True,False,False,1787215678
Spin,c02350dc-6d47-4d49-becb-e046660d5792,e-bike,40.006294000000004,-83.01415229999999,31,8.49,True,False,False,1787215727
Spin,b5dd9872-7220-4c16-b93a-b35bd08f6921,scooter,39.93053,-82.9971,0,,False,True,False,1787215663
Spin,c8db97d2-8b0b-4536-95eb-8df2024288f3,e-bike,39.96299166666667,-82.97656,0,,False,True,False,1787215541
Spin,c99b7c78-1854-428e-b6c4-275b38cebd59,e-bike,39.967331666666674,-83.03220000000002,0,,False,True,False,1787215569
Spin,89a1b2fd-cb02-48e1-879a-f3b1bae87955,e-bike,39.95710113333334,-83.00427309999999,0,,False,True,False,1787215476
Spin,28e79ea7-31a1-4827-93e1-46e8ba36a6c7,e-bike,39.956925,-83.00330333333335,0,,False,True,False,1787215548
Spin,059d4623-f602-44f1-ac9e-046a750f45ee,scooter,39.960426,-82.949551,0,,False,True,False,1787215606
Spin,6e68f326-3a9b-401a-930f-652764c371b0,e-bike,40.00698666666666,-83.00945833333331,0,,False,True,False,1787215637
Spin,6ab75df1-9ccf-45cb-b57d-61e5ee027de2,e-bike,39.97753995,-82.94917603333333,0,,False,True,False,1787215623
Spin,21635991-b8d1-4892-9437-4676a8e0bb58,scooter,39.96634,-83.002599,0,,False,True,False,1787215672
Spin,47ec5f9d-8400-4ebf-8093-fcf1b2dd097e,scooter,39.980748,-82.990168,0,,False,True,False,1787215580
Spin,e6e87b57-98c7-4ce9-b5a7-41029f197458,scooter,39.984907,-82.99702,0,,False,True,False,1787215673
Spin,ba935686-3bc5-4659-bfae-3dc30ffdd63b,scooter,39.953596,-82.983425,11,3.06,False,True,False,1787215638
Spin,2943f7a8-48f9-4433-84a9-2cb15e04add7,scooter,39.98588,-82.98939,4,1.17,False,True,False,1787215582
Spin,4c68cc6c-f4a1-4cd0-aead-04389a4b2c96,scooter,39.989103,-82.994951,1,0.29,False,True,False,1787215511
Spin,69165a5e-f656-4d44-a5d2-f1f0ee69a9b9,e-bike,39.98051263333333,-82.99738203333332,2,0.59,False,True,False,1787215572
Spin,43e3e5b0-31d6-436f-9121-5b4a25bd48ac,scooter,39.974082,-82.95395,10,2.63,False,True,False,1787215625
Spin,0428b5a0-5973-4996-98c0-194dcb636705,scooter,39.97844455,-83.01844690000001,5,1.46,False,True,False,1787215474
Spin,90e9a973-36e5-488c-8a5c-83b90c207763,e-bike,39.963529533333336,-82.99843073333335,2,0.59,False,True,False,1787215632
Spin,934f8092-d7f1-47e9-9e68-d85f032e7113,scooter,39.968950033333336,-83.00107170000001,12,3.22,False,True,False,1787215586
Spin,71d243e6-0d10-4aec-bf14-6c0e07817363,e-bike,39.96914743333333,-83.00936349999999,0,,False,True,False,1787215663
Spin,8675c0c1-f25a-46ad-a26f-655ad9b45fb1,e-bike,39.969116533333334,-83.00766649999998,0,,False,True,False,1787215628
Spin,cc70a6f6-7119-481b-b676-87074cbd8e09,e-bike,39.985055,-82.99909166666666,13,3.51,False,True,False,1787215541
Spin,8edad553-8e96-4fd9-af8a-68230956e30e,e-bike,39.97025135,-83.009742,11,2.93,False,True,False,1787215633
Spin,ab142178-7a23-4e93-a9fe-1ff953367981,e-bike,39.98723973333333,-83.00566500000001,4,1.17,False,True,False,1787215661
Spin,ff26781e-e15f-4e4b-b846-a2c514b6327a,e-bike,39.97065385,-83.0045878,0,,False,True,False,1787215669
Spin,b5857705-4fe9-4f94-a89c-2c9ca14efcb9,e-bike,39.969335,-82.99057166666668,13,3.51,False,True,False,1787215606
Spin,84a15cf6-ba8e-40d8-bb90-2a5b2b94a2ad,e-bike,39.957208433333335,-83.0041835,11,2.93,False,True,False,1787215617
Spin,9a0621f5-ceeb-462e-ac02-6c64fc953270,scooter,39.98094613333333,-83.0077648,13,3.51,False,True,False,1787215525
Spin,5f72d13d-9c0f-4a0c-bb95-9501d28a9626,e-bike,39.956410733333335,-83.00747879999999,0,,False,True,False,1787215631
Spin,11579488-6e8e-402e-b9a3-15938e04b529,scooter,39.960268,-83.038216,11,2.93,False,True,False,1787215483
Spin,a02a4dd2-eda4-4329-999e-3073296caef9,e-bike,39.95787433333333,-83.0015274,0,,False,True,False,1787215674
Spin,7b66a3d1-4ba2-401b-904d-6911a68d67e0,scooter,39.938161,-82.971424,11,2.93,False,True,False,1787215673
Spin,fd9d3edd-6f0f-44cf-86b9-332277b1494c,scooter,39.960636,-82.981704,13,3.68,False,True,False,1787215591
Spin,db813e22-b07d-4a55-9ceb-582966fba9e0,e-bike,39.96856113333333,-83.00167660000001,11,2.93,False,True,False,1787215568
Spin,123172ee-23b6-438e-ba8c-3320a4711472,e-bike,39.95368,-82.983235,14,3.8,False,True,False,1787215552
Spin,29afa4aa-0881-4448-818b-6c45486bd9a6,scooter,39.965937,-82.99442,14,3.98,False,True,False,1787215599
Spin,1e575767-fba4-4dac-b4f5-de04d21497d6,scooter,39.960872,-82.986637,14,3.98,False,True,False,1787215580
Spin,3a0d2314-bd50-4bed-95a2-ff8c5b9083e9,e-bike,39.98846495,-82.99838633333333,14,3.8,False,True,False,1787215662
Spin,655123fc-1661-431a-b982-b62b9658d3ab,scooter,39.993529,-82.981255,14,3.98,False,True,False,1787215573
Spin,0c63620a-e84a-417f-8281-cf3e17d5b25c,e-bike,39.96155793333333,-83.0035817,0,,False,True,False,1787215670
Spin,a97b1966-4435-43b4-bd30-654cfc6d5df7,scooter,39.95756083333333,-82.99515943333333,12,3.22,False,True,False,1787215645
Spin,66538f38-681a-42f5-b8a0-703c29f90277,e-bike,40.003725,-83.01110166666668,27,7.32,True,False,False,1787215568
Spin,f1f1120d-82e8-46bb-b4ec-74ab63f729ef,e-bike,40.00382333333334,-83.01297166666667,19,5.27,True,False,False,1787215538
Spin,ea1cda11-c600-4fdb-8cb1-bc25b02532b9,e-bike,40.0005582,-83.0209117,59,16.1,True,False,False,1787215635
Spin,a58655a3-0a63-4588-ac9f-88cac21c94c2,scooter,40.000485600000005,-83.01007139999999,27,7.32,True,False,False,1787215490
Spin,2129aece-3c8a-4d27-843d-e7cc937a843c,scooter,40.001403,-83.014515,28,7.61,True,False,False,1787215633
Spin,17e66ab8-0df5-4d42-a046-1aec75ddc129,e-bike,40.0005655,-83.02086720000001,32,8.78,True,False,False,1787215678
Spin,dbe60590-6e45-42aa-b808-587ab3f4bee4,e-bike,40.0005528,-83.02089319999999,39,10.54,True,False,False,1787215501
Spin,231f682b-5091-44b2-b530-9e4bca27e60e,scooter,40.0015016,-83.0087631,47,12.88,True,False,False,1787215648
Spin,fabb266a-4836-4a10-8d02-f2e506f38fee,e-bike,40.0053682,-83.0186944,42,11.41,True,False,False,1787215602
Spin,117add9b-d43e-4903-9fe8-e416a45fc597,e-bike,39.99405333333333,-83.00680666666668,72,19.61,True,False,False,1787215597
Spin,5d2d4bdf-bc32-4c01-a582-84cc9faef6bb,scooter,39.997149433333334,-83.0075793,51,13.76,True,False,False,1787215621
Spin,4f85c01d-a585-449c-979e-8304366d2f8f,scooter,39.997156133333334,-83.0075912,23,6.15,True,False,False,1787215527
Spin,f744da68-ab2b-4cb1-a894-eacf181579d4,e-bike,40.002540599999996,-83.0178673,31,8.49,True,False,False,1787215573
Spin,a02a40fc-37bd-4992-9b6c-038dec005bf0,e-bike,40.004627899999996,-83.01621330000002,68,18.44,True,False,False,1787215638
Spin,13e389fc-3f7f-4f0a-876d-19873e4207d9,e-bike,39.99736383333333,-83.0180062,52,14.05,True,False,False,1787215675
Spin,12a15e66-fa9b-4011-bf96-a2bcc8c71ae6,e-bike,39.99736703333333,-83.0179673,73,19.9,True,False,False,1787215671
Spin,074277ee-4a71-4d25-9df5-3a8c61e19c26,e-bike,40.0061354,-83.01094300000001,70,19.02,True,False,False,1787215674
Spin,03097164-aa84-4b76-b42d-703425e2ad48,e-bike,39.998996033333334,-83.00953946666665,39,10.54,True,False,False,1787215571
Spin,4855d10a-d114-416b-9bbe-715cc15a1608,scooter,39.99419053333334,-83.00772860000001,42,11.41,True,False,False,1787215518
Spin,2906a3f6-f633-4c06-9899-24add13609ec,e-bike,39.997887633333335,-83.0077782,39,10.54,True,False,False,1787215528
Spin,e267a62a-40fd-44fd-877f-2f6055c4d7aa,e-bike,39.99709,-83.0076,26,7.02,True,False,False,1787215663
Spin,b5cd750a-36c8-4fce-b837-8d9f8d0e7fae,e-bike,39.99709666666667,-83.00759166666667,55,14.93,True,False,False,1787215538
Spin,c265cf03-5263-4a75-9c7b-a60cecf5002a,e-bike,39.99709666666667,-83.00759166666667,52,14.05,True,False,False,1787215660
Spin,071fe334-9ad6-45a8-930d-829eb545abf1,e-bike,40.0059517,-83.0095994,42,11.41,True,False,False,1787215647
Spin,76db2ee7-a1e7-4740-a284-faac475f895a,e-bike,40.005991900000005,-83.00955629999999,74,20.19,True,False,False,1787215678
Spin,8bee97e7-6983-4193-9df4-44323f1fc2ca,e-bike,40.0059652,-83.00959999999999,57,15.51,True,False,False,1787215647
Spin,a82c56d7-802e-4441-855f-9146629d9246,e-bike,39.99708333333333,-83.00758333333333,57,15.51,True,False,False,1787215540
Spin,fffd1f4e-1f49-477c-8634-34ee661fb89b,e-bike,40.003838333333334,-83.00906333333333,47,12.88,True,False,False,1787215576
Spin,7e133c12-8c9f-40a5-b34a-ce367bb72005,scooter,40.005669,-83.010554,92,25.17,True,False,False,1787215655
Spin,4d85bd3b-054d-4464-8353-1b430c0684e8,scooter,39.994634,-83.00628,82,22.24,True,False,False,1787215517
Spin,ea9bd023-8c9b-4f7c-bb33-c5c50f293d0e,e-bike,39.99457923333333,-83.00961620000001,49,13.46,True,False,False,1787215585
Spin,36482916-c5ec-4134-ba20-ad07022e805f,e-bike,39.99456263333333,-83.00964180000001,24,6.44,True,False,False,1787215648
Spin,df38526f-b960-46e4-8883-5615e6664ef6,e-bike,40.002084599999996,-83.0210324,91,24.88,True,False,False,1787215504
Spin,25c24fbd-9015-4667-9ce4-71d93b0c2ed0,e-bike,40.0005344,-83.0209089,86,23.41,True,False,False,1787215641
Spin,c532e152-1756-4403-a054-dc4622c08dcf,scooter,40.0015017,-83.00880020000001,53,14.34,True,False,False,1787215602
Spin,0dd50448-4ae1-44d3-a9a6-02a71f23000c,e-bike,40.00496209999999,-83.019565,73,19.9,True,False,False,1787215616
Spin,883264c1-73b7-43dd-ace4-b955107889fd,e-bike,40.00586333333333,-83.00929166666668,22,5.85,True,False,False,1787215541
Spin,f1761d1f-f8ac-436e-8bb4-94676c076c46,e-bike,40.004880400000005,-83.0090759,31,8.49,True,False,False,1787215546
Spin,e84e9e39-dca6-4972-a922-704cb7eb53e0,scooter,39.99680743333333,-83.0070968,90,24.58,True,False,False,1787215639
Spin,0d9b6ef3-94b2-4c1f-9802-a391934a808b,e-bike,40.002705500000005,-83.02044730000001,65,17.56,True,False,False,1787215650
Spin,f0266409-792d-45e4-a709-393fe7e91ec7,e-bike,40.0058186,-83.01387600000001,86,23.41,True,False,False,1787215599
Spin,eb8a9d91-5ca8-4b6b-b33f-720682f918a3,scooter,39.996895,-83.019711,89,24.29,True,False,False,1787215652
Spin,8121b736-a18b-494c-8336-7568d15546b0,scooter,39.996488,-83.020511,89,24.29,True,False,False,1787215668
Spin,cd3e3548-455d-4699-baad-7391b1113d2f,scooter,39.99811183333334,-83.0113891,92,25.17,True,False,False,1787215494
Spin,89e8c34c-022c-4883-8188-0e71365eb4e2,scooter,39.997204,-83.009363,74,20.19,True,False,False,1787215439
Spin,30abbca3-aa2d-42da-9866-9550a459d0ea,e-bike,39.99884323333333,-83.009463,86,23.41,True,False,False,1787215615
Spin,594e5344-0ffd-47bd-b11a-9984a42d6d6d,scooter,39.990794,-83.020895,47,12.88,True,False,False,1787215639
Spin,a1a0d1ff-ac52-4a77-a2d3-b3c3e7938c7b,e-bike,39.99418263333334,-83.0076297,25,6.73,True,False,False,1787215627
Spin,66f450d1-7c76-46c9-a108-45db4d64aa2e,e-bike,39.99422666666667,-83.01218166666668,41,11.12,True,False,False,1787215518
Spin,a6a6122f-1462-4dc4-9138-218d230e5a0c,scooter,39.995598,-83.010796,78,21.36,True,False,False,1787215631
Spin,d146ba79-3a9a-4ba5-aa68-ee76a86c2e23,e-bike,40.0037339,-83.0111475,86,23.41,True,False,False,1787215646
Spin,d9fd3cee-968c-4d6a-a5bb-585f656b354e,scooter,40.0060989,-83.01661469999999,94,25.46,True,False,False,1787215532
Spin,f66a8881-3bee-4f68-a12f-d5cb3374a667,e-bike,39.997877933333335,-83.0077783,87,23.71,True,False,False,1787215679
Spin,af61c2e6-558b-42ca-868c-8d1130543c4b,e-bike,39.99711333333333,-83.00759833333335,97,26.34,True,False,False,1787215540
Spin,2ddefde4-dc83-4128-af4c-28a68b3cebff,e-bike,39.99682166666666,-83.00748166666666,92,25.17,True,False,False,1787215548
Spin,9d5096d1-b8c0-418e-b1bb-5f472710cc42,scooter,40.003428,-83.011074,54,14.63,True,False,False,1787215578
Spin,e54c3047-e905-41be-8e44-55f10a6ac89e,e-bike,39.994548333333334,-83.00693500000001,44,12.0,True,False,False,1787215419
Spin,0b639041-f8cb-4407-b042-51d6b569ff8c,e-bike,39.99684033333333,-83.0153251,87,23.71,True,False,False,1787215655
Spin,03f7a2f4-05a6-49de-85f5-5dafc14726d5,scooter,40.002126,-83.011713,80,21.66,True,False,False,1787215673
Spin,03de149a-8464-4443-9d0f-6e4dac0b4ee2,scooter,40.0040365,-83.011228,96,26.05,True,False,False,1787215678
Spin,d518c042-be29-4984-975d-39406dddfc25,scooter,40.004002799999995,-83.01121659999998,94,25.46,True,False,False,1787215541
Spin,4cfba498-ac39-42f3-8f96-2e0753b2e3ef,e-bike,40.00387833333333,-83.01113666666667,43,11.71,True,False,False,1787215539
Spin,ff29ef4e-0b14-4ff3-9ab8-3b0007004e2d,e-bike,40.001129399999996,-83.0083634,32,8.78,True,False,False,1787215610
Spin,03feec48-7111-43fa-834f-dafc76378a85,e-bike,40.00318,-83.0179972,49,13.46,True,False,False,1787215598
Spin,a65d1146-cbfc-46b2-bb39-17d61b5edddc,scooter,40.003995,-83.01125079999998,96,26.05,True,False,False,1787215666
Spin,97b1365e-ba4c-4c40-b002-22ee3fb45160,e-bike,40.0061307,-83.0166921,83,22.54,True,False,False,1787215667
Spin,f24a09ce-102a-422d-8d92-ef4eeb45816a,scooter,39.995564433333335,-83.02203560000001,69,18.73,True,False,False,1787215443
Spin,a69ce800-5274-4393-b854-b90cb51c8836,scooter,39.99558483333333,-83.0220379,94,25.46,True,False,False,1787215496
Spin,e2c5dd93-9086-4b35-86f3-3a258effacc1,scooter,39.99557783333333,-83.02204250000001,92,25.17,True,False,False,1787215605
Spin,274ed1da-37cb-4b03-8bec-0566086f8d98,scooter,39.99558293333334,-83.02206679999999,94,25.46,True,False,False,1787215641
Spin,d0f8d4bf-a9d2-4eb4-9774-a59f6f2e1705,scooter,39.99559463333333,-83.0220696,75,20.49,True,False,False,1787215593
Spin,fe8b1a00-218c-4cfc-b9ce-35b01d82f3fb,e-bike,39.994062633333336,-83.0068038,31,8.49,True,False,False,1787215630
Spin,960928ee-3de2-4ac1-aa63-b05e7f123980,e-bike,39.997092933333334,-83.0075859,89,24.29,True,False,False,1787215502
Spin,274f6579-d040-4c0c-9b8f-2544cf5e765e,e-bike,39.99711763333333,-83.0075863,86,23.41,True,False,False,1787215514
Spin,0943af6f-025c-450f-a6dc-9fb8545e8515,e-bike,39.997133633333334,-83.00758859999999,58,15.8,True,False,False,1787215558
Spin,484afbac-a7b8-41aa-a2f1-839db27d1c66,e-bike,39.99715953333334,-83.00761050000001,72,19.61,True,False,False,1787215664
Spin,05cc2ec9-88c9-4357-9782-5112705ac0ef,e-bike,39.99708,-83.00758666666667,94,25.46,True,False,False,1787215421
Spin,cad6118a-0726-46f2-aa10-064b9f64e5fd,e-bike,39.997075,-83.00758499999999,94,25.46,True,False,False,1787215475
Spin,2984bc61-30c3-4d14-a904-44faf219f038,e-bike,39.997128133333334,-83.0076111,32,8.78,True,False,False,1787215565
Spin,277939ca-52a4-45f8-bc76-ebb0d10f6a08,e-bike,39.99715173333333,-83.00759709999998,87,23.71,True,False,False,1787215586
Spin,fe53b67b-c560-442d-9952-090cd56bf97e,e-bike,39.99697583333333,-83.01401310000001,83,22.54,True,False,False,1787215568
Spin,1912d0ac-48d5-440f-8c4f-587f691b90d1,e-bike,39.99625833333334,-83.00720833333335,34,9.37,True,False,False,1787215584
Spin,502f7850-0c9f-42a8-9a6d-e2a73ef7cce2,e-bike,40.00607166666667,-83.00934666666666,66,17.85,True,False,False,1787215658
Spin,eb3f89cc-48c5-4974-9163-eec9ae4b29f2,e-bike,39.99926166666667,-83.02147166666667,96,26.05,True,False,False,1787215676
Spin,e210b9cd-2131-4823-a075-5f454a94416f,scooter,39.999255033333334,-83.021515,94,25.46,True,False,False,1787215469
Spin,6b132a55-a26e-47a5-8c4c-e7f5afbb6e90,scooter,39.999257033333336,-83.0215158,65,17.56,True,False,False,1787215658
Spin,fd4d1b39-e1ca-4cf2-b2de-bc021c04b00d,scooter,39.999262,-83.021535,67,18.99,True,False,False,1787215434
Spin,c7af9995-4190-4805-893a-36869f254e60,scooter,39.99924,-83.021432,69,18.73,True,False,False,1787215676
Spin,7bd61b50-0568-469d-b0ab-7fd893b8fde6,scooter,40.0056613,-83.01205900000001,38,10.24,True,False,False,1787215529
Spin,f56a81c8-6549-4572-946b-abe578f09a73,e-bike,39.99571666666667,-83.00702833333335,96,26.05,True,False,False,1787215665
Spin,ee6d06dd-7a3e-4da2-98f0-7e41e048d7a4,scooter,39.99888,-83.015462,24,6.44,True,False,False,1787215631
Spin,ae9cfb38-6102-490c-838e-ae8bed442ef2,e-bike,40.00545,-83.01237833333334,51,13.76,True,False,False,1787215675
Spin,a74becf7-0428-4520-a0ca-e3e5172b4706,e-bike,40.0020146,-83.0093527,76,20.78,True,False,False,1787215624
Spin,e48f7c41-864f-4213-a5e2-cff038394209,e-bike,40.0030423,-83.00884640000001,48,13.17,True,False,False,1787215626
Spin,dccc5c8a-0dfc-4fe7-bae6-6f5ca43c56ca,e-bike,39.99791303333333,-83.01514870000001,69,18.73,True,False,False,1787215592
Spin,7cf47764-029d-4ea0-b7a7-c269c46b63e0,e-bike,39.99411633333333,-83.0067778,70,19.02,True,False,False,1787215518
Spin,8b4028ad-3435-4c9f-b9c7-edf90aea86a5,e-bike,39.99411753333333,-83.00680349999999,20,5.56,True,False,False,1787215663
Spin,6c429396-1727-4f6e-934a-65b257ee23f7,e-bike,40.0055734,-83.01198530000002,19,5.27,True,False,False,1787215606
Spin,27b51bee-a24d-4d7d-9eeb-f297ac456aa1,e-bike,39.99421363333333,-83.00678780000001,56,15.22,True,False,False,1787215580
Spin,eaa3f565-47a5-4d9f-a614-c35f7b22f634,e-bike,39.99411203333333,-83.00681950000002,45,12.29,True,False,False,1787215664
Spin,a3e13b2c-3f10-413a-aacc-bc9fbb50ee23,e-bike,39.997103433333336,-83.00759350000001,32,8.78,True,False,False,1787215505
Spin,c696d3a3-5885-4541-b217-fc07045230b7,e-bike,39.99712253333333,-83.007569,69,18.73,True,False,False,1787215599
Spin,13e9ab32-13e0-471d-871d-f34f81056ee1,scooter,39.995221,-83.006925,61,16.68,True,False,False,1787215667
Spin,3ab236ad-1cda-43a2-86a6-eb67ee83fdb2,e-bike,39.997102633333334,-83.0075793,48,13.17,True,False,False,1787215499
Spin,a1414e24-cdc7-4616-8b36-fae0ab799c72,e-bike,39.997142833333335,-83.00760550000001,75,20.49,True,False,False,1787215591
Spin,7bc91ce1-923d-4283-a48c-e52c0dce4898,e-bike,40.0026177,-83.0085103,43,11.71,True,False,False,1787215641
Spin,f6bd7f29-e05f-47a9-9e90-6387d9a77005,e-bike,40.0048568,-83.00911990000002,52,14.05,True,False,False,1787215573
Spin,414cbf15-8f7a-4862-b73f-bca3c1474d9a,e-bike,39.99714553333333,-83.00760899999999,91,24.88,True,False,False,1787215660
Spin,5cb21e4a-b82b-445a-abfb-ddcfcc17a554,e-bike,40.0059524,-83.00948599999998,62,16.97,True,False,False,1787215615
Spin,c636e0a7-2ab2-499e-98ca-1e8551e4e103,e-bike,39.99632763333333,-83.00726099999999,81,21.95,True,False,False,1787215614
Spin,b926d155-b57c-43eb-8da1-e7a8376f4410,e-bike,40.0071079,-83.02416290000001,96,26.05,True,False,False,1787215597
Spin,1143410f-3967-4fd5-bfb6-fc489adf0513,e-bike,39.99687793333333,-83.0197965,27,7.32,True,False,False,1787215652
Spin,b273f9cc-da31-4744-bd6f-ba1fd96109bd,e-bike,40.005833599999995,-83.0137033,45,12.29,True,False,False,1787215629
Spin,b068d599-e43b-4f3b-9d5b-352a4858ce47,e-bike,40.004892000000005,-83.00915269999999,44,12.0,True,False,False,1787215663
Spin,b083af50-237e-44ad-9e01-1ad6d8f9f238,e-bike,39.996801733333335,-83.0122411,63,17.27,True,False,False,1787215628
Spin,e46373af-9df1-4d81-a8c7-8dc881e70c12,e-bike,39.999159733333336,-83.0099538,51,13.76,True,False,False,1787215654
Spin,8a526852-379a-4f7a-b07f-4304cfa23489,scooter,39.999341,-83.021557,95,25.75,True,False,False,1787215658
Spin,ef4b348f-bcdb-4343-b4f4-bf439dd99016,scooter,39.999331233333336,-83.02149730000001,24,6.44,True,False,False,1787215538
Spin,c28696b2-a15f-4c29-8a5f-8dfdcb36ad61,e-bike,39.999318333333335,-83.02151,29,7.9,True,False,False,1787215557
Spin,0ff47f43-484b-4ed1-bd67-af810bb062d6,e-bike,39.999323133333334,-83.0215039,74,20.19,True,False,False,1787215536
Spin,e14b179d-ed9b-4a36-935f-86d83272de8a,scooter,39.99931,-83.021531,96,26.05,True,False,False,1787215623
Spin,92d77ad5-1434-45a5-9f85-a8fa2cfe0733,e-bike,39.994074999999995,-83.00682333333334,98,26.63,True,False,False,1787215533
Spin,ad4a08ff-a44f-4931-9f35-968e0e309b04,e-bike,39.997142266666664,-83.00760026666667,90,24.58,True,False,False,1787215421
Spin,174ea02e-662a-4d4a-9171-77bd7a3e3691,e-bike,39.997168333333335,-83.0076009,89,24.29,True,False,False,1787215571
Spin,a1e5d4e6-b1f9-42c8-bec6-1df0a1e8b53b,e-bike,39.99677666666666,-83.00766,17,4.68,True,False,False,1787215678
Spin,a22fc0a4-873b-4d5d-afd8-f7505742bccb,e-bike,40.00101170000001,-83.014077,40,10.83,True,False,False,1787215670
Spin,b19fab6a-5f80-4eef-86a2-15448b26309e,e-bike,40.00094333333333,-83.00842166666668,39,10.54,True,False,False,1787215666
Spin,04b8598c-334c-4c32-a1e2-6f497e981a9b,e-bike,39.997055,-83.01797166666665,45,12.29,True,False,False,1787215622
Spin,9b9f7c4f-e9bc-45c4-a279-bf27a373f5a9,e-bike,40.0013261,-83.01036109999998,89,24.29,True,False,False,1787215602
Spin,71ff8bc0-200e-4145-840c-54a0d9ad7a6f,e-bike,40.0006653,-83.0162337,37,9.95,True,False,False,1787215454
Spin,b2f452db-6661-4be6-ad86-15a268424baa,e-bike,40.0006537,-83.01622459999999,49,13.46,True,False,False,1787215598
Spin,53110756-20ea-403e-affc-770d6f0c5453,e-bike,40.004911666666665,-83.01963499999998,43,11.71,True,False,False,1787215504
Spin,37158576-5d87-49bb-b252-bc3685ce0c0b,e-bike,39.999734233333335,-83.0260393,59,16.1,True,False,False,1787215532
Spin,41fcf3dd-09e7-46d4-a44a-00999eaae8c9,e-bike,39.99631803333333,-83.0190567,48,13.17,True,False,False,1787215563
Spin,b0e17671-e232-4bed-a714-779975084775,e-bike,39.998225000000005,-83.00984166666667,92,25.17,True,False,False,1787215626
Spin,fda68305-1602-4733-b8dd-dd203aedf6da,e-bike,39.999252133333336,-83.02150099999999,45,12.29,True,False,False,1787215465
Spin,3e976033-bee8-4195-bc08-7df7a783895a,scooter,40.0039831,-83.0112052,23,6.15,True,False,False,1787215645
Spin,92f97345-e07e-4d75-8e2c-815035eb8cda,e-bike,39.99644013333333,-83.0107704,68,18.44,True,False,False,1787215651
Spin,6532e8c2-50c5-4cc5-b0e4-b03b3c92685d,e-bike,39.99667043333333,-83.01191949999999,71,19.32,True,False,False,1787215582
Spin,316263de-9dd2-44b7-a14b-2b85e90ad5ae,e-bike,39.99671373333333,-83.01190620000001,44,12.0,True,False,False,1787215582
Spin,0c7705a0-a016-402a-a6c4-999f5f64b7cf,e-bike,39.996716033333335,-83.0118796,88,24.0,True,False,False,1787215581
Spin,458bb9ba-7666-47aa-a88a-0a708ddce97d,e-bike,39.998088833333334,-83.0093294,45,12.29,True,False,False,1787215676
Spin,5454a427-d759-4c0b-a0c7-07f18a22926c,e-bike,39.99929253333333,-83.02150789999999,20,5.56,True,False,False,1787215529
Spin,8becce98-e5f6-4136-ae4b-962e316d93ad,e-bike,39.996806666666664,-83.010555,42,11.41,True,False,False,1787215473
Spin,144c5bbe-e00b-46e6-80d1-c566070fb848,e-bike,39.996808333333334,-83.01056666666666,76,20.78,True,False,False,1787215483
Spin,b1a70edb-c8f8-4ba0-9478-1ae7a337b7be,e-bike,39.99686103333333,-83.010563,49,13.46,True,False,False,1787215623
Spin,889e077c-1f25-4470-a567-de6d3e238605,e-bike,39.99681666666667,-83.01054166666667,32,8.78,True,False,False,1787215553
Spin,d63db680-b921-4928-8b73-181545bcf2f5,e-bike,39.99685243333333,-83.01055309999998,24,6.44,True,False,False,1787215488
Spin,fc20a995-d587-4c49-98b1-8e5e3971e7ac,e-bike,39.996824999999994,-83.01055166666666,84,22.83,True,False,False,1787215471
Spin,579a8290-63cd-431e-9b26-3e56b5108cec,scooter,39.99811053333334,-83.00955870000001,53,14.34,True,False,False,1787215669
Spin,7a0085c8-bfce-4f34-9776-21718383bc2d,scooter,39.99813193333333,-83.0095373,87,23.71,True,False,False,1787215611
Spin,ed26515c-05a9-46b4-b79c-ba64b5231528,e-bike,40.0044051,-83.01762670000001,80,21.66,True,False,False,1787215660
Spin,6efff20e-1f21-4b93-a4d1-3a26c6cbe98c,e-bike,40.0044305,-83.01763100000001,85,23.12,True,False,False,1787215665
Spin,11d96318-4a4c-4312-b39a-44a1b145d468,e-bike,39.99555123333334,-83.0127663,23,6.15,True,False,False,1787215679
Spin,97173892-f953-4909-9f2a-a74a4ed0c806,e-bike,39.995540733333335,-83.01278359999999,87,23.71,True,False,False,1787215677
Spin,653ea554-64e5-4c84-9ab1-2bed8decbb2b,e-bike,39.995536333333334,-83.0128011,80,21.66,True,False,False,1787215678
Spin,52213593-8caa-44e2-b328-d8332ecdd438,e-bike,39.99554773333333,-83.01279170000001,44,12.0,True,False,False,1787215546
Spin,09b27ade-4e03-4cde-aa45-bb6345359458,e-bike,39.99553653333333,-83.0127994,74,20.19,True,False,False,1787215609
Spin,69c50241-c8b6-448d-bf75-801a5e4bf0de,e-bike,39.996812033333335,-83.0126503,74,20.19,True,False,False,1787215475
Spin,a51121b7-a6af-4e40-b2e2-94be097dbe37,scooter,40.0036214,-83.01143019999999,86,23.41,True,False,False,1787215553
Spin,79e9285c-8469-4311-b273-23afbe4bd12e,e-bike,40.0059929,-83.0095567,32,8.78,True,False,False,1787215523
Spin,57008e76-6584-4baf-a0c5-5ac9704c58a3,e-bike,40.0062834,-83.01343360000001,70,19.02,True,False,False,1787215591
Spin,ae696093-1f01-4aa6-b5a8-50dd3da6c628,e-bike,39.99599373333333,-83.00743910000001,20,5.56,True,False,False,1787215669
Spin,d71751aa-1887-462d-8e55-f6ea14f4add6,e-bike,39.995778333333334,-83.00742059999999,75,20.49,True,False,False,1787215580
Spin,aadfeaa7-2b53-4479-ab60-5733246192a7,e-bike,40.0006227,-83.01722390000002,42,11.41,True,False,False,1787215480
Spin,61b5e839-cc75-453c-9f04-9256f73c05ab,e-bike,40.00614843333334,-83.01443041666668,58,15.8,True,False,False,1787215647
Spin,0af6c67b-f5d7-4261-9d92-488322036ad8,e-bike,40.006132,-83.0144164,51,13.76,True,False,False,1787215646
Spin,e02d33b7-e4af-4ddb-a75b-0d54dc36538c,e-bike,40.0061347,-83.0144389,69,18.73,True,False,False,1787215647
Spin,0b092acc-3743-4abd-885d-af5a7bc601ac,e-bike,39.998038333333334,-83.00942333333333,69,18.73,True,False,False,1787215638
Spin,2ebed738-d263-4a35-b63a-2adbc72266b8,e-bike,40.0059524,-83.0120721,35,9.66,True,False,False,1787215631
Spin,ddd4e52f-3bda-417e-93bf-373f54e47876,e-bike,40.005180200000005,-83.01583639999998,65,17.56,True,False,False,1787215405
Spin,3f6f902f-478a-4298-b5f3-89e701fb30bf,e-bike,40.003926666666665,-83.01288000000001,99,26.93,True,False,False,1787215551
Spin,7dfa809a-32c6-4922-92ad-3c1d9721d3f4,e-bike,40.00391833333333,-83.01288166666667,77,21.07,True,False,False,1787215628
Spin,2d0dc3ea-96a0-48b9-bb47-5ee8a7112fe4,e-bike,40.0025276,-83.01634190000001,51,13.76,True,False,False,1787215603
Spin,aca1ba49-53da-461b-a0f3-1476f62d7cf5,scooter,39.996485633333336,-83.00975869999999,47,12.88,True,False,False,1787215532
Spin,e9b3f8c0-bbdf-4850-b7ba-5f69aa28e5d8,e-bike,40.0060722,-83.01309099999999,85,23.12,True,False,False,1787215651
Spin,4e8cf541-c290-4cb8-bc25-dfa09a9fd0d7,e-bike,40.000019800000004,-83.0214403,87,23.71,True,False,False,1787215676
Spin,bd753fa0-2792-4628-9036-49794f7656e6,e-bike,40.0032967,-83.0197358,56,15.22,True,False,False,1787215620
Spin,07fb4f0b-8414-42b8-a8fc-d39621dbcc37,e-bike,40.01356833333333,-83.02917333333335,38,10.24,True,False,False,1787215647
Spin,7468ba69-553d-4357-a7b3-6ac9a2d47a25,e-bike,40.0011286,-83.00817800000002,31,8.49,True,False,False,1787215538
Spin,32416ff6-eca7-4a2e-80ca-319756fa6ba0,scooter,40.005425100000004,-83.00950759999999,35,9.66,True,False,False,1787215638
Spin,b7ccf2df-df14-4bd8-9fb0-05aaed09fc62,e-bike,39.99683653333333,-83.0127532,40,10.83,True,False,False,1787215588
Spin,e61457a1-1fb3-4810-824b-aae76d84bd0e,e-bike,39.99685833333333,-83.01278840000002,24,6.44,True,False,False,1787215602
Spin,60f35599-a035-47c0-bd95-0d36a8aae369,scooter,40.0024747,-83.0104902,83,22.54,True,False,False,1787215659
Spin,c56eab92-29ed-4310-bedc-c4535426299f,scooter,39.99929373333334,-83.02156740000001,95,25.75,True,False,False,1787215510
Spin,e3c12bd9-f1b4-4077-ad1b-e9e86818578f,e-bike,39.994005,-83.00682166666665,100,27.22,True,False,False,1787215533
Spin,48aab24b-9fa8-46e4-83e5-03646a48933d,scooter,40.0040832,-83.013112,26,7.02,True,False,False,1787215477
Spin,8a39c465-7562-413a-a503-e1e0fda02faf,e-bike,40.0064736,-83.01574190000001,68,18.44,True,False,False,1787215659
Spin,441d0cbd-9074-4e56-8cda-c8b0936215ff,scooter,40.002467900000006,-83.0103931,19,5.27,True,False,False,1787215506
Spin,8b5b0520-6bf3-490e-80a7-9860bdd9ae22,e-bike,39.99518513333333,-83.00736120000002,27,7.32,True,False,False,1787215603
Spin,35109e0b-e7eb-426b-b3db-55c9d01bdf26,e-bike,40.003728900000006,-83.01071230000001,55,14.93,True,False,False,1787215678
Spin,d7e8dd0f-da3b-4772-8edc-996e6dbba783,e-bike,40.0005403,-83.02090500000001,90,24.58,True,False,False,1787215673
Spin,bae436c5-2ddb-47a3-b088-19e001bfe7d2,scooter,39.994009633333334,-83.0070265,33,9.07,True,False,False,1787215628
Spin,3c55bfae-099a-4696-aad2-b50978f7d515,e-bike,39.99543753333333,-83.00925430000001,91,24.88,True,False,False,1787215563
Spin,7b987f59-bae9-46cf-a0d7-1fbe139b2b1d,e-bike,40.000416666666666,-83.03211166666667,20,5.56,True,False,False,1787215588
Spin,ebe9dcc5-f0ea-4799-a011-ca3f45d77dd8,e-bike,39.99423843333333,-83.00930539999999,86,23.41,True,False,False,1787215646
Spin,10a9d7c8-e205-410a-9923-69e81c82a8af,e-bike,39.996445533333336,-83.0117383,78,21.36,True,False,False,1787215617
Spin,8b14c019-a0d6-4b36-93fd-250a928e6491,e-bike,40.00614328333334,-83.01441971666667,97,26.34,True,False,False,1787215476
Spin,17d5c775-b063-4a37-98ac-95d026e7a86b,scooter,39.99472503333333,-83.0088639,38,10.24,True,False,False,1787215624
Spin,577cbcd8-31ed-496d-9f35-0a1963f89ca6,e-bike,39.99907363333333,-83.00811219999999,86,23.41,True,False,False,1787215510
Spin,562afacb-d931-49da-8975-d1833f6a180f,scooter,40.0032772,-83.0084268,100,27.22,True,False,False,1787215547
Spin,0d0e39a1-e67b-4d5a-8a9c-f59e9eb21ace,e-bike,40.0060866,-83.01313309999999,49,13.46,True,False,False,1787215492
Spin,e4eb1ced-16e0-4b56-b5ae-76954a57b15d,e-bike,40.0062898,-83.0134325,58,15.8,True,False,False,1787215558
Spin,2c2687cd-f074-4d1f-825b-418a0651fbe6,e-bike,40.0039408,-83.00903680000002,87,23.71,True,False,False,1787215645
Spin,46ee0d96-39ce-45e6-b18a-4339fcc31452,e-bike,40.0045875,-83.013159,82,22.24,True,False,False,1787215573
Spin,9149b627-fe23-4cfc-a174-2f0b43c0014d,e-bike,40.0011706,-83.00836980000001,75,20.49,True,False,False,1787215511
Spin,223a9385-fdb8-409a-99c3-72bd7b931db1,scooter,39.99400613333333,-83.00706540000002,46,12.58,True,False,False,1787215488
Spin,aa200cdc-2fee-49c6-a4aa-a80b6adbb206,e-bike,39.99542673333334,-83.0145135,15,4.1,True,False,False,1787215650
Spin,81109500-b89a-4717-8841-bf8de2163320,scooter,39.996092,-83.009317,67,18.15,True,False,False,1787215640
Spin,9c8006f9-255f-4e4e-a532-ae614db34ee8,scooter,39.99900453333333,-83.00781690000001,78,21.36,True,False,False,1787215661
Spin,8e4f4628-06b5-4c66-abb7-283983a77e1e,scooter,39.995691,-83.012131,24,6.44,True,False,False,1787215474
Spin,2357dd76-688e-4468-85ca-bd460c9edc54,e-bike,39.994755000000005,-83.006995,33,9.07,True,False,False,1787215528
Spin,346fe7b6-e809-46ce-a736-07e045667b2b,e-bike,40.005613000000004,-83.01195959999998,47,12.88,True,False,False,1787215588
Spin,12850ab6-df29-4fe7-a9b5-a795abba7db7,e-bike,40.002558799999996,-83.00850719999998,65,17.56,True,False,False,1787215580
Spin,c7f775d9-ed52-4724-ade3-0a0fbcb11942,e-bike,39.99730303333333,-83.00751620000001,87,23.71,True,False,False,1787215657
Spin,18fb3be9-bfe8-46c8-9b02-7e8b53dc620c,e-bike,40.003517699999996,-83.00959919999998,92,25.17,True,False,False,1787215667
Spin,8a2a1e75-5ebe-42f4-9dc6-f52771cf158b,e-bike,40.0039648,-83.01297090000001,90,24.58,True,False,False,1787215675
Spin,355671c7-fd6f-4667-a1fc-e8ddc057616c,e-bike,40.0039339,-83.01294709999999,92,25.17,True,False,False,1787215544
Spin,ba626000-18f1-4cd8-8264-fffd106645b4,e-bike,40.0039593,-83.0129019,91,24.88,True,False,False,1787215676
Spin,66066ed5-951d-4059-83e9-9fad697bb330,e-bike,40.0049493,-83.0195334,56,15.22,True,False,False,1787215676
Spin,1e2f268e-e4be-417d-ace5-b4c00478e102,e-bike,40.0034188,-83.0176372,90,24.58,True,False,False,1787215623
Spin,2442627d-b988-4a8d-9960-e9091b6887a5,e-bike,39.998612933333334,-83.0214997,78,21.36,True,False,False,1787215606
Spin,690b434f-5ade-4d54-8d2d-0460da9a7d58,e-bike,39.997314833333334,-83.0074878,87,23.71,True,False,False,1787215434
Spin,bf73be71-681a-46c4-964e-d89c60cec6c5,e-bike,40.0025286,-83.0163465,100,27.22,True,False,False,1787215663
Spin,f0dfc85f-53d2-4f09-a122-878e16bc5af5,e-bike,40.002560900000006,-83.0084794,94,25.46,True,False,False,1787215583
Spin,4732c171-57d5-4781-95b6-5924f779689b,e-bike,40.0011466,-83.00840250000002,91,24.88,True,False,False,1787215561
Spin,e403d14e-d434-42c1-9c18-7875eae8fc68,e-bike,40.0011395,-83.00837320000001,66,17.85,True,False,False,1787215534
Spin,a43642d0-d3cb-4f57-b587-ff706b21a3c0,e-bike,39.99708783333333,-83.00933119999999,41,11.12,True,False,False,1787215549
Spin,094dbc98-e2f1-49cc-acfe-a123952ae6d4,e-bike,39.99716113333333,-83.0075835,100,27.22,True,False,False,1787215659
Spin,70dc8c8c-d652-49fd-98d2-59e6790a0ea8,e-bike,40.00594185,-83.0093664,85,23.12,True,False,False,1787215675
Spin,79f5c374-c2f0-4974-967f-c6a770236c8a,e-bike,40.0059649,-83.00935890000001,91,24.88,True,False,False,1787215678
Spin,3de40fb5-2227-4a5d-8d5d-a23bc6cefac0,e-bike,40.0059533,-83.0093536,85,23.12,True,False,False,1787215675
Spin,2e9f2529-04a1-49e9-a885-a008dfbc104d,e-bike,40.005938300000004,-83.0093826,55,14.93,True,False,False,1787215676
Spin,341a31f6-1fee-400b-a32f-ef66caca3f46,e-bike,40.0059452,-83.0093594,51,13.76,True,False,False,1787215674
Spin,eefc5cb5-eb34-48c7-9660-11dbac7f5f70,e-bike,39.99712423333334,-83.0076069,94,25.46,True,False,False,1787215671
Spin,bd521370-d676-411e-a70b-068ca9fa0823,e-bike,40.006193599999996,-83.00949110000002,33,9.07,True,False,False,1787215502
Spin,bcd65072-56f6-4559-a480-35536a56f727,e-bike,40.0063294,-83.0141545,88,24.0,True,False,False,1787215666
Spin,e7da559b-2654-413f-b767-faa5ad032fbd,e-bike,40.0039898,-83.01118059999999,66,17.85,True,False,False,1787215497
Spin,6b1d4987-06be-40c9-84a8-f91e5bd6d7a1,e-bike,40.0039924,-83.0111749,28,7.61,True,False,False,1787215647
Spin,a6870a53-49eb-4117-bc44-3530803a899f,e-bike,40.003989700000005,-83.01117559999999,53,14.34,True,False,False,1787215674
Spin,2aa10e78-48e1-45ac-93bc-4b269981f12c,e-bike,40.003986499999996,-83.0129126,58,15.8,True,False,False,1787215595
Spin,8782a575-bd5c-4f92-a2a1-7ac425f4b75f,e-bike,40.003841666666666,-83.01292,66,17.85,True,False,False,1787215598
Spin,02d14839-4815-4907-bf54-9e5207cf88c2,e-bike,40.0039948,-83.01294520000002,74,20.19,True,False,False,1787215595
Spin,15bf30e4-0721-42a8-8c29-12480055d783,e-bike,39.99882193333334,-83.0095284,23,6.15,True,False,False,1787215659
Spin,d064237f-becf-4a6c-87e1-c316833a8f93,e-bike,40.006138699999994,-83.01660369999999,94,25.46,True,False,False,1787215612
Spin,00f6ce7b-0c25-43ba-886e-909a563ff011,scooter,39.99901413333334,-83.00780269999998,96,26.05,True,False,False,1787215468
Spin,979f9d02-2318-4eb4-b2e5-91c2c0ed7978,scooter,39.99800403333334,-83.00765260000001,83,22.54,True,False,False,1787215605
Spin,5ef6db28-e5af-4dd3-b252-d4c112957e2d,e-bike,40.004343299999995,-83.0091231,68,18.44,True,False,False,1787215665
Spin,984c585e-dbdd-47f7-b0ea-8c95069b4a6d,e-bike,40.003299500000004,-83.00846299999999,32,8.78,True,False,False,1787215586
Spin,0fb504d1-a172-4d28-ae20-9648179c0293,e-bike,40.0011947,-83.0086867,92,25.17,True,False,False,1787215588
Spin,a85b1f89-f8be-46b2-84bf-6ae6f5bd0c7a,e-bike,39.99816563333333,-83.0081564,92,25.17,True,False,False,1787215568
Spin,5aecd1dc-4f51-4f21-861e-7eeea65805a0,e-bike,39.99817573333333,-83.00819076666667,58,15.8,True,False,False,1787215660
Spin,fc2a0083-5faf-4589-89db-d84ced022adf,e-bike,39.99403333333333,-83.00682129999998,58,15.8,True,False,False,1787215614
Spin,4be7ece8-5fcf-4e73-a079-88d69fce547d,e-bike,39.994027233333334,-83.0067931,76,20.78,True,False,False,1787215657
Spin,bf08fd33-0db4-43f9-9773-ca860f8c0d6a,scooter,39.995020233333335,-83.00686759999999,46,12.58,True,False,False,1787215492
Spin,0fdcde97-a3ca-4865-9366-2d3396ba2861,e-bike,39.99839133333333,-83.00771170000002,89,24.29,True,False,False,1787215527
Spin,ae4c8e38-04b1-471d-9c1a-55a26a190f1e,scooter,39.994023133333336,-83.01433469999999,24,6.44,True,False,False,1787215657
Spin,6bc3ff1c-4709-4ffe-bb68-abfac4b52982,e-bike,39.99830333333333,-83.01512833333332,0,,False,True,False,1787215550
Spin,ad2fae46-c5f3-43ea-adf0-0309cbff491f,scooter,40.002221,-83.011737,0,,False,True,False,1787215510
Spin,332315c9-2313-44bf-8eac-dc404f0be9cd,scooter,39.999395,-83.009208,0,,False,True,False,1787215640
Spin,66695318-fec7-439b-9a09-d853fd4a9100,e-bike,39.99807993333333,-83.0091747,1,0.29,False,True,False,1787215578
Spin,0ab8a5c4-ac10-41b4-ab11-1f4ba0c554b8,e-bike,39.99703323333333,-83.0098945,11,2.93,False,True,False,1787215662
Spin,f56f41f6-8b47-4038-8ac5-351290dbb9a4,scooter,40.004523,-83.009139,4,1.17,False,True,False,1787215674
Spin,42db550a-8e15-4480-9431-1894727358b2,scooter,39.99841133333334,-83.01747769999999,14,3.8,False,True,False,1787215671
Spin,6a816ef2-2a89-4ce2-ab6b-6d3ce1f894a5,e-bike,40.00389666666667,-83.01289333333334,0,,False,True,False,1787215643
Spin,f8807e81-71d8-4d3a-ae5b-207ba7076adc,e-bike,40.000515,-83.01013429999999,14,3.8,False,True,False,1787215586
Spin,f85c965a-05ce-4e5d-8096-f71a62e31c3b,e-bike,40.0058849,-83.00928119999999,0,,False,True,False,1787215673
Spin,e64ee0ac-c411-4211-bdeb-f55d1de2f190,scooter,39.994036,-83.006693,0,,False,True,False,1787214188
