Company,Vehicle_ID,Type,Latitude,Longitude,Battery_Pct,Range_Miles,Is_Available,Is_Disabled,Is_Reserved
Veo,a0f4f957-c888-5f3a-a926-1cf5c756337d,bicycle,39.960835,-83.013383,,27.77,True,False,False
Veo,1f97dfba-2192-515c-b9ac-4a7c766c77de,bicycle,40.004698,-83.010592,,26.78,True,False,False
Veo,2004434,bicycle,39.950076,-83.000245,,25.34,True,False,False
Veo,c8255d1b-230f-563e-9916-f50bad44dac2,bicycle,39.983369,-83.016838,,24.33,True,False,False
Veo,fceb3cd8-d02c-5ffc-80c0-9e035d7ab7d7,bicycle,39.984533,-83.020451,,15.18,True,False,False
Veo,01db5b10-c9ad-505b-8e55-911c7695dbf5,bicycle,39.957656,-82.998121,,8.78,True,False,False
Veo,872c27d3-45bc-5ea4-9ceb-2c02731deee0,bicycle,39.987238,-83.005693,,28.14,True,False,False
Veo,2004109,bicycle,39.956007,-82.945406,,28.14,True,False,False
Veo,0f560681-f165-59f5-ad88-09044c39aeee,bicycle,39.958827,-83.013062,,28.14,True,False,False
Veo,8d9645b9-31c5-51c9-aa9e-ee97d2742c51,bicycle,39.962133,-83.004554,,18.67,True,False,False
Veo,2004057,bicycle,39.993934,-82.983313,,28.01,True,False,False
Veo,2004025,bicycle,39.993991,-82.983372,,28.14,True,False,False
Veo,c2c5ff6b-7dd3-5e49-947c-0b46412162eb,bicycle,39.9962,-83.017167,,6.98,False,False,True
Veo,a82f1f98-8f8e-5acc-9738-ccc233b734d2,bicycle,39.901979,-82.98786,,2.55,True,False,False
Veo,554e00f8-3b59-585d-9614-c2b5b6e910e1,bicycle,40.00322,-83.017922,,7.29,True,False,False
Veo,30f7b287-c657-51fa-acc4-3c015390f447,scooter,39.99556,-83.007184,,9.02,True,False,False
Veo,4ca7c469-4e02-5452-a061-46b4cff1708e,bicycle,40.030824,-82.973472,,11.83,True,False,False
Veo,2ba98b91-79a1-5304-a623-da70af624e78,bicycle,40.003181,-82.99839,,28.14,True,False,False
Veo,21e1d4b4-6059-54f7-90e5-a71e178ba024,bicycle,39.956132,-82.945267,,2.55,True,False,False
Veo,c3210188-0099-5638-8100-884109e4de2d,bicycle,40.100048,-83.114819,,2.12,True,False,False
Veo,433a7be1-08f8-5479-a858-28e62db33f68,scooter,40.017377,-82.97104,,26.51,True,False,False
Veo,c060bcde-b69d-5296-982f-1ad278ffb467,bicycle,40.018477,-83.017123,,27.02,True,False,False
Veo,63c52d38-5a4d-5d3d-9c2d-38be507e0e3c,scooter,39.994079,-83.005722,,20.37,True,False,False
Veo,e33c20eb-59ea-5609-8e01-afa750cc82c9,bicycle,39.95754,-83.008188,,12.07,False,True,False
Veo,2f1762ea-d4d4-5978-aad0-f92da1bf2cc5,bicycle,40.01462,-83.000148,,12.52,True,False,False
Veo,f6958153-2972-50b3-906f-336f801d2c85,scooter,39.962963,-83.004203,,28.14,True,False,False
Veo,f1c48366-501a-593b-8ecb-5cda81464ee8,bicycle,39.950429,-83.110874,,15.89,True,False,False
Veo,f169e8fd-50d1-500a-9037-eb9a2cbe15dd,bicycle,39.945399,-82.97448,,26.78,True,False,False
Veo,c8796191-18ed-5ad4-8de6-0038dfac707c,bicycle,39.964458,-83.004425,,25.12,True,False,False
Veo,8952b12b-0952-54ff-bfaf-653503085626,scooter,40.051966,-83.030203,,21.49,True,False,False
Veo,aaebe005-a149-5d7d-b408-dd7439ef5b59,bicycle,39.994078,-83.005774,,25.74,True,False,False
Veo,c8cf8d49-f7c9-5125-bc1f-8a69e55f3861,bicycle,40.001752,-82.99758,,25.12,True,False,False
Veo,b9cb575f-5d2f-5795-bb2f-de78300d2104,bicycle,40.004587,-83.013431,,25.74,True,False,False
Veo,19ef507b-d9d7-5b2e-9b42-449b0947f4ae,bicycle,40.05744,-83.049304,,27.18,False,True,False
Veo,9c6f1c83-931c-568d-8b4a-7f0f514ab865,bicycle,40.044975,-82.956909,,21.15,True,False,False
Veo,91d84809-eb82-52fd-88fd-5f530fc1c05c,bicycle,40.015162,-83.011558,,11.83,True,False,False
Veo,574b94e1-e1a0-55e8-a399-b12779deadba,scooter,39.949292,-82.976233,,25.74,True,False,False
Veo,2b033583-354d-53d6-bb01-922b658b8724,scooter,40.015993,-82.980545,,14.61,True,False,False
Veo,3d853924-d1f0-5eae-a81b-5eca36eeb73a,scooter,39.966098,-82.990755,,19.78,True,False,False
Veo,47544254-eafd-5285-9215-8e4ce1e90a03,scooter,39.95709,-82.938086,,28.14,True,False,False
Veo,ca8c4493-416d-5dd1-aff5-2094d9e0916b,bicycle,39.939842,-83.068474,,12.63,True,False,False
Veo,afc54df9-1cf7-542a-8d20-5f18d4710e8e,scooter,39.963015,-83.004244,,28.14,True,False,False
Veo,fd0412dd-b92b-5b89-a6c9-531776a68a7a,scooter,39.949123,-82.964259,,19.39,True,False,False
Veo,5123d0e7-2442-57c0-aad7-86649f739705,scooter,39.977835,-83.010601,,11.59,True,False,False
Veo,e72d3603-2bf4-5919-bfd9-9eb2b8e8c755,scooter,40.003378,-82.975103,,14.86,True,False,False
Veo,93100ddc-8a40-5ffb-8d8f-a9fb5e3493dc,scooter,39.956136,-82.945286,,2.55,True,False,False
Veo,82dbe3a2-d1dd-5046-b1ad-d079752baab1,scooter,39.989711,-83.004899,,26.78,True,False,False
Veo,3f915c75-3c80-5607-9c7e-7b83ea33bda6,scooter,39.956104,-82.945337,,28.14,True,False,False
Veo,50ec8cfb-7d9a-558b-a127-67f06c580d31,scooter,39.948259,-82.962603,,12.52,True,False,False
Veo,2d2fc7b8-4dc2-5546-90c3-8cb18b34cedb,scooter,39.960319,-82.865513,,2.12,True,False,False
Veo,e2144821-d8e9-5ad8-96e2-7e71709516f0,scooter,40.014643,-83.000156,,28.14,True,False,False
Veo,3385910e-6eac-5112-9b97-53f56c4ac68a,scooter,39.927856,-82.976637,,28.14,True,False,False
Veo,afa91458-6cd2-5e3e-a359-2cedb8ec58a6,bicycle,39.994045,-82.935897,,17.89,True,False,False
Veo,0100f15b-c242-550a-ba0e-f0840b4d5b20,bicycle,39.994258,-83.009592,,15.45,True,False,False
Veo,3a1ec7c4-1cbe-5874-9f15-9b60f4969525,bicycle,39.954348,-82.938505,,18.67,True,False,False
Veo,0bfb19d6-fa6c-5b5e-ac3e-628f50821ac6,scooter,39.921255,-82.964364,,11.83,True,False,False
Veo,d88d1d2d-34ea-5596-a76c-fea03b07f21a,scooter,40.016528,-83.011685,,13.86,True,False,False
Veo,59377886-e39b-5b5d-b06c-ca96f6d4847d,scooter,39.95614,-82.945252,,28.14,True,False,False
Veo,ae1b56f3-e559-5496-bea8-da6fe88a66d1,bicycle,40.105284,-83.097343,,10.31,True,False,False
Veo,a6da9a51-6b0e-51da-8bbf-8c304634b3ce,scooter,40.002715,-82.949532,,11.11,True,False,False
Veo,98ad0f5a-eb4c-5ee3-b886-bca30e159d5e,scooter,40.001433,-82.997236,,25.74,True,False,False
Veo,13122c1a-822a-5eec-b439-9eb5dcbfe8d1,scooter,39.985249,-82.919768,,8.78,True,False,False
Veo,c1a39155-fc6a-50d2-927f-86ce820f7a79,scooter,39.956135,-82.945257,,24.06,True,False,False
Veo,6bd0e07a-baf2-50a4-a784-67a32551102f,scooter,39.948004,-82.905183,,23.02,True,False,False
Veo,43d3f615-32c8-5603-81ba-df1af7facd28,scooter,39.994126,-83.005678,,25.12,True,False,False
Veo,245a595f-0b9e-53d9-8c03-af6de10bc6dc,scooter,39.95711,-82.940014,,0.85,True,False,False
Veo,48363a5c-c2ab-5eb7-8b06-4a64f3a9a2e3,scooter,39.998324,-82.978098,,18.19,True,False,False
Veo,eb836398-23fb-5d31-bc19-8ff5e3e44f99,scooter,40.028001,-83.023331,,12.63,True,False,False
Veo,04bc3d41-5d3c-5edf-8ce8-c4845e17ad7e,scooter,39.956056,-83.021559,,21.49,True,False,False
Veo,d97d13d8-fffc-5f0f-9c8f-f5c643ae91bf,scooter,39.969628,-82.978223,,27.44,True,False,False
Veo,91113a43-cba5-5546-889a-a4d6c540e9ac,scooter,39.956123,-82.945322,,28.14,True,False,False
Veo,4b16685f-a2f5-5828-81f1-3794e25e2e6f,scooter,39.978577,-83.002278,,28.14,True,False,False
Veo,f78c342c-3ba5-5303-918f-89b954ec3f64,scooter,39.947899,-83.062956,,12.52,True,False,False
Veo,baae3ee7-e6da-5f58-9350-f8ac76a0852d,scooter,39.966807,-83.009256,,12.63,True,False,False
Veo,ee71073e-e27d-5e56-9a1f-cc3f12127a30,scooter,39.975719,-83.00475,,27.77,True,False,False
Veo,48c828b5-a8cb-524f-a77e-48ab8cc692fe,scooter,39.956113,-82.945341,,23.02,True,False,False
Veo,f0b78fd6-7ef0-520c-82b9-e3f686ac603a,scooter,39.994446,-83.012943,,4.67,True,False,False
Veo,350c3509-72c8-5c6c-97e9-65ddc1c761af,scooter,39.96904,-83.000998,,21.49,True,False,False
Veo,172806aa-2a20-5bed-8885-e44d547d81be,scooter,40.011302,-82.974719,,28.14,True,False,False
Veo,1761cf92-b3a2-54b9-b4a2-41b65a0fd82e,scooter,39.96936,-83.018526,,28.14,True,False,False
Veo,05cdb796-38c3-517c-8466-eb6ff2df72b7,scooter,39.944042,-83.112497,,28.14,True,False,False
Veo,bfff5f2d-b558-53c2-8da4-880f8e6b4bb7,scooter,39.940319,-83.095961,,1.56,True,False,False
Veo,beb52dc6-5087-5ab4-8f7d-2877b092a573,scooter,39.93943,-83.096304,,0.33,True,False,False
Veo,06739cc5-2d40-579e-95c6-ba4e50e1ab47,scooter,39.97726,-82.97479,,7.62,True,False,False
Veo,a53c51c8-f5e0-553b-9857-883f3958d23b,scooter,39.946384,-83.044713,,27.18,True,False,False
Veo,0df041f5-56db-5e3c-a94e-e5375a7ccb9f,scooter,39.99445,-83.006802,,20.78,True,False,False
Veo,afc9899c-5119-5a1d-ab04-303669e76585,scooter,39.993688,-82.975257,,25.12,True,False,False
Veo,a329f2e2-872f-5494-8d09-4a3c43742982,bicycle,39.962192,-83.00419,,28.14,True,False,False
Veo,934bf4f2-981b-5dca-9e2a-268709ec37d3,scooter,39.973383,-83.004611,,21.15,True,False,False
Veo,bea4c81b-f76c-5337-ae28-f0073b47cfc2,bicycle,39.954156,-82.899814,,22.7,True,False,False
Veo,da2a000c-f537-5494-8680-00ec676b53ae,bicycle,40.00673,-83.008503,,4.19,True,False,False
Veo,0e7eb90a-e92c-5976-b23e-49aa8073f81d,scooter,40.0164,-83.0226,,25.94,True,False,False
Veo,f450fbef-5257-5fed-83cc-3606417f205c,bicycle,39.996417,-83.00915,,26.78,True,False,False
Veo,d7d3c411-f86c-5d5e-b6ac-3a8fb22b43aa,bicycle,39.996584,-83.003656,,27.77,True,False,False
Veo,b2ce773c-b5f4-5ef7-bfdc-1eeb4a7c97d0,bicycle,39.937447,-82.975457,,28.01,False,False,True
Veo,370fd1d1-f883-58cf-be9f-81819f820ca3,bicycle,40.067732,-83.019366,,25.34,True,False,False
Veo,50c279d6-0055-5e12-a886-ca1e5d163f3b,scooter,39.990239,-82.98972,,24.06,True,False,False
Veo,d9f2b4b6-95e9-5b7e-9d07-527925ef766a,bicycle,39.943713,-82.84984,,24.06,True,False,False
Veo,89985639-6824-5416-bca5-7d960f75327a,bicycle,39.967362,-83.015789,,26.78,True,False,False
Veo,b429bd68-1513-5c53-af07-9f165bf401d2,bicycle,39.980078,-83.005543,,23.02,True,False,False
Veo,1491fcb1-76a6-5448-aefb-44530d2704ed,bicycle,40.006118,-83.008506,,10.31,True,False,False
Veo,02b36f14-5ffc-5706-86c1-ad79e7a30aec,bicycle,39.972535,-83.00502,,14.17,True,False,False
Veo,fad8ec3f-7f2b-5ee0-a172-30d93a6cfc09,scooter,39.980537,-82.998038,,25.74,False,False,True
Veo,43394b15-acd5-5987-bdda-5c7e6306f7b2,bicycle,40.023633,-82.996221,,14.17,True,False,False
Veo,aea36294-1820-54fe-84a6-def3b1c4e2c3,scooter,39.932436,-82.99044,,22.7,True,False,False
Veo,f45400b4-b5e6-5c3c-b6b1-f8a7637b911f,bicycle,40.02633,-83.02502,,6.31,True,False,False
Veo,d1f1b17a-400b-5264-aaab-2d9d7904c7dc,scooter,39.96218,-83.004158,,28.14,True,False,False
Veo,39d82b13-3610-5d4e-8e46-5e6b79bd8c78,scooter,39.940365,-83.062807,,28.14,True,False,False
Veo,f109e3f2-f715-5594-9f08-e511b75358ac,bicycle,40.096395,-82.990498,,28.14,True,False,False
Veo,5e8f9ce4-debc-5317-a9c6-5a81987c5b81,bicycle,39.935878,-82.988874,,21.49,True,False,False
Veo,46899058-c027-5e68-9af2-e6421434b088,bicycle,40.00559,-83.013902,,24.06,True,False,False
Veo,a09856e7-bd62-59c8-9cae-2863bd400795,bicycle,39.999954,-82.975466,,15.89,True,False,False
Veo,feb716b1-9a63-5741-9406-223889cc1aa8,bicycle,39.945276,-82.989051,,15.45,True,False,False
Veo,c53bc5f5-a13e-5905-ac29-605e87777563,bicycle,40.101697,-83.110012,,12.63,True,False,False
Veo,9e338717-d0cc-5781-9f8f-a8fe70c7f1bf,bicycle,39.969948,-82.966978,,25.12,True,False,False
Veo,3303aeb5-5031-5284-99c7-150f182a0d42,bicycle,39.946777,-82.993317,,21.77,True,False,False
Veo,7764af77-b8ea-56b9-967c-fa4d628a7f77,bicycle,39.945172,-83.060752,,16.84,True,False,False
Veo,7e962687-a6aa-5202-85d5-3b20e59927ff,bicycle,40.005681,-82.913021,,25.65,True,False,False
Veo,a35c1c0d-5af3-5527-b153-d3c8801e8c26,bicycle,39.977351,-82.970708,,28.14,True,False,False
Veo,fae78598-9292-5793-a4af-4c8faf24eba4,bicycle,40.101589,-83.115541,,1.15,True,False,False
Veo,4277da19-b8cc-55cb-ac08-3320b308c445,bicycle,39.946406,-83.044703,,28.01,True,False,False
Veo,81044cfc-28fc-5dca-954d-5432247dedd9,bicycle,39.967033,-83.010417,,28.14,True,False,False
Veo,513ed26f-43ed-5d90-892e-0d5a7cdf8e52,scooter,40.004812,-82.974779,,28.14,True,False,False
Veo,2de8cd39-7a74-5b59-9de7-e85d341fda06,bicycle,40.02929683,-82.92249506,,0.0,True,False,False
Veo,eb647f67-dc0f-5087-bb53-6c62aedc0168,bicycle,40.019186,-83.029846,,28.14,True,False,False
Veo,f509f879-b5b1-5861-8d17-eaaeacb987b0,bicycle,39.93915,-82.983113,,24.06,True,False,False
Veo,f18ab300-61cf-571d-998f-6eb12fe037fc,bicycle,39.965085,-82.99033,,28.14,True,False,False
Veo,92d3df78-6d6c-5ea5-b067-e155df387d52,bicycle,39.947188,-83.000162,,7.62,True,False,False
Veo,e7ec0615-3a86-51fb-9b69-bb4db44d0ce8,bicycle,39.958494,-83.014637,,27.44,True,False,False
Veo,ced8b48d-3674-5be1-b69a-80702f3950ce,bicycle,39.974215,-83.003823,,15.18,True,False,False
Veo,76345918-f8f7-53c6-8f09-0b4ef1195ded,bicycle,39.927447,-82.951571,,12.52,True,False,False
Veo,52626502-dd85-5892-9443-c61c3ec03a97,bicycle,39.957404,-83.011417,,23.02,True,False,False
Veo,dd920530-843f-5659-b863-38c3c68d7af0,bicycle,39.961627,-83.003388,,28.14,True,False,False
Veo,a483031c-bf99-5ef4-9eec-b59aa179b90c,bicycle,39.937542,-82.950574,,24.84,True,False,False
Veo,f0b35406-8aa3-5938-862e-d09484698166,bicycle,40.102723,-83.114275,,25.74,True,False,False
Veo,e05d0b0d-d6bd-59a0-a4f5-570527de6b0e,bicycle,39.953314,-83.026945,,7.29,True,False,False
Veo,4daa0bbb-4ae6-5074-b4d3-2281cd1ecdec,bicycle,40.026146,-83.001543,,4.92,True,False,False
Veo,ad0ebfe7-28c0-52c5-b4ab-53d82551c84a,bicycle,40.000745,-82.986403,,28.14,True,False,False
Veo,a6a7d2a5-7081-56ac-8683-d236ff00cc89,scooter,39.969113,-83.003742,,28.01,True,False,False
Veo,773e9687-dbd8-57ac-999a-0dd5f32a0931,bicycle,39.956193,-82.996728,,14.43,True,False,False
Veo,a5e24847-a92b-55b2-9820-b51579fc1ac9,bicycle,40.066679,-83.066619,,10.51,True,False,False
Veo,05b4bdf6-fee4-5140-8e89-e2d2cc272b78,bicycle,39.905828,-82.928581,,22.7,True,False,False
Veo,6b855020-355b-5aa4-91ff-85b1e296a004,scooter,40.000317,-82.996603,,14.61,True,False,False
Veo,ebffe2f5-8208-5db8-8a50-0478c7ab9a9a,bicycle,39.988514,-83.033104,,26.78,True,False,False
Veo,3eec4de4-e98f-54bd-9f49-75f96678702c,bicycle,40.102444,-83.1088,,3.13,True,False,False
Veo,641eb64c-f1d1-5d98-9983-f6db8101e5be,bicycle,40.003183,-82.998424,,20.78,True,False,False
Veo,13aa99e2-5cd4-5ce0-818e-55da3b068a32,bicycle,39.973381,-83.004288,,8.09,True,False,False
Veo,d37d6139-c981-5904-99c8-60279b36b655,scooter,39.968945,-83.00386,,28.14,True,False,False
Veo,59da463a-73c6-5384-a44d-c68ac0dd0892,bicycle,40.032202,-82.979171,,28.14,True,False,False
Veo,59ec5eff-3779-5082-bdf6-3fc1eb7a7644,bicycle,39.95968,-82.975325,,5.44,True,False,False
Veo,5d719951-f446-5efd-85f1-270f756b4e1b,bicycle,39.9559180801078,-82.94530223016405,,0.0,True,False,False
Veo,b13fe07c-b845-598b-9378-bd45769be7f4,bicycle,39.965039,-82.999412,,28.14,True,False,False
Veo,8903bde6-34da-5b74-82a5-c73058baf53e,bicycle,39.961795,-82.996105,,28.14,True,False,False
Veo,abea4972-a906-5a63-ab3b-18c034107973,bicycle,39.941856,-83.067927,,28.14,True,False,False
Veo,e628146b-2598-5c13-a9b3-360e5cb07007,bicycle,40.011975,-82.968549,,28.14,True,False,False
Veo,a8498bac-689c-5820-82bf-243b53b97ffd,scooter,39.965281,-82.984541,,22.39,True,False,False
Veo,a24d92db-b9a8-5bb7-8ffd-342b57ce215e,bicycle,40.001451,-83.001145,,2.55,True,False,False
Veo,0ed01e46-f67a-537c-ab86-34f72339497d,scooter,40.11372,-83.124485,,12.63,True,False,False
Veo,b072c1fa-d237-5b0c-ad2a-563255a43c0d,bicycle,39.993704,-83.03928,,12.07,True,False,False
Veo,e5d1c6de-6c9a-59d0-af63-8441c6fab4b8,bicycle,40.007646,-82.963196,,23.02,True,False,False
Veo,9aa88ce7-e3f8-588d-b955-554a128be854,bicycle,40.002505,-83.001347,,25.34,True,False,False
Veo,154be4b7-5a8f-5af5-92e8-21cb5ed8e5bf,bicycle,40.105233,-83.108091,,15.89,True,False,False
Veo,6efe1566-2683-5034-ac23-29550962c3f7,bicycle,40.025529,-82.98816,,25.74,True,False,False
Veo,77119ab5-f1bb-549f-a711-dadfc6a02d28,bicycle,39.945325,-82.989906,,6.31,True,False,False
Veo,8c1fa200-b0d6-5d95-86bc-1d79d1f59d68,bicycle,39.976465,-82.995368,,6.67,True,False,False
Veo,3892cda2-d957-52e6-9899-152a7300ad57,bicycle,40.001864,-83.008894,,4.14,True,False,False
Veo,789564f7-3027-58cf-aac7-c8843ea06d11,bicycle,40.008005,-82.981121,,23.02,True,False,False
Veo,57aa48d5-79b3-5cde-869c-90d597bf6c7d,bicycle,39.968014,-82.949032,,27.44,True,False,False
Veo,e12c6404-fa0f-573f-ac8c-9726d7825477,bicycle,39.963163,-82.981445,,9.65,True,False,False
Veo,4fda5399-db9f-5886-9c9a-0440eea28741,bicycle,39.921314,-82.892087,,1.15,True,False,False
Veo,f3d22b12-5c0c-5ad2-bcdd-450d27f6dc39,bicycle,39.93123,-83.116044,,1.15,True,False,False
Veo,0c50ed60-3652-5170-84bc-6080f422e011,bicycle,40.099319,-83.143719,,12.28,True,False,False
Veo,80fa04f1-9707-55fa-9e53-e3d5130be087,bicycle,39.921435,-82.907244,,25.12,True,False,False
Veo,80dde706-3981-5584-866a-e9d5a204c0e4,bicycle,39.959358,-83.033025,,14.86,True,False,False
Veo,c5e1b3fc-fbca-597e-9f51-c5af9936e1ff,bicycle,39.972091,-83.004632,,11.83,True,False,False
Veo,fcdad181-c4fa-5a1d-b5d5-802a1eb6b54c,bicycle,39.996923,-83.013663,,22.05,False,True,False
Veo,5c5cac0b-e702-56e4-86c6-93388995d8a0,bicycle,40.098611,-83.085675,,28.14,True,False,False
Veo,814f84b3-c70f-55cf-b272-b991c62f1980,scooter,39.968186,-83.012571,,14.61,True,False,False
Veo,7ae28207-e3b2-5cf5-8700-24580fc10ad6,bicycle,39.999664,-82.965415,,28.14,True,False,False
Veo,52b14a58-e7dd-5a4c-aa54-3d168286dd44,bicycle,39.956014,-82.94532,,25.74,True,False,False
Veo,7eeb2011-665b-549b-8bae-58f9c60d6658,bicycle,40.025273,-83.020494,,2.12,True,False,False
Veo,1c66fc49-52ad-5c2a-9956-02debc0b9ae5,bicycle,39.914997,-82.966694,,13.86,True,False,False
Veo,5f203a20-641d-581e-a7b7-f1aa57f597f1,bicycle,39.949372,-82.986854,,25.12,True,False,False
Veo,4eec3e95-4249-54bc-a123-31bbcf1637f1,bicycle,39.967656,-82.911487,,26.51,True,False,False
Veo,c71d04a1-3078-586d-93e3-f7668130dd54,bicycle,40.035011,-83.00378,,12.63,True,False,False
Veo,970531f3-5a70-5f33-bb3d-afd15896dcec,scooter,40.004085,-83.007356,,12.63,True,False,False
Veo,42c60306-a4c8-569a-bb7f-dbb5daaf5d16,bicycle,39.951287,-82.979174,,26.25,True,False,False
Veo,bfee1119-6f0f-5174-9c59-8cb506d760f0,scooter,39.959096,-83.000263,,28.14,True,False,False
Veo,b695da1f-43a3-56bf-957c-5baef644ee13,bicycle,40.052191,-83.028028,,28.14,True,False,False
Veo,e61f3bbc-824d-5f72-b0e4-54124a612039,bicycle,39.995554,-83.012284,,11.11,True,False,False
Veo,1d2f47a1-c4da-5362-8505-c5dd85a38ac9,scooter,40.00673166666666,-82.98149666666669,,14.61,True,False,False
Veo,9e757261-a271-5b0f-9a88-59b86d25adf1,scooter,40.004449,-83.023321,,25.65,True,False,False
Veo,e8c7be0a-4776-5351-bbaa-2587fe2493e3,scooter,39.962471,-82.981806,,25.65,True,False,False
Veo,e39e4e3e-8b91-531c-ac45-2ef6b6b71810,scooter,39.963033,-83.004279,,25.12,True,False,False
Veo,9f0fbe45-adea-5973-ace4-afe360ced12e,bicycle,39.958222,-82.875065,,6.07,False,True,False
Veo,d86d7eb1-8aa5-5cee-b047-61a39ed078dd,bicycle,39.999826,-83.00266,,14.17,True,False,False
Veo,27411a9b-9681-57c8-ad0c-7494cc50b2df,scooter,39.985787,-83.001959,,24.06,True,False,False
Veo,515c1f16-8a61-57e2-883b-c2254e6e9e9e,bicycle,39.987108,-82.999006,,25.65,True,False,False
Veo,36c77305-1fb6-589c-acca-23b2a65426bc,bicycle,39.971171,-82.97699,,9.97,True,False,False
Veo,ede7e98c-2aad-5be2-80a4-8148e92e5c3e,scooter,39.951539,-83.000304,,28.14,True,False,False
Veo,418b9edb-4740-55cd-91c6-813fd1f82c1c,bicycle,39.971044,-82.969492,,28.14,True,False,False
Veo,aae75ce3-1a57-53b3-9765-903e56c1c2d8,scooter,39.935042,-82.992858,,28.14,True,False,False
Veo,d0fc58a8-d59a-58ec-8a99-1ac963cd7ae6,bicycle,40.071563,-82.965631,,2.12,True,False,False
Veo,3578ee50-1d60-5e15-9880-caba18168ba3,bicycle,39.948494,-83.09319,,11.83,True,False,False
Veo,b4a8cdf7-7bca-5070-bd7b-4d8fa3f758b3,bicycle,40.073288,-83.081247,,3.67,True,False,False
Veo,6c7ac54f-3dd1-50fa-abff-7992e211f61b,bicycle,40.099324,-83.144797,,15.18,True,False,False
Veo,7044cdb3-6d22-5ec9-9383-f6e86b43846a,bicycle,39.954588,-83.012043,,26.78,True,False,False
Veo,2a99e5e6-5824-5c23-9542-8d5918e335ce,bicycle,39.946856,-82.897282,,28.14,True,False,False
Veo,cee71e6a-cab6-55fc-8616-437b15adc600,bicycle,39.968257,-82.977695,,25.94,True,False,False
Veo,0c3e0e0b-035b-54c3-ba3e-f5d47ed68b60,bicycle,40.011968,-82.968565,,15.18,True,False,False
Veo,8aab1d20-9649-5e79-9a8a-2564a16446b3,bicycle,39.942804,-83.102486,,23.02,True,False,False
Veo,38b5c3d8-f338-5c1d-9f78-4724a952c969,bicycle,39.98704,-83.003327,,28.14,True,False,False
Veo,ec042723-c547-5ad3-b6cf-85b5b0000cbc,scooter,40.004683,-82.997655,,28.14,True,False,False
Veo,d2e3b35d-1f5c-5d2c-87b1-1b58cf838e40,bicycle,39.987155,-83.004588,,18.67,True,False,False
Veo,20284598-5cd2-5d35-89da-01b67dd89f09,bicycle,39.907132,-83.073945,,22.05,True,False,False
Veo,76b60c37-e20e-5999-994f-0b6df699a0d0,bicycle,40.014652,-83.000163,,15.89,True,False,False
Veo,3e3a94b2-c86f-5cb8-a7e1-d25e3f7e9463,bicycle,39.947701,-83.041282,,24.84,True,False,False
Veo,4818ad9b-326e-5e5a-b84a-4599a87cfbe3,bicycle,40.004642,-82.935889,,18.67,True,False,False
Veo,007e2c7a-bf01-563b-b7c7-58765b7b84a4,bicycle,40.10566,-83.102272,,3.48,True,False,False
Veo,9ee87139-ef75-5957-a9c4-f1eb116dbc3e,scooter,39.950127,-83.000213,,17.37,True,False,False
Veo,f9001f13-effe-5903-9199-b79dc19162b5,bicycle,40.000751,-82.986408,,16.39,True,False,False
Veo,af8c7689-d8e6-53e0-9ea9-5b41ac9cb83b,scooter,39.987001,-83.004798,,14.43,True,False,False
Veo,02c9c736-c015-54e1-8dba-4e77e80cc4d7,bicycle,39.950291,-82.910618,,5.27,True,False,False
Veo,ce01f62e-b76b-501b-bce7-40b781c546b6,bicycle,39.985415,-83.007696,,25.34,True,False,False
Veo,29ad7106-4faa-558f-a9a6-100ce33826ce,bicycle,40.012404,-83.002426,,21.15,True,False,False
Veo,90b2e8c4-96c1-5f23-8a89-42f6745a7909,bicycle,39.95795,-82.9438,,15.18,True,False,False
Veo,9705d49a-fc67-5b7e-bffb-afaac2276407,bicycle,39.962668,-83.071393,,25.94,True,False,False
Veo,280db2f9-c682-55cb-b3a5-00ee12541bc4,bicycle,40.038802,-82.995561,,12.87,True,False,False
Veo,f445e876-d907-5977-ba0f-e9c0fad37f45,bicycle,39.982727,-83.004615,,27.44,True,False,False
Veo,646d0afc-a077-53ce-92b6-8988a8ba543c,bicycle,40.026412,-82.96988,,10.79,True,False,False
Veo,3e57a0f3-0c86-5da0-bb1e-6a12fa1c751e,bicycle,39.957034,-83.034462,,14.86,True,False,False
Veo,93da6461-b534-5fff-b541-1e589dcf9202,bicycle,39.999637,-83.022308,,12.52,True,False,False
Veo,0ca420d8-7ee7-5698-b1e6-e064a192732a,bicycle,40.088075,-83.102792,,11.83,True,False,False
Veo,4ca2d27c-9d1f-5c78-a609-a2715656f7f7,bicycle,39.946902,-82.960324,,27.44,True,False,False
Veo,c20beb01-3574-5c10-af58-1555a2d54e5b,bicycle,40.00319,-83.008202,,28.01,True,False,False
Veo,aba9ed9c-8060-51d4-aedc-f3021a4d467b,bicycle,39.958054,-83.078377,,28.14,True,False,False
Veo,87b12cd3-b213-5609-bf03-b1f1a9dee8f2,bicycle,39.955721,-82.945235,,25.12,True,False,False
Veo,400cabde-d2b3-5677-8f26-4123ada10f90,bicycle,40.017214,-83.006442,,28.14,True,False,False
Veo,703c6bef-227f-513f-a459-dcb1131a3d6c,bicycle,40.002823,-82.998634,,26.25,True,False,False
Veo,9f6aca9d-9ad1-55e2-ad11-9a0dc3585bb9,bicycle,39.964861,-83.002436,,27.02,True,False,False
Veo,421637f6-90f1-5850-a1a3-7d1372d0ee9c,bicycle,39.957142,-82.931324,,28.14,True,False,False
Veo,55491f68-4394-5c2b-b1c4-12425235bdab,bicycle,39.936409,-82.9888,,12.87,True,False,False
Veo,f4c844c6-0e0c-59e2-a703-635044367f2e,bicycle,39.949488,-82.964592,,24.33,True,False,False
Veo,686dba85-7904-5ad3-ae87-6404ea0ab36d,bicycle,39.981574,-83.016913,,15.45,True,False,False
Veo,26cce90e-a548-5bba-a934-3a45b9401bca,bicycle,39.959423,-82.98569,,28.14,True,False,False
Veo,470576fc-2d52-50bd-aef8-95c760c6f35e,bicycle,39.953104,-83.067879,,28.14,True,False,False
Veo,6a130068-d42f-5891-9882-b11a3b165f6b,bicycle,39.934017,-82.970563,,9.02,True,False,False
Veo,170fe7f9-eda2-5d9e-955c-26fa8122510d,bicycle,39.971332,-82.960929,,10.79,True,False,False
Veo,b8e7b1ca-33cf-511b-a3e9-d7dc9f74421e,bicycle,39.962098,-82.98211,,24.06,True,False,False
Veo,3ba0b62f-a291-50c7-ae44-f34445db44dd,bicycle,40.010681,-83.047643,,9.02,True,False,False
Veo,42f83721-c119-5480-b3fc-ce08f6c8f41e,bicycle,39.966003,-82.99119,,28.14,True,False,False
Veo,799c4283-d9bd-5838-86be-50508ba8814b,bicycle,39.96274,-82.956653,,15.18,True,False,False
Veo,ef07ad9c-c87b-5fb6-8b5c-8776bb7f3616,bicycle,39.96508,-82.99028,,15.18,True,False,False
Veo,ae77d412-5792-53a9-8db1-c87ec03ea241,bicycle,39.996853,-83.01498,,22.05,True,False,False
Veo,64dcb243-235d-5992-93c1-4187aca7da61,bicycle,39.943298,-83.118224,,5.59,False,False,True
Veo,7825d5d9-831f-5d78-890d-26f414660e62,bicycle,40.103597,-83.091598,,28.14,True,False,False
Veo,5fd7ced1-7a52-5b34-a04a-fa3406de8e12,bicycle,39.975475,-82.964818,,25.34,True,False,False
Veo,19077024-29f6-535c-86c0-d4b76bb64310,bicycle,39.926098,-83.042368,,9.02,True,False,False
Veo,a2bd4574-8ab2-5038-959f-c9d740cb007c,bicycle,39.956028739930176,-82.94531868953904,,0.0,True,False,False
Veo,4eb9b881-fb57-5c76-bc96-393a219443a6,bicycle,40.001263,-83.013175,,21.49,True,False,False
Veo,165f8d3f-8538-5bef-b7ae-3865cdd92531,bicycle,39.956589,-82.987117,,27.02,True,False,False
Veo,848de0e7-0212-5118-b61c-11a955e2fe98,bicycle,39.94051086,-82.98354456,,0.0,True,False,False
Veo,8eefa154-1ed8-5904-8e29-27f508e9c25c,scooter,39.989258,-83.004613,,28.14,True,False,False
Veo,76b936b5-d516-513a-bb95-c491ea71937b,bicycle,39.968122,-83.00927,,3.81,False,False,True
Veo,8e934b68-42e9-5e5c-9816-01faeeef6c71,scooter,40.103954,-83.109371,,9.29,True,False,False
Veo,d3bc9b4e-1d2b-5c96-8154-51d674f5673a,bicycle,39.942732,-82.983452,,17.37,True,False,False
Veo,57e15b85-f43c-5661-9894-b33fee32d488,scooter,40.000309,-83.012816,,28.14,True,False,False
Veo,8c1bc05b-71c1-5297-9a99-d6ba28639ecf,bicycle,39.998362,-83.031676,,9.29,True,False,False
Veo,df0db33b-75ce-539e-b4dd-a47a042475c8,bicycle,39.9672,-83.019092,,27.02,True,False,False
Veo,2002810,scooter,40.011958,-82.968558,,24.33,True,False,False
Veo,3a57cf52-fcdb-51be-bf31-e80916e6923d,bicycle,40.100793,-83.109403,,14.61,True,False,False
Veo,1773e1d1-8334-582f-b900-47b6f25686c0,bicycle,39.967812,-83.012478,,28.14,True,False,False
Veo,d984195c-96a2-5c8b-9434-db80ce737eb9,bicycle,39.967789,-82.97725,,28.14,True,False,False
Veo,1c48db0b-616b-58bd-a9d9-87a0aa5cf8f8,bicycle,39.966502,-82.992972,,25.34,True,False,False
Veo,dc520aab-a619-5b22-850b-109862558a70,bicycle,39.949682,-82.968526,,15.89,True,False,False
Veo,a0011ec5-419f-52d9-ab01-16833226b10e,bicycle,40.001358,-83.007434,,14.61,True,False,False
Veo,6678a6c8-9f9c-530f-a339-6c49069d39f5,scooter,39.951273,-83.052093,,24.84,True,False,False
Veo,7db94961-2259-5d57-85c3-de4e6ec11552,scooter,39.997346,-83.037248,,16.84,True,False,False
Veo,7874fd53-1d08-5a88-b46b-32b532939733,scooter,39.959308,-83.009515,,8.09,True,False,False
Veo,c0a3b189-14a0-51ed-8227-4a9716c55332,scooter,39.961999,-83.002249,,6.07,True,False,False
Veo,3042dde4-ac8b-5412-a06a-c9fca6b162d9,scooter,39.951289,-82.979163,,22.7,True,False,False
Veo,d7f8c213-c6d3-5c2f-bb47-8fd0ba76453f,scooter,39.969108,-83.003849,,25.12,True,False,False
Veo,6a49c0de-99a6-5ccd-9df1-cb45b9f5055e,scooter,40.006215,-83.00904,,2.12,True,False,False
Veo,cfe5d6ee-d857-54c8-8b39-ad74b1ec158d,scooter,40.011882,-82.997128,,13.64,True,False,False
Veo,46dd563a-9eae-582a-9db7-73b7b6a5012e,scooter,40.022767,-83.001872,,14.43,True,False,False
Veo,3924caac-8cae-59a9-87c2-93f7913db052,bicycle,40.022444,-82.987231,,16.84,True,False,False
Veo,09bfc4b1-9121-588f-927d-8432d5e8ddd1,bicycle,39.997537,-83.01519,,5.68,False,False,True
Veo,d47059c0-a3ef-5da2-855b-ed65e9d68497,scooter,39.997818,-83.01816,,25.74,True,False,False
Veo,8c6fe012-2895-5eaf-a196-02825ea8c82d,scooter,39.963004,-83.004193,,28.14,True,False,False
Veo,bddebd6d-2999-5ad6-986c-5ab67cc36100,scooter,39.950604,-82.990437,,13.39,True,False,False
Veo,6a14fc88-39cf-55c2-980a-edd73e332d2d,scooter,39.955928,-82.945438,,28.14,True,False,False
Veo,419a9b16-31fc-5338-bbe9-d1e4c0356071,scooter,39.93095,-83.049003,,2.79,True,False,False
Veo,68a9cb86-6109-51bf-82dd-1302355ed850,scooter,39.954434,-82.990035,,15.18,True,False,False
Veo,a79007ac-3445-5288-b6c2-20f7c9cff51d,scooter,39.957378,-83.001721,,28.14,True,False,False
Veo,fee52e70-f899-58e4-b1c0-6b7dd09cd2a2,bicycle,39.996132,-83.016691,,28.14,True,False,False
Veo,1887996d-bef5-56a6-985e-f82410cedbea,bicycle,39.994679,-83.026914,,6.98,True,False,False
Veo,3fb6f876-177c-5f47-8f64-e416af552ced,scooter,39.980176,-83.007753,,14.61,True,False,False
Veo,5a0ef847-a4b4-5a0a-a669-62bbbd901664,bicycle,39.956728,-82.988001,,14.17,True,False,False
Veo,b2b33aea-9817-5f5e-806b-9053914ca7b1,scooter,39.958546,-83.013698,,28.14,True,False,False
Veo,15c48d88-bfd6-5a85-b739-141e7cfe8fc3,scooter,39.978781,-83.004302,,12.63,True,False,False
Veo,2d47a7a4-039c-5edf-a86b-bdbb9c5a3cbf,scooter,39.957435,-83.012336,,22.39,True,False,False
Veo,95d9cb49-ac85-57c2-a28b-ba8112545a20,scooter,39.996884,-83.020851,,14.86,True,False,False
Veo,dd8b3ef1-fe56-562f-93c3-291be61dcf7f,bicycle,39.904984,-82.961842,,12.63,True,False,False
Veo,1a949a38-5a6d-5e9c-9511-d372bd77051b,scooter,39.974787,-83.070888,,5.27,True,False,False
Veo,076cce9e-4ed9-5f31-b664-2be19eb31b88,bicycle,39.97108,-82.969569,,28.14,True,False,False
Veo,5146ca49-2091-52fb-aff1-217f31a8e37a,bicycle,39.951289,-82.979138,,26.25,True,False,False
Veo,87c7e9ba-e4a8-581f-8fdb-3579b13a9779,scooter,39.956094,-82.94523,,1.15,True,False,False
Veo,39db73d7-843e-5afc-8271-611b33e0d8ee,bicycle,39.978525,-82.996706,,8.78,True,False,False
Veo,631c2616-5a1c-5c2f-aba3-d9e9b0068231,bicycle,39.913259,-82.98192,,27.44,True,False,False
Veo,a5690f91-3279-5a59-a950-537a2230744e,scooter,39.96222,-83.004173,,19.39,True,False,False
Veo,89a1c69f-a0ed-5f2d-bb1b-48ecc2bb7c27,bicycle,39.978401,-83.003737,,25.12,False,False,True
Veo,06af1771-28ea-55c0-a8e0-9347929da625,bicycle,39.989542,-83.005286,,15.89,True,False,False
Veo,ec844494-c05a-55d2-a5fc-6b5e343e136c,bicycle,40.014662,-83.001108,,19.05,False,True,False
Veo,8d9cea21-f0a4-5504-8d95-be0df51b4282,scooter,39.962205,-83.004178,,28.14,True,False,False
Veo,b9ee3040-f086-579c-b575-15bd3f92bd53,scooter,39.987704,-83.006342,,27.77,True,False,False
Veo,6dff5931-416b-5026-a636-cac3213b0307,scooter,40.105981,-83.106284,,4.92,True,False,False
Veo,74f5f970-23a6-56b9-a3c2-2693e17f3299,bicycle,39.970441,-83.004021,,26.25,True,False,False
Veo,6c6d4356-c231-520f-934c-0a3865e0d6d6,bicycle,40.000743,-82.986468,,6.31,True,False,False
Veo,cf0f357c-b2d3-50d7-a6f3-69f4a685a186,bicycle,40.005145,-82.997467,,22.05,True,False,False
Veo,f5d9d95a-03ac-57eb-9d02-bc2e1167708f,bicycle,39.958182,-83.015886,,20.05,True,False,False
Veo,91be1ec5-05e4-5f14-9c4b-bf0fc744793f,bicycle,39.995372,-83.009467,,25.34,True,False,False
Veo,78645165-97d0-5079-99fb-8b8af6404bf8,bicycle,39.984672,-83.004772,,6.98,True,False,False
Veo,1d4adbbd-8cfe-58d0-8179-3a6b8daf56d0,bicycle,39.988797,-83.032947,,10.31,True,False,False
Veo,1d23aaac-3cf2-57f4-b98d-be2234bd865b,bicycle,39.945558,-82.937413,,24.84,True,False,False
Veo,9e48ea2f-d33d-5f43-b348-4ecd8ebf940b,scooter,39.960507,-83.013035,,25.94,True,False,False
Veo,877f0bb0-a5af-59d6-9586-e7b13f23ac85,scooter,39.996148,-83.018141,,27.02,False,False,True
Veo,1c5ac922-7cd3-576b-ae8f-2e3668969815,bicycle,39.941711,-82.996145,,19.39,True,False,False
Veo,4125877d-0278-5e5e-acf2-acf9a6614810,scooter,39.97004,-83.004651,,28.14,True,False,False
Veo,9a03bfbe-e778-5b99-93c8-24bc71991de1,scooter,39.91256,-82.962915,,28.14,True,False,False
Veo,fbc909a4-550e-5b06-9c8e-9d585473e5f5,bicycle,39.946783,-82.997537,,24.06,True,False,False
Veo,9fe875dd-cafb-59d0-bddb-131dff312ca6,scooter,40.000737,-82.986417,,24.33,True,False,False
Veo,eee65d25-e2e8-508d-aeea-1f8bdf6e629b,scooter,39.954567,-83.027076,,22.05,True,False,False
Veo,1ae387e7-e835-5582-8555-1cd34adf57d4,bicycle,39.957996,-83.008171,,19.39,True,False,False
Veo,11de8ee6-58ae-5e2a-b20e-de681f908f72,scooter,39.983739,-83.020715,,8.09,True,False,False
Veo,4d395504-655b-5e7b-889d-8780d913364e,bicycle,40.101608,-83.11555,,1.56,True,False,False
Veo,d9edb137-e117-55d6-a6dd-decd2b70e689,scooter,39.977726,-83.005339,,11.59,True,False,False
Veo,fd572d52-4cad-5f68-a809-01f30c904f11,scooter,39.935013,-82.992778,,17.37,True,False,False
Veo,44260437-d0a4-51ef-86b8-d52290c792e7,bicycle,39.948229,-83.028084,,5.03,True,False,False
Veo,8eb38858-01b6-54c7-82f6-8d5b6b9db8b2,scooter,39.956089,-82.945278,,1.56,True,False,False
Veo,5a063f5e-2ee9-597f-be40-d5e8ec1b14f7,bicycle,40.01073,-82.922422,,12.63,True,False,False
Veo,1e655b47-efd0-5456-8f22-ec14e5318419,scooter,39.95593,-83.003176,,13.39,True,False,False
Veo,5efd3c6b-a062-5a0e-9ed2-906d2831fae2,scooter,39.959116,-82.997779,,11.59,True,False,False
Veo,6bd033d3-b34d-5ac7-9364-033c53b2850f,bicycle,39.990741,-83.000541,,15.45,True,False,False
Veo,85fa18af-51d2-59b9-86c3-062446b4d11e,bicycle,39.957682,-82.998086,,19.05,True,False,False
Veo,a1093cd9-fb70-5e03-bef4-d65f92b5e369,scooter,39.959419,-82.985487,,20.05,True,False,False
Veo,f3d8607d-93a3-51f4-a948-8efc98012d4a,scooter,39.995077,-83.003931,,14.43,True,False,False
Veo,011c28f5-2f95-5c29-a940-d5cc8076a0bc,bicycle,40.064038,-83.057074,,1.15,True,False,False
Veo,943390b1-069b-5fe8-a2b6-2ea3065004d8,scooter,39.949367,-82.98686,,16.84,True,False,False
Veo,d86a7b0c-6d09-5f47-930e-61bce36c9c52,scooter,39.967055,-83.004124,,24.33,True,False,False
Veo,2abbbcf7-dc9d-5b2c-8afb-9624dc84d306,scooter,39.956616,-82.91798,,18.67,True,False,False
Veo,801f7e8d-9501-5c11-99ae-376077ac176c,bicycle,39.979847,-83.023555,,25.74,True,False,False
Veo,f8b118d8-f60e-584d-a3e8-88404694c8e3,scooter,39.967689,-82.911531,,28.14,True,False,False
Veo,fee666cc-62d3-567a-8071-7de08dbf6b0f,bicycle,40.068857,-82.951484,,28.14,True,False,False
Veo,bd0a199a-48b0-5161-a3b8-304679623a9c,scooter,40.003508,-83.019326,,15.89,True,False,False
Veo,d886374c-a5f4-571f-b997-4f569966b55d,scooter,39.950086,-83.00025,,28.14,True,False,False
Veo,2fdbbed7-b4db-5947-999e-410a1874f742,bicycle,39.99393,-82.983365,,19.78,True,False,False
Veo,ac897ff6-d5fb-5625-9316-6f54b6be1d9c,bicycle,39.934346,-82.986152,,24.33,True,False,False
Veo,784af949-8a72-530c-b8c3-2aec91646eb0,scooter,39.962167,-82.986832,,25.34,True,False,False
Veo,4dcdadee-8a92-5c1f-ad21-24358dd42b8a,scooter,39.95693,-82.9951,,22.05,True,False,False
Veo,e2b953d5-a194-51df-91cd-b38ea676abf7,scooter,39.983096,-82.998913,,28.14,True,False,False
Veo,85468119-1355-53eb-8fd3-1d8be13aedee,scooter,40.00526,-83.015485,,6.07,True,False,False
Veo,36b607ae-cb4a-53f6-9639-601daf5c0196,scooter,39.963009,-82.98181,,25.34,True,False,False
Veo,b0bcf068-7782-5350-ab9a-efe27b516144,bicycle,39.973975,-83.001653,,28.01,True,False,False
Veo,95c6887a-e78c-5813-8028-c7590c365a29,scooter,39.996136,-82.951687,,18.67,True,False,False
Veo,b66f8e39-1adc-5931-9227-368087a76ed0,scooter,39.950122,-83.000215,,28.14,True,False,False
Veo,1c234b7e-6cfc-517f-97e2-77f9c2d9faaa,scooter,39.965682,-82.995438,,23.02,True,False,False
Veo,1eb43066-f14f-53ff-9167-19d1bdf41ba1,scooter,39.963693,-83.000742,,25.34,True,False,False
Veo,a2ff2383-1f1e-515a-8014-7b44553bd4cd,scooter,40.103867,-83.108875,,8.78,True,False,False
Veo,897792f6-b53d-5643-b16f-6676174c3f07,scooter,40.010991,-82.986031,,27.02,True,False,False
Veo,65c214e0-5553-59c0-9b7c-04a7da3c61a4,scooter,39.966016,-83.000933,,6.67,True,False,False
Veo,bbf08432-b361-544e-b7a9-70c652abc0f9,scooter,39.971505,-83.006165,,22.7,True,False,False
Veo,cdefc292-10de-5c42-9947-d73cf798e807,scooter,40.111127,-83.121667,,1.83,True,False,False
Veo,f2cb9f18-64de-564a-9bda-bfac06bcfad6,bicycle,39.974856,-82.953874,,28.01,True,False,False
Veo,dc11fb6c-048c-5d5a-9f5e-1436064a07fb,scooter,40.038336,-82.993629,,8.78,True,False,False
Veo,0065aa68-b29d-5556-9699-bdd85aa44dea,scooter,39.937098,-82.982932,,14.17,True,False,False
Veo,e67efb41-73bb-5824-bd43-749d66839ad5,scooter,39.994497,-83.014567,,25.65,True,False,False
Veo,c89aad8c-1ac4-58b2-84de-0a01b539c8c7,bicycle,39.996419,-83.016152,,14.86,True,False,False
Veo,15c07117-bf2d-5dd8-914d-f038d1cda3f2,scooter,39.972815,-82.975085,,13.86,True,False,False
Veo,0ddf6819-5f15-5829-a659-6e33f15ed7e2,scooter,39.969162,-83.003859,,23.33,True,False,False
Veo,ec2ac937-6060-5198-bf2d-8fdcb443a164,bicycle,40.011987,-82.968622,,22.05,True,False,False
Veo,0a3ab61d-1a47-5f8e-ba84-649dec1d3856,bicycle,39.940526,-82.983534,,28.14,True,False,False
Veo,167ebde0-c9f0-517a-9fc8-d991329e4e9e,scooter,39.996894,-83.013057,,14.86,True,False,False
Veo,d831b683-7936-5562-98db-2de71b5da844,scooter,39.993559,-82.981116,,15.45,True,False,False
Veo,8a207b82-f46f-5a1c-8205-405c2f487cf2,scooter,39.941952,-82.994964,,25.65,True,False,False
Veo,da813249-433e-572c-a7d4-278a32e66642,bicycle,39.992957,-82.995201,,27.02,True,False,False
Veo,bcd5358b-ecdd-5b1a-950c-9e8b77140ac1,scooter,40.008556,-82.930181,,11.83,True,False,False
Veo,bf91e740-17dd-5793-9e12-646c14c771e1,scooter,39.95568,-83.053712,,24.06,True,False,False
Veo,2a2d3e05-5765-5325-9b10-c0903a4f9e99,scooter,39.988201,-83.04615,,18.67,True,False,False
Veo,04d01c41-3b23-58b2-82fe-5aa340a7093c,scooter,39.998422,-83.00172,,28.14,True,False,False
Veo,8dcfd01d-26eb-55fb-9f19-e3de00f57615,bicycle,39.954128,-83.019096,,27.44,True,False,False
Veo,4883594f-1556-5436-831d-afc3d2f52e94,bicycle,39.996192,-83.009307,,27.77,True,False,False
Veo,10b264a4-1458-59d7-b859-619b2ec260f7,bicycle,39.998288,-83.01041,,25.74,True,False,False
Veo,37f74e46-fa3b-5949-bba3-10f89ba34ad0,scooter,39.983967,-83.005208,,25.74,True,False,False
Veo,3cc7aade-0131-579d-b073-6b19669a2b10,bicycle,39.96539,-82.982341,,26.78,True,False,False
Veo,f3958d84-cda6-59e0-ae7d-0c429991cb25,scooter,39.948893,-82.962206,,28.14,True,False,False
Veo,c07f1a21-4dfa-51d4-a626-e8ddf01fc952,scooter,39.96308,-83.004268,,28.14,True,False,False
Veo,532ea129-2612-5503-9593-f4dd45242544,scooter,40.103889,-83.109321,,26.78,True,False,False
Veo,2b091139-05f3-5096-9b80-16359a810568,scooter,39.959889,-83.010087,,28.14,True,False,False
Veo,3733a858-1794-5cde-9072-b84b6195cf01,scooter,39.93447,-82.960414,,10.51,True,False,False
Veo,0bffe554-f794-5b2b-8455-226f205bcfa3,scooter,39.974096,-82.971852,,28.14,True,False,False
Veo,c664a999-b394-5e72-858f-fa37c63bd92a,scooter,39.973469,-82.980629,,26.78,True,False,False
Veo,31ff7acc-397b-5028-877d-ad6e30d55971,scooter,39.967405,-83.015622,,14.43,True,False,False
Veo,8bf543b8-ca44-5e87-9858-ac986bbf480f,scooter,39.992248,-83.032525,,5.03,True,False,False
Veo,83e6ec85-c69f-5b8b-8599-dc76bfc76b68,scooter,40.012026,-82.968582,,8.78,True,False,False
Veo,69422669-7eec-5eef-9398-20d608735187,bicycle,39.963619,-82.91298,,24.06,True,False,False
Veo,5d6f9f2e-7835-5ba0-8bd9-fb69787ec4b3,bicycle,39.974045,-83.019605,,0.33,True,False,False
Veo,dc88ec9b-d2f5-58b4-bb22-b9e338694899,bicycle,39.925634,-82.94161,,28.14,True,False,False
Veo,572efacd-59cb-5b0b-aaa5-dd9074559741,bicycle,40.018931,-82.975109,,11.11,True,False,False
Veo,8175e16a-8c7c-5b5b-9783-bfd8d7935193,bicycle,40.06216,-83.056074,,4.19,False,False,True
Veo,b272c638-1520-572a-aed5-dca13c44946f,bicycle,40.001863,-82.976449,,19.39,True,False,False
Veo,a16a4c7a-d838-5ccf-8b82-c31d54febbcf,bicycle,39.994183,-82.935958,,10.51,True,False,False
Veo,5d4c5bab-9ca1-55b8-b760-7de377fffcb0,bicycle,39.959964,-82.965166,,2.12,True,False,False
Veo,43e2790f-fd09-5d28-959f-7002509101ec,bicycle,39.957858,-82.996873,,13.86,True,False,False
Veo,ba7d7276-d7a9-5ef7-ab3e-a5810fcb5945,bicycle,40.013234,-82.948123,,13.64,True,False,False
Veo,3181f73b-6b87-5e5e-b677-838f622f43d5,bicycle,39.990152,-83.005536,,10.51,True,False,False
Veo,3108a12b-1166-5b1f-959d-30ab3ab0a655,bicycle,39.974985,-82.981512,,28.14,True,False,False
Veo,3854d005-a808-5b42-a0d4-88842bab8517,scooter,39.96321,-82.98133,,28.14,True,False,False
Veo,658b5a6a-c51d-5464-826c-352ddc81b89f,bicycle,40.0047,-82.997652,,25.65,True,False,False
Veo,cc96aee2-b3e6-5915-960d-f8c8c9e57ac5,bicycle,40.015471,-82.98255,,23.33,True,False,False
Veo,ca6060ad-7c3b-5b04-8f37-f6c74809f09c,bicycle,40.00009,-82.998132,,22.7,True,False,False
Veo,019d814d-982d-5014-b96d-e4591665a294,bicycle,39.965915,-82.993974,,14.17,True,False,False
Veo,d189b6a2-cce9-5c63-a4f5-d9bd9177ccf4,bicycle,39.972168,-82.993046,,24.33,True,False,False
Veo,94507944-0c03-5e8f-bb3a-f640df49af26,bicycle,39.939403,-83.077426,,25.65,True,False,False
Veo,6999b3af-3aaf-5f7f-9c7c-e4c52e92b477,bicycle,39.984616,-83.011038,,26.78,True,False,False
Veo,62441190-12e9-5950-b746-bf8f036c06b9,bicycle,40.004034,-83.005372,,24.33,True,False,False
Veo,8b857d89-a1b9-59dd-9c3e-667d60e9aff6,bicycle,39.957845,-83.012186,,21.77,True,False,False
Veo,e6318dae-9f60-5035-b441-2de40cf2098a,bicycle,39.955213,-83.012289,,20.37,True,False,False
Veo,d78f31e8-179c-5194-87fa-42963958061d,bicycle,39.969107,-82.978793,,25.12,True,False,False
Veo,52e76ce7-d43b-59e4-9d48-4abff4620f67,bicycle,40.10575,-83.104795,,27.44,True,False,False
Veo,b7faf27c-6185-5132-9cc9-2d64062e37e8,bicycle,39.970318,-83.00219,,28.14,True,False,False
Veo,94c3b1cf-bc86-58e6-b5b6-a664ac3b11c2,bicycle,39.963024,-83.004258,,28.14,True,False,False
Veo,d5c940c4-7390-50c1-bbc8-fd5aa3c2464c,bicycle,40.011563,-82.967359,,24.33,True,False,False
Veo,ccebc117-c64f-5ad1-92d3-b61bbdce108d,bicycle,39.998757,-82.978243,,24.33,True,False,False
Veo,57de6127-2b6c-5ab7-b47f-f83944017a2e,bicycle,39.977945,-83.003686,,24.84,True,False,False
Veo,658502e9-b31b-5464-a029-293a50b454d2,bicycle,40.006221,-83.011952,,3.67,True,False,False
Veo,8de95935-ff9d-5b6d-820b-68c20b83ef63,bicycle,40.01002,-83.008761,,28.14,True,False,False
Veo,2115101d-051b-56d4-8438-6db3daf95f9e,bicycle,39.999898,-83.003001,,28.14,True,False,False
Veo,79c2ae98-1ba7-5b59-ae71-c626fda4b786,bicycle,39.940454,-83.062161,,15.45,True,False,False
Veo,1d29f341-5edd-557c-b01c-6c0c100dd160,bicycle,39.957816,-82.971539,,12.87,True,False,False
Veo,44753212-eb3c-5e16-98b6-454308b0b4c3,bicycle,39.975269,-83.014649,,28.14,True,False,False
Veo,7492059b-71d8-528f-8a04-311b0ba775c3,bicycle,39.995532,-83.013548,,21.15,True,False,False
Veo,740aba3f-e798-5d41-adc9-66bd2e739569,bicycle,39.972112,-82.993094,,25.12,True,False,False
Veo,47d7e5a3-e806-5313-81fd-734ebd8053b7,bicycle,39.965913,-82.9931,,13.1,True,False,False
Veo,14c57a97-4b56-5e65-bd3d-2b1ea0e1088e,bicycle,40.101554,-83.088954,,4.78,True,False,False
Veo,f28cf0de-7aeb-572d-8c90-890756cdb653,bicycle,39.957729,-83.006455,,28.14,True,False,False
Veo,99867cde-b413-5a9f-ab01-22a3f54d0bb9,bicycle,39.943507,-82.996174,,9.65,True,False,False
Veo,808e76a3-d67f-5a7a-8ac2-d13816dd61c0,bicycle,39.997882,-83.007493,,25.12,True,False,False
Veo,2395bb12-aa7a-5e8c-b123-2fbbbd7781ae,bicycle,39.951634,-83.076545,,25.34,True,False,False
Veo,9f975e12-c0e4-5c5b-aa21-2a978e49808f,bicycle,39.958019,-83.012422,,28.01,True,False,False
Veo,eb79bb01-0f0b-5679-ad83-ab0ef7cc42df,bicycle,39.99728,-82.995956,,9.02,True,False,False
Veo,5626b573-ae83-522c-8d10-a236b11e386c,bicycle,39.990627,-83.001826,,15.18,True,False,False
Veo,b3e4d88a-d7da-5467-a5a6-c62642b143f2,bicycle,39.986063,-82.981845,,7.62,True,False,False
Veo,1bf64d19-e074-5e53-bc5e-cfbda2ca8941,bicycle,39.953518,-83.090572,,26.78,True,False,False
Veo,3ba51399-d088-5604-815a-c9576bb22fc0,bicycle,39.994668,-83.008997,,28.14,True,False,False
Veo,05860955-db69-5372-804f-184881722814,bicycle,40.100589,-83.120044,,9.65,False,False,True
Veo,b7039572-84d2-5eef-8181-0f2e11cf90c9,bicycle,40.003304,-82.999199,,28.01,True,False,False
Veo,20a629f3-cfdb-5911-8f6b-acad5d3fc128,bicycle,40.100359,-83.109243,,18.67,True,False,False
Veo,d3bcdbb7-fb63-53e1-a578-dc068de11f8d,bicycle,39.944842,-82.980868,,28.01,True,False,False
Veo,d01690c5-3a6c-548a-81cd-5654026c31e1,bicycle,39.958001,-82.997235,,13.39,True,False,False
Veo,6216e165-aebb-5ea0-b5f3-61085af9037a,bicycle,39.997857,-83.029808,,25.65,False,False,True
Veo,badad5c7-71fc-5249-a6f1-10984a30097d,bicycle,39.925681,-82.941643,,28.14,True,False,False
Veo,dba8f6fa-fdfd-56d2-9eb6-233d46e7f680,bicycle,39.958046,-83.012426,,27.44,True,False,False
Veo,da36951b-b14e-5876-adfd-8ed4e739b50a,bicycle,39.992178,-83.019611,,2.79,True,False,False
Veo,ce347215-6361-5abc-a2b6-7ed291bcc6d3,bicycle,39.956851,-82.973497,,28.14,True,False,False
Veo,89fc3fd8-2692-5f1a-aed0-7632d7c48813,bicycle,40.019447,-83.013028,,16.39,False,True,False
Veo,4589b11c-0f70-5a32-9475-2ac536e5f247,bicycle,39.953312,-83.031003,,9.97,True,False,False
Veo,ce6b5e9e-d660-52a4-a684-6c12b0e2a952,bicycle,39.964921,-83.002936,,11.34,True,False,False
Veo,23429bc4-9e73-51a4-aefe-f69150bfbb28,bicycle,39.921367,-82.950473,,13.64,True,False,False
Veo,2aff3291-5072-5751-9d71-a78d4834511b,bicycle,39.949755,-82.970852,,10.51,True,False,False
Veo,7847b845-be37-5094-a337-6dbaf0190c0a,bicycle,39.954265,-82.901074,,25.34,True,False,False
Veo,0e11f2ba-052b-5eff-91d5-03396e6c9ad7,bicycle,40.00459,-83.011467,,1.83,True,False,False
Veo,c9c09e61-4308-5d2d-a805-84ea0065eb81,bicycle,39.941837,-83.067802,,28.14,True,False,False
Veo,46fe38c5-0d5a-56ca-a1c6-49f2de0da214,bicycle,39.963277,-82.953215,,25.74,True,False,False
Veo,65d79fc2-22af-5305-8ac7-e33c595da924,bicycle,39.969451,-83.017591,,9.97,True,False,False
Veo,a76dbee0-45e3-56f0-9c94-a6aa2fa63e30,bicycle,39.971825,-82.975473,,24.84,True,False,False
Veo,e840e7ee-68f1-5517-9bda-b95ad41eb95c,bicycle,40.005535,-83.013838,,9.02,True,False,False
Veo,1743e1ce-63ea-5db4-be32-d44708acc3f8,scooter,39.99522,-83.007069,,10.79,True,False,False
Veo,56019a26-cb96-5c47-8d77-1f668a782f13,bicycle,39.962613,-82.976868,,28.01,True,False,False
Veo,3796aa31-3376-5d88-9dec-1a196196b372,bicycle,40.014478,-83.000222,,25.34,True,False,False
Veo,d1caf2d1-3729-5223-acda-a4ea68901bdb,bicycle,40.084292,-82.988383,,27.77,True,False,False
Veo,5a1fb512-2b5f-5f37-9d4a-25bb59afe1c7,bicycle,39.955216,-83.001264,,28.14,True,False,False
Veo,ef3f89bd-f0b5-5509-8c0d-7b8e6318cb05,bicycle,39.978812,-82.993497,,10.79,True,False,False
Veo,514a88fc-a00a-5e07-a21c-4e05a11f8db1,bicycle,39.972922,-83.050574,,22.39,True,False,False
Veo,9a6308c3-8bdf-5b3d-b0c0-41f162310261,bicycle,39.956016,-82.945361,,26.25,True,False,False
Veo,c4da0d0c-96d1-53b1-8c74-ed6c8fc64c2f,bicycle,40.014295,-83.011115,,27.77,False,False,True
Veo,7f50991b-3c3c-528b-8b33-536d782b2293,bicycle,39.974081,-82.970173,,1.83,True,False,False
Veo,2522d869-9f23-5a48-babc-e35acc413c74,bicycle,39.988763,-83.050282,,25.65,True,False,False
Veo,bc3e592d-70db-5696-a7c3-9e4bcebe10c2,bicycle,39.95597430937981,-82.90994889784977,,13.86,False,True,True
Veo,6de87bea-fe33-5760-b015-abc78bfe2f67,bicycle,39.95846,-83.021532,,28.14,True,False,False
Veo,8b3955f1-d03a-5978-8585-19f117f23e24,bicycle,39.946977,-82.914274,,27.44,True,False,False
Veo,9d2ba53c-ff60-5651-96eb-c0c2cf4b589e,bicycle,39.949337,-82.995434,,20.37,True,False,False
Veo,c604ec07-fcec-5498-bc9f-1bf38a84a650,bicycle,39.985772,-82.910361,,13.86,True,False,False
Veo,24fe9fe3-18aa-50d1-bbc8-facea7697166,bicycle,40.022974,-82.965144,,27.44,True,False,False
Veo,dc39e427-3184-5ed7-a9bf-5f4acc213802,bicycle,40.016426,-83.011493,,1.83,True,False,False
Veo,178b790e-da95-521f-b59f-7c124b3f60a8,bicycle,40.003048,-83.03848,,2.12,True,False,False
Veo,dbcf4dc5-a69e-59ef-8a13-a2b4529089d1,bicycle,40.012264,-82.971369,,28.14,True,False,False
Veo,431e482c-f43e-5d4a-8fcb-f682956a26fd,bicycle,40.065401,-83.09606,,1.56,True,False,False
Veo,9ae3fec8-90aa-5a81-9215-522515a310a5,bicycle,40.00696,-83.026389,,28.14,True,False,False
Veo,efc12903-e3a7-5c37-89d4-79dff389a433,bicycle,39.951262,-83.010823,,25.12,True,False,False
Veo,644dc486-5f15-5636-b7fd-ae0a4b386221,bicycle,40.002524,-83.000449,,23.02,True,False,False
Veo,36c4d1df-1627-5316-bfbc-5823e0c5dd8a,bicycle,39.984625,-83.007087,,24.33,True,False,False
Veo,e156f2d0-685c-59db-94d4-1c38fb185fcc,bicycle,40.006648,-83.021166,,15.45,True,False,False
Veo,bff8a2df-c4da-5ec1-a85c-90eb646e1c9a,bicycle,39.962913,-83.002965,,14.43,True,False,False
Veo,8e521e6c-62e5-52a4-91de-d7b5e404613d,bicycle,40.102966,-83.08895,,20.05,True,False,False
Veo,cc12159d-66ef-545f-a62b-8a1cbcc1283a,bicycle,40.100604,-83.115527,,6.07,True,False,False
Veo,898117e2-c128-5fd3-88df-00f34eee5027,bicycle,39.998767,-82.978214,,5.44,True,False,False
Veo,aa803207-7e70-5dc3-ab32-0503334693b9,bicycle,39.998881,-82.986016,,11.83,True,False,False
Veo,2335b820-fe19-5773-b8af-52530ed3014c,bicycle,39.956917,-82.942755,,13.64,True,False,False
Veo,ff5fe054-6a0e-53d0-97cf-cdcbf70b9626,bicycle,40.103922,-83.108697,,2.55,True,False,False
Veo,11fd174e-0fd8-5be5-994d-0f22337dc536,bicycle,39.952256,-83.078811,,7.29,True,False,False
Veo,d9d796a3-4aa7-5b22-8795-999885e516f7,bicycle,39.976962,-83.002693,,14.86,True,False,False
Veo,41d5cbca-cf80-5509-8a82-80b67d4b7d67,bicycle,39.97343,-83.00462,,19.78,True,False,False
Veo,de2fc6be-f52d-537c-a059-9ed0e68c30c5,bicycle,39.959955,-83.005046,,25.12,True,False,False
Veo,e07f16e4-a464-5fa5-84e4-768fd94945f6,bicycle,40.108236,-83.152348,,23.77,True,False,False
Veo,29becd10-1b0f-5310-99e9-7ebb79fe93b1,bicycle,39.96874,-83.001834,,13.64,False,False,True
Veo,e2343d47-6bbe-5d48-8b8c-fc3422346ce8,bicycle,39.946695,-82.9051,,13.39,True,False,False
Veo,313f805f-c950-54a0-aba9-f197e5b5f876,bicycle,40.058984,-82.913503,,28.14,True,False,False
Veo,e67e74f8-c059-57f6-b317-7a3860ee2cda,bicycle,40.103054,-83.110644,,13.1,True,False,False
Veo,7cf11ab3-4269-56c9-96fc-06e93fae5bd5,bicycle,39.999496,-83.020706,,4.19,False,True,False
Veo,829a7410-9075-51f3-9b5b-6f41eb78cd4f,bicycle,39.958017,-82.997279,,14.17,True,False,False
Veo,6c98c469-7cd3-532d-b0aa-b7171e616df8,bicycle,40.001805,-82.999037,,28.01,True,False,False
Veo,33dc70af-a8c7-5234-a7b5-d2102324bf56,bicycle,39.967828,-82.949677,,25.65,True,False,False
Veo,006708a9-2f01-5762-9c93-e43eec4b4dd3,bicycle,40.087261,-83.106864,,15.45,True,False,False
Veo,b3b84180-9586-5d9a-b722-e0f6001e9065,bicycle,39.92852,-82.950228,,18.19,True,False,False
Veo,23aae7f4-efa7-5472-915f-b626fc37b200,bicycle,39.981855,-82.992704,,26.25,True,False,False
Veo,48fc53f2-a8d3-5e25-b2d3-99260e401900,bicycle,40.01897,-82.964773,,5.59,False,False,True
Veo,7e309582-2f99-57b1-9aef-a537207bf707,bicycle,40.002392,-83.000049,,24.84,True,False,False
Veo,b903bbc3-b749-5317-a3e1-41e17d9227ff,bicycle,39.957868,-82.968178,,22.39,True,False,False
Veo,c24d9372-ec44-5038-bef4-04dbc6fa7b95,bicycle,39.95712,-82.938096,,22.7,True,False,False
Veo,ce984446-a380-53e5-9754-04ea108fcd78,bicycle,39.958557,-83.002627,,28.14,True,False,False
Veo,6c86677f-842f-5406-8c4c-c67fd32ab879,bicycle,40.016618,-82.98139,,9.02,True,False,False
Veo,5d381c1b-7553-5265-9e9d-1ed68ae35073,bicycle,39.994711,-83.005753,,25.34,True,False,False
Veo,39187ffb-338f-5264-bb79-70d7b619cae1,bicycle,39.953342,-82.972459,,28.14,True,False,False
Veo,d75e441d-9546-587e-ba9d-8d894f75ced7,bicycle,39.981871,-82.879166,,27.77,True,False,False
Veo,714e3eab-7964-5183-b512-2c3ae2555d5b,bicycle,39.964587,-83.004298,,12.63,True,False,False
Veo,38578926-8cb3-5d64-b885-6a4e57e9c8eb,bicycle,39.944981,-82.981803,,25.74,True,False,False
Veo,3c0295df-e6ff-5642-bca3-19a248abfa9e,bicycle,39.956066,-82.945276,,28.14,True,False,False
Veo,cfefb974-a28c-5167-945a-74a25573480b,bicycle,39.937644,-82.959569,,28.14,True,False,False
Veo,f09b7186-8efd-5af7-bd35-708c84c87817,bicycle,39.959658,-83.000227,,25.65,True,False,False
Veo,6769711f-4336-5889-a076-03e8952180e0,bicycle,40.102443,-83.108734,,4.19,True,False,False
Veo,b06cd050-c501-5386-bbbf-4f5b8656dfa8,bicycle,40.079188,-83.118978,,15.45,True,False,False
Veo,93f200fa-98e2-5b60-a2fd-b5bb5b4d1b7c,bicycle,40.023606,-83.026006,,25.65,True,False,False
Veo,a2a228a8-fc18-5ad6-aa73-be1edaa991c5,bicycle,40.011498,-83.003313,,2.55,True,False,False
Veo,279f8748-e4f1-5b6d-b4c2-08b375090a89,bicycle,40.034939,-82.956302,,23.02,True,False,False
Veo,ded7d72c-4ef0-5f83-bb2c-f57ec4eb32dd,bicycle,39.968757,-82.967318,,11.83,True,False,False
Veo,ad727712-6f49-556d-8f29-a975a61bc7f4,bicycle,40.103089,-83.109738,,1.15,True,False,False
Veo,c0d61a5e-07ca-584f-99c4-aeea9c0b63bc,bicycle,40.00983,-82.946779,,2.55,True,False,False
Veo,fcf213ed-cb90-54a9-8714-6e93f27db844,bicycle,39.972465,-82.993436,,22.05,True,False,False
Veo,3d2b3299-34f4-5028-ae5e-47473a5bb526,bicycle,40.005378,-83.016565,,24.06,True,False,False
Veo,cbe34f6c-a648-58bc-ab57-34b03a353624,bicycle,39.96328,-82.953238,,28.14,True,False,False
Veo,43c26cd4-23e8-568d-b403-694174a3b944,bicycle,39.956298,-83.097479,,7.62,True,False,False
Veo,2764604b-1931-5e3c-b627-ee58464b4dba,bicycle,40.011985,-82.96856,,28.14,True,False,False
Veo,5826a1b7-1c1c-5b79-be85-de8b9f7f3f33,bicycle,39.949844,-82.982596,,28.14,True,False,False
Veo,65a83fd6-1102-5150-a3b2-02d1bd93bb26,bicycle,40.040878,-83.020564,,11.11,True,False,False
Veo,edbd3242-6ae1-5a75-8d04-5fe2a092e078,bicycle,39.969637,-82.966712,,8.78,True,False,False
Veo,608610de-399e-50bb-80f0-d052a65569eb,bicycle,40.041395,-82.945005,,21.77,True,False,False
Veo,1ed69eff-757e-519a-9469-8635202600d5,bicycle,39.935029,-82.992864,,28.14,True,False,False
Veo,8e5517e7-f944-5bb6-bf90-58574ac05d93,bicycle,39.98082,-83.10332,,16.39,True,False,False
Veo,7fd9dd15-9f72-5ac4-b7e5-c394f8045954,bicycle,40.030188,-82.960747,,28.14,True,False,False
Veo,9f48ebdb-09b1-5f39-ba75-6316bd14902e,bicycle,39.994093,-83.005751,,6.31,True,False,False
Veo,d4e195de-d054-5fb9-8cef-ce66ca4a7504,bicycle,39.967851,-83.011271,,20.78,True,False,False
Veo,653d5219-bae6-5412-9cd9-4295ea3ae32e,bicycle,40.021136,-82.975589,,8.09,True,False,False
Veo,0a397cfb-719d-5a75-9e0b-3acafa4d1b89,bicycle,39.902936,-83.056889,,1.15,True,False,False
Veo,352721f9-0233-517b-9072-cbc481332ab1,bicycle,39.99728,-82.995839,,6.98,True,False,False
Veo,82d9a81e-715d-536d-9646-70257f7b8a76,bicycle,39.951297,-82.97924,,23.02,True,False,False
Veo,7b5776ec-f7a4-5404-a7b7-df738d335813,bicycle,40.108849,-83.018008,,2.12,True,False,False
Veo,4545c4b7-a19b-5895-9529-9dc3329b045e,bicycle,39.982787,-83.004705,,28.14,True,False,False
Veo,f5545e0d-45f3-582f-a363-418a1a698070,bicycle,39.952576,-82.981109,,28.14,True,False,False
Veo,b7dbd8bc-5ab4-523d-b977-314500a938a6,bicycle,40.106861,-83.081528,,25.65,True,False,False
Veo,1647c1cc-b99a-5c64-a678-e0ab4a13e402,bicycle,39.924549,-82.936799,,26.51,False,True,False
Veo,239012c0-aefe-5ad9-ae0c-bf4e38ca4032,bicycle,39.985368,-82.999207,,12.52,True,False,False
Veo,c979f6de-27c6-5c85-a150-6125fc8e6f81,bicycle,39.897416,-82.976629,,9.97,True,False,False
Veo,ec5017a2-2c21-55f3-8988-aa409cc5a3e8,bicycle,39.943677,-83.045607,,28.14,True,False,False
Veo,c835e8f9-0f17-5306-a921-ac5178b1cc65,bicycle,39.973449,-83.00461,,13.86,True,False,False
Veo,db759fba-4416-5e6b-a343-03267839ffdb,bicycle,40.017219,-83.047907,,24.84,True,False,False
Veo,cf798fa3-cdd9-5179-9af3-e9067d786f72,bicycle,39.982762,-83.004704,,25.34,True,False,False
Veo,4a5254a0-8d5e-5747-bc5b-a052484bbe09,bicycle,39.98811,-83.028619,,2.79,True,False,False
Veo,88deefac-6d5d-58a4-8643-63d5acdf2d61,bicycle,40.102208,-83.109599,,15.89,True,False,False
Veo,2766d35b-8c65-53a6-9bfe-a96b5d41ac83,bicycle,39.996569,-82.97579,,12.52,True,False,False
Veo,b8564318-c3ef-5464-ba29-a5c2c7d51980,bicycle,40.008307,-82.963481,,11.59,True,False,False
Veo,e23bf35c-20d8-5998-9eac-084601246129,bicycle,40.002328,-83.003668,,28.14,True,False,False
Veo,797a0e4f-9f25-5bd3-8566-913e3ff943b8,bicycle,39.940956,-82.97231,,19.78,True,False,False
Veo,19bb55f9-5c7c-5372-b933-d007e73221c8,bicycle,40.100274,-83.117296,,24.06,True,False,False
Veo,79c9ec9f-2d34-5b71-9786-74d11564eb6b,bicycle,40.000751,-82.986352,,17.89,True,False,False
Veo,87db67fc-3ffe-5121-b286-c83d89a1a9ae,bicycle,39.985189,-83.005415,,23.02,True,False,False
Veo,7cf366c7-e62d-5515-8435-249ab104841f,bicycle,39.951332,-83.051898,,26.78,True,False,False
Veo,d149a813-6a32-56e1-9aef-a4762c1e2350,bicycle,40.050566,-82.977886,,24.33,True,False,False
Veo,977d6d99-16aa-597e-8e07-e9923bca6e0a,bicycle,39.957721,-82.95786,,7.62,True,False,False
Veo,4cb3c327-f026-557f-9907-a3a55e6d58b4,bicycle,39.969198,-83.003786,,15.18,True,False,False
Veo,be15f20d-22eb-5b60-a413-eb1c2d4c0013,bicycle,40.00324,-82.998978,,21.15,True,False,False
Veo,33e6d247-271b-56ab-abe6-00e4c89e1f98,bicycle,39.989178,-83.007025,,15.45,False,False,True
Veo,b2eb1da0-e787-52c0-a299-72b9284d332e,bicycle,39.952697,-82.981146,,26.51,True,False,False
Veo,cd47d87b-2ef6-5ea3-8cda-48e81b491fc3,bicycle,40.048448,-82.99994,,12.87,True,False,False
Veo,c0cd2384-a9c6-51d4-b299-06434bd991a5,bicycle,39.977717,-82.969355,,23.02,True,False,False
Veo,890f135a-dd2f-5054-94b2-969402684a7b,bicycle,39.934124,-83.062486,,28.14,True,False,False
Veo,d28391eb-96ec-55ca-83f5-3f7df5da0b2e,bicycle,40.062462,-82.974413,,7.29,True,False,False
Veo,74810bc8-afa0-5414-b49d-a5ed84f621a3,bicycle,39.93935,-82.913052,,27.02,True,False,False
Veo,c4f2fd92-c703-5a9b-8d47-8191b311b5ec,bicycle,39.991524,-83.041688,,22.05,True,False,False
Veo,b106df10-9197-5756-a90b-2ef855ac49dc,bicycle,39.951546,-83.03628,,22.05,True,False,False
Veo,80fbaaae-bd39-5257-9698-ddc655856aa7,bicycle,39.955529,-82.97021,,28.14,True,False,False
Veo,7b9c00b8-e2c5-58f9-98fb-bd493acc2ee8,bicycle,39.943664,-82.99441,,26.25,True,False,False
Veo,4fb331a7-13f9-5456-bd43-f412b058b575,bicycle,39.954279,-82.999056,,14.61,True,False,False
Veo,eb0e9531-85d4-5f18-9a92-17b225136633,bicycle,39.942361,-82.971953,,13.86,True,False,False
Veo,991823a0-4e76-566b-aec5-a81c6f745071,bicycle,39.957687,-82.998128,,20.78,True,False,False
Veo,0ba0d9ef-40a7-5b53-82ea-2e743092d2ef,bicycle,39.964714,-82.959785,,25.65,True,False,False
Veo,0e1a56f9-8546-51f3-8960-8aaa416bf8cd,bicycle,39.953597,-83.111992,,21.77,True,False,False
Veo,0d253915-1ece-51dd-a101-bd4431ec04cc,bicycle,39.972167,-82.968572,,28.14,True,False,False
Veo,1f002214-de12-54fe-aee7-d665d8a47300,bicycle,39.987221,-83.005464,,10.51,True,False,False
Veo,a739e95d-0023-5eb9-9495-6c79cbcb4885,bicycle,39.945738,-83.059961,,21.49,True,False,False
Veo,c7e0adf6-e0b3-5073-8f11-04e3a0f0924c,bicycle,39.963574,-83.000697,,14.43,True,False,False
Veo,22d080c4-d6cd-5b01-96d4-d78142240c93,bicycle,40.001865,-83.008848,,3.13,True,False,False
Veo,549efce8-ff1b-52f3-bdf8-953c2e77f367,bicycle,40.003291,-83.009839,,24.06,True,False,False
Veo,9c2c2e8a-95dc-5921-9726-134b25d4f56a,bicycle,39.95891,-83.013825,,28.14,True,False,False
Veo,280bbd56-1e76-51e8-86e3-e16bd4065e9a,bicycle,39.958146,-83.015902,,28.14,True,False,False
Veo,a7132e64-4cca-5daf-ac65-e70c6837d6b7,bicycle,39.95954,-83.000075,,25.12,True,False,False
Veo,189b4406-eaed-52ad-8a84-4774249f275e,bicycle,40.006497,-83.015974,,9.97,True,False,False
Veo,a6ecf5b8-0a07-5066-9bcb-67c178138b71,bicycle,39.968182,-82.954732,,25.65,True,False,False
Veo,ceeeea91-a1ea-572e-b3e3-071e701bb5b8,bicycle,39.975287,-83.014642,,25.65,True,False,False
Veo,0822d016-51dd-5fb1-8b9a-adf9dcb9faca,bicycle,39.935579,-83.014211,,14.43,True,False,False
Veo,16c67f00-cf32-5933-a88e-f0cb9f1f501e,bicycle,40.005302,-83.016093,,28.14,True,False,False
Veo,2dc1b88d-08cd-51ad-9dc5-e74eb49bca08,bicycle,39.994151,-82.936007,,19.05,True,False,False
Veo,527e63d9-2fc6-530f-95d2-69e616685fce,bicycle,39.96905870531153,-82.9997938057508,,28.01,True,False,False
Veo,36bef186-ebeb-5ea0-be2a-17e8b506b015,bicycle,40.00266,-83.004801,,21.15,True,False,False
Veo,9766da7f-ee8e-556e-b53c-dd49292162e3,bicycle,39.898103,-82.998751,,2.12,True,False,False
Veo,f0878d15-8bc7-55f5-b634-adc8e9c553ab,bicycle,39.981169,-82.999083,,27.44,True,False,False
Veo,71b599c5-4ee7-51f0-9812-e5f5fe9ac64c,bicycle,39.946632,-83.000224,,26.25,True,False,False
Veo,5f203534-f6a5-5657-bbd2-1ac11a5333e7,bicycle,39.941494,-83.062736,,2.79,True,False,False
Veo,edc43518-04c4-5a29-a4de-dd3c9f32589f,bicycle,39.949276,-82.986784,,23.02,True,False,False
Veo,7952a83e-c96d-50b8-8cfd-2302cbbfa56b,bicycle,40.061598,-83.019568,,25.94,True,False,False
Veo,e53eb825-b384-5293-b8b4-48ff45014585,bicycle,40.020385,-83.006282,,12.63,True,False,False
Veo,371318a1-9742-59a5-ac41-aa7880b12a35,bicycle,40.034921,-82.956262,,22.7,True,False,False
Veo,930b7d23-70a0-50b8-9d4e-3d1cb0617235,bicycle,39.947183,-83.056834,,3.48,True,False,False
Veo,67b7daec-5789-5ab4-b5ac-e1505c8bcf4b,bicycle,40.003485,-82.998519,,21.49,True,False,False
Veo,a8ca3c55-5d22-51ce-b4bb-b411b4df4e2f,bicycle,39.958155,-83.015864,,27.77,True,False,False
Veo,0db68cfe-9df9-51ad-b2b9-1d891bc91cc8,bicycle,39.94397007004558,-83.06979769099699,,10.51,False,False,True
Veo,96f44708-e562-5c11-aa87-211bd591bb9e,bicycle,39.98201,-83.01118,,28.14,True,False,False
Veo,b920c45a-d4bb-5405-a89e-4a01c4677af3,bicycle,39.969424,-82.990473,,15.89,True,False,False
Veo,cda1d7af-212a-5c2b-95c7-1cb5dfb40d18,bicycle,39.975668,-82.972533,,27.02,True,False,False
Veo,43d142a0-7d3f-53ab-bc17-e67a5ef08ab5,bicycle,40.031522,-82.986871,,12.52,True,False,False
Veo,4d51af69-80e0-54cd-805d-0df155208da8,bicycle,40.003226,-83.017936,,26.25,True,False,False
Veo,4a8655d6-209c-553f-8f8a-33ee4d9cce45,bicycle,39.927925,-82.964442,,24.33,True,False,False
Veo,e90517fb-d753-5e81-b70c-2558e7d8b066,bicycle,40.060334,-82.976528,,9.97,True,False,False
Veo,dda72923-a5af-5659-ab56-e579c83ba075,bicycle,39.96426,-82.998598,,26.51,True,False,False
Veo,c4d0186f-74a4-5a6f-bf42-350b542cf39d,bicycle,39.935884,-82.988866,,28.14,True,False,False
Veo,0cc5b760-b5d7-5515-90a9-22d8a0d679e9,bicycle,39.971895,-82.977978,,14.43,True,False,False
Veo,1a7c929c-9106-51dc-81a7-44ab9b840d30,bicycle,40.011993,-82.968602,,14.86,True,False,False
Veo,655e6b28-4a5d-5e78-ac9d-90d0c4b4c1a4,bicycle,40.09834,-83.079498,,25.65,True,False,False
Veo,8310c9cf-aa90-5886-b936-b91f40e34b9f,bicycle,39.99405,-83.00154,,25.12,True,False,False
Veo,c8ba452d-d904-5fe7-8da6-bbe1207dca10,bicycle,39.957842,-82.896795,,28.14,True,False,False
Veo,6aa6ee74-605a-5245-a3dc-9600f05ecf01,bicycle,39.943227,-82.967616,,19.39,True,False,False
Veo,a8409272-bb07-5925-9397-99ab4a2400d7,bicycle,39.933191,-82.980653,,9.65,True,False,False
Veo,e0f163dd-4525-54f9-84d9-1aab6618697a,bicycle,39.968257,-82.977678,,4.92,True,False,False
Veo,25228d34-1bb8-5364-b8ac-f67ece31f24f,bicycle,40.053404,-83.016521,,7.62,True,False,False
Veo,c9ac58c9-e081-5616-a1cd-a62ebbb3a921,bicycle,39.959903,-83.005035,,14.17,True,False,False
Veo,bc2ab235-9005-5b1e-b4d0-efd64ea6e262,bicycle,39.987088,-83.003394,,14.86,True,False,False
Veo,341af63f-0aa7-5f28-b0ce-a0fad2df49d6,bicycle,39.992055,-82.998439,,18.19,True,False,False
Veo,90b01d3f-ca24-5ac3-853c-e91e39d1f567,bicycle,39.988701,-83.005866,,4.14,True,False,False
Veo,557c54aa-bf7c-5b6b-9333-2f4c9c20bd15,bicycle,39.9777,-83.01514,,24.06,True,False,False
Veo,016fd102-26a0-5462-9641-4dbfc76016bc,bicycle,39.977381,-82.973988,,24.84,True,False,False
Veo,960a7554-c7db-5dfb-a54b-c7987aff325b,bicycle,40.007307,-82.979457,,8.78,True,False,False
Veo,35ff1a14-313c-5393-9bde-ce08fcb8e854,bicycle,39.963403,-83.000592,,13.39,True,False,False
Veo,48c6154a-07ed-512c-89da-80249da34832,bicycle,39.969436,-82.938247,,17.37,True,False,False
Veo,19e8e05a-a8cb-59fd-8b33-2ffbd4275600,bicycle,39.946611,-83.000219,,24.06,True,False,False
Veo,8fefbf8d-d229-597e-a11f-5b2cb022441a,bicycle,40.00074,-82.9864,,27.77,True,False,False
Veo,0179bf07-696e-59a0-9a31-33c1d905df83,bicycle,39.993433,-82.998535,,28.14,True,False,False
Veo,19de0134-114c-55fc-a182-fc951fd6d653,bicycle,40.001471,-83.007303,,5.59,True,False,False
Veo,f1a0912a-d1c9-5e02-8b31-531a5f829505,bicycle,39.997139,-83.048112,,25.74,True,False,False
Veo,5523517d-3efe-5b80-bff5-ca50d594f6da,bicycle,39.983503,-83.012208,,6.07,True,False,False
Veo,fc0095c0-b4fe-58a2-8bfc-5cc6c9065b99,bicycle,39.967801,-83.012484,,22.7,True,False,False
Veo,79514abe-4fc6-5a7a-bbe3-931aa51802c2,bicycle,40.009542,-83.002448,,28.14,True,False,False
Veo,78c4e2ce-afa5-5de2-b0d7-e7dec061b684,bicycle,39.954087,-83.016635,,28.14,True,False,False
Veo,9bb1c365-81bb-5bd3-8583-3aa018056b9e,bicycle,39.938955,-83.096931,,10.31,True,False,False
Veo,ba6766ee-a9d5-5c24-93f8-eab6cdc1b5cc,bicycle,39.98599,-82.986256,,22.05,True,False,False
Veo,a083f630-3373-5db0-9bf0-5875a5feb90e,bicycle,40.014674,-83.000151,,22.05,True,False,False
Veo,a1f0bfc2-7911-52db-9dd0-5dd5ae04eb71,bicycle,40.009648,-83.006294,,14.61,True,False,False
Veo,a72267e3-1c91-5a13-9017-48e278cd9a41,bicycle,39.963269,-82.953238,,28.14,True,False,False
Veo,df559b21-5d34-54ae-aada-2f55c9295f53,bicycle,39.943069,-82.98302,,27.77,True,False,False
Veo,b30ba665-637d-5ae0-99e0-9f5837d20326,bicycle,39.931382,-82.994817,,15.45,True,False,False
Veo,262168f5-b267-5197-8f3f-e9c56365bdf6,bicycle,40.001785,-83.002316,,19.05,True,False,False
Veo,ed1f994d-6c82-52db-91a0-e94bd9d63bd4,bicycle,39.98655,-82.994684,,23.02,True,False,False
Veo,22c7fbb8-62c1-555b-b4ad-f1192cd16fb7,bicycle,39.956315,-83.01199,,20.78,True,False,False
Veo,7d62f630-466c-5a9f-b688-1cce11bcf495,bicycle,39.960208,-82.999822,,28.14,True,False,False
Veo,99dd6fe4-f25d-5ac4-82e2-97f9c3870fc8,bicycle,39.964806,-82.99933,,25.65,True,False,False
Veo,ce8f1bce-9101-5857-a40c-90e1b7bd8ec1,bicycle,39.966177,-82.975134,,19.05,True,False,False
Veo,ce6fa597-cf88-5f09-9286-4cc53ad079a1,bicycle,39.97077,-82.975697,,12.07,True,False,False
Veo,0165141f-35d3-5b79-96cc-09ae52d747e4,bicycle,39.955829,-83.014537,,3.48,True,False,False
Veo,e6d6c3e5-a906-5723-a32a-2031d429f53c,scooter,39.983901,-83.003909,,21.77,True,False,False
Veo,7e798e34-a3e5-58a0-b540-b0a50e7cbde6,bicycle,40.13135,-83.094414,,24.84,True,False,False
Veo,ce396194-3c6d-59c7-af87-9c11cce1a661,bicycle,40.066498,-83.020015,,28.14,True,False,False
Veo,06b5f5f4-92b5-5dbb-9492-b5f90c737d05,bicycle,40.002134,-82.949536,,18.67,True,False,False
Veo,e18e6f92-43f8-5bf6-94c6-ae6406ee74f9,bicycle,39.980301,-83.080382,,23.77,True,False,False
Veo,500cfdb8-21c2-5ea8-9821-8562402d92f3,bicycle,39.930509,-82.99334,,28.14,True,False,False
Veo,8f984715-0be7-57d1-8dca-f62992ff352f,bicycle,40.103878,-83.10867,,1.56,True,False,False
Veo,68fabdc4-005b-558b-a396-45e88d02f451,bicycle,39.957761,-83.00354,,21.15,True,False,False
Veo,338a02ec-5301-5ae2-9a37-596963037b52,bicycle,39.965015,-82.990261,,28.14,True,False,False
Veo,e611d12e-42ea-578a-8943-ec3a21fb9a8c,bicycle,40.000288,-83.021974,,28.14,True,False,False
Veo,dae63a68-81dd-5073-ac66-7c2ff80804df,bicycle,39.985901,-82.92834,,28.14,True,False,False
Veo,4d542108-3e90-59b7-bef9-74d8bf366e57,bicycle,39.96423,-82.991312,,6.67,True,False,False
Veo,a4c78b7d-9283-5152-b855-96cf26853dce,bicycle,40.006857,-83.01671,,15.18,True,False,False
Veo,463de91d-37f4-59c8-b097-8554d155b149,bicycle,40.014645,-83.000151,,25.74,True,False,False
Veo,af06a22b-3f88-510a-86c1-9e3627d22fb7,bicycle,39.965393,-82.991369,,4.78,True,False,False
Veo,4ca854a5-317f-515c-9335-4686753fb4da,bicycle,39.9579,-83.00595,,28.14,True,False,False
Veo,485f4022-6638-512e-944e-704d8f0d409b,bicycle,40.011949,-82.968556,,24.06,True,False,False
Veo,82a2954c-a2ed-5be1-89c6-ea1cc68b62ee,bicycle,39.954663,-82.989402,,14.43,True,False,False
Veo,d6369046-c7eb-5b49-a335-ad487ff3c14f,bicycle,39.940149,-83.096101,,1.56,True,False,False
Veo,1d1df107-a0a6-5571-a536-025a7f33d7d0,bicycle,40.002762,-82.964838,,1.15,True,False,False
Veo,f3ea459e-7d1b-58b4-b440-383ad37f08db,bicycle,39.995201,-83.007437,,4.19,True,False,False
Veo,250da315-d6c6-5aee-9dc7-4550a7fc0ee0,bicycle,39.941921,-82.994892,,14.17,True,False,False
Veo,cba0c012-0035-51ef-979f-7694f50e1b44,bicycle,39.941913,-82.994922,,15.89,True,False,False
Veo,03d3dab0-b8f8-58f5-ba26-ba818810b0b7,bicycle,39.950086,-83.000228,,27.44,True,False,False
Veo,8ba9e55c-2588-5808-8cac-ded8736f40a2,bicycle,40.016051,-82.981541,,28.14,True,False,False
Veo,415d8db4-bc26-58d8-a249-5b7b13205e73,bicycle,40.100592,-83.120076,,14.17,False,False,True
Veo,9f9973f0-dd25-5ec0-bb3e-175a025fb9fd,bicycle,40.033865,-82.976704,,25.65,True,False,False
Veo,919e44dd-a5c6-5701-b722-45a87e3b20be,bicycle,39.982001,-82.949716,,22.39,True,False,False
Veo,5d2db996-eb02-594c-9e91-9631dad36622,bicycle,39.985157,-83.045979,,24.84,True,False,False
Veo,99dc2a19-1bb6-5adb-951d-d50cf287aeb5,bicycle,39.992387,-83.025948,,14.17,True,False,False
Veo,c698a933-1e2a-5a4f-8cf7-a08193908cb8,bicycle,39.964283,-82.978495,,25.34,True,False,False
Veo,e9dc31d2-fc69-5e30-abde-b872ae5a1b05,bicycle,39.990394,-83.014976,,26.51,True,False,False
Veo,60ceeae5-598b-5245-b855-f4426b36af87,bicycle,39.986338,-83.000782,,28.01,True,False,False
Veo,116cae33-8b20-5b0c-919d-16d0cebd02ee,bicycle,39.963063,-83.004268,,12.28,True,False,False
Veo,fdf1ddd3-6d05-5815-a7c9-9bb8f9466e8c,bicycle,40.002699,-83.015515,,2.79,True,False,False
Veo,22fe9ea8-ce3a-542a-89e7-f48a1002f2af,bicycle,39.962228,-82.962086,,14.17,True,False,False
Veo,725b798c-c3ef-5e16-91ff-4181ad1a904b,bicycle,39.96545,-82.991296,,9.97,True,False,False
Veo,ef2663fb-1af4-59e8-9e80-67543ed400ef,bicycle,39.971482,-83.003013,,5.68,True,False,False
Veo,f9a49a5b-917d-57be-8ec5-27668c070537,bicycle,39.942181,-83.038175,,24.84,True,False,False
Veo,7bc5d99f-c3f2-5978-8bc5-ab0fd93a3254,bicycle,40.01857,-83.011819,,9.65,True,False,False
Veo,d22240fa-1b19-5dd0-9db9-6e4e8075a692,bicycle,39.982744,-83.025047,,20.37,True,False,False
Veo,f11d6602-b0de-507d-9ae0-c6dc8f19882d,bicycle,39.958116,-83.015899,,26.78,True,False,False
Veo,01a09102-26d4-5ee4-9395-2a77d9a77770,bicycle,40.031409,-83.003893,,13.64,True,False,False
Veo,77d44395-8a9e-5461-9994-3fcad0afd844,bicycle,39.980806,-83.103308,,28.14,True,False,False
Veo,9cbdeb99-53f2-5bda-8fa5-cd5f3228b471,bicycle,39.983367,-83.005608,,24.33,True,False,False
Veo,a1ee1717-c687-5e48-96a4-d8f7da3e029a,bicycle,39.956025,-82.945186,,28.14,True,False,False
Veo,d32be230-3935-56bd-86e6-ebf1ec9d06c4,bicycle,40.002111,-83.014758,,23.33,True,False,False
Veo,3110f6aa-87e9-5888-9120-4435f96d88b1,bicycle,39.996971,-83.013583,,23.02,True,False,False
Veo,82521833-0ea2-5340-b934-71bd5fdcd1cd,bicycle,39.996233,-83.005086,,15.18,True,False,False
Veo,f0473100-ec48-5134-8881-c875b34c091b,bicycle,39.971846,-82.977608,,21.77,True,False,False
Veo,816e2f23-23a8-59a5-99f0-3d2a52294fa2,bicycle,40.012327,-82.968846,,28.14,True,False,False
Veo,3b47a701-16c9-540f-bbd2-6eccbc91e704,bicycle,39.91497,-82.966891,,0.85,True,False,False
Veo,7c43b1c4-a178-537e-b022-964a86f09579,bicycle,39.93952,-82.966695,,13.1,True,False,False
Veo,d8f4f394-22e8-55f8-8c78-7e02b78adfb3,bicycle,39.956359,-83.004776,,1.15,True,False,False
Veo,2a6293c2-f326-56a9-9e96-2c82a986e309,bicycle,39.97341,-83.004704,,12.52,True,False,False
Veo,1391a57c-594b-5e18-b581-4e26818b2305,bicycle,39.993553,-82.981072,,27.44,True,False,False
Veo,2c9ab6a2-85e9-547b-b32b-5897eadda67a,bicycle,39.913288,-82.981766,,9.02,True,False,False
Veo,1bbcdcd7-f39d-5e0e-8089-2f83fa0c3f9c,bicycle,39.971325,-83.004206,,13.64,True,False,False
Veo,86872ad0-4e1d-5ce3-81e8-053d6b4f3796,bicycle,39.963161,-83.003245,,14.61,True,False,False
Veo,f8a1d080-a4a4-5de6-be58-4405a83f1dea,bicycle,39.991513,-83.00903,,24.06,True,False,False
Veo,ce30d877-fb01-51cb-912b-41f18437dca2,bicycle,39.942345,-82.982481,,27.44,True,False,False
Veo,71f878de-0e2e-54bb-8756-8d48f5cf43f9,bicycle,40.005825,-83.018973,,5.68,True,False,False
Veo,2fbe5c94-bc1f-56f1-ac6d-a4b449ed8596,bicycle,40.00617,-82.953814,,25.12,True,False,False
Veo,a181e37b-45fa-5a6c-be1c-80d9a24f5073,bicycle,39.995801,-82.976463,,28.14,True,False,False
Veo,6f3fc216-c4b6-5cb6-a7c5-7eae5a3a10b7,bicycle,39.973297,-82.973173,,6.67,False,False,True
Veo,4c61fcb9-54e5-5783-9715-e8edfd07be25,bicycle,39.971326,-82.965706,,25.74,True,False,False
Veo,d8c7c2ed-5390-5842-91d7-19bf0939e900,bicycle,40.016528,-82.987662,,13.1,True,False,False
Veo,4ffd0915-d1d5-5acd-a241-108aed7c7454,bicycle,39.967415,-83.008085,,23.33,True,False,False
Veo,9b8b487d-938e-5dad-a5a4-73ec335e1d84,bicycle,40.003185,-83.001563,,22.39,True,False,False
Veo,fd4be746-732e-51ec-8d98-51f0b9e5a2a6,bicycle,39.993593,-82.981137,,8.43,True,False,False
Veo,f976b1b4-38fb-5e08-8757-c871bc240135,bicycle,39.938392,-82.996301,,28.01,True,False,False
Veo,b51ff14d-830f-5ee2-b6bc-37f8b3bfc2f0,bicycle,39.968699,-83.001761,,25.12,True,False,False
Veo,6ad06212-1c47-566d-b267-3a907a9398b8,bicycle,39.956707,-82.988393,,26.78,True,False,False
Veo,c219cd31-d726-5aa2-8d05-86f633b4ab15,bicycle,39.969056,-82.999844,,27.02,True,False,False
Veo,fbf752ee-e718-5120-bc79-f3921bc89190,bicycle,39.931016,-82.984626,,15.18,True,False,False
Veo,545a10e1-2a50-5c42-960b-37c33828abfe,bicycle,39.971655,-82.977646,,26.51,True,False,False
Veo,4b176782-b08d-50cb-b8b7-a4dfd50ec4ff,bicycle,39.967919,-83.011273,,28.01,True,False,False
Veo,8340a824-4f22-59c0-a7dd-c14763dac883,bicycle,39.993796,-82.978549,,24.06,True,False,False
Veo,17a516ff-5903-51b7-aeb6-276d5ce640e7,bicycle,40.000313,-83.011152,,3.67,True,False,False
Veo,7a866de7-7769-5b71-87dd-ad34d252fe50,bicycle,39.957808,-83.030225,,22.7,True,False,False
Veo,8960f3ce-466e-5009-833d-e9a27f6fb943,bicycle,39.941963,-82.994954,,28.14,True,False,False
Veo,fa778986-a9af-5e5a-a3cf-1dd8eff74f10,bicycle,40.105197,-83.11139,,24.33,True,False,False
Veo,aae2681b-d78f-544b-a0d1-72b9d1cb21fb,bicycle,39.995664,-83.047716,,15.18,True,False,False
Veo,ca72ea42-9ba4-5b49-8783-150ac93aab30,bicycle,39.934081,-83.062438,,28.14,True,False,False
Veo,8ea098d3-3fcd-5808-8980-22c544ef3824,bicycle,40.05388,-83.060034,,14.86,True,False,False
Veo,635ba84e-599f-5fa1-b081-7d4f40c6b322,bicycle,39.999083,-82.970737,,28.14,True,False,False
Veo,c3ab8394-b5ea-5e36-bc57-8ea4e5bf3932,bicycle,39.971673,-82.979621,,20.37,True,False,False
Veo,637da682-686b-5734-94c1-344a21ba391e,bicycle,39.995166,-83.006945,,17.37,True,False,False
Veo,bfa0a35f-1283-5d18-b51a-f6ce3f675755,bicycle,40.114559,-83.016178,,20.78,True,False,False
Veo,0e0083fc-b0cb-5835-9b5d-be8dda6a26a0,bicycle,40.003553,-83.008706,,15.18,True,False,False
Veo,0b15eccf-e102-5f8a-bd97-2137e0ba6637,bicycle,39.950435,-82.997873,,11.59,True,False,False
Veo,b7363bb5-0124-5eea-ac95-b01a03baa5e2,bicycle,39.957206,-82.874465,,13.39,True,False,False
Veo,ac057d74-d085-5608-a5ef-dedc8861e79b,bicycle,40.007609,-82.947009,,12.87,True,False,False
Veo,8b44a013-4662-521c-9a8b-b1c59e618f7e,bicycle,40.008649,-82.945293,,13.64,True,False,False
Veo,c3d441d7-9bce-5641-ad3e-9cf02b7c2bce,bicycle,39.934593,-82.911616,,13.86,True,False,False
Veo,92108943-05f6-5474-9c22-80bd1f996cf1,bicycle,39.955995,-82.945152,,27.77,True,False,False
Veo,05f478d9-0bb2-5e7b-8ed7-c10bd39ccb0d,bicycle,39.936246,-83.072565,,28.14,True,False,False
Veo,c3fb3017-8e22-5b7b-a2d9-92545f8c3bb4,bicycle,39.957412,-82.945295,,20.37,True,False,False
Veo,79ce3ba4-e52c-5473-ab53-6a912f7f306e,bicycle,39.970489,-83.008065,,27.77,True,False,False
Veo,a64c3ae8-75c9-5566-b71c-e290d5e9aa6f,bicycle,39.942543,-82.990433,,14.86,True,False,False
Veo,a43c3632-2728-56f1-8fcd-668cccf6a6e9,bicycle,39.962191,-82.905436,,14.43,True,False,False
Veo,8ef0b9a9-c9c9-570d-a845-bf5ad903b6f8,bicycle,39.940544,-82.890134,,13.64,True,False,False
Veo,c06b6038-080c-5ce3-8410-077e85e7dc01,bicycle,39.955973,-82.945349,,2.79,True,False,False
Veo,381e3af8-f781-5e7e-82ae-5c06f079fde6,bicycle,39.953908,-82.953236,,25.74,True,False,False
Veo,796037cc-9444-5c75-8ccc-ca9f48493ec7,bicycle,39.950559,-83.035468,,26.25,True,False,False
Veo,29526196-3648-5523-84c5-280f8f6218a0,bicycle,39.935832,-82.99591,,28.14,True,False,False
Veo,fce21345-530c-5ea3-9453-367e1f973c78,bicycle,39.954691,-83.001129,,9.97,True,False,False
Veo,e0085d74-05a1-568f-9a04-2d4deb9b016a,bicycle,39.95624,-82.960722,,28.01,True,False,False
Veo,cfc803aa-0b20-5d54-a4df-18e1c0506af9,bicycle,39.959418,-82.985519,,8.09,True,False,False
Veo,7694f07c-280d-5547-a567-7c545bbd4822,bicycle,39.9484,-82.974185,,26.78,True,False,False
Veo,4b0ea33e-9071-5c94-aa26-35d13a7d52fa,bicycle,39.986923,-83.03949,,22.39,True,False,False
Veo,95f45e39-1d63-55d1-8f99-59abd93115dd,bicycle,40.001642,-82.996194,,27.02,True,False,False
Veo,ea5792e9-91ab-5e89-91f4-2bf9e6788702,bicycle,40.013936,-83.015106,,28.14,True,False,False
Veo,4f338857-bcee-5703-8392-ffbce505b1c6,bicycle,40.004695,-83.01065,,20.78,True,False,False
Veo,37518d4d-92a7-5a7e-ba48-cd7e86a25d82,bicycle,40.041148,-83.024882,,17.37,False,False,True
Veo,de056794-fd2a-5e35-b844-f405da37488a,bicycle,39.931112,-83.050245,,26.78,True,False,False
Veo,198d06df-a564-59c1-beff-367da828595d,bicycle,40.035496,-82.963753,,11.59,True,False,False
Veo,fa79749b-900c-55f8-ad7d-6cbe48f314c4,bicycle,40.003127,-82.998396,,28.14,True,False,False
Veo,ecff81b4-2231-5d14-b6cf-245c9526cfd1,bicycle,39.98813,-83.007767,,24.06,True,False,False
Veo,08e10555-0a9c-53ee-af1c-19eee1b0e341,bicycle,39.935299,-82.911494,,13.1,True,False,False
Veo,f0a02119-67e8-5cdd-a3af-f58c1b5fa82a,bicycle,40.102384,-83.108666,,11.34,True,False,False
Veo,22045f60-dc48-5e5d-93a5-fa617013d4c0,bicycle,40.055539,-82.965123,,26.51,True,False,False
Veo,20bf3199-6aec-5cb6-b336-490531b98361,bicycle,39.993354,-83.007256,,16.39,True,False,False
Veo,c16b7c4f-e5ec-58ef-a0cd-5a6aaa8049ff,bicycle,39.928484,-82.981332,,13.64,True,False,False
Veo,89d3ada6-6e69-5687-a38d-e3ff0c74470d,bicycle,39.962943,-83.002459,,13.39,True,False,False
Veo,d8fd9613-73c1-5b50-86a4-f16c7c281939,bicycle,39.955261,-83.069236,,28.14,True,False,False
Veo,f52d98cb-a5a4-594d-9cae-90af76ba8ced,bicycle,39.93415,-82.956843,,26.25,True,False,False
Veo,3987e96b-1056-5a2a-802e-00f37e8908a3,bicycle,40.084814,-83.033536,,1.83,True,False,False
Veo,e5213fee-026c-5665-89b2-3f3e43751f72,bicycle,40.109046,-83.015419,,28.14,True,False,False
Veo,8e7c6499-e6bc-58b0-93fe-abd8118ca1c1,bicycle,39.948595,-82.984957,,28.14,True,False,False
Veo,1ca59bf2-010a-5801-96f1-54dbaff117ad,bicycle,40.06702,-83.028321,,23.02,True,False,False
Veo,ad5f15ff-aece-5bce-bdfe-6210702794c1,bicycle,40.030601,-83.023907,,11.34,True,False,False
Veo,e49b6499-7cc4-5bab-b672-ee3dc3217f0c,bicycle,40.006419,-82.97309,,13.86,True,False,False
Veo,b7df41c1-7d89-5612-978d-6880f348f7cf,bicycle,39.97437,-82.972387,,13.86,True,False,False
Veo,0d85945a-3f5c-50fb-a3ee-b3798c366069,bicycle,39.98276,-83.004639,,18.67,True,False,False
Veo,d8451b66-e7e2-557b-9307-df10e9f7352b,bicycle,39.951192,-83.095983,,1.83,True,False,False
Veo,f8166485-6498-52bf-a8ab-7149b21be815,bicycle,40.001859,-83.008884,,10.51,True,False,False
Veo,1e3c9759-e8ca-5d2c-889b-f86a93499a32,bicycle,39.95228,-83.092882,,27.77,True,False,False
Veo,465beca2-0107-5317-8da5-ea66cf780e68,bicycle,39.989709,-83.055364,,7.62,True,False,False
Veo,9c25a09d-241e-532b-a1ff-6abb03120c5e,bicycle,40.016141,-82.998813,,10.31,True,False,False
Veo,eb019d13-7bc4-5943-8696-92278d5b58eb,bicycle,40.105184,-83.108142,,16.39,True,False,False
Veo,fdd71e60-38ef-500f-bcbc-f4ff572b0e76,bicycle,40.025236,-83.034365,,13.86,True,False,False
Veo,e17ce0dd-8d6c-50c6-9b9b-b23ae6e1f5f6,bicycle,39.999228,-83.090099,,9.29,True,False,False
Veo,03fab139-98b2-548f-b519-083b068aa21c,bicycle,39.937023,-83.040564,,14.43,True,False,False
Veo,d48274e7-8bbf-5195-9855-4b458e4db023,bicycle,39.927306,-82.977435,,24.33,True,False,False
Veo,e0d36e1a-3e02-58d0-a39b-e80b1010754a,bicycle,39.957748,-83.051341,,24.06,True,False,False
Veo,bd04d500-29d9-5ff1-b479-3db1f80a5a12,bicycle,39.664579,-82.517802,,3.48,True,False,False
Veo,f768f3cc-bb50-5576-bccc-c6782f81ce71,bicycle,40.012839,-82.976717,,21.49,True,False,False
Veo,17319d8d-0a2c-5aff-8d83-d1c9f47fd12c,bicycle,39.950104,-82.989475,,27.77,True,False,False
Veo,5bb0f6f5-98b2-5d1f-93e2-3cfab9730880,bicycle,39.962017,-83.000693,,24.84,True,False,False
Veo,470f39c2-f5d3-537c-842b-45f8d3eaae77,bicycle,39.999777,-83.003858,,15.45,True,False,False
Veo,1dfbd291-c117-5270-86cb-99b35b3edf53,bicycle,39.902005,-82.987807,,9.65,True,False,False
Veo,2dfe5a4d-8e85-5208-b769-11eafb4b4b52,bicycle,39.976259,-82.966769,,23.02,True,False,False
Veo,9ff627b6-2faf-5674-8d0f-310634ca014b,bicycle,40.011991,-82.968566,,26.78,True,False,False
Veo,f3bd420f-7e9c-5f59-900f-f32c585eadf0,bicycle,39.957783,-83.006422,,19.78,True,False,False
Veo,95baed0a-6181-5fe9-9a95-37e01fa6b71d,bicycle,39.978778,-83.004113,,28.14,True,False,False
Veo,f741fc5e-e9e2-58e7-801b-cb4d9cfff914,bicycle,40.058809,-82.910794,,28.14,True,False,False
Veo,c031f57e-0d27-53e7-900a-012efe3f046b,bicycle,40.017188,-83.001443,,27.44,True,False,False
Veo,385508ff-9a14-56bd-b38b-2c02492eae12,bicycle,40.025012,-82.964628,,1.83,False,False,True
Veo,c844b806-df69-5f36-aad1-ca17292b3856,bicycle,39.999741,-82.976127,,17.37,True,False,False
Veo,bfc61254-a8e2-56e3-9bcd-bdb763f15adc,bicycle,39.957728,-82.967817,,8.78,True,False,False
Veo,07a34ad5-c011-5e15-8175-a94fab299ebe,bicycle,39.986095,-82.941205,,8.09,True,False,False
Veo,0f03228a-02ca-5374-8985-374b98cfa275,bicycle,40.0144,-83.000104,,17.37,True,False,False
Veo,b78057b0-f1ac-5b8e-883e-ec269678a90b,bicycle,40.004639,-83.013337,,28.14,True,False,False
Veo,fd9df366-db41-5a0a-95f6-a6d8c0b0909e,bicycle,39.975643,-82.972515,,10.31,True,False,False
Veo,97237c8c-b890-5b3c-a555-336c85ba4ce0,bicycle,40.021429,-82.992996,,2.12,False,False,True
Veo,d92fe93c-885a-50f0-89f4-549942811a63,bicycle,39.941929,-82.994943,,28.14,True,False,False
Veo,9260734f-ec53-59fc-a620-abf5ef09ffdb,bicycle,39.951214,-83.010819,,25.12,True,False,False
Veo,808e47ed-ae24-5a9d-924f-137f56a3068e,bicycle,40.001555,-83.04814,,25.12,True,False,False
Veo,509bd233-98e5-5c7a-ac4d-3a9c1082eb38,bicycle,40.014839,-82.999373,,28.14,True,False,False
Veo,0f00d35e-2e1a-5315-82c2-2c81abe1c6be,bicycle,39.985499,-82.997163,,25.65,True,False,False
Veo,52d4f8b9-4f32-53fb-b8f2-a936439fc44c,bicycle,40.000287,-83.019192,,20.05,True,False,False
Veo,076b1b6f-a247-57b9-837a-89a1d2080633,bicycle,39.92817954163991,-82.96482517391719,,19.39,False,True,True
Veo,3e8ea88d-7da6-53b7-b73e-969f358687be,scooter,39.944263,-83.066591,,20.37,True,False,False
Veo,aa13ba7b-20b9-51c7-8321-56ca55e12606,bicycle,39.994038,-83.014264,,26.51,True,False,False
Veo,771b23c9-3849-5508-b21e-3e6bf4fd56de,bicycle,40.025756,-82.984118,,14.61,True,False,False
Veo,6d114238-dbfc-57bf-9547-0db5bac9d0e3,bicycle,40.010533,-83.012325,,12.87,True,False,False
Veo,e3828a61-1f73-5e3e-88f2-9f160665d457,bicycle,39.964078,-82.997447,,28.14,True,False,False
Veo,da59ed62-6538-5900-bf7c-77c3da405154,bicycle,39.965005,-82.990369,,27.44,True,False,False
Veo,52328dcb-6427-586b-90eb-18c45b6eab8a,bicycle,40.014526,-82.98812,,5.44,False,False,True
Veo,1f4927bd-cc91-5374-9558-8aabccf243cf,bicycle,40.032039,-82.97269,,15.45,True,False,False
Veo,153eab64-4223-5db0-bd6e-1262e414a3ea,bicycle,39.967816,-83.012362,,13.39,True,False,False
Veo,af150362-efd0-53dd-8ecf-ed736092c39e,bicycle,39.944303,-82.886562,,13.86,True,False,False
Veo,16e56187-b8cb-5732-a7c5-f95d5cfdbaae,bicycle,40.007075,-82.972258,,24.33,True,False,False
Veo,e1baf139-3415-538a-b3fb-a1cfc384b1ea,bicycle,39.994018,-83.014337,,2.12,True,False,False
Veo,2e6b4099-3b35-53f3-8f6c-fc2ef2451a4e,bicycle,39.936336,-83.002191,,4.67,True,False,False
Veo,3fff06c5-8e13-5565-a69f-925955055302,bicycle,39.929395,-82.981221,,28.14,True,False,False
Veo,02f7f587-dc9c-56b3-830f-ac5b367b005e,bicycle,39.973787,-82.980262,,13.64,True,False,False
Veo,ca034f33-f853-5033-8222-5dcc6ec914d1,scooter,39.956113,-82.945241,,27.18,True,False,False
Veo,34462b0d-8c01-5ed1-a295-704314589f9a,bicycle,40.053383,-83.016424,,28.14,True,False,False
Veo,c52b30df-953a-5a30-b43c-5d099f35a70f,scooter,39.95593270510013,-82.94530038227904,,0.0,True,False,False
Veo,08b803e1-29de-5540-b56a-baf70e9da0a9,bicycle,39.989124,-82.975483,,28.01,True,False,False
Veo,4615532b-6588-5071-bf58-d2e30448c49c,bicycle,39.985172,-83.016703,,23.02,True,False,False
Veo,ad6fc582-c095-57d3-bcd3-af074c64f29e,bicycle,39.973744,-82.980578,,10.51,True,False,False
Veo,29b19160-69d1-5228-a6a1-f5c7a72c6e4e,bicycle,39.993566,-82.981159,,4.78,True,False,False
Veo,24cacfd9-9ce0-5d52-a87f-3b2e91367ad4,bicycle,39.950099,-83.000251,,28.14,True,False,False
Veo,0ee63b5e-5564-5f53-bbdf-e05a4c392e7c,bicycle,40.008006,-82.981124,,25.34,True,False,False
Veo,7e1956b3-05e3-5e45-9e92-7e8101999e34,bicycle,39.930939,-82.984631,,28.14,True,False,False
Veo,9e70324f-d3f1-571f-bf05-05cf6f869ef6,bicycle,39.953322,-83.059029,,23.77,True,False,False
Veo,76301c27-c0ff-5494-9c26-01a460430e97,bicycle,39.984655,-83.024008,,27.02,True,False,False
Veo,31355acf-3de5-597c-a80a-5eb48fc35550,bicycle,39.944256,-82.996124,,14.43,True,False,False
Veo,50f7205d-d80d-5a6b-a3dc-9a4202f07392,bicycle,39.962496,-82.998721,,28.14,True,False,False
Veo,f52306a2-2f52-55dd-b53b-0c07c29a53ac,bicycle,40.003437,-83.015726,,22.7,True,False,False
Veo,e62158a5-5e50-5db3-8b9a-30ab26d94bd4,bicycle,40.002315,-82.941774,,25.12,True,False,False
Veo,c088ba5d-71e2-5fd7-af5c-84528a21fff3,bicycle,39.962885,-82.981803,,28.14,True,False,False
Veo,f0c0b132-3a6a-5e0f-8dc1-31bd23b3ca3a,bicycle,39.957209,-82.943934,,28.14,True,False,False
Veo,bfa65875-64a9-583b-96c0-a98d218c7894,bicycle,39.949595,-82.9572,,21.77,True,False,False
Veo,97619a0d-83b1-5fe7-b848-87c83b96afc0,bicycle,39.94427,-82.977155,,10.79,True,False,False
Veo,2ab0a815-f161-5570-89f8-c2cd90a33180,bicycle,39.970382,-83.108701,,25.74,True,False,False
Veo,8a7292f8-7b35-5aba-b61e-9037c3a0a578,scooter,39.950137,-82.982672,,14.61,True,False,False
Veo,d32e7f41-37db-56c2-8f26-8744e57de2f8,bicycle,39.969233,-83.009961,,7.62,True,False,False
Veo,dee3b53c-c4c5-55bb-98ba-129b18bfa33c,bicycle,39.954717,-82.907203,,23.77,True,False,False
Veo,5228a095-5508-51de-8258-a8ddc1332f42,scooter,39.958558,-83.002687,,28.14,True,False,False
Veo,cb3536e5-9e86-5aea-bcc6-dd176719d217,bicycle,39.971838,-82.975661,,25.34,True,False,False
Veo,9f260c0d-5fe9-56e2-abfb-bd96d34c3c14,bicycle,40.004066,-82.955664,,21.15,True,False,False
Veo,3cafc109-87cd-50de-89e7-fe9173477100,bicycle,40.003129,-83.00166,,10.31,True,False,False
Veo,cd4897d6-1112-53f1-b232-f060e857d75e,bicycle,40.004634,-82.935874,,13.39,True,False,False
Veo,f04a661f-68a6-515c-8a89-d84a6fb1319a,bicycle,39.996019,-82.987872,,28.01,True,False,False
Veo,b0c5c5d3-a2ec-52f3-b974-50e5dd722cf0,bicycle,39.95598352790699,-82.94526602930962,,0.0,True,False,False
Veo,d42e01d1-0c2c-526c-8aeb-df5c46576bba,bicycle,39.999037,-83.018861,,25.34,True,False,False
Veo,f30eccb5-31e9-5639-875a-06d75bfd959c,bicycle,39.971366,-82.886696,,15.18,True,False,False
Veo,eb18998b-4b51-5396-9446-f16013c6caef,bicycle,40.00131,-82.997727,,17.89,True,False,False
Veo,00e943d3-86f9-58b0-a645-cc85a9fea913,bicycle,39.985118,-83.014707,,27.77,True,False,False
Veo,39bbe7e3-e034-59de-b25e-7da530299e8f,scooter,39.995269,-83.014625,,22.39,True,False,False
Veo,1d99ebd1-e794-5a7a-b304-b4cd227c4c2f,scooter,40.10387,-83.108874,,27.44,True,False,False
Veo,bcd4b34c-e8bd-5839-9acb-063ab799242d,bicycle,39.898153,-82.99865,,23.77,True,False,False
Veo,e28a5df9-219e-534f-813e-74c3bcbb268c,scooter,39.956091,-82.94536,,27.02,True,False,False
Veo,e401ff06-7f5f-5182-a8a8-b300bffc3228,bicycle,39.977196,-83.005004,,5.83,True,False,False
Veo,b3b0c5d5-f368-50bc-904a-8bdceede3c3a,bicycle,39.969537,-82.974714,,13.39,True,False,False
Veo,320e9752-3b3e-51f8-9b44-2d5e9eab72fb,bicycle,39.977959,-82.993514,,25.74,True,False,False
Veo,d5c7ed3f-ca42-525b-9b44-00fc773f4d29,bicycle,40.064679,-83.074488,,1.56,True,False,False
Veo,7de93229-1ab0-5385-9510-6ccb8977a233,bicycle,39.968162,-83.013759,,25.65,True,False,False
Veo,42965585-c132-546f-85c5-620ac29365b1,bicycle,39.955724,-83.012328,,9.02,True,False,False
Veo,c820cd3d-9436-50ba-b368-dc69f3145572,bicycle,39.967486,-82.911522,,28.14,True,False,False
Veo,813be356-338d-5ffc-868b-4bf73c5e1e7c,bicycle,40.011458,-82.974601,,12.63,True,False,False
Veo,82ccfc6d-d6ea-5a36-b383-9f7c9c8b17a3,bicycle,40.030797,-82.973415,,23.02,True,False,False
Veo,d20bed99-af02-5842-9e67-33a8357c3f60,bicycle,40.102424,-83.109535,,14.61,True,False,False
Veo,1b2d9e7a-a855-5420-be58-a6a63eb15483,bicycle,39.988193,-83.046257,,6.98,True,False,False
Veo,a2034b53-5b87-510c-a23a-15298b37d744,bicycle,39.939079,-82.940329,,12.07,True,False,False
Veo,a687e98c-eabd-56b9-bbc2-8844c3bcb9f3,bicycle,39.968782,-82.983191,,28.01,True,False,False
Veo,cbca6c4e-4ce9-51be-9867-2f21a24d52ac,bicycle,39.969167,-82.999638,,11.34,True,False,False
Veo,6808b341-e6a3-56a5-93c1-dcd2b41fcfb1,bicycle,39.99428,-83.020157,,5.03,True,False,False
Veo,e84a3be2-e0ba-5455-883f-31b60a37597f,bicycle,39.98341,-82.989494,,27.77,True,False,False
Veo,b70f0dd6-8bf0-5a65-a2b7-88e40dc6b8b9,bicycle,39.97701,-82.998362,,28.14,True,False,False
Veo,be0550a2-071e-5708-ae45-fbfc954a5a24,bicycle,39.988173,-83.046209,,22.7,True,False,False
Veo,aba993cb-998a-5f20-ba36-fb530d55e50f,bicycle,39.96335,-82.990168,,26.51,True,False,False
Veo,181627e7-023b-5239-9f57-dd6164919a05,bicycle,39.939191,-82.948662,,28.01,True,False,False
Veo,a7a59691-e2ed-519a-884c-d5c28b3888ca,bicycle,39.950377,-82.985973,,20.78,True,False,False
Veo,60cf277f-5464-53c9-8d11-746646fe70c7,bicycle,40.038403,-82.99555,,9.65,True,False,False
Veo,2adfe7ee-08b9-5640-8ee4-a70de540bffb,bicycle,39.941239,-82.978627,,28.01,True,False,False
Veo,648b64ac-4b4b-599e-b648-8cf2e05c9768,bicycle,39.952057,-82.9815,,28.14,True,False,False
Veo,52260a45-bbf6-564f-a513-57ab8293ffdc,bicycle,39.978985,-83.10266,,11.83,True,False,False
Veo,f92fa16d-12b1-5a92-a516-436ba5bab743,bicycle,39.933132,-82.995925,,28.14,True,False,False
Veo,848c11fa-bd10-5b71-9d89-0b69bd95efb8,bicycle,39.949457,-82.995357,,21.77,True,False,False
Veo,06348c18-7467-513c-b011-1e6643cebf57,bicycle,39.943,-83.114803,,1.15,False,True,False
Veo,5f29eef6-9b98-5613-b73b-fe62628d1eb5,bicycle,39.99557239543317,-83.00436817380032,,28.01,True,False,False
Veo,f3cf656e-be22-5d4b-befb-40e82d74f9f5,bicycle,39.950373,-82.994328,,28.14,True,False,False
Veo,992f43d7-73a1-5ba9-bac1-f4625d38caa8,scooter,39.963216,-82.981322,,27.44,True,False,False
Veo,b8796885-4614-5a41-b534-23a63ce3054c,bicycle,39.962101,-82.982053,,19.78,True,False,False
Veo,0479ce2a-4fe9-5fb3-89a9-49fedaf15ac0,bicycle,40.005157,-82.998428,,1.56,False,False,True
Veo,7e2896df-c502-5a08-ab5f-54a1f8a2ac88,bicycle,40.013809,-82.987474,,28.14,True,False,False
Veo,9ce5b776-9f09-56d1-8157-8a95eb2a46fe,bicycle,39.951541,-83.03628,,1.56,True,False,False
Veo,29b355b6-59c9-5b70-ad40-5b678ef5d296,bicycle,39.964646,-83.004513,,28.14,True,False,False
Veo,a1f1ca19-e6a5-5e11-a78f-a26d02891b55,bicycle,39.956316,-83.014447,,24.84,True,False,False
Veo,2b799982-8d10-531e-8b40-63d2597dc828,bicycle,39.995744,-83.012874,,5.68,True,False,False
Veo,3f26ddd4-c250-5b20-8882-b441745b2eb8,bicycle,39.95283,-83.003875,,17.37,True,False,False
Veo,8d9fa2ac-8257-5e33-8ea9-9095a5ea23bb,bicycle,39.946669,-83.000217,,25.34,True,False,False
Veo,aced7a39-daed-5d83-b4ce-e0e39d704390,bicycle,40.068771,-82.951486,,25.94,True,False,False
Veo,8c009c17-a462-5498-be6f-236ffeee32c8,bicycle,39.976287,-83.004465,,27.44,True,False,False
Veo,3be219d0-8145-5b80-b980-9c44d3258d4b,bicycle,39.963019,-83.004233,,28.14,True,False,False
Veo,516a9c63-780d-5e66-a38a-79513d9fd08b,bicycle,40.00989,-83.003058,,9.65,True,False,False
Veo,f8f69a5e-5249-5c16-ba1d-4720c74ccf6a,bicycle,40.100641,-83.120075,,25.12,False,False,True
Veo,31c89eed-e090-5c57-8a11-0d32cd1abb71,bicycle,39.986201,-82.988754,,27.44,True,False,False
Veo,0ac0d7e5-e3cc-552f-904f-f3086f32b8f2,bicycle,40.028412,-82.924132,,25.94,True,False,False
Veo,022f2db6-6896-565e-bf7a-a6fb2ca07b84,scooter,40.007515,-83.017883,,28.14,True,False,False
Veo,3d384328-7e0a-5daf-8d0f-6485ca4d6334,bicycle,39.953627,-83.111906,,11.59,True,False,False
Veo,9d2e3052-0ade-5c82-b72d-4455ae4c4c45,bicycle,39.997494,-83.001013,,14.17,True,False,False
Veo,386066b1-726d-5218-8f81-49da918a1edd,bicycle,39.958138,-83.015851,,24.33,True,False,False
Veo,9b8cc404-1e43-5b3f-b68f-e5fc9d4160d2,scooter,39.956013,-82.945162,,28.01,True,False,False
Veo,d0ab8158-102c-590d-b209-b7973be67413,bicycle,39.93391,-82.975358,,1.83,False,False,True
Veo,76c5c9e3-968a-583e-a3f6-08905120b73c,scooter,40.011112,-82.99997,,25.74,True,False,False
Veo,770d0b68-d1ea-5c36-b388-34beec16a545,bicycle,39.953735,-83.0666,,28.14,True,False,False
Veo,2e71fb6b-d878-587a-a9e0-f3715928ace1,bicycle,39.944918,-82.982112,,28.14,True,False,False
Veo,15a65f0a-a9f7-5a6f-9d96-9d8d0d8f19dc,scooter,39.995906,-83.026735,,28.14,True,False,False
Veo,92eb474b-e66d-5f69-b25e-bfc282c0a241,bicycle,39.926491,-82.989248,,22.39,True,False,False
Veo,31ebea54-18f1-5313-ad31-80191fb3eb96,scooter,39.970511,-83.002267,,28.14,True,False,False
Veo,7cfb81c5-e82a-5458-88f0-2df51b50ded9,bicycle,39.927466,-82.95161,,21.77,True,False,False
Veo,3e615727-a801-5a8c-b7d4-180912529da0,scooter,39.959212,-82.99754,,28.14,True,False,False
Veo,c5db4b8a-40cf-5cf6-9e6a-e1af0f678277,scooter,39.96736,-83.015647,,13.39,True,False,False
Veo,f08f7eed-00c2-5f23-8b96-81e232bbd2ad,bicycle,39.955198,-82.935243,,11.83,True,False,False
Veo,840a07e6-3cd3-525b-8b5c-b66a3f984f2e,scooter,39.974012,-83.002822,,24.06,True,False,False
Veo,76263887-be1f-5c09-940e-f4a61bd4abe6,bicycle,39.988427,-82.999223,,28.01,True,False,False
Veo,8e69ce1c-4c31-5c01-8307-e142c8bb3c15,scooter,39.962971,-83.004213,,25.12,True,False,False
Veo,19cf5aab-efa3-5ea0-a4bf-24171c3356c5,bicycle,40.00571,-83.011884,,28.14,True,False,False
Veo,4b4eb426-27ae-5c94-a442-825251b1917a,scooter,39.995782,-83.013362,,19.78,True,False,False
Veo,59e43e69-32c7-5b9c-ae19-38736e120ed0,scooter,39.988137262897084,-82.99607458462063,,21.49,False,True,True
Veo,d855b201-7125-5b97-92cd-4f150996c382,bicycle,39.946284,-83.062745,,28.14,True,False,False
Veo,b52dc63a-cc2c-59a4-875a-e387c5519a26,bicycle,40.016031,-82.954492,,25.12,True,False,False
Veo,e5aa3a09-a100-5c8e-9f7d-74acb8cab3d9,bicycle,40.000714,-82.972774,,23.02,True,False,False
Veo,6dea7eac-8104-5c7f-a5a6-7842f7598232,scooter,40.003151,-82.998426,,28.14,True,False,False
Veo,f7d4ccc0-2d54-5a79-b171-ddb6d9a4dc2a,bicycle,39.964557,-82.959819,,25.94,True,False,False
Veo,b74aad48-5793-59bc-97e2-0c9764573b24,scooter,39.967951,-83.012325,,25.12,True,False,False
Veo,502d4d6d-407d-575c-a5dd-f940fb317979,bicycle,39.9522,-82.981398,,28.14,True,False,False
Veo,5c0d2694-2495-5e1d-8af0-c945325c55e1,bicycle,39.939191,-82.948696,,26.78,True,False,False
Veo,8f73c42c-8d0a-5c10-8e6e-b9fddec57493,bicycle,40.005658,-83.010497,,23.02,True,False,False
Veo,6281610b-d769-5d1b-8498-dc4131517d68,bicycle,39.932229,-82.790642,,25.94,True,False,False
Veo,8cafb036-0bbf-54f3-a12b-e3e30f1239a4,bicycle,40.100073,-83.114731,,11.11,True,False,False
Veo,10044f7c-304d-58e5-878b-96318d37fd7b,scooter,40.103886,-83.109331,,25.34,True,False,False
Veo,fe592b92-e532-5eb7-91e2-8329b1743bad,bicycle,40.02817,-82.987332,,3.48,True,False,False
Veo,ccd7144f-4638-5f48-977a-0bddbb950058,bicycle,39.97206,-82.980697,,27.02,True,False,False
Veo,2645330b-6696-5105-97c6-83417b29bc3c,bicycle,39.986048,-83.031887,,7.62,True,False,False
Veo,caf3e795-8955-5904-b572-db4e5bab1e2c,bicycle,40.100624,-83.120055,,14.86,False,False,True
Veo,15bc01cc-91f7-59df-b27c-229a3041edc6,bicycle,40.082385,-82.924247,,22.05,True,False,False
Veo,84185275-26fa-59e2-aa83-961d6773c9b4,scooter,39.963973,-82.997232,,22.05,True,False,False
Veo,935c75ba-3206-5db3-9046-aac5ab06f1a6,bicycle,39.96145,-82.98852,,2.12,True,False,False
Veo,0a5e99f9-c232-5999-b2b3-f5f44c1f18ff,bicycle,39.931693,-82.991915,,14.86,True,False,False
Veo,f7a26b04-a36d-5ec9-a372-34587721c0e4,bicycle,39.967971,-82.876155,,3.67,True,False,False
Veo,a2caf85c-2d14-5827-b99e-a937878732d4,scooter,39.899025,-82.962674,,8.09,True,False,False
Veo,cefdd64d-89ba-55cb-bde4-811181600b57,bicycle,39.97896,-83.003835,,23.02,True,False,False
Veo,20adccfc-4d75-54c4-aa09-ea2424b2ede3,bicycle,39.96625,-83.011102,,16.39,True,False,False
Veo,6ae53f48-a6e7-5115-9f52-cf0ec7ffbe70,bicycle,39.946582,-83.000117,,28.14,True,False,False
Veo,0ffe406d-8727-5e34-84be-fb4511b2b7f1,bicycle,39.945302,-83.106774,,8.43,True,False,False
Veo,59ba7b29-7adc-5d02-aa47-d7b1e98600a9,bicycle,39.972026,-82.977298,,12.52,True,False,False
Veo,de0166b9-58dd-5d3a-a6bc-75b85627ae3a,bicycle,39.957348,-82.995234,,15.18,True,False,False
Veo,d018fd88-c799-5bea-8fc2-262d14169e0e,bicycle,40.004683,-82.954192,,6.98,True,False,False
Veo,e37cc89c-bc3b-5d82-aad3-f23cd41f64db,bicycle,40.003383,-83.015894,,6.67,False,False,True
Veo,0d8f7cf0-09ae-5aea-b7b6-246883e64a7c,scooter,39.965915,-83.001574,,19.39,True,False,False
Veo,265693fc-e82f-502b-bd55-ec9082315cee,scooter,39.98716,-83.005848,,13.86,True,False,False
Veo,72285f3c-669d-5887-8158-cfe3e2da9fbf,bicycle,37.80357,-80.427199,,14.17,True,False,False
Veo,45fa03e2-8006-5f30-8ede-74e7d4f6660a,bicycle,39.945921,-82.871038,,28.14,False,True,False
Veo,d33d3413-78a2-547e-b041-52e20ef55b11,bicycle,39.957208,-83.095355,,20.78,True,False,False
Veo,2c1c7f1b-00bc-5204-a138-03bc2b671dcc,bicycle,39.961545,-82.990473,,27.77,True,False,False
Veo,8e147fad-dfd6-5cf6-bd77-3cee525ea6bd,bicycle,39.972696,-83.003703,,14.86,True,False,False
Veo,1ba95694-04d3-5a20-a48b-b3f8cd32b757,bicycle,39.951176,-82.95435,,11.83,True,False,False
Veo,3c21d197-b183-5a7b-b2f1-67fc19d0db4b,bicycle,39.95948,-82.985604,,28.14,True,False,False
Veo,ef5c6eea-ffbd-5672-9b75-44c7e152a21a,bicycle,39.94321,-82.961338,,28.14,True,False,False
Veo,f9e34793-75dd-54ad-bae4-f6bcf349c370,bicycle,39.996116,-83.039442,,25.12,True,False,False
Veo,1b7ce06f-3757-5c2d-89dd-98d4ba176d8b,bicycle,39.961478,-82.997164,,28.14,True,False,False
Veo,95ea6dd5-b898-5c12-b255-e707542b4af8,scooter,40.008036,-83.010322,,28.14,True,False,False
Veo,7dc9dc02-6dd2-5230-92b7-169d00f4101f,scooter,39.986864,-83.009427,,24.84,True,False,False
Veo,31d26d4d-421d-5b81-9dd1-a27151552fbb,bicycle,39.95595,-82.945397,,27.44,True,False,False
Veo,c99d183a-fce2-5216-8dad-a329c90abf2b,bicycle,39.989076,-82.99,,6.31,True,False,False
Veo,75f15e96-0006-510e-89df-00713478590c,bicycle,39.986148,-82.897763,,1.15,True,False,False
Veo,a984696e-6235-5704-a685-10d2cb6410b9,scooter,39.971879,-82.975454,,13.39,True,False,False
Veo,7e4e5cd5-431c-530b-b0ef-4d202ce24043,bicycle,39.936903,-82.950514,,19.05,True,False,False
Veo,869b83d8-05d8-5442-b43d-da1c6fc2d12f,bicycle,40.004727,-83.010554,,12.07,True,False,False
Veo,5787af03-fe7f-57a2-8b77-8a6d6a04e96c,bicycle,39.948505,-83.093261,,25.65,True,False,False
Veo,ebd82863-941f-585d-8eed-a8ec15a5ea28,scooter,39.944236,-82.983759,,14.43,True,False,False
Veo,43dae0c1-0d41-592e-a268-fd23788b9c4e,bicycle,39.956428,-82.986631,,28.14,True,False,False
Veo,19019db1-77a0-596d-b4fa-7e1d6bc7aa3a,bicycle,39.955729,-82.944309,,13.39,True,False,False
Veo,d5e74638-3cd1-5a73-af6d-560166541e41,bicycle,39.965097,-82.990428,,21.15,True,False,False
Veo,934668bf-ccf4-5e82-934e-6ed0cec48797,scooter,39.956248,-83.011535,,28.14,True,False,False
Veo,beae8546-6660-5633-8f4a-cd9b5dba243d,bicycle,40.10523,-83.111204,,28.14,True,False,False
Veo,308a11ce-023e-57b4-9194-6b73d5a92941,bicycle,40.007519,-82.996933,,24.33,True,False,False
Veo,7ff1e386-dba4-5364-b6c4-f65aeaa8da70,bicycle,39.950227,-83.007947,,28.14,True,False,False
Veo,a7e0584d-f080-532b-8182-606d28335b99,bicycle,40.028208,-82.987388,,28.01,True,False,False
Veo,cb1970c1-6e58-59f8-8876-b505d6911123,bicycle,39.951693,-82.941881,,10.51,True,False,False
Veo,45a745a8-4e08-5c2f-8eaa-1a4295650ff0,bicycle,40.103105,-83.110212,,4.92,True,False,False
Veo,ff4e25dc-7f55-510d-ac09-f5213b3c80a8,scooter,40.026276,-83.024963,,12.63,True,False,False
Veo,e260ccec-d5b5-5764-937d-4f62e1d7cd36,bicycle,40.008005,-82.981137,,11.34,True,False,False
Veo,23505028-7c60-57d9-9237-582f31f2dfe5,scooter,39.997709,-83.047978,,4.92,True,False,False
Veo,31fb6980-811c-578b-ad39-3ea67c5a5c3d,bicycle,39.924975,-82.936549,,25.94,True,False,False
Veo,ee122f1b-f47c-5db3-b8d1-8927752915b8,bicycle,39.95588,-82.969484,,4.67,True,False,False
Veo,9f3925ea-0ac9-583a-bcaa-5f3594ee360c,bicycle,39.950447,-82.993633,,28.14,True,False,False
Veo,72a2baca-f439-5224-bcfe-c8e9c077af2c,bicycle,39.970488,-83.004189,,1.83,False,False,True
Veo,54f8c588-91e7-50ec-ad31-3b2386b06086,bicycle,39.945276,-82.95838,,10.31,True,False,False
Veo,460bf9d4-f51f-5d24-b3f9-02a9583a33c3,bicycle,39.988716,-83.03295,,22.05,True,False,False
Veo,fd4a359c-04e4-54cb-98ea-a054edfc6792,bicycle,39.914847,-83.026052,,14.17,True,False,False
Veo,3d66af1e-b651-51a1-9c3e-1d3e8734a795,bicycle,39.882926,-82.993946,,14.61,True,False,False
Veo,42391826-3e16-565b-a480-d33d0386e7f9,bicycle,40.003923,-83.004679,,12.52,True,False,False
Veo,20d0438b-2bed-52cc-8073-3f2b138197c5,bicycle,39.960735,-83.020996,,28.14,True,False,False
Veo,783890e1-1b9f-557a-9144-8b4d45a24b01,bicycle,39.99409,-83.00573,,14.86,True,False,False
Veo,13abd295-4f58-558a-a0f6-747350b23281,scooter,40.005155,-83.021202,,19.05,True,False,False
Veo,378a7475-614c-5fd9-8cc0-3cecfcaac87a,scooter,39.936458,-82.988799,,8.09,True,False,False
Veo,2b3b5941-83e6-5943-89b5-c33a6b79e8df,scooter,40.005729,-83.013959,,10.79,True,False,False
Veo,8230c311-deec-50ee-be2d-20e4583eea2d,scooter,39.993140000000004,-82.98224333333334,,28.14,False,False,True
Veo,fa48f6e6-f2ec-5794-8c06-ebf680d8800c,scooter,39.963083,-83.004305,,14.86,True,False,False
Veo,38c5e935-88c4-536f-8e0a-898bcb3dc98d,scooter,39.983128,-82.998978,,24.33,True,False,False
Veo,9bd8252d-c173-588d-be9b-2f5a37098ccb,scooter,39.99451,-83.013609,,26.25,True,False,False
Veo,f9b5c636-4a49-5961-bb53-cbbdf3193560,scooter,39.972225,-83.039826,,20.05,True,False,False
Veo,eabb697d-f9a7-578b-9125-05bdc90cb4e1,scooter,39.902037,-82.987887,,14.86,True,False,False
Veo,2bcc223c-7e99-54d0-bcb8-641481a7c4bd,scooter,40.008352,-82.97889,,17.37,True,False,False
Veo,6406ccbf-7472-54c6-ac2b-fee94c4cec63,scooter,39.95492,-83.073206,,1.15,True,False,False
Veo,f2d7c84f-caea-5ba7-acf8-64eb6d13a04c,scooter,40.001935,-83.00743,,28.14,True,False,False
Veo,b1dc46eb-c0a2-5861-a6ab-97c58a7f288c,scooter,39.970218,-83.002105,,28.14,True,False,False
Veo,b93d7a9a-b6c2-50e7-8ae4-fb742c0047c6,scooter,39.965897,-83.001494,,15.45,True,False,False
Veo,7b9f7270-f032-5d46-a29e-5ca76cf7cd79,scooter,39.998704,-83.005697,,28.14,True,False,False
Veo,cf69b42f-1125-53cc-8602-1eed7e0f1374,scooter,39.963725,-83.002654,,17.89,True,False,False
Veo,9307b2db-f19e-5c8a-9a4d-d77ea0c352ad,scooter,39.963073,-82.980528,,15.89,True,False,False
Veo,996ad4c1-fefa-5bd1-b33f-bf9eb0cb547f,scooter,39.98521,-83.005439,,9.29,True,False,False
Veo,edb56bc2-5f17-5789-9e48-d7e40835f214,scooter,39.997069,-83.007566,,16.39,True,False,False
Veo,4a1dc490-92b5-560d-89d0-0316dc33d282,scooter,39.96911,-83.003789,,28.14,True,False,False
Veo,c48ec8c5-209e-5e1e-82c7-e4f30076807e,scooter,39.976981,-83.003503,,16.84,True,False,False
Veo,6b228fde-9194-524c-83f6-fa5d63a493dc,scooter,39.970922,-83.0046,,23.02,True,False,False
Veo,769dc91b-ce1b-53fb-ac54-0b47ca922d2d,scooter,39.980149,-83.007746,,21.15,True,False,False
Veo,0aa66bd4-22a8-580f-9769-575628c9ef91,scooter,39.936754,-82.995257,,25.94,True,False,False
Veo,4168fc64-d40a-5356-abc3-3382a8015520,scooter,39.986263,-83.006038,,18.19,True,False,False
Veo,7cbfe628-9463-5573-9f18-39367b64392f,scooter,39.982846,-83.005978,,25.34,True,False,False
Veo,064ae253-435a-5954-8742-dab2078bf03c,scooter,39.957455,-83.012633,,24.06,True,False,False
Veo,6793af6a-a131-515d-820c-396570c8562f,scooter,40.022278,-82.964813,,28.14,True,False,False
Veo,96bcd24e-62f6-527c-ad36-63f0dbcf6e5a,scooter,39.956485,-82.999528,,11.34,True,False,False
Veo,13623392-6f5b-5925-8b4d-51d1eb436962,scooter,40.006999,-83.026404,,27.44,True,False,False
Veo,b2e17f4c-3560-5b98-bda3-5e781a087e4e,scooter,39.978807,-83.004341,,28.14,True,False,False
Veo,1d78a870-5f92-57e0-9a70-b4bdb40edacb,scooter,39.993026,-83.008755,,8.09,True,False,False
Veo,e33b14ae-1f45-570e-9992-cb1f5d8aac98,scooter,39.956823,-83.001528,,28.14,True,False,False
Veo,95f75043-b1c7-573d-9710-4fa0fd12cc3b,scooter,39.999739,-82.998849,,25.12,True,False,False
Veo,5050e212-06d9-510d-8a90-6c22010f2ef4,scooter,39.965048,-82.999786,,14.17,True,False,False
Veo,1a80275d-12fb-50a4-a42e-a1095f8b4ade,scooter,40.003908,-83.003995,,28.14,True,False,False
Veo,e4f2ae07-6a23-57c9-924b-f0de5279e5ee,scooter,40.101041,-83.108992,,24.33,True,False,False
Veo,75420362-daae-5f5a-9116-cbc04e0e483d,scooter,39.970459,-83.002604,,20.78,True,False,False
Veo,3ee62c14-1fd8-526a-a4ef-7bd66312c8d5,scooter,40.05004,-83.030112,,12.63,True,False,False
Veo,09a41a8e-a409-55ae-9a40-790c88e8fa4c,scooter,40.002076,-83.006128,,14.43,True,False,False
Veo,3085db5a-a650-591d-8fe3-7335221790e8,scooter,39.992299,-83.006671,,15.18,True,False,False
Veo,ae68a023-f588-5bc9-97ec-db624fdde7f1,scooter,39.970379,-83.002334,,21.49,True,False,False
Veo,64f61e74-af53-509e-96ea-47ca8f45459e,scooter,39.95673,-82.989716,,28.14,True,False,False
Veo,a33c4447-886f-507e-b9e2-148ef9811d24,scooter,39.967792,-83.012442,,12.87,True,False,False
Veo,80c54908-decb-562c-8201-cb66954c916f,scooter,39.946286,-82.960982,,19.78,True,False,False
Veo,c4d3754e-a108-5541-9854-fd316ded1945,scooter,40.006196,-83.021169,,28.14,True,False,False
Veo,51e39580-6bf2-5741-b2e9-bbabfc17a7f7,scooter,39.966828,-82.996161,,18.67,True,False,False
Veo,e0dd64f6-bfbd-54a6-a66d-9617bd29508a,scooter,39.941931,-82.994997,,27.77,True,False,False
Veo,a9219fbb-2e19-59e2-8e66-65c675de1307,scooter,39.97957,-83.002761,,25.34,True,False,False
Veo,c192507a-b82c-550d-83e0-bb9ca9d31b74,scooter,39.956098,-82.921389,,28.14,True,False,False
Veo,1c2fd02f-faba-5491-b897-11daaf95ec8a,scooter,39.949376,-82.982069,,13.86,True,False,False
Veo,a5342cb1-3b74-58ec-b12d-fc7007b09eef,scooter,40.00613,-83.008828,,15.18,True,False,False
Veo,cfddd6df-3bbb-580b-bf86-cc1bcf9e51a6,scooter,40.001622,-82.966163,,25.12,True,False,False
Veo,d9acde94-4838-5bbf-8c96-de965f1fa11d,scooter,39.963195,-82.996559,,27.77,True,False,False
Veo,67b27173-8da7-56b5-9834-ba06b1339adb,scooter,39.950809,-82.978416,,24.06,True,False,False
Veo,31dcc0ca-b4bb-5de1-b5a0-60aa233d18dc,scooter,39.960826,-83.012522,,28.14,True,False,False
Veo,7949b89e-afb4-5f59-b9a0-65ad8ff28676,scooter,40.011563,-83.005035,,27.77,True,False,False
Veo,6c5510a5-4cc4-5052-8ba3-0d0274120660,scooter,39.975276,-83.014612,,28.14,True,False,False
Veo,9c20ff95-78d8-59cc-a147-7f6dcda8fdd4,scooter,40.000266,-83.01886,,11.11,True,False,False
Veo,110ff245-e5cc-540c-af37-ad7847c05d52,scooter,39.998454,-83.016593,,25.94,True,False,False
Veo,7bbe0530-45b1-5334-a126-2df1892173cd,scooter,40.017381,-83.011721,,26.51,True,False,False
Veo,111ade23-115c-59e7-9efe-35d86dbd941d,scooter,39.993782,-83.020745,,4.19,True,False,False
Veo,5909257a-80af-5521-ac68-3ed806f371e7,scooter,39.970664,-83.004055,,28.14,True,False,False
Veo,0a1d80f1-0722-535d-bebf-426a7339015a,scooter,39.950609,-82.990366,,14.17,True,False,False
Veo,2ae9a219-5f90-5542-84d9-44d87ac25a8e,scooter,39.979955,-82.995737,,28.14,True,False,False
Veo,1b75ca3c-0921-5372-9df9-66fc781f5a96,scooter,39.971363,-83.002597,,25.65,True,False,False
Veo,b19e4f71-d648-5751-a8f2-6e4d84957473,scooter,40.000645,-83.003093,,28.14,True,False,False
Veo,19849085-a114-585b-9124-726ceb40a368,scooter,39.995931,-83.015804,,20.37,True,False,False
Veo,86116d60-c0a7-5c29-82b5-47c2b3798cf5,scooter,39.954956,-82.99658,,28.14,True,False,False
Veo,c85565ae-8399-5c94-aaad-50bde7c81949,scooter,39.966072,-82.992808,,22.05,True,False,False
Veo,0a95a686-c38e-59da-8002-1a37fca2e84f,scooter,40.10388,-83.108912,,9.29,True,False,False
Veo,3440a9ed-07b7-537d-a37f-f8e4eac024ad,scooter,39.955754,-82.974459,,13.1,True,False,False
Veo,a7049f11-fd4b-563c-99ab-5663f71b5d26,scooter,39.959434,-83.008317,,26.78,True,False,False
Veo,75772a4d-1042-5bfc-b47f-0d1f028aa60f,scooter,39.978056,-83.002844,,16.39,True,False,False
Veo,90b34b83-10cc-5d82-918f-bb82cd9cf72d,scooter,39.978441,-83.012374,,14.43,True,False,False
Veo,380bfb43-b6f2-5a6c-a904-5c197b4a2370,scooter,40.007433,-83.047696,,28.14,True,False,False
Veo,63d327ee-f160-5c67-b8e1-e9dfca924ac8,scooter,39.986937,-83.009444,,23.33,True,False,False
Veo,44668427-5c1f-57f6-8378-225ac2f6deeb,scooter,39.982355,-82.982395,,15.89,True,False,False
Veo,b1686b4d-3a8d-57eb-91c6-03b16fbdb029,scooter,39.964286,-83.002762,,14.86,True,False,False
Veo,1152c385-f1a1-54a7-90ac-87ab1862a41a,scooter,39.951275,-82.979169,,15.18,True,False,False
Veo,70ebf2a4-9db1-551d-9de2-d07822a4fb92,scooter,39.978616,-83.005244,,13.39,True,False,False
Veo,e6bcd9d4-81c3-58e9-b79b-1a26c3ef2352,scooter,40.103896,-83.108858,,17.37,True,False,False
Veo,84dbe6d9-62fa-5f4a-9fb2-51f84d5a14e8,scooter,39.962435,-82.999185,,15.18,True,False,False
Veo,2d33b750-6e14-59dd-9521-1c39f0691e0d,scooter,39.980235,-83.007774,,24.33,True,False,False
Veo,c3e2e54e-a609-5f87-9f09-8a398259d0d9,scooter,39.994123,-83.005765,,14.17,True,False,False
Veo,723acb2f-9fd6-5901-9f85-5f00f648f5ad,bicycle,39.962317,-83.001489,,26.78,True,False,False
Veo,63c9d947-dbbc-531a-927e-bc508a00c21f,bicycle,39.980683,-83.001866,,28.14,True,False,False
Veo,2912e1ae-e2f8-538f-895d-e5136ee3ca0e,bicycle,40.005721,-82.913052,,28.14,True,False,False
Veo,04d298f1-8f60-5ade-8853-b06560119b80,bicycle,39.98466,-82.942442,,25.74,True,False,False
Veo,fb72b3b2-b86d-5df2-b88d-802eea844faf,bicycle,39.93812,-82.950822,,28.14,True,False,False
Veo,02ba95f1-30bf-52b6-9100-27c8960f12bc,bicycle,39.972648,-82.972924,,28.01,True,False,False
Veo,470d8687-8010-54b4-b81f-e1d414aae29c,bicycle,40.055568,-82.965143,,27.44,True,False,False
Veo,9870be59-f788-5bdb-98ae-9623f8b1e515,bicycle,40.006125,-83.000861,,28.14,True,False,False
Veo,8acb9f98-b7bb-535b-8bd8-ae181c72130d,bicycle,39.966167,-83.003958,,26.78,True,False,False
Veo,41475ec0-877d-5131-9347-fae75c17d4b3,bicycle,40.000086,-83.0154,,27.02,True,False,False
Veo,84dcdc29-34ee-5cd2-8627-b5c9ecaf33fd,bicycle,39.993810243840606,-83.01159419379472,,0.0,True,False,False
Veo,005dcd0c-aeb7-528f-8450-79d3b7e79aa1,bicycle,40.020873,-82.971177,,28.14,True,False,False
Veo,0536d4af-3c02-58d1-bad9-b1ab2f3429a1,bicycle,39.99478,-83.005685,,13.1,True,False,False
Veo,a6a99ddc-4c72-5e3f-866b-8781e01e4a28,bicycle,39.900509,-82.956571,,17.37,True,False,False
Veo,9d0416a6-9b55-53fb-820a-4ec3622ef7ce,bicycle,40.00565,-82.983202,,19.78,True,False,False
Veo,b964d51b-20c8-53d4-8772-966dc760da16,bicycle,39.937869,-82.950523,,28.14,True,False,False
Veo,58d431d2-68cb-5353-993f-f7436ba11edb,bicycle,39.9559,-82.901476,,22.7,True,False,False
Veo,d29b1be2-d5d9-5c2c-87b1-5d0e5210d6fc,bicycle,40.018665,-83.011663,,27.77,True,False,False
Veo,a92ba2a6-473c-548b-b535-eb2db7508486,bicycle,39.993549,-82.981054,,28.01,True,False,False
Veo,7bffbfa2-1428-5d52-9317-8668d350e56f,bicycle,39.990483,-82.984795,,14.86,True,False,False
Veo,eeac773d-3fbc-5d2d-8a1c-33075d0d2a75,bicycle,40.012006,-82.968562,,15.45,True,False,False
Veo,86a3f1e3-98ef-5ea4-ac6e-4ae646c28f6a,bicycle,39.963209,-82.981533,,15.89,True,False,False
Veo,9b6bcd00-48f7-5f60-b509-d798b836cc26,bicycle,39.960641,-82.993941,,28.14,True,False,False
Veo,8bbda462-058d-56f5-bb7c-e8e327f93eb4,bicycle,39.963002,-83.000613,,25.12,True,False,False
Veo,6fde9a3b-c160-5900-ba35-1f48276571cd,bicycle,39.997207,-82.998784,,28.14,True,False,False
Veo,92670ccb-9353-5fc0-bff6-4db8a7904c9b,bicycle,39.949527,-82.997936,,7.62,True,False,False
Veo,f63487d8-a5c5-5624-8f3c-2279bd1700c1,bicycle,39.950454,-82.997865,,22.05,True,False,False
Veo,b846a613-6221-56ad-9522-6e2251cf2083,bicycle,39.935647,-83.113503,,6.98,False,False,True
Veo,0aa31833-9f95-5fc1-ad2a-670d6e60f7a3,bicycle,39.965279,-82.994176,,27.77,True,False,False
Veo,b32cb516-fced-545e-9c13-d2af00935d19,bicycle,39.96843,-83.007652,,28.14,True,False,False
Veo,5fb51466-b3fe-53a5-ac7b-3b116e750386,bicycle,39.958562,-82.974694,,24.33,True,False,False
Veo,a231caf6-2a63-5f29-a14c-0c46c9c58c96,bicycle,39.941982,-82.994976,,28.14,True,False,False
Veo,40506985-880b-5426-b07c-cf9342a6d653,bicycle,39.963075,-82.980571,,9.97,True,False,False
Veo,e23fa781-1703-5190-b70a-50a2058d87bb,bicycle,39.990111,-83.017262,,28.14,True,False,False
Veo,957feb9f-8826-5aae-89fa-7427eb5a3463,bicycle,39.976203,-83.004877,,25.65,True,False,False
Veo,f853ef30-2bed-54bb-a60a-ee3e9567242f,bicycle,39.998784,-83.008241,,13.64,True,False,False
Veo,5ae704df-cd1e-5b6e-b4f6-244490d2deb2,bicycle,39.965314,-83.007396,,23.02,True,False,False
Veo,8c2bd5ad-72db-509c-b133-77132658ba58,bicycle,39.96256,-83.000904,,28.14,True,False,False
Veo,1eb2856b-5ea6-5131-b591-35aa7ed43146,bicycle,39.957969,-83.006047,,22.05,True,False,False
Veo,0e2b49db-b8c9-5fca-807f-f3ed633fd6eb,bicycle,39.956074,-82.94527,,28.14,True,False,False
Veo,d8c10100-b5b9-560c-9818-27d665c36484,bicycle,39.971728,-83.003368,,28.14,True,False,False
Veo,0ee7c63c-16fc-5560-b4a6-470aefe29f9f,bicycle,39.980921,-83.003139,,15.45,True,False,False
Veo,f8104aa7-b28c-5cec-852b-0c6462981c4d,bicycle,39.994182,-82.983548,,28.14,True,False,False
Veo,2c5b027c-3a32-5dea-a913-0fc8fb273f96,bicycle,39.948474,-83.065486,,24.84,True,False,False
Veo,7ecb7e0f-15a9-5015-8b8c-7f8e35ab7f6e,bicycle,39.956512,-82.98736,,22.7,True,False,False
Veo,e4896675-f752-5012-80d2-b3d20752c715,bicycle,39.942025,-82.99494,,28.14,True,False,False
Veo,97dd337a-bb50-593e-bc66-1784ff5b08d8,bicycle,39.951979,-83.062173,,25.65,True,False,False
Veo,25c7f193-f9cc-55bb-906f-5e293c6035d4,bicycle,39.996644,-82.977066,,17.89,True,False,False
Veo,ed580dec-26c1-5a20-a91b-8d2908c2180c,bicycle,40.109058,-83.015459,,20.05,True,False,False
Veo,03d9d8fe-4861-591e-956f-27485d9d2bdd,bicycle,39.97279,-83.00365,,25.94,True,False,False
Veo,c81c5eee-5986-5eda-9fc9-caf2fceaa805,bicycle,39.969272,-83.010082,,25.34,True,False,False
Veo,b00d785c-3702-5a1b-87d3-cdd44a55c2ed,bicycle,39.925063,-82.942932,,28.14,True,False,False
Veo,e6706a12-9f01-5a27-825f-4de5795d4661,bicycle,40.00329,-83.020784,,24.33,True,False,False
Veo,e519852e-6999-5441-be41-1ffe77bee898,bicycle,39.974345,-83.019622,,18.19,True,False,False
Veo,46e96e22-bb4b-5305-afae-aee845389449,bicycle,39.982445,-83.08557,,23.02,True,False,False
Veo,240a7497-d983-58ae-babc-8fd3fd7bf816,bicycle,39.963545,-83.003126,,28.14,True,False,False
Veo,261a93e1-32c8-55f2-95e2-638682afbb7b,bicycle,40.026175,-83.001552,,5.68,True,False,False
Veo,1db92399-ee48-5846-bec7-d67d75be331c,bicycle,39.997847,-82.998646,,28.14,True,False,False
Veo,17732f66-bd06-560e-9009-edab81238d3f,bicycle,39.963287,-82.953256,,25.34,True,False,False
Veo,c0bf3e47-2877-5367-8f43-2270fc894eb3,bicycle,39.968248,-82.9934,,27.77,True,False,False
Veo,611aa68e-4b1e-526d-b596-5deedca5c80e,bicycle,40.011391,-82.954225,,26.51,True,False,False
Veo,9d0aab55-d6d5-5ce6-a5b8-5446331f94ff,bicycle,39.968242,-83.012609,,6.98,True,False,False
Veo,ec9cb118-28cb-5778-b4b7-21f47ced3b1e,bicycle,40.000573,-82.983683,,26.51,True,False,False
Veo,4cd8f4ed-0597-506c-8b69-c08265e8233b,bicycle,39.964662,-83.002856,,24.06,True,False,False
Veo,17f23ea4-0476-5420-b8d8-f2fb74df9f22,bicycle,39.992945,-83.007327,,24.33,True,False,False
Veo,55508751-2f40-54fb-8642-808dcd401cc5,bicycle,39.97717,-82.989918,,28.14,True,False,False
Veo,e152895f-3a29-5d4a-9b6c-19347c05964f,bicycle,40.004014,-83.004022,,24.33,True,False,False
Veo,160dface-12f8-56ac-93eb-5f63c8eddcb5,bicycle,39.958818,-83.033435,,13.86,True,False,False
Veo,846abcfb-f87c-5159-a529-3deaa9873d9c,bicycle,39.968268,-83.007015,,14.43,True,False,False
Veo,abe40ff3-165c-5277-85ca-7a19c52677c8,bicycle,40.009117,-83.002596,,0.33,True,False,False
Veo,3da4acca-9905-5705-844c-1e367b6957e9,bicycle,40.075438,-83.130039,,28.14,True,False,False
Veo,4a1501a2-b425-536b-8824-c80e3ae63b64,bicycle,39.963318,-82.954959,,27.02,True,False,False
Veo,8b4a5948-7d8b-5f64-b7e0-fcef18c26555,bicycle,39.982833,-83.004671,,14.17,True,False,False
Veo,ad9d50f0-85cd-5cf3-9f0f-d8fcaa3f06a7,bicycle,40.040838,-82.944166,,28.14,True,False,False
Veo,6cabb411-cfff-53ff-af50-1cd0726a60fa,bicycle,40.005094,-83.011627,,25.12,True,False,False
Veo,da877afb-75d1-56df-8228-588743f170ba,bicycle,39.947417,-82.980169,,28.14,True,False,False
Veo,d5ca8c56-d33a-5c32-ba80-db5e18a1a354,bicycle,39.957789,-83.006415,,28.14,True,False,False
Veo,afc5adab-4bc6-5880-a0fa-14a32ac662a4,bicycle,40.004987,-83.019515,,12.28,True,False,False
Veo,cd44a416-8c86-5146-865d-d0d9c4a2fc86,bicycle,40.016605,-83.012281,,1.15,True,False,False
Veo,03dfa8fb-43c3-5ed0-9665-0dfc1f9d3d4a,bicycle,40.006104,-83.014631,,26.51,True,False,False
Veo,3de68fa9-43bf-5441-975b-7e65d3323988,bicycle,39.957097,-82.938131,,28.14,True,False,False
Veo,76207812-6f27-5621-9a4a-a4eac29e3e67,bicycle,39.967171,-83.009476,,11.11,True,False,False
Veo,24fcdfaa-038f-525b-8b75-541dcbbb5f83,bicycle,39.969158,-82.998717,,27.44,True,False,False
Veo,dee7c123-7da7-5063-a37f-810967d23e2d,bicycle,39.980855,-83.021507,,16.84,True,False,False
Veo,9b02478d-393c-5956-8e3c-1f41a4ffa976,bicycle,40.023020596381116,-83.08552829639605,,21.49,True,False,False
Veo,71c5a1eb-a588-561e-9120-995c81a1e282,bicycle,39.938909,-82.97293,,14.17,True,False,False
Veo,77cc19ee-5ebb-53d0-98a2-0dda2a0b1933,bicycle,39.969814,-83.004702,,18.67,True,False,False
Veo,04ef6eb2-b7be-55e3-98a0-5b3bee54e7fa,scooter,39.954245,-83.000853,,21.15,True,False,False
Veo,3197f1d1-354b-59bf-9b83-1c0e47214f8a,bicycle,39.988231,-83.032869,,14.17,True,False,False
Veo,265502ea-5f70-5fa8-9699-fa560343dd4b,bicycle,39.95602728333324,-82.94522057287395,,0.0,True,False,False
Veo,996254ca-07b3-5d97-aceb-d1c62136c711,bicycle,40.05651,-82.994337,,9.02,True,False,False
Veo,01389e3d-4b80-5c5a-855f-b3b4416d9b93,bicycle,39.958369,-83.013356,,28.14,False,True,False
Veo,27f2ccdc-fae8-58b8-bb7c-ec61663101c2,bicycle,39.944983,-82.982174,,27.44,True,False,False
Veo,c85c0fc6-c5fc-5da1-bdf5-79bead2bd1d9,bicycle,39.945704,-82.913723,,16.39,True,False,False
Veo,a8bb0f99-1059-55e3-999c-ebe68ecf6ab8,scooter,39.965954,-83.001547,,22.7,True,False,False
Veo,964ce18d-aecf-5571-9ea1-dd630e11065e,bicycle,39.996382,-83.01484,,8.09,True,False,False
Veo,4f4b1e01-89c6-5349-8460-e54431c519eb,bicycle,39.966012,-82.992716,,12.87,True,False,False
Veo,05740fd4-6d9d-5548-bfb2-0c1220d32007,bicycle,39.994413,-82.936551,,28.14,True,False,False
Veo,80037a87-fe97-50a6-95e5-47afdeaa14c8,bicycle,39.967111,-83.009613,,12.52,True,False,False
Veo,e74474f5-a011-59af-8f21-5f4db2d31d78,bicycle,39.888636,-83.00082,,8.09,True,False,False
Veo,4c617036-1310-55ed-8b1a-be0c901d0dbd,scooter,39.957555,-83.011785,,19.78,True,False,False
Veo,e7dbd979-409c-5448-9aca-ee080b185313,bicycle,39.961796,-82.968504,,16.39,True,False,False
Veo,ffe88d46-d203-5172-ad6c-b5c1a2ad0bcb,bicycle,39.949553,-82.957201,,28.14,True,False,False
Veo,5670326d-62dd-5470-8fb6-9522f83bda83,scooter,39.984735,-83.026528,,9.65,True,False,False
Veo,43d48bba-97c0-5c6e-bee9-9282a16b62e9,bicycle,39.991414,-82.99588,,12.87,True,False,False
Veo,5baf6724-cdce-52c4-8baa-37616c21dba0,bicycle,39.960105,-83.000656,,19.05,True,False,False
Veo,495426c5-abc1-5e45-ac8f-72672e674f55,bicycle,40.039366,-82.994481,,16.39,True,False,False
Veo,3f90111d-05bd-5a16-808c-ed982e0f43d8,bicycle,40.000323,-82.996642,,28.14,True,False,False
Veo,b18d393f-f7a9-5586-a82b-e9c38274d4cb,bicycle,40.002126,-83.006157,,23.02,True,False,False
Veo,03f495ac-15d6-5ed7-adb9-640de30a4822,bicycle,39.962962,-82.987001,,28.14,True,False,False
Veo,d31e9903-ac4b-53cc-bf52-386ea343d4ca,bicycle,39.948524,-83.008146,,14.86,True,False,False
Veo,1692f451-892a-5d2e-9958-a14ec8054dbe,bicycle,39.994874,-83.000853,,14.61,True,False,False
Veo,570e1584-3a9f-5db2-b90d-dd7b84f1d78a,bicycle,40.018449,-82.99979,,11.59,True,False,False
Veo,527ebead-edd8-5c68-85df-631473baf06c,bicycle,39.966157,-83.002988,,19.05,True,False,False
Veo,1949162f-95fa-5ab7-957b-05de36dfaa70,bicycle,40.003109,-83.018057,,25.34,True,False,False
Veo,46b5dfd3-440d-5128-a6c9-f5b883e2e57a,bicycle,39.997769,-83.007915,,13.1,True,False,False
Veo,80eca51f-76ac-5405-9975-2ab1e93fc56e,bicycle,40.102328,-83.108989,,23.02,True,False,False
Veo,fdcc9151-67d4-5f53-8b74-b7dddfd8531b,bicycle,39.946555,-83.000228,,27.77,True,False,False
Veo,879fc3da-11a0-5d0e-a20a-66183fb4398d,bicycle,39.985178,-83.005442,,13.86,True,False,False
Veo,63c6bbfa-9a6d-5f37-b349-d1c8dc4c4ea2,scooter,39.945149,-83.065169,,19.78,True,False,False
Veo,d45582e6-1e95-58ed-8093-c30b9b18aa31,scooter,39.982285,-83.016398,,11.83,True,False,False
Veo,41069c04-d5dd-5766-b98f-a89adf91cc83,scooter,39.965815,-82.998731,,26.78,True,False,False
Veo,b63177b1-7949-5eac-9c39-d946c92ba4e9,scooter,39.986323,-83.006966,,28.14,True,False,False
Veo,c613e6d1-1bcc-5feb-88ee-ca02f49343c4,scooter,40.004402,-83.012824,,13.1,True,False,False
Veo,d63485ae-5cae-57f4-8641-fee63a3c0d88,scooter,40.000353,-83.022043,,13.39,True,False,False
Veo,d87418d7-4549-52eb-bbdf-77d813b8c67c,scooter,39.9454,-83.056686,,24.33,True,False,False
Veo,0db4b5cf-7f8c-5017-a840-8811eba386b1,scooter,39.954074,-83.016618,,27.44,True,False,False
Veo,d902c674-192f-52cd-be0f-f486ffd952bc,scooter,40.053423,-83.016474,,12.07,True,False,False
Veo,14a9e456-ddab-5347-83de-847946839818,scooter,39.957133,-83.083435,,25.74,True,False,False
Veo,5b8ab509-790a-5efd-9c25-08e0ca539c2a,scooter,39.980941,-83.003105,,8.78,True,False,False
Veo,96734867-af37-5032-8441-fa0537e1358c,scooter,40.005271,-83.017793,,17.89,True,False,False
Veo,7264e5b3-bf86-55d9-9eec-279f8a328dd7,scooter,40.102246,-83.11051,,25.94,True,False,False
Veo,4fd148d4-73d2-5a23-a502-e73628d732d2,scooter,39.956024,-82.945282,,28.14,True,False,False
Veo,9aba6234-d362-5910-8778-5ae7a5f88c29,scooter,40.00579,-83.017014,,18.67,True,False,False
Veo,3dd94824-c352-54b9-93f3-846e55fd7b6b,scooter,40.015285,-82.984391,,24.06,True,False,False
Veo,cfd32d78-a0ce-53b0-a537-2b5063ad0a8c,scooter,39.948779,-82.985693,,20.78,True,False,False
Veo,1faa9f62-4021-5507-94a6-290e24e91e45,scooter,39.998161,-83.015456,,27.77,True,False,False
Veo,fe637cfa-ce4b-50ef-8641-81bf87a949ff,scooter,39.996576,-83.00353,,25.65,True,False,False
Veo,25247ae8-f7c3-501b-811f-728d749e39e1,scooter,39.972127,-82.980884,,8.43,True,False,False
Veo,1916f082-0bc4-517b-8e9b-6c57bff3bf1e,scooter,39.970515,-83.002401,,16.39,True,False,False
Veo,5d7bbad2-076a-585a-86f0-e4d70ca891e2,scooter,39.987877,-83.005649,,22.7,True,False,False
Veo,47b661c0-18c8-55f1-aa2f-4b0a91b4b735,scooter,39.964982,-83.002917,,27.77,True,False,False
Veo,e88df461-f0b0-5a3f-99af-8cbbb5a1cc10,scooter,40.006553,-83.016907,,28.14,True,False,False
Veo,6c9e8477-d3ed-501a-bade-8d4be075907c,scooter,39.994431,-83.013525,,27.44,True,False,False
Veo,b600792d-b7e3-5d1e-bafe-60b14a3fd756,scooter,39.995727,-83.005121,,8.09,True,False,False
Veo,9949211b-27e9-578d-a272-9fc5abea51eb,scooter,39.964046,-82.99641,,28.14,True,False,False
Veo,fbc19e92-88a7-538a-830c-c794f3b70230,scooter,39.957569,-83.011824,,14.86,True,False,False
Veo,49ff626f-77f4-5c77-9a1c-13cf4015cd70,scooter,40.013601,-83.011247,,4.19,True,False,False
Veo,e2bad86b-d3f4-51af-a1b8-cec95d15ca89,scooter,39.935902,-82.98888,,27.18,True,False,False
Veo,46112e89-7c52-56a4-b813-b761579dcc5f,scooter,39.968378,-82.979261,,21.15,True,False,False
Veo,f084fe1e-d724-5fb0-a7c6-2c078dc240f6,bicycle,39.963596,-82.996362,,21.77,True,False,False
Veo,5eb622f6-f636-5e13-806b-3fb691ffcfa3,scooter,39.996873,-83.014973,,5.83,True,False,False
Veo,17663a38-7db3-55e0-95d1-415237bb4dd6,scooter,39.962147,-83.001001,,28.14,True,False,False
Veo,eb6d3d75-2783-57ab-b9ed-3a5151549e45,scooter,39.970554,-83.002275,,28.14,True,False,False
Veo,11e84231-bad6-5ccc-9084-3d8ce0706802,scooter,39.987734,-83.008339,,28.14,True,False,False
Veo,53d6963f-cdd7-5b90-bca2-11070ce6283f,scooter,39.958556,-83.014628,,14.61,True,False,False
Veo,9e57f727-3c68-5bde-9b7b-75e9849c0abc,scooter,39.993549,-82.981144,,25.34,True,False,False
Veo,01802125-6186-5b0a-b3db-a545e78d4c9d,scooter,40.034429,-82.989313,,28.14,True,False,False
Veo,fae7a7e9-906c-54e8-888c-18f9c6ed5376,scooter,39.994935,-83.01659,,23.02,True,False,False
Veo,37bf9866-5e6b-53de-881f-8719fc58ab7a,scooter,39.991261,-83.011126,,13.1,True,False,False
Veo,76285d08-794a-5700-aaa4-4998a56e1a31,scooter,39.992085,-83.00649,,28.14,False,False,True
Veo,da83d372-3318-51f0-9ce9-b248b9becc7c,scooter,39.998143,-83.002823,,24.33,True,False,False
Veo,825c210e-2148-57f7-b57c-301b136edf47,scooter,39.970558,-83.002046,,27.02,True,False,False
Veo,5c98cece-dd44-5452-b70c-fc8da4e1cb42,scooter,40.024461,-83.019584,,6.31,True,False,False
Veo,ad90d5a8-30f8-5c6d-aa5f-dbfec3bbf7fd,scooter,39.975847,-82.951141,,5.44,True,False,False
Veo,bab88e99-91a1-513d-802c-87d522ea24a4,scooter,39.983518,-83.007232,,25.12,True,False,False
Veo,c7825674-84ae-5333-8b83-269df4321290,scooter,39.96329,-82.953229,,20.37,True,False,False
Veo,eae65f86-5e1a-5210-a3c3-5cad02e3d6e9,scooter,39.962114,-83.000306,,26.51,True,False,False
Veo,d88c7ae7-5ca0-5a04-9a81-d574202db5d0,scooter,39.959989,-83.013027,,28.14,True,False,False
Veo,9d60e778-1237-5186-b941-560e190f7dc6,scooter,40.004307,-83.001952,,14.17,True,False,False
Veo,d26c4f3e-eee4-535d-9748-f09c4a1f4528,scooter,39.973734,-83.004331,,5.03,True,False,False
Veo,99ee5641-e109-5027-abf4-267b84871d7c,scooter,39.969005,-83.001701,,27.02,True,False,False
Veo,4cef2a7f-49a2-5564-ba94-2a14b585312c,scooter,39.958574,-83.012854,,25.12,True,False,False
Veo,c65ed751-7939-5811-a5b0-8ad8c9936b4c,bicycle,39.949486,-82.964605,,14.17,True,False,False
Veo,023d27d3-e973-5768-869a-5f120a8ed7ce,scooter,39.958002,-82.999959,,15.18,True,False,False
Veo,1c393d91-13e9-57ed-8e1f-ba414b2965fb,scooter,40.007188,-83.011478,,28.14,True,False,False
Veo,e8573cd3-4562-5ce5-8784-07b903cb08b1,scooter,39.998159,-83.008005,,14.86,True,False,False
Veo,d04fc6c3-9760-5b42-862d-21b552150b99,scooter,39.98999,-83.005675,,21.15,True,False,False
Veo,b58f4b2f-9e50-53d8-8dc6-c482e3242aaa,scooter,39.962846,-83.002407,,7.29,True,False,False
Veo,60729622-2831-5824-ade7-7a01640fe043,bicycle,40.10161,-83.1155,,1.15,True,False,False
Veo,841e4068-41d1-551c-9071-ff41ce0adb07,bicycle,39.99329,-82.98388,,22.05,True,False,False
Veo,74708b60-993e-5429-851f-39a567b16570,bicycle,40.100902,-83.10952,,4.67,True,False,False
Veo,eef3966c-4fa5-5f75-8c81-56754870eac2,bicycle,39.950471,-82.99366,,21.15,True,False,False
Veo,20d4d765-d46a-5a2f-95c0-f3b66e9f6127,bicycle,39.957437,-82.989398,,23.02,True,False,False
Veo,8291bbdc-1a1e-5ac2-9b13-f690d517bf64,bicycle,39.962485,-82.976602,,28.14,True,False,False
Veo,5228ab99-69f5-52a9-8e54-31b03c59b941,bicycle,39.923162,-82.959173,,13.86,True,False,False
Veo,36666d33-2680-5f1b-a0a3-f12be5655faf,bicycle,40.026636,-82.956326,,28.14,True,False,False
Veo,ac08d5b7-06da-57ad-be78-272b073dcdc1,bicycle,40.000402,-83.017672,,5.27,True,False,False
Veo,18c29c72-1d41-5953-8fe2-458b977e53de,bicycle,39.948183,-82.969556,,12.28,True,False,False
Veo,53d584ff-5f96-54e2-a82d-4eb530408e2e,bicycle,40.000253,-83.003241,,25.34,True,False,False
Veo,42971ed1-6304-5bee-8f62-ddd3f55c1950,bicycle,39.994413,-83.007181,,24.33,True,False,False
Veo,5e5e44ff-31e4-5553-ad0a-a528264738c3,bicycle,39.96655,-82.99656,,24.84,True,False,False
Veo,859b985e-7253-5f74-a9c6-09624f33ba4c,bicycle,39.956109,-82.971933,,25.65,True,False,False
Veo,55fe5495-cc15-5f17-9d15-a506b32bffcd,bicycle,39.968908,-82.909655,,8.09,True,False,False
Veo,fb23f637-5662-5262-9540-2c9d96407406,bicycle,39.878951,-82.997436,,14.43,True,False,False
Veo,5d9eac7e-dc9d-58b0-b8bd-848f3bc716b4,bicycle,39.979837,-82.994478,,26.25,True,False,False
Veo,78f6c75c-6c89-566d-9770-fb92b4a4deae,bicycle,39.993624,-82.98108,,18.19,True,False,False
Veo,fc3dfcfa-3328-54f8-ae57-8e304df12d3b,bicycle,40.004015,-82.973465,,3.48,True,False,False
Veo,ce814cfa-fec5-5676-9445-f253eea5546f,bicycle,39.974741,-83.070882,,5.68,True,False,False
Veo,a5da66b5-41b4-5ca5-8d3d-5332ebe0fea3,bicycle,39.957331,-82.939138,,13.86,True,False,False
Veo,5e043c25-66f1-57b4-9a88-ce4e5897128c,bicycle,39.96482,-83.002943,,28.14,True,False,False
Veo,436a43c0-7d99-53cd-8d1c-fa7c333ad3ab,bicycle,39.958446,-83.027241,,27.02,True,False,False
Veo,00b26ef5-d764-5b1e-b5e7-3349d65b67a7,bicycle,39.941987,-82.966313,,25.65,True,False,False
Veo,a74fe78f-4c84-5646-802b-ebddbde865eb,bicycle,39.921382,-82.950447,,22.7,True,False,False
Veo,a3b04d85-8b2a-56be-b7f3-e5cbeff8757d,bicycle,39.926066,-82.903903,,22.39,False,True,False
Veo,f1de6a02-b653-5c11-a12b-7d76de7ab289,bicycle,40.000726,-82.986392,,28.01,True,False,False
Veo,c6870a84-f19f-570f-ae2b-76ff502ce7cd,bicycle,39.952233,-83.078824,,25.34,True,False,False
Veo,4a0165eb-d9bb-5613-aa54-c36b43247a73,bicycle,39.973556,-82.976382,,15.18,True,False,False
Veo,d19c5274-24fb-5432-90dd-79016197a234,bicycle,39.963285,-82.95326,,13.1,True,False,False
Veo,07aa1804-6ab3-5794-aeb2-c23836c04b4b,bicycle,39.983593,-82.980022,,21.77,True,False,False
Veo,e03e5ebb-4738-5f4b-88b5-00abba865860,bicycle,39.964457,-82.998371,,12.63,True,False,False
Veo,364f60ca-3fa8-5153-9550-fb44298530f4,bicycle,39.935067,-82.992824,,27.44,True,False,False
Veo,f25600c0-3344-5986-8a9e-19235d461f99,scooter,39.956529,-82.977162,,14.43,True,False,False
Veo,00a1d03b-36d6-53d0-af89-b6650e292188,bicycle,40.048735,-83.019256,,14.43,True,False,False
Veo,c9a1d8ff-cf4b-50a1-b119-7add7b907437,bicycle,39.987079,-83.001851,,9.02,True,False,False
Veo,e67deeb3-faa1-55cb-b277-5f22448d7bb1,bicycle,40.01464,-82.992321,,24.84,True,False,False
Veo,5cd1e56b-f61c-5875-a42e-26cca62866d1,bicycle,39.999584,-83.026009,,5.68,True,False,False
Veo,4f60d141-d464-5c3d-aaa4-0f646bcbe93a,bicycle,39.967384,-83.012328,,28.14,True,False,False
Veo,10161cac-61ee-52b9-b8b5-dd49e0735d2e,bicycle,39.928536,-82.983557,,8.78,True,False,False
Veo,eca0ad9e-c494-5b89-9476-47735dac68c2,bicycle,39.942732,-82.983368,,13.64,True,False,False
Veo,41d4016f-fe25-5561-98e9-dd22d1c2cf4e,bicycle,39.947042,-83.094944,,28.14,True,False,False
Veo,0a9fb527-d0ae-54b9-921f-5017d023180c,bicycle,40.004552,-83.011292,,28.14,True,False,False
Veo,12712193-b56e-5259-b952-5c3b70ff1bf8,bicycle,39.940851,-82.969433,,10.31,True,False,False
Veo,0cd4c297-1b7e-5141-a862-05466d8e378e,bicycle,39.938101,-82.971504,,28.14,True,False,False
Veo,f2ee31ff-70b6-521b-88ca-2ef005e70317,bicycle,39.952717,-82.992263,,5.27,True,False,False
Veo,159cb750-11e3-5099-a25c-a12b1cfa65ee,bicycle,40.032674,-82.991398,,12.63,True,False,False
Veo,60d9e40a-266a-5301-bcf0-7aa11819c99f,bicycle,39.952298,-83.092934,,21.49,True,False,False
Veo,6ce5ee53-16ad-57b2-a319-c6158474e81f,bicycle,39.957065,-82.938181,,28.14,True,False,False
Veo,020e39dd-8ba8-54e5-8070-28e45a87ce02,bicycle,39.965427,-82.995351,,21.49,True,False,False
Veo,267616fd-2e6e-5961-a600-a8bcbce68dff,bicycle,39.972796,-82.97777,,28.14,True,False,False
Veo,0a5d9a0f-4e80-5e6d-9214-78af4afd8323,bicycle,39.99894,-83.048932,,17.89,True,False,False
Veo,140cae4e-2c6a-5c8a-a494-090932fbf858,bicycle,39.994948,-83.007076,,28.14,False,True,False
Veo,8d8983b4-241e-5a10-9f0c-3e9ac124b8ff,bicycle,39.966055,-83.061533,,3.48,True,False,False
Veo,24d510ae-4470-5d43-b5c6-70e7734c80b4,bicycle,40.069017,-82.976607,,13.1,False,False,True
Veo,fcfeba5a-4705-5be8-8534-9b0f477ae1dc,bicycle,39.96766,-82.967288,,10.79,True,False,False
Veo,384cff62-b730-5307-8afa-eaad5b2837fc,bicycle,39.927097,-83.051872,,28.14,True,False,False
Veo,df357fb8-152f-5fbb-94ce-dc49b2f5e63b,bicycle,40.001381,-83.007256,,13.1,True,False,False
Veo,fe64f3b2-291b-559a-ab93-700f321de212,bicycle,39.972369,-83.00456,,12.63,True,False,False
Veo,4988c281-5a7c-5970-b859-0cb0e13b8474,bicycle,39.955275,-83.012326,,26.25,True,False,False
Veo,af4b90a7-7a5d-5a73-9af8-d5476629cffc,bicycle,39.968789,-82.99871,,17.89,True,False,False
Veo,b0182b53-2b66-5782-aee0-ef10ffd0ca44,bicycle,39.994186,-83.005687,,24.06,True,False,False
Veo,2c14d569-2adc-5cd8-8c02-6385bd8762ed,bicycle,40.007891,-82.996566,,10.31,True,False,False
Veo,f72a94a3-5135-533d-9f50-846788446001,bicycle,39.957258,-83.0254,,28.14,True,False,False
Veo,3ef26615-5050-5342-b9d3-fdf06d9fd43b,bicycle,39.993566,-82.980102,,25.12,True,False,False
Veo,60b36721-0a83-5138-875c-6d3f565edb5e,bicycle,39.959887,-82.999888,,28.14,True,False,False
Veo,38f7bf75-34bd-5aa3-bb48-64c729d1d95e,bicycle,39.971338,-82.975187,,13.39,True,False,False
Veo,4679b24c-fd84-51c8-ba40-a6907f9c943d,bicycle,39.997634,-83.015197,,26.51,True,False,False
Veo,303c1746-548c-5a50-a3c8-60a2b1c8e2e9,bicycle,39.949431,-82.986709,,19.39,True,False,False
Veo,243e0b6e-e197-5f9c-a141-a333cceed965,bicycle,39.98612,-83.00548,,12.63,True,False,False
Veo,eba618ad-6b2b-5c4c-9fc8-6dc40086ca75,bicycle,39.971604,-82.980864,,12.52,True,False,False
Veo,fcd18f6c-2c81-5b38-acc6-ebd5feb6f465,bicycle,39.922606,-83.034502,,1.83,True,False,False
Veo,54763c55-5679-5ac2-8d18-7d8c46e3f576,bicycle,39.968094,-83.009117,,4.67,False,False,True
Veo,f3609bde-abf1-5259-b33f-8cab55272203,bicycle,39.993901,-82.983983,,28.14,True,False,False
Veo,868ac7f4-4d6d-5efa-946c-28a47bb5a7a5,bicycle,40.002354,-82.998656,,28.14,True,False,False
Veo,0b965da2-3cb1-5653-ac3e-18c05291b5e6,bicycle,40.105004,-82.975033,,23.02,True,False,False
Veo,02adb85b-062e-5a81-974e-1fd945f8bb72,bicycle,39.929218,-82.981145,,12.87,True,False,False
Veo,0f0ff759-0790-5cf7-862d-6ed44853fd60,bicycle,39.994644,-82.923724,,28.14,True,False,False
Veo,8ea02cb2-30f5-5e03-83a8-680068f5c761,bicycle,39.978106,-83.002626,,27.44,True,False,False
Veo,106eb08f-90db-591b-baca-ed870dddb9d7,bicycle,39.969391,-82.990557,,13.39,True,False,False
Veo,760febab-8fba-5ac9-bbbe-3f892a66d99d,bicycle,39.96935,-83.018382,,25.65,True,False,False
Veo,8960fd87-77d5-51a3-866b-c42185231e4d,bicycle,39.969457,-82.990366,,27.77,True,False,False
Veo,df0a3640-1b93-56cb-9531-54bb8b0a16e6,bicycle,39.969549,-82.974769,,10.31,True,False,False
Veo,c8c0cf1b-af95-5c7e-a7f1-b3ba52d41230,bicycle,40.005346,-83.016552,,15.45,True,False,False
Veo,2f83d30b-b077-5df2-b6f6-21517854e7b6,bicycle,40.025287,-83.034278,,25.94,True,False,False
Veo,b9385f66-ffd9-5347-be94-9bdfa626a61a,bicycle,39.956159,-82.998458,,12.63,True,False,False
Veo,e3839927-624e-57c7-9295-3410e4e08e37,bicycle,39.955954,-82.945168,,23.02,True,False,False
Veo,7a37047d-f82f-5f05-9824-bb0c1b593d7f,bicycle,39.963366,-82.981843,,22.05,True,False,False
Veo,4ae913cc-f4fb-5a0d-a7db-0e4ac782ee9b,bicycle,40.016923,-83.00746,,13.86,True,False,False
Veo,17a240d1-4adc-57a0-9715-999f31101b42,bicycle,39.939705,-82.997321,,28.14,True,False,False
Veo,e14ceb82-e723-5a15-9939-34fef1c1737f,bicycle,39.964438,-82.988659,,26.51,True,False,False
Veo,83d1971f-6f2c-544d-a180-2979fac851fe,bicycle,39.962083,-83.00027,,28.14,True,False,False
Veo,d4f19923-7356-538f-8f13-02b649604d5c,bicycle,39.929307,-82.98129,,11.83,True,False,False
Veo,5936a1b3-0bab-514e-bf3e-9aa39ce13267,bicycle,40.005583,-82.973685,,23.02,True,False,False
Veo,78658106-7b84-5fac-a0db-c05b2b0eb444,bicycle,39.985159,-83.005504,,13.86,True,False,False
Veo,683e676a-0d91-5b41-9159-280dd1d77105,bicycle,39.957134,-83.034437,,13.1,True,False,False
Veo,b04bf0b0-a25d-549a-af55-1155e2b9f6e0,bicycle,39.939168,-83.065993,,9.97,True,False,False
Veo,253347b2-b1f3-5c2f-951c-3adbfe9ce7b9,bicycle,39.955582,-82.989447,,13.86,True,False,False
Veo,656eb534-3262-555f-ba03-127d8319ec77,bicycle,39.975294,-83.014644,,16.84,True,False,False
Veo,021148d6-d408-53ee-ab52-92b7dd590f13,bicycle,40.000722,-82.986394,,27.44,True,False,False
Veo,89b20353-d1cf-5097-a1d9-8faccded7913,bicycle,39.946535,-83.000146,,11.59,True,False,False
Veo,1a50a782-4a47-5ae8-a7fe-0fb3e88a9b7f,bicycle,40.069305,-82.997916,,28.14,True,False,False
Veo,66895d70-f968-5658-a03d-a8b1e1f11337,bicycle,39.992548,-83.000959,,14.86,True,False,False
Veo,a0043349-63b5-573e-b7dc-846e002eb9ac,bicycle,39.959091,-82.978599,,25.34,True,False,False
Veo,15487641-a60f-516d-b8bb-651b8f7a8094,bicycle,39.927337,-82.957466,,28.14,True,False,False
Veo,78f9c168-8bb4-5290-bd2f-9aa22a82db99,bicycle,39.995725,-83.044844,,24.33,True,False,False
Veo,249f2d0b-7c27-5570-9204-14b69a25904f,bicycle,40.101693,-83.109995,,10.79,True,False,False
Veo,4961b808-a5cd-59d4-9ad5-31a5ea4896e0,bicycle,39.961373,-82.960437,,12.63,True,False,False
Veo,44861007-aa25-5e3a-979e-f7c74567c6d6,bicycle,40.000748,-82.98639,,14.43,True,False,False
Veo,cb9b68f6-7dbe-5c6d-b3ce-d4817c29ef04,bicycle,39.99195,-83.034697,,28.14,True,False,False
Veo,015e3c57-c9be-5182-b6f1-fa6377e90ffe,bicycle,39.967932,-82.977073,,28.14,True,False,False
Veo,9ff2e3a4-1c62-5ec6-967e-5dc952897d3e,bicycle,39.960993,-82.986393,,28.01,True,False,False
Veo,7e1c66cd-8803-53e8-b55b-5782b1cb311f,bicycle,39.986743,-82.930721,,25.94,True,False,False
Veo,0690660c-1c6f-5e94-bd33-9f084aeeb338,bicycle,40.062239,-83.024907,,11.34,True,False,False
Veo,8ec9ade0-f9e1-57f5-a98f-961afc01fffd,bicycle,39.974753,-83.02075,,1.15,True,False,False
Veo,78be4ff0-9241-5c25-b103-d71229ff2af6,bicycle,39.994102,-83.005729,,23.33,True,False,False
Veo,4a2c94f7-30d8-5c3a-a381-0678b6178eff,bicycle,39.99545,-82.980664,,25.34,True,False,False
Veo,0662e000-907b-514c-9078-96cd0b041e97,bicycle,39.966203,-83.011112,,23.77,True,False,False
Veo,a9dde7e9-a9e0-594e-b00c-a0dc286aaaa3,bicycle,39.951018,-82.999102,,15.18,True,False,False
Veo,e5f1f868-c6cc-5d00-9050-9aed97b406e3,bicycle,39.942389,-82.98232,,28.14,True,False,False
Veo,6e8bb355-3991-5705-ab0a-592960e20275,bicycle,39.970054,-83.02193,,5.68,True,False,False
Veo,730f19c1-3350-5dc4-ace3-a2ba0f05c66c,bicycle,39.955934,-82.94547,,22.39,True,False,False
Veo,930d633c-91bf-57a5-b222-2e4de33856f2,bicycle,40.040851,-83.020601,,10.79,True,False,False
Veo,5dc04c59-f8ca-5bfb-9d9e-b7bc4b2f94c3,bicycle,40.046882,-83.034105,,24.33,True,False,False
Veo,a4a3cecf-cf96-535f-b84c-f801794367d1,bicycle,40.012951,-83.006875,,24.84,True,False,False
Veo,3d182003-bcd3-5155-a519-32ba98fad708,bicycle,39.999926,-82.996976,,22.39,True,False,False
Veo,2ace3492-658b-5329-9e42-1172ad91ec3d,bicycle,39.963459,-83.002615,,13.39,False,False,True
Veo,4e1ecceb-84d2-50ae-ab31-af94c8226472,bicycle,40.004737,-82.955817,,25.74,True,False,False
Veo,d0b2f147-86e8-5f77-8334-15f2a56ad1e2,bicycle,40.086922,-83.019406,,13.1,True,False,False
Veo,2c605504-f567-513c-bf33-6f0fb5f67004,bicycle,40.002835,-82.949506,,8.09,True,False,False
Veo,4eaecece-9d0f-5c6e-a1a1-4813781de89e,bicycle,39.988709,-83.025996,,27.02,False,True,False
Veo,8d52d773-1329-582b-9219-0b5407f340d7,bicycle,39.99974,-83.003835,,12.07,True,False,False
Veo,6ae8baf2-e62a-54ab-8fda-2d317eaa56a1,scooter,40.104831,-83.110623,,16.39,True,False,False
Veo,87029fa9-e8ef-5159-85aa-5ec63ec2c601,bicycle,39.956047,-82.94532,,28.14,True,False,False
Veo,d40c15cd-e56d-5911-9b89-9b79242fd9a5,bicycle,39.957099,-82.938181,,15.18,True,False,False
Veo,c948739e-3b26-56ce-82b5-861c7d6d4177,bicycle,39.974067,-83.001492,,24.33,True,False,False
Veo,ce67bc40-eecf-5962-bcb1-339a3a38e955,bicycle,39.930368,-82.940115,,6.98,True,False,False
Veo,b66c0027-6b12-525a-94e3-bbb306fabeb7,bicycle,39.995168,-82.995777,,15.18,True,False,False
Veo,6ec96391-93fc-5d7c-8ab6-64f8418e5562,scooter,39.996671,-83.008132,,27.44,True,False,False
Veo,0ada2988-78a0-54bd-93e4-6ff3fd882049,scooter,39.9561,-82.945309,,28.14,True,False,False
Veo,6f7178b7-1518-523f-b489-23e83d9076de,scooter,40.079246,-82.975963,,12.07,True,False,False
Veo,babfe6fc-8ec7-5bcb-88ec-d23c4c437cf8,scooter,39.92439,-83.090281,,27.02,True,False,False
Veo,cc482a6b-f17a-5aaa-9437-1690565bb2ba,scooter,39.959922,-83.012623,,14.61,True,False,False
Veo,c42b4459-008d-550c-83b1-c879d094cb3a,scooter,39.95274,-82.981134,,28.14,True,False,False
Veo,a262d2f5-cdc5-5b35-b20f-7b243d899aa1,scooter,40.016955,-82.969894,,28.14,True,False,False
Veo,b2cf988d-e0e4-5b2e-b0a2-e4712875ffed,scooter,39.96931,-82.990712,,20.05,True,False,False
Veo,5fa765d5-cc9c-5973-a196-e83ab0fb9498,scooter,39.956097,-82.945329,,28.14,True,False,False
Veo,a00edafd-2b18-5e85-b523-dabdcb78d8f2,scooter,39.951309,-82.983817,,28.14,True,False,False
Veo,08d8e702-06af-5f38-8d94-f3991936ec2a,scooter,39.963288,-82.953324,,28.14,True,False,False
Veo,1ddf0381-b087-5918-afe1-0f3e604021d5,scooter,39.911559,-82.994714,,13.39,True,False,False
Veo,4826a74d-9c84-564e-a095-d448f6a573c2,scooter,39.956106,-82.945336,,3.13,True,False,False
Veo,d031c8a0-af2f-51a8-9ed6-f0450b546a04,scooter,39.960533,-83.012871,,10.79,True,False,False
Veo,b22bf7f9-9f0c-5305-8328-419cefc4fbda,scooter,40.007543,-83.002669,,14.86,True,False,False
Veo,448df388-938e-5a15-bd24-cb5f3df2aad4,scooter,39.915958,-83.035018,,2.09,True,False,False
Veo,97098e7c-13ca-52e5-bae5-828e79211b19,scooter,40.01527,-82.982897,,28.14,True,False,False
Veo,568c643c-4f7f-5019-97d3-773c8c5a119c,scooter,40.003969,-83.00765,,28.14,True,False,False
Veo,baa799d2-f29d-5a45-be3e-fb8281fb9900,scooter,39.95593,-83.003139,,28.14,True,False,False
Veo,4fce879a-acdd-5aad-84fb-04f9b70fc797,scooter,40.004381,-83.012256,,25.12,True,False,False
Veo,c98bb346-6889-57fb-b2a1-87cbd733bca9,scooter,39.956109,-82.945217,,14.17,True,False,False
Veo,93274b1f-673c-5cc1-bf7e-dba7e4b09ef9,scooter,40.034936,-82.956302,,9.65,True,False,False
Veo,8818b608-a2bd-588c-88e5-28a5b1e0dbd6,bicycle,39.950646,-82.953994,,24.84,True,False,False
Veo,2072f704-80a0-5cb0-bfc8-f4ce0abb6670,bicycle,39.958456,-83.008449,,28.14,True,False,False
Veo,ab24e612-98a8-5216-9fa9-8abf5788189c,bicycle,39.956023,-82.9453,,28.14,True,False,False
Veo,7fcd5f0c-9bf3-5379-969f-e15c0cab74ed,scooter,40.003323,-83.003087,,14.17,True,False,False
Veo,e963c8c6-288e-5306-9494-0ac641bfb74d,scooter,40.014853,-82.982473,,22.05,True,False,False
Veo,9c011e39-7961-5a06-be46-0b67cca4c992,scooter,39.951665,-82.999972,,23.02,True,False,False
Veo,951c76fa-7c96-5d56-9c41-8305862d4d82,scooter,39.964928,-82.984844,,28.14,True,False,False
Veo,154f5e83-0b3b-56af-b1d1-446b7643f1b6,scooter,39.979246,-83.014483,,14.86,True,False,False
Veo,e80a9209-16fd-516c-b5af-32fed5190e38,scooter,39.998424,-83.030932,,22.7,True,False,False
Veo,f6122e69-3676-538e-9fef-2006d05a5cfe,scooter,39.982887,-83.019968,,25.65,True,False,False
Veo,c795846c-2910-51f2-b2ff-b7108eff0ca0,scooter,39.993936,-83.004563,,28.14,True,False,False
Veo,a72dcb10-206d-5277-898c-d85c5af01883,scooter,39.974179,-83.022849,,16.84,True,False,False
Veo,876922a6-9d89-5507-b449-e2b0a035e312,bicycle,39.883223,-83.003109,,27.02,True,False,False
Veo,2a5e0615-906a-5a8c-86e5-b0fa68b6e282,scooter,39.94345,-82.967712,,14.43,True,False,False
Veo,03d95ca5-7be6-5d6d-a5b7-259479ce817a,scooter,39.961896,-83.002694,,9.29,True,False,False
Veo,cceec38d-50c3-5450-bb08-d707069c63df,scooter,40.004226,-83.007441,,25.74,True,False,False
Veo,c0f192a5-0d1d-5bca-9cc1-d82640c3dbd6,scooter,39.962965,-83.002815,,19.39,True,False,False
Veo,18641184-731d-59ad-85e8-9ede40e9754e,scooter,39.965849,-83.005927,,28.01,True,False,False
Veo,0f8dbb31-80e9-58b6-86d0-afd7d68a8ed1,scooter,39.979887,-82.995607,,6.98,True,False,False
Veo,3cc5ab32-c1f9-5e08-9f3f-3f03ef164e82,scooter,40.139129,-83.120375,,25.12,True,False,False
Veo,e98d3226-70d9-521f-b233-c7944a76b610,scooter,39.958776,-82.999853,,11.59,True,False,False
Veo,134923e1-4cab-543b-9857-4fe473fd6aad,scooter,40.116727,-83.111999,,2.55,True,False,False
Veo,c97c475b-43e2-526c-a03c-74e14bccb227,scooter,40.025394,-83.007562,,28.14,True,False,False
Veo,e4b6f4eb-f1a2-5e7e-a684-1c9a1865f2d7,scooter,39.980147,-83.00489,,14.17,True,False,False
Veo,2d017df0-58be-5e38-857f-6343390e6d7f,scooter,39.997918,-83.007115,,13.1,True,False,False
Veo,0f9571cd-7428-5e6f-8e77-a6e20a7e28ea,scooter,40.005122,-83.026831,,23.77,True,False,False
Veo,6fdef769-edd7-50db-ba3b-52b1cdb11536,scooter,40.013769,-83.008492,,25.65,True,False,False
Veo,9208e369-e7bf-500e-a3ef-abdcc108c1c7,scooter,40.004619,-83.013503,,28.14,True,False,False
Veo,6e311584-80c0-5798-a3ea-7e22f1de3955,scooter,39.983975,-83.004946,,6.31,True,False,False
Veo,77ae7bcf-b59f-522f-85de-15e6611affff,scooter,39.94964,-83.026493,,13.64,True,False,False
Veo,ba1a477b-c55a-57fa-b300-804e1976d25c,scooter,39.912757,-82.991063,,28.01,True,False,False
Veo,71c86d1e-c0e0-5131-8138-dbebb6056596,scooter,40.013436,-82.986891,,20.78,True,False,False
Veo,ba456bfa-c1ff-5a58-8e9d-694fdcd7b3b4,scooter,40.009941,-82.986082,,17.89,True,False,False
Veo,1562dbd4-d716-59ad-b83a-3ec45a3cfcb9,scooter,40.003688,-83.011125,,28.01,False,False,True
Veo,011f1d99-e3a2-5dbd-9aa1-dda397dc6e76,scooter,39.971333,-83.003997,,25.74,True,False,False
Veo,bace8bcf-9671-5a0c-b91a-bdcf77abb780,scooter,40.006632,-83.027875,,26.78,True,False,False
Veo,50017305-62cb-5d61-85d1-0747f38b0acf,scooter,40.00647,-82.983936,,16.39,True,False,False
Veo,37439057-b3e0-5fcf-a3e8-a074eccdee0d,scooter,39.955791,-83.003174,,28.14,True,False,False
Veo,2ee9ef2e-3e4a-5cb2-9740-fdd4a25402bd,scooter,40.00425,-83.013765,,28.14,True,False,False
Veo,cecdb6cd-d006-553c-a9b7-a1d731f792be,scooter,39.978484,-82.997633,,13.1,True,False,False
Veo,5fbee921-3c7d-578a-a372-e57715de902b,scooter,40.000674,-83.016699,,24.06,True,False,False
Veo,5afee1ed-f367-5095-852c-dc5f1ab9052d,scooter,39.979085,-83.002456,,26.25,True,False,False
Veo,5a45a265-8b04-53d8-ae4e-c677b91d1df9,scooter,39.954862,-83.011423,,28.14,True,False,False
Veo,e15b6168-7113-5dc4-9473-dbe70f734e88,scooter,39.956487,-82.997237,,25.34,True,False,False
Veo,b5b06517-6005-5307-9955-2ded3debafe0,scooter,39.970426,-83.002383,,23.02,True,False,False
Veo,3b4e8067-a43a-565a-8583-d7db519097fd,scooter,40.111102,-83.121671,,1.15,True,False,False
Veo,bdc28e1a-71e6-5243-9d14-4a91a5238885,scooter,40.009961,-83.007424,,23.02,True,False,False
Veo,2600dc11-af02-5299-a358-51d45d2d07c8,bicycle,39.924569,-82.959278,,27.77,True,False,False
Veo,b0ed05e3-3bda-5315-9832-edcf0477005a,scooter,39.951453,-83.09106,,22.05,False,False,True
Veo,fa1c6e15-4b78-5af9-a63a-f4ec8177db2d,scooter,39.99713,-83.045012,,24.33,True,False,False
Veo,c261cf0c-fe85-5ab7-b8c1-ecd609445bdb,scooter,39.967392,-83.015638,,11.59,True,False,False
Veo,f1ad440e-6e09-57b8-b1fb-bef12a2ee138,bicycle,39.982809,-83.004592,,18.19,True,False,False
Veo,d086d74f-0014-53ea-b41b-b8e3deb9a8b5,scooter,39.9658,-82.99357,,28.14,True,False,False
Veo,b427bbdc-1d26-58a8-9322-c2c8ec7698ce,scooter,39.964674,-82.980827,,14.43,True,False,False
Veo,ccd395e3-f630-5177-a519-d7c6d42e20e5,scooter,39.962967,-83.002793,,24.33,True,False,False
Veo,ca3bd099-1be0-5df0-b2c7-ddb2f196df47,bicycle,39.993998,-82.985921,,28.14,True,False,False
Veo,565c69de-3d29-5d41-94d4-31306b39b629,bicycle,39.93694,-82.947819,,25.65,True,False,False
Veo,1fa167a4-125b-5ea1-b835-dedf8f46804b,scooter,39.980264,-83.009303,,25.34,True,False,False
Veo,1c8967f5-5d42-58e8-a2a8-f076c9eb76c1,scooter,39.993731,-83.01432,,15.45,True,False,False
Veo,6266c9e1-1e1b-580c-b7dd-bbfd15d13860,scooter,39.950757,-82.978411,,24.06,True,False,False
Veo,45b08e21-81b7-5faa-a141-a6bbf5de1124,scooter,40.013649,-83.011238,,13.1,True,False,False
Veo,3eba4d9e-7b9a-58d6-8f09-0d78b9b530fe,scooter,39.97165,-83.002415,,13.39,True,False,False
Veo,34959609-fb77-5956-a3b9-9e9efc8ada89,scooter,39.999684,-83.021386,,25.34,True,False,False
Veo,9a738e24-0f72-5148-8455-ceb410e27f24,scooter,39.967384,-83.015279,,14.43,True,False,False
Veo,16b32eff-e762-5a96-9880-fb1afe0c89c1,scooter,39.967839,-83.003339,,27.77,True,False,False
Veo,e0e8212d-3000-59c6-887c-2659b1aa68b5,scooter,39.962524,-82.998487,,25.94,True,False,False
Veo,0c1919ed-0bed-597b-96cd-3beaa48a322d,scooter,39.96796,-82.949564,,28.14,True,False,False
Veo,7c021f2c-1de2-5840-8040-ac15a14cba3e,scooter,40.003146,-82.9984,,28.14,True,False,False
Veo,41ed2e33-2763-5a2c-8c40-9acc73dbe32b,scooter,39.997954,-83.012099,,28.14,True,False,False
Veo,e81e275f-d2ad-5695-8b08-e9f2166b6ef5,scooter,39.945711,-83.086921,,26.25,True,False,False
Veo,b0804a23-3a23-51e8-b556-ec68889a5878,scooter,40.006873,-83.023675,,3.81,True,False,False
Veo,1009f2db-f16b-5f6b-92bb-7ba3985af969,scooter,39.953327,-83.075221,,11.11,True,False,False
Veo,704f6f32-0866-5bf4-b3e1-64876308b2c4,scooter,40.100792,-83.115007,,12.63,True,False,False
Veo,4130adb6-9fa7-5a14-a9c9-7012ca5ba9ed,scooter,40.025096,-82.980696,,10.51,True,False,False
Veo,57200c49-e663-553f-9e76-51100dcc3bea,scooter,39.955764,-83.003131,,28.14,True,False,False
Veo,693b324c-d695-56fa-8b89-59466ef9ae21,scooter,39.955908,-83.003194,,10.31,True,False,False
Veo,2a83ac57-d015-5fc1-94b4-d23703271806,scooter,39.965647,-82.995491,,11.83,True,False,False
Veo,64698e61-8292-5362-8a2a-b618b9ee3b02,scooter,39.983734,-83.020758,,8.78,True,False,False
Veo,4c606dd5-72c7-5aa2-aee2-9074f7191eb6,scooter,39.970477,-83.001991,,27.02,True,False,False
Veo,6d0ba8a9-6e4c-5b67-8d75-44a562cccc0b,scooter,39.973374,-83.004658,,27.02,True,False,False
Veo,c6d75068-d06a-51b1-bf56-58ccaf7344b1,scooter,39.956054,-83.053615,,25.65,True,False,False
Veo,5c1b549c-e540-5ec4-b65b-5f30bb71b171,scooter,39.960542,-82.972167,,25.65,True,False,False
Veo,be6eaa33-47fa-5dcc-a081-4751c17919eb,scooter,40.005699,-83.009139,,28.14,True,False,False
Veo,d510c29f-0f24-5c1a-bc93-a1d1b69ec310,scooter,39.944566,-82.989686,,11.11,True,False,False
Veo,a5ab8d31-30c4-5c3e-9fc1-b6dbf8dd1ced,scooter,39.994677,-83.012198,,19.05,True,False,False
Veo,0a4e0e32-2dea-5b0e-9bbf-1c64944e755b,scooter,39.993926,-83.013604,,25.34,True,False,False
Veo,b48f4355-e3e5-5922-853d-604bf8f1486d,scooter,39.984062,-83.005068,,24.84,True,False,False
Veo,8ae873e0-6216-5201-ac71-3b96df22bb53,scooter,39.969341,-83.010091,,20.37,True,False,False
Veo,d9e8e857-a52b-5b2e-ab94-52b554960d8f,scooter,39.95234,-82.979283,,14.61,True,False,False
Veo,a279c4c9-7c71-5be3-a6e6-5d57f2b3a7db,scooter,39.983876,-83.003581,,27.77,True,False,False
Veo,f23e2aa4-38d5-5954-a810-2c6158c50084,scooter,39.971718,-83.002455,,15.18,True,False,False
Veo,df539a71-1b2c-5aae-abe9-58f460c7d47d,scooter,39.987224,-83.005714,,25.34,True,False,False
Veo,472d5076-6efe-52f4-b32b-426f602677b9,scooter,40.032663,-82.991042,,14.43,True,False,False
Veo,8bdbddab-d337-54c8-beee-d8ebe1ef60f5,scooter,39.949948,-83.001432,,28.14,True,False,False
Veo,ec764ed2-157b-5d8b-aef6-422cc294502b,scooter,39.967791,-83.046626,,28.14,True,False,False
Veo,a939f3f0-54c9-57ae-b8e8-4632f19ad2cc,scooter,39.956395,-83.011009,,9.29,True,False,False
Veo,c9fa6245-d4f0-505b-a928-07a3e3adb89f,scooter,39.996245,-83.005036,,16.84,True,False,False
Veo,4c4af42a-c6d2-5240-92f0-314ab138a22e,scooter,39.997085,-83.007555,,28.14,True,False,False
Veo,f16ed541-f37b-542e-83d4-f09509215693,scooter,39.99394,-83.00453,,19.78,True,False,False
Veo,f8a1f510-dbbc-56d3-b59b-c57864587822,scooter,39.963077,-83.004229,,24.06,True,False,False
Veo,9435365b-ce3e-58ce-8e8c-924007ecf0a0,scooter,39.994687,-83.006254,,10.79,True,False,False
Veo,7b800449-20de-5b61-9762-b7da18b5f267,scooter,39.9668,-82.996144,,16.84,True,False,False
Veo,ccef58b2-3792-5770-ba06-793d504ab439,scooter,39.928498,-82.981366,,19.39,True,False,False
Veo,58ff6592-a2e7-5f65-bdb0-7b0cd0ce108d,scooter,40.102202,-83.114198,,19.39,True,False,False
Veo,81805f10-1979-508b-81d8-f2c69c83b469,scooter,39.951914,-82.996805,,19.05,True,False,False
Veo,d9ecab6b-3418-5cbc-a63a-1f0e15bfbf14,scooter,39.98073,-82.998147,,8.43,True,False,False
Veo,848142e4-b91c-58d9-a748-3facf928ff60,scooter,39.967935,-83.012368,,28.14,True,False,False
Veo,c75b5435-d7ae-5afc-8b17-b06f90802401,scooter,39.950054,-83.000309,,26.78,True,False,False
Veo,c4398d2f-b4f4-5403-a697-627573768ede,scooter,39.962199,-83.004161,,20.78,True,False,False
Veo,a825c63e-8385-587c-8537-6bf36901b8ff,scooter,39.968867,-83.004479,,28.14,True,False,False
Veo,be74621c-9a27-56d5-904b-13fac44050e2,scooter,39.965453,-82.990873,,24.06,True,False,False
Veo,e75416da-2842-5144-86af-4c09be54d294,scooter,39.988401,-82.999411,,24.84,True,False,False
Veo,c057e3af-cd65-5572-b40a-ded78fa5df37,bicycle,39.968885,-83.002312,,2.12,True,False,False
Veo,7bfe602b-6b0f-5b8b-bad6-b3f6ac8b3b69,scooter,39.963106,-83.004271,,28.14,True,False,False
Veo,547dc577-3a25-5277-9e3f-72296d78172e,scooter,39.961138,-83.010757,,27.77,True,False,False
Veo,f6ed5f56-d65b-5022-8c28-29ba5184e3fc,scooter,39.962263,-83.00417,,28.14,True,False,False
Veo,d6b5f1a2-8dce-50cf-bddf-f9be8c586c47,scooter,39.974348,-83.019605,,28.14,True,False,False
Veo,7e75ee80-18af-5c2d-b7bb-2d747626beaa,scooter,39.963239,-82.981356,,28.14,True,False,False
Veo,583c5c8f-81b6-555d-a57a-e1d34e79194e,scooter,40.016702,-82.981355,,14.61,True,False,False
Veo,c41e2f57-0c4c-5f0b-a06a-79e5b9269b04,scooter,39.957575,-83.01181,,28.14,True,False,False
Veo,53d3b5c0-4889-532d-97fb-ad93b46bc121,scooter,39.970538,-83.002288,,28.14,True,False,False
Veo,833e1a3e-21f9-5e16-a3ea-53911f1e6e41,scooter,39.968999,-83.003756,,28.14,True,False,False
Veo,727627d4-746f-5ec5-854b-37b932783ae7,scooter,40.035072,-83.003785,,28.14,True,False,False
Veo,db76e0d4-6c06-5c80-bf92-ea807b695d4f,scooter,39.961569,-82.990478,,28.14,True,False,False
Veo,132ea799-04eb-59ae-9102-c46d6a8c0025,bicycle,39.958519,-83.002791,,28.14,True,False,False
Veo,c0c6ed2d-28da-544d-addd-297501a0cd85,bicycle,40.038865,-82.983513,,21.49,True,False,False
Veo,3ecddda4-eff6-51e4-88a2-82031ebe3534,bicycle,39.945368,-82.989867,,25.12,True,False,False
Veo,0d589934-0b5c-518c-a959-6634faaf4644,scooter,39.963212,-82.981367,,27.77,True,False,False
Veo,dcac2b3d-7078-55f7-b6b6-b5db2b03d12c,bicycle,39.966022,-82.992316,,7.29,True,False,False
Veo,16eab108-b97b-5c21-a475-0c69c5c333bf,bicycle,39.957292,-83.013333,,28.14,True,False,False
Veo,bc8bf716-56f9-5d09-baa1-96ad211b0270,scooter,39.944537,-82.989697,,28.14,True,False,False
Veo,2a3c5409-711c-50b7-a113-11111ec130a5,bicycle,40.085673,-82.964727,,5.68,True,False,False
Veo,efb24e9f-9201-5058-9899-41e3b34e2f66,bicycle,40.015546,-83.011495,,28.14,True,False,False
Veo,30c9f70f-ad4a-54f6-9f4c-0e61f1b0c363,bicycle,39.933996,-82.954247,,12.63,True,False,False
Veo,4f0c5aeb-ce59-51f5-9a49-bc89e1150e86,bicycle,39.958541,-83.014653,,28.14,True,False,False
Veo,c8816c56-cbad-5a62-8b15-81b75bb44f0a,bicycle,39.952445,-83.053259,,13.64,True,False,False
Veo,6dfbf2f6-a0a3-521f-9009-f688b647737a,bicycle,39.930444,-82.977961,,28.14,True,False,False
Veo,ea81129f-c403-5891-b6bb-53750934ddcd,scooter,39.963007,-83.004223,,28.14,True,False,False
Veo,b0afb4ef-39bd-5096-ba9d-2633f8b3d42c,scooter,40.003157,-82.998362,,12.52,True,False,False
Veo,72133564-9148-5b04-be5b-ac39ec6ab7a3,scooter,39.991071,-83.017138,,24.84,True,False,False
Veo,72abbc3d-c679-504e-ac6f-1181fe5d2b9a,scooter,40.014311,-83.010518,,26.25,True,False,False
Veo,9debd5fd-5646-51a8-aada-a1e4b2dcc443,scooter,39.956299,-82.987301,,28.14,True,False,False
Veo,33b59b01-e18c-5d81-9f0f-f91f4f4a9e5d,bicycle,39.994498,-82.923322,,21.49,True,False,False
Veo,192de4e9-6c7a-5da4-ac1a-f1fa6630a812,scooter,40.005333,-83.035903,,23.02,True,False,False
Veo,85541fc3-0b6b-5b19-b800-b59e6d6a52fb,scooter,40.102464,-83.110243,,22.7,True,False,False
Veo,e4ec2c42-2bd1-58d2-b7ea-5edbb487263c,scooter,39.983083,-82.998943,,28.14,True,False,False
Veo,03687b3c-6a70-5d54-a926-22b4ecd2de1e,scooter,40.103928,-83.108876,,28.01,True,False,False
Veo,3c0c89a4-9b5a-5fbf-930c-8c4438b32f6b,scooter,39.963073,-83.004294,,22.7,True,False,False
Veo,2e5583e2-cd57-50da-950b-9547d9b4594c,scooter,39.973714,-83.010534,,17.89,True,False,False
Veo,76ce597b-277d-584e-a911-4f4214a95465,scooter,39.963429,-83.000757,,21.77,True,False,False
Veo,540062db-11b7-59b0-97a3-d4150ea1c82e,scooter,40.006267,-82.997012,,24.06,True,False,False
Veo,c52e766a-52e0-5f24-99b0-f243afafa0b8,scooter,39.98509,-83.016125,,15.18,True,False,False
Veo,a6a5ddb3-134a-5b0a-8096-ee5c6475611f,scooter,39.997091,-83.007608,,24.33,True,False,False
Veo,e6e8d6cc-543e-579c-bd72-c70754d5c55d,scooter,39.982673,-82.989315,,24.33,True,False,False
Veo,50003d2d-1a1b-50eb-b64f-543079db639b,scooter,39.997087,-83.007541,,20.37,True,False,False
Veo,ba9c113b-f1c0-524c-a142-3e7c08dc1fa4,scooter,39.953324,-83.021452,,27.02,True,False,False
Veo,1e9a265b-0492-5318-9da3-e73adc02ff58,scooter,39.963626,-83.000768,,24.84,True,False,False
Veo,479edd8d-7a0c-5300-b187-973207f7705f,scooter,39.998124,-83.015484,,28.14,True,False,False
Veo,0a979907-13ce-5d2a-a691-faefa07ec637,scooter,39.961373,-82.993909,,12.07,True,False,False
Veo,03f0e7ac-48c0-5a0d-b5af-efaf0dd52c17,scooter,40.001062,-82.999279,,28.14,True,False,False
Veo,257ab33b-1f7c-5ed9-bb66-addce47947d9,scooter,39.968021,-83.008704,,23.02,True,False,False
Veo,541f6064-bc3b-518c-8a5e-6a50ac6ec75f,scooter,40.005271,-83.016568,,21.49,True,False,False
Veo,05d39636-9e98-5b7d-83c6-60826ae8e99b,scooter,39.963622,-83.000756,,21.15,True,False,False
Veo,a5b55a99-199d-57fa-a9ca-804a97fb9ea1,scooter,39.958798,-82.999909,,24.84,True,False,False
Veo,5421daa9-6c3c-5a56-a84f-2af1b563c574,scooter,40.004135,-83.008652,,12.28,True,False,False
Veo,84e7d7d2-322d-5d6a-ab81-16fa9fd48fb8,bicycle,39.958095,-83.01299,,28.01,True,False,False
Veo,4e93b0d3-9b86-528b-8582-1c9006a58bd6,scooter,39.969018,-83.003764,,15.89,True,False,False
Veo,8a24aebc-7a0a-5ea8-b26c-c6b01b826f5f,scooter,39.955986,-83.00122,,14.86,True,False,False
Veo,5aa1ed7d-a59a-596b-bfb9-922972aabebb,scooter,40.004989,-83.026899,,24.84,True,False,False
Veo,e586a252-ab9f-5788-bd83-e22101263709,scooter,39.962181,-83.004155,,27.02,True,False,False
Veo,2eee89df-b789-5342-a8a5-1d2543ec0e30,scooter,39.99157,-82.929148,,22.7,True,False,False
Veo,9f7f8422-3eac-577a-bbb5-ba063695a451,scooter,39.972135,-82.980898,,28.14,True,False,False
Veo,a6fcb3f1-73bb-545c-bc8d-3054ac1664a2,scooter,39.967263,-82.999984,,27.77,True,False,False
Veo,9b615d1d-cfb1-51db-b938-a48955e83436,scooter,40.003702,-83.031871,,28.14,True,False,False
Veo,83a63ca6-3384-5143-8d08-b4b27fd5f513,scooter,40.023126,-82.95973,,19.05,True,False,False
Veo,8fe89e42-b1bf-563b-9c3e-bd5f24a8ad99,scooter,39.978664,-83.002234,,28.14,True,False,False
Veo,e3d2864a-8947-5f5c-a6da-a2e10e90ad22,scooter,39.938294,-83.014656,,27.44,True,False,False
Veo,12daf93f-a48d-5772-a030-4fa1231df34c,scooter,39.94048,-82.98345,,10.79,True,False,False
Veo,7294b5b4-14d9-5e9b-9614-12e66dd14307,scooter,39.976748,-83.000118,,25.65,True,False,False
Veo,27bd4bac-9aba-51fe-aa5d-6ed0c5819f12,scooter,39.976837,-83.003435,,18.19,True,False,False
Veo,dd11d9ba-8a42-5230-8d3e-802aab0e0e3b,scooter,39.949404,-82.995497,,13.39,True,False,False
Veo,718427af-41bc-5238-98e9-f3dedc78eaf1,scooter,39.969152,-83.003828,,16.39,True,False,False
Veo,4706eeae-02e5-5f5f-9ce3-ed6e4a60cdf6,scooter,39.995472,-83.014407,,23.02,True,False,False
Veo,4a34a141-6f72-58e6-83c6-c5c952086348,scooter,39.979627,-82.994519,,14.86,True,False,False
Veo,07973ae4-c6cf-50e7-9055-5e1bd99094b7,scooter,39.987512,-83.019082,,11.11,True,False,False
Veo,35b610b8-e65b-52d9-972d-cb6edcfdde93,scooter,39.966221,-83.002549,,28.01,True,False,False
Veo,98cb39ae-0e5f-5264-ae35-d75b0950aed8,scooter,39.985198,-83.005468,,9.65,True,False,False
Veo,bec44625-67d2-5b2f-a885-df4b6fd7568a,scooter,39.965947,-83.001539,,14.17,True,False,False
Veo,a7b654b0-d3c4-5dbc-b69e-6ca7bcac8dbd,scooter,39.97411,-82.958673,,28.14,True,False,False
Veo,bf225434-fbf9-5540-82c6-70353c98819f,scooter,39.961881,-83.002713,,25.74,True,False,False
Veo,b534fc50-dbe3-54a2-b7ca-2a116ba88a42,scooter,40.000748,-82.986381,,17.37,True,False,False
Veo,828a63cf-1164-557d-af01-f4adb6ff5774,scooter,39.963041,-83.004258,,28.14,True,False,False
Veo,69e098c2-ad6a-52c3-a05b-bca11f35f183,scooter,39.992161,-83.002799,,24.84,True,False,False
Veo,4af38faa-1fc8-529b-a4e3-99e6cc0cfea0,scooter,39.971186,-83.009601,,28.14,True,False,False
Veo,43dfb97f-97ac-5118-9415-133b4fdaf951,scooter,39.934454,-82.988571,,11.83,True,False,False
Veo,3954a6c5-1e4b-58eb-b091-cd57419ce16b,scooter,40.008134,-83.011083,,28.01,True,False,False
Veo,bcf2e03a-7b07-5dfc-b89d-1fed7a5b4541,scooter,39.973522,-83.004341,,15.89,True,False,False
Veo,4843a091-92b6-5d84-a9ed-a9a74b9c8fb7,scooter,39.997582,-83.000635,,27.02,True,False,False
Veo,7e8d8ae9-5e4e-59ba-86bd-6f3e6e2742ad,scooter,40.015409,-83.02602,,19.05,True,False,False
Veo,5ecabed9-fe1d-53f2-a887-53b2a6eba4cf,scooter,39.943379,-82.996723,,28.14,True,False,False
Veo,996a0447-e4bb-536c-9d1d-5bda57697dba,scooter,40.004639,-83.012792,,14.17,True,False,False
Veo,7e4c7b57-4e0d-5d3f-8a9e-046cd096fe7f,scooter,39.986902,-83.009479,,6.98,True,False,False
Veo,c8c4294a-9a1e-50dc-a09c-bcf04824378f,scooter,39.964691,-83.001875,,13.86,True,False,False
Veo,4aa19a82-f0a3-5653-ada4-fdc81ba5e62b,scooter,39.970653,-83.002068,,18.67,True,False,False
Veo,4f692104-d995-5781-8ced-3420958880c8,scooter,39.950079,-83.000244,,28.14,True,False,False
Veo,a174baa9-43aa-539b-8b45-03d476009c7a,scooter,39.990681,-83.008019,,26.51,True,False,False
Veo,bb23ffd0-f177-5e8e-96a4-c1944bc8a66e,scooter,40.023337,-82.982044,,26.51,True,False,False
Veo,dc40ee09-99ff-54ac-aafa-e105b014bc9e,scooter,39.998374,-82.996618,,28.14,True,False,False
Veo,dd083a52-d7b5-5ca5-928e-52c1204a077f,scooter,39.941978,-82.994962,,13.86,True,False,False
Veo,50fdc527-c2c3-578d-9110-00037509efb8,scooter,39.963221,-82.981333,,25.74,True,False,False
Veo,c70ab13f-5e11-5417-b41a-b34cb27d775f,scooter,39.967846,-83.012438,,8.09,True,False,False
Veo,f4ebf746-8742-5ebe-a372-63b94c3e16ce,scooter,39.994395,-83.012851,,23.77,True,False,False
Veo,9b76205e-7a8c-52a9-9d0c-f876d5de431e,scooter,39.980992,-83.003113,,14.43,True,False,False
Veo,0603cebe-3774-5b8b-8b5d-4f24222280b8,scooter,39.967936,-82.949519,,26.78,True,False,False
Veo,d8b0fcef-4cc8-5fe2-8dfc-006ccfde79c2,scooter,39.957406,-83.012635,,28.14,True,False,False
Veo,f70b8763-0bfb-55e1-8755-ab4efcd6ed58,scooter,39.968415,-83.012176,,15.18,True,False,False
Veo,8c09691c-b1fa-59b1-983d-5c19b06df8fe,scooter,39.968731,-83.003651,,24.33,True,False,False
Veo,4df429bf-9371-5e18-badd-d29d4384dc9a,scooter,39.956657,-82.989496,,13.39,True,False,False
Veo,f8468f26-379c-5d0d-8e05-035dd7edfe6e,scooter,39.992028,-83.0065,,28.14,True,False,False
Veo,5875d0d5-d36b-508b-9996-7b44070425e3,scooter,39.970476,-83.002112,,28.14,True,False,False
Veo,3bd069b5-a601-583d-837b-189cb0f91b07,scooter,39.965362,-83.003964,,28.14,True,False,False
Veo,f7d1f550-90af-5ab4-b13d-c79abb2cffce,scooter,39.958535,-83.002742,,28.14,True,False,False
Veo,939995e4-a48a-5255-a53a-a7c68c49f99e,scooter,39.969141,-83.003838,,24.06,True,False,False
Veo,551a2d44-9880-53f7-8d4f-7e53d6e1db83,scooter,39.967579,-83.00051,,28.14,True,False,False
Veo,419a1e8d-fbbd-5593-af41-7753b63d6fd4,scooter,39.995756,-83.013411,,15.89,True,False,False
Veo,abae878f-dbe7-5153-9dcc-1ccff9bbfb07,scooter,39.97047,-83.002078,,16.39,True,False,False
Veo,ab19df04-1e25-5d2b-b85a-e76cfe540cd3,scooter,39.993516,-82.981162,,28.14,True,False,False
Veo,dd42366e-d415-52fa-8473-e40275cdd4f0,scooter,39.993931,-82.983403,,13.1,True,False,False
Veo,3f8807aa-10c0-5fb8-b207-4004da308262,scooter,40.105776,-83.104782,,25.34,True,False,False
Veo,0487081a-5d8c-5796-b2bd-eb316f7016c2,scooter,39.993503,-82.981096,,24.84,True,False,False
Veo,0cac94d8-e095-5ea0-af59-5b379655f4fd,scooter,40.006116,-83.014654,,25.65,True,False,False
Veo,b8cf4268-fe26-5036-aba2-825bd40d6d32,scooter,40.031591,-83.010937,,13.39,True,False,False
Veo,762f3140-e8ee-558b-9099-f01eb705012c,scooter,40.017427,-83.005859,,28.14,True,False,False
Veo,04fd918d-ffd1-5c50-8477-8b2c23ec1251,scooter,39.982331,-82.94209,,9.29,True,False,False
Veo,85fff24c-5eeb-57c2-8773-b76b15eeefe8,scooter,39.959122,-82.986536,,28.14,True,False,False
Veo,f8bf9d5a-c095-511b-abeb-3b38a7bb629a,scooter,39.988134,-83.03994,,25.34,True,False,False
Veo,56f6899c-5557-5508-9c1a-eda01af939ee,scooter,40.003683,-83.019495,,22.7,True,False,False
Veo,51028222-98eb-50fe-a9a3-3c0387e5c983,scooter,40.004394,-83.023309,,8.09,True,False,False
Veo,6a43a564-0155-59b3-a6d7-71c1135f37b5,scooter,39.958257,-82.999665,,23.02,True,False,False
Veo,aacd6b47-f92f-5c28-bb96-780f3b0145ca,scooter,39.936099,-82.979968,,14.17,True,False,False
Veo,de56f456-d439-5800-b301-7d9f8af7a2dd,scooter,39.958378,-82.958177,,28.14,True,False,False
Veo,f329deb9-9420-5a33-8368-159706d6f730,scooter,39.996775,-83.004498,,14.17,True,False,False
Veo,9f0e8891-553e-5912-bd05-8e1eca316e73,scooter,40.001141,-82.987595,,5.68,True,False,False
Veo,7ff31304-cbdf-5afd-9764-83df4f7fbc81,scooter,39.946847,-82.960394,,28.14,True,False,False
Veo,d5217f68-3d93-5ae9-8290-f322f283ea89,scooter,40.003166,-82.998404,,26.78,True,False,False
Veo,09afe437-6e6f-5fe5-9693-997c04ef0efe,scooter,39.96886,-83.004079,,25.74,True,False,False
Veo,bf09dd41-f7b1-5062-91a8-5cc91e47dc39,scooter,39.9501,-83.00016,,24.84,False,True,False
Veo,dc73af8f-58d6-5042-8471-9ab420e89252,scooter,39.962232,-83.000888,,28.14,True,False,False
Veo,1e52a3eb-b6be-58fd-995c-0845169d99f5,scooter,40.011948,-82.968538,,20.05,True,False,False
Veo,6b8624de-0919-5cfb-a7e5-75dcc2d9bdb8,scooter,39.980175,-83.005459,,28.14,True,False,False
Veo,e64b67a9-3733-5e09-bf10-a0cdbd3cfe45,scooter,39.929265,-82.982759,,25.74,True,False,False
Veo,3ba404ac-8066-5595-bf96-2915a9420bd1,scooter,40.05502,-83.020245,,18.67,True,False,False
Veo,dbd999b2-6e55-584c-908d-c822b3fe3637,scooter,40.016878,-83.01032,,21.77,True,False,False
Veo,19dc0af3-c343-5df0-8def-1fe9f59f3a30,scooter,39.981971,-83.008971,,24.33,True,False,False
Veo,e5ad8381-10ff-5c66-bd5f-b6348a12cdce,scooter,40.096293,-83.092996,,16.84,True,False,False
Veo,ecbeda5b-7c4b-567d-8d9f-40b949670722,scooter,39.960865,-83.013698,,22.7,True,False,False
Veo,b061a609-5b42-5391-b1ea-ee3dcbdaf27e,scooter,39.991565,-83.025714,,20.78,True,False,False
Veo,408ca0c1-aa2e-5bad-8fdb-93ffba234a30,scooter,40.105751,-83.104747,,25.12,True,False,False
Veo,db15ceed-6f5b-5a7b-b48b-a33c85258d2c,scooter,40.011567,-83.005112,,28.14,True,False,False
Veo,f99dddc0-67e4-5f67-bf49-c63c56b390d5,scooter,40.005936,-83.017057,,20.05,True,False,False
Veo,0213006c-2918-55ba-b48d-c4deb83fc18e,scooter,39.945946,-82.960495,,25.74,True,False,False
Veo,095047a0-5f50-532c-a71b-19b73917b645,scooter,39.997888,-83.007158,,18.67,True,False,False
Veo,7efd8e3a-25d1-598a-8ea6-18c0ebee7585,scooter,39.988125,-83.026366,,18.19,True,False,False
Veo,8f0cd546-08ce-5b66-9a2c-3a17a9167256,scooter,39.953964,-83.097483,,3.67,True,False,False
Veo,387397fc-4abb-5288-a706-cb82ebb13a6a,scooter,40.000738,-82.986399,,9.29,True,False,False
Veo,7ce04b21-e749-5223-87cd-ced73b45f899,scooter,39.998754,-82.978187,,27.02,True,False,False
Veo,481dc4ea-4781-53cb-ab37-aea5c49739b7,scooter,39.969246,-83.010057,,26.78,True,False,False
Veo,a07d4352-e91e-5b56-8059-e75e494de66f,scooter,39.986946,-83.00232,,26.51,True,False,False
Veo,30263db6-ecad-59c9-b141-85c14854379c,scooter,39.984296,-83.027572,,17.89,True,False,False
Veo,0fadeec0-0c97-5c81-ae30-0df0f0fa2611,scooter,39.996836,-83.019849,,10.31,True,False,False
Veo,c09e9dba-efd6-571c-8065-e58c682d38ac,scooter,39.98398,-83.014209,,18.67,True,False,False
Veo,90eef07b-740d-566f-9531-cd15c8d2376b,scooter,40.02714,-83.024968,,24.33,True,False,False
Veo,92e4237b-4962-5bda-be0d-9f692c85a6c7,scooter,39.972177,-82.980878,,9.02,True,False,False
Veo,2d1b78c1-137a-5b02-9989-704e0e377cf9,scooter,39.9679,-83.012427,,28.14,True,False,False
Veo,7ea7e8e0-5399-5e12-8df4-53f5909bbceb,scooter,39.97061,-83.002148,,14.17,True,False,False
Veo,05d49938-08ae-529b-8826-1db30e87f290,scooter,39.989183,-83.004619,,13.39,True,False,False
Veo,aaad2449-b58c-5c0a-a02b-23932938e879,scooter,39.99106,-83.012919,,28.01,True,False,False
Veo,35fbedd2-dca2-5a03-8913-d6cb34d5a6f9,scooter,40.029,-82.986635,,6.67,True,False,False
Veo,dc1a30bc-a445-5222-9e6f-c9948c27f607,scooter,39.998076,-83.019776,,11.59,True,False,False
Veo,75ad9911-cc6e-5aa9-bc27-af8a1a0a1bab,scooter,39.990314,-83.005333,,25.74,True,False,False
Veo,bdfe99b1-4a27-5d44-9517-bc39092301fc,scooter,39.949465,-82.916553,,23.02,True,False,False
Veo,9d924d88-743c-5e5c-a350-f3ff0acc142f,scooter,39.95075,-82.978454,,14.43,True,False,False
Veo,3aa6de00-0ad7-512f-b369-184e232bf002,scooter,39.99395,-82.983361,,20.78,True,False,False
Veo,c89cc6ca-6b5d-5da9-a93d-bfd272bdbdaa,scooter,39.906204,-82.985919,,7.29,True,False,False
Veo,c4c361de-38e9-5757-a86b-bfd5434b1a0d,scooter,39.963212,-82.981276,,28.14,True,False,False
Veo,8134e21b-2a36-528a-9266-c953ada8b3e1,scooter,39.963117,-82.980544,,25.94,True,False,False
Veo,18092c25-befa-5e1b-93a7-dbc18b7680ad,scooter,39.987046,-82.990079,,14.61,True,False,False
Veo,73c7a633-b2d6-5c62-b8e3-88342626a0ad,scooter,39.995292,-83.015636,,28.14,True,False,False
Veo,ffe08448-e8bb-5515-bd14-dee476cb3362,scooter,39.965739,-83.001185,,28.14,True,False,False
Veo,15f4152a-1760-5731-aae7-26f1e2506a60,scooter,40.037198,-82.973689,,27.02,True,False,False
Veo,e909418d-b28e-5eb2-8f08-657c59568cba,scooter,40.017218,-83.001488,,26.78,False,True,False
Veo,86469b07-dbc2-55e1-a82e-d1fd95b0f85f,scooter,39.937566,-82.959705,,28.14,True,False,False
Veo,8cc51bba-ce0b-589b-b088-fb4defa8d970,scooter,40.101816,-83.113866,,24.06,True,False,False
Veo,1ac6ccb1-0789-518a-9f39-76e213e4fe99,scooter,40.005286,-83.009002,,14.61,True,False,False
Veo,36c2cccb-2578-5146-9dbf-6aa85288ed98,scooter,39.993909,-82.983358,,12.87,True,False,False
Veo,11b7fce0-e66f-5620-8632-71789a4fd00c,scooter,39.991541,-83.016895,,17.37,True,False,False
Veo,715780af-4e53-5d3d-bedd-0a2e05271732,scooter,39.935928,-82.988834,,25.65,True,False,False
Veo,eaf83f0a-f26f-53b7-9321-e437709f9bd5,scooter,39.997067,-83.007534,,20.78,True,False,False
Veo,81508e5e-ff6e-5be2-92e5-8298e6fce8dd,scooter,39.968934,-83.003625,,23.02,True,False,False
Veo,d4d383fd-a69e-572e-be2e-90fc7e752a5c,scooter,40.005024,-83.008755,,14.86,True,False,False
Veo,855829ee-42ef-5a84-9fa2-9df3cf1292d3,scooter,40.007429,-83.016386,,23.77,True,False,False
Veo,eccb861c-4d92-5091-b328-dd4e7113fddd,scooter,39.924536,-82.936789,,23.77,True,False,False
Veo,2d40be1a-923f-56f8-83b1-9f3aa8fa8bb8,scooter,39.971509,-83.006211,,21.15,True,False,False
Veo,d343880b-e4e8-578d-98ee-aaf655aca33e,scooter,39.987245,-83.006176,,24.84,True,False,False
Veo,03adf605-a0e1-511f-90c9-051e337d65fa,scooter,39.970471,-83.001976,,28.14,True,False,False
Veo,712691c1-4359-548b-ba23-c19fde0dcb92,scooter,39.958046,-83.001552,,25.65,True,False,False
Veo,a011c07d-e6b2-5050-86b0-a380eb52c013,scooter,39.964835,-82.981235,,16.39,True,False,False
Veo,b56188fb-8538-5baa-8a1b-fa3812bf3fe7,scooter,39.964948,-83.000124,,22.7,True,False,False
Veo,02b6f7fd-4286-5fa2-a9c7-67dfbd923a44,scooter,39.952239,-82.981437,,22.7,True,False,False
Veo,9e4515da-1664-5bd5-bd11-5190bb8ec617,scooter,39.980175,-83.007774,,28.14,True,False,False
Veo,f3698ebb-0c67-5894-9a9b-429b951ad13a,scooter,39.971412,-83.00472,,28.14,True,False,False
Veo,7cb5e520-5c83-5bd4-8dbf-0065f2699ac7,scooter,39.958064,-83.006455,,25.65,True,False,False
Veo,5816e5a6-fa2b-50f1-bc03-924fb31315fd,scooter,40.003071,-83.006782,,26.78,True,False,False
Veo,fabd5683-48c8-5d01-b1cf-a6974f120a12,scooter,39.96866,-82.960273,,2.79,True,False,False
Veo,f80b9fd2-b90f-5457-b28a-e52bee122b79,scooter,40.005244,-83.006793,,7.62,True,False,False
Veo,2d295e11-caa4-5561-9cab-19165dff3b37,scooter,39.969743,-83.003555,,17.89,True,False,False
Veo,e884fa0b-299f-547c-bab7-203856418195,scooter,39.990514,-83.003608,,25.65,True,False,False
Veo,cd307c25-11d8-53fe-bf52-2c89b696b842,scooter,39.926397,-83.085033,,24.06,True,False,False
Veo,6d4c4370-141d-5be0-8b41-a7ed6d7e3577,scooter,39.962204,-83.004182,,28.14,True,False,False
Veo,37f11847-033f-57ac-a12a-6521ed1dd2d3,scooter,39.970383,-83.00234,,18.19,True,False,False
Veo,6af78d30-f804-5b9b-b8da-d9bc98e52ac5,scooter,39.963005,-83.004249,,28.14,True,False,False
Veo,d045cf4c-dd10-5269-9ade-e5573015e2db,scooter,39.969241,-82.999654,,14.86,True,False,False
Veo,13a7de70-d81f-5f9b-9abc-f472226cf6fa,scooter,39.95739,-83.011457,,12.63,True,False,False
Veo,65b896c3-0d06-5c07-b648-22bea92fa989,scooter,39.994457,-83.014657,,5.27,True,False,False
Veo,de030d42-a773-56f4-b961-c32123413d8c,scooter,39.961142,-83.010701,,23.02,True,False,False
Veo,61a34ef3-0160-5880-97b7-c4d9e0ccc3e2,scooter,39.96683,-82.996287,,19.78,True,False,False
Veo,d9ac639b-cbe9-59d7-b5d1-ea423afc0cdb,scooter,39.99947,-83.025781,,27.44,True,False,False
Veo,0a609c91-ae8b-5400-baae-aecf43e579ce,scooter,40.006813,-83.047857,,12.63,True,False,False
Veo,bd24d157-67cc-5fff-a82f-39c65efd052b,scooter,39.960776,-83.012585,,28.14,True,False,False
Veo,c273d205-34ed-58bb-90f0-79e1b3d8293c,scooter,39.970873,-83.045538,,17.89,True,False,False
Veo,d1207842-bdfb-5b15-a564-9083abb500a7,scooter,40.001557,-82.999224,,13.39,True,False,False
Veo,cf90b7f8-3144-54e4-9761-66729dcd0af4,scooter,39.962215,-83.004157,,24.06,True,False,False
Veo,f2b224de-432c-5712-9b63-66a23443361e,scooter,39.971303,-82.965755,,28.01,True,False,False
Veo,c88bb2b0-6c66-5530-9b11-26b2ee03aaee,scooter,39.94374,-82.994233,,7.62,True,False,False
Veo,80cff4cf-0404-5619-95b6-e52b80305838,scooter,39.982849,-83.004591,,28.01,True,False,False
Veo,ca251f11-f4f9-5ce6-8ad6-7b9600b56835,scooter,39.96328,-82.953276,,28.14,True,False,False
Veo,6c96af61-955f-57f6-b8ff-6c0c35e460b9,scooter,39.997049,-83.007634,,14.86,True,False,False
Veo,e92f97fe-b712-5367-983b-9d4edd8872af,scooter,39.986911,-83.009399,,16.84,True,False,False
Veo,e9a53c2a-f64e-5750-9a01-bf0a31251dd1,scooter,39.96311,-83.004274,,28.14,True,False,False
Veo,ccaa3ac6-fd9e-5db5-a109-8ecc8c149507,scooter,39.993534,-82.981112,,28.14,True,False,False
Veo,e1698967-3d3c-5aea-99be-c2e9a763d462,scooter,39.963439,-82.996528,,24.06,True,False,False
Veo,9c10b40c-758d-5c9b-bcdc-d39783d5f84b,scooter,40.074633,-83.092786,,25.65,True,False,False
Veo,342a45b6-ebeb-505f-bd9e-03057e593bdd,scooter,39.941982,-82.994994,,28.14,True,False,False
Veo,8436d922-fd08-5014-b91b-7d5c41af3ef0,scooter,40.100008,-83.114697,,11.11,True,False,False
Veo,e126ed73-7987-52ce-8843-527359b6f108,scooter,40.00476,-83.010543,,25.34,True,False,False
Veo,d5bbe6b1-0b70-5b1f-993d-776bb06ca748,scooter,39.950834,-83.002607,,20.78,True,False,False
Veo,3ffb3d06-8f8f-56ff-8ae4-ec1e6d86a196,scooter,40.010746,-83.00604,,13.1,True,False,False
Veo,6b24f3d7-b68f-503f-a2a1-fc8c20596efa,scooter,39.958279,-83.033808,,11.59,True,False,False
Veo,21719363-6d2b-562c-95b2-e931deed636f,scooter,39.969007,-83.003922,,18.67,True,False,False
Veo,66f75f46-1c9c-5148-94a0-8d90a3d66b29,scooter,39.974398,-83.014574,,26.25,True,False,False
Veo,af318b41-24df-505d-80de-a6b55f836c05,scooter,40.002988,-83.005849,,9.29,True,False,False
Veo,4725a5e3-c8c5-5fd6-b7a0-66c9b8fc6ffa,scooter,39.980845,-83.00559,,13.39,True,False,False
Veo,bf0d895b-3e1c-5833-8dd6-2a563deb65ec,scooter,39.950145,-83.000236,,28.14,True,False,False
Veo,f4b90d7e-8c35-500a-8bb7-af87933a631b,scooter,39.961543,-82.993968,,15.89,True,False,False
Veo,939393df-59b1-5874-acb5-925afc7314c0,scooter,39.99983,-83.006244,,22.7,True,False,False
Veo,4c6c3867-1373-5a45-b8c6-f3e7c114fe77,scooter,39.969042,-83.003928,,25.94,True,False,False
Veo,7611829f-b099-5945-9672-32c47a727e22,scooter,39.966292,-82.992953,,25.12,True,False,False
Veo,93c4651c-5fc5-5b8d-a464-7b9e4624c9f5,scooter,39.942511,-82.966804,,27.77,True,False,False
Veo,104ef911-3c65-5cd6-95ab-7f456cc295e1,scooter,39.961357,-82.993877,,8.09,True,False,False
Veo,e2b9c17c-fc15-5aff-ba61-84260e7b4068,scooter,39.96632,-82.992921,,9.97,True,False,False
Veo,6ee33c34-9787-5573-b4fb-49bbc4974570,scooter,39.962395,-82.968968,,13.1,True,False,False
Veo,20d18525-1812-58e5-8ad8-ea95f3a2ce7c,scooter,39.972483,-83.006885,,6.98,True,False,False
Veo,a1f193c5-b6d2-5f49-9e39-c7f465cec60a,scooter,40.00414,-83.012793,,8.09,True,False,False
Veo,5209e7fb-d5cf-5f8e-9a7b-83007ad03be7,scooter,39.95771,-82.998883,,26.51,True,False,False
Veo,56c3ea03-d6c0-5d38-91ca-498bf7eccd85,scooter,39.958778,-82.999872,,28.14,True,False,False
Veo,799b4fac-b651-58c9-aeaf-65cc0871bec4,scooter,39.963612,-83.000755,,14.43,True,False,False
Veo,f00eec25-feea-57bc-80d0-c92d096e3099,scooter,39.95763,-82.999424,,28.14,True,False,False
Veo,12bc48bf-945d-5277-8c73-979e0a9db81c,scooter,39.964945,-82.984834,,10.31,True,False,False
Veo,6e3dcd6e-d56f-5d91-a1e0-a9aab82ccf13,scooter,39.964959,-82.964736,,10.31,True,False,False
Veo,ccd666ff-dd11-5ba5-8da4-3ba6499779b7,scooter,39.887615,-82.968045,,11.11,True,False,False
Veo,f24a4204-e282-59d5-968d-c5da71c93a67,scooter,39.968736,-82.980066,,28.14,True,False,False
Veo,8fcb0957-d39e-5f9f-8521-6bb372aa07d0,scooter,39.969125,-83.003805,,28.14,True,False,False
Veo,cd69741e-668f-55ef-b2e2-f2d37cb3c253,scooter,39.997073,-83.009749,,12.07,True,False,False
Veo,ea5703aa-2680-56f3-aaf9-8a7003bcae77,scooter,39.962484,-82.999971,,28.01,False,False,True
Veo,9e6a1806-6b17-5496-a03e-e76071e22ce5,scooter,39.955158,-83.019713,,21.15,True,False,False
Veo,f3c65685-3eab-5ed4-967a-35a04eff11e9,scooter,39.935916,-82.97613,,25.94,True,False,False
Veo,d223c290-f0ed-53d0-b7d5-976ed8472b5f,scooter,39.954894,-83.011422,,28.14,True,False,False
Veo,00b2573b-e442-5a0d-a52d-05a758df7d94,scooter,39.975288,-82.982747,,25.94,True,False,False
Veo,3e9a9a19-acb4-59cb-929e-e07a312c5ac7,scooter,39.985683,-82.995475,,18.67,True,False,False
Veo,718869e2-7f06-5d6c-8a25-527ce1a8a4a2,scooter,40.105729,-83.104795,,24.33,True,False,False
Veo,84dfc2c8-8cae-547e-9c75-6954fe9088ba,scooter,39.96624,-83.001147,,28.14,True,False,False
Veo,bebc54b3-d21b-5982-93e0-295c6ad855b8,scooter,39.984531,-83.027787,,21.77,True,False,False
Veo,cdd56c31-a60b-5eaf-bbea-07ebbd3a008b,scooter,40.00194,-83.001159,,10.31,True,False,False
Veo,c38cb7f0-cd67-5c06-ba90-cc00f7e7cb20,scooter,39.993917,-82.983324,,11.11,True,False,False
Veo,d4482b3d-7f2b-5c88-81f7-494a7d0718c9,scooter,40.0041,-83.012829,,17.37,True,False,False
Veo,cf52ce00-76ae-505d-afa8-bc291960c828,scooter,39.969148,-83.003843,,13.1,True,False,False
Veo,19e93f03-db97-5546-8ce3-f8005d09858e,scooter,39.943191,-82.996574,,18.67,True,False,False
Veo,c9098855-a626-5096-b5e2-e8dfc14f99fd,scooter,39.993933,-82.983352,,28.14,True,False,False
Veo,e3798fc0-3d6c-52c6-87a4-0c6b0be9afc2,scooter,39.996141,-83.020548,,12.63,True,False,False
Veo,7f62bc06-8b5c-515d-ac12-7c93902eeb59,scooter,39.956095,-82.945254,,28.14,True,False,False
Veo,164124cd-ed0c-530b-aa46-9af734310722,scooter,40.001889,-83.008788,,24.33,True,False,False
Veo,50ac7427-6663-5cfd-bae8-07aecadc878b,scooter,39.965284,-82.982318,,25.65,True,False,False
Veo,b42a3658-8936-51fd-b9d0-3a34ea3186f0,scooter,39.995992,-83.019702,,13.1,True,False,False
Veo,cb25ea10-fd87-5e68-8774-80c8d2645e4f,scooter,40.001359,-83.001731,,23.02,True,False,False
Veo,b64495ae-2b39-5452-99b6-09bd9446ef52,scooter,39.969444,-82.982847,,25.34,True,False,False
Veo,69d69211-894c-501c-ad76-b28c90cdeb99,scooter,39.98101,-83.003086,,26.25,True,False,False
Veo,a3d0d3e5-3081-57f8-9401-1998ab38da93,scooter,39.935019,-82.992848,,17.37,True,False,False
Veo,57d8d375-a65f-5249-a35d-ab8690b7cbde,scooter,39.993789,-82.978632,,10.79,True,False,False
Veo,b775242e-a78c-50a0-84b7-30cb4e564903,scooter,39.983918,-83.014154,,14.86,True,False,False
Veo,069e881a-454f-5fed-a5e5-a0073bb2c1d5,scooter,39.977409,-83.002595,,16.84,True,False,False
Veo,077d2bd3-8fd5-5811-9ab8-820e31f5ee6a,scooter,39.935807,-83.120772,,0.33,True,False,False
Veo,4b831cbc-7db4-508d-bb65-c029dbc4fdc3,scooter,39.993499,-82.981075,,6.67,True,False,False
Veo,8237d40a-2a29-5372-8e15-2d53bb3d345f,scooter,39.971276,-83.004746,,19.78,True,False,False
Veo,4c76fcfe-3f88-59ea-9d4f-512fa5be507f,scooter,39.934976,-82.992837,,20.78,True,False,False
Veo,5af20123-f635-5d47-b5fa-d97fc4161b49,scooter,39.962223,-83.004181,,28.14,True,False,False
Veo,7efed896-946a-5abd-be1c-cc9340ce184c,scooter,39.965189,-82.976134,,24.84,True,False,False
Veo,ab72414f-b184-59f4-b4c8-b32e448d448d,scooter,39.971645,-83.007822,,25.34,True,False,False
Veo,f073a5ae-a679-5d30-8e90-c39fa07a9996,scooter,39.969206,-82.999626,,24.06,True,False,False
Veo,654478fb-ed7c-5b7e-8721-4c2549ed5386,scooter,40.000379,-82.997206,,9.65,True,False,False
Veo,2418ba8e-8389-5f6f-96af-f82c2a12f3e6,scooter,39.967851,-83.012299,,27.44,True,False,False
Veo,620d6a39-415d-53c7-90ec-50a46b3f41fa,scooter,40.007305,-83.016719,,28.14,True,False,False
Veo,9ba44da4-3e28-5d7e-9f43-1f04e5d403bf,scooter,39.958569,-83.002648,,28.14,True,False,False
Veo,13eb1465-c34b-5016-bf53-11c9578a14da,scooter,40.003071,-83.020302,,28.14,True,False,False
Veo,819de073-fcdb-502c-9d4c-9569d00f8f13,scooter,39.983308,-83.016145,,19.05,True,False,False
Veo,11d5cf03-d998-57e6-9069-f9aba5dc2466,scooter,39.969019,-83.00016,,8.09,True,False,False
Veo,523c51b9-2f3d-58d9-9dff-d6a91b14a328,scooter,39.966831,-82.99625,,25.34,True,False,False
Veo,4274229d-1ef2-5448-a3e0-ff9ae847ecbe,scooter,39.929353,-83.117054,,3.13,True,False,False
Veo,111c875a-fa68-5d1c-86ef-c4235e6b4fc6,scooter,39.956013,-82.99956,,14.43,True,False,False
Veo,8b942eaf-3036-5759-aaf5-4334ee0c5570,scooter,39.969944,-82.963837,,28.14,True,False,False
Veo,622e342c-9586-54e3-a771-fd79a071ec44,scooter,39.960809,-83.012797,,28.14,True,False,False
Veo,e8203680-5fe5-5870-87da-fe1a78ca1423,scooter,39.958566,-83.013738,,27.77,True,False,False
Veo,bbec6b4c-67ab-5652-9f70-2f770b24f509,scooter,39.972251,-83.002433,,12.52,True,False,False
Veo,8d9746fa-3704-5def-9c23-243723695831,scooter,39.974905,-83.002477,,7.62,True,False,False
Veo,fd762a04-c93a-5679-969b-f223fc2c17f1,scooter,39.958542,-83.012832,,25.94,True,False,False
Veo,a721934d-1628-5ee8-b32c-57cb1055909a,scooter,40.004059,-83.006534,,19.05,False,True,False
Veo,cdee0ddd-9778-5c4f-9cf9-25fff987ff62,scooter,39.993902,-82.983291,,28.14,True,False,False
Veo,ea539830-1f84-59b5-b557-2684025263be,scooter,39.987145,-83.001883,,14.86,True,False,False
Veo,70881902-9cf9-5af3-ab79-3d502f5680b7,scooter,39.964055,-82.999744,,28.14,True,False,False
Veo,6b527cce-e072-57ab-b19d-3c18e79372b3,scooter,39.991847,-83.023266,,0.33,True,False,False
Veo,9279f950-3d55-5587-9383-7a855a3eb78c,scooter,40.011527,-82.954312,,14.86,True,False,False
Veo,e8610b9b-1ff2-56eb-8ee4-d0f8120cd845,scooter,39.991843,-83.00171,,14.86,True,False,False
Veo,c99e769d-7f5c-50c0-bff4-6934a59a7b4e,scooter,39.959212,-82.99499,,17.37,True,False,False
Veo,a77d350e-2bf9-5247-ade6-3e7216568e8e,scooter,39.986173,-83.015237,,12.28,True,False,False
Veo,1906cc09-7772-5431-81fd-91887003d6f2,scooter,39.963228,-82.981322,,28.14,True,False,False
Veo,91697169-a38a-56a7-ac17-64a94f71de73,scooter,39.969036,-83.003902,,27.44,True,False,False
Veo,48993e9d-1f55-5dab-96fa-50ad7d239ab4,scooter,39.955962,-82.945241,,28.14,True,False,False
Veo,872ae413-0320-5bdc-9d8c-1cb947fbf4d6,scooter,39.963447,-83.001425,,25.94,True,False,False
Veo,a5dbedd0-22d3-5be3-9e87-b9c30540c221,scooter,39.968171,-83.012392,,26.25,True,False,False
Veo,e35a88a9-c549-5dc5-a601-2700a64ab251,scooter,39.993928,-82.983377,,24.33,True,False,False
Veo,5555405f-ef31-5fbf-8a94-12cdc6e8fca6,scooter,40.002567,-83.020777,,28.14,True,False,False
Veo,13ceeab7-4ab9-5566-8b1f-d4b43a8c6bdf,scooter,40.00569,-83.014003,,7.29,True,False,False
Veo,1d03d32c-26cf-5ce1-9b52-03954967c4ee,scooter,39.99303,-83.007767,,28.14,True,False,False
Veo,fcaaf953-83e6-5de8-a2f6-190611ec32db,scooter,39.998247,-83.021038,,3.81,True,False,False
Veo,5bc251cf-1abb-5b1c-ae9b-218c9e26e4f5,scooter,40.001528,-82.999232,,22.05,True,False,False
Veo,d21ada35-edf6-5fb7-8805-d0d87effc559,scooter,39.962766,-83.001005,,8.09,True,False,False
Veo,4de0b5de-a6bc-572b-9008-1673f180d15d,scooter,39.934712,-82.983054,,13.64,True,False,False
Veo,7e436609-885c-54ad-ba34-73a46eac8813,scooter,39.972004,-83.045909,,8.43,True,False,False
Veo,15e7510d-b339-5141-89f7-ecc918f08608,scooter,39.956897,-83.072896,,23.02,True,False,False
Veo,2f7988ed-cdcb-5795-9237-05b123f5a593,bicycle,40.006239,-83.016675,,15.18,True,False,False
Veo,570e66f6-5a8f-5a9a-85c1-211b39924947,scooter,40.032087,-82.972697,,14.86,True,False,False
Veo,baf33c70-e12e-50ed-941e-adf749c38d2e,scooter,39.996232,-83.01716,,24.33,False,False,True
Veo,31a1217f-125f-54d6-bbcd-fca16fe0cc6b,scooter,39.95738,-83.011424,,19.05,True,False,False
Veo,b6d1e6a1-ce79-546f-98af-28079f23eb15,scooter,39.986139,-82.988847,,20.37,True,False,False
Veo,329d6fd1-132c-5b0f-9149-956bcd6cba56,scooter,39.995119,-83.003659,,13.39,True,False,False
Veo,c0f6212b-303c-5b97-9373-ea0bdbd2b68e,scooter,39.952679,-83.032014,,16.39,True,False,False
Veo,32a886e1-7c16-5948-ab4d-70c2f0c1bade,scooter,39.900825,-82.998536,,24.06,True,False,False
Veo,1265c018-e987-5d02-ab1e-7c84b897d012,scooter,40.001906,-83.001101,,17.37,True,False,False
Veo,8ffea3be-c016-5c6b-96d6-676e3d626ef9,scooter,39.9571,-82.938128,,28.14,True,False,False
Veo,96d23e7a-aa6c-5663-a5be-3eb6f6ac377c,scooter,39.959205,-83.002011,,12.07,True,False,False
Veo,c3ff5797-65e7-529f-9f9f-d00e12128027,scooter,39.970515,-83.002267,,15.18,True,False,False
Veo,ce3a71ee-401d-5931-97b8-9a7e6a82d9c1,scooter,39.972149,-82.980919,,20.05,True,False,False
Veo,55fe52ee-cec4-5333-9ceb-dd34404644db,scooter,39.994537,-83.017409,,12.07,True,False,False
Veo,80319536-59ba-5d7c-aa4e-2cb292dd0126,scooter,39.9629,-83.000414,,22.39,True,False,False
Veo,b5a4d80f-585d-5849-bb8b-b42d1de38d1b,scooter,39.96564,-82.996662,,22.7,True,False,False
Veo,39704ea4-2ae5-5137-a819-fcb92a3ec94c,scooter,39.99677,-83.004629,,24.33,True,False,False
Veo,2ea6904c-0e14-5d41-b8ac-7b26f4f4a681,scooter,39.989654,-83.005502,,25.65,True,False,False
Veo,d0730b51-0de7-5f9f-b1ab-00ea6caa4086,scooter,39.973872,-82.877647,,13.86,True,False,False
Veo,f56ef4d3-ab26-57df-b992-6939441b9506,scooter,39.995282,-83.016904,,8.09,True,False,False
Veo,4ec96187-2bd6-5e10-b881-6f4daa2a6e01,scooter,39.959129,-82.978549,,8.43,True,False,False
Veo,9b512a31-b531-508c-83da-c068a21057b1,scooter,39.996934,-83.007379,,28.14,True,False,False
Veo,b50a8791-3cf8-506b-9fd1-d59cb7b4836b,scooter,40.009382,-82.983124,,24.06,True,False,False
Veo,fd312e84-66a8-52c2-9636-df6786ad655d,scooter,39.960623,-82.995097,,13.86,True,False,False
Veo,1143a202-4463-59fb-8f4a-2e90c9feb99e,scooter,39.98687,-83.009473,,28.14,True,False,False
Veo,f3fa7133-e54b-5d90-b253-00272400dad3,scooter,39.955989,-82.945382,,2.09,True,False,False
Veo,bededbc4-a3c2-5775-bacf-58d87d1b44c1,scooter,39.99459,-83.017464,,22.39,True,False,False
Veo,65547960-6c46-5cc9-a782-fad727e71685,scooter,39.957086,-82.938117,,28.14,True,False,False
Veo,3b0d6c47-7543-5527-8eae-1040dbe5e7a5,scooter,39.985187,-83.005459,,13.39,True,False,False
Veo,838768bb-8477-5074-96c3-dab30c28123e,scooter,39.948173,-82.942143,,20.37,True,False,False
Veo,8d3d520e-92ef-50e2-a1b7-5aca721cbdc1,scooter,40.00354,-83.008695,,25.34,True,False,False
Veo,2b21c3e9-33d9-5e85-9b3d-60c382e0a0cd,scooter,40.103822,-83.108941,,28.14,True,False,False
Veo,98134460-d2a9-5ae3-8f8e-f39d93684a88,scooter,39.991652,-82.998301,,3.81,True,False,False
Veo,e3fd9478-9bb2-5d1e-af5f-f94d5fc431cc,scooter,39.959591,-83.013224,,21.15,True,False,False
Veo,29dbb2ff-504f-5506-bc71-164d1663e73b,scooter,39.964869,-83.002489,,27.77,True,False,False
Veo,d77b7c44-1ced-5379-95fb-27a1a32c172c,scooter,39.97044,-83.002191,,25.74,True,False,False
Veo,9e17b7b9-81d8-547e-a617-98318eaec051,scooter,39.955197,-83.001163,,26.78,True,False,False
Veo,7f15226b-9040-5245-a704-79215a3d0a02,scooter,39.922628,-83.03451,,0.85,True,False,False
Veo,6e6de0af-df83-573f-9bb2-850ad138bd6b,scooter,39.957961,-83.013703,,23.02,True,False,False
Veo,94ded7d2-1d8e-503c-aadf-b0683280cfb9,scooter,39.987735,-83.00637,,28.14,True,False,False
Veo,9ad01403-11d1-5a43-8420-be9b3e73648f,scooter,39.989228,-83.046817,,17.37,True,False,False
Veo,f324af6f-8908-5f31-891f-77bd5436cb58,scooter,39.966027,-83.001519,,28.14,True,False,False
Veo,89bd5cd6-cb0d-5ada-92e4-b5bf8402ee74,scooter,39.987038,-82.990059,,6.31,True,False,False
Veo,a1a9c3c2-3ced-5dbd-9a49-7b51ed99cc1c,scooter,39.993761,-83.006853,,13.39,True,False,False
Veo,d2501ff5-3324-5569-8b53-e3eb8c282e35,scooter,40.105939,-83.106282,,9.97,True,False,False
Veo,3033ea42-b9ba-5a62-ac92-d6ca2292f9bc,scooter,39.993969,-83.004595,,27.02,True,False,False
Veo,04020139-e8e6-5c55-b483-5d8393691772,scooter,39.97698,-82.995071,,22.7,True,False,False
Veo,02a5fafa-c233-5241-9d5d-455a10265209,scooter,39.993522,-82.981081,,9.97,True,False,False
Veo,93a657f0-2124-515f-82d0-beaa52ac0d26,scooter,40.004283,-83.002023,,12.63,True,False,False
Veo,89640c5a-f923-57cb-919c-1fe632a1e206,scooter,39.963033,-82.976574,,24.06,True,False,False
Veo,9a66dfcb-93e4-5437-bf6f-7f7dceb512c9,bicycle,39.991554,-83.009051,,1.15,True,False,False
Veo,4a4e88e9-0bf5-5aa7-986c-4abe9480968d,bicycle,39.947145,-82.997476,,12.63,True,False,False
Veo,f70f8e28-e74c-5b08-a882-2830a05eeb65,scooter,40.008194,-83.013833,,28.14,True,False,False
Veo,b969ba23-def0-51f0-be42-51f9c705deed,scooter,39.932053,-82.967152,,23.02,True,False,False
Veo,10d04c24-2776-5d5e-ba30-e95b887704f5,scooter,39.970967,-83.004408,,28.14,True,False,False
Veo,9e6d2067-aa68-57b4-8d5a-b66b17058ae7,scooter,39.953002,-83.02693,,12.87,True,False,False
Veo,3efdd7b3-52c4-5b21-a4ce-5f829d367536,scooter,39.993657,-83.008437,,6.98,True,False,False
Veo,2a9454de-462e-5c1e-b902-2701375bd072,scooter,40.139135,-83.120398,,5.44,True,False,False
Veo,31c1a2a3-f01f-51c1-a966-a1d820f3ce71,scooter,39.96931,-82.999761,,18.19,True,False,False
Veo,8d70e5d8-e189-52fd-b5a3-07a046ff6716,scooter,39.967608,-83.013517,,8.09,True,False,False
Veo,b0e12d32-79fe-51a6-87c3-f9d77fdc8863,scooter,39.994024,-83.006834,,28.01,True,False,False
Veo,7b059e7d-7c21-5b18-80ac-1a29c4e1fda5,scooter,39.956707,-82.987964,,10.79,True,False,False
Veo,38ff14cc-01b4-5aa4-8c33-68df14f907f1,scooter,39.95323,-82.993242,,22.05,True,False,False
Veo,0d9d9503-27fc-5f86-b1f1-660ace4e3082,bicycle,40.003923,-83.011038,,13.1,True,False,False
Veo,9d9ae3c5-7262-52e5-be99-f3c7c3a2f970,bicycle,39.928859,-82.950934,,12.28,True,False,False
Veo,2e91aefa-fa01-5209-a6f2-3eeb93fc7dc2,scooter,39.958058,-83.006453,,22.7,True,False,False
Veo,ff3c3cc3-d04c-5333-bc95-da0fc502b669,scooter,39.945372,-83.082046,,8.43,True,False,False
Veo,c6b769e2-d91e-5ad9-9703-d7ef30c9b5c5,scooter,39.961543,-83.03481,,3.48,True,False,False
Veo,3e1b9651-d370-5948-9b05-d0378684a872,scooter,39.996967,-82.999047,,14.86,True,False,False
Veo,0ab7d111-ee22-5ab4-9f6e-a5d2811ab433,bicycle,39.946799,-82.897174,,14.43,True,False,False
Veo,affe5eb2-3a40-5532-8331-a047f042db7a,bicycle,39.957492,-82.954563,,6.07,True,False,False
Veo,b1d34ab6-e426-569f-9d2e-1620c41080d8,bicycle,39.95597272041568,-82.94534782164625,,25.74,True,False,False
Veo,cff3bf3e-ca60-5ab0-ac84-4932cb9ed75f,bicycle,39.94751,-83.049254,,15.89,True,False,False
Veo,3f0393d8-073a-5296-89c5-69d59989d89c,bicycle,39.96126,-83.086776,,2.55,True,False,False
Veo,7dada803-67e0-57e2-b97a-142d23f3300f,bicycle,39.98545,-82.995348,,15.89,True,False,False
Veo,93feee90-1d42-54eb-b76f-d42fb6bb9539,bicycle,40.024454,-82.964666,,22.7,False,False,True
Veo,a7e98665-a3bf-5d08-b94d-22ac373558c9,bicycle,39.949018,-83.032001,,5.03,True,False,False
Veo,c593af93-904f-56bc-9da1-e38a221d5162,bicycle,39.95133,-82.979187,,28.14,True,False,False
Veo,2dd3cabb-7b22-5a43-9122-f65f2583ec48,bicycle,40.00186,-82.999024,,6.98,True,False,False
Veo,6aeff111-7d9f-54c7-a908-a37478b865c6,bicycle,39.949624,-83.026489,,27.18,True,False,False
Veo,df341504-f82d-5500-a5cb-df9b8e4e854d,bicycle,39.994187,-82.935937,,21.77,True,False,False
Veo,d89965cf-0761-5a14-b761-28cfdcd8c584,bicycle,39.968534,-83.01239,,27.44,True,False,False
Veo,b91589a7-7863-527a-881b-c262fd6eb41f,scooter,40.00404,-83.014082,,14.61,True,False,False
Veo,bd0a9a45-73d2-5458-9fe6-f331e48bd92e,scooter,39.967312,-82.949884,,20.78,True,False,False
Veo,0c82a5f0-9f31-5895-88a0-a378bba94df0,scooter,39.99554,-83.01467,,25.65,False,True,False
Veo,36ee11f7-bce3-5b2d-add8-bf4c654e963e,scooter,39.980499,-83.016141,,5.59,True,False,False
Veo,5ba7a800-eb40-5384-99d7-d24abe4e060c,scooter,39.957392,-83.011414,,27.77,True,False,False
Veo,74d0305a-08e1-5fe8-8660-c55cae985208,scooter,39.955244,-83.017653,,14.17,True,False,False
Veo,a2f72e6a-56d8-59d3-8ae9-3446a9c1d327,scooter,40.001955,-83.016436,,25.34,True,False,False
Veo,834c52ff-03cb-5942-8208-9ffa801bd550,scooter,40.004062,-83.021395,,17.89,True,False,False
Veo,913e1457-13f8-5f62-bf64-e0584aca788f,scooter,39.970363,-83.00241,,26.78,True,False,False
Veo,33947f82-6325-5c77-b418-c429f85111cd,scooter,39.962216,-82.989497,,28.14,True,False,False
Veo,57e97385-ff7a-5184-9fb5-684cce78e2b2,scooter,39.950559,-83.000599,,15.18,True,False,False
Veo,4f467794-1582-5a7d-b954-4f537594ca6e,scooter,39.977823,-83.009086,,20.37,True,False,False
Veo,b91c783e-adc3-5bf4-a21c-fa32e2413a0a,scooter,39.97101,-83.004407,,28.14,True,False,False
Veo,efb54aa6-49ce-5091-8bf2-b9a1b9a2f6b1,scooter,39.970455,-83.002058,,26.78,True,False,False
Veo,c49c5de4-4ee2-5498-b8b8-d050575599ee,scooter,39.949064,-82.911111,,9.02,False,False,True
Veo,6834ea18-54c2-55bf-a995-afdf882262c4,scooter,39.998387,-83.016603,,13.86,True,False,False
Veo,18924ecf-f928-5671-b3a5-d8db046f6bd9,scooter,39.944033,-82.996303,,27.44,True,False,False
Veo,a1bac762-ec2d-52f7-b2ad-486ba911bbd4,scooter,39.994359,-82.99961,,20.37,True,False,False
Veo,f10fdf3d-87e4-5d3b-a1b8-559a91d7ca30,scooter,39.953715,-83.095406,,28.14,True,False,False
Veo,32b12923-b0a8-5cfb-9482-814f0ada0683,scooter,40.096901,-83.091714,,12.63,True,False,False
Veo,38bc1d5f-bf48-5ff2-87a9-76cb9581905a,scooter,40.007896,-83.02645,,22.39,True,False,False
Veo,79873f7d-343f-50c8-b030-7a681ee1807f,scooter,39.985186,-83.005384,,14.61,True,False,False
Veo,54f45af1-2343-5ec1-8797-340891f47ced,scooter,39.956059,-83.053613,,24.84,True,False,False
Veo,bd70dded-325a-5b07-98f0-7ea4e16242aa,scooter,40.006162,-83.017053,,28.14,True,False,False
Veo,ea3fcd8b-ff9d-5ed0-be3d-7ac0f5837320,scooter,39.940466,-82.983623,,24.84,True,False,False
Veo,cbf5422b-0050-52c5-9fd0-ef990f755d47,scooter,39.970192,-83.004212,,28.14,True,False,False
Veo,9f7e2c9b-f135-5b3a-8f18-e22a82f137f4,scooter,39.995708,-83.009012,,25.34,True,False,False
Veo,77ee0143-7af6-57ee-a20a-3836e14e0401,scooter,39.959956,-83.039809,,11.34,True,False,False
Veo,f601597f-a0d7-5a5e-83fe-51400f414869,scooter,40.00669,-83.019044,,24.84,True,False,False
Veo,2d8ad44a-8221-5a86-95e6-18c3e6a0e0d9,scooter,39.961866,-83.000344,,27.44,True,False,False
Veo,a3e0bd7e-cdbe-51b4-b470-ab314cae5cbf,scooter,40.004986,-83.019531,,28.14,True,False,False
Veo,459a100e-d816-5e05-98ed-d0a26ce2465f,scooter,39.963105,-82.979458,,25.34,True,False,False
Veo,581cd842-fce2-5c01-a267-d998c61e8815,scooter,39.965904,-83.001431,,24.33,True,False,False
Veo,7b601496-6bab-58b7-9a2a-9fc5b8af33d0,scooter,40.104747,-83.110541,,28.01,True,False,False
Veo,cb62198b-bd1f-5471-8715-5b34f93e96ca,scooter,39.982373,-82.982319,,24.33,True,False,False
Veo,9a574cd0-e30c-5d4d-939d-54efacf617c3,scooter,39.980597,-82.999661,,25.12,True,False,False
Veo,d5d2c027-664b-5fd5-9aee-eaf1daa86556,scooter,39.967901,-83.008648,,20.78,True,False,False
Veo,ea74f95d-9a50-5658-80fa-4bc1d674fa45,scooter,39.947364,-82.974351,,27.77,True,False,False
Veo,85efb0f6-f12f-551d-940d-c48446c691c6,scooter,39.996592,-83.001954,,26.51,True,False,False
Veo,25544397-62d6-5f76-bfd3-f5d5f6a62909,scooter,39.968684,-82.981844,,5.83,True,False,False
Veo,2f9f2560-6659-55bb-a643-f40dd8289aa7,scooter,39.986912,-83.009436,,15.89,True,False,False
Veo,f6ffc20a-2006-52e2-a4bb-e15f6d6e773c,scooter,39.997252,-82.996173,,25.94,True,False,False
Veo,bdbe41e9-d2c0-54a6-84c6-48b470cf59c7,scooter,39.969948,-83.004918,,10.51,True,False,False
Veo,30db4fdb-61c6-5867-ac5d-73eaa5c9c17f,scooter,39.958222,-82.975337,,7.29,True,False,False
Veo,2ae8a1aa-20e2-50f3-8084-d68c810137c2,scooter,40.006837,-83.047922,,22.7,True,False,False
Spin,c25bc0ff-319a-42b6-9607-44cfd773dc43,scooter,40.01705,-82.965548,70.0,19.91,True,False,False
Spin,f00eea56-3abb-489a-a6ee-844fb8ae0255,e-bike,40.00716166666667,-82.97129166666667,76.0,20.78,True,False,False
Spin,67b16150-826a-42ec-a393-8373ce2a1aa2,scooter,40.000438,-82.976295,53.0,15.01,True,False,False
Spin,1bfe488f-f541-4e9e-9ae4-56e8b9a0d679,scooter,39.96811,-82.97773,45.0,12.29,True,False,False
Spin,a56695cc-cdb0-408c-9ac9-85bc3d4c3033,scooter,39.968009,-82.961759,34.0,9.8,True,False,False
Spin,142501da-e918-478d-bc81-09bd5bf299db,scooter,39.968427,-82.968,40.0,10.83,True,False,False
Spin,c87c8e60-aa21-4fe0-ad24-202b27c6469f,scooter,40.004456,-82.986841,47.0,12.88,True,False,False
Spin,cfa960d5-7f92-4fca-8262-5c454f4bf6af,scooter,40.013715,-82.96789,40.0,10.83,True,False,False
Spin,5c870bd8-6bc4-4f91-9e2f-592afb00447f,e-bike,40.016936666666666,-82.97362666666668,29.0,7.9,True,False,False
Spin,0b0ea26b-e023-4ddd-b81b-52b5aee6701f,e-bike,39.93861666666667,-82.996315,38.0,10.24,True,False,False
Spin,38f26d5c-189c-4256-9804-27882937c652,scooter,39.935123,-82.992837,24.0,6.44,True,False,False
Spin,5121888b-559b-44c6-ada6-e0d3ff6c7290,scooter,39.963265,-82.953303,54.0,14.63,True,False,False
Spin,b69c7eaf-2c98-466e-bc23-62f6eda7df8d,e-bike,39.99412333333333,-82.99311166666666,95.0,25.75,True,False,False
Spin,e8a22790-96c8-45c0-b5dd-5d00a6dc02df,e-bike,39.97038005,-83.0020474,59.0,16.1,True,False,False
Spin,dc5d93fb-45d2-4f8a-a40f-198ba14e0fee,scooter,40.017021,-82.965545,67.0,18.15,True,False,False
Spin,298379e0-ebd9-4ca6-8bf7-e28136766692,scooter,40.018105,-82.973295,44.0,12.0,True,False,False
Spin,0f1bd24d-fc91-46d1-a697-ec817f7c3277,e-bike,40.018305000000005,-82.97353333333334,89.0,24.29,True,False,False
Spin,a9f1138c-1789-4037-a34a-783ec41c6a23,scooter,40.018686,-82.978215,22.0,5.85,True,False,False
Spin,7e60f7d2-b328-4dc4-a854-617742fcad4b,e-bike,40.012903333333334,-82.96821833333334,39.0,10.54,True,False,False
Spin,3556db8d-3bbb-4bb3-a97b-85a3f494141f,scooter,39.97251145,-83.0039694,28.0,7.61,True,False,False
Spin,a21b4297-72b8-4a3d-8bc0-d5e6aae0494b,e-bike,39.97084666666667,-82.97350499999999,72.0,19.61,True,False,False
Spin,f1aab245-b2c4-41e6-a2ac-6351a05f1c8f,scooter,40.018729,-82.978205,58.0,16.54,True,False,False
Spin,be8fde37-e996-41fa-90b6-79e4f058688c,scooter,39.962368,-82.956739,46.0,12.58,True,False,False
Spin,9f4d2285-07de-4c40-91d0-ac8ff4a1dd9d,scooter,40.023684,-82.987258,71.0,20.22,True,False,False
Spin,d621ffc2-8b51-4cdf-a521-569ced2638b8,scooter,39.963255,-82.953258,48.0,13.79,True,False,False
Spin,c8826a34-6f5a-496c-9835-548848fb8d30,scooter,40.023698,-82.984061,86.0,24.51,True,False,False
Spin,3f48851f-07e7-42f9-95c2-1760f8a99b7c,scooter,40.023359,-82.981575,78.0,21.36,True,False,False
Spin,0c3cc8c7-614f-4626-b312-3f66aa82ec94,scooter,40.023453,-82.981544,85.0,24.2,True,False,False
Spin,a91aad78-8794-4739-be63-4080a1fd86ae,scooter,40.014179,-82.976754,84.0,22.83,True,False,False
Spin,c1f64d9d-f0a5-4233-9e6f-ba81323dc722,scooter,40.018692,-82.97822,54.0,14.63,True,False,False
Spin,9a7d7304-5354-494e-ab32-d16cb34429ca,scooter,40.014086,-82.974534,73.0,20.83,True,False,False
Spin,16ebd353-44c1-4a2a-8b91-a7c4d40ae1aa,scooter,40.013732,-82.967893,84.0,22.83,True,False,False
Spin,242602ec-5fa5-4995-ad98-28538eb7d69e,scooter,40.015508,-82.966421,77.0,21.07,True,False,False
Spin,6b1b2b35-a91e-47ff-8196-f453b8cc66d0,scooter,40.015538,-82.966457,62.0,16.97,True,False,False
Spin,89b2d18f-e39d-4743-b21f-399c62ab1e27,scooter,40.015534,-82.966376,80.0,21.66,True,False,False
Spin,d3fad22b-aac9-4cd0-afa2-c5be6f0c6ae0,scooter,39.987184,-83.010783,67.0,18.15,True,False,False
Spin,a929b67b-dcf8-4bb1-b681-36391622e9b9,scooter,40.017034,-82.965638,30.0,8.58,True,False,False
Spin,30441898-e643-4edb-9271-363bec313bd5,scooter,39.962455,-82.969165,48.0,13.79,True,False,False
Spin,41a79dee-cb17-4519-9f99-e4d05c56c956,scooter,39.96739663333334,-83.0155438,55.0,14.93,True,False,False
Spin,acc8e2b1-d939-4cf9-b7e6-24c4ccc18483,scooter,39.967384833333334,-83.01551249999999,77.0,21.07,True,False,False
Spin,dab428d0-cc12-4634-a659-6ffccae8109e,scooter,39.937625,-82.995295,45.0,12.29,True,False,False
Spin,00066e3b-100b-4a0e-ac13-9c3444be1dba,scooter,39.94944,-83.041676,60.0,16.39,True,False,False
Spin,6f2be29b-5f89-4f7f-a724-ceb2dc5b5980,e-bike,40.0032041,-83.00824220000001,61.0,16.68,True,False,False
Spin,2cf57c42-77e4-4f25-8c51-140a231889f1,scooter,39.96820853333334,-83.01359169999999,51.0,13.76,True,False,False
Spin,bd8820e7-10b3-43b2-8d16-3f02b05a24c5,scooter,39.957444,-83.012886,63.0,17.27,True,False,False
Spin,acb9b3e6-eb4c-44b0-97c9-048da4570294,e-bike,39.955236666666664,-82.99652333333333,73.0,19.9,True,False,False
Spin,0ba3fa7f-3917-401c-af0f-3615ad5509ed,e-bike,40.0065443,-83.00913029999998,57.0,15.51,True,False,False
Spin,f9bcee15-c2e7-4036-a533-80fda543d05c,scooter,40.015152,-82.970209,57.0,15.51,True,False,False
Spin,ad2548b2-a84f-4df6-a938-3dc5582ff56f,scooter,39.967323,-83.019076,83.0,22.54,True,False,False
Spin,3da74769-52a4-43cd-8dc0-b583ce209413,scooter,40.014276,-82.976723,48.0,13.79,True,False,False
Spin,9b9770cd-ab25-4b61-be90-41ef1e468e3d,scooter,40.012887,-82.968085,91.0,26.04,True,False,False
Spin,9513b09a-354f-47b8-9e3e-30804f13e3ca,scooter,39.957147,-83.041314,40.0,10.83,True,False,False
Spin,469b96a4-f16c-42ce-ab7f-e55044b0e1a7,scooter,40.012911,-82.968074,33.0,9.5,True,False,False
Spin,aeabb6f4-40e2-44f5-8d27-5d745a3481c6,scooter,39.97169105,-83.0025507,70.0,19.02,True,False,False
Spin,c57d60e6-0fbc-4095-86e5-f66b72239c00,scooter,39.966337,-83.002586,81.0,21.95,True,False,False
Spin,0adeaba1-3c41-4d29-9a90-9005d60a0bfb,e-bike,39.961364933333336,-83.00120940000001,29.0,7.9,True,False,False
Spin,0b65019e-275b-46af-a0c7-e42c877d3fbd,scooter,39.942318,-82.987594,33.0,9.07,True,False,False
Spin,52520170-0783-4990-8556-d10208854b0b,scooter,39.933177,-82.987721,58.0,15.8,True,False,False
Spin,3f92ba27-c2d6-4492-b66b-eb3a80a68e65,scooter,39.944694,-82.982445,33.0,9.5,True,False,False
Spin,bbe45c89-6b09-41b7-b2fd-95b49046132e,scooter,39.969339233333336,-83.01846079999999,52.0,14.05,True,False,False
Spin,876ef79f-b036-4c1c-9733-26cea267ac45,scooter,39.966676,-83.020229,39.0,10.54,True,False,False
Spin,f07ba474-c833-4af3-b93f-489befaa4625,scooter,39.96668463333333,-83.0202259,23.0,6.15,True,False,False
Spin,0e6bbaee-4991-4e05-8ef5-d9202747d894,scooter,39.967358,-83.01907,81.0,21.95,True,False,False
Spin,c1e8ebf3-43fc-4bea-9647-f3035fc3b78b,scooter,39.939751,-83.119856,42.0,11.41,True,False,False
Spin,0bd199fc-4ed1-4e80-9c5e-605ad1c2f2d3,scooter,39.962445,-82.969152,90.0,25.73,True,False,False
Spin,0f32f075-3a7a-404a-812c-a2d4cf1a4d4c,scooter,39.97365,-82.977633,76.0,20.78,True,False,False
Spin,24254b10-bf12-45e9-9f46-f66f0570bc78,e-bike,40.015555,-82.966395,83.0,22.54,True,False,False
Spin,cc58b99f-4927-4ac8-8592-7b39e6533de0,scooter,39.993557,-82.981106,46.0,12.58,True,False,False
Spin,a3396da4-244f-4770-a129-47ee51e8b76e,scooter,39.966397,-82.997057,34.0,9.37,True,False,False
Spin,4efb9cdc-7b2d-4733-9571-5b029e9cd63e,scooter,39.99381,-82.9825,46.0,12.58,True,False,False
Spin,0eaaa7a4-6a37-4707-8032-8774edf133d2,scooter,39.969947,-82.978304,88.0,25.12,True,False,False
Spin,373b0efb-c133-4e33-b4b8-777e552b3e04,scooter,39.96326,-82.98134,89.0,25.43,True,False,False
Spin,118239ac-57a9-4103-937c-7e880fc8aa5c,scooter,39.963168,-82.981615,87.0,24.81,True,False,False
Spin,dee64d8b-e12e-4502-860a-0404a60439dc,scooter,39.96516393333333,-82.99046193333334,34.0,9.37,True,False,False
Spin,57a6a89b-0795-4043-b3d8-53eeac8bd0a8,scooter,39.984907,-82.99702,34.0,9.37,True,False,False
Spin,ce9494eb-a422-451f-b70a-e54a9f8c41e6,scooter,39.967547,-82.979523,43.0,11.71,True,False,False
Spin,b7756d63-7fdb-4582-8ade-19848d2b6d2d,e-bike,40.0070207,-83.00990660000001,46.0,12.58,True,False,False
Spin,34ac5424-5432-428c-b738-8af3b5601cd3,e-bike,39.98601763333333,-83.0055462,27.0,7.32,True,False,False
Spin,5087aeae-d75a-41fd-bb50-8a30a2681084,scooter,39.935871,-82.988875,75.0,20.49,True,False,False
Spin,bf665513-fabb-4e6e-9b8c-c4d7cd319451,e-bike,39.99291783333333,-83.0073365,86.0,23.41,True,False,False
Spin,67a0c202-1dc9-40e3-bd46-9ba359e67f79,e-bike,39.94741,-82.99461666666666,51.0,13.76,True,False,False
Spin,3f4dd079-81ca-4e56-a765-9a63218c327a,scooter,39.993321333333334,-83.006734,23.0,6.15,True,False,False
Spin,69646e10-4caa-495e-8e47-1874cf9fda41,e-bike,39.93946833333334,-82.96672166666667,27.0,7.32,True,False,False
Spin,da2ce3ff-489f-4f30-a0ac-d57497f36d5a,scooter,39.960617,-82.98158,56.0,15.93,True,False,False
Spin,f7bd1810-e66f-4d2f-88db-37498e6ae366,scooter,39.994732,-83.006233,81.0,21.95,True,False,False
Spin,87805ad8-dcec-4f14-ad4a-6ca2b5f2f01c,scooter,39.945134,-83.065104,58.0,15.8,True,False,False
Spin,78da7127-6871-4f09-8299-878c4e36df27,scooter,39.962182,-82.982135,80.0,21.66,True,False,False
Spin,7b5205f7-3e53-4e86-b49f-5dcf50ed63eb,scooter,39.960776,-83.013926,74.0,20.19,True,False,False
Spin,08188645-e980-4e84-8cfd-a47d388464ce,scooter,39.967804,-82.97689,80.0,21.66,True,False,False
Spin,3c152ddf-be47-4c66-9b7c-a2e80e88c2c5,scooter,39.967811,-82.976889,74.0,20.19,True,False,False
Spin,efad5cd8-da86-4cf1-90a7-85479f8cb7c8,scooter,39.955663,-83.012514,75.0,21.44,True,False,False
Spin,d702ada4-0be8-4884-a78d-7a4b23c8785a,scooter,39.935932,-82.988817,23.0,6.43,True,False,False
Spin,dc07e22a-7a9a-427e-a0ab-9af958e76834,scooter,39.935961,-82.988872,48.0,13.17,True,False,False
Spin,4eebd41c-4074-45cc-8643-1b76f32aedb9,scooter,40.008317,-82.970808,22.0,5.85,True,False,False
Spin,01ec7b04-1ead-4ae8-b9e2-d35775aec0e1,scooter,39.927648,-82.995509,17.0,4.9,True,False,False
Spin,bc57c55f-13a2-42fc-a039-e6d4cffff954,scooter,39.927562,-82.965144,75.0,20.49,True,False,False
Spin,2b10bf65-0fca-4b12-9df7-ecaa957afa6b,scooter,39.964807,-82.987089,72.0,19.61,True,False,False
Spin,5fcd9dde-6d74-432c-8cd6-393733dccef1,scooter,39.946118,-83.016905,54.0,14.63,True,False,False
Spin,bc4ba96c-f157-4e33-ab88-e0b9eb0926df,scooter,40.011936,-83.013186,46.0,12.58,True,False,False
Spin,6bf21054-571a-414e-a50f-0c8ab1f51b30,scooter,39.97812665,-83.0029672,48.0,13.17,True,False,False
Spin,876bd105-f6eb-44e3-b665-159b6cdb1218,scooter,39.935599,-82.986301,58.0,15.8,True,False,False
Spin,3ef7fcc5-94e8-43c9-8495-a52bc40644de,scooter,39.970979,-82.979323,66.0,18.69,True,False,False
Spin,a3b022d4-23d6-4a37-a024-37059497f44d,scooter,39.964919,-82.978514,31.0,8.49,True,False,False
Spin,fbaeb291-7b42-484d-928f-ffcc7dcb905b,scooter,40.040934,-82.977361,44.0,12.0,True,False,False
Spin,d31a02a8-491d-4308-ae0b-d3c03afd6062,e-bike,40.01700166666667,-82.97840333333333,24.0,6.44,True,False,False
Spin,bbf5765f-bbb3-4d2d-b851-29cca36497d5,scooter,40.009117,-82.970789,28.0,7.96,True,False,False
Spin,f727ba75-5636-4a57-bd8b-153475469486,scooter,39.985564,-82.9953,58.0,15.8,True,False,False
Spin,e1cb5e08-565d-494b-bde2-84688759ee51,scooter,39.971489,-82.978145,56.0,15.93,True,False,False
Spin,e86d4197-4b34-463d-bd58-1efbff48b3da,scooter,39.96865,-83.004836,20.0,5.56,True,False,False
Spin,afc08179-0b06-42d9-a2bf-1427a17ae031,scooter,40.023674,-83.002294,82.0,22.24,True,False,False
Spin,d897e91e-4f1d-41be-8a67-dbf46fadda30,e-bike,39.957411666666665,-83.01140666666667,44.0,12.0,True,False,False
Spin,e8ca7bfb-cc9c-4e3e-93b1-1eddc7d62605,scooter,40.015535,-82.986598,45.0,12.29,True,False,False
Spin,94953c75-4bd9-43f8-b7f0-f6df669d4774,scooter,39.933131,-82.995935,44.0,12.0,True,False,False
Spin,e0d9c5a4-4c86-419d-b2a4-e16224993025,e-bike,39.98631833333333,-82.95284166666667,63.0,17.27,True,False,False
Spin,7f64f3e1-1d7c-4149-bd2a-2df4ee43fcae,scooter,39.987419833333334,-83.0055374,25.0,6.73,True,False,False
Spin,bf47c8a4-bc60-4e26-b733-746ebff27818,scooter,39.98806985,-83.0056295,89.0,24.29,True,False,False
Spin,1697a86c-f221-4057-9973-1aac947cde7d,scooter,39.960891,-83.012528,72.0,19.61,True,False,False
Spin,9d4fc367-94e0-479f-91ba-366ad9c532c0,scooter,39.974048,-82.956764,98.0,26.63,True,False,False
Spin,946ae15e-f4c1-4ba9-acd0-54292941f9e2,scooter,39.994065,-83.005757,37.0,9.95,True,False,False
Spin,333d0c0d-7fb4-4fed-bcca-bafb782dc8fe,e-bike,39.99722,-82.97784333333333,43.0,11.71,True,False,False
Spin,09e56e2e-744f-4dfb-9ac3-7e7920ec7970,scooter,39.997204,-82.977876,73.0,19.9,True,False,False
Spin,6f845227-6ade-43f1-9101-896653f838a1,e-bike,39.993813333333335,-82.98245166666666,96.0,26.05,True,False,False
Spin,adae8137-b3e6-429b-89a9-862f7e72b91f,e-bike,39.99332603333333,-83.00686040000001,71.0,19.32,True,False,False
Spin,7f29db7c-bd11-4f2e-8a93-d487e5e742cd,e-bike,39.98457166666667,-83.00429166666666,89.0,24.29,True,False,False
Spin,b4afc181-c866-4e73-9b8f-56a1dc61f4c0,e-bike,39.96693166666667,-82.99513999999999,35.0,9.66,True,False,False
Spin,25048d4f-fb16-4b2d-9728-d10c8a451e93,e-bike,39.97199515,-82.95629263333333,54.0,14.63,True,False,False
Spin,8d40ebb6-a4cb-4f85-bf81-a01ed872dd0d,scooter,39.961254333333336,-83.0031311,68.0,18.44,True,False,False
Spin,865b9fc2-7c1f-4420-a071-ecfb8cf7ad3f,scooter,39.955571,-83.02622,38.0,10.72,True,False,False
Spin,2d5b0e3f-1fc4-457f-900b-1d18fd658800,e-bike,39.964180000000006,-83.00113000000002,35.0,9.66,True,False,False
Spin,a15e4bc4-6152-46d5-adab-dcf46123e7dc,scooter,39.930652,-82.997064,76.0,20.78,True,False,False
Spin,ac64f616-1f5e-4d2b-9ed6-8104e975748e,e-bike,39.992550433333335,-83.0017444,42.0,11.41,True,False,False
Spin,dbf1c194-b03d-4d86-9269-858f1141db8c,scooter,39.980245,-83.00891,37.0,9.95,True,False,False
Spin,576a7dee-f186-476f-9f6c-67c2ab356615,scooter,40.014932,-83.010715,31.0,8.49,True,False,False
Spin,00be2d43-9ab3-4f72-8785-2f802a5dbab1,e-bike,40.0124584,-83.01243070000001,29.0,7.9,True,False,False
Spin,ab28dafa-9f7c-4a7c-a4dc-4e75421f5a72,scooter,39.96743463333333,-83.0154939,44.0,12.0,True,False,False
Spin,f48ae609-0bc1-4546-abab-64b984623675,scooter,40.0018514,-83.00802819999998,76.0,20.78,True,False,False
Spin,597cd919-26f7-4aac-a43c-445192d9e955,scooter,40.001565199999995,-82.97929975000001,73.0,19.9,True,False,False
Spin,5936f55c-5e44-4f7b-a4f1-e317ef0ee657,e-bike,39.995152233333336,-83.00511900000001,55.0,14.93,True,False,False
Spin,170103f0-a6e2-4076-9e88-05e074c07b81,e-bike,40.0092343,-83.0114294,29.0,7.9,True,False,False
Spin,875d8c81-3f40-4ecd-ad3e-115824dcca53,scooter,40.012775,-83.010925,91.0,24.88,True,False,False
Spin,4e7c3380-2b2b-410b-8e2b-89e307da25c1,scooter,40.01276,-83.01099,92.0,25.17,True,False,False
Spin,7f93f9b3-1558-4aaa-b488-a44756785424,scooter,40.017098,-82.965526,68.0,19.3,True,False,False
Spin,07b07fcb-996d-4746-81c5-b60f9330d121,scooter,39.961222,-83.006558,87.0,24.81,True,False,False
Spin,53b04c33-625a-4247-8844-54bdf6568b34,e-bike,39.970074999999994,-82.95493499999999,77.0,21.07,True,False,False
Spin,e17c4b17-a4f0-485c-90a7-79900238aa21,scooter,39.967414,-83.019204,47.0,13.48,True,False,False
Spin,97e491f3-79f2-490c-bb94-efb0b1c60687,scooter,40.014072,-82.988803,26.0,7.02,True,False,False
Spin,fe45d6f9-f995-461a-ba3b-d08b4faa7bad,scooter,39.984279,-83.023976,55.0,14.93,True,False,False
Spin,5d4d7005-8043-4486-b470-8b6680aed9f9,scooter,39.971008,-82.979276,73.0,20.83,True,False,False
Spin,104eff4b-3385-4989-8023-f401ab208313,scooter,39.977934,-83.002934,46.0,12.58,True,False,False
Spin,25fc9994-ccfa-4f7e-b808-a5cb7546a656,e-bike,39.97702725,-82.99841863333334,51.0,13.76,True,False,False
Spin,2c4925ce-759d-464d-8259-a7a1da06a709,e-bike,39.93815666666667,-82.96807666666668,26.0,7.02,True,False,False
Spin,bc0b3201-7812-450b-b7d1-a435747ef605,e-bike,40.006338,-83.01338390000001,66.0,17.85,True,False,False
Spin,27435683-648f-4352-af2e-3dd59df85a43,scooter,39.99329993333333,-83.006806,33.0,9.07,True,False,False
Spin,c687c68f-ca59-40fa-82a0-34f4ebc77446,e-bike,39.96693166666667,-82.99515833333335,95.0,25.75,True,False,False
Spin,90caace9-b3d1-405a-842f-72ef873b48d7,scooter,39.94509623333333,-82.99447973333332,38.0,10.24,True,False,False
Spin,0d3e985e-ad97-4d97-93cd-e8f65938c30b,scooter,39.963123,-82.980115,54.0,15.32,True,False,False
Spin,08bd3e54-5da5-4388-98bd-24d7dc84e699,e-bike,39.998138833333336,-83.00397079999999,43.0,11.71,True,False,False
Spin,6674d9b8-4e7f-481c-8b6a-94857155ea86,scooter,39.97072495,-83.00124339999999,94.0,25.46,True,False,False
Spin,238509c4-b99c-4a5a-b357-e87f9eb62dd4,scooter,39.957724,-82.986809,62.0,17.77,True,False,False
Spin,0d948b83-d1a3-4a05-a9fd-065bc180a612,scooter,39.95192493333333,-82.99765243333334,80.0,21.66,True,False,False
Spin,f4e44a96-5b17-4e32-a323-6445aa376933,scooter,39.95191283333334,-82.99765043333333,49.0,13.46,True,False,False
Spin,3a93471c-3f26-42c7-94e2-0c90bbf28ca5,scooter,39.96301,-82.976487,83.0,22.54,True,False,False
Spin,dde0517c-fcfb-42c5-8c97-ba958235ec81,e-bike,39.96275166666667,-82.97002333333333,58.0,15.8,True,False,False
Spin,18f5065a-e278-43df-8ff1-619f2fa7ff87,scooter,39.98367963333333,-83.0207275,23.0,6.15,True,False,False
Spin,1693c4dc-9ed3-448d-8f88-53ac1f95c4a4,scooter,40.051626,-82.918182,37.0,10.42,True,False,False
Spin,3f0584b7-626f-4f47-9e04-a7e99e9343f7,e-bike,39.93969666666667,-83.06789666666667,35.0,9.66,True,False,False
Spin,6fd06cee-5929-480f-a3d7-02463ca543a4,e-bike,39.94990348333333,-83.00170548333332,87.0,23.71,True,False,False
Spin,53a7f86d-37bb-46a4-8fb0-d176a6e66dd6,scooter,40.0006975,-83.00231620000001,95.0,25.75,True,False,False
Spin,cb6111d1-35ff-46ad-b1de-649059fc07e9,e-bike,39.944187533333334,-82.99728273333334,31.0,8.49,True,False,False
Spin,0787908e-99f5-45df-bea9-2a689732288f,e-bike,39.996093333333334,-83.00265333333333,29.0,7.9,True,False,False
Spin,a52acdd2-717d-485a-8ce9-ce8fcabe7648,e-bike,39.97883815,-83.00415360000001,20.0,5.56,True,False,False
Spin,6457117f-810a-4cc9-b4c8-3def4a20ea19,scooter,39.979785,-83.010316,76.0,20.78,True,False,False
Spin,eff97366-4673-4333-9d3e-d00ecf5a2267,e-bike,39.95189713333333,-83.0073949,85.0,23.12,True,False,False
Spin,2135e418-a8ee-411c-9de1-3f52ea879019,e-bike,39.97906255,-83.0032141,24.0,6.44,True,False,False
Spin,10717b73-6822-4dd0-901b-1960c9dc1849,scooter,39.976706150000005,-83.0035802,33.0,9.07,True,False,False
Spin,cc84cb4e-86b3-4bcb-ab75-8b1aef7253e0,scooter,39.989217,-82.995084,45.0,12.29,True,False,False
Spin,e495534d-7e44-40a5-a023-c90054a64898,scooter,39.95850423333333,-83.0091342,55.0,14.93,True,False,False
Spin,2dc228ed-1841-4c1b-bfc3-9d01863bf16d,e-bike,40.01464,-82.98577333333333,34.0,9.37,True,False,False
Spin,5eba0cca-3fb3-4d8f-8e48-83b523534a03,scooter,39.935786,-82.997301,95.0,25.75,True,False,False
Spin,285bbf90-1226-4ec4-a84d-3fca2929281f,e-bike,39.95403073333333,-83.019224,69.0,18.73,True,False,False
Spin,038c8983-6a45-48ba-a701-0ccefd4855cb,scooter,39.933111,-82.995971,47.0,13.48,True,False,False
Spin,93fd2bbb-be0f-4e87-a928-a42153448f30,scooter,39.92759,-82.965151,87.0,23.71,True,False,False
Spin,fdfeff46-f9a3-40b0-9834-e5eeb73d9159,e-bike,39.950229633333336,-83.0079405,90.0,24.58,True,False,False
Spin,972dcea1-e2e5-4e8d-95de-21dabeae4426,scooter,39.954807,-83.074212,56.0,15.22,True,False,False
Spin,5c488a66-b805-4ad2-8f62-c250e1e082a0,e-bike,39.957577433333334,-83.0114217,57.0,15.51,True,False,False
Spin,0320d2d8-ef22-4abb-bc84-edbc182858b9,e-bike,39.99741313333333,-83.0045807,31.0,8.49,True,False,False
Spin,5afd4537-232d-4f20-a978-e25ad77b2256,e-bike,39.98927055,-83.007683,44.0,12.0,True,False,False
Spin,dfdb9505-6a7f-489b-9351-af3f11729a60,scooter,40.012916,-82.968264,71.0,19.32,True,False,False
Spin,e887dc14-0063-4841-bb81-182ee7670ed5,scooter,39.961494,-82.990452,86.0,24.51,True,False,False
Spin,decabd01-399d-4081-af2b-eefa69c38071,e-bike,39.98742853333333,-83.00541829999999,88.0,24.0,True,False,False
Spin,afba3a73-5fe4-464e-b4dc-a31bdf7315c6,scooter,40.006405,-82.972623,97.0,26.34,True,False,False
Spin,d77b316c-abb0-42d7-9b37-a9e7e323aa59,scooter,40.00639,-82.972707,34.0,9.37,True,False,False
Spin,534a4394-d8ce-467a-b7e6-b1cd8dbf3139,scooter,39.934867833333335,-82.97132295000002,81.0,21.95,True,False,False
Spin,70cd2c08-013a-460a-9950-f5b52426c9ee,scooter,39.96515,-82.990259,77.0,21.07,True,False,False
Spin,72606560-6490-4b17-b8a4-8fc563af3379,scooter,39.96515,-82.99033,43.0,11.71,True,False,False
Spin,7481672b-df59-47be-93b1-a7173c4e7fb7,scooter,39.95972,-83.021668,47.0,13.48,True,False,False
Spin,e51286cb-a222-451b-b804-c819889f15b3,e-bike,39.95799,-83.02440499999999,27.0,7.32,True,False,False
Spin,23a01599-a1f0-4d8f-a8a6-3172e9ec50f9,scooter,40.0082128,-83.01153539999999,77.0,21.07,True,False,False
Spin,57c909bb-6cad-48a9-ae2a-105abf3b53fe,e-bike,40.008362000000005,-83.00890329999999,66.0,17.85,True,False,False
Spin,17de09fc-508a-4cef-9f81-2e021903e18f,scooter,39.988018,-83.005565,76.0,21.75,True,False,False
Spin,0025f014-2f6f-4e17-8246-60eb8f4fcc98,scooter,39.969347533333334,-83.0184826,95.0,25.75,True,False,False
Spin,81b9d822-002a-42af-8dcf-5947901dc3d5,e-bike,40.009764000000004,-83.00953319999999,22.0,5.85,True,False,False
Spin,a0563f8e-0995-44d7-aef9-c42099c508e8,e-bike,40.027036100000004,-83.02482030000002,45.0,12.29,True,False,False
Spin,e7c2d671-9c8e-452f-bb9a-e985b6097b00,scooter,39.97381105,-83.00233099999998,57.0,15.51,True,False,False
Spin,be6c2e0f-0687-45ed-af72-b831d0d521b2,scooter,39.990451,-83.013176,49.0,14.09,True,False,False
Spin,3efd0304-e935-4142-b5c3-4784446064fd,scooter,39.962434,-82.969114,97.0,26.34,True,False,False
Spin,1314d2f3-b78d-4cbb-bd0f-2822ec6e6138,e-bike,39.99464783333334,-83.00629750000002,46.0,12.58,True,False,False
Spin,20625021-345c-4b02-a7dd-73538e146af6,scooter,39.935918,-82.988868,47.0,12.88,True,False,False
Spin,0cf2880d-b236-458b-a0e1-b7540013fb52,e-bike,39.97907455,-83.00397640000001,22.0,5.85,True,False,False
Spin,6df3f357-6bca-4ae1-86ff-bbe08da49259,scooter,39.967604,-82.960354,94.0,26.65,True,False,False
Spin,7a372289-2ea4-4105-a2da-d6520e4e6c5d,scooter,39.967978,-82.961745,51.0,13.76,True,False,False
Spin,852db1a1-1840-4407-9ddb-ff91b073d758,e-bike,39.96799393333333,-82.96174703333332,45.0,12.29,True,False,False
Spin,2e84f5ef-f3bf-4894-9065-aafe99cfcc39,scooter,39.96327323333333,-82.98139273333332,40.0,10.83,True,False,False
Spin,51b80878-c679-40a4-ac91-94451a2f710e,e-bike,39.98088963333333,-83.00360129999999,29.0,7.9,True,False,False
Spin,d9702f82-7a01-48e7-8550-b58b6dfd3d9c,e-bike,39.95773666666666,-82.998325,42.0,11.41,True,False,False
Spin,f75bbe5c-f58c-476a-adfb-c1a990f02e5e,scooter,39.991935,-83.006435,67.0,18.99,True,False,False
Spin,719edc30-53e5-4dcd-aa2b-51db0c4351cc,e-bike,39.95943166666667,-82.99342999999999,56.0,15.22,True,False,False
Spin,dad5abd4-74c8-42f9-90bb-4a818d549675,scooter,39.967774,-83.012229,59.0,16.1,True,False,False
Spin,6f9ef834-9205-45e6-a63e-02f529025de0,e-bike,39.957006433333326,-82.91449593333333,57.0,15.51,True,False,False
Spin,e6268567-3012-4df3-a806-0ecc8e8a1eda,e-bike,39.95162666666667,-82.99848166666668,98.0,26.63,True,False,False
Spin,705a6e56-539f-46b5-9a21-96ad4254a81b,e-bike,40.008158200000004,-83.0111066,75.0,20.49,True,False,False
Spin,f64f5b4a-b10f-4d37-b874-2767ca949254,e-bike,39.956647233333335,-83.00717039999999,71.0,19.32,True,False,False
Spin,989ed61b-b69a-41af-970f-8f4a1557b52d,e-bike,39.95594523333333,-83.0108097,39.0,10.54,True,False,False
Spin,a7e3f1de-1986-4503-bcfb-c5ee6073b5fe,e-bike,39.98015913333334,-83.007541,55.0,14.93,True,False,False
Spin,c67fc9e6-fe0e-4354-b792-f79dd3c1a5f1,e-bike,39.97208645,-82.97838474999999,77.0,21.07,True,False,False
Spin,93105bc3-5b3b-4509-94c9-1b3ef65a6fcc,e-bike,39.946993033333335,-82.99797283333334,26.0,7.02,True,False,False
Spin,7ae4af58-2685-4db2-8897-6dad8a56a293,e-bike,39.998766233333335,-83.00641429999999,70.0,19.02,True,False,False
Spin,f382f7e8-3968-4c68-a8ba-41bd0ff450ab,scooter,39.9714,-83.005554,80.0,21.66,True,False,False
Spin,0ebb1ae5-7a57-41bd-ba8c-e15d15cad2b4,e-bike,39.98671745,-83.00554161666666,22.0,5.85,True,False,False
Spin,1aa69122-fff5-4b5b-9dba-e47b01f299f7,e-bike,39.9867049,-83.00551941666666,61.0,16.68,True,False,False
Spin,748a28ee-e9ac-49c0-93ee-7dbcb87cdeb0,e-bike,40.027273,-83.02490359999999,48.0,13.17,True,False,False
Spin,41130545-4abc-4ba5-b33c-6af057ddb05f,scooter,39.985318,-82.987237,38.0,10.24,True,False,False
Spin,c24f75ad-e68f-417a-a5cf-7a73d3271351,e-bike,40.010638,-83.0096236,60.0,16.39,True,False,False
Spin,c5cb8fb9-5e02-455b-b546-2ae2010eb4ff,scooter,40.0163219,-83.0119411,51.0,13.76,True,False,False
Spin,201d8b3c-3244-4324-8150-8151f37b3777,scooter,39.983678,-83.001031,32.0,8.78,True,False,False
Spin,83e84b5d-0986-4643-8138-a7128a44b232,e-bike,39.957565433333336,-83.0117887,87.0,23.71,True,False,False
Spin,179c0bef-37fa-4d4b-9248-fb7092aa2160,e-bike,39.959065933333335,-83.00915000000002,86.0,23.41,True,False,False
Spin,4cd93b5b-7df7-4aa9-9c07-bacd782350df,e-bike,40.0066233,-83.01274450000001,28.0,7.61,True,False,False
Spin,3e108900-1908-4d4b-9d2d-687b154c57e9,e-bike,39.95609,-83.01179333333333,45.0,12.29,True,False,False
Spin,611dba93-6c49-4379-ba94-4ecb4d2380dd,e-bike,39.97901595,-83.00380606666667,22.0,5.85,True,False,False
Spin,02ec802f-b74f-4de7-a172-d97401404c55,e-bike,40.0098275,-83.0156761,37.0,9.95,True,False,False
Spin,37e3068d-50a9-4556-93a7-381c94b51480,scooter,39.96726,-83.019014,72.0,19.61,True,False,False
Spin,29060c4e-1023-4200-b6e7-fd7ba283e67d,e-bike,39.967377533333334,-83.0156601,54.0,14.63,True,False,False
Spin,20d87d96-d3cd-402a-b930-9cbf407fa055,e-bike,39.96738963333333,-83.01566919999999,34.0,9.37,True,False,False
Spin,b4dc2437-a7da-4b35-bc66-4c3bf6d02de2,e-bike,39.967394033333335,-83.0156378,39.0,10.54,True,False,False
Spin,90a3911d-e67c-40e2-bf64-b76a51877e16,scooter,39.963246,-82.981349,82.0,23.28,True,False,False
Spin,56e9ac52-2b34-4401-a36c-4d0480422e23,e-bike,39.98377983333333,-83.01482560000001,33.0,9.07,True,False,False
Spin,81fdc1b1-d878-41ea-8266-888a24505b50,e-bike,39.93251883333333,-82.99352273333334,53.0,14.34,True,False,False
Spin,f31bf019-59ae-498f-8bf9-997b0bb68545,e-bike,40.01028833333333,-83.01306500000001,72.0,19.61,True,False,False
Spin,8e1fa707-353d-4836-8efd-25ede56a3b83,e-bike,39.95471653333333,-83.0120764,71.0,19.32,True,False,False
Spin,87cba21b-4c17-4e3d-b232-4107140a177b,scooter,39.954647,-83.012142,61.0,16.68,True,False,False
Spin,8b027e89-becc-43b7-be58-8c96ae8dce7f,scooter,39.94939433333333,-82.98685303333332,85.0,23.12,True,False,False
Spin,598dac57-d6bd-407f-bf61-2d8d79773838,scooter,39.94454063333333,-82.99358843333333,35.0,9.66,True,False,False
Spin,f88e9ce8-1150-4419-81ee-baaa4fa532ac,scooter,39.94446773333333,-82.99358613333334,48.0,13.17,True,False,False
Spin,a3a33eda-6a37-43d1-bb37-ae2d5d8185ce,scooter,39.944532933333335,-82.99361183333333,73.0,19.9,True,False,False
Spin,93887d0a-c3ef-4e24-92eb-9e5cb4bb08fe,scooter,39.94443213333333,-82.99352883333334,17.0,4.68,True,False,False
Spin,ce8fc64e-ef33-4d6f-8d99-fb6cca21d4df,e-bike,40.0135716,-83.011209,53.0,14.34,True,False,False
Spin,afae92bd-c924-4992-a51f-d79296407c43,e-bike,40.0124727,-83.01240359999998,23.0,6.15,True,False,False
Spin,2dac919e-423a-45b0-833f-e64c16e270ba,e-bike,40.0065257,-83.00910289999999,29.0,7.9,True,False,False
Spin,b065458b-804e-4c4a-9a6a-f6d3de561375,e-bike,39.98587415,-83.0032756,39.0,10.54,True,False,False
Spin,03d84ced-25d0-410b-88aa-24ad876e5498,e-bike,39.96737983333333,-83.0156532,87.0,23.71,True,False,False
Spin,dad32c2e-98f4-4d23-aac8-9649d60121fd,e-bike,39.967413433333334,-83.0156766,85.0,23.12,True,False,False
Spin,17b04100-2bb8-4edc-87dc-8d3a1e8d8a39,e-bike,39.967171433333334,-83.01882070000002,65.0,17.56,True,False,False
Spin,b0ae0804-9d63-452b-b2c6-85ca717628b5,e-bike,39.96718166666667,-83.018775,26.0,7.02,True,False,False
Spin,448f247f-b973-4e91-903b-653793733996,e-bike,39.96717666666667,-83.01878333333335,59.0,16.1,True,False,False
Spin,257b757f-8cf4-4a92-9678-c49c3fc5293c,e-bike,39.96716666666667,-83.01877833333334,71.0,19.32,True,False,False
Spin,02d10971-8b50-473c-9cb3-2ddbea7caa92,e-bike,39.96718656666667,-83.01878860000001,91.0,24.88,True,False,False
Spin,8ac3b208-5148-4a68-865c-b67d38f2ba2a,e-bike,39.96716833333333,-83.01876333333333,24.0,6.44,True,False,False
Spin,8b405958-57c6-4c65-96d8-dcc5a7f49a41,e-bike,39.96720603333333,-83.0187896,65.0,17.56,True,False,False
Spin,447bebf4-2d06-44a3-9fb5-b43d4d2dbe9a,e-bike,39.96720053333333,-83.01881399999999,30.0,8.19,True,False,False
Spin,a9757375-28b1-487a-913c-13b65a408f52,e-bike,39.96718203333333,-83.01882240000002,90.0,24.58,True,False,False
Spin,0026dbad-47ab-41ca-bdb4-ee0c3852b02e,e-bike,39.967185066666666,-83.01881061666667,38.0,10.24,True,False,False
Spin,9823447b-431e-4c03-a7b5-ec539710bc4e,e-bike,39.96721803333333,-83.01881370000001,87.0,23.71,True,False,False
Spin,eba3a2d5-86a9-4ef5-80b3-6b39d3a6985c,e-bike,39.941937333333335,-82.97196745000001,23.0,6.15,True,False,False
Spin,a6a833d0-917c-4cc5-8bd8-01432047d744,scooter,40.013482,-82.976782,52.0,14.7,True,False,False
Spin,107440de-0b4c-43bc-81f7-cc9bc3c29643,e-bike,39.96718583333333,-83.0188084,58.0,15.8,True,False,False
Spin,9c42053b-0381-4f95-842f-45d18366041e,e-bike,39.967188433333334,-83.01880950000002,76.0,20.78,True,False,False
Spin,64927197-5dcf-4313-85c4-fea11a0f56ec,e-bike,39.967189999999995,-83.01877166666667,78.0,21.36,True,False,False
Spin,841dcb4b-1461-4981-bb56-db9efd3dbd33,e-bike,39.96719123333333,-83.0188196,61.0,16.68,True,False,False
Spin,b1951e9c-45b8-4592-b01a-3f2ac3454e77,e-bike,39.96718083333334,-83.01878620000001,86.0,23.41,True,False,False
Spin,cea96c25-b2f8-4148-b7a7-2056a31035b3,e-bike,39.96718153333334,-83.01880109999999,61.0,16.68,True,False,False
Spin,ce42be4e-15d5-469e-a1d7-fabb7f5d96ab,e-bike,39.967549999999996,-83.01340499999999,57.0,15.51,True,False,False
Spin,3f6fcce8-e6a5-4643-b763-6c1eaaea9772,scooter,40.01275,-83.01097200000001,41.0,11.12,True,False,False
Spin,de530bcc-ed56-44bc-8ad1-e46babaa4495,scooter,40.012739200000006,-83.01100040000001,40.0,10.83,True,False,False
Spin,64dd5bb7-851c-4ad5-aa07-d2eb0b2e67e3,e-bike,40.005057400000005,-83.0086831,86.0,23.41,True,False,False
Spin,690903aa-721a-48e8-9536-9f2b028d990c,e-bike,39.999309833333335,-83.00741439999999,68.0,18.44,True,False,False
Spin,5dfc12ec-30b0-49c5-a0ef-4c64ec3c9cac,e-bike,40.0049808,-83.0082696,86.0,23.41,True,False,False
Spin,43038385-2959-4564-a865-ae14428217ba,scooter,40.0069,-82.965738,49.0,13.46,True,False,False
Spin,886c5b19-5948-4cd3-b8a3-11620d4941a6,e-bike,39.99834083333334,-83.007083,75.0,20.49,True,False,False
Spin,277b0689-7b4c-4474-886f-c2795444d9db,scooter,39.958159333333334,-83.00815800000001,52.0,14.05,True,False,False
Spin,cf7c5e44-4425-440a-b456-a0902e789400,scooter,40.014684,-83.000135,54.0,15.32,True,False,False
Spin,a622b1db-3074-4858-86c1-e98c0005a21e,e-bike,39.95994333333333,-83.00876500000001,82.0,22.24,True,False,False
Spin,dfded5cf-9ba2-46dd-b87e-1d26bb77094b,scooter,40.017078,-82.965521,30.0,8.58,True,False,False
Spin,732d5896-534a-45ef-9092-be833337f3d7,e-bike,40.0065877,-83.0192496,39.0,10.54,True,False,False
Spin,c4e16be8-32fa-4ac9-b9c6-0c68811afbaa,e-bike,40.006577,-83.01926421666667,49.0,13.46,True,False,False
Spin,a701189c-8250-4b90-bfd3-35602b533988,e-bike,40.0065986,-83.02043460000002,54.0,14.63,True,False,False
Spin,cd28ce56-0545-4b33-abf5-67efc85e3429,e-bike,40.00938833333333,-83.00941333333334,58.0,15.8,True,False,False
Spin,307adf5d-34aa-47df-a303-85325e3cfce1,scooter,39.967644,-82.967289,67.0,18.99,True,False,False
Spin,03952551-bb0c-4702-b3ac-05aa0509802a,scooter,39.967841,-83.01235,75.0,20.49,True,False,False
Spin,f0e0810f-a9a9-482f-9ad8-c802fa6f540b,scooter,40.014506,-82.980082,26.0,7.35,True,False,False
Spin,3a2b2635-8e1b-41be-afa2-8a12f280c8a3,e-bike,39.98788055,-83.01336969999998,76.0,20.78,True,False,False
Spin,a7108a98-78b6-4a32-8b3f-1dd67af1e936,e-bike,40.00592166666667,-83.00886,48.0,13.17,True,False,False
Spin,9f3204c8-23b2-41f6-a105-2523839eda56,scooter,39.98183823333333,-83.00471199999998,48.0,13.17,True,False,False
Spin,d95d58f9-083a-45d6-81e5-b6d190500bda,e-bike,39.96739903333333,-83.01548040000002,53.0,14.34,True,False,False
Spin,a5ecbb88-2ebd-4d5e-962b-b7ab893bf53e,scooter,39.97868365,-83.00436280000001,44.0,12.0,True,False,False
Spin,e18dd2cf-3d0b-401e-921a-434e91de62b5,scooter,39.96792323333333,-83.01161849999998,67.0,18.15,True,False,False
Spin,c9d9b4bb-02f6-4e3c-a92a-313633520f9f,scooter,39.97742685,-83.0116049,74.0,20.19,True,False,False
Spin,3b602bae-c6de-4f3b-997d-8015da190a98,e-bike,40.0272818,-83.0249007,53.0,14.34,True,False,False
Spin,87eb55c8-32f9-45e0-90dd-9bdd61f7c171,scooter,39.965341,-82.970246,22.0,5.85,True,False,False
Spin,50b74db8-a67d-432d-a279-938ec3a7c761,e-bike,40.0080811,-82.94957813333333,49.0,13.46,True,False,False
Spin,d213aedd-d678-43ed-839c-17fcf3071198,e-bike,39.99382873333333,-82.99574243333333,72.0,19.61,True,False,False
Spin,739a7e06-8904-4f47-8b32-e0ddd6cce8bc,scooter,39.96660313333334,-82.99713643333334,54.0,14.63,True,False,False
Spin,579e443e-e665-4ea9-8b96-987e11f8711e,e-bike,40.006918899999995,-83.0192144,35.0,9.66,True,False,False
Spin,50357012-059a-4aa3-8fa8-94fffc8dd42f,e-bike,40.014586666666666,-83.01106999999999,51.0,13.76,True,False,False
Spin,f3c4b304-e993-4a45-9ac0-fdce1b9964ee,scooter,40.014585,-83.011114,31.0,8.49,True,False,False
Spin,2d09a376-c306-49f4-8e27-03a3c093948c,e-bike,39.958664033333335,-83.01391639999999,32.0,8.78,True,False,False
Spin,dae7718c-5fb0-4ebd-9249-3a6a27266729,scooter,40.019749,-83.012353,91.0,24.88,True,False,False
Spin,795a3c84-c920-4021-ace7-7fbd143bfe2a,scooter,39.97212035,-83.00247300000001,77.0,21.07,True,False,False
Spin,d36342bc-df56-4c6d-ba13-b8cc53e5432a,e-bike,39.959028333333336,-83.00728060000002,75.0,20.49,True,False,False
Spin,70642d34-9fa3-4479-9165-a488cf2db0c7,scooter,39.956128633333336,-83.0107224,86.0,23.41,True,False,False
Spin,cd022e3b-22b9-4c30-b7e5-c84e753ffc34,scooter,39.96914,-83.003866,30.0,8.58,True,False,False
Spin,c0375971-f40e-491f-96d5-772c34aea67b,e-bike,39.95563666666667,-83.00506666666666,46.0,12.58,True,False,False
Spin,e27b862a-1d4d-40c6-8c6d-096c0d868fc1,e-bike,39.98826165,-82.94973343333335,52.0,14.05,True,False,False
Spin,e7ea7085-c783-4025-a52d-88b9306a7213,e-bike,39.96669983333334,-83.04612620000002,54.0,14.63,True,False,False
Spin,70775115-7e0f-4149-9236-820e4577c8d5,e-bike,39.96299043333333,-82.97458845000001,90.0,24.58,True,False,False
Spin,9b97925d-f8d1-449d-b2db-988d5ce75e81,scooter,40.019704,-83.012434,20.0,5.56,True,False,False
Spin,29e9e54a-5c5d-41a0-aa04-edb091b15b0c,scooter,40.019743999999996,-83.01240709999999,83.0,22.54,True,False,False
Spin,4f7dddaf-5ee4-4ac2-8e1a-fb555b657644,scooter,39.96799243333333,-82.96174943333332,98.0,26.63,True,False,False
Spin,ad2c91df-21bc-43f5-8088-8d992d70a488,e-bike,39.97206455,-82.97837825,88.0,24.0,True,False,False
Spin,81273d32-230c-4b85-8f56-cce888091f82,scooter,39.97210165,-82.97836915,87.0,23.71,True,False,False
Spin,3616327c-46ae-40ab-9cec-75ddaeaee3f3,e-bike,39.95857066666667,-82.99765708333334,88.0,24.0,True,False,False
Spin,5995358f-7d9d-4fb2-b658-9094be58ad46,e-bike,39.98921755,-82.99504263333334,49.0,13.46,True,False,False
Spin,b50eb716-038a-4e97-85e5-a6a5f6f16103,scooter,39.95780813333333,-82.99752463333334,98.0,26.63,True,False,False
Spin,ec9279b6-7f3d-4c91-b97e-92b2688e068a,e-bike,39.997755,-83.00675666666666,24.0,6.44,True,False,False
Spin,bb51afd4-1459-454d-a81c-1386b00f2d49,scooter,39.967386033333334,-83.0155357,98.0,26.63,True,False,False
Spin,e1880d54-c654-4674-a184-ff47141eefeb,scooter,39.978786,-83.004617,20.0,5.56,True,False,False
Spin,5299628e-7531-4f5f-aec5-3f3394098e72,e-bike,39.97430265,-83.0185924,88.0,24.0,True,False,False
Spin,671f3e7f-c447-49b8-80f3-b9e4ec89f4fc,scooter,39.96765773333333,-82.99730303333332,55.0,14.93,True,False,False
Spin,70e2f7a6-dcdd-473f-9b28-aeddac31fcc4,scooter,40.000484,-82.977896,60.0,16.39,True,False,False
Spin,4ff924fe-5f1d-4164-8ab5-865de240412c,scooter,39.969270333333334,-82.99972363333333,46.0,12.58,True,False,False
Spin,21bba84b-dd09-4bde-b3fb-69fd81e350d0,scooter,40.026341,-83.025016,45.0,12.29,True,False,False
Spin,8bf177bb-5715-427f-a681-a205069a8a00,scooter,39.97091,-83.002143,92.0,25.17,True,False,False
Spin,0ed23358-c023-42bb-b239-1c900e996ed4,e-bike,40.0065986,-83.00913489999999,88.0,24.0,True,False,False
Spin,5c6920c9-ccb7-4eea-ac65-b5237d607477,scooter,40.006018,-83.00894,74.0,20.19,True,False,False
Spin,e1ed18d1-cd6c-443c-a78f-5490baf54597,scooter,39.933833,-82.954433,55.0,14.93,True,False,False
Spin,2af30eab-a318-4b72-8d86-b8630e0e2976,scooter,39.963588,-83.004325,15.0,4.1,True,False,False
Spin,6b2b7fc8-c443-4330-aa5b-37949ef67078,e-bike,40.008516,-83.0147716,49.0,13.46,True,False,False
Spin,690d3430-5e2b-43fd-8ba7-b80a371e1de6,scooter,40.001261799999995,-83.00071619999999,100.0,27.22,True,False,False
Spin,a39f766a-7259-4ecd-bc85-f89ef1b33219,scooter,39.99979233333333,-83.0016421,97.0,26.34,True,False,False
Spin,3f26327a-2936-44e3-b090-d630c9cd05a9,scooter,39.99657163333333,-83.00378860000001,98.0,26.63,True,False,False
Spin,a66ea8ce-2730-42ae-bb7c-d99cc77a45e4,e-bike,39.98185013333333,-82.98940565,39.0,10.54,True,False,False
Spin,d334a583-40fe-48ad-b16d-0527ad315a17,e-bike,39.98079193333333,-83.00470089999999,39.0,10.54,True,False,False
Spin,2034f0d2-eec2-48aa-9ce9-97be64e8f733,scooter,39.950472,-82.982928,41.0,11.64,True,False,False
Spin,cee5a2ec-1b8e-45b8-b025-c320feb25ca8,e-bike,39.98012823333333,-83.0075105,90.0,24.58,True,False,False
Spin,1707b404-7e93-4fa6-87ce-0fe3c71f0ad7,e-bike,39.98078243333334,-83.00471620000002,91.0,24.88,True,False,False
Spin,45a55ed6-3f5b-44d9-9bec-dc0147562eb6,scooter,39.98077183333333,-83.0038083,98.0,26.63,True,False,False
Spin,e0ecdff6-fca1-446d-a8ae-ac0863261206,scooter,39.99226913333334,-83.00176680000001,98.0,26.63,True,False,False
Spin,6fd80cd7-58b9-4ab4-be33-a29b5a395859,e-bike,39.95724223333333,-83.01121829999998,92.0,25.17,True,False,False
Spin,c571abd3-478d-4dce-b093-f1d47a036095,scooter,39.95705203333333,-83.0069329,55.0,14.93,True,False,False
Spin,a11a319c-fb6d-4349-ada9-268e9e2018de,scooter,39.974055,-83.002157,23.0,6.15,True,False,False
Spin,24817d48-874b-4fcd-985d-a5c10b451a8d,e-bike,39.97404245,-83.0021916,38.0,10.24,True,False,False
Spin,fdadbddf-80aa-424e-89aa-23928e1d0346,e-bike,39.92526833333333,-82.99342833333334,53.0,14.34,True,False,False
Spin,9c5db2ce-e2b1-48ca-9c44-544c2e8b4117,scooter,39.96301733333333,-82.99519013333332,73.0,19.9,True,False,False
Spin,f610b458-b936-4477-ba52-086f9c3df411,scooter,40.011015199999996,-83.00028580000001,27.0,7.32,True,False,False
Spin,d0249dee-87df-45c5-bd49-0c08b7bbbda3,e-bike,39.949071933333336,-82.99086703333333,28.0,7.61,True,False,False
Spin,78a7d1fc-d488-46d6-bc3e-f4a5c0515a79,e-bike,40.00089833333333,-83.00722166666668,92.0,25.17,True,False,False
Spin,830945d5-c0a9-44fa-becb-fdcdfa5a98e1,scooter,39.969715,-83.002175,23.0,6.15,True,False,False
Spin,7ca207cb-e0cc-4401-82f2-b76858745324,e-bike,40.01155000000001,-83.01525166666667,81.0,21.95,True,False,False
Spin,97d5d846-bd50-4342-b1b7-3bf32d9ee60b,e-bike,39.96118333333333,-83.00647833333332,81.0,21.95,True,False,False
Spin,ff8c1565-1c12-4a50-9041-08bd5031287e,e-bike,39.96759833333333,-83.013435,94.0,25.46,True,False,False
Spin,c47e2e2c-acbe-4b92-9b8b-2a179246b8ce,scooter,39.96759863333333,-83.0134394,66.0,17.85,True,False,False
Spin,5a5e87d9-ddf1-4428-b729-66c644d8a578,scooter,39.96756093333333,-83.0134624,85.0,23.12,True,False,False
Spin,4bb35725-9a79-4c2d-aa22-909ffcf8e217,scooter,39.96758143333333,-83.01345629999999,77.0,21.07,True,False,False
Spin,684e9a43-19a6-473e-83b5-22b2aa5e0cb0,e-bike,39.967585,-83.01343833333334,90.0,24.58,True,False,False
Spin,03b40e9a-13d0-4283-8013-52c05f80277e,e-bike,39.96758833333333,-83.01344666666667,65.0,17.56,True,False,False
Spin,507f30d7-e008-4934-b5e6-fe136e018e35,e-bike,40.00094,-83.00784833333334,86.0,23.41,True,False,False
Spin,472a920b-e8dd-4a43-9ac1-3ce1aadb09e4,e-bike,39.960956333333336,-82.99238983333335,90.0,24.58,True,False,False
Spin,f04e9b03-735b-4db4-b271-e1c5c0f0dd6f,scooter,39.967368,-83.019191,83.0,23.59,True,False,False
Spin,2df70af9-a496-40fa-8267-72f911c4b7a7,scooter,39.967372,-83.019157,65.0,18.38,True,False,False
Spin,6ff404d5-06fa-42da-b8ae-5e825442f3e5,e-bike,39.989855,-83.00495666666666,86.0,23.41,True,False,False
Spin,b93c1869-e754-4abf-b77d-7caece27be99,scooter,39.967366,-83.01913,97.0,26.34,True,False,False
Spin,03e1d3c8-6847-422e-bc53-cc6cd5f3fab8,scooter,39.967385,-83.019121,97.0,26.34,True,False,False
Spin,042225da-3312-4504-849a-d7e39bf68af9,scooter,39.971581050000005,-83.00269279999999,31.0,8.49,True,False,False
Spin,228b8f2f-a84a-4f97-b7c7-ce2c6955a78c,e-bike,39.99028033333333,-83.00502980000002,33.0,9.07,True,False,False
Spin,5a86462a-900c-4c9f-92aa-3497d49d3a81,e-bike,39.955490133333335,-82.90102643333333,19.0,5.27,True,False,False
Spin,c6bc2cc6-6eea-48ef-bfc1-f142ac2fffcf,e-bike,40.012126699999996,-83.0084436,32.0,8.78,True,False,False
Spin,0a92a6cf-3d07-4a61-a501-d3cdf880e0c3,scooter,39.957585,-82.96066,33.0,9.5,True,False,False
Spin,1c2c4ad4-f81f-454d-9ef1-7d783031ecf4,e-bike,39.96664413333333,-83.01083779999999,37.0,9.95,True,False,False
Spin,35f40f8d-4187-4519-81b1-0f81b72e7769,e-bike,39.992859833333334,-83.0069166,38.0,10.24,True,False,False
Spin,d1152eaa-a1fa-4ae9-8aa6-0b141a792ae1,e-bike,39.96197323333333,-83.00054550000002,23.0,6.15,True,False,False
Spin,2a5d4db1-7d8a-4c80-a8c7-c362a28af3de,e-bike,40.031190599999995,-83.0221432,67.0,18.15,True,False,False
Spin,43fcfb40-4de2-449a-ab67-cf79d892dc93,scooter,39.946735,-82.993364,43.0,11.71,True,False,False
Spin,5cd5e633-8542-4f9a-aade-333f313e609c,e-bike,39.957672233333334,-82.99920693333334,29.0,7.9,True,False,False
Spin,2ddcf419-4f83-47e5-a5ae-e1f37c9ead04,scooter,39.967412,-83.019195,66.0,18.69,True,False,False
Spin,c09f7c8a-9a21-4fd3-98c0-7d80299f9cda,scooter,39.950801,-82.977332,25.0,6.73,True,False,False
Spin,6f4269e4-671f-40b9-9acf-77152c7e180c,e-bike,39.98449293333333,-82.99891793333333,25.0,6.73,True,False,False
Spin,e240a212-c19c-4877-9a0e-57bd06866a90,scooter,40.026120399999996,-83.00157779999999,49.0,13.46,True,False,False
Spin,4fdebf5b-4663-4470-8ce7-7d56e0524aa9,scooter,39.97077365,-83.00126589999999,40.0,10.83,True,False,False
Spin,79a80d49-4a41-45fc-8555-c4c9f32c2bff,e-bike,39.95758183333333,-83.0114201,86.0,23.41,True,False,False
Spin,e8740814-2853-4a8c-8aa6-95267283378c,scooter,39.967668,-83.009462,20.0,5.56,True,False,False
Spin,b8193372-ec54-4c7c-884a-9fd556f22baa,scooter,39.972176,-83.002675,38.0,10.24,True,False,False
Spin,2c082193-d740-4e1f-93aa-00941d1d448a,scooter,40.003192,-83.007853,61.0,16.68,True,False,False
Spin,05e3aaa2-1dfd-4a44-8785-1412d368ed86,scooter,39.97255645,-83.0046602,69.0,18.73,True,False,False
Spin,0b23167c-855b-4e36-bc69-2fb7dd1c97c6,scooter,39.97255555,-83.00465369999999,49.0,13.46,True,False,False
Spin,a313bae1-28da-4bf5-8975-38641d01fbc3,scooter,40.0127608,-83.0109938,100.0,27.22,True,False,False
Spin,d511e39e-2a2c-4cf4-8b69-cebd23117e2d,e-bike,39.96874433333333,-82.99827833333332,38.0,10.24,True,False,False
Spin,852e23ec-4225-4a2a-861b-6e144ade65e0,e-bike,39.97137333333333,-83.00228999999999,56.0,15.22,True,False,False
Spin,553008a5-ddce-4684-ad36-291f127246a7,e-bike,40.013224599999994,-83.0080947,37.0,9.95,True,False,False
Spin,d7183d59-c0e6-485a-8a60-5c29a5eee8ca,e-bike,40.0132371,-83.00808520000001,66.0,17.85,True,False,False
Spin,3808c660-16b3-44ab-804e-9dcdfd899006,e-bike,39.970108849999995,-83.00940809999999,54.0,14.63,True,False,False
Spin,856d102b-6560-43e3-bada-7f249547aa04,e-bike,39.97009335,-83.0094065,63.0,17.27,True,False,False
Spin,3e7d8d7c-3a14-4519-a392-ec24e80d6420,e-bike,39.97010245,-83.00939220000001,42.0,11.41,True,False,False
Spin,3bfb76c7-fa1f-4800-b52b-428f98ae6f50,e-bike,39.97009775,-83.00939250000002,85.0,23.12,True,False,False
Spin,da088e46-a8dd-48d7-88a8-469b21a108f6,e-bike,40.011929499999994,-83.01361460000001,96.0,26.05,True,False,False
Spin,db4b101b-3f88-433e-9c9a-d9807c99f4c0,scooter,39.952595,-82.993822,51.0,13.76,True,False,False
Spin,35a8f7e1-ec80-4e70-b552-8e31be0fe554,e-bike,39.97785975,-83.00519109999999,74.0,20.19,True,False,False
Spin,7c7d5c3f-dc6a-4aa6-8930-3cfe9606d1ba,scooter,39.95933,-82.995731,70.0,19.91,True,False,False
Spin,b52b944c-5e36-4743-943d-3a35308ecb69,e-bike,39.957963033333336,-83.006113,31.0,8.49,True,False,False
Spin,8c29f509-f28e-4165-a4e7-873d31525337,e-bike,39.96805833333334,-83.00881333333334,82.0,22.24,True,False,False
Spin,5d161e9b-28eb-452e-849b-092dbb65668c,scooter,39.97256435,-83.0046679,77.0,21.07,True,False,False
Spin,f4343802-ae57-4969-b88a-fe23120a3870,e-bike,39.97462885,-83.0029255,86.0,23.41,True,False,False
Spin,6083b329-19ab-4036-a0eb-c1a380cbd8b3,e-bike,39.962443633333336,-82.96912573333333,48.0,13.17,True,False,False
Spin,ddf7d497-d8de-4d58-ab2b-92921b8fbd48,e-bike,39.969175,-83.00968166666668,37.0,9.95,True,False,False
Spin,6ad8654a-3559-4271-8edf-d911b865dc05,scooter,40.030246600000005,-82.98065263333335,53.0,14.34,True,False,False
Spin,cd57e7ad-be6c-45ba-8ab2-21bfb59f6fb6,e-bike,39.97625455,-83.0041209,41.0,11.12,True,False,False
Spin,90dc9dc6-80a1-4db8-aa3b-7b0f1aca063f,e-bike,39.95900253333333,-83.01073739999998,49.0,13.46,True,False,False
Spin,36b8541e-7d29-475d-99cb-e031fd322fd8,e-bike,39.95892993333334,-83.01055360000001,34.0,9.37,True,False,False
Spin,cf7bd56d-3ac3-4319-9a3e-ec29b59d95bf,scooter,39.967756,-82.976971,95.0,26.96,True,False,False
Spin,4078fcff-c324-44ff-9e18-a923979c8fae,e-bike,40.000741299999994,-83.0077464,52.0,14.05,True,False,False
Spin,563a68f3-8054-413c-a988-41b6f61141ea,e-bike,40.0007352,-83.0076995,19.0,5.27,True,False,False
Spin,10ec74bb-a5e8-4eb2-880d-5032da9331c2,scooter,39.967861,-82.976819,27.0,7.32,True,False,False
Spin,2ab8869f-0c96-4941-bac0-90d949c3371f,scooter,39.967851,-82.976851,33.0,9.07,True,False,False
Spin,040d8d72-fe73-44fe-9dec-5593049f6a5c,e-bike,39.99402503333333,-83.00581400000002,23.0,6.15,True,False,False
Spin,d11f9cdd-d686-4bc1-98bd-b85db3350c1b,scooter,40.027071,-82.968685,47.0,12.88,True,False,False
Spin,7242bdea-97dd-4e6a-861a-5844cd3027ad,scooter,39.992293,-83.001072,32.0,8.78,True,False,False
Spin,cd5c5dca-b918-4b35-b692-917a059763e1,e-bike,40.011563333333335,-83.01480000000001,100.0,27.22,True,False,False
Spin,161f8e57-490c-4fc6-a073-dd752b040645,scooter,40.006652,-83.02042619999999,100.0,27.22,True,False,False
Spin,fe9496f0-9c5a-43a9-b7ed-56d087f23eba,e-bike,39.97143333333334,-83.00258666666666,18.0,4.98,True,False,False
Spin,517359ed-e581-485f-a81a-ebc1bb5eecbd,e-bike,39.99038023333333,-83.00533589999999,74.0,20.19,True,False,False
Spin,29d3ab6a-86df-45b1-adb5-c2bac3b95994,e-bike,39.96978973333333,-83.00874209999999,49.0,13.46,True,False,False
Spin,cb483cba-07af-45b6-80ba-20fc5afcc609,e-bike,40.010222500000005,-83.01126719999999,71.0,19.32,True,False,False
Spin,62be133c-cd7a-4072-a289-08d5f3ae3ab5,e-bike,39.97411585,-83.00121239999999,33.0,9.07,True,False,False
Spin,df628232-90b6-4318-b67c-c2155a44e127,e-bike,39.97414025,-83.00123540000001,23.0,6.15,True,False,False
Spin,2477dba6-4477-42b0-b309-c36e738a200d,e-bike,39.99343283333334,-83.0110765,29.0,7.9,True,False,False
Spin,ed32d3b3-a3c6-4640-9d84-af17b7265439,e-bike,39.97410795,-83.001212,16.0,4.39,True,False,False
Spin,69dcc74c-f63c-44ac-8c69-fd3461f146d2,scooter,40.0055261,-83.00928909999999,65.0,17.56,True,False,False
Spin,3a32569f-414d-486d-b926-e46cb8291c00,e-bike,39.95543753333333,-83.00439390000001,81.0,21.95,True,False,False
Spin,6bf6d9b4-7e89-4525-8a0d-ad9f65b0b8b3,scooter,40.014946,-82.990558,81.0,22.98,True,False,False
Spin,e754ef94-89e1-44cc-8057-f698c26a4fcf,scooter,40.0102057,-83.0002984,68.0,18.44,True,False,False
Spin,f7c27e52-f1fb-4bd5-8750-6020ffa84246,scooter,39.967819,-82.976887,53.0,14.34,True,False,False
Spin,6a389154-93b1-4eb3-92a6-4e18b998906a,e-bike,40.0038835,-83.006436,30.0,8.19,True,False,False
Spin,928da35e-5ca7-4ef2-a3c8-50bb3521ad26,scooter,39.992839,-83.012307,89.0,24.29,True,False,False
Spin,21aec320-304a-4966-b4cf-a829f89562d9,e-bike,39.95254543333333,-82.96347043333331,30.0,8.19,True,False,False
Spin,1ebe9bd1-c721-4231-90d3-fc2a5750bd31,e-bike,39.960834999999996,-83.012555,56.0,15.22,True,False,False
Spin,a10cd385-ef2f-40ce-a2e6-2c35d506e0ff,scooter,40.013383,-82.962085,18.0,5.21,True,False,False
Spin,8558fddb-f2da-4ee8-ab27-e6bce97f0535,e-bike,39.96928023333333,-82.99970633333332,30.0,8.19,True,False,False
Spin,1984ca3d-2e08-45cf-acba-3aa369e28fe3,e-bike,39.96874683333333,-82.99829443333334,69.0,18.73,True,False,False
Spin,13b496d9-82a6-4df1-b3df-1c1ff5987d14,e-bike,39.982925933333334,-83.0063682,22.0,5.85,True,False,False
Spin,319c5d78-56d8-4118-a55a-3c9c8459ed32,scooter,39.99781,-83.006303,66.0,18.69,True,False,False
Spin,c3f2bdce-9257-4b6f-83aa-e38c94a733bd,scooter,39.947982,-83.049365,32.0,8.78,True,False,False
Spin,4ea984f9-0890-46ed-ae48-c25b24551c95,e-bike,39.99289063333333,-83.0065312,25.0,6.73,True,False,False
Spin,b0df013a-3f5e-4eed-86b1-6d61465c5dda,scooter,39.99034073333333,-83.0117826,68.0,18.44,True,False,False
Spin,97c9c412-284a-4ff5-9026-9f2a0f2f63c7,scooter,39.958337,-83.021474,68.0,18.44,True,False,False
Spin,04cd8542-f1ad-401c-9ecc-09fdcb2a2291,e-bike,39.95655,-83.00045833333334,97.0,26.34,True,False,False
Spin,ecaa59b7-cf11-484a-8cdb-214a4d523838,e-bike,39.964939433333335,-83.0003379,33.0,9.07,True,False,False
Spin,bc5c3377-bda4-4075-99e0-fd9014caf8e4,scooter,39.998838,-83.005054,100.0,27.22,True,False,False
Spin,db2006c1-1f31-4057-81d6-bc69be889d37,scooter,39.97448995,-83.0032433,54.0,14.63,True,False,False
Spin,d038f331-0411-4295-95fb-2218082ca641,scooter,39.97453675,-83.00325480000001,39.0,10.54,True,False,False
Spin,55be6afb-47c4-4937-8f8e-5dbb6993ff75,e-bike,39.968245,-83.00738166666666,67.0,18.15,True,False,False
Spin,81b3d611-cf92-4c6a-aa46-2952f43715e3,scooter,39.97455715,-83.0032799,26.0,7.02,True,False,False
Spin,31507e79-b4a4-4eb8-ad95-7e51d2c0cf92,scooter,40.020242,-82.981522,91.0,24.88,True,False,False
Spin,2eab3d27-fa2f-41b6-96db-4d7ac79055a1,scooter,39.97452755,-83.0032565,30.0,8.19,True,False,False
Spin,977b684b-2f64-4830-b877-6fe68819160e,e-bike,40.0091539,-83.01531529999998,70.0,19.02,True,False,False
Spin,544b56a7-81fb-4f55-9b60-662818bbe097,e-bike,39.966210000000004,-82.96446666666667,18.0,4.98,True,False,False
Spin,ca246371-84e0-4ff8-aa9e-34b0363db7f0,scooter,39.997173,-83.004456,100.0,27.22,True,False,False
Spin,1fb8f038-29cf-4ed3-9920-e118a7116eea,scooter,39.996826,-83.000373,92.0,25.17,True,False,False
Spin,708f4a2b-a024-47e0-a42f-e72398933356,scooter,40.010272,-82.981437,49.0,13.46,True,False,False
Spin,55bcbb20-751a-441a-a9f0-34ea3edba161,e-bike,39.98016563333333,-83.0048101,30.0,8.19,True,False,False
Spin,997b8999-35ad-4361-a9ef-c2b2b16ccbc2,scooter,40.014483,-82.96698,25.0,7.05,True,False,False
Spin,8c8fae5a-af7a-4240-a6f5-6a74980f8970,e-bike,39.98017803333333,-83.0071733,56.0,15.22,True,False,False
Spin,a50ca6fa-1483-4082-9d8f-8ee8001093af,e-bike,40.0091609,-83.01221890000001,74.0,20.19,True,False,False
Spin,5165a907-ae1b-4afd-a898-53ce9fb3e7dc,e-bike,39.95855183333333,-83.00289229999998,42.0,11.41,True,False,False
Spin,4f1e2bf1-5259-4a13-8ba9-563d5963ae7b,e-bike,39.958560033333335,-83.0028905,82.0,22.24,True,False,False
Spin,3a8d488a-c863-416d-ae9e-4e7db9402262,e-bike,39.95684103333333,-82.99952163333334,42.0,11.41,True,False,False
Spin,42144759-535d-428d-8b5b-8b1cf26026d2,scooter,39.955858,-83.001993,28.0,7.61,True,False,False
Spin,7282d135-8292-41f3-9519-308f27677aa2,scooter,39.969962233333334,-83.00231559999999,74.0,20.19,True,False,False
Spin,f024e790-d0dc-4fb7-aa45-e35b080dc490,e-bike,39.967395933333336,-83.01566650000001,88.0,24.0,True,False,False
Spin,3eab254d-112b-4ba5-a27d-206b10aed8c4,e-bike,39.97632775,-83.0108306,48.0,13.17,True,False,False
Spin,287bb9d1-053c-4cb5-9ebd-7208a8b006cc,e-bike,39.96426373333334,-82.99694013333334,37.0,9.95,True,False,False
Spin,069abf45-658b-40d4-9f24-34ba00ba2d43,e-bike,40.007217999999995,-83.01522179999999,47.0,12.88,True,False,False
Spin,30c57b89-095e-45fe-b838-f5ff8e5cf840,e-bike,40.0072615,-83.01525099999999,66.0,17.85,True,False,False
Spin,c03212e1-0217-41b7-89fd-fa28d9a43d64,scooter,39.98621123333333,-82.99724893333332,35.0,9.66,True,False,False
Spin,6e0e2508-8ec3-420c-9a23-a1cc635d064b,e-bike,39.967571666666664,-83.01345333333332,91.0,24.88,True,False,False
Spin,fefc7105-0959-4814-bded-c97264747339,scooter,39.986239233333336,-82.99724323333334,16.0,4.39,True,False,False
Spin,73df3a4f-402f-4c61-95c9-fea9f6a7de3a,e-bike,39.980965833333336,-83.00437050000001,20.0,5.56,True,False,False
Spin,157364ea-26bd-451a-995d-b0a59e788e14,e-bike,39.98764725,-83.01065250000002,57.0,15.51,True,False,False
Spin,6d6fd2db-ab57-46e6-be14-e1c8a5d023a8,e-bike,39.96825483333334,-83.00731300000001,58.0,15.8,True,False,False
Spin,d78c3e3e-539f-4170-83d7-e73ed38ec32f,e-bike,39.96868523333333,-83.0078682,43.0,11.71,True,False,False
Spin,99e2e525-b080-4dc0-946d-310308c99a10,e-bike,39.96876303333333,-83.00780789999999,66.0,17.85,True,False,False
Spin,39ccee8d-3615-4d6e-aa35-1acc187c2094,e-bike,39.968731133333335,-83.0078349,90.0,24.58,True,False,False
Spin,033d599f-9000-4703-9d46-7991d3d44f32,e-bike,39.96730903333333,-83.0098028,49.0,13.46,True,False,False
Spin,e153af6a-d88d-4c1c-9d4d-1c3bf5bc33b6,e-bike,39.967330733333334,-83.009838,42.0,11.41,True,False,False
Spin,275b84ec-cc07-48ff-a6d4-71cda91d7d3e,e-bike,39.96978873333333,-83.00227770000001,38.0,10.24,True,False,False
Spin,10e4b8be-ea89-48f0-929d-fc7e87ca0793,e-bike,39.96976973333334,-83.0023006,24.0,6.44,True,False,False
Spin,3235d8b0-8c3d-461c-b1bb-36e985d9cb67,e-bike,39.97051105,-83.0019602,45.0,12.29,True,False,False
Spin,3cbf6efc-74ac-42aa-b45f-f059284783e9,scooter,39.948045,-82.970188,85.0,24.2,True,False,False
Spin,2cb7341e-cd3e-451b-b13a-ca1976feb45e,e-bike,39.994,-83.006765,46.0,12.58,True,False,False
Spin,28fe5d3b-ec21-45df-9af6-a82603e3da0b,e-bike,39.99397166666667,-83.00676166666666,86.0,23.41,True,False,False
Spin,c509627f-41ed-4716-9596-ad1b5fbc1a05,e-bike,39.993990000000004,-83.006795,88.0,24.0,True,False,False
Spin,bfb4bbb5-ea07-4b7a-8015-c87ecd1dda6e,e-bike,39.99398,-83.00679999999998,48.0,13.17,True,False,False
Spin,21498540-7ace-440f-9c26-18c00f0db406,scooter,39.993431,-83.006665,69.0,19.61,True,False,False
Spin,7bea5b29-beba-4e97-ace1-61f625162096,e-bike,39.97050065,-83.0020785,76.0,20.78,True,False,False
Spin,ac20d3ab-0c93-4957-9e70-4d7fd1373ca8,scooter,40.000407,-82.985945,18.0,4.98,True,False,False
Spin,72e82d4c-e911-4d1f-984d-eb334b927de6,e-bike,39.99908263333334,-83.0044185,78.0,21.36,True,False,False
Spin,f81a67de-abc4-44b0-b842-ec24adda2ce2,scooter,39.991578,-83.005878,67.0,18.15,True,False,False
Spin,15311e81-57e3-498b-95dc-00c27f6b4fdb,scooter,39.961116833333335,-83.0063983,67.0,18.15,True,False,False
Spin,48275104-24f7-4ad4-9e54-86842a484d9c,scooter,40.031104,-82.960609,27.0,7.32,True,False,False
Spin,1855b9dd-cb3e-4423-9c8e-4d624c802549,scooter,40.025957,-82.962705,44.0,12.0,True,False,False
Spin,0d1bd556-fa6d-43c4-80c7-64a2df6dd32e,e-bike,39.993217433333335,-83.01109419999999,61.0,16.68,True,False,False
Spin,632e4d51-cb61-42c9-8f2e-f41354544b48,scooter,40.008957,-83.009952,91.0,24.88,True,False,False
Spin,1efb1106-8c88-4fed-ad2b-16b9b8e1ce9b,scooter,39.938306,-82.996471,56.0,15.22,True,False,False
Spin,dbaf3f54-3b76-4b83-ac21-01f10b64eb0e,e-bike,40.007616999999996,-83.0088023,32.0,8.78,True,False,False
Spin,0a4b97ad-9704-4cf4-8ab6-ffb4f9b7b6a3,e-bike,40.012155,-83.00876500000001,53.0,14.34,True,False,False
Spin,c28ba036-322a-4e5e-8fd9-a4b16e6eab11,e-bike,40.0121613,-83.0087732,48.0,13.17,True,False,False
Spin,7dadd77a-797b-43cd-a955-ffa8751ffab8,e-bike,39.96166863333334,-83.02281130000001,46.0,12.58,True,False,False
Spin,bd984680-07d9-45ee-b2f7-5f32033475cb,scooter,39.960326,-82.98696,90.0,24.58,True,False,False
Spin,4ca36c98-a11e-49f8-80d9-e6f2dd3fbaa3,e-bike,39.99484833333334,-83.00642270000002,94.0,25.46,True,False,False
Spin,33e278eb-e520-4a37-8637-deebff9ed1fd,e-bike,39.99016891666667,-83.00582463333333,49.0,13.46,True,False,False
Spin,3bee6bbc-682a-4595-8080-55b06100cbbf,e-bike,39.99014913333333,-83.0058319,23.0,6.15,True,False,False
Spin,3c6e9710-d7af-4db1-9cf5-a8d6db712569,e-bike,39.99015983333334,-83.00585610000002,75.0,20.49,True,False,False
Spin,465e68e0-875b-4385-a697-1a43a1d7a415,e-bike,39.99015166666666,-83.00584500000001,24.0,6.44,True,False,False
Spin,975b9814-a44f-48a1-9250-6fe25890f388,e-bike,39.99015971666667,-83.00583871666667,31.0,8.49,True,False,False
Spin,7e208e9f-42df-4d56-af8c-ab896542dcaf,e-bike,39.99017463333333,-83.0058153,31.0,8.49,True,False,False
Spin,8cda087d-6978-494a-92a0-2697caf6a14a,scooter,40.000678,-83.00794,29.0,8.27,True,False,False
Spin,b7af34c4-1780-496b-b54e-4ee62ef5f2ef,e-bike,39.991965433333334,-83.00665740000001,22.0,5.85,True,False,False
Spin,0d70d7bd-e3dc-453f-b864-8779a74d1c61,e-bike,39.99195063333333,-83.00663639999999,54.0,14.63,True,False,False
Spin,09e4cce2-fe39-4989-b49d-2bf948868938,e-bike,39.99196503333334,-83.00663850000001,54.0,14.63,True,False,False
Spin,edeee94d-9b3d-43a5-83af-65ae76a7849b,e-bike,39.991960733333336,-83.00665249999999,65.0,17.56,True,False,False
Spin,8fa41ef8-9d3f-4abd-9423-31d39c023162,e-bike,39.99194628333333,-83.00662570000001,69.0,18.73,True,False,False
Spin,c64899d8-8857-4e3f-bf86-6344923ae375,e-bike,39.99193543333333,-83.0066271,26.0,7.02,True,False,False
Spin,46b0ecc6-05ba-4286-a3d2-fa18867ab3a2,e-bike,39.99195193333333,-83.0066333,51.0,13.76,True,False,False
Spin,9fd19074-0325-4500-b9da-f84029c69354,e-bike,40.00537156666667,-83.00905063333333,30.0,8.19,True,False,False
Spin,6ef72226-fe94-4126-a94b-834329465b19,scooter,39.944054,-82.99904,37.0,9.95,True,False,False
Spin,dd4a0be3-7fc0-4403-a585-f33cda6ab400,e-bike,39.945593333333335,-83.03568166666668,41.0,11.12,True,False,False
Spin,632ad1ea-9164-4038-ad60-1afce82e4e1e,scooter,40.006373,-83.009335,89.0,25.43,True,False,False
Spin,96a94fdd-ab3b-4bb7-9e69-52b82e4386df,scooter,39.99422643333333,-83.00707859999999,85.0,23.12,True,False,False
Spin,368182fc-1398-4ccc-8d50-2bc474064a2a,scooter,40.021743799999996,-83.0158059,76.0,20.78,True,False,False
Spin,b98194be-3895-44cf-b3fb-90bef6fe9188,e-bike,40.0065789,-83.0192755,62.0,16.97,True,False,False
Spin,d10eaaaf-da6a-40a7-b3c9-53a6ad512a0d,scooter,40.0065815,-83.0192653,57.0,15.51,True,False,False
Spin,2c0241eb-77c0-47c4-9713-d8194ddaab9a,e-bike,39.961488333333335,-83.00375166666666,51.0,13.76,True,False,False
Spin,a58d51b0-3019-4d7b-ad92-55575087c81f,e-bike,39.96406373333333,-82.99729713333333,57.0,15.51,True,False,False
Spin,bef16426-f0be-4ce2-ab53-789c70b11576,e-bike,39.92360383333333,-82.95527103333333,19.0,5.27,True,False,False
Spin,3dfcf7ee-f8ab-4012-bf2c-06aaec0abb88,scooter,39.965149333333336,-82.97407325,56.0,15.22,True,False,False
Spin,0e418f07-cd1c-4225-b5c5-4f496da2001f,e-bike,40.0102519,-83.012027,89.0,24.29,True,False,False
Spin,bfb4dd13-08e7-476a-892b-e25aaab69c3e,scooter,39.962059,-82.950739,22.0,5.85,True,False,False
Spin,6dc926f8-8f4c-4dea-8ec0-f4ee6fe6d916,e-bike,40.0083102,-83.0140435,86.0,23.41,True,False,False
Spin,4c42277e-9d3a-4b89-bf8b-e827f904ecee,e-bike,40.007135,-83.00943666666666,44.0,12.0,True,False,False
Spin,d40ad6b9-1a5f-4615-b231-7d7c643e22cf,e-bike,39.992956416666665,-83.00651391666666,61.0,16.68,True,False,False
Spin,edffb13d-b7c0-4e9b-9554-06570cfcef70,scooter,39.99362,-83.006169,94.0,25.46,True,False,False
Spin,3b027632-cb8d-4c36-bd32-457ee949724e,scooter,39.961737,-82.999946,87.0,23.71,True,False,False
Spin,2a210a0c-4faa-4cdd-8c64-a60b01459bc5,scooter,39.941268,-83.062405,96.0,26.05,True,False,False
Spin,dbb1c610-ba90-47c6-bcb2-5a93f476485e,scooter,39.93983,-83.068506,95.0,26.96,True,False,False
Spin,1a0ca265-9a22-4807-9ea7-a13fd42586ff,e-bike,40.014038,-82.96654803333334,60.0,16.39,True,False,False
Spin,a3429d7e-c101-4f6d-9c27-8be3f2625081,scooter,39.947951,-83.049368,99.0,26.93,True,False,False
Spin,67dbf2f0-147b-46be-9771-7aeb9923713a,scooter,39.991314,-83.006169,99.0,26.93,True,False,False
Spin,6a8a084d-0154-4a52-8ddd-d0519b8548a4,scooter,39.966429,-83.000813,60.0,17.15,True,False,False
Spin,6964483c-56a3-44c4-9af7-2f806bb469ed,e-bike,40.008615,-83.0134416,87.0,23.71,True,False,False
Spin,a05aaf49-ccb9-4dda-bf4a-1d398c8349cb,scooter,39.948015,-83.049296,95.0,25.75,True,False,False
Spin,15e0a297-d653-4e38-9d14-151b2c7930f5,scooter,39.94835,-83.047036,100.0,27.22,True,False,False
Spin,b2007353-517d-47bc-9bee-1f44e33e2a40,scooter,39.948007,-83.049347,100.0,27.22,True,False,False
Spin,dc499167-1f59-4903-a25e-861e7f0656ce,e-bike,39.98523245,-83.00542750000001,65.0,17.56,True,False,False
Spin,e827ca0d-0344-47fb-884b-9e3550a0f729,e-bike,40.0063077,-83.0133727,67.0,18.15,True,False,False
Spin,96dde523-f174-4337-ba7a-002d83d83fe2,e-bike,39.975134049999994,-82.99806673333333,42.0,11.41,True,False,False
Spin,1b476583-a022-4912-8545-9289cf9e35ee,e-bike,39.94370913333333,-82.97685415,69.0,18.73,True,False,False
Spin,303ccca0-b98f-4b5f-b6d7-daae2d6fd9c0,scooter,39.95042,-83.059616,98.0,26.63,True,False,False
Spin,cbe47926-769b-44e3-873c-290b60aafb3e,scooter,39.972436050000006,-83.00347140000001,84.0,22.83,True,False,False
Spin,ac290ea5-f781-4046-9122-5d7ee9e8dec9,scooter,39.977234,-83.003656,100.0,27.22,True,False,False
Spin,8acf4543-67b0-42c0-916a-ffa5a9e5a675,scooter,39.98576,-83.028732,19.0,5.27,True,False,False
Spin,4d95a407-38fd-49c1-acb7-216f1121ab07,scooter,39.977402,-83.003754,81.0,21.95,True,False,False
Spin,b64cde2f-6862-44eb-abab-fd085eeec83b,e-bike,39.97752045,-83.0034917,23.0,6.15,True,False,False
Spin,9076d494-5234-455d-aa92-4e4a4a1f5a6f,e-bike,39.977529249999996,-83.0035005,26.0,7.02,True,False,False
Spin,d5efd335-1fa0-417b-9a2d-97270d928b14,scooter,39.998832633333336,-83.00744660000001,35.0,9.66,True,False,False
Spin,870f1f14-2598-4e86-9730-1984e3bf1f07,e-bike,39.95933813333333,-83.00846269999998,90.0,24.58,True,False,False
Spin,c94f5804-ad3a-4423-ac37-4ff7c849d82b,scooter,39.98002313333333,-83.0032192,61.0,16.68,True,False,False
Spin,3a1ce5ed-20a0-4fd4-93d9-1b1e837cc223,scooter,39.958854,-83.024557,46.0,13.17,True,False,False
Spin,32974291-79df-4744-869d-5cd4ced878ad,e-bike,39.96126183333333,-83.00786629999999,86.0,23.41,True,False,False
Spin,b1e4514a-bfa1-4e10-a719-adb201ec8a0d,e-bike,39.961345,-83.00681000000002,84.0,22.83,True,False,False
Spin,00cac3f2-dfc3-456b-8cb2-94ca181cfea1,e-bike,39.96017333333334,-83.00643333333333,100.0,27.22,True,False,False
Spin,7bbde7f1-bea1-481b-a64f-6bc38a83807f,e-bike,39.96739443333333,-83.0156344,89.0,24.29,True,False,False
Spin,4cbfa37a-75cb-4f72-b051-1937f6ef9895,scooter,39.97401145,-83.0093785,87.0,23.71,True,False,False
Spin,fd8181b3-8a42-4ac5-b492-1b497cf0f57c,e-bike,39.96918083333333,-83.0093268,90.0,24.58,True,False,False
Spin,80d16c45-6810-4adb-9972-12804cf90cf7,e-bike,39.96826,-83.007335,100.0,27.22,True,False,False
Spin,1e24de4f-106b-469c-8fbd-4496678439e2,e-bike,39.96825183333333,-83.0073563,90.0,24.58,True,False,False
Spin,21e74b43-5591-4341-9482-8f2f4dc3e089,scooter,39.986092,-82.982386,69.0,19.61,True,False,False
Spin,4f722bfb-0e4c-4d82-9577-f7aca797a8c7,e-bike,39.98093383333333,-83.003537,29.0,7.9,True,False,False
Spin,c33ac690-bf38-4652-be4d-1b131b6a8ced,e-bike,39.94604413333333,-83.0168856,86.0,23.41,True,False,False
Spin,736bde3f-16e4-4e57-ac17-a5bf7687fd8c,scooter,39.98543745,-83.0110842,100.0,27.22,True,False,False
Spin,1cef9612-4fca-4f1b-b2a7-88820e989575,scooter,40.011276,-82.994272,45.0,12.87,True,False,False
Spin,f16d3bc0-248c-4883-9212-5ea91ee5b5ab,scooter,40.01409,-82.974484,74.0,21.14,True,False,False
Spin,ba1dc906-e489-4aa0-ae26-ea64611a42ac,scooter,39.969188,-82.999726,15.0,4.29,True,False,False
Spin,f921c8fd-9ced-4e4c-94fa-56f8c9cc3868,e-bike,39.99364223333334,-83.02692970000001,29.0,7.9,True,False,False
Spin,c5ae1ace-60dd-45c3-972f-e80613d4c36c,e-bike,40.020828599999994,-83.03035200000001,78.0,21.36,True,False,False
Spin,365922ff-73ee-4219-ae96-c3820c398b81,scooter,39.957416,-83.041494,82.0,22.24,True,False,False
Spin,adfd60ac-015a-4d6c-832e-a5b771b7869b,scooter,40.0064279,-83.0091667,98.0,26.63,True,False,False
Spin,3c6d9002-124e-4182-8f8c-37dfdf1447a8,scooter,39.937376,-83.042045,74.0,20.19,True,False,False
Spin,9e5608d7-d38f-4a53-9f24-8ce4b5232dce,e-bike,39.961280333333335,-82.98887975000001,59.0,16.1,True,False,False
Spin,ce7078d6-381a-4808-911b-d0a1c341b291,scooter,39.985821,-83.027526,100.0,27.22,True,False,False
Spin,f6807211-e0e0-4b45-8f0f-ca00fa2d9d09,e-bike,39.95851608333333,-83.01410203333334,90.0,24.58,True,False,False
Spin,631a00a9-6215-4534-a8ed-12742045b4ce,e-bike,39.99353383333333,-83.00644840000001,41.0,11.12,True,False,False
Spin,3c901a8b-c711-458b-a471-b26b464495d5,scooter,39.95913,-83.008638,76.0,20.78,True,False,False
Spin,292f517e-9c32-4610-8d77-a58df34a996f,e-bike,40.00096666666666,-83.00779833333333,65.0,17.56,True,False,False
Spin,123d22bd-595c-4069-90e2-b06527523a16,e-bike,39.98152666666667,-83.01089833333332,84.0,22.83,True,False,False
Spin,88151ba5-d6c2-4cf9-9640-fecd02385e41,scooter,39.965662933333334,-82.99436183333334,65.0,17.56,True,False,False
Spin,b388eaf1-ba3f-4e87-abe5-312048f3986b,scooter,39.968026,-82.980267,42.0,11.41,True,False,False
Spin,f8ae61a3-3a53-418a-a1a1-401c90f90305,scooter,39.960567,-82.995501,74.0,20.19,True,False,False
Spin,8c773c90-6fd5-43d0-b056-7881e3e073b2,scooter,39.959032,-83.009791,40.0,10.83,True,False,False
Spin,6a6c6a31-79f8-44f0-aa48-d994ac4cc729,scooter,39.960766,-83.012611,91.0,24.88,True,False,False
Spin,260c8a8a-ded2-4b4c-9f62-f4c43b28b88c,scooter,40.014777,-82.98621,46.0,12.58,True,False,False
Spin,b93b53a6-197d-4bbf-b401-bf5abf6f7121,e-bike,39.96923243333333,-83.009809,90.0,24.58,True,False,False
Spin,e5292635-2bad-4c13-a92b-a754044ffc06,scooter,39.959175,-83.009812,85.0,23.12,True,False,False
Spin,3ca86ada-5881-41a1-b1eb-aba6df04eb60,scooter,39.960716,-83.013946,94.0,25.46,True,False,False
Spin,c951fea8-4a85-402c-b3ba-816ac25c6f0b,e-bike,40.00981563333333,-83.01565226666668,90.0,24.58,True,False,False
Spin,f72d91f4-d2a8-4e27-83a7-f19ec524fc64,scooter,39.960759,-83.01278,100.0,27.22,True,False,False
Spin,891237f3-052c-4efa-b657-b04a34d03fa5,e-bike,39.98096603333333,-83.00437570000001,84.0,22.83,True,False,False
Spin,957d48ad-15aa-4f88-94de-5d55ad641212,scooter,39.956211,-83.010717,99.0,26.93,True,False,False
Spin,93f6d8c2-5627-432b-9508-f08e2fba1b95,scooter,39.98527455,-83.0054515,22.0,5.85,True,False,False
Spin,5749afb1-6805-4b07-91f1-ab1adbc3282a,scooter,39.94656813333334,-83.0002462,94.0,25.46,True,False,False
Spin,6a67539b-fd3d-4b3e-bf7c-2fa0b3a553b8,scooter,39.957402,-83.012836,96.0,26.05,True,False,False
Spin,46f6331c-5610-4f5f-90d8-1a96abd3f368,scooter,39.969055,-82.999774,82.0,23.28,True,False,False
Spin,f8d1af2b-6333-4604-847e-e57699d63552,e-bike,39.96896583333333,-82.99987263333333,19.0,5.27,True,False,False
Spin,3e7a2f10-688b-4cee-9256-0e1f7546c972,scooter,39.956118,-83.010821,18.0,5.21,True,False,False
Spin,8488d9b8-9f57-4b6f-8bba-ba556b6fbfee,e-bike,39.99515003333333,-82.99577863333334,94.0,25.46,True,False,False
Spin,18cbbfe0-820a-45eb-bf06-11d7e2596417,e-bike,40.0063197,-83.01340049999999,42.0,11.41,True,False,False
Spin,afddbf4f-73d9-4bc9-be92-968df99b3a93,e-bike,39.98275283333333,-83.0046987,89.0,24.29,True,False,False
Spin,351e7c75-1119-4bbc-8ce6-82482535a633,e-bike,39.96706833333334,-82.99186333333334,57.0,15.51,True,False,False
Spin,fcf59899-ec96-44a8-a4f5-dc303d3d2e79,e-bike,39.99305353333333,-83.00448120000001,94.0,25.46,True,False,False
Spin,298c5cb6-3506-4860-b77a-fd546471ab3d,e-bike,39.98017153333333,-83.00481829999998,72.0,19.61,True,False,False
Spin,114d690a-eeb7-45d0-84b7-566a47ea9c66,e-bike,39.96024313333333,-83.00044869999998,81.0,21.95,True,False,False
Spin,07500e4b-7575-4601-8df2-7026e4f90141,scooter,39.949429,-83.041748,69.0,18.73,True,False,False
Spin,3f89465c-37c1-4174-aa3c-c38fcae0b4a1,e-bike,39.993675833333334,-83.00685989999998,46.0,12.58,True,False,False
Spin,8275c5ec-f790-4afb-920f-15f1ba8e04cf,scooter,39.964437,-83.048192,25.0,7.05,True,False,False
Spin,66663cc0-7bc5-4d9a-81cd-a19a81c76508,scooter,40.010402,-83.015194,49.0,14.09,True,False,False
Spin,c47fa118-f665-47ce-8b25-f1a2e5782bb0,e-bike,40.017582,-83.00481149999999,92.0,25.17,True,False,False
Spin,64512480-2a53-45e5-980c-b1c156a5cabb,e-bike,39.96507,-83.00105833333333,91.0,24.88,True,False,False
Spin,a91a3996-18e5-464d-8da0-b1a23fa41ddc,e-bike,39.99195893333333,-83.00661559999999,32.0,8.78,True,False,False
Spin,6be4aa1c-a49f-462f-bd14-78360b360a11,scooter,40.003575,-82.975197,56.0,15.22,True,False,False
Spin,9a938770-6df4-467b-a00c-314a7ea15446,e-bike,39.993336633333335,-83.00688370000002,60.0,16.39,True,False,False
Spin,e2485a6b-f6c2-47b4-9f47-b5a6db66d987,scooter,40.014679,-82.991137,62.0,16.97,True,False,False
Spin,c31a1af2-ab8c-4196-9e63-32e751bac82e,scooter,40.0020316,-83.00116099999998,60.0,16.39,True,False,False
Spin,08d5d252-cbae-4bb2-897c-70808d352a4d,scooter,40.012866,-83.010818,86.0,23.41,True,False,False
Spin,9043aaa4-3383-4220-aab4-b1763854e575,scooter,40.014761,-82.990018,81.0,22.98,True,False,False
Spin,ac2432db-4d1a-4901-9fc9-700ace4fe9f2,e-bike,39.949645933333336,-82.85817551666666,29.0,7.9,True,False,False
Spin,944c2f5a-b912-4daa-baaf-9f99b1dd5d95,e-bike,39.97446175,-83.0226987,63.0,17.27,True,False,False
Spin,ba9e4205-2069-4778-8bb4-c8637ad0ae8e,scooter,40.014667,-82.991108,100.0,27.22,True,False,False
Spin,5efc0c0f-3037-4140-a670-fd4fef0d98fa,e-bike,39.99310583333333,-83.02698719999998,26.0,7.02,True,False,False
Spin,40fd680e-71ab-4261-a184-a1fbac207a0e,e-bike,39.97799225000001,-83.00262579999999,57.0,15.51,True,False,False
Spin,8ed88251-556b-4cc7-9b77-261971925fff,scooter,40.014738,-82.985703,100.0,27.22,True,False,False
Spin,cbfeadd6-4aa9-4116-a469-0e370200e623,scooter,40.014456,-82.981525,68.0,19.3,True,False,False
Spin,f5db838b-4bae-4169-8ceb-07c50fc017d6,e-bike,40.007429,-83.0161755,88.0,24.0,True,False,False
Spin,c8cbafc8-d050-417f-89f7-73386e8ba016,scooter,39.998035,-83.000257,62.0,16.97,True,False,False
Spin,323e28c9-4192-44bd-bfb7-668bd1e8b349,scooter,40.014515,-82.981566,98.0,26.63,True,False,False
Spin,e2f7540b-46f8-411f-aac3-4607c91371d1,e-bike,40.016981666666666,-82.97839833333335,100.0,27.22,True,False,False
Spin,edd6431a-393c-4aa0-a492-ec919d4a8279,scooter,40.017036,-82.978398,100.0,27.22,True,False,False
Spin,4125a069-458b-46a0-8836-49b0cf6d5ea7,scooter,40.014433,-82.981583,100.0,27.22,True,False,False
Spin,4226ff46-2195-482a-81e1-69f687a3291a,scooter,39.98825245,-83.0151708,28.0,7.61,True,False,False
Spin,d037179f-731c-4821-b7ec-a4355b689873,e-bike,39.996205,-83.00039333333334,19.0,5.27,True,False,False
Spin,92d81555-ac40-435b-b2ff-99f08c2eee6e,scooter,39.983673,-83.020698,44.0,12.0,True,False,False
Spin,ca4c8807-c947-458b-90d0-5f148d7e4262,e-bike,39.97862235,-83.0045171,69.0,18.73,True,False,False
Spin,2516325d-296a-4e80-a21f-ddae17866dc4,scooter,39.957819,-83.035918,85.0,23.12,True,False,False
Spin,dcb4de62-1e65-4c72-bf0a-7d4971033a42,e-bike,39.97789685,-83.00463620000001,92.0,25.17,True,False,False
Spin,df2a0199-e97a-4d41-a88d-b1d951c3f261,e-bike,39.99407853333333,-83.026848,54.0,14.63,True,False,False
Spin,d99db278-497a-46a1-a5d9-4617b2613fde,e-bike,39.993974333333334,-83.02687560000001,84.0,22.83,True,False,False
Spin,c43ee3a1-a898-4d5b-bf66-d627ef165b75,scooter,40.014273,-82.976714,94.0,25.46,True,False,False
Spin,db5bd6ce-4c70-42f8-a5f9-3b7fe95b69c3,e-bike,40.001866899999996,-83.00258280000001,45.0,12.29,True,False,False
Spin,cd4582cf-fbf8-4ebb-bb88-f7012fb61098,e-bike,39.95863073333333,-82.99735223333333,78.0,21.36,True,False,False
Spin,80c73e8a-2a2e-41e4-948c-76444c61c428,scooter,40.014072,-82.974507,72.0,20.52,True,False,False
Spin,c96fbc2f-8006-496f-aa02-5ee14260fdb6,scooter,40.017062,-82.965494,70.0,19.91,True,False,False
Spin,b680ce99-29c3-4497-80ac-5d122845a26d,scooter,40.017039,-82.965525,100.0,27.22,True,False,False
Spin,5a507dc7-352c-4e07-8ece-bdc836a619b8,scooter,40.014064,-82.974507,70.0,19.91,True,False,False
Spin,8479169e-8d85-4110-b2f3-21cd3c30f436,e-bike,40.0243678,-83.03383459999999,73.0,19.9,True,False,False
Spin,5d40d772-53a0-4a06-a789-c95af094c09d,e-bike,40.0068745,-83.0179888,29.0,7.9,True,False,False
Spin,e19a1ebe-372f-40d6-ae19-e2ddd04b0cd2,e-bike,40.0243356,-83.0338516,76.0,20.78,True,False,False
Spin,93e5f59f-a752-4a83-91ae-0849b9df77e0,e-bike,40.0197207,-83.01161619999999,33.0,9.07,True,False,False
Spin,819638c5-c122-4971-9019-90281d045c2c,scooter,40.013704,-82.967925,100.0,27.22,True,False,False
Spin,36e089e3-13cc-4dee-9f9d-df02b05081b7,scooter,40.014558,-82.98805,97.0,27.57,True,False,False
Spin,84acd34a-4ae9-44c8-8bc3-89eb6a6e18d9,e-bike,40.015074600000005,-83.0007544,66.0,17.85,True,False,False
Spin,24fdaba5-f9a4-41dd-b753-6ca57a81025c,scooter,40.008964,-82.970418,73.0,19.9,True,False,False
Spin,bf78a596-b46e-4a69-956e-ee0933b7ab71,scooter,40.008942,-82.970423,87.0,24.81,True,False,False
Spin,0bd7d7f2-2e90-4d06-a460-c87fccab4b6f,e-bike,39.95783203333334,-83.01408850000001,66.0,17.85,True,False,False
Spin,dc7a6444-11d2-4bd4-ad0c-6af99cd8e6dd,scooter,40.0064002,-83.01646170000001,51.0,13.76,True,False,False
Spin,2101649e-6bbd-4f40-931f-da7afa4b410d,scooter,40.016452,-82.970412,96.0,26.05,True,False,False
Spin,023613ac-63c1-41b9-a8d3-b4ea5df29c24,e-bike,39.98855085,-83.0007477,42.0,11.41,True,False,False
Spin,520aab82-bdb3-4d6c-b93c-4a307f1207a7,scooter,39.97257585,-83.0046137,87.0,23.71,True,False,False
Spin,d2a94b8a-e944-4368-924c-991d3c47fa30,scooter,39.991307,-83.014552,65.0,17.56,True,False,False
Spin,6ce2e5ff-36db-4e88-8d0c-5a59a8fcc6c9,scooter,39.997251,-82.977868,76.0,21.75,True,False,False
Spin,1227e761-6544-4af5-a119-fbed135569be,scooter,39.926199833333335,-82.99610293333332,100.0,27.22,True,False,False
Spin,60933fd6-db96-4ac2-a7a9-bdf82e7f5091,e-bike,39.98409653333333,-83.02623380000001,92.0,25.17,True,False,False
Spin,8bf7ac1d-91a9-427d-a38a-07d3473950cc,scooter,39.997221,-82.977869,100.0,27.22,True,False,False
Spin,336304de-2f34-44e4-9568-447bd571b5c5,scooter,39.993536,-82.981059,67.0,18.15,True,False,False
Spin,0929ac8d-8ac9-4b83-ad41-cb951e45d89c,scooter,39.993545,-82.981065,44.0,12.0,True,False,False
Spin,b77264b2-b6ba-418b-aa15-4ced8a6d710b,scooter,39.993533,-82.981047,42.0,11.41,True,False,False
Spin,231953f7-469d-4c9f-844e-7651de4a0a4c,e-bike,39.99564083333333,-82.99999883333334,96.0,26.05,True,False,False
Spin,d514e979-34e4-4ab0-abd8-5b7bf58f332a,scooter,39.96851083333333,-82.99925763333334,31.0,8.49,True,False,False
Spin,8e08ece4-693c-4d3f-9e58-e2d8858c3f2f,e-bike,39.99915283333333,-83.0018079,29.0,7.9,True,False,False
Spin,77689097-ca63-42df-9d4b-2f232d5369f5,e-bike,39.95757195,-83.01141944999999,86.0,23.41,True,False,False
Spin,37b3aec0-a220-4b4e-ad53-4d1977e2a75b,e-bike,39.957570733333334,-83.0114193,39.0,10.54,True,False,False
Spin,f8fb749e-f088-496d-b7b7-34ca2d3aebf0,e-bike,39.95757833333333,-83.01145166666666,38.0,10.24,True,False,False
Spin,f920ef0c-383d-47c7-8e87-af9b5e5074b4,e-bike,39.95759473333333,-83.01145849999999,75.0,20.49,True,False,False
Spin,669f539d-e9ea-4bb0-9a6b-4c8d121b3ec1,e-bike,39.95758373333333,-83.0114477,30.0,8.19,True,False,False
Spin,72cf19eb-aae6-4dc4-85e5-197127323533,e-bike,39.957580033333336,-83.01143939999999,30.0,8.19,True,False,False
Spin,421989b3-5f84-43ef-85b4-a1d9d560675d,e-bike,39.92658685,-82.98767885000001,91.0,24.88,True,False,False
Spin,5be6d807-dd14-435a-bf2f-7672cf2863e3,scooter,39.99708783333333,-82.99879903333334,100.0,27.22,True,False,False
Spin,4a747e06-06ac-4647-89a3-1971e1178f1b,scooter,40.008917,-82.970393,81.0,22.98,True,False,False
Spin,970846ae-e304-406f-b1ef-6488aca09750,e-bike,39.957402333333334,-83.01136419999999,54.0,14.63,True,False,False
Spin,797f0eb3-e79f-4032-ae0d-8f4b92d00af1,e-bike,39.95740453333334,-83.01137330000002,55.0,14.93,True,False,False
Spin,a9d13666-9fd7-4909-81a5-736242fb989e,e-bike,39.95740333333333,-83.01134666666667,67.0,18.15,True,False,False
Spin,f6ce0f12-4e87-4abe-9f1b-4acad43e76c1,e-bike,39.957402333333334,-83.0113568,76.0,20.78,True,False,False
Spin,d11e064b-128c-4fa9-b6b9-e96bc621e790,e-bike,39.95740773333333,-83.0113866,39.0,10.54,True,False,False
Spin,95659960-0f07-4d69-a3a5-c523b0cac478,e-bike,40.0068063,-83.01624169999998,43.0,11.71,True,False,False
Spin,97f36e20-48e4-4b64-bc32-fe1fa90ccf58,e-bike,40.0004275,-82.99853653333334,82.0,22.24,True,False,False
Spin,e329209f-b706-47a7-adcd-4d5c25c0fdfc,e-bike,40.000413099999996,-82.99855143333335,55.0,14.93,True,False,False
Spin,e87187a5-1012-485a-8d9a-9f9fb897fe3e,e-bike,40.0004382,-82.99853443333335,90.0,24.58,True,False,False
Spin,beb278fc-4c5f-46c0-826b-2db35ce1f109,e-bike,40.000424100000004,-82.99853063333333,60.0,16.39,True,False,False
Spin,1aede276-1f5c-4eea-96c4-ad4c71b59868,scooter,39.994895633333336,-83.00675950000002,25.0,6.73,True,False,False
Spin,d7988a5c-03af-4feb-8825-1e5f3daf7ff1,e-bike,40.011017300000006,-83.0145176,56.0,15.22,True,False,False
Spin,570e42e2-0f7e-479f-8226-61c4a039b863,e-bike,39.95596523333334,-83.01246700000002,43.0,11.71,True,False,False
Spin,6eadfc55-ffbf-424a-9981-1c025821995f,e-bike,39.95596083333333,-83.01248689999998,89.0,24.29,True,False,False
Spin,1984dc8c-f7e7-4d97-8e5d-105814df440a,e-bike,39.95597183333334,-83.01248419999999,53.0,14.34,True,False,False
Spin,25e10286-8939-4a17-9ddb-658bc21cec8b,e-bike,39.955977233333336,-83.01248939999999,35.0,9.66,True,False,False
Spin,5d1b9913-01ad-49c0-98b9-0a5e8d2cea1a,e-bike,39.95597503333333,-83.0124854,86.0,23.41,True,False,False
Spin,a9c04760-48c5-4d31-89bd-85c530223b31,e-bike,39.96720153333333,-83.01879840000001,72.0,19.61,True,False,False
Spin,46efa9c2-a1da-4282-bb78-a8aaf79942b0,scooter,39.939015,-82.989651,27.0,7.32,True,False,False
Spin,d409b9a7-f6a2-4197-a342-a9d43b376108,e-bike,39.992368733333336,-83.0052294,55.0,14.93,True,False,False
Spin,0a39249e-222b-493e-acde-f8473544a9fa,scooter,39.945905,-83.016865,15.0,4.1,True,False,False
Spin,af0a01a3-8520-4a50-82ce-741f88e4263c,scooter,39.94715443333334,-82.97607934999999,100.0,27.22,True,False,False
Spin,b261b833-8970-4f9a-9f92-0c46eba51411,e-bike,39.97171745,-83.00783279999999,95.0,25.75,True,False,False
Spin,9b3a36e7-e406-46d6-9e93-2453da8dec70,e-bike,39.95888563333333,-83.0119961,88.0,24.0,True,False,False
Spin,447fdced-60cc-449d-90f2-f050f478c36e,scooter,39.957838433333336,-82.99746323333332,99.0,26.93,True,False,False
Spin,2a93a4e6-2bbf-465c-820a-22bf7b29aec7,e-bike,39.94784013333334,-82.98421643333334,94.0,25.46,True,False,False
Spin,f3506fad-45b7-4a4e-bae1-7cd3c5456572,e-bike,39.94367633333333,-82.98047553333332,94.0,25.46,True,False,False
Spin,edfc000f-71f0-4a7f-9a18-a8a894565808,e-bike,39.95877213333333,-83.00310480000002,83.0,22.54,True,False,False
Spin,da5c72c7-c7ce-4d79-9c06-70b03178ad47,e-bike,39.97740345,-83.00337570000002,39.0,10.54,True,False,False
Spin,98c44639-c515-433a-8a10-6ad419877a7b,e-bike,39.999365733333335,-83.0070231,89.0,24.29,True,False,False
Spin,1c35f392-4f6e-42c5-8915-372464fb7c78,e-bike,39.961265000000004,-83.00928666666665,62.0,16.97,True,False,False
Spin,23536675-dd73-4a65-a2c5-505edc65c188,scooter,39.947253,-82.974229,100.0,27.22,True,False,False
Spin,6b1f7d27-e229-4d0b-91d9-b43f253da235,scooter,39.95056363333333,-82.99845153333332,100.0,27.22,True,False,False
Spin,4a9a493d-36e3-4e80-8ef9-4e29a1e52c54,e-bike,39.993616833333334,-83.0270082,89.0,24.29,True,False,False
Spin,8641d5bb-a2f0-4e7c-a88e-ce7661641e7e,e-bike,39.99362273333334,-83.02696830000001,34.0,9.37,True,False,False
Spin,63b3f7ec-1c72-40e8-8ac5-9b4c872bc2a3,e-bike,39.98258143333333,-83.00874309999999,92.0,25.17,True,False,False
Spin,116e6b6c-7e71-40f1-b5f5-41d09d25bb13,e-bike,39.92540633333333,-82.98428283333332,91.0,24.88,True,False,False
Spin,cc0b5f7c-a04c-4b65-83c4-9ba248d20132,e-bike,39.96254833333333,-82.99620666666667,100.0,27.22,True,False,False
Spin,6097e6e5-bcde-4dde-ad34-ada5abda9cae,e-bike,39.99939793333333,-83.00274669999999,92.0,25.17,True,False,False
Spin,a81978a2-7c5e-4c97-b559-63a99c787df2,scooter,39.952891,-82.994277,99.0,26.93,True,False,False
Spin,5a055edf-f762-4c8e-8f41-b5a5bcc84572,e-bike,39.973908333333334,-83.00919999999999,20.0,5.56,True,False,False
Spin,6449b969-b49a-405f-80aa-cb940be90995,e-bike,40.0118816,-83.01304899999998,56.0,15.22,True,False,False
Spin,3819ebc9-22d3-444a-996c-5c2e4359013f,scooter,39.957193,-83.014971,99.0,26.93,True,False,False
Spin,c566267c-4a23-4495-abff-c8c4198bdf43,e-bike,39.99463063333334,-83.02621839999999,28.0,7.61,True,False,False
Spin,0c90b3b6-b07c-47ec-b303-1d52848ce1b9,scooter,39.969043,-83.003906,71.0,19.32,True,False,False
Spin,ce52d19e-3861-490b-b301-03d9edf47d6f,scooter,40.016971,-82.973638,18.0,4.98,True,False,False
Spin,fb14fca1-e802-47e8-a37b-6995a2836800,e-bike,39.94336233333333,-82.99681533333333,33.0,9.07,True,False,False
Spin,39a1dc75-6cff-4a88-9e21-44ebeeae9940,e-bike,40.008649999999996,-82.99879833333334,58.0,15.8,True,False,False
Spin,4cbbb0e3-fbfe-405e-be0e-7949c7dbb6f3,e-bike,39.990361533333335,-83.01334790000001,86.0,23.41,True,False,False
Spin,adf77455-ec2c-4d02-8814-2e75b4396464,scooter,39.95772673333333,-82.99865303333333,100.0,27.22,True,False,False
Spin,97b1c9a0-e38c-48b5-8683-43f8a54e6b4b,e-bike,40.00091833333333,-83.00788333333334,57.0,15.51,True,False,False
Spin,d63cf3ae-6463-4481-851b-44df521f53f8,e-bike,39.97691833333333,-83.00502666666668,72.0,19.61,True,False,False
Spin,6da56787-f6e8-4cb8-a107-71a1a39d6747,scooter,39.959541,-82.995852,95.0,25.75,True,False,False
Spin,bfd11998-876f-4765-ba17-702547bb26f5,scooter,39.993621133333335,-83.00839820000002,34.0,9.37,True,False,False
Spin,998f2112-2abc-4293-a42e-e86a38fb42f5,e-bike,39.99800333333334,-83.00749339999999,51.0,13.76,True,False,False
Spin,7b935466-8d82-4109-889e-ff9d0ef21c0e,e-bike,39.96304003333333,-82.99615483333334,63.0,17.27,True,False,False
Spin,74c47627-f77c-4117-b437-5b37e47c7c0d,e-bike,39.97671455,-83.0035585,57.0,15.51,True,False,False
Spin,996add8a-1b66-477e-bd09-986a6623985b,scooter,39.95593793333333,-83.0028686,100.0,27.22,True,False,False
Spin,02126c52-8145-4439-8cfe-3007f4b9a8ab,e-bike,40.032293200000005,-83.01783920000001,27.0,7.32,True,False,False
Spin,dd767e9a-0c4d-4bce-9944-55cea25257ff,e-bike,39.994674333333336,-83.00685800000001,29.0,7.9,True,False,False
Spin,a60f822d-1769-4069-b10c-24c556dba380,e-bike,39.959250833333336,-83.0087003,31.0,8.49,True,False,False
Spin,ff40a7b6-73ff-4c34-aa05-d1ff679f1bef,scooter,39.95636,-83.09549,40.0,10.83,True,False,False
Spin,333ac634-335e-4e9a-9ad3-b9611d7af68f,scooter,39.942965,-82.99038,88.0,24.0,True,False,False
Spin,901f4fa1-7af3-4b5e-a0d7-7f095b264430,e-bike,40.00723166666667,-83.00933000000002,62.0,16.97,True,False,False
Spin,37e2bfde-d0e3-464e-a262-a4096b456dfb,e-bike,40.011935,-83.0135832,61.0,16.68,True,False,False
Spin,55d306dc-ad04-4e9f-8017-fea103baa1cd,e-bike,39.99404043333333,-83.00703870000001,20.0,5.56,True,False,False
Spin,5792d474-4a7f-47ac-b48c-b0e0e0c61870,e-bike,39.98403723333333,-83.0053338,94.0,25.46,True,False,False
Spin,f34ac7f4-0504-4670-aeb3-4e55ff4f4340,scooter,39.966937,-82.998736,20.0,5.56,True,False,False
Spin,c2cfa7dc-0786-4ed9-9f62-be9698006cad,scooter,39.951262,-82.911784,92.0,25.17,True,False,False
Spin,15189196-cc94-452b-b4dc-7463d3e1a2c2,e-bike,39.97739485,-83.00346640000001,56.0,15.22,True,False,False
Spin,477c42e7-1462-485a-98f1-698306130b5b,e-bike,39.99288573333333,-83.00651690000001,19.0,5.27,True,False,False
Spin,59121157-ffa3-4f35-b46e-4829b5c666ee,e-bike,39.99291843333333,-83.0064874,34.0,9.37,True,False,False
Spin,e21eb314-db42-4e81-b613-6688937351e2,e-bike,39.992912133333334,-83.0065474,94.0,25.46,True,False,False
Spin,fa9a77be-4fd6-4cf3-9132-48976b189b66,scooter,39.956552,-82.91713,35.0,10.11,True,False,False
Spin,b41ea9fe-f1f5-4e7e-8cdd-50e22d853284,scooter,39.987094,-83.002795,100.0,27.22,True,False,False
Spin,091c9c8b-2cd9-447a-b204-1220f42f948c,e-bike,39.954161633333335,-83.08148750000001,67.0,18.15,True,False,False
Spin,991f9712-cc43-47fc-a0e9-572a828f74e6,scooter,40.007706,-83.005442,0.0,,False,True,False
Spin,c144e29a-9d88-4215-a766-19fcfc47562d,e-bike,39.970576666666666,-83.00203833333335,0.0,,False,True,False
Spin,18457cb3-e4c3-4add-9412-187767cd8bc0,scooter,39.982621,-83.008737,6.0,1.84,False,True,False
Spin,6046ad83-3ee4-4d43-a49a-dfb5dac1db1a,scooter,39.977074949999995,-82.97802585,6.0,1.76,False,True,False
Spin,ee337bef-ce18-4548-83b1-6b4f39f52962,e-bike,39.99046666666666,-82.99557000000001,0.0,,False,True,False
Spin,7769b298-d49a-48a0-8cf2-2880d08ca195,scooter,39.960874,-82.986511,1.0,0.31,False,True,False
Spin,e374630b-58aa-4d1a-afbf-08520ff98a16,e-bike,39.99999163333334,-82.97263495,0.0,,False,True,False
Spin,2bc65327-7b45-4f35-840d-8d58a0feb2b2,scooter,39.986818,-82.927,0.0,,False,True,False
Spin,609ccb77-ad8f-46e9-a00d-e30ab79ff5e9,scooter,40.000614,-82.973327,0.0,,False,True,False
Spin,5a69d790-02a5-4c21-afd2-cd1fdf583be9,e-bike,39.96215263333333,-82.91318023333334,3.0,0.88,False,True,False
Spin,7fcb4ced-36a5-4f15-807a-7c2393146733,e-bike,39.97210855,-83.0026894,2.0,0.59,False,True,False
Spin,e8bec5fd-96c3-486d-9ad6-8e59627f6c05,e-bike,39.982616633333336,-83.00440699999999,0.0,,False,True,False
Spin,85da4375-fb0e-425a-b5a3-930acebc6f45,e-bike,39.96109333333333,-82.96928833333335,4.0,1.17,False,True,False
Spin,ebd117af-0b73-4cb5-aa00-1a9ac69b88c0,scooter,40.019561,-82.975068,0.0,,False,True,False
Spin,e7f9165b-64e1-49ac-af13-7903f86995c7,e-bike,39.95296533333333,-83.0075855,4.0,1.17,False,True,False
Spin,e3d69831-8b85-495b-b258-4167519ede21,scooter,39.967811,-82.976877,5.0,1.46,False,True,False
Spin,1bfda45f-ef43-4055-96d4-59bb4f7e9725,e-bike,39.97160305,-82.99989803333334,10.0,2.63,False,True,False
Spin,ec2948ab-c967-4e20-b72b-fe2810fc4346,scooter,39.966034,-83.001493,2.0,0.59,False,True,False
Spin,864f0d64-5e33-42f6-ac1c-9c40b2c44783,scooter,39.999993,-82.97268,0.0,,False,True,False
Spin,d29e7084-57b4-4edd-b152-562238b26cee,scooter,39.951066,-82.975009,0.0,,False,True,False
Spin,5b376315-6333-4ff4-bf13-d4c4dc7765cb,scooter,39.99295933333334,-83.0065583,14.0,3.8,False,True,False
Spin,36c7f462-24a1-489b-b182-376b0c4396c0,scooter,39.968572,-82.970143,11.0,2.93,False,True,False
Spin,1b7a652c-f58e-47b8-b9e4-132053e07839,e-bike,39.97047945,-82.99015503333334,9.0,2.34,False,True,False
Spin,a4c2505c-a1c0-4105-96d4-2a301867a19d,scooter,39.970723750000005,-83.00124150000002,13.0,3.51,False,True,False
Spin,8358e2e8-662d-460b-ba9b-1ccde60a0d56,e-bike,39.97265645,-83.00250669999998,2.0,0.59,False,True,False
Spin,c272d07b-2acd-4eae-bcf3-1a8f37c9545d,scooter,39.935928,-82.99557,13.0,3.51,False,True,False
Spin,be99ecb6-8a54-4d9e-abb4-95b8fa2903ad,e-bike,39.98775585,-83.00566849999998,13.0,3.51,False,True,False
Spin,509cfdaa-6cc8-466c-9686-9507a5a73c3a,scooter,40.0194272,-83.02575129999998,8.0,2.05,False,True,False
Spin,1b8112d9-84b7-4c45-8edf-0f454588d91e,scooter,39.923882,-82.989723,0.0,,False,True,False
Spin,2f4600b1-6105-43ad-b29c-d8ee082a33a9,e-bike,39.94003863333333,-82.96652633333333,1.0,0.29,False,True,False
Spin,3dd31d3b-6062-43fa-a3d2-4a19f55bf94b,e-bike,40.118683600000004,-83.06991090000001,14.0,3.8,False,True,False
Spin,f3896325-c43b-403c-abdb-2b12ba363b47,scooter,40.01178,-82.969309,0.0,,False,True,False
Spin,c1aaa1ad-8c36-4b8e-9199-08892b44c00a,e-bike,39.96233923333333,-82.99400983333335,9.0,2.34,False,True,False
Spin,22e4a1f3-8e6f-4537-a91e-8065c31d0dff,e-bike,39.95618673333333,-82.99979313333333,0.0,,False,True,False
Spin,f97dddf7-c4fa-4ad5-859d-e4e4dcaeab15,e-bike,39.958262500000004,-83.00973305000001,0.0,,False,True,False
Spin,ae8628bb-4b69-4ca4-bb20-0adf189bf1f7,scooter,40.013837,-82.984196,0.0,,False,True,False
Spin,7b03a1a8-20fd-4c85-98cd-d8f31b8004aa,e-bike,39.959522533333335,-82.98988495,0.0,,False,True,False
Spin,2f0ba423-7358-4eac-a808-c281f5e0a24b,e-bike,39.95935373333334,-82.98995205000001,0.0,,False,True,False
Spin,38ea71f0-d338-43fb-b077-d52e60220e15,e-bike,39.99711333333333,-83.00759833333335,95.0,25.75,True,False,False
Spin,147ff4b8-c3af-45d4-a68f-b3b0e51807cd,scooter,40.003469,-83.011029,29.0,7.9,True,False,False
Spin,7b78ff42-390a-4ccd-bf57-f5990319f841,scooter,40.0040473,-83.0111877,72.0,19.61,True,False,False
Spin,329b2de4-ca07-4d86-bb4e-858b47e01378,scooter,40.0040519,-83.0111884,73.0,19.9,True,False,False
Spin,ed770fd5-504b-4290-9a78-e909faac0a07,e-bike,39.99807333333333,-83.00961166666666,52.0,14.05,True,False,False
Spin,feb9e8da-92de-4409-b18e-c13000575480,scooter,39.99481683333333,-83.0088445,19.0,5.27,True,False,False
Spin,c704613c-0e35-4ccc-9d0c-0f3cd8c8c99a,scooter,40.0034755,-83.01103110000001,22.0,5.85,True,False,False
Spin,d4cc8de0-267c-44dd-ae77-99a34520fb9b,scooter,39.998384933333334,-83.01743710000001,80.0,21.66,True,False,False
Spin,c24538e3-732a-430c-9c6a-6ab47846146d,scooter,40.000492,-83.015469,38.0,10.72,True,False,False
Spin,57fe3674-c0a4-4fd1-a36a-9bc24720ea3d,scooter,40.003756,-83.011589,19.0,5.27,True,False,False
Spin,55bdd313-8c27-409d-8747-2d5b3dd213d6,scooter,40.003655,-83.011106,76.0,20.78,True,False,False
Spin,db4b409a-b0ed-43ef-89c7-076f036bef46,scooter,40.0055024,-83.0093374,82.0,22.24,True,False,False
Spin,0f285169-3662-4271-b7c9-10b9e17497a4,scooter,39.99637693333333,-83.012152,61.0,16.68,True,False,False
Spin,78bd536d-2b47-4156-af5f-f8f105954251,e-bike,39.9941,-83.00684166666666,68.0,18.44,True,False,False
Spin,97874eab-e4ad-4cbe-ad50-1b696c5d7715,e-bike,39.994076666666665,-83.00691,84.0,22.83,True,False,False
Spin,6b141614-2813-4def-9cca-9a57589900e1,e-bike,39.994095,-83.00687500000001,58.0,15.8,True,False,False
Spin,267e64f0-aea7-41da-bdfa-44761349b187,scooter,40.002468,-83.017099,40.0,10.83,True,False,False
Spin,0e59299b-d723-497f-bcc3-f2f7f5630d16,e-bike,40.0016702,-83.0136324,30.0,8.19,True,False,False
Spin,f28d5a39-1a04-4759-b572-1f5a380463c8,e-bike,40.00444366666667,-83.02128476666667,75.0,20.49,True,False,False
Spin,078330ff-fb67-4f3b-b1b5-ee729281f3e8,scooter,40.003091000000005,-83.0087795,89.0,24.29,True,False,False
Spin,7565428f-dc0a-4243-93eb-e134be12e38f,scooter,39.99816863333333,-83.00813269999999,28.0,7.61,True,False,False
Spin,934fcc1a-ef54-464a-8776-0e4bac37e34b,scooter,39.99914183333333,-83.01731880000001,80.0,21.66,True,False,False
Spin,e5b04521-fd9d-455a-9a91-6612a9127fa5,e-bike,40.000681666666665,-83.01383666666668,52.0,14.05,True,False,False
Spin,ababe714-fa6d-49a7-9e16-627c98fb9339,e-bike,40.0062457,-83.01799369999999,26.0,7.02,True,False,False
Spin,4d15fb79-e876-4e3a-9e6b-ef94f6cbbaa8,scooter,40.0014935,-83.01309799999999,76.0,20.78,True,False,False
Spin,1f1a523a-82b3-4a2a-b441-f7a5fc3a573d,scooter,40.0002343,-83.02123519999999,17.0,4.68,True,False,False
Spin,62776527-0c0d-4ba7-b6f2-3c71c511b36d,e-bike,39.99644513333333,-83.0172766,22.0,5.85,True,False,False
Spin,73698726-2020-46ec-99ba-aa56d16204a3,e-bike,40.00345,-83.01065666666666,31.0,8.49,True,False,False
Spin,f0923370-c896-42e0-ba16-a0ec648cba5d,e-bike,40.004599999999996,-83.009925,32.0,8.78,True,False,False
Spin,f11cb625-6637-417d-b0e8-328373537f2a,scooter,40.001534,-83.021732,71.0,19.32,True,False,False
Spin,d0465622-6457-43b8-ba22-7ce76c99cc92,e-bike,40.0039714,-83.0157713,68.0,18.44,True,False,False
Spin,8e56c51b-4957-43a4-8d4c-976482cd07c7,e-bike,39.99454683333333,-83.01798609999999,91.0,24.88,True,False,False
Spin,4c2acbea-3a6c-4735-856f-f5e5eca32331,scooter,40.006192,-83.017052,65.0,17.56,True,False,False
Spin,d98ce2f0-7c0f-40e6-ae79-c456707668cb,e-bike,40.0039696,-83.0157836,47.0,12.88,True,False,False
Spin,9ae24bb8-cc57-45ab-9209-a4457e09252a,e-bike,39.994527033333334,-83.01201119999999,33.0,9.07,True,False,False
Spin,9fe9732d-2dc8-4dc0-8aa4-db98cb6c9757,e-bike,39.995498833333336,-83.0096005,28.0,7.61,True,False,False
Spin,a90851a3-c9f4-44f5-8652-f701d618f1b0,scooter,40.0001737,-83.02137079999999,97.0,26.34,True,False,False
Spin,9cdd4cec-5570-46f5-b969-521af55a8530,e-bike,39.996390633333334,-83.01474920000001,32.0,8.78,True,False,False
Spin,8966f75e-f417-46e1-9025-3d3600b5ef73,e-bike,40.0025246,-83.0178284,87.0,23.71,True,False,False
Spin,cd71b4de-c1b5-4eed-8d7c-624560df3259,e-bike,39.99810823333333,-83.0094435,53.0,14.34,True,False,False
Spin,cafb9840-ec4f-4034-8631-08f66f4e0abf,e-bike,40.0045132,-83.02569909999998,37.0,9.95,True,False,False
Spin,b2950721-6632-435e-a72e-cd9834336b77,e-bike,39.99814103333333,-83.0095842,47.0,12.88,True,False,False
Spin,1c4c0237-6f97-478e-b0a2-f8c8412aca54,scooter,40.0055114,-83.0119411,57.0,15.51,True,False,False
Spin,a33db8fe-3167-4153-a429-b087a1b6bc66,e-bike,39.99541166666667,-83.00938,98.0,26.63,True,False,False
Spin,cdc7c1c6-d346-4a8a-b936-c9cdedb488a0,scooter,39.99934293333333,-83.01613700000001,97.0,26.34,True,False,False
Spin,05bfaaf9-0d3a-4276-9207-d5521ca4d48a,scooter,40.001345,-83.014535,73.0,19.9,True,False,False
Spin,21866323-07ab-4c88-8468-65962069f165,e-bike,40.0059444,-83.0140291,87.0,23.71,True,False,False
Spin,c98bff13-8313-4eb2-b9af-d029a6b034bf,scooter,39.999282,-83.021501,76.0,20.78,True,False,False
Spin,16cf20b5-71df-43e8-a5c4-f9d5d72ebc99,scooter,39.998201,-83.008108,92.0,25.17,True,False,False
Spin,a8aea742-06a2-433d-920e-b06230129a32,e-bike,39.994656666666664,-83.00687166666667,98.0,26.63,True,False,False
Spin,f571b0df-5ad8-4226-a4d9-70dc70506c78,scooter,39.998182433333334,-83.0114185,46.0,12.58,True,False,False
Spin,06f50669-4f6b-4d89-91a9-538abaa633e1,e-bike,39.99812363333333,-83.00952579999999,43.0,11.71,True,False,False
Spin,10862cf8-4b91-4406-b874-c661f1bdabe5,e-bike,40.0054951,-83.00988530000001,23.0,6.15,True,False,False
Spin,8ed0e441-de99-489a-ba97-d187d28af51a,scooter,39.9957,-83.012189,77.0,21.07,True,False,False
Spin,67c58bb6-7838-46df-80e8-410ed10e9573,e-bike,39.99808993333333,-83.009449,83.0,22.54,True,False,False
Spin,5396b73b-c4ca-44f9-90b2-7a4583715600,scooter,39.994685,-83.021663,34.0,9.37,True,False,False
Spin,13fde189-bc22-42d8-89a3-40c1f5a9939d,e-bike,40.004392599999996,-83.01704820000002,86.0,23.41,True,False,False
Spin,60910f44-e796-4532-8fca-8efc20d91a07,e-bike,40.003102399999996,-83.02642429999999,73.0,19.9,True,False,False
Spin,7a9b3c44-f0bf-48f3-8c1c-a7003f23803e,e-bike,40.0056144,-83.01168619999999,35.0,9.66,True,False,False
Spin,81deac58-65b9-405b-b44c-1eec28d60626,e-bike,39.996397933333334,-83.0170695,42.0,11.41,True,False,False
Spin,99d43641-7a30-4371-8673-5ca3e8adcff9,e-bike,40.00508333333333,-83.01460333333334,59.0,16.1,True,False,False
Spin,eda8f125-dd04-479c-a107-4a53a8ec7fa7,scooter,39.99478583333334,-83.014745,41.0,11.12,True,False,False
Spin,300ef5d2-9bf6-4a43-97d7-d63d2012af9d,e-bike,40.003101666666666,-83.00877999999999,76.0,20.78,True,False,False
Spin,de974a4d-8da8-41d1-bc7b-f3b1cfa57326,scooter,40.00108,-83.008411,97.0,26.34,True,False,False
Spin,cc4a8044-79a2-45b2-a83e-9ce7df42ff7a,scooter,40.001102,-83.008343,78.0,22.36,True,False,False
Spin,d3b55818-9039-4d14-928e-5babf5773876,scooter,40.001088,-83.008378,87.0,23.71,True,False,False
Spin,e7e2d6d8-7b12-4dc0-8c3f-3fa5c4be88c9,scooter,40.001079,-83.00843,97.0,26.34,True,False,False
Spin,e0c9282e-9e9a-4978-a193-f79adb6e2143,scooter,40.001038,-83.008332,75.0,20.49,True,False,False
Spin,df6d213e-59db-4987-a08e-30347ebcf434,e-bike,39.99385893333333,-83.0134583,59.0,16.1,True,False,False
Spin,f60777d6-d577-4fda-abdb-a8a1024ce7dc,e-bike,39.99382053333333,-83.01343360000001,30.0,8.19,True,False,False
Spin,e915bd44-229d-42c6-89ac-f25e552a56a3,e-bike,39.997191666666666,-83.00949833333334,66.0,17.85,True,False,False
Spin,8d42b2d8-62e7-4b45-9659-3a67aa2b5282,scooter,39.996284233333334,-83.00717600000002,66.0,17.85,True,False,False
Spin,a0754fc1-63b9-42ae-b32c-328a1541acea,e-bike,39.99531063333333,-83.01222969999999,28.0,7.61,True,False,False
Spin,add629d1-9979-433d-8b23-b249cbbb6a92,e-bike,40.0002312,-83.01038080000002,39.0,10.54,True,False,False
Spin,45d9eaf8-e498-407f-a950-5e6af4a1ad62,e-bike,39.994353333333336,-83.01265333333335,51.0,13.76,True,False,False
Spin,40dc8a65-a71a-4012-8129-2b4c24171604,e-bike,39.995196533333335,-83.01677749999999,28.0,7.61,True,False,False
Spin,d88c336a-6fc6-45b3-b532-72adcdfa8529,e-bike,39.99432433333333,-83.0133973,39.0,10.54,True,False,False
Spin,6201570d-f4a8-4e3c-baf4-4f488988a101,e-bike,39.99698333333333,-83.00995499999999,92.0,25.17,True,False,False
Spin,f4cf612a-9aa9-411c-9985-c92e31755553,scooter,40.0060757,-83.01706250000001,33.0,9.07,True,False,False
Spin,4703213b-9bb0-4844-9404-bcc0c78f1c38,e-bike,39.99689,-83.00934833333334,57.0,15.51,True,False,False
Spin,237ddca0-a0d7-41a7-9660-6b13a28e2f1f,e-bike,39.9981424,-83.00951375000001,69.0,18.73,True,False,False
Spin,93e8fbd2-dfae-4ef7-9cec-7f72562b37ef,e-bike,39.99387023333334,-83.01266580000001,22.0,5.85,True,False,False
Spin,752e93cd-721b-4cfb-9315-e7edac71cfc8,e-bike,40.00360666666666,-83.00883166666667,69.0,18.73,True,False,False
Spin,23aaf095-d918-4134-9b71-f85fa66dae8c,e-bike,39.99874883333334,-83.0214567,27.0,7.32,True,False,False
Spin,7f33ffe4-09a6-488e-a429-c68a69bd068f,scooter,40.001804099999994,-83.01303090000002,76.0,20.78,True,False,False
Spin,50eb122a-a3a4-4543-8947-77566d489e24,scooter,40.0017363,-83.0129415,89.0,24.29,True,False,False
Spin,f04728b1-9591-40e2-ba8a-77aa7b24cd2c,e-bike,40.005412099999994,-83.00909429999999,74.0,20.19,True,False,False
Spin,c3a784dd-f5ec-45c5-8db8-f1bc47f446d1,scooter,40.006008,-83.009081,81.0,21.95,True,False,False
Spin,42018c66-2d5b-47ce-9443-0ed875c7cd6d,e-bike,40.002925,-83.0202766,23.0,6.15,True,False,False
Spin,e12792a6-d632-4371-88f6-4cc913652c93,e-bike,39.99972233333334,-83.0091801,85.0,23.12,True,False,False
Spin,d76fd683-cf5d-4cc9-8a13-0ecee10727ed,e-bike,40.003579116666664,-83.01466921666666,39.0,10.54,True,False,False
Spin,ec93509e-a08a-48c9-a610-c6a2711839a4,scooter,39.994752733333335,-83.0147282,90.0,24.58,True,False,False
Spin,40d56f74-ad5d-49aa-9c12-70929759cafe,scooter,40.000681099999994,-83.0138742,65.0,17.56,True,False,False
Spin,fa580f55-c36a-4546-bfcb-d183b03a8b1f,e-bike,39.99590893333333,-83.01460909999999,71.0,19.32,True,False,False
Spin,2a686568-3330-43ca-abdb-2a4a3109b124,scooter,40.000263,-83.021342,66.0,17.85,True,False,False
Spin,a1af0a5b-34fd-4b2f-8a85-f48ddde160d7,e-bike,40.0004017,-83.02124899999998,47.0,12.88,True,False,False
Spin,3e68abea-d4cf-446a-badb-1d53b91296d5,e-bike,40.00344833333334,-83.01588333333332,84.0,22.83,True,False,False
Spin,21616421-7294-48d4-818a-fab2fddd4d8b,scooter,39.99723373333334,-83.00798099999999,72.0,19.61,True,False,False
Spin,0c97ce9e-6983-4e58-830d-7aa3b7f2de42,e-bike,40.0034839,-83.0196834,94.0,25.46,True,False,False
Spin,324c1257-7e92-4c63-8134-d80088243e57,e-bike,40.0003989,-83.0211811,96.0,26.05,True,False,False
Spin,61c178a5-5c1a-4f86-9b86-cc4f2e0bde69,scooter,40.003179,-83.0128183,27.0,7.32,True,False,False
Spin,285d7600-e6b7-4360-b8fc-15fb49946bd3,scooter,40.003028,-83.01304,37.0,9.95,True,False,False
Spin,b6186d1f-fee3-4cc7-97c2-469725fd718d,e-bike,40.001323,-83.01003969999998,87.0,23.71,True,False,False
Spin,d9c23e9f-463b-4069-a46b-558a8fe184cd,scooter,40.0059605,-83.01236240000001,47.0,12.88,True,False,False
Spin,b2ad336e-699f-404f-9a34-838bae358d49,e-bike,40.005486600000005,-83.0094308,51.0,13.76,True,False,False
Spin,f5f4fe06-7c70-4c63-a889-78642d24de2f,e-bike,39.99710666666667,-83.00760833333334,53.0,14.34,True,False,False
Spin,08e8b04e-6b86-4a4b-b2a8-c8ff038982d7,e-bike,39.99711833333333,-83.0075871,22.0,5.85,True,False,False
Spin,c8183c11-cc9c-4c18-b5d6-be45e2515f1a,e-bike,39.99712443333333,-83.00759439999999,26.0,7.02,True,False,False
Spin,4d24dae4-6d4d-4715-99cc-84dc909bea6b,e-bike,39.99712773333333,-83.0075948,34.0,9.37,True,False,False
Spin,4257177a-dfdf-425b-9f70-ad89d18a158f,e-bike,39.99713813333334,-83.0075792,35.0,9.66,True,False,False
Spin,7873b200-13d6-4643-9d0b-ff8104328648,e-bike,39.99713833333333,-83.0075698,87.0,23.71,True,False,False
Spin,7cafd95e-ad41-47c2-b0f6-6f0b4e3f3f9f,e-bike,39.99709,-83.00757,90.0,24.58,True,False,False
Spin,e6949288-2f0a-46b5-8300-23ed3819902e,e-bike,40.0036656,-83.00889430000001,85.0,23.12,True,False,False
Spin,2d9a7f9d-ed23-4d59-8a95-3e9944b9f130,e-bike,40.0004802,-83.01722360000001,24.0,6.44,True,False,False
Spin,34d75703-9903-4aa7-8dbb-ceeeab35773e,e-bike,40.0030042,-83.02102799999999,68.0,18.44,True,False,False
Spin,9b6f0b1e-e08d-4ca0-bd50-204541217a1f,e-bike,39.99713143333334,-83.0075878,52.0,14.05,True,False,False
Spin,a4924eb0-b966-47ac-8402-1ce460db1aab,scooter,39.99672493333333,-83.0113233,87.0,23.71,True,False,False
Spin,94166639-cf74-48ec-bd5d-214f496e902f,scooter,39.99683533333334,-83.00971069999999,24.0,6.44,True,False,False
Spin,a9f92292-11f3-465a-a37f-0055e01d56d1,e-bike,39.998241633333336,-83.02105940000001,89.0,24.29,True,False,False
Spin,fe89480e-3bc0-4b37-b82b-ddb3890c400f,e-bike,39.99712363333333,-83.00759260000001,47.0,12.88,True,False,False
Spin,74ca89ae-90e1-49eb-be95-fa4baf15d918,e-bike,39.99712173333333,-83.0075863,41.0,11.12,True,False,False
Spin,1d9c3a63-18d2-4e21-bf13-d8d3c9a3f4b4,scooter,39.999653,-83.022329,100.0,27.22,True,False,False
Spin,e2fa7f90-62ac-4576-9d7c-16077ac18fb1,e-bike,39.99528033333333,-83.01175829999998,38.0,10.24,True,False,False
Spin,2f014510-244a-49b4-84b8-a71a27f14a2d,e-bike,40.005868299999996,-83.0139253,40.0,10.83,True,False,False
Spin,7e0a9ad9-1492-4268-be4c-100aacfa8bcb,e-bike,39.99869513333333,-83.00842630000001,38.0,10.24,True,False,False
Spin,d2fabc90-0500-4fe9-9d31-c671628615f3,e-bike,39.99702583333333,-83.0100133,54.0,14.63,True,False,False
Spin,90453aeb-8a37-47ca-be2c-399a12c3aaa5,e-bike,40.00595,-83.01200169999998,22.0,5.85,True,False,False
Spin,f6d517e0-2be7-473e-93be-8eaadac737a3,scooter,40.000251000000006,-83.02122890000001,80.0,21.66,True,False,False
Spin,9d2f0040-03af-400e-9b23-825a18ab5efb,scooter,40.00234150000001,-83.00997860000001,76.0,20.78,True,False,False
Spin,a3963888-566d-4e9a-8bf9-c1671c7c7c93,e-bike,40.0023616,-83.00998990000001,54.0,14.63,True,False,False
Spin,2ad8f380-8804-488d-a9aa-7376b9874e6c,e-bike,39.99710666666667,-83.00759166666667,100.0,27.22,True,False,False
Spin,921b71e8-bfb9-46a9-8e87-66754aa00658,e-bike,39.99692503333333,-83.0109785,88.0,24.0,True,False,False
Spin,599030b1-9204-41b4-b747-b27014b03411,e-bike,39.99817193333333,-83.0080971,25.0,6.73,True,False,False
Spin,2215897a-dddf-4eb3-a323-5fbbd219995a,scooter,39.996923,-83.014843,27.0,7.32,True,False,False
Spin,60f90cd1-4a76-4bd9-9f73-7f0de06d26c0,e-bike,40.0017249,-83.01290329999999,46.0,12.58,True,False,False
Spin,e7923eed-87ca-4795-b9e5-f25452401bd2,e-bike,40.0034065,-83.01588940000002,89.0,24.29,True,False,False
Spin,4b3e7e83-81ca-486b-b7f2-5a8e00bc3620,e-bike,40.0055949,-83.0118461,48.0,13.17,True,False,False
Spin,27295b3e-b16c-47b3-b1c9-b2ccd1cb59c8,e-bike,40.00428333333333,-83.01154666666667,92.0,25.17,True,False,False
Spin,73aed267-9aa1-405a-9237-59418ddfcb3a,e-bike,40.0063277,-83.01342520000001,35.0,9.66,True,False,False
Spin,d3bcc0ff-1608-4650-9b01-814c301b6d1e,e-bike,39.99492643333333,-83.01364540000002,66.0,17.85,True,False,False
Spin,5ac13d2c-138f-4a03-8157-e1de45292c94,e-bike,39.99618243333334,-83.00937389999999,27.0,7.32,True,False,False
Spin,1f0a8bb2-dd14-43de-a569-d068a5a11e01,e-bike,40.004011399999996,-83.011174,23.0,6.15,True,False,False
Spin,90f58d3a-7134-45f2-be17-5fbec01c4fe8,e-bike,40.0029803,-83.00852170000002,23.0,6.15,True,False,False
Spin,4bee5d1c-ea54-4bd2-8bc6-21e605e07b07,e-bike,39.995535233333335,-83.01172030000001,22.0,5.85,True,False,False
Spin,44049f49-9f9d-4f06-b8ea-c0cf168f0fc7,e-bike,40.0000513,-83.01359040000001,58.0,15.8,True,False,False
Spin,2a7415d6-9e33-4a14-a911-85a0be6fbec0,scooter,39.99669723333333,-83.0108486,75.0,20.49,True,False,False
Spin,a488e42d-7f06-4a70-9ee0-32a865c71186,scooter,39.996861,-83.010787,31.0,8.49,True,False,False
Spin,87d31773-d247-46cc-9b25-7d0d2a77ab77,e-bike,39.99677653333333,-83.0088263,29.0,7.9,True,False,False
Spin,bc8f2366-99b1-493b-92d8-8bbaed8a3700,e-bike,40.0058875,-83.0139165,40.0,10.83,True,False,False
Spin,d3133871-eefb-4749-835c-f433ba752d71,e-bike,39.998995,-83.02173499999999,92.0,25.17,True,False,False
Spin,40e0890e-2790-4e18-823c-56892322a5bf,e-bike,40.005945600000004,-83.0138704,80.0,21.66,True,False,False
Spin,33633d17-f8f9-4ec0-8327-3811d32b8394,scooter,39.998331,-83.008031,65.0,17.56,True,False,False
Spin,27e6ff09-7f0b-4ba5-9f41-9d9368106386,e-bike,39.99467753333333,-83.01470509999999,28.0,7.61,True,False,False
Spin,a3cc3373-c63e-4102-a967-6d20f8d6a75b,e-bike,40.004362,-83.0091273,66.0,17.85,True,False,False
Spin,5cfe7a32-86d7-451a-8f54-906a5b56b0db,e-bike,39.99664593333333,-83.0075483,49.0,13.46,True,False,False
Spin,70543a0e-cb2a-42f0-b589-b10afa9f68ae,e-bike,39.99667503333333,-83.00754839999999,86.0,23.41,True,False,False
Spin,702bda0b-1041-4948-b10b-378de0c3642d,e-bike,40.0046717,-83.01414099999998,51.0,13.76,True,False,False
Spin,9f523432-11e1-4399-a6f0-6b4f6af0054e,e-bike,39.99821,-83.00809333333333,40.0,10.83,True,False,False
Spin,5e050bfd-ada0-493f-accf-5f3a0d266d0a,scooter,40.0041267,-83.01118229999999,38.0,10.24,True,False,False
Spin,b01cad39-90e1-4325-8f5f-de14ab4b64a3,e-bike,39.99409553333333,-83.00676589999999,68.0,18.44,True,False,False
Spin,164052dd-93d3-44e8-abfc-9f9ed5a4f011,e-bike,39.994089933333335,-83.00676829999999,38.0,10.24,True,False,False
Spin,62b37617-b65b-4751-9b6c-f158a9783a40,e-bike,39.99405793333334,-83.0067757,55.0,14.93,True,False,False
Spin,24eb0426-2965-4ce6-b5ed-209b77a436ed,e-bike,39.99407833333333,-83.00676909999999,87.0,23.71,True,False,False
Spin,8ea0ad36-d14a-45eb-ab42-152894c8f279,e-bike,39.99406303333333,-83.0067505,38.0,10.24,True,False,False
Spin,ebc414df-4f41-4e4e-8ae9-7ab492eebe5e,e-bike,39.99408423333333,-83.0067585,48.0,13.17,True,False,False
Spin,9bf8752c-51e9-4ccd-8738-0c13e26145a2,e-bike,39.99407613333334,-83.00676290000001,85.0,23.12,True,False,False
Spin,79ef29f5-4d7b-4860-84e2-00934f7aa26f,e-bike,39.994093033333336,-83.00674079999999,63.0,17.27,True,False,False
Spin,030f815a-da4e-4eda-bdcb-fb7e21479af6,e-bike,39.997058333333335,-83.007575,91.0,24.88,True,False,False
Spin,e1a473ce-c517-4102-89aa-b92c6e05806b,e-bike,40.0032285,-83.00879859999999,71.0,19.32,True,False,False
Spin,3eb4f056-a67c-4da6-8749-edc6f9a29657,e-bike,40.00589333333333,-83.00929666666667,31.0,8.49,True,False,False
Spin,7ced0064-89f9-4c6c-a69a-6905ca1b8d61,e-bike,39.998465,-83.02145,28.0,7.61,True,False,False
Spin,a7572887-076b-4320-928d-3e34789a0f5d,scooter,39.997117,-83.007639,51.0,13.76,True,False,False
Spin,8d0f7201-200c-4bb3-843e-7b1df6cef02e,e-bike,40.0060336,-83.01370980000002,32.0,8.78,True,False,False
Spin,8636947f-cc08-420d-9d1e-f3373ca03e3d,scooter,40.0055443,-83.009245,62.0,16.97,True,False,False
Spin,4024c24e-00b5-47e0-a37e-aba95a8a8a68,e-bike,39.99714083333333,-83.00759090000001,51.0,13.76,True,False,False
Spin,bbb95461-912a-4c3d-82bc-e992bd878fda,e-bike,39.99714023333333,-83.0075973,87.0,23.71,True,False,False
Spin,2cadd759-eba5-4338-8365-3bab10806d35,e-bike,39.997149433333334,-83.00759860000001,86.0,23.41,True,False,False
Spin,e2878588-6029-49e0-b9be-f957204ab225,e-bike,39.99714053333333,-83.0075891,30.0,8.19,True,False,False
Spin,2529089f-c913-44ed-b15b-659f77712028,e-bike,39.99713393333333,-83.00758560000001,34.0,9.37,True,False,False
Spin,8316ab9e-6eeb-49f9-95ac-15aaf4eaa6b8,e-bike,39.997143433333335,-83.00758920000001,91.0,24.88,True,False,False
Spin,fa77309d-f4a7-4bae-8f3b-b15e82c06eb1,e-bike,39.99714456666666,-83.00758116666665,67.0,18.15,True,False,False
Spin,e60d2724-3016-4122-906a-b716ddbc8c71,e-bike,39.99512613333333,-83.01673180000002,87.0,23.71,True,False,False
Spin,a2ca30b8-d881-4feb-a8b9-1f30374d516b,scooter,39.99835933333333,-83.0173906,31.0,8.49,True,False,False
Spin,51d48a0e-bac4-4c05-b0d5-603618a4a03d,e-bike,39.99608323333334,-83.0072016,71.0,19.32,True,False,False
Spin,790a9892-0ba3-466d-945d-86e75b87e820,e-bike,39.99607853333334,-83.0072098,37.0,9.95,True,False,False
Spin,4646866d-3793-4004-87ff-855bcf5e7c81,scooter,40.000315099999995,-83.01767960000001,86.0,23.41,True,False,False
Spin,668aac17-4a4e-4008-9b96-ac9159a9557a,e-bike,39.99607,-83.00724833333334,41.0,11.12,True,False,False
Spin,d38ddf34-e440-41e3-92bd-d19def765109,e-bike,39.99477423333334,-83.0192939,59.0,16.1,True,False,False
Spin,2f9dde2d-0e30-45bb-9948-d5895ad039c8,e-bike,40.0043458,-83.02130020000001,87.0,23.71,True,False,False
Spin,c65cf957-d605-406a-8dad-e8c4d5f25799,e-bike,40.0043498,-83.02131519999999,61.0,16.68,True,False,False
Spin,8ed2aa92-9409-41f7-83e1-3743b34b7dc5,e-bike,39.99606333333334,-83.00727,57.0,15.51,True,False,False
Spin,b453e82d-e721-4a9d-b3ec-a6d4f6b685a8,e-bike,39.99453473333333,-83.01461249999998,68.0,18.44,True,False,False
Spin,e848ba3c-4795-4347-853a-ecea003e4cd0,e-bike,40.0051428,-83.0149214,78.0,21.36,True,False,False
Spin,d23e15b0-b510-44f6-9b2b-38bf7a9f69a6,e-bike,40.005166933333335,-83.01487418333333,88.0,24.0,True,False,False
Spin,c0c90fdc-6858-496a-b626-1e8d3379e813,e-bike,40.005853099999996,-83.01393279999999,42.0,11.41,True,False,False
Spin,420b6509-2736-4013-a406-13d624ba5494,e-bike,40.00551166666666,-83.01107166666667,100.0,27.22,True,False,False
Spin,d42af4d3-9912-4eae-a7ac-1f30a2144705,e-bike,39.995872733333336,-83.0195229,42.0,11.41,True,False,False
Spin,7b833867-83f3-4c58-a56e-d3e22058b676,e-bike,40.0047021,-83.01006469999999,56.0,15.22,True,False,False
Spin,640e9bc4-de36-424c-8da8-aebe685ce7c1,e-bike,40.0023446,-83.00998759999999,91.0,24.88,True,False,False
Spin,5b49a46b-5644-4b35-bf35-1caeb699db33,scooter,40.001187,-83.008419,72.0,19.61,True,False,False
Spin,c6b3afa8-7646-4f5e-93a2-b7ae4c4d82dd,e-bike,40.0060883,-83.0141809,23.0,6.15,True,False,False
Spin,5fdf0dfd-39ae-4b3c-89bd-f4fbd4af909a,e-bike,39.99909243333333,-83.0079807,87.0,23.71,True,False,False
Spin,918e69cc-fed0-4be3-941b-5edf1981eb1d,e-bike,39.99818333333334,-83.00797333333334,24.0,6.44,True,False,False
Spin,ad626faa-505d-41db-953e-f20ed1877530,e-bike,39.999089733333335,-83.00799,91.0,24.88,True,False,False
Spin,75454778-3e59-4c49-9766-4605fcadff85,scooter,39.99912,-83.007891,100.0,27.22,True,False,False
Spin,8bf232e6-3c3c-4fa0-b2ac-bef821fff219,e-bike,39.99317443333334,-83.01437239999998,32.0,8.78,True,False,False
Spin,cea4b9ef-aba1-475a-bb67-cbd3a308903b,scooter,39.994145233333334,-83.006789,80.0,21.66,True,False,False
Spin,9e348d18-3407-48b3-b9a8-7c0f55998ca2,e-bike,40.001683899999996,-83.0145946,87.0,23.71,True,False,False
Spin,ec225fe1-5e8a-46a2-9321-efbb71985e3f,e-bike,40.0030504,-83.03275809999998,87.0,23.71,True,False,False
Spin,f7301dca-da85-476f-89ca-bf91909c8a73,scooter,39.994663833333334,-83.0069265,41.0,11.12,True,False,False
Spin,b137acf5-cd50-45a5-a20e-8c32e77e2329,scooter,39.999698933333335,-83.00912519999999,18.0,4.98,True,False,False
Spin,8fc4d7a0-657c-48f7-8e2c-03d5c86373f3,scooter,39.99476643333333,-83.01474699999999,17.0,4.68,True,False,False
Spin,fed8936b-a454-4489-8a09-42f7d21563d2,e-bike,40.003034,-83.013906,23.0,6.15,True,False,False
Spin,7341fa2d-7865-4231-b828-d38595aac2d1,e-bike,39.995879933333335,-83.01951060000002,25.0,6.73,True,False,False
Spin,51d69da1-b9ee-4375-9f4d-45a0967aa0cc,e-bike,40.00616333333333,-83.01374333333334,46.0,12.58,True,False,False
Spin,cc1ae0f5-8a75-44d7-a1d3-315cbc1e1303,e-bike,39.99609443333333,-83.01698669999999,59.0,16.1,True,False,False
Spin,77db3b5b-6021-4eb9-88bd-0ea712892687,scooter,40.001075300000004,-83.0140984,49.0,13.46,True,False,False
Spin,05876e7c-df4f-417e-9abd-b3c1fb59fbe5,e-bike,39.99397063333333,-83.02158720000001,91.0,24.88,True,False,False
Spin,3588b50a-06c3-4074-b6c2-bb6ef96e430a,e-bike,40.0040258,-83.01712760000001,91.0,24.88,True,False,False
Spin,cf2e6e53-93dc-45f6-a86b-848e0844027a,e-bike,40.004024400000006,-83.0171597,42.0,11.41,True,False,False
Spin,790dd3d4-f722-42bc-83b4-7dbdaf6c859d,e-bike,39.996815,-83.01037333333333,100.0,27.22,True,False,False
Spin,445a6cba-709a-4f02-9896-17186e3caf8d,e-bike,39.99926863333334,-83.02146669999999,41.0,11.12,True,False,False
Spin,dcbc9ab9-7854-4982-97ea-0d5db6d407dc,e-bike,39.9992636,-83.02147025000001,88.0,24.0,True,False,False
Spin,96dfc728-170e-4471-a0fd-e2c4cb79862f,e-bike,39.99927683333333,-83.02145530000001,88.0,24.0,True,False,False
Spin,b4bf4c49-fa9b-41ff-8485-3c41f758296b,scooter,39.99929,-83.021526,73.0,19.9,True,False,False
Spin,64ee617c-e2b4-4347-a97a-7fcc5300422a,e-bike,39.99928166666667,-83.02152,91.0,24.88,True,False,False
Spin,ea900de4-d2de-4311-a4b8-51db292103b7,e-bike,40.0059292,-83.00995310000002,90.0,24.58,True,False,False
Spin,8128ae4e-c2e5-492f-afbd-a54a8b6bf68b,e-bike,39.99984666666667,-83.02133666666666,98.0,26.63,True,False,False
Spin,3ca30274-5b00-4b65-9959-00b7ca2f413d,e-bike,40.004117400000005,-83.0209802,52.0,14.05,True,False,False
Spin,19fb7e37-873f-44f5-b45d-bab57f0e215b,e-bike,40.0083359,-83.0258152,15.0,4.1,True,False,False
Spin,f922be88-9026-47e0-86dc-18237047fe6a,e-bike,40.0052267,-83.0211789,42.0,11.41,True,False,False
Spin,9e6b329e-5b1f-452c-aac5-9022d2da290f,e-bike,40.005226500000006,-83.0211729,33.0,9.07,True,False,False
Spin,be97e5c8-8eec-4e78-9a53-6a1a151d12c4,e-bike,40.00391166666667,-83.01750833333332,81.0,21.95,True,False,False
Spin,c9efb25d-34bc-4b64-b9a5-33b77970e994,e-bike,40.003863333333335,-83.01749333333333,98.0,26.63,True,False,False
Spin,ac0bd9aa-8d71-4cc7-9819-f7c9d7ef7ee9,e-bike,40.0052069,-83.02115729999998,82.0,22.24,True,False,False
Spin,5b6f338e-eb2b-4073-9529-a9d0cf9fb255,e-bike,39.99609373333333,-83.01963400000001,63.0,17.27,True,False,False
Spin,54eb3f46-1fe0-4b99-8b65-9a76bccaf490,e-bike,39.998528533333335,-83.0099246,87.0,23.71,True,False,False
Spin,aa5001b5-acbe-4626-96b4-6fe9c407a616,e-bike,40.0051312,-83.0212346,76.0,20.78,True,False,False
Spin,22434f71-0ba8-4193-b26a-6ebbcb2c425b,e-bike,40.00515,-83.02121333333335,59.0,16.1,True,False,False
Spin,5a42b370-2404-4486-ad66-7d494d20b331,e-bike,40.0051199,-83.02122839999998,46.0,12.58,True,False,False
Spin,6c8088ac-e048-4e93-8f06-1136c093e52f,e-bike,40.0051111,-83.02126179999999,63.0,17.27,True,False,False
Spin,9f83f4d1-2343-428b-9f80-fdb69581357a,e-bike,40.0057385,-83.02542229999999,23.0,6.15,True,False,False
Spin,04d0a62d-8888-400b-8d0d-cfca508a50ea,e-bike,39.99929273333333,-83.02149005000001,65.0,17.56,True,False,False
Spin,eabc5a4c-ead8-49f6-b976-ecb7452db7e0,scooter,39.999285,-83.021495,59.0,16.1,True,False,False
Spin,2248e45a-da34-496a-8d02-f2c9653e6cce,scooter,39.99929593333333,-83.02148559999999,43.0,11.71,True,False,False
Spin,e20890ff-e97f-464e-9e7d-f56970f3dcb9,e-bike,40.0039589,-83.0111403,87.0,23.71,True,False,False
Spin,ad395dcf-7959-4dea-bc15-f3f0ba4f62fc,e-bike,40.0039611,-83.0111697,84.0,22.83,True,False,False
Spin,f9e70904-16f4-42f9-b993-4fec99965f50,e-bike,40.0039471,-83.0111372,55.0,14.93,True,False,False
Spin,830f0886-e18a-4e8e-90b1-65db8c93416a,e-bike,40.003946,-83.01115200000001,85.0,23.12,True,False,False
Spin,e2bde299-0992-4cf2-b152-f237eedd4728,e-bike,39.997041933333335,-83.0179838,49.0,13.46,True,False,False
Spin,9408a6aa-8c85-4ce3-bb38-9ce90f94d031,scooter,39.99743863333333,-83.0074935,100.0,27.22,True,False,False
Spin,67144818-89e7-4925-9305-99882b8e9c09,e-bike,39.997579433333335,-83.00794419999998,90.0,24.58,True,False,False
Spin,8a5b711c-dc4f-43cc-8f44-68965c9c055d,e-bike,39.996906233333334,-83.0198085,92.0,25.17,True,False,False
Spin,d0c5ea46-a7e1-4c75-8709-d76a008aa2c8,e-bike,40.0063183,-83.01342070000001,58.0,15.8,True,False,False
Spin,10ac9104-aed6-40ff-ae52-0f55c92c1885,e-bike,39.99407073333334,-83.006766,95.0,25.75,True,False,False
Spin,dfedaba7-17e0-4293-8288-084ec1e273af,e-bike,39.99606443333333,-83.00721290000001,94.0,25.46,True,False,False
Spin,050d8c84-d49f-4a65-8f68-bb11cdb22568,e-bike,40.00088166666667,-83.01868166666667,87.0,23.71,True,False,False
Spin,04454ef0-10d8-4a54-83c4-af7449a34506,e-bike,40.000845,-83.01851666666668,74.0,20.19,True,False,False
Spin,42b662c2-15b8-4a62-8017-ca305ee9c8e3,e-bike,40.0009345,-83.0186119,16.0,4.39,True,False,False
Spin,b81451c4-d383-4c0a-83dd-ac70d8e4ccb9,e-bike,40.0009122,-83.0184983,87.0,23.71,True,False,False
Spin,6dbe9a57-7258-49bb-a222-ab6a399509cc,scooter,39.994701733333336,-83.00691899999998,74.0,20.19,True,False,False
Spin,f1caff5d-6675-4db1-bec5-6e273fbc9bcf,e-bike,40.006321699999994,-83.01340899999998,72.0,19.61,True,False,False
Spin,7ff829dc-f080-439d-88dd-4e96fcaeea40,e-bike,40.0034286,-83.0195083,22.0,5.85,True,False,False
Spin,51da4a8f-c19b-4988-9c88-d62737e89e1c,e-bike,39.99879743333334,-83.03857199999999,65.0,17.56,True,False,False
Spin,1bc173cb-2a37-487d-bd3d-e6c43ce45b1e,e-bike,39.99556273333334,-83.01071160000001,92.0,25.17,True,False,False
Spin,c1464180-67f2-4920-8182-36af66bc1a79,e-bike,40.0031751,-83.01978759999999,28.0,7.61,True,False,False
Spin,ce5ade1e-0e6e-443c-bf4d-aa24eadfa933,e-bike,40.0031981,-83.0198032,34.0,9.37,True,False,False
Spin,531139a7-0948-4b68-a51f-992afd47059b,e-bike,39.99571773333333,-83.01218679999998,20.0,5.56,True,False,False
Spin,dfada1c0-6d53-44ae-9373-27c868ce987f,scooter,39.99600233333333,-83.0073831,80.0,21.66,True,False,False
Spin,22e75de1-0fd7-4a09-a416-ff81f4b73987,scooter,39.99747453333334,-83.0074344,72.0,19.61,True,False,False
Spin,56de4d8f-3c58-4e0d-aec3-e3b1182959e5,e-bike,39.999118233333334,-83.0189799,41.0,11.12,True,False,False
Spin,9dc6f31a-0d70-4707-964b-01d82cb739cf,e-bike,40.0039435,-83.0176973,41.0,11.12,True,False,False
Spin,387ee6e2-9cda-491b-9a0c-9b3be4831687,e-bike,40.0039611,-83.01770499999999,72.0,19.61,True,False,False
Spin,49e3d9e0-1696-4764-beaf-bc0d0bf330e0,e-bike,39.99562443333333,-83.01459670000001,34.0,9.37,True,False,False
Spin,4a2704a0-5856-4c9f-9cc6-34487cf5768b,e-bike,39.995581666666666,-83.01463333333335,82.0,22.24,True,False,False
Spin,365a359f-08f1-4151-8c3d-1116e9671cd6,e-bike,39.995622133333335,-83.014586,34.0,9.37,True,False,False
Spin,5c2cc251-a6d2-4f81-9f6c-767d914dae39,e-bike,39.995565000000006,-83.014635,85.0,23.12,True,False,False
Spin,03ac19e5-b4a0-4ed7-b0e8-b787a681251d,scooter,39.99908383333333,-83.0161194,72.0,19.61,True,False,False
Spin,de163794-be6a-47e0-9793-b9a5ca76339e,scooter,39.998693,-83.015331,66.0,17.85,True,False,False
Spin,c7ea86cf-51ad-4703-bcd5-6ce9f56953fc,e-bike,39.99625473333333,-83.012169,76.0,20.78,True,False,False
Spin,e29e5448-f366-46bd-b4de-e79b0d8f12a1,e-bike,40.005302199999996,-83.0099157,28.0,7.61,True,False,False
Spin,4bd9a58b-f9a1-4a7e-8581-dd065f2f40eb,e-bike,39.99895323333333,-83.0155597,89.0,24.29,True,False,False
Spin,e21ff941-fd55-4f43-96b5-1d0427fabdce,e-bike,39.99425983333333,-83.01262899999999,60.0,16.39,True,False,False
Spin,cc69c6d2-f5f1-448b-b211-8e517d487044,e-bike,39.99868883333333,-83.0095218,92.0,25.17,True,False,False
Spin,18fa9da7-5992-4a0c-94b0-34c6ce55ba3a,e-bike,40.0027533,-83.01804779999999,57.0,15.51,True,False,False
Spin,09a22c12-4b0d-4289-a6e0-ecf3de37ccb6,e-bike,39.996288033333336,-83.01908929999999,32.0,8.78,True,False,False
Spin,e60e673c-7878-4a6d-a98a-394f25ab2a47,e-bike,40.0000833,-83.01655129999999,33.0,9.07,True,False,False
Spin,3c0608d6-48fe-460a-8630-2bf7dcad4169,e-bike,39.99572023333334,-83.00912029999999,85.0,23.12,True,False,False
Spin,31e237b1-3af3-43de-8324-6717936c210e,scooter,39.99574753333333,-83.0091187,94.0,25.46,True,False,False
Spin,e47a77ed-8eb4-44d5-8915-26a36ee21b78,e-bike,39.99698733333333,-83.0093363,25.0,6.73,True,False,False
Spin,097c2718-d0ca-4ff6-a7d0-a87a83001dc7,e-bike,39.99880603333334,-83.0189702,40.0,10.83,True,False,False
Spin,c4ad1c0f-f05a-4bb6-b631-52f633812095,e-bike,39.99451523333333,-83.0070564,43.0,11.71,True,False,False
Spin,d5d540f8-a3c7-4d11-930e-15982b2af61d,scooter,39.996799,-83.010747,26.0,7.35,True,False,False
Spin,d9d7007f-7697-4507-8c9d-3e4397727218,e-bike,40.006346666666666,-83.02374999999999,67.0,18.15,True,False,False
Spin,f360dc6f-7bf3-439b-93ef-196661a5c436,scooter,40.0062986,-83.02375939999999,44.0,12.0,True,False,False
Spin,92ba1274-22ca-43db-942e-bdf7e7b8b699,e-bike,39.9956095,-83.01212861666666,88.0,24.0,True,False,False
Spin,129da4bd-b72a-4416-a30b-7224929e2315,e-bike,40.00600669999999,-83.01461450000001,42.0,11.41,True,False,False
Spin,83cf3389-a1f9-48c8-9f1c-06ee67313a71,e-bike,40.0022253,-83.01295049999999,31.0,8.49,True,False,False
Spin,b065a301-7e80-4a42-96c3-a138ec2801d7,e-bike,40.002227299999994,-83.01290910000002,87.0,23.71,True,False,False
Spin,9351a2df-fc87-49e9-a5f6-87a5376ae061,e-bike,40.00461666666667,-83.009885,89.0,24.29,True,False,False
Spin,3d8e73a1-2161-4f06-ba27-520e478c1324,e-bike,40.003954300000004,-83.0156216,72.0,19.61,True,False,False
Spin,eec200f8-493c-4975-b220-ffb5a981ba97,e-bike,40.005908100000006,-83.00997100000001,43.0,11.71,True,False,False
Spin,4a499f30-1902-4254-bc4c-173f0955ba82,e-bike,39.99572013333333,-83.01222959999998,88.0,24.0,True,False,False
Spin,f2ab7981-5860-4bd2-8cda-53688245e799,e-bike,39.99569163333333,-83.01218750000001,46.0,12.58,True,False,False
Spin,3cce39a8-b949-4452-91dd-08f16a0ce70f,scooter,39.99765483333333,-83.00750590000001,52.0,14.05,True,False,False
Spin,d46c84e3-d812-4a08-8266-47f0584aca84,e-bike,39.99571423333334,-83.00913229999999,89.0,24.29,True,False,False
Spin,2c4fcfb5-1f9a-4b2a-a9a0-1869a5bec425,e-bike,39.99908166666667,-83.019025,61.0,16.68,True,False,False
Spin,d5555b1e-0210-40b8-a533-41c2ef6a93a8,e-bike,40.0058943,-83.01387600000001,87.0,23.71,True,False,False
Spin,9a64d8aa-6ea9-4243-b094-96b174b07ded,e-bike,40.0049209,-83.00879549999999,69.0,18.73,True,False,False
Spin,c715f8cc-d87f-4114-a226-8bf364384d8c,e-bike,39.999296666666666,-83.02138166666667,85.0,23.12,True,False,False
Spin,5ca46354-f33c-4033-a3ce-8346f856edd7,e-bike,39.99634513333333,-83.00726289999999,76.0,20.78,True,False,False
Spin,5aa99470-684a-48c1-8f89-d9c0216e3b6a,scooter,40.0060046,-83.0145844,68.0,18.44,True,False,False
Spin,592c4e22-c9b4-4d7e-884d-227a1363e9c5,e-bike,39.999624733333334,-83.0168341,65.0,17.56,True,False,False
Spin,98127978-b91f-4ac1-ad65-8569e8787259,e-bike,40.0062879,-83.01405539999999,62.0,16.97,True,False,False
Spin,6d42ae3a-6702-4e19-99d4-2ea8b4152fc0,scooter,39.99879603333333,-83.00770800000001,61.0,16.68,True,False,False
Spin,beb583a4-00cd-4d2c-95e8-f69206a68ed8,e-bike,39.99629843333333,-83.00976880000002,29.0,7.9,True,False,False
Spin,94195b88-3cd5-47de-b70c-ade7320b0174,e-bike,39.996300133333335,-83.0097734,37.0,9.95,True,False,False
Spin,f2c075d7-79ec-4c25-a09b-5be162c1e826,e-bike,39.99984933333334,-83.0159626,45.0,12.29,True,False,False
Spin,0bd40a0b-a0c0-4e41-a681-47d3277af232,e-bike,39.99655773333333,-83.01076659999998,40.0,10.83,True,False,False
Spin,8b79821b-c5dd-4459-bf44-f7506f3b317d,e-bike,39.99906373333333,-83.01759240000001,88.0,24.0,True,False,False
Spin,ac95ed66-b5d0-4b8e-9d0e-9b427cd1e68a,e-bike,39.99907293333333,-83.01751469999999,44.0,12.0,True,False,False
Spin,779b45b4-e98b-4e8b-ad63-e66942384a38,e-bike,39.997505000000004,-83.01227333333333,66.0,17.85,True,False,False
Spin,7a7e84a6-68e1-4f2a-8e9b-212a2e790d5f,e-bike,40.004843199999996,-83.00931209999999,87.0,23.71,True,False,False
Spin,bce08c42-fd85-4331-9a22-fd71e4e79489,e-bike,40.0039687,-83.01113660000001,88.0,24.0,True,False,False
Spin,32c5350e-06b3-46d7-8c0b-3c882951e540,e-bike,40.003975399999995,-83.01116320000001,89.0,24.29,True,False,False
Spin,13cc5876-6f29-49ab-a9da-375122dd315a,e-bike,39.996770133333335,-83.01070610000001,87.0,23.71,True,False,False
Spin,b167b2f2-6971-49c3-ab8d-491856e09255,scooter,39.99729753333334,-83.00744209999999,57.0,15.51,True,False,False
Spin,4285f979-d647-4cdb-9457-fe56ad3afbd7,e-bike,39.999123833333336,-83.01753400000001,87.0,23.71,True,False,False
Spin,37c2673d-9e09-41f4-a872-0631fa9c250c,scooter,39.99403853333333,-83.0070186,76.0,20.78,True,False,False
Spin,2563477b-e069-4d0f-a95c-fca5b9757c1d,e-bike,39.99606000000001,-83.00730666666665,97.0,26.34,True,False,False
Spin,d32a0d75-3ae2-4dd9-9340-48f8a31394f6,e-bike,40.0040713,-83.0131375,83.0,22.54,True,False,False
Spin,8489c767-7bae-4cc1-befb-56d7df0c8777,e-bike,39.99568773333333,-83.01278570000001,28.0,7.61,True,False,False
Spin,453c9ce9-66bb-4d72-84e3-bd3c1d3d37d9,e-bike,40.002070200000006,-83.0154375,18.0,4.98,True,False,False
Spin,271a5ccc-ca3b-40b7-8028-ff04a81afe75,e-bike,40.0010341,-83.01824030000002,98.0,26.63,True,False,False
Spin,11252046-639f-4c60-b988-7e07b2a9e4a8,e-bike,40.0047399,-83.01063100000002,27.0,7.32,True,False,False
Spin,385fcb3c-3440-44c5-9492-c8326f6cd059,scooter,39.999492333333336,-83.0215115,38.0,10.24,True,False,False
Spin,03ee4033-e4ed-400a-838c-29f531e85505,e-bike,40.0056327,-83.0170094,43.0,11.71,True,False,False
Spin,ad98cec8-d458-4c51-9840-10c2f73b60f4,e-bike,40.004670899999994,-83.012927,44.0,12.0,True,False,False
Spin,fe623ee5-0217-4748-b715-273ff627c470,e-bike,39.99863923333333,-83.00761650000001,51.0,13.76,True,False,False
Spin,06881cc4-db3c-4bad-a13b-1123576e5af1,e-bike,39.99554803333333,-83.01350839999999,52.0,14.05,True,False,False
Spin,455480f6-cd5f-4dbe-a935-91d93ea77d78,e-bike,40.004109,-83.0144728,47.0,12.88,True,False,False
Spin,b10214dd-3d0a-4882-b84b-19c92a124a0b,e-bike,40.004148099999995,-83.01272480000002,81.0,21.95,True,False,False
Spin,a27bd89d-de37-4b27-a9f9-cacc06bdaf87,scooter,40.0051776,-83.0113912,24.0,6.44,True,False,False
Spin,9f5ac9a4-e3b7-427d-ba51-dc2da6c0a84c,scooter,39.999037,-83.02175,76.0,20.78,True,False,False
Spin,9619d5e3-9da1-4bcc-9235-177d8c6f93a9,scooter,40.002611,-83.028642,0.0,,False,True,False
Spin,1943ab2b-407d-4111-87bd-df142857bb4f,e-bike,39.99814773333333,-83.0095626,8.0,2.05,False,True,False
Spin,df29f3a4-ce09-4895-8822-e60a7a0cca41,scooter,39.996394,-83.016283,0.0,,False,True,False
Spin,d82c08ea-ccec-45dc-a14b-fb095f5166c4,e-bike,39.99910723333333,-83.00798420000001,6.0,1.76,False,True,False
Spin,3b38cd16-e06a-4dd4-a5f7-b6bbb868941a,e-bike,40.0004038,-83.0211645,0.0,,False,True,False
Spin,b4a02eb5-7b1f-49c9-b994-14fb6e36155d,e-bike,40.000281666666666,-83.02135166666667,8.0,2.05,False,True,False
Spin,843ea36a-5ac5-4f67-a23a-a51e2de69400,scooter,39.999287,-83.021498,13.0,3.51,False,True,False
Spin,dededa84-4901-4517-8b74-b615a93b73aa,e-bike,39.99405566666667,-83.02178748333333,12.0,3.22,False,True,False
Spin,28d06cc1-2635-4f34-be0c-57c2039e8203,e-bike,40.003943400000004,-83.01564429999999,12.0,3.22,False,True,False
Spin,4fdac03e-13cc-4c3d-a4b7-2caa9db76c79,e-bike,39.99517073333333,-83.0168212,0.0,,False,True,False
