Company,Vehicle_ID,Type,Latitude,Longitude,Battery_Pct,Range_Miles,Is_Available,Is_Disabled,Is_Reserved
Veo,e7f853b3-4dc7-5180-92a6-4ccbda79afc5,bicycle,39.972599,-82.909492,,1.15,True,False,False
Veo,a628d453-0793-543f-ab36-692d25b9a716,bicycle,39.992009,-83.008043,,15.45,True,False,False
Veo,2008527,scooter,39.995468,-83.001699,,28.14,True,False,False
Veo,9c89600c-f5ac-578e-9053-88b318730f65,scooter,40.103108,-83.10976,,23.02,True,False,False
Veo,a6a5af33-db5e-5182-a0a9-82e265c14038,scooter,39.989222,-83.001826,,27.44,True,False,False
Veo,2008105,scooter,40.101062,-83.108855,,28.14,True,False,False
Veo,2008226,scooter,40.011969,-82.96865,,28.14,True,False,False
Veo,99291f3a-e02c-58f0-873c-81171685d1c8,bicycle,40.023615,-83.030466,,27.44,True,False,False
Veo,a5441e44-283f-5830-8002-4675f2f93467,bicycle,40.012458,-83.026562,,8.78,True,False,False
Veo,9eea477a-ce4a-57d5-a25e-9dc55f1b102e,scooter,39.959991,-83.033297,,2.12,True,False,False
Veo,d4ac5f8f-b79d-5118-9105-05c433e58df4,bicycle,39.952776,-83.03203,,22.39,True,False,False
Veo,255a21c5-6b5a-5f9c-b661-2c44435be8ae,scooter,40.0073,-83.016052,,21.15,True,False,False
Veo,d4b0e8b6-ee57-5ba3-9378-af12aabecc99,bicycle,39.985123,-82.92946,,26.25,True,False,False
Veo,60210541-0ab9-5094-b2a5-0db0a03376cc,scooter,39.955399,-83.028375,,24.33,True,False,False
Veo,902a6e20-834d-510c-a589-5110f0f4af28,bicycle,40.013427,-83.007599,,28.14,True,False,False
Veo,a11e79a8-7673-5388-a416-ef17bcc15c4c,scooter,39.999627,-83.007035,,27.77,True,False,False
Veo,e18a33f7-73a7-51e4-9baa-db4bdf2b6e04,bicycle,40.004497,-83.01422,,24.33,True,False,False
Veo,771e4061-945b-5548-9959-20b3d081f7f2,scooter,39.980116,-82.996417,,6.67,True,False,False
Veo,0f875f3d-0ba7-5114-b22f-76eeda978758,bicycle,39.979086,-82.995768,,12.87,True,False,False
Veo,a15cd9db-595c-5e8b-899e-37917a14540f,bicycle,39.956202,-82.95652,,26.78,True,False,False
Veo,54946dd2-d72b-5556-bd1f-1715b404533e,bicycle,40.010816,-83.04763,,10.51,True,False,False
Veo,396f6dcb-3928-5c42-9c2c-5129c7079685,bicycle,39.926905,-83.055583,,4.19,True,False,False
Veo,1987b11e-d888-584b-90fc-905562e2e653,bicycle,39.9731,-82.993419,,28.14,True,False,False
Veo,53d37fb9-b618-5e91-846a-88869fbb974f,scooter,39.948538,-82.958811,,28.14,True,False,False
Veo,ff3ee2ce-7b37-5f63-a945-09f131b05c84,scooter,39.993553,-82.981147,,28.14,False,True,False
Veo,4bafcf63-3a3f-5b7a-9e20-ae98dee14754,scooter,40.009871,-83.007329,,24.33,True,False,False
Veo,293dba59-5670-5199-9481-92e026ec8158,bicycle,40.006159,-83.009377,,17.37,True,False,False
Veo,025d60ac-b5f7-5290-b1d7-af2b604d6afe,bicycle,40.00094,-83.021976,,11.83,True,False,False
Veo,74f0be8b-1297-5b38-8fba-756c730b4aab,bicycle,39.942387,-82.98235,,10.79,True,False,False
Veo,440ab6f1-a687-55b9-b0b4-a867ad6440cb,scooter,39.944621,-83.016527,,28.14,True,False,False
Veo,1e5baccb-e4b4-5230-8c2f-13fe1e2c7f63,scooter,40.015239,-82.979468,,5.83,True,False,False
Veo,317ab5ae-bec5-5232-905e-5c141db6763c,bicycle,39.951652,-83.074874,,25.94,True,False,False
Veo,93139de0-6957-5ebf-a409-c788f7248dcb,bicycle,40.06681,-83.078034,,28.14,True,False,False
Veo,1125f5c4-48bb-5baa-afcd-df50c4e9a840,bicycle,39.976336,-83.010826,,28.14,True,False,False
Veo,c470d526-fe47-51d1-8043-d248575abcd1,bicycle,40.103277,-83.108731,,24.33,True,False,False
Veo,b4a822dc-7cde-5332-8a5c-d5b2cbff9a74,bicycle,39.95599301,-82.94536116,,0.0,True,False,False
Veo,7c44b43b-0baf-5148-91cf-c0f1c3bd16e5,scooter,39.99385,-82.99964,,14.86,True,False,False
Veo,c5be6f26-ce91-590c-be63-7e5963180852,scooter,39.902991,-83.056889,,22.7,False,True,False
Veo,3a99dd3c-1c3a-5469-8e5b-880585c1a37b,bicycle,39.995434,-83.014506,,25.34,True,False,False
Veo,84b05884-09b2-5d11-bad6-79bb8fc3a84b,bicycle,39.963334,-83.002492,,24.33,True,False,False
Veo,64aec7f1-e312-5a4d-846f-18445c00c6bd,bicycle,39.946543,-83.054808,,6.98,True,False,False
Veo,c73ffb05-0665-5d28-b01c-4ca48a5f6fa0,bicycle,39.953195,-83.111946,,2.09,True,False,False
Veo,1612a217-dbb5-5a30-bafc-5e19203d34d0,scooter,39.989936,-83.005609,,27.44,True,False,False
Veo,0fd10067-178d-59d3-bc33-ff7443ff87d7,bicycle,39.956299,-83.014827,,16.39,True,False,False
Veo,a7b2b4ab-3f13-5043-b00b-075538837f75,bicycle,40.002096,-83.01627,,28.01,True,False,False
Veo,0ac4ceb3-1347-50d2-81e5-be631458941c,bicycle,39.987354,-83.023284,,27.02,True,False,False
Veo,48fe9989-affb-513d-a320-57d92d6b75cf,scooter,39.99417,-83.008009,,14.61,True,False,False
Veo,83aff109-614c-5788-a87f-55e86b3f4f76,bicycle,40.003779,-83.001457,,25.12,True,False,False
Veo,97db4ea1-338c-5124-908d-471795674e79,bicycle,39.994891,-83.020201,,25.34,True,False,False
Veo,c6603c5d-3534-578b-92e9-e89a4243ea87,bicycle,39.959544,-83.037726,,28.14,True,False,False
Veo,6b0a2c88-bb7a-5fc8-b600-71a4a0d3dbf7,scooter,39.990669,-83.033181,,8.78,True,False,False
Veo,79f5d210-b74b-5a17-b91f-3cc6da795c89,scooter,39.858255,-82.989745,,6.67,True,False,False
Veo,e96b96b5-f9e6-569d-9b99-f815922400fb,scooter,40.0326,-82.98789,,28.14,True,False,False
Veo,3bd88e41-0891-5274-8a8d-993d1c2e0664,scooter,40.010194,-83.013291,,27.77,True,False,False
Veo,9ed610f0-9422-5ab0-9e83-9697d701baf8,scooter,39.989906,-82.989955,,28.14,True,False,False
Veo,a139daeb-eb87-5c4a-8647-95a5589f3c40,bicycle,39.993028,-83.007398,,24.06,True,False,False
Veo,a0120e3a-1a1c-50c7-bbdb-884c3862c4ae,bicycle,39.902968,-83.056891,,23.02,True,False,False
Veo,a9030775-7300-5a18-9114-b8c0237c3654,bicycle,40.038655,-82.962481,,24.06,True,False,False
Veo,6c6c57ea-b705-5976-a487-7862342567ba,bicycle,39.956346,-82.961586,,6.31,True,False,False
Veo,a151618b-e1d2-5b02-9958-58842025c5ae,scooter,39.957627,-82.961951,,28.14,True,False,False
Veo,4bf7c5d4-52bb-57c0-98e1-f2d7ef7d4e07,scooter,40.054837,-82.958338,,26.78,True,False,False
Veo,d3167f62-2e66-5cba-a649-ed14c4b9bc5b,scooter,39.957956,-83.013694,,22.39,True,False,False
Veo,68172d6b-00c5-5328-b0a1-b5ed0a26e6a7,scooter,39.946205,-82.877958,,28.14,True,False,False
Veo,6c8dfbf1-39ac-56b3-9a99-6eb264635550,scooter,40.052858,-82.962639,,22.7,True,False,False
Veo,5e95a31e-7516-5dac-ac92-7b872bfb5af5,scooter,39.997829,-83.005329,,11.59,True,False,False
Veo,983e9139-3745-5d68-ba6a-36444c0386b9,scooter,39.994763,-83.005802,,28.14,True,False,False
Veo,360548a5-8a89-556d-99f0-ec704e46bbd0,bicycle,39.947895,-83.062939,,28.01,True,False,False
Veo,163ba3b1-3343-5e6a-8623-d9d02881197a,scooter,39.986904,-83.072286,,28.14,True,False,False
Veo,68d55bd4-e0bf-504f-ade2-b38a598bb46c,scooter,40.000891,-83.001205,,27.77,True,False,False
Veo,891effa9-08a1-5ec3-bfa4-0888ce43d3db,bicycle,39.969083,-83.001135,,21.49,True,False,False
Veo,47b86b5c-6f5a-504b-a670-95835f41f7fc,scooter,39.935954,-82.983979,,13.86,True,False,False
Veo,582cba4d-3599-55fd-8fda-a8448e04233d,scooter,39.997636,-83.01504,,28.14,True,False,False
Veo,feb500f6-ec08-5bb5-a4f7-495b4e7429d0,bicycle,40.005699,-82.983198,,25.94,True,False,False
Veo,9080173e-7798-5dd5-b590-27c96f6bc002,scooter,39.994777,-82.9834,,28.01,True,False,False
Veo,6f821027-6887-558e-8bd3-44671fdeda42,bicycle,39.918116,-82.974201,,21.77,True,False,False
Veo,57589419-2634-54c7-86ed-82484c0adf52,bicycle,39.977698,-82.977102,,7.62,True,False,False
Veo,fc4c482b-b240-5f3b-8b9d-d7ebda58445c,scooter,39.996087,-83.019437,,28.14,True,False,False
Veo,467bee45-81c2-5734-885d-92928fd5dc94,bicycle,39.974487,-83.003229,,10.79,True,False,False
Veo,d3557dd2-14d9-5c03-bdf4-3f704b1b6521,bicycle,39.996443,-83.009716,,26.51,True,False,False
Veo,0e321371-b1f0-51e6-9ba0-239482428a7b,scooter,40.100923,-83.108852,,28.14,True,False,False
Veo,00be53f7-3c37-5ad2-8e5f-130d546308fa,bicycle,39.984681,-82.979789,,8.09,True,False,False
Veo,34abc953-4f38-5ff4-8683-a380981ccd42,bicycle,40.002548,-83.000862,,16.39,True,False,False
Veo,71351096-1949-55cc-b721-3d420637fd15,bicycle,39.954695,-82.84109,,16.39,True,False,False
Veo,9c9989cc-bd90-5840-92d0-64227d386175,scooter,40.000973,-83.014029,,27.02,True,False,False
Veo,5dfb0ce6-a676-5317-a092-adb18357d89a,bicycle,39.987044,-83.012096,,25.65,True,False,False
Veo,7a30516d-14ec-577c-8e26-1bd57cc2dcd7,scooter,39.972727,-82.968046,,27.77,True,False,False
Veo,fa909944-200c-52ce-963a-d84ec8f1e9e2,bicycle,40.005148,-83.013898,,3.67,True,False,False
Veo,4438f470-c18b-5830-9234-f2424caaabde,scooter,39.958353,-83.028602,,8.78,True,False,False
Veo,6e127915-31fb-5c40-a870-21681cd543cb,bicycle,40.040664,-82.963679,,28.01,True,False,False
Veo,50546ade-538a-52d0-b435-a429bdc57e53,bicycle,39.960815,-83.008607,,25.34,False,True,False
Veo,1ffe5eb0-09d5-56ee-9446-9386bcea8359,bicycle,40.062943,-82.907259,,1.15,True,False,False
Veo,eb095def-834d-5cf1-a1ea-c6c3657f271f,scooter,40.004406,-83.023484,,28.14,True,False,False
Veo,5f569752-1ee3-5be1-8192-0001a6d2b545,bicycle,40.00765,-83.013129,,9.02,True,False,False
Veo,7ee2b4bc-2aa0-5d15-b80c-24a6229194c2,bicycle,40.034487,-82.988809,,6.07,True,False,False
Veo,980d5a0a-1ae3-568b-af5a-4339c3b28288,bicycle,40.005587,-83.0105,,28.14,True,False,False
Veo,47f17df4-5e22-5265-bc71-d34a6ff494f4,bicycle,39.902943,-83.05689,,22.7,True,False,False
Veo,3f398fb5-5a01-5dfd-8d54-f1342491eaa8,bicycle,39.960211,-82.994137,,26.78,True,False,False
Veo,fc21503b-87d6-5de6-88c3-c0cce5b3ca74,bicycle,39.919733,-82.962445,,18.67,True,False,False
Veo,78c59823-3594-5918-a92d-f4b0598e227f,bicycle,39.948281,-83.063055,,14.17,True,False,False
Veo,3b1182c8-538d-5693-aa71-3e3372c4c249,scooter,40.00647,-83.016393,,28.14,True,False,False
Veo,b5dbe139-a8ce-5c7c-a4d0-761de1070764,scooter,39.946351,-83.017077,,1.15,True,False,False
Veo,7f330d4c-640e-5769-8102-64528ecc6cba,scooter,39.958475,-83.031742,,25.34,True,False,False
Veo,04073969-3e83-5129-b56a-191a5377449e,bicycle,39.99983,-83.022187,,25.94,True,False,False
Veo,6e5e90bb-903a-5928-b9f5-057952433488,bicycle,39.989824,-82.926264,,13.86,True,False,False
Veo,7ccbe46b-6617-5303-a013-a0992819d87e,bicycle,39.94124,-83.118828,,12.28,True,False,False
Veo,fced5a55-a06f-5902-a635-cd3db16f3cbf,bicycle,39.975249,-82.980202,,6.67,True,False,False
Veo,e595ef63-2fd0-575a-9982-53eef640474b,bicycle,40.000925,-83.01388,,14.43,True,False,False
Veo,51cf522b-90c6-5ffa-828e-1bb4e369e68d,bicycle,39.960742,-82.97255,,4.92,True,False,False
Veo,39219a0f-2897-5a76-8a40-660d3a2b2b8b,bicycle,39.974025,-83.010569,,11.83,True,False,False
Veo,789ca446-03ed-56c8-9f76-cfa2c97c2c7e,scooter,39.950874,-82.865186,,21.15,True,False,False
Veo,f9837dbb-0771-5ead-b54e-c98d619ecced,bicycle,39.948349,-82.99709,,24.06,True,False,False
Veo,aad4c6aa-54b2-58d4-ab6d-e5d5433ace94,bicycle,39.974994,-82.981467,,17.37,True,False,False
Veo,75cf7c49-6467-5b1c-955a-e04051c6951d,bicycle,39.998907,-83.004352,,28.14,True,False,False
Veo,2fe84885-0971-5a1f-9baa-17e1966b49fe,scooter,39.966083,-82.990863,,23.02,True,False,False
Veo,7c347eef-6654-5923-88f6-d01f345f1a49,bicycle,40.077317,-82.975874,,28.14,True,False,False
Veo,d2946219-2b8e-5828-9725-764d19427c48,bicycle,39.984732,-82.942457,,28.01,False,False,True
Veo,cabf047e-3544-5dcc-ab83-7cc776235d8b,bicycle,39.94363,-83.116875,,1.83,True,False,False
Veo,44a01ef6-5ad8-5387-b659-fe672e5d3a28,bicycle,40.037276,-83.000458,,23.02,True,False,False
Veo,929631c0-698e-50bf-b10b-6f6ebe991288,scooter,39.9321,-82.981809,,25.94,True,False,False
Veo,d3e3ef0b-5792-5ae4-bf92-bfde8f8ed04f,bicycle,39.993304,-82.983807,,1.83,True,False,False
Veo,eddca3e6-b3f8-5ec1-b4dd-51303ca2a05f,bicycle,40.006852,-83.018168,,13.64,True,False,False
Veo,548b9715-c3ba-5754-840d-691296cff5dd,bicycle,40.004637,-83.014158,,28.14,True,False,False
Veo,a70dd038-1582-545d-b3c1-1ee0b4cc2c83,bicycle,39.974759,-83.070891,,22.7,True,False,False
Veo,c9a3283e-0209-5894-86a0-d4d303134981,scooter,39.964238,-82.998318,,8.43,True,False,False
Veo,2d822cdb-40bf-5a11-83e8-add6a6ac5752,bicycle,40.016156,-82.961916,,7.62,True,False,False
Veo,f7f96203-8193-5ebf-b4fe-b731fd2feea4,bicycle,40.102062,-83.110808,,1.83,True,False,False
Veo,5d719951-f446-5efd-85f1-270f756b4e1b,bicycle,39.9559180801078,-82.94530223016405,,0.0,True,False,False
Veo,a0c8ea5c-d311-5544-931c-261f5c24511f,bicycle,40.103098,-83.109765,,28.14,True,False,False
Veo,47f56fe4-759f-56db-a8be-a6b7b73b98ec,bicycle,39.965243,-82.976183,,24.84,True,False,False
Veo,9b38076c-6f82-5b2c-aa18-2110f50ddf33,bicycle,40.078643,-82.958486,,3.13,True,False,False
Veo,be8c1fcc-711d-59da-aa3a-8e4aeaa52164,scooter,39.97143,-83.002912,,22.7,True,False,False
Veo,0f0af494-7e14-5766-94fd-a97069f3e26c,bicycle,39.994045,-83.01377,,27.44,True,False,False
Veo,93d4d5ac-c355-5ac6-8366-58b22c6dd89d,scooter,40.037715,-82.934146,,18.67,True,False,False
Veo,3b6d209a-4275-5b9a-af02-23aa9ba22156,bicycle,40.033733,-83.016523,,13.64,True,False,False
Veo,54db9ca1-5914-5368-b06d-20a5befff3f9,bicycle,39.994711,-83.003844,,24.06,True,False,False
Veo,2ac16f61-c78a-5659-8a8a-dc5f7d4b19c0,bicycle,40.009012,-83.020756,,13.86,True,False,False
Veo,38d2d53d-9688-5c04-a5bb-488cdbdf75bc,bicycle,39.965047,-82.977065,,12.63,True,False,False
Veo,23ea7ea1-709b-5a7d-8410-ab9db90fe213,bicycle,40.084074,-83.026316,,8.09,True,False,False
Veo,b962ed66-37f8-5665-a847-c7a91d64ab95,bicycle,40.021961,-83.029701,,26.78,True,False,False
Veo,a29b86f7-94ec-5efe-ace6-3f4c1ff7970a,bicycle,40.039953,-82.966783,,27.18,False,True,False
Veo,d2357320-a761-5ede-a10f-2b2e2278b54f,bicycle,39.993695,-82.9762,,25.12,True,False,False
Veo,81a7f690-d4bd-5de9-b17a-7c4ebe7ff25f,bicycle,40.000542,-83.016203,,28.14,True,False,False
Veo,03f41cdc-8883-51cf-b69a-33377d0c2475,scooter,39.938954,-82.996672,,12.28,True,False,False
Veo,4583a8b0-6267-5300-934b-15e9d3bcec1f,bicycle,39.935053,-83.118057,,1.83,True,False,False
Veo,6ef5244b-95d1-5e4c-a051-c9bb6225f11f,bicycle,40.001351,-83.003793,,28.14,True,False,False
Veo,03625e6a-f45d-575c-8cc9-657bde261496,bicycle,40.021136,-82.976151,,23.02,True,False,False
Veo,d44581fa-f0af-5523-82ce-a5af211e6684,bicycle,39.970403,-82.982889,,22.05,True,False,False
Veo,4381c1ba-8e29-578c-822f-c774403bbec6,bicycle,39.991741,-83.047343,,13.1,True,False,False
Veo,03fa9532-a645-5a9c-9119-b4e6db763fee,bicycle,40.001611,-83.01123,,11.83,True,False,False
Veo,36ec5e72-5816-5426-81cb-5eb7cb410f01,bicycle,39.994264,-83.009705,,22.39,True,False,False
Veo,cdb5e48e-46e8-57d6-b762-cf2c51ea3c43,bicycle,39.990712,-83.006143,,13.64,True,False,False
Veo,502199de-60f7-55af-95ed-dd075c356702,bicycle,39.999642,-83.026031,,13.1,True,False,False
Veo,25530b42-60b8-5063-87e2-19177fd8cd72,bicycle,40.109166,-83.114825,,25.12,True,False,False
Veo,6c97f9d1-ab7b-5cd6-8163-618b45b8ce5e,scooter,39.965772,-83.006528,,25.34,True,False,False
Veo,9825ace8-cd4f-5f0f-9b49-669352aaa188,bicycle,39.962616,-83.001214,,28.14,True,False,False
Veo,b865e6cd-bb63-53a6-93ac-6cd1dc541e16,bicycle,40.007005,-82.943188,,14.43,True,False,False
Veo,152e8de2-8f8f-5efa-861b-c5cecb3bf4c5,bicycle,39.999536,-83.009414,,16.84,True,False,False
Veo,91c1c2f5-60ae-539c-8d04-89e03c594b65,bicycle,39.994244,-82.975173,,26.78,True,False,False
Veo,4af91666-e4d2-57b6-93bf-1f71d1a280d7,bicycle,40.011109,-82.974174,,25.34,True,False,False
Veo,b2a08836-3eab-5650-b2d7-08ac64ae22c7,bicycle,39.932482,-83.048221,,1.56,True,False,False
Veo,2ca1437b-fc56-5450-9e5c-464657476fab,bicycle,39.991097,-83.006277,,3.48,True,False,False
Veo,17f53e1a-73e6-5055-97c2-7234db27f0b4,bicycle,40.011462,-82.95421,,24.06,True,False,False
Veo,c6a97e1d-09ff-588f-93a4-8332a7899c39,scooter,40.00388,-83.013283,,14.61,True,False,False
Veo,599981b8-9cbd-54da-a98f-93eea29b9eab,bicycle,40.036362,-82.986815,,21.49,True,False,False
Veo,d5825aea-1131-5129-acb7-a40ae190f570,scooter,40.014018,-83.010976,,28.14,True,False,False
Veo,99184d73-9198-546b-a825-c42ae1a392b6,bicycle,39.999386,-83.021549,,9.02,True,False,False
Veo,ee956f73-ab2c-58f1-a2e8-d4be6d7aae93,bicycle,40.001978,-83.012626,,8.78,True,False,False
Veo,1d2f47a1-c4da-5362-8505-c5dd85a38ac9,scooter,40.00673166666666,-82.98149666666669,,14.61,True,False,False
Veo,33ae8279-b188-5547-b11b-bdc2407828eb,scooter,40.078781,-82.958569,,11.83,True,False,False
Veo,e749a1c5-37d1-5fec-9846-8393d048fd31,scooter,39.956455,-82.98661,,27.77,True,False,False
Veo,706b7968-8067-52f5-a9dd-75efef86482b,scooter,40.01371,-82.967665,,10.79,True,False,False
Veo,dab932a1-4396-526c-a343-7ca3cffd1ca1,bicycle,39.936304,-82.961377,,17.37,True,False,False
Veo,f0fb81a2-03ad-5e89-b80a-3ae47370d175,bicycle,40.001285,-83.003807,,15.18,True,False,False
Veo,cdd5e623-31bf-527e-b6c2-a8230ab88b80,scooter,39.996411,-83.01621,,21.15,True,False,False
Veo,0706378b-e3ca-5cee-a459-67554634d2dc,bicycle,39.98057,-82.98098,,22.7,True,False,False
Veo,c4120d07-1a94-537e-8cc8-a8bf3e5ea61a,bicycle,39.946571,-83.059689,,14.86,True,False,False
Veo,18fa114c-5c51-52f6-9d34-c1f0d6c9737d,scooter,40.022769,-83.028695,,25.65,True,False,False
Veo,16584f60-dce8-5ae3-a416-4c5c9a2e2f65,bicycle,39.987043,-83.012087,,21.49,True,False,False
Veo,cddb7e03-56a1-5400-910e-1902d2c89e99,bicycle,39.993831,-83.013746,,19.39,True,False,False
Veo,85763cf1-1810-5220-a611-1e493fcf3f2c,bicycle,40.001043,-83.004586,,13.1,True,False,False
Veo,9f3f5133-1bab-5733-8e06-9cf999ec67cf,scooter,39.984991,-83.016657,,28.01,True,False,False
Veo,3320263f-57ed-5852-85e9-a1bcec734523,bicycle,39.992158,-83.002871,,6.98,True,False,False
Veo,ce4723d2-3f1c-57de-830d-97576840a9f3,bicycle,39.952136,-83.000333,,27.77,True,False,False
Veo,b1f2819d-83e0-5b40-81b0-cb82340a7593,bicycle,39.992214,-83.00661,,28.14,True,False,False
Veo,6a4123ef-b224-517b-9bc0-90a44df259cd,bicycle,39.955455,-83.027625,,27.77,True,False,False
Veo,48ee773f-7378-582a-870c-11e0f9560221,bicycle,40.00534,-83.007327,,28.01,True,False,False
Veo,4541374b-e6f6-52e3-9f5a-63f0ab6e6558,bicycle,40.022985,-82.919407,,23.02,True,False,False
Veo,3d01475d-2bf3-5bbc-864c-c8266c52bc3e,bicycle,39.933172,-82.878652,,16.39,True,False,False
Veo,acd3d6b5-0dbd-5502-869e-067d797c9db6,bicycle,39.908625,-83.045394,,13.1,True,False,False
Veo,70888283-5659-5929-a096-6132086bd84b,bicycle,40.045644,-83.018993,,25.34,True,False,False
Veo,95c1b5fd-a643-5b47-ac33-c1bca73f1727,scooter,39.979157,-83.014456,,24.33,True,False,False
Veo,e7fb489d-b660-5e4e-b561-bdf4072a72a6,bicycle,39.944879,-83.062697,,25.74,True,False,False
Veo,3d1d8166-0281-53fc-bade-931fdf5b9bb6,bicycle,39.9532,-83.021501,,24.33,True,False,False
Veo,00765726-a7ac-56c5-a3b9-075e96f4372c,bicycle,40.001323,-83.018031,,25.65,True,False,False
Veo,d8db0ab8-1b3d-5c6a-bac2-b79c5793b2c2,bicycle,39.940183,-82.948661,,17.89,True,False,False
Veo,1b31550d-0e85-5cb2-bf9f-f36ce7f89cc3,bicycle,39.979386,-82.948914,,16.39,True,False,False
Veo,96f04112-5ea3-5a2e-b6eb-8f2dc495c752,bicycle,39.925196,-82.879157,,17.37,True,False,False
Veo,bf76b875-2ca6-5a33-be10-87115312f0ae,bicycle,39.957476,-82.9718,,15.18,True,False,False
Veo,2a9f3941-9189-50a8-bf62-bfd73a7955d2,scooter,40.011985,-82.968597,,28.14,True,False,False
Veo,129bfa72-6d1f-5859-9146-f44d63e57f12,bicycle,40.059612,-82.906353,,16.39,True,False,False
Veo,c16189b2-d33f-551f-ab9a-3ceb60997cc4,scooter,39.945913,-83.009107,,25.65,True,False,False
Veo,6c18863c-0fb0-5fc4-b67c-015a30420287,bicycle,39.995938,-82.991375,,28.14,True,False,False
Veo,8661f8a1-ee50-505b-af3c-8351c7b1109e,bicycle,40.00687,-83.017969,,24.06,True,False,False
Veo,0c8a1e07-8b0e-50c6-8f7c-d3f620db4ef1,bicycle,40.002299,-83.010524,,28.14,True,False,False
Veo,fc298164-75e3-5d52-a1ab-75fc3f6ff274,bicycle,39.951195,-83.035554,,28.14,True,False,False
Veo,a254be0f-41db-51da-b2e8-28f6d2ab8cc4,bicycle,39.953204,-83.058988,,28.14,True,False,False
Veo,401c4117-4440-5085-acc6-abc1bb252781,bicycle,39.996803,-83.00033,,10.51,True,False,False
Veo,a4870b48-06c5-54ba-8bf2-65617dde5f7d,bicycle,39.947076,-82.998554,,20.37,True,False,False
Veo,886667fc-5254-5f0c-a7d0-7e90b268916a,bicycle,39.9987,-83.003679,,27.77,True,False,False
Veo,03a116a7-f62f-5294-bab7-08845c3d7ec2,bicycle,40.090764,-83.048896,,10.31,True,False,False
Veo,cb6fcc25-6341-5659-8a12-61d1798c34bf,bicycle,40.03618,-83.017178,,13.39,True,False,False
Veo,02a11538-1855-52e1-9dbf-eb0976e1f180,bicycle,39.97699,-83.00235,,19.78,True,False,False
Veo,7b308be8-99a9-54d8-b04c-1fbf5919fa42,bicycle,39.949798,-83.026514,,24.06,True,False,False
Veo,9a6b2eae-40ec-578f-9098-495394318fa5,bicycle,39.958909,-82.957066,,18.19,True,False,False
Veo,3c5fef76-4456-5d92-9bf7-c3f7fbe520db,bicycle,40.098859,-83.114491,,14.61,True,False,False
Veo,90d13b0f-8953-51dd-b1a8-b555cba6f21f,bicycle,39.971899,-83.003402,,28.14,True,False,False
Veo,988d005c-7b49-51a2-b41f-6c22a8b0cc23,bicycle,40.032698,-82.991442,,28.14,True,False,False
Veo,ec90fa39-066b-5dc8-9edc-b95a2eae47fd,bicycle,39.977513,-82.974732,,16.39,True,False,False
Veo,e5d0de1d-44d0-586e-b8f7-bb7921388b55,bicycle,39.941212,-83.091692,,26.25,True,False,False
Veo,c9d6ffca-2037-508a-8f42-98d11f36191c,bicycle,40.109069,-83.015463,,22.7,True,False,False
Veo,c2907241-e36c-5cb6-8724-27efa5915e97,bicycle,39.995009,-83.01996,,15.18,True,False,False
Veo,ef4ad2ae-655d-5304-bb2b-c87496787b5a,bicycle,39.931378,-82.994806,,28.14,True,False,False
Veo,a885d108-09bc-51c5-a822-4fe5b3beb950,bicycle,39.968923,-83.001107,,26.78,True,False,False
Veo,d06ef384-2f49-5dfc-8e6a-fa82020a6f09,bicycle,39.983996,-82.986876,,27.02,True,False,False
Veo,9814f137-d5c8-55fd-aea5-38ee0bb232a3,bicycle,40.001968,-83.012753,,9.65,True,False,False
Veo,d6fe3522-d9d1-5c46-86e3-b00351ec6cac,bicycle,39.98814,-83.031902,,16.84,True,False,False
Veo,31703d46-67c5-5acb-9730-ded7e1be7035,bicycle,39.995814,-83.014187,,28.14,True,False,False
Veo,2aad0e68-f223-5a10-bdce-050f21df52c4,bicycle,40.023811,-82.989141,,8.78,True,False,False
Veo,64529567-67e8-5041-aa19-f46b2ec09086,bicycle,39.991519,-83.008998,,15.45,True,False,False
Veo,811f42f9-32be-5d3f-944c-3ed28f51e840,bicycle,39.99277,-83.001665,,28.14,True,False,False
Veo,fd6ad1a0-c0b6-57a2-b6c4-7e162ff01d29,bicycle,39.988152,-83.039965,,13.64,True,False,False
Veo,72a959a1-8e15-5ff7-ae08-e2c5efe488cb,bicycle,40.000968,-82.975353,,15.89,True,False,False
Veo,8ac5460a-e6e7-546c-ab98-40d346a83fd2,bicycle,40.023801,-82.963211,,10.51,True,False,False
Veo,96f5929d-82d1-59a9-807c-1b9f8dab72b5,bicycle,39.955316,-83.06844,,28.14,True,False,False
Veo,2e44fae9-ac31-569c-9f1e-b75dd4616708,bicycle,40.085713,-83.120064,,22.39,True,False,False
Veo,1aec1b9c-d064-5fb1-a852-cea2183cc353,bicycle,39.978856,-82.993944,,25.94,True,False,False
Veo,96b6447e-1962-5341-8dd3-2801a1d22fe5,bicycle,39.948,-83.107463,,24.06,True,False,False
Veo,8979f6d6-5436-5499-a5c5-3446542ed7cf,bicycle,39.971329,-83.004814,,12.28,False,True,False
Veo,741381d0-ee25-5073-a09b-c02b51066ed5,bicycle,39.976726,-82.978133,,28.14,True,False,False
Veo,fcd97a23-4c2b-5280-aa47-bbd5799f52d4,bicycle,39.950429,-83.028697,,14.43,True,False,False
Veo,bf70846b-d52d-50e9-bd2e-69c0f475f3d4,bicycle,39.947189,-83.038175,,27.02,True,False,False
Veo,2719a81d-d9f4-5d28-8ad4-f5dcc3a53f1c,scooter,40.001844,-83.008073,,24.33,True,False,False
Veo,344a325a-df5f-52bc-a94f-646719d5c583,scooter,40.01737,-82.981417,,25.94,True,False,False
Veo,fbb20689-4b7e-55ed-b762-bed06f55c482,bicycle,40.011959,-82.968588,,25.65,True,False,False
Veo,c8378bc4-c68a-5eba-8339-06e9dc0bcf06,scooter,40.084349,-82.993478,,13.64,True,False,False
Veo,94421412-0f07-50ef-8d17-2768294c256e,scooter,40.001681,-83.024418,,27.44,True,False,False
Veo,abb4e568-b3ac-5e5f-8349-6e8a93918d3e,scooter,40.004559,-83.009674,,17.37,True,False,False
Veo,bd4ffe76-7300-5379-b31b-baf2ebb176de,bicycle,39.990436,-83.012056,,25.74,True,False,False
Veo,d6621f77-92de-570a-9b13-11bc73f23f34,scooter,40.001272,-83.003766,,28.14,True,False,False
Veo,c22edcf7-8108-5077-bb14-55fc9afb208d,bicycle,39.976324,-83.010855,,28.14,True,False,False
Veo,501eb73b-92f1-5e8e-9a64-c1826aaef836,bicycle,39.956001,-82.945335,,26.78,False,True,False
Veo,cc80ff78-e0c7-5bcc-bc40-c5c83e017da8,scooter,39.99545,-83.014533,,27.77,True,False,False
Veo,73ca472a-2ef4-5486-a749-1da51cc1ff6f,scooter,40.014497,-83.011035,,27.02,True,False,False
Veo,20ad93dc-542e-5e77-a18b-7aa51bc92b0c,scooter,40.001799,-83.024916,,24.84,True,False,False
Veo,50dde544-93c5-5c46-9db8-e7566f7bc3de,scooter,40.019879,-83.024596,,28.01,True,False,False
Veo,39b66463-472b-5f2d-b947-75fd50f8edd3,bicycle,39.976492,-82.973827,,28.14,True,False,False
Veo,a3552207-db3b-5a99-9002-a8a844a57266,bicycle,40.005597,-82.973967,,25.12,True,False,False
Veo,642eeaf9-381f-5a14-ac4c-6ccb8acd105f,scooter,39.993954,-83.020797,,28.14,True,False,False
Veo,5809e236-853c-5c52-aa7c-b399a1f03dfb,bicycle,39.962356,-83.001495,,13.86,True,False,False
Veo,0e790c14-f4d9-553d-819e-98365a7f75ca,scooter,40.003837,-83.013017,,23.02,True,False,False
Veo,2f06749e-f906-5a1e-9886-66de7207230a,scooter,40.019855,-83.03804,,15.45,True,False,False
Veo,a59dc5f3-a3ff-5bdc-a05c-0d0f0d7cdc22,scooter,39.930637,-83.093809,,20.78,True,False,False
Veo,1c29fba1-d781-5dc9-98a2-1d270c8751d3,scooter,40.000517,-83.015969,,22.7,True,False,False
Veo,c1bc97b7-9601-55f1-aabc-a62032cefbb1,scooter,40.102072,-83.110783,,13.86,True,False,False
Veo,5b56f8a0-79f4-54d8-b6b4-968d30ba944d,scooter,39.989991,-83.013473,,28.01,True,False,False
Veo,4881ad9e-ada4-5e1d-b78d-13af29f66182,scooter,40.006877,-83.002804,,25.12,True,False,False
Veo,7ee9f440-a132-5d6a-aeae-1f360eed28eb,scooter,39.998831,-83.015334,,13.39,True,False,False
Veo,300e01df-16c9-5c71-8cd8-26d010fc5c5c,bicycle,40.009481,-82.966315,,26.51,True,False,False
Veo,42bf8171-17e1-5c81-8335-f734e4fe2b12,scooter,39.982493,-83.012886,,28.14,True,False,False
Veo,06c6137f-80b0-56c2-b97f-c90aba3ee6a4,scooter,39.997739,-83.003928,,28.14,True,False,False
Veo,dc9db58e-4a7b-5657-8534-7a7ca7865c62,scooter,40.000622,-83.015676,,22.39,True,False,False
Veo,8722c877-9198-51cd-a52e-28c36756091d,scooter,40.002299,-83.016013,,15.18,True,False,False
Veo,03075f8f-251d-5f25-a597-2a0b5b3b193f,scooter,39.986935,-83.00945,,26.25,True,False,False
Veo,d27770c6-a45c-5daf-8db1-abfdbf72a964,scooter,39.999561,-83.009432,,28.14,True,False,False
Veo,3bb730a0-9178-53e8-8220-aed3d60814f8,scooter,39.994121,-83.020546,,11.59,True,False,False
Veo,c45760fa-4b97-5729-87ac-065f77dcbc5c,scooter,40.001645,-83.008441,,24.33,True,False,False
Veo,b17d6539-a4d4-580b-969f-1985f8aa26ab,bicycle,39.930018,-82.977,,13.86,True,False,False
Veo,c73f28b6-5e1e-54ad-87bf-a4240b0e707d,scooter,40.003841,-83.012992,,28.14,True,False,False
Veo,3fdc1b79-ee0e-5063-b7a5-df3802b56e98,scooter,39.982476,-82.999329,,11.83,True,False,False
Veo,0fe93311-b1d3-507e-a9e1-5398b3c26e57,scooter,40.006746,-83.010823,,13.86,True,False,False
Veo,db05c202-6bee-53c7-ac47-508bfd631307,scooter,40.004714,-83.012299,,13.39,True,False,False
Veo,e77fdfbf-95f0-5371-b5d9-cd975f4e102b,bicycle,40.001375,-82.999897,,28.14,True,False,False
Veo,dcc2b018-a774-56f8-971f-10f8379e0c56,scooter,40.003803,-83.012892,,13.39,True,False,False
Veo,877f8b1f-8b9c-5e1d-b48e-29a1247da3e5,scooter,39.942438064728975,-83.07684005939859,,0.0,True,False,False
Veo,67a26c24-d4b2-5712-92d6-7a1531cb9b24,bicycle,40.005184,-83.016525,,13.39,True,False,False
Veo,afe47ad7-11cc-5fbc-839f-10087ba41dc5,bicycle,40.001387,-83.01122,,21.77,True,False,False
Veo,f05db637-971e-5b72-812f-36fdaa8a5280,bicycle,39.995899,-82.998217,,15.45,True,False,False
Veo,48d7a090-8d13-5e17-b2e7-9dd0452b26fe,bicycle,39.987673,-83.031245,,25.65,True,False,False
Veo,8ac11c91-7ede-5c14-b102-db0071f12246,scooter,39.969058,-83.001152,,25.34,True,False,False
Veo,3b1b6009-7f64-53bd-a916-f0c40f672f52,bicycle,40.004713,-83.010328,,13.64,True,False,False
Veo,3f65fd59-2d51-510f-8097-ec6a0baf8212,scooter,39.999876,-83.006727,,18.67,True,False,False
Veo,c9f3c763-b2e9-54b0-9707-34089b063298,bicycle,40.100714,-83.115433,,24.33,True,False,False
Veo,7c4f8bd5-8916-5ef2-88e7-6cf62cb4a4ab,scooter,39.98711,-83.007314,,25.74,True,False,False
Veo,c0381079-9d43-5889-8dfd-b4532fbb7193,scooter,39.99871,-83.021418,,18.19,True,False,False
Veo,c2aac66c-df6c-561d-a05e-8a256b5552ce,scooter,39.953447,-82.998914,,14.17,False,False,True
Veo,af352387-7238-503f-ac7a-1f1132c87553,bicycle,39.971653,-83.038325,,13.86,True,False,False
Veo,c4d1b1fd-1696-580f-9356-2caa1a9984fd,bicycle,39.994219,-83.008116,,15.45,True,False,False
Veo,03186a93-1011-524d-845b-b79a1a9155cc,scooter,39.999981,-83.015139,,28.14,True,False,False
Veo,189f84f6-45f4-5c61-bbc0-6dda66e95915,bicycle,39.967988,-82.987513,,25.74,True,False,False
Veo,b593455d-d475-5c7c-b85b-3966cbe7515f,bicycle,39.960444,-83.012918,,27.77,True,False,False
Veo,1030328a-b63d-54ad-8dde-9daf8ba6ac06,bicycle,39.927696,-82.978574,,17.89,True,False,False
Veo,a0d6bcff-47f3-5280-9666-16497e4c39bc,scooter,40.00518236363935,-83.03447969867962,,14.86,True,False,False
Veo,92370934-3820-5d6f-a8c6-0a06c3907ff7,scooter,39.936375,-83.119031,,0.33,True,False,False
Veo,01299961-803f-5b3e-8571-9332358dd329,bicycle,39.953418,-83.031049,,26.25,True,False,False
Veo,3b7ae29d-c0d2-591e-989a-3ca4c48a8250,scooter,39.999485,-83.00112,,26.25,True,False,False
Veo,4d247c6f-2833-591e-8247-bc0554a2f81f,scooter,39.977714,-83.015079,,28.14,True,False,False
Veo,cd08432e-e342-5d6f-a8c4-a301066a8cfe,bicycle,40.003429,-82.975107,,15.18,True,False,False
Veo,1af98a96-abda-531f-804d-1e72692b61e1,scooter,40.057323,-83.07117,,17.37,True,False,False
Veo,3fceb2af-398e-5aeb-9dff-9fd26d44c9e9,scooter,40.006374,-83.02369,,27.77,True,False,False
Veo,da6c1b08-7471-5196-a8c4-4261cff1a7ac,bicycle,40.02091,-83.027727,,17.37,True,False,False
Veo,6207cf49-36ba-50f6-beeb-725a9c178843,scooter,39.992423,-83.021796,,27.02,True,False,False
Veo,8c79540a-f3c7-532f-b3c4-eb3e2ca27ffe,scooter,39.965707,-82.99545,,15.45,True,False,False
Veo,17cc7071-7a08-56e5-8b6c-fb2564a70301,bicycle,39.977307,-83.006892,,25.12,True,False,False
Veo,ae5f7caf-872d-57c5-84e7-9de682edb0cf,scooter,40.0013,-83.003778,,25.94,True,False,False
Veo,8a8f40be-bca1-5ae9-b60e-3c217eca57c7,bicycle,40.103244,-83.108799,,25.34,True,False,False
Veo,d345f4dc-e4bc-5245-bbda-34d9d7a68fdd,scooter,39.985283,-83.003009,,26.78,True,False,False
Veo,408a292f-9bcf-5617-8f6f-b205fd19ce6d,scooter,39.954703,-82.989467,,25.65,True,False,False
Veo,afe6995f-b6da-5d81-a69c-732dba287443,scooter,39.960531,-82.993914,,4.78,True,False,False
Veo,06071263-ea3c-57bd-931a-5044438cc8ce,scooter,39.998809,-83.022137,,25.94,True,False,False
Veo,dd3150f3-a328-5c10-b377-ff2c2a83f909,bicycle,39.930878,-82.99704,,6.98,True,False,False
Veo,e79b1fd6-27d5-52d4-996e-3005c576e4b7,bicycle,39.965202,-82.973948,,28.14,True,False,False
Veo,ed4957c8-3a0a-5317-84c9-510489ebc108,scooter,40.005008,-83.009269,,17.89,True,False,False
Veo,7eaefa41-386f-56ce-b5ac-f287a15fe24c,scooter,40.002221,-83.015536,,27.77,False,True,False
Veo,5e2a9866-79ab-5d2c-b387-47d8795daf19,scooter,39.939251,-82.968873,,6.98,True,False,False
Veo,5f257918-ea78-5131-94fb-478de5b54d7e,scooter,39.996162,-83.001467,,28.14,True,False,False
Veo,87668365-e152-54e4-8e30-1a23a750edc9,scooter,39.940528,-82.890085,,28.14,True,False,False
Veo,b05e8143-c1ca-503e-80ca-92f2579215f3,bicycle,40.014651,-82.948029,,28.14,True,False,False
Veo,adcca152-36df-5388-9bb3-cba67628fe12,bicycle,39.97327,-83.004577,,24.06,False,False,True
Veo,74f92b08-20bd-52ef-9c9d-7c3c6658f84f,scooter,39.96567,-82.995499,,1.56,True,False,False
Veo,15d424e4-68ee-5590-89e5-d08690056526,scooter,40.001136,-83.015399,,24.84,True,False,False
Veo,46fd44cb-8eff-56c2-8ef3-04324426f0cb,scooter,40.0012,-83.003815,,24.84,True,False,False
Veo,e7de4db1-28ce-5600-a7ea-bc4ea3513535,bicycle,39.948341,-83.05329,,25.34,False,True,False
Veo,1dfecfe5-1a44-565f-8468-affb98c8258c,scooter,39.959989,-83.019979,,19.78,True,False,False
Veo,c13b42c2-a25b-5eb1-9608-532e3f2e5339,scooter,40.00181,-83.014118,,28.14,True,False,False
Veo,b09ada43-7daf-5c2a-94dc-225e85c3e0b3,scooter,39.981205,-82.992432,,25.34,True,False,False
Veo,5e062c88-6122-5b5d-a331-b3f5d122c464,scooter,40.004103,-83.015881,,26.25,True,False,False
Veo,d5f859d3-bd05-5143-98ee-bd6c7c19928b,scooter,39.977416,-83.007972,,6.07,True,False,False
Veo,5dd6e415-422c-5f6d-8d77-be425de20e47,scooter,39.891549,-82.987169,,1.56,True,False,False
Veo,c399f427-430e-545d-a57d-b136e7bf5bf3,scooter,40.003859,-83.012989,,19.05,True,False,False
Veo,c3851671-901c-5cfc-a219-eb73180b2b48,scooter,39.957405,-83.011399,,14.61,True,False,False
Veo,b470bd11-6606-517f-90da-a39f35f524c0,scooter,40.00703,-83.017462,,28.14,True,False,False
Veo,20996d0f-e82a-585e-8023-ed944bdec3e0,scooter,39.995326,-83.030879,,14.17,True,False,False
Veo,31613c29-9aeb-57b5-93a5-a3b156dc5797,scooter,40.008249,-82.991539,,27.77,True,False,False
Veo,da8493c8-1b47-5430-ae48-fbc14920f823,scooter,40.001302,-83.003782,,28.14,True,False,False
Veo,4f417a66-aded-5d9f-8000-c30e94784e87,scooter,40.001867,-83.013927,,15.18,True,False,False
Veo,409263e6-d558-5338-9d5c-73111f255a6b,scooter,39.965874,-82.981114,,24.84,True,False,False
Veo,12f3fabe-775c-5e7f-b561-c124ac2e4469,scooter,39.968701,-82.982269,,13.86,True,False,False
Veo,2cbb33ce-ab08-594a-9335-b47ef51ccee7,bicycle,39.997943,-82.998135,,25.34,True,False,False
Veo,480a79f8-0a67-5a6e-8257-14a757df0867,scooter,40.004837,-82.974773,,16.84,True,False,False
Veo,abe24507-99f5-5eef-bfeb-678ed426a8ea,scooter,40.005033,-83.01398,,24.06,True,False,False
Veo,bedd6b15-f83e-542d-94f7-4505f4338357,scooter,40.023513,-83.031138,,13.64,True,False,False
Veo,b288db3a-4c5d-5760-beff-5b6de24a53c0,bicycle,39.992846,-83.011763,,24.06,True,False,False
Veo,248d49b2-b659-52aa-bf57-003d976e5a40,scooter,39.959189,-82.984447,,11.11,True,False,False
Veo,08b882a3-920c-5b73-96f2-728e807a7386,scooter,40.010316,-82.981531,,24.33,True,False,False
Veo,7064a2d5-5c16-56bb-9cb8-a02b28d13368,scooter,39.985571,-82.999514,,16.39,True,False,False
Veo,ae6cd9e0-4f02-507b-b434-5053f26cd054,bicycle,40.000306,-83.02203,,28.14,True,False,False
Veo,82827967-4406-5def-a692-7080559f19b5,scooter,40.000001,-82.975455,,14.17,True,False,False
Veo,626ae8e2-10c2-57a4-86ef-ae47e19b1e15,scooter,40.02985,-83.027879,,26.51,True,False,False
Veo,45b52e3a-edba-5532-bc01-35ebadf374d2,scooter,40.004849,-83.020592,,28.14,True,False,False
Veo,b3e4f530-1f0d-5171-b926-19893d0d7397,bicycle,39.975299,-83.014527,,25.34,True,False,False
Veo,6c2819e3-591d-517a-82ce-17a80c1c572e,scooter,40.004024,-83.011564,,28.14,True,False,False
Veo,894adc5e-a43b-502b-b4cb-e1408b3fdc15,scooter,39.972112,-83.007169,,24.06,True,False,False
Veo,7867b13e-75e2-525b-ab79-80ca3e446e3f,scooter,39.979666,-82.996256,,28.01,True,False,False
Veo,604d6f18-111a-5064-82f6-28674b0d79d3,scooter,39.986933,-83.009465,,28.14,True,False,False
Veo,7e2e6235-34a3-5f8a-886d-18411476cda9,bicycle,39.939713,-83.012541,,26.25,True,False,False
Veo,a7307227-57e8-5029-856e-915e740009d9,scooter,39.994215,-83.008208,,24.33,True,False,False
Veo,5e196529-e031-5a64-870d-557e93ef85df,bicycle,39.962012,-83.000837,,21.49,True,False,False
Veo,1c029bb0-bd05-55c9-9b3f-2a9069750de0,scooter,39.979228,-83.003869,,28.14,False,True,False
Veo,95b17ae2-5732-5dff-8e55-e756b5084068,scooter,40.005691,-83.014321,,28.01,True,False,False
Veo,499dc70a-a740-5c76-81cb-60f5c0a4ab21,bicycle,39.996945,-83.00793666666665,,0.0,True,False,False
Veo,54a452d8-2704-5281-9cda-5aed93844a9f,scooter,39.972195,-82.97413,,20.78,True,False,False
Veo,7a3a0e61-4efe-5854-95b4-c504d18e5c2f,scooter,39.969885,-82.957212,,28.14,True,False,False
Veo,a50bc097-834f-52fb-9170-1d77d9d445d3,scooter,40.008246,-83.012848,,11.11,True,False,False
Veo,090436dd-7d0e-54be-9fd2-c72b0b74b474,scooter,39.999919,-83.00627,,25.34,True,False,False
Veo,50d1d1e0-940d-5180-ba48-42f58cd120eb,scooter,39.984696,-83.007202,,23.02,True,False,False
Veo,e43f2abd-31fa-5d4d-9c53-a8e17831c65c,scooter,39.996263,-83.005036,,25.34,True,False,False
Veo,808d7e2d-2a7f-5767-8a3e-d17d9cc98d72,scooter,39.967218,-83.051277,,26.78,True,False,False
Veo,93a52126-d12e-5ec2-8494-3a5c1f52edec,scooter,39.99659,-83.01962,,27.02,True,False,False
Veo,8cbe62e0-25e5-53d3-b5ca-428f8f63a754,scooter,40.012003,-83.013576,,25.65,True,False,False
Veo,95e8b6d8-c991-5384-9f04-102203010adc,bicycle,39.994177,-83.009498,,9.02,True,False,False
Veo,b50e8b21-2208-5ac4-9393-5bc247e74df0,bicycle,40.062074,-83.021168,,6.67,True,False,False
Veo,67ec7954-efcd-5636-ba6a-50c341cb6d29,bicycle,40.004993,-83.009808,,28.14,True,False,False
Veo,8fb7b322-27e1-54dc-b638-320a4ecabc32,bicycle,40.008797,-83.033304,,28.14,True,False,False
Veo,37aaad72-292f-5175-be13-eed18e35a10d,bicycle,39.942412,-82.982352,,12.52,True,False,False
Veo,c5651f1c-c2d1-5abf-9967-9ad7e9fd1be5,bicycle,39.989383,-82.999497,,23.02,True,False,False
Veo,a1894d59-b6f0-5a9b-9b31-c9f76588e95d,bicycle,40.002336,-83.001072,,14.17,True,False,False
Veo,f15b2043-4042-58c4-8089-ad0ddcf90a1e,bicycle,39.924255,-83.04843,,28.14,True,False,False
Veo,76d08b43-14a2-533e-ab2d-8acfba9085ef,bicycle,40.032712,-82.991512,,28.14,True,False,False
Veo,27cf757c-87bb-5261-b944-8ebc84ac6484,bicycle,39.94048,-82.983468,,25.65,True,False,False
Veo,d42bc319-5601-50bc-ace3-48a7008b2a1b,bicycle,40.027095,-83.001478,,27.77,True,False,False
Veo,bd7b9a97-a34f-55bb-b3d3-6301c10baf8a,bicycle,40.025688,-82.962325,,23.02,True,False,False
Veo,210b7d2f-b092-51ef-b9ac-365d72c0a6a7,bicycle,40.021826,-83.030056,,28.14,True,False,False
Veo,4c6e15a7-b872-5646-bc5f-3072f35be2b8,bicycle,39.998105,-83.019963,,15.45,True,False,False
Veo,87560ec7-bbcc-5712-85f4-7ef4bc3b329f,bicycle,39.956192,-83.011457,,7.62,True,False,False
Veo,b517937e-2554-53b8-b08d-71ad8624abb6,bicycle,40.011429,-83.014197,,12.87,True,False,False
Veo,588438b5-ca68-5b7a-9179-47a66604f8c0,scooter,40.003012,-83.01929,,25.74,True,False,False
Veo,5eabb4bf-4ae8-5c43-97ce-e0b21f712494,bicycle,39.944848,-82.981717,,28.14,True,False,False
Veo,e46b0da6-ad26-5f67-9273-fec354b99420,bicycle,40.028996,-82.982001,,12.52,True,False,False
Veo,a7973e0b-89e5-55db-9cb9-06e999dbb568,bicycle,39.998737,-83.021486,,28.14,True,False,False
Veo,a61a9dbe-d589-5a57-98c0-0740d46316cb,bicycle,39.987087,-82.998934,,21.15,True,False,False
Veo,e3d9fe6d-aa07-5401-a75e-87537b30059d,bicycle,39.953429,-82.978489,,15.89,True,False,False
Veo,56e7083e-f5cf-5c04-9247-350e31466ea5,bicycle,39.998867,-82.986112,,27.77,True,False,False
Veo,51afd16e-3209-512a-84a1-e841dc74ba75,bicycle,39.933447,-82.995803,,26.78,True,False,False
Veo,b25abf8e-975d-5ca7-aae4-96fc3294a7ae,bicycle,39.952551,-82.990981,,28.14,True,False,False
Veo,e5be372f-ef19-509d-b6e7-f0acba045cd8,bicycle,40.007593,-83.009155,,28.14,True,False,False
Veo,1bf33465-5083-5a07-8d9f-4e4b9aa24770,bicycle,39.983721,-83.000071,,14.61,True,False,False
Veo,454a1f56-33a5-5a8e-bf38-59f206e4467a,bicycle,39.965435,-82.983927,,6.98,True,False,False
Veo,13f0ff04-4a11-55f4-b944-13361810c110,bicycle,40.022109,-82.938483,,14.17,True,False,False
Veo,0114f54f-f2eb-545b-a1f1-e4e11c8f0074,bicycle,39.99871,-83.021513,,20.78,True,False,False
Veo,608df85e-ce72-5188-b4b2-18bbaeda1829,bicycle,40.001922,-82.976914,,13.39,True,False,False
Veo,6c0e15ed-1b55-52fc-b1a6-36a8a12a557b,bicycle,39.952847,-82.984557,,23.02,True,False,False
Veo,c75848fe-687e-551d-a3a1-951b401fb46c,bicycle,39.9996,-83.008034,,24.84,True,False,False
Veo,275d9a90-b353-54e8-bfac-c76e7fc486a4,bicycle,39.969084,-83.001287,,12.28,True,False,False
Veo,0344d92b-a864-5f79-aba1-688334fba584,bicycle,40.008243,-83.033199,,15.45,True,False,False
Veo,c8374643-9fd4-546c-8aae-c6b3ee9b14e0,bicycle,40.005713,-82.983224,,22.39,True,False,False
Veo,8cacd57a-5bb3-5aba-a72e-4801f851fe7c,bicycle,40.019817,-83.038006,,21.15,True,False,False
Veo,c44cff0b-246f-591c-a20c-0357bc583b79,bicycle,39.98111,-83.020214,,2.55,True,False,False
Veo,27b2edb2-30c6-5c62-afc8-ae593cbb7152,bicycle,39.946272,-83.03449,,25.34,True,False,False
Veo,7597bc73-f249-578a-a868-f91dd2ebcaf7,bicycle,40.073256,-83.018952,,5.44,True,False,False
Veo,5ccc3802-f16e-5ee6-9f73-4e82dc0b528b,bicycle,40.000948,-83.013601,,25.12,True,False,False
Veo,ae827cb2-619f-595c-b251-979258113a74,bicycle,39.897076,-83.035569,,25.34,True,False,False
Veo,830f68ef-243b-5578-b0b9-ad5110ae0506,bicycle,39.946379,-82.960377,,10.51,True,False,False
Veo,b4e13b3c-933f-5fe9-a6c0-1311b2722ab7,bicycle,40.0038,-83.012882,,13.86,True,False,False
Veo,a9ecf04d-c65d-5bd0-9d9e-7afdcabd9fce,bicycle,39.98939,-83.056341,,27.44,True,False,False
Veo,87aa9977-ea03-5939-85eb-be66ca7752df,bicycle,39.908636,-83.045339,,24.84,True,False,False
Veo,33c6a9ed-5f3c-5049-b28b-c94c7c87b2df,bicycle,40.002895,-83.026021,,28.14,True,False,False
Veo,a39d9fbd-c7ec-5113-a526-3aa9f662a338,bicycle,39.929627,-82.981408,,25.65,True,False,False
Veo,bcad713a-75c0-58d9-acb9-d85f9ae0c778,bicycle,39.979808,-83.085057,,1.56,True,False,False
Veo,6aa8f4af-248a-5972-b098-bb063a491464,bicycle,39.996221,-82.97436,,13.1,True,False,False
Veo,2cfc8e3a-2ded-5c45-9b0e-eee57fd69012,bicycle,40.002996,-83.014422,,12.63,True,False,False
Veo,be2e6f24-0d12-55ec-9013-8509fd0214b1,bicycle,40.045967,-82.923585,,15.45,True,False,False
Veo,cece0802-bc5a-5d04-accf-fdae90a538c5,bicycle,40.101072,-83.108454,,28.14,True,False,False
Veo,0910e0c8-4024-5ff3-908d-58a0aded99f7,bicycle,40.006032,-83.018994,,25.94,True,False,False
Veo,0800dafe-d6a4-5646-b2ec-a87e7c35ff7e,bicycle,39.954191,-83.013756,,19.78,True,False,False
Veo,2afe5ba2-1de8-5eea-956b-95b6ec57a286,bicycle,39.969225,-82.93781,,1.83,True,False,False
Veo,b324e079-eb4a-5a53-8c60-c1b8eb5d35d4,bicycle,40.004037,-83.019873,,22.39,True,False,False
Veo,cea52cd2-6a2b-5e27-8e8a-a41bd511f466,bicycle,40.070647,-82.968314,,21.49,True,False,False
Veo,cf0d524a-ceab-501d-840b-5d854c9ff72f,bicycle,40.005625,-83.013834,,25.34,True,False,False
Veo,de3a5ba0-7ada-5a2b-9a9b-71ac11121a2a,bicycle,39.927465,-82.977949,,19.05,True,False,False
Veo,d1efcaee-d280-58d8-859f-a8ff5b43047b,bicycle,40.005337,-83.010839,,5.03,True,False,False
Veo,6733a640-efb5-5565-9759-bf2859614151,bicycle,40.017298,-82.967812,,12.28,True,False,False
Veo,26e0b175-9665-53f1-a94b-52d42c94bd2e,bicycle,39.946562,-83.000144,,19.05,True,False,False
Veo,ecf26446-4c6e-5ed1-9561-50ed64ee1878,bicycle,39.971638,-82.976845,,13.1,False,True,False
Veo,3e35bb39-2ed8-5750-988d-2e1e859aa138,bicycle,39.933352,-82.996035,,14.17,True,False,False
Veo,fdc89c2d-f0b0-5ec2-89a2-3af9c6181890,bicycle,40.035004,-82.99452,,14.86,True,False,False
Veo,77084f04-d917-52bb-b0ed-8cf6c5e40bfc,bicycle,39.984929,-83.016715,,13.64,True,False,False
Veo,e46cf634-a0aa-596f-b066-b7560d075c32,bicycle,39.961717,-83.013031,,24.84,True,False,False
Veo,0e0a7174-9bb5-5418-8055-7c2a4ce813e8,bicycle,39.953263,-83.068039,,20.78,True,False,False
Veo,26d47fe2-6c7e-5a0e-a3af-7c9c572515f0,bicycle,39.974758,-83.070894,,22.7,True,False,False
Veo,98169e3c-df79-5f4d-93cb-837e7e31b335,bicycle,40.005377,-83.010783,,28.14,True,False,False
Veo,2db0ec6c-d39e-5cf2-b634-3b3d579cf58f,bicycle,40.001048,-83.014619,,24.06,True,False,False
Veo,aadfee0e-0513-5f95-b663-6a32ffcbeefc,scooter,39.957561,-82.957661,,28.14,True,False,False
Veo,91b68d5a-bdc6-55d0-9a6a-c3210a52cae0,bicycle,40.032685,-82.991451,,27.44,True,False,False
Veo,34bdb9d3-61e9-5911-81d3-55602fd46348,bicycle,40.007169,-83.005479,,27.77,True,False,False
Veo,2965573d-56e4-5e7e-a0dd-aab857d191dd,bicycle,39.950574,-83.030903,,13.1,True,False,False
Veo,138b34dc-900a-5e00-8d43-c7707f3b8bc8,bicycle,39.955229,-83.028926,,24.06,True,False,False
Veo,ef7a867d-c0d1-5edd-912f-a0a200d35b62,bicycle,39.928573,-82.971591,,21.15,True,False,False
Veo,51df2d5a-c6b2-53d0-87e0-733d4bf6b26b,bicycle,39.946666,-83.046737,,15.89,True,False,False
Veo,a2beccbc-c7fb-5cb6-98f9-bfff80a8de6d,bicycle,39.93957,-83.005678,,28.14,True,False,False
Veo,22ccf05e-53e4-5291-9394-259a5fc6b4fe,bicycle,40.008037,-83.010171,,12.87,True,False,False
Veo,8765a7ba-a2fa-539a-ac1f-e139c019eee0,bicycle,39.883252,-83.003128,,1.83,True,False,False
Veo,bc3e592d-70db-5696-a7c3-9e4bcebe10c2,bicycle,39.95597430937981,-82.90994889784977,,13.86,False,True,True
Veo,77e4b8cd-d0cb-5657-a822-9b2d0f378914,bicycle,39.986845,-83.018869,,12.63,True,False,False
Veo,daa2dff6-047b-503d-9c82-596c5905e573,bicycle,39.938118,-82.862318,,14.61,True,False,False
Veo,80c4a927-c46b-5b74-aa9a-8490f4914427,bicycle,39.949949,-82.976379,,24.84,True,False,False
Veo,41fc9a16-fa9f-57d3-844a-85bb3a5ee60a,bicycle,40.00134,-83.003734,,28.01,True,False,False
Veo,1440a1c7-6d3a-5f05-97c9-9d34b4174790,bicycle,40.004026,-83.02139,,28.14,True,False,False
Veo,d64dc19b-9f0e-583b-b552-03ea00f66a9c,bicycle,39.967633,-82.971006,,28.14,True,False,False
Veo,33253489-9c0f-5cd2-ac3c-fc8b14a103de,bicycle,39.950399,-83.008203,,24.33,True,False,False
Veo,0a2d4fb7-f56f-5dd6-9a59-c13e12a9f0f0,bicycle,39.954934,-82.971129,,24.84,True,False,False
Veo,126584a4-2101-5363-a00b-38ee30a9c912,bicycle,39.948821,-82.986624,,12.28,False,False,True
Veo,30d56e0c-ed04-5ebe-b052-809bd6a7af54,bicycle,39.990502,-83.00367,,28.01,True,False,False
Veo,8ede171a-23ba-5d5e-a8bf-80a60194148c,bicycle,39.97035,-83.044919,,19.78,True,False,False
Veo,138341b3-2d2f-50e3-a9a4-c44db7f4797c,bicycle,39.977316,-83.011047,,27.44,True,False,False
Veo,e6a9d885-d5a6-5af3-856d-cdad3033c399,bicycle,39.98877,-82.979564,,9.29,True,False,False
Veo,bf39d9bf-158c-5b8a-adae-c821ea133edb,bicycle,39.958426,-83.074812,,13.86,True,False,False
Veo,c26da050-3fc8-5dfb-a56b-e926854f1a5e,bicycle,40.04595,-82.923601,,14.86,True,False,False
Veo,c968865e-5346-5fe1-a767-d87f1de8888e,bicycle,39.968201,-82.994503,,27.18,True,False,False
Veo,0fbb404b-e49f-5ce8-8a87-d365695e2167,bicycle,40.104314,-83.110641,,13.39,True,False,False
Veo,5601b785-218c-57ed-a94b-fbaed1c84960,bicycle,39.946909,-83.087876,,12.52,False,False,True
Veo,edcf0486-dc42-50c0-91fa-b58af3e285ce,bicycle,39.892238,-82.991732,,25.74,True,False,False
Veo,6c223c2c-a582-5b4e-baba-6ff1b888713d,bicycle,39.995544,-83.013424,,28.01,True,False,False
Veo,2301971d-aa4c-5f6f-8f0b-e8a48eac5757,bicycle,39.947368,-82.897309,,1.15,True,False,False
Veo,18c5c275-ecae-549b-8e6b-ad320c31430f,bicycle,40.001964,-83.01351,,21.15,True,False,False
Veo,ea5eeaff-e599-5a75-adf7-04f64e5d407e,bicycle,40.017223,-83.006429,,19.39,True,False,False
Veo,f9cfa0d3-e1a0-5a0c-9f06-a4b9fa07eee8,bicycle,40.004077,-83.008265,,17.37,True,False,False
Veo,1e676704-0d34-57ab-8c96-4e43acf2e6bf,bicycle,40.039589,-82.993864,,20.78,True,False,False
Veo,80371414-ee1f-53ec-862b-9cefd5c26b7c,bicycle,39.999758,-83.003813,,12.87,True,False,False
Veo,09da60a5-29c5-55ed-a142-c609b881edb1,bicycle,40.025197,-83.020458,,14.17,True,False,False
Veo,69d1c030-08b3-565a-8f33-65a146b197c4,bicycle,40.003204,-83.010025,,26.25,True,False,False
Veo,5757ca0f-3312-5186-9a47-77951ca4c24e,bicycle,39.951043,-83.051593,,18.19,True,False,False
Veo,7eb5868a-1498-5789-920a-57deb6c5f51a,bicycle,40.074797,-83.101404,,24.84,True,False,False
Veo,032bb4dc-98a8-5975-adcd-d9adbdeb9585,bicycle,39.928246,-82.977245,,26.51,True,False,False
Veo,a844d191-8a42-5879-af23-a99d76da5a4a,bicycle,39.986245,-83.006089,,1.83,True,False,False
Veo,7249f9bf-9cd2-59f9-9530-6b6c0a481bec,bicycle,39.936367,-83.120142,,14.61,True,False,False
Veo,38876af8-c058-5c61-9070-eebfbc264660,bicycle,40.005134,-83.011631,,13.64,True,False,False
Veo,0f9d2911-a6dc-585b-b470-a89c6c430a3d,bicycle,39.923495,-82.985502,,8.43,True,False,False
Veo,9de3ffa1-ad98-53a2-92d4-c35c1264e2f9,bicycle,39.897409,-82.976783,,26.78,True,False,False
Veo,e2934802-3099-5b63-bc7a-48327f7cc467,bicycle,40.005143,-83.012737,,28.14,True,False,False
Veo,ec655e8b-610e-5996-b824-49f751404da0,bicycle,39.93380600716948,-82.92009463896538,,25.12,False,False,True
Veo,7cb71953-520f-5494-a871-0800ea103128,bicycle,39.962974,-82.976529,,19.78,True,False,False
Veo,6397dba3-0139-5706-92b8-dd7ceafa108f,bicycle,39.92142,-82.950469,,28.14,True,False,False
Veo,36223154-e271-577d-9bd6-bf9f8cb49bcd,bicycle,40.00316,-83.008744,,24.06,True,False,False
Veo,bcbbc7da-3be6-5b2f-9fc9-52479e47d5b9,bicycle,39.940494,-82.983471,,17.37,True,False,False
Veo,40b5386b-9ded-57c7-abfc-ca23bb43ef1f,bicycle,40.025568,-83.014962,,6.31,True,False,False
Veo,8ce09d0f-ff13-5b9f-82f2-25c863914113,bicycle,40.089948,-83.090057,,8.78,True,False,False
Veo,9cce3b06-d0d1-5547-b6b5-49f880197d1e,bicycle,39.947085,-83.051883,,12.63,True,False,False
Veo,575b2056-8c67-5a5f-ba0c-d143bde16ad6,bicycle,39.928595,-82.98406,,15.45,True,False,False
Veo,76b14357-cb07-5575-82a3-847393132731,bicycle,40.032681,-82.991507,,24.33,True,False,False
Veo,f5edff5e-29c7-5e81-8d18-f689159212d2,bicycle,40.000276,-83.011581,,24.33,True,False,False
Veo,5c77febb-098d-5397-829c-6c8dd91a5bc6,bicycle,39.997602,-83.001016,,25.34,True,False,False
Veo,e0db99dd-45c9-54c6-b58e-0123e54e6bbd,bicycle,39.977207,-82.994003,,12.52,True,False,False
Veo,843631ab-2882-5deb-99ac-0041102bab39,bicycle,39.934499,-82.984503,,20.05,True,False,False
Veo,7da52581-3d87-573a-8624-4555a14427e3,bicycle,40.095143,-82.926481,,8.09,True,False,False
Veo,403382c6-c1e8-5497-b493-0e14db0cd9ab,bicycle,40.00275,-83.026138,,28.14,True,False,False
Veo,07f1cd7a-2d27-5a6b-af8e-3d174dfbdee2,bicycle,40.015348,-82.982518,,25.74,True,False,False
Veo,87de47b0-ddc4-5138-b834-e65fb71e395a,bicycle,39.977651,-83.015115,,12.52,True,False,False
Veo,489a8d08-03a1-54cd-a8bb-7528c3bfaf90,bicycle,40.080977,-82.973808,,6.67,True,False,False
Veo,3bffae52-bf26-560f-a644-1defa3147486,bicycle,39.974915,-83.002224,,13.1,False,False,True
Veo,48a28cc4-c023-5b1a-8afe-081d9463ffa2,bicycle,39.960701,-82.87676,,6.98,True,False,False
Veo,d873d957-1177-5e2e-b9f9-9e79af0010e8,bicycle,39.993922,-83.018371,,28.14,True,False,False
Veo,cf808762-4425-5a64-9478-f38439e31bdd,bicycle,39.995906,-83.009296,,28.01,True,False,False
Veo,54a79473-e48b-5c21-a720-d5dde8111399,bicycle,39.947271,-83.104091,,25.94,True,False,False
Veo,cf54b93c-45e3-58f2-a060-56c36192a35a,bicycle,40.009162,-82.977054,,27.77,True,False,False
Veo,6f29348a-38a6-547b-935e-ee105775eabf,bicycle,39.924582,-82.936695,,12.07,True,False,False
Veo,09f14268-bad9-5df9-aa8e-a94caf6e6848,bicycle,39.976316,-83.010788,,28.14,True,False,False
Veo,0015e1f0-16e5-5b13-9359-32c9a630508d,bicycle,39.994256,-83.019707,,28.14,True,False,False
Veo,e3ffe883-266e-5eee-9fff-946643f1a3fe,bicycle,39.983227,-83.014887,,11.34,True,False,False
Veo,cb55f0c0-614c-5940-a2f3-60461f911bbf,bicycle,40.000581,-82.979261,,20.78,True,False,False
Veo,a7757a0c-546f-580a-8c32-d00d160c2bbb,bicycle,40.006396,-82.999309,,26.78,True,False,False
Veo,7c355a23-569c-5ce9-903f-678e94cdf497,bicycle,39.980117,-83.004976,,27.77,True,False,False
Veo,bab905c3-4861-5719-b1a3-97bc2a8c56dd,bicycle,40.006603,-82.997317,,28.14,True,False,False
Veo,ed1757a1-088f-55c5-a2ca-6912d5232bba,bicycle,39.955727,-82.811738,,1.83,True,False,False
Veo,c219c29e-0b48-5e37-8405-f82663077276,bicycle,39.986185,-82.940374,,0.33,True,False,False
Veo,fedbbf91-a0f8-52f2-8783-4619884e0150,bicycle,40.108654,-83.014618,,10.51,True,False,False
Veo,86771eda-22d0-5133-8464-2c4beb27bfcd,bicycle,40.013785,-82.976878,,26.78,True,False,False
Veo,a814741d-9069-5b2c-9daa-a63cd0c172ae,bicycle,40.003637,-83.008756,,9.65,True,False,False
Veo,d3e1284e-f9c9-5ec7-b290-fd5245dba4dc,bicycle,39.989576,-83.076924,,7.62,True,False,False
Veo,4193a252-9131-51c3-8bf3-c7adb50c336c,bicycle,40.084294,-82.988408,,27.77,True,False,False
Veo,4f76613a-5796-50e6-8505-0504acfc1859,bicycle,39.947536,-82.976003,,11.34,True,False,False
Veo,ac39a8b4-3840-5376-9a58-2c551081a161,bicycle,39.974907,-83.03489,,28.14,True,False,False
Veo,c793c746-85bd-56ce-94eb-efff33fd36b9,bicycle,40.003583,-83.008912,,27.77,True,False,False
Veo,a5b1644f-9b5e-5fc8-a469-a1425ee94079,bicycle,39.943695,-83.045575,,6.31,True,False,False
Veo,cc89df96-9c5a-5693-9d10-4fcdb40d74fa,bicycle,40.000781,-83.015134,,10.51,True,False,False
Veo,97d6a2f6-4a4a-593e-9240-04c36bcc1883,bicycle,40.010487,-82.970202,,13.1,True,False,False
Veo,50bce7c2-6702-5280-95e9-7c99e3f6c389,bicycle,40.098852,-83.114475,,11.83,True,False,False
Veo,17f98153-df3a-5b67-8595-09aafc9a3336,bicycle,39.969091,-83.001244,,13.64,True,False,False
Veo,48e5fc31-9db6-52f6-a2c6-978dc9ff9deb,bicycle,40.014707,-82.969598,,7.29,True,False,False
Veo,e43312b1-370d-5ffa-b4dc-c0b60f49d39d,bicycle,40.102392,-83.110204,,14.86,True,False,False
Veo,661600e3-32af-5a9c-a799-4634c6ed71fd,bicycle,39.929111,-83.038928,,14.17,True,False,False
Veo,429ffe0b-9b8c-559c-a669-b7283e625df3,bicycle,39.94149,-82.997183,,28.14,True,False,False
Veo,c0b13466-49e1-5c20-828e-fff2aa345e9e,bicycle,39.944532,-82.949244,,28.14,False,True,False
Veo,b8a52649-6c0e-51f7-82a0-0d946586fa03,bicycle,40.026118,-83.001571,,11.59,True,False,False
Veo,ee9ec668-b403-5ebc-995e-a1351890ce72,bicycle,40.028574,-82.953388,,22.7,True,False,False
Veo,9ae74b28-aacd-5a2d-937c-470814371242,bicycle,39.956662,-83.012136,,15.18,True,False,False
Veo,03f6e062-e86c-5221-a861-0e7bbcbad96a,bicycle,39.895872,-83.080698,,10.51,True,False,False
Veo,bb40afad-93f0-5c33-8956-5292045db2a2,bicycle,40.019758,-82.955702,,25.65,True,False,False
Veo,71fd8ce4-b8d5-53fb-bd83-90e2f5545578,bicycle,39.93293,-82.997432,,25.34,True,False,False
Veo,d81195c0-8bb5-5ab8-bee5-b7e59330b325,bicycle,39.875856,-82.964684,,14.86,True,False,False
Veo,193b6fa3-d460-5f60-b4b8-4c6a00295a61,bicycle,40.017005,-83.013409,,21.15,True,False,False
Veo,0ecd54c0-5860-5a4e-8485-a531719cd772,bicycle,39.977358,-83.01108,,28.14,True,False,False
Veo,3cdfcfbe-9e1f-5b84-bc0a-2e200be29e99,bicycle,40.009387,-82.980673,,1.56,True,False,False
Veo,b89ca7b6-c259-55f7-8d33-dc5e069810f9,bicycle,39.97354,-82.985258,,13.86,True,False,False
Veo,2c99cb4d-594f-5992-aa78-79fd00955e87,bicycle,39.958364,-82.960672,,3.48,True,False,False
Veo,3ecde08e-2e33-51d1-8e27-f6876a669342,bicycle,39.99885,-83.038462,,25.94,True,False,False
Veo,6559ba82-7e89-5f53-8a7b-9a244d4b563d,bicycle,40.004033,-83.028378,,28.14,True,False,False
Veo,370df5c0-cb83-5049-812c-82fcc515bec4,bicycle,40.014153,-83.028481,,28.01,True,False,False
Veo,855de173-e7f3-587e-9323-381b2818b197,bicycle,39.982369,-83.019191,,25.12,True,False,False
Veo,a2a52d26-ae36-5d6d-b495-27abc79275f4,bicycle,39.977212,-82.973556,,11.83,True,False,False
Veo,849aa22c-1147-5681-b398-e33b59d04b06,bicycle,40.011418,-82.982638,,13.1,True,False,False
Veo,f857091b-ddc1-5490-97eb-ccc24f5226bd,bicycle,40.011325,-82.975452,,10.51,True,False,False
Veo,a31cc783-b5df-5082-ac28-3e6af081aca6,bicycle,40.017273,-82.967979,,25.74,True,False,False
Veo,938e6787-fb61-59cd-ac6e-e9fbc347a043,bicycle,40.041016,-82.963595,,24.06,True,False,False
Veo,b11ac7cc-128e-5955-a228-e3302b330726,bicycle,39.958152,-83.008333,,14.61,True,False,False
Veo,57fa6565-faa3-527c-b99f-8ba7e3573aab,bicycle,39.996123,-83.011155,,28.14,True,False,False
Veo,d7ff62c4-8651-5c4b-a925-1d1b36864e3b,bicycle,39.941647,-83.11626,,0.85,True,False,False
Veo,f4e72c54-f060-5162-9252-f0b82fc0fe83,bicycle,39.987476,-83.003478,,15.18,True,False,False
Veo,f866a86b-0f53-5056-96ea-2445b4051985,bicycle,39.943652,-83.11685,,1.15,True,False,False
Veo,d42aa9c3-a12f-50ac-baf3-8a36f6a6e357,bicycle,39.940485,-82.983461,,19.05,True,False,False
Veo,d6e209e3-939f-5b48-8270-e152ac06a9e9,bicycle,39.959936,-83.110667,,1.56,True,False,False
Veo,5f7dbe11-490e-5a37-82a2-39a743c93e71,bicycle,39.908648,-83.045407,,7.62,True,False,False
Veo,a52626b4-b1b6-5231-89d5-1a444a3912cd,bicycle,39.998775,-83.021475,,20.78,True,False,False
Veo,97dfce81-55f0-5284-9590-9cb8a68e6727,bicycle,40.005315,-83.026689,,28.14,True,False,False
Veo,6875cc80-0341-51ed-b496-48fe17c916aa,bicycle,40.054044,-82.935616,,4.78,True,False,False
Veo,94b10ad5-3481-5582-9368-d3d0bbbd9d2a,bicycle,39.947713,-83.04552,,13.64,True,False,False
Veo,c3c098f3-e309-5ead-8903-60d33e46139d,bicycle,39.963284,-83.110801,,25.12,True,False,False
Veo,3322fa9a-c181-531d-a2cc-2e24b34055c4,bicycle,39.966228,-82.97517,,16.39,True,False,False
Veo,e5d2ad31-5d9b-54c4-9bf5-814c33ac87d3,bicycle,39.957803,-83.012196,,25.12,True,False,False
Veo,d036b9c6-ec10-5da7-b5c1-621b83a1e838,bicycle,39.968957,-83.001035,,17.37,True,False,False
Veo,039d5789-302b-5396-8cbf-ed5e9a209b1a,bicycle,39.977865,-82.963903,,22.7,True,False,False
Veo,15623e84-6363-5d48-a847-39ff9d343a43,bicycle,39.996913,-82.933421,,25.74,True,False,False
Veo,204c5ec7-b5d1-59e2-8a69-130077d21d29,bicycle,39.957637,-82.957778,,24.33,True,False,False
Veo,2c669f3b-a3ca-5e73-a52b-8e26a1b2369a,bicycle,39.956159,-82.956465,,19.39,True,False,False
Veo,63703019-fadb-5feb-8eb6-f01bddbde5ea,bicycle,39.950263,-82.999449,,25.34,True,False,False
Veo,1657aba1-a88a-51cd-a2ef-91d9012e7b13,bicycle,40.006182,-83.008902,,25.65,True,False,False
Veo,7b4103b8-8336-5f1d-8ffa-1b6b63a3af62,bicycle,39.944898,-82.949325,,14.86,True,False,False
Veo,838f89ab-4999-591b-93e9-86fd13ba23fb,bicycle,40.005624,-82.973606,,7.62,True,False,False
Veo,7a6388c6-c44d-5012-9971-ad2e51f32111,bicycle,39.93179027,-82.97025935,,19.78,True,False,False
Veo,f01613ad-4a88-5e19-97f0-9281580d73f5,bicycle,39.974573,-83.003372,,26.25,False,True,False
Veo,a60003eb-3c7a-59e6-af88-788b005bdc42,bicycle,39.956298,-83.011795,,18.19,True,False,False
Veo,4962078a-20b0-5495-8ce1-17aa3b5f5048,bicycle,39.956689,-83.012156,,15.45,True,False,False
Veo,5c5887b4-fd83-5a04-94d0-67a9eaf47387,bicycle,39.957518,-82.988172,,24.33,True,False,False
Veo,80905250-3138-51f9-ae38-023c202bb688,bicycle,40.014834,-82.948679,,28.14,True,False,False
Veo,73760089-bf5d-538e-8b7a-993cb2e48b91,bicycle,39.995357,-83.014762,,28.01,True,False,False
Veo,0a85cf86-d743-5b23-b970-0a0d41b3f33b,bicycle,39.962375,-82.98949,,21.77,True,False,False
Veo,b6946783-4894-5f7e-920d-5d9ba4ffab05,bicycle,40.019449,-82.981808,,23.02,True,False,False
Veo,9b272a6e-c24b-503e-a359-eb7f19815fcc,bicycle,40.006226,-83.008709,,14.86,True,False,False
Veo,090b0a9c-5c27-5636-9eae-eaee95a905e3,bicycle,39.958891,-83.012797,,28.14,True,False,False
Veo,fb1bfd5d-16e3-5be7-9358-8d452f62dbcf,bicycle,39.997437,-82.997484,,15.18,True,False,False
Veo,32b7f0ff-0438-5d98-894c-23326c94ebe3,bicycle,39.968819,-82.980095,,17.89,True,False,False
Veo,85d05bb8-837e-5607-b993-0b6adae6c2dd,bicycle,40.000822,-83.014255,,28.14,True,False,False
Veo,58f4f088-0ca7-57b3-8a0a-bde0d8c3eb91,bicycle,39.99815,-83.015961,,14.86,True,False,False
Veo,6fa56425-ca25-52e4-a9cb-8ff911fafdf5,bicycle,39.998834,-83.021477,,23.02,True,False,False
Veo,40cd478a-bc88-5679-aff2-0e470c2d658a,bicycle,39.976822,-83.014669,,24.84,True,False,False
Veo,a237f9bb-2cb6-5ee0-9390-b90218ac72ca,bicycle,40.00609,-82.968669,,28.01,True,False,False
Veo,1dadcad7-0b72-5310-8890-3e8551e4962c,bicycle,39.9503,-82.955008,,27.44,True,False,False
Veo,f9a17c67-d3bf-59a8-9973-8215ec6446dd,bicycle,39.9885,-83.076245,,28.14,True,False,False
Veo,ff3f022e-3f64-56e1-8ea4-03fedb4e1a06,bicycle,40.073742,-83.044003,,5.44,True,False,False
Veo,6df9e786-9b8f-56d7-997c-85f7e636052a,bicycle,39.948817,-82.986615,,16.39,False,False,True
Veo,80aa657d-ad36-59fa-a805-ed1aefb8bc08,bicycle,39.957573,-83.011459,,16.84,True,False,False
Veo,6c73373e-aa29-5782-873f-0e255b583f75,bicycle,40.066216,-82.96317,,18.67,True,False,False
Veo,9e5aa20d-df09-54b0-b592-553ddd99400d,bicycle,39.957338,-82.994487,,28.14,True,False,False
Veo,12754414-0e99-5ab7-92d6-bdb82c9566ca,bicycle,39.951834,-83.034516,,21.77,True,False,False
Veo,9152c598-9e31-5ccf-a23c-35c713ef0919,bicycle,40.017731,-82.969705,,28.14,True,False,False
Veo,6332e826-2c3b-5834-baab-7b68a4e2bfdb,bicycle,40.002172,-82.949833,,5.44,True,False,False
Veo,cb98fca3-8a52-5184-a6fc-c89e50a12a77,bicycle,39.945494,-82.975582,,27.77,True,False,False
Veo,d820464f-e47d-5606-905f-abe6c6ebc643,bicycle,39.948432,-82.949447,,28.14,True,False,False
Veo,6077b118-c9b3-527c-a6ce-c7a46f8ad548,bicycle,40.002754,-83.014696,,26.25,True,False,False
Veo,575b808b-0007-5c9b-9227-092460db25be,bicycle,40.100521,-83.107911,,7.62,True,False,False
Veo,bf8660d3-d1ae-5ca7-8ca9-c4750f57f61e,bicycle,40.045145,-83.049272,,8.78,True,False,False
Veo,9a3bbb42-0fe4-5b65-a0b9-eb3c5b29b9fa,bicycle,40.054296,-83.054871,,23.77,True,False,False
Veo,6737b11e-243c-5cdb-ad9f-df8bc1cf0ef0,bicycle,39.943929,-82.886987,,27.77,True,False,False
Veo,8d168287-7c54-56cf-804e-bfcb6753ef14,bicycle,39.944336,-83.043255,,23.02,True,False,False
Veo,84e11ede-3000-5845-a537-a697f1094ca1,bicycle,39.998226,-83.01995,,25.34,True,False,False
Veo,a28a4e9b-2edd-50b3-b625-ac7bb348e3e4,bicycle,39.991672,-83.025617,,11.34,True,False,False
Veo,c3ea13c0-97ba-530a-befb-ec8d98a23b47,bicycle,39.972141,-83.007238,,26.25,True,False,False
Veo,569eee08-21e3-5e21-aab1-f0564364338f,bicycle,39.953578,-83.061122,,24.33,True,False,False
Veo,d2c2a876-fa53-5599-8b18-c3d65babff8b,bicycle,39.936154,-82.968328,,25.65,True,False,False
Veo,9b5eb8d4-1dd4-520b-996a-19f82f57cc0c,bicycle,39.993954915094285,-82.983352586028,,12.63,True,False,False
Veo,edd5b8a2-192c-56d1-b02f-db5b4e8f3622,bicycle,39.991324,-83.011025,,25.65,True,False,False
Veo,b39a3da8-14f4-5076-8a67-69f1eda4142a,bicycle,39.984853,-83.037207,,5.59,True,False,False
Veo,86c866a8-79ac-5faa-823a-cab47c38139f,bicycle,40.008952,-82.956352,,22.7,True,False,False
Veo,ed1d5f2f-ba58-5e44-985b-fce94e4d9d92,bicycle,39.96129,-83.003397,,12.28,True,False,False
Veo,b9a4a545-8ab4-5739-a146-44d4f7508b43,bicycle,40.00464,-83.0157,,24.84,True,False,False
Veo,38582b97-99e1-527d-bc2f-65284f4de21a,bicycle,39.950481,-82.997916,,25.94,True,False,False
Veo,a97aa4d2-c540-5b33-86ed-2c9111e5daaf,bicycle,39.965311,-82.969412,,9.97,True,False,False
Veo,5cfddc8f-ab5f-5f5d-83ee-19614400c729,bicycle,39.93695,-82.982768,,26.78,True,False,False
Veo,13cad362-e20a-59ca-9848-65a8fab9cbe2,bicycle,39.985209,-82.981344,,15.45,True,False,False
Veo,3262fe2f-a97a-59f3-824b-51bf306694ac,bicycle,40.025293,-83.025035,,21.15,True,False,False
Veo,8f699159-7969-59f9-9092-acdd71a421d0,bicycle,40.007412,-83.000671,,25.74,True,False,False
Veo,84a4fe7e-1c6c-5759-9ccd-f0de250463e5,bicycle,39.945728,-82.996787,,26.25,True,False,False
Veo,606b85bf-32e7-5240-9f0f-e9ea623dba89,bicycle,40.005045,-83.008675,,18.67,True,False,False
Veo,4921bc7d-c074-56b5-979b-2b36712d8353,bicycle,39.932295,-82.970582,,13.86,True,False,False
Veo,78543d49-3bb6-52fb-846c-797c46be31f9,bicycle,39.932961,-82.997436,,8.43,True,False,False
Veo,5d351b73-4ef4-57e3-bdf2-dc89d03972b5,bicycle,39.933062,-82.943293,,27.44,True,False,False
Veo,e1486a57-906a-5090-9ed7-3e7f72e6e110,bicycle,39.939605,-82.925444,,15.89,True,False,False
Veo,3bfe0a00-e1a4-5271-bfdc-f67ed899f974,bicycle,39.98074,-82.992028,,25.34,True,False,False
Veo,109c3059-695e-5a90-b196-82b34d015a9b,scooter,40.003959,-83.013053,,24.33,True,False,False
Veo,9a78e246-8e2b-5787-bd24-6ab8f3b54500,bicycle,39.95468,-82.989178,,25.34,True,False,False
Veo,1d27924c-b6eb-5b4b-9536-6c433f4d94ba,bicycle,40.038461,-82.995575,,5.03,True,False,False
Veo,145a3389-9c3c-56fe-9288-5ca0cea2227b,bicycle,40.047275,-82.944405,,24.06,True,False,False
Veo,23d5c597-1d16-5f7b-a9a8-bf3883e2dd21,bicycle,39.941285,-83.118754,,13.1,True,False,False
Veo,1dfa386f-634b-5d27-a8ce-45967aef284c,bicycle,39.990458,-83.012283,,25.94,True,False,False
Veo,ec595874-a7bf-5eab-9bf9-83200891dc09,bicycle,39.937364,-83.096064,,17.37,True,False,False
Veo,eb069c1f-4682-52b4-a01c-1cdb25439076,bicycle,39.937453,-82.997312,,23.77,True,False,False
Veo,822a9545-3c13-5637-b0a4-ea9cb319a5cb,bicycle,39.967046,-83.027989,,6.31,True,False,False
Veo,46311173-761e-5eaf-b750-239819ada589,bicycle,39.943554,-83.118437,,2.12,True,False,False
Veo,e85983cb-b8b6-5613-a836-a336f8f1829d,bicycle,39.924763,-82.960829,,24.06,True,False,False
Veo,bd70418d-bed4-53c0-b26d-afb49fa2d6e0,bicycle,40.10207,-83.110794,,23.77,True,False,False
Veo,8b0aed6e-ba4e-547a-8c1d-5506d1188581,bicycle,39.96703,-82.992361,,26.51,True,False,False
Veo,aec93c85-6519-5612-8031-f76fef921e2d,bicycle,39.954162,-82.957675,,28.14,True,False,False
Veo,f77bfd49-b561-52e1-a618-37155d1474bf,bicycle,40.0668,-82.916823,,10.51,True,False,False
Veo,97ce1339-0bf2-53d7-8694-be871804fb2f,bicycle,39.935913,-82.949872,,24.06,True,False,False
Veo,8f08b0a1-f3ef-5eb6-b568-c494528e0073,bicycle,39.959129,-83.009731,,18.67,True,False,False
Veo,ca47ca52-874f-53a5-8789-b6878891d62e,bicycle,40.016817,-82.956809,,15.18,True,False,False
Veo,534f94d6-df68-5bd8-8daf-70a70779a91c,bicycle,39.956259,-83.02635,,24.33,True,False,False
Veo,6a22ef5b-105b-50e1-8136-6a0ed4904fca,bicycle,39.948426,-82.997836,,6.98,True,False,False
Veo,0396b6f9-d810-5622-84db-d0054afcb41b,bicycle,39.961298,-83.003407,,19.05,True,False,False
Veo,0c648a4f-2aae-5eab-8bc4-39f16fedd2a5,bicycle,39.977864,-82.963952,,13.1,True,False,False
Veo,93f22b3e-70cf-5577-bc3f-dacbb3ae2af4,bicycle,40.034591,-82.991882,,12.52,True,False,False
Veo,5de6c781-073b-54a1-a05f-6d7114f86f4c,bicycle,39.974701,-82.971381,,28.14,True,False,False
Veo,30551c13-4349-5ba7-9f7e-d511569937c5,bicycle,39.955302,-83.055207,,7.62,True,False,False
Veo,a06a76c7-abdc-5186-adb1-af4db8c0b14d,bicycle,40.017051,-82.964775,,28.14,True,False,False
Veo,d844ae1c-6a3d-5424-8609-f68e8daf033a,bicycle,40.098849,-83.114493,,6.67,True,False,False
Veo,a58e53ab-2390-5ae6-933c-8e6ae55462a2,bicycle,39.922613,-83.034478,,4.78,True,False,False
Veo,b442ce6d-1c64-5c61-80b1-98d88ef1ea9e,bicycle,39.947847,-82.967396,,28.14,True,False,False
Veo,9f7d8b5a-9554-5e8a-9e7f-693dd3721bd2,bicycle,39.941781,-82.983384,,28.14,True,False,False
Veo,8702fce7-8cbf-5dae-beb1-631f4cde9f2c,bicycle,39.930016,-82.987958,,9.65,True,False,False
Veo,2e6a0e81-880f-5d77-a3ab-bd97ab2133cc,bicycle,39.998677,-83.003715,,10.79,True,False,False
Veo,22def236-bf32-5a25-899d-e214b631cdbf,bicycle,39.941499,-83.067717,,12.63,True,False,False
Veo,c0562fdf-feac-5f1d-b5d8-b6dc331e420b,bicycle,40.00130422,-83.00394622,,25.34,False,False,True
Veo,1798d5e7-a525-5830-a3b8-9c80487d5474,bicycle,39.901895,-82.956396,,6.07,True,False,False
Veo,852c8528-8419-546a-827a-4bc6cce3bfc8,bicycle,39.944313,-83.07094,,16.84,True,False,False
Veo,e95e2b24-43ce-55a4-b0ec-894ce142382a,bicycle,39.993359,-83.006717,,9.97,True,False,False
Veo,5998b02a-cd42-5c6f-aace-b72f5af4d9fa,bicycle,39.962983,-83.08638,,14.61,True,False,False
Veo,09ba1aa1-6e78-5177-bdf6-e27288df9649,bicycle,39.976874,-82.97646,,8.09,True,False,False
Veo,25cde617-30cc-567c-89ed-648f184d356e,bicycle,39.993988,-82.983355,,9.97,True,False,False
Veo,7d0d72df-a120-5779-8471-48f7e96f34e6,bicycle,39.99775,-83.007871,,24.84,True,False,False
Veo,a8601cce-e42d-51ea-b5c7-02dcacfe6e00,bicycle,39.998491,-82.986431,,21.77,True,False,False
Veo,afbf129c-2a0b-594b-975f-ae360ae3d62b,bicycle,40.004246,-82.997444,,14.86,True,False,False
Veo,25822e24-a1fd-514e-96f3-91762e34cfce,bicycle,40.096882,-83.113913,,25.65,True,False,False
Veo,a31b169f-4cf2-58fc-9bf7-01e04396cf26,bicycle,39.914381,-83.065839,,25.65,True,False,False
Veo,e1aba78c-47ad-56f3-a6ed-9e45530b75e4,bicycle,39.951042,-83.059541,,28.14,True,False,False
Veo,fc308cae-484a-5495-a2fa-71b8848420ff,bicycle,39.980798,-82.999108,,22.7,True,False,False
Veo,492b3388-fcb6-5fb9-a531-853d72743955,bicycle,39.95173030342359,-83.08965657253488,,15.18,False,False,True
Veo,833f84fa-383c-5a0e-9822-eb396fe0a7d8,bicycle,39.941512,-82.997169,,9.65,True,False,False
Veo,9f4b1e75-49e4-503a-94f4-80e6129ea0e0,bicycle,39.991904,-83.007661,,28.14,True,False,False
Veo,47a91765-427e-59d5-ae95-4aeafe2c9761,bicycle,39.97023,-82.905365,,1.56,True,False,False
Veo,d96c960c-d2e7-532b-8867-b56d9b4610fc,bicycle,40.007144,-82.996514,,27.44,True,False,False
Veo,cc4e5e5c-5961-578c-8503-64160dbc07e8,bicycle,39.99864786,-83.00701844,,26.25,False,False,True
Veo,1789b623-fe7e-5b72-98e1-ad181aa3c157,bicycle,39.921366,-82.950486,,1.56,True,False,False
Veo,e624fcdd-5b7e-5571-90b5-f77572b3face,bicycle,39.978447,-83.010714,,11.59,True,False,False
Veo,d2fea8c0-f42a-5b03-98da-1114b83b27e9,bicycle,39.963658,-82.96385,,15.18,True,False,False
Veo,55aa9d6b-49c6-520f-83e6-d8619e8bae1e,bicycle,40.003888,-83.010779,,25.12,True,False,False
Veo,85a6fd31-cc56-5041-b3da-9ea714daff98,bicycle,39.943112,-83.055977,,28.14,False,True,False
Veo,b861fad9-05db-5195-be07-95e80031de9b,bicycle,39.953589,-82.92373,,7.62,True,False,False
Veo,74064723-5ce1-5851-b20a-7e4da302d59a,bicycle,39.955586,-82.873727,,1.56,True,False,False
Veo,e77f896b-9eb6-5614-af0d-6eaa0f5047fa,bicycle,39.930075,-82.995293,,22.7,True,False,False
Veo,d17d5d80-2887-5562-b4e1-b1ca7e59a655,bicycle,40.10462,-83.134341,,9.29,True,False,False
Veo,d6f1c4a9-3499-5bad-b9dc-ace08975c8f9,bicycle,39.981907,-82.982875,,24.06,True,False,False
Veo,726cd3bc-ad6d-5097-baaa-6c8dfe58bd5e,bicycle,39.939838,-82.972338,,27.44,True,False,False
Veo,b484e1d9-b38f-509a-a5ba-d358ff796878,bicycle,40.010314,-82.969545,,8.43,True,False,False
Veo,c53bd4f4-da8c-5d1d-b550-e227a6cda0da,bicycle,39.983722,-83.000128,,6.07,True,False,False
Veo,12db8942-fc69-56d1-a1bb-6de5cc066186,bicycle,39.999216,-83.016048,,24.84,True,False,False
Veo,c16db7d9-7f6c-5ad4-b863-138c99b93808,bicycle,40.090772,-83.048898,,25.94,True,False,False
Veo,e8889fd6-d3f9-554e-a722-e99d0c90d5b0,bicycle,39.955901,-82.945234,,2.55,True,False,False
Veo,507cd195-901c-50e7-b7b4-0524a493fc30,bicycle,40.011108,-82.974179,,25.34,True,False,False
Veo,9c23331a-c9d1-5355-abc0-97479da301fc,bicycle,39.938528,-82.969004,,27.02,True,False,False
Veo,454934e3-a1ae-5ff5-98a1-d45123a14135,bicycle,40.109153,-83.114871,,26.51,True,False,False
Veo,ae32a1aa-b252-52bb-9f57-a087c49fda4b,bicycle,39.982486,-83.020504,,8.43,True,False,False
Veo,c3ddcdc4-aaaa-53a7-93ce-256b59403f5e,bicycle,40.006717,-83.048112,,7.29,True,False,False
Veo,d818d59d-d5aa-552f-845a-e2814dc6a1a8,bicycle,40.021526,-82.971354,,18.19,True,False,False
Veo,68646170-d80a-5eda-a531-b89ac31453c4,bicycle,39.944465,-82.971973,,28.14,True,False,False
Veo,18522b2a-1b90-5061-9856-083bac737c1c,bicycle,40.006094,-83.008986,,15.18,True,False,False
Veo,b44a9cf2-861f-57b9-9c82-3d2891a3a706,bicycle,39.995585,-83.041321,,28.14,True,False,False
Veo,a9876707-ac72-5e6d-8494-7f66a810029e,bicycle,39.936231,-83.121609,,9.97,True,False,False
Veo,abddbf87-ab2b-581e-8e4c-4dbf10e0b25b,bicycle,39.936167,-82.960045,,12.52,True,False,False
Veo,e1722608-c102-560d-bc0e-a15c9d1c7c2a,bicycle,39.990336,-83.005513,,28.14,True,False,False
Veo,255228d9-fcb5-5c4b-b7c9-d1149b4befb8,bicycle,39.947719,-83.041282,,12.87,True,False,False
Veo,c06796c8-e3fd-5140-b087-84d2a1e5b181,bicycle,39.97562,-83.014974,,25.34,True,False,False
Veo,44e36575-d028-5651-9bb2-e1860c49b3c3,bicycle,39.975706,-83.012763,,6.31,True,False,False
Veo,1ce467ea-5dec-5a1e-abd5-ad16b15ed3d0,bicycle,39.95755,-83.011482,,13.86,True,False,False
Veo,095e2d71-4f2f-5a2e-bd37-97ae469aff34,bicycle,39.980135,-83.004962,,6.98,True,False,False
Veo,a87f0603-ae42-5c3a-9b16-5be8390345d5,bicycle,39.99352,-83.00902,,28.14,True,False,False
Veo,f4e839ff-03ae-5c92-813b-b09576fea304,bicycle,39.998401,-82.995862,,28.14,True,False,False
Veo,1e5fb967-4f22-5ea6-a4b0-e344114c492a,bicycle,39.995481,-83.040502,,25.34,True,False,False
Veo,9e279e20-97cf-5961-8c40-b9b9860a9e42,bicycle,39.993641,-83.038774,,8.78,True,False,False
Veo,cd14bd62-6587-594c-aa2e-2258d8e89d9d,bicycle,39.95602579,-82.94529177,,0.0,True,False,False
Veo,5f54f7ea-9c24-52d5-88cf-61a2de9fe626,bicycle,40.104319,-83.110577,,27.44,True,False,False
Veo,6883c9d3-6dfa-5346-9a95-d076971f6313,bicycle,40.092996,-82.952267,,6.31,True,False,False
Veo,0ba4d8ea-a059-5cfe-b460-7543332c100f,bicycle,39.978704,-83.004438,,26.78,True,False,False
Veo,9768ce0d-37c0-5356-ae89-e046bae65c77,bicycle,39.96418,-82.998369,,18.67,True,False,False
Veo,d891ac28-e211-530b-bef5-55d6bf44003e,bicycle,39.940442,-82.886731,,26.25,True,False,False
Veo,63f6a7fc-e091-599a-8818-ef8dd6601328,bicycle,39.986221,-83.000691,,28.14,True,False,False
Veo,3fd0306e-c02c-5da0-8340-6080f238579b,bicycle,39.987369,-83.023351,,28.14,True,False,False
Veo,9a0dfc5f-15d4-56cf-bb16-4b695d756876,bicycle,39.997854999999994,-83.007605,,28.14,True,False,False
Veo,7c06bd1e-15e7-54a5-814c-48fd6e914c54,bicycle,40.004056,-83.021049,,25.74,True,False,False
Veo,8f8de360-ea88-55bd-b8eb-909a6b9d39fa,bicycle,40.000359,-82.996595,,25.34,True,False,False
Veo,9d693d39-8c3d-5d5a-bf71-34ee277e93aa,bicycle,39.951406,-83.026797,,26.78,True,False,False
Veo,599c0389-c868-5fd9-b27e-9a99e2a714d8,bicycle,39.955505,-83.022164,,28.14,True,False,False
Veo,319b7576-1ebf-5f58-b023-c76cfce09812,bicycle,40.005446,-83.011453,,10.51,True,False,False
Veo,e2bcfeca-7761-5a4b-8c3b-62c0cc7884fa,bicycle,40.015679,-83.010979,,15.45,True,False,False
Veo,2ec882cc-fa24-5284-8f19-adeb89860db3,bicycle,40.032546,-83.017772,,27.18,True,False,False
Veo,ef24e399-b9f0-58ae-8cdf-e216fb979174,bicycle,39.961247,-83.016915,,26.78,True,False,False
Veo,deadc40a-cae5-545d-8779-ba501fca730f,bicycle,39.991043,-83.006308,,23.02,True,False,False
Veo,3d8f8de4-44e4-554c-85d7-6daafdbec290,bicycle,39.996052,-83.018389,,11.59,True,False,False
Veo,b67b843d-fb52-5dc3-be19-982d389109ad,bicycle,39.97222258566452,-83.00248472114673,,26.25,False,False,True
Veo,3bf5b5df-9a72-559d-977c-e5e777bf6f48,bicycle,39.995369,-83.014571,,24.84,True,False,False
Veo,dc9dde1a-c9f5-5128-9ddc-a757eed46580,bicycle,40.049078,-82.949912,,17.37,True,False,False
Veo,57093773-ad8e-57b8-ab19-169f9edb9abf,bicycle,40.005433,-82.945534,,14.61,True,False,False
Veo,122e8d43-68ff-56a9-9d56-b0865df91217,bicycle,39.95876,-83.034233,,27.77,True,False,False
Veo,3065ba6c-4bf3-57cb-8d2b-7dede7c627ed,bicycle,39.956645,-82.914251,,1.83,True,False,False
Veo,57289ead-1c71-597b-89db-a4c40abc6437,bicycle,39.995502,-82.973789,,28.14,True,False,False
Veo,d8237be3-f772-50ca-9856-80b2411c8950,bicycle,39.944112,-82.980599,,28.14,True,False,False
Veo,4d6611d4-b08b-5015-8ca7-142bb3fe57c7,bicycle,40.01604,-82.961185,,10.51,True,False,False
Veo,df51d947-79cc-5baa-b8e0-c41788bfaf50,bicycle,40.049917,-83.046753,,15.45,True,False,False
Veo,2ada9fdc-19eb-5550-9692-e98a43f58b70,bicycle,39.971758,-83.007469,,28.14,True,False,False
Veo,f861b67b-fbab-5e76-b19c-1c2165439f77,bicycle,39.93268,-83.062243,,22.39,True,False,False
Veo,f5fc82ea-a3b4-5c24-bd1a-3d075315d50f,bicycle,40.110003,-83.058017,,1.15,True,False,False
Veo,0f5d476f-1594-5f64-9508-2091c2cfae1d,bicycle,39.922605,-83.034491,,1.15,True,False,False
Veo,beb63491-1e3d-5aec-a9b4-7b9e58c3d6a1,bicycle,40.002759,-83.012121,,28.01,True,False,False
Veo,4b69f559-a644-521e-85fb-7c059e9e003d,bicycle,40.03373,-83.016506,,14.43,True,False,False
Veo,aab92b59-bd04-5362-9567-39c1f069a9c6,bicycle,39.967393,-82.971322,,12.52,True,False,False
Veo,d6795542-8056-5922-8192-fd68a5e3d9e5,bicycle,39.96081,-83.012597,,1.56,True,False,False
Veo,f625e171-c07b-577c-b9a1-e86824338aab,bicycle,39.94704731098506,-82.9993672282022,,24.84,True,False,False
Veo,7b89306a-05e3-5fa1-abc8-10504929a18e,bicycle,39.960178,-82.954223,,12.07,True,False,False
Veo,02f6d4aa-a611-5b7e-8b59-fd78f261beea,bicycle,39.943572,-82.996227,,12.52,True,False,False
Veo,59502b9e-1232-5d0b-98cb-169125d682ab,bicycle,40.001762,-83.024901,,14.43,True,False,False
Veo,6465a438-c348-5289-86f8-4ba6bac68522,bicycle,39.992976,-82.995165,,25.94,True,False,False
Veo,c27a4932-cf78-54c2-bbf2-ed248942cc76,bicycle,39.969003,-83.001055,,10.51,True,False,False
Veo,d3ee2306-19bb-59b4-930b-e4a0ebb1507b,bicycle,40.007636,-83.013139,,26.78,True,False,False
Veo,bb1e4e65-038f-5c05-8846-6ddaa474e5e5,bicycle,39.969028,-83.001199,,6.67,True,False,False
Veo,99612b26-ad94-5f40-a577-f3e34fc9f057,bicycle,39.960814,-83.010241,,28.14,True,False,False
Veo,e2d3d6ca-ce6e-5df8-b5f4-82d583086a3c,bicycle,39.957762,-82.969207,,25.65,True,False,False
Veo,dfe53bb5-6aa8-5d8a-8118-bab5da0dd8b5,bicycle,39.975318,-83.014649,,23.02,True,False,False
Veo,3f332203-9cf9-5fbb-ad43-ada68b0cd726,bicycle,40.000329,-83.048274,,25.12,True,False,False
Veo,b690ca41-7232-5503-8c24-eaf91f990dfe,bicycle,39.937563,-82.959656,,8.09,True,False,False
Veo,22ddf188-1b1d-5736-b805-1bcba7344bea,bicycle,40.061509,-82.913962,,27.44,True,False,False
Veo,a6fa59f7-f8f1-5efc-9326-2b49182eca8c,bicycle,39.974043,-82.958631,,9.02,True,False,False
Veo,bbee8e02-287e-52f0-a63a-3253085bfc2c,bicycle,39.991599,-83.000407,,25.74,True,False,False
Veo,5809c97c-3d3d-56e1-b102-f09c82a1af55,bicycle,40.005932,-83.018877,,8.78,True,False,False
Veo,d8de08ad-0ca7-58ae-be8b-3a2bca353b3b,bicycle,40.033697,-83.016551,,25.34,False,True,False
Veo,b01dbb0c-66e9-531c-a819-f37e8f57e197,bicycle,40.009078,-82.977204,,3.13,True,False,False
Veo,f87198ca-88fb-5c75-875b-0ae623f17b00,bicycle,40.103805,-83.110769,,1.15,True,False,False
Veo,e5d1a5be-114c-5f12-a91d-288bc47d6059,bicycle,40.03998,-82.966781,,28.14,True,False,False
Veo,412e5e2c-3838-5bc2-a1d8-8846ae6892a8,bicycle,40.038938,-82.998532,,28.14,True,False,False
Veo,18d30957-5456-593f-bfc8-05439315b01a,bicycle,40.0679,-82.934188,,11.34,True,False,False
Veo,44c5beda-f24c-5852-a8a1-48df17c1f81e,bicycle,40.042983,-82.927683,,11.59,True,False,False
Veo,18483061-f012-5120-b057-e88f0a411ecb,bicycle,39.990062,-83.005176,,13.86,True,False,False
Veo,74b94732-13c9-5f27-84d7-6c7e85ee76e6,bicycle,40.003728,-83.012962,,13.1,True,False,False
Veo,713a995b-890b-5e78-9b1e-4b19823c7cfd,bicycle,39.996478,-83.026603,,23.02,False,False,True
Veo,49c25be6-f3ec-564e-b0d5-8404fe86dcb0,bicycle,39.928239,-83.116669,,17.89,True,False,False
Veo,13e76122-747a-50e2-9a4b-76df20496031,bicycle,39.963219,-82.981368,,14.43,True,False,False
Veo,7e976c5b-dda4-55cc-9b36-42b5b67173ff,bicycle,39.939884,-83.068581,,25.12,True,False,False
Veo,b2e4ad8a-1549-5b01-aed1-e39332d0fd45,bicycle,40.004846,-83.012713,,16.39,True,False,False
Veo,834774e7-817c-52b7-b2cf-3c325d99c68e,bicycle,40.009941,-83.007276,,28.14,True,False,False
Veo,df23063e-ffcb-50cb-855c-536b52d5cacc,bicycle,39.945889,-83.00906,,25.34,True,False,False
Veo,0d202e81-61a4-5d5a-ad6f-72ab4a78f6f5,bicycle,40.006891,-83.002843,,28.14,True,False,False
Veo,8bee3ebd-1725-5868-a6a0-82b4723fd0b2,bicycle,39.985481,-82.948512,,20.37,True,False,False
Veo,027406cc-9a8b-5741-844b-86e4c0337f4c,bicycle,39.962978,-82.9499,,13.64,True,False,False
Veo,dae188d0-fccc-5040-861f-1eee4111d5df,bicycle,39.97044778815115,-83.00255027625089,,24.84,False,False,True
Veo,73d78b08-18bf-55ef-91c4-214e65e78a4d,bicycle,39.958205,-83.025047,,27.02,True,False,False
Veo,3848f4a5-0ddc-587b-a3ba-92efd102fc06,bicycle,39.970785,-82.890868,,21.49,True,False,False
Veo,0e97b75e-fd3c-5f41-b591-3c714ba19db0,bicycle,39.984028,-82.986923,,12.63,True,False,False
Veo,b7ebce82-f2c1-5597-9a8c-aaa9deae1338,bicycle,40.0169,-82.989789,,16.84,True,False,False
Veo,f6f9e3f8-5502-570d-ad5f-6eb719102927,bicycle,39.908133,-82.985604,,15.18,True,False,False
Veo,dfaa9cc6-d00d-5559-b008-fb2266c355f2,bicycle,39.953596,-83.032916,,28.14,True,False,False
Veo,207cbe10-cfd4-5bd7-a5b3-0cf9b3978f7b,bicycle,39.953634,-83.060998,,28.14,True,False,False
Veo,bc6f45c7-406a-5f0b-985c-b8483ecdc42a,bicycle,39.983906,-83.001916,,22.05,True,False,False
Veo,0b3f6d99-f882-5c43-8342-842d130d9b50,bicycle,39.978583,-83.008173,,21.77,True,False,False
Veo,96317222-fc18-5efa-beac-b31a9f79ae93,bicycle,40.002993,-83.01288,,28.01,True,False,False
Veo,ecffdd8c-791d-59bc-a5b9-d093124ffbdd,bicycle,40.037862,-82.969778,,2.55,True,False,False
Veo,2b5aa163-d062-5ab6-b2dd-b034e3181b16,bicycle,39.995635,-83.020898,,20.78,True,False,False
Veo,24e596af-35ec-5a2a-b9bb-851806cb86f8,scooter,39.993828,-83.013453,,24.33,True,False,False
Veo,9ee817c0-3487-5580-a05f-c9bf1f99ff9b,bicycle,39.974082,-83.000989,,21.49,True,False,False
Veo,53809263-2ad4-5777-bd7d-ccd95832b417,bicycle,39.922963,-82.959308,,27.18,True,False,False
Veo,ba2ec430-c84a-58dd-a59c-afc4ecd64892,bicycle,39.99982,-83.021336,,25.34,True,False,False
Veo,a822c203-6f1f-5237-9b25-0337763b684d,bicycle,40.009353,-82.94104,,13.86,True,False,False
Veo,e4bf7a03-1a94-52e4-b21c-e85cd40cb0de,bicycle,39.987087,-83.072229,,28.01,False,True,False
Veo,37c50a04-e28a-5df8-9776-8268b264d586,bicycle,39.989668,-82.996142,,18.67,True,False,False
Veo,bd657abd-0068-56ca-b744-9684375c27a1,bicycle,40.055102,-83.068918,,9.29,False,False,True
Veo,65b86893-d8a8-5184-b1ba-ff25658796e3,bicycle,39.991994,-82.998415,,27.77,True,False,False
Veo,52c6712f-153b-5467-83e8-e1b57b24d314,bicycle,39.993576,-83.009029,,13.39,True,False,False
Veo,50d82d7a-48f2-56dd-b344-33e7fe557500,bicycle,39.95751,-83.011372,,17.89,True,False,False
Veo,2b53af4e-ae9b-58d9-b18a-f47a7896af00,bicycle,39.954047,-82.939236,,28.14,True,False,False
Veo,f92d632e-8f42-5d19-88f6-823404733eb7,bicycle,39.92911,-82.987647,,28.14,True,False,False
Veo,8c5e8842-ecb6-586f-a1a6-6c0ecbaaa30b,bicycle,39.956406,-82.967624,,27.18,True,False,False
Veo,dcf6101c-1977-5c36-a28a-40709457f3c8,bicycle,40.012908,-82.974531,,9.02,True,False,False
Veo,c52b30df-953a-5a30-b43c-5d099f35a70f,scooter,39.95593270510013,-82.94530038227904,,0.0,True,False,False
Veo,969174e9-e67b-54cc-8ea9-50a25f500a67,bicycle,40.010319,-83.01342,,28.14,True,False,False
Veo,9ddd4afb-9cf4-516d-b5e2-95680c34ac1f,bicycle,39.908654,-83.045382,,13.1,True,False,False
Veo,638695c9-5bf9-5248-ba8f-7a9e9a75b666,bicycle,39.978522,-82.95761,,22.7,True,False,False
Veo,ca5645cd-9ce7-580a-945c-d4ee32b50620,bicycle,39.933232,-82.995631,,25.12,True,False,False
Veo,4532dcaf-82a8-57e8-bc72-c23178161980,bicycle,40.019698,-83.01377,,28.14,True,False,False
Veo,4350888c-8e44-5e48-8ec5-b5304254fc6c,bicycle,40.00023,-83.009926,,24.06,True,False,False
Veo,9b979a77-6fd8-509f-a517-700519ea6615,bicycle,39.957749,-83.033527,,10.31,True,False,False
Veo,8f51c928-235a-58ac-a4c9-26ec75b9e5ab,bicycle,39.99511,-82.994459,,27.77,True,False,False
Veo,4786aa5f-21b1-558f-ae9c-3a86bcd2106f,bicycle,40.019453,-82.945558,,28.14,True,False,False
Veo,5bdf4cb2-0b80-5e48-8947-fe7412626356,bicycle,40.003972,-83.01426,,14.43,True,False,False
Veo,99957a23-f446-5f88-8dd0-1f6a9b67633e,bicycle,39.985448,-83.003071,,23.02,True,False,False
Veo,4c712e68-71d5-59d7-bc2f-d4b8ad7cce9c,bicycle,39.93503,-82.97456,,28.14,True,False,False
Veo,9e68316a-9525-5d77-a745-b098acdfec52,bicycle,40.067312,-83.067123,,11.11,True,False,False
Veo,688d8624-2c26-5acb-b5b0-3fb45479429f,bicycle,39.939846,-82.982052,,28.14,True,False,False
Veo,a20c5e6b-9a75-58d2-8f76-cb855140a7b9,bicycle,39.97391,-83.009634,,16.39,True,False,False
Veo,66729bfc-9c25-59ea-9ea8-f9e269e8e69a,bicycle,39.939499,-83.000117,,28.14,True,False,False
Veo,8a6ff875-a019-5d1e-a498-526583e76002,bicycle,40.055346,-83.019639,,21.77,True,False,False
Veo,8cedbcd0-ff9d-5462-8bbc-07c9c021ebb1,scooter,40.030464,-82.930016,,28.14,True,False,False
Veo,7a2e9281-9e76-52c6-903b-900b7f70bb83,bicycle,39.968302,-83.091999,,19.78,True,False,False
Veo,664f49d1-6b1d-535e-9e91-3190eaf21478,bicycle,40.063747,-83.097347,,11.59,True,False,False
Veo,8e4d83c5-627a-5e69-9873-7028fb8c15d4,bicycle,39.95868,-83.01281,,28.14,True,False,False
Veo,4e6ffd71-0090-5fb5-9f2f-b43fe60df39d,bicycle,40.01113,-82.974254,,22.39,True,False,False
Veo,7fbb31be-0ba0-526c-821e-95c103f6daef,bicycle,40.006452,-82.973104,,24.33,True,False,False
Veo,b0c5c5d3-a2ec-52f3-b974-50e5dd722cf0,bicycle,39.95598352790699,-82.94526602930962,,0.0,True,False,False
Veo,8bf54b5a-9ee7-56be-98a5-d9b2322b34fe,bicycle,39.957283,-83.012634,,24.84,False,True,False
Veo,78e8c784-76b9-5870-9c7a-5e3d03987374,bicycle,39.979421,-83.010136,,25.34,True,False,False
Veo,5493fd75-b8e5-5eb9-b583-62555721cebb,bicycle,40.029564,-82.910661,,20.37,True,False,False
Veo,e9c1ce80-93bc-56b3-aec6-aebdbc9d0b80,bicycle,39.949415,-82.995299,,7.62,True,False,False
Veo,bf51091e-1b66-5dd3-bbf7-c34c94ded260,scooter,39.995466,-83.001709,,28.14,True,False,False
Veo,795ec510-03ff-5e8a-87be-88487a4af9c9,scooter,39.996467,-83.026643,,28.01,True,False,False
Veo,1941c69a-4ea7-5198-bff8-302761d10453,bicycle,39.956251,-83.026449,,23.02,True,False,False
Veo,131c3048-a236-514b-b6e0-8244a97a108e,bicycle,40.003955,-83.011126,,8.43,True,False,False
Veo,3b7a68b8-0708-5064-93ec-b99db17e37c5,bicycle,39.959357969233196,-82.98433756063041,,11.59,False,False,True
Veo,be5ed0f1-73cd-59a8-ae79-29aea50373a1,bicycle,39.965226,-82.968895,,25.12,True,False,False
Veo,4937c7af-7601-50f7-aed2-9e6764a6ec6d,bicycle,39.963868,-82.980071,,28.14,True,False,False
Veo,ef742c4c-f84d-5ef9-b660-ff47e275aae0,bicycle,40.005404,-83.010756,,25.65,True,False,False
Veo,4932e7dd-fdbc-5614-86a8-42ae35c87646,bicycle,40.002647,-83.016827,,25.65,True,False,False
Veo,6adf5ece-8dfd-51bf-83f8-e35f61b05f66,bicycle,39.97745,-83.002703,,22.39,True,False,False
Veo,bef470f1-c100-5d3d-800a-216a51a7a7d0,bicycle,40.060698,-82.957288,,28.14,True,False,False
Veo,4f43e862-cc82-5807-beef-f42f99f0090c,bicycle,40.009809,-83.010097,,5.27,True,False,False
Veo,608f1069-eca1-5ac3-9abf-d5978b9c21e2,bicycle,40.109441,-83.111272,,13.1,True,False,False
Veo,caedb6d4-aaae-5da2-b8f4-d9496d3ab88f,bicycle,39.953676,-82.974699,,28.14,True,False,False
Veo,dbc5dab9-4c85-5b30-ad3e-3153db7d4d13,bicycle,39.996423,-82.983189,,12.52,True,False,False
Veo,f84d4c65-70ba-5cfa-af0b-2a454de7ebd2,bicycle,40.015726,-82.960869,,28.14,True,False,False
Veo,823e5935-a5ce-56ee-9a9d-b0a9245a2642,bicycle,39.918177,-82.974262,,28.14,True,False,False
Veo,f9d8f421-4468-57cc-8342-dfc30ffee0ba,bicycle,39.994648,-83.03068,,11.11,True,False,False
Veo,e8e7130a-d586-5ccf-98bf-b3c126f87f85,bicycle,39.95097,-82.954959,,28.14,True,False,False
Veo,32897e89-a17c-5de8-ac15-a770623b1ca9,bicycle,39.92316,-82.983257,,4.92,True,False,False
Veo,0de2bb3b-b719-53d7-afcb-505221ac3ef8,bicycle,39.949051,-83.032847,,11.11,True,False,False
Veo,b60916db-1603-5837-8c61-7782a8ecb90c,bicycle,40.006643,-83.008972,,28.14,True,False,False
Veo,a92e6d24-95a8-5d42-9068-28977a1cf7b2,bicycle,39.996289,-83.016894,,13.39,True,False,False
Veo,c1e5ce5f-90e5-50a2-a353-8c3b1e791377,bicycle,39.95218,-83.105688,,14.17,True,False,False
Veo,fa1b358d-e757-5af2-adc0-28b311caa6a1,bicycle,39.970331,-83.108029,,25.12,True,False,False
Veo,c25a695b-c5c5-5778-a53e-873c4735f5c2,bicycle,40.010185,-82.981177,,12.07,True,False,False
Veo,fea81804-d3a1-5804-9c17-ff3f9bef50c1,bicycle,39.891111,-82.96752,,13.64,True,False,False
Veo,2f32d5f7-8310-5c84-8059-ff1002b5bbe9,bicycle,39.917405,-83.087989,,13.39,True,False,False
Veo,9a214997-df0c-512c-9074-e914d3294d85,bicycle,39.949402,-82.99894,,25.34,True,False,False
Veo,41c5d3e1-4bca-5c9b-94d5-c1f361d89bee,bicycle,40.031233,-82.997864,,28.14,True,False,False
Veo,3c5e7e94-1ae0-5b26-a2ef-d60c61425c44,bicycle,40.033735,-83.016518,,14.17,True,False,False
Veo,ca2e6a48-fcf0-5f02-a802-553e685fc7f1,bicycle,39.99557239543317,-83.00436817380032,,28.01,True,False,False
Veo,d7de72b7-8fe4-5908-8d93-11ec10d7cba6,bicycle,39.995287,-82.996005,,12.52,True,False,False
Veo,60b13f16-0dcf-5288-8b63-37f7f03ca219,scooter,40.000162,-83.018898,,28.14,True,False,False
Veo,af8d2774-42b2-5800-b04f-6e1f2ba93fbb,bicycle,40.032141,-82.943494,,14.61,True,False,False
Veo,0406c2ac-40b8-5223-b5d1-df4b8d2b4db0,bicycle,39.978434,-83.020859,,17.89,True,False,False
Veo,ad710e3f-5f21-57ad-99d3-74ce7efa6588,bicycle,40.030447,-82.973552,,18.19,True,False,False
Veo,5a2ca3f0-c800-5e2f-a115-67508b145a4a,bicycle,40.005325,-83.010759,,21.49,True,False,False
Veo,346edf85-bd9c-566d-aa79-f0b8c7a7e7cc,bicycle,39.908613,-83.045326,,27.18,True,False,False
Veo,ce81257c-de5d-51aa-b097-73e6fe65411f,bicycle,39.958826,-83.000061,,17.89,True,False,False
Veo,75ae3398-6443-5fae-a5da-c5aa40ec2743,bicycle,40.011965,-83.003636,,11.34,True,False,False
Veo,50ac6237-ed10-505b-aea2-99a9f366d97e,bicycle,39.998987,-82.9862,,26.51,True,False,False
Veo,455cdab7-ff8b-585d-9cbc-b269ca5aeb60,bicycle,39.946079,-82.953636,,28.14,True,False,False
Veo,31eac449-eec3-5906-bd48-24fa0bacf31e,bicycle,40.001289,-83.003765,,28.14,True,False,False
Veo,73da6590-e2cb-5b5d-b432-774593d215d6,bicycle,40.023122,-83.017459,,8.78,True,False,False
Veo,e4ebe541-d6c0-5ea9-aa70-452557f507cb,bicycle,40.0327,-82.99153,,16.84,True,False,False
Veo,999353f8-9e54-5939-bde4-43ce4a289a84,bicycle,39.985131,-83.014754,,1.83,True,False,False
Veo,9b31e764-6c92-5a45-b927-2c3298b46d7a,bicycle,40.05268,-83.04239,,26.51,True,False,False
Veo,05d92f99-46cd-57de-a331-42064054aa81,bicycle,39.994501,-82.981005,,28.01,True,False,False
Veo,0ece105a-187b-5141-9925-af9d28830576,scooter,39.965285,-82.964576,,28.14,True,False,False
Veo,25ff6cd1-47f8-51e7-80f4-866cbfff836f,bicycle,39.995778,-83.03002,,15.18,True,False,False
Veo,44bba088-5ddb-5a8a-b317-4b90e8cc3481,bicycle,40.000288,-82.973734,,13.39,True,False,False
Veo,174ae944-5345-540e-ae7b-28fa7d71dafd,bicycle,40.010175,-83.003071,,17.89,True,False,False
Veo,6d401c7c-9a76-50fd-a376-136a73fdf840,scooter,39.957987,-83.007698,,27.77,True,False,False
Veo,222fdffb-ae51-5dcb-ad30-a4c7cd4decfb,bicycle,39.948324,-82.99789,,8.43,True,False,False
Veo,7cbfc566-4100-5ab0-9bcc-08579ca4cf89,scooter,39.92831,-83.06586,,27.77,True,False,False
Veo,9acc27a3-3d48-50a6-9862-7468d5110dfd,scooter,39.961204,-83.098307,,14.17,True,False,False
Veo,90474988-88a5-54af-8fba-1cdac240c1a5,bicycle,39.961082,-82.993268,,25.12,True,False,False
Veo,2285b403-3eb1-5686-a8c8-cad876d2ac63,bicycle,39.978161,-83.00165,,13.1,True,False,False
Veo,7da1e231-2f5a-5e15-beb6-d92d70ceff9e,scooter,40.0056,-83.010454,,12.52,True,False,False
Veo,a8fe4bb0-ab02-52fd-91bd-510e2a9db855,bicycle,39.922651,-83.034507,,13.86,True,False,False
Veo,5f747b1c-c44c-5f0f-8215-ff4b53495f73,scooter,39.985292,-83.051572,,13.64,True,False,False
Veo,e111bd5b-d782-5738-827f-2e37ee3e571e,bicycle,40.016958,-82.950818,,28.14,True,False,False
Veo,5bf0888c-3581-5ca0-8556-4dcb1983dd86,scooter,40.014609,-83.011067,,27.02,True,False,False
Veo,a6b5943c-b52b-5908-8c11-a413523445b4,bicycle,40.007663,-83.013159,,28.14,True,False,False
Veo,df4ae86f-abc3-5d0c-be41-c9b2136600ea,scooter,39.97437,-83.02237,,25.94,True,False,False
Veo,194291cd-20fb-5a8b-ab74-2176ef69d3bc,bicycle,39.956306,-82.987372,,24.06,True,False,False
Veo,52d38e5a-2539-5acb-a468-23c10401be50,scooter,40.004559,-83.013479,,24.06,True,False,False
Veo,e03e6b03-d296-5a33-8faf-848625cf6ad6,bicycle,40.019743,-82.955348,,10.79,True,False,False
Veo,b4ee0332-634b-5c05-8166-9cf70d8e22d0,bicycle,39.993233,-82.983016,,28.14,True,False,False
Veo,809a4ce3-cf21-5f6a-a414-b2b50a461ff8,scooter,39.982908,-83.019969,,14.17,True,False,False
Veo,59e43e69-32c7-5b9c-ae19-38736e120ed0,scooter,39.988137262897084,-82.99607458462063,,21.49,False,True,True
Veo,8dba504e-f68b-54a2-b6dc-3627a2c0b873,bicycle,40.00277,-83.014618,,27.77,True,False,False
Veo,b52dc63a-cc2c-59a4-875a-e387c5519a26,bicycle,40.016073,-82.954459,,24.84,True,False,False
Veo,7ed5ebb5-687d-5168-ad47-6ef9aaaab8a3,bicycle,39.969427,-83.011926,,25.94,True,False,False
Veo,02ce5339-f47a-532b-8fcb-34e8ca31907b,scooter,39.998412,-83.016593,,12.52,True,False,False
Veo,7763d025-c90f-570c-93e7-7aa8834bc8a8,bicycle,39.968613,-83.075667,,3.13,True,False,False
Veo,83e62619-bade-5046-837a-2ba8ece33eb6,scooter,39.935157,-82.91366,,12.63,True,False,False
Veo,60438557-7c56-58fb-9a0d-085cac07f37d,bicycle,39.950933,-83.002794,,24.06,True,False,False
Veo,24b5c4ff-4066-5054-9c9f-e50bbe12880c,bicycle,40.01619,-82.962,,23.02,True,False,False
Veo,5db0a548-ec25-5f3f-860c-2c77aa9de98b,bicycle,39.94947,-83.000718,,22.05,True,False,False
Veo,031db38d-3413-5da8-b25e-86c78c13e552,bicycle,39.949156,-82.964174,,15.18,True,False,False
Veo,f1d330b1-97fd-557e-a1c8-0a4dd4f99530,scooter,40.00493,-83.015487,,25.74,True,False,False
Veo,d60d2cbb-0782-59ab-acae-5aae86669e62,bicycle,39.940072,-82.976374,,21.77,True,False,False
Veo,e8a3cc91-8512-59ce-864c-f2847e820c81,bicycle,39.970525,-83.001029,,27.44,True,False,False
Veo,d0d54bdf-e94f-590d-b912-cffced03b757,bicycle,39.933978,-83.013844,,11.11,True,False,False
Veo,0ec69d8d-807e-57a6-b3b8-38be4df8271e,bicycle,40.10191,-83.114206,,28.14,True,False,False
Veo,ff9f286c-f2af-5b27-9916-e49ab850e899,bicycle,40.097979,-82.925082,,10.79,True,False,False
Veo,a3c7e4cd-bdd7-595f-b067-11d123313946,scooter,39.929416,-82.993531,,28.14,True,False,False
Veo,040861c9-4e21-59d9-ab40-f6bf8c3f9faf,bicycle,39.947831,-82.967356,,27.77,True,False,False
Veo,d90bc5de-0700-512c-b199-f0da612415c4,bicycle,39.949253,-83.052693,,28.01,True,False,False
Veo,ce3b5768-4802-5f0c-8f44-4be206c4c4e8,bicycle,40.014568,-82.988266,,27.77,True,False,False
Veo,b615ecc9-a000-5641-bc91-523cb4574584,scooter,39.906191,-82.985909,,22.39,True,False,False
Veo,c61ee4a5-1133-5ed4-8e98-545c70ee0c65,bicycle,39.9966,-83.026988,,28.01,True,False,False
Veo,7c1206cc-f8b6-52d0-904f-8a83da2e74ff,bicycle,40.032698,-82.99148,,28.14,True,False,False
Veo,a36457b2-d421-54a0-9516-b6010a98d79d,bicycle,39.994026,-83.006785,,15.89,True,False,False
Veo,0b9adc38-262a-537d-acff-4ef9d4e41e10,bicycle,39.997674,-83.030077,,12.87,True,False,False
Veo,02dc7ffd-f741-5aee-80fc-f9fe68d9505f,bicycle,39.986768,-83.009441,,28.14,True,False,False
Veo,076ab921-67d0-5b83-b2c7-fe22dc64d96f,bicycle,39.937531,-82.950533,,22.7,True,False,False
Veo,32fa8743-11d1-59c7-872b-354472971fb8,bicycle,39.971654,-83.007962,,25.74,True,False,False
Veo,044ec157-41f6-5087-9ce4-9dca9d5eb5f2,scooter,39.998123,-83.021908,,13.1,True,False,False
Veo,accc9322-18df-5362-9093-7d37ff38d40c,scooter,39.935171,-83.118963,,0.33,True,False,False
Veo,afe6553b-6210-5b4a-b5cf-73e1ab7b0356,bicycle,39.960709,-83.012524,,25.65,True,False,False
Veo,3a7483c8-d458-5bae-a7db-add76577da39,bicycle,39.978563,-83.019456,,27.77,True,False,False
Veo,a9d76cf2-52f7-5ba1-95a6-3d5559833d15,bicycle,40.038842,-82.995509,,26.25,True,False,False
Veo,1a6b094c-0e76-5357-8e5d-107ff628a453,bicycle,39.994117,-83.002277,,15.18,True,False,False
Veo,86298a5b-615c-5281-9924-6979c504ce75,bicycle,40.031605,-83.020254,,9.29,True,False,False
Veo,9735141b-4968-59d8-9aa7-e343faf8ef79,scooter,40.003813,-83.012995,,25.12,True,False,False
Veo,ac5c301b-7cc1-5e8c-88f1-c833deebfba9,bicycle,40.004009,-82.973199,,15.18,True,False,False
Veo,f445026e-cba6-551b-9363-a4e078f53f43,bicycle,39.951623,-83.111091,,12.07,True,False,False
Veo,7a141368-b9be-5a5d-b511-39a14c17e3a2,bicycle,40.012049,-83.010797,,1.15,True,False,False
Veo,de49313f-d06c-5bcd-b96c-244a2f63a4bc,bicycle,39.985171,-82.990933,,11.11,True,False,False
Veo,bf031b25-1102-5f32-8458-0ece97722d08,scooter,39.964826,-82.908477,,3.67,True,False,False
Veo,c07450ec-6c1a-5bfa-8f4f-3c28c3d2ef41,scooter,39.971262,-83.002447,,28.14,True,False,False
Veo,4240f662-b390-5ffa-9759-da5a7208eb5a,bicycle,39.945919,-82.961026,,27.02,True,False,False
Veo,0e625c13-2afd-5570-82a7-387197d7b05a,bicycle,40.074812,-83.101391,,12.87,True,False,False
Veo,2fb8adfe-8dab-5fc5-a08e-e16b6f1bff00,bicycle,39.951425,-83.026721,,7.62,True,False,False
Veo,b7890855-da8d-5651-84a0-db57cc45b93b,scooter,40.005123,-83.027766,,28.14,True,False,False
Veo,6af8af74-ae98-5b09-9f54-82c0990a4c5e,bicycle,39.938087,-82.950766,,27.44,True,False,False
Veo,b14815b1-e548-589c-8c7a-32a7c5ef1e56,bicycle,39.99677,-83.000686,,26.78,True,False,False
Veo,a06ab260-1a63-52c5-b323-650efa0c7b1c,bicycle,39.932807,-82.997211,,27.77,True,False,False
Veo,e01b55bd-599c-594e-b6eb-8902aeca50ce,scooter,39.985271,-83.005288,,12.87,True,False,False
Veo,7229203c-5ea7-5d47-a980-363631e26c4d,bicycle,40.099289,-82.994356,,9.65,True,False,False
Veo,24be0830-7315-5a52-9f27-d76074926263,bicycle,39.927357,-82.979142,,27.77,True,False,False
Veo,1ab43e1b-75ea-5369-9201-74a00968bf49,bicycle,40.102096,-83.110809,,28.14,True,False,False
Veo,a6aab992-0300-50b4-97c8-c2228ba0ed39,bicycle,39.967522,-82.975138,,17.89,True,False,False
Veo,39fb5e02-319a-5673-9b27-f33079fc2c78,scooter,40.015685,-83.011166,,22.39,True,False,False
Veo,09be5cc1-d0ea-532d-b6fc-5fc75f20d793,bicycle,40.021532,-82.984563,,18.67,True,False,False
Veo,f5a17572-2779-5db9-be06-1424365be5cf,bicycle,39.973654,-82.977547,,21.49,True,False,False
Veo,82044f15-dbfa-5e0b-ac70-1d2752e6a64c,bicycle,39.897374,-82.976822,,15.18,True,False,False
Veo,522f2660-4be3-5d91-860a-6f00e155bc05,bicycle,40.001348,-83.003801,,28.01,True,False,False
Veo,7e3bd8d7-3936-5249-aa5e-fb8ad9827e87,bicycle,39.950806,-82.859388,,28.14,True,False,False
Veo,c875e636-6f91-5eb0-a43d-b491d890a3b7,bicycle,39.95176,-83.034476,,12.52,True,False,False
Veo,5b3108ba-83d7-51ac-a522-9b0a4d0a56e9,bicycle,39.975488,-83.012702,,24.33,True,False,False
Veo,f9e304d5-8283-57b3-885c-f19637ac005e,bicycle,40.028785,-82.930663,,22.05,True,False,False
Veo,887f318b-d663-528b-ad88-eb5315098d31,bicycle,40.087204,-82.984137,,25.94,True,False,False
Veo,91d5bfff-c6d7-55ad-b0cc-92cfb4a9a179,bicycle,40.003908,-83.013067,,16.84,True,False,False
Veo,e1aa0184-538a-503e-a2a1-3ab7e97c5db9,bicycle,39.944242,-83.043393,,25.34,True,False,False
Veo,ebadc0bd-832b-593f-b6de-5ab8cc7adc85,bicycle,39.994963,-83.005864,,26.51,True,False,False
Veo,0172cfe0-1bbe-58ec-b9a4-529de933bbfe,bicycle,39.987461,-83.030561,,3.48,True,False,False
Veo,2b9ecbde-63e8-5340-aa2b-1173d01ed792,bicycle,40.026049,-83.017647,,22.7,True,False,False
Veo,39fec00a-6510-5c79-b0f1-5efb67d9b387,bicycle,40.001868,-83.005678,,28.14,True,False,False
Veo,ebfd885a-ba47-597c-9322-525075789bde,bicycle,40.006057,-83.007578,,13.64,False,True,False
Veo,e35f4e15-fc11-5221-b12d-f1fc115cfb51,bicycle,39.951941,-82.961728,,17.37,True,False,False
Veo,be3e48ef-5703-596e-af00-a5e21382bbde,bicycle,39.987474,-83.009472,,17.89,True,False,False
Veo,fdb65774-2e57-51b6-9d40-81561bc19928,bicycle,39.949578,-83.000764,,20.05,True,False,False
Veo,05a99ebc-c2f2-54c5-bc57-f7e6b59f8c29,bicycle,39.957071,-82.989245,,22.05,True,False,False
Veo,c680233b-82fc-5e27-9511-d5a939ad0763,scooter,40.012444,-83.026498,,17.37,True,False,False
Veo,4f0b0210-67c1-5f2a-b719-73fe3f48ff5c,scooter,39.964041,-82.998415,,14.61,True,False,False
Veo,d0120b2b-cb18-5c81-b44b-b64af2709fdd,scooter,40.002769,-83.018113,,25.74,True,False,False
Veo,37a20612-aaff-570e-9f5d-ef79ecedd1dd,scooter,39.993140000000004,-82.98224333333334,,28.14,False,False,True
Veo,8426de48-42b1-5557-a9f7-020c1dc92d54,scooter,39.995966,-82.999983,,21.15,True,False,False
Veo,25519352-d7f5-561a-a69e-eedfbc70ce39,scooter,40.000339,-83.025856,,13.86,True,False,False
Veo,c485c56c-114b-5c72-ad1c-984e130be3ae,scooter,39.950189,-83.000818,,11.83,True,False,False
Veo,53ace6b6-2f6e-5cfe-94cb-2c834a43836c,scooter,39.961274,-83.042492,,14.86,True,False,False
Veo,db515304-7ab5-5f32-bcd9-a22877404963,scooter,39.957402,-83.011354,,17.89,True,False,False
Veo,f5b35b2c-f157-5c5e-a825-5cd8a04f1e22,scooter,40.00036,-83.013112,,17.37,True,False,False
Veo,b7d5758d-897b-50cf-b582-300d900ab93e,scooter,39.96503,-83.004323,,28.14,True,False,False
Veo,5aa81bea-f00b-556c-ac97-d6660ca9e5f9,scooter,40.005579,-83.01147,,28.14,True,False,False
Veo,0bc2f49f-8eae-5a39-8a55-ed81459ad0fe,scooter,39.915842,-82.888183,,25.94,True,False,False
Veo,80375ec0-4bc9-59fc-be30-cfc68a077401,scooter,40.003931,-83.011164,,28.14,True,False,False
Veo,415be11b-6959-553f-aec8-a7d9a74b00b7,scooter,39.926017,-82.992553,,24.33,True,False,False
Veo,8cd2084a-3f79-570d-9a53-6a8f9ddfb220,scooter,39.957343,-83.03255,,28.14,True,False,False
Veo,4c1039b0-295c-52b3-bd86-b26543c54e03,scooter,39.989974,-83.026594,,27.44,True,False,False
Veo,5a8e696b-36ce-54e1-beee-43f173fcfcb5,scooter,40.006261,-83.019332,,14.43,True,False,False
Veo,9866add4-a469-5578-98c5-07b66e79153a,scooter,40.001462,-83.0154,,14.17,True,False,False
Veo,7470b631-bf22-544a-a017-ac541d6ba703,scooter,40.011946,-83.003667,,14.61,True,False,False
Veo,478c0af6-0668-5b17-8868-5d5338406abd,scooter,39.953703,-82.940796,,23.33,True,False,False
Veo,82af38e8-44b5-5697-8475-5ad5d8553d14,scooter,39.946727,-83.067467,,3.48,True,False,False
Veo,9c5e63f8-8dc9-54ea-9f4e-aa0b8cb52020,scooter,39.997538,-83.002049,,22.39,True,False,False
Veo,bc8dd31a-b43a-5616-aa7f-00e76e45cccb,scooter,39.986188,-83.004166,,13.64,True,False,False
Veo,1067a6b9-0721-5419-a60a-06c90ec8476e,scooter,39.996223,-83.011168,,14.61,True,False,False
Veo,001418f8-c806-530f-b3ec-72e2659e1f2f,scooter,39.977838,-83.009033,,15.89,True,False,False
Veo,1abbbde2-6c27-5685-91aa-205d7fda4450,scooter,40.003801,-83.012966,,24.33,True,False,False
Veo,49f988d4-103f-55b1-a67e-e54268c2729b,scooter,40.065918,-82.967138,,28.14,True,False,False
Veo,ff474995-6ccd-5dda-a59d-eebf7a21c405,scooter,39.930508,-82.978432,,22.7,True,False,False
Veo,372f9ec3-67fb-56b3-9aed-095e798259cf,scooter,39.949028,-82.998064,,28.14,True,False,False
Veo,77ed4070-912d-56d7-8797-988912aebfa7,scooter,39.995435,-83.010437,,25.34,True,False,False
Veo,6f20831d-53ff-57bc-a773-8652c16bb90a,scooter,39.961409,-83.006415,,28.14,True,False,False
Veo,89196d64-ccb4-5a1d-bdfd-9250280f9ef9,scooter,39.940478,-82.983466,,28.14,True,False,False
Veo,da18576b-17af-59d0-a2ac-3f50b8055d94,scooter,40.003399,-83.012964,,19.05,True,False,False
Veo,9e076a6b-bb59-509f-be5c-c85f83bde3ae,scooter,40.021405,-83.027607,,27.02,False,True,False
Veo,fb355da0-765f-5f0a-97fa-539f6f8b1e01,scooter,40.008214,-82.998241,,9.02,True,False,False
Veo,28fbe6e4-d183-5093-9c0c-f08d1678ec07,scooter,39.927673,-83.070286,,19.78,True,False,False
Veo,df979a93-8918-5b69-b88e-df8cbe184aec,scooter,39.993334,-83.006839,,6.07,True,False,False
Veo,6bc5e599-ffd9-51a1-9b0e-1e848686c911,scooter,39.980951,-83.00311,,28.14,True,False,False
Veo,9cd74ab4-6839-5d8a-85e8-1e7071325ede,scooter,39.949587,-82.971846,,24.06,True,False,False
Veo,fdac3b15-34f8-5eb1-b738-ed0581fc807b,scooter,39.956133,-83.003081,,27.02,False,False,True
Veo,2cde3b94-79cd-526d-b322-f3826bcbd1bf,scooter,39.947119,-83.056813,,28.14,True,False,False
Veo,ca9753f0-a81d-592f-9237-1c811cc7f108,scooter,39.97028,-83.09736,,5.83,True,False,False
Veo,0d0b8e66-ac7a-5ca1-8986-22605d18f08b,scooter,39.997004,-82.92976,,24.33,True,False,False
Veo,59801e32-1d50-58cc-99e5-e6ffaf06a22f,scooter,39.969015,-83.007601,,28.14,True,False,False
Veo,23f3e584-b5b9-5678-86dd-e5f3d09214ba,scooter,39.986172,-83.036368,,27.02,True,False,False
Veo,c5a13ecf-7a4f-5ab8-84dc-5d40f0d34f7b,scooter,39.996841,-83.011857,,17.89,True,False,False
Veo,9ee2e486-f846-5aaa-b740-3cbccb421dad,scooter,39.988044,-83.023903,,28.14,True,False,False
Veo,600d10bf-005b-59f5-ba03-61e721514f59,scooter,39.975053,-82.883583,,18.67,True,False,False
Veo,419f23f5-e428-5956-9ea8-5a150063ab85,scooter,40.001315,-83.003686,,28.14,True,False,False
Veo,d9450785-2ba3-5b73-8802-ceae2ffce15a,scooter,39.974402,-83.02229,,15.89,True,False,False
Veo,e4b3fd1f-9b67-523c-8bf1-4d285bc2dff1,scooter,40.001234,-83.003833,,28.14,True,False,False
Veo,77d18e92-f56a-518f-9f4d-18aef7adc142,scooter,39.955906,-82.945427,,28.14,True,False,False
Veo,05af756e-8f27-5ec2-aec8-0fe411d02bd6,scooter,39.996885,-83.002344,,14.17,True,False,False
Veo,9c3581eb-5f4b-5a86-99d6-5c089753a692,scooter,39.99763,-83.018589,,14.61,True,False,False
Veo,17d63d74-1efb-5170-a9c2-a93bb4801427,scooter,39.98343,-83.016913,,19.05,True,False,False
Veo,fd08784d-0843-507e-921d-130b9b5e687e,scooter,39.958908,-83.008412,,24.06,True,False,False
Veo,8b3a2b12-88e9-5b07-8c9b-d2b8a4978fef,scooter,40.007829,-82.998725,,28.14,True,False,False
Veo,98219f54-726d-5c19-858b-9d9848ca697d,scooter,40.003922,-83.011126,,12.52,True,False,False
Veo,3aec265a-53a5-58a9-8e4c-2120b528f933,scooter,39.944713,-83.016505,,25.34,True,False,False
Veo,5593b666-b49c-5b76-84ca-65f56315889e,scooter,39.998607,-83.014363,,12.28,True,False,False
Veo,a76c2726-f054-5d26-9cf9-538fe0ae9c00,scooter,39.96806,-82.998029,,15.89,True,False,False
Veo,fd5de06c-274e-51fc-9cd2-cf96038d9ef7,scooter,39.97400504143289,-82.97935550527527,,22.7,True,False,False
Veo,8654cbaf-78c1-5604-9474-b3166beca4d6,scooter,39.971241,-83.048757,,15.18,True,False,False
Veo,46065ba5-a9ff-593c-af61-f83e4ac3269c,scooter,39.978732,-83.004548,,24.06,True,False,False
Veo,248637f8-42d7-5cbc-89d1-0659adb2b664,scooter,40.007242,-82.998342,,27.77,False,False,True
Veo,dc5098f9-a98c-5529-bd93-5dc4c6bbdb97,scooter,39.969099,-83.013469,,28.14,True,False,False
Veo,c0dcc8ce-4932-50f7-b2e3-05e4d4f3cfe2,scooter,39.970412,-83.002554,,26.25,True,False,False
Veo,b71914ae-e5d9-5d79-988a-ea8f4f314120,scooter,40.004949,-83.013437,,13.86,True,False,False
Veo,fba99309-4977-5a81-b4e5-68a6f74b9933,scooter,39.984431,-83.02443,,28.14,True,False,False
Veo,b2208081-e167-50a0-8360-99641472f119,scooter,40.003008,-83.027231,,25.12,True,False,False
Veo,b4954f43-c1a2-58d3-8793-65bebf60971d,scooter,39.937489,-82.975436,,23.02,True,False,False
Veo,b91eb070-41c0-507f-b444-12fd1e050b86,scooter,40.005617,-83.011618,,28.14,True,False,False
Veo,4464eff6-9a75-5f5f-85fa-a9c082dc5472,scooter,40.000713,-82.986362,,28.14,True,False,False
Veo,5b716187-c8bd-5eba-a6bd-1b08c0a7611f,scooter,40.040791,-83.029292,,19.78,True,False,False
Veo,55761fc3-4bd8-50c5-829e-145200b6af84,scooter,39.965034,-82.992529,,28.14,True,False,False
Veo,062c328d-4e5c-5462-97c3-44d893c8a545,scooter,40.003577,-83.014796,,21.15,True,False,False
Veo,851a91f9-9616-53c9-a256-1fdf58dee05d,scooter,39.976731,-83.000619,,14.17,True,False,False
Veo,4a593133-eb78-55c7-96e1-af592741c0c5,scooter,39.978642,-83.004673,,9.02,True,False,False
Veo,e922b4a9-660e-5596-9c93-0ba17449aede,scooter,40.027168,-83.025595,,13.64,True,False,False
Veo,68e4e4e6-6a26-5eee-afee-67dd93d6b645,scooter,39.994096,-83.013368,,28.14,True,False,False
Veo,e5580aa6-9eb0-57ae-8a4e-9dec13e2357f,scooter,40.002963,-83.020094,,28.14,True,False,False
Veo,398bd72b-4b80-5740-9e0e-d13f0bec70b6,scooter,39.949345,-82.916068,,27.02,True,False,False
Veo,40eab84d-6fb9-5034-98cf-16542a4e78ec,scooter,39.996412,-83.016651,,28.14,True,False,False
Veo,3ae28a5d-6051-5863-8235-e58186ae7dad,bicycle,39.949352,-82.99728,,18.67,True,False,False
Veo,f12b99e9-e8df-54f6-8b27-ffff2841108a,bicycle,39.937838,-82.964042,,28.14,True,False,False
Veo,3a6aeb76-00de-585a-8a5d-5a9d2bade063,bicycle,39.928637,-83.063621,,1.15,True,False,False
Veo,1bf14885-cb55-5c83-bbe1-f5d8efa0e58e,bicycle,40.006899,-83.002833,,23.77,True,False,False
Veo,a78c2406-74b9-5c13-9c2b-7f1030deb897,bicycle,39.977895,-82.963869,,8.78,True,False,False
Veo,e2c6de18-fe24-56ac-b241-1c3534ac189f,bicycle,40.037891,-82.969861,,19.39,True,False,False
Veo,fa43ea07-ddfb-5759-bce2-1d23d78f1244,bicycle,39.974321,-83.022823,,15.89,True,False,False
Veo,0d2bcc54-8892-5a0d-a782-154f31b80e86,bicycle,39.979477,-82.94599,,6.07,True,False,False
Veo,091c6180-a480-528a-9fbf-96cea5c7e325,bicycle,40.01732,-83.02399,,13.86,True,False,False
Veo,71730ea2-1d1d-5170-9ecb-832ac3751290,bicycle,39.95895,-83.013182,,16.84,True,False,False
Veo,d4830e5d-d4a6-542d-9366-2ec261d000a7,bicycle,39.999791,-83.003838,,24.84,True,False,False
Veo,4d44b316-47c6-5461-9de7-d3f0eeb48b19,bicycle,39.998406,-83.017325,,15.18,True,False,False
Veo,f2b6df18-66db-5a96-84cc-67982468e092,bicycle,39.977221,-82.977837,,28.14,True,False,False
Veo,3d877a17-3711-56c7-a42a-6a599f65f5de,bicycle,39.962691,-82.976905,,17.37,True,False,False
Veo,e502027c-c91e-5366-a9df-69f3b7f6b55a,bicycle,39.990219,-83.005503,,19.78,True,False,False
Veo,b21c6a96-3fb3-5497-a5e1-a59230854119,bicycle,39.943789,-82.983162,,15.45,True,False,False
Veo,0690e3e3-950c-5f8d-bd64-0b9d37ab92e8,bicycle,39.955849,-82.945371,,26.78,False,True,False
Veo,21b6499c-4a33-56e2-b9de-9043276d84f5,bicycle,39.957734,-82.957793,,22.39,True,False,False
Veo,506a9853-4820-5658-a02b-6e968bd799db,bicycle,40.032119,-82.964165,,28.14,True,False,False
Veo,160985fc-e695-5617-b967-e1475f51fb9e,bicycle,39.968082,-83.000728,,28.14,True,False,False
Veo,57872d56-9970-5e50-ae7c-499ff843e869,bicycle,39.944356,-82.886648,,15.18,True,False,False
Veo,55c10fcf-3a57-54b0-89bb-638dabd3b660,bicycle,40.001061,-82.99414,,19.78,True,False,False
Veo,5caf4511-81e2-5405-8f7a-05829526ab42,bicycle,39.972321,-82.976626,,13.39,True,False,False
Veo,3eb65250-eac0-520f-a807-1eb2d0a2fe10,bicycle,39.99228,-83.005697,,9.29,True,False,False
Veo,d06972a2-808d-5bcb-9a20-3355c219bfb4,bicycle,39.992338,-83.045137,,18.67,True,False,False
Veo,4c280f53-eb07-581e-91ba-43e7d4b8b42b,bicycle,39.945881,-82.985944,,24.33,True,False,False
Veo,17f22dd4-8cec-5b4c-a0c2-56bc2a6d0276,bicycle,39.956467,-82.987286,,11.34,True,False,False
Veo,53f89e48-ada2-563e-9706-00824c806341,bicycle,39.960583,-82.973142,,19.78,True,False,False
Veo,1809a939-9df7-5c67-99e2-8ca154b72af5,bicycle,40.01268,-83.012938,,28.14,True,False,False
Veo,fa92b21c-83c6-52d5-804c-4d4715392b73,bicycle,39.952769,-83.053869,,26.25,True,False,False
Veo,c9e5354d-f661-5c29-85c9-1d97fb244a5a,bicycle,40.019759,-82.9557,,28.14,True,False,False
Veo,241f20d1-3f9b-5913-8131-c45c85111c2e,bicycle,40.006975,-82.969897,,25.12,True,False,False
Veo,aefcd739-74c1-598e-bdd9-16c26fdc3606,bicycle,39.995467,-83.010684,,11.11,True,False,False
Veo,644120ef-8680-53e2-a6a6-a870cea84ee1,bicycle,40.063148,-82.917127,,27.44,True,False,False
Veo,6bbc1ab3-e0d0-59be-8048-5c580a5d8eb8,bicycle,39.972327,-82.97653,,24.06,True,False,False
Veo,c607792b-1f78-5f25-8bb1-c79012a46dfc,bicycle,40.290967,-83.467981,,0.33,True,False,False
Veo,c9a0caf7-3dfe-50e6-a8bf-0e0e22986ddc,bicycle,40.088654,-82.951279,,13.86,True,False,False
Veo,351f84b9-b214-54aa-90ad-6346b4319e9c,bicycle,39.992987,-82.995207,,28.14,True,False,False
Veo,45772271-5864-5094-ac2b-cae0eba116cb,bicycle,40.033723,-83.016579,,28.14,True,False,False
Veo,ce7894d6-74e6-5734-8550-f3b0ddb3e315,bicycle,39.94062,-83.01342,,25.34,False,True,False
Veo,b9d03f3c-b830-5834-b256-c135b8323486,bicycle,39.955537,-82.97023,,24.33,True,False,False
Veo,7ffbc619-3236-55ab-9b51-d19e9b27a27a,bicycle,39.958206,-82.989978,,13.39,True,False,False
Veo,cdc5d9c8-5e06-5d18-b706-c5cbfccf61ff,bicycle,39.969134,-83.001143,,12.87,True,False,False
Veo,24f46424-2ba4-567b-bc84-352bcbd84944,bicycle,39.96125,-83.009481,,4.78,True,False,False
Veo,b1823e07-ae8b-5651-a914-5992684c880a,bicycle,39.997237,-83.017003,,19.05,True,False,False
Veo,6fce6cb0-4871-59c2-a3b0-6c55027fb58b,bicycle,39.997422,-83.014095,,20.78,True,False,False
Veo,b935feb1-ef1c-5dca-8f7e-05b31f5f58fa,bicycle,40.00398,-83.015612,,22.7,True,False,False
Veo,3faa6faa-2540-53d4-afb7-a6bcd94b07bc,bicycle,40.005558,-83.011538,,28.14,True,False,False
Veo,5c91dbcd-f7c0-5682-b09d-5cbad1a3fe99,bicycle,39.959191,-82.993461,,24.06,True,False,False
Veo,bba7a208-7bc1-5d52-84f5-1d19cbbf8cd7,bicycle,39.957019,-82.995154,,13.64,True,False,False
Veo,2779b770-fa37-5cd7-9314-7c09b54f4e6f,bicycle,39.932293,-82.872069,,14.61,True,False,False
Veo,6e0a8213-ab50-5ec8-9ca7-24ff01461208,bicycle,40.051073,-82.963468,,12.07,True,False,False
Veo,290dd2af-14ae-5268-b24b-445b2d04396a,bicycle,39.998591,-82.993371,,28.14,True,False,False
Veo,c58d3826-ed10-5c6d-b511-7c91dd0e2b9c,bicycle,39.988467,-82.999363,,25.94,True,False,False
Veo,7918dcde-4b69-51fe-8c07-eab0a60b9138,bicycle,39.954236,-82.891824,,7.62,True,False,False
Veo,e6d776c2-39db-5fe4-8afd-957d6e89bd40,bicycle,39.937987,-83.11403,,1.56,True,False,False
Veo,cd0f69d2-d1cb-5f90-8c53-a0f7d33acf87,bicycle,39.955997,-83.001441,,14.61,True,False,False
Veo,07684452-c199-5e2e-9fbe-a032fb15314e,bicycle,40.003926,-82.983049,,24.84,True,False,False
Veo,53db28ef-6f3d-592d-818e-bd3ca8a2f9b5,bicycle,39.934391,-82.96996,,25.65,True,False,False
Veo,6eb54f0d-cdaa-5c89-a068-92c9da2e4e78,bicycle,39.966681,-83.011246,,27.44,True,False,False
Veo,079bbd6e-5d17-5bb9-9274-c883cd2ca468,bicycle,39.963844,-82.984853,,21.77,True,False,False
Veo,2c3fc86e-d01a-5a00-a26f-61b42dd0ba12,bicycle,40.038906,-82.964509,,6.07,True,False,False
Veo,c180df63-d913-54b5-8668-389a9b4bc122,bicycle,40.0152,-83.013839,,12.52,True,False,False
Veo,91abe5af-7f1c-5f3a-a47a-c9e16e455439,bicycle,40.053793,-83.020075,,28.14,True,False,False
Veo,93a39fc6-418c-58de-bb37-17f1cff9c38e,bicycle,40.003844,-83.013762,,21.15,True,False,False
Veo,97b325c8-91ac-551c-a827-4a175db398b2,bicycle,40.005109,-83.011441,,22.39,True,False,False
Veo,49d303a8-5831-5e72-b2f5-90aa7fedc6f3,bicycle,39.933374,-82.970107,,7.29,True,False,False
Veo,324cb73c-480c-5a2d-82c6-59e96d8a50ff,bicycle,40.001341,-83.003754,,28.14,True,False,False
Veo,7a8687a7-6b1c-5b0f-8dee-08aeeb10e245,bicycle,39.980114,-83.006583,,21.77,True,False,False
Veo,93f581c8-8a53-58da-afcc-8bc6109562d4,bicycle,39.978051,-83.002829,,25.65,True,False,False
Veo,43a7d46a-f349-5f7a-85f3-5c2400abfa0b,bicycle,39.931529,-83.07605,,11.59,True,False,False
Veo,b302c7ec-e807-5ee6-8e49-ef241eb52731,bicycle,39.987512,-82.980729,,14.86,True,False,False
Veo,8bcde58b-6a47-5b14-9cac-3b1a407990f6,scooter,39.969107,-83.001066,,14.43,True,False,False
Veo,cb42bfbd-6820-5880-b40b-04c2552962bb,bicycle,39.978535,-83.014489,,28.14,True,False,False
Veo,bc7d5ae6-7cda-5f50-ae48-6fa96c01cc37,bicycle,40.023020596381116,-83.08552829639605,,21.49,True,False,False
Veo,c53df5a5-238d-584e-88d5-b76b67b135be,bicycle,39.994767,-82.924421,,11.83,True,False,False
Veo,06b2a62d-b87c-5797-8840-dce3e4cec9ae,bicycle,39.953138,-83.022424,,2.79,True,False,False
Veo,3ea1d234-b6e1-5770-a2b2-1c3321a06db1,scooter,40.040916,-83.014431,,17.37,True,False,False
Veo,b6965769-a4e3-5e8e-8490-084184966654,bicycle,40.060645,-83.078729,,8.78,True,False,False
Veo,86ec795f-0af9-5c40-88d0-b29732b96d6f,bicycle,40.004073,-83.008065,,11.59,True,False,False
Veo,265502ea-5f70-5fa8-9699-fa560343dd4b,bicycle,39.95602728333324,-82.94522057287395,,0.0,True,False,False
Veo,1355a57a-fedb-517c-987f-b1298522d8af,bicycle,39.968257,-82.994502,,25.94,True,False,False
Veo,8bad4c65-7611-5d1f-a32b-ef027b4479f7,bicycle,40.005084,-83.01143,,9.97,True,False,False
Veo,75a31b81-2351-5688-9f94-deee1229cbd9,bicycle,39.948852,-82.998007,,24.84,True,False,False
Veo,23dfb010-fadf-53e6-aa55-b2c1b0ae4634,bicycle,39.902957,-83.056896,,28.14,True,False,False
Veo,60cfc566-b6e3-5bbb-aef9-e266efe39533,scooter,39.975285,-83.003181,,24.84,True,False,False
Veo,2701192f-b4df-52f4-b0c5-71629a159ca1,bicycle,40.005608,-82.953913,,21.15,True,False,False
Veo,ca17cf5b-84d4-5ce9-9883-a4efe0fa1053,bicycle,39.946239,-82.955204,,28.14,True,False,False
Veo,d17a380f-a8df-56d7-a268-b49b851e3e79,bicycle,40.007276,-82.966135,,18.67,True,False,False
Veo,ab6dbbed-79c0-599c-ac09-43846fed8aec,bicycle,39.9888,-82.981214,,14.61,True,False,False
Veo,788e0f05-c12a-5fd3-8904-3d7081dd5869,scooter,39.949967,-82.960296,,28.14,True,False,False
Veo,f3585467-9e7b-5cbf-8037-76488851ba53,bicycle,40.013756,-82.987554,,28.01,True,False,False
Veo,58658e62-8d14-5a31-905f-a0177dad700f,bicycle,39.94724,-83.058044,,11.83,True,False,False
Veo,3ced1f51-7621-58e9-8eb9-79426ecbf686,bicycle,40.004167,-83.011307,,28.14,True,False,False
Veo,591067f0-1d6c-5b5d-aefe-7fd3a8907306,scooter,39.992111,-83.025756,,20.05,True,False,False
Veo,06707222-a0ed-54d4-8c16-464b80c6bef6,scooter,39.956859,-82.986612,,28.14,True,False,False
Veo,b13a5290-b175-5a84-a65d-587166d553b2,bicycle,39.96201500161872,-83.00439884491287,,0.0,True,False,False
Veo,1dd823e6-5139-524d-91fe-d5afb7dd2744,bicycle,40.005724,-83.017232,,25.34,True,False,False
Veo,ae09c7ea-a55e-5ea3-a8ed-56884c9b3fbb,bicycle,40.00084,-83.01429,,17.89,True,False,False
Veo,d491ad15-def1-583d-bc3b-aa638bb41453,bicycle,40.004045,-83.007954,,16.39,True,False,False
Veo,5c809248-33ac-52c0-aa92-66a06aec9aeb,bicycle,39.995711,-83.047747,,13.1,True,False,False
Veo,b57e7a44-f905-5778-b87e-7785b05a8a47,bicycle,39.998589,-83.013193,,28.14,True,False,False
Veo,461f5f64-431f-5e6d-82aa-40822ba1e146,bicycle,39.958071,-82.990225,,28.14,True,False,False
Veo,2a45240f-ecf7-5ece-ad2e-735df1b18f95,bicycle,39.980088,-83.005548,,28.14,True,False,False
Veo,4ec4db11-0811-5f97-a97c-cef077349f7c,bicycle,39.969003,-83.000985,,27.77,True,False,False
Veo,8746ab1f-0a8f-57f6-a7af-a71e7cffa11a,bicycle,39.955964,-82.94536,,28.14,True,False,False
Veo,44997e52-aead-5561-909e-4893cb800672,bicycle,39.972238,-83.004425,,14.86,True,False,False
Veo,b4532c4c-876b-52b4-b293-f82abc12201f,bicycle,40.00278,-83.012203,,28.14,True,False,False
Veo,b808e27b-3e7f-5419-bfba-b23fbe30f8d3,bicycle,39.974368,-83.022278,,9.65,True,False,False
Veo,5bd9f024-19e2-55e6-8483-5219df3ace62,bicycle,39.963015,-82.949881,,22.05,True,False,False
Veo,92365706-28d8-5059-992e-4c3e9c8b5537,scooter,39.902144,-83.051345,,20.37,True,False,False
Veo,27fa2cef-304b-5796-81ba-9d74ba322f23,scooter,40.001323,-83.00381,,19.39,True,False,False
Veo,2b0c22fd-443d-5ddb-bbc6-0c4a06da636b,scooter,39.991483,-82.999343,,28.14,True,False,False
Veo,2cd7f485-d817-559f-9d8c-3fc1f5b82f10,scooter,40.000157,-83.015396,,28.14,True,False,False
Veo,5bb7fdff-90fe-5648-bbe3-e66289ed0c40,scooter,39.997291,-82.996124,,28.14,True,False,False
Veo,1b6da77c-ede2-5a5a-9f3f-65ab8f0f711b,scooter,40.000254,-83.017965,,28.14,True,False,False
Veo,824eabeb-c416-55af-9e04-056f2661e7dd,scooter,40.006597,-83.019331,,28.14,True,False,False
Veo,91f8cc5c-9ca7-5b42-9156-d7ba80a77647,scooter,40.062789,-82.976706,,28.14,True,False,False
Veo,51a2422d-2f14-5ab3-bfa5-6f2451ade394,scooter,39.94589,-83.009055,,26.78,True,False,False
Veo,6d25f7a3-3c60-5a53-afd5-d79d1ef511c9,scooter,40.002901,-83.013007,,28.14,True,False,False
Veo,27784dc4-77a3-55f3-baa5-96c0926015cf,scooter,39.974384,-83.022374,,22.7,True,False,False
Veo,2d93bb52-19a4-5064-af18-986966d34cb7,scooter,39.939026,-83.097995,,7.29,True,False,False
Veo,f541bada-0992-5f2e-9670-c5c7773b0a7a,scooter,39.958064,-83.007291,,14.43,True,False,False
Veo,1906cbdf-9804-51ce-82ad-a4375bb99707,scooter,39.989828,-83.006257,,24.33,True,False,False
Veo,e07a1309-9081-58c8-81d7-1765fc2299e3,scooter,40.003698,-83.012955,,12.63,True,False,False
Veo,ae3ba516-24e8-56e7-95bf-0c9e80ea97d3,scooter,39.994155,-83.019342,,25.94,True,False,False
Veo,ace13f9d-92e9-5be5-990b-57d3b393a26f,scooter,40.012838,-82.972988,,28.14,True,False,False
Veo,4a52cdc3-2b4d-5f41-b8a3-0a60c6444224,scooter,39.950737,-82.956841,,9.65,True,False,False
Veo,ff3c9805-8398-5e90-833f-e4ed2f8fee21,scooter,40.005826,-83.005323,,25.74,True,False,False
Veo,a7963f45-9632-5a09-8c92-2e46cc1dbd41,scooter,40.033733,-83.016534,,28.14,True,False,False
Veo,8753fcee-d389-5efb-a6db-e7024136ee74,scooter,40.005211,-83.011722,,28.01,True,False,False
Veo,744565a2-dfd1-519b-94c1-dce5375ef620,scooter,40.004226,-83.024035,,22.39,True,False,False
Veo,aa3b5d35-a8a1-5a26-b8c3-4137a8ce0de0,scooter,40.037521,-82.999347,,28.14,True,False,False
Veo,9488aa8a-4343-5264-9523-1bb4ffcd965b,scooter,39.99819,-83.009913,,25.74,True,False,False
Veo,975d1cf5-ec54-5219-9342-4cbb196ca32e,scooter,40.100922,-83.10883,,28.14,True,False,False
Veo,9d057513-49d5-5012-b50f-6289b4b403f3,scooter,39.956237,-83.016941,,27.77,True,False,False
Veo,f6a98152-1f59-50d7-abab-acf45e2a64e1,scooter,39.926281,-82.995128,,28.14,True,False,False
Veo,decc5fb6-45c1-551f-a653-93679f9b723d,scooter,40.003491,-83.034794,,3.67,False,False,True
Veo,7b411e81-20b6-568d-a61b-cf1f7d275d11,scooter,39.954072,-83.015334,,27.02,True,False,False
Veo,e5f7d857-afec-5ff2-a654-e99c67cccc01,scooter,39.975266,-82.980338,,28.14,True,False,False
Veo,c690d551-278f-5bb8-ba41-014ee05e3ca0,scooter,39.964597,-82.991707,,27.44,True,False,False
Veo,ba9a4ed8-de1c-5358-8c22-f2effbb6c73e,scooter,39.994497,-83.005835,,28.14,True,False,False
Veo,eb1dcdf2-7ffe-5dc2-aa59-295d52667cd3,scooter,39.996113,-83.007292,,25.74,True,False,False
Veo,b91aebf6-c5f4-5b07-8332-734776e16b30,scooter,39.973852,-83.003024,,9.65,False,False,True
Veo,0bb366c0-312b-531d-950d-d4280de2acd6,scooter,39.937539,-82.951246,,25.65,True,False,False
Veo,2355c8fd-fbde-5783-8382-3175a9f1ff5c,scooter,39.998248,-83.008184,,11.11,True,False,False
Veo,7be043d2-3616-539d-b477-9881aa4ab829,scooter,40.08789,-82.972236,,8.43,True,False,False
Veo,3a0eb0b9-f2e9-59e2-bc14-a65e4cad6b9f,scooter,40.014621,-83.01105,,14.43,True,False,False
Veo,e687998a-4753-5d5f-8a15-7637fe0968ca,scooter,39.993552,-82.981119,,27.44,True,False,False
Veo,51fbfef8-4ee1-50f6-b340-8aaabf64c3f4,scooter,40.004051,-83.015774,,28.14,True,False,False
Veo,7bdeca82-61fc-55ef-8855-5dbad56c596f,scooter,39.966794,-83.003274,,15.89,True,False,False
Veo,5d5bd1d4-397e-53aa-be03-4ba73a8baaca,scooter,39.969783,-83.007442,,27.44,True,False,False
Veo,67bfb765-d754-5015-8430-dfd8cd461874,scooter,40.004406,-83.024426,,12.28,True,False,False
Veo,5f224a4f-602f-59a1-883b-3c98a49509c5,scooter,39.996981,-83.00504,,17.37,True,False,False
Veo,183e47e9-d130-59ad-947f-373161e258fc,scooter,40.00096,-83.016186,,28.14,True,False,False
Veo,08ac4267-4ebd-5fa0-aae1-aea4dcbbcbe9,scooter,40.003755,-83.0191,,26.25,True,False,False
Veo,d9eaef06-5fc1-5e8b-b075-c1c9bb7e6447,scooter,39.998704,-83.009818,,25.34,False,True,False
Veo,299e2c0d-cdaa-5a2b-af76-cf2d2527bcd8,scooter,39.977388,-83.010986,,15.89,True,False,False
Veo,d31dc82a-3d72-5566-969d-f99759541a84,scooter,39.95016,-83.000214,,20.05,True,False,False
Veo,31f6b2cd-dece-547b-9e7e-56976f50669b,scooter,40.002404,-83.003537,,22.7,True,False,False
Veo,b05b7ee0-7a39-58d6-b76d-925fae04ea31,scooter,40.003611,-83.003923,,28.14,True,False,False
Veo,ce6119c8-fc23-5d4a-9c90-1d0060592e96,scooter,39.958665,-83.013262,,25.34,True,False,False
Veo,25896790-8e00-52e4-8401-9320a3e83edd,scooter,40.010262,-83.02035,,9.65,True,False,False
Veo,e25b1aab-81c4-59e1-9a0a-05b079e493b1,scooter,40.014605,-83.011013,,18.67,True,False,False
Veo,1376a817-4834-593e-a2cf-c9452da95cf2,scooter,39.957412,-83.011423,,28.14,True,False,False
Veo,e7471fb2-301f-512c-8291-4dede3e2acb7,scooter,39.902936,-83.056898,,20.37,True,False,False
Veo,625260ec-9c2b-5d6f-8d12-0c079a62aee5,bicycle,40.021442,-83.029334,,28.14,True,False,False
Veo,9dc86576-607a-51b0-8da1-cc783b094bb1,bicycle,40.128695,-83.09549,,12.07,True,False,False
Veo,3c050a5b-6583-52ad-90bb-9aebfc8dd03f,bicycle,39.88768,-82.987447,,27.44,True,False,False
Veo,374d6c29-d254-584a-966c-068b6a726e53,bicycle,39.985682,-83.013562,,11.11,True,False,False
Veo,1f9ef48d-2644-5a31-8b9c-fa91909cb4cd,bicycle,39.991514,-83.008995,,27.02,True,False,False
Veo,bb96eee0-3232-56ab-ba77-1e3a0b703208,bicycle,40.076386,-82.951429,,24.33,False,True,False
Veo,0a84d29e-dd35-5b45-9903-1a1a05143c0e,bicycle,40.008039,-82.970343,,23.02,True,False,False
Veo,eb810719-0ca7-5aeb-919d-e5c1c272700c,bicycle,39.998306,-82.978129,,14.61,True,False,False
Veo,b2f04b90-6288-534b-8064-03661f29dae4,bicycle,39.945913,-83.009107,,28.14,True,False,False
Veo,8502cde9-feb0-52f0-a85f-44e09553a88a,bicycle,39.995748,-82.931735,,28.14,True,False,False
Veo,8533cede-a5fe-5a4d-9a5e-4db0deb57b0d,bicycle,39.970819,-83.004059,,24.84,True,False,False
Veo,5f75b2ca-ca03-5c6a-81a6-0d67a4e5368c,bicycle,39.955959,-82.945438,,24.06,True,False,False
Veo,c5980fbb-8ca7-5496-935e-1d5e05e6fd96,bicycle,39.944807,-82.979157,,24.84,True,False,False
Veo,a7bdfa62-7ca8-54b0-80a3-e7b6cd72e96a,bicycle,39.88084,-82.977345,,28.14,True,False,False
Veo,051c25ee-1ced-5363-aaf5-05a2a38af2fd,bicycle,39.957765,-82.988427,,23.02,True,False,False
Veo,cbe7ec5e-4734-526e-8305-c4d7561777da,bicycle,39.990032,-82.983907,,3.81,True,False,False
Veo,d3e44979-d608-5ab0-a418-b4aadade283b,bicycle,40.039665,-82.991587,,28.14,True,False,False
Veo,65e75c76-064e-5d62-b0e9-ed89dcd995ce,bicycle,40.011175,-82.967069,,26.78,True,False,False
Veo,361e9e18-a854-55bc-a4e7-e99ff3b3c87e,bicycle,39.913841,-82.95488,,11.11,True,False,False
Veo,aedf846d-dfac-5812-8ec4-8281222cfa76,bicycle,39.977489,-83.003522,,10.79,True,False,False
Veo,00aa5a7b-8be3-59d9-b333-41d8d962041a,bicycle,39.966167,-82.962156,,23.77,True,False,False
Veo,3b45bf0d-6f04-56bf-9ea6-db9b6e2ca521,bicycle,40.02161,-83.028712,,15.18,True,False,False
Veo,35e784ad-c16b-5e73-aaf7-e61586c875d7,bicycle,39.913589,-82.993951,,27.77,True,False,False
Veo,1bc8cb44-9f52-5350-846e-a7d33897a340,bicycle,39.955328,-82.99058,,15.89,True,False,False
Veo,0d154c3f-fde7-5bc3-91ac-ead1be7b6e22,bicycle,40.006891,-83.002897,,28.01,True,False,False
Veo,3d7e386d-608e-5ec7-b43a-2b2d2f9ad955,bicycle,39.949601,-82.997371,,12.63,True,False,False
Veo,4a05e425-b9aa-55a4-8097-e1ecec0560e5,bicycle,40.033741,-83.016517,,20.78,True,False,False
Veo,9e76d97a-7d80-5cea-a741-943e883871a9,bicycle,39.969341,-83.035116,,14.43,True,False,False
Veo,65f525c0-dadc-570c-9c15-68874d7cd120,bicycle,39.960827,-83.063403,,28.14,True,False,False
Veo,df32a6da-e544-57df-82e4-6a91a5c4ad40,bicycle,39.958574,-83.012912,,28.14,True,False,False
Veo,24ac0e8b-830a-5645-ab71-34c7e264a949,bicycle,40.00487,-83.005826,,25.94,True,False,False
Veo,91fb17d8-100e-505d-bb9a-9627b7792572,scooter,39.956515,-82.987945,,17.89,True,False,False
Veo,ceeb3405-8a63-5bc7-874b-8f2899e0b3d0,bicycle,40.090633,-82.987876,,1.15,True,False,False
Veo,33358fff-f8ec-5944-bf9c-570a62f6b754,bicycle,39.977801,-82.963483,,14.43,True,False,False
Veo,5ec3d8e5-c351-568c-ba02-d22a0509fc05,bicycle,39.955939,-82.945368,,25.34,True,False,False
Veo,5336c396-9e13-5094-aa08-e29a3e909b72,bicycle,39.979656,-82.998031,,22.7,True,False,False
Veo,3054402f-520d-59c5-88a5-4d531aae2548,bicycle,39.968572,-82.950103,,28.14,True,False,False
Veo,0aa6cba3-80c0-5053-885f-662b9a5620c5,bicycle,40.00507,-83.011411,,14.43,True,False,False
Veo,ccd39aba-6edf-53ec-b3af-b970d6573b55,bicycle,39.99422,-82.983508,,27.44,True,False,False
Veo,c150b50f-d498-5bdc-9be8-ff857ddb15c0,bicycle,40.006909,-83.002858,,26.78,True,False,False
Veo,72bfaf5a-92bb-5be2-bd36-287220bb7d9e,bicycle,40.029049,-83.000426,,28.14,True,False,False
Veo,dcafb3c7-54f0-5fa6-9798-08f21bd721f8,bicycle,39.998035,-83.011507,,23.02,True,False,False
Veo,61bbffd0-9e75-59bc-a123-62214fe3fc58,bicycle,39.998433,-82.998979,,14.43,True,False,False
Veo,05ad2dbe-318e-5de7-894a-c6256a687f85,scooter,40.003864,-83.013004,,28.14,True,False,False
Veo,cea3ae4c-cb26-5c15-a3b4-e200d430b056,bicycle,40.000786,-83.015125,,28.14,True,False,False
Veo,1cb4f585-bbf1-5702-9f48-9a34b6b2d8d1,bicycle,40.004424,-83.009716,,28.01,True,False,False
Veo,f9fb167a-27ce-5aeb-b9aa-92c01c41944f,bicycle,40.014771,-82.970508,,22.39,True,False,False
Veo,26ad604f-904b-5cb7-ad99-c2b154af8ed7,bicycle,39.948405,-82.997779,,24.84,True,False,False
Veo,db292002-5737-5978-8a6f-cfa25e6cd45d,bicycle,40.000922,-83.014175,,8.78,True,False,False
Veo,b9e0b25a-1725-550f-ac19-5c2b0390ece2,bicycle,39.951756,-82.955736,,20.05,True,False,False
Veo,8b3a8b92-3463-573a-b672-abea33896d54,bicycle,39.947459,-83.080572,,1.15,True,False,False
Veo,06cfce4d-ace6-58e0-bdb2-ad7dcd2a066e,bicycle,39.975145,-83.003197,,25.34,True,False,False
Veo,a6d42263-4691-5347-b4e5-ed645bf1637b,bicycle,39.998647,-83.021473,,24.33,True,False,False
Veo,7ccdea98-2eb2-5c48-982d-ef5a97cd18d3,bicycle,40.000453,-83.0162,,26.51,True,False,False
Veo,7172d5d6-33a6-587f-a336-56db84a9553b,bicycle,39.955462,-83.010405,,13.39,True,False,False
Veo,08b980ee-0886-58dc-9731-03532c8801a8,bicycle,39.997091,-82.978365,,15.89,True,False,False
Veo,737fd28a-7466-5ddf-961b-3a62f6253e96,bicycle,39.983633,-82.996067,,10.51,True,False,False
Veo,840d33cc-60d3-5bdc-8aac-c92f4e82bb43,bicycle,39.99496,-83.031856,,25.34,True,False,False
Veo,38f312cb-d17a-527d-942c-90d905382f80,bicycle,40.002162,-83.015993,,14.43,True,False,False
Veo,c31a1126-246e-5579-8f14-0d2499c35f61,bicycle,39.991023,-82.984227,,1.56,True,False,False
Veo,134ec4b7-225f-572d-8d29-924054d524bc,bicycle,39.992333,-83.032563,,20.78,True,False,False
Veo,5af133ae-67f5-5fbc-8593-abb3c63d213f,bicycle,39.984014,-82.986855,,10.31,True,False,False
Veo,f52d423e-c999-54ae-a2f7-332d1a3cbc11,bicycle,39.946601,-83.000218,,13.64,True,False,False
Veo,f718a681-81be-55bc-9757-765e492a6f54,bicycle,40.013964,-82.985759,,28.14,True,False,False
Veo,31b5d350-7b40-56dc-a55c-d50cbf6aeba0,bicycle,40.013792,-83.022603,,14.86,True,False,False
Veo,d0c64ada-379f-5302-af92-68f822094ac4,bicycle,39.994769,-83.006909,,4.67,True,False,False
Veo,bd1c715c-8b28-52e2-b8d5-503ff99547b3,bicycle,39.999797,-82.980693,,5.83,False,True,False
Veo,03131760-b7c7-584f-ab7d-95d406012f86,bicycle,39.957872,-82.964258,,12.07,True,False,False
Veo,893d177d-1933-5b9c-8079-7e304f65a283,bicycle,39.946843,-83.052441,,25.94,True,False,False
Veo,92dea0f6-3cb4-531f-96b7-0b70040fe248,bicycle,40.017489,-82.968247,,11.83,True,False,False
Veo,ddb15eaf-fc6e-5820-80d0-0f95fbe9358f,bicycle,39.998107,-83.024246,,12.52,True,False,False
Veo,6607cfa5-de94-5f59-8d7e-4aa4a57421a5,bicycle,39.960478,-83.012964,,27.18,True,False,False
Veo,408f8a3e-1b75-5879-ad25-8a2bf0ac6134,bicycle,40.027412,-82.989398,,13.1,True,False,False
Veo,0fa1d8ff-9fde-5553-ae1b-5c5536a8b665,bicycle,39.950254,-82.944839,,21.77,True,False,False
Veo,c762c19e-22d9-53a9-97a6-dafe3560346a,bicycle,39.955152,-82.813452,,10.51,True,False,False
Veo,7eedc190-5df1-52f2-a827-3d490b997ac4,bicycle,39.908795,-83.089761,,18.67,True,False,False
Veo,3beee461-6cec-5305-bbdd-d48b036528ff,bicycle,39.943271,-83.002172,,9.02,True,False,False
Veo,f2334076-9d24-5d7a-a8d2-7e52d9642082,bicycle,40.006226,-83.008482,,20.05,True,False,False
Veo,339e5575-651c-5ec2-8217-a6c9d044998f,bicycle,40.00536,-82.9724,,27.44,True,False,False
Veo,940fb7bf-098b-5f68-aa87-21e126e579dc,bicycle,40.012268,-83.001353,,28.14,True,False,False
Veo,b67cb75a-a4b1-56ad-ae5b-0e862a68cc1d,bicycle,39.956171,-82.956438,,24.06,True,False,False
Veo,6b57b52e-6e37-5348-a62d-fcef24cccebb,bicycle,39.965803,-82.970403,,25.94,True,False,False
Veo,2d9ad0f4-fb18-5366-99e6-12919f44ad9c,bicycle,39.978463,-83.012108,,14.61,True,False,False
Veo,6df83f44-ecd9-57cf-aab3-9b0a797054c2,bicycle,40.054699,-82.972535,,18.67,True,False,False
Veo,9c03c58d-1c93-59c9-bbbe-bb91a805a980,bicycle,39.968177,-82.950934,,21.49,True,False,False
Veo,70a7717b-323e-53a4-819c-05a512aae945,bicycle,39.975341,-83.014651,,6.31,True,False,False
Veo,ea8463cf-d24b-5ec1-8a8a-f621c19c5f95,bicycle,40.042198,-82.969933,,28.01,True,False,False
Veo,32803221-57cc-5a97-8bc0-e460cea4a8be,bicycle,40.017532,-82.968355,,24.33,True,False,False
Veo,b1f01c28-e4bd-54db-85b4-a0b01087ac9d,bicycle,39.980723,-82.991948,,13.1,True,False,False
Veo,82e52ebd-b835-5a1c-a404-97ecfed35179,bicycle,39.954667,-82.907212,,25.94,True,False,False
Veo,22cef0a2-5a8c-5de0-b5b5-44d8be253e12,bicycle,40.000243,-83.095248,,19.05,True,False,False
Veo,4789fe49-5bbc-552d-8fe2-aadc517cf0c4,bicycle,39.988607,-82.926776,,20.78,True,False,False
Veo,59405931-0a51-51d0-b9cd-7a3f00b2d378,bicycle,39.95684,-83.042081,,25.12,True,False,False
Veo,87eb9f4a-10f9-5e27-89d7-db0bb1b28161,bicycle,40.018788,-83.03044,,24.33,True,False,False
Veo,50a382b8-5cc3-5c30-9107-524616fd6185,bicycle,40.005044,-83.009103,,28.14,True,False,False
Veo,f5c09dd1-d2f4-5172-9fcb-37c9e9b9f3b2,bicycle,39.974382,-83.022191,,10.51,True,False,False
Veo,6c84d1fb-9da1-5fce-b569-9bc71b4d4413,bicycle,39.928759,-82.977532,,19.39,True,False,False
Veo,7ea12374-ce1a-5e43-a337-1d78eadd7ebc,bicycle,40.006887,-83.018233,,26.51,True,False,False
Veo,4c82b7d4-c7d1-55b6-8a7d-f7dd2a588238,bicycle,39.950192,-82.895182,,28.14,True,False,False
Veo,99166d8d-6e0d-58ba-affd-7e0d53567b9c,bicycle,39.908653,-83.045299,,13.64,True,False,False
Veo,0722e2ab-635f-5b3c-aeac-8babc9a38836,bicycle,39.911451,-82.994614,,28.14,True,False,False
Veo,8e05090c-9b21-5837-b70e-891771a4e585,bicycle,40.024383,-83.033837,,8.09,True,False,False
Veo,3744f284-1351-5da5-a54f-07f3668ccb47,bicycle,40.003031,-83.011843,,18.67,True,False,False
Veo,e62c37b5-9940-5971-a064-798256692c65,bicycle,39.961178,-83.029456,,6.31,True,False,False
Veo,8c6eaec6-49f7-597d-af62-89d1c0b87b0f,bicycle,39.953375,-83.034286,,26.78,True,False,False
Veo,0bc406da-3110-50b5-9c4b-336ad212a856,bicycle,40.00142,-83.001128,,25.94,True,False,False
Veo,bd751a56-efda-519a-a83d-d27c256732e7,bicycle,39.953142,-83.021879,,23.02,True,False,False
Veo,e1670302-fd60-5fba-bb6a-2b6b9a014309,bicycle,40.064584,-82.96684,,14.17,True,False,False
Veo,996e5158-d6a4-5a65-9381-96dcec146f35,bicycle,39.979788,-82.96795,,27.02,False,True,False
Veo,d9bd9d84-91c4-5d84-892f-0787b5ceaa5f,bicycle,39.989695,-83.006863,,27.44,True,False,False
Veo,21cc2c50-2cd5-51ab-a616-c1121948cf96,bicycle,40.069041,-82.97096,,28.01,True,False,False
Veo,b5b33750-ed90-5435-907b-c71964f9f408,bicycle,39.941075,-82.994723,,27.44,True,False,False
Veo,580013ed-9c1b-578f-9936-1f91f6dfdd2a,bicycle,39.913983,-82.99395,,25.74,True,False,False
Veo,52368f08-41bd-5bc9-84f6-204bcd576833,bicycle,39.957854,-83.02032,,4.67,True,False,False
Veo,a8ae00d6-f47a-57ea-92a3-83b36a9f252a,bicycle,40.001868,-83.013978,,19.78,True,False,False
Veo,e301b5b1-c870-588c-a658-1928f6f09fd4,bicycle,39.996919,-82.979278,,17.37,True,False,False
Veo,e1635781-2112-577f-bf0c-4d4cffa12dc2,bicycle,40.048319,-82.916181,,1.56,True,False,False
Veo,724b7ab8-b40b-5129-8e10-948eea42c078,bicycle,39.96033,-82.986905,,10.51,True,False,False
Veo,375d66bb-631f-54b0-b535-1983d09f5b36,bicycle,40.012831,-83.006766,,21.77,True,False,False
Veo,6ff39de8-067a-508f-821f-01e1c32ad44c,bicycle,39.959154,-83.025464,,25.65,True,False,False
Veo,3aebe0d6-6a9b-5fa5-9611-854d8d2ecbbc,bicycle,40.006419,-82.999285,,14.43,True,False,False
Veo,cde33edc-ac5a-5a42-98e2-85e02556108c,bicycle,39.983971,-83.021724,,9.97,True,False,False
Veo,24a28c7a-80c0-5784-9c49-26cb0efd5436,bicycle,39.947209,-83.043384,,6.67,True,False,False
Veo,acf40a21-4946-50b9-9c59-e6a3a949ff96,bicycle,40.002929,-83.011748,,27.44,True,False,False
Veo,4dca2d12-cb5f-53bc-b68c-7084410261ba,bicycle,39.956458,-83.026365,,26.51,True,False,False
Veo,1cc5f92c-1e23-557c-8334-bae32db462fb,bicycle,39.948206,-82.982787,,28.14,True,False,False
Veo,1c8da664-70e2-5c55-a5b2-a4b83c8849c3,bicycle,39.964959,-83.000053,,12.87,True,False,False
Veo,714ba2a5-f84f-58d1-80c9-51fbd8349649,bicycle,40.084424,-82.993542,,4.67,True,False,False
Veo,6d92c1c0-e2af-5529-aad3-73b8bf81f095,bicycle,40.033732,-83.016562,,22.39,True,False,False
Veo,5c4c6d52-35fb-5bd4-956d-27cd2f6e7a5a,scooter,40.08121166666667,-82.92323666666668,,18.19,True,False,False
Veo,336d61e0-3035-5c95-8e9d-cb194f5c2223,scooter,39.949675,-82.971564,,28.14,True,False,False
Veo,d22d16dc-3ee9-53c5-9c68-e965ee5d4701,scooter,39.928095,-82.976132,,3.67,True,False,False
Veo,156fc4af-0602-5653-9f5b-f77750e94ca3,scooter,39.946523,-83.05486,,15.18,True,False,False
Veo,4f130158-d911-522e-b2c1-20338bde351a,scooter,39.946714,-82.951443,,18.67,True,False,False
Veo,1f595c3d-94a7-5b82-b988-ba505794db9d,scooter,39.998827,-83.017428,,16.84,True,False,False
Veo,33139414-594c-526e-a058-f0d676b8732e,scooter,39.991823,-82.995915,,14.86,True,False,False
Veo,33765e30-91de-5227-9f4b-6f533e920e87,bicycle,40.00522,-83.010072,,8.78,True,False,False
Veo,4e00ed5b-ee4d-523e-9c46-027bf32c202b,bicycle,39.92611,-82.995665,,28.14,True,False,False
Veo,ab24e612-98a8-5216-9fa9-8abf5788189c,bicycle,39.955896,-82.945227,,12.63,True,False,False
Veo,f4674d55-53d7-585b-81f9-45b0eb585822,scooter,39.984096,-82.996504,,14.17,True,False,False
Veo,12a61e62-9bd5-5916-ad26-e96891de485c,scooter,39.976342,-83.010828,,28.14,True,False,False
Veo,f9826983-58be-55b0-a2cd-a6b249ba6953,scooter,40.044708,-83.019919,,28.14,True,False,False
Veo,4e496a2a-16eb-5f62-8bda-c888920cf202,scooter,39.992683,-83.008731,,15.18,True,False,False
Veo,f1a133f0-b794-5662-838d-0af076898e27,scooter,39.997816,-83.007136,,17.37,True,False,False
Veo,9c8d5849-2cab-521d-a8cb-c6529f93c8c8,scooter,40.004692,-83.008748,,10.31,True,False,False
Veo,f1ce5799-0761-5438-8605-074ab073e8ac,scooter,39.997758,-83.003933,,28.14,True,False,False
Veo,c0d7be25-2cb9-5d10-a6d6-be2e20ec259d,scooter,39.993394,-83.001716,,15.45,True,False,False
Veo,eca129b6-ad6e-5bf1-ba1d-cca222c6a15f,scooter,39.983754254284975,-82.99906550496206,,25.65,False,False,True
Veo,3e3d5e30-a61f-5e0c-a9df-39ec8d546fdd,scooter,39.955993,-82.945273,,18.67,True,False,False
Veo,4eb89538-cd04-5790-84a6-e36a01cc8155,scooter,39.975221,-83.002035,,28.14,True,False,False
Veo,cdd0ab9a-bede-5cfb-b31e-07416f251c0b,scooter,40.00384,-83.013729,,14.86,True,False,False
Veo,377dfbf4-5cfb-5958-96fd-f7f97b0ea3de,scooter,40.004089,-83.021028,,24.33,True,False,False
Veo,5c796f2e-f01d-5af6-88d0-85be85deebb6,scooter,40.004768,-82.995128,,28.14,True,False,False
Veo,d0def3cb-0bc8-5067-bb8e-6000e02fcc4b,scooter,39.970279,-83.002549,,13.1,True,False,False
Veo,43d00d58-b26d-545f-8b47-06ecf55cb843,scooter,39.995459,-83.040505,,12.87,True,False,False
Veo,ea965612-d588-560a-b2ea-8ad4a8432df2,scooter,39.945909,-83.009067,,27.77,True,False,False
Veo,f176a8be-a4a3-5ae0-927b-e135a31ca36b,scooter,39.997486,-83.000511,,25.12,True,False,False
Veo,bdbab6a8-2d1e-54c2-b526-16e1f11008de,scooter,40.012206,-82.970327,,22.7,True,False,False
Veo,65452a1e-d19a-595a-bca5-aca931d877f9,scooter,39.973771,-83.002991,,12.52,False,False,True
Veo,b8de8e18-4f44-5f87-820c-08c2862eee5b,scooter,40.003816,-83.012936,,19.05,True,False,False
Veo,6cf6d6a0-dcff-589e-944b-1e9d2700d16a,scooter,40.000253,-83.017987,,28.14,True,False,False
Veo,0113ac87-9784-5ded-b1de-9192e8498b2a,scooter,40.001963,-83.001204,,11.83,True,False,False
Veo,2155d07f-da0b-525b-bb82-e95d64fb6515,scooter,40.007295,-82.999714,,1.15,True,False,False
Veo,0764e5b7-a8f0-5310-ba92-5a9ef39573e2,scooter,40.003878,-83.012941,,25.65,True,False,False
Veo,89eb75ae-2708-58e7-bc6c-1cef002bcb97,scooter,39.926158,-82.970464,,28.14,True,False,False
Veo,0bb04694-6046-541e-a94d-4a766127562c,scooter,39.990215,-83.005759,,23.02,True,False,False
Veo,107c3c52-ca88-5568-9b1f-f7b2b5f836a6,scooter,40.003028,-83.012933,,27.44,True,False,False
Veo,ee34ef48-c1d2-59d3-becd-69a473dd14cd,scooter,39.994623,-83.007609,,14.61,True,False,False
Veo,81778150-cdd6-5a24-a3b4-ea95a86d6192,scooter,39.960752,-83.012632,,22.39,True,False,False
Veo,bca7dc37-b1bd-5899-8a98-e984169ba8d3,scooter,39.938706,-82.979804,,23.02,True,False,False
Veo,e8226d2d-2bd3-5eca-ae8e-8f114eec77a3,scooter,39.991252,-83.0111,,28.14,True,False,False
Veo,156510d9-9595-50b0-be1a-20d5677f35b9,scooter,39.989898,-83.000965,,28.14,True,False,False
Veo,2c35bc8a-8fc3-5e3e-8a86-cd5d1c171f72,scooter,40.013205,-83.025045,,20.05,True,False,False
Veo,2c60dac1-1f3c-5296-8e38-52e13a2a8dad,scooter,40.000136,-83.021325,,16.39,True,False,False
Veo,6b544a9d-fd3e-503e-8f8a-c772ebbdca59,scooter,39.951481,-83.029259,,14.17,True,False,False
Veo,1368611c-25df-5269-b6d3-d71b94f90b6d,scooter,40.004993,-83.012565,,14.17,True,False,False
Veo,6c214bfe-bb41-56fc-b7bb-0fa2dc39e631,scooter,39.993973,-83.006685,,25.34,True,False,False
Veo,f25da535-6268-5e36-8b03-3e6a4be81eea,scooter,39.993987,-83.006949,,14.17,True,False,False
Veo,2c8b7b31-0e04-56de-92f7-6efbc530aefa,scooter,40.00301,-83.013869,,14.43,True,False,False
Veo,4376e170-5a7a-5526-9ad1-2f6153384b6c,scooter,40.020778,-83.03828,,26.51,True,False,False
Veo,1a1683c7-c911-54ca-9327-7aca388805b8,scooter,40.004462,-83.012137,,20.78,True,False,False
Veo,20afa384-d087-5852-9335-00fae66d59d0,bicycle,39.986877,-82.994317,,26.51,True,False,False
Veo,b22faf56-1ed2-5217-83f8-3a26933b21f9,scooter,39.948305,-83.042131,,24.06,True,False,False
Veo,f048159c-9ef8-5d7b-a860-75ffc5f48ffa,scooter,39.978567,-83.019488,,12.28,True,False,False
Veo,db0684fb-98ca-56f9-b182-663cbdb61c9b,bicycle,40.010292,-83.020827,,26.78,True,False,False
Veo,f95dbe0a-942a-525e-ba01-7c8ddb14fcba,scooter,39.994472,-83.013422,,9.29,True,False,False
Veo,616f4f73-4ae5-5283-87cd-5639c82bd38b,scooter,40.007839,-83.026488,,27.44,True,False,False
Veo,cedc7bc2-8557-5aa1-89bc-428f89fc670e,scooter,39.957308,-83.012598,,26.78,True,False,False
Veo,917c6e94-b42c-53f6-af1d-56920525489c,bicycle,40.008262,-83.012743,,24.06,True,False,False
Veo,a87a8ee9-b0b3-5cc2-8776-b695c3385832,bicycle,39.98672,-83.007866,,25.74,True,False,False
Veo,07feec68-edde-5797-83ca-31fe03336e8d,scooter,40.001708,-83.010475,,20.78,True,False,False
Veo,50078af1-c169-5381-b25c-6eb8d9a571b9,scooter,39.978584,-83.003882,,28.14,False,True,False
Veo,6a0794c2-86a1-537d-9c21-8384baa3ac46,scooter,39.993342,-83.006891,,12.63,True,False,False
Veo,000d9558-55a9-5793-b18b-1707e53bf7bc,scooter,39.976654,-82.998199,,28.14,True,False,False
Veo,f0461199-a2ac-53ba-86a0-78f700bdc005,scooter,40.000464,-83.01533,,25.34,True,False,False
Veo,fb4a48c6-da8e-5884-8355-223eefd995e3,scooter,40.011999,-83.013614,,28.14,True,False,False
Veo,5d91b38c-812e-5860-9c30-463d3eff437d,scooter,39.993223,-83.015969,,13.39,True,False,False
Veo,0bf11e2c-f936-5074-a34c-34fef572c1f7,scooter,39.936892,-82.981095,,28.14,True,False,False
Veo,65250517-67dc-54e1-94c4-ace0d8cd0db0,scooter,39.956626,-82.987115,,14.61,True,False,False
Veo,f1da9236-882e-5055-84ca-9e9caf4551b7,scooter,39.964717,-82.991797,,14.61,True,False,False
Veo,6056ab8f-23b9-546f-9ec7-14ac799f61f5,scooter,40.019048,-83.025319,,8.09,True,False,False
Veo,164f3057-5b2c-5b94-a3d7-bea88a63fffd,scooter,39.999459,-83.009328,,17.37,True,False,False
Veo,d4c264f6-21d7-5de6-8a23-7371406b95db,scooter,39.996808,-83.013556,,14.17,True,False,False
Veo,8bfba5e7-16cd-55ce-9ae6-3da2fd2f277e,scooter,39.986215,-83.000227,,14.61,True,False,False
Veo,1db35d04-20b5-5bc9-891a-47b112e294eb,scooter,40.008317,-83.023439,,19.78,True,False,False
Veo,1334f3c9-5aa4-58cb-b7e6-60c81c9a6a8f,scooter,40.003872,-83.012959,,28.14,True,False,False
Veo,4834092c-4b4f-5088-ad21-9cedd7b6bbc6,scooter,39.962629,-82.998396,,15.89,True,False,False
Veo,f4350b01-90c9-54b6-a8ab-a08835110f87,scooter,39.957404,-83.011462,,28.14,True,False,False
Veo,a81edc0a-7ace-55cc-ba9a-71e361c15ccc,scooter,40.001977,-83.006495,,25.34,True,False,False
Veo,e6411d6d-31c7-5fdc-9e36-6bd170dc6347,scooter,39.969189,-83.00048,,28.14,False,True,False
Veo,b5ae60ed-50fe-5b22-b0fb-7f6061282e6d,scooter,39.899749,-83.047227,,26.25,True,False,False
Veo,89ab629b-6135-52c0-bc37-527300740d8d,scooter,39.993524,-82.981123,,28.14,True,False,False
Veo,79c51918-1156-5016-8bb7-d630e884bf09,scooter,39.960791,-82.983591,,24.84,True,False,False
Veo,205738bc-e6c2-5fc6-8768-e594f128cb64,scooter,40.003706,-83.008719,,18.19,True,False,False
Veo,f8a64fab-63d6-5359-b3e1-b18493216728,scooter,39.931054,-83.064938,,28.01,True,False,False
Veo,d8484b88-7333-5fef-a3ea-d5030f5c5c6c,scooter,39.976351,-83.010892,,15.18,True,False,False
Veo,1ce5f360-9f7c-5c6b-837f-cf7c45794833,scooter,40.032719,-82.991432,,21.77,True,False,False
Veo,979b37b6-cc1c-5943-b138-2541bd7db6cb,scooter,40.004814,-83.017896,,25.94,True,False,False
Veo,99e8d342-aad3-5523-8b72-dcfbcfb7c2ed,scooter,39.950147,-83.000225,,22.7,True,False,False
Veo,9e6d1130-ea98-51a5-be9b-846cbefa5da4,scooter,39.957549,-83.003586,,12.63,True,False,False
Veo,866c2808-ce51-51dd-a572-31b4547cc049,scooter,39.965206,-82.999392,,22.05,True,False,False
Veo,0fc14fd9-8df0-52f9-a37c-b060cfbe148a,scooter,40.005814,-83.016753,,14.61,True,False,False
Veo,8184876d-92c6-561a-8080-2faec7bf8482,scooter,39.99496,-83.006114,,18.67,True,False,False
Veo,9abaaf19-02d2-58e0-89cf-bca141caabb2,scooter,39.962165,-82.989657,,13.86,True,False,False
Veo,ad9e57f1-a8a9-596f-974f-d8d2d45e2887,scooter,39.978689,-83.004606,,28.14,True,False,False
Veo,cb17a2cf-0fc1-561e-8475-7a2d1c70ccd3,scooter,39.974328,-83.022789,,16.39,True,False,False
Veo,61754c1b-8b49-59fa-89d7-6ae7a19b847e,scooter,39.988195,-83.031537,,25.65,True,False,False
Veo,a62724ce-7e7a-5de7-ae17-6f712b423aa3,scooter,39.973021,-83.002824,,25.74,False,False,True
Veo,cfc9d8c7-5814-5604-b159-66017c0ff3fb,scooter,40.00174,-83.013838,,14.17,True,False,False
Veo,48046a25-9c09-5d58-a148-8ea1e41990eb,scooter,39.964162,-82.998415,,12.52,True,False,False
Veo,fd474c8d-e466-507f-b66f-0236f17b2e07,scooter,39.995608,-83.010753,,26.51,True,False,False
Veo,ba4e8d1a-fa33-5cae-b5ab-e1c84d96bbd0,scooter,39.977372,-83.011037,,15.89,True,False,False
Veo,4faebcb4-ca11-5562-a9e3-abee3963bcf2,scooter,39.970712,-83.045672,,25.12,True,False,False
Veo,90b31ebe-2280-5567-8a2c-ab110e53ecf2,scooter,40.004439,-83.024448,,28.14,True,False,False
Veo,ed277ed2-be49-591a-8b5c-e4cd442f109f,scooter,39.97132,-83.004796,,25.34,True,False,False
Veo,348b34f9-1787-575e-ab55-330a95d811d4,scooter,40.001196,-83.021165,,27.44,True,False,False
Veo,05378cb7-5526-5ca1-b953-395c45df438f,scooter,39.993574,-82.981129,,16.84,True,False,False
Veo,555dc572-9511-5ff5-925b-10e52ce075bc,scooter,40.005361,-83.010903,,15.45,True,False,False
Veo,2b90655c-fea9-5166-a4ab-48f7cec543f2,scooter,39.994325,-83.01329,,25.34,True,False,False
Veo,9c65a635-ae83-56a5-aa0b-b2801da5915b,scooter,39.958498,-82.975196,,28.14,True,False,False
Veo,23b67587-0c1d-518e-87ac-c1d154c3f5e6,scooter,40.006885,-83.002817,,27.77,True,False,False
Veo,6b0cdd48-5d40-5061-b989-14936eff3967,scooter,39.996229,-83.0094,,28.01,True,False,False
Veo,889329c2-4a1a-56b7-af58-fc4f1d78c023,scooter,40.002079,-83.012662,,25.65,True,False,False
Veo,d528c14d-138d-5ea7-a29c-4b65605a9934,scooter,39.945933,-83.009098,,27.44,True,False,False
Veo,bf363750-1b92-5daf-a788-9df989ac3e7f,scooter,39.998753,-83.006011,,28.14,True,False,False
Veo,1dd53ea1-0372-5e7d-8d38-4032fab50c11,scooter,40.004064,-83.019502,,22.39,True,False,False
Veo,a5243da9-7334-5ece-b141-c5e0cd98e31a,scooter,40.038416,-82.99573,,24.33,True,False,False
Veo,1d1ab08b-3728-52f3-8f5f-5d41c9198bb5,scooter,39.950728,-82.997513,,8.43,True,False,False
Veo,fedf2762-517c-57c1-9926-bb2015cca4e7,scooter,40.023066,-82.9819,,16.39,True,False,False
Veo,69ab9921-d190-535d-a5ba-59418eba0621,scooter,39.934301,-82.984403,,12.87,True,False,False
Veo,d6bd33fd-1c1a-5728-af72-361d9008daab,scooter,39.985587,-82.999485,,28.14,True,False,False
Veo,bb8ad150-ce47-5f47-bfc0-a6c3bf27665b,bicycle,40.009182,-82.977026,,11.34,True,False,False
Veo,0049e526-c2b2-5a14-aa6a-d5a54193ce38,bicycle,40.006194,-83.01259,,25.94,True,False,False
Veo,950c84cb-2043-52b1-a36b-4950933f2758,scooter,40.068129,-83.028885,,21.15,True,False,False
Veo,c64e91c7-6e0e-5933-8ed3-54c33fee6f32,bicycle,39.947521,-83.080604,,19.05,True,False,False
Veo,5374f9ad-9318-51d5-af9b-97f978183dab,bicycle,40.038388,-82.99426,,10.79,True,False,False
Veo,0875dd41-d712-57c0-8e63-76309417d12a,scooter,39.958433,-82.9973,,25.94,False,False,True
Veo,8cd56559-0323-50a9-8ff4-778606f0617c,bicycle,40.015441,-82.928616,,14.61,True,False,False
Veo,280da976-7f88-5301-beda-2ba914371b79,bicycle,39.948295,-82.962792,,12.52,True,False,False
Veo,724b3559-4fd8-57cf-b3f5-8e6eeead65f7,bicycle,39.976329,-83.010816,,27.18,True,False,False
Veo,e9028490-eadc-5a66-b8a2-6839a734d97d,bicycle,39.956281,-83.014434,,13.86,True,False,False
Veo,459fe066-ec51-5528-aa99-211f0f6c856d,bicycle,39.968868,-82.950661,,14.17,True,False,False
Veo,14694a2e-7a55-5b8c-96b7-de81fa078541,scooter,39.969699,-83.00221,,28.14,True,False,False
Veo,b2f9ea4a-9b9e-5788-b1a4-c7ce627cc84a,scooter,40.002281,-83.001762,,28.14,True,False,False
Veo,862beff6-22bd-51af-903b-ed56e21a74ae,scooter,39.957415,-83.011421,,21.49,True,False,False
Veo,3ad34e37-1e39-5ac1-9d6a-3f65b909f259,scooter,39.995432,-83.014512,,26.51,True,False,False
Veo,6e96815c-f798-5baa-aecc-73decad303b3,scooter,40.035432,-82.989192,,13.64,True,False,False
Veo,8a338979-f363-5c52-8ad3-ac3ca2725b75,bicycle,39.964812,-82.96918,,11.11,True,False,False
Veo,44b319ac-0024-586f-a328-14cb48f2f189,scooter,40.003952,-83.010945,,24.06,True,False,False
Veo,93bfe7b5-7b7e-55c4-a2ca-de941cd7cffc,scooter,39.954183,-83.013727,,14.17,True,False,False
Veo,e64a798f-120f-5e19-9acd-cc7578be240a,scooter,39.96634,-83.000641,,25.74,True,False,False
Veo,7b2d6edf-92b0-5af4-aca7-5322ce0fa809,scooter,39.991663,-82.995685,,28.14,True,False,False
Veo,f605d44f-b8b3-540a-af17-351327244cee,scooter,39.94908,-82.948532,,22.39,True,False,False
Veo,769eac5e-5086-556e-b09e-e63b3e793d40,scooter,39.999792,-83.015227,,28.14,True,False,False
Veo,796b6223-a63d-581f-af2d-18b4476531b2,scooter,40.00302,-83.011939,,27.02,True,False,False
Veo,9ec715f5-50cf-5a3e-9de9-285789dd2ab6,scooter,39.963465,-83.002475,,25.34,True,False,False
Veo,0691a2e0-d0fe-5fae-8575-546f92282356,scooter,39.994071,-83.006848,,11.59,True,False,False
Veo,d62a430b-60d7-5af8-a10b-9e1ad51cb15b,scooter,39.999875,-83.006677,,28.14,True,False,False
Veo,a9b828f0-e49a-586d-b46c-b57ec3a39d19,scooter,40.000976,-83.002972,,15.89,True,False,False
Veo,526a361b-5d35-5a7f-9c1e-dd5682230dd9,scooter,39.943409,-82.967226,,13.1,True,False,False
Veo,31e3241a-6267-583d-a5fc-0ee015e89eef,scooter,39.971802,-83.003832,,28.14,True,False,False
Veo,585aea60-4ac7-5a7e-a509-45018ff59f1d,scooter,39.955917,-83.003196,,26.25,True,False,False
Veo,19575d6c-e8ca-56e5-9a89-b69c544f2e7d,scooter,39.995534,-83.022072,,28.14,True,False,False
Veo,b6916bed-0d65-5ded-81b6-589d277ff2d1,scooter,39.97259,-83.004401,,27.44,True,False,False
Veo,161c3bd5-c333-50f0-b096-1c8edac162e7,scooter,40.005699,-83.008627,,28.14,True,False,False
Veo,9875a381-ed57-5135-bd75-ae52f788de0a,scooter,40.002726,-83.014709,,26.78,True,False,False
Veo,fbd4fe4c-49aa-5447-8cfa-a973f250d71c,scooter,39.9776,-83.008939,,26.78,True,False,False
Veo,84cc3246-e954-51ac-939b-738463f29e73,scooter,39.945898,-83.009082,,22.7,True,False,False
Veo,3e5d454f-54cd-5cc2-8d7e-4866afe10ee4,scooter,40.003746,-83.008712,,13.1,True,False,False
Veo,4b7e2eb9-7ecd-58af-a246-5a81e26c55e5,scooter,39.941179,-83.091812,,18.67,True,False,False
Veo,3cdc93cc-4e5f-5fd8-9b48-034a9138f05f,scooter,40.000264,-82.995804,,8.43,True,False,False
Veo,59fe5f0e-31c0-5fa2-a687-5623dc37cd56,scooter,40.008086,-83.009746,,28.14,True,False,False
Veo,095a7681-d67f-5648-8885-6cb10b77dcce,bicycle,39.99197,-82.920164,,26.25,True,False,False
Veo,26a80820-4833-5587-b0c7-809d6112a65f,scooter,39.959868,-83.020717,,28.14,True,False,False
Veo,81884227-7bc6-5a51-9d74-bd75474a958f,scooter,39.986911,-83.009433,,21.49,True,False,False
Veo,3f4392fd-1a8a-5e4c-ad5f-417db41c6b62,scooter,39.978768,-83.004522,,13.86,True,False,False
Veo,f55098a7-4ca7-5cf7-89ed-d7a9299de7f4,scooter,39.973171,-82.969917,,27.02,False,False,True
Veo,d7bf159c-c317-5c1e-8240-5a7431bdd37f,scooter,39.959005,-82.997475,,13.39,False,False,True
Veo,f0a55165-7089-52cf-8273-48ea367bd5b0,scooter,39.99995,-83.006268,,14.17,True,False,False
Veo,e3b14f9a-13a5-56c2-bffb-5d03430e45d9,scooter,39.967237,-82.971354,,26.78,True,False,False
Veo,22dad9c6-d7a5-5a4f-a843-347dcf45c42d,scooter,39.98984,-83.005624,,23.02,True,False,False
Veo,7152d511-d561-5b29-a2ce-b1047f7004eb,scooter,40.014628,-82.990836,,20.37,True,False,False
Veo,b5ee68ff-1313-50c7-80b0-b96b4bc3a318,scooter,39.952046,-83.000457,,28.14,True,False,False
Veo,5dc1ab8f-92ca-5d3c-b082-f0a2919fc50a,scooter,39.973843,-83.002997,,10.79,False,False,True
Veo,aff9827e-2842-5717-820d-fcdb25822e2a,scooter,40.011936,-82.968586,,28.14,True,False,False
Veo,1eab7c85-5e16-5f54-b0ee-6086c2eb6bc5,scooter,39.992752,-83.006731,,16.84,True,False,False
Veo,f09e88a5-2bc6-5960-9628-a5908fbc1970,scooter,40.002395,-83.011874,,12.87,True,False,False
Veo,154f81cf-3bca-5474-a3ef-9bb42e390bf0,scooter,39.94867,-82.997882,,17.89,True,False,False
Veo,460e5697-5a60-581b-a50b-9c5ece8d1a0d,scooter,39.971869,-83.021966,,25.12,True,False,False
Veo,a1a7af06-bb5b-5f0d-bc2b-a9581c44f447,scooter,40.002414,-83.016404,,15.18,True,False,False
Veo,b58e5e45-c1c3-5aa1-a396-22958d70551a,scooter,39.950092,-83.000222,,27.44,True,False,False
Veo,7c46e3e6-db78-595e-8568-d9fbdca51c80,scooter,39.940486,-82.983503,,14.86,True,False,False
Veo,f3949312-7434-5aee-b40d-f3a761001a6f,scooter,39.998044,-83.009725,,22.7,True,False,False
Veo,11a98576-6164-5fe4-9bd6-9a058d09ba38,scooter,39.976792,-82.978121,,25.34,True,False,False
Veo,db87cc46-3ffa-5bd9-b188-1f18042437ba,scooter,39.95501,-83.018731,,25.12,True,False,False
Veo,b3bc18cf-e753-53da-b457-73ab231aef5b,scooter,39.994188,-83.008159,,6.98,True,False,False
Veo,2521f4ca-1f9b-5356-a775-e05256f02244,scooter,40.016787,-83.007439,,25.34,True,False,False
Veo,2c2e6317-c55f-5002-a6e8-a0f4af81666e,scooter,40.000736,-82.986402,,27.77,True,False,False
Veo,e2fd4551-87d9-5c24-ae1b-dcf2e3d2ff3b,scooter,39.980133,-83.018378,,25.94,True,False,False
Veo,452a1d77-3075-551e-b6b4-9419a8a727f5,scooter,39.994415,-83.000537,,20.37,True,False,False
Veo,09f2a6e0-6ec0-5dc3-951b-48944f730dde,scooter,39.993858,-82.999664,,15.45,True,False,False
Veo,ba7c400d-f113-5039-b335-56dee8d55a22,scooter,40.002537,-83.005931,,9.02,True,False,False
Veo,7a832c98-602c-599e-93d3-50fc05e7c306,scooter,39.998068,-83.021933,,22.7,True,False,False
Veo,7ecaacb0-6be5-58e2-88e6-a0d64e5729be,scooter,40.011673,-83.010475,,22.39,True,False,False
Veo,4bd40c8c-9875-5272-8934-f807aa1b122f,scooter,39.961261,-82.992347,,12.28,True,False,False
Veo,bbd5d83d-eb5f-53e6-9d86-fa053136a8db,scooter,39.927724,-83.065825,,26.78,True,False,False
Veo,f1bd8a63-144a-5c94-8386-abea48d27e12,scooter,40.003913,-83.013014,,15.45,True,False,False
Veo,13e8797a-0adf-57e6-92ac-966eb8119a75,scooter,40.002498,-83.020679,,15.45,True,False,False
Veo,de4d748d-a3a7-5ca7-9fa9-796eeb02f296,scooter,40.003558,-83.004188,,24.84,True,False,False
Veo,d746a27c-8f42-5482-8324-4d0c2da7609d,scooter,39.963425,-82.983837,,25.12,True,False,False
Veo,72d531e6-323d-59a8-8161-e6035c835653,scooter,39.94339,-83.073205,,5.68,True,False,False
Veo,401f88db-cdf6-5bca-9c6e-81307a1eba12,scooter,40.005643,-83.013917,,18.67,True,False,False
Veo,79d982e7-a571-5987-b4f0-14f33d11ca87,scooter,40.005759,-83.020652,,10.31,True,False,False
Veo,ec66e371-382a-5930-976c-62c5a9703ce7,scooter,39.956114,-83.005587,,18.67,True,False,False
Veo,94e36747-e88c-53ac-9fbf-9e323d0ebdff,scooter,40.006435,-83.009261,,26.25,True,False,False
Veo,14d0a44f-73d1-50bc-ac8d-676c59624675,scooter,40.003831,-83.012996,,19.39,True,False,False
Veo,60d79887-a0c3-5ad7-8e38-8e3dcc19cc42,scooter,40.003879,-83.013033,,13.64,True,False,False
Veo,f2fd7581-d05c-5343-bd71-8219f96a0e2f,scooter,40.004328,-83.011452,,19.78,True,False,False
Veo,4ded112d-1467-58a6-ad77-4ed7b94ffe8f,scooter,39.99396,-82.983401,,14.61,True,False,False
Veo,d1927da0-bb30-5b5a-85f1-8f814dbccc7d,scooter,40.003714,-83.012879,,25.34,True,False,False
Veo,3ff1b519-339c-5552-80d0-43b87410556c,scooter,39.966485,-83.006303,,24.84,True,False,False
Veo,d0808ec2-4786-5438-80ea-a29eb9bc40cb,scooter,39.93331,-82.97006,,25.74,True,False,False
Veo,602c3b8a-5759-5efd-9fdc-8a2ee939c4b3,scooter,39.998652,-83.039037,,18.67,True,False,False
Veo,e9117174-b214-5047-acf1-b46b9ec882d3,scooter,39.953435,-82.923622,,20.37,True,False,False
Veo,2afa60f9-972d-530f-a484-af3d69c4f0d9,scooter,40.011541,-82.978158,,14.86,True,False,False
Veo,5301d7fe-975f-57d1-897c-4023c2c01e04,scooter,40.014867,-83.010569,,25.12,True,False,False
Veo,d3c5f575-3f1e-5112-8c88-02fc8119e975,scooter,40.033727,-83.016503,,28.14,True,False,False
Veo,1dbd95f7-2602-583c-bf9c-aad27b0c031b,scooter,39.984709,-82.979785,,28.14,True,False,False
Veo,3a8b7bfc-8775-53c1-a558-15c94da436fb,scooter,39.99689,-83.002451,,28.14,True,False,False
Veo,8bc566ef-5087-50a7-af54-bbe3aa1ce75d,scooter,39.976344,-83.01086,,24.84,True,False,False
Veo,355993ff-3656-5dbc-b188-425e627a14df,scooter,40.001845,-83.047901,,13.39,True,False,False
Veo,8d836b1d-3660-5fae-a94e-b7d7707572d8,scooter,40.00235,-83.008409,,25.74,True,False,False
Veo,e7499daf-c7ee-5135-b99f-c97504037bbd,scooter,40.00795,-83.009673,,23.02,True,False,False
Veo,ac02b58f-1995-5a6f-98c7-ce5fb29c516d,scooter,40.003864,-83.010972,,24.33,True,False,False
Veo,2dae0433-6a2a-5bf0-9c1f-7ffc68cec5d1,scooter,40.00442,-83.008856,,28.14,True,False,False
Veo,88c88757-e9e9-5f04-a2a7-613d622629dc,scooter,40.003892,-83.013069,,13.86,True,False,False
Veo,74976d89-33b3-556e-80b4-1473ac33c0cf,scooter,39.927396,-82.957492,,28.14,True,False,False
Veo,bd7054b9-d761-50bf-b396-417d8731ae6a,scooter,40.033752,-83.016465,,28.14,True,False,False
Veo,fa2118a7-99a5-586b-9775-772dafaae70c,scooter,40.06081,-83.079091,,11.83,True,False,False
Veo,883b934f-9c97-5eae-8d1e-98b9e581e70d,scooter,39.9588,-83.012018,,24.33,True,False,False
Veo,c8ec72ff-d09f-5718-aea6-d5837843e698,scooter,40.001332,-83.003775,,11.59,True,False,False
Veo,91b928e7-e31f-54f0-b4b3-32a59b41ec6d,scooter,40.015862,-83.03062,,19.78,True,False,False
Veo,2ba1d87d-4885-5cdb-a2d9-52e61bad072c,scooter,39.948704,-83.002765,,27.77,False,False,True
Veo,5b40025b-1545-5479-8c2d-682a78f9fdf9,scooter,39.954173,-82.957666,,15.18,True,False,False
Veo,ed4ebc91-9800-5aac-9bf2-8a42130cf69c,scooter,39.945865,-83.009013,,28.14,True,False,False
Veo,f14a5999-16d5-53a6-af2d-afa85d3654f1,scooter,40.002713,-83.018167,,18.19,True,False,False
Veo,5e7eef95-cff2-5f42-bcf0-dfd419ae2140,scooter,40.003167,-83.027926,,26.78,True,False,False
Veo,e0cc91a3-7503-53b3-b216-8e6cdcf2c4db,scooter,39.954354,-82.999202,,26.51,False,False,True
Veo,c376fa7f-e301-55c2-99bc-cebb7d662fdc,scooter,39.976343,-83.010852,,28.14,True,False,False
Veo,a0ca1a5b-1ab0-5213-99be-4b470f517e68,scooter,39.957283,-83.012693,,28.14,True,False,False
Veo,8fd5b034-e3ec-5678-8cec-5d249955accc,scooter,40.016135,-82.99872,,28.14,True,False,False
Veo,e584a785-fdba-5fa4-8855-311cafe9b89d,scooter,39.957415,-83.011356,,14.43,True,False,False
Veo,1253b8b7-7cb1-5597-9611-6fdb339048a8,scooter,39.950138,-83.000228,,25.34,True,False,False
Veo,fca2d925-6b5e-57be-9af5-efc20a75621b,scooter,39.965721,-82.998586,,13.39,True,False,False
Veo,1c38e22d-837c-5baf-b384-9026f7692ebc,scooter,40.014765,-83.013534,,24.84,True,False,False
Veo,82645dbb-3b51-5f66-90c7-306966598d63,scooter,40.007664,-83.011765,,28.01,True,False,False
Veo,e7486fb6-59d2-5fcf-be06-7b5e1b0bfc82,scooter,40.038126,-82.98905,,24.84,True,False,False
Veo,592b0de4-be3c-5c6e-999e-1bfdacd549ce,scooter,39.999503,-83.02147,,14.17,True,False,False
Veo,cc8139cd-c9e7-5214-8a25-96a4a98d97d7,scooter,39.993927,-82.983373,,15.89,True,False,False
Veo,a5bc1a4a-0909-50f6-9ad7-38e75cf91016,scooter,39.957434,-83.011433,,28.14,True,False,False
Veo,aad42221-18ae-55ca-85ba-a313ba2930ff,scooter,39.990945,-83.024462,,8.09,True,False,False
Veo,ce5a8375-982e-596a-8d1b-82fa73776945,scooter,40.015284,-82.98986,,9.97,True,False,False
Veo,df42fed6-cf81-53a8-89b8-717288311f99,scooter,40.051512,-83.000166,,15.18,True,False,False
Veo,3c56a7e6-02ea-5ebc-839e-dcf50705b05c,scooter,39.995111,-83.017005,,24.84,True,False,False
Veo,d3a2c0a5-5e6c-550a-a6af-5ed44123e2ce,scooter,40.001322,-83.003752,,27.77,True,False,False
Veo,97743491-4d81-56a1-bf5d-8772902ffebc,scooter,39.996197,-83.010432,,27.44,True,False,False
Veo,b11539de-698d-5436-a13c-b41df6b18fd5,scooter,40.01191,-82.962589,,21.15,True,False,False
Veo,3dedcfae-7fc5-5b45-b21c-69a1b8cb6a3c,scooter,39.977373,-83.00683,,28.01,False,True,False
Veo,ca6e67e1-47e8-5b80-bf21-6c42d646c6dc,scooter,39.95594,-83.003221,,25.12,True,False,False
Veo,e440dd9d-d643-52fe-a9a2-44629aaabe03,scooter,39.957511,-83.084529,,28.14,True,False,False
Veo,8c9e6f55-1766-5049-a192-d5f0954a82da,scooter,39.944293,-83.070893,,13.64,True,False,False
Veo,191a1ab7-7c16-50b9-b7dd-9267a4e122a3,scooter,39.997642,-83.003951,,28.01,True,False,False
Veo,a6641cef-72f8-55b8-9df0-145d59c0e134,scooter,39.971509,-83.002701,,28.14,True,False,False
Veo,815c3200-b4e8-5835-8196-5b61c40c7f3e,scooter,39.996666,-83.010911,,25.65,True,False,False
Veo,690ae45e-d4c8-5462-92a9-ea5bebc48934,scooter,40.003857,-83.013014,,24.84,True,False,False
Veo,b2567cbc-b3b2-550d-b0bd-96f80792c824,scooter,39.996157,-83.018925,,27.44,True,False,False
Veo,db53c9ab-9310-5435-8efb-f54692408ba7,scooter,39.940011,-82.928499,,12.63,True,False,False
Veo,7f1e403c-1a05-53d2-9652-1fc4199fff39,scooter,39.993909,-82.983376,,21.77,True,False,False
Veo,358ef373-76e2-5719-bef1-3bf9b960894c,scooter,39.944518,-82.989773,,5.59,False,True,False
Veo,bbce0ef9-3ac1-58b7-adce-c212f0a42baa,scooter,39.937147,-82.995981,,25.34,False,False,True
Veo,929cb713-a4c5-5b55-bf02-ba57e7390247,scooter,39.985654,-82.995391,,21.15,True,False,False
Veo,0f7bd4fc-aee5-5876-a805-7b78221fe238,scooter,39.99616,-83.011158,,14.86,True,False,False
Veo,d939da49-9b41-59dc-89a5-3c66762fc7c7,scooter,39.974638,-83.010512,,25.74,True,False,False
Veo,f258b45a-0c75-5e05-9898-14e4e5d80541,scooter,39.993913,-82.998398,,10.31,True,False,False
Veo,b3ddf5c3-42ee-529f-966c-088830b14bd3,scooter,39.925274,-83.057998,,14.43,True,False,False
Veo,1c51360f-b823-5f98-81a6-8a0032fa35ff,scooter,39.998039,-83.009494,,28.14,True,False,False
Veo,2c971706-1e52-53de-94af-2161cad29372,scooter,39.926111,-82.991879,,18.67,True,False,False
Veo,2f20aafc-3778-5028-b86d-efe1c22b0a20,scooter,39.986905,-83.009496,,27.18,True,False,False
Veo,1e096784-f453-5873-87f3-6eff23ba2e19,scooter,39.98009,-83.005412,,25.74,True,False,False
Veo,6452053d-4e4e-5e8b-a013-7df483a8b847,scooter,40.002296,-83.011636,,27.02,True,False,False
Veo,47abb39f-5989-566e-bccd-d28725f68524,scooter,39.996275,-82.997125,,28.14,True,False,False
Veo,cec3563e-92ac-5c59-98f0-0b043f0f545e,scooter,40.011511,-83.013664,,25.65,True,False,False
Veo,2beb3993-c48d-57ee-8424-4baa4bf19e74,scooter,40.011977,-82.968619,,28.14,True,False,False
Veo,4b002e05-e9f1-5656-936d-0a0ceeec5956,scooter,39.993002,-83.007491,,16.84,True,False,False
Veo,aa34edec-e773-5c34-94ee-7f61c6a83765,scooter,39.957576,-82.993478,,28.14,True,False,False
Veo,6ce8de6d-9adf-55c2-85eb-3505c59d896e,scooter,39.98417,-83.020684,,28.14,True,False,False
Veo,3108297b-a4a3-5470-8a01-b6bc57700e8f,scooter,39.998673,-83.003454,,25.34,True,False,False
Veo,9083ced3-ec5d-590d-ab0f-4f84ea600790,scooter,40.004272,-83.014334,,28.14,True,False,False
Veo,4bba4104-08c6-546a-ad8a-a005ad674ffe,scooter,39.996284,-83.027144,,17.37,True,False,False
Veo,0d27ddd0-cd4c-53db-af3f-b3c1a152770d,scooter,39.949589,-83.007985,,28.14,True,False,False
Veo,d202b36b-2e5e-5d38-a388-ac32eec32768,scooter,39.969707,-83.008641,,28.14,True,False,False
Veo,ed587874-bb8c-596a-b7f4-f110e8f277cd,scooter,40.005216,-83.012006,,27.44,True,False,False
Veo,ca3ae33f-8dfd-5104-8917-ab789bfc584e,scooter,40.001815,-83.013842,,23.02,True,False,False
Veo,55344585-64c3-59a3-9ae4-1af6e6b9586f,scooter,39.969086,-83.00396,,28.14,True,False,False
Veo,dc6005c8-c9a1-5edd-bd2e-48e222ad0554,scooter,39.992384,-83.020231,,22.39,True,False,False
Veo,d8466961-36c6-5284-9bda-a708453c7933,scooter,39.995584,-83.005427,,28.14,True,False,False
Veo,5be17c2b-571c-5f4f-818b-ee76b5176bd1,scooter,40.008348,-83.009358,,27.44,True,False,False
Veo,4ce07e61-dafb-56c7-a16d-caa04cad3d60,scooter,39.938486,-82.968981,,6.67,True,False,False
Veo,7825b6cc-84c5-5a16-8088-971c73c7400d,scooter,39.979555,-83.000554,,27.44,True,False,False
Veo,b7bfce62-440c-541c-8220-40878d91bac6,scooter,40.007698,-83.01182,,27.44,True,False,False
Veo,89ccbf17-c9b3-5c07-ab42-c3ab1be876f9,scooter,39.999117,-83.009893,,28.14,True,False,False
Veo,0d617d46-6516-5531-becf-09983161149b,scooter,39.927961,-82.971354,,10.31,True,False,False
Veo,7ea9ad30-bb87-57df-a11c-49329fb89987,scooter,39.985285,-83.005238,,24.06,True,False,False
Veo,ffaac580-dcc0-59e2-a29b-d5adc6d5216d,scooter,39.957406,-83.01131,,25.65,True,False,False
Veo,4930dcd0-6ee0-5833-bedc-35bcc2a66da3,scooter,40.008754,-83.009735,,9.02,True,False,False
Veo,bff15df9-9af2-54ec-9d64-0ac4dfaf379a,scooter,39.997555,-82.999878,,28.01,True,False,False
Veo,77de9625-8c1a-5e15-8278-96f86d738a25,scooter,39.98451,-83.029136,,13.86,True,False,False
Veo,c316f3ad-c52a-5d1c-9810-0ea511f83205,scooter,39.985643,-82.980937,,18.19,True,False,False
Veo,cbffdaa9-a558-5ba7-b8e3-e3842b94bfbb,scooter,39.948216,-82.982662,,28.14,True,False,False
Veo,1d3de890-db39-5cc3-a76f-393c7417344b,scooter,39.957003,-82.914642,,1.56,True,False,False
Veo,3ba9a0f6-4a2c-5c4f-9630-37180b43e078,scooter,39.953666,-82.974717,,10.31,True,False,False
Veo,28f2fb5b-4659-56c0-a8c3-6c4c831b131f,scooter,39.989478,-82.982924,,20.78,True,False,False
Veo,e3a16f11-d126-5cc6-890a-4826330f3898,scooter,40.002866,-83.013895,,25.12,True,False,False
Veo,0d179f70-8ead-5357-b273-b9345983fa37,scooter,40.007663,-83.0118,,16.39,True,False,False
Veo,f668ad6c-2cd9-516c-85f7-527a4ff81d6c,scooter,40.001287,-83.003786,,25.74,True,False,False
Veo,0db0e0ed-121f-5749-be75-37c660be9571,scooter,40.038377,-82.964707,,25.94,True,False,False
Veo,e1af808e-a217-576d-a08c-002886db4389,scooter,40.001816,-83.013264,,14.17,True,False,False
Veo,aac767f5-8a3d-542a-b76f-c8d7f936934a,scooter,39.974984,-82.967854,,6.98,True,False,False
Veo,69bd16f1-ed0b-5110-bd92-9de814c7cb74,scooter,39.960307,-82.986869,,8.09,True,False,False
Veo,1ca61ae0-50ab-586f-b0fe-4f02bd3bf716,scooter,39.944917,-82.980913,,14.61,True,False,False
Veo,e5fbf012-3460-5640-a9c1-4e8a0c96df40,scooter,39.963434,-82.956025,,28.01,True,False,False
Veo,12d0d938-587e-5e5a-9c5e-6e789462de4c,scooter,39.995359,-83.007172,,22.39,True,False,False
Veo,0963bbd7-87ad-5d2c-80c3-5bfa222a6e5c,scooter,39.940984,-83.065476,,25.74,True,False,False
Veo,1dd9cee3-c1c1-5023-a215-023692e29b33,scooter,39.996419,-83.016972,,12.28,True,False,False
Veo,ef5039b2-cb38-5127-9806-da10fc8e4cc2,scooter,40.017275,-82.967778,,28.14,True,False,False
Veo,b3fe4042-098e-50a1-aab0-f6f1b5fc5d61,scooter,40.006884,-83.002829,,16.84,True,False,False
Veo,73742fcc-0d5d-5feb-b4c6-08e1f5508c4d,scooter,39.969574,-82.965904,,15.89,True,False,False
Veo,55d41bf8-cce9-540d-9b4a-3f99d65afdc9,scooter,40.011195,-83.001963,,25.12,True,False,False
Veo,b85020ce-e97d-5d88-9d8f-941e314cdda9,scooter,40.003733,-83.012909,,11.59,True,False,False
Veo,72509d78-9693-531f-bd22-9e08b01dc2d2,scooter,39.987942,-83.008724,,28.14,True,False,False
Veo,f6a5cf9f-3776-58be-8a73-ebc9c83b57bb,scooter,39.987179,-83.004908,,24.84,True,False,False
Veo,6676131f-bcbe-53e2-b909-4f69ef653533,scooter,39.948607,-82.98269,,28.14,True,False,False
Veo,a4d0f445-24b7-51f3-8dc4-523e57ce5e3d,scooter,39.960307,-82.95801,,11.59,True,False,False
Veo,716702b0-054e-5c03-b36a-8ffa9d75348d,scooter,39.999292,-83.005158,,23.02,True,False,False
Veo,5f4ea82f-4372-52a7-8c66-774067a0bb4e,scooter,39.994179,-83.019471,,25.34,True,False,False
Veo,ce02aefb-1845-58af-b4a2-3e18747a01a2,scooter,39.955991,-82.945202,,28.14,True,False,False
Veo,dcb9a1d0-832a-510a-90b6-3f52a4646d4f,scooter,39.957459,-83.011301,,28.14,True,False,False
Veo,7445f2d1-f6b8-5791-baf3-0e5753c91943,scooter,40.000745,-83.014884,,22.7,True,False,False
Veo,3aac5d0d-bff8-5a0d-aecd-49dc251e2946,scooter,40.001786,-83.013821,,28.14,True,False,False
Veo,a4a3a575-a8bb-5472-b606-1ca4bf8e5c96,scooter,39.967523,-83.014526,,26.78,True,False,False
Veo,a911d517-77cf-59e7-b7b2-6b3631d08e20,scooter,40.016394,-83.022716,,9.29,True,False,False
Veo,71074d3a-89af-58a3-ad03-3195ace774f5,scooter,39.990269,-83.00542,,14.86,True,False,False
Veo,8c5719c3-5e10-535f-a222-92e196e0b1ee,scooter,40.001914,-83.014149,,24.06,True,False,False
Veo,b5bd2100-6b47-5d7e-96f8-409f317c5797,scooter,40.005598,-82.974013,,5.68,True,False,False
Veo,11050725-c81d-5bad-8377-5f4fbd4bc0e9,scooter,39.984936,-83.016661,,14.43,True,False,False
Veo,d86666ff-9902-59d8-93af-0aca1f3a079e,scooter,40.000768,-83.010338,,21.15,False,False,True
Veo,01f304ba-4e9b-5e18-af9f-57570d457580,scooter,39.958626,-83.03075,,6.07,True,False,False
Veo,ae8699f1-808b-509c-a96b-ff642501cf31,scooter,39.950099,-83.000193,,9.02,True,False,False
Veo,c47e024f-801f-5233-8e1a-ea3ec75ca6ec,scooter,39.995564,-83.010753,,14.86,True,False,False
Veo,df22c4c0-4e2f-5f41-83f0-277c9913803c,scooter,39.99469,-83.007796,,27.77,True,False,False
Veo,ac0b99b9-fa62-5c0d-b7ef-60e1be1c4ed2,scooter,40.002951,-83.013649,,16.84,True,False,False
Veo,3ba682b5-75ec-5a0a-b4d4-6d9e100fe0ad,scooter,40.003549,-83.01477,,12.87,True,False,False
Veo,031521ed-8de0-5eba-9600-75f5b35ddd01,scooter,39.951014,-83.000347,,28.14,True,False,False
Veo,61d9d821-f87f-5b7a-8063-794aa74b26d0,scooter,39.945928,-83.009057,,28.14,True,False,False
Veo,a1adc780-8ac6-57aa-9de0-500508eedfe3,scooter,40.014996,-83.010026,,25.12,True,False,False
Veo,336524e6-4de7-5f5b-af23-236c31547503,scooter,40.001561,-83.0088,,26.25,True,False,False
Veo,14cbefd6-f54f-56b1-a852-de3cca9c62fe,scooter,39.993552,-82.981166,,25.94,True,False,False
Veo,44b2380c-c578-5eec-91c3-0509842a92f3,scooter,39.9445,-82.870957,,28.14,True,False,False
Veo,e2dcfefe-949e-5559-89b0-2918dd19893e,scooter,39.966505,-83.006164,,12.87,True,False,False
Veo,2086b8e5-1a83-54d8-81b1-a236a3206412,scooter,39.99403,-83.006899,,28.14,True,False,False
Veo,05f24ac0-1e9f-5a0e-a188-aab8f92c45a5,scooter,39.957542,-83.011493,,20.37,True,False,False
Veo,8c798816-918f-5374-9eff-eaed6f6d1c1b,scooter,39.956704,-82.98752,,8.43,True,False,False
Veo,84baf767-e726-526d-8f08-5f3cfb6ad955,scooter,39.955789,-83.014241,,15.18,True,False,False
Veo,0fe2161c-617a-5a93-8cad-bd26d054abda,scooter,39.952041,-83.117145,,15.45,True,False,False
Veo,baf713bc-2517-5b39-87ed-d5117cd6fc91,scooter,39.960496,-83.012699,,25.34,True,False,False
Veo,338899df-41b0-50b0-ab53-014cd34fd5a6,scooter,40.0027,-83.027399,,6.31,True,False,False
Veo,9d5f6b24-420d-5833-bb17-3d8866948168,scooter,39.957395,-83.011403,,27.77,True,False,False
Veo,ce1b0ffa-6f14-5fe0-b96e-260cb7d51685,scooter,39.957452,-83.012608,,28.14,True,False,False
Veo,4bfe936e-2c66-53dd-9566-bf043b4afaa8,scooter,39.99839,-83.004524,,15.45,True,False,False
Veo,d85fa982-fd57-57c9-a0cc-ffce048be447,scooter,39.992744,-83.008755,,28.14,True,False,False
Veo,c90ed2df-b17a-5779-8764-e7a011915c77,scooter,39.949233,-83.001136,,27.02,True,False,False
Veo,71ecd680-b5fb-5596-a12c-6ae88c5e30f4,scooter,40.002212,-82.998414,,15.18,True,False,False
Veo,a5d9d593-5024-58b2-8d60-1f89e5921e5f,scooter,39.954196,-83.02809,,25.34,True,False,False
Veo,70bd7577-22d8-557f-953e-07d4d14c6fa1,scooter,40.002986,-83.0149,,19.78,True,False,False
Veo,a6e6b0a2-031f-5e44-b532-cf90c1480678,scooter,40.011958,-82.968599,,28.14,True,False,False
Veo,c0ee8b45-92ad-5f55-9dd9-5c0fbcab4455,scooter,40.000241,-83.01102,,18.67,True,False,False
Veo,e36430af-10bc-5ab6-808f-bf22969a7fab,scooter,39.98085,-83.005574,,12.07,False,True,False
Veo,a19d0428-3744-540e-91cd-ed4d424d192c,scooter,39.996053,-83.020737,,28.14,True,False,False
Veo,7625d777-1d19-569c-869d-7609e2cee4bf,scooter,39.992225,-83.019406,,23.02,True,False,False
Veo,8549166c-9137-5d0b-8ad7-1b0f70148aec,scooter,39.955355,-82.98875,,28.14,True,False,False
Veo,43e7019c-9bdb-52e8-b1db-ad85ee212bd1,scooter,39.97871,-83.004506,,26.25,True,False,False
Veo,75e5b5d3-7057-5f41-9eba-2d16225774db,scooter,39.998799,-82.998888,,25.34,True,False,False
Veo,04cfb145-60b9-5b90-9dc3-f6d8c08bd65f,scooter,39.9574,-83.011403,,27.77,True,False,False
Veo,7536324d-8a39-5970-876b-b40b077b47b4,scooter,40.012091,-83.008643,,15.89,True,False,False
Veo,e4616a15-60ec-556b-95c1-4fdbc6579108,scooter,39.977351,-83.01102,,28.14,True,False,False
Veo,dba852d5-c529-52f2-b9ee-38f5c1e10678,scooter,39.922117,-83.067906,,7.29,True,False,False
Veo,779de080-4839-5008-82cd-14fe13730fc4,scooter,39.986168,-83.036312,,28.14,True,False,False
Veo,1ff96a9c-30b0-5aa1-86b0-188da6d6661b,scooter,39.97887,-83.004397,,14.61,True,False,False
Veo,d202c25f-2055-5f24-ab63-99768281bee5,scooter,39.993569,-82.975161,,28.14,True,False,False
Veo,e9a1dced-e616-5b42-9c16-eb2fba3b8caa,scooter,39.955388,-82.976645,,27.44,True,False,False
Veo,908fa83b-7f15-5f1b-94c8-86887be1bc66,scooter,39.98082,-82.991426,,27.02,True,False,False
Veo,32e4fe0c-bba0-564a-ba21-4f662bb380c5,scooter,40.100919,-83.108872,,28.14,True,False,False
Veo,6cf0b4a2-1fb1-5df0-973d-58519c6e6bb5,scooter,39.995683,-83.011783,,14.86,True,False,False
Veo,7b1d1cb5-eba2-517c-96e6-149a1628d3a4,scooter,39.995477,-83.040563,,28.14,True,False,False
Veo,74782770-65eb-5f78-8d97-53c4392e4a90,scooter,39.955941,-82.995237,,13.39,True,False,False
Veo,9311ac06-eb63-559d-bd3b-a83810b68aff,scooter,40.011589,-83.026938,,12.28,True,False,False
Veo,f7e0d1f9-6c4c-5a58-b018-484236b49bed,scooter,39.94992,-83.009682,,15.89,True,False,False
Veo,74f5de03-a124-5374-a500-b9ac199849fa,scooter,39.970305,-83.002524,,25.34,True,False,False
Veo,c888b6a5-3852-5a0e-942c-53adbb7b13a9,scooter,39.962169,-82.996531,,28.14,True,False,False
Veo,b6651c9e-44cf-5789-a9d1-97e319abf946,scooter,39.90702,-82.960277,,22.7,True,False,False
Veo,90fc7a76-bbff-5739-b889-c7642de95eca,scooter,40.000832,-83.008055,,26.25,True,False,False
Veo,c188657d-bd87-556c-9024-8a71ea381a1b,scooter,39.996816,-83.011946,,24.84,True,False,False
Veo,ecda31c2-c24c-57e9-977a-c53b1db079d3,scooter,39.985605,-83.012708,,25.94,True,False,False
Veo,1514d2a1-c9b5-52c6-bf0d-6883a321fe7d,scooter,39.995338,-83.009447,,6.98,True,False,False
Veo,f63b2353-94da-5319-952f-74e9a217b99b,scooter,39.960454,-83.091072,,9.02,True,False,False
Veo,98127918-0cb1-5adb-84c6-9787e1a30ae0,scooter,39.991636,-82.995725,,22.7,True,False,False
Veo,96eff1dd-710d-5db7-a5a5-b9fc97baf68e,scooter,40.000911,-83.00122,,12.63,True,False,False
Veo,5df3a72b-7358-5c37-ae1e-fc1332a35c3e,scooter,39.96105,-82.993263,,12.07,True,False,False
Veo,a70a1485-ee2a-5eba-bb17-9e5ccd93bb9b,scooter,39.970507,-83.007632,,26.78,True,False,False
Veo,b97f1680-fa43-5c64-8334-8eaa6457f662,scooter,39.95743,-83.01134,,26.51,True,False,False
Veo,f438be88-1fcd-5c8b-a52a-389e074d048e,scooter,39.944802,-83.044586,,28.14,True,False,False
Veo,e372b7af-e97a-56e9-8a43-0f010dcb8436,scooter,39.956324,-83.009608,,24.84,True,False,False
Veo,e8c89fda-03f7-5a42-aee0-7727a7cd14a2,scooter,39.954699,-83.054519,,17.89,True,False,False
Veo,7a35beee-163c-5796-8fd3-85aa02fd273c,scooter,39.958022,-82.995732,,28.14,True,False,False
Veo,66c7c8f0-1c3e-568d-b1d0-6a554bd5d9eb,scooter,39.95166,-82.91369,,24.06,True,False,False
Veo,2f716a6e-765a-52e1-8c34-60fd4c617fdb,scooter,39.949916,-83.009663,,28.14,True,False,False
Veo,8e0282c0-8a55-5a26-8479-b901a62817dc,scooter,39.968202,-83.001553,,3.48,True,False,False
Veo,d0f6841f-26a4-52ac-a36e-93e98920d39b,scooter,40.001303,-82.997391,,19.39,True,False,False
Veo,36a27cb9-ed88-5c3c-8f9d-a6e3ad49371a,scooter,39.977378,-83.010977,,26.25,True,False,False
Veo,140caab8-57da-5027-8b9b-5a5d9128b3bb,scooter,40.000424,-83.026918,,15.89,True,False,False
Veo,5f357aa3-4b61-56de-82fc-138cda6c2b05,scooter,40.006428,-83.009347,,28.14,True,False,False
Veo,28b88f3a-6f18-5cff-934e-72fe7e186ece,scooter,39.960624,-82.980538,,23.33,True,False,False
Veo,2cfda432-fa4f-50c8-92d3-058df942fe07,scooter,40.015073,-83.011376,,28.14,True,False,False
Veo,e7fc8914-356c-5c2f-add9-cf4f36267696,scooter,39.977008,-82.995623,,24.33,True,False,False
Veo,1e31727c-bba2-5bc0-93c2-6752c902fc2b,scooter,39.96328,-83.004197,,24.06,False,True,False
Veo,090c7539-dd31-5d00-949e-0758ca2ecfea,scooter,39.941459,-82.963691,,23.02,True,False,False
Veo,29a7b52d-3ea5-5db1-9b7a-67a5f9baad08,scooter,39.973714,-83.002687,,22.39,True,False,False
Veo,800bc3f4-717e-5195-9470-8a7f5cc0c43a,scooter,40.004602,-83.012646,,17.37,True,False,False
Veo,b4c2dda7-9e65-57c0-9e2a-082a918d1a30,scooter,39.962797,-82.971042,,12.07,True,False,False
Veo,9837c2e2-46bd-500e-a3a6-ce60c553cc3d,scooter,40.004892,-83.015807,,14.86,True,False,False
Veo,aca801a9-5e48-50bc-a7be-352e919d165c,scooter,40.00095,-83.013438,,20.78,True,False,False
Veo,db9ed841-0ea4-51db-a59f-d610a6385cbb,scooter,40.001286,-83.003803,,26.25,True,False,False
Veo,55d7569a-09e7-50ad-9afc-e6adc6571ff6,scooter,40.015874,-83.030646,,9.02,True,False,False
Veo,007b5bb5-927e-55a2-b50f-e41091872924,scooter,39.974086,-83.004606,,26.78,True,False,False
Veo,e0609a96-043d-5556-8edc-61a11b00c305,scooter,40.002732,-83.027401,,25.65,True,False,False
Veo,55d4013c-1265-55d2-903f-30ae1e3d7729,scooter,39.953162,-83.037101,,5.03,True,False,False
Veo,25c655e9-6a3f-5011-8d4e-488fe9ca7c2b,scooter,40.000276,-83.017989,,24.84,True,False,False
Veo,909d97ea-4365-5afa-a43c-bbc9284ce580,scooter,39.965129,-82.976142,,28.14,True,False,False
Veo,d39e7ddc-539b-5ad0-a6c1-0369f6b3aa03,scooter,39.994538,-83.005701,,28.14,True,False,False
Veo,36dcc998-e5b0-582b-be98-5782b6c71fa2,scooter,39.942878,-83.045188,,13.1,True,False,False
Veo,1e3e660d-fef4-5a9b-ae0e-e55626c717be,bicycle,39.969103,-83.001203,,28.14,True,False,False
Veo,54c4ea58-b22e-5c97-8868-b97fa0c4dce8,scooter,39.994113,-83.006899,,28.14,True,False,False
Veo,023b8685-ba7b-5f75-bbca-47be672377cf,scooter,39.998659,-83.025878,,25.34,True,False,False
Veo,2378b6d1-e0fc-5342-8cbb-80f71a599a3c,scooter,40.012728,-83.026534,,14.61,True,False,False
Veo,4a424571-bfd4-524f-934a-74cf923802bf,scooter,39.975092,-83.009503,,16.39,True,False,False
Veo,3716718d-561c-5577-8ddc-bd394781f2ce,scooter,40.012451,-83.026503,,28.14,True,False,False
Veo,fceb3ab6-9cd4-5219-8651-6281109f710f,scooter,39.966284,-83.002314,,12.28,True,False,False
Veo,88451e1a-963f-5d14-80b8-e5d3c6108c70,scooter,40.006053,-83.009009,,8.78,True,False,False
Veo,da85fc09-1a5f-5538-9031-9c3020dcc861,scooter,40.001359,-83.010583,,13.1,True,False,False
Veo,37617a78-c200-52f5-9704-49c5c1723e57,scooter,40.000456,-83.009779,,28.14,True,False,False
Veo,660bb5e4-c762-5ebb-9eab-f48902b79de7,scooter,40.005452,-83.008984,,26.78,True,False,False
Veo,46ef2de4-7732-5c81-a9af-b2f51fd5f62f,scooter,39.956554,-82.955361,,10.31,True,False,False
Veo,167dd3ac-e17d-599e-b887-ea4b43785bb3,scooter,40.02214,-82.997295,,25.65,True,False,False
Veo,4dbb2d04-e8e5-56c7-9428-e6772854bc8b,scooter,40.003553,-83.014766,,25.65,True,False,False
Veo,d6f7746e-db6e-5aa4-8865-f9a0444d10b2,scooter,39.994612,-83.019946,,23.02,True,False,False
Veo,2f7376a1-7d3d-5b98-9ded-c6b74e9b1cfd,scooter,39.958316,-82.992393,,9.02,True,False,False
Veo,651f1c8f-c8bf-5e48-be9f-e79f0661e825,scooter,40.004728,-83.024846,,28.01,True,False,False
Veo,1ca801c3-cfdf-52a9-95ef-da9989c2694e,scooter,39.99325,-83.012214,,28.14,True,False,False
Veo,b4fab6ee-62e6-50d1-8295-594cb41d01d5,scooter,39.974492,-83.015538,,13.64,True,False,False
Veo,54c14406-70ae-562b-b748-a5c684d7c3cf,scooter,39.993938,-82.983406,,27.44,True,False,False
Veo,1f3184cf-d93f-5a22-a9ff-d92e92b2418c,scooter,40.004671,-83.015796,,25.74,True,False,False
Veo,3c51d122-550c-5967-aa09-b4a52957b767,scooter,40.030483,-82.929911,,12.52,True,False,False
Veo,310325b3-4229-5aea-8a13-264df01ac702,scooter,40.002079,-83.011015,,19.05,True,False,False
Veo,50ccea48-c0fc-53c0-8b13-933b20ce56f9,scooter,39.961903,-83.001136,,22.05,True,False,False
Veo,3032e6b0-49ef-5c18-b01a-387002614280,scooter,39.994647,-82.995378,,6.67,True,False,False
Veo,8b755850-e51b-5065-ad7f-5f0fb9bba3c5,scooter,40.000791,-83.021198,,19.39,True,False,False
Veo,198b4166-bb10-568b-a850-87e1853a439a,scooter,40.007323,-83.014672,,28.14,True,False,False
Veo,5af42f4b-ddee-599b-890b-cda059b003f7,scooter,39.997918,-83.006749,,10.51,True,False,False
Veo,27c7d613-0be3-5bb3-8fa3-630f0c471436,scooter,39.97735,-83.011039,,28.14,True,False,False
Veo,eb824b8c-f706-5905-9385-87177199a5f2,scooter,40.032072,-82.972664,,25.12,True,False,False
Veo,594b7287-97ee-55bf-8aaf-6ae7ba2b305e,scooter,39.999082,-82.986254,,19.78,True,False,False
Veo,bfa6a10a-ca0b-5034-8965-e1df3000587a,scooter,39.970669,-83.003996,,24.06,True,False,False
Veo,79180336-fec1-5b3c-8da4-486fea9befa5,scooter,39.982986,-83.005869,,26.78,True,False,False
Veo,a19bc0a7-fb29-5e70-b45d-e0aeb09a82ec,scooter,39.974269,-83.018583,,2.09,True,False,False
Veo,d6f3e07d-9500-5c74-884c-1c87c326ff98,scooter,40.007676,-83.011802,,28.01,True,False,False
Veo,91a2f3a5-0ab5-5bb6-ba40-bdd27287cce8,scooter,39.971473,-82.920757,,13.86,True,False,False
Veo,f10b88eb-82c9-5b14-8d4e-ffc7cdb862ee,scooter,39.965299,-83.009228,,28.14,True,False,False
Veo,e1dc580b-0dd4-5a93-a461-36242c2e88c7,scooter,39.950488,-82.997474,,28.14,True,False,False
Veo,d465bc64-b73e-5472-ba42-5771cb15045f,scooter,39.9722,-83.008524,,27.44,True,False,False
Veo,7b5ff3d0-674d-505b-a0d3-2b9702dbe22d,scooter,39.940458,-82.97519,,22.7,True,False,False
Veo,296f91db-90d4-59b4-857a-071c4de5ebb0,scooter,40.004007,-83.014887,,28.14,False,True,False
Veo,d56090bd-f77d-585f-9a2f-a050bc2e7691,scooter,40.004467,-83.00984,,24.84,True,False,False
Veo,f40f8827-d51d-5692-abd6-838c2a6eec48,scooter,39.998134,-83.03968,,28.14,True,False,False
Veo,5279f5bc-d13c-510f-8909-78f602a28f28,scooter,40.001313,-83.001136,,24.84,True,False,False
Veo,4918c039-7ff6-5f29-990c-8df1ab01545f,scooter,40.081879,-83.036034,,9.65,True,False,False
Veo,aed08a96-2601-53d5-b9ba-53f78ed1e5c5,scooter,40.003714,-83.008654,,22.7,True,False,False
Veo,6e423546-0411-56b8-a32c-4fc1beef2668,scooter,39.996878,-83.006834,,28.14,True,False,False
Veo,903b7863-aa45-5b14-ba5e-f50b19c96aab,scooter,39.951753,-83.035746,,22.05,True,False,False
Veo,62675081-c8dd-5ad2-994d-95080cce26b3,bicycle,39.983879,-83.001838,,25.94,True,False,False
Veo,658aae70-d47c-571f-8e7b-115500f77466,bicycle,39.94667,-83.045097,,10.51,True,False,False
Veo,1a125fc2-d6ed-5ffa-890a-c3a582acee85,scooter,39.976289,-83.004356,,28.01,True,False,False
Veo,27d0b68c-030d-5f36-a0a5-bb09860bb9d9,scooter,40.032698,-82.991417,,28.14,True,False,False
Veo,8bea1e3c-ab46-55f6-a856-ed3fe63cab8a,scooter,40.002856,-83.013731,,15.45,True,False,False
Veo,cdb679e9-2cb3-55de-acdf-0dd27c6d1713,scooter,39.944781,-83.044665,,24.06,True,False,False
Veo,d45bef23-ab15-5cda-8e93-59a3d076b20b,scooter,39.998849,-83.017651,,7.29,True,False,False
Veo,be5ea9b3-9ae4-56bc-8234-7fca8f9bf663,scooter,39.963214,-82.981325,,28.14,True,False,False
Veo,9a213a0c-28a0-56a9-9ea2-fa26615268fc,scooter,40.003703,-83.011474,,26.78,True,False,False
Veo,5e2e04a5-0145-56e9-98f7-ffcc3d7c7d22,scooter,39.995572,-83.012746,,14.86,True,False,False
Veo,e3e7a992-5541-5f9a-80ee-484b12323354,scooter,39.990292,-83.005482,,14.61,True,False,False
Veo,f84894ed-bed0-5799-948a-d3a8f48931cc,scooter,39.957786,-82.94532,,13.39,True,False,False
Veo,e491f8ad-2857-5601-8d67-8ed36bbbfdf2,scooter,39.986198,-83.000245,,27.02,True,False,False
Veo,d9c7296f-8d02-5519-973b-c63d7cae8e34,bicycle,40.005666,-83.009272,,14.17,True,False,False
Veo,f116fff7-d2f0-52da-baa0-12d496ca760e,bicycle,39.996227,-82.997201,,11.11,True,False,False
Veo,d39ea7b7-82f0-50a6-bcc1-63499a691422,scooter,39.994071,-83.006936,,13.1,True,False,False
Veo,4179b48f-0af1-5030-9f7d-208520ee9811,scooter,39.997654,-83.007922,,15.18,True,False,False
Veo,da4ecf2a-3787-56c5-88a2-7e9fe353f927,scooter,39.94307,-83.037962,,17.89,True,False,False
Veo,902e272b-3196-5146-8b72-fa9f315a0972,scooter,39.957753,-82.969076,,27.18,True,False,False
Veo,2fb194ba-af61-5bf8-acf4-bb49046d4f8c,scooter,39.942017,-82.994992,,28.14,True,False,False
Veo,bfbe1639-d669-5b9d-984e-89f91fbb5901,bicycle,39.92736486368748,-82.97824739056534,,25.12,True,False,False
Veo,84957155-274d-52c7-8ee7-fcb0f95cd15f,bicycle,40.006929,-83.047692,,2.79,True,False,False
Veo,fc6d5f8c-12ae-5d98-8517-749ef2cb6639,bicycle,39.998746,-83.021525,,12.07,True,False,False
Veo,72c6f932-b300-57ad-b1d8-4b2e18a94af4,bicycle,39.955082,-83.036751,,0.33,True,False,False
Veo,9edbf5c4-9fbc-5665-b440-18650586ccd8,bicycle,40.098843,-83.114488,,28.14,True,False,False
Veo,357b336b-ec4d-578e-a0e7-00d5ebce7451,bicycle,40.003387,-83.019683,,28.14,True,False,False
Veo,a00769f7-070d-5998-bb34-749d41035343,bicycle,39.96827,-82.97774,,14.43,True,False,False
Veo,50af4c4f-a244-5815-8bab-428bbf45a6e2,bicycle,39.999995,-82.996737,,26.25,True,False,False
Veo,737e78c4-b0be-55ed-b256-83b8921600a4,bicycle,40.030391,-83.028021,,4.19,True,False,False
Veo,51498baa-4fd0-5e2b-b5cf-a324b6e46ee9,bicycle,39.975002,-82.981455,,28.14,True,False,False
Veo,e16c60b8-158c-566f-9c6a-796e387a438b,bicycle,40.000931,-83.013124,,24.84,True,False,False
Veo,a65ea3b6-f814-5276-8f76-55ff0017039b,scooter,40.022695,-83.046404,,13.64,True,False,False
Veo,08ecf2e7-6d7d-5b41-8a07-2f976ee016ea,scooter,40.011517,-82.978093,,28.14,True,False,False
Veo,16e4e86b-a9f8-514c-b0fc-bb9d595c755a,scooter,40.005381,-83.015026,,10.31,True,False,False
Veo,aca3013b-e833-515b-b6b3-60b98e8ae9f3,scooter,39.994458,-83.005803,,13.64,True,False,False
Veo,041ce3f9-96db-5828-afbe-2959470a9635,scooter,39.958142,-82.979537,,25.34,True,False,False
Veo,3bbb8da9-4ac8-5c5f-8e60-be60f20f991d,scooter,40.03267,-82.990818,,15.45,True,False,False
Veo,0fb31dd9-8a9e-5751-8c77-d0cfddd44cd5,scooter,40.001294,-83.00376,,28.14,True,False,False
Veo,cb52fcfb-b4bf-5b28-8029-579e7470c0d2,scooter,39.961398,-83.006435,,15.18,True,False,False
Veo,a2cdc4bc-3c01-5a47-bdda-ec1412a884e0,scooter,39.953884,-82.999079,,25.74,True,False,False
Veo,c95554fd-3c52-5ffa-a4a0-293320bd98a8,scooter,39.998434,-82.996366,,27.44,True,False,False
Veo,eb4e59ca-8313-51ac-804e-b1aff4ea047f,scooter,39.984325,-82.999205,,12.28,True,False,False
Veo,6812f927-03e7-5f2b-beab-c5cead6e0784,scooter,39.978513,-83.014362,,28.14,True,False,False
Veo,6af09f18-f85d-5f85-9269-77a55d200b3a,scooter,39.969084,-83.001015,,19.78,True,False,False
Veo,6eb7cba1-7d8f-5d0e-b839-76d62b00e432,scooter,39.972183,-82.976559,,11.83,True,False,False
Veo,b6155c52-db8f-5c48-8b54-e3343e9c3f99,scooter,39.996427,-83.026671,,10.31,True,False,False
Veo,cccb466c-b9bf-59c1-8e73-4b45a7a3978e,scooter,39.99317,-83.026988,,13.39,True,False,False
Veo,68879405-3859-5bc7-b4f9-4b5bfd028e6c,scooter,39.950705,-82.997484,,28.14,True,False,False
Veo,678c1f9b-52d5-570e-957b-d4021d3766d2,scooter,40.030473,-82.973498,,18.19,True,False,False
Veo,5853f5fe-bb19-5c34-8adc-ada17fc99987,scooter,39.952233,-83.000523,,28.14,True,False,False
Veo,38358d5b-f505-51f0-bcff-c20025ecd7f3,scooter,39.995431,-83.014554,,27.77,True,False,False
Veo,43874044-35df-5c70-bdac-d3a6d26a2032,scooter,40.013604,-83.026596,,11.59,True,False,False
Veo,f81afa49-3d29-539d-9387-7899736245c3,scooter,39.996035,-83.015819,,28.14,True,False,False
Veo,530f18f0-9a47-54b8-8de6-afc32611fde5,scooter,39.940257,-82.96006,,25.94,True,False,False
Veo,b044c131-f04a-56d8-9a6f-1e29576e6a54,scooter,39.94888,-82.948451,,7.62,True,False,False
Veo,bf593dc4-24c8-57f5-b910-5659cf257137,scooter,39.962338,-82.992359,,25.65,True,False,False
Veo,176510d4-1edd-57c0-9e19-ed763ad4f8a9,scooter,40.022673,-83.018642,,25.94,True,False,False
Veo,1b33d7f4-e9f5-5b73-969a-3ee00d33d2b6,scooter,39.998403,-83.016723,,28.14,True,False,False
Veo,c9c8c0d9-de8e-5e3d-b445-30f9ce7f1686,scooter,39.978677,-83.004556,,28.01,True,False,False
Veo,6557114f-db76-5631-9dda-6a9bf0547bae,scooter,39.966402,-82.999892,,15.45,True,False,False
Veo,cd33edd3-f85b-5bac-91db-659075369e0a,scooter,40.053235,-83.049353,,25.12,True,False,False
Veo,c879ff71-219c-531e-9564-37f28b708713,scooter,40.005663,-83.013967,,14.86,True,False,False
Veo,62beee7e-903f-5615-9780-10974bd7237d,scooter,39.99416,-83.005788,,8.78,True,False,False
Veo,49f95325-5fd9-5263-aaae-2ed3ca2ea274,scooter,40.002891,-83.012896,,28.14,True,False,False
Veo,dda34a2d-193e-5e9b-9737-81e63ea37d51,scooter,39.956035,-83.003069,,27.44,False,False,True
Veo,e457d9f7-e17b-572d-a4ce-f099177fd86d,scooter,40.005819,-83.020717,,9.29,True,False,False
Veo,871f5719-a9ed-5d28-9dbf-d9da802868d0,scooter,39.973491,-82.980708,,12.52,True,False,False
Veo,8a7e992f-eb53-5641-b434-e8358b362636,scooter,39.966164,-83.002391,,14.86,True,False,False
Veo,5c61286e-7dba-57bf-bbc9-9de3cfd2709d,scooter,39.995114,-83.008972,,25.94,True,False,False
Veo,c0c04275-af14-506a-bd87-86f241a54a36,scooter,40.014876,-82.989311,,26.78,True,False,False
Veo,28e765a3-2418-5f04-b774-ee49c4fec227,scooter,40.00367,-83.010038,,27.77,True,False,False
Veo,88c678f7-aba6-5044-92b9-3a5508ee1427,scooter,39.964147,-82.998415,,9.97,True,False,False
Spin,345ca1e5-577a-4618-8d93-c43aad29dc6e,e-bike,39.987522750000004,-83.0272465,42.0,11.41,False,False,True
Spin,889c6714-4852-4f22-9ebf-e8578e1059be,scooter,39.98549415,-82.96242623333335,53.0,14.34,True,False,False
Spin,a438be2a-92ef-4316-ab9f-c159fa8860a0,e-bike,39.99624743333333,-82.97545975,33.0,9.07,True,False,False
Spin,c93dc59c-b3af-4fdc-b7b9-a9e14d647206,scooter,40.017169,-82.965516,69.0,19.61,True,False,False
Spin,840d306a-1634-46ba-908f-021ffd48950a,scooter,39.997213,-82.999566,20.0,5.82,True,False,False
Spin,aceb77f1-c685-4f12-8005-5fc230931a38,e-bike,40.0024066,-83.00654950000002,66.0,17.85,True,False,False
Spin,b9dafe60-b3f8-4e53-a351-2256bb0fc8f3,scooter,40.003061,-83.004506,60.0,16.39,True,False,False
Spin,f78ea3dc-d236-4b43-9211-6dfa2489df42,scooter,40.012836,-82.968366,85.0,24.2,True,False,False
Spin,6779cdcd-80d4-4fda-a14c-d7c65ef16d0c,scooter,39.962383,-82.969095,71.0,19.32,True,False,False
Spin,f4d34b12-d97a-4fb1-8815-fb12abcd26f7,scooter,39.960706,-83.021031,33.0,9.07,True,False,False
Spin,f3d7f73f-0ad4-475a-ae1e-06c32393e5b2,scooter,39.948054,-83.049359,54.0,15.32,True,False,False
Spin,1a4575cb-edfc-4192-927a-c07db4440581,scooter,40.0025179,-83.0044383,24.0,6.44,True,False,False
Spin,a9cd187a-2dd9-48d7-80eb-347225cb5080,scooter,40.014712,-82.993342,43.0,12.25,True,False,False
Spin,55e1ecc1-3e2f-448f-b3f8-35a0f675b29d,e-bike,40.0877949,-83.01829270000002,43.0,11.71,True,False,False
Spin,ddbd60c4-8eaf-4436-b1cc-d21a9ecbfadf,e-bike,39.99983666666667,-82.97259666666666,60.0,16.39,True,False,False
Spin,0eec8e86-dc4d-44c3-8ff9-8853bbc5641b,scooter,39.98550915,-82.96240993333335,45.0,12.29,True,False,False
Spin,26630fd2-a615-4554-a2fe-4c91d5ae1e07,scooter,40.0157764,-83.0108052,33.0,9.07,True,False,False
Spin,f8f4e655-9f2d-4e1a-a8f1-04790eb1bebb,scooter,40.014611,-82.991083,82.0,23.28,True,False,False
Spin,26273f91-aa79-42ab-85f6-5905adb8db38,scooter,39.957598,-83.011434,57.0,16.24,True,False,False
Spin,a99f8466-9e35-4f0b-9a12-70175424c309,scooter,39.954606,-83.02497,66.0,18.69,True,False,False
Spin,8714ecc6-7c5a-46f1-9c08-f827d0db496f,e-bike,39.95983843333333,-83.00558000000001,35.0,9.66,True,False,False
Spin,b0305d20-122d-478e-84e5-57cdfe47f485,e-bike,40.01204499999999,-82.99570333333334,39.0,10.54,True,False,False
Spin,b682e703-d4e6-4f3d-a5e5-72b0aa235a5d,scooter,40.010562,-82.992166,26.0,7.02,True,False,False
Spin,5242ad5f-a21e-49cf-baf1-00d0bea04fb7,e-bike,39.95597693333333,-83.0125182,52.0,14.05,True,False,False
Spin,95fdf3e2-4085-4c9d-8f76-d5c2bf92fe1e,scooter,39.927617,-82.995531,52.0,14.7,True,False,False
Spin,9656545f-742a-40d2-a62c-10003fcbd5fa,e-bike,39.99388463333333,-82.98864705,73.0,19.9,True,False,False
Spin,7c27d1b6-ca30-420f-82fb-57482572f061,e-bike,39.98852145,-83.00663359999999,83.0,22.54,True,False,False
Spin,bfe07cc4-2834-4f7b-a185-1f57dd7f61be,e-bike,39.993460733333336,-83.0102186,62.0,16.97,True,False,False
Spin,dadedb04-2606-493c-8de1-784bec071063,e-bike,39.99398693333333,-82.98642783333335,69.0,18.73,True,False,False
Spin,9e1cb6f4-dea2-441e-96d1-f2aa33aa848a,scooter,40.014256,-82.991426,65.0,17.56,True,False,False
Spin,001804d3-6b45-4bf4-a39d-a1eb2a00827f,scooter,40.014348,-82.991413,63.0,18.07,True,False,False
Spin,fb25a563-ec05-47de-9117-1c0e8562bc96,e-bike,40.06608833333333,-82.97065166666668,63.0,17.27,True,False,False
Spin,525e9583-9d58-418e-a587-fa5dc1264679,scooter,40.014054,-82.974491,76.0,21.75,True,False,False
Spin,70b8bb59-d9fe-48a7-aef2-82f8181328ff,e-bike,40.018947000000004,-82.99863653333333,68.0,18.44,True,False,False
Spin,7ea35b6f-3bb9-40c5-ac39-a47559a78af7,e-bike,40.0067487,-83.0020646,52.0,14.05,True,False,False
Spin,70c05ccb-e71e-4ab9-b33f-c684c11c8414,scooter,39.956663,-83.01337,85.0,23.12,True,False,False
Spin,56b6b829-7a98-47bc-b60c-0906f1148ef2,e-bike,40.0120582,-82.96378103333333,31.0,8.49,True,False,False
Spin,d0e9096d-caa1-4144-896b-beb6c1a62993,scooter,39.958369,-83.021459,41.0,11.64,True,False,False
Spin,a1cbd9d9-4af6-4a32-bea2-d2d3a816fc34,e-bike,40.014706700000005,-82.99348773333334,41.0,11.12,True,False,False
Spin,51fe3de4-596d-4482-91d1-b1bcb0a098c8,scooter,39.950303,-82.993702,20.0,5.56,True,False,False
Spin,ce6130ea-04a6-4a0d-b0e6-78eb2ce68754,scooter,39.962399,-82.969095,49.0,13.46,True,False,False
Spin,2e8c16f1-2ddf-4877-82f6-1f9a0d4361ea,e-bike,40.0006621,-83.0052264,73.0,19.9,True,False,False
Spin,2c2972ba-b2b0-49bf-b290-576befa4a27f,scooter,40.011776,-83.021164,43.0,11.71,True,False,False
Spin,02c15512-c6c3-4d8d-8ee1-cd0ee71f4a4e,scooter,39.98541845,-83.0030892,59.0,16.1,True,False,False
Spin,89b5378e-90ad-4a9a-845d-21b38dda41bb,scooter,39.996469,-82.955335,82.0,22.24,True,False,False
Spin,f9cf6ada-6e13-43ac-b8d4-4b46b13c6768,e-bike,39.99201863333334,-82.99684893333333,35.0,9.66,True,False,False
Spin,a5b3a952-4279-462f-9ca4-8b6e760cf451,scooter,40.01655,-82.969236,60.0,17.15,True,False,False
Spin,79fe0110-3610-4644-9acb-940ddc569802,scooter,39.957065,-83.002089,59.0,16.1,True,False,False
Spin,fa2a9d7f-4e72-46fd-822c-0e9a64e469a4,e-bike,40.01463833333333,-82.99116333333335,68.0,18.44,True,False,False
Spin,3697d693-ea10-4292-a37a-48e18f20e5eb,e-bike,39.999955,-83.00598666666669,51.0,13.76,True,False,False
Spin,68c66103-5cf3-4d52-8720-592f68ea4399,scooter,39.963277,-83.002554,73.0,20.83,True,False,False
Spin,b7a4a8c2-5da3-4b2e-bedf-e58b71d2e44a,e-bike,39.98067783333333,-82.99206103333333,83.0,22.54,True,False,False
Spin,2f846348-dc81-461e-99b6-b1a396ceba2b,e-bike,40.009483333333336,-82.98057333333333,44.0,12.0,True,False,False
Spin,1b07b875-194b-4f6f-ade1-0828695c33d5,scooter,39.993221,-83.011634,70.0,19.02,True,False,False
Spin,e5ccb183-49af-4857-bb85-aad0a9e01ebd,scooter,39.95795533333333,-83.01381260000001,22.0,5.85,True,False,False
Spin,76d92f43-96d5-4465-99d9-737bfd9564b4,scooter,40.008525,-83.006522,45.0,12.29,True,False,False
Spin,1b47a63d-bf43-4048-a179-439221134c83,e-bike,40.0218487,-83.02686790000001,67.0,18.15,True,False,False
Spin,55aaafc8-b8ad-4681-a718-08aa5b1c667d,scooter,39.962417,-82.969118,30.0,8.19,True,False,False
Spin,340e4c2c-ed3e-482d-b521-ccbb99109d8a,scooter,40.0143663,-83.01042299999999,32.0,8.78,True,False,False
Spin,8d9bb626-7599-43ea-8a16-9d5fb70e23d1,scooter,40.014431,-83.010465,68.0,18.44,True,False,False
Spin,0b513600-ad0c-481e-bed4-4a6fbd4b8c67,scooter,39.97374585,-82.97553584999999,72.0,19.61,True,False,False
Spin,8b93c93a-1a9f-49a9-9e11-70c2bf05da24,e-bike,39.992321833333335,-83.00819299999999,54.0,14.63,True,False,False
Spin,a5293bc1-efd7-4869-8bd4-3bfb2a4152b4,e-bike,39.993862433333334,-83.00582709999999,54.0,14.63,True,False,False
Spin,4ea041d9-38f9-4aeb-b1f0-db45ea9feece,e-bike,39.94385333333333,-83.08014333333334,77.0,21.07,True,False,False
Spin,64653adb-617b-4d05-ad3a-b12af7e93994,scooter,39.963231,-82.981359,78.0,21.36,True,False,False
Spin,6b0fcdcf-a105-4148-aa6b-1f23e7215993,scooter,40.017145,-82.96554,62.0,16.97,True,False,False
Spin,f6436fe2-a45b-4a5b-a598-20f7d2a98967,scooter,39.955933,-83.012653,88.0,24.0,True,False,False
Spin,36d1ad1d-1af3-44dd-a367-d394be8f12e6,scooter,40.018364,-82.969998,44.0,12.0,True,False,False
Spin,6054faa2-b922-4336-9c98-ce0aeeec7372,scooter,39.968673,-82.968217,68.0,19.3,True,False,False
Spin,530c64e2-d5b3-4b88-84ad-39cd5a24f033,e-bike,39.96324143333333,-82.98134813333333,68.0,18.44,True,False,False
Spin,aa92052e-23bb-4c75-9672-3b6f22fac911,scooter,39.96322033333333,-82.98133223333335,85.0,23.12,True,False,False
Spin,1c553a51-8965-4a53-b968-9196182e511c,e-bike,39.96324123333333,-82.98130903333335,85.0,23.12,True,False,False
Spin,d8fd5f2d-8229-4db8-9ee1-91d8665c05be,e-bike,39.96323433333334,-82.98130153333335,83.0,22.54,True,False,False
Spin,b359df1c-609f-424e-83fe-60a90a0809e9,e-bike,40.006829700000004,-83.0094331,45.0,12.29,True,False,False
Spin,c0fe4023-d173-4994-b634-ddfc03cee666,scooter,39.945889,-83.009021,76.0,20.78,True,False,False
Spin,40bbe144-dc79-487c-974b-b99eeb6c64cf,scooter,39.940438,-82.983434,25.0,7.05,True,False,False
Spin,f1ac6b13-7548-4bc3-87b8-4a5772c3ef50,e-bike,40.0005241,-83.00507109999998,22.0,5.85,True,False,False
Spin,c96167d6-8c01-4185-8cc0-5e8883259bdc,scooter,39.95709023333333,-83.00703419999999,87.0,23.71,True,False,False
Spin,c0a2b707-fce9-4a1a-b26f-ff1f3936bb74,e-bike,39.99218563333333,-82.99679703333335,68.0,18.44,True,False,False
Spin,95a19eb2-3b62-4508-90a9-a3035804b8ab,scooter,39.958247,-83.0213,76.0,20.78,True,False,False
Spin,adcbb26a-2898-42c8-89ea-6b2a21ca9084,e-bike,39.98372333333334,-82.94216833333333,70.0,19.02,True,False,False
Spin,a7084871-bb85-4007-a1e3-80c1152eec72,scooter,40.002252,-83.0033409,40.0,10.83,True,False,False
Spin,7199cc33-9e37-4b19-bac2-3b979c117469,e-bike,40.0120269,-83.01221840000001,33.0,9.07,True,False,False
Spin,246af4e8-89f6-46fc-9b3d-e9c7716624fa,scooter,39.956895,-83.007108,72.0,19.61,True,False,False
Spin,a1be032c-5cba-4fd2-8c7b-36208b7922b2,scooter,40.018479,-82.985368,77.0,21.07,True,False,False
Spin,df4dccca-73c5-4a01-8be7-715731a3cef7,scooter,40.026693,-83.00144,80.0,21.66,True,False,False
Spin,3580b551-7988-49f4-9285-4663cdf4c0e7,scooter,39.992255,-83.003164,81.0,21.95,True,False,False
Spin,96c29efd-1dec-43fc-a3ec-7e592aa44de2,scooter,39.947269,-83.053201,35.0,10.11,True,False,False
Spin,9a09189d-0b3b-42aa-a38b-8afc3c7457c3,e-bike,39.994076666666665,-83.00690833333334,44.0,12.0,True,False,False
Spin,9b81c923-b556-42ca-963c-f5563031cc63,scooter,39.991874,-83.001609,54.0,14.63,True,False,False
Spin,626d9ea2-8bbe-452a-9721-731e1027be1f,scooter,40.016229,-82.985511,75.0,20.49,True,False,False
Spin,1448d841-a5a6-439e-8b72-ffe04f30fc43,e-bike,39.99078363333333,-83.0051317,88.0,24.0,True,False,False
Spin,b32e7772-e52c-4c5b-8955-83c4c348c251,e-bike,39.99188166666667,-83.00815166666668,23.0,6.15,True,False,False
Spin,e8c6994e-49a8-40ea-a2f9-ecb6e5ddd567,e-bike,40.010360399999996,-83.02087260000002,66.0,17.85,True,False,False
Spin,2d023f9b-19d3-44ad-8b0e-b16dc465d7cc,scooter,40.032616,-82.98943,53.0,14.34,True,False,False
Spin,841d982a-0e85-4dec-a95f-b336ff58a1b7,scooter,40.032573,-82.98947,89.0,25.43,True,False,False
Spin,c30dc6c0-34ef-49e0-bc3a-90b5258faeb5,scooter,40.023709,-82.987301,39.0,11.03,True,False,False
Spin,fbeffecb-05ba-448c-9665-cd5a2c883a57,scooter,40.023683,-82.987272,80.0,21.66,True,False,False
Spin,bc593473-a0fa-4a19-ba47-2efbb4024f84,scooter,40.023691,-82.987272,29.0,7.9,True,False,False
Spin,59df0211-0b1c-43d5-a383-759869936400,scooter,40.023764,-82.987272,67.0,18.99,True,False,False
Spin,ddbff482-85da-4a4b-8a09-b6f679633c97,scooter,40.02339,-82.981541,63.0,17.27,True,False,False
Spin,7473484b-5bd1-4d40-813a-25530c752fbf,scooter,40.023422,-82.981533,57.0,16.24,True,False,False
Spin,8451af6f-be3e-4a90-8d63-ac296b7f7d9d,scooter,40.023399,-82.981545,53.0,15.01,True,False,False
Spin,d54a1c7d-7c3e-4d65-a4eb-3f68db047961,scooter,40.0024363,-83.0044851,22.0,5.85,True,False,False
Spin,75026f34-ee1d-4d0f-a077-e2616a74be18,scooter,40.016958,-82.978399,88.0,25.12,True,False,False
Spin,687b2b1f-f19c-4834-b24f-32f48ef81654,scooter,40.016969,-82.978418,67.0,18.99,True,False,False
Spin,1431a3dd-e8f7-4f8f-a3a6-d9835029db0e,e-bike,40.017035,-82.96551666666667,71.0,19.32,True,False,False
Spin,45c2fe20-2c2a-4b8a-a3a4-c50ff23ff7d4,scooter,40.017042,-82.965565,15.0,4.1,True,False,False
Spin,5d895ad9-6154-4929-bac7-f84e429fe046,scooter,40.017027,-82.965552,74.0,20.19,True,False,False
Spin,5fd12d48-28f0-4e0c-928c-84f44ccec85a,scooter,40.017019,-82.965564,56.0,15.22,True,False,False
Spin,a90e0795-12b2-49ba-8c52-c00c0d6c5838,scooter,40.014681,-82.989976,68.0,18.44,True,False,False
Spin,6a99cb69-3eb8-47cd-8b66-f19eb186389c,scooter,40.014727,-82.989915,82.0,22.24,True,False,False
Spin,df6a65e7-2e8f-422b-87f5-3fbc8ac0e38b,e-bike,39.98584833333334,-83.02712000000001,51.0,13.76,True,False,False
Spin,fc5af441-a7e3-4832-a0f8-08cf3be59f15,e-bike,39.95878453333333,-83.03423,57.0,15.51,True,False,False
Spin,d84ff03d-d6e8-4021-a868-1d47954119e4,scooter,40.014777,-82.989949,66.0,17.85,True,False,False
Spin,f2179ca9-ab7e-4ac7-91ba-3e130849053d,scooter,40.014537,-82.988115,82.0,22.24,True,False,False
Spin,7800a9fd-f55c-43f7-9d89-e40daf367ebd,e-bike,39.95488,-83.001145,86.0,23.41,True,False,False
Spin,3770ca01-ed19-4f33-8273-cc5870e3d302,scooter,40.014531,-82.988093,81.0,21.95,True,False,False
Spin,eff8c85e-96c0-4aa2-b217-4489150e2a58,scooter,40.008954,-82.970368,29.0,7.9,True,False,False
Spin,0bd88156-9ccb-4cb5-99c2-89d23ab3e0c0,e-bike,39.991921733333335,-83.0262988,22.0,5.85,True,False,False
Spin,8a3ff2e4-4102-498d-9f98-df4dc21335e8,e-bike,39.95913793333333,-83.03565679999998,51.0,13.76,True,False,False
Spin,36bcd439-117c-45be-b99f-5544604004fe,e-bike,39.992333433333336,-83.00811540000001,70.0,19.02,True,False,False
Spin,aabc585f-8632-4b00-9318-7ab6113d1bdf,scooter,40.0147364,-83.0020332,70.0,19.02,True,False,False
Spin,c8bcde7a-a202-4c68-b7b4-98fa5f89069b,e-bike,39.95857283333333,-83.03418519999998,91.0,24.88,True,False,False
Spin,c0c8baa3-9455-44eb-b244-d3a4287c19b5,e-bike,40.000449499999995,-82.98601883333335,28.0,7.61,True,False,False
Spin,c4570921-eaac-481e-bbf3-a63833263a6e,e-bike,39.99386153333333,-83.00578259999999,76.0,20.78,True,False,False
Spin,f1cfa894-ea5d-4462-9f6a-f100671ceee0,e-bike,39.98916833333333,-82.99519833333333,47.0,12.88,True,False,False
Spin,17190012-b64b-4f22-a8fb-dee13c16054d,scooter,40.020106,-82.974421,35.0,9.66,True,False,False
Spin,c71dda5c-ea0f-482d-a9f4-0cc76d8e7c2c,e-bike,40.012883333333335,-82.968145,75.0,20.49,True,False,False
Spin,eccee671-8b1b-4fad-be24-39232002b9ed,scooter,39.954946,-83.022078,22.0,5.85,True,False,False
Spin,3b8fbbc7-b1bf-4a07-aa1c-2f0e010b4342,scooter,39.954396,-83.026625,63.0,17.27,True,False,False
Spin,ca9ad6dc-2861-4834-821c-18084d587484,e-bike,40.016985,-82.97841666666666,42.0,11.41,True,False,False
Spin,cac9190e-3449-46ad-8bb8-44b18467bf9b,e-bike,40.016976666666665,-82.97840333333333,73.0,19.9,True,False,False
Spin,e302e12e-ac30-45fb-ac10-69699d418028,scooter,39.97734245,-82.96095783333334,87.0,23.71,True,False,False
Spin,4fa1ea53-3ef7-4609-b0e3-ced02e8c2034,scooter,39.947265,-83.053187,88.0,24.0,True,False,False
Spin,c38e0553-9096-44aa-9003-8aed9dd2a955,scooter,39.948064,-83.049462,95.0,25.75,True,False,False
Spin,124f8773-aecc-4585-87eb-0d4cbdb055dd,scooter,39.989583,-83.005235,87.0,23.71,True,False,False
Spin,e971a59a-7931-459b-8d99-5b560ae0316f,e-bike,40.004818799999995,-83.0044441,65.0,17.56,True,False,False
Spin,f82c6818-c78d-4cea-8716-2ad9e2a8f1fe,scooter,40.002729,-82.99636,19.0,5.51,True,False,False
Spin,508d959a-0e38-4bf5-b23f-36b558b55e7f,scooter,39.983062,-82.998992,16.0,4.39,True,False,False
Spin,4eb0f832-8a84-451c-a3c2-1b64b69ed4c5,scooter,40.014759,-82.989905,82.0,22.24,True,False,False
Spin,6750dff6-22b5-4522-af2f-1af6d5a6c0fd,scooter,39.958479,-83.008838,46.0,12.58,True,False,False
Spin,b6147066-003b-40d6-821f-12d062a1152a,e-bike,40.0067499,-83.00944030000001,87.0,23.71,True,False,False
Spin,71e49128-16e3-468b-aced-9a44bbb0e623,scooter,39.99638,-83.028075,20.0,5.82,True,False,False
Spin,e7dd7464-0bb3-4248-8f96-754c5bcb11ba,scooter,39.969325,-82.990406,22.0,5.85,True,False,False
Spin,8951d873-401a-4f1b-aa0e-48bbc78be3aa,e-bike,39.967416666666665,-82.98042,23.0,6.15,True,False,False
Spin,69c9f882-7a64-40c3-9aba-2cb1eec55f2e,e-bike,39.97350166666667,-82.978135,76.0,20.78,True,False,False
Spin,048f5b39-3273-42f4-bf0a-2bd151916e91,e-bike,39.93570833333333,-82.9877,26.0,7.02,True,False,False
Spin,ee5409f0-6745-418c-bd4f-e02907957f79,scooter,39.939798,-83.058637,30.0,8.19,True,False,False
Spin,50ca2090-6368-4509-b408-97bc09e41497,e-bike,39.96531203333333,-82.96611523333334,39.0,10.54,True,False,False
Spin,0d139c1e-3eac-4cd9-a4bf-80ea678a6207,e-bike,40.0048112,-83.00692310000001,73.0,19.9,True,False,False
Spin,0e451f58-3247-4378-a0d0-e007f753f5d9,scooter,39.976167,-83.00408,56.0,15.93,True,False,False
Spin,1aef96f6-769c-43f5-822b-aa0178404dda,scooter,40.0010071,-82.99288213333332,95.0,25.75,True,False,False
Spin,16495ffc-1f5f-4712-b771-b33deee69cd7,e-bike,39.999711733333335,-82.98575645000001,87.0,23.71,True,False,False
Spin,d8caa05b-7f89-4dd8-a7d7-8fd988b9babb,scooter,39.960377,-83.016746,52.0,14.05,True,False,False
Spin,3c9035bc-e0b2-49b4-b999-553d27c25c01,e-bike,39.98531115,-83.05014440000001,22.0,5.85,True,False,False
Spin,aab49acc-a5df-4676-8c45-4bfc70d8d6b0,scooter,40.009656,-82.969407,47.0,12.88,True,False,False
Spin,d31d47dc-3740-4f34-999e-10e08f90bf60,scooter,39.93385,-82.989586,18.0,4.98,True,False,False
Spin,7cec88e0-a26d-41ad-83cc-a3adc386dbfe,e-bike,40.01035,-83.01341,77.0,21.07,True,False,False
Spin,dca9b571-16e6-4df5-b662-34632b08a93a,scooter,39.979199,-83.005755,69.0,18.73,True,False,False
Spin,a38cb2ef-4e4c-44a4-ad28-abd04496329d,e-bike,39.96667745,-83.00352073333333,55.0,14.93,True,False,False
Spin,34b6e04c-825f-4215-b429-99da866b1b4e,e-bike,40.0119052,-83.013033,71.0,19.32,True,False,False
Spin,38c1a60d-4685-4a33-b9b0-ad9fc89d5163,e-bike,40.0119119,-83.01303651666667,80.0,21.66,True,False,False
Spin,32886c84-1937-4089-9b2b-048ac6b89abb,e-bike,40.0065232,-83.01417430000001,34.0,9.37,True,False,False
Spin,c1e636db-a085-4767-b8ce-c0af5e9e8248,scooter,40.014046,-82.974679,51.0,14.4,True,False,False
Spin,37e81f6e-e6c7-44fd-a378-b69461537b4b,scooter,40.014129,-82.974502,72.0,20.52,True,False,False
Spin,8c975a92-f991-42a0-8f12-d9eb69b42249,e-bike,39.95894093333333,-83.009823,76.0,20.78,True,False,False
Spin,a8b03b11-2d77-4733-a2df-8f4f5aca0d59,e-bike,40.0109841,-83.00025159999998,69.0,18.73,True,False,False
Spin,6fc817b3-b4b7-44a8-9611-f585d1a588b7,scooter,40.014114,-82.980293,60.0,17.15,True,False,False
Spin,1cd57a7b-9991-4f8a-a06e-61a8e44bd2a5,scooter,39.948367,-83.047026,81.0,21.95,True,False,False
Spin,db6e9951-ef78-4ca8-aef7-ef63231a833b,e-bike,39.99362863333333,-83.0268924,66.0,17.85,True,False,False
Spin,9ad70de6-02fa-4fdb-a0bb-1a641ce62182,e-bike,40.0022304,-83.00490450000001,76.0,20.78,True,False,False
Spin,983ef43f-ba95-4683-8dcc-5640ad3344cc,scooter,39.99680313333333,-83.02987720000002,65.0,17.56,True,False,False
Spin,b26fa527-b5fa-4aed-b497-05454a38cc49,scooter,39.957401,-83.011321,98.0,26.63,True,False,False
Spin,7585734c-8d61-4267-ad61-6fc2ba1cdb39,scooter,39.957406,-83.011505,57.0,16.24,True,False,False
Spin,2c5af73e-0ff1-4771-964e-b68eefe8fbaa,scooter,39.957369,-83.01141,57.0,16.24,True,False,False
Spin,dcd31ad5-f386-4e05-8354-1992802f02b0,scooter,39.957372,-83.011462,37.0,10.42,True,False,False
Spin,eda62ef5-c576-4e3a-a28e-562c3750f6d6,scooter,39.957415,-83.011343,73.0,19.9,True,False,False
Spin,88a20726-aadf-4a3d-a6a3-fa87d2aaaa70,scooter,39.957421,-83.011337,96.0,26.05,True,False,False
Spin,6a790734-97c6-491e-9f13-2258ec2c3fbe,scooter,39.962445933333335,-82.96912753333332,69.0,18.73,True,False,False
Spin,ba707cf5-4c0c-48b5-a0be-6e8eecae5045,e-bike,40.01512520000001,-83.0113122,90.0,24.58,True,False,False
Spin,ab09e334-fc4d-47d7-af09-b58dc19251e8,e-bike,39.965362033333335,-83.01190419999999,62.0,16.97,True,False,False
Spin,3ded4465-d760-4300-858b-b3db737483e5,e-bike,39.99648678333333,-82.99903323333335,43.0,11.71,True,False,False
Spin,ca405c48-04ec-47a3-949d-254fafcec23c,e-bike,39.99649336666666,-82.99905506666667,24.0,6.44,True,False,False
Spin,b867fba6-a8e2-48fd-be98-6c2019313006,e-bike,39.99649813333333,-82.999047,65.0,17.56,True,False,False
Spin,f83e6277-8eef-4849-a938-79f806648606,e-bike,40.008826799999994,-83.0065123,25.0,6.73,True,False,False
Spin,a7102589-f571-4473-bd5b-891300fdaf3e,scooter,39.997703,-82.995497,95.0,25.75,True,False,False
Spin,3a00e701-34b7-481c-aae0-02409399f0b4,e-bike,39.993987233333335,-83.0057906,69.0,18.73,True,False,False
Spin,60df433b-30b0-47ec-927d-ee2c167a3636,e-bike,39.95781183333334,-83.0140377,44.0,12.0,True,False,False
Spin,67bfaa42-b138-49a3-84dc-550580c2dd96,scooter,40.003225,-82.999251,94.0,25.46,True,False,False
Spin,32cc9f8f-db96-4c1c-97ca-24306b6345a0,scooter,40.00092,-83.000598,96.0,26.05,True,False,False
Spin,766e3819-12b6-446a-894b-6809772946cd,e-bike,40.0324298,-83.0005407,67.0,18.15,True,False,False
Spin,0abf36af-3126-4bf3-9ba0-2ec14629a3b6,e-bike,40.0175263,-83.0145749,65.0,17.56,True,False,False
Spin,995d8339-75bd-4382-b4d7-73ddf6e03ee4,scooter,39.99142,-83.00629,59.0,16.1,True,False,False
Spin,d4dc1412-4b2f-4ea3-8323-23e81d9b79bc,e-bike,39.99165313333333,-82.99832053333333,58.0,15.8,True,False,False
Spin,05c24a82-6565-4670-bf4e-6ef1f6a25786,e-bike,39.99078013333334,-83.0136487,47.0,12.88,True,False,False
Spin,bebd83a7-bbf6-4f93-861d-631e76768466,e-bike,40.0135749,-82.96771653333332,76.0,20.78,True,False,False
Spin,ccb3966a-07ea-4e84-9dd4-8b9a0ca680c5,e-bike,39.94905693333333,-83.07112889999999,65.0,17.56,True,False,False
Spin,e2ef8c26-7a5c-4204-8486-9713a5230848,scooter,39.961134,-83.013796,40.0,11.33,True,False,False
Spin,914eecbd-94ca-42b3-b8c8-89a9e086bac3,e-bike,39.991235233333335,-83.0140108,46.0,12.58,True,False,False
Spin,25c54860-c1c7-400b-8211-0da4b1cd6269,e-bike,39.99697113333333,-82.99907213333333,22.0,5.85,True,False,False
Spin,7aa39979-61de-4df9-a24c-7d4a8d53dc5f,e-bike,39.99202523333334,-83.0121734,38.0,10.24,True,False,False
Spin,d0688367-45e3-4316-acd8-fb170b15f6cd,e-bike,40.0015482,-83.006951,26.0,7.02,True,False,False
Spin,62dfe04e-75fa-4386-b592-105c9dabda08,scooter,40.0141232,-83.0011328,66.0,17.85,True,False,False
Spin,bbd4fa83-c70e-42ff-bde7-72e753ae9534,e-bike,39.95751333333333,-83.01213666666666,38.0,10.24,True,False,False
Spin,409d2ce1-0d30-40ad-96a0-51ba44e4566b,e-bike,39.996748733333334,-83.02966579999999,51.0,13.76,True,False,False
Spin,d514600e-1393-404c-857e-3e20ef699c70,e-bike,39.99794103333333,-83.0068584,81.0,21.95,True,False,False
Spin,84795af4-4ecc-489d-a286-ac3acba63310,e-bike,40.0038212,-83.00162129999998,73.0,19.9,True,False,False
Spin,31d012df-ecb0-4ffb-84a8-242ba3526a2e,e-bike,40.01355531666666,-83.00800158333335,51.0,13.76,True,False,False
Spin,bb244f3a-cc27-4264-83f0-f1c1b2b4eb82,scooter,39.998081,-83.006739,24.0,6.74,True,False,False
Spin,1a42ec37-b6b9-4953-b026-17ac597a148d,scooter,39.939977,-82.990545,68.0,19.3,True,False,False
Spin,4f274ecb-8db2-43b1-a877-e26df19dd5d6,e-bike,40.0219815,-83.026872,48.0,13.17,True,False,False
Spin,b47cbb7c-3863-4430-85d6-d55cb0ec6685,e-bike,39.95760023333333,-83.01139990000001,82.0,22.24,True,False,False
Spin,5f049e1e-872d-41ca-84e7-6e8c0e1aedbb,scooter,39.96734523333334,-82.99194433333332,91.0,24.88,True,False,False
Spin,dc12e73e-7cc9-4436-a0af-f5a20afa4974,e-bike,39.98913655,-82.98399253333334,88.0,24.0,True,False,False
Spin,b79127bf-2b17-48d8-a9cd-b22db8be95a3,e-bike,39.988426600000004,-82.97777358333333,88.0,24.0,True,False,False
Spin,70d87d9a-a757-4c8d-a7b4-6bc34ad81862,e-bike,39.99700933333334,-82.99946523333334,82.0,22.24,True,False,False
Spin,4b2e2385-bc79-4fc8-8f46-9e61ffe639bf,scooter,39.990217,-83.007098,71.0,20.22,True,False,False
Spin,b560899e-6bad-4562-bf98-e692becaefe0,e-bike,39.96328153333333,-82.99526223333332,76.0,20.78,True,False,False
Spin,1a33c328-576e-428b-9e57-c968ac1ae1da,scooter,40.006685,-82.962333,54.0,14.63,True,False,False
Spin,5c1eac15-8fbd-4b7c-b685-d9bd60672c3c,e-bike,39.961224333333334,-82.96849653333332,69.0,18.73,True,False,False
Spin,029c45c5-e2a1-4c8e-8340-530d32ab6568,e-bike,39.93278663333333,-82.90673053333333,44.0,12.0,True,False,False
Spin,70ff2990-44c7-46c9-869d-d6c94cdc33be,e-bike,39.99296623333333,-83.00427909999999,89.0,24.29,True,False,False
Spin,844cdc68-daa4-46b1-a655-cd402b954668,scooter,39.992974,-82.984105,18.0,4.98,True,False,False
Spin,67753317-597d-4711-82f7-4057a12239b5,e-bike,39.93279173333334,-82.90672273333332,30.0,8.19,True,False,False
Spin,febc1e42-3bd6-4b2d-a636-57e345403119,e-bike,39.99693573333333,-82.99899003333333,82.0,22.24,True,False,False
Spin,a699a7b1-029e-4116-92a7-c962e49a1c53,scooter,39.967389133333334,-83.00178009999999,86.0,23.41,True,False,False
Spin,2bedec41-6c75-40a1-b041-afd6571f58a1,e-bike,39.99560223333334,-83.04061099999998,31.0,8.49,True,False,False
Spin,fc0884ab-479a-4eed-beec-3b29eddd254b,e-bike,39.986420933333335,-82.98058703333332,75.0,20.49,True,False,False
Spin,56e39a98-550b-4107-b196-6a667fe4d82e,scooter,40.010202,-82.99922,66.0,17.85,True,False,False
Spin,7c857dd8-ca20-4636-b8aa-b86b55194e46,e-bike,40.012074399999996,-83.01058900000001,88.0,24.0,True,False,False
Spin,3023c7b8-632d-4c96-b165-79147149829b,scooter,39.971235,-82.97831,32.0,9.19,True,False,False
Spin,993057f5-5f5a-4e4b-8fe7-1d2616611054,scooter,39.971242,-82.978377,33.0,9.5,True,False,False
Spin,9f2979a9-b249-461f-8850-6c6e339283c0,e-bike,39.98046433333333,-83.0161034,77.0,21.07,True,False,False
Spin,59971c22-022d-45d2-afa2-17eb4341e069,e-bike,39.992036633333335,-83.0122003,56.0,15.22,True,False,False
Spin,ff041172-9b00-4d06-89e4-9a7459a3a428,scooter,39.996385,-82.949618,97.0,26.34,True,False,False
Spin,99cd68c8-f501-43c0-8aab-600a671f0d19,scooter,40.010531,-83.012345,18.0,4.98,True,False,False
Spin,65802eda-9d84-422c-85c1-d05c1282a57d,e-bike,39.99363533333334,-83.02689890000002,89.0,24.29,True,False,False
Spin,ba6f4a78-4263-4780-95b2-466153ebbc2c,e-bike,39.985239549999996,-83.0062952,89.0,24.29,True,False,False
Spin,7e4520b1-824c-4ee3-8647-f25a943fd1ef,e-bike,39.99341355,-83.00176926666667,88.0,24.0,True,False,False
Spin,d48ae266-fd9c-4b1d-b8f1-44cf8495f6ad,scooter,40.015755,-82.955809,74.0,20.19,True,False,False
Spin,5ba9efef-27ed-47a1-a4f5-f4c57baeec60,e-bike,39.98824245,-83.01514649999999,72.0,19.61,True,False,False
Spin,9de732e1-ad5a-4e33-b490-a9da17caeaa9,scooter,39.940654,-82.972061,37.0,9.95,True,False,False
Spin,8748ec07-3a5e-45b2-9ba5-c3615bca5a99,scooter,39.95809833333333,-83.00659519999999,20.0,5.56,True,False,False
Spin,fdf8779e-3e8f-4e6a-824d-6872bb7ec82c,e-bike,40.023221899999996,-83.02804130000001,63.0,17.27,True,False,False
Spin,f9317924-63a6-49e1-a4b1-d5af3b6363a0,e-bike,39.98518285,-83.0445258,20.0,5.56,True,False,False
Spin,187c1b33-ffca-411b-aa6b-234cb0ee4521,scooter,40.016287,-82.989704,91.0,26.04,True,False,False
Spin,93d25dd9-4b55-4b04-b4ee-6c3940ccacb6,scooter,40.014679,-82.989614,96.0,26.05,True,False,False
Spin,5193ff10-4ae0-4409-84a3-0ae9612e3ece,scooter,40.014535,-82.988075,89.0,24.29,True,False,False
Spin,0d16e53a-136b-4913-8d9a-840743b2bef0,e-bike,40.0070158,-83.00951599999999,29.0,7.9,True,False,False
Spin,30f338f4-a794-4eb9-9453-f6e1bdb2da8e,scooter,40.014464,-82.98133,94.0,26.65,True,False,False
Spin,d1c30690-74cb-45a6-970d-d1f93905aaa1,scooter,40.011447,-82.987257,91.0,24.88,True,False,False
Spin,f9432cd4-8d13-439f-913e-a3a6101fea38,scooter,40.009902,-82.960004,98.0,26.63,True,False,False
Spin,8ccf2145-6862-4c06-a3f9-eca293de873a,scooter,39.978474,-83.009622,89.0,24.29,True,False,False
Spin,abe38ffc-5114-4235-8241-48405add2725,e-bike,39.98532325,-83.05027049999998,61.0,16.68,True,False,False
Spin,04436679-1298-4c26-b2d0-3e496c46a6f0,scooter,40.005229,-82.972874,92.0,25.17,True,False,False
Spin,3f238754-86c1-40a1-b4e5-14f1cec41714,scooter,39.994167,-82.975378,92.0,25.17,True,False,False
Spin,c6d7e810-5517-4dfb-a403-38b6bb689207,e-bike,39.933726666666665,-82.98370500000001,54.0,14.63,True,False,False
Spin,c1ab83ae-b479-4d40-97e9-47b637cf6944,scooter,40.022596,-83.014381,80.0,21.66,True,False,False
Spin,cf7b0e5e-78b3-4f6e-bd2c-20c812443319,scooter,39.962091,-83.004117,46.0,13.17,True,False,False
Spin,adee63f1-f154-49d9-b062-713031b16a83,scooter,39.962115,-83.004197,49.0,13.46,True,False,False
Spin,2f5e0fd0-be68-4af0-8d42-9108b2af531a,scooter,39.962098,-83.004109,53.0,14.34,True,False,False
Spin,018a133a-b8ae-46e1-8816-539b3fc98077,scooter,40.003261,-83.003144,96.0,27.26,True,False,False
Spin,a3717ccc-f1f8-4b63-9ec5-97ab83358a5f,e-bike,39.99823593333333,-83.00332240000002,86.0,23.41,True,False,False
Spin,3fc9c746-7eb5-49f5-8590-49e144424039,scooter,39.945597,-82.995677,92.0,26.34,True,False,False
Spin,ddbe951a-6097-4908-8ef4-31c70b5254d6,scooter,39.935104,-82.99244,96.0,27.26,True,False,False
Spin,8d9f47d0-6582-414c-8c08-de20c8412c34,scooter,39.927634,-82.995525,91.0,26.04,True,False,False
Spin,47f82454-904a-4fd1-bfe1-4de2ddd67de7,e-bike,39.958532633333334,-83.03194,82.0,22.24,True,False,False
Spin,5a0d96f1-d2bd-46ba-8a06-b4858f172780,scooter,39.958580133333335,-83.03188569999999,80.0,21.66,True,False,False
Spin,e373b0e5-4c93-4db4-b3f5-fda3e327d27e,e-bike,39.95859003333333,-83.03192750000001,86.0,23.41,True,False,False
Spin,10cb179f-55c5-4e68-b44a-fc7ade8a6c35,e-bike,39.95857943333333,-83.0319158,85.0,23.12,True,False,False
Spin,0d366b28-b2b4-4d5c-b10c-7d3e29f762a8,e-bike,39.95859391666667,-83.03192795000001,86.0,23.41,True,False,False
Spin,caeb4c06-78e3-452b-a6ff-618e0eb4f8e1,e-bike,39.95858583333334,-83.03191389999999,86.0,23.41,True,False,False
Spin,eebfe0df-0743-409e-b024-43d8b4c1b5f4,e-bike,39.95857898333334,-83.03193135000001,86.0,23.41,True,False,False
Spin,15ca59ae-b7ed-42ff-8f06-c648cf98a15b,scooter,39.941537,-82.982644,100.0,27.22,True,False,False
Spin,340fb9ac-d727-4907-91f5-d0b55c055863,scooter,39.943796,-82.983539,88.0,24.0,True,False,False
Spin,3b14c739-eadb-44d2-bf62-93aac6fd0bbd,e-bike,39.99648333333334,-82.999155,61.0,16.68,True,False,False
Spin,0761e60c-265a-46e1-a6b3-8125d2013ab7,e-bike,39.939523333333334,-82.96630166666667,100.0,27.22,True,False,False
Spin,8c5c4a67-342f-4584-be4c-dc7387e3abb7,scooter,39.939403,-82.966501,99.0,26.93,True,False,False
Spin,a5fccd2e-571a-4fd8-97ca-ddc75fbd4970,scooter,39.926399,-82.965302,84.0,22.83,True,False,False
Spin,3eb0c642-06f6-4987-be24-cfd52af7a804,scooter,39.962408,-82.969112,98.0,26.63,True,False,False
Spin,f6b84e61-4081-4ad1-930d-30e38107b23d,scooter,39.962447,-82.969129,95.0,25.75,True,False,False
Spin,e379636f-932e-4a27-a7c0-94d65624063f,e-bike,40.02198333333333,-83.02611333333334,72.0,19.61,True,False,False
Spin,9313f8f1-2b13-4f0b-825a-923b629b3c56,e-bike,39.9632,-82.98702833333333,94.0,25.46,True,False,False
Spin,7d94a4f4-3f2a-42ad-91e3-38254f771221,scooter,39.993983,-83.006748,96.0,26.05,True,False,False
Spin,38bc40fa-303a-4c83-a5d3-00d6e0c97486,e-bike,39.96096166666667,-82.99270999999999,96.0,26.05,True,False,False
Spin,e039fa86-5b02-4d0a-bb3d-7c3e43850ee5,e-bike,39.950026666666666,-82.96067,54.0,14.63,True,False,False
Spin,7daa2c83-60fb-4af6-87ed-4022b91e893e,scooter,39.994069,-83.006751,92.0,25.17,True,False,False
Spin,59b6fd70-b117-497c-b544-2b7da4994cf1,e-bike,39.99403203333333,-83.0057531,87.0,23.71,True,False,False
Spin,ff9a44dd-bf4c-4819-bad5-47593ae34697,scooter,40.0063527,-83.0141422,84.0,22.83,True,False,False
Spin,456a0769-4492-4d0d-828a-587b373904c2,e-bike,39.971385000000005,-82.97810666666668,62.0,16.97,True,False,False
Spin,57a76775-3109-4a28-ade1-844cf1eb1475,e-bike,39.958542433333335,-83.0269672,43.0,11.71,True,False,False
Spin,92f71061-ca92-499d-894b-5523832c51ca,e-bike,39.95262493333333,-83.0014135,51.0,13.76,True,False,False
Spin,9fad6a24-52c3-412a-b421-4b012d1a2cac,e-bike,40.004146,-83.00851820000001,66.0,17.85,True,False,False
Spin,0241eff6-b5ed-4db6-9758-cdeca0a0716c,e-bike,39.99416363333333,-83.01050609999999,45.0,12.29,True,False,False
Spin,7c0b4497-0aab-418a-9e77-26f97bb90539,e-bike,39.953705,-82.97993,27.0,7.32,True,False,False
Spin,8576f965-85e3-49a2-b3b5-6cbe4e31da0b,scooter,40.0070697,-83.0192662,51.0,13.76,True,False,False
Spin,bfcc9ec3-3209-442e-9259-d7a841f33d39,e-bike,39.968626666666665,-82.96812333333334,22.0,5.85,True,False,False
Spin,bec13f93-65b9-476a-aa72-53bcf4ad967b,e-bike,39.992570433333334,-83.0123517,15.0,4.1,True,False,False
Spin,bf5c6a15-63a7-41cd-b657-439d4a17a126,scooter,39.957403,-82.994419,89.0,25.43,True,False,False
Spin,41b40659-9dcf-4aaf-8310-9dfb3759d512,e-bike,39.99628353333333,-83.0418695,20.0,5.56,True,False,False
Spin,d6dd1bdd-d373-427d-8bd8-54d208d77f3a,e-bike,39.99791153333333,-83.0068386,58.0,15.8,True,False,False
Spin,265ce0b3-fb6d-48a9-8f7c-f1e956a2194e,scooter,39.95504,-83.006187,15.0,4.29,True,False,False
Spin,c76079ca-6666-4c1c-bb67-6b948fd8840e,scooter,39.99638363333334,-83.00439999999999,51.0,13.76,True,False,False
Spin,17fef7d5-de58-4628-9bb3-356bce07dd53,scooter,40.00891,-82.970392,59.0,16.85,True,False,False
Spin,c0e651e3-b36b-43de-abc8-84647d238de2,scooter,39.940868,-82.983723,58.0,16.54,True,False,False
Spin,db0ccd74-623d-49c0-ac35-cc530c6ced63,e-bike,40.0109738,-83.0145501,89.0,24.29,True,False,False
Spin,091a21d3-ac58-47fd-aa47-4cc6cc0d9240,e-bike,40.011098,-83.01308240000002,91.0,24.88,True,False,False
Spin,27d3c4ab-34e8-443a-937f-71f2527691b8,scooter,40.000593,-82.968494,72.0,19.61,True,False,False
Spin,f7ee4a26-b5e9-4c43-a6e5-c3368492ba82,scooter,40.0099,-82.997355,72.0,19.61,True,False,False
Spin,cd5df861-bac7-4b91-b9ad-ef22fbda80de,scooter,40.014453,-82.981617,82.0,22.24,True,False,False
Spin,24cdf5cf-40e0-4f6c-8204-97e4b62e70a1,scooter,39.958034,-82.9551,92.0,25.17,True,False,False
Spin,c25e85df-e683-4b50-ab1f-76a7f01224bb,scooter,40.0146,-82.989253,95.0,25.75,True,False,False
Spin,de2d0e1a-c824-4158-ab11-1bd2c927a8ce,scooter,39.99308,-83.011289,100.0,27.22,True,False,False
Spin,ca1405a6-6312-41bc-9c4b-153840056e45,scooter,39.979024,-82.995306,69.0,18.73,True,False,False
Spin,867969e2-09df-499f-89a3-bfa62433e6c0,scooter,39.940648,-82.983757,69.0,18.73,True,False,False
Spin,ec242dae-3390-4d8f-aabe-64a4cdfe23ea,scooter,40.014735,-82.989849,66.0,17.85,True,False,False
Spin,8c4fb867-a232-4685-9e21-d361f0295194,scooter,40.014323,-82.976767,90.0,24.58,True,False,False
Spin,a0423a29-f7e1-4daa-84e8-6ab6ad47cfe5,scooter,39.944272,-82.97808,94.0,25.46,True,False,False
Spin,93062299-de02-430c-b699-3b562a8e40eb,scooter,40.002441,-83.004468,72.0,19.61,True,False,False
Spin,8c917a12-b8dc-4623-b466-be79a6180070,scooter,39.948949,-82.957076,95.0,25.75,True,False,False
Spin,f0a1c046-3ad6-47c5-8c18-5894e13d5158,scooter,40.006722,-83.009401,35.0,9.66,True,False,False
Spin,01de156d-ccde-4314-a645-196d0c0f4aee,scooter,40.014753,-82.98992,71.0,19.32,True,False,False
Spin,f2cca34f-0fb6-43d5-80fd-f559ea90e16d,scooter,40.014316,-83.005467,72.0,19.61,True,False,False
Spin,570f8d13-7ee7-4a90-95a1-eef47deac0b9,e-bike,39.99469703333333,-83.00095119999999,45.0,12.29,True,False,False
Spin,11fc7b88-4436-4d9e-a290-a9cd36d824fe,e-bike,39.99381833333334,-83.00578333333333,57.0,15.51,True,False,False
Spin,a666706e-9777-4de2-a02f-8d96954da4bf,e-bike,39.981215,-83.02033000000002,95.0,25.75,True,False,False
Spin,a44375da-d0e9-43db-bf36-e094c375d1fe,e-bike,39.99316666666667,-82.98157333333332,42.0,11.41,True,False,False
Spin,540e02b1-8ffa-433d-aba2-dc3a2adc7919,e-bike,39.957840000000004,-82.97240333333333,59.0,16.1,True,False,False
Spin,33a46b57-fb01-4b82-a7d1-fbb5386d1667,scooter,39.943916,-82.944878,94.0,25.46,True,False,False
Spin,2186a5f9-0bd4-4453-817a-e7b2499f013d,e-bike,40.01702833333333,-82.96552833333332,42.0,11.41,True,False,False
Spin,b88df8ec-032f-4e7b-910c-44c238e9886e,scooter,39.973222,-82.946762,89.0,24.29,True,False,False
Spin,286cf658-d396-40a8-80a0-95872ea6fbe3,e-bike,39.960952033333335,-83.01262299999999,42.0,11.41,True,False,False
Spin,180e1752-99aa-4117-806c-80c3096a724c,e-bike,39.98274263333334,-83.0033819,19.0,5.27,True,False,False
Spin,2a647f73-5105-4a96-9a2d-499bfc774e22,scooter,39.936015,-82.988873,96.0,26.05,True,False,False
Spin,6286fae1-0e7e-4ca7-a6b5-8a9eb9c7830f,e-bike,39.94755166666666,-83.05185666666667,42.0,11.41,True,False,False
Spin,ef0d41df-f4d7-4992-a8fc-80741d995e9a,scooter,39.947564,-83.051887,94.0,26.65,True,False,False
Spin,ef73251b-dc89-4fcf-a0f5-b578211b1b78,scooter,39.947552,-83.051909,91.0,24.88,True,False,False
Spin,1edd28c5-5d5f-4db9-9104-2bd5dc0e3bc0,scooter,39.947531,-83.051874,87.0,23.71,True,False,False
Spin,c795336e-1785-4c48-b16d-e896d1e2dac9,scooter,39.947499,-83.051871,96.0,26.05,True,False,False
Spin,b1727f61-aca9-40f8-b5c3-1aa644b7f2a6,scooter,39.935968,-82.988881,100.0,27.22,True,False,False
Spin,76aced5f-928b-4ee0-99e1-089009db1d06,e-bike,39.99258243333334,-83.0054581,46.0,12.58,True,False,False
Spin,7fc2e324-1286-42dc-8d21-945e516b4a3f,e-bike,39.947718333333334,-83.05092833333335,98.0,26.63,True,False,False
Spin,0c7ee595-9ad2-4544-98f4-389090ea6357,scooter,39.947711,-83.050937,57.0,15.51,True,False,False
Spin,c46b72ae-38f5-4718-9ce9-d37c15b58018,scooter,39.947703,-83.050937,35.0,9.66,True,False,False
Spin,9093c5be-7ea7-4baf-a8f9-1a066b6528b6,e-bike,39.947716666666665,-83.05091499999999,100.0,27.22,True,False,False
Spin,305b6fd0-a3ba-4d39-9a05-4a9c9c726b9d,e-bike,39.947723333333336,-83.05090666666668,99.0,26.93,True,False,False
Spin,4c3c8fc8-6058-4396-9c7c-6ab3c622f1f1,e-bike,39.94255166666667,-82.98367333333333,35.0,9.66,True,False,False
Spin,668b889d-9233-48fe-86b9-d49562939f5d,scooter,39.96066723333333,-82.99179433333332,100.0,27.22,True,False,False
Spin,8ab2efa5-8864-4862-b624-8f643f698ada,e-bike,40.0079559,-83.00902040000001,55.0,14.93,True,False,False
Spin,c3171277-bbd7-4ac0-88a0-c9cdfcf150f7,e-bike,40.0074332,-83.0095218,42.0,11.41,True,False,False
Spin,88a6dbc8-204c-4ecf-b876-5cc9c56b9dd2,scooter,39.99426663333334,-83.00881489999999,33.0,9.07,True,False,False
Spin,2addf83e-eafd-4f2f-8c19-115eda17ea5c,e-bike,39.96944153333333,-82.99731123333335,73.0,19.9,True,False,False
Spin,05b0ae60-7433-4db8-906f-93a8e3443a73,scooter,39.960688233333336,-82.99601513333333,100.0,27.22,True,False,False
Spin,f7d590cc-65a3-4f9c-928b-7b925f03420a,scooter,39.99406113333334,-83.00673350000001,40.0,10.83,True,False,False
Spin,1d83c1f4-c063-40aa-b23c-56591dfbcb12,e-bike,39.94943333333333,-83.04175500000001,100.0,27.22,True,False,False
Spin,a418b3d4-fdbd-4a05-a5b4-35d9c3d5f7af,scooter,39.949453,-83.041741,27.0,7.66,True,False,False
Spin,f50bf59a-0d5f-4934-949b-22236cb7c8b6,scooter,39.949466,-83.041754,27.0,7.66,True,False,False
Spin,c80abb7c-3682-44c9-b7d7-1494ef758718,scooter,39.948961,-83.044,100.0,27.22,True,False,False
Spin,f33bf5f2-ddc6-43f6-9e75-4fce7012fb38,scooter,39.971287,-82.978375,27.0,7.66,True,False,False
Spin,431fe76c-4a4c-4a0f-b3d9-c05c14c32d79,e-bike,39.979135649999996,-83.00384100000001,45.0,12.29,True,False,False
Spin,9be98f8d-a108-41c7-9f20-f3482e781ea5,scooter,39.988045,-83.002013,88.0,24.0,True,False,False
Spin,d33104a6-4e79-420d-b817-154f4bfd32fe,scooter,39.952259,-83.037143,89.0,24.29,True,False,False
Spin,8d0abf21-22e0-4ff8-a818-5c801664fb55,e-bike,40.00107,-83.00574559999998,38.0,10.24,True,False,False
Spin,f5bbb38d-cdfc-4a8a-b8a2-a5570b4aaa27,e-bike,39.95331063333333,-83.03504300000002,90.0,24.58,True,False,False
Spin,cb31ce7b-1a31-4934-82e2-8143e633a804,scooter,39.990520133333334,-82.99556593333334,38.0,10.24,True,False,False
Spin,87163bd2-a3bc-4567-a57c-8ebfb2016bc0,e-bike,39.99880903333334,-83.00369870000002,88.0,24.0,True,False,False
Spin,9e90c1fb-3441-4065-bb9c-629ad989f764,scooter,39.935451,-82.983849,70.0,19.91,True,False,False
Spin,616c42fc-7288-4e74-b57a-99d4d11a4939,scooter,39.935408,-82.983839,19.0,5.27,True,False,False
Spin,69694c46-31bf-4333-97ce-acaeafd46c56,e-bike,39.95627833333333,-83.01038333333332,100.0,27.22,True,False,False
Spin,fa17c0be-ac5a-48e9-8702-76bfd54c62f3,scooter,39.956021,-83.012578,87.0,23.71,True,False,False
Spin,14ff5e09-a402-42db-9c25-8242eaff0c31,e-bike,39.970724049999994,-83.00123049999999,88.0,24.0,True,False,False
Spin,495a6d47-3a20-4ef8-932d-f05e3fb5a496,scooter,39.927128,-82.965063,95.0,25.75,True,False,False
Spin,ce430945-ad2e-4449-a76f-7de24f413dcb,e-bike,39.957405,-83.01132666666666,91.0,24.88,True,False,False
Spin,57378d78-d23f-4978-b397-73d402837fc4,e-bike,39.98759965,-83.02784609999999,40.0,10.83,True,False,False
Spin,de756d05-d357-44cf-9160-a582ead258af,scooter,39.93417,-82.956767,100.0,27.22,True,False,False
Spin,eb173b74-e8a3-4c30-8472-e37abe98a9ae,e-bike,39.99795423333333,-83.0069641,24.0,6.44,True,False,False
Spin,7829b8c7-a5e8-4564-9ee3-00d1ef6ae5ed,e-bike,40.0064969,-83.00937780000001,28.0,7.61,True,False,False
Spin,c6409199-3e92-4847-a593-b961daf61eff,e-bike,40.0065641,-83.01933460000001,68.0,18.44,True,False,False
Spin,57e4cec3-cdf0-4871-a42c-d24ee9d7f2bc,e-bike,39.99345183333333,-83.0046746,72.0,19.61,True,False,False
Spin,0399383f-bf1f-4742-9406-56714e6c0f57,scooter,39.997124,-82.978007,57.0,15.51,True,False,False
Spin,8657f974-5494-4bc8-837c-b47639f42ef1,scooter,39.99036673333333,-83.00510270000001,67.0,18.15,True,False,False
Spin,4c615ddf-38b6-484f-8e78-41ac714b0ca8,e-bike,39.99165723333333,-82.99830383333334,37.0,9.95,True,False,False
Spin,662e2a72-68dd-4b3f-acbd-b852f95b85d5,e-bike,40.0115463,-83.0151675,51.0,13.76,True,False,False
Spin,c0346833-040d-46f1-8a1a-03e7ea32de1b,e-bike,39.95615333333333,-83.01117666666666,74.0,20.19,True,False,False
Spin,61c40777-f354-4cf8-a716-03276217c30b,e-bike,39.95619333333333,-83.01117666666666,98.0,26.63,True,False,False
Spin,d6555849-fa5f-4190-b9df-bd44565ed6c7,e-bike,39.95612323333333,-83.011098,97.0,26.34,True,False,False
Spin,eb8d6183-8c9f-43f6-8bf2-ca7750eb050b,e-bike,39.95613843333333,-83.0110791,33.0,9.07,True,False,False
Spin,1f26a7d2-5f23-4b91-82ad-d44659d7439f,e-bike,39.95611185,-83.01109321666667,90.0,24.58,True,False,False
Spin,5e131ef2-536c-4e09-bdb0-bad611bd25c9,scooter,39.992050133333336,-83.01331469999998,86.0,23.41,True,False,False
Spin,d8d25c33-c9f0-4966-9466-54a3f0de4380,e-bike,39.98853815,-83.00073939999999,75.0,20.49,True,False,False
Spin,adb42ce2-2a4d-412c-bca4-31617f5fa5fe,e-bike,39.95709643333333,-83.01255799999998,88.0,24.0,True,False,False
Spin,895df5a7-9a2c-431c-a24a-865596d6d593,e-bike,39.957102533333334,-83.0125558,52.0,14.05,True,False,False
Spin,0266e32e-bc3d-48d1-b2b9-6b0354bc2d66,e-bike,39.957106833333334,-83.0125719,75.0,20.49,True,False,False
Spin,353a58eb-911e-49dd-906f-1eea8d0f8d2e,scooter,39.947708,-83.050916,97.0,26.34,True,False,False
Spin,7d20744a-1c99-4044-9ec3-c2cc9c5aa85a,e-bike,39.95740643333333,-83.0114365,53.0,14.34,True,False,False
Spin,c889aeaf-02ce-45e3-8174-2a24c79d4932,e-bike,39.957403633333335,-83.0114331,19.0,5.27,True,False,False
Spin,a207605f-b272-4719-823a-3f830ce6c151,e-bike,39.957115116666664,-83.01255616666667,91.0,24.88,True,False,False
Spin,f40f6bf0-17f6-46a7-bfd3-ff9577ef0b42,e-bike,39.95708501666666,-83.01255276666667,96.0,26.05,True,False,False
Spin,3fead624-e756-44c5-b27d-9cd668f47d0d,e-bike,40.0024352,-83.00452820000001,30.0,8.19,True,False,False
Spin,030e94c0-d990-4100-81bc-897c0b767d4f,scooter,39.97618715,-83.0600408,25.0,6.73,True,False,False
Spin,05fa3be1-331d-4fc8-9a11-83b886ffb3b6,e-bike,39.99407183333334,-83.02574279999999,88.0,24.0,True,False,False
Spin,d257ffeb-724b-40bb-b4a3-e0b735428e37,e-bike,39.99520903333334,-82.99912903333333,65.0,17.56,True,False,False
Spin,2e7247ee-6e33-41c9-a437-d0f27eadd47b,e-bike,40.007005899999996,-83.05148660000002,44.0,12.0,True,False,False
Spin,5d9afc69-ed50-418c-baaa-42f43b9785ab,e-bike,39.973497449999996,-82.97807205,86.0,23.41,True,False,False
Spin,b3f681ae-2c2c-471e-82df-99ef39a73fcb,e-bike,40.018685,-83.0556962,89.0,24.29,True,False,False
Spin,a9f307e7-56a6-4036-8479-70d65750fa08,scooter,39.98748223333334,-83.00831670000001,51.0,13.76,True,False,False
Spin,ac7b8d38-89ad-4c02-bed3-3d33332850ad,e-bike,39.982007833333334,-83.0045403,22.0,5.85,True,False,False
Spin,81e9d70b-8002-4478-88c0-355dc9532276,scooter,40.041895,-83.000144,54.0,14.63,True,False,False
Spin,59f5e5e5-f168-40c5-914e-8c62fa84eedc,e-bike,39.98768265,-83.01890970000001,30.0,8.19,True,False,False
Spin,0255cfb2-1120-4c29-8ed8-b4fbbcc7c4e9,e-bike,39.98768625,-83.01891099999999,78.0,21.36,True,False,False
Spin,02ba85ba-c691-4922-a8da-0d1ebef60fd3,e-bike,40.004935,-83.00861833333332,51.0,13.76,True,False,False
Spin,0b3d2b70-aec2-43c5-8253-3cb33fbcdc4a,e-bike,40.022823333333335,-83.01393833333334,68.0,18.44,True,False,False
Spin,19dcca8a-7ce2-4dd2-b3e4-2f7a62b180e2,e-bike,39.99631613333334,-82.99984533333333,22.0,5.85,True,False,False
Spin,89d5b9de-ac92-4624-922a-fc812e586c4c,e-bike,39.996673333333334,-83.00074500000001,99.0,26.93,True,False,False
Spin,5c12214d-b493-40f8-b3d6-e308ee8ed132,scooter,39.948362,-83.047235,92.0,25.17,True,False,False
Spin,62443ba0-4673-4a71-95e6-9c7e784ee016,scooter,39.947668,-83.05099,70.0,19.02,True,False,False
Spin,e8701441-4c2a-4768-b12d-776efa8e91e1,e-bike,40.006616300000005,-83.0213847,87.0,23.71,True,False,False
Spin,1a0e576b-f076-4034-9770-027283d3d5a0,scooter,40.01048,-82.972695,90.0,24.58,True,False,False
Spin,6a302331-6b0a-48ed-b15d-7ab1f88d8536,scooter,40.045955,-83.019877,63.0,17.27,True,False,False
Spin,3f57bbe1-f867-40d1-9893-a0a38166154a,scooter,40.045966,-83.019845,51.0,13.76,True,False,False
Spin,ce0c4562-7990-4d9f-95dd-85880e6f83c0,scooter,40.006605,-82.979483,92.0,25.17,True,False,False
Spin,c75b6643-a0f2-4310-8c94-61072cdc0228,scooter,40.02452,-83.002085,56.0,15.22,True,False,False
Spin,317a60b2-7f0f-429e-b193-a001429bc774,e-bike,39.99613473333333,-83.0406851,65.0,17.56,True,False,False
Spin,753e40d4-b535-482a-a8d9-9e97c9235fe8,e-bike,39.97792915,-83.01578749999999,67.0,18.15,True,False,False
Spin,d24a41be-95a2-4a3c-88c4-3a0588b673a6,scooter,40.014591,-82.982452,86.0,23.41,True,False,False
Spin,72aaa0a1-0474-4344-90fb-513c66b19a46,e-bike,39.943826933333334,-82.98349263333333,53.0,14.34,True,False,False
Spin,4ad58cc9-1a60-4acd-b517-c419542b3f7b,scooter,39.994143,-83.006858,98.0,26.63,True,False,False
Spin,1e8b7b34-5ef8-4f74-8ea5-9aed1692e43c,e-bike,39.99038013333333,-83.00513270000002,56.0,15.22,True,False,False
Spin,b37c1480-6da2-4a95-b83a-126c3063d717,scooter,40.001774,-82.996183,62.0,17.77,True,False,False
Spin,aec734e7-abaf-46f0-8fe1-70ed2d6ee789,e-bike,39.997969033333334,-83.0039103,80.0,21.66,True,False,False
Spin,67f17140-8d10-43c4-b39f-af7b03513d8c,e-bike,39.992007533333336,-83.0085583,23.0,6.15,True,False,False
Spin,5f442998-5ef8-4398-8adf-d852415542e7,e-bike,40.013065399999995,-83.0102079,62.0,16.97,True,False,False
Spin,76089856-8c42-4452-b36f-8aac57e5c79e,e-bike,39.99274303333333,-83.0066986,89.0,24.29,True,False,False
Spin,fb2766ef-4acb-45b8-8faa-9b26c03be2cb,scooter,39.998601,-82.971238,49.0,13.46,True,False,False
Spin,ae3d51b7-64df-448c-92de-8890b133e56a,e-bike,39.93817713333333,-82.95463653333333,47.0,12.88,True,False,False
Spin,05b62627-56ee-45c3-a2ad-bdc19020f9f4,scooter,40.014841700000005,-83.0001938,100.0,27.22,True,False,False
Spin,2fe9cc45-e83e-4fa3-ad43-2a4e2f6081e5,e-bike,39.95015,-83.00022166666668,44.0,12.0,True,False,False
Spin,501c2c27-082e-40aa-88e8-87ee5d449d07,scooter,39.992842,-83.026902,87.0,23.71,True,False,False
Spin,5d0a659a-491f-4745-aa28-94d691ec36cc,e-bike,39.95479853333333,-83.03365219999999,82.0,22.24,True,False,False
Spin,51622234-d7c2-4e51-9c75-71c6d7568c99,e-bike,40.010440499999994,-83.0147396,35.0,9.66,True,False,False
Spin,c73fd2f9-0edd-4b34-8e3b-7c397d87034a,scooter,39.96351043333333,-83.0030513,37.0,9.95,True,False,False
Spin,5268041e-cd2f-4a11-9329-0b0efa8de974,e-bike,39.958689533333335,-83.01373110000002,48.0,13.17,True,False,False
Spin,11e8b09e-e84a-492f-ac6e-2cd2a339a71a,e-bike,39.978196450000006,-82.99812993333335,87.0,23.71,True,False,False
Spin,fe7d12d0-011a-4d29-b1b8-4141df9b6e3a,e-bike,39.95206783333333,-83.0059107,39.0,10.54,True,False,False
Spin,d656238f-195f-4932-968c-2e5e8546abfd,e-bike,39.990985,-83.00977999999999,56.0,15.22,True,False,False
Spin,6944df7c-d49f-405b-ad1d-fa9c9bd285f9,scooter,40.0097,-83.009484,40.0,10.83,True,False,False
Spin,36c1546e-c10c-4f87-baa0-903939f820dd,e-bike,40.0113036,-83.01065349999999,37.0,9.95,True,False,False
Spin,2ecf9dda-cee9-4adc-9a3f-6b372edbbd30,e-bike,39.990472133333334,-82.99556213333332,19.0,5.27,True,False,False
Spin,097173b4-92ac-42c0-b1a7-f9750857ec80,scooter,40.02893,-83.029358,53.0,15.01,True,False,False
Spin,fd441119-e1b0-4b22-8f16-2fc0b5b2cbd6,scooter,39.95775533333333,-83.00262599999999,60.0,16.39,True,False,False
Spin,8ac284ea-2cda-491a-87e2-d8ab60e0b367,scooter,39.961874,-82.992909,70.0,19.02,True,False,False
Spin,bad90e7b-f380-459b-bade-9dc0ed2dea5d,e-bike,40.007545,-83.00095080000001,40.0,10.83,True,False,False
Spin,3b519e29-9b37-4b14-9577-83567607d482,e-bike,39.99987313333334,-83.00780690000002,45.0,12.29,True,False,False
Spin,3d7b8a1b-28c8-4561-9b90-ffc0d42b2d2b,scooter,39.98739743333333,-83.0109494,88.0,24.0,True,False,False
Spin,d754dda4-04bc-4647-8e26-9e6c00d2e309,e-bike,39.98993195,-83.00448810000002,92.0,25.17,True,False,False
Spin,cec9c009-a510-470e-89ef-5bb87992bc4c,scooter,39.958712,-82.979496,33.0,9.5,True,False,False
Spin,b50f14f6-58bd-45e4-aa48-ab305f690a19,scooter,39.982988,-83.004813,86.0,23.41,True,False,False
Spin,33503c0b-0c7e-4c96-a21a-a3f1bb8b76fd,e-bike,40.011403,-83.01418200000002,53.0,14.34,True,False,False
Spin,f0182ec0-46d7-49ec-a6ca-a0d2078b2cba,e-bike,39.996120033333334,-83.002106,29.0,7.9,True,False,False
Spin,7d114f37-7de7-4c70-8be8-dbe07de62278,e-bike,39.986356433333334,-83.0295811,51.0,13.76,True,False,False
Spin,b0c9ba76-3f19-462a-ad3f-5c151c0dbc11,e-bike,40.0157641,-83.0108159,16.0,4.39,True,False,False
Spin,e875e1b2-94fd-4182-950d-1894a44e489a,e-bike,39.99403163333333,-83.0427688,89.0,24.29,True,False,False
Spin,83ce35bf-60b9-4c8a-8941-fd1b501d5dfa,e-bike,39.995168633333336,-83.0011019,86.0,23.41,True,False,False
Spin,41c5b31c-0288-4cb4-a7c2-575912885343,e-bike,40.0031094,-82.99836103333334,19.0,5.27,True,False,False
Spin,cab67df5-ce7f-4c1f-aaa0-a41cacd596fd,e-bike,40.010059299999995,-83.0089696,86.0,23.41,True,False,False
Spin,1cf41daa-0391-49b0-8d8d-b7c109f60c09,scooter,39.976909,-82.976329,67.0,18.15,True,False,False
Spin,71d0edb2-89b8-4a2f-a5d7-d076e3d36904,e-bike,39.95892763333333,-83.00840510000002,60.0,16.39,True,False,False
Spin,485d52ab-6ba6-469d-8dc6-93f7315eaec1,e-bike,39.99258973333333,-83.0129773,41.0,11.12,True,False,False
Spin,a7045d51-b396-4221-9d1b-dc6c172d02b5,e-bike,39.967249433333336,-83.01340460000002,30.0,8.19,True,False,False
Spin,d80bd9cb-6f00-4464-814f-83e8639d78d5,e-bike,39.950190033333335,-83.00020420000001,94.0,25.46,True,False,False
Spin,16aec6ba-ca16-45d7-8c52-c17ed8564781,scooter,39.957406533333334,-83.00155670000001,51.0,13.76,True,False,False
Spin,665d69c5-e5d0-4b72-b294-57591716fa16,e-bike,39.95517323333333,-83.03403019999999,75.0,20.49,True,False,False
Spin,b91cb997-37e2-46ca-bcce-5712dbcb4d92,scooter,39.935906,-82.988883,87.0,23.71,True,False,False
Spin,a8f77f36-9ce4-4e8e-8f25-38d7c85053fc,scooter,39.960837,-83.008714,94.0,25.46,True,False,False
Spin,5e990f54-7c12-40e5-b734-240817a5e8bd,e-bike,40.0210555,-83.03162689999999,53.0,14.34,True,False,False
Spin,3b721d40-b59d-4867-96f4-d2e2eeee9cf8,e-bike,39.99071223333333,-83.01743300000001,54.0,14.63,True,False,False
Spin,298ccfcb-1cdb-4c45-9d36-00bdc4a84777,e-bike,39.99663333333333,-83.00151499999998,76.0,20.78,True,False,False
Spin,a24c100e-7716-4143-bf29-ddeef3baef7b,scooter,39.96932183333333,-83.0121477,74.0,20.19,True,False,False
Spin,7065aca4-7ed8-4cf3-bf68-0f4346bd472d,e-bike,39.99096753333333,-83.01562600000001,69.0,18.73,True,False,False
Spin,40d256dc-d17e-49f4-aeb0-b85eb43b06db,e-bike,39.98930925,-82.99506313333335,87.0,23.71,True,False,False
Spin,a002f7b7-1c06-4477-8442-b9c6afead91f,e-bike,39.95502603333333,-83.06794649999999,22.0,5.85,True,False,False
Spin,388a0e4a-8ac8-46be-8d1d-13b07706d5c4,scooter,39.962051,-82.98961,33.0,9.5,True,False,False
Spin,3b287a52-df3c-4f89-b91a-b6e899152865,e-bike,39.99793666666667,-83.00738666666666,89.0,24.29,True,False,False
Spin,05a125d4-cb85-47b5-bee9-ef9e691b37b3,e-bike,39.94938453333334,-83.001487,24.0,6.44,True,False,False
Spin,fd31b31b-69ec-4559-9b7c-efb6c427f451,e-bike,39.987932050000005,-83.0094718,86.0,23.41,True,False,False
Spin,5155e40b-326f-4995-ad44-a3ba0194a44e,e-bike,39.98983075,-83.00625569999998,62.0,16.97,True,False,False
Spin,d59306f0-ff4d-4ef1-8129-32a320af8bfd,e-bike,39.978373049999995,-83.00024880000001,54.0,14.63,True,False,False
Spin,5312a401-c3c6-46e2-bc3c-16201ff1526d,e-bike,40.0068634,-82.99667073333333,54.0,14.63,True,False,False
Spin,86ac4d1d-d9fe-4f26-813f-ec759c787828,scooter,39.95747793333333,-82.96077983333335,43.0,11.71,True,False,False
Spin,9dc57620-cfab-4a7d-959b-b79b6b51a3c8,scooter,39.97439305,-83.02163270000001,47.0,12.88,True,False,False
Spin,53f5f0cf-0706-447e-8d1d-f79e0c2d9824,e-bike,39.986845333333335,-82.91536193333334,22.0,5.85,True,False,False
Spin,9c58154a-5153-4abb-bac2-f9cd49f3cd26,scooter,39.946469,-83.034006,97.0,26.34,True,False,False
Spin,b53dc7a3-0606-42a3-acab-6108d531cb0f,e-bike,39.994007333333336,-83.00693869999999,89.0,24.29,True,False,False
Spin,f5e59d08-0e28-497a-a94b-06ce1fedc4f3,e-bike,39.958931533333335,-83.030376,86.0,23.41,True,False,False
Spin,a1005161-f82b-4840-a5e1-83b449bf61d7,e-bike,40.025469799999996,-83.0322299,61.0,16.68,True,False,False
Spin,4f46df6c-b68d-472d-a868-e1e0e1289118,scooter,39.95849483333333,-83.0019514,73.0,19.9,True,False,False
Spin,6ba5c694-fb66-491d-9c62-a0d25fdab681,e-bike,40.002301,-82.99679323333334,39.0,10.54,True,False,False
Spin,5d874793-b9c0-40cf-9535-2f316d4b11ed,scooter,39.957254,-83.003695,99.0,26.93,True,False,False
Spin,01d4afd7-c924-4d94-a4a8-890647b790f1,e-bike,40.007035200000004,-83.00167439999998,75.0,20.49,True,False,False
Spin,713bc9fa-f2b3-4e39-8404-fceabc324699,scooter,39.944606,-83.018,44.0,12.0,True,False,False
Spin,fbd29b86-88b4-4db9-b27c-ca437323e5e7,e-bike,39.991936933333335,-83.01068740000001,51.0,13.76,True,False,False
Spin,bc3ab8a0-2b90-4415-b99a-578e35856504,e-bike,39.99534943333333,-82.99967633333333,81.0,21.95,True,False,False
Spin,1a801d84-e58c-4485-b0f1-4c64fa6dad53,e-bike,39.995400000000004,-82.99974333333333,47.0,12.88,True,False,False
Spin,21d69f6f-8e2e-4a5f-a1f8-94adb92d2555,scooter,39.97784535,-83.01046909999998,41.0,11.12,True,False,False
Spin,2f30620a-292d-420e-9e98-92cadcb05be5,scooter,40.012263,-82.985828,43.0,11.71,True,False,False
Spin,8214a20f-4d11-4fd2-bc7b-5c586132064f,e-bike,39.938725,-82.97323666666668,24.0,6.44,True,False,False
Spin,5c51eade-afa5-49c9-ab84-07bf0c41d6d1,e-bike,39.99564543333334,-83.0034233,86.0,23.41,True,False,False
Spin,2a6387b9-882c-4a66-9aae-f696c27df3f4,e-bike,39.99188993333333,-83.0063221,33.0,9.07,True,False,False
Spin,49b43674-4820-4e63-8287-225d9967adb2,scooter,39.986425,-83.001942,76.0,20.78,True,False,False
Spin,b91a43ba-fc5a-481b-a598-6f000661bafd,e-bike,39.99349723333333,-82.99573013333332,33.0,9.07,True,False,False
Spin,89d818f3-afaf-4f74-9c3c-063ba54f4272,e-bike,39.990469133333335,-83.0123835,76.0,20.78,True,False,False
Spin,d87a5666-c4c6-405c-abc2-241951700c76,e-bike,39.98854305,-83.0007466,84.0,22.83,True,False,False
Spin,9afdb4fa-7115-4509-b516-6e2dba0532a1,e-bike,39.98979105,-83.0061259,82.0,22.24,True,False,False
Spin,540d965b-4f71-4063-9c94-688e05d1bb22,e-bike,40.0027575,-83.00246800000001,49.0,13.46,True,False,False
Spin,c2576ebf-beca-4e86-9d26-0afe9b667160,e-bike,39.993746533333336,-83.0092723,71.0,19.32,True,False,False
Spin,d80d98c5-9912-430c-9ab4-26a5c7692fef,e-bike,39.99580653333333,-83.04731220000001,71.0,19.32,True,False,False
Spin,e92a63cc-3c4d-49d6-8545-23cb6159e21d,e-bike,39.963998133333334,-82.99806303333335,53.0,14.34,True,False,False
Spin,c0874e5a-2f01-4856-9fa9-cf6d4f43bd09,e-bike,40.021405800000004,-83.02979590000001,57.0,15.51,True,False,False
Spin,6cfb467e-d6c4-4465-b7e4-1ed526046f91,e-bike,39.98520015,-83.04437920000001,87.0,23.71,True,False,False
Spin,1cad1158-d006-46f6-8f83-3f2b58dcaa83,e-bike,39.99785263333333,-83.0059081,91.0,24.88,True,False,False
Spin,002bc28e-61b5-4184-9071-5fc5bb792603,scooter,40.0023836,-83.0083712,51.0,13.76,True,False,False
Spin,f91e36be-bccd-4c9d-bfe6-b0880357e108,scooter,39.961126433333334,-83.00900930000002,85.0,23.12,True,False,False
Spin,5780902b-8574-4455-8899-bbed66a04d54,e-bike,40.0416704,-82.96081093333332,65.0,17.56,True,False,False
Spin,67ab24eb-3531-4b4a-850f-2e80150cb57c,scooter,39.993683,-82.980527,42.0,11.41,True,False,False
Spin,b114cdd9-bee3-4997-9edd-9c2ca0f54a45,scooter,40.0071827,-83.0198171,31.0,8.49,True,False,False
Spin,9815b9a0-7245-4c63-b9c0-aca9e0054085,scooter,39.99323653333333,-83.011592,76.0,20.78,True,False,False
Spin,972fc342-8550-4f9d-bf11-c2c4ac662c47,e-bike,40.0026543,-83.00847379999999,27.0,7.32,True,False,False
Spin,c7172889-0876-47d6-b382-b41f349053d7,e-bike,40.0025394,-83.0016788,89.0,24.29,True,False,False
Spin,d24e9f9e-dcad-4e96-b741-bfe578fdf9c6,e-bike,39.99774543333333,-83.0055344,68.0,18.44,True,False,False
Spin,9dd88c8a-245a-45b3-9b4f-af417a047797,scooter,39.968175433333336,-83.01979439999998,73.0,19.9,True,False,False
Spin,fde69a11-ff0f-4b10-8000-a7839b4ac57c,e-bike,39.99301353333333,-83.0056244,16.0,4.39,True,False,False
Spin,6a6a23da-e493-457e-95c4-05115ac6555a,e-bike,39.99903273333334,-83.00111209999999,25.0,6.73,True,False,False
Spin,450bf861-a8fa-47ec-983e-1294033d9571,e-bike,40.023996000000004,-83.02556150000001,75.0,20.49,True,False,False
Spin,16c25e5f-cd28-4a7b-9ec0-5c1d91294768,e-bike,39.993237433333334,-83.0116156,58.0,15.8,True,False,False
Spin,44075b00-7b30-4aa9-8990-d77d872c44e5,e-bike,39.990338333333334,-83.0059371,22.0,5.85,True,False,False
Spin,e2b10bd5-3345-4663-9c5f-405ab35874bb,e-bike,40.0032939,-82.99940463333333,40.0,10.83,True,False,False
Spin,2c1f4855-2396-431f-bc7b-3f8ef58b6bf3,e-bike,40.0052177,-83.0028542,30.0,8.19,True,False,False
Spin,4b656141-c77a-42f7-96ec-61684e5b6089,e-bike,40.0062497,-83.00914110000001,31.0,8.49,True,False,False
Spin,0cb5456f-a3f4-4cb8-b0a5-e2f960fa442f,e-bike,39.96024666666666,-82.96008666666667,94.0,25.46,True,False,False
Spin,e0997e09-6f49-47c9-be5e-d07c54770deb,e-bike,39.987932949999994,-83.00327,65.0,17.56,True,False,False
Spin,a695d84c-c3b2-42f0-8b38-c94863365701,e-bike,39.95707193333333,-82.99942273333333,57.0,15.51,True,False,False
Spin,3ee411fe-4af8-4e0d-bd28-5f82ad562298,e-bike,39.957049633333334,-82.99946733333333,87.0,23.71,True,False,False
Spin,e1dd253f-b957-4ba7-96ef-7baef1f4955f,e-bike,39.96096273333333,-83.0126466,88.0,24.0,True,False,False
Spin,4fcf2772-646b-4761-98cc-dda78ec346ee,e-bike,39.975863249999996,-82.98011573333334,57.0,15.51,True,False,False
Spin,239c7997-b492-42e6-a74b-97a3c323f088,e-bike,40.0018245,-83.0080728,76.0,20.78,True,False,False
Spin,6c8e1043-ac14-403f-beb2-4a396fdfd272,scooter,39.99957843333333,-83.00719120000001,46.0,12.58,True,False,False
Spin,cbff8567-8334-4733-9609-54008c142f4a,scooter,39.983571,-82.997031,96.0,26.05,True,False,False
Spin,c3065602-054e-4925-954f-535e241e4810,e-bike,40.002655499999996,-83.00845319999999,33.0,9.07,True,False,False
Spin,17801617-5863-4a32-b49b-f297bf0cab04,e-bike,39.97076975,-83.004236,91.0,24.88,True,False,False
Spin,49340b66-3343-4bdf-b830-0c071a12050a,e-bike,40.0107724,-83.01491589999999,22.0,5.85,True,False,False
Spin,59e51778-c3cd-491e-88aa-6483307d5d56,e-bike,39.977959049999996,-83.01452820000002,88.0,24.0,True,False,False
Spin,f6e62139-90a5-4c1e-a288-3d826fdd0a6f,e-bike,40.0075418,-83.0049508,72.0,19.61,True,False,False
Spin,0b7fbe10-bfb8-4de9-b934-49efd0cecf62,e-bike,40.0082252,-83.0063137,62.0,16.97,True,False,False
Spin,1d2b440e-4176-4430-9731-df8750f1e533,e-bike,39.97807465,-82.99495013333332,22.0,5.85,True,False,False
Spin,02eef319-ca03-4cb1-9f16-e1f9b41c2fac,e-bike,39.966720233333334,-83.0202817,23.0,6.15,True,False,False
Spin,b5ab4435-39e9-4865-b31e-dd75ec64e8f5,e-bike,39.98182666666666,-83.00168666666666,75.0,20.49,True,False,False
Spin,d33725c5-3ca8-41ec-8579-0c46e0afebbf,e-bike,39.96098773333333,-83.0126237,44.0,12.0,True,False,False
Spin,3e42eb88-bb3d-45d6-bbd0-e209c0d27a91,scooter,39.96479153333333,-82.99821923333333,33.0,9.07,True,False,False
Spin,b0efd021-f3e6-46d8-9ff0-ea673ad0cde1,e-bike,39.98411273333333,-83.00630629999999,16.0,4.39,True,False,False
Spin,856e4dbf-498a-472e-b100-dc4dfa6279f1,e-bike,39.98428033333333,-83.02793580000001,89.0,24.29,True,False,False
Spin,fbc84d1b-1e07-4a4e-8a76-fe23a1851366,e-bike,39.96098933333334,-83.01259819999999,87.0,23.71,True,False,False
Spin,936374a7-d9e2-46d9-b4c4-4240e859bf6a,e-bike,39.95576463333334,-83.0123472,63.0,17.27,True,False,False
Spin,bc729166-c778-493a-b8b2-3343d0551c8e,e-bike,39.97439833333333,-83.02232833333333,43.0,11.71,True,False,False
Spin,23f8a2e7-e726-42a3-a1de-9524f58425f8,e-bike,40.010989,-83.01456920000001,51.0,13.76,True,False,False
Spin,11ca8628-5ae3-4101-8b8e-9a17edef1998,e-bike,39.955784933333334,-83.0123047,65.0,17.56,True,False,False
Spin,dd67946b-5bc0-4a3c-8bdc-8fda37ce4349,e-bike,40.0190417,-83.02537329999998,62.0,16.97,True,False,False
Spin,44721378-e774-4edc-8536-1047e1b8d3f6,scooter,39.96173793333333,-83.0087365,76.0,20.78,True,False,False
Spin,0ba41db3-4088-48e0-b913-00f6330c254f,scooter,39.96175113333334,-83.00875769999999,45.0,12.29,True,False,False
Spin,74a47121-0a41-48bd-8e1c-bde1f9fd2e2c,e-bike,40.0072895,-83.01571960000001,27.0,7.32,True,False,False
Spin,0aad284d-c78d-42fb-8135-8928daa7bf34,e-bike,40.0012223,-82.99759633333333,67.0,18.15,True,False,False
Spin,babc8815-9a15-4ce3-a378-e886bc7ff97e,e-bike,39.993950000000005,-82.98893333333332,41.0,11.12,True,False,False
Spin,3df2cb82-4a88-470f-976c-04721628f6b1,scooter,40.0230241,-83.02745949999999,66.0,17.85,True,False,False
Spin,d13c7de3-cea6-40fe-ac66-5aa2dbe853b8,scooter,39.961592,-83.022779,37.0,10.42,True,False,False
Spin,213aeb26-8da4-44f2-a54b-798fe1cf2f39,e-bike,39.99017563333334,-83.00582690000002,56.0,15.22,True,False,False
Spin,f2a0b4fa-8aa0-4942-8333-3563fae6215c,e-bike,39.97133225,-83.00482070000001,75.0,20.49,True,False,False
Spin,ad7b74d9-cf7b-4113-a6a9-b726f30c8844,scooter,39.98481173333333,-82.92015763333332,15.0,4.1,True,False,False
Spin,20e412b6-219a-41cf-8b59-0ecd6827a3ab,scooter,39.999728733333335,-82.98572805,53.0,14.34,True,False,False
Spin,6d91ca9c-ba05-4b77-8a1f-ef5ba2ba64d2,e-bike,39.96564823333333,-82.99438623333332,34.0,9.37,True,False,False
Spin,0af3e211-b270-4927-ba30-85de6bda60ae,e-bike,40.009434299999995,-83.0141296,35.0,9.66,True,False,False
Spin,b178252f-4a37-4123-81c9-6069b16fc0ed,e-bike,40.0075603,-83.0095874,27.0,7.32,True,False,False
Spin,32eada84-b65b-40d0-9349-782866cd1f68,scooter,39.993684,-83.007752,97.0,26.34,True,False,False
Spin,97182d6c-2dad-4f80-9eb6-d5ddddfcc532,e-bike,39.956595,-82.97149166666668,83.0,22.54,True,False,False
Spin,43baadd0-5246-40c9-b6eb-0bb008c1fc9b,e-bike,39.99903263333333,-83.0013107,51.0,13.76,True,False,False
Spin,11834d6f-5219-4e42-a048-1e46b83ddf7b,scooter,39.998577,-83.001388,30.0,8.58,True,False,False
Spin,2d07b3c0-7b9a-4044-8ac6-1ecf0db3f4ea,e-bike,40.0100215,-83.0112316,56.0,15.22,True,False,False
Spin,ec6be7e9-b8ca-40d1-9bfe-41dd7ea9a38e,e-bike,39.97328065,-82.97585395,53.0,14.34,True,False,False
Spin,263ffe08-6487-40ea-9927-f31207506f22,scooter,39.98078373333333,-83.003791,61.0,16.68,True,False,False
Spin,7de3c58e-6908-41ca-946a-4f581509b91c,e-bike,39.98079213333333,-83.00373310000002,27.0,7.32,True,False,False
Spin,145bcd95-595a-4b47-9777-396771f24ba5,e-bike,39.98070173333333,-83.0038072,86.0,23.41,True,False,False
Spin,cf2e6d38-d90a-4721-b34b-c6c122f4ec91,e-bike,39.980738433333336,-83.00283519999999,18.0,4.98,True,False,False
Spin,b821b306-804f-450a-abbf-0298a47f0ee4,e-bike,40.0131115,-82.99768843333335,67.0,18.15,True,False,False
Spin,ef8c210c-8839-4608-b169-82ae238c7da3,scooter,39.976246,-83.009583,84.0,22.83,True,False,False
Spin,c0569d47-5dfa-429c-bbea-b44b98baffa8,e-bike,39.98231353333333,-82.99691663333333,28.0,7.61,True,False,False
Spin,ba21856c-b738-4b5a-9480-88c4487a1feb,scooter,39.912298,-82.995501,85.0,23.12,True,False,False
Spin,fc8d1e60-eff0-46e5-ab5e-e22d96e1147f,e-bike,39.99901093333334,-83.00129020000001,32.0,8.78,True,False,False
Spin,c044d298-fb82-41a1-95ff-fbf0f2ce53dd,e-bike,39.999036733333334,-83.00129919999999,54.0,14.63,True,False,False
Spin,6647c2e6-5943-4464-b4b4-3aafd06d6ded,e-bike,39.962710333333334,-82.99784383333332,18.0,4.98,True,False,False
Spin,aacb957d-5ea2-46cd-a135-598e32f51a6c,e-bike,39.97191095,-83.0034073,22.0,5.85,True,False,False
Spin,2452798d-edbc-445f-b3ee-d3ec9add0a9e,scooter,39.99402023333334,-83.0063246,57.0,15.51,True,False,False
Spin,c66e03be-4ed8-4778-9ac2-e287a394afd0,e-bike,39.98127993333333,-83.0086636,52.0,14.05,True,False,False
Spin,24ddfb26-916b-4011-a250-acaaa721c61d,e-bike,39.98607393333334,-82.98183123333335,54.0,14.63,True,False,False
Spin,fab369f0-4e97-4322-b022-8e12235a84cf,scooter,39.982113733333335,-83.0113206,81.0,21.95,True,False,False
Spin,af1a95a5-6694-4433-a6c8-006191ce4dc8,e-bike,39.97967935,-83.01863780000001,39.0,10.54,True,False,False
Spin,af7eee70-a2cd-4744-879c-4f8e542d8a21,e-bike,39.96442613333333,-83.00273530000001,40.0,10.83,True,False,False
Spin,2842dff0-c5aa-4b1f-81f8-2d265a583b42,e-bike,39.94029313333333,-83.01362429999999,86.0,23.41,True,False,False
Spin,64b18c5d-210b-4a88-b710-f57fe9570f6d,scooter,39.982112,-83.011322,39.0,10.54,True,False,False
Spin,f541bdda-b6ae-40e5-a48e-f019652e084a,scooter,39.996563,-83.001169,69.0,19.61,True,False,False
Spin,cb41fc7f-13df-4b87-8bd1-86662b288d10,e-bike,40.006837616666665,-83.00943826666668,89.0,24.29,True,False,False
Spin,f0981849-77f9-4814-b548-a8ce5c1433ed,e-bike,39.98983175,-83.00616829999998,69.0,18.73,True,False,False
Spin,906dfcb9-5439-4bbe-abc2-1013ee8643f9,e-bike,39.971396150000004,-83.00250759999999,88.0,24.0,True,False,False
Spin,877b8738-4c26-4d72-953c-ef22681bb061,e-bike,39.98628513333333,-83.02548219999998,61.0,16.68,True,False,False
Spin,5b7b64b8-4ddf-437f-8321-4051ce17e73a,e-bike,39.97137935,-83.00255569999999,31.0,8.49,True,False,False
Spin,5d2ed6db-0424-4884-b521-4be63dad9890,e-bike,39.986237433333336,-83.0254383,86.0,23.41,True,False,False
Spin,002444e4-3582-4fbb-9d57-48bb4aa718df,scooter,39.960224,-83.008708,54.0,14.63,True,False,False
Spin,182a983c-7c5b-474c-a090-afdc907097a8,e-bike,39.957307433333334,-83.0036365,47.0,12.88,True,False,False
Spin,f4ca32e9-21a8-45ab-ac5f-904885846157,scooter,39.975538,-83.003122,57.0,15.51,True,False,False
Spin,b588ea75-657f-4de1-8584-5c771f84b93d,scooter,39.975628,-83.003114,51.0,14.4,True,False,False
Spin,ff869443-3788-4a8d-b8da-0cfcb36852e5,scooter,39.990201,-83.00062,18.0,4.98,True,False,False
Spin,8ff56097-05b4-4fd4-b063-d0d991fcda10,scooter,39.990175,-83.00065,84.0,22.83,True,False,False
Spin,86f1df2e-8c1e-4261-bd72-3eb72749fb2e,scooter,39.98628153333333,-83.024328,16.0,4.39,True,False,False
Spin,7c9fb50a-be14-48e2-b590-ddda3897aa43,scooter,39.965016,-82.992625,43.0,11.71,True,False,False
Spin,56b2a64a-435c-47f3-a1b9-f3cc477125d7,e-bike,39.97819525,-83.0036279,44.0,12.0,True,False,False
Spin,650265cc-7a86-44dc-8f97-19638963eeeb,e-bike,39.99275143333333,-82.99569123333335,40.0,10.83,True,False,False
Spin,c98c4896-fc56-4875-a127-ba89ba6732ff,scooter,39.976217,-83.009488,49.0,13.46,True,False,False
Spin,24a94298-06d8-479f-8ac5-b75bb79c630c,e-bike,40.007398333333335,-83.00959999999999,72.0,19.61,True,False,False
Spin,06b95ded-8de6-489d-a5c4-b9466e282994,scooter,39.987704,-83.005823,77.0,21.07,True,False,False
Spin,4d22563d-4763-407a-a572-549b88e0330f,e-bike,39.99246493333333,-83.00666600000001,76.0,20.78,True,False,False
Spin,92f3998b-bf2c-43df-b3eb-f071c11dcaa1,scooter,39.95726583333333,-83.00363459999998,91.0,24.88,True,False,False
Spin,9906f705-585b-4d64-a6a9-ffa30be0c427,scooter,39.96532103333333,-82.96445923333334,62.0,16.97,True,False,False
Spin,430a8535-cfa9-40d2-a3e2-28878749f1fe,e-bike,39.99623833333333,-83.00042239999999,87.0,23.71,True,False,False
Spin,2b3387cd-d356-4524-9165-56c821385ae0,e-bike,39.998931133333336,-82.98612873333335,34.0,9.37,True,False,False
Spin,05aa9224-6323-4be0-83a6-a484b98b88c7,scooter,39.96176393333334,-83.0034193,88.0,24.0,True,False,False
Spin,0d9ba522-60ac-4b8b-9112-6e61a8db3c17,e-bike,39.965824233333336,-82.99845013333334,53.0,14.34,True,False,False
Spin,281c6947-e116-4634-bb13-1587db1fd8a0,scooter,39.948898,-82.997957,56.0,15.22,True,False,False
Spin,3354374a-024a-467f-b2ec-d49aa1a26530,e-bike,39.94185083333333,-82.99849643333333,57.0,15.51,True,False,False
Spin,fa805c8f-3cbb-45ee-89ac-52cd7f4599af,e-bike,39.94186903333333,-82.99849853333332,40.0,10.83,True,False,False
Spin,6c52fc28-ad71-4cab-8e3c-31e51a5cd532,e-bike,39.994195,-83.01087666666666,92.0,25.17,True,False,False
Spin,04b4f635-b77b-441c-90c1-c575b0a999d7,scooter,39.99866083333333,-83.0017184,51.0,13.76,True,False,False
Spin,1443c793-6747-4475-aa7b-11615ad4e6a3,e-bike,40.01426166666667,-83.00024833333333,75.0,20.49,True,False,False
Spin,3b9f7145-006e-4900-9b37-cf26c74d211a,e-bike,40.0009366,-83.0008596,56.0,15.22,True,False,False
Spin,38a51408-cadf-460d-8003-068beebe3918,scooter,40.010737299999995,-83.0049809,24.0,6.44,True,False,False
Spin,bf471fbb-9a06-4a16-b26f-a212b4495ecf,scooter,39.957782,-82.999049,85.0,23.12,True,False,False
Spin,83cd17bd-34d2-4704-91a5-742ec6f1b5c2,e-bike,40.0027709,-83.00501530000001,32.0,8.78,True,False,False
Spin,c91223ad-9a8a-4321-b803-424a1c92d88d,scooter,39.99825993333333,-83.00755320000002,30.0,8.19,True,False,False
Spin,7ffdc011-02af-415d-bab8-ed6292893c82,e-bike,40.0028163,-83.0084518,51.0,13.76,True,False,False
Spin,6146c54c-c89c-41fd-b6f1-458230b6a170,e-bike,40.0026545,-83.00846449999999,62.0,16.97,True,False,False
Spin,3868ba2e-6621-4fc9-9dae-47a0a728095c,e-bike,39.993056333333335,-83.00738500000001,26.0,7.02,True,False,False
Spin,82514241-e6a7-4866-b160-fb390ad9ff37,e-bike,39.993005000000004,-83.00739166666666,69.0,18.73,True,False,False
Spin,6e9445e3-e63d-4ccc-ab22-ef74f664d709,scooter,40.014872,-83.00211409999999,48.0,13.17,True,False,False
Spin,d89f72e2-4a9c-40c3-a899-1bcc2b3a54e2,e-bike,39.99020073333334,-83.01350929999998,87.0,23.71,True,False,False
Spin,c8be24eb-7186-49f5-a011-1fa1b597a271,e-bike,39.93253913333333,-82.99352803333335,62.0,16.97,True,False,False
Spin,8309fcba-e7da-41ce-8195-9df7ab2b0d8f,e-bike,39.96555703333333,-83.0099964,86.0,23.41,True,False,False
Spin,56ccac35-5df0-4413-8bbb-89aa5db8aacc,e-bike,39.99191833333334,-83.00967166666666,57.0,15.51,True,False,False
Spin,ab5b8654-e404-4a2b-8c38-c50ac6287461,scooter,39.94889813333334,-82.99821343333333,52.0,14.05,True,False,False
Spin,223b78bc-7298-4933-9b29-863d7cff9c8c,scooter,39.94892023333333,-82.99819583333334,68.0,18.44,True,False,False
Spin,513aecb3-be44-419d-b2e6-a2b6fcc7f6f9,e-bike,40.0061699,-83.00940469999999,23.0,6.15,True,False,False
Spin,cecca200-e7e1-40bf-8ee6-5286a40f7b08,e-bike,39.98788085,-83.00331460000001,32.0,8.78,True,False,False
Spin,b95aedd2-af3c-4353-9c5b-1b034cc68864,e-bike,40.0009617,-83.0080935,45.0,12.29,True,False,False
Spin,44a70d3d-1fce-4fbd-93b0-0f30b51a520f,scooter,39.95212,-83.057735,20.0,5.56,True,False,False
Spin,88dff5b9-a52b-436a-8901-0a34ef075730,e-bike,40.0092263,-83.01133669999999,26.0,7.02,True,False,False
Spin,850b32bd-f08b-4045-9fa3-3c9591515b2a,e-bike,39.94030433333333,-83.0136399,37.0,9.95,True,False,False
Spin,a0aa47e8-1c91-40d1-89a0-4de043a094fd,scooter,39.943102,-82.849508,55.0,15.62,True,False,False
Spin,d9a9f998-fd52-44bc-a9fb-683ff3459d7c,scooter,40.0270249,-82.95732263333333,0.0,,False,True,False
Spin,64f628b3-b04b-4cf9-b2f7-693bfcae7564,e-bike,39.96740333333333,-82.98045500000002,0.0,,False,True,False
Spin,1816e574-d201-48f4-9951-96f9d121e6c1,e-bike,39.95685,-83.00406833333334,0.0,,False,True,False
Spin,b725e83c-f8bb-498c-b45a-49c0607cdea7,e-bike,39.975024999999995,-83.00224666666666,0.0,,False,True,False
Spin,a2b099c7-4a1b-48b6-b837-ef4f979cb93a,scooter,39.962926,-83.002527,0.0,,False,True,False
Spin,2d2a2248-8955-4001-b7c2-ec5340462e72,scooter,40.020851,-82.921621,0.0,,False,True,False
Spin,997dc63b-476b-459f-ad23-4dfa70281995,scooter,39.959657,-82.990375,0.0,,False,True,False
Spin,b9b30fdb-378c-426b-bed5-5136efcf7ac5,scooter,39.971122,-82.978245,0.0,,False,True,False
Spin,25d3215e-81a1-4696-8f99-e556174a90fb,scooter,39.960737,-83.014016,3.0,0.92,False,True,False
Spin,998c22a0-7c6b-45b8-8ea0-7ac44a414271,e-bike,40.01492833333334,-82.99262333333333,11.0,2.93,False,True,False
Spin,251e9228-1869-4127-b4f6-489749832ae6,scooter,40.005862,-82.973236,3.0,0.88,False,True,False
Spin,275dc045-5414-4073-b73e-433a5a1e676f,scooter,39.975209,-83.002535,5.0,1.46,False,True,False
Spin,5d56e3e9-92d3-4e7f-bd76-33a8f8626cb9,scooter,39.949251,-82.962883,0.0,,False,True,False
Spin,8d85b6af-c2ff-402b-82bc-f58b8d7c9f7b,e-bike,39.95573,-83.00502,0.0,,False,True,False
Spin,4aa05a4f-44eb-4202-8361-f7b8c99045d9,e-bike,40.0153649,-82.92899223333333,5.0,1.46,False,True,False
Spin,c20df4b8-adb1-43e2-983b-730475a140aa,scooter,39.952257,-83.051398,11.0,3.06,False,True,False
Spin,2239029e-ec4d-4945-ab2b-742f05022027,e-bike,39.99078093333333,-83.01249899999999,0.0,,False,True,False
Spin,b8cd3223-77b4-4631-b6c6-3475f9cb8c5f,e-bike,39.94943833333333,-83.04176333333335,3.0,0.88,False,True,False
Spin,17bab192-bc72-47f9-b37e-1608cd996391,e-bike,39.97032425,-83.00935390000001,0.0,,False,True,False
Spin,a36cee8f-24fd-4193-b754-e293e37cbffa,scooter,39.95888183333333,-83.0084792,8.0,2.05,False,True,False
Spin,389d61f6-691d-49a6-af6d-e3262332cb23,scooter,39.974536,-83.004391,11.0,2.93,False,True,False
Spin,b89f7a78-3940-4b5a-8506-8f5719df97dc,e-bike,39.993300133333335,-83.00674910000001,0.0,,False,True,False
Spin,32748818-b49f-451f-8e28-694dd8f7d27c,e-bike,39.99572753333334,-82.99912213333333,6.0,1.76,False,True,False
Spin,675020e9-cb1c-4eb8-b4f7-e600cb484f3d,e-bike,40.040203,-83.05064589999999,0.0,,False,True,False
Spin,31dacfb9-d80d-4adb-8c09-cdebbe89d0f4,e-bike,39.98928265,-82.99504733333333,1.0,0.29,False,True,False
Spin,0e80542e-c920-4a80-b2a5-490ae43e08bb,e-bike,40.008798299999995,-83.00035269999998,0.0,,False,True,False
Spin,e0783fd9-e19f-435b-a304-df5cda5b453f,e-bike,39.98886175,-83.04275170000001,4.0,1.17,False,True,False
Spin,ecd6a4a5-b1d3-42fa-9dd6-f5606dd50e54,e-bike,39.971736250000006,-83.00257600000002,0.0,,False,True,False
Spin,ee1b278d-5152-4d07-abda-1593051b4bd6,scooter,40.008601,-82.98291,11.0,2.93,False,True,False
Spin,8ac6889d-2fae-48a0-b806-e69065ab2044,e-bike,40.02349589999999,-83.0270649,2.0,0.59,False,True,False
Spin,f0dbac98-6700-4ca4-a399-16cbdb3ed131,scooter,39.947719,-83.050913,0.0,,False,True,False
Spin,23f918e9-47df-446f-8d47-476b0d87afc9,scooter,40.006498,-82.975749,12.0,3.22,False,True,False
Spin,b0d353f5-09a3-4b9a-b496-4efbded2a0e1,e-bike,39.99570093333333,-83.0000161,9.0,2.34,False,True,False
Spin,d66ec555-9b14-4501-b955-33bdc3df2963,scooter,39.95722,-82.995254,0.0,,False,True,False
Spin,dfe2af07-0cbc-41fd-aaa1-31ecf3d01e8d,scooter,39.996717,-82.977054,0.0,,False,True,False
Spin,564caf62-e160-4d52-8dc8-e054de032ef9,scooter,40.000054999999996,-83.00361059999999,9.0,2.34,False,True,False
Spin,f8214027-882b-4c70-b49c-61ff0c660ebc,e-bike,39.95449443333334,-83.0261561,13.0,3.51,False,True,False
Spin,2b736367-21c1-4353-bb88-fc9727e71fa2,scooter,39.984185933333336,-83.00598790000001,10.0,2.63,False,True,False
Spin,94912b46-2802-46a0-be22-0cb670f84e4a,e-bike,39.984300733333335,-83.0279289,9.0,2.34,False,True,False
Spin,5c0ee2b6-18aa-42be-8a16-9a956f43eb08,e-bike,40.0022508,-82.99590203333334,12.0,3.22,False,True,False
Spin,2d903a1c-df6d-4b46-b787-50a31879e340,e-bike,39.97515166666667,-83.01024333333335,11.0,2.93,False,True,False
Spin,a88dae33-134e-40c7-987b-a60af337010f,e-bike,39.96137273333333,-83.0063343,4.0,1.17,False,True,False
Spin,d41f9591-fffe-4d8f-886f-4cd52244b1ce,scooter,39.96134983333333,-83.0063279,13.0,3.51,False,True,False
Spin,89566a21-083f-4130-800e-f73e895f6f54,e-bike,40.008171700000005,-83.010041,14.0,3.8,False,True,False
Spin,4c6e8884-0930-4c32-93ff-295cd6e03c45,e-bike,39.943472533333335,-82.98733863333334,14.0,3.8,False,True,False
Spin,46179c1d-1387-4c38-9d51-b4f0e4a94aa1,scooter,39.962454,-82.977568,14.0,3.8,False,True,False
Spin,ca59aaf7-019d-472b-941f-769998b9f81a,e-bike,39.95441043333334,-83.0017211,14.0,3.8,False,True,False
Spin,5d394703-2005-4fcf-acf2-0708e1922217,scooter,39.94021,-82.981021,14.0,3.8,False,True,False
Spin,e9da57d9-e653-4a17-85d6-1029ec0e1ddb,scooter,39.964932233333336,-83.00139519999999,14.0,3.8,False,True,False
Spin,01a8e404-3550-4d2b-bdc1-fb57550ab654,e-bike,39.99019653333333,-83.00860859999999,10.0,2.63,False,True,False
Spin,cbd9df57-9020-4ef1-b655-593205d71683,scooter,39.956936,-82.991791,0.0,,False,True,False
Spin,d51e669b-de68-4168-a8e4-9617fd8407ed,scooter,39.998054,-83.00683,0.0,,False,True,False
Spin,60daa51f-bbdf-4ff7-831f-0db0db2b110d,scooter,39.950263,-83.000312,0.0,,False,True,False
Spin,195e848e-8416-4922-90e5-a8e7681b31a9,e-bike,39.99589603333333,-83.03804059999999,63.0,17.27,True,False,False
Spin,53ec4a7a-5b67-4022-9463-0b0775606de7,scooter,40.003449599999996,-83.01099020000001,41.0,11.12,True,False,False
Spin,e3cbd7c0-c2ad-4426-a758-e8f48289d644,scooter,39.998012233333334,-83.02186189999999,19.0,5.27,True,False,False
Spin,96080a8b-6eed-4ca7-b838-bc86f56fce5c,e-bike,40.0008445,-83.0113899,26.0,7.02,True,False,False
Spin,9086a010-72a0-4527-a1d6-594b33a1de0c,scooter,40.0044041,-83.0234566,77.0,21.07,True,False,False
Spin,d534e8f4-4828-479e-8fc7-3e73ada6a452,e-bike,39.99510833333333,-83.0169845,28.0,7.61,True,False,False
Spin,77bfccc5-ff90-4c59-a11e-382977815d62,scooter,40.004486,-83.012626,88.0,25.12,True,False,False
Spin,6618ccf4-015a-4cd3-b2a5-c0e6ef94868a,scooter,40.000867,-83.015521,78.0,22.36,True,False,False
Spin,5791f52d-e250-45e1-9f98-3ac5c9f5088e,scooter,39.994787,-83.012664,72.0,20.52,True,False,False
Spin,2ef53f02-7576-4169-a0da-2393059d93f0,scooter,40.000786,-83.015154,27.0,7.66,True,False,False
Spin,1c7bddb5-fc01-4b6e-895c-1cfab7fce71a,scooter,39.99707693333333,-83.0075569,75.0,20.49,True,False,False
Spin,9d115323-7db3-47ed-8c6c-c4001696f63c,e-bike,39.99711833333333,-83.00761499999999,86.0,23.41,True,False,False
Spin,40b195e1-efd5-46d1-8fe0-79201087e43b,scooter,39.996812,-83.015073,41.0,11.12,True,False,False
Spin,9649b8bf-c285-4d6a-b588-a219dbb75373,scooter,39.99827573333334,-83.0221219,63.0,17.27,True,False,False
Spin,d8f0fca3-b7b8-4f14-b783-1178ba4487b6,scooter,39.99471,-83.009721,45.0,12.29,True,False,False
Spin,354a479e-e2f3-4776-b391-8f935f02b096,scooter,39.99673273333334,-83.01519699999999,20.0,5.56,True,False,False
Spin,63929975-95e5-4606-b560-0e0bdb5bed78,scooter,40.0010465,-83.01287810000001,67.0,18.15,True,False,False
Spin,e80e640a-2253-4877-9757-4713e283b9b4,e-bike,39.995853333333336,-83.03806000000002,65.0,17.56,True,False,False
Spin,462360eb-3d04-4d57-98bd-9e0e736c91b3,e-bike,39.99711666666667,-83.00760999999999,51.0,13.76,True,False,False
Spin,2ce149d7-c08e-4cee-95d0-48d9f2142ec1,e-bike,39.998394999999995,-83.00923333333334,82.0,22.24,True,False,False
Spin,2e180901-77c2-4572-8610-c1856e305292,e-bike,40.002894999999995,-83.03227999999999,60.0,16.39,True,False,False
Spin,039f9a67-b6c5-40d1-add9-248b2d18bfa8,scooter,40.003515,-83.009565,52.0,14.05,True,False,False
Spin,770579c6-d779-4ecb-b47c-80c631f0410b,scooter,40.0036378,-83.01151219999998,27.0,7.32,True,False,False
Spin,d4a9bedf-690b-4455-986d-69dc3662aadc,scooter,40.005404,-83.012993,61.0,16.68,True,False,False
Spin,20cae851-00dd-465f-94eb-fe6612ecf27a,scooter,40.000762,-83.01522,78.0,21.36,True,False,False
Spin,15825f86-ae2d-43d1-8d15-9542edab809f,e-bike,40.0028861,-83.00902079999999,80.0,21.66,True,False,False
Spin,d23eacb1-3fe0-40aa-abcf-9c9d4e138e6a,e-bike,39.99711263333334,-83.0075453,80.0,21.66,True,False,False
Spin,d525c331-9367-49b1-b2fe-e5e8add38d94,e-bike,39.9971,-83.00759000000001,47.0,12.88,True,False,False
Spin,860c9fff-0a7c-4add-96a8-c45d8d6527ce,e-bike,39.99711883333334,-83.0075536,86.0,23.41,True,False,False
Spin,ae803225-44f2-42a7-970e-b19a1ecb4162,e-bike,39.99417953333333,-83.0067857,26.0,7.02,True,False,False
Spin,cacb9cc1-3f6b-4791-8389-2c033d68a8e2,e-bike,39.995204433333335,-83.0167535,75.0,20.49,True,False,False
Spin,ee82683a-ddc2-496b-aba6-4f2bd5f06699,e-bike,39.99591613333334,-83.0195276,19.0,5.27,True,False,False
Spin,bf3ba0b1-0317-4f07-b8ea-32c07b67a949,e-bike,39.99625723333334,-83.0189514,17.0,4.68,True,False,False
Spin,2690ffc0-5353-4101-8e1a-07c4a6535ed0,e-bike,40.00150166666666,-83.01001333333333,68.0,18.44,True,False,False
Spin,184ea2a0-d595-4ff7-8d10-2590223f70ce,e-bike,39.99429666666666,-83.01613666666665,59.0,16.1,True,False,False
Spin,9df01adf-f981-4281-8991-18adf33532b8,scooter,40.0021366,-83.0120629,76.0,20.78,True,False,False
Spin,ecf7c213-706c-4589-9d13-438ee964bad8,scooter,40.004043,-83.013968,99.0,26.93,True,False,False
Spin,2c3ec706-7094-417b-a775-dc98fec748f2,scooter,39.993403,-83.016668,78.0,21.36,True,False,False
Spin,9b7066ee-5fcd-4cf5-99dd-9d68f69be063,scooter,40.005828,-83.0144,44.0,12.0,True,False,False
Spin,34dd9c67-9f37-4900-a262-403346a61608,e-bike,39.996051433333335,-83.0205747,90.0,24.58,True,False,False
Spin,ec8ce172-cfd8-48c1-92a8-19302906d2b1,scooter,39.99788743333333,-83.00773230000001,91.0,24.88,True,False,False
Spin,3e4aea1f-433d-44a6-af6a-732a147e3a83,scooter,40.00045,-83.015326,95.0,25.75,True,False,False
Spin,6c5eb36b-10d6-48c3-b2d7-cd6abaf0ba74,e-bike,39.99867173333334,-83.0086918,34.0,9.37,True,False,False
Spin,9ef90617-207d-472a-8b54-12b7c1c843a9,scooter,40.000867,-83.015627,35.0,10.11,True,False,False
Spin,d6df4277-ea66-4764-8319-92557e53d4f6,e-bike,39.99854403333333,-83.00933490000001,44.0,12.0,True,False,False
Spin,90bd46d0-f06e-44fe-9222-5afb5a9c90eb,e-bike,40.002382600000004,-83.0259574,20.0,5.56,True,False,False
Spin,9b1b7fc2-9f3f-44fe-9a2d-4697effed332,e-bike,40.003056799999996,-83.01006549999998,87.0,23.71,True,False,False
Spin,5d9faaf9-ac4b-4453-b93c-1ab792cfa849,e-bike,39.99854081666667,-83.00935515,23.0,6.15,True,False,False
Spin,8cdf096e-b882-4397-929b-23c5a75e1e0f,e-bike,40.0025449,-83.0182639,87.0,23.71,True,False,False
Spin,f9d0ea24-c6c5-477c-ace7-351c7a98f6c2,scooter,39.99694643333333,-83.015012,58.0,15.8,True,False,False
Spin,7665820a-99a4-4960-a38a-95801afbcb3b,scooter,39.999645,-83.008071,16.0,4.39,True,False,False
Spin,0d0d232d-343e-47dc-9924-93fe5d29ef79,scooter,39.99766103333333,-83.01854669999999,68.0,18.44,True,False,False
Spin,e322990a-e67f-4976-a222-2eae27622142,e-bike,39.995068233333335,-83.0166442,84.0,22.83,True,False,False
Spin,ddd7a4a2-87d0-4e65-a224-cca7fdd56602,e-bike,39.99559223333333,-83.0204085,63.0,17.27,True,False,False
Spin,1caff5d0-72bd-4836-905d-ed3258fe052f,e-bike,40.000480599999996,-83.02691770000001,67.0,18.15,True,False,False
Spin,9669bf31-574f-4c14-bbeb-44c3772e4ab6,e-bike,40.002192,-83.01242339999999,67.0,18.15,True,False,False
Spin,5518aa38-969a-4cec-92a3-a1a31e757b4e,scooter,39.997128,-83.016453,15.0,4.1,True,False,False
Spin,1f03f497-c0d0-4f4f-bf46-0aaa0d8da6fd,scooter,39.996902,-83.015168,38.0,10.24,True,False,False
Spin,a7f0438c-2da4-47c5-b6d8-9e3f576c1897,e-bike,40.011523499999996,-83.02652439999999,61.0,16.68,True,False,False
Spin,8bb81719-a3b5-486e-b099-c2bc0e56a72a,e-bike,39.999960333333334,-83.01696519999999,63.0,17.27,True,False,False
Spin,970227fc-5370-4072-9562-e4ab663f5556,e-bike,40.0022649,-83.0163491,67.0,18.15,True,False,False
Spin,66631ee9-1a3f-4040-8167-5d21eaa74938,e-bike,39.996067733333334,-83.02062140000001,33.0,9.07,True,False,False
Spin,0cc4d91d-ba91-45ef-8d33-5d8174d5a9d0,e-bike,39.995892133333335,-83.03802769999999,61.0,16.68,True,False,False
Spin,97462256-5822-4d58-ad61-cd18d8698157,e-bike,40.00115666666667,-83.00847,81.0,21.95,True,False,False
Spin,43bf86d0-aac0-4c21-b458-2766898b6a34,e-bike,39.994616433333334,-83.01898610000002,67.0,18.15,True,False,False
Spin,a7bf5972-e899-46a3-84f0-aa161b076d34,e-bike,40.000086499999995,-83.0088635,78.0,21.36,True,False,False
Spin,aa0b4a25-5786-4555-a118-116c3453ef6f,e-bike,40.001982,-83.01661229999999,35.0,9.66,True,False,False
Spin,66321845-d30c-4ff8-9e5c-c5dbca992e75,scooter,39.998926,-83.009872,67.0,18.99,True,False,False
Spin,1f2bfe5e-40f0-41fc-9cd1-50ae62f5d4cb,e-bike,39.992369833333335,-83.01724870000001,91.0,24.88,True,False,False
Spin,daa37e60-4930-4f21-9e16-f9d90c6fcd1b,scooter,39.996472,-83.015297,49.0,13.46,True,False,False
Spin,c77cc33d-f61a-49ad-9f60-db651fbfe43f,scooter,40.002974,-83.012899,26.0,7.02,True,False,False
Spin,2a1eade0-7ca9-407d-b866-c36b1f06131a,e-bike,40.0135303,-83.0359039,39.0,10.54,True,False,False
Spin,2e0520fc-4336-475b-a598-669589f38cf9,scooter,39.99429763333333,-83.016207,69.0,18.73,True,False,False
Spin,9dff96c1-199b-4584-800d-cad438d41523,e-bike,40.002615999999996,-83.00865889999999,88.0,24.0,True,False,False
Spin,4c76e022-5dfa-48a3-bf1d-c728948d917f,scooter,40.003409,-83.01106,78.0,21.36,True,False,False
Spin,48dd2098-309a-40f7-93ad-f490f3416d16,scooter,39.994847,-83.017838,24.0,6.44,True,False,False
Spin,09e69934-569a-4a48-b882-1ad3ed935fe0,e-bike,40.00178666666667,-83.01468333333332,43.0,11.71,True,False,False
Spin,baa886eb-1225-43af-8abc-d1ce28912d9c,e-bike,40.002132599999996,-83.01241950000001,25.0,6.73,True,False,False
Spin,63a5df69-f0e2-49d0-9659-0b625a9ff234,e-bike,40.0021418,-83.0123996,46.0,12.58,True,False,False
Spin,41529954-33dd-495e-96f3-a529bdce9624,e-bike,40.0022193,-83.0161368,45.0,12.29,True,False,False
Spin,e04b7c59-899e-46ac-b9ad-9990b9e856dc,scooter,40.005975,-83.01169,51.0,13.76,True,False,False
Spin,c82621a2-2520-4b16-a6b9-0408cb40fec4,scooter,40.0005151,-83.01009649999999,47.0,12.88,True,False,False
Spin,ac10faae-16b2-46fd-9d24-4d330acc0e02,e-bike,40.0060368,-83.01411250000001,62.0,16.97,True,False,False
Spin,5c853b5d-076d-491e-840d-aa6bd0c75234,scooter,40.005964,-83.011689,49.0,13.46,True,False,False
Spin,aa3a201a-28be-4264-9cf1-8022a5c681a2,e-bike,39.996108033333336,-83.02063779999999,67.0,18.15,True,False,False
Spin,5d0bbad6-9a6d-4fef-b9df-8988210221f7,scooter,40.0028152,-83.0146505,94.0,25.46,True,False,False
Spin,1bdf3874-8065-439f-8244-9b1d8fe81e67,e-bike,39.994130000000006,-83.00686333333333,43.0,11.71,True,False,False
Spin,60867a9c-6284-4967-8ad8-c252479888ab,e-bike,40.002916400000004,-83.03201239999999,73.0,19.9,True,False,False
Spin,30b0fcc7-6011-47d0-b506-531f3daa6e15,e-bike,39.995028033333334,-83.01680239999999,88.0,24.0,True,False,False
Spin,a3c29e32-94de-42d3-a4e3-032d77b5db35,e-bike,39.99457833333334,-83.0146,59.0,16.1,True,False,False
Spin,43b9a0e8-d3a1-4060-ade5-a1f36b9aa884,e-bike,40.0035157,-83.0150732,69.0,18.73,True,False,False
Spin,4d000166-8a03-4ce6-9f6f-aa10e068a938,scooter,40.0017908,-83.01535059999999,89.0,24.29,True,False,False
Spin,8d49df87-1f94-4668-8f8f-035449819c4c,scooter,39.99861833333333,-83.0152298,61.0,16.68,True,False,False
Spin,1ff62637-73fe-4c50-b6d3-e51413ecbdaa,e-bike,40.0032975,-83.01016380000002,53.0,14.34,True,False,False
Spin,4470b956-c11d-4641-bd23-c75b644ffb8f,scooter,39.997843833333334,-83.00770499999999,97.0,26.34,True,False,False
Spin,843d0ea3-f16a-4c99-840d-db013e40670a,scooter,39.997039533333336,-83.0179821,46.0,12.58,True,False,False
Spin,c2fde7fc-43e8-4ded-a2ae-de915a630fc6,scooter,40.003767700000004,-83.0110668,72.0,19.61,True,False,False
Spin,dc27e714-79fa-4e59-8167-94a10bc5528e,e-bike,39.993559633333334,-83.0221036,57.0,15.51,True,False,False
Spin,48e18a38-b0ac-4ba6-a048-58f290cb84f2,e-bike,40.00208833333333,-83.01341,19.0,5.27,True,False,False
Spin,c1c55741-80f9-49c8-9e28-8ed0e5f853e6,e-bike,39.99841093333334,-83.03097279999999,66.0,17.85,True,False,False
Spin,ac44d357-7d94-4ef7-b5b9-6047a4dd704d,scooter,39.994391,-83.016255,94.0,26.65,True,False,False
Spin,d63ff8ca-3104-411c-a091-f75a11f36b00,e-bike,40.0010924,-83.00831289999999,87.0,23.71,True,False,False
Spin,2f0af298-ebc7-4cb4-a438-93bfcc1745e1,e-bike,40.0010742,-83.00833499999999,84.0,22.83,True,False,False
Spin,afe55477-643c-4037-98ce-f58515b7fbcf,e-bike,40.0010787,-83.0083188,87.0,23.71,True,False,False
Spin,363cca40-6aed-4bad-85b9-488d66766e4b,e-bike,40.001115600000006,-83.00832119999998,92.0,25.17,True,False,False
Spin,4e8bb081-f55a-4a0e-b136-4aa52def3bd5,e-bike,40.0011164,-83.00834250000001,84.0,22.83,True,False,False
Spin,f61b1e22-1589-4e58-a640-4b85462ba5c2,e-bike,40.0010915,-83.008322,76.0,20.78,True,False,False
Spin,6401a62c-193d-498c-a26d-9d645f8cc169,e-bike,40.0010925,-83.0083293,84.0,22.83,True,False,False
Spin,791a30df-5e67-4e8f-987b-e9843aea231a,e-bike,40.001073,-83.00830249999999,85.0,23.12,True,False,False
Spin,3ea1e92c-36f9-4f9d-aca1-066ac381dc5a,scooter,40.0003002,-83.01805399999999,67.0,18.15,True,False,False
Spin,738a11e6-2017-4b0a-aa63-036c74056d10,scooter,40.0003199,-83.01807830000001,41.0,11.12,True,False,False
Spin,2a7d262d-cdc0-4e9c-9a27-f9818e695d2f,scooter,40.0003278,-83.01807529999999,95.0,25.75,True,False,False
Spin,5d743b91-35af-46ea-ab46-e10a46a92994,scooter,40.000352,-83.0180985,20.0,5.56,True,False,False
Spin,492a3b90-988d-42fb-9fc1-a8e715e4a62e,scooter,40.000313,-83.018117,86.0,24.51,True,False,False
Spin,44c8b998-753f-4026-b2df-0c823095582d,scooter,40.0003555,-83.01805350000001,26.0,7.02,True,False,False
Spin,23834847-b278-47d4-b45e-db7d14f963cc,scooter,40.000350499999996,-83.01809309999999,71.0,19.32,True,False,False
Spin,ac414286-d46b-49ca-9db5-c8c6afd76f89,scooter,39.993993,-83.006742,95.0,25.75,True,False,False
Spin,5f430906-7dca-4db6-a667-f8de31df585d,scooter,39.994028,-83.006759,95.0,25.75,True,False,False
Spin,501d1f73-0c0e-430a-958b-e9784c80a377,e-bike,39.99516533333333,-83.0167497,88.0,24.0,True,False,False
Spin,d3fe1db2-7a19-4a1f-b911-7e65414526a6,scooter,39.999264,-83.021453,52.0,14.05,True,False,False
Spin,e0e8b18f-61d4-42f7-b90c-6415a2a588ff,scooter,39.999278,-83.021458,88.0,24.0,True,False,False
Spin,c63bc4f2-c747-46e0-b60e-8829e11f4ed5,e-bike,39.99621453333334,-83.01903820000001,68.0,18.44,True,False,False
Spin,e4437587-2560-4e8c-89a0-137b7984ea4c,e-bike,40.00559,-83.01439333333335,89.0,24.29,True,False,False
Spin,b0b1fd45-fc91-46df-a058-3d728f5166eb,scooter,40.0055422,-83.0142322,48.0,13.17,True,False,False
Spin,0541afdd-8f7c-4765-b50b-5f0d67668ac7,e-bike,39.996853333333334,-83.01061499999999,72.0,19.61,True,False,False
Spin,6b2f6290-14c2-4724-a0fc-10b7169437f0,scooter,39.99513133333333,-83.0167643,49.0,13.46,True,False,False
Spin,e5a60fb5-73dd-4811-ae11-ba4686e99399,scooter,39.995001,-83.016676,42.0,11.41,True,False,False
Spin,2f2b94b1-6312-4e23-91db-fab0251a14c3,e-bike,40.0003819,-83.0179407,35.0,9.66,True,False,False
Spin,f3ad9c64-6482-42b5-a2ac-ff996895753c,scooter,40.000328,-83.018022,57.0,16.24,True,False,False
Spin,a886bd47-5ecd-4e2d-b400-1c015d688a49,scooter,40.000368,-83.017954,52.0,14.7,True,False,False
Spin,fadc7203-23f9-4785-a157-046a747dcf28,e-bike,39.998847833333336,-83.00842660000002,56.0,15.22,True,False,False
Spin,ad89311a-485c-4f26-b7af-5dea574e61b3,e-bike,39.99446583333334,-83.01792580000001,94.0,25.46,True,False,False
Spin,9b54060a-ce88-44c3-9d88-7bf341a2a0d7,e-bike,39.9972952,-83.02679803333334,51.0,13.76,True,False,False
Spin,9d497c3c-68cd-4207-8d35-8bcb81989975,e-bike,40.002118200000005,-83.01293570000001,18.0,4.98,True,False,False
Spin,d3f3fca0-e8c5-4631-a84e-9787fe42b600,e-bike,40.002119799999996,-83.01292,90.0,24.58,True,False,False
Spin,33182dea-b0cc-43c2-82b4-395d7dfa6d4b,e-bike,40.0017811,-83.0245175,73.0,19.9,True,False,False
Spin,f46f2234-277d-46a1-9f3a-89ef097e13ce,scooter,39.995113,-83.01083,78.0,21.36,True,False,False
Spin,7e0099dd-2870-407a-b6fb-57f70949412c,e-bike,40.006205300000005,-83.0328793,67.0,18.15,True,False,False
Spin,04c53110-620d-4e39-9a02-8ded8423e5b8,scooter,40.001041,-83.01191769999998,98.0,26.63,True,False,False
Spin,476e62bb-5dd5-48db-8d31-0e73e7d3e236,e-bike,39.99694833333333,-83.01103499999999,31.0,8.49,True,False,False
Spin,aeaa8e53-88c6-4fae-8873-b023da2aecf3,e-bike,40.0014478,-83.0162935,56.0,15.22,True,False,False
Spin,67a7c563-fcef-4a37-b5d2-b7ee12fb083d,e-bike,39.996218033333335,-83.01116169999999,46.0,12.58,True,False,False
Spin,d54ed77a-7250-445e-8d08-8af358a02181,scooter,40.004036,-83.015188,78.0,22.36,True,False,False
Spin,d93e6f0f-8b5b-4ae5-86e4-0025b0f624c1,e-bike,40.001888,-83.0129695,65.0,17.56,True,False,False
Spin,6f94489a-d8bd-481f-baaa-d3052f2f79c9,e-bike,39.99776,-83.01526833333334,62.0,16.97,True,False,False
Spin,52d766fe-a64b-47a2-b5d5-c137c0d8f85c,e-bike,40.00467666666667,-83.01444166666667,69.0,18.73,True,False,False
Spin,5bd0bf6a-3e8b-4980-87af-33dfabb04bbf,e-bike,39.993889233333334,-83.01696580000001,16.0,4.39,True,False,False
Spin,847be1f0-2c7f-4bbc-b196-6ce775cc9fcc,e-bike,39.99971723333333,-83.00914050000002,51.0,13.76,True,False,False
Spin,4e143e0e-66aa-4508-9d22-d94cf44fba5f,e-bike,40.0021491,-83.01293259999998,39.0,10.54,True,False,False
Spin,2592f416-ebff-46cb-9aad-2697c7499d1f,e-bike,40.0020144,-83.01653460000001,81.0,21.95,True,False,False
Spin,2fc58cd2-88f9-4896-947e-f08a0aeb092a,e-bike,40.001302,-83.01515769999999,18.0,4.98,True,False,False
Spin,e93763b6-034f-4d38-8a0d-1af26933e8ec,e-bike,40.00409333333334,-83.01626833333333,89.0,24.29,True,False,False
Spin,80fa7a69-71c9-4fb7-a31d-83823e38f427,e-bike,40.0001555,-83.0165335,91.0,24.88,True,False,False
Spin,7fcb58e0-8bef-4064-81c2-58f156f1a813,scooter,40.0044491,-83.01698390000001,99.0,26.93,True,False,False
Spin,c0d4fdf7-2257-4ada-bfdd-6378d7f5de92,scooter,39.993952,-83.018156,76.0,20.78,True,False,False
Spin,cfac3a77-561d-46c6-9c7b-23db1039c5f7,scooter,39.993881,-83.021213,67.0,18.15,True,False,False
Spin,338b2a07-56b2-4e36-bd9a-af2dcaf4e091,scooter,39.999711,-83.022,16.0,4.39,True,False,False
Spin,dca4340a-60eb-475d-868d-2b797f3aa911,scooter,40.00248,-83.012854,44.0,12.0,True,False,False
Spin,4fe668cd-e617-4499-bbac-bf1b454ec5cd,scooter,40.001129,-83.008374,95.0,25.75,True,False,False
Spin,8b41d262-556a-4e6c-84d1-9b1dd877b7a1,scooter,39.998526,-83.017329,71.0,19.32,True,False,False
Spin,890cd44e-41f9-4b31-a3e4-6ece1846c72b,e-bike,39.99708666666667,-83.01588166666667,65.0,17.56,True,False,False
Spin,ee7e554b-7f10-4c54-ab31-98324f41ba25,e-bike,39.99358666666667,-83.01624333333332,99.0,26.93,True,False,False
Spin,193b9833-031f-48ec-b577-471cd305d0e1,e-bike,39.996583333333334,-83.01632999999998,72.0,19.61,True,False,False
Spin,be0d9f0a-4ce0-4d35-bca9-a5832f8f4ea3,e-bike,39.997078333333334,-83.01585666666666,84.0,22.83,True,False,False
Spin,defbaf6f-f3e4-46fa-a1ab-84a04085836c,e-bike,40.0050655,-83.01454919999999,35.0,9.66,True,False,False
Spin,fa40cf3f-6010-4571-ac83-b8ecbe842647,e-bike,39.99790303333334,-83.01528259999999,25.0,6.73,True,False,False
Spin,bae1db00-7c95-4d00-8f6f-caa3242a97b3,scooter,40.002052,-83.012049,73.0,20.83,True,False,False
Spin,6c3eeb9f-86e9-421b-9f4f-7b4b48f0b00e,e-bike,40.0021216,-83.0123964,88.0,24.0,True,False,False
Spin,9b8ee08d-ffee-4af7-8480-69f227169801,e-bike,40.001373333333326,-83.01453666666666,63.0,17.27,True,False,False
Spin,a8a7aa01-2264-4f83-97cd-07ebedd25a3d,scooter,40.003985,-83.013139,25.0,7.05,True,False,False
Spin,2bf81286-19dc-4598-ae80-13a2c4562d3d,e-bike,40.0021967,-83.01204950000002,39.0,10.54,True,False,False
Spin,276ed3c7-72d7-4f76-af54-39c14397d5f6,scooter,39.994132,-83.006899,97.0,26.34,True,False,False
Spin,4b3defb2-143c-4c42-8505-f817d59b75d9,scooter,39.994317333333335,-83.00757120000002,100.0,27.22,True,False,False
Spin,2e60952b-4c84-48bd-bc5e-c30206781c4a,scooter,40.0024215,-83.01001,90.0,24.58,True,False,False
Spin,7976a7e8-b67c-4a00-89b4-79887776596b,scooter,40.001589800000005,-83.0153462,61.0,16.68,True,False,False
Spin,5c29ebda-741e-485b-a792-7123838e3d43,scooter,40.004257100000004,-83.01652700000001,90.0,24.58,True,False,False
Spin,3a83d05a-bf10-4b44-ba35-1b02f1e4034f,e-bike,40.000446499999995,-83.01432709999999,91.0,24.88,True,False,False
Spin,956fe65e-5bbf-428f-9a40-2a2ec628fdfe,e-bike,40.0023045,-83.0165429,52.0,14.05,True,False,False
Spin,a8840130-0ff9-4293-983f-9454e9cd312c,e-bike,40.0022547,-83.012914,45.0,12.29,True,False,False
Spin,3c5bd113-e211-4a56-8a35-51a8dd13ed0c,e-bike,40.00096666666666,-83.01306500000001,85.0,23.12,True,False,False
Spin,cfc6ba36-e973-4be9-9381-7c3ecfe1e575,e-bike,40.0020386,-83.0164941,68.0,18.44,True,False,False
Spin,182c5ea7-a422-408b-beae-ffc56deef622,scooter,39.99528533333333,-83.00995310000002,97.0,26.34,True,False,False
Spin,537e3778-09d3-404e-a4aa-0ff6f7a0f519,scooter,40.002206,-83.012672,47.0,12.88,True,False,False
Spin,aac44929-ab66-4870-9e36-fc31324810c6,e-bike,39.99857923333333,-83.01199989999999,45.0,12.29,True,False,False
Spin,a635cb7b-e1b2-4c10-b779-2fa1fda943c8,e-bike,40.0019348,-83.01270619999998,29.0,7.9,True,False,False
Spin,5fd73fa8-0134-418d-829c-5d79aad2b574,e-bike,40.011362500000004,-83.0270748,62.0,16.97,True,False,False
Spin,b5808bf3-2f7e-44f0-bb2f-09e0c051a041,scooter,40.0039715,-83.01635329999999,60.0,16.39,True,False,False
Spin,3bf265e6-841a-48b2-a4c9-248d64a75520,scooter,39.99362213333333,-83.0134538,44.0,12.0,True,False,False
Spin,0536c0c7-3082-445b-b0f9-103d627e65fd,e-bike,40.0014875,-83.00934989999999,86.0,23.41,True,False,False
Spin,bb13d94d-c222-4bf8-995a-d3b7572eca86,e-bike,39.996098833333335,-83.0206812,91.0,24.88,True,False,False
Spin,917196e9-5c11-401a-992a-467f45cfaeb5,e-bike,40.0055724,-83.01187669999999,73.0,19.9,True,False,False
Spin,7e732b22-b7d4-4a1a-b331-f61faab17df0,scooter,39.993928,-83.020271,23.0,6.43,True,False,False
Spin,005852b7-ceec-4a80-8c26-abf14924e9bc,e-bike,40.0094337,-83.0231247,76.0,20.78,True,False,False
Spin,863b1d79-f98d-44ef-a6f1-d9b19ad26e33,e-bike,40.0020557,-83.0165714,32.0,8.78,True,False,False
Spin,48870c8f-fe38-4bb6-878a-6efdba7f6de3,e-bike,40.005052500000005,-83.01496909999999,22.0,5.85,True,False,False
Spin,5a97087b-c88d-4fd9-9535-fe0cac7ebe8d,e-bike,40.0061112,-83.0144973,86.0,23.41,True,False,False
Spin,05cf0724-36ae-45c1-90a2-f9023504fcd7,scooter,40.0042774,-83.0174636,24.0,6.44,True,False,False
Spin,e64d36ef-c0db-4202-9846-75f6cf00ed94,scooter,39.99891843333333,-83.01594410000001,59.0,16.1,True,False,False
Spin,1e33a156-0dcd-4764-adad-0d16c202ffa2,e-bike,39.997554933333326,-83.01478739999999,73.0,19.9,True,False,False
Spin,b2d06a7c-c1fc-4935-85d7-641883a9c24c,e-bike,40.0017783,-83.02456439999999,41.0,11.12,True,False,False
Spin,03a7e7e9-4523-4f18-b3cd-79851c2a8a1a,e-bike,40.0001284,-83.0165636,88.0,24.0,True,False,False
Spin,1f240d99-3f5a-4c37-a590-df8496d6f7d7,e-bike,40.00351153333334,-83.01503781666666,88.0,24.0,True,False,False
Spin,59bb31a8-8270-4035-b0ce-bd75e0610a90,e-bike,40.002757800000005,-83.02620569999999,91.0,24.88,True,False,False
Spin,5a15a87f-2613-4c9a-b88c-f46e7b661983,e-bike,40.0024456,-83.02590000000001,91.0,24.88,True,False,False
Spin,b02594c1-9467-4f9d-b8c7-ba23f50b27a0,e-bike,40.0029207,-83.0320299,91.0,24.88,True,False,False
Spin,ac94e1f3-f102-4033-a76a-6f3186fda3a3,e-bike,40.0033011,-83.01659020000001,37.0,9.95,True,False,False
Spin,d0e3ed15-dc79-462d-b973-e971692fa31e,e-bike,40.0154223,-83.03054619999999,98.0,26.63,True,False,False
Spin,363ba551-5dd4-4a31-8dbb-ff4da9df2d27,e-bike,40.000570700000004,-83.01598790000001,94.0,25.46,True,False,False
Spin,039d3481-b27a-4bc1-8bd4-6180d293f203,scooter,40.0044047,-83.02366580000002,16.0,4.39,True,False,False
Spin,f7103435-e20f-47c4-a73a-b066bb2f64cd,e-bike,40.0160639,-83.0296832,34.0,9.37,True,False,False
Spin,aba30ab1-5b47-407a-8d8b-318b4d05a95c,e-bike,39.99627803333333,-83.01786859999999,62.0,16.97,True,False,False
Spin,76032bea-8de2-47d9-be95-96b41f2c5cb8,e-bike,39.997580533333334,-83.0079087,61.0,16.68,True,False,False
Spin,ea23b1ee-c333-436c-bfd5-313e72928e5b,e-bike,40.0023957,-83.01644069999999,51.0,13.76,True,False,False
Spin,16da193b-247e-46b2-a2d6-3bfd2f4fb641,e-bike,40.002461499999995,-83.0119181,54.0,14.63,True,False,False
Spin,49800c83-c253-48ba-aa8f-08159fe25976,e-bike,40.0025051,-83.01188750000001,88.0,24.0,True,False,False
Spin,1013f3fc-1862-4815-af87-a5cd81d4fa2f,e-bike,39.997598833333335,-83.00797779999999,60.0,16.39,True,False,False
Spin,e67e4508-1e34-41d1-9174-f96eb5422466,scooter,40.0042128,-83.0171285,47.0,12.88,True,False,False
Spin,06435566-2a1d-48c1-b8b5-1e42ecf7f6d2,e-bike,40.005929,-83.0117082,19.0,5.27,True,False,False
Spin,8ac80e68-9b75-4fb8-9517-2f01fe317bf0,e-bike,39.99588153333333,-83.02040120000001,43.0,11.71,True,False,False
Spin,c2137357-f1f1-4d7f-b4a7-8f45b89b2591,e-bike,40.0023794,-83.0164537,92.0,25.17,True,False,False
Spin,dd263263-2a6d-4670-ad6e-e524c8d59383,e-bike,40.005331500000004,-83.0149044,44.0,12.0,True,False,False
Spin,449a3222-e98e-4d40-9e4c-82ebc5c3ee33,e-bike,40.0020431,-83.0128642,28.0,7.61,True,False,False
Spin,cc5ee856-fb68-489e-af99-faef608096df,scooter,39.992352833333335,-83.0172001,60.0,16.39,True,False,False
Spin,4c4b1fdc-94f2-4942-927a-1197ee4a4ec7,e-bike,40.006181,-83.0162891,19.0,5.27,True,False,False
Spin,c31f77b7-6ac8-4a8f-9300-68dda8c9376b,e-bike,40.0067691,-83.04600280000001,91.0,24.88,True,False,False
Spin,7beb9bcf-50bf-4ed1-b621-cad4927d3051,e-bike,40.0042811,-83.0086489,23.0,6.15,True,False,False
Spin,07b57cae-dc1b-4e3d-8dbd-190e2da1c7eb,e-bike,40.0051226,-83.01556860000001,51.0,13.76,True,False,False
Spin,f042f76f-4df6-4cfa-a75f-8bd222480446,e-bike,40.0021832,-83.0161386,89.0,24.29,True,False,False
Spin,90f4b891-da8f-4fb9-bb1c-ef079caed771,e-bike,40.0014301,-83.0101701,86.0,23.41,True,False,False
Spin,c38dc88e-a923-44a9-b947-61ef93f08635,e-bike,40.0017374,-83.01431509999999,68.0,18.44,True,False,False
Spin,8240e25b-34c6-46ce-83df-1ad9fbd04a0f,e-bike,40.0060385,-83.0465161,32.0,8.78,True,False,False
Spin,5498a11c-77ae-4642-8709-ca00dd330bd0,e-bike,40.001321100000006,-83.0119412,47.0,12.88,True,False,False
Spin,4b8640e0-2075-4057-bfc0-2c6e6276e0f7,e-bike,40.001333,-83.01626929999999,70.0,19.02,True,False,False
Spin,7784033b-a7d5-48e5-b4ab-26c957fd4391,e-bike,40.0044651,-83.0169619,54.0,14.63,True,False,False
Spin,260ccf8c-beae-4cd1-8c01-c38cad602aba,e-bike,40.0062445,-83.0211225,56.0,15.22,True,False,False
Spin,dbe15d17-3cbf-4103-a7be-5101cfea9c3e,e-bike,39.998754133333335,-83.03862120000001,81.0,21.95,True,False,False
Spin,ba0ace49-e6c3-4e7d-bba8-a9f925829970,scooter,39.998802,-83.038528,40.0,10.83,True,False,False
Spin,5bb68dee-a257-40dc-a691-a52c24483962,e-bike,39.997415000000004,-83.00757666666665,87.0,23.71,True,False,False
Spin,4dfa9897-c377-47a5-9081-3b841c16ea15,e-bike,39.993351233333335,-83.01394479999999,87.0,23.71,True,False,False
Spin,6c161769-deed-47b6-a3f9-b69651a9cbb0,e-bike,39.99438443333334,-83.0207128,70.0,19.02,True,False,False
Spin,f36aeaa3-0388-4306-bb68-71047b3f44cc,scooter,39.993946,-83.006748,46.0,12.58,True,False,False
Spin,ac01e70c-2787-48dc-9ce3-b8633bffacc9,e-bike,40.0036911,-83.00861779999998,53.0,14.34,True,False,False
Spin,64008a1d-d7cb-46e4-abd5-d9eec5ed19ef,e-bike,39.99711503333333,-83.00755750000002,100.0,27.22,True,False,False
Spin,d59ac11e-170a-42e4-9edd-03c4186220b0,e-bike,39.99711453333334,-83.00756500000001,91.0,24.88,True,False,False
Spin,d3ab67da-bad9-4b1b-ae4c-b22ca49e38a4,scooter,40.0009724,-83.0143873,65.0,17.56,True,False,False
Spin,3d9b6f18-112b-4e43-9e9f-273a8ab6c6b6,e-bike,40.0007643,-83.01617069999999,66.0,17.85,True,False,False
Spin,64e81f81-c572-4eff-af17-d5454658c134,e-bike,40.0047434,-83.0126396,27.0,7.32,True,False,False
Spin,4b789400-7777-4b9e-88fd-b182e655c24c,e-bike,40.0007224,-83.0164393,88.0,24.0,True,False,False
Spin,8ac245b5-60ff-462e-991a-8b5b4180445c,e-bike,40.0013099,-83.0249725,46.0,12.58,True,False,False
Spin,90c55294-848d-4739-b5b1-0b0e23ddd4cc,e-bike,40.0051479,-83.01675490000001,41.0,11.12,True,False,False
Spin,958d0687-4e76-4234-9c46-29bcde264488,e-bike,39.996520000000004,-83.00726833333334,99.0,26.93,True,False,False
Spin,1394910b-e768-46be-bac0-df5afc499b74,e-bike,40.0029059,-83.04111999999999,73.0,19.9,True,False,False
Spin,629af288-013a-4750-a29a-154f51231915,e-bike,39.998135733333335,-83.0401742,61.0,16.68,True,False,False
Spin,1c1d2326-94cb-4c01-bbae-3f9c02698ea9,e-bike,40.0028857,-83.04248899999999,41.0,11.12,True,False,False
Spin,0b90b981-7475-476f-91e6-cfa8325e0aed,e-bike,39.99991753333334,-83.03718169999999,76.0,20.78,True,False,False
Spin,dbeb3f80-f287-4c98-bb87-ce6475074d88,e-bike,40.003101666666666,-83.00877666666665,15.0,4.1,True,False,False
Spin,e7d4629e-cc62-4993-b70b-488e57df2abb,e-bike,39.997817133333335,-83.01502639999998,61.0,16.68,True,False,False
Spin,5d3d30ce-db9e-4b9f-8386-556851bb55b7,e-bike,40.0127182,-83.0264081,30.0,8.19,True,False,False
Spin,3846b219-ce1e-461d-8527-f8531c320eaf,e-bike,39.994196933333335,-83.00728669999998,68.0,18.44,True,False,False
Spin,48a8c78d-cb77-4b12-b908-024adcddffa4,e-bike,40.0007951,-83.0129553,91.0,24.88,True,False,False
Spin,c8327a61-d254-4617-9d47-2dbd37b6243c,e-bike,40.0050907,-83.0177033,70.0,19.02,True,False,False
Spin,5b02229b-d58e-4a2f-b654-8bab538e48c9,e-bike,39.999786666666665,-83.02218166666668,49.0,13.46,True,False,False
Spin,5ebb1073-4e83-4b21-9498-063fbefb9692,scooter,40.000127,-83.037264,65.0,17.56,True,False,False
Spin,98ac8d54-8b8f-4d68-8538-7490388b9cec,e-bike,40.0051383,-83.0167219,33.0,9.07,True,False,False
Spin,9f77ea8d-3a1a-4d7a-b5c1-2ed1912c828d,e-bike,40.0017273,-83.01398060000001,66.0,17.85,True,False,False
Spin,b16e25fe-b102-493f-b1b5-7d6756275a69,scooter,39.996755633333336,-83.00728640000001,71.0,19.32,True,False,False
Spin,caf6a83a-f642-4a30-a796-b5320a79294c,e-bike,40.0040005,-83.0178842,41.0,11.12,True,False,False
Spin,eef9e69e-3571-46e0-8b0b-af390bcf5588,e-bike,40.002237599999994,-83.0120398,62.0,16.97,True,False,False
Spin,89eec773-3a87-4e58-a6bc-b2395db3e5be,scooter,39.99621873333333,-83.00716179999999,84.0,22.83,True,False,False
Spin,2cc78076-f950-45cd-95cd-b19163ea3be3,e-bike,40.0021041,-83.01286810000002,67.0,18.15,True,False,False
Spin,3e6ba1eb-ef4f-4236-a450-0223713bf518,e-bike,39.997835,-83.01087000000001,99.0,26.93,True,False,False
Spin,82108171-a973-4c01-ab94-0f4cd948a0e4,e-bike,40.0006324,-83.0102483,82.0,22.24,True,False,False
Spin,9472411e-2ec0-4d39-8597-ad0f70a7192f,e-bike,39.99775843333334,-83.00772639999998,69.0,18.73,True,False,False
Spin,3434b276-5c91-4b89-8f32-9d8f38a8926f,e-bike,40.0050412,-83.0153999,94.0,25.46,True,False,False
Spin,814dfadb-2097-4cfc-bea8-3b4351c7fe58,e-bike,39.99815253333334,-83.03246669999999,81.0,21.95,True,False,False
Spin,82e4dc7a-4a07-4e2f-a9c2-ef4f18646a6b,e-bike,39.99725393333333,-83.0081834,86.0,23.41,True,False,False
Spin,2315106d-7e8e-470c-97ec-0a702eb62eba,e-bike,40.002197900000006,-83.01205239999999,35.0,9.66,True,False,False
Spin,09cbd7a5-6838-4837-8739-328edf99bccf,e-bike,39.998171733333336,-83.03247160000001,15.0,4.1,True,False,False
Spin,c96a435b-f198-48ae-9416-a5a1050320e8,scooter,40.00385,-83.012964,95.0,25.75,True,False,False
Spin,9b16f32a-a5a8-47d3-8540-2bfe3fef053e,e-bike,40.001461,-83.0097828,54.0,14.63,True,False,False
Spin,2afdeec8-56b2-4061-b07a-ed96ca210799,scooter,39.99507353333333,-83.0173558,49.0,13.46,True,False,False
Spin,0672e186-0d28-4b9f-8534-1b0d505540a0,e-bike,40.00226333333333,-83.01797499999999,19.0,5.27,True,False,False
Spin,638616bf-689e-491a-aabd-c3b11e85b7e0,e-bike,40.01627,-83.03058333333333,48.0,13.17,True,False,False
Spin,1c8612b0-4ca2-4404-8490-54ac3ef99f96,e-bike,40.000463599999996,-83.0320982,20.0,5.56,True,False,False
Spin,8b2a06de-b1df-491c-99d2-f7eda597f317,scooter,40.003877,-83.012976,90.0,24.58,True,False,False
Spin,8122df00-a641-46f9-bb10-282731c3c614,e-bike,40.0055664,-83.01186469999999,73.0,19.9,True,False,False
Spin,9e8a51f4-1880-4aad-8960-7c04a5f844f7,e-bike,39.99419083333333,-83.00735780000001,22.0,5.85,True,False,False
Spin,0b98e2ab-a0c4-4dc0-a0de-ac9181927396,e-bike,39.99875323333333,-83.03859150000001,66.0,17.85,True,False,False
Spin,0ffa2434-3d64-47cf-9921-ff98a9a405f8,e-bike,39.99816963333333,-83.012349,85.0,23.12,True,False,False
Spin,e2db18a0-b3fd-4c1b-8b37-ae41fe69a2ae,scooter,39.999187,-83.017893,77.0,21.07,True,False,False
Spin,e77d52c3-df9d-40bd-84bf-922e6a4097ad,scooter,39.99823043333333,-83.01541190000002,90.0,24.58,True,False,False
Spin,c4f99b6f-7759-49fa-bf7e-c5388482b190,e-bike,39.997781933333336,-83.0077356,34.0,9.37,True,False,False
Spin,33f33a0b-2d42-4b43-ba2e-3fc84a04c17c,e-bike,39.99550813333334,-83.00949289999998,41.0,11.12,True,False,False
Spin,d63dc3e4-dcf5-4c7b-b1f5-e4d5c7a756f5,e-bike,39.99700893333333,-83.0075513,30.0,8.19,True,False,False
Spin,d31c8df2-b27a-4a39-ac9a-806b04bdbfb8,scooter,40.00296590000001,-83.0135724,66.0,17.85,True,False,False
Spin,f38f4f0e-9a72-4c6b-96ef-ae2c83ba27e1,e-bike,40.0025361,-83.01777580000001,59.0,16.1,True,False,False
Spin,847c647f-cd7e-451a-a291-01495c1ce82e,e-bike,40.0018581,-83.01066700000001,30.0,8.19,True,False,False
Spin,d2c0fbec-1309-4e56-86fd-846ad2053160,e-bike,40.0017654,-83.01067630000001,68.0,18.44,True,False,False
Spin,29f4b03f-0722-4dfe-949a-0d08a9ca0c8b,e-bike,39.995602733333335,-83.0106616,55.0,14.93,True,False,False
Spin,737a940e-9ad1-4d6b-b641-3d214dae60ee,e-bike,40.0016865,-83.0085731,28.0,7.61,True,False,False
Spin,62ff8155-f341-4f76-aa6b-561edeb7b244,scooter,40.0026798,-83.0130384,54.0,14.63,True,False,False
Spin,a42d8a9a-244e-48ee-b6ab-51886153a0e3,e-bike,39.99677333333333,-83.01353666666667,62.0,16.97,True,False,False
Spin,00d1139b-0959-4434-bb7d-ec08cfa140d0,e-bike,40.0013758,-83.01821919999999,27.0,7.32,True,False,False
Spin,b18eb773-f5c7-40e8-97af-5e087ae19a23,e-bike,39.99499853333334,-83.01801490000001,66.0,17.85,True,False,False
Spin,967b9fa9-632d-422c-b0f0-1cbbba78acf9,scooter,39.997149433333334,-83.00923499999999,81.0,21.95,True,False,False
Spin,351600a3-1fc1-4392-970d-959139b2be5b,e-bike,40.005604999999996,-83.01426969999999,77.0,21.07,True,False,False
Spin,b8ccdc9b-c753-49f4-8e64-5cb664f8a91a,e-bike,39.99490333333333,-83.00995666666668,76.0,20.78,True,False,False
Spin,b66f7060-3bae-4db1-9b45-6f217ec47d08,scooter,39.996214333333334,-83.0111461,74.0,20.19,True,False,False
Spin,c5fc18eb-87c2-4521-b550-619f0a355e01,scooter,40.005556999999996,-83.0119849,68.0,18.44,True,False,False
Spin,b889be8d-fec8-45c8-80ae-a51449d19a6c,scooter,39.997821333333334,-83.0075202,47.0,12.88,True,False,False
Spin,0d81639f-fa6f-4006-bfb5-734007eb54b0,scooter,40.0038345,-83.01324430000001,20.0,5.56,True,False,False
Spin,38ffb824-9365-4365-aa88-0b8bc4ca1484,scooter,39.996999933333335,-83.0075687,85.0,23.12,True,False,False
Spin,f49e5794-7ddd-4135-9d0f-582eaa6ad875,e-bike,40.0039928,-83.012936,18.0,4.98,True,False,False
Spin,45bc2cb5-5f7c-49ba-9e09-15e6475e88ed,e-bike,39.99815433333333,-83.03243679999999,71.0,19.32,True,False,False
Spin,543a2ca6-d5b9-43c9-905e-6095be19229a,e-bike,39.99491833333333,-83.01207199999999,85.0,23.12,True,False,False
Spin,a3c0d128-13b3-457c-b524-880e8476b4c5,e-bike,39.995616633333334,-83.01209920000001,23.0,6.15,True,False,False
Spin,2d0cacfa-407a-4b2e-ad7c-e86e6719f105,scooter,39.997287,-83.015027,69.0,18.73,True,False,False
Spin,f9fd1179-10df-4eff-bd93-4076b7b8ccb1,scooter,39.99781913333334,-83.00753950000002,78.0,21.36,True,False,False
Spin,c5b2dbe1-ccc7-4695-8fbe-990c947d30d0,e-bike,40.0062296,-83.017153,75.0,20.49,True,False,False
Spin,409fdda5-7e28-491d-8fe6-3c2eb4884ed7,e-bike,39.995610033333335,-83.01067220000002,45.0,12.29,True,False,False
Spin,1bc193f8-0155-4696-90f6-858a371cd59d,e-bike,39.99970423333333,-83.00911319999999,30.0,8.19,True,False,False
Spin,e305dd3d-8742-40ea-848e-3bd2f0749447,e-bike,40.000540799999996,-83.0083079,81.0,21.95,True,False,False
Spin,b499f11f-1269-4134-8730-3c29d7451743,e-bike,40.0039886,-83.01294039999999,22.0,5.85,True,False,False
Spin,ae7880bb-b761-45fe-9bf0-9b8bab5b26cc,e-bike,40.00463333333333,-83.01353499999999,15.0,4.1,True,False,False
Spin,c5db38a1-ba9d-4f1b-bea7-013113fde561,e-bike,40.015774,-83.03055189999999,23.0,6.15,True,False,False
Spin,c1f69ee7-7d1e-4f11-b32d-f1fd450dc1de,e-bike,40.0046601,-83.00987949999998,51.0,13.76,True,False,False
Spin,554e8508-b23d-4018-9267-f333eba08ecb,scooter,40.0021042,-83.010497,32.0,8.78,True,False,False
Spin,99ba050d-f21a-41a3-9aab-853e278c633e,e-bike,39.995601433333334,-83.01062150000001,43.0,11.71,True,False,False
Spin,4523f43f-6911-4008-8076-6772fe07a6ac,e-bike,39.995603933333335,-83.00959429999999,39.0,10.54,True,False,False
Spin,2f4d46fc-60fb-44c5-8477-f4bf0e179591,e-bike,40.005134399999996,-83.01259,46.0,12.58,True,False,False
Spin,6686f798-9167-490c-aa39-c666a8ac20ce,e-bike,39.996024633333334,-83.00938470000001,38.0,10.24,True,False,False
Spin,4a7c29f8-8a77-42b7-b6d9-3194c01c24b8,scooter,40.003952,-83.010968,86.0,23.41,True,False,False
Spin,0fd4f3ab-63f3-42a5-9822-8012ea1e498b,e-bike,40.004704700000005,-83.01213260000002,24.0,6.44,True,False,False
Spin,0ae1e3a4-b323-40ad-9014-4c84cdb79aaf,e-bike,40.000240500000004,-83.0179674,35.0,9.66,True,False,False
Spin,adba38ef-607c-4d74-8ce4-7baf3b07c93a,e-bike,39.99794043333333,-83.00748960000001,20.0,5.56,True,False,False
Spin,41b7fb4f-8af9-4af2-9b1a-e826ac9f3679,e-bike,39.99712503333333,-83.00756879999999,17.0,4.68,True,False,False
Spin,b5005350-407f-41a5-904a-b10ea657ef48,e-bike,40.0025395,-83.0177601,78.0,21.36,True,False,False
Spin,f52eb393-c83d-4b1f-9874-e7d79b9c435d,e-bike,39.99583273333334,-83.01105090000001,38.0,10.24,True,False,False
Spin,50775b36-081b-4167-80b0-09880a142f51,scooter,40.0003604,-83.0179654,22.0,5.85,True,False,False
Spin,23e50bca-d809-4837-a837-8295f9fab9bd,scooter,39.996213,-83.01461,16.0,4.39,True,False,False
Spin,c1ff3dad-afa2-468d-a7bd-19092948454a,e-bike,39.99627473333333,-83.0097143,84.0,22.83,True,False,False
Spin,6764b707-fdd8-4e73-940a-ba61af7210e7,e-bike,39.99610893333333,-83.0110643,26.0,7.02,True,False,False
Spin,f21b4618-7f53-4cf7-b25f-60ee285ed9ab,e-bike,40.0028168,-83.00846099999998,33.0,9.07,True,False,False
Spin,3da26352-c702-4008-b59d-5eb5be7ee598,scooter,40.0003272,-83.021401,71.0,19.32,True,False,False
Spin,b590b4f3-1a79-44c9-b02d-4694cb5bc6d6,e-bike,39.995799600000005,-83.00735843333332,58.0,15.8,True,False,False
Spin,d88e28fa-8f0e-4a7f-bca0-7243f930e8f2,e-bike,40.0051787,-83.01142409999999,40.0,10.83,True,False,False
Spin,9e63b3ca-1c2c-4754-a570-a6db0c922c3f,e-bike,40.0041868,-83.011502,44.0,12.0,True,False,False
Spin,93c91b34-02a7-457e-ba85-72bd0785798b,e-bike,39.998177033333334,-83.00807529999999,44.0,12.0,True,False,False
Spin,f77b37fa-f563-4b72-b852-d36f3d8feea9,e-bike,40.006097999999994,-83.0144807,86.0,23.41,True,False,False
Spin,cc5ce29f-54e0-4d1f-b196-3ce2a1055d6a,e-bike,40.002921,-83.0323534,30.0,8.19,True,False,False
Spin,95e5e78f-e82f-43e0-811b-77413dd91033,e-bike,40.0010452,-83.00835839999999,60.0,16.39,True,False,False
Spin,3225f099-57cf-4720-a229-7ffcc8a090f2,e-bike,40.00110166666666,-83.01395166666667,77.0,21.07,True,False,False
Spin,c66cb1bc-c52a-4d10-a64a-78581be01772,e-bike,39.99630166666667,-83.00952333333335,72.0,19.61,True,False,False
Spin,8ad42e5b-b3b5-4dc3-8588-496a373cb4d3,e-bike,40.00538400000001,-83.009669,34.0,9.37,True,False,False
Spin,dc0e2c7a-5bff-4a89-bb2d-eb329191b69e,e-bike,40.0053957,-83.00965140000001,29.0,7.9,True,False,False
Spin,7d026b16-0f6c-4e19-a985-f4cfe406c03f,scooter,39.995604,-83.009579,16.0,4.6,True,False,False
Spin,c6a87c70-c369-474f-a9e5-0e74121f88b5,e-bike,40.0056968,-83.0116818,28.0,7.61,True,False,False
Spin,4b75c0d6-7ae1-4f21-b84d-dff6cb13967d,e-bike,39.99383663333333,-83.0131276,42.0,11.41,True,False,False
Spin,a9b67b6c-6b18-4b24-a334-ce98c392beac,e-bike,39.99381313333333,-83.0131306,70.0,19.02,True,False,False
Spin,13135298-56c1-4d5a-80d9-3f3ba9d0a69a,e-bike,40.000621,-83.01550209999999,69.0,18.73,True,False,False
Spin,cddd3fe0-3c9d-4914-b792-14e49204e664,e-bike,39.99614643333334,-83.0110945,22.0,5.85,True,False,False
Spin,a7daa3b7-86e9-4052-b24f-2a3b4c6126a2,e-bike,40.0057419,-83.0095935,87.0,23.71,True,False,False
Spin,cf4c8899-66c6-46fd-b554-00d1e4ea33fd,scooter,39.99565713333333,-83.01286899999998,26.0,7.02,True,False,False
Spin,1dde188b-a1bc-42a9-878d-8996bbf1f38c,e-bike,39.99982683333334,-83.0078698,48.0,13.17,True,False,False
Spin,2af3b077-8a26-4469-8ef6-0b5edd2937ae,scooter,40.0055525,-83.01160890000001,35.0,9.66,True,False,False
Spin,1c4a7d3f-e408-48a0-b1e2-c43777ad39b8,scooter,40.005134,-83.009552,70.0,19.02,True,False,False
Spin,1fd45819-2df9-4bcd-83f9-4eb3b2a338cc,scooter,39.998704,-83.01323,1.0,0.29,False,True,False
Spin,9eaec2ec-b0c1-414e-a9c0-9d43060090b5,scooter,39.995572,-83.021989,4.0,1.17,False,True,False
Spin,a347c5c5-eb6b-43d5-b25a-58cdf0673c88,e-bike,40.0047772,-83.0106968,10.0,2.63,False,True,False
Spin,a9c9e74e-8b14-4ea0-a93a-63617cddcf01,e-bike,40.0100284,-83.0266714,0.0,,False,True,False
Spin,03766b11-c7e5-4cac-bd4a-3896a0c1c4f8,scooter,40.0027891,-83.01557900000002,11.0,2.93,False,True,False
Spin,63bfd969-c405-478a-bc4c-f1684885acd9,e-bike,39.99854923333333,-83.01121649999999,10.0,2.63,False,True,False
Spin,1498bc6b-f67f-4ac5-9adc-6fcc03bda4c5,scooter,39.995367,-83.007352,5.0,1.46,False,True,False
Spin,69461712-3aa5-4bd4-9e38-5d51fc2736e0,e-bike,39.99674623333333,-83.0073152,8.0,2.05,False,True,False
Spin,ebff22ec-a05d-40bd-a39b-61bd0e3ccec8,scooter,39.998171733333336,-83.0324146,6.0,1.76,False,True,False
Spin,cbf15605-8046-42ba-850b-82782eb5aabc,e-bike,40.0014526,-83.01572820000001,9.0,2.34,False,True,False
Spin,5749c483-14cc-4cd0-851f-f2b278b1dbb7,e-bike,39.997204233333335,-83.00926820000001,0.0,,False,True,False
Spin,d717c0da-2fe4-485e-b8d2-0481b8e7e135,e-bike,40.004754000000005,-83.00954189999999,3.0,0.88,False,True,False
Spin,01ccaa81-abad-4821-a8b2-93082bdcf92f,e-bike,40.0055513,-83.00928520000001,13.0,3.51,False,True,False
Spin,10361903-6d60-4c35-ad78-2fc3f89ff82a,e-bike,39.99590403333333,-83.00959499999999,10.0,2.63,False,True,False
Spin,377dacde-2ffa-4c87-a8a2-b9f2ffef085a,e-bike,39.99649743333334,-83.0097364,10.0,2.63,False,True,False
Spin,47ff87e2-33a1-4d2a-a9fb-311aa8a78f20,scooter,40.00392,-83.010932,14.0,3.8,False,True,False
Spin,27a28b09-e64a-41b4-b8b5-b740e699e3ee,e-bike,39.998558583333335,-83.00932586666667,0.0,,False,True,False
Spin,a2c5451b-5470-4bac-9311-01c94a9e5c53,e-bike,40.000077600000004,-83.02135320000001,10.0,2.63,False,True,False
