Company,Vehicle_ID,Type,Latitude,Longitude,Battery_Pct,Range_Miles,Is_Available,Is_Disabled,Is_Reserved,Last_Reported
Veo,0a00fce5-a40d-5f26-8d5b-ec5c7ec2cd67,bicycle,39.969294,-83.009458,,28.14,True,False,False,0
Veo,cc2013d2-5d25-5a88-a1f9-8f143bb76360,bicycle,40.007147,-83.02381,,19.39,True,False,False,0
Veo,3071c002-ec4d-5f79-905b-cd3fc30d49b6,scooter,40.00009,-83.00905,,27.77,True,False,False,0
Veo,bf0fdb22-7879-5e37-8fcb-057fead9e94d,bicycle,39.998821,-83.038398,,26.78,True,False,False,0
Veo,3b4ce465-1cd7-566d-a6b7-1fe8ed552e53,bicycle,39.999576,-83.015474,,27.18,True,False,False,0
Veo,ece43d41-aeba-58b2-a381-f8a667c0718a,scooter,39.993505,-82.980987,,14.61,True,False,False,0
Veo,2a84b823-6905-5292-8115-bfdc7f530688,bicycle,39.943897,-82.866757,,0.85,True,False,False,0
Veo,d237f4a6-02c8-5d81-929e-c1c0b7492f12,scooter,39.989915,-83.001008,,23.02,True,False,False,0
Veo,88c0dbfa-94aa-59c5-b497-a4bb76a5dbee,scooter,39.960607,-83.065901,,28.14,True,False,False,0
Veo,2008535,scooter,39.948229,-82.997799,,14.61,True,False,False,0
Veo,7c2252d6-07ad-5e49-824a-b429d1181f6a,scooter,39.995528,-83.012875,,1.56,True,False,False,0
Veo,7c56301f-d962-5ef5-ba65-458734a96349,bicycle,40.00157,-83.014927,,28.14,False,True,False,0
Veo,fd42158e-b1f2-5abe-ace5-32aeb78015e8,bicycle,39.959055,-83.001835,,28.14,True,False,False,0
Veo,3437eb8b-129c-516c-a025-d85b2c701d56,scooter,40.000957,-83.021984,,27.44,True,False,False,0
Veo,48d28e32-2fbb-55cd-b293-d84de8bc5bb0,bicycle,39.999687,-82.998859,,14.86,True,False,False,0
Veo,2008616,scooter,39.935894,-82.988867,,28.14,True,False,False,0
Veo,ebdd6d17-e5d6-5b69-be87-2e288135c9e7,scooter,39.945483,-83.06351,,12.63,True,False,False,0
Veo,2008638,bicycle,39.955924,-82.945458,,26.78,True,False,False,0
Veo,6797bd86-6a8d-5781-8058-be8030482855,bicycle,39.944108,-82.995315,,22.7,True,False,False,0
Veo,75ef56a8-cdb5-57ac-b29a-e3d1a4c46c2f,scooter,39.975776,-83.002353,,23.33,True,False,False,0
Veo,0a1fbf68-a5a6-5e82-897e-8fd73ab72663,scooter,40.100706,-83.115347,,25.74,True,False,False,0
Veo,cc7f0ee8-9d08-51b6-aa16-6f3df206917b,bicycle,39.968206,-82.977179,,24.84,True,False,False,0
Veo,0126c1da-2c28-52ba-a74e-f3b8bd703c4f,scooter,40.003863,-83.014558,,25.74,True,False,False,0
Veo,2abeb484-d030-565b-b882-024e26b0665f,scooter,39.946877,-83.064763,,8.43,True,False,False,0
Veo,189ed9b5-7a21-55bd-8e43-c06048d1d5b2,bicycle,40.007932,-83.026518,,28.14,True,False,False,0
Veo,a154d1e7-30ea-5c42-8c92-fbcc04a6db75,bicycle,40.003812,-83.013009,,24.33,True,False,False,0
Veo,e85d9f64-577d-5904-82a9-d787174a186c,scooter,39.998038,-83.009549,,26.51,True,False,False,0
Veo,9d3cab82-0f38-553a-8c35-862b7f02f5be,scooter,39.965966,-83.00142,,21.49,True,False,False,0
Veo,1d98593c-0a36-576d-8fd9-ed5e043fa80f,scooter,39.972121,-82.956152,,15.89,True,False,False,0
Veo,da9bac96-dd44-5186-9d0f-45530ac2fb23,bicycle,40.007058,-83.01964,,10.51,True,False,False,0
Veo,8e4f3d49-13ce-5854-9c7a-f13895cd10d1,bicycle,40.005894,-83.011543,,11.83,True,False,False,0
Veo,ea7c76eb-a1ee-582d-abf6-0f782db6d78c,scooter,39.996992,-83.00759,,24.33,True,False,False,0
Veo,cec20889-0fd0-57c9-8778-bb67bbb85d3b,bicycle,39.967277,-83.032174,,13.1,True,False,False,0
Veo,5e8fb41a-7b1b-5381-956c-9785e090dbdc,scooter,39.954144,-83.013746,,24.06,True,False,False,0
Veo,69cab61f-288b-5cfa-8c96-d41872bc07bf,scooter,40.001753,-83.015591,,13.64,True,False,False,0
Veo,ea7aa4d2-8dcb-570a-ad9f-6f9bab1aa31b,bicycle,39.997326,-82.996837,,21.15,True,False,False,0
Veo,223a4659-5431-54b1-928c-ebada27cb7af,scooter,40.017812,-82.957323,,13.86,True,False,False,0
Veo,20f1381b-eb59-5efe-9bd9-f2c91060651a,scooter,39.985459,-82.995315,,15.89,True,False,False,0
Veo,3aa0267c-e396-5f1f-a85c-610ab29535a9,scooter,40.000279,-83.042595,,22.39,True,False,False,0
Veo,cdbadc73-29fc-5cd8-b6f1-ac933a09f472,scooter,39.941984,-82.994906,,28.14,True,False,False,0
Veo,a0781446-0238-570e-9ef2-40f9f50422ec,scooter,39.958572,-83.002649,,24.33,True,False,False,0
Veo,4e1d43dd-1a26-59e3-9ad9-7b24f0bf44b6,scooter,40.001975,-83.013683,,14.86,True,False,False,0
Veo,63ad5d51-a19b-5a19-9547-7e24fe2c5c08,scooter,40.001469,-83.011284,,15.18,True,False,False,0
Veo,088eb1d8-0623-5290-8aaa-5deb7362e93f,scooter,39.958604,-83.002599,,14.43,True,False,False,0
Veo,5bbbe522-63e4-5152-854c-41bf490cf69a,scooter,40.016987,-82.978405,,14.61,True,False,False,0
Veo,b5df19ae-5281-54b2-b549-7e62d77ee462,bicycle,39.957399,-83.011341,,22.7,True,False,False,0
Veo,6d436e32-bcaa-5398-8692-4532d61fe98c,bicycle,40.001627,-82.995951,,11.11,True,False,False,0
Veo,ff12f8a7-a92d-5a3f-afbb-0f688856bd74,scooter,39.975403,-83.015112,,27.77,True,False,False,0
Veo,3e0d35b2-b979-5765-996f-b290d7a540eb,scooter,39.880263,-82.997845,,28.14,True,False,False,0
Veo,476ca729-74bc-5fad-8445-48cfda245bb8,bicycle,40.004596,-82.971386,,27.02,True,False,False,0
Veo,fc6aafdc-91f7-5a8f-802c-200b5759c53b,scooter,40.01112,-83.01357,,20.78,True,False,False,0
Veo,34aef7b0-5d30-5b19-834e-fe09a229054e,bicycle,39.961937,-82.981756,,25.94,True,False,False,0
Veo,66478798-ecc7-5037-a231-3684966afaf5,scooter,39.96506,-83.001875,,18.67,True,False,False,0
Veo,9807fc62-35f0-5638-a2d0-b2c008c60789,bicycle,39.938844,-83.097905,,2.79,True,False,False,0
Veo,a46176e6-94fb-5aa3-a8d6-c711df004fba,scooter,40.009861,-83.003032,,28.14,True,False,False,0
Veo,9981258e-c579-5dd5-a994-897cd5ddb7f7,scooter,39.997034,-83.016175,,28.14,True,False,False,0
Veo,5764c862-9de2-5a1f-bb01-57e7286c4577,bicycle,39.956524,-82.97679,,28.14,True,False,False,0
Veo,d575865b-0420-5b37-bff3-317667d9212e,bicycle,40.001015,-83.014623,,13.39,True,False,False,0
Veo,a836523b-c424-53f8-9279-4c212cdc6042,bicycle,39.957428,-83.011266,,28.14,True,False,False,0
Veo,f981395f-8417-5b87-b80c-0d52db23bd78,bicycle,39.960934,-83.012898,,28.14,True,False,False,0
Veo,48aa0913-a811-51ef-8197-ab6241b5746b,scooter,39.946393,-83.058558,,14.86,True,False,False,0
Veo,b94b6804-85c7-510e-8a91-753e8cd0f6a2,scooter,39.960642,-82.987196,,24.33,True,False,False,0
Veo,c26d7283-a7a3-5ebd-ac6c-86f0147c602e,scooter,40.003788,-83.012841,,8.09,True,False,False,0
Veo,424aebc3-1b1a-51b2-8ff2-a4706ed727dd,scooter,39.959034,-83.001693,,28.14,True,False,False,0
Veo,a21367d0-e730-5801-853d-f5bf871c6afb,bicycle,39.947454,-83.049285,,11.83,True,False,False,0
Veo,72597396-50f3-534b-a1ab-8b8b8fc17f88,bicycle,40.004959,-82.999034,,12.87,True,False,False,0
Veo,31d6cb8c-3468-5f30-a6bd-487232b0fe64,bicycle,39.968568,-82.950959,,27.44,True,False,False,0
Veo,3a33fecc-1a79-5faa-a789-37bbf510d003,scooter,39.958397,-83.03129,,14.86,True,False,False,0
Veo,e92bcbf8-6f04-524d-afd4-76056e553238,scooter,40.002532,-83.015627,,23.02,True,False,False,0
Veo,e5758070-8aab-5072-a76a-60b18e20d486,bicycle,39.963205,-83.00267,,28.14,True,False,False,0
Veo,126106d9-e6b5-514a-a0db-d3bafb626bdc,bicycle,40.073537,-83.043821,,28.14,True,False,False,0
Veo,373ab624-5167-5ffb-b563-5508f5afd703,bicycle,39.990526,-83.0157,,13.86,True,False,False,0
Veo,69a0befd-8536-5f70-9bd2-8b23a7a35ca4,scooter,40.102826,-83.109143,,11.83,True,False,False,0
Veo,0dd31e60-1222-57c4-8bdf-fbf5994ebb13,bicycle,40.00397,-83.012866,,28.14,True,False,False,0
Veo,4874d091-596a-5c4e-9fad-3b24b0331ab5,scooter,39.996343,-83.014661,,25.94,True,False,False,0
Veo,846a9196-3aca-5f4b-af13-08181100923c,scooter,39.992833,-83.00563,,24.33,True,False,False,0
Veo,c20a1cca-07e2-59ee-872e-aa2f2d3fea2b,bicycle,40.010437,-83.008716,,25.65,True,False,False,0
Veo,15366c85-d9b3-55be-aa94-1af14f37f832,scooter,39.952023,-83.000507,,27.02,True,False,False,0
Veo,b1ec6782-afd1-505e-b2d9-fc6f38c2bd80,bicycle,39.958299,-82.898861,,12.07,True,False,False,0
Veo,ab20da32-cbd6-5cee-b8c6-71a5157060d5,bicycle,39.998268,-83.016678,,19.05,True,False,False,0
Veo,2acb136d-b749-5f0e-9d03-6075b7bbcd63,scooter,39.963109,-83.004198,,28.14,True,False,False,0
Veo,74358b39-a0e8-5830-a4c8-3d924f6c4636,bicycle,39.968236,-83.008698,,28.14,True,False,False,0
Veo,7b43d4ae-0fcf-5646-bd8b-0996bf893bd0,bicycle,39.998498,-83.017216,,9.97,True,False,False,0
Veo,86ff38e0-8a5e-504b-bfc3-fa9fbe77818a,bicycle,39.985534,-83.03135,,28.01,True,False,False,0
Veo,8b6befb5-3ed2-5ed7-a49c-88317ec6b06f,scooter,39.969747,-82.969242,,25.12,True,False,False,0
Veo,01ab2690-7926-5269-87af-7a00c4aa6677,bicycle,39.967845,-82.949432,,26.51,True,False,False,0
Veo,9b3133b2-e5ce-5fc7-8831-3cc70196ee45,bicycle,39.940598,-83.062166,,27.77,True,False,False,0
Veo,6e8a3cb7-70bc-53f0-a950-9cabe10b1276,scooter,39.968908,-83.003739,,28.14,True,False,False,0
Veo,2e040474-1c5e-5b13-b6b0-0a7e538eca43,scooter,40.006275,-83.029174,,6.07,True,False,False,0
Veo,e023bc94-11d1-5c59-8e57-491cce84c4a9,scooter,39.996831,-83.013562,,25.94,True,False,False,0
Veo,993f8918-803f-5bfb-80b2-ba897087a457,scooter,39.997041,-83.009355,,15.18,False,False,True,0
Veo,2eba5a72-a334-5e92-b038-fb6ff2098fd0,scooter,39.948985,-82.957952,,6.98,True,False,False,0
Veo,df692982-a394-537e-9705-ffac47bdb14e,scooter,39.995529,-83.043637,,28.14,True,False,False,0
Veo,c140128b-33a4-5570-a36e-6ade82c3f70d,bicycle,40.002282,-83.016075,,14.17,True,False,False,0
Veo,8e104e92-5070-54db-87c3-a94d158996ce,bicycle,40.001905,-83.013926,,25.65,True,False,False,0
Veo,241aa8bf-d40b-5f31-91f3-4fe31e06045a,bicycle,40.003851,-83.013004,,25.34,True,False,False,0
Veo,93909a5d-4527-5a1e-9ba7-5c211660466b,bicycle,40.067272,-82.978342,,12.28,True,False,False,0
Veo,4c142dc1-38c3-54e0-972e-40f0a2c4d92d,bicycle,39.9682,-82.99261,,25.65,True,False,False,0
Veo,2b1d5e19-9a26-5d10-b263-bfd9ecf082aa,bicycle,40.088217,-83.105003,,20.78,True,False,False,0
Veo,eec26bb1-74b8-5917-8902-05d0457a131a,scooter,39.962507,-82.969092,,25.34,True,False,False,0
Veo,4a381a67-9925-573f-9434-776b0eb0ac7d,scooter,39.968845,-83.004112,,26.51,True,False,False,0
Veo,225c0d83-a546-5797-a3c4-425e1b01610e,scooter,39.95599188,-82.94532807,,0.0,True,False,False,0
Veo,367948eb-912f-5aa2-97b5-141fdbbf63df,scooter,40.002759,-83.014601,,26.51,True,False,False,0
Veo,3aacc6b8-10a6-5196-9cfc-8e5b289d3b8b,scooter,39.951788,-83.069194,,5.03,True,False,False,0
Veo,595b10da-5c38-5c99-98b2-d2491b3d6650,scooter,40.02296,-82.919403,,12.07,True,False,False,0
Veo,cf6e278f-e4af-5e6b-b467-1fa89a3ed4b6,scooter,39.963244,-82.981249,,28.14,True,False,False,0
Veo,11fd155b-f19e-5e9e-a348-24a789d58497,scooter,39.930528,-82.978817,,25.94,True,False,False,0
Veo,ad99394f-b2b5-5d9d-a01b-5646ddd37344,bicycle,40.005647,-83.03772,,26.78,True,False,False,0
Veo,d1dde094-b502-5653-8f75-427e5b8c331e,scooter,39.958812,-82.999877,,13.64,True,False,False,0
Veo,a0544211-58e2-51fb-aa75-bf5f7e66a9fb,scooter,39.992324,-83.004876,,23.02,True,False,False,0
Veo,e8994984-8a4e-5084-a545-55612320ca15,bicycle,39.949021,-82.962063,,22.7,True,False,False,0
Veo,dd3c923e-44bb-55d7-be78-52f1259fcd7b,bicycle,40.017032,-82.978397,,26.78,True,False,False,0
Veo,2c582550-18d8-5bda-80c3-b7aa03e9f231,scooter,39.91984,-82.96509,,25.94,False,True,False,0
Veo,5e637687-29fc-5f97-aa8e-855c3243d80a,scooter,39.964652,-82.991744,,6.67,True,False,False,0
Veo,fb44fa0b-7d85-5013-9f28-f41a6ce07e49,bicycle,39.94621,-82.954973,,26.51,True,False,False,0
Veo,3e63d947-f846-5b10-89aa-cf403f946a0a,bicycle,39.999651,-83.016973,,13.39,True,False,False,0
Veo,7ceac022-ed9d-58af-a9fb-5b473b92ac9d,scooter,39.953992,-83.02476,,2.55,True,False,False,0
Veo,a1492efb-d128-58e4-a3e0-38639d28b90c,bicycle,39.956519,-82.987598,,12.28,True,False,False,0
Veo,960a62d9-7748-5447-99b1-3dc9c484f137,bicycle,39.998127,-83.015983,,24.84,True,False,False,0
Veo,988ee4d1-5633-5461-8eab-e2f716c6fbee,scooter,40.014213,-83.012725,,23.77,True,False,False,0
Veo,e7511de5-2cfd-58b7-9264-209e2a3faaf9,bicycle,39.990788,-83.004106,,20.78,True,False,False,0
Veo,41ceda97-3c3c-51f1-ad2d-a0504a208828,bicycle,40.025171,-83.034286,,19.78,True,False,False,0
Veo,acf67a0e-03b3-53bd-961e-31bed2d0fd56,scooter,40.102069,-83.110733,,24.06,True,False,False,0
Veo,c0099a01-f0ee-56ed-8fb1-c6fe33a5eef1,bicycle,39.948309,-82.945392,,14.61,True,False,False,0
Veo,fb41c7dd-e6d4-555f-b8f0-8e606f3d29d2,bicycle,39.970394,-83.002492,,13.64,True,False,False,0
Veo,83e00188-1366-5527-bb9b-a3c3cd2eaf70,bicycle,40.011714,-82.955588,,28.14,True,False,False,0
Veo,dd56a3ea-76e1-5109-9da8-cc66beaa3417,scooter,40.002014,-83.011427,,17.89,False,False,True,0
Veo,2c1f0eb5-08fb-51d3-ba12-9398fcc290ff,scooter,39.97634,-83.010835,,27.77,True,False,False,0
Veo,15b8ce2f-77df-5cfe-9137-2edc716c33e2,bicycle,40.041768,-82.957255,,14.86,True,False,False,0
Veo,ef216bb0-bddb-5a6f-9b53-2ca01ba57e56,scooter,40.003389,-83.019661,,22.7,True,False,False,0
Veo,711825f4-cbb4-534b-abaa-ec6a57af1584,bicycle,39.967546,-82.961857,,12.87,True,False,False,0
Veo,d91bb1b2-ff75-58e8-850b-fc644acf32bf,bicycle,40.006059,-83.016094,,16.84,True,False,False,0
Veo,2074e46a-ab7f-5257-bff6-9e2a821301da,scooter,39.95935,-83.0084,,20.78,True,False,False,0
Veo,b0c664fd-18f0-5f5e-9ff2-8f46469432c1,bicycle,40.003059,-83.010522,,15.45,True,False,False,0
Veo,aa85c404-fc33-5684-bfe8-d065339121c3,bicycle,40.002257,-82.997245,,13.1,True,False,False,0
Veo,238af832-2e62-582e-b361-95b77447bbbd,bicycle,39.951693,-82.953255,,6.98,True,False,False,0
Veo,e6035281-1d73-5f01-b93f-76608b6e57b4,bicycle,39.958902,-83.024547,,28.14,True,False,False,0
Veo,1afd1a93-6427-5a11-b2db-103c28d907e5,bicycle,39.969431,-82.975864,,28.14,True,False,False,0
Veo,2b8dd865-05d4-5106-8566-66e73a4e39d7,scooter,40.002903,-83.000986,,27.44,True,False,False,0
Veo,f2b8332b-efdb-50df-9498-9c4fb1fa8381,bicycle,39.999271,-83.021532,,26.51,True,False,False,0
Veo,b6176ab0-3cec-5f1e-a694-720b9fcc244a,scooter,40.016974,-82.978408,,28.14,True,False,False,0
Veo,75d2e7a8-8b43-57c3-922d-25776e9168c1,scooter,39.961408,-82.988553,,12.63,True,False,False,0
Veo,69913c62-b787-5a44-a7bd-cb054fda0a28,bicycle,39.997287,-83.014927,,28.14,True,False,False,0
Veo,a2afcd14-d456-5393-bb9f-1779ae6ad54e,bicycle,39.941507,-82.997119,,27.18,True,False,False,0
Veo,7073ebe3-bc99-5d24-af99-b80cc42aba5e,bicycle,40.007133,-83.023931,,22.39,True,False,False,0
Veo,1b93e44c-1f70-593a-af5f-d4f8ea2a394d,bicycle,39.995679,-83.029973,,28.14,True,False,False,0
Veo,624740f5-100f-589c-ad47-d3332a61728b,scooter,39.995393,-83.007874,,21.49,True,False,False,0
Veo,746fe3b7-d9a5-5dbf-8489-f13207f3f333,bicycle,40.007869,-82.99656,,15.45,True,False,False,0
Veo,a131f89a-2f5d-5434-aec5-1b40ddd4bb17,scooter,39.993524,-82.981012,,27.02,True,False,False,0
Veo,264300da-e2a7-5698-b9c3-d289396b3d85,bicycle,39.99007,-83.013564,,22.05,True,False,False,0
Veo,2cae9f15-96b2-5808-94e3-6f8c01ba4bdf,scooter,39.928386,-82.954071,,14.17,True,False,False,0
Veo,bab64e48-8c5e-5903-8906-7af8bb4cabf3,bicycle,40.102435,-83.110615,,28.14,False,True,False,0
Veo,5fd29ab6-6e1c-54b1-b324-5d06f2d0aed8,bicycle,40.003376,-83.025865,,14.17,True,False,False,0
Veo,c38b0ef8-27a9-5ce7-88e8-f1a2ebde70aa,bicycle,40.001501,-83.008494,,13.64,True,False,False,0
Veo,7c678c34-f039-5145-96ae-3e3c5c72c183,scooter,40.006403,-82.973032,,22.39,True,False,False,0
Veo,e9309e54-52f6-52fa-b8ab-dc790fe7cd67,bicycle,39.927406,-82.977934,,18.19,True,False,False,0
Veo,4e1def0f-aa2a-5704-9ccb-b975d8753e20,bicycle,40.067431,-82.978583,,13.64,True,False,False,0
Veo,6e0d5abc-1cd2-53c0-81b1-b7661c2eafee,bicycle,39.945166,-83.056103,,13.1,True,False,False,0
Veo,ebbec58e-c5af-5f7d-a3aa-b3d2bc9938fd,bicycle,39.989821,-83.012471,,25.65,True,False,False,0
Veo,5ae1dea8-2efc-5bd7-ba9e-998c18c54bac,scooter,39.941054,-83.070334,,22.39,True,False,False,0
Veo,a4c8f0ce-3b44-5db8-8651-ab9bd163a3fa,bicycle,39.952302,-83.050026,,3.13,True,False,False,0
Veo,86afe6b3-11c0-5681-92d6-bcf6f2d9258f,bicycle,39.967233,-83.005075,,14.61,True,False,False,0
Veo,01f42399-11c4-56c9-9258-36ade4505c42,bicycle,39.930168,-82.971587,,28.14,True,False,False,0
Veo,9278078f-49a5-59cf-80e5-cfcccdeae7b5,bicycle,39.990064,-82.983866,,20.37,True,False,False,0
Veo,29d7ec61-59f4-5874-9675-027bad961eb5,scooter,39.938034,-82.950787,,22.05,True,False,False,0
Veo,a8889028-c98c-57f6-824c-c68c9ad5826a,bicycle,39.994016,-82.981426,,22.7,True,False,False,0
Veo,b9c2741f-f907-5946-aa31-10b688c3653e,bicycle,40.102694,-83.114227,,26.25,True,False,False,0
Veo,5d719951-f446-5efd-85f1-270f756b4e1b,bicycle,39.9559180801078,-82.94530223016405,,0.0,True,False,False,0
Veo,61837b88-02c4-5cc2-a2c4-7b291921b503,bicycle,40.098814,-83.114431,,28.01,True,False,False,0
Veo,7a98e21f-e98b-5e70-ae52-97bcf9feaaef,bicycle,39.944253,-82.996948,,25.94,True,False,False,0
Veo,9fbacf48-bff6-5c9b-8c88-d10a0945abe1,bicycle,39.998693,-83.004566,,26.78,True,False,False,0
Veo,0507b8ed-6fc3-5569-956c-78691bca0fce,bicycle,39.968862,-83.00394,,28.14,True,False,False,0
Veo,09d3d37e-a047-5373-97fe-4e698865ffd8,scooter,39.993968,-82.983361,,28.14,True,False,False,0
Veo,9c07a39e-0424-5b2e-8446-6079b319ab7e,bicycle,39.984738,-82.942432,,9.97,True,False,False,0
Veo,e4b568c0-9905-5bc8-b25c-8ed9b82b12ca,scooter,39.987043,-83.002129,,15.89,True,False,False,0
Veo,893078e9-9aad-524b-afc3-60e3b9acbc5a,bicycle,40.01673,-83.011505,,12.52,True,False,False,0
Veo,099619d4-2a59-5376-8c9d-cc82a60cf4d2,bicycle,40.096449,-82.925841,,28.14,True,False,False,0
Veo,838925bc-02de-5dba-9870-350181e6256a,bicycle,40.027378,-82.997707,,13.1,True,False,False,0
Veo,2acd67ea-8d83-580c-9556-20e7602c6c6d,bicycle,39.905025,-82.956514,,28.14,True,False,False,0
Veo,c48eab0b-9c7b-55ec-b851-c58301453163,bicycle,39.958771,-82.999837,,6.31,True,False,False,0
Veo,78207768-e346-553a-9abd-6b940ea467d3,bicycle,40.100973,-83.109193,,28.01,True,False,False,0
Veo,90b8bd56-0e78-5868-bf65-288c8cbfc193,bicycle,39.937554,-82.950491,,26.25,True,False,False,0
Veo,78bfd2a5-43f0-5ba0-a3cd-34d7ec7a136e,bicycle,39.954264,-83.077418,,4.92,True,False,False,0
Veo,d96fca64-d053-59c4-b8d7-6592277f7403,bicycle,39.990369,-83.016362,,14.61,True,False,False,0
Veo,4343d386-ffc6-5722-9faf-754ec46a8e06,scooter,39.999874,-83.005108,,14.43,True,False,False,0
Veo,c8dd4df1-fee5-5056-85f6-44fbb2a2ba4c,bicycle,39.984037,-83.022723,,14.86,True,False,False,0
Veo,1e60d8f6-e4cc-574a-b3ea-5830e72c73f3,bicycle,40.066087,-83.02574,,23.02,True,False,False,0
Veo,65f0c963-7fd4-5f5e-89df-b507c3c4190e,bicycle,39.998386,-82.978132,,24.33,True,False,False,0
Veo,1ee0ba4d-74cd-5491-93b1-1fbffe138842,bicycle,40.042843,-83.000731,,13.39,True,False,False,0
Veo,d1a5c0eb-5ecc-57a3-bf24-46f9462a258c,bicycle,40.004918,-83.007951,,25.12,True,False,False,0
Veo,e7be32b8-c93b-50fd-a2c2-da16050d48b7,bicycle,40.062491,-83.019206,,7.62,True,False,False,0
Veo,95c78a42-48e8-55f7-8a00-efefeb9525c1,bicycle,39.955719,-83.037479,,9.97,True,False,False,0
Veo,b7f99a63-19e0-5aef-bc32-5da1940c96dd,bicycle,40.012512,-83.005676,,13.64,True,False,False,0
Veo,bfb48630-21b3-54ec-9904-b0c83ec2ac98,bicycle,40.005033,-83.014436,,11.34,True,False,False,0
Veo,3858f83f-24c1-532e-872b-4bbd862c750f,bicycle,40.014025,-83.010646,,1.15,True,False,False,0
Veo,2fbf7ee0-6a6c-50be-ad39-788706834745,bicycle,39.954628,-82.907164,,28.14,True,False,False,0
Veo,88775c7c-bccf-5e56-a085-ec3ef3897724,scooter,39.939592,-83.053785,,24.33,True,False,False,0
Veo,f77d15b5-838d-5ba3-90f7-f479575ba9d1,bicycle,39.993644,-82.981069,,27.44,True,False,False,0
Veo,a09b64ba-e637-5c2a-961f-63bfe932509c,bicycle,39.998314,-83.016783,,27.02,True,False,False,0
Veo,5b26de59-b77c-5019-9706-0676a0096bce,bicycle,39.996579,-82.987384,,27.44,True,False,False,0
Veo,923c9511-25a2-5d6a-9e13-364d13dc9ff9,bicycle,39.875543,-82.957307,,8.43,True,False,False,0
Veo,bfaac50a-d6b4-55ca-a0ff-503691fc3df4,bicycle,40.061823,-83.019829,,24.33,True,False,False,0
Veo,3a6ea13f-fc85-5850-801b-0cb787226215,bicycle,39.924655,-83.058516,,28.14,True,False,False,0
Veo,2d1f6a94-ed79-558f-a687-d51f8d9eed86,bicycle,39.988181,-83.046047,,13.1,True,False,False,0
Veo,3ab32933-ac2d-58be-829c-8eecbd316881,bicycle,39.993954,-82.981343,,14.17,True,False,False,0
Veo,fd61213e-1d73-5bc0-bae9-fa2ecbe9b079,scooter,39.976819,-83.003549,,28.14,True,False,False,0
Veo,29dcdae1-68a5-57ad-9048-2fa5ed7708c7,bicycle,40.085516,-82.984965,,24.06,True,False,False,0
Veo,b3a43648-8e5c-5a07-b4f8-d553c5405d80,bicycle,39.991897,-83.006808,,26.78,True,False,False,0
Veo,b5afc73d-020f-5113-aabd-bf36ea94dd8d,scooter,39.977975,-83.003547,,16.84,True,False,False,0
Veo,95505222-fbdf-5029-8e83-1ea0f6bb99dd,bicycle,39.96942,-83.009303,,28.14,True,False,False,0
Veo,9ac8d5a6-2f55-5a6e-b18b-6f5e6c4f5d88,bicycle,40.003854,-83.0027,,15.89,True,False,False,0
Veo,ed253287-bf6f-540b-af77-5c072a59d0c0,scooter,40.00673166666666,-82.98149666666669,,14.61,True,False,False,0
Veo,e66f9797-b39a-51b0-8748-fc8855b559e7,scooter,39.96641,-82.992801,,28.14,True,False,False,0
Veo,8c4f9a63-f4e6-5554-9a16-489c4b6b766c,scooter,39.969248,-83.009485,,12.52,True,False,False,0
Veo,6b7d68f0-30a0-5674-a273-55d1d2c1fefa,scooter,39.975946,-83.003296,,19.05,True,False,False,0
Veo,dcd43af7-5da2-567b-9506-acac01a8d969,bicycle,40.004564,-82.935766,,14.43,True,False,False,0
Veo,b221d6c3-6b30-59e8-b794-24209954dcd3,scooter,40.002718,-83.015488,,15.18,True,False,False,0
Veo,6d97880b-e71e-589e-819c-9bd057404041,bicycle,39.999676,-82.976234,,14.43,True,False,False,0
Veo,688667c4-587a-51a9-8051-b4651dbcd3e4,bicycle,39.941277,-82.978276,,25.12,True,False,False,0
Veo,fad66fd6-cb69-5c4f-b091-87ad50fa1425,scooter,39.987273,-83.005433,,22.05,True,False,False,0
Veo,27dfdc2e-2917-5851-bc84-c809dda3930e,bicycle,39.996274,-83.01478,,22.39,True,False,False,0
Veo,d8820f48-92c4-574e-a7dc-1b99613104c9,bicycle,39.989832,-82.999502,,28.14,True,False,False,0
Veo,9dcb9cd9-d4c7-5158-8359-36a1409bcfab,bicycle,40.02062,-82.965382,,21.49,True,False,False,0
Veo,583292d6-a222-5167-8980-d7c37e2b6300,scooter,39.955814,-83.003076,,24.06,True,False,False,0
Veo,e397bb3b-1ff9-54e6-8304-0f1cde7d940d,bicycle,39.956223,-82.95618,,14.86,True,False,False,0
Veo,b8ad87ce-072a-58d4-afa7-0a6526475762,bicycle,40.045441,-82.972571,,24.84,True,False,False,0
Veo,ea875471-6c11-5776-9580-ea55076c87a8,bicycle,39.901189,-82.956718,,28.14,True,False,False,0
Veo,67c4b145-9d07-5789-957d-97e01b0d55f7,bicycle,39.994112,-83.006826,,14.43,True,False,False,0
Veo,d20abd81-3078-5c81-b72a-407c8f40028c,bicycle,39.998088,-83.009676,,26.25,True,False,False,0
Veo,e9fe39c2-c600-581f-84c0-8e300d807578,bicycle,39.988733,-83.032858,,28.14,True,False,False,0
Veo,2a350901-ef2e-57fe-9756-928b56bd8748,bicycle,40.001386,-83.008105,,17.37,True,False,False,0
Veo,2b1cbf48-8246-5ad7-a31a-593a9ccd9dc1,bicycle,40.105729,-83.103543,,24.84,True,False,False,0
Veo,0cb438ee-ee52-548b-bb05-0d9cc83941d9,bicycle,39.99412,-83.006809,,12.63,True,False,False,0
Veo,bbff809d-514a-51e6-ad87-ae0e6609a425,bicycle,39.968576,-83.004293,,25.65,True,False,False,0
Veo,e4084a42-70d7-5270-baa0-097e08ff2a11,bicycle,39.984867,-83.047817,,28.14,True,False,False,0
Veo,b2ce270a-3a3f-570c-b0f1-9720abc5f469,scooter,39.979245,-83.01445,,18.67,True,False,False,0
Veo,57a55116-53e1-531b-8022-77241ce6c819,bicycle,39.996969,-82.975176,,22.7,True,False,False,0
Veo,d78fb546-5a64-553d-9d2f-8f3ea365ae89,bicycle,39.98526,-83.005376,,26.51,True,False,False,0
Veo,f0a36be4-edc5-564d-b3c9-b773bc25d6ed,bicycle,40.002331,-83.011186,,28.14,True,False,False,0
Veo,b5e5c44c-ee0a-5705-8f6a-a3094b876663,bicycle,39.997826,-83.007533,,27.02,True,False,False,0
Veo,5422ffa8-126c-5ef0-b66c-f443d28fff34,bicycle,40.032803,-82.906294,,21.49,True,False,False,0
Veo,d16f0770-1768-5729-a614-8c4a1b73401e,bicycle,40.093341,-82.987281,,9.02,True,False,False,0
Veo,38f9b28e-54f3-5883-91ef-1fe67e8f9d24,bicycle,39.993734,-83.007793,,15.89,True,False,False,0
Veo,b3e8cfe6-62fb-515d-8fad-7f0842dcee7d,scooter,40.010331,-83.015143,,25.12,True,False,False,0
Veo,5aa59555-404c-509c-a0db-28632ca62965,bicycle,39.948779,-82.948976,,14.17,True,False,False,0
Veo,e2d2b324-e0d9-5bef-8b90-d26192d21203,scooter,40.003037,-83.012892,,22.7,True,False,False,0
Veo,a12fb9f0-3d66-59f4-9f8a-7c8a4a1dd1f3,bicycle,40.020539,-82.965002,,28.14,True,False,False,0
Veo,eab92165-cc3f-52a2-8e5b-b466f285ccb2,bicycle,40.009438,-82.967652,,7.29,True,False,False,0
Veo,1b1175a6-8fdb-5072-bd7d-0d5ec48c4e84,bicycle,39.991974,-83.006505,,28.14,True,False,False,0
Veo,5156c09e-bc7a-5cc6-944c-46876279944a,bicycle,39.968878,-83.003752,,28.14,True,False,False,0
Veo,f308ba97-46c4-5978-b8bb-d9374cb01baa,bicycle,39.945057,-83.069362,,13.1,True,False,False,0
Veo,8e401fa2-2d66-5681-a590-1c42c748d8b2,bicycle,39.990692,-83.032203,,28.14,True,False,False,0
Veo,de19095e-cef6-5a84-b7ca-fb5774444067,bicycle,40.000916,-83.014166,,28.14,True,False,False,0
Veo,86f84c96-442b-53e6-a844-cfe93e266389,bicycle,40.030805,-82.979503,,16.39,True,False,False,0
Veo,2b1c58ce-7c7a-515d-ad40-b0d7b8f7b8ca,bicycle,39.968822,-83.004062,,28.14,True,False,False,0
Veo,ad49fa1d-e4d5-5917-9acf-a41a0b9813a5,bicycle,39.965398,-82.975237,,26.51,True,False,False,0
Veo,77868f59-e668-5739-9e48-9db1d0dc5311,bicycle,39.994982,-83.014567,,27.77,True,False,False,0
Veo,90e6f14c-354e-5c2d-ae3d-7b428ca380d7,bicycle,39.967942,-83.009952,,28.14,True,False,False,0
Veo,4ad2919f-ada5-5bfa-9b6c-25420ad6ac63,bicycle,39.957633,-83.003449,,6.67,True,False,False,0
Veo,85de0223-6954-5577-a961-6f87d692136f,bicycle,40.013226,-82.995247,,19.39,True,False,False,0
Veo,dfbac40c-fa81-5d66-9741-658a2291fd4f,bicycle,39.967578,-82.970907,,10.79,True,False,False,0
Veo,6328abd6-63a5-53e4-9c38-0f1ef86dfeb1,bicycle,39.995403,-83.00924,,26.78,False,False,True,0
Veo,ed8fe977-7df0-5083-90bc-9f8a5d7a1472,bicycle,40.010316,-82.968784,,26.51,True,False,False,0
Veo,9f496a8a-dbf0-5e33-8fa7-98d5084564d5,bicycle,39.999541,-83.015454,,23.77,True,False,False,0
Veo,a893c5de-6d13-5d82-9d4b-de0d24b1f3e6,bicycle,39.956053,-82.945221,,12.87,True,False,False,0
Veo,58602ade-c53b-51e8-84d0-2db02f5f555f,bicycle,40.061748,-83.0535,,4.19,True,False,False,0
Veo,86ebb3e3-a040-5db0-bba9-3b85f13d3692,bicycle,40.0271,-83.00143,,26.78,True,False,False,0
Veo,dfdc6d49-d562-56a6-80b7-ffc0f9b3232a,bicycle,40.00177,-83.016414,,26.25,True,False,False,0
Veo,17d8bc64-23c8-57d9-a4cd-2cf782b7501b,bicycle,40.10079,-83.115355,,28.14,True,False,False,0
Veo,9c3a6239-d411-5653-a518-416633d62ca2,bicycle,40.037246,-83.009702,,28.14,True,False,False,0
Veo,bba66b6f-af73-507e-a039-9400950b3582,bicycle,40.005374,-83.009301,,8.43,True,False,False,0
Veo,07191942-a994-530d-869d-3e0b44e2b83b,bicycle,40.01701,-82.978394,,22.7,True,False,False,0
Veo,8e58324a-a4b3-5b7f-8266-0ee2445f364b,bicycle,40.002829,-83.012126,,21.77,True,False,False,0
Veo,b61348f8-ba82-5546-89e0-3c9add3cc4e2,bicycle,39.945264,-83.05607,,14.17,True,False,False,0
Veo,d68e71c7-7aa2-5f19-83df-ee9f5bb54bf3,bicycle,40.004014,-83.030295,,6.67,True,False,False,0
Veo,43f854d9-af95-5942-8dbc-9bd03b7d1e56,bicycle,39.944086,-83.043126,,3.81,True,False,False,0
Veo,8db1250f-25c9-5e9e-a85b-a09dd9644cdf,bicycle,40.003975,-83.012991,,27.02,True,False,False,0
Veo,462d4268-f344-580e-b0a0-994a61065ae6,bicycle,40.001854,-83.025797,,25.65,True,False,False,0
Veo,741aedd6-b5f1-56c5-a0bd-806f9b5a4f54,bicycle,39.952083,-83.000457,,26.51,True,False,False,0
Veo,ff33e912-f298-5ab5-bcc5-4196ecf09a74,bicycle,40.000274,-83.017877,,25.12,True,False,False,0
Veo,c859ec8d-964c-5d73-b7ad-8b8809dc311a,bicycle,40.00176,-83.016386,,22.05,True,False,False,0
Veo,106f74ce-d728-5af7-a0af-14a6490b598c,bicycle,39.935542,-82.995599,,26.25,True,False,False,0
Veo,e1ddae58-7a9b-528a-af13-07904945fda2,scooter,40.00977,-83.022411,,13.64,True,False,False,0
Veo,5146779d-5139-5ebb-af89-867cc7ddac6a,scooter,39.991922,-83.006461,,26.51,True,False,False,0
Veo,abcb3adb-1d47-507c-b2b0-96fd83685f04,scooter,39.954816,-83.001076,,25.34,True,False,False,0
Veo,e647ffc8-3987-5c38-8049-5a07cc7d606b,scooter,39.998732,-83.010903,,28.01,True,False,False,0
Veo,62a05e29-f987-5ea7-ab1d-4cdcf4569af7,scooter,39.940238,-83.095607,,4.14,True,False,False,0
Veo,dac11c29-8f67-516c-98fc-8d1e0fddcc54,scooter,40.00149,-83.008822,,22.05,True,False,False,0
Veo,7f5c3583-c978-5699-a7af-639303b02751,scooter,39.968787,-82.971172,,26.78,True,False,False,0
Veo,26a87170-99ca-5bf3-acc9-b61ea1ed0564,scooter,39.975799,-83.002209,,11.11,True,False,False,0
Veo,da190b74-53b3-5abe-a129-ace1f587b5c8,bicycle,39.994103,-83.006489,,8.78,True,False,False,0
Veo,4e22fb6e-19e8-5197-af8f-a472b53cc250,bicycle,40.001618,-82.98191,,17.37,True,False,False,0
Veo,9344e783-7fe7-5fcb-b146-8b7842a52e87,scooter,39.98243,-83.006604,,22.39,True,False,False,0
Veo,df28c373-ce0d-5350-b002-76c3a0754070,scooter,39.998047,-83.009623,,27.77,True,False,False,0
Veo,3d56f422-caeb-5847-b4dc-74c4e3d04a93,scooter,39.958868,-82.978616,,14.86,True,False,False,0
Veo,50d73f62-52d8-58e5-832f-c71a8cde8523,scooter,39.995566,-83.0106,,28.14,True,False,False,0
Veo,7047b95e-6f97-5f2d-9b5a-1b179587993d,bicycle,40.004897,-83.025429,,15.45,True,False,False,0
Veo,dad367f0-446b-519a-b768-9d411f3ad3ec,scooter,39.981876,-83.004618,,26.25,True,False,False,0
Veo,d5a83f13-d064-5932-872d-d5d1e10c00bc,scooter,39.993539,-82.981035,,28.14,True,False,False,0
Veo,142dffc9-e29f-5047-9e69-151ab61ddb4d,scooter,40.005521,-83.016975,,20.37,True,False,False,0
Veo,8426738f-dbd9-502f-a819-c53ac0933d83,scooter,40.0037,-83.009595,,22.39,True,False,False,0
Veo,77a4236a-7e23-52bd-97a2-27bc2715e016,scooter,40.007822,-83.026407,,11.11,True,False,False,0
Veo,91cfd0e3-be88-5560-9550-22e15148dd1b,scooter,39.999189,-83.021473,,25.12,True,False,False,0
Veo,e34361f5-7e38-5409-88f4-df526ff1d72a,scooter,39.999891,-83.019419,,25.34,True,False,False,0
Veo,9e699611-0731-57e9-8478-df0e1a30e355,scooter,40.098824,-83.114441,,16.84,True,False,False,0
Veo,ab92cae1-d326-5d18-803a-7aadeb67fdf2,scooter,40.011346,-83.028537,,28.14,True,False,False,0
Veo,6c6ed45b-a677-5678-8492-b28ef5fb16e5,scooter,40.000095,-83.016535,,12.28,True,False,False,0
Veo,a569a36c-5eee-5331-8d21-cefd59286093,scooter,39.959114,-83.001834,,6.67,True,False,False,0
Veo,ee06a5e6-42c6-51bb-a6ba-9b061627db23,bicycle,40.023213,-82.976349,,25.34,True,False,False,0
Veo,6853d86e-3cc2-5661-a1d8-93054ecb25f1,scooter,39.967973,-83.010037,,27.77,True,False,False,0
Veo,7baa93c5-8756-5dc1-9bda-8c597823c88d,scooter,39.968509,-83.00407,,28.14,True,False,False,0
Veo,852d0a8e-ab88-5139-a79f-69a911ba1f5e,scooter,39.958709,-83.012678,,28.14,True,False,False,0
Veo,e66965ad-ee6d-5862-9f69-d5f16212ab6d,scooter,40.054817,-82.957978,,24.33,True,False,False,0
Veo,3a9fc2ef-163e-5bb8-a7a1-57e3e2e1897c,scooter,40.001524,-82.999225,,23.02,True,False,False,0
Veo,c9b76a74-e4a2-5802-afda-b476c52360e6,scooter,40.003561,-83.017565,,17.89,True,False,False,0
Veo,8720a664-e95b-5978-8f48-6c882b5dc8fc,scooter,40.002464,-83.011931,,6.98,True,False,False,0
Veo,4c9affa8-75be-5aae-a875-7074d75d1552,scooter,40.001693,-83.015625,,22.7,True,False,False,0
Veo,801d16f5-467e-54e5-ab8b-8b95da077c5f,scooter,40.006665,-83.008607,,26.51,True,False,False,0
Veo,19784de6-476a-5cd7-addb-686ccdc5b0e8,scooter,39.975994,-82.979278,,14.17,True,False,False,0
Veo,a2fcc1ee-5e9b-597b-8ecf-fe17ed90f7b5,bicycle,39.939451,-82.913018,,14.86,True,False,False,0
Veo,14286293-345b-55bc-afd0-bc16a4615e97,scooter,39.962531,-82.982081,,28.14,True,False,False,0
Veo,28365a79-7781-5a87-957d-e15007717027,scooter,39.969197,-83.009325,,15.18,True,False,False,0
Veo,12f5f72b-c353-5ddb-a993-5524f66df976,scooter,39.998932,-83.018119,,19.05,True,False,False,0
Veo,ed85235b-e752-55cf-982e-4ebed383280e,scooter,39.967646,-83.00177,,22.05,False,False,True,0
Veo,1fc9ecaa-a345-5042-a71d-25aabcd1198e,scooter,39.976337,-83.010851,,27.44,True,False,False,0
Veo,eae92138-9ceb-5890-b4a0-41e3fee40e94,bicycle,39.969154,-82.953865,,28.14,True,False,False,0
Veo,898cc2cd-dd1f-5ce9-8ea0-1b050c026c1c,bicycle,39.943496,-82.976411,,24.06,True,False,False,0
Veo,00b54174-dc1c-539a-a91b-a6b570c4f83b,bicycle,39.964333,-83.006004,,27.44,True,False,False,0
Veo,79f2e622-b888-590d-ab6b-6fda92848499,bicycle,39.995421,-83.010724,,28.14,True,False,False,0
Veo,d7bfa7f8-c5d1-51bf-bf1c-a9f7789b865a,scooter,40.006057,-83.019942,,13.39,True,False,False,0
Veo,c2c2dfdd-d826-56a2-a719-290bda76255b,scooter,39.982642,-83.00364,,13.86,True,False,False,0
Veo,571680f8-cdd6-52a2-afe6-db54b0997880,bicycle,40.106218,-83.098922,,19.78,True,False,False,0
Veo,54aff504-a675-5e13-9dab-c87e40c414f5,scooter,39.975707,-83.003356,,16.39,True,False,False,0
Veo,222475b9-3055-5e76-a855-8168e806050b,scooter,40.105733,-83.103542,,25.12,True,False,False,0
Veo,01a19f1d-52cd-5de2-a253-38fab017a70e,scooter,39.975757,-83.003376,,9.02,True,False,False,0
Veo,5b8b1da3-8144-5ca6-9849-d2a3337a7d11,scooter,40.000906,-83.007981,,14.43,True,False,False,0
Veo,25f61b74-fe53-59eb-a276-7e47e803135c,bicycle,40.002558,-83.012157,,28.14,True,False,False,0
Veo,fde5fd4a-becf-5090-ac64-121c4d3b7783,scooter,39.983047,-83.019043,,18.67,True,False,False,0
Veo,72f9349c-3f4e-5ee2-8d4b-7494cf094d54,bicycle,39.948417,-83.043655,,15.18,True,False,False,0
Veo,c2546f40-8fd4-5e2c-a558-248e3d5a9d6f,bicycle,39.93837,-83.113272,,2.12,True,False,False,0
Veo,b7875bfc-fe38-5fa6-908c-a6310d35369e,scooter,39.975307,-83.002815,,28.01,True,False,False,0
Veo,e618c125-f3aa-5326-99b4-f7dcba57a2c3,scooter,40.004673,-83.013891,,28.14,True,False,False,0
Veo,34d7f1bc-8df8-5f76-a622-d2cc451a6fde,bicycle,39.960708,-83.01286,,28.14,True,False,False,0
Veo,1f79f8e3-3e1e-5e8c-9f4b-7fe8b94041b7,scooter,39.996819,-83.01499,,26.78,True,False,False,0
Veo,6501e96f-fda7-581d-84c6-1a429b0278b2,scooter,39.998811,-83.005237,,24.06,True,False,False,0
Veo,48edfa15-939d-54ee-9438-9401e977aaf7,bicycle,39.95987,-83.011874,,27.77,True,False,False,0
Veo,ac2d140c-1e16-5386-8fde-fdfb28ef1311,scooter,40.102058,-83.110752,,27.02,True,False,False,0
Veo,a261c2c5-e0e9-50d1-9ba1-a57c85c45d37,scooter,40.021569,-82.999736,,13.1,True,False,False,0
Veo,39b38348-3458-560d-a5c4-e6e73b651994,bicycle,40.005517,-83.009011,,26.51,True,False,False,0
Veo,87524bbc-bd1c-5342-89f3-f01cfbb5a213,scooter,39.96308,-82.997224,,10.31,True,False,False,0
Veo,1faaf7a5-de9e-5703-89ff-f3353ebd76ad,scooter,39.970212,-82.988108,,25.74,True,False,False,0
Veo,74fa5b44-b048-51bf-a7b3-87f5e09fbd98,bicycle,39.943112,-82.996474,,19.78,True,False,False,0
Veo,bcfda919-7ba2-509f-aa82-3b0dd739ed26,scooter,39.989074,-83.026767,,7.29,True,False,False,0
Veo,a54946ea-514a-5e0e-9644-bde7b38ab4af,bicycle,39.99287,-83.006667,,12.28,True,False,False,0
Veo,62e92442-b6a3-5707-9dc6-f9f7c9db802d,scooter,39.986907,-83.0094,,28.14,True,False,False,0
Veo,e1decac6-077f-5bc3-950c-1f6df9a9965a,scooter,39.96303,-82.997288,,26.78,True,False,False,0
Veo,1e0a9614-b2ce-557e-9185-079c5b12d74e,scooter,39.93134,-82.994743,,23.02,True,False,False,0
Veo,4339f6d1-fbf3-5ba4-b68f-a94ac8488c35,bicycle,40.001565,-83.015544,,25.34,True,False,False,0
Veo,8de8a022-6ed8-5ce0-9011-ddba1e2d579f,scooter,39.969645,-83.008026,,16.39,True,False,False,0
Veo,bbcb33fc-95f5-5c5c-9203-dc3cf4d9009a,scooter,40.05385,-83.060132,,14.61,True,False,False,0
Veo,e671dc60-f5c7-55be-8ecb-4df754b6cf2e,scooter,39.996488,-83.007234,,21.15,True,False,False,0
Veo,387e88e4-d820-5cd2-8c93-6ce8f10d8f8d,bicycle,39.996275,-83.014712,,9.02,True,False,False,0
Veo,089b9c90-5a67-5ff4-b5f8-99d48cbae363,scooter,39.999018,-83.017249,,13.1,True,False,False,0
Veo,851d15ab-170e-5a4b-9a48-bc96e80a8b8f,scooter,39.99352,-83.038962,,20.78,True,False,False,0
Veo,64b5a2be-7cf1-5616-a1da-b8a34fc2bd23,scooter,39.962129,-83.004124,,28.14,True,False,False,0
Veo,537fed44-8501-53ff-803d-ee065ac8fab8,scooter,39.997785,-83.015159,,25.34,True,False,False,0
Veo,3b74a299-1026-5129-a755-1ff68a39ff5b,scooter,39.955522,-83.002244,,28.14,True,False,False,0
Veo,27a96f44-9bdc-59bc-bf84-37479c91ff41,bicycle,39.96175,-82.995768,,26.78,True,False,False,0
Veo,2a87c343-cf66-544a-afb4-17250d067778,scooter,39.948716,-82.982678,,26.78,True,False,False,0
Veo,052362b6-385a-58e5-ab0b-0b597c481506,scooter,39.947237,-82.951169,,25.12,True,False,False,0
Veo,388023c8-a4ae-53c2-96be-b435013d0bab,scooter,40.032722,-82.991494,,28.14,True,False,False,0
Veo,4c71417a-6ede-51d7-b329-c3c21b4e1343,scooter,39.999252,-83.016226,,28.14,True,False,False,0
Veo,43f3730e-76bb-57ac-9015-cd80f9aa15c9,bicycle,40.008329,-83.02564,,17.37,True,False,False,0
Veo,b6fb02c6-8406-5492-8244-e4a17490ed74,scooter,39.998175,-83.00965,,26.78,True,False,False,0
Veo,5ef8fb1d-25ed-514a-a20b-b7bd4f57a5cd,scooter,39.991407,-83.011199,,24.33,True,False,False,0
Veo,992fa6da-59a3-5f9a-b63f-f49607cb9bea,scooter,39.960727,-83.012605,,27.02,True,False,False,0
Veo,991a7723-0d7a-5f34-a5b8-d98f29ede625,scooter,39.961818,-82.988753,,10.79,True,False,False,0
Veo,2b72f3db-25ef-54fd-b6e7-722dd7585fae,scooter,39.957404,-83.011373,,18.19,True,False,False,0
Veo,3c039b1a-8222-5d02-a08f-3217affbf90a,scooter,39.980062,-82.927481,,13.86,True,False,False,0
Veo,a3d7958c-7a69-52b1-8a39-bdd903f0dff7,scooter,40.002945,-83.092136,,28.14,True,False,False,0
Veo,62a840f8-c676-50af-896c-bb63ca69538b,scooter,39.975979,-83.003333,,18.19,True,False,False,0
Veo,79a11e8b-aadd-53b8-8d28-b489192d379c,scooter,39.956409,-83.068639,,20.78,True,False,False,0
Veo,559ef06b-c9cc-5044-9c26-e12a1a92b899,scooter,40.001716,-83.015427,,25.74,True,False,False,0
Veo,95b12baa-e385-517c-9da0-1a951232afde,scooter,40.006835,-83.008322,,12.07,True,False,False,0
Veo,b7175386-a056-5dd1-a955-a8feaaa289d5,scooter,40.003672,-83.009761,,10.79,True,False,False,0
Veo,4586f83a-3e52-5578-8c0e-bb323abd0dd4,scooter,39.995374,-83.014705,,25.34,True,False,False,0
Veo,ca75b26e-12d6-5735-8d28-abd61ef2a062,scooter,39.954144,-83.013767,,15.45,True,False,False,0
Veo,8d326476-6d15-5198-ab8c-46095ef2323c,bicycle,40.017633,-82.981418,,28.14,True,False,False,0
Veo,38bec335-d142-5417-8f59-e3d5d91c5e5b,scooter,39.964323,-82.965544,,25.34,True,False,False,0
Veo,19b1aa99-2e37-5d1d-8973-9c1fbe3f9b8c,scooter,39.977033,-83.011822,,11.83,True,False,False,0
Veo,3a63c035-e30b-54de-b2df-5e4314c52d49,scooter,39.98529,-82.999401,,6.98,True,False,False,0
Veo,077e777a-5013-5f0d-9fd9-f92200917669,bicycle,39.948228,-82.997806,,14.43,True,False,False,0
Veo,21c88ecd-f0bf-533d-bde5-6ba0df25cc39,scooter,39.945187,-83.056195,,26.25,True,False,False,0
Veo,637f6896-cb17-5a9a-b605-17ada6d390a3,scooter,40.016198,-83.030518,,28.14,True,False,False,0
Veo,849cca57-9c2a-5f69-8489-aeb7242ed51d,scooter,40.00299,-83.026126,,24.84,True,False,False,0
Veo,0c660976-61dd-57e8-a463-5ea42d513158,bicycle,40.001915,-83.008846,,28.14,True,False,False,0
Veo,daf01a42-7a3c-5d88-90d0-8124749fa0c4,scooter,40.004119,-83.01475,,18.67,True,False,False,0
Veo,de030fc8-d3da-5749-9388-abb98424fff0,scooter,39.996885,-83.019205,,25.65,True,False,False,0
Veo,0cb6ed3f-aa10-5f69-972b-bf20543e0d8e,scooter,40.006005,-83.019729,,24.84,True,False,False,0
Veo,960c0d42-938d-593d-bb2f-f72e28f5f640,bicycle,39.973219,-82.974929,,11.59,True,False,False,0
Veo,04e57685-df75-52a5-98bc-351e1ebc304f,scooter,40.003896,-83.012988,,28.14,True,False,False,0
Veo,646879db-0b9f-5590-a253-31e931374386,scooter,39.99698,-82.975219,,12.07,True,False,False,0
Veo,ca0f9fa3-0b2a-5504-8d20-0e83de39510e,scooter,40.011926,-82.968642,,24.84,True,False,False,0
Veo,fab4ad1d-3efe-5837-9967-29ba0026bc45,scooter,40.007348,-83.01742,,9.29,True,False,False,0
Veo,930697a6-b61f-5884-921d-6bfef04a0a71,bicycle,39.937359,-82.997153,,27.77,True,False,False,0
Veo,61ac2deb-9e97-5c04-a2a8-820ee8b7c977,scooter,39.960799,-83.012511,,14.17,True,False,False,0
Veo,b0894ddd-4988-5ddc-89fd-85a880a2d86c,bicycle,40.012352,-83.026518,,15.89,True,False,False,0
Veo,35b770a9-ff4e-568a-a975-7a765b0259a5,scooter,39.944655,-82.989604,,24.06,True,False,False,0
Veo,f3a6d922-a30a-58ef-aebb-24439b471b92,bicycle,40.001033,-83.008374,,10.51,True,False,False,0
Veo,ba2469a8-038b-5dce-a4ae-34d484b7501b,scooter,39.962042,-83.004138,,25.12,True,False,False,0
Veo,4261ab93-4f5f-5b8f-957f-1c69d182a204,scooter,40.016989,-82.978415,,27.02,True,False,False,0
Veo,eab12bab-7923-5c6b-808f-776ba658b29b,scooter,40.00484,-83.010625,,27.44,True,False,False,0
Veo,651f178f-b1fe-5bad-9507-de73d219d7b5,scooter,39.978085,-83.002814,,10.31,True,False,False,0
Veo,039100ad-3485-5d35-9b2b-e5e1496fa0cd,scooter,39.97141,-83.004658,,28.14,True,False,False,0
Veo,bec0a282-9df0-5f4d-a571-92a3d418ccd9,scooter,40.001862,-83.01383,,14.61,True,False,False,0
Veo,cb729a8b-7b18-5e2b-a5b8-785e20d71d33,scooter,39.961645,-83.006696,,28.01,True,False,False,0
Veo,165e678c-009c-52d3-904c-2e1269bf2fbc,scooter,40.01346,-83.009992,,25.74,True,False,False,0
Veo,8b16e30c-3ca5-57de-9094-787e6da56db4,scooter,39.995436,-83.021107,,13.86,True,False,False,0
Veo,2c6567a5-7c9e-581f-873d-872020d9dba7,scooter,39.966284,-83.001345,,14.61,True,False,False,0
Veo,27d3c3f0-4a4d-554d-93a5-9be5fbf4b027,bicycle,39.947426,-83.049239,,25.34,True,False,False,0
Veo,88509eb4-e9dd-5aab-bc77-111eb56f9c73,bicycle,39.929429,-82.983495,,9.02,True,False,False,0
Veo,6f0993e2-14b3-5958-ae12-3d715dfce393,bicycle,39.952309,-82.981036,,1.15,True,False,False,0
Veo,458eefce-bd38-56d4-9ec8-0be564efe693,bicycle,40.000144,-83.003761,,26.78,True,False,False,0
Veo,58d14253-9397-5928-8613-7538b8e0dd34,bicycle,39.961328,-82.986589,,0.33,True,False,False,0
Veo,788256f6-23fc-5cc8-b6b8-6ccfabc8ed4a,bicycle,39.968985,-83.003681,,28.14,True,False,False,0
Veo,d58b1457-cd10-584d-b4f7-a19aee957177,bicycle,39.993182,-83.017132,,27.02,True,False,False,0
Veo,449d0a50-4c5f-50c7-8af2-1a68f929d807,bicycle,39.961372,-83.006811,,12.63,True,False,False,0
Veo,a9b99305-8853-5c0f-a00c-c4f9cbddef39,bicycle,39.954122,-83.013779,,25.94,True,False,False,0
Veo,c20afc31-aade-52bf-9354-bba36a3d147e,bicycle,40.061892,-83.053334,,12.07,True,False,False,0
Veo,5b4b33f2-dbc8-56fb-8958-f79f098c0fa8,bicycle,39.973016,-82.901945,,1.15,True,False,False,0
Veo,3e9fdde3-cdba-5a8f-b9b3-4c75be9522f9,bicycle,39.899577,-82.998247,,4.78,True,False,False,0
Veo,3e7e65d0-11de-5ade-86db-4c674f161510,bicycle,39.970531,-82.889724,,28.14,True,False,False,0
Veo,53ee03a6-3989-5437-bd24-6873feb0a655,bicycle,39.952531,-82.990773,,28.14,True,False,False,0
Veo,fee47e55-4f8d-5b2b-8034-59e1711eb939,bicycle,40.004005,-83.011204,,13.86,True,False,False,0
Veo,694424b4-87cb-5d2e-97cb-ea86e34be2a4,bicycle,39.946991,-83.054724,,13.1,True,False,False,0
Veo,f231bda4-1536-5281-9e0f-6d7394eaecc6,bicycle,40.003282,-83.027045,,12.87,True,False,False,0
Veo,f837c44f-95e0-5364-9856-b25d91238b1c,scooter,40.014781,-82.989558,,24.84,True,False,False,0
Veo,8d0c52ba-4509-557b-b98b-7d76724ffcf7,bicycle,40.037027,-82.968199,,25.34,True,False,False,0
Veo,95f6ff35-81b8-5043-9c89-edbf30caba5a,bicycle,39.997357,-82.998967,,28.14,True,False,False,0
Veo,2cbcc710-a9fc-5af9-bcd8-a4af84422eff,bicycle,39.959958,-83.008751,,20.05,True,False,False,0
Veo,ed7d53ea-c3ae-5214-b307-3bd07fd9ed6a,bicycle,39.96301,-82.981148,,13.86,True,False,False,0
Veo,94fb1385-6b19-5321-83cc-edc118e27463,bicycle,39.957474,-83.003478,,27.18,True,False,False,0
Veo,8576ff4b-4a69-5373-aa99-e52703885f8a,bicycle,40.032742,-83.017959,,11.34,True,False,False,0
Veo,b20d70b2-3213-5a7c-9e7f-46222664b9ac,bicycle,39.998769,-83.03846,,24.84,True,False,False,0
Veo,220c86d5-4bbc-554c-9ead-0b34e549289b,bicycle,39.958449,-83.002818,,27.44,True,False,False,0
Veo,fd1eea26-4366-5ab6-b8d5-1285650b0a89,bicycle,40.001299,-83.003782,,8.43,True,False,False,0
Veo,b3401b8f-bf38-582e-94fc-025eac398169,bicycle,39.928651,-83.054368,,18.19,True,False,False,0
Veo,45c053d7-881f-5120-bb4c-064616b40d68,bicycle,39.931696,-83.038359,,25.34,True,False,False,0
Veo,05560b1b-e08e-502f-afeb-d2138c6dd813,bicycle,39.98718,-83.042258,,27.44,True,False,False,0
Veo,8e5307c1-4e79-5842-87b1-6de5d41d9dec,bicycle,40.003908,-83.01274,,27.02,True,False,False,0
Veo,933aef52-327c-5ac8-b907-87f8d7a7f4a0,bicycle,39.936811,-83.1183,,1.56,True,False,False,0
Veo,db2b5d43-993e-5586-afa8-a6c9f5e36c71,bicycle,39.947401,-83.04926,,21.77,True,False,False,0
Veo,857b4ea0-44e2-5349-9b96-33299ba4e30a,bicycle,40.018429,-83.026643,,28.14,True,False,False,0
Veo,e3e9eca9-ea9a-5d72-a935-e146245030e6,bicycle,40.014172,-82.974861,,21.49,False,False,True,0
Veo,63209581-fb50-5f41-820f-694609cee928,bicycle,39.955473,-83.060598,,8.09,True,False,False,0
Veo,735cbabc-c5ea-5b72-b135-e7ed4e00edbf,bicycle,40.005638,-82.974001,,25.12,True,False,False,0
Veo,2e6d4ea0-fc5d-531f-a515-d961b4b99e96,bicycle,39.959236,-83.001724,,28.14,True,False,False,0
Veo,0269acf7-4667-57d3-9c62-153eae0f84ae,bicycle,40.027947,-82.96486,,13.1,True,False,False,0
Veo,cae91294-141a-59ec-943a-c76d7a2eb770,bicycle,39.958757,-82.99984,,28.14,True,False,False,0
Veo,21ee647b-f7f3-58cd-8582-83918e3593bf,bicycle,39.968644,-83.004117,,28.14,True,False,False,0
Veo,cd7583d1-7e48-5079-bbdd-428392f4a62b,bicycle,39.991065,-82.920089,,1.56,True,False,False,0
Veo,73450d9a-5c7c-57d6-9e7c-4b7ff77b564d,bicycle,40.064403,-82.959481,,26.78,True,False,False,0
Veo,c77923df-3b7c-5b80-b197-82895b430e75,bicycle,39.996996,-82.97518,,17.89,True,False,False,0
Veo,8a679aea-7602-5645-96a3-d3a27ec48292,bicycle,39.956416,-83.096391,,14.17,True,False,False,0
Veo,a2ebd5e1-71af-53d7-b297-91cf491da9c5,bicycle,40.005017,-82.953319,,28.14,True,False,False,0
Veo,00387e21-d96d-5bd6-bd02-332f50e20d5e,bicycle,39.912409,-82.990714,,19.05,True,False,False,0
Veo,0d6ac5a5-66d0-5786-b855-dcc86aba65be,bicycle,39.952223,-82.984587,,23.77,True,False,False,0
Veo,2c6b61cc-6ff3-56f8-b627-35c68e589ff9,bicycle,40.0058,-83.039257,,27.44,True,False,False,0
Veo,2a12b3e7-f829-5cbb-9c4a-1e3f3a0b824a,bicycle,39.982042,-82.949905,,26.51,True,False,False,0
Veo,b2e2b332-78a2-512d-8363-2647c5a43547,bicycle,39.954123,-82.989782,,22.05,True,False,False,0
Veo,75d52d74-0fc8-58d4-b7ae-a3e7102a7e87,bicycle,40.004053,-83.013501,,24.33,True,False,False,0
Veo,bbca1976-0d3e-5899-8557-91a2f8480fd3,bicycle,40.01597,-83.006897,,25.94,True,False,False,0
Veo,235b967f-d8a5-58ac-a990-7643d192af17,bicycle,39.975353,-82.987013,,25.65,True,False,False,0
Veo,8362cd20-1aac-5c29-b21e-df657f11ef14,bicycle,39.98538,-82.938471,,11.34,True,False,False,0
Veo,839ac63e-ae08-5782-9a43-4c47e6f00321,bicycle,39.99879,-83.003933,,28.14,True,False,False,0
Veo,927d307c-f411-58f2-b259-13cc0b533aca,bicycle,40.001452,-83.003846,,27.77,True,False,False,0
Veo,79d2580e-e347-5546-9a30-267fc6d66af6,bicycle,39.982539,-82.998738,,27.77,True,False,False,0
Veo,1f3b147e-932b-5e03-90fd-d5714f00a5cb,bicycle,40.000268,-83.017946,,28.01,True,False,False,0
Veo,0013ee86-3263-5656-8aa9-95d321c41612,bicycle,40.095809,-82.982064,,14.61,True,False,False,0
Veo,80dd550c-df47-57ae-9b64-ffdde09d8102,bicycle,39.947205,-82.960926,,1.15,True,False,False,0
Veo,9d004b56-ccfc-527c-930a-14917c3691e9,bicycle,39.995551,-83.014804,,28.14,True,False,False,0
Veo,814092dc-e9f1-5f1f-b22b-d51f419562a0,bicycle,40.035202,-82.963897,,10.51,True,False,False,0
Veo,e5036006-66ea-5d60-8341-4e51b36bb204,bicycle,39.951139,-83.025421,,1.15,True,False,False,0
Veo,4b4295b5-701f-550b-a0a8-f1dc129baf36,bicycle,39.930385,-83.038275,,13.86,True,False,False,0
Veo,ff5f2ffe-0087-51cb-8bf1-1d33a8f50c32,bicycle,40.005144,-83.015101,,20.78,True,False,False,0
Veo,242e4dfd-5c0a-5053-8ba4-fe9653953839,bicycle,39.942961,-82.967736,,28.14,True,False,False,0
Veo,c0d50c3a-ae52-5178-bfed-620527d33cb6,bicycle,39.964193,-82.9642,,25.65,True,False,False,0
Veo,7fd90a84-9a58-5a01-8e29-478eaf9d4e9d,bicycle,39.976902,-83.002649,,18.67,True,False,False,0
Veo,1590935d-8b80-536b-8cb7-e64950d48b77,bicycle,40.003597,-83.008749,,28.14,True,False,False,0
Veo,1509f7af-efcd-5f3c-bbdc-81e58b6c1701,bicycle,39.996518,-83.015002,,12.28,True,False,False,0
Veo,f507cd6a-dd01-52f3-b188-eb02adefec8d,bicycle,39.994755,-82.951859,,12.07,True,False,False,0
Veo,ab3ccd44-d29e-5b79-aa8b-a6f9426355c3,bicycle,39.978444,-82.957539,,2.79,True,False,False,0
Veo,85993a0a-e1e0-5db6-8458-3fc7535e2b0d,bicycle,40.026639,-83.014834,,11.59,True,False,False,0
Veo,97397e42-e1b3-5f4e-8b5c-43feb4b7e482,scooter,40.00147,-82.999231,,28.01,True,False,False,0
Veo,0d96bc69-a353-57c4-90bf-93a4403c5ce1,bicycle,39.985428,-83.015406,,28.14,True,False,False,0
Veo,b886d892-57c9-5c22-a785-d503ffd92e58,bicycle,39.989124,-82.975792,,6.67,True,False,False,0
Veo,3b7068ae-7d0a-5e39-96fe-16c59568636f,bicycle,39.940343,-83.111177,,25.74,True,False,False,0
Veo,47cdb35a-9bdf-5616-97aa-086207d4cc4c,bicycle,39.936739,-83.118348,,10.51,True,False,False,0
Veo,52c47d0d-e65d-5ff7-8fa7-1da7a617f888,bicycle,40.021649,-83.028744,,2.12,True,False,False,0
Veo,008a1a99-e922-52c2-9a71-75ab9c3549fc,bicycle,39.937558,-82.951751,,25.12,True,False,False,0
Veo,27f37524-1727-59ec-ba6d-cdde59495818,bicycle,39.930212,-83.0379,,12.07,False,True,False,0
Veo,f615026e-4958-5273-97db-4696683a9397,bicycle,40.007589,-82.941104,,28.14,True,False,False,0
Veo,3830bed9-d27e-50ec-a44b-630f09150ac1,bicycle,39.993791,-83.006889,,8.09,True,False,False,0
Veo,bc3e592d-70db-5696-a7c3-9e4bcebe10c2,bicycle,39.95597430937981,-82.90994889784977,,13.86,False,True,True,0
Veo,ecc641bd-9a93-5e5a-95cf-3f8de0163ba0,bicycle,39.994191,-83.00569,,25.74,True,False,False,0
Veo,6dd3935a-54e7-5305-8e12-7b23353c2d18,bicycle,39.931077,-83.051842,,10.51,True,False,False,0
Veo,1f40d4fa-d807-5141-b024-3375a31d72e5,bicycle,39.955762,-83.003056,,23.33,True,False,False,0
Veo,01692129-5443-5ee3-98fd-7eb7c3d17a7f,bicycle,40.013459,-82.981547,,17.37,True,False,False,0
Veo,1722bb47-7036-5130-8c1b-e1a6a930eb2b,bicycle,39.993365,-83.014599,,6.07,True,False,False,0
Veo,6f4d3616-cc8a-5937-a46f-22ba838f5129,bicycle,39.972178,-82.902474,,13.64,True,False,False,0
Veo,07cd6368-de33-5ea8-8ff3-e6fd4100b813,bicycle,40.002195,-83.011712,,27.44,True,False,False,0
Veo,adc85cde-f801-53c4-b233-f0f097c0f3fb,bicycle,39.996023,-83.015886,,28.14,True,False,False,0
Veo,b8225986-2013-5ac1-9afe-56c583fa8706,bicycle,39.943415,-83.075653,,26.51,False,False,True,0
Veo,c9c66332-f056-5ea0-9409-51d835db5e83,bicycle,39.950146,-83.000224,,27.44,True,False,False,0
Veo,3df7ab76-901f-5b3f-adb2-5b5c64c80a3a,bicycle,39.954476,-82.96852,,15.45,True,False,False,0
Veo,1270d0c8-7f95-5f48-890d-979c40d5703d,bicycle,39.995679,-83.015917,,11.34,True,False,False,0
Veo,275a4e6d-d23a-53a8-8faf-533d461f88a1,bicycle,39.99174,-83.001794,,5.59,True,False,False,0
Veo,c6384e47-2356-5c09-9c4c-42bf08377bef,bicycle,39.967955,-83.010048,,28.01,True,False,False,0
Veo,f6c3e5e4-8f4d-5fe0-b77b-4a953a0c529b,bicycle,39.983904,-83.008441,,14.61,True,False,False,0
Veo,c35331c3-4b67-5999-9a76-153f575293d5,bicycle,39.962526,-82.998033,,15.45,False,False,True,0
Veo,b4a4ed9a-66f4-50e2-8f4d-05af60c1f639,bicycle,39.954093,-83.027148,,28.14,True,False,False,0
Veo,94a8685a-6174-5453-8df6-f1426f857cc9,bicycle,39.97942,-83.00958,,14.17,True,False,False,0
Veo,1068dd7d-6f21-5933-9f0c-40708f8d09b9,bicycle,39.92207,-83.067923,,6.31,True,False,False,0
Veo,8a1ce96b-23cd-5c26-8fa5-9471c1240dd8,bicycle,39.994626,-83.006998,,26.25,True,False,False,0
Veo,78a52dff-32c5-58f8-8a18-2c4c001c20ae,bicycle,39.954526,-82.876452,,16.84,True,False,False,0
Veo,e5054067-1308-535c-a61e-b02bceb03524,bicycle,40.000226,-83.017961,,25.65,True,False,False,0
Veo,344abad9-5bf6-5a5d-9afc-bc1d1216e774,bicycle,39.940409,-83.055271,,12.52,False,True,False,0
Veo,d5e0676a-0e4f-5d64-be52-cae02a6a119e,bicycle,40.002702,-83.01254,,25.12,True,False,False,0
Veo,bf90ec86-5ab1-5322-b17a-f075b30bccf5,bicycle,39.955041,-83.018842,,8.78,True,False,False,0
Veo,38edc184-9ac1-565a-a4cd-91104f6b75f7,bicycle,40.003621,-83.010871,,14.61,True,False,False,0
Veo,829c0fc3-eb08-51ee-b2e9-5716082e8fd3,bicycle,40.018666,-82.978255,,28.01,True,False,False,0
Veo,12488ec3-b449-5c4c-9521-02bfbf3f350d,bicycle,40.002182,-83.015585,,23.02,True,False,False,0
Veo,423bec4f-27d1-5a5f-8f5b-10e3516e7a14,bicycle,39.941446,-82.962187,,12.28,True,False,False,0
Veo,9964c018-5150-575a-b060-3cf60b36c568,bicycle,40.022498,-83.025703,,11.34,False,True,False,0
Veo,0344b5c6-672e-572a-ad07-a9642c78259c,bicycle,39.989128,-82.975498,,25.12,True,False,False,0
Veo,62b98b6f-5e57-5ff4-92ab-6bd0978a6292,bicycle,39.940275,-83.013361,,28.01,True,False,False,0
Veo,0c7fd6fc-1797-5fa8-b28d-2fd50266e32e,bicycle,39.999554,-83.016776,,25.94,True,False,False,0
Veo,2a2f6a12-f15a-58b4-b536-a9ff931fc00a,bicycle,39.998392,-83.021399,,21.77,True,False,False,0
Veo,77c224f5-7c8c-55b6-b23d-8900e97a95fd,bicycle,39.936769,-82.861649,,11.59,True,False,False,0
Veo,4128942e-b3c0-5eeb-8960-135517d6e564,bicycle,39.976931,-82.975004,,9.97,True,False,False,0
Veo,0b01cad9-57c7-5b93-b45e-fe6facfe7d11,bicycle,39.946973,-82.997791,,28.14,True,False,False,0
Veo,73d2d60a-f4a4-5d49-945c-07b3baba8afa,bicycle,39.963206,-82.981205,,28.14,True,False,False,0
Veo,d336924c-d10a-5afc-ad99-d8e3892d7d63,bicycle,39.979828,-83.023535,,22.7,True,False,False,0
Veo,82a3f9ae-5e33-50ce-94a5-ea2913bb1f64,bicycle,39.997333,-83.014973,,28.14,True,False,False,0
Veo,9aa00ddc-ac96-5ad0-ab14-1ede8e569738,bicycle,39.95607,-82.94525333333334,,0.33,True,False,False,0
Veo,bcaf98e6-0648-5beb-8da3-7a4c1829a8b7,bicycle,40.003649,-83.010649,,28.14,True,False,False,0
Veo,e1dd4938-971b-5ab0-90e9-60f72442b8a9,bicycle,39.962098,-83.004088,,27.77,True,False,False,0
Veo,c4b39ed4-610c-54e6-b836-b3a78209b95c,bicycle,39.982,-83.005673,,22.7,True,False,False,0
Veo,b210dca5-d53a-5994-b20f-0afa0a67b144,bicycle,39.899744,-83.047189,,19.78,True,False,False,0
Veo,a5694e8c-0e58-54c6-a24d-e6b63833c52d,bicycle,39.952587,-83.112196,,1.15,True,False,False,0
Veo,29ad8f3a-f1e1-57e6-9e66-dba07fb75818,bicycle,40.000284,-83.017974,,28.14,True,False,False,0
Veo,bbe0b407-c260-5e58-9f84-51d32918de8a,bicycle,39.963282,-82.953264,,23.02,True,False,False,0
Veo,f6d192ba-b140-5814-ac4d-62c6bd7b43fd,bicycle,39.985567,-82.916558,,6.98,True,False,False,0
Veo,9a20dd3d-dee7-5237-bd6d-8903c796c498,bicycle,40.00324,-82.977428,,28.01,True,False,False,0
Veo,e4970b10-7345-5e85-9591-d65da516516a,bicycle,40.003455,-83.0174,,28.14,True,False,False,0
Veo,754f3da9-70e5-55b6-8b4a-8e1f969e514c,bicycle,39.995662,-83.00406,,28.01,True,False,False,0
Veo,9cd6f681-2259-5169-b9a9-2f97f4c0ab40,bicycle,39.957826,-82.970998,,25.94,True,False,False,0
Veo,f64c8ff0-1742-59f8-9024-6a13ba16f92b,bicycle,40.00462,-83.013458,,20.05,True,False,False,0
Veo,41c7c018-c4be-57c6-afb6-254c84267b13,bicycle,39.957495,-83.003455,,27.44,True,False,False,0
Veo,9ceeb771-abfc-5d2d-a913-8b84b244d4c2,bicycle,40.09817,-82.925021,,27.18,True,False,False,0
Veo,32a0d855-2c3e-56a7-8a54-d88f1ffce376,bicycle,39.974634,-82.977833,,25.12,True,False,False,0
Veo,9186fd11-4462-5914-8e52-edc3b51a4ee2,bicycle,39.985882,-83.005367,,26.78,True,False,False,0
Veo,29f0336d-70ab-54c1-87b8-257b3a8f7bba,bicycle,39.961811,-82.995565,,28.14,True,False,False,0
Veo,3e7c63bf-695d-5af7-a927-29b377195dca,bicycle,39.996389,-83.009149,,28.14,True,False,False,0
Veo,471bc157-92d7-50f8-a974-c7e32dc018fd,bicycle,39.941475,-82.997159,,6.98,True,False,False,0
Veo,d2081efe-5288-5a66-ad10-de31cc6d3618,bicycle,39.996704,-83.007554,,27.77,True,False,False,0
Veo,8ed7e818-d7fd-5cc4-aefb-1a76d8fae7ec,bicycle,39.940165,-82.980344,,25.94,True,False,False,0
Veo,9cabb062-0124-5866-9c7e-9f7583c37422,bicycle,40.000235,-83.010973,,8.78,True,False,False,0
Veo,a5e923f8-6c08-564b-a960-2cfce095b9cb,bicycle,40.0002,-83.017951,,10.79,True,False,False,0
Veo,5b8df9c2-b8d4-5a78-9774-6c57cc7192ab,bicycle,40.003973,-83.023324,,8.09,True,False,False,0
Veo,ee9931c5-f39c-582c-baf4-334a9df9b714,bicycle,40.006431,-82.974191,,14.61,True,False,False,0
Veo,1b69982f-05ab-5fe9-a894-c3d142c2fb07,bicycle,39.998066,-83.010106,,28.01,True,False,False,0
Veo,945eb9a5-c458-5e3d-a28f-7d4c357dd60c,bicycle,39.95562,-82.997435,,28.14,True,False,False,0
Veo,1973dce6-b3b5-5f55-8dd9-a2ebc78eebec,bicycle,39.94258,-83.065135,,25.94,True,False,False,0
Veo,bf38ca83-476b-560b-a2b5-7abca72cfb27,bicycle,40.031366,-82.960096,,5.27,True,False,False,0
Veo,f225a060-b94b-5237-b083-b90c6ce89049,bicycle,39.995599,-83.013622,,6.67,True,False,False,0
Veo,75a625b5-bb66-58c4-beb6-29cb960e200e,bicycle,40.017568,-83.031116,,28.14,True,False,False,0
Veo,bd24acf7-0d34-55f6-85a2-33ffcb15fee6,bicycle,40.004721,-83.010627,,26.25,False,False,True,0
Veo,c8bbbd8b-99e9-5983-8b31-d1dfafc0af4e,bicycle,39.94648,-83.054775,,25.12,True,False,False,0
Veo,aed4317d-fa2d-5434-a185-d8cbf631330f,bicycle,40.006998,-83.007342,,23.77,True,False,False,0
Veo,81cbadcd-d4c6-58b4-87c1-a2c9c6cb0e56,bicycle,39.99193,-83.00649,,14.86,True,False,False,0
Veo,e1af15be-fcd8-53ae-ba9c-3d853c0c2515,bicycle,39.938913,-82.996603,,28.14,True,False,False,0
Veo,b4c334c1-a377-5f85-828d-4dc1136b6328,bicycle,40.001093,-83.008405,,6.07,True,False,False,0
Veo,0b0f94d6-cb99-5817-ad24-635681aacea4,bicycle,39.995599,-83.005245,,18.19,True,False,False,0
Veo,5f6ef2de-92ac-58e8-87e6-8dfef6de29da,bicycle,40.010366,-82.968689,,26.25,True,False,False,0
Veo,696e5844-d936-5815-8bc0-2c6e3f04d2c5,bicycle,39.956084,-83.053622,,20.78,True,False,False,0
Veo,96c04f2b-1c3b-5942-8248-be97ffe2c92b,bicycle,39.998273,-83.025601,,22.7,True,False,False,0
Veo,341caed0-a9e1-564e-8dac-e844ba43b46c,bicycle,39.95536,-83.028278,,20.37,True,False,False,0
Veo,27774510-1558-55db-a24e-0148f0ef1a6e,bicycle,39.959161,-83.001733,,28.14,True,False,False,0
Veo,cc1d2970-752b-514b-bd8e-a10f7abdf589,bicycle,39.997179,-83.007494,,23.77,True,False,False,0
Veo,ed9f6362-c3ea-5e8c-af3c-aa0248d5748b,bicycle,40.004482,-83.012458,,15.89,True,False,False,0
Veo,36254eab-62a9-51c9-97d4-952a7d01a647,bicycle,39.977606,-83.013275,,28.14,True,False,False,0
Veo,60aa5c65-ad6f-5ae3-b633-b756e2956f71,bicycle,40.003856,-83.01302,,14.43,True,False,False,0
Veo,65b53089-8dba-5b5c-916f-7f951fe7a6b0,bicycle,40.032827,-82.906307,,20.78,True,False,False,0
Veo,7cb9e14b-2084-5218-a2c8-89687c94392d,bicycle,40.100813,-83.115272,,20.37,True,False,False,0
Veo,56731f35-dbed-5de6-9a0a-521e4eb36851,bicycle,39.955154,-82.999198,,20.37,True,False,False,0
Veo,c051f856-007c-50f5-8626-663cce0807bb,bicycle,39.96297,-82.976336,,4.92,True,False,False,0
Veo,ba4f773e-6d3f-57dc-8231-994a3ee3c977,bicycle,39.991931,-83.00653,,28.14,True,False,False,0
Veo,ee4fbf5a-cb47-5d15-b7ec-a8b75a4a06a9,bicycle,39.990284,-83.009813,,21.49,True,False,False,0
Veo,c81589f8-7663-5f31-8cde-cd19d97a1116,bicycle,39.967719,-82.991308,,25.34,True,False,False,0
Veo,b7c34e5d-8f19-5c77-a237-ae548c9edef5,bicycle,40.031806,-83.023385,,9.97,True,False,False,0
Veo,b9e5887e-973b-5b5d-b318-c94c402082f6,bicycle,39.939969,-83.068601,,24.84,True,False,False,0
Veo,d7692110-09d8-5f07-8ad7-00754b691770,bicycle,40.014226,-83.034452,,28.14,True,False,False,0
Veo,9c77712f-3b0a-5b64-baff-ee6f4da6d1d7,bicycle,39.978865,-82.945116,,20.37,True,False,False,0
Veo,53fdb189-df12-5325-98c1-af405d74413e,bicycle,39.998408,-83.03092,,23.02,True,False,False,0
Veo,cbb91bcb-7a5e-5825-a1f7-7e5d4cc241d8,bicycle,40.085813,-82.95769,,28.14,False,False,True,0
Veo,dc0cc09c-ac6b-5179-bcb4-c655a8edc85c,bicycle,39.932341,-82.872452,,14.43,True,False,False,0
Veo,17c94748-ccaf-5afa-a2f1-f8143ff74204,bicycle,39.941991,-82.994998,,25.34,True,False,False,0
Veo,53e3c2c9-f74c-509c-99e9-41386ae22ee9,bicycle,39.987307,-82.998504,,13.1,True,False,False,0
Veo,9e5d9810-215c-54a4-a687-94cf3fd623e5,bicycle,39.955865,-83.001438,,19.78,True,False,False,0
Veo,4a8f2f7f-d778-5ab4-bd4c-9a739b20e65f,bicycle,39.998219,-83.016138,,6.31,True,False,False,0
Veo,23dcb193-cbd6-5e43-ad9c-1808e51a3d1f,bicycle,40.001115,-82.996374,,14.43,True,False,False,0
Veo,de5dd8c7-9326-57df-ae87-a901687b6d1c,bicycle,40.008007,-83.010482,,18.67,True,False,False,0
Veo,65dc4071-882e-5836-b0c2-b823582f4de7,bicycle,39.962023,-83.00416,,27.77,True,False,False,0
Veo,735decca-5ce5-596b-9470-720470185fab,bicycle,39.99196973292418,-83.00655941633703,,21.15,False,False,True,0
Veo,70aa2b46-db34-5779-9e92-76cb27d3a9f5,bicycle,39.965635,-82.995088,,13.1,True,False,False,0
Veo,75495223-3158-57b2-9a39-053968aa2581,bicycle,40.021932,-82.987311,,26.25,True,False,False,0
Veo,ada280cc-d948-5f1c-b124-c3edac9fe98b,bicycle,40.001775,-83.013224,,20.05,True,False,False,0
Veo,3630d34f-6c01-5506-8e9d-7f5eb8fdc739,bicycle,39.925499,-82.939507,,2.12,True,False,False,0
Veo,db0059b3-e544-5c6e-bb65-6b0e7ba3eec3,bicycle,40.004056,-83.013491,,25.94,True,False,False,0
Veo,3df8bfd3-10b1-5cfc-824e-2aedabc5e033,bicycle,39.949051,-83.031782,,10.79,True,False,False,0
Veo,992a8d17-d652-5e66-99ec-c61170b60c69,bicycle,39.992199,-83.016213,,13.64,True,False,False,0
Veo,a781f932-fa0a-5c7f-abc2-b3c37ebb6f0c,bicycle,39.95607,-82.94525333333334,,0.0,True,False,False,0
Veo,3e43b072-5667-53f9-bf55-0965c56783b6,bicycle,40.011504,-83.003213,,13.86,True,False,False,0
Veo,d085be7a-0507-5036-b2af-02ad59f7f057,bicycle,39.982761,-83.025029,,23.77,True,False,False,0
Veo,f4ac40fb-e817-560f-97fa-f5de7d64e5ec,bicycle,40.048304,-82.976169,,27.44,True,False,False,0
Veo,a1e583b2-8d6c-5146-9e93-fef2a4808fec,bicycle,39.998926,-83.007504,,18.67,True,False,False,0
Veo,d81e84ae-8193-59a9-9c2d-42682c3eac3c,bicycle,40.00328,-83.00855,,12.63,True,False,False,0
Veo,895ec468-417a-53c3-832f-3ee5031f2eb2,bicycle,39.995858,-83.034808,,27.18,True,False,False,0
Veo,d61cd504-f3e0-57ad-9c78-4870f534604d,bicycle,39.94424,-82.994324,,22.05,True,False,False,0
Veo,d3c1b72d-bd30-5345-a198-338a0c8ae91a,bicycle,39.967061,-82.999633,,27.02,True,False,False,0
Veo,f93ffbf1-099c-5a72-b9f7-f0f60f99cc71,bicycle,39.946848,-83.052645,,10.51,True,False,False,0
Veo,7d9b727c-22db-5442-ac16-8ddda8c1f515,bicycle,40.004941,-83.01349,,6.67,True,False,False,0
Veo,17d00c15-965a-5e8c-9590-202509cc4242,bicycle,40.000381,-82.928231,,17.89,True,False,False,0
Veo,6f78365e-2435-5fd0-9835-33ffb2ddadab,bicycle,39.943435,-82.996099,,27.77,True,False,False,0
Veo,7bca7532-aa36-5316-9b7d-cd270e79ea93,bicycle,39.996682,-83.008061,,8.43,True,False,False,0
Veo,99260846-5a55-5b27-9d93-33628ca2ca46,bicycle,39.972994,-82.9714,,24.33,True,False,False,0
Veo,58a45d49-68d0-585e-8517-565c22973a56,bicycle,40.068807,-82.962356,,28.14,True,False,False,0
Veo,e2cbb6c6-c113-50fb-99ed-695403f215e2,bicycle,40.033272,-82.963713,,28.01,True,False,False,0
Veo,dab05db5-945c-5744-aac6-e3312c58771d,bicycle,39.980566,-82.915224,,9.97,True,False,False,0
Veo,9af5d748-70f3-507a-957a-024a1ca2e70d,bicycle,39.955852,-82.994759,,21.15,True,False,False,0
Veo,48b06241-bab7-5456-9f3e-937a23c51592,bicycle,39.967831,-83.006554,,28.14,True,False,False,0
Veo,93ff00cf-ae71-5af8-a661-cc6b3d65ed63,bicycle,39.996974,-82.975169,,25.34,True,False,False,0
Veo,ac79dccf-1f05-5d98-af04-b1118b42bb1e,bicycle,39.96304,-83.00429,,28.14,True,False,False,0
Veo,c2f03d23-e4ed-5e77-a283-f5d6036e7a49,bicycle,39.947902,-82.996894,,25.65,True,False,False,0
Veo,59e3590d-a73d-59c6-87fe-c10073e23fa6,bicycle,39.960804,-83.012726,,15.45,True,False,False,0
Veo,1c3e32e7-8af9-5193-b6fc-ef42917d4f5a,bicycle,39.952474,-82.962948,,28.01,True,False,False,0
Veo,ac1e1403-ba43-5cac-88ae-3bea5035ce61,bicycle,39.988447,-82.996128,,9.29,True,False,False,0
Veo,a36faac4-1c37-58c5-b156-f74f28ca19a1,bicycle,39.959032,-83.001754,,26.78,True,False,False,0
Veo,519cf18f-122d-5c18-85c6-33e4f99a7862,bicycle,39.99555917024852,-83.00197760100477,,28.14,False,False,True,0
Veo,33b679b6-ca00-539c-b87a-f175a824c298,bicycle,39.95768907779661,-83.003602751286,,25.74,False,False,True,0
Veo,eceb87c6-5963-5423-8ed7-aa496ac2bd5e,bicycle,40.016725,-82.989689,,26.51,True,False,False,0
Veo,7f6331c8-55cc-5b48-9389-500f702c0d9c,bicycle,39.962407,-82.998044,,19.05,False,False,True,0
Veo,66ad2c4b-a0d6-528d-99dc-14bee5021361,bicycle,40.066698,-83.047222,,2.79,True,False,False,0
Veo,3f5212b5-8e04-5f3c-a086-4c45d7e44e24,bicycle,40.007203,-83.005452,,28.01,True,False,False,0
Veo,ddda72cc-f6b5-50a5-a6f2-a12f139dc342,bicycle,39.994508,-83.013384,,28.01,True,False,False,0
Veo,884c8b24-c7b3-5ad2-b3a6-e8b3dc89232c,bicycle,39.977374,-82.973912,,25.65,True,False,False,0
Veo,b3f29ec9-25e3-5285-8fd2-d873d44c3ad9,bicycle,39.958079,-83.006262,,28.14,True,False,False,0
Veo,885ea1dd-69fc-5324-a5f8-a6adf3d08f33,bicycle,39.998804,-83.021435,,28.14,True,False,False,0
Veo,569b4a2d-7e2e-5ba7-b079-6e2c56c94350,bicycle,39.952814,-82.955015,,27.02,True,False,False,0
Veo,eeb039ae-8912-52a1-9ad7-ed47d45bfd2f,bicycle,39.948487,-83.056115,,24.84,True,False,False,0
Veo,55af5410-5815-566a-ab10-27a5788a9c35,bicycle,40.028162,-82.987275,,13.39,True,False,False,0
Veo,9aeb697e-b844-5428-bf82-077909b4a291,bicycle,40.059718,-82.961451,,28.14,True,False,False,0
Veo,48aeaa18-2c15-52d0-af5a-76c6b126c58b,bicycle,40.014324,-82.983716,,10.31,True,False,False,0
Veo,4310fba9-db29-5b0c-82dd-6cde7fb67371,bicycle,40.009346,-82.940991,,14.61,True,False,False,0
Veo,0c90820b-a7a7-5d50-a6bc-39c221cb72fc,bicycle,39.960881,-83.008616,,28.14,True,False,False,0
Veo,62ae18e7-31f2-5ee6-a99f-640392319bc2,bicycle,40.083545,-82.932062,,24.33,True,False,False,0
Veo,b023142c-b9e3-5f05-b185-429cc1ebbc42,bicycle,40.002705,-83.015475,,19.05,True,False,False,0
Veo,95f0095f-6a5c-5685-bcec-96d5260edaf1,bicycle,40.06297,-83.053206,,1.56,True,False,False,0
Veo,2e1d97db-6318-57ed-82a4-3599790a8610,bicycle,40.001943,-83.012962,,9.97,True,False,False,0
Veo,84940e24-29de-5bcf-a76e-44fbf50a6db2,bicycle,39.990494,-82.926643,,11.59,True,False,False,0
Veo,5def0fc1-2e29-545c-9c12-6e2bb1a367a6,bicycle,40.00327,-82.997947,,16.39,True,False,False,0
Veo,1113758d-4897-53ea-ab04-514921e48756,bicycle,39.984226,-83.027091,,3.67,True,False,False,0
Veo,3a934672-b89e-56b3-b01e-dc24b63ac1dd,bicycle,39.964329,-83.001139,,25.74,True,False,False,0
Veo,f3bc81c0-8cef-50dd-959a-c59c4ac82b57,bicycle,39.95884,-82.999839,,25.12,True,False,False,0
Veo,352ca8cc-d8f3-54f1-9576-e2d811259ecc,bicycle,39.977026,-83.011284,,14.43,True,False,False,0
Veo,3eab483a-b1b1-57f5-84a7-a5112fccb547,bicycle,39.996362,-83.016142,,28.14,True,False,False,0
Veo,156c0dfb-483f-5f5e-8727-c284be72a976,bicycle,39.99744,-83.021501,,28.14,True,False,False,0
Veo,0f6f6d16-f9e3-5e5d-b27b-8a73e433bac0,bicycle,39.941431,-82.962213,,26.25,True,False,False,0
Veo,7b377caa-06cd-55f7-8b3d-99a9d61a7d08,bicycle,40.007403,-83.015411,,27.44,True,False,False,0
Veo,b2312321-2ea7-5127-9b82-05fb427d213d,bicycle,40.001197,-83.003798,,28.14,True,False,False,0
Veo,cccfeb76-c549-559d-8fbe-de5fd438b4ca,bicycle,40.060839,-82.961236,,17.37,True,False,False,0
Veo,ed2b0cf2-87fd-591e-8679-51e437e480cc,bicycle,40.005663,-83.011626,,12.52,True,False,False,0
Veo,9c6f1725-6015-552e-a1d5-4891c779ba52,bicycle,39.948746,-82.954261,,19.05,False,False,True,0
Veo,e90f07bc-38df-5f28-ae11-3710c81356a2,bicycle,39.928502,-82.963084,,27.77,True,False,False,0
Veo,f339a854-cbb2-5d9d-95ca-7724213ccc83,bicycle,39.994423,-83.000514,,14.43,True,False,False,0
Veo,9f31d86b-9075-5de4-a2eb-6bdc5678425a,bicycle,39.9842,-83.003023,,7.62,True,False,False,0
Veo,49addcb9-8d78-52e2-a1a9-090b091659a9,bicycle,39.943366,-82.996308,,15.45,True,False,False,0
Veo,45fdc5f7-a830-5880-a912-c297529694cb,bicycle,39.962055,-83.00414,,28.14,True,False,False,0
Veo,6b39a912-cda5-522b-842a-0abd874a0f68,bicycle,39.95188,-82.998523,,27.44,False,True,False,0
Veo,bbf78703-a0bb-5b1a-b2c7-37faa6422805,bicycle,39.99549,-83.011051,,28.01,True,False,False,0
Veo,78c1e211-6540-5130-9c53-7d0bd719de6e,bicycle,39.991975,-83.006456,,23.77,True,False,False,0
Veo,97f95508-98aa-5feb-89e2-634c268c75d0,bicycle,40.002685,-83.010907,,27.44,True,False,False,0
Veo,e1f9bcb6-1110-56ea-a688-96e596898c65,bicycle,40.004555,-83.011648,,20.05,True,False,False,0
Veo,fc74ff51-7ac2-51f0-8ed5-e5975ef7c950,bicycle,39.969801,-83.004767,,28.14,True,False,False,0
Veo,66991240-0d7c-5b48-b373-dd88c5b2e4d0,bicycle,40.006742,-83.01662,,26.51,True,False,False,0
Veo,dcd3c607-9ba0-5a54-9158-d427f454826e,bicycle,39.972821,-82.977745,,23.02,True,False,False,0
Veo,49814974-7f92-521e-87c7-650a72319034,bicycle,40.010203,-82.984854,,10.51,True,False,False,0
Veo,3a5bdc47-d0c8-528d-8443-b7cb2647bad2,bicycle,39.937364,-82.943061,,6.31,True,False,False,0
Veo,d53a2214-a310-5753-bdba-d62323898dc7,bicycle,39.963283,-83.076999,,25.65,True,False,False,0
Veo,da0c4560-7907-5f08-b409-03576632cd6e,bicycle,39.974453,-83.010608,,12.87,True,False,False,0
Veo,7ad41fa4-84e0-563b-945d-c5bac7359e77,bicycle,39.968267,-83.001416,,28.14,True,False,False,0
Veo,65350655-2a0f-500a-8538-13e92876ad0e,scooter,39.96326970973133,-82.95319819155927,,27.44,True,False,False,0
Veo,59b13d29-c696-58fe-b172-a67464253614,bicycle,39.935902,-82.97552,,17.37,True,False,False,0
Veo,15ca98c0-3e23-5796-a397-d255ffba0631,bicycle,40.011496,-83.013518,,25.12,True,False,False,0
Veo,5d611571-edee-5b31-9b47-cb55d226c1c9,bicycle,40.000646,-83.003015,,26.25,True,False,False,0
Veo,b902b1a0-3b90-5bba-9e00-bf18528f0fa5,bicycle,39.988475,-83.028039,,12.52,True,False,False,0
Veo,9e8f5e11-99b8-5d06-aee9-75e2b53334c8,bicycle,40.004985,-83.011515,,18.67,True,False,False,0
Veo,ec23253d-f3ac-5c7a-a45d-0b3abf1f45d7,bicycle,40.000188,-83.018004,,6.98,True,False,False,0
Veo,ed49c5df-1d8e-5c60-8cae-407556065edb,bicycle,40.002284,-83.011145,,21.77,True,False,False,0
Veo,ba4a3dd6-d71b-59dc-8715-3553196bc327,bicycle,40.003181,-83.010105,,25.12,True,False,False,0
Veo,532ff303-33a9-5ef0-b47b-172d93913ebb,bicycle,39.98776,-83.008384,,28.14,True,False,False,0
Veo,d1e67ed3-c603-545d-88c9-128977e1af17,bicycle,40.000315,-83.017965,,28.01,True,False,False,0
Veo,49ccc71b-74ba-55b1-b595-e6f0d013b3ca,bicycle,39.996784,-83.00808,,16.84,True,False,False,0
Veo,116f9bd6-efae-5932-b3de-ece7952b6370,bicycle,40.004918,-83.015861,,14.43,True,False,False,0
Veo,9b7079ea-f75a-5afa-bc33-947dcfcc4908,bicycle,40.004575,-83.013987,,22.39,True,False,False,0
Veo,467d0e6e-f496-5f0f-b616-64ea1b9dd18b,bicycle,39.95683,-83.007153,,6.31,False,False,True,0
Veo,0c975001-14e0-5ac5-8788-21ae30919a00,bicycle,39.987072,-82.998988,,21.77,True,False,False,0
Veo,2e0d012c-94d8-5910-8e45-7bbb0f8d6789,bicycle,40.017019,-82.978419,,28.14,True,False,False,0
Veo,791b69d6-68d8-5564-a8e9-afec265b6455,bicycle,40.001074,-83.008372,,25.65,True,False,False,0
Veo,9e559ac7-0a39-5290-807e-b4c09cf8f9ba,bicycle,39.972556,-82.968719,,14.86,True,False,False,0
Veo,fa5c3095-1c5c-50f4-97da-e37a4a436339,bicycle,39.953711,-82.979052,,27.44,True,False,False,0
Veo,159747be-d94d-5956-b47c-74199504bb09,bicycle,40.019833,-83.038015,,14.17,True,False,False,0
Veo,763dca9c-02b8-5ce5-9f78-a7d56609b747,bicycle,39.994735,-83.007628,,14.86,True,False,False,0
Veo,c3aa0d19-2f9e-517b-8eb5-64844f52ea85,bicycle,39.945018,-82.984181,,24.84,True,False,False,0
Veo,96e9e8e1-0cee-5f5b-813a-0ad3d6f9a87a,bicycle,40.09675,-83.113887,,12.52,True,False,False,0
Veo,d91db877-939f-5efa-a4f1-22bcdd1b94d8,bicycle,39.925042,-83.058023,,22.7,True,False,False,0
Veo,fe7fda03-1a74-5754-aa58-137c4d0559c1,bicycle,40.0043,-82.997387,,18.67,True,False,False,0
Veo,aa8a198f-fbc6-5d79-8146-36d9818d8879,bicycle,39.990801,-83.004095,,25.65,True,False,False,0
Veo,30dcba83-72c3-5fdb-926e-c34ee7733632,bicycle,39.968488,-83.004323,,27.44,True,False,False,0
Veo,f7841aad-c213-5af9-9dd4-f0f83a6441e7,bicycle,39.917254,-82.985096,,28.14,True,False,False,0
Veo,38468306-d866-5b34-9c5a-0c39f54dc541,bicycle,39.963108,-83.018084,,13.86,True,False,False,0
Veo,8b767683-c6d5-52a7-901f-a774e85263b6,bicycle,40.00130422,-83.00394622,,25.34,False,False,True,0
Veo,e7faeb1a-a9ff-5f1a-acc7-c53ac1b82641,bicycle,39.992869,-83.043551,,25.34,True,False,False,0
Veo,a7d67c2b-c6a9-5602-b1df-686f380b5410,bicycle,40.005945,-82.99767,,15.18,True,False,False,0
Veo,251344b1-18a7-5cee-8e5b-4ff4b4453846,bicycle,39.950897,-83.02025,,28.14,True,False,False,0
Veo,8246c04b-8dbc-515f-bb02-78294719a3d1,bicycle,39.946994,-82.997791,,28.14,True,False,False,0
Veo,d6a21494-7806-59c5-9305-e2052b2ba779,bicycle,39.920878,-83.043205,,28.14,True,False,False,0
Veo,33418a24-9ddf-5669-a7d4-e39ab45af3fd,bicycle,39.95635,-82.965227,,15.89,True,False,False,0
Veo,6411137e-e259-54c5-848d-57f1573c3271,bicycle,40.004016,-83.011164,,12.28,True,False,False,0
Veo,f190c324-ce82-5d20-a8f7-8182db09134a,bicycle,39.946995,-83.054727,,25.34,True,False,False,0
Veo,8d065659-2725-5bbe-b713-c8057f561d96,bicycle,40.018667,-82.978247,,28.14,True,False,False,0
Veo,57f04143-86da-57fe-a599-a9d4f6ed1dc3,bicycle,39.928429,-82.977261,,1.15,True,False,False,0
Veo,251fc760-b0c5-575e-86f6-15da1c92511c,bicycle,40.000256,-83.017939,,23.77,True,False,False,0
Veo,3591099a-8d10-59e4-8489-3e01f79170df,bicycle,39.991666,-82.999433,,28.14,True,False,False,0
Veo,2bde092e-5fbb-522a-a832-430dc8a04e48,bicycle,40.008216,-82.998216,,28.14,True,False,False,0
Veo,82aa0d2d-c340-5dec-8ee1-ce0c19968631,bicycle,39.96027,-82.865444,,14.17,True,False,False,0
Veo,c98796bc-5068-559b-b3b5-967082d2f859,bicycle,39.99998,-83.004582,,25.74,True,False,False,0
Veo,4a1eab31-fb47-5f7e-bed1-aab0281e75f7,bicycle,39.965342,-82.982439,,28.14,True,False,False,0
Veo,c6297386-30a8-5266-9fd0-f6fa7e8967b3,bicycle,39.95644,-82.961695,,23.02,True,False,False,0
Veo,811740dc-abb0-51e2-ba5c-c96a49f0aab0,bicycle,40.001069,-83.014155,,12.63,True,False,False,0
Veo,cf3105a5-5faa-5d84-b495-eb168bb40532,bicycle,39.99864786,-83.00701844,,26.25,False,False,True,0
Veo,fec94ea1-0660-5a1b-a781-184d61a01999,bicycle,39.96902,-83.003913,,28.14,True,False,False,0
Veo,5e7757b4-eb2f-56e1-bd70-e8f4b34b43d1,bicycle,39.947092,-82.954295,,22.05,True,False,False,0
Veo,e0935d8e-dfcc-5ceb-bd82-bf5230ac4d99,bicycle,39.954394,-83.065425,,4.78,True,False,False,0
Veo,c8aa5554-7de7-54b1-ba29-dc0d22b0ec26,bicycle,39.968973,-83.003648,,28.14,True,False,False,0
Veo,d0fec747-725e-56ba-98a6-3613091dd574,bicycle,39.981202,-83.011904,,25.94,True,False,False,0
Veo,795dd3d4-a60b-5ff6-a5e3-f0f23bdf44a0,bicycle,40.062976,-82.914268,,8.09,True,False,False,0
Veo,58fb3518-04eb-588f-b89c-c43e208f0789,bicycle,39.967537,-83.006506,,24.06,True,False,False,0
Veo,58bfb64f-efcd-5094-9a6e-74f91c345e1d,bicycle,40.100739,-83.115333,,28.01,True,False,False,0
Veo,4f04edcb-b677-5296-a160-c064a564e3fc,bicycle,40.002974,-83.012806,,28.14,True,False,False,0
Veo,0099339e-a78c-5c63-822d-8cda449f8e16,bicycle,39.957023,-83.00685,,28.14,True,False,False,0
Veo,4e4cc218-bf8a-5164-b033-4fb2f53d47de,bicycle,39.997079,-83.015039,,13.1,True,False,False,0
Veo,4f6c0f59-516e-5f28-ac9d-42eb5cacf203,bicycle,40.001048,-83.008442,,19.78,True,False,False,0
Veo,f9d9431f-8e05-5527-b1dd-41d0a9120844,bicycle,40.08554,-82.984937,,9.02,True,False,False,0
Veo,cced635d-a394-5d45-a778-25eb7d791b83,bicycle,39.969396,-82.980878,,7.29,True,False,False,0
Veo,e0d58831-6643-5e5e-af49-c96cb21e8201,bicycle,39.991752,-83.047661,,7.62,True,False,False,0
Veo,f05ae14e-9fb6-5e56-a8c2-67a909181c2d,bicycle,39.950168,-83.000193,,28.14,True,False,False,0
Veo,13458927-4e86-5969-a03c-91a95358a250,bicycle,40.003884,-83.013039,,6.07,True,False,False,0
Veo,6ea20c52-f1f9-5eeb-bf20-998ff0945ec3,bicycle,39.992247,-83.015499,,28.14,True,False,False,0
Veo,4aabda2d-1869-56c8-a15d-517869b68dac,bicycle,40.023814,-82.963264,,28.14,True,False,False,0
Veo,cba266fb-1712-523b-beee-5b3d42032253,bicycle,40.00781,-82.998699,,15.18,True,False,False,0
Veo,d3413b1e-d1b5-5227-a3ea-c281fc33acfd,bicycle,39.994233,-83.020115,,14.61,True,False,False,0
Veo,2621b828-228c-5768-bbb9-a48b9e135069,bicycle,39.954125,-83.016888,,20.05,True,False,False,0
Veo,293da494-9828-577f-af4d-278754748db5,bicycle,39.957408,-83.011315,,28.14,True,False,False,0
Veo,aa85098c-6c7b-5fff-9807-346454ad9cc4,bicycle,39.93986,-83.011215,,28.14,True,False,False,0
Veo,2f2e67ec-92f7-56a4-8e82-1f09929d4075,bicycle,39.995796,-83.014846,,14.86,True,False,False,0
Veo,26f35718-d6c7-5dcf-a211-d151ceed416e,bicycle,39.948179,-82.906043,,1.15,False,False,True,0
Veo,94ab7847-8556-5c3e-a976-0d899ee547a3,bicycle,39.956279,-83.026259,,16.84,True,False,False,0
Veo,1db18c95-5570-5265-8bfb-e077d8d5ce59,bicycle,39.959652,-83.090821,,28.14,True,False,False,0
Veo,24c0c858-a6dc-5a81-909f-6eff582070a0,bicycle,39.936066,-82.98374,,9.65,True,False,False,0
Veo,c42fac1a-f56c-5399-9b33-362ef778abf6,bicycle,39.999835,-83.016169,,22.39,True,False,False,0
Veo,c1ff5327-5d7d-5743-9c11-e986d6d4f9a0,bicycle,40.010696,-83.004646,,23.02,True,False,False,0
Veo,39cf0897-6070-594d-999e-34c452e3c10f,bicycle,39.986854,-83.002676,,17.89,True,False,False,0
Veo,a59325eb-77de-52c3-a188-d920adca7e89,bicycle,40.013672,-82.951872,,11.83,True,False,False,0
Veo,5a65e6d5-d604-543a-a1cf-61f024dcafb3,bicycle,40.004518,-83.026207,,25.74,True,False,False,0
Veo,d5445551-24bd-5de5-8b88-c7967b549ad3,bicycle,39.985248,-83.005332,,13.1,True,False,False,0
Veo,e7c9024f-fde5-5d9b-9305-e400a7619969,bicycle,39.886038,-82.997844,,11.83,True,False,False,0
Veo,9b4eba1c-d629-51d8-a71e-1c3ae0f87361,bicycle,39.957698,-83.003546,,18.19,True,False,False,0
Veo,f10879c7-8749-58e0-b049-f92086934844,bicycle,39.956457,-83.036639,,13.64,True,False,False,0
Veo,c5912916-1121-5e3b-88b7-d73c5be7b0ea,bicycle,40.000248,-83.017963,,12.07,True,False,False,0
Veo,a3f4606b-d591-5562-af35-bb0567a97e39,bicycle,40.008227,-83.033494,,5.59,True,False,False,0
Veo,5a3bd376-2d3d-58eb-8e41-e82b4964f122,bicycle,39.958703,-83.028579,,4.19,True,False,False,0
Veo,7baf8141-1b09-5952-9379-0c6eed9b6348,bicycle,40.05946,-82.986726,,28.14,True,False,False,0
Veo,3a385b33-7f32-5818-b556-bd2a99edc499,bicycle,39.958052,-83.006266,,10.79,True,False,False,0
Veo,87f03ad4-8845-5362-9ecc-d91f14c0a321,bicycle,39.995339,-82.994746,,24.06,True,False,False,0
Veo,6030781d-dd1b-5fef-b7fa-8b5db4ca5844,bicycle,39.999896,-83.006412,,26.78,True,False,False,0
Veo,513435bb-58b5-5c5d-9cec-2ae6dbfd4095,bicycle,39.987204,-83.009357,,26.25,True,False,False,0
Veo,86bdeab9-4c6c-5194-ad7c-f94f447d2406,bicycle,39.955696,-83.003874,,28.14,True,False,False,0
Veo,89697307-3f98-5518-8e65-916482d132eb,bicycle,39.967963,-83.010006,,15.18,True,False,False,0
Veo,c6e85b5a-55ef-5679-922e-8b970fafbc1b,bicycle,39.914065,-82.983242,,3.81,True,False,False,0
Veo,823fba81-d8ea-522f-b5aa-1ae28db5d702,bicycle,40.001227,-83.015724,,13.39,True,False,False,0
Veo,cc6ec43b-57ad-518a-be42-bb3a7c9bf8d5,bicycle,39.92151,-83.060832,,14.61,True,False,False,0
Veo,620c287c-5a81-59fc-89d2-a13dc5d725cf,bicycle,39.965829,-83.010153,,6.31,True,False,False,0
Veo,de11c386-7255-5da1-b827-6df0ea9f5f6e,bicycle,40.038812,-82.995506,,17.37,True,False,False,0
Veo,151dd718-f6c2-544b-9f1c-c197a23a345e,bicycle,40.007806,-82.996549,,26.25,True,False,False,0
Veo,4a3c7895-91c9-5096-8ea6-5ed267eb1110,bicycle,39.971639,-83.003268,,15.18,True,False,False,0
Veo,8c0ff5b3-4f15-5e67-bede-9c26b6d7bfe4,bicycle,39.940106,-82.849131,,4.78,True,False,False,0
Veo,33d5e812-5846-5260-b9ca-62bf4d907eaf,bicycle,40.031923,-82.972756,,16.39,True,False,False,0
Veo,43c080de-e3ba-5b80-8067-952efd6292ee,bicycle,39.98035782289877,-83.00966664689281,,22.7,False,False,True,0
Veo,77f45488-f0aa-5029-9cd0-19479d90dd1d,bicycle,39.996986,-82.97518,,26.78,True,False,False,0
Veo,e2de245c-08b2-5767-b120-452b2e977004,bicycle,39.949417,-82.916545,,13.86,True,False,False,0
Veo,bbd2439d-3d70-5d5b-963f-e0db061b3eaf,bicycle,39.95581782339665,-83.003053593439,,28.14,False,False,True,0
Veo,5821bd35-dd6d-5803-ac43-a5333be38718,bicycle,39.922587,-83.034457,,28.14,True,False,False,0
Veo,12851530-5798-5b3d-893a-709b2749410a,bicycle,40.002242,-83.015392,,9.97,True,False,False,0
Veo,2611dc88-16e2-5158-a33b-e15283204927,bicycle,40.002271,-83.002604,,25.12,True,False,False,0
Veo,435ee730-b4c9-5c4f-9be4-2bcbc61f5ac8,bicycle,40.00353,-83.01787,,26.78,True,False,False,0
Veo,801ccec4-9736-5a97-b01a-62f5cae6ffc9,bicycle,40.000645,-83.00555,,11.83,True,False,False,0
Veo,31beb6cf-04b9-589d-af44-723a645de8a9,bicycle,39.953587,-83.09911,,6.31,True,False,False,0
Veo,a8df5789-7731-5d11-8cf8-c79b8199c60b,bicycle,39.945827,-82.997483,,27.44,True,False,False,0
Veo,f2a28bae-7826-5bd0-b64c-6050b121b999,bicycle,39.962872,-83.000804,,27.77,True,False,False,0
Veo,487782fd-943d-5c97-9574-7a315993f2b4,bicycle,39.922628,-83.034461,,13.86,True,False,False,0
Veo,a28af752-ea3a-5f1d-8f1f-ad98e6532c85,bicycle,40.009743,-82.949238,,25.34,True,False,False,0
Veo,c7965c67-3e97-5dcb-874e-c680d8388876,bicycle,39.969779,-83.004858,,28.14,True,False,False,0
Veo,87a615c0-cd08-5bdc-bac1-4c5cb5a7749f,bicycle,39.965308,-82.997701,,25.34,True,False,False,0
Veo,46d15965-8269-5a85-9695-abb1668f56fc,bicycle,39.969915,-83.007425,,12.87,True,False,False,0
Veo,f06bb9cc-da70-521d-80c8-cf08d5150bff,bicycle,39.921372,-82.950476,,16.39,True,False,False,0
Veo,b23c43e9-e050-51c4-bda8-306d9b8384c4,bicycle,39.94704731098506,-82.9993672282022,,24.84,True,False,False,0
Veo,bf22d4f2-c417-5036-84d2-3258059d71df,bicycle,39.983406,-83.000021,,26.51,True,False,False,0
Veo,48bf05a5-93ba-58d8-ae7e-5434321ec47b,bicycle,39.943737,-83.117978,,20.05,True,False,False,0
Veo,e16aa6a5-6e4c-54a5-87ad-be14807ed1bc,bicycle,39.949613,-83.007813,,6.98,True,False,False,0
Veo,f9b3b808-e42c-5876-ad38-435dca50940f,bicycle,39.968749,-83.003892,,28.14,True,False,False,0
Veo,b8177dea-c182-582a-a5ca-1d6a55a8042e,bicycle,39.955741,-82.999621,,15.45,True,False,False,0
Veo,6f23d3f5-a7d8-5479-98f9-f74830c60af3,bicycle,39.95599522255361,-82.94533951207995,,0.0,True,False,False,0
Veo,643bced0-8aa3-5015-aa7a-94f0455a94f2,bicycle,39.994342,-83.0123,,27.02,True,False,False,0
Veo,53dc9bac-51a6-5072-8e45-310cc87908d2,bicycle,39.98191,-82.943103,,18.67,True,False,False,0
Veo,f50fd107-cd74-5f1c-9739-a51e3756aabe,bicycle,39.965436,-82.9965,,9.29,True,False,False,0
Veo,1b8d0881-30d4-5a33-a5b5-6e145ae184df,bicycle,39.979175,-83.016235,,26.25,True,False,False,0
Veo,66b4b583-caff-5f1c-b9b1-01ecb20e7398,bicycle,39.952852,-83.003236,,28.01,True,False,False,0
Veo,07dad922-cac5-5f8f-a2a7-95b504e1e2e3,bicycle,40.069311,-82.920759,,28.14,True,False,False,0
Veo,97b42835-a4b5-5ec6-9627-2ccd543f6b98,bicycle,40.017013,-82.978388,,14.61,True,False,False,0
Veo,f2ba6d65-d122-50b0-a064-055be954b87a,bicycle,39.953155,-83.06796,,22.7,True,False,False,0
Veo,015370bc-1b3d-52be-9b34-03644de73df4,bicycle,39.958988,-83.001715,,28.14,True,False,False,0
Veo,20ac2884-5d71-57fe-99b3-4a7dcb226d5e,bicycle,39.977407,-83.012842,,28.01,True,False,False,0
Veo,252c2450-b445-501d-afd9-f774f021e22e,bicycle,39.935161,-82.913606,,26.51,True,False,False,0
Veo,f1bdab91-2f84-5d3b-961c-7cb7871d3502,bicycle,40.052268,-82.956745,,23.02,True,False,False,0
Veo,0fed9270-cfe0-52b4-83ea-354a0eb3b660,bicycle,39.950209,-83.00016,,28.14,True,False,False,0
Veo,8a4eeb87-c28a-5a12-8932-c5b4aa09d31e,bicycle,40.022793,-83.001786,,28.14,True,False,False,0
Veo,124ebbcd-f473-5ec2-b74e-4b76f8ec2336,bicycle,39.996078,-83.04083,,9.65,True,False,False,0
Veo,e8a4d531-12ae-5911-92c4-1bc8903e07f8,bicycle,39.947868,-82.945267,,23.77,True,False,False,0
Veo,a0f1af04-09ce-5e17-81d4-4830195fe6d6,bicycle,39.933308,-82.956682,,13.64,True,False,False,0
Veo,5158af63-a51f-5fc8-b0b2-4f2f639abb27,bicycle,40.023979,-83.035108,,28.14,True,False,False,0
Veo,1e4771b2-d757-537a-916a-a7db9e6041f0,bicycle,39.947401,-83.110219,,28.14,True,False,False,0
Veo,4fcf5076-9398-57e9-a27b-46172f9e0e90,bicycle,39.957409,-82.999639,,13.86,True,False,False,0
Veo,4a93c7a6-7266-5c93-8a4f-5fcf2cbb742c,bicycle,40.001834,-83.014619,,18.19,True,False,False,0
Veo,7222a589-c8ec-585e-b65a-5567f5cc3084,bicycle,39.939404,-83.10913,,7.29,True,False,False,0
Veo,bc8167d9-ff3b-5bd4-ae79-a28ee6cdd486,bicycle,39.997212,-83.009226,,27.02,True,False,False,0
Veo,19f76af9-860e-5f3a-af7e-3faffe78156f,bicycle,39.956805,-83.04425,,28.14,True,False,False,0
Veo,c6057b33-1ff0-5808-9c0a-c976917d9654,bicycle,39.963428,-82.981856,,22.39,True,False,False,0
Veo,c43ed149-7c34-5daa-8140-4149cc24bcc6,bicycle,39.991935,-83.006434,,28.01,True,False,False,0
Veo,a88fc593-a54f-5ad2-afb6-f087fc1f69b9,bicycle,39.999269,-83.021517,,28.14,True,False,False,0
Veo,416ff03b-c61b-5314-9d4b-0bffc9b8e392,bicycle,39.973644,-82.999439,,14.61,True,False,False,0
Veo,a7183dfa-8968-590f-8807-a3558d786837,bicycle,39.968303,-82.99446,,10.79,True,False,False,0
Veo,6e251ee0-85b2-52b9-aa71-2514233a3e10,bicycle,40.005254,-83.037939,,25.65,True,False,False,0
Veo,62139e49-a2d0-5917-89fa-b63985f38950,bicycle,39.931326,-83.066546,,17.89,True,False,False,0
Veo,6696aa1c-432d-5574-a1a0-f0eb4e2bf7d1,bicycle,39.953275,-82.992529,,11.34,True,False,False,0
Veo,2e528f6e-c792-5552-b41d-e22fe0c5fb05,bicycle,39.998387,-83.030943,,9.02,True,False,False,0
Veo,9a66c5e7-d625-59cb-b914-468baedc8121,bicycle,40.010675,-83.004047,,13.86,True,False,False,0
Veo,6c2f996d-9c14-5960-a47e-d89cfc326fc9,bicycle,39.997897,-83.001968,,23.02,True,False,False,0
Veo,6ba3251b-d73c-5214-8dce-77e2877a89e4,bicycle,39.942006,-82.994919,,23.77,True,False,False,0
Veo,cc24b32f-6b6a-5185-8914-7dfa87afc3a6,bicycle,40.032125,-82.943504,,13.86,True,False,False,0
Veo,515cf515-eaf5-5111-af86-5a9b52ae55b9,bicycle,40.002269,-82.997208,,16.84,True,False,False,0
Veo,9d9626ca-517a-514f-8714-8e5ebdb3fe0c,bicycle,40.023459,-83.032154,,28.01,True,False,False,0
Veo,c1594bfd-34ae-5a64-a553-bf2f24eb6875,bicycle,39.98883127,-82.999555,,14.61,False,False,True,0
Veo,d6752c01-caf3-5169-a959-c3555514c7b4,scooter,39.989968,-83.001041,,16.39,True,False,False,0
Veo,b193ceaf-b194-5e06-b97b-438caaa2344c,bicycle,39.956026,-83.053633,,27.44,True,False,False,0
Veo,f4be8912-e217-5271-9f16-f37eeb85fdc3,bicycle,40.021107,-83.031486,,19.39,True,False,False,0
Veo,7a0b507d-f122-54da-af6c-9641f3e8089d,bicycle,39.933244,-82.980604,,6.98,True,False,False,0
Veo,48b56250-38ce-5049-98ea-9abab10da1db,bicycle,40.00110926115463,-83.00838914720484,,28.14,False,False,True,0
Veo,c1c9a3b6-7ddd-5468-a3c2-5e882af08476,bicycle,40.08704,-83.096531,,10.31,True,False,False,0
Veo,2394a242-26f5-5b51-bb50-e640d290b892,bicycle,39.944422,-82.973154,,25.12,True,False,False,0
Veo,c7df1a87-1479-5d87-ba45-bf2c9e096003,bicycle,39.94651,-83.000124,,24.84,True,False,False,0
Veo,84494244-364d-59a7-883f-69d5ae02b9c7,bicycle,40.009135,-82.940053,,12.07,True,False,False,0
Veo,7a594cfb-e82f-5f14-bdac-10ee0667a0cd,bicycle,39.968075,-82.977177,,13.39,True,False,False,0
Veo,645cddd0-5d1c-5b96-b49c-bf08caa0e93a,bicycle,39.944821,-83.016394,,28.14,True,False,False,0
Veo,d7ebac47-885f-5643-8eab-1420639adb68,bicycle,40.002277,-83.015995,,8.09,True,False,False,0
Veo,0cd20ae1-9185-575f-80e0-895e2b3ef59d,bicycle,39.961908,-82.989714,,23.02,True,False,False,0
Veo,031d47b9-20dc-557d-a7e4-ab7bb139f39a,bicycle,40.004119,-83.015758,,26.78,True,False,False,0
Veo,177493da-eb3b-548e-8ab1-1ac76c65dba2,bicycle,39.952469,-82.986722,,25.94,True,False,False,0
Veo,7320b20e-e0ed-5735-bcc2-d12089daf1fa,bicycle,40.003861,-83.013022,,19.39,True,False,False,0
Veo,c52b30df-953a-5a30-b43c-5d099f35a70f,scooter,39.948211,-82.997857,,24.84,True,False,False,0
Veo,4bf27122-9834-57fd-a34d-aac46d7d105d,bicycle,40.009875,-83.003041,,25.74,True,False,False,0
Veo,e914af20-1abb-5332-a082-89897e140fbd,bicycle,39.954422,-82.968435,,20.78,True,False,False,0
Veo,1dbcef79-cf48-5727-afb6-5b79f029bab6,bicycle,39.94681,-83.052619,,16.84,True,False,False,0
Veo,c2b42c2a-6cea-5c7d-9bca-cd0a74eeb618,bicycle,39.996984,-83.0081,,10.79,True,False,False,0
Veo,9892722a-5137-593a-95b8-6b0efe7a6b0d,bicycle,40.001597,-83.015562,,24.84,True,False,False,0
Veo,9d485cb3-9298-5b18-97dc-b0a2f9c74923,bicycle,39.998785,-83.011043,,28.14,True,False,False,0
Veo,3410657b-6fef-58d8-9a5e-29713c5b1731,bicycle,40.024574,-82.969459,,18.67,True,False,False,0
Veo,f2a46278-69fc-503d-bca9-e7ccba394cd9,bicycle,40.005959,-82.912993,,26.78,True,False,False,0
Veo,67b76ba3-9860-5ceb-b996-02a756b4c789,bicycle,39.977224,-83.003418,,10.79,True,False,False,0
Veo,7983ea4c-fd81-5312-9493-77e344f0f949,bicycle,39.962632,-83.00447,,27.77,True,False,False,0
Veo,25a0df4b-cba0-5d03-81a9-81f4664fd524,bicycle,39.999344,-83.016014,,7.29,True,False,False,0
Veo,1ed07542-f70e-5d04-8870-0e13aac1fd9a,bicycle,39.946106,-83.016962,,24.84,True,False,False,0
Veo,2404706c-efb2-555d-b3be-8250d1239c09,bicycle,40.002128,-82.949809,,13.86,True,False,False,0
Veo,7be05405-3a09-52ab-bf15-993f3a078c33,bicycle,40.002752,-83.010851,,19.78,True,False,False,0
Veo,620626ef-6c28-5d6c-8573-56d22b43c2cf,bicycle,40.001735,-83.010319,,25.65,True,False,False,0
Veo,c46df56a-acb6-5b49-8861-83f25efa574d,bicycle,39.939033,-82.956505,,14.43,True,False,False,0
Veo,159d698c-6059-5fba-bcfb-1fcd2d57160e,bicycle,39.993563,-83.00905,,15.18,True,False,False,0
Veo,400abaf8-7776-52e8-9b86-9ea529a23045,bicycle,39.991926,-83.006381,,13.64,True,False,False,0
Veo,54c00d18-0857-5042-bb0c-f1184e34bb32,scooter,39.952725,-83.114819,,13.86,True,False,False,0
Veo,58d38955-2f65-5e4b-bca6-8f84eeb05da5,bicycle,39.965186,-82.984363,,28.14,True,False,False,0
Veo,dc573150-c3ab-5406-b5f7-24a4b336db3c,bicycle,40.017036,-82.978361,,6.07,True,False,False,0
Veo,e7ae7427-6eda-517e-8d61-93c142e41116,bicycle,40.004583,-82.954539,,25.34,True,False,False,0
Veo,d987f90c-4cd2-5328-945d-7ea81e3aae63,bicycle,40.000264,-83.021343,,19.05,True,False,False,0
Veo,f4a2c2b5-f1f1-5b5a-a179-2949bfdfa3c4,bicycle,40.003849,-83.01303,,13.1,True,False,False,0
Veo,fba9a883-c594-5580-b07c-2de452853829,bicycle,40.016148,-82.998793,,13.39,True,False,False,0
Veo,2fb50b41-fde3-5960-a1d5-b163f65fa98b,bicycle,39.965676,-82.996876,,13.86,True,False,False,0
Veo,23585b05-35c4-5294-9ea5-bbdde0f9333a,bicycle,39.989808,-83.011822,,28.14,True,False,False,0
Veo,8a997b80-c083-549c-9ddf-fef42f2b093e,bicycle,39.930617,-82.940661,,15.89,True,False,False,0
Veo,4526bb64-508c-5c76-8cf9-ba4bcc755c50,scooter,39.96008403751067,-82.99999612371768,,0.0,True,False,False,0
Veo,f01d9db0-3892-5f22-9270-b9b38c297fb7,bicycle,40.103813,-83.10951,,8.43,True,False,False,0
Veo,b0f9beba-926a-5a27-a3da-7e67fd15f857,scooter,39.958749,-82.999802,,28.14,True,False,False,0
Veo,2736e853-fe86-5715-b200-fccb26cdd9d0,scooter,39.978219,-83.017037,,19.78,True,False,False,0
Veo,e20c85e2-4bad-5d78-8788-840fac7ad6e7,bicycle,39.996981,-82.975176,,16.84,True,False,False,0
Veo,0fc3501a-c7cf-578f-9e4c-9a2f281f476d,bicycle,39.957737,-83.003541,,27.44,True,False,False,0
Veo,359a6d50-124a-5f53-ab94-1b28c5944085,bicycle,39.959357969233196,-82.98433756063041,,11.59,False,False,True,0
Veo,169c0d86-8992-56e6-8dd9-8fa58c8397d6,bicycle,39.949425,-83.041712,,28.14,True,False,False,0
Veo,80dc9966-a8e1-5864-8777-ed215a5c006f,bicycle,40.001737,-83.016447,,25.34,True,False,False,0
Veo,6dbf8927-fc2a-5a11-bbc0-b4b0ed4359fb,bicycle,39.931111,-83.051849,,26.78,True,False,False,0
Veo,c1306f1f-110d-5ca0-93dc-958ae2a1b6f7,bicycle,39.997848,-83.018668,,25.34,True,False,False,0
Veo,33690401-7bfa-5c8d-8964-7b32f9c8ffcf,bicycle,39.931681,-83.038382,,26.78,True,False,False,0
Veo,d21425d2-9ee9-5e11-85e5-0db7d18137c5,bicycle,39.999634,-82.993247,,28.14,True,False,False,0
Veo,99656de3-5379-5286-99dd-a787f4508623,bicycle,39.962973,-82.976273,,20.05,True,False,False,0
Veo,a041ccc9-3aa9-50bf-843d-9fcd97ae131c,bicycle,39.946972,-83.05472,,10.51,True,False,False,0
Veo,8a228036-9479-5dda-a218-e3c153608e58,bicycle,40.003163,-83.017844,,15.45,True,False,False,0
Veo,5b034401-b4a1-5825-97a8-edae52917850,bicycle,39.956829,-83.069955,,18.67,True,False,False,0
Veo,c56e2161-d94a-5122-b684-5a7d7187b763,bicycle,39.969278,-83.003799,,24.06,True,False,False,0
Veo,d004f9e9-5d24-5433-8736-df6416cd27a0,bicycle,39.958639,-83.003099,,25.65,True,False,False,0
Veo,9b771040-a481-5c18-b958-76259cf3b147,bicycle,39.974439,-82.972037,,12.28,False,False,True,0
Veo,f15ac10c-9135-5d96-9a55-2ffac1c72567,bicycle,39.98527,-82.945022,,25.94,True,False,False,0
Veo,21cc24d5-f235-56d3-8d72-5e666b921a51,bicycle,39.938584,-83.000153,,14.86,True,False,False,0
Veo,8dc232af-90c4-50b3-931f-788a0e1848bf,bicycle,39.955652,-82.949261,,12.87,True,False,False,0
Veo,a8e4c80f-9a6d-5ce4-89fc-71d5ae2b76f0,bicycle,39.955651,-83.037493,,14.61,True,False,False,0
Veo,d0bc161b-2221-5fd3-843c-565b35a21ebc,bicycle,39.950146,-83.000172,,28.14,True,False,False,0
Veo,7d356924-cab2-54cb-88d2-06ca935ce3c7,bicycle,39.953405,-82.978859,,22.05,True,False,False,0
Veo,df946938-4e18-59d8-a535-d6f36727f2ca,bicycle,39.968967,-83.003893,,28.14,True,False,False,0
Veo,08854eb5-4993-5c0c-ae6b-d59c14247bd4,bicycle,40.000063,-82.97954,,12.52,True,False,False,0
Veo,559ef41e-50e3-5242-a913-967660946cfd,bicycle,40.015337,-82.982501,,13.86,True,False,False,0
Veo,cbd91f35-b437-5146-a4aa-c484fc454633,bicycle,40.001436,-83.003834,,12.07,True,False,False,0
Veo,5663a700-3f9c-5217-a8a5-b4057825cf31,bicycle,39.985536,-83.043681,,5.83,True,False,False,0
Veo,eda84197-b276-5e09-b2d1-32e2bce78cdf,bicycle,39.99557239543317,-83.00436817380032,,28.01,True,False,False,0
Veo,321f20c9-768f-5db3-a728-f11bcd273c64,bicycle,39.996527,-83.007301,,12.87,True,False,False,0
Veo,5c33c8fc-d59e-5f0b-a2dc-0f8b870b64cf,scooter,40.006339,-83.009155,,27.18,True,False,False,0
Veo,620110fa-9745-5d63-a784-d4562b4b8c0b,bicycle,39.967971,-83.009897,,26.51,True,False,False,0
Veo,76de197f-02c7-5626-99cf-dee1508c4dac,bicycle,39.95888,-83.024544,,28.14,True,False,False,0
Veo,a523df6e-ff59-58fd-93ff-6d314343fb0b,bicycle,39.940858,-82.98365,,25.94,True,False,False,0
Veo,ef14dd2c-163f-5d33-af3b-693cab3b6a65,bicycle,39.957972,-82.945364,,28.14,True,False,False,0
Veo,6418ac33-e9a0-5e96-b1b2-50196a37c402,bicycle,39.952133,-83.058259,,15.89,True,False,False,0
Veo,b09c2bde-1300-5104-8924-8152007667d7,bicycle,39.952282,-83.051371,,25.65,True,False,False,0
Veo,b26c7a86-4840-5559-9e54-71c5219e610e,bicycle,40.00192,-83.013904,,24.84,True,False,False,0
Veo,b20bb9d3-3dc0-5613-a01c-e5462f28170b,bicycle,39.962065,-83.000361,,24.33,True,False,False,0
Veo,7969999f-98c2-591e-938a-e0382d8f128d,bicycle,39.906206,-83.076765,,27.02,True,False,False,0
Veo,4897ff5f-ddbc-5075-8659-494a19d09706,bicycle,40.10387,-83.109785,,15.18,True,False,False,0
Veo,2ddf03e2-a45e-5a4a-9d8d-ffddd721a83e,bicycle,40.032017,-82.991136,,28.14,True,False,False,0
Veo,31f8daee-fac3-51d6-884f-35d7946a164e,bicycle,39.985679,-82.997883,,22.39,True,False,False,0
Veo,efb51b39-9dca-5820-be6f-969d515ca2e7,bicycle,39.996824,-83.009813,,25.12,True,False,False,0
Veo,b24badbc-a622-5253-9af3-e7c0de815aa2,bicycle,40.004836,-83.026998,,9.02,True,False,False,0
Veo,767165ed-09a6-5501-9941-d107a0389894,bicycle,40.001859,-82.976125,,28.14,True,False,False,0
Veo,c304cfac-f345-5942-b654-2d7b73160fe2,bicycle,39.971295,-83.002078,,14.86,False,True,False,0
Veo,5e69a11d-0541-5397-9046-739dc409ff5d,scooter,39.96882,-83.007698,,8.78,True,False,False,0
Veo,aafba23e-fc15-588f-9413-6f4963578c83,bicycle,40.003684,-83.018877,,22.39,True,False,False,0
Veo,0c1ebc4b-3c09-5113-8988-b42060a88394,bicycle,39.954136,-83.01366,,14.17,True,False,False,0
Veo,4fc34f8f-e0a9-549e-bd0c-b988e1f26672,bicycle,40.001477,-83.003888,,16.39,True,False,False,0
Veo,07fda375-e386-5934-8ee4-92103a1a4980,scooter,40.044591,-83.031911,,12.28,True,False,False,0
Veo,54ec93b8-08c2-53f2-8785-5012958d8324,bicycle,39.969975,-83.004554,,11.59,True,False,False,0
Veo,02afdeb6-a579-592f-8ff1-3e89aa8cb87f,scooter,39.958277,-83.013428,,26.78,True,False,False,0
Veo,9acc27a3-3d48-50a6-9862-7468d5110dfd,scooter,39.947892,-83.062957,,24.33,True,False,False,0
Veo,2c99b186-b350-561e-8784-0456ff451fb2,bicycle,39.978264,-83.00192,,14.61,True,False,False,0
Veo,2e547b05-ea6c-5888-b68b-1a987b52f057,bicycle,40.003927,-83.012775,,28.14,True,False,False,0
Veo,fd9877bf-328a-55af-b305-36f625532597,scooter,39.967211,-83.004976,,6.67,True,False,False,0
Veo,6f4b8bc6-6fec-5a49-ba7d-6ac441907a9b,bicycle,39.947389,-83.049278,,19.05,True,False,False,0
Veo,a070c851-bce9-518c-84d9-53e213b07a54,scooter,39.989604,-83.017667,,27.77,True,False,False,0
Veo,8d764a66-25d9-5e57-bffa-e807e2aaff6f,bicycle,39.951669,-82.968608,,10.79,True,False,False,0
Veo,a0bea31b-02c6-5da0-8f71-2a1817e11c0e,scooter,39.976139,-82.979245,,27.77,True,False,False,0
Veo,f89aceca-ac7d-5a21-a751-8d3d27737e71,bicycle,40.040226,-83.001829,,16.39,True,False,False,0
Veo,d4ac3bde-a6d6-5c3d-9c25-2f61b28e7f3d,scooter,39.957563,-83.011353,,28.14,True,False,False,0
Veo,5ade0687-de1d-5ef0-9299-a084e53fa663,bicycle,39.963944,-82.984787,,23.02,False,False,True,0
Veo,dbfa3e0a-3346-5dea-94c9-ee46f4bd1c0f,scooter,40.008282,-83.019225,,5.83,True,False,False,0
Veo,5bca7d49-c98e-5bb3-86b2-08573015613c,bicycle,39.986503,-83.001435,,28.14,True,False,False,0
Veo,d61065cc-668d-55ce-aaa3-5e80fc4de37e,bicycle,39.946397,-82.937073,,28.14,True,False,False,0
Veo,4e277caa-237b-5a8c-8725-fc6d0c8b591b,scooter,40.002269,-83.015368,,27.77,True,False,False,0
Veo,59e43e69-32c7-5b9c-ae19-38736e120ed0,scooter,39.988137262897084,-82.99607458462063,,21.49,False,True,True,0
Veo,f258ece8-8548-5dca-a027-9269db3bbded,bicycle,39.952457,-83.074521,,4.14,True,False,False,0
Veo,2598c778-76e9-58ff-a480-95f8b9e73b71,bicycle,40.014799,-82.985738,,26.51,True,False,False,0
Veo,42769ccc-cf39-57a9-a483-ac6219d41f1d,bicycle,39.982028,-83.011903,,12.87,True,False,False,0
Veo,fa440907-34e9-5486-8bb0-8d907fb42c33,bicycle,39.950203,-82.972916,,14.61,True,False,False,0
Veo,c380e067-41ac-59df-bdf2-649f203366f5,scooter,39.957972,-82.997892,,19.05,True,False,False,0
Veo,57304dc9-dbed-5bf3-976a-acbc8eb56d49,bicycle,39.957036,-83.010248,,28.14,True,False,False,0
Veo,88d31566-34ca-5ba3-a616-413318c38606,bicycle,39.923506,-82.98546,,17.89,True,False,False,0
Veo,6410dfdb-8cf2-5557-9f8e-03fd428ec6fe,bicycle,39.985614,-82.93771,,25.74,True,False,False,0
Veo,3c87a4e9-aeee-50bb-a850-6edd9a4cfa9e,bicycle,40.017817,-82.957344,,15.18,True,False,False,0
Veo,2d22bd0d-72c0-5c0d-b390-cd6f26f5ae38,scooter,40.010365,-83.020884,,24.06,True,False,False,0
Veo,b112418c-a31f-5128-8bc5-487d561808c5,bicycle,39.972259,-82.97752,,2.79,True,False,False,0
Veo,39135a28-9841-5d4a-abcd-51f885754807,bicycle,40.005651,-82.983173,,14.61,True,False,False,0
Veo,43d619d1-f336-5b78-a879-bde6c302c9a7,bicycle,39.93689,-83.063034,,14.61,True,False,False,0
Veo,b93f7586-4bd7-572d-9060-3478a6d4eaae,bicycle,39.998831,-83.015331,,28.01,False,False,True,0
Veo,e9e36d17-cd71-513f-9279-491965e243fa,scooter,39.979096,-83.01444,,7.29,True,False,False,0
Veo,fbaa2c57-bf8f-5454-8c11-085a14ad60c4,bicycle,39.95598666666667,-82.94519666666665,,4.78,True,False,False,0
Veo,37d30580-4590-5fb0-a6fd-2fe2dfce69e1,bicycle,40.001463,-83.003847,,28.14,True,False,False,0
Veo,3c0083a7-f71a-52ab-ac72-61e5abeed821,bicycle,39.955504,-83.00271,,28.14,True,False,False,0
Veo,20a4f668-1465-55bf-9ee0-911d5a2e3267,bicycle,39.95942,-83.017341,,23.33,True,False,False,0
Veo,631f3e9c-28f6-5fd7-ae27-02351b8c60f3,scooter,39.964289,-82.965546,,23.02,True,False,False,0
Veo,9dc4da24-644c-5390-b32d-5239dfce69ea,bicycle,39.977518,-83.003668,,15.18,True,False,False,0
Veo,cbae3a47-24c1-5c68-b7e2-89181ebd75a2,bicycle,39.935829,-83.11354,,12.87,False,True,False,0
Veo,42356a6c-6870-5182-95ed-da83aeb2a88c,bicycle,40.101609,-83.115518,,19.05,True,False,False,0
Veo,55baf67e-1630-5a23-86de-610fd0e45ca1,bicycle,40.002828,-83.008662,,27.77,True,False,False,0
Veo,90fb5a0a-c8ec-536e-85ba-32632041ead4,bicycle,39.94349,-83.057572,,14.86,True,False,False,0
Veo,a2f0c422-a71d-5568-85d8-a3ed400e85af,bicycle,39.997598,-83.04548,,28.14,True,False,False,0
Veo,7a4dcc8d-5921-5179-95ae-8f2ecc3cfde4,bicycle,39.950135,-83.00016,,28.14,True,False,False,0
Veo,a1ee56e6-2f0f-51b4-bf9e-ad7a60077cf0,bicycle,39.962621,-83.004379,,28.14,True,False,False,0
Veo,bc4bbd23-f3ab-53a8-bba6-b751b61741ca,scooter,39.977939,-83.003539,,23.02,True,False,False,0
Veo,2c652ee1-a4a8-5990-b524-ec15969e0898,scooter,39.986616,-83.004395,,25.65,True,False,False,0
Veo,80007728-8764-58bd-800a-822721b09c6e,bicycle,39.988828,-82.981187,,12.52,True,False,False,0
Veo,c870407d-420e-5d7a-8dd8-2c0e381b728c,bicycle,39.95592,-82.94538,,13.64,True,False,False,0
Veo,c43f0bde-efae-5055-be70-7f364ccd768c,bicycle,40.030189,-82.960658,,25.94,True,False,False,0
Veo,7464c4b2-112a-58d5-832c-9044c0c018e5,bicycle,39.998267,-83.013267,,14.86,True,False,False,0
Veo,9f613235-4f4e-54d4-8d25-39ae9aff2041,scooter,39.947516,-82.997917,,25.34,True,False,False,0
Veo,cde01b9a-b362-580f-b589-e793ee9e04d5,bicycle,39.977273,-83.004509,,15.18,True,False,False,0
Veo,22a554b2-f5ad-50df-902d-a28dc5537f08,bicycle,39.956214,-83.012884,,27.44,True,False,False,0
Veo,2d45cefc-59cb-5cec-bde8-bd1edbe52455,bicycle,39.956027,-83.05361,,4.78,True,False,False,0
Veo,64a80364-ee29-5366-a2f2-2aeffb439a71,bicycle,39.966138,-83.002827,,25.12,True,False,False,0
Veo,f6284869-1a58-5d5c-8dd8-7ee9ce9637ba,scooter,39.99354,-82.981025,,24.06,True,False,False,0
Veo,633e7ee8-5db7-5992-bbef-82f342e447ae,bicycle,39.956197,-83.0111,,27.02,True,False,False,0
Veo,181392c8-1c2d-5c97-a52d-cc2f64bbf911,scooter,39.962079,-83.004097,,25.34,True,False,False,0
Veo,4999615f-10b7-5f4d-a2a5-545730135d5c,bicycle,39.999254,-83.021515,,12.87,True,False,False,0
Veo,2c211ebc-705d-5fb2-b287-4363dc2fff2e,bicycle,39.957418,-83.011469,,28.14,True,False,False,0
Veo,f0ebd4d5-2c01-5163-8926-f607af163cb1,bicycle,39.899054,-82.986658,,18.67,True,False,False,0
Veo,fe928fc2-a615-5a9c-b9ff-d2e85be13cd1,scooter,40.004376,-83.005927,,27.02,True,False,False,0
Veo,28913f5b-0287-5d15-948c-f50a6d526e7a,bicycle,40.018683,-82.97823,,28.14,True,False,False,0
Veo,9f70db3c-6bf5-5de0-be87-7c4ac2796253,bicycle,39.899067,-82.997394,,1.56,True,False,False,0
Veo,374ce568-e29b-5027-930b-7354814e2d74,bicycle,39.993559,-82.981039,,22.7,True,False,False,0
Veo,78b9f1a3-3ae6-55a7-87ac-c264849c7413,scooter,39.995305,-82.996195,,14.86,True,False,False,0
Veo,d056705c-b4ea-5a72-8097-ac29acb0d235,bicycle,40.004422,-83.012459,,25.65,True,False,False,0
Veo,28597153-120c-5770-abfc-fcb5b3079b96,bicycle,40.014588,-82.991887,,26.25,True,False,False,0
Veo,e9f0faa3-daa8-5b2b-a585-c9a6e268102b,bicycle,39.945396,-82.974457,,21.77,True,False,False,0
Veo,595039e6-c521-5ee2-a0fa-f0836ed79ab0,bicycle,40.006333,-83.016563,,24.33,False,True,False,0
Veo,cb5f6e7e-3aa9-5c39-8ea5-1b4ebd1acef5,bicycle,39.958553,-83.002678,,28.14,True,False,False,0
Veo,108a1c82-ee1c-5db9-9e97-398971cd59e1,bicycle,39.954873,-82.99994,,24.06,True,False,False,0
Veo,f005b79a-8153-56ab-a17a-39408b91ccdd,bicycle,39.985512,-82.997321,,20.37,True,False,False,0
Veo,9d058e07-5c1e-5496-9850-2abbb31e431c,bicycle,40.108455,-83.058487,,19.39,True,False,False,0
Veo,0b99c640-27b2-5368-82f1-d965430de971,bicycle,39.999891,-83.01695,,24.33,True,False,False,0
Veo,cc4e1398-1bd0-52c8-ba70-f08350563139,bicycle,40.015192,-83.007088,,28.01,True,False,False,0
Veo,3b2a8894-359c-5bd4-81d6-44213ddc1fbc,bicycle,39.973577,-82.974682,,25.65,True,False,False,0
Veo,11e92beb-a17b-593f-9dee-2f92d176d4bd,bicycle,39.968918,-83.003961,,28.14,True,False,False,0
Veo,ba107c06-b988-584c-99d6-62b0bf3b4086,scooter,40.012226,-82.968934,,27.02,True,False,False,0
Veo,966fce54-427f-5e73-b8ea-b935b663f7fa,bicycle,39.998732,-83.011427,,27.44,False,True,False,0
Veo,ce5ee492-9e2e-5f4a-aa2b-3ff08b6c4b29,bicycle,39.955827,-83.003142,,17.89,True,False,False,0
Veo,b2f29d49-d59e-56cd-876f-c324adbc8ae1,bicycle,39.936815,-82.950726,,15.45,True,False,False,0
Veo,98c060f5-ef3d-5e3d-825c-f24c30c8c299,bicycle,39.996049,-83.010602,,25.65,True,False,False,0
Veo,2c16b33d-4a31-568a-a448-f9039595b315,bicycle,39.999786,-83.016174,,26.25,True,False,False,0
Veo,4216d73b-e00a-5c55-a6bc-d27aacb2a033,bicycle,40.075396,-83.018551,,24.84,True,False,False,0
Veo,8d7520ef-2ba8-5cfb-a245-8172f78980ec,bicycle,40.011841,-82.975249,,14.43,True,False,False,0
Veo,f9223c04-1e04-5132-a015-c8a31f8cc035,bicycle,39.959211,-83.001664,,27.77,True,False,False,0
Veo,533d1ee7-c452-5281-a6d9-543c1bc08aa6,bicycle,40.003699,-83.012943,,26.78,True,False,False,0
Veo,23a561d9-4169-5525-a671-4e21dabc5923,bicycle,39.96211,-82.981284,,28.14,True,False,False,0
Veo,91fc3301-5ea4-582d-bab4-e40490c78329,bicycle,40.029303,-82.96066,,25.65,True,False,False,0
Veo,f0b88f25-67fb-58a6-bd80-9025ce3ed089,bicycle,39.956038,-83.053607,,14.17,True,False,False,0
Veo,005d9e20-b93f-57d2-a487-8d651ce6eff0,bicycle,39.95601269882172,-82.9452923219651,,0.0,True,False,False,0
Veo,363b83e1-b0e8-597e-bf17-5ae3d914d614,scooter,39.978905,-83.004112,,14.43,True,False,False,0
Veo,04fadac0-c937-5e7d-91b0-4fda559e65cd,scooter,39.963066,-82.987004,,24.06,True,False,False,0
Veo,1e824df1-624b-5a33-83db-d10786000cc1,scooter,40.004557,-83.00985,,25.74,True,False,False,0
Veo,ae03df17-41a4-57c5-a237-3ffbd1c361bf,scooter,39.993140000000004,-82.98224333333334,,28.14,False,False,True,0
Veo,4e229ee5-b30e-5825-83a2-10eaa55a0cda,scooter,39.955038,-82.998169,,8.78,True,False,False,0
Veo,84b05807-1d5c-569b-b458-6290371a34fe,scooter,39.976002,-83.003347,,27.02,True,False,False,0
Veo,14ac684f-3995-5a06-ba23-a1cd0c712dd6,scooter,40.106838,-83.09595,,26.25,True,False,False,0
Veo,2e6ac3fe-1b97-573d-be93-fae073ce9c73,scooter,39.999626,-83.009611,,25.94,True,False,False,0
Veo,4d787991-c1a3-5874-82df-0903d6875b89,scooter,40.002006,-83.011795,,11.83,True,False,False,0
Veo,683009fd-8146-504b-a3a7-e5003a8e3c4e,scooter,40.000893,-83.018408,,27.44,True,False,False,0
Veo,bdb1a054-d2b8-5279-b770-ab55e27e545f,scooter,39.963164,-83.018291,,4.67,True,False,False,0
Veo,1e8fce38-205a-5f1c-81c6-d5741cfca670,scooter,40.052963,-83.042675,,2.79,True,False,False,0
Veo,9874a190-5077-5d84-aecb-e73438b48b33,scooter,39.957535,-83.011376,,28.14,True,False,False,0
Veo,a08ca9aa-f5d2-551a-93a2-d9ea395cf78c,scooter,40.007615,-82.941132,,5.83,True,False,False,0
Veo,4184bdfc-e727-5bf5-960a-bc7eba6010c0,scooter,40.004729,-83.017856,,12.63,True,False,False,0
Veo,25d88f7b-87a3-587a-a096-2857d9f89ed2,scooter,39.962068,-83.003678,,28.14,True,False,False,0
Veo,fad036d9-c0e3-5aaf-a405-62f691837063,scooter,40.003622,-83.008839,,28.14,False,True,False,0
Veo,a73bd2a3-4a84-58d4-a7ec-2892960d7b93,scooter,39.953045,-82.958831,,28.14,True,False,False,0
Veo,a41bb6bd-d307-5561-928f-78683629a722,scooter,39.934977,-82.992864,,6.67,True,False,False,0
Veo,c78947a6-67b8-5308-8f70-b07f631f46c1,scooter,39.958579,-83.002634,,11.34,True,False,False,0
Veo,94e2b37c-3220-504d-a031-206e8158eb4e,scooter,39.969275,-83.009319,,28.14,True,False,False,0
Veo,c8584afd-c9c9-50cc-a624-0bbabf095baa,scooter,39.995861,-83.014559,,25.74,True,False,False,0
Veo,dfd87507-d5fa-5161-b360-78bb44b49530,scooter,40.001849,-83.012677,,28.14,True,False,False,0
Veo,f2f07e51-e0e3-50b6-80fd-fb1c110d8129,scooter,39.968802,-83.003913,,28.14,True,False,False,0
Veo,63e9488a-5624-51bf-a2cd-afeb05d75c07,scooter,39.991949,-83.006408,,16.39,True,False,False,0
Veo,1ae9f7ce-79d1-5f21-935b-3fd04f3a38fe,scooter,39.95742,-83.011368,,28.14,True,False,False,0
Veo,9b22f92a-1f06-540e-941b-d6f1793ee3cb,scooter,39.975704,-83.003313,,13.1,True,False,False,0
Veo,624fe007-a080-54ae-91e1-6574a99da63b,scooter,40.001954,-83.01529,,25.34,True,False,False,0
Veo,ca2a18c2-11ca-5f06-a094-335ff4648008,scooter,39.995027,-83.006861,,8.78,True,False,False,0
Veo,bd63fca5-7748-5c22-b449-308cbc27d35d,scooter,39.936584,-82.970984,,24.33,True,False,False,0
Veo,62bf3f30-ff43-56e9-8ca1-e8cbdbcbab09,scooter,40.001582,-83.009428,,0.33,True,False,False,0
Veo,c096e40f-9166-5f0f-81a5-8e811354f2a1,scooter,39.944117,-82.994451,,28.14,True,False,False,0
Veo,cc9faa79-0f83-5fd6-9b99-bd85bfed96ee,scooter,40.004687,-83.009801,,28.14,True,False,False,0
Veo,cd5904e7-fc52-579d-a2d2-cb75d35fcc45,scooter,39.994162,-83.005721,,13.39,True,False,False,0
Veo,961dc2d9-db70-5244-b587-4640130f21a2,scooter,39.934995,-82.99282,,28.14,True,False,False,0
Veo,42530d71-5160-5f95-9668-300e67ff35ec,scooter,40.000188,-83.016442,,19.78,True,False,False,0
Veo,062891d7-6636-53bc-9c2f-4042dfe82832,scooter,39.947633,-82.993474,,25.94,True,False,False,0
Veo,21f11dc2-015d-5241-9293-989f4e321935,scooter,39.991129,-83.001104,,14.86,True,False,False,0
Veo,d9322a10-31a5-50ed-96ef-4fefaa4f9a51,scooter,40.082347,-82.951547,,28.14,True,False,False,0
Veo,526dd023-2252-5a88-b2f6-9a3dc17b51ef,scooter,40.006242,-83.012502,,13.86,True,False,False,0
Veo,08a059ba-df4c-59c1-a367-1b4ec629a59c,scooter,39.963968,-82.998483,,25.74,True,False,False,0
Veo,ca834deb-e3ac-50c5-b64b-5d2b4c667a11,scooter,39.96603,-83.003129,,23.02,False,False,True,0
Veo,cb2e3b1d-f90c-5be4-bee9-0258ae149e03,scooter,40.003939,-83.005579,,10.79,True,False,False,0
Veo,72016db1-4dcc-573a-b5a6-87e0045727cc,scooter,40.000725,-83.015163,,12.07,True,False,False,0
Veo,9fb0e3fb-3c74-54b3-ab60-3c724c55ef13,scooter,40.003883,-83.008846,,11.11,True,False,False,0
Veo,efd431ef-9c7b-59cc-aad7-2c19bbdb5864,scooter,39.988781,-83.032845,,25.94,True,False,False,0
Veo,07edac45-e2b6-52e9-979d-c7fc9a3de800,scooter,39.995556,-83.040607,,19.39,True,False,False,0
Veo,a135b212-2644-5f27-a516-c23f930ebef1,scooter,39.958808,-83.01263,,28.14,True,False,False,0
Veo,f8665ee7-6580-531b-b3b3-864c89496987,scooter,40.013506,-83.028163,,25.12,True,False,False,0
Veo,d93d65d7-bfbd-532b-902b-24e879d65640,scooter,39.951726,-83.024284,,14.17,True,False,False,0
Veo,8582eb71-8b48-5687-8d00-8ab76245374e,scooter,39.944189,-82.994665,,19.39,True,False,False,0
Veo,d90e1ba0-0c30-5a55-8172-8d9062caebf2,scooter,39.936821,-82.994602,,14.86,True,False,False,0
Veo,d3daf731-36fc-5a15-9150-601340f76d7c,scooter,39.962757,-83.004418,,26.78,True,False,False,0
Veo,5162744f-4007-58ae-b1e8-8d75911ba980,scooter,39.999896,-83.00494,,27.02,True,False,False,0
Veo,adb62b32-d724-5b5e-871c-cff9bef26f3e,scooter,39.940791,-82.98379,,28.14,True,False,False,0
Veo,4ce4e76f-2a76-5179-b536-2a3dad742eb8,scooter,39.996992,-82.975168,,28.14,True,False,False,0
Veo,9a773b1b-55eb-5f73-be2c-67ad5ddd20e1,scooter,39.957365,-83.011375,,26.25,True,False,False,0
Veo,c97e2395-78af-5247-87a6-e47ffe11ae81,scooter,40.015171,-82.979387,,27.02,True,False,False,0
Veo,40666c6a-37b2-5acb-8d2e-4dc66e2f88d7,scooter,39.97531,-83.003245,,28.14,True,False,False,0
Veo,b97c8536-e7b9-5360-bd6e-f1c9e6dae2d2,scooter,40.016977,-82.978373,,15.18,True,False,False,0
Veo,b30f08c0-8128-5f6b-9f50-4d9a052213a7,scooter,39.97400504143289,-82.97935550527527,,22.7,True,False,False,0
Veo,f842981e-c400-537b-bba7-b3b32b067d99,scooter,40.000628,-83.004764,,11.34,True,False,False,0
Veo,5f811bf2-48aa-57b6-9efd-e4364303909b,scooter,39.996836,-83.013524,,24.84,True,False,False,0
Veo,ce71c239-76f3-5a8c-b6ab-43426db53663,scooter,40.004129,-83.014961,,22.05,True,False,False,0
Veo,5ef44edc-e3d5-520a-bc38-c39533ceecf5,scooter,40.00292,-83.013925,,14.86,True,False,False,0
Veo,f2963a68-4e3f-5b55-bfe4-93a26de1a999,scooter,40.00735,-83.008744,,28.14,True,False,False,0
Veo,aef4e3cc-a85d-51e4-9f51-028a3c80a23f,scooter,40.017038,-82.978369,,19.78,True,False,False,0
Veo,54674279-b45a-5e37-9865-c07e1257d428,scooter,39.996003,-83.009707,,25.94,True,False,False,0
Veo,75312db5-9981-5b89-8d05-e5dc714b1ff3,scooter,39.975617,-83.003381,,28.14,True,False,False,0
Veo,177ffc8d-b991-5249-afcc-a454181e1b66,scooter,39.956108,-83.053591,,12.63,True,False,False,0
Veo,5f11d835-e5f5-5225-909e-a9e1b8f9bc15,scooter,40.004109,-83.013168,,19.05,True,False,False,0
Veo,56e285c3-1692-5a6f-92a4-b18298fdaed6,scooter,39.936055,-82.995845,,8.09,True,False,False,0
Veo,4b214163-9418-568c-91a1-16da26966d09,scooter,39.976719,-83.000557,,14.17,True,False,False,0
Veo,5a3be5c6-7532-5347-a3f8-6e6e757d982f,scooter,39.984979,-83.027577,,12.63,True,False,False,0
Veo,a9cbc0f5-774e-5ac2-9c18-1e8c22a22377,scooter,40.004887,-83.018673,,28.14,True,False,False,0
Veo,0f2663dc-a73c-5fbf-9998-8283881c69b8,scooter,39.96153,-82.997728,,14.43,True,False,False,0
Veo,a850b0fe-d14a-5204-837d-ba09fa2465b7,scooter,40.014561,-82.982863,,28.14,True,False,False,0
Veo,5d66e657-533d-5bd9-8652-6c9e6bac8e69,scooter,39.957379,-83.011426,,28.14,False,True,False,0
Veo,fffc004b-5bfe-5560-ade7-f64aa045db36,scooter,40.023807,-83.031583,,28.14,False,True,False,0
Veo,d49cc82e-8b4a-54e2-96d1-6add38223c2f,scooter,39.998761,-83.038479,,28.14,True,False,False,0
Veo,4be33a9c-258d-57be-b252-a146359c508e,scooter,40.022295,-83.01337,,17.89,True,False,False,0
Veo,b424b0f1-ca2a-5cb5-a0da-f4763db88d06,scooter,39.955516,-83.01682,,11.83,True,False,False,0
Veo,2b344ee5-98a7-5bd4-a616-e3cf5342deb1,bicycle,40.004093,-82.941421,,6.31,True,False,False,0
Veo,19eabd4e-9790-5641-a709-998674bb327b,bicycle,39.96204,-83.004158,,19.78,True,False,False,0
Veo,4b37401f-648c-5245-9dc8-6a2f608c7f08,bicycle,39.967592,-83.004525,,27.44,True,False,False,0
Veo,a6a9068f-4094-5457-aac9-792807ddf87e,bicycle,39.977411,-83.013259,,13.86,True,False,False,0
Veo,a5e9106f-e9f1-5e4d-85c8-a6d30b195aaf,bicycle,39.984003,-83.000753,,4.78,True,False,False,0
Veo,45ec3766-83f1-5d53-943d-d8635ad53df4,bicycle,40.032324,-82.978027,,28.14,True,False,False,0
Veo,8b1585fa-6a83-5bc5-b1fe-e147feb6fb50,bicycle,39.908571,-83.045351,,13.1,True,False,False,0
Veo,348eb412-6af0-52f1-ac21-aa6e606dd5d6,bicycle,39.999896,-83.005877,,25.12,True,False,False,0
Veo,c21aa484-dee8-53c1-b196-d47ad4d0b498,bicycle,39.967846,-83.008739,,18.19,True,False,False,0
Veo,83a481d8-b125-5311-9fbd-14af7e45b897,bicycle,39.955799,-83.003085,,27.18,True,False,False,0
Veo,cebda8eb-8fa7-5262-89aa-3c0a3771391d,bicycle,40.101104,-83.108936,,26.78,True,False,False,0
Veo,25b2eda6-d0dc-5468-9abe-d7a7e88b7f4b,bicycle,40.002634,-83.003291,,14.43,True,False,False,0
Veo,9e29911e-91e7-54ac-b100-ff0bf29c7c93,bicycle,39.993486,-82.981058,,14.43,True,False,False,0
Veo,ce3c0670-300f-55e9-aa17-f4f4232d28a2,bicycle,39.969377,-83.009402,,27.44,True,False,False,0
Veo,f94d7f20-c033-5d12-8168-886dabde011c,bicycle,40.001253,-83.003779,,21.49,True,False,False,0
Veo,15878578-6850-5575-b47c-a65be2448605,bicycle,39.964899,-82.976164,,27.44,True,False,False,0
Veo,f07f55e5-fa0c-5049-9364-1e1392f8c7a9,bicycle,39.952798,-82.9567,,13.64,True,False,False,0
Veo,6e905100-5021-5dac-b2e4-7154922b05ef,bicycle,39.950103,-83.000231,,28.14,True,False,False,0
Veo,42e129e4-30d9-5de1-bda5-52f1a9a70aa2,bicycle,39.955795,-83.003067,,28.14,True,False,False,0
Veo,87d6979b-0289-5ef5-8346-c0c1e7c49a54,bicycle,40.000269,-83.01789,,21.77,True,False,False,0
Veo,98f93a5f-7be5-5394-94f0-e03b9fc3bf76,bicycle,39.956464,-82.993969,,26.25,True,False,False,0
Veo,266c52af-5986-5114-acda-35c90f9f412e,bicycle,39.962072,-83.004124,,5.83,True,False,False,0
Veo,e0e7364b-020b-5849-8bd7-4c108930abfc,bicycle,39.986422,-83.020798,,21.49,True,False,False,0
Veo,f6315383-269a-5c18-8056-7819a05ebc02,bicycle,39.996945,-83.019632,,11.83,True,False,False,0
Veo,3c3ec4c0-5250-5968-a134-7e62b773eaf0,bicycle,39.957976,-83.001682,,15.45,True,False,False,0
Veo,12a60101-e1bd-521b-8f69-edb4d0fef264,bicycle,40.102042,-83.089745,,6.98,True,False,False,0
Veo,01e66118-2663-587b-b676-d138a6665c7f,bicycle,39.955747,-83.003078,,28.14,True,False,False,0
Veo,7d162e82-a795-5346-bc87-6e013913f171,bicycle,40.017032,-82.978384,,26.78,True,False,False,0
Veo,705097fb-c1c0-55ff-a150-a88e08dda8d7,bicycle,39.957004,-82.99951,,14.86,True,False,False,0
Veo,302ffbb3-1215-53e5-9b72-eced2a8de0c2,bicycle,40.003928,-83.013029,,7.29,True,False,False,0
Veo,016a3c03-b44f-5348-a6a1-4d545ebbf4d6,bicycle,39.957656,-83.003503,,26.78,True,False,False,0
Veo,9cd4ecb7-85ef-54f2-99f3-5caff1f9a681,bicycle,39.968336,-82.994431,,1.15,True,False,False,0
Veo,ebca4f1c-e774-5e14-8e19-8492df509b1e,bicycle,40.0192,-82.977828,,26.25,True,False,False,0
Veo,8379e35b-e49c-5cfa-8205-e3eca1766a40,bicycle,39.970569,-82.927658,,10.31,True,False,False,0
Veo,e1afdb23-92d9-5eae-900e-3e95c8167bae,bicycle,39.965027,-83.011508,,27.44,True,False,False,0
Veo,83cbee15-4316-587b-862d-96ec8233c6cb,bicycle,39.998115,-83.009444,,13.86,True,False,False,0
Veo,7f37b0b4-5a9b-5f8e-9ddb-04c9f1f586ea,bicycle,39.995554,-83.011035,,14.61,True,False,False,0
Veo,9de468ff-d0fe-5b17-8716-fd33d0d3a422,bicycle,40.082265,-82.951563,,28.14,True,False,False,0
Veo,23a54fc2-77a9-5098-923a-d438cd7191ed,bicycle,39.998102,-83.009558,,11.83,True,False,False,0
Veo,e34258bc-4747-5e8d-ac22-955248b689e5,bicycle,39.988357,-83.013334,,2.55,True,False,False,0
Veo,433c535f-0608-5beb-9b93-e4fc690f737b,bicycle,40.01414,-82.974738,,12.52,False,False,True,0
Veo,0c81f756-5b51-5632-b6ae-864db4318af4,bicycle,39.969408,-83.00934,,15.45,True,False,False,0
Veo,0f1e78ad-0615-5d8f-8db5-2b3061572695,bicycle,40.032687,-82.991472,,28.14,True,False,False,0
Veo,c61e90e3-bfa1-5a66-a45f-5c556a628ec9,bicycle,40.000858,-83.01416,,26.25,True,False,False,0
Veo,17a1fb56-cd76-5cfc-a4cb-8d4b2e5c0d2c,bicycle,39.99641,-83.01199,,26.78,True,False,False,0
Veo,ae9e0daf-fd83-5544-9c52-e70112d07538,bicycle,39.967988,-83.01001,,26.51,True,False,False,0
Veo,8bd2434e-9aa3-5ad4-b2c9-ba372a9c462e,bicycle,39.968606,-83.003877,,27.18,True,False,False,0
Veo,7944b154-262f-5280-bddc-c177e5b3513b,bicycle,39.963445,-82.955471,,1.83,True,False,False,0
Veo,9fb422b4-5a96-59ec-b9d7-5a239f47d024,bicycle,40.005647,-83.011565,,8.43,True,False,False,0
Veo,f55f6fe7-fcb4-5bcf-b8f0-dc6b1de1f117,bicycle,40.003967,-83.017861,,14.17,True,False,False,0
Veo,f916948e-039f-54c8-9ae1-d20df1e865f0,bicycle,39.925894,-82.988314,,14.86,True,False,False,0
Veo,b295d485-88e8-5435-8244-d9c0682d6347,bicycle,39.979762,-83.01013,,17.89,True,False,False,0
Veo,6b61a794-b333-50fe-a59f-bba322b4f68e,bicycle,40.032697,-82.991437,,14.61,True,False,False,0
Veo,c4869d8f-be48-5cb6-aa8a-d117bff0ed5d,bicycle,40.023207,-82.97638,,4.67,True,False,False,0
Veo,db6e524c-74a9-54d8-a672-f5b31a0d9e71,bicycle,39.977887,-83.010541,,9.65,True,False,False,0
Veo,293499dd-535d-511d-9f12-e38baa02eb3a,bicycle,40.023609,-83.030374,,15.89,True,False,False,0
Veo,8660bb92-f553-54e9-be42-ed1295416327,bicycle,39.945718,-83.063748,,28.14,True,False,False,0
Veo,2f1c4034-0830-58aa-ac58-fd34bba67f5b,bicycle,40.004402,-83.016988,,6.67,True,False,False,0
Veo,d43a88da-8f77-5b13-bc5c-f355b9c04ecd,bicycle,39.963047,-83.004248,,14.86,True,False,False,0
Veo,669de1e3-eb06-59e4-9605-49f2d4b50a4d,bicycle,40.001261,-83.003842,,18.67,True,False,False,0
Veo,fac72a37-ff30-5732-bc2d-d4fa09b6bc61,bicycle,40.032715,-82.991452,,15.45,True,False,False,0
Veo,9c9e8b78-d19b-57f0-a95f-f39df023e903,bicycle,40.005711,-83.01163,,14.43,True,False,False,0
Veo,117871d4-3f9a-5df6-8dad-481db85292a8,bicycle,39.955763,-83.00312,,26.78,True,False,False,0
Veo,f0e1bebd-ac7c-54c4-8a11-5840acc8ac18,bicycle,40.004019,-83.014728,,15.45,True,False,False,0
Veo,9f4ea101-8959-59d1-aafb-1382bce39c20,bicycle,40.003079,-83.008131,,11.59,True,False,False,0
Veo,e33c1abc-c238-5330-aedf-5d02d659ed21,bicycle,39.945841,-83.034922,,24.33,True,False,False,0
Veo,81c126ab-4f65-5d76-97a3-8fa3ae6c8e94,bicycle,39.944249,-82.994228,,22.7,True,False,False,0
Veo,e9431d77-1803-51cd-a912-bbfba4d7fd23,bicycle,39.95178,-83.000395,,10.79,True,False,False,0
Veo,4d1104ab-f85d-5fd7-851a-76b7415bdfc4,bicycle,39.959132,-83.00892,,28.14,True,False,False,0
Veo,0f141fb8-e14c-5445-849d-47b4758f25b0,scooter,39.957799,-83.024362,,20.05,True,False,False,0
Veo,c5a1cf87-32a4-54bf-9c6a-c5910a025bc7,bicycle,40.002081,-83.012024,,25.65,True,False,False,0
Veo,7a9ded95-3029-50fb-9517-9293bedb0bd7,bicycle,40.023020596381116,-83.08552829639605,,21.49,True,False,False,0
Veo,3d0dfc71-6be4-5cc0-b07a-c92f9a13a350,bicycle,39.981164,-82.924272,,14.17,True,False,False,0
Veo,f2523ba1-2ccb-5fb8-8382-8958560b6767,bicycle,40.095768,-82.982057,,12.28,True,False,False,0
Veo,fb8dc724-9556-5a67-9263-0ce0cb327210,bicycle,39.990259,-82.994951,,16.39,True,False,False,0
Veo,07519f94-d5a6-52cf-bd29-b03ebff143c3,scooter,39.967148,-82.999789,,11.34,True,False,False,0
Veo,265502ea-5f70-5fa8-9699-fa560343dd4b,bicycle,39.95602728333324,-82.94522057287395,,0.0,True,False,False,0
Veo,df2776ce-c9f0-5c84-a88e-7c74b805fa49,bicycle,39.991163,-83.014677,,25.74,True,False,False,0
Veo,2d3a5556-52c3-5688-aced-b750db498223,bicycle,39.925757,-83.015709,,4.92,True,False,False,0
Veo,53da4e79-b96c-56bd-9755-873dbdf3911e,bicycle,40.017036,-82.978421,,28.14,True,False,False,0
Veo,d8137cd7-ae1d-5d41-8cb0-da38a3b77636,scooter,40.022354,-83.013241,,21.49,True,False,False,0
Veo,5f48e834-5184-53e1-9e7b-3466e48a745e,bicycle,39.998018,-83.009663,,13.39,True,False,False,0
Veo,df70f839-7a84-55c5-98db-51def403b79d,bicycle,40.006616,-83.014763,,11.83,True,False,False,0
Veo,4c237853-85ab-5de2-a011-2b3455c1aeeb,bicycle,39.985181,-83.005416,,27.77,False,True,False,0
Veo,973ee989-c04d-5f31-aa90-f7fad3861719,bicycle,39.997362,-83.01498,,24.84,True,False,False,0
Veo,9b677467-23b8-53fa-bf22-ff6362c2117d,scooter,39.956177,-82.903156,,9.65,True,False,False,0
Veo,89b8db6c-2bc0-5cdd-a708-7ba80ead19ae,bicycle,39.978554,-83.014476,,22.05,True,False,False,0
Veo,9d524598-b4bc-5479-a521-723ed69f2407,bicycle,39.922588,-83.034488,,25.94,True,False,False,0
Veo,3ecf4688-30a9-5297-829b-bc28898b6a4c,bicycle,39.960546,-83.012792,,13.1,True,False,False,0
Veo,cfaaa719-407b-5b54-a015-ccea090e5cc0,scooter,39.993873,-82.983372,,27.02,True,False,False,0
Veo,e30c21c4-7a6d-54e5-b3cd-bd3cfef5113d,scooter,39.935974,-82.988859,,28.14,True,False,False,0
Veo,7b9e0257-f577-54fd-8d35-56e643b2615e,bicycle,40.003054,-83.013546,,25.34,True,False,False,0
Veo,2979038d-ce50-53ba-a99e-f3bc6251ed5f,bicycle,39.978379,-82.997348,,1.15,True,False,False,0
Veo,8e3a2dcd-91c7-5755-bc05-08bdc34657d0,bicycle,39.95361,-82.994246,,0.33,True,False,False,0
Veo,fe832184-04b2-5662-b8c5-fba617fc06ca,bicycle,39.999303,-83.021523,,27.77,True,False,False,0
Veo,bd7b4bbe-16cc-57bc-ac17-bab511c83ea9,bicycle,39.96939,-83.009357,,27.77,True,False,False,0
Veo,fb8dbb4c-034c-56c2-80c1-b4fdbf74d5a2,bicycle,39.967951,-83.009995,,26.25,True,False,False,0
Veo,ee8f697e-ac1e-5cef-9d36-be95cce71967,bicycle,39.996449999999996,-82.99990333333332,,28.14,True,False,False,0
Veo,5c461643-3bf2-5d15-9f3e-144c6356e938,bicycle,39.939448,-82.998228,,28.01,True,False,False,0
Veo,a9c435ca-e99b-58ba-b108-d277bf4df921,bicycle,40.014742,-82.990244,,1.15,True,False,False,0
Veo,6b4d3889-f1d8-5677-b5b2-b6bf625860d1,bicycle,39.984131,-83.003027,,23.02,True,False,False,0
Veo,51d99271-cacd-59ec-8f64-adb813209e5e,bicycle,40.001296,-83.003794,,6.98,True,False,False,0
Veo,4211806f-2875-5d8e-8c50-c2ce606e306a,bicycle,39.984048,-83.005162,,28.14,True,False,False,0
Veo,d47c74db-fd77-5532-b5d1-580ee01e822b,bicycle,40.000273,-83.017962,,21.77,True,False,False,0
Veo,5466c771-0209-539c-8393-d353ef4393a1,bicycle,39.969398,-83.009426,,28.14,True,False,False,0
Veo,d9a3b751-89df-56dd-84db-ead359405b96,scooter,39.958621,-83.002588,,25.65,True,False,False,0
Veo,bf1dcc01-e3da-58b5-a946-2e77bd0c0384,scooter,40.00154,-83.01056,,22.7,True,False,False,0
Veo,c7d14410-5724-5973-8426-f1d4e108f633,scooter,39.952152,-82.98671,,15.89,True,False,False,0
Veo,4ce394d3-75fc-5936-86d8-d097eee17385,scooter,39.959177,-83.008411,,25.12,True,False,False,0
Veo,6aaaa301-2f68-5ef1-ab3d-769a0c676ed6,scooter,39.997407,-83.01728,,25.34,True,False,False,0
Veo,061c4b18-0477-550f-abc6-173e83595ca1,scooter,40.001594,-82.995847,,8.09,True,False,False,0
Veo,408610a2-4030-58ce-b596-d81e45f0c4a9,scooter,40.004769,-83.010599,,22.7,True,False,False,0
Veo,a796a211-b783-5aa9-85f3-4ad9ae9b56a0,scooter,39.998778,-83.005224,,12.63,True,False,False,0
Veo,bd9b8620-b847-5ccb-93f5-19a0c8c59511,scooter,39.993872,-82.983365,,28.14,True,False,False,0
Veo,c0245df6-3e65-505a-ac7a-035f9a52059d,scooter,39.965914,-83.001409,,11.59,True,False,False,0
Veo,310eb7d9-5c08-51c5-aea3-66c02610cd14,scooter,39.955948,-82.945317,,26.51,False,True,False,0
Veo,3d6e56dd-190a-56fc-8cfc-67e5edc4f041,scooter,40.01567,-83.031978,,6.31,True,False,False,0
Veo,7e91c011-11f3-5fcd-85ad-8fe1b01a1b32,scooter,40.017012,-82.978414,,8.78,True,False,False,0
Veo,daa08a55-f42e-56b4-9f85-b677faa1e778,scooter,39.975239,-83.002876,,8.09,True,False,False,0
Veo,9f90165a-b8cd-55d3-8ba4-b9fea5ff6678,scooter,40.001089,-83.013663,,12.07,True,False,False,0
Veo,35068ac8-0b52-52b2-a934-339b0098f375,scooter,40.006554,-83.024878,,20.78,True,False,False,0
Veo,bbc930e0-67cf-5bbf-b8ad-dfd21b3fa772,scooter,39.995649,-83.014622,,12.63,True,False,False,0
Veo,1617e000-a798-509d-816c-49fcc7525e1d,scooter,39.957391,-83.011338,,28.14,True,False,False,0
Veo,52fb5b24-be47-51b9-95f2-f63843f897de,scooter,39.94261166666667,-83.07200333333334,,12.07,True,False,False,0
Veo,b258958f-14fb-51a4-937e-e2dd9471e0be,scooter,40.011359,-83.028546,,15.89,True,False,False,0
Veo,f3b2c920-a3f2-5f31-9438-8f6785d8c764,scooter,40.016311,-83.030797,,11.83,True,False,False,0
Veo,a000543e-21d1-53f7-a3ba-46adafdcbae9,scooter,39.993871,-82.983379,,19.05,True,False,False,0
Veo,0365773c-3ce6-55a9-a5a0-f08abf4ec0b2,scooter,40.100938,-83.109171,,16.39,True,False,False,0
Veo,5c760ee1-a92b-5259-8223-40372c878c11,scooter,40.00468,-83.00986,,25.74,True,False,False,0
Veo,127f2d35-5f4d-50ed-a705-527c1cb1fbeb,scooter,39.937582,-83.076669,,17.89,True,False,False,0
Veo,dad4dc96-6a7e-55d8-ab01-c5d8a251c3d6,scooter,40.014307,-83.023082,,24.06,True,False,False,0
Veo,00581dd1-17fb-5053-8b37-42f6872b8793,scooter,39.996752,-83.015041,,17.37,True,False,False,0
Veo,47c3e064-0999-5ae0-a999-77089fd0fe20,scooter,39.964365,-83.005948,,26.51,True,False,False,0
Veo,fffe7bf7-92e3-54b0-9f94-7e349e0623c7,scooter,39.954914,-83.001061,,26.51,True,False,False,0
Veo,37451b1a-723c-53fc-acd0-b3eecd89bff8,scooter,39.977965,-83.003626,,28.14,True,False,False,0
Veo,c5e5e9c8-afd1-534e-a70c-e48ff04e2bcd,scooter,39.998837,-83.005183,,28.14,True,False,False,0
Veo,ce418538-c351-5f9f-918e-b170a0d06754,scooter,40.016149,-83.031896,,24.33,True,False,False,0
Veo,eb4ffb97-2c9a-5a9b-abbb-ceca16c01d87,scooter,39.987353,-83.023325,,14.43,True,False,False,0
Veo,26026f1e-7d89-5dff-a9d9-4c0b503f1659,scooter,40.000231,-83.0145,,25.94,True,False,False,0
Veo,93c7033d-cb88-527e-a49a-b61ddb648f2b,scooter,40.031112,-83.026708,,28.14,True,False,False,0
Veo,341ced4c-0425-5a0d-9abf-de0ac93eed45,scooter,39.968092,-83.004253,,28.14,True,False,False,0
Veo,25ec97fe-9907-5eb5-a4f4-8d09d0eaa47c,scooter,40.001934,-83.015445,,15.18,True,False,False,0
Veo,465d15dc-e478-5809-a3b4-10664d78f991,scooter,39.99434,-83.007033,,23.02,True,False,False,0
Veo,5fb0d7e4-9dfe-534b-9b87-74718c95d9dc,scooter,39.963016,-83.004491,,28.14,True,False,False,0
Veo,2087f257-d075-592a-88e6-76e08b83ede4,scooter,40.050661,-82.976537,,14.61,True,False,False,0
Veo,a138cd54-d443-52e2-8573-5a7d96795677,scooter,39.991844,-83.034068,,20.37,True,False,False,0
Veo,be2cd669-d97b-5752-bfb4-ee1ccf918ad9,scooter,39.946402,-83.058562,,23.02,True,False,False,0
Veo,4a112653-6e4a-50d4-a249-f8e3e40b42a4,scooter,39.956417,-82.987786,,10.31,True,False,False,0
Veo,08ca0358-8dd6-5f3f-b3f9-1841fb11b2ee,scooter,39.960798,-83.012698,,28.14,True,False,False,0
Veo,21cadcdc-8165-5058-8af8-12fce7fd91ab,scooter,39.996997,-83.007558,,22.39,True,False,False,0
Veo,5f85d712-cd63-5b3d-a777-88e64a0a40f7,scooter,39.994613,-83.016903,,24.06,True,False,False,0
Veo,93b25400-6c97-57d8-9a67-b0f3df256624,scooter,39.955787,-83.003055,,28.14,True,False,False,0
Veo,3fb0a287-4c06-5eb2-a5f8-ed3abd1ea56d,scooter,39.957825,-83.025004,,24.33,True,False,False,0
Veo,bcfe653f-5156-5f40-aeb6-e725153c30ee,scooter,39.931858,-83.065267,,25.34,True,False,False,0
Veo,c53719b7-5c9b-56c3-8842-5245052426d4,scooter,40.032697,-82.991528,,28.14,True,False,False,0
Veo,ff7610d9-df74-593a-9985-5c27bed5e1b4,scooter,39.945892,-82.967091,,24.84,True,False,False,0
Veo,350d26ce-a584-5ed8-b057-f1189e158ce8,scooter,39.991454,-83.00269,,11.11,True,False,False,0
Veo,884d5c6c-342f-55ae-adc3-3ba2b6f16ce1,scooter,39.998817,-83.004741,,13.86,True,False,False,0
Veo,c43e0535-8ddc-599d-9dc2-94a421bacfe9,scooter,40.001155,-83.00809,,15.45,True,False,False,0
Veo,96fad63c-3d15-502e-b9f6-365738703f65,scooter,40.002966,-83.032639,,25.94,True,False,False,0
Veo,2cc930da-8565-53e6-9c57-17407bfcf4c4,scooter,39.996844,-83.013599,,16.39,True,False,False,0
Veo,eb47cb3b-3610-5276-afd0-fcefa6b04333,scooter,40.002676,-83.032205,,15.45,True,False,False,0
Veo,64eb627c-05f5-58d1-9f1e-886f9e9353e6,scooter,39.95051,-82.998172,,24.84,True,False,False,0
Veo,eb11d400-1cd8-52d4-b6d2-f16da06667aa,scooter,41.726838,-83.548622,,14.61,True,False,False,0
Veo,ee51453d-d898-50c5-80f9-43f9e4fc7057,bicycle,39.966447,-82.999772,,28.14,True,False,False,0
Veo,863ffed5-875e-5306-9fdb-b1e8a10dd73e,bicycle,40.06695,-83.091422,,12.63,True,False,False,0
Veo,dfc58664-6789-5a89-8483-776dc213475c,bicycle,39.99834,-83.016451,,28.14,True,False,False,0
Veo,6dbe6106-9ede-5762-8f07-9db2679ea556,bicycle,40.055543,-83.047666,,12.28,True,False,False,0
Veo,23f631d7-f317-58d2-a30c-14845cb6c435,bicycle,40.000999,-83.00846,,28.14,True,False,False,0
Veo,791140bc-896d-54de-9102-f7ea2437afa1,bicycle,40.006954,-83.040631,,6.07,True,False,False,0
Veo,2eb8225a-f2e0-59bc-8027-6bb05d848164,bicycle,39.968125,-82.996625,,16.39,True,False,False,0
Veo,f55a25af-3f00-53e2-a847-f4f1bc3b25dc,bicycle,39.952218,-83.051389,,9.97,True,False,False,0
Veo,fa567979-a963-5c61-bbe5-377bcd8ee551,bicycle,39.999716,-82.985843,,28.14,True,False,False,0
Veo,952c1ef9-750e-5685-a27b-80290da11f56,bicycle,40.000244,-83.01101,,25.74,True,False,False,0
Veo,367abb31-57ce-5010-8d27-ff220a2e2a3c,bicycle,39.996285,-83.020177,,24.06,True,False,False,0
Veo,2b255e06-3c9e-593e-8623-6eeb51cd2945,bicycle,40.002312,-83.015388,,6.07,True,False,False,0
Veo,dc01caec-d382-5a27-b2c8-66364e762a17,bicycle,40.025554,-83.014643,,1.56,True,False,False,0
Veo,021a1421-4714-515d-bfd9-55aa39cd2b2d,bicycle,39.957404,-83.011287,,27.18,True,False,False,0
Veo,c38b2076-e6ed-5d44-ba51-dfc65597eb8e,bicycle,39.935024,-82.992854,,17.37,True,False,False,0
Veo,f09383e1-8eb8-5cb7-bab4-45c61e9fcd97,bicycle,40.00029,-82.930975,,13.39,True,False,False,0
Veo,822e4b4a-ae5c-5046-86d8-d95a06fad281,bicycle,39.938987,-83.098176,,28.01,True,False,False,0
Veo,be1b09c5-afeb-56b4-ac4e-bf9a568142f2,bicycle,40.004393,-83.021281,,22.7,True,False,False,0
Veo,82437017-5834-58ae-a4bc-e2edfa9dd329,bicycle,39.94686,-83.113485,,28.14,True,False,False,0
Veo,7f183f25-af58-5cd6-b6ed-b379dc092af0,bicycle,39.995311,-83.040579,,24.06,True,False,False,0
Veo,f706e101-3c4c-5c17-8370-f4cf5617e5bd,bicycle,39.970241,-82.955102,,14.17,True,False,False,0
Veo,2138106d-0ea8-5432-9ea3-9be1f1a64213,bicycle,39.998749,-83.003964,,20.78,True,False,False,0
Veo,219743f7-8990-58af-9bf8-419a09c6c5bb,bicycle,39.943392,-82.996303,,25.34,True,False,False,0
Veo,836e2e58-4f25-55d4-a761-ed41cad78a5f,bicycle,40.002796,-83.008472,,28.14,False,True,False,0
Veo,9943d2b3-f71c-5084-a508-47fe9411bfb2,bicycle,39.99388,-82.983353,,14.43,True,False,False,0
Veo,4180f246-b288-58df-a4b6-e36b5bb8ad76,bicycle,40.016872,-82.956376,,26.25,True,False,False,0
Veo,c38eb6bb-f9a0-59d4-a24f-96eada891f5e,bicycle,40.002836,-83.00875,,9.02,True,False,False,0
Veo,6d520ca0-64d7-5f90-a603-ccf9adb8a1c9,bicycle,39.935874,-82.988849,,28.14,True,False,False,0
Veo,bdc7395e-f2f0-5643-ac5d-49924c6de172,bicycle,39.967238,-83.016978,,3.81,True,False,False,0
Veo,bd465eea-49ac-58de-a490-ff9d6f924fc8,bicycle,39.994622,-83.00375,,13.86,True,False,False,0
Veo,619ed13e-0834-5834-a530-1c5909a09a78,bicycle,39.96061,-83.064341,,24.33,True,False,False,0
Veo,75080b3d-6cd5-53a4-ad78-f76473e52288,scooter,40.000201,-83.016548,,24.33,True,False,False,0
Veo,7da18d72-f60b-5748-94ed-430f2a522de1,bicycle,39.99226,-83.014128,,16.84,True,False,False,0
Veo,28db3da2-6682-586a-95c0-12e586ac0359,bicycle,40.00285,-83.002417,,16.84,True,False,False,0
Veo,80b01210-c3c2-53d3-9b7d-4932c6502785,bicycle,40.000215,-83.018038,,8.43,True,False,False,0
Veo,37d20e29-2ca6-5213-b399-c3481c52d014,bicycle,40.023064,-83.017423,,17.37,True,False,False,0
Veo,27c9404d-a62a-5ed5-beb0-a91d7ea0004a,bicycle,39.949592,-83.001138,,24.06,True,False,False,0
Veo,d187a578-7b88-56fd-a67e-42c993378662,bicycle,39.968839,-83.004004,,27.44,True,False,False,0
Veo,c35883b8-d4a7-5632-8c8a-9301644bb1a7,bicycle,39.943592,-83.037546,,28.14,True,False,False,0
Veo,2f53596d-b439-5782-b212-95b3b9e4deec,bicycle,39.957443,-82.999645,,26.25,True,False,False,0
Veo,d0838f35-21f7-51f2-b28d-8393ebaad8bf,bicycle,39.947756,-82.94054,,1.15,True,False,False,0
Veo,2aebe5a8-6c59-541c-a9c2-11c03e1b59aa,bicycle,39.9592,-82.96064,,28.14,True,False,False,0
Veo,8d855486-94bf-555c-ab15-9be0e0d9bb82,bicycle,39.95601269882172,-82.9452923219651,,0.0,True,False,False,0
Veo,881fa06c-34b6-5464-bb3f-1082247bf2f0,bicycle,39.960104,-83.042223,,24.06,True,False,False,0
Veo,566f4552-3986-5df9-a5eb-3a954b283130,bicycle,39.996693,-83.010505,,27.18,True,False,False,0
Veo,0a14e08c-e563-5292-82b5-512ffbe2de37,bicycle,39.934013,-83.089928,,28.14,True,False,False,0
Veo,5b41ec22-296f-5c1b-99f1-365ac96419ed,bicycle,39.99879,-83.010604,,22.39,True,False,False,0
Veo,3d563a68-b027-5550-a3bf-9cbb8dba2e50,bicycle,39.942207,-83.101444,,10.31,True,False,False,0
Veo,79f0f275-30d9-5deb-9102-4ca50a1d02b5,scooter,39.974296,-83.004584,,24.06,True,False,False,0
Veo,61732706-2311-5619-a851-3d55942ecc57,bicycle,39.994083,-83.005704,,23.77,True,False,False,0
Veo,be03f457-7bd1-5634-97c1-576ddecd59e1,bicycle,39.993624,-83.004727,,14.86,True,False,False,0
Veo,7147f2a1-2787-53d0-ac3f-f0455e9c9700,bicycle,39.928522,-82.949971,,13.39,True,False,False,0
Veo,07ce1a24-757f-55c0-88eb-43fec7fdc4bf,bicycle,39.957779,-83.003505,,28.14,True,False,False,0
Veo,b0193000-f433-5a51-8ea6-975ca41885e5,bicycle,40.003922,-83.015645,,13.64,True,False,False,0
Veo,e41d753e-1f58-5818-9820-e0446651825c,bicycle,39.958883,-83.024572,,17.37,True,False,False,0
Veo,27eb8ad0-b80a-507c-8ffd-6cb65eea6cbc,bicycle,39.997228,-83.015056,,13.1,True,False,False,0
Veo,a6a8cf37-9d34-561c-9ac9-0795b56c129c,bicycle,40.00019,-83.017976,,15.89,True,False,False,0
Veo,e5c413d9-520b-5b3f-9a58-c493ca7b3e3f,bicycle,39.946691,-83.045112,,2.55,True,False,False,0
Veo,1724bb68-1d76-565b-b535-eb177a435b6e,scooter,40.000273,-83.017942,,28.01,True,False,False,0
Veo,ca7f3418-7576-57af-b07f-78c05d989158,bicycle,39.968731,-83.004794,,27.18,True,False,False,0
Veo,8295617d-9a8c-5c5b-a9be-b7d310333eb2,bicycle,40.006551,-82.975765,,17.89,True,False,False,0
Veo,11210773-2601-5852-8182-739b4b7c0c08,bicycle,39.947186,-82.961002,,12.87,True,False,False,0
Veo,d201ac15-1656-5cf8-a761-c69dcca0267b,bicycle,39.935107,-83.073817,,12.87,True,False,False,0
Veo,5eaad031-6277-5de4-9763-8b2a266816c3,bicycle,39.999265,-83.021522,,12.52,True,False,False,0
Veo,35556b3a-fa9b-573d-8f1a-f0142a5effa1,bicycle,39.960796,-83.012624,,28.14,True,False,False,0
Veo,4844098a-f5b4-5f30-84c5-fc9d2f2ff733,bicycle,39.965762,-82.972799,,10.51,True,False,False,0
Veo,e56bb9b7-0c17-5648-806e-96a153d4ab01,bicycle,39.968913,-82.961636,,24.84,True,False,False,0
Veo,d15f7a7e-9751-57ca-9f94-1b9429f2eb38,bicycle,39.961071,-83.042912,,3.81,True,False,False,0
Veo,71946d0e-ca12-5a5e-a9bd-b818703f5308,bicycle,39.962078,-83.004148,,27.44,True,False,False,0
Veo,b12e7cfd-01f9-53fd-8e11-8fd3cde4af0d,bicycle,39.980657,-83.016025,,26.51,True,False,False,0
Veo,4b1ff5b6-ceda-5efa-b79c-650c497b3c58,bicycle,40.087405,-82.954115,,10.31,True,False,False,0
Veo,b6491043-cedd-57b0-ac4e-bbd68eada362,bicycle,39.945226,-83.05639,,28.14,True,False,False,0
Veo,cffea13d-3d73-5635-ab53-1e6149c4c060,bicycle,39.998237,-83.015995,,17.37,True,False,False,0
Veo,eac957ad-0a27-5c86-a66f-ab794894ec37,bicycle,39.998007,-83.00935,,27.44,False,False,True,0
Veo,77a9e06d-1eb3-5298-ae0a-80d7181e104a,bicycle,39.967958,-83.010038,,28.14,True,False,False,0
Veo,ba3c068c-784b-566a-b9f8-d93b5f939edb,bicycle,39.992356,-83.045146,,14.61,True,False,False,0
Veo,bbdf43da-d0db-5a15-9339-00853231a7d3,bicycle,40.051313,-82.913356,,27.77,True,False,False,0
Veo,1049aebf-dd00-58aa-a9a1-1dd454fe527d,bicycle,40.005767,-83.011595,,10.31,True,False,False,0
Veo,90205819-0e91-52bb-81b7-82f1e88ef122,bicycle,40.003122,-83.017972,,27.77,True,False,False,0
Veo,50359c00-2ea7-554d-8019-ac55fa23ee6c,bicycle,39.994182,-83.021533,,7.62,True,False,False,0
Veo,5f153a31-9911-5c35-b952-57a06bad682a,bicycle,40.005894,-83.036993,,12.52,True,False,False,0
Veo,91014484-3bb4-5026-9c6c-ee80e0a076b1,bicycle,39.907285,-82.961592,,8.09,True,False,False,0
Veo,36f11c62-d547-5a9d-bd0d-ea2c7c9cbd9d,bicycle,40.085256,-82.969328,,13.1,True,False,False,0
Veo,58579f23-694e-5ee2-bace-29b1969b726d,bicycle,39.963465,-83.011967,,12.87,True,False,False,0
Veo,fa8e9853-64ce-5205-96f9-e238863ef4c4,bicycle,39.957203,-82.98903,,25.74,True,False,False,0
Veo,c0c1f732-cebc-5478-b0ac-c76d128c7f61,bicycle,39.966914,-82.891243,,14.86,True,False,False,0
Veo,68ec082a-cc0f-5bf2-9039-810987b7f8a7,bicycle,39.959173,-83.001917,,22.39,True,False,False,0
Veo,f023aa09-1b35-50ea-a957-2c77ae5ebebe,bicycle,39.970305,-83.108033,,4.92,True,False,False,0
Veo,a4d25a59-8d4c-588c-b3ce-d17db399f575,bicycle,39.953386,-82.923584,,15.89,True,False,False,0
Veo,1f585cd2-3306-5393-8a76-a91591ae4e9b,bicycle,39.994243,-83.005748,,13.39,True,False,False,0
Veo,21b0f3c0-bab4-547e-bf1d-f8c38b745f07,bicycle,40.002027,-83.011746,,24.06,True,False,False,0
Veo,d230fec8-1a1a-57a8-ab20-7838de9d6598,bicycle,39.924699,-82.94299,,13.86,True,False,False,0
Veo,5748c48a-576e-5e83-9809-81e5fbc94f9f,bicycle,40.019622,-82.945766,,24.06,True,False,False,0
Veo,582bf835-5486-58c1-87c6-f098bb73c7a1,bicycle,39.968247,-83.00402,,28.14,True,False,False,0
Veo,fd81e4e8-03fc-5eab-b029-0097ccc10b52,bicycle,39.996203,-83.01871,,25.34,True,False,False,0
Veo,235049c6-2091-5b1e-8405-219b145b4989,bicycle,39.957909,-82.945444,,13.1,True,False,False,0
Veo,9275fb3c-197e-5d27-97c7-16229aeeea16,bicycle,40.016298,-83.030762,,23.02,True,False,False,0
Veo,24ca3f4b-4232-5a2b-b10f-fd01db3ccf91,bicycle,39.996906,-83.010911,,8.09,True,False,False,0
Veo,feeae49e-2b5c-5fdf-b0e5-8af258280211,bicycle,39.955043,-83.018911,,15.18,True,False,False,0
Veo,c2129043-3a76-575f-95c7-413b11680aa4,bicycle,40.004068,-83.012592,,25.65,True,False,False,0
Veo,76c8cb3c-7d0b-55bb-bf27-9c791c8de5e8,bicycle,39.994275,-82.993816,,28.14,True,False,False,0
Veo,ecc89d90-c880-5c21-b63e-e7fffe85e930,bicycle,40.066656,-82.917368,,16.39,True,False,False,0
Veo,3342608f-de50-59b9-8068-f741047bc7d7,bicycle,39.958906,-83.024567,,28.01,True,False,False,0
Veo,01d7844c-6f02-594b-b38d-99e64918fca6,bicycle,40.003885,-83.013016,,18.67,True,False,False,0
Veo,915a2da8-bd75-5f31-af72-b83d8640c30e,bicycle,39.911593,-82.99472,,11.83,True,False,False,0
Veo,31fdc443-8c05-55df-8ed4-8d66f2001991,bicycle,39.993328,-83.007431,,28.14,True,False,False,0
Veo,f8ffb7ad-a866-5f49-a8b0-a5d22fdab2ca,bicycle,40.018657,-82.978235,,27.18,True,False,False,0
Veo,cfaf666c-2920-52f7-b5b8-6c002360610c,bicycle,39.994107,-83.00681,,14.86,True,False,False,0
Veo,c661f41f-4222-5d40-9f58-9de699d5f747,bicycle,39.981142,-83.008195,,23.77,True,False,False,0
Veo,e02c778b-6d3b-5df1-90f5-eb5ba625718c,bicycle,39.962037,-83.004135,,28.14,True,False,False,0
Veo,defe69d1-cecc-58cc-a056-5d23e7a6d46e,bicycle,39.993394,-83.037902,,25.34,True,False,False,0
Veo,eb87bc83-fade-5998-b55d-a086ace26345,bicycle,39.967957,-83.009991,,28.14,True,False,False,0
Veo,93f14f69-d1cc-5682-ab46-c07b2bc16a99,bicycle,39.90617,-83.076857,,25.34,True,False,False,0
Veo,feddbc1f-dfe0-50df-b869-ab287dff3124,bicycle,39.966471,-82.999158,,25.34,True,False,False,0
Veo,0785ba00-fe3e-56e3-a43b-504504d110c8,bicycle,40.007269,-83.026166,,19.05,True,False,False,0
Veo,0e865865-ee2e-5ea7-b554-e8f8f1bdebb8,bicycle,40.054413,-82.973958,,27.77,True,False,False,0
Veo,517d2fc7-5ff1-5033-852b-bfbaa56bc51c,bicycle,39.998112,-83.009466,,25.94,True,False,False,0
Veo,17a5b51e-fea5-5b49-bb21-742de3c53958,bicycle,39.970725,-82.890909,,20.37,True,False,False,0
Veo,24f4310b-dc52-5d22-a287-debf2e3a5dce,bicycle,39.991971,-83.006507,,28.14,True,False,False,0
Veo,b69fcc4c-9d29-5821-81df-acbf2874786c,bicycle,40.009975,-82.972258,,8.43,True,False,False,0
Veo,1fae310d-b132-5a47-bfdc-4511c6d4bb1a,bicycle,39.953958,-83.055178,,27.18,True,False,False,0
Veo,3b12cb2b-805d-54d9-ba1a-41b7ef0ecee3,bicycle,39.925053,-83.057955,,24.33,True,False,False,0
Veo,77af4f0e-bc7c-5503-8115-69eaccb0d6f9,bicycle,39.956151,-83.012703,,27.77,True,False,False,0
Veo,fd5d4469-faea-5747-b2b9-453ded60da2c,bicycle,39.995566,-83.001657,,14.86,True,False,False,0
Veo,7bf004ea-5ce8-5bba-a49e-2e3a29ba8f2f,bicycle,39.949439,-83.041716,,28.01,True,False,False,0
Veo,f0d76671-6dc9-5d9d-9714-40fc56a49fb5,bicycle,39.99994,-83.006123,,8.43,True,False,False,0
Veo,bd44d0c1-e64c-5a7b-9de2-18b5b78f0bd6,bicycle,40.017067,-82.978376,,28.14,True,False,False,0
Veo,60ff6865-64bc-58b3-9b2a-4e75d336251c,bicycle,39.994261,-83.005702,,25.12,True,False,False,0
Veo,4b6aa0d3-4117-596c-8c38-3d9e3cc07aff,bicycle,39.962968,-82.978827,,28.14,True,False,False,0
Veo,417e3641-f2b9-5843-bda2-7c5bda7e29df,bicycle,39.99624,-83.005109,,25.12,True,False,False,0
Veo,dcf846ca-d45a-52ac-afb6-d1c2ea593d00,bicycle,40.093797,-82.987421,,27.77,True,False,False,0
Veo,624881fb-98ef-5959-8481-2c4e5bf99097,bicycle,40.001297,-83.003843,,8.09,True,False,False,0
Veo,9143f0bd-0162-50a1-99af-a6d6f29b4bb0,bicycle,39.958779,-82.999885,,27.77,True,False,False,0
Veo,71d06d6c-a133-56b8-8ec4-0434044ea2d1,bicycle,39.977964,-83.010563,,23.33,True,False,False,0
Veo,1f447bc6-3a4e-576c-b53d-d02b6b4ece5f,bicycle,39.954874,-82.953059,,24.06,True,False,False,0
Veo,7fa4855a-8f38-5728-bfc0-4861742b19e6,bicycle,39.998774,-83.003967,,24.84,True,False,False,0
Veo,5c4c6d52-35fb-5bd4-956d-27cd2f6e7a5a,scooter,40.08121166666667,-82.92323666666668,,18.19,True,False,False,0
Veo,e76ff7e3-81f5-5b75-b5f8-b9c01d89938e,scooter,39.987509,-83.013224,,17.89,True,False,False,0
Veo,3369373c-f6cb-5cd2-87b2-b3abf3763d4b,scooter,40.00353,-83.01787,,0.0,True,False,False,0
Veo,3e4ca566-6c8f-5dcd-a1af-ae7ca83848a9,scooter,39.976817,-82.913537,,25.74,True,False,False,0
Veo,6111dfab-82c5-5dd8-ad66-125133e7f9c1,scooter,39.968654,-83.004144,,28.14,True,False,False,0
Veo,e97f1c1c-47ef-554a-a9ff-f2165ee460f5,scooter,40.012241,-82.97032,,19.05,True,False,False,0
Veo,af0b7380-30e1-5ba7-a745-7385d5805e07,bicycle,40.006119,-82.973047,,19.05,True,False,False,0
Veo,f928932b-71f3-5923-a5f1-21f098719247,scooter,40.012984,-82.995158,,10.51,True,False,False,0
Veo,72aa8f7d-c2b7-52ec-8b1e-3a35f7551ab2,bicycle,40.062969,-83.05307,,0.33,True,False,False,0
Veo,c10fd88e-1c08-5991-bd8f-582676794bd3,bicycle,39.959135,-83.001787,,21.49,True,False,False,0
Veo,a2abf0d2-7956-5936-80bd-2b88b770655e,scooter,40.100751,-83.115326,,28.14,True,False,False,0
Veo,02c5082c-aadc-5f23-91ac-c813f9b73e53,scooter,39.993852,-82.983362,,28.14,True,False,False,0
Veo,e5c59320-e680-5f0a-8d4a-b80e04b022fb,scooter,39.952743,-83.114929,,23.77,True,False,False,0
Veo,591b2a21-9611-5a18-a692-6178f9edadef,scooter,40.001124,-83.012072,,21.15,True,False,False,0
Veo,c90785f3-4938-5829-a71a-8c7e73977aec,scooter,40.018683,-82.975846,,25.12,True,False,False,0
Veo,653488b9-0323-54d1-9ac5-64305c5493e6,scooter,39.959385,-82.99363,,27.44,True,False,False,0
Veo,64ad94e7-a888-53ad-84b3-7b868296f3f9,scooter,39.959848,-82.991702,,27.77,True,False,False,0
Veo,691fb0ad-a092-5911-8e17-a502a3eb7c6d,scooter,39.959237,-82.993676,,22.7,False,False,True,0
Veo,10cab0af-7577-5a0f-868f-c163fb2407c1,scooter,39.983754254284975,-82.99906550496206,,25.65,False,False,True,0
Veo,91bbc9b3-fb5e-5323-a9bd-8cec42eb92b0,scooter,40.004827,-83.01061,,28.14,True,False,False,0
Veo,a23c0e11-174e-5b31-bd6c-5070ede36a02,scooter,40.005634,-83.037734,,25.12,True,False,False,0
Veo,72b6f94b-0e6b-5806-9cc3-38e0e76b51fd,scooter,39.995604,-83.004254,,14.17,False,True,False,0
Veo,be733493-d6d3-5417-a7a6-3c4f66dc4241,scooter,39.99884,-83.016276,,28.14,True,False,False,0
Veo,792f7bad-0a95-5bcb-91e0-d890de3be7ba,scooter,40.003749,-82.977925,,28.01,True,False,False,0
Veo,9984c098-07d5-5811-bc43-1df34fb1444f,scooter,39.959216,-83.009135,,27.44,True,False,False,0
Veo,28849835-101c-56a6-be3a-6b051073c2e2,scooter,39.94877,-83.070607,,27.77,False,True,False,0
Veo,e369a7aa-0ed0-574a-98ef-db060a79f493,scooter,39.965879,-83.001453,,28.14,True,False,False,0
Veo,053b7f0b-a223-5453-8574-a8c5533c39f7,scooter,39.960796,-83.012746,,28.14,True,False,False,0
Veo,670b0a90-2b33-5d93-8769-880d50b725cd,scooter,39.948013,-83.065505,,14.17,True,False,False,0
Veo,96d633ca-a47e-5146-900f-422160787f9e,scooter,40.012396,-83.002441,,11.59,True,False,False,0
Veo,22477105-81a7-53b1-b4bc-c662c5298f7a,scooter,39.996974,-83.014176,,11.83,True,False,False,0
Veo,873dc1e1-f226-5800-8eb9-6dcc67d263a9,scooter,39.963468,-82.955157,,14.17,True,False,False,0
Veo,8d6ef708-6605-55ef-b453-55b99f0d4e12,scooter,40.005032,-83.012944,,28.14,True,False,False,0
Veo,31e7f6dc-cb9c-52cb-9e4b-48b1f7cabc92,scooter,39.965918,-83.001332,,28.14,True,False,False,0
Veo,f51eabb9-5d37-5f8d-ad59-13de4443c663,scooter,40.01694,-82.978385,,28.14,True,False,False,0
Veo,9c5ee942-f822-5a7c-b571-b19605bf6f1a,scooter,39.975963,-83.003323,,12.52,True,False,False,0
Veo,c3f9710a-fb8f-56f0-8e15-d0c8a6730cff,scooter,39.998344,-83.016667,,27.02,True,False,False,0
Veo,0ab349d5-46e0-5276-a6a1-ec2e0b1a5b16,scooter,40.001872,-83.013643,,25.34,True,False,False,0
Veo,4386772e-f89a-5348-acaf-163e2c74eccb,scooter,40.015319,-82.993124,,18.67,True,False,False,0
Veo,c631c174-4c12-5fb9-95df-35c7794374bf,scooter,40.026935,-83.026761,,22.7,True,False,False,0
Veo,757e7024-3df3-58b1-a041-a9dad0354aae,scooter,40.000053355811545,-83.0081727421157,,21.77,False,True,True,0
Veo,f432830b-4321-5276-8aab-9accffd78f3a,scooter,39.938085,-83.01458,,11.83,True,False,False,0
Veo,d624c615-e0e7-5f70-a4fa-be75c19831df,scooter,40.08211,-82.951612,,7.29,True,False,False,0
Veo,6eed959d-32ca-59c6-9728-a81df90a788c,scooter,39.941993,-82.994954,,28.14,True,False,False,0
Veo,949dde95-5d2b-5084-b308-c6cb507a58f4,scooter,40.003748,-83.012855,,26.78,True,False,False,0
Veo,ac0e8237-cef7-50ec-a141-16d5b1c214d9,scooter,40.038639,-82.962142,,25.34,True,False,False,0
Veo,bd96096d-ddf2-5dad-8221-425a92d3a2bf,scooter,40.002093,-83.01202,,25.12,True,False,False,0
Veo,8c2bb410-8bd4-5dfe-bb21-3cbdea7619a8,scooter,39.996065,-83.002072,,14.86,True,False,False,0
Veo,8616b824-a6dc-5485-8db5-0e459923fef5,scooter,40.096453,-82.925837,,28.01,True,False,False,0
Veo,7c05cb86-b0ff-5370-9140-17873689a007,scooter,40.023579,-83.03038,,21.49,True,False,False,0
Veo,b55d6811-09c7-5ca5-95b5-76111693d8ea,bicycle,40.005183,-83.009533,,28.01,False,True,False,0
Veo,60cdac0e-b493-5724-839b-4c526c8a6e36,scooter,39.95863,-83.002561,,28.14,True,False,False,0
Veo,42597bd1-c366-5ae7-8574-a9e95e3d233c,scooter,39.981941,-83.005722,,20.37,True,False,False,0
Veo,96627795-273c-563b-9c5b-14dea6a44f76,scooter,39.934548,-82.965174,,11.83,True,False,False,0
Veo,872d7012-44c2-5d13-8568-17177e4b6bde,bicycle,40.016744,-82.990227,,27.18,True,False,False,0
Veo,b18383fe-39d1-59ff-8af2-1e90f0c7e1f2,scooter,39.992008,-83.006516,,14.86,True,False,False,0
Veo,9d8e62a8-1918-587e-ac7c-59da2f0fe8d2,scooter,39.958911,-82.960587,,9.65,True,False,False,0
Veo,e9bc19ce-65f9-5473-86f3-cb34968ddf71,scooter,39.968263,-83.003875,,26.25,True,False,False,0
Veo,b7cfdbd9-be95-5841-814e-a3e39fe7a4d2,bicycle,39.966228,-82.975093,,28.14,True,False,False,0
Veo,a632c8da-4436-5928-9398-f816140a0a86,bicycle,40.049699,-82.948518,,9.29,True,False,False,0
Veo,48f99e74-66aa-54b6-86db-067d09ddba15,scooter,39.994174,-83.012281,,7.62,True,False,False,0
Veo,e6798e94-46ad-5da1-b1eb-ea9e8ac2f636,scooter,39.957114,-83.007959,,28.14,True,False,False,0
Veo,e7cde294-b93a-5035-933a-ebac28ca4d26,scooter,39.996247,-83.007153,,25.94,True,False,False,0
Veo,bc01922c-3e26-52d9-a23d-827bf6654ae3,scooter,39.99906,-83.016946,,28.14,True,False,False,0
Veo,11292f31-c736-5ae3-abf6-6c26a714b3a6,scooter,39.977957,-83.003635,,10.31,True,False,False,0
Veo,d0ca6b4c-c1e0-597f-ba79-dcbbfc19784a,scooter,39.954535,-83.11283,,11.11,True,False,False,0
Veo,0e503a82-4413-5349-9de9-73f3ebc2a98a,scooter,39.991646,-83.014615,,10.79,True,False,False,0
Veo,f65692bc-6426-543c-8e0c-2f2f1c0ea036,scooter,39.95737,-83.01135,,28.14,True,False,False,0
Veo,1995186f-745c-5c06-ac3b-2cf27c8105f1,scooter,39.986872,-83.009419,,24.84,True,False,False,0
Veo,47517649-14ec-5a80-8927-d7bc76667de8,scooter,39.998267,-83.016968,,14.17,True,False,False,0
Veo,55234399-4428-51e1-99c7-7904d6d91ebe,scooter,39.948237,-82.997788,,27.77,True,False,False,0
Veo,319a8150-6308-56dd-a459-4494fc089391,scooter,39.968173,-83.009484,,24.33,True,False,False,0
Veo,700a1bf9-3258-5052-aa69-68bbb24e4994,scooter,40.002679,-83.015576,,26.78,True,False,False,0
Veo,ec1e8fee-489e-585e-935f-cae3112712f6,scooter,39.955968,-82.999511,,24.06,True,False,False,0
Veo,56057eec-0784-5c45-a5a5-ea74c8af98ac,scooter,39.982579,-83.003611,,22.7,True,False,False,0
Veo,716dbd92-ab68-525d-801f-7cc0491d309f,scooter,39.978176,-83.017058,,28.14,True,False,False,0
Veo,a759b336-5e68-5292-9857-f7a18dfe1830,scooter,39.973829,-83.002753,,22.39,True,False,False,0
Veo,3d60969b-c364-5aae-92ca-6fce3167972a,scooter,39.93594,-82.988823,,26.51,True,False,False,0
Veo,700d9b66-48fd-5808-bf92-43dc3a0ccb6b,scooter,39.947032,-83.054718,,10.31,True,False,False,0
Veo,54a7e326-6097-5c4e-82cf-43ccddbf5344,scooter,39.946563,-83.054762,,7.62,True,False,False,0
Veo,387ebc0a-bcfc-5756-9930-d2b7cd37d903,scooter,39.934749,-82.975571,,27.44,True,False,False,0
Veo,0884b30d-8df0-5dcc-83bc-e6e177fd8c4e,scooter,39.998062,-83.009467,,12.07,True,False,False,0
Veo,5cdcf601-7ce3-5d42-b436-1136b38a5592,scooter,39.957724,-83.003532,,13.86,True,False,False,0
Veo,fb5b5337-7c6f-500e-ad59-bfb4f6775b17,scooter,40.009252,-82.977091,,18.67,True,False,False,0
Veo,beb681a7-5942-592f-8082-2c231866c357,scooter,40.085321,-82.970187,,15.45,True,False,False,0
Veo,106df7d8-f5f3-578b-bebb-007be5673d4d,scooter,40.006401,-83.023098,,12.28,True,False,False,0
Veo,6858c610-64ee-5b3e-85f1-0796a833719d,scooter,39.958862,-83.008398,,23.33,True,False,False,0
Veo,92b77eb1-e7c0-5ea9-926d-c0c2286a4d2a,scooter,40.01699,-82.978356,,25.94,True,False,False,0
Veo,cc69f1d6-c48a-5006-a216-7a1f787ff7dc,scooter,39.953704,-83.000583,,27.02,True,False,False,0
Veo,47f5a5de-cb79-5d2a-9246-91e1fee3d0b1,scooter,39.994682,-83.01456,,24.06,True,False,False,0
Veo,d8da8407-f63e-5665-983f-5eea02034fa5,scooter,39.975353,-83.002943,,23.02,True,False,False,0
Veo,55bb5ee7-bdd7-5e2d-8ce6-1c967a5c7b43,scooter,40.004247,-83.02067,,13.86,True,False,False,0
Veo,ad080127-b705-5d0d-b8f6-259286c4289e,scooter,39.95596282649785,-82.94544529169798,,0.0,True,False,False,0
Veo,e5161fb7-c24f-5c30-861a-b97805705915,scooter,39.967717,-83.003285,,28.14,True,False,False,0
Veo,75f281a7-e7be-5682-912b-c54c1835a373,scooter,40.015807,-83.030523,,23.33,True,False,False,0
Veo,adeff47e-0d54-54eb-bb56-2f096b2b66b0,scooter,39.954149,-83.013724,,22.39,True,False,False,0
Veo,df74281b-86b3-5dbb-800f-ce74af20b209,scooter,39.958168,-82.981829,,5.68,True,False,False,0
Veo,1f000009-5bcf-506d-a0a1-db51abdb93bc,scooter,39.958548,-83.00271,,18.67,True,False,False,0
Veo,d5f5e56d-46b4-53de-9fc3-3861b56bdd02,scooter,39.958679,-83.012813,,28.14,True,False,False,0
Veo,55b4ab30-f5cc-5f27-9add-c3d9e6603f17,scooter,39.955493,-83.016808,,25.12,True,False,False,0
Veo,c42c7f0e-784b-5a68-a5b4-a3b26fab3ecc,scooter,39.986856,-83.009437,,25.34,True,False,False,0
Veo,071720b9-03be-5a1f-afa9-32c9594cf747,scooter,40.002758,-83.018864,,19.39,True,False,False,0
Veo,15e8f0e8-aeba-5c71-8a1f-c0ade6a4c0c2,scooter,39.957643,-83.003548,,15.45,True,False,False,0
Veo,da3ebf9f-bc4b-5dc9-95e8-dd450d7c7ba7,scooter,39.960833,-83.012726,,25.34,True,False,False,0
Veo,e2ed69bb-f936-5ddb-8d48-76e9408edbf7,scooter,40.00177,-83.013754,,27.02,True,False,False,0
Veo,c0caf513-384f-5df8-bca9-85441f25a260,scooter,39.926047,-83.115748,,15.45,True,False,False,0
Veo,1bbf318c-a600-5c92-a7a3-8098244a9acd,scooter,39.995804,-83.038054,,25.74,True,False,False,0
Veo,2f1377ec-14c1-5264-8172-6f2f7876bf28,scooter,39.952699,-83.11493,,23.02,True,False,False,0
Veo,74fde61c-f455-56c5-bc7f-b626f5f4b1c1,scooter,39.957214,-82.989057,,8.78,True,False,False,0
Veo,6ee09479-e965-5ad4-a806-85425daa1bca,scooter,39.99345,-83.037946,,27.02,True,False,False,0
Veo,0326f2ec-c92b-5f2d-acbb-aadb8a504d08,scooter,40.100717,-83.115329,,25.74,True,False,False,0
Veo,4725bb77-161f-592f-a1d2-1c8bcd5fb3f1,scooter,40.006548,-83.025035,,20.37,True,False,False,0
Veo,47aa894c-9fa0-5419-90df-f22c6a20de13,scooter,39.977968,-83.003686,,24.84,True,False,False,0
Veo,c91363ac-e227-54b6-9d2d-617ab051358d,scooter,39.986734,-83.030695,,7.29,True,False,False,0
Veo,7a7a2ee2-0172-5b71-84c8-b52b6afeea87,scooter,39.968229,-82.987286,,27.44,True,False,False,0
Veo,7514ddda-9405-517e-9e7c-dc5d901d4394,scooter,39.968238,-83.008656,,17.37,True,False,False,0
Veo,497541be-87d9-5fc8-aed2-c3742894fe74,scooter,39.986877,-83.009417,,28.14,True,False,False,0
Veo,bebc85e7-7924-5f36-a7a8-08b04e473826,bicycle,39.994678,-83.01332,,24.33,True,False,False,0
Veo,63a6c1a5-7fa9-54a0-a3fe-875b09c2ca0e,bicycle,39.977667,-82.922169,,14.43,True,False,False,0
Veo,cfd21845-eda2-5cf4-8047-373a89bb264f,scooter,39.968193,-83.004084,,28.14,True,False,False,0
Veo,31f521a7-c5de-53bd-8abc-a0832f20acf7,bicycle,39.957669,-83.003613,,11.11,True,False,False,0
Veo,75b82daa-f6dc-524f-8f9f-7e7c47ebc861,bicycle,39.964267,-83.00011,,14.43,True,False,False,0
Veo,72cb9c23-f969-5319-a9f7-f65794072b86,scooter,39.960746,-83.012732,,19.05,True,False,False,0
Veo,fa622c59-9a91-5421-ba49-4c7f820cb8b3,bicycle,40.068374,-82.970805,,25.65,True,False,False,0
Veo,e767d0c3-1011-5d7a-8e15-761c77e7e820,bicycle,39.976745,-83.000509,,22.7,True,False,False,0
Veo,e4ea6b65-ec7f-5494-8109-9ee6ec3ae7e6,bicycle,39.960232,-83.041673,,9.97,True,False,False,0
Veo,743f0cd5-698e-5861-a355-1319051f28e8,bicycle,39.978888,-82.9583,,21.77,True,False,False,0
Veo,2907e370-5cb8-5a18-a32b-bde33bddac03,bicycle,40.025826,-82.981624,,24.84,True,False,False,0
Veo,032e0b06-4e26-50f1-91b5-92c4faf58374,bicycle,40.001877,-82.976321,,6.98,True,False,False,0
Veo,522a17b2-932c-577d-ad4e-1324534fadbf,scooter,39.946122,-82.969664,,28.14,True,False,False,0
Veo,1f54a2bc-3747-5bf5-be0f-187d44e9d201,scooter,40.00284,-82.998572,,28.14,True,False,False,0
Veo,2bfa971e-97d5-5420-9505-e4d7ae88f40a,scooter,39.962588,-82.982066,,28.14,True,False,False,0
Veo,b39c3a9d-9189-532a-b421-e586434d03b3,scooter,39.948248,-82.997816,,28.14,True,False,False,0
Veo,17c0daaa-7338-50ab-b255-cff0700aedb1,bicycle,39.944089,-82.994695,,17.89,True,False,False,0
Veo,4b4544fc-021a-502b-888b-b6b30e67c5b5,scooter,39.979967,-83.004092,,18.67,True,False,False,0
Veo,6478a3d6-a854-5daf-b911-dc5bf8400494,scooter,40.003174,-83.017049,,27.44,True,False,False,0
Veo,9579cccd-5e1e-55ad-a663-6b88020c1eeb,scooter,39.998277,-83.016645,,6.67,True,False,False,0
Veo,d6cb0eea-a44d-5cbf-8974-84a2e63946a3,scooter,39.963433,-82.996506,,23.77,True,False,False,0
Veo,79644ede-dec2-5509-9c0c-64a2e89224ac,scooter,40.005957,-83.002781,,13.1,True,False,False,0
Veo,5d6ff9b7-b132-52d8-bcd3-c125bffd79c6,scooter,40.011989,-82.968586,,19.05,True,False,False,0
Veo,abe91469-e9d9-52cf-98f6-cf50fb0c8643,scooter,39.993587,-82.981013,,26.78,True,False,False,0
Veo,77b1fc91-50ad-5b66-bc2c-0a873a21da1a,scooter,40.000345,-83.022142,,21.77,True,False,False,0
Veo,57cb0cc2-060d-5f89-9bda-7c8836bd6595,scooter,40.023358,-83.01724,,28.14,True,False,False,0
Veo,29c02e78-521e-587f-8ae3-f7ef2bb26399,scooter,39.976173,-83.009513,,12.07,True,False,False,0
Veo,2467e67d-a6bf-5567-8d5b-da826298e990,scooter,40.001404,-83.012884,,26.25,True,False,False,0
Veo,c37e73db-65b9-5650-9a66-4302ca8b165a,scooter,39.96387,-83.001145,,28.14,True,False,False,0
Veo,1c6266be-fcdf-59d3-9dc4-b4eb02e9642c,scooter,39.958411,-82.999674,,23.02,True,False,False,0
Veo,78b6ed6a-54be-50a1-9943-d8fa38384dcc,scooter,40.002251,-83.016329,,14.17,True,False,False,0
Veo,506a91e4-20ff-5c8b-9241-4c90d090952e,scooter,39.97596,-83.003321,,22.39,True,False,False,0
Veo,6d115239-5c22-5913-a027-0351e9717cee,scooter,40.004036,-82.998534,,8.78,True,False,False,0
Veo,0c514b29-9f62-5bae-9ecf-edc8606d6df9,scooter,39.960843,-83.011434,,25.12,True,False,False,0
Veo,80235901-81c3-5924-9611-79013f01782a,scooter,39.998954,-83.020891,,24.84,True,False,False,0
Veo,6a60f1ec-1ec5-5c07-8cfd-16d7ab1cb89f,scooter,39.985777,-83.016394,,28.14,True,False,False,0
Veo,ac910f6d-80db-5418-b2c9-25ebb0f0e359,scooter,39.965972,-83.001447,,26.25,True,False,False,0
Veo,c62d6931-489c-59f2-8528-c84beb591e09,scooter,39.954151,-83.01369,,28.14,True,False,False,0
Veo,fb51f554-dc5b-5d56-95ff-506e1bfa339c,scooter,40.000523,-83.000001,,3.48,True,False,False,0
Veo,b629ceed-291b-5da0-864b-2fdb556b5f98,scooter,39.98178,-83.004606,,17.89,True,False,False,0
Veo,1fc39d18-8fa4-51a7-b38e-1c8c2ef2be0f,scooter,39.986009,-83.001871,,25.12,True,False,False,0
Veo,d17631d1-ba96-5c0f-b183-8eab1229f647,scooter,39.986824,-83.00945,,28.14,True,False,False,0
Veo,1c2f623f-9523-5166-bf71-ecf5074d165d,scooter,39.962023,-82.987175,,6.07,True,False,False,0
Veo,e626e52d-4915-50d2-bf81-f7af91aba8df,scooter,39.995708,-83.014866,,12.28,True,False,False,0
Veo,7442752b-5ffa-5c03-b139-a59564ac569c,scooter,39.935927,-82.988857,,28.14,True,False,False,0
Veo,a06d75a8-94db-5108-ba8a-109364350fe7,scooter,40.002262,-83.011879,,28.14,True,False,False,0
Veo,7752513d-d51d-59f6-80aa-523c24197062,scooter,40.000504,-83.017151,,23.02,True,False,False,0
Veo,6fc53381-56b4-5336-9ce4-f44698efcce0,scooter,39.96074,-83.012688,,28.14,True,False,False,0
Veo,e4cee733-a91c-5f0a-b61b-a12083899843,scooter,39.999184,-82.951359,,25.74,True,False,False,0
Veo,80382135-b75d-54eb-bacb-a33a2a292945,scooter,40.00602,-83.037884,,12.63,True,False,False,0
Veo,9c94ee6f-51d9-5990-b72b-a3522d5a725f,scooter,39.985507,-82.997328,,28.14,True,False,False,0
Veo,508333bc-14b1-51b1-a37f-a15e53760ffb,scooter,40.001007,-83.008387,,13.86,True,False,False,0
Veo,3ba3b8aa-5d3b-54cb-8da5-547495780e11,scooter,40.008329,-83.00943,,22.39,True,False,False,0
Veo,97c288fa-e5d3-52f2-bfb9-574195904a8a,scooter,39.946438,-83.058568,,26.78,True,False,False,0
Veo,d7aefcd0-4cda-5451-9a35-33711a00451d,scooter,39.954151,-83.01376,,8.09,True,False,False,0
Veo,44e67375-4b63-5c94-aa38-8f5f9f77ed78,scooter,40.016996,-82.978405,,19.05,True,False,False,0
Veo,2b65d617-e6ac-500f-a416-e77df302710a,scooter,39.958765,-83.012636,,25.74,True,False,False,0
Veo,23e71e27-24be-517a-b4e5-025469dd1bb2,scooter,39.994082,-83.006759,,25.12,True,False,False,0
Veo,33632340-7472-5d7f-a338-e699f8bda91f,scooter,39.954133,-83.013772,,25.34,True,False,False,0
Veo,f9c97e5e-8a44-5a1d-97c3-44cdfeb16c07,scooter,39.948247,-82.997751,,27.77,True,False,False,0
Veo,46712a77-e36c-5ac5-97ac-5ff3362ae204,scooter,40.015802,-83.03051,,26.25,True,False,False,0
Veo,af79d360-3c7e-5724-a430-8dc24992a44b,scooter,39.994375,-83.016106,,19.78,True,False,False,0
Veo,16664bd8-7473-5c6f-85b5-4b486529013a,scooter,39.952756,-83.114909,,12.87,True,False,False,0
Veo,5bdf536a-20fa-55ef-94a5-03b20cb1ccb6,scooter,39.99391,-82.983534,,27.02,True,False,False,0
Veo,b63e0b34-f870-570f-a5d4-bb194e42c68f,scooter,40.003985,-83.005476,,25.94,True,False,False,0
Veo,754294b8-b81c-594a-a2f2-38a13f8c019a,scooter,39.996556,-83.01557,,11.83,True,False,False,0
Veo,7fc51d6f-5330-5cf9-8ce5-4c740e379981,scooter,39.996483,-83.041484,,18.67,True,False,False,0
Veo,1bd89580-8271-5aee-9a04-ccae46c9c2dd,scooter,40.007737,-83.02643,,27.44,True,False,False,0
Veo,a59c3a03-2352-5211-9714-e8198bd62bb3,scooter,39.957403,-83.011425,,24.06,True,False,False,0
Veo,e167f033-a91c-5a26-bf4e-51f9be3ee771,scooter,39.996697,-83.015091,,15.18,True,False,False,0
Veo,4274080a-62d3-5e36-b076-9d4f93a110a7,scooter,39.980899,-83.005558,,23.02,True,False,False,0
Veo,247b9347-5bad-5650-926a-72355d999563,scooter,39.96917,-83.001254,,16.39,True,False,False,0
Veo,0b7a237e-fed0-5af5-bb4c-1ce469287893,scooter,39.995826,-83.020163,,27.02,True,False,False,0
Veo,cd085b4a-23e1-5534-8fc8-96ee986b7e39,scooter,40.016982,-82.978427,,28.14,True,False,False,0
Veo,69ee7c61-5aa2-5414-be71-e40a67d27938,scooter,39.997737,-83.014362,,24.84,True,False,False,0
Veo,dbcd3f16-f066-5242-ad49-f9e6bcb99466,scooter,40.040884,-82.943783,,11.11,True,False,False,0
Veo,5cce6917-8f25-5686-ac8a-a41aea965cf6,scooter,39.995419,-83.014821,,25.34,True,False,False,0
Veo,8317a4f5-210a-5ea4-b9ad-e6be226db2a3,scooter,39.997321,-83.007475,,25.12,True,False,False,0
Veo,c68bbd53-4823-51de-8557-e5cbdf887c1f,scooter,39.960769,-83.012612,,26.78,True,False,False,0
Veo,8c2ddd71-1c9c-5a0f-ac2c-f6dbd46aaeaa,scooter,39.99529,-82.996128,,25.94,True,False,False,0
Veo,00f016b5-0cd5-5f68-a192-b4dd68e679c5,scooter,39.963925,-82.991387,,23.02,True,False,False,0
Veo,df59c6e5-f0dc-5fc2-bc34-3f5f46aacdef,scooter,40.106803,-83.095925,,25.74,True,False,False,0
Veo,13fc4cda-dad7-5db2-923f-1b599c0feb7d,scooter,39.958501,-82.999681,,27.77,True,False,False,0
Veo,598b62e9-03b9-5321-8be5-a8065ef2b806,scooter,39.964726,-82.996638,,28.14,False,True,False,0
Veo,45b6eb3d-6ed0-56cf-84bd-a3caa98b66a4,scooter,39.998888,-83.01037,,13.39,True,False,False,0
Veo,954f8645-5c62-5413-b721-6a1ad67d6c8f,scooter,39.978649,-83.001818,,16.84,True,False,False,0
Veo,99f0ccce-0251-5abe-be32-cf291050607d,scooter,40.000813,-83.007344,,14.43,True,False,False,0
Veo,3b314f6e-ddb4-5210-9ca8-4af8463225ad,scooter,39.95739,-83.011396,,28.14,True,False,False,0
Veo,e93738b9-1067-5b37-9dd9-85c51619039f,scooter,39.995358,-83.014719,,24.84,True,False,False,0
Veo,14ab9298-ed62-52e2-899f-684df233af8b,scooter,39.956024,-83.053595,,26.25,True,False,False,0
Veo,26923368-7e4e-5fe4-b54e-4d8a4ddc84ce,scooter,39.958608,-83.002568,,28.14,True,False,False,0
Veo,42cc73b6-df39-5ce9-9afb-3fd4c1acc55a,scooter,39.983468,-83.000027,,23.77,True,False,False,0
Veo,9cc8986d-7b0d-57ab-aa6d-bec4170d61e6,scooter,39.993855,-82.983383,,9.29,True,False,False,0
Veo,a15660da-a8a3-5692-81c2-b4b6dff46bf1,scooter,39.99536,-83.009577,,15.45,True,False,False,0
Veo,b7dd426a-e6b7-5785-b3f0-cc337bb606b5,scooter,39.985972,-83.024572,,21.49,True,False,False,0
Veo,028aa95f-f51e-5d37-a121-5a97911ec3b5,scooter,39.956083,-82.945228,,25.94,True,False,False,0
Veo,7b895a99-1080-5586-8b42-09ba3326ce5d,scooter,39.933107,-82.982559,,15.45,True,False,False,0
Veo,0b5b3c25-1375-50d9-9f47-82dd08351253,scooter,40.074487,-83.027803,,25.94,True,False,False,0
Veo,03d605b9-15e7-5613-92a4-ce5b1d98812f,scooter,39.946632,-83.000248,,15.45,True,False,False,0
Veo,5eb40428-ba0e-5ef2-adfa-ae16d8a61027,scooter,39.979636,-82.994723,,25.74,True,False,False,0
Veo,16fc8e54-4295-5003-a484-b346eb3fd730,scooter,39.942943,-82.997133,,10.51,True,False,False,0
Veo,f03d3294-77c0-5398-afd8-bcd23c3f7458,scooter,40.009353,-83.023156,,5.68,True,False,False,0
Veo,40816860-1f92-51b8-a34e-7ec394cd2ddd,scooter,39.943673,-82.988614,,27.77,True,False,False,0
Veo,6ccd29b0-0b71-50ee-b8f2-8521615b3c8b,scooter,39.977693,-83.009086,,14.86,True,False,False,0
Veo,fb5f6ffd-8cd9-5905-8a0c-7f5707b5446b,scooter,39.955686,-83.002224,,27.77,True,False,False,0
Veo,464a344d-46a1-589c-955a-bd01f42fb568,scooter,39.958473,-82.984576,,21.15,True,False,False,0
Veo,db56b496-88b3-52ab-9ea1-50c7e0d5b7a7,scooter,40.015785,-83.030506,,28.14,True,False,False,0
Veo,0e42b3fb-f8e7-5b67-8ed6-898c14d18da2,scooter,40.018699,-82.978236,,25.94,True,False,False,0
Veo,99ccaae2-b6e6-50ba-a1d3-dc6f54dd7634,scooter,39.976803,-82.913497,,16.39,True,False,False,0
Veo,8164ecd5-a6ef-598b-b963-6ab73503ebbb,scooter,40.040318,-83.001814,,25.12,True,False,False,0
Veo,aef18e58-8bce-58fd-84bd-a03823f83cc9,scooter,39.964115,-82.997289,,22.7,True,False,False,0
Veo,24c4a35c-93ab-5a07-81ce-847ac7141719,scooter,39.994094,-83.021502,,27.02,True,False,False,0
Veo,1c423ed6-127c-5965-9e72-4bb2c47e3a09,scooter,39.965905,-82.960561,,11.59,True,False,False,0
Veo,45090d61-6369-5b45-bd5c-03df07827e3a,scooter,39.968262,-83.003938,,28.14,True,False,False,0
Veo,0ff89f85-fbe1-5590-b045-8c95db46f140,scooter,39.977959,-83.003633,,28.14,True,False,False,0
Veo,e3bfe382-c566-504d-9736-8d3f4882cb1b,scooter,40.016992,-82.978363,,27.77,True,False,False,0
Veo,084a1ea6-47c8-5377-aeb6-c4a9c34b8c2f,scooter,39.999606,-83.009335,,14.86,True,False,False,0
Veo,d26d8aa0-0258-5eb9-8255-6ac8a9f4172d,scooter,39.965889,-83.001288,,8.09,True,False,False,0
Veo,ff42f3d8-3298-5b73-bb94-f5bf0bbfb0e2,scooter,40.002064,-83.011795,,28.14,True,False,False,0
Veo,f94a5b0e-0e8d-529f-af47-770f4860b26b,scooter,39.946405,-83.058545,,25.12,True,False,False,0
Veo,cc838252-da31-5f0d-bf86-2be552a3e4aa,scooter,40.002926,-83.021291,,23.02,True,False,False,0
Veo,f426837f-914a-5280-bb06-c05465a5ccc9,scooter,39.958721,-82.999842,,28.14,True,False,False,0
Veo,1ab43ce1-ee51-598c-9ec9-2b4559dced9c,scooter,39.995533,-83.040652,,21.77,True,False,False,0
Veo,8ffa87da-d1b2-5f07-a3fd-6b0a83c4b4a6,scooter,39.997071,-83.01595,,12.28,True,False,False,0
Veo,ec3698fc-bff2-5f86-959f-dc21bb7047ae,scooter,39.945132,-83.064338,,28.14,True,False,False,0
Veo,15283a2e-44b8-5234-8285-41b0ac46632a,scooter,40.018512,-83.001833,,28.14,True,False,False,0
Veo,85371bcf-f470-57bb-a68f-311455a75722,scooter,39.933928,-83.08951,,14.17,True,False,False,0
Veo,b430dcdc-9fd2-528b-8937-45212795db39,scooter,40.0327,-82.991501,,10.79,True,False,False,0
Veo,2196be73-f47a-56a2-9af4-bc6a65a58179,scooter,39.985878,-83.028571,,7.29,True,False,False,0
Veo,8c90adff-80b1-5312-b086-b050c9846c5b,scooter,39.96252,-82.976561,,22.7,True,False,False,0
Veo,317707db-5de4-507b-b9f2-0a08a3586f1b,scooter,39.957419,-83.011366,,28.14,True,False,False,0
Veo,2399b7fa-38f5-5e7b-a527-4dc9a29fb269,scooter,40.027227,-82.971117,,10.51,True,False,False,0
Veo,2c7d56e4-4d89-571b-9d3f-156fd73ce599,scooter,40.000246,-83.020223,,22.7,True,False,False,0
Veo,3208afc1-e0d7-505d-b586-57714f77e44b,scooter,39.935924,-82.988827,,28.14,True,False,False,0
Veo,e05809a9-a83c-51dc-8e15-93ac954a37c0,scooter,40.005149,-83.021139,,23.02,True,False,False,0
Veo,5c1b40f4-eed5-5618-995c-14ed083f0723,scooter,39.976296,-83.010781,,22.39,True,False,False,0
Veo,5b2fe7aa-9350-525c-8053-c0423ebbc51d,scooter,39.998117,-83.009505,,17.89,True,False,False,0
Veo,d666bd76-da85-5e54-b1f4-c7fe849b79c8,scooter,40.005205,-83.0158,,25.34,True,False,False,0
Veo,c70b92de-96cb-592d-841e-b57c19c091fb,scooter,39.975266,-83.002874,,14.17,True,False,False,0
Veo,78e4cdac-b5b4-5768-bb74-9f977e525d53,scooter,39.950948,-82.998502,,20.37,True,False,False,0
Veo,548b2086-e66d-5e61-b48a-feb60a41120b,scooter,40.004468,-83.039223,,18.67,True,False,False,0
Veo,ddc23d21-ae06-5314-8fed-97c606a9f275,scooter,39.976594,-83.010882,,28.14,True,False,False,0
Veo,5498fcf1-d587-5687-84f7-6f944d5206dc,scooter,39.9602,-82.980074,,12.87,True,False,False,0
Veo,b9aad4a1-6e64-590c-a8db-20047f777651,scooter,39.945827,-83.034906,,8.78,True,False,False,0
Veo,08c35c31-5ebf-5a73-908b-a45d0736d239,scooter,39.975256,-83.00286,,14.86,True,False,False,0
Veo,c80efcd7-8eb7-5d3e-b342-cd7025019a6d,scooter,39.962711,-83.004462,,25.65,True,False,False,0
Veo,27932cd3-d614-5389-ada6-39f240fe13b2,scooter,40.008191,-83.012007,,21.15,True,False,False,0
Veo,b014533f-f523-5417-ac8c-808e03a92b6f,scooter,40.023381,-83.017267,,28.14,True,False,False,0
Veo,4ccb1bf3-b5d7-5a41-bb30-61fbbd3f603e,scooter,39.963087,-83.004464,,23.02,True,False,False,0
Veo,795a1b39-b2fc-56cc-b79f-19455bda7cc9,scooter,39.940638,-83.071321,,9.29,True,False,False,0
Veo,5d2359ac-0d92-5169-98ff-d7a57364e61c,scooter,39.968141,-83.009272,,28.14,True,False,False,0
Veo,da083190-d83f-556a-8bf2-c923a0072dac,scooter,40.093762,-82.952087,,28.14,True,False,False,0
Veo,9d566250-e73b-5deb-b767-be692e69b717,scooter,40.00113537566042,-83.00838957586922,,27.02,False,False,True,0
Veo,01432bd1-5e67-5702-80fa-fd2257a5ddb5,scooter,39.957396,-83.011393,,25.65,True,False,False,0
Veo,fc816414-8eb0-534c-9f91-a75d478c8ca1,scooter,39.985426,-82.995363,,9.02,True,False,False,0
Veo,6927118a-fc60-5c3b-84e3-8f17493824f9,scooter,39.954112,-83.013781,,13.64,True,False,False,0
Veo,70227eff-4c19-5f79-85ba-f72057904132,scooter,40.003134,-83.02788,,8.78,True,False,False,0
Veo,fca5bd4b-759d-55b7-8e76-5d1bdcef44ea,scooter,40.035336,-83.016657,,28.14,True,False,False,0
Veo,9e8d55d7-f311-5194-94cf-98000ed54905,scooter,40.002903,-83.005623,,8.43,True,False,False,0
Veo,01b97997-ab88-5b13-90b5-fc6780fcf362,scooter,39.994031,-82.988385,,24.33,True,False,False,0
Veo,b592959e-4f56-51a9-8fea-fc1693d3bd59,scooter,39.999979,-83.007821,,20.05,True,False,False,0
Veo,d8a676c3-5986-56b9-8312-741e5aef7e02,scooter,39.960809,-83.012698,,28.14,True,False,False,0
Veo,0744a9f2-e656-5c88-8e52-2757042e1973,scooter,40.002891,-83.002481,,20.78,True,False,False,0
Veo,37be3da6-28fb-5fe1-a374-0a988a3b0de0,scooter,39.963394,-83.06645,,28.14,False,True,False,0
Veo,d17e4b90-142b-57d4-92b9-9f838f495549,scooter,40.006249,-83.017614,,6.67,True,False,False,0
Veo,6db67425-3b88-5ee0-9b03-0f3317a4f863,scooter,39.986703,-83.021032,,25.12,False,False,True,0
Veo,412359f1-f76c-5226-8fd8-99bc02874777,scooter,39.99982,-83.016178,,27.77,True,False,False,0
Veo,90b556e5-95d9-56ee-af09-86bad7613ddd,scooter,40.004847,-82.999129,,13.86,True,False,False,0
Veo,28f91c99-7974-508b-ad52-b497074d81cb,scooter,40.00345,-83.016767,,22.05,True,False,False,0
Veo,aad20626-475b-5415-b9a7-fe6f62896cc8,scooter,40.001757,-83.014559,,23.02,True,False,False,0
Veo,68b8128c-01be-57fb-9c87-4e44ad549c22,scooter,40.011954,-82.968561,,25.74,True,False,False,0
Veo,8526e1e1-7340-5dce-98db-62cb89429a0e,scooter,39.954165,-83.013686,,26.78,True,False,False,0
Veo,beba111a-5b90-5b03-863a-ffc45b464d6d,scooter,39.965917,-83.001399,,25.74,True,False,False,0
Veo,14f26010-92f0-55eb-b137-a6bf6bf94b09,scooter,39.952703,-83.114745,,25.12,True,False,False,0
Veo,243477cd-b489-5e63-a60e-abfec4b409d4,scooter,39.952011,-83.056586,,14.61,True,False,False,0
Veo,077cb7bf-c19b-577a-840b-f5d3df33ec7d,scooter,39.948492,-82.975385,,8.43,True,False,False,0
Veo,aade6718-3ff8-5116-9618-efac4e390332,scooter,39.984952,-83.01664,,12.52,True,False,False,0
Veo,2dd917f9-ec8b-5fb4-ae3a-34f32b3e585e,scooter,40.038172,-82.962252,,23.02,True,False,False,0
Veo,a0367c72-8524-55d9-8513-2056eb756e27,scooter,40.00322,-83.013342,,18.19,True,False,False,0
Veo,01206124-ca2c-5c7b-9976-6a41c266228f,scooter,40.000395,-83.010122,,13.86,True,False,False,0
Veo,e5a2a2eb-b143-5968-8275-30ebbb3afa40,scooter,39.978749,-83.014434,,13.39,True,False,False,0
Veo,02ef568c-13b8-5b8e-9dda-d85bcb4fce4e,scooter,39.930389,-83.051358,,16.39,True,False,False,0
Veo,9f17cd69-7ee5-5520-9ef0-6d96d663485b,scooter,39.966083,-83.001486,,27.77,True,False,False,0
Veo,00afd501-5dac-5656-85c8-440efaa18eb6,scooter,39.993993,-82.995678,,24.33,True,False,False,0
Veo,82eb2f89-09ec-5995-b4b7-711d2c784465,scooter,39.972409,-82.973222,,22.7,True,False,False,0
Veo,c9a70b0b-d8a0-5c90-9517-21dcda7b3163,scooter,39.997098,-83.009332,,14.61,True,False,False,0
Veo,13167f01-1ea6-5816-baa0-2290982922d5,scooter,39.974424,-83.022757,,26.25,True,False,False,0
Veo,1ca7d361-51e9-5ad3-a95a-267be932b58c,scooter,39.939522,-82.996972,,28.14,True,False,False,0
Veo,26ca6305-3a83-59f9-b1e3-a430dc5f8261,scooter,39.957428,-83.011398,,28.14,True,False,False,0
Veo,aafd0409-fe97-5b08-a586-6c92e48d71f4,scooter,40.004954,-83.019903,,21.15,True,False,False,0
Veo,75a765b3-44d8-5ca5-bfdd-9c22a3c9becc,scooter,39.999027,-83.015863,,25.94,True,False,False,0
Veo,26053c3a-0a90-552b-a16c-4d9fc1659241,scooter,39.958905,-83.001732,,14.86,True,False,False,0
Veo,30dbdf59-a038-594a-a8ad-a163bab34103,scooter,39.996575,-83.009543,,14.43,True,False,False,0
Veo,15c58386-cccb-5b4f-bff9-0579d5f3ee8d,scooter,39.955752,-83.003111,,24.33,True,False,False,0
Veo,8dd47922-04ec-502f-aa29-79e6bcb3bd3a,scooter,39.960768,-83.012559,,28.01,True,False,False,0
Veo,61a89915-8809-54c5-a01b-a69a0191ad1f,scooter,39.949451,-83.041699,,25.12,True,False,False,0
Veo,91de00ee-1c64-5613-89cb-5231e0ca36b4,scooter,39.994475,-83.020134,,24.84,True,False,False,0
Veo,e5d6494a-5abe-54b3-9351-9685bfcc59b0,scooter,39.960728,-83.012604,,27.77,True,False,False,0
Veo,2cb92daa-23d5-5917-9b32-22cfea2e0c58,scooter,39.951872,-83.029574,,16.39,True,False,False,0
Veo,fabe2168-67bc-5417-acfd-85e8896cf047,scooter,39.955759,-83.003081,,28.14,True,False,False,0
Veo,37057613-8bae-507e-b7a6-2d3db6e8f3c0,scooter,40.004262,-82.997604,,27.44,True,False,False,0
Veo,be57c433-0835-5e17-844d-b19a20d05a4d,scooter,39.998282,-83.01878,,13.86,True,False,False,0
Veo,771335d5-9da2-55e0-8251-1177e6e11f13,scooter,39.95877,-83.012696,,24.84,True,False,False,0
Veo,b8d8171d-01b9-5c2d-ae95-b9ae74d86ddd,scooter,39.958514,-83.002724,,19.39,True,False,False,0
Veo,9d58ff0a-c6eb-5604-a4ff-d22188e81b8a,scooter,39.979914,-83.004052,,14.86,True,False,False,0
Veo,a6f42fb6-e592-509c-9f53-1092c1037532,scooter,40.001688,-83.015647,,25.34,True,False,False,0
Veo,7e2cacaf-125e-5d06-ad5b-9adba2462def,scooter,40.002528,-83.015655,,28.14,True,False,False,0
Veo,608adc45-060a-5654-8f2c-711c3f0c71fd,scooter,39.992018,-82.998069,,14.61,True,False,False,0
Veo,395d5c10-35ad-5f2a-a218-97d8369bf2ed,scooter,40.016984,-82.978413,,22.7,True,False,False,0
Veo,d320e00c-9c98-51ab-8f35-c1dcc239bad0,scooter,40.011907,-82.968594,,10.51,True,False,False,0
Veo,7ef04b7a-4fd2-5864-9614-473e05271a8a,scooter,39.953738,-83.059121,,26.51,True,False,False,0
Veo,f25dbae4-a788-5016-b75e-21202a7f0ff0,scooter,40.00228,-83.004412,,27.44,True,False,False,0
Veo,2cca7080-20b6-5d18-9dad-32cc9a1fd4be,scooter,40.038683,-82.962175,,14.61,True,False,False,0
Veo,265e7574-44e1-5fb7-adb4-a3f897bef6b6,scooter,40.013436,-83.026629,,28.01,True,False,False,0
Veo,5092acbe-ae8b-5fda-a16d-1ce6e42bb785,scooter,40.005512,-83.00819,,28.14,True,False,False,0
Veo,6585a0f5-a6e6-53eb-8883-5bfe3c5a3443,scooter,40.015648,-82.99747,,28.01,True,False,False,0
Veo,ff07dfae-3b6e-5de7-9d97-28539b242ef1,scooter,40.003144,-83.003088,,26.25,True,False,False,0
Veo,d0610c9c-c8de-50bf-a42e-48bbc75594eb,scooter,40.011911,-82.968564,,27.44,True,False,False,0
Veo,0721c196-18f9-5f3d-9999-279330d05f99,scooter,39.996941,-83.015035,,16.84,True,False,False,0
Veo,a3f74ebc-c263-5619-939f-2a35d5f7fb06,scooter,39.996501,-83.020537,,21.77,True,False,False,0
Veo,970d0fcd-4c46-5cf6-ac4f-0d6e590164d7,scooter,39.962466,-83.002536,,25.74,True,False,False,0
Veo,0e78c853-2fa1-54bf-b229-219048d271d9,scooter,39.958613,-83.002662,,20.37,True,False,False,0
Veo,abe3e202-028f-5087-b6f9-c4700f18a483,scooter,39.990619,-83.016361,,27.77,True,False,False,0
Veo,0995122f-9e1c-5def-bc52-9e7c41beb6ac,scooter,39.992004,-83.006504,,24.84,True,False,False,0
Veo,7b88b304-8b32-58fc-9d9b-93f818e412be,scooter,39.962103,-82.991016,,16.84,True,False,False,0
Veo,41f3782e-0fef-5ac4-817a-7e9939521b66,scooter,39.977914,-83.003503,,27.44,True,False,False,0
Veo,c371f058-4bb8-550e-8b82-39f8972278f8,scooter,39.996984,-82.975179,,28.14,True,False,False,0
Veo,6e7ecf01-0d00-555e-a67c-cdd96759e44f,scooter,39.996983,-83.014488,,25.65,True,False,False,0
Veo,97c21098-1ad5-5775-8678-f5ca5fe98577,scooter,39.942286,-83.066436,,28.14,True,False,False,0
Veo,8d45958b-2d68-56f1-bd71-8e9ab5c504dc,scooter,40.016936,-82.978423,,27.77,True,False,False,0
Veo,46317b9c-e16e-584b-8ed5-cf6f0a1bf759,scooter,39.97591,-83.003285,,26.51,True,False,False,0
Veo,ed6bf66f-8396-54f1-af7f-66cdb95b0500,scooter,39.96891,-83.003904,,28.14,True,False,False,0
Veo,7cce4292-deb4-5627-8ec5-d599ce2eff18,scooter,39.941991,-82.994974,,0.0,True,False,False,0
Veo,4ba5e4fe-b7ed-57fa-b8b9-dc2396aaa936,scooter,39.964514,-83.005877,,15.45,True,False,False,0
Veo,f636ac70-58a4-585c-b214-87f508ffc6f3,scooter,39.946586,-83.000212,,25.74,True,False,False,0
Veo,89465f14-f9f0-554d-be29-04c7941a0fa4,scooter,39.986854,-82.996199,,28.14,True,False,False,0
Veo,acfd332b-d9e0-5fe6-a4eb-16d96ef26b0e,scooter,40.006439,-82.972995,,24.33,True,False,False,0
Veo,0a810d0e-4396-583f-9265-1b00df4c6703,scooter,40.005117,-83.026733,,28.14,True,False,False,0
Veo,ab9e18ca-d166-5d2e-8380-b3dff5073252,scooter,39.951339,-83.03697,,12.07,True,False,False,0
Veo,5e797cdf-f441-57ff-88d1-7e49ad984e55,scooter,39.969423,-82.993431,,9.97,True,False,False,0
Veo,954be9d9-30b7-5abf-9269-a7d51b75dab2,scooter,40.001971,-83.015561,,27.44,True,False,False,0
Veo,10ea8ef6-db1a-5fd5-b30e-626838192f94,scooter,40.003443,-83.01468,,23.33,True,False,False,0
Veo,604daf59-da7e-5636-b494-a6fb53b691dd,scooter,39.998977,-83.018129,,10.79,True,False,False,0
Veo,9be6972e-58ab-52c4-a056-71b004e4310f,scooter,39.988965,-83.004257,,6.98,True,False,False,0
Veo,d889f6a0-4a02-59b4-a690-dad11ca3f168,scooter,39.969365,-83.009448,,27.44,True,False,False,0
Veo,4ed1f14b-bb82-5647-a553-be5f61fef942,scooter,40.038179,-82.962284,,28.01,True,False,False,0
Veo,b68e18c1-ecb0-5322-b42f-36901a2b1a0a,scooter,40.007313,-83.006853,,23.02,True,False,False,0
Veo,846971ba-975c-5c66-a4ae-6758ee53140f,scooter,39.934052,-83.089896,,19.78,True,False,False,0
Veo,faae37e3-e019-5f37-b4d3-cb61b7c71f89,scooter,39.9387,-82.990744,,28.14,True,False,False,0
Veo,8ca9188d-6545-556e-8f5f-bd4d48a9a7ec,scooter,39.992186,-83.002729,,12.63,True,False,False,0
Veo,b47b63ea-0d1e-5f7b-b731-331555eba19d,scooter,39.957384,-83.011373,,19.78,True,False,False,0
Veo,2caa0464-2e59-5039-adca-d959eaa33a53,scooter,39.991517,-83.008982,,24.84,True,False,False,0
Veo,66ad91e1-5bda-5b33-b80e-381aba2a3e73,scooter,39.958629,-83.002547,,28.01,True,False,False,0
Veo,7942eedb-f79a-5858-87b7-6d2a5e7fc71b,scooter,40.00353,-83.01787,,0.0,True,False,False,0
Veo,6a534a8f-0184-5ee2-9bb4-a2756201a6f3,scooter,40.033736,-83.016595,,25.94,True,False,False,0
Veo,523fd587-f7e3-5fc4-a12a-130108033c0c,scooter,39.993864,-82.983328,,28.14,True,False,False,0
Veo,805c5429-2bdd-510a-acd9-40ba9fa08f66,scooter,40.016981,-82.978397,,20.05,True,False,False,0
Veo,d384c962-1869-593e-93b8-6049f7c95af3,scooter,40.003875,-83.005574,,13.64,True,False,False,0
Veo,4f2fd4d4-0188-5c06-8903-27d4e6348e85,scooter,40.001047,-83.008412,,23.02,True,False,False,0
Veo,ff6e7885-0288-5972-9662-15bcbc553ce2,scooter,39.976003,-83.003373,,22.39,True,False,False,0
Veo,d5b4a37f-385f-5d5b-89b6-98eb09c97fc0,scooter,40.010694,-83.004049,,13.1,True,False,False,0
Veo,abefd63c-bbdc-5caf-8709-b9a5b0bcafd9,scooter,39.937658,-82.995957,,28.14,True,False,False,0
Veo,5e0c1859-71db-595d-8f68-461d8a5b4dfe,scooter,39.997611,-83.00666,,23.02,True,False,False,0
Veo,f4967a56-5463-5279-89a1-f5ec3e02f32e,scooter,39.995587,-83.020861,,15.89,True,False,False,0
Veo,788761a7-b33a-5eb2-b8e5-8897caef5ecf,scooter,39.963174,-82.981713,,13.39,True,False,False,0
Veo,634886cc-8d63-5b4b-ad3a-172ecc9e363d,scooter,39.980194,-83.007301,,28.14,True,False,False,0
Veo,feb91b8d-5e0b-5905-bc61-f94acccf419d,scooter,39.991584,-83.010764,,25.34,True,False,False,0
Veo,dde93735-b478-584f-897d-9d8a7ebb7e97,scooter,40.000416,-82.976653,,9.02,True,False,False,0
Veo,0952809a-f943-57f5-a79b-c1bec8d1be7c,scooter,40.00012,-83.015362,,11.59,True,False,False,0
Veo,63be8be7-b21c-584b-b639-4ee0aa0a1db7,scooter,39.966407,-82.999428,,22.7,True,False,False,0
Veo,51b7fca6-caf7-575b-b01e-2a6c28249d21,scooter,40.017004,-82.978396,,9.02,True,False,False,0
Veo,7bfc7dee-338f-5563-81c7-6b48c1ec8243,scooter,39.99387,-82.983387,,28.14,True,False,False,0
Veo,7ee947d4-f8dd-51e2-bb0e-223ac9551291,scooter,39.996826,-83.013561,,24.84,True,False,False,0
Veo,9799556a-9d66-5a10-811a-ba1a8034c45e,scooter,40.005263,-83.010223,,14.61,True,False,False,0
Veo,d5f72b71-4555-57ae-89dc-46c99d1029a5,scooter,39.969407,-83.009375,,25.34,True,False,False,0
Veo,025d2976-a10a-5423-8aa6-16f135fa83ab,scooter,39.958611,-83.002676,,20.05,True,False,False,0
Veo,14ec6e0d-fac4-503e-9ea7-0feae9c5d16a,scooter,39.996815,-83.013553,,14.86,True,False,False,0
Veo,03cb50d1-6211-551e-a3df-b1b2c74f5689,scooter,39.991589,-82.995596,,15.18,True,False,False,0
Veo,6c471039-ac56-558b-9595-d8d01c41bd3c,scooter,40.015808,-83.030491,,25.65,True,False,False,0
Veo,fd60ea7d-e8f7-5be5-81c8-78c738b06838,scooter,39.954173,-83.013749,,13.86,True,False,False,0
Veo,96cfc861-c0fb-5e32-b08b-68a0e5607b0a,scooter,39.990653,-83.016385,,24.33,True,False,False,0
Veo,e3e0f88d-ea24-510f-9167-540a91ed509f,scooter,39.955813,-83.002343,,25.34,True,False,False,0
Veo,47467ac1-fdc1-5706-9bec-af72515f6b9b,scooter,40.032709,-82.991493,,9.02,True,False,False,0
Veo,fc897126-e1d8-5433-a814-6a7b9ae88206,scooter,39.96674,-83.003223,,25.94,True,False,False,0
Veo,9dd52b09-d5fd-5a0e-a219-1c9d9a59edc7,scooter,40.001024,-83.008365,,22.39,True,False,False,0
Veo,c13203d1-3816-53da-b122-39e93e6ff8cd,scooter,40.001027,-83.008377,,23.02,True,False,False,0
Veo,4c6ea2f6-a47c-5e66-8993-072694645013,scooter,40.007679,-83.011797,,14.43,True,False,False,0
Veo,4c669bc9-77b7-560a-a74f-b1789b103a03,scooter,39.966079,-82.962214,,5.68,True,False,False,0
Veo,9f5c4143-52fa-568f-933a-54023971f357,scooter,39.95774,-82.998159,,13.64,True,False,False,0
Veo,cfd0aceb-c1bd-50dd-a50c-29c077de7a76,scooter,39.959839,-83.013037,,13.86,True,False,False,0
Veo,d8e5b0e1-cf8d-577b-b542-f1e9ecf59ec9,scooter,39.995397,-83.030864,,12.52,True,False,False,0
Veo,082316fc-75ac-56c3-802e-fc401b83939f,scooter,39.965864,-83.001326,,28.14,True,False,False,0
Veo,867bb655-6783-5f61-9413-b8904471aabc,scooter,39.971423,-83.00467,,13.39,False,True,False,0
Veo,48e1a6a8-1b4d-5c91-894f-03fb835d9131,scooter,39.96355,-82.981701,,24.06,True,False,False,0
Veo,5cbe98ba-3704-580b-808c-242778eaff28,scooter,40.008056,-83.027775,,13.1,True,False,False,0
Veo,a00ac498-1677-5518-aa67-81d7f0901319,scooter,39.958766,-82.999957,,27.77,True,False,False,0
Veo,3f5de75b-5b02-593e-94f6-bd8f01709705,scooter,40.001981,-83.011388,,23.77,True,False,False,0
Veo,76145853-b1d3-523b-8c87-c5a92c1a59a0,scooter,39.986914,-82.997106,,28.14,True,False,False,0
Veo,7bb8d381-0289-553e-8e4f-f44c24a96118,scooter,40.003863,-83.005388,,12.52,True,False,False,0
Veo,e8c774d5-d0bd-579d-ba07-983def76362d,scooter,40.000062,-83.007328,,25.65,True,False,False,0
Veo,432d1b8e-8f34-5a9e-8723-8cb760b09b4d,bicycle,40.034747,-82.977966,,13.1,True,False,False,0
Veo,b992189b-c4d5-5321-bc73-40875934d334,scooter,39.987161,-83.005627,,28.14,True,False,False,0
Veo,147e0c93-6a95-517f-aab5-22588b3ad2bb,scooter,39.994616,-83.006974,,21.15,True,False,False,0
Veo,7047369b-07fd-58e3-9f23-6cb89ecc5616,scooter,39.955307,-83.065533,,14.86,True,False,False,0
Veo,9a4b56de-7d1b-5c33-9fd4-1b185f3cd753,scooter,39.956907,-82.91552,,10.31,True,False,False,0
Veo,62bbb16a-42c4-5fc3-aaba-ddc574cf4e4f,scooter,39.978834,-83.004173,,28.14,True,False,False,0
Veo,2b47185d-2c92-5c84-97f2-e886f2b78a3a,scooter,40.003915,-83.014714,,28.14,True,False,False,0
Veo,ab9ba6f3-d798-5f00-a834-d989fb4d12c1,scooter,39.997445,-83.000541,,9.65,True,False,False,0
Veo,464dc014-590b-5a32-93fc-2c8ef44421ee,scooter,40.001416,-83.011374,,18.67,True,False,False,0
Veo,aa8a1d7d-e47a-5fe6-add0-da44b9a12c50,scooter,39.96326,-82.953261,,26.25,True,False,False,0
Veo,7e5b6ba7-d216-5862-8c06-5108de9f916a,scooter,40.003632,-83.013991,,27.02,True,False,False,0
Veo,edc9e408-e556-50aa-a4a8-05022a1c7792,scooter,40.001983,-83.013601,,14.61,True,False,False,0
Veo,739c19a2-00c9-542e-8e1f-fd2cc40f75b9,scooter,39.949183,-82.995442,,24.33,True,False,False,0
Veo,3e764e8a-1810-5a67-a267-ac1db2e9ccce,scooter,39.954702,-82.971031,,19.05,True,False,False,0
Veo,cdc824b4-90b2-5d11-9446-8bde6e1b4900,scooter,39.963012,-82.990229,,28.01,True,False,False,0
Veo,9323d638-8f88-5823-adb5-a5a4cbb09b1c,scooter,39.993835,-82.983345,,23.77,True,False,False,0
Veo,d7deb979-e25b-555b-91ce-c2dca458da7e,scooter,39.975999,-83.003272,,23.02,True,False,False,0
Veo,3fc75650-558c-5e91-b417-b9396f50e912,scooter,39.978722,-83.004111,,27.02,False,False,True,0
Veo,59d05f92-2fe2-57c8-ac18-6ffc75447caf,scooter,40.010209,-82.984804,,18.67,True,False,False,0
Veo,46befb3a-529a-5290-8e54-df7f5ddb8b3c,scooter,39.974672,-83.003011,,24.33,True,False,False,0
Veo,22c3f056-c96b-5241-85fa-206962b021b7,scooter,40.016974,-82.978418,,28.14,True,False,False,0
Veo,e959444f-183e-51a4-87f2-981bdbfcca4d,scooter,39.990822,-83.004118,,7.62,True,False,False,0
Veo,aedbc624-5ec8-5383-9e6e-debec53af5bd,scooter,39.964465,-83.005899,,28.14,True,False,False,0
Veo,79fa1aab-6247-5829-97d3-7bb516801a30,scooter,39.954135,-83.013698,,25.65,True,False,False,0
Veo,9a9a580f-c58b-5baf-8627-fef487c49994,scooter,39.989252,-83.013292,,24.84,True,False,False,0
Veo,34de8581-7832-5d8f-8f29-8b2953337929,scooter,39.998507,-83.017265,,20.78,True,False,False,0
Veo,92e84e04-d358-5ff5-abe5-9db95b796b49,scooter,39.954171,-83.013751,,25.94,True,False,False,0
Veo,59beeb97-1d5e-53de-87c2-fe0609bc1bb9,scooter,40.004594,-83.01257,,23.77,True,False,False,0
Veo,661bbebf-d793-512f-874e-6395fa7c158e,scooter,39.944562,-82.989628,,22.7,True,False,False,0
Veo,81bb5e8a-7708-52db-99a4-ddd6e6aa21ed,scooter,39.994381,-82.995513,,24.33,True,False,False,0
Veo,8704e81c-1e5f-598f-b46f-812cc910b82f,scooter,40.008566,-82.972806,,27.77,True,False,False,0
Veo,df00af88-5f3e-541f-9987-b47fd3d54a4a,scooter,39.992007,-83.006497,,17.89,True,False,False,0
Veo,243f7bf9-701e-5b98-8306-7fae1cf50f7b,scooter,40.010129,-83.000506,,13.1,True,False,False,0
Veo,932a4734-5ce8-5c78-b4c1-5b5ae37e4328,scooter,40.005312,-83.01017,,27.44,True,False,False,0
Veo,3ec8c096-cb6c-531d-a634-5207bb47076e,scooter,39.959209,-83.00188,,24.84,True,False,False,0
Veo,d161906f-6007-5c83-bec2-e4dffbcd469e,scooter,39.95276,-83.114908,,28.14,True,False,False,0
Veo,71ad074c-f697-5f0d-b11e-c9cc29491279,scooter,40.039576,-82.995417,,25.65,True,False,False,0
Veo,e464e802-b9a0-56b4-be1c-9828b2b9f6a1,scooter,39.938597,-83.066748,,28.14,False,True,False,0
Veo,07ceee8c-77c6-5f8d-baa4-68aa813ad67d,scooter,39.975406,-83.003236,,23.77,True,False,False,0
Veo,fb1cb739-0a35-5a97-a3dd-cd34debfa32d,scooter,40.008092,-83.012681,,4.78,True,False,False,0
Veo,a6902a80-a750-5e73-b224-99a51acc8a04,scooter,39.962927,-83.000723,,15.45,True,False,False,0
Veo,9e50a075-842c-599f-930c-036897f9643a,scooter,39.966044,-83.003166,,16.39,False,False,True,0
Veo,8c193e75-98bc-529c-982c-5aa9f9b0b5fa,scooter,40.014118,-83.013905,,26.78,True,False,False,0
Veo,a1efa59a-79fb-5dc2-a053-1ba367c38baf,scooter,39.948773,-82.982664,,28.14,True,False,False,0
Veo,27e92356-ae50-558c-8f0a-d3067708635b,scooter,39.981939,-83.01191,,22.39,True,False,False,0
Veo,6169e632-3bce-5642-b43c-a9777c6d2f2e,scooter,39.961495,-83.007703,,13.86,True,False,False,0
Veo,30c09908-640e-597f-aa00-fd6541b07bc1,scooter,39.997298,-83.014872,,7.62,True,False,False,0
Veo,9df9ddc1-911e-5a07-b3a4-132955774d26,scooter,39.956047,-83.053597,,18.67,True,False,False,0
Veo,e38bd8d4-1992-501d-a694-54a6704636cb,scooter,39.974663,-83.003015,,24.06,True,False,False,0
Veo,0843fb3a-e4fe-5cf9-8120-a163e3623ef6,scooter,39.96077,-83.012775,,23.77,True,False,False,0
Veo,b8888fad-64f1-5180-88c7-7da04e5d99e2,scooter,39.950914,-82.965219,,28.14,True,False,False,0
Veo,e4c5903c-da0d-581e-b801-da7f4062f280,scooter,39.954149,-83.013692,,20.37,True,False,False,0
Veo,c73f5cd0-bd15-530a-a643-e81391b775e2,scooter,39.965995,-83.001381,,27.02,True,False,False,0
Veo,a3f1c2f6-99c8-573b-ad8c-2b4276be2d41,scooter,40.004646,-83.011583,,28.14,True,False,False,0
Veo,091a2730-3135-5111-bac8-1e692cf9d80f,scooter,39.997,-83.007534,,25.34,True,False,False,0
Veo,93547ed2-742c-59cf-b1a5-c753ba8aa3e7,scooter,40.00126,-83.010627,,25.74,True,False,False,0
Veo,a7c06b35-66e7-565e-afd6-f4af0a91bc41,scooter,40.002144,-83.011963,,4.92,True,False,False,0
Veo,007ccd12-ba31-5f2c-9a1d-00c2ec676495,scooter,39.991911,-82.938225,,19.05,True,False,False,0
Veo,6ed84359-899e-55c5-87a1-ab9da2087fc9,scooter,39.96934,-83.009451,,25.94,True,False,False,0
Veo,25c9852d-956c-55e0-a423-975a7893ce26,scooter,39.957377,-83.01137,,28.14,True,False,False,0
Veo,aeae3d3e-a5ba-59a9-94b4-029715919033,scooter,39.951211,-83.024217,,28.14,True,False,False,0
Veo,ddd46567-2595-5fac-840d-8ef18c8f7076,scooter,39.948067,-82.969638,,27.44,True,False,False,0
Veo,4cca9063-1544-5053-ab37-c4fa4ab90506,bicycle,39.958963,-83.012954,,25.65,True,False,False,0
Veo,4eb4da17-5d07-50c2-9f5b-15426b5e5904,bicycle,40.00155,-83.048198,,4.92,True,False,False,0
Veo,dc0019bf-8e12-565d-be50-20d83748f94f,bicycle,40.101003,-83.109148,,4.19,True,False,False,0
Veo,c0b41725-ee9b-5ff2-b7e2-b46e454c4e08,bicycle,39.9473,-82.933123,,28.14,True,False,False,0
Veo,61927a3c-41bd-5b61-8355-25a835836299,bicycle,39.996051,-83.006491,,15.45,True,False,False,0
Veo,b8ed92da-cac7-5448-a4b0-9c3374b1948b,bicycle,39.972054,-83.022097,,5.44,True,False,False,0
Veo,6d3346e5-3efd-55d3-9879-ea0276b1ca38,bicycle,39.958737,-82.99987,,25.65,True,False,False,0
Veo,5edbb1a5-f610-596d-bd33-c84b186dbbcc,bicycle,39.959031,-83.001825,,27.77,True,False,False,0
Veo,e21ea17c-0aa6-5f62-a685-0f6593a151b7,bicycle,39.956052,-83.053618,,28.14,True,False,False,0
Veo,9877a95b-3914-510b-92bf-61f9af9597f1,bicycle,40.002488,-83.011967,,23.33,True,False,False,0
Veo,4b11ea18-e386-5629-8c86-86b1f735ce50,scooter,39.989751,-83.013459,,28.14,True,False,False,0
Veo,0481aa4e-f67e-5777-b82b-38d6c9e45c0f,scooter,40.012615,-82.942146,,13.86,True,False,False,0
Veo,b344bbc1-5fbf-5fe2-b964-1be11a5f7431,scooter,39.964101,-82.980259,,28.14,True,False,False,0
Veo,bae98308-c6ad-58bd-a0c2-9a57be36a355,scooter,39.960742,-83.012706,,27.02,True,False,False,0
Veo,a114de3b-acf5-5e16-b32a-102f5ffcce25,scooter,40.018565,-82.977183,,27.77,True,False,False,0
Veo,d2bcf34b-a253-5b5c-9c9f-6142424606ea,scooter,39.960701,-83.012647,,25.74,True,False,False,0
Veo,e773eb1c-7ba6-5d2f-a806-2d10267b02b7,scooter,40.016208,-83.030508,,28.14,True,False,False,0
Veo,23180bfa-7120-5b77-bc14-cc8c5c0fea38,scooter,39.946287,-83.058553,,28.14,True,False,False,0
Veo,c8e2b05f-adeb-5032-943d-ba15cd7ae73a,scooter,39.985585,-82.998146,,25.34,True,False,False,0
Veo,f95bf145-4ab1-5fa5-a005-96fc3f78716d,scooter,39.983686,-83.011541,,8.09,True,False,False,0
Veo,837449bf-8296-5bfd-a091-376956fcd52b,scooter,40.002721,-83.01886,,12.28,True,False,False,0
Veo,41040ff0-89c8-5d4a-abe9-3e54bd9d6884,scooter,39.996868,-83.007079,,9.65,True,False,False,0
Veo,cf289706-99c4-54ca-be84-171900820009,scooter,40.002329,-83.015701,,23.02,True,False,False,0
Veo,eb4d8d92-62ba-5943-bba6-ecd41cbf79fa,scooter,39.95778,-83.003534,,14.86,True,False,False,0
Veo,38b5b90c-62b6-5fb7-ae23-baa96df51746,scooter,39.988839,-83.03254,,28.14,True,False,False,0
Veo,3ea9b421-a4df-5661-b7e3-3b5c490a4776,scooter,39.997498,-83.015022,,26.51,True,False,False,0
Veo,78fec080-7e39-5361-93f8-fdf8959024f7,scooter,39.999789,-83.016886,,27.44,True,False,False,0
Veo,de813f7f-ec08-53c8-a8b0-f84facb7e168,scooter,39.93828,-82.954416,,28.14,True,False,False,0
Veo,874981e3-80dc-5a5a-b856-8429cb3c54af,scooter,39.978512,-83.010906,,28.14,True,False,False,0
Veo,bbf55363-486a-543b-b11e-7eb9ecdd8c1a,scooter,39.993563,-82.98104,,27.44,True,False,False,0
Veo,3451ace7-4a55-559e-bc16-d4fd7110278c,scooter,39.99448,-83.0135,,27.77,True,False,False,0
Veo,19ea6be8-f776-59ae-a0c3-ee0de5c0cac5,scooter,39.961843,-82.981303,,28.14,True,False,False,0
Veo,5b0bd3b6-4145-5194-b7fa-315169417fce,scooter,40.004955,-83.019684,,28.14,True,False,False,0
Veo,561c34c0-c39d-5546-a1e1-3cdff9586547,scooter,40.018623,-83.024932,,26.25,True,False,False,0
Veo,22be3527-f2a9-5abe-8a87-60c1b6c4cd11,scooter,39.968022,-83.010067,,28.14,True,False,False,0
Veo,220de933-b005-53b3-98e4-d18f913ddafc,scooter,39.967916,-82.999805,,27.02,True,False,False,0
Veo,169bdef4-1d0a-514a-8501-70d34fae8fb1,scooter,39.995484,-83.040235,,28.14,True,False,False,0
Veo,11b69ed1-9e09-5c14-84dd-459be025251b,scooter,40.001971,-83.011479,,26.51,True,False,False,0
Veo,6952c2f5-dfe2-5645-a08a-aa388fb129c8,scooter,40.003062,-82.998465,,28.14,True,False,False,0
Veo,615b3447-7f7b-51b3-8230-02727d54ae32,scooter,39.982685,-83.003644,,20.37,True,False,False,0
Veo,dc47c3a5-b2f8-582d-881f-5ed14ae70468,scooter,40.035343,-83.016584,,28.14,True,False,False,0
Veo,175eaed1-ddb6-5008-8671-92531764952d,scooter,39.951251,-83.024226,,28.14,True,False,False,0
Veo,e2270692-c2c7-5263-84d3-57ac005dc40a,scooter,39.983225,-83.00567,,12.52,True,False,False,0
Veo,1a806ca7-9935-58f2-9d46-6e09893b0d12,scooter,39.990976,-83.038724,,25.74,True,False,False,0
Veo,91d88840-1b1f-5b4e-a380-2b9e71900b72,scooter,39.996501,-83.007446,,28.01,True,False,False,0
Veo,263ad123-12c0-559a-a1c3-76a10018cd3e,scooter,39.988988,-83.004221,,14.61,True,False,False,0
Veo,b19fa1c9-5865-5fcd-8fa3-7a67935953f0,scooter,40.00217,-83.010885,,22.7,True,False,False,0
Veo,3687e681-b982-567b-9ba7-ca7dfcfacbc3,scooter,39.963094,-83.004257,,28.01,True,False,False,0
Spin,8abafd68-8e0b-43bf-838f-3df81b69f5b4,e-bike,39.95496133333334,-83.01210109999998,37,9.95,True,False,False,1791504111
Spin,aa771ed2-70e4-4351-bc0b-dd57ebc1109c,e-bike,39.967596666666665,-82.954545,26,7.02,True,False,False,1791504040
Spin,bd095f33-eaf0-45d2-b999-9161c7b30da4,scooter,39.994065,-83.006793,76,20.78,True,False,False,1791504071
Spin,27a6f657-6952-4b6c-850d-b43ef5ebf9e7,scooter,39.994083,-83.006818,78,21.36,True,False,False,1791504088
Spin,ff92bfae-be52-4cef-b206-db98594b9a04,scooter,39.954931,-83.001144,47,12.88,True,False,False,1791504143
Spin,298dabc3-57b2-44ea-8326-a4cd11dbfa40,scooter,39.994049,-83.006823,76,20.78,True,False,False,1791504166
Spin,6344c618-e40c-48ec-bdf2-62ae629bc672,e-bike,39.96324743333333,-82.98132893333334,70,19.02,True,False,False,1791504107
Spin,4ab791db-6ccf-4ce8-8b27-d7a1a9dc7b3f,scooter,40.008814,-82.970588,63,17.27,True,False,False,1791504143
Spin,a918ee8d-8389-45bc-a8bc-f61f37cdfb06,scooter,40.008825,-82.970591,56,15.22,True,False,False,1791504150
Spin,5bb3b489-0f0b-47dd-8d2d-ed222a88cc27,e-bike,40.00881666666667,-82.97056666666667,31,8.49,True,False,False,1791504170
Spin,d909af29-1905-444f-b2fc-f8b8560e99a2,scooter,40.015569,-82.966276,82,23.28,True,False,False,1791504080
Spin,28b70692-7687-4934-afd1-04971651f8fb,scooter,40.000482,-82.979823,75,20.49,True,False,False,1791504083
Spin,8a50b985-7faa-48ec-b54b-741a26b11610,scooter,40.0013269,-83.00355970000001,71,19.32,True,False,False,1791503962
Spin,b2fa051d-53b8-42ad-b9a2-b4e9c01ddf12,e-bike,39.95621833333333,-83.01112833333333,43,11.71,True,False,False,1791504134
Spin,4c19ccb9-7277-4ad0-96ac-b097d69ca383,scooter,39.956163,-83.011181,45,12.29,True,False,False,1791504153
Spin,92903a36-e375-435f-b7f3-cc82d2a9dcb1,e-bike,39.95716538333333,-83.01493451666666,25,6.73,True,False,False,1791504161
Spin,a1dbcd13-54a2-487e-80e0-f5d22cd92d79,scooter,39.96098763333334,-83.011432,49,13.46,True,False,False,1791504010
Spin,d4c05ca5-9804-4bb1-b14f-513b0ea597b1,e-bike,39.95715023333333,-83.01495959999998,76,20.78,True,False,False,1791504100
Spin,f8e0c8ff-bd15-48d8-9859-a5e2f65edfdd,e-bike,39.95785333333333,-83.01291833333335,29,7.9,True,False,False,1791504041
Spin,49cf8560-9377-4616-b06d-b9e1c964e346,scooter,39.964666,-83.022371,41,11.12,True,False,False,1791504082
Spin,51f4de7b-867f-4b9d-8eac-65fb6ab0c0f5,scooter,40.014135,-82.974646,63,18.07,True,False,False,1791504157
Spin,800395a9-8dcc-4415-abc3-76091a605573,scooter,39.942334,-82.968431,28,7.61,True,False,False,1791504107
Spin,6aea3048-014a-44ec-9a48-2f2bdad12193,scooter,39.969115,-83.009745,28,7.96,True,False,False,1791504130
Spin,447f88a1-819e-42a9-b0aa-d15b5fcff59b,scooter,39.969981,-83.001888,70,19.02,True,False,False,1791504153
Spin,cc47cce3-109c-47ba-8c26-a863c011bb01,scooter,39.962969,-82.976564,62,16.97,True,False,False,1791504155
Spin,407295ed-79ee-4205-b3b1-229d38a35841,scooter,39.97192,-82.97027,51,13.76,True,False,False,1791504092
Spin,63e7af5d-b167-480c-900e-0adf78f416ec,scooter,39.973882,-83.002571,31,8.88,True,False,False,1791504000
Spin,ccb9bf6c-17d9-405c-9a82-7732865b37a1,scooter,39.973846,-83.002566,33,9.5,True,False,False,1791504117
Spin,242d9817-41d7-43dc-a832-779521e9475d,e-bike,39.96734553333333,-82.98160703333333,55,14.93,True,False,False,1791503980
Spin,e328e61c-9070-497e-9b7b-14bca1c4deb6,scooter,40.004099,-83.007809,17,4.68,True,False,False,1791504076
Spin,d8925ace-2358-4d77-a937-569ba26656ae,scooter,39.947746,-83.050955,89,25.43,True,False,False,1791504052
Spin,14c08d85-2d98-4ded-90e9-48666d68e009,e-bike,40.00003166666667,-83.00757166666666,45,12.29,True,False,False,1791504070
Spin,a9fa72c3-883f-46cc-8a53-d8c07e2528ed,scooter,39.995484,-83.006452,62,16.97,True,False,False,1791504159
Spin,67517b8f-4a86-43f2-a72c-32b970fdf11d,scooter,39.957555,-82.988762,89,24.29,True,False,False,1791504060
Spin,774118b8-f77e-41ff-a1d0-e2151503971f,e-bike,39.94358333333333,-82.97047166666668,90,24.58,True,False,False,1791504002
Spin,8fbdc4ac-fbd3-4096-acc0-73df7d4e5215,e-bike,39.963370733333335,-82.94766573333332,55,14.93,True,False,False,1791504175
Spin,2a32e874-a627-422a-8605-2e3513431900,scooter,40.023938,-82.989129,58,15.8,True,False,False,1791504179
Spin,f8f03531-6744-475c-a806-6b9232a7fc97,e-bike,40.003093199999995,-83.0078471,82,22.24,True,False,False,1791504116
Spin,54183ae1-f4c6-4947-9436-074457484156,scooter,39.945443,-83.01667,39,10.54,True,False,False,1791504054
Spin,1e1cda06-e19c-4de8-a803-98c5ac988c68,scooter,39.97136,-83.003054,42,11.41,True,False,False,1791504128
Spin,8f5ced47-dda9-4ab8-8f32-c35549950038,e-bike,39.959753633333335,-82.98593244999999,39,10.54,True,False,False,1791504073
Spin,7e86f784-6013-48f8-9c2d-713873b73fe3,scooter,39.958323,-83.008219,60,17.15,True,False,False,1791504108
Spin,6e64e604-03be-4b82-be83-a2818ad7e1c0,scooter,39.971299550000005,-83.00225100000002,28,7.61,True,False,False,1791504089
Spin,c760f9e3-6a35-4a82-8458-308643942081,e-bike,39.97131666666667,-83.00256666666668,38,10.24,True,False,False,1791504119
Spin,48b77970-1c34-41d5-86b4-f17e2ff925e9,e-bike,39.971313333333335,-83.00256333333333,42,11.41,True,False,False,1791504135
Spin,a2fc8cf8-934d-4488-a023-df5d8ba92a95,e-bike,39.971524550000005,-83.0025474,42,11.41,True,False,False,1791504155
Spin,fd0d2d72-2f9a-4252-90ff-64eec8b149e6,e-bike,39.971625,-83.00232833333332,70,19.02,True,False,False,1791504117
Spin,c43289f3-1f3b-47db-87cb-32156a2a9806,scooter,39.954975,-83.082415,92,25.17,True,False,False,1791504113
Spin,8a7dd00d-4a32-40b2-bf08-3b2c4aa1ae94,scooter,40.020824,-82.990753,90,24.58,True,False,False,1791504010
Spin,e30e7b43-2ae4-4c1c-afdb-776112fa0908,scooter,40.023751,-82.987321,69,18.73,True,False,False,1791503900
Spin,ac0d5737-f3e9-48d7-a615-830c61530e8a,scooter,40.023722,-82.987288,67,18.99,True,False,False,1791504110
Spin,f8676cb5-8c74-43bf-8dce-0ff5e1571a7d,scooter,40.023728,-82.987312,72,19.61,True,False,False,1791504075
Spin,eb5b61d7-ed36-445b-8ce9-2370bfb5adb7,scooter,40.017004,-82.97838,82,22.24,True,False,False,1791504144
Spin,fa926f64-ae1d-431b-a1ca-42ed8b7e158e,scooter,40.017033,-82.965575,73,20.83,True,False,False,1791504138
Spin,f793e34c-4885-4352-8173-9638d74af1a5,scooter,40.017072,-82.965589,89,25.43,True,False,False,1791504171
Spin,987ddc4f-f21a-4d58-b115-05b6244c182e,scooter,40.017071,-82.96557,91,26.04,True,False,False,1791504114
Spin,df774716-b645-4a8b-a5fb-f89880f53353,e-bike,40.01716,-82.96539833333333,81,21.95,True,False,False,1791504158
Spin,7375e582-6c85-42f2-b1a1-445b71cf81db,e-bike,40.017155,-82.96541,51,13.76,True,False,False,1791504164
Spin,03c54e6a-c309-4b14-a6e1-9a783e64f8d4,scooter,39.965386,-83.010142,75,20.49,True,False,False,1791503921
Spin,7b84f7bc-fcbf-46ce-bc49-1e75f1e8321c,scooter,40.01715,-82.965432,98,26.63,True,False,False,1791504093
Spin,00ae5b45-8eef-45b2-9844-5bf39fb979f4,e-bike,39.95630093333333,-83.0029425,89,24.29,True,False,False,1791504122
Spin,8a9f27fd-b22c-4773-8cfb-26daec6cc8c8,e-bike,39.955800599999996,-83.00327515,86,23.41,True,False,False,1791504056
Spin,ce9d6d50-b9cd-48fc-ab05-dec76eb5d41f,e-bike,39.95759613333333,-82.99902343333333,58,15.8,True,False,False,1791504173
Spin,e97882f0-6f65-4c15-b5fb-df2d88ddba8b,e-bike,39.955775,-83.00329833333332,94,25.46,True,False,False,1791504100
Spin,80fcd6f0-0ba7-44ed-a499-dea1a2db5b81,e-bike,39.95756493333333,-83.01140419999999,33,9.07,True,False,False,1791504040
Spin,9ec3438b-9da1-48a0-b69f-87b4fc73b7b1,scooter,39.958806,-83.011996,69,18.73,True,False,False,1791504136
Spin,448d96e9-91c3-4bc9-a833-ef8bf07ca37c,e-bike,39.956650933333336,-83.0132771,89,24.29,True,False,False,1791504100
Spin,49f21b3f-08f4-4800-b07b-b8717c77b95e,e-bike,39.96064166666667,-82.98164666666668,26,7.02,True,False,False,1791504171
Spin,690978a8-4ab7-4e00-94bb-71534bfd3c5e,e-bike,39.971453333333336,-83.00263000000001,34,9.37,True,False,False,1791504045
Spin,71388838-79a1-4c33-8797-b7ca729adc78,e-bike,39.971324966666664,-83.0021469,51,13.76,True,False,False,1791504100
Spin,ed701b3c-0ece-4474-9d8f-5ee423f6d8e7,scooter,39.993548,-82.981125,59,16.85,True,False,False,1791504133
Spin,58c744ba-5672-4cf1-aa51-47633d7e4b60,e-bike,39.96066166666667,-83.01280999999999,33,9.07,True,False,False,1791504046
Spin,89ec758a-0244-45df-a628-f2484b4f2617,scooter,40.014577,-82.985705,63,17.27,True,False,False,1791504055
Spin,4ff7c924-7ffb-48cf-bfdb-b89baa24e46b,e-bike,39.96024643333333,-83.0173393,23,6.15,True,False,False,1791504145
Spin,f4e5f408-4824-429f-9e01-91e3d1fec1d3,e-bike,40.0178152,-82.97476495000001,28,7.61,True,False,False,1791504069
Spin,caf5dd9e-056a-490b-90ba-fcdc01a642c9,e-bike,40.0073493,-83.01740139999998,32,8.78,True,False,False,1791504175
Spin,06917a88-9d75-40aa-b29b-d8dfd9d1cb45,e-bike,39.95410783333333,-82.99909213333333,49,13.46,True,False,False,1791504124
Spin,1c132304-bdf1-42e6-957a-749c74d4e5be,e-bike,39.966511233333335,-82.97727775,86,23.41,True,False,False,1791504002
Spin,33de8818-8cff-44f0-ad14-73aaacc2acbd,scooter,40.004315,-83.0054401,89,24.29,True,False,False,1791504106
Spin,5df0b8fd-9e8f-41f1-8de4-13d68d6468a7,e-bike,39.954185,-83.02110333333333,40,10.83,True,False,False,1791504178
Spin,cd4df52e-ffe2-4616-aed7-f440a43f631e,e-bike,39.95565893333333,-83.00438539999999,89,24.29,True,False,False,1791504169
Spin,c2ac710b-b527-4716-9c07-283b0959ab49,e-bike,39.95583333333333,-83.00127333333333,77,21.07,True,False,False,1791504009
Spin,ce2b20e7-22dd-4d66-b5ed-9b6bd82c0c55,e-bike,39.96948903333334,-82.99330963333333,26,7.02,True,False,False,1791504160
Spin,4c214957-b1b8-4741-b7db-6beb32f2131f,scooter,40.012878,-82.968134,67,18.99,True,False,False,1791504172
Spin,07ced663-8f8b-491c-8319-987e123a446b,scooter,40.017102,-82.965365,37,10.42,True,False,False,1791504057
Spin,0349225e-880c-4de5-95d1-03ee3c9b7eaa,e-bike,40.0195643,-83.02575899999998,73,19.9,True,False,False,1791504117
Spin,ce24ff34-7b07-4daf-86fa-5383a75e0541,scooter,40.017071,-82.965575,73,20.83,True,False,False,1791504055
Spin,9285b03c-018b-4a29-a0d9-34eef6afeb49,scooter,40.012027,-82.968555,81,22.98,True,False,False,1791504110
Spin,39848e57-e0c3-4c04-aeaf-f1b207266f98,scooter,39.963232,-82.98134,54,14.63,True,False,False,1791503965
Spin,176d6800-00b3-43a2-a69e-30a5d074322b,scooter,39.963233,-82.981376,40,10.83,True,False,False,1791503940
Spin,ea31d146-791d-4ffe-a25a-ba70828aeb01,e-bike,39.948748333333334,-82.98267833333333,96,26.05,True,False,False,1791504065
Spin,4ef0e068-3448-4355-af20-718fa76a5ee8,e-bike,39.948746666666665,-82.98268000000002,39,10.54,True,False,False,1791504035
Spin,96963d54-830d-4c45-b640-6a12a1b0a307,scooter,39.972479,-83.008617,75,21.44,True,False,False,1791504128
Spin,48ad2658-386a-4e99-80e5-59b25b09954a,scooter,39.964184,-82.98561,56,15.22,True,False,False,1791504069
Spin,f9671c42-b87b-465e-acf3-82748249cefe,scooter,39.940456,-82.983483,71,19.32,True,False,False,1791504050
Spin,ba54a3f7-757f-4ab2-876b-9c972a2f1d3b,scooter,39.940456,-82.983523,87,23.71,True,False,False,1791503953
Spin,c4bae003-3d66-497b-b1b6-26364f5fd20a,e-bike,39.95818725,-83.02109116666666,47,12.88,True,False,False,1791504139
Spin,7778ae2f-d44b-44ff-b088-ab8d4062cf99,e-bike,39.96047563333333,-82.98467873333333,59,16.1,True,False,False,1791504045
Spin,639ced33-b167-44e8-898a-30f61c9c5108,scooter,40.00014,-83.00753,90,24.58,True,False,False,1791504133
Spin,824583c4-f391-42ed-ab1d-23533066a9ed,e-bike,40.0000097,-83.00761323333333,85,23.12,True,False,False,1791504044
Spin,5f5d34c7-be45-47c8-a558-7ae56f1dff47,e-bike,39.95890983333334,-83.0118813,70,19.02,True,False,False,1791504141
Spin,3840effb-19c3-4b15-8a46-5ae2c55b74d2,e-bike,39.96059493333333,-82.98136453333333,67,18.15,True,False,False,1791504139
Spin,5cabc057-95af-40c4-8f02-f144bd703bbb,scooter,39.97380805,-83.00254240000001,94,25.46,True,False,False,1791504171
Spin,8a2c8de0-127e-4ce0-9e93-32431657500f,scooter,39.971349,-83.002631,78,21.36,True,False,False,1791504159
Spin,95aa152d-b199-4ec7-b930-8079e22b45cd,e-bike,39.97457345,-83.0032842,31,8.49,True,False,False,1791503938
Spin,cb8977e5-901f-4e09-9d33-150bae321777,e-bike,40.0072494,-83.01759650000001,70,19.02,True,False,False,1791504136
Spin,ee9081bb-f2ae-4e5f-836b-4eba89b1ed21,scooter,39.958753,-83.033646,20,5.56,True,False,False,1791504141
Spin,79009dee-7600-4510-95a0-637d374dd42a,scooter,39.96577,-83.019783,58,15.8,True,False,False,1791504149
Spin,3cd45b20-3481-4912-b7a8-aadab749db5e,e-bike,40.031801800000004,-83.01611380000001,22,5.85,True,False,False,1791504072
Spin,4cab5010-4ecb-4b23-adce-c864f5fbcdd2,scooter,39.92640323333333,-83.0757348,52,14.05,True,False,False,1791504121
Spin,c44158ab-8c84-4a10-ba1f-6a7ce6a6b901,e-bike,40.0064982,-83.0181772,66,17.85,True,False,False,1791504167
Spin,f6b7c348-f46d-4af5-889d-de5f5322aeea,e-bike,39.93797333333334,-82.97194333333333,97,26.34,True,False,False,1791504161
Spin,7de0f504-34bf-4074-88f3-156f0a69ea8f,scooter,39.973915,-82.973804,15,4.1,True,False,False,1791504161
Spin,13ef5a38-556e-4fba-b3cf-a84f4c596762,e-bike,39.963215283333334,-82.98129255,74,20.19,True,False,False,1791504002
Spin,846832ef-e651-40be-8cf2-aa63b51711fa,e-bike,39.970346666666664,-83.00126999999999,90,24.58,True,False,False,1791504045
Spin,50ecbf19-4a84-43b2-9d04-43cbf8973e3d,scooter,39.9572,-83.006779,44,12.0,True,False,False,1791503980
Spin,24940bc8-0e90-4323-a71a-c24e2aa26983,scooter,39.959115,-83.035693,68,18.44,True,False,False,1791504056
Spin,22327d6f-fef6-4dc8-b0fe-474d1c048539,scooter,40.005333,-83.005244,62,17.77,True,False,False,1791504134
Spin,b630e823-af1b-44d5-8f40-0c64e83f0685,e-bike,39.95758073333333,-83.01138619999999,22,5.85,True,False,False,1791504067
Spin,2dc472ef-689c-4821-b7ad-cbf9a3acc7c5,scooter,40.004914,-83.008919,53,14.34,True,False,False,1791504121
Spin,0fa9353e-311c-4e2b-9ac4-2cd15f62deea,e-bike,39.96676076666667,-82.99890054999999,26,7.02,True,False,False,1791504019
Spin,61f35979-cd38-4a8f-a4ad-0707a58f82d5,e-bike,39.97122666666667,-83.00233166666666,60,16.39,True,False,False,1791504042
Spin,7e61b081-6726-48ff-a110-ed0c8910c929,e-bike,39.97169535,-83.00260699999998,71,19.32,True,False,False,1791504068
Spin,513959bc-cb16-4fe9-8ded-6af3fd133881,e-bike,39.97173833333333,-83.00235666666667,31,8.49,True,False,False,1791504110
Spin,4951fad3-82c0-4f20-bff9-4fc4a1f1daa0,e-bike,39.97158833333334,-83.00238833333333,82,22.24,True,False,False,1791504065
Spin,197ddae8-7981-463b-a39a-82e7374a1569,e-bike,39.96260003333334,-82.89052481666667,45,12.29,True,False,False,1791504090
Spin,8b3b8bbd-9907-4ca9-9451-286440923a5a,e-bike,39.962000833333335,-82.98733173333333,45,12.29,True,False,False,1791504173
Spin,ca2ae17a-ebeb-4639-894f-1d542e5578fb,e-bike,39.95475883333334,-83.0028292,33,9.07,True,False,False,1791504154
Spin,7c532369-79d5-436f-be6e-27402aa63584,scooter,39.970670049999995,-83.00132909999999,74,20.19,True,False,False,1791504137
Spin,3bb145da-7a4d-4576-977d-2b5834f8bbb0,e-bike,39.953652633333334,-83.0005133,41,11.12,True,False,False,1791504092
Spin,fea50c30-7256-4ade-a8de-ff12b2db8c56,e-bike,40.01459178333334,-83.01104996666666,86,23.41,True,False,False,1791504086
Spin,804937cf-8f44-4247-9c98-4be1784ea2fe,e-bike,39.998395433333336,-83.0083095,56,15.22,True,False,False,1791504118
Spin,813bffdc-21c9-48bc-af8d-7662c72a6753,e-bike,39.94380163333334,-82.98352423333333,43,11.71,True,False,False,1791504164
Spin,78ba390d-2b7c-49ea-9277-adb75565e5c1,scooter,40.015626,-82.966308,87,24.81,True,False,False,1791504149
Spin,9e9e23c2-6186-4477-a8c2-ac1c1272c277,e-bike,39.960625,-82.98170666666668,24,6.44,True,False,False,1791503955
Spin,497ddebb-0c52-4490-9e3c-2ba00c679d83,e-bike,39.960613333333335,-82.98169166666666,15,4.1,True,False,False,1791504058
Spin,e82c8825-671c-4720-8b50-2c7bc8006890,e-bike,39.960626733333335,-82.98162003333333,61,16.68,True,False,False,1791503957
Spin,d52184c4-b03e-4b60-9a22-ae955bf222d4,scooter,39.933137,-82.995903,65,17.56,True,False,False,1791504160
Spin,9ada99f7-c3d9-4ff6-ae1c-88a7afd91c58,scooter,39.933188,-82.996001,46,13.17,True,False,False,1791504004
Spin,adae9186-9b25-4c00-b845-a81e388a89fe,scooter,39.933151,-82.996038,44,12.0,True,False,False,1791504039
Spin,97e05eaa-1a64-41d1-8343-141639b3a74f,scooter,39.933128,-82.996009,40,11.33,True,False,False,1791504007
Spin,beffd1c9-0bb7-4904-875b-0856b64490f3,e-bike,39.933101666666666,-82.99594333333334,87,23.71,True,False,False,1791504118
Spin,35ea3676-00de-4feb-b0df-04cf76ccb293,e-bike,40.014625,-82.991165,73,19.9,True,False,False,1791504133
Spin,746eea81-5108-4abe-96bb-349f0b1811ad,scooter,40.014658,-82.991144,77,21.07,True,False,False,1791504158
Spin,570c2b70-e459-4e6c-a727-03516f6a06ca,scooter,40.014642,-82.991121,88,24.0,True,False,False,1791504007
Spin,c6b0736a-81c5-4542-9bba-0bfb1b78ab53,scooter,39.939391,-82.986304,97,26.34,True,False,False,1791504137
Spin,f5ae30ad-dbcd-46a1-9a7c-7f00e615c8d2,scooter,40.004167,-83.008778,74,20.19,True,False,False,1791504088
Spin,d3b7db43-e876-4897-a22c-cc74d305678c,e-bike,39.952329999999996,-82.986715,90,24.58,True,False,False,1791504040
Spin,e2a925b2-c69c-40d5-9ec5-e6122e4d4821,scooter,40.01459,-82.98577,92,25.17,True,False,False,1791504101
Spin,546f49ff-80fe-48b7-ad33-b6d86961c8f5,scooter,40.01447,-82.981555,27,7.66,True,False,False,1791504165
Spin,5b9d41f5-6484-428c-a5ca-887a721514c2,e-bike,39.95493643333334,-83.0039368,72,19.61,True,False,False,1791504090
Spin,546a62ce-f954-45a8-bb49-2ae449d46b2e,scooter,39.938419,-82.964648,19,5.27,True,False,False,1791504135
Spin,cb07dad7-e9e2-4cdf-a7e4-4d20a81424f4,e-bike,39.93839666666667,-82.96465833333332,100,27.22,True,False,False,1791504066
Spin,fa36e6b1-ed2e-45b2-a369-91485c176985,e-bike,40.013760000000005,-82.96793833333335,41,11.12,True,False,False,1791503973
Spin,dfdb6d28-55ca-4096-9fea-53eae556794b,scooter,40.014462,-82.981554,30,8.58,True,False,False,1791504116
Spin,9710cba5-9234-4985-b0c7-569308769dba,e-bike,39.935955,-82.98885,73,19.9,True,False,False,1791504133
Spin,2a245074-ade7-40b5-97db-8fb8f79fb416,scooter,40.017039,-82.965506,63,18.07,True,False,False,1791504057
Spin,8831135f-a7d7-4b59-9385-bbdbae570e21,scooter,40.014178,-82.974697,18,5.21,True,False,False,1791504076
Spin,c44cb8ba-43aa-429d-89c8-eeb1a96d4c80,scooter,39.938407,-82.964678,92,25.17,True,False,False,1791503922
Spin,4d2da1b8-18b1-4fda-9515-8e65d9d58029,scooter,39.935932,-82.988868,85,23.12,True,False,False,1791504168
Spin,3d26346c-1cf5-44b0-b21a-a14020e4d758,e-bike,39.97030815,-82.99123013333335,77,21.07,True,False,False,1791504179
Spin,6c406917-37eb-4d21-b606-d660c59cce51,scooter,39.952497,-83.056589,54,14.63,True,False,False,1791503945
Spin,1a5ab2fa-ec12-4eb0-8734-3794bb53346f,scooter,40.008802,-82.970566,100,27.22,True,False,False,1791504163
Spin,4b2130b6-14cf-4a93-8fa7-a6e5c41ca919,scooter,40.000462,-82.979771,82,23.28,True,False,False,1791504108
Spin,beb95ba6-837e-40e2-9e06-f085fefb83cc,scooter,40.008122,-82.970964,89,24.29,True,False,False,1791504103
Spin,80095ef4-f797-4ab7-bb6b-c0d50eb4d98e,scooter,40.000083,-82.979476,61,16.68,True,False,False,1791504102
Spin,7ea57030-4018-45e2-8118-a877d240103e,e-bike,39.95502053333333,-83.07049899999998,33,9.07,True,False,False,1791504112
Spin,73ccb0aa-81f9-4b94-b26f-bd7bd43ffff8,scooter,40.006789,-83.016722,62,16.97,True,False,False,1791504056
Spin,ed7812c6-092f-43fd-b539-70ad7f5dd3d4,scooter,40.006405,-83.014363,28,7.61,True,False,False,1791504169
Spin,b23b7418-0f8f-4d57-93db-823c9dc3cb57,scooter,40.006409,-83.014212,42,11.41,True,False,False,1791504130
Spin,cefb8165-124f-463f-8a58-fc834298fc78,scooter,40.006399,-83.014194,77,21.07,True,False,False,1791504089
Spin,1bd2ba28-3741-49e3-8e10-be0bdb24ab1c,e-bike,40.00645166666666,-83.01420333333333,49,13.46,True,False,False,1791504149
Spin,45ce3dc7-f7d5-4ccb-9b24-07b3d50c6664,scooter,40.006162,-83.014076,54,14.63,True,False,False,1791504144
Spin,c5388363-f673-404a-8f8a-b4427e503ebd,e-bike,40.0166006,-83.01213510000001,87,23.71,True,False,False,1791504125
Spin,5c2e284a-29f7-4156-a8be-bf09ee05a9f8,e-bike,40.016578800000005,-83.01214720000002,78,21.36,True,False,False,1791504126
Spin,b952dc05-8e07-48bd-b07c-967545bfae65,scooter,40.009989,-82.997503,48,13.17,True,False,False,1791504175
Spin,1c3867fa-57f2-45bd-8f87-d25a21a843d8,scooter,39.996662,-83.004774,78,21.36,True,False,False,1791503984
Spin,a0726d2c-ab28-4767-bbec-9c3afff8b7d5,e-bike,40.025398333333335,-82.97100833333334,25,6.73,True,False,False,1791504115
Spin,9d59f756-cffb-470b-8603-a26f52d1365c,e-bike,39.97498465,-82.98149613333332,69,18.73,True,False,False,1791504070
Spin,d2f111f3-e765-46f3-8287-3d52331d211e,scooter,39.940504,-82.983493,59,16.1,True,False,False,1791503971
Spin,e5e1e674-43bb-4a84-8acc-8d6ec4a6b105,scooter,39.947794,-83.050869,17,4.9,True,False,False,1791504112
Spin,e14bfd35-59aa-4bc0-ba8b-1c2fe03f4525,scooter,39.95908,-83.035718,62,16.97,True,False,False,1791504158
Spin,803e9507-37c0-4a7e-936a-fd86aa2fda39,e-bike,39.93252793333333,-82.99351303333333,66,17.85,True,False,False,1791504141
Spin,01e49e88-d7b6-426e-a33d-3bb81c5fe5d6,e-bike,40.0082929,-83.00715710000001,74,20.19,True,False,False,1791504131
Spin,b48cea65-60a3-48eb-a863-b8bc05b6c59f,e-bike,39.99891933333333,-83.00005379999999,52,14.05,True,False,False,1791504171
Spin,7269236d-3619-4176-90b6-54d4cfe37bf0,e-bike,40.028906666666664,-82.97101333333333,34,9.37,True,False,False,1791504137
Spin,c9458947-aec4-45e2-97be-1c2b6a619e33,e-bike,39.99305843333333,-83.00443150000001,76,20.78,True,False,False,1791503989
Spin,bd749747-110f-45b2-bb66-e53660f74eb0,e-bike,40.009895300000004,-83.0102063,56,15.22,True,False,False,1791504110
Spin,4dcc8934-b995-4bae-af90-772ec340e546,e-bike,40.0098616,-83.01019900000001,28,7.61,True,False,False,1791504074
Spin,2ec01dcc-784f-40ed-9813-330b3fad9b2e,scooter,39.966293,-82.975108,37,9.95,True,False,False,1791504179
Spin,4da35f8e-2a95-4087-8660-06452710e620,e-bike,39.940288333333335,-83.01364333333335,77,21.07,True,False,False,1791504115
Spin,4b36aa49-17d8-4949-99fd-e4091d6d0361,e-bike,39.96828893333333,-82.99446023333333,46,12.58,True,False,False,1791504096
Spin,77d2c7a0-542d-43cb-8a9c-3fe72731c45c,e-bike,39.96023683333333,-82.98679883333334,56,15.22,True,False,False,1791504144
Spin,098a6519-1e6e-4118-9b0c-195fedc1d245,e-bike,40.002034200000004,-82.99589083333333,29,7.9,True,False,False,1791504016
Spin,36800c7a-c187-45de-a13d-9ec527238444,e-bike,39.943533333333335,-83.04554666666667,39,10.54,True,False,False,1791504039
Spin,192a2e50-f3e0-46a2-8ec8-eda3ff076780,e-bike,40.0115713,-83.0151636,77,21.07,True,False,False,1791504128
Spin,bef35caf-6b22-46bc-a9e1-705ded25d767,e-bike,39.94715253333333,-82.99780643333334,40,10.83,True,False,False,1791504064
Spin,ccc6c4b2-1af3-48a8-9051-a2b4cd4aac48,scooter,39.978469,-83.017921,20,5.56,True,False,False,1791504078
Spin,beef7d0e-eadc-465c-b467-71dccf764809,e-bike,40.007259399999995,-83.00719910000001,60,16.39,True,False,False,1791504031
Spin,cfa3d895-48ee-41a3-a2b3-2d97ea500bab,e-bike,39.97089085,-83.0010177,27,7.32,True,False,False,1791504122
Spin,eba8a52d-a3d6-455d-ab4f-6f61d6744a92,e-bike,39.98804705,-83.00552709999998,43,11.71,True,False,False,1791504175
Spin,42798b7a-1132-4e58-8f82-26a26cf2d309,e-bike,40.0049877,-83.00857149999999,90,24.58,True,False,False,1791504117
Spin,ab8113c1-9c4a-44aa-89b1-95b0fa0a32b8,e-bike,39.95631903333333,-83.0029341,89,24.29,True,False,False,1791504157
Spin,274610d5-20be-481e-bceb-bc60813afac6,e-bike,39.957400033333336,-83.00802739999999,77,21.07,True,False,False,1791504068
Spin,2c22d0b7-7a3b-400d-a5ce-9bbdf590a361,e-bike,39.95741803333333,-83.0080284,65,17.56,True,False,False,1791504106
Spin,a66e9262-9706-4ff6-a6b2-35c74ae75481,e-bike,39.96236443333333,-82.99862933333334,88,24.0,True,False,False,1791504012
Spin,b7ed3f33-9d40-4eb7-9c3c-686029219036,e-bike,40.0157794,-83.01181229999999,51,13.76,True,False,False,1791504042
Spin,e654d590-ecaf-4bea-9c0d-a877b4551f97,e-bike,39.971605,-83.00237833333334,94,25.46,True,False,False,1791504033
Spin,024062ef-ccfe-4776-ade5-f987a6d4ee8b,scooter,39.972368,-83.003179,76,20.78,True,False,False,1791504170
Spin,dc0ae792-4f9a-44c8-ab87-9c40a726e220,e-bike,39.95756311666666,-83.01138868333334,19,5.27,True,False,False,1791504166
Spin,2ac96d67-71c5-4c90-90ed-1b8f757c8f50,scooter,39.994588,-83.003824,99,26.93,True,False,False,1791504169
Spin,170bed7a-2ca2-4716-a9f2-33e29e36ea0b,scooter,39.985942,-83.005271,92,25.17,True,False,False,1791504178
Spin,5a93f4e9-6492-4c12-b1b2-c73ba7920a81,scooter,40.001914,-82.998678,90,24.58,True,False,False,1791504141
Spin,78681760-371c-4304-a1f0-c35c1d33cb56,e-bike,39.98203143333333,-83.0120989,38,10.24,True,False,False,1791504117
Spin,2e410586-f499-4918-a859-cd5f46e0b1a8,scooter,39.997018,-82.999559,70,19.91,True,False,False,1791504109
Spin,fb7af53f-272f-40e6-8d99-d8bc96f51a7d,scooter,39.946546,-82.979565,84,22.83,True,False,False,1791504096
Spin,819da028-5a24-4863-bc5a-5aeeadd6a524,e-bike,40.067126300000005,-83.02706420000001,69,18.73,True,False,False,1791504093
Spin,16a85084-dffb-46c0-9c51-ebb9e05e8629,e-bike,40.0034883,-83.00483510000001,89,24.29,True,False,False,1791504148
Spin,9bdadfd4-d88c-4c88-8769-f04a2e675b9e,scooter,39.971599250000004,-83.0022412,70,19.02,True,False,False,1791504102
Spin,97ed284c-02d4-43ba-bf8a-a54c0e2ba8ff,e-bike,39.95807563333334,-82.97760994999999,48,13.17,True,False,False,1791504107
Spin,21e9278a-85bc-474e-bdb4-1164c9e0b222,e-bike,39.99184373333333,-83.01747160000001,87,23.71,True,False,False,1791504114
Spin,522dc434-533d-4441-b801-604951f661eb,e-bike,39.98794575,-83.0254184,39,10.54,True,False,False,1791504142
Spin,f93f5f91-cd02-43d9-89f1-816d11abde35,scooter,39.960866,-83.012671,69,19.61,True,False,False,1791503973
Spin,836c4605-dd17-4f1a-84e2-19135f8a5a1e,e-bike,40.0099717,-83.0102133,62,16.97,True,False,False,1791504176
Spin,af8e0f21-ed91-4c0e-a29e-87829772fc94,e-bike,40.006525,-83.019345,100,27.22,True,False,False,1791504166
Spin,9e19b0bd-fb0e-4169-bcc8-ce1790f38138,e-bike,40.00777166666667,-83.01546666666667,39,10.54,True,False,False,1791504075
Spin,e57c98d4-6bf2-4caf-bde9-56ecbe1e9438,e-bike,40.011005999999995,-83.0145594,43,11.71,True,False,False,1791504092
Spin,a827cfe5-9cc0-4c2d-b3e0-b408e87c5913,e-bike,39.950335,-83.03743166666666,43,11.71,True,False,False,1791504089
Spin,1bdc3a72-0558-42aa-ba39-9fd91314b267,e-bike,39.95034166666667,-83.03746000000001,84,22.83,True,False,False,1791504093
Spin,315ca294-51b8-4ba7-97ed-e479416d7f85,e-bike,40.00188,-83.00812499999999,29,7.9,True,False,False,1791504115
Spin,58b1eabf-4989-4fcc-874c-dceaaad453e4,e-bike,39.97390865,-83.00249710000001,61,16.68,True,False,False,1791504131
Spin,e7e37c1c-7e5c-4ab8-892e-ceb9d47b187c,e-bike,39.97386755,-83.00249030000002,44,12.0,True,False,False,1791504051
Spin,56168b99-7b2f-4eea-b6f4-0d5a8a5f06d6,e-bike,39.97387615,-83.002503,51,13.76,True,False,False,1791504058
Spin,cfec14aa-507d-4a62-9670-b2c9cbb7b66e,e-bike,40.0330156,-83.00004949999999,18,4.98,True,False,False,1791504140
Spin,3bdae033-39ec-4619-94cc-db1a83f7fea5,e-bike,39.97352505,-83.00251340000001,49,13.46,True,False,False,1791504068
Spin,5d758d3e-a345-4292-b7b1-fb7d47653258,e-bike,39.957496533333334,-82.95769513333335,63,17.27,True,False,False,1791504169
Spin,cfc3fd8e-4f76-4f5a-888a-7291fafaae20,e-bike,40.0086064,-82.99872013333334,63,17.27,True,False,False,1791504012
Spin,8ac45b59-305e-4d19-a972-9d5471bbb90d,scooter,39.958391,-83.031731,71,19.32,True,False,False,1791504165
Spin,ac88c142-36fc-4664-9713-2510b1d917e1,e-bike,40.0038958,-83.00584419999998,65,17.56,True,False,False,1791504155
Spin,b82d2f3e-2f23-4dc8-94dd-e3e17fdae74c,e-bike,40.006233800000004,-83.0087389,32,8.78,True,False,False,1791504137
Spin,2661111c-8e61-4727-894e-13e2ecbdb5fb,scooter,39.933737,-82.983084,83,22.54,True,False,False,1791504176
Spin,30333c2a-d3a4-4e4c-ab71-ef7bdbb380db,scooter,39.959971333333336,-83.06482489999999,59,16.1,True,False,False,1791503941
Spin,13acf857-114a-422f-94a0-2f0ada7bf684,e-bike,39.96533443333333,-82.96448993333334,75,20.49,True,False,False,1791504170
Spin,e6079c46-882b-4cb0-9158-8dccdd6e90b0,scooter,39.954115,-83.012423,60,16.39,True,False,False,1791503913
Spin,08d6385f-a316-493c-ba42-f3f1d39c3489,e-bike,39.96938113333333,-83.0120252,71,19.32,True,False,False,1791504155
Spin,124e812e-39f2-4380-9fc0-e1bc473c877e,e-bike,39.96384603333333,-82.99795263333333,25,6.73,True,False,False,1791504075
Spin,78be5f30-a78e-4c0d-8b80-6a0c2ed9ae90,e-bike,40.0039436,-83.00677660000001,37,9.95,True,False,False,1791504175
Spin,f897b3f9-0b5b-4c0d-af53-1d0cced8b8bd,e-bike,40.0039393,-83.00678869999999,58,15.8,True,False,False,1791504132
Spin,15e80bbe-6f13-47f1-a6b9-6aef2f44f099,e-bike,40.0101228,-83.01114879999999,87,23.71,True,False,False,1791503929
Spin,f1dd3d8d-7e52-445a-9560-268822f2f68d,e-bike,39.97442165,-83.02211190000001,49,13.46,True,False,False,1791504008
Spin,293f4b4c-5228-437e-981e-c78c10d6b91d,e-bike,39.974409349999995,-83.02214450000001,23,6.15,True,False,False,1791504001
Spin,c9a3badd-d6fd-42f5-9c20-297eedd869a4,scooter,39.99766923333333,-83.00668069999999,84,22.83,True,False,False,1791504071
Spin,15dc530f-8a36-461d-b0e2-2b0faa06f7b1,e-bike,40.0039436,-83.00686769999999,20,5.56,True,False,False,1791503996
Spin,e77dab7d-5685-42f3-8f1a-44d5551e0190,e-bike,39.99905613333333,-83.00381,53,14.34,True,False,False,1791504020
Spin,b5344b2f-95a2-4531-a8ee-b68cc0044e48,e-bike,39.99902803333334,-83.0038057,32,8.78,True,False,False,1791503983
Spin,28dedb2b-59d8-4554-b8ab-7171726a74cb,e-bike,40.0142679,-83.01145829999999,48,13.17,True,False,False,1791504132
Spin,1d1544d7-a017-4789-a7d9-04dab824ab3b,e-bike,40.003165100000004,-83.0043971,46,12.58,True,False,False,1791504124
Spin,57a076dc-728d-4ba8-b49c-c20554efabd4,e-bike,40.008161,-83.01098410000002,71,19.32,True,False,False,1791504119
Spin,998c9145-a2ed-430b-a58d-b8ff0b6d92ac,e-bike,39.96830763333333,-83.00933160000001,65,17.56,True,False,False,1791504024
Spin,515bf083-71a8-4d2b-b892-847cf6362229,scooter,39.961793,-83.001672,84,23.89,True,False,False,1791504089
Spin,8da87dea-e371-4e47-a1ad-09a134436a5c,e-bike,39.993290333333334,-83.0050101,40,10.83,True,False,False,1791504174
Spin,cdd826b9-a261-4a9c-b4c3-4947405022e9,scooter,39.997047,-82.978088,77,21.07,True,False,False,1791504066
Spin,e95ae3c9-977f-40a6-a0ca-42884d4fd099,e-bike,39.98856905,-82.99036863333335,66,17.85,True,False,False,1791504066
Spin,965ae09b-9227-48ce-a2cc-9abbd05d06f9,scooter,39.993996,-83.006772,57,15.51,True,False,False,1791504097
Spin,c86a8a6e-3c00-492e-92e1-0ac08d469eaa,scooter,39.994101,-83.006825,47,13.48,True,False,False,1791504026
Spin,b941362f-b75b-44ac-a980-12fd2f757eb7,scooter,39.994853,-83.006619,73,19.9,True,False,False,1791504121
Spin,ff2dfe2a-7434-48b2-9260-b01b3e9fd7e2,scooter,39.99777533333334,-83.0072467,77,21.07,True,False,False,1791504094
Spin,24140b7d-d756-4945-91e3-6c1ac003b507,e-bike,39.96087983333334,-83.0126216,28,7.61,True,False,False,1791504121
Spin,4de4dea6-4745-41cb-bfea-d54b5fd89c7d,e-bike,39.947223433333335,-82.92290533333335,95,25.75,True,False,False,1791504044
Spin,edfa8406-3368-41c9-89f5-1a543b1ae62b,scooter,39.943838,-83.072439,40,10.83,True,False,False,1791504142
Spin,d6fee56a-93a9-418a-8331-ef8793fb1d9a,scooter,39.995408,-83.010086,69,19.61,True,False,False,1791504050
Spin,251770ca-cbc3-4405-8536-f3c4970bebd8,scooter,39.943763,-83.072354,27,7.32,True,False,False,1791504085
Spin,2b54bafa-6fee-4470-a428-34dcfd92d3c7,scooter,39.99139543333333,-83.00603610000002,48,13.17,True,False,False,1791504162
Spin,c7bcf511-cf8b-4f91-b06f-674a1300920a,e-bike,39.970371666666665,-83.00255999999999,81,21.95,True,False,False,1791504067
Spin,a6e3cbef-fe22-42f7-b25f-b184071a4dee,scooter,39.990352,-83.005137,95,26.96,True,False,False,1791504172
Spin,5a968cb8-539a-4de3-9bfa-673bf3589267,scooter,39.98951005,-83.0266225,42,11.41,True,False,False,1791504131
Spin,3a3054cb-524f-40ff-8899-3bedbf430e96,e-bike,39.966392633333335,-82.99299173333333,61,16.68,True,False,False,1791504009
Spin,bac70115-6956-4021-869c-bb584f741e9d,scooter,39.959104,-82.97539,48,13.17,True,False,False,1791504080
Spin,74b6b3ce-3d81-4279-a560-8e9d04c3023a,scooter,40.0059841,-83.00886979999999,76,20.78,True,False,False,1791504073
Spin,b3ee2110-9fb8-4ca4-a74e-d42124c358ca,scooter,40.006188,-83.008895,38,10.72,True,False,False,1791504146
Spin,fd62abf1-04da-466b-93b2-bccf1d71c442,e-bike,40.006141666666664,-83.003275,100,27.22,True,False,False,1791504047
Spin,6c1b91e1-e81d-4bad-b780-aadb98b970c1,scooter,39.947386,-83.062084,20,5.56,True,False,False,1791504153
Spin,52524584-afa9-43ca-8569-8ae3f9c18aae,e-bike,39.977979350000005,-83.0157863,97,26.34,True,False,False,1791504153
Spin,23e7ddf1-0a94-4a2e-8ae2-29059db0c3a1,e-bike,39.969370033333334,-83.0120184,98,26.63,True,False,False,1791504132
Spin,9acf321e-6f0f-4689-a1f3-b0fe5db0d81a,scooter,39.971639,-83.002848,95,26.96,True,False,False,1791504129
Spin,5360c564-5946-43a1-80b6-c11053b2a4b0,e-bike,39.97128884999999,-83.00207145,88,24.0,True,False,False,1791504159
Spin,b9c3e50e-1dfb-48d0-adf3-bb6ffb5d4ee0,scooter,39.971325,-83.002478,98,27.88,True,False,False,1791503976
Spin,d3feac05-6494-43ea-b909-f9809f7fdc50,e-bike,39.94679133333333,-82.98609283333332,30,8.19,True,False,False,1791504151
Spin,1f0ee785-9539-49f4-a8e8-dd60ff989cae,e-bike,40.000658599999994,-83.0074158,55,14.93,True,False,False,1791503948
Spin,84f3f679-7431-4276-aa9b-18f8322bfc0f,e-bike,39.96935823333333,-83.0351423,66,17.85,True,False,False,1791504037
Spin,022a5d9d-8af7-40cc-9222-9afc58c86fa3,scooter,39.954885,-83.001201,74,20.19,True,False,False,1791504103
Spin,fc107f0a-dd6d-4a7c-8cf6-ca0a06085807,e-bike,39.93428423333333,-82.99610113333334,31,8.49,True,False,False,1791504028
Spin,79e6ebfd-a31c-4330-8169-7290af0ff570,e-bike,39.933556833333334,-82.99578833333335,77,21.07,True,False,False,1791504177
Spin,c290f123-f0ee-4685-83bb-fc595e3dddbf,scooter,39.964221,-83.066719,84,22.83,True,False,False,1791504114
Spin,d00ad235-a1e5-4f2b-ac26-b418be4ae836,e-bike,39.95756623333333,-83.0113957,90,24.58,True,False,False,1791504153
Spin,17f449e7-7a04-4b56-b092-0ea37bee8610,e-bike,39.95518773333333,-83.0121442,90,24.58,True,False,False,1791504100
Spin,d691f741-704f-4c6a-8889-0e3074ee5b29,scooter,39.95895463333333,-82.98771055,100,27.22,True,False,False,1791504150
Spin,9024eb93-ef30-4058-93c5-11091298f731,e-bike,39.93941973333334,-82.96653513333334,38,10.24,True,False,False,1791504107
Spin,5a010184-d64d-4134-8c5c-3411a29af1e3,scooter,39.990287,-83.013581,49,13.46,True,False,False,1791504091
Spin,9ea3470a-6e7e-4642-a32f-cce34482e433,e-bike,39.99279103333333,-83.0054863,85,23.12,True,False,False,1791504153
Spin,c34b7c72-d97f-4078-a720-9c252252017c,e-bike,40.0097963,-83.0133622,74,20.19,True,False,False,1791504050
Spin,2471f655-3558-40e0-8625-90467d6029c6,e-bike,40.010305499999994,-83.0203812,38,10.24,True,False,False,1791504157
Spin,e0b086b6-c439-4484-b242-adb9b0c0d5ce,e-bike,39.984146333333335,-83.02557219999998,90,24.58,True,False,False,1791504020
Spin,ce5d5a4f-adf8-46f4-b7c9-4417ff2d86ab,e-bike,40.008272899999994,-83.0070685,98,26.63,True,False,False,1791504123
Spin,0a6e01c5-d1e9-49fb-892e-584d9a58c0b4,scooter,39.995316,-83.007088,76,21.75,True,False,False,1791504167
Spin,8c5b913e-d795-4b27-98eb-1999d2465c51,e-bike,39.94421,-82.98161833333333,41,11.12,True,False,False,1791504177
Spin,8792a747-6553-40aa-afb7-b020fc935446,e-bike,39.955008150000005,-83.00217740000001,52,14.05,True,False,False,1791504172
Spin,4944c58c-0643-43e3-b49c-4a94fd3cb34b,e-bike,39.95616913333333,-82.99974823333332,92,25.17,True,False,False,1791504098
Spin,f8f18bf6-35d1-4e49-aea8-0a5615466741,scooter,39.978508850000004,-83.0047029,47,12.88,True,False,False,1791504101
Spin,817d977b-dbfe-4a7b-9f88-9ca7d89706e1,scooter,39.96350183333333,-83.00296240000002,98,26.63,True,False,False,1791504161
Spin,81a7e9db-2d70-4717-b35c-8c693adaecb4,scooter,39.963489233333334,-83.0030018,100,27.22,True,False,False,1791504074
Spin,02f27866-70d9-4101-b451-67c4abf5f0b6,scooter,39.96348953333334,-83.00299609999999,100,27.22,True,False,False,1791504058
Spin,5db4cc4a-d6d9-4501-ad16-4d4fde344a09,scooter,39.96349333333333,-83.00295009999999,100,27.22,True,False,False,1791504015
Spin,6a1467e5-4b08-4fca-8e49-24f56007aaf7,scooter,39.96348293333333,-83.00296449999999,100,27.22,True,False,False,1791504172
Spin,e1de96a8-5527-4b6b-b102-91ad65f3e7df,scooter,39.96348783333334,-83.0029837,88,24.0,True,False,False,1791504057
Spin,0e0c9f75-1781-446d-be77-8f1e786d6117,scooter,39.96349443333334,-83.0030049,82,22.24,True,False,False,1791503976
Spin,67323115-7cda-4fae-b437-3457d0da996b,scooter,39.96348593333333,-83.0029526,100,27.22,True,False,False,1791503997
Spin,2fac9afe-e0fb-4aef-89b0-8467871dc695,scooter,39.963483833333335,-83.0029979,100,27.22,True,False,False,1791504013
Spin,7eec3840-6c85-4d63-b3c8-d3259e1827e9,e-bike,40.0082006,-83.00625040000001,22,5.85,True,False,False,1791504143
Spin,04fa0f20-c8e0-44f3-92ec-619be47d21aa,e-bike,39.95823323333333,-83.01141260000001,22,5.85,True,False,False,1791504059
Spin,2abccc28-2d2b-4739-b613-bcab7215f810,e-bike,39.99189743333333,-83.00905759999999,41,11.12,True,False,False,1791504133
Spin,ab6ae2f0-7e28-4cdd-98e7-d7f3b948cf31,e-bike,39.95676363333334,-83.0030535,51,13.76,True,False,False,1791503982
Spin,835b6593-934f-49d3-a957-2cc1723678c8,e-bike,39.98729803333333,-83.01279840000001,19,5.27,True,False,False,1791504163
Spin,f773b270-492e-4945-9729-71cd085a73b1,e-bike,39.98577185,-82.99517783333334,86,23.41,True,False,False,1791504142
Spin,fc62c5b5-6068-4a5d-ae5e-f1c95473610d,scooter,39.951935,-83.10019,56,15.22,True,False,False,1791504090
Spin,7a229254-8276-4455-8c06-82bde7ca2e62,scooter,39.958385,-83.076075,60,16.39,True,False,False,1791504030
Spin,cbcc4342-4e52-46b4-b709-f0dcdf96dd25,e-bike,40.01534590000001,-83.00860519999999,73,19.9,True,False,False,1791503993
Spin,249a7bd7-611d-4519-9c04-bcc0b7817deb,e-bike,39.95758083333333,-83.01175229999998,86,23.41,True,False,False,1791504127
Spin,9186908b-1d9c-4c8f-bf16-27c789274c99,scooter,39.962641733333335,-83.00040310000001,24,6.44,True,False,False,1791504048
Spin,006401fa-4964-4139-8838-e790994a3d1e,e-bike,39.99160923333333,-83.01455519999999,42,11.41,True,False,False,1791504086
Spin,1f52aa16-ee31-4d94-9961-45a4a15687ef,e-bike,40.0119865,-83.0121881,86,23.41,True,False,False,1791503923
Spin,5bedacb4-7db6-4418-bcfa-1e9dabf3b8a8,scooter,39.945424,-83.016629,47,12.88,True,False,False,1791504173
Spin,d23ee362-79fa-4e8e-b2b6-c49a6cd24782,scooter,39.96349263333333,-83.00292429999999,95,25.75,True,False,False,1791504127
Spin,ec115fde-1c6f-4e21-9a2d-764be2ef5f8e,scooter,39.96348303333333,-83.00291739999999,81,21.95,True,False,False,1791504131
Spin,df060041-97aa-453d-a97e-16c1ad10b802,scooter,39.96349793333333,-83.0029328,100,27.22,True,False,False,1791504161
Spin,21ee3a6f-178e-4ff7-ae6f-bfd6e3801f61,scooter,39.96349083333334,-83.0029339,95,25.75,True,False,False,1791504073
Spin,bd39a0ff-7fcb-428f-a8c7-3f07fabbf543,scooter,39.96349743333334,-83.0029465,95,25.75,True,False,False,1791504063
Spin,2b670321-6141-4390-802c-f86eedeef38b,scooter,39.96350033333333,-83.00291970000002,100,27.22,True,False,False,1791503994
Spin,e2cde6ec-0941-4ce6-8a9e-7f7de6b65b1a,e-bike,40.006949500000005,-83.0515816,70,19.02,True,False,False,1791504167
Spin,befef43f-4a2c-4928-8a66-7867a17c6eb3,e-bike,39.96837123333333,-82.9991961,94,25.46,True,False,False,1791504161
Spin,7d6dd347-ab5f-40dd-9ee0-0021552ad45b,e-bike,39.950908133333336,-82.99584513333333,35,9.66,True,False,False,1791504054
Spin,051919d6-c5a2-494a-84d3-458fb66f3d4f,e-bike,40.0103442,-83.01010810000001,31,8.49,True,False,False,1791504110
Spin,2a5ba4ee-8390-404b-bc32-c49e39e03acb,e-bike,40.0103456,-83.01008750000001,69,18.73,True,False,False,1791504153
Spin,438f150e-0eaa-449d-8f3b-7cf00e5d4765,e-bike,39.99331873333333,-83.0067103,91,24.88,True,False,False,1791504123
Spin,6cab626d-8c7b-409c-98d1-b38b5a9439c3,e-bike,40.0028671,-83.00242860000002,87,23.71,True,False,False,1791504092
Spin,f59834f1-bb18-4c06-a5c9-1c42afdffd06,e-bike,39.991891933333335,-83.0063594,20,5.56,True,False,False,1791504172
Spin,672db1b4-737c-4d12-9b81-0cf35d7d7db6,e-bike,40.003269,-83.00841960000001,86,23.41,True,False,False,1791504123
Spin,fc65f987-d603-495f-a8a5-6a6f75997f43,e-bike,40.0039972,-83.00774150000001,40,10.83,True,False,False,1791504074
Spin,bfd71760-7eac-4281-b702-f08ff55186b8,e-bike,39.993262333333334,-83.00703389999998,41,11.12,True,False,False,1791504108
Spin,3c53e749-2668-4647-b2df-4ba5d39cd648,scooter,39.969078,-83.003926,85,24.2,True,False,False,1791504046
Spin,8be506a0-a6bd-40af-9d67-eef567eb58a6,e-bike,40.033301,-83.0161426,43,11.71,True,False,False,1791504024
Spin,952f4e8b-e751-47bd-bde4-8126827adce0,e-bike,39.984129233333334,-83.02557270000001,65,17.56,True,False,False,1791504151
Spin,3f00405e-8c1f-4f95-a35f-704374a92e4e,e-bike,39.93909333333333,-82.85200166666667,23,6.15,True,False,False,1791504082
Spin,ff895e81-5844-4f4c-9f0d-3c71c419a66f,scooter,39.96302153333333,-83.0042203,42,11.41,True,False,False,1791504173
Spin,0a0ed67f-0c6a-446c-8872-8378714b4088,e-bike,39.98403233333333,-83.0056508,73,19.9,True,False,False,1791504027
Spin,275d5fd6-132c-43d0-9e11-f7ddae56ff57,e-bike,39.954430933333335,-83.0016963,87,23.71,True,False,False,1791504098
Spin,4bb4b881-e355-4302-8473-860482dfd2f3,scooter,40.014547,-82.986641,90,24.58,True,False,False,1791504090
Spin,587667f5-f798-4798-9316-25346866aa51,scooter,39.970509650000004,-83.00242869999998,59,16.1,True,False,False,1791504142
Spin,e44d1f0a-8241-4dc9-b239-c9d7eafe4ceb,e-bike,40.0145965,-83.01344050000002,82,22.24,True,False,False,1791504059
Spin,2e5fe443-f9ff-4f86-b690-b54276796457,e-bike,40.0063713,-83.0052397,35,9.66,True,False,False,1791503957
Spin,d71c2928-cb71-4c3d-9cfb-224ba04768a9,scooter,39.97055555,-83.00246059999999,23,6.15,True,False,False,1791504142
Spin,6446c736-1a16-46ed-9af2-38d25da97795,scooter,40.01279,-83.010877,99,26.93,True,False,False,1791504146
Spin,a8579ca1-b5ea-492a-afd6-130e2cf72ec9,e-bike,39.99787703333333,-82.99809023333334,73,19.9,True,False,False,1791504175
Spin,bb7e1901-29f4-4618-a489-87c5b7bf2dea,e-bike,39.99217753333333,-83.00654963333334,41,11.12,True,False,False,1791504127
Spin,77cd829b-77e4-41ab-a437-fd0bbabc80ce,e-bike,39.97134005,-82.97572004999999,100,27.22,True,False,False,1791504127
Spin,d9bc2488-e7aa-4ce1-9192-f884b67f4a0b,e-bike,39.94945,-82.96740999999999,89,24.29,True,False,False,1791504167
Spin,582d313d-dd45-4bd3-b5aa-455f8ee4f30d,e-bike,40.0114751,-83.01333180000002,90,24.58,True,False,False,1791504111
Spin,809be6f1-ae46-4c09-ae46-2eb9fc10b544,e-bike,39.99938133333333,-82.99559903333332,52,14.05,True,False,False,1791504028
Spin,7d3d6d87-00ee-4805-a1c6-338c00d9526d,e-bike,39.98853055,-83.0007243,54,14.63,True,False,False,1791504147
Spin,2fca066b-a0e2-4fe2-abdb-68b3945b91b8,e-bike,39.978530549999995,-83.0047235,70,19.02,True,False,False,1791503921
Spin,92c965b1-b1c7-4d73-b5a2-b656bd568600,e-bike,40.0025714,-83.00601710000001,18,4.98,True,False,False,1791504128
Spin,e729ee5d-6c63-4901-be61-ca0c84f5e3b2,e-bike,39.99739663333333,-83.0066167,86,23.41,True,False,False,1791504091
Spin,f555cecb-c67d-4bef-a884-44211de5e9aa,e-bike,40.00649333333333,-83.01428,100,27.22,True,False,False,1791504088
Spin,8c222e12-de75-412f-b975-7e3da7153ce2,e-bike,40.017519799999995,-83.01455660000002,38,10.24,True,False,False,1791504162
Spin,61ec602d-de5d-4aff-9783-d2e8794848c1,e-bike,40.008230499999996,-83.00631800000001,68,18.44,True,False,False,1791503974
Spin,42337676-7e9d-48b5-aaaa-1e9f85ec1e4b,scooter,40.0018666,-82.99916203333332,31,8.49,True,False,False,1791504113
Spin,7114a1ea-8a07-43c1-9a2b-1ea63ffa1494,e-bike,39.99532923333334,-82.99952633333332,28,7.61,True,False,False,1791504065
Spin,1ac5f3c8-156d-4d22-8af2-234dc2d89128,e-bike,39.95941166666667,-83.0021,60,16.39,True,False,False,1791504086
Spin,9c1e732a-62cc-4edc-a0c1-970faafe9c30,e-bike,39.99259563333333,-83.0054257,69,18.73,True,False,False,1791504121
Spin,42102088-5b04-45ec-8d84-61e5cf280252,scooter,39.99406413333334,-83.00674159999998,49,13.46,True,False,False,1791503935
Spin,413656dc-7f9c-4b74-a8cf-19091ac44b11,e-bike,40.0298428,-83.0356194,71,19.32,True,False,False,1791504021
Spin,f030a222-4b74-4a94-b5fb-ec571b4c10bb,e-bike,39.971438049999996,-83.00226570000001,48,13.17,True,False,False,1791504092
Spin,faa8b9bf-eb6f-414d-9d4e-2f89a5574db0,scooter,40.013754,-82.967925,40,10.83,True,False,False,1791504090
Spin,36f201e5-8291-4f1e-ab13-192c848438e4,e-bike,39.97149245,-83.00600170000001,32,8.78,True,False,False,1791504155
Spin,951e9b5c-e66d-46e3-a649-8e93b4b02c0c,scooter,40.010012,-82.997498,48,13.17,True,False,False,1791504004
Spin,9798a072-8efa-4f19-a9b4-cd1ced81927a,scooter,40.01189,-83.013071,97,26.34,True,False,False,1791504179
Spin,eeacf02b-7401-46eb-abe6-9cfc33dfba08,scooter,40.011918,-83.012996,84,22.83,True,False,False,1791504158
Spin,3d2dacc8-4f74-4cfb-9db4-ab35457a40e7,scooter,39.972144,-83.003404,32,8.78,True,False,False,1791504127
Spin,aa0a52be-764e-4e0d-a00c-941afb1ddc3a,e-bike,39.98768495,-83.018798,86,23.41,True,False,False,1791503996
Spin,61c1f971-64ef-4268-b550-2a50fc7271fa,e-bike,39.988343650000004,-82.99721073333333,49,13.46,True,False,False,1791504021
Spin,089f54a8-2083-42e5-8748-e1db6e3e303b,e-bike,39.97091055,-83.000995,69,18.73,True,False,False,1791504044
Spin,e9e424ca-3f50-403c-bcad-526e2654869b,scooter,39.95887533333334,-83.0016224,44,12.0,True,False,False,1791503991
Spin,134bc265-619a-4746-b9c4-fb76078c7868,e-bike,39.98966166666666,-83.01515166666668,97,26.34,True,False,False,1791504109
Spin,45459d9b-8d8d-438f-a27b-161ec34da1b4,e-bike,39.95392583333333,-82.99911063333333,26,7.02,True,False,False,1791504025
Spin,2fb4059b-a383-4020-aaff-aa9052910886,e-bike,40.010183,-83.01029009999999,88,24.0,True,False,False,1791504164
Spin,8568da42-d9e8-4827-958f-88db08f8ae9a,scooter,39.94976,-83.054679,30,8.19,True,False,False,1791504164
Spin,195eaf74-fb8e-4a64-9c31-cc10e337155a,e-bike,39.96786733333333,-83.0057217,27,7.32,True,False,False,1791504047
Spin,4a1837d7-c039-49c2-8602-efe6c3897768,e-bike,39.99333573333333,-83.00541290000001,42,11.41,True,False,False,1791503991
Spin,508ba1ce-77ad-487e-a78c-54219b20d6bb,scooter,39.95889773333333,-83.00162100000001,22,5.85,True,False,False,1791504062
Spin,fbc5cd04-5ce0-4c55-a504-cafd2d3f5155,scooter,39.964981,-83.008811,41,11.64,True,False,False,1791503978
Spin,fc94844a-fcc9-45ec-a33c-e0c89d39d23e,e-bike,39.96306403333333,-82.99749213333334,37,9.95,True,False,False,1791504172
Spin,4173e851-6a0e-43f4-a157-864ffe0dae5f,e-bike,39.976309549999996,-82.97947295,53,14.34,True,False,False,1791503994
Spin,044144da-b44a-4772-bbf9-5b50ddec1840,scooter,39.987153,-83.004279,71,19.32,True,False,False,1791503995
Spin,e6522751-686e-476a-b1dc-69e4bddd3e32,e-bike,40.006481900000004,-83.01891589999998,51,13.76,True,False,False,1791504177
Spin,f84017ca-924e-4a0f-ba5e-2217e0c96c31,e-bike,40.023073,-83.0314334,86,23.41,True,False,False,1791504074
Spin,975203a7-fcfa-484b-bef0-121204041cb0,e-bike,39.984336533333334,-83.02436629999998,62,16.97,True,False,False,1791504115
Spin,9eba5cca-4c80-4bca-82ee-927e792ee46a,e-bike,39.986241033333336,-83.01212060000002,34,9.37,True,False,False,1791504157
Spin,b6162b42-7c17-4826-9f48-76138596173c,e-bike,40.009990099999996,-83.0152949,34,9.37,True,False,False,1791504047
Spin,d611a8db-c333-40af-bb3f-ca535c0a69bb,scooter,39.990554,-83.007209,84,22.83,True,False,False,1791504166
Spin,b36cf6f3-a2de-4706-8ae2-97569c104f48,e-bike,39.918593333333334,-82.98472833333332,85,23.12,True,False,False,1791504075
Spin,6c8b5377-4ad9-41de-80de-b6d05060bb46,e-bike,40.0065061,-83.01933929999998,31,8.49,True,False,False,1791504173
Spin,476ba111-98af-4478-ab75-ca54f3f0bb12,e-bike,39.950020333333335,-83.0016586,76,20.78,True,False,False,1791504153
Spin,79a637ca-db24-446f-9334-443c03997825,e-bike,39.94443733333333,-82.98301143333335,88,24.0,True,False,False,1791504145
Spin,00eb0f76-5f07-4ce2-b581-db8235bf066f,e-bike,40.01475833333333,-83.00162,22,5.85,True,False,False,1791503954
Spin,5fa08f40-4804-4cb4-9f94-ab12c960161e,scooter,39.958524,-83.074805,66,17.85,True,False,False,1791504100
Spin,b5fe8e42-12e6-4637-8945-c5bb0d5c972e,e-bike,39.99069613333334,-83.01741009999999,43,11.71,True,False,False,1791504058
Spin,8033d0e7-c3ac-4665-9b1a-1dfb5a351689,e-bike,39.99816023333334,-83.0016945,86,23.41,True,False,False,1791504050
Spin,2a453531-660f-4437-90c4-7e0cd622ce17,e-bike,39.985606250000004,-82.99538043333332,27,7.32,True,False,False,1791504162
Spin,b6af1249-c0d8-4af7-93c1-59a487742ebe,e-bike,39.96028583333334,-82.99348403333333,87,23.71,True,False,False,1791504094
Spin,0fe4e9ec-e9d2-47ff-adbd-2c6da752b715,scooter,40.0142129,-83.00121689999999,66,17.85,True,False,False,1791504003
Spin,e33d7fd6-2e18-448f-a881-160803c4fd38,e-bike,40.020763,-83.03823159999999,68,18.44,True,False,False,1791504056
Spin,49c7bd76-8945-431f-aade-37fc0cf22b81,e-bike,39.97852805,-83.0030084,38,10.24,True,False,False,1791504096
Spin,11e1e1a5-b63d-40cf-86ad-a27d9bc6ca16,e-bike,39.986102433333336,-82.97644065000001,48,13.17,True,False,False,1791504155
Spin,5b22dc41-d3d4-421a-8034-b199a8d88be7,e-bike,39.95739173333333,-82.98803595,19,5.27,True,False,False,1791504014
Spin,3c68cfbe-7c79-4887-8228-4189443beade,scooter,39.991183,-83.010578,27,7.32,True,False,False,1791504082
Spin,563555d7-543f-43ce-965a-0f0fa22b3e62,e-bike,40.01467666666667,-83.00022166666668,94,25.46,True,False,False,1791504142
Spin,6e2527c0-48c7-4485-8c5a-60a9156f5fa6,e-bike,39.97178254999999,-83.0072365,22,5.85,True,False,False,1791504051
Spin,a7dfd361-98f8-4899-b76c-162425336802,scooter,40.005676,-82.975671,74,21.14,True,False,False,1791504095
Spin,b0164b32-0761-4953-8590-151aa5a360d4,scooter,40.02012,-82.974916,38,10.24,True,False,False,1791504177
Spin,51422b07-d044-4b11-95fc-3580802eb4f9,e-bike,40.0002721,-82.99572203333334,54,14.63,True,False,False,1791504147
Spin,916701bf-839b-48c9-b026-280bd306e6e6,e-bike,39.98828195,-82.99820643333332,70,19.02,True,False,False,1791504176
Spin,727d4355-f64d-4146-9a79-a318b4f3ff36,scooter,39.95888703333333,-83.0245431,26,7.02,True,False,False,1791504138
Spin,3c04ce44-777f-4394-9976-86ffa7e81b62,e-bike,39.99345308333333,-83.00459546666667,90,24.58,True,False,False,1791503994
Spin,919ca208-343e-42cf-9f74-e1e3338f76dc,e-bike,40.014496666666666,-82.98776833333335,69,18.73,True,False,False,1791504040
Spin,07cde7ae-93b8-4725-9466-3b8a31d98354,e-bike,39.97886775,-83.0031362,24,6.44,True,False,False,1791504168
Spin,6879af14-8394-422f-8a2c-fe93dd1ef3db,scooter,39.942744,-82.982591,58,15.8,True,False,False,1791504141
Spin,46b11751-7de8-4c0a-a84e-0a537a2f3cd6,e-bike,40.012748333333334,-82.96796333333332,86,23.41,True,False,False,1791504174
Spin,c89eb278-d8de-47ac-bee0-5c30088d6f1d,e-bike,39.937706133333336,-82.99595113333335,52,14.05,True,False,False,1791504058
Spin,f907f15a-7ffc-4365-b2ee-8bfaa24b5e77,scooter,40.005979,-83.008781,37,9.95,True,False,False,1791504132
Spin,19b047f7-601c-42fa-96a9-d7466ed8dd15,e-bike,39.97209465,-83.0024186,85,23.12,True,False,False,1791504159
Spin,792a1d02-b5e9-469c-b31b-8b494fe77666,e-bike,39.93252103333334,-82.99351063333333,62,16.97,True,False,False,1791504175
Spin,1a3cc046-f224-407c-90e7-4286eeeffdee,e-bike,40.0003315,-83.007547,24,6.44,True,False,False,1791504175
Spin,4c61953b-a066-4dbd-95eb-ef5b4173de51,e-bike,40.006356600000004,-83.01476740000001,78,21.36,True,False,False,1791504143
Spin,7cd79948-32b0-44fc-bcfc-6bf2f2b06c12,e-bike,39.99217903333333,-83.0110987,60,16.39,True,False,False,1791504053
Spin,1596d562-c751-44c2-b043-24de259f26ed,scooter,39.958873133333334,-83.00160830000002,67,18.15,True,False,False,1791504142
Spin,e4dcdaf0-6175-4dd7-b025-893ec8632a5d,e-bike,39.98852765,-83.00074330000001,69,18.73,True,False,False,1791504074
Spin,4013b8ef-f011-4486-9157-dcdf1931c649,e-bike,40.006454999999995,-83.01415999999999,96,26.05,True,False,False,1791503961
Spin,faa2e7cc-cd02-4c13-8c6f-75ee470a79b8,scooter,39.940974,-82.983838,26,7.35,True,False,False,1791504071
Spin,88d0887f-8f72-4cda-89f1-648447eb76fb,scooter,39.955579,-83.005095,46,12.58,True,False,False,1791504155
Spin,c3c25908-4b9e-4bad-ad9c-21f1e86275b8,e-bike,40.0114796,-82.99729083333335,87,23.71,True,False,False,1791504033
Spin,889afd07-803d-4878-98ae-e0d272c18bc7,e-bike,39.96320373333333,-82.99821863333334,53,14.34,True,False,False,1791504062
Spin,a74b1a1c-a80a-43cc-bd6f-04f3ddefaece,e-bike,40.003515300000004,-83.0085727,66,17.85,True,False,False,1791504156
Spin,c0e46da0-83e8-49d4-bc95-88e24b11e5a2,e-bike,39.990338933333334,-83.01259890000001,32,8.78,True,False,False,1791504101
Spin,fe208369-1b01-4e5c-b451-09959ad93118,e-bike,39.972165000000004,-83.00730999999999,17,4.68,True,False,False,1791504157
Spin,2e31ee08-21b0-4b8f-9eb3-ce8728f278f6,e-bike,39.96177073333333,-82.98158033333333,87,23.71,True,False,False,1791504152
Spin,c0a6ca2b-078a-4379-a31f-40ee7c43cc04,e-bike,40.0060198,-83.00526409999999,91,24.88,True,False,False,1791503965
Spin,a364612c-9068-4b1f-8607-2bc9650be5c6,e-bike,39.99609783333334,-83.00060899999998,44,12.0,True,False,False,1791503982
Spin,cb768d5e-be7b-4c6a-979d-a47b3fe6d9da,e-bike,40.004588,-82.99846463333333,95,25.75,True,False,False,1791504155
Spin,53fd42e3-f737-4ce4-b917-892c7f6bfd4c,e-bike,39.96030553333333,-82.99782373333333,82,22.24,True,False,False,1791504169
Spin,61994370-7066-438e-bf98-56b9cc73dac5,e-bike,39.98089603333334,-83.00354870000001,81,21.95,True,False,False,1791503961
Spin,a858b203-1fed-4a11-b71b-c0949f7f4b82,scooter,40.0001258,-83.00795240000001,45,12.29,True,False,False,1791504168
Spin,879110bf-43dd-4d7c-910f-9a06373d3d8a,scooter,39.989078,-83.044416,41,11.12,True,False,False,1791504174
Spin,8f177757-006f-4b0c-b3a6-cc843a9a7397,e-bike,39.99924733333333,-82.99095673333335,65,17.56,True,False,False,1791504153
Spin,5daad998-726d-4ba0-8d3e-f1dc5ebd4782,scooter,39.96282,-82.987391,58,15.8,True,False,False,1791504176
Spin,5deeb8d3-9881-4ebc-a6a7-a405bec1e7db,e-bike,40.0076941,-83.02281280000001,61,16.68,True,False,False,1791504162
Spin,72f594d7-f3f8-491d-a068-3fc28f4fa782,e-bike,39.96799433333333,-83.00856719999999,32,8.78,True,False,False,1791504085
Spin,a96acb46-b9de-44f0-ba2e-0513ac8502b7,scooter,40.008861,-83.022019,40,10.83,True,False,False,1791504169
Spin,f5793f0a-2c05-4ec5-a341-b45e5488cbd8,e-bike,40.0036633,-83.008618,23,6.15,True,False,False,1791504082
Spin,7d774e63-3731-4739-8f5e-99f94b15ebf0,scooter,40.014877,-82.990377,90,24.58,True,False,False,1791504160
Spin,fe8cae97-955f-4ab2-9479-97539fe20748,e-bike,40.008071666666666,-82.970925,100,27.22,True,False,False,1791504173
Spin,03444d4d-f475-4887-8cd6-78476e64e837,e-bike,39.96794993333333,-83.00865700000001,71,19.32,True,False,False,1791504029
Spin,5fde271c-0281-4a6e-8029-a3615e335f12,e-bike,39.995431233333335,-83.0268909,49,13.46,True,False,False,1791504029
Spin,9a59d5bc-b96e-4d84-9098-731f7081d55c,scooter,40.000153999999995,-83.00799549999998,47,12.88,True,False,False,1791504159
Spin,a37278f9-39f1-43ad-b791-93919b8fcca3,e-bike,40.0010646,-83.0006652,86,23.41,True,False,False,1791504143
Spin,3cfc61fc-2063-4b48-b946-fa23a5daeffd,e-bike,39.99346153333333,-83.00478059999999,72,19.61,True,False,False,1791504058
Spin,ad584c6a-0e5c-4143-86fa-d82ca8a07f84,e-bike,39.955648333333336,-83.01527166666668,100,27.22,True,False,False,1791504105
Spin,b4a8c264-8f24-465e-9b89-ba47775b3746,e-bike,39.99293423333334,-83.00649630000001,83,22.54,True,False,False,1791504153
Spin,4583d579-b6f0-4f79-a516-c99f4738c009,e-bike,40.0037114,-83.00862149999999,26,7.02,True,False,False,1791504050
Spin,2665a8c1-4281-4b1b-b2c6-fdae38cd3a89,e-bike,39.957395,-83.01144500000001,40,10.83,True,False,False,1791504035
Spin,15c417e8-9af9-4d3c-bce5-db7089b8a0f7,e-bike,40.0057823,-83.0038604,45,12.29,True,False,False,1791504156
Spin,1d7d2a0a-518e-483c-a751-f8d2ff1e8605,e-bike,39.98558695,-82.99531823333334,94,25.46,True,False,False,1791504174
Spin,9dbe64e6-db6a-4f04-8cb7-1284f32c1852,e-bike,40.0143474,-83.01117049999999,23,6.15,True,False,False,1791504170
Spin,eaf93a7a-1945-4faa-b791-30e477675fc5,scooter,39.95759,-83.011444,100,27.22,True,False,False,1791504129
Spin,9643e567-ddd2-4f80-91ce-bdbfa79fcdbb,e-bike,39.957586666666664,-83.01175666666668,96,26.05,True,False,False,1791503927
Spin,17e6f05f-2350-47af-a798-7291ae2b249c,e-bike,40.0032831,-82.99942023333332,69,18.73,True,False,False,1791504090
Spin,0c6acd98-af89-4b90-964e-f3ce7580bc4e,e-bike,39.983561933333334,-82.99937943333335,94,25.46,True,False,False,1791504083
Spin,bcbed1a9-ca87-4910-8544-3047496801c1,e-bike,39.96627903333333,-82.99700503333334,62,16.97,True,False,False,1791504125
Spin,6d230484-85cd-40d3-a52b-c60eba9c3363,e-bike,40.012437399999996,-83.00034910000001,94,25.46,True,False,False,1791503991
Spin,d58195ca-6557-488e-8934-6a6b9598899b,e-bike,39.97086185,-83.0010106,62,16.97,True,False,False,1791504066
Spin,a691e1f4-1548-4082-8894-d3ce3840dbc1,e-bike,39.96116993333333,-82.96853763333333,67,18.15,True,False,False,1791504174
Spin,6a66059d-7534-4e1c-8dbb-452c7457cf9c,scooter,40.001566600000004,-82.99917063333332,100,27.22,True,False,False,1791504070
Spin,3c70a14b-ad3e-4e7e-bf6f-241e0c92b998,e-bike,39.977341349999996,-83.00355310000002,42,11.41,True,False,False,1791504075
Spin,14a3ea97-07dc-4d0e-b03e-98d7346de890,scooter,39.98276653333333,-83.00425509999998,68,18.44,True,False,False,1791504152
Spin,8d3fe84a-d347-4be0-89a4-b5be5084c7d3,scooter,39.967991633333334,-83.0086719,67,18.15,True,False,False,1791504146
Spin,406cae98-1dfc-4ceb-9db3-847a9e3ab475,e-bike,39.99544323333334,-83.0021353,18,4.98,True,False,False,1791504076
Spin,dc1d0173-d402-46f8-84a3-9a4583b79710,scooter,39.97716045,-82.99814293333333,100,27.22,True,False,False,1791503985
Spin,be613a24-66fb-4c85-8755-885007b49674,e-bike,40.006928900000005,-83.0026527,89,24.29,True,False,False,1791504020
Spin,81627dd0-33e8-4716-a9e9-deca656cc00b,scooter,39.948432,-83.042037,78,21.36,True,False,False,1791504158
Spin,a3569794-727f-4f34-bb40-965bb387c7cc,e-bike,40.0007259,-83.00778399999999,100,27.22,True,False,False,1791504123
Spin,03631748-f3ec-4d9d-8df6-be155ebdb15d,scooter,40.005842,-83.003701,44,12.0,True,False,False,1791504140
Spin,b949aed9-0228-4586-9cf9-f6edd10a9fe3,e-bike,39.99537553333333,-83.00692329999998,29,7.9,True,False,False,1791504137
Spin,0dfdeeed-b4b9-4d86-973e-3c9ea174c0f6,e-bike,40.010272099999995,-83.0127128,29,7.9,True,False,False,1791504175
Spin,b3f9f183-82ec-4f71-aae8-8b6fe415c4f1,e-bike,40.0055833,-83.0089301,58,15.8,True,False,False,1791504000
Spin,5d9de41f-3378-4837-83f7-cb2a26f48aa7,scooter,39.99740003333333,-83.00739290000001,78,21.36,True,False,False,1791503999
Spin,a6e209ca-f841-4221-b192-8f591ece586e,e-bike,39.96296983333333,-83.0041801,86,23.41,True,False,False,1791504060
Spin,421bf263-38c3-46c5-ae96-bcd94398a9af,e-bike,39.949125,-82.99826,92,25.17,True,False,False,1791504155
Spin,1010b564-76cc-41aa-b460-ff8dba6604b8,e-bike,39.95744683333333,-82.98958325,24,6.44,True,False,False,1791503999
Spin,644a849e-ab87-49d1-bb3d-5559db5a68e2,e-bike,39.968060433333335,-83.00864105000001,86,23.41,True,False,False,1791504104
Spin,cf1ff424-0bbf-453b-a09b-c8ba3affd5d7,scooter,39.968019633333334,-83.00865309999999,76,20.78,True,False,False,1791504146
Spin,e2233f4e-648f-478b-974a-f4cad3cc6d81,e-bike,39.96025873333333,-82.98686893333334,44,12.0,True,False,False,1791504166
Spin,ac37c3f2-9263-4891-8420-c732e6f6edca,e-bike,39.98841205,-83.03321140000001,25,6.73,True,False,False,1791503915
Spin,2b4235e6-849c-4243-907f-be36f70ec3bf,e-bike,39.993376483333336,-83.00688254999999,25,6.73,True,False,False,1791503959
Spin,61de078d-24d5-4ad1-891c-389151d6d49e,e-bike,39.99967993333333,-83.0078398,46,12.58,True,False,False,1791503981
Spin,3b7a7a5c-62f3-4b27-8325-4851c139490d,e-bike,40.02358666666667,-83.03041833333333,100,27.22,True,False,False,1791504094
Spin,c74bc353-c51d-463d-ae3e-b89dcc44e1d5,e-bike,39.98747483333333,-83.01325630000001,69,18.73,True,False,False,1791504130
Spin,47ac2833-b4e7-46b8-8962-43eaef8eb64a,e-bike,39.99849453333333,-83.00758339999999,52,14.05,True,False,False,1791504134
Spin,489c315e-a796-4afe-b40f-994c0791c2f4,e-bike,40.0223383,-83.03073440000001,100,27.22,True,False,False,1791504138
Spin,2152b242-19ce-4c73-9a2a-a4cbe9e4fa21,e-bike,40.0056239,-83.0089956,29,7.9,True,False,False,1791504130
Spin,23a8a782-851d-401c-afe2-5eb89e0e8f7a,e-bike,40.0223512,-83.03028690000001,96,26.05,True,False,False,1791504140
Spin,9ea8230c-0907-4c03-844f-bc417fcbd270,e-bike,39.96793323333333,-83.00864150000001,67,18.15,True,False,False,1791504104
Spin,e2834fc6-5da3-4ae7-a3ae-dd8884ffd088,scooter,39.98808,-83.006407,60,17.15,True,False,False,1791504041
Spin,ab842708-0902-4709-9516-ddf09a2f1153,e-bike,39.960953333333336,-83.01253649999998,27,7.32,True,False,False,1791504119
Spin,22b53181-770c-4857-8c90-4cd80e3a1d9d,e-bike,39.99163643333333,-83.0065276,56,15.22,True,False,False,1791503998
Spin,7e287b3e-b973-433c-bb55-f72b6ed25736,e-bike,40.0048343,-83.00885353333334,44,12.0,True,False,False,1791504169
Spin,e786dcc1-4207-45f1-a9a9-dfb01de41332,scooter,40.014042,-82.994985,69,18.73,True,False,False,1791504103
Spin,8ca770b0-32e7-4508-b03b-5088d94b1601,e-bike,40.0102844,-83.01279459999999,92,25.17,True,False,False,1791504169
Spin,24cd4438-1137-47e6-8a33-1b0f0ca070fc,e-bike,40.0185177,-83.02663149999998,97,26.34,True,False,False,1791504178
Spin,51322b4d-1b90-4ca8-96c2-9d7dfe3666b8,e-bike,40.011779499999996,-83.01014026666665,95,25.75,True,False,False,1791503997
Spin,595b5920-15d2-4ee4-afca-6fc6bdf134cd,e-bike,40.0066051,-83.01435310000001,70,19.02,True,False,False,1791504170
Spin,1ea9afe6-8273-495e-a43e-c2367856b4a9,scooter,39.96807223333334,-83.00859630000001,72,19.61,True,False,False,1791504137
Spin,442492c9-7f15-433d-927f-cb60635dc54d,e-bike,39.971283066666665,-83.00249263333332,29,7.9,True,False,False,1791504160
Spin,75401e7a-39e5-4aea-a1fc-d0d387266f47,e-bike,39.971364799999996,-83.0025045,34,9.37,True,False,False,1791504172
Spin,90eb3aeb-c910-4167-928d-c57c9e100f26,e-bike,40.0085205,-83.0098549,39,10.54,True,False,False,1791503981
Spin,de5d1da1-b7b9-431e-aa4c-80b5891d13c8,e-bike,40.0246365,-83.0345105,34,9.37,True,False,False,1791504144
Spin,a501d1ba-6f2b-4dea-88e7-b798d8f98a9f,e-bike,39.970508200000005,-83.00223328333335,31,8.49,True,False,False,1791504082
Spin,4c78fe22-3c8d-4598-8050-9904cb819c2d,e-bike,39.957551583333334,-83.01137568333334,47,12.88,True,False,False,1791504066
Spin,6d5a22ff-52f0-44f5-917d-9cd129a12869,e-bike,40.0010049,-83.00779159999999,90,24.58,True,False,False,1791504101
Spin,1491ccdd-2471-4d2a-af7a-f243a77d0b8d,scooter,39.96803573333333,-83.00861519999998,74,20.19,True,False,False,1791504191
Spin,b9b100f7-7a02-4e73-aea0-79dbb3ab6121,e-bike,40.0223031,-83.01675689999999,87,23.71,True,False,False,1791504194
Spin,b7ad06d8-02b3-4e3c-b352-bfff04efe4fd,e-bike,39.96569833333333,-82.99697833333333,0,,False,True,False,1791504003
Spin,d242ec3c-dcbd-49ba-a82c-19645414ec0a,e-bike,39.96131166666667,-83.01421833333333,0,,False,True,False,1791504067
Spin,2deb0dee-448e-4616-9bfd-e407d98172b6,e-bike,39.99911573333333,-82.99235463333335,0,,False,True,False,1791504162
Spin,3a4ad8f3-baab-4e4d-979d-bb198688bf17,scooter,39.949724,-83.040647,0,,False,True,False,1791504137
Spin,69ef5e2b-8cf9-4a77-8bb8-14580e2516b0,e-bike,39.99652723333334,-83.00011760000001,0,,False,True,False,1791504174
Spin,654f6693-d4a8-4839-b92f-502c1bc54ede,scooter,39.998969233333334,-82.99224563333334,10,2.63,False,True,False,1791504002
Spin,cd4aaece-4aac-4068-995c-5a89d559d6c1,e-bike,39.966863333333336,-82.99727333333334,0,,False,True,False,1791504042
Spin,38eeabca-6ab7-4f60-95f8-dbc341603568,e-bike,39.976151449999996,-83.0207253,4,1.17,False,True,False,1791504160
Spin,7393608c-9cce-4098-85b0-793eecaa439f,scooter,39.99586,-82.976683,0,,False,True,False,1791504147
Spin,fbc4341f-8d05-4d8a-82b9-31f51804db7d,e-bike,39.99917666666667,-82.99134666666666,4,1.17,False,True,False,1791504173
Spin,49f6f93a-f876-4a1e-9df9-ec8de6db80a2,scooter,40.049676999999996,-82.92507153333332,8,2.05,False,True,False,1791504100
Spin,f9d9e108-eeba-4355-9596-9ca548824d6b,scooter,39.950975,-82.996708,0,,False,True,False,1791504157
Spin,6ab37f18-6926-4d15-afd2-0a91a5bbcfcb,scooter,39.951425,-82.982953,0,,False,True,False,1791504140
Spin,0a46962d-4815-4997-992b-6a2e4a896a00,scooter,39.974724,-82.882842,0,,False,True,False,1791504147
Spin,7ffd28cc-68d8-408a-87ca-d778db09565d,scooter,40.002905,-82.971978,0,,False,True,False,1791504113
Spin,e94e0300-3ca9-4451-821e-25f7c8c1e0be,e-bike,39.967711933333334,-82.97631355,3,0.88,False,True,False,1791504150
Spin,580348a9-44f2-4e72-b928-4c71bbfe1ac3,e-bike,39.96176833333333,-83.03437333333335,1,0.29,False,True,False,1791504111
Spin,2579570e-6bda-47fb-9206-6e67a152d431,e-bike,39.942658333333334,-83.03830166666667,11,2.93,False,True,False,1791504166
Spin,2b864d9c-ba68-43b3-85db-2b5e119f75d4,scooter,40.01458,-82.985734,0,,False,True,False,1791504087
Spin,e89e23ff-53ab-40bb-86f7-f862184cb7b8,e-bike,39.966253333333334,-82.98123666666667,6,1.76,False,True,False,1791504166
Spin,a0b33764-bbf0-415d-861b-e9447a0164b2,e-bike,39.961345,-83.01425333333333,9,2.34,False,True,False,1791504178
Spin,2d2cda91-caf4-44e2-b1de-95d3f8a6fbf0,scooter,40.0225015,-82.96346503333334,12,3.22,False,True,False,1791504100
Spin,f96f6ce8-0118-4369-bab9-3615c77698cc,scooter,39.963114,-82.99095,0,,False,True,False,1791504120
Spin,ff9c5474-77c1-4c5e-8f26-6336a6bf7676,scooter,40.01406,-82.976958,1,0.29,False,True,False,1791504062
Spin,408a6f42-2543-4698-a31c-a325137dd813,e-bike,39.956769433333335,-82.92567683333333,0,,False,True,False,1791504154
Spin,d4ec49c1-cb88-4b6e-a02e-59f27d5c4336,scooter,39.971276,-83.002593,6,1.76,False,True,False,1791504060
Spin,cbae33ee-28cd-45a3-a3d7-66a92eb7f03d,scooter,39.945537,-83.062349,8,2.14,False,True,False,1791504172
Spin,a29de690-40b2-4547-b7fe-764a0f26291a,scooter,39.948056,-83.050985,10,2.63,False,True,False,1791504109
Spin,b4df3348-1571-482f-b76a-668a31cc7fb9,e-bike,39.9841306,-83.02559195,0,,False,True,False,1791504004
Spin,2faf4209-0215-4e96-b1bd-c86a1334a560,scooter,39.988826450000005,-83.0428706,3,0.88,False,True,False,1791504113
Spin,30843260-3d55-4ff7-af41-313c5100e482,e-bike,39.99353273333334,-82.98103733333333,0,,False,True,False,1791504169
Spin,bc127aef-2868-4fa8-9be3-e468c7b99133,e-bike,39.935428333333334,-82.98380833333334,13,3.51,False,True,False,1791504061
Spin,05426298-c6b7-4efa-892c-7fb0df4e2002,e-bike,39.95661833333334,-83.00310833333333,12,3.22,False,True,False,1791504044
Spin,e4bdddb0-7cdd-4663-b6d9-c7f57428b6a3,scooter,39.951346,-83.055017,0,,False,True,False,1791503961
Spin,4b992054-dc55-4ae2-b464-214e80219370,scooter,39.951099,-83.027185,0,,False,True,False,1791503134
Spin,8204f582-a539-46da-a351-6a1a08b4d25d,scooter,40.035224,-83.016959,13,3.51,False,True,False,1791504030
Spin,9b87ad59-d0e1-43de-8c04-1627fd904eda,scooter,40.01253,-82.967543,0,,False,True,False,1791504142
Spin,705b2d9a-ab0f-4d36-9f1c-3ce09bf51b3d,e-bike,40.0732854,-83.01877119999999,1,0.29,False,True,False,1791504069
Spin,ef481ff0-7303-4b7d-954d-d9b9f7fcb6dc,e-bike,39.95691968333333,-82.99522469999998,8,2.05,False,True,False,1791503963
Spin,71b3e541-fa38-4664-864e-b97b521f98ff,e-bike,39.98266553333334,-82.96464613333335,0,,False,True,False,1791503905
Spin,c2b3bbaf-3c63-41d9-b339-3e539ccbdb73,scooter,39.981464,-83.002297,4,1.17,False,True,False,1791504151
Spin,1775833a-e28b-415d-aae7-66337899a034,e-bike,39.97806215,-83.0036161,2,0.59,False,True,False,1791504143
Spin,6b93870f-9a3e-4006-b809-ecbe60eb3102,scooter,39.997045,-82.99882,0,,False,True,False,1791504125
Spin,8d0b545f-cba9-46e3-9af9-017ad4d145ff,e-bike,39.97697535,-83.01117690000001,14,3.8,False,True,False,1791504131
Spin,61780a0f-a30c-48c6-8a49-545892a55da9,scooter,40.008152,-83.022257,0,,False,True,False,1791504148
Spin,182c0725-553a-4899-ae51-bcd4602459a4,e-bike,39.98187273333333,-83.0098101,1,0.29,False,True,False,1791504165
Spin,f7f1059b-c3b4-41c4-bf3a-35399577346c,e-bike,39.99624983333333,-82.99985693333335,0,,False,True,False,1791504096
Spin,2472a8fd-a399-4d51-ae8a-35f418a7f466,scooter,39.958769,-83.0337,0,,False,True,False,1791502510
Spin,a9c6d1ee-e41d-4cd4-86f2-5d42f69d347f,e-bike,39.98260293333333,-83.00441700000002,9,2.34,False,True,False,1791503985
Spin,619c4994-923a-4904-add9-51241b50547e,scooter,39.99611303333334,-83.0395157,14,3.8,False,True,False,1791504117
Spin,7a8f54b9-0fdd-4329-bc2b-5563fe25f626,scooter,40.003525100000004,-83.0191519,37,9.95,True,False,False,1791504111
Spin,b93357bd-e5a4-4518-933e-2325089bdcfa,scooter,40.0007097,-83.01464919999998,66,17.85,True,False,False,1791504179
Spin,e85b96d3-bf3e-4f9a-bcc1-7ec984b1afe2,scooter,40.0010588,-83.0140591,59,16.1,True,False,False,1791504150
Spin,b643cd61-53bd-40c4-ac5a-f18d316532f5,e-bike,40.00080333333334,-83.01434499999999,74,20.19,True,False,False,1791504051
Spin,0e329af6-ecde-4f9e-b4bb-295452985bed,scooter,40.000797,-83.014292,46,12.58,True,False,False,1791504056
Spin,f502bf83-78be-4b00-b3f4-78b882af9321,e-bike,39.99832483333333,-83.0222246,46,12.58,True,False,False,1791504152
Spin,6201e5a0-3059-473f-b31f-6dccebc71fe1,scooter,40.0003307,-83.0180892,23,6.15,True,False,False,1791504115
Spin,c8ad7d6f-67e4-4698-8e48-ac01a19ea82b,scooter,40.000306,-83.018084,35,10.11,True,False,False,1791504069
Spin,e7e4e254-da67-4b27-8959-832eee3f0417,scooter,40.000349,-83.018,43,11.71,True,False,False,1791504175
Spin,1ea05df5-02b3-4f98-bfc6-71138f2d223b,scooter,40.000316,-83.017959,41,11.12,True,False,False,1791504176
Spin,88a801fc-7b7a-432b-b989-0e0fc8183d6b,scooter,40.004527,-83.011237,23,6.43,True,False,False,1791504007
Spin,03a1afb1-1d48-47e3-9de4-ca018d708f80,scooter,40.0010915,-83.01055550000001,49,13.46,True,False,False,1791504121
Spin,818e24f2-0ed2-4116-b13c-223ff05efe80,scooter,40.0011312,-83.0105707,38,10.24,True,False,False,1791504157
Spin,642df2b3-3a06-40a4-a6cf-6878414703dc,e-bike,39.998135833333336,-83.0081512,56,15.22,True,False,False,1791504140
Spin,34ac9732-9ac9-4369-abec-b38b4c8533f2,scooter,40.003854,-83.009365,71,20.22,True,False,False,1791504147
Spin,1bead41d-6fbf-474a-a8aa-ba45276cfd25,scooter,40.0047681,-83.0105527,55,14.93,True,False,False,1791504175
Spin,07c77957-43d9-4742-a555-638fc155b3f1,scooter,40.000054,-83.021456,59,16.1,True,False,False,1791504130
Spin,ed346375-5a58-4e4b-bf9a-56e87a6f5493,scooter,40.0061983,-83.0165821,72,19.61,True,False,False,1791504157
Spin,63108a7b-d8eb-4613-b336-bb2f16f7b2dc,scooter,40.004186,-83.008767,68,18.44,True,False,False,1791504174
Spin,366cd352-a8b9-49f6-a23d-dfe7dae37212,scooter,40.004162,-83.008755,69,18.73,True,False,False,1791504109
Spin,3869b5ca-1944-4046-83b6-c7e099372144,scooter,40.003772,-83.018091,37,10.42,True,False,False,1791504159
Spin,3ae14b2b-430a-4c60-b966-b1fd971a9181,scooter,39.993982,-83.006763,38,10.24,True,False,False,1791504060
Spin,7aebee30-121c-46de-bb85-6cb2f26799c2,scooter,40.005827700000005,-83.0093594,77,21.07,True,False,False,1791504138
Spin,fb3b6718-7223-4ccf-9dd9-098493ef3164,e-bike,40.00571333333333,-83.00977666666668,45,12.29,True,False,False,1791504083
Spin,291f66d8-0425-4889-a54a-f8d85a750eb3,scooter,40.002169699999996,-83.014568,41,11.12,True,False,False,1791504112
Spin,64953076-9a5a-419a-b108-0b30e22f36da,e-bike,40.006006666666664,-83.00970333333335,58,15.8,True,False,False,1791504157
Spin,a79fd2f5-3df3-4a4b-9a7d-5ce14924ea75,e-bike,40.00031833333333,-83.01798166666667,85,23.12,True,False,False,1791504055
Spin,f7274c13-747e-48ad-ba05-2f2b21f50527,e-bike,40.00033666666666,-83.01800999999999,24,6.44,True,False,False,1791504003
Spin,0a47587b-81c8-4604-afa5-7e432d182094,scooter,40.0058456,-83.01111080000001,59,16.1,True,False,False,1791504043
Spin,62f41863-f7c2-4230-83ba-6ed87f1ca9f9,scooter,40.003971,-83.013248,68,18.44,True,False,False,1791504144
Spin,126a179b-c452-4e1c-87c9-b92f27911359,e-bike,40.00035666666667,-83.01801500000002,85,23.12,True,False,False,1791504102
Spin,f27885ef-17c4-411e-8b85-889ddc3e77ef,scooter,40.000919,-83.015058,27,7.32,True,False,False,1791504084
Spin,35b1f9f0-6484-4574-8635-66dc0c471047,scooter,40.004137,-83.015964,20,5.56,True,False,False,1791504072
Spin,8bb8124b-43b6-4df7-bff7-55ea0699eafe,scooter,40.008179000000005,-83.0288834,33,9.07,True,False,False,1791504125
Spin,c0f1eaca-a2ef-46dd-b046-8b1cf42edca0,scooter,39.99805323333333,-83.02127,18,4.98,True,False,False,1791504084
Spin,fa6709e9-8815-4d72-b1ce-36035910ad90,scooter,40.0041262,-83.01298129999999,54,14.63,True,False,False,1791504057
Spin,ff2226b1-a1ef-4d2f-8e48-d42775f850ad,e-bike,40.0003627,-83.01797370000001,34,9.37,True,False,False,1791504059
Spin,7439089b-3266-4c7a-8f52-d8d10c39b82d,scooter,40.0004,-83.017998,20,5.56,True,False,False,1791504127
Spin,e4a2a909-b34c-4ef3-a859-590e96859241,e-bike,40.000365,-83.01797560000001,63,17.27,True,False,False,1791504057
Spin,163875be-99ad-49c3-b7a0-2b4d26cdfca1,scooter,40.0003594,-83.0179341,39,10.54,True,False,False,1791504033
Spin,64e2078f-4434-4b57-aa1e-a95a7921be9c,scooter,40.000354,-83.017979,47,13.48,True,False,False,1791504063
Spin,128f3655-460c-4e3b-be1a-9136c73a93c0,scooter,39.997458,-83.00782,55,14.93,True,False,False,1791504079
Spin,99bd908f-c2f5-49e6-9bc4-488ad23f4015,scooter,40.004511,-83.008921,19,5.51,True,False,False,1791504150
Spin,55acf0cd-0f18-4d45-a75f-ccc85ab46070,scooter,40.004482700000004,-83.00903070000001,30,8.19,True,False,False,1791504056
Spin,1bf9d5f5-d041-47c4-b249-8995de80dee5,scooter,40.001495,-83.008968,31,8.49,True,False,False,1791504151
Spin,9fa9b850-18f2-49d2-a23b-4a9bf0f7cc1a,e-bike,39.997899999999994,-83.00757333333334,81,21.95,True,False,False,1791504153
Spin,0204f985-59d8-49d5-bf4a-817fadedd679,scooter,40.0041678,-83.0147716,52,14.05,True,False,False,1791504064
Spin,a0846005-98ee-4096-a087-8d33613bfbcf,scooter,40.0045351,-83.0093698,33,9.07,True,False,False,1791504162
Spin,28b26af9-e508-492a-a9f5-8d28170a705b,scooter,39.99677343333334,-83.01361270000001,69,18.73,True,False,False,1791504174
Spin,1fbd17ea-de62-43f1-9504-fdf2b8766a93,scooter,40.001827,-83.018119,39,10.54,True,False,False,1791504129
Spin,08f9cd26-9057-4852-9eea-fba266e1c257,scooter,40.002028,-83.011875,86,24.51,True,False,False,1791503938
Spin,5ad6e28c-3f3e-4c85-bdbd-9f45e8ce7640,scooter,40.002017,-83.016296,69,19.61,True,False,False,1791504173
Spin,f724657f-a97a-4ae3-a63b-da802978157b,e-bike,39.99717953333333,-83.007573,69,18.73,True,False,False,1791504065
Spin,fcf8c21d-f3cc-44f6-ac56-d12c5bd61aab,e-bike,39.997199433333336,-83.0075552,26,7.02,True,False,False,1791504111
Spin,67bda3c9-53e5-4392-869f-f448cac05f2b,e-bike,39.99985363333334,-83.03717710000001,57,15.51,True,False,False,1791503951
Spin,4779e5e8-62be-4695-b0d9-e957928f11d4,e-bike,39.99719963333334,-83.00757960000001,86,23.41,True,False,False,1791504142
Spin,dd7da82e-fc5a-4faa-967a-b0ca05afe1ac,scooter,40.0011253,-83.01056240000001,88,24.0,True,False,False,1791504058
Spin,d3b1d6f2-bd68-47a6-881d-24eef137a976,scooter,40.0039607,-83.01306240000001,51,13.76,True,False,False,1791504007
Spin,0b141229-dc79-4140-affc-7af0211ad895,scooter,40.0046389,-83.01318330000001,26,7.02,True,False,False,1791504126
Spin,d6902480-71ab-4ab4-94e1-e7bfccbb7f03,e-bike,39.99903173333333,-83.00837879999999,30,8.19,True,False,False,1791504144
Spin,c698da03-77f2-41b0-ab3c-991ef0886d9d,scooter,40.0046278,-83.013174,37,9.95,True,False,False,1791504006
Spin,45c4ca28-84f6-4659-ba3e-93323f964ee0,scooter,40.00037,-83.01801,28,7.61,True,False,False,1791504141
Spin,5e08f933-38fb-44da-b397-b8529d57781e,scooter,40.0036664,-83.01148479999999,47,12.88,True,False,False,1791504162
Spin,86bc4f9a-a67c-4651-b9a2-35e83b697861,scooter,39.997788,-83.007498,73,19.9,True,False,False,1791504166
Spin,16c65629-fa49-44ec-838c-20416baab7ad,scooter,39.994013,-83.006884,49,14.09,True,False,False,1791504156
Spin,357f9ebd-038c-4780-81be-36daa3c6e4d5,scooter,40.0010502,-83.01404579999999,24,6.44,True,False,False,1791504149
Spin,1e720512-bcbb-4072-8d0c-d87624b5554c,e-bike,39.99938603333333,-83.01614310000001,78,21.36,True,False,False,1791504090
Spin,a8b7556f-96ec-4cec-9b8d-acdf393fdacf,scooter,39.997357,-83.007694,26,7.35,True,False,False,1791504141
Spin,b5c4b1f1-2bd4-4dd7-8c6e-b4539596d5ec,e-bike,40.00391,-83.01349666666668,20,5.56,True,False,False,1791503965
Spin,1d04eb7a-0db1-4a4c-906f-042ba8b2f590,scooter,40.0041109,-83.014479,25,6.73,True,False,False,1791504105
Spin,79648a2f-ac8b-4afd-be4a-87ab7f2cd3dc,e-bike,40.0040026,-83.0177996,71,19.32,True,False,False,1791504095
Spin,401306c5-5862-43e6-89da-688a4db4183a,scooter,40.003834,-83.008716,24,6.44,True,False,False,1791504092
Spin,a2325e04-1622-4aef-86e4-59c11bb9a47c,scooter,40.000724,-83.014171,85,23.12,True,False,False,1791504150
Spin,74d4987c-6a94-4af3-8250-10faacbfa2a5,e-bike,40.0051839,-83.01692249999999,83,22.54,True,False,False,1791504169
Spin,e8949b94-a543-4500-9fe6-14208cc7ea9e,scooter,40.005237,-83.01671,92,25.17,True,False,False,1791504150
Spin,29244259-f4a7-43e9-bc83-6f7749938ef9,e-bike,39.99864743333333,-83.0188965,63,17.27,True,False,False,1791503988
Spin,bbbe1e9d-afd8-4784-8e2e-cde2d535c256,scooter,40.001953,-83.008276,96,26.05,True,False,False,1791504078
Spin,d3b387ab-3ea2-490f-b3ef-9bdf30436840,scooter,39.997285,-83.015909,51,13.76,True,False,False,1791504111
Spin,fe4e094b-e23a-4967-bc74-aa3c4d0702cf,e-bike,40.000335,-83.01802833333335,87,23.71,True,False,False,1791504095
Spin,2f15d436-a489-42a0-a1eb-701c92855e9c,e-bike,40.005920999999994,-83.0138809,24,6.44,True,False,False,1791504110
Spin,3e64bdb9-8c5e-423c-aaeb-e018c4bda124,e-bike,40.0066768,-83.02363760000001,78,21.36,True,False,False,1791504069
Spin,98b6b018-de83-4bbb-bebf-392e014b917e,e-bike,40.00033238333333,-83.01793051666667,54,14.63,True,False,False,1791504060
Spin,0f3f846e-c32d-4bec-96c9-e876c481686c,scooter,40.0022232,-83.01568629999998,89,24.29,True,False,False,1791504097
Spin,db9591d2-2d8e-48b2-8ca5-5938831d0f10,e-bike,40.0084511,-83.0277699,85,23.12,True,False,False,1791504163
Spin,581899ba-0515-4b8a-8f62-cb2e5f44286a,scooter,40.004092,-83.015383,73,20.83,True,False,False,1791504083
Spin,45fed710-a6b8-4b15-bab1-01e917f05790,scooter,39.99831353333333,-83.0098986,94,25.46,True,False,False,1791504146
Spin,e9fd1b9f-cd0c-44cf-a891-95075e1e3d85,e-bike,40.002310400000006,-83.0086693,74,20.19,True,False,False,1791504140
Spin,efba1547-9af3-42ca-a07c-e641db92684b,e-bike,40.0023114,-83.0086429,55,14.93,True,False,False,1791504139
Spin,5cef955d-6864-47ab-8550-e8ccfcc072a1,e-bike,39.99722166666666,-83.00764166666667,89,24.29,True,False,False,1791504054
Spin,497c2df0-1841-4941-af36-076bd30026d5,scooter,39.994724,-83.006919,71,20.22,True,False,False,1791504078
Spin,915ecb40-c6c7-4d4c-baff-87476d5285c1,e-bike,40.00161,-83.00869166666668,57,15.51,True,False,False,1791504179
Spin,92c7f24e-5cf5-4d16-951f-027e8fb9906b,scooter,40.004917,-83.01899,49,14.09,True,False,False,1791504160
Spin,4fda6aee-7f1d-4d14-9aaf-4178e0b46ead,scooter,39.99636533333333,-83.02030869999999,55,14.93,True,False,False,1791504109
Spin,c81e9829-3be3-450c-90c3-bd17868d0b87,scooter,39.998053,-83.009443,48,13.79,True,False,False,1791504137
Spin,39f8991e-a9d9-4e9c-8d8c-2ea6d254c3eb,e-bike,40.003415600000004,-83.0110472,75,20.49,True,False,False,1791504098
Spin,52de138c-1b2b-40b1-8691-8e33d79f9247,e-bike,40.00525029999999,-83.01570629999999,23,6.15,True,False,False,1791503984
Spin,00f57b8b-04a2-43ac-96f8-f758634cf05c,e-bike,40.0053573,-83.026866,39,10.54,True,False,False,1791504143
Spin,64a017bc-b08b-4e1f-9e8d-bc36a30add55,scooter,40.005933,-83.009579,58,16.54,True,False,False,1791503911
Spin,e7ffaa46-e140-4cef-8362-a5f03277ef50,scooter,39.99456513333334,-83.0154371,78,21.36,True,False,False,1791503949
Spin,ccb367ef-530c-4d39-a766-04af7ec2770e,scooter,40.003916,-83.0152968,62,16.97,True,False,False,1791504143
Spin,10104ca3-944d-4da5-97b0-9db5f0977633,e-bike,39.99711833333333,-83.00754350000001,31,8.49,True,False,False,1791503931
Spin,b5078b14-ea8a-4c57-8524-915f2eee43e0,e-bike,39.99715393333334,-83.00759279999998,91,24.88,True,False,False,1791504088
Spin,679abf04-5b3a-4db0-b031-94caec7e6d6e,e-bike,40.0003149,-83.0101643,27,7.32,True,False,False,1791504148
Spin,c16d73ab-9850-4bef-be02-1cdf7fad092b,e-bike,39.999311133333336,-83.0091281,35,9.66,True,False,False,1791504127
Spin,b272c710-137e-47e1-abd3-8564cba7e1e3,scooter,39.99467933333334,-83.00655120000002,66,17.85,True,False,False,1791504173
Spin,fbc79067-c582-43a1-8782-0fe67c063860,scooter,40.0035034,-83.0099682,88,24.0,True,False,False,1791504114
Spin,17601f37-f1a6-45f4-9a19-cf0d24788fe1,e-bike,40.0035375,-83.00952780000001,62,16.97,True,False,False,1791504062
Spin,571e8cfb-f5f1-4f45-87ec-1d3f5f039fea,scooter,39.998788,-83.010954,78,21.36,True,False,False,1791504082
Spin,a9ca9997-c429-4f16-a46a-74dac1308b3e,e-bike,40.0053305,-83.01547389999999,92,25.17,True,False,False,1791504094
Spin,e82ed989-865a-4f84-b213-81b849f883af,scooter,40.001732,-83.016496,28,7.61,True,False,False,1791504155
Spin,0be3dbbe-d409-4802-94b8-b6bed14ed7ec,e-bike,40.001866400000004,-83.00903070000001,78,21.36,True,False,False,1791504111
Spin,359b128e-ad03-4e03-98ff-ae35d64b7384,scooter,40.0050289,-83.01390690000001,83,22.54,True,False,False,1791504024
Spin,be5da3e1-a88d-459c-8499-846682a73cea,e-bike,40.003778499999996,-83.0281458,28,7.61,True,False,False,1791503994
Spin,5fd18485-e0a3-430d-bbcb-2c69295da25a,scooter,40.001933799999996,-83.0135388,52,14.05,True,False,False,1791504035
Spin,41c08790-4a8b-40f0-8e79-331c91e29b3e,scooter,39.99942263333333,-83.0095028,39,10.54,True,False,False,1791504036
Spin,3060b6e2-023a-4150-884f-57788a3ab015,scooter,40.0039986,-83.01115800000001,67,18.15,True,False,False,1791504013
Spin,f10162bd-4d5f-4b9a-8c08-413529fa403e,e-bike,39.997196583333334,-83.00757931666666,43,11.71,True,False,False,1791504154
Spin,b835fcd1-f31f-4612-ab5c-1a715d47029c,e-bike,40.00604333333333,-83.01443666666667,73,19.9,True,False,False,1791503946
Spin,73d2ff0f-7030-4833-9c7e-a9524d7ea33d,scooter,40.006006,-83.014513,71,20.22,True,False,False,1791503985
Spin,fb67bbb9-2a1a-466c-a53e-ade23b389dbf,scooter,40.003951,-83.01287929999998,84,22.83,True,False,False,1791504152
Spin,ed63170c-5a19-41d5-a850-377955eb9d9d,e-bike,40.004469699999994,-83.009004,54,14.63,True,False,False,1791504054
Spin,ad4d1286-a9bb-49fb-aa4d-410086c53e26,scooter,39.99903823333333,-83.010216,20,5.56,True,False,False,1791504175
Spin,dd208ec7-0bbb-4c2c-9781-f9b1a2bd5371,e-bike,40.001894099999994,-83.0273862,68,18.44,True,False,False,1791504141
Spin,736d056e-57e7-49f3-8db5-65a618196b22,e-bike,40.002362700000006,-83.0155229,32,8.78,True,False,False,1791504060
Spin,c09ecbf5-d7bc-4617-b1de-20b165132043,scooter,39.999291,-83.021483,89,25.43,True,False,False,1791504059
Spin,9e95e0e5-e993-4d9e-b683-55b0346d8cb2,scooter,39.99924263333333,-83.02149319999998,58,15.8,True,False,False,1791504136
Spin,f016d441-27e3-4759-a93b-7bdd6dd1691f,scooter,39.99923653333334,-83.02148880000001,63,17.27,True,False,False,1791504090
Spin,5db82d07-a1f7-40b2-92e5-a205c25487eb,scooter,39.999224,-83.021457,45,12.87,True,False,False,1791504061
Spin,390611c9-fd12-4876-af1e-c2ae0cf735b8,e-bike,40.0008985,-83.0145605,59,16.1,True,False,False,1791504125
Spin,377eee4f-76f6-46b5-948c-da088cac5f57,scooter,40.004496,-83.021323,28,7.61,True,False,False,1791504127
Spin,c05ac900-3938-44d3-a3ba-630b99856d12,scooter,39.99505593333333,-83.0072732,38,10.24,True,False,False,1791504151
Spin,341c886a-e702-4beb-b18b-acd0d71f6485,e-bike,40.0035504,-83.0112358,46,12.58,True,False,False,1791504070
Spin,1d854cbe-b6fa-4292-8a7c-02c73b7ec573,e-bike,40.0033975,-83.01097460000001,48,13.17,True,False,False,1791504055
Spin,08088d72-a1d0-4f2e-babf-d777cc19588d,e-bike,40.016178399999994,-83.0306158,67,18.15,True,False,False,1791504116
Spin,1f5d024b-d8f6-49bd-971e-715078a9a4de,scooter,39.99770003333333,-83.0151802,42,11.41,True,False,False,1791504100
Spin,ccf9da34-97ee-4392-9bf2-69de167d5bcc,scooter,40.00170189999999,-83.01388440000001,46,12.58,True,False,False,1791504156
Spin,847df526-02dd-4f55-8237-615590b77e80,e-bike,39.99812703333334,-83.0124109,69,18.73,True,False,False,1791504168
Spin,4cade8a2-37ba-4047-8dc1-949a504bb1af,e-bike,40.003331,-83.0101155,70,19.02,True,False,False,1791504091
Spin,9dcf8ce7-fa7c-40fb-bbba-a7ff45067a6a,e-bike,40.0028029,-83.04244160000002,40,10.83,True,False,False,1791503994
Spin,a65e1138-39ea-4374-8119-04769125abc6,e-bike,40.0161424,-83.03188829999999,44,12.0,True,False,False,1791504069
Spin,dbffb005-506d-41bb-81cd-4e78c63ea7a9,e-bike,40.00377,-83.01076333333334,82,22.24,True,False,False,1791503923
Spin,d0abb6b6-59bf-491a-a4cd-79bedb09a7b9,e-bike,39.994976666666666,-83.01449499999998,32,8.78,True,False,False,1791504093
Spin,4fc4f89f-b41a-48b9-8b15-1a88cccc5c87,e-bike,40.002900100000005,-83.03220250000001,42,11.41,True,False,False,1791503977
Spin,0b857e95-d75f-4e88-a37b-c85405adb47c,scooter,40.000823,-83.01357979999999,77,21.07,True,False,False,1791504171
Spin,8d3a2f67-7a3d-401c-9e21-c5aab67123ef,e-bike,40.0033872,-83.01169739999999,45,12.29,True,False,False,1791504152
Spin,cb00db63-471a-4840-879d-0816436c5cd1,e-bike,40.0023426,-83.0136878,75,20.49,True,False,False,1791504139
Spin,b516fe16-df22-46e3-b591-e8b2e35b38e2,e-bike,40.0005784,-83.0145779,38,10.24,True,False,False,1791504109
Spin,9fb4bcc1-d1d4-4d68-a54c-4357d144efb5,e-bike,39.99830493333333,-83.0222042,70,19.02,True,False,False,1791504102
Spin,aa144d6e-4593-4d10-9365-2a266457d87f,e-bike,40.0067881,-83.0476258,33,9.07,True,False,False,1791504106
Spin,33306285-c1a7-4fc3-8357-5833bba2ca36,scooter,40.0016988,-83.01450170000001,82,22.24,True,False,False,1791504048
Spin,14f754bb-da79-4a39-9035-7c577d5247fb,e-bike,40.016252,-83.03038300000001,29,7.9,True,False,False,1791504163
Spin,adc99ee1-d84d-423f-a387-5ba1a475c255,e-bike,40.0026023,-83.0154603,65,17.56,True,False,False,1791504049
Spin,8316b74c-8892-4c08-84c0-70f34c29fb32,e-bike,40.002786,-83.01251789999999,88,24.0,True,False,False,1791504118
Spin,db7d87f7-37c6-42d5-8fec-a101c277861e,scooter,40.001975,-83.01364,87,23.71,True,False,False,1791504172
Spin,33cbf3ee-5767-4d68-8303-cc985236c650,e-bike,40.001719200000004,-83.01400550000001,91,24.88,True,False,False,1791504165
Spin,8323a9c7-9038-4799-9a64-8636f5be7c5c,e-bike,40.001375100000004,-83.0095103,94,25.46,True,False,False,1791504032
Spin,e69809e7-0afe-42ce-8fef-e4a86cd985f5,e-bike,40.003863,-83.01596550000001,88,24.0,True,False,False,1791504111
Spin,8f29b819-94be-4743-b484-32fff62ca9ea,scooter,40.002532,-83.017853,98,26.63,True,False,False,1791504177
Spin,aece387b-1d42-44ec-b27f-976203f0db7b,e-bike,40.0022321,-83.00934020000001,41,11.12,True,False,False,1791504163
Spin,afbbc74c-22c7-4661-ae6d-f077d4ffb106,scooter,39.99666463333333,-83.0107275,86,23.41,True,False,False,1791504030
Spin,249ab2f7-991b-44e9-bff2-25264b105419,scooter,39.99839693333333,-83.02138600000002,34,9.37,True,False,False,1791504064
Spin,ef4f5a42-bce7-4cbf-82c7-c1a88b79f1e9,scooter,40.000364,-83.032139,16,4.39,True,False,False,1791504123
Spin,cb0eb7b8-2d1d-4336-8aef-e4f9bc23a9f4,e-bike,40.006008800000004,-83.01247620000001,72,19.61,True,False,False,1791504130
Spin,618b8a8d-ef5f-40ff-ba4b-e54a77067a93,e-bike,39.99748833333333,-83.01687500000001,85,23.12,True,False,False,1791504163
Spin,71db8b8c-1690-4837-9cdd-9fac846c1cd2,e-bike,40.006332,-83.0206604,67,18.15,True,False,False,1791503976
Spin,d370431a-b9ac-4f4a-80dd-c57d0ae28612,e-bike,40.0053841,-83.0407033,34,9.37,True,False,False,1791504075
Spin,9c9d6304-68b4-4575-bb82-f9df9b7f0b36,scooter,40.0042224,-83.01709960000001,98,26.63,True,False,False,1791504105
Spin,a2b0c05d-34e8-4acf-b863-2f4885e08043,scooter,39.994402433333335,-83.0131643,70,19.02,True,False,False,1791504084
Spin,ac149a19-dd58-4a9a-a723-0fba44aa2e3a,e-bike,40.0067568,-83.04599420000001,53,14.34,True,False,False,1791504098
Spin,07bf9b2c-d2e5-4f08-92c4-b68f12b8c21f,e-bike,40.0020853,-83.0137881,65,17.56,True,False,False,1791504144
Spin,3740f2e8-90c3-45b0-9bb6-6d5fd78ba0d0,e-bike,40.0003183,-83.01802389999999,30,8.19,True,False,False,1791504152
Spin,4348aa78-0ef3-4ee8-ae30-451a2f87af49,e-bike,40.0158136,-83.03048079999999,29,7.9,True,False,False,1791503966
Spin,c49b8d22-8521-4491-b57a-7361e89d6be6,scooter,40.0051907,-83.01017699999998,82,22.24,True,False,False,1791504121
Spin,ae5b4bee-0494-4684-85c7-87ea53caaa2b,e-bike,40.003287900000004,-83.02579410000001,95,25.75,True,False,False,1791504168
Spin,231e7a5e-7478-40a6-a9d3-edc00fd3ce32,e-bike,40.0152097,-83.03063689999999,89,24.29,True,False,False,1791504157
Spin,a869accf-0216-4dc9-bfdd-79125a23cdae,e-bike,40.0060046,-83.0203099,87,23.71,True,False,False,1791504161
Spin,dbec906d-446c-4e34-a6bc-d8d536c37b02,e-bike,39.99850333333333,-83.04591299999998,96,26.05,True,False,False,1791504000
Spin,3510e547-a74c-4ade-bb27-65529d3e2d18,scooter,40.00177,-83.024915,92,25.17,True,False,False,1791504143
Spin,24f60482-f76e-4716-bd30-933aa7843d52,e-bike,40.0027494,-83.00870099999999,87,23.71,True,False,False,1791504142
Spin,25842d88-98d1-4f00-b6bd-5bf0482a25c8,e-bike,39.998944333333334,-83.03018920000001,95,25.75,True,False,False,1791504088
Spin,f66ce2e5-6cdc-4b6f-851a-20cda8b49f56,e-bike,40.0061514,-83.0328384,45,12.29,True,False,False,1791504143
Spin,133839bb-7431-46de-b62b-c40e59d198ce,e-bike,40.00432333333333,-83.00908333333334,30,8.19,True,False,False,1791504033
Spin,bc5049e0-3c06-473a-a57a-b5752c3819cf,e-bike,40.001609,-83.0085547,43,11.71,True,False,False,1791504086
Spin,06cbf42f-2461-4379-93ec-74c5e6580396,e-bike,40.000128000000004,-83.0079644,67,18.15,True,False,False,1791503998
Spin,eed4bcb0-36f2-4a70-894d-bfead9f845a1,e-bike,40.000136600000005,-83.00796120000001,25,6.73,True,False,False,1791503996
Spin,c8cb3a99-6edf-4a9a-acb9-fefa0218cc08,e-bike,40.00580655,-83.00943383333333,59,16.1,True,False,False,1791504036
Spin,46d73c0c-14f4-4e90-a45e-0ca141f8ddad,e-bike,39.99717353333333,-83.0076024,54,14.63,True,False,False,1791504041
Spin,596e977c-f17a-4d16-9cce-fdd2814263fe,e-bike,39.997150000000005,-83.00763166666665,46,12.58,True,False,False,1791504041
Spin,4f6a2aa7-3c4b-4a7f-97d7-a8c5a1b5beb9,e-bike,39.99710963333334,-83.0075962,59,16.1,True,False,False,1791504082
Spin,8a250d76-223d-4a58-9967-b9fb39007ab1,e-bike,39.997165333333335,-83.0076044,34,9.37,True,False,False,1791504040
Spin,8e522fa1-46de-41db-ae58-98077d0a95b7,e-bike,39.99714973333334,-83.00757479999999,46,12.58,True,False,False,1791504042
Spin,16823b8f-a8ee-4bae-8b84-2b81e8796696,e-bike,39.99715053333333,-83.00758249999998,86,23.41,True,False,False,1791504041
Spin,869d7554-6fd1-4520-a7bc-9bdd285eacc7,e-bike,39.99716213333333,-83.00758400000001,45,12.29,True,False,False,1791504140
Spin,5a746029-4ef7-45e2-88fc-c1b54c628613,e-bike,39.99719373333333,-83.00758689999999,73,19.9,True,False,False,1791504042
Spin,7ffdc2c6-c9b2-40b0-be6b-08891b4c4bf2,e-bike,39.99716203333333,-83.007576,81,21.95,True,False,False,1791504059
Spin,de31e3c3-7264-4391-bd8f-7e9c307e38bf,e-bike,39.997157433333335,-83.00756969999999,74,20.19,True,False,False,1791504075
Spin,2d7c39a5-1c4e-4def-a89d-b8c5f1a0dcb0,scooter,40.003895,-83.011052,17,4.68,True,False,False,1791504072
Spin,5dc1c02d-c124-4f23-b98e-c2b0cd904314,scooter,40.0039594,-83.01114090000002,90,24.58,True,False,False,1791503998
Spin,e8ed5924-4102-4d1d-a23c-9bf96ce67753,scooter,40.0039503,-83.01111369999998,90,24.58,True,False,False,1791504175
Spin,26951eca-58d6-45d8-8523-08e44ba0267e,scooter,39.996986,-83.00749,37,10.42,True,False,False,1791504156
Spin,821d3966-4211-4c60-aa5b-a44ea2efe10e,scooter,40.0039699,-83.0125334,73,19.9,True,False,False,1791504137
Spin,60582678-a588-4ada-84aa-816205893674,scooter,40.0039605,-83.01253829999999,87,23.71,True,False,False,1791504146
Spin,df9596c2-4b31-4032-9542-5b8b46ac1184,e-bike,40.0039814,-83.01252744999998,39,10.54,True,False,False,1791504176
Spin,0f6dd332-8541-4f43-ba70-0707d2957275,scooter,40.0039571,-83.01252500000001,22,5.85,True,False,False,1791504085
Spin,710fdb44-3e1e-4ab0-b44e-a128f6cf61f1,e-bike,40.00396,-83.01268166666665,43,11.71,True,False,False,1791503963
Spin,b99bb62d-6b2c-40c2-9d67-e4f75ea8aca8,scooter,40.004149,-83.016963,98,26.63,True,False,False,1791504171
Spin,00defa49-2a50-41d2-8e39-84842f527b4b,e-bike,40.00417,-83.01704833333334,46,12.58,True,False,False,1791504103
Spin,88dd82b3-2422-4c65-bba4-28e246842ec6,e-bike,40.00418666666667,-83.01702833333333,71,19.32,True,False,False,1791504099
Spin,6647c376-9a7a-4925-82ac-22412e1c89c4,e-bike,40.0046605,-83.0091281,83,22.54,True,False,False,1791504178
Spin,390c839b-c46c-4837-9261-e133c42f0a52,e-bike,40.005792199999995,-83.00929079999999,53,14.34,True,False,False,1791504022
Spin,0b856cb5-a947-4ecf-8908-58a1f4487511,e-bike,39.997278333333334,-83.00757,35,9.66,True,False,False,1791504151
Spin,b5de9abe-4502-4bb0-bc8e-4832620a73f6,scooter,40.004451,-83.009719,91,24.88,True,False,False,1791504179
Spin,a2602143-f579-4feb-8c62-f7ad236ab7fb,scooter,40.001928,-83.012877,62,16.97,True,False,False,1791504150
Spin,88d0e44b-8eb2-4c4a-ace1-a812b0e00002,scooter,39.99689,-83.013945,91,24.88,True,False,False,1791504150
Spin,4396eba3-ebc2-4d7f-a037-77d7bd2edb73,scooter,39.99684323333334,-83.0139529,28,7.61,True,False,False,1791503993
Spin,d0d70f34-3a6e-4159-8984-f6d88c08295a,e-bike,39.99676253333334,-83.0127783,41,11.12,True,False,False,1791503941
Spin,b3e24557-86ab-415f-af97-0acfb2e024b5,e-bike,39.996747633333335,-83.01279029999999,27,7.32,True,False,False,1791504158
Spin,ab4a8ca1-a973-4168-abd9-796dca3e59d6,scooter,40.0047719,-83.0106692,82,22.24,True,False,False,1791504115
Spin,d8d8dcfb-f996-4df4-8643-03cb9f442278,scooter,39.995217,-83.007357,35,9.66,True,False,False,1791503930
Spin,77a3dc80-4012-4bea-acbd-520b30a4aa9e,e-bike,39.99672273333333,-83.0072794,35,9.66,True,False,False,1791504138
Spin,1bccca2e-07d5-4e51-99c6-a426826879b4,scooter,39.994068,-83.00676,98,26.63,True,False,False,1791504154
Spin,017e7263-775f-496e-99b3-633b1b8d94bf,e-bike,39.99673233333333,-83.0072734,68,18.44,True,False,False,1791504011
Spin,bd36c70c-51bc-4ce4-884f-034eedcc38dd,scooter,39.99402,-83.00678,88,24.0,True,False,False,1791504165
Spin,8d45bb2c-826e-4bb9-9ac7-a2e4dc7ad393,scooter,39.995439033333334,-83.0100627,60,16.39,True,False,False,1791504134
Spin,582735ee-c524-41e2-8add-998842b79209,e-bike,39.99696663333334,-83.01501320000001,60,16.39,True,False,False,1791504149
Spin,040594df-289f-455e-9f61-7aa731ee0676,scooter,39.99693053333333,-83.0150021,90,24.58,True,False,False,1791504044
Spin,204ea9ea-0fb9-48c9-a178-b365de11ebef,scooter,39.996944633333335,-83.01500069999999,66,17.85,True,False,False,1791504152
Spin,782fabfb-da6c-4459-9505-e1d9ccc4be46,scooter,39.996930633333335,-83.0150141,49,13.46,True,False,False,1791504174
Spin,9aab35d1-2a13-4980-bdda-87f326e19a5c,e-bike,40.0044884,-83.00900680000001,87,23.71,True,False,False,1791504110
Spin,2a6067e3-13d7-4fc9-838d-1e328fc40854,scooter,39.997056,-83.007519,90,25.73,True,False,False,1791504072
Spin,30fca291-483d-4eab-885a-4468b730d7d1,e-bike,39.99844666666667,-83.00780333333333,38,10.24,True,False,False,1791504169
Spin,5847b07b-bc96-4e8d-b6da-9fc033941281,e-bike,40.005948800000006,-83.00968259999999,81,21.95,True,False,False,1791504135
Spin,3aced242-1414-4ff0-91b5-5cb24f8e3c77,e-bike,40.0059563,-83.00968059999998,23,6.15,True,False,False,1791504137
Spin,1e126a77-6310-4792-b317-3d33d39791d5,scooter,40.005976,-83.009681,29,8.27,True,False,False,1791504135
Spin,59ad90af-62df-4b5c-b5ca-c3d88f6ee865,scooter,40.0039603,-83.01248,100,27.22,True,False,False,1791504143
Spin,3e83b4a1-4c51-4e4f-acf4-69a37c475a76,scooter,40.0058285,-83.00987349999998,38,10.24,True,False,False,1791504051
Spin,a7c23fdf-e3b5-436c-a9cd-ad2eaa272490,e-bike,40.0058304,-83.0099836,72,19.61,True,False,False,1791504140
Spin,2175d816-9a91-4dc5-8bde-ea2b62c99226,e-bike,40.005804499999996,-83.0099536,55,14.93,True,False,False,1791503980
Spin,b2c623f5-614a-4c39-8f18-1d403bb12ff1,scooter,40.005792,-83.009551,45,12.29,True,False,False,1791504132
Spin,c177984b-6b77-48c6-9b22-f3cda3e89e1a,scooter,40.003881,-83.011015,66,18.69,True,False,False,1791504086
Spin,8ab09a30-9b87-4bc4-bc66-470a390fb5d2,scooter,40.003866900000006,-83.0109214,69,18.73,True,False,False,1791504062
Spin,9adf4b12-a30c-4dbc-acaf-ba95618059e4,scooter,40.003871200000006,-83.0109128,62,16.97,True,False,False,1791504129
Spin,925f1797-7eed-4189-a836-526313d9a1c5,e-bike,40.0038072,-83.00933439999999,94,25.46,True,False,False,1791504045
Spin,bd2a5b26-1851-4cdd-80f7-ac75a0177be2,e-bike,40.0038217,-83.0093277,61,16.68,True,False,False,1791504061
Spin,f6a64092-ea55-410d-8d14-9f76c2a8a581,scooter,40.0038072,-83.00932400000002,81,21.95,True,False,False,1791503967
Spin,83333909-91fa-4b8b-9974-1e4b3b3eabd5,scooter,40.003832,-83.009304,98,26.63,True,False,False,1791504111
Spin,04bda763-ae5f-4676-b5cf-5bc8927af5bd,e-bike,40.0038013,-83.00928540000001,86,23.41,True,False,False,1791504168
Spin,a897e0bc-c45f-497c-a00d-3572d71a7919,e-bike,40.0022236,-83.01078311666667,29,7.9,True,False,False,1791504131
Spin,cbe5ed77-28c6-449a-8ec1-0c4452e80cbd,e-bike,40.0022199,-83.0107333,88,24.0,True,False,False,1791504166
Spin,30bdaf0b-06d3-4716-bfe9-3e88e6a86d6e,e-bike,40.002240199999996,-83.01078629999999,86,23.41,True,False,False,1791504027
Spin,3d109220-3515-4617-a847-431e60288e9e,scooter,40.0017636,-83.01345289999999,46,12.58,True,False,False,1791504162
Spin,86d42b39-f207-4736-ac94-3204be0c3373,scooter,40.001986,-83.013435,92,25.17,True,False,False,1791504122
Spin,4ccb9883-2231-4597-8e89-7f4244d1ce4a,scooter,40.001726,-83.0134635,90,24.58,True,False,False,1791504086
Spin,6f059caa-441a-407f-977d-a9c349fec3f5,e-bike,40.0007604,-83.0155382,82,22.24,True,False,False,1791504157
Spin,15b2e3de-646b-4ea5-8a6a-93b9471d33fd,e-bike,40.0007742,-83.01554900000001,43,11.71,True,False,False,1791504070
Spin,a8f4f76d-1b7a-4392-a881-b698b365daa2,scooter,40.004067,-83.015778,47,13.48,True,False,False,1791504083
Spin,c43486c6-0873-4189-bda0-06e16adbd850,scooter,40.0040778,-83.0157218,98,26.63,True,False,False,1791504179
Spin,8a498fc8-dd6a-4290-8270-eea302d168ff,scooter,40.0005552,-83.01542130000001,28,7.61,True,False,False,1791504156
Spin,4b2258bd-3ae1-42a6-b6d7-0b5aa4721223,scooter,39.999829,-83.009161,61,16.68,True,False,False,1791504146
Spin,273fd606-0357-48e1-a13b-a63f2014cf1c,e-bike,39.99477063333333,-83.01964260000001,31,8.49,True,False,False,1791504030
Spin,16285fbc-6f6f-4dd0-9786-b815a54f0dde,e-bike,40.0012904,-83.01028679999999,67,18.15,True,False,False,1791504155
Spin,2b9d3542-6402-4725-a408-95dad2a1e5b3,scooter,40.002005,-83.013469,90,24.58,True,False,False,1791504088
Spin,4e731994-a72c-4549-b5df-1699b797dba6,e-bike,39.996729849999994,-83.01473553333332,69,18.73,True,False,False,1791504109
Spin,26988957-c62b-45c9-9f9d-7608a0719106,e-bike,40.002753500000004,-83.0154023,72,19.61,True,False,False,1791503978
Spin,65377730-ab19-4d83-afd3-edbe3c3292fa,e-bike,40.004227900000004,-83.02426500000001,66,17.85,True,False,False,1791504170
Spin,e62306f2-befd-4146-a921-f298dc24efdd,e-bike,40.0019083,-83.01361010000001,68,18.44,True,False,False,1791504085
Spin,6af23552-91a3-4473-ac86-671f91ced58f,e-bike,40.002791,-83.013755,54,14.63,True,False,False,1791504085
Spin,b5f8223a-0b66-4513-8d4e-f320b08fc0e9,scooter,40.002119,-83.0163,51,13.76,True,False,False,1791503996
Spin,eae8c7d8-93f4-4115-bf7f-575c073c4d56,e-bike,40.00041409999999,-83.01107240000002,63,17.27,True,False,False,1791504178
Spin,24e369f0-7a84-4fb1-812b-2561ab9b28ae,e-bike,40.00223329999999,-83.01378439999999,46,12.58,True,False,False,1791504162
Spin,d46a806c-38d9-44bd-a443-e81a0b677f51,e-bike,40.0025533,-83.0134713,55,14.93,True,False,False,1791504113
Spin,40dbfa26-cc1f-4f08-94a8-e9663d5b0424,e-bike,40.0050361,-83.02669570000002,84,22.83,True,False,False,1791503934
Spin,bc42c0bb-4046-4630-b858-595532445dce,e-bike,39.99694213333333,-83.0158572,26,7.02,True,False,False,1791504161
Spin,f23c4b98-e479-4df2-a2c5-39f9c1d368a8,e-bike,39.99750243333334,-83.02179149999999,32,8.78,True,False,False,1791504169
Spin,387c257a-ac93-48d1-a554-9fc4ba7918c1,e-bike,40.0019389,-83.01349929999999,65,17.56,True,False,False,1791504130
Spin,393cee40-ed54-47e5-bc01-340f184fa234,e-bike,40.0018873,-83.0104138,82,22.24,True,False,False,1791504178
Spin,5066ba5b-32f5-4e69-9c72-74211ca4777e,e-bike,40.006695,-83.02365,58,15.8,True,False,False,1791504161
Spin,b65fc1dd-5b1d-4681-b1bb-f2a4e0f0397a,e-bike,40.0010786,-83.01406139999999,49,13.46,True,False,False,1791504104
Spin,6159d0b4-80f4-4590-8809-689200916a3f,scooter,40.0047084,-83.00943799999999,28,7.61,True,False,False,1791504036
Spin,07dc31ea-c347-4913-9c3b-5ee637f41e42,e-bike,40.0027695,-83.01541800000001,24,6.44,True,False,False,1791504016
Spin,56f0639a-05ea-4e63-8d23-b81eedc9f6e7,e-bike,40.0052935,-83.03396919999999,90,24.58,True,False,False,1791504163
Spin,0e5891b4-173e-4dee-818f-6c9da422ab27,e-bike,39.99591813333333,-83.01951069999998,56,15.22,True,False,False,1791503957
Spin,45600e6f-2bda-4be2-b55e-d93878b4e2cc,e-bike,40.0120365,-83.03542610000001,91,24.88,True,False,False,1791504141
Spin,ce65e6e2-3f78-4cbf-8ab6-d653c0496ec0,scooter,39.995991,-83.019178,87,24.81,True,False,False,1791504165
Spin,540c6270-5329-4c56-84a8-613796a8f59a,e-bike,40.0033479,-83.01570269999999,87,23.71,True,False,False,1791504170
Spin,395a30de-5a41-45d1-a30c-867d49a09d6c,e-bike,39.999975,-83.02154166666666,59,16.1,True,False,False,1791504170
Spin,62772682-c797-45e0-b70d-56e6cd3fe98b,scooter,40.002231,-83.010771,32,8.78,True,False,False,1791504074
Spin,d0a2848f-8ab7-4d48-9c66-5efb8efda2d0,e-bike,40.001881899999994,-83.0145476,40,10.83,True,False,False,1791504101
Spin,7aa4e199-2fd0-4369-8654-3995787036e0,e-bike,39.99537333333333,-83.0148073,95,25.75,True,False,False,1791504121
Spin,70f9823b-d1ec-4208-9179-e250fb4e72f9,e-bike,40.0038023,-83.0127553,42,11.41,True,False,False,1791504100
Spin,3f43c451-5c6b-4bc6-970e-7386225f66ac,scooter,40.012435,-83.026559,31,8.49,True,False,False,1791503964
Spin,d797cae9-a2cc-4ba9-a877-b5e1112a4ca5,e-bike,40.002116900000004,-83.01538000000001,33,9.07,True,False,False,1791504175
Spin,7fedddef-e98b-432a-b01d-dbc00058b550,e-bike,40.0100833,-83.0412547,65,17.56,True,False,False,1791504163
Spin,26072610-8f3b-4ace-9983-ff32fce9f138,scooter,40.0032495,-83.0116721,26,7.02,True,False,False,1791503971
Spin,02c385cd-9f20-4894-801a-578f25703a7f,scooter,39.994080333333336,-83.00676559999998,35,9.66,True,False,False,1791504106
Spin,17adf63f-8b47-47cc-8f63-dbec88900e62,scooter,39.99407943333333,-83.00675170000001,94,25.46,True,False,False,1791504055
Spin,143f9474-7ef9-4633-a947-a23eeea56b1c,e-bike,40.0028808,-83.01247319999999,40,10.83,True,False,False,1791504101
Spin,1880bee7-87d4-4e41-ad05-8bc2b7cf5bdd,e-bike,40.0051021,-83.02673840000001,92,25.17,True,False,False,1791504157
Spin,1b83a96d-071a-48e2-a3a4-7e4ac3a709ef,scooter,39.994981,-83.013571,77,21.07,True,False,False,1791504147
Spin,3d5edce6-ec34-4d30-b5e5-b1c643dace32,e-bike,39.996383,-83.01777154999999,20,5.56,True,False,False,1791504090
Spin,eeba7aeb-7b9b-41c4-9f71-0bf19fadbfac,e-bike,40.0011497,-83.01280049999998,24,6.44,True,False,False,1791504152
Spin,69759408-c2fe-4024-9205-e3bc65f19816,e-bike,40.0006779,-83.01570680000002,45,12.29,True,False,False,1791503948
Spin,b6f0cdab-b3a3-4cca-bc2d-255680888375,scooter,40.003968,-83.011174,92,26.34,True,False,False,1791504134
Spin,ea241587-fbff-4aa2-835a-1211670001d4,e-bike,40.000222799999996,-83.0151973,32,8.78,True,False,False,1791504160
Spin,35c743ac-845c-479d-ab3c-b4cadca6d4aa,e-bike,40.0048735,-83.0246443,69,18.73,True,False,False,1791503995
Spin,70abddcf-8809-48b1-973f-17f69eb39d44,e-bike,40.0027713,-83.01541280000001,51,13.76,True,False,False,1791504103
Spin,ab7c9a61-1685-4744-abf8-650c43b2cb8f,e-bike,40.000883300000005,-83.01297090000001,47,12.88,True,False,False,1791504085
Spin,5f958cee-d005-4d9c-b1b5-16f4ccaae3a0,e-bike,40.0027794,-83.01540930000002,55,14.93,True,False,False,1791504098
Spin,de3c6243-1560-4529-b9d1-701645d8952b,e-bike,40.0032158,-83.02641200000001,86,23.41,True,False,False,1791503998
Spin,0cf2d216-7491-4803-b0fb-985bc0bc2120,e-bike,40.0025429,-83.01571229999999,32,8.78,True,False,False,1791504100
Spin,4640ec36-646b-432b-a4f8-98bc64d9fffe,scooter,40.0021371,-83.0123921,33,9.07,True,False,False,1791504065
Spin,3cbae394-4fff-44f3-9a1f-414ec4cb2e76,scooter,39.99626623333334,-83.0072012,70,19.02,True,False,False,1791504132
Spin,a621ad42-7407-49a4-8445-ff5f93907482,scooter,40.0020985,-83.01240449999999,53,14.34,True,False,False,1791504121
Spin,9c94e99b-dd33-41e8-bca0-f15bc02e6dc5,e-bike,40.003473500000005,-83.0157816,70,19.02,True,False,False,1791504087
Spin,676ff990-962b-43ec-9f5c-ca8593573923,e-bike,40.00172,-83.01387969999999,18,4.98,True,False,False,1791504146
Spin,fc636267-6f51-4717-ad5e-904e86305624,scooter,39.99807023333334,-83.00931280000002,30,8.19,True,False,False,1791504152
Spin,d48e0f53-20cf-43da-8d6d-c602d98f570d,e-bike,39.994194633333336,-83.0086337,31,8.49,True,False,False,1791504173
Spin,758ebb2c-9d98-440f-8348-acccfc7b9d93,e-bike,40.00089,-83.0134727,84,22.83,True,False,False,1791504075
Spin,9c63cd17-a2a2-4d68-914f-d62263030d71,scooter,40.0046239,-83.01313090000001,71,19.32,True,False,False,1791504014
Spin,8c20e4ed-9d17-4ee8-afe7-3457f514b061,e-bike,40.0039346,-83.01285430000001,47,12.88,True,False,False,1791504098
Spin,152b0fdb-db74-4f5e-9f19-094ac8c99e93,e-bike,40.0056283,-83.01160290000001,28,7.61,True,False,False,1791504171
Spin,12948034-37d3-42c3-b33b-e02e105b8d3a,e-bike,40.003632599999996,-83.01602820000001,88,24.0,True,False,False,1791504027
Spin,03cabdb1-031e-4d84-93e9-7a8e5dfa1edf,e-bike,39.99817543333334,-83.01595790000002,51,13.76,True,False,False,1791504164
Spin,55dc45f7-4900-44ad-854a-1d9fcfe80db2,e-bike,39.997847533333335,-83.0092943,80,21.66,True,False,False,1791504176
Spin,8f9b9cf7-a904-4c6e-89b5-80c431791123,e-bike,39.99695213333334,-83.00730209999999,88,24.0,True,False,False,1791504097
Spin,8be24099-4d58-4ef8-9387-f11dbc611383,e-bike,39.99698413333333,-83.01436489999999,85,23.12,True,False,False,1791504160
Spin,c464d230-c000-4b13-a123-e064d6be5f7b,e-bike,40.0020517,-83.0104831,92,25.17,True,False,False,1791503999
Spin,7f7c45bf-1f3c-4a98-8269-e2a1a3e9f050,e-bike,40.0010962,-83.0147114,89,24.29,True,False,False,1791504137
Spin,e03d9c1e-af38-44bf-8f18-abe84be2a287,e-bike,40.015390000000004,-83.03051789999999,61,16.68,True,False,False,1791504168
Spin,0261bc2d-e86e-4ab3-8702-4b4fc59f0928,e-bike,40.0003291,-83.0111672,48,13.17,True,False,False,1791504031
Spin,80e4d6d3-489b-45e1-8924-19da40b3e8a2,e-bike,40.0028304,-83.01304839999999,91,24.88,True,False,False,1791503922
Spin,7b343403-11f6-4e5e-aaff-159aeb805012,e-bike,40.0055561,-83.01162709999998,25,6.73,True,False,False,1791504059
Spin,a49abcfe-4b02-4aad-81fc-6e3bd8a1e4b5,e-bike,39.994824933333334,-83.01357170000001,25,6.73,True,False,False,1791504058
Spin,82659ddb-1a0d-45fc-9c57-7f38f095de5b,scooter,39.994990433333335,-83.01443060000001,87,23.71,True,False,False,1791504056
Spin,8e7662ad-63b9-4692-acea-b0d63f911716,scooter,39.998064,-83.009592,86,23.41,True,False,False,1791504099
Spin,b6fee2a5-54aa-4ba6-83ed-682f10de4947,e-bike,40.0030507,-83.01186549999998,78,21.36,True,False,False,1791503996
Spin,9e1e012f-01e8-41f7-a601-5fafa0f7651c,scooter,40.000842,-83.013552,70,19.02,True,False,False,1791504006
Spin,c17185a3-6046-44e0-a88e-2b15befb9a8c,e-bike,40.0053899,-83.00986759999999,81,21.95,True,False,False,1791504148
Spin,d5292573-fd14-45f3-8fa7-9a278b90373c,e-bike,40.0031306,-83.02101509999999,72,19.61,True,False,False,1791504065
Spin,29708e6d-880b-4b03-a731-7c630d2ce236,e-bike,40.0027736,-83.0424156,38,10.24,True,False,False,1791504135
Spin,4b390ec8-6910-47f4-a876-d2828efbcd64,e-bike,40.0013,-83.01070833333333,99,26.93,True,False,False,1791504061
Spin,ff61e6e3-c722-4c92-a000-b90fbf4778f0,e-bike,39.997114933333336,-83.015061,89,24.29,True,False,False,1791504128
Spin,ede34ce4-1cd3-448f-a749-c5434ecaf28b,e-bike,40.0012934,-83.01026189999999,81,21.95,True,False,False,1791504054
Spin,42c027ff-bd89-4e19-902b-16ec65266bbf,e-bike,40.0062712,-83.0186504,78,21.36,True,False,False,1791503941
Spin,4850d849-833c-4735-ab44-9c9f5993542e,e-bike,40.0012695,-83.01058909999999,51,13.76,True,False,False,1791504150
Spin,b8667839-0ebd-4cdb-9b13-9b38ea160104,e-bike,40.0005588,-83.0154484,55,14.93,True,False,False,1791504169
Spin,ff7b18fb-1e9c-4b3c-b218-c1647d9117bd,e-bike,39.996749333333334,-83.0151391,32,8.78,True,False,False,1791504161
Spin,e5349e01-a1d2-4642-9248-769d3fa90b66,e-bike,39.998051333333336,-83.00932149999998,40,10.83,True,False,False,1791504047
Spin,e624a6c7-077a-4d7b-a08e-04585fa869aa,e-bike,39.99992186666667,-83.00764148333334,72,19.61,True,False,False,1791504049
Spin,a02feeb0-fd9a-404c-b25f-8b0e1e80482f,e-bike,39.99710293333333,-83.01504369999999,42,11.41,True,False,False,1791504030
Spin,3560b91c-4e19-41be-a8fd-aa9ded236948,scooter,40.003888,-83.014269,34,9.37,True,False,False,1791504132
Spin,5caaedbd-5f49-42ee-972c-34b3c73c7039,e-bike,39.99700523333333,-83.01585940000001,66,17.85,True,False,False,1791503911
Spin,c48700e2-23b0-4a99-8402-73610fd6cf5b,e-bike,40.0035713,-83.009567,54,14.63,True,False,False,1791504138
Spin,1411fc43-8467-48df-b082-c2ef874d8efc,e-bike,39.99699783333333,-83.0154622,37,9.95,True,False,False,1791504103
Spin,f909dbf5-cd4c-440f-9d60-2ade9fb505dd,scooter,40.005938,-83.010353,41,11.64,True,False,False,1791504133
Spin,7cc1cb70-8a5f-4ee2-ad9e-21bb9574337e,scooter,40.000734,-83.014226,49,13.46,True,False,False,1791504176
Spin,59a10041-22e7-4f8b-a50d-987b8b71b7b4,e-bike,39.99670213333333,-83.01122079999999,77,21.07,True,False,False,1791504101
Spin,cc29d2e8-57e5-4d8d-827e-8697f804c373,e-bike,40.0058988,-83.00974470000001,86,23.41,True,False,False,1791504141
Spin,dbaf92a6-490d-4fdd-9047-f1ed40d10ea8,e-bike,40.004018333333335,-83.01949,83,22.54,True,False,False,1791504142
Spin,dd82756a-1a99-4945-bd60-8324f432a12e,e-bike,40.0053306,-83.0154947,91,24.88,True,False,False,1791504150
Spin,ecb5a424-7364-4b73-bfaa-e54cc7599abe,scooter,39.998006,-83.009536,46,13.17,True,False,False,1791504046
Spin,6c11a465-4472-49f1-a0bf-3debd6bf2656,e-bike,39.99812553333334,-83.0095036,81,21.95,True,False,False,1791504012
Spin,b124fd62-f89b-4711-aebd-7d14853361b0,e-bike,40.0006908,-83.01425579999999,70,19.02,True,False,False,1791504112
Spin,f0870deb-9dd3-4674-a70e-1bd5ab30e4f8,e-bike,40.000323099999996,-83.0180779,91,24.88,True,False,False,1791504099
Spin,de8c91ca-4e40-450f-9e72-1fdbb66881eb,e-bike,40.000904799999994,-83.01456529999999,26,7.02,True,False,False,1791504157
Spin,d6122025-242a-4340-8651-1cfff9ca4cbe,scooter,39.990809,-83.023572,48,13.79,True,False,False,1791491301
Spin,f64a9ea7-23b0-4d6f-a677-a330ced3c621,e-bike,40.0026549,-83.01543000000001,88,24.0,True,False,False,1791504172
Spin,5edb210c-9314-4904-a8a7-af8756c3f6a1,e-bike,40.0162371,-83.0304751,78,21.36,True,False,False,1791504113
Spin,16bcc848-97b3-4f7d-a136-3d43abeb4ae3,e-bike,39.99809423333333,-83.00923689999999,94,25.46,True,False,False,1791504144
Spin,76fa8014-c2d9-494c-921a-1c2b61c6f312,e-bike,40.0055926,-83.01180559999999,20,5.56,True,False,False,1791504091
Spin,97628311-8a1d-4322-a5a0-690756a4415e,e-bike,40.0030535,-83.0103145,18,4.98,True,False,False,1791504144
Spin,a8a5993a-7f78-4c54-b5fd-7dfc8962aa53,e-bike,39.997933933333336,-83.00930349999999,82,22.24,True,False,False,1791504179
Spin,feb9d14d-201d-439a-bd6e-621c431bb42c,e-bike,40.0040938,-83.01199890000001,85,23.12,True,False,False,1791504154
Spin,5ff90b7a-51ee-4502-addd-511fb9693c00,e-bike,40.005862099999995,-83.0138328,31,8.49,True,False,False,1791504143
Spin,d34de66f-1f06-4a4d-ad80-892753126226,e-bike,40.0005149,-83.00793039999999,23,6.15,True,False,False,1791504121
Spin,e4a0de6f-4098-454e-82e2-2ddf3dc8e20f,e-bike,39.99794193333333,-83.0093429,45,12.29,True,False,False,1791504170
Spin,b1373618-66e7-468b-bf8f-f32cd5724933,e-bike,40.007873000000004,-83.0239089,76,20.78,True,False,False,1791503994
Spin,ba90891e-271c-4633-8b81-fc77f5829d19,e-bike,40.0025507,-83.01639709999999,70,19.02,True,False,False,1791504178
Spin,18e5b995-580c-4e88-ba02-a2bac21a811a,e-bike,39.998368033333335,-83.01244360000001,41,11.12,True,False,False,1791504084
Spin,610e7f29-f4f4-48e1-b112-b9c528310f55,e-bike,39.99737413333333,-83.01490469999999,71,19.32,True,False,False,1791504131
Spin,a0031fce-ec66-4c19-8a4b-1836d50bdbee,e-bike,39.99704273333334,-83.01504609999999,71,19.32,True,False,False,1791504168
Spin,248f198d-7b75-4495-8102-2033c1750139,e-bike,39.99716763333333,-83.01507850000002,28,7.61,True,False,False,1791504172
Spin,751dd418-4433-4b88-afc8-a18ccad7d65c,e-bike,39.998005633333335,-83.03699739999999,46,12.58,True,False,False,1791504159
Spin,042ad916-07c2-4383-a396-814230055d7c,e-bike,40.0018133,-83.01308599999999,88,24.0,True,False,False,1791504125
Spin,e921506d-ef80-4b38-8247-b8dc935604ef,e-bike,40.0055446,-83.01152689999999,55,14.93,True,False,False,1791504171
Spin,23c790ff-f84b-42d4-8f5d-b300d7a0a653,scooter,40.0012937,-83.01514180000001,89,24.29,True,False,False,1791504067
Spin,a17bc33c-1843-4c33-8af3-06e7d9062d1d,e-bike,40.000323099999996,-83.0176966,87,23.71,True,False,False,1791504146
Spin,485f09d3-739f-482a-b964-621433ef520e,e-bike,39.997074633333334,-83.0158763,31,8.49,True,False,False,1791503939
Spin,63ff369f-646f-476b-80dc-be251bf38c1e,e-bike,40.00409833333333,-83.01542666666667,61,16.68,True,False,False,1791504139
Spin,674f01c9-0dec-4309-b2a4-6c77b2ad7e0b,e-bike,39.99673963333333,-83.00729369999999,53,14.34,True,False,False,1791504161
Spin,eec9b93b-bca0-4162-bafe-5d4972e892ba,e-bike,40.0003292,-83.01768480000001,59,16.1,True,False,False,1791504016
Spin,11a12a9d-3ce8-49ea-a9b3-f4e6bf44e415,e-bike,40.0005735,-83.01625719999998,40,10.83,True,False,False,1791504135
Spin,7ce0ab21-450f-43b9-a5e1-11823b829edd,e-bike,40.0006776,-83.01568,66,17.85,True,False,False,1791504167
Spin,c8383639-4a2b-4ab3-98d0-34a43d764fc1,e-bike,40.00316411666667,-83.02807701666667,51,13.76,True,False,False,1791504121
Spin,1995fe63-ec99-4b6e-8ed3-208153c73a3d,e-bike,40.0005691,-83.01624969999999,87,23.71,True,False,False,1791504116
Spin,c43be046-86c6-4f8a-8fef-7d92a2959a81,e-bike,39.998134433333334,-83.00926390000001,31,8.49,True,False,False,1791504063
Spin,613d0379-4ca5-4151-9d2d-bf2a88e40106,e-bike,40.00391666666667,-83.02106333333334,60,16.39,True,False,False,1791503937
Spin,4bff4e20-5607-4554-88c8-f8602c445fe4,scooter,40.002348,-83.012067,39,10.54,True,False,False,1791504021
Spin,ab96beb5-ea6c-4994-94a4-3570895b5b0a,e-bike,40.000574799999995,-83.0162816,62,16.97,True,False,False,1791504112
Spin,66b1fc08-944e-42a5-822e-8cdb3bfe5bc8,e-bike,40.0042998,-83.0206972,91,24.88,True,False,False,1791504112
Spin,51374ca2-4945-407b-b17d-5d148fa43a51,e-bike,40.002204,-83.01237080000001,90,24.58,True,False,False,1791504000
Spin,70c88707-16a3-4816-a118-84eb9f777191,e-bike,40.0005736,-83.01630330000002,72,19.61,True,False,False,1791504021
Spin,ac15e15e-1494-4cca-adff-439a38dd10fe,e-bike,40.0022302,-83.0155847,83,22.54,True,False,False,1791504168
Spin,eea2c5e2-5801-4c34-83e9-514563831998,e-bike,40.0023117,-83.01626519999999,87,23.71,True,False,False,1791504154
Spin,0228b490-f959-4c08-9ae7-a7aa6dfd6ee2,e-bike,40.0013023,-83.0081317,37,9.95,True,False,False,1791504111
Spin,58ee80db-688b-4664-b808-141b1332a3a6,e-bike,40.003503,-83.01574289999999,85,23.12,True,False,False,1791504001
Spin,9617d80a-647f-4c3d-9e03-9a03016a3c95,e-bike,40.003433699999995,-83.01101799999999,34,9.37,True,False,False,1791504020
Spin,fa2eb703-bde6-4ca2-ae82-ce5ad8901588,e-bike,40.0038129,-83.0280412,95,25.75,True,False,False,1791503993
Spin,cdb5e06a-3e2d-417e-8b20-b016f2544f36,e-bike,40.002555799999996,-83.0286023,89,24.29,True,False,False,1791504093
Spin,8b988950-3af3-4b2a-8c4f-8fbd93e55f70,e-bike,40.004544499999994,-83.02574619999999,46,12.58,True,False,False,1791504146
Spin,01dbfb68-a05e-4489-b056-60ea594a8c23,e-bike,39.99710923333334,-83.01507240000001,87,23.71,True,False,False,1791504152
Spin,c78a6ef9-1150-4883-82a1-4fb9fe453f79,scooter,39.997881,-83.015325,17,4.68,True,False,False,1791504126
Spin,35abeb06-18d0-4d1c-88fe-331d2d100b8e,e-bike,39.997310133333336,-83.0219315,32,8.78,True,False,False,1791504117
Spin,3539eb3f-6fed-4c9a-a56f-de09cad38541,e-bike,39.99731163333333,-83.0219297,81,21.95,True,False,False,1791504120
Spin,3a4a4684-68e4-4190-baaf-8c6db4895672,e-bike,39.99582553333333,-83.00736469999998,33,9.07,True,False,False,1791504161
Spin,1e48e535-74bc-4d26-96b5-a76f3a9c7ab5,e-bike,40.003863333333335,-83.01289333333334,77,21.07,True,False,False,1791504103
Spin,7d304a64-ce49-4137-aae9-b32e5c4136d1,e-bike,40.005932,-83.01094429999999,60,16.39,True,False,False,1791504122
Spin,8bdb3c83-bbd0-4c0a-bbca-7082a55d1cc5,e-bike,39.998068233333335,-83.00923239999999,67,18.15,True,False,False,1791504140
Spin,d212790c-ee60-439c-820e-e5d476059d4d,e-bike,40.0013469,-83.0156873,31,8.49,True,False,False,1791503959
Spin,8e044a90-2508-4604-a82b-f6dca949f9b8,e-bike,40.00384570000001,-83.0126466,78,21.36,True,False,False,1791504123
Spin,c916c8ab-5112-4e86-83ef-0aa4bc78bacc,scooter,39.99497913333333,-83.0144608,48,13.17,True,False,False,1791503978
Spin,d402f2dc-5ea5-4449-abf7-5ce1898654c0,e-bike,39.99406853333333,-83.0067254,88,24.0,True,False,False,1791504085
Spin,a887a240-075d-4e93-9f89-2b7ba6777fd5,e-bike,40.0026625,-83.0156696,51,13.76,True,False,False,1791504140
Spin,1e4447b2-9d2c-4965-8743-39376ecc3519,e-bike,40.0055318,-83.0093966,31,8.49,True,False,False,1791504138
Spin,02793279-195a-4ae3-a92b-09f5623ecb11,e-bike,40.002292600000004,-83.00861869999999,65,17.56,True,False,False,1791503989
Spin,18dde873-3231-4252-bb4c-f3d2304ce224,scooter,39.999945,-83.021343,31,8.88,True,False,False,1791504050
Spin,1da2582c-0b16-4cb2-9c22-ecc1623b2816,e-bike,40.0028091,-83.01812980000001,58,15.8,True,False,False,1791504153
Spin,43d230d7-676e-4a57-8ec7-c1f13aeee97c,e-bike,40.0031447,-83.02792290000001,26,7.02,True,False,False,1791503989
Spin,89671bb1-2ded-4f7e-8aab-39042c908f2d,e-bike,40.0056031,-83.01425830000001,51,13.76,True,False,False,1791504033
Spin,d232b9c1-4b96-4be7-ba87-7eee44326dda,e-bike,39.99752843333333,-83.0079717,77,21.07,True,False,False,1791504178
Spin,54fb6175-4ed5-4cc5-9c5c-9062de0c0ada,e-bike,40.0001783,-83.00797820000001,86,23.41,True,False,False,1791504163
Spin,1d9e28bd-2961-4fbf-bd12-3250ad10cce6,e-bike,39.997149433333334,-83.01506470000001,55,14.93,True,False,False,1791504079
Spin,59147f19-16f9-41da-87f3-1648c3038a3c,e-bike,40.0064864,-83.01891640000001,38,10.24,True,False,False,1791504067
Spin,918283e2-c967-46ac-aa92-0c152034b85b,e-bike,40.0003539,-83.01812509999999,40,10.83,True,False,False,1791504173
Spin,929703be-e351-4fe1-bec9-5e25362ad69b,e-bike,39.997551933333334,-83.01650020000001,94,25.46,True,False,False,1791504084
Spin,90eb9325-295a-4e83-b249-f2534d8368c3,e-bike,39.99236633333333,-83.0222542,33,9.07,True,False,False,1791504121
Spin,6f546b85-2812-4657-a32b-8a0cc58c7e4d,e-bike,39.99386573333334,-83.01383220000001,86,23.41,True,False,False,1791504095
Spin,9b03bd9e-9c54-411c-8477-3aa7e7a89e6b,e-bike,39.99695593333333,-83.015031,94,25.46,True,False,False,1791504110
Spin,cdb91cd7-e61a-4ffc-adbd-f40da2c2df95,e-bike,40.0016363,-83.0216469,29,7.9,True,False,False,1791504040
Spin,9590ec18-8c9f-4aac-bf4f-922a62f06059,e-bike,39.99730111666667,-83.00741525,86,23.41,True,False,False,1791504083
Spin,6daff839-5a4c-48ca-b39b-5d0fade30a4a,e-bike,39.99530823333334,-83.0117048,38,10.24,True,False,False,1791504159
Spin,4c64b3a7-3825-4020-b972-0668fee8df77,e-bike,39.99474263333333,-83.01473409999998,53,14.34,True,False,False,1791504026
Spin,7c182b99-9d38-4ae9-bdd7-ac7c492bad3d,e-bike,40.0045825,-83.0144471,22,5.85,True,False,False,1791504154
Spin,1789d739-34af-4fdd-9054-86b0f77b0845,e-bike,40.005329599999996,-83.0154586,30,8.19,True,False,False,1791504116
Spin,1e72c390-3e3f-49ae-8760-4cbee5c1964e,e-bike,40.0066877,-83.0236585,83,22.54,True,False,False,1791504161
Spin,a093152c-c868-47a8-afa9-10bcf3c90fbf,e-bike,39.997550133333334,-83.0267821,69,18.73,True,False,False,1791504123
Spin,2e58fb26-22b9-4a5b-a527-70ea93492368,e-bike,40.0016787,-83.0086328,30,8.19,True,False,False,1791504099
Spin,d886ffd8-cdbd-4059-9230-b3d538d1ba11,e-bike,40.0016412,-83.01073769999999,85,23.12,True,False,False,1791504042
Spin,6576d716-c21c-426f-8bca-4e9b0a12f91c,e-bike,40.001781199999996,-83.01362830000001,68,18.44,True,False,False,1791504076
Spin,386dd189-b412-4abb-a2d5-8196d849b057,scooter,39.99781,-83.010969,71,19.32,True,False,False,1791504175
Spin,ebae3806-4a88-432e-bfd4-9c8cf5b9b9ee,e-bike,39.998871933333334,-83.0385103,58,15.8,True,False,False,1791504112
Spin,fff0e1e7-5965-4fb6-bdab-088be47955f6,e-bike,39.99967183333333,-83.02201369999999,62,16.97,True,False,False,1791504134
Spin,d9545890-c1df-49a6-97f1-a2133f176ef2,e-bike,40.0134796,-83.02819229999999,72,19.61,True,False,False,1791504143
Spin,7b48e3ab-82e3-420b-9d66-838e747148b8,e-bike,40.0026545,-83.010549,46,12.58,True,False,False,1791504016
Spin,6be6204b-d3f5-4c9f-af84-40beea630bfb,e-bike,39.998743733333335,-83.0149813,78,21.36,True,False,False,1791504103
Spin,9756e082-64cc-48f6-82a5-84c8aea72dab,e-bike,40.0025471,-83.0157279,56,15.22,True,False,False,1791503993
Spin,3c14e62f-50b9-4b09-b88d-65de4bc3f30a,e-bike,40.0080859,-83.02775349999999,47,12.88,True,False,False,1791504071
Spin,6c8e6a3d-a8b0-4213-9acb-b6f976ad789d,e-bike,40.0004982,-83.0124451,43,11.71,True,False,False,1791504173
Spin,a2a999c7-caee-4221-bce5-e2be0db6b74b,e-bike,40.0019246,-83.01349069999999,44,12.0,True,False,False,1791504140
Spin,58607691-738e-443b-a633-a051925addb7,e-bike,39.995286433333334,-83.0144155,92,25.17,True,False,False,1791504014
Spin,45a417cb-005f-412a-bf3c-d5bc29bccc95,scooter,39.995376,-83.011677,67,18.15,True,False,False,1791504143
Spin,d6d45f95-58f6-4c46-91ad-4bb3022a053a,e-bike,40.005089,-83.0161463,30,8.19,True,False,False,1791504156
Spin,e475a39a-4c36-4d83-9d47-7416ce373b72,e-bike,40.006692683333334,-83.02364008333333,91,24.88,True,False,False,1791504114
Spin,e6357936-f5c1-45b7-8d67-5a596b6755c4,e-bike,39.99773243333333,-83.00800980000001,28,7.61,True,False,False,1791504176
Spin,e9a1c7d9-7347-4ccf-8e3a-f141fef78399,e-bike,39.99734373333333,-83.0151947,68,18.44,True,False,False,1791504150
Spin,f9c0a806-9d5b-49ad-a838-1e90336fd938,e-bike,40.0036486,-83.0160251,51,13.76,True,False,False,1791504177
Spin,b4102aa4-0395-4e5c-b9df-2b238f712771,scooter,39.998697,-83.017554,97,26.34,True,False,False,1791504056
Spin,de85aafe-7b28-4c19-b225-e8adcce9613d,e-bike,40.0057739,-83.04778310000002,23,6.15,True,False,False,1791504154
Spin,5f2a866c-f0d1-4bde-b2f7-ad5640e8665a,e-bike,40.0041261,-83.01567969999999,30,8.19,True,False,False,1791503970
Spin,2e96d3df-830d-4f69-b9f5-053f3e6d2a08,e-bike,40.0127418,-83.02645159999999,59,16.1,True,False,False,1791503995
Spin,bd0e8697-1091-4f06-9a1a-563caaddac6e,e-bike,40.016184100000004,-83.0309243,73,19.9,True,False,False,1791504060
Spin,33909c90-e322-4fbe-bb13-41e72a2875b1,e-bike,40.006022,-83.0137875,52,14.05,True,False,False,1791504043
Spin,9e16f768-87bb-46ff-a191-6ab1275e7a02,scooter,39.994107533333334,-83.00676030000001,59,16.1,True,False,False,1791504058
Spin,579227f0-489a-4580-9f74-ea058ad81602,e-bike,39.99459673333333,-83.01434920000001,23,6.15,True,False,False,1791504021
Spin,19b09f10-c2a9-4bdf-98b1-c87832474080,e-bike,40.002269999999996,-83.00864410000001,56,15.22,True,False,False,1791504102
Spin,fa761598-c8cc-41ca-ac54-6f657bdb7a28,e-bike,39.99721563333333,-83.03787310000001,89,24.29,True,False,False,1791504084
Spin,897c94bd-e355-4b12-b220-0add2d6bf91b,e-bike,40.0046296,-83.0098861,41,11.12,True,False,False,1791504104
Spin,118a4a5b-4815-47e9-b559-f23e39e499e2,e-bike,40.0060987,-83.01551130000001,30,8.19,True,False,False,1791504103
Spin,c7cf5f0e-1f8c-4a42-97cf-901cb0c6048b,e-bike,39.998110833333335,-83.0092527,39,10.54,True,False,False,1791504163
Spin,fd28eeb2-1db1-4483-b1c5-6c7d0a20095b,e-bike,40.0015061,-83.00985459999998,88,24.0,True,False,False,1791503983
Spin,42a01caa-e764-4e2e-b8b5-64cc44b49899,e-bike,40.004100900000005,-83.01451530000001,59,16.1,True,False,False,1791504129
Spin,58db9ad8-decc-4708-b740-66826e6e9fd7,e-bike,40.000122499999996,-83.0154027,49,13.46,True,False,False,1791504068
Spin,91993dbc-101b-44a3-b5ab-df7d80b9ecdc,e-bike,40.001108,-83.00835549999998,56,15.22,True,False,False,1791504010
Spin,4e9f5c57-077f-4695-87a8-23ef29fbb25c,e-bike,40.0035466,-83.01580880000002,63,17.27,True,False,False,1791504166
Spin,33816d1e-c29c-4a97-a28c-e355effcecda,e-bike,40.004041300000004,-83.01306199999999,68,18.44,True,False,False,1791504134
Spin,0da5f2b5-91ed-42fd-8a45-52874824c344,e-bike,39.997317933333335,-83.014888,22,5.85,True,False,False,1791504140
Spin,24c47042-49a5-4803-8dff-645f9736e97b,e-bike,39.99351793333334,-83.0212741,52,14.05,True,False,False,1791504130
Spin,8f906f2b-e27b-4ae8-8106-06ce050aa581,e-bike,40.0028946,-83.01483359999999,87,23.71,True,False,False,1791504072
Spin,2d6eaac2-eb17-4469-b23f-b7acde823797,e-bike,40.0054582,-83.0093384,25,6.73,True,False,False,1791504103
Spin,dc7932be-f7c0-4899-a7a8-8fa5d0e51e1b,e-bike,40.0011334,-83.00836290000001,38,10.24,True,False,False,1791504133
Spin,74de0521-5be9-4eec-93b3-1d27d9e4fdf0,e-bike,40.0036313,-83.01465449999999,62,16.97,True,False,False,1791504093
Spin,2570fd29-5359-441e-92ef-fcf7c66fc93c,e-bike,40.0035639,-83.00890249999999,67,18.15,True,False,False,1791504158
Spin,d323a198-41b4-42cd-94da-6618f7f67f2a,e-bike,39.99605283333334,-83.0106061,63,17.27,True,False,False,1791504020
Spin,0a20345f-cbd2-432b-9e1d-6ce61880c536,e-bike,39.99582783333334,-83.00910549999999,23,6.15,True,False,False,1791504055
Spin,9fac251a-1311-43a3-b99b-7b2433efa471,e-bike,40.0051234,-83.016537,37,9.95,True,False,False,1791504137
Spin,87a55886-f94d-41a5-b248-a0fd0270e393,scooter,39.994057,-83.00693,41,11.12,True,False,False,1791503924
Spin,800ba583-4090-4a60-91a5-bd2180971a0e,e-bike,40.0018321,-83.02568019999998,48,13.17,True,False,False,1791503937
Spin,8550f01f-cd54-411d-97aa-85d4f2d61216,e-bike,39.99864023333334,-83.01894490000001,37,9.95,True,False,False,1791504054
Spin,c06c637e-509e-47eb-9d72-19abac0d402f,e-bike,40.0064279,-83.023085,53,14.34,True,False,False,1791504124
Spin,e1e3be56-007c-44ae-a812-c7cfe2144c46,e-bike,40.001130800000006,-83.01120569999999,43,11.71,True,False,False,1791504154
Spin,4d17063d-1e25-46d0-b2d4-7ba32fa715de,e-bike,40.0025659,-83.0084122,95,25.75,True,False,False,1791504178
Spin,1d012f69-8906-4228-b804-241cdeb1bde6,e-bike,39.99569013333333,-83.01281660000001,91,24.88,True,False,False,1791504050
Spin,3a24ac01-9465-44d5-8992-fe5c310556e0,e-bike,39.99567493333333,-83.01276860000002,89,24.29,True,False,False,1791504019
Spin,e215e368-4191-4596-90d9-d46efea23ae9,e-bike,39.99424053333333,-83.0089619,44,12.0,True,False,False,1791504007
Spin,4d94980d-5908-48a9-b1c7-b94e4162ff17,e-bike,40.0056054,-83.0377226,91,24.88,True,False,False,1791504067
Spin,9a664891-ef38-4b6b-be4c-101569ef8f74,scooter,39.99780543333333,-83.0075389,61,16.68,True,False,False,1791504093
Spin,bf3ea0b8-7a8f-41c3-bbd6-07558587fd18,e-bike,40.0033547,-83.0117514,100,27.22,True,False,False,1791504114
Spin,57905ffa-8281-4dc7-a4aa-8da23522928b,e-bike,40.0017077,-83.0136757,97,26.34,True,False,False,1791504133
Spin,f3ad6567-483d-4afe-8ecd-4ac44f9492a1,e-bike,40.0016091,-83.0139279,98,26.63,True,False,False,1791504140
Spin,d32829d6-bff7-4b2c-998d-7aa7aeaf6f34,e-bike,40.0001041,-83.02135879999999,72,19.61,True,False,False,1791504179
Spin,4402b5c4-cf08-405c-a234-7a6168527c6e,e-bike,39.99967973333333,-83.00786539999999,37,9.95,True,False,False,1791504065
Spin,e75c1e71-2e48-4749-b604-c52ff776d037,e-bike,40.0040766,-83.0131233,16,4.39,True,False,False,1791504029
Spin,0ec9f4d2-04b5-42ba-a09a-4d1a6847e24f,e-bike,40.0020479,-83.0153498,100,27.22,True,False,False,1791504141
Spin,eee4784b-0af2-47f7-b1ba-4edeecf91d97,e-bike,40.0003057,-83.01663949999998,100,27.22,True,False,False,1791504166
Spin,26c70ecc-c794-46bc-98b4-8d06a758cfef,e-bike,39.99950143333333,-83.0142426,87,23.71,True,False,False,1791504029
Spin,4ecb38cf-c117-4add-a5d6-467d7677067c,scooter,40.0045536,-83.0213205,100,27.22,True,False,False,1791504085
Spin,1e644348-d431-4dd8-a878-b722af1f61fb,e-bike,40.0028926,-83.03222570000001,56,15.22,True,False,False,1791504143
Spin,ebc2ffda-da90-447d-a571-df6575e65450,scooter,40.00476,-83.009236,31,8.49,True,False,False,1791504142
Spin,ab74889d-0a2f-4c7f-bb2b-7b3fb93dcff9,e-bike,39.999196033333334,-83.015463,75,20.49,True,False,False,1791504134
Spin,7bf7c96e-3092-4df4-961d-7973086c48b9,e-bike,39.9956729,-83.01064973333332,65,17.56,True,False,False,1791504170
Spin,21f1c2fc-9bf8-43ce-abc2-3d82399559f6,e-bike,40.0030693,-83.03271590000001,20,5.56,True,False,False,1791504179
Spin,1860fe42-268f-485b-a963-3814101479cd,e-bike,40.016029200000006,-83.0295862,94,25.46,True,False,False,1791504018
Spin,420dc6cf-1112-47c3-8d84-43d7f16fa62f,e-bike,40.003022099999995,-83.03216079999999,69,18.73,True,False,False,1791504146
Spin,df01c2ff-5d6f-496b-9402-63a83a02b8df,e-bike,40.002730899999996,-83.03207249999998,25,6.73,True,False,False,1791504062
Spin,117f5085-4079-4517-8b3e-73db9e60c113,e-bike,39.99967713333333,-83.0079066,53,14.34,True,False,False,1791504142
Spin,549414e5-80d4-4bd0-bb6d-dc0cb4b1c51a,e-bike,39.99952363333333,-83.0078576,63,17.27,True,False,False,1791504129
Spin,84e4fcdf-6e0f-401a-8fc8-17ab3309e8dd,e-bike,39.999076433333336,-83.01769340000001,20,5.56,True,False,False,1791504171
Spin,d82064ee-b867-4aea-a8ec-d423bf35c035,e-bike,39.994697433333336,-83.007109,73,19.9,True,False,False,1791504074
Spin,ac7e1051-20cd-4f2d-886a-6f72a86ad849,e-bike,40.0040207,-83.0130741,43,11.71,True,False,False,1791504126
Spin,8012f5f1-82a6-4332-80bc-687e0e38b60a,e-bike,40.0025865,-83.00839069999999,89,24.29,True,False,False,1791504128
Spin,2d053240-edef-4a66-b0a3-d5ff0ee83d6c,e-bike,40.005366699999996,-83.01760719999999,100,27.22,True,False,False,1791504171
Spin,18f7d986-74b7-4808-99f8-3983bd531ac7,e-bike,40.0006619,-83.0153103,49,13.46,True,False,False,1791504207
Spin,ebe7a8a3-f6a6-4661-b456-981353d36fe6,scooter,39.994339,-83.021306,0,,False,True,False,1791504160
Spin,413ff966-ca12-48c2-8a36-ec29579e3ae8,scooter,40.004053,-83.020373,0,,False,True,False,1791504179
Spin,30e66d68-c749-4d60-a903-e49993ee22d9,scooter,40.015577,-83.026406,1,0.29,False,True,False,1791504066
Spin,b9e84bdb-d5bd-4cad-a4f2-ffb8c4d40bcc,e-bike,40.004652400000005,-83.01268309999999,8,2.05,False,True,False,1791504162
Spin,eba10f13-3efd-493f-8a42-c68ecfe267ad,scooter,40.004823,-83.01588,11,2.93,False,True,False,1791504141
Spin,59d4b638-befd-4fac-9780-3e55abb285e0,e-bike,39.99514666666666,-83.01480666666666,10,2.63,False,True,False,1791504108
Spin,c535f3a4-abc4-41ea-8950-92239435bbe5,e-bike,40.0004166,-83.03211860000002,13,3.51,False,True,False,1791504150
Spin,1229086c-24cd-41b7-8d09-2151b153e81b,e-bike,39.99725443333333,-83.00739809999999,5,1.46,False,True,False,1791504126
Spin,25086847-df9a-4a1d-a5d8-f6b7cb7edb00,e-bike,40.004126,-83.01470560000001,0,,False,True,False,1791504172
Spin,1f261845-9d05-4cc2-868f-ab87e9ba3c6c,e-bike,39.996619499999994,-83.00730148333332,0,,False,True,False,1791504161
Spin,e84cb463-40bd-465e-8b7c-0049cd9c320b,e-bike,40.0038668,-83.00896910000002,0,,False,True,False,1791504167
