Company,Vehicle_ID,Type,Latitude,Longitude,Battery_Pct,Range_Miles,Is_Available,Is_Disabled,Is_Reserved,Last_Reported
Veo,1b711289-ec24-55e0-9aac-d05a0b7fb1b6,bicycle,39.944861,-83.044545,,8.78,True,False,False,0
Veo,2008404,scooter,39.947536,-83.051902,,27.77,True,False,False,0
Veo,c54b0c9f-1228-595d-885b-dba7b0699ade,bicycle,39.977087,-83.003694,,13.1,True,False,False,0
Veo,33c119a6-87fd-5cb4-91aa-0633588b9675,scooter,40.006636,-82.997343,,27.77,True,False,False,0
Veo,43cdf9bc-8d0b-5202-b37a-531580ce74f7,bicycle,40.005332,-83.026853,,7.62,True,False,False,0
Veo,d5bcaecc-499c-5653-8570-9cc07393f7bb,scooter,40.103191,-83.110645,,28.14,True,False,False,0
Veo,c86e0cee-0e91-57d9-8537-8ce354ce7618,bicycle,39.988246,-83.027974,,28.14,True,False,False,0
Veo,97693ee4-56a8-545d-a400-579fed97a247,bicycle,40.009072,-83.00644,,12.87,True,False,False,0
Veo,b169d30b-845f-532c-b347-838e1b3e7bc8,scooter,40.014601,-83.011057,,22.7,True,False,False,0
Veo,7e88a29b-efd0-5523-9eb4-fb77f949a8f5,scooter,40.001277,-83.010409,,25.65,True,False,False,0
Veo,e9af2e41-8b3f-5428-bf00-9eb370b49874,scooter,40.032709,-82.991458,,18.19,True,False,False,0
Veo,255b77c5-3598-5a5a-9bc9-e771d2b30b6b,scooter,39.947469,-83.051996,,14.86,True,False,False,0
Veo,d2f5c93d-c3a5-5008-ab9a-505ba485ab98,scooter,40.105035,-83.109054,,13.39,True,False,False,0
Veo,15f3c965-0001-57e3-9949-1fe73ee32d62,scooter,40.004199,-83.017076,,24.84,True,False,False,0
Veo,d760db2c-933e-5b77-987f-0ac5adb5971e,scooter,40.020782,-83.038275,,22.05,True,False,False,0
Veo,2008245,scooter,39.986936,-83.009421,,28.14,True,False,False,0
Veo,e3f0e343-d337-56f7-9968-5ac299b5b12b,bicycle,40.026843,-83.020349,,7.29,True,False,False,0
Veo,5c25ea25-1217-524b-9f92-f71b2fbe3488,bicycle,39.941978,-82.995031,,28.14,True,False,False,0
Veo,abee0120-fd84-5974-bcf9-b7c59c1b6f31,scooter,39.967917,-83.012384,,28.14,True,False,False,0
Veo,8215014f-10c8-5745-90a2-1cb6d9bbdcc6,bicycle,39.950119,-82.959214,,19.05,True,False,False,0
Veo,b9cad9bb-d49f-5170-b80f-199058099d8b,scooter,40.017952,-83.025441,,27.18,True,False,False,0
Veo,21c88657-56d3-5dde-8e42-d8e0c6131586,scooter,39.989425,-83.06671,,25.65,True,False,False,0
Veo,ba00b44d-0ec3-5e5b-b3a5-593c4c4bd769,bicycle,39.995294,-83.019019,,6.07,True,False,False,0
Veo,85bb1296-03d2-58a3-8b63-dbfc90914bcd,scooter,40.005477,-83.009154,,9.65,True,False,False,0
Veo,c56879ff-15cd-56e5-a461-8e8b33c0b003,bicycle,39.996805,-83.015021,,3.81,True,False,False,0
Veo,85744743-0753-5bd9-8ed8-007215e39c45,scooter,40.006752,-83.046005,,10.31,True,False,False,0
Veo,1a9e7c3c-cb03-5020-b7d6-3e04d94f5b5c,scooter,39.986847,-83.008104,,27.77,True,False,False,0
Veo,9437a32f-8b57-5530-8b1e-61ad88d2049f,bicycle,39.943629,-82.971169,,27.44,True,False,False,0
Veo,31dfdb6f-cf17-5210-9f96-1669de7c02a0,bicycle,40.022559,-83.013599,,24.33,True,False,False,0
Veo,05fd20fa-8582-569f-853a-f325960f57b0,bicycle,39.978625,-82.946425,,28.14,True,False,False,0
Veo,6fd212f8-1681-511a-bb9d-f24d2963d921,bicycle,39.985435,-83.031473,,21.49,True,False,False,0
Veo,9840d778-da00-55b5-972b-a5e4c1885296,scooter,39.935933,-82.988866,,12.28,True,False,False,0
Veo,5e54e42d-0ed5-575e-8dca-c22614c8cadf,scooter,39.999755,-83.016816,,16.39,True,False,False,0
Veo,e254ada6-7028-5881-b2c9-1bde3a66a92c,scooter,40.060354,-82.986972,,28.14,True,False,False,0
Veo,ae3deb5a-19a5-51b5-b3a7-19c5f5ead3b8,bicycle,40.002005,-83.014258,,28.14,True,False,False,0
Veo,59f2961e-ae09-5a3d-b073-d9951128cea5,bicycle,39.968463,-83.012353,,27.44,True,False,False,0
Veo,2dba07a1-aac5-5278-8e9f-bda58018196b,bicycle,39.958579,-83.012935,,15.89,True,False,False,0
Veo,af318cf5-5eab-58d4-9846-34b013a0b416,scooter,39.949837,-83.026279,,2.79,True,False,False,0
Veo,3316450f-5c14-5730-a3e6-3e82fc1cc1fe,scooter,39.996427,-83.016984,,16.39,True,False,False,0
Veo,19ae5f34-e267-56a2-97e3-4189376a643d,bicycle,39.967879,-83.012421,,19.78,True,False,False,0
Veo,93139de0-6957-5ebf-a409-c788f7248dcb,bicycle,40.066874,-83.078032,,23.77,True,False,False,0
Veo,61d3a7ed-1446-50d1-84b8-fcc81f747714,bicycle,39.994791,-83.005177,,23.02,True,False,False,0
Veo,9fca9643-e8b2-5295-9c7e-81599650e87a,bicycle,40.103425,-83.108923,,28.14,True,False,False,0
Veo,bcc3785c-cf55-5429-a844-05f823042cc4,scooter,39.967907,-83.012349,,28.14,True,False,False,0
Veo,c5be6f26-ce91-590c-be63-7e5963180852,scooter,39.902964,-83.056948,,1.15,False,True,False,0
Veo,57a90180-836c-5050-a0fc-c505d5676d80,bicycle,40.002311,-83.011105,,25.94,True,False,False,0
Veo,c8d50924-025f-5544-bc99-c3771aabfa73,scooter,39.997028,-83.007568,,25.12,True,False,False,0
Veo,681dee2a-5b7f-5b8e-bdaa-d2b27f67aa59,bicycle,39.986016,-82.9954,,22.7,True,False,False,0
Veo,2f8b479e-b623-5079-b4fa-838288809cb1,bicycle,39.925515,-83.082588,,25.94,True,False,False,0
Veo,3eff2036-afed-570a-b45f-ea301088bf9a,bicycle,40.003462,-83.017441,,25.94,True,False,False,0
Veo,cccd93af-2771-551d-9d5f-6f8beff5c57c,scooter,39.967656,-83.003615,,28.14,True,False,False,0
Veo,70ed8fb7-54ca-523d-9078-d22eeeebd09d,bicycle,39.944045,-82.997743,,21.77,True,False,False,0
Veo,cefae5d0-4f5b-50b1-b031-acffa6121c1f,bicycle,39.976673,-83.013806,,26.25,True,False,False,0
Veo,d98438f8-e07c-50c7-9978-fa203758710e,bicycle,40.006942,-83.009348,,11.59,True,False,False,0
Veo,f5e7890a-b903-5577-bc07-5b6e44bcd4fb,scooter,39.997626,-83.037969,,6.98,True,False,False,0
Veo,60f37f26-d618-5a0a-a56b-2a0e0563b3bc,bicycle,40.032336,-83.017221,,7.62,False,False,True,0
Veo,0e199c6f-6db1-5d5e-b919-29ce2cb463be,bicycle,39.956571,-83.01494,,19.05,True,False,False,0
Veo,8a992e24-13d3-5062-a3f1-40f8b4036f71,scooter,40.000451,-83.001242,,28.14,True,False,False,0
Veo,1420c8d4-92d0-52fc-95ed-be0e49cbb222,scooter,39.983939,-83.014187,,9.97,True,False,False,0
Veo,203e51f7-5a5a-5c5e-ac4f-96217503dd40,scooter,39.974981,-82.998267,,28.14,True,False,False,0
Veo,4dcdbc95-3c6d-5f9d-a97d-24cf0332515e,scooter,39.978653,-83.0039,,23.02,True,False,False,0
Veo,c88a6837-a428-5ed9-bc31-f84f55856bab,bicycle,40.03469,-83.018758,,25.74,True,False,False,0
Veo,291c0e16-ca7d-51e7-aa00-3f6fccb072e3,bicycle,40.03198,-82.934372,,28.14,True,False,False,0
Veo,a0120e3a-1a1c-50c7-bbdb-884c3862c4ae,bicycle,39.902959,-83.056878,,27.02,True,False,False,0
Veo,6b34b9b4-e5a9-5fcf-8135-42a77cf2f452,bicycle,40.066884,-82.935576,,16.39,True,False,False,0
Veo,c3683c2d-e6e8-533d-9a2c-c8546e837045,bicycle,39.97443,-83.010531,,12.07,True,False,False,0
Veo,35637dce-ce97-5ba7-9079-2f4b25f83c84,bicycle,39.950943,-82.960611,,20.78,True,False,False,0
Veo,0dda2a97-f368-5130-8a8f-f978984aca23,scooter,39.991517,-83.026638,,22.7,True,False,False,0
Veo,304ebbdd-7bad-5927-818e-25e5f1aeb314,scooter,40.028194,-82.987372,,12.52,True,False,False,0
Veo,d3167f62-2e66-5cba-a649-ed14c4b9bc5b,scooter,39.958629,-83.012899,,13.39,True,False,False,0
Veo,25f595cd-aab4-5d44-a796-59c549bb49f3,scooter,39.949451,-83.041778,,28.14,True,False,False,0
Veo,d03fce04-468e-535f-ae9b-8ed62913d80f,scooter,40.054817,-82.957985,,25.65,True,False,False,0
Veo,c6e79c9e-9560-5a26-9bbb-53fc7985653c,scooter,39.977518,-83.001569,,25.12,True,False,False,0
Veo,3683de91-1448-56cb-9023-7c05fcaf936c,scooter,39.99477,-83.005897,,22.39,True,False,False,0
Veo,0ef424b1-95e9-5496-9ac7-e718adcc5f7b,bicycle,39.956,-82.945466,,5.68,True,False,False,0
Veo,9738d98f-398f-5f5a-b961-d379eea7c093,scooter,39.987532,-83.071685,,23.02,True,False,False,0
Veo,7b084e18-f872-56a7-a0a5-c323af571aa6,scooter,39.995071,-83.016609,,25.94,True,False,False,0
Veo,4ad10c4c-08c8-5374-a24f-2a49e68200ef,bicycle,39.946029,-82.961133,,27.18,True,False,False,0
Veo,c32e2f8e-d2b0-582f-aa0d-210461ca6acb,bicycle,40.008206,-83.027783,,28.14,True,False,False,0
Veo,23e8fe14-b72f-5ad1-b915-8d0783f461fb,scooter,39.936697,-82.961901,,28.14,True,False,False,0
Veo,d9365ad1-3ce6-5f3d-b3fc-46714c7901d1,scooter,39.985323,-83.003999,,28.14,True,False,False,0
Veo,1d43d135-aa38-5eba-b9f0-d4fa13964a23,bicycle,40.015987,-82.991006,,15.18,False,True,False,0
Veo,3863c1e8-dbaa-573b-a738-dfd310360412,bicycle,39.993356,-82.982873,,21.15,True,False,False,0
Veo,93a04d6c-f47d-5935-aeaa-ae3dc6efa55e,scooter,39.975444,-82.975768,,28.14,True,False,False,0
Veo,d4b36dd9-94c0-589c-854b-aa9ed148e0aa,bicycle,39.917863,-82.975712,,1.15,True,False,False,0
Veo,81671e5d-6946-5b6e-ad10-11a37eefa832,bicycle,39.925252,-83.05808,,26.25,True,False,False,0
Veo,24e9a439-e2b7-5701-b588-5e0cdb16059a,scooter,40.007318,-83.009238,,17.89,True,False,False,0
Veo,c1c069e6-0c6c-5856-b99f-8c6fd4e2d6c2,bicycle,39.991699,-83.076334,,9.29,True,False,False,0
Veo,3bba5e8c-e001-5460-bed4-15eb541fe8df,bicycle,39.992272,-82.987704,,24.84,True,False,False,0
Veo,fd4e7462-9493-59ef-99b4-abb8ec9c4e3a,scooter,40.101683,-83.114701,,28.14,True,False,False,0
Veo,f1b6fa69-3166-584d-87d3-8031d2c3f0f8,bicycle,39.957168,-82.933459,,28.14,True,False,False,0
Veo,e66be718-1963-590d-b25f-0e875d0808ae,bicycle,40.010236,-83.027334,,28.01,True,False,False,0
Veo,b20c0cf4-0b7c-586e-a280-687ac7783cb7,bicycle,39.941967,-82.99504,,28.14,True,False,False,0
Veo,b51a68f4-f8d5-5512-960a-eee7aa7716d4,bicycle,39.932281,-82.878773,,13.64,False,False,True,0
Veo,7a3b7cd1-8604-5289-be36-0e57b82e2c0c,scooter,39.949654,-82.959492,,5.03,True,False,False,0
Veo,18de09c0-3a29-5aa3-aed9-5057405dd9c2,bicycle,40.022778,-83.001832,,3.81,True,False,False,0
Veo,81619e62-501d-5826-a3e8-cae2b17b9e5d,scooter,39.997024,-83.007609,,28.14,True,False,False,0
Veo,86fe438a-8a74-5fd2-9c1a-e0599c92ba09,bicycle,39.986901,-83.009465,,21.49,True,False,False,0
Veo,9f5a1319-205a-5371-95ca-ae2af20be4e2,bicycle,40.066759,-82.916777,,20.37,True,False,False,0
Veo,9ec86d48-0660-5c72-8214-4d2c307d1a48,bicycle,39.997245,-83.02674,,23.02,True,False,False,0
Veo,8e083f33-c9ba-54ad-89c8-ca6f38a5c222,bicycle,39.99078,-83.004237,,12.28,True,False,False,0
Veo,90351800-7bf4-58aa-a62b-ec4bb6a3f6ed,bicycle,39.984042,-83.016892,,21.15,True,False,False,0
Veo,47f17df4-5e22-5265-bc71-d34a6ff494f4,bicycle,39.902975,-83.056944,,27.44,True,False,False,0
Veo,67474f17-6b9e-5741-b151-1d163ce9305a,bicycle,39.937517,-82.95056,,11.34,True,False,False,0
Veo,a48cb75d-f818-5ebe-91bd-8bc6579a97e0,bicycle,39.923959,-82.959301,,28.01,True,False,False,0
Veo,dba8faa2-b09e-55dc-bc69-7c44655a6900,bicycle,40.000895,-83.013913,,13.39,True,False,False,0
Veo,2655a728-69af-59ea-9f7b-611035caddaf,scooter,39.990655,-83.042675,,28.14,True,False,False,0
Veo,cdd5c85c-82a4-5ae4-8892-c387b3fe0365,scooter,39.946718,-83.045115,,16.39,True,False,False,0
Veo,5235b60b-4074-51a8-911a-36571f54b522,bicycle,40.005799,-83.043795,,2.12,True,False,False,0
Veo,21a9589a-7384-5095-94f3-05a62f360864,bicycle,39.921665,-82.891681,,13.64,True,False,False,0
Veo,ecd48e88-33c9-5e1c-9866-765697874621,bicycle,39.998565,-83.002121,,19.39,True,False,False,0
Veo,25e193bd-012d-515e-8d10-2d94e7487961,scooter,39.978616,-83.003798,,28.14,True,False,False,0
Veo,181b1674-fd98-56e3-8800-605cd2705f9d,bicycle,39.94665,-83.000271,,28.14,True,False,False,0
Veo,77d64f10-e6d8-5061-bfb1-3413d129eb23,bicycle,40.005471,-82.913033,,15.89,True,False,False,0
Veo,c0a7b733-a59a-512e-a213-c3c1f5b7462e,bicycle,39.960235,-83.042116,,26.78,True,False,False,0
Veo,be5b9b67-ae1b-519b-abad-e8b97dcfba2c,scooter,39.960292,-82.865506,,4.92,True,False,False,0
Veo,0f08e423-2f53-585d-9817-cd1ae90347fb,bicycle,39.929431,-82.988042,,25.12,True,False,False,0
Veo,a67ad4d5-3063-5a83-a77c-86d4b51e457d,bicycle,39.970436,-82.96149,,27.77,True,False,False,0
Veo,36768b18-a6e0-5f18-a35b-fd57bd8034e5,bicycle,39.960294,-82.986899,,25.34,True,False,False,0
Veo,1b41192c-b7d4-53e8-aff0-138c57feeb11,bicycle,39.984738,-82.997745,,20.78,True,False,False,0
Veo,e74ea48a-688d-57f4-a983-3765b1c08cf8,scooter,40.000184,-83.008187,,11.34,True,False,False,0
Veo,9e819770-1680-5e5a-ad9d-420987cc7405,bicycle,39.95741,-83.011395,,14.86,True,False,False,0
Veo,ea546a45-411a-5e54-9bec-6a8e1cc265d8,bicycle,40.072057,-82.977512,,24.33,True,False,False,0
Veo,bf38841e-ed4a-5c94-b65c-c7c0db6d5fc9,bicycle,39.95481,-83.074292,,27.77,True,False,False,0
Veo,3d88c053-f3a7-5be2-a296-3c6bb055321a,bicycle,39.977724,-83.002359,,11.34,True,False,False,0
Veo,0103765a-f081-5ed9-b64f-5df7186f2c75,scooter,39.93213,-82.983023,,28.01,True,False,False,0
Veo,f3bb83c9-c06a-5e73-b2e9-6bb41e09f28d,bicycle,39.984902,-83.038748,,25.65,True,False,False,0
Veo,115263a6-832a-5128-b835-fee5ebde7834,bicycle,40.063621,-83.074799,,28.14,True,False,False,0
Veo,a8ae67e7-8ab7-5cee-932c-7d336c076594,bicycle,40.031631,-82.980744,,15.45,True,False,False,0
Veo,00261d61-8252-56f5-8927-b2ffe20644cc,bicycle,39.928483,-83.073355,,28.14,True,False,False,0
Veo,a8134744-6389-5b4f-9771-dac7daf2e7fa,scooter,39.98323,-83.014853,,12.07,True,False,False,0
Veo,dfe3a958-9a85-5ffa-8cb8-ec49eed581b1,bicycle,40.016166,-82.961986,,25.34,True,False,False,0
Veo,2b5b72e3-f46f-5381-aef3-35fa561a35df,bicycle,40.104615,-83.107841,,28.14,True,False,False,0
Veo,5d719951-f446-5efd-85f1-270f756b4e1b,bicycle,39.9559180801078,-82.94530223016405,,0.0,True,False,False,0
Veo,6806b9b5-7354-54d9-8ec8-8ce20468547f,bicycle,40.105187,-83.111602,,28.14,True,False,False,0
Veo,3c80c12e-6461-5982-b7cf-48e334db2df8,bicycle,39.949436,-82.98136,,28.14,True,False,False,0
Veo,8ad8eabf-373e-510c-8cd0-cdad7c28ee1f,bicycle,40.063092,-82.967723,,13.39,True,False,False,0
Veo,145bb361-07b2-523f-976c-5d501d8decb1,bicycle,40.021379,-82.965511,,8.43,True,False,False,0
Veo,c7b9c164-b11d-5dd7-9d85-08a6fc71d68a,scooter,39.952851,-82.937384,,24.84,True,False,False,0
Veo,7fc0cccb-0a0f-59df-907f-743b80d7ae3b,bicycle,40.023522,-82.997397,,28.14,True,False,False,0
Veo,36554cb1-7e3e-51e1-94bc-ae0291f5355e,bicycle,39.985272,-83.036851,,28.14,True,False,False,0
Veo,89dc232c-ff93-575f-b1fd-f27f254d69f6,bicycle,40.011795,-83.021938,,28.14,True,False,False,0
Veo,5fec5e14-3b7e-56ae-af9c-97a785979be6,bicycle,40.001151,-83.007388,,28.01,True,False,False,0
Veo,7f2a7477-68bc-59f3-8140-d573cdeefa7c,bicycle,40.087084,-83.091817,,14.17,True,False,False,0
Veo,4a2a313d-4ea1-5515-ae84-833e8a13b149,bicycle,40.000024,-83.005721,,25.94,True,False,False,0
Veo,b5af62a6-ad81-5470-816d-bab6e439bcf2,bicycle,39.995873,-83.038086,,5.27,True,False,False,0
Veo,e988c8b8-d49f-5ebb-9d19-fb8edc3534ae,bicycle,39.995502,-82.973872,,14.17,True,False,False,0
Veo,a5a3f9eb-7c44-5322-a8f3-a1010108cd07,bicycle,39.947803,-82.967473,,13.86,True,False,False,0
Veo,07222c5c-699c-5a0e-a01c-8d71e0a964d0,scooter,39.93954,-83.005738,,28.14,True,False,False,0
Veo,e493fceb-c441-5a4b-9f10-b863f82d2e62,bicycle,39.935049,-82.992877,,28.14,True,False,False,0
Veo,c4193f81-c737-5e42-bea0-755206868fa4,bicycle,40.039823,-83.008354,,15.18,True,False,False,0
Veo,3ac872cf-b782-5fcd-b9fe-3a86f258970c,bicycle,40.02752,-83.044473,,23.02,True,False,False,0
Veo,b0d7687b-0b5e-5488-aa6a-dcc8fd2ba57e,bicycle,39.961423,-82.988751,,11.83,True,False,False,0
Veo,f05dd5e0-d4cc-5109-8c70-a1f8db363f0b,bicycle,40.022348,-83.01333,,28.14,True,False,False,0
Veo,ff5c5d06-65cb-5ddb-bc14-ef83d6fdef13,bicycle,39.979636,-83.008838,,14.61,True,False,False,0
Veo,9b190cb6-d002-52bd-8296-8e24c715a02d,bicycle,40.046689,-83.005685,,5.68,True,False,False,0
Veo,0de90f97-90e1-5d28-b793-a485620bafd3,bicycle,39.996031,-83.015869,,3.48,True,False,False,0
Veo,89089275-c808-59c4-914a-1f92d47600e7,bicycle,39.960272,-82.955751,,1.15,True,False,False,0
Veo,edaccfcc-caa4-5467-af16-91e65025b39e,bicycle,40.100981,-83.10903,,28.14,True,False,False,0
Veo,c7f4591f-caa3-5ca9-85ca-fdbc2125b6b8,scooter,39.942003,-82.995048,,28.14,True,False,False,0
Veo,b4536467-c425-51a9-bc31-f73b4660272d,bicycle,39.958714,-83.012834,,28.14,True,False,False,0
Veo,0cfeabf3-01ef-5dae-afa5-b6abd2e32b75,bicycle,40.002229,-82.949635,,28.14,True,False,False,0
Veo,1f1c08a2-c469-5663-884b-625f0e095752,bicycle,39.989794,-83.009247,,26.51,True,False,False,0
Veo,db703291-2615-5b64-ac9a-0542827537c6,bicycle,39.938606,-82.980951,,3.13,False,False,True,0
Veo,eb7c93b2-2bf9-5e44-9178-e01c1e25048d,bicycle,40.004517,-82.969945,,28.14,True,False,False,0
Veo,7e07b0b0-0690-58fc-a1b8-0a5fde6734fb,bicycle,39.949463,-83.041769,,26.51,True,False,False,0
Veo,fef95df2-a40b-5f61-8bd3-420eaab7a53e,bicycle,39.953801,-83.017518,,10.51,True,False,False,0
Veo,47dc160e-407e-54d8-9e7c-5a94575c97ff,bicycle,39.996137,-82.951732,,28.14,True,False,False,0
Veo,5c10c1e7-c011-565d-a974-d59cb9cae017,scooter,40.027558,-83.028298,,27.44,True,False,False,0
Veo,599981b8-9cbd-54da-a98f-93eea29b9eab,bicycle,40.036354,-82.986832,,13.39,True,False,False,0
Veo,0aca9f86-5eeb-5aa3-b0b7-b68618ef3e6b,bicycle,39.946461,-83.058319,,28.14,True,False,False,0
Veo,33a34dcf-a033-55f6-9b85-c45eac9a6e45,scooter,40.002068,-83.015665,,18.67,True,False,False,0
Veo,dd480b47-75a1-5c68-8ec6-699e537d90a2,bicycle,40.039825,-83.008344,,25.34,True,False,False,0
Veo,e1d5eea0-e5cc-59ff-b2f3-943a8b1b3a56,bicycle,40.008989,-83.005058,,13.39,True,False,False,0
Veo,1d2f47a1-c4da-5362-8505-c5dd85a38ac9,scooter,40.00673166666666,-82.98149666666669,,14.61,True,False,False,0
Veo,7413495c-fef4-5523-8cad-ad2e3bc29f3b,scooter,40.005619,-83.011652,,15.89,True,False,False,0
Veo,43bdbc19-c433-5edc-b792-3366e03dcd8c,scooter,40.000442,-83.001228,,28.14,True,False,False,0
Veo,9acf2cac-4bd6-54b6-a04b-7cb8273af6e3,scooter,39.997288,-83.001464,,13.39,True,False,False,0
Veo,7a0d4ac2-86be-5140-a4a2-40b1e670088c,bicycle,39.948567,-82.945002,,23.33,True,False,False,0
Veo,90f12541-c83d-56fe-9c97-2e23fbbc919d,bicycle,39.980379,-83.010088,,28.14,True,False,False,0
Veo,c7bd9dc0-8d02-57a3-aee0-a087c3910405,scooter,40.000158,-83.008214,,11.34,True,False,False,0
Veo,f10f0bf4-e42f-5044-9f4e-a97a30bc0759,bicycle,39.940744,-82.89023,,20.78,True,False,False,0
Veo,0247cc13-89b0-5450-8c78-0fe0606b6dc0,bicycle,39.980862,-83.002723,,11.59,True,False,False,0
Veo,cb4b1306-8fcb-504a-93bb-232038f73e7d,scooter,39.968766,-83.007981,,15.45,True,False,False,0
Veo,bb219f7a-450b-5f29-be60-2e2c4c691f79,bicycle,39.995807,-83.000042,,25.94,True,False,False,0
Veo,f4b9ee1b-dcdd-5030-8710-13e3d6cd7e73,bicycle,40.015172,-83.013864,,13.64,True,False,False,0
Veo,078866c5-b83c-5290-a339-c67a98660257,bicycle,40.001876,-83.014563,,22.7,True,False,False,0
Veo,30e95a27-6f0a-5926-86f2-252c08889828,scooter,40.010551,-82.992172,,11.34,True,False,False,0
Veo,89b86bcb-8cfc-57e5-bd9f-502682fd8b51,bicycle,39.996187,-82.995504,,28.14,True,False,False,0
Veo,55427587-64de-55e1-a6a1-4bab2d64f2ad,bicycle,39.927876,-82.966964,,25.34,True,False,False,0
Veo,dfbcf123-575d-5aec-b0d6-84aeaf4d75ed,bicycle,39.992509,-83.009804,,23.02,True,False,False,0
Veo,3ec62d85-5233-5695-b569-c526cbd23c6e,bicycle,39.939438,-82.925178,,10.51,True,False,False,0
Veo,8d3be6e9-fcbe-5545-a84c-ab7adb6b3696,bicycle,39.918736,-83.102342,,25.65,True,False,False,0
Veo,48ee773f-7378-582a-870c-11e0f9560221,bicycle,40.005053,-83.007457,,18.67,True,False,False,0
Veo,b55ff638-841e-5d58-8a6c-fb058da0f435,bicycle,40.024365,-82.906248,,28.14,True,False,False,0
Veo,edd88142-ff63-5037-a22b-b2ba6faf7fe8,bicycle,39.94488,-82.876693,,11.83,True,False,False,0
Veo,564bfc42-14ce-5c57-9cdc-26af4efe4113,bicycle,39.94823,-82.997847,,25.94,True,False,False,0
Veo,ee6633c0-f6de-5598-8ab8-377826e4f06c,bicycle,39.99569,-83.014659,,24.33,True,False,False,0
Veo,ef091a59-36a5-5207-a494-ddda378142e9,bicycle,40.084306,-82.988423,,2.09,True,False,False,0
Veo,8c84877c-f89b-58d9-b6cb-d50ed58f270b,scooter,39.957956,-82.977796,,24.33,True,False,False,0
Veo,77b814ca-f8d6-5871-91d3-e8e1c816e681,bicycle,39.95518,-83.019715,,10.51,True,False,False,0
Veo,091960cb-cbac-5445-adfe-a278c71d432a,bicycle,40.02661,-82.978619,,14.43,True,False,False,0
Veo,d8db0ab8-1b3d-5c6a-bac2-b79c5793b2c2,bicycle,39.940171,-82.948694,,11.59,True,False,False,0
Veo,f4215cae-96be-589c-a6ef-d2d55640366f,bicycle,39.979313,-82.948912,,7.29,True,False,False,0
Veo,70ebca45-d7fb-5d78-87bc-be7f28e8f515,bicycle,39.939366,-82.948763,,13.64,True,False,False,0
Veo,b7068fe4-4a1f-5a46-b53b-6de80ae8b9d1,bicycle,39.957925,-83.006118,,12.52,True,False,False,0
Veo,9bd593ca-194f-5cbe-9fc6-f454aefc6485,scooter,40.005519,-83.009137,,28.14,True,False,False,0
Veo,1dcc39b8-7819-5579-90fc-1e8d2000abd5,bicycle,39.996944,-83.020889,,9.97,True,False,False,0
Veo,c16189b2-d33f-551f-ab9a-3ceb60997cc4,scooter,39.945915,-83.009082,,15.18,True,False,False,0
Veo,7dc464a9-acb2-5fea-b396-231a75a46fe4,bicycle,39.995667,-82.992026,,23.02,True,False,False,0
Veo,844c4616-0942-5eee-8771-3dee3d6a5380,bicycle,39.972287,-82.993041,,6.98,True,False,False,0
Veo,6b275898-e31a-5e07-a29d-aa8f74a79a43,bicycle,39.96091,-83.063385,,19.39,True,False,False,0
Veo,08f2334d-8233-54f5-9fa1-c64938521c2a,bicycle,39.941443,-83.05985,,28.14,True,False,False,0
Veo,3e3cab43-f4bb-5907-b18d-818b12f9b301,bicycle,40.005402,-83.007495,,28.14,True,False,False,0
Veo,513820ab-9ce7-5041-8f0a-e939112f434c,bicycle,40.004432,-83.009684,,18.19,True,False,False,0
Veo,9f3ffe45-7b79-5682-a26d-30761552c08a,bicycle,40.003198,-82.997866,,28.14,True,False,False,0
Veo,03a116a7-f62f-5294-bab7-08845c3d7ec2,bicycle,40.100637,-83.115604,,28.14,True,False,False,0
Veo,bdfaf92b-b38a-538c-8b03-786b3e09eeee,bicycle,40.000515,-82.998547,,12.07,False,False,True,0
Veo,aacd0ee0-a540-57b1-8eef-3d9e01cc7642,bicycle,40.030407,-82.974508,,9.02,True,False,False,0
Veo,ac0c4b7c-9403-5bc2-82d2-3f0c56b7ae74,bicycle,40.000419,-82.930238,,25.12,True,False,False,0
Veo,ccfe84b3-85f6-55ec-b2e2-3d6e03fc69b2,bicycle,39.968583,-83.012332,,9.29,True,False,False,0
Veo,dc04bbc6-d6f4-5760-aeae-57fab543d0ed,bicycle,40.101051,-83.109946,,28.14,True,False,False,0
Veo,5a22c226-1959-5be8-96a4-07a1162947dd,bicycle,39.958964,-82.995197,,25.34,True,False,False,0
Veo,0b3c2b3b-8b19-5e06-9d7b-55b2a78e283c,bicycle,39.98049,-82.992799,,23.02,True,False,False,0
Veo,f4f4627b-b34d-5a19-ba90-b26bef4f871f,bicycle,39.983085,-82.998303,,7.62,True,False,False,0
Veo,e9c810e6-3225-5a75-ae17-5f5e2a8eea48,bicycle,39.958906,-82.96228,,28.14,True,False,False,0
Veo,f87f8a26-940f-5b50-a9a2-c4d5eb9a543d,bicycle,39.929026,-83.074245,,14.43,False,False,True,0
Veo,9053cb58-066f-5142-8dd7-5d723bed55c5,bicycle,40.075236,-83.013142,,28.14,True,False,False,0
Veo,ac19cdb9-65de-5f27-b64c-317ec1072541,bicycle,39.971671,-82.948812,,28.14,True,False,False,0
Veo,3738ed0d-7e1d-5159-ae1d-0d606c6796a1,bicycle,40.047999,-83.025517,,28.14,True,False,False,0
Veo,19b524d1-d977-5f29-a7df-137d003e683b,bicycle,39.997004,-83.041697,,16.39,True,False,False,0
Veo,595512ec-35cf-53f6-9e4a-b3947a523d13,bicycle,40.010862,-83.047631,,10.31,True,False,False,0
Veo,bbdc4011-f1a4-50c0-9951-2530843baa84,bicycle,39.962052,-83.004104,,27.44,True,False,False,0
Veo,f5d0d095-1bf5-5b35-90fc-e74ed3ff5028,bicycle,40.018473,-83.012308,,26.78,True,False,False,0
Veo,6866f1e7-92fe-53f1-b169-b73693589fc0,bicycle,39.997018,-83.007599,,28.14,True,False,False,0
Veo,c95c492e-fcbe-567e-8998-3a1c385385f4,bicycle,39.933241,-82.980541,,10.51,True,False,False,0
Veo,60551558-7dd7-52ea-96a2-89aec059405c,bicycle,39.961006,-82.986588,,25.94,True,False,False,0
Veo,98c8299a-a6d5-5396-a7b6-e2b6f7e0baa7,bicycle,33.993276,-118.16404,,4.67,True,False,False,0
Veo,0633898d-ec35-59a7-a381-e3379a7ec1e7,bicycle,40.030193,-82.962804,,12.87,True,False,False,0
Veo,9c22eba3-b7ca-54f2-a56a-39086d437110,bicycle,40.085725,-82.957967,,22.39,True,False,False,0
Veo,ba188d56-0a48-5b91-adbf-cd69bfdc08e1,bicycle,39.946342,-83.04929,,28.14,True,False,False,0
Veo,abd5ffa1-a530-5bab-827d-185f7586f0de,bicycle,40.085842,-83.118994,,8.09,True,False,False,0
Veo,0c6581c0-d670-5d5c-a22c-7a9ddaf88fc7,bicycle,39.979891,-83.023565,,8.09,True,False,False,0
Veo,e849d4b7-d822-559e-8bbc-99284f8f0162,bicycle,39.945201,-83.056102,,28.01,True,False,False,0
Veo,37bef178-28f3-5cc9-ba1a-bfc896ba36f2,bicycle,39.996254,-83.017091,,28.14,True,False,False,0
Veo,bded9f90-6625-5492-a31e-24dd3cfd2424,bicycle,39.957447,-83.011357,,28.14,True,False,False,0
Veo,37d10a81-d71f-5592-8167-110459ddd737,bicycle,39.99888,-83.008012,,25.34,True,False,False,0
Veo,f2f7849b-d728-553e-9e98-ae8a72f24be1,scooter,40.030156,-82.960657,,25.12,True,False,False,0
Veo,882f2d1b-9a11-5077-8f61-785ee84ab0e9,scooter,40.001898,-83.000243,,13.39,True,False,False,0
Veo,162a702d-9d50-543d-a493-c24365b6ded8,scooter,40.047259,-82.944447,,9.29,True,False,False,0
Veo,1495eb6b-0acd-5a1d-a7a4-099afd874e2f,scooter,40.00486,-83.005832,,28.14,True,False,False,0
Veo,f7d62922-9fed-5d1b-817c-75804b34a3ce,scooter,39.998673,-83.006122,,22.39,True,False,False,0
Veo,e56e6e90-a8ba-5268-92df-5c0f68a5d272,bicycle,39.990783,-83.013277,,16.39,True,False,False,0
Veo,536c8959-22f9-5461-b624-a0ed2174f984,scooter,40.003874,-83.005368,,8.09,True,False,False,0
Veo,467717d5-49b9-55a7-bb81-7d20820097f9,bicycle,39.978755,-83.011341,,27.77,True,False,False,0
Veo,827fde48-9ac8-5353-9e1f-8c5f6238eb2c,scooter,39.958056,-83.00658,,27.02,True,False,False,0
Veo,5e9f0ef0-894c-5787-8405-edb527edbda3,scooter,40.006038,-83.011676,,25.94,True,False,False,0
Veo,5d230a49-c7cf-5e92-883a-236fa903f6ea,scooter,39.978371,-83.009753,,9.02,True,False,False,0
Veo,42201105-7c2f-5430-a009-5d2780fe6edb,scooter,39.997669,-83.00751,,21.15,True,False,False,0
Veo,765e4656-083c-52e4-ae84-79b0b01e7157,bicycle,39.8979,-82.929713,,12.52,True,False,False,0
Veo,bb882002-9749-5c0c-9570-562297d68592,bicycle,39.982895,-83.006285,,28.14,True,False,False,0
Veo,5c027334-83ab-5fe4-9623-eb41a9e6c442,scooter,39.95721,-82.989261,,25.65,True,False,False,0
Veo,f51c0897-b16d-54be-b8b7-8844d8ce1880,scooter,39.9576,-82.988311,,22.39,True,False,False,0
Veo,22043aaf-9156-5578-9ff9-371a4ff2dbef,scooter,40.004222,-83.013853,,28.14,True,False,False,0
Veo,8856f34f-5b8a-5a46-9cf2-5e67fef09dc9,scooter,39.925702,-83.015731,,28.14,True,False,False,0
Veo,d4a26b8b-b228-5c9f-a4a9-0c2fb1ba5a0b,scooter,39.95149,-82.994978,,28.14,True,False,False,0
Veo,8b336ae9-3ad9-564f-a67a-afdfb80cd0cf,scooter,40.10207,-83.110839,,28.14,True,False,False,0
Veo,273c2f52-d160-5edf-94ff-5b6ba07ab4b0,scooter,40.015898,-83.030131,,15.89,True,False,False,0
Veo,7cf86820-762e-5567-b5a5-9f8ddeefdd8d,scooter,40.023772,-83.031526,,9.97,True,False,False,0
Veo,eec82c0b-2656-5967-9788-ba9544ebba3b,scooter,39.988787,-83.032962,,8.09,True,False,False,0
Veo,b92f31c8-4b77-53c1-8eb7-581fa4cf7189,bicycle,40.032529,-83.017318,,1.56,True,False,False,0
Veo,e61bb5b7-33d6-5209-a558-39eaba3722b2,scooter,39.973331,-82.970049,,5.03,True,False,False,0
Veo,206fc109-9b0f-53bf-ae89-cc9872d59ed3,scooter,40.002572,-82.996824,,15.45,True,False,False,0
Veo,ea9b83fb-9630-592c-9bbd-a04738d7ec2b,scooter,39.999495,-83.008184,,17.37,True,False,False,0
Veo,c576656a-2c90-5b4f-8aeb-99409cd3582d,scooter,39.989389,-83.066731,,14.86,True,False,False,0
Veo,799f6448-ff90-587e-bc5a-f29c36754628,scooter,40.013483,-83.00764,,12.63,True,False,False,0
Veo,f74c5b4e-4bbb-5889-bf55-81726d3a3feb,scooter,39.951547,-83.035695,,8.09,True,False,False,0
Veo,977a8a5f-8124-57f2-8631-b4ec577ac06b,scooter,39.987683,-83.025291,,20.78,True,False,False,0
Veo,baabc4eb-42fc-5e8e-b6f6-807490ba7c22,scooter,39.984764,-83.036992,,27.77,True,False,False,0
Veo,86f18fd1-43ef-58c5-900b-90bed4d90224,scooter,40.005813,-83.01991,,16.84,True,False,False,0
Veo,0080fa27-7ab1-54f5-95da-f6226d5060bb,scooter,40.025622,-82.965401,,22.05,True,False,False,0
Veo,577792b5-c88b-5045-8e8c-898697c0f2de,bicycle,39.92986,-82.979554,,27.02,True,False,False,0
Veo,2307bc7a-7937-535a-9315-fe3029778a34,scooter,40.004534,-83.009942,,24.06,True,False,False,0
Veo,b2b18ed3-3e48-5c28-960d-7cd2028a93ad,scooter,40.014601,-83.011073,,27.02,True,False,False,0
Veo,0a77b35c-cb7f-561f-8ab5-1be786a22245,scooter,39.969779,-82.978243,,26.51,True,False,False,0
Veo,2ff1792a-64fd-5e9a-9dec-9236ff857c6b,scooter,40.000501,-83.000022,,28.14,True,False,False,0
Veo,0c7d3fa8-c3bb-505f-8f98-99cf6caae3de,scooter,39.980141,-83.007084,,24.33,True,False,False,0
Veo,877f8b1f-8b9c-5e1d-b48e-29a1247da3e5,scooter,39.942438064728975,-83.07684005939859,,0.0,True,False,False,0
Veo,94a12d8a-8127-5d0c-ad1e-8357e8c6dad9,bicycle,40.029,-82.982037,,22.7,True,False,False,0
Veo,1aac004c-531b-5eb8-abf5-cd32ce5b8428,bicycle,40.002557,-82.996815,,28.14,True,False,False,0
Veo,a4a74f69-0d3e-5e68-9d70-87bbe9d80415,bicycle,40.017572,-83.031204,,25.65,True,False,False,0
Veo,ec2e17f1-145e-5996-9e5f-d7f9ced4066d,scooter,39.96846,-83.012364,,26.51,True,False,False,0
Veo,1a8abf6a-61f7-5489-9a63-75055217a45d,bicycle,40.00228,-83.011167,,27.02,True,False,False,0
Veo,d83f91ac-604c-5123-9408-f0aa1b96b309,scooter,39.999358,-83.005143,,25.65,True,False,False,0
Veo,a6aea660-f168-5f6c-b037-713544a20117,bicycle,40.103512,-83.108842,,28.14,True,False,False,0
Veo,45e98e3c-98bd-5932-99ed-816a0debe17c,scooter,40.019312,-83.02792,,13.86,True,False,False,0
Veo,6ef1cdbe-7ec7-5862-a7a7-8a77d3229601,scooter,39.999922,-83.015429,,24.33,True,False,False,0
Veo,8a14d32e-849e-5604-b46e-9c8540406e97,scooter,39.976406,-82.998209,,28.14,True,False,False,0
Veo,a47af43e-27c0-51a2-ba1b-324c9a8c01d8,bicycle,40.005164,-83.009047,,13.1,True,False,False,0
Veo,c269bd18-2850-5eb1-b7e2-93a7b3463280,scooter,39.995233,-83.015663,,5.44,True,False,False,0
Veo,0d7f045d-4537-5f8b-b5f9-4c6d89766743,bicycle,39.933494,-82.964304,,28.14,True,False,False,0
Veo,3292a4d2-dee0-55b9-98e6-5f53749aeece,scooter,39.928653,-82.978166,,28.14,True,False,False,0
Veo,2cdb36cc-5fdb-5b85-8fae-05feff930c25,scooter,40.001538,-82.998155,,9.02,True,False,False,0
Veo,88d0d876-16c7-516f-9201-3b1f23a48e29,bicycle,39.949601,-82.957183,,9.97,True,False,False,0
Veo,063d8c71-a2e7-554f-9d39-55e86f648892,scooter,40.003296,-83.010544,,28.14,True,False,False,0
Veo,22ef6e6c-6fac-5280-9ebc-8fc0178f3475,scooter,40.039644,-82.995501,,12.07,True,False,False,0
Veo,5147577d-4779-50b2-9e56-73d9e5ee62fe,bicycle,39.928885,-82.950783,,9.65,True,False,False,0
Veo,1af98a96-abda-531f-804d-1e72692b61e1,scooter,40.057302,-83.071226,,28.14,True,False,False,0
Veo,f803707c-3e88-5489-861a-84dc5d7ed188,scooter,40.004113,-83.014993,,27.77,True,False,False,0
Veo,aca6c99c-7ff4-5f2a-a654-5101ce36d1ba,bicycle,39.97444,-83.022204,,24.33,True,False,False,0
Veo,0f19d36e-bfe4-56a3-91b7-a9a0be4954ae,scooter,39.949421,-82.995525,,20.37,True,False,False,0
Veo,7ba73277-363f-5b54-a435-b8153e9a4c99,scooter,39.94223,-82.996908,,24.84,True,False,False,0
Veo,da95d507-57b8-5aa5-9015-b5692b8f682c,bicycle,40.002239,-83.010944,,12.07,True,False,False,0
Veo,841cbe53-d51e-5ec0-a9be-dace7f9eeb4d,scooter,39.960053,-83.013057,,22.7,True,False,False,0
Veo,46549dd2-c015-51b6-a16d-13d630b68890,bicycle,40.10999,-83.107126,,28.14,True,False,False,0
Veo,777c193b-6c5c-542a-a7d4-e5454b8b1ff8,scooter,40.006031,-83.008972,,3.13,True,False,False,0
Veo,4e65c707-1fe7-563f-b267-2a1035e619f9,scooter,39.953666,-82.97981,,8.78,True,False,False,0
Veo,e3d5d850-5cf6-5c6b-9a5e-0e2c0f2a2bfb,bicycle,39.965667,-82.887143,,15.18,True,False,False,0
Veo,53560cb4-6a77-5e3f-aad1-e3af2ecfacd6,scooter,39.994344,-82.964959,,24.06,True,False,False,0
Veo,875156ee-0362-54bd-8ac4-7a5b6d8cdec2,scooter,39.987023,-82.998885,,12.63,True,False,False,0
Veo,e67be16e-8d39-5783-978d-786199b9e26a,bicycle,39.971028,-82.96139,,25.74,True,False,False,0
Veo,a27cd742-24ec-5431-8f0a-d0407c56fdbc,scooter,39.996148,-83.010575,,15.89,True,False,False,0
Veo,2d35e111-804c-5c57-963c-589224a570d9,scooter,40.004464,-83.026033,,27.44,True,False,False,0
Veo,827f5b55-c3dd-5481-8967-74803d8cc183,scooter,40.000137,-83.008214,,25.74,True,False,False,0
Veo,13ee6576-1fdb-5bca-821c-a04319d0f8e6,scooter,39.995607,-83.002574,,28.14,True,False,False,0
Veo,eb3fce11-ee38-50e0-b605-67b3c1b8fcf4,scooter,39.954145,-83.013811,,28.14,True,False,False,0
Veo,5de4ab3d-75db-5722-a3ba-abbd57271fd8,bicycle,40.018097,-82.946587,,26.78,True,False,False,0
Veo,bcac9c70-d643-552d-a088-9ec2efa69b84,bicycle,39.996613,-82.998397,,14.43,True,False,False,0
Veo,30536692-829e-5913-a7a5-5b145a93f1b5,scooter,39.985938,-82.99529,,6.98,True,False,False,0
Veo,ccb5dca6-0ad1-5c30-ad62-affcbb2124bc,scooter,39.984705,-83.033609,,28.14,True,False,False,0
Veo,f9378e47-a726-526d-9441-87b6c3e93a6a,scooter,40.000656,-82.996056,,12.07,True,False,False,0
Veo,0ac11b4e-e157-5abf-9d85-81ce3c841c39,bicycle,39.949405,-83.060488,,6.31,True,False,False,0
Veo,4640c1bd-bafa-566a-a85a-cd09ec63ae22,scooter,40.003033,-83.010578,,28.14,True,False,False,0
Veo,14adcf6b-18b6-5556-b168-3c6d0eb167b5,scooter,39.97054,-83.002406,,28.14,True,False,False,0
Veo,c9a53a78-d71f-5c1d-9438-bd959eab010b,scooter,40.008775,-83.015127,,26.78,True,False,False,0
Veo,fa4df3b9-fc69-59bc-a868-d57c6e33962d,scooter,39.992515,-83.025475,,16.39,True,False,False,0
Veo,a9337588-c3e8-57a4-ae16-39a536f6fb51,scooter,39.985038,-82.999359,,27.44,True,False,False,0
Veo,bd9d5664-81ae-549d-aeb4-ee05c4c0c21d,scooter,39.987614,-83.023762,,28.14,True,False,False,0
Veo,9afa3ecf-0055-5635-85a7-4f07fc96140e,scooter,39.986913,-83.00939,,28.14,True,False,False,0
Veo,c3acebd6-d56f-57db-a0ef-d3f8cab5c722,scooter,40.017203,-83.032227,,19.78,True,False,False,0
Veo,051ae23d-c4ba-5422-9284-8cd452d665c9,scooter,40.004668,-83.002351,,20.37,True,False,False,0
Veo,97946970-1c3a-572e-9268-2c578cae96fb,scooter,40.014282,-83.022979,,17.89,True,False,False,0
Veo,3f476030-0e45-53e3-97f5-a5ec69d2c124,scooter,40.000384,-82.99732,,14.17,True,False,False,0
Veo,26697257-3c21-57f2-bda2-56574e2b275c,scooter,39.957188,-83.003491,,25.65,True,False,False,0
Veo,3b4397a0-7e99-5577-9615-91c729d41632,scooter,39.994669,-83.006933,,27.77,False,False,True,0
Veo,5dec8c82-36e6-5446-b1b6-bf79677114f0,scooter,40.016985,-83.032162,,19.78,True,False,False,0
Veo,925d0d61-22ed-5bb7-b811-ad2228860dcd,bicycle,39.967865,-83.012383,,28.14,True,False,False,0
Veo,9d3ec0db-e1f3-5763-a703-d8af7168ab2d,scooter,40.000149,-83.008197,,13.1,True,False,False,0
Veo,86c2e909-3d73-51e5-b5e1-6979a1c11fcb,scooter,39.997881,-83.048403,,28.14,True,False,False,0
Veo,f322e4dd-89d9-522b-83f5-55161cc03192,scooter,40.007296,-82.999754,,24.06,True,False,False,0
Veo,f321dd65-9d2a-56b2-ac71-91c0d5752b71,bicycle,39.9526,-83.02466,,27.44,True,False,False,0
Veo,3ac631bc-44ea-5213-b3ad-69e469e53822,scooter,39.953673,-83.097961,,27.44,True,False,False,0
Veo,df403eae-ee1c-580e-b037-550796396b42,scooter,40.000218,-83.008276,,14.17,True,False,False,0
Veo,1f20921f-89f9-5c81-aa23-fd340f57a957,scooter,39.986144,-83.036379,,28.14,True,False,False,0
Veo,73b57d38-e6db-5c0f-a849-4e4a7430e8a0,bicycle,39.980239,-83.008026,,28.01,True,False,False,0
Veo,f6775bf0-cfb3-58c1-9df6-26f7f7b86c85,scooter,40.003517,-83.032567,,14.17,True,False,False,0
Veo,a543b007-7d52-5371-8ba8-523badcc4a6b,scooter,40.004381,-83.027103,,8.78,True,False,False,0
Veo,13d1ad52-ef90-5251-9563-0e76d9660eba,scooter,40.006856,-83.040994,,14.86,True,False,False,0
Veo,61f70f81-7e71-58c9-802f-31d2adab47fa,bicycle,39.975304,-83.014667,,28.01,True,False,False,0
Veo,0f368cf9-6e57-55f3-a70c-ab1f87ee0f4f,scooter,40.003893,-83.007896,,28.14,True,False,False,0
Veo,34afae11-975f-56c7-b640-cfd88936cf18,scooter,39.978551,-82.946475,,28.14,True,False,False,0
Veo,5da470c0-f919-5a10-8181-d3fd383d0aea,scooter,39.96846,-83.018284,,16.39,True,False,False,0
Veo,87515bff-100b-570c-b71e-2f0349f0aa88,scooter,40.009853,-82.998166,,13.1,True,False,False,0
Veo,db3d600b-4232-5896-a8d7-e8282aa86ff2,bicycle,40.016962,-82.97737,,14.43,True,False,False,0
Veo,4d66c07b-4f34-5954-ad28-a9025d694003,scooter,39.999955,-83.007198,,24.33,True,False,False,0
Veo,747d60dd-277b-5c52-9636-cacb18303a5e,bicycle,40.004611,-83.014328,,24.33,True,False,False,0
Veo,e45b3519-0279-55cd-8894-204404560354,scooter,39.960502,-83.008826,,25.34,True,False,False,0
Veo,0e0367d9-886f-5568-b7fb-fe538257bef8,bicycle,40.017843,-82.976645,,25.34,True,False,False,0
Veo,89fa1f9a-3e4d-58e6-814b-bf7f5522b38d,scooter,39.998552,-83.014221,,1.15,True,False,False,0
Veo,b4eae770-92bf-592b-b373-3faca2a4b785,scooter,39.950209,-82.985373,,28.01,True,False,False,0
Veo,84520ea3-85ca-5c9c-ac1a-6a4073ef80c7,scooter,39.990427,-83.015026,,23.02,True,False,False,0
Veo,8e4dc03f-cd72-5638-b178-9eb1aa7d23a4,scooter,39.997616,-83.03799,,28.14,True,False,False,0
Veo,08e24227-f50e-59ea-8492-429d9fd0c7a6,scooter,39.993886,-82.999759,,11.34,True,False,False,0
Veo,780e97fb-c9b4-5d08-8924-8aaa9fad7552,scooter,40.001609,-83.008565,,28.14,True,False,False,0
Veo,808d7e2d-2a7f-5767-8a3e-d17d9cc98d72,scooter,39.967918,-83.054417,,20.05,True,False,False,0
Veo,45a07f75-39b2-52f9-afd8-f3720497a571,scooter,40.009325,-83.026768,,4.19,True,False,False,0
Veo,e3d20b54-c366-55d4-b0bc-1495b1d8a66c,scooter,39.957194,-83.095322,,16.84,True,False,False,0
Veo,5edb6bcf-e1d4-5050-9d74-83801d4fc6e4,bicycle,40.017824,-83.012414,,12.63,True,False,False,0
Veo,753d9521-efea-5dde-8412-2826d25e98bb,bicycle,40.061971,-83.019726,,28.14,True,False,False,0
Veo,ee131ea2-975e-5125-ac57-05b72fc36fe1,bicycle,40.006255,-83.046226,,20.05,True,False,False,0
Veo,cb55102f-4538-532c-bc1c-c9fce73b06ef,bicycle,39.969823,-83.051002,,21.49,True,False,False,0
Veo,82e0cd38-607f-5dda-a758-a2dc9a265653,bicycle,39.933235,-82.942387,,28.14,True,False,False,0
Veo,6e10c713-fbed-549d-8b78-b5147e532d86,bicycle,40.001529,-82.998525,,14.86,True,False,False,0
Veo,e29a6de7-0824-53a2-ba45-1c474cbc8613,bicycle,40.001491,-83.008784,,20.05,True,False,False,0
Veo,88a6e284-d33a-530c-867e-b411ae8a9c65,bicycle,39.957841,-82.995365,,15.89,True,False,False,0
Veo,9ba6d8d2-6c61-5e21-8517-be108a1a2f51,bicycle,40.039611,-82.992798,,12.63,True,False,False,0
Veo,db691127-5cfd-5b95-9843-4ae4a3c87ccf,bicycle,39.940467,-82.983543,,28.14,True,False,False,0
Veo,97f0adff-37d3-5e6b-bbe4-61a0eb47136c,bicycle,40.052375,-83.042514,,20.37,True,False,False,0
Veo,9a6a0c08-6125-58b9-a06e-fb63f8f49763,bicycle,40.007291,-82.999768,,27.77,True,False,False,0
Veo,a69403ec-872e-5d00-a689-d974a4fb173f,bicycle,39.97465,-83.00305,,28.14,True,False,False,0
Veo,c4b23b63-4909-5ba4-bf55-4c0ccdc67d86,bicycle,39.996405,-83.017541,,27.02,True,False,False,0
Veo,9230496f-8ed2-5f38-b6de-8fdccc7ddb74,bicycle,39.996989,-83.04167,,9.02,True,False,False,0
Veo,566d77d7-80dd-5817-873d-4618004a5cd2,bicycle,39.925515,-83.057883,,14.17,True,False,False,0
Veo,3aa414f3-73af-5eff-881d-eb402b37f009,bicycle,39.974769,-83.070883,,16.39,True,False,False,0
Veo,f83adecb-c5c4-5a4b-8b9c-2ab27a0b5158,scooter,40.041903,-83.016371,,28.14,True,False,False,0
Veo,3c056221-6b0f-507b-8824-53e2a595fa1a,bicycle,39.973573,-82.965731,,9.65,True,False,False,0
Veo,2c393ee7-56ad-5d0a-b106-a21799765496,bicycle,39.985343,-82.990891,,13.86,True,False,False,0
Veo,faebfdf2-9be9-5327-ab87-41cd9c19a901,bicycle,40.02353,-82.999481,,28.14,True,False,False,0
Veo,7f2784f8-f26f-5e47-a373-4f7059a839e4,bicycle,39.960166,-82.970733,,19.78,False,False,True,0
Veo,fb2449d5-a066-54ef-bcd8-e7172a30102d,bicycle,39.95861,-83.012815,,28.14,True,False,False,0
Veo,7b709b8b-dc5d-58f9-afda-514d206a811a,bicycle,40.029916,-83.035183,,1.15,True,False,False,0
Veo,4f0aafca-83e8-5eff-8c09-9280393fd970,bicycle,40.007357,-83.015492,,28.14,True,False,False,0
Veo,b22d716e-6884-56a0-b2b1-e402129bdee4,bicycle,39.953244,-82.992531,,16.84,True,False,False,0
Veo,e5be372f-ef19-509d-b6e7-f0acba045cd8,bicycle,40.00759,-83.009141,,26.25,True,False,False,0
Veo,11de62d5-5f47-544c-8326-4db127758804,bicycle,39.923623,-82.959356,,26.51,True,False,False,0
Veo,8cb45b7c-4cbe-512d-957f-feb8b344375d,bicycle,39.933261,-82.980688,,28.14,True,False,False,0
Veo,248edfe1-a226-5ddc-a32e-c29e2994eb8d,bicycle,39.979838,-82.994739,,27.77,True,False,False,0
Veo,52524953-2f5a-51f1-841e-85bb69cde3c6,bicycle,39.998683,-83.004436,,6.31,True,False,False,0
Veo,e09242c7-253c-5482-a264-9b3f67901649,bicycle,39.989109,-82.975561,,28.14,True,False,False,0
Veo,d0a1874a-88fa-547e-8e71-2f04c865c3a8,bicycle,39.961071,-82.990807,,13.64,True,False,False,0
Veo,5bb0d629-da4a-551c-98bc-d7eb39a67713,bicycle,39.949435,-83.041802,,25.94,True,False,False,0
Veo,10c480bd-6c8f-5df9-8831-7a3b850a1800,bicycle,39.96014,-83.012635,,24.84,True,False,False,0
Veo,0344d92b-a864-5f79-aba1-688334fba584,bicycle,40.008214,-83.033158,,12.87,True,False,False,0
Veo,4e98f84c-bb6f-523f-9caa-fbd0fc5c5600,bicycle,39.933286,-82.980697,,25.65,True,False,False,0
Veo,471ee18d-a635-5097-aac5-d0d6e3405c2c,bicycle,39.92563,-82.962895,,28.14,True,False,False,0
Veo,f517b61a-0a55-5841-a44b-086ab1bfda8e,bicycle,40.026032,-82.954453,,25.94,True,False,False,0
Veo,49b9715b-1cde-5647-8a0c-4fb0f29d2a5f,bicycle,39.961313,-83.007639,,28.14,True,False,False,0
Veo,46b1f58b-2656-570d-b283-4053ff4f6f01,bicycle,39.897073,-83.035522,,12.87,True,False,False,0
Veo,7c079c3a-11ac-5e82-94d8-9bfdf73a0a1d,bicycle,39.942962,-82.951407,,22.7,True,False,False,0
Veo,361a7917-ca02-540f-ae7c-064248f40084,bicycle,39.968254,-82.992054,,6.67,True,False,False,0
Veo,6622549f-e1bb-552e-ad90-7d4f8fd7c687,bicycle,39.986994,-83.072299,,9.97,True,False,False,0
Veo,9576e6b1-5ee0-51d4-a148-dc4c17e9ea78,bicycle,40.005659,-82.973655,,11.59,True,False,False,0
Veo,60e5ce55-f601-58cf-86ed-701560171f73,bicycle,39.994719,-82.913329,,28.14,True,False,False,0
Veo,abb5b2d6-82a3-5089-b543-01a9260a3043,bicycle,39.957399,-82.995397,,4.67,True,False,False,0
Veo,48e06482-33f4-5247-8e83-9ab0622447a8,bicycle,39.994211,-83.005891,,25.74,True,False,False,0
Veo,199ccd92-ecff-56e5-946e-a19062e48540,bicycle,40.003797,-83.008794,,27.77,True,False,False,0
Veo,9be17525-7ed2-5f54-b95c-330a7a70bc3c,bicycle,39.979974,-83.081345,,28.01,True,False,False,0
Veo,78b5ca3f-92cd-505e-ac02-1fd032cffbb3,bicycle,39.993327,-82.983179,,22.05,True,False,False,0
Veo,e00f7101-9389-5c57-9263-00954301b907,bicycle,39.985224,-83.015329,,13.1,True,False,False,0
Veo,81f86101-f834-5296-9e77-dbc468075166,bicycle,40.047252,-82.923873,,28.14,True,False,False,0
Veo,1d8742b2-0078-5bcb-8c9b-6726aa82fb11,bicycle,40.10062,-83.108054,,26.78,True,False,False,0
Veo,79fbd3e6-159f-541d-b99c-21a03f1f4a76,bicycle,39.999162,-83.041997,,14.17,True,False,False,0
Veo,438cf1fd-58e1-55e9-9cdd-0b7abe396d02,bicycle,39.956246,-83.070611,,25.65,True,False,False,0
Veo,7c65f57d-759a-576a-abd6-5ab4cfdf9a8c,bicycle,39.986182,-82.920219,,11.83,True,False,False,0
Veo,22cfd7fa-1d60-5b43-a00c-9a1ffc118ed9,bicycle,39.979595,-82.967982,,21.15,True,False,False,0
Veo,1a0a008b-da09-543a-ab47-d09d07a84595,bicycle,40.083478,-82.965699,,5.44,True,False,False,0
Veo,4bf50bbe-c783-5a19-a2eb-b09488693a51,bicycle,40.000816,-83.013976,,28.14,True,False,False,0
Veo,579ea545-af6d-5bd9-86b7-14031e4da809,bicycle,39.928542,-82.982211,,19.39,True,False,False,0
Veo,14ea4009-4f45-597d-81ba-a824c7cefe72,bicycle,40.008915,-83.004866,,14.17,True,False,False,0
Veo,c8112dfc-6d03-51e6-b91d-ad30cb073f49,bicycle,40.023233,-82.976552,,26.78,True,False,False,0
Veo,a9a1b5b9-60f4-5168-ac11-48e0c5d4bbb4,bicycle,39.937333,-82.94912,,26.78,True,False,False,0
Veo,e3e38206-b270-53b4-b639-fac7400c7171,bicycle,39.967613,-82.967067,,15.18,True,False,False,0
Veo,3a740f83-f1ce-59bb-a9b5-cd011ed5a278,bicycle,39.992203,-82.987654,,8.78,True,False,False,0
Veo,b9a08da9-7a3c-5ec9-a521-400362340365,bicycle,39.948312,-82.970085,,16.84,True,False,False,0
Veo,2c8c39b1-7c40-5e77-aa02-8a25e53dd1a1,bicycle,40.006503,-83.03443,,13.1,True,False,False,0
Veo,e7787914-18fa-51a6-be39-bb527134fd8f,bicycle,39.967263,-83.018276,,27.02,True,False,False,0
Veo,26d47fe2-6c7e-5a0e-a3af-7c9c572515f0,bicycle,40.022313,-83.013331,,13.39,True,False,False,0
Veo,3f5bfbac-2295-5adf-9088-f9a71f24d035,bicycle,40.02385,-83.025777,,12.63,True,False,False,0
Veo,781b2c5b-e86b-59f9-90fa-7348b39d6d15,bicycle,40.011615,-83.013667,,8.43,True,False,False,0
Veo,b7c7e593-5159-5209-8041-9947179399ec,scooter,39.983979,-82.9797,,28.14,True,False,False,0
Veo,b50e4023-af2e-57d2-ba85-91780bea455b,bicycle,40.042005,-82.969976,,15.89,True,False,False,0
Veo,d9b39ef9-2b7e-5da9-a288-e7414eafb387,bicycle,39.996128,-83.039468,,17.37,True,False,False,0
Veo,71d80889-d20e-5410-aa5c-d815ca2e5f7e,bicycle,39.930725,-83.053596,,28.14,True,False,False,0
Veo,add785d8-474f-584b-828f-7a4c20a24216,bicycle,39.951589,-83.03642,,11.83,True,False,False,0
Veo,03fc13a1-6e04-59b9-948e-f83789ed2333,bicycle,39.965925,-83.001373,,28.14,True,False,False,0
Veo,4a7f8793-bce7-5ff8-8d7c-b7eb55107d7a,bicycle,39.944119,-83.056549,,10.79,True,False,False,0
Veo,7cd81295-5430-55bb-be40-832f331e6046,bicycle,39.946463,-83.058325,,28.14,True,False,False,0
Veo,a07be4d6-f201-56e7-976f-14d3a2e0495e,bicycle,40.00977,-83.004887,,26.51,True,False,False,0
Veo,89e486da-3213-501d-9280-211a776b0619,bicycle,39.948213,-82.969335,,8.78,True,False,False,0
Veo,bc3e592d-70db-5696-a7c3-9e4bcebe10c2,bicycle,39.95597430937981,-82.90994889784977,,13.86,False,True,True,0
Veo,1d07aa8a-0eca-55ea-a48e-d5e032a1176f,bicycle,39.958682,-83.02845,,28.01,True,False,False,0
Veo,cb05eff7-1db0-5efe-a15a-059a4157af4c,bicycle,40.031283,-82.960252,,10.51,True,False,False,0
Veo,e5790286-67d4-5ba7-a74c-1e47d945f2a9,bicycle,39.950062,-82.975931,,14.86,True,False,False,0
Veo,5486cecb-ab85-58f6-b560-57be7a81344f,bicycle,39.961775,-82.995665,,7.62,True,False,False,0
Veo,5f0d2d67-c9dd-5ec0-bb62-621ec438667d,bicycle,39.996123,-83.039513,,25.12,True,False,False,0
Veo,103042be-9156-5e59-80f8-adc837d51100,bicycle,39.995783,-83.030028,,28.14,True,False,False,0
Veo,9bb7a016-5ae8-5e71-a8e7-4756003c9cf5,bicycle,39.993949,-82.924504,,7.29,True,False,False,0
Veo,f9615966-c9ff-5ffe-a556-5931e544ea5a,bicycle,39.972046,-82.956208,,28.14,True,False,False,0
Veo,8ca7f8c4-3601-596b-b57c-3ca34f6afece,bicycle,39.992371,-83.045167,,24.33,True,False,False,0
Veo,3af20660-9de1-5234-ba79-cdda3f5c445b,bicycle,39.940484,-82.983461,,28.14,True,False,False,0
Veo,0989a959-04df-5680-ad56-025ebb4eafb8,bicycle,40.010285,-82.96877,,28.14,True,False,False,0
Veo,92e75dce-819d-5c06-96c2-e051b4d6424e,bicycle,40.004088,-82.941757,,20.05,True,False,False,0
Veo,0ef7df1c-3b75-5133-84b2-4621b26fca97,bicycle,39.976299,-83.003551,,24.84,True,False,False,0
Veo,bfefcf32-6880-5249-80ef-fb81e316e08e,bicycle,39.978849,-83.06123,,28.14,True,False,False,0
Veo,007a7294-daad-5acb-857f-900e9767d39c,bicycle,39.95486,-83.087142,,28.14,True,False,False,0
Veo,7d8f501c-7940-5087-9cca-76df817d9dea,bicycle,40.022319,-83.013338,,28.14,True,False,False,0
Veo,dedfa6fb-8afa-5676-a469-a436cd8c1b5d,bicycle,40.020749,-82.965424,,25.34,False,True,False,0
Veo,fe55303a-8191-56dd-b0e8-5320dd98c014,bicycle,39.957622,-82.993558,,4.92,True,False,False,0
Veo,164d4afd-941d-5e31-8068-ffa847829eac,bicycle,40.101019,-83.109064,,28.14,True,False,False,0
Veo,cafa8efd-d360-54ba-b742-bfad05295e5b,bicycle,39.947749,-83.045458,,25.65,True,False,False,0
Veo,f2199bfe-544d-52c0-97cb-ac51ffe182a3,bicycle,39.901404,-82.994465,,28.14,True,False,False,0
Veo,d92f0665-34ed-5244-943a-f356a1a2e0a0,bicycle,39.976914,-83.002641,,28.01,True,False,False,0
Veo,e361397f-0531-564a-b6b2-2f7795662611,bicycle,39.961171,-82.988808,,25.94,True,False,False,0
Veo,0b140970-0d64-5cdb-83d7-f7503fec4264,bicycle,39.983757,-83.016854,,10.31,True,False,False,0
Veo,c4d96e5c-a5a3-51a8-9840-de3a90595045,bicycle,39.988597,-82.989608,,21.15,True,False,False,0
Veo,dbe47f59-0a96-5c56-9d42-a7f5e0255741,bicycle,39.988243,-83.028052,,16.39,True,False,False,0
Veo,d1d7f0e9-a7a2-5541-8ebc-a8095abda5a6,bicycle,40.039633,-82.995488,,7.62,True,False,False,0
Veo,b39842bd-7c96-516c-9e98-352b40fa6cb5,bicycle,40.016307,-83.030727,,19.78,True,False,False,0
Veo,98700ecc-a4a2-58a4-b975-1c46371150d0,bicycle,40.018592,-83.019533,,27.77,True,False,False,0
Veo,f366ecd2-ab51-5329-8063-4b57a7bc7842,bicycle,39.986049,-83.005568,,14.86,True,False,False,0
Veo,7b75215f-3d98-5fc5-9b6b-639292450537,bicycle,39.997942,-83.005485,,28.14,True,False,False,0
Veo,6e30a510-f3e9-5c7d-b669-184bf7ca41c1,bicycle,39.945717,-83.059174,,25.65,True,False,False,0
Veo,efc29aba-fa27-5f66-9b46-2c80818c67e4,bicycle,40.060678,-83.078752,,13.86,True,False,False,0
Veo,f93d07cf-ce1c-5598-951d-3d98f5d93cd9,bicycle,39.990537,-83.003783,,28.14,True,False,False,0
Veo,c126104f-6edb-5342-b356-29dfd72a5546,bicycle,40.000109,-83.008251,,28.14,True,False,False,0
Veo,868e5918-95a9-59bc-8c0a-2e428c0cb8a8,bicycle,39.936316,-83.119108,,28.14,True,False,False,0
Veo,9bf85259-77da-52c1-b1e5-2a8f5d79f53a,bicycle,39.983408,-83.003682,,14.43,True,False,False,0
Veo,11bc2a5d-3818-535b-8eac-6c5bfd4c9973,bicycle,39.895364,-82.969725,,11.83,True,False,False,0
Veo,eb1c3205-ef59-5bfa-b1ad-1cfec3dfa013,bicycle,39.980788,-83.001892,,27.44,True,False,False,0
Veo,3acff32b-595b-5e51-b781-c658521ea5bf,bicycle,40.010458,-83.013707,,24.33,True,False,False,0
Veo,1a78aaad-03fa-51b5-828f-770bb85a1f70,bicycle,39.979081,-83.002601,,8.09,True,False,False,0
Veo,9aa00ddc-ac96-5ad0-ab14-1ede8e569738,bicycle,39.95607,-82.94525333333334,,0.33,True,False,False,0
Veo,b6388732-d1c5-5853-a310-c874a99332b0,bicycle,40.007475,-82.977804,,23.02,True,False,False,0
Veo,a78ca0ad-3b44-5d2a-aa22-07a5fe8dfe14,bicycle,39.908076,-82.955691,,28.14,True,False,False,0
Veo,5fdf8469-f46c-50d9-944b-d7ad69092cd7,bicycle,39.973604,-83.006506,,12.07,True,False,False,0
Veo,9677328d-273e-51a3-bdfa-4f4b8ea9409d,bicycle,39.95214,-83.036456,,28.01,True,False,False,0
Veo,711c9ec3-3890-5ed0-8eba-f64c577080a8,bicycle,40.003522,-83.014871,,28.14,True,False,False,0
Veo,03fd2e7e-ded6-5149-aae8-87ccb215788b,bicycle,40.087824,-83.10061,,16.39,True,False,False,0
Veo,d758f47d-fc03-57d7-a064-f4c186d03211,bicycle,39.991568,-83.027345,,9.02,True,False,False,0
Veo,9a6cce99-cdd4-52c4-b701-a498f1b1d9f1,bicycle,39.898386,-82.952906,,10.51,True,False,False,0
Veo,ea20d878-6d0c-5abd-9d81-f4e90939e5bc,bicycle,40.011812,-82.968675,,10.31,True,False,False,0
Veo,94b0a75e-7d55-5665-ae97-ea29c3a371fc,bicycle,40.016157,-82.983791,,26.78,True,False,False,0
Veo,37053026-0c36-5874-ac05-1a00120f6ae6,bicycle,39.991806,-83.047493,,9.65,True,False,False,0
Veo,4b9a747e-d5cc-59ad-b4bf-bfbd4221246f,bicycle,40.000814,-82.998001,,28.14,True,False,False,0
Veo,cdc29dea-9e17-53eb-a1bf-5998c815a700,bicycle,39.986704,-83.039626,,12.87,True,False,False,0
Veo,7da52581-3d87-573a-8624-4555a14427e3,bicycle,40.095114,-82.926511,,28.14,True,False,False,0
Veo,1eeb2e1c-bd80-5010-9a86-7a1af74a8892,bicycle,40.003291,-83.021304,,28.14,True,False,False,0
Veo,9f1d45c2-3a9b-52b2-9965-dde5c040a62d,bicycle,40.028187,-82.987278,,9.97,True,False,False,0
Veo,af482c61-c957-5048-a279-43ad33f5042c,bicycle,40.002868,-83.032317,,24.33,True,False,False,0
Veo,f6afc8cc-0dc7-586b-98e6-598b99e0ca8b,bicycle,40.062356,-82.977383,,26.51,False,True,False,0
Veo,fa4b5ed1-f7ef-5196-a33f-d39c22094b83,bicycle,39.923104,-82.956367,,26.78,True,False,False,0
Veo,5024520f-0977-584d-b59a-8b2ee6e885d3,bicycle,39.9393,-82.865625,,17.89,True,False,False,0
Veo,a0e260dd-dfb8-51d3-861a-bac2beee2951,bicycle,39.955337,-82.99281,,14.43,True,False,False,0
Veo,735e0115-e928-5b0a-b2cd-7ef063461a11,bicycle,40.021516,-83.029339,,25.34,True,False,False,0
Veo,79dbd0ca-ef74-5f60-b724-d774507d7dc2,bicycle,39.949589,-83.052891,,11.83,True,False,False,0
Veo,834713bf-864c-5e3e-a6bc-29dd9507fffc,bicycle,40.013749,-82.987499,,13.1,True,False,False,0
Veo,8e0c388c-9918-562b-a10e-e4322f95b5b4,bicycle,39.934675,-82.954804,,27.77,False,True,False,0
Veo,7007ace5-5533-554d-ac12-53a7ea4b1ad9,bicycle,40.002103,-83.015609,,11.34,True,False,False,0
Veo,7f9a5110-917c-5f12-a9da-c2824afc5d5d,bicycle,39.963469,-82.981859,,6.07,True,False,False,0
Veo,60aeaa30-d633-5fc4-b6dc-6ec37d7e433f,bicycle,39.995305,-82.996112,,24.06,True,False,False,0
Veo,cb17d335-f694-5c84-856e-db176f0ad502,bicycle,39.926452,-82.988502,,11.83,True,False,False,0
Veo,147c589f-8c66-55cf-aa92-011d99ef3a78,bicycle,39.998809,-83.038608,,28.14,True,False,False,0
Veo,1a411948-6c82-5409-b692-f64b08453235,bicycle,39.951675,-83.036309,,15.18,True,False,False,0
Veo,e243bf0f-ca7c-5a88-a4d4-1543a3d79aef,bicycle,39.986111,-82.941288,,4.19,True,False,False,0
Veo,8736ed9c-8bde-59ee-a75d-4cc4fba7bc77,bicycle,40.027375,-82.960823,,25.94,True,False,False,0
Veo,edbc3ab2-3668-5f64-b635-f7a206f2e8d5,bicycle,40.063235,-83.01369,,18.67,True,False,False,0
Veo,2a430a5c-f0ef-50f2-98de-8de8ded9cdf4,bicycle,40.032122,-82.943447,,12.07,True,False,False,0
Veo,b2991916-08c3-52d3-8262-1fcc3d3e51f6,bicycle,39.992704,-83.034884,,24.84,True,False,False,0
Veo,b4e241e5-09a3-5b24-8eeb-fbcdc7de07c0,bicycle,39.942376,-82.982345,,19.78,True,False,False,0
Veo,40dfff7a-ac07-52de-bdf9-5c9cad9630fb,bicycle,39.976678,-82.978232,,13.64,True,False,False,0
Veo,b2d7b55b-35d9-5582-8497-32c452015344,bicycle,40.00497,-83.00784,,28.14,True,False,False,0
Veo,2476c6f3-5fb7-5c5b-acec-3e5f0609747e,bicycle,40.073165,-82.997978,,28.14,True,False,False,0
Veo,696e5844-d936-5815-8bc0-2c6e3f04d2c5,bicycle,39.917824,-82.97563,,13.39,True,False,False,0
Veo,ccc1981c-0ff1-558a-9603-2bcfa3fb4909,bicycle,40.01674,-82.97261,,28.14,True,False,False,0
Veo,49ccad42-7465-535d-9a45-32093e2b6ed0,bicycle,40.020898,-83.013229,,25.94,True,False,False,0
Veo,d5260e54-debc-5d53-9f7a-3967b002f2d3,bicycle,39.943705,-83.045649,,12.07,True,False,False,0
Veo,115c4f37-70ab-5f27-b06b-99b46e691b8f,bicycle,39.959017,-83.012814,,14.86,True,False,False,0
Veo,aab17b2f-69cf-537e-9c4c-011f0949bdef,bicycle,39.969457,-82.994133,,25.34,False,False,True,0
Veo,e0085160-7809-5604-b263-3bc7618255f1,bicycle,40.101057,-83.108846,,13.86,True,False,False,0
Veo,d8da3ac7-8f0e-5bc4-a19e-5e128d2a1d98,bicycle,40.01215,-82.98267,,14.43,True,False,False,0
Veo,0f8ea4de-7f39-5e97-959a-326f9d67e8ef,bicycle,40.100848,-83.115683,,28.14,True,False,False,0
Veo,52727dd2-9ec6-5b95-89f3-b796d0d91536,bicycle,39.96007,-83.110969,,17.37,True,False,False,0
Veo,5b718195-f50d-5745-982b-e783083a8273,bicycle,39.941493,-82.997268,,21.15,True,False,False,0
Veo,6e8d939e-2bc5-5472-8596-9110639519b0,bicycle,40.017338,-83.000589,,24.84,True,False,False,0
Veo,c1315ae8-de57-5738-9dc3-f89527204b4a,bicycle,39.957071,-83.011607,,27.44,True,False,False,0
Veo,80c95892-27f7-54fe-9c8c-d107a83673b7,bicycle,39.957928,-83.006108,,28.14,True,False,False,0
Veo,1f73be3c-9923-57b6-b2bc-af5e3be79815,bicycle,39.949789,-82.909874,,13.64,True,False,False,0
Veo,38f3d722-42b3-5f7b-be66-f3dab2778fcb,bicycle,40.022555,-82.959681,,25.12,True,False,False,0
Veo,6e91de66-1ace-5cd0-bfeb-71e4280f63a9,bicycle,39.93209,-82.980978,,27.77,True,False,False,0
Veo,10eab133-2599-557d-859b-38f623956650,bicycle,39.875605,-82.957423,,24.06,True,False,False,0
Veo,596b1f04-031b-5bff-a4ab-4352fb4648e2,bicycle,39.958983,-83.010547,,14.61,True,False,False,0
Veo,6d2eda9a-4077-5acc-95d6-fc38d7f61b76,bicycle,39.988297,-82.990638,,21.15,True,False,False,0
Veo,b062557f-7a90-5960-9d6b-4d9691559e9e,bicycle,40.037519,-82.999384,,13.1,True,False,False,0
Veo,8de2a8b0-8750-5ce1-a1a8-0df73dd9b1d8,bicycle,39.964058,-83.006396,,28.14,True,False,False,0
Veo,e61dddf5-692b-5990-9a1f-c62f9339f585,bicycle,39.935937,-82.902455,,21.15,True,False,False,0
Veo,ed683a32-0ddb-5526-9c77-eb2762e99ba8,bicycle,40.001277,-83.010635,,28.14,True,False,False,0
Veo,8cceb4bf-14e9-566a-b020-909ab420e104,bicycle,40.023536,-82.997409,,16.84,True,False,False,0
Veo,d8896932-b312-5123-818d-8b919b3e28bb,bicycle,39.981951,-83.006655,,12.63,True,False,False,0
Veo,150515a8-2562-5162-826a-d3da1cfcd508,bicycle,40.005575,-83.009172,,10.31,True,False,False,0
Veo,aa975b85-2f77-5f66-a943-a50df5731928,bicycle,39.97558,-82.979712,,16.84,True,False,False,0
Veo,849aa22c-1147-5681-b398-e33b59d04b06,bicycle,40.01144,-82.982755,,28.14,True,False,False,0
Veo,c265edb8-42c0-542a-95f4-3f7c1410ac52,bicycle,39.962386,-83.00004,,1.83,True,False,False,0
Veo,df791f21-34bd-5d52-a6b3-58495e97d8fa,bicycle,40.00381,-83.012118,,13.39,True,False,False,0
Veo,14ffce12-563f-50bf-8034-cc8b00c4c008,bicycle,40.039079,-82.976462,,28.14,True,False,False,0
Veo,16a9336b-d4c2-5869-8266-626dc8f75d0f,bicycle,40.010283,-83.000351,,25.65,True,False,False,0
Veo,8295c90d-385b-5007-8300-ec17a75fce28,bicycle,40.015194,-83.029056,,16.84,True,False,False,0
Veo,9c34d6ff-d0db-5326-84e7-039ec890c403,bicycle,39.938264,-83.098007,,28.14,True,False,False,0
Veo,fbc59fba-0a2c-5e86-9548-487876fbb746,bicycle,39.998681,-83.039085,,20.37,True,False,False,0
Veo,cde9bd2f-0eea-5044-9c98-0451f99d19d9,bicycle,39.942551,-83.075698,,2.79,True,False,False,0
Veo,a781f932-fa0a-5c7f-abc2-b3c37ebb6f0c,bicycle,39.95607,-82.94525333333334,,0.0,True,False,False,0
Veo,534483dd-a1d5-535c-84e8-dd7377d71943,bicycle,39.983427,-82.982896,,28.14,True,False,False,0
Veo,f1cbd7e6-3dbb-5e89-9536-c5de2cfb425f,bicycle,39.944379,-82.994478,,19.05,True,False,False,0
Veo,ff757f50-4512-5f76-b591-436d68a5a869,bicycle,40.015403,-82.982565,,13.39,True,False,False,0
Veo,e15e6d2c-278f-5b52-8561-d3a7f715eb89,bicycle,39.908662,-83.045395,,24.84,True,False,False,0
Veo,846dd165-4d49-5b43-a014-e3be9c86cd5c,bicycle,40.023982,-83.016276,,26.78,True,False,False,0
Veo,a085c6be-7620-5457-940a-e752c1b1b899,bicycle,40.032727,-82.991475,,28.14,True,False,False,0
Veo,a9916d62-2c3b-5fba-946f-20c7f2f0e4e6,bicycle,40.055832,-82.926584,,16.84,True,False,False,0
Veo,90b486bf-b12b-5a96-af3b-689526ef2504,bicycle,39.959169,-83.009233,,26.25,True,False,False,0
Veo,a1f2d626-30dc-55ae-aef3-acf3a95164cb,bicycle,39.946511,-83.114533,,28.14,True,False,False,0
Veo,2fd60d77-bed0-5d64-b31e-951e80c23d17,bicycle,39.996231,-83.016881,,22.39,True,False,False,0
Veo,001846cf-8e9d-5473-b3b7-eb8edc14275a,bicycle,39.987228,-83.006188,,21.77,True,False,False,0
Veo,039d5789-302b-5396-8cbf-ed5e9a209b1a,bicycle,39.939621,-82.987697,,13.64,True,False,False,0
Veo,8485b022-945c-59c3-aaf2-d5175b670a58,bicycle,39.965942,-83.001366,,28.14,True,False,False,0
Veo,f899de2c-cb29-503d-a040-111058e7044c,bicycle,40.003075,-83.015769,,11.59,True,False,False,0
Veo,5d05dad9-020b-5bf4-9153-732a2f6df94c,bicycle,39.98648,-82.99224,,16.39,True,False,False,0
Veo,f3682699-12cb-57ee-8bbb-354d322b78de,bicycle,39.980306,-83.019237,,9.02,True,False,False,0
Veo,cefa01a7-6e90-5cb4-bced-cd53094e33d4,bicycle,39.957044,-83.011658,,26.78,True,False,False,0
Veo,40d74dc8-2fe5-5877-ba57-d380eeb63d86,bicycle,39.927661,-82.984297,,28.14,True,False,False,0
Veo,4f3d1eaf-b5e6-51de-b370-72742c715642,bicycle,40.014602,-82.990471,,28.14,True,False,False,0
Veo,086d67f0-6667-5606-95bb-0b83586775c4,bicycle,40.041063,-83.018283,,12.87,True,False,False,0
Veo,95048fd4-43aa-52ba-ad85-a4003cf03c6e,bicycle,39.941433,-82.962297,,26.78,True,False,False,0
Veo,efce0d31-f1bb-53ff-a12f-e5d7eb0bb2af,bicycle,40.005601,-83.010371,,4.92,True,False,False,0
Veo,a6f6e83c-9dde-5327-8f56-186004c01d60,bicycle,40.006674,-83.009156,,26.78,True,False,False,0
Veo,048ffbbd-a9c9-5816-a0ca-9521bccf46a5,bicycle,40.016754,-82.956808,,24.84,True,False,False,0
Veo,89bd7501-1d5f-54b8-9a10-79af73b3ed95,bicycle,39.996038,-83.019736,,13.64,True,False,False,0
Veo,3299ab76-ad3e-582f-acfb-f747610df324,bicycle,39.99555917024852,-83.00197760100477,,28.14,False,False,True,0
Veo,9463a88d-a4a0-57e9-a9f9-dcb614c9d45b,bicycle,39.942191,-82.985203,,26.25,True,False,False,0
Veo,d962b527-2163-533e-880c-e49e8d33e295,bicycle,40.039364,-82.994413,,28.14,True,False,False,0
Veo,3c5396c5-299d-5c67-86b9-84b6c301e020,bicycle,40.011918,-83.003298,,15.45,True,False,False,0
Veo,944e8b76-22eb-579a-b264-ec89ffbd323e,bicycle,39.9583,-83.031328,,20.05,True,False,False,0
Veo,e7d412fb-92de-5d50-9995-77afa257225e,bicycle,40.002245,-83.014084,,24.84,True,False,False,0
Veo,9670ad3c-dff5-5b85-8a14-28a89482c8e9,bicycle,39.925656,-82.898961,,11.34,True,False,False,0
Veo,7ceda25b-1b7b-53d6-8b6e-7f0810d15e2b,bicycle,39.992013,-83.025522,,28.14,True,False,False,0
Veo,bf6e2296-e7a0-5b4b-a418-c0dea45e6ea4,bicycle,39.996444,-83.01726,,24.33,True,False,False,0
Veo,7091255e-7767-5d0c-b2b0-5b9b305c32b9,bicycle,39.976816,-82.975668,,23.02,True,False,False,0
Veo,f4d95b39-bdba-5a1a-b1ef-da65511f5a02,bicycle,39.964429,-83.00008,,7.62,True,False,False,0
Veo,30e0bcf5-5f77-57a1-9dee-7e56c48e70cf,bicycle,39.98693,-83.018973,,14.17,True,False,False,0
Veo,f94cd8fb-97a1-572c-b419-8ab98a0c5714,bicycle,39.956033,-83.034934,,25.34,True,False,False,0
Veo,f9a17c67-d3bf-59a8-9973-8215ec6446dd,bicycle,39.988394,-83.076191,,25.74,True,False,False,0
Veo,d6f2eb06-50d3-5ece-ae18-b2015a016f06,bicycle,40.110126,-82.996529,,26.25,True,False,False,0
Veo,19ba0aad-1f46-54ac-bbbd-5301a5b24015,bicycle,39.979907,-83.003104,,25.65,True,False,False,0
Veo,fde11e4a-5406-584d-a51d-18054e334ac7,bicycle,40.020877,-82.960701,,12.63,True,False,False,0
Veo,d50f3d69-0c7b-58e9-b23a-47b9cbaede21,bicycle,40.068236,-82.954993,,28.14,True,False,False,0
Veo,df1a50ca-f1f9-5a5d-a7a0-4857eb7cd9d8,bicycle,39.949439,-82.916622,,9.97,True,False,False,0
Veo,9b0ef683-02da-562c-9ea9-1db6b3962006,bicycle,39.961136,-82.993025,,22.05,True,False,False,0
Veo,7a9200ee-9361-5035-8952-1390505a70e4,bicycle,39.958673,-83.012847,,28.14,True,False,False,0
Veo,355e76d8-d16c-5542-b6ea-657d508542cf,bicycle,40.017973,-82.969861,,12.87,True,False,False,0
Veo,e08ccea9-b9b7-5c11-97bf-26f5d92ed1e6,bicycle,39.991439,-83.038912,,25.94,True,False,False,0
Veo,199c2a68-9b38-588f-a262-8aafef2ae84f,bicycle,39.971655,-82.98088,,9.02,True,False,False,0
Veo,e6e7fce0-e643-59b3-a294-47193e0e2940,bicycle,39.931684,-82.967198,,26.51,True,False,False,0
Veo,e5a6d36f-268c-54ef-92ef-adbc0961f1a6,bicycle,39.903243,-82.995529,,28.14,True,False,False,0
Veo,6564c356-7d35-5a84-95dc-97287f83c3f5,bicycle,40.010168,-83.002677,,27.02,True,False,False,0
Veo,4b00cb41-d855-5e1e-b4bf-37e4a145740b,bicycle,40.026654,-83.014821,,24.06,True,False,False,0
Veo,6737b11e-243c-5cdb-ad9f-df8bc1cf0ef0,bicycle,39.943903,-82.887046,,23.02,True,False,False,0
Veo,8e38aef1-95ba-585a-802a-4890ec10b768,bicycle,40.020839,-83.030442,,2.79,True,False,False,0
Veo,5b6daf9a-dbe3-56c2-a866-3adb817b3c56,bicycle,40.0504,-83.001046,,25.74,True,False,False,0
Veo,7b4063e6-1af9-5b72-98f6-ff4afc7331f3,bicycle,39.999709,-82.976894,,27.44,True,False,False,0
Veo,81f6a731-c223-5331-a9b6-9c3c7c51251a,bicycle,39.978545,-83.019511,,10.31,True,False,False,0
Veo,05dadc3a-63a8-53ad-95c1-1c1f5bfb229e,bicycle,39.935942,-82.988919,,17.37,True,False,False,0
Veo,56c076c5-8721-52e4-ad8d-73d9e81ebe0b,bicycle,39.936276,-82.959916,,14.86,True,False,False,0
Veo,00a400e7-7b27-506c-af90-8a71745b9eec,bicycle,39.968516,-82.999891,,26.25,True,False,False,0
Veo,a8da583a-ae8e-5fa1-94ce-11b0e37b70a8,bicycle,40.004552,-83.011197,,2.12,True,False,False,0
Veo,feb27d0a-6279-53f5-930c-dbf588e79798,bicycle,39.980837,-82.990484,,6.31,True,False,False,0
Veo,f179e270-d6cb-55c9-a094-1c73544a1b34,bicycle,39.999903,-83.006177,,28.14,True,False,False,0
Veo,45fdc5f7-a830-5880-a912-c297529694cb,bicycle,40.056505,-82.994364,,15.45,True,False,False,0
Veo,e856668e-ea16-51ff-8896-6b9187437b95,bicycle,39.980788,-83.004131,,8.78,True,False,False,0
Veo,b6593dc3-16d7-5542-ae8d-ed8e5d543b86,bicycle,39.925643,-82.986327,,28.14,True,False,False,0
Veo,e454605a-1130-51d4-b9ab-db92d7204650,bicycle,39.967811,-82.977075,,25.65,False,True,False,0
Veo,0d20a02b-796d-5b8b-a17b-cabc3c998013,bicycle,39.936161,-82.964233,,11.83,True,False,False,0
Veo,13cad362-e20a-59ca-9848-65a8fab9cbe2,bicycle,39.965943,-83.001248,,27.44,True,False,False,0
Veo,bccaedf1-a175-5b0b-8a82-f826d756cd25,bicycle,39.974199,-83.023055,,28.14,True,False,False,0
Veo,d32ec2be-b459-5925-b8dd-2ac5e371c273,bicycle,40.000668,-83.003179,,14.61,True,False,False,0
Veo,fde1822d-1978-5664-9974-b4d247407bad,bicycle,39.978372,-82.980315,,28.01,True,False,False,0
Veo,021f4eb0-7516-55f8-9269-1052844f3611,bicycle,39.994822,-83.006781,,14.86,True,False,False,0
Veo,28e80439-b229-52f1-81ac-c40161dd3b42,bicycle,39.97604,-82.973197,,24.06,False,False,True,0
Veo,932ff376-b86f-50d3-a727-1eda32f4e302,bicycle,39.956628,-82.987119,,20.78,True,False,False,0
Veo,70df1b72-4926-5a85-bd88-e3c54a1fbaab,bicycle,39.97094,-83.001988,,13.39,True,False,False,0
Veo,f1327a95-db69-5ca8-a01a-7d0c811b4672,bicycle,39.960037,-83.012727,,28.14,True,False,False,0
Veo,ec295f07-f0b6-5597-934d-65643340dae6,bicycle,40.034986,-82.976422,,27.77,True,False,False,0
Veo,7aeb5dd8-b51e-58d4-be14-c4b2ced56480,scooter,40.011792,-83.021872,,28.14,True,False,False,0
Veo,12284769-a630-5f11-93f7-fd3ff17228ce,bicycle,39.939253,-83.005605,,13.39,True,False,False,0
Veo,37a9eecc-03c2-59ef-a4d9-a5dd1d0c0da5,bicycle,40.038911,-82.995553,,23.02,True,False,False,0
Veo,1723c9f6-9ef4-56dd-b992-bf24986808b6,bicycle,40.047304,-82.944428,,28.14,True,False,False,0
Veo,4427502c-e3b7-56cd-ae06-5efa2c84a892,bicycle,39.936348,-83.119051,,13.86,True,False,False,0
Veo,ef4928e9-313a-570a-bfec-aedb4a8e760d,bicycle,39.999177,-83.042018,,12.63,True,False,False,0
Veo,5c908e0a-b126-5e82-8b4c-087097de3b11,bicycle,39.92641,-82.961125,,8.09,True,False,False,0
Veo,d98b6338-c136-584a-9eb7-f19686c50584,bicycle,39.962253,-82.956145,,14.61,True,False,False,0
Veo,822a9545-3c13-5637-b0a4-ea9cb319a5cb,bicycle,39.967039,-83.027996,,26.51,True,False,False,0
Veo,51a0f291-022a-583b-93b3-6a86d3a948a3,bicycle,39.939421,-83.10151,,28.14,True,False,False,0
Veo,8d5752f8-b761-5ab7-88da-72e5bd87e71c,bicycle,39.95927,-83.009212,,28.14,True,False,False,0
Veo,b0e3b4ad-2305-5a55-815e-fc6a8e28ce86,bicycle,40.101031,-83.109017,,21.15,True,False,False,0
Veo,381343bc-4d7e-55f9-999f-616738c99338,bicycle,40.025225,-83.034347,,18.67,True,False,False,0
Veo,8690a2cc-5fef-57e0-a685-592952cc8a60,bicycle,39.951269,-83.03557,,13.39,True,False,False,0
Veo,f77bfd49-b561-52e1-a618-37155d1474bf,bicycle,40.066833,-82.916787,,28.14,True,False,False,0
Veo,0b28833f-1b82-5f93-9f57-4caa9816dc99,bicycle,39.9897,-83.003279,,14.17,True,False,False,0
Veo,42cccfe4-51f3-5631-856a-ccfcf5aad041,bicycle,39.946628,-83.000336,,27.18,True,False,False,0
Veo,422b7892-3b61-58f5-a138-7f3044f6522b,bicycle,40.016942,-83.007563,,24.06,True,False,False,0
Veo,d49643b3-9bd2-5f4a-94b9-53b5129d0dce,bicycle,39.948222,-82.997866,,28.14,True,False,False,0
Veo,42bc5e9b-7810-5a58-ba44-9dbd28dc9bdd,bicycle,39.993932,-83.018243,,21.77,True,False,False,0
Veo,3ff41907-dd1e-5921-8766-aabfe68b81a2,bicycle,39.985647,-82.995367,,28.14,True,False,False,0
Veo,0c648a4f-2aae-5eab-8bc4-39f16fedd2a5,bicycle,39.939609,-82.987707,,28.14,True,False,False,0
Veo,cd796513-fe2c-5ea8-9b49-f7b851966818,bicycle,39.927925,-82.976683,,24.06,True,False,False,0
Veo,26bcc482-c78a-57c6-94a5-1a1651b3cef8,bicycle,39.935205,-82.913666,,27.77,True,False,False,0
Veo,d841b94f-54e9-568b-aae9-cd7316a3a8be,bicycle,40.002818,-83.013866,,22.7,True,False,False,0
Veo,43c2bdd3-d610-541e-a79a-9f850f236ad1,bicycle,39.998762,-82.949279,,10.31,True,False,False,0
Veo,7fd1bb1c-5e6f-52f9-bcac-de1186667c0a,bicycle,40.091962,-83.093486,,28.14,True,False,False,0
Veo,e1e63c60-6aa5-55f5-8f92-c25ed96ca4e3,bicycle,39.922563,-83.034515,,4.78,True,False,False,0
Veo,18246cff-165c-563f-8f4a-85c5b12b5941,bicycle,39.989863,-83.013713,,22.39,True,False,False,0
Veo,d368c460-c0ed-5804-af89-8759b454e029,bicycle,39.933455,-82.984257,,28.14,True,False,False,0
Veo,9f267327-5d75-5596-8664-eb05b3900a7a,bicycle,39.956228,-82.99373,,11.59,True,False,False,0
Veo,61701ef7-4b97-5310-bc4e-a6ffb5677fb4,bicycle,39.97459,-83.000722,,25.12,True,False,False,0
Veo,1029e688-ab0c-5a8b-951f-3e38be735e71,bicycle,39.955206,-83.015259,,12.87,True,False,False,0
Veo,ea308545-b835-54a7-bd52-c2d0e4bd7b2d,bicycle,40.00130422,-83.00394622,,25.34,False,False,True,0
Veo,8e060e0a-f1bf-5cee-ac93-562f6ee7294a,bicycle,39.896242,-82.953303,,14.43,True,False,False,0
Veo,abba85a2-ed43-5e00-8489-7ea569b4cbc9,bicycle,40.001047,-83.008456,,24.84,True,False,False,0
Veo,b3f6cfb3-118f-59c3-833a-cea25bd57942,bicycle,39.995392,-83.029576,,12.87,True,False,False,0
Veo,fdc2e3d6-9b1d-5a7c-8946-be74f205db6e,bicycle,40.101003,-83.109045,,28.14,True,False,False,0
Veo,776b1fba-e807-5940-adb7-9d631e8982d5,bicycle,39.989659,-83.026666,,28.14,True,False,False,0
Veo,aefb9552-f1a5-56a5-867d-7521036417ac,bicycle,39.9881,-83.039958,,21.77,True,False,False,0
Veo,80a56870-59c0-5352-9ca1-ffddb34271fc,bicycle,40.001939,-83.015975,,9.02,True,False,False,0
Veo,4d77a24a-8277-5735-bb1b-83b026f1f72c,bicycle,39.914442,-82.993827,,14.61,True,False,False,0
Veo,ecb1baf8-6f10-554d-b90b-aba1e3e603f2,bicycle,40.103797,-83.108767,,13.1,True,False,False,0
Veo,75dc8b01-c176-52a0-9bef-22cb619ed04c,bicycle,39.983171,-83.00483,,28.14,True,False,False,0
Veo,492b3388-fcb6-5fb9-a531-853d72743955,bicycle,39.95173030342359,-83.08965657253488,,15.18,False,False,True,0
Veo,72460aa2-f3c3-5a23-a181-e3bef8f0fb4d,bicycle,39.941491,-82.997319,,24.06,True,False,False,0
Veo,63113f0d-6444-5fb1-a497-f8a3db3b88dd,bicycle,39.99037,-83.005509,,12.87,False,False,True,0
Veo,3b005902-044f-5708-8096-1306d6cf7da2,bicycle,39.946297,-82.877862,,24.84,True,False,False,0
Veo,1ac1e5f4-cdb2-5057-ba57-bf3e3819b23b,bicycle,39.960522,-83.012825,,13.1,True,False,False,0
Veo,cc4e5e5c-5961-578c-8503-64160dbc07e8,bicycle,39.99864786,-83.00701844,,26.25,False,False,True,0
Veo,00d8ac58-77a2-5ca5-b825-f2c647a1b0c4,bicycle,39.9738,-83.010521,,25.65,True,False,False,0
Veo,22ca915f-24aa-5849-8ff3-0c07f85b141b,bicycle,39.961,-82.885487,,27.77,True,False,False,0
Veo,d0908653-4176-5351-87d3-4a9beba5a81c,bicycle,40.011983,-82.96856,,28.14,True,False,False,0
Veo,85a6fd31-cc56-5041-b3da-9ea714daff98,bicycle,39.943447,-83.056047,,27.77,True,False,False,0
Veo,dd0c1842-d017-55b1-b9c4-2924d8c151fb,bicycle,39.943183,-82.959142,,12.87,True,False,False,0
Veo,becce806-374f-5024-98a9-599ffe0f8a6a,bicycle,40.001358,-82.997385,,28.14,True,False,False,0
Veo,8d724a3f-fa3e-5104-bb02-63e542abf22e,bicycle,39.95616,-83.014428,,6.98,True,False,False,0
Veo,d17d5d80-2887-5562-b4e1-b1ca7e59a655,bicycle,40.100641,-83.115558,,28.14,True,False,False,0
Veo,9c6ed13b-36cb-5ee7-9cbe-ede2da610f2d,bicycle,39.958751,-82.960562,,28.01,True,False,False,0
Veo,6b56b2b3-66bc-52c2-acdf-0a4223223dc4,bicycle,40.005943,-83.008801,,15.45,True,False,False,0
Veo,441eb2f1-f41c-59d6-a948-10e80f8e84f6,bicycle,39.978745,-83.001903,,24.06,True,False,False,0
Veo,611d720f-6b41-5e29-9aa7-2582b6c70ae3,bicycle,39.937474,-82.975479,,12.87,True,False,False,0
Veo,603d588d-0422-51b2-ad17-b4fd21a2a799,bicycle,39.996293,-82.995578,,25.34,True,False,False,0
Veo,f370b972-a170-591d-905c-72412e5f4e8d,bicycle,40.055757,-83.051195,,18.67,True,False,False,0
Veo,e327ff32-209a-5785-9788-9964bf936b0c,bicycle,40.004854,-82.948381,,28.14,True,False,False,0
Veo,1781b074-0803-5cae-9ac8-83cbc2843a1c,bicycle,40.001703,-83.00854,,28.14,True,False,False,0
Veo,454934e3-a1ae-5ff5-98a1-d45123a14135,bicycle,40.10918,-83.114893,,15.89,True,False,False,0
Veo,18f321b7-813d-5622-bae2-b4c074e3b0e7,bicycle,39.963272,-82.953221,,14.61,True,False,False,0
Veo,d7873024-d080-5f93-9379-a23cc20b3214,bicycle,39.969805,-83.050992,,24.06,True,False,False,0
Veo,a4f4a4d9-d2c0-5017-af95-59c7adbdc71b,bicycle,39.978672,-83.004556,,25.12,True,False,False,0
Veo,cda58148-dd3a-58cd-8efc-7c36448af224,bicycle,39.993395,-83.002942,,25.12,True,False,False,0
Veo,1d14c440-74bd-5882-a9a2-981795124c1e,bicycle,39.954571,-82.99974,,24.06,True,False,False,0
Veo,0b722f09-6bd8-5f5b-84b5-f3175cb8c0d6,bicycle,39.999836,-83.002459,,28.14,True,False,False,0
Veo,5d7ba889-54f0-58a9-bd84-8b26420f008f,bicycle,39.922587,-83.034541,,11.59,True,False,False,0
Veo,39f1fd5a-d781-5c74-805a-f857b40fb37b,bicycle,39.93321,-82.911769,,18.19,True,False,False,0
Veo,b3713628-8117-5457-85b3-6c24910346b4,bicycle,39.985876,-82.995337,,25.34,True,False,False,0
Veo,4ca6b6c4-d889-5dd7-bd52-3e6edbc3cb4d,bicycle,39.948299,-82.96998,,17.89,True,False,False,0
Veo,6420a716-1104-51d4-b1ea-d5f917cf276a,bicycle,39.994925,-83.026038,,12.28,True,False,False,0
Veo,dfd97f03-940c-59fa-a378-8abac63580c1,bicycle,39.999274,-83.002641,,10.51,True,False,False,0
Veo,031b27d1-a9c2-5816-b51d-9a7463fdbaf5,bicycle,40.030402,-83.028046,,6.98,True,False,False,0
Veo,9a1a6866-d72d-55ff-b523-43a6a05ccbd5,bicycle,40.032046,-82.972733,,14.17,True,False,False,0
Veo,6f1726e9-0ef7-5cbc-ab3e-69bca5631136,bicycle,40.010249,-83.000296,,26.51,True,False,False,0
Veo,7e72a5db-cf45-56c7-b6a2-0a38bd1b2f36,bicycle,39.995765,-83.046406,,28.14,True,False,False,0
Veo,a37f33c6-750c-5aa7-82c1-1e8dac940695,bicycle,40.005364,-83.026842,,28.14,True,False,False,0
Veo,4a1cefa1-61ac-5c1e-8e7e-0033455f62ef,bicycle,39.98756,-83.044904,,24.06,True,False,False,0
Veo,78a39cb1-37b5-58da-abaf-edd0b55e8b10,bicycle,40.067347,-83.067129,,12.28,True,False,False,0
Veo,5442b60f-3d94-5fb3-bd55-b28c0d764f32,bicycle,40.010236,-83.00041,,18.67,True,False,False,0
Veo,1fdb752e-29f6-5f10-b7c1-9a12de5356fa,bicycle,39.95322,-82.973669,,14.43,True,False,False,0
Veo,5742d165-42bf-503e-98e0-c0c8092ceed9,bicycle,40.054587,-83.000216,,23.33,True,False,False,0
Veo,2af7d04c-7d46-5cda-b4c1-b5b5b19e8702,bicycle,39.968778,-83.012952,,25.65,True,False,False,0
Veo,399baeb1-04e4-5bd6-88ed-e0e2c3049d44,bicycle,39.985917,-82.995313,,28.14,True,False,False,0
Veo,2539ef39-5d20-5f86-9558-50da6f921640,bicycle,40.008842,-83.004873,,12.63,True,False,False,0
Veo,fd2f27bb-ee56-546b-b39a-c708f2e96fae,bicycle,39.967253,-83.051556,,28.14,True,False,False,0
Veo,dae20fb9-6076-5822-ae8f-b510badc869d,bicycle,39.979003,-83.002927,,17.37,True,False,False,0
Veo,fedececc-d23c-5a16-ad42-8fae40fcdc9f,bicycle,39.946174,-83.044279,,16.39,True,False,False,0
Veo,aab0342b-e0a0-591f-837e-c0609eb6ae9e,bicycle,39.933881,-83.040386,,28.14,False,True,False,0
Veo,326463b6-a17c-5c98-ae62-cd57c25d4d25,bicycle,39.923902,-82.964415,,20.78,True,False,False,0
Veo,a506f3a0-22a5-56d1-9040-b2d874f7aa2d,bicycle,40.01026,-82.986059,,28.14,True,False,False,0
Veo,13da8ceb-f028-5517-b289-f083a57e5c06,bicycle,40.028309,-83.025921,,26.78,True,False,False,0
Veo,ef24e399-b9f0-58ae-8cdf-e216fb979174,bicycle,39.961313,-83.017033,,22.39,True,False,False,0
Veo,a547e1d7-0f52-56f1-835d-e8f4433716cf,bicycle,39.995836,-83.025757,,12.63,True,False,False,0
Veo,d2c7ae87-154c-510c-94f9-9944a1e5c2ee,bicycle,39.985081,-83.072621,,25.12,True,False,False,0
Veo,c9304257-2662-5f78-ad43-be8800ddf629,bicycle,39.982916,-83.020001,,25.12,True,False,False,0
Veo,dc9dde1a-c9f5-5128-9ddc-a757eed46580,bicycle,40.049171,-82.94997,,13.1,True,False,False,0
Veo,5d010280-0a6c-5c21-b983-f3b1b37218f8,bicycle,39.995809,-82.948952,,28.14,True,False,False,0
Veo,c8d517e5-6673-52d9-b7b5-ffc0576903d3,bicycle,39.998846,-83.010736,,14.61,True,False,False,0
Veo,ca40adae-88b6-5ec6-9801-c9b1256f5c47,bicycle,39.949129,-82.931782,,22.7,True,False,False,0
Veo,7444eb8e-6939-573e-b6b3-5936c9e748c2,bicycle,39.939132,-82.995686,,20.05,True,False,False,0
Veo,39446257-3c93-529e-9df6-1553bfec3565,bicycle,39.936999,-82.9828,,25.65,True,False,False,0
Veo,73279eff-b810-5473-8ae3-965eebc038cc,bicycle,40.001346,-83.010629,,13.39,True,False,False,0
Veo,435ee730-b4c9-5c4f-9be4-2bcbc61f5ac8,bicycle,40.00353,-83.01787,,26.78,True,False,False,0
Veo,ee9c1e80-a5e8-5814-9ca0-9928660c8ef9,bicycle,40.055133,-83.04267,,28.14,True,False,False,0
Veo,fd7a430e-ec96-5f46-8af4-c33cf9429600,bicycle,40.057464,-83.000488,,28.14,True,False,False,0
Veo,0cc49720-7d5c-5e85-97dc-ecce6ec50936,bicycle,39.927078,-83.088653,,28.14,True,False,False,0
Veo,354cc572-6dfd-5193-82fe-78edaed634f8,bicycle,40.110308,-83.064375,,23.77,True,False,False,0
Veo,7b282ae2-df4d-5a48-a784-b67ca92ebf8c,bicycle,39.922591,-83.034499,,6.98,True,False,False,0
Veo,f8414eda-dec3-5063-a829-47448c4836bc,bicycle,39.999355,-83.005896,,21.49,True,False,False,0
Veo,52b3c91e-a484-5278-826b-dc3a5bede16f,bicycle,39.969353,-83.035097,,20.05,True,False,False,0
Veo,bc300ecf-a64b-5c5c-91f6-92f3293a6315,bicycle,39.999995,-83.005666,,17.89,True,False,False,0
Veo,2baff59a-7dae-5c68-9b63-6a8f596beaca,bicycle,40.009197,-82.976978,,20.37,True,False,False,0
Veo,af21cc49-734c-598e-b98e-0f1d83a3fa06,bicycle,39.895718,-82.953012,,13.86,True,False,False,0
Veo,6c6bdf2a-2b30-5c2f-a7df-2d77bdb406c6,bicycle,39.94704731098506,-82.9993672282022,,24.84,True,False,False,0
Veo,40099e6b-53b3-51e2-a1ff-6544c92014a0,bicycle,39.948356,-82.962878,,14.17,True,False,False,0
Veo,59ffbb1d-e1c4-5c1c-b42a-71156129f1a0,bicycle,39.938737,-82.96894,,25.65,False,False,True,0
Veo,55a3fab5-5d4f-5b06-9883-eec49ef465cf,bicycle,39.979963,-83.003018,,18.19,True,False,False,0
Veo,74b6ed25-4377-55e2-8009-6a8c3161f847,bicycle,40.007562,-82.998303,,28.14,True,False,False,0
Veo,6fdd2cda-2d6d-5434-b6a7-2264fbfc619e,bicycle,40.109594,-83.01783,,28.14,True,False,False,0
Veo,e9a0eee1-548c-5b4b-8dfe-67a7de7a0860,bicycle,39.993865,-82.978265,,28.14,True,False,False,0
Veo,d7ae1565-ed5c-5fd0-bb39-f16d5750f832,bicycle,40.014063,-82.999904,,12.87,True,False,False,0
Veo,4f66e385-7361-544b-9de8-531b2a245c17,bicycle,39.930052,-82.977063,,24.33,True,False,False,0
Veo,bc5b58c8-4e0d-53d0-8396-e65a960aca21,bicycle,39.964669,-83.005393,,15.45,True,False,False,0
Veo,501ce118-b34a-5e28-8f49-661cc66dbb16,bicycle,39.955387,-82.99061,,18.19,True,False,False,0
Veo,a4183c1d-660a-529a-8bf9-f6a2a810d005,bicycle,39.956633,-83.014934,,25.34,True,False,False,0
Veo,aeda464b-d747-5237-a82a-722af245c018,bicycle,40.062913,-82.90744,,14.61,True,False,False,0
Veo,44f26061-f484-5932-8323-6a335b05149a,bicycle,39.965134,-82.976038,,22.39,True,False,False,0
Veo,9d96f068-a014-51d9-9207-9a2ff0883d9d,bicycle,40.008797,-83.003956,,7.62,True,False,False,0
Veo,5922517c-f8e3-5466-8ed6-2bb1d3a9fde6,bicycle,40.00152,-82.998192,,26.25,True,False,False,0
Veo,bd36f80e-020f-5d4c-8b08-5f699ca0d2d2,bicycle,40.063263,-83.013777,,9.02,True,False,False,0
Veo,b01dbb0c-66e9-531c-a819-f37e8f57e197,bicycle,40.0091,-82.977213,,15.18,True,False,False,0
Veo,f87198ca-88fb-5c75-875b-0ae623f17b00,bicycle,40.103221,-83.110681,,28.14,True,False,False,0
Veo,994032ed-bdb5-57a0-a63d-cc724018a0fc,bicycle,40.034347,-82.966518,,20.05,True,False,False,0
Veo,412e5e2c-3838-5bc2-a1d8-8846ae6892a8,bicycle,40.100589,-83.115579,,23.02,True,False,False,0
Veo,922eb2f7-9602-5a66-8b08-8549f7430f9a,bicycle,40.001938,-83.00771,,26.78,True,False,False,0
Veo,66cbba40-085d-51d1-817f-5bdf57065b18,bicycle,40.003418,-82.97515,,9.65,True,False,False,0
Veo,84fce7eb-9de3-525e-8853-8dc3c0fce7d0,bicycle,39.948608,-82.972971,,7.62,True,False,False,0
Veo,e9e812fa-5e4c-57bd-b7e8-e2ab299e9361,bicycle,40.005773,-83.016879,,11.83,True,False,False,0
Veo,76ea3921-7437-5d76-be49-6db35cbbf44a,bicycle,39.9969,-83.019707,,6.98,True,False,False,0
Veo,68bf97ad-1acd-5dc2-89e6-cfff92c4f428,bicycle,39.959597,-83.025219,,26.25,True,False,False,0
Veo,4d08a32d-72bd-56cf-bf1f-fe4ca1bfcbb6,bicycle,39.963763,-82.981585,,28.14,False,True,False,0
Veo,6b025578-57fd-56ce-9ccd-c45be5f88e44,bicycle,39.942942,-83.039446,,28.14,True,False,False,0
Veo,6fdc83ce-453c-5553-9ff4-2766ca61761c,bicycle,40.005534,-83.010424,,26.78,True,False,False,0
Veo,2dab47a1-3dae-500d-a262-4fe039aa4d1b,bicycle,40.016076,-83.030699,,28.14,True,False,False,0
Veo,a0649840-6fa1-5be0-8bff-931c749983ff,bicycle,40.022341,-83.013314,,23.33,True,False,False,0
Veo,df23063e-ffcb-50cb-855c-536b52d5cacc,bicycle,39.945921,-83.009074,,15.45,True,False,False,0
Veo,bedbd63c-c1b3-5f1d-a5e1-9ff3e2d622d4,bicycle,39.979856,-83.023606,,28.14,True,False,False,0
Veo,aa54c5b5-48ac-5dd8-b8fa-08362260681d,bicycle,40.000993,-82.993926,,27.77,True,False,False,0
Veo,567d6e32-1644-5164-b0b6-f10105c1b7fc,bicycle,39.97044778815115,-83.00255027625089,,24.84,False,False,True,0
Veo,ecafdb92-abf5-5179-b48e-87ed7a9eb135,bicycle,39.980854,-83.002679,,14.61,True,False,False,0
Veo,991efc87-ab4a-5acc-8144-aed270e76771,bicycle,39.969144,-82.874457,,21.49,True,False,False,0
Veo,fe15d2de-8eb0-524a-9ae4-b1b94189056d,bicycle,39.978534,-82.957665,,19.05,True,False,False,0
Veo,01b88565-6dd0-5830-a6fd-7f0b82b5cb63,bicycle,40.019502,-82.994412,,25.12,True,False,False,0
Veo,9bceb3b0-fd55-5229-8fed-a00d29c7b7e1,bicycle,39.985562,-82.995464,,22.39,True,False,False,0
Veo,b043f6bf-aa3f-5238-9de3-1857410faf56,bicycle,39.948219,-82.997878,,28.14,True,False,False,0
Veo,0c39d4a7-c289-55cd-b7ef-39971eae4b2b,bicycle,39.982396,-83.08557,,10.31,True,False,False,0
Veo,226880b6-57e4-58a0-a699-961c716a1edb,bicycle,39.950839,-83.035873,,28.14,False,False,True,0
Veo,51eabdec-dabe-577b-882d-99df4be79d65,bicycle,39.981907,-82.8777,,28.14,True,False,False,0
Veo,65fceb24-d2e3-51f4-8b24-0d1ff6d6ea11,bicycle,39.998353,-82.978102,,24.84,True,False,False,0
Veo,7a916496-2f90-55b2-a940-feafd4959be9,bicycle,40.040851,-82.944091,,23.33,True,False,False,0
Veo,e2aa74e2-2652-585c-a6b2-d9180286c2a2,bicycle,39.988905,-83.001504,,25.12,True,False,False,0
Veo,4aa1c2fe-28ca-51d8-880e-872cbb330f4b,scooter,39.995587,-83.040267,,6.07,True,False,False,0
Veo,1f54766a-a072-5729-9d49-f555c94833ab,bicycle,39.974258,-83.023262,,28.14,True,False,False,0
Veo,9addb473-0220-558e-bb18-5a65504c8341,bicycle,39.976575,-83.014791,,27.02,True,False,False,0
Veo,bd1020b6-ecf0-5acc-aa7f-f3a3cca3a0b2,bicycle,40.004457,-83.009698,,14.61,True,False,False,0
Veo,02c76f34-a52e-51b4-a0c3-74c436ea492e,bicycle,40.009567,-82.946097,,28.14,True,False,False,0
Veo,e4bf7a03-1a94-52e4-b21c-e85cd40cb0de,bicycle,40.000172,-83.008178,,28.14,True,False,False,0
Veo,d2f7cf0b-167d-5897-8491-c291d494e54f,bicycle,39.976919,-82.976076,,22.7,True,False,False,0
Veo,891b5102-bc97-545b-860a-0c95eba89ee8,bicycle,40.001874,-82.999117,,20.37,True,False,False,0
Veo,ad7460b6-b211-5a15-bd67-07b8e2d1e673,bicycle,40.018162,-83.012436,,28.14,True,False,False,0
Veo,cd70fd0e-e1ce-5579-ac1a-ed2c817e8ac3,bicycle,40.017404,-83.011674,,28.14,True,False,False,0
Veo,da068e4e-f967-5516-87a3-918da6a91a94,bicycle,39.961711,-83.066036,,27.18,True,False,False,0
Veo,4337d140-d175-58d8-a3bf-981f84b3e296,bicycle,39.946567,-82.90664,,6.67,True,False,False,0
Veo,585b360e-53fb-502e-8e2a-60091e716c48,bicycle,39.938437,-82.964551,,8.09,True,False,False,0
Veo,d1b8f9cd-4950-5606-93f8-1fcc20810fd3,bicycle,39.969182,-83.076832,,27.18,True,False,False,0
Veo,c379b1ad-02be-5897-ad59-f57587be575a,bicycle,39.985854,-83.02866,,15.45,True,False,False,0
Veo,fcb9a8e4-26e5-56bf-bc04-5f16dce65f7f,bicycle,40.015228,-82.979517,,26.51,True,False,False,0
Veo,c52b30df-953a-5a30-b43c-5d099f35a70f,scooter,39.95593270510013,-82.94530038227904,,0.0,True,False,False,0
Veo,d84e2a9a-63a5-59b4-b72d-5962bc466ecc,bicycle,39.996172,-83.019651,,14.61,True,False,False,0
Veo,5942046b-6fda-57e8-b607-203b626d7012,bicycle,39.909697,-83.042424,,10.51,True,False,False,0
Veo,f2740e47-11dc-5b92-91eb-ce7a9e1cbc01,bicycle,39.974931,-82.968346,,28.14,True,False,False,0
Veo,103f9926-478e-521a-af97-3d7ac0db73e8,bicycle,40.003842,-83.018183,,25.94,True,False,False,0
Veo,9f579273-dcf6-5701-8dcf-fffcc554bf6a,bicycle,39.998641,-82.999913,,14.61,True,False,False,0
Veo,b50066a5-00ea-578e-9d97-aa57eb777426,bicycle,40.006034,-83.012466,,17.89,True,False,False,0
Veo,9dba6c7f-8409-5761-a53a-83ed9abab197,bicycle,39.947839,-82.967426,,25.12,True,False,False,0
Veo,b94202fd-4bbb-576a-bfc8-38a83d92788c,bicycle,39.968605,-82.970035,,28.14,False,False,True,0
Veo,043e43d0-33ae-56d2-a722-5463ef511051,bicycle,40.00134,-82.997313,,14.17,True,False,False,0
Veo,d7ec9578-7d2a-5408-b10c-6497b2a0462e,bicycle,39.972965,-83.045083,,12.87,True,False,False,0
Veo,9cdfe8c3-06ab-5a8d-bbfe-3e10ed476116,bicycle,39.982658,-83.002993,,22.39,True,False,False,0
Veo,2186623a-dfc8-5719-bf9c-0b5c4155fce2,bicycle,40.018944,-83.012694,,11.83,True,False,False,0
Veo,16d0c372-fab8-5600-9efc-86ecbcef2bdc,bicycle,40.010287,-83.000365,,25.94,True,False,False,0
Veo,23d76496-bb08-55a1-be12-bed7e673d6ea,bicycle,40.061998,-83.0528,,26.25,True,False,False,0
Veo,17e67846-847c-53e0-860f-bb10de706bc4,bicycle,39.944918,-82.982142,,26.78,True,False,False,0
Veo,96fb3461-abad-52d6-a22f-18eafc68c24f,bicycle,40.005851,-83.009377,,21.77,True,False,False,0
Veo,52084c79-e36e-5db3-993a-0769d426be10,bicycle,39.938057,-83.014597,,10.79,True,False,False,0
Veo,c7151b7f-e3c7-5151-9d1b-4b600f9dc08d,bicycle,40.017236,-83.006511,,22.39,True,False,False,0
Veo,a8a91d11-41c6-5c8f-ad92-6df247c033e5,scooter,39.958629,-83.012862,,28.14,True,False,False,0
Veo,01dd9e14-0b79-5bb1-b924-e413e42b31a8,bicycle,39.960497,-83.033884,,6.31,True,False,False,0
Veo,281adc91-5833-51ee-9b01-9d80439ca5ae,bicycle,40.066472,-83.092653,,13.39,True,False,False,0
Veo,65463fe4-9b50-581b-8bf8-1bea7170d95d,bicycle,39.959228,-82.984423,,14.61,True,False,False,0
Veo,ac48483c-5938-538e-9bbc-71af34571796,bicycle,40.015388,-82.979521,,28.14,True,False,False,0
Veo,718dd1d1-9ae6-5f8a-bdc6-9374168d1631,bicycle,39.944206,-83.115299,,21.49,True,False,False,0
Veo,b0c5c5d3-a2ec-52f3-b974-50e5dd722cf0,bicycle,39.95598352790699,-82.94526602930962,,0.0,True,False,False,0
Veo,2dbb7087-d549-5d3f-a53e-5250975f475f,bicycle,39.979399,-83.010296,,18.19,True,False,False,0
Veo,a615a43f-3bc0-5dc7-89df-ba4dec4e6b71,bicycle,39.984061,-83.005064,,28.01,True,False,False,0
Veo,89de263c-7759-53cd-b5f8-bf534c1fa1b2,bicycle,39.957143,-82.917934,,26.51,True,False,False,0
Veo,da605ed1-92d2-59c1-aab3-9fbe86a54410,scooter,39.9940337568884,-83.00727755364964,,22.05,False,False,True,0
Veo,2948dcfc-15d7-58dc-970b-646af05b75de,scooter,40.006729,-83.045923,,5.44,True,False,False,0
Veo,48029255-030c-5a12-8cd2-0c2747346b97,bicycle,39.925692,-83.015755,,28.14,True,False,False,0
Veo,3b7a68b8-0708-5064-93ec-b99db17e37c5,bicycle,39.959357969233196,-82.98433756063041,,11.59,False,False,True,0
Veo,920ff62b-132f-5680-9538-dc55f5301028,bicycle,40.003943,-83.013912,,25.65,True,False,False,0
Veo,6df35475-ab9e-5f26-8e51-253c0ea9bdc8,bicycle,39.97172,-82.97379,,28.14,True,False,False,0
Veo,5df8185f-5d9c-5605-8125-07ff68e063bb,bicycle,40.008328,-83.009327,,28.14,True,False,False,0
Veo,b7eec7e8-eacd-5a2a-9c7f-8a750ce38f0e,bicycle,40.000026,-83.02143,,28.14,True,False,False,0
Veo,e9b5b047-a7de-54a7-9e3e-929d73b0c649,bicycle,40.032196,-82.964335,,25.12,True,False,False,0
Veo,391c7ff0-0c3e-50bd-997c-e06c593485bc,bicycle,40.061437,-82.95784,,28.14,True,False,False,0
Veo,bf9ad43a-4886-5df8-8df7-f0a443930c19,bicycle,39.997577,-83.007631,,1.83,True,False,False,0
Veo,608f1069-eca1-5ac3-9abf-d5978b9c21e2,bicycle,40.10949,-83.111258,,28.14,True,False,False,0
Veo,9c8f6169-6631-5b85-b907-f49faf93c788,bicycle,39.967913,-83.012435,,22.39,True,False,False,0
Veo,d7659613-75b8-5da2-8a20-ecb433a7b7ee,bicycle,40.00943,-82.983188,,15.89,True,False,False,0
Veo,eb80f227-60fd-589a-8918-d19543e48a84,bicycle,40.016138,-82.961995,,28.14,True,False,False,0
Veo,e1039078-3c07-5c40-963b-d60eb316d951,bicycle,39.918151,-82.974249,,28.14,True,False,False,0
Veo,5058fed8-302f-5ee1-8916-0cdeb167c7e8,bicycle,39.995894,-83.019845,,25.65,True,False,False,0
Veo,ce8f9e0c-8639-5b0c-be65-008e376ee5e3,bicycle,39.892553,-82.954584,,28.14,True,False,False,0
Veo,d2c7fd80-bbd5-5b2e-b978-48cd9d1fb924,bicycle,39.923586,-82.957177,,28.14,True,False,False,0
Veo,eb536060-e9fe-5995-9eab-508d1c93fe0b,bicycle,39.935925,-82.9889,,22.05,True,False,False,0
Veo,0de2bb3b-b719-53d7-afcb-505221ac3ef8,bicycle,39.949138,-83.032744,,27.77,True,False,False,0
Veo,4af677c8-1ea9-58cd-a267-c05f81e9880e,bicycle,39.974776,-83.070929,,11.83,True,False,False,0
Veo,caa3ee89-de22-58c4-b9e8-4ec860536667,bicycle,40.016803,-83.007506,,25.65,True,False,False,0
Veo,f39951a2-f4d8-5836-9081-21c0bc4f6ab8,bicycle,39.946442,-83.05833,,28.14,True,False,False,0
Veo,55f72ca2-ed12-528f-a107-5dee2a1a78c4,bicycle,39.953601,-83.099407,,27.44,True,False,False,0
Veo,74c51d7a-dee5-5f61-bc56-7524da28bb54,bicycle,40.005983,-82.983009,,28.14,True,False,False,0
Veo,c68be3fe-42d4-5b25-b9c0-67032a2943c2,bicycle,39.889447,-82.967536,,12.28,False,False,True,0
Veo,d38067e2-c736-5d35-83f4-2cc9976bc9e2,bicycle,39.988294,-83.035771,,24.33,True,False,False,0
Veo,7e39260a-8b59-5d64-a9c7-de3b327078be,bicycle,39.970847,-82.968373,,13.1,True,False,False,0
Veo,ca841ae8-a65a-5162-8516-d431b1cc8374,bicycle,39.957048,-82.986521,,20.78,True,False,False,0
Veo,96c5b66a-9d9f-5a37-877e-ad0ed6171a4c,bicycle,40.094974,-83.091469,,21.77,True,False,False,0
Veo,c6fe303d-6364-5051-b1f5-9bab940b4ce0,bicycle,39.99557239543317,-83.00436817380032,,28.01,True,False,False,0
Veo,692367ee-5257-5a0e-a6ee-40259748b2e1,bicycle,40.004365,-83.009712,,24.84,True,False,False,0
Veo,36c83d6e-afec-51ee-9060-67b3642fe2fb,scooter,39.9608,-83.01281,,15.45,True,False,False,0
Veo,af8d2774-42b2-5800-b04f-6e1f2ba93fbb,bicycle,40.032165,-82.943461,,28.14,True,False,False,0
Veo,b73af7a7-c389-5b85-8bb9-882653544466,bicycle,39.96302,-83.002134,,25.74,True,False,False,0
Veo,ca2073a8-a4ff-555d-b0e3-1c2f96004e07,bicycle,39.965787,-82.969141,,28.14,True,False,False,0
Veo,492b29fc-89fe-5b56-af18-261fffdf9332,bicycle,39.985715,-83.031059,,27.18,True,False,False,0
Veo,be5017a4-f90d-5739-8ef8-f5217864845d,bicycle,39.950227,-83.000167,,28.14,True,False,False,0
Veo,baa46088-f23c-582c-b11c-86fd61c3f91e,bicycle,39.959557,-83.000421,,9.29,True,False,False,0
Veo,8a5798be-4806-57ae-930f-c8a74bda7c9d,bicycle,40.013976,-82.974715,,26.51,True,False,False,0
Veo,bc0b86bb-715b-5e38-8ff9-a8059730dc49,bicycle,39.965385,-83.018341,,9.29,True,False,False,0
Veo,eab58a82-6baa-5a14-bdc1-2489775b248b,bicycle,39.937322,-82.949219,,9.65,True,False,False,0
Veo,aa86bf3d-683e-5c65-8b33-b981bab6e04e,bicycle,40.007706,-83.012697,,14.61,True,False,False,0
Veo,9df8422c-5c92-5185-88f3-96d469438669,bicycle,39.996105,-83.039493,,13.1,True,False,False,0
Veo,662aec9f-6180-524b-80b8-34eb9fe5db0c,bicycle,40.052414,-82.95373,,21.49,True,False,False,0
Veo,999353f8-9e54-5939-bde4-43ce4a289a84,bicycle,39.969782,-82.972261,,28.14,True,False,False,0
Veo,36044a82-b30a-5643-b0f4-89f8890d12ab,bicycle,39.992794,-83.003902,,28.14,True,False,False,0
Veo,0731c14e-1e70-5077-89d3-117d8ce6b0ba,bicycle,39.986321,-82.988984,,28.14,True,False,False,0
Veo,14d7a4af-6b17-5004-a455-591914733a3b,bicycle,39.928607,-82.949909,,22.39,True,False,False,0
Veo,f76c8558-a11d-56a8-94eb-f965ad55fd94,scooter,40.000201,-83.008225,,22.05,True,False,False,0
Veo,59657984-cd41-5fa0-bd25-1fdbc3d9bec1,bicycle,39.996734,-83.00698,,13.86,True,False,False,0
Veo,e8b6ee7f-baf4-516f-b42e-b44bab80e3c8,bicycle,39.96173,-82.968556,,28.14,True,False,False,0
Veo,e455df96-cf36-5ad0-bef3-baa655f36a06,scooter,39.976596,-83.014832,,26.25,True,False,False,0
Veo,f8f34adf-4ce2-5c41-9eee-1c070bb11ed1,bicycle,39.956358,-83.014438,,28.14,True,False,False,0
Veo,8624121c-f56e-54cf-a242-c0ddfef43fe0,scooter,39.944272,-82.9944,,28.14,True,False,False,0
Veo,9acc27a3-3d48-50a6-9862-7468d5110dfd,scooter,39.961191,-83.098314,,8.43,True,False,False,0
Veo,0b2996ef-66ed-5451-a3e3-84fda71aab8c,bicycle,39.949992,-82.959671,,4.67,True,False,False,0
Veo,d6242717-dfa5-540d-9382-bc3323c4bef3,bicycle,39.937908,-82.975304,,26.25,False,False,True,0
Veo,32b009fa-3702-5418-ae8a-0f212c933d3e,scooter,39.965278,-82.981501,,25.74,True,False,False,0
Veo,a8fe4bb0-ab02-52fd-91bd-510e2a9db855,bicycle,39.922585,-83.034483,,4.92,True,False,False,0
Veo,f07a8598-0945-5998-a66a-2c5b8a0f267a,scooter,39.981641,-82.987516,,10.31,True,False,False,0
Veo,18cd009e-d5b7-5c13-9d24-74ec30f654cf,bicycle,39.927375,-82.986423,,8.43,True,False,False,0
Veo,42f6526d-8091-5022-9d74-25d02e0baade,scooter,40.006727,-83.008555,,28.14,True,False,False,0
Veo,b9128830-d298-5e17-994c-ab548f9d9d98,scooter,40.016082,-83.030757,,28.01,True,False,False,0
Veo,f5444242-665f-5e89-ae56-0a3cf995eac4,bicycle,39.943215,-82.970536,,28.14,True,False,False,0
Veo,07ef07bb-f206-5d00-a731-8592da9a63a6,scooter,39.996962,-83.019739,,7.62,True,False,False,0
Veo,70b3181f-35a9-5cfe-aee2-a08916ea3533,bicycle,40.041276,-82.970015,,28.14,True,False,False,0
Veo,a855cf34-b7aa-522f-80c5-5abfe28138e0,bicycle,39.998364,-82.996267,,28.14,True,False,False,0
Veo,dcc8abbd-1dc5-588d-83ce-e5d03acccbe3,scooter,40.004886,-83.015686,,25.34,True,False,False,0
Veo,59e43e69-32c7-5b9c-ae19-38736e120ed0,scooter,39.988137262897084,-82.99607458462063,,21.49,False,True,True,0
Veo,4381d3c8-b52a-5214-8d58-49a6144b1bcb,bicycle,39.999109,-83.00998,,18.67,True,False,False,0
Veo,b52dc63a-cc2c-59a4-875a-e387c5519a26,bicycle,40.016075,-82.954455,,13.64,True,False,False,0
Veo,eaaaadde-d80e-5bee-9646-243b562eb2c7,bicycle,39.888418,-83.000716,,25.12,True,False,False,0
Veo,bcb5da64-b38f-52f8-890a-9c59304460c8,scooter,40.010053,-83.026739,,10.51,True,False,False,0
Veo,7763d025-c90f-570c-93e7-7aa8834bc8a8,bicycle,39.969153,-83.076821,,28.14,True,False,False,0
Veo,b2217f23-648c-5a90-b9ad-dbd4f2ee5d6f,scooter,39.927605,-82.911043,,26.25,True,False,False,0
Veo,ee8b9925-40cc-5cb3-9407-5e4077f5c25d,bicycle,39.977172,-83.005084,,10.31,True,False,False,0
Veo,6ad29589-27b0-5c7c-b277-8d39b10afae0,bicycle,40.001808,-83.013935,,19.39,True,False,False,0
Veo,6281610b-d769-5d1b-8498-dc4131517d68,bicycle,39.954175,-83.013775,,28.14,True,False,False,0
Veo,c207b951-d70c-513f-8497-5075b76066cc,bicycle,39.988581,-83.043146,,28.14,True,False,False,0
Veo,b886acf4-9bd5-546c-8b46-8470292c9413,scooter,39.994097,-83.005805,,26.25,True,False,False,0
Veo,68dc1a46-19f9-5629-98e0-2c64da7b98ea,bicycle,39.937879,-82.950698,,27.44,True,False,False,0
Veo,098e58b4-c9e6-5dc9-95ec-672e6d27fb5b,bicycle,39.966089,-82.981223,,17.89,True,False,False,0
Veo,079d6f5f-cd1d-50c7-b81c-3ce9015ed920,bicycle,39.968441,-83.012343,,28.14,True,False,False,0
Veo,2cd2b2fb-be44-591c-9af3-c080f2a6fec2,bicycle,40.100426,-83.109057,,12.52,True,False,False,0
Veo,ff9f286c-f2af-5b27-9916-e49ab850e899,bicycle,40.09803,-82.925059,,27.77,True,False,False,0
Veo,267ce6cf-c2c5-54be-adad-e2923f3e45d6,scooter,39.963397,-82.955434,,27.02,True,False,False,0
Veo,e89dfd76-08c1-5844-acb6-e3480d515693,bicycle,39.94149,-82.960319,,28.14,True,False,False,0
Veo,9c129084-2b2d-5f52-bbd1-ae49d57fc387,bicycle,39.993457,-82.983371,,23.02,True,False,False,0
Veo,40bd8618-4bc2-593f-8d0e-577e275b2af9,bicycle,40.022476,-82.987192,,28.14,True,False,False,0
Veo,b615ecc9-a000-5641-bc91-523cb4574584,scooter,39.90607,-82.985954,,12.52,True,False,False,0
Veo,36064a8d-c1cb-5397-9960-4c16b2e82992,bicycle,40.001909,-83.013627,,24.84,True,False,False,0
Veo,2f2bc2c4-75a0-5b6c-abf2-2fe8b47cbf53,bicycle,40.059564,-82.98682,,12.52,True,False,False,0
Veo,968f46c1-f4a6-5f12-9c9f-8b43d1023653,bicycle,39.988204,-83.026291,,9.29,True,False,False,0
Veo,34c8af8b-79ed-5ed4-a921-40ba71b6dc0e,bicycle,40.02073,-83.038334,,25.65,True,False,False,0
Veo,d7135017-1a4e-5ab7-bff7-2dcb5f07a868,bicycle,39.985231,-82.990819,,25.34,True,False,False,0
Veo,ae2f0c6a-c73c-5c27-8381-c08f1e3e5df5,bicycle,39.98655,-83.009483,,24.33,True,False,False,0
Veo,57021d6d-bc29-5030-9c6b-ae8c89031f5f,bicycle,39.907731,-82.972345,,8.43,True,False,False,0
Veo,21e465f1-e65b-55f6-8dc2-8359b033b33c,bicycle,39.960772,-83.012636,,10.31,True,False,False,0
Veo,00ff38ac-3cc3-5715-bc80-0c7caf5c52b3,scooter,40.002324,-83.017679,,15.89,True,False,False,0
Veo,38901cee-65ca-5147-be78-93917ae10909,scooter,40.005575,-83.010323,,24.06,True,False,False,0
Veo,58d8e6ba-9c69-5b3e-bbc5-20dd68bc7aa2,bicycle,39.960872,-83.010963,,14.61,True,False,False,0
Veo,7a716018-4b76-5638-b884-7482108c54d5,bicycle,39.983569,-82.996032,,28.14,True,False,False,0
Veo,ae7827da-6173-5d0b-946f-b595220c9360,bicycle,40.059522,-82.986817,,28.14,True,False,False,0
Veo,fc380d20-fce3-58dc-8d8b-214a0e66ea90,bicycle,39.997563,-82.999772,,26.51,True,False,False,0
Veo,e44782ea-b5ce-5da4-a8be-fc2ad3ac5ca8,bicycle,39.984721,-83.033578,,22.05,True,False,False,0
Veo,5d35750a-87a0-5c16-9e8f-d7196532ab0a,scooter,40.009313,-83.004934,,28.01,True,False,False,0
Veo,f3ae6a20-0f38-5d50-a5c9-68a4b66cdbbc,bicycle,40.031463,-82.968514,,27.77,True,False,False,0
Veo,068be96c-086a-5cd2-92b4-5b4dbfeb8790,bicycle,40.00163,-82.982005,,27.77,True,False,False,0
Veo,53fcf028-ab89-526c-9d66-1322d0ab8235,bicycle,40.005599,-83.009436,,24.33,True,False,False,0
Veo,719321b4-ccd7-5d74-813a-8a1349c5a253,bicycle,39.998179,-83.002828,,12.87,True,False,False,0
Veo,bcfcd43f-6399-5c1c-80cd-87653f2abcdc,scooter,39.952139,-82.858117,,28.14,True,False,False,0
Veo,45520322-8caa-54b9-a562-3f1e0de99ff8,scooter,39.99803,-83.002802,,16.84,True,False,False,0
Veo,2e244744-f66a-5a13-828e-3e8512b4463c,bicycle,39.998352,-83.006662,,14.43,True,False,False,0
Veo,a6c1d13e-8b7f-57dd-aa11-f209b1d2f3a4,bicycle,40.089108,-83.094012,,24.06,True,False,False,0
Veo,9d8e4911-1932-5fe5-b1b3-92f0e7122603,bicycle,39.931742,-83.048934,,28.14,True,False,False,0
Veo,79f192ad-8e81-571a-a6d4-41484d536133,scooter,40.025096,-83.032147,,19.78,True,False,False,0
Veo,3722f0aa-037d-56b7-b494-c75763a8e547,bicycle,39.967891,-83.012439,,25.74,True,False,False,0
Veo,bebae6c4-13f6-532b-8dae-66cc5537373f,bicycle,40.004943,-83.007056,,24.84,True,False,False,0
Veo,f5378147-c7d2-58db-a12b-51ed886281cb,bicycle,39.948204,-82.969397,,7.62,True,False,False,0
Veo,dda1ba95-f898-531b-8d56-b95bcf23ad3c,scooter,39.993676,-82.999826,,27.02,True,False,False,0
Veo,7229203c-5ea7-5d47-a980-363631e26c4d,bicycle,40.099281,-82.994277,,28.14,True,False,False,0
Veo,3b161c2c-fb9a-52e5-855b-0e33e5849026,bicycle,39.922733,-82.959425,,26.25,True,False,False,0
Veo,084d8929-5655-5cef-b249-10910ec4555f,bicycle,40.100601,-83.110674,,25.94,True,False,False,0
Veo,5ca0f620-eafb-5c5c-9089-8c9ba6ccb0fb,bicycle,39.972335,-82.920797,,28.14,True,False,False,0
Veo,a1b9e796-e723-5a13-91f4-07bcbd9944f0,scooter,39.991491,-83.026154,,28.14,True,False,False,0
Veo,ae740f26-dadb-57c0-baac-6d6081f44e79,bicycle,39.994824,-83.017181,,18.67,True,False,False,0
Veo,5bd5fdbf-e4bc-519b-8fc0-4ad88b993eab,bicycle,40.01771,-83.014748,,27.18,True,False,False,0
Veo,14f8d3bb-eb37-55a6-9c6d-b335cfe9632c,bicycle,39.895347,-82.969761,,28.14,True,False,False,0
Veo,763d3bc4-c0fb-53eb-8554-9632a176532d,bicycle,39.962813,-83.002538,,27.44,True,False,False,0
Veo,202b6e3a-0ab7-5368-bb23-a6b0bbf0485a,bicycle,40.008267,-83.005055,,9.97,True,False,False,0
Veo,1b105996-0f57-531d-a48c-dc606021ba4d,bicycle,39.957572,-82.931795,,15.45,True,False,False,0
Veo,4299f68f-542d-5a02-8c93-e58c1715bc8b,bicycle,39.987139,-83.029306,,27.77,True,False,False,0
Veo,56635c1e-4393-5bd1-825b-bfff00fa7696,bicycle,39.965976,-83.001395,,6.07,True,False,False,0
Veo,4402e2d3-5232-5002-8684-aeadd24972e0,bicycle,40.002472,-83.012006,,27.77,True,False,False,0
Veo,3ff5e43f-37ef-53ac-acdd-7ca845f010dc,scooter,40.059933,-82.931215,,17.37,True,False,False,0
Veo,c6322b3c-0b89-5938-82f3-4dadfbba3831,bicycle,40.034967,-82.956277,,13.39,True,False,False,0
Veo,1ed25aed-eb8d-5b2f-9f92-3dac5b7919d0,bicycle,40.007427,-83.016258,,28.14,True,False,False,0
Veo,60551f7a-ee77-5922-baf7-977153548395,bicycle,40.001526,-83.03754,,28.14,True,False,False,0
Veo,39fec00a-6510-5c79-b0f1-5efb67d9b387,bicycle,40.001776,-83.005892,,25.12,True,False,False,0
Veo,3c8f7ad6-c2f7-54da-b37c-d078f318129d,bicycle,39.997525,-82.999586,,28.14,True,False,False,0
Veo,74080f01-dc17-5f3d-be41-30ab6e7cd30a,bicycle,39.974912,-82.957712,,8.09,True,False,False,0
Veo,e8bb77a1-b50d-51b3-8845-fa16c980782d,bicycle,39.994675,-83.003738,,28.14,True,False,False,0
Veo,e72429c6-9cc0-59ae-9eb0-5720ac49035d,bicycle,39.99884,-83.008001,,21.77,True,False,False,0
Veo,c93bf81b-c6a5-5088-a9ed-f09f31df458b,bicycle,39.944382,-82.994437,,25.74,True,False,False,0
Veo,ea386e43-8c56-56fc-bc65-7de848edf29d,scooter,40.002148,-83.018335,,28.01,True,False,False,0
Veo,00db0f40-dde2-5a1d-8774-7756ecc79fb7,scooter,39.981514,-82.991372,,28.14,True,False,False,0
Veo,1a385926-4769-556e-99f7-6598c7ab4278,scooter,39.997638,-83.001077,,7.29,True,False,False,0
Veo,9e23d70a-24c4-568e-948d-6223cee6dca4,scooter,39.993140000000004,-82.98224333333334,,28.14,False,False,True,0
Veo,ba81d541-f96d-5ce3-b506-4154e6014576,scooter,39.954178,-83.013767,,28.14,True,False,False,0
Veo,f0630a57-0501-5e3d-8341-b7eb0491db3b,scooter,40.000898,-83.03342,,28.14,True,False,False,0
Veo,46742ce6-e3b8-508e-bfe3-e975d72561e5,scooter,39.968892,-82.99859,,12.87,True,False,False,0
Veo,0af22de0-d6d5-52c3-8271-495cb1f55be4,scooter,39.960814,-83.012788,,28.14,True,False,False,0
Veo,acf92a99-e8a6-5e92-a5fb-2f6303d65f0e,scooter,39.923799,-83.092276,,14.43,True,False,False,0
Veo,fd387e9e-bd32-5613-837a-53b59b75e6f3,scooter,40.037318,-83.000361,,28.14,True,False,False,0
Veo,c9ab0837-36ed-5957-aef4-0b3212150317,scooter,39.994847,-83.002004,,18.19,True,False,False,0
Veo,25c72981-a7c2-5bd1-9d8b-87c811aa87f2,scooter,40.011538,-83.004203,,22.7,True,False,False,0
Veo,f0f2ae82-9f8a-53fc-89d7-5ea3de0011df,scooter,40.005058,-83.026791,,21.77,True,False,False,0
Veo,e8079712-9c70-59cf-a527-4627240497ce,scooter,40.002972,-83.032705,,28.14,True,False,False,0
Veo,0540a13e-6d63-55f2-9acd-eee4ee5b0122,scooter,40.002218,-83.015495,,13.1,True,False,False,0
Veo,f582d90b-0edf-52d3-8c01-ce0438db2c3b,scooter,39.977519,-82.994848,,17.89,True,False,False,0
Veo,c806c3f5-3d1e-54ca-9786-f0428a9dd2e8,scooter,39.997285,-83.007897,,25.94,True,False,False,0
Veo,b02da33d-e4a1-5d4c-b045-88b3b0566eac,scooter,39.974112,-83.022781,,25.65,True,False,False,0
Veo,8af923cb-52f2-55ec-b543-2519b5209bc7,scooter,39.963291,-82.953212,,17.37,True,False,False,0
Veo,b43d9d4c-f7cb-5466-b587-1889a6db5a3b,scooter,39.95407,-82.939256,,4.67,True,False,False,0
Veo,2c5a9146-9248-5bcf-9cd0-e4f4ae820401,scooter,39.933969,-83.090199,,25.34,True,False,False,0
Veo,6ad89b22-5c68-551a-a222-9476dba51909,scooter,40.000295,-83.011026,,19.78,True,False,False,0
Veo,794e6740-e036-5e3b-8ade-c2962fd8a244,scooter,40.002271,-83.011784,,12.63,True,False,False,0
Veo,aa71c8ca-c313-5ed9-a9c6-8d04fd287130,scooter,40.008833,-83.004941,,25.34,True,False,False,0
Veo,dc0dfef6-f00c-5d4a-8a83-504b56d0e2f7,scooter,39.958567,-82.997153,,14.17,True,False,False,0
Veo,d689de8d-6b3d-563d-a6f8-6aa633ac298a,scooter,39.993666,-83.019493,,25.94,True,False,False,0
Veo,f9c6fd91-542b-5bca-8026-1e94b0025786,scooter,39.977464,-83.011574,,7.62,True,False,False,0
Veo,ff474995-6ccd-5dda-a59d-eebf7a21c405,scooter,39.978636,-83.00388,,13.1,True,False,False,0
Veo,7ae8b223-9c4e-5716-a101-4a1eb4564a87,scooter,40.008892,-83.006422,,20.05,True,False,False,0
Veo,f8aef8b2-ac88-5411-983e-4960b45eacdf,scooter,40.020111,-83.013632,,18.19,True,False,False,0
Veo,45589da2-7338-515b-a8da-1b444b37dac6,scooter,39.960479,-83.009542,,28.14,True,False,False,0
Veo,7f610d3f-721e-58d5-becc-b39924cc57c4,scooter,39.931592,-83.07606,,24.06,True,False,False,0
Veo,a4cf0fb5-8b6a-5145-803d-e74772090bb9,scooter,39.95574,-83.016852,,22.39,True,False,False,0
Veo,35ffaa0a-7a65-5e9f-8bb7-c2326da99de7,scooter,40.032692,-82.9915,,28.14,True,False,False,0
Veo,ff0c4608-6120-5545-8478-21fad138941a,scooter,39.988278,-83.004948,,25.94,True,False,False,0
Veo,75971798-8d5c-5b7e-a5d2-7d4990ece0f2,scooter,39.96076,-83.003058,,25.74,True,False,False,0
Veo,94a48317-80cd-5301-8aa2-3dbaa8fc71c7,scooter,40.002036,-83.01561,,15.18,True,False,False,0
Veo,fca799a7-b0c5-5599-961b-8acf15f5dee9,scooter,39.951219,-82.996811,,14.17,True,False,False,0
Veo,de731f52-10b3-5c09-afb2-0a8cffd5e480,scooter,39.948214,-82.942154,,28.14,True,False,False,0
Veo,22e64c80-65d9-54f2-a703-09ff5ff4dde2,scooter,40.000398,-82.996648,,28.01,True,False,False,0
Veo,9e6518ee-b31b-53e1-80d1-b4829b0ec966,scooter,39.952621,-83.024681,,17.37,True,False,False,0
Veo,7a7e6ea6-0909-5407-ad56-d051a58f93b0,scooter,39.978944,-83.10099,,25.65,True,False,False,0
Veo,853c5406-65ac-59d8-9018-f01ad373b450,scooter,39.991532,-82.995234,,28.14,True,False,False,0
Veo,5d060e42-84d8-5eed-9094-e09d5b33f11d,scooter,40.000193,-83.008199,,28.14,True,False,False,0
Veo,23f3e584-b5b9-5678-86dd-e5f3d09214ba,scooter,39.986191,-83.036381,,22.39,True,False,False,0
Veo,3901ca07-71ef-5f32-919a-a9c5f319041d,scooter,40.00462,-83.015771,,28.14,True,False,False,0
Veo,4a70ceef-9fe3-5e65-a872-3f35f376542c,scooter,39.990278,-83.007934,,6.98,True,False,False,0
Veo,f2403edd-042f-5358-88af-189d392dae80,scooter,40.006565,-83.004896,,23.33,True,False,False,0
Veo,2ae819c6-ca26-5610-84cb-50b3cff7e5a3,scooter,40.00018,-83.008242,,11.34,True,False,False,0
Veo,7865c41d-3d83-5f6c-8a97-ffc26f8e1f8d,scooter,40.002703,-83.013806,,25.12,True,False,False,0
Veo,574f22e7-5e14-5116-bb0e-80123daf89b5,scooter,40.000871,-83.000439,,27.44,True,False,False,0
Veo,9bb21f64-6bb0-5d12-914c-886232757874,scooter,39.993199,-82.984107,,18.19,True,False,False,0
Veo,03618704-4960-5c98-8d04-de35c1225d01,scooter,40.007468,-83.015452,,24.33,True,False,False,0
Veo,12208275-6605-5a41-90a6-bbe0dcdc8c5b,scooter,40.002681,-82.998468,,20.05,True,False,False,0
Veo,778dab32-fb61-5881-b28c-0a5632a84995,scooter,39.985333,-83.003139,,6.98,True,False,False,0
Veo,6537651b-59a4-5f55-853d-470b4ebe9ebf,scooter,40.002333,-83.016434,,16.84,True,False,False,0
Veo,494999ba-a940-5cff-b2fc-fa108b373597,scooter,40.016243,-83.010884,,28.14,True,False,False,0
Veo,6a7fb6b3-be6a-58c2-a029-5e0822cd03d4,scooter,40.027538,-83.028281,,20.05,True,False,False,0
Veo,ecb7571a-56a1-5244-80df-1eac0f3d540e,scooter,39.940834,-83.066181,,26.25,True,False,False,0
Veo,1a14529f-b371-5af6-9e5f-ed15b2f4dbda,scooter,39.998157,-83.002826,,28.14,True,False,False,0
Veo,59061f17-fbde-564b-aae1-600d5dd200ea,scooter,39.975791,-83.002246,,28.14,True,False,False,0
Veo,d4020e6e-cb05-5609-9b70-9f305cd0f7fe,scooter,39.97400504143289,-82.97935550527527,,22.7,True,False,False,0
Veo,08ff21a3-87b1-5eb4-9c01-27ea2ff51fba,scooter,39.970807,-83.051572,,26.78,True,False,False,0
Veo,5c9dc4a6-7248-5cc6-bc71-4baa01cf414c,scooter,40.000195,-83.008204,,27.02,True,False,False,0
Veo,d79e6315-d55f-578b-a6f7-6f4fb7543599,scooter,39.989121,-82.990408,,14.17,True,False,False,0
Veo,4a1f7816-e550-5731-93b5-861f238e7096,scooter,39.980819,-83.005615,,25.34,True,False,False,0
Veo,ed8d2038-88b2-5e67-87e6-ba2571c6ef1d,scooter,40.006187,-83.009853,,28.14,True,False,False,0
Veo,4e1e9aa5-7525-5ebf-bbc0-59d6536481fe,scooter,39.974628,-83.002982,,23.02,True,False,False,0
Veo,f1fc75fe-ca04-5272-99f0-8ddeaa6aee75,scooter,40.006714,-83.047926,,9.97,True,False,False,0
Veo,5fdb42bf-33c1-54c3-838e-e1d0a33921a6,scooter,40.004044,-83.016112,,10.31,True,False,False,0
Veo,bb187ddf-a7eb-5502-aaf4-fb0cf6b30b56,scooter,39.961152,-83.006192,,15.45,True,False,False,0
Veo,f344fdab-120a-5989-afbc-36304896dad3,scooter,39.983094,-83.00488,,13.1,True,False,False,0
Veo,67e61871-5011-58f7-a87f-5219c1ad79ec,scooter,39.960537,-82.984281,,19.05,True,False,False,0
Veo,1b67fc0e-4ce4-54bd-9f44-b0f2ac286810,scooter,40.051256,-83.030724,,10.79,True,False,False,0
Veo,ea267aa0-5a2b-55b1-ba2c-3c1d2318b13f,scooter,39.996008,-83.015903,,12.63,True,False,False,0
Veo,dca95b14-c846-54fd-8752-9b335440c132,scooter,39.968434,-83.012344,,12.07,True,False,False,0
Veo,bd272300-4e54-573c-b584-738535a195fd,scooter,39.959239,-83.008589,,13.64,True,False,False,0
Veo,d294bacc-0c9a-5490-bf3f-6d77c01ae3c8,scooter,39.970526,-83.008304,,28.14,True,False,False,0
Veo,2e7d4d2f-2cb3-589f-9174-e847a48ccc10,scooter,39.974111,-83.023026,,12.63,True,False,False,0
Veo,91d72ea4-c982-5beb-8036-baca05792c93,scooter,39.993316,-83.003123,,25.94,True,False,False,0
Veo,287d29ae-f083-5ac7-957e-2c0fc8677173,scooter,39.953622,-82.982726,,28.14,True,False,False,0
Veo,804ef9a7-ea09-5b76-a244-1431327282f8,scooter,40.000178,-83.00821,,16.84,True,False,False,0
Veo,3e50e2f7-61a5-5485-86c8-ab168fe3e53b,scooter,40.000344,-83.039519,,20.78,True,False,False,0
Veo,478c37c6-e9b6-5ae0-91a3-4dfacfd29280,bicycle,39.947811,-82.968984,,27.77,True,False,False,0
Veo,85a5a8ff-5d31-5d3b-86b8-1abed62b24a6,bicycle,39.957539,-82.946288,,18.67,True,False,False,0
Veo,0fba1d21-30ef-575e-96b1-b1584b64a43a,bicycle,40.01027,-83.000284,,26.78,True,False,False,0
Veo,53d29608-9476-570a-8cab-72407ed2ad28,bicycle,40.017382,-83.002757,,28.14,True,False,False,0
Veo,59a1e413-7380-5f3d-93f5-c2680392d6e1,bicycle,39.955055,-83.08349,,28.14,True,False,False,0
Veo,754b3751-5f3d-5e9b-8981-c05e84dbf665,bicycle,39.939598,-82.987718,,27.44,True,False,False,0
Veo,7792bf69-461b-5c48-a04f-7de189d2d02b,bicycle,40.014745,-82.992873,,27.44,True,False,False,0
Veo,cc824cf4-d248-5f9e-9c07-f17b8e1a10bf,bicycle,39.995879,-83.025742,,28.14,True,False,False,0
Veo,88b2368a-f816-56bc-9f6c-b63dab834a61,bicycle,39.950988,-82.954955,,24.33,True,False,False,0
Veo,6d1f0c79-3028-5829-9457-daa29a951658,bicycle,40.00729,-83.0153,,19.78,True,False,False,0
Veo,71730ea2-1d1d-5170-9ecb-832ac3751290,bicycle,39.958663,-83.012853,,14.17,True,False,False,0
Veo,cd5a7ebd-a4e9-54fd-b1ad-bdceaa4ff122,bicycle,39.97002,-83.004692,,11.34,True,False,False,0
Veo,3344e448-b840-5c7a-87f3-d3063a4c95da,bicycle,39.966995,-82.998995,,21.77,True,False,False,0
Veo,1e022e13-0f4d-57a6-9664-7e9c5efa913a,bicycle,39.957616,-82.952577,,16.39,True,False,False,0
Veo,7bb8cab6-53d1-55be-a854-d900d4a8653b,bicycle,40.00539,-83.007423,,28.14,True,False,False,0
Veo,4afe20c9-3dd2-5086-9f47-0e4e6857cd45,bicycle,39.943333,-83.002074,,28.14,True,False,False,0
Veo,d3446831-e2fe-549e-862b-fa99355c85e6,bicycle,39.957591,-83.08452,,21.77,True,False,False,0
Veo,a592c33e-13db-5ffe-910d-8c08161cab23,bicycle,39.969341,-83.004092,,4.92,True,False,False,0
Veo,e4d302fb-6903-5ac8-9116-cf5eb229a280,bicycle,39.993854,-82.999759,,28.14,True,False,False,0
Veo,710616c7-81d8-5e54-a7e6-e829f8b6ee91,bicycle,39.944354,-82.886643,,9.29,True,False,False,0
Veo,29d302eb-5fbf-5b99-9a58-054b66ac1fe3,bicycle,39.995201,-82.994476,,19.39,True,False,False,0
Veo,95949c82-c856-5bae-bb43-135f3304be60,bicycle,39.95454,-82.900947,,14.17,True,False,False,0
Veo,4d36764b-f9d4-59d5-a0e0-d58ceb98e004,bicycle,39.962941,-83.002772,,27.77,True,False,False,0
Veo,3650a82b-5297-5d44-aa57-54da87c92865,bicycle,40.000579,-83.015447,,4.92,True,False,False,0
Veo,7ded5bd1-3adb-559d-a533-e4718eb5c7e4,bicycle,40.011515,-83.003278,,28.14,True,False,False,0
Veo,003f1107-ded1-5522-b241-3d8fef463797,bicycle,39.947709,-82.992584,,28.14,True,False,False,0
Veo,9a61e51c-d6da-56ab-b9ff-83bbbb4ff872,bicycle,40.000135,-83.008205,,28.14,True,False,False,0
Veo,8b56a7f2-b214-5f11-a220-4e0af56107e2,bicycle,40.023034,-83.031347,,28.14,True,False,False,0
Veo,f5152ca3-4e4b-5a4f-ab2b-73f514ce6324,bicycle,39.963041,-82.981185,,25.74,True,False,False,0
Veo,1b4fc56d-e931-5968-b1bf-5567dc9b7bdd,bicycle,39.948893,-83.049817,,19.05,True,False,False,0
Veo,7079ec88-21cc-5bff-b207-7b0071f11009,bicycle,40.019799,-82.95543,,27.44,True,False,False,0
Veo,4e081d36-8a5b-5572-afd8-aae94d5b7291,bicycle,40.018404,-82.95599,,28.14,True,False,False,0
Veo,909784d5-cac5-51d5-b531-ea45a62bf7b0,bicycle,39.897417,-82.976665,,8.43,True,False,False,0
Veo,207812b5-1441-5d3a-b6cf-161d29bb3bbe,bicycle,40.000124,-83.008211,,11.59,True,False,False,0
Veo,8cb97ce1-b784-530e-90b6-793be99bf5df,bicycle,40.000132,-83.008243,,28.14,True,False,False,0
Veo,e10cab8d-a444-57bd-9999-0ed075d297eb,bicycle,39.998029,-83.00286,,25.74,True,False,False,0
Veo,ee8e373b-7eb4-53f2-814f-44ba480dfda8,bicycle,40.056483,-82.994333,,14.43,True,False,False,0
Veo,f97235b6-115c-56dc-8165-cfeddb213279,bicycle,40.015594,-83.00719,,11.11,True,False,False,0
Veo,d5ff06f4-c51c-5a6a-8f1a-9f5ddc747b76,bicycle,39.975391,-83.016286,,28.14,True,False,False,0
Veo,deb5bcdc-f595-5cf2-8ed8-d646dc326f41,bicycle,39.956068,-82.945294,,28.14,True,False,False,0
Veo,0c693f42-cfaa-5396-be84-4696f77e8b9d,bicycle,39.949505,-82.995604,,28.14,True,False,False,0
Veo,153fd6f1-7aed-5043-9b4d-caa2a1b8410e,bicycle,39.966671,-83.001486,,12.63,True,False,False,0
Veo,3cf774f0-92e3-5b6e-b7ac-45882180458e,bicycle,40.004363,-83.002622,,11.34,True,False,False,0
Veo,af9e1ca4-54fa-58f8-9aee-de858ca389d4,bicycle,39.995571,-83.01245,,0.33,True,False,False,0
Veo,1bf1f8b2-a99f-560b-b631-8284af2b6bd4,bicycle,39.928058,-82.983572,,12.87,True,False,False,0
Veo,af2d7221-a0ca-5723-9a37-7bec915a7836,bicycle,40.000157,-83.008313,,28.14,True,False,False,0
Veo,01052bc8-68e3-5c96-9bcf-2987e4696826,bicycle,39.976075,-82.97322,,28.14,False,False,True,0
Veo,af5892e9-b1d6-57dd-9526-8a198d065cc5,bicycle,39.940507,-82.890152,,25.34,True,False,False,0
Veo,0b2b51ad-e6a1-5481-9a9f-5fe9b89a3d98,bicycle,39.963269,-82.953315,,14.86,True,False,False,0
Veo,a2ce1a04-044f-5a52-a038-cf711f67bbf2,bicycle,40.001594,-83.010537,,23.02,True,False,False,0
Veo,290dd2af-14ae-5268-b24b-445b2d04396a,bicycle,39.99856,-82.993397,,26.51,True,False,False,0
Veo,85384cde-cd36-5d87-b6bb-ebc55648b201,bicycle,39.952379,-82.981971,,11.59,True,False,False,0
Veo,aa8cd7f7-887d-5d01-876d-7afe0e75940a,bicycle,39.953631,-82.882716,,25.74,True,False,False,0
Veo,96974b7b-647e-5b46-922e-0802da39b234,bicycle,40.001664,-83.008522,,26.51,True,False,False,0
Veo,6ee43b77-64a7-5431-bbc9-4a3b51c63180,bicycle,39.962732,-82.943256,,19.78,False,False,True,0
Veo,cb9a6463-695c-5998-9d89-d1ca1f2adea7,bicycle,40.001319,-83.010401,,15.89,True,False,False,0
Veo,776bacaa-dcf5-5552-820e-497e935c225b,bicycle,40.000845,-82.930177,,28.14,True,False,False,0
Veo,ae7a3e9b-0561-5b7f-a98c-fe4dd2f7d0e4,bicycle,40.01327,-82.999056,,21.15,True,False,False,0
Veo,b4e5ab86-12ee-5f5c-9b1a-0e1bda3ae541,bicycle,39.986931,-83.001822,,14.61,True,False,False,0
Veo,74f3b054-fb2b-573e-932b-2b0333cd70f7,bicycle,39.983318,-83.016971,,12.28,True,False,False,0
Veo,41ef575d-eb00-5f69-8a49-bc25e1b78fe9,bicycle,40.065599,-83.09619,,28.14,True,False,False,0
Veo,37dd7249-332a-5a9b-bbbb-d791886f42db,bicycle,40.011514,-83.010467,,27.44,True,False,False,0
Veo,523fd8e7-8ece-5bd8-a016-d974e8feb936,bicycle,39.965916,-83.001429,,28.14,True,False,False,0
Veo,d774eb1f-8c56-555f-b3b8-436760b1afc5,bicycle,40.005569,-83.010395,,14.86,True,False,False,0
Veo,49d303a8-5831-5e72-b2f5-90aa7fedc6f3,bicycle,39.933356,-82.97017,,28.14,True,False,False,0
Veo,b73471e8-1f5d-5b22-aabf-cbc93d85a91c,bicycle,40.000943,-83.001783,,24.33,True,False,False,0
Veo,88604381-37bb-5fd5-8eab-5ec2f6dc0acd,bicycle,39.926262,-82.994861,,28.14,True,False,False,0
Veo,34e8ee1f-3359-5e6b-934a-4787a777a4f3,bicycle,40.000171,-83.008226,,23.33,True,False,False,0
Veo,4347f4e6-a6ff-5aae-82b3-07d50ecde415,bicycle,39.9442,-82.996309,,21.15,True,False,False,0
Veo,3c6069d6-fca9-5e73-860d-a5430fb04b98,bicycle,39.928821,-83.074222,,1.15,True,False,False,0
Veo,b302c7ec-e807-5ee6-8e49-ef241eb52731,bicycle,39.965941,-83.00146,,27.44,True,False,False,0
Veo,c026cbdb-d972-50bd-81eb-298557d64328,scooter,40.002194,-82.997124,,14.61,False,False,True,0
Veo,93017896-9edf-5ae5-a171-912cfa8aa06e,bicycle,40.00256,-83.017423,,11.59,True,False,False,0
Veo,6dc8596e-7080-5939-a95f-1277b89ad83a,bicycle,40.023020596381116,-83.08552829639605,,21.49,True,False,False,0
Veo,c53df5a5-238d-584e-88d5-b76b67b135be,bicycle,39.994746,-82.924489,,28.14,True,False,False,0
Veo,0b46520d-46d9-5911-bb4f-ff1631f57215,bicycle,39.958606,-83.012818,,4.67,True,False,False,0
Veo,aa270e6a-e1f9-5b9b-a8ca-963e21e0a0ca,scooter,39.998855,-83.015398,,28.01,True,False,False,0
Veo,08a548e0-6030-5b93-8542-13459dedc770,bicycle,40.058765,-83.074518,,14.61,True,False,False,0
Veo,c0dd367a-ccba-5e19-98c1-67879dd961f7,bicycle,40.001324,-83.00645,,28.14,True,False,False,0
Veo,265502ea-5f70-5fa8-9699-fa560343dd4b,bicycle,39.95602728333324,-82.94522057287395,,0.0,True,False,False,0
Veo,b1c6b1df-e27a-5669-b760-05160b604009,bicycle,40.032111,-82.943424,,9.29,True,False,False,0
Veo,d2bd0a1a-a47a-56b4-9ce1-3b241c0e22a8,bicycle,39.98304,-83.004713,,17.37,True,False,False,0
Veo,7c8bec20-05ea-5d4e-b322-07937aff3cd8,bicycle,40.004191,-83.015709,,28.14,True,False,False,0
Veo,e79421da-63c0-5af4-b15c-40c69fe9bc1a,bicycle,40.027168,-83.025607,,24.33,True,False,False,0
Veo,6e38d847-d33d-5ce0-8d4c-f7c8bf7d4019,scooter,39.974252,-83.02302,,28.14,True,False,False,0
Veo,928ae9b4-d44d-5a97-b2d7-80c22fe6b05e,bicycle,39.976289,-83.010853,,11.34,True,False,False,0
Veo,6a9eea4b-3a10-5aa8-9ce2-6b694adb7a4e,bicycle,39.962748,-82.956829,,14.17,True,False,False,0
Veo,f35bc0e0-4009-508d-8fbe-a7cb77cc6592,bicycle,40.016834,-82.956579,,26.78,True,False,False,0
Veo,7a4a153d-314f-5a32-8c5c-c864d6481f15,bicycle,40.013876,-83.02886,,26.25,True,False,False,0
Veo,06e93c65-9df1-52b0-bee1-1bbf50f77707,scooter,39.953297,-82.971643,,27.02,True,False,False,0
Veo,47fb8ad9-a2b2-5ba3-aa8b-21cc2eb7d522,bicycle,40.020619,-82.965451,,14.86,True,False,False,0
Veo,411bb3b9-09df-565d-8eb1-c12d8186db98,bicycle,39.949452,-83.041762,,28.14,True,False,False,0
Veo,82b78bae-c8fb-56b8-a50e-1daeec9af09d,bicycle,39.984662,-83.046145,,11.83,True,False,False,0
Veo,54bba325-5a83-5ee4-900a-24cd6e66fd3e,scooter,39.988557,-83.000785,,25.74,True,False,False,0
Veo,1a13bbd1-881f-5ab1-868c-6533cd6d3e50,scooter,39.992302,-83.027002,,28.14,True,False,False,0
Veo,f238f5db-1903-5899-8096-3a0a708eb403,bicycle,40.022321,-83.013295,,28.14,True,False,False,0
Veo,7d80df13-92ed-5560-a8b8-e37c91c66451,bicycle,40.000476,-83.017348,,24.33,True,False,False,0
Veo,e51e5112-1ba2-5005-a41b-5efb1e8b8ef6,bicycle,39.996744,-83.000635,,12.87,True,False,False,0
Veo,ca3bd1dd-c816-5b37-9a4d-68231dcc9301,bicycle,39.956646,-82.987656,,25.12,True,False,False,0
Veo,ec4fff34-4ca6-5626-9bca-ea6a1671ac17,bicycle,40.004304,-83.002255,,24.33,True,False,False,0
Veo,80a0ee89-f1a2-53aa-bbd3-76a06da7b219,bicycle,40.006924,-82.984057,,22.05,True,False,False,0
Veo,131a337d-617b-5dd3-a6dd-dcb3f8cb61f1,bicycle,40.000149,-83.008231,,14.61,True,False,False,0
Veo,5a4dd8bd-8a54-50ae-a761-90ecac2d0ce3,bicycle,39.996399,-83.017997,,19.78,True,False,False,0
Veo,5ee48088-b881-524b-b4d8-b0fa1c08bdae,bicycle,39.999872,-83.005872,,27.77,True,False,False,0
Veo,c0b84aa8-10bb-53d6-9c4a-278ebcf19e68,bicycle,40.006958,-83.041,,28.14,True,False,False,0
Veo,b3fc5b46-5ba8-50dd-9771-27d0f6a7fe77,bicycle,39.983078,-83.004652,,16.39,True,False,False,0
Veo,55a229dd-6f1d-5894-9185-63d892bdeec9,scooter,39.901454,-83.046547,,7.29,True,False,False,0
Veo,d44309b6-8dbe-5caa-9eee-0cdae2bf4857,scooter,39.997541,-82.999683,,8.78,True,False,False,0
Veo,d613fdd7-1c3d-5c95-a3d9-e44e5f3d87c5,scooter,39.997434,-83.007947,,15.18,True,False,False,0
Veo,725e664a-0070-5e36-a65f-72a87717fdcb,scooter,40.004606,-83.01456,,24.33,True,False,False,0
Veo,5d853ed1-2e16-5c20-be32-1f9242dff248,scooter,39.999377,-82.958202,,22.05,True,False,False,0
Veo,ad14a9b3-b8a6-5262-a78f-eeca46015ac7,scooter,39.980137,-83.004905,,26.78,True,False,False,0
Veo,3a5e7568-0d74-5e3f-90bc-c90ed9f110b5,scooter,39.995332,-83.030902,,25.12,True,False,False,0
Veo,9df0023d-9629-53b9-9ead-e55fee6dfe8f,scooter,40.080649,-82.975345,,15.89,True,False,False,0
Veo,51a2422d-2f14-5ab3-bfa5-6f2451ade394,scooter,39.945891,-83.009065,,20.37,True,False,False,0
Veo,db07f238-d94d-5d2f-bcef-32c1ff5dd013,scooter,40.003133,-83.007707,,27.77,True,False,False,0
Veo,bbfc28c3-4932-565b-b8cc-b9a7142484d8,scooter,39.987125,-82.998699,,12.28,True,False,False,0
Veo,647ef08f-8ebc-547e-88fc-3b817bcff0e5,scooter,39.999152,-83.004418,,16.39,True,False,False,0
Veo,50706ce5-e2aa-5c4c-a7bd-530f894e13af,scooter,39.996143,-83.01894,,8.09,True,False,False,0
Veo,0bdfd3fb-9510-5717-9a0f-6e7efaa1b290,scooter,39.963148,-83.004163,,28.14,True,False,False,0
Veo,955bccf8-08d8-57b0-b778-5965bd713272,scooter,39.96583,-83.00141,,28.14,True,False,False,0
Veo,bb03a045-e3b3-50db-b666-0aaa2efc7fbc,scooter,40.002866,-83.013091,,26.78,True,False,False,0
Veo,78ab2e1c-7055-5a47-86f0-bfd57656ad6b,scooter,40.00823,-83.007365,,15.18,True,False,False,0
Veo,ace13f9d-92e9-5be5-990b-57d3b393a26f,scooter,40.00017,-83.008208,,25.94,True,False,False,0
Veo,5f3e0ce2-073a-591e-b2ff-c01bd7bfc703,scooter,39.969986,-83.003504,,28.14,True,False,False,0
Veo,85a94d65-636e-5abe-86b5-9ad87364901f,scooter,39.974613,-83.003001,,25.94,True,False,False,0
Veo,43f04636-3195-5c55-bd6d-33a13427109b,scooter,40.014283,-83.002843,,22.39,True,False,False,0
Veo,119186cb-2b9c-50c7-90c2-f6c029e9d1ec,scooter,39.950133,-82.996436,,12.07,True,False,False,0
Veo,14606251-041f-56c6-94e9-3e4f88d676f8,scooter,40.017938,-83.025767,,5.27,True,False,False,0
Veo,aa3b5d35-a8a1-5a26-b8c3-4137a8ce0de0,scooter,40.100627,-83.115567,,28.14,True,False,False,0
Veo,fe4f9e09-cb44-52e2-b86d-ed3bd6fa0536,scooter,40.005349,-83.026868,,22.39,True,False,False,0
Veo,60eda160-dc71-57ed-a440-c3bdc52d45fe,scooter,40.104976,-83.109113,,26.78,True,False,False,0
Veo,0c157051-78b7-58c5-8c3c-0565b73b7957,scooter,40.005683,-83.008934,,27.44,True,False,False,0
Veo,fddd5f0d-dba5-5592-b7e9-c0e48a8f8a1b,scooter,39.948958,-82.958169,,24.06,True,False,False,0
Veo,57152f08-513d-5c17-8cab-2ab429c437e8,scooter,40.016057,-82.991028,,14.86,True,False,False,0
Veo,be8655de-f643-5340-8f4a-984fb57deb23,scooter,39.954161,-83.013732,,15.89,True,False,False,0
Veo,e2326e8e-adae-5af1-ba9b-4e44ab6db645,scooter,39.976845,-82.975295,,28.14,True,False,False,0
Veo,a680f51a-4bc1-57b5-bf48-997d65a768f0,scooter,39.959869,-83.012975,,28.14,True,False,False,0
Veo,f609c2f7-dca3-5ed2-8051-254dc1670cf3,scooter,40.007147,-83.010052,,25.65,True,False,False,0
Veo,f3f07a78-1441-5341-84ee-f3053836473b,scooter,40.00719,-83.014259,,10.79,True,False,False,0
Veo,ef4af190-4795-565d-b196-60e51dd8ea51,scooter,40.004185,-82.997583,,15.18,True,False,False,0
Veo,0bb366c0-312b-531d-950d-d4280de2acd6,scooter,39.935938,-82.988824,,15.89,True,False,False,0
Veo,e0ebac82-c393-5011-a543-240d1e98a6b0,scooter,40.002423,-83.040363,,28.14,True,False,False,0
Veo,fc269770-dc01-5dce-943a-50b5daa3394b,scooter,40.032542,-82.987924,,25.34,True,False,False,0
Veo,e687998a-4753-5d5f-8a15-7637fe0968ca,scooter,39.993567,-82.981166,,22.7,True,False,False,0
Veo,ef2bb0cb-dadd-5d92-95e4-e4208d755380,scooter,40.000006,-83.043036,,13.1,True,False,False,0
Veo,e5bc6d99-2eeb-5066-8550-729f6e529a92,scooter,40.011363,-83.028545,,21.77,True,False,False,0
Veo,6157eb0c-3128-5c85-9a2e-49a6b1ae1055,scooter,39.957924,-82.985232,,27.02,True,False,False,0
Veo,f39703e3-f1cb-5741-ac9e-a479e66136f9,scooter,39.949451,-83.041751,,28.14,True,False,False,0
Veo,39bff0c2-c6d9-5ad0-b6d5-8fdcfc5a6a7f,scooter,39.99886,-83.000564,,28.14,True,False,False,0
Veo,72d250e8-c52d-5143-8220-cc5cfccf875a,scooter,40.001287,-83.01052,,24.06,True,False,False,0
Veo,eb9061d4-63a4-5491-ab7b-57c7855818ed,scooter,40.004148,-83.034556,,13.1,True,False,False,0
Veo,27f65644-4bb9-5a73-8e4e-5d7cba3276e3,scooter,40.003984,-83.012909,,8.78,True,False,False,0
Veo,b0351aac-e07c-5d5c-a22a-b52139151ce1,scooter,40.007143,-83.003339,,25.94,True,False,False,0
Veo,da55e739-e0a3-5e93-886e-e3667565869d,scooter,40.00824,-82.998277,,25.94,True,False,False,0
Veo,3b547b2d-d561-58b0-856b-e790f446db07,scooter,40.011771,-83.021899,,28.14,True,False,False,0
Veo,458654bc-92e8-5c30-b3a7-ec5373e47d3f,scooter,39.93847,-83.115391,,28.14,True,False,False,0
Veo,9609913e-a809-5877-8723-bb1b1e7759a5,scooter,39.94439,-82.994458,,14.61,True,False,False,0
Veo,284fd8b3-1a8e-5e53-a315-769b543766fc,scooter,39.958056,-83.012407,,28.14,True,False,False,0
Veo,743f9538-a8e7-5722-a2b6-24292fa74893,scooter,39.999418,-83.005935,,17.89,True,False,False,0
Veo,dd4099c4-6162-5f58-91de-3aa4d7ee1401,scooter,39.978152,-82.99464,,13.64,True,False,False,0
Veo,984e35f3-e0ee-529a-a00d-d4b55bd33a60,scooter,40.014722,-83.000845,,28.14,True,False,False,0
Veo,1376a817-4834-593e-a2cf-c9452da95cf2,scooter,39.957413,-83.011453,,25.65,True,False,False,0
Veo,73a50d77-2cd3-5b74-ae09-eddbfc592bc2,scooter,39.962264,-83.004316,,28.14,True,False,False,0
Veo,e7471fb2-301f-512c-8291-4dede3e2acb7,scooter,39.902996,-83.056883,,26.25,True,False,False,0
Veo,ff71dd2b-1595-58ee-afd7-a437dcd78b2d,bicycle,39.992488,-83.025518,,26.25,True,False,False,0
Veo,9dc86576-607a-51b0-8da1-cc783b094bb1,bicycle,40.10065,-83.115558,,28.14,True,False,False,0
Veo,3427d30e-81fb-53f9-adab-91c0da428b7a,bicycle,39.887503,-82.983066,,11.11,True,False,False,0
Veo,78849157-7bd7-5a02-91a4-b733f085c77f,bicycle,40.086636,-82.970761,,14.61,True,False,False,0
Veo,04712b7a-c867-58ba-bba5-7c417f6ffce4,bicycle,39.925588,-83.015728,,11.83,True,False,False,0
Veo,38783b5e-4152-5671-a517-b6f9d8aa9112,bicycle,39.951419,-83.029212,,10.31,True,False,False,0
Veo,d7c937c8-6a92-5a58-9707-24c63563acb0,bicycle,39.994701,-83.003952,,24.33,True,False,False,0
Veo,16513dce-c76d-58e0-a94f-de618f4fc7a4,bicycle,40.020917,-82.992767,,28.14,True,False,False,0
Veo,bb0f2070-66c3-530b-97be-3251433d65a3,bicycle,39.994543,-82.936444,,28.01,True,False,False,0
Veo,d7d3c781-f3c6-5a87-9260-f111cab7168f,bicycle,39.945912,-83.009119,,20.78,True,False,False,0
Veo,28b0a0c1-5226-5c00-b523-ff1de0fff280,bicycle,40.001903,-83.013633,,9.97,True,False,False,0
Veo,32f4e354-8699-5514-a5bc-d1c9e24f8ebe,bicycle,39.974044,-82.967847,,28.14,True,False,False,0
Veo,9caa8be3-b500-5e42-b378-d42faf600ec7,bicycle,40.024284,-82.953588,,13.86,True,False,False,0
Veo,91820d06-5c1b-57c2-868e-993cd77d9b11,bicycle,39.880901,-82.977365,,27.02,True,False,False,0
Veo,3d5deffd-c015-54c6-bd37-2ea4f843af5d,bicycle,39.94668,-83.000251,,27.77,True,False,False,0
Veo,84472f52-ff79-524a-b138-eafaac981c62,bicycle,39.995076,-82.980575,,22.7,True,False,False,0
Veo,b42db6b3-037a-5f72-a33b-037142e3bdba,bicycle,39.957464,-83.011371,,19.39,True,False,False,0
Veo,d41f1a42-0148-5354-9ff5-1e75ac36bac4,bicycle,40.010274,-82.969399,,21.77,True,False,False,0
Veo,e1d70f45-3d52-57e2-9600-5a892613888e,bicycle,39.91386,-82.954954,,28.01,True,False,False,0
Veo,3a3ad392-fc99-54ed-8b82-4af00625e2d7,bicycle,39.987345,-83.031711,,14.17,True,False,False,0
Veo,c1496af0-0ddd-5b84-afd2-724670598812,bicycle,39.959685,-83.009244,,25.74,True,False,False,0
Veo,a95f3387-e816-5320-98b8-aa6d140aad77,bicycle,39.977368,-83.00571,,19.05,True,False,False,0
Veo,9996c11d-9fce-5973-8f90-a6521778ec7f,bicycle,40.000591,-82.998843,,25.12,True,False,False,0
Veo,0f768cf5-a031-566b-be3f-e20e13cba931,bicycle,40.004681,-83.014461,,23.02,True,False,False,0
Veo,f423d58d-4dbb-50e6-8686-2475874ab5be,bicycle,39.998659,-83.00793,,17.37,True,False,False,0
Veo,0cf88239-e524-52db-87de-ea5f107d4882,bicycle,40.022289,-83.013309,,28.14,True,False,False,0
Veo,11a7897c-f155-50d3-b77e-ba794a34ded4,bicycle,40.054029,-83.019876,,28.14,True,False,False,0
Veo,119051c9-0fdf-5179-a62d-adfdd74bd18d,bicycle,39.949741,-83.056866,,25.34,True,False,False,0
Veo,1547baca-641b-5e63-b0b5-06efc1aa77e5,bicycle,39.958576,-83.012902,,16.39,True,False,False,0
Veo,057c5342-e1c4-5539-b623-ea9a24643ab2,bicycle,40.022796,-83.028705,,25.12,True,False,False,0
Veo,c51a220f-b455-5b96-b16a-88423c802f7e,scooter,39.96309,-82.999851,,21.15,True,False,False,0
Veo,ceeb3405-8a63-5bc7-874b-8f2899e0b3d0,bicycle,40.090613,-82.987877,,25.65,True,False,False,0
Veo,f4a11b67-64f9-5925-8ea9-4d90280514de,bicycle,39.997285,-82.977061,,21.77,True,False,False,0
Veo,477f9a76-afed-5c26-9099-24d042ef09dc,bicycle,39.952161,-82.971959,,25.74,True,False,False,0
Veo,93b63ba4-fc94-5f01-ad18-78b56a0770e8,bicycle,39.987501,-83.01346,,10.51,True,False,False,0
Veo,52da4ae7-6edf-5a24-b5db-84c75c1680b4,bicycle,39.974268,-83.013296,,15.89,True,False,False,0
Veo,234fcbf8-766a-5b33-8238-e2fdab668ab5,bicycle,39.945808,-83.040341,,23.02,True,False,False,0
Veo,b6928777-b5ba-5207-adca-295df8508e1d,bicycle,40.0188,-83.027951,,22.7,True,False,False,0
Veo,472642ec-f078-538f-a24d-5b0acb4b33e0,bicycle,40.00254,-83.012893,,7.62,True,False,False,0
Veo,a5675ccf-16a1-5ed6-842c-09731d815892,bicycle,39.9916,-83.027341,,25.34,True,False,False,0
Veo,c9161547-86f6-5f3a-a11b-6afdb93fda55,bicycle,40.019251,-82.994725,,24.06,True,False,False,0
Veo,23e3cea6-ad09-5bf7-bb26-fc64c0d759a5,bicycle,39.997122,-83.003132,,21.15,True,False,False,0
Veo,8dfe8f0c-b4b9-5366-91da-d7aa6f83189f,bicycle,40.000376,-83.001264,,28.14,True,False,False,0
Veo,baacf91f-3f03-54af-a9be-59351a4d0932,scooter,40.003052,-83.005435,,27.77,True,False,False,0
Veo,e69dbe7a-00a7-5122-bef7-2c308a773689,bicycle,40.032641,-82.991452,,28.14,True,False,False,0
Veo,71f853cd-27b4-5a1f-9faa-393883a8c285,bicycle,40.059245,-82.970976,,28.14,True,False,False,0
Veo,7c678c7a-0629-5f61-a7c0-977c55798d6f,bicycle,40.011968,-83.035703,,18.67,True,False,False,0
Veo,7f7a09aa-ab78-572a-aec3-12ae8c766a8b,bicycle,39.91161,-82.994854,,11.83,True,False,False,0
Veo,32c56085-ce1a-5e4e-9d22-5d49dfb29992,bicycle,39.958442,-83.030443,,28.14,True,False,False,0
Veo,970011bb-ba15-55be-9b8f-a3f8e7388eeb,bicycle,40.016979,-83.031001,,28.14,True,False,False,0
Veo,d1ad0862-2b98-5592-a9cc-48bb76adebac,bicycle,39.994152,-83.00581,,28.14,True,False,False,0
Veo,251dfee3-a9d8-59e8-8659-43187ffe0cfc,bicycle,40.012586,-83.035227,,17.89,True,False,False,0
Veo,1cfc9e70-536b-5bb8-a764-9a31312461d1,bicycle,39.986998,-83.010916,,28.14,True,False,False,0
Veo,af878e48-cd33-5aec-8102-811f97b8754e,bicycle,39.989077,-82.97554,,27.18,True,False,False,0
Veo,18b1eb2d-4a75-56be-8c71-bf35fcde5c1f,bicycle,39.962001,-83.013018,,27.44,True,False,False,0
Veo,eaa0592c-c359-59dd-89de-e6e2cffbe2d7,bicycle,40.002117,-83.016486,,18.19,True,False,False,0
Veo,7447c311-b8b6-57ed-8f21-bc2dab53221d,bicycle,40.010231,-82.975946,,26.51,True,False,False,0
Veo,8b129a5b-bdfd-572d-91fa-da26bb853aed,bicycle,39.990802,-83.026735,,12.07,True,False,False,0
Veo,f5aec2ae-0b19-583a-aa10-93eb6c697d30,bicycle,39.977027,-82.976044,,16.84,True,False,False,0
Veo,01d89903-b104-5012-8c9c-9bf5b1c419bf,bicycle,39.989976,-83.004734,,1.56,True,False,False,0
Veo,ee26901c-46f6-5370-bab8-c6ff314bb66f,bicycle,40.027207,-83.025124,,17.37,True,False,False,0
Veo,287bd609-d91b-51a4-8764-2694c57adf12,bicycle,39.998679,-83.014773,,15.45,True,False,False,0
Veo,c8175e6c-f93c-5f70-908d-f2caf1e225f5,bicycle,40.058731,-83.004648,,28.01,True,False,False,0
Veo,dd1eb8c9-fccb-5799-bc9e-e2087ac8ea31,bicycle,39.948538,-82.942911,,14.86,True,False,False,0
Veo,11c8061f-96d7-524d-b00f-bd3b0abb4e03,bicycle,39.948773,-83.091255,,28.14,True,False,False,0
Veo,2d20e613-ee90-53a4-a4da-1472cc107dd8,bicycle,39.957465,-83.011371,,28.14,True,False,False,0
Veo,5e61fee6-f158-53d2-8ddb-ff17f96cb68a,bicycle,40.002128,-83.012902,,9.65,True,False,False,0
Veo,58396761-1c46-5eb7-b815-d9ab44524394,bicycle,39.949749,-83.026731,,17.89,True,False,False,0
Veo,6e433ed3-3caf-5591-bd1d-1b0d9a38c3b2,bicycle,40.037398,-82.999773,,12.87,True,False,False,0
Veo,d31f917f-2c53-5144-b60f-e5f487896cb6,bicycle,39.92731,-82.966354,,28.14,True,False,False,0
Veo,c762c19e-22d9-53a9-97a6-dafe3560346a,bicycle,39.949443,-83.041785,,28.14,True,False,False,0
Veo,524b183a-41fe-5091-bc1f-2514e4e807fd,bicycle,40.002174,-83.015442,,26.78,True,False,False,0
Veo,853640b7-94aa-58c6-85ae-20ac1496ace9,bicycle,39.963003,-83.004319,,27.77,True,False,False,0
Veo,37736a78-6510-5b72-ad03-706a76d8e49e,bicycle,40.052236,-82.953696,,9.97,True,False,False,0
Veo,3b6d5b3d-18d0-5bd9-ae7b-1c22bc20ea53,bicycle,40.017329,-82.981384,,25.65,True,False,False,0
Veo,fdab19dc-70de-56e8-839d-811c7806299f,bicycle,39.96052,-82.984522,,25.12,True,False,False,0
Veo,82c0d48d-5607-573c-80f9-ad43d915ec40,bicycle,39.939178,-82.874388,,28.14,True,False,False,0
Veo,18d873aa-9a4e-54f3-920b-083690e9141e,bicycle,39.958505,-82.992987,,26.78,True,False,False,0
Veo,bd5f5881-8f84-51e2-932f-bf8fb522894e,bicycle,40.061276,-82.992654,,25.65,True,False,False,0
Veo,bf675ca5-e1d5-54f7-875c-706c5e45df1a,bicycle,39.998595,-83.002039,,13.39,True,False,False,0
Veo,74c89cfc-c568-5bb8-b7c0-4882b30fb58f,bicycle,39.99257,-83.000972,,27.77,True,False,False,0
Veo,3f22fa34-e9a9-5440-8a78-94cbb3b7ef06,bicycle,40.015745,-82.960807,,23.02,True,False,False,0
Veo,604fb8aa-fae2-5759-8cca-738897e704a8,bicycle,40.017276,-82.968383,,28.14,True,False,False,0
Veo,70a02db2-8cc6-576b-b8ab-32f84bcc61cc,bicycle,40.025823,-82.981564,,27.02,True,False,False,0
Veo,dca14103-36de-51df-8aa7-afd3b5cd2694,bicycle,39.960811,-83.012722,,14.61,True,False,False,0
Veo,22cef0a2-5a8c-5de0-b5b5-44d8be253e12,bicycle,40.022308,-83.013334,,13.86,True,False,False,0
Veo,7f7fa820-ae80-511d-95a7-bd22ee5e8621,bicycle,39.932726,-82.879704,,1.56,True,False,False,0
Veo,a0998613-cc0d-52c7-9d5f-decc01e895c8,bicycle,39.99701,-83.019758,,28.14,True,False,False,0
Veo,52a85497-a1ca-5bc5-be77-635ece27fe92,bicycle,39.964368,-83.004715,,28.14,True,False,False,0
Veo,425264b4-92cf-597a-9406-8477f666adf1,bicycle,40.011757,-82.96283,,25.94,True,False,False,0
Veo,c55282a4-e7cf-576d-ba67-735cd56902e7,bicycle,39.95616,-82.945253,,24.33,True,False,False,0
Veo,ebb619e0-0c21-50ae-b4d6-6d9d76acf2a7,bicycle,39.936913,-82.950581,,7.62,True,False,False,0
Veo,bcfe6506-61e1-5e50-ab9d-a2500758ec1a,bicycle,40.012006,-82.966797,,28.14,True,False,False,0
Veo,22775882-a0c7-52f7-a247-63de87b8f7e0,bicycle,39.899836,-82.99784,,28.14,True,False,False,0
Veo,b700f577-7560-5048-ba92-180dedf32d2e,bicycle,39.909781,-83.042468,,28.14,True,False,False,0
Veo,100735f7-eac7-57d6-8bcc-41299611d80c,bicycle,39.911593,-82.994743,,23.02,True,False,False,0
Veo,63d34e6b-6a19-5bfb-8dfc-71084f7fbfe1,bicycle,40.016256,-83.018073,,28.14,True,False,False,0
Veo,8d82db1d-6f46-5be2-9011-f981ce6b7b53,bicycle,40.004567,-83.010394,,22.7,True,False,False,0
Veo,66cc48ad-f44a-5714-9001-4db9b3310a74,bicycle,39.998081,-83.006751,,28.14,True,False,False,0
Veo,b34f0cac-0a39-5d7c-8e14-fc54a5da1479,bicycle,39.929038,-83.057044,,28.14,True,False,False,0
Veo,828bf723-5d65-5c5c-8354-cbb9f120b6df,bicycle,39.961289,-83.065164,,22.39,True,False,False,0
Veo,ee9b07d8-57b8-5acb-acc1-e1e4d021feee,bicycle,40.035332,-82.977036,,25.34,True,False,False,0
Veo,e9f095b6-49ca-5f99-a2fb-022a5ec5d3e1,bicycle,39.95413,-83.013747,,14.17,True,False,False,0
Veo,e9258aaa-9584-5382-be16-dc61df85d2bc,bicycle,40.058706,-82.93197,,20.05,True,False,False,0
Veo,b82dfeb0-534b-501c-9f1a-7ddee9fc1603,bicycle,39.991625,-83.027371,,6.67,True,False,False,0
Veo,6a1dd3d8-3ad2-5d89-816f-7f3215b7adf2,bicycle,39.946211,-82.991642,,8.43,True,False,False,0
Veo,96f3d3e0-d509-5ce4-b72b-0adc66de6c5c,bicycle,40.064504,-82.966874,,25.12,True,False,False,0
Veo,82b429ae-7ec1-5d0e-84ba-796f9a6e21a7,bicycle,40.011346,-82.97557,,2.12,True,False,False,0
Veo,21fa07e1-87af-5cf6-9125-7530f4b89607,bicycle,39.926226,-82.995135,,10.31,True,False,False,0
Veo,112a244d-0530-571a-9d1a-ab444217cd0c,bicycle,39.978474,-83.017282,,28.14,True,False,False,0
Veo,c7d241ac-7cc5-5f73-b5cd-cd2fbef1d968,bicycle,39.995699,-83.007052,,26.25,True,False,False,0
Veo,33dea558-ed2d-5cb3-b653-323661c219db,bicycle,40.003194,-83.033969,,14.86,True,False,False,0
Veo,b6788374-fce5-5ab0-99b5-c97f476fb053,bicycle,39.937178,-83.11859,,28.14,True,False,False,0
Veo,ae73f3ab-0100-5910-a8e4-6fb783a700b4,bicycle,40.01291,-83.006713,,14.43,True,False,False,0
Veo,a0c4a9a2-6610-58d7-ba42-d696cc143505,bicycle,39.923913,-82.964447,,27.44,True,False,False,0
Veo,b23c4552-f903-5220-b0c0-a2cc6b5f8af3,bicycle,40.002176,-83.012058,,27.44,True,False,False,0
Veo,c87b242a-097d-5988-bdef-e839c247a2ac,bicycle,39.991606,-83.027366,,20.37,True,False,False,0
Veo,8124b2d9-41b0-59a4-ac28-4d5e889aff7c,bicycle,39.959142,-83.008601,,11.59,True,False,False,0
Veo,562299b5-99d3-54fe-a21a-436f1d510ae8,bicycle,39.960854,-83.01268,,28.14,True,False,False,0
Veo,52d39244-ccd5-5eb7-8219-449059538539,bicycle,40.101753,-82.96251,,28.14,True,False,False,0
Veo,1b53228a-b870-5cde-bf0c-a7a1ee56207a,bicycle,39.980817,-83.002924,,14.43,True,False,False,0
Veo,e2cbe808-b50c-57d1-bb4a-8efb9fc081d0,bicycle,39.993685,-83.016129,,28.14,True,False,False,0
Veo,f2a92fd7-65d8-5248-afdd-878337f6c5e0,bicycle,39.996123,-83.039503,,24.84,True,False,False,0
Veo,3365ded9-d1cd-5f3d-838c-9d01efb24e9a,bicycle,40.047974,-82.955792,,28.14,True,False,False,0
Veo,323a12e6-7f15-5df5-9695-c0410a0fd87e,bicycle,40.012288,-82.993516,,18.67,True,False,False,0
Veo,5c4c6d52-35fb-5bd4-956d-27cd2f6e7a5a,scooter,40.08121166666667,-82.92323666666668,,18.19,True,False,False,0
Veo,6b84b862-67c1-5b48-b87e-144c229d45de,scooter,40.000187,-83.008173,,24.84,True,False,False,0
Veo,3369373c-f6cb-5cd2-87b2-b3abf3763d4b,scooter,40.00353,-83.01787,,0.0,True,False,False,0
Veo,d2fac8c7-ce41-5a54-a032-0b37b5548c75,scooter,39.931599,-83.053419,,26.25,True,False,False,0
Veo,3e30efcf-7dd7-5299-aba2-c7ff9d18bc30,scooter,39.944307,-82.972884,,22.7,True,False,False,0
Veo,0c4538fc-2c27-5b85-a1ab-f001c2279170,scooter,40.000091,-83.002916,,25.12,True,False,False,0
Veo,b220d465-e47d-5bee-b525-29aa8d6ae049,scooter,40.001285,-83.008293,,6.67,True,False,False,0
Veo,d4ccd228-3e84-5ece-923d-184da614a693,bicycle,40.040855,-82.944076,,28.14,True,False,False,0
Veo,a475ee61-42d2-5859-80dc-153077db99d6,bicycle,39.936016,-82.976042,,25.94,True,False,False,0
Veo,5c52319c-2294-5715-8879-cc5bfee8fe17,scooter,39.973161,-82.997958,,16.84,True,False,False,0
Veo,b91be9c8-46fc-55be-9763-8802dd725cb0,scooter,39.958607,-83.012777,,18.67,True,False,False,0
Veo,fba2805a-6dc2-5245-a23f-f8d4f0bf50fd,scooter,40.037168,-83.000187,,25.65,True,False,False,0
Veo,906e2b48-43cf-5902-883c-d507af6074cb,scooter,40.005652,-83.009181,,26.51,True,False,False,0
Veo,01f6980e-5e1d-5ef5-beab-18f7ad3340a6,scooter,39.993886,-83.009591,,23.02,True,False,False,0
Veo,64816dfb-8639-5f8e-8baf-24b9f588ed34,scooter,40.03268,-82.991498,,12.63,True,False,False,0
Veo,43d4d120-fbf5-5ce3-8dd2-34dc0faab06b,scooter,40.004916,-83.005256,,11.11,True,False,False,0
Veo,e80939d5-102f-547d-9ce8-68a7e414875c,scooter,39.996125,-82.99656,,28.14,True,False,False,0
Veo,3524c74a-365f-5bf9-aaca-3a9558e2a5dc,scooter,39.983754254284975,-82.99906550496206,,25.65,False,False,True,0
Veo,1d4d4c2b-82f0-5731-a3ae-cfc196d07b13,scooter,39.997029,-82.974704,,24.84,True,False,False,0
Veo,dcb8ebaf-3f61-57c2-b1cf-a34a3be670f6,scooter,39.960828,-83.012745,,28.14,True,False,False,0
Veo,77950bfc-759c-5f89-bb67-a9c115122183,scooter,40.100697,-82.95921,,8.09,True,False,False,0
Veo,157a0773-dcef-525c-b39e-69728439c488,scooter,40.002231,-82.998706,,28.14,True,False,False,0
Veo,6c1b9442-50e6-58f5-b38f-0a835b3d86a6,scooter,39.992472,-83.025441,,19.39,True,False,False,0
Veo,d0def3cb-0bc8-5067-bb8e-6000e02fcc4b,scooter,39.970068,-83.00176,,5.83,True,False,False,0
Veo,8ca27656-7d9a-5348-9ab0-8ddfc9701b56,scooter,40.006128,-83.008579,,28.14,True,False,False,0
Veo,c85ca611-f2b2-5fc0-8708-5564fe3a51cf,scooter,40.001863,-83.001481,,7.62,True,False,False,0
Veo,43e4c420-9a0b-5894-b75a-f8287468b9e6,scooter,39.963335,-82.998094,,25.74,False,False,True,0
Veo,e58b1b75-ecfb-59a8-8420-1df7b7a639a3,scooter,40.011393,-82.994288,,28.14,True,False,False,0
Veo,d28152c4-d28b-53ae-a2be-ca4ca97b458e,scooter,39.935886,-82.988851,,28.14,True,False,False,0
Veo,e74ae9fb-0731-5cdf-bf6e-85111d5f1dcd,scooter,39.999765,-83.002733,,27.77,True,False,False,0
Veo,2334e77b-5a92-5aaf-a5bd-73ea7048880a,scooter,39.95208,-82.981914,,28.14,True,False,False,0
Veo,2e744a8f-66ae-5100-8c32-70d998773f11,scooter,39.996312,-83.019085,,13.1,True,False,False,0
Veo,53ddf4a7-5d66-5a85-bec8-5b81cd804eb3,scooter,40.016248,-83.01082,,28.14,True,False,False,0
Veo,919a4b9f-7e57-59a5-941d-4860edfbb7ba,scooter,39.99817,-83.01588,,26.51,True,False,False,0
Veo,7e232495-a226-53e8-8a55-90cd8117b791,scooter,39.923944,-82.959314,,17.37,True,False,False,0
Veo,7a4d8153-286b-56af-a8cf-0a4424c75cdf,scooter,39.993727,-82.999817,,24.84,True,False,False,0
Veo,986f2133-7cce-54e3-b2fb-045434c2ea03,scooter,40.001525,-82.998533,,27.44,True,False,False,0
Veo,3a79c896-0dae-50af-9337-bfcc89344bc1,scooter,39.997037,-83.019,,14.17,True,False,False,0
Veo,2faf9a87-759d-53cb-8d0e-36dd8a208ae3,scooter,40.031209,-82.997745,,25.34,True,False,False,0
Veo,b463fd9d-e500-5503-9067-06682a8d6932,scooter,39.942001,-82.995039,,28.14,True,False,False,0
Veo,62a65e21-a69e-54d4-81e6-26b5ac14dc02,scooter,40.000449,-83.001264,,28.14,True,False,False,0
Veo,00b07578-8217-5746-9e96-5f25160c23e8,scooter,40.000053355811545,-83.0081727421157,,21.77,False,False,True,0
Veo,c46c9308-0f7f-565b-8783-ba7b29cce956,scooter,40.001481,-82.998532,,14.86,True,False,False,0
Veo,79f65384-cba7-5c73-bc5a-59174d15133c,scooter,40.007075,-83.014709,,25.34,True,False,False,0
Veo,96239228-d214-54f5-896d-cf150c9b9d21,scooter,40.006919,-83.040543,,24.06,True,False,False,0
Veo,9962d5fd-51c5-5cd5-abf4-d3d765eea94c,scooter,40.015356,-82.989946,,28.14,True,False,False,0
Veo,e90b4781-f3c8-5872-8566-36749695dcf6,scooter,40.019114,-83.03181,,28.01,True,False,False,0
Veo,2e32c618-622d-56b2-a004-ec5df4db8518,scooter,39.996676,-82.998348,,24.33,True,False,False,0
Veo,7a35a211-e96d-5bab-9587-9f8c6df031fd,scooter,40.00267,-83.013916,,26.78,True,False,False,0
Veo,4376e170-5a7a-5526-9ad1-2f6153384b6c,scooter,40.020786,-83.038271,,21.15,True,False,False,0
Veo,348bf9a1-7355-58d6-b57f-16f48f5cb9e7,scooter,39.996976,-83.001529,,27.02,True,False,False,0
Veo,4b7bd66c-6dd8-5dae-bd58-8a6dbb16155d,bicycle,39.974511,-83.003119,,9.65,True,False,False,0
Veo,fbe6a150-6aef-59f5-8264-69af607b5b75,scooter,39.939136,-83.09564,,28.14,True,False,False,0
Veo,ef4bb18b-84b5-5462-ae19-67a64ef805a6,scooter,39.996266,-83.041923,,28.14,True,False,False,0
Veo,34246322-5530-5bcf-ac9f-5e10808368cb,scooter,39.911244,-82.989919,,22.7,True,False,False,0
Veo,23a47870-715b-5e18-b7cd-7cebb1d3a409,bicycle,39.958465,-83.030523,,27.77,True,False,False,0
Veo,22485829-c868-56bb-a292-ca251f8bdda8,scooter,40.00505,-83.026804,,15.45,True,False,False,0
Veo,451a6511-d1eb-5921-804f-3e81c8860758,scooter,39.993646,-83.037266,,15.18,True,False,False,0
Veo,9ada40a2-e0a3-55c3-b391-ea4f2c8ba022,scooter,40.025518,-82.988216,,28.14,True,False,False,0
Veo,f6b4ef5e-d419-574e-95dc-29823c7fbc8a,bicycle,40.025252,-83.034307,,10.51,True,False,False,0
Veo,0c460c30-6110-564e-a309-e0c019fa4bdd,bicycle,39.970221,-83.004594,,28.14,True,False,False,0
Veo,af9ed1dc-faf4-5230-b35a-1af6f9d883f5,scooter,39.999221,-83.003703,,25.12,True,False,False,0
Veo,623c1f75-6600-58d3-b7fa-54fb21eee9ca,scooter,39.894264,-82.991171,,28.14,True,False,False,0
Veo,b7fe472d-3f18-5b5e-bd5a-475a84909bb2,scooter,40.007675,-83.01182,,13.86,True,False,False,0
Veo,ab1699fb-706e-5f12-9135-7af129cc4d65,scooter,39.999522,-82.99814,,13.64,True,False,False,0
Veo,4fdc297d-275a-507b-ba81-758b17012918,scooter,40.017112,-83.029504,,12.07,True,False,False,0
Veo,dbebf3e8-1bf2-5f6c-a466-88024c985b77,scooter,40.015824,-83.030541,,14.17,True,False,False,0
Veo,4cc3ff27-b7d9-5973-8111-5b19f442de92,scooter,39.972462,-83.006561,,12.87,True,False,False,0
Veo,2d5a4ee1-ad83-53b8-8841-f29e660c9b92,scooter,39.930127,-82.977288,,24.84,True,False,False,0
Veo,7ef29605-91ba-54be-b24e-608a013cea74,scooter,39.985413,-83.039223,,14.61,True,False,False,0
Veo,f5e2572f-b81b-5275-a8f2-b87067e602e8,scooter,40.005443,-83.010321,,6.31,True,False,False,0
Veo,52e91ba9-1861-5c0a-bb99-c158f86a0bc3,scooter,40.007114,-83.003173,,13.1,True,False,False,0
Veo,b55c92ca-3c2c-5ebc-84d5-fe18ae83160d,scooter,40.004951,-83.008945,,12.28,True,False,False,0
Veo,1688250e-da4d-55fe-bc07-238de0b1948d,scooter,39.959588,-82.967557,,26.78,True,False,False,0
Veo,e2db1cc5-e83b-570a-bec1-6edfd07d2640,scooter,40.022682,-83.025729,,25.74,True,False,False,0
Veo,48609757-c6f8-5b9f-91e8-33b4ddcecc7e,scooter,40.002236,-83.010121,,22.05,True,False,False,0
Veo,6ca9f0f5-f6f4-5eed-98da-476ae842d89b,scooter,39.991416,-82.996886,,28.14,True,False,False,0
Veo,ea97a85f-a97a-54f0-9e27-3c84f17ae286,scooter,40.00153,-83.007132,,7.29,True,False,False,0
Veo,0158d494-a756-5c63-91ee-b2ab8adb2c3a,scooter,39.997015,-83.00756,,28.14,True,False,False,0
Veo,52c5c994-8c42-569e-99a0-4082f1defdcd,scooter,40.008508,-83.003293,,15.18,True,False,False,0
Veo,7db07065-b6b3-597e-b07d-1ae374af4056,scooter,40.016501,-83.037035,,6.67,True,False,False,0
Veo,ef9319b5-1d9b-5de9-a40d-afd42581787e,scooter,40.001776,-83.014701,,24.84,True,False,False,0
Veo,b5ae60ed-50fe-5b22-b0fb-7f6061282e6d,scooter,39.899746,-83.047272,,23.33,True,False,False,0
Veo,b4a836f5-5f21-53cc-940d-4c99411e1eba,scooter,39.998037,-82.974189,,25.94,True,False,False,0
Veo,6063a9f8-1f8a-519e-ba7c-eaa5566329ed,scooter,39.957585,-82.988318,,28.14,True,False,False,0
Veo,4bfc8fb7-de4b-5d0f-b7d4-59f59f1c78ca,scooter,40.011264,-83.00634,,14.17,False,False,True,0
Veo,a2127a73-f132-5c85-b6ce-1fa67dcef1b2,scooter,39.933252,-83.087498,,21.15,True,False,False,0
Veo,f515ba68-959e-5396-89f7-82e78bf91dce,scooter,40.001096,-83.012443,,28.14,True,False,False,0
Veo,c5249038-a54f-55ce-9a4a-59ee6b8ac36d,scooter,40.001526,-83.010363,,14.61,True,False,False,0
Veo,5d7f886a-aa19-5cb6-853f-b8e4f97a2b18,scooter,40.023776,-83.031473,,14.61,True,False,False,0
Veo,2a62253a-3fe4-512f-bed7-20ffc4fd19fc,scooter,39.95118,-83.000484,,25.94,True,False,False,0
Veo,9e6d1130-ea98-51a5-be9b-846cbefa5da4,scooter,40.032673,-82.991464,,27.44,True,False,False,0
Veo,da789241-f6cd-5395-922a-1e4ef417d331,scooter,39.998886,-83.005237,,28.14,True,False,False,0
Veo,eb3155f2-8706-55af-8ad2-a4f302aecec4,scooter,39.95617,-82.993674,,17.37,True,False,False,0
Veo,aa862eab-1b26-5594-972c-deeaaa175e28,scooter,40.000757,-82.995901,,16.84,True,False,False,0
Veo,da2adfc3-13b6-5532-8a1f-da13a8f879de,scooter,40.000206,-83.008225,,16.39,True,False,False,0
Veo,b963e07f-8d7f-5e57-b3f1-1221006094f1,scooter,39.963057,-83.004274,,28.14,True,False,False,0
Veo,ffae72f3-3af1-509e-8034-7cd4a2e5637c,scooter,39.957672,-83.040414,,17.89,True,False,False,0
Veo,1af89052-7e6b-5a46-824e-1af759a84ece,scooter,39.993712,-82.999738,,6.67,True,False,False,0
Veo,9bdf0473-9412-525c-b28d-c49296224e55,scooter,39.996269,-82.996541,,19.39,True,False,False,0
Veo,4697fe78-9630-57e8-9802-a1b4416a7ef9,scooter,39.972394,-83.004724,,28.14,True,False,False,0
Veo,69c0a3fd-b11f-51dd-8962-1bf3a97bc41f,scooter,39.989353,-83.013456,,28.14,True,False,False,0
Veo,0dcf4923-4210-5974-adb7-1c2fd1210eff,scooter,40.003159,-83.008495,,28.14,True,False,False,0
Veo,58a2db69-4295-55b3-a00c-8baa90389792,scooter,39.936426,-82.994596,,24.06,True,False,False,0
Veo,2151ebaf-157b-5a0c-b0f0-265c9b3c95aa,scooter,40.003148,-83.008134,,28.14,True,False,False,0
Veo,610f17fa-1bcc-52d0-84d2-e32c4b0609d7,scooter,39.977858,-82.993638,,23.33,True,False,False,0
Veo,ff761840-9e6d-5b1c-a0ad-5b17d839f73c,scooter,40.004879,-83.006709,,7.62,True,False,False,0
Veo,108f0f99-972b-5276-a04a-585a033f8181,scooter,40.000073,-82.985301,,28.14,True,False,False,0
Veo,78a22f78-0655-569a-803b-c02c68eae613,scooter,39.941984,-82.995044,,28.14,True,False,False,0
Veo,ae650a3e-72a4-59bc-a2ff-8b36095a1fc1,scooter,39.990955,-83.026179,,22.05,True,False,False,0
Veo,b9da5f07-4867-58ce-a80e-63a0b2fac389,scooter,40.000404,-83.032166,,12.07,True,False,False,0
Veo,48fbb9d9-09cc-5a3a-9adb-69db4995f2f0,scooter,40.02761,-83.028298,,20.78,True,False,False,0
Veo,502e3b08-7e1c-57c4-842d-a8465c5d55c2,scooter,40.015175,-83.031223,,19.39,True,False,False,0
Veo,ad668a88-c2d0-5c15-b6cc-9f7e053ba81a,scooter,40.007418,-83.033378,,14.86,True,False,False,0
Veo,d528c14d-138d-5ea7-a29c-4b65605a9934,scooter,39.945885,-83.009081,,19.78,True,False,False,0
Veo,56e7c341-e9eb-5c97-94ea-7ed96aaf64f5,scooter,40.004289,-83.015915,,27.18,True,False,False,0
Veo,c3aa4307-8dc9-5251-acd2-afb65ac186b2,scooter,40.01719,-83.030254,,26.78,True,False,False,0
Veo,67e164d9-7794-53a5-b66f-6db692a14c39,scooter,39.997531,-83.047588,,28.14,True,False,False,0
Veo,a05d0bfa-286a-5ecd-ba1c-5cdda761fac1,scooter,39.989176,-82.996019,,28.14,True,False,False,0
Veo,0786208f-83fc-50bb-aea0-4b536a6cd984,scooter,40.007479,-82.979892,,28.14,True,False,False,0
Veo,cb818dcc-9f83-5809-8e58-b11235101fd2,scooter,39.935444,-82.981364,,28.14,True,False,False,0
Veo,b2ab7f7f-6620-51a7-9877-f037cf8bdf4f,scooter,39.962145,-83.004152,,15.18,True,False,False,0
Veo,defa0cef-67a4-59c2-92b9-4b972b088c82,bicycle,40.004878,-82.973649,,12.87,True,False,False,0
Veo,b9b5ccf2-8b67-505e-921f-a030a1236644,bicycle,39.995547,-83.041364,,12.52,True,False,False,0
Veo,950c84cb-2043-52b1-a36b-4950933f2758,scooter,39.947537,-83.05199,,27.77,True,False,False,0
Veo,dcdc54ef-6057-5148-bd96-ec40bee1360a,bicycle,39.94948,-83.041494,,21.15,True,False,False,0
Veo,5c746227-07d6-5136-97bc-17ccdf3de348,bicycle,39.981221,-82.999074,,22.39,True,False,False,0
Veo,e4b0efa9-0486-5f51-bf92-f0839177e391,scooter,39.950636,-83.011631,,28.14,True,False,False,0
Veo,8cd56559-0323-50a9-8ff4-778606f0617c,bicycle,40.015376,-82.928283,,13.39,True,False,False,0
Veo,b819b7d3-f7b7-5fa8-b82d-25082ca37a3e,bicycle,39.960472,-82.993948,,10.51,True,False,False,0
Veo,3343d117-80f3-57de-9f8a-af6a2e554dd6,bicycle,40.001902,-83.016506,,2.36,True,False,False,0
Veo,cd226916-0a60-5ea6-b9b4-5f533918048b,bicycle,40.00189,-83.011525,,18.67,True,False,False,0
Veo,2fec4139-2cf2-54f4-bfa9-8e9c06f600db,bicycle,39.938479,-82.969043,,13.39,True,False,False,0
Veo,3dd098af-ec57-5a67-a954-a2de94a68e83,scooter,39.979046,-83.004004,,17.37,True,False,False,0
Veo,0849f9e0-d593-58cf-bdac-ac2a8d9758ef,scooter,40.006165,-83.014086,,25.94,True,False,False,0
Veo,ff2803cc-40ae-5a53-b03e-3a7a63635ded,scooter,39.994913,-83.020862,,24.84,True,False,False,0
Veo,f798d135-8bfa-55b0-a9e6-71b5877c258e,scooter,40.005594,-83.008996,,27.77,True,False,False,0
Veo,e15169b7-e422-582d-9bb1-f04cbdaeb080,scooter,40.061883,-83.000836,,26.51,True,False,False,0
Veo,cadbd071-dee1-518e-bc83-1217354aa36e,bicycle,39.975873,-82.956944,,28.14,True,False,False,0
Veo,8695144f-82f6-5049-9f55-bb70fc4cb99a,scooter,39.997102,-83.016689,,24.84,True,False,False,0
Veo,dfb6c71a-9443-5636-b4bc-87afd9ef6670,scooter,39.946451,-83.058301,,28.14,True,False,False,0
Veo,15bfdc25-9f1a-5a0e-ab7d-8cd382e94712,scooter,39.958976,-82.995197,,28.14,True,False,False,0
Veo,7d41427e-7297-536f-a6ff-37c7671a6c91,scooter,40.001904,-83.026841,,13.86,True,False,False,0
Veo,5e1945b6-04a2-5eb4-ad8f-bb48f9d4a7f3,scooter,39.96859,-82.950046,,28.14,True,False,False,0
Veo,c4eea9eb-3b2c-5014-aa6f-b77975b18158,scooter,40.000079,-82.998767,,14.86,True,False,False,0
Veo,50813c02-48b2-54b8-8acc-964004d436db,scooter,39.978615,-83.014517,,6.07,True,False,False,0
Veo,5480a1ad-87cd-57e2-b19d-8276ce9a6a5d,scooter,39.965815,-83.001371,,27.02,True,False,False,0
Veo,be971b02-aa91-5526-8077-26af943f106f,scooter,39.96586,-83.001444,,19.05,True,False,False,0
Veo,8c55a0ce-f8af-5267-871b-fd637757de7f,scooter,39.998348,-83.016968,,8.09,True,False,False,0
Veo,00248eb9-c97c-5592-85d3-931f4becd8c3,scooter,39.98689,-83.002037,,28.14,True,False,False,0
Veo,00eba55f-23ca-5236-a134-9eadaa8bafd3,scooter,39.950944,-83.002949,,28.14,True,False,False,0
Veo,022e25c9-0919-5d74-8145-e85a5eef1c90,scooter,39.965192,-82.974085,,8.43,True,False,False,0
Veo,5bc63fb3-3074-5f32-a59a-bce67d7eeea9,scooter,39.956465,-82.991225,,28.14,True,False,False,0
Veo,df99890b-de18-5602-8e69-306a155f7e29,scooter,39.999577,-83.016918,,0.0,True,False,False,0
Veo,dd2b04b6-ad40-5e31-8ba0-718fb86c97e1,scooter,40.041906,-82.96637,,11.83,True,False,False,0
Veo,8fa29fb1-994d-5874-aa05-7454d06ec9fb,scooter,40.003604,-83.014162,,12.63,True,False,False,0
Veo,528d65d0-44b1-50ef-99fc-7b7cf1d70b83,scooter,40.002886,-83.041144,,6.07,True,False,False,0
Veo,67b85d4b-54dd-594d-b88d-e1548bdff948,scooter,39.943198,-83.002186,,13.1,True,False,False,0
Veo,84cc3246-e954-51ac-939b-738463f29e73,scooter,39.945906,-83.009073,,12.87,True,False,False,0
Veo,9f6afa37-eaf8-52a7-96d1-c28edb344133,scooter,40.010062,-83.026713,,14.17,True,False,False,0
Veo,185b01b3-f550-5030-a967-aeaa7ea4858a,scooter,39.961629,-83.03488,,26.78,True,False,False,0
Veo,ef584575-fc19-51b7-af50-cafb71e24342,scooter,40.002165,-83.008658,,11.11,True,False,False,0
Veo,3250667f-b118-5071-8909-79227fe977d3,scooter,40.007265,-83.015864,,15.45,True,False,False,0
Veo,e7a09368-07c8-5963-955d-a874b7638dce,scooter,39.96826,-82.994493,,14.86,True,False,False,0
Veo,32362c39-e4cf-540a-aa69-80ba01aea572,scooter,39.948525,-82.997212,,14.43,True,False,False,0
Veo,fbfeb54c-24fc-50ba-b401-8822128c3007,scooter,39.996718,-83.004843,,2.12,False,False,True,0
Veo,0b6ddbc0-2d75-59f6-a5f4-5a9171bf0eae,scooter,39.961782,-82.968634,,12.07,True,False,False,0
Veo,1a0dabb6-a87f-56bd-825a-9cfa7c18a096,scooter,39.941549,-82.996805,,25.34,True,False,False,0
Veo,0fbd779b-2477-556a-a455-9c1ded070d8a,scooter,40.009652,-83.008566,,24.33,True,False,False,0
Veo,78cd5201-fb3e-58f6-b6b8-b55b1c335c97,scooter,40.033956,-82.963617,,28.14,True,False,False,0
Veo,6dc45b75-052f-54d6-852b-c2be70ec2db6,scooter,39.984881,-83.016401,,21.15,True,False,False,0
Veo,4952fa18-9cb9-50e8-b6e8-6fd2a43d9b41,scooter,40.004083,-83.017237,,14.43,True,False,False,0
Veo,adf633ad-3984-5125-a435-f431283609a2,scooter,39.969104,-83.013528,,25.74,True,False,False,0
Veo,dfe5a194-728b-5b36-aedf-ae945453e30a,scooter,39.997135,-83.015025,,16.84,True,False,False,0
Veo,b0f09abe-89c1-5dce-857e-620ca65da381,scooter,40.002128,-83.015667,,28.14,True,False,False,0
Veo,1ad5df06-7163-55e9-9843-b1140ff68038,scooter,40.019339,-83.012268,,25.65,True,False,False,0
Veo,9b4bf3fa-0c49-50b9-8c33-dd5103ad61ed,scooter,39.944568,-82.989717,,28.14,True,False,False,0
Veo,1eaaa80d-a9c7-5be7-94e2-142a1027947d,scooter,39.985126,-83.016067,,7.29,True,False,False,0
Veo,53b8d2b0-23b6-5486-8973-becdc9e64433,scooter,40.032695,-82.991445,,24.06,True,False,False,0
Veo,5ba833db-d09d-59bf-897b-0587d3fed55a,scooter,39.958594,-83.012857,,20.05,True,False,False,0
Veo,6b5d66d0-4a77-5992-9458-37cb5c0c4b93,scooter,39.929506,-82.984226,,28.14,True,False,False,0
Veo,715f3c76-d24f-5526-9d9d-d460391199c4,scooter,39.999429,-82.996236,,27.77,True,False,False,0
Veo,5863b772-ee8b-58ca-83e5-2400fc99a1cc,scooter,40.001457,-83.015216,,14.43,True,False,False,0
Veo,64a132a2-bb1f-5ff9-b8dc-01ba75a2e6ea,scooter,40.001609,-83.015667,,19.78,True,False,False,0
Veo,10535145-bee3-580e-a987-4641b81c3a48,scooter,40.017851,-83.025738,,6.07,True,False,False,0
Veo,5266430c-82bb-5931-906d-f730fc34ec72,scooter,39.980448,-83.016199,,10.31,True,False,False,0
Veo,58db9ddd-e910-596a-98fa-88380d3c2921,scooter,39.990621,-83.042665,,13.1,True,False,False,0
Veo,7db5deaf-561b-57e3-adba-e0d884f8044a,scooter,39.993109,-83.004457,,20.78,True,False,False,0
Veo,a4a608f7-160b-559c-99f3-a29d83f0ad71,scooter,39.999461,-83.005916,,22.05,True,False,False,0
Veo,cfeede6f-aabd-5296-ae34-28f76d0cc6c5,scooter,39.931377,-82.994744,,9.29,True,False,False,0
Veo,7ac80e19-999a-5046-aede-5c4f63be74e1,scooter,39.997732,-83.005767,,16.84,True,False,False,0
Veo,15e8312d-681c-5cc9-b19f-6cac4bfb0dc8,scooter,40.006428,-83.007282,,28.14,True,False,False,0
Veo,6cbf4804-0908-5249-8b35-337ae68d3637,scooter,39.98607,-83.005552,,28.14,True,False,False,0
Veo,3f82838e-b786-555b-bddd-70d4b651ac2b,scooter,39.958127,-82.97819,,28.14,True,False,False,0
Veo,17b83bda-3c34-53dc-b88a-62a626564aca,scooter,39.997899,-83.032342,,27.44,True,False,False,0
Veo,6ce1ce50-ba3d-541f-a910-80c04020bc79,scooter,39.960736,-83.013198,,27.44,True,False,False,0
Veo,ccb42651-3d75-51d7-addf-cb1707e8ea7f,scooter,39.947481,-83.051986,,25.65,True,False,False,0
Veo,171b0654-2b90-5995-b1c4-5b4366edd0d4,scooter,39.99467833333333,-83.00507833333334,,25.74,False,False,True,0
Veo,94e4aa6b-62e7-5840-a006-febadcd831a4,scooter,39.944519,-82.989733,,28.14,True,False,False,0
Veo,fe044a59-a9e3-559c-a117-6ad75ee48807,scooter,40.001178,-82.995666,,27.77,True,False,False,0
Veo,d743a9db-94a6-5088-9c6f-d292136616ca,scooter,39.984549,-83.027869,,24.33,True,False,False,0
Veo,a5a9130d-09fc-57f3-b606-3b80f29300e8,scooter,40.010639,-83.004481,,25.94,True,False,False,0
Veo,49c017c2-17ed-58f8-b757-c4de7ce0c9b4,scooter,40.003166,-83.010888,,28.14,True,False,False,0
Veo,a806725b-ec7a-540f-8a98-ef1ed0a74a72,scooter,39.963333,-82.995229,,21.15,True,False,False,0
Veo,3afbe8c2-5f02-5912-8639-3d133e58cb6d,scooter,39.963233,-82.998128,,25.65,False,False,True,0
Veo,569c3ae9-740f-52c3-abea-9dab09d87130,scooter,39.995007,-83.002888,,28.01,True,False,False,0
Veo,5e75c212-2f58-5c4a-9eee-f9faf2d9204c,scooter,39.994454,-82.983399,,28.14,True,False,False,0
Veo,7eb4dd56-046c-52cc-9125-4c5f6b692ec4,scooter,40.101006,-83.109123,,28.14,True,False,False,0
Veo,1d4caaf3-69f4-5fda-ab0c-2046ca133426,scooter,40.01384,-83.006808,,28.14,True,False,False,0
Veo,d0808ec2-4786-5438-80ea-a29eb9bc40cb,scooter,39.933315,-82.970098,,19.78,True,False,False,0
Veo,4ee874f4-63fe-58ed-b2be-c1cc797d2780,scooter,39.997629,-83.001483,,2.12,True,False,False,0
Veo,f245a303-aca5-555e-843b-7b13d3eeb32a,scooter,39.9359,-82.988896,,8.09,True,False,False,0
Veo,6fe7be56-2e65-5c80-a198-402d6536f4f0,scooter,40.01317,-82.980814,,28.14,True,False,False,0
Veo,618fae81-0feb-543b-8569-1d6b90253d38,scooter,39.952629,-83.024643,,24.06,True,False,False,0
Veo,4281acb0-19d9-5c27-8a34-bb931739e4fb,scooter,40.028058,-83.027926,,28.14,True,False,False,0
Veo,25e02933-0f56-5af6-b1e6-5796f260eb95,scooter,40.009763,-83.013952,,13.86,True,False,False,0
Veo,ffced72d-3cdc-572a-a63f-f50e1cb769a8,scooter,40.012384,-83.010702,,20.78,True,False,False,0
Veo,ca9ea543-3c9b-5be7-a6b7-40c76ffaa703,scooter,40.011345,-83.028524,,20.37,True,False,False,0
Veo,ebb5028d-0a77-5107-9de5-d28d66fe865a,scooter,39.998274,-83.043567,,22.39,True,False,False,0
Veo,ecd37640-bf6e-55c5-91ce-ca65e9a2f07c,scooter,39.996879,-83.019726,,27.77,True,False,False,0
Veo,87200552-ca9b-5dda-ad88-0a9226d4bad6,scooter,39.986925,-83.009511,,25.94,True,False,False,0
Veo,14cc0645-dd62-52a3-b0ec-428ce7dbe088,scooter,40.015202,-83.010473,,28.14,True,False,False,0
Veo,f2d8e546-3d0a-5742-abde-ab2890e24b3a,scooter,40.008189,-83.007206,,17.37,True,False,False,0
Veo,c5074a5e-9577-5e52-bfef-87f235013bc5,scooter,40.006211,-83.013942,,26.25,True,False,False,0
Veo,98219bd1-ed86-5985-978b-3569cb3d0439,scooter,39.930711,-82.979106,,28.14,True,False,False,0
Veo,a5f4df38-b8fd-524e-b297-e0877e27bef4,scooter,40.10106,-83.109062,,28.14,True,False,False,0
Veo,37a7d081-bede-54d8-9e40-6d732adbe747,scooter,40.061892,-83.076958,,25.74,True,False,False,0
Veo,f075a29d-9f78-5307-8f75-29b8905e00e7,scooter,40.010071,-83.009868,,28.14,True,False,False,0
Veo,2e39aedb-5ff9-57a6-b5a2-479226e8cfa5,scooter,40.003141,-83.009149,,23.02,True,False,False,0
Veo,caa8953c-36e7-5d1e-8b6d-d7663330e210,scooter,39.967938,-83.012411,,28.14,True,False,False,0
Veo,3563e59a-5924-597b-93c5-77cb4282bd38,scooter,39.942001,-82.995056,,28.14,True,False,False,0
Veo,b65bc3c3-41c8-5e14-809f-f597987b61aa,scooter,39.999219,-83.033995,,22.7,True,False,False,0
Veo,ed4ebc91-9800-5aac-9bf2-8a42130cf69c,scooter,39.9459,-83.009064,,24.33,True,False,False,0
Veo,c34bbc9c-3fce-5e6b-9d8b-aacf84e3f888,scooter,39.987664,-83.025259,,23.02,True,False,False,0
Veo,32b97605-76d6-56cd-bc87-796dda984a3b,scooter,39.96494,-83.004316,,28.14,True,False,False,0
Veo,61d28cca-a810-5722-a700-697544829b51,scooter,40.007234,-83.013984,,28.14,True,False,False,0
Veo,5060ce32-7529-531d-b125-2a970473b4e6,scooter,39.963092,-83.004338,,28.14,True,False,False,0
Veo,76a5d5b0-3322-5fb3-9e43-b2c2be25dd45,scooter,40.001279,-83.006489,,28.14,True,False,False,0
Veo,5decd42f-6c03-558c-b3aa-c173157799e8,scooter,39.981248,-83.015638,,10.79,True,False,False,0
Veo,3379c16f-9389-5329-8097-e051be83837e,scooter,39.994058,-83.006792,,28.14,True,False,False,0
Veo,6ddcb1ba-3666-5947-9fa9-ad3bfa48be48,scooter,40.004009,-83.007862,,28.14,True,False,False,0
Veo,e586e4bb-0fd6-59d5-8b2d-5b586190598b,scooter,40.003206,-83.009678,,27.44,True,False,False,0
Veo,cc50d15f-2428-5201-8dd5-94ca9d23ee41,scooter,39.960828,-83.01258,,28.01,True,False,False,0
Veo,e7486fb6-59d2-5fcf-be06-7b5e1b0bfc82,scooter,39.963784,-82.997904,,5.59,False,False,True,0
Veo,7a7ba93d-920e-50ea-a7e7-5e448dabdeb4,scooter,40.032306,-83.03185,,24.06,True,False,False,0
Veo,9f5c0123-ab28-53dd-8be5-53d47e4fc232,scooter,39.993329,-82.983506,,8.09,True,False,False,0
Veo,3d76b62b-3464-5e64-9927-8820355b6636,scooter,39.975443,-82.975732,,14.61,True,False,False,0
Veo,f07c9f7e-0a74-5b13-8e5e-6300cb5b5fa8,scooter,39.990783,-83.026739,,14.17,True,False,False,0
Veo,ce5a8375-982e-596a-8d1b-82fa73776945,scooter,40.000172,-83.008193,,27.44,True,False,False,0
Veo,df42fed6-cf81-53a8-89b8-717288311f99,scooter,40.100623,-83.115594,,28.14,True,False,False,0
Veo,a7e275c9-7ebf-5128-90be-acf7408918b8,scooter,39.987535,-83.01481,,13.1,True,False,False,0
Veo,5c9d56e4-7eec-5bd8-8b07-ef23fe115081,scooter,40.032677,-82.991515,,28.01,True,False,False,0
Veo,01eb4792-9dd2-547f-a8fa-917ed96f81da,scooter,40.000817,-83.035025,,13.86,True,False,False,0
Veo,5fece737-d1dd-5986-900e-d34abc1b7236,scooter,39.996186,-83.039506,,22.7,True,False,False,0
Veo,8b3ed392-1811-5c6b-9ab3-deca77a4946e,scooter,39.952638,-83.024631,,28.14,True,False,False,0
Veo,ed222e5d-46da-5b60-81f3-9ff8c95d4277,scooter,39.944003,-82.9945,,25.94,True,False,False,0
Veo,37210aa0-c59a-5244-a6f7-9d9b9b87ca3c,scooter,39.943535,-83.116508,,28.14,True,False,False,0
Veo,af65fdec-b52c-53bb-9198-ee4491a74c3d,scooter,40.005362,-83.010824,,18.19,True,False,False,0
Veo,a156d532-0c50-5a9b-bc11-24a95f769236,scooter,39.968473,-83.012391,,20.78,True,False,False,0
Veo,b2f772cb-26e8-5c36-bba1-9847f1727e1b,scooter,40.005998,-83.008751,,26.25,True,False,False,0
Veo,b7b6699a-b7ee-5a21-bd61-9cc05b68bc93,scooter,40.006821,-83.033944,,25.65,True,False,False,0
Veo,59bb6e02-a5b5-5a25-9507-9fe863bb39cf,scooter,39.964667,-82.991616,,26.78,True,False,False,0
Veo,a142941b-e3cb-5658-8adb-b5e1fbaefa3e,scooter,40.00136,-83.007483,,15.18,True,False,False,0
Veo,3517c6e1-eb26-5715-b6f5-70f388658ddb,scooter,39.962657,-82.984801,,15.18,True,False,False,0
Veo,cbdb2304-ad14-5b8d-bada-cea4baa66d32,scooter,40.00402,-83.000257,,24.33,True,False,False,0
Veo,c6c55bbc-a839-5496-b04a-738de6c0b859,scooter,39.970022,-82.990189,,28.14,True,False,False,0
Veo,c5b84be3-e379-5b60-899a-52600577d554,scooter,40.005986,-83.006097,,14.86,True,False,False,0
Veo,da3fc41f-9d05-5d51-a197-da05b9a907c6,scooter,39.993306,-83.014464,,23.33,True,False,False,0
Veo,deb86d19-cc5c-5cfa-a2ee-b62975dc6afa,scooter,40.00999,-83.007258,,14.61,True,False,False,0
Veo,ae04383c-e31c-506e-b08b-7598aa16858d,scooter,39.967919,-83.012392,,28.14,True,False,False,0
Veo,74a793d5-50b4-59a8-bdcc-4feb6f9050c2,scooter,40.032694,-82.99145,,13.1,True,False,False,0
Veo,dacfb2b6-a67a-5230-a0e3-1bfb25e29a5c,scooter,39.954208,-83.013699,,28.14,True,False,False,0
Veo,dfce73f0-216b-54ec-997c-afd08a466ed1,scooter,40.005898,-83.009325,,22.39,True,False,False,0
Veo,17e70e2a-4288-5253-9121-c504023cef73,scooter,39.974599,-83.002993,,11.11,True,False,False,0
Veo,065f1ffe-266b-53c4-ab3f-23dd2621610f,scooter,40.001449,-83.008564,,7.29,True,False,False,0
Veo,6dcbe736-58a1-53a9-bbcf-10769c2ff559,scooter,39.979266,-83.014458,,27.18,True,False,False,0
Veo,8b57b8e7-dbb7-5a51-870f-7ae87d8a37c4,scooter,40.007332,-82.999764,,25.65,True,False,False,0
Veo,f4861d48-49ce-5226-9537-13a057b79b2f,scooter,40.003908,-83.015305,,3.48,True,False,False,0
Veo,e7514367-28c8-5789-9667-68c6c5f25e3a,scooter,40.000047,-83.008218,,28.14,True,False,False,0
Veo,9ce50777-296e-5cdb-b614-9ea8ffa4ad87,scooter,40.00435,-83.011892,,11.11,True,False,False,0
Veo,4a056a75-0c1b-563c-a7c4-7fa44b57b211,scooter,40.003341,-83.010988,,25.34,True,False,False,0
Veo,d2c95991-29c7-56ba-9eea-143184222b7c,scooter,39.96222,-82.986767,,27.02,True,False,False,0
Veo,6abea14b-3388-50d6-9166-f2f696ca3a31,scooter,39.940492,-82.983552,,12.63,True,False,False,0
Veo,878a071e-436d-5655-944a-5a1fbab8fffa,scooter,39.956861,-83.02831,,12.63,True,False,False,0
Veo,2a76970d-a488-5b8a-beac-1e486419ce9c,scooter,40.000317,-83.002068,,27.77,True,False,False,0
Veo,ce463a51-b24c-5fd8-9c1c-603c57a338ec,scooter,40.008229,-83.004834,,28.14,True,False,False,0
Veo,4fcb4436-a780-5023-a190-984dbcd66b9f,scooter,39.998252,-83.007705,,25.12,True,False,False,0
Veo,61a81c19-f37d-55b5-a73f-230b3ca6fa6b,scooter,39.944504,-82.989773,,28.14,True,False,False,0
Veo,68682368-8b09-59e3-904c-52f8a70a221d,scooter,39.998322,-83.00605,,27.44,True,False,False,0
Veo,3d3779c7-3216-560a-b4aa-2bacb2c7d430,scooter,39.940636,-82.964322,,26.78,True,False,False,0
Veo,27ff9d07-60be-5193-9c3d-c6f0abf58788,scooter,40.001521,-82.998204,,15.18,True,False,False,0
Veo,78c9bdfe-cb40-5ecb-8453-40d1f87595e4,scooter,39.967764,-83.000715,,11.11,True,False,False,0
Veo,65f800f1-b6b0-5bbd-a8c2-ef040dd2f32f,scooter,39.995051,-83.014871,,28.14,True,False,False,0
Veo,a272b62a-af8c-5199-a63f-0ba2009412fc,scooter,39.956645,-82.987687,,25.94,True,False,False,0
Veo,c6a8e85b-d2cc-51c2-9be5-3439e07aa3d2,scooter,39.988839,-83.032981,,27.44,True,False,False,0
Veo,b6050f12-8b8e-5952-8ca5-e6974c56f0f0,scooter,40.002765,-83.015542,,27.02,True,False,False,0
Veo,12dd2760-a73b-5311-a8a9-139ccf1736fc,scooter,40.006478,-83.047558,,19.05,True,False,False,0
Veo,cae040c8-19ad-5f6e-b93b-4674cb6b822e,scooter,39.967883,-83.012384,,10.51,True,False,False,0
Veo,5fb1d4ce-4637-54a4-90d7-f64ef7efc77b,scooter,40.001968,-83.013011,,24.33,True,False,False,0
Veo,cf72503d-baa2-52fa-b748-b70da2d2151b,scooter,39.963152,-82.986897,,28.14,True,False,False,0
Veo,a457b51a-dad7-5568-a917-fbcb93ece62f,scooter,39.957903,-82.896952,,16.39,True,False,False,0
Veo,579403d8-6fdd-5f7a-87e5-526932ed31ff,scooter,39.970141,-83.004688,,24.84,True,False,False,0
Veo,ed0a6b8e-1a17-55bc-b4e1-ad8a1830d486,scooter,40.004676,-83.025789,,28.14,True,False,False,0
Veo,34650008-88e9-5e70-bd27-97f42f587327,scooter,40.002508,-83.006391,,22.7,True,False,False,0
Veo,68cf0553-bc15-5336-96a0-e1a9e3d86efc,scooter,39.996004,-83.015837,,23.33,True,False,False,0
Veo,40cfb894-f121-5fee-a193-69d2b8d09443,scooter,40.009649,-83.011542,,9.29,True,False,False,0
Veo,f93ab250-8066-5094-abdf-3881f9db41db,scooter,39.979521,-83.008802,,13.1,True,False,False,0
Veo,dcc1bb5f-cb0e-5140-915c-77a0fa630566,scooter,40.041562,-82.945386,,8.09,True,False,False,0
Veo,d81f4570-68f2-5353-8982-e8cb5f09cb11,scooter,40.003261,-83.004361,,14.43,True,False,False,0
Veo,38740239-22aa-5df3-9b01-0c9955f4f8de,scooter,39.974627,-82.966883,,13.39,True,False,False,0
Veo,3380cd14-39dc-5ecf-98dc-ebfe9f28cb15,scooter,40.007714,-83.017765,,28.14,True,False,False,0
Veo,1ca61ae0-50ab-586f-b0fe-4f02bd3bf716,scooter,40.000181,-83.008188,,27.44,True,False,False,0
Veo,7c7dfe53-19b0-57e9-be90-baaffa0ab935,scooter,39.937588,-82.990732,,28.14,True,False,False,0
Veo,8da0f8b2-4798-51e7-aa5b-d15e0c016ada,scooter,39.996112,-83.026747,,25.12,True,False,False,0
Veo,72f18381-7bb9-5013-9cbc-4e8978cbbdee,scooter,40.005386,-83.010824,,25.65,True,False,False,0
Veo,ef5039b2-cb38-5127-9806-da10fc8e4cc2,scooter,39.947513,-83.051999,,24.33,True,False,False,0
Veo,de050f5a-0e9c-5575-aea5-437463c8c520,scooter,40.004121,-83.014433,,22.7,True,False,False,0
Veo,0c68a089-7f7f-5ddf-8583-bb4bb8f16a10,scooter,39.961807,-82.968644,,6.67,True,False,False,0
Veo,b0c87b05-d4dc-5284-a6a3-ca6edd516bfa,scooter,39.997928,-82.93129,,26.25,True,False,False,0
Veo,fdca1b4d-64e8-55fa-bc84-862363b3154f,scooter,39.965874,-83.001417,,28.14,True,False,False,0
Veo,906d1c75-e820-5bd0-8df8-fdde0353032c,scooter,39.990303,-83.005384,,10.31,True,False,False,0
Veo,70926718-a809-55a4-b60f-7015c0dbedaf,scooter,40.000196,-83.00823,,16.39,True,False,False,0
Veo,7a2cf0b1-a7d1-54f8-9029-2778b310fe75,scooter,39.948684,-82.982764,,26.51,True,False,False,0
Veo,e4d5a4ce-c29a-58b2-9ea9-5cf87b2e49d3,scooter,39.941963,-82.995056,,27.44,True,False,False,0
Veo,8da508a1-04a9-5d22-9e34-e619bf235a12,scooter,39.958171,-83.009661,,28.14,True,False,False,0
Veo,ce74fb82-6658-50af-9a5c-b25dd1d9689d,scooter,40.010081,-83.02676,,24.33,True,False,False,0
Veo,728548f4-711b-547f-87b8-d5a3f0f16abe,scooter,40.006975,-83.040293,,25.34,True,False,False,0
Veo,413dd129-4c95-514d-8fe8-dbb62fc90890,scooter,40.009696,-83.016146,,14.86,True,False,False,0
Veo,9bba1138-07fe-5079-89d8-1dc442a07f89,scooter,39.979099,-83.004026,,24.06,True,False,False,0
Veo,f8f3da3d-e29e-5140-ae25-3a3ae3d496d8,scooter,40.016971,-83.030974,,25.74,True,False,False,0
Veo,cba2768d-6267-5cbb-b022-ce23a5374cfb,scooter,39.979062,-83.003989,,25.74,True,False,False,0
Veo,58d35291-a699-5004-bd97-4d492bfa481c,scooter,39.987707,-83.006381,,28.14,True,False,False,0
Veo,0f2da662-8796-512c-854f-c04d2d9e6d15,scooter,40.033054,-82.998248,,7.29,True,False,False,0
Veo,11050725-c81d-5bad-8377-5f4fbd4bc0e9,scooter,39.940512,-82.983553,,14.86,True,False,False,0
Veo,44ec8801-938e-5290-861a-d7a9ab92211e,scooter,39.967881,-83.012352,,25.94,True,False,False,0
Veo,727d4a78-b317-5b6d-a4af-2d98618ae562,scooter,39.958727,-83.033401,,28.14,True,False,False,0
Veo,c41567b8-476a-5b7d-8a11-5d7ab33f6083,scooter,39.954117,-82.984055,,25.74,True,False,False,0
Veo,f3795c5d-21ff-5341-a6d6-2d4e5896d162,scooter,39.950345,-82.972916,,12.52,True,False,False,0
Veo,61dea890-c203-5ddd-bed7-8870214a1257,scooter,39.965871,-83.001416,,22.7,True,False,False,0
Veo,89ba7f5b-ee4a-5756-802f-88fee73f0b23,scooter,40.002181,-83.011063,,15.45,True,False,False,0
Veo,6312499a-dbaf-5b73-861d-da6dedca68a8,scooter,40.014397,-83.00027,,24.06,True,False,False,0
Veo,f6a7c414-3059-55ae-82a3-cabd195ca0ab,scooter,40.03546,-82.989195,,24.06,True,False,False,0
Veo,20833d6c-8e5b-54c2-85f6-246843296919,scooter,40.000433,-83.001287,,25.94,True,False,False,0
Veo,7859b79a-a2ca-5d59-a508-05b331bb9696,scooter,40.037188,-83.000331,,28.14,True,False,False,0
Veo,7b21391a-7b78-51d8-986f-95465d449336,scooter,40.012276,-82.997937,,28.14,True,False,False,0
Veo,7eb24120-d2c0-5bf7-a8b0-ef884b6f657d,scooter,39.985877,-82.995264,,13.64,True,False,False,0
Veo,7bf3c4f4-58e6-588b-9525-15b20a88dceb,scooter,39.952763,-82.937378,,19.05,True,False,False,0
Veo,700a1f50-b1db-5781-80da-c9e59faf70bb,scooter,39.974638,-83.00309,,12.63,True,False,False,0
Veo,b5504fd9-2e18-5de0-8baa-a659f0b0cedb,scooter,39.972373,-82.978206,,28.14,True,False,False,0
Veo,fb1218e2-486a-5a24-b4a5-6dd110cb3033,scooter,40.009739,-83.011002,,20.37,True,False,False,0
Veo,facc42ad-84c1-555e-b114-49608555e417,scooter,40.012129,-83.00038,,24.06,True,False,False,0
Veo,a78f3491-ce21-5167-bcc4-62084c0574e8,scooter,39.941375,-83.118419,,28.14,True,False,False,0
Veo,920b76b7-b109-5d3c-885a-7f6a4089d263,scooter,39.957752,-83.020316,,8.09,True,False,False,0
Veo,c6dac05b-1fac-5a48-91d8-cf7de4203582,scooter,39.996994,-83.007573,,28.14,True,False,False,0
Veo,9d5f6b24-420d-5833-bb17-3d8866948168,scooter,39.957406,-83.011441,,22.39,True,False,False,0
Veo,83f3fc9b-3c57-5e38-87e8-ec72bb951729,scooter,39.964722,-82.991572,,21.49,True,False,False,0
Veo,cd7d5848-41f1-55df-a34c-a80399a145ea,scooter,40.024771,-83.001652,,13.1,False,False,True,0
Veo,9aa1c094-0a16-5a98-bc70-baddc09fe1b9,scooter,39.996239,-83.039428,,7.29,True,False,False,0
Veo,708e7b7e-d8da-53cf-811e-0a86856f5346,scooter,39.923649,-82.989779,,9.65,True,False,False,0
Veo,8ce2cd40-8498-559d-bbf2-e2cacd6194e1,scooter,39.946444,-83.058314,,28.14,True,False,False,0
Veo,b255ec2d-991c-578a-8d58-2de9967bd28b,scooter,40.022517,-83.013711,,24.84,True,False,False,0
Veo,6e40907e-6a7e-530e-975b-76f4002fc614,scooter,39.998845,-83.038619,,28.14,True,False,False,0
Veo,23127337-ece4-562a-b867-e0adf11d44b2,scooter,39.963127,-83.004292,,23.77,True,False,False,0
Veo,0ad3e459-c5f1-561e-961d-c0b4563273cc,scooter,40.014586,-83.011119,,8.78,True,False,False,0
Veo,dc19a313-c64e-5d61-bdda-6707985646ac,scooter,39.960679,-82.977121,,28.14,True,False,False,0
Veo,d77990b8-29d0-564e-ad59-238ae1b19ab6,scooter,39.962053,-82.95006,,28.14,True,False,False,0
Veo,af7750b5-d783-5afe-8d5f-b74e70185384,scooter,40.003378,-83.016019,,9.02,True,False,False,0
Veo,04cfb145-60b9-5b90-9dc3-f6d8c08bd65f,scooter,39.946611,-83.000325,,28.14,True,False,False,0
Veo,174c0738-4f49-5f8b-baf1-5e5c354495be,scooter,39.97461,-83.003026,,28.14,True,False,False,0
Veo,c4feff5e-6eae-5d6a-a1b7-566920cb46b1,scooter,39.996887,-83.009267,,23.02,False,True,True,0
Veo,55731b00-382b-5e84-a70f-cedc00f62553,scooter,39.950113,-83.102285,,27.44,True,False,False,0
Veo,c809fea2-2d8b-518f-b316-d9fe57c58bb9,scooter,39.992908,-83.04355,,24.06,True,False,False,0
Veo,b2ad6dd9-bc81-52c2-a769-fa3aba4fc180,scooter,40.017013,-83.004361,,28.14,True,False,False,0
Veo,e5bd7bae-2a6b-563f-97fb-0ad31980cb9d,scooter,40.004293,-83.019663,,13.1,True,False,False,0
Veo,e6c588f7-1bdd-5bf5-acec-a5bd0eb6356a,scooter,39.953302,-82.971701,,27.02,True,False,False,0
Veo,34f94185-78ce-5fce-b96d-71d484e03591,scooter,40.016173,-82.998814,,11.83,True,False,False,0
Veo,29b3d410-8485-559d-8db2-678ee11d54a8,scooter,40.100854,-83.115634,,28.14,True,False,False,0
Veo,7942eedb-f79a-5858-87b7-6d2a5e7fc71b,scooter,40.00353,-83.01787,,0.0,True,False,False,0
Veo,f15688e0-966b-577b-b4a7-b3a3d23caab2,scooter,40.008729,-83.011708,,28.14,True,False,False,0
Veo,8ddbca86-8d11-5a86-9db5-93d2571f53c0,scooter,39.998855,-83.038603,,15.45,True,False,False,0
Veo,e38cb57c-7c20-5422-bb2b-723829a9fda3,scooter,39.996093,-83.039445,,7.29,True,False,False,0
Veo,9c968150-a098-5ebb-8359-6d81050284b9,scooter,40.014595,-83.011075,,27.44,True,False,False,0
Veo,0e417325-31fe-57b7-b335-3324b23fd2e0,scooter,40.016079,-82.961259,,18.67,True,False,False,0
Veo,8ee45212-6c06-54cc-8cd3-c7d58d9ecbc7,scooter,39.938468,-83.11537,,28.14,True,False,False,0
Veo,206e4b74-580f-5c59-84b5-f2b355255f05,scooter,40.024006,-83.016199,,28.14,True,False,False,0
Veo,ff82e080-cc0f-58e3-a3d7-f5aa32cc7455,scooter,39.946246,-82.991254,,27.77,True,False,False,0
Veo,8aeec39d-20c3-5e68-9db5-dc9e52bf7908,scooter,40.002387,-83.009826,,12.63,True,False,False,0
Veo,183ef19f-33dc-5b82-8864-1d18a0c2dc6a,scooter,39.969865,-83.008613,,20.37,True,False,False,0
Veo,e0aead36-8eb4-5630-8196-c142d99cd644,scooter,39.964711,-82.991503,,10.51,True,False,False,0
Veo,96dbf0c4-298d-53db-82e0-02a0aae05b51,scooter,40.003822,-83.015692,,28.14,True,False,False,0
Veo,ee159312-8287-5ba5-a079-1d82b7451068,scooter,39.944282,-83.055836,,8.09,True,False,False,0
Veo,8b93d10e-dd2b-5bea-8109-6a261a0c6323,scooter,40.002334,-82.996861,,28.14,True,False,False,0
Veo,421b9f11-f6ce-5313-bfeb-cc5c14638065,scooter,39.978614,-83.003848,,11.83,True,False,False,0
Veo,af4802ec-9161-511b-a24c-9494b92b0c21,scooter,39.946912,-83.031903,,24.84,True,False,False,0
Veo,fef21912-bbf3-56ee-bf98-ca2b5a8d75d3,scooter,39.963064,-83.004281,,11.59,True,False,False,0
Veo,a1d89f43-1ba7-5b9d-adfd-fc99044ffcb8,scooter,39.98064,-82.997838,,12.52,True,False,False,0
Veo,9dcfa205-45ea-543d-a8b6-e7e4db1087d9,scooter,39.944283,-83.043314,,20.37,True,False,False,0
Veo,c483bdea-7191-5fb6-a5fd-591baec8b3b9,scooter,39.967171,-83.018498,,28.14,True,False,False,0
Veo,4c510275-8c76-57e4-8fbe-8b69414e9f2c,scooter,39.952814,-82.937347,,13.86,True,False,False,0
Veo,c96ba4ca-7a97-5c06-8b46-875dadeb667a,scooter,39.983223,-83.017896,,13.86,True,False,False,0
Veo,14c20cd8-88c9-5abd-b2a1-4a5513714028,scooter,39.985843,-83.028645,,6.98,True,False,False,0
Veo,66d46f9f-3ad3-576b-84e8-babd41d7775f,scooter,39.965944,-83.001363,,19.39,False,True,False,0
Veo,17178358-13f8-5a78-a9af-d582f70fe4c4,scooter,40.000474,-82.99937,,23.02,True,False,False,0
Veo,c3fd1fc0-ac8b-58b3-90ab-bf99152d7447,scooter,39.97972,-82.994563,,14.61,True,False,False,0
Veo,7eee9d1d-150e-5796-935c-535b5aa2f48a,scooter,39.996278,-83.027612,,18.67,True,False,False,0
Veo,23cec6ac-adca-5690-b16d-8dba53d74fe8,scooter,39.97908,-83.003949,,25.65,True,False,False,0
Veo,18001422-b376-5022-827f-1d49017af74c,scooter,39.968553,-83.012425,,28.14,True,False,False,0
Veo,df19c154-fdec-5b01-a697-5b12d5acb2e5,scooter,40.004679,-83.025789,,22.39,True,False,False,0
Veo,c71c1ad8-a3ef-5ce5-ab32-82e891ca66af,scooter,39.987078,-83.072152,,14.17,True,False,False,0
Veo,093f5095-af5e-5e03-858d-63da142c87e5,scooter,39.950956,-83.000479,,27.77,True,False,False,0
Veo,a8f6a80c-f382-593e-8fbd-8064c5a523fc,scooter,39.941466,-82.963797,,11.59,True,False,False,0
Veo,8aaeda64-3100-58cf-8919-d92fe98e9083,scooter,40.002824,-83.013053,,26.25,True,False,False,0
Veo,730834f5-2672-5b00-9946-f3c532814a42,scooter,39.997536,-83.047628,,28.14,True,False,False,0
Veo,17057d3f-1508-5825-9f28-4b8f633b6f1b,scooter,40.000017,-83.021397,,28.14,False,True,False,0
Veo,12098dc9-85a1-55de-a30f-dddc2af67781,scooter,40.010287,-83.02046,,28.14,True,False,False,0
Veo,75843533-ef0d-5cfe-bc68-743a1cd4d837,scooter,40.005877,-83.01994,,28.01,True,False,False,0
Veo,1b160db2-de2e-53b9-9bb4-b130a0caf98e,scooter,40.00175,-83.024608,,12.87,True,False,False,0
Veo,7dc68756-9807-5a54-bce8-375e2b5948f6,scooter,40.001968,-83.007997,,25.65,True,False,False,0
Veo,80187db3-b4a1-5994-9c00-01c541c9b61d,scooter,39.955569,-83.016782,,13.1,True,False,False,0
Veo,7ca50cce-0b4e-55bd-bb43-eb7a33fcd4d1,scooter,40.00795,-83.023745,,22.05,True,False,False,0
Veo,e5f50249-04ba-5572-b881-816ed2e2a988,scooter,39.960791,-83.01269,,27.77,True,False,False,0
Veo,3f91e739-6677-5281-bc7e-b1aa16bc3b0d,scooter,40.00543,-82.97267,,28.14,True,False,False,0
Veo,be221304-e353-5ca8-aecc-4761457e01ff,scooter,40.003636,-83.010743,,28.14,True,False,False,0
Veo,133ca255-a378-5a1f-aa06-ad8260852f9e,scooter,40.015172,-83.031211,,13.86,True,False,False,0
Veo,87cec0ef-ac47-52dd-859b-e461a464e046,scooter,39.969901,-83.008664,,21.15,True,False,False,0
Veo,2bd25478-3d9f-554a-b4a2-9882bec76dae,bicycle,40.015825,-83.030565,,13.64,True,False,False,0
Veo,cc90a9d2-87dc-5e22-a72c-fa8e1bb54172,scooter,40.012572,-83.001351,,20.37,True,False,False,0
Veo,4af5ccef-d037-52ea-b747-40620bbd4a1c,scooter,39.99704,-83.018082,,9.97,True,False,False,0
Veo,83772077-9521-5ff5-85d7-bccf8564d1ed,scooter,39.957009,-82.989231,,25.74,True,False,False,0
Veo,d65342d4-a085-5b90-87e2-72a7ac98961c,scooter,39.972162,-83.002668,,8.43,True,False,False,0
Veo,20276ac0-08fc-59aa-94d1-5eb6e8b9a52b,scooter,40.016246,-83.030763,,9.97,True,False,False,0
Veo,1a7b6a11-b7ab-5b78-a4b2-c4e405e8cfcb,scooter,39.983741,-83.014278,,12.87,True,False,False,0
Veo,23a1d891-9e88-528b-bff3-b3be32f8f68e,scooter,39.988893,-83.044347,,13.64,True,False,False,0
Veo,ef66a1c2-f392-56d0-af57-f658288cbf89,scooter,40.002995,-83.005602,,28.14,True,False,False,0
Veo,29f352dd-7a20-5df0-86bf-69e0c5ccdc6a,scooter,39.999786,-83.005289,,13.86,True,False,False,0
Veo,91c3ed06-7282-5340-805a-c6df895fe3ca,scooter,39.967729,-83.013675,,25.65,False,False,True,0
Veo,4c5a8854-f986-50aa-9e64-db04744724d8,scooter,39.995029,-83.001414,,26.51,True,False,False,0
Veo,d9162792-d58a-5f35-9c87-ac11119ffe79,scooter,39.996194,-83.039599,,14.61,True,False,False,0
Veo,1299a7f6-2eeb-5343-8bf6-7e840f1967b1,scooter,40.001432,-83.009781,,6.67,True,False,False,0
Veo,0e2c62af-91e9-58b4-bc3a-88a072351383,scooter,39.941982,-82.99511,,28.14,True,False,False,0
Veo,b9b61942-ec1c-500e-9557-d3fa5f80a4f5,scooter,40.000831,-83.013138,,28.14,True,False,False,0
Veo,0784b647-3538-5b31-9646-6ee305d54708,scooter,39.99864,-83.011571,,11.11,True,False,False,0
Veo,29ce4eef-b0de-56d4-aa97-41592eae98e6,scooter,39.979103,-83.004022,,25.65,True,False,False,0
Veo,c6ffabe8-9b31-5783-b26d-73a622d5a27d,scooter,39.956569,-82.987821,,24.33,True,False,False,0
Veo,c85b6f68-cee0-5580-bd73-d4be00f01738,scooter,39.99546,-83.041071,,13.1,True,False,False,0
Veo,f957665f-3d76-562b-bf6c-17c4fb84a3f3,scooter,40.047753,-82.987908,,18.19,True,False,False,0
Veo,43247725-4b63-578d-ba84-b65b3a5ff673,scooter,40.010159,-83.010309,,13.39,True,False,False,0
Veo,abf2911c-4ef0-502b-bc46-50d69f0e5ada,scooter,39.996369,-83.027572,,28.14,True,False,False,0
Veo,a0ac5b06-b4a6-5604-9d80-cb458ad5a540,scooter,40.003281,-83.009762,,28.14,True,False,False,0
Veo,a799b217-7f5a-59d0-86cd-49c779b2ff53,scooter,39.960789,-83.012661,,28.14,True,False,False,0
Veo,9737c472-82aa-5444-ac6a-f2ee9fd6598f,scooter,39.995823,-83.020317,,25.94,True,False,False,0
Veo,ee3d4b3d-3c6f-5664-95d0-7f6394447a46,scooter,40.062353,-82.977358,,16.39,False,True,False,0
Veo,0d822f06-db4b-51a0-90ed-efa5251e40a7,scooter,40.019936,-83.013117,,18.67,True,False,False,0
Veo,a705b996-6619-570d-8351-ca25b984ec94,scooter,40.033044,-83.000336,,28.14,True,False,False,0
Veo,8f275a66-960b-53e1-bd63-d68067344c49,scooter,39.995191,-83.004985,,26.51,True,False,False,0
Veo,e265144c-6ab0-583b-865b-a5e8338fe530,scooter,39.980168,-83.018933,,25.34,True,False,False,0
Veo,8ae5fca4-675e-5383-a0b7-f715e757c5ce,scooter,39.975672,-83.015005,,28.14,True,False,False,0
Veo,a19bc0a7-fb29-5e70-b45d-e0aeb09a82ec,scooter,39.963088,-83.0043,,27.18,True,False,False,0
Veo,9d557643-cc69-5890-a9f5-33e0d885fd54,scooter,40.002131,-83.012733,,11.11,True,False,False,0
Veo,b313f6a6-8ce6-595d-ab39-9b4c460b0786,scooter,39.937826,-82.881922,,24.06,True,False,False,0
Veo,9483a725-3d99-5848-bd98-2b0581715048,scooter,40.016115,-83.007888,,28.14,True,False,False,0
Veo,2e91ce19-b709-54fe-87ba-fbf10d975389,scooter,39.899866,-82.997928,,28.14,True,False,False,0
Veo,eabf30c0-43f6-5906-91b8-66328f05ee90,scooter,40.015528,-83.000052,,28.14,True,False,False,0
Veo,02f3de79-b763-566a-b05b-b1d7e72b9982,scooter,39.948639,-82.958566,,24.06,True,False,False,0
Veo,e706db10-2eee-5a52-9cab-d2882cc7ac66,scooter,39.968943,-82.990731,,27.02,True,False,False,0
Veo,e311c1ed-250a-57d3-a038-30cdc3c12010,scooter,40.00051,-83.000031,,15.18,True,False,False,0
Veo,f086e05c-3592-5ad3-bc55-d37aaed7d1b6,scooter,40.016258,-83.030748,,15.89,True,False,False,0
Veo,cfaa3fb5-4ce2-5ee9-be74-da4c58baa140,scooter,39.978656,-83.003853,,8.43,True,False,False,0
Veo,218db120-a8e1-5834-a3b8-6eeb7162491d,scooter,39.97146,-83.005317,,18.67,True,False,False,0
Veo,1c20cc1c-2082-5d4b-889a-b1f1a02c87f4,scooter,40.000019,-83.04306,,23.33,True,False,False,0
Veo,ee918abc-fbdb-53e7-a3f0-277175180cb7,scooter,40.032874,-82.999957,,19.05,True,False,False,0
Veo,f0e743ff-2434-558f-b85b-6d8df05c4409,scooter,39.944386,-83.055947,,28.01,True,False,False,0
Veo,3caf61a2-9a41-58e4-bcb6-ee3ed3bdfcd0,bicycle,39.993652,-83.019066,,28.14,True,False,False,0
Veo,0b7a1781-4fbe-5a6c-a301-c7e91c06653c,bicycle,39.96326,-82.95316,,28.14,True,False,False,0
Veo,53c919dd-fa51-5689-a818-c4180f35a320,scooter,39.995566,-83.003662,,16.39,True,False,False,0
Veo,501812a1-5f7c-5177-b710-b0988c98fd98,scooter,40.000006,-83.004733,,26.78,True,False,False,0
Veo,b1bd127e-a11e-5947-aec3-ae5da09d7297,scooter,40.003279,-83.012129,,27.02,True,False,False,0
Veo,cd19abee-db6d-5fd2-87ce-e843dd337a98,scooter,40.002158,-83.012718,,22.7,True,False,False,0
Veo,edc28b8f-cae3-5091-8e24-780409df5efe,scooter,39.973899,-82.971395,,22.7,True,False,False,0
Veo,c9d95d19-ba6f-5ad2-810b-3181e0a54b28,scooter,40.019133,-83.012009,,15.89,True,False,False,0
Veo,8e3d8f50-aba1-5664-b011-048a4208a0eb,scooter,39.987136,-83.0042,,24.06,True,False,False,0
Veo,588fc332-21f2-5a84-ac24-391780f45dc4,scooter,39.996326,-83.041923,,28.14,True,False,False,0
Veo,3d46d69d-d77e-5b39-9d59-243def75eeb9,scooter,40.003888,-83.013278,,13.1,True,False,False,0
Veo,b3515ae5-4c8b-5896-8201-58777187f1cc,scooter,39.970836,-83.004179,,20.05,True,False,False,0
Veo,f835fdfc-65f4-5bb2-ac07-3a504a5aa048,bicycle,39.95889,-83.012745,,27.77,True,False,False,0
Veo,b4b5c6d0-283f-5323-aa60-125262ab4684,bicycle,40.010523,-82.99221,,1.83,True,False,False,0
Veo,a47619f6-7804-54a7-86c2-be7f99892872,scooter,39.96086,-83.012756,,23.02,True,False,False,0
Veo,a481e647-5b91-5217-b182-6ffe8c9524e5,scooter,40.000945,-83.015037,,15.18,True,False,False,0
Veo,da4ecf2a-3787-56c5-88a2-7e9fe353f927,scooter,39.943107,-83.038018,,25.94,True,False,False,0
Veo,9f7db562-8dd8-590c-a789-0831cf8ab5b2,scooter,39.955261,-83.041591,,28.14,True,False,False,0
Veo,89b153a8-45be-51e0-8362-a7ff8f93fead,scooter,39.950541,-82.99758,,27.44,True,False,False,0
Veo,bfbe1639-d669-5b9d-984e-89f91fbb5901,bicycle,39.92736486368748,-82.97824739056534,,25.12,True,False,False,0
Veo,0e667fac-94db-57fc-9427-df72018d4eef,bicycle,40.003354,-83.011009,,2.36,True,False,False,0
Veo,a0e2a2cd-930d-5067-8130-06e281930849,bicycle,39.983023,-83.004904,,26.78,True,False,False,0
Veo,b0940352-7ac0-5600-9628-d7f42ce9846b,bicycle,40.101149,-83.108983,,24.33,True,False,False,0
Veo,d4fdaf2e-b6eb-53cc-9951-10a99c1c3ec0,bicycle,39.985305,-83.001798,,27.44,True,False,False,0
Veo,d38149af-a0a1-5825-ad21-a7b17739a60e,bicycle,39.99997,-83.007889,,20.37,True,False,False,0
Veo,3aaa66f9-29e4-51d2-acef-17f1a4e36b67,bicycle,39.998747,-83.005989,,24.06,True,False,False,0
Veo,075b1c2b-abd4-55e3-8298-047d33514e34,bicycle,39.983715,-83.016936,,28.14,True,False,False,0
Veo,a90f6afa-bc55-54f9-8d4b-089b72d31c91,bicycle,40.016253,-83.030672,,24.06,True,False,False,0
Veo,b714dba6-c414-5fcb-849e-fb94782c78c6,bicycle,40.008225,-83.007465,,25.12,True,False,False,0
Veo,e7e5b6ae-d223-5e77-88d5-6006d1f370cc,scooter,39.99702,-83.00756,,28.14,True,False,False,0
Veo,37c52e2f-d550-5659-b5f0-51b9be98cfb7,scooter,40.004913,-83.007378,,23.33,True,False,False,0
Veo,4cae1bfb-982a-516d-8f82-2448ecf66c1b,scooter,40.000185,-83.008158,,28.14,True,False,False,0
Veo,abb4ed59-c0ae-5690-ae57-294a1d94160c,scooter,39.969153,-82.978804,,12.07,True,False,False,0
Veo,094527c7-5d0f-508e-8db5-da1c1b47c86d,scooter,39.881077,-83.003381,,10.31,True,False,False,0
Veo,3bbb8da9-4ac8-5c5f-8e60-be60f20f991d,scooter,40.03268,-82.991494,,7.62,True,False,False,0
Veo,0e7c6406-2907-505d-8813-2b6d56760472,scooter,39.987647,-83.025343,,20.78,True,False,False,0
Veo,6c47c551-c9c9-5073-8c7c-1befa6d53e3c,scooter,39.978618,-83.003983,,26.51,True,False,False,0
Veo,012cd438-d413-5490-a5f6-2cfc484c53a8,scooter,40.009861,-83.007255,,22.7,True,False,False,0
Veo,627761a8-b65f-5415-a059-810808275957,scooter,40.001325,-83.00647,,28.14,True,False,False,0
Veo,3b7bdd03-8088-5c83-b2cc-dec3fd631cd5,scooter,40.069577,-82.969179,,23.02,True,False,False,0
Veo,b4a5ff51-c3d5-5d67-892e-915575a439c6,scooter,39.997681,-83.006733,,9.02,True,False,False,0
Veo,f6b133bc-3ea7-5eca-8014-09513f1e5996,scooter,39.959418,-83.008361,,9.29,True,False,False,0
Veo,a6303ccd-9f37-5d30-a4b6-a8594d514c05,scooter,39.97042,-82.96168,,25.12,True,False,False,0
Veo,592fd7c7-73f8-5b8f-8241-2e90067d5ef6,scooter,40.005742,-83.009333,,10.31,True,False,False,0
Veo,559e859b-ea2d-50cd-82c1-b38638d6cfd6,scooter,39.985855,-83.004872,,15.45,True,False,False,0
Veo,b56d989c-b087-5a1e-afc0-58ff67979840,scooter,39.942001,-82.995049,,24.06,True,False,False,0
Veo,c8dbeb18-e8f2-54c5-87e1-7669db6578ea,scooter,40.030609,-82.973674,,11.34,True,False,False,0
Veo,489ce8a6-fd39-5d11-b2a3-cf880f27a175,scooter,39.99703,-83.007615,,28.14,True,False,False,0
Veo,95557eac-c923-51f6-9f88-9a08055bd17a,scooter,39.98667,-83.020986,,27.02,True,False,False,0
Veo,95e94bf1-19bf-5d7e-82f3-5ed9fb518fbb,scooter,40.00171,-83.048166,,27.77,True,False,False,0
Veo,0babadf7-8e66-5a77-9981-ddd4d6420639,scooter,39.986857,-83.010183,,18.67,True,False,False,0
Veo,2ac1d2b4-d6d9-5bc7-9375-b31079ec6d30,scooter,39.940607,-82.958045,,12.87,True,False,False,0
Veo,b044c131-f04a-56d8-9a6f-1e29576e6a54,scooter,39.949044,-82.948426,,27.44,True,False,False,0
Veo,bffb2bef-2895-5f74-afff-37f706e68030,scooter,39.962255,-82.992587,,15.89,True,False,False,0
Veo,844192b4-4201-5949-8efa-b844a78439d0,scooter,40.001215,-83.015718,,10.79,True,False,False,0
Veo,c6322057-5eba-5ef9-baf0-519b10f58457,scooter,40.00777,-83.015453,,28.14,True,False,False,0
Veo,abe38aca-2b92-5a87-bfc6-457f357241bb,scooter,39.958652,-83.00308,,24.84,True,False,False,0
Veo,0eb4e4ff-dea8-5b18-878f-a16a68c7e2b2,scooter,39.964789,-83.001993,,8.09,True,False,False,0
Veo,7a55da06-f6d3-51ca-a170-2c0d8caf7da3,scooter,40.022556,-83.013647,,28.14,True,False,False,0
Veo,436fd071-f494-5a1f-9c23-3e10abee564c,scooter,39.954554,-83.007793,,28.14,True,False,False,0
Veo,ed63ebe3-0cf2-5456-bc9e-8ec08f567e30,scooter,40.000112,-83.010042,,25.12,True,False,False,0
Veo,22ed5690-45d3-557e-a845-777abeeed145,scooter,39.95461,-83.03131,,25.12,True,False,False,0
Veo,b8c50be7-f741-5674-a1c1-9423fa80152f,scooter,39.999112,-83.039592,,24.33,True,False,False,0
Veo,d531d86e-ebdc-52b6-a28e-c104c8561b8c,scooter,40.001087,-83.014602,,25.94,True,False,False,0
Veo,bb8202c4-d858-5ef1-b822-a0ab7f99b413,scooter,39.970594,-83.001434,,16.84,True,False,False,0
Veo,a153f8cd-cc53-562f-9d9f-d336f6c070ac,scooter,39.950857,-82.994022,,13.86,True,False,False,0
Veo,871299d9-1ac5-5412-b8bf-8429c2078291,scooter,40.027399,-82.989536,,9.29,True,False,False,0
Veo,d282dea5-059d-5d54-bd83-1134c5e9707b,scooter,40.000151,-83.008246,,14.61,True,False,False,0
Veo,13e524d6-81bf-597f-96b9-5c1fdf8fc7c0,scooter,39.954574,-83.007676,,28.14,True,False,False,0
Spin,95e0edeb-8bb6-4958-b314-c374422a2965,scooter,40.016246,-82.989767,52,14.7,True,False,False,1790105387
Spin,2b4693f2-b200-49ad-9def-66666acb0394,scooter,40.011428,-82.987258,44,12.0,True,False,False,1790105545
Spin,90a944f5-6a19-4165-9678-84bdf023a078,scooter,39.927613,-82.995524,34,9.8,True,False,False,1790105533
Spin,9d4c20e2-109c-4e59-ae1f-776dcdf82c43,scooter,39.941537,-82.982644,52,14.05,True,False,False,1790105540
Spin,75bce239-8a19-4e81-b014-641f3e7af00d,scooter,39.926321,-82.965389,24,6.44,True,False,False,1790105545
Spin,ad9b214c-4446-4362-a2cb-8260d3ff5790,scooter,39.97328,-82.946749,40,10.83,True,False,False,1790105559
Spin,beebf8e5-efb0-4761-a951-e630c0afcf19,scooter,39.94757,-83.051876,84,23.89,True,False,False,1790105572
Spin,1bee81c7-e58e-4b58-9678-99477eb9b13f,e-bike,39.956195,-83.01045666666666,81,21.95,True,False,False,1790105446
Spin,636be551-2eff-4148-851b-007e7c3c501d,scooter,39.93417,-82.956767,80,21.66,True,False,False,1790105544
Spin,cd10d62d-b21b-4b12-bbea-8f3a69638cb5,e-bike,39.956175,-83.01111166666666,58,15.8,True,False,False,1790105494
Spin,d235c098-ff81-4790-9fac-ac6cdb21b923,scooter,39.977286,-82.97479,67,18.15,True,False,False,1790105490
Spin,a6da9479-d7ba-455b-9001-6a6d785e7dc0,scooter,39.946469,-83.034006,76,20.78,True,False,False,1790105551
Spin,d1ca3d95-dc3c-476b-a8b5-6a4a78c7bcf9,scooter,39.99322823333333,-83.01165350000001,48,13.17,True,False,False,1790105369
Spin,e48f27c9-5306-4ca0-8221-5fa51fc9ec35,e-bike,39.97320995,-82.97585894999999,30,8.19,True,False,False,1790105532
Spin,728380f3-e7e2-4f5d-be3f-b792edff93cd,e-bike,39.97708,-82.99511166666667,43,11.71,True,False,False,1790105443
Spin,d46a1516-3a43-4bdf-bb06-c861772cf29f,scooter,39.967384,-82.980533,86,24.51,True,False,False,1790105570
Spin,a7755cc0-a0b3-4d12-864b-8f105d41f14e,scooter,39.967433,-82.980457,86,24.51,True,False,False,1790105348
Spin,f30dbc01-3fc3-4908-9951-f6122f5b6bee,scooter,40.001816,-83.005556,78,21.36,True,False,False,1790105570
Spin,631f10f8-6101-414f-b554-3255d85c474d,e-bike,39.99333333333333,-82.981965,40,10.83,True,False,False,1790105446
Spin,6548751f-389c-42a8-8d47-fbea3cdd082c,e-bike,39.99337,-82.98197499999999,20,5.56,True,False,False,1790105563
Spin,190e628a-bbe3-4737-931f-486a3cefe33a,e-bike,39.99339666666666,-82.98201499999999,47,12.88,True,False,False,1790105466
Spin,a56156ae-8fc0-4345-9aab-df483a1102f0,e-bike,39.99718666666667,-82.97788166666666,25,6.73,True,False,False,1790105533
Spin,87ec011f-971f-40f8-a23e-73ba059e041d,scooter,39.97595,-82.968257,83,23.59,True,False,False,1790105390
Spin,b9a38409-eb6e-408c-9c0d-58386afa60fc,scooter,40.042917,-83.000079,57,15.51,True,False,False,1790105572
Spin,3c1f6b38-7c63-46ec-9515-ed82a899c55e,scooter,40.014586,-82.991972,39,11.03,True,False,False,1790105406
Spin,467266f6-7a32-455a-ad67-9103205a0d76,scooter,40.014624,-82.991972,51,14.4,True,False,False,1790105445
Spin,e713a424-ebb0-4d14-b98d-dcb44a3ab579,scooter,39.98812055,-83.0293645,30,8.19,True,False,False,1790105564
Spin,36804a58-01bd-4a1f-9302-698ebf3e64eb,scooter,40.009968,-82.997448,31,8.49,True,False,False,1790105548
Spin,fce66804-36c8-444b-abe7-3f1ffeb7a3a5,scooter,39.983571,-82.997031,73,19.9,True,False,False,1790105400
Spin,2f925858-344a-40e3-ba4c-8d60fe06bf6a,scooter,39.98770605,-83.0188729,27,7.32,True,False,False,1790105545
Spin,435789ad-c196-4ae2-b6c9-9919b8083905,scooter,39.99770843333333,-82.99964123333332,71,19.32,True,False,False,1790105408
Spin,b51b0bca-4282-435c-87f3-553848966eaf,scooter,39.941518,-82.983664,40,11.33,True,False,False,1790105344
Spin,ffd01327-f57c-41d4-8e8f-8a41db030cc0,scooter,39.933931,-82.989609,60,16.39,True,False,False,1790105530
Spin,962b5ef5-2bc7-48e3-ab08-dd22830d434c,e-bike,39.99718333333333,-82.97794999999999,67,18.15,True,False,False,1790105578
Spin,03edc6a8-1b13-42ac-b8bf-6cb5788e43dc,scooter,39.99390523333333,-82.98863005,53,14.34,True,False,False,1790105563
Spin,3542e352-68ba-4eef-bcc0-fa06ab5a99a1,scooter,40.001744,-82.983866,46,13.17,True,False,False,1790105575
Spin,3144a3d8-329d-4317-9c2e-078e93190285,scooter,40.023683,-82.987272,28,7.61,True,False,False,1790105537
Spin,0c58670b-b181-46bf-a0b5-a580ed404873,e-bike,39.97089615,-83.00103169999998,37,9.95,True,False,False,1790105511
Spin,439c5e56-a83d-4068-92fd-73537754a781,e-bike,39.97117166666667,-82.9784,81,21.95,True,False,False,1790105443
Spin,2b019dc5-b67d-4341-91f9-5d4dcdde95fc,scooter,39.972654,-82.974978,69,18.73,True,False,False,1790105565
Spin,d74a1803-2d37-4ffe-81fb-78c1a3237dc3,scooter,39.971122,-82.978245,89,24.29,True,False,False,1790105552
Spin,22a09b1e-a3e4-4f84-a04b-5876d27f07d9,scooter,39.997028,-82.998822,33,9.5,True,False,False,1790105563
Spin,7a5bf3fc-b5b9-4a53-bd45-91a6f160de0a,scooter,40.017885,-82.958488,38,10.24,True,False,False,1790105499
Spin,cff8c59b-9801-4c7a-8ead-4e2b3f2985a0,scooter,40.000872,-83.000677,44,12.0,True,False,False,1790105523
Spin,653c88c9-871f-4b92-a7a5-8c1c66ddfdfa,e-bike,39.91892373333334,-82.99531003333335,24,6.44,True,False,False,1790105396
Spin,9f034d8b-8326-42e5-b6a8-4a1725e5a062,e-bike,39.971906249999996,-83.00345100000001,86,23.41,True,False,False,1790105578
Spin,4c9db342-9269-4ef8-adad-0f3a7ad53bd0,e-bike,39.96225483333333,-82.98154243333332,72,19.61,True,False,False,1790105505
Spin,c6127093-ec52-4669-adb8-f01e8aeb4b54,scooter,39.999049,-83.000571,28,7.61,True,False,False,1790105524
Spin,5ddea7db-ae48-46ea-b88d-f9e59c544fb9,e-bike,39.962617466666664,-83.00219403333334,20,5.56,True,False,False,1790105574
Spin,83b6d52a-9946-4172-83cd-3913445242f0,scooter,39.962444,-82.969139,62,16.97,True,False,False,1790105399
Spin,cc2d0b7c-c59c-4d7f-b550-3f2a3644d3bf,e-bike,39.998086566666665,-83.00701335000001,49,13.46,True,False,False,1790105560
Spin,a8a00255-0310-4b1e-8e34-97938aba44c0,scooter,39.987114,-82.998507,55,14.93,True,False,False,1790105565
Spin,2cbf22db-7106-4d11-a1ad-e1b227244a27,e-bike,39.955865,-82.97842666666665,65,17.56,True,False,False,1790105443
Spin,074f24b2-fcdd-4bf5-8365-ca7d7545c556,e-bike,40.0202189,-82.97717485,26,7.02,True,False,False,1790105383
Spin,a59d8e65-a492-404f-aa67-922e97a537b8,scooter,40.01028,-83.012701,70,19.91,True,False,False,1790105477
Spin,be89c081-5eca-4854-8689-88727629ae19,e-bike,40.0148421,-83.00153139999999,63,17.27,True,False,False,1790105503
Spin,6a15b65b-39d6-432e-bd01-63b9c9668740,scooter,40.006889900000004,-83.0094856,78,21.36,True,False,False,1790105469
Spin,890a001e-6fcf-4eff-9120-052fd29d9d3f,e-bike,40.0013893,-82.99725253333332,31,8.49,True,False,False,1790105562
Spin,0e967eef-1bde-433f-9552-ac89fbaa5cbe,scooter,40.0380764,-83.01771779999999,53,14.34,True,False,False,1790105425
Spin,0b4ab1ea-4950-4a92-b298-1c6a585f91a7,scooter,39.963892,-82.981711,87,24.81,True,False,False,1790105385
Spin,043c00a9-6f99-436a-aea2-d4909bd7e3ba,e-bike,40.0730036,-83.02295870000002,37,9.95,True,False,False,1790105498
Spin,e75adbe2-4a69-417a-add8-d3b2e6baaf32,e-bike,40.00858,-83.01068,28,7.61,True,False,False,1790105290
Spin,1b881ed9-e986-4f26-b1eb-1e8ef73bc68f,scooter,40.014575,-82.988288,74,21.14,True,False,False,1790105406
Spin,0d7a9bfa-2d55-4bbf-96c6-36dff4ff0ea4,scooter,39.960778,-83.013191,23,6.43,True,False,False,1790105445
Spin,dd399392-ec9b-4581-9b38-4b9130b98ad5,scooter,39.960814,-83.013984,72,20.52,True,False,False,1790105546
Spin,902e4c22-16dd-4cbc-a796-b0ccd489977e,e-bike,39.98031973333333,-83.01084459999998,45,12.29,True,False,False,1790105513
Spin,db31043e-8aa8-43e0-ae15-df7c130147dc,scooter,39.987704,-83.005823,49,13.46,True,False,False,1790105365
Spin,38173d99-ae9b-401b-953e-46679490baaf,scooter,40.029752,-82.946076,53,14.34,True,False,False,1790105533
Spin,bab028ca-6de5-4cf7-bb4a-88fa16dae8d3,scooter,39.97044,-83.001032,31,8.49,True,False,False,1790105459
Spin,857f4fcd-b8d6-4d1f-bf63-58a1fb608bd8,e-bike,40.0057454,-82.99842913333332,66,17.85,True,False,False,1790105554
Spin,31d5f12b-07ab-4f21-b6bb-e1967963f26b,e-bike,39.95732133333333,-83.012535,34,9.37,True,False,False,1790105481
Spin,f873da52-4fe3-475f-ae28-1899f32736e2,e-bike,40.003336399999995,-82.99912983333334,25,6.73,True,False,False,1790105544
Spin,d2f9bca0-5603-49ab-a981-6bac9d17dc4c,scooter,40.0010447,-83.00655479999999,38,10.24,True,False,False,1790105551
Spin,6ecb6fa5-9ce0-498c-8ff7-9633dd8eebb1,scooter,39.99027713333333,-83.0049607,23,6.15,True,False,False,1790105455
Spin,fa7c8f00-f81f-473f-83d2-421dbbac21a3,scooter,39.988453,-83.020734,85,24.2,True,False,False,1790105474
Spin,b6172aea-15db-4b69-85e9-33d237827887,scooter,39.995175,-82.999048,75,20.49,True,False,False,1790105412
Spin,9f783dd6-17b5-43fd-950d-369a086709d7,e-bike,39.978743333333334,-83.00457999999999,15,4.1,True,False,False,1790105441
Spin,ffc3fc9c-c460-42db-b69f-3bcf809d6fb1,e-bike,40.0312729,-83.0014451,39,10.54,True,False,False,1790105428
Spin,a2f1c144-ca72-4ee8-85c0-6075def44c56,e-bike,39.986285233333334,-82.99815853333332,60,16.39,True,False,False,1790105514
Spin,c78d210b-add1-4a13-bec4-dde6ab275ea1,e-bike,39.986264033333335,-82.99815293333334,48,13.17,True,False,False,1790105501
Spin,79cf0e46-d644-4ac5-9c38-ba5836ee0fd0,scooter,40.0010853,-83.00503509999999,49,13.46,True,False,False,1790105322
Spin,e68a1aa4-4467-4ba0-8962-9d9e8b67d413,scooter,40.001037600000004,-83.00508020000001,53,14.34,True,False,False,1790105569
Spin,977d30b6-3795-4a58-9f58-e298786a4639,scooter,39.993833,-82.99971,28,7.96,True,False,False,1790105577
Spin,6e085769-2b0b-4732-bac8-f0e0bc00b9ca,e-bike,40.0371878,-83.00017279999999,28,7.61,True,False,False,1790105340
Spin,a16b61e4-8e11-4034-8faa-4f0e3230abf1,e-bike,40.018117,-82.97360775,37,9.95,True,False,False,1790105412
Spin,3b6d5ca0-07d3-464d-8b36-5acdb665d460,scooter,39.96702383333333,-82.99996583333335,61,16.68,True,False,False,1790105556
Spin,6398b670-5b21-4d41-a9a8-eed2f2b336bb,scooter,39.972433,-83.005857,43,12.25,True,False,False,1790105445
Spin,f79073ae-872b-4793-8eac-3e6835bd8d96,scooter,39.968533,-83.012297,52,14.05,True,False,False,1790105521
Spin,a8898674-6011-4e4f-8ecd-c09801fe6fe4,e-bike,40.014118700000004,-82.99162943333334,43,11.71,True,False,False,1790105543
Spin,1d45dfb6-0a9a-4354-840e-8719b1464c28,scooter,39.979537,-83.00881,39,10.54,True,False,False,1790105570
Spin,253457b2-0c64-478b-9c4e-482956b4d21e,e-bike,40.005376500000004,-82.99847853333334,52,14.05,True,False,False,1790105536
Spin,9f972221-c60e-4004-9a11-44c58f9120e0,e-bike,39.98089133333334,-83.011966,40,10.83,True,False,False,1790105574
Spin,8d14d336-7b5c-49fc-aade-c4d51423c8a2,e-bike,39.98471663333333,-83.03391859999998,55,14.93,True,False,False,1790105504
Spin,f68462fe-1991-4123-b77e-8d9750d77c56,e-bike,39.967818333333334,-83.01795333333332,97,26.34,True,False,False,1790105542
Spin,5d16233a-9e2f-4aa5-a8d2-8b7cca0b5fdf,scooter,39.97039385,-83.004888,47,12.88,True,False,False,1790105439
Spin,ca828b0f-f229-4f0a-9841-be944b6217bf,scooter,39.957413,-83.011322,55,14.93,True,False,False,1790105550
Spin,c20c7dda-8d69-4666-85fe-eb7e10412cf2,e-bike,39.981854633333334,-83.0015264,38,10.24,True,False,False,1790105489
Spin,1e831f5e-30df-4fea-a549-b0de350440c5,e-bike,39.98356733333333,-83.02443790000001,56,15.22,True,False,False,1790105509
Spin,27b751e4-c1df-4979-a8ee-f270bc1ae1ff,scooter,39.98358003333333,-83.02448940000001,48,13.17,True,False,False,1790105563
Spin,700f0849-d12d-482c-8cab-6a2db5903dbd,scooter,39.94322,-82.966249,51,13.76,True,False,False,1790105521
Spin,f7038509-46d8-4d7a-b3d8-2bcc7b9d5ba4,scooter,39.98987975,-83.00613290000001,45,12.29,True,False,False,1790105513
Spin,ff6e4e2c-f50e-463c-8543-7f1626688821,e-bike,39.982528333333335,-83.00861333333333,75,20.49,True,False,False,1790105472
Spin,6142ad0d-a294-4457-8b09-9300564a7ffb,scooter,39.999365,-83.002566,87,24.81,True,False,False,1790105517
Spin,b25251ae-17f1-4f57-b3b3-3edfbb8059cd,scooter,40.0231304,-82.98226763333332,47,12.88,True,False,False,1790105531
Spin,b13ad72e-0be8-4e83-94cf-85fd555f88c4,e-bike,40.019223333333336,-82.97671999999999,53,14.34,True,False,False,1790105281
Spin,339c0938-31ba-4e7a-8d9a-92322e4f5ebf,scooter,39.99959293333333,-83.0010679,24,6.44,True,False,False,1790105515
Spin,ad9dbfb1-1fa4-427d-8fa5-002fd3fc3712,e-bike,39.98025963333334,-82.99687873333332,48,13.17,True,False,False,1790105548
Spin,8da52c39-b990-4715-b0e4-9e9bf1082c71,scooter,40.0144412,-82.99135053333333,34,9.37,True,False,False,1790105557
Spin,de976172-f41f-45d6-9e20-0090a1eda5f2,scooter,40.004358,-82.999604,15,4.1,True,False,False,1790105527
Spin,442c2402-7949-41ad-b61a-62a550d60d0b,scooter,39.975393,-83.004657,53,15.01,True,False,False,1790105544
Spin,02959f49-5930-4fe4-9ad3-fb9ae1230ff0,scooter,40.023908,-83.025737,51,13.76,True,False,False,1790105358
Spin,608382cc-efc8-49f0-891c-a627b4c52410,e-bike,39.99541563333333,-83.03930700000001,54,14.63,True,False,False,1790105369
Spin,c7b54d7f-ef86-4434-aff1-30e8bb06a67b,e-bike,39.97859065,-83.0194236,32,8.78,True,False,False,1790105332
Spin,6442c0c9-851f-4c69-b09d-55ea9681ed6d,e-bike,39.98722013333334,-82.99884603333334,40,10.83,True,False,False,1790105453
Spin,8fa82e32-eaf7-4f8d-b2e3-b47d8783aba2,scooter,39.994505,-83.001614,75,20.49,True,False,False,1790105554
Spin,b0afbdfa-6be6-4ec8-b60c-dcaf75bb2351,scooter,39.960552,-83.009416,52,14.7,True,False,False,1790105499
Spin,811aab68-0b0c-4be6-8d3c-02036105258a,e-bike,39.96749223333334,-83.01336080000002,51,13.76,True,False,False,1790105498
Spin,280c8f9f-262e-47d8-8dc3-374473e1e046,e-bike,39.98987615,-83.0040345,58,15.8,True,False,False,1790105471
Spin,c5954db1-6f1c-401e-a973-ac7df4b3957e,e-bike,39.95793513333333,-82.96678433333334,70,19.02,True,False,False,1790105510
Spin,86bbb96f-2f26-4f05-825b-8c7bdbaef1e2,e-bike,39.99427613333333,-82.99687053333334,86,23.41,True,False,False,1790105526
Spin,171c5465-4013-4f27-b940-180cb40c1118,e-bike,39.99560403333333,-83.04060480000001,66,17.85,True,False,False,1790105510
Spin,dfdfdd4d-c87f-478a-9d1b-a0abf1f2e56a,e-bike,40.0060068,-83.00622919999999,89,24.29,True,False,False,1790105575
Spin,8f464e4e-3a4c-4f44-8787-d881e219d068,scooter,39.945895,-83.00902,43,11.71,True,False,False,1790105571
Spin,a138e317-294c-4a1a-a008-45d0cef6b234,e-bike,39.99307473333333,-83.00445399999998,88,24.0,True,False,False,1790105538
Spin,2bb0e488-20f4-4fba-ac96-891bacfe2cd2,scooter,40.005018,-82.951796,19,5.27,True,False,False,1790105528
Spin,99122bb5-bc40-4268-9802-66e397d6697c,e-bike,39.98918155,-82.99515383333333,39,10.54,True,False,False,1790105552
Spin,2a35c87c-845e-45fa-8394-99c1af956f55,e-bike,40.0018582,-82.97610205000001,80,21.66,True,False,False,1790105535
Spin,7f9477bc-949b-4925-96fe-16eaf4a9f202,e-bike,39.97461455,-83.0142854,33,9.07,True,False,False,1790105535
Spin,119550bf-0757-4d4d-aed8-4ca8c719161b,scooter,39.982581833333334,-83.00563179999999,91,24.88,True,False,False,1790105531
Spin,7f6bb81b-2c94-4a5f-b590-5f702f8e8e9d,e-bike,39.96224293333333,-82.96904513333332,28,7.61,True,False,False,1790105546
Spin,9e237016-7942-4260-94fd-c75593ea7fd0,scooter,39.978395,-83.003631,84,22.83,True,False,False,1790105551
Spin,53a549bf-6f95-4345-a098-03657c753504,e-bike,39.994719133333334,-83.0038407,62,16.97,True,False,False,1790105474
Spin,b29ed994-d23e-417e-8e7e-4582af081812,e-bike,39.99470733333333,-83.0038575,24,6.44,True,False,False,1790105428
Spin,05c1b4f7-c1a7-4d4d-8735-52afa6658e4e,scooter,39.983062,-82.998992,80,21.66,True,False,False,1790105541
Spin,c26f33e3-26f7-49e7-b735-57c39f0ddd35,scooter,39.988034,-83.002015,83,22.54,True,False,False,1790105557
Spin,8c312dfb-6752-4c52-800c-e18cdd3893a4,scooter,39.960813,-83.002994,44,12.0,True,False,False,1790105473
Spin,6be18441-20ea-40c9-b3cf-02283a56afd7,e-bike,39.999521666666666,-83.00572333333334,84,22.83,True,False,False,1790105453
Spin,07bd0813-2740-41d6-9e62-f1fdff2a97ea,e-bike,39.97660145,-83.0172302,53,14.34,True,False,False,1790105566
Spin,2c21714b-ae50-48a8-a347-cd81d04cb447,scooter,39.96667553333334,-83.0049762,39,10.54,True,False,False,1790105470
Spin,9eae22b1-3d9f-4ea0-a368-8390371a3efd,scooter,39.961892633333335,-82.99801273333333,33,9.07,True,False,False,1790105556
Spin,4ea7b5aa-c13e-44f4-93fe-7acbd009e58c,e-bike,39.97206435,-83.0066752,48,13.17,True,False,False,1790105362
Spin,c19105b7-7864-45ae-9e0a-3f98c852ad46,scooter,39.986353,-83.006206,41,11.12,True,False,False,1790105528
Spin,3022f0b7-1fee-4353-a7f4-7ac4e865ffae,scooter,39.942511,-82.989611,72,19.61,True,False,False,1790105491
Spin,118c890f-aadc-4fc9-b7af-d2a3f0669773,e-bike,39.98642293333333,-83.00617240000001,20,5.56,True,False,False,1790105480
Spin,2f75cfc0-9e6c-4aec-b4e1-c5ce7d2387f2,e-bike,40.003367499999996,-82.99911653333332,33,9.07,True,False,False,1790105542
Spin,07f68fec-3b67-42d8-8d7a-ec541bd8d79f,e-bike,39.99433203333333,-83.00358990000001,42,11.41,True,False,False,1790105547
Spin,67bfa323-bb23-42f3-ae7c-8545921cdf1d,e-bike,40.0023088,-82.99683893333334,34,9.37,True,False,False,1790105550
Spin,24edfc87-71ed-4b4e-ab33-3ad2988cdd36,e-bike,39.98610263333333,-82.98184933333332,35,9.66,True,False,False,1790105441
Spin,be956d07-9a20-4a99-9498-bc7a3528a454,scooter,39.964909,-83.001959,53,14.34,True,False,False,1790105355
Spin,8e13cd5b-d818-481d-ba97-64a57c4703dd,scooter,39.977571,-82.994573,47,12.88,True,False,False,1790105578
Spin,f57cabb0-54cc-4a87-904e-9ec48aa33642,e-bike,39.995080433333335,-83.0016112,67,18.15,True,False,False,1790105500
Spin,0bced2e2-f807-4453-85fa-94f7828cf10d,scooter,40.00978,-83.01333070000001,66,17.85,True,False,False,1790105502
Spin,b738794d-9cda-466a-a59d-ba4b2c865594,e-bike,39.99381893333334,-83.0037076,40,10.83,True,False,False,1790105502
Spin,041722ae-62b6-45ca-99dc-b388eed7bef0,e-bike,39.98337873333333,-83.0267756,86,23.41,True,False,False,1790105572
Spin,8201bbbb-7d43-49f9-bd84-bbe13df5cc96,e-bike,39.988508333333336,-82.97894833333334,23,6.15,True,False,False,1790105577
Spin,8b827be9-b9de-4049-97b6-8b85cfd37030,e-bike,40.013106,-82.99773123333334,68,18.44,True,False,False,1790105373
Spin,c1be6a73-8ec7-461f-b6e3-c510bd065ddb,e-bike,39.98399166666666,-83.00511333333334,56,15.22,True,False,False,1790105567
Spin,f67f0584-4380-4091-8d3b-2e163c47ad3b,e-bike,40.0019949,-83.00745290000002,40,10.83,True,False,False,1790105487
Spin,51aeea8c-1a0d-416e-af9e-c65a38ef4880,e-bike,39.98838166666667,-83.00588166666667,23,6.15,True,False,False,1790105441
Spin,017c2bf5-ccb5-4354-a2ec-e43a12d72411,scooter,39.997812,-82.995707,44,12.0,True,False,False,1790105461
Spin,1f410f52-160b-46dc-b5e8-6c9b637ecf40,e-bike,39.977200450000005,-83.03704189999999,19,5.27,True,False,False,1790105478
Spin,f0b38fbe-5130-47f4-8f61-e56f515c9a37,scooter,39.976804,-83.012942,15,4.1,True,False,False,1790105535
Spin,7ac7620b-042e-48bb-b0e8-f711dcd93fdc,scooter,39.962077,-83.004091,29,8.27,True,False,False,1790105510
Spin,a64f986d-78d6-4f64-b734-fada2cc4a352,e-bike,40.00593,-83.009015,43,11.71,True,False,False,1790105501
Spin,6dd7193e-7195-47a9-b3cc-963a4d8303ee,e-bike,40.0040762,-83.00371439999999,42,11.41,True,False,False,1790105435
Spin,5534427f-c793-4d6d-8225-a4ed629edb7b,e-bike,39.961711333333334,-83.0041648,35,9.66,True,False,False,1790105494
Spin,10cb2eb1-3481-425f-a81e-de43f12f84d5,e-bike,39.99672603333333,-82.97457514999999,25,6.73,True,False,False,1790105574
Spin,d6a4aaba-251b-4278-94a2-b06ae9e0107f,scooter,39.949387,-82.986828,29,7.9,True,False,False,1790105486
Spin,ef9f2741-c703-4148-b5fb-898689814075,e-bike,39.982152633333335,-83.0098472,32,8.78,True,False,False,1790105437
Spin,ce150e57-5ec5-4e41-a21a-f76d9cb562cb,e-bike,39.98212143333333,-83.009835,22,5.85,True,False,False,1790105410
Spin,c059d89b-1723-459a-aca0-7652b37967a7,scooter,39.964338,-83.005959,56,15.22,True,False,False,1790105430
Spin,2a677c42-12ed-4410-9798-b013462c6b19,scooter,39.981757,-83.004896,72,19.61,True,False,False,1790105565
Spin,c445d659-9ae7-45b8-a237-0f33554df138,scooter,39.976261,-83.010906,32,8.78,True,False,False,1790105550
Spin,60ea62d6-54e1-4324-8e0a-f975647e63a5,e-bike,39.95715493333333,-83.0016331,38,10.24,True,False,False,1790105476
Spin,91983a3b-6b4c-4b34-a532-8ae98c57a65f,e-bike,39.95710833333333,-83.00169833333332,86,23.41,True,False,False,1790105395
Spin,95ffee54-96e1-475c-83d2-db0b762e1a8d,e-bike,39.98640783333334,-83.00423709999998,70,19.02,True,False,False,1790105473
Spin,8bbc3819-0c38-4ba6-86b9-3d50709b1443,e-bike,40.006597299999996,-83.0204255,85,23.12,True,False,False,1790105390
Spin,6ce125e2-0b08-481f-8b8e-7425963e42df,e-bike,40.006608,-83.02046370000001,83,22.54,True,False,False,1790105366
Spin,5e19b8ce-18cb-4008-bbdc-6149550b3467,e-bike,40.0066074,-83.02043610000001,69,18.73,True,False,False,1790105546
Spin,909a160f-458b-4fbd-810a-8be0ccc3c6d7,e-bike,40.0066119,-83.02044409999999,67,18.15,True,False,False,1790105359
Spin,50dc92ae-de93-450d-a92b-f1de982f7399,e-bike,40.00661,-83.02043669999999,39,10.54,True,False,False,1790105559
Spin,f9875171-f997-482b-9dbb-8ff587284972,e-bike,40.006591,-83.0205044,78,21.36,True,False,False,1790105431
Spin,0da0a514-ffe2-44f8-9ae5-fc56cdfb6363,e-bike,40.0066236,-83.0204626,40,10.83,True,False,False,1790105377
Spin,9d685523-2fb2-45f5-aec4-0ca90f45ca1e,e-bike,40.0064408,-83.0092016,65,17.56,True,False,False,1790105433
Spin,9ca6a166-7c07-43a9-81ec-8b29be364b9f,e-bike,39.97852150000001,-83.00757241666666,90,24.58,True,False,False,1790105404
Spin,c885bee5-155a-45c1-a0a0-c5cd3af9bc95,e-bike,40.0094965,-83.00943649999999,35,9.66,True,False,False,1790105523
Spin,e1ae89d3-a40d-46ab-9dd9-cc4d55ce782f,scooter,39.977057,-83.011537,49,13.46,True,False,False,1790105560
Spin,8d4bbbb9-6ead-4076-b409-5d3264b8b10e,e-bike,40.012067,-82.99852743333334,68,18.44,True,False,False,1790105421
Spin,936012d6-1ed9-4687-bf60-fbef33856ed5,e-bike,39.974262149999994,-83.0232966,70,19.02,True,False,False,1790105551
Spin,19a0229b-444d-4dd7-b665-771665183989,scooter,40.010553,-83.012344,87,23.71,True,False,False,1790105574
Spin,50687e66-a6ac-43c7-b8fb-0f5c0592aa91,scooter,40.010574,-83.0123,97,26.34,True,False,False,1790105535
Spin,091046f7-7b9f-4e1f-96df-e2e7e25b5320,scooter,40.006754,-83.009405,83,22.54,True,False,False,1790105497
Spin,8491dcf0-49e7-462d-89a1-a555b53aed1a,e-bike,39.97147,-82.97554999999998,99,26.93,True,False,False,1790105442
Spin,0defa747-6697-47be-b07f-891dbb719072,e-bike,39.95103166666667,-83.00298,95,25.75,True,False,False,1790105542
Spin,9f6cfb11-2de4-498d-a270-8214c8602678,e-bike,39.998983833333334,-83.00422689999999,62,16.97,True,False,False,1790105465
Spin,6ebc668f-39de-4582-8647-ff702aa8cdc5,scooter,39.97866485,-83.0045193,38,10.24,True,False,False,1790105523
Spin,746f6461-aac1-4bf3-bfff-d89076aec510,e-bike,40.0066809,-83.01142970000001,63,17.27,True,False,False,1790105513
Spin,52da77c6-0017-42f5-97c5-bda3f3e7336d,scooter,40.010148,-82.979419,29,7.9,True,False,False,1790105533
Spin,be413784-b752-47e7-895f-81776859132f,scooter,39.962162,-83.004137,53,15.01,True,False,False,1790105396
Spin,ef201af8-7b20-4288-b0ef-a37a0d6f33eb,e-bike,39.97511333333333,-83.01025666666668,100,27.22,True,False,False,1790105530
Spin,c218fced-0efb-423b-8e5d-cc1562145920,scooter,39.978341,-83.0097,98,26.63,True,False,False,1790105571
Spin,f7f0c9d1-099f-4672-a1c3-a4682de11b72,e-bike,39.97971825,-83.01973389999999,35,9.66,True,False,False,1790105568
Spin,8a1e1387-95fd-42ab-ad57-9c4dc17f5714,scooter,39.978403650000004,-83.01725909999999,94,25.46,True,False,False,1790105576
Spin,ab3b3314-f8b5-4604-b3b4-771dd38198cd,e-bike,39.98942305,-82.99519433333334,86,23.41,True,False,False,1790105436
Spin,b435319e-f096-49b0-82a7-4c9f7a8bc268,scooter,39.992974,-82.984105,94,25.46,True,False,False,1790105570
Spin,ce09a09a-9298-4ea5-baf7-92cdbeac7599,e-bike,39.99346333333334,-82.975815,97,26.34,True,False,False,1790105578
Spin,b6b949af-1023-486b-9d11-438deacedf0a,e-bike,40.0071386,-83.010071,87,23.71,True,False,False,1790105568
Spin,f6636060-7477-440b-8d18-95fa4ee1593b,scooter,39.987306,-82.98046,95,25.75,True,False,False,1790105498
Spin,aac33697-855f-4913-b597-f9531087b58b,scooter,39.974416,-83.022713,51,13.76,True,False,False,1790105560
Spin,4ab47995-6f9d-4222-b47b-77bf0ed40dfd,e-bike,39.96755003333333,-82.99734923333332,23,6.15,True,False,False,1790105427
Spin,965ddadc-94be-4ad5-8475-0f70b7009dec,scooter,40.013435,-82.987144,20,5.56,True,False,False,1790105550
Spin,9b629001-fd96-4f33-adb4-7d9329394d7a,scooter,39.972546,-83.005333,83,22.54,True,False,False,1790105503
Spin,161a5cd1-602f-4d7a-b072-552a3ab7d398,scooter,39.975169,-83.002425,87,23.71,True,False,False,1790105428
Spin,e6951440-61c0-45ac-afdf-1fcee25b0a53,e-bike,39.975195,-83.002425,96,26.05,True,False,False,1790105558
Spin,08ab47a9-1756-4170-97f1-eb67acfd91c2,e-bike,39.99972833333334,-83.00064666666667,94,25.46,True,False,False,1790105448
Spin,086f05aa-6f18-46aa-834f-f894e332e920,e-bike,39.97713,-82.99569333333332,29,7.9,True,False,False,1790105440
Spin,a05c4d43-f524-4dc8-a274-15a8fce41f4a,e-bike,39.97469655,-83.0157511,56,15.22,True,False,False,1790105418
Spin,39e47c91-000a-44e8-b1bc-5b76790cb529,e-bike,39.99433943333334,-83.00338959999999,87,23.71,True,False,False,1790105576
Spin,e950e46f-0c34-4226-89b9-b2846aaf43b0,e-bike,39.962189333333335,-83.0041681,86,23.41,True,False,False,1790105438
Spin,2de81b09-cf22-48b3-bb35-8543db954da9,scooter,40.0081426,-83.00951119999999,94,25.46,True,False,False,1790105514
Spin,41700a36-f2e7-4503-b46a-07193bedc38f,scooter,40.023118999999994,-82.98222613333334,91,24.88,True,False,False,1790105525
Spin,ba058795-528e-4251-aa89-26896b8ae6ca,scooter,39.96326953333333,-82.98138853333333,33,9.07,True,False,False,1790105411
Spin,007877b4-d27a-415f-9c7e-e18edcab4e9e,e-bike,39.98981655,-82.98662663333334,87,23.71,True,False,False,1790105368
Spin,27f69ffe-6756-41da-9fd2-ce9e8e58fa06,scooter,39.960609,-82.981678,40,10.83,True,False,False,1790105435
Spin,ec916d4e-26f3-4019-a1af-27be17af2ad4,e-bike,39.96065333333333,-82.98171166666667,46,12.58,True,False,False,1790105446
Spin,91ec04dd-0cb4-449c-87dc-7d4b7d568e54,scooter,39.945408,-82.974194,63,17.27,True,False,False,1790105566
Spin,c8a42d61-3578-461a-99b0-acacd09d9500,e-bike,39.98764666666667,-83.02175166666666,59,16.1,True,False,False,1790105576
Spin,e0ea5232-b652-46cf-89ed-b5c095d27d52,e-bike,39.98763025,-83.02175280000002,73,19.9,True,False,False,1790105502
Spin,b3264b63-10b9-479e-ba43-d7317a55b460,scooter,39.968674,-83.00554,83,22.54,True,False,False,1790105446
Spin,8457e8c6-11d4-4dd8-bf71-d9cb7e8fa8e3,scooter,39.940622,-83.013634,57,16.24,True,False,False,1790105451
Spin,04603b32-03b5-40fa-bc60-96d79e9d9611,scooter,39.983223,-83.005265,94,25.46,True,False,False,1790105562
Spin,3528474e-974a-4f72-b51a-6869f4cb7edb,scooter,39.958354533333335,-82.99747073333334,66,17.85,True,False,False,1790105353
Spin,e1bda007-4368-49fd-864d-6136af85ff59,scooter,39.966039433333336,-82.97280545,67,18.15,True,False,False,1790105520
Spin,e460ad64-6d03-472e-b91b-90bea3b4bb13,e-bike,39.957865,-82.995505,95,25.75,True,False,False,1790105579
Spin,611e1d9e-7a6e-41e5-886b-dc2b8068e127,e-bike,39.992553433333335,-83.0102433,19,5.27,True,False,False,1790105386
Spin,882dc1e8-905b-4361-8ea3-9616384fa1dc,e-bike,39.99448413333334,-83.0056553,32,8.78,True,False,False,1790105515
Spin,b300d93e-51a9-4398-8aea-a298247da6aa,e-bike,39.99121003333333,-83.03516399999998,20,5.56,True,False,False,1790105493
Spin,efb0d89a-b5e2-4b27-b191-b7bec1b187d8,scooter,39.997413,-82.885056,48,13.17,True,False,False,1790105567
Spin,23041f6e-c246-4857-8583-68f4afe31937,scooter,40.002728,-82.998131,29,7.9,True,False,False,1790105350
Spin,17f7e9a1-14d5-4f42-a4f0-139369494083,e-bike,39.96259833333333,-82.99622166666668,41,11.12,True,False,False,1790105390
Spin,fd153090-e7d1-44ae-9580-b3751321a3e0,e-bike,39.96125453333333,-83.00757049999999,35,9.66,True,False,False,1790105481
Spin,8819b98f-64f7-4860-800f-d59139567e86,scooter,40.001811800000006,-83.00215490000001,84,22.83,True,False,False,1790105467
Spin,5a7a3997-6819-4195-b12b-0b2312fd6a78,scooter,40.023947,-82.988288,38,10.24,True,False,False,1790105560
Spin,88285a97-5a9f-4276-b32f-00d1532d0774,scooter,39.958099,-83.006317,31,8.88,True,False,False,1790105383
Spin,083c530e-08d0-402d-a900-5d3a1cf123c6,scooter,39.969263,-82.992613,81,21.95,True,False,False,1790105559
Spin,44e73c28-8474-4ebe-9ec5-d6431c971ae3,e-bike,39.96213643333333,-83.00019079999998,33,9.07,True,False,False,1790105562
Spin,9c7092ed-5303-4afc-8dc0-131a7665f9cf,e-bike,40.0080887,-82.99645173333334,76,20.78,True,False,False,1790105472
Spin,b8128bd6-91a4-456b-86ec-97a20b4372ff,e-bike,39.97241605,-83.00469360000001,67,18.15,True,False,False,1790105513
Spin,cdeeda98-6a9a-4ca0-b318-9f1c6ac5f2ac,scooter,40.000137,-83.003653,55,14.93,True,False,False,1790105457
Spin,54f31e49-514f-499e-821e-49da629f44cc,e-bike,40.0063856,-82.99769223333332,90,24.58,True,False,False,1790105572
Spin,66d516c6-b94c-4312-bf97-1bd0ef6177ca,scooter,39.98923875,-83.0040766,96,26.05,True,False,False,1790105366
Spin,306dbf83-02e9-416b-a02f-853b38e53c36,e-bike,40.00108,-82.99490093333334,37,9.95,True,False,False,1790105486
Spin,1dfc0016-74b1-460e-8843-5beef6cb80bd,e-bike,40.0010783,-82.99486183333332,30,8.19,True,False,False,1790105553
Spin,5b633a79-9e57-43cf-b885-a1fc50c2a671,e-bike,39.97734415,-82.99817373333332,86,23.41,True,False,False,1790105426
Spin,5db37285-18c5-4815-87e6-ea7c63ce04c8,e-bike,39.97801915,-82.99675863333331,87,23.71,True,False,False,1790105539
Spin,c7b31ba5-4681-4f8c-98e1-ec04363292c8,scooter,39.975861050000006,-82.99990813333334,95,25.75,True,False,False,1790105526
Spin,a56315ef-b7d9-4a34-9b6b-aa12258b39a4,e-bike,39.96168,-83.00367499999999,61,16.68,True,False,False,1790105534
Spin,ac6ebacb-6b8e-4b55-b30b-0f47ff21abf3,scooter,39.960411,-83.00941,85,24.2,True,False,False,1790105573
Spin,3b7694d4-e11d-4514-8594-db76ca5f13a6,scooter,39.96349393333333,-83.003078,86,23.41,True,False,False,1790105449
Spin,45a07f47-fd51-4cee-9e67-d5dc28e20597,scooter,39.97141465,-83.00280910000001,95,25.75,True,False,False,1790105420
Spin,8dbd2351-8f3b-4d7e-80f5-97026161d4e5,scooter,40.005319,-82.972361,32,9.19,True,False,False,1790105356
Spin,18102b16-63ac-4335-9c2e-254bcc0306cc,scooter,39.947709,-83.050894,29,7.9,True,False,False,1790105535
Spin,b2b2ef32-b0be-4452-9be3-3340da835850,scooter,39.99405753333333,-83.0063489,95,25.75,True,False,False,1790105463
Spin,25b6e6cc-e904-4eb7-9762-759e3070cb0d,e-bike,39.989123850000006,-82.98390093333335,27,7.32,True,False,False,1790105444
Spin,a6dc2b10-70f6-4cec-b223-24c9d830304c,e-bike,39.98535035,-83.0052841,41,11.12,True,False,False,1790105339
Spin,54d74680-fc39-491b-bb60-b1f4dcd7f9f6,scooter,39.958491,-83.031589,54,14.63,True,False,False,1790105520
Spin,2b3f47b4-f842-454d-8152-eb2d35303917,scooter,40.007091,-82.997524,58,15.8,True,False,False,1790105558
Spin,e6af9469-dc3e-4888-aeb6-39de03d6df89,e-bike,39.949603333333336,-82.97001333333334,24,6.44,True,False,False,1790105538
Spin,afb6dd4f-096f-4de9-bae6-d0305076bbb0,e-bike,39.984702133333336,-83.00514810000001,23,6.15,True,False,False,1790105469
Spin,00f6fc82-decd-4d60-abf1-929d985284f7,e-bike,39.962178816666665,-83.00417881666665,86,23.41,True,False,False,1790105468
Spin,2c4cd709-7f60-41bd-8090-5797901c60a4,e-bike,39.957874999999994,-82.97230333333333,34,9.37,True,False,False,1790105511
Spin,7892516b-e77e-4f68-83e6-619f09ca4c06,scooter,39.934858,-82.968928,63,17.27,True,False,False,1790105410
Spin,bff9ff78-9ec1-44a7-ac97-9cfa8098df83,e-bike,39.943236666666664,-82.996835,61,16.68,True,False,False,1790105540
Spin,8b792da1-654f-4fde-a3f4-96d1e2ea31ca,e-bike,39.98003013333334,-83.02703430000001,45,12.29,True,False,False,1790105571
Spin,77142a88-ad98-4fe8-af8d-8ce073cb2455,e-bike,39.991236666666666,-83.00638166666667,48,13.17,True,False,False,1790105534
Spin,e872b5f0-c3f9-4ebf-8526-c4096b8babc9,e-bike,40.003116,-83.0082196,73,19.9,True,False,False,1790105510
Spin,a66d1cc0-755b-4025-9aa6-33bdb3e693be,scooter,40.0104684,-82.97271835000001,68,18.44,True,False,False,1790105484
Spin,2e905eed-db79-433c-a0b5-12ba25e154dd,e-bike,40.005983900000004,-83.00891600000001,87,23.71,True,False,False,1790105541
Spin,720b62de-d916-4b91-8ca6-53204b051f26,scooter,39.967820933333336,-82.98796405,68,18.44,True,False,False,1790105491
Spin,85d14b48-7411-43eb-83b6-b2e3daa34f49,scooter,39.963255,-82.981319,46,13.17,True,False,False,1790105531
Spin,6a1f74c6-f1cc-4d7f-9572-782c9eb656c8,scooter,40.0041271,-83.00865950000001,91,24.88,True,False,False,1790105501
Spin,a894dbb8-4680-4d05-90fc-d0e8540d1f90,scooter,40.0119129,-83.0130445,96,26.05,True,False,False,1790105330
Spin,eb1409df-37fe-4ced-8af5-e4f14760fe55,e-bike,40.009020299999996,-83.0082024,56,15.22,True,False,False,1790105518
Spin,10d7bcd1-d94f-4efb-801b-aa7109b98bae,scooter,39.940028,-83.058573,96,26.05,True,False,False,1790105559
Spin,928a1344-f171-47d5-839b-dd9b0c7ba87f,scooter,39.951127,-83.065738,29,7.9,True,False,False,1790105368
Spin,053671a1-9027-409d-8767-a42f44e068d6,scooter,40.0080014,-83.0140566,52,14.05,True,False,False,1790105498
Spin,d16447b7-b18c-461f-b18a-0235c49c9fa3,e-bike,40.0621602,-83.01963470000001,28,7.61,True,False,False,1790105528
Spin,012a1f89-584e-4cf2-b134-ffbcfc48a9e7,scooter,40.006473199999995,-83.01421280000001,73,19.9,True,False,False,1790105482
Spin,71e7a17c-e02d-449d-a602-945ac71320fe,scooter,39.947244,-83.053136,96,27.26,True,False,False,1790105452
Spin,68e98dab-3db9-434d-8708-1a2e0587e6a3,scooter,39.94727,-83.053162,88,25.12,True,False,False,1790105521
Spin,efb1b66a-578e-448d-bdea-567ec131c7e9,scooter,39.947719,-83.050913,95,25.75,True,False,False,1790105540
Spin,a9cae4d1-f511-41c2-9d3e-6a26fa8838d3,scooter,39.948362,-83.047062,88,24.0,True,False,False,1790105539
Spin,84fccefb-b7e7-4b39-a75e-edfaa2894de1,scooter,39.95715,-83.041255,94,25.46,True,False,False,1790105324
Spin,c4e6aaf0-759f-4af3-a7a9-99ff78c433ec,e-bike,40.0066145,-83.02040819999999,86,23.41,True,False,False,1790105540
Spin,8377c5dc-cb7f-4458-b734-76eaba372dd3,e-bike,40.006608,-83.02042449999999,42,11.41,True,False,False,1790105571
Spin,9e647a61-d086-46ae-bb65-53df772cdc3c,scooter,39.958565,-83.031857,87,23.71,True,False,False,1790105523
Spin,b47d49a0-eb9e-4b5e-8db4-94f9ab93b6f2,e-bike,40.0118972,-83.01275609999999,68,18.44,True,False,False,1790105510
Spin,4d55ba62-ee59-4337-b1ba-e6d5969d03d8,e-bike,39.99203253333334,-83.006724,30,8.19,True,False,False,1790105542
Spin,b6a2e00f-13fe-40cd-ade1-e2d6adc355e0,e-bike,40.00130166666667,-82.99921666666665,29,7.9,True,False,False,1790105522
Spin,52126c18-526f-4314-8faf-b17d28f0fab7,scooter,39.997192,-82.977889,82,22.24,True,False,False,1790105538
Spin,8b8c2388-6394-4637-b07c-60bd034b1868,e-bike,39.969780433333334,-82.97228415,65,17.56,True,False,False,1790105531
Spin,5d872f4a-f0d7-4317-9ec0-5944e4046459,scooter,40.006465,-83.016354,91,24.88,True,False,False,1790105525
Spin,99aa0469-0076-435c-b656-6c4f753247d7,scooter,40.014676,-82.988202,43,12.25,True,False,False,1790105339
Spin,0611a3e2-7ba4-440b-9aa3-a35f040a13ca,scooter,40.0142809,-83.0054678,49,13.46,True,False,False,1790105504
Spin,791d2c11-5a67-458d-9ed1-1f63dc5c8b4e,scooter,39.948741,-82.991547,72,20.52,True,False,False,1790105476
Spin,8bcbe672-39d0-451e-a861-2e0fa342075c,e-bike,40.003298,-82.99943603333334,22,5.85,True,False,False,1790105369
Spin,895ffe73-a1d2-4701-8b69-1e9cb860ddc8,e-bike,39.959180833333335,-82.99521863333332,52,14.05,True,False,False,1790105533
Spin,9027ead5-757e-45e8-b015-b073d1973c8c,e-bike,39.959207533333334,-82.99522993333333,55,14.93,True,False,False,1790105539
Spin,3fda1e97-c2e0-4e40-8b6f-d8577c4c8c12,e-bike,39.95776,-82.99810833333335,58,15.8,True,False,False,1790105477
Spin,f4936bd9-6e79-4eab-9a3a-69af40fb8195,e-bike,39.957764233333336,-82.99807433333332,88,24.0,True,False,False,1790105467
Spin,f858a70a-b4b3-4466-8d99-c8d5165d031a,scooter,39.95917813333333,-83.00293099999999,98,26.63,True,False,False,1790105366
Spin,04417d98-b0a0-4b03-870b-6abaff6d9677,scooter,40.014526,-82.98666,63,18.07,True,False,False,1790105533
Spin,0b03120c-62a0-4018-b79f-3309ed85b163,scooter,39.959059,-83.009873,91,24.88,True,False,False,1790105568
Spin,522400a0-def1-463b-9e28-8fbaab267e2a,e-bike,39.96122793333333,-83.00654469999999,31,8.49,True,False,False,1790105535
Spin,3e8fcfe5-0ea6-4476-b0f7-f6bffdf64222,e-bike,39.961228750000004,-83.00656175,87,23.71,True,False,False,1790105533
Spin,48fba1df-d2a4-4cf6-bb2a-0d4824d0ec91,e-bike,39.96123793333334,-83.0065586,90,24.58,True,False,False,1790105535
Spin,201f92f3-1278-4cf7-ab0c-8460e18b0cc8,scooter,39.96118143333333,-83.00651180000001,38,10.24,True,False,False,1790105491
Spin,901bdf87-4220-4452-9108-ebac79d4c492,scooter,39.960556,-83.013878,40,10.83,True,False,False,1790105524
Spin,c9577cdf-7340-410e-a6a7-d662ec805cd7,e-bike,39.96001833333333,-83.01188333333333,33,9.07,True,False,False,1790105578
Spin,841c544e-0b51-4244-92a4-aee2bc40c768,e-bike,39.99123863333333,-83.00522500000001,88,24.0,True,False,False,1790105497
Spin,8469a8f1-dfb9-4ed9-91c8-09ca186dca35,scooter,40.014722,-82.988421,23,6.15,True,False,False,1790105536
Spin,fc934b90-62d8-438d-9bff-ffd361450288,scooter,39.96244443333333,-82.97755145,98,26.63,True,False,False,1790105549
Spin,0123cab9-ea16-4ce8-b4a4-aec9147669f6,scooter,39.952294,-82.986753,61,16.68,True,False,False,1790105450
Spin,ebe7afdb-b733-474c-a6e8-c51b667e8586,scooter,39.952265,-82.986738,60,16.39,True,False,False,1790105565
Spin,73e3234a-c635-4619-b1cc-b502908e1810,scooter,39.987327,-83.009254,32,8.78,True,False,False,1790105435
Spin,bb286686-b14e-4d77-9171-93496ac427d5,e-bike,39.976534050000005,-82.99549133333333,94,25.46,True,False,False,1790105525
Spin,741fe326-564c-48f2-b71c-07b49ca4b88b,e-bike,39.98069423333333,-82.99131943333332,92,25.17,True,False,False,1790105551
Spin,d48d9021-a8dd-47f9-93ee-3613c4521a7f,e-bike,39.98045103333333,-82.99254683333332,88,24.0,True,False,False,1790105493
Spin,debeaf3b-41f7-4ad5-9f81-c0dab79075c1,e-bike,39.95067166666667,-82.99830333333333,24,6.44,True,False,False,1790105553
Spin,cd038a4c-16db-40a9-ad34-b17000a12292,e-bike,39.95204833333333,-82.98251499999999,77,21.07,True,False,False,1790105542
Spin,0f8c56ef-e6af-4302-ae60-0b6f116ad258,e-bike,39.95212333333333,-82.98251166666665,88,24.0,True,False,False,1790105541
Spin,830af6aa-7144-4836-8915-f2b417e6d79a,e-bike,40.01330866666667,-83.01091421666666,88,24.0,True,False,False,1790105547
Spin,14268b01-bbdc-4b96-9d71-adc3d5b1e1ba,e-bike,40.0133307,-83.01091300000002,88,24.0,True,False,False,1790105537
Spin,2e6a2c50-ffb9-4b5b-b8f3-f95107d2d8c0,e-bike,40.01330966666667,-83.01089478333333,91,24.88,True,False,False,1790105574
Spin,72546f31-7899-450b-b02f-7f457eee1206,e-bike,40.0145875,-83.01109399999999,87,23.71,True,False,False,1790105413
Spin,53655764-bb81-4fc7-b93f-837d612ff74c,e-bike,40.01461011666667,-83.01110505,88,24.0,True,False,False,1790105538
Spin,29bd9580-4f56-49e1-a1c0-0dd9a40142c3,e-bike,39.944079933333335,-82.99789573333334,69,18.73,True,False,False,1790105539
Spin,c177c61e-d375-4fe4-b079-e0eda780be47,e-bike,39.944251666666666,-82.98315166666667,62,16.97,True,False,False,1790105503
Spin,fb4ba62d-1b95-43d7-b5ca-78da78919fa0,e-bike,39.944246666666665,-82.98313666666667,54,14.63,True,False,False,1790105544
Spin,23b32433-87c3-4cfb-b95b-47daaa0256fd,e-bike,39.99388423333333,-82.99975843333335,95,25.75,True,False,False,1790105485
Spin,55df6377-96cc-43f4-a8b9-b0532271abba,scooter,39.943833,-82.983421,98,26.63,True,False,False,1790105550
Spin,7eeaab21-4467-4a00-81a7-7cd9ae3ecaba,e-bike,39.98640083333333,-83.0042403,92,25.17,True,False,False,1790105527
Spin,a01a186b-d70f-46dd-8d3e-f5f8eff47b38,e-bike,39.94146,-82.98328500000001,76,20.78,True,False,False,1790105527
Spin,9f5308ad-d8a5-468b-a7fa-c3532bc5f460,scooter,39.941506,-82.983313,75,20.49,True,False,False,1790105557
Spin,1281fb90-3f23-4e62-8d71-38c440781db2,scooter,39.941411,-82.98328,53,14.34,True,False,False,1790105497
Spin,c6ac6237-7484-41f9-8656-dd89e88784a7,e-bike,39.94145666666667,-82.98328833333335,100,27.22,True,False,False,1790105552
Spin,56a0e7c0-520a-4c60-87d7-5945a6a7fead,e-bike,39.98605463333333,-83.00559040000002,94,25.46,True,False,False,1790105513
Spin,fc3428a9-3183-407e-b5f7-a52f4ec6a247,e-bike,39.94403,-82.99779500000001,38,10.24,True,False,False,1790105578
Spin,c1801ac4-d4be-449e-b405-eec504965024,scooter,39.961028,-82.974757,57,15.51,True,False,False,1790105555
Spin,58b8be41-89c4-4237-8c02-7032b2504800,e-bike,39.987584950000006,-83.02065730000001,88,24.0,True,False,False,1790105432
Spin,98839702-76f0-45cf-85c6-cffba19e690c,scooter,39.958557,-83.031935,75,20.49,True,False,False,1790105559
Spin,57660edf-218c-415e-8405-28c1ebbd3758,e-bike,40.0092638,-83.0098979,86,23.41,True,False,False,1790105428
Spin,54325e52-39de-4492-8947-85fcb3d5b9e6,scooter,39.985853049999996,-83.02752989999999,91,24.88,True,False,False,1790105563
Spin,71486af9-183a-470a-81c9-b66b1ab13612,scooter,39.98910025,-83.03271199999999,99,26.93,True,False,False,1790105413
Spin,f53620dc-1812-4f2e-9bff-cfa5bdd44ac5,e-bike,39.99931353333333,-83.00393690000001,40,10.83,True,False,False,1790105530
Spin,74d8bd3d-f2ac-4b91-b22f-3989295b3498,scooter,39.99112123333334,-83.0093251,39,10.54,True,False,False,1790105554
Spin,9abf1cf6-402d-4468-ae60-686b43ca36c5,scooter,39.935407,-82.983806,89,24.29,True,False,False,1790105577
Spin,bfa1d29b-c7bd-47e9-8ac3-bc8f99c61f10,scooter,39.935433,-82.983783,71,20.22,True,False,False,1790105505
Spin,0a027aa3-efcb-44dc-add9-af3d1e5aee7c,e-bike,39.935435,-82.98380999999999,51,13.76,True,False,False,1790105473
Spin,3318e137-41fa-47eb-9847-07037e745245,scooter,39.935404,-82.983807,97,26.34,True,False,False,1790105550
Spin,ee4d838a-059a-4c58-b279-16d4bd186789,scooter,39.935439,-82.983773,77,22.06,True,False,False,1790105560
Spin,38d57744-2dff-4c32-a9b6-374e0a30f77e,e-bike,39.935433333333336,-82.98380166666666,67,18.15,True,False,False,1790105475
Spin,075bf188-50df-45a5-b958-342f707b0cab,e-bike,39.95202666666667,-82.98249499999999,51,13.76,True,False,False,1790105490
Spin,3ae35c23-91a2-460a-91aa-12c30ff05cbe,e-bike,39.98626913333333,-83.03209389999999,61,16.68,True,False,False,1790105534
Spin,a4575ef5-1689-435a-b568-c022ca1c57d8,e-bike,39.976323650000005,-83.00251920000001,56,15.22,True,False,False,1790105575
Spin,b49463d4-e891-45f4-836c-f0433dd6688a,scooter,40.0092976,-82.98081403333332,22,5.85,True,False,False,1790105552
Spin,793a33f4-954c-4f20-8d15-6f01c839b2d0,scooter,40.00767,-82.983684,82,22.24,True,False,False,1790105449
Spin,70d0ba52-fa06-44af-bef2-3a98ee8a6f0a,e-bike,40.0145245,-82.99227223333334,76,20.78,True,False,False,1790105423
Spin,e1212084-af2b-4180-b062-b47560485b4a,e-bike,40.0008228,-83.0018623,31,8.49,True,False,False,1790105523
Spin,796d47bd-5e22-4bfc-a145-4400175bdd0f,scooter,39.999959,-82.966931,15,4.1,True,False,False,1790105534
Spin,3b78433f-884d-47ea-b052-20a874c301fc,e-bike,39.963095233333334,-82.97795964999999,86,23.41,True,False,False,1790105530
Spin,79df4045-fc3e-4bc8-af55-10ebe5edaf82,e-bike,39.96308943333334,-82.97793585,84,22.83,True,False,False,1790105442
Spin,924e27c5-96d2-47db-801b-b6abd1f31a6a,scooter,39.939775,-82.997242,92,25.17,True,False,False,1790105530
Spin,7323a36c-c35f-4fef-9959-4b1e9a68547a,e-bike,39.997282633333334,-82.99615043333333,57,15.51,True,False,False,1790105367
Spin,f842e803-dbb2-4369-b1ff-b4c9c8d81f13,e-bike,40.015016700000004,-82.99883113333333,53,14.34,True,False,False,1790105372
Spin,65896a40-0de1-4531-9eed-a6721baad40b,scooter,40.023915800000005,-83.02580189999999,86,23.41,True,False,False,1790105325
Spin,a4484c8d-123c-4424-a1ef-10b48299c63f,e-bike,39.99319283333333,-83.00172749999999,94,25.46,True,False,False,1790105489
Spin,698829c6-3d2d-43c6-90ba-871629396d4a,e-bike,40.000974400000004,-82.99597693333332,57,15.51,True,False,False,1790105574
Spin,eed98075-9e86-4ea8-bc85-6b7801b6ed5c,e-bike,40.008515800000005,-83.0098771,87,23.71,True,False,False,1790105573
Spin,f39692bc-4e5f-4970-b515-47e1e1226d96,e-bike,39.96304513333334,-83.0027289,94,25.46,True,False,False,1790105569
Spin,3f5fc9ad-b157-493b-ac96-d61aa06f6792,e-bike,39.994921833333336,-83.0034096,42,11.41,True,False,False,1790105461
Spin,24ee22d8-3569-4d34-a21a-c499b88dd881,e-bike,39.998783233333334,-83.0057691,17,4.68,True,False,False,1790105561
Spin,b7944e13-bc5d-4455-906a-c18c96380daa,e-bike,39.94746213333334,-82.99516783333333,94,25.46,True,False,False,1790105567
Spin,9a42db0b-ed37-46e2-9fe4-637f2cbd5905,e-bike,40.00648141666667,-83.01422339999999,87,23.71,True,False,False,1790105509
Spin,f1c7e3d5-0c11-4d6c-b520-f40dcef78152,e-bike,40.0145906,-83.01109058333334,91,24.88,True,False,False,1790105576
Spin,14e0868d-ca10-4548-814b-6b188d5ba8de,e-bike,39.996132933333335,-83.0267726,84,22.83,True,False,False,1790105500
Spin,718570eb-95ee-4ec1-9714-93280f3eb43b,e-bike,39.950703133333334,-82.99851513333333,59,16.1,True,False,False,1790105557
Spin,2be659f7-cd1f-4703-be11-953c9199a048,e-bike,39.97179045,-83.00731150000001,56,15.22,True,False,False,1790105565
Spin,8eff6454-08ae-4502-a204-24afc9b5a87f,scooter,39.998289533333335,-82.99568023333335,31,8.49,True,False,False,1790105387
Spin,72f142e6-4b0d-428c-bf48-d51a0c7db03d,scooter,39.998973,-83.00758,73,19.9,True,False,False,1790105560
Spin,95224c5c-ad8e-4fc1-9bc9-55b8a43e8b4a,e-bike,39.993163333333335,-82.98156666666667,19,5.27,True,False,False,1790105484
Spin,df396fca-d2fd-4dd6-92f1-32debaa96010,scooter,39.96626533333333,-82.97520735000002,53,14.34,True,False,False,1790105392
Spin,3b1d2891-fd74-4d7f-9fd1-db8843a1b879,e-bike,40.006323800000004,-83.0088788,41,11.12,True,False,False,1790105381
Spin,b8106d9c-9989-4784-b82c-88f10870a7de,e-bike,40.0063276,-83.00880860000001,57,15.51,True,False,False,1790105454
Spin,5ae4d127-d249-4bc6-ac94-0967c20c3a67,e-bike,39.998205,-82.97274,40,10.83,True,False,False,1790105451
Spin,f6e37ab7-6463-4c04-b358-5163a9c00228,e-bike,39.97439345,-83.00444969999998,73,19.9,True,False,False,1790105576
Spin,31905f12-fc1e-450c-a458-4e639fbfb095,e-bike,39.99083433333333,-83.00413599999999,90,24.58,True,False,False,1790105521
Spin,3ebe6514-9753-4757-a1d1-2bc79ca2af18,e-bike,39.95648666666667,-83.00764166666667,62,16.97,True,False,False,1790105435
Spin,d9234ae8-2ce5-40a9-84df-c507e61789d6,e-bike,39.98424643333333,-83.02827649999999,24,6.44,True,False,False,1790105574
Spin,9931f180-5ed2-4d1f-820d-a82379f2dbeb,e-bike,39.97502085,-83.00311600000002,45,12.29,True,False,False,1790105549
Spin,414cc31d-66eb-4c43-8d33-526c4ad7aa08,e-bike,40.004002,-83.00810099999998,96,26.05,True,False,False,1790105531
Spin,a9944191-272a-460f-91f9-e1d2c963f9fe,scooter,40.000927,-83.007932,96,26.05,True,False,False,1790105565
Spin,8c5870f2-55ad-45ec-b41f-cb411bb36f28,e-bike,39.996138333333334,-83.006365,98,26.63,True,False,False,1790105447
Spin,7247cf51-421e-4435-9cc8-394917cbb48f,e-bike,39.96248683333333,-82.97756874999999,89,24.29,True,False,False,1790105520
Spin,ba8e86a7-b096-4a25-a6f6-3edc8496503f,e-bike,39.97239735,-83.00437760000001,95,25.75,True,False,False,1790105550
Spin,8a799588-07b2-4c50-b145-a721746de0c0,scooter,39.988974549999995,-83.00584140000001,100,27.22,True,False,False,1790105501
Spin,a30bd40c-ad5e-497e-b86c-0bbd33fce002,scooter,39.992301,-82.999846,63,17.27,True,False,False,1790105366
Spin,7ca058a7-cc40-4550-8f4d-e48ac45b7af6,e-bike,40.010828100000005,-83.0062185,33,9.07,True,False,False,1790105318
Spin,883313d7-0426-4285-a891-a6308ec762f2,e-bike,39.98051303333333,-82.99847573333334,37,9.95,True,False,False,1790105392
Spin,30bf2a6a-7e50-4762-975e-c39399ea09c1,scooter,39.980513933333334,-82.99842853333332,37,9.95,True,False,False,1790105535
Spin,cc41b5b2-42a8-49e3-9b74-5255c3ee87dd,scooter,39.95779063333334,-82.99806213333335,61,16.68,True,False,False,1790105564
Spin,4a7a54b2-9bef-40d0-b5d3-8ab4cff4e751,e-bike,39.98689733333333,-82.99734823333334,52,14.05,True,False,False,1790105498
Spin,2c40cc22-b11e-4606-b4b5-c8795706f423,e-bike,39.962011133333334,-83.00082429999999,67,18.15,True,False,False,1790105574
Spin,6a35b800-d361-4f96-85cd-b6439fe4c782,e-bike,39.957451666666664,-82.98829833333333,56,15.22,True,False,False,1790105446
Spin,8046e803-7d65-4943-aa4f-1bf611e434f0,e-bike,39.99627533333333,-82.99988443333335,33,9.07,True,False,False,1790105494
Spin,b7311e0f-0f7c-4436-942c-99874a71879d,e-bike,40.0236843,-82.99575913333335,95,25.75,True,False,False,1790105538
Spin,a2f96521-230f-4a5d-92b1-1664c4ae3d38,e-bike,40.0262852,-82.98707093333333,96,26.05,True,False,False,1790105544
Spin,400f253b-f872-4476-894c-8b2c8328ca4a,e-bike,40.0150149,-83.00028599999999,96,26.05,True,False,False,1790105572
Spin,deb84046-0247-43d4-bcc6-8c9ee404c4c7,e-bike,40.009859,-83.0079401,62,16.97,True,False,False,1790105556
Spin,289a69c3-b008-4632-a55f-496a1beab796,scooter,40.010815,-83.009747,76,20.78,True,False,False,1790105530
Spin,bff47bae-776d-409c-b802-8e01c9120753,scooter,39.981331733333334,-82.99721333333333,98,26.63,True,False,False,1790105452
Spin,75a761f9-ec44-41a9-a0ea-88387a361dff,e-bike,39.995680633333336,-83.0000351,45,12.29,True,False,False,1790105517
Spin,d735e992-48a7-45ac-a022-377da14ff76e,e-bike,40.013466099999995,-83.0132174,61,16.68,True,False,False,1790105571
Spin,7ecc94c8-538c-404f-9e65-f0c2f9a55a51,e-bike,40.0134832,-83.0131959,51,13.76,True,False,False,1790105571
Spin,cdef6044-7f7a-440a-8606-135af3210eb3,scooter,39.897582,-82.983215,78,21.36,True,False,False,1790105516
Spin,cef063e1-1432-4eb1-8fa8-b3f0b57220b9,e-bike,39.96120833333334,-83.00653630000001,51,13.76,True,False,False,1790105533
Spin,2890bd65-41c7-45ca-ab4b-c87834fc55f3,scooter,40.0019082,-83.0018468,83,22.54,True,False,False,1790105560
Spin,c79717dc-73cc-466e-9f99-2f14d1b8e074,e-bike,39.97171816666666,-83.00268698333333,77,21.07,True,False,False,1790105426
Spin,1dea3d88-f485-4beb-ac16-b9f64324b268,e-bike,39.92637323333334,-82.99335783333332,49,13.46,True,False,False,1790105428
Spin,303e989e-4c16-4a20-9cb9-a06cecdf5311,scooter,39.96530473333333,-83.0047029,35,9.66,True,False,False,1790105301
Spin,94ec2af3-1798-43ef-abaa-297b833bc051,scooter,39.96534103333333,-83.00466829999999,70,19.02,True,False,False,1790105363
Spin,18d54d6f-1fb1-40c7-81f0-b0ecf0f0b991,e-bike,39.99150303333333,-83.0062886,40,10.83,True,False,False,1790105538
Spin,5584ef57-4074-4b62-bf84-3b43789bba56,e-bike,40.0066755,-83.01269670000002,44,12.0,True,False,False,1790105502
Spin,b5545eba-ad52-4419-9f00-26d96788e050,e-bike,39.98934765,-82.99516433333335,56,15.22,True,False,False,1790105451
Spin,c363c081-9e7c-4025-bf5b-7cd0a18cdca4,e-bike,39.955813033333335,-83.00316550000001,20,5.56,True,False,False,1790105479
Spin,6e55fecd-4a73-43c5-afe9-2d678ac9d7ba,e-bike,39.97960175,-83.01860900000001,19,5.27,True,False,False,1790105540
Spin,7fc42373-8ee1-4a31-a0c4-86a18f6a39d9,scooter,39.95651073333333,-83.00834979999999,49,13.46,True,False,False,1790105536
Spin,646bc1b3-a427-435d-ad7b-673e5d74a6d1,scooter,40.0071602,-83.00496730000002,73,19.9,True,False,False,1790105570
Spin,c934492c-55d1-4250-b83f-4fd0a7dabce4,e-bike,39.95893913333334,-83.0003428,66,17.85,True,False,False,1790105502
Spin,1cda4f1d-5335-453a-9532-86a6c2c3a3cd,e-bike,39.95713743333333,-83.0033633,89,24.29,True,False,False,1790105542
Spin,14a33617-c754-429f-b44b-4b63b454ca38,e-bike,39.99568313333334,-83.00054649999998,32,8.78,True,False,False,1790105560
Spin,c5082a3a-3a8f-4617-9148-cabe2cc6c6c5,scooter,40.001913,-83.000629,55,15.62,True,False,False,1790105544
Spin,06b5d7f2-186c-488e-8249-46f72cf6bc30,e-bike,39.98541875,-83.00507289999999,90,24.58,True,False,False,1790105577
Spin,e4ded666-4bfa-4915-890c-d17c98c6212a,scooter,39.96511763333333,-83.00224619999999,68,18.44,True,False,False,1790105498
Spin,4ac610c9-798b-4847-8bcf-6922775bbe3d,scooter,39.987169,-83.006373,61,16.68,True,False,False,1790105474
Spin,2a11fba7-24a3-4fc6-8a96-a9c573410cb3,scooter,39.965455,-83.002108,70,19.02,True,False,False,1790105480
Spin,5c05961a-b265-4620-b368-b144e7d0c0f7,e-bike,40.0071831,-83.00445739999999,89,24.29,True,False,False,1790105557
Spin,344c287a-e958-41ac-a32c-6f9bc62b47e1,e-bike,40.023682900000004,-82.99575943333333,74,20.19,True,False,False,1790105489
Spin,62e7882d-d1af-4bb0-a337-c28bcb63b421,scooter,39.935483,-82.988883,26,7.35,True,False,False,1790105453
Spin,690c0f9f-73c1-4789-b125-d0735f50eb7c,e-bike,39.983035533333336,-83.00630780000002,41,11.12,True,False,False,1790105572
Spin,04ede52c-582d-4868-87b8-393f8d723de0,e-bike,40.0187374,-83.03561450000001,95,25.75,True,False,False,1790105521
Spin,9c9b8f3e-f33a-414b-8cdc-e179e5a58424,e-bike,40.019497,-83.04120569999999,92,25.17,True,False,False,1790105370
Spin,0c200764-75a0-4d0f-a5c1-48a6c5ebddb0,scooter,39.957133,-83.041284,69,18.73,True,False,False,1790105535
Spin,9e68162d-05ad-4aa7-b036-ab01d8238739,scooter,40.027309599999995,-83.0396446,100,27.22,True,False,False,1790105361
Spin,158eb867-0c63-49d5-ba80-9667757437a8,scooter,39.96037903333333,-82.89382131666667,68,18.44,True,False,False,1790105426
Spin,2e53d654-16ab-40e4-b3eb-e192288df3bf,scooter,39.97893,-83.003938,96,27.26,True,False,False,1790105329
Spin,8108cae3-4e9f-47fd-95c8-e3c410cec354,scooter,39.945596,-82.995675,99,28.18,True,False,False,1790105536
Spin,e59a8bc2-fbc7-479c-81c1-0d0f06fce792,e-bike,39.933914533333336,-82.98365383333334,96,26.05,True,False,False,1790105549
Spin,e1c3cf57-0e91-4636-b577-8ebbe6a30536,e-bike,39.976681549999995,-82.98527495000002,97,26.34,True,False,False,1790105379
Spin,3af61acb-7420-4196-80d0-1da2d4b80252,e-bike,39.98349013333333,-82.99706183333335,96,26.05,True,False,False,1790105513
Spin,b9fb248a-d0b9-4071-ad5a-0fc872171345,e-bike,39.98578465,-82.99516543333333,97,26.34,True,False,False,1790105573
Spin,bf5e8359-71b5-44a8-a9cb-268244686b37,scooter,39.996163333333335,-83.0063888,100,27.22,True,False,False,1790105514
Spin,43858300-8693-457f-ace0-4dc6471cd691,e-bike,40.00028651666666,-83.00174845000001,98,26.63,True,False,False,1790105459
Spin,f9cc0726-1b55-495f-9a2e-4edfe2544b7d,e-bike,39.99893721666667,-82.98614816666668,96,26.05,True,False,False,1790105511
Spin,b872d092-ad71-4951-92cd-71620f57d2e5,scooter,39.969188933333335,-83.00400229999998,83,22.54,True,False,False,1790105498
Spin,ffd2ca7a-b159-4b75-9182-a77cd0955ef1,scooter,40.03813,-83.017725,24,6.74,True,False,False,1790105554
Spin,690b2cfe-7cee-448d-84a3-7a12cddfffce,e-bike,40.031291499999995,-83.00142499999998,94,25.46,True,False,False,1790105515
Spin,d913d412-a90d-49b9-9195-faee4c5f395e,e-bike,39.991425,-83.01378166666667,43,11.71,True,False,False,1790105290
Spin,53a4218b-c45e-4d5d-9034-f28a46854ee1,scooter,40.014688,-83.000198,89,25.43,True,False,False,1790105411
Spin,1f78e0bf-6334-4dbf-88cf-dadb25b280c2,e-bike,39.96218373333333,-83.00419529999999,15,4.1,True,False,False,1790105490
Spin,f9a2fefd-78cf-4a84-9af7-c0b3f45a86cd,scooter,40.0270014,-82.95735333333332,100,27.22,True,False,False,1790105563
Spin,4581d57e-b653-45ec-a03c-e66117ec2bd0,e-bike,40.0064717,-83.01421450000001,87,23.71,True,False,False,1790105413
Spin,a626aee9-021e-4e1f-8e70-23aead9818f4,e-bike,40.006489099999996,-83.0142015,86,23.41,True,False,False,1790105542
Spin,561fd63e-ff4f-4576-8897-a3108525ed47,e-bike,40.006496,-83.01419740000001,87,23.71,True,False,False,1790105335
Spin,3671cf2a-7b23-43b3-90d0-b95cc8b96edb,e-bike,39.952329999999996,-82.98670166666668,68,18.44,True,False,False,1790105421
Spin,b7b9e555-80ee-418a-92aa-82fc8143ccd6,scooter,39.94543,-83.016652,45,12.29,True,False,False,1790105541
Spin,fc058f42-8a89-4a3b-9ccd-550859e4ae47,e-bike,39.94819666666667,-82.99961166666665,73,19.9,True,False,False,1790105488
Spin,8459a28c-588b-463c-ad73-19060b045f8e,scooter,40.0022947,-83.00842990000001,86,23.41,True,False,False,1790105455
Spin,7fd2fe67-495d-4975-aecc-85df75fa6763,e-bike,40.006424,-83.00920130000002,70,19.02,True,False,False,1790105568
Spin,6b23082d-fcaa-4c98-aa31-54ef3e8984da,e-bike,39.95729203333334,-83.00064230000001,81,21.95,True,False,False,1790105410
Spin,8d65be28-44b2-4e61-b433-bba51e7ac893,e-bike,39.957874833333335,-83.00154859999999,23,6.15,True,False,False,1790105500
Spin,1b9547e0-b15b-478c-b206-50f697404d91,scooter,39.965756,-82.969109,45,12.29,True,False,False,1790105510
Spin,3d599adc-6953-4bd9-88fa-e8daae6f18d0,e-bike,39.98542435,-83.0050835,69,18.73,True,False,False,1790105572
Spin,95912761-b556-4d87-a522-6b709972e9e4,e-bike,39.95397553333333,-82.98004123333334,40,10.83,True,False,False,1790105381
Spin,9fde3dfa-6310-432d-bc97-bb58f8ef40a6,e-bike,39.95399703333333,-82.98025133333334,76,20.78,True,False,False,1790105537
Spin,dad24b34-9d87-40c1-8498-f919533b9cd7,e-bike,39.99466183333333,-83.0065061,61,16.68,True,False,False,1790105569
Spin,c3f00b28-e83e-4296-90f8-7359b90a5d64,e-bike,39.98406753333334,-83.00513619999998,59,16.1,True,False,False,1790105525
Spin,faf8749d-fe7b-48b7-a0b5-6f8b2a5dbc42,e-bike,39.98401166666667,-83.00511166666665,53,14.34,True,False,False,1790105554
Spin,549cd592-71ba-4a40-95fc-ac046d978f5b,e-bike,39.98406851666667,-83.00512311666668,66,17.85,True,False,False,1790105555
Spin,933942d8-6a05-4f23-b7ea-14f485e38e62,e-bike,39.99199775,-83.00654306666665,88,24.0,True,False,False,1790105569
Spin,ab58c710-d32f-41eb-8841-bc83647ad7ab,e-bike,39.945500333333335,-83.03547410000002,65,17.56,True,False,False,1790105440
Spin,bce5e995-9c0a-47b1-bd55-b0210d00f1ba,scooter,39.961431,-83.000521,73,19.9,True,False,False,1790105542
Spin,d99332a4-487f-476e-b27e-fa8f1d4537bf,e-bike,40.0120895,-83.0106001,91,24.88,True,False,False,1790105534
Spin,3d9ab69a-95f5-4a7e-a2dc-ef4c10f8b64a,scooter,39.961275,-83.009422,46,12.58,True,False,False,1790105448
Spin,7e982173-5649-4f0f-8796-0e7ffd8dd51d,e-bike,40.0062491,-83.00081569999999,37,9.95,True,False,False,1790105546
Spin,34fb1d9b-e26a-47d7-bd61-a099661186ad,scooter,39.984239,-83.02563,40,10.83,True,False,False,1790105443
Spin,edd34ba8-4808-475b-be21-ef460d961af5,e-bike,39.94932583333333,-82.99867003333333,37,9.95,True,False,False,1790105571
Spin,2bc2a364-d586-4249-9b31-a14ab94b93ec,scooter,39.97698295,-83.00270219999999,62,16.97,True,False,False,1790105480
Spin,244134a0-1a1f-4bec-a125-9738d44fceea,scooter,40.014432,-82.985962,46,13.17,True,False,False,1790105540
Spin,f6b6567f-b132-461d-b67d-30d087bbca66,scooter,40.024078,-83.001175,91,24.88,True,False,False,1790105579
Spin,b842fdcd-6e7d-44ca-a0e7-973b0e3d5621,e-bike,39.98523585,-83.00544649999999,57,15.51,True,False,False,1790105454
Spin,08e445e0-fcd4-4f45-a6d6-df3e6c08472a,e-bike,39.98524485,-83.00545500000001,43,11.71,True,False,False,1790105455
Spin,57a0ad7a-a111-4da0-9efd-dc09f952940f,scooter,39.940512,-82.983442,91,26.04,True,False,False,1790105343
Spin,d914ba14-d521-4dd8-8854-43cac4776491,scooter,39.959053,-82.998038,61,16.68,True,False,False,1790105435
Spin,ba1ab8e5-af77-40dd-a203-5f3b817557e7,scooter,40.006151,-83.009381,57,15.51,True,False,False,1790105560
Spin,0167d472-02cc-4a53-ac79-56fb435bc7cc,e-bike,39.991998833333334,-83.00181490000001,97,26.34,True,False,False,1790105567
Spin,15136999-d1e6-4f25-8ef7-9d5a51f8c342,scooter,39.97714275,-83.00508880000001,75,20.49,True,False,False,1790105412
Spin,3a563d9f-1b99-4b7f-8442-73c51b281882,e-bike,39.98190713333334,-83.0448042,66,17.85,True,False,False,1790105482
Spin,16881c20-3629-4a1b-8f9b-f2a958d95d31,scooter,40.01418,-82.976721,91,26.04,True,False,False,1790105466
Spin,4049ec6b-6305-4d72-a253-b4dfff28eeab,e-bike,39.939436533333335,-82.96656073333334,63,17.27,True,False,False,1790105548
Spin,06b33928-bf22-45f8-848a-a5901cecbf00,e-bike,40.0064069,-83.0092026,48,13.17,True,False,False,1790105537
Spin,b06dd7be-5477-4950-9b15-3cf16f78189f,e-bike,39.99456093333333,-83.0031706,56,15.22,True,False,False,1790105433
Spin,5fcde0d4-5c92-4bbf-bc81-c6725ae5656a,e-bike,39.963253333333334,-82.98140166666666,95,25.75,True,False,False,1790105415
Spin,0e41bf23-b9cc-4c3d-b354-b1496189f000,e-bike,39.96324773333333,-82.98140733333334,87,23.71,True,False,False,1790105452
Spin,de14fc23-9b49-459c-a13c-940fef0f699c,e-bike,39.95799623333333,-82.99628183333334,86,23.41,True,False,False,1790105454
Spin,1728d9c9-8e77-4773-88de-e12d1aef57ae,e-bike,39.98513815,-83.04317100000002,69,18.73,True,False,False,1790105529
Spin,45d659d4-94d3-4bdb-a4b7-13896764bd70,e-bike,39.96120053333333,-83.00652958333333,85,23.12,True,False,False,1790105534
Spin,8692bc71-fa8d-481b-9b81-51b701738a1f,e-bike,40.00084666666667,-83.00730333333334,77,21.07,True,False,False,1790105384
Spin,0ef04e21-0432-4d05-9c03-837d63d422e6,scooter,39.973456,-83.004752,92,26.34,True,False,False,1790105472
Spin,7c4a5ae7-ac76-40a9-8fa2-52b9a8dedfc3,scooter,39.940514,-82.983461,77,21.07,True,False,False,1790105481
Spin,4b1086d9-a263-4588-80e7-93ed2c34a6e0,e-bike,39.99027233333334,-83.0052618,89,24.29,True,False,False,1790105408
Spin,03520d21-4561-4010-8a21-b38f6fa16246,e-bike,40.0061502,-83.0088635,61,16.68,True,False,False,1790105493
Spin,4a8aba22-4b84-4f4c-8551-1034e63f3915,e-bike,40.0018502,-82.99622563333332,85,23.12,True,False,False,1790105454
Spin,424a0a19-0458-4be5-8521-a5b1ee9689c8,scooter,39.958547,-82.960297,27,7.32,True,False,False,1790105579
Spin,22acc917-31b6-4f2f-bea3-36b64dc23763,scooter,39.960706,-83.021031,88,24.0,True,False,False,1790105524
Spin,512d0428-8445-495d-befe-1689696098e2,scooter,39.993266,-82.983531,55,14.93,True,False,False,1790105564
Spin,766c9ff0-146c-4ed6-a3b7-d3fd20a6257c,scooter,39.97675945,-82.98981785,80,21.66,True,False,False,1790105396
Spin,1c018da1-cc18-4be8-9144-b0d755d5d2de,scooter,40.0117798,-83.0218803,61,16.68,True,False,False,1790105461
Spin,71e201c9-7d68-43ca-a9c6-3d208323dd15,e-bike,39.99603843333333,-83.0006591,87,23.71,True,False,False,1790105578
Spin,758730f2-9042-4ed7-ae81-60489aea4f64,scooter,39.994646,-83.006861,44,12.56,True,False,False,1790105377
Spin,eb5f69cc-b89d-4f30-bbd4-4c513f623f19,scooter,40.0065647,-83.01931099999999,100,27.22,True,False,False,1790105421
Spin,db5b465c-c139-4e98-a2ab-238e0b5cd769,e-bike,40.0062673,-83.00919344999998,86,23.41,True,False,False,1790105500
Spin,825d3330-a326-439d-ad08-c4e0d23dc559,scooter,39.978703949999996,-83.00453960000002,30,8.19,True,False,False,1790105502
Spin,f373e941-154e-4f01-bde0-1b32f04491bd,e-bike,40.003281900000005,-82.99946233333334,42,11.41,True,False,False,1790105395
Spin,e4bd0eb5-5718-4942-8d5a-2fc819654480,scooter,39.99037513333334,-83.00526470000001,87,23.71,True,False,False,1790105422
Spin,d7a5b296-1be4-45f3-8bde-20e5bf33ec5d,e-bike,40.007159900000005,-83.00499659999998,74,20.19,True,False,False,1790105481
Spin,0938a6c5-2f44-427a-9b2c-194fe797f890,scooter,40.02326,-82.976497,30,8.19,True,False,False,1790105557
Spin,00fed073-f8cb-4a2a-ad93-e07465954bc3,scooter,39.993301,-82.983773,68,18.44,True,False,False,1790105424
Spin,ee7a8ae3-2332-468f-b9b6-55ff8373dc28,e-bike,39.98016833333334,-83.0048638,58,15.8,True,False,False,1790105432
Spin,f1746f4c-c489-40e9-b42f-0aa203fba358,e-bike,39.96754193333334,-83.00816789999999,44,12.0,True,False,False,1790105562
Spin,8dbe4c8b-c0d6-4641-bc3c-94377e24bd97,e-bike,39.97891725,-83.00376409999998,62,16.97,True,False,False,1790105518
Spin,8faa01ca-557d-4581-95e7-2944362b0b0f,e-bike,39.961026833333335,-83.00619890000002,76,20.78,True,False,False,1790105573
Spin,fe6b8127-e126-49c8-82c6-fbe6edbab5ee,e-bike,39.98746203333334,-83.0320093,82,22.24,True,False,False,1790105505
Spin,4ce6cd15-e06f-438c-99a4-4468606c54fb,e-bike,40.0109881,-83.0121067,91,24.88,True,False,False,1790105461
Spin,5b5e1092-8e05-426c-8177-1ecfdf20b27b,e-bike,39.958706033333335,-83.001612,31,8.49,True,False,False,1790105345
Spin,0ff736fc-5bb6-429e-bcd1-93f8aa7f96f0,scooter,39.956014,-83.097499,96,26.05,True,False,False,1790105525
Spin,5dcfe764-9589-4fb6-aefa-cb8291af42fa,e-bike,39.92786003333333,-82.97920195,90,24.58,True,False,False,1790105444
Spin,64dd5f51-4922-4b22-b8a9-d62a3b93e7ce,scooter,39.946558,-83.0715,100,27.22,True,False,False,1790105579
Spin,dd6901ef-6682-445b-b3b0-a4ca051b0bf2,scooter,39.99231793333333,-83.00666670000001,85,23.12,True,False,False,1790105507
Spin,a99b7bbd-6003-4632-aa59-2efdc435941f,scooter,39.959325,-83.008282,40,11.33,True,False,False,1790105475
Spin,85d0fb13-2eb2-425f-b283-b18d31f74ccc,e-bike,40.0145919,-83.01108909999999,91,24.88,True,False,False,1790105547
Spin,4c851e89-a9d3-47a9-ba25-b024f763d433,e-bike,39.99032063333333,-83.01245660000001,67,18.15,True,False,False,1790105420
Spin,b31c0715-367a-4e63-90f2-4ccbc34daf32,e-bike,39.957542233333335,-82.95787433333335,25,6.73,True,False,False,1790105569
Spin,2542b4bc-ffb9-4d05-8854-900cbb75e616,scooter,39.947705,-83.050926,100,27.22,True,False,False,1790105534
Spin,442d6390-0adc-453b-90e7-19756b938371,scooter,39.947726,-83.050888,40,11.33,True,False,False,1790105485
Spin,a434d9b1-f935-425e-9bd7-2e257d7b5194,scooter,39.947689,-83.050941,94,25.46,True,False,False,1790105505
Spin,ccadda01-7cf6-431e-b3a5-5034a108d326,scooter,39.947716,-83.050897,35,10.11,True,False,False,1790105528
Spin,673943d0-f79f-4458-9ae5-5c2ac4f4492a,scooter,39.947697,-83.050966,52,14.05,True,False,False,1790105563
Spin,755d8058-8a12-4a14-886a-45ccb9b23b55,e-bike,39.94770666666667,-83.050905,100,27.22,True,False,False,1790105355
Spin,ce05e1e6-14bd-487f-9fe2-2f6bc28bc715,scooter,39.959950533333334,-83.0088016,45,12.29,True,False,False,1790105482
Spin,4570e9d6-78b7-42d3-8aa5-5fbf8a774a8a,e-bike,39.96878983333333,-83.0020672,90,24.58,True,False,False,1790105555
Spin,99861553-746b-44cb-a2cc-4b2622689d60,e-bike,39.96855783333333,-83.002021,82,22.24,True,False,False,1790105448
Spin,13aa162c-60f8-4117-85e2-36e0fc209f99,e-bike,39.96858793333333,-83.00203940000002,60,16.39,True,False,False,1790105368
Spin,579be9d2-1437-4b6f-9b63-d4c97ceb71c8,scooter,39.94771,-83.050956,98,26.63,True,False,False,1790105504
Spin,ed2eb6c3-8cde-4837-b288-11ea4db14368,e-bike,39.96651443333334,-83.0031438,88,24.0,True,False,False,1790105454
Spin,272fa6a2-1b6e-4c5f-aa7e-8646201c4263,e-bike,39.959009433333335,-83.00014119999999,85,23.12,True,False,False,1790105560
Spin,6ec43402-f090-4548-a215-e32461a941c3,e-bike,39.94800166666666,-83.04933666666666,70,19.02,True,False,False,1790105538
Spin,fd321de8-0c28-4ecf-97c6-9369e4e11e3c,scooter,39.948006,-83.049375,100,27.22,True,False,False,1790105540
Spin,f1972354-4f4f-411a-886d-0bcd350ff0e4,scooter,39.948017,-83.049349,87,24.81,True,False,False,1790105553
Spin,cad9c5be-5944-4cf3-87e7-4fc5ddaeb7f1,e-bike,39.948,-83.04934333333334,39,10.54,True,False,False,1790105556
Spin,12d8258c-8bf4-43f5-9b68-dc367798b1b3,scooter,39.948015,-83.049359,76,20.78,True,False,False,1790105309
Spin,0d30ad41-2fbd-4981-a357-84cbcda9c365,e-bike,39.95952103333333,-83.00014099999999,62,16.97,True,False,False,1790105566
Spin,53a0db2b-bf9e-4619-b7ec-6245df211fee,e-bike,39.97723666666666,-83.00500166666667,91,24.88,True,False,False,1790105574
Spin,4d06b11e-6214-4249-bcae-7e964c1d92af,e-bike,39.95698,-82.9932733,68,18.44,True,False,False,1790105554
Spin,81116da4-03f0-4e97-915b-d953560b051c,scooter,39.968549,-83.001597,89,24.29,True,False,False,1790105343
Spin,8bc51b1a-dac8-4c48-8d92-a0802bc9b3e8,e-bike,39.96088723333333,-82.99314033333333,67,18.15,True,False,False,1790105497
Spin,d4352da2-a659-4aef-ad66-402e4b461135,e-bike,39.994051033333335,-83.00575699999999,48,13.17,True,False,False,1790105578
Spin,0f239c8c-f488-4a8e-bbc2-6ceadf64224f,e-bike,39.99368523333333,-83.0068934,85,23.12,True,False,False,1790105568
Spin,748f0d97-f2c0-442d-b528-159b38385a8a,e-bike,39.97345575,-83.0047699,67,18.15,True,False,False,1790105568
Spin,37b4e9bd-955d-4060-8a14-c9717014f64d,e-bike,40.0062796,-83.0094181,89,24.29,True,False,False,1790105495
Spin,4803ba96-643f-4735-a8db-3ca2815c32f5,e-bike,39.97502765,-82.99808633333332,69,18.73,True,False,False,1790105570
Spin,3ee6cf5f-cda1-4822-a7ad-8e0b7e2b44f5,scooter,39.951511,-83.03114,100,27.22,True,False,False,1790105547
Spin,e1d4aed8-de74-49de-8614-8a1453a924bf,e-bike,39.99153438333334,-83.00825378333333,90,24.58,True,False,False,1790105476
Spin,7bd1b969-cb55-4ceb-95cf-13d9a96bc7ad,e-bike,39.962046666666666,-83.00351666666666,63,17.27,True,False,False,1790105449
Spin,db4855b7-4bb8-41d6-bb84-78223d13ea23,e-bike,39.966549533333335,-82.99688993333332,48,13.17,True,False,False,1790105510
Spin,7aa1b8bf-9a48-4712-9f57-703747049dc9,e-bike,39.95871293333333,-83.01374591666666,29,7.9,True,False,False,1790105515
Spin,6a65b4cd-6ca5-452d-b2f4-05d6cf89895d,e-bike,40.0110281,-83.01456009999998,87,23.71,True,False,False,1790105436
Spin,ce5ef1cb-394e-400b-995f-4e395422d5dd,e-bike,39.996692233333334,-83.00719409999998,95,25.75,True,False,False,1790105551
Spin,50da723a-63f2-48d4-99f2-c14771c01d8f,e-bike,39.94594213333333,-82.95870853333332,42,11.41,True,False,False,1790105560
Spin,3893877a-686c-47fc-8340-b8c8a90155c8,e-bike,40.0144045,-83.01116449999999,86,23.41,True,False,False,1790105401
Spin,16017e76-6366-4ece-8c4a-1ea2e42e09ab,e-bike,39.99932793333333,-83.0040867,34,9.37,True,False,False,1790105418
Spin,7e555030-c0be-408d-86d5-0e5f152b605a,e-bike,39.985790550000004,-82.99517903333332,73,19.9,True,False,False,1790105512
Spin,9b5427ca-990f-4ad2-9d53-663a4b1b4f86,e-bike,39.990341533333336,-83.01333129999999,37,9.95,True,False,False,1790105394
Spin,7da65ff4-b33e-483a-acd9-4060a5f372e7,e-bike,39.98278283333333,-83.0048572,46,12.58,True,False,False,1790105364
Spin,0315babd-03cb-4e62-8603-717190fbe79a,e-bike,39.998446433333335,-83.00455029999999,53,14.34,True,False,False,1790105563
Spin,d79952fe-74b3-4ee2-8ed7-e0b2dec00230,e-bike,40.007056899999995,-83.00528639999999,86,23.41,True,False,False,1790105535
Spin,7647f67a-065a-48fd-9ca0-fa0d0e7ffb5c,e-bike,39.97412315,-82.99957913333334,43,11.71,True,False,False,1790105563
Spin,edf13092-bf23-4499-9bc9-8ecf4c1f645c,e-bike,39.99373083333333,-83.0070558,25,6.73,True,False,False,1790105578
Spin,fe5713b2-3967-471f-aa4f-42d39cb4dfc9,e-bike,40.0446864,-83.01951179999999,80,21.66,True,False,False,1790105571
Spin,6b7666d5-c94b-4a84-b811-e5fedd949536,scooter,40.018509,-83.026069,55,14.93,True,False,False,1790105548
Spin,eeb02978-aa0d-432c-9733-6e4935365f87,scooter,39.990025,-83.000548,20,5.56,True,False,False,1790105388
Spin,ccdca197-ecdf-4603-8869-7c55e4ed1364,e-bike,40.006780400000004,-83.0065147,58,15.8,True,False,False,1790105497
Spin,0d93adbb-3496-4be3-bbaa-341e84e319a4,e-bike,40.0007974,-83.00788200000001,35,9.66,True,False,False,1790105420
Spin,1895d227-200f-4067-a9ee-c386fa128556,scooter,39.949021,-83.04408,100,27.22,True,False,False,1790105480
Spin,e4238d66-9768-4cf3-a252-d352902afce4,e-bike,40.0038981,-83.0007902,20,5.56,True,False,False,1790105535
Spin,82ce08ab-3834-4490-b9bd-ee5bc8bee276,e-bike,39.97110285,-83.00733960000001,94,25.46,True,False,False,1790105403
Spin,5465a48c-9056-4dd9-92cc-19c2ef51a922,scooter,39.97110035,-83.00733540000002,92,25.17,True,False,False,1790105444
Spin,241bd5aa-7980-4896-9645-1554f858ab05,e-bike,39.99666523333334,-83.00073660000001,25,6.73,True,False,False,1790105454
Spin,617e19ec-1b29-4186-90aa-89293578bfbb,e-bike,39.969359733333334,-83.0039608,26,7.02,True,False,False,1790105446
Spin,20fdfaf2-8a6e-4e17-878e-5776bc051344,e-bike,39.99408543333333,-83.02575649999999,60,16.39,True,False,False,1790105483
Spin,069828cb-1b98-42bd-bd39-1ff49409745f,e-bike,39.99200633333333,-83.00656,66,17.85,True,False,False,1790105570
Spin,a2e87180-37b7-49e0-9b1e-f5f8ad1027d2,e-bike,39.97208385,-83.00666869999999,94,25.46,True,False,False,1790105568
Spin,add81227-2309-46f0-ba24-ce1831efadd9,e-bike,39.97354833333333,-83.00410500000001,97,26.34,True,False,False,1790105398
Spin,45760701-7272-4764-817e-4b26943c1da4,e-bike,39.967428033333334,-83.01917800000001,65,17.56,True,False,False,1790105545
Spin,238953fe-15a5-4c87-909f-95c13a38471d,e-bike,39.99567903333333,-83.00698689999999,35,9.66,True,False,False,1790105448
Spin,b1945b37-375e-4a2d-81c0-9e370fc4f6fc,e-bike,39.97364385,-83.00296359999999,39,10.54,True,False,False,1790105419
Spin,cefe7ccc-9f3b-4119-bc30-9bdcb803a374,e-bike,40.013082700000005,-83.01028300000002,66,17.85,True,False,False,1790105568
Spin,69240936-9e8b-4e0b-b002-63787a84056f,e-bike,40.014777200000005,-82.99519713333332,59,16.1,True,False,False,1790105437
Spin,e3f284b1-415c-4cee-af11-2a7681098843,scooter,40.0231,-82.982264,26,7.02,True,False,False,1790105496
Spin,e6060849-33ec-4602-a412-7fc2d59e9b90,scooter,39.943231,-83.002199,85,24.2,True,False,False,1790105491
Spin,e37928ad-3cfc-4f65-a5ef-0b3bcbbd785b,scooter,39.962752,-83.001205,82,22.24,True,False,False,1790105546
Spin,426f9bdf-dd83-4893-ba92-27aa5de86ab9,e-bike,40.0079588,-83.00982540000001,84,22.83,True,False,False,1790105367
Spin,c57975bb-042c-47d7-b181-8031e140bebf,e-bike,40.0065912,-83.01904760000001,66,17.85,True,False,False,1790105448
Spin,45601994-63b8-4813-a37f-9bf32d8ba851,e-bike,39.98967355,-83.015229,76,20.78,True,False,False,1790105532
Spin,bbe1f84b-8804-4d42-9de7-b605c65ef52e,e-bike,39.99854063333333,-83.001176,77,21.07,True,False,False,1790105451
Spin,0112130d-522f-4859-9feb-02e2b645b622,scooter,40.019648,-83.012138,99,26.93,True,False,False,1790105530
Spin,fa4a6cd5-2c56-468f-b8be-efaaeee41181,e-bike,39.968001666666666,-82.99715833333333,49,13.46,True,False,False,1790105509
Spin,46a0f4b2-8ac9-4d98-bf4c-675559cbff44,scooter,39.979024,-82.995306,100,27.22,True,False,False,1790105521
Spin,b7c60231-594a-4a08-b9fb-86bbb0b41dfe,e-bike,40.0064606,-83.015044,67,18.15,True,False,False,1790105391
Spin,785ad02a-913f-43dc-b102-2c0b198a8d2e,scooter,39.980545033333335,-82.99528803333332,100,27.22,True,False,False,1790105525
Spin,54faab41-5f26-406c-96e1-da0dff063998,e-bike,39.99078923333333,-83.0125292,89,24.29,True,False,False,1790105578
Spin,21c77e3d-063c-4e4c-bfe6-68e2b3fab079,scooter,40.026203,-83.001475,94,25.46,True,False,False,1790105535
Spin,44084fc4-93e3-40c1-83d4-53e193b44188,scooter,39.99409693333334,-82.99950673333333,100,27.22,True,False,False,1790105354
Spin,f9563f86-00f5-4cac-9532-5cff1a5f00f1,scooter,39.955087,-83.034146,100,27.22,True,False,False,1790105529
Spin,7d3b4944-6bca-4b71-a9c8-21a6ee762fdd,e-bike,39.95591,-83.00317333333332,31,8.49,True,False,False,1790105463
Spin,b7af1529-a813-4c36-86c8-e402813f4430,e-bike,39.97228625,-83.00450010000002,75,20.49,True,False,False,1790105575
Spin,8f1d53d0-e3bf-49ec-8d04-73b3e9de9567,e-bike,39.97228125,-83.00450690000001,30,8.19,True,False,False,1790105487
Spin,af08aa33-7e7a-4226-88b1-91a217d43a2b,e-bike,39.987920749999994,-83.00951009999999,71,19.32,True,False,False,1790105507
Spin,352a7d55-7400-489f-97f8-4e4b3fce14ac,e-bike,39.99470973333334,-83.00669330000001,90,24.58,True,False,False,1790105407
Spin,ef176a55-56a4-40e2-8c92-21413be2da55,scooter,39.991973,-83.011165,75,20.49,True,False,False,1790105426
Spin,e244d698-8464-4aea-95e7-a67f19a125a9,scooter,39.991948,-83.006441,46,13.17,True,False,False,1790105535
Spin,483baccd-d5c9-457c-a97f-e2612234d879,e-bike,39.96006523333333,-83.02034309999999,53,14.34,True,False,False,1790105481
Spin,5bb7a687-500a-4c90-85e6-5ac42b1443a2,e-bike,39.99534643333333,-82.99974253333333,94,25.46,True,False,False,1790105530
Spin,cb95d280-490f-4b5e-9672-e31bbe755a94,e-bike,39.99537333333333,-82.99973,96,26.05,True,False,False,1790105438
Spin,042cc372-a42e-40c9-942b-53dfc4b7a579,e-bike,39.960260033333334,-82.98685943333334,97,26.34,True,False,False,1790105412
Spin,995a78bd-4803-4ec7-bdf5-2778715f74e1,e-bike,40.0147819,-83.00165460000001,80,21.66,True,False,False,1790105474
Spin,d0a37335-8458-45e4-955e-a48f3db246ab,scooter,39.960617,-82.981716,56,15.22,True,False,False,1790105524
Spin,1024c8b3-c019-46a5-b07e-010ea5841fe1,e-bike,39.962062233333334,-83.00339260000001,78,21.36,True,False,False,1790105464
Spin,c031a16c-9ea7-4538-9728-e9f869bc9b1c,e-bike,40.0043073,-82.99994503333333,92,25.17,True,False,False,1790105572
Spin,40412a67-7b1b-4c0a-a359-cceda5b5e1b0,e-bike,39.95858223333333,-82.97500774999999,98,26.63,True,False,False,1790105476
Spin,2a31d29b-b9ca-4f03-af64-5bebd89a4a4a,e-bike,39.97284745,-83.00290009999999,77,21.07,True,False,False,1790105394
Spin,40ba86db-d105-48c5-9126-69bc9f2782c2,e-bike,39.99275943333334,-82.99574263333334,77,21.07,True,False,False,1790105413
Spin,8c2f0246-7015-4129-abad-f1f3d9663815,e-bike,40.001176099999995,-83.0003831,35,9.66,True,False,False,1790105431
Spin,b4d60192-c7a5-4e69-9b3f-3f1fbcbe5edf,e-bike,39.96268666666666,-82.99795333333334,37,9.95,True,False,False,1790105452
Spin,e95917a0-0802-4958-af97-d6da0fafe15c,e-bike,39.97866165000001,-83.00454399999998,97,26.34,True,False,False,1790105531
Spin,56bca3e0-4e15-46b8-9b5f-7d124783647e,e-bike,40.01492833333334,-82.99262333333333,0,,False,True,False,1790105540
Spin,40ee9d2c-12ff-4f34-95bd-015455674092,e-bike,39.95624,-82.89611666666666,0,,False,True,False,1790105401
Spin,fd7440aa-eb2e-4a6f-9ae9-e2045c1327e5,scooter,40.042571,-82.981404,0,,False,True,False,1790105494
Spin,03a002dd-4055-4662-a995-f648f57b79d6,scooter,40.012263,-82.985828,0,,False,True,False,1790105542
Spin,963a41d2-4541-4043-b8f4-962ac5355af4,e-bike,40.039476666666665,-83.00038833333335,0,,False,True,False,1790105450
Spin,156e7948-7055-4437-bb77-9cc9e6b658a5,scooter,40.009921,-82.9974,0,,False,True,False,1790105512
Spin,37ee928f-4b1d-4944-a176-908a4d21aa8c,e-bike,39.998711666666665,-83.00188333333332,0,,False,True,False,1790105349
Spin,185a1e5b-c5d5-4889-8a5f-e760609a4aab,scooter,39.927623,-82.995555,0,,False,True,False,1790105392
Spin,fb3eb03f-bac5-4220-ae64-4597476e3304,e-bike,39.95079833333333,-82.99656166666666,0,,False,True,False,1790105537
Spin,7f045476-ddec-4ccf-9f21-e2ddfb08b075,e-bike,39.954166666666666,-82.99876333333334,1,0.29,False,True,False,1790105443
Spin,8717eec5-3723-41d3-8213-9dc309673734,scooter,39.963114,-83.002761,0,,False,True,False,1790105470
Spin,77f7ef0e-eb29-44b9-83f7-cad82c376b41,e-bike,39.97088135,-83.0010344,0,,False,True,False,1790105476
Spin,5ff359b5-73ef-4b52-9bc6-b1f89996376d,scooter,39.979597,-83.00893,0,,False,True,False,1790105361
Spin,290a2104-8089-4484-aa24-d86b863b970e,e-bike,39.95461723333334,-82.93895033333335,5,1.46,False,True,False,1790105529
Spin,12dd3051-30f8-4779-b022-9b9338c7634e,scooter,39.995539,-82.977828,0,,False,True,False,1790105560
Spin,4bf1d909-79ba-4e69-aeba-6473e8ec9e87,scooter,39.996829,-82.933458,0,,False,True,False,1790105493
Spin,a6bbf878-a4be-4196-8af4-4180d7584393,e-bike,39.98088666666667,-83.00361,1,0.29,False,True,False,1790105442
Spin,371a68a9-b306-4370-8e9d-ac236fbf5a1a,scooter,39.943211,-82.962416,0,,False,True,False,1790105559
Spin,b7254c92-5625-458d-83d9-03cf369dc6bd,e-bike,39.94601683333334,-82.90603013333333,0,,False,True,False,1790105562
Spin,8e289360-52dd-4a15-8aef-6c9b9654639f,e-bike,39.95913666666667,-83.00315333333334,5,1.46,False,True,False,1790105517
Spin,69971543-6de6-4b03-b606-bb789f9b3862,scooter,39.9558,-83.002757,0,,False,True,False,1790105465
Spin,49178a58-6e28-41a3-8cef-4b99806f8ce4,e-bike,39.954216833333334,-82.99911483333332,0,,False,True,False,1790105559
Spin,7683024a-766c-478b-9d65-f808353081ec,scooter,40.045886,-83.019785,0,,False,True,False,1790105381
Spin,d0417255-c2b1-4a65-8a95-644664ca8ff9,scooter,40.014701,-83.000161,1,0.29,False,True,False,1790105534
Spin,ba33ce3e-d289-4669-8d5b-975308cf5b18,scooter,39.958745,-82.979464,2,0.59,False,True,False,1790105560
Spin,fdc4bd2e-7ff7-4ae9-b688-4deab3c1413e,scooter,39.960625,-82.981723,1,0.29,False,True,False,1790105520
Spin,973aa15b-ebd1-4364-b24b-e6d9ccf98aa6,e-bike,40.003591666666665,-83.00748,0,,False,True,False,1790105471
Spin,b49ac5ad-1e43-4b99-9af7-35786c9ba054,scooter,39.943777,-82.983445,6,1.76,False,True,False,1790105554
Spin,50b2c24e-ca29-4352-82ab-e81a41cace0d,e-bike,39.993363333333335,-82.98198,11,2.93,False,True,False,1790105450
Spin,82a9961a-f01d-438a-8527-fb32bf201388,scooter,40.014268,-83.005446,3,0.88,False,True,False,1790105484
Spin,6f34ebb9-362a-4f31-a235-5f0861d837ff,e-bike,39.95589,-83.00316,2,0.59,False,True,False,1790105488
Spin,73971c84-009c-49ee-81ec-130a1ecf8223,scooter,39.934895,-82.969132,0,,False,True,False,1790105543
Spin,074a38fc-b865-42c7-8586-9df26dfcdafe,e-bike,39.976461549999996,-83.0043011,0,,False,True,False,1790105479
Spin,bccaf8d8-8444-4107-9b35-0df6f8afd17c,scooter,39.961774,-83.003504,10,2.63,False,True,False,1790105531
Spin,a7881c4b-e682-4c34-aa30-3d0514ad3fc1,scooter,39.98824,-83.015309,0,,False,True,False,1790105573
Spin,d79f83e9-cd0c-4ba0-89e2-6a6ce66551de,scooter,39.984482,-83.027599,0,,False,True,False,1790105567
Spin,1969f095-46b7-4878-ba57-635b2fabf54d,scooter,39.95915,-83.001855,10,2.63,False,True,False,1790105558
Spin,713626be-50d5-4d5c-a2c2-9797f1e26179,e-bike,39.9521,-82.982485,13,3.51,False,True,False,1790105504
Spin,7a787e24-a3b6-4579-b0e7-c285f9434128,e-bike,39.94334333333334,-82.99684833333335,13,3.51,False,True,False,1790105566
Spin,6764583d-5087-4813-ab27-3934abb299db,e-bike,39.95310833333333,-82.98268903333334,10,2.63,False,True,False,1790105509
Spin,1ca277f2-db35-4ee1-9349-9aec46180625,e-bike,39.98081443333333,-83.0039181,0,,False,True,False,1790105446
Spin,2b56056d-8b58-4c77-a1d8-805a8917bdf0,e-bike,39.96167333333334,-83.00682833333333,1,0.29,False,True,False,1790105518
Spin,e53129c5-64af-4277-b232-29c3874a7200,e-bike,39.957543333333334,-83.00347333333333,13,3.51,False,True,False,1790105485
Spin,4eeb2d6a-d6ac-416d-afd4-74ee04ca3fce,scooter,39.991915,-83.012421,1,0.29,False,True,False,1790105570
Spin,182bcea6-9ecc-40db-a169-50fd2ea16311,e-bike,39.99179123333333,-83.0260593,8,2.05,False,True,False,1790105533
Spin,e4f8cf47-9d08-4b68-907b-1399ba0b8908,scooter,39.94318663333333,-82.97697195,9,2.34,False,True,False,1790105402
Spin,1c96fb81-555c-45f2-be05-80f1d8414b8d,e-bike,39.95992833333333,-82.98591,11,2.93,False,True,False,1790105402
Spin,82b1a8e5-61f7-43b6-b839-829b9230a3ef,scooter,40.010146,-82.999164,0,,False,True,False,1790103963
Spin,f88fb30f-26be-4f48-bb69-ae9271b657c1,scooter,39.987192,-83.002145,0,,False,True,False,1790104291
Spin,303d3918-702c-4ad7-9d04-dc158db72b9c,scooter,40.004289,-82.999425,0,,False,True,False,1790105558
Spin,c857020b-1ec0-46d9-a103-d2bd0bb3bded,scooter,39.998273033333334,-83.0116866,19,5.27,True,False,False,1790105579
Spin,76bd3f80-c215-411e-a18a-4e0f48e30628,e-bike,39.993745,-83.01685333333334,43,11.71,True,False,False,1790105519
Spin,63c9a250-b507-4196-bb94-0fc399cf5982,scooter,40.0037112,-83.0115048,84,22.83,True,False,False,1790105447
Spin,3c82d772-09b1-4076-939b-bbf5c06b58d0,scooter,40.0018586,-83.0090235,33,9.07,True,False,False,1790105486
Spin,458cb889-2b85-404c-860b-763b08783e73,scooter,39.995526,-83.01075,29,7.9,True,False,False,1790105408
Spin,418c7c91-6e0e-4d1f-a683-06df0d939f42,e-bike,40.001513333333335,-83.02665333333334,27,7.32,True,False,False,1790105540
Spin,46293c6e-056d-4a9b-a708-c4197f027ad5,scooter,40.003409,-83.01106,48,13.17,True,False,False,1790105531
Spin,ab097d60-0665-4429-8c89-2c978bdb144d,scooter,39.997185433333335,-83.00928870000001,23,6.15,True,False,False,1790105456
Spin,9293914e-313e-4f6f-94d8-8acf88a59956,scooter,39.99422903333333,-83.0090271,87,23.71,True,False,False,1790105552
Spin,269c3a07-f399-4d9a-8711-beb6ebce6afb,scooter,39.99707093333333,-83.00756779999999,83,22.54,True,False,False,1790105556
Spin,4eae8f84-59b8-440b-9798-a4246cfd1908,scooter,39.996997,-83.007604,35,9.66,True,False,False,1790105420
Spin,29c8a962-5471-452b-9c5f-4408510e1d08,scooter,39.997032,-83.007575,77,21.07,True,False,False,1790105567
Spin,1ee90aae-fc69-4e4d-af40-fe19e591caad,scooter,39.997017,-83.0076,81,21.95,True,False,False,1790105579
Spin,66bb3f5f-5665-4ae4-a1e6-6e4983d88381,scooter,39.994899,-83.010947,82,22.24,True,False,False,1790105545
Spin,c59b3d0e-1045-4fee-87cf-7c57950accd3,scooter,40.004825,-83.007356,89,25.43,True,False,False,1790105563
Spin,7f3a9aea-183b-49bb-be30-31dc00be0484,scooter,40.0022206,-83.0092997,44,12.0,True,False,False,1790105484
Spin,6ae8c1d2-f572-4d69-aebb-63b3df9c7b7d,scooter,40.002219,-83.00931,57,16.24,True,False,False,1790105534
Spin,b8560fae-7a7c-446d-af80-c6f40c1d85e6,e-bike,39.99760703333333,-83.02774419999999,84,22.83,True,False,False,1790105493
Spin,419ab6e2-4f20-465b-8fb3-1e7fedf9df44,e-bike,40.0067595,-83.02576410000002,56,15.22,True,False,False,1790105440
Spin,c4cf8b12-6bd4-4bfe-884f-76b39e470323,scooter,39.994154,-83.007522,72,20.52,True,False,False,1790105504
Spin,483cff10-c67d-40cf-9cd2-dbd015765cce,scooter,40.005516,-83.015444,83,22.54,True,False,False,1790105563
Spin,78dd7ab7-fbb2-40f3-82f8-13791f48cf9e,scooter,40.002593,-83.01781,84,22.83,True,False,False,1790105579
Spin,118d0487-bc9f-467a-a2ef-845754d13fa1,scooter,39.99976003333334,-83.0270391,29,7.9,True,False,False,1790105539
Spin,215dd1f3-c345-4fac-ad41-776e11cdbd86,e-bike,40.00405,-83.019115,90,24.58,True,False,False,1790105539
Spin,168943cb-11bb-489d-8144-0fcbdd6ca5b7,scooter,40.004674,-83.009952,45,12.29,True,False,False,1790105551
Spin,e858d228-c531-41cc-a9bc-107d03d7c57f,e-bike,39.99487333333333,-83.01671,62,16.97,True,False,False,1790105446
Spin,556d2bc3-9d7c-4fee-9c74-aefec4dada65,scooter,39.997395,-83.008084,73,20.83,True,False,False,1790105520
Spin,987b0ac6-70a3-4195-93f7-5b5666f1b715,scooter,39.99879203333333,-83.02236939999999,47,12.88,True,False,False,1790105481
Spin,361da3b3-aa64-4658-b195-c419d90920d3,scooter,40.004967,-83.009068,27,7.66,True,False,False,1790105516
Spin,6d03ad8d-17dd-42cc-ba7e-607f962c6fe6,scooter,39.99707023333334,-83.00757649999998,77,21.07,True,False,False,1790105408
Spin,2840c23a-59e3-4b53-8f3a-fe4304968e89,scooter,39.99581,-83.013344,49,14.09,True,False,False,1790105534
Spin,a8cf0006-a429-45e5-9d2e-3dc590ccd62d,e-bike,39.99883813333334,-83.0084364,26,7.02,True,False,False,1790105505
Spin,19e762bb-9845-4f72-9137-cd877f9f07df,scooter,39.998605233333336,-83.0214371,67,18.15,True,False,False,1790105578
Spin,4db38e57-52db-41fc-a0e1-8b88fd2fe34e,scooter,40.004632,-83.012793,51,14.4,True,False,False,1790105503
Spin,a2482cd5-f3eb-4331-b463-c61098e02e8f,scooter,40.0057745,-83.0171389,82,22.24,True,False,False,1790105380
Spin,240e8cec-e0b3-4b2d-bf58-0afb48549c2c,scooter,39.992322,-83.019426,70,19.91,True,False,False,1790105569
Spin,7e768fc5-54e5-4cf1-b406-1f3622b0ba60,e-bike,39.99446123333333,-83.0178501,52,14.05,True,False,False,1790105380
Spin,477003dd-bc43-4566-a987-83780c82090e,e-bike,40.00235333333333,-83.01850833333334,20,5.56,True,False,False,1790105516
Spin,b8477bc7-39f1-42ea-90f3-55f314e3be32,scooter,39.99664503333334,-83.0125386,66,17.85,True,False,False,1790105411
Spin,99cae07b-99a3-4998-b6f5-4cc3b0a3bee3,scooter,39.997563633333336,-83.0137554,80,21.66,True,False,False,1790105450
Spin,22e22010-6f14-42c1-aa45-44497d84a6c6,scooter,40.003989,-83.008994,74,20.19,True,False,False,1790105573
Spin,b13303c2-f100-4d52-b27a-33d4ff3e88cd,scooter,39.997028,-83.008092,58,15.8,True,False,False,1790105525
Spin,dbc4fda4-b1da-4923-9a76-1495767eaa62,scooter,39.997663,-83.018656,71,19.32,True,False,False,1790105437
Spin,9b2a8941-782d-4c46-a717-9f9b8d7df977,scooter,39.997207,-83.015193,89,24.29,True,False,False,1790105577
Spin,26f3a8fc-23bd-4b52-9a7e-e9f3a05180bb,e-bike,40.01178328333333,-83.02192631666667,86,23.41,True,False,False,1790105546
Spin,fb150e92-1147-4869-833f-2a4070a91510,scooter,40.011844200000006,-83.02269650000001,95,25.75,True,False,False,1790105551
Spin,0d31723c-94ca-423e-bfc2-d254b6216ae1,e-bike,39.99846333333333,-83.00818333333333,61,16.68,True,False,False,1790105404
Spin,72c2327b-84e5-4e28-b91f-3bf8ef01d260,e-bike,39.99815853333334,-83.0325394,48,13.17,True,False,False,1790105572
Spin,695aa2b0-7733-475c-8022-dbe916091a9e,scooter,40.0030394,-83.01397039999999,74,20.19,True,False,False,1790105304
Spin,0433a2d4-ff93-4416-a638-5e58100f4bf6,scooter,40.00398,-83.010966,62,17.77,True,False,False,1790105346
Spin,b4d801fc-81bf-423e-aefe-69ec752e46e5,e-bike,40.00466333333333,-83.02125166666669,60,16.39,True,False,False,1790105493
Spin,2802aa74-ab21-424d-987c-299365b9b4bc,e-bike,40.00462743333333,-83.02128161666666,44,12.0,True,False,False,1790105504
Spin,5a1fa536-e3f2-4100-8dc9-e9968ab24e1b,scooter,40.00460210000001,-83.02126279999999,40,10.83,True,False,False,1790105509
Spin,6b57b7cf-a44c-478a-b02d-ef146e9cc696,e-bike,40.004664883333334,-83.02129085,61,16.68,True,False,False,1790105497
Spin,a91b5418-0971-4d44-8d2e-f8dd39dd1d1e,scooter,40.004596,-83.021285,78,21.36,True,False,False,1790105490
Spin,18a5c54d-71d5-4ab8-b703-ff7e56ba1b5d,e-bike,40.0046655,-83.0212794,33,9.07,True,False,False,1790105499
Spin,4b154af2-478c-44f7-97e2-44aca08a6c72,e-bike,40.0046373,-83.021281,34,9.37,True,False,False,1790105503
Spin,80fbac28-b11c-4d14-a207-bb29ed686ee1,e-bike,40.0046317,-83.02127850000001,29,7.9,True,False,False,1790105497
Spin,83ba7921-3e0d-4598-bca1-1ced7fa0b212,scooter,40.004619,-83.021297,47,12.88,True,False,False,1790105463
Spin,25a11ce3-41f9-4739-8b29-d4a7864269ad,e-bike,40.0046223,-83.02127630000001,24,6.44,True,False,False,1790105530
Spin,2821f1cc-7cd3-4cb0-975f-a47fa92649a2,e-bike,40.004643933333334,-83.02127995000001,42,11.41,True,False,False,1790105552
Spin,335ad109-e8e8-46d2-88e7-a431f478d2e8,e-bike,40.004673333333336,-83.02125833333334,34,9.37,True,False,False,1790105551
Spin,8df779da-d8b4-43e7-83c3-4d854042568b,e-bike,40.004643,-83.02127909999999,30,8.19,True,False,False,1790105497
Spin,b557f240-9f36-4f8d-b5d4-1e7ef94978bd,scooter,40.004623,-83.021271,44,12.0,True,False,False,1790105344
Spin,6b261827-9842-4242-9f84-1821eb08f47b,e-bike,40.0046316,-83.0212818,20,5.56,True,False,False,1790105496
Spin,e5f0852f-7437-441a-b94e-bab143ec91cf,scooter,40.004615,-83.021282,42,11.41,True,False,False,1790105508
Spin,6e354e59-5aac-4b69-813e-83c67f139932,scooter,39.998558,-83.012449,55,15.62,True,False,False,1790105517
Spin,ac39d83f-e775-4e3c-956c-832d55ddf1f8,scooter,40.001236,-83.008277,43,12.25,True,False,False,1790105554
Spin,586d45d5-88e8-4f34-8005-865a094a1687,e-bike,40.0011382,-83.00838890000001,30,8.19,True,False,False,1790105574
Spin,d1cf2d1d-7be0-4d27-a30e-05d4156d72ed,e-bike,40.00112333333333,-83.00837833333331,39,10.54,True,False,False,1790105571
Spin,2037f98a-2423-4e18-99a4-e536deee9c56,e-bike,40.001083333333334,-83.00836166666667,92,25.17,True,False,False,1790105566
Spin,1cdbae4e-c28a-4633-b44b-209ca189cb68,e-bike,40.00111686666666,-83.0083979,67,18.15,True,False,False,1790105575
Spin,ae1da2da-b4b1-403c-b532-2366e147460a,e-bike,40.00110166666666,-83.00837666666666,26,7.02,True,False,False,1790105570
Spin,d27320f6-68ed-4108-928b-0ce56517a1ed,e-bike,39.99709223333333,-83.00758069999999,68,18.44,True,False,False,1790105459
Spin,21310fb2-6f5b-4c09-ac22-b349b7d152ca,scooter,39.997021,-83.007527,82,23.28,True,False,False,1790105465
Spin,68255dc1-5ac7-4525-a3d1-5f278b0ae5cd,scooter,39.997039433333335,-83.00757039999999,37,9.95,True,False,False,1790105541
Spin,98cdf535-c4a5-44f5-905f-eedddc7671d6,scooter,39.997051133333336,-83.0075711,56,15.22,True,False,False,1790105528
Spin,9b072cb3-588c-4774-a228-a431b7510263,scooter,40.0058842,-83.013831,87,23.71,True,False,False,1790105491
Spin,856e9967-cd20-4de1-bd7d-439d26e1bbc7,e-bike,39.99710363333334,-83.00757559999998,78,21.36,True,False,False,1790105420
Spin,cd8fac6f-f52f-4ece-bcfb-3ad225f16f82,e-bike,39.99709803333334,-83.007588,27,7.32,True,False,False,1790105554
Spin,fd4eeba8-749d-4e7e-a9f3-f96ac192228d,scooter,40.00032,-83.018064,91,24.88,True,False,False,1790105536
Spin,030b7ed3-8056-407b-a23b-8276242e3230,scooter,40.000362,-83.018125,69,19.61,True,False,False,1790105401
Spin,eab96970-73dd-406d-8867-9adaabbfe8b1,scooter,40.000361,-83.018124,96,26.05,True,False,False,1790105460
Spin,c67e2860-ec96-4d48-a9ea-4669561fc818,scooter,40.000302,-83.018046,88,24.0,True,False,False,1790105509
Spin,181411cc-1fac-40e9-84f1-7b084b785021,scooter,40.000295,-83.018074,96,26.05,True,False,False,1790105384
Spin,fea44574-cdf9-4b2a-838a-243e5a3ae5b3,scooter,40.000319,-83.018103,96,26.05,True,False,False,1790105525
Spin,8339c5d1-7162-4f24-bf95-070befeb69f5,scooter,40.000347,-83.018108,80,21.66,True,False,False,1790105536
Spin,8f23d71f-1590-486a-81dd-def520535f9b,e-bike,39.994111933333336,-83.00681019999999,49,13.46,True,False,False,1790105487
Spin,f26b684a-45db-4482-8c18-0c63e4b7aa01,e-bike,39.99409693333334,-83.0067909,53,14.34,True,False,False,1790105485
Spin,96b7ec44-a335-4f24-9f1a-df861c57c7a2,e-bike,39.994111133333334,-83.0067948,59,16.1,True,False,False,1790105488
Spin,37a2f5e9-ff58-4fdc-b099-ebd6b867ef43,e-bike,39.99409913333333,-83.00677900000001,89,24.29,True,False,False,1790105485
Spin,dfb7a86a-d706-4a31-9852-ff7ffc298bb7,e-bike,39.99406666666666,-83.00680166666668,47,12.88,True,False,False,1790105486
Spin,32c1960a-4ab9-468d-a253-c03667b9b276,e-bike,39.99410773333333,-83.00677660000001,44,12.0,True,False,False,1790105487
Spin,823cd7b2-e760-4c23-9a91-778ec9ccef83,e-bike,39.994092433333336,-83.0067974,38,10.24,True,False,False,1790105510
Spin,64e6824d-7773-401d-9121-9e4116cf1010,e-bike,39.994085733333335,-83.006807,58,15.8,True,False,False,1790105498
Spin,16077051-2649-4713-a8eb-20b71e015555,e-bike,39.995816633333334,-83.02007909999999,75,20.49,True,False,False,1790105520
Spin,f377c086-596b-4649-b7ea-c262e4491271,e-bike,40.0078849,-83.02642579999998,48,13.17,True,False,False,1790105549
Spin,cc8e0eec-79fe-46a9-867d-d8fcad5248a3,scooter,40.00478,-83.025711,74,21.14,True,False,False,1790105573
Spin,55e9d1db-6e90-4f0f-8aa5-8c60840fd02d,e-bike,40.005437300000004,-83.0269,81,21.95,True,False,False,1790105376
Spin,622f2512-9303-4f95-8cbf-dfb20c229cec,e-bike,40.00360666666666,-83.00991,24,6.44,True,False,False,1790105559
Spin,73bc7a2f-9ed7-4f1c-ba2f-b8349d3ffadc,scooter,39.996446633333335,-83.01217679999999,65,17.56,True,False,False,1790105569
Spin,340efcb3-c447-43de-b3aa-4976567420ce,scooter,40.0017195,-83.013758,25,6.73,True,False,False,1790105573
Spin,5a8d4a54-883d-4f19-850f-35c0912bc837,e-bike,39.997065733333336,-83.01628110000001,73,19.9,True,False,False,1790105526
Spin,d98dec31-aa73-43aa-bafc-a2dfba7afc80,scooter,40.0124594,-83.02645679999999,89,24.29,True,False,False,1790105459
Spin,29516768-bec2-459a-b26c-79a58b3f9feb,scooter,40.004564,-83.015474,34,9.8,True,False,False,1790105569
Spin,e829ecf5-959c-4684-98ad-830e547d00ff,scooter,40.0022,-83.012068,32,9.19,True,False,False,1790105569
Spin,5fa7cd26-8127-4854-bf81-0535279b5c08,e-bike,39.99918135,-83.00800483333333,87,23.71,True,False,False,1790105483
Spin,4c2770d9-d697-444d-bf81-c2d3488da801,scooter,40.005102699999995,-83.02691320000001,37,9.95,True,False,False,1790105562
Spin,04591dff-3f52-4d34-a405-819cb940ff68,e-bike,39.99708783333333,-83.016309,62,16.97,True,False,False,1790105570
Spin,f9312c4d-9c11-40dc-ac5b-ebe950729fc4,scooter,39.99707543333333,-83.0075801,61,16.68,True,False,False,1790105555
Spin,f95a42db-b6e9-4129-8772-1854870f53b4,scooter,39.99707443333333,-83.00758579999999,96,26.05,True,False,False,1790105492
Spin,ec563799-9d55-4626-97e4-9bc761351c58,scooter,39.99704753333333,-83.00758019999999,72,19.61,True,False,False,1790105562
Spin,a01eb76f-aeb3-46c4-9119-b0f9c1fa549f,e-bike,39.996459333333334,-83.01609549999999,78,21.36,True,False,False,1790105471
Spin,672ce365-852b-4d9c-8fd0-a1d811946e78,e-bike,40.0055591,-83.02555830000001,41,11.12,True,False,False,1790105530
Spin,65fe9681-9425-47b0-8d43-e8be6f0926e4,e-bike,40.003791299999996,-83.0281735,87,23.71,True,False,False,1790105458
Spin,a392045b-bab4-471e-9abc-f2b7ddb0af82,e-bike,40.0059252,-83.0198255,54,14.63,True,False,False,1790105524
Spin,504be29b-5585-467d-9ff5-6b0d7fbac5b9,e-bike,39.99707453333333,-83.01630580000001,77,21.07,True,False,False,1790105447
Spin,025d092d-6b9b-48cf-aaeb-918196f950ff,e-bike,40.003820499999996,-83.0281724,85,23.12,True,False,False,1790105347
Spin,99af1457-b0b6-4bd6-945f-32ea0d04c916,e-bike,40.002964600000006,-83.00857319999999,85,23.12,True,False,False,1790105540
Spin,4a2520d5-0514-4943-93bd-2002f4184c65,e-bike,39.99179613333333,-83.02066629999999,46,12.58,True,False,False,1790105557
Spin,a47e18b3-96a4-473a-9f9e-505e12220d18,e-bike,40.0050535,-83.02680290000002,46,12.58,True,False,False,1790105501
Spin,6c78d91a-80b8-48d0-b1a6-7eba40b1161b,scooter,40.000369,-83.018119,47,13.48,True,False,False,1790105521
Spin,88b373e5-b31b-4cf5-90ab-da6fe01106cc,e-bike,40.0053024,-83.03401620000001,87,23.71,True,False,False,1790105516
Spin,f45c378f-3c39-47fe-a928-1f722197f9da,scooter,40.0021659,-83.0164032,25,6.73,True,False,False,1790105578
Spin,6bffddee-e29e-47a4-a63c-966bab1387fe,e-bike,39.99369493333334,-83.0161351,33,9.07,True,False,False,1790105446
Spin,9692ef89-005c-47d4-8b28-9b69d0c9520b,e-bike,39.99436823333333,-83.02085000000001,30,8.19,True,False,False,1790105559
Spin,e179faa0-cb7a-47a1-83c3-a8af22f553a5,e-bike,39.998842833333335,-83.03869420000001,92,25.17,True,False,False,1790105446
Spin,a04c784b-5ac8-435e-b29e-6cc41b057989,scooter,40.003478,-83.011037,54,14.63,True,False,False,1790105566
Spin,4b960889-adec-4812-8171-a655e29180a9,scooter,40.0047152,-83.00962669999998,22,5.85,True,False,False,1790105335
Spin,fa0d16a1-dff1-4d4a-af06-b3207f129643,e-bike,39.99624823333333,-83.01787709999999,66,17.85,True,False,False,1790105345
Spin,f4d28b4b-a7fa-4627-880a-37096c8336db,e-bike,39.999642933333334,-83.0096397,30,8.19,True,False,False,1790105460
Spin,566f5a7d-93b4-4c04-81f9-86bc20a8c656,e-bike,40.0016372,-83.0426786,33,9.07,True,False,False,1790105565
Spin,34df72fa-1bff-489a-a792-8e50155dc4e9,e-bike,40.0038041,-83.0258202,63,17.27,True,False,False,1790105550
Spin,ff580ee3-0585-4bbb-853e-b25f3a3d9ee3,e-bike,40.00368666666667,-83.01272833333333,75,20.49,True,False,False,1790105380
Spin,9f5fa4f9-b52e-4967-8ab1-eeb159801852,e-bike,40.00105,-83.013015,74,20.19,True,False,False,1790105576
Spin,b38e4c5d-3582-4b26-8351-05d0e3fe1cf0,e-bike,39.997859033333334,-83.00811700000001,59,16.1,True,False,False,1790105573
Spin,f08e82bb-3113-4a5c-90d5-a8065b6d9723,e-bike,40.00389166666666,-83.009155,44,12.0,True,False,False,1790105528
Spin,d49ab4a0-f462-4b61-9528-73af8eb7ec79,e-bike,40.00538166666667,-83.01084999999999,77,21.07,True,False,False,1790105513
Spin,4e125a9b-32d5-4242-a277-16538d852e54,e-bike,39.99936663333334,-83.00923970000001,66,17.85,True,False,False,1790105474
Spin,f6aba458-9ffb-4da8-8944-aa402b49d4b0,scooter,40.006273699999994,-83.01900900000001,59,16.1,True,False,False,1790105377
Spin,3e54c7eb-0e15-4f43-90db-2e9f4fd71baa,e-bike,40.0002389,-83.00824310000002,74,20.19,True,False,False,1790105473
Spin,057672fe-1f25-42e2-84da-635a2e8d2bb5,e-bike,40.002434799999996,-83.0136418,38,10.24,True,False,False,1790105503
Spin,fdf2ae43-2776-4efa-94bc-b322e3b84476,e-bike,39.99407333333333,-83.00683499999998,77,21.07,True,False,False,1790105519
Spin,942bef47-da31-4f48-b251-d091ead6d328,e-bike,40.00009058333333,-83.02159371666667,75,20.49,True,False,False,1790105552
Spin,dc1ee0bd-e9d0-4cdb-b4d4-0b102a6b1b61,e-bike,39.997800633333334,-83.03261660000001,47,12.88,True,False,False,1790105391
Spin,d95f4564-6076-47b4-b5a5-06a877b267a6,scooter,39.998185,-83.011573,81,22.98,True,False,False,1790105487
Spin,56e73ec2-6d38-4db3-b788-06aa334de73d,e-bike,40.0056684,-83.0199583,32,8.78,True,False,False,1790105390
Spin,e49050e2-f04b-46ef-a1d8-a17febdf6a68,scooter,40.00519,-83.009843,73,19.9,True,False,False,1790105495
Spin,c3d6cfc4-8f9e-4f9f-94ff-fb973af64b54,scooter,40.005175,-83.009882,94,25.46,True,False,False,1790105525
Spin,ef3fe5d4-aca0-46f7-a54f-a64caec22c40,e-bike,39.997094233333335,-83.0075846,30,8.19,True,False,False,1790105543
Spin,1a781e51-76b6-4d31-99a4-743bf61b56ea,e-bike,39.99781923333333,-83.0080434,19,5.27,True,False,False,1790105454
Spin,de8a4d9c-3c81-4386-9d84-a01a42cf7d79,e-bike,39.99674983333333,-83.0081587,78,21.36,True,False,False,1790105521
Spin,9b045a80-9f13-4027-96a4-e9c0e76acc86,scooter,40.0109836,-83.02715549999999,78,21.36,True,False,False,1790105513
Spin,c94bb7ea-96ed-4e6a-8b64-12e3fdf22504,e-bike,40.005539999999996,-83.01034,30,8.19,True,False,False,1790105552
Spin,cf43a60f-ca29-4b44-a3f4-70895f5e66ab,scooter,40.002234,-83.011005,28,7.61,True,False,False,1790105577
Spin,9d007e99-a35f-4557-9d3f-aacdc4435aa7,e-bike,40.0112474,-83.0271352,68,18.44,True,False,False,1790105467
Spin,4a5f2336-4b5f-45ca-983a-ec4356c1954a,e-bike,40.004034499999996,-83.01851020000001,72,19.61,True,False,False,1790105563
Spin,44cb7a7a-93e5-479e-8e1e-96a38aba4759,e-bike,39.99789863333333,-83.0078193,46,12.58,True,False,False,1790105472
Spin,7bbb18c5-9358-4c8c-89ff-d0e1a3de6dec,scooter,40.001438,-83.0099793,98,26.63,True,False,False,1790105369
Spin,f4774918-3c41-4425-b4ae-3998cb98a75c,e-bike,40.0002157,-83.0082331,87,23.71,True,False,False,1790105316
Spin,fa664048-e7d5-4b18-9a4e-e1b3935110f9,e-bike,40.005808333333334,-83.00937,97,26.34,True,False,False,1790105461
Spin,f6cb80a9-957d-4683-92a3-2faeda3ad661,scooter,39.993213233333336,-83.01692829999999,91,24.88,True,False,False,1790105464
Spin,f59d5d29-d224-4918-a124-822b88dc8c14,scooter,39.99651,-83.00745,54,14.63,True,False,False,1790105527
Spin,d78825b8-c5e4-4865-9df0-e84489d33417,scooter,39.998551,-83.012402,88,24.0,True,False,False,1790105564
Spin,f519c9f4-01aa-4d12-aec7-b2835dd4fc70,e-bike,40.0047165,-83.02661359999999,91,24.88,True,False,False,1790105394
Spin,e9402a2d-879c-4484-9fb5-ec891f00ba2d,scooter,40.005227,-83.00982,77,21.07,True,False,False,1790105378
Spin,0796aec7-f6bb-4213-b886-74aa082418d8,scooter,40.005923100000004,-83.00934809999998,27,7.32,True,False,False,1790105555
Spin,01ca9b83-692d-479c-afb0-a6b8785bfdef,e-bike,40.0052303,-83.0123704,39,10.54,True,False,False,1790105434
Spin,38128f74-ce54-4d26-aae5-ef92d6fa4490,scooter,39.995908,-83.013687,34,9.37,True,False,False,1790105547
Spin,44057a70-cdfa-42e5-b4d9-d167590ed49a,scooter,40.006138699999994,-83.0170932,77,21.07,True,False,False,1790105456
Spin,808d7542-0e06-4dc3-b17d-cd09f30c4152,e-bike,40.005336299999996,-83.01086910000001,90,24.58,True,False,False,1790105508
Spin,d7e5072c-9d94-4d41-ac64-56c9f174ba1c,e-bike,40.0054197,-83.00959749999998,60,16.39,True,False,False,1790105552
Spin,6d289cb4-f773-4552-98d9-09ac8591b6cb,e-bike,39.99863473333333,-83.0111141,94,25.46,True,False,False,1790105501
Spin,4e8aa721-142e-4d89-8755-db1c557e594e,e-bike,40.0003265,-83.01802520000001,87,23.71,True,False,False,1790105502
Spin,3e36eaf3-01fd-40c4-a332-0d5ded44cfd5,e-bike,40.0003293,-83.01803229999999,88,24.0,True,False,False,1790105569
Spin,70e3c23d-16c6-4b99-b89a-b56990feae95,e-bike,40.0003216,-83.01801859999999,91,24.88,True,False,False,1790105486
Spin,81db0e1b-5019-4c6a-8d8d-ae62c4c87cd2,e-bike,40.0003417,-83.018024,85,23.12,True,False,False,1790105491
Spin,8bba4983-322a-4d93-86b4-39ad38eb3188,e-bike,40.000326699999995,-83.01805340000001,87,23.71,True,False,False,1790105555
Spin,444475be-7a66-4c9d-aa89-bfdfdac742a4,e-bike,40.000343300000004,-83.01807529999999,87,23.71,True,False,False,1790105556
Spin,6933e103-1138-4654-9df1-2bb052703567,e-bike,40.0003393,-83.01806839999999,87,23.71,True,False,False,1790105471
Spin,9b389f54-0800-4ff2-9499-fb7b16ff8d0c,e-bike,40.0003429,-83.01805279999999,92,25.17,True,False,False,1790105430
Spin,e84e41cd-9961-4e50-b84f-58a496ef1c7c,e-bike,40.000335299999996,-83.0180698,87,23.71,True,False,False,1790105486
Spin,b19a8fb9-ee35-42db-b025-5e703c1c20cd,e-bike,40.0061126,-83.0465874,94,25.46,True,False,False,1790105425
Spin,80bee390-9c8d-4ac2-9e9c-ef72d3c09d27,e-bike,40.001906,-83.0480775,89,24.29,True,False,False,1790105331
Spin,05c739ee-8b09-44ef-b32e-3d9c283ea717,e-bike,39.997080233333335,-83.0076101,87,23.71,True,False,False,1790105507
Spin,e34bce68-0df2-4a6a-8b1b-dbdd40f3ae5e,e-bike,39.997083733333334,-83.0075734,91,24.88,True,False,False,1790105574
Spin,8bcd5bfb-a902-469c-85c8-60a3604e46b0,e-bike,39.99708483333333,-83.0075891,92,25.17,True,False,False,1790105379
Spin,38dbc3aa-d33c-410b-b096-3ae6548eaae1,e-bike,39.99707633333333,-83.0075897,91,24.88,True,False,False,1790105357
Spin,0eaec4d0-b297-41e6-8942-4d6dd7ac005d,e-bike,39.99706423333334,-83.00757700000001,90,24.58,True,False,False,1790105505
Spin,49edc430-c759-4e7a-8bec-0b6592892fef,e-bike,39.99686863333333,-83.0105861,89,24.29,True,False,False,1790105539
Spin,68aa92d5-9dc0-4ba4-a5c4-621ada6e2516,e-bike,39.99685563333333,-83.0105928,87,23.71,True,False,False,1790105525
Spin,b034eeae-b184-4bce-a3e7-14659ea4222b,e-bike,39.99685615,-83.0105945,88,24.0,True,False,False,1790105518
Spin,38aa7f50-1492-4f7b-b718-821653bece83,e-bike,39.99685833333333,-83.0105889,92,25.17,True,False,False,1790105501
Spin,7d76139a-6b40-48a8-be6b-adcf46d44a66,e-bike,39.99685733333333,-83.01060600000001,87,23.71,True,False,False,1790105550
Spin,c8e727eb-7477-4def-bb71-079d126e9d36,e-bike,39.99686903333334,-83.01060039999999,87,23.71,True,False,False,1790105500
Spin,1219ab7b-4db7-4b22-a944-61a32fb3b2bd,e-bike,39.9968585,-83.01059531666667,89,24.29,True,False,False,1790105542
Spin,7c6cac1c-f6d8-46f2-80e2-aff5c82240e4,scooter,39.999484,-83.008356,83,22.54,True,False,False,1790105529
Spin,19ce0bf5-e27e-4023-88c5-9ab996185483,e-bike,39.99708963333333,-83.00757180000001,96,26.05,True,False,False,1790105501
Spin,130b9fe8-e1d1-4655-92cf-9006c0d632a0,e-bike,40.004243333333335,-83.01720333333333,100,27.22,True,False,False,1790105524
Spin,4331d00d-c5c2-4877-b3f5-e22126413990,e-bike,40.0042784,-83.01721539999998,92,25.17,True,False,False,1790105579
Spin,0eb34710-5a40-4b7d-a70f-4fa497e66e74,e-bike,40.004310000000004,-83.01723833333332,89,24.29,True,False,False,1790105434
Spin,5d3c2c71-3dce-4242-a850-3975f937b913,e-bike,40.004265000000004,-83.01721333333334,70,19.02,True,False,False,1790105415
Spin,3cf0c353-788d-4ad0-9d73-3d193bf47dfe,e-bike,40.004275,-83.01721666666666,99,26.93,True,False,False,1790105549
Spin,8c564e95-854b-4314-8805-8363308b2d42,e-bike,40.0042684,-83.0172285,87,23.71,True,False,False,1790105549
Spin,310a311c-1472-427b-8a14-b164645460b8,e-bike,40.0042591,-83.01723930000001,92,25.17,True,False,False,1790105311
Spin,375dd274-7260-4268-b332-e6ca109198c4,e-bike,40.0062003,-83.01628308333332,92,25.17,True,False,False,1790105368
Spin,be0e4ce9-840a-4283-97ab-82a209b81878,e-bike,40.0062047,-83.016304,94,25.46,True,False,False,1790105425
Spin,2bf7fc61-061f-4a66-9333-032b91a64fb4,e-bike,40.0061816,-83.0163108,94,25.46,True,False,False,1790105553
Spin,8b4cbc33-1d74-4c6c-8414-0ffec70d4ca1,e-bike,39.99857153333333,-83.01339189999999,82,22.24,True,False,False,1790105451
Spin,51ace3ac-246b-4951-a2c4-d90ca749fdcc,scooter,39.99663043333333,-83.01997770000001,70,19.02,True,False,False,1790105478
Spin,ae112564-c023-4db5-a287-4d0382ec9e7b,e-bike,40.0041246,-83.0160518,71,19.32,True,False,False,1790105496
Spin,4cea0416-c614-4720-9000-083793637e67,e-bike,39.99964383333334,-83.00786009999999,91,24.88,True,False,False,1790105557
Spin,3224b37f-facf-4b71-94a8-e1b5a87e7bae,e-bike,39.995516433333336,-83.01890399999999,37,9.95,True,False,False,1790105522
Spin,9fee04ff-5666-4a2d-99ab-2ba2d223cd4a,scooter,40.0012737,-83.0103392,90,24.58,True,False,False,1790105540
Spin,e943ffac-4ff2-488a-83ca-cb205ca2bde4,e-bike,39.995625133333334,-83.0159072,65,17.56,True,False,False,1790105575
Spin,2a0a52cc-f28f-4960-a06c-2a0c1a253f9a,e-bike,39.994146433333334,-83.0068008,96,26.05,True,False,False,1790105527
Spin,a5dc5575-fba2-4313-81b9-37638c32ef3c,e-bike,39.99414348333333,-83.00680593333333,71,19.32,True,False,False,1790105540
Spin,91a5f270-3ad1-4a58-91df-bc782ecdc996,e-bike,39.99412503333333,-83.00679389999999,37,9.95,True,False,False,1790105425
Spin,8fd23574-dbdc-4fab-b2e2-45b4da362ec2,e-bike,39.99414303333333,-83.00679469999999,87,23.71,True,False,False,1790105423
Spin,955a53bc-3ad0-404c-8a63-ded009bfdb95,e-bike,39.99413293333334,-83.0067908,39,10.54,True,False,False,1790105478
Spin,68374925-925a-4224-ba2b-94ef07639e5f,e-bike,39.994145233333334,-83.0068002,95,25.75,True,False,False,1790105425
Spin,5d444932-bedc-4d1f-bdbe-fbd2dfd1f2f0,e-bike,39.994137466666665,-83.00680673333333,76,20.78,True,False,False,1790105487
Spin,cff503f2-cfc3-4400-b67c-9f9faf91aaa5,e-bike,39.994147033333334,-83.00680410000001,90,24.58,True,False,False,1790105424
Spin,a9c550ff-261f-4888-a019-b5fd2a4140fa,e-bike,39.99412463333333,-83.00681060000001,56,15.22,True,False,False,1790105476
Spin,1efa402d-5507-4b2a-aa48-54c373f3b3b0,e-bike,39.995085933333336,-83.0171155,70,19.02,True,False,False,1790105460
Spin,2af17536-975e-444a-b5ca-db6e8c1b2aa0,e-bike,39.99965066666667,-83.00787809999999,90,24.58,True,False,False,1790105466
Spin,79139d5c-abb0-4ca2-8e1e-963b71f09c7d,e-bike,40.0016918,-83.01125830000001,48,13.17,True,False,False,1790105493
Spin,9f818839-dbe2-4897-a033-e5819856ecfb,e-bike,39.99657763333333,-83.02059030000001,82,22.24,True,False,False,1790105569
Spin,91b53d91-bcf9-4594-bb43-1372d4016f37,scooter,40.002327799999996,-83.01568379999999,42,11.41,True,False,False,1790105458
Spin,279d7eef-1d3f-4ffd-86d4-04d56ac8b2c1,scooter,40.0037376,-83.01149249999999,18,4.98,True,False,False,1790105565
Spin,8dbebc43-0c70-4575-aedd-88f273d31db8,e-bike,40.0022327,-83.01211059999999,37,9.95,True,False,False,1790105534
Spin,d4a00c37-da6b-4cf1-8047-1901da63305b,e-bike,40.0007028,-83.0142576,90,24.58,True,False,False,1790105316
Spin,7a7ee0c3-5cdb-4d94-9bee-eb49ee9eb7b9,scooter,40.003795,-83.011518,19,5.51,True,False,False,1790105365
Spin,a0816c29-eb8c-4449-9219-f40c52a0a2da,e-bike,40.0002115,-83.01019820000002,69,18.73,True,False,False,1790105513
Spin,ce984dc4-06cd-44cd-8f41-1a2ab9cdec3d,scooter,40.004448000000004,-83.02433950000001,73,19.9,True,False,False,1790105539
Spin,bb156186-f14b-400f-be17-69fde631c591,e-bike,40.00357666666666,-83.01480000000001,62,16.97,True,False,False,1790105578
Spin,3d30de66-2eb7-496e-be00-96bd3ab788a4,scooter,40.000394,-83.014286,45,12.87,True,False,False,1790105408
Spin,1ef6951f-36f1-4228-aa69-d9b0cd71763d,scooter,39.997094133333334,-83.0162767,39,10.54,True,False,False,1790105555
Spin,bf910efb-b407-4e2c-9b17-1e018f9c3862,scooter,40.0041976,-83.0146606,70,19.02,True,False,False,1790105479
Spin,0a48d5d9-0037-49a8-81b7-54d496a6fddf,e-bike,40.0045017,-83.01584310000001,19,5.27,True,False,False,1790105397
Spin,a90c5da3-8ba8-493a-a807-47d2acea9e98,e-bike,39.998414733333334,-83.02232479999999,81,21.95,True,False,False,1790105492
Spin,c93c48dc-9e85-4b81-af8c-b2100b03fd8d,e-bike,39.99434203333333,-83.01139739999999,40,10.83,True,False,False,1790105485
Spin,2b50f05f-4836-491e-bc62-086d5a8faca0,e-bike,40.005871666666664,-83.009315,74,20.19,True,False,False,1790105548
Spin,9e4acdb9-e170-4444-b134-332ef8f42670,e-bike,40.00589166666667,-83.00931833333334,48,13.17,True,False,False,1790105467
Spin,536ec8b7-eef9-415a-aadf-7b376900f098,e-bike,40.0058571,-83.0093174,87,23.71,True,False,False,1790105460
Spin,a7a8d9fc-60e4-44c5-8317-ac63c5cfb516,e-bike,40.0010562,-83.00837340000001,87,23.71,True,False,False,1790105484
Spin,e3f520aa-2eb6-4a96-9ede-7303aab764b6,e-bike,40.001083333333334,-83.00838333333334,56,15.22,True,False,False,1790105548
Spin,d626b3f7-22ed-44fd-84e4-5344d0159284,e-bike,40.0010855,-83.00838360000002,38,10.24,True,False,False,1790105511
Spin,a1df7176-0e64-4ad2-b206-4f4d9cc7f389,e-bike,40.0010598,-83.00838379999999,77,21.07,True,False,False,1790105484
Spin,0ab13b45-c0ba-4161-8e05-ae61a037a9ad,e-bike,40.001074,-83.0083931,35,9.66,True,False,False,1790105485
Spin,31025a32-cdb6-475e-b0e3-8537f78443cf,e-bike,40.0010518,-83.0083634,46,12.58,True,False,False,1790105484
Spin,749ec30b-5835-468e-b1a5-ffa7e5839545,e-bike,40.0010239,-83.0083385,62,16.97,True,False,False,1790105483
Spin,52877df8-f319-468d-897b-7977fb46720d,e-bike,40.00105833333334,-83.00836833333332,67,18.15,True,False,False,1790105488
Spin,0b489f1c-4438-45fa-8202-8767b236f427,e-bike,40.002172800000004,-83.01545579999998,57,15.51,True,False,False,1790105491
Spin,d103fb2d-f213-4f7f-941b-306183dbdb43,e-bike,40.002367899999996,-83.01725229999998,29,7.9,True,False,False,1790087435
Spin,3dad756c-5dfc-4388-8678-71f0e0374445,scooter,40.0010768,-83.01404939999999,37,9.95,True,False,False,1790105477
Spin,36f85f85-14b7-487d-82ef-d6141394dce7,e-bike,39.99450643333333,-83.02104579999998,37,9.95,True,False,False,1790105507
Spin,a3706294-4fcc-4635-846b-1faef5ce4763,e-bike,40.0013213,-83.0152027,20,5.56,True,False,False,1790105524
Spin,eee9ccb0-a7d2-4377-bd13-8f5505c93b0d,e-bike,39.996160333333336,-83.0178228,89,24.29,True,False,False,1790105523
Spin,5501a55f-2f44-4f44-8b5d-c3bad91bf4a5,e-bike,40.00309468333333,-83.01259148333332,52,14.05,True,False,False,1790105449
Spin,2709e781-75de-4d16-90cd-e29f8efe5039,e-bike,40.002846399999996,-83.01485380000001,90,24.58,True,False,False,1790105505
Spin,5f913f78-d23a-4dee-b0e7-068d6ff4e641,e-bike,39.99302773333333,-83.01922629999999,28,7.61,True,False,False,1790105549
Spin,e1bfbd96-70cc-41b4-a7b9-514f2bdf3d86,scooter,40.003319000000005,-83.00846359999998,91,24.88,True,False,False,1790105332
Spin,e60a21e6-fa20-4f2a-a371-389d0d64d79e,e-bike,40.00114,-83.00840050000001,87,23.71,True,False,False,1790105550
Spin,ed47b1ee-5b57-4731-a774-e91cbf8017af,e-bike,40.0041558,-83.0145536,58,15.8,True,False,False,1790105372
Spin,7e800147-dda0-4b57-8bdf-6a2201b496df,e-bike,40.001941,-83.01359239999998,70,19.02,True,False,False,1790105573
Spin,05e7b685-ed58-45e4-9d6c-30e9c2f3b7ce,e-bike,40.0036342,-83.0146703,89,24.29,True,False,False,1790105460
Spin,486b3a97-f81f-4b6c-811e-c9abb1569951,scooter,39.997676,-83.007617,43,11.71,True,False,False,1790105509
Spin,b5f701ee-a996-44c4-9a30-96e8d7e4a119,e-bike,40.0026644,-83.010647,41,11.12,True,False,False,1790105521
Spin,aa36144c-bb86-4bd5-9153-b09fa2d7f8c0,e-bike,40.00331666666667,-83.01294833333334,37,9.95,True,False,False,1790105466
Spin,a75993fa-89e1-4082-8028-82e33bcd0106,e-bike,39.998623433333336,-83.0115032,54,14.63,True,False,False,1790105473
Spin,ead72d0a-39fb-44a8-ba0b-7adb056565c2,e-bike,40.00152166666667,-83.01512666666667,49,13.46,True,False,False,1790105549
Spin,77bf320c-3238-4743-ad3b-355ef2676445,e-bike,40.00346833333333,-83.01624166666667,61,16.68,True,False,False,1790105333
Spin,16ab125c-6717-4aea-97bc-3ceacf8112a3,scooter,40.0052428,-83.01575210000001,83,22.54,True,False,False,1790105363
Spin,5cca2f3a-5907-4bb8-931f-6b2699870b62,e-bike,40.0018459,-83.01077230000001,82,22.24,True,False,False,1790105526
Spin,3d9a906f-340c-4154-a5ec-98866c8171ce,e-bike,40.0016699,-83.0151217,53,14.34,True,False,False,1790105474
Spin,b004d659-e34d-4269-bf5e-6c68025e478e,e-bike,39.998646433333334,-83.01112210000001,86,23.41,True,False,False,1790105560
Spin,0012c2c4-3269-4546-b0bf-1ee16f06c44b,e-bike,40.0017317,-83.0151372,42,11.41,True,False,False,1790105578
Spin,ad8f549c-a243-42b9-aee8-2c84a2970ae4,scooter,40.00479,-83.010674,18,5.21,True,False,False,1790105388
Spin,dc2c73b6-3d70-483c-b025-1596a417e57b,e-bike,39.99897213333334,-83.01016890000001,20,5.56,True,False,False,1790105462
Spin,ad862569-b22f-4f0b-bc0a-b7da5846fced,e-bike,40.003407599999996,-83.0157453,88,24.0,True,False,False,1790105573
Spin,e6ee912b-0a8f-4e2b-b49f-983780944885,e-bike,40.001541399999994,-83.0157793,86,23.41,True,False,False,1790105528
Spin,37b0c61c-f4a5-4645-94e6-b886fc8059fc,scooter,40.0019773,-83.01644489999998,44,12.0,True,False,False,1790105505
Spin,2840202a-a783-4302-a7df-f3013c648447,e-bike,40.00358666666667,-83.00939500000001,31,8.49,True,False,False,1790105531
Spin,6979f972-3e69-46f3-a685-99c78923af9d,e-bike,39.99967133333334,-83.00788669999999,87,23.71,True,False,False,1790105463
Spin,01742cdb-fa64-4109-902c-b9346cad0b82,e-bike,40.0057594,-83.01959020000001,85,23.12,True,False,False,1790105505
Spin,d5a61bee-80ad-4d37-93d8-e22320c6b011,e-bike,40.0044581,-83.01580080000001,84,22.83,True,False,False,1790105565
Spin,83fb141d-49b2-4579-8ea6-4fa0dde422a2,e-bike,40.002016000000005,-83.01158330000001,19,5.27,True,False,False,1790105559
Spin,b721a623-3ca5-4601-99e5-8e23ad36ee3b,e-bike,40.001712600000005,-83.01514590000001,86,23.41,True,False,False,1790105486
Spin,6608ffb3-4fb1-4b89-bd8c-3786699da4f7,e-bike,39.99967563333333,-83.00788638333333,86,23.41,True,False,False,1790105539
Spin,8ac6120a-02be-43da-ae67-db18f169580d,scooter,39.999521,-83.008229,73,19.9,True,False,False,1790105543
Spin,88dc0a4c-0e6c-4f43-9248-5426a3d900ee,e-bike,39.99672553333333,-83.00811800000001,35,9.66,True,False,False,1790105528
Spin,f504ff74-fd81-4fe3-8c76-ffb21d8abb53,e-bike,40.0019826,-83.01313540000001,44,12.0,True,False,False,1790105519
Spin,e6a50138-04e6-43a8-8efc-9c06497f1209,e-bike,40.00617105,-83.01628346666666,92,25.17,True,False,False,1790105496
Spin,4308bc08-c60c-4437-b61a-4be3d6cb8b5d,e-bike,39.99927503333333,-83.01545519999999,91,24.88,True,False,False,1790105577
Spin,7c8530df-1e1d-402d-9f2f-c58a88bb3b15,e-bike,40.003716000000004,-83.01376129999998,82,22.24,True,False,False,1790105557
Spin,90a43fb1-f8a1-41de-a8a8-b915c9fa5579,e-bike,39.997058333333335,-83.01629999999999,43,11.71,True,False,False,1790105464
Spin,8113cc29-8231-47f1-805c-ec44fe85d706,e-bike,40.0041655,-83.0258402,63,17.27,True,False,False,1790105459
Spin,04ffd5f6-9ded-41d7-a594-7026e4c9fabe,e-bike,39.99932663333333,-83.0214988,87,23.71,True,False,False,1790105501
Spin,3eec7ad0-6a0e-4769-92cd-61c4d0d91720,scooter,39.999320733333334,-83.02150349999998,24,6.44,True,False,False,1790105405
Spin,4fad8faf-a4eb-4af9-8000-c23f55c69eaf,scooter,39.99931273333333,-83.0215063,53,14.34,True,False,False,1790105426
Spin,c397bd2a-b3cb-4940-bd9b-fc08b0082ae3,e-bike,40.003389,-83.01590030000001,89,24.29,True,False,False,1790105502
Spin,fd9b4954-7052-4903-8095-39e0afab7564,scooter,39.996667,-83.011299,94,25.46,True,False,False,1790105502
Spin,9ea01f37-c071-4e62-b331-e5083d81edcc,e-bike,40.0059037,-83.01952600000001,90,24.58,True,False,False,1790105470
Spin,a78a21c8-36e9-4be0-9d85-3443939e6b71,e-bike,40.0022253,-83.01212679999999,46,12.58,True,False,False,1790105534
Spin,c70983b7-bea0-4adc-b902-45cd5d0d9471,e-bike,39.99930263333333,-83.0215041,57,15.51,True,False,False,1790105532
Spin,27631621-226d-4f74-be38-b5d0a58a2106,e-bike,39.99929563333333,-83.02150170000002,65,17.56,True,False,False,1790105532
Spin,4636e8ea-bb37-408e-8535-2a2356737d12,e-bike,39.99931376666667,-83.02148998333332,26,7.02,True,False,False,1790105534
Spin,39bbdd2f-e0e5-4493-8639-bbb1c4408493,scooter,40.004803,-83.01573160000001,54,14.63,True,False,False,1790105549
Spin,dfa3f4c8-d878-41ea-a538-b091c69587b9,e-bike,40.0003743,-83.01434320000001,86,23.41,True,False,False,1790105418
Spin,1f450b81-00d2-4f5e-999d-588e1fe314a4,e-bike,39.99930431666667,-83.02150505,26,7.02,True,False,False,1790105428
Spin,2a51abf0-a4dc-4c19-8a46-f502efbb8963,e-bike,39.99929165,-83.02149251666667,47,12.88,True,False,False,1790105471
Spin,28bbd903-683a-47cc-85b2-4e2b58a707cc,e-bike,39.999288533333335,-83.0215011,45,12.29,True,False,False,1790105427
Spin,f6efc9b6-d498-49d5-81f5-a43c2c68b8ca,e-bike,39.99930173333333,-83.02148868333333,67,18.15,True,False,False,1790105479
Spin,5a5d2977-5909-40bd-9b76-458d3aae36a5,e-bike,39.99852333333333,-83.0120407,35,9.66,True,False,False,1790105506
Spin,5f29dc28-9c19-41a8-b6f9-c27019d5ac94,e-bike,39.99894923333333,-83.01015539999999,61,16.68,True,False,False,1790105578
Spin,b1e47c5a-29a2-4325-94cc-8825ae87eea4,e-bike,40.002636700000004,-83.01549670000001,49,13.46,True,False,False,1790105445
Spin,1ba7619d-49a9-4198-8954-1a7dcffb123f,e-bike,40.001794600000004,-83.01305169999999,30,8.19,True,False,False,1790105575
Spin,c042ccf5-c9f0-425a-aceb-ad085f80b12c,e-bike,40.0015852,-83.0157561,49,13.46,True,False,False,1790105554
Spin,86965aff-ba6a-417f-926a-3a49b8ae946c,scooter,40.001887,-83.016473,91,24.88,True,False,False,1790105576
Spin,89895796-f535-426a-9e99-5f470a79a770,e-bike,39.99929241666667,-83.02149134999999,87,23.71,True,False,False,1790105469
Spin,8cd2e706-ffd8-40f4-aff1-d93c53102b86,e-bike,40.0020982,-83.01244960000001,31,8.49,True,False,False,1790105537
Spin,9dcea03e-39e4-4b12-b770-4ffa4bfaee6a,e-bike,39.996132933333335,-83.02080740000001,88,24.0,True,False,False,1790105577
Spin,1102302b-d55c-4d95-9547-c6b52efa5360,e-bike,39.99817443333333,-83.03244785,74,20.19,True,False,False,1790105425
Spin,b7b4adc3-ef58-45c2-8205-e0e44509e5f5,e-bike,40.0041426,-83.01546429999999,66,17.85,True,False,False,1790105563
Spin,2d74b211-649a-4f1e-b88a-54c687c56c59,e-bike,40.0040996,-83.01501529999999,26,7.02,True,False,False,1790105461
Spin,584b1d00-98be-4be5-a72c-d26e618b6893,e-bike,40.00035333333334,-83.01325166666666,26,7.02,True,False,False,1790105568
Spin,a345a2f6-d842-461c-b11b-e67521238428,e-bike,39.998044533333335,-83.0093886,47,12.88,True,False,False,1790105481
Spin,41ecc19f-2cf0-48f1-9c62-6aaa41ff29da,e-bike,39.998009833333334,-83.00934989999999,76,20.78,True,False,False,1790105536
Spin,404d1046-0aa9-42ff-a32c-a27a34321cc2,e-bike,39.999318833333334,-83.02148979999998,91,24.88,True,False,False,1790105573
Spin,4aa75f10-27f0-46f5-abeb-18edec61a1b5,e-bike,40.0018619,-83.0107515,42,11.41,True,False,False,1790105374
Spin,fbead09a-87aa-450c-bda8-be38f5844b9f,e-bike,39.99717533333333,-83.00925790000001,29,7.9,True,False,False,1790105436
Spin,5affdf07-4842-40fb-869b-977bb6feaade,scooter,39.99570213333333,-83.0094281,94,25.46,True,False,False,1790105546
Spin,5eb5e5cc-b097-4c5e-8836-a45faee50cb2,e-bike,40.000675900000005,-83.01465959999999,55,14.93,True,False,False,1790105562
Spin,8f826556-bc34-4879-9b4b-4a79c525b406,e-bike,39.99748563333333,-83.00745620000001,87,23.71,True,False,False,1790105503
Spin,d20c3990-e2d7-4fcf-93fb-4df1cce4bdc5,e-bike,39.99745073333334,-83.0074647,95,25.75,True,False,False,1790105510
Spin,71068f9b-c240-4cc0-933a-0e02c51db324,e-bike,40.0024096,-83.01568370000001,90,24.58,True,False,False,1790105471
Spin,67b99f29-4260-4c07-94e9-4318a43c746a,e-bike,40.005713199999995,-83.01976979999999,86,23.41,True,False,False,1790105523
Spin,c735384f-2813-4e38-a45d-f1dfc60db5b1,e-bike,40.012004499999996,-83.0266686,77,21.07,True,False,False,1790105535
Spin,83a11889-4763-4010-a91e-988720f1bcac,e-bike,39.99747313333333,-83.00748129999998,31,8.49,True,False,False,1790105569
Spin,f9232d93-ed7b-4815-a660-645a5807d990,e-bike,40.0011344,-83.00840170000001,89,24.29,True,False,False,1790105381
Spin,fb1d9d55-9b07-40c4-8d35-1ccb3d1c325c,e-bike,40.003637600000005,-83.0146821,55,14.93,True,False,False,1790105497
Spin,9f0373f8-62d4-4818-8a54-51fb818b0fd4,e-bike,40.001435,-83.00852359999999,94,25.46,True,False,False,1790105530
Spin,60c7f119-5bdc-45c7-bf47-1643deccbdda,e-bike,39.99863393333333,-83.01251900000001,60,16.39,True,False,False,1790105543
Spin,bbeccabb-f555-4db4-b96c-fb9c541dc6d6,e-bike,40.003894599999995,-83.0133545,86,23.41,True,False,False,1790105550
Spin,cd653c2e-8634-4980-9f0b-83d8a4547da0,e-bike,39.99890163333334,-83.01052890000001,19,5.27,True,False,False,1790105541
Spin,77b984ef-3041-43eb-b535-28c86d07a9b7,e-bike,40.00212666666666,-83.015735,56,15.22,True,False,False,1790105370
Spin,9793d29b-abaa-4344-9851-65518807b44d,e-bike,40.0040957,-83.01502299999999,20,5.56,True,False,False,1790105366
Spin,47462af6-18c6-4026-8cb4-c52cdbbfd217,e-bike,40.003707299999995,-83.0114889,91,24.88,True,False,False,1790105565
Spin,b62c480b-325a-4f5c-bef9-1edce824a7e8,scooter,40.000915299999996,-83.01210459999999,81,21.95,True,False,False,1790105433
Spin,47d03f46-6bff-498f-a872-d44c8dd659bb,e-bike,39.999503233333336,-83.00983489999999,89,24.29,True,False,False,1790105386
Spin,f6c53777-cda2-4de1-b2bf-6ef1af081027,scooter,39.999443,-83.009751,29,7.9,True,False,False,1790105567
Spin,15937b03-171c-485d-a385-f7f54bfcc5f3,e-bike,39.99790673333334,-83.01522689999999,85,23.12,True,False,False,1790105502
Spin,7a9ac9a3-ed4c-4857-b62d-42d4e9a7ce29,e-bike,39.997146433333334,-83.0155032,24,6.44,True,False,False,1790105466
Spin,7603db62-c90d-4c2a-a7eb-91d332311368,e-bike,40.0041363,-83.0147748,47,12.88,True,False,False,1790105555
Spin,c763e61d-e2a2-445e-bf68-38467050a387,e-bike,40.0019145,-83.01310110000001,89,24.29,True,False,False,1790105542
Spin,b523a867-a770-4732-afb6-24932dba071d,e-bike,40.004386700000005,-83.0161486,90,24.58,True,False,False,1790105562
Spin,360865e1-ca18-427d-8e48-d91d78372a07,e-bike,40.0023995,-83.0135318,87,23.71,True,False,False,1790105546
Spin,1b0e118f-d21e-4f6a-abda-4b26265a3680,e-bike,40.0021193,-83.0160825,23,6.15,True,False,False,1790105341
Spin,d93116b5-86be-4873-bb22-9cfe5b7c027f,scooter,39.99628793333333,-83.00721419999999,49,13.46,True,False,False,1790105520
Spin,50fa6423-43f9-405a-8601-f60b9a791b23,e-bike,40.0047122,-83.0247593,92,25.17,True,False,False,1790105527
Spin,869818bc-e11a-4675-9d3a-332bf294e321,e-bike,39.99758043333333,-83.00813260000001,22,5.85,True,False,False,1790105418
Spin,b797216f-4f27-42b5-863a-955890f1eaa6,e-bike,39.99759163333333,-83.0081657,22,5.85,True,False,False,1790105493
Spin,5a3b9ad7-06da-433e-a2b7-9253740c6890,e-bike,39.998895733333335,-83.0163555,84,22.83,True,False,False,1790105443
Spin,b72cf219-e5b8-4d49-9920-a0027a69557a,e-bike,39.99891113333333,-83.01588070000001,55,14.93,True,False,False,1790105540
Spin,da3fa6c5-3331-4432-b219-cbfb2943b26d,e-bike,39.99373083333333,-83.0190626,33,9.07,True,False,False,1790105549
Spin,9bc9f89a-41f9-411d-ba5e-5cdd5f66818d,e-bike,40.004732600000004,-83.0094942,25,6.73,True,False,False,1790105573
Spin,cdd950f9-7639-40d1-bcae-0e81dbe2555a,e-bike,40.0127387,-83.0264855,67,18.15,True,False,False,1790105497
Spin,c38acb7d-54a1-4a79-b61f-276ca8021808,e-bike,39.992299233333334,-83.01559700000001,33,9.07,True,False,False,1790105537
Spin,ee5fa065-f1f0-45c0-ac9d-05a7be491cac,e-bike,40.0117913,-83.0219043,27,7.32,True,False,False,1790105569
Spin,eda6f42d-ea66-4338-a613-81cf45964d83,e-bike,39.99889243333334,-83.01123350000002,85,23.12,True,False,False,1790105525
Spin,cd26e911-1de4-4740-9400-8fb9c17be2da,e-bike,39.99980333333333,-83.0219292,86,23.41,True,False,False,1790105544
Spin,5271b202-3105-41a8-8057-7f6273a4122c,e-bike,39.99961673333333,-83.00787710000002,87,23.71,True,False,False,1790105561
Spin,e3369c46-754d-4560-8f27-9b255b5c3260,e-bike,40.00085549999999,-83.0133554,92,25.17,True,False,False,1790105478
Spin,a023ad6f-9397-4ebf-b45a-35abcb933b47,e-bike,39.99805323333333,-83.0094069,70,19.02,True,False,False,1790105456
Spin,2c895748-414c-43cb-a72a-06aff887111a,e-bike,40.004063200000004,-83.01718580000001,89,24.29,True,False,False,1790105485
Spin,d2c100a3-ce62-4cb9-bfb0-a700fd1aa63f,e-bike,39.99710423333333,-83.0158625,44,12.0,True,False,False,1790105526
Spin,2d90003b-d5c9-4d77-a187-237b37d2712a,e-bike,39.998266333333326,-83.00761310000001,39,10.54,True,False,False,1790105516
Spin,c5cf5fa9-c1b9-49b0-a30d-5ab972de45e8,scooter,39.99458813333333,-83.01554630000001,77,21.07,True,False,False,1790105552
Spin,3dd4f45b-06be-4aa1-a67f-16a959c6e347,e-bike,39.99708773333334,-83.0075768,87,23.71,True,False,False,1790105448
Spin,a648e7c4-399c-4215-9547-9f3db5036e44,e-bike,40.0018556,-83.01642429999998,32,8.78,True,False,False,1790105539
Spin,3671084c-8ff2-49d2-a4e8-0f01b552c2c5,e-bike,39.99679123333333,-83.007535,40,10.83,True,False,False,1790105440
Spin,c798e8b5-3fd3-4f99-924a-d736f74bd3f8,e-bike,40.0052309,-83.02689630000002,87,23.71,True,False,False,1790105525
Spin,deb07aab-e66d-4455-8f53-9777102f524b,e-bike,40.0050381,-83.02678470000001,89,24.29,True,False,False,1790105562
Spin,53330811-603f-4f64-b10d-6da28ee88dd1,e-bike,40.007890399999994,-83.02648380000001,42,11.41,True,False,False,1790105444
Spin,ae501d16-14fc-41f0-844a-073c4615c83d,e-bike,39.99661453333333,-83.01482200000001,46,12.58,True,False,False,1790105358
Spin,a108521b-a418-463e-9575-e285642a5760,e-bike,40.0021967,-83.01151309999999,72,19.61,True,False,False,1790105572
Spin,987a0d7b-f8f0-4ce6-b3d6-a99a1700899f,e-bike,39.999008333333336,-83.0185253,60,16.39,True,False,False,1790105499
Spin,673ed51b-7483-4e48-9e4b-5714b8ef76d0,e-bike,39.9969,-83.01978,20,5.56,True,False,False,1790105556
Spin,ea3789fa-03d9-46f6-8b3d-61d745f75b2e,e-bike,40.0017991,-83.0146882,72,19.61,True,False,False,1790105570
Spin,0325541f-4fee-416b-8b3b-9cd0dd817e91,e-bike,39.99966113333333,-83.0078688,87,23.71,True,False,False,1790105337
Spin,21d136f5-71dc-4c1c-8ed9-5851ed9bb92d,e-bike,39.99701803333333,-83.0198118,63,17.27,True,False,False,1790105463
Spin,f85c920a-fe96-49c0-8c23-2d5b268fc3d7,e-bike,39.99722403333333,-83.0151226,24,6.44,True,False,False,1790105555
Spin,7e2f3b9a-28a7-465c-bf2d-1935efd345ab,e-bike,39.99564243333334,-83.012991,52,14.05,True,False,False,1790105575
Spin,bc7c71da-1926-48db-917a-fd0c06be757b,scooter,40.003313899999995,-83.0084914,62,16.97,True,False,False,1790105332
Spin,79992ef3-d36e-47a1-b493-1d3c4ae36aac,scooter,40.003362,-83.012908,72,19.61,True,False,False,1790105579
Spin,62679d9e-d7f3-48a7-8aaf-6263c02c3165,e-bike,40.0003372,-83.0191261,32,8.78,True,False,False,1790105463
Spin,d9c05d5a-2a5b-4d88-b8e5-93d86a160f7b,e-bike,40.0019397,-83.0164615,87,23.71,True,False,False,1790105491
Spin,061fe156-4cfb-4516-8b94-19a48704ac55,e-bike,40.000589,-83.0146943,88,24.0,True,False,False,1790105500
Spin,6c56f4c1-3620-402d-84c2-5d0cb5d54c6a,e-bike,39.99660793333333,-83.0107977,59,16.1,True,False,False,1790105500
Spin,7652bc16-3e61-47b8-a3ac-8c3b126beba5,e-bike,40.0032525,-83.0117499,51,13.76,True,False,False,1790105543
Spin,0abfc8a6-ad7f-447b-b74c-1fe80f4fc462,e-bike,40.0003501,-83.0110935,83,22.54,True,False,False,1790105541
Spin,c8c2f6fb-6bf2-40d7-b78e-e704c8d38d5f,e-bike,39.999667233333334,-83.0078752,87,23.71,True,False,False,1790105578
Spin,fe471e93-4231-4eb1-9155-4701810407dc,e-bike,40.0029352,-83.014879,26,7.02,True,False,False,1790105539
Spin,8d1097f1-4c57-42cc-b7e3-a459373ed721,e-bike,39.99573313333334,-83.00964520000001,68,18.44,True,False,False,1790105526
Spin,f16973cf-8f8c-4c24-b73a-98b15aeb7cb2,e-bike,40.0040416,-83.016008,85,23.12,True,False,False,1790105511
Spin,776288de-9afb-4a07-9d5f-f0c988d8dc2b,e-bike,40.004945199999995,-83.0121189,33,9.07,True,False,False,1790105417
Spin,0f5b6f9d-6c29-41ff-a4be-d3f5d432dd68,e-bike,40.003503099999996,-83.01105299999999,20,5.56,True,False,False,1790105522
Spin,300c3e53-8ef1-4c6d-a274-e595e4b67b05,e-bike,39.997097833333335,-83.0075974,55,14.93,True,False,False,1790105532
Spin,25b48e54-9e62-485d-ba3d-44d3e6b60ef9,e-bike,39.99797303333333,-83.03623289999999,31,8.49,True,False,False,1790105540
Spin,802504fe-f19a-435d-aa86-94aac759d326,e-bike,40.0033091,-83.0179858,90,24.58,True,False,False,1790105468
Spin,b362f83b-ff8a-4d6b-a6cf-ae223dfc0a9a,scooter,40.0041463,-83.0086482,59,16.1,True,False,False,1790105570
Spin,eb1dbea4-d79e-443b-a4ea-6b2fad92362f,e-bike,39.99496353333333,-83.0068764,84,22.83,True,False,False,1790105460
Spin,4ebf2a79-ed0e-4eb8-a699-6d478a048b53,e-bike,39.99879813333334,-83.01609179999998,87,23.71,True,False,False,1790105552
Spin,373b100c-167e-47b2-8156-6f6778d8d41b,e-bike,39.99964043333333,-83.0078864,87,23.71,True,False,False,1790105571
Spin,041b90e1-0d54-4908-8302-699a957a717b,e-bike,40.0035881,-83.0173715,89,24.29,True,False,False,1790105537
Spin,2ca739c1-7e56-4f99-827e-3e45cdcfd181,e-bike,40.0048739,-83.009471,86,23.41,True,False,False,1790105562
Spin,88ee2d08-f9a3-4ef3-bfec-fdd752b3c233,e-bike,40.00215333333333,-83.01203166666667,43,11.71,True,False,False,1790105386
Spin,aa913645-9a82-4073-af62-e716d49d51d4,e-bike,39.997814633333334,-83.03259860000001,71,19.32,True,False,False,1790105414
Spin,8801d456-7fab-4756-aadf-8c08041e7dfe,e-bike,40.0042891,-83.01722049999998,42,11.41,True,False,False,1790105471
Spin,ff8f258f-e93a-497b-8dbd-dea08e785e43,e-bike,39.99909053333333,-83.00822969999999,85,23.12,True,False,False,1790105521
Spin,b15fc21b-50b2-45e8-bd8c-b7844189c61f,scooter,39.99931873333333,-83.0215114,75,20.49,True,False,False,1790105537
Spin,25ec7e45-9f07-4f96-a846-22b31b6df809,e-bike,40.000332,-83.01805449999999,95,25.75,True,False,False,1790105552
Spin,f763d2cf-953a-47eb-85d4-2c0f05a01af9,e-bike,40.002702,-83.01304559999998,56,15.22,True,False,False,1790105444
Spin,82c301e4-3749-489a-bfd9-4042e06fabdb,e-bike,39.99807033333333,-83.00931800000002,26,7.02,True,False,False,1790105579
Spin,3ed3f5ab-5f3e-41ec-9b57-25763449f3a1,scooter,40.006175,-83.009282,15,4.1,True,False,False,1790105559
Spin,fd488a18-27e5-40db-928b-6d7a37565e96,e-bike,39.999642200000004,-83.00786771666665,87,23.71,True,False,False,1790105453
Spin,71930111-37e0-4328-9758-7148a0b8d283,scooter,39.998301033333334,-83.0075874,94,25.46,True,False,False,1790105535
Spin,fdf57f14-4604-4175-8777-058e78f89dd1,e-bike,39.999854033333335,-83.01598880000002,20,5.56,True,False,False,1790105524
Spin,7d61706b-40c7-42c4-8f1c-013cc78f1dc6,e-bike,40.014018,-83.03474059999999,68,18.44,True,False,False,1790105337
Spin,7c4df4c6-5ab2-4c0b-86c2-e38e850e4f42,e-bike,40.003745099999996,-83.0179538,83,22.54,True,False,False,1790105441
Spin,c4cedf3f-1344-4151-85eb-3c71f8bd3d6a,e-bike,40.0008693,-83.0079755,63,17.27,True,False,False,1790105458
Spin,b7b76b74-2961-4504-bb61-cbd8fe0d9776,e-bike,39.995648433333336,-83.01077269999999,27,7.32,True,False,False,1790105480
Spin,0948ded5-e486-4be6-b391-7b8b741b1d8b,e-bike,39.99994853333333,-83.02140720000001,31,8.49,True,False,False,1790105557
Spin,93d1a852-2dcb-4b0f-b8a0-c6f50e017f2f,e-bike,39.99499503333333,-83.0172869,33,9.07,True,False,False,1790105469
Spin,1f3199c6-4fca-4ece-b91a-edc401319ebc,scooter,39.99986443333333,-83.0078492,38,10.24,True,False,False,1790105549
Spin,a8b925dc-ba0e-4df3-9624-8127c8ad0b9f,scooter,39.99759063333333,-83.0074179,87,23.71,True,False,False,1790105567
Spin,22c8b1cd-e5c4-4142-ab98-1047aefcbc17,e-bike,40.0057469,-83.01713339999999,66,17.85,True,False,False,1790105572
Spin,bdabbd4d-bb60-4b34-a63b-5b37cf7e8cea,e-bike,39.99904743333333,-83.0181519,24,6.44,True,False,False,1790105547
Spin,fde6d14e-d286-49df-a82c-ae1590ec98a5,scooter,39.99497913333333,-83.014478,68,18.44,True,False,False,1790105517
Spin,23d3ae04-c178-4d8b-a578-627c6208a7b1,scooter,39.995428,-83.009341,17,4.68,True,False,False,1790105550
Spin,c84d9a28-6aa6-48d7-8839-de7d1f8543ad,e-bike,40.00456,-83.02901666666666,0,,False,True,False,1790105503
Spin,ec0abb70-864f-4562-9ca5-f5638688f6e3,scooter,39.998092,-83.009873,0,,False,True,False,1790105541
Spin,f7bf8d78-cb6a-428b-8dbd-7f6755ebb846,scooter,39.993226,-83.020719,0,,False,True,False,1790105359
Spin,606a95b6-67d2-4ccc-b096-7af3e33ff8c4,scooter,39.995769,-83.008747,11,3.06,False,True,False,1790105541
Spin,a83cc301-3f07-48c0-9e77-ee76e60e7161,scooter,40.004512,-83.013452,0,,False,True,False,1790105539
Spin,5f5e8ad8-dc11-43ae-8e52-4c8a4aa27caf,e-bike,40.0045722,-83.01340499999999,0,,False,True,False,1790105579
Spin,bcc68888-1d6d-4d05-a3ee-6770bbac1312,e-bike,39.998090000000005,-83.00986333333334,11,2.93,False,True,False,1790105519
Spin,0046ea13-ffad-4a37-991b-16590703ce35,scooter,39.997304,-83.025922,8,2.14,False,True,False,1790105349
Spin,62c87f84-a579-46e4-ab6b-33dca06ad861,scooter,39.995386,-83.009339,11,2.93,False,True,False,1790105572
Spin,6d79f93a-22e7-4541-a778-bdef225a721d,scooter,39.995475033333335,-83.0090177,13,3.51,False,True,False,1790105546
Spin,6fb65db1-32b5-4b28-9e26-843b393c8620,e-bike,40.0022154,-83.0165653,13,3.51,False,True,False,1790105548
Spin,98c8cdaf-ed60-4971-98b2-d9a5f5908395,scooter,39.99872,-83.012503,5,1.46,False,True,False,1790105456
Spin,0163224c-48bd-4336-b9be-99a2a58335c9,e-bike,40.002836499999994,-83.01451739999999,12,3.22,False,True,False,1790105549
Spin,6f790f3f-1c3b-489b-9dfd-341ca0d21e70,e-bike,40.0055526,-83.0116274,12,3.22,False,True,False,1790105496
Spin,4e14ae8c-56a8-40c8-882b-fa45d022a24a,e-bike,39.99599583333334,-83.0097188,12,3.22,False,True,False,1790105490
Spin,8503865f-7290-441e-a6f8-37b3c81637bc,scooter,40.004048,-83.012856,13,3.51,False,True,False,1790105464
Spin,5c2e1ec3-fc9f-4706-9806-ed7362b183ec,scooter,40.0000294,-83.0213968,13,3.51,False,True,False,1790105562
Spin,68b11237-fe61-41f3-a524-7e8b21ff635d,e-bike,39.99496883333334,-83.0144677,14,3.8,False,True,False,1790105422
