Company,Vehicle_ID,Type,Latitude,Longitude,Battery_Pct,Range_Miles,Is_Available,Is_Disabled,Is_Reserved,Last_Reported
Veo,a0f4f957-c888-5f3a-a926-1cf5c756337d,bicycle,39.960786,-83.013594,,26.78,True,False,False,0
Veo,1f97dfba-2192-515c-b9ac-4a7c766c77de,bicycle,40.004676,-83.010575,,26.25,True,False,False,0
Veo,ae08d56a-bf85-583f-9aa2-3c3fa664ce4d,bicycle,39.987245,-82.999492,,21.49,True,False,False,0
Veo,56eb4192-d0c2-5f9c-b7f6-e27d0885ad3b,bicycle,39.982273,-83.016937,,15.45,True,False,False,0
Veo,fceb3cd8-d02c-5ffc-80c0-9e035d7ab7d7,bicycle,39.984572,-83.020443,,14.61,True,False,False,0
Veo,01db5b10-c9ad-505b-8e55-911c7695dbf5,bicycle,39.957685,-82.99808,,6.98,True,False,False,0
Veo,8e03103d-cb2b-5dd0-9f46-00876a142503,bicycle,39.986049,-83.005569,,27.02,True,False,False,0
Veo,2004109,bicycle,39.955993,-82.945358,,27.77,True,False,False,0
Veo,c08ba436-2b56-54e0-a671-a8594942a035,bicycle,39.962279,-83.000639,,13.86,True,False,False,0
Veo,8d9645b9-31c5-51c9-aa9e-ee97d2742c51,bicycle,39.962112,-83.004338,,15.89,True,False,False,0
Veo,2004057,bicycle,39.993964,-82.983374,,27.77,True,False,False,0
Veo,2004025,bicycle,39.99397,-82.983344,,28.14,True,False,False,0
Veo,01e4d3c1-05e2-5a4e-b6ce-7e75c5b0cc48,bicycle,39.999942,-83.021649,,6.67,True,False,False,0
Veo,8612771e-ccd9-5f4e-b2e9-e351f4924ad5,bicycle,39.977148,-83.00373,,28.14,True,False,False,0
Veo,ec1af468-33d6-5da8-94e0-d1e491b90f1d,scooter,40.003257,-83.008564,,26.78,True,False,False,0
Veo,cb5b109b-567b-5420-addc-7164183220b9,bicycle,40.030517,-82.973515,,5.44,True,False,False,0
Veo,ca7e03c0-e513-5435-be93-3ae15d35511c,bicycle,40.014544,-82.988503,,25.94,True,False,False,0
Veo,60c3fb69-f704-531c-970e-b89b94c41bb6,bicycle,39.940453,-82.983536,,25.74,True,False,False,0
Veo,c3210188-0099-5638-8100-884109e4de2d,bicycle,40.101634,-83.11422,,24.84,True,False,False,0
Veo,c060bcde-b69d-5296-982f-1ad278ffb467,bicycle,40.0164,-83.01593,,25.12,True,False,False,0
Veo,ab2ce4ec-f794-591b-9783-7f3f5239cdfc,scooter,39.996918,-83.015045,,13.64,True,False,False,0
Veo,e33c20eb-59ea-5609-8e01-afa750cc82c9,bicycle,39.957558,-83.008218,,24.33,True,False,False,0
Veo,27236ea9-8857-5d20-94c7-f6c314a45cd9,bicycle,40.003285,-83.017709,,4.78,True,False,False,0
Veo,f6958153-2972-50b3-906f-336f801d2c85,scooter,39.962952,-83.004194,,28.14,True,False,False,0
Veo,43f8d77c-5235-5975-9d5d-7a9f0a1d15f2,bicycle,39.948703,-83.108976,,12.63,True,False,False,0
Veo,a9fe8853-5e7b-5eca-834b-2abcfa4ebac8,bicycle,39.940297,-82.982902,,22.05,True,False,False,0
Veo,ba751c00-2627-51c8-9a78-5881204596da,bicycle,39.962951,-82.986997,,19.78,True,False,False,0
Veo,f26c16c7-8f55-55b0-b5e7-22d0c44778b4,scooter,40.052973,-83.029747,,16.84,False,True,False,0
Veo,d6269ba6-e16e-5f26-a586-f5c701921cbf,bicycle,39.994697,-83.005569,,25.12,True,False,False,0
Veo,c8cf8d49-f7c9-5125-bc1f-8a69e55f3861,bicycle,40.001785,-82.997577,,18.67,False,False,True,0
Veo,1e49802e-21af-5ad2-ac11-7617703e50bc,bicycle,40.026273,-83.024933,,24.84,True,False,False,0
Veo,19ef507b-d9d7-5b2e-9b42-449b0947f4ae,bicycle,40.053473,-83.049388,,26.51,True,False,False,0
Veo,9c6f1c83-931c-568d-8b4a-7f0f514ab865,bicycle,40.03933,-82.994424,,9.97,True,False,False,0
Veo,6bdd357d-044f-52fe-9d31-adec4574bb8f,bicycle,40.002489,-83.012712,,8.43,True,False,False,0
Veo,d39ed7c7-37d2-5d59-bb47-7f1f9dc34ebf,bicycle,39.948715,-83.035061,,5.83,True,False,False,0
Veo,afc54df9-1cf7-542a-8d20-5f18d4710e8e,scooter,39.962983,-83.004223,,28.14,True,False,False,0
Veo,fd0412dd-b92b-5b89-a6c9-531776a68a7a,scooter,39.949128,-82.964281,,19.39,True,False,False,0
Veo,f633f770-bea7-5982-b44b-3e74ec3ca622,scooter,39.991327,-83.001196,,25.34,True,False,False,0
Veo,2d2fc7b8-4dc2-5546-90c3-8cb18b34cedb,scooter,39.960418,-82.865501,,1.15,True,False,False,0
Veo,f42320f1-f44b-5982-b630-76f6f8828fb4,scooter,39.924614,-82.984362,,27.44,True,False,False,0
Veo,afa91458-6cd2-5e3e-a359-2cedb8ec58a6,bicycle,39.994054,-82.935849,,16.84,True,False,False,0
Veo,fd9d35ef-d3d7-59be-b610-66f97772eac4,bicycle,39.997552,-83.007597,,12.28,True,False,False,0
Veo,dd5c6612-0d61-55a0-bc29-a6615c54f00d,bicycle,39.95394,-82.937156,,7.62,True,False,False,0
Veo,42934b1b-9b19-5726-a504-87f9f2e47b7a,bicycle,40.105019,-83.0975,,5.44,True,False,False,0
Veo,d97d13d8-fffc-5f0f-9c8f-f5c643ae91bf,scooter,39.969607,-82.978254,,27.02,True,False,False,0
Veo,bc2264df-fc63-5c85-b055-1587e4d0c53c,scooter,39.947877,-83.063067,,1.15,True,False,False,0
Veo,baae3ee7-e6da-5f58-9350-f8ac76a0852d,scooter,39.966774,-83.009196,,12.07,True,False,False,0
Veo,172806aa-2a20-5bed-8885-e44d547d81be,scooter,39.955795,-82.945102,,28.01,True,False,False,0
Veo,bdf2fb9f-99e3-5086-9c16-b9e9112db642,scooter,39.941397,-83.11828,,21.77,True,False,False,0
Veo,028f30cb-3d72-5a4e-a260-6e61a63d8848,scooter,39.93705,-83.097035,,1.83,True,False,False,0
Veo,acf36807-6a24-5751-b307-2f4807df9a76,scooter,39.9464,-83.044647,,24.33,True,False,False,0
Veo,5a1451f1-e951-5739-af9f-2a76d1be12ae,scooter,40.007137,-83.019499,,14.17,True,False,False,0
Veo,f12e48d0-a34b-58b5-860a-508b64100945,bicycle,39.974771,-83.070876,,8.43,True,False,False,0
Veo,684bde89-9154-5f23-b40f-fc60c40e2522,scooter,39.972573,-83.005049,,18.67,True,False,False,0
Veo,f272ffa9-58a9-5c5a-b619-32e1f29cab6e,bicycle,39.973042,-82.901304,,28.14,False,False,True,0
Veo,c2ed0f9f-58c1-5c4d-93d2-925d227e1411,bicycle,40.01143,-82.954316,,25.74,True,False,False,0
Veo,3b6d35b4-fb05-5066-b272-c1da47e282bf,scooter,40.055415,-83.047667,,8.43,True,False,False,0
Veo,f96b0090-dc5c-5757-bfef-76dd1b778086,bicycle,39.996809,-83.008314,,26.25,True,False,False,0
Veo,d7d3c411-f86c-5d5e-b6ac-3a8fb22b43aa,bicycle,39.996606,-83.003684,,27.44,True,False,False,0
Veo,17e6ef55-12b3-5299-8512-a2d84a6b1a91,bicycle,39.923179,-82.983254,,25.12,True,False,False,0
Veo,3b11d922-e9f0-5814-83ba-892d111b9262,bicycle,40.081026,-83.02609,,22.39,True,False,False,0
Veo,50c279d6-0055-5e12-a886-ca1e5d163f3b,scooter,39.990259,-82.989715,,23.77,True,False,False,0
Veo,da116193-884a-5a7f-84f1-070621950026,bicycle,39.945599,-82.908639,,13.86,True,False,False,0
Veo,89985639-6824-5416-bca5-7d960f75327a,bicycle,39.967354,-83.015786,,26.78,True,False,False,0
Veo,b429bd68-1513-5c53-af07-9f165bf401d2,bicycle,39.980086,-83.005603,,20.78,True,False,False,0
Veo,b7e9c53f-8b97-599d-a238-487a390b68eb,bicycle,40.006702,-83.008595,,28.14,True,False,False,0
Veo,02b36f14-5ffc-5706-86c1-ad79e7a30aec,bicycle,39.972569,-83.005024,,14.17,True,False,False,0
Veo,b42d1fa6-6cde-5d51-9a5f-f3412a8d202a,scooter,39.980183,-82.998367,,24.06,True,False,False,0
Veo,25cc781f-065c-545c-a1a0-169dd10e2639,bicycle,40.020895,-82.971126,,12.52,True,False,False,0
Veo,aea36294-1820-54fe-84a6-def3b1c4e2c3,scooter,39.932418,-82.99031,,22.05,True,False,False,0
Veo,f45400b4-b5e6-5c3c-b6b1-f8a7637b911f,bicycle,40.101079,-83.108845,,28.14,True,False,False,0
Veo,c97e09bc-eb5c-5fd5-94ff-78aa947dcb47,scooter,39.974995,-82.887177,,18.19,True,False,False,0
Veo,f109e3f2-f715-5594-9f08-e511b75358ac,bicycle,40.096299,-82.990557,,28.14,True,False,False,0
Veo,5e8f9ce4-debc-5317-a9c6-5a81987c5b81,bicycle,39.935857,-82.988854,,19.39,True,False,False,0
Veo,46899058-c027-5e68-9af2-e6421434b088,bicycle,40.005568,-83.013788,,22.7,True,False,False,0
Veo,a09856e7-bd62-59c8-9cae-2863bd400795,bicycle,39.999946,-82.975411,,15.89,True,False,False,0
Veo,98671812-d41e-52c5-9301-db600fc828bb,bicycle,39.952194,-82.993443,,11.11,True,False,False,0
Veo,c53bc5f5-a13e-5905-ac29-605e87777563,bicycle,40.101618,-83.110036,,12.28,True,False,False,0
Veo,9e338717-d0cc-5781-9f8f-a8fe70c7f1bf,bicycle,39.970013,-82.966989,,24.33,True,False,False,0
Veo,3303aeb5-5031-5284-99c7-150f182a0d42,bicycle,39.946752,-82.993317,,19.78,True,False,False,0
Veo,7764af77-b8ea-56b9-967c-fa4d628a7f77,bicycle,39.945138,-83.060552,,10.79,True,False,False,0
Veo,f32eee23-ba3d-5400-b87e-a634ddf070e4,bicycle,39.951696,-82.953417,,14.17,True,False,False,0
Veo,a35c1c0d-5af3-5527-b153-d3c8801e8c26,bicycle,39.977373,-82.970715,,27.44,True,False,False,0
Veo,7a95acca-3b5a-56c3-a0a3-89d132bd18e5,bicycle,39.922555,-83.034513,,24.06,True,False,False,0
Veo,fae78598-9292-5793-a4af-4c8faf24eba4,bicycle,40.101625,-83.115572,,25.94,False,True,False,0
Veo,f4b7195b-aea4-5772-94cb-4aa035b2ff46,bicycle,39.946428,-83.044741,,24.84,True,False,False,0
Veo,81044cfc-28fc-5dca-954d-5432247dedd9,bicycle,39.967041,-83.010397,,28.14,True,False,False,0
Veo,6359c08d-b6f8-5099-8d4b-25ec66e951ce,scooter,39.994147,-82.983462,,28.14,True,False,False,0
Veo,2de8cd39-7a74-5b59-9de7-e85d341fda06,bicycle,40.02929683,-82.92249506,,0.0,True,False,False,0
Veo,5abbadfb-a42d-51b6-92d8-357c13e1f694,bicycle,40.019243,-83.029839,,25.94,True,False,False,0
Veo,c2b06250-fb54-51b6-b096-5c779fc7b393,bicycle,39.936261,-82.983941,,21.49,True,False,False,0
Veo,f18ab300-61cf-571d-998f-6eb12fe037fc,bicycle,39.965064,-82.990371,,27.02,True,False,False,0
Veo,92d3df78-6d6c-5ea5-b067-e155df387d52,bicycle,39.946622,-83.000148,,28.14,True,False,False,0
Veo,e7ec0615-3a86-51fb-9b69-bb4db44d0ce8,bicycle,39.958505,-83.014655,,25.65,True,False,False,0
Veo,ced8b48d-3674-5be1-b69a-80702f3950ce,bicycle,39.974231,-83.003835,,15.45,True,False,False,0
Veo,76345918-f8f7-53c6-8f09-0b4ef1195ded,bicycle,39.927462,-82.951565,,12.07,True,False,False,0
Veo,52626502-dd85-5892-9443-c61c3ec03a97,bicycle,39.957389,-83.011458,,21.77,True,False,False,0
Veo,82717f0e-138a-5793-ab10-acf21fcad534,bicycle,39.977177,-83.003768,,26.25,True,False,False,0
Veo,b7f3b384-0a65-5476-b298-112a94484639,bicycle,39.937478,-82.950546,,14.86,True,False,False,0
Veo,f0b35406-8aa3-5938-862e-d09484698166,bicycle,40.10268,-83.114233,,25.12,True,False,False,0
Veo,e1e5c883-d919-5ca2-a002-be2203a17fbc,bicycle,39.968127,-83.001459,,24.06,True,False,False,0
Veo,5521c019-6e63-5595-b813-383dd36245d3,bicycle,40.033032,-82.999496,,26.25,True,False,False,0
Veo,681ae033-14b6-5bcc-88b9-73524c84abf8,bicycle,39.995177,-82.99467,,26.78,False,False,True,0
Veo,a6a7d2a5-7081-56ac-8683-d236ff00cc89,scooter,39.969129,-83.003676,,27.77,True,False,False,0
Veo,28a99723-fe57-5508-a169-8636819a01a7,bicycle,39.98627,-82.999894,,9.02,True,False,False,0
Veo,e09bb7da-fcac-57dd-821a-73eac3da9fb4,bicycle,40.098198,-83.07928,,1.15,True,False,False,0
Veo,cab3bcd5-7810-52ac-a146-0e867760affa,bicycle,39.906799,-82.924899,,13.64,True,False,False,0
Veo,6b855020-355b-5aa4-91ff-85b1e296a004,scooter,40.001964,-83.001136,,13.1,True,False,False,0
Veo,77fa9753-438e-5d7b-8344-01a287ca37e4,bicycle,40.000991,-83.01207,,17.37,True,False,False,0
Veo,42f856bc-14c1-5ea9-acbe-c68968c6d720,bicycle,40.101206,-83.115813,,28.14,True,False,False,0
Veo,0e0ea348-7521-56a8-ab1f-a710f7963bd0,bicycle,40.006268,-82.997114,,16.39,True,False,False,0
Veo,27315acd-40ea-50d8-8311-aa0f55c9269f,bicycle,39.962194,-82.982069,,25.34,True,False,False,0
Veo,d37d6139-c981-5904-99c8-60279b36b655,scooter,39.969093,-83.004031,,28.14,True,False,False,0
Veo,24557a32-f473-5d1d-baa2-47d9b434c538,bicycle,40.029009,-82.981993,,8.78,True,False,False,0
Veo,7c69706f-7338-5b80-923f-1036a29f2cca,bicycle,39.972239,-82.975243,,25.34,True,False,False,0
Veo,5d719951-f446-5efd-85f1-270f756b4e1b,bicycle,39.9559180801078,-82.94530223016405,,0.0,True,False,False,0
Veo,74f62bc6-6aca-54cb-b56c-1e1b426a5cec,bicycle,39.956685,-82.993963,,27.77,True,False,False,0
Veo,fa064ffd-305d-5ca7-91ae-5e62d233f6df,bicycle,39.958683,-82.999829,,28.14,True,False,False,0
Veo,f3477542-81bd-538c-b369-23aa79bac480,bicycle,40.009351,-82.983212,,22.05,True,False,False,0
Veo,a8498bac-689c-5820-82bf-243b53b97ffd,scooter,39.965283,-82.984511,,19.05,True,False,False,0
Veo,a24d92db-b9a8-5bb7-8ffd-342b57ce215e,bicycle,40.001403,-83.001127,,0.85,True,False,False,0
Veo,0ed01e46-f67a-537c-ab86-34f72339497d,scooter,40.113704,-83.124487,,11.11,True,False,False,0
Veo,3db81a7e-3174-541f-bd74-0d949c39b8ec,bicycle,40.002743,-82.964885,,2.12,True,False,False,0
Veo,9aa88ce7-e3f8-588d-b955-554a128be854,bicycle,40.0025,-83.001404,,25.34,True,False,False,0
Veo,154be4b7-5a8f-5af5-92e8-21cb5ed8e5bf,bicycle,40.105217,-83.108101,,15.18,True,False,False,0
Veo,6efe1566-2683-5034-ac23-29550962c3f7,bicycle,40.025533,-82.988136,,25.74,True,False,False,0
Veo,2dcb4ef7-0077-5a61-b5a6-599363692dd0,bicycle,39.945326,-82.989877,,28.14,True,False,False,0
Veo,8c1fa200-b0d6-5d95-86bc-1d79d1f59d68,bicycle,39.976436,-82.995335,,4.14,True,False,False,0
Veo,3892cda2-d957-52e6-9899-152a7300ad57,bicycle,40.00186,-83.008924,,28.14,True,False,False,0
Veo,bbd3bf44-82a6-5fdb-b87d-fe2cedc59498,bicycle,40.05833,-82.90992,,28.14,True,False,False,0
Veo,1def7dd2-4522-5060-bd81-3e19a6ff33ac,bicycle,39.959981,-82.949519,,20.05,True,False,False,0
Veo,4fda5399-db9f-5886-9c9a-0440eea28741,bicycle,39.921328,-82.892072,,28.14,True,False,False,0
Veo,f3d22b12-5c0c-5ad2-bcdd-450d27f6dc39,bicycle,39.931214,-83.116072,,27.44,True,False,False,0
Veo,0c50ed60-3652-5170-84bc-6080f422e011,bicycle,40.099342,-83.143739,,12.07,True,False,False,0
Veo,80fa04f1-9707-55fa-9e53-e3d5130be087,bicycle,39.921539,-82.907358,,24.06,True,False,False,0
Veo,54614fe4-78a2-5abd-8e80-60a5e5b746f9,bicycle,39.974014,-83.010419,,27.44,True,False,False,0
Veo,c910bb82-b6cd-536e-a07a-59d09758caa4,bicycle,39.996974,-83.013545,,18.19,False,True,False,0
Veo,5c5cac0b-e702-56e4-86c6-93388995d8a0,bicycle,40.098601,-83.085674,,28.14,True,False,False,0
Veo,6c7a1712-b454-5b11-ab16-8b762b0ce854,scooter,39.972099,-83.002532,,12.52,True,False,False,0
Veo,7ae28207-e3b2-5cf5-8700-24580fc10ad6,bicycle,39.999677,-82.965426,,28.14,True,False,False,0
Veo,6ee7e631-0e6f-519d-88c1-005790c46bd8,bicycle,39.966022,-82.962192,,22.7,True,False,False,0
Veo,7eeb2011-665b-549b-8bae-58f9c60d6658,bicycle,40.025251,-83.020459,,28.14,True,False,False,0
Veo,551deb17-ba1e-5e9f-b1b5-5454dff71d77,bicycle,39.915055,-82.966768,,6.98,True,False,False,0
Veo,b5916308-86ce-5bb0-9daa-0dac4fbf6101,bicycle,39.961764,-82.968454,,19.05,True,False,False,0
Veo,765ce5e8-0311-5121-9602-bd4badabf8fb,bicycle,39.981831,-82.879073,,19.05,True,False,False,0
Veo,c71d04a1-3078-586d-93e3-f7668130dd54,bicycle,40.101003,-83.108903,,10.31,True,False,False,0
Veo,970531f3-5a70-5f33-bb3d-afd15896dcec,scooter,40.004043,-83.007351,,12.07,True,False,False,0
Veo,0d2dfaba-c765-54f4-b31f-c54fd24f6f0d,scooter,39.964381,-82.990693,,28.14,True,False,False,0
Veo,4960a475-54a2-5452-83ce-37ac50a3e74c,bicycle,40.052157,-83.028002,,25.12,True,False,False,0
Veo,1330045a-1721-5508-9c7f-0934b4b59add,bicycle,39.99994,-83.021389,,26.78,True,False,False,0
Veo,1d2f47a1-c4da-5362-8505-c5dd85a38ac9,scooter,40.00673166666666,-82.98149666666669,,14.61,True,False,False,0
Veo,9e757261-a271-5b0f-9a88-59b86d25adf1,scooter,40.004467,-83.023326,,24.84,True,False,False,0
Veo,e8c7be0a-4776-5351-bbaa-2587fe2493e3,scooter,39.962445,-82.981811,,25.65,True,False,False,0
Veo,e39e4e3e-8b91-531c-ac45-2ef6b6b71810,scooter,39.963091,-83.004266,,24.84,True,False,False,0
Veo,9f0fbe45-adea-5973-ace4-afe360ced12e,bicycle,39.958239,-82.875124,,28.14,False,True,False,0
Veo,1d8b2fd5-946b-557c-ad4f-998ae08d1bbe,bicycle,40.005233,-82.999034,,12.28,True,False,False,0
Veo,27411a9b-9681-57c8-ad0c-7494cc50b2df,scooter,39.972759,-82.999252,,14.61,False,False,True,0
Veo,2fa9e457-e410-5b44-b6bd-fe8639e31aa4,bicycle,39.90298,-83.059278,,9.97,False,False,True,0
Veo,36c77305-1fb6-589c-acca-23b2a65426bc,bicycle,39.97118,-82.977015,,9.29,True,False,False,0
Veo,ede7e98c-2aad-5be2-80a4-8148e92e5c3e,scooter,39.951508,-83.00026,,28.01,True,False,False,0
Veo,a48bf623-7a11-5e8a-9d49-0a974c586f77,bicycle,39.940454,-82.983578,,28.14,True,False,False,0
Veo,8297d7fc-d9c0-54cc-8b17-7473479fb008,bicycle,39.969653,-82.968882,,27.77,True,False,False,0
Veo,c43f7bac-fac8-51d6-8bc4-a49dd2db169b,bicycle,39.963303,-82.953259,,28.14,True,False,False,0
Veo,aae75ce3-1a57-53b3-9765-903e56c1c2d8,scooter,39.934991,-82.992855,,28.14,True,False,False,0
Veo,47fe0cf7-9b4c-535f-b811-0c5b369fea65,bicycle,39.951952,-83.079067,,26.78,True,False,False,0
Veo,b4a8cdf7-7bca-5070-bd7b-4d8fa3f758b3,bicycle,40.073298,-83.081272,,27.44,True,False,False,0
Veo,6c7ac54f-3dd1-50fa-abff-7992e211f61b,bicycle,40.099314,-83.144853,,14.86,True,False,False,0
Veo,a0d2f790-afeb-58ee-9aa6-747b57d3fb13,bicycle,39.955908,-83.001285,,8.43,True,False,False,0
Veo,48332a6d-09b6-5dd4-a90e-348ee981283e,bicycle,39.946784,-82.896984,,28.14,True,False,False,0
Veo,cee71e6a-cab6-55fc-8616-437b15adc600,bicycle,39.968256,-82.977713,,25.74,True,False,False,0
Veo,17e5c268-7e15-552e-a4a1-0e2bbe832c83,bicycle,40.010067,-82.985786,,11.83,False,True,False,0
Veo,a5b8d08b-0cb5-50fa-8ac0-55c3e7660a81,bicycle,39.942873,-83.102477,,25.74,True,False,False,0
Veo,8fff5b00-8bbe-5b79-ab53-4a891a719618,bicycle,39.988599,-83.010726,,24.06,False,False,True,0
Veo,ec042723-c547-5ad3-b6cf-85b5b0000cbc,scooter,40.004628,-82.997718,,28.14,True,False,False,0
Veo,5b83705c-cf17-528d-832a-68dc1b27ef6c,bicycle,39.98694,-83.00426,,14.86,True,False,False,0
Veo,7d081944-ed11-5b98-a850-a3a9b525673d,bicycle,39.964721,-83.00193,,11.34,True,False,False,0
Veo,3e194e70-8970-598a-9d17-04e4a3123fe7,bicycle,40.009931,-83.003053,,5.68,True,False,False,0
Veo,cc5e7f13-9aad-5c9e-a520-127e1206ac33,bicycle,39.953712,-83.111834,,14.17,True,False,False,0
Veo,3d7d69e3-1fa3-5e30-b356-2e5183914093,bicycle,40.004622,-82.935913,,15.18,True,False,False,0
Veo,73ec613d-8ac4-574a-96ad-73e31708d7ca,bicycle,40.105861,-83.106372,,28.14,True,False,False,0
Veo,9ee87139-ef75-5957-a9c4-f1eb116dbc3e,scooter,39.950096,-83.000229,,16.39,True,False,False,0
Veo,f9001f13-effe-5903-9199-b79dc19162b5,bicycle,40.000765,-82.986736,,28.14,True,False,False,0
Veo,4cdd763c-f0ad-5f89-bb91-5b315f02c2b6,scooter,39.987262,-83.00477,,8.43,True,False,False,0
Veo,87a65263-1907-5462-b54c-14cd7aa38126,bicycle,39.943402,-82.906517,,25.94,True,False,False,0
Veo,ce01f62e-b76b-501b-bce7-40b781c546b6,bicycle,39.985331,-83.007555,,24.33,True,False,False,0
Veo,3f565d52-4805-5974-ba96-461f81a5b236,bicycle,40.101137,-83.108865,,26.51,True,False,False,0
Veo,532043bd-3b50-5b0d-9f48-325989235d0a,bicycle,39.990205,-82.998151,,13.39,True,False,False,0
Veo,90b2e8c4-96c1-5f23-8a89-42f6745a7909,bicycle,39.957961,-82.943798,,14.86,True,False,False,0
Veo,9705d49a-fc67-5b7e-bffb-afaac2276407,bicycle,39.962676,-83.071447,,25.65,True,False,False,0
Veo,280db2f9-c682-55cb-b3a5-00ee12541bc4,bicycle,40.038771,-82.995575,,11.34,True,False,False,0
Veo,10f86e41-a614-5ece-b33f-6ba2d4a2c304,bicycle,39.961217,-82.990823,,22.7,True,False,False,0
Veo,f1683ff2-844f-51aa-8e24-94d36d43a183,bicycle,40.038686,-82.964555,,5.44,True,False,False,0
Veo,694cb190-368a-5d82-a8b4-9fa12bf77a46,bicycle,39.951744,-82.955761,,11.11,True,False,False,0
Veo,0fb26ae3-2b19-549e-b730-67d94ac3c444,bicycle,40.000167,-83.021372,,26.78,True,False,False,0
Veo,0ca420d8-7ee7-5698-b1e6-e064a192732a,bicycle,40.08807,-83.102773,,10.31,True,False,False,0
Veo,4ca2d27c-9d1f-5c78-a609-a2715656f7f7,bicycle,39.94683,-82.960377,,27.44,True,False,False,0
Veo,c20beb01-3574-5c10-af58-1555a2d54e5b,bicycle,40.003193,-83.008214,,28.14,True,False,False,0
Veo,2fae16be-8e8a-56bd-aa0d-14fe907c51a9,bicycle,39.958717,-83.071899,,14.86,False,False,True,0
Veo,bd3a461a-b0d8-5c47-aa2b-0d8fba2650eb,bicycle,39.986697,-82.994687,,6.98,True,False,False,0
Veo,d6b4ff40-43b9-5de6-b6f6-7897299aefa4,bicycle,39.980085,-83.00491,,25.94,True,False,False,0
Veo,703c6bef-227f-513f-a459-dcb1131a3d6c,bicycle,40.003136,-82.998429,,25.65,True,False,False,0
Veo,f92b5fc5-0fca-59f8-b696-d5311893b809,bicycle,39.956208,-83.011101,,24.06,True,False,False,0
Veo,421637f6-90f1-5850-a1a3-7d1372d0ee9c,bicycle,39.957082,-82.931315,,26.78,True,False,False,0
Veo,55491f68-4394-5c2b-b1c4-12425235bdab,bicycle,39.936462,-82.988814,,11.59,True,False,False,0
Veo,3381f2c3-b234-5be3-85a7-2fdd6e1dba66,bicycle,39.971244,-82.978107,,22.7,True,False,False,0
Veo,686dba85-7904-5ad3-ae87-6404ea0ab36d,bicycle,39.981599,-83.016947,,14.61,True,False,False,0
Veo,26cce90e-a548-5bba-a934-3a45b9401bca,bicycle,39.959413,-82.985706,,28.14,True,False,False,0
Veo,b3b5e852-25b8-5ab2-85df-142d07b63a11,bicycle,40.023854,-82.987468,,1.56,True,False,False,0
Veo,e99cf028-23c9-5463-9255-c88a0d675158,bicycle,39.962726,-82.968923,,24.33,True,False,False,0
Veo,170fe7f9-eda2-5d9e-955c-26fa8122510d,bicycle,39.971328,-82.960912,,28.14,True,False,False,0
Veo,34dafc00-e2f4-55ea-9e64-7c41083c3b02,bicycle,40.004024,-83.011188,,28.14,True,False,False,0
Veo,3ba0b62f-a291-50c7-ae44-f34445db44dd,bicycle,40.01072,-83.047627,,9.02,True,False,False,0
Veo,99aae030-0b70-5f56-8af6-bb6cfa18bc1e,bicycle,39.969509,-82.997368,,26.78,True,False,False,0
Veo,ce662f2b-08fb-5fca-adb2-13cb4c7fd79a,bicycle,39.962955,-82.960405,,11.83,True,False,False,0
Veo,ef07ad9c-c87b-5fb6-8b5c-8776bb7f3616,bicycle,39.96508,-82.990293,,13.1,True,False,False,0
Veo,f2170b8a-61bb-5ba0-b20e-e2891d4e67ad,bicycle,39.997515,-83.015009,,12.28,True,False,False,0
Veo,3d86b088-8e13-56fe-acb3-ddf2cc2fdf37,bicycle,39.943719,-83.116236,,22.7,True,False,False,0
Veo,7825d5d9-831f-5d78-890d-26f414660e62,bicycle,40.103533,-83.091389,,25.94,True,False,False,0
Veo,5fd7ced1-7a52-5b34-a04a-fa3406de8e12,bicycle,39.975477,-82.964797,,24.33,True,False,False,0
Veo,54bea2e3-b6d8-5e83-a27e-82102e36b772,bicycle,39.939782,-82.997275,,28.14,True,False,False,0
Veo,a2bd4574-8ab2-5038-959f-c9d740cb007c,bicycle,39.956028739930176,-82.94531868953904,,0.0,True,False,False,0
Veo,eba73489-c7b0-529b-b733-2f47cdb1da1b,bicycle,39.995857,-83.01578,,13.86,True,False,False,0
Veo,c12694d9-2584-58ac-bfa2-2d0085b7d3a1,bicycle,39.956595,-82.98763,,24.84,True,False,False,0
Veo,5be7f703-a2bd-5ed5-a185-46ccf7695b01,bicycle,40.086351,-83.098786,,28.14,True,False,False,0
Veo,dcfb831f-e5b1-54e1-91d8-b36ac30a99c9,scooter,40.00034,-83.01105,,26.25,True,False,False,0
Veo,69be796d-9ae9-5a76-9820-29e166c88103,bicycle,39.949353,-83.00132,,27.02,True,False,False,0
Veo,59756c30-0d48-5043-8327-861d8c114214,scooter,40.09659,-83.119874,,1.15,True,False,False,0
Veo,d3bc9b4e-1d2b-5c96-8154-51d674f5673a,bicycle,39.942766,-82.983412,,16.84,True,False,False,0
Veo,abcd86b8-7aff-5f44-9b88-20838c8a97a3,scooter,39.997445,-83.014974,,25.65,True,False,False,0
Veo,1c2f3a68-ca56-5e4e-be62-88145d2fcdbe,bicycle,39.994124,-83.02684,,10.51,True,False,False,0
Veo,a3963ed1-b94d-5d71-979a-55c19c07321b,bicycle,39.978427,-83.020885,,25.65,True,False,False,0
Veo,2002810,scooter,40.011963,-82.968596,,24.33,True,False,False,0
Veo,d56ccf82-3cc1-574d-b4c0-c5b50e413191,bicycle,40.10172,-83.109937,,13.64,True,False,False,0
Veo,88106b25-3ecf-5151-8125-58a7f6e22054,scooter,39.967957,-83.012266,,28.14,True,False,False,0
Veo,079182ce-4a39-5f08-bcd7-aafd918beaed,bicycle,39.968245,-82.977673,,26.25,True,False,False,0
Veo,1c48db0b-616b-58bd-a9d9-87a0aa5cf8f8,bicycle,39.966513,-82.993004,,25.12,True,False,False,0
Veo,dc520aab-a619-5b22-850b-109862558a70,bicycle,39.949702,-82.968574,,14.86,True,False,False,0
Veo,2157f695-6ae9-5ea8-8fa0-31ef5edd8ede,bicycle,40.00088,-83.015465,,13.39,True,False,False,0
Veo,6678a6c8-9f9c-530f-a339-6c49069d39f5,scooter,39.951266,-83.052103,,23.02,True,False,False,0
Veo,1c288c95-1a5d-5d40-b820-b2d81642dc30,scooter,39.982865,-83.005985,,12.28,True,False,False,0
Veo,e6da7421-8546-5e04-9443-af495c0c995f,scooter,39.960177,-82.958025,,28.14,True,False,False,0
Veo,c0a3b189-14a0-51ed-8227-4a9716c55332,scooter,39.961921,-83.002192,,28.14,True,False,False,0
Veo,41366699-c1da-5aa8-b17a-e1e56431b435,scooter,39.980226,-82.980802,,13.86,True,False,False,0
Veo,2791267f-8b18-5586-b602-00027868af45,scooter,39.979326,-82.998312,,20.37,True,False,False,0
Veo,55faf404-bc09-59b4-ae42-78a347938234,scooter,39.99928,-83.003639,,28.14,True,False,False,0
Veo,19a6a73f-cfda-5a60-ba81-93c59fc0e4e4,scooter,40.002557,-83.014543,,14.17,True,False,False,0
Veo,0d8aae46-a60d-56b6-9769-7c905d93a14e,scooter,40.032251,-83.017148,,9.02,True,False,False,0
Veo,8659e112-1e97-59bf-9614-6b3e46864751,bicycle,40.014603,-82.988503,,13.64,True,False,False,0
Veo,aeb6a7fb-b936-50a3-b14e-553e65327f03,bicycle,39.990189,-83.004846,,28.14,True,False,False,0
Veo,078a8b80-007c-5681-b7ff-08c33792e825,scooter,39.970402,-83.002205,,20.78,True,False,False,0
Veo,8c6fe012-2895-5eaf-a196-02825ea8c82d,scooter,39.963022,-83.004216,,28.14,True,False,False,0
Veo,bddebd6d-2999-5ad6-986c-5ab67cc36100,scooter,39.950573,-82.990428,,12.07,True,False,False,0
Veo,6a14fc88-39cf-55c2-980a-edd73e332d2d,scooter,39.96364,-83.000695,,27.77,True,False,False,0
Veo,419a9b16-31fc-5338-bbe9-d1e4c0356071,scooter,39.930949,-83.049029,,2.36,True,False,False,0
Veo,aad5d0e6-cab6-5e44-9dfc-ba3bd3f3d454,scooter,39.954314,-82.989867,,13.1,True,False,False,0
Veo,a79007ac-3445-5288-b6c2-20f7c9cff51d,scooter,39.95732,-83.001663,,27.77,True,False,False,0
Veo,132c5f60-413a-5bb7-a585-f80459db29f7,scooter,39.99738,-83.016888,,25.74,True,False,False,0
Veo,a6cf6c14-bd63-52ac-812e-ff40da80cefc,bicycle,39.995038,-83.014517,,24.84,True,False,False,0
Veo,3fb6f876-177c-5f47-8f64-e416af552ced,scooter,39.980197,-83.007726,,13.64,True,False,False,0
Veo,41177f98-bb57-5c73-bf83-ab7421040bcc,bicycle,39.956543,-82.987622,,28.14,True,False,False,0
Veo,b2b33aea-9817-5f5e-806b-9053914ca7b1,scooter,39.958687,-83.0137,,27.02,True,False,False,0
Veo,2207effd-bca9-5725-9686-f4cea7f13fb2,scooter,39.969069,-83.00356,,10.31,True,False,False,0
Veo,d501ec33-9592-52fc-90f6-3973694126cc,scooter,39.945553,-83.035329,,14.43,True,False,False,0
Veo,c6d156cb-eb6b-587c-8299-0b6d55562c80,scooter,39.998312,-82.978107,,6.67,True,False,False,0
Veo,dd8b3ef1-fe56-562f-93c3-291be61dcf7f,bicycle,39.904993,-82.961821,,12.52,True,False,False,0
Veo,1a949a38-5a6d-5e9c-9511-d372bd77051b,scooter,40.101145,-83.108825,,28.14,True,False,False,0
Veo,0dd94021-a35d-596e-a803-c7a5e096bca4,bicycle,39.969602,-82.969577,,27.77,True,False,False,0
Veo,5146ca49-2091-52fb-aff1-217f31a8e37a,bicycle,39.951323,-82.979197,,25.65,True,False,False,0
Veo,39db73d7-843e-5afc-8271-611b33e0d8ee,bicycle,39.978566,-82.996742,,28.14,True,False,False,0
Veo,0a1dd376-b118-5f77-bd99-89cdbdc096bf,bicycle,39.895013,-82.989062,,12.52,False,False,True,0
Veo,a5690f91-3279-5a59-a950-537a2230744e,scooter,39.962215,-83.004163,,15.89,True,False,False,0
Veo,1d9ae136-2987-5ec1-b33c-7513b7bd7a5e,bicycle,39.95666,-82.995606,,15.18,False,False,True,0
Veo,faeaa9ed-63ff-50b5-9252-c0dc32b81991,bicycle,40.006761,-83.012622,,13.64,True,False,False,0
Veo,ec844494-c05a-55d2-a5fc-6b5e343e136c,bicycle,40.014672,-83.001271,,15.18,False,True,False,0
Veo,87f14588-afaa-56dc-8472-56df3b5c8ce8,scooter,39.971625,-83.004813,,20.05,True,False,False,0
Veo,bff9e6a9-365a-572d-9f20-792e9413e27a,scooter,39.985203,-83.005419,,25.74,True,False,False,0
Veo,6dff5931-416b-5026-a636-cac3213b0307,scooter,40.105969,-83.10633,,28.14,True,False,False,0
Veo,74f5f970-23a6-56b9-a3c2-2693e17f3299,bicycle,39.970331,-83.004279,,25.65,True,False,False,0
Veo,5af751c0-3b05-514e-b93b-d2b52913e0c0,bicycle,40.010186,-82.981363,,20.37,True,False,False,0
Veo,07f85e7a-efc1-5cda-8c67-78b816e8bba9,bicycle,40.012931,-82.996544,,17.37,True,False,False,0
Veo,f5d9d95a-03ac-57eb-9d02-bc2e1167708f,bicycle,39.958189,-83.015922,,17.89,True,False,False,0
Veo,99dbbb32-b453-50d0-864d-079be6356562,bicycle,39.990315,-83.005828,,14.43,True,False,False,0
Veo,78645165-97d0-5079-99fb-8b8af6404bf8,bicycle,39.984656,-83.004698,,28.14,True,False,False,0
Veo,1d4adbbd-8cfe-58d0-8179-3a6b8daf56d0,bicycle,39.988842,-83.032837,,7.29,True,False,False,0
Veo,e5316200-d6ed-520d-9bfb-18c78c63f00c,bicycle,39.948697,-82.904946,,12.52,True,False,False,0
Veo,9e48ea2f-d33d-5f43-b348-4ecd8ebf940b,scooter,39.96054,-83.013069,,25.12,True,False,False,0
Veo,25a24da5-1bdc-575c-ad4b-d3ef73ee4a26,scooter,39.999922,-83.02143,,28.01,True,False,False,0
Veo,62fba2fb-8e84-5828-9f18-de87f9a9d57a,bicycle,39.927866,-82.967313,,14.43,True,False,False,0
Veo,4125877d-0278-5e5e-acf2-acf9a6614810,scooter,39.970004,-83.004659,,27.44,True,False,False,0
Veo,f067ac7b-2ba1-5d17-a4f3-8418080078ea,scooter,39.956031,-82.945345,,13.39,True,False,False,0
Veo,773563a2-a63c-5a1d-8c54-f9e41c68f80c,bicycle,39.936085,-82.979907,,19.39,True,False,False,0
Veo,9fe875dd-cafb-59d0-bddb-131dff312ca6,scooter,40.000736,-82.986401,,23.02,True,False,False,0
Veo,eee65d25-e2e8-508d-aeea-1f8bdf6e629b,scooter,39.954571,-83.027111,,21.15,True,False,False,0
Veo,1ae387e7-e835-5582-8555-1cd34adf57d4,bicycle,39.957982,-83.008191,,16.84,True,False,False,0
Veo,71e36e7f-62c4-556d-9db0-22935dab1e03,scooter,39.997183,-83.015075,,15.18,True,False,False,0
Veo,62592c4d-d24b-576a-82dc-0ceaa4f9b183,bicycle,40.10161,-83.115521,,15.18,True,False,False,0
Veo,d9edb137-e117-55d6-a6dd-decd2b70e689,scooter,39.977672,-83.005346,,11.34,True,False,False,0
Veo,fd572d52-4cad-5f68-a809-01f30c904f11,scooter,39.935011,-82.992801,,16.39,True,False,False,0
Veo,5a063f5e-2ee9-597f-be40-d5e8ec1b14f7,bicycle,40.010745,-82.922384,,12.52,True,False,False,0
Veo,f660c57b-af4f-541e-bc1e-8c4b5263060c,scooter,39.956724,-82.995629,,7.29,True,False,False,0
Veo,5efd3c6b-a062-5a0e-9ed2-906d2831fae2,scooter,39.958993,-82.997673,,9.65,True,False,False,0
Veo,6bd033d3-b34d-5ac7-9364-033c53b2850f,bicycle,39.9907,-83.000543,,15.45,True,False,False,0
Veo,be910f8b-80a3-5212-ad04-46ff716b40bd,bicycle,39.957825,-82.997061,,15.89,True,False,False,0
Veo,a1093cd9-fb70-5e03-bef4-d65f92b5e369,scooter,39.959452,-82.985535,,17.37,True,False,False,0
Veo,f3d8607d-93a3-51f4-a948-8efc98012d4a,scooter,40.00193,-83.001183,,12.52,True,False,False,0
Veo,011c28f5-2f95-5c29-a940-d5cc8076a0bc,bicycle,40.063929,-83.057082,,26.25,True,False,False,0
Veo,943390b1-069b-5fe8-a2b6-2ea3065004d8,scooter,39.949359,-82.986829,,15.18,True,False,False,0
Veo,d86a7b0c-6d09-5f47-930e-61bce36c9c52,scooter,39.966771,-83.004894,,23.77,True,False,False,0
Veo,3d2a5100-1776-5e84-85a3-9b41930b0463,scooter,39.964469,-82.896853,,11.83,True,False,False,0
Veo,801f7e8d-9501-5c11-99ae-376077ac176c,bicycle,39.979853,-83.023576,,24.84,True,False,False,0
Veo,9dd0193e-ca8c-5667-ad7c-f138a00b7a24,bicycle,40.068798,-82.951528,,28.14,True,False,False,0
Veo,bb423d12-976d-5c16-9b8b-bd468784b310,scooter,39.996259,-83.04077,,13.64,True,False,False,0
Veo,d886374c-a5f4-571f-b997-4f569966b55d,scooter,39.950137,-83.000224,,28.14,True,False,False,0
Veo,2fdbbed7-b4db-5947-999e-410a1874f742,bicycle,39.993929,-82.98338,,19.39,True,False,False,0
Veo,ac897ff6-d5fb-5625-9316-6f54b6be1d9c,bicycle,39.934345,-82.98613,,20.78,True,False,False,0
Veo,c17dce2a-1d12-58cd-b391-af416846f4e8,scooter,39.972975,-83.004414,,24.06,True,False,False,0
Veo,47862e20-b751-5d85-ac56-e63042a9de2f,scooter,39.977462,-83.003497,,26.25,True,False,False,0
Veo,4411cb5a-0611-58d1-9ccc-89f74745bfe0,scooter,40.00456,-83.012658,,26.25,True,False,False,0
Veo,36b607ae-cb4a-53f6-9639-601daf5c0196,scooter,39.963002,-82.981834,,24.33,True,False,False,0
Veo,b0bcf068-7782-5350-ab9a-efe27b516144,bicycle,39.974054,-83.001441,,27.44,True,False,False,0
Veo,f4adbaff-3b21-5347-9c02-28c1defa4298,scooter,40.007305,-82.953739,,17.89,True,False,False,0
Veo,b66f8e39-1adc-5931-9227-368087a76ed0,scooter,39.950099,-83.00023,,28.14,True,False,False,0
Veo,4fc52138-339d-5892-8e42-da787d1693dd,scooter,39.978104,-83.002476,,20.05,True,False,False,0
Veo,650cee47-5765-501e-b6f2-e919297537d4,scooter,39.964029,-82.997478,,23.02,True,False,False,0
Veo,35d54e00-4f1e-5c4b-b38d-7e3192d06404,scooter,40.10315,-83.110327,,27.02,True,False,False,0
Veo,65c214e0-5553-59c0-9b7c-04a7da3c61a4,scooter,39.965849,-83.000872,,3.48,True,False,False,0
Veo,bbf08432-b361-544e-b7a9-70c652abc0f9,scooter,39.971491,-83.006258,,20.05,True,False,False,0
Veo,cdefc292-10de-5c42-9947-d73cf798e807,scooter,40.111544,-83.121325,,28.14,True,False,False,0
Veo,f2cb9f18-64de-564a-9bda-bfac06bcfad6,bicycle,39.974856,-82.953877,,27.02,True,False,False,0
Veo,dc11fb6c-048c-5d5a-9f5e-1436064a07fb,scooter,40.038344,-82.993574,,28.14,True,False,False,0
Veo,0065aa68-b29d-5556-9699-bdd85aa44dea,scooter,39.937117,-82.982926,,13.39,True,False,False,0
Veo,d1012cb8-61d0-5c20-9601-37fe9ebc019e,scooter,39.994448,-83.01341,,24.06,True,False,False,0
Veo,a90d9eaf-3911-5e6c-a74d-6bbee9d51dd4,bicycle,40.003992,-83.007605,,27.77,True,False,False,0
Veo,310426b7-4c09-56b6-990d-2675d26f65a0,scooter,39.963049,-82.999331,,5.03,True,False,False,0
Veo,03161af9-b051-5196-8ab7-f1cf1dfedf76,scooter,39.968348,-83.009713,,19.39,True,False,False,0
Veo,ec2ac937-6060-5198-bf2d-8fdcb443a164,bicycle,40.01196,-82.968578,,21.77,True,False,False,0
Veo,4b42dc42-88f7-5b24-afe4-c88beef1467a,bicycle,39.97445,-83.004496,,15.45,True,False,False,0
Veo,1d64785b-da0a-583d-b204-cb866721416d,scooter,39.998196,-83.009879,,14.17,True,False,False,0
Veo,d831b683-7936-5562-98db-2de71b5da844,scooter,39.993544,-82.981144,,14.86,True,False,False,0
Veo,8a207b82-f46f-5a1c-8205-405c2f487cf2,scooter,39.941943,-82.994944,,25.12,True,False,False,0
Veo,da813249-433e-572c-a7d4-278a32e66642,bicycle,39.992982,-82.99523,,27.44,True,False,False,0
Veo,bcd5358b-ecdd-5b1a-950c-9e8b77140ac1,scooter,40.008558,-82.930164,,10.31,True,False,False,0
Veo,bf91e740-17dd-5793-9e12-646c14c771e1,scooter,39.955665,-83.053709,,23.02,True,False,False,0
Veo,2a2d3e05-5765-5325-9b10-c0903a4f9e99,scooter,39.988198,-83.046147,,18.19,True,False,False,0
Veo,04d01c41-3b23-58b2-82fe-5aa340a7093c,scooter,39.998412,-83.00175,,28.14,True,False,False,0
Veo,8dc8fae7-f6b2-5fe9-95df-00f2f6978bf0,bicycle,39.95502,-83.018834,,23.77,True,False,False,0
Veo,8944bc6d-76bc-592e-94b5-3c00ee859ef1,scooter,39.993364,-83.026859,,24.33,True,False,False,0
Veo,ce26ae95-d5bf-58ee-bbdc-0d9458acb105,bicycle,40.005626,-83.010449,,25.34,True,False,False,0
Veo,972c6120-8941-5e19-8bb0-cd24128eeb56,bicycle,39.996807,-83.019836,,21.49,True,False,False,0
Veo,bf3ed6cf-bfe9-5d3b-949c-28eb26830a32,scooter,39.968741,-83.00432,,28.01,True,False,False,0
Veo,ea3d2aac-d7ae-5a32-8ad8-d04c17bc5b45,bicycle,39.965419,-82.982344,,25.12,True,False,False,0
Veo,5c3f8252-4fad-5ddb-83ee-83a7f1961739,scooter,39.948309,-82.962714,,28.14,True,False,False,0
Veo,c07f1a21-4dfa-51d4-a626-e8ddf01fc952,scooter,39.963096,-83.004298,,28.14,True,False,False,0
Veo,09dc53a2-b4f2-5a03-baa7-6ded8b8f396e,scooter,40.096929,-83.119643,,17.37,True,False,False,0
Veo,2b091139-05f3-5096-9b80-16359a810568,scooter,39.959889,-83.010093,,28.14,True,False,False,0
Veo,6ae50b04-8322-55c4-ae90-729393872d59,scooter,39.887799,-83.001292,,28.14,True,False,False,0
Veo,dfccef44-a615-53d7-aaef-a1008ed9b4d6,scooter,39.97654,-82.97417,,22.7,True,False,False,0
Veo,c664a999-b394-5e72-858f-fa37c63bd92a,scooter,39.967937,-83.008642,,25.12,True,False,False,0
Veo,31ff7acc-397b-5028-877d-ad6e30d55971,scooter,39.967357,-83.015589,,14.17,True,False,False,0
Veo,47e1ec3a-ca83-5a92-ad04-6a00d04e6e19,scooter,39.993099,-83.026866,,2.12,True,False,False,0
Veo,83e6ec85-c69f-5b8b-8599-dc76bfc76b68,scooter,40.01199,-82.968594,,28.14,True,False,False,0
Veo,f0955d91-7fbe-54f8-92df-0cb6fc2923d9,bicycle,39.975008,-82.947067,,13.1,True,False,False,0
Veo,dc88ec9b-d2f5-58b4-bb22-b9e338694899,bicycle,39.925619,-82.941593,,28.14,True,False,False,0
Veo,63161745-c76d-525c-b657-96722b4a58c6,bicycle,40.016654,-82.969847,,25.34,True,False,False,0
Veo,d231fdc4-72c5-5cee-9787-e9189f252927,bicycle,40.059915,-83.042204,,5.59,True,False,False,0
Veo,e78ee883-c178-5141-8c69-8a293287f1aa,bicycle,39.978812,-82.96308,,13.86,True,False,False,0
Veo,a16a4c7a-d838-5ccf-8b82-c31d54febbcf,bicycle,39.994201,-82.935965,,6.67,True,False,False,0
Veo,5d4c5bab-9ca1-55b8-b760-7de377fffcb0,bicycle,39.959882,-82.965138,,28.14,True,False,False,0
Veo,f81ccf84-23ec-5d52-b241-f5a31ba94abd,bicycle,40.00247,-83.009141,,28.14,True,False,False,0
Veo,361efb47-d013-54d3-8918-11b9ff8e8082,bicycle,40.065792,-83.048428,,27.02,True,False,False,0
Veo,43e2790f-fd09-5d28-959f-7002509101ec,bicycle,39.957816,-82.99694,,12.87,True,False,False,0
Veo,ba7d7276-d7a9-5ef7-ab3e-a5810fcb5945,bicycle,40.013245,-82.948175,,11.11,True,False,False,0
Veo,06aed828-2ae0-5f6d-a66a-892b37ea9119,bicycle,39.994087,-83.005698,,20.37,True,False,False,0
Veo,3108a12b-1166-5b1f-959d-30ab3ab0a655,bicycle,39.974966,-82.981497,,28.14,True,False,False,0
Veo,3854d005-a808-5b42-a0d4-88842bab8517,scooter,39.963223,-82.981323,,28.14,True,False,False,0
Veo,007ec8d1-cb4e-5c11-9472-f2ac09b64bec,bicycle,40.004627,-82.997671,,24.33,True,False,False,0
Veo,bd88937d-f1dc-54aa-814d-e37dd54efe80,bicycle,40.015409,-82.982561,,14.61,True,False,False,0
Veo,5bb7af71-b326-5912-99cf-8d54bdde939a,bicycle,40.000892,-82.996153,,28.14,True,False,False,0
Veo,9ade3bcd-1faa-5fe1-b84c-35a7f2b0f9d9,bicycle,39.967292,-82.981568,,10.51,True,False,False,0
Veo,d189b6a2-cce9-5c63-a4f5-d9bd9177ccf4,bicycle,39.972172,-82.993136,,24.06,True,False,False,0
Veo,eb4f9aa8-94c3-5896-a0b2-6a410795bc2e,bicycle,39.931145,-83.058347,,20.37,True,False,False,0
Veo,97c88a7e-0a4a-55d8-8c8b-c81d31b31893,bicycle,40.053023,-82.992882,,7.62,True,False,False,0
Veo,62441190-12e9-5950-b746-bf8f036c06b9,bicycle,40.004053,-83.00538,,24.33,True,False,False,0
Veo,8b857d89-a1b9-59dd-9c3e-667d60e9aff6,bicycle,39.957858,-83.012211,,21.77,True,False,False,0
Veo,e6318dae-9f60-5035-b441-2de40cf2098a,bicycle,39.957435,-83.011344,,14.17,True,False,False,0
Veo,d78f31e8-179c-5194-87fa-42963958061d,bicycle,39.969121,-82.978785,,25.12,True,False,False,0
Veo,52e76ce7-d43b-59e4-9d48-4abff4620f67,bicycle,40.10575,-83.104782,,27.02,True,False,False,0
Veo,b7faf27c-6185-5132-9cc9-2d64062e37e8,bicycle,39.970347,-83.002016,,28.14,True,False,False,0
Veo,7c52a1a3-4a7c-5675-8db3-381d50c1fdeb,bicycle,39.956426,-82.854677,,6.07,False,False,True,0
Veo,d5c940c4-7390-50c1-bbc8-fd5aa3c2464c,bicycle,40.011567,-82.967349,,24.06,True,False,False,0
Veo,ccebc117-c64f-5ad1-92d3-b61bbdce108d,bicycle,39.998728,-82.978244,,22.7,True,False,False,0
Veo,57de6127-2b6c-5ab7-b47f-f83944017a2e,bicycle,39.977945,-83.003557,,24.06,True,False,False,0
Veo,73a20d6a-24aa-5b16-ab20-ca9364b5da28,bicycle,40.007368,-83.003706,,27.77,True,False,False,0
Veo,a59d310e-0baa-5ec0-a081-805ad2f5c961,bicycle,40.009827,-83.007025,,25.74,True,False,False,0
Veo,2115101d-051b-56d4-8438-6db3daf95f9e,bicycle,39.999853,-83.003153,,28.14,True,False,False,0
Veo,91a774b4-6d09-5e07-9741-a83a0850be75,bicycle,39.940144,-83.096011,,14.61,True,False,False,0
Veo,a235e8a2-679a-57f7-a188-4624758afb31,bicycle,39.957605,-82.971918,,11.83,True,False,False,0
Veo,44753212-eb3c-5e16-98b6-454308b0b4c3,bicycle,39.975303,-83.014672,,28.14,True,False,False,0
Veo,2cc94962-9e44-5709-8c0e-b9b7557f2c58,bicycle,40.002381,-83.01062,,11.34,True,False,False,0
Veo,740aba3f-e798-5d41-adc9-66bd2e739569,bicycle,39.972078,-82.993146,,24.84,True,False,False,0
Veo,47d7e5a3-e806-5313-81fd-734ebd8053b7,bicycle,39.965877,-82.993052,,13.1,True,False,False,0
Veo,14c57a97-4b56-5e65-bd3d-2b1ea0e1088e,bicycle,40.101579,-83.088969,,23.77,True,False,False,0
Veo,fe6e1585-4b71-5c65-b35a-de4ac0bc6381,bicycle,40.020252,-83.0127,,14.86,True,False,False,0
Veo,a3ae67c9-ce03-5ec5-a246-07326d235476,bicycle,39.943427,-82.996181,,28.14,False,True,False,0
Veo,2bcb126e-9af4-5d87-9ac2-1636aec008ce,bicycle,40.006864,-83.016729,,18.67,True,False,False,0
Veo,1d12faac-f1b2-5ccc-b9fe-eddc70f0eab8,bicycle,39.944615,-83.067837,,15.45,True,False,False,0
Veo,4154a96d-77d7-5439-af04-0c293702b85c,bicycle,39.957445,-83.001537,,26.51,True,False,False,0
Veo,eb79bb01-0f0b-5679-ad83-ab0ef7cc42df,bicycle,39.997282,-82.995961,,28.14,True,False,False,0
Veo,9a5bb979-2628-5202-95dd-0e1be9a5fefd,bicycle,40.006467,-83.008843,,12.28,True,False,False,0
Veo,b3e4d88a-d7da-5467-a5a6-c62642b143f2,bicycle,39.986055,-82.98188,,6.98,True,False,False,0
Veo,1bf64d19-e074-5e53-bc5e-cfbda2ca8941,bicycle,39.953499,-83.090619,,25.34,True,False,False,0
Veo,9bf3e2e8-1fc5-53ae-b262-f5c240b4121a,bicycle,39.996372,-83.015035,,28.01,True,False,False,0
Veo,f2c0067a-a6ef-5a0b-8053-052fbc0720a1,bicycle,40.101598,-83.115563,,25.34,True,False,False,0
Veo,665730ac-2a19-5e29-b23e-987c1ae00b39,bicycle,39.99453,-83.013335,,22.05,True,False,False,0
Veo,56e9775f-60b6-555a-bedc-6560fdd13bbd,bicycle,40.103856,-83.108938,,11.83,True,False,False,0
Veo,d8121de0-4a8e-50ed-9bd6-e313293e5ee2,bicycle,39.941117,-82.982994,,26.25,True,False,False,0
Veo,cc6a5621-0521-504f-8c2e-2bf881754f7f,bicycle,39.961662,-83.000292,,4.92,True,False,False,0
Veo,ecea4d3f-45f5-57aa-b027-936ee6d7c14a,bicycle,39.988854,-83.041322,,8.43,True,False,False,0
Veo,badad5c7-71fc-5249-a6f1-10984a30097d,bicycle,39.925682,-82.941633,,28.14,True,False,False,0
Veo,dba8f6fa-fdfd-56d2-9eb6-233d46e7f680,bicycle,39.958608,-83.012887,,25.65,True,False,False,0
Veo,a9d82b45-3f6f-54e5-8496-ca9a352cf4ef,bicycle,39.993662,-83.016152,,28.14,True,False,False,0
Veo,89fc3fd8-2692-5f1a-aed0-7632d7c48813,bicycle,40.019507,-83.013035,,14.61,False,True,False,0
Veo,c1c31f45-1c7a-5543-9d9f-726eec78b397,bicycle,39.961101,-82.99019,,3.81,True,False,False,0
Veo,ce6b5e9e-d660-52a4-a684-6c12b0e2a952,bicycle,39.964951,-83.002928,,8.09,True,False,False,0
Veo,f86d44d7-21bc-5cba-94de-d6ad173aedd6,bicycle,39.910927,-82.955642,,7.29,True,False,False,0
Veo,3eda1d01-0043-5c59-9faf-6ddb030d9ee9,bicycle,39.949803,-82.970794,,1.15,True,False,False,0
Veo,6d7afeec-b529-597c-b83c-1b6d902aa96a,bicycle,39.933137,-82.870393,,1.56,True,False,False,0
Veo,0e11f2ba-052b-5eff-91d5-03396e6c9ad7,bicycle,40.004584,-83.011454,,1.56,True,False,False,0
Veo,c9c09e61-4308-5d2d-a805-84ea0065eb81,bicycle,39.941877,-83.067885,,23.77,True,False,False,0
Veo,a23a7250-4832-597a-a841-fa742d6446e7,bicycle,39.951574,-82.971405,,22.39,True,False,False,0
Veo,65d79fc2-22af-5305-8ac7-e33c595da924,bicycle,39.969507,-83.017593,,8.43,True,False,False,0
Veo,27362f98-460d-54a2-9308-6baa244f824e,bicycle,39.974057,-82.958678,,21.49,True,False,False,0
Veo,e840e7ee-68f1-5517-9bda-b95ad41eb95c,bicycle,40.005585,-83.014221,,6.31,True,False,False,0
Veo,e203aa97-9131-5bd8-98e7-2a54c98abf43,scooter,39.994647,-83.006846,,28.14,True,False,False,0
Veo,56019a26-cb96-5c47-8d77-1f668a782f13,bicycle,39.962619,-82.976849,,27.18,True,False,False,0
Veo,8fa97d18-6fdb-59e9-bd58-5d29f8dcbd1c,bicycle,40.018593,-83.019288,,27.77,True,False,False,0
Veo,6beafc96-a9fb-5402-9160-2a5a3e8c7405,bicycle,40.084285,-82.988385,,22.39,True,False,False,0
Veo,b8d7ddba-e2dd-517e-a07b-b6c602ce246e,bicycle,39.985799,-83.004138,,19.05,True,False,False,0
Veo,ef3f89bd-f0b5-5509-8c0d-7b8e6318cb05,bicycle,39.978804,-82.993438,,9.02,True,False,False,0
Veo,514a88fc-a00a-5e07-a21c-4e05a11f8db1,bicycle,39.972918,-83.050563,,21.77,True,False,False,0
Veo,9a6308c3-8bdf-5b3d-b0c0-41f162310261,bicycle,39.940416,-82.983516,,28.01,True,False,False,0
Veo,e5362cb5-fb7d-5ce2-a9cc-8d21d5dfff5f,bicycle,39.95674,-82.995614,,10.51,True,False,False,0
Veo,7f50991b-3c3c-528b-8b33-536d782b2293,bicycle,39.974046,-82.970164,,0.85,True,False,False,0
Veo,2522d869-9f23-5a48-babc-e35acc413c74,bicycle,39.988833,-83.050165,,25.12,True,False,False,0
Veo,bc3e592d-70db-5696-a7c3-9e4bcebe10c2,bicycle,39.95597430937981,-82.90994889784977,,13.86,False,True,True,0
Veo,90278b97-4c49-5a5f-b68f-7fea58e6c2a1,bicycle,39.963606,-83.000918,,27.44,True,False,False,0
Veo,dcb573ef-2406-5297-b571-8d72f1896e80,bicycle,39.948159,-82.907655,,13.64,False,False,True,0
Veo,703f9c37-3968-5a1e-811c-77f12be4c527,bicycle,39.930524,-82.979003,,2.09,True,False,False,0
Veo,c604ec07-fcec-5498-bc9f-1bf38a84a650,bicycle,39.985766,-82.910368,,12.28,True,False,False,0
Veo,63fd6ea4-6fd3-5f4b-bdb2-8f96f1e0a078,bicycle,40.010939,-82.968995,,24.84,True,False,False,0
Veo,c657dce8-178c-5c6c-8f63-cced04561593,bicycle,40.065391,-83.023336,,25.34,True,False,False,0
Veo,431e482c-f43e-5d4a-8fcb-f682956a26fd,bicycle,40.065429,-83.096064,,24.84,True,False,False,0
Veo,9ae3fec8-90aa-5a81-9215-522515a310a5,bicycle,40.006957,-83.026381,,28.14,True,False,False,0
Veo,efc12903-e3a7-5c37-89d4-79dff389a433,bicycle,39.95126,-83.01082,,24.06,True,False,False,0
Veo,644dc486-5f15-5636-b7fd-ae0a4b386221,bicycle,40.001937,-83.001087,,22.39,True,False,False,0
Veo,36c4d1df-1627-5316-bfbc-5823e0c5dd8a,bicycle,39.98458,-83.007143,,24.06,True,False,False,0
Veo,e156f2d0-685c-59db-94d4-1c38fb185fcc,bicycle,40.009251,-83.023196,,13.39,False,False,True,0
Veo,bff8a2df-c4da-5ec1-a85c-90eb646e1c9a,bicycle,39.962934,-83.002268,,13.64,True,False,False,0
Veo,1a3aa619-8ff8-5d3c-8753-6c720747b9a6,bicycle,40.101603,-83.089076,,25.12,True,False,False,0
Veo,b7c46280-df66-5375-87bc-afaa02bee476,bicycle,40.101594,-83.114249,,26.25,True,False,False,0
Veo,898117e2-c128-5fd3-88df-00f34eee5027,bicycle,39.998753,-82.978209,,6.31,True,False,False,0
Veo,aa803207-7e70-5dc3-ab32-0503334693b9,bicycle,39.998872,-82.98603,,11.83,True,False,False,0
Veo,2335b820-fe19-5773-b8af-52530ed3014c,bicycle,39.956917,-82.942703,,12.07,True,False,False,0
Veo,ff5fe054-6a0e-53d0-97cf-cdcbf70b9626,bicycle,40.100444,-83.108986,,23.02,True,False,False,0
Veo,11fd174e-0fd8-5be5-994d-0f22337dc536,bicycle,39.952253,-83.078815,,7.29,True,False,False,0
Veo,68e77cc7-df86-58db-a137-bc2b0b05d8c2,bicycle,39.978959,-82.995494,,13.64,True,False,False,0
Veo,47ad5abd-be64-5c77-ae2a-9cb4f2843668,bicycle,39.995264,-83.014628,,12.87,True,False,False,0
Veo,de2fc6be-f52d-537c-a059-9ed0e68c30c5,bicycle,39.95994,-83.005048,,24.84,True,False,False,0
Veo,e07f16e4-a464-5fa5-84e4-768fd94945f6,bicycle,40.108299,-83.152346,,22.05,True,False,False,0
Veo,502f8b30-4129-5969-b7cb-21ee52fc8887,bicycle,39.962726,-83.004214,,28.14,True,False,False,0
Veo,924a6a82-6857-5f5d-9cf0-698b9ff5ce8e,bicycle,39.949115,-82.915989,,12.07,True,False,False,0
Veo,bf92f36d-b34f-5593-99f2-224a0e725429,bicycle,40.075421,-82.908968,,20.37,True,False,False,0
Veo,0118e854-4235-5bf1-9db5-739122ad740a,bicycle,40.102416,-83.110695,,5.83,True,False,False,0
Veo,7cf11ab3-4269-56c9-96fc-06e93fae5bd5,bicycle,39.999461,-83.020696,,2.12,False,True,False,0
Veo,427b523f-4c3a-584c-9973-770a731631b6,bicycle,39.958115,-82.9972,,13.64,True,False,False,0
Veo,6c98c469-7cd3-532d-b0aa-b7171e616df8,bicycle,40.002513,-83.009166,,26.78,True,False,False,0
Veo,33dc70af-a8c7-5234-a7b5-d2102324bf56,bicycle,39.957151,-82.938196,,15.18,True,False,False,0
Veo,006708a9-2f01-5762-9c93-e43eec4b4dd3,bicycle,40.08727,-83.106855,,15.18,True,False,False,0
Veo,b3b84180-9586-5d9a-b722-e0f6001e9065,bicycle,39.928559,-82.950235,,18.19,True,False,False,0
Veo,e319604e-ad98-5ae2-8a73-08a326c7759a,bicycle,40.015556,-82.971161,,19.05,True,False,False,0
Veo,041b8fca-7afa-57be-aa47-f9f8dda13feb,bicycle,40.031241,-83.000937,,19.78,False,False,True,0
Veo,7e309582-2f99-57b1-9aef-a537207bf707,bicycle,40.002421,-83.000073,,20.78,True,False,False,0
Veo,1d02cb44-25d2-5cf9-bdca-47d5f02f989d,bicycle,39.975615,-83.01496,,14.86,True,False,False,0
Veo,23430f80-0f02-56e9-b51a-f6ad79e0eb3d,bicycle,39.963299,-82.953237,,14.86,True,False,False,0
Veo,d2f71832-e549-5acd-8146-67158eca1085,bicycle,39.957418,-83.001402,,27.02,True,False,False,0
Veo,6901e9a1-4052-51d7-af73-ccae28b20cbc,bicycle,40.003163,-83.00845,,23.77,True,False,False,0
Veo,d8aeec2a-44db-5ef8-a8e3-c9501da743e4,bicycle,39.95543,-82.97663,,28.01,True,False,False,0
Veo,5e73892c-1af3-5267-a6d9-14c6f6e290df,bicycle,39.968133,-82.893604,,12.87,False,False,True,0
Veo,c983fea5-164e-5692-ab42-faa2aa233df6,bicycle,39.964557,-83.005449,,28.14,True,False,False,0
Veo,21c27705-0860-5acb-9a9f-2b690f17ce06,bicycle,39.943292,-82.966368,,22.39,True,False,False,0
Veo,5ae7955a-5131-50ab-8f57-92add8d8e3fe,bicycle,39.948341,-82.962711,,27.77,True,False,False,0
Veo,f3d36397-ea2f-53b4-b3e1-85aa59199ee9,bicycle,39.981818,-83.004602,,20.37,True,False,False,0
Veo,63d8e7ec-49a1-5537-8a3b-16407b4bc634,bicycle,40.101229,-83.115799,,9.97,True,False,False,0
Veo,b06cd050-c501-5386-bbbf-4f5b8656dfa8,bicycle,40.079237,-83.118963,,14.61,True,False,False,0
Veo,a868f388-627f-5ce3-9b32-fe2ea6d7cca1,bicycle,40.101118,-83.108914,,13.86,True,False,False,0
Veo,60cf90c2-eea7-5b35-9022-866f14e6852b,bicycle,40.003063,-83.012707,,21.49,True,False,False,0
Veo,4deffa98-08aa-57e0-82ca-9070b200c13f,bicycle,40.047255,-82.944384,,16.39,True,False,False,0
Veo,ded7d72c-4ef0-5f83-bb2c-f57ec4eb32dd,bicycle,39.968759,-82.967334,,8.43,True,False,False,0
Veo,ad727712-6f49-556d-8f29-a975a61bc7f4,bicycle,40.103871,-83.108911,,25.34,True,False,False,0
Veo,2f17bdd9-14fe-56c7-a225-7345f42415dd,bicycle,40.007657,-82.949335,,25.94,True,False,False,0
Veo,fcf213ed-cb90-54a9-8714-6e93f27db844,bicycle,39.972455,-82.993394,,20.37,True,False,False,0
Veo,cbe34f6c-a648-58bc-ab57-34b03a353624,bicycle,39.963258,-82.953243,,28.14,True,False,False,0
Veo,f68bc468-0bb2-5b46-a371-02a99b8416de,bicycle,39.937676,-82.995916,,28.14,True,False,False,0
Veo,2764604b-1931-5e3c-b627-ee58464b4dba,bicycle,40.011984,-82.968578,,28.14,True,False,False,0
Veo,5826a1b7-1c1c-5b79-be85-de8b9f7f3f33,bicycle,39.949858,-82.982653,,28.14,True,False,False,0
Veo,65a83fd6-1102-5150-a3b2-02d1bd93bb26,bicycle,40.040851,-83.020581,,9.29,True,False,False,0
Veo,edbd3242-6ae1-5a75-8d04-5fe2a092e078,bicycle,39.969579,-82.966781,,6.31,True,False,False,0
Veo,608610de-399e-50bb-80f0-d052a65569eb,bicycle,40.041392,-82.944983,,18.19,True,False,False,0
Veo,1ed69eff-757e-519a-9469-8635202600d5,bicycle,39.93504,-82.992903,,28.14,True,False,False,0
Veo,f1046452-0d42-562a-b874-18936776ab7e,bicycle,40.002561,-83.009208,,22.05,True,False,False,0
Veo,8e5517e7-f944-5bb6-bf90-58574ac05d93,bicycle,39.980839,-83.103369,,14.86,True,False,False,0
Veo,7fd9dd15-9f72-5ac4-b7e5-c394f8045954,bicycle,40.030196,-82.960749,,28.14,True,False,False,0
Veo,e357f8f6-ae13-5b1a-a490-7b9a947b629b,bicycle,40.002325,-83.011067,,13.86,True,False,False,0
Veo,e31772d4-d05f-5dcb-bdb6-8fa0ff2f2c6c,bicycle,39.965363,-83.011025,,14.86,True,False,False,0
Veo,c9cba61a-00ac-592c-bdf7-e9880f9a96cb,bicycle,40.006982,-82.968738,,14.43,True,False,False,0
Veo,0a397cfb-719d-5a75-9e0b-3acafa4d1b89,bicycle,39.931053,-83.058754,,4.92,True,False,False,0
Veo,30432f72-a9c8-5ac6-8c52-e2c21ff425d4,bicycle,39.95768,-82.957702,,15.18,True,False,False,0
Veo,00e26f87-a0ee-5c52-b374-2aebe802472c,bicycle,39.939035,-82.940316,,14.43,True,False,False,0
Veo,7b5776ec-f7a4-5404-a7b7-df738d335813,bicycle,40.108913,-83.017939,,1.15,True,False,False,0
Veo,4545c4b7-a19b-5895-9529-9dc3329b045e,bicycle,39.982768,-83.004664,,28.14,True,False,False,0
Veo,4a6488a2-e8c8-53b2-81ea-17fae7a1aa34,bicycle,39.938716,-82.97969,,26.78,True,False,False,0
Veo,b7dbd8bc-5ab4-523d-b977-314500a938a6,bicycle,40.106891,-83.08155,,25.34,True,False,False,0
Veo,1647c1cc-b99a-5c64-a678-e0ab4a13e402,bicycle,39.924584,-82.936821,,25.94,False,True,False,0
Veo,239012c0-aefe-5ad9-ae0c-bf4e38ca4032,bicycle,39.985412,-82.999193,,10.51,True,False,False,0
Veo,c979f6de-27c6-5c85-a150-6125fc8e6f81,bicycle,39.897415,-82.976661,,8.78,True,False,False,0
Veo,ec5017a2-2c21-55f3-8988-aa409cc5a3e8,bicycle,39.943694,-83.045551,,28.01,True,False,False,0
Veo,4170c7f8-dd69-5b9c-b804-c60a90a3b81c,bicycle,39.994606,-83.00685,,25.94,True,False,False,0
Veo,db759fba-4416-5e6b-a343-03267839ffdb,bicycle,40.101195,-83.108848,,23.02,True,False,False,0
Veo,e92b5f2f-7704-5b31-839d-4b3d8f0d29fa,bicycle,39.94693,-83.052826,,10.51,True,False,False,0
Veo,ba8b11d2-c429-5489-9027-8cc4d7513648,bicycle,39.994045,-83.018352,,14.17,True,False,False,0
Veo,8c14351b-98e8-5bee-ac0e-35c5a1da5580,bicycle,40.101579,-83.11553,,12.28,True,False,False,0
Veo,2766d35b-8c65-53a6-9bfe-a96b5d41ac83,bicycle,39.996509,-82.975759,,8.78,True,False,False,0
Veo,b8564318-c3ef-5464-ba29-a5c2c7d51980,bicycle,40.008347,-82.963447,,11.11,True,False,False,0
Veo,e23bf35c-20d8-5998-9eac-084601246129,bicycle,40.002334,-83.003685,,28.14,True,False,False,0
Veo,ff447e66-8324-50cb-b623-67f8d5b3abd8,bicycle,39.942338,-82.971934,,12.87,True,False,False,0
Veo,19bb55f9-5c7c-5372-b933-d007e73221c8,bicycle,40.100277,-83.117348,,23.02,True,False,False,0
Veo,79c9ec9f-2d34-5b71-9786-74d11564eb6b,bicycle,40.000719,-82.986417,,14.61,True,False,False,0
Veo,88a98783-335f-5116-bf9e-8e2fbe600aa2,bicycle,39.971314,-83.004818,,15.18,True,False,False,0
Veo,605d0c24-467d-5300-8cce-9a46125b9fc7,bicycle,39.946501,-83.05494,,15.18,True,False,False,0
Veo,331b28c6-eee2-527b-b88b-50b60c813715,bicycle,40.034627,-82.954574,,11.83,True,False,False,0
Veo,4cb3c327-f026-557f-9907-a3a55e6d58b4,bicycle,39.970289,-83.001772,,13.39,True,False,False,0
Veo,b4fe33d6-3fc1-5aa9-8226-b5ea55fcecdc,bicycle,39.933228,-82.980635,,12.87,True,False,False,0
Veo,1c147dfb-4de3-5139-b541-be1755f51198,bicycle,40.00667,-83.047939,,3.13,True,False,False,0
Veo,b2eb1da0-e787-52c0-a299-72b9284d332e,bicycle,39.952675,-82.981343,,26.51,True,False,False,0
Veo,cd47d87b-2ef6-5ea3-8cda-48e81b491fc3,bicycle,40.048444,-82.99995,,6.07,True,False,False,0
Veo,c0cd2384-a9c6-51d4-b299-06434bd991a5,bicycle,39.97771,-82.969363,,20.05,True,False,False,0
Veo,09880f9c-96ce-596c-91c1-6afce390ae25,bicycle,39.935004,-83.102468,,28.14,True,False,False,0
Veo,bdc291ea-48ea-5ff0-b31d-c648c3a84d10,bicycle,40.053045,-82.950489,,28.14,True,False,False,0
Veo,0ed255c2-a184-5783-af5d-b544c44be4f1,bicycle,39.947806,-82.963362,,11.83,False,False,True,0
Veo,5856f0cf-1bea-5f0b-93cf-2efe7777c290,bicycle,39.991343,-83.051409,,19.05,True,False,False,0
Veo,f08d3329-b0f6-5ac1-ba0e-4a273a8acdc3,bicycle,39.977367,-83.005203,,11.11,True,False,False,0
Veo,17d52716-de31-5191-930a-9108961a5987,bicycle,39.956809,-82.973463,,25.65,True,False,False,0
Veo,7b9c00b8-e2c5-58f9-98fb-bd493acc2ee8,bicycle,39.9437,-82.994396,,26.25,True,False,False,0
Veo,86184620-c0c2-514d-88b6-ef308352c697,bicycle,39.954149,-82.998596,,5.44,True,False,False,0
Veo,3232e299-e9ed-58a6-aa22-c1fa4e981b0b,bicycle,39.938383,-82.952066,,4.78,True,False,False,0
Veo,7b387ad3-990b-5833-a233-82d9ddec0952,bicycle,39.983904,-83.027704,,13.64,True,False,False,0
Veo,5c9e396a-e5e9-5890-b131-ebcacb3ef99b,bicycle,39.978848,-82.946366,,19.78,True,False,False,0
Veo,0e1a56f9-8546-51f3-8960-8aaa416bf8cd,bicycle,39.953612,-83.111971,,21.15,True,False,False,0
Veo,0d253915-1ece-51dd-a101-bd4431ec04cc,bicycle,39.972364,-82.968593,,28.14,True,False,False,0
Veo,cd5ba8b0-947b-5519-a7f4-2ee693550332,bicycle,39.987186,-83.006,,28.14,True,False,False,0
Veo,bf113193-4833-50de-a599-a7813c17436a,bicycle,39.944588,-83.06774,,4.78,True,False,False,0
Veo,167ea688-7f8c-520e-be88-1df69afdaf58,bicycle,39.963584,-83.000971,,13.86,False,True,False,0
Veo,22d080c4-d6cd-5b01-96d4-d78142240c93,bicycle,40.001885,-83.008924,,28.01,True,False,False,0
Veo,1dfc3e68-2629-55a1-9585-499f98ea37b5,bicycle,39.996299,-83.014903,,16.84,True,False,False,0
Veo,9c2c2e8a-95dc-5921-9726-134b25d4f56a,bicycle,39.958951,-83.013852,,28.14,True,False,False,0
Veo,280bbd56-1e76-51e8-86e3-e16bd4065e9a,bicycle,39.95818,-83.015908,,28.14,True,False,False,0
Veo,45e1f166-a265-57e6-a948-6e0e60398e47,bicycle,39.98399,-83.007499,,16.84,True,False,False,0
Veo,189b4406-eaed-52ad-8a84-4774249f275e,bicycle,40.006604,-83.016121,,28.14,True,False,False,0
Veo,708c5910-0c1f-5523-8f49-07db3058335e,bicycle,39.967952,-82.956071,,24.33,True,False,False,0
Veo,ceeeea91-a1ea-572e-b3e3-071e701bb5b8,bicycle,39.975284,-83.014634,,24.33,True,False,False,0
Veo,0822d016-51dd-5fb1-8b9a-adf9dcb9faca,bicycle,39.935622,-83.014285,,13.86,True,False,False,0
Veo,69570eb1-df65-5abc-87c4-c7d0f3c9bb90,bicycle,40.016141,-82.998825,,24.33,True,False,False,0
Veo,2dc1b88d-08cd-51ad-9dc5-e74eb49bca08,bicycle,39.994147,-82.935958,,18.67,True,False,False,0
Veo,1a77484a-5b7e-51a6-85d7-5967c0ca1807,bicycle,39.96905870531153,-82.9997938057508,,28.01,True,False,False,0
Veo,36bef186-ebeb-5ea0-be2a-17e8b506b015,bicycle,40.002657,-83.004851,,20.37,True,False,False,0
Veo,9766da7f-ee8e-556e-b53c-dd49292162e3,bicycle,39.898102,-82.998778,,2.09,True,False,False,0
Veo,f0878d15-8bc7-55f5-b634-adc8e9c553ab,bicycle,39.980867,-82.999044,,28.14,True,False,False,0
Veo,71b599c5-4ee7-51f0-9812-e5f5fe9ac64c,bicycle,39.946643,-83.000267,,24.06,True,False,False,0
Veo,19b33f15-0cb0-5491-87aa-c2e89bd414ed,bicycle,39.941867,-83.06783,,24.33,True,False,False,0
Veo,edc43518-04c4-5a29-a4de-dd3c9f32589f,bicycle,39.949282,-82.986778,,21.77,True,False,False,0
Veo,7952a83e-c96d-50b8-8cfd-2302cbbfa56b,bicycle,40.06164,-83.01966,,25.74,True,False,False,0
Veo,2a2c95f5-d01f-515b-ae7c-3c381ac3a5ee,bicycle,39.996955,-83.009813,,3.13,True,False,False,0
Veo,3067ba50-f557-5482-8adc-48b05c5ffdf0,bicycle,39.986141,-82.897818,,14.43,True,False,False,0
Veo,69b87296-45ab-5ad4-b2e4-a2a9e6e5f6ee,bicycle,39.949739,-83.057346,,28.14,True,False,False,0
Veo,67b7daec-5789-5ab4-b5ac-e1505c8bcf4b,bicycle,40.003118,-82.998384,,19.39,True,False,False,0
Veo,a8ca3c55-5d22-51ce-b4bb-b411b4df4e2f,bicycle,39.958151,-83.015866,,27.77,True,False,False,0
Veo,0db68cfe-9df9-51ad-b2b9-1d891bc91cc8,bicycle,39.94397007004558,-83.06979769099699,,10.51,False,False,True,0
Veo,96f44708-e562-5c11-aa87-211bd591bb9e,bicycle,39.98202,-83.011222,,28.14,True,False,False,0
Veo,49c6b339-dea8-56db-a025-8d3f8b581289,bicycle,39.963346,-82.990799,,4.78,True,False,False,0
Veo,dda4775f-7b76-50dd-a5e1-bad51f89dbc2,bicycle,39.971853,-82.975753,,23.33,True,False,False,0
Veo,43d142a0-7d3f-53ab-bc17-e67a5ef08ab5,bicycle,40.031547,-82.986874,,10.51,True,False,False,0
Veo,2f915a3d-de67-549a-abf1-cf28c85a9f1e,bicycle,39.998693,-83.011803,,25.34,True,False,False,0
Veo,baea8c06-b59a-5cd0-a2b8-6cce593fa9a6,bicycle,39.927973,-82.964466,,23.02,True,False,False,0
Veo,6a8fcf9d-ef90-5298-b80e-fed4543dd528,bicycle,39.942463,-83.069249,,4.67,False,False,True,0
Veo,cd5f6b20-db7a-5574-b232-eb40afab2e4c,bicycle,40.002582,-83.001389,,21.15,True,False,False,0
Veo,fdd411e7-8490-59e3-98f9-8e6b4cc8e51d,bicycle,39.935334,-82.983477,,23.02,True,False,False,0
Veo,0cc5b760-b5d7-5515-90a9-22d8a0d679e9,bicycle,39.971915,-82.977972,,13.64,True,False,False,0
Veo,1a7c929c-9106-51dc-81a7-44ab9b840d30,bicycle,40.011976,-82.968624,,14.61,True,False,False,0
Veo,42574717-7103-551a-875e-29df77eae39f,bicycle,40.068368,-83.089501,,13.86,True,False,False,0
Veo,8310c9cf-aa90-5886-b936-b91f40e34b9f,bicycle,39.994052,-83.001617,,24.33,True,False,False,0
Veo,94d91371-93d6-586f-b327-3e0e0f284960,bicycle,39.969977,-82.889958,,1.83,True,False,False,0
Veo,6ec33e5f-25c3-5da5-b13c-04c34ad9e66c,bicycle,39.943435,-82.967599,,16.84,True,False,False,0
Veo,a8409272-bb07-5925-9397-99ab4a2400d7,bicycle,39.933217,-82.980614,,9.65,True,False,False,0
Veo,e0f163dd-4525-54f9-84d9-1aab6618697a,bicycle,39.968259,-82.977678,,28.14,True,False,False,0
Veo,d3f89d6d-f6d6-5859-8631-6491ed4cca30,bicycle,40.055766,-83.051168,,15.18,True,False,False,0
Veo,c9ac58c9-e081-5616-a1cd-a62ebbb3a921,bicycle,39.959904,-83.005079,,13.1,True,False,False,0
Veo,c3258cac-5bf1-5df9-a7b9-8ab419fea823,bicycle,39.96491,-83.001665,,1.83,False,False,True,0
Veo,59a77282-d1f8-5ee6-9ad2-2b87d45f6d40,bicycle,39.989885,-83.005201,,13.86,True,False,False,0
Veo,833b4356-0615-50a7-9c99-1f796ed6c70f,bicycle,39.988695,-83.005861,,20.37,True,False,False,0
Veo,557c54aa-bf7c-5b6b-9333-2f4c9c20bd15,bicycle,39.977712,-83.015152,,22.7,True,False,False,0
Veo,ce49b20c-6a48-592a-b99b-ee637069dedb,bicycle,39.977051,-82.975749,,22.7,True,False,False,0
Veo,960a7554-c7db-5dfb-a54b-c7987aff325b,bicycle,40.00732,-82.979478,,28.14,True,False,False,0
Veo,6238bb21-70c1-5156-8bae-176729fec32b,bicycle,39.964672,-82.999762,,12.28,True,False,False,0
Veo,48c6154a-07ed-512c-89da-80249da34832,bicycle,39.95608,-82.945267,,12.87,True,False,False,0
Veo,1a680488-e8c0-5a4c-8323-e15a22f97a95,bicycle,40.105294,-83.097358,,27.02,True,False,False,0
Veo,19e8e05a-a8cb-59fd-8b33-2ffbd4275600,bicycle,39.946588,-83.0002,,19.05,True,False,False,0
Veo,8fefbf8d-d229-597e-a11f-5b2cb022441a,bicycle,40.000763,-82.986405,,27.44,True,False,False,0
Veo,2af926a4-911e-5085-8ab8-193c39fd9c3d,bicycle,40.001122,-83.00058,,14.61,True,False,False,0
Veo,19de0134-114c-55fc-a182-fc951fd6d653,bicycle,40.001371,-83.007252,,28.14,True,False,False,0
Veo,f1a0912a-d1c9-5e02-8b31-531a5f829505,bicycle,39.997204,-83.048161,,25.65,True,False,False,0
Veo,c651fe24-4bcb-5c56-afd8-7fdc7425c345,bicycle,39.987643,-83.010774,,22.39,True,False,False,0
Veo,fc0095c0-b4fe-58a2-8bfc-5cc6c9065b99,bicycle,39.967878,-83.012342,,19.39,True,False,False,0
Veo,65d4526f-27f1-5c0c-a074-f89f50cd8202,bicycle,40.003148,-82.998404,,22.7,True,False,False,0
Veo,78c4e2ce-afa5-5de2-b0d7-e7dec061b684,bicycle,39.954104,-83.016652,,28.01,True,False,False,0
Veo,7b767e14-0125-53a5-9b6d-a5e54e2b565b,bicycle,39.944022,-83.074312,,4.78,True,False,False,0
Veo,ba6766ee-a9d5-5c24-93f8-eab6cdc1b5cc,bicycle,39.986047,-82.986286,,20.37,True,False,False,0
Veo,75a928a6-7829-5310-b1a1-b1d457c1dbc4,bicycle,39.986748,-83.003341,,14.43,True,False,False,0
Veo,530f3837-6a6a-5303-b005-9162595fefd8,bicycle,40.003934,-83.005457,,12.87,True,False,False,0
Veo,9db6785b-4468-5074-9c2e-a2526669a755,bicycle,39.936655,-82.948419,,25.12,True,False,False,0
Veo,df559b21-5d34-54ae-aada-2f55c9295f53,bicycle,39.942992,-82.983131,,26.78,True,False,False,0
Veo,2899d506-c60c-5212-abab-66b18cb5cea5,bicycle,39.97421,-83.014222,,10.51,True,False,False,0
Veo,215c7f02-bd32-5cc2-8a24-bc4ec5095a6b,bicycle,39.999592,-83.009432,,14.86,True,False,False,0
Veo,ef4afef3-2e8c-5cda-a3e1-c094cfc8c2d6,bicycle,40.00530634,-82.99824034,,15.45,True,False,False,0
Veo,22c7fbb8-62c1-555b-b4ad-f1192cd16fb7,bicycle,39.957391,-83.011341,,15.89,True,False,False,0
Veo,7d62f630-466c-5a9f-b688-1cce11bcf495,bicycle,39.96027,-82.999716,,28.14,False,True,False,0
Veo,5c98f4cc-7f65-5361-917b-ee9bf952a425,bicycle,39.964786,-82.999552,,24.33,True,False,False,0
Veo,0d74923e-cd3f-5e1b-9d79-26b224e0a9fd,bicycle,39.930514,-82.983903,,27.02,True,False,False,0
Veo,ce6fa597-cf88-5f09-9286-4cc53ad079a1,bicycle,39.970763,-82.975682,,11.59,True,False,False,0
Veo,445876f0-ead1-56a2-9a5e-01c4e14f8322,bicycle,39.902989,-83.059239,,24.84,False,False,True,0
Veo,e6d6c3e5-a906-5723-a32a-2031d429f53c,scooter,39.983899,-83.003889,,20.37,True,False,False,0
Veo,7e798e34-a3e5-58a0-b540-b0a50e7cbde6,bicycle,40.131332,-83.09441,,24.84,True,False,False,0
Veo,6bb19586-4539-536f-add5-290946f7268c,bicycle,40.054801,-82.957946,,21.49,True,False,False,0
Veo,562b1e24-573d-5f9f-8ec3-c14f0729b7b3,bicycle,40.00279,-82.949565,,14.86,True,False,False,0
Veo,e18e6f92-43f8-5bf6-94c6-ae6406ee74f9,bicycle,39.980301,-83.080384,,20.37,True,False,False,0
Veo,ccaaf57d-f306-5373-bbfb-00b814ffe8f3,bicycle,39.953722,-82.979109,,22.7,True,False,False,0
Veo,8f984715-0be7-57d1-8dca-f62992ff352f,bicycle,40.102469,-83.109566,,23.33,True,False,False,0
Veo,1e617a6a-be0e-5edf-b2a2-bab273aa8c8e,bicycle,39.957138,-82.995082,,9.29,True,False,False,0
Veo,338a02ec-5301-5ae2-9a37-596963037b52,bicycle,39.965061,-82.99025,,27.77,True,False,False,0
Veo,ee3d5e0b-ee22-5195-8954-48101e2e295c,bicycle,39.99393,-83.013669,,24.06,True,False,False,0
Veo,9eeeebdb-cc2d-5fc4-a88c-7163d3c76583,bicycle,40.002044,-82.949469,,20.37,True,False,False,0
Veo,4d542108-3e90-59b7-bef9-74d8bf366e57,bicycle,39.964262,-82.991288,,24.84,True,False,False,0
Veo,a4c78b7d-9283-5152-b855-96cf26853dce,bicycle,40.006906,-83.01673,,14.86,True,False,False,0
Veo,e8b1e36b-7d3a-534e-965e-696bf4db3697,bicycle,39.961011,-82.98646,,27.02,True,False,False,0
Veo,26ccc785-31d5-5be9-97a1-2ade34cf1680,bicycle,39.957678,-83.006513,,25.12,True,False,False,0
Veo,310dbf26-9072-56e7-87fc-641e43c577ac,bicycle,39.988511,-83.01494,,26.51,True,False,False,0
Veo,82a2954c-a2ed-5be1-89c6-ea1cc68b62ee,bicycle,39.954598,-82.989379,,13.64,True,False,False,0
Veo,1d1df107-a0a6-5571-a536-025a7f33d7d0,bicycle,39.996544,-82.975781,,28.14,True,False,False,0
Veo,ae75a454-c2fe-571f-aa74-cc8855c0fdcd,bicycle,40.001821,-83.013045,,26.78,True,False,False,0
Veo,1c851c7d-bce2-587e-94cc-88f1ba91a841,bicycle,39.939641,-82.997001,,12.52,True,False,False,0
Veo,cba0c012-0035-51ef-979f-7694f50e1b44,bicycle,39.94191,-82.994917,,14.61,True,False,False,0
Veo,65234aac-e8fc-5846-9622-a9ff32a04f92,bicycle,39.977076,-82.998368,,14.43,True,False,False,0
Veo,8ba9e55c-2588-5808-8cac-ded8736f40a2,bicycle,40.016072,-82.981573,,28.14,True,False,False,0
Veo,2530e444-08bb-5155-a129-fae5d14a66e2,bicycle,40.103862,-83.108912,,10.51,True,False,False,0
Veo,9f9973f0-dd25-5ec0-bb3e-175a025fb9fd,bicycle,40.033889,-82.976722,,24.06,True,False,False,0
Veo,919e44dd-a5c6-5701-b722-45a87e3b20be,bicycle,39.981982,-82.949709,,22.05,True,False,False,0
Veo,17e9affe-e900-53b5-93da-2691a1e93d48,bicycle,39.978805,-83.004026,,21.77,True,False,False,0
Veo,f20ef0c3-d330-586e-92a5-a5f3484b92b1,bicycle,39.999408,-82.997015,,11.34,True,False,False,0
Veo,c7c9e428-cad0-580c-aefd-112f8ad39308,bicycle,39.965115,-82.976138,,6.98,True,False,False,0
Veo,b4008e21-275d-55ea-b5aa-fb82d34e7ad5,bicycle,39.984828,-83.040014,,4.19,True,False,False,0
Veo,60ceeae5-598b-5245-b855-f4426b36af87,bicycle,39.98631,-83.000796,,27.77,True,False,False,0
Veo,66b9955f-f4e0-5072-a2e0-8b6f05822024,bicycle,39.962729,-83.004276,,28.14,True,False,False,0
Veo,05a78c45-212f-5e38-8366-f7c9cc21c689,bicycle,39.990728,-83.026124,,17.89,False,False,True,0
Veo,ecb268d0-bdaa-59b4-800b-025d8534f877,bicycle,39.962919,-82.960391,,9.29,True,False,False,0
Veo,796ba90c-c683-5b53-b033-cffc26dd5e13,bicycle,39.960338,-82.959655,,28.01,True,False,False,0
Veo,19d8993b-90fe-579f-a6dd-eb01b2b70114,bicycle,39.972296,-83.002514,,27.02,True,False,False,0
Veo,66cfb733-159f-5cf5-9004-57cce7920ded,bicycle,39.953358,-83.027007,,13.64,True,False,False,0
Veo,3315bfee-eb4d-51bd-8d5e-38f283d3cfcf,bicycle,40.000985,-83.013973,,28.14,True,False,False,0
Veo,47901be2-b9f1-5a8c-b848-59e654d4e514,bicycle,39.982614,-83.02502,,10.31,True,False,False,0
Veo,f11d6602-b0de-507d-9ae0-c6dc8f19882d,bicycle,39.958174,-83.015897,,26.51,True,False,False,0
Veo,01a09102-26d4-5ee4-9395-2a77d9a77770,bicycle,40.031459,-83.003947,,11.59,True,False,False,0
Veo,77d44395-8a9e-5461-9994-3fcad0afd844,bicycle,39.980813,-83.103322,,28.14,True,False,False,0
Veo,9cbdeb99-53f2-5bda-8fa5-cd5f3228b471,bicycle,39.983393,-83.005573,,21.49,True,False,False,0
Veo,70f4bf54-820c-50fc-a4ed-efaecfe680e9,bicycle,39.96604,-82.981192,,20.05,True,False,False,0
Veo,4c11ba37-0510-5d92-84e5-f63be23acc26,bicycle,39.997652,-83.001379,,28.14,True,False,False,0
Veo,38bc9ad9-a408-5507-ade8-c0ee8a93bbc5,bicycle,39.996856,-83.009873,,22.39,True,False,False,0
Veo,ea54b0b8-6fff-5b73-b242-20fe359f00d7,bicycle,40.00501,-83.012764,,6.98,True,False,False,0
Veo,f0473100-ec48-5134-8881-c875b34c091b,bicycle,39.97189,-82.977659,,15.18,True,False,False,0
Veo,e657ab7a-b330-592b-ba61-036c665b77f5,bicycle,40.012927,-82.968488,,27.44,True,False,False,0
Veo,3b47a701-16c9-540f-bbd2-6eccbc91e704,bicycle,39.915007,-82.966907,,28.14,True,False,False,0
Veo,80cdb915-2665-5918-9cb8-df4390d3afbc,bicycle,39.91747,-82.984871,,6.31,True,False,False,0
Veo,d8f4f394-22e8-55f8-8c78-7e02b78adfb3,bicycle,39.956801,-83.003406,,28.14,True,False,False,0
Veo,2a6293c2-f326-56a9-9e96-2c82a986e309,bicycle,39.973425,-83.004719,,12.28,True,False,False,0
Veo,1391a57c-594b-5e18-b581-4e26818b2305,bicycle,39.993601,-82.981064,,27.44,True,False,False,0
Veo,2c9ab6a2-85e9-547b-b32b-5897eadda67a,bicycle,39.913276,-82.981765,,24.33,True,False,False,0
Veo,4ff1fde4-dcce-5d33-9836-19fd1fde1287,bicycle,39.969203,-83.001305,,28.14,True,False,False,0
Veo,86872ad0-4e1d-5ce3-81e8-053d6b4f3796,bicycle,39.962926,-83.002444,,13.64,True,False,False,0
Veo,80be3eb7-2859-599c-bb80-de79fca68832,bicycle,39.992131,-83.020932,,5.83,True,False,False,0
Veo,ed14162d-3fff-541f-84e5-76a40da0350c,bicycle,39.921381,-82.950548,,19.05,True,False,False,0
Veo,71f878de-0e2e-54bb-8756-8d48f5cf43f9,bicycle,40.005984,-83.018992,,28.14,True,False,False,0
Veo,45c002f6-f50a-5a5e-ae11-3de51810b4a6,bicycle,40.004087,-82.955686,,23.02,True,False,False,0
Veo,eae93abf-68df-56d9-be1c-78440750bad8,bicycle,39.993597,-82.981109,,27.02,True,False,False,0
Veo,eaae0231-4d9f-5a5f-839d-723e970a4fb7,bicycle,39.953932,-83.020605,,8.09,True,False,False,0
Veo,a463a306-5a7a-57ea-9426-84d415fd721c,bicycle,39.96753,-82.971348,,14.86,True,False,False,0
Veo,d8c7c2ed-5390-5842-91d7-19bf0939e900,bicycle,40.016435,-82.987665,,13.64,True,False,False,0
Veo,5d517c72-9a2d-5ef9-beba-8d35acd20b1e,bicycle,39.954202,-83.019182,,17.37,True,False,False,0
Veo,9b8b487d-938e-5dad-a5a4-73ec335e1d84,bicycle,40.003212,-83.001598,,20.78,True,False,False,0
Veo,fd4be746-732e-51ec-8d98-51f0b9e5a2a6,bicycle,39.99361,-82.981148,,8.43,True,False,False,0
Veo,f976b1b4-38fb-5e08-8757-c871bc240135,bicycle,39.938353,-82.996298,,27.18,True,False,False,0
Veo,09187dc9-17e4-506b-a4d3-7ffa446b4b17,bicycle,39.977167,-83.003771,,22.39,True,False,False,0
Veo,6ad06212-1c47-566d-b267-3a907a9398b8,bicycle,39.956736,-82.988396,,26.78,True,False,False,0
Veo,c219cd31-d726-5aa2-8d05-86f633b4ab15,bicycle,39.963267,-82.953293,,24.06,True,False,False,0
Veo,fbf752ee-e718-5120-bc79-f3921bc89190,bicycle,39.931005,-82.984646,,13.64,True,False,False,0
Veo,545a10e1-2a50-5c42-960b-37c33828abfe,bicycle,39.971664,-82.977763,,5.44,True,False,False,0
Veo,d313c807-e1a5-5f5a-af03-e9cf0119b4ca,bicycle,39.965315,-83.011055,,25.94,True,False,False,0
Veo,8340a824-4f22-59c0-a7dd-c14763dac883,bicycle,39.993815,-82.978522,,22.39,True,False,False,0
Veo,17a516ff-5903-51b7-aeb6-276d5ce640e7,bicycle,40.000293,-83.011236,,2.55,True,False,False,0
Veo,ed936512-797e-559c-b496-55f0b8178287,bicycle,40.02272,-83.028717,,3.13,True,False,False,0
Veo,3a116d46-b4ab-5be4-81ef-ab96c95afa13,bicycle,39.951757,-82.943677,,19.05,True,False,False,0
Veo,ace00b72-9edd-5048-a446-43542365c756,bicycle,40.102134,-83.110526,,10.51,True,False,False,0
Veo,aae2681b-d78f-544b-a0d1-72b9d1cb21fb,bicycle,39.995623,-83.047785,,13.86,True,False,False,0
Veo,3662815d-3e9a-560f-80ca-8dd2540cd52a,bicycle,39.935063,-83.104662,,14.43,True,False,False,0
Veo,44a4d8bc-ed10-5eb2-9396-e6a672a5da1b,bicycle,40.109029,-83.015407,,2.79,True,False,False,0
Veo,635ba84e-599f-5fa1-b081-7d4f40c6b322,bicycle,39.999088,-82.970742,,28.14,True,False,False,0
Veo,c3ab8394-b5ea-5e36-bc57-8ea4e5bf3932,bicycle,39.971707,-82.979635,,20.05,True,False,False,0
Veo,9434880e-89c0-5b60-a742-538e95c431c6,bicycle,39.999877,-83.005881,,12.87,True,False,False,0
Veo,bfa0a35f-1283-5d18-b51a-f6ce3f675755,bicycle,40.115307,-83.016119,,17.89,True,False,False,0
Veo,ad877369-e1f4-59e0-a4aa-211815f1c226,bicycle,39.995377,-83.009555,,13.86,True,False,False,0
Veo,ddc2b10e-ff5e-5dcb-9db1-e5aa10d71ed3,bicycle,39.961484,-82.990081,,25.34,True,False,False,0
Veo,0b34e0e7-b6ae-5388-aece-4cf7365b3a00,bicycle,39.940409,-82.873453,,2.12,True,False,False,0
Veo,ac057d74-d085-5608-a5ef-dedc8861e79b,bicycle,40.007478,-82.946985,,12.87,True,False,False,0
Veo,89279e9b-2388-572f-8bef-e93db821e1ff,bicycle,40.021272,-82.962982,,7.62,True,False,False,0
Veo,c3d441d7-9bce-5641-ad3e-9cf02b7c2bce,bicycle,39.93458,-82.911656,,12.87,True,False,False,0
Veo,92108943-05f6-5474-9c22-80bd1f996cf1,bicycle,39.955976,-82.945317,,27.02,True,False,False,0
Veo,552081cb-92aa-57c2-bf79-1a072495160f,bicycle,39.999928,-82.97251,,8.78,True,False,False,0
Veo,79ce3ba4-e52c-5473-ab53-6a912f7f306e,bicycle,39.970496,-83.008094,,27.44,True,False,False,0
Veo,d03084df-14a4-5f24-9c79-3df49a8b1ed2,bicycle,39.942716,-82.990276,,13.86,True,False,False,0
Veo,a43c3632-2728-56f1-8fcd-668cccf6a6e9,bicycle,39.963407,-82.948288,,11.59,True,False,False,0
Veo,e1a7ab82-e0b1-5509-bde2-6ba772a3de1f,bicycle,39.94125,-82.887479,,28.14,True,False,False,0
Veo,38ec9e60-f19d-5daa-a352-5294622a356e,bicycle,40.060701,-83.078743,,8.09,True,False,False,0
Veo,381e3af8-f781-5e7e-82ae-5c06f079fde6,bicycle,39.953907,-82.953252,,25.74,True,False,False,0
Veo,796037cc-9444-5c75-8ccc-ca9f48493ec7,bicycle,40.003116,-82.998392,,14.61,True,False,False,0
Veo,781dadcb-2229-56ca-acef-ad97ce711866,bicycle,39.930646,-82.997097,,28.01,True,False,False,0
Veo,88fbd86a-adfa-5c20-9eac-8d23ab600d20,bicycle,39.968252,-83.003152,,28.14,True,False,False,0
Veo,d01b4ce2-bb74-5d92-8320-aa104635d5f2,bicycle,39.958827,-82.956598,,24.33,True,False,False,0
Veo,cfc803aa-0b20-5d54-a4df-18e1c0506af9,bicycle,39.959426,-82.985507,,28.14,True,False,False,0
Veo,091583f2-be72-589a-834a-2601041b98f3,bicycle,39.952716,-82.993643,,24.33,True,False,False,0
Veo,85de9e97-deaa-53e9-a125-0888338191e6,bicycle,39.988842,-83.048705,,14.86,True,False,False,0
Veo,95f45e39-1d63-55d1-8f99-59abd93115dd,bicycle,40.001634,-82.99619,,26.78,True,False,False,0
Veo,ea5792e9-91ab-5e89-91f4-2bf9e6788702,bicycle,40.00247,-83.009184,,28.14,True,False,False,0
Veo,4f338857-bcee-5703-8392-ffbce505b1c6,bicycle,40.004688,-83.010575,,21.15,True,False,False,0
Veo,8f1b4c8a-61f2-5a8e-8e74-9d269a26b5cf,bicycle,40.055412,-83.047665,,13.86,True,False,False,0
Veo,f7a7db91-d309-5ef7-9ae5-f471adbec575,bicycle,39.931049,-83.037886,,10.31,True,False,False,0
Veo,8854b756-f97a-57e9-8116-bffda5636c91,bicycle,39.979283,-83.001382,,28.14,True,False,False,0
Veo,2c894295-7b63-52a4-8a3d-c74fdb486045,bicycle,39.949832,-82.971592,,24.84,True,False,False,0
Veo,ecff81b4-2231-5d14-b6cf-245c9526cfd1,bicycle,39.988136,-83.007743,,23.02,True,False,False,0
Veo,08e10555-0a9c-53ee-af1c-19eee1b0e341,bicycle,39.935325,-82.911534,,13.1,True,False,False,0
Veo,cad68af7-a7f6-5095-befa-2b8f991aeef7,bicycle,40.102183,-83.114144,,5.83,True,False,False,0
Veo,22045f60-dc48-5e5d-93a5-fa617013d4c0,bicycle,40.055577,-82.96522,,25.94,True,False,False,0
Veo,20bf3199-6aec-5cb6-b336-490531b98361,bicycle,39.993319,-83.007167,,14.17,True,False,False,0
Veo,c16b7c4f-e5ec-58ef-a0cd-5a6aaa8049ff,bicycle,39.928461,-82.98135,,12.87,True,False,False,0
Veo,89d3ada6-6e69-5687-a38d-e3ff0c74470d,bicycle,39.962737,-83.002358,,10.51,True,False,False,0
Veo,bb5f6aac-c61d-5a97-a2db-7445b8721b76,bicycle,39.980402,-83.080045,,19.05,True,False,False,0
Veo,f52d98cb-a5a4-594d-9cae-90af76ba8ced,bicycle,39.934177,-82.956826,,25.94,True,False,False,0
Veo,3987e96b-1056-5a2a-802e-00f37e8908a3,bicycle,40.084837,-83.033583,,0.33,True,False,False,0
Veo,2c9f1e98-335b-5b23-91cd-e3bd6d1da23f,bicycle,40.086919,-83.01939,,27.18,True,False,False,0
Veo,8e7c6499-e6bc-58b0-93fe-abd8118ca1c1,bicycle,39.94856,-82.984966,,28.14,True,False,False,0
Veo,1ca59bf2-010a-5801-96f1-54dbaff117ad,bicycle,40.066841,-83.028371,,22.05,True,False,False,0
Veo,d9d7132d-38f1-57a8-a095-528818f59150,bicycle,39.967834,-83.020916,,1.15,True,False,False,0
Veo,3d898010-6264-543a-9edb-32d7b14803d6,bicycle,40.006239,-82.96956,,28.14,True,False,False,0
Veo,3f94adc6-3547-53f1-9918-c3265798912e,bicycle,39.968886,-82.964094,,27.44,True,False,False,0
Veo,0d85945a-3f5c-50fb-a3ee-b3798c366069,bicycle,39.982748,-83.004639,,17.37,True,False,False,0
Veo,f8166485-6498-52bf-a8ab-7149b21be815,bicycle,40.001869,-83.008867,,28.14,True,False,False,0
Veo,27a9c5e9-bd27-5907-9992-09a7bd6a3ef6,bicycle,39.95874,-83.07136,,20.37,False,False,True,0
Veo,465beca2-0107-5317-8da5-ea66cf780e68,bicycle,39.989687,-83.055414,,7.29,True,False,False,0
Veo,98f47bfb-a13a-5c81-89db-3770e69e68a1,bicycle,39.996879,-83.012083,,28.01,True,False,False,0
Veo,eb019d13-7bc4-5943-8696-92278d5b58eb,bicycle,40.105232,-83.108149,,15.45,True,False,False,0
Veo,4101d263-2aa2-5a63-a9dd-e3d50c743004,bicycle,40.029947,-82.962915,,28.01,True,False,False,0
Veo,88ea5a6d-5500-595c-a86e-ab38cf52ca4e,bicycle,40.101081,-83.108826,,27.44,True,False,False,0
Veo,e97b5c06-0807-53ac-8758-ba70ad2589fc,bicycle,39.94396,-83.038721,,13.1,True,False,False,0
Veo,dbde492c-c6c4-59e4-b522-7522f60437ec,bicycle,39.927274,-82.977671,,23.02,True,False,False,0
Veo,e87b9be3-5f13-50bf-9418-6a4de8ea01b4,bicycle,40.018557,-82.948672,,27.44,True,False,False,0
Veo,bd04d500-29d9-5ff1-b479-3db1f80a5a12,bicycle,39.66432,-82.517757,,3.13,True,False,False,0
Veo,d2e84dd7-ba9c-5835-9ce8-4efe8f205ffa,bicycle,39.995877,-82.976265,,28.14,True,False,False,0
Veo,17319d8d-0a2c-5aff-8d83-d1c9f47fd12c,bicycle,39.950113,-82.989527,,27.77,True,False,False,0
Veo,1e8bbe99-a77f-5e3f-bb3a-6330ecb4f2f2,bicycle,39.963748,-83.000738,,22.05,True,False,False,0
Veo,20944acc-a316-5a1d-b483-ba34649a1119,bicycle,39.990852,-83.003147,,13.39,True,False,False,0
Veo,1dfbd291-c117-5270-86cb-99b35b3edf53,bicycle,39.90205,-82.987825,,9.29,True,False,False,0
Veo,2dfe5a4d-8e85-5208-b769-11eafb4b4b52,bicycle,39.976255,-82.96676,,21.15,True,False,False,0
Veo,9ff627b6-2faf-5674-8d0f-310634ca014b,bicycle,40.012014,-82.968571,,25.94,True,False,False,0
Veo,6033793a-8615-5465-a417-c8893b0433ea,bicycle,39.954598,-83.012117,,15.18,True,False,False,0
Veo,9e54f925-2963-5e48-bd9d-d45bfa9aa461,bicycle,40.017204,-83.006441,,27.44,True,False,False,0
Veo,6b636d94-108e-5f6c-88f0-6810ceb5538f,bicycle,40.049745,-82.918834,,28.14,True,False,False,0
Veo,754d7b4e-8f63-5567-9fdc-9e6727284e97,bicycle,39.994658,-83.006193,,21.15,True,False,False,0
Veo,89392224-7078-5f74-b634-3d18dd82a168,bicycle,40.053225,-82.961673,,14.17,True,False,False,0
Veo,c844b806-df69-5f36-aad1-ca17292b3856,bicycle,39.999722,-82.976127,,15.18,True,False,False,0
Veo,e3a86bb7-831b-50ee-af49-37032d331d7e,bicycle,39.967762,-82.980127,,28.14,True,False,False,0
Veo,07a34ad5-c011-5e15-8175-a94fab299ebe,bicycle,39.98617,-82.94125,,9.97,True,False,False,0
Veo,59eb47d4-7c69-5ca9-ad31-3dc97a1f19db,bicycle,39.991189,-82.999436,,6.98,True,False,False,0
Veo,b78057b0-f1ac-5b8e-883e-ec269678a90b,bicycle,40.004618,-83.013375,,28.14,True,False,False,0
Veo,be6d6bfd-a6f7-5b37-a047-1f7958d38c9e,bicycle,39.982796,-83.004738,,24.33,True,False,False,0
Veo,1b1fa2ec-d825-5caa-b073-f54ba2a8228a,bicycle,40.025048,-82.982445,,22.7,True,False,False,0
Veo,d92fe93c-885a-50f0-89f4-549942811a63,bicycle,39.941903,-82.994931,,26.51,True,False,False,0
Veo,a13f7f8b-a3f1-52cf-8823-3b65c6236ff5,bicycle,39.956101,-82.94537,,28.14,True,False,False,0
Veo,9260734f-ec53-59fc-a620-abf5ef09ffdb,bicycle,39.951207,-83.010872,,24.06,True,False,False,0
Veo,0e1c2d34-2789-5694-bbb3-20fdfb7ffafe,bicycle,39.998356,-83.045256,,23.77,False,True,False,0
Veo,509bd233-98e5-5c7a-ac4d-3a9c1082eb38,bicycle,40.014871,-82.999402,,28.14,True,False,False,0
Veo,f4f87a48-c9ad-5a21-b05a-f90b4aee81a1,bicycle,39.96929,-82.999665,,9.65,True,False,False,0
Veo,9a3489ee-8e47-52d3-9f14-6ab2ae684570,bicycle,39.994937,-83.009455,,15.45,True,False,False,0
Veo,076b1b6f-a247-57b9-837a-89a1d2080633,bicycle,39.92817954163991,-82.96482517391719,,19.39,False,True,True,0
Veo,acbbfd55-3eab-52ad-830a-4e07bd4e5e13,bicycle,40.001166,-83.013003,,13.1,True,False,False,0
Veo,771b23c9-3849-5508-b21e-3e6bf4fd56de,bicycle,40.025777,-82.984151,,14.61,True,False,False,0
Veo,a2fd7a72-dd94-5983-a323-b77e457a9e5c,bicycle,40.004662,-83.023927,,10.51,True,False,False,0
Veo,3a039134-d03b-5bcb-b620-7b66d2f091b8,bicycle,39.946321,-82.99161,,23.33,True,False,False,0
Veo,da59ed62-6538-5900-bf7c-77c3da405154,bicycle,39.965105,-82.9904,,25.65,True,False,False,0
Veo,348dc3be-e5da-5978-b2f4-6cd60ecc5363,bicycle,40.049361,-83.028764,,3.67,True,False,False,0
Veo,14a04759-f907-56ba-b1d5-221366a77556,bicycle,40.004851,-82.974844,,12.07,True,False,False,0
Veo,153eab64-4223-5db0-bd6e-1262e414a3ea,bicycle,39.967851,-83.012276,,11.59,True,False,False,0
Veo,ed3108d6-12e6-5265-bbec-278504cd8ca8,bicycle,39.944353,-82.886636,,4.14,True,False,False,0
Veo,16e56187-b8cb-5732-a7c5-f95d5cfdbaae,bicycle,40.007111,-82.972212,,23.02,True,False,False,0
Veo,cd1d9306-9d04-5199-9104-abace8886b36,bicycle,39.998236,-83.016732,,19.39,True,False,False,0
Veo,2e6b4099-3b35-53f3-8f6c-fc2ef2451a4e,bicycle,39.936362,-83.002247,,3.81,True,False,False,0
Veo,0a098986-19aa-56c5-a3f6-6c3a84d04ff6,bicycle,39.933865,-82.984941,,26.51,True,False,False,0
Veo,df4886c0-0d46-5064-9afb-898030342a7a,bicycle,39.961062,-82.990792,,7.62,True,False,False,0
Veo,34462b0d-8c01-5ed1-a295-704314589f9a,bicycle,40.053493,-83.04933,,27.18,True,False,False,0
Veo,c52b30df-953a-5a30-b43c-5d099f35a70f,scooter,39.95593270510013,-82.94530038227904,,0.0,True,False,False,0
Veo,90560ed9-3833-59d5-ace4-89d4b82dbdaf,bicycle,39.989176,-82.977542,,22.7,False,False,True,0
Veo,44747298-e75e-5b31-ae99-83eab8bdf827,bicycle,39.991249,-83.033765,,15.89,True,False,False,0
Veo,ad6fc582-c095-57d3-bcd3-af074c64f29e,bicycle,39.973761,-82.98064,,8.09,True,False,False,0
Veo,29b19160-69d1-5228-a6a1-f5c7a72c6e4e,bicycle,39.993587,-82.981188,,28.14,True,False,False,0
Veo,24cacfd9-9ce0-5d52-a87f-3b2e91367ad4,bicycle,39.950112,-83.000247,,28.14,True,False,False,0
Veo,0ee63b5e-5564-5f53-bbdf-e05a4c392e7c,bicycle,40.00803,-82.981119,,24.33,True,False,False,0
Veo,7e1956b3-05e3-5e45-9e92-7e8101999e34,bicycle,39.930993,-82.984617,,28.14,True,False,False,0
Veo,9e70324f-d3f1-571f-bf05-05cf6f869ef6,bicycle,39.95332,-83.059037,,23.33,True,False,False,0
Veo,76301c27-c0ff-5494-9c26-01a460430e97,bicycle,39.984684,-83.024078,,26.25,True,False,False,0
Veo,31355acf-3de5-597c-a80a-5eb48fc35550,bicycle,39.944269,-82.99616,,14.43,True,False,False,0
Veo,fb268e97-e0f9-58b8-926a-658960d39c95,bicycle,39.962536,-82.998231,,26.78,True,False,False,0
Veo,0cd82360-458d-57ab-94e7-afb816dc4754,bicycle,39.982814,-83.004556,,15.45,True,False,False,0
Veo,e62158a5-5e50-5db3-8b9a-30ab26d94bd4,bicycle,40.002313,-82.941803,,24.84,True,False,False,0
Veo,4f90bbb8-7f0a-5904-9019-9e937328ebc4,bicycle,39.985265,-83.005438,,25.94,True,False,False,0
Veo,f0c0b132-3a6a-5e0f-8dc1-31bd23b3ca3a,bicycle,39.957195,-82.943892,,28.14,True,False,False,0
Veo,bfa65875-64a9-583b-96c0-a98d218c7894,bicycle,39.949615,-82.957211,,17.89,True,False,False,0
Veo,8d8a26df-e3ba-59ce-9e73-aa1310902312,bicycle,39.941135,-82.983025,,4.78,True,False,False,0
Veo,e4349e64-0ff1-58f1-bb4c-bf5a2457ae22,bicycle,39.970279,-83.108285,,21.15,True,False,False,0
Veo,4fe8703a-6f74-52a8-bc27-6b73bfe5a0dc,bicycle,39.930438,-82.977936,,9.97,True,False,False,0
Veo,d32e7f41-37db-56c2-8f26-8744e57de2f8,bicycle,39.96923,-83.009981,,6.98,True,False,False,0
Veo,dee3b53c-c4c5-55bb-98ba-129b18bfa33c,bicycle,39.95472,-82.907217,,22.7,True,False,False,0
Veo,cf315a56-4108-53be-8757-367c6ecb40fe,scooter,39.958101,-83.01224,,28.14,True,False,False,0
Veo,cb3536e5-9e86-5aea-bcc6-dd176719d217,bicycle,39.971698,-82.975726,,24.33,True,False,False,0
Veo,297be3bd-860d-50b7-b282-53a2a4183698,bicycle,40.02123,-82.963015,,10.31,False,True,True,0
Veo,3cafc109-87cd-50de-89e7-fe9173477100,bicycle,40.003125,-83.00168,,9.97,True,False,False,0
Veo,65bdd2a5-77be-5300-ade1-97643e892ba1,bicycle,40.004437,-82.935901,,11.83,True,False,False,0
Veo,f04a661f-68a6-515c-8a89-d84a6fb1319a,bicycle,39.995998,-82.987946,,28.14,True,False,False,0
Veo,b0c5c5d3-a2ec-52f3-b974-50e5dd722cf0,bicycle,39.95598352790699,-82.94526602930962,,0.0,True,False,False,0
Veo,1bee1258-2509-5f2d-9f7f-82e71296243d,bicycle,39.995478,-83.040575,,16.39,True,False,False,0
Veo,d156c327-315d-54f6-84d0-b2262d8c4df4,bicycle,39.935276,-82.978459,,24.33,True,False,False,0
Veo,3c88b86b-ec7f-53cd-be8a-fbac33ca3fce,bicycle,39.994802,-83.006288,,14.17,True,False,False,0
Veo,4377ba1e-9c7a-59d2-ab22-fbb33792ef58,bicycle,39.985168,-83.014739,,24.06,True,False,False,0
Veo,25a5d86b-e83f-51a9-b634-80e0a8319921,scooter,39.99452,-83.020863,,20.78,True,False,False,0
Veo,1d99ebd1-e794-5a7a-b304-b4cd227c4c2f,scooter,40.103903,-83.108951,,26.25,True,False,False,0
Veo,bcd4b34c-e8bd-5839-9acb-063ab799242d,bicycle,39.898153,-82.998694,,23.77,True,False,False,0
Veo,6753a6a7-5b64-5cea-8d55-a7edd4189c8f,bicycle,39.986554,-83.030753,,25.74,True,False,False,0
Veo,b3b0c5d5-f368-50bc-904a-8bdceede3c3a,bicycle,39.96956,-82.974712,,13.39,True,False,False,0
Veo,320e9752-3b3e-51f8-9b44-2d5e9eab72fb,bicycle,39.977925,-82.993575,,23.33,True,False,False,0
Veo,95d0ab59-c5d9-562a-a751-706511b2211a,bicycle,40.064998,-83.066275,,12.28,True,False,False,0
Veo,bfaf54a2-8da0-5c3b-a360-276bfb66943d,bicycle,39.968979,-83.004071,,22.7,True,False,False,0
Veo,42965585-c132-546f-85c5-620ac29365b1,bicycle,39.955678,-83.012454,,9.02,True,False,False,0
Veo,1afd2d88-8027-5182-a905-86e6cb7d8481,bicycle,39.956502,-82.908366,,25.94,False,False,True,0
Veo,4e587857-97d9-582e-b027-a5d5ce0c1f18,bicycle,40.015648,-82.971168,,9.29,True,False,False,0
Veo,dd792bb1-cc94-5d20-a79f-f152042d6815,bicycle,40.030825,-82.973483,,13.1,True,False,False,0
Veo,1222d0c7-b7ce-5cd7-8be1-dc67b4242172,bicycle,40.100476,-83.108146,,12.63,True,False,False,0
Veo,1b2d9e7a-a855-5420-be58-a6a63eb15483,bicycle,39.988196,-83.046273,,5.83,True,False,False,0
Veo,c31f39e0-d63c-513a-8df1-3786be5e4972,bicycle,39.954227,-82.900299,,14.43,True,False,False,0
Veo,32308eb3-a619-54ed-ae6b-d5dcc3d59b5b,bicycle,39.996502,-82.99738,,16.84,True,False,False,0
Veo,eead5519-1513-5a8f-acca-2afd644c83db,bicycle,39.996497,-83.02662,,27.02,True,False,False,0
Veo,f8214442-d3ba-50ab-ac63-a04b4d7fcd2d,bicycle,39.992157,-83.019382,,1.15,True,False,False,0
Veo,e84a3be2-e0ba-5455-883f-31b60a37597f,bicycle,39.983391,-82.989547,,26.51,True,False,False,0
Veo,be0550a2-071e-5708-ae45-fbfc954a5a24,bicycle,39.988187,-83.046282,,20.78,True,False,False,0
Veo,7134ce02-4257-58e5-b827-76f4dc9b9833,bicycle,39.958285,-82.957661,,21.49,True,False,False,0
Veo,181627e7-023b-5239-9f57-dd6164919a05,bicycle,39.939217,-82.948724,,27.44,True,False,False,0
Veo,a7a59691-e2ed-519a-884c-d5c28b3888ca,bicycle,39.950397,-82.985963,,14.61,True,False,False,0
Veo,60cf277f-5464-53c9-8d11-746646fe70c7,bicycle,40.038417,-82.99557,,9.97,True,False,False,0
Veo,6733716d-f168-54ec-b079-36aa91c78b7b,bicycle,39.939757,-82.972374,,15.45,True,False,False,0
Veo,648b64ac-4b4b-599e-b648-8cf2e05c9768,bicycle,39.952527,-82.98141,,28.14,True,False,False,0
Veo,52260a45-bbf6-564f-a513-57ab8293ffdc,bicycle,39.978957,-83.102586,,10.79,True,False,False,0
Veo,f92fa16d-12b1-5a92-a516-436ba5bab743,bicycle,39.933098,-82.995931,,28.14,True,False,False,0
Veo,c650e43c-511f-5710-8a2d-7acccab2d945,bicycle,39.958809,-82.9612,,14.43,True,False,False,0
Veo,c7f260a8-2a2e-5a35-9ecf-505fec90ed61,bicycle,39.99557239543317,-83.00436817380032,,28.01,True,False,False,0
Veo,f3cf656e-be22-5d4b-befb-40e82d74f9f5,bicycle,39.950392,-82.994327,,28.01,True,False,False,0
Veo,8bfb9548-dea4-5052-aada-5796fc88bda3,scooter,39.961137,-82.973939,,25.94,True,False,False,0
Veo,b8796885-4614-5a41-b534-23a63ce3054c,bicycle,39.962128,-82.982066,,19.05,True,False,False,0
Veo,d2c82389-f2e0-5c1d-bcda-2a5baca7d502,bicycle,40.009394,-83.002471,,23.02,True,False,False,0
Veo,7e2896df-c502-5a08-ab5f-54a1f8a2ac88,bicycle,40.013772,-82.987491,,28.14,True,False,False,0
Veo,9ce5b776-9f09-56d1-8157-8a95eb2a46fe,bicycle,39.951581,-83.036302,,1.15,True,False,False,0
Veo,a1f1ca19-e6a5-5e11-a78f-a26d02891b55,bicycle,39.956295,-83.014452,,24.06,True,False,False,0
Veo,2b799982-8d10-531e-8b40-63d2597dc828,bicycle,39.995475,-83.01266,,28.14,True,False,False,0
Veo,8d9fa2ac-8257-5e33-8ea9-9095a5ea23bb,bicycle,39.946683,-83.000224,,23.02,True,False,False,0
Veo,a568f434-5ea0-5ba1-8288-6b8a75fd38a1,bicycle,40.022054,-82.964837,,9.29,True,False,False,0
Veo,444746d4-d06c-5149-8b90-7b6335f989ee,bicycle,39.982627,-82.99693,,25.12,True,False,False,0
Veo,21c2d69d-47f3-5822-98fc-beadc27396f0,bicycle,39.963005,-83.004295,,28.14,True,False,False,0
Veo,57d7c660-4021-54e9-8d3c-e56534612cf0,bicycle,39.971288,-83.002235,,4.67,True,False,False,0
Veo,0d43771c-3c6e-5ace-b73a-0f15057b3e09,bicycle,40.101641,-83.115616,,23.02,True,False,False,0
Veo,e5788975-fec0-5a6a-aa8a-6799749da80e,bicycle,39.953055,-82.974869,,25.12,True,False,False,0
Veo,0ac0d7e5-e3cc-552f-904f-f3086f32b8f2,bicycle,40.028423,-82.924156,,25.65,True,False,False,0
Veo,022f2db6-6896-565e-bf7a-a6fb2ca07b84,scooter,40.007504,-83.017896,,28.14,True,False,False,0
Veo,3d384328-7e0a-5daf-8d0f-6485ca4d6334,bicycle,39.953598,-83.111962,,11.34,True,False,False,0
Veo,92b03608-33b2-5039-88c9-169fd94357e8,bicycle,39.997319,-83.015051,,8.43,False,False,True,0
Veo,386066b1-726d-5218-8f81-49da918a1edd,bicycle,39.958142,-83.015881,,24.06,True,False,False,0
Veo,9b8cc404-1e43-5b3f-b68f-e5fc9d4160d2,scooter,39.963664,-83.000709,,27.44,True,False,False,0
Veo,cc026acc-4f7d-589e-a7e9-e1b3e708c079,bicycle,39.925122,-82.992774,,28.14,True,False,False,0
Veo,e990e665-41fa-540a-9d7b-e7227c0c1fef,scooter,39.966247,-83.002334,,19.39,True,False,False,0
Veo,e5c43f01-a493-53c6-ac3e-b489a53d2704,bicycle,39.953841,-83.066599,,24.84,True,False,False,0
Veo,2e71fb6b-d878-587a-a9e0-f3715928ace1,bicycle,39.944881,-82.982112,,28.14,True,False,False,0
Veo,681ce921-c861-52f3-a9ca-e5d88ad855fc,scooter,40.005083,-83.012008,,26.51,True,False,False,0
Veo,48550635-08bd-5b39-907f-32fab3aa0ad4,bicycle,39.926435,-82.989605,,20.37,True,False,False,0
Veo,31ebea54-18f1-5313-ad31-80191fb3eb96,scooter,39.970502,-83.002143,,28.14,True,False,False,0
Veo,7cfb81c5-e82a-5458-88f0-2df51b50ded9,bicycle,39.92745,-82.9516,,20.78,True,False,False,0
Veo,3e615727-a801-5a8c-b7d4-180912529da0,scooter,39.959088,-82.997572,,28.14,True,False,False,0
Veo,c5db4b8a-40cf-5cf6-9e6a-e1af0f678277,scooter,39.967343,-83.015609,,13.1,True,False,False,0
Veo,d26e2b43-3ef7-529e-882d-ff099e390682,bicycle,39.952107,-82.940132,,27.18,True,False,False,0
Veo,1ecf06e1-41a6-5216-88f1-169f550e5b65,scooter,39.967958,-83.008614,,19.39,True,False,False,0
Veo,8bd58496-e1de-5a8f-93e1-85ddd99b4818,bicycle,39.968273,-83.003507,,18.67,True,False,False,0
Veo,8e69ce1c-4c31-5c01-8307-e142c8bb3c15,scooter,39.962978,-83.004207,,24.84,True,False,False,0
Veo,4ff2224a-c190-588d-ae6f-61c8a7484ff4,bicycle,40.002163,-83.015498,,26.78,True,False,False,0
Veo,6e83de97-9c46-54ba-94e0-1d9b1ed2d27b,bicycle,40.060279,-83.039715,,25.65,True,False,False,0
Veo,6ed44a60-d247-57af-b04c-3c8b37354935,scooter,39.995733,-83.013412,,14.61,True,False,False,0
Veo,59e43e69-32c7-5b9c-ae19-38736e120ed0,scooter,39.988137262897084,-82.99607458462063,,21.49,False,True,True,0
Veo,e63deacd-ce15-5a4c-838c-cee79f336302,bicycle,39.951588,-83.021199,,22.7,True,False,False,0
Veo,b52dc63a-cc2c-59a4-875a-e387c5519a26,bicycle,40.016062,-82.954496,,23.02,True,False,False,0
Veo,e5aa3a09-a100-5c8e-9f7d-74acb8cab3d9,bicycle,40.000724,-82.97276,,22.7,True,False,False,0
Veo,6dea7eac-8104-5c7f-a5a6-7842f7598232,scooter,40.003129,-82.998433,,27.77,True,False,False,0
Veo,f7d4ccc0-2d54-5a79-b171-ddb6d9a4dc2a,bicycle,39.964552,-82.959836,,25.34,True,False,False,0
Veo,b74aad48-5793-59bc-97e2-0c9764573b24,scooter,39.967945,-83.012306,,22.7,True,False,False,0
Veo,207fcf28-3ff3-5a41-9639-d98909b8691d,bicycle,39.952636,-82.981266,,26.51,True,False,False,0
Veo,5c0d2694-2495-5e1d-8af0-c945325c55e1,bicycle,39.93919,-82.948721,,26.51,True,False,False,0
Veo,8f73c42c-8d0a-5c10-8e6e-b9fddec57493,bicycle,40.005605,-83.010464,,20.78,True,False,False,0
Veo,6281610b-d769-5d1b-8498-dc4131517d68,bicycle,39.932266,-82.790652,,24.06,True,False,False,0
Veo,72bde301-9e1d-5c47-9c72-450bb949ecba,bicycle,40.101619,-83.115551,,25.12,True,False,False,0
Veo,10044f7c-304d-58e5-878b-96318d37fd7b,scooter,40.103913,-83.109317,,25.34,True,False,False,0
Veo,3d84ae55-efdd-5e29-9292-aae0ff2d44a9,bicycle,40.028173,-82.987306,,15.18,True,False,False,0
Veo,7c10545f-e83f-58a3-8a6c-0cbb457708a9,bicycle,39.971763,-82.980831,,25.34,True,False,False,0
Veo,ea3afbb2-7d01-59a1-a7f5-5ed57e263781,bicycle,39.97433,-83.009251,,26.51,True,False,False,0
Veo,096ea741-5c71-5cbc-b85a-fecbfbd8e4ee,bicycle,40.101601,-83.115614,,13.1,True,False,False,0
Veo,15bc01cc-91f7-59df-b27c-229a3041edc6,bicycle,40.0824,-82.924281,,20.05,True,False,False,0
Veo,84185275-26fa-59e2-aa83-961d6773c9b4,scooter,39.963946,-82.997306,,20.05,True,False,False,0
Veo,935c75ba-3206-5db3-9046-aac5ab06f1a6,bicycle,39.961436,-82.988466,,28.14,True,False,False,0
Veo,9adacf3a-5f4a-57b8-a48b-3edfb429c8b6,bicycle,39.931428,-82.994783,,4.67,True,False,False,0
Veo,c8be8ec3-4e0a-5542-aa72-616014853a95,bicycle,39.930721,-82.880587,,27.77,True,False,False,0
Veo,2528fe98-8754-5e8e-88df-d034baa38e20,scooter,39.912728,-82.990981,,2.12,True,False,False,0
Veo,925476e0-fec1-5806-b519-cc1c6ed48c2e,bicycle,39.958681,-83.001006,,16.84,True,False,False,0
Veo,20adccfc-4d75-54c4-aa09-ea2424b2ede3,bicycle,39.966321,-83.011135,,15.45,True,False,False,0
Veo,6ae53f48-a6e7-5115-9f52-cf0ec7ffbe70,bicycle,39.946579,-83.000157,,28.01,True,False,False,0
Veo,9f3e25e3-2c2f-5820-a878-01278dd43f60,bicycle,39.945314,-83.106808,,5.44,True,False,False,0
Veo,8ebcb313-d8a4-56cf-bd27-719cc006c014,bicycle,39.97235,-82.976825,,7.29,True,False,False,0
Veo,5f521c72-0318-563a-9594-436425184583,bicycle,39.966066,-82.990869,,10.31,True,False,False,0
Veo,d018fd88-c799-5bea-8fc2-262d14169e0e,bicycle,40.004693,-82.954172,,6.67,True,False,False,0
Veo,56e871fd-23d0-5e63-b1af-cbb6c7e23fe9,bicycle,39.970781,-83.009619,,27.44,True,False,False,0
Veo,0d8f7cf0-09ae-5aea-b7b6-246883e64a7c,scooter,39.965863,-83.001414,,15.45,True,False,False,0
Veo,1a98f324-add6-5fe1-82ff-c3a8e41fe147,scooter,39.986872,-83.01307,,28.14,True,False,False,0
Veo,72285f3c-669d-5887-8158-cfe3e2da9fbf,bicycle,37.80359,-80.427166,,11.59,True,False,False,0
Veo,45fa03e2-8006-5f30-8ede-74e7d4f6660a,bicycle,39.945934,-82.871023,,28.14,False,True,False,0
Veo,7b40c0b0-82e8-5ea8-ade4-7896892f5d21,bicycle,39.957202,-83.095348,,12.63,True,False,False,0
Veo,8c784b55-0c2b-5bc6-804b-c675f9e3e640,bicycle,39.947712,-83.041246,,9.02,True,False,False,0
Veo,d9434ac1-6eff-5a72-9374-fba9024fcb90,bicycle,39.949549,-82.995521,,10.51,True,False,False,0
Veo,13dc6505-f2c2-520d-be63-25dfd90e2f78,bicycle,39.979487,-82.945962,,2.79,True,False,False,0
Veo,58c1fab2-7c8d-5f9b-bf46-4be35c138296,scooter,40.053481,-83.05001,,24.06,True,False,False,0
Veo,3c21d197-b183-5a7b-b2f1-67fc19d0db4b,bicycle,39.95941,-82.985546,,28.14,True,False,False,0
Veo,f4663157-253c-567d-a59a-9506a6747c19,bicycle,39.943229,-82.961252,,28.14,True,False,False,0
Veo,af067e72-12c2-5065-887f-74b955b3e827,bicycle,39.995468,-83.039066,,24.84,True,False,False,0
Veo,1b7ce06f-3757-5c2d-89dd-98d4ba176d8b,bicycle,39.961503,-82.99709,,28.14,True,False,False,0
Veo,dd881ded-3fd1-5944-9712-eb6c3d27f1a8,scooter,40.003861,-83.011111,,25.94,True,False,False,0
Veo,31d26d4d-421d-5b81-9dd1-a27151552fbb,bicycle,40.00249,-83.009271,,25.12,True,False,False,0
Veo,c99d183a-fce2-5216-8dad-a329c90abf2b,bicycle,39.989095,-82.989962,,6.07,True,False,False,0
Veo,75f15e96-0006-510e-89df-00713478590c,bicycle,39.98614,-82.897761,,1.15,True,False,False,0
Veo,a984696e-6235-5704-a685-10d2cb6410b9,scooter,39.971883,-82.975495,,12.52,True,False,False,0
Veo,7e4e5cd5-431c-530b-b0ef-4d202ce24043,bicycle,39.936867,-82.950484,,21.77,True,False,False,0
Veo,a738330b-67a4-5736-a559-1587c5a47da5,bicycle,40.005699,-83.013796,,6.98,True,False,False,0
Veo,c810320a-5f33-584d-82ed-5818495b93e6,bicycle,39.955202,-83.07423,,14.61,True,False,False,0
Veo,ebd82863-941f-585d-8eed-a8ec15a5ea28,scooter,39.944271,-82.983793,,14.17,True,False,False,0
Veo,2ba1ddd3-343c-5619-a9b6-7555cc28496b,bicycle,39.956567,-82.987622,,28.01,True,False,False,0
Veo,19019db1-77a0-596d-b4fa-7e1d6bc7aa3a,bicycle,39.955746,-82.944289,,13.39,True,False,False,0
Veo,d5e74638-3cd1-5a73-af6d-560166541e41,bicycle,39.96507,-82.990407,,16.39,True,False,False,0
Veo,934668bf-ccf4-5e82-934e-6ed0cec48797,scooter,39.956169,-83.011507,,27.02,True,False,False,0
Veo,097d3b28-935b-56dd-a183-64fb3a88657c,bicycle,40.102083,-83.110564,,17.37,True,False,False,0
Veo,c3c951ae-87b3-5c5e-8326-98fe87ff4aaf,bicycle,40.019465,-83.013018,,15.45,True,False,False,0
Veo,7ff1e386-dba4-5364-b6c4-f65aeaa8da70,bicycle,39.950236,-83.007939,,28.14,True,False,False,0
Veo,cb1970c1-6e58-59f8-8876-b505d6911123,bicycle,39.951673,-82.941904,,10.51,True,False,False,0
Veo,45a745a8-4e08-5c2f-8eaa-1a4295650ff0,bicycle,40.103921,-83.108988,,28.14,True,False,False,0
Veo,e260ccec-d5b5-5764-937d-4f62e1d7cd36,bicycle,40.008007,-82.981084,,28.14,True,False,False,0
Veo,23505028-7c60-57d9-9237-582f31f2dfe5,scooter,40.101114,-83.108871,,19.05,True,False,False,0
Veo,31fb6980-811c-578b-ad39-3ea67c5a5c3d,bicycle,39.92499,-82.936561,,25.74,True,False,False,0
Veo,53059847-ae6c-5de7-9f62-32d1e8fad34c,bicycle,39.958097,-82.995241,,23.02,False,False,True,0
Veo,9f3925ea-0ac9-583a-bcaa-5f3594ee360c,bicycle,39.950472,-82.993575,,28.14,True,False,False,0
Veo,da3d0930-7b56-5905-afcf-2a8261c41123,bicycle,39.958714,-83.028892,,24.33,True,False,False,0
Veo,672dfac2-7c2b-5239-891f-28f067bcaa54,bicycle,39.965425,-82.965968,,22.39,True,False,False,0
Veo,8c46c0f2-a1a0-5f0a-841d-d7089620fa64,bicycle,39.980529,-83.016269,,11.34,True,False,False,0
Veo,fd4a359c-04e4-54cb-98ea-a054edfc6792,bicycle,39.914837,-83.02608,,13.86,True,False,False,0
Veo,2fd9e399-e19a-549d-918e-fac92c405048,bicycle,39.913276,-82.981891,,26.78,True,False,False,0
Veo,42391826-3e16-565b-a480-d33d0386e7f9,bicycle,40.003954,-83.005025,,7.62,True,False,False,0
Veo,5c96f9b1-a8c5-5a15-b941-75fe6c57fe0c,bicycle,39.965287,-83.022141,,27.77,True,False,False,0
Veo,886c2d7e-82d7-514a-a00c-72b4ff95dd4a,bicycle,39.993995,-83.005777,,13.39,True,False,False,0
Veo,58eb4294-12ad-585e-84c1-fda0a11b425d,scooter,40.002692,-83.013761,,13.86,True,False,False,0
Veo,378a7475-614c-5fd9-8cc0-3cecfcaac87a,scooter,39.936461,-82.9888,,28.14,True,False,False,0
Veo,2b3b5941-83e6-5943-89b5-c33a6b79e8df,scooter,40.005649,-83.013939,,8.78,True,False,False,0
Veo,8230c311-deec-50ee-be2d-20e4583eea2d,scooter,39.993140000000004,-82.98224333333334,,28.14,False,False,True,0
Veo,fa48f6e6-f2ec-5794-8c06-ebf680d8800c,scooter,39.963096,-83.0043,,25.12,True,False,False,0
Veo,02048a0b-d925-5e86-98ea-20499ad6d5bc,scooter,39.960016,-82.986121,,18.19,True,False,False,0
Veo,885e7d8c-7e5c-59f2-98fe-c8f865f3a1d6,scooter,39.994917,-83.014001,,24.06,True,False,False,0
Veo,7e7706bf-9296-566c-9083-b6873adc1ec7,scooter,39.978591,-82.946433,,28.14,True,False,False,0
Veo,082d4755-9b52-59ff-abc0-cb37751e4e8f,scooter,39.911505,-82.994773,,6.98,True,False,False,0
Veo,2bcc223c-7e99-54d0-bcb8-641481a7c4bd,scooter,40.008358,-82.978866,,15.89,True,False,False,0
Veo,6406ccbf-7472-54c6-ac2b-fee94c4cec63,scooter,39.954906,-83.073198,,25.12,True,False,False,0
Veo,f2d7c84f-caea-5ba7-acf8-64eb6d13a04c,scooter,40.001896,-83.007425,,26.78,True,False,False,0
Veo,1006a020-3752-507c-87ff-a13f994991a7,scooter,39.970432,-83.002221,,28.14,True,False,False,0
Veo,b93d7a9a-b6c2-50e7-8ae4-fb742c0047c6,scooter,39.965908,-83.001454,,14.61,True,False,False,0
Veo,7b9f7270-f032-5d46-a29e-5ca76cf7cd79,scooter,39.998704,-83.005676,,28.14,True,False,False,0
Veo,4bcb6c9c-2860-5c53-baf6-927a47982729,scooter,39.952523,-82.986681,,13.86,True,False,False,0
Veo,dbaadfa0-32d0-52c1-8a6e-ae5c05b35ed0,scooter,39.96315,-82.980692,,13.39,True,False,False,0
Veo,996ad4c1-fefa-5bd1-b33f-bf9eb0cb547f,scooter,39.985216,-83.005435,,6.98,True,False,False,0
Veo,3d9b1141-4ec3-5e4c-88e4-8d7e9a58bef4,scooter,40.002271,-83.015593,,14.86,True,False,False,0
Veo,4a1dc490-92b5-560d-89d0-0316dc33d282,scooter,39.969167,-83.00371,,28.14,True,False,False,0
Veo,9e3187de-ff78-50b7-af59-e1201f465852,scooter,39.956438,-83.00123,,14.61,True,False,False,0
Veo,6b228fde-9194-524c-83f6-fa5d63a493dc,scooter,39.967918,-83.008624,,20.05,True,False,False,0
Veo,769dc91b-ce1b-53fb-ac54-0b47ca922d2d,scooter,39.980163,-83.007739,,17.37,True,False,False,0
Veo,0aa66bd4-22a8-580f-9769-575628c9ef91,scooter,39.936764,-82.995294,,25.94,True,False,False,0
Veo,4168fc64-d40a-5356-abc3-3382a8015520,scooter,39.986235,-83.006086,,17.37,True,False,False,0
Veo,7cbfe628-9463-5573-9f18-39367b64392f,scooter,39.982901,-83.006003,,24.84,True,False,False,0
Veo,064ae253-435a-5954-8742-dab2078bf03c,scooter,39.957423,-83.01265,,24.06,True,False,False,0
Veo,6793af6a-a131-515d-820c-396570c8562f,scooter,40.022291,-82.964811,,28.14,True,False,False,0
Veo,96bcd24e-62f6-527c-ad36-63f0dbcf6e5a,scooter,39.956783,-82.999256,,10.79,True,False,False,0
Veo,13623392-6f5b-5925-8b4d-51d1eb436962,scooter,40.007012,-83.026402,,27.02,True,False,False,0
Veo,b2e17f4c-3560-5b98-bda3-5e781a087e4e,scooter,39.978785,-83.004331,,28.14,True,False,False,0
Veo,1d78a870-5f92-57e0-9a70-b4bdb40edacb,scooter,39.993014,-83.00873,,25.65,True,False,False,0
Veo,e33b14ae-1f45-570e-9992-cb1f5d8aac98,scooter,39.956838,-83.001535,,28.14,True,False,False,0
Veo,95f75043-b1c7-573d-9710-4fa0fd12cc3b,scooter,40.000348,-82.998834,,23.33,True,False,False,0
Veo,5050e212-06d9-510d-8a90-6c22010f2ef4,scooter,39.965145,-82.999629,,14.17,True,False,False,0
Veo,93dd1d28-3488-570d-9246-5d390b2fceea,scooter,40.006889,-83.023768,,25.74,True,False,False,0
Veo,e4f2ae07-6a23-57c9-924b-f0de5279e5ee,scooter,40.101082,-83.108874,,21.77,True,False,False,0
Veo,75420362-daae-5f5a-9116-cbc04e0e483d,scooter,39.970545,-83.002244,,17.37,True,False,False,0
Veo,3ee62c14-1fd8-526a-a4ef-7bd66312c8d5,scooter,40.101153,-83.1089,,11.59,True,False,False,0
Veo,4e139771-f494-551f-97d0-4dc9b4d17606,scooter,39.99626,-83.017122,,9.65,True,False,False,0
Veo,1a9f05a7-e72e-59f5-9769-f32084290c93,scooter,39.994776,-83.006832,,12.07,True,False,False,0
Veo,ae68a023-f588-5bc9-97ec-db624fdde7f1,scooter,39.97033,-83.002195,,18.67,True,False,False,0
Veo,64f61e74-af53-509e-96ea-47ca8f45459e,scooter,39.956718,-82.989701,,28.14,True,False,False,0
Veo,a33c4447-886f-507e-b9e2-148ef9811d24,scooter,39.967917,-83.012326,,10.31,True,False,False,0
Veo,80c54908-decb-562c-8201-cb66954c916f,scooter,39.94629,-82.960965,,19.05,True,False,False,0
Veo,a6e76669-7a05-5ddf-a892-68b0d9fb24b3,scooter,40.006073,-83.019867,,28.14,True,False,False,0
Veo,51e39580-6bf2-5741-b2e9-bbabfc17a7f7,scooter,39.963616,-83.000651,,22.7,True,False,False,0
Veo,e0dd64f6-bfbd-54a6-a66d-9617bd29508a,scooter,39.941886,-82.99492,,27.77,True,False,False,0
Veo,a9219fbb-2e19-59e2-8e66-65c675de1307,scooter,39.979567,-83.002739,,25.12,True,False,False,0
Veo,c192507a-b82c-550d-83e0-bb9ca9d31b74,scooter,39.956089,-82.921419,,27.02,True,False,False,0
Veo,7dc3a0da-e5f5-50e7-8f98-ee9e3a414216,scooter,39.953116,-82.982134,,11.83,True,False,False,0
Veo,3f444b83-2282-5ccc-bf5d-4bcf778ab95e,scooter,39.974303,-83.019608,,8.43,True,False,False,0
Veo,4a7a7223-d9ea-5838-a896-69882ec6731b,scooter,40.00158,-82.966674,,22.7,True,False,False,0
Veo,ceae0a60-c364-587c-aeaf-f94b5d69c958,scooter,39.963268,-82.996624,,25.34,True,False,False,0
Veo,67b27173-8da7-56b5-9834-ba06b1339adb,scooter,39.950753,-82.978457,,22.7,True,False,False,0
Veo,6cd1a035-6adb-5290-8b89-5aea6152815b,scooter,39.971354,-83.00468,,25.34,True,False,False,0
Veo,954dc961-6d72-5bcc-976f-e9fb66834d2d,scooter,39.986203,-82.99947,,25.12,True,False,False,0
Veo,1efcb58d-e8f9-5ffe-8a7b-faf2e46909f3,scooter,39.975459,-83.003313,,25.34,True,False,False,0
Veo,0ff42a77-e76d-56da-b0cf-aa409a341993,scooter,40.000414,-83.017774,,8.78,False,True,False,0
Veo,2403d857-68e7-51cf-ba61-ed97883ea506,scooter,40.035522,-83.034134,,19.78,True,False,False,0
Veo,4b0bc5b0-a2e7-5e80-a7f0-db28e7a7a25a,scooter,40.012665,-83.013011,,25.12,True,False,False,0
Veo,e5e12ac5-25f5-5849-9295-d997b3e1fafa,scooter,39.961541,-82.990399,,28.14,True,False,False,0
Veo,5909257a-80af-5521-ac68-3ed806f371e7,scooter,39.970681,-83.004171,,28.14,True,False,False,0
Veo,0a1d80f1-0722-535d-bebf-426a7339015a,scooter,39.95057,-82.990376,,13.64,True,False,False,0
Veo,2ae9a219-5f90-5542-84d9-44d87ac25a8e,scooter,39.979936,-82.995624,,28.14,True,False,False,0
Veo,1b75ca3c-0921-5372-9df9-66fc781f5a96,scooter,39.971295,-83.002617,,24.33,True,False,False,0
Veo,b19e4f71-d648-5751-a8f2-6e4d84957473,scooter,40.001971,-83.001097,,27.44,True,False,False,0
Veo,19849085-a114-585b-9124-726ceb40a368,scooter,39.995919,-83.015832,,20.05,True,False,False,0
Veo,86116d60-c0a7-5c29-82b5-47c2b3798cf5,scooter,39.954954,-82.996608,,28.14,True,False,False,0
Veo,c85565ae-8399-5c94-aaad-50bde7c81949,scooter,39.965962,-82.992783,,21.77,True,False,False,0
Veo,f7eb33e3-0747-53cf-9204-1f487db49299,scooter,40.097084,-83.119735,,4.14,True,False,False,0
Veo,3440a9ed-07b7-537d-a37f-f8e4eac024ad,scooter,39.955745,-82.974471,,12.87,True,False,False,0
Veo,b8295b99-446d-5f8e-bc29-3b4bbc0e6c78,scooter,39.966611,-82.999628,,22.7,True,False,False,0
Veo,95da1379-c3df-5c98-a26f-867368897ef6,scooter,39.965924,-82.994453,,14.43,True,False,False,0
Veo,1bbf6bad-b33b-5bf4-a308-0b232aa3781f,scooter,39.98124,-83.020328,,13.39,True,False,False,0
Veo,380bfb43-b6f2-5a6c-a904-5c197b4a2370,scooter,40.007442,-83.047741,,28.14,True,False,False,0
Veo,4de5b821-4feb-519a-a043-db8a69695333,scooter,39.980207,-83.003111,,14.43,True,False,False,0
Veo,44668427-5c1f-57f6-8378-225ac2f6deeb,scooter,39.982369,-82.982361,,15.89,True,False,False,0
Veo,b1686b4d-3a8d-57eb-91c6-03b16fbdb029,scooter,39.964218,-83.002675,,14.43,True,False,False,0
Veo,1152c385-f1a1-54a7-90ac-87ab1862a41a,scooter,39.951336,-82.979136,,14.43,True,False,False,0
Veo,9d1ab58f-befe-50f2-b218-689b37671ad1,scooter,39.983641,-83.010471,,10.51,True,False,False,0
Veo,e2fb5e7b-9327-5656-a534-fb52ffdd4ba8,scooter,40.097083,-83.119797,,12.63,True,False,False,0
Veo,ba0a8b13-9e15-54c9-98f7-8e2068523b47,scooter,39.962423,-82.999162,,13.86,True,False,False,0
Veo,fe11012b-6af6-58ec-accb-9df6bb087537,scooter,39.993442,-83.015903,,17.89,True,False,False,0
Veo,c3e2e54e-a609-5f87-9f09-8a398259d0d9,scooter,39.994122,-83.005743,,14.17,True,False,False,0
Veo,1b920b61-6756-5124-b5a3-6cd0bf377713,bicycle,39.964137,-82.997796,,25.34,True,False,False,0
Veo,c98a25dd-3f6e-5312-a81c-7762a8f42cea,bicycle,39.951803,-82.988971,,25.65,True,False,False,0
Veo,2912e1ae-e2f8-538f-895d-e5136ee3ca0e,bicycle,40.005714,-82.913034,,28.14,True,False,False,0
Veo,0fcd89f9-87a6-5cdd-8298-27236f644a4e,bicycle,40.057838,-82.911266,,14.86,True,False,False,0
Veo,27808c36-102f-57d0-ac66-ba1c777ef4a7,bicycle,39.940952,-82.979188,,28.14,True,False,False,0
Veo,505c1bcc-1803-5779-bb5a-410e767b16e4,bicycle,39.973077,-82.964443,,13.64,True,False,False,0
Veo,a8d8ef28-89f4-5dd3-8635-050d0cd82cab,bicycle,39.994084,-83.005698,,28.14,True,False,False,0
Veo,8acb9f98-b7bb-535b-8bd8-ae181c72130d,bicycle,39.966272,-83.004113,,25.94,True,False,False,0
Veo,6182577a-6006-52c8-9828-bd3f5d63393e,bicycle,39.984652,-83.024041,,24.06,True,False,False,0
Veo,84dcdc29-34ee-5cd2-8627-b5c9ecaf33fd,bicycle,39.993810243840606,-83.01159419379472,,0.0,True,False,False,0
Veo,005dcd0c-aeb7-528f-8450-79d3b7e79aa1,bicycle,40.020904,-82.971183,,28.14,True,False,False,0
Veo,22e41e27-1697-53be-8648-616be4acadbb,bicycle,40.005567,-83.009233,,9.97,True,False,False,0
Veo,a6a99ddc-4c72-5e3f-866b-8781e01e4a28,bicycle,39.900523,-82.956598,,17.89,True,False,False,0
Veo,bba9fdaf-023b-5ac1-8140-f55e355bf27c,bicycle,40.009172,-83.000569,,12.87,True,False,False,0
Veo,b964d51b-20c8-53d4-8772-966dc760da16,bicycle,39.937867,-82.950545,,28.14,True,False,False,0
Veo,c7cedb5b-f32f-59d4-a66e-5a56dab5e4d6,bicycle,39.948676,-82.904908,,18.67,True,False,False,0
Veo,93717a22-e9fa-52e4-a3a0-c4f4cca49b7b,bicycle,40.018669,-83.011664,,22.39,True,False,False,0
Veo,a92ba2a6-473c-548b-b535-eb2db7508486,bicycle,39.993566,-82.981062,,27.77,True,False,False,0
Veo,7bffbfa2-1428-5d52-9317-8668d350e56f,bicycle,39.990416,-82.984763,,15.18,True,False,False,0
Veo,eeac773d-3fbc-5d2d-8a1c-33075d0d2a75,bicycle,40.01199,-82.96856,,15.45,True,False,False,0
Veo,4135ca04-53c9-59b6-ba6a-f182a81a711a,bicycle,39.963233,-82.981497,,14.86,True,False,False,0
Veo,b14774a1-4ecc-5ce8-aa5e-849a059405b1,bicycle,39.973048,-82.96917,,27.77,True,False,False,0
Veo,4b9990af-8f81-557b-82ab-ebc401cd14ad,bicycle,39.958305,-83.031855,,25.74,True,False,False,0
Veo,e46f46f2-072f-51b2-9597-c08e90a231a5,bicycle,39.938087,-83.014654,,27.44,True,False,False,0
Veo,a72fd995-3bad-5293-af31-70bd60d35857,bicycle,39.991737,-83.026004,,27.77,True,False,False,0
Veo,92670ccb-9353-5fc0-bff6-4db8a7904c9b,bicycle,39.949497,-82.998012,,9.65,True,False,False,0
Veo,f63487d8-a5c5-5624-8f3c-2279bd1700c1,bicycle,39.950464,-82.997873,,21.77,True,False,False,0
Veo,fa325854-1841-5abe-8463-b8b046996475,bicycle,39.927375,-83.117858,,28.14,True,False,False,0
Veo,fe7994d0-69d9-5da8-ad21-4d80dd6b4bfc,bicycle,39.96319,-83.001041,,25.12,True,False,False,0
Veo,b32cb516-fced-545e-9c13-d2af00935d19,bicycle,39.968467,-83.007323,,28.14,True,False,False,0
Veo,d96a28b1-099b-532c-98c3-9fe2476d7977,bicycle,39.94558,-82.937463,,26.51,False,False,True,0
Veo,c23a68b7-b614-5c9a-8c01-84d1beee8ec0,bicycle,39.955926,-82.945388,,15.45,True,False,False,0
Veo,126a8af1-1758-53e2-b383-000271c2e0c2,bicycle,40.003103,-82.998406,,25.94,True,False,False,0
Veo,2c987680-b668-5b71-ba16-b2a289561137,bicycle,39.961864,-83.000319,,28.14,True,False,False,0
Veo,43488a37-7273-5b82-8aed-dd78a12a1b4e,bicycle,40.022017,-82.987356,,26.51,True,False,False,0
Veo,957feb9f-8826-5aae-89fa-7427eb5a3463,bicycle,39.976198,-83.004814,,25.12,True,False,False,0
Veo,f853ef30-2bed-54bb-a60a-ee3e9567242f,bicycle,39.998855,-83.008289,,12.63,True,False,False,0
Veo,5ae704df-cd1e-5b6e-b4f6-244490d2deb2,bicycle,39.965379,-83.0074,,22.39,True,False,False,0
Veo,8c2bd5ad-72db-509c-b133-77132658ba58,bicycle,39.962967,-83.00063,,28.14,True,False,False,0
Veo,8323f081-7c96-5c44-958b-40d3429750d6,bicycle,39.960953,-83.006273,,9.97,False,False,True,0
Veo,e087e314-8223-5851-8357-05d848630612,bicycle,39.977025,-83.00369,,25.74,True,False,False,0
Veo,7636baba-5a5a-5e0a-80aa-c1fbaa55fcd6,bicycle,39.963647,-82.999992,,25.94,True,False,False,0
Veo,8f46e380-e11c-52e3-8e1a-d4d45958bd41,bicycle,39.989373,-83.008081,,0.85,True,False,False,0
Veo,f8104aa7-b28c-5cec-852b-0c6462981c4d,bicycle,39.994174,-82.983578,,28.14,True,False,False,0
Veo,0dba6668-ac80-5f82-90eb-5bc0390970e4,bicycle,39.955486,-83.059241,,17.89,True,False,False,0
Veo,528ee6e0-d073-5807-801e-3a301ec2e040,bicycle,39.956613,-82.987162,,17.89,True,False,False,0
Veo,e4896675-f752-5012-80d2-b3d20752c715,bicycle,39.941967,-82.994878,,27.77,True,False,False,0
Veo,49b1bbe1-d92c-579d-b67d-f61339a02c31,bicycle,39.946205,-83.063607,,24.06,True,False,False,0
Veo,afb3c950-0946-5049-b6b5-bf661bdcc394,bicycle,40.086935,-83.019414,,15.89,True,False,False,0
Veo,5338b0a5-634a-5091-9274-268b9efd9b08,bicycle,39.977827,-83.010551,,25.94,True,False,False,0
Veo,c81c5eee-5986-5eda-9fc9-caf2fceaa805,bicycle,39.969228,-83.010061,,25.34,True,False,False,0
Veo,b00d785c-3702-5a1b-87d3-cdd44a55c2ed,bicycle,39.925059,-82.942907,,28.14,True,False,False,0
Veo,e6706a12-9f01-5a27-825f-4de5795d4661,bicycle,40.003294,-83.020776,,23.33,True,False,False,0
Veo,e519852e-6999-5441-be41-1ffe77bee898,bicycle,39.97435,-83.01956,,21.15,True,False,False,0
Veo,46e96e22-bb4b-5305-afae-aee845389449,bicycle,39.982427,-83.08555,,22.7,True,False,False,0
Veo,240a7497-d983-58ae-babc-8fd3fd7bf816,bicycle,39.963503,-83.003159,,28.14,True,False,False,0
Veo,4b44b67c-acd5-57cd-ba0d-333adbc673f2,bicycle,39.986071,-83.005533,,18.67,True,False,False,0
Veo,1db92399-ee48-5846-bec7-d67d75be331c,bicycle,39.997868,-82.99865,,28.14,True,False,False,0
Veo,57edd078-98f4-5659-803c-6935ffaf96dd,bicycle,39.949808,-82.982588,,15.18,True,False,False,0
Veo,f9e97f31-fe2e-53fc-b2d4-1d22fdef20f7,bicycle,40.06656,-82.972636,,24.06,True,False,False,0
Veo,611aa68e-4b1e-526d-b596-5deedca5c80e,bicycle,40.011374,-82.954244,,26.78,True,False,False,0
Veo,9d0aab55-d6d5-5ce6-a5b8-5446331f94ff,bicycle,39.968219,-83.012589,,6.98,True,False,False,0
Veo,7ab5d9ca-30ce-5483-9322-3f36260b9276,bicycle,40.000761,-82.986705,,25.65,True,False,False,0
Veo,dc0d407e-18c2-5e4c-95de-af3abac16721,bicycle,39.951883,-82.996825,,21.15,True,False,False,0
Veo,f4afecd4-1331-57ef-aa1d-6d7b07b9e40c,bicycle,39.987245,-82.99943,,15.18,True,False,False,0
Veo,63fc82de-1512-55f7-b7bd-864401cacb14,bicycle,40.016598,-82.992723,,23.02,True,False,False,0
Veo,b30aa993-bec0-5db8-a3e0-23e4cd460fda,bicycle,39.974202,-82.959509,,28.14,True,False,False,0
Veo,e152895f-3a29-5d4a-9b6c-19347c05964f,bicycle,40.004015,-83.004043,,22.7,True,False,False,0
Veo,479d418d-bfdc-5471-a5fb-4dfb5408b8f5,bicycle,39.973747,-83.01633,,4.14,False,False,True,0
Veo,846abcfb-f87c-5159-a529-3deaa9873d9c,bicycle,39.968938,-83.00402,,27.77,True,False,False,0
Veo,4f68e9cf-870c-5047-a142-34f7c0d938d3,bicycle,40.000428,-83.017415,,28.14,True,False,False,0
Veo,8b134dbc-2a90-57ee-a945-c1a53c7b9db9,bicycle,40.062837,-83.056894,,21.15,True,False,False,0
Veo,4a1501a2-b425-536b-8824-c80e3ae63b64,bicycle,39.963358,-82.955003,,26.78,True,False,False,0
Veo,8b4a5948-7d8b-5f64-b7e0-fcef18c26555,bicycle,39.98287,-83.004772,,14.17,True,False,False,0
Veo,ad9d50f0-85cd-5cf3-9f0f-d8fcaa3f06a7,bicycle,40.040864,-82.944319,,28.14,True,False,False,0
Veo,6cabb411-cfff-53ff-af50-1cd0726a60fa,bicycle,40.005165,-83.011655,,23.02,True,False,False,0
Veo,da877afb-75d1-56df-8228-588743f170ba,bicycle,39.947382,-82.980194,,28.14,True,False,False,0
Veo,959c9132-9c11-55d2-bb82-9ca350be976f,bicycle,39.991091,-83.006279,,6.98,True,False,False,0
Veo,d001dea7-517e-5339-96e6-f049dbdb066d,bicycle,40.000954,-83.013416,,8.09,True,False,False,0
Veo,cd44a416-8c86-5146-865d-d0d9c4a2fc86,bicycle,40.0031,-82.99838,,13.64,True,False,False,0
Veo,03dfa8fb-43c3-5ed0-9665-0dfc1f9d3d4a,bicycle,40.006154,-83.014737,,25.94,True,False,False,0
Veo,3de68fa9-43bf-5441-975b-7e65d3323988,bicycle,39.957048,-82.938084,,28.01,True,False,False,0
Veo,76207812-6f27-5621-9a4a-a4eac29e3e67,bicycle,39.967197,-83.009736,,28.14,True,False,False,0
Veo,24fcdfaa-038f-525b-8b75-541dcbbb5f83,bicycle,39.969145,-82.998708,,26.51,True,False,False,0
Veo,dee7c123-7da7-5063-a37f-810967d23e2d,bicycle,39.980866,-83.021504,,14.17,True,False,False,0
Veo,9b02478d-393c-5956-8e3c-1f41a4ffa976,bicycle,40.023020596381116,-83.08552829639605,,21.49,True,False,False,0
Veo,799f46d4-9a73-5889-b30b-416cbace08d1,bicycle,39.948354,-82.96322,,10.79,True,False,False,0
Veo,77cc19ee-5ebb-53d0-98a2-0dda2a0b1933,bicycle,39.969816,-83.004764,,19.39,True,False,False,0
Veo,04ef6eb2-b7be-55e3-98a0-5b3bee54e7fa,scooter,39.954381,-83.000957,,15.45,True,False,False,0
Veo,3197f1d1-354b-59bf-9b83-1c0e47214f8a,bicycle,39.988359,-83.032888,,13.39,True,False,False,0
Veo,265502ea-5f70-5fa8-9699-fa560343dd4b,bicycle,39.95602728333324,-82.94522057287395,,0.0,True,False,False,0
Veo,996254ca-07b3-5d97-aceb-d1c62136c711,bicycle,40.056521,-82.994325,,9.02,True,False,False,0
Veo,01389e3d-4b80-5c5a-855f-b3b4416d9b93,bicycle,39.958364,-83.013367,,28.14,True,False,False,0
Veo,625e04e7-f2ab-579f-9b52-4456f5d8c7ed,bicycle,39.943417,-82.967359,,25.65,True,False,False,0
Veo,c85c0fc6-c5fc-5da1-bdf5-79bead2bd1d9,bicycle,39.945723,-82.913637,,15.45,True,False,False,0
Veo,4f23643b-5864-5c39-9ac1-46adad831d90,scooter,39.971165,-83.004468,,14.86,True,False,False,0
Veo,1f09adaf-34f1-522c-8ee5-67e6b7bcee9a,bicycle,39.998384,-82.996531,,28.14,True,False,False,0
Veo,4f4b1e01-89c6-5349-8460-e54431c519eb,bicycle,39.965965,-82.992801,,11.83,True,False,False,0
Veo,05740fd4-6d9d-5548-bfb2-0c1220d32007,bicycle,39.994426,-82.936537,,28.14,True,False,False,0
Veo,80037a87-fe97-50a6-95e5-47afdeaa14c8,bicycle,39.96721,-83.009613,,9.97,True,False,False,0
Veo,e74474f5-a011-59af-8f21-5f4db2d31d78,bicycle,39.888643,-83.000821,,9.65,True,False,False,0
Veo,4c617036-1310-55ed-8b1a-be0c901d0dbd,scooter,39.957566,-83.011788,,19.05,True,False,False,0
Veo,a82a4fa2-a214-5f83-bd4e-b92a75aa4708,bicycle,39.961413,-82.988644,,25.34,True,False,False,0
Veo,5670326d-62dd-5470-8fb6-9522f83bda83,scooter,39.984721,-83.026525,,9.65,True,False,False,0
Veo,46836ad5-a359-56e2-baad-7bcfc875a9f9,bicycle,39.96053,-82.997796,,6.67,True,False,False,0
Veo,5baf6724-cdce-52c4-8baa-37616c21dba0,bicycle,39.960433,-83.001267,,19.39,True,False,False,0
Veo,40aee19c-ceb8-5a3a-8b9f-ddd33dae7bd7,bicycle,39.996066,-83.019972,,3.67,True,False,False,0
Veo,56fcb59c-811f-5e68-bb13-f8da23ff92c1,bicycle,39.992964,-83.023279,,17.89,False,False,True,0
Veo,b18d393f-f7a9-5586-a82b-e9c38274d4cb,bicycle,40.002042,-83.006107,,20.37,True,False,False,0
Veo,aba53848-37ab-5820-ac1a-f48259309627,bicycle,39.957436,-83.000427,,25.94,True,False,False,0
Veo,d31e9903-ac4b-53cc-bf52-386ea343d4ca,bicycle,39.948495,-83.008175,,14.61,True,False,False,0
Veo,1692f451-892a-5d2e-9958-a14ec8054dbe,bicycle,39.994873,-83.000827,,14.61,True,False,False,0
Veo,570e1584-3a9f-5db2-b90d-dd7b84f1d78a,bicycle,40.018468,-82.999766,,10.31,True,False,False,0
Veo,527ebead-edd8-5c68-85df-631473baf06c,bicycle,39.966253,-83.002988,,19.05,True,False,False,0
Veo,3435bac9-5b21-5961-858e-37bd4f710a20,bicycle,40.0024,-83.009298,,21.49,True,False,False,0
Veo,83002a2b-8674-5d5b-8641-682ed1949ad4,bicycle,40.100498,-83.108121,,20.37,True,False,False,0
Veo,fdcc9151-67d4-5f53-8b74-b7dddfd8531b,bicycle,39.952587,-83.025776,,26.51,False,True,False,0
Veo,570ecff3-0617-5b07-a611-49b0ae78b2f4,bicycle,39.956894,-82.97773,,20.37,False,False,True,0
Veo,9e626486-026f-578d-a12a-221595062c0e,scooter,39.951979,-83.062268,,14.17,True,False,False,0
Veo,b3723fc3-ccce-5638-8e84-760c3918c1b4,scooter,39.979159,-83.01851,,28.14,True,False,False,0
Veo,41069c04-d5dd-5766-b98f-a89adf91cc83,scooter,39.965795,-82.998675,,25.94,True,False,False,0
Veo,b63177b1-7949-5eac-9c39-d946c92ba4e9,scooter,39.986334,-83.007087,,28.14,True,False,False,0
Veo,a94edee2-b763-577b-a20a-71e27b87ae47,scooter,40.012869,-83.010176,,28.14,True,False,False,0
Veo,750280a7-2a6e-5731-8073-f8adf4a7926f,scooter,40.005081,-83.01061,,27.77,True,False,False,0
Veo,d87418d7-4549-52eb-bbdf-77d813b8c67c,scooter,39.945393,-83.056705,,23.02,True,False,False,0
Veo,51ef66f6-80f1-53fd-88de-bb7f4989a967,scooter,39.960625,-83.032734,,25.34,True,False,False,0
Veo,d902c674-192f-52cd-be0f-f486ffd952bc,scooter,40.053503,-83.049354,,27.44,True,False,False,0
Veo,14a9e456-ddab-5347-83de-847946839818,scooter,39.957109,-83.083431,,25.34,True,False,False,0
Veo,5b8ab509-790a-5efd-9c25-08e0ca539c2a,scooter,39.968013,-83.008741,,26.25,True,False,False,0
Veo,e329bb99-2d46-5aa4-a8f3-1d0cab5165ed,scooter,39.997644,-83.001512,,28.14,True,False,False,0
Veo,4fd148d4-73d2-5a23-a502-e73628d732d2,scooter,39.963673,-83.000732,,28.14,True,False,False,0
Veo,95bada7e-dda2-59c3-a723-085d4c9ee665,scooter,40.001681,-83.015379,,13.39,True,False,False,0
Veo,169452bc-e116-50b0-8ef5-f67bf33d2f6f,scooter,40.02338,-82.983691,,15.89,True,False,False,0
Veo,cfd32d78-a0ce-53b0-a537-2b5063ad0a8c,scooter,39.948757,-82.985698,,20.78,True,False,False,0
Veo,ce3c5fd9-643c-531f-a8fc-b5489cf066b6,scooter,39.985787,-83.016684,,25.74,True,False,False,0
Veo,fe637cfa-ce4b-50ef-8641-81bf87a949ff,scooter,39.996532,-83.003668,,25.34,True,False,False,0
Veo,25247ae8-f7c3-501b-811f-728d749e39e1,scooter,39.972135,-82.980933,,7.62,True,False,False,0
Veo,1916f082-0bc4-517b-8e9b-6c57bff3bf1e,scooter,39.970352,-83.002173,,14.86,True,False,False,0
Veo,5d7bbad2-076a-585a-86f0-e4d70ca891e2,scooter,39.987919,-83.005649,,20.05,True,False,False,0
Veo,47b661c0-18c8-55f1-aa2f-4b0a91b4b735,scooter,39.964903,-83.002966,,27.02,True,False,False,0
Veo,afa3004d-a6ad-56fc-8cd3-420916f7bddb,scooter,40.004657,-83.013408,,28.14,True,False,False,0
Veo,d4d515b1-ca0a-5477-9b68-664f0a691f46,scooter,40.000261,-83.011954,,28.14,True,False,False,0
Veo,76c81fc9-c927-520e-8965-1569c2105109,scooter,39.960212,-82.997592,,27.77,True,False,False,0
Veo,fbc19e92-88a7-538a-830c-c794f3b70230,scooter,39.957565,-83.011836,,14.17,True,False,False,0
Veo,49ff626f-77f4-5c77-9a1c-13cf4015cd70,scooter,40.013614,-83.011278,,28.14,True,False,False,0
Veo,e2bad86b-d3f4-51af-a1b8-cec95d15ca89,scooter,39.935862,-82.988852,,25.94,True,False,False,0
Veo,46112e89-7c52-56a4-b813-b761579dcc5f,scooter,39.968452,-82.979181,,18.67,True,False,False,0
Veo,f084fe1e-d724-5fb0-a7c6-2c078dc240f6,bicycle,39.968397,-83.009737,,16.39,True,False,False,0
Veo,5eb622f6-f636-5e13-806b-3fb691ffcfa3,scooter,39.963691,-83.000734,,28.14,True,False,False,0
Veo,17663a38-7db3-55e0-95d1-415237bb4dd6,scooter,39.962222,-83.000948,,28.14,True,False,False,0
Veo,eb6d3d75-2783-57ab-b9ed-3a5151549e45,scooter,39.97028,-83.002059,,28.14,True,False,False,0
Veo,ffc101ba-8e97-5000-8b4c-10b39a27b429,scooter,39.98684,-82.997447,,28.14,True,False,False,0
Veo,53d6963f-cdd7-5b90-bca2-11070ce6283f,scooter,39.958522,-83.014595,,13.64,True,False,False,0
Veo,9e57f727-3c68-5bde-9b7b-75e9849c0abc,scooter,39.993538,-82.981137,,25.34,True,False,False,0
Veo,fae7a7e9-906c-54e8-888c-18f9c6ed5376,scooter,39.994951,-83.016684,,22.39,True,False,False,0
Veo,ad47790a-3c46-5b55-9f6d-1fe4202b8cdb,scooter,39.977659,-83.005172,,7.29,True,False,False,0
Veo,9ba32876-57d3-5ed0-b147-2bb3d09f4e90,scooter,39.996961,-83.007315,,28.14,True,False,False,0
Veo,da83d372-3318-51f0-9ce9-b248b9becc7c,scooter,39.998086,-83.002836,,24.33,True,False,False,0
Veo,825c210e-2148-57f7-b57c-301b136edf47,scooter,39.970407,-83.002111,,25.94,True,False,False,0
Veo,d54df35b-3fdb-515a-8262-dde2e77d45af,scooter,40.013437,-83.020177,,28.14,True,False,False,0
Veo,ad90d5a8-30f8-5c6d-aa5f-dbfec3bbf7fd,scooter,39.975869,-82.951188,,28.01,True,False,False,0
Veo,bab88e99-91a1-513d-802c-87d522ea24a4,scooter,39.983492,-83.007174,,24.33,True,False,False,0
Veo,7931d8ac-26df-58a6-8d8d-6139403489e2,scooter,39.956827,-82.940003,,14.86,True,False,False,0
Veo,7c47850d-6331-539d-a907-118bb6a3ff59,scooter,39.963022,-83.004251,,25.12,True,False,False,0
Veo,22f1ccaa-5cad-5c4b-8a8a-4a336b23f3e1,scooter,39.979879,-82.997446,,26.25,True,False,False,0
Veo,9d60e778-1237-5186-b941-560e190f7dc6,scooter,40.004273,-83.001996,,13.64,True,False,False,0
Veo,cc4619c4-980d-5d9a-864d-75f3f312f5f9,scooter,39.968925,-83.004003,,15.18,True,False,False,0
Veo,061dc756-4389-588f-ba7e-8df115ac533a,scooter,39.973882,-83.00922,,28.14,True,False,False,0
Veo,4cef2a7f-49a2-5564-ba94-2a14b585312c,scooter,39.958576,-83.012796,,23.02,True,False,False,0
Veo,225fa076-11d9-519b-b647-df97cdd51ae0,bicycle,39.956231,-82.971991,,11.11,True,False,False,0
Veo,f55223b4-8cde-5933-a369-c0ff3fce5d90,scooter,39.95338,-83.031087,,11.59,True,False,False,0
Veo,af52fed2-4050-5044-a351-ac9a15eee5ef,scooter,39.974367,-83.000165,,25.94,True,False,False,0
Veo,1c393d91-13e9-57ed-8e1f-ba414b2965fb,scooter,40.007194,-83.011373,,28.14,True,False,False,0
Veo,78a89522-a06b-54ba-a2f8-13b88cf9ff8e,scooter,39.986772,-82.997516,,12.87,True,False,False,0
Veo,b0f5975a-92dd-5629-aa6b-3e763a730055,scooter,39.978849,-83.011552,,13.39,True,False,False,0
Veo,b58f4b2f-9e50-53d8-8dc6-c482e3242aaa,scooter,39.962814,-83.002316,,6.31,True,False,False,0
Veo,60729622-2831-5824-ade7-7a01640fe043,bicycle,40.10156,-83.115501,,25.12,True,False,False,0
Veo,841e4068-41d1-551c-9071-ff41ce0adb07,bicycle,39.993298,-82.983818,,21.77,True,False,False,0
Veo,75ad7de0-d4f5-58a6-bf5c-c38e372dabc4,bicycle,40.103135,-83.110376,,25.12,True,False,False,0
Veo,eef3966c-4fa5-5f75-8c81-56754870eac2,bicycle,39.950459,-82.993628,,20.05,True,False,False,0
Veo,a8390134-05aa-5fc7-ab78-fa594fe26afd,bicycle,39.91813,-82.995234,,13.1,True,False,False,0
Veo,8291bbdc-1a1e-5ac2-9b13-f690d517bf64,bicycle,39.962483,-82.976579,,28.14,True,False,False,0
Veo,5228ab99-69f5-52a9-8e54-31b03c59b941,bicycle,39.92319,-82.959127,,13.64,True,False,False,0
Veo,833593f7-0ad0-5133-a610-5ff8644090df,bicycle,40.077148,-82.966711,,19.39,True,False,False,0
Veo,0fe7f534-2e40-5a82-900f-114e9466b562,bicycle,39.995452,-83.010691,,28.14,True,False,False,0
Veo,18c29c72-1d41-5953-8fe2-458b977e53de,bicycle,39.948311,-82.969565,,11.34,True,False,False,0
Veo,53d584ff-5f96-54e2-a82d-4eb530408e2e,bicycle,40.00023,-83.003266,,24.33,True,False,False,0
Veo,d2fb1c80-329e-50ed-a732-c5bc0dc407a3,bicycle,40.026901,-83.015189,,21.49,True,False,False,0
Veo,0d517630-2449-59ce-afcf-bb0f0f52dee0,bicycle,39.987815,-83.017824,,19.39,True,False,False,0
Veo,a61ddedd-159f-5fae-b623-0be7464f0763,bicycle,39.93757,-82.95966,,20.78,True,False,False,0
Veo,0da2b40a-636e-5ec6-ba73-0ebef9ff0b92,bicycle,39.972515,-82.913082,,3.13,True,False,False,0
Veo,29bd48ce-5df3-5878-afbf-5d91e2a57fd7,bicycle,39.885055,-82.983047,,5.27,True,False,False,0
Veo,5d9eac7e-dc9d-58b0-b8bd-848f3bc716b4,bicycle,39.979809,-82.994471,,24.84,True,False,False,0
Veo,b0e2669e-4cfd-5218-86c0-e26e3e4b0aa3,bicycle,39.962715,-82.995768,,2.12,False,False,True,0
Veo,fc3dfcfa-3328-54f8-ae57-8e304df12d3b,bicycle,40.00401,-82.973449,,28.14,True,False,False,0
Veo,75610eaf-bedf-50ee-a087-f86a1b69498e,bicycle,39.955027,-83.070488,,25.12,False,True,False,0
Veo,a5da66b5-41b4-5ca5-8d3d-5332ebe0fea3,bicycle,39.957291,-82.939088,,13.86,True,False,False,0
Veo,5e043c25-66f1-57b4-9a88-ce4e5897128c,bicycle,39.964775,-83.002815,,28.14,True,False,False,0
Veo,36bdcc21-01c1-53db-a3be-71b3dfc890e5,bicycle,39.94657,-82.958205,,22.7,True,False,False,0
Veo,fe08575a-2366-5ac1-928e-ba871dca8194,bicycle,39.923973,-82.964698,,9.97,True,False,False,0
Veo,a74fe78f-4c84-5646-802b-ebddbde865eb,bicycle,39.921366,-82.950417,,22.39,True,False,False,0
Veo,a3b04d85-8b2a-56be-b7f3-e5cbeff8757d,bicycle,39.926,-82.903954,,20.05,False,True,False,0
Veo,f1de6a02-b653-5c11-a12b-7d76de7ab289,bicycle,40.000719,-82.986427,,27.77,True,False,False,0
Veo,c6870a84-f19f-570f-ae2b-76ff502ce7cd,bicycle,39.952242,-83.078833,,25.12,True,False,False,0
Veo,4a0165eb-d9bb-5613-aa54-c36b43247a73,bicycle,39.973516,-82.976476,,15.18,True,False,False,0
Veo,d19c5274-24fb-5432-90dd-79016197a234,bicycle,39.963283,-82.953235,,12.87,True,False,False,0
Veo,7b111ec5-5dc6-5bfb-a27d-dea8f51768ec,bicycle,39.977096,-82.969438,,13.86,True,False,False,0
Veo,218ca801-e21a-5a29-8ac7-70fe2fb2e695,bicycle,39.963911,-82.997688,,9.29,True,False,False,0
Veo,364f60ca-3fa8-5153-9550-fb44298530f4,bicycle,39.935096,-82.992808,,26.78,True,False,False,0
Veo,f25600c0-3344-5986-8a9e-19235d461f99,scooter,39.953948,-82.984789,,11.59,True,False,False,0
Veo,00a1d03b-36d6-53d0-af89-b6650e292188,bicycle,40.048739,-83.019307,,13.1,True,False,False,0
Veo,c9a1d8ff-cf4b-50a1-b119-7add7b907437,bicycle,39.987091,-83.001903,,28.14,True,False,False,0
Veo,3f5c1b2b-3996-5359-9252-9e5c150fcc5e,bicycle,40.003971,-83.003947,,15.89,True,False,False,0
Veo,00bfdbd0-7ae6-5ecc-ab19-2d6bf8b7e392,bicycle,39.998443,-83.031041,,1.56,True,False,False,0
Veo,4f60d141-d464-5c3d-aaa4-0f646bcbe93a,bicycle,39.967374,-83.012355,,28.14,True,False,False,0
Veo,10161cac-61ee-52b9-b8b5-dd49e0735d2e,bicycle,39.928537,-82.983475,,24.33,True,False,False,0
Veo,eca0ad9e-c494-5b89-9476-47735dac68c2,bicycle,39.942752,-82.983402,,12.63,True,False,False,0
Veo,41d4016f-fe25-5561-98e9-dd22d1c2cf4e,bicycle,39.939321,-83.077373,,1.83,True,False,False,0
Veo,0a9fb527-d0ae-54b9-921f-5017d023180c,bicycle,40.004557,-83.011136,,28.14,True,False,False,0
Veo,32e68c8e-57bf-596e-a5bd-0f2ecfd78626,bicycle,39.940988,-82.966485,,3.13,True,False,False,0
Veo,74d377ea-9f85-51b6-a42f-aa6d14045763,bicycle,39.963521,-82.948388,,2.12,True,False,False,0
Veo,2717dad7-aca7-5886-9aac-6c3e59c67490,bicycle,39.953129,-82.982873,,12.28,True,False,False,0
Veo,159cb750-11e3-5099-a25c-a12b1cfa65ee,bicycle,40.03303,-83.002666,,2.09,False,False,True,0
Veo,94e6fd8a-cdfb-53c5-8210-ba37c412c83c,bicycle,39.95221,-83.078839,,9.02,True,False,False,0
Veo,6ce5ee53-16ad-57b2-a319-c6158474e81f,bicycle,39.963483,-82.948347,,12.28,True,False,False,0
Veo,020e39dd-8ba8-54e5-8070-28e45a87ce02,bicycle,39.96544,-82.995289,,22.05,True,False,False,0
Veo,267616fd-2e6e-5961-a600-a8bcbce68dff,bicycle,39.972828,-82.977741,,28.01,True,False,False,0
Veo,0a5d9a0f-4e80-5e6d-9214-78af4afd8323,bicycle,40.101096,-83.108872,,15.18,True,False,False,0
Veo,140cae4e-2c6a-5c8a-a494-090932fbf858,bicycle,39.994948,-83.007015,,28.14,False,True,False,0
Veo,8d8983b4-241e-5a10-9f0c-3e9ac124b8ff,bicycle,39.966026,-83.061523,,3.67,True,False,False,0
Veo,8913ec3e-7510-5d7a-85a4-6460fa41281d,bicycle,40.047842,-82.955411,,27.44,True,False,False,0
Veo,fcfeba5a-4705-5be8-8534-9b0f477ae1dc,bicycle,39.96764,-82.9673,,24.33,True,False,False,0
Veo,b33c1abe-96a3-59c2-9030-3414c9358fa0,bicycle,39.931579,-83.053328,,4.92,True,False,False,0
Veo,dcbf041d-702f-5c01-8f6d-b40591feda79,bicycle,40.001967,-83.001041,,28.14,True,False,False,0
Veo,df0b1460-5481-5b5d-98a3-9bbaa3f6516c,bicycle,39.974707,-83.003023,,10.79,True,False,False,0
Veo,4988c281-5a7c-5970-b859-0cb0e13b8474,bicycle,39.957441,-83.011386,,22.7,True,False,False,0
Veo,fa586717-c98d-58b1-8b90-3e3426ea12f8,bicycle,39.99337,-82.98372,,12.63,True,False,False,0
Veo,6a961769-6b5f-5afd-93fb-d505e7fb925a,bicycle,40.000286,-83.011545,,18.67,True,False,False,0
Veo,2c14d569-2adc-5cd8-8c02-6385bd8762ed,bicycle,40.007863,-82.996563,,10.31,True,False,False,0
Veo,f8122cce-63e4-5777-9b3e-174ab2e83a7e,bicycle,39.989427,-83.066758,,19.05,True,False,False,0
Veo,3ef26615-5050-5342-b9d3-fdf06d9fd43b,bicycle,39.993672,-82.981094,,23.33,True,False,False,0
Veo,60b36721-0a83-5138-875c-6d3f565edb5e,bicycle,39.95982,-82.999847,,28.14,True,False,False,0
Veo,38f7bf75-34bd-5aa3-bb48-64c729d1d95e,bicycle,39.971316,-82.975145,,12.28,True,False,False,0
Veo,f77befb6-3d95-5785-9096-bc9fe811429d,bicycle,40.000203,-83.003601,,25.74,True,False,False,0
Veo,303c1746-548c-5a50-a3c8-60a2b1c8e2e9,bicycle,39.949441,-82.986738,,16.39,True,False,False,0
Veo,5f1969fa-0984-5f23-84ff-11cf179916aa,bicycle,39.995566,-83.035862,,9.29,True,False,False,0
Veo,3f41a714-68b4-5722-aca9-63833ccebb94,bicycle,39.947741,-82.963006,,2.79,True,False,False,0
Veo,fcd18f6c-2c81-5b38-acc6-ebd5feb6f465,bicycle,39.922535,-83.03451,,28.14,True,False,False,0
Veo,fe0d43d3-376a-5d40-89a8-87d4e22093ac,bicycle,40.002621,-83.001501,,28.14,True,False,False,0
Veo,4dc0c8aa-7777-53f8-858d-b9f3b599e570,bicycle,39.968712,-82.998655,,24.84,True,False,False,0
Veo,c53ad044-33a7-5ea9-a4c6-419dea202366,bicycle,39.999998,-83.007055,,28.01,True,False,False,0
Veo,0b965da2-3cb1-5653-ac3e-18c05291b5e6,bicycle,40.104932,-82.975057,,22.7,True,False,False,0
Veo,02adb85b-062e-5a81-974e-1fd945f8bb72,bicycle,39.929242,-82.981116,,12.63,True,False,False,0
Veo,f9f6e123-b306-5e85-87e2-901c038ebde4,bicycle,39.994593,-82.923756,,11.34,True,False,False,0
Veo,05605f8e-15ad-53f5-b865-ad667f19ed66,bicycle,40.005388,-83.009029,,14.43,True,False,False,0
Veo,f591a8bc-1e89-5166-87cc-6cdb6528e150,bicycle,39.963968,-82.980029,,11.11,True,False,False,0
Veo,760febab-8fba-5ac9-bbbe-3f892a66d99d,bicycle,39.969357,-83.018375,,24.06,True,False,False,0
Veo,8960fd87-77d5-51a3-866b-c42185231e4d,bicycle,39.969489,-82.99045,,27.44,True,False,False,0
Veo,df0a3640-1b93-56cb-9531-54bb8b0a16e6,bicycle,39.969588,-82.974784,,6.07,True,False,False,0
Veo,5b2fb0e3-4cbc-5fb3-9d46-663b1c319fc7,bicycle,40.005379,-83.016605,,13.64,True,False,False,0
Veo,1522a943-334e-5c9d-89c3-1ae0f4202549,bicycle,39.996132,-83.027604,,8.09,True,False,False,0
Veo,9b3f71b3-0d5a-5916-84e4-fd6015c0c33f,bicycle,39.95906,-83.022793,,5.03,True,False,False,0
Veo,e3839927-624e-57c7-9295-3410e4e08e37,bicycle,39.955948,-82.945317,,23.02,True,False,False,0
Veo,cf58860e-e1c5-523f-936d-34d18a69fc77,bicycle,39.96427,-82.964169,,20.05,True,False,False,0
Veo,22e434a6-2d96-54ae-af35-7668e9897b1a,bicycle,40.016809,-83.007457,,9.02,True,False,False,0
Veo,3bb05745-0e42-5d42-a5b2-7df9f3d44ffa,bicycle,39.939496,-82.966713,,27.44,True,False,False,0
Veo,82d4617a-1484-58ab-9ee6-cf42ee9f487d,bicycle,39.95403,-82.979895,,23.33,True,False,False,0
Veo,280e497f-1e84-5ed6-8fc8-5094642d53a5,bicycle,39.997854,-82.99866,,26.78,True,False,False,0
Veo,d4f19923-7356-538f-8f13-02b649604d5c,bicycle,39.929306,-82.981274,,11.59,True,False,False,0
Veo,6bf4858f-ca4a-5183-97dc-71c5acb60609,bicycle,40.005354,-82.977316,,16.84,True,False,False,0
Veo,8e458b36-a755-5af0-83b0-22538a78161d,bicycle,39.984022,-83.004921,,9.02,True,False,False,0
Veo,bf587f77-f6f0-5aa0-b580-3902c870592b,bicycle,39.950162,-83.036366,,8.43,True,False,False,0
Veo,0d5798a3-8717-5d6f-8f8e-87be8fdd9917,bicycle,39.94584,-83.059987,,6.31,True,False,False,0
Veo,253347b2-b1f3-5c2f-951c-3adbfe9ce7b9,bicycle,39.955568,-82.989519,,13.64,True,False,False,0
Veo,656eb534-3262-555f-ba03-127d8319ec77,bicycle,39.975288,-83.014648,,16.84,True,False,False,0
Veo,021148d6-d408-53ee-ab52-92b7dd590f13,bicycle,40.000723,-82.986419,,26.51,True,False,False,0
Veo,89b20353-d1cf-5097-a1d9-8faccded7913,bicycle,39.946544,-83.000105,,10.31,True,False,False,0
Veo,6dc4b3d6-82c2-58af-b920-24aae809c170,bicycle,40.094467,-82.989595,,18.19,True,False,False,0
Veo,ad427975-3a74-5986-8ac3-bb6f8862f316,bicycle,39.999121,-83.000546,,9.65,True,False,False,0
Veo,18858961-acab-5e69-af28-079cedbe52a0,bicycle,39.956906,-82.946053,,28.14,True,False,False,0
Veo,2fd0b3d6-0f7e-50ec-840f-9e8ef79f5272,bicycle,39.927635,-82.9575,,23.33,True,False,False,0
Veo,93e111cd-c035-5f7d-b61d-4e3c30bec669,bicycle,39.984704,-83.026384,,8.43,True,False,False,0
Veo,249f2d0b-7c27-5570-9204-14b69a25904f,bicycle,40.101647,-83.109997,,10.51,True,False,False,0
Veo,4961b808-a5cd-59d4-9ad5-31a5ea4896e0,bicycle,39.961447,-82.960529,,12.07,True,False,False,0
Veo,44861007-aa25-5e3a-979e-f7c74567c6d6,bicycle,40.000725,-82.986687,,28.14,True,False,False,0
Veo,c1b5d568-6bb0-579d-85cd-9ef7d1b11c1d,bicycle,40.009635,-83.026941,,25.65,True,False,False,0
Veo,2bceccac-207f-5668-96ff-62e0d539f2ee,bicycle,39.967799,-82.976993,,28.14,True,False,False,0
Veo,f6592cba-4999-5769-8b6c-d7b6a1c79a9c,bicycle,39.9655,-82.991417,,23.77,True,False,False,0
Veo,7e1c66cd-8803-53e8-b55b-5782b1cb311f,bicycle,39.986727,-82.930724,,25.94,True,False,False,0
Veo,7f7b4e9a-fcd3-5ef0-a63c-935a1ce3976c,bicycle,40.043585,-82.978109,,20.78,True,False,False,0
Veo,8ec9ade0-f9e1-57f5-a98f-961afc01fffd,bicycle,39.974745,-83.020744,,1.15,True,False,False,0
Veo,78be4ff0-9241-5c25-b103-d71229ff2af6,bicycle,39.994085,-83.005751,,22.05,True,False,False,0
Veo,4a2c94f7-30d8-5c3a-a381-0678b6178eff,bicycle,39.995476,-82.980637,,25.12,True,False,False,0
Veo,c0b76f43-1273-5bf1-bfea-672bf59785e1,bicycle,39.969065,-83.003955,,16.39,True,False,False,0
Veo,240f49c0-20c4-591b-aef1-f7554e8ce956,bicycle,39.95179,-82.998662,,13.1,True,False,False,0
Veo,e5f1f868-c6cc-5d00-9050-9aed97b406e3,bicycle,39.9424,-82.982361,,28.14,True,False,False,0
Veo,6e8bb355-3991-5705-ab0a-592960e20275,bicycle,39.970048,-83.021928,,7.62,True,False,False,0
Veo,730f19c1-3350-5dc4-ace3-a2ba0f05c66c,bicycle,39.962059,-83.000486,,15.18,True,False,False,0
Veo,930d633c-91bf-57a5-b222-2e4de33856f2,bicycle,40.040885,-83.02063,,9.65,True,False,False,0
Veo,5dc04c59-f8ca-5bfb-9d9e-b7bc4b2f94c3,bicycle,40.046915,-83.034089,,24.06,True,False,False,0
Veo,edf2300f-8947-51a3-ac17-74dcbbba4c24,bicycle,40.012924,-83.006878,,20.37,True,False,False,0
Veo,3d182003-bcd3-5155-a519-32ba98fad708,bicycle,39.999933,-82.996937,,21.77,True,False,False,0
Veo,efd0d166-0670-5c03-9e31-486473e60e73,bicycle,40.011528,-82.947138,,6.98,True,False,False,0
Veo,4e1ecceb-84d2-50ae-ab31-af94c8226472,bicycle,40.00476,-82.955807,,25.34,True,False,False,0
Veo,1132f8bd-e77e-5988-b59a-374ff5e9766a,bicycle,40.081052,-83.026126,,8.43,True,False,False,0
Veo,5fd86ccc-a301-52ea-8f71-d3ac417b2d26,bicycle,40.006657,-82.964007,,28.14,True,False,False,0
Veo,4eaecece-9d0f-5c6e-a1a1-4813781de89e,bicycle,39.988721,-83.026025,,27.02,False,True,False,0
Veo,2996a883-3543-5b30-9c19-255772f84eaf,bicycle,39.996222,-83.027643,,8.43,True,False,False,0
Veo,8f40449b-c586-53d8-b310-5213f413d7bb,scooter,40.10233,-83.110572,,14.86,True,False,False,0
Veo,333d6474-1874-5da2-b7cd-5b563cbe865f,bicycle,39.97707,-83.003623,,26.25,True,False,False,0
Veo,d40c15cd-e56d-5911-9b89-9b79242fd9a5,bicycle,39.96213,-82.905354,,28.14,True,False,False,0
Veo,9cfd5789-77ef-5e80-9831-6d132521aaa6,bicycle,40.000067,-83.015402,,14.86,True,False,False,0
Veo,ce67bc40-eecf-5962-bcb1-339a3a38e955,bicycle,39.930399,-82.940123,,6.31,True,False,False,0
Veo,b66c0027-6b12-525a-94e3-bbb306fabeb7,bicycle,39.995179,-82.995788,,13.64,True,False,False,0
Veo,a00edafd-2b18-5e85-b523-dabdcb78d8f2,scooter,39.951246,-82.983806,,28.14,True,False,False,0
Veo,4d3e9e69-ae54-5328-ad38-e849179a531d,scooter,39.880467,-82.987027,,28.14,True,False,False,0
Veo,dfafc1e0-19be-5d10-a8e0-a102313d458c,scooter,39.962713,-82.981774,,25.74,True,False,False,0
Veo,448df388-938e-5a15-bd24-cb5f3df2aad4,scooter,39.915972,-83.035052,,1.83,True,False,False,0
Veo,4fce879a-acdd-5aad-84fb-04f9b70fc797,scooter,40.004284,-83.012295,,25.12,True,False,False,0
Veo,381b52b0-1728-5f5f-981c-010320c897ab,scooter,40.034917,-82.956119,,28.14,True,False,False,0
Veo,795f1b68-15c2-599f-adb4-d79357b2cf80,bicycle,39.95029,-82.955054,,7.62,True,False,False,0
Veo,6f885e66-5e6d-5dfe-a1ac-8bf66f5c8e52,bicycle,39.986211,-83.004192,,25.65,True,False,False,0
Veo,ab24e612-98a8-5216-9fa9-8abf5788189c,bicycle,39.955894,-82.945196,,28.14,True,False,False,0
Veo,7fcd5f0c-9bf3-5379-969f-e15c0cab74ed,scooter,40.003288,-83.003112,,13.64,True,False,False,0
Veo,e963c8c6-288e-5306-9494-0ac641bfb74d,scooter,40.014877,-82.982477,,20.78,True,False,False,0
Veo,89b4da5f-fbff-58b0-81fc-84f22d1683f0,scooter,39.964247,-82.996856,,18.67,True,False,False,0
Veo,951c76fa-7c96-5d56-9c41-8305862d4d82,scooter,39.964916,-82.984825,,28.14,True,False,False,0
Veo,6489100d-9fb7-5641-b92e-25f1cf4c88a7,scooter,39.979157,-83.014481,,13.64,True,False,False,0
Veo,6fcb8580-3ab6-502f-99d3-3958dd7c4fb0,scooter,39.993642,-83.026888,,19.39,True,False,False,0
Veo,f6122e69-3676-538e-9fef-2006d05a5cfe,scooter,39.982891,-83.019976,,25.12,True,False,False,0
Veo,c795846c-2910-51f2-b2ff-b7108eff0ca0,scooter,39.994026,-83.004526,,27.77,True,False,False,0
Veo,b03f7110-c25d-5cbf-befd-1a358c987291,scooter,39.97336,-83.004562,,14.61,True,False,False,0
Veo,6408c188-9c07-569c-8070-ca6a7fb696d0,bicycle,39.926908,-82.970244,,15.45,True,False,False,0
Veo,d18ccd2a-cdd7-5217-817f-18ea695689f0,scooter,39.946352,-82.958894,,11.83,True,False,False,0
Veo,03d95ca5-7be6-5d6d-a5b7-259479ce817a,scooter,39.96184,-83.002607,,8.78,True,False,False,0
Veo,cceec38d-50c3-5450-bb08-d707069c63df,scooter,40.004271,-83.007413,,25.34,True,False,False,0
Veo,c0f192a5-0d1d-5bca-9cc1-d82640c3dbd6,scooter,39.968304,-83.009717,,15.89,True,False,False,0
Veo,18641184-731d-59ad-85e8-9ede40e9754e,scooter,39.965848,-83.005897,,26.78,True,False,False,0
Veo,0f8dbb31-80e9-58b6-86d0-afd7d68a8ed1,scooter,39.980002,-82.995629,,28.14,True,False,False,0
Veo,3cc5ab32-c1f9-5e08-9f3f-3f03ef164e82,scooter,40.139099,-83.120368,,24.06,True,False,False,0
Veo,4d7df0cb-ab14-5ba9-a92b-292df7ca4476,scooter,39.938484,-82.968947,,28.14,True,False,False,0
Veo,134923e1-4cab-543b-9857-4fe473fd6aad,scooter,40.116709,-83.111923,,28.14,True,False,False,0
Veo,c97c475b-43e2-526c-a03c-74e14bccb227,scooter,40.101221,-83.108864,,28.14,True,False,False,0
Veo,e4b6f4eb-f1a2-5e7e-a684-1c9a1865f2d7,scooter,39.980116,-83.004828,,13.64,True,False,False,0
Veo,1a68e7c2-93c1-52c3-b05e-8deb88521033,scooter,39.968357,-83.009801,,10.31,True,False,False,0
Veo,0f9571cd-7428-5e6f-8e77-a6e20a7e28ea,scooter,40.005104,-83.026787,,20.78,True,False,False,0
Veo,6fdef769-edd7-50db-ba3b-52b1cdb11536,scooter,40.013796,-83.008531,,25.65,True,False,False,0
Veo,7b216be4-6409-50eb-9f80-a8461f2a21b9,scooter,40.001816,-83.016363,,14.86,True,False,False,0
Veo,846c2ccf-a356-55ff-9b52-c7f1d73b2076,scooter,39.986141,-83.005526,,28.14,True,False,False,0
Veo,ff5f4a64-bb1c-5445-87e3-c181dd7ca6ee,scooter,39.973527,-83.010119,,9.02,True,False,False,0
Veo,ba1a477b-c55a-57fa-b300-804e1976d25c,scooter,39.912717,-82.991073,,27.44,True,False,False,0
Veo,71c86d1e-c0e0-5131-8138-dbebb6056596,scooter,40.013446,-82.986915,,19.39,True,False,False,0
Veo,d234bddd-b2eb-5f24-95ef-5117ea7d68ba,scooter,40.007983,-82.979523,,28.14,True,False,False,0
Veo,231848b7-eded-5228-be2b-105019a6c310,scooter,40.003397,-83.019383,,26.78,True,False,False,0
Veo,011f1d99-e3a2-5dbd-9aa1-dda397dc6e76,scooter,39.971169,-83.004029,,25.34,True,False,False,0
Veo,bace8bcf-9671-5a0c-b91a-bdcf77abb780,scooter,40.006587,-83.027836,,25.94,True,False,False,0
Veo,50017305-62cb-5d61-85d1-0747f38b0acf,scooter,40.006417,-82.983881,,15.89,True,False,False,0
Veo,21b6a351-f53d-5baa-b97d-ebad2afeeb8e,scooter,39.96832,-83.009784,,24.33,True,False,False,0
Veo,2ee9ef2e-3e4a-5cb2-9740-fdd4a25402bd,scooter,40.004048,-83.01385,,28.14,True,False,False,0
Veo,cecdb6cd-d006-553c-a9b7-a1d731f792be,scooter,39.978464,-82.997446,,11.11,True,False,False,0
Veo,65b0d213-e94d-5cee-ad62-54f42707a446,scooter,40.005138,-83.011455,,20.78,True,False,False,0
Veo,f4719b39-77ea-5fd8-ac3c-c841005faabd,scooter,39.964666,-82.987017,,21.15,False,False,True,0
Veo,5a45a265-8b04-53d8-ae4e-c677b91d1df9,scooter,39.954859,-83.011403,,28.14,True,False,False,0
Veo,e15b6168-7113-5dc4-9473-dbe70f734e88,scooter,39.956487,-82.997237,,24.33,True,False,False,0
Veo,5d71fc70-c67d-52ae-b6f4-528090ac4d92,scooter,39.962588,-82.996482,,25.65,True,False,False,0
Veo,f6da7468-24bb-5bd6-b800-71b6b80b6e8b,scooter,39.943981,-83.074231,,25.74,True,False,False,0
Veo,da6473a1-5b47-55cb-a0bc-25c1d805bfcb,scooter,39.952568,-82.998622,,16.84,True,False,False,0
Veo,3b4e8067-a43a-565a-8583-d7db519097fd,scooter,40.111512,-83.12132,,22.39,True,False,False,0
Veo,bdc28e1a-71e6-5243-9d14-4a91a5238885,scooter,40.009936,-83.007346,,22.39,True,False,False,0
Veo,b3333d77-6eb8-5e49-8365-540ccebd9422,bicycle,39.9262,-82.965952,,15.89,True,False,False,0
Veo,9970105e-5690-5f8f-acad-56ebd5804692,scooter,39.955223,-83.079898,,23.33,True,False,False,0
Veo,fa1c6e15-4b78-5af9-a63a-f4ec8177db2d,scooter,39.997117,-83.044995,,24.06,True,False,False,0
Veo,c261cf0c-fe85-5ab7-b8c1-ecd609445bdb,scooter,39.967362,-83.015614,,11.59,True,False,False,0
Veo,f1ad440e-6e09-57b8-b1fb-bef12a2ee138,bicycle,39.982736,-83.00466,,17.37,True,False,False,0
Veo,b77406ce-2900-5e83-960f-7caeca9638b3,scooter,39.978577,-83.005004,,25.74,True,False,False,0
Veo,b427bbdc-1d26-58a8-9322-c2c8ec7698ce,scooter,39.964631,-82.980879,,13.1,True,False,False,0
Veo,ccd395e3-f630-5177-a519-d7c6d42e20e5,scooter,39.962653,-83.002252,,24.06,True,False,False,0
Veo,ca3bd099-1be0-5df0-b2c7-ddb2f196df47,bicycle,39.993988,-82.98593,,27.44,True,False,False,0
Veo,3e77ba81-78b9-5dbb-9aa8-2e3dfc5a0403,bicycle,39.937058,-82.949084,,21.49,True,False,False,0
Veo,69eda19a-4911-5774-b543-878d997408f9,scooter,39.980345,-83.009608,,24.06,True,False,False,0
Veo,1c8967f5-5d42-58e8-a2a8-f076c9eb76c1,scooter,39.993756,-83.0143,,15.45,True,False,False,0
Veo,6266c9e1-1e1b-580c-b7dd-bbfd15d13860,scooter,39.950769,-82.978415,,23.33,True,False,False,0
Veo,79abe677-e085-5090-a043-8c94ee850307,scooter,40.012271,-83.010822,,13.1,True,False,False,0
Veo,6edaf8fd-10c2-5338-8bec-bacab405570e,scooter,39.969072,-83.001035,,28.14,True,False,False,0
Veo,ca968a71-1f5a-5476-8488-c0970b0130e0,scooter,39.997115,-83.015897,,24.33,True,False,False,0
Veo,9a738e24-0f72-5148-8455-ceb410e27f24,scooter,39.96764,-83.013476,,13.64,True,False,False,0
Veo,16b32eff-e762-5a96-9880-fb1afe0c89c1,scooter,39.967817,-83.003433,,26.51,True,False,False,0
Veo,0c1919ed-0bed-597b-96cd-3beaa48a322d,scooter,39.967932,-82.949551,,28.14,True,False,False,0
Veo,7c021f2c-1de2-5840-8040-ac15a14cba3e,scooter,40.003159,-82.998429,,28.14,True,False,False,0
Veo,07df45a1-30e5-5a82-bf13-af508d62132e,scooter,40.001101,-83.013543,,25.94,True,False,False,0
Veo,e2b0f6fb-8102-5ed1-ad06-8c0624cf5083,scooter,39.951613,-83.092251,,18.67,True,False,False,0
Veo,3496635d-b52d-505b-a2f1-53cdcd3ddb02,scooter,40.013563,-83.029216,,28.14,True,False,False,0
Veo,d83ef798-4a34-5f90-95db-5831290c08ec,scooter,39.954672,-83.072796,,27.77,True,False,False,0
Veo,704f6f32-0866-5bf4-b3e1-64876308b2c4,scooter,40.100805,-83.115012,,12.07,True,False,False,0
Veo,4130adb6-9fa7-5a14-a9c9-7012ca5ba9ed,scooter,40.02513,-82.980629,,8.43,True,False,False,0
Veo,9ae655e8-af2e-5cac-a419-10086129604d,scooter,39.948238,-83.028128,,28.14,True,False,False,0
Veo,84fb605c-c07d-57df-8f93-6f4cac29480c,scooter,39.955971,-82.945267,,3.81,True,False,False,0
Veo,b933bad6-5bbd-5eb7-bd50-491ed0e9b455,scooter,39.972065,-83.002511,,9.65,True,False,False,0
Veo,06308556-1794-5e85-85bc-fe30596d1fae,scooter,39.980043,-83.005782,,22.39,True,False,False,0
Veo,a410d412-bc63-5d03-ab8f-4efd945ebd41,scooter,39.970451,-83.00202,,24.06,True,False,False,0
Veo,6528da06-2bd4-5672-a356-40b25a93984d,scooter,39.972567,-83.005061,,25.74,True,False,False,0
Veo,c6d75068-d06a-51b1-bf56-58ccaf7344b1,scooter,39.95602,-83.053581,,24.06,True,False,False,0
Veo,186501ec-8bb3-59f7-90b9-12a10cbe9f58,scooter,39.963238,-82.95328,,19.39,True,False,False,0
Veo,58875082-dd1c-5721-ab21-a69ba1332cd5,scooter,39.993018,-83.025511,,27.44,True,False,False,0
Veo,d510c29f-0f24-5c1a-bc93-a1d1b69ec310,scooter,39.944482,-82.991972,,3.48,False,False,True,0
Veo,ed2a8c16-7b80-5b60-8f8d-3536a6e0faf2,scooter,40.002314,-83.009481,,14.86,True,False,False,0
Veo,54e98304-77ef-5515-9539-7f025ea28b92,scooter,40.004698,-83.01335,,16.39,True,False,False,0
Veo,28d09bf6-f89a-5ad1-966c-b7afb94e88df,scooter,40.008101,-83.009681,,8.78,True,False,False,0
Veo,8ae873e0-6216-5201-ac71-3b96df22bb53,scooter,39.969418,-83.010057,,16.84,True,False,False,0
Veo,006919cb-b06e-5192-b82a-04f9c896856d,scooter,39.936115,-82.956659,,27.77,True,False,False,0
Veo,a279c4c9-7c71-5be3-a6e6-5d57f2b3a7db,scooter,39.968312,-83.009788,,27.44,True,False,False,0
Veo,1259dfa7-c40d-585f-8e79-d822c82585c1,scooter,39.975394,-83.00336,,28.14,True,False,False,0
Veo,3cc72ae8-fe7c-5a47-aaf1-2e092e3a1c21,scooter,39.979012,-83.003661,,24.33,True,False,False,0
Veo,472d5076-6efe-52f4-b32b-426f602677b9,scooter,40.032694,-82.991065,,13.1,True,False,False,0
Veo,8bdbddab-d337-54c8-beee-d8ebe1ef60f5,scooter,39.949961,-83.001562,,28.14,False,True,False,0
Veo,ec764ed2-157b-5d8b-aef6-422cc294502b,scooter,39.967833,-83.046698,,28.01,True,False,False,0
Veo,471009b9-f43c-5d2d-af10-d8750a23ae92,scooter,39.956984,-83.011061,,28.14,True,False,False,0
Veo,c9fa6245-d4f0-505b-a928-07a3e3adb89f,scooter,40.001938,-83.001191,,14.17,True,False,False,0
Veo,4c4af42a-c6d2-5240-92f0-314ab138a22e,scooter,39.997044,-83.007564,,28.14,True,False,False,0
Veo,f16ed541-f37b-542e-83d4-f09509215693,scooter,39.994009,-83.004543,,16.39,True,False,False,0
Veo,f8a1f510-dbbc-56d3-b59b-c57864587822,scooter,39.963087,-83.004295,,22.7,True,False,False,0
Veo,01950f8c-7f77-5bd3-90a2-31a2a2ec30e9,scooter,39.958906,-82.960537,,1.83,True,False,False,0
Veo,0ebf7d3a-6964-5672-8982-8cb461a5c671,scooter,39.995799,-83.013387,,25.94,True,False,False,0
Veo,ccef58b2-3792-5770-ba06-793d504ab439,scooter,39.928517,-82.98136,,17.89,True,False,False,0
Veo,58ff6592-a2e7-5f65-bdb0-7b0cd0ce108d,scooter,40.102191,-83.114223,,19.05,True,False,False,0
Veo,9af300f5-92ef-5b35-afab-5535531238fe,scooter,39.963736,-83.000683,,10.51,True,False,False,0
Veo,1b8607fb-c5d8-56ac-a0a0-33510380629d,scooter,39.980121,-82.998266,,28.14,True,False,False,0
Veo,848142e4-b91c-58d9-a748-3facf928ff60,scooter,39.967937,-83.012264,,27.02,True,False,False,0
Veo,c75b5435-d7ae-5afc-8b17-b06f90802401,scooter,39.95009,-83.000267,,26.78,True,False,False,0
Veo,9c10effa-3a94-501c-afe3-2e2e4bb1fa25,scooter,39.985614,-83.005139,,15.18,False,False,True,0
Veo,a825c63e-8385-587c-8537-6bf36901b8ff,scooter,39.96883,-83.0045,,28.14,True,False,False,0
Veo,be74621c-9a27-56d5-904b-13fac44050e2,scooter,39.965446,-82.990919,,22.7,True,False,False,0
Veo,74a810ea-adfa-5b3e-bde5-1d09b784efd6,scooter,39.963126,-82.999163,,18.19,True,False,False,0
Veo,d12668cd-88f5-5b4d-aa31-d60aa091cfce,bicycle,39.987167,-82.999589,,27.77,True,False,False,0
Veo,7bfe602b-6b0f-5b8b-bad6-b3f6ac8b3b69,scooter,39.963104,-83.004255,,28.14,True,False,False,0
Veo,4f84c747-73dd-5cd8-9990-69fec4d076d5,scooter,39.958202,-82.958165,,12.63,True,False,False,0
Veo,f6ed5f56-d65b-5022-8c28-29ba5184e3fc,scooter,39.962226,-83.004155,,28.14,True,False,False,0
Veo,2d5dbc88-1a95-5b23-9513-6aefdebdc0d8,scooter,39.98764,-83.019595,,25.12,True,False,False,0
Veo,13cca597-2f1b-50b4-83b0-d39c72e1f0be,scooter,39.9611,-82.990666,,14.17,True,False,False,0
Veo,583c5c8f-81b6-555d-a57a-e1d34e79194e,scooter,40.016712,-82.981416,,14.43,True,False,False,0
Veo,c41e2f57-0c4c-5f0b-a06a-79e5b9269b04,scooter,39.957561,-83.011816,,28.14,True,False,False,0
Veo,d7a4ac70-becd-5393-a114-38e38394d8a8,scooter,39.96855,-83.001431,,28.01,True,False,False,0
Veo,727627d4-746f-5ec5-854b-37b932783ae7,scooter,40.101129,-83.108851,,27.44,True,False,False,0
Veo,58068fd4-5b89-5bd3-a9d7-81044bf4deb3,scooter,39.964241,-82.995599,,27.02,True,False,False,0
Veo,3ce2fc3f-dee2-5542-9b76-3984964ffd7c,bicycle,39.963382,-83.014787,,28.14,True,False,False,0
Veo,c0c6ed2d-28da-544d-addd-297501a0cd85,bicycle,40.038867,-82.983455,,18.67,True,False,False,0
Veo,3ecddda4-eff6-51e4-88a2-82031ebe3534,bicycle,39.945391,-82.989947,,23.02,True,False,False,0
Veo,0d589934-0b5c-518c-a959-6634faaf4644,scooter,39.963235,-82.981373,,25.65,False,True,False,0
Veo,dcac2b3d-7078-55f7-b6b6-b5db2b03d12c,bicycle,39.966069,-82.992283,,28.14,True,False,False,0
Veo,16eab108-b97b-5c21-a475-0c69c5c333bf,bicycle,39.957361,-83.013291,,28.14,True,False,False,0
Veo,bc8bf716-56f9-5d09-baa1-96ad211b0270,scooter,39.944507,-82.989746,,28.14,True,False,False,0
Veo,fb2ef518-efab-565b-a499-0d7ca4d2f664,bicycle,40.093621,-82.964957,,28.14,True,False,False,0
Veo,b7fbf376-8629-514c-9128-022aa82b8b81,bicycle,40.02131,-83.005717,,28.01,True,False,False,0
Veo,30c9f70f-ad4a-54f6-9f4c-0e61f1b0c363,bicycle,39.934019,-82.954391,,10.51,True,False,False,0
Veo,4f0c5aeb-ce59-51f5-9a49-bc89e1150e86,bicycle,39.958535,-83.014691,,28.14,True,False,False,0
Veo,c8816c56-cbad-5a62-8b15-81b75bb44f0a,bicycle,39.95242,-83.053293,,13.64,True,False,False,0
Veo,7e82d369-9f5b-5a8b-94fa-a0c5efdb9735,bicycle,39.930419,-82.977936,,24.33,True,False,False,0
Veo,ea81129f-c403-5891-b6bb-53750934ddcd,scooter,39.962989,-83.004186,,28.14,True,False,False,0
Veo,e342eb7f-d5a5-5c4b-95e6-d040ccb8f0b7,scooter,40.004056,-83.007739,,28.14,True,False,False,0
Veo,72133564-9148-5b04-be5b-ac39ec6ab7a3,scooter,39.991057,-83.017143,,24.06,True,False,False,0
Veo,72abbc3d-c679-504e-ac6f-1181fe5d2b9a,scooter,40.014315,-83.010483,,25.34,True,False,False,0
Veo,c60f7dc0-8b8c-5832-9214-93a2f9a88ac7,scooter,39.953317,-82.982926,,26.78,True,False,False,0
Veo,480d6863-bd24-58db-9e98-ade5f99e1cfc,bicycle,39.968071,-82.913859,,14.43,True,False,False,0
Veo,192de4e9-6c7a-5da4-ac1a-f1fa6630a812,scooter,40.005338,-83.035903,,24.06,True,False,False,0
Veo,973beaa8-bdc5-5411-99ea-34689a3bd8c7,scooter,40.101509,-83.114161,,20.05,True,False,False,0
Veo,49cad3ff-2285-521b-81de-1caf9b6fa79c,scooter,39.97743,-83.003656,,28.14,True,False,False,0
Veo,03687b3c-6a70-5d54-a926-22b4ecd2de1e,scooter,40.103909,-83.108909,,28.01,True,False,False,0
Veo,3c0c89a4-9b5a-5fbf-930c-8c4438b32f6b,scooter,39.963059,-83.004262,,22.05,True,False,False,0
Veo,01781da0-12a0-5bc9-b9ab-a9e693dece93,scooter,39.961653,-83.000404,,13.39,True,False,False,0
Veo,615e902e-2c95-5329-b4dc-4e9176d5ac70,scooter,39.962095,-83.001562,,20.05,True,False,False,0
Veo,7b13e99a-03f6-5fc0-a96c-1dca62019c16,scooter,40.001553,-83.010597,,24.33,True,False,False,0
Veo,a314890f-c278-522e-ae9a-3d02b4a6ff7c,scooter,39.994666,-83.019292,,13.64,True,False,False,0
Veo,a6a5ddb3-134a-5b0a-8096-ee5c6475611f,scooter,39.997074,-83.007558,,24.06,True,False,False,0
Veo,e6e8d6cc-543e-579c-bd72-c70754d5c55d,scooter,39.982634,-82.989223,,22.7,True,False,False,0
Veo,a0d5dec6-8ac7-59f8-8ffb-c20890e0deaa,scooter,40.000851,-83.008075,,14.43,True,False,False,0
Veo,ba9c113b-f1c0-524c-a142-3e7c08dc1fa4,scooter,39.95331,-83.021454,,27.02,True,False,False,0
Veo,d82277a8-505b-53a1-b09d-aaac5d0210e9,scooter,39.965601,-82.995876,,27.44,True,False,False,0
Veo,1e9a265b-0492-5318-9da3-e73adc02ff58,scooter,39.963634,-83.00067,,24.06,True,False,False,0
Veo,479edd8d-7a0c-5300-b187-973207f7705f,scooter,39.998144,-83.015406,,28.14,True,False,False,0
Veo,0a979907-13ce-5d2a-a691-faefa07ec637,scooter,39.96836,-83.009777,,9.02,True,False,False,0
Veo,174e28f9-a93f-5301-a559-b9cf0548aa02,scooter,39.996221,-83.006356,,27.44,True,False,False,0
Veo,257ab33b-1f7c-5ed9-bb66-addce47947d9,scooter,39.968063,-83.008626,,23.02,True,False,False,0
Veo,d6b3fbff-26dd-51a8-a7c4-bb7ba5db4bf9,scooter,40.001727,-83.014692,,14.86,True,False,False,0
Veo,a5b55a99-199d-57fa-a9ca-804a97fb9ea1,scooter,39.958785,-82.9999,,24.33,True,False,False,0
Veo,5421daa9-6c3c-5a56-a84f-2af1b563c574,scooter,40.004126,-83.00871,,11.83,True,False,False,0
Veo,84e7d7d2-322d-5d6a-ab81-16fa9fd48fb8,bicycle,39.958078,-83.013022,,26.51,True,False,False,0
Veo,4e93b0d3-9b86-528b-8582-1c9006a58bd6,scooter,39.968995,-83.004038,,15.18,True,False,False,0
Veo,8a24aebc-7a0a-5ea8-b26c-c6b01b826f5f,scooter,39.955944,-83.001234,,14.86,True,False,False,0
Veo,57bd6026-2f21-5805-ad52-01557c5a9c9f,scooter,40.001965,-83.013636,,18.67,True,False,False,0
Veo,e586a252-ab9f-5788-bd83-e22101263709,scooter,39.962219,-83.004128,,26.25,True,False,False,0
Veo,9bcf9bc1-caf3-5adb-8ccb-48ed143319b7,scooter,39.991552,-82.929131,,15.45,True,False,False,0
Veo,9f7f8422-3eac-577a-bbb5-ba063695a451,scooter,39.972106,-82.980964,,28.14,True,False,False,0
Veo,9b615d1d-cfb1-51db-b938-a48955e83436,scooter,40.003681,-83.031921,,28.14,True,False,False,0
Veo,83a63ca6-3384-5143-8d08-b4b27fd5f513,scooter,40.001954,-83.001139,,14.86,True,False,False,0
Veo,8fe89e42-b1bf-563b-9c3e-bd5f24a8ad99,scooter,39.978669,-83.002222,,28.14,True,False,False,0
Veo,e3d2864a-8947-5f5c-a6da-a2e10e90ad22,scooter,39.938323,-83.014652,,26.51,True,False,False,0
Veo,9d909ddf-13fd-54f1-8d1c-2c06cd14b3f2,scooter,39.964771,-82.991528,,28.14,True,False,False,0
Veo,b4d40f56-4164-5bca-b074-cdbdc53c1802,scooter,39.958059,-82.99734,,23.02,True,False,False,0
Veo,27bd4bac-9aba-51fe-aa5d-6ed0c5819f12,scooter,39.968329,-83.009755,,15.18,True,False,False,0
Veo,dd11d9ba-8a42-5230-8d3e-802aab0e0e3b,scooter,39.949364,-82.995453,,12.63,True,False,False,0
Veo,71776a64-a380-5414-a054-c03f1e20ef56,scooter,39.96898,-83.004004,,15.18,True,False,False,0
Veo,642aca9b-ac96-55c4-84fd-c1d0703b5c26,scooter,39.996944,-83.007412,,21.77,True,False,False,0
Veo,da41100f-4ec2-5d09-8343-03fcdd53a779,scooter,39.977341,-83.002577,,13.86,True,False,False,0
Veo,07973ae4-c6cf-50e7-9055-5e1bd99094b7,scooter,39.987489,-83.019036,,10.79,True,False,False,0
Veo,b02c9e7e-2800-5313-b88a-f396f7671804,scooter,39.972208,-83.002387,,26.51,True,False,False,0
Veo,98cb39ae-0e5f-5264-ae35-d75b0950aed8,scooter,39.985196,-83.005458,,9.02,True,False,False,0
Veo,bec44625-67d2-5b2f-a885-df4b6fd7568a,scooter,39.965772,-83.001469,,14.17,True,False,False,0
Veo,7c83e7c0-1d8a-52a1-8eb1-284921b70244,scooter,39.974148,-82.958646,,28.14,True,False,False,0
Veo,bf225434-fbf9-5540-82c6-70353c98819f,scooter,39.96183,-83.002623,,25.65,True,False,False,0
Veo,b534fc50-dbe3-54a2-b7ca-2a116ba88a42,scooter,40.000721,-82.986666,,28.14,True,False,False,0
Veo,828a63cf-1164-557d-af01-f4adb6ff5774,scooter,39.963028,-83.004201,,28.14,True,False,False,0
Veo,e7bec65b-e359-5489-bf1f-9553c32d047f,scooter,39.994757,-83.017012,,18.67,True,False,False,0
Veo,4af38faa-1fc8-529b-a4e3-99e6cc0cfea0,scooter,39.971194,-83.009687,,28.01,True,False,False,0
Veo,43dfb97f-97ac-5118-9415-133b4fdaf951,scooter,39.934478,-82.98858,,11.34,True,False,False,0
Veo,c413ee8b-8178-5d1f-b976-426233b459e0,scooter,40.006598,-83.014385,,27.77,True,False,False,0
Veo,4c15b0ee-9332-5dd0-900f-1bf62de6d798,scooter,39.973506,-83.003961,,25.74,True,False,False,0
Veo,4a43279c-a595-5f49-951c-dfe211603057,scooter,40.000759,-82.986483,,13.1,True,False,False,0
Veo,7e8d8ae9-5e4e-59ba-86bd-6f3e6e2742ad,scooter,40.002433,-83.009162,,15.45,True,False,False,0
Veo,27f972cc-e925-5194-883c-33675ecf68a6,scooter,39.943205,-82.996567,,24.84,True,False,False,0
Veo,f272c30e-dc56-582e-86db-dfdbce064fe3,scooter,39.992389,-83.023396,,8.78,True,False,False,0
Veo,7e4c7b57-4e0d-5d3f-8a9e-046cd096fe7f,scooter,39.986914,-83.009454,,22.7,True,False,False,0
Veo,5be5bd66-1ed0-542b-ac18-eed287a6abd4,scooter,39.965405,-83.002035,,12.63,True,False,False,0
Veo,4aa19a82-f0a3-5653-ada4-fdc81ba5e62b,scooter,39.970413,-83.002023,,15.89,True,False,False,0
Veo,b24f8d66-de60-5780-aa61-ffb4e64cc497,scooter,39.963246,-82.953242,,28.14,True,False,False,0
Veo,4f692104-d995-5781-8ced-3420958880c8,scooter,39.950054,-83.000202,,28.14,True,False,False,0
Veo,6594f9e5-b4c8-52c9-bb5a-4ccc9ba632cf,scooter,39.99925,-83.015947,,14.43,True,False,False,0
Veo,9ede39f2-8ec3-5808-9665-eea7792bf2e2,scooter,40.007981,-82.979506,,24.33,True,False,False,0
Veo,dc40ee09-99ff-54ac-aafa-e105b014bc9e,scooter,39.998344,-82.996525,,28.14,True,False,False,0
Veo,dd083a52-d7b5-5ca5-928e-52c1204a077f,scooter,39.941925,-82.994944,,13.1,True,False,False,0
Veo,50fdc527-c2c3-578d-9110-00037509efb8,scooter,39.963239,-82.981378,,25.34,True,False,False,0
Veo,c70ab13f-5e11-5417-b41a-b34cb27d775f,scooter,39.967941,-83.012239,,28.14,True,False,False,0
Veo,feb9c7d1-8d0b-5f79-8dc0-e8c9d5fd4dc4,scooter,39.997614,-83.009687,,14.61,False,False,True,0
Veo,9b76205e-7a8c-52a9-9d0c-f876d5de431e,scooter,39.980981,-83.003085,,13.86,True,False,False,0
Veo,0603cebe-3774-5b8b-8b5d-4f24222280b8,scooter,39.967939,-82.949526,,25.74,True,False,False,0
Veo,d8b0fcef-4cc8-5fe2-8dfc-006ccfde79c2,scooter,39.958576,-83.012798,,28.14,True,False,False,0
Veo,f70b8763-0bfb-55e1-8755-ab4efcd6ed58,scooter,39.968454,-83.012355,,14.17,True,False,False,0
Veo,c2e8bc98-a4ab-5ea1-a64a-f4a9d6cc5aab,scooter,39.987614,-83.016571,,17.37,True,False,False,0
Veo,071ae46c-6f7d-594d-ba2d-d11299f2dca1,scooter,39.96326,-82.953226,,28.14,True,False,False,0
Veo,5875d0d5-d36b-508b-9996-7b44070425e3,scooter,39.970338,-83.002013,,28.14,True,False,False,0
Veo,3bd069b5-a601-583d-837b-189cb0f91b07,scooter,39.965419,-83.003886,,28.14,True,False,False,0
Veo,f7d1f550-90af-5ab4-b13d-c79abb2cffce,scooter,39.958471,-83.002701,,28.14,True,False,False,0
Veo,f2d27885-0496-55bc-b291-67df297900d1,scooter,39.972066,-83.005361,,17.37,True,False,False,0
Veo,551a2d44-9880-53f7-8d4f-7e53d6e1db83,scooter,39.967625,-83.000603,,28.14,True,False,False,0
Veo,419a1e8d-fbbd-5593-af41-7753b63d6fd4,scooter,39.995766,-83.0134,,15.18,True,False,False,0
Veo,abae878f-dbe7-5153-9dcc-1ccff9bbfb07,scooter,39.970355,-83.002092,,14.86,True,False,False,0
Veo,ab19df04-1e25-5d2b-b85a-e76cfe540cd3,scooter,40.001959,-83.001159,,28.01,True,False,False,0
Veo,dd42366e-d415-52fa-8473-e40275cdd4f0,scooter,39.993925,-82.983334,,12.28,True,False,False,0
Veo,e37cca43-ce14-57fc-9278-289e5b4154c6,scooter,40.106227,-83.098944,,23.02,True,False,False,0
Veo,0487081a-5d8c-5796-b2bd-eb316f7016c2,scooter,39.993576,-82.981119,,24.84,True,False,False,0
Veo,b458fa82-c231-5bbd-8860-256986646319,scooter,39.999233,-83.017678,,24.33,True,False,False,0
Veo,b8cf4268-fe26-5036-aba2-825bd40d6d32,scooter,40.031576,-83.010853,,15.18,True,False,False,0
Veo,41c38664-e97b-5d8e-b9a9-f827ea8b02cb,scooter,39.963685,-83.000703,,26.25,True,False,False,0
Veo,04fd918d-ffd1-5c50-8477-8b2c23ec1251,scooter,39.982424,-82.942135,,6.67,True,False,False,0
Veo,bab6f7e1-3bfa-5a0a-8c60-3f7017e6d1aa,scooter,39.959091,-82.986291,,28.14,True,False,False,0
Veo,f8bf9d5a-c095-511b-abeb-3b38a7bb629a,scooter,39.988162,-83.04001,,24.84,True,False,False,0
Veo,1bd158b8-832f-50ad-944f-d6b5b45121dc,scooter,40.009376,-83.013851,,14.61,True,False,False,0
Veo,8d47dc3c-6e81-5483-ad2c-347c0c0a2a48,scooter,40.002427,-83.009362,,28.14,True,False,False,0
Veo,6a43a564-0155-59b3-a6d7-71c1135f37b5,scooter,39.958749,-82.999824,,19.78,True,False,False,0
Veo,aacd6b47-f92f-5c28-bb96-780f3b0145ca,scooter,39.936127,-82.979931,,12.28,True,False,False,0
Veo,de56f456-d439-5800-b301-7d9f8af7a2dd,scooter,39.958262,-82.958146,,28.14,True,False,False,0
Veo,f329deb9-9420-5a33-8368-159706d6f730,scooter,40.001967,-83.001114,,12.52,True,False,False,0
Veo,9f0e8891-553e-5912-bd05-8e1eca316e73,scooter,40.000711,-82.986609,,24.06,True,False,False,0
Veo,7ff31304-cbdf-5afd-9764-83df4f7fbc81,scooter,39.946853,-82.960386,,28.14,True,False,False,0
Veo,d5217f68-3d93-5ae9-8290-f322f283ea89,scooter,40.003162,-82.998417,,25.94,True,False,False,0
Veo,8820f58c-7dad-5a6c-895a-415f0b27ba1f,scooter,39.969079,-83.004065,,15.45,True,False,False,0
Veo,bf09dd41-f7b1-5062-91a8-5cc91e47dc39,scooter,39.95008,-83.000256,,24.84,True,False,False,0
Veo,e362bce4-5afd-5011-ab2d-e3057aa0e24f,scooter,39.962697,-83.004213,,9.02,True,False,False,0
Veo,1e52a3eb-b6be-58fd-995c-0845169d99f5,scooter,40.011996,-82.968589,,17.89,True,False,False,0
Veo,6b8624de-0919-5cfb-a7e5-75dcc2d9bdb8,scooter,39.980194,-83.005472,,28.14,True,False,False,0
Veo,e64b67a9-3733-5e09-bf10-a0cdbd3cfe45,scooter,39.929273,-82.982748,,25.65,True,False,False,0
Veo,3ba404ac-8066-5595-bf96-2915a9420bd1,scooter,40.055011,-83.020261,,16.84,True,False,False,0
Veo,0e4742ff-5eea-5e43-b193-510da8a9c762,scooter,40.00608,-83.014179,,18.67,True,False,False,0
Veo,19dc0af3-c343-5df0-8def-1fe9f59f3a30,scooter,39.981958,-83.009095,,21.77,True,False,False,0
Veo,e5ad8381-10ff-5c66-bd5f-b6348a12cdce,scooter,40.09622,-83.092941,,17.37,True,False,False,0
Veo,ecbeda5b-7c4b-567d-8d9f-40b949670722,scooter,39.960991,-83.01393,,22.39,True,False,False,0
Veo,b061a609-5b42-5391-b1ea-ee3dcbdaf27e,scooter,39.991549,-83.025752,,20.05,True,False,False,0
Veo,408ca0c1-aa2e-5bad-8fdb-93ffba234a30,scooter,40.105742,-83.104746,,22.7,True,False,False,0
Veo,db15ceed-6f5b-5a7b-b48b-a33c85258d2c,scooter,40.011553,-83.005106,,28.14,True,False,False,0
Veo,f99dddc0-67e4-5f67-bf49-c63c56b390d5,scooter,40.005917,-83.017123,,16.84,True,False,False,0
Veo,0213006c-2918-55ba-b48d-c4deb83fc18e,scooter,39.945916,-82.960526,,25.34,True,False,False,0
Veo,095047a0-5f50-532c-a71b-19b73917b645,scooter,39.997885,-83.007217,,17.89,True,False,False,0
Veo,7162f25a-8cbf-56ef-aab3-7469935bde7a,scooter,40.00003,-83.004753,,10.79,True,False,False,0
Veo,8f0cd546-08ce-5b66-9a2c-3a17a9167256,scooter,39.954022,-83.097504,,28.14,True,False,False,0
Veo,387397fc-4abb-5288-a706-cb82ebb13a6a,scooter,40.000766,-82.986413,,28.14,True,False,False,0
Veo,7ce04b21-e749-5223-87cd-ced73b45f899,scooter,40.001962,-83.001146,,25.65,True,False,False,0
Veo,481dc4ea-4781-53cb-ab37-aea5c49739b7,scooter,39.969235,-83.010057,,25.74,True,False,False,0
Veo,a07d4352-e91e-5b56-8059-e75e494de66f,scooter,39.986961,-83.002296,,25.74,True,False,False,0
Veo,b8add0ef-7658-5654-8555-e05d401a5a61,scooter,40.005747,-83.01901,,12.28,True,False,False,0
Veo,1b9523d3-e191-578d-9ba3-52d56c5e3236,scooter,39.997122,-83.015472,,8.09,True,False,False,0
Veo,c09e9dba-efd6-571c-8065-e58c682d38ac,scooter,39.983935,-83.01418,,16.84,True,False,False,0
Veo,11064922-6cf6-505a-8b8e-ff6804308f14,scooter,40.10105,-83.108863,,25.65,True,False,False,0
Veo,92e4237b-4962-5bda-be0d-9f692c85a6c7,scooter,39.972132,-82.980852,,28.01,True,False,False,0
Veo,2d1b78c1-137a-5b02-9989-704e0e377cf9,scooter,39.967965,-83.012342,,26.25,True,False,False,0
Veo,7ea7e8e0-5399-5e12-8df4-53f5909bbceb,scooter,39.970449,-83.001989,,13.39,True,False,False,0
Veo,3e5c6d51-1a04-544e-965f-d7de57e39cf4,scooter,40.006834,-83.047784,,1.15,True,False,False,0
Veo,44292d21-6c90-56cc-9fb1-547e6e2a9da2,scooter,40.000325,-83.011062,,27.02,True,False,False,0
Veo,35fbedd2-dca2-5a03-8913-d6cb34d5a6f9,scooter,40.028984,-82.986597,,27.44,True,False,False,0
Veo,dc1a30bc-a445-5222-9e6f-c9948c27f607,scooter,39.998072,-83.019775,,9.97,True,False,False,0
Veo,0015c203-9321-55ce-8bb0-94628bb5e9a4,scooter,40.000435,-83.02215,,24.06,True,False,False,0
Veo,bdfe99b1-4a27-5d44-9517-bc39092301fc,scooter,39.949456,-82.916597,,22.7,True,False,False,0
Veo,9d924d88-743c-5e5c-a350-f3ff0acc142f,scooter,39.950774,-82.978479,,13.64,True,False,False,0
Veo,3aa6de00-0ad7-512f-b369-184e232bf002,scooter,39.993944,-82.983367,,20.37,True,False,False,0
Veo,c89cc6ca-6b5d-5da9-a93d-bfd272bdbdaa,scooter,39.906211,-82.985915,,6.07,True,False,False,0
Veo,c4c361de-38e9-5757-a86b-bfd5434b1a0d,scooter,39.963243,-82.981306,,27.77,True,False,False,0
Veo,37ea3297-ee89-5127-a428-e698b9d96d3b,scooter,39.963166,-82.980749,,23.02,True,False,False,0
Veo,18092c25-befa-5e1b-93a7-dbc18b7680ad,scooter,39.987038,-82.990081,,14.43,True,False,False,0
Veo,3fb7affb-290b-5c52-9848-d8f336c4114b,scooter,40.001435,-82.998761,,28.14,True,False,False,0
Veo,ffe08448-e8bb-5515-bd14-dee476cb3362,scooter,39.965669,-83.001251,,28.14,True,False,False,0
Veo,bbb0ad27-cf4d-5fda-815b-17f520fea637,scooter,40.037485,-82.973566,,24.06,True,False,False,0
Veo,e909418d-b28e-5eb2-8f08-657c59568cba,scooter,40.017238,-83.001467,,25.94,False,True,False,0
Veo,86469b07-dbc2-55e1-a82e-d1fd95b0f85f,scooter,39.937563,-82.959718,,27.44,True,False,False,0
Veo,3d4c4cfb-6f3c-591a-a0a5-0e92a8aac9a5,scooter,40.101901,-83.11406,,22.05,True,False,False,0
Veo,e050e0fe-7b00-5639-99ec-b98451af7881,scooter,39.998067,-83.016593,,10.79,True,False,False,0
Veo,36c2cccb-2578-5146-9dbf-6aa85288ed98,scooter,39.993894,-82.983378,,12.63,True,False,False,0
Veo,65da7cc6-1393-53e2-ab93-4c216d0ebb9b,scooter,39.992268,-83.015517,,13.64,True,False,False,0
Veo,715780af-4e53-5d3d-bedd-0a2e05271732,scooter,39.935897,-82.988827,,24.84,True,False,False,0
Veo,3d5f70df-d9e9-5279-b9f6-a4d9910ce818,scooter,40.001915,-83.01362,,16.39,True,False,False,0
Veo,81508e5e-ff6e-5be2-92e5-8298e6fce8dd,scooter,39.968981,-83.003943,,28.14,True,False,False,0
Veo,d4d383fd-a69e-572e-be2e-90fc7e752a5c,scooter,40.005025,-83.00884,,14.43,True,False,False,0
Veo,855829ee-42ef-5a84-9fa2-9df3cf1292d3,scooter,40.007431,-83.016317,,22.39,True,False,False,0
Veo,eccb861c-4d92-5091-b328-dd4e7113fddd,scooter,39.924552,-82.936803,,22.39,True,False,False,0
Veo,0e054753-4143-516e-99bb-6547a9203a91,scooter,39.968064,-83.008737,,16.84,True,False,False,0
Veo,095a87e5-2f3d-53bc-9a89-c269747d5e8f,scooter,39.987042,-83.00489,,25.74,True,False,False,0
Veo,03adf605-a0e1-511f-90c9-051e337d65fa,scooter,39.970498,-83.001983,,28.14,True,False,False,0
Veo,1ebc7d04-bc5a-593d-9fa6-e37f1e2f36da,scooter,39.968395,-83.009763,,24.06,True,False,False,0
Veo,a011c07d-e6b2-5050-86b0-a380eb52c013,scooter,39.964832,-82.981206,,14.43,True,False,False,0
Veo,c9722d22-886e-5c42-a48a-61cacc85e9ce,scooter,39.959475,-83.000244,,20.37,True,False,False,0
Veo,02b6f7fd-4286-5fa2-a9c7-67dfbd923a44,scooter,39.95252,-82.981554,,21.15,True,False,False,0
Veo,bb708353-d498-5d97-ac11-eab784d59b69,scooter,39.982701,-82.990302,,26.51,True,False,False,0
Veo,dade5a7d-8ace-560c-8d1d-7d097f2d6c8a,scooter,39.964621,-82.988577,,22.7,False,True,True,0
Veo,5b21d3a3-745b-5ab1-8f8f-1b0857c01516,scooter,39.95654,-82.995626,,15.89,True,False,False,0
Veo,5816e5a6-fa2b-50f1-bc03-924fb31315fd,scooter,40.00309,-83.006738,,25.74,True,False,False,0
Veo,104fff16-31b0-5899-8d35-7999a59393be,scooter,39.96794,-82.977079,,28.14,True,False,False,0
Veo,c578f75b-434d-5b35-a482-03d2cccc61fa,scooter,40.002251,-83.010025,,24.06,True,False,False,0
Veo,2d295e11-caa4-5561-9cab-19165dff3b37,scooter,39.967998,-83.008639,,14.86,True,False,False,0
Veo,e884fa0b-299f-547c-bab7-203856418195,scooter,39.990529,-83.003623,,24.84,True,False,False,0
Veo,d75ab2bf-5c6b-59b7-b589-8da25e71ab43,scooter,39.924268,-83.093016,,15.45,True,False,False,0
Veo,6d4c4370-141d-5be0-8b41-a7ed6d7e3577,scooter,39.985626,-83.005186,,27.77,False,False,True,0
Veo,37f11847-033f-57ac-a12a-6521ed1dd2d3,scooter,39.970485,-83.002159,,15.89,True,False,False,0
Veo,6af78d30-f804-5b9b-b8da-d9bc98e52ac5,scooter,39.96294,-83.004224,,28.14,True,False,False,0
Veo,34981f42-bc12-5688-9afd-cf6dfde8e863,scooter,39.972157,-83.002608,,14.61,True,False,False,0
Veo,13a7de70-d81f-5f9b-9abc-f472226cf6fa,scooter,39.957392,-83.011486,,11.59,True,False,False,0
Veo,f1354e2e-517f-53ad-8fbe-ed88916265c4,scooter,39.956148,-82.945277,,28.14,True,False,False,0
Veo,90dad696-0b36-506a-a4c8-bd82464f10db,scooter,39.968691,-82.981884,,14.43,True,False,False,0
Veo,03218280-9e9b-5c55-9bcd-7b7db2da4eb6,scooter,39.989748,-83.00551,,9.65,True,False,False,0
Veo,d9ac639b-cbe9-59d7-b5d1-ea423afc0cdb,scooter,39.999461,-83.025776,,26.51,True,False,False,0
Veo,3b1b13e5-9e1d-590c-8c38-ad2e392d0fbd,scooter,39.99678,-83.013612,,28.14,True,False,False,0
Veo,4819682b-63e6-574e-bc51-6b02bd70edac,scooter,39.958866,-83.012754,,26.78,True,False,False,0
Veo,c273d205-34ed-58bb-90f0-79e1b3d8293c,scooter,40.10107,-83.108815,,14.43,True,False,False,0
Veo,d1207842-bdfb-5b15-a564-9083abb500a7,scooter,40.001512,-82.999245,,12.07,True,False,False,0
Veo,b9157ad4-b0e4-5491-8e3a-b0c0c4a4a9bc,scooter,39.985643,-83.005061,,14.61,False,False,True,0
Veo,f2b224de-432c-5712-9b63-66a23443361e,scooter,39.971434,-82.966046,,27.77,True,False,False,0
Veo,c88bb2b0-6c66-5530-9b11-26b2ee03aaee,scooter,39.943742,-82.994264,,6.98,True,False,False,0
Veo,80cff4cf-0404-5619-95b6-e52b80305838,scooter,39.968239,-83.009719,,25.65,True,False,False,0
Veo,cc4f311e-21bc-5010-9229-1fa781e0038d,scooter,39.956242,-82.960794,,26.25,True,False,False,0
Veo,7d4f80f4-2abf-5fea-bf93-0bbc124c22b3,scooter,39.997045,-83.014048,,28.01,True,False,False,0
Veo,e92f97fe-b712-5367-983b-9d4edd8872af,scooter,39.986879,-83.009457,,14.61,True,False,False,0
Veo,81bcbc7a-a70f-5b9f-b4c3-d982f8ee20a3,scooter,39.939854,-82.990654,,28.14,True,False,False,0
Veo,ccaa3ac6-fd9e-5db5-a109-8ecc8c149507,scooter,39.993554,-82.98111,,28.14,True,False,False,0
Veo,e1698967-3d3c-5aea-99be-c2e9a763d462,scooter,39.968282,-83.009719,,22.39,True,False,False,0
Veo,9c10b40c-758d-5c9b-bcdc-d39783d5f84b,scooter,40.074604,-83.09282,,24.33,True,False,False,0
Veo,342a45b6-ebeb-505f-bd9e-03057e593bdd,scooter,39.941978,-82.995052,,28.14,True,False,False,0
Veo,8436d922-fd08-5014-b91b-7d5c41af3ef0,scooter,40.100023,-83.11472,,9.65,True,False,False,0
Veo,3a97c8a9-0283-57e3-98f5-1411738f895b,scooter,40.0013,-83.010528,,21.77,True,False,False,0
Veo,d5bbe6b1-0b70-5b1f-993d-776bb06ca748,scooter,39.950849,-83.002591,,19.78,True,False,False,0
Veo,06429461-1c45-50df-b70f-923ffd7a3759,scooter,40.010204,-83.020166,,10.31,True,False,False,0
Veo,6b24f3d7-b68f-503f-a2a1-fc8c20596efa,scooter,39.958269,-83.033858,,9.65,True,False,False,0
Veo,7ac08b7b-9709-590b-ad4a-072088eb50e1,scooter,39.968359,-83.009732,,15.18,True,False,False,0
Veo,66f75f46-1c9c-5148-94a0-8d90a3d66b29,scooter,39.974358,-83.014495,,25.65,True,False,False,0
Veo,af318b41-24df-505d-80de-a6b55f836c05,scooter,40.002963,-83.00583,,8.78,True,False,False,0
Veo,4725a5e3-c8c5-5fd6-b7a0-66c9b8fc6ffa,scooter,39.980845,-83.00562,,12.28,True,False,False,0
Veo,bf0d895b-3e1c-5833-8dd6-2a563deb65ec,scooter,39.950119,-83.000245,,28.14,True,False,False,0
Veo,f4b90d7e-8c35-500a-8bb7-af87933a631b,scooter,39.961433,-82.993875,,15.45,True,False,False,0
Veo,84c069e9-1cd6-51f2-bfc7-468b94dbbb0f,scooter,40.008827,-83.000424,,11.11,True,False,False,0
Veo,9e53f4cc-b325-5c33-a78f-4b0fc6c17ad6,scooter,39.968975,-83.004146,,14.86,True,False,False,0
Veo,7611829f-b099-5945-9672-32c47a727e22,scooter,39.966307,-82.99293,,24.33,True,False,False,0
Veo,100a0943-2c31-5afe-95d2-18837ffa220d,scooter,39.949438,-82.96725,,25.34,True,False,False,0
Veo,104ef911-3c65-5cd6-95ab-7f456cc295e1,scooter,39.968341,-83.009735,,28.14,True,False,False,0
Veo,e2b9c17c-fc15-5aff-ba61-84260e7b4068,scooter,39.966311,-82.992933,,9.29,True,False,False,0
Veo,2a5da2dd-44b8-56d2-be64-3d95a2e11798,scooter,39.948918,-82.986793,,28.14,True,False,False,0
Veo,20d18525-1812-58e5-8ad8-ea95f3a2ce7c,scooter,39.972512,-83.006942,,27.77,True,False,False,0
Veo,7ac481fb-d169-5432-9769-cc98ae77a462,scooter,39.982648,-83.0034,,25.94,True,False,False,0
Veo,5209e7fb-d5cf-5f8e-9a7b-83007ad03be7,scooter,39.957785,-82.998876,,25.94,True,False,False,0
Veo,123c7ddc-c5fd-5edf-85db-b5775d6a4b01,scooter,39.958778,-83.001382,,28.01,True,False,False,0
Veo,799b4fac-b651-58c9-aeaf-65cc0871bec4,scooter,39.963627,-83.000677,,13.64,True,False,False,0
Veo,f00eec25-feea-57bc-80d0-c92d096e3099,scooter,39.957632,-82.999458,,28.14,True,False,False,0
Veo,12bc48bf-945d-5277-8c73-979e0a9db81c,scooter,39.964917,-82.984802,,26.78,True,False,False,0
Veo,72cddecd-58ac-590a-877d-0f9f95252dea,scooter,39.97778,-82.945867,,28.14,True,False,False,0
Veo,ccd666ff-dd11-5ba5-8da4-3ba6499779b7,scooter,39.887628,-82.968018,,9.97,True,False,False,0
Veo,f24a4204-e282-59d5-968d-c5da71c93a67,scooter,39.968758,-82.980084,,28.14,True,False,False,0
Veo,2a3fa806-8bd9-5504-a00a-e1cdf95768ac,scooter,39.96908,-83.003902,,28.14,True,False,False,0
Veo,209bb0ea-fe03-58f0-ad8a-d2894e52b792,scooter,39.993418,-83.007585,,28.14,True,False,False,0
Veo,f3fdea4f-2f01-5499-aec1-c4cdfc8faf8d,scooter,39.954479,-82.999696,,24.06,True,False,False,0
Veo,9e6a1806-6b17-5496-a03e-e76071e22ce5,scooter,39.955188,-83.019697,,21.15,True,False,False,0
Veo,f3c65685-3eab-5ed4-967a-35a04eff11e9,scooter,39.935949,-82.976178,,25.34,True,False,False,0
Veo,d223c290-f0ed-53d0-b7d5-976ed8472b5f,scooter,39.954887,-83.011426,,27.44,True,False,False,0
Veo,00b2573b-e442-5a0d-a52d-05a758df7d94,scooter,39.975284,-82.982753,,25.12,True,False,False,0
Veo,3e9a9a19-acb4-59cb-929e-e07a312c5ac7,scooter,39.985658,-82.995463,,16.39,True,False,False,0
Veo,718869e2-7f06-5d6c-8a25-527ce1a8a4a2,scooter,40.105717,-83.104803,,22.05,True,False,False,0
Veo,84dfc2c8-8cae-547e-9c75-6954fe9088ba,scooter,39.966283,-83.001182,,28.14,True,False,False,0
Veo,bebc54b3-d21b-5982-93e0-295c6ad855b8,scooter,39.984504,-83.027818,,21.49,True,False,False,0
Veo,cdd56c31-a60b-5eaf-bbea-07ebbd3a008b,scooter,40.001903,-83.001121,,6.07,True,False,False,0
Veo,c38cb7f0-cd67-5c06-ba90-cc00f7e7cb20,scooter,39.993928,-82.983324,,10.79,True,False,False,0
Veo,2a78b794-058e-50ac-aa9f-8686cb136854,scooter,40.002008,-83.012642,,13.39,True,False,False,0
Veo,d902bd89-2ee3-5e59-8137-550bd4e6eb8d,scooter,39.982031,-82.96067,,5.59,True,False,False,0
Veo,19e93f03-db97-5546-8ce3-f8005d09858e,scooter,39.943147,-82.996524,,16.39,True,False,False,0
Veo,c9098855-a626-5096-b5e2-e8dfc14f99fd,scooter,39.993928,-82.983405,,28.01,True,False,False,0
Veo,e3798fc0-3d6c-52c6-87a4-0c6b0be9afc2,scooter,39.996191,-83.020662,,11.83,True,False,False,0
Veo,7f62bc06-8b5c-515d-ac12-7c93902eeb59,scooter,39.963736,-83.000716,,28.14,True,False,False,0
Veo,164124cd-ed0c-530b-aa46-9af734310722,scooter,40.001865,-83.008859,,24.33,True,False,False,0
Veo,50ac7427-6663-5cfd-bae8-07aecadc878b,scooter,39.965275,-82.982325,,23.02,True,False,False,0
Veo,d72cc2d2-1031-5463-9b82-191d8a1fc1cd,scooter,40.026956,-83.015352,,28.14,True,False,False,0
Veo,cb25ea10-fd87-5e68-8774-80c8d2645e4f,scooter,40.001326,-83.001745,,23.02,True,False,False,0
Veo,b64495ae-2b39-5452-99b6-09bd9446ef52,scooter,39.969435,-82.982845,,24.84,True,False,False,0
Veo,69d69211-894c-501c-ad76-b28c90cdeb99,scooter,39.980992,-83.003079,,25.65,True,False,False,0
Veo,a3d0d3e5-3081-57f8-9401-1998ab38da93,scooter,39.935039,-82.992864,,15.89,True,False,False,0
Veo,57d8d375-a65f-5249-a35d-ab8690b7cbde,scooter,40.001951,-83.001154,,7.29,True,False,False,0
Veo,d698ce99-f032-5a01-909f-75285496642a,scooter,39.979031,-83.017554,,14.17,True,False,False,0
Veo,4c00776d-21c9-5a53-91c0-afb722f26b67,scooter,39.978034,-83.00283,,11.59,True,False,False,0
Veo,4b831cbc-7db4-508d-bb65-c029dbc4fdc3,scooter,39.993551,-82.98113,,28.14,True,False,False,0
Veo,d9057dae-323e-5ea5-9d10-05d43bdd3218,scooter,39.974163,-83.001328,,14.61,True,False,False,0
Veo,4c76fcfe-3f88-59ea-9d4f-512fa5be507f,scooter,39.934994,-82.99286,,20.37,True,False,False,0
Veo,a4a52401-282a-5aed-a268-78a095f2dc79,scooter,39.957532,-83.003797,,28.14,True,False,False,0
Veo,9f7e7def-757c-5bda-9e76-3282b311d845,scooter,39.965141,-82.974099,,21.15,True,False,False,0
Veo,306bb7ef-233e-55c1-8697-48cdbd1f4fc7,scooter,39.972344,-83.007235,,14.43,True,False,False,0
Veo,a893f24b-c54f-521c-b978-087e4136b71e,scooter,39.994536,-83.0136,,8.09,True,False,False,0
Veo,654478fb-ed7c-5b7e-8721-4c2549ed5386,scooter,40.001958,-83.001156,,24.06,True,False,False,0
Veo,5b1cea06-7abb-5d1d-8290-f540431fe71d,scooter,39.968657,-83.007563,,25.74,True,False,False,0
Veo,620d6a39-415d-53c7-90ec-50a46b3f41fa,scooter,40.007256,-83.016759,,28.14,True,False,False,0
Veo,9ba44da4-3e28-5d7e-9f43-1f04e5d403bf,scooter,39.958555,-83.002629,,28.14,True,False,False,0
Veo,df248572-9c9f-5372-838e-56d1d5ff60f4,scooter,40.004757,-83.025947,,27.77,True,False,False,0
Veo,bfe102bd-1f4a-510d-a523-5658ab2ba687,scooter,39.97919,-83.018552,,13.86,True,False,False,0
Veo,22c7939a-783b-5eda-b3a1-47f66256932f,scooter,39.968332,-83.009736,,28.14,True,False,False,0
Veo,792e99d4-4705-5819-8faf-29296b9b9c06,scooter,39.987096,-83.006007,,14.61,True,False,False,0
Veo,4274229d-1ef2-5448-a3e0-ff9ae847ecbe,scooter,39.929337,-83.116968,,25.12,True,False,False,0
Veo,111c875a-fa68-5d1c-86ef-c4235e6b4fc6,scooter,39.954617,-82.999632,,13.1,True,False,False,0
Veo,8b942eaf-3036-5759-aaf5-4334ee0c5570,scooter,39.969962,-82.963851,,28.14,True,False,False,0
Veo,9ad9b8d9-dbc9-50fc-a189-051eec424534,scooter,39.960487,-83.013056,,24.33,True,False,False,0
Veo,e8203680-5fe5-5870-87da-fe1a78ca1423,scooter,39.958573,-83.013813,,27.02,True,False,False,0
Veo,aa2cc45a-34c9-52ee-86f9-adbf3a135015,scooter,39.974126,-83.010343,,9.65,True,False,False,0
Veo,8d9746fa-3704-5def-9c23-243723695831,scooter,39.974876,-83.002494,,28.14,True,False,False,0
Veo,fd762a04-c93a-5679-969b-f223fc2c17f1,scooter,39.958578,-83.012752,,24.84,True,False,False,0
Veo,7cc50d1a-398f-5954-b416-0ccaa139eb1f,scooter,40.001238,-83.011444,,15.18,False,True,False,0
Veo,cdee0ddd-9778-5c4f-9cf9-25fff987ff62,scooter,39.993899,-82.983315,,28.14,True,False,False,0
Veo,ea539830-1f84-59b5-b557-2684025263be,scooter,39.987123,-83.001897,,14.17,True,False,False,0
Veo,70881902-9cf9-5af3-ab79-3d502f5680b7,scooter,39.963979,-82.999811,,28.14,True,False,False,0
Veo,b3422429-e295-54c3-b901-36b4e7d7fa20,scooter,39.991734,-83.001603,,12.28,True,False,False,0
Veo,c9a60ac9-b946-5f94-b573-e5065054cfe6,scooter,39.966549,-83.002405,,14.86,True,False,False,0
Veo,a77d350e-2bf9-5247-ade6-3e7216568e8e,scooter,39.98614,-83.015266,,11.83,True,False,False,0
Veo,5aba30f5-c99a-5539-b059-caa0cb7b3eb5,scooter,39.955567,-83.017376,,25.34,True,False,False,0
Veo,33808803-616e-5a67-9853-ce6d3a0459f8,scooter,39.978767,-83.004194,,26.25,True,False,False,0
Veo,48993e9d-1f55-5dab-96fa-50ad7d239ab4,scooter,39.955961,-82.94524,,28.14,True,False,False,0
Veo,b08f2fec-c748-5551-b1c9-a6706b6826d9,scooter,39.963866,-83.040642,,22.7,True,False,False,0
Veo,a5dbedd0-22d3-5be3-9e87-b9c30540c221,scooter,39.96814,-83.012278,,25.65,True,False,False,0
Veo,651739be-b89e-58ba-9cb1-06f45fe1ab04,scooter,40.032056,-82.972719,,13.64,True,False,False,0
Veo,cc3bceb1-6876-5cc6-9e71-9b5c4dd1b703,scooter,40.00017,-83.021432,,24.84,True,False,False,0
Veo,cf0316c5-6fdf-562b-906b-e2ba92f09878,scooter,40.000532,-83.010196,,24.84,True,False,False,0
Veo,fcaaf953-83e6-5de8-a2f6-190611ec32db,scooter,39.998304,-83.021048,,5.03,True,False,False,0
Veo,5bc251cf-1abb-5b1c-ae9b-218c9e26e4f5,scooter,40.001546,-82.999228,,21.77,True,False,False,0
Veo,f74dd2dc-07f7-55a4-855e-0fc2fdefac92,scooter,39.961442,-82.996307,,28.14,True,False,False,0
Veo,4de0b5de-a6bc-572b-9008-1673f180d15d,scooter,39.934717,-82.983051,,13.1,True,False,False,0
Veo,1ed3d958-409c-5b64-a207-28b9d39ca112,scooter,39.967268,-83.019032,,28.14,True,False,False,0
Veo,15e7510d-b339-5141-89f7-ecc918f08608,scooter,39.956887,-83.07293,,21.77,True,False,False,0
Veo,3bbe1eb0-53f4-5278-a4ef-362a1c28d64f,bicycle,39.99418,-83.016644,,13.86,True,False,False,0
Veo,570e66f6-5a8f-5a9a-85c1-211b39924947,scooter,40.032075,-82.972706,,14.17,True,False,False,0
Veo,860a28a4-f860-5bb9-aba0-55e4934f00d3,scooter,39.999996,-83.021663,,24.33,True,False,False,0
Veo,31a1217f-125f-54d6-bbcd-fca16fe0cc6b,scooter,39.957373,-83.011413,,15.89,True,False,False,0
Veo,8a029643-624a-5401-b05f-0a2632eae812,scooter,39.989885,-82.98607,,15.18,True,False,False,0
Veo,329d6fd1-132c-5b0f-9149-956bcd6cba56,scooter,40.001932,-83.0011,,11.11,True,False,False,0
Veo,c0f6212b-303c-5b97-9373-ea0bdbd2b68e,scooter,39.952673,-83.03202,,15.45,True,False,False,0
Veo,83bdafb8-4560-539e-b232-1a6e363b965a,scooter,39.898819,-82.998734,,23.02,True,False,False,0
Veo,be2f161a-c40a-54a9-aa71-c3852810aea0,scooter,39.997569,-83.001384,,28.14,True,False,False,0
Veo,8ffea3be-c016-5c6b-96d6-676e3d626ef9,scooter,39.957105,-82.938124,,28.14,True,False,False,0
Veo,96d23e7a-aa6c-5663-a5be-3eb6f6ac377c,scooter,39.959211,-83.001999,,4.67,True,False,False,0
Veo,c3ff5797-65e7-529f-9f9f-d00e12128027,scooter,39.970363,-83.00207,,14.43,True,False,False,0
Veo,ce3a71ee-401d-5931-97b8-9a7e6a82d9c1,scooter,39.972101,-82.980949,,17.89,True,False,False,0
Veo,55fe52ee-cec4-5333-9ceb-dd34404644db,scooter,39.994492,-83.017448,,11.59,True,False,False,0
Veo,08932c1b-5fed-5ed6-98dd-aa5e53c56466,scooter,39.972699,-82.970633,,14.43,True,False,False,0
Veo,61bf2873-350f-5667-87c9-1659a5e6a9f2,scooter,39.969608,-82.978234,,14.61,True,False,False,0
Veo,39704ea4-2ae5-5137-a819-fcb92a3ec94c,scooter,39.996732,-83.004704,,23.33,True,False,False,0
Veo,7510fbd8-e1f1-55b0-97f7-25b7eadf8a74,scooter,39.978897,-83.011568,,20.37,True,False,False,0
Veo,d0730b51-0de7-5f9f-b1ab-00ea6caa4086,scooter,39.973898,-82.877567,,13.1,True,False,False,0
Veo,ea0debfa-1e8a-5923-b49e-f646a53b5abc,scooter,39.994445,-83.017264,,17.37,True,False,False,0
Veo,4ec96187-2bd6-5e10-b881-6f4daa2a6e01,scooter,39.959106,-82.978604,,6.07,True,False,False,0
Veo,9b512a31-b531-508c-83da-c068a21057b1,scooter,39.996946,-83.007353,,28.01,True,False,False,0
Veo,8f105502-9d05-5a9e-ad60-8dcc9546c887,scooter,40.006429,-82.971962,,14.61,True,False,False,0
Veo,74597dc6-3e73-575f-aa56-bef36ebdd045,scooter,39.956283,-83.003196,,11.34,True,False,False,0
Veo,b833d6e6-d118-52c3-aff1-a55931e3b6be,scooter,39.980277,-83.00308,,27.44,True,False,False,0
Veo,f3fa7133-e54b-5d90-b253-00272400dad3,scooter,39.940453,-82.983534,,24.06,True,False,False,0
Veo,fb6d2154-a631-511d-bf9e-a4d7b42fd862,scooter,39.986909,-83.016683,,19.05,True,False,False,0
Veo,65547960-6c46-5cc9-a782-fad727e71685,scooter,39.957069,-82.938099,,28.14,True,False,False,0
Veo,3b0d6c47-7543-5527-8eae-1040dbe5e7a5,scooter,39.985193,-83.005437,,13.1,True,False,False,0
Veo,838768bb-8477-5074-96c3-dab30c28123e,scooter,39.948227,-82.942194,,18.19,True,False,False,0
Veo,1f638320-4550-5707-8b43-e148ff03a029,scooter,40.005167,-83.012581,,22.7,True,False,False,0
Veo,2b21c3e9-33d9-5e85-9b3d-60c382e0a0cd,scooter,40.103895,-83.108924,,27.77,True,False,False,0
Veo,e3fd9478-9bb2-5d1e-af5f-f94d5fc431cc,scooter,39.959558,-83.01329,,17.89,True,False,False,0
Veo,a0c0f4ed-4846-5f84-a097-f51305b3b22f,scooter,39.971724,-83.003136,,24.33,True,False,False,0
Veo,d77b7c44-1ced-5379-95fb-27a1a32c172c,scooter,39.970419,-83.002161,,24.84,True,False,False,0
Veo,cbfbbd86-e7f6-592b-8340-c0ab2df673d9,scooter,39.960838,-82.996921,,21.77,True,False,False,0
Veo,7f15226b-9040-5245-a704-79215a3d0a02,scooter,39.922591,-83.034555,,28.14,True,False,False,0
Veo,fc0c502a-296e-5737-be60-34ae78d7c53d,scooter,39.957971,-83.013707,,18.19,True,False,False,0
Veo,94ded7d2-1d8e-503c-aadf-b0683280cfb9,scooter,39.987742,-83.006385,,28.14,True,False,False,0
Veo,56d14826-7e2d-5d7a-b22d-51016d1dea88,scooter,39.987524,-83.010736,,13.1,True,False,False,0
Veo,f324af6f-8908-5f31-891f-77bd5436cb58,scooter,39.965986,-83.001514,,28.14,True,False,False,0
Veo,89bd5cd6-cb0d-5ada-92e4-b5bf8402ee74,scooter,39.987044,-82.990069,,28.14,True,False,False,0
Veo,a92fec6d-3fb5-5b72-8fec-55befc1e3341,scooter,39.999286,-83.017438,,10.51,True,False,False,0
Veo,d2501ff5-3324-5569-8b53-e3eb8c282e35,scooter,40.10593,-83.106307,,5.44,True,False,False,0
Veo,3033ea42-b9ba-5a62-ac92-d6ca2292f9bc,scooter,39.994009,-83.004505,,25.74,True,False,False,0
Veo,04020139-e8e6-5c55-b483-5d8393691772,scooter,39.976959,-82.995162,,21.49,True,False,False,0
Veo,02a5fafa-c233-5241-9d5d-455a10265209,scooter,39.993536,-82.981137,,8.78,True,False,False,0
Veo,93a657f0-2124-515f-82d0-beaa52ac0d26,scooter,40.001951,-83.001147,,11.34,True,False,False,0
Veo,89640c5a-f923-57cb-919c-1fe632a1e206,scooter,39.963049,-82.976617,,24.06,True,False,False,0
Veo,9a66dfcb-93e4-5437-bf6f-7f7dceb512c9,bicycle,39.991543,-83.009061,,28.14,True,False,False,0
Veo,4a4e88e9-0bf5-5aa7-986c-4abe9480968d,bicycle,39.947127,-82.997543,,12.52,True,False,False,0
Veo,00ceb33d-c456-5854-98da-f691a2c4d51b,scooter,40.00117,-83.013617,,26.25,True,False,False,0
Veo,c14cb7d3-9595-5887-9df9-dbdca39e8147,scooter,39.932251,-82.968617,,22.39,True,False,False,0
Veo,10d04c24-2776-5d5e-ba30-e95b887704f5,scooter,39.976997,-83.005088,,27.18,False,False,True,0
Veo,3efdd7b3-52c4-5b21-a4ce-5f829d367536,scooter,39.993686,-83.008429,,6.67,True,False,False,0
Veo,2a9454de-462e-5c1e-b902-2701375bd072,scooter,40.139122,-83.120383,,27.77,True,False,False,0
Veo,8485067e-9cab-5a40-bdaa-20f046380aa5,scooter,39.949337,-82.995454,,13.39,True,False,False,0
Veo,8d70e5d8-e189-52fd-b5a3-07a046ff6716,scooter,39.967611,-83.013478,,24.33,True,False,False,0
Veo,44598f59-21a9-562b-8378-7cae4a273261,scooter,40.100698,-82.959218,,5.44,True,False,False,0
Veo,8c142702-6c10-5f72-9b07-e583cb028b33,scooter,39.956508,-82.987348,,5.03,True,False,False,0
Veo,38ff14cc-01b4-5aa4-8c33-68df14f907f1,scooter,39.953266,-82.993229,,17.89,True,False,False,0
Veo,98c87374-71a6-53bd-be7c-b34c6d3f7fb1,bicycle,39.994248,-83.011883,,6.67,True,False,False,0
Veo,9d9ae3c5-7262-52e5-be99-f3c7c3a2f970,bicycle,39.928843,-82.950953,,12.28,True,False,False,0
Veo,2e91aefa-fa01-5209-a6f2-3eeb93fc7dc2,scooter,39.958033,-83.006467,,22.7,True,False,False,0
Veo,8a5864a7-97d7-5c40-a646-c176a9ff9406,scooter,39.940507,-83.09292,,22.7,True,False,False,0
Veo,c6b769e2-d91e-5ad9-9703-d7ef30c9b5c5,scooter,39.961541,-83.034795,,27.77,True,False,False,0
Veo,b03bd05c-84d1-5644-9515-9f35754ba16a,scooter,40.001526,-82.981276,,13.64,True,False,False,0
Veo,1d8f1de8-a4c4-512e-a182-e0e473377c83,scooter,39.986863,-82.998463,,13.64,True,False,False,0
Veo,5fb398ad-864a-5a08-8c2d-980767f146cc,bicycle,39.956207,-82.896366,,11.59,True,False,False,0
Veo,b3a5b860-bd5d-529b-a11f-ee3ee01abebc,bicycle,39.956849,-83.053811,,25.74,True,False,False,0
Veo,b1d34ab6-e426-569f-9d2e-1620c41080d8,bicycle,39.95597272041568,-82.94534782164625,,25.74,True,False,False,0
Veo,bdec58a0-16bd-5ef9-95b7-f8eb8b431ec8,bicycle,39.947473,-83.049246,,12.63,True,False,False,0
Veo,3f0393d8-073a-5296-89c5-69d59989d89c,bicycle,39.961265,-83.086805,,3.13,True,False,False,0
Veo,1e330602-3d1e-515f-a77b-2a82a266e1fc,bicycle,39.985616,-82.995362,,13.1,True,False,False,0
Veo,4d3936ce-f200-5a3c-90d8-8a24ac96eace,bicycle,39.983071,-83.00538,,28.14,True,False,False,0
Veo,3237fe94-a3de-529b-a831-114c3bebdef3,bicycle,39.974436,-83.022764,,24.33,True,False,False,0
Veo,2dd3cabb-7b22-5a43-9122-f65f2583ec48,bicycle,40.001871,-82.999059,,6.67,True,False,False,0
Veo,575cf9bb-2bbc-5066-9bb1-db9c412746f5,bicycle,39.94978,-83.026577,,9.29,True,False,False,0
Veo,df341504-f82d-5500-a5cb-df9b8e4e854d,bicycle,39.994196,-82.93596,,19.78,True,False,False,0
Veo,d89965cf-0761-5a14-b761-28cfdcd8c584,bicycle,39.968498,-83.012361,,27.02,True,False,False,0
Veo,f9e8990b-3fb5-523c-abb1-8336e6054d87,scooter,39.997312,-83.016835,,10.31,True,False,False,0
Veo,bd0a9a45-73d2-5458-9fe6-f331e48bd92e,scooter,39.957102,-82.938088,,14.43,True,False,False,0
Veo,1d2f7b24-1780-53bc-8d0e-71ee832f2619,scooter,39.99744,-83.007558,,24.06,True,False,False,0
Veo,7ef5e3ad-1e64-5d92-b1c3-974b4d7053d6,scooter,40.005676,-83.009522,,26.25,True,False,False,0
Veo,5ba7a800-eb40-5384-99d7-d24abe4e060c,scooter,39.957386,-83.011366,,27.44,True,False,False,0
Veo,12eac785-e3c5-5bd4-ba93-732770269c45,scooter,39.999971,-83.021299,,20.78,True,False,False,0
Veo,f860f5c5-7a0a-5edf-9538-36cc3b0b5403,scooter,40.003023,-83.01364,,11.59,True,False,False,0
Veo,913e1457-13f8-5f62-bf64-e0584aca788f,scooter,39.970478,-83.002147,,25.94,True,False,False,0
Veo,33947f82-6325-5c77-b418-c429f85111cd,scooter,39.962313,-82.989511,,28.14,True,False,False,0
Veo,57e97385-ff7a-5184-9fb5-684cce78e2b2,scooter,39.950529,-83.000619,,14.86,True,False,False,0
Veo,a260c4bf-2888-5a80-9bb5-35d226c5154e,scooter,39.968679,-83.003604,,14.17,False,False,True,0
Veo,b4b92d6b-084d-55dd-9f8b-a08058a8c8cd,scooter,39.972389,-83.005462,,27.77,True,False,False,0
Veo,efb54aa6-49ce-5091-8bf2-b9a1b9a2f6b1,scooter,39.970362,-83.001931,,26.25,True,False,False,0
Veo,f0a6c14e-874b-5e26-b815-76967fbcde74,scooter,39.935999,-82.911473,,13.39,True,False,False,0
Veo,7f6e0f91-ca04-5450-a915-e231599f61de,scooter,39.990052,-83.017292,,12.07,True,False,False,0
Veo,18924ecf-f928-5671-b3a5-d8db046f6bd9,scooter,39.944019,-82.996296,,25.94,True,False,False,0
Veo,1c4767d7-3782-59a3-8930-df01256e9ad0,scooter,39.994102,-83.005686,,13.86,True,False,False,0
Veo,f10fdf3d-87e4-5d3b-a1b8-559a91d7ca30,scooter,39.953707,-83.095415,,28.01,True,False,False,0
Veo,373c4041-c466-5722-8aa1-9f0ef24ff6c8,scooter,40.068146,-83.092838,,8.78,True,False,False,0
Veo,f38ac6a9-1ed9-52d0-8a53-7f766300ba0d,scooter,40.000109,-83.017673,,14.86,True,False,False,0
Veo,79873f7d-343f-50c8-b030-7a681ee1807f,scooter,39.985183,-83.00545,,13.64,True,False,False,0
Veo,54f45af1-2343-5ec1-8797-340891f47ced,scooter,39.956097,-83.05366,,24.06,False,True,False,0
Veo,819cc1e1-c32d-5a83-acb9-c65ff8f9313e,scooter,39.95352,-83.032645,,11.34,True,False,False,0
Veo,cbf5422b-0050-52c5-9fd0-ef990f755d47,scooter,39.970249,-83.004311,,28.14,True,False,False,0
Veo,6c5dad4b-53c7-5d7c-a93f-6b037c25c4bc,scooter,40.002182,-83.01094,,24.06,True,False,False,0
Veo,c1e63e27-b934-59d1-a3c5-bc82d1d64371,scooter,39.973969,-83.001423,,13.1,True,False,False,0
Veo,444943fe-17aa-577d-b5b3-a91f6c677c19,scooter,39.996793,-83.007184,,21.15,True,False,False,0
Veo,9a3a2dd4-fb3f-5faa-be9d-c3796b145d4f,scooter,39.990817,-83.002494,,28.14,True,False,False,0
Veo,581cd842-fce2-5c01-a267-d998c61e8815,scooter,39.965924,-83.001446,,24.06,True,False,False,0
Veo,7b601496-6bab-58b7-9a2a-9fc5b8af33d0,scooter,40.104779,-83.11059,,27.77,True,False,False,0
Veo,cb62198b-bd1f-5471-8715-5b34f93e96ca,scooter,39.982369,-82.982317,,24.06,True,False,False,0
Veo,9a574cd0-e30c-5d4d-939d-54efacf617c3,scooter,39.980583,-82.999645,,28.14,True,False,False,0
Veo,d5d2c027-664b-5fd5-9aee-eaf1daa86556,scooter,39.967912,-83.008648,,17.89,True,False,False,0
Veo,dccf7276-8bf5-54a5-8575-8e91c6f51033,scooter,39.949477,-83.001301,,24.33,True,False,False,0
Veo,251faca8-17d1-525d-a3bc-629ea44bcb1b,scooter,39.990171,-83.013706,,20.37,True,False,False,0
Veo,25544397-62d6-5f76-bfd3-f5d5f6a62909,scooter,39.968697,-82.981867,,28.14,True,False,False,0
Veo,2f9f2560-6659-55bb-a643-f40dd8289aa7,scooter,39.98691,-83.009433,,14.17,True,False,False,0
Veo,f6ffc20a-2006-52e2-a4bb-e15f6d6e773c,scooter,39.997322,-82.996166,,25.94,True,False,False,0
Veo,bdbe41e9-d2c0-54a6-84c6-48b470cf59c7,scooter,39.969047,-83.004027,,9.02,True,False,False,0
Veo,30db4fdb-61c6-5867-ac5d-73eaa5c9c17f,scooter,39.958237,-82.97538,,25.34,True,False,False,0
Veo,2ae8a1aa-20e2-50f3-8084-d68c810137c2,scooter,40.006798,-83.047857,,22.05,True,False,False,0
Spin,6cc5cb0c-1ef1-4dfc-94dc-d6155ce6742f,scooter,40.01705,-82.965548,67,18.99,True,False,False,1787688988
Spin,8ea0923e-ba64-45d1-99a1-115259668612,scooter,40.018729,-82.978205,56,15.93,True,False,False,1787689074
Spin,78deaafa-4125-40f5-9b22-6b3d0d7f2f38,scooter,39.962368,-82.956739,39,10.54,True,False,False,1787689073
Spin,c374781c-49fd-4b7b-bc0b-90264d4010a3,scooter,40.023658,-82.987277,67,18.99,True,False,False,1787689007
Spin,6f52c886-fc5f-48bb-b3cc-d1fc5427b914,scooter,40.023698,-82.984061,81,22.98,True,False,False,1787689075
Spin,29fd712a-a0bd-4652-b45b-d878827e9808,scooter,40.023453,-82.981544,81,22.98,True,False,False,1787689028
Spin,c5165b68-f1db-419f-bee1-fb895569dcca,scooter,40.014179,-82.976754,80,21.66,True,False,False,1787689057
Spin,270b05ab-57fe-45c0-994c-12cf2709570b,scooter,40.014073,-82.974558,70,19.91,True,False,False,1787689071
Spin,bf62292e-6430-49d0-809d-aa8af7105a05,scooter,40.013732,-82.967893,80,21.66,True,False,False,1787689072
Spin,31ee275b-d46d-4445-8319-ca6779312432,scooter,40.015508,-82.966421,74,20.19,True,False,False,1787689066
Spin,95149264-b864-4d04-98d1-06b484513584,scooter,40.015538,-82.966457,58,15.8,True,False,False,1787688994
Spin,f88b77ba-d0ea-4a63-aa7c-dd225189fb0b,scooter,40.015534,-82.966376,77,21.07,True,False,False,1787689039
Spin,32101847-6b1e-4fda-b8d5-aec91423493e,scooter,39.987184,-83.010783,57,15.51,True,False,False,1787689048
Spin,4a4fd983-6524-49a7-b016-2fe6ac697dbf,scooter,40.017031,-82.965628,19,5.51,True,False,False,1787689028
Spin,3ce8cd6b-0d86-4334-9ceb-f2b4549c4396,scooter,39.96740893333333,-83.01555779999998,48,13.17,True,False,False,1787689044
Spin,b46e3efc-b843-4113-aa59-cf9f3ee7d4b2,scooter,39.96740833333333,-83.01553080000001,72,19.61,True,False,False,1787688930
Spin,14d53b8a-1c6b-4a58-b1e2-c914a9abe0f7,scooter,39.937625,-82.995295,40,10.83,True,False,False,1787689000
Spin,2b082a46-01e9-447b-9488-86fd64fabf07,e-bike,40.003161283333334,-83.00826986666668,57,15.51,True,False,False,1787688907
Spin,e4eeae02-97cb-4d58-aab9-b7a576e210fe,scooter,39.96818843333333,-83.01365820000001,46,12.58,True,False,False,1787688963
Spin,e218b99e-8583-48e6-8594-1377d0122c54,scooter,39.957444,-83.012886,54,14.63,True,False,False,1787689051
Spin,07beff8b-7f1e-4440-b13b-f3ef12235235,e-bike,40.0065374,-83.00912500000001,53,14.34,True,False,False,1787688870
Spin,fa42834d-9791-4e7c-981e-2dbeb730a7d7,scooter,40.015152,-82.970209,48,13.17,True,False,False,1787689024
Spin,5a7a4a09-5f9f-4fac-affc-45019640d4bf,scooter,39.967323,-83.019076,78,21.36,True,False,False,1787689021
Spin,4887fdd0-170e-4b91-9c55-459a8fcba3ec,scooter,40.012887,-82.968085,89,25.43,True,False,False,1787689067
Spin,ae0ad7c8-67d3-4611-bf85-f74c86524f51,scooter,39.957147,-83.041314,32,8.78,True,False,False,1787688953
Spin,28df8b65-a666-4a5e-a63e-b363f33f4c92,scooter,39.942426,-82.98762,25,6.73,True,False,False,1787689065
Spin,2f0e6855-8e91-4d05-a111-94da481b5902,scooter,39.944615,-82.982527,32,9.19,True,False,False,1787688974
Spin,827ad250-633f-4982-84ef-1c68c2803676,scooter,39.96935513333334,-83.0185023,46,12.58,True,False,False,1787688986
Spin,f72cfa12-1d19-46cb-b89b-549f64800ae7,scooter,39.966676,-83.020229,30,8.19,True,False,False,1787689019
Spin,b02c3bb2-447a-4791-bc55-0c92250cdd10,scooter,39.96670913333333,-83.02022059999999,17,4.68,True,False,False,1787689056
Spin,523cf6fa-fdfa-4b4b-add8-56e22ab5f5cc,scooter,39.967358,-83.01907,77,21.07,True,False,False,1787689065
Spin,960a5389-ee11-4510-be71-17746f2961a9,scooter,39.939624,-83.119842,28,7.61,True,False,False,1787689076
Spin,a1e25f17-cbbe-4822-970c-459594910246,scooter,39.97365,-82.977633,73,19.9,True,False,False,1787689040
Spin,2064a734-920c-41cf-90d9-30431589dbb2,e-bike,40.015555,-82.966395,78,21.36,True,False,False,1787688830
Spin,2fc85348-9468-4b4b-8778-ba9c34796f4d,scooter,39.993557,-82.981106,39,10.54,True,False,False,1787688967
Spin,5fa46418-fd15-4e53-97e6-07ec43cfc339,scooter,39.966397,-82.997057,27,7.32,True,False,False,1787689065
Spin,c7fb4807-e69c-4b9b-9d92-ddc254ebc99f,scooter,39.99381,-82.9825,31,8.49,True,False,False,1787688971
Spin,1e2fe92d-d665-4f78-bafc-6fec14eba45d,scooter,39.969947,-82.978304,87,24.81,True,False,False,1787689012
Spin,3c7e5327-0ca9-40cb-b3a4-e53c84f73d63,scooter,39.984896,-82.996976,16,4.39,True,False,False,1787689063
Spin,4ebdb9e7-03ae-4a97-bc48-573fe3a07f38,scooter,39.967547,-82.979523,38,10.24,True,False,False,1787688997
Spin,4ba485af-1a79-48d3-a870-6ec41e74d63f,e-bike,40.007,-83.00990510000001,43,11.71,True,False,False,1787689035
Spin,02e0bdce-201b-49da-aeee-c51521a7a4f7,scooter,39.935871,-82.988875,66,17.85,True,False,False,1787688917
Spin,31fd04e2-a1d1-401d-b0f1-d205aa185d81,e-bike,39.992961433333335,-83.00734220000001,76,20.78,True,False,False,1787689068
Spin,b157ca1b-6a0f-488b-92cf-462d98d9ba6a,e-bike,39.94741,-82.99461666666666,46,12.58,True,False,False,1787689064
Spin,1c58809f-64e6-4972-8387-a6f298f2e737,scooter,39.994732,-83.006233,72,19.61,True,False,False,1787689003
Spin,a315767f-09b3-4a98-b1ac-c02c44b297c9,scooter,39.945192,-83.065063,47,12.88,True,False,False,1787688907
Spin,8aba9cc6-0958-4e7a-ac98-86a41ad3b299,scooter,39.962221,-82.982162,74,20.19,True,False,False,1787689063
Spin,c2138f1a-6cc8-4904-92af-c600fce91fdf,scooter,39.960776,-83.013926,63,17.27,True,False,False,1787689058
Spin,14424697-d1e2-4927-8ab6-5a5f5e5b33b8,scooter,39.967804,-82.97689,70,19.02,True,False,False,1787689062
Spin,8d3e6a48-9af9-4e5e-8ea8-549e6edafbb3,scooter,39.967804,-82.976862,65,17.56,True,False,False,1787689018
Spin,039b68de-324c-49d4-95be-55d75747ba86,scooter,39.955663,-83.012514,65,18.38,True,False,False,1787688967
Spin,49373b4b-de6d-465e-8497-d5f21bcca105,scooter,39.935961,-82.988872,43,11.71,True,False,False,1787689077
Spin,96f886fd-0d4a-41c2-8c37-3154602f28cc,scooter,39.927562,-82.965144,66,17.85,True,False,False,1787688898
Spin,093ba488-9e1a-4155-aee9-934fec2dfbe2,scooter,39.964734,-82.987192,63,17.27,True,False,False,1787688902
Spin,6e95de64-56f3-4455-8aa3-dd88f71ca7db,scooter,39.935599,-82.986301,49,13.46,True,False,False,1787689073
Spin,f8e0f5ba-d2d3-4313-a794-46b330dacc2b,scooter,39.964838,-82.978542,22,5.85,True,False,False,1787689068
Spin,607f6e8c-a14b-4884-a5e5-43851c47ad38,scooter,40.009117,-82.970789,27,7.66,True,False,False,1787689069
Spin,776c9992-8a3d-4c12-b01e-b12aabb03660,scooter,39.971538,-82.978154,53,15.01,True,False,False,1787689008
Spin,5e007bbe-b69e-4796-9876-0be40e37ceb1,scooter,40.023674,-83.002294,73,19.9,True,False,False,1787688947
Spin,eb0bf5d6-e1fa-4bb5-8bcf-9d441f498e79,scooter,39.933131,-82.995935,35,9.66,True,False,False,1787689079
Spin,60a3a5da-8140-45a7-87d6-f980fc1c811a,scooter,39.960891,-83.012528,66,17.85,True,False,False,1787689020
Spin,e1e23e66-3ed7-4814-8fce-891702ee7433,scooter,39.974048,-82.956764,98,26.63,True,False,False,1787688910
Spin,f347fd77-da58-4ca4-98df-ad47afc7d819,scooter,39.994065,-83.005757,29,7.9,True,False,False,1787689067
Spin,08ba6411-f5ca-409b-838b-d0d45f639387,scooter,39.997204,-82.977876,63,17.27,True,False,False,1787689061
Spin,55993cb5-a348-46a1-bdfd-925e39716279,e-bike,39.99332893333334,-83.00681260000002,67,18.15,True,False,False,1787688976
Spin,6a69253d-edcb-4b52-8dbe-e2c2a36b8aba,e-bike,39.98457166666667,-83.00429166666666,87,23.71,True,False,False,1787688908
Spin,f08827e9-067d-48d0-8b2f-1bd9d70c5135,e-bike,39.96693166666667,-82.99513999999999,31,8.49,True,False,False,1787688994
Spin,2fe9ccc0-a3c4-436f-9e5f-b25753eec7af,e-bike,39.97201215,-82.95631063333333,49,13.46,True,False,False,1787688927
Spin,e7a612d4-910e-408f-9246-591bd8f9683c,scooter,39.930652,-82.997064,73,19.9,True,False,False,1787688996
Spin,a5dca310-6ccf-4471-87aa-8539968500b6,e-bike,39.99256223333334,-83.00175800000001,39,10.54,True,False,False,1787688963
Spin,1b7cfee3-3249-407b-a3da-5b3291357461,scooter,39.980245,-83.00891,29,7.9,True,False,False,1787689072
Spin,46f2f7bf-d54d-45b2-84b0-9cd565532b9c,scooter,39.96744383333333,-83.0155116,39,10.54,True,False,False,1787688904
Spin,61fc733b-f87f-4dc8-983b-788ad525b2a1,e-bike,40.0092502,-83.01143189999999,23,6.15,True,False,False,1787688994
Spin,54f73e8d-8aef-4a61-8a88-116b20abb127,scooter,39.961222,-83.006558,85,24.2,True,False,False,1787689011
Spin,63e6baad-16a6-45a3-8c2f-3bd97d592f16,e-bike,39.970074999999994,-82.95493499999999,77,21.07,True,False,False,1787688912
Spin,1a75d464-ed43-4655-9af6-d42d58f4606a,scooter,39.984279,-83.023976,49,13.46,True,False,False,1787689049
Spin,874dd6e4-5c89-4c36-8dc2-82b6edc42dab,e-bike,39.97704085,-82.99842393333331,46,12.58,True,False,False,1787689070
Spin,81b14fa8-df85-4528-9804-5c399d0e397f,scooter,39.993243633333336,-83.00696799999999,27,7.32,True,False,False,1787689005
Spin,b2576691-11bf-4f97-a032-c63f3fd2d1a7,e-bike,39.96693166666667,-82.99515833333335,90,24.58,True,False,False,1787689068
Spin,5da2cd00-54c3-4430-8cfd-ea81a1f91b21,scooter,39.963117,-82.980066,51,14.4,True,False,False,1787689021
Spin,82db0cc3-f90e-4267-af4e-f2c28b362969,e-bike,39.99816273333333,-83.0039913,40,10.83,True,False,False,1787688998
Spin,596ca2d4-f019-47ec-b8e3-0fb02fce74b8,scooter,39.957528,-82.986956,59,16.85,True,False,False,1787688914
Spin,c9e1c317-a032-4758-b008-6ca57a15e781,scooter,39.951920933333334,-82.99767893333335,74,20.19,True,False,False,1787689008
Spin,30b4c492-b212-4e1b-814e-050e2b223b8f,scooter,39.951927633333334,-82.99766543333332,43,11.71,True,False,False,1787688829
Spin,22dc6425-c404-402c-841c-fd02fc977120,scooter,39.96301,-82.976487,80,21.66,True,False,False,1787689019
Spin,01682672-e272-4565-b5d7-f103752fc922,e-bike,39.93969666666667,-83.06789666666667,31,8.49,True,False,False,1787688916
Spin,4c10c7a0-4542-416a-a217-0815bdbde0c1,e-bike,39.949903133333336,-83.00169418333334,86,23.41,True,False,False,1787689005
Spin,976d5f99-7871-430f-832f-3a897fa6bc95,scooter,40.0006913,-83.0023221,89,24.29,True,False,False,1787688834
Spin,bebe5c99-9271-4e7a-8f5a-81a21da2182f,e-bike,39.95185703333333,-83.00736809999998,81,21.95,True,False,False,1787688962
Spin,86e52e70-9a53-4672-af98-7c7ed0968afc,e-bike,40.01475666666667,-82.98583166666667,30,8.19,True,False,False,1787689079
Spin,4e0cf645-32a4-41a1-a32f-9b66cb5ce6fc,scooter,39.935786,-82.997301,90,24.58,True,False,False,1787689065
Spin,cbba629d-073b-4b33-974a-e7c50f3a3c65,scooter,39.933076,-82.995945,44,12.56,True,False,False,1787689005
Spin,f9f23d9f-f646-415b-a5e6-a9abc451cbb6,scooter,39.92759,-82.965151,77,21.07,True,False,False,1787689021
Spin,cb738466-e1fc-405c-b5d6-859c349a01f6,e-bike,39.95022783333333,-83.0079428,90,24.58,True,False,False,1787689075
Spin,4137c88c-b1f1-4038-9894-36d424ef1e47,e-bike,39.997427433333336,-83.0045572,26,7.02,True,False,False,1787689001
Spin,c36bb52c-01ff-4aa7-92c0-cd3390a55fca,e-bike,39.98929785,-83.0076991,41,11.12,True,False,False,1787688963
Spin,3152cac9-41ea-4ef9-84ca-2b2e72681325,e-bike,39.987307533333336,-83.0055644,87,23.71,True,False,False,1787689052
Spin,3252e963-02c7-4409-8dd4-f2bee07932bc,scooter,40.006405,-82.972623,97,26.34,True,False,False,1787688918
Spin,b8935d8f-b2de-4e94-9b3b-2844edf0626c,scooter,40.006374,-82.972729,20,5.56,True,False,False,1787689023
Spin,df19f370-ec29-4b6b-b21b-e010a23d43eb,scooter,39.96515,-82.990259,73,19.9,True,False,False,1787689064
Spin,3e2d8b96-5a4a-4b70-8559-888790b9464d,scooter,39.96515,-82.99033,33,9.07,True,False,False,1787689063
Spin,648dee20-aa80-4abd-82e6-38b7e8cdf581,scooter,39.95972,-83.021668,44,12.56,True,False,False,1787689041
Spin,9cee42eb-8ba5-4f4c-b906-66883b21c55d,scooter,40.008226199999996,-83.0115433,72,19.61,True,False,False,1787688963
Spin,ce206d76-01aa-4657-978b-6dc6452b4d06,e-bike,40.0083732,-83.00890919999999,61,16.68,True,False,False,1787689033
Spin,e1879293-c262-48da-b864-7b160ca5135b,scooter,39.988018,-83.005565,74,21.14,True,False,False,1787689061
Spin,74676c7a-0816-4336-97fd-85222be33f83,scooter,39.96934993333333,-83.01849240000001,90,24.58,True,False,False,1787688995
Spin,394757cc-21b2-485c-bb68-10a0d57a62f6,scooter,39.97398835,-83.0025947,52,14.05,True,False,False,1787688942
Spin,f1f136b7-1087-48a8-ad89-0cc0c9595d9a,e-bike,39.99467323333333,-83.00634970000002,42,11.41,True,False,False,1787689076
Spin,c2ca2f97-9c11-489d-8376-040cf857c4bf,scooter,39.93593,-82.988865,42,11.41,True,False,False,1787688984
Spin,bc71d880-abb7-4490-a129-69ee88c20fb8,e-bike,39.98090163333333,-83.0035851,24,6.44,True,False,False,1787689011
Spin,84a98ae6-370b-43a2-9685-91e0f4d97338,e-bike,39.957795000000004,-82.99837000000001,39,10.54,True,False,False,1787689024
Spin,3899ec14-faa2-4b35-b447-1dec9454c1fe,e-bike,39.95954833333334,-82.99366666666668,53,14.34,True,False,False,1787688941
Spin,b22c6d08-6475-47fb-9bd4-7bd96a51e271,scooter,39.967774,-83.012229,54,14.63,True,False,False,1787688809
Spin,d8e3f4c1-3e57-46aa-86ba-6e9cd53368ca,e-bike,39.956918933333334,-83.007029,66,17.85,True,False,False,1787689066
Spin,d39c1ad4-f1bb-408f-bb85-e2d1a78e0e88,e-bike,39.946991133333334,-82.99797663333332,22,5.85,True,False,False,1787688965
Spin,85f91ea1-7d34-4c79-a633-28768708c9ac,scooter,39.971391,-83.005628,76,20.78,True,False,False,1787689041
Spin,777bae83-6f2b-4c52-ae82-b2f4634b974c,scooter,39.985344,-82.987336,30,8.19,True,False,False,1787688930
Spin,601052b7-9a2e-4bf7-a6a5-cd8ec6716899,e-bike,40.0066203,-83.01275349999999,23,6.15,True,False,False,1787689050
Spin,67d1a445-0736-470b-8d85-5cd9e30aa32f,e-bike,39.95609,-83.01179333333333,44,12.0,True,False,False,1787688995
Spin,4a01f356-9142-47a9-8ad2-292f43e7b9f4,e-bike,40.0098124,-83.01569429999999,37,9.95,True,False,False,1787688968
Spin,e2cbd179-94e3-436f-b38b-932c9763d20b,scooter,39.96726,-83.019014,65,17.56,True,False,False,1787689078
Spin,53a86c78-1efa-416d-a43f-dd1fa7651858,e-bike,39.96738213333333,-83.0156658,49,13.46,True,False,False,1787689001
Spin,480566d2-98e1-47c2-9353-ef5d088ca59f,e-bike,39.967386733333335,-83.015686,28,7.61,True,False,False,1787689000
Spin,4911b84a-5282-4f41-8721-af479e0a33fe,e-bike,39.96740103333333,-83.0156531,35,9.66,True,False,False,1787689061
Spin,dfafd1df-7d5b-4754-8a6a-7c83614cd69d,scooter,39.963246,-82.981349,80,22.67,True,False,False,1787689073
Spin,57a19742-cd62-43ef-b7d2-b2396da0050b,e-bike,39.983745533333334,-83.0148271,30,8.19,True,False,False,1787689019
Spin,5e207fe2-4fdd-4351-be14-5d9c96d32da1,e-bike,39.954714833333334,-83.012074,68,18.44,True,False,False,1787689060
Spin,ddfad6f9-f58c-407f-99ef-03e84e300bfe,scooter,39.954647,-83.012142,57,15.51,True,False,False,1787689069
Spin,6913d763-d978-4175-9084-4c49ef784ee2,scooter,39.94943983333334,-82.98686953333332,81,21.95,True,False,False,1787688983
Spin,dbd82bc4-e00e-4711-aba8-698f9e4d8bce,e-bike,40.0065163,-83.00908319999999,23,6.15,True,False,False,1787689029
Spin,5c48e38c-a6fe-421b-a9c1-6d17af4681d7,e-bike,39.985866650000006,-83.00330430000001,34,9.37,True,False,False,1787689001
Spin,41dcae2d-42e0-4df1-b49e-06f921c2045c,e-bike,39.967373933333334,-83.0156739,77,21.07,True,False,False,1787689000
Spin,bc9e2b72-f497-472c-ac99-bb6ef1ad87bc,e-bike,39.967407333333334,-83.01566030000001,76,20.78,True,False,False,1787689054
Spin,8203a6cd-ae64-4b45-928e-6bcec5de3bff,e-bike,39.967200133333336,-83.01884989999999,55,14.93,True,False,False,1787689045
Spin,c1d5f582-c379-453a-8ed9-72db21d29e12,e-bike,39.96718166666667,-83.018775,22,5.85,True,False,False,1787689078
Spin,697f5731-2aa1-4e53-a28a-534dc3f56143,e-bike,39.96717666666667,-83.01878333333335,54,14.63,True,False,False,1787689051
Spin,a874a9ee-770c-4e40-a1da-40de6a1e07fc,e-bike,39.96716666666667,-83.01877833333334,67,18.15,True,False,False,1787688972
Spin,e415aa6f-a512-4ba2-96c9-214f6c5b12d9,e-bike,39.96717566666667,-83.01880580000001,90,24.58,True,False,False,1787689031
Spin,7a6bcd08-b284-4cdb-85ee-a76855afd2e3,e-bike,39.96719143333333,-83.01880580000001,58,15.8,True,False,False,1787688931
Spin,b5b9dd91-cd82-4c44-9a1d-0cdd59e0a7c5,e-bike,39.967194533333334,-83.01883539999999,26,7.02,True,False,False,1787688931
Spin,977ebb53-bdba-46b6-8355-f8c102b6bdb5,e-bike,39.967182533333336,-83.0188211,88,24.0,True,False,False,1787688932
Spin,fb2bf142-20cc-42bd-b706-39c0c526215b,e-bike,39.96719005,-83.01883036666668,33,9.07,True,False,False,1787688949
Spin,a4a241bb-726f-4005-b06a-684c028a170e,e-bike,39.96721063333334,-83.0188317,86,23.41,True,False,False,1787688963
Spin,40e26271-a3a8-448d-abff-af66b4d60f64,e-bike,39.941945733333334,-82.97197305,19,5.27,True,False,False,1787689053
Spin,623d4628-9226-4c64-94ac-83fbb4a91751,scooter,40.013482,-82.976782,49,14.09,True,False,False,1787688990
Spin,d42b0a58-b122-438f-9483-224d9a3232d8,e-bike,39.967193933333334,-83.0188141,54,14.63,True,False,False,1787688983
Spin,5613e6e7-8a08-4c0e-a34d-db0020d5e6fc,e-bike,39.96719203333334,-83.01881970000001,71,19.32,True,False,False,1787689030
Spin,85827431-ac6e-45d7-813a-f35a79839f23,e-bike,39.967189999999995,-83.01877166666667,74,20.19,True,False,False,1787688884
Spin,c7107652-29b2-4896-be5f-f097099a543f,e-bike,39.967194033333335,-83.01883029999999,56,15.22,True,False,False,1787689052
Spin,d9dd3985-6652-4da5-89a3-62edbe41b56c,e-bike,39.96718283333333,-83.0188046,81,21.95,True,False,False,1787688969
Spin,e6d1c971-adaa-4cd6-82da-cb9de189d1ab,e-bike,39.967192133333334,-83.01880000000001,55,14.93,True,False,False,1787688932
Spin,8e8d9abe-e626-463f-9ef4-532e170f32bd,e-bike,40.005046799999995,-83.008711,82,22.24,True,False,False,1787688960
Spin,9607fcd8-8cd5-47ad-8ae0-6c64f19dc519,e-bike,39.999328633333334,-83.00744019999999,63,17.27,True,False,False,1787689040
Spin,c9aa092f-67b8-41c9-9c76-c3cf71e9176a,scooter,39.95819163333333,-83.0081718,46,12.58,True,False,False,1787689070
Spin,ca4eea10-9b41-43b5-9d59-35ba7326fb76,e-bike,40.009474999999995,-83.00940999999999,56,15.22,True,False,False,1787688981
Spin,3841efeb-2a41-4137-8256-edfcbc834a24,scooter,39.967717,-83.012413,71,19.32,True,False,False,1787689077
Spin,2c6a0056-4ba4-461f-9eb9-de82f645e725,e-bike,39.98789325,-83.01338609999999,71,19.32,True,False,False,1787688953
Spin,3ac1c97b-029e-4301-a0f9-9b299cc48eea,scooter,39.97870855,-83.00434820000001,39,10.54,True,False,False,1787688934
Spin,c57c25db-5867-49d3-8461-45bcc031b04e,scooter,39.96791893333333,-83.01163829999999,61,16.68,True,False,False,1787688856
Spin,bbb30751-7b26-458a-8d5e-33b9c0690674,scooter,39.96659243333333,-82.99714373333333,48,13.17,True,False,False,1787689077
Spin,63bf4655-9cef-405c-879d-6f19d908b9bc,e-bike,40.014586666666666,-83.01106999999999,46,12.58,True,False,False,1787688815
Spin,c233904e-4a82-4ae4-9fec-bba991ab55de,e-bike,39.95869233333334,-83.0139024,29,7.9,True,False,False,1787689005
Spin,8f994aec-2a52-417e-985b-b71e10a77344,e-bike,39.959029533333336,-83.00730890000001,70,19.02,True,False,False,1787688948
Spin,23c40162-eaac-44a2-9eb5-7b19f69dc946,scooter,39.95616103333334,-83.01071789999999,81,21.95,True,False,False,1787689037
Spin,0033b3b8-dc8c-489f-b403-55b6f06bb2ec,scooter,39.96914,-83.003866,28,7.96,True,False,False,1787688985
Spin,78371390-c105-4920-a01f-32b49691df6d,e-bike,39.95563666666667,-83.00506666666666,42,11.41,True,False,False,1787689056
Spin,5f1260c7-792d-4d53-bf4c-7dc1f467d7ed,e-bike,39.96671033333334,-83.04614439999999,49,13.46,True,False,False,1787689036
Spin,b8f3b194-3a04-4891-9395-90b04610b0f5,e-bike,39.96298563333333,-82.97460525,88,24.0,True,False,False,1787688949
Spin,02408829-01c3-4733-b184-349fa6416be5,scooter,39.96801493333333,-82.96176973333334,94,25.46,True,False,False,1787688975
Spin,0ebcf5ff-d713-4592-8d11-581c8f49d575,scooter,39.97209385,-82.97838705000001,83,22.54,True,False,False,1787688880
Spin,dcb841cf-1408-4991-98a1-fc63870a8498,e-bike,39.95857875,-82.99765606666666,87,23.71,True,False,False,1787689041
Spin,d6aa4c36-acbe-47dd-9195-4383ba90f3fc,scooter,39.95790263333333,-82.99747663333333,94,25.46,True,False,False,1787688966
Spin,17441b36-f332-480c-92d5-4a703449883b,scooter,39.96740663333333,-83.01555269999999,94,25.46,True,False,False,1787688981
Spin,d66ad42a-2206-41b7-ad38-b1e979f36d1a,scooter,40.000484,-82.977896,56,15.22,True,False,False,1787688861
Spin,a54c0bcb-ca56-4f98-8176-24d779d1e564,scooter,39.96928543333333,-82.99973323333333,42,11.41,True,False,False,1787688968
Spin,d99925c0-b847-4839-8438-d2a89214f318,scooter,40.026341,-83.025016,41,11.12,True,False,False,1787689040
Spin,9599482a-d2d7-4fb5-9ee1-a7229f7bf5eb,scooter,39.97091,-83.002143,83,22.54,True,False,False,1787688873
Spin,4dd25542-7b7a-402c-b5a3-fb6d725dd57e,e-bike,40.0066057,-83.00916280000001,87,23.71,True,False,False,1787689044
Spin,f78d75ca-6f2b-4894-9af6-345d5753583e,scooter,40.006018,-83.00894,70,19.02,True,False,False,1787688997
Spin,67243c28-e3a7-4469-814d-22bd28ff72c3,e-bike,40.0085179,-83.01477510000001,46,12.58,True,False,False,1787688936
Spin,e6f390b6-5a66-40a6-847d-8079c108d775,scooter,40.0012847,-83.0007142,95,25.75,True,False,False,1787688862
Spin,49d74108-cb3c-4c2e-a8b2-8ec28df1255a,scooter,39.99983353333334,-83.0016456,91,24.88,True,False,False,1787688996
Spin,78ded578-35a8-44c9-9d95-a555218fe86f,scooter,39.996590033333334,-83.0037969,94,25.46,True,False,False,1787688958
Spin,4b5d91d1-bcb2-47ca-bf78-c58c5a9fa624,e-bike,39.981859633333336,-82.98940565,34,9.37,True,False,False,1787689046
Spin,d49b7468-0962-4a5d-9747-1d76075b735b,scooter,39.950472,-82.982928,37,10.42,True,False,False,1787688880
Spin,dafb5521-f472-4759-8a3c-f5bb38a9e4d0,scooter,39.98091023333333,-83.00355740000002,94,25.46,True,False,False,1787688982
Spin,9d27256e-8fcc-45d2-9f22-ed76f9cc99df,scooter,39.99228823333333,-83.0017766,94,25.46,True,False,False,1787688925
Spin,7c5bffc4-d006-423c-b3b7-757428313f70,e-bike,39.95723553333333,-83.0112539,91,24.88,True,False,False,1787689062
Spin,e06419ec-227f-45cb-9f58-c35929fc1f46,scooter,39.95705863333333,-83.0069402,49,13.46,True,False,False,1787689077
Spin,b357da30-45fb-4aee-8ea5-dab6a6825749,scooter,40.0110125,-83.0003136,24,6.44,True,False,False,1787688971
Spin,e1335b25-f7ef-405e-8b83-0568acade213,e-bike,39.94908023333333,-82.99087033333332,23,6.15,True,False,False,1787689054
Spin,21f57207-f867-4917-b628-7afcfebdf69a,e-bike,39.96118333333333,-83.00647833333332,75,20.49,True,False,False,1787688942
Spin,5821fadc-dd4c-46b0-9063-539ada4a9d9f,scooter,39.96760653333333,-83.01345940000002,60,16.39,True,False,False,1787689065
Spin,fd2b151c-7f1b-4f9e-8cd0-946d7d7a708a,scooter,39.96759183333334,-83.0134721,80,21.66,True,False,False,1787689060
Spin,589d0801-82ef-4128-b0e6-d5036d94ddd6,scooter,39.967626933333335,-83.01350210000001,72,19.61,True,False,False,1787688993
Spin,6d2f00ab-3daa-40f9-a569-fb883afcb174,e-bike,39.96758833333333,-83.01344666666667,61,16.68,True,False,False,1787688976
Spin,dfd27bc6-22b7-4e10-923a-d48d265cc56b,e-bike,40.00092166666666,-83.00789000000002,83,22.54,True,False,False,1787689027
Spin,bceb3d38-f3fd-4798-8595-09d219ee8d88,scooter,39.967368,-83.019191,78,22.36,True,False,False,1787688944
Spin,e95d3c72-773a-4b68-b391-471ae8e10544,scooter,39.967372,-83.019157,61,17.46,True,False,False,1787689020
Spin,fea5e66a-f22d-4790-b6e9-585ea41fcf2c,scooter,39.967366,-83.01913,96,26.05,True,False,False,1787688969
Spin,8cb827ef-519e-455c-aa79-d8df7f9b7de6,scooter,39.967385,-83.019121,96,26.05,True,False,False,1787689058
Spin,e1ac84c7-cd6c-4b2f-a498-01e668e4cb63,scooter,39.97154515,-83.0027019,28,7.61,True,False,False,1787688890
Spin,c8915554-bc26-4b4e-9299-a2e6d6610441,e-bike,39.96664343333334,-83.0108474,32,8.78,True,False,False,1787689030
Spin,2e76b9b4-3178-4791-96b3-8c527be6360b,e-bike,39.99285613333333,-83.0069705,33,9.07,True,False,False,1787689075
Spin,61b5f967-75a2-44e9-8d5a-22bf69c2fafd,e-bike,40.031204699999996,-83.02224050000001,60,16.39,True,False,False,1787689057
Spin,9aadd1ad-b1e6-4a40-82a0-5573e2a482a2,scooter,39.946735,-82.993364,38,10.24,True,False,False,1787688880
Spin,5fae8bbd-8632-472d-b7c7-649085d32b2f,e-bike,39.95767623333334,-82.99920753333332,24,6.44,True,False,False,1787688948
Spin,8185ef5b-d4cd-47af-9223-36b3331e18b2,scooter,39.967412,-83.019195,62,17.77,True,False,False,1787689040
Spin,c40eb420-14e8-4303-886e-0b168cdb96f8,scooter,40.0261391,-83.0015918,44,12.0,True,False,False,1787689070
Spin,a8d0f65c-eae0-4bbf-9784-eca9db78e371,scooter,39.97075755,-83.00127830000001,35,9.66,True,False,False,1787688929
Spin,e82ce6d6-8aa5-4bd1-a53a-981333ab4e0e,e-bike,39.95759073333333,-83.01143830000001,83,22.54,True,False,False,1787689023
Spin,535d3548-223f-4317-afb2-ad7528c53ee1,scooter,40.003192,-83.007853,57,15.51,True,False,False,1787689061
Spin,245dca37-0149-42ec-b8a4-2fb76fe5f115,scooter,39.972601850000004,-83.0047562,65,17.56,True,False,False,1787689011
Spin,57e5e333-8a28-4926-af30-d8872ac7ebfd,scooter,39.97258895,-83.00475200000001,45,12.29,True,False,False,1787689006
Spin,0e3fa00f-a639-4a88-9a8d-1573c8482d79,e-bike,39.968735333333335,-82.99828293333333,33,9.07,True,False,False,1787688929
Spin,f60fec09-b546-4258-ad6a-e16520aafe35,e-bike,39.97011025,-83.00941730000001,49,13.46,True,False,False,1787689072
Spin,72222535-140a-4b71-a199-923aa4d74c34,e-bike,39.970095549999996,-83.0094164,58,15.8,True,False,False,1787689065
Spin,06d2aef9-31bd-4218-a668-3e45a1ef0c1d,e-bike,39.97009845,-83.0094121,42,11.41,True,False,False,1787689065
Spin,4018d37e-d9b7-4a77-a875-9731849de63b,e-bike,39.97010425,-83.0094048,81,21.95,True,False,False,1787689063
Spin,94622d69-6642-45c4-98d1-cbeeb0eb1e0a,scooter,39.95946,-82.995766,67,18.99,True,False,False,1787689009
Spin,929ddf9c-f205-4075-815b-c83e2612f0a9,scooter,39.97260705,-83.0047528,74,20.19,True,False,False,1787688929
Spin,7f05fc01-66b8-4075-b1e9-9789c093b4a0,e-bike,39.969175,-83.00968166666668,34,9.37,True,False,False,1787688888
Spin,36d4e1d4-a1bd-42c8-911a-aad0f37ed29b,e-bike,39.958957133333335,-83.0105084,45,12.29,True,False,False,1787689041
Spin,53bac336-815b-4d0e-b3bf-50d1f3234374,e-bike,39.95892103333333,-83.01052890000001,30,8.19,True,False,False,1787689052
Spin,cae25b8b-e17b-49a5-af0c-fd977da38506,scooter,39.967747,-82.976921,94,26.65,True,False,False,1787689006
Spin,d8c66346-748e-45b2-8adb-ed2987dcb92a,scooter,39.967861,-82.976819,17,4.68,True,False,False,1787689052
Spin,ecf94721-746d-4ec6-ae0a-b743c9222177,scooter,39.967829,-82.976822,24,6.44,True,False,False,1787688850
Spin,4024ab73-310a-4198-aea2-c907f3432257,scooter,40.027068,-82.968742,41,11.12,True,False,False,1787688948
Spin,f0f2b20c-f2db-477b-8b8e-d4e26405eda6,e-bike,39.97407895,-83.0012907,29,7.9,True,False,False,1787689076
Spin,036a086e-fa03-451e-8b60-023a8faa281e,e-bike,39.99346683333333,-83.01104920000002,24,6.44,True,False,False,1787689029
Spin,cc807de6-f335-4ea9-af96-2205e3b84ad0,scooter,39.967819,-82.976887,44,12.0,True,False,False,1787689063
Spin,f9f9a570-e2d7-45f6-8938-40aec9c25000,e-bike,40.0039254,-83.00645019999999,25,6.73,True,False,False,1787688942
Spin,a911daa2-d60d-4693-b32f-3ed77185b534,e-bike,39.96927723333333,-82.99971423333334,25,6.73,True,False,False,1787688973
Spin,807c6980-8583-4d1f-818d-e66f4879ec08,scooter,39.997735,-83.006364,63,18.07,True,False,False,1787688954
Spin,ea77cf4d-e5bc-4a38-b960-62464053b6f7,e-bike,39.95655,-83.00045833333334,97,26.34,True,False,False,1787689058
Spin,dc36b938-f5a2-43b7-ae94-b2c2a5903b27,scooter,39.998838,-83.005054,94,25.46,True,False,False,1787688970
Spin,3da24bbc-3b73-4731-8e87-db1082596fd7,scooter,39.97451505,-83.00323519999999,48,13.17,True,False,False,1787688887
Spin,5849dcee-c763-495e-a82b-d5025e10378c,scooter,40.020242,-82.981522,85,23.12,True,False,False,1787689010
Spin,40d6cc6a-1445-4379-ad11-30d90334cc2b,e-bike,40.009160800000004,-83.0153217,66,17.85,True,False,False,1787689050
Spin,48a90bdc-9388-4146-b1fd-f1d71852a67b,scooter,39.997173,-83.004456,94,25.46,True,False,False,1787689026
Spin,f0e42da2-1296-4cc6-ba35-2e1ec85fa3b9,scooter,39.996826,-83.000373,92,25.17,True,False,False,1787688940
Spin,d97a049a-32ac-4a82-abed-971ea40ab6f5,scooter,40.010272,-82.981437,44,12.0,True,False,False,1787689071
Spin,8be82d67-a01a-480b-9de7-79a529dc4afa,scooter,40.014483,-82.96698,22,6.13,True,False,False,1787688821
Spin,c6344972-7138-40f7-900f-f99e696cd79b,e-bike,40.0091684,-83.01234600000001,70,19.02,True,False,False,1787688978
Spin,01b58cdd-bcae-4353-8f4e-29029fce3453,e-bike,39.958536233333334,-83.00289829999998,74,20.19,True,False,False,1787689068
Spin,4cca8a91-d06c-45c6-b4fc-a0f7fbbf7c0a,e-bike,39.95679953333333,-82.99946193333332,38,10.24,True,False,False,1787688989
Spin,e158b3f3-c265-4f7c-9208-939766c2b836,e-bike,39.96737473333334,-83.0156824,86,23.41,True,False,False,1787689018
Spin,25416ee8-ac08-4da2-9906-21aa1ee2a1c0,e-bike,40.0072659,-83.0152539,43,11.71,True,False,False,1787689037
Spin,22402a08-25b2-44f8-b276-66a11df7722e,e-bike,39.967571666666664,-83.01345333333332,88,24.0,True,False,False,1787688944
Spin,f28e54dd-ed8c-45a4-8648-983220b58e8b,e-bike,39.96877193333333,-83.00779990000001,59,16.1,True,False,False,1787689018
Spin,074a23e9-7bc3-475f-af5b-04d463bfe465,e-bike,39.968747533333335,-83.0078503,88,24.0,True,False,False,1787688820
Spin,85716433-4c1b-48e2-9bd5-a0a07f428588,e-bike,39.96978683333334,-83.0022734,32,8.78,True,False,False,1787688922
Spin,4f63be80-bca6-4de7-a3aa-c1249934d5c9,e-bike,39.97043455,-83.00207979999999,41,11.12,True,False,False,1787688897
Spin,8ec345ef-d04b-41dc-86b7-7724d14ebef1,e-bike,39.994,-83.006765,44,12.0,True,False,False,1787689053
Spin,eedb40ef-c5f2-4c53-aea2-a6ec46045554,e-bike,39.99397166666667,-83.00676166666666,82,22.24,True,False,False,1787689058
Spin,52435fc5-61ed-4420-98ac-de9c3619a366,e-bike,39.993990000000004,-83.006795,85,23.12,True,False,False,1787689057
Spin,c0943234-6097-4310-aba1-0ec41524d28f,e-bike,39.99398,-83.00679999999998,44,12.0,True,False,False,1787689054
Spin,0404fb95-fe7c-468f-a1a4-216c1888242a,e-bike,39.99909433333333,-83.0044362,73,19.9,True,False,False,1787689077
Spin,c04575e4-de8e-4eca-abc0-0bded3e8da07,scooter,39.991578,-83.005878,61,16.68,True,False,False,1787688860
Spin,b1215910-86ff-4a0a-94c2-ca486792af17,scooter,39.937982,-82.996341,52,14.05,True,False,False,1787689060
Spin,92562e82-7889-4273-9146-be9707f0e99b,e-bike,40.01217,-83.008755,49,13.46,True,False,False,1787689052
Spin,83d88422-7835-4556-a930-78edda49201d,scooter,39.960286,-82.98687,84,22.83,True,False,False,1787688896
Spin,6646d0a5-1292-4a79-8c2e-1bb314caa274,e-bike,39.991964233333334,-83.00664219999999,49,13.46,True,False,False,1787688899
Spin,f9e686be-4628-447f-8e2e-6c97e9f9dece,e-bike,39.99193413333333,-83.0066503,22,5.85,True,False,False,1787688804
Spin,74ad267d-27f3-495a-a8fc-c967646bddb4,e-bike,39.945593333333335,-83.03568166666668,39,10.54,True,False,False,1787689003
Spin,2fc13688-7806-485b-8c39-07690d7860c1,scooter,40.006373,-83.009335,85,24.2,True,False,False,1787689016
Spin,3845b43b-02f5-4d7f-8ad1-df0f7486d4bf,e-bike,39.961488333333335,-83.00375166666666,48,13.17,True,False,False,1787688884
Spin,7d431445-6a1f-4bf0-8b88-321b657f9ed7,e-bike,40.0102537,-83.0120261,87,23.71,True,False,False,1787689017
Spin,2ac76dbf-699b-430e-b21e-d69a38d030bc,scooter,39.99362,-83.006169,94,25.46,True,False,False,1787688964
Spin,6c7ee10c-7096-4386-99d5-22baf8fd061b,scooter,39.962347,-82.999723,82,22.24,True,False,False,1787688813
Spin,0e4d4126-010b-4334-8760-78ce6725eb4c,scooter,39.941268,-83.062405,96,26.05,True,False,False,1787689052
Spin,eb7ffab0-0f30-46d6-a092-42a6eb30c61b,scooter,39.93983,-83.068506,91,26.04,True,False,False,1787688968
Spin,3eedab2c-a337-478f-8f10-d13c47180d70,scooter,39.948011,-83.049331,95,25.75,True,False,False,1787689076
Spin,b1e98d45-45a3-414f-9e01-e9d7cb9a43e4,scooter,39.948339,-83.046991,86,23.41,True,False,False,1787689029
Spin,409800e7-3583-420a-92f3-65035c1e59f9,scooter,39.95042,-83.059616,96,26.05,True,False,False,1787688887
Spin,b6215f3f-a9e5-4859-a1d2-3a6c360276b5,scooter,39.97229745,-83.00320310000001,83,22.54,True,False,False,1787688900
Spin,92cac8b8-a417-43ec-b32d-ac98fc6fc4a7,scooter,39.977331,-83.003633,96,26.05,True,False,False,1787689020
Spin,ff789316-8528-4148-b77a-893b543465b7,e-bike,39.96024,-83.00589166666666,100,27.22,True,False,False,1787689032
Spin,34f9bc55-78c5-4770-90f2-638d2e479944,e-bike,39.96738943333333,-83.0156501,88,24.0,True,False,False,1787688989
Spin,8e534bc8-1b42-48c8-9609-08d0e8193b9a,scooter,39.97402265,-83.00931469999999,84,22.83,True,False,False,1787688886
Spin,e30dd22f-7ae3-43ec-b29a-6c062da23322,e-bike,39.96918753333333,-83.009353,88,24.0,True,False,False,1787688937
Spin,ad38d2f9-8201-4ca9-8a52-1cf10124c874,scooter,39.986092,-82.982386,67,18.99,True,False,False,1787689076
Spin,614b0b8f-6af1-4b0c-aa6f-8cd5360e2477,e-bike,39.98089413333333,-83.00356719999999,24,6.44,True,False,False,1787689029
Spin,4353c8e8-0e3f-403d-9994-4461d68cdbfd,scooter,40.01409,-82.974484,71,20.22,True,False,False,1787688898
Spin,4a725dad-d93c-4bb6-a5de-02c7b2189521,scooter,39.957438,-83.041489,78,21.36,True,False,False,1787689059
Spin,c6ea54d6-051b-464e-9abe-9e3dab7c71d3,scooter,39.985821,-83.027526,91,24.88,True,False,False,1787689020
Spin,ab536dbb-b2a4-4598-a870-9cedfda0f4a2,scooter,39.960567,-82.995501,71,19.32,True,False,False,1787689047
Spin,1b755923-ebf3-4e86-a66a-0455f38e98a5,scooter,39.959032,-83.009791,34,9.37,True,False,False,1787689026
Spin,7e4494e9-0d8d-43e9-a1f7-12602ccb27da,scooter,39.960766,-83.012611,91,24.88,True,False,False,1787688958
Spin,b9c2a8c4-3204-4895-b73f-9e28ed65cd13,e-bike,39.969250933333335,-83.0098388,88,24.0,True,False,False,1787688983
Spin,4ee44eca-f70b-4c00-b06d-8e2343a5e2e5,scooter,39.959175,-83.009812,77,21.07,True,False,False,1787689056
Spin,26ca17df-a0dc-41eb-925b-7c34335e5825,e-bike,40.009824816666665,-83.01565863333332,88,24.0,True,False,False,1787688839
Spin,473b8c10-9430-48f7-a82f-0411a3807784,scooter,39.960759,-83.01278,98,26.63,True,False,False,1787689075
Spin,06f7d53c-f982-48b4-afba-8efadeb24692,scooter,39.956211,-83.010717,96,26.05,True,False,False,1787688847
Spin,8bb458e8-b196-477b-8759-50548c72721f,scooter,39.968956,-82.999851,78,22.36,True,False,False,1787689050
Spin,a77d6054-baaa-4212-91f3-e697f2150e82,e-bike,39.968970633333335,-82.99989593333333,15,4.1,True,False,False,1787688985
Spin,bbaf6adb-ac07-4432-a250-3cf36d25b2f4,e-bike,39.995172333333336,-82.99577913333333,91,24.88,True,False,False,1787688862
Spin,7144b263-ac55-4674-92d9-e384c8ae9a7a,e-bike,39.96706833333334,-82.99186333333334,55,14.93,True,False,False,1787688959
Spin,deeb9874-2a17-4b05-b482-4f65fc935d77,e-bike,39.99305523333333,-83.00449250000001,89,24.29,True,False,False,1787689062
Spin,c1a8307e-1c6e-4f73-be54-f57595594aaf,scooter,39.949429,-83.041748,62,16.97,True,False,False,1787689070
Spin,9e5403e4-e1e8-43fa-888f-26cef4355724,e-bike,39.993800533333335,-83.00699520000002,47,12.88,True,False,False,1787689017
Spin,97b0fb4a-bb75-4a4d-9653-87e17925dc1d,scooter,39.964437,-83.048192,23,6.43,True,False,False,1787689066
Spin,1165bfb3-a32a-45ee-a966-be72bb70ee68,scooter,40.010421,-83.015181,47,13.48,True,False,False,1787688849
Spin,28f8937f-9105-4adb-88b4-84118ecaec76,e-bike,40.017580599999995,-83.00483109999999,88,24.0,True,False,False,1787688956
Spin,0fd19d4d-5f94-4195-a947-4f8edfd5f9d1,e-bike,39.965091666666666,-83.00110333333332,87,23.71,True,False,False,1787688973
Spin,62e2f477-d540-418f-a5ab-a530e8c3b5b0,scooter,40.003575,-82.975197,53,14.34,True,False,False,1787688980
Spin,c700833c-d3d5-4a0c-98a4-ce82e21e44c0,scooter,40.014761,-82.990018,75,21.44,True,False,False,1787688871
Spin,c3231bdf-d765-428a-b6c3-4fa025388033,e-bike,39.94963403333334,-82.85817761666667,24,6.44,True,False,False,1787689049
Spin,effb18f6-3212-4441-8448-b842f053f321,e-bike,39.97446705,-83.0227242,58,15.8,True,False,False,1787689008
Spin,b0504b56-c25e-4f5a-ab54-393672882fe6,scooter,40.014758,-82.985726,97,26.34,True,False,False,1787689073
Spin,9f36a7ae-50c1-4ffc-bfda-19dc5dd23565,scooter,40.014456,-82.981525,55,15.62,True,False,False,1787688874
Spin,043a9b7e-7f99-4ef7-943d-21db3e6ff5c8,scooter,39.998043,-83.0003,54,14.63,True,False,False,1787689006
Spin,052cf12e-3c0d-43f2-8a8a-7ae5359ac051,e-bike,40.01698666666667,-82.97838166666666,98,26.63,True,False,False,1787689065
Spin,3a054e20-5695-4f9a-b3ee-1c699482c9bd,scooter,40.016997,-82.978423,98,26.63,True,False,False,1787688943
Spin,78f7d764-4aae-4628-980f-3b9b8613efd3,e-bike,39.97863565,-83.00454130000001,65,17.56,True,False,False,1787689040
Spin,72f70e25-01e9-41ed-9044-4b9c7734ca5f,e-bike,39.95862273333333,-82.99732873333332,74,20.19,True,False,False,1787689019
Spin,b2396d38-3810-493f-8147-2338b1c1d7e0,scooter,40.014082,-82.974515,70,19.91,True,False,False,1787689067
Spin,a0457d3d-ccb1-4398-8b9d-7d347cefbab1,scooter,40.017039,-82.965525,96,26.05,True,False,False,1787689042
Spin,a59eaa3b-ae89-40a9-b3b2-ca32c24d6ce4,e-bike,40.019733200000005,-83.0116341,26,7.02,True,False,False,1787689028
Spin,e5eaafd3-4913-4f23-ab56-c7aa7f654e23,scooter,40.013704,-82.967925,96,26.05,True,False,False,1787689018
Spin,910a176b-bd5c-4790-a4a9-050558226883,e-bike,40.0150162,-83.00083420000001,59,16.1,True,False,False,1787689053
Spin,6a34b571-4d04-420f-89ef-f0d4292ed53f,e-bike,39.98854805,-83.00074099999999,38,10.24,True,False,False,1787689069
Spin,1ba0fc63-a240-414d-8f00-09a11780108c,scooter,39.97258555,-83.0046679,86,23.41,True,False,False,1787689011
Spin,dda15a0b-bd03-49c0-9085-4c896c99eff0,scooter,39.997249,-82.977889,73,20.83,True,False,False,1787689071
Spin,0c4c19a1-ab8b-4550-aa6e-21809ca502ed,scooter,39.92622183333334,-82.99610643333332,92,25.17,True,False,False,1787688951
Spin,d7c1abac-0c80-4f40-9670-322337ccb6bc,e-bike,39.984092833333335,-83.02624339999998,89,24.29,True,False,False,1787689078
Spin,69a103d4-737a-4e99-9ae5-620aa0dd597e,scooter,39.993536,-82.981059,61,16.68,True,False,False,1787689027
Spin,263b8932-8a77-4903-8010-d8ecb8539ab0,scooter,39.993533,-82.981047,37,9.95,True,False,False,1787688919
Spin,0b38bf1c-8771-4c42-8263-672ad155c217,scooter,39.96858413333334,-82.99937283333333,31,8.49,True,False,False,1787688950
Spin,d032aabc-18cf-4c85-bf9f-e9de0b33af91,e-bike,39.95758393333333,-83.01142970000001,34,9.37,True,False,False,1787689022
Spin,70bea189-9c1e-4b00-be6e-da8cbc505935,e-bike,39.92656113333333,-82.9876603,88,24.0,True,False,False,1787689071
Spin,c1ffdb1e-e952-485c-bc01-4069d3b3ddbb,scooter,39.997077233333336,-82.99880183333335,99,26.93,True,False,False,1787689053
Spin,8a3a03cb-ee1d-4a86-aad2-a2e0eab0b05a,e-bike,40.0068511,-83.01622620000002,40,10.83,True,False,False,1787688955
Spin,66abd4ec-4d97-4147-b42d-3c9e12fb60bf,e-bike,40.0004438,-82.99853773333334,51,13.76,True,False,False,1787689070
Spin,e7ad8005-f89c-4586-b7d2-2552ef9e986e,e-bike,40.0004285,-82.99855443333333,88,24.0,True,False,False,1787689060
Spin,ec83c597-89da-4dc3-b197-7faafef72c88,e-bike,39.95596483333334,-83.01248869999999,40,10.83,True,False,False,1787689062
Spin,dddcb294-a731-4ae4-addc-8dd4e5e71d3a,e-bike,39.955963233333335,-83.0124991,88,24.0,True,False,False,1787688981
Spin,8f6db2cf-436d-4cd0-a8b9-e7f1143cca74,e-bike,39.95595793333334,-83.012477,49,13.46,True,False,False,1787688980
Spin,2ccd269a-5d93-40bb-bbc6-919e4a52e37a,e-bike,39.955971033333334,-83.01250550000002,31,8.49,True,False,False,1787688980
Spin,f60ff816-a7df-42f0-8982-665feadbc2b0,e-bike,39.955972833333334,-83.0124982,83,22.54,True,False,False,1787688979
Spin,4b19d189-95bb-4bf3-b37c-e5ab820869a5,e-bike,39.96718593333333,-83.01880260000001,68,18.44,True,False,False,1787689070
Spin,f9953b47-1f7b-4a9b-9618-7c31b04dc90a,e-bike,39.95885903333333,-83.012003,87,23.71,True,False,False,1787689060
Spin,7e5821d6-4a38-449f-b3b0-84cbfa4e1e54,scooter,39.95783623333333,-82.99755603333332,95,25.75,True,False,False,1787688936
Spin,df7fb26a-9afe-42c3-9922-b9982ef13fa8,e-bike,39.94783913333333,-82.98425173333332,89,24.29,True,False,False,1787688951
Spin,c186458e-492c-4579-a9fe-90460d1083dd,e-bike,39.94363643333334,-82.98044613333334,89,24.29,True,False,False,1787689014
Spin,ec01edb3-672d-4c11-b826-959f93e8b686,e-bike,39.961261666666665,-83.009285,58,15.8,True,False,False,1787688894
Spin,8b724e2b-61af-4c2e-887c-f291df338411,scooter,39.950672133333335,-82.99850923333334,100,27.22,True,False,False,1787689032
Spin,a97e7982-dd2e-4efa-811c-202c4bb6e069,e-bike,39.98257613333333,-83.00876940000002,89,24.29,True,False,False,1787688888
Spin,00811a1e-1098-4183-929a-fcace6f22e79,e-bike,39.999380433333336,-83.00277650000001,91,24.88,True,False,False,1787689010
Spin,ca5a8dec-3a28-44aa-9b0b-2f0eb0803767,e-bike,40.000993333333334,-83.00786166666667,53,14.34,True,False,False,1787689019
Spin,01648f0e-e0c4-42d2-acca-a71e42384096,scooter,39.99363003333334,-83.00840709999999,34,9.37,True,False,False,1787688970
Spin,cb69a10e-9d16-45c6-9a94-80c59d74ba26,scooter,39.942972,-82.990369,87,23.71,True,False,False,1787688897
Spin,e8fdf0c9-1c6f-4aff-b373-26fec8463fcb,e-bike,40.007235,-83.00934000000001,57,15.51,True,False,False,1787688940
Spin,34134a40-4d80-4fab-ac6d-5e02091b6a3f,scooter,39.969035,-83.003929,67,18.15,True,False,False,1787688963
Spin,05bec46d-cf6b-4e91-81fb-4de4dbc76cc9,scooter,39.969992033333334,-83.00136040000001,88,24.0,True,False,False,1787688982
Spin,819bb73d-7938-4141-8d0c-ae7cfd169278,scooter,40.0102221,-83.00031609999999,65,17.56,True,False,False,1787689056
Spin,c9c4397f-d613-4cbe-846f-ccf6263e2ab0,e-bike,39.99983893333333,-83.00589710000001,42,11.41,True,False,False,1787688851
Spin,930e0d4a-ab6d-4eee-b888-702e4add38ef,e-bike,40.0072751,-83.0152495,61,16.68,True,False,False,1787689029
Spin,5098ed4c-8e5e-437b-860e-401758e3eaa6,e-bike,39.98083763333333,-83.00472839999999,34,9.37,True,False,False,1787689001
Spin,0b0317fb-9475-4bdd-be66-d0bead81c704,e-bike,39.969792133333335,-83.00873789999999,88,24.0,True,False,False,1787689027
Spin,49e0a8bc-42db-43fb-aa3e-7e51ea913513,scooter,39.985403,-83.011071,22,5.85,True,False,False,1787689076
Spin,7efcafe6-1c7b-4ebb-8439-a6c8c7d26767,scooter,39.952728,-82.995712,45,12.29,True,False,False,1787688825
Spin,296b17cd-555c-4b49-8f1a-a90098a96562,scooter,39.98519865,-83.04455010000001,83,22.54,True,False,False,1787689001
Spin,177b32c1-5125-468a-895f-8977f30837f2,scooter,39.952906,-82.994334,97,26.34,True,False,False,1787689019
Spin,578b167e-d5e8-4f59-b882-07378b2ca853,scooter,39.97592565,-83.02652850000001,39,10.54,True,False,False,1787689025
Spin,dab9f967-2a77-4232-a045-da43c26b1b91,e-bike,39.95469873333333,-83.0763497,65,17.56,True,False,False,1787689042
Spin,46f7a927-78a7-4dcf-b4fd-428faa1c2fa2,e-bike,40.0311965,-83.02220979999998,19,5.27,True,False,False,1787689072
Spin,29bfc561-7202-46f2-b4c3-d3d1f0eeb150,scooter,39.990469,-82.995496,30,8.19,True,False,False,1787689078
Spin,719ca0ed-9dee-41da-abf9-ac119e6ee4bb,scooter,39.993793,-82.982499,39,10.54,True,False,False,1787689025
Spin,a89bf117-3297-4c8d-8348-45e1a30d777b,scooter,40.0075502,-83.0093631,65,17.56,True,False,False,1787688903
Spin,d549bc23-4b96-4b38-8902-a16f7b5056d2,scooter,39.967811,-82.976877,90,24.58,True,False,False,1787688941
Spin,5ba59dcd-d3bf-47d9-b894-e42080e87d29,scooter,39.967704,-82.9615,96,26.05,True,False,False,1787689072
Spin,1e58e321-6f0b-4503-a373-e93f7dfdbec1,e-bike,40.0150255,-82.99074243333334,48,13.17,True,False,False,1787688886
Spin,b79c9fbf-9107-4868-9104-f3b532221854,scooter,39.968572,-82.970143,97,26.34,True,False,False,1787689054
Spin,9e7d879b-f169-4b73-8644-50835520a7bd,e-bike,39.95290833333333,-83.01879499999998,60,16.39,True,False,False,1787689018
Spin,b98d3603-7a60-471d-b621-462c03e36df4,scooter,39.965656833333334,-82.99438983333333,52,14.05,True,False,False,1787689031
Spin,b4828271-7e4e-459a-bea3-027598aee3f9,e-bike,39.98812335,-83.0290634,76,20.78,True,False,False,1787689006
Spin,c016b40e-53e0-45c1-86d5-9934aac856e9,scooter,39.945844,-83.016833,39,10.54,True,False,False,1787689019
Spin,e319d2be-4fd6-41ee-995a-419bbc98d923,e-bike,40.023532,-83.03237320000001,15,4.1,True,False,False,1787689030
Spin,e3ca8cdf-2c1d-4e5d-9427-16066a8f8e02,e-bike,39.989335350000005,-83.04530189999998,40,10.83,True,False,False,1787689012
Spin,f1fc7423-d614-45b0-8f3e-1b945311313c,scooter,39.94944,-83.041676,52,14.05,True,False,False,1787689069
Spin,54ba2ebb-843f-48fc-8d60-a481139e5914,scooter,39.991924,-83.006473,63,18.07,True,False,False,1787688904
Spin,3a25eaaa-9e13-47e4-b45b-574e9cd741cb,e-bike,39.983367933333334,-82.98917805,33,9.07,True,False,False,1787689021
Spin,8601c8b8-507a-475a-a43d-64e25256ba73,e-bike,39.990328633333334,-83.02607510000001,19,5.27,True,False,False,1787689038
Spin,a3fa64dd-0957-427b-8abe-561de421182f,scooter,39.93827273333333,-82.97132155,70,19.02,True,False,False,1787689039
Spin,d4b2c41d-c2b3-4d19-8bef-007e34c8d54f,e-bike,39.97891495,-83.0038425,24,6.44,True,False,False,1787689018
Spin,2231ccca-1769-4bcc-b940-f95fb585b8e0,scooter,39.939543,-82.96701,77,22.06,True,False,False,1787688861
Spin,f4ea6dce-c380-4140-a112-b051f7456713,e-bike,40.002967,-83.008571,18,4.98,True,False,False,1787689070
Spin,56f182b7-222f-4897-b4e4-8f0e3daaeaf1,e-bike,40.00263666666667,-82.99821166666668,84,22.83,True,False,False,1787688945
Spin,542f0610-6dd0-4940-8950-c44d40482b9a,scooter,39.990296,-83.026132,57,15.51,True,False,False,1787689060
Spin,8481e6f6-7ebb-490f-8fae-7299a8602be5,scooter,39.993187533333334,-83.0270005,59,16.1,True,False,False,1787689003
Spin,e3289872-b4ea-4ea2-8e6d-f03ec8520ad8,e-bike,39.957409033333334,-83.0113731,49,13.46,True,False,False,1787688835
Spin,93a6700a-9146-47ea-88f4-d313ae1f5f8a,e-bike,39.957573333333336,-83.01143500000002,33,9.07,True,False,False,1787689009
Spin,0790b9ee-6506-4684-91e1-dbcf8f3cd6be,e-bike,39.95757833333333,-83.01140833333332,39,10.54,True,False,False,1787689031
Spin,37df0562-2aaa-4928-9ddb-1eec5794f28d,e-bike,39.95757123333333,-83.01141449999999,33,9.07,True,False,False,1787689076
Spin,04adf791-eba8-4c45-8dec-74194796b48e,e-bike,39.95761253333333,-83.01141809999999,24,6.44,True,False,False,1787688868
Spin,54a6ef71-c241-451b-b362-7482b13b7b23,e-bike,39.96407833333333,-82.99636333333335,100,27.22,True,False,False,1787688895
Spin,bcaffd11-f537-4767-b0a7-4d3e23e00669,scooter,39.945979,-83.016886,98,26.63,True,False,False,1787689074
Spin,5326b265-5fe0-4b49-99b8-07314203695e,scooter,39.931523,-83.049138,57,15.51,True,False,False,1787688908
Spin,a0cfa0c1-9db8-476d-8d63-93cfb0cdff58,scooter,39.972802,-83.002646,34,9.37,True,False,False,1787688947
Spin,3692ee6b-5a38-4f8e-8a68-3f1a939f7e9b,e-bike,39.993388233333334,-82.98196083333332,69,18.73,True,False,False,1787688965
Spin,33e9910e-2c7a-4f5f-9b41-7d7419365202,e-bike,39.96570113333333,-83.0220688,38,10.24,True,False,False,1787689066
Spin,bf7c2b54-6ebe-4d8b-bb08-175eaa71e3d1,e-bike,39.94937166666667,-82.995525,34,9.37,True,False,False,1787688942
Spin,2787c715-3214-4c87-9127-577b3c6d8447,e-bike,39.963122633333334,-83.00426010000001,54,14.63,True,False,False,1787688927
Spin,b968152b-4709-46cb-b268-44b123d73839,e-bike,39.95625233333333,-83.01002349999999,25,6.73,True,False,False,1787688876
Spin,be1a1e9f-4fe4-4911-8558-21f4d9f34caa,scooter,39.955471,-83.074144,32,8.78,True,False,False,1787688969
Spin,e511970b-f7e1-41b4-9a41-66f20c4f5854,e-bike,39.93486453333333,-82.97109555,37,9.95,True,False,False,1787688880
Spin,070b3723-8676-4a40-9792-949a3c8c241c,e-bike,39.97861185,-83.00878329999999,73,19.9,True,False,False,1787688961
Spin,73536c07-7960-4d84-8ecd-66d72967d924,scooter,39.97485185,-83.00407429999998,75,20.49,True,False,False,1787689060
Spin,f0606c67-4912-4df5-b7ab-444e41cfe93a,scooter,39.97485245,-83.00408360000002,46,12.58,True,False,False,1787688983
Spin,ff4378f0-9334-47e6-9ce0-a3b35cf67b2f,e-bike,39.95834583333333,-83.00977091666667,88,24.0,True,False,False,1787688996
Spin,01435fc0-e002-4733-8a3d-f1810254a3f4,scooter,39.96935473333333,-83.00014350000001,27,7.32,True,False,False,1787689071
Spin,a52dbd8b-3e2e-4c47-9be3-803b7e191f3a,e-bike,39.96218873333333,-82.99430943333333,88,24.0,True,False,False,1787688960
Spin,508c0d40-ab8a-4f37-8c0c-bca0f7735ee9,e-bike,39.94351473333334,-82.97644184999999,47,12.88,True,False,False,1787689018
Spin,82f1de9f-5104-46aa-b7fc-882349a3d0bb,e-bike,39.970482749999995,-82.99014673333335,90,24.58,True,False,False,1787689067
Spin,6b2ca6c2-9a85-4d5a-b28d-a8a54b2c73d1,scooter,39.959445,-82.995778,88,24.0,True,False,False,1787689070
Spin,746fe15e-0cf9-4c1b-9983-6dde611bb756,e-bike,39.95575443333333,-83.00470001666666,55,14.93,True,False,False,1787689034
Spin,c328db92-9d5b-4dfe-8206-673fa0a7d4bf,e-bike,39.97676345,-83.00359080000001,52,14.05,True,False,False,1787689062
Spin,efa19b9c-cf79-4159-84dd-ecc3bee4e167,e-bike,39.95746213333334,-83.00647329999998,23,6.15,True,False,False,1787688927
Spin,26724388-41a3-4fa5-8a0d-fd7be7d02426,e-bike,39.957438933333336,-83.0064831,31,8.49,True,False,False,1787689031
Spin,610a5fb8-feb3-4a20-97b4-be7d1176aae6,e-bike,39.95745,-83.00647166666667,37,9.95,True,False,False,1787689059
Spin,35c44849-9a29-4338-bfda-11303a22b435,e-bike,39.95743483333333,-83.00650900000001,47,12.88,True,False,False,1787688982
Spin,48094e8c-66fc-420a-8ff6-3a629ce55852,e-bike,39.96924333333333,-82.99065833333334,98,26.63,True,False,False,1787688939
Spin,1e746788-be5c-468e-9073-d26e25677f50,scooter,39.965212,-82.990348,99,26.93,True,False,False,1787689037
Spin,08c08219-3e92-46cf-845b-a851b059969a,e-bike,39.955710833333335,-83.0046436,51,13.76,True,False,False,1787689027
Spin,10c111b6-88b2-46ab-9969-914ba4714749,scooter,39.96834893333333,-83.001595,38,10.24,True,False,False,1787689062
Spin,007ef4be-bfb7-42e6-8cc8-95715b074eba,scooter,40.014297,-82.97673,92,25.17,True,False,False,1787688984
Spin,9a219050-9434-4dff-bcf3-04b342569693,scooter,39.96865,-83.004836,100,27.22,True,False,False,1787689004
Spin,f83bfcb1-2944-4ff4-8ddb-335323307110,scooter,39.967668,-83.009462,95,25.75,True,False,False,1787688877
Spin,6637a0a5-9018-41b2-8db5-148a523defb7,scooter,39.97109,-83.007416,88,24.0,True,False,False,1787689073
Spin,ccb853e9-3f13-4f9b-ba47-53ddc9571613,e-bike,39.973908333333334,-83.00919999999999,94,25.46,True,False,False,1787688938
Spin,1550837d-4c67-409d-8861-c6de55dd79a4,scooter,39.987325733333336,-82.99736933333334,39,10.54,True,False,False,1787689045
Spin,99386b5b-1c68-4cca-9f8d-c297ec21c0da,scooter,39.959066,-83.009223,41,11.64,True,False,False,1787688966
Spin,a7a562cc-fb32-410c-95fd-d1667e502605,e-bike,39.99332903333333,-83.00688720000001,45,12.29,True,False,False,1787688930
Spin,8ed92abd-8606-42e0-8fbe-3b0103594411,e-bike,39.93806403333333,-82.96811973333334,22,5.85,True,False,False,1787689047
Spin,545bae3b-c6c1-4a48-83ce-4ce221c8b7f7,e-bike,40.0121676,-83.00859489999999,26,7.02,True,False,False,1787688963
Spin,d8319a75-b683-43f3-9a57-678609eb5823,scooter,39.950382,-83.037158,63,17.27,True,False,False,1787688901
Spin,cb51443d-360a-47f0-8f2b-7d9b45a764a2,scooter,40.00893,-83.009946,85,23.12,True,False,False,1787689026
Spin,e5b9ad41-8b36-42ea-87fb-af6f1873b031,e-bike,39.99761263333333,-83.0036839,47,12.88,True,False,False,1787689060
Spin,cfb12479-6f2a-4bf1-9419-fd12a9168ad5,scooter,39.99292873333333,-83.00664479999999,100,27.22,True,False,False,1787689047
Spin,58517bed-67cb-45c9-8b9f-893b8b075913,e-bike,39.98688743333333,-83.00539699999999,91,24.88,True,False,False,1787689072
Spin,0f97cd78-7581-400f-a1e9-9020e1d66080,scooter,39.979825,-83.010326,68,18.44,True,False,False,1787688947
Spin,7e899878-d9d0-4cd3-8879-639f5954f1ef,scooter,39.978656,-83.004662,86,23.41,True,False,False,1787689065
Spin,f87f4cce-131e-47de-b3f0-1d5b73d79f7c,e-bike,39.97889,-83.003795,87,23.71,True,False,False,1787688963
Spin,333f30cb-a6e2-48cd-b1fc-bcbf833bb034,scooter,39.976937,-83.003492,98,26.63,True,False,False,1787688950
Spin,35ab85f0-a42b-47ef-9936-b0b931c8d13b,scooter,39.97150545,-83.0024881,24,6.44,True,False,False,1787689033
Spin,56bd49fc-0061-4306-b5cd-37249d53dac1,scooter,39.976642,-83.00344,73,19.9,True,False,False,1787688845
Spin,0231b994-6386-4005-ad73-0e222fce9572,scooter,39.96425703333333,-82.99688693333334,52,14.05,True,False,False,1787688967
Spin,b24afe3f-c444-40bd-a3d6-b23c9f65b85b,e-bike,39.985328249999995,-83.0016891,37,9.95,True,False,False,1787689075
Spin,704052b1-0245-4360-9d1e-54d04ce2595e,e-bike,39.954466133333334,-83.03626369999999,47,12.88,True,False,False,1787689030
Spin,e139316f-12ae-4424-8f28-9536429d317c,scooter,40.0074939,-82.99695593333333,41,11.12,True,False,False,1787689015
Spin,03a1a7a1-67cf-484b-86c4-4747f39f1ef9,e-bike,39.957823633333334,-83.01413269999999,46,12.58,True,False,False,1787689050
Spin,4df5bed3-6507-4a84-b139-d3cfd281bcdf,e-bike,40.000806,-83.0015478,75,20.49,True,False,False,1787689026
Spin,9e3c159c-3e3b-4530-a902-ba791963d45c,e-bike,40.000831700000006,-83.0015934,58,15.8,True,False,False,1787688952
Spin,dfee9a15-99ee-4f11-917b-a312e476e98d,e-bike,39.99498833333334,-83.00716666666668,82,22.24,True,False,False,1787689023
Spin,56b79545-8b3f-42da-bf79-3f71d5f05fe6,scooter,39.97461155,-83.00294639999998,74,20.19,True,False,False,1787689014
Spin,d608fa3e-d29d-48d5-ad64-1a467f028a3b,scooter,39.981549333333334,-82.98480773333334,57,15.51,True,False,False,1787689045
Spin,bd44c614-fd84-4658-99fe-b05b7c9a5861,e-bike,39.978764749999996,-82.99397853333333,48,13.17,True,False,False,1787688896
Spin,4c439c0c-99c2-4622-accc-12bc1bac3fdb,scooter,39.978842,-82.993933,38,10.24,True,False,False,1787689072
Spin,50c70ece-ff66-4a02-9f2a-35d726a8e54d,scooter,39.978822550000004,-82.99391373333334,33,9.07,True,False,False,1787689073
Spin,01fc60ce-ebdf-4310-83ae-3eaa06520ff4,e-bike,39.98092346666667,-83.00356373333334,39,10.54,True,False,False,1787688875
Spin,7697a5dc-f7b6-490d-b8d8-aa2f5bcd9b47,scooter,39.93524,-82.977241,49,13.46,True,False,False,1787689060
Spin,b7d3eb92-bc59-471a-aab0-f7203681b230,scooter,39.954215,-83.086417,34,9.37,True,False,False,1787689028
Spin,467edfbf-4337-45fe-8554-a5b959f01bf8,e-bike,39.95842793333334,-83.00820649999999,78,21.36,True,False,False,1787689040
Spin,121715ea-811d-4608-8d04-1be8301f55e4,e-bike,40.013002,-83.0013911,60,16.39,True,False,False,1787689031
Spin,929dbba7-ba8c-4668-9a66-f79920cbe5ee,e-bike,39.993116666666666,-83.00850833333334,54,14.63,True,False,False,1787688869
Spin,ff341c7e-f130-4f00-a619-16e005c48006,scooter,40.014949,-82.990447,77,22.06,True,False,False,1787689066
Spin,371f1819-11c9-454c-a330-f99efefbd7da,e-bike,39.95680483333333,-82.99946103333332,69,18.73,True,False,False,1787689034
Spin,b818e191-0988-437f-9f49-e68f6284aaf8,scooter,39.985399,-83.031457,32,8.78,True,False,False,1787689044
Spin,0607b4dc-955f-4935-a7f8-2b4421452f24,e-bike,39.94604113333333,-83.01690359999999,83,22.54,True,False,False,1787688987
Spin,54834696-71b7-4f7f-9fd6-a0ec674769bb,scooter,40.0056201,-83.0093285,56,15.22,True,False,False,1787689028
Spin,5ac272cd-fe34-4f45-9ccf-491948fd7031,e-bike,39.95772443333333,-83.04227620000002,75,20.49,True,False,False,1787689020
Spin,8b35b5c7-1487-4738-a6b5-a66d881b8361,e-bike,40.0005509,-83.0073128,27,7.32,True,False,False,1787688910
Spin,2448b53c-36dc-44b3-b384-25d070e6aabb,e-bike,39.99879253333334,-83.0034413,56,15.22,True,False,False,1787688977
Spin,9d0ce659-c64d-4c0e-8666-b0a40578d4d2,scooter,39.954555,-83.023468,91,24.88,True,False,False,1787689025
Spin,b2845923-12e4-4fa8-aa1c-ddec2f27dd9e,scooter,39.958333,-83.021475,55,14.93,True,False,False,1787689065
Spin,06738782-4108-454d-8010-e13084681b31,e-bike,39.98417193333333,-83.01913889999999,41,11.12,True,False,False,1787688924
Spin,20c22fa7-7514-4fab-a526-611c7231a2e1,scooter,40.0070425,-83.02298649999999,41,11.12,True,False,False,1787688888
Spin,74640129-4eb3-4ebf-80c9-ad9688cfbf24,scooter,39.958107133333336,-82.99975843333335,37,9.95,True,False,False,1787688900
Spin,fea76a4f-62d1-4fae-9513-a9378a92b1f4,e-bike,39.954951333333334,-82.99979733333333,71,19.32,True,False,False,1787689065
Spin,df546ec1-4fcf-447f-a9cf-608355e8eab2,scooter,39.938264,-82.976796,17,4.68,True,False,False,1787688927
Spin,e65cc845-fce0-46e0-8919-249d60e30f7f,scooter,39.972124,-83.002299,76,20.78,True,False,False,1787689066
Spin,21069b02-5ca2-46e0-b607-15b72748dfd1,e-bike,39.95449743333334,-83.00103370000001,89,24.29,True,False,False,1787688873
Spin,930e42d3-32c4-4a97-a17f-bbcf1a4f2812,e-bike,39.967686666666665,-82.97854666666666,95,25.75,True,False,False,1787688978
Spin,87ca58c8-4ba7-4ae9-96d5-d274e8320f30,e-bike,40.00024,-82.96910166666666,80,21.66,True,False,False,1787689079
Spin,b6bdb54d-875f-41c9-a219-6e525e61a9c6,e-bike,40.0113271,-83.01065179999999,88,24.0,True,False,False,1787689054
Spin,a2edb47c-edbd-4434-9569-354e167b339e,scooter,39.96763,-82.960375,91,26.04,True,False,False,1787689023
Spin,71e2c7ed-a7a1-4a8d-8aa4-5bafb49893f0,e-bike,39.96986473333333,-83.00750289999999,47,12.88,True,False,False,1787689071
Spin,bac59c8c-3ab6-4716-bc10-df15ba76f102,e-bike,40.000173333333336,-83.00737666666667,51,13.76,True,False,False,1787688844
Spin,f0d14d43-192f-4714-870c-54c4bdabd8e6,e-bike,39.97522925,-82.98035993333333,58,15.8,True,False,False,1787688903
Spin,8d1c28ca-6dbf-4378-b151-f313588be987,e-bike,39.996333533333335,-83.0072614,72,19.61,True,False,False,1787688805
Spin,f1e82cb6-8f1d-411f-b897-1b252e85be07,scooter,39.96519633333333,-82.97405595000001,25,6.73,True,False,False,1787688985
Spin,5a7eab0b-76fa-4822-81e8-136147e24a2d,scooter,39.958685,-83.003021,40,10.83,True,False,False,1787688999
Spin,7c759279-3a49-444b-826b-cace71aec26c,e-bike,39.96925533333333,-83.00147,51,13.76,True,False,False,1787689078
Spin,6745af67-8844-48aa-ac9e-be8569ee006e,scooter,39.970978,-82.979342,56,15.93,True,False,False,1787688945
Spin,0df1da45-0a34-4532-8eaa-d6fa71d88938,e-bike,39.94561183333334,-83.035666,71,19.32,True,False,False,1787689051
Spin,165b8814-59d4-45f7-b114-2c3d750afabc,e-bike,39.960835833333334,-83.013976,35,9.66,True,False,False,1787688959
Spin,39a92b22-225c-47c5-9303-2d9d07cd7751,scooter,40.017087,-82.965558,65,18.38,True,False,False,1787689076
Spin,fd5a4d42-474b-4e08-a953-50e734c286bd,scooter,39.935888,-82.988791,17,4.9,True,False,False,1787688896
Spin,557697dc-de67-40db-ab73-2b6e1dee901f,scooter,39.93945,-82.966535,91,24.88,True,False,False,1787688946
Spin,7a352556-b893-4e46-a982-3806cadb0219,e-bike,40.0224432,-83.0132148,22,5.85,True,False,False,1787689023
Spin,a977d399-4d82-4a63-8368-7f81968c8431,scooter,39.96295,-82.976496,44,12.56,True,False,False,1787688927
Spin,bc0f7b2d-5e7c-48ec-a3e5-f25158e8dfc5,scooter,39.955493,-83.026181,34,9.8,True,False,False,1787689072
Spin,48610a4f-f18e-4dff-9dba-eeb58a02cb65,scooter,39.947705,-83.050926,96,26.05,True,False,False,1787689071
Spin,bd0d9796-48fb-4930-9d00-a421ca25584f,scooter,39.947712,-83.050902,94,25.46,True,False,False,1787688986
Spin,b3283b5d-7f82-4a83-a768-4b9fef564a18,scooter,40.007,-83.023106,16,4.39,True,False,False,1787689046
Spin,bab19a26-e0c1-4691-b478-08d2caa25ae7,e-bike,40.0127415,-83.01300760000001,87,23.71,True,False,False,1787688810
Spin,4d116694-e8df-4360-9d96-b70dad4580d8,scooter,39.947732,-83.05097,92,25.17,True,False,False,1787689068
Spin,1381a5bf-b790-4ef8-9b58-4ec13a3c3fc6,scooter,39.992341,-83.001157,17,4.68,True,False,False,1787688931
Spin,73754c79-48ae-41c5-94af-0c14aefd9b36,e-bike,39.960834999999996,-83.012555,52,14.05,True,False,False,1787688923
Spin,b9c8ec19-8b1c-4af4-97a8-a34295326c69,scooter,39.947701,-83.050943,97,26.34,True,False,False,1787689010
Spin,c557e032-a703-4ae7-97d0-52de5ec55881,scooter,39.947708,-83.050914,94,25.46,True,False,False,1787689073
Spin,352cfe1a-b58b-490a-b3be-2b9bccdf5da2,scooter,39.947695,-83.05092,94,25.46,True,False,False,1787688909
Spin,f7640c66-63e6-4cd1-99e7-a7d4dad1239d,e-bike,39.976262049999995,-83.0040531,66,17.85,True,False,False,1787689078
Spin,f588bfdb-ef36-412d-a615-5cfa67bae904,scooter,39.961372,-83.001724,83,23.59,True,False,False,1787688918
Spin,1401314f-4626-499b-a2f0-78d724104c7e,e-bike,40.007521,-83.01039,71,19.32,True,False,False,1787689001
Spin,d1a5d810-55a0-4bc1-bc09-07b017016ca7,scooter,39.989643,-83.00567,70,19.02,True,False,False,1787689038
Spin,9e195598-3dc5-4224-a6c3-a45319ff3170,scooter,39.948041,-83.049342,94,25.46,True,False,False,1787688939
Spin,f2dab408-ad6f-475a-ae0a-b77ec4d6acba,scooter,39.948101,-83.049395,94,25.46,True,False,False,1787689068
Spin,bdd24863-5a35-4695-9b75-08a8295cd955,e-bike,39.95546293333334,-83.0043968,74,20.19,True,False,False,1787689036
Spin,181c3ea6-9d21-4e18-8faa-c93035c6e212,scooter,40.014569,-82.988041,89,25.43,True,False,False,1787688916
Spin,13bad77b-e4a3-48ca-b21f-a16a0fa4ea73,scooter,39.949426,-83.04176,99,26.93,True,False,False,1787689044
Spin,5ea7e406-a783-40b5-a366-9e7347400ae2,scooter,39.949431,-83.041739,100,27.22,True,False,False,1787689068
Spin,120d537c-0df2-406f-800d-fd121160b720,scooter,39.949444,-83.041794,94,25.46,True,False,False,1787688952
Spin,3a20aad7-bf80-498e-bf17-58a71ac6b411,scooter,40.014022,-82.97453,67,18.99,True,False,False,1787688975
Spin,47b22a3d-e545-45bd-9486-8e68475eb82c,e-bike,39.96435863333333,-83.000138,23,6.15,True,False,False,1787689064
Spin,b1f84bb9-1301-488c-a944-ad8bb2e5fe07,scooter,39.98606963333334,-83.00553409999999,67,18.15,True,False,False,1787689028
Spin,4c995faf-2d35-43ea-a5d8-734a4d6443d0,scooter,39.98961695,-83.00563939999999,100,27.22,True,False,False,1787688952
Spin,dca35866-b85c-446c-9a38-746c246478ff,e-bike,39.96245553333333,-82.99248543333333,51,13.76,True,False,False,1787689030
Spin,464f4f86-fb7c-4a14-bbea-b6948fdc302e,scooter,39.949057833333335,-83.04388249999998,42,11.41,True,False,False,1787688940
Spin,d2175ff2-f69e-4426-a0c3-47646f3a9ff8,e-bike,39.940189733333334,-82.98069163333334,19,5.27,True,False,False,1787689072
Spin,3656a04d-71f2-4ae9-9025-6107530dc47f,scooter,39.967385,-83.019196,35,10.11,True,False,False,1787689006
Spin,7410d042-56e0-4e6c-bc8f-8139d77d9670,scooter,40.008929,-82.970385,76,21.75,True,False,False,1787688892
Spin,84a599d7-0c48-452b-92ca-050b0686932d,scooter,40.017044,-82.965504,67,18.99,True,False,False,1787689053
Spin,5eb4839d-663c-4119-9d33-a1574777f2a6,scooter,39.987092,-83.002802,94,25.46,True,False,False,1787689058
Spin,dad3b5ee-81d5-47bd-be84-5e4c396705f7,e-bike,39.967549999999996,-83.01340499999999,53,14.34,True,False,False,1787688942
Spin,e5afae2c-262e-4882-a68f-9cf63079760a,e-bike,39.96478333333334,-83.00188000000001,31,8.49,True,False,False,1787688958
Spin,ef011a35-7dee-4135-8efd-f810718beadb,e-bike,39.957409033333334,-82.99988043333333,90,24.58,True,False,False,1787689072
Spin,ad5466a5-1c61-405c-8d83-d76ec3318aaa,e-bike,39.96759833333333,-83.013435,90,24.58,True,False,False,1787688925
Spin,f8974789-1064-4c7a-b522-94491db264b5,scooter,39.963105733333336,-83.00424419999999,100,27.22,True,False,False,1787689046
Spin,66e5813a-a2e0-4b81-857d-223df244dcdb,e-bike,39.96455293333334,-83.0009507,92,25.17,True,False,False,1787689026
Spin,0133ab26-0c99-4be0-aadb-be290cdae70a,e-bike,39.989037149999994,-83.0019955,96,26.05,True,False,False,1787688846
Spin,3aabbca9-8be8-4254-a1b9-22d31e5aa00c,e-bike,39.97408995,-83.00124910000001,92,25.17,True,False,False,1787689051
Spin,c145ce78-bac1-4eb5-a541-cbbebc46bb5c,e-bike,39.98275383333333,-83.00472880000001,88,24.0,True,False,False,1787689022
Spin,b65681bb-f474-4de1-b7b7-d9323ed08976,e-bike,39.97519095,-82.99800553333334,98,26.63,True,False,False,1787688998
Spin,9067e1f9-fb49-4f0f-addc-53a0bbbc0bd1,e-bike,39.97413165,-83.00127679999999,94,25.46,True,False,False,1787688943
Spin,6304a15b-4f89-400c-a92a-6d46f2cb8c14,e-bike,39.979054649999995,-83.0040311,92,25.17,True,False,False,1787688995
Spin,98503cd0-51da-4cda-9d4a-116fb5492ce1,scooter,39.946891,-83.020285,84,22.83,True,False,False,1787689000
Spin,56758768-7c9e-4f29-9485-3c97062923fc,e-bike,39.991477933333336,-83.00639670000001,25,6.73,True,False,False,1787689050
Spin,c2825971-6e89-4cf2-b8ca-4a4506977908,e-bike,39.97905705,-83.00324299999998,92,25.17,True,False,False,1787689076
Spin,7c4c24f9-cb23-466e-ac5b-39c66d77e69a,scooter,39.97704785,-83.01128949999999,20,5.56,True,False,False,1787688954
Spin,ced0db52-b374-4b79-a605-4a4713d4ebfc,scooter,40.018692,-82.97822,54,14.63,True,False,False,1787689040
Spin,c8c0c286-5771-407d-b13c-04575974b80d,e-bike,39.996764999999996,-83.00461833333333,69,18.73,True,False,False,1787688854
Spin,d97be37a-df0f-49b6-b49e-18de7a789662,scooter,40.015535,-82.986598,40,10.83,True,False,False,1787688986
Spin,3ed5a7cb-c080-4946-a601-e76d4d0b7ce6,scooter,40.014433,-82.981583,98,26.63,True,False,False,1787689043
Spin,0918b437-7e6e-4726-beb2-3fe4705dbeaa,scooter,40.014666,-82.991123,96,26.05,True,False,False,1787689038
Spin,cbab33c9-ad82-4152-9b92-fd1b52111005,e-bike,39.967585,-83.01343833333334,86,23.41,True,False,False,1787688926
Spin,77201ff0-f120-4f46-9df6-30812b9b786d,scooter,40.014264,-82.989303,15,4.1,True,False,False,1787689042
Spin,4b147be0-fbd6-4bbb-8ea0-6d3d6b81ec99,scooter,40.041189,-83.018999,99,26.93,True,False,False,1787689071
Spin,b93476f4-dc07-4ff8-bda1-f2b2e340d268,e-bike,39.97219465,-83.0073728,35,9.66,True,False,False,1787689064
Spin,82720186-4798-4659-b56c-d05452b105fd,scooter,39.957777,-82.959106,18,5.21,True,False,False,1787688911
Spin,1467849f-e673-4e94-b668-b833b78e4d5a,e-bike,39.97159666666666,-83.00249666666666,51,13.76,True,False,False,1787688976
Spin,78b17d48-e19a-4869-a813-202198dcdafe,e-bike,39.97254275,-83.00453879999999,39,10.54,True,False,False,1787688875
Spin,a24d3188-70d5-426c-aa46-98e7b77bbc9d,e-bike,39.993361433333334,-83.00564520000002,44,12.0,True,False,False,1787689057
Spin,fe41d5b3-de2c-406f-8b34-f0c7f10cc798,e-bike,39.99335303333333,-83.0060067,41,11.12,True,False,False,1787688977
Spin,f9a60c62-0afa-4646-8163-128fb1f859a4,e-bike,39.95811666666667,-83.00002500000001,90,24.58,True,False,False,1787688880
Spin,9dc8314a-a6c0-4e16-8dad-157a132a7bbd,scooter,39.925275,-82.98444,38,10.72,True,False,False,1787689079
Spin,f251b077-f571-4b0b-b1a7-e072424c1231,e-bike,39.98292193333334,-83.0063666,91,24.88,True,False,False,1787689072
Spin,2fac59f5-1eab-494b-8a34-cb3f767da054,e-bike,39.991973316666666,-83.00662943333333,67,18.15,True,False,False,1787688981
Spin,5ce7a8b6-7ddb-4004-875d-b1850c280de4,scooter,39.966045,-83.001332,72,19.61,True,False,False,1787688926
Spin,d0f1796b-4ef3-4484-8fa8-cb390a6db530,e-bike,39.97304845,-83.0047362,88,24.0,True,False,False,1787688934
Spin,d59851cf-3c5e-4fc9-a730-42483f369872,scooter,39.967639,-82.967271,62,17.77,True,False,False,1787689065
Spin,40d9758d-c4f4-4942-87c6-9caf0f250f69,e-bike,39.960897333333335,-82.99308273333332,87,23.71,True,False,False,1787689052
Spin,ddf1d905-adec-4119-8665-5588327d5f36,e-bike,40.0062967,-83.01345009999999,85,23.12,True,False,False,1787688842
Spin,b8e2286a-25ef-4674-a4d6-3b8a12f3c42c,e-bike,39.996166933333335,-83.0408275,29,7.9,True,False,False,1787689059
Spin,8d649fea-73f4-4e29-86f0-9b6586d513cc,e-bike,40.0073832,-83.01537080000001,54,14.63,True,False,False,1787688937
Spin,8b258a22-88b3-43bb-b132-7eb0664aeac3,e-bike,39.97043275,-83.00212009999998,71,19.32,True,False,False,1787688985
Spin,33152cf6-8d6d-4f92-a1c0-600e8ca8f6ac,e-bike,39.96237103333333,-82.96998983333333,43,11.71,True,False,False,1787688988
Spin,9eceec4c-3426-4c0d-a9c0-362ee50e5d13,e-bike,39.96236,-82.96986333333334,44,12.0,True,False,False,1787688924
Spin,88842b08-6595-4762-90d6-dc4af90facb2,e-bike,39.96716833333333,-83.01876333333333,19,5.27,True,False,False,1787688944
Spin,3ec2f35e-a7af-4e68-9b23-eeb0108be1b6,e-bike,39.95717163333334,-83.003821,48,13.17,True,False,False,1787688863
Spin,214ec747-9d67-4fb6-a1c4-2d56b7b5e26d,e-bike,39.99239013333333,-83.0270272,45,12.29,True,False,False,1787688977
Spin,a1e28110-422e-4ab3-a2ab-21c545240c1e,scooter,39.97431,-82.894246,75,21.44,True,False,False,1787688987
Spin,a15cda2a-9308-4107-b379-f79e6ae6dac7,e-bike,39.98822166666666,-83.01518166666668,66,17.85,True,False,False,1787688968
Spin,f0ded299-1dff-4465-858b-8c24e3d8d736,scooter,40.019252599999994,-83.02565260000002,49,13.46,True,False,False,1787688902
Spin,916b188e-f376-4133-ae2c-57f6c31d5efb,e-bike,39.99331263333333,-83.00150620000001,63,17.27,True,False,False,1787689050
Spin,67a5ac5c-e557-42ca-ba9b-151ec0d38e1f,e-bike,39.96880403333333,-82.99827383333334,65,17.56,True,False,False,1787689071
Spin,e3a1d902-1393-4e9b-b21f-f7f3ef86f21f,e-bike,40.02281,-83.01372333333332,60,16.39,True,False,False,1787688892
Spin,c0b129c0-513e-4a5d-a9be-357ab0ef1663,e-bike,40.0061703,-83.0088948,65,17.56,True,False,False,1787688834
Spin,c78910c2-b346-44ec-bbb7-62d9263609d5,e-bike,40.0111524,-83.01060860000001,92,25.17,True,False,False,1787688968
Spin,5dfccb2b-730c-473d-b7d4-4a13ef723202,e-bike,40.011179,-83.0106066,94,25.46,True,False,False,1787688952
Spin,29bf833f-b6f5-4e51-a0b7-0e17208e7e60,e-bike,39.968315,-83.007245,63,17.27,True,False,False,1787688931
Spin,871b2b89-fa67-43cd-a441-22338562e85b,e-bike,40.0099911,-83.00997780000002,91,24.88,True,False,False,1787689057
Spin,d798088d-decd-471e-99a6-037619c03bb2,scooter,40.006951,-82.965664,94,25.46,True,False,False,1787689020
Spin,c7673128-2b59-4da8-814c-0512701fef9c,scooter,40.006651899999994,-83.02040639999998,95,25.75,True,False,False,1787688928
Spin,6d6efed3-7d42-41dd-9442-84b4ce72ea9f,e-bike,39.998873933333336,-83.00763809999998,90,24.58,True,False,False,1787689062
Spin,d87abbda-68b9-4379-b018-73e7adfd87f3,scooter,39.991102,-83.011233,43,12.25,True,False,False,1787688870
Spin,62b87b41-f236-41d6-9be8-9b6e9eafb820,e-bike,40.0106011,-83.00965620000001,70,19.02,True,False,False,1787688980
Spin,3f93855f-ea89-4344-88b0-1afc563063ab,e-bike,39.996114733333336,-83.0026491,38,10.24,True,False,False,1787688982
Spin,edf6f3f7-50d0-4159-9fb4-56b28f9ef0ff,e-bike,39.962880733333336,-83.03909290000001,32,8.78,True,False,False,1787689050
Spin,24534ade-d7dd-40d6-a1c6-b1e4bd929ce9,e-bike,40.0063211,-83.013394,31,8.49,True,False,False,1787689026
Spin,ee8b79a3-413f-45e8-8be0-261d56288653,e-bike,39.96470583333333,-82.98718293333334,86,23.41,True,False,False,1787688891
Spin,e6c271e8-15cd-47c1-bb18-b133aa0c5072,e-bike,40.0019703,-83.0077257,40,10.83,True,False,False,1787688985
Spin,09fa5ce5-1281-422b-b088-5231b7a1f42a,e-bike,40.0063254,-83.0133959,83,22.54,True,False,False,1787689076
Spin,a6a25b63-878a-4458-89ac-f407c43c945b,scooter,39.946555833333335,-83.0002649,88,24.0,True,False,False,1787689073
Spin,7da1579a-14b3-4d2f-a255-de16d88e6d6d,scooter,40.014167,-82.982575,87,23.71,True,False,False,1787689060
Spin,fde13131-5f3b-47ce-b892-fec4f26ad124,scooter,39.96326,-82.981366,42,11.95,True,False,False,1787688949
Spin,66b7d233-76f4-4d76-90eb-b2260fc3cc1a,scooter,39.963262,-82.981341,51,14.4,True,False,False,1787688994
Spin,0c89b470-2754-4811-a6cf-f70d4d965cdc,scooter,39.963229,-82.981328,48,13.17,True,False,False,1787689026
Spin,378f5dcd-5a13-4188-b6a5-97d8e4497d72,scooter,39.963228,-82.981347,100,27.22,True,False,False,1787688950
Spin,bab42451-544b-435b-8003-af1b5a62a385,scooter,40.030701,-82.961949,58,15.8,True,False,False,1787688928
Spin,969b5543-d31a-4188-980a-7903a24d6183,scooter,40.017611,-82.969345,37,9.95,True,False,False,1787689000
Spin,b6af6af1-0a89-428b-aa5a-40d360c003a1,e-bike,39.99792983333334,-82.99813733333333,80,21.66,True,False,False,1787689074
Spin,9727a265-a11f-4f8a-bc33-de101bb1feb4,e-bike,39.991587333333335,-83.01473759999999,77,21.07,True,False,False,1787688825
Spin,9c55b1b5-26a1-47e0-9325-1456cef270a5,scooter,39.941433,-82.983293,85,23.12,True,False,False,1787688934
Spin,ae23a4e3-5f48-4d54-b6c6-356cda470b06,scooter,39.94144,-82.983285,85,23.12,True,False,False,1787689031
Spin,3035d972-2e4b-4b1c-bd5d-ff893f3b53d1,scooter,39.941459,-82.983289,99,26.93,True,False,False,1787689037
Spin,4218c4c2-0448-47ec-b0a4-20ce97d10e8d,e-bike,39.98854925,-83.00076820000001,57,15.51,True,False,False,1787688903
Spin,60486cee-fdd9-4e33-b0a3-916afd3765e7,e-bike,39.964708333333334,-82.98722000000001,86,23.41,True,False,False,1787688926
Spin,6a4c5d8f-c283-4318-bd10-8466a2d24cb4,scooter,39.941511,-82.983277,92,25.17,True,False,False,1787688913
Spin,db476d4a-6a09-4edf-85da-f7c5a0819955,scooter,39.977175,-83.004235,76,21.75,True,False,False,1787688957
Spin,6d56412f-9510-4b70-8d7c-c8c91feb0993,scooter,40.00075,-83.007983,28,7.96,True,False,False,1787689028
Spin,07ac20ac-9e4b-434a-8014-83f43ba6ec7c,scooter,39.940473,-82.983514,94,25.46,True,False,False,1787689063
Spin,81130ee1-3ddb-41b3-bb5a-bcf0dc81818d,e-bike,39.99214953333333,-83.00679819999999,51,13.76,True,False,False,1787689076
Spin,2b3ebd53-173e-4459-b9e5-d493a6e2364f,e-bike,39.98688383333333,-82.99579033333333,44,12.0,True,False,False,1787689032
Spin,ca3e51de-fd44-4541-b4e8-4fd6c5063ce6,e-bike,40.006257,-83.013424,67,18.15,True,False,False,1787689072
Spin,ca9af1c0-ddf5-4e31-bea2-de25ee921017,e-bike,39.99034593333333,-83.01334219999998,39,10.54,True,False,False,1787688950
Spin,61defdbe-6bf9-45cb-be2a-3d5c4c7a5ed8,e-bike,39.96549313333333,-82.97090914999998,76,20.78,True,False,False,1787689006
Spin,ddcac579-d805-4258-b1b6-f76c0dc15419,scooter,39.940514,-82.983489,95,26.96,True,False,False,1787688985
Spin,0e03cf14-c292-4245-a0a3-a2e2cf1b5931,scooter,39.997232,-82.977873,98,26.63,True,False,False,1787688945
Spin,01107adb-911a-4b90-b109-e772fe733c70,scooter,39.95357473333333,-82.97401975,84,22.83,True,False,False,1787689055
Spin,bf830a83-840c-4359-9103-2370ca048c74,scooter,39.96851233333334,-82.99932093333334,49,13.46,True,False,False,1787689068
Spin,b01e8537-db39-42dd-8212-b4ae646a9afc,scooter,39.94048,-82.983485,98,26.63,True,False,False,1787689068
Spin,19b0a5af-decc-4af3-86ab-be64ee767f1b,scooter,40.000406,-82.979811,100,27.22,True,False,False,1787688940
Spin,340e3d7b-0241-4172-aa56-317126047ec9,scooter,40.00045,-82.979765,33,9.07,True,False,False,1787689052
Spin,5fabd97d-0473-45f5-98aa-3860f04fa561,scooter,40.000454,-82.979774,67,18.15,True,False,False,1787689029
Spin,32a3d435-64c6-4b1e-8763-8a8958c407a3,scooter,40.000455,-82.979812,70,19.91,True,False,False,1787688891
Spin,7f7849c9-0010-4849-b4f4-152edcd1a2da,scooter,40.000456,-82.979756,33,9.07,True,False,False,1787689072
Spin,6f443f6a-cf61-46f6-bd17-147c06b5042e,scooter,40.000471,-82.979759,35,10.11,True,False,False,1787688870
Spin,fade2fc7-4ec7-4994-8a09-559d68bba2e6,e-bike,40.006665399999996,-83.01750179999999,77,21.07,True,False,False,1787688968
Spin,dfd3afc8-10da-47db-8ee6-adec2f3d2031,e-bike,40.0235962,-83.0304121,44,12.0,True,False,False,1787688982
Spin,94d0e04c-90f2-45d8-9c0b-fccfbd412b72,scooter,39.99888863333333,-83.00761490000001,100,27.22,True,False,False,1787688990
Spin,6bb6b219-c986-4bee-a693-184690e93e1b,e-bike,39.978208333333335,-82.998205,83,22.54,True,False,False,1787688972
Spin,5fa6d1f9-7770-4492-9629-4f0977b287f0,e-bike,39.994608533333334,-83.0069205,24,6.44,True,False,False,1787688958
Spin,3edaec99-891f-4ce5-9d30-a6768b8abd5b,e-bike,39.997755,-83.00675666666666,97,26.34,True,False,False,1787688986
Spin,22a25083-54a0-4432-ba27-b80da71a7ea3,scooter,40.015,-83.000552,78,22.36,True,False,False,1787689031
Spin,7358b57c-4ca9-48ea-8bfc-c68cea725d72,e-bike,39.994770933333335,-83.00635159999999,94,25.46,True,False,False,1787689036
Spin,40568475-d2ef-4f78-be68-db24cb5dfa39,e-bike,39.98957705,-83.0055958,70,19.02,True,False,False,1787689039
Spin,9fb904f7-2f6d-4364-b9f6-4d510b389a8f,e-bike,39.994977033333335,-83.03181959999999,68,18.44,True,False,False,1787689066
Spin,586c1427-752c-49a3-a4ed-9c75704cd854,e-bike,39.974668333333334,-82.96953166666665,22,5.85,True,False,False,1787689076
Spin,c3cb0f2d-e140-43f0-9000-304875bb15eb,scooter,39.999993,-82.97268,100,27.22,True,False,False,1787689052
Spin,ca3725e4-37a9-4f2f-9653-1d43b45d05ae,e-bike,40.00627605,-83.01414355,49,13.46,True,False,False,1787689034
Spin,5900b87d-30c3-4915-b766-d8116e4986bc,e-bike,39.99399723333333,-83.0058306,94,25.46,True,False,False,1787689015
Spin,e4d7406b-0e4f-4385-b229-efcf06d84012,scooter,39.947722,-83.050964,31,8.88,True,False,False,1787689025
Spin,4256c07c-4f81-43d3-97b4-e1e54b86cb62,scooter,39.940484,-82.983499,98,26.63,True,False,False,1787688882
Spin,f7f9390d-5c4b-4b99-9285-b7d13a2a16e4,e-bike,39.95755893333333,-83.01184980000001,44,12.0,True,False,False,1787688969
Spin,f86cbb62-4a5a-4a9f-b343-a2bb458d9075,e-bike,39.957581033333334,-83.01183189999999,49,13.46,True,False,False,1787689052
Spin,b95c762b-e0c2-4066-9863-9c9554613eb7,e-bike,39.99016363333333,-83.0058505,96,26.05,True,False,False,1787688922
Spin,d6fbbada-64c9-4383-a8f0-be72ef0a8e29,scooter,39.966311,-83.002592,43,11.71,True,False,False,1787688941
Spin,23eef9cd-73a6-4f09-830b-5fba3c980df9,scooter,40.00832,-82.970801,100,27.22,True,False,False,1787689030
Spin,499b4637-1ae4-4da4-bf08-0fac09c77026,e-bike,39.984668733333336,-83.00813430000001,23,6.15,True,False,False,1787688877
Spin,8805faba-9b6d-4ade-8b1a-0354b5d6b488,e-bike,40.0157344,-83.0111682,86,23.41,True,False,False,1787688976
Spin,35140e57-38aa-4181-bc14-52b6cffc06c4,e-bike,39.99203703333333,-83.01222359999998,52,14.05,True,False,False,1787688972
Spin,0e3e6a01-7d25-4818-ba41-1e29cbec6aed,e-bike,40.032304700000005,-83.01780760000001,67,18.15,True,False,False,1787689058
Spin,7ccf7972-2102-4c7f-9646-b224acc52333,scooter,39.96111993333333,-83.0063839,61,16.68,True,False,False,1787688943
Spin,be2e3292-d7c6-464a-87d1-538a4d03b62c,e-bike,40.0109684,-83.01209769999998,87,23.71,True,False,False,1787689011
Spin,d5f5f12f-b45e-46ca-b757-0c7365e1a69e,e-bike,39.98921465,-82.99512183333333,40,10.83,True,False,False,1787689052
Spin,18e1d39b-61eb-4067-9cfa-1cd9a04eeddd,e-bike,39.99095883333334,-83.0116798,95,25.75,True,False,False,1787689066
Spin,4d0ccc5f-4646-4274-95ee-7036db0514ca,e-bike,39.97818925,-82.99909553333333,31,8.49,True,False,False,1787688859
Spin,26e9bab2-8db4-4871-a291-997c2784455d,scooter,39.967972,-82.961749,40,10.83,True,False,False,1787689072
Spin,76d287d3-5d1e-4199-91ea-e432a5e59539,e-bike,40.006277,-83.01409489999999,88,24.0,True,False,False,1787688980
Spin,34c5967e-ccaa-4b68-8172-8e6f0dd93e35,e-bike,40.007615699999995,-83.0010492,52,14.05,True,False,False,1787688791
Spin,f3569534-3520-4e4f-a038-83aa1ff5e30b,e-bike,39.957972033333334,-83.0061103,27,7.32,True,False,False,1787689022
Spin,4433c516-d38a-4655-9058-49537499aa59,e-bike,39.961982533333334,-83.00054700000001,92,25.17,True,False,False,1787689045
Spin,6958ff4a-26b0-4f8c-94d2-746cedcb3ece,e-bike,39.98603813333333,-83.00555299999999,96,26.05,True,False,False,1787688948
Spin,e2713a2f-300f-416c-9928-b1fb3e1ce451,e-bike,40.006283100000005,-83.0141197,88,24.0,True,False,False,1787689003
Spin,a0ab53e9-3e13-4b41-9e66-47f0076c7f55,e-bike,39.96794803333333,-82.96175253333334,34,9.37,True,False,False,1787689014
Spin,eb1ddee3-9857-41de-8d9e-d1ec342a63d3,e-bike,40.000933,-83.0080937,83,22.54,True,False,False,1787688984
Spin,db0a8f5c-8687-49f4-b7cf-5b27c3f698e6,e-bike,39.961625000000005,-83.02280333333334,74,20.19,True,False,False,1787689018
Spin,fc3bf2ef-f0b7-4c85-9999-797742a94ba1,e-bike,40.0048954,-83.0088066,65,17.56,True,False,False,1787689010
Spin,7470f0cd-107b-4912-909a-4155350a520b,scooter,39.940487,-82.983474,98,26.63,True,False,False,1787688987
Spin,c10138cf-a390-46a6-9a32-fb9d17a48845,scooter,39.94918923333333,-83.04393610000001,73,19.9,True,False,False,1787688999
Spin,a5f69469-0971-4e6e-b71d-e79ac0215a98,e-bike,39.99040023333334,-83.00518590000001,86,23.41,True,False,False,1787689007
Spin,14a70a03-b200-4315-95a9-979e050b7144,e-bike,40.0063695,-83.00062170000001,41,11.12,True,False,False,1787688898
Spin,a6010b06-8591-4cbd-adec-717ff53fac2a,e-bike,39.998631233333334,-83.00762770000001,43,11.71,True,False,False,1787688859
Spin,2d7bb076-73c6-4c32-8ebb-975a3e06d3ea,scooter,40.01409,-82.992721,95,25.75,True,False,False,1787689072
Spin,d290cdb1-3043-4686-85e7-80e7dce49a66,e-bike,40.00429999999999,-82.97337166666667,32,8.78,True,False,False,1787688934
Spin,eff1d0fe-21e0-4af9-949a-f6dc969eb636,e-bike,39.98943475,-82.99596983333335,62,16.97,True,False,False,1787688944
Spin,bd5fd84d-1df8-4925-881e-3b2938a4c85f,e-bike,39.94381513333334,-82.98333843333333,86,23.41,True,False,False,1787689064
Spin,c7cf60f1-bd55-49d6-adf5-7b7ac29fdf67,scooter,39.944511,-83.03921,86,23.41,True,False,False,1787689029
Spin,486a9c0c-a8a6-4844-b67a-828103613a87,e-bike,39.99333193333334,-83.00689859999999,40,10.83,True,False,False,1787688853
Spin,6c397253-c937-4a16-b56e-e9d6e42d81d2,scooter,39.99487813333334,-83.00679370000002,100,27.22,True,False,False,1787689004
Spin,18ee5e3d-35b1-4d98-9014-baf10e4edaed,scooter,40.021027,-83.028637,62,16.97,True,False,False,1787689040
Spin,a2f2287f-bd94-4786-a36e-cd9a9e4b7a7a,e-bike,39.99866673333334,-83.0013515,95,25.75,True,False,False,1787689075
Spin,0165f544-56b3-4ae0-9c7e-7a6987bbd937,e-bike,39.97266895,-83.00250839999998,100,27.22,True,False,False,1787689070
Spin,60c90e9b-74b9-48bc-9cb7-efbaf779cddf,e-bike,39.97212915,-83.00269439999998,94,25.46,True,False,False,1787689072
Spin,6bb69517-6355-44be-aeaa-b952b8138d16,e-bike,39.998585733333336,-82.99972113333334,100,27.22,True,False,False,1787688913
Spin,3bda4013-7afc-49a8-b38f-2ddb0017d080,e-bike,40.01701166666667,-82.97848333333334,19,5.27,True,False,False,1787689055
Spin,2177d6cc-b0a0-4db9-8950-69f124046369,e-bike,40.0140518,-82.96654433333333,23,6.15,True,False,False,1787689026
Spin,330d3609-47b8-4718-9151-4e23e71d5ac4,e-bike,39.97753565,-83.0035176,96,26.05,True,False,False,1787688970
Spin,fa36bad4-49f3-4b44-8b1d-b24e31c1ee74,scooter,39.96520863333333,-82.99056543333333,28,7.61,True,False,False,1787689012
Spin,98432c63-6617-4b2e-9ada-a9260aca524a,e-bike,39.95075166666666,-82.99581833333335,80,21.66,True,False,False,1787689052
Spin,b87711e2-c3a8-4b95-9981-b2fe15a0056c,e-bike,39.97617245,-83.00920059999999,92,25.17,True,False,False,1787689061
Spin,88cf33ed-a4be-489e-a3a9-4b8afdbff13f,e-bike,40.0061548,-83.0086173,57,15.51,True,False,False,1787688995
Spin,477b7ad6-05ee-4993-9398-659a8dbb72e7,e-bike,39.98274791666667,-83.00444328333333,100,27.22,True,False,False,1787689072
Spin,a1107f14-0958-49d6-b4c0-f173f8cc7cf8,scooter,40.016962,-82.973648,100,27.22,True,False,False,1787689074
Spin,efc27ffd-7c90-4063-b1d5-04d804e6fcba,scooter,39.987440633333335,-83.0055223,82,22.24,True,False,False,1787689022
Spin,7c6988ef-e0e3-46c3-a473-6729fa3f0c13,scooter,40.018686,-82.978215,100,27.22,True,False,False,1787689077
Spin,80c03f5a-16b6-4af0-be0b-f153622cebb5,e-bike,39.996655000000004,-83.00075999999999,100,27.22,True,False,False,1787689097
Spin,96543870-ae01-4990-9dd7-f194c8a98d05,e-bike,39.97074166666666,-83.00211833333333,0,,False,True,False,1787689017
Spin,135966f7-bf65-415e-bf80-0ad5179cc07e,scooter,39.982508,-83.008557,4,1.23,False,True,False,1787689033
Spin,d1848906-7d07-460e-829e-60a08c51074f,e-bike,39.99046666666666,-82.99557000000001,0,,False,True,False,1787688929
Spin,48fe55b4-5a6f-4094-99a6-2dfc62048c1a,e-bike,39.95298113333333,-83.00757870000001,0,,False,True,False,1787689046
Spin,d0fda50b-6325-4399-85a1-045e0325f81d,e-bike,39.971632750000005,-82.99992883333334,6,1.76,False,True,False,1787688900
Spin,cfa15e7d-b55d-439e-b760-bb670d48cdad,scooter,39.97073935,-83.00131879999999,13,3.51,False,True,False,1787688864
Spin,be86ea18-7ef1-43cf-9fae-350c1df472b5,scooter,40.0194227,-83.02578139999999,8,2.05,False,True,False,1787689072
Spin,33d84a7e-269d-4276-8031-73b064c9b992,scooter,39.963416,-83.004341,0,,False,True,False,1787689032
Spin,47d9809f-f943-4875-9389-20daef058a83,e-bike,39.98755445,-83.02054189999998,0,,False,True,False,1787689006
Spin,7ca97875-02c3-423c-a99c-8944ac6d28eb,scooter,39.957848,-83.035929,0,,False,True,False,1787689031
Spin,6ebb5360-9857-4910-b037-5ad593000d03,scooter,39.931394,-83.049032,0,,False,True,False,1787689060
Spin,ee1dc200-25aa-4159-bd2a-3c56ba7dd0f9,e-bike,39.964360000000006,-82.98103833333334,0,,False,True,False,1787689012
Spin,964ce070-4c9a-4cb3-b6a1-101ea5c9f08c,scooter,39.99941853333333,-82.99691223333333,11,2.93,False,True,False,1787689038
Spin,e395d51d-d21b-4133-abd7-b1f982487da2,scooter,40.019712,-83.012426,0,,False,True,False,1787689074
Spin,75d97ae8-2a91-4cfb-ac18-ce79f9943dc0,scooter,39.940288,-82.981027,2,0.59,False,True,False,1787689002
Spin,6faf72a2-8e8c-4bc2-873b-af167211e091,scooter,39.966937,-82.998731,0,,False,True,False,1787689064
Spin,10092e10-9ecd-4cca-b546-412c50b34c58,scooter,39.960874,-82.986511,0,,False,True,False,1787688949
Spin,82c11772-b63e-4e47-acc2-3731699a4995,e-bike,39.95430833333333,-83.03620166666666,0,,False,True,False,1787688959
Spin,a381b192-0a7f-4fdf-9811-053e8a58fa88,scooter,40.000464,-82.986024,2,0.59,False,True,False,1787688900
Spin,c55897ef-dbcb-4e6b-92a2-1fd5febb5bfa,scooter,39.988853,-83.005439,2,0.59,False,True,False,1787689027
Spin,f0104944-8eaa-48ed-9e15-b9c599762a43,e-bike,39.98626993333333,-83.01218169999999,0,,False,True,False,1787689064
Spin,d8b83476-8544-4895-adcd-02153a346ad4,scooter,39.969188,-82.999726,14,3.98,False,True,False,1787689032
Spin,b20f5fa7-577b-45e6-9314-c7411e933e02,scooter,39.98542365,-83.0314392,10,2.63,False,True,False,1787688960
Spin,b045e1fc-68b7-426d-a39e-06400dd15ad4,e-bike,39.996205,-83.00039333333334,0,,False,True,False,1787689075
Spin,24d7ad23-abef-4785-ab84-b60a5bd09998,scooter,39.98582,-83.028641,10,2.63,False,True,False,1787689063
Spin,21fa56a9-75d5-4e61-b4b4-7d851c3387f1,e-bike,40.017862799999996,-83.01485239999998,0,,False,True,False,1787688958
Spin,4abce224-97ba-496e-8fe1-4f241f0c5fd6,scooter,39.94463,-82.999007,0,,False,True,False,1787689057
Spin,463684b6-8b56-45f7-a0ff-ef5aae7ea5ea,scooter,39.974055,-83.002157,12,3.22,False,True,False,1787688922
Spin,d55a4aa2-4df4-4a78-8526-16005ec2d76f,e-bike,39.95441843333333,-83.07381310000001,11,2.93,False,True,False,1787689019
Spin,5f03e8db-3302-4b8e-b498-7f61c7b59739,scooter,39.939019,-82.989652,10,2.63,False,True,False,1787688967
Spin,621666b7-5126-4b64-be4b-da3d64c92fa3,e-bike,39.94813666666666,-82.976565,12,3.22,False,True,False,1787688919
Spin,7a1055ea-81bb-436a-8caf-bec7ebe219de,scooter,40.014715,-82.993477,0,,False,True,False,1787689063
Spin,4fc277c7-2357-4152-be00-dc082e94b621,scooter,39.965341,-82.970246,12,3.22,False,True,False,1787688962
Spin,127346cd-42da-48eb-a661-e1863aaace5e,scooter,39.969715,-83.002175,12,3.22,False,True,False,1787688943
Spin,97b8abd0-ed44-400c-ad30-6ef78e485e0c,scooter,39.962082,-82.950694,11,2.93,False,True,False,1787689067
Spin,b24496dc-495f-486f-a872-7a5eee77a500,scooter,40.026292,-83.024959,12,3.22,False,True,False,1787688985
Spin,2727d523-7e5c-4c04-9577-8e8664bd0ad6,scooter,39.950767,-82.995754,0,,False,True,False,1787689039
Spin,aa8c2e67-28c4-41bf-8693-9388724154a6,scooter,39.956122,-83.010816,14,3.98,False,True,False,1787688852
Spin,814400a4-37e8-4f87-97da-73e09218c0cc,e-bike,39.99457391666667,-83.02153303333334,0,,False,True,False,1787689044
Spin,3cb9ae6f-428e-4fee-9e53-cde67ab53235,e-bike,39.92362103333333,-82.95525783333332,14,3.8,False,True,False,1787689038
Spin,f5ceebac-8cfd-4e62-9726-5061311a9731,e-bike,39.96141413333333,-83.0014099,0,,False,True,False,1787689052
Spin,16beab3a-a957-4cdd-be45-ecc33f8363d9,scooter,40.020088,-82.974991,0,,False,True,False,1787689006
Spin,a6cb5470-c1be-4117-ad58-b4c371d2d895,scooter,40.015144,-82.990494,0,,False,True,False,1787689040
Spin,0f7af469-76b7-4821-bca6-cea261ae2744,e-bike,39.95901523333334,-82.99029163333334,0,,False,True,False,1787689084
Spin,f2ec172d-ec3b-42c9-802b-897f2ffa1158,e-bike,39.998068333333336,-83.00948666666666,48,13.17,True,False,False,1787688942
Spin,e0161191-039c-4d08-9b1d-dc2671459d7e,scooter,40.00047,-83.015475,32,9.19,True,False,False,1787689037
Spin,bbd86cf3-58be-49c7-99cf-a556dbae6a07,e-bike,39.994076666666665,-83.00691,78,21.36,True,False,False,1787689073
Spin,2115ff65-c927-49bd-beea-51a67e18c047,scooter,40.002468,-83.017099,31,8.49,True,False,False,1787688842
Spin,dc975688-0779-4d19-98d8-df1ce91de300,e-bike,40.00444645,-83.0212948,68,18.44,True,False,False,1787689059
Spin,b69e2ad9-16d3-40a9-a9fb-438f81764672,scooter,39.998202033333335,-83.00819779999999,23,6.15,True,False,False,1787689026
Spin,8e729ee7-e84f-4931-a440-4e2f27ab901d,scooter,39.999143733333334,-83.01729490000001,75,20.49,True,False,False,1787688965
Spin,62db7928-7103-4a8c-b00d-2dffa404f098,e-bike,40.00626,-83.01803819999999,20,5.56,True,False,False,1787689042
Spin,7b916593-fdbb-496a-a6d1-b983ca1cdc97,e-bike,40.00356,-83.01077666666667,27,7.32,True,False,False,1787689079
Spin,80a4bc26-34fd-4606-9c71-56cfe0e2d9a7,scooter,40.006192,-83.017052,54,14.63,True,False,False,1787689069
Spin,26209d12-0e88-45e9-8771-325f462eed21,e-bike,39.994558633333334,-83.01200490000001,26,7.02,True,False,False,1787688917
Spin,5a9e8531-c0f6-4589-a2cb-15c6f351ed3e,e-bike,39.995593533333334,-83.00970090000001,24,6.44,True,False,False,1787688921
Spin,c4b3b7f1-4ca0-4758-abbb-ce09060d6676,e-bike,39.99815353333334,-83.00958510000001,44,12.0,True,False,False,1787689029
Spin,57395157-082c-44bc-a229-e1c7083861ae,e-bike,39.99541166666667,-83.00938,98,26.63,True,False,False,1787688865
Spin,9fbfc558-91af-4d67-85cc-97097b1aeeb7,scooter,39.99933603333333,-83.0161923,91,24.88,True,False,False,1787688966
Spin,4bf73625-63c0-4cfa-9367-784db040e0d1,scooter,40.001345,-83.014535,67,18.15,True,False,False,1787689071
Spin,12c872fa-e4a5-457c-9d14-477879aeb929,scooter,39.998207,-83.008113,83,22.54,True,False,False,1787688942
Spin,71fbbd94-a988-44b9-9dcf-cdbadb03e9d7,e-bike,39.99468666666667,-83.00694666666668,91,24.88,True,False,False,1787688929
Spin,21795c70-b9af-49bc-b1fa-f904680cbd71,scooter,39.99819863333333,-83.0113721,42,11.41,True,False,False,1787689047
Spin,3644567c-39e6-432c-beb5-deb00934ca23,e-bike,40.0054805,-83.00988770000001,19,5.27,True,False,False,1787688960
Spin,cbacbefb-b44e-42cd-990d-50636832519c,e-bike,40.0055993,-83.01169970000001,32,8.78,True,False,False,1787688880
Spin,5b6bbb9a-6958-4aa9-aced-b3a960229ccf,e-bike,40.00302666666666,-83.00877166666666,71,19.32,True,False,False,1787689030
Spin,657acb8b-9934-4c57-bbc5-24bd93e65c37,scooter,40.00108,-83.008411,94,25.46,True,False,False,1787689059
Spin,31199bb2-2cf5-4e4a-98c0-a88024455247,scooter,40.001102,-83.008343,75,21.44,True,False,False,1787688780
Spin,e8339884-2a01-4155-8c5d-48735a90fa20,scooter,40.001088,-83.008378,82,22.24,True,False,False,1787689022
Spin,05fa3b26-040b-4fea-8517-fa0e5bcba531,scooter,40.001079,-83.00843,96,26.05,True,False,False,1787688950
Spin,21ad2790-b922-44af-ada0-f50769a7c2ee,scooter,40.001038,-83.008332,72,19.61,True,False,False,1787688985
Spin,af4f4a9a-e1a8-4683-a326-6d1258955276,e-bike,39.99385783333333,-83.0134674,55,14.93,True,False,False,1787689011
Spin,039ae2e4-20de-4373-8015-67638c160eb8,e-bike,39.99532333333333,-83.0122426,23,6.15,True,False,False,1787689007
Spin,ab583ae2-c27a-4ad5-beb3-394c29eecdcb,e-bike,39.994353333333336,-83.01265333333335,47,12.88,True,False,False,1787688943
Spin,5568c9e3-f967-4204-ba79-731d1ac13905,scooter,40.0060872,-83.0170691,30,8.19,True,False,False,1787689013
Spin,d1f48c2a-29f6-4aba-8d83-3615806c0d0c,e-bike,40.003675,-83.00879333333333,66,17.85,True,False,False,1787688875
Spin,41817b7f-f58e-4a72-9190-5aaf464d8e0f,scooter,40.0018162,-83.0130836,71,19.32,True,False,False,1787689077
Spin,37d33542-c8ea-4426-b9a6-8a8c31a77c82,scooter,40.006008,-83.009081,72,19.61,True,False,False,1787688939
Spin,873ac019-1583-42c4-a450-ec3e47f551e8,scooter,40.000717,-83.01387340000001,59,16.1,True,False,False,1787688980
Spin,af2f422e-a5f0-4681-a289-32b8bb0bc11b,e-bike,39.99591573333333,-83.0146144,68,18.44,True,False,False,1787689058
Spin,d08c4d04-a519-4532-a53e-f4593da837ad,scooter,40.0031758,-83.0127672,27,7.32,True,False,False,1787689070
Spin,311e6e0f-9dd7-474c-8987-09a1220f7c86,scooter,40.0059312,-83.0123774,44,12.0,True,False,False,1787689037
Spin,d876b5fc-6ee8-434e-b101-613ace76d5da,e-bike,39.99710666666667,-83.00760833333334,49,13.46,True,False,False,1787688972
Spin,e05a3bb1-e38c-42d4-ac3f-8bc53abdf46a,e-bike,39.99712933333333,-83.00759690000001,22,5.85,True,False,False,1787688990
Spin,249a722f-4bf6-4ec8-9eba-2262deede361,e-bike,39.997132433333334,-83.0076052,30,8.19,True,False,False,1787689059
Spin,26ee0a38-7b9b-4aa2-9785-a496a3ad55c3,e-bike,39.99713393333333,-83.0075771,29,7.9,True,False,False,1787689072
Spin,1b4e9086-e195-4fc6-b8a0-0cfbd5864cbd,e-bike,39.99711043333333,-83.0075859,85,23.12,True,False,False,1787689070
Spin,41005cd0-dd4b-4ce1-bb4b-4f198948f5ae,e-bike,39.99714063333333,-83.007599,47,12.88,True,False,False,1787689003
Spin,71d43f75-2317-49f2-9bfe-904254a2e333,scooter,39.99673343333333,-83.01134160000001,81,21.95,True,False,False,1787688987
Spin,1d4aa0dd-1a7b-4c74-ba31-e14d0a9b90d6,e-bike,39.99713563333333,-83.00759500000001,43,11.71,True,False,False,1787688993
Spin,17be3a0b-4277-47f6-b5c1-a46890ec8510,e-bike,39.997137433333336,-83.0075917,38,10.24,True,False,False,1787688996
Spin,05e6e1fb-6e5b-40f7-8c62-ebb398dcfeef,e-bike,39.995293833333335,-83.0117553,33,9.07,True,False,False,1787689026
Spin,4b519b3c-8309-4786-aea1-f9c8e1096e2c,e-bike,39.998659833333335,-83.0084605,33,9.07,True,False,False,1787688985
Spin,c69b1054-240c-4e45-8e66-d536712eb380,scooter,40.0002784,-83.02125570000001,75,20.49,True,False,False,1787688930
Spin,daf7dc98-39f9-4f11-919d-f4d1b288a8ea,scooter,39.996923,-83.014843,18,4.98,True,False,False,1787689058
Spin,c20a3c15-e871-40ed-8ddd-f71d89614a99,e-bike,40.00428333333333,-83.01154666666667,88,24.0,True,False,False,1787688947
Spin,3b34848b-4a95-43e0-aa71-3db5310dbd77,e-bike,39.998995,-83.02173499999999,89,24.29,True,False,False,1787689020
Spin,fdd0dcab-8b98-4115-9228-0d07d336c516,scooter,39.998413,-83.00781,55,14.93,True,False,False,1787689020
Spin,c8a3139f-d5a7-4817-828f-463478f2beac,e-bike,40.004674900000005,-83.01415819999998,51,13.76,True,False,False,1787689028
Spin,0e208b92-47f1-493e-975f-2123a4ec727e,e-bike,39.99821,-83.00809333333333,38,10.24,True,False,False,1787688869
Spin,bb2cc606-3135-4891-9160-427f210acc83,scooter,40.0041609,-83.01119249999998,35,9.66,True,False,False,1787689060
Spin,12e649b7-ce3f-4e2a-ad68-9212ace8e297,scooter,39.997117,-83.007639,45,12.29,True,False,False,1787689049
Spin,b917bf6b-1c3a-4a1a-a843-a332c23754fa,e-bike,40.0060402,-83.01371650000002,28,7.61,True,False,False,1787689048
Spin,22994548-f2bd-4ab7-9795-64b83c5aa731,e-bike,39.997146433333334,-83.0075872,30,8.19,True,False,False,1787689079
Spin,c058ea20-9b04-47fe-9ce4-9dfc2b21ebf6,e-bike,39.997142133333334,-83.00759844999999,62,16.97,True,False,False,1787689078
Spin,73d0b5d0-55ad-47f7-818a-6c51a9dd571d,scooter,39.99841463333333,-83.01747490000001,31,8.49,True,False,False,1787689029
Spin,e306f093-b4d2-43c0-94d8-74e994d885a6,scooter,40.000306,-83.0176915,85,23.12,True,False,False,1787688955
Spin,7acbd379-78ee-449c-a83e-a8af466afe1a,e-bike,39.99607,-83.00724833333334,39,10.54,True,False,False,1787689051
Spin,71fadf00-f999-476f-bd19-729f153fc385,e-bike,40.005430000000004,-83.01093833333334,100,27.22,True,False,False,1787689010
Spin,33f97818-a785-40ec-af3f-044f2f458711,e-bike,40.0046944,-83.01013689999999,52,14.05,True,False,False,1787688999
Spin,ae7ac497-58b5-43d8-abac-d710530d01e5,scooter,40.001187,-83.008419,66,17.85,True,False,False,1787689022
Spin,3554b760-f9b4-441e-9bee-61b7702843d5,scooter,39.99912,-83.007891,97,26.34,True,False,False,1787689021
Spin,02c4a8b3-0838-4584-80e9-999f90c7ab02,scooter,39.99414983333334,-83.00680740000001,74,20.19,True,False,False,1787688972
Spin,34781ef6-402f-4169-ad9f-54fdd6496ce0,e-bike,39.99685833333333,-83.01037333333333,100,27.22,True,False,False,1787688899
Spin,91275b5f-d317-4590-b16a-16ece4af436b,scooter,39.99929,-83.021526,67,18.15,True,False,False,1787689058
Spin,0fa4e5a2-c0a0-4ab9-8cfd-014d29767d9e,e-bike,39.99928166666667,-83.02152,87,23.71,True,False,False,1787688936
Spin,1049fb36-937f-457c-9865-5fdcad0c7417,e-bike,40.0059457,-83.00998,88,24.0,True,False,False,1787688955
Spin,665e6aa1-b8ee-4bc1-a00e-6c74ffb3ac24,e-bike,40.00391166666667,-83.01750833333332,76,20.78,True,False,False,1787689038
Spin,b16161c5-98b4-434c-9112-2b020392f4e6,e-bike,40.003863333333335,-83.01749333333333,94,25.46,True,False,False,1787688933
Spin,2cc67995-5cc9-44f5-8c12-ac9738b69c63,scooter,39.999285,-83.021495,55,14.93,True,False,False,1787689026
Spin,184fe0f8-99ff-47d4-ad56-7c58fa498fb4,e-bike,39.99706383333333,-83.0180009,46,12.58,True,False,False,1787689058
Spin,1149750d-4fc2-48da-8105-207c3ffcc378,e-bike,40.00088166666667,-83.01868166666667,83,22.54,True,False,False,1787688965
Spin,6acb0d77-529b-475f-99ca-75505cabe405,e-bike,40.00089333333334,-83.01848166666666,73,19.9,True,False,False,1787688851
Spin,00be746f-36d9-4efb-89c1-15a10ae8a587,e-bike,40.0009377,-83.0185305,86,23.41,True,False,False,1787688992
Spin,9b7178ae-aac5-455b-861f-b03a4624aea2,e-bike,39.995595,-83.01464166666668,81,21.95,True,False,False,1787689028
Spin,f9205c9a-b6b1-4023-86f7-c7e4f90b1e2f,e-bike,39.995565000000006,-83.014635,83,22.54,True,False,False,1787688935
Spin,8377f75f-7566-47d7-99f0-e1f403462927,e-bike,39.99614903333334,-83.01904090000001,28,7.61,True,False,False,1787689043
Spin,099eea8a-7d4a-4853-ae23-8855a1e5618c,e-bike,40.006346666666666,-83.02374999999999,62,16.97,True,False,False,1787688954
Spin,d8662fb0-8c67-4b6a-821c-228702d4eb59,scooter,40.0063578,-83.0237612,42,11.41,True,False,False,1787689051
Spin,fd24daf5-ba24-4a9d-9946-c0e926f7b523,scooter,40.0059952,-83.0146045,67,18.15,True,False,False,1787689029
Spin,2f68c579-2d8d-4f6c-86b7-c967bb7664d3,e-bike,39.99630053333333,-83.00980929999999,24,6.44,True,False,False,1787688967
Spin,9e00cb45-db4e-4fcd-98b1-4ac182d87be1,e-bike,39.99629823333333,-83.0097815,31,8.49,True,False,False,1787689015
Spin,a4a50cf7-29d7-4d01-9a47-92d854c56779,scooter,39.99950483333334,-83.0215368,38,10.24,True,False,False,1787688930
Spin,a9e8de24-358e-4784-bc91-e5dd335bf772,scooter,39.999109,-83.021821,73,19.9,True,False,False,1787689044
Spin,fc473755-e3da-40d9-89a2-283140c8785c,e-bike,39.996519400000004,-83.01475735000001,86,23.41,True,False,False,1787689021
Spin,f9b6d90f-a6a8-49bf-af6c-3b5110c59e68,e-bike,39.99808363333333,-83.00942080000002,49,13.46,True,False,False,1787688993
Spin,68cbbb08-ff39-4cba-b452-df565f4fec0b,e-bike,39.99813338333333,-83.00950429999999,66,17.85,True,False,False,1787689046
Spin,61d08d40-9dfa-49ce-b19c-7eb1ef26dcc8,e-bike,39.99432813333333,-83.00708359999999,33,9.07,True,False,False,1787688969
Spin,8da67b34-a179-4e36-bc9f-31d81d099737,e-bike,39.99641123333333,-83.0162758,87,23.71,True,False,False,1787688882
Spin,610d6e9e-f903-4b2a-9e9f-30b748743474,e-bike,39.999295233333335,-83.0215031,23,6.15,True,False,False,1787688933
Spin,db426143-75c2-4a4c-abad-751e60d588ea,e-bike,39.99928413333334,-83.0215033,76,20.78,True,False,False,1787688961
Spin,ad440db3-c4d0-4f7d-998d-19fcd7453fab,e-bike,39.99927473333333,-83.0214979,61,16.68,True,False,False,1787689034
Spin,89426327-9d7f-47c4-812f-8a258c546af6,e-bike,39.999286833333336,-83.02150600000002,29,7.9,True,False,False,1787688932
Spin,8df0cc71-64f9-404c-a1d9-be0a01ab41c2,e-bike,39.99927673333333,-83.02149409999998,87,23.71,True,False,False,1787689047
Spin,9532086c-b2c0-4329-a8d0-337f44540bdd,e-bike,40.0011155,-83.0083911,73,19.9,True,False,False,1787689075
Spin,962d8bca-3ea7-4e83-a7f7-568bfd3ce82b,e-bike,39.999308033333335,-83.0215348,53,14.34,True,False,False,1787688985
Spin,15026524-932d-4d6c-93ef-e31e11a8ea8c,e-bike,39.99569353333333,-83.01287759999998,84,22.83,True,False,False,1787689047
Spin,f3d47ca2-5a17-4831-abaf-9b8a8f2a7d36,e-bike,39.99825653333333,-83.01158269999999,86,23.41,True,False,False,1787689049
Spin,e99ffdd9-3cdf-40ac-8e51-a8e81cd84e89,e-bike,39.999402833333335,-83.0207027,80,21.66,True,False,False,1787689021
Spin,ce298a4d-d114-4802-9f64-275a6818d05b,e-bike,39.99780023333334,-83.01506210000001,77,21.07,True,False,False,1787688906
Spin,1c957b7a-2fcc-4f6c-9a59-a385765074c9,e-bike,39.996075000000005,-83.00921333333332,48,13.17,True,False,False,1787688893
Spin,24e2d4b5-389f-4dc3-b049-4d672ade4d3b,e-bike,39.996241033333334,-83.00973960000002,44,12.0,True,False,False,1787688917
Spin,4114ee29-c3f1-4be7-a7d7-ae8d0bd58bcc,scooter,40.003205,-83.043701,78,21.36,True,False,False,1787689015
Spin,d9074ccc-c732-4df8-a78f-9a030f09e14a,e-bike,40.011500700000006,-83.02856879999999,71,19.32,True,False,False,1787689012
Spin,bc45463a-c85e-4139-a7dd-37df4ba83640,e-bike,39.99673433333333,-83.00758650000002,48,13.17,True,False,False,1787689045
Spin,2b7ce4c6-c609-4f47-afbc-5b474eb35212,e-bike,39.99827953333333,-83.01161419999998,87,23.71,True,False,False,1787689044
Spin,4ad2bba5-803c-4164-a8f5-3200023da85b,scooter,39.998269,-83.011636,56,15.22,True,False,False,1787689042
Spin,70cc0ef2-b538-4b13-8139-e4b0a2177992,scooter,39.99827083333333,-83.01161589999998,69,18.73,True,False,False,1787689019
Spin,36af34b0-7fb0-4020-ac7d-e9e4f3237808,e-bike,40.011046699999994,-83.02860319999999,20,5.56,True,False,False,1787688912
Spin,1c900e91-acfe-4200-ba69-05e96745f98a,e-bike,40.00566833333333,-83.01190999999999,84,22.83,True,False,False,1787689020
Spin,178690df-4189-4319-9ed3-c065af228ce6,scooter,39.998021,-83.012258,56,15.22,True,False,False,1787689066
Spin,c1a0da6b-70a9-495c-a3f3-99cfc46f8885,e-bike,40.00630666666667,-83.01420166666666,99,26.93,True,False,False,1787689025
Spin,23274e68-6a21-4123-9827-a39c40a148c8,scooter,39.998837,-83.021446,69,18.73,True,False,False,1787688923
Spin,0627c0d4-b5ae-4dec-b96d-7477b006afc2,e-bike,39.99549123333334,-83.0136302,37,9.95,True,False,False,1787689052
Spin,1daa4b9c-de27-4bc3-bd6e-4de32e2ff51b,e-bike,40.0004293,-83.01012898333332,43,11.71,True,False,False,1787688945
Spin,bef1142e-edfa-4f49-b075-e43061717849,scooter,40.000219,-83.019469,73,19.9,True,False,False,1787689052
Spin,8a696ea7-7632-4cdc-b67f-649e5490dc87,e-bike,40.0062151,-83.0153245,83,22.54,True,False,False,1787688957
Spin,8739a579-b390-43a2-a5f7-14e11a87d842,e-bike,40.0063652,-83.01366340000001,86,23.41,True,False,False,1787688983
Spin,1d9749fc-9f91-4231-9efd-b6e3dc96af0f,e-bike,39.996885,-83.01398833333333,100,27.22,True,False,False,1787689014
Spin,d7cea185-1bfb-48cc-8963-548f0d8e07e3,e-bike,39.99689543333333,-83.0139554,26,7.02,True,False,False,1787689010
Spin,7fec55be-f9f6-446c-9ca9-aad5f4129fc8,e-bike,39.99688713333333,-83.0139599,46,12.58,True,False,False,1787689009
Spin,f06fba3d-4a7f-4e07-887b-e14050ca889b,e-bike,39.99688833333333,-83.01397999999999,73,19.9,True,False,False,1787689073
Spin,9e510dad-302f-45e9-b5ef-9a5c80c51e83,e-bike,39.99612113333333,-83.0078357,24,6.44,True,False,False,1787688949
Spin,c66b655a-6058-4fc9-9965-76df34502ad7,scooter,40.003669,-83.011554,95,25.75,True,False,False,1787689022
Spin,de2cdc8e-b66e-4667-9c76-776f635f45b5,scooter,40.003089599999996,-83.0098474,83,22.54,True,False,False,1787688950
Spin,c245cfc0-662c-461e-a073-971ee03f9a5d,e-bike,40.004736699999995,-83.0130442,40,10.83,True,False,False,1787688911
Spin,8e0f12f8-7581-4271-b900-ce3d67c89b13,scooter,39.996799,-83.010747,23,6.43,True,False,False,1787688991
Spin,90bc3b05-e0bb-4ab5-bdee-988afbe36ed1,e-bike,40.0008883,-83.0186186,91,24.88,True,False,False,1787689049
Spin,b5137c9d-879b-4122-98ff-06d2c11cea79,e-bike,40.0009124,-83.0186016,35,9.66,True,False,False,1787689076
Spin,01d7e373-4f33-4fb7-9d1a-3c79ac697dee,e-bike,40.0042959,-83.01040640000001,43,11.71,True,False,False,1787689040
Spin,f913cd4a-7f19-490a-8956-2970387ed123,e-bike,39.99749443333334,-83.01654339999999,62,16.97,True,False,False,1787688965
Spin,8eb5c8d7-96bb-4879-b0a6-d093160caa0b,e-bike,39.995239233333336,-83.01180360000002,28,7.61,True,False,False,1787689064
Spin,6e8c4a30-21d4-4503-960b-ef63e8976752,e-bike,39.995313333333335,-83.0118452,38,10.24,True,False,False,1787689071
Spin,e33ef260-3815-483f-95b3-a451258a9b78,e-bike,39.99747973333333,-83.01501590000001,91,24.88,True,False,False,1787688929
Spin,def63f6e-ba35-4ca0-b8b7-6e011e79b5c2,e-bike,39.99748423333333,-83.01500319999998,89,24.29,True,False,False,1787688953
Spin,ea509f9f-300f-47a2-9c20-f9466c2f30cb,e-bike,39.99745166666666,-83.01503166666667,48,13.17,True,False,False,1787688933
Spin,2076ddf5-355f-4bb2-99e7-00cd451068cf,e-bike,39.99748683333333,-83.0150208,88,24.0,True,False,False,1787688817
Spin,d37831f0-394b-4cf9-9866-ad048271839b,e-bike,40.0000681,-83.02152939999999,76,20.78,True,False,False,1787689034
Spin,c061186d-9934-4de8-9043-e45f400e91d1,e-bike,39.99547163333333,-83.0102201,35,9.66,True,False,False,1787689025
Spin,f85b8e41-8fdc-4cc5-ba3d-58a048252a9b,e-bike,40.00471793333334,-83.0134717,67,18.15,True,False,False,1787688872
Spin,633ceb02-ede5-4b43-8724-8adbdcada18d,scooter,39.99821693333333,-83.00994469999999,47,12.88,True,False,False,1787689029
Spin,ed85f9c2-11b4-4b9f-9e64-dba7d725a082,e-bike,39.996000333333335,-83.01355380000001,67,18.15,True,False,False,1787689005
Spin,6a84cd9d-6fc4-4da6-be30-b1f73f6104bf,e-bike,40.00474666666666,-83.01065666666666,61,16.68,True,False,False,1787688980
Spin,466cebc1-4190-4742-a103-63bd1fc01f4b,e-bike,40.001125900000005,-83.00838100000001,86,23.41,True,False,False,1787688881
Spin,335581e7-aac8-453e-8d6c-b867a948cc70,e-bike,39.99710863333333,-83.0075833,96,26.05,True,False,False,1787689003
Spin,388dce2d-c2b9-4211-b4e1-d36feea46873,e-bike,39.99884833333333,-83.00766166666666,57,15.51,True,False,False,1787689075
Spin,de359b74-54e9-4b5d-8ada-5756c1abe4bc,scooter,39.998873,-83.00767,29,8.27,True,False,False,1787689066
Spin,7b006b91-5801-40ac-9105-1b2783220742,scooter,39.998857,-83.007645,88,24.0,True,False,False,1787689067
Spin,3761aec7-170d-4f0d-8351-84693148f80c,e-bike,40.004844299999995,-83.0095935,84,22.83,True,False,False,1787689045
Spin,c5f55247-60d1-485d-8528-2af5a9703421,e-bike,40.0047128,-83.01388139999999,73,19.9,True,False,False,1787688999
Spin,742d1936-6a65-462d-8933-585714e2bdf4,e-bike,40.0030424,-83.012194,67,18.15,True,False,False,1787689020
Spin,a33adf78-6978-4ade-ace2-5c0187f49be9,e-bike,39.9978,-83.01343833333334,53,14.34,True,False,False,1787688981
Spin,59d32504-e992-490c-8016-fa045166f47b,e-bike,39.99749333333333,-83.00783666666666,37,9.95,True,False,False,1787688968
Spin,a858d991-bf01-44c3-88a2-8662c14cac27,e-bike,39.99902633333333,-83.02171340000001,57,15.51,True,False,False,1787688985
Spin,4bc31637-f6de-4696-a0ba-a3562725adc3,e-bike,39.999015633333336,-83.02171349999999,23,6.15,True,False,False,1787688951
Spin,d48a9ed9-0a6c-46f8-b555-dd4bfdf20fea,e-bike,40.005881599999995,-83.01386069999998,42,11.41,True,False,False,1787689006
Spin,aede9f0a-f548-4e23-a319-319046b03a1f,e-bike,40.0046295,-83.01343229999999,87,23.71,True,False,False,1787688877
Spin,74e130ef-0b1f-4f3d-9caa-bd3828107e2a,e-bike,40.0055797,-83.01158230000001,88,24.0,True,False,False,1787689051
Spin,164dc80f-d0e4-4913-b1a3-6cb92690c917,e-bike,39.995621666666665,-83.012825,89,24.29,True,False,False,1787689077
Spin,8a6a311d-d1e3-4025-9404-eebbf15eee5e,e-bike,39.994318033333336,-83.013789,87,23.71,True,False,False,1787689009
Spin,8fca034b-88e4-4347-9c6a-d1b9811c8ac7,scooter,40.0055851,-83.00938059999999,76,20.78,True,False,False,1787689060
Spin,e30d6c56-696a-468c-a37f-76657f8fd410,scooter,39.995743133333335,-83.0090991,91,24.88,True,False,False,1787688982
Spin,40682490-25f3-42d5-9501-81a7db59f5b5,scooter,39.99524983333333,-83.01746290000001,74,20.19,True,False,False,1787688995
Spin,3fdd6376-40fe-4618-bb03-711a13423d3b,e-bike,39.99637833333334,-83.0205571,43,11.71,True,False,False,1787689032
Spin,9f036d65-0708-4130-a6f1-d5d66a0ce2ce,e-bike,39.996476333333334,-83.0206433,48,13.17,True,False,False,1787689006
Spin,e652707a-228a-4083-99b5-5ee2733e14a4,e-bike,39.99710613333333,-83.01508540000002,46,12.58,True,False,False,1787688986
Spin,58e836ee-3a21-407c-afda-2fe278b97484,e-bike,40.004628499999995,-83.0147542,38,10.24,True,False,False,1787689033
Spin,061524b8-e169-408a-b2f2-ea9aeeeafcb6,e-bike,40.001091699999996,-83.01405279999999,88,24.0,True,False,False,1787688934
Spin,8e464583-9372-4d80-9be1-fc651a7a3644,e-bike,40.0028509,-83.0126062,35,9.66,True,False,False,1787689042
Spin,15006943-3fa8-4cfc-8884-6e1120d102cd,e-bike,40.0002644,-83.01658100000002,89,24.29,True,False,False,1787689016
Spin,a69476e2-4346-4c3c-b508-5bc52a3264b5,e-bike,40.0021841,-83.012974,23,6.15,True,False,False,1787688862
Spin,8f467efe-853c-44dd-8d90-d45abff61b1a,e-bike,40.001674099999995,-83.01298899999999,22,5.85,True,False,False,1787689056
Spin,4a29ea1e-2881-47bb-90a6-38145f8c6f07,e-bike,40.0010774,-83.01407990000001,42,11.41,True,False,False,1787689038
Spin,641207a2-eca7-40dc-8b18-09051cf9fbc0,e-bike,39.99365443333333,-83.01617650000001,44,12.0,True,False,False,1787688912
Spin,f0b54c44-8c1b-4869-8639-11a1d9724cea,scooter,40.001519,-83.021748,65,17.56,True,False,False,1787689075
Spin,d1e8602f-4580-45a5-8bf1-40fe6b45ff72,e-bike,39.997462133333336,-83.0209407,55,14.93,True,False,False,1787688966
Spin,9f0807da-8932-4672-bc95-5079dbb72c63,e-bike,40.0034535,-83.01593489999999,84,22.83,True,False,False,1787689012
Spin,22502158-e1b2-421b-adce-a94c9773fca7,e-bike,40.002513300000004,-83.01787960000001,88,24.0,True,False,False,1787688887
Spin,18d935e0-d20d-4a67-b207-f731d47a7a15,scooter,40.00165,-83.008853,81,21.95,True,False,False,1787688896
Spin,907ce7be-ea85-47bd-b6e2-abc8d4625271,e-bike,40.003453199999996,-83.01589360000001,46,12.58,True,False,False,1787689017
Spin,2e878a22-6247-4aae-9eb3-c22d68cda83a,scooter,39.999833,-83.016272,59,16.1,True,False,False,1787689030
Spin,4043f08c-756d-4211-ae8e-7ccac6e2d671,e-bike,39.995599999999996,-83.01492833333332,51,13.76,True,False,False,1787688886
Spin,74c34a6f-db7f-484a-b71a-575658fdb65a,e-bike,39.99807643333334,-83.0165587,38,10.24,True,False,False,1787689070
Spin,680a8051-56b0-4789-9b1c-85a352da2f17,e-bike,40.001876300000006,-83.01301389999999,41,11.12,True,False,False,1787688924
Spin,2c655e50-8dc7-4cbe-8c35-bb79c30a488a,e-bike,39.99531513333333,-83.01483789999999,80,21.66,True,False,False,1787688902
Spin,d44d05aa-7b58-4dd8-ad7e-1725b04b1363,e-bike,39.99689313333333,-83.01981359999999,26,7.02,True,False,False,1787689059
Spin,30040c58-9175-483f-96a1-3b400e45945b,e-bike,39.99427223333333,-83.01297459999999,34,9.37,True,False,False,1787688991
Spin,97f230f6-ad12-4901-8af1-821461e5d127,e-bike,39.99471593333333,-83.019963,30,8.19,True,False,False,1787689056
Spin,17a65dbf-e9db-4540-b24d-8cc69e46ac65,e-bike,39.996813233333334,-83.00887259999999,24,6.44,True,False,False,1787689026
Spin,b40ad516-b68d-45ef-b632-1062a1e0bd1c,e-bike,39.99631853333334,-83.00980679999999,92,25.17,True,False,False,1787688907
Spin,da047e8e-abc3-4fc2-811e-c81115689b62,e-bike,39.99426353333333,-83.00701921666665,90,24.58,True,False,False,1787688790
Spin,7efcdf93-a974-4a21-a4bd-3b7816145e0c,e-bike,39.99630883333334,-83.00979629999999,91,24.88,True,False,False,1787688872
Spin,562e6886-b123-4441-8de6-d341f2f18192,e-bike,39.99649393333333,-83.0096294,98,26.63,True,False,False,1787688938
Spin,2f7b504f-3fc0-4c8b-b8fb-88a4f685737c,scooter,39.99672343333334,-83.008109,40,10.83,True,False,False,1787688843
Spin,ea44f1b2-fc66-48df-adb4-1b689d3e0b8b,e-bike,39.99530333333333,-83.01180530000002,91,24.88,True,False,False,1787689005
Spin,d20048cf-2e19-4259-84ee-ede4d3e48ef8,scooter,39.997460833333335,-83.00748700000001,95,25.75,True,False,False,1787689019
Spin,ea63a3c1-e76f-48c0-b35f-8bb7eb639671,e-bike,40.00098,-83.01439333333335,82,22.24,True,False,False,1787689026
Spin,1079e890-5cd4-4f47-984d-b601b9cff312,e-bike,39.999815,-83.00813666666666,47,12.88,True,False,False,1787688994
Spin,f78c50b3-1fee-4d15-bc12-24f854e30eb1,e-bike,39.99423513333333,-83.01379190000002,100,27.22,True,False,False,1787689050
Spin,dc354a14-6e6d-4585-a16c-5cfb9ffc8bda,e-bike,39.99406903333333,-83.01433010000001,73,19.9,True,False,False,1787688836
Spin,fdb724dc-8c9b-48ef-bf05-3ea1e74d91a2,e-bike,39.995740733333335,-83.01221779999999,92,25.17,True,False,False,1787689074
Spin,42e2bc69-14a0-4fc5-ac9c-fc682c96fd97,e-bike,40.00367333333334,-83.01280833333334,62,16.97,True,False,False,1787688865
Spin,108ba7c5-c73e-4b4c-ac74-54c0c41c299c,e-bike,40.0004346,-83.01344499999999,81,21.95,True,False,False,1787688869
Spin,74d60e12-efec-4664-8725-41026c18185d,e-bike,39.99698753333333,-83.02057529999999,48,13.17,True,False,False,1787688994
Spin,c6d41bed-a7e6-46ab-b110-0e59f900b88b,e-bike,40.005144,-83.0114129,92,25.17,True,False,False,1787689063
Spin,c5dc7b39-6eef-4e9c-9700-e9565c6efce0,scooter,39.994701,-83.021734,34,9.37,True,False,False,1787689048
Spin,6380396f-7d49-458f-9c85-313e66893d1f,scooter,40.0017976,-83.01579930000001,40,10.83,True,False,False,1787688986
Spin,9a776559-d9b4-4dc1-acf5-8cc61f6b1c75,scooter,39.996382133333334,-83.0094599,47,12.88,True,False,False,1787688967
Spin,5b7566a2-7063-4cc6-9d6a-76b9cca080d0,e-bike,40.001082600000004,-83.0113934,51,13.76,True,False,False,1787689068
Spin,6a8f930f-703b-4566-9cd3-a97e096712c2,e-bike,40.0027221,-83.0273792,33,9.07,True,False,False,1787689072
Spin,75d86098-0ab1-4d67-a37c-eb92eca0714d,e-bike,40.004607400000005,-83.01318930000001,90,24.58,True,False,False,1787689072
Spin,18ea9a7b-c466-48b8-8b75-fe0d6b5bb7ad,e-bike,40.0026927,-83.0156686,88,24.0,True,False,False,1787689031
Spin,d4b6e1c2-9593-476b-80f4-210df8bf8ebf,e-bike,39.99796093333334,-83.0153312,70,19.02,True,False,False,1787688841
Spin,1a29e39c-1b6a-4b90-97f0-911938a3f72c,e-bike,39.996826133333336,-83.0093751,47,12.88,True,False,False,1787689068
Spin,c61e7de1-e589-4fdb-a4fc-cfb49219eae3,e-bike,40.0024612,-83.0271702,47,12.88,True,False,False,1787689067
Spin,ecbede5f-c619-4003-9c6c-34824f0b2615,e-bike,39.996565000000004,-83.01568,58,15.8,True,False,False,1787688894
Spin,e583630a-bd62-4989-ab5c-5e5d99ba019d,e-bike,40.0008329,-83.0139689,28,7.61,True,False,False,1787689033
Spin,e6a9c8c3-bc66-42a6-9839-6409c1d17c9b,e-bike,40.00122666666667,-83.01270500000001,35,9.66,True,False,False,1787688844
Spin,50d3e93a-e108-46bb-8f46-797cb9d13283,e-bike,39.99743283333333,-83.01501230000001,40,10.83,True,False,False,1787688930
Spin,0798e094-1862-4046-9c9e-ebecb8e8fd4b,e-bike,40.0001616,-83.01521849999999,44,12.0,True,False,False,1787689000
Spin,793f46b6-227a-4f37-abfb-678f2c9c6761,e-bike,40.0041639,-83.0109536,51,13.76,True,False,False,1787688980
Spin,8c63dcfd-2226-4ecd-a479-4d8d48473dd8,e-bike,40.0028506,-83.0131497,96,26.05,True,False,False,1787688984
Spin,ec955ecd-a6da-4efa-bd80-361b0d2d3e3f,e-bike,40.002103600000005,-83.0125593,23,6.15,True,False,False,1787689002
Spin,66516ad9-93e2-4a48-84a7-4853b8b0e4af,e-bike,40.0030464,-83.0138938,94,25.46,True,False,False,1787688951
Spin,fa280fe4-6fc6-4c9d-8933-f40ce81855ef,e-bike,40.002444999999994,-83.01565333333335,100,27.22,True,False,False,1787688986
Spin,84dab92f-4425-47a5-8e4a-63d988a6433b,e-bike,40.000268,-83.01657259999999,76,20.78,True,False,False,1787689059
Spin,d67e8bf3-3265-4078-83a3-2e6f550b5931,e-bike,40.014984600000005,-83.02892820000001,71,19.32,True,False,False,1787689059
Spin,f586d4c6-505e-4ff0-bb6d-738a396b25ed,e-bike,39.99871623333333,-83.01362910000002,40,10.83,True,False,False,1787688958
Spin,d2b10d7e-8928-45b0-8406-e86bc5e7b931,e-bike,40.0051634,-83.01426969999999,33,9.07,True,False,False,1787688960
Spin,2ac9e61a-59da-4a7d-9490-60f85cf946ed,e-bike,40.004008799999994,-83.0111794,76,20.78,True,False,False,1787688965
Spin,a6b3418b-00f3-4a2e-9579-8b883c7d25b4,e-bike,39.998724833333334,-83.0214595,74,20.19,True,False,False,1787688990
Spin,aa820672-4013-417f-bbac-0178f240d2e1,e-bike,39.994325,-83.012645,57,15.51,True,False,False,1787688933
Spin,8edd5861-182a-4625-879e-dbfb980b3346,e-bike,39.99434333333333,-83.01265333333335,44,12.0,True,False,False,1787688929
Spin,8c61460d-e658-43f1-be06-588b7dd80b03,e-bike,39.99442693333334,-83.01263929999999,72,19.61,True,False,False,1787688924
Spin,892f1b7b-387b-42f3-9b1e-73b72be5a029,e-bike,39.99444343333333,-83.01263990000001,43,11.71,True,False,False,1787688924
Spin,458b2148-ebf3-409d-b7bc-bae5eaffeabd,e-bike,39.99536223333334,-83.00948580000001,37,9.95,True,False,False,1787688873
Spin,68c6b41a-9c79-42f8-afba-ba9f997d4331,e-bike,39.99534763333334,-83.0094985,89,24.29,True,False,False,1787689061
Spin,80aba153-270d-4180-b510-bd82a7c9edfd,e-bike,39.995347333333335,-83.0095072,29,7.9,True,False,False,1787688885
Spin,e9c2edc0-6e59-4a7d-868e-9fd9de25a2a7,e-bike,39.995347833333334,-83.00950820000001,43,11.71,True,False,False,1787688874
Spin,7500411a-f6d1-4972-bb1d-100104a7d123,e-bike,39.99504623333333,-83.0117263,58,15.8,True,False,False,1787689016
Spin,daf1459c-3ff3-4581-aecf-3e1c8e55020b,e-bike,40.0009355,-83.01326329999999,75,20.49,True,False,False,1787688861
Spin,423eabac-b73e-43bd-bd36-51d747f69163,e-bike,39.994303433333336,-83.0140883,30,8.19,True,False,False,1787688945
Spin,63be23ca-6f17-4be2-b4ce-5fbfec73d12e,e-bike,40.0053744,-83.0359385,45,12.29,True,False,False,1787689015
Spin,fbaa2731-bdbe-4b03-97f2-8eea808b4853,scooter,40.0031636,-83.01279840000001,69,18.73,True,False,False,1787688981
Spin,ec60f699-bf0c-49bd-9c8b-a74681d726ca,e-bike,39.995760133333334,-83.01451620000002,23,6.15,True,False,False,1787688938
Spin,126c1b50-0cc9-49f4-b796-f829b3dde212,e-bike,39.99125133333334,-83.0203638,69,18.73,True,False,False,1787688995
Spin,af1b1a04-701d-42fd-a2e2-38a3abaf3be8,e-bike,39.99690103333333,-83.0122046,89,24.29,True,False,False,1787689009
Spin,7815388d-87d3-4e3c-a4b3-7605d94e3b25,e-bike,39.99875233333333,-83.0079358,78,21.36,True,False,False,1787689040
Spin,9af9a1fe-7bc0-4470-b978-9d8472f6a1fa,e-bike,40.001018599999995,-83.0130855,23,6.15,True,False,False,1787688892
Spin,07977ae2-f4c8-4c6d-9252-f41628ec87f1,e-bike,40.0015102,-83.01019339999999,43,11.71,True,False,False,1787689002
Spin,6050d9a4-038d-4f42-a598-1648faf2d032,scooter,39.997308833333335,-83.007455,53,14.34,True,False,False,1787688924
Spin,e88c4df4-2468-467c-8595-7b34bf356c41,e-bike,39.99771843333333,-83.01518519999999,24,6.44,True,False,False,1787689066
Spin,f9696d8b-6fe8-4f78-9d7e-bd335984ab50,e-bike,39.998805833333336,-83.0108772,28,7.61,True,False,False,1787688995
Spin,7a2d6a0a-9f4d-4e68-b165-df81b23972eb,e-bike,39.99736083333333,-83.0149478,39,10.54,True,False,False,1787688960
Spin,0a5b16ee-d713-4d79-8e2a-c32d6d55fb8a,e-bike,39.99801563333333,-83.00942500000001,94,25.46,True,False,False,1787689038
Spin,afc2c557-4b37-4406-870e-b23816b2b150,e-bike,40.0003741,-83.0109565,67,18.15,True,False,False,1787689043
Spin,1208f85e-5923-4b1e-be67-5485a2e284fc,e-bike,40.0010142,-83.01307479999998,23,6.15,True,False,False,1787688926
Spin,c3b690a4-a4db-4243-b999-f0e2163ae21f,e-bike,40.0033879,-83.0159001,74,20.19,True,False,False,1787689060
Spin,698361c7-dbef-4bd8-894e-495be5bc4cd3,e-bike,39.99884503333333,-83.0106061,81,21.95,True,False,False,1787688872
Spin,f7fcc7a7-1324-49a7-b104-201250131602,e-bike,39.999372533333336,-83.01781190000001,19,5.27,True,False,False,1787689051
Spin,d8aca3e3-ec65-431b-acfa-0e68ccfcf39f,e-bike,39.998855733333336,-83.0385964,20,5.56,True,False,False,1787689054
Spin,147ce7d6-b0f8-4cbe-8951-756df1b933bf,e-bike,39.995099233333335,-83.0166611,77,21.07,True,False,False,1787689072
Spin,46d58ae7-a760-420b-971d-a66e3dc7ce62,e-bike,39.99414843333333,-83.0070577,62,16.97,True,False,False,1787688943
Spin,dfa59f15-cc98-49c4-bce9-e620d559e0c8,e-bike,39.99696666666667,-83.01506666666667,100,27.22,True,False,False,1787688942
Spin,e1926ddf-aacf-466a-84a4-57850845eb97,e-bike,39.99929533333333,-83.0215125,37,9.95,True,False,False,1787688942
Spin,8a8fe384-3e99-4f34-a149-6ba56b866421,e-bike,39.99930473333333,-83.02152339999999,51,13.76,True,False,False,1787688941
Spin,09b44590-6986-40b5-998d-ac5fd5561ad4,e-bike,39.99930043333333,-83.0214981,37,9.95,True,False,False,1787688941
Spin,76c945d5-438e-462d-99ae-05cbd45f1275,e-bike,39.999297733333336,-83.0215235,44,12.0,True,False,False,1787689012
Spin,edba1f38-c82a-41ae-9e06-d6b2ee595e01,e-bike,39.99927913333333,-83.02151110000001,88,24.0,True,False,False,1787688942
Spin,273fcddd-4498-4d5e-8cbc-e14f7734a213,e-bike,39.99927003333333,-83.02149910000001,88,24.0,True,False,False,1787689007
Spin,37d715d5-f484-4699-b05f-7958d00f6696,e-bike,39.99930633333334,-83.02153580000001,90,24.58,True,False,False,1787688940
Spin,50857ba5-0689-4965-9d59-4a702fe8dbbe,e-bike,39.999292233333335,-83.02150920000001,40,10.83,True,False,False,1787688941
Spin,3245b566-766f-4268-81fe-355273d3e8b6,e-bike,39.99930543333333,-83.021497,51,13.76,True,False,False,1787688941
Spin,9c607846-3595-4ab3-a91c-cf65f7f66802,e-bike,39.99930993333333,-83.02149730000001,48,13.17,True,False,False,1787689070
Spin,4de2c49a-e1c9-4b6d-b9c1-b921774f683e,e-bike,39.99930513333334,-83.0215192,68,18.44,True,False,False,1787688975
Spin,1a50dbc3-7989-4a42-9eb9-8cbc6abb5d1e,e-bike,39.999264333333336,-83.0214687,49,13.46,True,False,False,1787688940
Spin,91fee219-923e-40b3-9e54-c58c8d2e6d92,e-bike,39.99928843333333,-83.02152290000001,33,9.07,True,False,False,1787688996
Spin,141ac9c3-b12b-46dc-a63d-4520b4799729,e-bike,40.0062944,-83.01410140000002,56,15.22,True,False,False,1787688919
Spin,396028e0-dfc4-429c-921f-7cfb2b050af5,e-bike,40.004441899999996,-83.02129940000002,55,14.93,True,False,False,1787688939
Spin,23b0cbb0-3c76-4b3a-9f12-f77bceee111a,e-bike,40.004463333333334,-83.02126833333332,80,21.66,True,False,False,1787689000
Spin,b38acfdc-4c5f-4853-b8cd-2dd84da7d336,scooter,40.0018499,-83.00816009999998,71,19.32,True,False,False,1787689056
Spin,c3161f98-1cbf-445c-9779-c027306d8b76,e-bike,40.0014811,-83.01208270000001,72,19.61,True,False,False,1787689059
Spin,4ef8c3a6-67a0-485f-b0d7-4511bae136d5,e-bike,39.99425393333333,-83.01553870000001,95,25.75,True,False,False,1787688994
Spin,36dc1f84-e8e5-42b7-8de0-ad4615c609d4,e-bike,40.0016112,-83.0082565,49,13.46,True,False,False,1787688858
Spin,16f814fa-e520-4f44-bce6-a6c89a8dbeeb,e-bike,40.0063126,-83.01336950000001,38,10.24,True,False,False,1787689016
Spin,ec18db44-c332-4eec-a77d-e59b6bd0a35c,e-bike,40.0021514,-83.0161201,60,16.39,True,False,False,1787689045
Spin,b4b3e9ff-412e-4e58-998b-710ece3cb613,e-bike,40.0005807,-83.01556260000001,22,5.85,True,False,False,1787689036
Spin,054ebfd3-9cda-41ca-859d-426ee9f14bde,e-bike,40.005119199999996,-83.01620630000001,81,21.95,True,False,False,1787689058
Spin,bf9a3ce0-5811-4748-903d-6b10bcb560ea,e-bike,39.993388933333335,-83.02101749999999,20,5.56,True,False,False,1787688891
Spin,0847e29d-35d7-45fd-875c-fe6c3754f8fc,e-bike,40.00291333333333,-83.01383499999999,49,13.46,True,False,False,1787689009
Spin,0aada1ed-c06c-40f0-86c4-de30baaf6386,e-bike,40.0063277,-83.0134059,68,18.44,True,False,False,1787689030
Spin,30854228-8523-4a9b-8823-bfacbb7df003,scooter,39.997673533333334,-83.007485,47,12.88,True,False,False,1787688989
Spin,df679f1a-e13f-4d70-ae2f-02cbd893c432,e-bike,40.0036525,-83.01026359999999,91,24.88,True,False,False,1787689030
Spin,1286973e-c838-43b5-9484-96b521e263df,e-bike,40.0031606,-83.01287359999999,31,8.49,True,False,False,1787689043
Spin,fa5483c6-c354-45fd-88b2-a93a0739a9a5,e-bike,39.99861203333333,-83.01527,67,18.15,True,False,False,1787688902
Spin,0224f167-82b2-41da-8837-5035e640b5d9,scooter,39.99749133333333,-83.00743839999998,67,18.15,True,False,False,1787688967
Spin,a8cc5aaf-fba9-4e11-93e5-caa74d5b1aa5,e-bike,40.005045200000005,-83.0267924,89,24.29,True,False,False,1787689036
Spin,f51738f7-0c3a-42fe-909a-b3e8b137513d,e-bike,39.99754383333333,-83.01533919999999,38,10.24,True,False,False,1787689032
Spin,29dfaf98-af5e-4514-a658-5fd6faace2ec,scooter,39.99626993333333,-83.007221,60,16.39,True,False,False,1787688826
Spin,4147f201-0bbb-4654-9c5c-2bfe22f461d5,scooter,39.99493533333334,-83.0068962,61,16.68,True,False,False,1787689051
Spin,f9c2fd21-ecab-4fcd-a61c-4f9ba3a12e3e,e-bike,39.99443863333333,-83.01269920000001,62,16.97,True,False,False,1787689073
Spin,47f4c041-a6cd-4865-9dd7-db864b930e6c,e-bike,40.0020963,-83.011479,77,21.07,True,False,False,1787689015
Spin,d48fdc58-1b0e-422d-8782-0e211a32f0a7,e-bike,40.004708066666666,-83.009649,15,4.1,True,False,False,1787689060
Spin,016741e6-372e-4e60-bda6-b54df2dca62d,scooter,40.0034552,-83.01101070000001,100,27.22,True,False,False,1787689048
Spin,0a0dd17c-7184-4454-b7dc-507009a0c490,e-bike,40.003125,-83.01286739999999,100,27.22,True,False,False,1787689062
Spin,0d9e83c2-a631-42cd-8b67-991716df7326,scooter,39.99709233333333,-83.0163005,67,18.15,True,False,False,1787688935
Spin,60365eed-f267-4b3f-af92-29f5305a34c6,e-bike,39.997049999999994,-83.01632166666668,41,11.12,True,False,False,1787688940
Spin,2c816519-50c4-42a5-a1d4-fd6dddc08aad,scooter,40.0007193,-83.0130539,100,27.22,True,False,False,1787689049
Spin,0394aa20-76f5-4acb-b4ca-ea416e372c23,e-bike,39.99263523333333,-83.0209405,74,20.19,True,False,False,1787689020
Spin,7361ca95-196e-47ff-8187-0c135f998e54,e-bike,39.998189333333336,-83.00811270000001,92,25.17,True,False,False,1787689031
Spin,ced0dbc4-6f96-4c56-8ca9-32791c35abe2,e-bike,40.0026074,-83.02061780000001,28,7.61,True,False,False,1787688913
Spin,f5c683f2-e7df-4210-8105-baa335476a4f,e-bike,39.99839166666666,-83.00786500000001,18,4.98,True,False,False,1787689023
Spin,04d19453-0c84-4c60-a0f5-612bc6a18b72,e-bike,40.0042298,-83.01246189999999,61,16.68,True,False,False,1787688901
Spin,3b68ac4e-8aee-496b-90c8-36de5a52ac9e,e-bike,40.001701499999996,-83.01304370000001,65,17.56,True,False,False,1787689055
Spin,345dd97b-7ffc-41e5-b135-63b3757fd6c8,e-bike,39.99697683333333,-83.0164572,25,6.73,True,False,False,1787689029
Spin,1b675548-85b0-4c70-b67b-209954da2627,e-bike,40.0012192,-83.0104953,26,7.02,True,False,False,1787689001
Spin,802181f9-fe90-44c5-bf09-4c2b4fc2f86d,e-bike,39.99829833333333,-83.02139666666666,81,21.95,True,False,False,1787689004
Spin,21ea3314-51ce-47f0-987e-401ddf0ef138,e-bike,40.0035045,-83.0110977,30,8.19,True,False,False,1787688939
Spin,e38f48de-0119-432c-b039-34ff8df1cb9a,e-bike,40.0029105,-83.014881,18,4.98,True,False,False,1787689050
Spin,706bed4d-e21e-4bf3-b496-596d6ae54f10,scooter,40.0027702,-83.01546490000001,85,23.12,True,False,False,1787688948
Spin,93b9f828-349b-4d70-808a-a7b53c374fe2,e-bike,40.001490800000006,-83.0092136,86,23.41,True,False,False,1787688891
Spin,c9fffe5a-df86-4b3f-9a81-d6dd1f60e6e3,e-bike,39.99495493333333,-83.0068962,94,25.46,True,False,False,1787688935
Spin,ac227ef0-847c-4bc5-96e7-39952f89055c,e-bike,39.99536453333334,-83.00701980000001,99,26.93,True,False,False,1787689076
Spin,75562296-7aec-4a49-ad24-3ef99a2b536f,e-bike,39.99627533333333,-83.00720189999998,87,23.71,True,False,False,1787689059
Spin,3b69d6ec-6ed9-482d-9a28-7433178732f1,scooter,40.003613,-83.014602,62,17.77,True,False,False,1787689039
Spin,c97676ae-407a-4c14-a3e8-e25027a0c648,e-bike,40.0035111,-83.0130442,55,14.93,True,False,False,1787689072
Spin,e56d08a5-8982-42c6-9d21-8775a6e7e1c8,e-bike,39.99686943333334,-83.0118366,90,24.58,True,False,False,1787689075
Spin,eaf69d77-ba94-4099-b9d4-30fe18d058dc,scooter,39.99412543333334,-83.00679280000001,76,20.78,True,False,False,1787689062
Spin,cc1f5091-d445-4210-9320-576ce705bdea,e-bike,40.0013214,-83.01302030000001,22,5.85,True,False,False,1787689073
Spin,426cc513-af03-482a-a8d7-f33db32cee53,scooter,39.99473953333334,-83.0071432,37,9.95,True,False,False,1787688940
Spin,249f6244-9593-4b0e-91dc-a0f867f1e401,e-bike,39.99523273333333,-83.01486359999998,95,25.75,True,False,False,1787688979
Spin,9f51d168-cfff-47b8-a430-59a91b786829,scooter,40.0063192,-83.0190303,73,19.9,True,False,False,1787688964
Spin,9f0001e0-aa8c-4138-9d6c-30fb9fa04382,e-bike,39.998050633333335,-83.0075621,92,25.17,True,False,False,1787689068
Spin,3c8be2f1-1d09-4256-92b9-cc8ac4235549,e-bike,40.0022778,-83.0399264,85,23.12,True,False,False,1787689023
Spin,18115008-89d0-4ec8-a1f5-9347f871512d,e-bike,39.99876663333334,-83.0214455,97,26.34,True,False,False,1787688845
Spin,95cd61da-8d33-47c5-8081-59d8b2ffd6df,e-bike,40.0019151,-83.01679,87,23.71,True,False,False,1787688886
Spin,fed174cb-8058-40d8-b0a8-89adb3dbb4fc,e-bike,39.99648773333333,-83.0095412,75,20.49,True,False,False,1787688975
Spin,74532e4e-2d40-42e5-b5de-acded49bf892,e-bike,40.003349299999996,-83.0106084,83,22.54,True,False,False,1787689009
Spin,64c60d1e-f4c6-4f83-96b5-e8b4f8e08fc2,e-bike,40.0002062,-83.02142260000001,29,7.9,True,False,False,1787689018
Spin,1039b59b-6d65-4c6a-8072-a0ce370b9501,e-bike,40.0039652,-83.0131755,74,20.19,True,False,False,1787689023
Spin,706703a3-5d50-48b8-9acc-2398911f12f5,e-bike,39.996304933333334,-83.0094178,87,23.71,True,False,False,1787689054
Spin,4e8217dd-ee3b-484f-a9af-acf687f40190,e-bike,40.0097097,-83.02687929999999,73,19.9,True,False,False,1787689008
Spin,f5d2869d-737b-4143-9339-416063758f05,e-bike,39.99765433333334,-83.0093573,88,24.0,True,False,False,1787689051
Spin,4eb0f6e0-962e-4284-8302-92fd5f14661d,e-bike,39.99406643333334,-83.01432840000001,32,8.78,True,False,False,1787688853
Spin,b8f44d33-16eb-4302-b781-bb95df89ae4b,e-bike,40.0049922,-83.00946530000002,47,12.88,True,False,False,1787689029
Spin,910fb12a-97c6-4f3c-a6ff-8e989cb143a6,e-bike,40.0023596,-83.0108181,55,14.93,True,False,False,1787689046
Spin,e613230b-e416-4549-a5b7-6ad228ffdebf,scooter,39.995922033333336,-83.0110678,45,12.29,True,False,False,1787688888
Spin,848bfea8-ef6b-4d51-9945-60d3177b391a,e-bike,39.997001033333326,-83.0104216,99,26.93,True,False,False,1787688895
Spin,0f7a19dc-ef26-4287-9419-698d21299e11,scooter,39.99403863333334,-83.0070419,72,19.61,True,False,False,1787689045
Spin,51a3dacc-5aaf-4a3a-9861-c3aaf7bfdfd7,e-bike,40.00309666666667,-83.01267333333332,84,22.83,True,False,False,1787688945
Spin,92aa0e83-38eb-4cc7-b26a-fffd93bcfe30,e-bike,40.0004265,-83.021329,25,6.73,True,False,False,1787689009
Spin,cef60ea1-6037-4f16-96d5-036b85311c30,e-bike,40.0018824,-83.0135619,27,7.32,True,False,False,1787688930
Spin,a4e17092-ecb1-42f7-82f2-427e75a79938,e-bike,40.00168,-83.01306666666666,85,23.12,True,False,False,1787689059
Spin,1c22a1e5-0508-412e-90bd-9e54c8d9ece4,e-bike,39.999467233333334,-83.021497,86,23.41,True,False,False,1787688965
Spin,deee4741-1fe1-4869-8cb9-1b8082626de7,e-bike,40.0062237,-83.013412,59,16.1,True,False,False,1787689042
Spin,d06c6442-b4d6-4efc-9d77-91efc06af5b8,e-bike,39.99680823333333,-83.01364800000002,48,13.17,True,False,False,1787689047
Spin,5c5b13a8-d25c-4ab3-a2f5-519fa53ba818,e-bike,39.99406403333333,-83.0143085,35,9.66,True,False,False,1787688928
Spin,16a23674-9dbe-4c4b-ae28-7234013f276c,e-bike,39.99768666666667,-83.01519000000002,99,26.93,True,False,False,1787688999
Spin,9703b54f-6422-460c-8ce7-783e3748d086,e-bike,39.998404533333336,-83.01680820000001,68,18.44,True,False,False,1787689029
Spin,c38bb45f-2182-462f-bf10-b7884477ceee,e-bike,40.005241700000006,-83.0157958,68,18.44,True,False,False,1787689061
Spin,49fc68d9-7e22-484e-acbe-4789a046e04b,e-bike,40.0046598,-83.0141762,66,17.85,True,False,False,1787688924
Spin,53f46753-b9d9-4a40-933e-8b07c4daaff7,e-bike,39.99403553333333,-83.01431589999999,86,23.41,True,False,False,1787688907
Spin,456cf3a3-a843-428a-b1a4-550e7c6d356f,scooter,39.994840833333335,-83.0069406,68,18.44,True,False,False,1787688970
Spin,39c4987c-6787-4a2b-8efe-83edefc0f770,e-bike,40.001501,-83.00885259999998,69,18.73,True,False,False,1787689030
Spin,ec70d751-4c32-4a23-8908-cd4d970b9e02,e-bike,39.99404683333333,-83.0143111,34,9.37,True,False,False,1787689061
Spin,405a2139-36fe-49bd-8ef7-cb0af723853c,scooter,40.002611,-83.028642,0,,False,True,False,1787689054
Spin,6137ee18-36a6-493d-ad38-a98366023148,e-bike,39.998138833333336,-83.0095559,0,,False,True,False,1787689040
Spin,a7767455-1444-4d21-9faa-d513a9200c8b,scooter,39.996394,-83.016283,0,,False,True,False,1787689058
Spin,99941786-3564-47b4-9315-0a628dc52f1b,e-bike,40.0135512,-83.02472809999999,0,,False,True,False,1787689045
Spin,6f3b4f65-898f-40e7-b800-0d66cf565b49,scooter,39.999287,-83.021498,0,,False,True,False,1787689065
Spin,f81f745c-9486-4c74-a5b5-176b2c9e4e26,e-bike,40.0040285,-83.0132216,0,,False,True,False,1787689072
Spin,c250a0b5-e5f8-408a-9620-20ac41bcdb22,e-bike,40.0052119,-83.0340287,0,,False,True,False,1787689035
Spin,8c1bb6f9-d3c0-4780-b78c-63c8cb87b625,scooter,39.99677,-83.015054,13,3.51,False,True,False,1787689079
Spin,e283932b-d97f-4246-8f48-1f25fd935e03,e-bike,40.0045971,-83.0131514,11,2.93,False,True,False,1787689053
Spin,c76d3b8e-663f-44d5-a714-69ca19a0652d,e-bike,40.00476833333333,-83.01280666666668,14,3.8,False,True,False,1787689074
