Company,Vehicle_ID,Type,Latitude,Longitude,Battery_Pct,Range_Miles,Is_Available,Is_Disabled,Is_Reserved
Veo,7eb8e804-fadb-5e8e-8e7f-ba3b494d2bf1,bicycle,39.955911,-83.003184,,9.02,True,False,False
Veo,77f7a391-b203-506e-ba4f-05d229f82a4c,bicycle,39.95769,-82.993525,,6.98,True,False,False
Veo,2008093,scooter,39.941978,-82.994951,,28.14,True,False,False
Veo,bd089409-222f-5e84-8e7b-19c44403b731,bicycle,39.998181,-83.032444,,20.37,True,False,False
Veo,d8b6a60c-62ef-522f-96d6-599071821046,bicycle,39.990119,-83.017381,,25.94,True,False,False
Veo,f3ae7427-5996-51c4-a40f-3f21fe7f2ebb,bicycle,39.965628,-82.985693,,27.77,True,False,False
Veo,563fa753-565d-5be5-a6cc-80b8687901a2,bicycle,39.957375,-83.01136,,25.94,True,False,False
Veo,8c1fde28-2fd2-5481-b542-ad4e2ae4d3ee,bicycle,39.995748,-83.03002,,14.43,True,False,False
Veo,045ea15b-0479-5826-a173-d9e1f6650c57,bicycle,39.96007,-83.016816,,28.14,True,False,False
Veo,e660c59d-a17d-5535-9366-b27b47905ab3,bicycle,39.95465,-83.012207,,24.06,True,False,False
Veo,849ab683-ed2e-507f-b8c5-06adcc65cad2,scooter,39.963047,-83.004256,,28.14,True,False,False
Veo,9e8a2465-9a82-5f3b-bfe5-4b83de6d12d1,bicycle,39.963072,-83.004252,,25.94,True,False,False
Veo,b0b71709-e7d4-5a9a-b02b-86e379719734,bicycle,39.986905,-83.00941,,28.14,True,False,False
Veo,aee6d26a-dd19-56a4-851a-79700254dcd7,bicycle,39.949649,-82.986821,,28.14,True,False,False
Veo,2004082,scooter,39.942,-82.99499,,28.14,True,False,False
Veo,8e9ace34-c538-53f9-82fb-568b3e1cdfe0,scooter,39.993712,-83.00573,,21.49,True,False,False
Veo,d457ca22-07d4-5282-9273-1723669fab97,bicycle,39.992868,-82.983475,,21.49,True,False,False
Veo,ef195104-a10c-56bd-ba48-922d064ea30e,bicycle,39.960234,-83.042116,,23.02,True,False,False
Veo,aadba43f-d65e-5c55-97bd-385b67a75f86,bicycle,39.999781,-83.022108,,25.65,True,False,False
Veo,b112675f-9b84-5c9f-95c2-3fcbfe9e37eb,bicycle,39.913952,-82.95117,,28.14,True,False,False
Veo,06375fcd-602f-5db1-b17a-cb271af14ad5,scooter,40.004168,-82.99769,,7.29,True,False,False
Veo,6fae311e-e29c-5d47-a1bd-f61c5114fd0c,scooter,40.016031,-82.991063,,6.31,True,False,False
Veo,3b47c702-f569-5092-86e0-97ca67cdeaa5,bicycle,40.007578,-83.001661,,28.14,True,False,False
Veo,76c4a503-d105-5efe-b3a3-b20857574175,bicycle,40.003565,-82.97517,,9.02,True,False,False
Veo,1372bb9f-91a6-510a-ac69-fd8251000d84,bicycle,39.971928,-82.966423,,15.18,True,False,False
Veo,adbaa924-8dcf-58c5-88e2-8091400705ac,bicycle,40.105123,-83.110699,,28.14,True,False,False
Veo,4ea4827a-2ea9-5840-9010-d095538c31b3,scooter,40.032264,-83.031805,,15.89,True,False,False
Veo,e33c20eb-59ea-5609-8e01-afa750cc82c9,scooter,39.941992,-82.994943,,22.39,False,True,False
Veo,8e2ef0c3-eca4-5e86-82f2-e2e34651a144,bicycle,39.956075,-82.945242,,14.61,True,False,False
Veo,f2c2c7bc-3a3d-5959-9fb0-f042190019f6,scooter,39.943785,-82.994447,,28.14,True,False,False
Veo,4be137aa-1d7b-5dde-8d1c-66cdcd2d3735,bicycle,39.944849,-83.116474,,0.85,True,False,False
Veo,ac6fec13-44b9-5dc9-8463-579a0326aa12,bicycle,39.936239,-82.959926,,13.64,True,False,False
Veo,fc50db0c-e9f3-5c5d-b526-de9a4a0dd870,bicycle,39.961265,-83.042962,,28.14,True,False,False
Veo,076194a0-bca5-5256-ba98-05b3c10652dd,scooter,40.052405,-83.030156,,9.97,True,False,False
Veo,0939e5a0-d6e8-590b-9442-420f7d5e36fe,bicycle,39.965325,-82.991573,,11.59,True,False,False
Veo,31a22fcd-3a7a-5fe8-8dfa-aa71c5ee98cd,bicycle,39.988335,-83.044374,,27.77,True,False,False
Veo,ddfeae13-e1bf-59e7-8c1c-7f8cb84855d5,bicycle,40.009949,-83.016008,,25.94,True,False,False
Veo,24563b88-e79c-547f-a153-f871fb934745,bicycle,40.039832,-82.994289,,27.77,True,False,False
Veo,402fc6bb-8280-5fea-918d-fa73f7ef415a,bicycle,40.00378,-83.002639,,27.77,True,False,False
Veo,95a67f13-3731-5daa-8ab4-559c7d6d09a2,bicycle,39.971365,-82.969422,,4.67,False,False,True
Veo,74dc272a-f7fa-56ab-bb32-9fa41a1a7ab6,scooter,39.956545,-82.987799,,10.51,True,False,False
Veo,391b9929-bab0-566c-8988-ee07ca92f615,scooter,39.957928,-82.945272,,25.94,True,False,False
Veo,d9dd1867-d60e-5b12-b2dc-45216d7c3aa0,scooter,39.956089,-82.945237,,28.14,True,False,False
Veo,13b0f97f-48f3-5fab-9453-976b1435cfed,scooter,39.974399,-83.02061,,25.65,False,True,False
Veo,2d2fc7b8-4dc2-5546-90c3-8cb18b34cedb,scooter,40.060526,-83.079226,,13.39,True,False,False
Veo,3edf0467-6b8a-5356-a604-58ed7ff8b766,scooter,39.958586,-82.998263,,28.14,True,False,False
Veo,f196a69c-c733-573b-a67e-ec1e4435cc1c,bicycle,39.973298,-82.975891,,17.89,True,False,False
Veo,c5faea82-0d5d-52b8-a484-0255b4008360,bicycle,39.955678,-82.94931,,27.44,True,False,False
Veo,18bf4246-81ec-5a55-bc84-1481b7dd180c,bicycle,39.928848,-82.964752,,28.14,False,True,False
Veo,3ef0e650-f939-56df-8753-2b3f5c3f9dea,bicycle,39.957942,-82.890822,,28.14,True,False,False
Veo,43d12339-27d5-5956-aec8-c5d6bc1ec9c6,bicycle,40.00086,-83.008582,,14.43,True,False,False
Veo,5bd2e623-465e-585d-b3f8-16278867a2d5,bicycle,40.091968,-83.093441,,25.34,True,False,False
Veo,c520a04e-fb43-5b4a-a955-a67b6a850670,scooter,39.965146,-82.990418,,28.14,True,False,False
Veo,cd2c2420-7e3e-5798-afd6-b7e042e8850f,scooter,39.963695,-83.000857,,26.25,False,False,True
Veo,baae3ee7-e6da-5f58-9350-f8ac76a0852d,scooter,39.966846,-83.009188,,2.09,True,False,False
Veo,7b20f5ff-473f-5fbf-b3aa-918c79461f92,scooter,39.965243,-82.911644,,24.33,True,False,False
Veo,93af1ba7-54bb-5a4f-ac82-30fb2a93a8b7,scooter,39.921114,-83.036356,,27.77,True,False,False
Veo,aa5c4074-c0c6-5cb8-bbd0-6f229edf671f,scooter,39.943706,-83.045592,,24.84,True,False,False
Veo,8a694b8e-8a7f-5f2f-8fe7-5572f6f06106,bicycle,39.956006,-82.945264,,28.14,True,False,False
Veo,67542093-041a-552f-894c-e0468bf7b012,scooter,39.960135,-83.016475,,28.14,True,False,False
Veo,f82a73cb-6ea7-553a-9396-3c84604807fc,scooter,39.997612,-83.015064,,4.92,True,False,False
Veo,00024626-0066-5325-9576-d449836e0637,bicycle,39.967471,-82.986476,,13.39,True,False,False
Veo,5dff0c3d-678b-5f8b-8938-d33ad0e03f1d,scooter,40.052236,-82.90734,,28.14,True,False,False
Veo,80e09b69-dec1-5f3d-ad49-a4911b61b4a8,scooter,39.958839,-82.975616,,25.65,True,False,False
Veo,7208f51f-35ad-5c78-98ed-5a0d297880ee,bicycle,39.964634,-82.885065,,24.06,True,False,False
Veo,48244b0f-f71f-5193-a77a-dccdc3388851,bicycle,39.965704,-82.987259,,15.45,True,False,False
Veo,61db1881-3b65-5cfc-93cb-339a1b6c2e88,scooter,40.00354,-83.014823,,26.25,True,False,False
Veo,a00b82c8-875d-581e-9d03-33d96b6f1e66,bicycle,39.99876,-83.006019,,15.89,True,False,False
Veo,99a02a1e-23a7-5807-bee0-bf8483efea6e,bicycle,39.995068,-83.031775,,21.77,True,False,False
Veo,08c85dfe-51ae-5914-bf7a-da0b80751df2,bicycle,39.926704,-82.995749,,27.77,True,False,False
Veo,70d899e6-f7fd-5004-9f41-4d0adad7cfcf,bicycle,39.952179,-82.961071,,13.86,True,False,False
Veo,e350e279-55ea-5781-b26c-c8414d86f262,bicycle,40.077217,-83.019023,,13.1,False,True,False
Veo,b12c583d-3b6c-5820-834d-b831cab439e2,scooter,39.995953,-83.015824,,13.39,True,False,False
Veo,4cb79dc2-f989-5e6b-a90e-193011bb8665,bicycle,39.95786,-82.978175,,15.18,True,False,False
Veo,1e18154e-8662-5f62-a110-f0faa0ba0475,bicycle,40.007361,-82.980949,,25.94,True,False,False
Veo,99085e18-6768-51eb-9f27-4ceb5be706da,bicycle,39.967191,-83.004347,,25.12,True,False,False
Veo,6d662414-4893-5416-9791-2d2ef0f802ef,bicycle,39.925413,-83.036574,,9.97,False,False,True
Veo,2cb590ab-1833-504b-8886-5ce2177f158d,bicycle,39.972878,-83.04513,,25.94,True,False,False
Veo,1033e36f-a68e-5d48-8d5f-88197475d776,scooter,39.971795,-83.002629,,28.14,True,False,False
Veo,bec7a347-031e-5427-8be0-92c4564d9740,bicycle,40.004309,-82.973777,,24.06,True,False,False
Veo,1a8a5d1f-0f6d-5195-abfa-51d8d0c628f4,scooter,39.95823,-83.011622,,14.86,True,False,False
Veo,e911da39-1908-5d0c-9a98-2d68de82c49c,bicycle,40.103991,-83.108979,,25.94,True,False,False
Veo,cef2ed7d-fcf0-506b-9f61-33e913024cb5,scooter,39.973635,-82.884884,,12.52,True,False,False
Veo,1906c3a4-ad0d-5b45-ab8f-fb3a4ccd6e63,bicycle,40.019809,-82.939428,,11.11,True,False,False
Veo,2c099990-ea35-52c5-acc8-dc0c994f4cc4,bicycle,39.977166,-83.004138,,10.79,True,False,False
Veo,5aaf6966-018f-5fa4-9c83-e00939fcef37,bicycle,40.00367,-83.008937,,28.14,True,False,False
Veo,36272372-872f-5bf9-9ceb-eaac2329d64d,bicycle,40.028331,-83.025927,,4.67,True,False,False
Veo,e64164a2-59b7-5319-b46e-2a7aeedc471f,bicycle,39.970329,-83.108037,,5.44,True,False,False
Veo,d668478f-29c1-57be-8d5d-2558dd30349b,bicycle,40.106907,-83.096103,,17.37,True,False,False
Veo,8cefc5ca-fa3c-5eff-93e5-3d2023476947,bicycle,39.972176,-82.977386,,25.74,True,False,False
Veo,145c13e2-fd13-5561-8407-6c0f4f72630b,bicycle,39.941967,-82.994984,,28.14,True,False,False
Veo,7764af77-b8ea-56b9-967c-fa4d628a7f77,bicycle,39.945134,-83.060513,,1.83,False,True,False
Veo,5994c50b-dab9-5c6e-886f-dfbaba8263be,bicycle,39.9466,-82.958207,,28.14,True,False,False
Veo,f4e76009-5387-5a94-a123-7205897ae682,bicycle,39.974156,-82.972473,,10.79,True,False,False
Veo,1129d901-e1bf-5d39-b1d1-2d3eabbc63ec,bicycle,39.9323,-83.04281,,25.94,True,False,False
Veo,5d0fa6c3-6534-5b4b-bf07-60ea74359258,scooter,40.101685,-83.113417,,14.43,False,False,True
Veo,ad0e958d-9c78-52d5-9567-ad43b0936a09,bicycle,39.946386,-83.044698,,27.44,True,False,False
Veo,73623851-91d3-54ee-ad10-a719babbd37d,scooter,39.998783,-83.015262,,15.89,True,False,False
Veo,2de8cd39-7a74-5b59-9de7-e85d341fda06,bicycle,40.02929683,-82.92249506,,0.0,True,False,False
Veo,7d377b4e-05d5-5f88-bc27-cf467101fd97,bicycle,40.050372,-83.000098,,6.07,True,False,False
Veo,94f74d98-40f5-5622-9b50-9b96a2244268,bicycle,39.988564,-83.004658,,28.14,True,False,False
Veo,74c2cfa6-c148-5a53-aac6-ec900da44c81,bicycle,39.985504,-82.94214,,4.14,True,False,False
Veo,9ba39cbc-2ac0-5433-b10b-f2dd08040c8e,bicycle,40.008922,-83.0026,,19.78,True,False,False
Veo,7bdee245-0129-5b0a-a73a-0a6c2ac11f9c,bicycle,39.958582,-83.012846,,13.39,True,False,False
Veo,03843870-0bab-5237-952d-d2ffe9a67c36,scooter,39.991605,-83.010684,,25.12,True,False,False
Veo,8d64992d-e27a-5133-94aa-9341a6b9232e,bicycle,39.984369,-83.02558,,25.34,False,False,True
Veo,405013df-518c-5e87-ae03-28fcc6fb5098,bicycle,39.957003,-82.995116,,26.51,True,False,False
Veo,fd617c68-b0f1-5aaa-891c-b68f0042f688,bicycle,39.965676,-82.998753,,13.64,True,False,False
Veo,8d3a917f-e8b8-5980-b1cf-deda1f9931d4,scooter,39.9375,-82.950613,,25.65,True,False,False
Veo,12c89234-d4e5-59ec-a5e1-5a9c7424c8e4,bicycle,39.996786,-83.007254,,27.77,True,False,False
Veo,056baf9f-2940-5368-827d-79fc0fbaa569,bicycle,39.9704,-82.974618,,28.14,True,False,False
Veo,36100721-5088-5bf6-abc5-1b8cb1f66a1f,bicycle,39.923171,-82.983239,,28.14,True,False,False
Veo,c4a12314-b50a-55ef-a077-01413520655b,bicycle,40.000117,-82.993,,1.83,True,False,False
Veo,87a5aea3-c8a6-551d-803e-a2122c7cb5b5,scooter,39.99914,-83.038525,,28.14,True,False,False
Veo,c8f9a1ec-0e44-59c6-ae32-d7a85192b44d,bicycle,39.930645,-82.997037,,17.89,True,False,False
Veo,e09bb7da-fcac-57dd-821a-73eac3da9fb4,bicycle,40.098254,-83.079268,,27.02,True,False,False
Veo,49855438-8c72-5805-a5eb-1511ab422d53,bicycle,39.94102895273343,-83.09282003184379,,0.0,True,False,False
Veo,7a9c9a23-c947-540c-84d0-c7b29c2da991,bicycle,39.970543,-83.001863,,11.83,True,False,False
Veo,7bf7c919-e3c2-5f0a-96e2-d83eed031dbc,bicycle,39.906791,-82.924971,,28.14,True,False,False
Veo,b5d87390-8a0e-5416-b75e-8d84e3de2008,scooter,40.005559,-83.035876,,17.37,True,False,False
Veo,df6d5c6f-9d5f-53a3-8ac3-436984bdffd9,bicycle,39.986118,-83.005412,,14.43,True,False,False
Veo,0650561b-bfa2-5e6e-812e-f9f383822dff,bicycle,40.094743,-83.09434,,12.52,True,False,False
Veo,db378363-a1f6-55d8-9699-b18c8be24744,bicycle,40.004346,-83.013822,,5.59,True,False,False
Veo,77322faf-5efc-5c37-9dce-823b0bdad338,bicycle,39.944175,-82.968115,,28.14,True,False,False
Veo,147e4b18-b410-5bf7-aba4-0791ba803281,bicycle,39.994627,-83.026885,,12.87,True,False,False
Veo,b03658d3-376c-5041-9e9b-f538c7f58817,bicycle,39.964921,-82.984941,,24.84,True,False,False
Veo,5d719951-f446-5efd-85f1-270f756b4e1b,bicycle,39.9559180801078,-82.94530223016405,,0.0,True,False,False
Veo,63527663-bf32-5250-bc42-a9257440a7b5,bicycle,40.016704,-82.985436,,27.77,True,False,False
Veo,19d099c8-be87-5753-8345-e1d68f0fd3fb,bicycle,39.962652,-83.004256,,28.14,True,False,False
Veo,b6bfeb93-491f-531f-8fec-c78487bab7db,bicycle,40.026447,-82.969867,,25.34,True,False,False
Veo,24af6079-7503-5974-b153-edf0de33509c,scooter,39.999727,-82.943844,,28.14,True,False,False
Veo,9edb249e-7359-54b4-b000-1e6cb415051e,bicycle,39.953405,-83.028106,,14.43,True,False,False
Veo,2041ca8f-4994-55fb-81ed-eb473f2b6eaa,scooter,39.952093,-82.988909,,27.77,True,False,False
Veo,1ee1852c-7279-523c-9e16-3a2a0cf41bdf,bicycle,40.021306,-82.962997,,28.14,True,False,False
Veo,65464e02-f211-593f-ba71-0a4317693b42,bicycle,39.940469,-82.976447,,2.12,True,False,False
Veo,a46aa9ac-9d90-5987-a8d8-1e1dbde5fec8,bicycle,39.949888,-82.859232,,23.02,True,False,False
Veo,20c10a28-60e3-58da-8aed-9b06e6d31f21,bicycle,39.973132,-82.999854,,10.31,True,False,False
Veo,bb84e230-ae6d-5d3c-8459-1b8c12fe3517,bicycle,40.104572,-83.088848,,28.14,True,False,False
Veo,e000039b-7321-56d6-9ebe-d556147398a7,bicycle,40.014172,-82.987661,,11.83,True,False,False
Veo,9c657152-e360-5c8a-a672-381d935111b7,bicycle,40.060632,-82.990786,,1.83,True,False,False
Veo,8c1fa200-b0d6-5d95-86bc-1d79d1f59d68,bicycle,39.976488,-82.99528,,28.14,True,False,False
Veo,5cf8f218-448c-57ed-b97f-ea8caf8768f7,bicycle,40.005285,-83.010985,,15.45,True,False,False
Veo,ff06b9a9-e199-5e8d-82fd-6a2e9412d62f,scooter,39.933251,-82.980657,,10.51,True,False,False
Veo,5a533b81-c7c9-53dc-bef3-d713f9bb6383,bicycle,40.000116,-82.969557,,28.14,True,False,False
Veo,535b8a7a-d069-5660-bf50-795d14130d15,bicycle,39.907185,-82.961571,,10.79,True,False,False
Veo,e80fb357-92fe-5d8f-86e2-1d344f74a6fe,bicycle,39.987301,-83.005555,,28.14,True,False,False
Veo,9af89796-550d-504f-a182-9b563f2270b9,bicycle,39.925746,-82.882727,,4.67,True,False,False
Veo,2f1758ed-917e-5a2e-af5d-5d908bde3648,bicycle,39.937948,-83.117052,,18.19,False,False,True
Veo,46661964-a24c-5005-8ea9-55ca012928c0,bicycle,39.958688,-83.012875,,25.34,True,False,False
Veo,a5e07a38-762b-5a1a-8be3-44fe0f8ff9f0,bicycle,39.950459,-82.998222,,25.12,True,False,False
Veo,610ae10f-3228-5f40-bb5c-8296b7f5ec96,bicycle,40.074718,-83.030349,,1.15,True,False,False
Veo,ad83f33b-fd59-5669-baa2-14c31f3b0f70,bicycle,39.975765,-82.915443,,1.83,False,False,True
Veo,f374af28-7cbb-5717-bece-883409e5f467,bicycle,39.973958,-83.010369,,19.39,False,False,True
Veo,5c5cac0b-e702-56e4-86c6-93388995d8a0,bicycle,40.098601,-83.085707,,25.12,True,False,False
Veo,082fa63d-c426-5840-87ce-2d7a8715285e,scooter,40.00439,-83.011555,,25.34,True,False,False
Veo,ac96d10c-63aa-5416-b2e2-77349aac38eb,bicycle,39.997018,-83.000052,,28.14,True,False,False
Veo,59038af6-27a7-51c8-94b0-718016203cbd,bicycle,39.998224,-83.007692,,28.14,True,False,False
Veo,90627d6d-9703-516c-868a-925cb21ab214,bicycle,39.952331,-82.993455,,14.17,True,False,False
Veo,ae08cc7b-eff3-5845-9e0c-6793e3f4ce5b,bicycle,40.00671,-83.021078,,28.14,True,False,False
Veo,d0a33c51-dafc-569e-818c-8e54b2065c9e,bicycle,39.903364,-82.958634,,15.89,True,False,False
Veo,4f69af85-1794-5f64-a5d0-ebb3c675f33b,bicycle,39.956263,-82.954496,,26.25,True,False,False
Veo,fb021351-5fd4-5747-9d81-6aa3eea33fed,bicycle,39.956935,-82.915697,,8.78,True,False,False
Veo,be1a7e6e-282b-5536-acd4-68d580754f42,bicycle,40.101725,-83.114446,,12.52,True,False,False
Veo,391bf483-8fd8-5f49-af63-9a1735554bed,scooter,39.992858,-83.092989,,25.65,True,False,False
Veo,26461d33-a7c5-5d92-87d6-0ff9f525a5f0,bicycle,39.96269,-82.976866,,19.39,True,False,False
Veo,b9cd79ba-4450-50d5-aada-7da07cadc812,bicycle,39.958211,-82.956528,,28.14,True,False,False
Veo,1a34f003-0d6a-5cc4-b055-663b8682ff7f,scooter,39.948129,-82.945535,,28.14,True,False,False
Veo,6b47f104-22d5-560f-b987-da5259466628,bicycle,39.992641,-83.001722,,27.77,True,False,False
Veo,296d99f9-a50a-5410-be73-de082883449a,bicycle,39.989012,-83.032519,,24.33,True,False,False
Veo,1d2f47a1-c4da-5362-8505-c5dd85a38ac9,scooter,40.00673166666666,-82.98149666666669,,14.61,True,False,False
Veo,09af30a7-0eac-552b-a592-f5e82e51d863,scooter,39.967355,-83.00516,,11.11,True,False,False
Veo,d323fd2d-4aa5-5bb8-b51b-b27ca22e0e42,scooter,39.95223,-82.981548,,27.44,True,False,False
Veo,72be2a32-2fda-5f57-ab89-2a889573ae6f,scooter,39.9359,-82.988842,,28.14,True,False,False
Veo,d28a7355-e8b2-56e1-9dc3-9aff7e0b443a,bicycle,39.932878,-82.870336,,12.28,True,False,False
Veo,ff217119-01f6-521c-8f16-3529f21b5a52,bicycle,39.99747,-83.021081,,24.06,True,False,False
Veo,1e23a9a8-2eed-5e3a-a245-48f0aad87fdf,scooter,39.963068,-83.004279,,28.14,True,False,False
Veo,fe97f881-7cbc-58a2-9aa3-0173c1809225,bicycle,39.95918,-83.077578,,13.64,True,False,False
Veo,5d4cd001-4bb3-543d-b950-cdcb814ddf91,scooter,39.950873,-83.003318,,19.78,True,False,False
Veo,2d92bcb9-fa1f-5073-b1b2-0a00aa73be06,bicycle,39.936309,-82.972564,,15.45,True,False,False
Veo,8b3be7ac-1ce5-5bc2-9fc6-e149ed35097f,bicycle,39.97222,-82.97739,,26.78,True,False,False
Veo,f8a76338-bec6-52fa-aea6-face951e1bd6,bicycle,39.957267,-83.000835,,27.77,True,False,False
Veo,51d59415-24ce-5df1-9e17-1556479d0aad,scooter,39.945891,-83.00908,,28.14,True,False,False
Veo,54f92ecf-5180-5fa1-a904-908bc3b6a7be,bicycle,40.053674,-82.950215,,23.77,True,False,False
Veo,d0b54af6-6d40-54b3-8bbd-f9daca5b21c4,bicycle,39.96571,-82.994894,,23.02,True,False,False
Veo,b73e5131-6a4a-5840-bcd7-462cfef0a23c,bicycle,39.96049,-82.990365,,12.87,True,False,False
Veo,97b396ab-ec69-58a4-b9d7-268cbe5330d2,bicycle,39.970359,-82.974624,,14.61,True,False,False
Veo,29393a95-f830-5558-8b3f-4ee7f5824a16,bicycle,39.948288,-83.022419,,20.05,True,False,False
Veo,97efdcc8-7d08-5bdc-b483-652dbe4f87a4,bicycle,39.942566,-82.872254,,23.77,True,False,False
Veo,7cf3e150-96f8-53fa-a19d-cc3e93723a9e,bicycle,39.96933,-82.992484,,3.81,True,False,False
Veo,32313b2a-c88a-5128-b8a8-121d211e143b,bicycle,39.968317,-82.977639,,25.34,True,False,False
Veo,e8c25821-5263-5647-91eb-db5910f1f1a0,bicycle,40.007094,-82.999264,,28.14,True,False,False
Veo,1f1ed80a-d8db-5157-8354-128107b0a74b,bicycle,39.979439,-83.06278,,17.37,True,False,False
Veo,8dccb8d9-375d-5376-82f3-d9d1d80f205d,bicycle,39.993452,-83.004811,,28.01,True,False,False
Veo,73d45340-d63e-5ed5-be75-d7b3585931cd,scooter,39.974573,-83.003191,,28.14,True,False,False
Veo,3046c9c2-d244-55a3-bae2-1bf2d506f0ed,bicycle,39.96937,-83.035136,,21.77,True,False,False
Veo,ea9eeaa5-9b61-5c81-aa2c-742281d43d1d,bicycle,39.967626,-82.97928,,18.19,True,False,False
Veo,85ef4220-8189-5b37-a617-68af5b4dc680,bicycle,39.971,-82.969545,,8.43,True,False,False
Veo,ac36ce0d-4eb5-55e5-b04a-cb8eb2bf6e92,bicycle,39.982903,-83.00595,,28.14,True,False,False
Veo,5f6396c3-be85-5dfd-aea2-5e9584c70e50,bicycle,40.004547,-82.936013,,28.14,True,False,False
Veo,59f2fd2e-065e-5cc3-8ea0-d8e80d366f68,bicycle,39.955818,-82.891814,,0.85,True,False,False
Veo,68b979bf-371f-52cc-8fad-88cf24763df2,scooter,39.946265,-82.991246,,28.14,True,False,False
Veo,acb212d1-73fd-5370-9ebf-2881a7edbcfe,bicycle,39.951413,-82.914687,,28.14,True,False,False
Veo,24000ba3-b366-5423-8717-a271c70e157f,scooter,40.022623,-83.019232,,13.86,True,False,False
Veo,98a1bf29-490c-5be7-9c4d-42ba79b40c79,bicycle,40.105724,-83.102942,,28.14,True,False,False
Veo,eb15f466-d74a-54eb-b57c-667c5eca20a8,bicycle,39.978341,-83.000411,,15.89,True,False,False
Veo,2d4f5dc3-deed-59e0-810e-7131dc147634,bicycle,39.964914,-82.969068,,22.39,True,False,False
Veo,afaa16b1-319b-578f-8a65-c4af2470c793,bicycle,39.959884,-83.072473,,12.52,True,False,False
Veo,b945663a-a2a3-5c78-acbd-3439b984372b,bicycle,40.039113,-82.995113,,14.61,True,False,False
Veo,2217b464-db70-5214-804d-83d2882f9512,bicycle,39.939452,-82.990537,,11.34,True,False,False
Veo,b173f754-e0a8-5545-9e48-2726839e0347,bicycle,40.086591,-83.012482,,9.65,True,False,False
Veo,c7e746dc-4ee6-55bd-ae25-982157e22153,bicycle,39.997491,-82.997493,,13.64,True,False,False
Veo,7ec0725e-46ef-590f-a422-38037772f992,bicycle,39.996115,-83.04213,,7.62,True,False,False
Veo,a9cdb665-74b2-5360-8381-7f189cbf749b,bicycle,40.102748,-83.141036,,12.52,False,False,True
Veo,4ca2d27c-9d1f-5c78-a609-a2715656f7f7,bicycle,39.947715,-82.962757,,13.86,False,False,True
Veo,774aad56-43a3-56c4-8158-d89e4752fa55,bicycle,40.007912,-82.996615,,28.14,True,False,False
Veo,a400d18a-acde-5b43-b7a1-cd184fc3dc60,bicycle,39.951087,-83.024189,,10.31,True,False,False
Veo,edb1cd34-25e3-59e3-aeaf-10fe61d0dc0f,bicycle,39.974107,-82.958585,,28.14,True,False,False
Veo,2b7f0d0a-75ff-5535-aaf2-cfa754fc18e6,bicycle,39.954104,-82.982544,,25.34,True,False,False
Veo,c3df5f04-cc65-5720-b838-769dc144be6f,bicycle,39.932726,-83.049004,,21.77,True,False,False
Veo,2abf05d5-128f-5f52-b527-b81bc4cbc563,bicycle,39.950136,-82.940662,,4.78,True,False,False
Veo,fe06ac28-682a-572d-9dc6-87b886d764c9,bicycle,39.951287,-82.979175,,21.15,True,False,False
Veo,cd4e81db-498b-5e8a-9be2-320f8714bf9d,bicycle,39.967513,-82.989835,,14.43,True,False,False
Veo,64db8061-d503-53ef-8b90-a2de916e0d53,bicycle,39.982032,-83.01699,,28.14,True,False,False
Veo,5a37240b-eb16-56a8-b7cb-0a5c84895c70,bicycle,39.944417,-82.964858,,12.87,True,False,False
Veo,21df29cb-bf04-5c2f-b7a8-3cdc93500d21,bicycle,40.012197,-82.970356,,28.14,True,False,False
Veo,0590af02-fd23-5b47-8709-76c4eced7507,bicycle,39.946596,-83.000162,,26.25,True,False,False
Veo,4ab13f3d-9613-5086-b46c-5bda55cdcc01,bicycle,39.94451,-82.989715,,28.14,True,False,False
Veo,982c7959-ed2f-5297-a349-d6ff50518e07,bicycle,40.003543,-83.042631,,23.02,True,False,False
Veo,3ba0b62f-a291-50c7-ae44-f34445db44dd,bicycle,39.957417,-83.011386,,25.12,True,False,False
Veo,1a63dc9b-0279-5bf7-b5d7-ad78272a3503,bicycle,39.944246,-83.055708,,13.39,True,False,False
Veo,7f07cc04-b77b-5438-bf29-fc1decc73d4f,bicycle,39.975104,-82.907055,,28.14,False,True,False
Veo,02a3abe4-6f19-5a35-8dec-575cfc972693,bicycle,39.985477,-82.997287,,18.67,True,False,False
Veo,c9565852-cb8b-5ee4-a25f-5fa830e1d940,bicycle,39.939064,-82.940329,,15.18,True,False,False
Veo,dfbdbeae-4a12-52c7-a0be-f0c7c5264292,bicycle,40.101738,-83.113696,,8.09,False,False,True
Veo,3d2227ef-5c0b-5d5a-832b-6e2dc0794970,bicycle,39.974138,-82.972488,,13.86,False,True,False
Veo,5060d7af-55c9-5851-a182-0e84578b0b36,bicycle,39.945768,-83.035341,,28.14,True,False,False
Veo,d8b25520-562c-5f9d-a7ef-1de27285ddbb,bicycle,40.002733,-83.001115,,16.84,True,False,False
Veo,0174a09a-4e30-5b13-9e13-b3654c8bc7e8,bicycle,39.992473,-83.012408,,23.77,True,False,False
Veo,ec55eaaa-dd00-5c2c-91fc-6ad5a2140e9d,bicycle,40.001079,-83.008318,,26.51,True,False,False
Veo,947867f6-5450-5f22-ab8c-b60fb3d1109c,bicycle,40.087835,-83.018193,,6.07,True,False,False
Veo,c6ff6287-91a9-5cee-989f-ca299ebcac9f,scooter,39.996211,-83.029528,,25.94,True,False,False
Veo,1fbe5158-a96a-5018-a747-58244f293444,scooter,40.00195,-82.977357,,24.84,True,False,False
Veo,ecad3e7c-d25b-5c78-882a-5cd14241be22,bicycle,39.956013,-82.945274,,28.01,True,False,False
Veo,59756c30-0d48-5043-8327-861d8c114214,scooter,40.011926,-82.968563,,27.77,True,False,False
Veo,4dcbe8b0-192a-5dbf-a089-3cf92e4de2fd,bicycle,39.958007,-82.965329,,25.34,True,False,False
Veo,4180194a-8443-562a-9d8d-770f05268b7f,scooter,39.998186,-83.009801,,24.06,True,False,False
Veo,032f487f-e7e7-5afe-a192-c365978e8d5d,bicycle,39.983429,-83.003914,,28.14,True,False,False
Veo,bda54d7b-b0e1-50f2-9f06-9815e4a2519f,scooter,40.012409,-82.968252,,27.77,True,False,False
Veo,d912f7c7-e9d0-5350-b714-a2c91ddfc122,bicycle,40.1017,-83.113596,,11.59,False,False,True
Veo,48f61c4b-ef54-5e17-83bd-7f162087e508,scooter,40.015187,-83.013833,,27.77,True,False,False
Veo,426342eb-5a9a-5d95-a6d6-65a543a37ed8,bicycle,39.975349,-82.978879,,14.86,True,False,False
Veo,92a9e359-4147-59d1-b1ec-b6f2b8838555,bicycle,39.994054,-82.983361,,28.14,True,False,False
Veo,2519277f-ad6f-508d-ab78-8b018794d556,bicycle,39.98811,-82.979661,,19.78,True,False,False
Veo,4bea6e9c-9bb8-5e10-b68f-0ae0e06da493,bicycle,39.991848,-83.03407,,14.43,True,False,False
Veo,7688d9ed-a004-5764-b157-7b6a5ca01519,scooter,39.944001,-82.994322,,13.64,True,False,False
Veo,f4bdf95b-3d84-5dfb-add1-342e5cf70fc8,scooter,39.963773,-83.002277,,27.77,True,False,False
Veo,1b4e5b99-4a23-586c-9d08-2fc0144037f2,scooter,39.933702,-82.964059,,11.83,True,False,False
Veo,0f3d451e-8bc4-526c-ae04-040f7080ebfd,scooter,39.926151,-82.96913,,28.14,True,False,False
Veo,41366699-c1da-5aa8-b17a-e1e56431b435,scooter,39.980144,-82.980768,,11.11,True,False,False
Veo,436301a5-fd35-522d-bd9b-ec99790cf4cf,scooter,39.965792,-82.993232,,28.14,True,False,False
Veo,7935ce71-d255-52e4-9469-33ce6166da13,scooter,40.036423,-83.016007,,13.1,True,False,False
Veo,42cae0bf-fd56-52bb-82e1-2f58931c0c73,scooter,40.001825,-83.042322,,20.37,True,False,False
Veo,602973cd-bed9-58f2-ad7c-acd61db106ec,bicycle,39.989199,-82.975489,,9.97,True,False,False
Veo,313875e8-f28e-5659-8c3a-515df2581fbe,scooter,39.900858,-82.998917,,11.83,True,False,False
Veo,3b921470-ab18-5067-bc0b-7dbdd577f221,scooter,39.99221,-83.026004,,20.78,True,False,False
Veo,84700b94-8a31-5f4c-b2a9-d1d0ec29c238,scooter,39.945394,-82.989967,,20.78,True,False,False
Veo,e57b9942-7c4c-5d9b-ae0d-361c99158ba4,scooter,39.965146,-82.990502,,28.14,True,False,False
Veo,40921c05-de56-5218-b2d2-2447b4ed1326,scooter,39.986932,-83.009458,,14.86,True,False,False
Veo,2f528718-3051-56ab-9fc5-d4bb44ee33b0,scooter,39.965397,-82.998898,,11.59,True,False,False
Veo,99580b19-b7a6-5cbb-b779-00f32109f486,scooter,39.958715,-83.013424,,28.14,True,False,False
Veo,7f9d0efc-b68d-5bf0-981f-3952afd2b569,scooter,40.000246,-83.022212,,13.64,True,False,False
Veo,349144f4-5b73-5512-a922-c2ed88e13f29,scooter,39.997259,-82.99586,,28.14,True,False,False
Veo,95051334-84c7-5381-8807-89959dc4ad26,bicycle,39.982079,-82.996311,,26.25,True,False,False
Veo,b31a8911-c7e8-5241-a94d-cd8aaece3d87,scooter,39.962951,-83.002032,,28.14,True,False,False
Veo,c589cf82-f179-505d-bf65-14dc7554197a,bicycle,39.90866,-83.045434,,21.15,True,False,False
Veo,61b478bc-9d1a-598f-b09a-26a9075d303c,scooter,39.961221,-83.002466,,25.34,True,False,False
Veo,ad8bb70e-7aa8-5d29-bea3-8c6846044760,scooter,39.958594,-83.075101,,14.43,True,False,False
Veo,04f3fbbe-0b9f-5419-90c7-b99f1ed3016d,scooter,39.954906,-83.059973,,25.34,True,False,False
Veo,754c119a-bc02-5940-8214-204c3b7fc697,scooter,40.000961,-82.979876,,24.84,True,False,False
Veo,39659ccc-fea4-502c-a6dd-5f40e72b1049,bicycle,39.90205,-82.987867,,14.43,True,False,False
Veo,015fdc77-7287-54b3-9289-3a55ce4afc8d,scooter,39.967535,-83.019226,,25.74,True,False,False
Veo,877f8b1f-8b9c-5e1d-b48e-29a1247da3e5,scooter,39.942438064728975,-83.07684005939859,,0.0,True,False,False
Veo,0ace1b11-273d-5953-936e-cdc177163720,bicycle,39.956529,-82.987835,,28.14,True,False,False
Veo,16b53b98-d3ba-5f39-ac77-aa6508388f74,bicycle,39.94834,-82.972047,,6.98,True,False,False
Veo,39db73d7-843e-5afc-8271-611b33e0d8ee,bicycle,39.986915,-83.009453,,27.02,True,False,False
Veo,a008e247-1868-5b8d-b8d3-ece62d233785,bicycle,39.95159,-82.999207,,14.86,True,False,False
Veo,fac37ba5-cdc7-55ad-a77d-d2f31c82a1af,scooter,39.966551,-83.009011,,13.64,True,False,False
Veo,89dc3985-0b00-5ce7-b45e-26667b75c1bc,bicycle,39.967682,-82.967298,,18.19,True,False,False
Veo,6d2224d2-d02e-589f-92c7-3648d74e2ad7,scooter,40.011253,-83.015454,,28.14,True,False,False
Veo,7f70a5e3-1add-51d0-9d2e-23ed8d6c7be4,bicycle,39.956809,-83.003242,,28.14,True,False,False
Veo,2932b4e3-88a4-594b-a250-571ba3d0f9ec,scooter,39.941995,-82.994937,,28.14,True,False,False
Veo,d6e243e8-f610-503e-864f-f035b078aa7d,scooter,39.98389,-83.004803,,13.86,True,False,False
Veo,d6cedd77-9589-5fde-a242-eca676e16696,scooter,39.974794,-82.96876,,4.14,True,False,False
Veo,73db073c-898b-527b-87bc-9c221a2153e9,bicycle,39.966302,-82.991652,,25.74,True,False,False
Veo,8c6f52f6-ba63-5ec7-b390-7bd7c2f43863,bicycle,39.975872,-82.951051,,28.14,True,False,False
Veo,07f85e7a-efc1-5cda-8c67-78b816e8bba9,bicycle,40.012937,-82.996657,,13.39,True,False,False
Veo,cfbb23dd-8d41-52f1-803b-5a09010b4603,bicycle,39.958627,-83.012789,,14.86,True,False,False
Veo,c7a0e0c9-6ab6-5655-b130-5d0408858c53,bicycle,39.996817,-83.007651,,24.33,True,False,False
Veo,648bff12-84c2-5751-b9a3-8490dfc9deda,bicycle,40.016701,-83.021849,,10.51,True,False,False
Veo,a0d6bcff-47f3-5280-9666-16497e4c39bc,scooter,40.00518236363935,-83.03447969867962,,14.86,True,False,False
Veo,5df13797-227a-5085-a479-ed0b8fff2e83,scooter,39.983869,-83.015689,,28.14,True,False,False
Veo,a4da7446-6331-5c71-8a30-76d7d6a0c342,bicycle,39.960721,-83.011909,,26.51,True,False,False
Veo,8d623f15-7575-51b3-b9f5-835ec42e7ea5,scooter,39.958588,-83.009396,,15.18,True,False,False
Veo,de51f86e-6757-5ad3-87ac-0073fcb95c9d,scooter,39.956527,-82.987792,,17.37,True,False,False
Veo,4f5d2441-d61b-50ab-a2a2-12e2dbb0710f,bicycle,39.953977,-82.951552,,13.1,True,False,False
Veo,71ce950e-69b2-5b80-b994-ba2fa5bf89e2,scooter,39.957472,-83.006636,,28.14,True,False,False
Veo,9a1fd887-86f3-5d01-8370-0468594e3ae7,scooter,39.971615,-83.002429,,11.83,True,False,False
Veo,170f2202-c688-513c-94dc-97b6909c8645,bicycle,39.993675,-83.00933,,28.14,True,False,False
Veo,ce242a12-09b3-5f86-99a2-0ce2acdd5d8a,scooter,40.005836,-83.013877,,6.07,True,False,False
Veo,5a87331b-d607-5854-904b-2819800226fd,scooter,39.952141,-82.981615,,28.14,True,False,False
Veo,1ab68952-5664-5a0b-a9bd-f7e0a166b356,bicycle,39.988992,-83.04766,,14.86,True,False,False
Veo,694e2af1-110a-5b03-91ae-bde1bc0bf5c6,scooter,39.986686,-83.007349,,28.14,True,False,False
Veo,67193dd7-6368-531c-961b-11edfdccfe23,bicycle,40.100739,-83.115356,,28.14,True,False,False
Veo,3a84e8d6-a426-5a8a-822a-053346447132,scooter,39.949425,-82.996508,,25.65,True,False,False
Veo,9b1ee286-8990-538e-8243-1fe973062948,scooter,39.946253,-82.991239,,27.77,True,False,False
Veo,f0ae0e04-f0d9-59d1-b73b-cde3f2714156,bicycle,39.922708,-83.034491,,27.44,True,False,False
Veo,2c63b79b-041a-5b0a-b92f-e9aabd2e1cdd,bicycle,40.005178,-83.008369,,28.14,True,False,False
Veo,082ac387-5d2e-5a15-9e9c-62e60c4f26bd,scooter,40.007455,-83.016304,,7.29,True,False,False
Veo,a73a3cca-7f45-59c9-9645-2f445aab8663,scooter,39.957504,-82.990078,,28.14,True,False,False
Veo,4723aa2d-9a13-510d-9d83-399fb2e1f50c,bicycle,39.988741,-83.00936,,25.74,True,False,False
Veo,4d342a36-0693-50c7-9721-c601911b1b1c,bicycle,39.957635,-83.014496,,7.29,True,False,False
Veo,2dd3a25c-03ee-51fd-bbb7-c541ddd4ec2a,scooter,39.959219,-82.984447,,28.14,True,False,False
Veo,3f923f03-27a7-5cb9-a8dc-fb07078931e1,scooter,40.000662,-82.995821,,24.84,True,False,False
Veo,0b0d420c-5be4-5266-927c-3377eca8dde6,scooter,39.968377,-83.007884,,28.14,True,False,False
Veo,8d0f5771-c536-5bd6-b394-863f403b1ecb,scooter,39.973081,-82.974962,,22.39,True,False,False
Veo,801f7e8d-9501-5c11-99ae-376077ac176c,bicycle,39.979888,-83.023548,,18.19,True,False,False
Veo,a9edbf32-c3a9-5644-af81-d6efde9dd342,bicycle,40.06996,-82.944834,,19.78,True,False,False
Veo,3328b827-93d3-5a75-a800-6f380b6cb3e1,scooter,40.00452,-83.01273,,11.59,True,False,False
Veo,d886374c-a5f4-571f-b997-4f569966b55d,scooter,39.950185,-83.000307,,25.34,True,False,False
Veo,69c6de7a-229b-55fe-86f5-5691d32b9ce9,bicycle,39.994055,-82.983349,,28.14,True,False,False
Veo,ac897ff6-d5fb-5625-9316-6f54b6be1d9c,bicycle,39.950224,-83.000305,,28.14,True,False,False
Veo,55db9548-aefd-5353-a7a3-e4cf474af2fe,scooter,39.947539,-82.986683,,28.14,True,False,False
Veo,bfd11e6a-f546-5912-8d21-bbd3f78a077c,scooter,39.968789,-82.96175,,28.14,True,False,False
Veo,00db3d81-fcaa-5236-b571-1d08a50c6af2,scooter,39.946591,-83.000266,,14.43,True,False,False
Veo,f2140251-cdaf-5461-9418-eb2495261c4c,scooter,39.98916,-83.026785,,11.11,True,False,False
Veo,3229ac83-21ec-5633-8148-087e812e3925,scooter,39.957665,-82.998139,,9.97,True,False,False
Veo,0ea0381a-3f38-5895-bea4-8dfe554a1d50,bicycle,39.95165,-82.995948,,15.18,True,False,False
Veo,fd0c0c5b-820b-5a0d-b5e7-87f81e8c8e75,scooter,39.990608,-83.01375,,13.86,True,False,False
Veo,b5fe305f-d407-5577-a009-236086b3a64a,scooter,39.96519,-83.004794,,7.62,True,False,False
Veo,49f02fb0-5556-52f1-8adc-9b3e84a9b6c9,scooter,39.966172,-83.002534,,16.84,True,False,False
Veo,d4fcaaa5-3f70-5c4c-9c97-1aa9ade9a4a5,scooter,39.998348,-83.009673,,27.18,True,False,False
Veo,55d2c8b2-b45e-55f4-ace1-8632b59818dc,scooter,40.100955,-83.124201,,28.14,True,False,False
Veo,6b14bd38-d2eb-5fc0-a159-71de01fd5bab,scooter,39.966113,-82.991663,,25.94,True,False,False
Veo,ff13b46d-15b1-5866-ad60-9baedcc40d63,scooter,39.993756,-83.005714,,25.12,True,False,False
Veo,33f8df26-ccb3-5717-a9cb-063f5bd85572,scooter,39.965118,-82.990435,,28.14,True,False,False
Veo,78a067de-62f6-50f8-8a44-42a233f3e2ff,bicycle,39.96133,-82.954453,,26.78,True,False,False
Veo,42804db4-3edb-53ec-811d-d1d0a89d4c24,bicycle,39.966728,-82.998959,,16.84,True,False,False
Veo,7287c9b4-2e73-5449-86e8-b2e0c6328810,scooter,40.002073,-83.012046,,7.62,False,False,True
Veo,12a93065-8de2-5a4d-8bc3-a01e58699fe4,scooter,39.984367,-83.029131,,27.77,True,False,False
Veo,8793505a-045d-5ca9-bacc-7744fc0c5a05,scooter,39.99758,-83.015003,,22.39,True,False,False
Veo,fe34c421-cc16-5137-9115-05fe96222ef7,bicycle,40.006628,-82.997255,,24.06,True,False,False
Veo,42008282-ba70-5510-894d-04c244f55724,scooter,40.009203,-82.999911,,13.39,True,False,False
Veo,fdee5f1d-70c5-5bb4-b285-fb70b8ea3e9c,scooter,39.987229,-83.010004,,28.14,True,False,False
Veo,ec2ac937-6060-5198-bf2d-8fdcb443a164,bicycle,40.010798,-82.969794,,25.65,True,False,False
Veo,d35d7e70-d5da-5527-aa56-57fb03370eca,bicycle,39.954892,-82.999117,,10.79,False,False,True
Veo,15b6a260-ea05-5e9a-a27f-2b2dc5e9ac94,scooter,39.969858,-83.003817,,11.83,True,False,False
Veo,d831b683-7936-5562-98db-2de71b5da844,scooter,39.993535,-82.981129,,28.14,True,False,False
Veo,b803f0a8-1266-5660-822e-077f2207bec9,scooter,39.93027,-82.994153,,28.14,True,False,False
Veo,d2a0431a-040d-5615-a17c-8883b0050653,bicycle,40.009285,-83.014304,,27.77,True,False,False
Veo,6d846fdb-be5f-50de-9dcb-c48662793b29,scooter,39.994707,-83.005573,,28.01,True,False,False
Veo,bc91d18f-6a7a-556d-85f4-9079b29fccb1,scooter,39.942865,-83.045195,,22.39,True,False,False
Veo,4821be01-55b4-5590-9b07-b0207bf5b147,scooter,39.98902,-83.04749,,12.28,True,False,False
Veo,343d5a21-d997-55e1-be88-605be0781506,scooter,40.005699,-83.011661,,22.39,True,False,False
Veo,40e3f064-7971-5a49-8878-975d81a8666a,bicycle,39.971407,-82.949383,,7.29,True,False,False
Veo,533e385a-ad07-5698-8e8f-dd124251027a,scooter,39.984307,-83.025079,,2.36,False,False,True
Veo,972dd53d-8893-5988-81db-66ba4c49579f,bicycle,40.001188,-83.005488,,28.14,True,False,False
Veo,d3248b5f-76c5-56f2-a081-436f77169757,bicycle,39.99679,-83.00812,,28.14,True,False,False
Veo,e9c36bb8-f487-5e91-92d4-12d1648cfe0e,scooter,40.0007,-82.986359,,28.14,True,False,False
Veo,93efdb3f-e836-5903-95c3-815018d1b534,bicycle,39.923926,-82.993345,,27.77,True,False,False
Veo,8b277290-9040-543a-95f5-aa42f0c307de,scooter,39.942721,-82.983429,,19.78,True,False,False
Veo,27b2efab-ef2f-5d68-8267-f9bf8e7423e5,scooter,39.952255,-82.981636,,22.7,True,False,False
Veo,7c2f5944-78e5-5075-9c9c-5aa7440c6ed8,scooter,39.972176,-82.97742,,28.14,True,False,False
Veo,2643d708-e1a0-5295-a47e-a956840eca23,scooter,39.984699,-83.026504,,9.02,True,False,False
Veo,f12f2173-c67b-526c-b509-46ab0e354013,scooter,39.913565,-82.992595,,17.37,True,False,False
Veo,334b73dc-20bf-5cd7-86ad-14191de625ed,scooter,39.970338,-83.00218,,11.34,True,False,False
Veo,6077f4cf-c03b-5fd2-8abc-e82985d7fff7,scooter,39.967946,-83.010591,,19.05,False,False,True
Veo,628e39c2-7f16-5e2b-994f-02713f0022f6,scooter,39.998822,-83.009803,,15.18,True,False,False
Veo,7c51fd87-803c-5dc8-878a-7bde205af119,scooter,40.011993,-82.968565,,25.12,True,False,False
Veo,2693e927-e98e-5866-a263-f8bbfb4a67a4,bicycle,40.012122,-82.976924,,12.52,True,False,False
Veo,2d8b8173-da00-5d5a-a08d-15e592b4f784,bicycle,39.967964,-82.974175,,25.74,False,False,True
Veo,c1758941-a169-5495-a9d4-504d86b2ea10,bicycle,39.963286,-82.953192,,9.02,True,False,False
Veo,dc88ec9b-d2f5-58b4-bb22-b9e338694899,bicycle,39.925665,-82.941667,,28.14,True,False,False
Veo,e41f07ac-75b3-56db-bc06-b8610a71fef8,bicycle,39.952063,-83.003242,,17.89,True,False,False
Veo,a025c7ac-008e-51d2-9bbc-368d073742d2,bicycle,40.004834,-82.974788,,24.33,True,False,False
Veo,f3690ee0-5bbb-52b7-a502-23a8c4a2c9b4,bicycle,39.971007,-82.97007,,27.77,True,False,False
Veo,59e3cd16-b396-5aac-b653-621a6ecf2855,bicycle,40.038367,-82.995596,,22.39,True,False,False
Veo,f8088de5-6285-53c7-b2fd-6380dac464d7,bicycle,39.994197,-82.98354,,26.78,True,False,False
Veo,c28d28bd-c4a2-5e0e-bfe6-af3958f13a94,bicycle,39.96883,-82.998484,,13.1,True,False,False
Veo,984460a1-5085-56cc-8e51-535406fcddde,bicycle,40.06475,-83.125583,,9.29,True,False,False
Veo,21dff937-ef41-5f8d-bacf-b4839071312c,bicycle,39.942564,-82.966654,,1.15,True,False,False
Veo,22286cff-9395-5c45-aa4a-68dc160f2f43,bicycle,40.034813,-82.988703,,13.39,True,False,False
Veo,48318535-a1db-5d41-8ae4-ac6c2c0cc2d3,bicycle,39.985768,-83.000834,,18.19,True,False,False
Veo,bbf91bdd-1fa6-55eb-a838-96630edcefde,bicycle,39.946627,-83.000225,,14.43,True,False,False
Veo,79d9ed7f-a74e-5967-a654-cf67d08a5d96,bicycle,39.9626873574518,-83.07143543301848,,0.0,True,False,False
Veo,02cf05d8-bb0a-5ae2-adb5-e9897b183b3e,scooter,39.965318,-82.984586,,14.17,True,False,False
Veo,d716b189-c519-5471-88f1-d96552dc9a60,bicycle,39.955853,-82.871025,,13.86,True,False,False
Veo,f901e84d-8c83-5bad-845e-3a86628f3a25,bicycle,40.015429,-82.982576,,12.28,True,False,False
Veo,92f4752a-e3b6-518d-9690-3c9d4686f4f5,bicycle,39.97095,-82.970061,,8.09,False,True,False
Veo,721a817f-58ea-5815-b871-d04836e1bf52,bicycle,39.963293,-82.953222,,13.64,True,False,False
Veo,b9a61916-c3a6-57c4-8e30-f9fc764b61a2,bicycle,39.942671,-82.972065,,28.01,True,False,False
Veo,c764b078-281f-574e-bac3-022876bbc33b,bicycle,39.961749,-82.981556,,28.14,True,False,False
Veo,c25ea72c-a9bd-51aa-85bf-4d6f94dcff91,bicycle,39.954683,-82.907342,,19.39,True,False,False
Veo,d037ac50-995f-56ae-a87d-6e369a2f209c,bicycle,39.949578,-83.02062,,15.89,True,False,False
Veo,9df632c1-f9cb-5057-a7f4-1a1208b0b3b5,bicycle,39.930132,-83.05036,,24.06,True,False,False
Veo,e211efad-ac98-559c-a2af-9666e5f860ce,bicycle,39.957392,-83.011374,,21.49,True,False,False
Veo,99d7dc1a-9c17-5900-960b-b2c7c3e246ff,bicycle,39.987043,-83.006648,,28.01,True,False,False
Veo,d4eda9dd-efe0-5555-a7a6-33a9dae9f66d,bicycle,39.94458,-82.989636,,27.44,True,False,False
Veo,18cfa4a1-8de0-5f8f-8315-27122cb7c098,bicycle,39.958784,-82.999914,,20.78,True,False,False
Veo,eb4bb95e-b3cd-5add-a8b0-6b07b134c023,bicycle,39.976167,-82.879394,,22.39,True,False,False
Veo,df3300b5-1efc-5a9d-ad8b-809153ad00e0,bicycle,40.01327,-83.004396,,13.86,True,False,False
Veo,1bb24a9a-41b5-58a1-96f9-c2526be5e679,bicycle,40.020199,-82.965472,,11.34,True,False,False
Veo,1cc05bff-2abb-5f0e-9fff-54e7f60883af,bicycle,39.948789,-82.984653,,28.14,True,False,False
Veo,aa51c638-8792-511e-b200-3b3e0159afb1,bicycle,40.004335,-83.006725,,9.02,True,False,False
Veo,bf04cc42-ad44-5778-a74a-63db7a02a2c1,bicycle,39.986235,-82.997243,,11.59,False,True,False
Veo,9c1802f5-2e78-5e5e-b6b9-79d0c67fb017,bicycle,39.979967,-83.004084,,26.78,True,False,False
Veo,684d7f51-3ecc-581f-9681-21e3acc5de31,bicycle,39.924416,-83.054822,,1.56,True,False,False
Veo,95113090-24be-54ff-be11-35613aa69f40,bicycle,39.959186,-82.978603,,26.51,True,False,False
Veo,f986c328-557b-5d04-b805-57d15a30f75d,bicycle,39.949999,-83.001617,,22.39,True,False,False
Veo,215ff04d-0033-5b8e-a958-00920b25d8dd,bicycle,39.997348,-83.007099,,26.51,True,False,False
Veo,48afed53-23a7-5053-b17c-c7f69b9bff2a,bicycle,39.982042,-82.949901,,28.14,True,False,False
Veo,a2fc109a-6a28-5e33-b68e-fe820504a758,bicycle,39.962048,-83.004052,,28.14,False,True,False
Veo,25ae3016-f5c8-59bb-a79e-d8cd0ff33b8b,bicycle,40.063229,-83.045896,,24.06,True,False,False
Veo,5ef12b4a-59bd-5fe5-ba5b-bc19ad0ac9a2,bicycle,39.994278,-83.00645,,14.43,True,False,False
Veo,90389ba0-c7c1-57de-b17e-f8ec562318d7,bicycle,39.943443,-82.996223,,28.14,True,False,False
Veo,fc0d2e76-765e-5087-a325-812a4dda919d,bicycle,40.014906,-82.988887,,22.7,True,False,False
Veo,aee175aa-757e-52e1-aa78-79f1ab3e1d71,bicycle,39.955499,-82.970179,,27.77,True,False,False
Veo,db86327a-c491-5b1a-8955-b19110e8551f,bicycle,39.956847,-82.928516,,17.37,False,True,False
Veo,c8a11fa5-6b36-5a32-9a39-47bca85f09e5,bicycle,39.961881,-82.988068,,15.18,True,False,False
Veo,c0e090d1-bfea-5575-9695-a0e596bd5246,bicycle,40.032248,-83.0318,,13.39,True,False,False
Veo,b5a09033-b9e3-5400-85ba-d5bef1f5ba04,bicycle,40.013764,-82.997328,,28.14,True,False,False
Veo,9cb27d0c-f3b1-5be1-90bb-0db29a601e5c,bicycle,40.036334,-82.967083,,14.61,True,False,False
Veo,72207901-ae03-5d2f-9ee8-18963cad6c63,bicycle,39.959089,-83.066119,,11.34,True,False,False
Veo,40be708e-fcd0-5d41-b8a3-9cc88d14c2e1,bicycle,39.987038,-82.99951,,14.86,True,False,False
Veo,7bcb5728-fff5-5ae4-8cbe-18d6c8b1db4e,bicycle,40.105741,-83.104816,,27.77,True,False,False
Veo,4c286e01-788b-5fcc-9a3a-8774165e490e,bicycle,39.985294,-83.115466,,28.14,True,False,False
Veo,fefa707e-3f84-5840-9351-c8e0718bcd9b,bicycle,40.099995,-83.11716,,25.65,True,False,False
Veo,c971d126-6368-516d-9c32-87cccabf0890,bicycle,39.975539,-83.004325,,27.02,True,False,False
Veo,b59ca960-1538-5215-bee8-89c6685d50bb,bicycle,39.960708,-83.012477,,6.31,True,False,False
Veo,174fc864-3216-576e-b597-dabe1abf08f1,bicycle,40.025593,-82.979569,,23.02,True,False,False
Veo,badad5c7-71fc-5249-a6f1-10984a30097d,bicycle,39.925667,-82.941672,,26.51,True,False,False
Veo,813e513e-1212-5c70-8312-add23392956c,bicycle,40.024098,-82.982624,,7.62,True,False,False
Veo,492966ef-17b9-596d-b074-1ebd0a0c9c33,bicycle,40.066865,-83.066975,,4.78,True,False,False
Veo,d5291a2f-129a-5c12-9615-67d99e92431a,bicycle,40.104855,-83.110113,,11.34,True,False,False
Veo,4d1ebd08-18a7-5001-b479-b934e114f95d,bicycle,39.977596,-83.002612,,25.34,True,False,False
Veo,e4d7e089-d633-5626-ab9d-a3142529874b,bicycle,40.000817,-83.015548,,28.14,True,False,False
Veo,9415e1ca-b984-5564-92b7-c2a9df3bc894,bicycle,39.970946,-82.970181,,26.78,True,False,False
Veo,ec168537-e38f-5daa-937c-9356730f49da,bicycle,39.913957,-82.950988,,25.12,True,False,False
Veo,7ab35513-0952-55b2-aecb-777df8ab112c,bicycle,39.960046,-83.011887,,28.14,True,False,False
Veo,d87eeb24-c339-59b8-86ed-d4b4b3225190,bicycle,39.922085,-82.895553,,3.67,True,False,False
Veo,89aa7b59-8d41-5e05-b0ba-3e041dac303c,bicycle,39.948486,-83.065128,,1.83,True,False,False
Veo,dec20ab7-6991-579c-b993-4387748cbb75,bicycle,39.99477,-83.02625,,12.87,True,False,False
Veo,34b48fd0-1d40-5f7d-a692-b8ee3be7f91f,bicycle,39.975155,-82.970704,,24.06,True,False,False
Veo,adfb59a0-c1df-5fe9-98c2-9d468c2a79c6,bicycle,39.975864,-82.969593,,28.14,True,False,False
Veo,f73ea9ae-f75b-5fc4-b073-a2d913ad9cec,bicycle,40.004035,-83.013939,,13.39,True,False,False
Veo,7c10bdfd-1f56-5e24-92f5-e8a05092a367,scooter,40.009309,-83.041298,,13.64,True,False,False
Veo,c7dc0962-9fbe-5de7-93a7-7b79fedbf3ee,bicycle,39.965953,-82.963407,,1.83,True,False,False
Veo,6702d3a7-94ff-5f36-885a-75fcf7f6cdda,bicycle,40.007712,-83.018289,,0.33,True,False,False
Veo,a312fa6f-a7c8-5ece-80ed-fd130f6edc97,bicycle,40.040785,-82.94402,,12.52,True,False,False
Veo,d50fa9aa-923a-509a-8275-fb433641c097,bicycle,39.982312,-83.01857,,9.02,True,False,False
Veo,343756df-bc90-5fcc-83ea-a696b5b9c17d,bicycle,39.93947,-82.913014,,9.97,True,False,False
Veo,514a88fc-a00a-5e07-a21c-4e05a11f8db1,bicycle,39.957387,-83.011358,,28.14,True,False,False
Veo,823287fc-46f7-51f6-9ca8-007a5b9f019f,bicycle,39.972148,-82.902426,,8.43,True,False,False
Veo,10e76c59-fd13-591b-bfbe-9146de261b1e,bicycle,39.946606,-83.000228,,18.19,True,False,False
Veo,6761acb1-026e-5620-9e4f-4174ba7f3d06,bicycle,39.994999,-83.009425,,24.06,True,False,False
Veo,1dadc651-8d8c-52ad-a28d-5765fc1ea098,bicycle,39.988863,-83.052694,,28.14,True,False,False
Veo,e1bde84b-b780-5efd-bb37-3b9995502fb9,bicycle,39.961015,-83.003343,,22.7,True,False,False
Veo,bc3e592d-70db-5696-a7c3-9e4bcebe10c2,bicycle,39.95597430937981,-82.90994889784977,,13.86,False,True,True
Veo,a6ff9c41-9a09-5309-9839-98eaa32533c8,bicycle,39.969358,-83.018509,,28.14,True,False,False
Veo,844968e1-edaa-542d-937d-f8b857c5fdb1,bicycle,39.943277,-82.907988,,28.01,True,False,False
Veo,98a11383-5397-5db2-9bf8-367b9b0e8e35,bicycle,39.965568,-82.960318,,11.83,True,False,False
Veo,c604ec07-fcec-5498-bc9f-1bf38a84a650,bicycle,39.986264,-82.910096,,28.14,True,False,False
Veo,e33d4841-b04d-532a-aa24-2bc5f421a84f,bicycle,39.987777,-83.028549,,28.14,True,False,False
Veo,d96000b8-d240-5240-96c2-de49ba387a91,bicycle,39.99274,-83.039809,,10.51,True,False,False
Veo,cc06f564-2e7f-56f5-bf34-1c0d043b096a,bicycle,40.1045,-82.980546,,25.74,True,False,False
Veo,3a7fda56-094a-51dc-bd57-73cd38097e5c,bicycle,40.101558,-83.089055,,28.14,True,False,False
Veo,a7d1d7f5-1ef0-568a-967c-da3ec349677b,bicycle,39.991205,-83.026137,,22.05,True,False,False
Veo,efc12903-e3a7-5c37-89d4-79dff389a433,bicycle,39.951267,-83.010844,,14.43,True,False,False
Veo,497d30d6-d7b5-532a-86d4-c0fcde32eae3,bicycle,39.932098,-83.04246,,22.05,True,False,False
Veo,db4fccd0-66e2-5479-aed0-e9e2355a52ab,bicycle,39.993265,-83.020231,,28.14,True,False,False
Veo,cfe77aab-19b7-5ec6-8c6b-86b38cffd428,bicycle,39.958519,-83.002861,,27.44,True,False,False
Veo,65112fff-172c-50fe-a5b2-00e6983d51dc,bicycle,39.950375,-82.958593,,14.43,True,False,False
Veo,0214ad36-61f5-54dd-965d-035e53d391b3,bicycle,40.092264,-83.077927,,28.14,True,False,False
Veo,5bc6c116-55b5-5f59-87cd-b98a1cd19115,bicycle,39.988234,-83.027988,,20.78,True,False,False
Veo,2e651a85-095f-528d-86a8-5a76208169fe,bicycle,39.994877,-83.004742,,7.29,True,False,False
Veo,aa2924ae-dce2-5130-b58a-742af22a21aa,bicycle,40.00475,-83.01051,,19.39,True,False,False
Veo,6782ecc6-158d-5ba7-947e-a66e55a04ed6,bicycle,39.950271,-82.993798,,28.14,True,False,False
Veo,5a1fae19-b7fe-543b-9b6c-ab9486fce90f,bicycle,40.100849,-83.109878,,3.81,True,False,False
Veo,4ca2968f-68e4-597c-bfc4-893e62546628,bicycle,39.969203,-82.982723,,13.1,True,False,False
Veo,82fdc0b2-477f-5799-b0f0-cda18e73b149,bicycle,39.980904,-83.001931,,25.74,True,False,False
Veo,29c2fe7b-07c1-5fba-be2f-87c6bf8e5d3f,bicycle,39.999512,-83.040768,,28.14,True,False,False
Veo,a64a9f12-8481-5e66-a968-f28dc3fe8fc1,bicycle,39.994729,-83.007258,,12.52,True,False,False
Veo,e07f16e4-a464-5fa5-84e4-768fd94945f6,bicycle,39.957394,-83.011404,,28.14,True,False,False
Veo,024c330b-c77f-5237-99df-e65b36ce0ada,bicycle,39.94749,-83.049301,,24.33,True,False,False
Veo,69955fef-3da7-54e1-87fe-d619b61c50ec,bicycle,39.95565,-82.949253,,12.52,True,False,False
Veo,bf92f36d-b34f-5593-99f2-224a0e725429,bicycle,40.075419,-82.909017,,13.39,True,False,False
Veo,7ae0b672-3089-5460-89cd-8bf7cb7c7be2,bicycle,39.957739,-82.977912,,14.43,True,False,False
Veo,bf9c3058-f5e6-5a5e-b905-4c2e588040f2,bicycle,39.974452,-83.022789,,14.61,False,True,False
Veo,3265b836-99d3-5fcd-b8ff-0b3bcfb95513,bicycle,39.970326,-82.956863,,16.39,True,False,False
Veo,f3afe01d-3877-5a68-87b3-66a31e295d03,bicycle,39.980982,-83.004343,,26.78,True,False,False
Veo,e0006f7d-d514-5454-8392-e5a6ff991593,bicycle,39.964673,-82.94823,,19.78,False,False,True
Veo,57387a5a-d016-54d1-bb42-b9a54192effd,bicycle,40.088054,-83.104506,,28.14,True,False,False
Veo,64eb8342-0a56-55ff-8ea3-e39dc8631183,bicycle,39.945491,-82.937448,,20.78,True,False,False
Veo,6801fe1a-5ed0-5736-b0e4-7c14ef374e82,bicycle,39.995083,-82.960761,,25.12,True,False,False
Veo,eb950ade-dd7a-5720-a095-f854d51c71c3,bicycle,40.05467,-83.006561,,25.74,True,False,False
Veo,43e4729a-f4ea-5ef5-bf68-4c2c90971571,bicycle,40.00224,-83.0085,,11.59,True,False,False
Veo,25f06cb6-900a-5a23-9f6b-2b686808c9b6,bicycle,39.967394,-83.014349,,16.84,True,False,False
Veo,72d2f371-2106-5369-8d9d-4d88e224357c,bicycle,39.966234,-82.975191,,14.61,True,False,False
Veo,0e9cde9f-6352-54d6-bfeb-fbdea83380b2,bicycle,39.931427,-82.947039,,24.33,True,False,False
Veo,1385e628-5377-5cc9-a8b0-a8f18a46791b,bicycle,39.973244,-82.946907,,15.45,True,False,False
Veo,68a8ac26-3c16-59c4-a3d1-d77feaa142d7,bicycle,40.002619,-83.014588,,11.59,True,False,False
Veo,edaf0388-46a0-52e7-bdd9-8f65b0f58e63,bicycle,39.927989,-82.964432,,25.94,True,False,False
Veo,691824ec-7e6b-5711-9a4d-4fa7b29a794b,bicycle,39.957893,-82.910495,,25.94,True,False,False
Veo,cb72b23e-5f97-5409-881a-d60f85af60aa,bicycle,39.913167,-82.993959,,25.74,True,False,False
Veo,de17b4cc-b065-549e-b673-7e920c59d402,bicycle,39.973434,-83.002803,,3.67,True,False,False
Veo,5aac1642-8877-5694-8459-3062eeeae866,bicycle,39.988612,-83.039238,,16.39,True,False,False
Veo,80f1201c-b8bd-51ec-83c7-449a35209013,bicycle,39.927529,-82.965108,,28.14,True,False,False
Veo,29356c58-d0b5-52d1-bd90-304ca6e0ded9,bicycle,39.956681,-83.042485,,25.65,True,False,False
Veo,0a2cc785-41c6-5ed0-90bb-72d280477539,bicycle,40.081323,-83.119334,,28.14,True,False,False
Veo,a868f388-627f-5ce3-9b32-fe2ea6d7cca1,bicycle,40.100593,-83.115447,,28.14,True,False,False
Veo,54b7c48c-c6f1-5199-bda6-78a6baccb6e3,bicycle,39.990584,-82.999398,,6.31,True,False,False
Veo,5aa525ce-c74a-5a6e-8c48-57d04a36cbd3,bicycle,40.044449,-82.955761,,23.33,False,False,True
Veo,c73ff226-a229-5266-8c4f-88f954ead06e,bicycle,39.967594,-82.965356,,23.02,True,False,False
Veo,2667ddb4-e854-57a4-9e72-5b20c2401d06,bicycle,40.1018,-83.113869,,1.83,False,False,True
Veo,0d469e5f-00d7-53c2-b709-f0010a7ff0a8,bicycle,39.967975,-82.961789,,15.45,True,False,False
Veo,ca522528-175d-5688-8218-ea7f4dea80e9,bicycle,39.982539,-82.986668,,7.29,True,False,False
Veo,cd648d4f-dc9b-511e-8b50-d5c28bbb59f1,bicycle,39.998311,-83.031822,,13.39,True,False,False
Veo,8ee0959e-9134-584d-bcb3-196d086978d0,bicycle,39.952127,-82.87333,,28.14,True,False,False
Veo,3eace3d2-4be7-5517-a28a-902596e2aaf7,bicycle,39.977539,-82.925249,,14.17,True,False,False
Veo,a6c3554a-8eed-567a-9a6c-4f82e965a79f,bicycle,40.039343,-82.963469,,13.86,True,False,False
Veo,c98e06be-f7f1-58cb-90ee-a83031fead7d,bicycle,39.959619,-83.037201,,4.92,True,False,False
Veo,4942e32a-b3b0-53cf-b5ae-361b40d36c49,bicycle,40.081703,-82.986407,,12.07,True,False,False
Veo,9c26578f-66b9-5694-af4c-6304d7989d50,bicycle,39.998579,-83.00783,,12.52,True,False,False
Veo,608610de-399e-50bb-80f0-d052a65569eb,bicycle,40.041319,-82.944942,,13.64,True,False,False
Veo,29c7b90b-787f-5bdc-a155-05970820d667,bicycle,40.017299,-82.990855,,24.84,True,False,False
Veo,3a2ab189-d868-5e7e-81e1-2f8497cffde2,bicycle,39.95739,-83.011329,,25.74,True,False,False
Veo,4915f369-5ada-536f-a451-d39ab6b8b731,bicycle,39.997702,-83.02973,,20.05,True,False,False
Veo,05f78207-0482-5720-9bb7-ce8dd0ad5a7b,bicycle,39.933288,-82.996022,,24.06,True,False,False
Veo,259faa5a-d856-5845-a6e9-766c2da82c57,bicycle,39.946604,-83.058604,,6.98,True,False,False
Veo,10e387db-ed44-52b5-976d-162f0629c5c7,bicycle,39.977157,-83.000523,,22.39,True,False,False
Veo,c9ab8470-6d84-5438-9335-d138cb813f26,bicycle,39.974143,-82.972543,,11.83,True,False,False
Veo,2da9faeb-f614-5e33-b10f-d65dcdf557fc,bicycle,39.980137,-83.004217,,5.83,False,False,True
Veo,bbab79e3-b173-5fb3-bb61-4c7b3314ded9,bicycle,40.007008,-82.968937,,28.14,True,False,False
Veo,ea66a15e-741f-50e6-ac87-ee2b74833301,bicycle,39.958979,-83.013072,,14.17,True,False,False
Veo,edac6f7c-29b6-5d7e-bb02-ffcab2bcb2ef,bicycle,39.950463,-82.959091,,18.67,True,False,False
Veo,85fb68d1-a02d-54c3-8c34-546d17c4c095,bicycle,39.956607,-83.013551,,24.33,True,False,False
Veo,43a11c64-00ee-50fa-9f22-b47f607b51e0,bicycle,40.062718,-83.04064,,13.1,True,False,False
Veo,f28b4211-9d0e-5463-83d2-063013ccaec6,bicycle,40.000745,-82.9864,,14.17,True,False,False
Veo,206d6040-1987-56b6-b6d6-767e8a62044d,bicycle,39.945597,-82.97212,,13.86,True,False,False
Veo,2adf83fe-ee11-59b3-a277-54ce89dc36a3,bicycle,39.956064,-83.067776,,28.14,True,False,False
Veo,8a7a4268-68fa-55ed-a4e5-f5d49f02f050,bicycle,39.954502,-83.012399,,28.14,False,True,False
Veo,ef713192-3ad2-5402-ab06-1031ff415c2b,bicycle,39.965861,-83.004891,,18.67,True,False,False
Veo,5df2b7e3-ad99-5972-9674-c7213063cd4d,bicycle,39.876295,-82.967378,,1.15,False,False,True
Veo,f2390b3d-e813-598c-8972-777bc80d7750,bicycle,39.946234,-82.999295,,28.14,True,False,False
Veo,7874a02a-0fcf-5af0-b3f4-a23dec9b12aa,bicycle,39.996998,-82.99995,,24.84,True,False,False
Veo,15aede98-099f-55c1-bd2c-e26e8144d3ac,bicycle,40.102897,-83.140776,,17.89,False,False,True
Veo,80adc921-09f8-5266-98fb-d3cf598655e0,bicycle,39.94271,-83.045186,,28.14,True,False,False
Veo,3bb42c17-2e22-5b2c-bb11-ef1dfa29ffab,bicycle,40.006543,-83.008581,,22.05,True,False,False
Veo,1b70f535-5a36-5752-af08-c004204da66a,bicycle,40.10168,-83.113418,,25.65,False,False,True
Veo,2766d35b-8c65-53a6-9bfe-a96b5d41ac83,bicycle,39.993975,-82.983402,,27.02,True,False,False
Veo,74c07290-42e0-5a4e-b648-4a4aee962573,bicycle,39.947199,-82.97657,,14.86,True,False,False
Veo,af405b53-a3c7-5cd1-9993-4c6e4cb6502c,bicycle,39.967966,-82.961754,,25.12,True,False,False
Veo,b6527958-d71c-5a8d-989e-594770df03f0,bicycle,39.99769,-83.029744,,28.14,True,False,False
Veo,51c5fe82-c397-5110-9432-f2614c1c63ca,bicycle,40.01447,-82.982828,,0.33,True,False,False
Veo,77c58108-3f18-5133-859d-5215afe7bb97,bicycle,40.103926,-83.108917,,28.14,True,False,False
Veo,a0b9d162-c3c3-5e24-868e-c99ebb53c1af,bicycle,39.995961,-82.979218,,28.14,True,False,False
Veo,c76cc778-a925-5f26-9036-eaebc5b69594,bicycle,39.961145,-83.028633,,19.05,True,False,False
Veo,3fe2fefc-7c3a-5a48-9714-3f8774d1716d,bicycle,39.961617,-83.034212,,5.59,True,False,False
Veo,5d524b12-8370-5f30-9ede-44e9c58fee87,bicycle,40.047253,-82.94436,,22.39,True,False,False
Veo,89c4aaa8-1cd2-51f6-bee0-b0659faa2a49,bicycle,40.015351,-83.008666,,18.19,True,False,False
Veo,33ad1473-0314-50be-9a97-91b1fcada5fc,bicycle,39.957658,-82.945903,,8.43,True,False,False
Veo,4dfba883-9cb2-5423-8d47-2b0f0d407168,bicycle,39.953181,-82.974912,,21.49,True,False,False
Veo,c328acac-764a-5e5f-88c5-620f8290f5d2,bicycle,39.992012,-82.99836,,15.89,True,False,False
Veo,b631d63d-4cfc-5cec-8dde-b70a6788c886,bicycle,39.947373,-82.980198,,15.89,True,False,False
Veo,e24eded2-838d-5258-a156-3a73cf88b1b8,bicycle,39.961697,-83.001776,,28.14,True,False,False
Veo,89e94750-7ae1-5e5f-8986-2d91810be314,bicycle,39.976355,-82.966615,,11.34,True,False,False
Veo,3409f508-c508-5dd5-95db-fe11b932eafe,bicycle,39.991381,-83.016373,,28.14,True,False,False
Veo,ccf396e5-1b1e-59c7-a698-2832fc9895c5,bicycle,39.934982,-82.992862,,28.14,True,False,False
Veo,e04290e8-160d-5493-9327-94e06fb8beda,bicycle,39.981619,-82.983486,,28.14,True,False,False
Veo,e1769b52-e647-5e57-bda8-1b7145f2230a,bicycle,39.992892,-83.043357,,24.06,True,False,False
Veo,a67f097c-4305-5949-ba24-504acf9c8b21,bicycle,39.95692,-82.993628,,14.86,True,False,False
Veo,fb2112ac-21ce-5a65-8359-95815ba807f9,bicycle,39.988289,-83.027983,,25.74,True,False,False
Veo,8c4bb080-90c3-5387-b7f5-c9eb99697e7e,bicycle,40.01956,-82.945658,,26.78,True,False,False
Veo,4f5eadf0-b7fc-5ca1-8b99-fcc095368286,bicycle,40.005888,-83.014505,,28.14,True,False,False
Veo,ffa4dd34-c491-5ae1-b908-8f59cbe53836,bicycle,39.948323,-82.972102,,14.43,True,False,False
Veo,7d27cd23-70b1-5d66-a626-33f56f7834b8,bicycle,40.023332,-83.044235,,10.79,True,False,False
Veo,8d684a73-f35b-5fd5-b2f7-fb4dc9f4095f,bicycle,39.955107,-82.961608,,28.14,True,False,False
Veo,06656422-2ebd-503d-a220-dc6128c8baa3,bicycle,39.948508,-83.095064,,10.31,True,False,False
Veo,89983e99-537e-52f0-9d0e-af28cd5b9f97,bicycle,39.965436,-82.965972,,28.14,True,False,False
Veo,080cb384-e30f-596f-8c70-c2f333bcd627,bicycle,39.995998,-83.019568,,28.01,True,False,False
Veo,6bd2ee95-015b-54db-b368-20dde7b08dea,bicycle,39.965678,-82.995565,,2.79,True,False,False
Veo,13002993-20af-5aa0-bce8-30b9e31b0dd0,bicycle,39.965468,-83.000267,,28.14,False,True,False
Veo,8548b4ab-fb0b-5dc1-bca6-370e7fdbe181,bicycle,40.006287,-83.016219,,14.61,True,False,False
Veo,27b86875-8b3d-53fe-8f2d-b8239b066732,bicycle,40.073679,-83.019935,,11.83,True,False,False
Veo,9b6ef127-c0a7-5898-8b34-b62ff45a5841,bicycle,39.955731,-83.012659,,28.14,True,False,False
Veo,59eb7b72-c76a-5721-9f86-3dc0e7bb90a2,bicycle,40.01098092649133,-83.02843736492379,,0.0,True,False,False
Veo,d6f137d6-3b37-5e79-b338-664c8b3903e8,bicycle,40.020329,-82.965713,,6.07,True,False,False
Veo,76219c8e-5692-5c18-bf5c-01262f91560a,bicycle,39.960089,-83.011639,,14.43,True,False,False
Veo,9fc03c41-107b-5c51-82d1-762165ba1885,bicycle,39.992689,-83.034087,,27.77,True,False,False
Veo,79822d51-0d0e-54e0-a360-2bd56dfea6c0,bicycle,39.9753,-82.963166,,28.14,True,False,False
Veo,b00a6ff8-8092-52ef-8ab6-cc4bc210c8df,bicycle,39.974803,-82.990187,,26.51,True,False,False
Veo,e50cc458-eace-5277-80a6-b5f6ca2a90cd,bicycle,40.010702,-83.004445,,14.86,True,False,False
Veo,36a09aeb-f2ea-5242-9249-cb7e23085167,bicycle,40.006579,-83.008591,,26.25,True,False,False
Veo,7375c6e4-fa7b-5b69-af5a-24d98638b9e9,bicycle,39.96905870531153,-82.9997938057508,,28.01,True,False,False
Veo,c6ea0ed5-21c3-592d-93d5-b47701f89506,bicycle,39.95457,-82.989784,,10.31,True,False,False
Veo,ba9e6874-71f7-53d7-a6aa-c5c641fdcee9,bicycle,39.90038,-82.996353,,27.44,True,False,False
Veo,4558d3db-fabf-5f7f-b25c-558bd00dcedf,bicycle,39.962314,-82.959964,,28.14,True,False,False
Veo,57b76d4f-cc0a-58b7-a4c2-822626f929e6,bicycle,39.961643,-83.028455,,21.77,True,False,False
Veo,7a6388c6-c44d-5012-9971-ad2e51f32111,bicycle,39.93179027,-82.97025935,,19.78,True,False,False
Veo,ed5570da-ff73-58c1-9d32-fe845f6464a3,bicycle,39.960702,-83.012497,,8.43,True,False,False
Veo,6ce11fbc-1426-506c-9c7b-95abc182d2b2,bicycle,39.994208,-83.005716,,25.65,True,False,False
Veo,0ffeb980-da68-5e33-b99e-b526f2e0213b,bicycle,39.96539,-82.982339,,11.83,True,False,False
Veo,e802d7e0-aa2a-584d-ba2c-6d40ead321ae,bicycle,40.100022,-82.950895,,1.83,True,False,False
Veo,0a36b5a9-ea2f-59dc-9615-3a6d53b93b57,bicycle,39.948097,-82.941028,,28.14,True,False,False
Veo,3b776ce9-7230-58d7-a25f-1a481d08e339,bicycle,39.942653,-83.118524,,1.56,True,False,False
Veo,764fd916-8a12-5a90-911b-a71a6f3e0986,bicycle,39.947267,-82.997647,,28.14,True,False,False
Veo,8ad5641d-aaad-58f4-8699-9a81b80a4361,bicycle,39.997816,-82.998633,,28.14,True,False,False
Veo,aa2c255b-e038-5012-b466-d90b1e8a9f6f,bicycle,39.94397007004558,-83.06979769099699,,10.51,False,False,True
Veo,4813cfcd-0323-5800-a5b6-e218c11acc76,bicycle,39.997868,-82.998802,,15.89,True,False,False
Veo,e397a228-b281-574e-a55b-2dcc9c2e2058,bicycle,39.955551,-82.993952,,8.43,True,False,False
Veo,07e0b5b4-c14b-5c69-a659-a43eaee8e81d,bicycle,39.95058,-83.000267,,23.77,False,False,True
Veo,d0cf5795-e44b-553d-86bb-8df42da38b6c,bicycle,39.941798,-83.067928,,17.89,False,False,True
Veo,c9857664-b089-51a9-a09d-7c2ac9110719,bicycle,40.028174,-82.987347,,22.39,True,False,False
Veo,97a71a66-a5da-548f-a82c-6ea15c175c17,bicycle,39.996979,-83.000387,,28.14,True,False,False
Veo,05b6b820-c858-584e-bc1c-09660efef626,bicycle,39.934644,-82.971586,,14.61,False,False,True
Veo,94ddf92f-c8a9-575a-920a-e9e75651f2cb,bicycle,39.982433,-83.085574,,20.78,True,False,False
Veo,e236516a-ef96-59f6-8063-3d475f7a3ef8,bicycle,40.011551,-83.013609,,10.79,True,False,False
Veo,61d6a382-d5f7-5ee2-9f5e-e3f55fd3cb5b,bicycle,39.928533,-82.949927,,12.07,True,False,False
Veo,b350991e-4a99-559f-8a07-b2c96edbb3fd,bicycle,39.904054,-82.958698,,23.02,True,False,False
Veo,b775b5de-e3c9-5d01-88fa-640045790fdf,bicycle,40.006477,-82.999202,,13.86,True,False,False
Veo,a8a521a6-0c43-5f1d-9bbb-124065ffd55f,bicycle,40.09072,-83.048864,,8.78,True,False,False
Veo,27d5b525-ad75-5430-9dc4-46782e63f7d3,bicycle,39.946564,-82.913956,,14.43,True,False,False
Veo,04d53ed7-a36e-5c01-996e-78d9ecfe440f,bicycle,39.969056,-83.013451,,28.14,True,False,False
Veo,0058f2f4-6e8a-55d8-9287-1f8d6c844d89,bicycle,39.936062,-82.952597,,13.1,True,False,False
Veo,5c94808a-18dc-59b2-86d5-82040985f71f,bicycle,39.968223,-82.977698,,19.78,True,False,False
Veo,53642c8e-6d65-5416-b233-88ebd5c55509,bicycle,39.982177,-83.014344,,28.14,True,False,False
Veo,95893f26-b9e9-544a-85e0-e296d401711e,bicycle,39.950201,-83.000263,,25.65,True,False,False
Veo,5d395f62-bad7-53f7-b031-73a430bcdb94,bicycle,39.973465,-82.980724,,28.14,True,False,False
Veo,37a203c7-4ea0-5091-bfcb-16d8b2bb89bc,bicycle,39.950338,-82.994127,,8.09,True,False,False
Veo,c0104825-1f36-5044-997f-d8c52fe78a3e,bicycle,39.984019,-83.015472,,28.14,True,False,False
Veo,c10e9a6b-5677-5593-bdcd-95a05fe3d37e,bicycle,39.96631,-83.002488,,25.74,True,False,False
Veo,8d32ef35-bba5-514f-ae1c-5a21d5df3843,bicycle,39.968354,-82.961882,,27.44,True,False,False
Veo,3d0476a7-0e79-5157-8d61-8f7d8681eaa1,bicycle,40.021945,-82.963917,,23.33,True,False,False
Veo,ded15da2-55f5-5eff-ace2-f88c5a61a906,bicycle,39.970382,-82.974663,,24.06,True,False,False
Veo,62d71450-7eab-5225-99a6-26b8e3188737,bicycle,39.973943,-83.009921,,7.62,True,False,False
Veo,42125d6e-433d-5621-afed-fcb7731b9d60,bicycle,40.104789,-83.090303,,28.14,True,False,False
Veo,d14bfdbf-60e2-54ce-986d-c249768a46d1,bicycle,39.967472,-83.005138,,24.06,True,False,False
Veo,871c2dff-585c-5578-8e3e-bdd9dd6d6e63,bicycle,39.983781,-83.022643,,5.03,True,False,False
Veo,c346d808-4220-5675-ac81-1e5993b8ce5f,bicycle,39.987557,-82.984043,,24.33,True,False,False
Veo,d0750bcf-f071-580e-a3d3-907f75f975bd,bicycle,39.974429,-83.022293,,26.25,True,False,False
Veo,c65115ac-7fe1-5f28-a286-b1c56750663c,bicycle,39.964524,-82.978096,,23.77,True,False,False
Veo,53037369-df80-5b13-922c-89ce3c28e631,bicycle,39.94945,-82.995342,,25.65,True,False,False
Veo,9ac2d323-d615-57ed-a758-c0c323b55b8e,bicycle,39.928111,-82.964879,,8.78,True,False,False
Veo,1f49364b-dbfc-56be-98a6-199faeea85e5,bicycle,39.930998,-83.058675,,28.14,True,False,False
Veo,a01bf6f5-ab9b-57aa-8e11-dc81baf89f45,bicycle,39.99417,-83.017368,,9.02,True,False,False
Veo,a173a7bb-b6bd-5657-bbcd-076911ed5838,bicycle,40.000664,-82.946744,,5.03,True,False,False
Veo,60760804-0a5b-5d44-8a8f-7912ced9f498,bicycle,39.967966,-82.974203,,24.84,False,False,True
Veo,d10e13c1-a3a7-51f0-a3cb-58f56ca05cdf,bicycle,40.013519,-83.029138,,25.12,True,False,False
Veo,31a7d441-2187-5804-9ce1-e49a1226d940,bicycle,39.938093,-82.950791,,17.89,True,False,False
Veo,f71c8191-6096-586a-aa8a-e64dab16c5dc,bicycle,39.935202,-82.975934,,13.1,True,False,False
Veo,e411e4ad-4c01-5f62-ad6f-b1dc5fcafcdd,bicycle,40.019604,-83.039538,,13.39,True,False,False
Veo,6118cb43-b500-5026-b672-20e67f413f9a,bicycle,40.008638,-83.000445,,16.84,True,False,False
Veo,ef4afef3-2e8c-5cda-a3e1-c094cfc8c2d6,bicycle,39.952225,-82.981501,,28.14,True,False,False
Veo,2a52cf89-847a-528c-8fb7-57a63bc23548,bicycle,39.963087,-83.00425,,26.51,True,False,False
Veo,5bd103c9-8201-5784-8c60-f51ca4d25022,bicycle,39.974804,-82.9902,,21.77,True,False,False
Veo,97e6e7af-faa3-51dc-8f91-1ecaa9c20b84,bicycle,39.957559,-83.00156,,9.97,False,True,False
Veo,19aeaa8c-efd4-5887-b54f-0c89fba40967,bicycle,39.965697,-82.987268,,17.89,True,False,False
Veo,4043796b-91cf-5d3f-b356-c07367a8dfbf,bicycle,40.004038,-83.010786,,5.44,True,False,False
Veo,a9501d4a-2fc0-5089-841d-81fd95f5144a,bicycle,39.898131,-82.998391,,10.79,True,False,False
Veo,ce6fa597-cf88-5f09-9286-4cc53ad079a1,bicycle,39.970821,-82.975775,,25.94,True,False,False
Veo,8719568c-d9dc-557d-9ecc-10f2cdfd5976,bicycle,39.925439,-83.03656,,26.25,False,False,True
Veo,ba5b9a4e-b4cf-54bf-a960-f47bbf7759b4,scooter,40.002917,-83.005587,,10.31,True,False,False
Veo,387b5047-bede-5940-86a9-30cfa8745b25,bicycle,40.103952,-83.108839,,26.51,True,False,False
Veo,1e2997bd-7715-5658-af8a-27a067611a9d,bicycle,40.023766,-82.993074,,23.02,True,False,False
Veo,4d208ea8-994b-5b75-a652-1ede634fd746,bicycle,40.004905,-82.948319,,9.97,True,False,False
Veo,ed772056-3d68-5f8f-9640-e02b26d50f82,bicycle,39.958479,-83.002871,,22.39,True,False,False
Veo,5018e913-fd69-5d5c-84d0-ff7829e90b3c,bicycle,39.975016,-82.979026,,22.7,True,False,False
Veo,da5074a0-acd4-52db-a574-ba2dff6912a2,bicycle,40.105904,-83.105867,,22.7,True,False,False
Veo,5adbd16d-ea5f-5230-8ed3-1fa0f3f4d703,bicycle,39.97417,-82.972382,,27.77,False,False,True
Veo,5cfa05f2-7c19-57c5-8022-03d22ddb9f7f,bicycle,39.951725,-82.987964,,22.39,True,False,False
Veo,a22c0e01-aa3b-53ba-b31f-a9f2471bf91f,bicycle,39.95417,-82.963018,,24.06,True,False,False
Veo,bbaed934-bca8-5028-a6a5-f8854fdfc120,bicycle,40.036684,-82.967006,,28.14,True,False,False
Veo,49f6761f-d2b3-590f-91a9-d37b88b8c9cd,bicycle,40.001653,-82.93157,,13.86,True,False,False
Veo,9dcb8ccb-9903-5ecd-8e57-47e690a4cb34,bicycle,40.013493,-83.029121,,28.14,True,False,False
Veo,96e121ee-cd79-5f2d-9065-d77390b2d6ab,bicycle,40.00527,-83.002981,,26.51,True,False,False
Veo,6c089c01-71c9-55ec-a4e9-68375384ebed,bicycle,39.961597,-82.983473,,26.78,True,False,False
Veo,aca2b794-8593-58a6-9f21-51f87af2c450,bicycle,39.941679,-82.996225,,14.17,True,False,False
Veo,6c5c486d-1297-5fce-99aa-6596f8dee22e,bicycle,39.989964,-83.035287,,11.34,True,False,False
Veo,b5ca2c8b-1790-5a02-9623-7e8b8e340d69,bicycle,40.006481,-82.99909,,12.63,True,False,False
Veo,1d1df107-a0a6-5571-a536-025a7f33d7d0,bicycle,39.994768,-82.983242,,25.34,True,False,False
Veo,47c4b39b-4d53-5d40-8a5a-eceba0ba1bff,bicycle,39.972657,-83.018983,,27.77,True,False,False
Veo,bc36fd12-2cd6-514d-be07-18cbb0972c04,bicycle,39.952678,-83.019746,,14.43,True,False,False
Veo,b67000f5-ed1f-529d-9b4b-2e4a7809e8e3,bicycle,39.946602,-83.000211,,27.44,True,False,False
Veo,15d43bca-c938-5723-90eb-0867e11d9a6d,bicycle,40.005705,-82.997576,,28.14,True,False,False
Veo,b39b3013-9082-55e4-8a5a-a76e26b4a8ca,bicycle,39.956515,-83.025536,,18.67,True,False,False
Veo,a441d393-e864-5009-aeaa-328905a8cd67,bicycle,40.030606,-82.973684,,28.14,True,False,False
Veo,0179c704-1792-52a8-9150-f1087ccc18dc,bicycle,40.023158,-82.989362,,25.65,True,False,False
Veo,3999af58-d35e-5d4a-aeb4-8ba54747bc1d,bicycle,40.003382,-83.000387,,24.06,True,False,False
Veo,8f7f6f4e-1160-520b-9c71-c20a577d944f,bicycle,40.002745,-83.012147,,28.14,True,False,False
Veo,d2ad15e0-eac3-58e3-bb86-56d86fed528f,bicycle,39.968263,-82.977778,,27.44,True,False,False
Veo,ceec003c-abec-5071-a12d-e0cdf83f938e,bicycle,39.901209,-82.956529,,24.06,True,False,False
Veo,13435851-fbcd-5ad0-a557-3d09a3cd7c2a,bicycle,40.006548,-83.008546,,12.52,True,False,False
Veo,0f96a459-798e-5283-8904-415996dddd78,bicycle,39.946622,-83.105264,,8.09,True,False,False
Veo,e3f2b349-858b-5c36-8ca2-e23ddb046b73,bicycle,39.973963,-83.001284,,26.78,True,False,False
Veo,2e512735-50d6-5429-90fc-1ca3fee9df87,bicycle,39.962721,-82.960666,,23.02,True,False,False
Veo,e5fabc6a-296e-597c-92bb-41b4146492b9,bicycle,39.948287,-82.997157,,18.67,True,False,False
Veo,ae19911f-cdd1-5b3b-a7fd-d92fb190c3eb,bicycle,39.987112,-82.999045,,11.59,True,False,False
Veo,3a0b41f8-bb3d-5dc8-a75c-0f5afda65e93,bicycle,39.942829,-83.102453,,28.14,True,False,False
Veo,64e061b1-6d9c-5ec7-bc62-d47edfe04b27,bicycle,39.981955,-82.991769,,13.86,True,False,False
Veo,ab5db4fe-e300-5da5-805e-957dabd2efd1,bicycle,39.994587,-83.003329,,20.37,True,False,False
Veo,2e22b68c-0a57-5302-8f61-429d36090a74,bicycle,40.054713,-83.006736,,21.49,True,False,False
Veo,91c70247-592e-5333-8734-450cd6eafd60,bicycle,40.099772,-83.107929,,13.64,True,False,False
Veo,e7fcb2f9-778f-5b51-933d-447848214ffe,bicycle,39.98399,-83.003562,,14.43,True,False,False
Veo,0d4fb576-5ffa-5e77-a5ba-f6023eb85abe,bicycle,39.958914,-83.014161,,28.14,True,False,False
Veo,854c81c1-193b-5442-82b1-357ef5602bc1,bicycle,39.946299,-83.017131,,21.49,True,False,False
Veo,492b3388-fcb6-5fb9-a531-853d72743955,bicycle,39.95173030342359,-83.08965657253488,,15.18,False,False,True
Veo,f5ddf7d5-60e7-5ed3-afa9-fe1e1b32e414,bicycle,39.924804,-82.936875,,1.56,True,False,False
Veo,1a50452d-eac4-5708-a72c-d6c66add39b2,bicycle,39.999882,-83.001227,,22.7,False,False,True
Veo,e2611d0e-d569-5367-89fb-5457b4f9eaff,bicycle,39.957379,-83.000983,,13.64,True,False,False
Veo,2db91027-85a5-5481-9d10-70601ebc25a8,bicycle,39.972375,-82.973043,,16.39,False,False,True
Veo,396ee4bd-c90b-5590-b804-402027113f6c,bicycle,40.009276,-82.977174,,17.89,True,False,False
Veo,a9fde7c3-e3a5-579d-8114-bd7c6c366b5e,bicycle,39.92141,-82.95053,,17.89,True,False,False
Veo,45607303-999c-56ed-a40b-3548e67fc8cc,bicycle,39.945888,-83.009059,,26.25,True,False,False
Veo,9c362d7f-b70c-50ab-815d-f8817f067eee,bicycle,39.974121,-83.010629,,14.61,False,False,True
Veo,cef103f5-d2ec-556f-b9ee-ef44453ae996,bicycle,39.964984,-82.977562,,13.86,True,False,False
Veo,3e0fcdb7-6c7c-5c76-a73a-e3986d6d2ad8,bicycle,40.021223,-82.994235,,26.51,True,False,False
Veo,809c5a4c-74d1-51fe-95d0-379480cb6bec,bicycle,39.964908,-82.984958,,24.33,True,False,False
Veo,2bb33828-4364-5da9-8725-77fec0b33341,bicycle,39.958131,-82.956627,,13.86,True,False,False
Veo,0c9f5bbc-5272-55f5-8897-06d676ed3228,bicycle,39.995092,-83.031763,,25.12,True,False,False
Veo,766eb099-1281-5cd1-b72a-1d0c22aab696,bicycle,39.973848,-83.003312,,5.83,True,False,False
Veo,7d3f8030-349e-5970-827c-75ce698a9bf5,bicycle,40.00153,-83.01045,,25.94,False,False,True
Veo,66ceb8c2-fd63-5b1d-b9c2-be8bd9aab0be,bicycle,39.972642,-83.018965,,18.67,True,False,False
Veo,189c5788-e1cb-5d01-a850-820bc3f0d506,bicycle,40.009327,-82.941246,,25.65,True,False,False
Veo,4078eb95-536a-5300-9025-2a69ef090023,bicycle,39.967236,-83.004438,,12.07,True,False,False
Veo,165a1f17-ee2b-5b73-ba70-be263f69df81,bicycle,39.930553,-82.977941,,22.39,True,False,False
Veo,995d6a8b-2709-5b52-b1d6-f13d4987a1c9,bicycle,39.961745,-83.001681,,16.39,True,False,False
Veo,6348cd23-1c27-5bed-8a05-06bd9f75652d,bicycle,39.971631,-83.003269,,11.34,True,False,False
Veo,a47b4bd0-a764-5455-9721-4f116a41d1c1,bicycle,39.944434,-83.117962,,22.39,True,False,False
Veo,9c83124b-5dc4-5b1a-8137-7c0fa2b812e1,bicycle,39.965831,-82.997539,,27.02,True,False,False
Veo,44872f7b-37f5-5fee-8b93-9b8a18110780,bicycle,39.953297,-83.067922,,21.15,True,False,False
Veo,2ce5bb97-d209-577a-9674-0cd852e5c573,bicycle,39.995349,-82.983321,,25.34,True,False,False
Veo,aabce997-cdbe-5584-95e9-f7c074acdd5e,bicycle,39.94727,-82.997636,,27.44,True,False,False
Veo,d72b26e2-dae2-5c41-af81-f4fa2dcd0e22,bicycle,39.939045,-82.957263,,14.43,True,False,False
Veo,094a7478-a8dd-5d4f-aaa4-92e9153e1e89,bicycle,40.099974,-83.117259,,28.14,True,False,False
Veo,2ebf2832-f1bb-532a-bc15-973860053786,bicycle,39.957567,-82.971572,,27.44,True,False,False
Veo,0130934a-fcfc-5514-910b-32e82bb051bc,bicycle,39.961115,-82.91461,,24.84,True,False,False
Veo,5d83ccf4-f6ab-5902-bc43-48969f6e50ba,bicycle,39.965267,-82.991524,,15.18,True,False,False
Veo,b51c9957-e20b-5c72-8971-e90be857b293,bicycle,39.973978,-82.946806,,28.14,True,False,False
Veo,0ed90432-b6bc-5e68-abcb-6f4d14b27790,bicycle,39.998173,-83.032466,,6.31,True,False,False
Veo,c5088ab2-192a-53b8-afcc-db9d006ecc18,bicycle,40.000746,-83.000383,,25.74,True,False,False
Veo,a396fcf3-d839-5cdf-abad-993ae621e452,bicycle,39.998166,-83.032454,,12.28,True,False,False
Veo,17281a76-d729-5b83-bd29-c502f8c32d6c,bicycle,40.009895,-83.016011,,26.25,True,False,False
Veo,6f5cf83b-6a4b-5eef-a000-7dcf6feceec1,bicycle,39.941602,-82.996153,,28.14,True,False,False
Veo,6b3adfa4-6fec-58ac-b5e6-8a882e3e6419,bicycle,39.95722,-83.032923,,12.28,True,False,False
Veo,3b7bb9a8-adfa-5956-aec5-e8f3089df942,bicycle,39.985108,-83.016113,,24.06,True,False,False
Veo,31edd3a3-f096-5b7a-9167-d9085e9d5aa3,bicycle,40.053989,-83.060066,,25.65,True,False,False
Veo,9b875164-6b2b-5984-8146-a231c03cd13a,bicycle,40.068862,-83.019489,,1.56,True,False,False
Veo,025b14c9-2c5f-5529-bb64-d8368b5f91aa,bicycle,39.997626,-83.046544,,11.11,True,False,False
Veo,884c71e8-cdc2-5aed-9c96-a87838143ad1,bicycle,40.100773,-83.115428,,6.31,True,False,False
Veo,942c402a-788f-557b-81a4-eb8884be917b,bicycle,40.081199,-82.926276,,27.44,True,False,False
Veo,26cfa9ca-3fd5-5a45-95b8-4a29fee1d4ef,bicycle,39.962834,-82.990227,,27.02,True,False,False
Veo,b69c77d6-089b-57ea-99c9-c03e351bf5fe,bicycle,40.004367,-83.000044,,12.87,True,False,False
Veo,8dba17db-12ed-585a-9d3a-d178ecb1816c,bicycle,39.94624,-82.878132,,10.79,True,False,False
Veo,ac057d74-d085-5608-a5ef-dedc8861e79b,bicycle,39.967988,-82.96175,,12.87,True,False,False
Veo,ade575bc-f743-528e-8ea6-6d4a27fca08e,bicycle,40.019759,-82.95557,,25.34,True,False,False
Veo,9b190d85-66de-5de8-873d-96d80514dee0,bicycle,39.924571,-82.936786,,14.86,True,False,False
Veo,f8ca2edd-b17a-5e5d-9144-bd8165e694d9,bicycle,39.972438,-83.002847,,28.14,True,False,False
Veo,5695f53b-3726-534a-a4a4-b45da408f1ec,bicycle,39.935121,-83.11808,,0.33,True,False,False
Veo,56771f9f-6f73-58f5-b6e0-9090f2c53d5a,bicycle,40.031218,-82.99908,,4.19,True,False,False
Veo,beeb4777-ed0b-509f-9c0e-f98c788ff794,bicycle,39.965257,-82.964605,,28.14,True,False,False
Veo,3a1c020a-c1e3-5be7-bb86-e28056fb139d,bicycle,39.949323,-82.97228,,13.64,True,False,False
Veo,a43c3632-2728-56f1-8fcd-668cccf6a6e9,bicycle,39.964457,-82.947804,,27.02,False,False,True
Veo,87b2fd84-f2a0-5bd0-8cd8-238bbfe72c1d,bicycle,39.940418,-82.873364,,14.86,True,False,False
Veo,1c32c26a-faf1-5f21-a863-1f2c9a08130f,bicycle,40.019633,-83.039572,,11.34,True,False,False
Veo,e6aad7fe-ee3d-5399-b717-865fee09757e,bicycle,39.945819,-83.018298,,18.67,True,False,False
Veo,7b6a6bea-274d-545e-9017-e0841ac3037d,bicycle,40.007851,-82.996595,,12.28,True,False,False
Veo,a0e9b985-e28f-5de1-9dee-3b7b553d95ad,bicycle,39.95308,-82.968546,,28.14,True,False,False
Veo,d8b172eb-7c2b-5077-8ea9-8a6f8e773183,bicycle,39.98092,-83.00768,,20.05,True,False,False
Veo,d01b4ce2-bb74-5d92-8320-aa104635d5f2,bicycle,39.958903,-82.956637,,16.84,True,False,False
Veo,2a8da512-6545-536a-92a2-a63aa4e76d7f,bicycle,39.960252,-82.997296,,17.37,True,False,False
Veo,bdfab595-36de-5794-a075-37d6fdf00e59,bicycle,39.948262,-82.997192,,25.65,True,False,False
Veo,e78e4432-5e6a-5c70-94a4-326d1e35aeba,bicycle,40.001142,-83.008387,,25.65,True,False,False
Veo,5b98e5e6-d07a-5fcf-afec-7792d9216e05,bicycle,39.969059,-83.013426,,23.02,True,False,False
Veo,fa59d6f2-04be-5d31-85b8-77d6444f0612,bicycle,40.006018,-83.011608,,10.31,True,False,False
Veo,161a41d2-e912-58d3-bc9b-e3e2b9fd033c,bicycle,39.988659,-83.012105,,28.14,True,False,False
Veo,2d05be90-f101-522f-8b1f-9febb732fe45,bicycle,39.935103,-83.118117,,0.33,True,False,False
Veo,ee09e571-1086-5239-b188-4edc56b61f3a,bicycle,40.001144,-82.983519,,26.78,True,False,False
Veo,1d6c3a1f-6b48-5f02-a1a3-37a550ef12df,bicycle,39.954592,-82.907223,,20.05,True,False,False
Veo,1100fd61-3acc-5d66-b0cf-2e2418301504,bicycle,39.986168,-83.005409,,14.86,True,False,False
Veo,10eb2643-56c6-5de9-9e49-1c99e0747221,bicycle,39.928247,-82.978204,,4.78,True,False,False
Veo,316658aa-ebc8-5ff5-8847-fa661592dabc,bicycle,39.942257,-83.054017,,28.14,True,False,False
Veo,2585d4b9-dc62-5e74-ae59-b3b72aca94a1,bicycle,40.004873,-83.0077,,23.33,True,False,False
Veo,47fd0868-9bac-5cf2-82c1-9a54cc281586,bicycle,39.933256,-82.910579,,13.1,True,False,False
Veo,4637049a-f2eb-5667-baf4-c99cf0114eba,bicycle,40.103959,-83.108731,,14.43,True,False,False
Veo,718ba770-a47a-593c-b846-6a2210ae1d80,bicycle,40.090676,-82.988464,,1.83,True,False,False
Veo,148e9778-e21c-5e15-ba6d-2bf9d0c9bd0a,bicycle,39.994968,-82.960771,,28.14,True,False,False
Veo,89de7249-38ad-5051-8b74-505eec2538f1,bicycle,39.940054,-82.975973,,25.12,True,False,False
Veo,47553d98-afb1-5091-ac82-13272d9a9c6a,bicycle,39.928042,-82.89857,,24.84,True,False,False
Veo,bb5f6aac-c61d-5a97-a2db-7445b8721b76,bicycle,39.980373,-83.079694,,11.59,True,False,False
Veo,7979bf57-624f-5c3a-8ca2-b5f7113f708c,bicycle,39.977262,-83.004212,,20.78,True,False,False
Veo,ec1d3748-a426-5dd1-abf8-d3e85338965b,bicycle,40.042535,-82.969834,,28.01,True,False,False
Veo,f031fb54-f3f2-55f8-b535-cfdbbbd9c7a0,bicycle,39.954493,-83.01245,,28.14,True,False,False
Veo,1ca59bf2-010a-5801-96f1-54dbaff117ad,bicycle,40.066867,-83.028383,,13.1,True,False,False
Veo,8065c3ba-8df1-5971-8948-50b1b6db8b02,bicycle,40.017985,-82.946394,,13.39,True,False,False
Veo,1b1c2e5a-1e6f-50f1-b130-1c2d2d3fa456,bicycle,40.004803,-82.948258,,23.77,True,False,False
Veo,3a5be4c2-6ac0-5f44-89df-e138ca0c622a,bicycle,39.977311,-82.963614,,16.39,True,False,False
Veo,b6acb932-1381-5300-b7d0-6074e5f51de4,bicycle,39.951589,-83.03632,,3.67,True,False,False
Veo,d8451b66-e7e2-557b-9307-df10e9f7352b,bicycle,39.951116918617046,-83.09597153690699,,0.0,True,False,False
Veo,eab39d7e-d509-5a97-b768-829986de0a36,bicycle,39.950641,-82.997517,,28.14,True,False,False
Veo,6bfb64cd-c8e8-5752-95d4-3ceeb2d2c741,bicycle,39.95865,-83.081003,,28.14,True,False,False
Veo,b10b5f35-03a1-55ff-9089-02241ef0c71f,bicycle,40.077605,-82.974573,,1.15,True,False,False
Veo,8694f899-c46f-5836-9f0a-e56325888719,bicycle,39.993982,-83.021441,,22.39,True,False,False
Veo,90365d2f-1907-552b-9e3a-7b6733a71cdc,bicycle,40.101741,-83.113707,,6.67,False,False,True
Veo,90737a39-f616-59ac-830d-711751fc7dd0,bicycle,40.025939,-82.953524,,7.62,True,False,False
Veo,dedea3a3-68e1-5465-897d-2142b07bf7e9,bicycle,40.098828,-83.114452,,26.25,True,False,False
Veo,cac33471-2516-520c-955a-2fd0c7feeb5e,bicycle,39.93595,-82.976982,,14.86,True,False,False
Veo,96d21dd6-855f-5244-a402-6239e69a5c7d,bicycle,39.96402,-83.002834,,28.14,False,True,False
Veo,c8be838b-7ead-5556-abf9-75c9d61e6aa0,bicycle,40.019555,-82.945696,,14.17,True,False,False
Veo,13bba114-1347-5970-a086-c93f3f09ae1c,bicycle,40.038362,-82.964748,,28.14,True,False,False
Veo,17319d8d-0a2c-5aff-8d83-d1c9f47fd12c,bicycle,39.950137,-82.989506,,24.33,True,False,False
Veo,2a2788c1-3db4-5064-9df5-9f249e81ad45,bicycle,39.955614,-82.990207,,24.84,True,False,False
Veo,23da0ce8-d147-57c3-8dec-4b5876814b0e,bicycle,39.992278,-83.032559,,25.74,True,False,False
Veo,0012dc0a-68af-5f68-9dc8-24c99c1ba27e,bicycle,39.951329,-82.985856,,11.83,True,False,False
Veo,668d879e-6896-5fb1-a2d1-c33259d4b7c6,bicycle,39.976812,-82.967068,,11.83,True,False,False
Veo,2300b863-4a55-59d0-b0a3-7057ac5d9e74,bicycle,40.009961,-82.986136,,16.39,True,False,False
Veo,e66662fd-1a79-58bb-b365-9a7d5381a5ad,bicycle,39.963343,-82.98183,,25.94,True,False,False
Veo,26128064-89cf-5949-8f64-79dab98ea71c,bicycle,40.100067,-82.950864,,14.43,True,False,False
Veo,7ef6d539-d023-5bc3-95be-b7bd575d6425,bicycle,40.01146,-82.954304,,22.05,True,False,False
Veo,ea45b432-830e-5742-8c80-ef34d055bd9d,bicycle,40.018181,-82.92881,,9.02,True,False,False
Veo,71b4a344-262b-5499-a606-d8666a93a462,bicycle,39.956753,-82.993996,,27.44,True,False,False
Veo,e75b8c3a-cf92-5a13-9fdb-18890f6dc3d6,bicycle,39.966975,-82.971406,,11.11,True,False,False
Veo,064238e9-6f4c-5be0-b8d2-311244047307,bicycle,39.950517,-82.998275,,28.14,True,False,False
Veo,fb3a8a43-a9c2-56e8-9620-9bf9fe23d31d,bicycle,39.999524,-82.985757,,11.59,True,False,False
Veo,4f37ba69-aaa6-56b7-b4e9-2fb8c9c51624,bicycle,39.985073,-83.016146,,28.14,True,False,False
Veo,03d788bf-c47c-5880-8d2a-9a84f3ecc66e,bicycle,39.969848,-82.980319,,13.39,True,False,False
Veo,644a3930-1fc0-5411-905c-ef2b2d6a1e43,bicycle,39.998145,-83.032452,,0.33,True,False,False
Veo,7cda96f1-54ef-58b4-99ba-42476ed29b73,bicycle,39.941557,-82.996715,,16.39,True,False,False
Veo,0035843b-80d4-5024-b6c9-811c9bda91fe,bicycle,39.99541,-83.011471,,24.84,True,False,False
Veo,0ca2dd09-3f2b-5bfa-ac5b-000a4a33d939,bicycle,39.963764,-83.000981,,9.29,True,False,False
Veo,0e1c2d34-2789-5694-bbb3-20fdfb7ffafe,bicycle,39.957369,-83.011371,,28.14,True,False,False
Veo,48c93a15-e663-56b8-8508-43a887d917e8,bicycle,39.988052,-83.031482,,28.14,True,False,False
Veo,135661cf-8496-5847-bb6f-42d4895bd638,bicycle,39.983122,-82.979217,,28.14,True,False,False
Veo,e60f5a99-0f6f-53ea-a507-9ce8b0bc1468,bicycle,40.003409,-83.023587,,14.61,True,False,False
Veo,744c8140-e4e3-50b4-afc5-e34db4a9c9f3,bicycle,39.987347,-83.022791,,12.87,True,False,False
Veo,6da2536a-0c3f-5353-81fa-8ba0299596af,scooter,39.965036,-83.083138,,23.77,True,False,False
Veo,4f9cb133-44b5-5194-a0e9-00922986ae77,bicycle,39.956038,-82.945288,,28.14,True,False,False
Veo,3d9710e4-ad46-5108-8dbe-347fa30bc790,bicycle,39.992668,-83.03409,,8.43,True,False,False
Veo,2ed6feb0-308b-5425-b86d-8da9c048587c,bicycle,40.004123,-83.010814,,24.84,True,False,False
Veo,a2fd7a72-dd94-5983-a323-b77e457a9e5c,bicycle,40.004644,-83.023945,,27.02,True,False,False
Veo,4983ea3a-da23-5350-91de-91755e2f9572,bicycle,39.93967,-83.001118,,11.59,True,False,False
Veo,4f757350-4b35-598a-998a-9c6ca22b220a,bicycle,39.963201,-82.968012,,28.14,True,False,False
Veo,9d828a29-a223-5f7f-9f6e-1a0203e34c5a,bicycle,39.993493,-83.005883,,28.14,True,False,False
Veo,8ce0301c-4287-5df4-8f0c-d6b4b0779019,bicycle,39.983081,-83.008642,,28.14,True,False,False
Veo,7d234668-08c7-5d87-b004-51147ba1a1be,bicycle,40.01306,-83.000067,,25.65,True,False,False
Veo,ed3108d6-12e6-5265-bbec-278504cd8ca8,bicycle,39.944354,-82.886728,,28.14,True,False,False
Veo,49fada78-f705-5068-ba09-fad918b9ddf4,bicycle,40.054257,-83.007751,,23.02,True,False,False
Veo,af86a4a1-82f7-5a8a-9f10-4abd43d9ec3e,bicycle,40.007092,-82.997484,,27.44,True,False,False
Veo,b0e1ee92-c13c-5fa5-9e05-eb10ee0b9605,bicycle,39.947922,-83.017668,,11.83,True,False,False
Veo,11172b24-54de-5c62-bced-d8c3e893854b,bicycle,39.997435,-83.047563,,10.31,True,False,False
Veo,cdf5ac3c-aec4-57f8-943d-7e5b7132d5a7,bicycle,40.053397,-83.054521,,27.18,True,False,False
Veo,c52b30df-953a-5a30-b43c-5d099f35a70f,scooter,39.95593270510013,-82.94530038227904,,0.0,True,False,False
Veo,34e3f7fd-135e-5625-beff-173cd2e73a79,bicycle,40.002175,-83.023674,,15.45,True,False,False
Veo,b6846165-ff6f-588f-a163-00beeeb44295,bicycle,40.023363,-83.03111,,13.1,True,False,False
Veo,06989805-ba8b-5798-b998-02e5faf01d8c,bicycle,39.968361,-82.961777,,9.97,True,False,False
Veo,34a3b2c9-2b0f-5f6c-ba03-2475d705fd90,bicycle,40.000396,-83.009741,,14.86,True,False,False
Veo,fff93b0b-53a4-546a-bf45-e2a3e8772e4e,bicycle,39.95015,-83.000224,,28.14,True,False,False
Veo,7118a071-2c07-5f39-9919-f2405aaf79a4,bicycle,40.009164,-82.978545,,9.65,True,False,False
Veo,b652a4a4-f16d-50c8-9ab1-02f586ade92d,bicycle,40.001621,-83.113348,,13.39,True,False,False
Veo,b05251f8-f719-5625-afdc-4f1956c20158,bicycle,39.958112,-83.012519,,17.37,True,False,False
Veo,b16d090b-bdef-5415-9ea5-a880df61b3a7,bicycle,39.957024,-82.994206,,4.78,True,False,False
Veo,b565a34b-9348-5353-b975-4b8a80d6b170,bicycle,39.949354,-82.982675,,28.14,True,False,False
Veo,b6bef0bc-d34c-5318-b438-2e8d0bacfd68,bicycle,39.950816,-82.993261,,28.14,True,False,False
Veo,bb01d1f9-31d4-599f-836d-5a9852e6f4d5,bicycle,40.002803,-82.998719,,21.49,True,False,False
Veo,47443688-ff8c-5d19-b80f-839f140374c1,bicycle,40.002365,-82.941731,,8.43,True,False,False
Veo,598a258c-95bf-5c57-b5a7-d946f387e455,bicycle,40.062515,-83.043472,,26.78,True,False,False
Veo,da5f5d6a-8975-5ae9-98f1-1802b5e05e28,bicycle,39.956381,-82.919229,,26.25,False,False,True
Veo,c0587cc4-d797-57c0-9955-b509c55b3e5a,bicycle,39.948487,-82.93778,,11.59,True,False,False
Veo,02b588f2-5139-5c60-a9de-1cfa36e48652,bicycle,39.924558,-82.937127,,3.48,True,False,False
Veo,4a290c01-4480-5d51-b3db-d3cab005cc5f,bicycle,39.949562,-82.986795,,27.44,True,False,False
Veo,4b360acf-8f25-5ef9-8aa3-a15fb2786192,bicycle,39.991314,-82.998746,,24.33,True,False,False
Veo,dee3b53c-c4c5-55bb-98ba-129b18bfa33c,bicycle,39.954722,-82.90719,,14.17,True,False,False
Veo,a0173445-c9a7-5a4c-bb0b-eb0a19341500,scooter,39.959097,-83.012987,,25.74,True,False,False
Veo,1a25ace3-d2aa-5928-8263-8e990b2369c2,bicycle,39.973478,-82.980764,,24.06,False,True,False
Veo,297be3bd-860d-50b7-b282-53a2a4183698,bicycle,40.060538,-83.079182,,28.14,True,False,False
Veo,d5a550b7-fb9e-5983-b573-41afbb0889ad,bicycle,40.002438,-83.025913,,24.84,True,False,False
Veo,8dc39360-da9f-5f94-9271-8ca5061ab38a,bicycle,39.940898,-82.948573,,12.63,True,False,False
Veo,a0689c39-e578-537d-9c49-a761ac7e1e80,bicycle,39.997577,-82.994405,,14.43,True,False,False
Veo,b0c5c5d3-a2ec-52f3-b974-50e5dd722cf0,bicycle,39.95598352790699,-82.94526602930962,,0.0,True,False,False
Veo,697f4cdf-546f-52da-97fa-3155b28f7f85,bicycle,40.016946,-82.975332,,21.15,True,False,False
Veo,3be07dfa-18e3-5872-af99-9d55567622f3,bicycle,39.944599,-82.999009,,28.14,True,False,False
Veo,674a2907-83c4-5919-9a81-22aae6a848c8,bicycle,40.001818,-83.016381,,28.14,True,False,False
Veo,2d16b5f3-1af6-518e-8de4-7918a25863e1,bicycle,40.037778,-82.99997,,21.49,True,False,False
Veo,ec45a2a7-5b29-5d55-a34d-d560336cf842,scooter,39.969792,-83.004659,,25.74,True,False,False
Veo,ea17b470-0a36-52e0-af56-eb9701fc09a8,scooter,39.963207,-82.981317,,24.84,True,False,False
Veo,e1722069-282f-5302-a4ea-6d2a8b2b43d8,bicycle,40.105934,-83.105905,,10.31,True,False,False
Veo,c71aaa2a-92c1-525e-bbbb-a57bd259f12b,bicycle,40.014803,-83.000707,,28.14,True,False,False
Veo,90ddb690-46b3-5d96-a937-5ecbd988dd20,bicycle,39.949438,-83.001462,,23.02,True,False,False
Veo,4bea1223-21b0-5289-8e44-a7a9fa99b65f,bicycle,39.974125,-82.958593,,28.14,True,False,False
Veo,adc5b97c-57d1-5105-823d-229f654029d9,bicycle,40.062417,-82.987744,,19.39,True,False,False
Veo,0f9e6ab4-969c-5800-bd9d-5b2786484d85,bicycle,39.946496,-82.95857,,28.14,True,False,False
Veo,fbc2fed3-ce05-5cdd-909b-165e3419cda2,bicycle,39.965671,-82.99548,,14.17,True,False,False
Veo,71775806-54bb-5949-988d-a799b36e6b4b,bicycle,39.973234,-82.946885,,9.29,True,False,False
Veo,915eb33f-b8c9-539a-b38d-9a755efcefb6,bicycle,40.011694,-82.987121,,14.86,True,False,False
Veo,66d20bab-8362-5171-8e81-236379fba8a2,bicycle,40.005594,-82.973642,,12.52,True,False,False
Veo,3e54659d-d3d5-51c6-af0e-40226a706144,bicycle,40.05886,-83.0756,,10.79,True,False,False
Veo,158358f2-d647-5106-8e00-b3ffe25e5a5f,bicycle,39.929157,-82.989181,,26.25,True,False,False
Veo,e77fe243-445d-5f63-b695-0c762c24505d,bicycle,39.960379,-82.865523,,28.14,True,False,False
Veo,83495c5d-a6a8-52b4-b06f-3c21e03d03b0,bicycle,40.005034,-83.008939,,23.02,True,False,False
Veo,6fc79b6a-21d5-5df4-b5d8-963a71ba40da,bicycle,39.98783,-83.0066,,14.43,True,False,False
Veo,3d8c315f-432e-5c9e-b07b-d3c8d88f4512,bicycle,40.00237,-82.996553,,19.39,True,False,False
Veo,a59dab94-7624-522b-a9bf-1975d02d6d17,bicycle,40.028846,-83.045896,,10.79,True,False,False
Veo,54c007c8-53a9-5dd0-a0c8-195cab3ac988,bicycle,39.950962,-83.024325,,9.02,True,False,False
Veo,f700cea7-311e-598c-9651-568fc293c496,bicycle,39.96447,-83.000871,,9.97,True,False,False
Veo,55f34707-683b-5ee5-a2de-3f3df43998b8,bicycle,39.972166,-82.977392,,14.86,True,False,False
Veo,cddb77b8-d506-56a1-be56-7f6d9ee20970,bicycle,39.959634,-82.954255,,14.86,True,False,False
Veo,bdf4d4b1-7677-59b4-9daf-6d3ff9f98f9c,bicycle,39.955951,-82.990545,,25.94,True,False,False
Veo,60cf277f-5464-53c9-8d11-746646fe70c7,bicycle,40.03841,-82.995602,,2.55,True,False,False
Veo,f593f664-26b0-5b2a-bb26-f8153e9a08bb,bicycle,39.963345,-82.965483,,14.17,True,False,False
Veo,0255f482-cd75-5fb3-8a6e-f0f67db0f3f9,bicycle,39.928678,-82.978179,,18.67,True,False,False
Veo,a88c702d-4064-507d-b06c-e2e65d59a1c0,bicycle,39.952829,-83.061848,,28.14,True,False,False
Veo,c59911a9-9fbf-5cd5-bd49-2f5868612335,bicycle,40.004532,-83.011495,,8.78,True,False,False
Veo,37c3ffdc-5236-56a2-b494-083cfd209726,bicycle,39.966191,-82.961735,,26.51,True,False,False
Veo,e959eabd-58ba-5372-8904-f02a621e9413,bicycle,39.99557239543317,-83.00436817380032,,28.01,True,False,False
Veo,b86a4f53-dd9c-5ba0-b3de-d52aa942b247,bicycle,39.949344,-82.972248,,14.86,True,False,False
Veo,8409643a-5769-51fd-a2c5-f5229a6cd337,scooter,39.96346,-83.003079,,25.74,True,False,False
Veo,9d26c1bd-7ab7-560a-8fa0-2a2ed47487d3,bicycle,39.982072,-82.949972,,28.14,True,False,False
Veo,9f27b0b4-80df-5a03-a20d-bcf2c32968f1,bicycle,40.003437,-83.014867,,28.14,True,False,False
Veo,7e2896df-c502-5a08-ab5f-54a1f8a2ac88,bicycle,40.013737,-82.98761,,25.74,True,False,False
Veo,a0614711-944d-5c08-8c7a-3efd7cdc7c3e,bicycle,39.946866,-82.897319,,12.52,True,False,False
Veo,f674e375-0226-58e9-a318-b989dde7e628,bicycle,39.958859,-83.011562,,6.98,True,False,False
Veo,ab234c5d-3e01-54ee-8582-271b9a1181e7,bicycle,39.935962,-82.977742,,12.52,True,False,False
Veo,c4b6b45a-9615-56c4-9cea-665afacaa9d3,bicycle,40.009909,-83.00309,,28.14,True,False,False
Veo,8d596398-5e8a-5e03-890a-35c4657eeac2,bicycle,39.974096,-82.972616,,1.15,False,False,True
Veo,811e91ca-31c7-55ad-8775-de9ffe8dcff7,bicycle,39.94456,-82.998239,,13.39,True,False,False
Veo,5c21be8c-6b90-5c79-b320-8e3b18ca36e1,bicycle,40.036658,-82.962406,,11.83,True,False,False
Veo,ee7aed69-f746-56b9-a065-9300c85ea66d,bicycle,40.008127,-83.001718,,28.14,True,False,False
Veo,6b17c17c-d814-50d9-84dc-2a25488fb056,bicycle,40.00604,-83.013607,,27.18,True,False,False
Veo,a86114cf-aadc-593d-897b-bcde264b83ff,bicycle,40.016232,-83.007641,,24.06,True,False,False
Veo,bdaea828-a99a-5c03-aa31-97a89a14a0db,bicycle,39.958027,-82.985853,,11.59,True,False,False
Veo,486c673b-6e40-5807-a778-7bcf6361c463,bicycle,40.035529,-82.973624,,5.44,True,False,False
Veo,9a9faa46-be84-576f-9f46-ce4018b6e5eb,scooter,39.996198,-83.021222,,10.31,True,False,False
Veo,5aa5fb34-1b81-510a-8864-16eb0539bfdc,bicycle,39.937218,-83.117202,,5.68,False,False,True
Veo,0a6a8def-4758-52d3-87a3-6126b5185d81,bicycle,39.95883203518354,-82.9998867288554,,0.0,True,False,False
Veo,723ddd43-a3ed-5fef-b53f-dda6b15d2ce4,bicycle,39.997691,-83.006643,,21.77,True,False,False
Veo,44c4f686-4d26-59b8-8be6-77bc7de19753,bicycle,39.949163,-83.10706,,22.7,True,False,False
Veo,49e75a1e-cec0-5a83-addc-ac7fdfcfc4c0,scooter,39.969153,-83.001093,,28.14,True,False,False
Veo,c187b730-ae2a-5c23-8a74-40625d9e0e2b,bicycle,39.914887,-82.994106,,15.45,True,False,False
Veo,46964255-bad7-5cd5-8d6f-f12151f8fde2,scooter,39.959076,-83.013074,,28.14,True,False,False
Veo,94253197-556b-52c6-aded-36c8504b2583,bicycle,39.961984,-83.002607,,24.33,True,False,False
Veo,2e71fb6b-d878-587a-a9e0-f3715928ace1,bicycle,39.944919,-82.982023,,27.02,True,False,False
Veo,7a20f5d4-6780-5c8b-83d0-c38cf6dce106,scooter,39.962322,-82.99776,,28.14,True,False,False
Veo,712717d0-01b5-5a30-b0eb-1f9afb788d2e,bicycle,39.925193,-82.986239,,13.64,True,False,False
Veo,e850ab5d-8e4e-55c8-8f6b-70a7c24c77c7,scooter,39.956965,-82.994222,,28.14,True,False,False
Veo,066af993-32a1-5673-a548-9600ce4b41e7,bicycle,39.984119,-82.996428,,10.51,True,False,False
Veo,4b359932-89e5-564f-8b7d-af3eaf90f05f,scooter,40.015879,-82.979581,,25.74,True,False,False
Veo,f6a39045-c1ce-5470-8cc3-be0f738366c9,scooter,39.984376,-83.029163,,25.34,True,False,False
Veo,abb336b1-4b02-5abb-8251-b45eb05fa1bb,bicycle,39.948063,-82.940905,,25.12,True,False,False
Veo,bfc05126-f183-53b6-9b02-fb3fed3cef7c,scooter,39.953045,-83.074994,,26.25,True,False,False
Veo,b4b53717-b1bc-52c7-b631-49f3cc1622a0,bicycle,39.934877,-82.971601,,28.14,True,False,False
Veo,9a6f90c6-217d-5b4b-833b-d46790dffd1e,scooter,39.940895,-82.980773,,4.78,True,False,False
Veo,5cc1ff24-f441-5be1-8feb-f6619d17c1d1,bicycle,39.998138,-83.032417,,0.33,True,False,False
Veo,3f5633d7-f0f2-5a1f-a607-516e049cfb6c,bicycle,40.015102,-83.002296,,11.83,True,False,False
Veo,87b3b6ea-74e4-5689-9877-1540317616e7,scooter,39.99359,-83.005896,,22.7,True,False,False
Veo,59e43e69-32c7-5b9c-ae19-38736e120ed0,scooter,39.988137262897084,-82.99607458462063,,21.49,False,True,True
Veo,05addd3b-e830-5a2e-b59d-3b26860f8ccb,bicycle,39.956913,-82.993596,,16.39,True,False,False
Veo,b52dc63a-cc2c-59a4-875a-e387c5519a26,bicycle,40.01608,-82.954484,,13.1,True,False,False
Veo,ce3b89f6-8a5d-57b0-8bfd-ae029e84493c,bicycle,40.035672,-82.992253,,11.83,True,False,False
Veo,b5f007ce-bf7b-57d5-abb1-35a3fa37e509,scooter,40.002924,-82.998094,,12.28,True,False,False
Veo,7583892e-523a-552d-ada1-a763fca8e54b,bicycle,39.970892,-82.967166,,26.25,True,False,False
Veo,90d0f516-57a3-56cf-aea4-df914d7d750b,scooter,39.962758,-82.990118,,28.14,True,False,False
Veo,26b1e898-d35e-57dd-be09-f8aeeddfd3a4,bicycle,39.956626,-82.987786,,14.61,True,False,False
Veo,5c0d2694-2495-5e1d-8af0-c945325c55e1,bicycle,39.939191,-82.948725,,16.84,True,False,False
Veo,19bd79af-5fcc-55ff-a84d-5d379187fad2,bicycle,40.055336,-83.019287,,11.11,True,False,False
Veo,6281610b-d769-5d1b-8498-dc4131517d68,bicycle,39.93218,-82.790614,,13.64,True,False,False
Veo,2b73e012-b12c-50a0-b939-955b63cacaf3,bicycle,39.97459,-82.998145,,10.51,True,False,False
Veo,03403336-db72-5e95-b84d-a094e363a229,scooter,40.012013,-82.968543,,27.77,True,False,False
Veo,f60561fa-58d7-5013-b2be-a36482162351,bicycle,39.971928,-82.980822,,16.84,True,False,False
Veo,2fdd3fd0-bfa1-55b1-b75c-70370a30555b,bicycle,39.977001,-83.002729,,10.51,True,False,False
Veo,f938e25d-786e-58be-a11b-dd15b4e2baab,bicycle,40.106757,-83.111185,,28.14,True,False,False
Veo,b9b05e32-9c38-5616-9f53-11fdb2ebf30a,bicycle,40.084115,-82.924574,,2.12,True,False,False
Veo,8a75ed92-efa8-5065-bf53-ec96b167ef1e,scooter,39.959991,-82.969033,,26.78,True,False,False
Veo,8c51b208-9b32-560b-9065-cafee131b93e,bicycle,39.974445,-83.022712,,15.18,True,False,False
Veo,444650eb-079c-5db1-9dd4-bc8fa0cdf52f,bicycle,40.004569,-83.01274,,27.44,True,False,False
Veo,f9307d7a-3412-5d00-ba71-3454d9eb045d,bicycle,39.932291,-82.872683,,28.14,True,False,False
Veo,6a453e03-a246-594d-a7cb-f2869ff46812,scooter,39.923306,-82.974531,,19.78,False,False,True
Veo,083d5d6b-89a3-55a0-b509-ef674f4e6c77,bicycle,39.965685,-82.995363,,25.94,True,False,False
Veo,4f9e2651-246d-59c5-84fe-93f9d65ab2e1,bicycle,40.004161,-82.997657,,23.77,True,False,False
Veo,c488def2-d239-5c12-a996-39f65d7848fb,bicycle,39.95113,-82.912983,,25.12,True,False,False
Veo,64343cd4-1e81-5307-b3cc-d5699f0bd316,bicycle,39.955888,-83.003158,,3.48,True,False,False
Veo,87f8c4b9-08cd-51fa-838c-b305b69e4c9d,bicycle,39.963823,-83.000616,,7.29,True,False,False
Veo,ab699951-9164-54eb-b9b6-af4004199530,bicycle,39.969373,-82.999772,,5.59,True,False,False
Veo,604b4b8a-d6d2-59fb-98d5-5e551262e3a3,bicycle,40.010129,-82.947796,,15.18,True,False,False
Veo,c778fa43-ae03-519a-bbe2-18ce280d0295,bicycle,39.980706,-82.925531,,27.77,True,False,False
Veo,0b8df500-39de-5c57-8d88-c1a6475a4311,scooter,40.003797,-83.003076,,28.14,True,False,False
Veo,de048825-39b2-5551-9b23-89997785200d,scooter,39.957617,-83.00808,,28.01,True,False,False
Veo,72285f3c-669d-5887-8158-cfe3e2da9fbf,bicycle,37.803616,-80.427252,,1.56,True,False,False
Veo,ea20a0f3-2e4f-5f12-a7ed-3337ec78a21d,bicycle,39.961126,-83.010536,,16.39,True,False,False
Veo,35299a35-0bf1-5879-b4a8-e53070e19a81,bicycle,39.947244,-83.052967,,9.02,True,False,False
Veo,8c784b55-0c2b-5bc6-804b-c675f9e3e640,bicycle,39.947765,-83.041238,,28.14,True,False,False
Veo,b5a0c917-46c2-5fa9-a240-370755dc2ab9,bicycle,39.973791,-83.003356,,12.07,True,False,False
Veo,f3faadcf-9b31-561f-9426-55489fccd07e,bicycle,39.957355,-82.975251,,16.84,True,False,False
Veo,9c562936-88c4-569f-9143-e1c05493d97e,scooter,40.056751,-83.043345,,26.51,False,True,False
Veo,d2ad14b1-da86-5c56-9367-e4352e6cd185,bicycle,39.900787,-82.998813,,6.31,True,False,False
Veo,c8dd2b34-1115-5e6c-b45e-e30aea9d0524,bicycle,39.94326,-82.961416,,24.33,True,False,False
Veo,b8bf53c1-c1a4-581c-89bd-76e836f277bc,bicycle,39.993762,-83.009778,,7.29,True,False,False
Veo,6667d33b-da02-5c1c-b8d2-bb1c58c00897,bicycle,39.985461,-82.997277,,11.83,True,False,False
Veo,1a1cc4ff-c294-5a7a-a743-dc944957f717,scooter,39.989609,-82.983201,,27.77,True,False,False
Veo,5bafc070-7a58-552e-9a7d-dd49004d7d99,scooter,39.981213,-83.020323,,24.33,True,False,False
Veo,2dde437f-43e4-5907-b9df-d125a77563e4,bicycle,39.982317,-83.004099,,14.86,True,False,False
Veo,a099e26e-3612-53b0-bca2-03174be0bf57,bicycle,40.060534,-83.079164,,19.05,True,False,False
Veo,c76ca02a-beca-50e8-b4f1-7d9fa4de0594,bicycle,39.956858,-82.975871,,20.37,True,False,False
Veo,a7b772e7-d9f4-5185-bf4d-1cc12b5ded63,scooter,39.974598,-82.970945,,28.14,True,False,False
Veo,f6cdc450-9caa-5291-81cc-82e1395b8b29,bicycle,39.936878,-82.950553,,11.34,True,False,False
Veo,20400683-91f2-5904-9178-47c4c9695f85,bicycle,39.968482,-83.00245,,0.85,True,False,False
Veo,8fae1b92-72e7-5e2c-9a9e-f8de05db6670,bicycle,39.964157,-82.99644,,12.28,True,False,False
Veo,4e50ab51-c93c-59c8-8838-dc29df7cf72b,scooter,39.978022,-83.002387,,23.02,True,False,False
Veo,6b0af742-060a-5efc-ac07-fc52ede607d2,bicycle,39.956608,-82.987112,,11.11,True,False,False
Veo,b481aa90-6b6a-5b85-9917-5b78b8075330,bicycle,39.946461,-82.945025,,28.14,True,False,False
Veo,4d6122b8-fcfd-5a1e-bc11-7beb44eafc3e,bicycle,39.957797,-82.97344,,16.39,True,False,False
Veo,5bca8ac4-a92c-5bbb-924e-5ac35b0944d2,scooter,39.970172,-83.002135,,13.86,True,False,False
Veo,93506746-a5e6-558f-a552-b769b410b381,bicycle,40.106234,-83.09895,,12.63,True,False,False
Veo,3de298ab-c547-5ac6-902e-794265476cad,bicycle,39.935902,-82.988878,,25.94,True,False,False
Veo,8b23ad5f-fa69-5fb0-a10c-41ba3613e086,bicycle,39.968173,-82.949374,,28.14,True,False,False
Veo,16f42e5a-88c2-58b5-985d-d2d41ecf2fb3,bicycle,39.977091,-82.99815,,5.03,True,False,False
Veo,1103e573-e8ee-5fa9-9f5b-566ba291db84,bicycle,39.967962,-82.974149,,28.14,True,False,False
Veo,cb1970c1-6e58-59f8-8876-b505d6911123,bicycle,39.951697,-82.941949,,28.01,True,False,False
Veo,9d5451b2-4589-568a-bd09-b475a0a466f6,bicycle,40.098817,-83.114435,,28.14,True,False,False
Veo,5cd24f2f-ccaf-5d3e-880e-f8a8b11b7481,bicycle,39.999872,-82.981075,,28.14,True,False,False
Veo,9f2001e7-023c-57f0-8f2e-b1f9083c27c7,scooter,40.103945,-83.108955,,27.77,True,False,False
Veo,e804f7a9-55d3-5436-9699-0034ed5dad94,bicycle,39.924575,-82.936946,,28.14,True,False,False
Veo,6f0a9641-69a8-5bfd-9e1c-c86bb63f6712,bicycle,39.960528,-83.013183,,21.15,True,False,False
Veo,ea327985-101f-59fb-87f4-a97970a8503b,bicycle,39.947497,-83.049286,,12.63,True,False,False
Veo,821c8cfc-ea0a-5872-8c9c-77ab74d0e53a,bicycle,40.074566,-83.030667,,1.56,True,False,False
Veo,75ac83ef-ce14-58aa-a216-12447af5011b,bicycle,39.972966,-82.957129,,22.05,True,False,False
Veo,4c539f28-1f7b-5af4-be51-a7ac6d141409,bicycle,39.976059,-83.00484,,14.17,True,False,False
Veo,569cc5d6-1ed7-5f68-bd1e-108c51a2c45c,bicycle,39.963194,-82.981307,,28.01,True,False,False
Veo,7b6e3013-6e4f-5217-9d57-13b5f05a400b,bicycle,39.939476,-83.003211,,24.84,True,False,False
Veo,fe32556d-89ed-505b-aa7c-49d1ccdf7832,bicycle,40.001567,-83.01092,,26.78,True,False,False
Veo,d93f7b9a-c340-54db-ac6b-0d1d71469ace,bicycle,39.946617,-83.000206,,11.59,True,False,False
Veo,87070cf1-e2f2-5e6f-8b41-772d0aa26c29,bicycle,39.974003,-82.979986,,22.39,True,False,False
Veo,c8407d44-1536-5b8a-9537-922d64f87e46,scooter,39.972839,-83.003972,,22.7,True,False,False
Veo,84eaaac5-dac1-5e62-9e0e-2124cb543220,scooter,40.001929,-83.01642,,19.78,True,False,False
Veo,90a06824-037a-5aac-b445-63c84e7347b1,scooter,39.993140000000004,-82.98224333333334,,28.14,False,False,True
Veo,df6f2acf-439c-5bb0-9492-9da830ba44e6,scooter,39.961938,-83.001706,,25.34,True,False,False
Veo,08b8827c-5b5c-59a3-8a86-01eace3aaad1,scooter,39.968095,-83.003081,,26.78,True,False,False
Veo,757c6674-32ec-51b5-a63d-1a8e32bdf5c3,scooter,39.975754,-83.002289,,28.14,True,False,False
Veo,6226323a-71da-5fff-9678-75d8c0b858f4,scooter,39.963222,-82.981334,,25.65,True,False,False
Veo,9f762ce4-154d-59dd-856e-5e4e3ac8f01d,scooter,39.957928,-83.001634,,13.86,True,False,False
Veo,c84f8524-bcc1-5736-84b8-fc754e40ce42,scooter,40.00493,-83.00023,,24.84,True,False,False
Veo,104a3455-1420-580f-9551-6e60e3b6b11e,scooter,39.964129,-83.002877,,25.94,True,False,False
Veo,cc3eb139-2423-5b16-bfc4-c5a8464ea4fb,scooter,40.003375,-82.999118,,14.61,True,False,False
Veo,c32d081d-da2c-5be8-8b57-3111fa07ce6a,scooter,39.974378,-83.022392,,4.19,True,False,False
Veo,5384267c-d05f-5829-9685-a9879aa5c53f,scooter,39.975756,-83.004984,,14.86,True,False,False
Veo,1d81b5fb-4528-5677-986c-5c07102bfef5,scooter,39.999837,-83.007741,,2.55,True,False,False
Veo,2fdb443a-53eb-5cba-9d16-d95f6988f5dc,scooter,39.981087,-83.017694,,21.77,True,False,False
Veo,eb0adc6c-55e4-551d-a518-731273ebad3f,scooter,39.929577,-82.984743,,25.74,False,True,False
Veo,ca423fcb-4465-5c9f-8f27-4a8ccb372d71,scooter,39.992598,-82.998012,,24.84,True,False,False
Veo,34aa8aa8-c5d3-5d24-bcbf-41ef8155002a,scooter,40.009556,-83.015634,,26.78,True,False,False
Veo,73ffa4ca-a0d5-5de7-854c-d22cc78ce86e,scooter,39.998435,-83.00449,,7.62,True,False,False
Veo,d14d0bb1-5a51-58b0-a366-e1da94237787,scooter,39.961664,-83.013105,,16.84,True,False,False
Veo,d384236a-c4c4-5a48-911e-be409ab1244d,scooter,39.954353,-83.069252,,16.84,True,False,False
Veo,e6a9ba0a-0cb5-530b-8973-07e6cc277e40,scooter,39.951398,-83.000396,,25.12,True,False,False
Veo,2fa7d1f6-39d9-55e6-ad88-09ddc5cd8a76,scooter,39.999075,-83.024978,,26.78,True,False,False
Veo,e4cc1c8c-4f1b-5ba9-b5af-932d85de23ee,scooter,40.002786,-83.033861,,26.78,True,False,False
Veo,b98327d7-0f35-53d9-98cd-f081166ca94a,scooter,39.99813,-83.039654,,25.12,True,False,False
Veo,1cd4f9f7-907c-5710-b5e4-a15b751d2f31,scooter,39.991624,-83.010695,,5.44,True,False,False
Veo,04dbde70-72df-5ecc-8c66-1db156a25ce4,scooter,40.059519,-82.961204,,14.61,True,False,False
Veo,6dd5202c-581e-5fad-aa88-3bd43fca3d41,scooter,39.950486,-82.998033,,25.12,True,False,False
Veo,7e7e8043-cef7-5886-ab4c-67a8220fd529,scooter,40.001498,-83.048117,,28.14,True,False,False
Veo,394b620d-f8a8-5fac-882b-87f03c22b45c,scooter,39.97715,-82.995471,,16.39,True,False,False
Veo,b73dd474-de54-5f14-9915-c52534916ac0,scooter,40.013696,-83.028564,,28.14,True,False,False
Veo,498d6c3c-a8d3-5368-818a-cb52371cd26b,scooter,39.975328,-82.885405,,13.86,True,False,False
Veo,9bb65e7a-08a0-526c-b65f-60794814ed00,scooter,40.029908,-83.033609,,28.14,True,False,False
Veo,c0a772cb-2314-54f6-bce1-d8bb90fde1f4,scooter,39.965346,-82.998881,,11.11,True,False,False
Veo,4d5b7065-84ac-5494-9f22-ed9bb09ebaa9,scooter,39.963612,-82.997515,,9.29,True,False,False
Veo,570d5041-0d37-548d-88b7-40d7b88361ad,scooter,40.103972,-83.108853,,1.15,True,False,False
Veo,284099a5-e0d0-514d-ad7e-44819b7e4b8f,scooter,39.974496,-83.004085,,14.61,True,False,False
Veo,eefe7212-b2e5-529a-b437-b6ea8be083c6,scooter,40.100973,-83.109496,,20.37,True,False,False
Veo,d23c8a28-75ad-551e-be88-5a395169f656,scooter,39.987769,-83.020621,,27.02,True,False,False
Veo,009f51fb-396a-5ea4-bf96-958b95786c63,scooter,40.006038,-83.008564,,21.77,True,False,False
Veo,a11494fa-3edb-5417-8a59-7d441f1f8a27,scooter,39.950522,-82.998175,,28.14,True,False,False
Veo,64045d1b-fccc-5500-b48b-1b01e6e9e156,scooter,39.998344,-83.045317,,25.74,True,False,False
Veo,11143ba0-ecdd-59e3-8d80-2d80ab2d02af,scooter,39.961678,-83.013097,,28.14,True,False,False
Veo,6025acb3-4001-5650-a137-faf8634edfb0,scooter,39.955901,-83.003032,,1.15,False,False,True
Veo,3c97c867-9a73-5926-b817-26583d07e465,scooter,40.003992,-83.008675,,28.14,True,False,False
Veo,226dc674-f0b4-59c7-a7aa-ed95524fa36b,scooter,39.954628,-83.012085,,12.28,True,False,False
Veo,17a806dd-f7ee-57bc-a775-5ea12e2a71cd,scooter,39.945899,-83.009084,,26.25,True,False,False
Veo,59e690bc-2797-593d-ab65-94132ed77937,scooter,39.964875,-83.002443,,25.12,True,False,False
Veo,85340ba1-5acb-5260-90e8-88a4a13d2569,scooter,39.943302,-82.908046,,15.89,True,False,False
Veo,8e4628d2-6c2b-5924-bcef-993684e35077,scooter,39.962415,-82.998656,,27.44,True,False,False
Veo,a193b479-5191-5eeb-8322-241571f56b9c,scooter,39.96796,-83.027006,,18.67,True,False,False
Veo,e4678601-8793-558d-9c6b-ab2a4b07a029,scooter,40.004368,-82.973854,,12.07,True,False,False
Veo,f483b10c-ada7-5b7e-8ec7-c2ca3bea8772,scooter,39.967256,-83.00436,,25.34,True,False,False
Veo,10fad3bd-78d9-5122-bae7-2921f523febf,scooter,39.950768,-82.97841,,13.1,True,False,False
Veo,83cf4fb4-b439-5f68-8113-30063690b76d,scooter,40.007078,-83.001701,,15.18,True,False,False
Veo,5469149c-7eb0-57e3-a911-fd2f4e001e51,scooter,40.000247,-83.021405,,4.78,True,False,False
Veo,b9da35f0-5b0f-54a3-bee7-339e108ca507,scooter,39.958712,-83.012764,,5.68,True,False,False
Veo,83614417-67ea-52e5-97f8-fb37a82fec0f,scooter,40.035456,-83.034109,,28.14,True,False,False
Veo,b018aa87-5160-53ae-927e-790de5a5fbb1,scooter,40.00195,-83.008462,,28.14,True,False,False
Veo,f7a576bc-6c05-5b3d-8a85-4663e13a2c2f,scooter,39.953019,-82.974867,,12.52,True,False,False
Veo,2273a9be-e26f-50b1-bd24-4e114365983e,scooter,39.960408,-83.012814,,28.14,True,False,False
Veo,562dccd6-987e-5ee2-971f-dd169df4fbb8,scooter,39.969133,-83.013531,,25.94,True,False,False
Veo,3a74709b-c7cc-589b-8146-5f15c1507c18,scooter,39.984228,-82.999547,,22.7,True,False,False
Veo,ecc3137c-a932-5d5e-b507-f8c546b86dc1,scooter,39.982641,-83.003859,,28.14,True,False,False
Veo,f61ce17e-7e53-538e-ab2e-460c743fb65c,scooter,39.993566,-82.981157,,28.14,True,False,False
Veo,4462e794-db1e-5209-912b-d6d6e88e5e65,scooter,40.000662,-83.011577,,24.06,True,False,False
Veo,7695360c-510c-5ad9-b402-6ac206b4b13f,scooter,39.940998,-83.053286,,16.84,True,False,False
Veo,fa7c2972-6049-579b-8b60-a8d538f81ee9,scooter,40.01589,-83.009389,,23.77,True,False,False
Veo,5abbf7e8-2080-57b1-8958-a0d1bc5f8aac,scooter,39.950947,-83.000359,,24.33,True,False,False
Veo,9ec6dce0-b094-594d-b7b0-e2ec7920ec1b,scooter,39.954569,-83.012489,,28.14,True,False,False
Veo,7b955df7-73f0-562b-8cd5-cda17e2d3e74,scooter,39.957971,-82.999979,,14.43,True,False,False
Veo,57b1c492-9de6-5e1c-9cff-d9a78815b57d,scooter,39.948434,-82.974212,,24.33,True,False,False
Veo,06e335e2-6c87-5a16-aabd-e0443bbe88e9,scooter,40.005777,-83.01377,,15.45,True,False,False
Veo,1278281f-5e30-5272-8e6c-1917a45e7f40,scooter,39.957349,-83.001342,,28.14,True,False,False
Veo,466d4b0f-f1a7-5c31-a3ce-53ff0f83a5ee,scooter,39.974585,-83.003248,,28.14,True,False,False
Veo,1d6a0872-add3-5f62-a51a-be7278befb87,scooter,39.998584,-83.001432,,28.14,True,False,False
Veo,d08c3b7a-f972-59f7-b4b4-816f251267ba,scooter,39.960087,-82.997607,,16.39,True,False,False
Veo,c506a392-98c6-5764-9924-dace2c003fdb,scooter,39.953379,-82.983202,,12.52,True,False,False
Veo,f3c541d0-fd5d-50aa-9ba3-eed96a670e64,scooter,39.997181,-83.003786,,24.33,True,False,False
Veo,e2fb5e7b-9327-5656-a534-fb52ffdd4ba8,scooter,40.008626,-82.968172,,28.14,True,False,False
Veo,17d8a710-3028-5a8b-9d1c-2ddf9ab554b9,scooter,39.962405,-82.998579,,24.84,True,False,False
Veo,d1679f7a-606d-546d-b761-4834c322df19,scooter,39.969738,-83.004876,,11.83,True,False,False
Veo,eda656c9-7780-592d-bb56-0a23b189d0b0,scooter,39.963265,-82.953297,,28.14,True,False,False
Veo,31013042-d70f-5bac-895b-60be4ab7d2eb,scooter,40.002257,-83.003329,,24.06,True,False,False
Veo,1b920b61-6756-5124-b5a3-6cd0bf377713,bicycle,39.963084,-83.00425,,21.49,True,False,False
Veo,3818a269-9226-5761-9aaf-4f06bd88021d,bicycle,39.949293,-82.98367,,5.68,True,False,False
Veo,e0f72b3d-b578-5a27-a92f-2848a82a887c,bicycle,39.969133,-82.961485,,26.25,True,False,False
Veo,0bd3c775-2cec-5d54-b4bb-fe10dfa9019a,bicycle,39.944304,-83.055694,,22.39,True,False,False
Veo,4be5a546-f55b-531e-a5ce-81ca345eb22a,bicycle,39.977299,-82.963527,,28.01,True,False,False
Veo,a70d840f-fc8e-5b24-885d-87e6fbd45b02,bicycle,40.017239,-83.006457,,1.15,True,False,False
Veo,d92f4654-309f-5df3-a355-906ac26a587c,bicycle,39.980735,-83.001292,,28.14,True,False,False
Veo,f10d56a3-3fd5-51ab-b522-68619433d88e,bicycle,39.969314,-83.018525,,24.84,True,False,False
Veo,46e32fdb-e3ab-5543-a740-44a8ad4dc195,bicycle,40.00035,-83.007999,,28.14,True,False,False
Veo,84dcdc29-34ee-5cd2-8627-b5c9ecaf33fd,bicycle,39.993810243840606,-83.01159419379472,,0.0,True,False,False
Veo,60d0f280-4143-5764-8a57-8ba4e8d15b98,bicycle,40.018032,-82.968579,,20.37,True,False,False
Veo,8b8e2c4b-8687-54b9-af5d-d87f42c4a930,bicycle,39.995558,-83.040569,,25.74,True,False,False
Veo,a4a41662-4729-534b-bce0-dd0bb2ac7e7c,bicycle,40.065662,-83.087208,,13.86,True,False,False
Veo,23de9703-9579-5d17-bee0-eadd019087d6,bicycle,39.96169,-82.911484,,12.07,True,False,False
Veo,a1945875-ab0a-5afa-976e-b3101a2c460c,bicycle,39.990482,-83.01412,,14.61,True,False,False
Veo,613b857c-5a66-5875-a76a-bda3e0239b5d,bicycle,39.963124,-82.981414,,28.14,True,False,False
Veo,5b969a06-8df3-5161-aaee-82eada5cdebd,bicycle,39.961673,-83.013006,,28.14,True,False,False
Veo,bfc6d278-378b-5820-b41b-06a16bb4c56c,bicycle,39.968152,-82.949407,,25.34,True,False,False
Veo,ab3de1e8-9278-5ad8-90f3-66420b9faa54,bicycle,39.962802,-82.982233,,28.14,True,False,False
Veo,8e1b4bb7-7741-5a00-9012-b08046897b57,bicycle,39.937804,-83.117027,,0.33,True,False,False
Veo,4228a18f-5391-53f4-ae3f-bfdcc956dc5c,bicycle,40.001074,-83.008413,,12.63,True,False,False
Veo,73e1f76a-8e85-5c79-a180-2ba76ed1b7e3,bicycle,39.956504,-83.02541,,0.85,True,False,False
Veo,3c87db53-d15f-5a79-9686-ede795136072,bicycle,39.956571,-83.035554,,0.85,True,False,False
Veo,a83e68a0-4811-5e63-ad85-305312988b70,bicycle,39.938836,-82.954104,,28.14,True,False,False
Veo,0504e153-bf6c-5468-ba05-109960b84ae3,bicycle,39.985156,-83.014693,,28.14,True,False,False
Veo,e2fc1c30-8591-5dbb-9b06-76ada3f8aef1,bicycle,39.951735,-82.98294,,14.43,True,False,False
Veo,bd08e0c3-24c2-563d-86d4-a1317dfd24ac,bicycle,39.960312,-82.992008,,14.43,True,False,False
Veo,a56fae16-8b41-56fe-987b-7841e739564e,bicycle,39.950287,-83.001309,,24.33,True,False,False
Veo,8f26878d-a289-589f-815a-cfc496bb2247,bicycle,39.963484,-82.948374,,26.51,True,False,False
Veo,c073f634-74a8-51f2-a781-0e4a7f2a9494,bicycle,39.981343,-83.019206,,18.67,True,False,False
Veo,0009820b-b9b3-53eb-a424-64b7a4728cdc,bicycle,39.992048,-83.012085,,15.89,True,False,False
Veo,94e6eb28-db8a-5ef3-b9a4-421aa8066fd7,bicycle,39.946719,-82.951393,,20.05,True,False,False
Veo,1b1355ef-1e2a-5a3f-ba32-031e5c06af3c,bicycle,39.970047,-83.003678,,12.63,True,False,False
Veo,11ed5f1d-9686-5113-b919-e59a0b208ab1,bicycle,39.940538,-82.890103,,19.05,True,False,False
Veo,5982c388-66b3-574a-b181-dd7370453220,bicycle,40.0359,-83.032555,,24.06,True,False,False
Veo,df453f4e-b71a-5da3-aa54-595cbf3911ce,bicycle,40.050374,-83.001077,,15.89,True,False,False
Veo,8a3e175a-ca8d-59ba-a8d3-87190ba6e539,bicycle,39.956041,-82.99588,,26.25,True,False,False
Veo,238de447-2d7c-5195-bfa9-bcbfd0f2a867,bicycle,40.004608,-83.007787,,16.84,True,False,False
Veo,634852ef-6e3f-5c09-9fc2-d1cad27ee7c9,bicycle,39.98691,-83.002642,,16.84,True,False,False
Veo,874b01aa-a244-55f0-8580-f80bb6a64856,bicycle,39.974426,-83.022729,,26.78,True,False,False
Veo,c627160a-e383-55cf-9f85-3c6d43cc518c,bicycle,39.959036,-82.994985,,28.14,True,False,False
Veo,123dbdee-fe50-5c18-b58d-2c9013d694b6,bicycle,40.003453,-83.030694,,28.14,True,False,False
Veo,b47f48b8-9ed6-50a4-b33c-54100f551158,bicycle,39.993949,-83.035046,,26.25,True,False,False
Veo,bb13efbe-bcb5-518c-8baa-541b5116c82b,bicycle,39.997065,-82.981307,,15.18,True,False,False
Veo,154f3f13-ded0-5a9e-9d0d-636faeb9568f,bicycle,39.874226,-82.932653,,23.77,True,False,False
Veo,ec482d0c-b5a1-5f46-a06f-c3cdc9bcdba6,bicycle,39.958084,-82.998799,,28.14,False,False,True
Veo,8d21965d-dc11-5649-9bcd-34071865dd1c,bicycle,39.980615,-83.017927,,27.77,True,False,False
Veo,b49ea3ff-6a1e-5a17-833b-86d848689a4a,bicycle,39.997627,-83.046596,,25.65,True,False,False
Veo,c5f72322-2e86-58f9-bfbb-7a10a5aae04a,bicycle,39.996527,-83.009694,,9.02,True,False,False
Veo,0401f288-3c4b-5898-8495-ee8dca412f19,bicycle,39.9659,-82.992155,,24.33,True,False,False
Veo,41b6a56c-a448-52da-b2de-d215fd1289bb,bicycle,40.037884,-82.969894,,5.68,True,False,False
Veo,88bdded7-a137-5c1f-a923-7cad90258adc,bicycle,39.958882,-83.01291,,28.14,True,False,False
Veo,9a2cddda-3b48-52ef-a6df-86b98c43da3d,bicycle,39.954692,-83.066036,,10.51,True,False,False
Veo,869bfe40-bcd9-5b4e-b7d6-2f14111c68d3,bicycle,39.94773,-82.963066,,28.14,True,False,False
Veo,0082d4be-10bf-5f45-a322-f6593856f418,bicycle,39.974037,-82.972715,,8.78,False,False,True
Veo,42b2b63b-fa73-5729-a52e-8afe622646d0,bicycle,39.918719,-82.995534,,15.45,True,False,False
Veo,85bc06ec-2656-5f5e-9ecb-600249c48321,bicycle,39.973709,-83.010229,,6.07,True,False,False
Veo,785c1c00-9d1a-572f-8aaf-c6d5cb8201c8,bicycle,39.946568,-83.000246,,22.7,True,False,False
Veo,e27be690-4294-5632-8046-2f7693b7557a,bicycle,39.956042,-82.945331,,28.01,True,False,False
Veo,fa99c74d-d750-5d91-97ba-2e3335e7a902,bicycle,39.956656,-83.042417,,12.52,True,False,False
Veo,102b4cad-5369-53b9-98aa-1fd2a337cbc9,bicycle,40.013971,-82.988785,,28.14,True,False,False
Veo,1dfa0cf9-9038-51e1-a37a-462a38edbda2,bicycle,39.957499,-83.011107,,13.39,True,False,False
Veo,8dfdf9ff-574d-5f7a-8b07-63e886984045,bicycle,39.98206,-82.960647,,1.15,True,False,False
Veo,45a3b21c-4102-5a88-963d-f3878c0f10a4,bicycle,39.971853,-82.97805,,13.39,True,False,False
Veo,ccf8f75f-58c9-58df-b00c-c3c678481993,bicycle,39.972304,-82.993028,,9.02,True,False,False
Veo,86d236d2-a65c-596f-aa92-b4dc6c953612,bicycle,39.956639,-82.99593,,14.86,True,False,False
Veo,81d9de03-1697-51ad-aee4-bbcf909d798a,bicycle,39.979063,-83.017586,,25.94,True,False,False
Veo,9f1aee8a-b8a1-5df5-bb30-01c1fd382e41,bicycle,39.998414,-83.006655,,16.84,True,False,False
Veo,a48352cd-86a8-5488-8382-0fed9817a383,bicycle,39.992837,-83.002966,,25.12,True,False,False
Veo,64f0666b-734b-534b-8e34-03642ce89fe6,bicycle,39.955943,-82.945346,,28.14,True,False,False
Veo,9725b8d2-1961-5dcb-bbb3-169fda4d5280,bicycle,40.046678,-82.93119,,15.89,True,False,False
Veo,e48876a9-7a12-5132-a5b3-51bc69570577,bicycle,40.023074,-83.017533,,28.14,True,False,False
Veo,8758fb0f-9bed-5ddb-a5e5-1fd28ad09b00,bicycle,39.975638,-82.973348,,1.83,False,False,True
Veo,998db34b-b83f-587a-8d74-ca633aade080,bicycle,39.997283,-83.006272,,22.05,True,False,False
Veo,9ea21881-e1d1-58ee-9a0b-409f0bcd900b,bicycle,40.006477,-82.999238,,24.84,True,False,False
Veo,d6a6c173-5ac0-5e56-9753-c7598255f6b0,bicycle,40.005113,-82.997391,,6.98,True,False,False
Veo,81c47140-4dcb-5332-831a-2359cf78ae48,bicycle,39.935123,-82.913638,,28.14,True,False,False
Veo,53030dcd-ed14-55d3-b261-b63e2708978d,bicycle,39.967528,-83.001666,,28.14,True,False,False
Veo,06696c2e-c68d-5567-9a85-65abdb313fa8,bicycle,39.970354,-83.002053,,28.14,True,False,False
Veo,9b02478d-393c-5956-8e3c-1f41a4ffa976,bicycle,40.023020596381116,-83.08552829639605,,21.49,True,False,False
Veo,e0342420-12cd-5ba0-91a6-b1d7ff00bc3b,bicycle,39.924527,-82.936861,,17.37,True,False,False
Veo,3197151a-03ca-5360-87bc-83e97c29a9c5,bicycle,39.960727,-83.012949,,14.61,True,False,False
Veo,ae4e5889-f2d7-5b0b-ad19-1812fdaf159b,scooter,39.95633,-83.007042,,18.67,True,False,False
Veo,1c7a1f80-5d2d-5b79-bd32-84bfa6088ff5,bicycle,39.988255,-83.04608,,28.14,True,False,False
Veo,265502ea-5f70-5fa8-9699-fa560343dd4b,bicycle,39.95602728333324,-82.94522057287395,,0.0,True,False,False
Veo,88d78ec0-31fc-552d-8407-2bdf5801e6e5,bicycle,39.96746,-83.006706,,13.86,True,False,False
Veo,770b0578-4183-5af1-9ab3-b7ee4b0edee6,bicycle,40.038853,-82.99501,,15.89,True,False,False
Veo,04b8d368-927e-576b-acce-37b67bb4e6dd,bicycle,39.987141,-82.999097,,27.77,True,False,False
Veo,44d57b79-bb47-5721-83ee-c801734b7a9d,scooter,39.977167,-82.998166,,23.02,True,False,False
Veo,a6181211-7094-51e1-b0b5-7c2e4f2ccb15,bicycle,39.99356,-83.005923,,24.06,True,False,False
Veo,a54f0a42-0469-5a08-b190-25ff9f55f058,bicycle,39.969285,-82.992031,,27.44,True,False,False
Veo,9e8e3775-da1b-569d-b100-f18cb95a9559,bicycle,40.00034,-82.996629,,8.78,True,False,False
Veo,065ca317-2e69-5214-a90b-20436c5af317,bicycle,39.979938,-83.004809,,12.52,True,False,False
Veo,09427b59-9d4c-559e-95fa-e7d8d1174334,bicycle,39.918043,-82.995176,,18.67,True,False,False
Veo,bfb0ee90-bbe8-5863-9558-fca6dd09682a,scooter,39.945377,-82.989935,,24.06,True,False,False
Veo,5cad7386-95e8-52ca-8167-a0f1f4baf34b,bicycle,40.003858,-82.999082,,11.11,True,False,False
Veo,72b5d67a-31d7-54e4-b39a-871ecd987a3b,bicycle,39.957417,-83.011393,,28.14,False,True,False
Veo,e5d8811b-d0a9-58fc-902c-ddb727c18452,bicycle,39.952145,-82.98158,,28.14,True,False,False
Veo,246634d9-e0ab-5d47-b629-03fd6b66bf69,scooter,39.94542,-82.973248,,11.83,True,False,False
Veo,9080b77b-2d5c-5ccc-a2e7-50f8ac432a02,bicycle,39.951435,-82.995755,,16.39,True,False,False
Veo,2f913716-679b-5f9f-84ed-4e8936a22e4d,bicycle,40.015372,-83.005431,,24.06,True,False,False
Veo,facce115-2ddf-537b-8d9b-96fae746a913,bicycle,39.990919,-82.996024,,16.39,True,False,False
Veo,066fc789-cb23-5bc1-ad8a-a1949d7c0e26,bicycle,39.995713,-83.047759,,25.74,True,False,False
Veo,cb202ce9-2e23-5f86-a834-78d9589bdccf,bicycle,39.9993,-83.017693,,4.19,True,False,False
Veo,d3076c77-3f7f-56d8-bf60-c2429df152c9,bicycle,39.948755,-83.009215,,12.28,True,False,False
Veo,9fe2e10c-ddae-56d0-82b5-1c5fd95df606,bicycle,39.993947,-83.000111,,27.02,True,False,False
Veo,d5e1fe41-b0ad-5d9c-90f7-68d9438666be,bicycle,40.014703,-82.993413,,15.18,True,False,False
Veo,24bb8b04-c4b4-5bed-a7a5-2a3b0002292d,bicycle,39.99146,-83.008152,,13.86,True,False,False
Veo,a4d8cf91-9663-5ce0-b18b-211d9ccdf038,bicycle,39.984981,-83.018896,,25.34,True,False,False
Veo,f7fd7c25-fea3-5a52-b35d-3f1034367351,bicycle,40.004363,-83.011586,,8.43,True,False,False
Veo,8c3231f4-31ab-52b6-96b6-cd4afb3b15b3,bicycle,40.100452,-83.108052,,15.45,True,False,False
Veo,a85e7254-7844-518f-adc8-44c3d76330a9,bicycle,39.95413,-82.982523,,25.65,True,False,False
Veo,eed8eaae-1305-5fde-9243-e733186e851f,bicycle,39.953522,-82.909504,,6.07,True,False,False
Veo,0d25fc50-2168-5a40-be82-211b4034650d,scooter,40.000568,-82.998784,,12.63,True,False,False
Veo,52ff197a-b6ac-5bf7-acdb-4835c4a31133,scooter,39.960027,-82.969083,,27.44,True,False,False
Veo,b966ad0b-e8c8-5484-b083-a94a153ab8f5,scooter,39.997047,-83.003217,,13.64,True,False,False
Veo,16608064-2405-5469-9cbf-b5eeb7cd5f5b,scooter,40.004272,-83.018602,,17.37,True,False,False
Veo,8b202fb5-1556-5712-be6f-2b3e72d9a798,scooter,39.998517,-82.998747,,28.14,True,False,False
Veo,bbb4c05e-99cc-54ef-975d-1543361fbc1c,scooter,39.99789,-83.007454,,27.02,False,False,True
Veo,17cc2323-9853-501f-b949-82793dc91858,scooter,40.05945,-83.049688,,25.34,True,False,False
Veo,33ff0e5c-982e-5aaf-b35c-77e900fbc159,scooter,39.952964,-83.117407,,14.61,True,False,False
Veo,c539c7ed-ff5d-5bc0-9008-2b9bf622457c,scooter,39.933159,-82.996,,28.14,True,False,False
Veo,43820a4d-7c81-5a03-9fd0-3d311fede7b5,scooter,39.972237,-82.954705,,23.02,True,False,False
Veo,4269eaca-a237-5c42-9c90-53049eae3838,scooter,40.018021,-82.968795,,25.65,True,False,False
Veo,1001bdbe-0621-5678-9305-2e2454f681e8,scooter,39.974429,-83.022765,,14.43,True,False,False
Veo,2ec1c3d7-5329-5703-bfea-b37a1b6e2301,scooter,39.993484,-83.004274,,25.34,True,False,False
Veo,aa9f0f36-654f-5963-9cc2-853d7300cee2,scooter,39.980225,-83.007882,,11.83,True,False,False
Veo,8a72bb0b-1a2f-5cae-8ca7-e1fecec1f802,scooter,39.986918,-83.009442,,12.07,True,False,False
Veo,72c3f9bb-8382-5411-b5af-6745159bae8b,scooter,39.987196,-83.040264,,28.14,True,False,False
Veo,344851e1-7042-5455-aa26-dbccab8957f0,scooter,39.994295,-83.026796,,28.14,True,False,False
Veo,069df6a1-7e81-519f-bc1d-7481a884a64a,scooter,40.005422,-82.978618,,28.14,True,False,False
Veo,f4dfce7d-4a7f-5acf-9920-7777d2224949,scooter,39.96326,-82.953261,,26.25,True,False,False
Veo,2faea285-cf39-551f-85ba-3c3516ab2141,scooter,39.995617,-83.012807,,25.65,True,False,False
Veo,6e621093-51ee-5ffc-b8cd-f197745a72dd,scooter,39.972505,-83.004994,,13.39,True,False,False
Veo,965c2199-b0a6-5cc2-8448-1da06b97c12b,scooter,40.008199,-83.000007,,28.14,True,False,False
Veo,b1c9404a-9300-54e5-9714-72e64eca4e6c,scooter,39.981498,-83.018035,,22.7,True,False,False
Veo,4ca6a53a-eb15-508b-92d2-da0e958f7b8c,scooter,39.997687,-83.018288,,24.06,True,False,False
Veo,9bed88f7-5092-56bd-b113-cf453dda1dec,scooter,39.950235,-82.948472,,28.14,True,False,False
Veo,f53d3029-268f-5ca6-b988-d1b972b1ba84,scooter,39.951611,-83.021053,,28.14,True,False,False
Veo,2ad60273-2e07-5176-acdb-7d36c260502c,scooter,39.998804,-83.009902,,26.51,True,False,False
Veo,62bfb2b9-3513-519e-8f98-7c8519a73f3c,scooter,39.945895,-83.00907,,28.14,True,False,False
Veo,b50ff327-9c0b-57f6-9c71-996b481db5d0,scooter,39.984599,-83.019227,,25.12,True,False,False
Veo,3d8519cf-5964-5e08-a912-037a374f6f51,bicycle,39.96124,-82.991327,,28.14,True,False,False
Veo,c43349db-6877-5b39-9c94-991f441f9a6c,scooter,39.974465,-83.004111,,23.77,True,False,False
Veo,f026a169-487c-53ed-b109-02bf8a590098,scooter,39.984714,-83.026486,,22.7,True,False,False
Veo,c81e515e-10c0-591a-ad2f-c49ae7c75d4c,scooter,39.990662,-83.042691,,14.43,True,False,False
Veo,b48eb8a3-2234-58e8-b980-17963e7321e2,scooter,39.957755,-82.998108,,28.14,True,False,False
Veo,1959d12a-5809-5eaf-a776-01c3ba3b2674,scooter,39.963499,-82.999677,,13.86,True,False,False
Veo,04cd4ce8-7214-56b2-9120-4412f35a258e,scooter,39.99358,-82.981138,,28.14,True,False,False
Veo,fae7a7e9-906c-54e8-888c-18f9c6ed5376,scooter,39.994812,-83.016534,,14.61,True,False,False
Veo,12625e95-25f9-52c9-928f-a42066bbf110,scooter,39.997836,-82.998798,,14.86,True,False,False
Veo,711d7675-4ec4-5a85-9dc1-355e30f0d03a,scooter,40.00177,-83.014615,,15.89,True,False,False
Veo,0f530521-aadf-574a-bc7a-bbc514ff0205,scooter,39.987091,-83.01223,,5.44,True,False,False
Veo,ac34a3aa-60f2-53df-882b-6190ae85251b,scooter,40.109463,-83.032018,,13.64,False,False,True
Veo,ad90d5a8-30f8-5c6d-aa5f-dbfec3bbf7fd,scooter,39.975885,-82.951128,,25.74,True,False,False
Veo,54c476fc-b3b3-5f2f-bdcf-015550ee4060,scooter,39.941959,-82.994962,,28.14,True,False,False
Veo,990f14a7-cb6f-510c-b4a8-e0ac9d8e5951,scooter,39.956269,-82.960783,,28.14,True,False,False
Veo,369da812-8479-52fe-83e4-52fcfb98b08b,scooter,39.969182,-83.001097,,13.86,True,False,False
Veo,11141dc6-b9be-56b0-bcda-b1d6429fb444,scooter,40.014813,-82.973517,,24.33,True,False,False
Veo,4621d419-bed0-5248-8ff6-b4eb17875899,scooter,39.993695,-83.013339,,28.14,True,False,False
Veo,ed926023-7480-5ece-a83d-5bb4f034211a,scooter,39.965995,-82.963406,,8.78,True,False,False
Veo,7b8e1a4f-36e8-5e22-9b1b-65c77dcaea9e,bicycle,39.964569,-83.01903,,28.14,False,True,False
Veo,7be9ad14-4106-57e6-8c88-b75ab4d65c07,scooter,40.002089,-83.015869,,26.25,True,False,False
Veo,4cef2a7f-49a2-5564-ba94-2a14b585312c,scooter,39.958651,-83.012754,,15.18,True,False,False
Veo,7baffa79-4e0a-5e7b-b463-432f127c56b1,bicycle,39.957466,-82.961967,,27.77,True,False,False
Veo,958f93e5-3caf-5b25-9e52-91bae70e13c2,scooter,40.004037,-83.005312,,24.06,True,False,False
Veo,7ba86aeb-6bcf-5f07-bfd3-ff12dd6136b5,scooter,39.961648,-83.022898,,28.14,True,False,False
Veo,26948024-c477-5752-91f9-7483e984df9b,scooter,39.94963,-82.987526,,15.89,True,False,False
Veo,fe5ecf32-6dd7-55cf-ba04-27bcea555ead,scooter,39.981207,-83.020285,,25.34,True,False,False
Veo,d8be21db-e440-5768-967a-bcac2f7cf90d,scooter,39.956486,-83.01321,,27.44,True,False,False
Veo,18f82db2-68f1-58b0-a30e-a93eed95fc46,bicycle,40.103968,-83.108726,,13.39,True,False,False
Veo,d02310c0-3b1a-5b05-9c93-3b0d1071748d,bicycle,40.102396,-83.110539,,25.94,True,False,False
Veo,10b9d5c7-e2e8-55dc-81ef-4584c8c9d001,bicycle,39.952169,-82.98382,,11.11,True,False,False
Veo,a8390134-05aa-5fc7-ab78-fa594fe26afd,bicycle,39.918021,-82.99521,,28.14,True,False,False
Veo,65337818-ba7c-5be0-a1ec-3bdf60aadf87,bicycle,39.955012,-82.958713,,11.59,True,False,False
Veo,52ab8059-c8e5-5db6-b846-55c2ba817074,bicycle,39.926184,-82.99616,,3.81,True,False,False
Veo,4e4d7956-5768-5d83-b16f-e8cdf80657e2,bicycle,40.003523,-83.014946,,13.64,True,False,False
Veo,233fb0ba-1bb0-5f0f-842b-a2f012248fea,bicycle,39.959202,-82.984364,,11.83,True,False,False
Veo,f7061f3c-dc24-56ef-85bd-6790270a2b37,bicycle,39.993295,-82.982032,,25.34,True,False,False
Veo,8ce9028a-c2d4-579c-a65f-35fbcf4bc39d,bicycle,40.003637,-82.97519,,19.05,True,False,False
Veo,cde797ce-18d1-5eb0-96af-84a323cac5a1,bicycle,39.9628,-82.98226,,25.34,True,False,False
Veo,7ecc56b3-cc48-5664-8f3e-d0e9d31369ae,bicycle,39.937514,-82.95956,,7.62,True,False,False
Veo,4f73a2df-6315-58a9-a9d8-fcfa749f8f16,bicycle,39.956279,-82.895877,,22.05,True,False,False
Veo,9e870277-9a42-52c1-be37-7c6ad6ad3bfa,bicycle,39.878715,-83.000346,,22.39,True,False,False
Veo,a41df5b9-7ed4-5957-a0cb-143c3b993a3c,bicycle,39.957405,-82.938024,,3.13,True,False,False
Veo,63c12b6e-d2e9-5afd-8087-e6668a7ec93f,bicycle,39.987375,-83.005707,,10.31,True,False,False
Veo,dd876ed9-4a87-509f-b49c-55ee2dae53a0,bicycle,40.004189,-82.975739,,10.51,True,False,False
Veo,d2597fee-99aa-50f2-9ee6-6d695505bd2a,bicycle,39.949828,-83.026554,,13.86,True,False,False
Veo,b606bc10-54a6-5bb5-9029-5ea4341163a3,bicycle,39.949444,-82.916549,,28.14,True,False,False
Veo,c8b69603-9046-5dca-b008-ee44beedb81f,bicycle,39.945508,-82.983055,,28.14,True,False,False
Veo,36bdcc21-01c1-53db-a3be-71b3dfc890e5,bicycle,39.946588,-82.958234,,28.14,True,False,False
Veo,071e9c3e-21a7-5afa-a914-446f2e515cb8,bicycle,39.967836,-82.961754,,9.97,True,False,False
Veo,bcd06b7b-9efc-55c6-9a04-6270e2279dff,bicycle,39.908071,-82.955788,,28.14,True,False,False
Veo,7ff17d91-c2f7-508a-bdd4-adb6ace3575f,bicycle,39.977708,-83.01505,,26.25,True,False,False
Veo,589105f6-7db5-58ec-830c-897e99fb92eb,bicycle,40.002119,-82.992279,,10.31,True,False,False
Veo,a70db6f7-3dc5-53bd-ae63-d8026fa6ce96,bicycle,39.954159,-83.087661,,25.74,True,False,False
Veo,185c37ac-1d23-5933-9090-7f4449812d2a,bicycle,39.974139,-82.972465,,0.85,True,False,False
Veo,13e4e209-89f1-52fc-a335-2a8624451fbf,bicycle,39.991744,-83.012433,,13.1,True,False,False
Veo,7b111ec5-5dc6-5bfb-a27d-dea8f51768ec,bicycle,39.977121,-82.969479,,28.14,True,False,False
Veo,0d36cb37-08df-5c4b-b5d0-9972271f6667,bicycle,40.015205,-82.9706,,22.39,True,False,False
Veo,1a05dbb6-d980-534a-bb9f-44926c46fafc,bicycle,39.958119,-82.956637,,16.39,True,False,False
Veo,f3a062da-51b6-5cad-b0c4-68311669d424,scooter,39.953003,-82.972655,,27.77,True,False,False
Veo,efb10d66-314c-5f74-a3ff-683f53df39d5,bicycle,40.032716,-82.991022,,25.65,True,False,False
Veo,62e9aaf9-6545-5a04-8bd2-35832b9f7021,bicycle,39.958112,-83.012797,,26.51,True,False,False
Veo,6a2db6d5-1200-5973-b47c-1c31854e4365,bicycle,39.996184,-83.041922,,28.01,True,False,False
Veo,f7b75186-560f-5a1f-aa6c-465a5d92e416,bicycle,40.037981,-82.999949,,9.29,True,False,False
Veo,fcbe8c5a-250c-52e6-ada3-a98adcd3e528,bicycle,39.973956,-83.009884,,10.51,True,False,False
Veo,02b171a8-8917-5f8d-949d-9e93187ca40d,bicycle,39.923465,-82.985463,,25.65,True,False,False
Veo,1814e8b6-0a8a-58bf-97e2-fd9f3cf8924d,bicycle,39.970354,-82.997523,,10.31,True,False,False
Veo,b2c14f22-e96f-530a-80f1-98bda00df255,bicycle,39.998414,-83.021412,,17.89,True,False,False
Veo,8aa5bf87-7fbc-5efa-9e83-a07ac770f93a,bicycle,39.997301,-83.006952,,13.64,True,False,False
Veo,53eba311-1a18-5fa9-b9a5-277dd6af6269,bicycle,39.950808,-83.000287,,22.7,False,False,True
Veo,74d377ea-9f85-51b6-a42f-aa6d14045763,bicycle,39.963537,-82.948336,,28.01,True,False,False
Veo,24d420a8-17d5-5160-9233-a03be694e147,bicycle,39.961907,-82.988145,,2.55,True,False,False
Veo,5cf30925-7852-57d1-838b-447607a31c30,bicycle,40.026042,-83.008702,,13.64,True,False,False
Veo,43232c3b-bc73-50a0-a947-f4f1354ed18f,bicycle,39.940597,-83.1248,,9.97,True,False,False
Veo,6ce5ee53-16ad-57b2-a319-c6158474e81f,bicycle,39.963509,-82.948398,,28.14,True,False,False
Veo,4ea8b01d-1a88-58fb-a3dd-70fcc0a2cf52,bicycle,39.999592,-82.978002,,9.97,True,False,False
Veo,49623b58-b87d-5fee-904d-167f60cbd7e9,bicycle,39.970437,-82.97468,,7.62,True,False,False
Veo,d6e497aa-70fc-53ff-86f4-130d0aa851b2,bicycle,40.10681,-83.095856,,26.51,True,False,False
Veo,c9368912-29ef-5fe2-b98c-952828d55343,bicycle,39.994525,-83.006212,,24.33,True,False,False
Veo,e09e9ec4-9fb4-5222-91d2-1397aece0567,bicycle,39.95821,-83.011704,,10.51,True,False,False
Veo,9445c8a0-3a0b-5a81-9ccc-627542d496cb,bicycle,39.971628,-82.911143,,28.14,True,False,False
Veo,88838e6c-ee70-5ef4-a9df-0449dea9f4c8,bicycle,40.009865,-83.00706,,19.78,True,False,False
Veo,c05aa0d1-c34f-58e9-af3f-f35328c87518,bicycle,39.949302,-83.022458,,13.64,True,False,False
Veo,6fbbf452-b83c-50c6-b59c-44637340d743,bicycle,39.982644,-83.024606,,10.51,True,False,False
Veo,aeeea99c-f84b-5bc1-a45f-2e84382e969a,bicycle,39.950609,-82.990259,,12.52,True,False,False
Veo,439072b4-cc26-52d2-82ad-e3485d5ea47c,bicycle,39.972354,-82.989913,,28.14,True,False,False
Veo,b60e7393-8beb-5ca5-bd0e-c4278d259a4c,bicycle,39.958055,-83.012702,,25.74,True,False,False
Veo,6b67a04c-0cd3-5dbc-9ed2-66d1c147752a,bicycle,40.019723,-82.986412,,26.25,True,False,False
Veo,8737711a-6959-5464-a656-0b438552d93f,bicycle,40.064618,-83.018381,,18.67,True,False,False
Veo,f6c9f566-c8fc-5524-8c9d-e4c5d973c919,bicycle,39.953979,-83.016094,,28.14,True,False,False
Veo,622b90dd-a201-5fea-9001-9bb8921b7cdb,bicycle,40.043638,-82.978127,,11.34,True,False,False
Veo,e61e9813-66dd-5e7a-855d-8085567ab700,bicycle,39.93588,-82.988926,,28.14,True,False,False
Veo,9132a930-c4c3-5349-9b8b-13c3d1046245,bicycle,39.959433,-82.958137,,28.14,True,False,False
Veo,3799fba4-a47b-5462-87e8-fc565b3f08cd,bicycle,40.010454,-82.970262,,27.02,True,False,False
Veo,c70fc7c2-38d8-5819-b3e4-ea1574902dd8,bicycle,40.007074,-82.997485,,25.65,True,False,False
Veo,bfda39a7-8e8a-56f5-bf3d-c85a583f7f5d,bicycle,39.974747,-83.003026,,3.81,True,False,False
Veo,44c363e1-9bf1-5b8d-b0fa-5dea33eab295,bicycle,40.006621,-83.008548,,24.84,True,False,False
Veo,bb799f8c-73a9-5b67-bc52-a0637dab75cb,bicycle,39.922637,-83.034573,,13.86,True,False,False
Veo,4030717e-6cbc-558c-8cd4-722631f488ce,bicycle,39.948097,-82.969637,,28.14,True,False,False
Veo,3271abd1-f650-5956-9d0b-d8c53b85b8c1,bicycle,39.956111,-82.945293,,25.74,True,False,False
Veo,d221b2a1-7dcf-5bc0-9799-bac15836a67e,bicycle,40.066795,-83.020705,,9.97,True,False,False
Veo,debfdf36-a2d7-5fb4-80ad-bd2b270a9141,bicycle,40.005355,-83.016562,,24.84,True,False,False
Veo,6f76b0ca-35c1-5126-8aea-1b6ea60cfadc,bicycle,40.009002,-82.956363,,24.06,True,False,False
Veo,60158c86-7eae-5b6b-a74d-2bb014b126a7,bicycle,39.932353,-82.872499,,28.14,True,False,False
Veo,fd107857-a1c0-5ac7-829d-757119552618,bicycle,39.973796,-83.010516,,20.78,False,False,True
Veo,f7d360d3-e86e-566e-a9a5-72cfb19fd54d,bicycle,39.972262,-82.977315,,0.85,True,False,False
Veo,40c556fa-4cee-5767-94c2-419001ea98b8,bicycle,39.938541,-83.05348,,28.14,True,False,False
Veo,8a540130-46f7-53d2-a706-b7e2bde8fbf3,bicycle,39.971191,-82.976183,,14.61,True,False,False
Veo,643cd4cc-ed72-53e7-8426-e7221fadc95b,bicycle,39.974106,-82.972545,,25.74,False,False,True
Veo,c40b8735-2a13-5160-b712-dbba8952869e,bicycle,40.011674,-82.9979,,10.79,True,False,False
Veo,7a7feeb7-2e13-5290-9e09-5b68947b3c21,bicycle,40.006787,-83.046073,,23.02,True,False,False
Veo,395a574b-87c9-58a9-b60e-489b1713b777,bicycle,39.969139,-83.009252,,28.14,True,False,False
Veo,e3839927-624e-57c7-9295-3410e4e08e37,bicycle,39.955976,-82.945281,,12.87,True,False,False
Veo,ae46f0be-aeda-59ae-a325-18926ac4d9d2,bicycle,39.987789,-82.926035,,20.78,True,False,False
Veo,b5dee267-6707-5bc6-92cf-33fa459466c4,bicycle,39.956923,-83.027819,,19.78,True,False,False
Veo,eb40748a-1e94-5a49-bd54-c48befce4ec9,bicycle,39.956841,-82.976222,,28.14,True,False,False
Veo,dafe4bc1-59c5-50d7-b0a8-0b02eff11a92,bicycle,39.934808,-82.971735,,19.05,True,False,False
Veo,a0a54755-5d93-5ad0-999c-1efeb7b029a9,bicycle,39.985035,-83.012769,,28.14,True,False,False
Veo,5c795f6c-a78d-5a1e-888f-38aa5346d79c,bicycle,39.945934,-83.009079,,28.14,False,True,False
Veo,933930a2-0d74-5a2b-8a86-e95e05512c2f,bicycle,40.006452,-82.974225,,10.79,True,False,False
Veo,e513a445-fa3a-5f08-9c55-049332f5fd8d,bicycle,39.935205,-82.910445,,15.45,True,False,False
Veo,7ee67b8f-a121-5436-91b7-c0562d33b0da,bicycle,39.961763,-83.001674,,13.1,True,False,False
Veo,9b0f3cce-71dc-503f-82b1-ed26148cb54d,bicycle,39.94158,-83.048936,,27.77,True,False,False
Veo,bcb538e8-229c-52c6-b1e5-55475b5a953c,bicycle,39.940265,-83.118673,,15.18,True,False,False
Veo,515b5780-fb32-5de6-bd30-361e8764007e,bicycle,39.96185,-82.988115,,6.31,True,False,False
Veo,2b055da6-e186-56cc-9fc8-4018d8732bc0,bicycle,39.995894,-83.002047,,11.59,True,False,False
Veo,9948064f-520d-5b75-b792-bcf61fa75ef3,bicycle,39.935652,-83.014183,,22.7,True,False,False
Veo,e646a455-1f6f-565e-bce7-88de5b78ce47,bicycle,40.007005,-83.008345,,20.05,True,False,False
Veo,8eecc4f0-1a36-5855-b87d-a15cc69ddfcc,bicycle,39.98535,-82.987354,,13.1,True,False,False
Veo,4c9be928-1e56-5b61-a3e2-5566a1742702,bicycle,39.978773,-83.001786,,17.37,True,False,False
Veo,2fd0b3d6-0f7e-50ec-840f-9e8ef79f5272,bicycle,39.927608,-82.957383,,17.89,True,False,False
Veo,c0f60c0c-69e3-5e87-ba03-5cb754d3c100,bicycle,39.956886,-83.012623,,24.84,True,False,False
Veo,bfee6c5d-be07-5bfe-94b4-8ff84015a5ce,bicycle,39.962121,-82.954634,,28.14,True,False,False
Veo,807b7d0c-2757-5b5a-8619-e2fa6862f0b4,bicycle,39.959214,-83.008605,,5.83,True,False,False
Veo,5769a350-5f6a-5612-a796-1c56327cd88c,bicycle,39.996927,-83.011226,,9.02,True,False,False
Veo,9666bd48-8e6e-5a01-a4e0-bc3b230ae57a,bicycle,39.967512,-82.977183,,24.84,True,False,False
Veo,fa41c865-f741-50d2-a490-96574c239235,bicycle,40.037888,-82.969822,,8.43,True,False,False
Veo,bd32fb0f-ef44-59b3-a7ac-badb40a1b7f9,bicycle,39.943603,-82.849899,,6.31,True,False,False
Veo,64636442-370f-5fcb-9a2f-49b9ff3cbc23,bicycle,40.001793,-82.997242,,12.07,True,False,False
Veo,5dd304a0-ff10-54d0-b781-2d5047da1cee,bicycle,39.959713,-83.013224,,28.14,True,False,False
Veo,f8813029-7b1c-5ec7-b296-a12669b27551,bicycle,39.943432,-82.967526,,14.17,True,False,False
Veo,f6c71de3-c0b2-54e9-821f-090c1fb672c3,bicycle,40.052069,-82.962332,,13.64,True,False,False
Veo,f98d9524-b0e7-5618-a8e0-88057a921c45,bicycle,39.949896,-83.001244,,28.14,True,False,False
Veo,122a8c3f-2aa3-5418-b144-b96dbeb59b94,bicycle,39.935027,-82.992833,,28.14,True,False,False
Veo,e5fec984-6220-5ff7-9661-a50ee4b3e672,bicycle,39.946847,-83.046602,,10.51,True,False,False
Veo,b38ae078-2f7c-5cfa-9540-07fca8a87e51,bicycle,39.958661,-83.002957,,12.28,True,False,False
Veo,9b3945b6-957c-55c2-9221-ce0d9bf75403,bicycle,40.055621,-83.056593,,14.86,True,False,False
Veo,14158505-eda2-5607-97a4-723d847bef45,bicycle,39.951258,-83.010857,,4.78,True,False,False
Veo,368d606a-997c-5f72-8f19-52c6c1d63730,bicycle,40.012922,-83.006939,,14.61,True,False,False
Veo,953f2d9a-3f3c-5745-aab8-56fe90893000,bicycle,39.993424,-83.004703,,25.34,True,False,False
Veo,1fe70e3d-06e7-5d08-b73f-9608b561b66b,bicycle,39.993406,-83.034894,,24.84,True,False,False
Veo,acb7c5a5-44b6-579e-9431-fadadee09b40,bicycle,40.038383,-82.995605,,28.14,True,False,False
Veo,38f2d932-12e4-586a-9b06-477fd7a939a9,bicycle,40.021848,-82.964169,,8.09,True,False,False
Veo,f8c1d453-e2f5-55f3-a72a-a21f8669e39d,bicycle,40.076531,-82.964366,,13.1,True,False,False
Veo,a96540d1-7826-5d54-a417-f0448b31cb2c,bicycle,40.005274,-83.011018,,14.17,True,False,False
Veo,61319c50-9f7e-5025-93aa-dd2847b86bf0,bicycle,40.017324,-82.996797,,27.44,True,False,False
Veo,0b451023-aa6a-512e-b422-6c8ff2b51bd0,scooter,40.102584,-83.114396,,22.39,True,False,False
Veo,513a973c-d593-5429-aa2a-1ed50bf180bc,bicycle,39.998887,-82.985998,,28.14,True,False,False
Veo,59c6c2d7-de23-5ab8-91f5-4da66ffe6593,bicycle,39.956042,-82.856175,,6.31,True,False,False
Veo,4825c914-1c24-57f0-9662-5d594a7825ab,bicycle,40.004844,-82.997542,,28.14,True,False,False
Veo,d3997d91-1a6b-5078-b4bf-0db3b0ca4eb7,bicycle,40.03846,-82.995614,,9.02,True,False,False
Veo,28afa7e6-825c-55de-8de8-c6350771820f,bicycle,40.003537,-83.014806,,25.65,True,False,False
Veo,1a84f21c-e9c1-5f9c-bc94-0de2ecd0f839,scooter,40.07454,-82.921193,,27.02,True,False,False
Veo,91c96117-5c7c-5237-9537-2e6a1439b824,scooter,39.968753,-82.996251,,10.51,True,False,False
Veo,d22d16dc-3ee9-53c5-9c68-e965ee5d4701,scooter,39.928073,-82.976123,,25.34,True,False,False
Veo,58f01b60-4c20-5412-948a-6153035297f0,scooter,39.994727,-83.003994,,25.12,True,False,False
Veo,a54d2129-424b-5b2c-9b19-75920c33751d,scooter,39.915968,-83.034473,,27.02,True,False,False
Veo,21975a5b-e0da-5404-985c-2e4667ed4e77,scooter,40.025003,-82.980724,,13.64,True,False,False
Veo,9a95aa68-ba0f-5ab4-9414-df3d3a93fb27,bicycle,39.898143,-82.998453,,28.14,True,False,False
Veo,8c5fe6f2-7438-5322-a6b7-57eceb3059ff,bicycle,40.011936,-82.997899,,28.14,True,False,False
Veo,ab24e612-98a8-5216-9fa9-8abf5788189c,bicycle,39.955909,-82.945181,,26.51,True,False,False
Veo,bd603062-d8a6-5384-a11c-7de1702c950b,scooter,40.00767,-83.026424,,25.12,True,False,False
Veo,207e3a7a-834c-5cf7-85bb-11871b55ba6c,scooter,40.021815,-82.964204,,12.28,True,False,False
Veo,e89083be-29f7-5017-81b0-2cdc6ea2d3dd,scooter,39.964248,-83.001058,,25.12,True,False,False
Veo,eb1f04f0-3c42-5bd8-9405-585bd407bcd5,scooter,39.977116,-82.998232,,25.94,True,False,False
Veo,416b1a7b-23b7-5783-967b-896ca7ae979e,scooter,39.957604,-83.011417,,24.33,True,False,False
Veo,236e1481-5bae-5f11-9aa8-b0b8d0455fb8,scooter,39.97232,-82.992998,,28.14,True,False,False
Veo,ffbceef6-2a85-5caa-a97b-8cdb07de0660,scooter,39.997825,-83.013434,,1.56,True,False,False
Veo,e8653d7f-ee77-584e-9321-2dbcf42a813f,scooter,39.962003,-83.00281,,28.14,True,False,False
Veo,a6048d99-42ed-5f30-ad3e-b4fd8466c832,bicycle,39.976069,-83.004893,,19.05,True,False,False
Veo,edbc0529-a76d-5451-a2b2-9eb76761549c,scooter,39.960801,-82.981999,,23.02,True,False,False
Veo,026ac16f-d68d-5ff0-8ebb-e3828fb2c4fa,scooter,39.93582,-82.997268,,25.74,True,False,False
Veo,6187c35f-93af-5a45-a1fe-60a71cd8402b,scooter,40.006583,-83.006298,,14.43,True,False,False
Veo,341d1950-a633-5fbe-b071-9ac2a1d13a92,scooter,39.966769,-82.999191,,14.61,True,False,False
Veo,36a117e2-725b-5846-9f4b-51fa2d0be21c,scooter,39.97161,-82.965862,,14.43,False,True,False
Veo,3ff824cd-d189-5764-a98e-5717d1c9fa76,scooter,39.987377,-83.022827,,13.64,True,False,False
Veo,bc56faab-de5d-5084-8fde-9eaef196e4ee,scooter,39.980813,-83.002256,,28.14,True,False,False
Veo,9908e42b-ff28-5591-9ae3-2c882f79b67f,scooter,39.939195,-82.960792,,25.12,True,False,False
Veo,77c9e830-9798-546a-a5f0-6262593c342c,scooter,39.956786,-83.003189,,15.89,True,False,False
Veo,ef965446-a70f-546f-a590-0c067027baf0,scooter,39.932749,-83.048845,,8.43,True,False,False
Veo,c9b6a484-bcb3-5ea0-b474-f2b4bbbd6e6a,scooter,39.993157,-83.008174,,12.52,True,False,False
Veo,b5af600c-63bd-5a97-97ee-f090b9d5208d,scooter,39.962015,-82.997627,,22.7,True,False,False
Veo,ec570144-9420-5d75-a2a5-1d3a42f08411,scooter,40.010953,-82.997822,,26.25,True,False,False
Veo,fb9fd674-45d8-591f-872d-c69604894cd3,scooter,39.99491,-83.002082,,27.77,True,False,False
Veo,7c512b0e-6db2-58fb-b770-9afd7e2e88fd,scooter,40.010688,-83.004456,,28.14,False,True,False
Veo,20b0e9a6-c2a5-5d87-8f74-e39c5bb46de2,scooter,40.013495,-83.028556,,14.17,True,False,False
Veo,ce5eb907-fc3f-5867-b5ca-95a905dbdf41,scooter,40.002609,-83.015744,,15.18,True,False,False
Veo,9fb49104-9b90-54a2-bd9a-ff5622d7d1a1,scooter,39.977582,-83.002578,,25.12,True,False,False
Veo,98c5f90a-80dc-5bf4-bb8e-ea3a4714a5f1,scooter,40.031516,-83.010885,,24.06,True,False,False
Veo,7d48a862-fcd7-579e-9963-17552db66f74,scooter,40.008383,-82.979463,,25.34,True,False,False
Veo,96a12ee3-9b9d-5659-a81e-e32aeb4ee242,scooter,40.004296,-83.019829,,6.31,True,False,False
Veo,1e2fe818-df9d-5369-961a-28a56a53097d,scooter,39.957316,-83.011224,,28.14,True,False,False
Veo,946e056f-b70b-5d2e-b797-2fdad318968b,scooter,40.003152,-83.011511,,12.87,True,False,False
Veo,89c606fa-6fe7-5656-842c-286d2abc685f,scooter,40.007588,-82.983715,,28.14,True,False,False
Veo,372db628-becb-5d11-82a4-2ca2c40317e9,scooter,39.971179,-83.004661,,13.1,True,False,False
Veo,d6e0b71e-3a99-5157-93d3-0bf10ce91da3,scooter,40.00491614963467,-83.01436530721811,,0.0,True,False,False
Veo,af71a8b8-f33f-5f2c-9072-b9374f2aca14,scooter,39.99288,-83.04347,,28.14,True,False,False
Veo,b9358511-6f27-5226-9647-af54924486a7,scooter,39.977536,-83.01449,,26.25,True,False,False
Veo,3fc7ee3e-975d-5917-b309-bf4a1c2ad7f6,scooter,40.002109,-83.016317,,14.17,True,False,False
Veo,825ebe79-c96e-5178-bb0c-df605b1e0cc6,scooter,39.995257,-82.965934,,24.33,True,False,False
Veo,7a0ee013-8f53-5868-bf09-ef54cc509f5e,scooter,39.959522,-83.023673,,15.89,True,False,False
Veo,63cc402a-d0ee-5bce-a9d9-aafa49c72a4e,scooter,39.976384,-83.012137,,11.83,True,False,False
Veo,25c224f3-cea4-5c91-85b7-09db0104d286,scooter,39.964388,-83.001031,,28.14,True,False,False
Veo,e93eb564-a168-5c71-9cdf-597a6f89cbd9,scooter,39.952484,-82.993394,,28.14,True,False,False
Veo,1525d853-4d8f-568a-8085-e9d4b94f6fdb,scooter,39.964102,-83.006411,,1.83,True,False,False
Veo,6f34d724-4b66-569c-9e0d-1143741e85f3,scooter,39.984338,-83.029157,,28.14,True,False,False
Veo,0d5e8cd9-7c3a-5c41-a0f9-68ad786792a7,bicycle,39.941562,-82.966388,,28.14,True,False,False
Veo,9d30c29e-7548-58bf-b89f-685f9b31fd22,scooter,39.956578,-83.035607,,25.34,True,False,False
Veo,d77b93f6-6be2-50e2-8d85-05aacc6e68dc,scooter,39.960012,-83.001638,,7.29,True,False,False
Veo,863ac69f-25f7-526e-b76d-1cf28f89dde7,scooter,39.985154,-83.04448,,27.77,True,False,False
Veo,ce7d4722-7bea-5abb-aa07-f9b9d5fa9865,scooter,39.974067,-82.958499,,28.14,True,False,False
Veo,05a89c44-95a8-5abb-954a-829a3732834d,scooter,39.995712,-83.01208,,24.84,True,False,False
Veo,41add78c-2f63-5735-95d1-bfebc931dab6,scooter,39.995949,-83.015903,,24.84,True,False,False
Veo,0167a9a8-a09c-502f-ad18-03e44d28b715,bicycle,39.978678,-83.018764,,27.02,True,False,False
Veo,3e77ba81-78b9-5dbb-9aa8-2e3dfc5a0403,bicycle,39.937092,-82.94905,,14.17,True,False,False
Veo,9ae2237a-e7a6-5885-bb4f-c1863cd6d969,scooter,39.980967,-83.011848,,14.61,True,False,False
Veo,42902ac1-7301-548a-9cf4-9f7e57c1617a,scooter,40.000127,-83.021763,,12.07,True,False,False
Veo,4954c821-8184-5e7c-b671-c019437d2b68,scooter,39.956369,-82.977003,,4.92,True,False,False
Veo,defc028d-e8c1-5b91-bbc2-99e66316d77a,scooter,40.0035,-83.010632,,15.45,True,False,False
Veo,cd15bad0-1ed9-5637-9617-f40c1c6daa4d,scooter,39.970705,-82.982225,,28.14,True,False,False
Veo,1f455aa9-ee0d-5316-ab0f-510f4155e108,scooter,40.025907,-83.002637,,28.14,True,False,False
Veo,d57cdadb-8b54-5dee-b466-313db8d9853d,scooter,39.957474,-82.990022,,28.14,True,False,False
Veo,4e351f08-73f0-5499-8881-f4fcb2a6316f,scooter,39.943407,-82.976376,,25.34,True,False,False
Veo,2d11acc5-ce2e-537f-a3a0-27322069ba17,scooter,39.951425,-82.995915,,13.64,True,False,False
Veo,2d7af462-51be-5699-ab86-83738c92cbbb,scooter,39.960233,-82.983106,,18.67,True,False,False
Veo,2bc69650-4677-544a-b221-df9308d7cec8,scooter,40.001513,-82.997418,,24.06,True,False,False
Veo,33eef1d8-6189-5bc5-abf2-da1dee4af570,scooter,40.015676,-83.003322,,28.14,True,False,False
Veo,9b9e91b2-3382-532d-b078-2bfa9631c2e3,scooter,39.95232,-83.09301,,28.14,True,False,False
Veo,7eb40d9d-b074-5df7-ab5b-07c07a209f91,scooter,40.009788,-83.006476,,28.14,True,False,False
Veo,f14841aa-c01e-52ac-8c79-bbd2b0820a73,scooter,39.96429,-82.871328,,14.43,True,False,False
Veo,62f91806-b100-5842-9879-1b9930ab5931,scooter,40.014439,-82.963719,,16.39,True,False,False
Veo,af820412-44b9-5be2-a3d6-ea266f130ab3,scooter,40.033717,-82.985905,,24.84,True,False,False
Veo,004a544c-1327-5149-8f4d-a13f71405a97,scooter,39.961695,-83.01306,,25.12,True,False,False
Veo,151fbeac-40d0-55d8-9a5e-29e8e7a04134,scooter,40.00582,-83.013502,,22.39,True,False,False
Veo,e5f7aa2f-70c7-5839-8e82-bcae7b171f21,scooter,40.007738,-82.983982,,15.45,True,False,False
Veo,46b93992-b8e8-50e9-b029-3de119b1c076,scooter,39.943147,-82.954146,,28.14,True,False,False
Veo,a11dc36b-3ba4-577b-9541-673b80d94afb,scooter,39.997285,-82.998774,,15.18,True,False,False
Veo,8b801037-a332-5fdc-a2dd-e7460722a6ce,scooter,39.984598,-83.019303,,12.63,True,False,False
Veo,78acaa8c-4adb-5d04-8ddb-c12195871fd9,scooter,39.957729,-82.996304,,6.67,True,False,False
Veo,b46a0ae6-715f-511e-a2ee-48a039615233,scooter,39.963307,-82.955191,,13.64,True,False,False
Veo,4767ab38-630e-5e88-8fb6-e1bfc5dc4634,scooter,39.978011,-83.003589,,24.06,True,False,False
Veo,8af3d5f2-494c-58be-85a9-5926ecb4af1e,scooter,39.975759,-83.01653,,25.12,True,False,False
Veo,a56914cc-b489-5eda-b999-fe8a88a62278,scooter,39.956112,-83.010485,,28.14,True,False,False
Veo,38b74878-7c55-52b4-80e0-3615b21463a3,scooter,39.998067,-83.009637,,12.07,True,False,False
Veo,f3b07474-6573-54e3-8056-78a59d4858f2,scooter,40.00085,-83.007733,,12.52,True,False,False
Veo,9dacc48d-8848-5a10-86b3-c2f6e709a943,scooter,39.965147,-83.004811,,15.18,True,False,False
Veo,119933c0-a8a3-5201-8e45-9cfe97e11264,scooter,39.955244,-82.992848,,18.67,True,False,False
Veo,0a2a323b-ce63-5ffc-8fe1-fb7105a851f1,scooter,39.965928,-83.003971,,18.67,True,False,False
Veo,5ada1643-43c5-5470-804b-81a360774c46,scooter,40.002735,-83.018212,,5.44,True,False,False
Veo,472d5076-6efe-52f4-b32b-426f602677b9,scooter,40.032708,-82.99103,,7.62,True,False,False
Veo,8bdbddab-d337-54c8-beee-d8ebe1ef60f5,scooter,39.950197,-83.000222,,28.14,True,False,False
Veo,ef1f631e-1887-556f-b3b4-db40f3f9137d,scooter,39.964045,-83.04443,,24.33,True,False,False
Veo,c488f1a9-558d-5e58-9c86-dc30bfdf8bf7,scooter,39.98514,-83.044462,,16.84,True,False,False
Veo,83a97332-77d7-5cdb-a2a2-4e0d6068a3f8,scooter,39.991598,-83.010737,,24.06,True,False,False
Veo,8ed41aa6-9af6-56e3-8ab7-7ab539bda067,scooter,39.971387,-83.004789,,25.12,True,False,False
Veo,ed7b8371-a34f-5ca7-b613-7108f874989b,scooter,39.995855,-83.013555,,28.14,True,False,False
Veo,e92f6eff-c91f-56a4-949e-6ff1f4752332,scooter,39.955085,-82.994891,,24.06,True,False,False
Veo,846fea72-6501-5035-b197-42f2be498363,scooter,40.008238,-83.000002,,24.84,True,False,False
Veo,58ff6592-a2e7-5f65-bdb0-7b0cd0ce108d,scooter,40.011989,-82.968582,,27.02,True,False,False
Veo,b7bb6c30-9009-51b6-8a5e-3084c9989959,scooter,39.983466,-83.006323,,25.94,True,False,False
Veo,7ba853fb-7c0e-5d90-a135-fdc75db7f65f,scooter,39.985055,-83.012705,,24.33,True,False,False
Veo,0270a943-91a0-55a9-831a-4aab6235fb82,scooter,39.900844,-82.998874,,12.52,True,False,False
Veo,eefc510d-459f-5914-84af-9139cad95b49,scooter,39.972354,-83.002764,,28.14,True,False,False
Veo,3588d704-afea-5b5d-9f7e-a5c2e3dddff7,scooter,39.9589,-83.030497,,17.89,True,False,False
Veo,73ad77df-e98d-5f4e-938b-9f93990c1360,scooter,39.949661,-82.98756,,9.65,True,False,False
Veo,6a5f743d-b1e5-5965-aa14-cb961161f5e4,scooter,39.952106,-82.981576,,28.14,True,False,False
Veo,86a1c00d-c315-5f4c-a12f-7640c9f7a343,bicycle,39.997773,-83.022606,,2.09,True,False,False
Veo,c6371a32-df5b-53a6-91d9-8883ef41b15b,scooter,39.956878,-82.995133,,17.89,True,False,False
Veo,7dbb1a87-8ae4-5333-8729-ac3c7188c3c3,scooter,39.964683,-82.964616,,28.14,True,False,False
Veo,e4cfb357-1dc9-5af5-8de3-1039540a16ba,scooter,39.966223,-83.000427,,28.14,True,False,False
Veo,5a837ea3-fb33-5e22-ba05-14c47f19c2f1,scooter,39.968093,-83.013838,,14.17,True,False,False
Veo,77f4b96e-e564-56ed-8963-df0cb61012c6,scooter,39.993762,-83.005712,,16.84,True,False,False
Veo,583c5c8f-81b6-555d-a57a-e1d34e79194e,scooter,40.003115,-82.998443,,7.29,True,False,False
Veo,b0c73fb3-e52f-54a1-bc22-0c9cbcd45947,scooter,39.958921,-82.999713,,10.51,True,False,False
Veo,57925b5b-6306-5c5c-b964-1ff86a0cf3ce,scooter,39.929033,-82.966484,,15.89,True,False,False
Veo,b342d932-47a0-542c-9311-1ceb5287efee,scooter,39.933263,-82.980547,,14.86,True,False,False
Veo,ce34d843-b456-59cf-8bdc-ba6b0d902329,scooter,40.1057,-83.110275,,28.14,True,False,False
Veo,77bcf3a4-4307-569f-9f5f-0aec0158bc6e,scooter,39.951277,-83.001353,,27.02,True,False,False
Veo,97fcbf6f-31b6-51d0-a41d-8fcd8a72a9be,bicycle,40.010155,-82.950009,,25.12,True,False,False
Veo,7f28f50e-47d0-5d0c-8e1d-ddcfe5309322,bicycle,40.031454,-82.986922,,12.63,True,False,False
Veo,f56aeeb7-e403-59d6-9a62-8583e4c311a3,bicycle,39.92447,-82.990782,,12.52,True,False,False
Veo,0d589934-0b5c-518c-a959-6634faaf4644,scooter,39.951987,-82.98167,,11.83,True,False,False
Veo,2c89e3e8-8233-5666-9909-ff5f4cdc0c00,bicycle,39.981601,-82.983451,,1.15,True,False,False
Veo,4c9e3168-501a-5f93-a71f-bac039b3ae29,bicycle,39.996849,-82.999047,,25.34,True,False,False
Veo,07ae83ef-c0d2-5bfd-8335-ac30c9a54fe8,scooter,39.957494,-82.999617,,21.49,True,False,False
Veo,c3cc54b7-8132-56fd-a2cd-8f5094dcd4d7,bicycle,40.00447688,-83.0088818,,0.0,True,False,False
Veo,79c5f7a0-1033-5f37-b5b6-2aa8f2b0c1f2,bicycle,40.015797,-83.03055,,24.84,True,False,False
Veo,50df3bfc-4310-538c-aed1-d7025ebda1e5,bicycle,39.957405,-82.951889,,19.78,True,False,False
Veo,a2ebcf69-26c1-55c8-b589-7acf2e076895,bicycle,39.96417,-83.001131,,20.37,True,False,False
Veo,35db6b50-effc-549d-ad31-0d6174c90823,bicycle,39.935036,-82.992845,,28.14,True,False,False
Veo,7e975cf9-61cd-5fef-be76-0b607d074ec6,bicycle,39.984581,-83.023326,,19.05,True,False,False
Veo,bf27368f-3a8f-500b-b441-36fd75f6863d,scooter,39.95766,-82.998218,,8.43,True,False,False
Veo,d21ffba7-1d85-56e5-8b82-3f76f5564a97,scooter,40.010408,-82.997454,,25.74,True,False,False
Veo,7d75b3dd-2938-58e2-9b64-eec2d2eb727f,scooter,39.990958,-83.02651,,28.14,True,False,False
Veo,aadde5e6-250d-5e3d-97ca-15a075db7f64,scooter,40.015005,-82.98884,,6.07,True,False,False
Veo,72ca5725-1be0-5a22-b759-83438adfb4ee,scooter,39.963665,-82.987528,,28.14,True,False,False
Veo,fec038a8-f94a-5ff0-95c5-e8a74cd4e3e3,bicycle,39.94958,-82.986846,,28.14,True,False,False
Veo,c0645a96-601d-587a-80b9-b512f55b99a6,scooter,39.999132,-83.015444,,21.49,True,False,False
Veo,8441bdd0-dcd8-5d46-98f5-313880f41171,scooter,39.972164,-83.002376,,28.14,True,False,False
Veo,b51a08e6-31c9-501c-a81d-e5bdf33b2aa5,scooter,39.954844,-82.999351,,14.86,True,False,False
Veo,1e60b584-e8f2-55fd-bb04-8b4fa1b2fb16,scooter,39.957367,-82.995347,,24.84,True,False,False
Veo,f3891d63-2225-5188-a02f-42e88188f717,scooter,39.956239,-82.987628,,27.02,True,False,False
Veo,0a7451ab-21e7-5e1e-98f6-73b2b7f6a50f,scooter,39.965203,-83.004818,,26.78,True,False,False
Veo,b8ea5b1d-e38d-5c88-acf7-8d6b19958e90,scooter,39.95664,-82.973411,,7.29,True,False,False
Veo,95fbb3a1-098b-5924-92e2-9feb44dce922,scooter,40.05357,-83.06245,,16.39,True,False,False
Veo,cddd1441-0b4e-5541-9666-19bb855f0874,scooter,39.941828,-82.972007,,28.14,True,False,False
Veo,e7475485-204b-532c-830a-4c4882926a69,scooter,40.008057,-83.03333,,8.43,True,False,False
Veo,abc6216a-ee5d-53f4-a68b-076f9223c0d2,scooter,39.984015,-83.007459,,28.14,True,False,False
Veo,82731f78-9a97-51db-b757-356f7c7ba118,scooter,39.995567,-83.020559,,14.61,True,False,False
Veo,0dca13dc-4a3a-55f4-9eb8-fb533115bb0d,scooter,39.941983,-82.994962,,18.67,True,False,False
Veo,07e7995d-6cd9-5be5-b0a7-17ee7f555ef5,scooter,39.950179,-83.000237,,28.14,True,False,False
Veo,a6753a66-5927-5273-8844-98a7a31ef45a,scooter,39.958871,-83.012849,,28.14,True,False,False
Veo,1ef3f8fc-e061-578e-ba73-c6f15b7efbb9,scooter,39.997361,-83.021189,,15.18,True,False,False
Veo,c7fa120b-d38f-52e7-99d9-c58e89d0ca2a,scooter,39.958223,-83.000794,,25.65,True,False,False
Veo,aa77bae4-ad58-5029-9c71-01ec1cb9dfb1,scooter,40.010499,-82.998083,,22.7,True,False,False
Veo,6e4171d4-9f8f-5529-ae92-59bf2696bb74,scooter,39.96323,-82.981316,,28.14,True,False,False
Veo,5ed0de5c-5a87-5c4a-b489-fac1d9141665,scooter,40.016123,-83.000545,,19.78,True,False,False
Veo,7d85cc73-2808-520d-a8d9-581cc22f0688,scooter,40.003216,-82.998605,,23.02,True,False,False
Veo,3c5fb846-240b-5943-b688-29a55fa48f2e,scooter,39.953069,-83.074433,,28.14,True,False,False
Veo,872cfce4-3587-5a40-86d1-ffbac08c2229,scooter,40.001497,-83.048183,,23.33,True,False,False
Veo,30486a71-5051-59f2-aafd-a84b42ce371c,bicycle,39.974681,-82.908836,,28.14,True,False,False
Veo,07673a4a-e0d9-5381-b2e5-604246df13ab,scooter,39.986926,-83.009431,,25.12,True,False,False
Veo,c3d65ee0-2759-5aec-b3d5-867d790e358e,scooter,39.945875,-83.009066,,20.78,True,False,False
Veo,733f7ca4-eca6-5df6-a7c1-8cbde026c490,scooter,39.958163,-83.011619,,15.45,True,False,False
Veo,1b3a2837-0ddd-50db-93a4-db345a2f8c8b,scooter,39.99095,-83.001783,,14.17,True,False,False
Veo,7bfc3eaa-371a-5ced-b7c0-53a20426af98,scooter,39.955686,-82.949267,,8.09,True,False,False
Veo,de2208cf-f1d2-560f-97e2-eac1627572cf,scooter,40.005574,-83.028588,,28.14,True,False,False
Veo,b619a866-c3c7-52c4-9856-59a1f4d36ff0,scooter,40.03059,-82.981863,,28.14,True,False,False
Veo,6556670e-f0c7-5509-b057-0a403176413f,scooter,39.988512,-82.999283,,18.19,True,False,False
Veo,5aabc784-7965-537f-b78a-95abf8b310cb,scooter,39.95105,-82.99888,,12.52,True,False,False
Veo,e9482f87-ca8d-5384-ac55-3e8084eba1a5,scooter,39.949426,-82.986821,,12.87,True,False,False
Veo,b296bf02-caeb-54b3-aa5e-37ae9b267c10,scooter,39.947966,-82.997681,,20.05,True,False,False
Veo,de99d428-8592-5d2f-8df3-199f3f8b266f,scooter,39.956545,-82.987819,,28.14,True,False,False
Veo,e66dab51-3b7d-50e3-9646-76c602b608ec,scooter,39.982513,-83.020427,,9.29,True,False,False
Veo,536b55ca-8513-51db-9a03-f577c71ba76e,scooter,39.972347,-83.002836,,28.14,True,False,False
Veo,92308f8e-83a7-518a-9732-9c341d2a3c8b,scooter,39.96468,-82.980553,,26.78,True,False,False
Veo,d9826cf2-b62f-513e-acf3-6372ca7cf735,scooter,39.986713,-83.0074,,21.49,True,False,False
Veo,0317d8f4-5dc5-59e0-ab66-9de1af5ef66f,scooter,40.020731,-82.986325,,14.86,True,False,False
Veo,9ae6d426-0534-5bc8-ac6d-6be46f81e5b1,scooter,39.99473,-83.017847,,25.65,True,False,False
Veo,741d1665-270d-56f3-9e14-6e851c8b21c1,scooter,39.938814,-82.97307,,13.1,True,False,False
Veo,324c5fda-b4a7-5ca1-88a6-d259a947f9d8,scooter,39.958876,-82.975001,,12.63,True,False,False
Veo,20f6ccac-323d-51a1-93d9-64620d270a27,scooter,39.984528,-83.01549,,13.1,True,False,False
Veo,aa18dff1-afea-5881-87d1-34731021a15b,scooter,40.012237,-82.997923,,13.1,True,False,False
Veo,b534fc50-dbe3-54a2-b7ca-2a116ba88a42,scooter,40.000744,-82.98638,,27.44,True,False,False
Veo,c0652ece-1c9c-555f-871a-3c6137e32435,scooter,39.991141,-83.001148,,27.77,True,False,False
Veo,80a33bf6-9660-5af9-8c2b-eda24b7115ec,scooter,39.958369,-82.992597,,27.77,True,False,False
Veo,ea7b63f9-9541-5fdd-8298-3822c2f72f18,scooter,39.989213,-83.055845,,6.07,True,False,False
Veo,db0890ea-f4fc-5564-8bb1-1b5b1c550ed0,scooter,39.990359,-83.014977,,22.7,True,False,False
Veo,650fdacb-ecca-5c44-8d9a-12168f3a2697,scooter,40.02692,-82.999188,,28.14,True,False,False
Veo,5836192b-dfa7-5cbb-874f-3254625927b5,scooter,40.000701,-82.986378,,27.77,True,False,False
Veo,7d99d24f-1535-5707-9df2-69d339c1f952,scooter,39.996203,-83.010518,,12.28,True,False,False
Veo,f203ce4d-72b3-5071-a2d6-afaa8d77e890,scooter,39.998048,-83.009506,,13.1,True,False,False
Veo,0ffdd0a3-959a-5dcd-bd52-985410d32efd,scooter,39.986911,-83.009436,,12.28,True,False,False
Veo,2676dd52-d734-5c71-9d66-36cd522f499f,scooter,39.960348,-82.95975,,25.94,True,False,False
Veo,92b124f6-393e-5567-9518-04ee3c8a34a8,scooter,39.971682,-83.002745,,26.25,True,False,False
Veo,1110f13b-0b28-50be-85c7-f0749dbaf633,scooter,39.966092,-82.975983,,23.02,True,False,False
Veo,45480356-602c-5fcf-9a61-bfdf1cd88f50,scooter,39.929381,-82.993538,,22.7,True,False,False
Veo,19f95d5b-4585-5ef3-aba4-011b7a8570f4,scooter,40.004764,-83.005971,,25.34,True,False,False
Veo,cdc1d77e-e8ca-5e92-a89b-a357d6a82e86,scooter,40.010293,-83.001087,,10.31,True,False,False
Veo,1ace5647-2b99-5351-8296-51a92b02bdeb,scooter,39.929698,-82.995645,,28.14,True,False,False
Veo,bd8aa41c-ca43-5a5c-80b4-383ee2ddf61b,scooter,39.996207,-83.029537,,15.89,True,False,False
Veo,748222e0-b696-5fb8-b72f-8fbe003b5a32,scooter,39.950447,-83.008103,,28.14,True,False,False
Veo,cb0ada38-b197-5c30-a4f4-6008b8fd7618,scooter,39.986944,-83.01307,,28.14,True,False,False
Veo,71049a54-0145-50b2-8616-f1c4b0c17554,scooter,39.948936,-82.989432,,28.01,True,False,False
Veo,d8b0fcef-4cc8-5fe2-8dfc-006ccfde79c2,scooter,39.958643,-83.012775,,25.34,True,False,False
Veo,03359c4a-af4b-5581-95d0-1b980080ba5c,scooter,39.968429,-83.004655,,26.78,True,False,False
Veo,9d7105d1-3329-510c-a1f3-8a6ad3f130f5,scooter,39.949132,-82.998501,,16.84,True,False,False
Veo,4f168030-fc68-5127-affa-7a223c12beed,scooter,39.974483,-83.004105,,28.14,True,False,False
Veo,071ae46c-6f7d-594d-ba2d-d11299f2dca1,scooter,39.963274,-82.95324,,25.94,True,False,False
Veo,1e49ad49-cd79-55ba-b5ad-af984ad6498e,scooter,39.983334,-83.015549,,24.06,True,False,False
Veo,711414c9-8251-5289-9043-8a62e3e2cf88,scooter,39.988702,-83.012649,,12.28,True,False,False
Veo,7825eeb9-87b9-542d-a2f5-e2297c1b3cc1,scooter,39.959757,-82.905618,,7.29,True,False,False
Veo,7824a87d-9e14-567e-8892-8395fee43a8d,scooter,39.941983,-82.997444,,23.02,True,False,False
Veo,eba39731-4cee-553c-8ee5-4481f1d64fba,scooter,39.969434,-83.009506,,23.77,True,False,False
Veo,1f226c18-bb82-5aeb-ad04-b7ba781eab99,scooter,40.005568,-83.011261,,22.7,True,False,False
Veo,6aff6c9f-c6c3-58db-8580-ac2cb35c8db0,scooter,39.972642,-83.004518,,25.34,True,False,False
Veo,a1f29414-3af3-56d7-ad97-83e405717f8a,scooter,39.995441,-83.012616,,27.44,True,False,False
Veo,37fbaf0f-8941-5da4-bd52-ffde95169ee2,scooter,39.99428,-82.995681,,22.7,True,False,False
Veo,6af6f455-ae00-5f1d-88d8-f7f5253c3f9f,scooter,40.1017,-83.114424,,4.19,True,False,False
Veo,ceb6d5be-0c65-599e-a2d9-59a234ea429f,scooter,39.963287,-82.953304,,27.77,True,False,False
Veo,ddf21278-ce22-54f0-98e1-a8163f583477,scooter,40.009382,-82.983148,,11.83,True,False,False
Veo,e8fde532-c009-5828-9d6e-dadb52ef7ad0,scooter,40.029077,-82.989459,,28.01,True,False,False
Veo,a19bf350-aeb0-5bcb-8d3b-b214ee84afc2,scooter,39.965498,-83.000326,,28.14,True,False,False
Veo,5b0c40e5-3aeb-5db4-87ca-0dab0bc08a77,scooter,39.974913,-82.978871,,28.14,True,False,False
Veo,bab6f7e1-3bfa-5a0a-8c60-3f7017e6d1aa,scooter,39.95609,-82.945235,,28.14,True,False,False
Veo,d1b84df3-fd09-53f8-9f05-c76cee6ad276,scooter,39.974401,-83.022126,,26.51,True,False,False
Veo,e7144e3f-ee91-5081-b3d8-869ef7815c16,scooter,40.003592,-83.04254,,28.14,True,False,False
Veo,691ab243-f601-5f5e-8635-29578aa1ce1d,scooter,39.991979,-83.010358,,28.01,True,False,False
Veo,ffdbbd12-48db-5daa-88aa-a5fcff20b4f8,scooter,39.970351,-83.001767,,27.77,True,False,False
Veo,0849da84-b8e5-5c24-b943-ab9174187d6c,scooter,39.954601,-83.012509,,28.14,True,False,False
Veo,d2859382-d1a5-5938-be61-fb5eaa45ce25,scooter,39.957571,-83.011638,,11.59,True,False,False
Veo,aa6f117c-4cde-566f-ba3d-bacb85756270,scooter,39.993175,-83.009812,,28.14,True,False,False
Veo,9f0e8891-553e-5912-bd05-8e1eca316e73,scooter,40.000747,-82.986514,,15.45,True,False,False
Veo,fb2f4af0-af5e-521a-9651-8ddeabba6740,scooter,39.941959,-82.994984,,28.14,True,False,False
Veo,b09e253b-7100-5cd4-9d89-c9219cd2e413,scooter,40.032699,-82.991062,,25.65,True,False,False
Veo,ee3c42ad-c519-57d2-97e7-39d2cee2661f,scooter,39.995872,-82.998241,,28.14,True,False,False
Veo,f4b5afe8-5e4b-5a74-8deb-38d7ba58ec65,scooter,39.956622,-83.013202,,27.77,True,False,False
Veo,bf09dd41-f7b1-5062-91a8-5cc91e47dc39,scooter,39.950208,-83.000288,,28.14,True,False,False
Veo,f9b116b3-764a-54e1-869a-5ad1be6bf17b,scooter,39.955498,-83.012551,,23.77,True,False,False
Veo,471f5d6d-0634-5243-b01e-09c5b6dbb898,scooter,40.005129,-83.00908,,7.29,True,False,False
Veo,6abdb524-76ad-54b4-a6c4-c445a940d69b,scooter,39.986759,-83.007487,,27.44,True,False,False
Veo,e64b67a9-3733-5e09-bf10-a0cdbd3cfe45,scooter,39.929347,-82.982726,,20.37,True,False,False
Veo,e2dd9c57-ed37-5db6-b772-52a742eaa95a,scooter,40.000287,-83.00751,,12.28,True,False,False
Veo,bcba4c2d-2077-5217-ac73-d50d931a78f6,scooter,40.005866,-83.037039,,10.51,True,False,False
Veo,2216d34f-4318-5186-9196-8f842ac79b02,scooter,39.980175,-83.011718,,14.86,False,True,False
Veo,e5ad8381-10ff-5c66-bd5f-b6348a12cdce,scooter,40.096253,-83.092975,,10.79,True,False,False
Veo,38f59d51-6f8e-5815-b57e-facbca365152,scooter,39.951606,-82.999306,,27.02,True,False,False
Veo,1f930774-262f-5ffd-a2c2-2c2394891300,scooter,39.991031,-83.028272,,12.87,True,False,False
Veo,d4aeec64-81db-50f0-b803-8515df7b1d22,scooter,39.994205,-83.005705,,27.18,True,False,False
Veo,2edf3492-80aa-52b2-82cc-0973ef6bc760,scooter,39.977027,-83.011243,,22.7,True,False,False
Veo,297e670b-5d55-560f-9d49-3896a5aa8788,scooter,39.99558,-83.012895,,19.78,True,False,False
Veo,6b264682-0b90-55ab-b2d5-cc89c98f72d6,scooter,39.963807,-83.000536,,28.14,True,False,False
Veo,98b71d0a-5069-53ac-8a42-6e57fa6f27ac,scooter,40.00549,-83.011431,,28.14,True,False,False
Veo,7bd65ccb-f5e0-50bd-b279-f7534e84f50d,scooter,40.010993,-82.997719,,25.34,True,False,False
Veo,bb1026c7-fd0d-508c-90ad-b155fcd646fa,scooter,39.956538,-82.987818,,8.09,True,False,False
Veo,029d3672-f1bd-582f-bd5d-b1e4dbd0c445,scooter,39.962354,-82.992078,,22.7,True,False,False
Veo,96a71068-fa47-5390-be81-20164e9e9674,scooter,39.998475,-83.004464,,28.14,True,False,False
Veo,504c92bb-5019-5cca-b44c-5b4706f2aa73,scooter,39.966955,-83.005571,,14.61,True,False,False
Veo,00d75453-21da-5544-81e3-3392612e9e47,scooter,39.984217,-83.022444,,26.78,True,False,False
Veo,985fee8f-135a-5e54-ac92-6d830bbd7fe0,scooter,40.006755,-83.01154,,20.05,True,False,False
Veo,c1767c9f-4f74-5ebb-84b9-62a35a139856,scooter,39.986908,-83.009475,,27.44,True,False,False
Veo,a7c3633d-2976-5888-bf28-7a6bdf87bd2e,scooter,40.102897,-83.140758,,10.79,False,False,True
Veo,c3153601-8c6c-5ddb-898a-87cf8b776193,scooter,40.004537,-83.013588,,14.43,True,False,False
Veo,0d78ccea-9c38-55b2-8d46-1a585e1641e3,scooter,39.996306,-83.047762,,28.14,True,False,False
Veo,def3ad2c-94f0-5c6e-9e86-7ff33b6d6f56,scooter,39.977731,-83.001583,,28.14,True,False,False
Veo,be64af80-e5fb-5a2c-906a-4aba90db0ee6,scooter,40.020295,-83.038267,,19.05,True,False,False
Veo,3249a87d-bb95-50e6-ab60-09c324ab7b3b,scooter,39.990603,-83.013698,,28.14,True,False,False
Veo,058836c3-bff0-5594-922a-f53820321144,scooter,39.985674,-82.998184,,16.84,True,False,False
Veo,dc1a30bc-a445-5222-9e6f-c9948c27f607,scooter,39.998166,-83.019759,,28.01,True,False,False
Veo,9fce0a2d-165f-5dcc-b19b-fc33c43a3cdb,scooter,40.000403,-83.022147,,14.17,True,False,False
Veo,1ab2ef28-01f2-5b7b-a3a2-e202894de069,scooter,39.980304,-82.923052,,27.44,True,False,False
Veo,68f83aac-5a23-563a-8b27-420c388ce5c9,scooter,39.951441,-82.981173,,28.14,True,False,False
Veo,07361b3d-d3d6-5fe1-9b89-1b3bc199acc9,scooter,39.986591,-82.980956,,9.65,True,False,False
Veo,c5481fec-0e7b-5f65-89dd-ac066602a173,scooter,39.928361,-82.990746,,24.33,True,False,False
Veo,fe6c4cfd-ee34-58eb-a564-5d515c2514a2,scooter,40.032681,-82.991073,,14.86,True,False,False
Veo,4f2c3f6c-6430-5fce-9b82-4213605da59f,scooter,39.966155,-82.975967,,28.14,True,False,False
Veo,2019779a-05cb-5d60-bc78-b70ca031acaa,scooter,39.983121,-83.008503,,12.63,True,False,False
Veo,b3cd332c-5f07-5749-8354-c19627bc5ec9,scooter,40.001757,-83.014615,,22.7,True,False,False
Veo,0905ddad-afac-54db-a972-a32c9b7c9a75,scooter,39.96312,-82.980547,,9.02,True,False,False
Veo,3d956a6f-d8a5-516b-9f00-b7197946191d,scooter,40.035492,-82.977865,,11.11,True,False,False
Veo,b819289a-c2fb-5a9d-96ac-b87a8f3bf256,scooter,39.973268,-82.946886,,26.25,True,False,False
Veo,11fbc091-0c52-552a-bbcf-4b1a4e12cefb,scooter,39.960773,-83.017817,,26.25,True,False,False
Veo,ce5491f8-613a-5af8-b034-30357c43da78,scooter,39.943428,-82.967395,,27.44,True,False,False
Veo,3d4c4cfb-6f3c-591a-a0a5-0e92a8aac9a5,scooter,40.011954,-82.968546,,26.51,True,False,False
Veo,a189aab8-d36c-5306-a954-0b6ab97a938a,scooter,40.004738,-83.01187,,28.14,True,False,False
Veo,36c2cccb-2578-5146-9dbf-6aa85288ed98,scooter,39.99388,-82.983397,,28.14,True,False,False
Veo,2da9fcc7-b3f3-5805-ab3e-284772814614,scooter,39.990927,-83.001807,,14.86,True,False,False
Veo,7ba05576-db58-5442-86f7-fbdab75c3230,scooter,39.926012,-82.984209,,13.1,True,False,False
Veo,25c9fedc-9cda-538e-b07b-43531476fe2a,scooter,39.948338,-82.993594,,28.14,True,False,False
Veo,a65a1ee9-40ac-5706-87b6-4078e06cd42f,scooter,39.986908,-83.009432,,26.78,True,False,False
Veo,95198826-0f82-5d9d-84a3-8d838b5f22c7,scooter,40.000621,-83.003092,,28.01,True,False,False
Veo,c1a34d50-fe15-543f-895f-cc292f2d71f0,scooter,39.925495,-82.939535,,24.84,True,False,False
Veo,e0cd3b75-04a8-5bed-83e9-cd2b4cef06f9,scooter,39.951081,-83.001349,,27.44,True,False,False
Veo,954902ea-3e01-5683-9ed5-99f6a0a7424d,scooter,39.951244,-82.976935,,28.14,True,False,False
Veo,0fee65b1-a43e-5fc0-ab32-17dce1fb1d9e,scooter,39.943419,-82.987374,,13.39,True,False,False
Veo,d34c005e-a463-5c1a-a423-235e11155fb9,scooter,39.98381,-83.002552,,8.43,True,False,False
Veo,a1377cc2-2fc9-52a8-be89-7cea58a17f96,scooter,39.994499,-83.001172,,28.14,True,False,False
Veo,64f7f887-dfc5-5827-b70a-7faa0be38d17,scooter,39.957246,-82.938179,,15.18,True,False,False
Veo,04850da8-ef87-5579-a6a9-9729f1e76c2e,scooter,39.953581,-82.977877,,28.14,True,False,False
Veo,ff4a274f-ff5e-50fe-876a-3ffa84d076f6,scooter,39.976764,-83.0112,,14.61,True,False,False
Veo,0e72f27e-ad90-5c63-888d-8efe3db93491,scooter,39.963732,-82.987407,,11.83,True,False,False
Veo,f4567360-b4e9-5177-a9df-3cf846584724,scooter,39.972192,-82.977353,,12.52,True,False,False
Veo,5b2e7c27-4804-5e38-a8cd-6bad735a3f7a,scooter,39.998158,-83.021915,,11.83,True,False,False
Veo,287e7b0a-f144-53d3-a973-ff0c65acfbb8,scooter,39.94449,-82.989662,,27.02,False,True,False
Veo,07e20879-5498-51fa-a38d-45825064a13a,scooter,39.999889,-83.001231,,28.14,True,False,False
Veo,8dcc5114-a0c9-58c2-b113-95104bea86fc,scooter,39.980888,-83.008736,,6.98,True,False,False
Veo,5b6e9c8f-cf4e-5916-a158-1dc4159c25da,scooter,39.985168,-83.016643,,26.78,True,False,False
Veo,b92073f1-e7b4-5a67-95aa-83682ad75239,scooter,39.959042,-82.969875,,20.37,True,False,False
Veo,3e32c277-a05c-58d0-b4f4-a7cd1f668e95,scooter,39.97752,-83.002598,,26.78,True,False,False
Veo,9a19ba5e-49b2-5c78-bc3e-8add267c956e,scooter,39.990654,-83.042662,,28.14,True,False,False
Veo,a4585212-ad56-583f-a617-5978bbc31dc3,scooter,39.963267,-82.953205,,28.14,True,False,False
Veo,cad96dc5-cc2a-5380-a1d1-14a69471ac0c,scooter,39.930701,-82.997125,,24.33,True,False,False
Veo,5a857fdf-3e63-5f6a-94ad-55ed5512c0e1,scooter,39.984166,-83.026321,,14.43,True,False,False
Veo,846cec1a-e183-59f3-9d10-d0316957088b,scooter,39.998369,-83.00975,,12.52,True,False,False
Veo,971cda2c-1cbe-5d19-a2bc-beb38fbe7b00,scooter,39.96961,-82.978235,,10.51,False,False,True
Veo,7e36eaee-46d1-50e6-b683-0a90e90df578,scooter,40.006699,-83.009405,,7.29,True,False,False
Veo,b5738f64-620c-51fe-a926-1084a72efbb0,scooter,40.001138,-83.013681,,11.83,True,False,False
Veo,4819682b-63e6-574e-bc51-6b02bd70edac,scooter,39.958605,-83.012839,,28.14,True,False,False
Veo,9014e90e-0182-54c3-9eb5-f435f41dc654,scooter,39.967501,-82.997298,,18.19,True,False,False
Veo,4adc1880-dd15-5b3e-82d8-1ef80b674b42,scooter,40.001911,-83.01646,,23.02,True,False,False
Veo,40b42055-b678-5159-806b-5621cfb8271f,scooter,39.99287,-83.011095,,20.37,True,False,False
Veo,9d1eab20-952d-5b75-8b6a-963c87ee3c59,scooter,39.963281,-82.977417,,9.02,True,False,False
Veo,d8dcd402-8ef9-5691-b541-34bb3e9af25a,scooter,39.942728,-82.983386,,28.01,True,False,False
Veo,fd4d0839-c6c0-53ba-a397-41968e5376af,scooter,40.005027,-83.026763,,13.1,True,False,False
Veo,84bf520c-bf88-5069-83cd-7e0297c5d939,scooter,39.962347,-82.956171,,28.14,True,False,False
Veo,60a76640-a1d0-5bb3-b09e-1727066c992b,scooter,40.001253,-82.995893,,19.05,True,False,False
Veo,0549e515-b8f4-513f-8035-5b5e2a60fc9e,scooter,39.957775,-82.988049,,24.33,True,False,False
Veo,501d4e43-c2ca-5ebe-92b1-ce57b166b6bb,scooter,39.933273,-82.980681,,25.12,True,False,False
Veo,29fc6ad1-f236-54f5-989d-88ea123717b3,scooter,39.993564,-82.981103,,19.05,True,False,False
Veo,49d8d042-c843-5499-8a29-a66d5e6d8e77,scooter,39.982519,-83.020402,,10.79,True,False,False
Veo,074691ba-a131-5afb-aa0d-432ab618cf1d,scooter,39.955895,-82.999452,,14.43,True,False,False
Veo,87626f98-be00-53eb-8cf9-26adb398148f,scooter,39.941844,-82.990592,,23.02,True,False,False
Veo,48569730-8bf9-5b2b-87b0-f664760fe8ad,scooter,40.010212,-82.981391,,25.34,True,False,False
Veo,c34e40e0-d01e-5653-bc4a-5b281b7c3b22,scooter,40.002061,-83.018096,,28.14,True,False,False
Veo,8a276c40-906a-516b-a15c-7aa459e2db28,scooter,39.957408,-83.011355,,26.51,True,False,False
Veo,11ee3277-e9fd-527c-b3ff-348fe77d8607,scooter,40.003436,-83.000297,,24.84,True,False,False
Veo,70e9df17-5084-52b3-b927-9fbd1c0b812f,scooter,39.963926,-83.002025,,26.78,True,False,False
Veo,e9f9d5cc-b5cc-5607-a8ad-868bfcb8218d,scooter,39.957311,-82.965194,,28.14,True,False,False
Veo,252c5b7c-d05a-5a7f-94eb-3263e997465e,scooter,39.98822,-83.046115,,28.14,True,False,False
Veo,70e029e7-3fe2-52c6-945e-218c911b3c81,scooter,39.956251,-82.9876,,15.45,True,False,False
Veo,64775ff6-b4eb-5eb5-ad2e-03587fd04be9,scooter,39.95354,-83.032996,,28.14,True,False,False
Veo,891b11bf-d82a-5aec-89b9-a0821ec9b545,scooter,39.998565,-83.000296,,13.39,True,False,False
Veo,d8c929e7-75d5-58fb-8ad9-66fd20ebf8de,scooter,39.999108,-82.986187,,24.06,True,False,False
Veo,4be6500b-a61f-5fce-ab1e-162312c551ba,scooter,39.984707,-83.02642,,27.18,True,False,False
Veo,c938e366-7a41-5ba1-a283-1dc67f924962,scooter,39.933273,-82.980662,,13.86,True,False,False
Veo,02365fac-4d59-5e31-b215-ee145be48e4d,scooter,39.985386,-83.006548,,27.02,True,False,False
Veo,1e2755fb-3807-50f9-917a-7d3493d43de6,scooter,39.949364,-82.982712,,23.02,True,False,False
Veo,e2b34296-3300-5cd6-9543-0345dc8da4e1,scooter,39.95966,-83.000613,,16.84,True,False,False
Veo,1adf4e86-7ab1-5fdc-8617-4a0ece01f7e6,scooter,40.003984,-83.013104,,3.48,True,False,False
Veo,66f3a040-1fce-5d48-9706-9073ee2d3755,scooter,39.978176,-83.001619,,18.67,False,False,True
Veo,7e33f274-8136-5e64-945c-8b7b720c6bf8,scooter,39.962296,-82.999584,,12.87,True,False,False
Veo,5f7aa314-5ee4-58d8-9c66-9dcf34085fd9,scooter,39.962443,-82.969175,,24.06,True,False,False
Veo,c3f39bd2-4723-5012-a080-f11c03ff5569,scooter,40.012242,-82.997927,,13.86,True,False,False
Veo,0c27a1eb-efc4-5510-aece-38571e376c46,scooter,39.996519,-83.001146,,23.77,True,False,False
Veo,5b51d4c9-8cbe-507d-9cc0-24b725de85c6,scooter,39.975857,-82.951119,,25.12,True,False,False
Veo,9aea06e0-2a90-5782-bb93-82b790bace8c,scooter,39.980688,-83.004952,,2.55,False,False,True
Veo,171f8d14-672e-5529-b1f1-2a242e59e060,scooter,39.995498,-83.009594,,8.78,True,False,False
Veo,b55415a1-d6e8-5efe-b993-d60e88c5d119,scooter,39.948643,-82.996321,,22.05,True,False,False
Veo,b5dda4d7-a725-50cc-ab2b-6eb616a488b8,scooter,39.9543,-82.989753,,12.28,True,False,False
Veo,a44ce577-99e8-5b7e-8b54-29fe61c20975,scooter,39.950457,-83.008102,,28.14,True,False,False
Veo,392c1cec-f594-52e1-801e-540b6cdb7f8f,scooter,39.958627,-83.012767,,11.11,True,False,False
Veo,4a951681-a740-5adc-af84-ab6f0b0d2135,scooter,39.941435,-82.983293,,13.39,True,False,False
Veo,449e162e-fb56-55e2-a298-4f6848b31013,scooter,40.004322,-83.006689,,12.87,True,False,False
Veo,b1080b1d-eca3-5c7f-aad9-e888fb2468ac,scooter,39.992692,-83.034073,,24.33,True,False,False
Veo,5343973b-27e9-5e9f-9946-c9f4b267a351,scooter,39.967638,-83.004864,,27.44,True,False,False
Veo,c705311c-75ab-548e-a948-878250191c56,scooter,39.994077,-82.991615,,28.14,True,False,False
Veo,6a47cba3-5ec2-5c01-9946-be9b6dc20b97,scooter,39.98241,-83.071728,,5.83,True,False,False
Veo,0686796c-cf3c-5785-a120-0233080fd821,scooter,40.005321,-83.012029,,22.7,True,False,False
Veo,021add12-4593-5537-8863-010b725d84af,scooter,39.986564,-82.980988,,14.17,True,False,False
Veo,c7b3b7a9-1f1c-53c2-b7d1-021722874466,scooter,39.995669,-83.012069,,25.34,True,False,False
Veo,8bf1b63f-2c6c-5fd1-b56f-b07d22ec3b1e,scooter,39.98726,-83.012276,,20.05,True,False,False
Veo,9e9b48c6-b1e3-5e48-bdb8-a2f360615c01,scooter,39.944374,-82.997101,,28.14,True,False,False
Veo,c9098855-a626-5096-b5e2-e8dfc14f99fd,scooter,39.993972,-82.98339,,24.33,True,False,False
Veo,b58d13a9-f9b9-5e8f-9cd9-834057024616,scooter,39.995814,-83.038204,,27.77,True,False,False
Veo,be32d894-62de-56d5-bd2e-3b21e2a6beed,scooter,39.956092,-82.951774,,28.14,True,False,False
Veo,11e6348a-c41a-5afb-a2d0-5b5d3d619abf,scooter,39.99403,-83.00582,,26.78,True,False,False
Veo,6873d40b-c256-5c73-91ee-ec2dba9b3d08,scooter,39.996751,-83.000321,,28.14,True,False,False
Veo,3e88dbbc-c68d-5358-a833-181765d5d156,scooter,40.007404,-83.001832,,28.14,True,False,False
Veo,6b3fc151-2d48-5abe-a1eb-cbf7e2a83654,scooter,40.050262,-82.999846,,25.65,True,False,False
Veo,27ed4467-c510-5a24-ae77-417f2eabc964,scooter,39.977247,-83.004525,,23.77,True,False,False
Veo,6ec08762-4bec-5886-abc3-dab5d2cc2083,scooter,40.009211,-83.009783,,28.14,True,False,False
Veo,a39e8365-883d-5c29-8b5f-7ca68bb56f60,scooter,39.938332,-82.983218,,28.14,True,False,False
Veo,6abdf9e3-7eac-521b-abde-dc94d4ba7fb2,scooter,40.001845,-83.008797,,27.44,True,False,False
Veo,263e2a9a-1fe5-5c5d-aa8d-922e316b4747,scooter,39.994613,-83.017846,,25.34,True,False,False
Veo,6fbc1af8-a1ab-5f8a-8c50-889b299ae3cb,scooter,39.993554,-82.981135,,28.14,True,False,False
Veo,7af9d6e1-94ac-5c39-adc0-8a4c32661ba0,scooter,40.004268,-83.001941,,27.44,True,False,False
Veo,4b831cbc-7db4-508d-bb65-c029dbc4fdc3,scooter,39.993563,-82.981102,,25.34,True,False,False
Veo,96802e52-df6a-5367-bc1b-b0f064f31621,scooter,39.961235,-83.002508,,25.65,True,False,False
Veo,018c26d4-015b-56fe-ae55-d1c2657d6e4d,scooter,39.929674,-82.99566,,27.77,True,False,False
Veo,511ff6a6-f4d1-5be1-9233-e2e858658eb3,scooter,39.97917,-83.019432,,11.83,True,False,False
Veo,34ca2a22-2dd0-5c30-a0ec-fe364ec3a440,scooter,39.96101,-82.994127,,27.44,True,False,False
Veo,c5a63626-47ca-5a20-822b-ef47126d2a3a,scooter,39.933139,-82.980193,,28.14,True,False,False
Veo,1fd7154d-bc57-5ad4-81a0-b7d5dc47881d,scooter,39.99465,-83.004958,,28.14,True,False,False
Veo,d4d403ee-5685-5d27-a70c-f28251f1924f,scooter,40.005038,-83.013101,,28.14,True,False,False
Veo,03dc849d-f556-560a-86aa-5c14d11fab0c,scooter,39.968067,-83.01067,,16.84,True,False,False
Veo,4f6bdf36-9576-516f-863c-1d483f003e08,scooter,40.000704,-82.98639,,28.14,True,False,False
Veo,349b3308-7e83-50ad-a89d-ee23e61d6a31,scooter,39.963364,-82.998366,,15.89,True,False,False
Veo,e571e28e-5b3d-5727-959a-1203d13d4a8b,scooter,40.002831,-83.042423,,23.02,True,False,False
Veo,beb58824-eb64-51d8-9816-31184686cd47,scooter,39.996307,-83.041964,,28.14,True,False,False
Veo,131ff0cd-aada-56f6-a1b9-5713ac645e44,scooter,39.949641,-82.987533,,15.18,True,False,False
Veo,5300b031-c6d4-5538-96d7-0f344ef6d097,scooter,40.002691,-83.012183,,21.49,True,False,False
Veo,fff8ecc8-eb5d-5099-b389-77435d1c1a85,scooter,39.955578,-82.992066,,26.25,True,False,False
Veo,cfb90143-92e0-5381-996c-352f4009205b,scooter,39.966892,-82.983725,,25.65,True,False,False
Veo,5f82456f-9ba3-5dc7-96d7-910b66e1b944,scooter,39.957117,-83.049355,,28.14,True,False,False
Veo,3c5d4782-0989-59d6-bbdc-4513af457700,scooter,39.963046,-83.00422,,15.18,True,False,False
Veo,ab0d2dbe-fc52-5821-a73d-41c2e589fa67,scooter,39.957477,-82.999902,,1.15,True,False,False
Veo,97fbbf8f-7210-5160-aba6-f4a051672334,scooter,39.961763,-82.968604,,8.09,True,False,False
Veo,6883011f-de96-59cb-ae63-77759e4ae5ad,scooter,39.952114,-82.98162,,25.34,True,False,False
Veo,377470c2-bd3e-5182-8f92-afbebbf995fb,scooter,40.009279,-82.980798,,21.49,True,False,False
Veo,6e171f72-685f-5a61-b820-4b9f891fd59e,scooter,39.949395,-82.99642,,27.02,True,False,False
Veo,708aa5da-9ea7-5e7f-b939-143d7d508648,scooter,39.971905,-83.005548,,15.18,True,False,False
Veo,6b527cce-e072-57ab-b19d-3c18e79372b3,scooter,40.003128,-82.998445,,27.77,True,False,False
Veo,adb96cab-3ff5-54ac-b06d-b5bb43c1c3c8,scooter,39.998888,-83.004345,,15.89,True,False,False
Veo,016f0568-61bc-5b2f-9465-b9afdb507897,scooter,39.986827,-83.000836,,24.06,True,False,False
Veo,b3861fe1-dfe8-5a55-b5d0-7d34ba04381c,scooter,39.977701,-83.001599,,28.14,True,False,False
Veo,2a5be15a-be6a-5c3d-85d7-1d27f966d363,scooter,39.96615,-82.991894,,27.44,True,False,False
Veo,e9eab8b6-7c52-5c17-ab33-aac93c52e7e3,scooter,39.956512,-82.98777,,11.59,True,False,False
Veo,2011cb33-a043-5487-a5ae-cbdb80297c68,scooter,40.01245,-83.001377,,12.07,True,False,False
Veo,b177ebd3-6679-5a03-ab9b-55728aab879f,scooter,39.957593,-83.008089,,2.55,True,False,False
Veo,b08f2fec-c748-5551-b1c9-a6706b6826d9,scooter,39.957408,-83.01143,,28.14,True,False,False
Veo,0e565380-d8a7-5f33-a344-b1b28cffd3c0,scooter,39.967765,-83.008995,,28.14,True,False,False
Veo,fc4354b2-b0bb-5d7e-b3ff-cac5e624df0c,scooter,40.01435,-82.980455,,27.44,True,False,False
Veo,9396561f-565e-5b69-bdca-209d4aa345ee,scooter,39.996784,-83.007079,,3.48,True,False,False
Veo,fd09b94f-d181-5cf1-b3c9-1fefad7fd965,scooter,40.008109,-83.01197,,27.77,True,False,False
Veo,a8a585b7-e497-5442-918f-ef70734c901f,scooter,39.998355,-83.021441,,28.14,True,False,False
Veo,a11749c1-133f-5f7b-a4ef-c7c4ac84e5b2,scooter,40.014981,-83.000581,,23.33,True,False,False
Veo,54f3cda5-8883-59ec-b8b9-71ae24a42a0e,scooter,39.999679,-83.001974,,28.14,True,False,False
Veo,6d8f492d-5df1-5ece-9910-18da01db0350,scooter,39.955089,-82.994829,,22.7,True,False,False
Veo,3fc05b24-d9af-5e52-bc2d-d2ac0312a8f5,scooter,39.958708,-83.012731,,19.78,True,False,False
Veo,edd5be84-6753-5fb1-a22a-fd6e762fb0c8,scooter,40.000812,-83.04031,,20.37,True,False,False
Veo,007dbecf-e8d0-5af8-bf98-1f8ecc4a3c9a,scooter,39.980788,-83.103295,,22.7,True,False,False
Veo,f4915e80-0cf2-5cff-9934-5bd31a18adcb,bicycle,40.001108,-83.013934,,28.14,True,False,False
Veo,66905eeb-d117-51fe-a3b4-31fb6b68c319,scooter,40.008211,-82.976025,,24.33,True,False,False
Veo,976cd0a7-a737-5d71-be66-1d37597b439a,scooter,39.99597,-83.006465,,6.98,True,False,False
Veo,5eb97215-6018-560a-9175-9a8d6770e131,scooter,39.95008,-83.001478,,28.14,True,False,False
Veo,35e67a45-2ed4-5d71-8957-4f175195d438,scooter,39.993542,-82.981151,,25.74,True,False,False
Veo,7dcdb2fb-00b8-5571-9662-adc12e64ee0d,scooter,40.003348,-82.998198,,28.01,True,False,False
Veo,8033e688-a172-5aca-b931-fc4085135d0f,scooter,40.10405,-83.114618,,28.14,True,False,False
Veo,b227a161-53bb-5f45-975f-1392945876eb,scooter,40.02293771965714,-83.08556576634194,,0.0,True,False,False
Veo,e793a00f-5368-5ef7-9c83-d6124fc2db69,scooter,39.944105,-82.990251,,28.01,True,False,False
Veo,a1241d73-37cd-5c57-b4c2-90bf576d7432,scooter,39.997969,-83.007941,,22.7,True,False,False
Veo,61a413cd-8852-5503-a840-4514266576cd,scooter,39.967418,-82.934697,,28.14,True,False,False
Veo,1d67f381-4bf9-5f46-abdb-b318ba674573,scooter,40.019059,-82.975807,,17.89,True,False,False
Veo,2272221e-2c5b-5d4c-acb8-66c74baa2346,scooter,39.997928,-83.007922,,25.94,True,False,False
Veo,2344b382-05dd-500b-9af8-da04ee656c35,scooter,39.998226,-83.009814,,28.14,True,False,False
Veo,65a8cfad-1aa8-578a-a5a3-8a2c31ae5f3b,scooter,39.972199,-82.975216,,10.51,True,False,False
Veo,e1115ccd-9d07-5bd8-856d-6559c7d14bfa,scooter,39.961618,-82.983478,,28.14,True,False,False
Veo,5c90ad9a-6635-5359-9a29-e6b430221d71,scooter,39.978527,-83.003095,,24.84,True,False,False
Veo,abc51e8c-e07f-5637-8019-3e52f52d49d1,scooter,39.955942,-83.003235,,24.06,True,False,False
Veo,ce5c2834-2f64-5f0d-9b3a-e3b91c88a3ab,scooter,39.952142,-82.87331,,11.59,True,False,False
Veo,bad7f3fc-9b78-584b-8b78-aaa323ed56b0,scooter,39.978728,-83.002269,,19.39,True,False,False
Veo,80195069-7ee2-5a95-a824-3ed1b3fe5d4c,scooter,39.998512,-83.00031,,15.89,True,False,False
Veo,3b4a3228-6dca-5f62-a888-d3fa71ada1e9,scooter,40.002556,-83.000873,,28.14,True,False,False
Veo,f89a5015-d6ae-5fef-bb89-3cd233073fc4,scooter,39.961698,-82.968676,,25.65,True,False,False
Veo,fffee029-52a1-575c-86f6-9c2d142c38dc,scooter,39.985091,-83.016128,,26.51,True,False,False
Veo,4e0ba658-2800-562d-a5d0-21d110f64a6c,scooter,39.940426,-82.986268,,14.86,True,False,False
Veo,44cb44b1-d944-577e-97df-88255b130c74,scooter,39.989359,-82.9776,,14.17,True,False,False
Veo,1a413ef4-6aed-5113-86bc-e844dc90647e,scooter,39.95641,-82.937888,,23.02,True,False,False
Veo,3b0d6c47-7543-5527-8eae-1040dbe5e7a5,scooter,39.986931,-83.009457,,28.14,True,False,False
Veo,838768bb-8477-5074-96c3-dab30c28123e,scooter,39.94459,-82.989701,,28.14,True,False,False
Veo,6d7849c4-3697-52c7-8776-df848edac905,scooter,40.00462,-83.009996,,5.27,True,False,False
Veo,6a3655fa-b689-588e-a913-44855597cbd1,scooter,40.037081,-83.008077,,7.62,True,False,False
Veo,7d2be362-fd82-5824-977a-af8dc7caa621,scooter,39.993956,-82.983425,,24.33,True,False,False
Veo,86186472-3208-5e2c-a7e4-3c3c719f091c,scooter,39.972566,-83.004678,,5.83,True,False,False
Veo,459912e7-e5ab-5203-91be-f3814549fc2d,scooter,40.016115,-82.998767,,9.65,True,False,False
Veo,60851b55-78e8-5156-a89b-78397ed2301e,scooter,39.960711,-83.012566,,24.84,True,False,False
Veo,f473fff3-e36c-5585-b6de-848a761246ff,scooter,39.899712,-83.04723,,1.56,True,False,False
Veo,fc0c502a-296e-5737-be60-34ae78d7c53d,scooter,39.959113,-83.013005,,28.14,True,False,False
Veo,adbbc9bf-b3fc-51c1-ac1e-15daa2347347,scooter,39.967952,-82.998632,,14.43,True,False,False
Veo,bdf6d6c3-8dc0-5eec-b36c-df6846b91e61,scooter,39.999705,-82.94383,,24.33,True,False,False
Veo,bb601b1e-d18d-5fa0-afca-58e4a224bfd5,scooter,39.957589,-83.011414,,18.67,True,False,False
Veo,5542a63b-ab59-5894-bc2f-296ed8ca1e04,scooter,40.005683,-83.001265,,26.78,True,False,False
Veo,934dd86e-6f5a-5a30-b0be-7a2adc58302b,scooter,40.008915,-83.006077,,26.51,True,False,False
Veo,51ced4f5-f430-565d-8d90-5f75e1485172,scooter,39.956615,-82.987154,,25.94,True,False,False
Veo,5f5ea8fd-4e76-5fc3-bccf-962b654f1a87,scooter,39.998454,-83.021405,,25.94,True,False,False
Veo,e6d34636-93b0-5023-82c5-071c822b88f7,scooter,39.977996,-83.003467,,27.02,True,False,False
Veo,8915f3e2-fa62-5bbc-8907-5757d99e40ce,scooter,39.994655,-83.003265,,14.17,True,False,False
Veo,8699f06f-1730-59be-98b1-da1e5c54fa1c,scooter,40.007057,-83.001836,,28.14,True,False,False
Veo,ca602fcd-f358-5ca1-b866-761b45886c3b,scooter,39.963222,-82.981252,,28.14,True,False,False
Veo,0457f899-244f-5d3f-9573-0bba727ee6dd,bicycle,40.017209,-83.001403,,22.7,True,False,False
Veo,56b1e4eb-f724-5569-9ec4-d3c4c3e315dd,bicycle,39.9681,-83.017879,,13.1,True,False,False
Veo,51d79739-0a12-5dc6-971a-f559e158e6f1,scooter,40.001586,-83.008557,,19.78,True,False,False
Veo,9cbd2339-a71e-5e3a-80c5-0db3917e23b1,scooter,39.961752,-82.981772,,28.14,True,False,False
Veo,6c5e2d10-bd1d-57b9-b495-079b8fdf576b,scooter,39.955957,-83.003187,,14.17,True,False,False
Veo,7e9996fd-46cf-5958-817a-41f7b98eb32e,scooter,39.945691,-83.018946,,24.84,True,False,False
Veo,9eb0cf0f-b210-577f-9ebb-911239498616,scooter,39.998358,-83.02137,,19.39,True,False,False
Veo,7107da74-6de1-54d2-9e0b-b4366c668eb4,scooter,39.96721,-83.000223,,28.14,True,False,False
Veo,cfe7f2ef-a835-5253-b416-4422feed4f3c,scooter,39.97797,-83.003603,,8.43,True,False,False
Veo,c2a00981-8f23-584e-9219-4595e5671a43,scooter,39.98432,-83.029161,,13.1,True,False,False
Veo,026f439e-44b0-5d2f-9899-717dd7213d46,scooter,40.038213,-82.993536,,1.83,True,False,False
Veo,9237c4e5-99d0-59ad-94f5-23363a7a926c,scooter,39.955465,-82.9766,,24.33,True,False,False
Veo,78a26e96-ce06-5151-9e6e-aef5575701b4,scooter,39.946709,-82.997604,,11.83,True,False,False
Veo,d0f07a8e-49a7-5750-8ebb-f4053595a7e7,bicycle,39.989754,-83.036482,,18.19,True,False,False
Veo,078ebe2a-9640-507f-b772-a21023c3f637,bicycle,39.960845,-83.012566,,21.49,True,False,False
Veo,0ccaea95-6f2a-5539-8b4c-6cdef56979bd,scooter,39.969346,-83.010708,,13.1,True,False,False
Veo,b051930e-bfcd-5d5e-98d9-15e8dedee468,scooter,39.957565,-82.999684,,27.44,True,False,False
Veo,16ef516d-cab0-51b0-971d-423acd728ca8,scooter,39.959144,-82.997204,,28.14,True,False,False
Veo,021d43c1-86b7-5f31-807a-4201f8c72b10,scooter,40.087048,-82.98521,,8.09,True,False,False
Veo,bfbe1639-d669-5b9d-984e-89f91fbb5901,bicycle,39.92736486368748,-82.97824739056534,,25.12,True,False,False
Veo,930dbbba-bc4a-57ee-86ea-d027878b94d4,bicycle,39.950117,-83.00018,,28.14,True,False,False
Veo,12181fac-6349-5e54-b8bd-e82d3b32a20b,bicycle,39.935914,-83.119017,,1.83,True,False,False
Veo,b1d34ab6-e426-569f-9d2e-1620c41080d8,bicycle,39.95597272041568,-82.94534782164625,,25.74,True,False,False
Veo,155f90f7-42af-53d5-9fc8-38743b5a6a63,bicycle,39.955285,-83.065653,,12.07,False,True,False
Veo,719a1934-8bd6-5ae0-887a-04fc3ea54840,bicycle,40.10112,-83.114625,,0.33,True,False,False
Veo,81d8baaa-f660-5ab4-81b3-a4e69c18f70d,bicycle,39.987034,-83.006705,,17.89,True,False,False
Veo,f7e71d42-3b19-5cbe-a193-c47b8deacecd,bicycle,40.004677,-83.013329,,25.94,True,False,False
Veo,91b3c41f-8934-5829-8794-ad3fb3563158,bicycle,39.953547,-83.067865,,16.84,True,False,False
Veo,b5aee4d4-45c9-5342-9fb3-07b0cf756f44,bicycle,39.997035,-83.009894,,15.89,False,False,True
Veo,fb6c9b19-6149-58ba-8766-9c9cf6ae154d,bicycle,39.963097,-82.999967,,7.29,True,False,False
Veo,df341504-f82d-5500-a5cb-df9b8e4e854d,bicycle,40.032691,-82.991054,,16.39,True,False,False
Veo,3ac045fc-2f14-590c-a49b-391628db2bde,bicycle,40.00451,-82.998334,,22.39,True,False,False
Veo,6ac96d0b-324b-5405-97c8-6ce125e2221b,scooter,39.996798,-83.0081,,20.37,True,False,False
Veo,af75c2f7-ea66-590f-abed-a312aaa37723,scooter,39.951414,-82.940807,,28.14,True,False,False
Veo,1263e3d6-414c-5f02-a887-f568d48a146b,scooter,40.001451,-83.048192,,28.14,True,False,False
Veo,8293df53-c479-53df-8e16-4fe6b94fed95,scooter,40.002355,-82.997925,,26.51,True,False,False
Veo,dd6be3e2-cf1b-550b-85e1-85fe23f72386,scooter,39.963079,-83.004247,,28.14,True,False,False
Veo,f68936a9-a922-5ec7-94d5-eba1e5c6f4b5,scooter,39.957504,-82.999659,,28.14,True,False,False
Veo,382c7683-59e5-5364-a62c-737f88e9276c,scooter,40.001454,-83.048139,,28.14,True,False,False
Veo,ef0d602d-fb38-572b-8a32-cf971e89c2ef,scooter,39.997974,-83.007703,,11.59,True,False,False
Veo,c16e852b-bbd6-5356-898b-8b21e9cca340,scooter,39.958932,-82.978703,,27.77,True,False,False
Veo,4a33247b-1273-5427-9082-3b4a9c6a56ab,scooter,39.945109,-83.021411,,28.14,True,False,False
Veo,fe7bc787-c501-54e4-8f3e-e0300fff98f4,scooter,39.989299,-82.977621,,24.06,True,False,False
Veo,53cafcfb-5209-59b2-baa6-b8ab1849e50e,scooter,39.98123,-83.020327,,9.02,True,False,False
Veo,b9519b76-aac9-5ca7-9ccb-b9d227e30ef5,scooter,39.961213,-83.002505,,12.07,True,False,False
Veo,8b7a9aa4-c386-5ce8-a807-f27936d792f9,scooter,39.950139,-82.996579,,25.65,True,False,False
Veo,e67aad4d-f678-52b7-bee4-28585c52a324,scooter,39.956869,-82.903388,,28.01,True,False,False
Veo,d5939d9b-593a-54de-876d-5151c341f4dc,scooter,40.004947,-83.018625,,25.34,True,False,False
Veo,1eed9341-1ec4-5f8e-b185-003a37021bb0,scooter,39.940429,-82.986206,,14.43,True,False,False
Veo,a3daa1b4-d36e-535e-9abe-b3ad23cffa68,scooter,39.986973,-83.000704,,28.14,True,False,False
Veo,5a3e2b2a-0db8-5563-8f01-cd45d793235a,scooter,39.964998,-83.000969,,2.36,True,False,False
Veo,e81c7991-de72-5e0c-bac7-af2a762c26ff,scooter,40.084141,-83.094264,,25.74,True,False,False
Veo,1fe1a963-a55a-54a7-9e07-3108f9144436,scooter,39.99838,-83.004591,,17.89,True,False,False
Veo,c4180e3a-f786-5db6-9306-c9dbcb108b94,scooter,39.99691,-82.999747,,12.63,True,False,False
Veo,3dc72ecb-e1d9-5846-8521-a28e99b33da0,scooter,40.012157,-83.008568,,12.63,True,False,False
Veo,e851fc2a-1a73-573b-99de-d42969d891a7,scooter,39.994753,-83.01018,,23.77,True,False,False
Veo,13e0e067-194c-50f3-9f31-9b6381c589fc,scooter,39.955776,-83.086447,,16.84,True,False,False
Veo,cdf2e850-fe81-57f3-9ae2-e6eaaff8d5af,scooter,39.971659,-83.002692,,17.37,True,False,False
Veo,3b6a2aa4-b13f-5617-9ebd-5007b487db26,scooter,39.996828,-83.007056,,25.12,True,False,False
Veo,2e4d3b88-cafa-5c8e-a03a-1bf1d3816934,scooter,39.940266,-83.096044,,11.83,False,False,True
Veo,35e9f7c0-ed6f-59cf-b1b5-73d0b204b007,scooter,40.000314646268826,-83.02200646144266,,0.0,True,False,False
Veo,1ec6ab84-20d4-5c97-a4a5-8088f65332ed,scooter,39.95581,-83.014786,,28.01,True,False,False
Veo,b4dbe93f-4d0e-5429-864a-bb25c8388683,scooter,40.001667,-82.995957,,6.07,True,False,False
Veo,3fe9b6bb-a6c1-5b7f-899d-027ff6385518,scooter,39.989178,-83.000727,,28.14,True,False,False
Veo,ea0168e9-099f-56ed-ac3f-ecd989e5e328,scooter,39.950988,-82.998857,,25.94,True,False,False
Veo,3609e1a7-48e5-5d36-b4ac-fe6ebfeaac3c,scooter,39.966483,-83.001768,,13.64,True,False,False
Veo,186fecbc-4a42-5588-a4f8-3b0825dafc10,scooter,40.100763,-83.115341,,18.19,True,False,False
Veo,66cfe31e-753e-53c7-af66-2c0d628570bb,scooter,39.998211,-83.01228,,28.14,True,False,False
Veo,57e025f1-3b02-58f8-836f-2e2f7468406f,scooter,39.985692,-82.995562,,24.84,True,False,False
Veo,fa9516f6-fc1a-508c-a043-c85940a83f54,scooter,39.968227,-83.008163,,28.14,True,False,False
Veo,1062333f-c346-5153-b8f8-fc6bd6104443,scooter,39.970369,-82.974626,,17.89,True,False,False
Veo,22971727-c38a-56e0-8c76-4bcc54d86d88,scooter,39.985181,-83.044463,,28.14,True,False,False
Veo,25544397-62d6-5f76-bfd3-f5d5f6a62909,scooter,39.94461,-82.989696,,25.12,True,False,False
Veo,aa42c072-e5a3-533d-bfaa-bbfc0584d594,scooter,39.960552,-82.984283,,26.51,True,False,False
Veo,14a05fe0-0a86-53f5-b2ba-b33dd6c14bf9,scooter,40.007069,-83.001868,,12.28,True,False,False
Veo,c7d6b291-4d0d-5f27-8eb4-29f5fa65c23c,scooter,39.957222,-82.995048,,20.78,True,False,False
Veo,2cdc3a46-509d-50c1-9498-c4c65f442bc7,scooter,39.998858,-83.005253,,28.14,True,False,False
Veo,c186d4ef-b4b5-5d0e-93b7-01b8908c3467,scooter,39.957428,-83.011323,,2.79,True,False,False
Spin,b04203eb-7298-44f8-8634-753c8c0affd0,scooter,39.972372,-82.908539,66.0,18.69,False,False,True
Spin,f1e3e5ac-99cc-45fa-9690-288c15158c10,scooter,40.017089,-82.96551,49.0,14.09,True,False,False
Spin,83f27cef-9c78-41db-b826-ac893dd1f59b,e-bike,39.99930173333333,-83.00735420000001,41.0,11.12,True,False,False
Spin,9f9b5100-a083-406d-983b-1433ca048273,scooter,39.997732,-83.00636,44.0,12.56,True,False,False
Spin,c50cec54-b90d-4dab-b0bf-433467d5ce84,scooter,40.020167,-82.981473,57.0,15.51,True,False,False
Spin,6f3d1503-46a7-4d66-9509-0c3108c39c46,scooter,39.938029,-82.996314,18.0,4.98,True,False,False
Spin,6aa57e72-fdec-4837-9151-e92b4ab8cdeb,e-bike,40.01216,-83.00877166666666,30.0,8.19,True,False,False
Spin,6748cb6c-4407-4ab1-85e6-e0db7aff3cb6,scooter,39.959175,-83.009812,34.0,9.37,True,False,False
Spin,d9495f76-1821-49b2-84df-fca7f696a8ad,scooter,39.949429,-83.041748,30.0,8.19,True,False,False
Spin,e8daf7bc-0e1a-4579-8de1-ead9b7567e26,scooter,39.997265,-82.9779,53.0,15.01,True,False,False
Spin,e5a8bc43-a718-4ff6-878f-7296176d092f,scooter,39.993536,-82.981059,32.0,8.78,True,False,False
Spin,b1688a6c-7eac-4a3c-b704-2b6e81739fa7,e-bike,39.955957733333335,-83.01248849999999,29.0,7.9,True,False,False
Spin,ece690fd-e29b-45cd-999c-4f4223f72dca,e-bike,39.955974833333336,-83.01251269999999,55.0,14.93,True,False,False
Spin,ecf0b07a-32ee-4cf4-853a-bf94c8c3d86c,scooter,39.968581,-82.970156,49.0,13.46,True,False,False
Spin,9eb700c0-9fc0-403a-9a08-bcfe37cc5947,scooter,40.014283,-82.976731,65.0,17.56,True,False,False
Spin,d5961b69-4c7c-415c-8748-673335a4ba92,scooter,39.95045,-83.037083,20.0,5.56,True,False,False
Spin,9976637a-4cf4-4f97-abb8-c910359d3e68,scooter,39.962919,-82.976506,27.0,7.66,True,False,False
Spin,000d07ed-97c1-4617-b13d-6809ad6fd1a9,scooter,39.947705,-83.050926,77.0,21.07,True,False,False
Spin,22a460b1-c368-47b1-b8f1-aab1d3e98281,scooter,39.947732,-83.05097,74.0,20.19,True,False,False
Spin,00793ea0-1203-4644-bc00-be95aeb5ca00,scooter,39.947701,-83.050943,77.0,21.07,True,False,False
Spin,fe40d01f-b08d-4d90-a206-cc4591348acc,scooter,39.947708,-83.050914,73.0,19.9,True,False,False
Spin,06ba5306-ef3c-4c02-a50e-3ea3dcbce60d,scooter,39.947695,-83.05092,74.0,20.19,True,False,False
Spin,e017114c-1cb6-4fea-bf6b-ef36f747b765,scooter,40.014564,-82.988031,39.0,11.03,True,False,False
Spin,21db2be8-35ee-47e8-b1da-96b4933d14b8,scooter,39.949426,-83.04176,81.0,21.95,True,False,False
Spin,6be5b68e-584e-4239-a441-03de49c5aecf,scooter,39.949431,-83.041739,54.0,14.63,True,False,False
Spin,b2ce7892-a334-4b12-bf1e-bc30827f0159,scooter,39.949444,-83.041794,77.0,21.07,True,False,False
Spin,76504edc-1cff-4845-9e3b-ed2197a4e9dd,scooter,39.997232,-82.977873,54.0,14.63,True,False,False
Spin,bc63eb39-7633-4dde-99d5-5c1dd67e8161,scooter,40.000456,-82.979774,16.0,4.39,True,False,False
Spin,a4233821-6f18-4a87-a6ae-3d9a226abf60,scooter,40.00048,-82.979782,24.0,6.74,True,False,False
Spin,797d761a-e0a6-4a26-a148-3896e60e15e0,scooter,40.015005,-83.000441,63.0,18.07,True,False,False
Spin,f818c8f0-c604-4dde-bccf-2c8d3ae8122f,scooter,39.940484,-82.983499,81.0,21.95,True,False,False
Spin,ba316a52-5130-4479-9ab6-ba490d20f626,scooter,39.945509,-83.062358,74.0,20.19,True,False,False
Spin,95889fee-976f-4d73-832c-c649138d817c,scooter,39.941591,-82.983479,58.0,16.54,True,False,False
Spin,bf271799-294f-4306-b4af-0a4324332c76,scooter,40.0151181,-83.01131339999999,41.0,11.12,True,False,False
Spin,ff25c780-4291-4241-a9fa-778317010a0a,scooter,39.960642,-82.98168,54.0,15.32,True,False,False
Spin,7acbf608-61af-4bf3-ad44-426c42c73883,scooter,39.960669,-82.981713,51.0,14.4,True,False,False
Spin,c1184f40-04ef-40fe-b92b-e6c0e916d4ca,scooter,39.931394,-83.049032,30.0,8.19,True,False,False
Spin,fb2c6516-ecda-41ea-915d-67e74815c75e,scooter,39.962992,-82.976569,63.0,17.27,True,False,False
Spin,c0afc860-164b-4639-8b08-cf1ce82a2de3,scooter,39.958835,-83.023503,74.0,20.19,True,False,False
Spin,b5071eeb-4bbc-411d-84a6-823498b8a68d,e-bike,40.0065715,-83.009065,76.0,20.78,True,False,False
Spin,4fa252b4-1fd3-403e-ba5d-c897568d1315,scooter,40.048444,-82.999958,23.0,6.15,True,False,False
Spin,243fbe2f-1a31-4d82-b4d9-26878aac2412,scooter,39.955351,-83.015275,74.0,20.19,True,False,False
Spin,83feb192-4126-4622-ba28-ff3142a50caf,e-bike,39.99304166666666,-83.00748999999999,72.0,19.61,True,False,False
Spin,391b02ea-c2f9-4b42-a707-8577c0099c13,e-bike,40.0103767,-83.0123296,35.0,9.66,True,False,False
Spin,e17cddd9-c948-4afe-bf93-74afe6ef2e24,scooter,39.989136,-83.052885,34.0,9.8,True,False,False
Spin,6c28934c-3f35-4fcf-85c0-eaa39021328a,scooter,39.968112,-82.970084,70.0,19.91,True,False,False
Spin,571ccb2c-cd21-4968-ba7b-641e94446285,e-bike,39.968696666666666,-83.00630000000001,47.0,12.88,True,False,False
Spin,36cc2742-2d27-495c-9990-d7a9272215dc,scooter,39.961199,-83.006542,69.0,19.61,True,False,False
Spin,925e02d2-6f3f-490e-ba1e-c0ba2d29e3e8,scooter,39.95963,-82.984785,53.0,14.34,True,False,False
Spin,4fd35137-5e72-4604-9b9c-a3cfbad5b67a,scooter,39.967653,-82.967245,43.0,12.25,True,False,False
Spin,35c37727-be01-47e2-897f-0546c1f4aaeb,scooter,40.041185,-83.019007,53.0,14.34,True,False,False
Spin,c967a98b-19c1-4a12-a3b7-5c4cfcbfd9eb,e-bike,39.99359963333333,-83.0095919,80.0,21.66,True,False,False
Spin,d52ff1ed-78e5-4fc7-8772-c7a3d8e8b704,e-bike,39.99373183333333,-83.0077322,81.0,21.95,True,False,False
Spin,c6550325-5c74-4bfe-a0fa-47c42e43c7e2,scooter,39.92539,-82.964921,56.0,15.22,True,False,False
Spin,0548ebdc-d8f1-43e5-8203-693c2b52f5f3,scooter,40.016303,-82.989794,66.0,18.69,True,False,False
Spin,5b05eb5c-5982-4f67-aa3b-865734f25f8f,e-bike,39.97255765,-83.00875390000002,30.0,8.19,True,False,False
Spin,bd892293-9d87-4ce6-8fe9-9911ec1e0957,e-bike,39.97146385,-83.0059739,61.0,16.68,True,False,False
Spin,6f7e2766-161c-4297-9f3e-85bb7a6d43a6,scooter,40.002979,-82.990326,20.0,5.56,True,False,False
Spin,1eb500d5-6efc-4a8f-a4c1-05d77331f377,scooter,39.9675,-82.977267,35.0,9.66,True,False,False
Spin,ce0f6516-3663-4514-8edf-175ecaa1805e,scooter,39.965377,-82.970318,92.0,25.17,True,False,False
Spin,a6f1d98c-1c4e-4628-bc17-d60ac31acdbc,e-bike,39.96619666666666,-82.98123833333332,39.0,10.54,True,False,False
Spin,0c3b2c7b-13b4-4991-97ea-252825eee790,scooter,39.973915,-82.979706,78.0,21.36,True,False,False
Spin,4f17f31c-2284-493d-992d-6f187688c618,scooter,39.94016,-82.980799,54.0,14.63,True,False,False
Spin,8936372a-d2ec-4a7b-a06a-b76eee236da0,scooter,39.925048,-82.984311,57.0,16.24,True,False,False
Spin,44a02afb-a7fb-4c59-b7cd-e5748be264d3,scooter,39.958428,-83.0086,63.0,17.27,True,False,False
Spin,40e77ea6-be97-4f70-b040-5b8916ebd760,scooter,40.008838,-83.004263,47.0,12.88,True,False,False
Spin,f3689003-3c8f-49de-8927-24663f1e4ba8,scooter,40.013657,-82.967755,77.0,21.07,True,False,False
Spin,227fde8a-0c5d-4d26-af37-58629dbd493f,e-bike,40.007495,-83.01618230000001,56.0,15.22,True,False,False
Spin,558ab533-73d0-4108-921d-b5188283e990,scooter,40.014555,-82.988062,47.0,13.48,True,False,False
Spin,2a3c17cb-7d42-4e7a-9152-d50e269353aa,scooter,39.984605,-82.996383,69.0,18.73,True,False,False
Spin,5740d1fe-73c6-4eaa-a12f-1e585bbd9664,scooter,39.95576103333334,-83.01232649999999,75.0,20.49,True,False,False
Spin,d2b8d71b-4583-4022-8deb-853b60a3aecc,scooter,40.014087,-82.974691,35.0,10.11,True,False,False
Spin,4816e723-bd0f-4780-bc3a-5e790023bad0,scooter,40.014064,-82.974726,31.0,8.88,True,False,False
Spin,e636d8e5-47b0-4d65-86ba-80911447bda8,scooter,40.014128,-82.974699,24.0,6.44,True,False,False
Spin,c6ee6bad-bd5d-4bb4-b406-e459d8dc442f,scooter,40.014143,-82.974679,34.0,9.37,True,False,False
Spin,765d71ba-fbe0-4ab4-9cec-22e0f90da1bc,scooter,40.014123,-82.974685,31.0,8.49,True,False,False
Spin,b4838dd5-9e4e-48df-9036-bc9bac33060d,e-bike,40.006818599999995,-83.0099209,40.0,10.83,True,False,False
Spin,c36ccefc-3460-4182-8182-333e1b8d86b1,e-bike,40.0022466,-82.99588183333331,28.0,7.61,True,False,False
Spin,4b4f9954-ca0c-42a9-a6cf-694c23d97575,scooter,39.935874,-82.997334,68.0,18.44,True,False,False
Spin,1a2f65b4-61a2-4959-920b-1aba612e87fe,scooter,40.014805,-82.990487,65.0,18.38,True,False,False
Spin,996e13f4-ca05-46c4-b4d5-f391a4963894,scooter,40.014033,-82.974517,52.0,14.7,True,False,False
Spin,fcea8cd8-90fd-432d-b279-af6ec62ba647,scooter,39.995526,-83.002735,51.0,13.76,True,False,False
Spin,11632fee-00a9-4c4c-bfc1-be1634ec3ee1,scooter,40.017038,-82.965554,53.0,15.01,True,False,False
Spin,f6aa5a4d-1410-4fcf-a24b-34e3b152d6ec,scooter,39.962473,-82.969175,88.0,25.12,True,False,False
Spin,eec2173c-3afc-4916-b79b-91db8f3267d9,scooter,40.008927,-82.97041,54.0,15.32,True,False,False
Spin,a7d17c45-da0b-4d8a-92bd-985f39f8ee5e,scooter,39.995471,-83.002689,92.0,26.34,True,False,False
Spin,4c0610a8-ca8d-48c8-8533-107425d750bf,scooter,39.961631,-83.016918,46.0,12.58,True,False,False
Spin,657d6051-d8c2-45b7-9e62-66b4ea514bdb,scooter,40.014026,-82.974548,52.0,14.7,True,False,False
Spin,dfabf3fc-3993-4e79-9de1-b5fcfd0bb860,scooter,39.956954,-83.015722,38.0,10.72,True,False,False
Spin,f893dff9-e2ae-40fe-ad09-3141617d4147,scooter,39.964907,-82.978528,85.0,23.12,True,False,False
Spin,b2e00b59-f405-49c1-a64a-27ddeda70e65,e-bike,39.99197253333333,-83.0076297,45.0,12.29,True,False,False
Spin,f9bb626f-a215-4ae5-85d3-5be89a784069,scooter,39.966646,-82.980009,85.0,23.12,True,False,False
Spin,ba642f91-3f8a-41b7-9188-358cebe3d8d9,scooter,39.954973,-83.08161,91.0,26.04,True,False,False
Spin,1637b460-a707-473c-b82d-3db64a772f35,e-bike,40.0010414,-82.99596433333333,70.0,19.02,True,False,False
Spin,e5f334f2-69d0-45a8-bf01-7c84838f06d9,scooter,39.949182,-82.99358,87.0,23.71,True,False,False
Spin,412729a1-ff77-4b53-adf5-064d3db23676,scooter,40.023468,-82.98225,29.0,8.27,True,False,False
Spin,a1e06c1b-6efe-4284-aaec-9b739aa91b53,scooter,39.997960733333336,-82.99823893333333,71.0,19.32,True,False,False
Spin,aa0868af-4d3b-45a4-90cf-ec206dcde731,scooter,39.962112,-82.99873,87.0,23.71,True,False,False
Spin,99738772-e5c0-4aee-b924-3d88be3f8bd8,e-bike,39.976305,-83.00405500000001,43.0,11.71,True,False,False
Spin,7fb9633a-28db-4cc2-a31f-81354b92923d,scooter,40.001916,-82.980105,46.0,13.17,True,False,False
Spin,10718913-0730-45a9-b707-5b05e749abe5,e-bike,40.0053349,-83.0067265,29.0,7.9,True,False,False
Spin,b47ed03f-3b6d-4b45-9743-b3c86cbded06,e-bike,39.99420603333333,-83.00054139999999,51.0,13.76,True,False,False
Spin,bcce0c80-95e1-4a7b-bd8c-f1beda817232,scooter,39.998133233333334,-83.00706489999999,49.0,13.46,True,False,False
Spin,b4aa6171-f7af-4503-9ebe-b74437250721,scooter,39.965053,-82.97032,37.0,10.42,True,False,False
Spin,6ade3742-609e-40c9-8a88-9574962091af,scooter,40.001761200000004,-82.97930704999999,32.0,8.78,True,False,False
Spin,6b81169c-912d-4042-9aa7-634bbf83b88a,scooter,40.007361,-83.016259,39.0,10.54,True,False,False
Spin,4e84147d-fb5c-4040-8b26-3a78f674afcc,scooter,40.007441,-83.016237,24.0,6.44,True,False,False
Spin,a32b726c-7a86-45a3-ba1e-d81068dd48f0,scooter,39.954805,-82.969067,22.0,5.85,True,False,False
Spin,8129b999-9f09-40b4-8a08-593d94133adb,e-bike,39.97441865,-83.01045020000001,32.0,8.78,True,False,False
Spin,fa85c802-a0f2-4c6b-b10d-818be35c5179,scooter,40.010258,-82.981338,39.0,10.54,True,False,False
Spin,5519cf0d-7cc1-461a-89e1-5ddaf0f9d71f,scooter,39.997054,-83.007601,57.0,15.51,True,False,False
Spin,7a27987a-8622-48d9-8d3f-71275bdba23c,scooter,39.968721,-82.972341,30.0,8.58,True,False,False
Spin,9431be62-5e89-43be-98a6-731dd5fbc13d,scooter,39.99360513333333,-83.0084603,95.0,25.75,True,False,False
Spin,32b33711-35de-4567-b2f7-cdc0fa4cabeb,scooter,39.99572153333334,-83.00689839999998,95.0,25.75,True,False,False
Spin,22a41ac1-c464-4e82-a427-5699b71114f7,e-bike,39.99519093333333,-83.0015652,23.0,6.15,True,False,False
Spin,b3b1adee-cd02-4269-99aa-49246a7408a6,e-bike,40.0008171,-83.0058473,67.0,18.15,True,False,False
Spin,44939d1b-5f54-42c3-82e1-af02b48647b1,scooter,39.948017,-83.049341,32.0,9.19,True,False,False
Spin,2bf61c2e-b4fe-4dfa-933b-6b8e98c5fb07,scooter,39.948007,-83.049313,74.0,20.19,True,False,False
Spin,1976e5f3-3f99-44fb-a06b-1ce7bef455d4,e-bike,39.97357415,-83.00586810000001,87.0,23.71,True,False,False
Spin,d881cb9a-7da6-417f-b8de-f29493a46e90,scooter,39.941242,-82.975271,37.0,9.95,True,False,False
Spin,405527c0-1f4a-4d3e-89eb-01bbfd952c99,e-bike,40.007506899999996,-83.01614560000002,71.0,19.32,True,False,False
Spin,dd2a48f1-c8d7-4239-9f54-77ef9b503578,e-bike,40.0092135,-82.99976743333333,41.0,11.12,True,False,False
Spin,da35efc3-c99a-4f76-a8f1-c63fe78738dc,e-bike,39.992361833333334,-83.012391,51.0,13.76,True,False,False
Spin,9d6e3129-0a13-4ff9-a941-8e0ff2c8dbf8,e-bike,39.98725253333334,-82.99731643333334,68.0,18.44,True,False,False
Spin,c1bfff15-3b15-4b4c-ac91-57dfcaff1136,scooter,39.99569493333333,-82.99893423333333,69.0,18.73,True,False,False
Spin,2a5ac4a3-ed4b-4ad0-8476-5ba7929b5292,scooter,39.99570533333333,-82.99884193333334,74.0,20.19,True,False,False
Spin,13de145d-9c56-42b8-9b51-015bb9cde4cf,scooter,39.961326,-83.00802,55.0,14.93,True,False,False
Spin,bd4d4ba5-dde0-4622-95b8-edd5ecf08b9b,e-bike,40.00407499999999,-82.99828000000001,65.0,17.56,True,False,False
Spin,36536627-050c-466f-8854-1136726f35f1,scooter,40.014754,-82.989864,27.0,7.32,True,False,False
Spin,9069a697-e54d-4ab7-b16e-225d24e39a36,e-bike,39.99999843333333,-82.99747023333333,32.0,8.78,True,False,False
Spin,dd9816de-11ca-4ca2-8b7f-07d77c511e22,e-bike,39.985740650000004,-83.0095078,43.0,11.71,True,False,False
Spin,df85c2d3-1e06-49c1-b897-fa2ab6f2af0e,e-bike,39.99937013333333,-83.00262249999999,48.0,13.17,True,False,False
Spin,0cb8ce90-8b90-48ef-92ec-95702b1cbcec,e-bike,39.98977705,-83.0118558,56.0,15.22,True,False,False
Spin,a80be1c3-2c48-4023-9155-cf79de34c471,scooter,39.995347,-83.001455,74.0,21.14,True,False,False
Spin,293f8e0f-1765-4b43-801a-d3ba0610c52d,e-bike,39.99629203333333,-83.0044409,28.0,7.61,True,False,False
Spin,11f99b5c-236d-4a02-9f3d-b6667d59653e,e-bike,39.996292833333335,-83.00446240000001,25.0,6.73,True,False,False
Spin,c0a23ac6-9cee-41b9-854d-af6999e2cdf8,scooter,39.968402,-82.947733,33.0,9.5,True,False,False
Spin,2877ae0c-4ad7-4d66-9df5-f913e1350804,e-bike,40.003981100000004,-83.0068994,37.0,9.95,True,False,False
Spin,ad59bcba-7c15-418d-8c82-431ea08c9a8b,scooter,39.975589,-83.026141,78.0,22.36,True,False,False
Spin,a1555fae-bdc5-4e4b-9f2f-3c3f6e5630f2,e-bike,39.98298223333334,-82.99595983333332,87.0,23.71,True,False,False
Spin,27ac88c9-d903-4f30-b6bb-09e155db8962,e-bike,39.99415166666667,-83.007715,68.0,18.44,True,False,False
Spin,4fe043a7-7f41-4a3c-9dde-dfba4ba39257,e-bike,39.99308103333333,-83.01287490000001,19.0,5.27,True,False,False
Spin,2d6eaba4-7eec-48bb-8713-4ca7c4104e55,scooter,39.99316983333333,-83.0129355,39.0,10.54,True,False,False
Spin,98c1b864-2209-444a-9cfa-4f3058908144,scooter,39.975919,-83.003403,46.0,12.58,True,False,False
Spin,cb6a41a3-a334-40fe-a6c6-d4d245f6e63f,scooter,40.016191,-83.015644,90.0,25.73,True,False,False
Spin,8b3cbbf4-f074-4d81-9d0e-f0828e1dc8a3,scooter,39.977249,-83.004404,57.0,16.24,True,False,False
Spin,d551a6c3-a6c4-4ca2-a66b-43355d237e2a,e-bike,40.002127200000004,-83.0065673,38.0,10.24,True,False,False
Spin,36fdcdf0-7afb-4342-a5f7-2e3e357cfa99,scooter,40.006588,-83.019226,91.0,26.04,True,False,False
Spin,423f1f52-d582-4574-89e1-87167840c067,scooter,40.014495,-82.966963,94.0,26.65,True,False,False
Spin,841ebfed-0355-4175-985c-8cd688522079,scooter,40.011981,-82.968591,91.0,26.04,True,False,False
Spin,d6d97801-f395-4ce6-ae86-036fc9214e56,scooter,40.009087,-82.97078,91.0,26.04,True,False,False
Spin,5dc86768-dc35-4940-a7b8-20cc997087fb,scooter,39.956145,-83.010794,91.0,26.04,True,False,False
Spin,361f195a-b888-47f5-bc2e-e62f5e294fea,e-bike,39.987380933333334,-83.0008605,87.0,23.71,True,False,False
Spin,cae99c20-5d45-4e7d-bff1-827270686804,e-bike,40.0075963,-83.0116298,62.0,16.97,True,False,False
Spin,16989e02-23bf-4b48-9933-5e01541baba9,e-bike,39.99909443333333,-82.98623373333334,88.0,24.0,True,False,False
Spin,2452dd3c-ccaa-4f79-8d8c-e2d167c79de1,e-bike,39.99908983333333,-82.98624723333333,88.0,24.0,True,False,False
Spin,5fffa513-bfe2-436d-a2ba-33594fd1c185,e-bike,40.004833500000004,-83.00715999999998,86.0,23.41,True,False,False
Spin,774ba315-b11a-4356-bb11-a32fa95854b0,e-bike,39.98683666666667,-83.00523999999999,49.0,13.46,True,False,False
Spin,17ae462d-825c-498b-bcb0-1adeed57ecde,scooter,40.003152,-83.008011,75.0,20.49,True,False,False
Spin,35223bc3-0bee-455f-9a4f-33859b4f94df,e-bike,39.98676783333334,-83.0072072,45.0,12.29,True,False,False
Spin,cd94b035-4806-4271-9992-2ba351925715,scooter,40.013771,-82.980283,71.0,19.32,True,False,False
Spin,61c2877b-be04-43cc-9363-97eb309c9c3b,e-bike,39.99730563333333,-82.99671033333334,25.0,6.73,True,False,False
Spin,47ef0848-e688-4016-9cfd-c81f7075edf0,scooter,39.991456,-83.005945,100.0,27.22,True,False,False
Spin,f23f253c-2795-416b-9886-309e3258c646,scooter,39.99169223333333,-83.0122164,40.0,10.83,True,False,False
Spin,6b72778e-7452-4986-b246-d4f6cc7f39e6,scooter,40.015515,-82.986567,80.0,21.66,True,False,False
Spin,1db79dec-e9c6-461a-ad35-e7ca2a3d59ac,scooter,40.023221,-82.984452,95.0,25.75,True,False,False
Spin,2ca1cdf8-8783-491b-810d-203375b74393,scooter,39.989310950000004,-83.00802540000001,43.0,11.71,True,False,False
Spin,659ba632-d499-4cec-9a38-696bcf345c18,scooter,40.013418,-82.962369,85.0,23.12,True,False,False
Spin,02d34b94-e3c5-4cae-8c8d-0357123124af,e-bike,40.004839999999994,-83.00572166666667,94.0,25.46,True,False,False
Spin,66224a6b-f9f0-4d1a-be78-92fc85f10a8c,scooter,40.014481,-82.966935,39.0,10.54,True,False,False
Spin,10ae0e54-65b7-4b22-aa00-fcc447a51045,scooter,40.000592,-82.973314,78.0,21.36,True,False,False
Spin,3b2a325d-97dc-4040-bf6d-69ac4dd4a2c3,scooter,40.000456,-82.979757,80.0,21.66,True,False,False
Spin,5a6f2224-c3b1-4ea6-9b2d-0ca89fef5616,scooter,40.006402,-82.97264,95.0,25.75,True,False,False
Spin,1b1affdf-ed86-4afa-b5fb-32ab720ff791,scooter,40.006202,-82.976942,87.0,23.71,True,False,False
Spin,b4b82736-34b3-4bee-84d0-24f196b105c8,scooter,40.000179,-82.981732,33.0,9.07,True,False,False
Spin,80ae0d3c-03b3-48b1-8eaa-6f32c3eb67d0,scooter,40.014698,-82.989364,58.0,16.54,True,False,False
Spin,6733a225-c9d1-47aa-a461-4f6e59c69e4a,e-bike,40.0141655,-82.98859255,27.0,7.32,True,False,False
Spin,74598ba7-cf2a-4c77-ad76-4b53549c8d6d,scooter,40.004442,-82.98685,35.0,9.66,True,False,False
Spin,09230539-b49a-4de5-8b9f-32ce7cc9a0f6,scooter,40.000428,-82.986083,75.0,20.49,True,False,False
Spin,c97597b9-f463-4c64-a15b-114510447262,scooter,39.993557,-82.981106,84.0,22.83,True,False,False
Spin,63292aea-c8f7-4050-b2c5-4c55a54ddae3,scooter,39.962986,-82.976591,68.0,18.44,True,False,False
Spin,d8eb8287-fc80-428b-a69f-f9b65abd583c,scooter,39.962889,-82.976524,43.0,11.71,True,False,False
Spin,72f608b0-3b3a-4849-950b-c0d2c528d6d0,e-bike,39.96990133333334,-82.99056633333333,53.0,14.34,True,False,False
Spin,2a76bec1-c807-4ea2-8e1a-36d5896d3e89,e-bike,39.95605903333333,-82.98957815,34.0,9.37,True,False,False
Spin,2361bb48-ef9c-4162-8ff1-d29caf0d395b,e-bike,39.96989713333333,-82.99056453333333,20.0,5.56,True,False,False
Spin,4d19f017-fe18-49a8-9b68-db6e08f07b5f,scooter,39.990403,-82.995001,96.0,26.05,True,False,False
Spin,644397c1-3fdd-4bdf-9503-32d54cfcb4e5,e-bike,39.99014666666667,-82.99605166666667,38.0,10.24,True,False,False
Spin,877cab95-ec0f-49f5-8521-3560826da82d,e-bike,39.978325000000005,-82.94493499999999,29.0,7.9,True,False,False
Spin,71c1e2d6-3d2e-42b2-a4e7-13490c3eeea6,e-bike,39.97376666666666,-82.97683166666665,55.0,14.93,True,False,False
Spin,aebdc2dd-5c80-49ef-8450-e92c261ade40,e-bike,39.991416433333335,-83.00869689999999,88.0,24.0,True,False,False
Spin,b862fdf8-5870-47a4-8690-517d5a3ae559,e-bike,40.014914399999995,-83.00225649999999,81.0,21.95,True,False,False
Spin,6f9feca2-b24a-45f8-90e5-487aa9d9e2a0,e-bike,39.99789243333333,-82.98006963333334,66.0,17.85,True,False,False
Spin,0919c7aa-0dc0-4b5f-969c-912f36852307,scooter,40.0073248,-83.00767040000001,66.0,17.85,True,False,False
Spin,915bbeaf-548d-48e7-a297-f628d72c6aff,scooter,39.98378183333333,-83.0207463,59.0,16.1,True,False,False
Spin,baad9f39-2be1-4925-a2b2-40c52e3012c5,e-bike,39.95940743333333,-83.0026237,33.0,9.07,True,False,False
Spin,4473a9b8-2f07-4e35-91fe-1746365d6e35,e-bike,40.007264400000004,-83.00164160000001,31.0,8.49,True,False,False
Spin,2556ede6-0604-4bb7-94b5-155c67c742ad,e-bike,40.00633333333334,-82.918695,41.0,11.12,True,False,False
Spin,fba78ba0-7bc6-4739-9aae-33fc54e9700c,scooter,39.959171,-83.032064,61.0,16.68,True,False,False
Spin,6235c423-f0ef-416d-9acc-0f479b98ecee,scooter,39.989948,-83.035363,42.0,11.41,True,False,False
Spin,8ba7393b-a684-4bd3-af8d-cdaa451f7320,e-bike,40.0022661,-83.00331310000001,30.0,8.19,True,False,False
Spin,6e0e75be-198d-47a3-a417-acd05395a934,e-bike,40.002566900000005,-83.00509050000001,20.0,5.56,True,False,False
Spin,fc91cf15-b81d-4f39-ac42-611c5dfe75eb,scooter,39.95621,-83.010937,30.0,8.19,True,False,False
Spin,2c3871f2-705b-494e-95d6-538a49d795d2,scooter,40.023202,-82.983797,52.0,14.7,True,False,False
Spin,f376adfb-b771-4283-97ca-3eb23389354c,scooter,39.949344,-82.995478,68.0,18.44,True,False,False
Spin,5488a546-c4b8-4df0-966f-86526a16ebbd,scooter,39.987279,-82.997724,22.0,5.85,True,False,False
Spin,0619e6dd-c0bc-4c56-b84d-6cabe5382f38,scooter,39.987305,-82.998027,89.0,24.29,True,False,False
Spin,b3ccd0af-6857-4867-bac4-5d93ead266aa,e-bike,39.997209233333336,-83.00382149999999,73.0,19.9,True,False,False
Spin,34f40102-a3c4-48ae-ac51-f15d931c521c,e-bike,39.95915,-83.03537166666668,73.0,19.9,True,False,False
Spin,72c9e7d2-446a-40c2-8e07-a07660461f4e,e-bike,39.98999675,-83.0016689,83.0,22.54,True,False,False
Spin,5bc7c2c0-cbe2-488e-888e-71f91e8e696f,scooter,39.987428,-83.010855,90.0,24.58,True,False,False
Spin,01a83e74-33b3-4247-9aa2-eb814b014aa9,e-bike,39.998581666666674,-83.00173666666666,67.0,18.15,True,False,False
Spin,528253d0-2905-4a96-b100-ede4a9eb5b12,e-bike,40.002571800000005,-83.00508659999998,39.0,10.54,True,False,False
Spin,e6f6af6d-92ae-49d2-b2bb-0b4c73d29318,scooter,40.002659,-83.005127,77.0,21.07,True,False,False
Spin,0a6797a9-fe87-4bb6-975a-c9581310a99e,scooter,40.00257,-83.005184,18.0,4.98,True,False,False
Spin,337683c8-1aba-44bd-a8f1-0484b3719e39,scooter,40.011094,-82.999878,83.0,23.59,True,False,False
Spin,c3058554-91ea-457e-bd4e-4b88d598e357,e-bike,39.99354903333334,-83.0389528,48.0,13.17,True,False,False
Spin,db1d5454-ff0f-4abc-84fa-8f6661eb5d02,scooter,39.959788,-83.021682,98.0,26.63,True,False,False
Spin,ebc2793e-7532-47ac-86c7-4346cfd0c7b9,e-bike,40.0004474,-82.98600593333335,33.0,9.07,True,False,False
Spin,9fc9874a-4038-4d5e-ba02-6b11fc2cfb36,scooter,40.010668,-83.013423,31.0,8.88,True,False,False
Spin,de864f13-2277-47da-ad80-826aecb633a9,e-bike,40.01712666666666,-82.96786333333333,46.0,12.58,True,False,False
Spin,6c640816-8d9c-44de-a646-1ee190b5546b,scooter,39.942389,-82.96405,29.0,7.9,True,False,False
Spin,92461d68-7052-4132-8899-56ec68a81a2e,e-bike,40.013041,-83.0013805,41.0,11.12,True,False,False
Spin,1e6ef125-286d-4102-87ba-5b8262d6a6a5,scooter,39.991527,-83.041883,74.0,20.19,True,False,False
Spin,bbe7202f-422b-4949-ad60-f690fec7738c,e-bike,40.0141421,-83.0011595,41.0,11.12,True,False,False
Spin,6ee02200-6a75-410b-a43f-09485fc6f515,scooter,39.961464,-83.007827,78.0,21.36,True,False,False
Spin,4937c835-72c1-4852-ac49-c03118561846,scooter,39.961927,-82.956761,94.0,25.46,True,False,False
Spin,3617d4c1-be9f-4279-afed-872becd22ddb,e-bike,39.99176073333333,-83.00720770000001,35.0,9.66,True,False,False
Spin,527d9d74-d82b-4653-a68c-4099c90eaf80,scooter,40.007438,-82.988966,43.0,11.71,True,False,False
Spin,3d8eede9-4702-4e8a-bf5f-9665c87dd2e3,e-bike,40.012568333333334,-82.98642833333334,80.0,21.66,True,False,False
Spin,ffcbea86-bbcf-4981-adf9-5985a2d42c9e,e-bike,39.99545166666667,-83.00235333333333,57.0,15.51,True,False,False
Spin,548b2e7d-8428-4b33-8f5e-287912af6128,scooter,39.961177,-83.00323,92.0,25.17,True,False,False
Spin,15e791f2-2eb7-4d8c-95fd-444c2c5f4929,e-bike,39.999748833333335,-83.00267860000001,62.0,16.97,True,False,False
Spin,e166d16f-0346-4c56-9deb-aea4e25328af,scooter,39.995329633333334,-82.99607953333334,99.0,26.93,True,False,False
Spin,7ec7599b-fdac-4dbb-8e57-c8d3f9f4b14f,e-bike,39.99677883333333,-83.0050707,33.0,9.07,True,False,False
Spin,f784b3b0-91a2-465e-9b52-48e6649e1fbf,e-bike,39.99204733333333,-83.01218589999999,63.0,17.27,True,False,False
Spin,bfcb91aa-17a9-4d03-a9e0-b20adac55842,e-bike,39.997286833333334,-83.00441049999999,96.0,26.05,True,False,False
Spin,b6ef6125-31ce-4822-9de5-e80b4f8266e2,e-bike,39.995467233333336,-83.00252389999999,46.0,12.58,True,False,False
Spin,38bea835-ce17-4d1d-847b-636096e220d6,scooter,40.009104,-83.009728,80.0,21.66,True,False,False
Spin,9e938be4-f359-4eb7-9a9d-e1dff2a74dfd,scooter,40.009323,-83.0143867,100.0,27.22,True,False,False
Spin,a71c223b-0c6e-4770-8a81-307ba08678b0,e-bike,40.00752431666667,-83.01613266666666,94.0,25.46,True,False,False
Spin,88039c68-376d-4d7f-b0dd-dafda017df0d,scooter,39.953892,-82.994463,77.0,21.07,True,False,False
Spin,20ab7815-3bd4-4885-93a5-a1bdcdcd3775,e-bike,39.96780666666667,-82.99204999999999,55.0,14.93,True,False,False
Spin,b825060d-e3f5-4fce-9f89-0f25c79a391c,e-bike,39.98583815,-83.0172602,55.0,14.93,True,False,False
Spin,876b0085-2cc1-42e3-9895-aecf35457986,scooter,39.934185,-82.954416,57.0,16.24,True,False,False
Spin,88bdfa02-8afe-4692-bb41-559e89e434c1,e-bike,40.00894166666667,-83.00204166666666,98.0,26.63,True,False,False
Spin,ef0c4d83-0531-4d7d-9fc6-6784a6be6084,scooter,39.925145,-82.990663,71.0,19.32,True,False,False
Spin,88eb6314-cc60-42ff-b8e9-4759c6e3b38c,e-bike,39.965973133333335,-82.99177623333331,44.0,12.0,True,False,False
Spin,e472565d-a7ae-4d95-b3be-89bf1ef9883a,e-bike,39.96064833333333,-83.01251249999999,89.0,24.29,True,False,False
Spin,a0053a50-d6d1-488d-845e-a1ad96eccea6,e-bike,40.009282500000005,-83.01342359999998,22.0,5.85,True,False,False
Spin,ccf2c4fa-b0f2-4203-b595-02e6998e7ed4,scooter,39.99894,-83.007488,87.0,23.71,True,False,False
Spin,b276e390-9d8e-4680-92e9-f1f74d695306,e-bike,39.98672873333333,-83.0062065,54.0,14.63,True,False,False
Spin,ad13d57f-ed94-4dc8-a7e0-f30682731bb2,scooter,40.010971000000005,-83.00025099999999,70.0,19.02,True,False,False
Spin,23a887b5-e48b-464f-9c94-cd51041cc2b4,e-bike,40.0011806,-83.0054383,86.0,23.41,True,False,False
Spin,beb07bc2-5108-4ba8-a2a6-295310f4dbfa,scooter,40.018019,-82.978311,15.0,4.1,True,False,False
Spin,2f64ede8-bfbb-43c9-961b-cb37c1397cf0,e-bike,40.00873833333333,-83.00298,76.0,20.78,True,False,False
Spin,8b5277cd-8676-4c5b-ae06-bf2369760d8e,e-bike,40.00874666666667,-83.00303333333335,32.0,8.78,True,False,False
Spin,b354ce72-c17d-4bd4-a51f-54a2561df82b,e-bike,39.99445813333333,-83.00162759999999,40.0,10.83,True,False,False
Spin,046d1520-1a10-4d41-b51b-f29bde88d591,e-bike,39.98797605,-83.0081065,51.0,13.76,True,False,False
Spin,22270080-acf4-45e7-9bb1-c2b830f960bc,e-bike,39.98746585,-83.0125771,49.0,13.46,True,False,False
Spin,82f0d4e4-2b02-499b-a1cd-2558c3c488c2,e-bike,39.987433333333335,-83.01260166666667,66.0,17.85,True,False,False
Spin,c7d52af1-5231-485d-ae5c-e38d74998a2e,e-bike,39.987458133333334,-83.01258879999999,72.0,19.61,True,False,False
Spin,981ce791-cae1-4640-8167-bea8c1a0e482,scooter,40.026346600000004,-83.0249795,49.0,13.46,True,False,False
Spin,16f9704c-0886-40ef-90e4-b9d4fe922491,scooter,39.993723,-83.006676,46.0,12.58,True,False,False
Spin,ec90777a-6a68-4035-8b6e-384158c0ae22,e-bike,39.954827333333334,-83.00183790000001,60.0,16.39,True,False,False
Spin,4bcd6f49-e864-46f2-bda6-42fb094b4267,e-bike,39.99789666666666,-83.00672166666666,54.0,14.63,True,False,False
Spin,0ae256dc-c5b3-4e42-a1c9-cc246d612934,e-bike,40.0049062,-83.0085548,85.0,23.12,True,False,False
Spin,3fbcbb73-998c-4021-88b3-1028f01f46e6,e-bike,39.99850513333333,-82.99952563333333,49.0,13.46,True,False,False
Spin,3c4b885d-8399-4641-9b2d-8f201d553c5a,e-bike,39.998467633333334,-83.00442220000001,33.0,9.07,True,False,False
Spin,17a8af68-d534-4043-acf1-dbcb736fc5bd,e-bike,40.0239446,-83.0261837,51.0,13.76,True,False,False
Spin,90697796-fdcd-43a3-b4e5-4876ff5060a1,e-bike,40.023944799999995,-83.0261647,90.0,24.58,True,False,False
Spin,82648922-786a-402c-83be-ede0daac1b33,scooter,39.962418,-82.969144,78.0,21.36,True,False,False
Spin,2331063f-7ec5-4f66-bec1-f43c016bba51,e-bike,40.01753166666666,-83.01399833333335,59.0,16.1,True,False,False
Spin,ca94c163-e28d-4532-8788-5c510e59763a,scooter,39.97443055,-83.01042360000001,34.0,9.37,True,False,False
Spin,c0e18290-7f80-4de4-80f7-45bc4a82c116,e-bike,39.979614999999995,-83.01885833333333,26.0,7.02,True,False,False
Spin,35dfcdf3-ba18-4883-bdaf-ddf4f9a60409,scooter,39.979592,-83.018976,31.0,8.49,True,False,False
Spin,49b1b456-c1fc-4819-821e-d574b8311ab7,e-bike,39.99299443333334,-83.0065542,87.0,23.71,True,False,False
Spin,2e38aa51-cee5-479c-8358-539a76687cf8,scooter,39.969918,-82.977662,87.0,23.71,True,False,False
Spin,01fd10e5-c891-4de2-b88a-53a8a9987acd,scooter,39.956349,-83.001249,24.0,6.44,True,False,False
Spin,a700541f-65d3-4e09-84c0-576a9c665de5,scooter,39.975732,-83.002364,29.0,7.9,True,False,False
Spin,6826b099-3313-4181-a645-1dd267659d26,e-bike,39.99535903333334,-83.0016106,33.0,9.07,True,False,False
Spin,cae7de9a-74d9-4a85-a6e2-3e887f5930d6,scooter,39.979628,-83.018891,53.0,14.34,True,False,False
Spin,edac7bbe-32c3-460a-9dc6-21cdefe4b3b2,e-bike,39.98289583333334,-83.0127745,87.0,23.71,True,False,False
Spin,2a5c172f-dc1b-434e-9418-fc9b3c96dcbc,e-bike,40.00324666666667,-83.00326666666666,94.0,25.46,True,False,False
Spin,738e774a-b103-4899-8b49-78353a338700,scooter,40.005353,-83.0094103,84.0,22.83,True,False,False
Spin,de5b76af-a980-4007-bfef-cef1cea3fd85,scooter,40.006858,-82.96558,31.0,8.49,True,False,False
Spin,e74ea984-d5e4-43a4-bb71-f393b96c7d66,scooter,40.005933,-83.004481,75.0,21.44,True,False,False
Spin,56679524-5b60-4c34-a06f-6091168a4bf5,scooter,39.993407,-83.004804,23.0,6.15,True,False,False
Spin,9f99c2a5-3ee0-4833-91ba-bac99451a23c,e-bike,39.999351133333334,-83.00263760000001,40.0,10.83,True,False,False
Spin,1f804523-91c1-4a34-bb55-3c35a2286721,e-bike,39.99865013333333,-83.00369289999999,37.0,9.95,True,False,False
Spin,7d441e46-2412-400b-818e-ba326b3c1431,e-bike,40.01860833333333,-83.02451166666667,26.0,7.02,True,False,False
Spin,7961aa89-33b9-4bf7-ab8a-1201d0cb1a8b,e-bike,39.988128149999994,-83.0287678,41.0,11.12,True,False,False
Spin,40db3413-3bbc-4e73-af42-05ebe17337d3,e-bike,39.98719323333333,-83.0165739,77.0,21.07,True,False,False
Spin,b631e17c-a2db-4b15-87ed-53bf01b223db,e-bike,39.984472733333334,-83.01780740000001,76.0,20.78,True,False,False
Spin,8bbcbcea-bef4-41e1-b777-dd8a17fea43a,e-bike,39.98447253333333,-83.0178043,33.0,9.07,True,False,False
Spin,c2192a8d-ceaf-4132-abd6-25deb6ed1a4a,e-bike,39.978525,-83.00293000000002,69.0,18.73,True,False,False
Spin,9987fb27-0d87-40d9-9705-b7775a90f544,scooter,40.006588,-83.019218,76.0,21.75,True,False,False
Spin,460c1aa7-3e20-42d1-b5fa-957d60316a77,e-bike,39.988545550000005,-83.0302875,44.0,12.0,True,False,False
Spin,8cc03770-6cfe-49fb-9789-30d20344eae5,e-bike,39.96780873333333,-83.00535219999999,27.0,7.32,True,False,False
Spin,8409cc1f-f62e-4bd9-845d-8be821bea385,e-bike,39.98473223333334,-83.01095160000001,30.0,8.19,True,False,False
Spin,0710ec55-f784-4da7-bb2d-2f1922ee3db0,e-bike,39.98471103333333,-83.01094280000001,27.0,7.32,True,False,False
Spin,69d13395-033c-49f0-956e-fa69d31884a8,e-bike,39.981879533333334,-83.0099456,30.0,8.19,True,False,False
Spin,1504c13f-c69a-427a-9d1a-aa651356a74e,e-bike,39.99026013333333,-83.00985899999999,47.0,12.88,True,False,False
Spin,313d4a91-0114-4782-9690-bd0b2b2a9803,e-bike,40.0039052,-83.00069149999999,74.0,20.19,True,False,False
Spin,d64a59f0-6a23-4d3a-8171-1d36fc52e7fc,e-bike,39.95664813333334,-83.0074055,33.0,9.07,True,False,False
Spin,c6c082d0-2e18-4d7d-a923-b05bcac20f36,scooter,40.01435,-82.981666,78.0,22.36,True,False,False
Spin,e14fa0c6-4c75-42be-a33a-344428a55315,scooter,39.991918,-83.006575,41.0,11.64,True,False,False
Spin,e2b9206a-baa1-4da8-accc-2b0864d8579d,e-bike,39.993140833333335,-83.0142971,77.0,21.07,True,False,False
Spin,f041920f-a0ea-4e01-81b5-abf4ecfb458b,e-bike,39.99187,-83.00842666666668,61.0,16.68,True,False,False
Spin,d2515826-b20d-40f4-af84-df6b0e61d028,e-bike,39.960635,-83.012085,81.0,21.95,True,False,False
Spin,d8fc1bf2-2926-45b8-b166-0ff83678b216,e-bike,39.99214163333333,-82.99596803333334,28.0,7.61,True,False,False
Spin,c468b1cf-11ec-47b3-b8f0-47d668c2d4a0,e-bike,39.987870150000006,-83.00334849999999,41.0,11.12,True,False,False
Spin,fd8d389f-4e54-4a88-ad11-5cd9b8622c8c,scooter,39.99673643333333,-83.00707429999999,48.0,13.17,True,False,False
Spin,5476c7e1-b53e-4a86-9790-fde239390a2d,e-bike,39.980594833333335,-82.99843113333333,32.0,8.78,True,False,False
Spin,361ff401-3593-45b8-9d0a-85e256cfed61,e-bike,39.986950533333335,-83.01309690000001,86.0,23.41,True,False,False
Spin,ef872f8e-9626-48c0-918f-6daca9b2c35b,e-bike,39.99657833333333,-83.00383500000001,39.0,10.54,True,False,False
Spin,6273a8fa-4ff2-4bd2-98cc-1e86f85e73aa,e-bike,39.98526535,-83.0085134,37.0,9.95,True,False,False
Spin,614cc603-7ab0-4619-94cd-b52627d07aff,e-bike,40.01413166666667,-82.98025333333332,72.0,19.61,True,False,False
Spin,64619573-2eaf-4612-886d-c506da6575e0,scooter,39.969887,-82.977633,55.0,14.93,True,False,False
Spin,551152b8-008e-41b8-8897-ba61a7de1bd9,e-bike,40.0007259,-83.0075253,66.0,17.85,True,False,False
Spin,0a8acbef-005f-4670-aebf-32f7750d740a,e-bike,39.956247733333335,-83.00654090000002,19.0,5.27,True,False,False
Spin,5f8b9588-47fe-4ea7-93f1-dead0fcc8abc,e-bike,39.97412035,-83.0012299,29.0,7.9,True,False,False
Spin,d0be89fd-9688-49e2-b684-3e4220b2276b,e-bike,39.995219633333335,-83.0032593,57.0,15.51,True,False,False
Spin,8c1a3c4e-ce34-4a0a-8791-82afe10eeedd,e-bike,39.99122203333333,-83.01396150000001,85.0,23.12,True,False,False
Spin,df0f9e8b-cd9d-4447-939d-5c8a4b21ba1a,e-bike,39.994712033333336,-83.0038525,52.0,14.05,True,False,False
Spin,39d566af-1d3b-4e90-a2ff-6b2919de5fd1,e-bike,39.98524165,-82.99952153333334,30.0,8.19,True,False,False
Spin,95b2cf7e-6a2e-4b5f-862f-fe710f264a13,scooter,39.958663,-83.009275,55.0,15.62,True,False,False
Spin,39c3c52c-33a5-4479-a206-c8eb9fb23bbd,e-bike,40.00710166666667,-83.01981499999998,60.0,16.39,True,False,False
Spin,b1f86b4e-1cd7-4a96-81fe-5e8f1948fd49,e-bike,40.007113333333336,-83.01980833333333,32.0,8.78,True,False,False
Spin,3924982a-7560-494f-9029-73155f351f8c,e-bike,40.0130847,-82.99769213333333,52.0,14.05,True,False,False
Spin,8f2db7a3-8511-42cc-96f6-b945950a32c5,e-bike,40.0275466,-83.0156688,29.0,7.9,True,False,False
Spin,749ace73-704b-4a9d-8301-40e642ad3887,scooter,39.980503,-83.016111,35.0,9.66,True,False,False
Spin,42ef661c-8809-49fe-baf0-24363e1c849c,e-bike,39.980149833333336,-83.0184261,58.0,15.8,True,False,False
Spin,bb67ef75-724a-46fe-ac97-416af8abe888,e-bike,39.99723693333333,-83.0038115,60.0,16.39,True,False,False
Spin,351b4776-3d0e-4047-a8ac-a543121db24f,scooter,39.980575,-82.996334,71.0,19.32,True,False,False
Spin,8b1a9ae1-f167-4b18-89cd-e63c6def01d8,e-bike,40.0042735,-83.000114,48.0,13.17,True,False,False
Spin,7f3df39d-4185-4d60-8bb6-9c8b5355c492,e-bike,40.0042868,-83.00009870000001,61.0,16.68,True,False,False
Spin,a5e6014d-6226-49a7-91f3-24e0a648b020,e-bike,39.98627933333333,-83.0121088,89.0,24.29,True,False,False
Spin,f041b665-c69e-4ca7-8e02-f75764997031,scooter,39.957519,-82.96062,68.0,18.44,True,False,False
Spin,20388103-289a-4492-94f6-aa6f3664aba2,e-bike,40.0153966,-83.00234909999999,23.0,6.15,True,False,False
Spin,c0f16756-6918-41f1-9cc9-b877fdf4f3e0,e-bike,40.01352833333333,-82.97675333333333,51.0,13.76,True,False,False
Spin,8e338806-8df8-42b3-bd11-3b20683554af,e-bike,39.98850955,-82.99953093333333,70.0,19.02,True,False,False
Spin,2ca5f8e4-d59f-48d8-ab47-971abbdaf441,scooter,39.956451,-82.996157,80.0,21.66,True,False,False
Spin,deaade29-2dfc-4ea0-9df0-b2567cac3a62,e-bike,40.02388,-83.02616666666667,74.0,20.19,True,False,False
Spin,05c086ce-88ad-4c63-a243-91498107907b,e-bike,40.023917399999995,-83.0261628,61.0,16.68,True,False,False
Spin,d3c2fe09-70bc-49dc-9816-cebcada683c7,e-bike,39.99695473333334,-83.0065828,65.0,17.56,True,False,False
Spin,06b82a5c-1fc4-4dca-bc2b-6acf0cf0c24c,e-bike,40.0034537,-83.00227860000001,31.0,8.49,True,False,False
Spin,c498e028-9154-4cf3-bbb0-4ba260509def,e-bike,40.013315,-83.0108612,54.0,14.63,True,False,False
Spin,bf29522d-e410-413e-b6f9-ce9ad7a016e6,scooter,39.948934,-82.989397,19.0,5.27,True,False,False
Spin,257455ac-6145-4c10-a641-2beeeb08e9c5,scooter,40.002967,-83.005602,71.0,19.32,True,False,False
Spin,9e7edc02-180c-4402-b441-c7e88f446f5a,scooter,39.963274,-82.981372,65.0,18.38,True,False,False
Spin,b9fdda9e-df81-418e-8824-3a8642de3e20,scooter,39.963172,-82.980132,34.0,9.8,True,False,False
Spin,b7c620d8-b03d-408d-a491-62d61cbbc2e7,e-bike,39.956928833333336,-82.99366133333334,58.0,15.8,True,False,False
Spin,0e6c2e6e-d431-43f2-bbc7-f72b9b8a87dc,e-bike,40.009547,-83.01245509999998,54.0,14.63,True,False,False
Spin,3479a729-b5d0-41e9-b744-b2e7b07ec354,e-bike,40.012051899999996,-82.99795363333332,37.0,9.95,True,False,False
Spin,bb483ef4-c03e-40e9-b2b1-c82c355bb7f6,e-bike,39.98472243333333,-83.0265367,63.0,17.27,True,False,False
Spin,0f0f3ba4-64eb-41ec-a187-db5046ca883b,scooter,39.986499,-83.028977,54.0,14.63,True,False,False
Spin,97fbc329-fa0c-40d4-a005-6872b3bd62b1,scooter,39.98484713333333,-83.0081714,66.0,17.85,True,False,False
Spin,1a64fd3e-a0b5-4f38-a33c-e59c269baf27,e-bike,40.0066441,-83.01281560000001,34.0,9.37,True,False,False
Spin,cefb9951-ff43-4475-9e72-f54ee45a395f,scooter,40.00831,-83.008898,66.0,17.85,True,False,False
Spin,d9202162-e65c-463e-bba1-53fbbe092f32,e-bike,40.0075929,-83.0106364,76.0,20.78,True,False,False
Spin,f51ae388-5391-44de-9c15-0a1d60d70ee1,scooter,40.0063314,-83.00888600000002,86.0,23.41,True,False,False
Spin,52addbcd-84dd-4e58-964d-29a4763b2f91,scooter,40.00633860000001,-83.0084168,74.0,20.19,True,False,False
Spin,595e7163-ed87-4684-bfd7-9661136b425a,e-bike,40.0103275,-83.0024656,76.0,20.78,True,False,False
Spin,9eb9cb98-6659-4c24-8f13-0a081e322f9e,scooter,40.002128500000005,-82.99916773333334,39.0,10.54,True,False,False
Spin,12755df8-1f4d-4a7d-b3de-760ca13cd722,e-bike,39.961400000000005,-83.00313666666668,40.0,10.83,True,False,False
Spin,22155a42-bd9d-459a-bfda-58dfe5e62a3e,scooter,40.0133207,-83.01087279999999,100.0,27.22,True,False,False
Spin,5c0d4171-08c6-4ede-9e71-bbb1421e22b2,e-bike,40.0116,-83.0105187,98.0,26.63,True,False,False
Spin,008bc948-6792-4364-a9df-606297e4969b,e-bike,40.0117321,-83.00619129999998,90.0,24.58,True,False,False
Spin,2a83cdad-bcb2-409a-9b48-29abb03b893d,e-bike,39.993757433333336,-83.00574130000001,34.0,9.37,True,False,False
Spin,8ffe3b2b-ca7b-4237-842d-df62ad53ca54,e-bike,40.0076228,-83.01053320000001,58.0,15.8,True,False,False
Spin,0c9ff94e-6555-4065-9c9a-e6e079ea8a6a,e-bike,40.009249,-83.0025591,91.0,24.88,True,False,False
Spin,4769db16-15a1-4bd9-bbe1-97f185750257,e-bike,40.0088342,-83.00271900000001,97.0,26.34,True,False,False
Spin,16e895d9-8b74-4e0f-8ba9-f086515c3580,e-bike,39.991544999999995,-83.01079833333333,95.0,25.75,True,False,False
Spin,be7c7615-ad50-443f-afb4-ce2e62d02abd,e-bike,40.007265,-83.012625,38.0,10.24,True,False,False
Spin,3110329f-3464-4e6f-8207-2ce5716ed6c6,scooter,40.0072865,-83.0126155,43.0,11.71,True,False,False
Spin,5769d49c-38c5-4f18-a29e-cd38924ab807,scooter,40.007286900000004,-83.01268350000001,34.0,9.37,True,False,False
Spin,4436dcea-30b3-44f8-b384-90fe3be4802d,e-bike,39.95914333333334,-83.001775,48.0,13.17,True,False,False
Spin,f861cb14-7c15-4cd7-9640-baaf2e17011b,e-bike,39.95596393333334,-83.0124734,89.0,24.29,True,False,False
Spin,f08f8612-835a-4e88-8528-b32dc7ef95a2,e-bike,39.97520165,-82.97935545,41.0,11.12,True,False,False
Spin,e4224472-120b-4c97-9c30-ffe36439b23f,e-bike,40.00616958333333,-83.00864838333334,89.0,24.29,True,False,False
Spin,7bef9e8f-8ac4-4e98-a1d8-69293d48afd1,e-bike,39.95629853333333,-83.00702129999999,90.0,24.58,True,False,False
Spin,2a4557af-59a2-4ee7-9ef1-f8bef378b75e,e-bike,40.008056,-83.01117260000001,98.0,26.63,True,False,False
Spin,23b6686e-1ec6-462e-bf5d-625ad76b3660,scooter,39.985912,-83.004547,37.0,10.42,True,False,False
Spin,0279bbdf-4078-4921-a407-cd7bdb3935eb,scooter,39.959032,-83.009791,94.0,25.46,True,False,False
Spin,869313ee-7f3d-4eed-b164-048f1f750bb7,e-bike,40.0071347,-83.010303,90.0,24.58,True,False,False
Spin,48f93db3-ce84-4f42-b74f-40dace55e7dd,e-bike,39.95756373333334,-83.0117207,90.0,24.58,True,False,False
Spin,fec8b400-74aa-4df7-8e46-1ce6cfa68fdd,e-bike,39.996060433333334,-83.0025764,66.0,17.85,True,False,False
Spin,77562c9b-d06d-4cc2-be8c-43562b564338,e-bike,40.007169999999995,-83.010575,44.0,12.0,True,False,False
Spin,dc80456c-7af2-45b5-8ae6-eeffef89fddf,scooter,39.965536,-83.005062,90.0,24.58,True,False,False
Spin,f62dfa47-26a7-4dd6-8d49-7bc12e1f0318,e-bike,39.98642013333333,-83.00823039999999,73.0,19.9,True,False,False
Spin,78d90289-94d4-488e-b17a-224a98575525,e-bike,39.99312633333333,-83.014327,90.0,24.58,True,False,False
Spin,bf374725-d60e-4352-a54d-6a4d73305dd1,e-bike,39.99373933333333,-83.00576029999999,41.0,11.12,True,False,False
Spin,fcedb207-d150-4c5c-9103-147589d8f4a0,e-bike,39.99373943333333,-83.00573610000001,29.0,7.9,True,False,False
Spin,32852a5b-d779-4bc1-94b0-1d306d68a8f6,e-bike,39.993716733333336,-83.0057133,32.0,8.78,True,False,False
Spin,fc04e896-f76e-4df2-9a72-8dc5a8c9e62d,e-bike,39.99619773333333,-83.02953860000001,95.0,25.75,True,False,False
Spin,38c61a30-7456-47cf-88f7-58430ab24258,e-bike,40.021380199999996,-83.02757199999999,89.0,24.29,True,False,False
Spin,0032a3bb-d6dc-467b-bcbc-8d44877f56eb,e-bike,40.01183,-82.96230533333333,81.0,21.95,True,False,False
Spin,1666d2c8-f17a-40f3-938a-a851caa864fe,e-bike,39.99259403333333,-83.0110687,89.0,24.29,True,False,False
Spin,94bfd6e8-da90-49cb-8a0f-83c037c545bc,e-bike,39.987171833333335,-83.0159616,91.0,24.88,True,False,False
Spin,dc097ece-4f60-4685-8609-91a0e70939f8,e-bike,39.987228933333334,-83.03180490000001,91.0,24.88,True,False,False
Spin,2ae7ad84-2bb9-47d7-8f5d-b1c336d0733e,e-bike,39.989284500000004,-83.04432083333334,91.0,24.88,True,False,False
Spin,1219e027-a079-4bee-992f-e2228c8098d3,scooter,40.013277,-83.010933,69.0,18.73,True,False,False
Spin,65f8e141-29d4-4f4c-9056-b15be029a31a,e-bike,39.985194549999996,-82.99954933333332,91.0,24.88,True,False,False
Spin,d87131aa-1a8a-4160-aeac-2c9e5e16d815,e-bike,39.98415113333333,-82.99633223333333,91.0,24.88,True,False,False
Spin,763518f3-ae6d-418f-9020-bd18c28c3b55,e-bike,39.98237353333333,-82.99633803333333,91.0,24.88,True,False,False
Spin,e1e36b46-c3b4-45f8-861f-32827a3cd5c8,e-bike,40.006793900000005,-83.01750259999999,80.0,21.66,True,False,False
Spin,786bc35e-f65d-4a95-916f-920a40677f0c,e-bike,39.99549666666667,-83.00287833333331,100.0,27.22,True,False,False
Spin,2de287f0-c758-4dea-ac20-d51419df14c7,e-bike,39.99554833333333,-83.0027,100.0,27.22,True,False,False
Spin,1329d0f8-bbdb-44fd-8d7f-c410f8a24f80,e-bike,39.999249999999996,-83.00370166666669,100.0,27.22,True,False,False
Spin,432a386d-a2f1-4686-a651-c004be3d2317,scooter,39.98271873333333,-82.98931304999999,100.0,27.22,True,False,False
Spin,a66833d6-8750-4777-8130-4f5dad72e47f,e-bike,39.97555115,-83.0106506,90.0,24.58,True,False,False
Spin,3177a53b-0b83-4ed0-a21b-287d4e28da4b,e-bike,39.99233433333333,-83.0063966,90.0,24.58,True,False,False
Spin,e73e97dc-5245-4e66-992e-1fdb1561a541,e-bike,39.972395750000004,-83.00453379999999,96.0,26.05,True,False,False
Spin,af9b1e90-6485-4684-97f0-ec5f64fce81e,scooter,39.97110865,-83.00329689999998,100.0,27.22,True,False,False
Spin,aacd34dd-9364-404f-b249-48dd66dc578f,e-bike,39.997673133333336,-83.001974,87.0,23.71,True,False,False
Spin,4a8485d8-b4b5-42ca-b84d-52a3f1fdb340,scooter,39.97291,-82.96854,49.0,14.09,True,False,False
Spin,76251923-b390-4b74-a7ff-57b62030fd8d,scooter,39.955483,-83.026177,96.0,27.26,True,False,False
Spin,63f3cdd8-eec3-468d-9ff0-691a6f6d8994,e-bike,39.99404333333334,-83.00677166666668,48.0,13.17,True,False,False
Spin,7fee2bac-b1d0-4686-9e76-6a61592cc957,e-bike,40.0217021,-83.0158134,82.0,22.24,True,False,False
Spin,f891fb9e-449e-4c65-9a5a-9cd38f89315a,e-bike,40.0101966,-83.01262309999998,73.0,19.9,True,False,False
Spin,5fa02d28-bf44-413a-b245-d520258ac274,scooter,40.013097,-82.959018,58.0,16.54,True,False,False
Spin,d8c34ed3-7c68-4461-a3a1-66427d15904c,e-bike,39.96019403333333,-83.04039429999999,90.0,24.58,True,False,False
Spin,2b118ffe-4cd2-424c-ba0e-4f97bd6ea75a,scooter,39.976115,-83.083036,94.0,26.65,True,False,False
Spin,4d856116-3498-4e65-aced-ddbcf4ac5f10,e-bike,39.98737963333333,-83.0083789,49.0,13.46,True,False,False
Spin,d2360b54-7da6-4fa6-b925-843e4a9f1c0a,e-bike,39.96067913333333,-83.0125754,59.0,16.1,True,False,False
Spin,97d80830-207f-4af6-b8f0-09e852a12e7c,scooter,39.945186,-83.065028,100.0,27.22,True,False,False
Spin,e472a136-e44e-4a4d-b02f-fd485f48ba6c,scooter,39.960279,-82.986851,18.0,4.98,True,False,False
Spin,b84bcb56-53a6-4505-854a-4a1ddf0ad639,scooter,39.957108,-83.041413,100.0,27.22,True,False,False
Spin,f8263898-194c-4c99-a4e1-9953d4e2f0fc,e-bike,40.029863399999996,-83.03357980000001,58.0,15.8,True,False,False
Spin,f2829720-6f85-4b8d-a45b-dd62d375e220,e-bike,40.0054946,-83.00124290000001,68.0,18.44,True,False,False
Spin,1bfbe9e1-beb3-4b01-b907-15cb975cef68,scooter,39.98183083333333,-83.00461580000001,15.0,4.1,True,False,False
Spin,5adee42b-e3ae-4ca6-bd79-10eff7bf50cc,scooter,39.958928,-83.031995,100.0,27.22,True,False,False
Spin,7662f4dd-877f-4376-82e6-3697f308bd1a,scooter,39.958334,-83.031881,100.0,27.22,True,False,False
Spin,f4c435e5-23a5-4ec4-9329-d4693d2f6612,e-bike,39.951103333333336,-83.02903333333333,100.0,27.22,True,False,False
Spin,5525d903-3a7b-4186-9488-45f0f0f7021b,e-bike,39.99231933333333,-83.0345157,83.0,22.54,True,False,False
Spin,be016117-6247-4717-b68a-b2d6490ea201,scooter,39.938351,-82.964505,71.0,20.22,True,False,False
Spin,78ee4a69-1fab-41a2-aa07-e0c19e1312df,scooter,39.948263,-83.046927,100.0,27.22,True,False,False
Spin,ec1df4b9-3a6d-454c-9545-5c5d634b087d,e-bike,39.987638149999995,-83.01802479999999,89.0,24.29,True,False,False
Spin,9beadb2e-c9fb-4d9c-bdf2-6a44a6a11389,scooter,39.9443,-82.965857,99.0,26.93,True,False,False
Spin,575b10bf-bb48-4f95-8f53-180f0f795845,scooter,39.94944,-83.041676,94.0,25.46,True,False,False
Spin,1a3819ce-256e-4789-a4a3-b38fa39e9038,e-bike,39.95946203333333,-83.0076093,89.0,24.29,True,False,False
Spin,de73b81d-b8ba-4a8c-a86e-655036b6bce1,scooter,39.944063,-82.973661,96.0,26.05,True,False,False
Spin,7bde0d7e-58ca-4ad9-b0cc-d3d7d6eb8815,scooter,39.953863,-83.019021,47.0,12.88,True,False,False
Spin,fe493459-556a-4838-bd2a-d140ceea8534,e-bike,39.9574,-83.01318,90.0,24.58,True,False,False
Spin,a92aeb3e-5ddd-47f9-918a-1341bfe98432,scooter,39.943307,-82.97098,100.0,27.22,True,False,False
Spin,c21adf14-4c34-416d-894b-5f721ab030c2,e-bike,40.011837199999995,-83.0105578,94.0,25.46,True,False,False
Spin,8c6aa00f-af61-4b20-923c-db8539b303a8,scooter,39.955687,-83.012474,95.0,26.96,True,False,False
Spin,455faaa8-ad09-41e5-b203-99142e8c1593,e-bike,39.97444955,-83.00429430000001,44.0,12.0,True,False,False
Spin,cedf2e47-e437-485d-a43e-1f32525718e7,e-bike,39.998605033333334,-82.99967473333332,20.0,5.56,True,False,False
Spin,390b3744-5624-456c-b5ac-905068b816b1,e-bike,40.0061686,-83.0139212,54.0,14.63,True,False,False
Spin,6d40dee7-d315-497c-8cab-a7a3078e8f8a,scooter,39.954378,-83.014591,24.0,6.44,True,False,False
Spin,e5a23969-645b-468a-b7aa-f036114506fe,scooter,39.954381,-83.014605,82.0,22.24,True,False,False
Spin,f3acc6ea-ac5c-4ccc-99e2-a070c418faec,scooter,39.954377,-83.014649,71.0,19.32,True,False,False
Spin,ce566dc5-634d-48a9-9f13-8b81031540ec,e-bike,40.0115653,-83.0151744,23.0,6.15,True,False,False
Spin,8d2070f1-6956-48a4-b6d3-0ea5e55d3936,scooter,39.955392,-83.015223,94.0,25.46,True,False,False
Spin,e35a136c-76e2-47cc-89ed-fa402d4a6ff0,scooter,39.960907,-83.012619,73.0,19.9,True,False,False
Spin,bc1ac58c-5383-432d-9a30-6c9f28eedd50,e-bike,39.956137033333334,-83.01100399999999,84.0,22.83,True,False,False
Spin,7cea5af0-930a-4ee4-846e-2744cdb3386a,e-bike,39.95612633333334,-83.0110215,42.0,11.41,True,False,False
Spin,26fdc83d-3596-4458-a487-4d04d9b2f832,scooter,39.95614473333333,-83.01101070000001,20.0,5.56,True,False,False
Spin,0ed61acf-4270-46e8-9752-85f7052cd199,e-bike,39.956116433333335,-83.01098679999998,83.0,22.54,True,False,False
Spin,0d139d3f-93f5-48d9-862c-c746d36b9a18,scooter,39.95614013333333,-83.0110028,71.0,19.32,True,False,False
Spin,687c674e-77e4-4239-9754-382ef5d40959,e-bike,39.95757433333333,-83.01143590000001,57.0,15.51,True,False,False
Spin,4118a7a6-1190-421b-a81f-c723ad658aad,e-bike,39.95755543333333,-83.0114098,92.0,25.17,True,False,False
Spin,c11c5b3c-c9fb-44e2-98ec-2370d461d184,scooter,39.957578733333335,-83.0114063,43.0,11.71,True,False,False
Spin,2eab0474-98b0-4231-99df-809c5c512abd,scooter,39.95716513333333,-83.0149652,61.0,16.68,True,False,False
Spin,d44587a0-6bbd-4306-a924-dd4421e8b551,scooter,39.957170033333334,-83.01495860000001,40.0,10.83,True,False,False
Spin,94958dc4-53ee-4ac3-a9e0-e0d165964166,scooter,39.95717153333333,-83.014989,74.0,20.19,True,False,False
Spin,4d685226-481f-4220-802b-9b0c345ab66c,e-bike,39.95717283333333,-83.0149796,92.0,25.17,True,False,False
Spin,f0473c09-ee47-4e10-939b-bb195c24a8be,scooter,39.972395,-83.004642,98.0,26.63,True,False,False
Spin,b6e7bc2a-eb72-40a0-9eb1-39c9c8bbdca3,scooter,39.935911,-82.988871,90.0,24.58,True,False,False
Spin,a065e212-ad44-47b2-86dd-65c73a5afa3d,scooter,39.95715783333333,-83.0149645,100.0,27.22,True,False,False
Spin,90c9ae32-304f-4f83-96e1-d0f628c162f9,e-bike,39.96164863333333,-83.0036773,91.0,24.88,True,False,False
Spin,de3351b6-d0d8-4b1b-8374-88bd1f63597e,e-bike,39.99817603333334,-83.001382,72.0,19.61,True,False,False
Spin,f3140e6b-6799-4d42-bab9-993ea94849cf,scooter,39.954236,-83.022181,100.0,27.22,True,False,False
Spin,c75553c8-4e19-467c-a2f4-065f07e51f4e,scooter,39.935961,-82.988872,99.0,26.93,True,False,False
Spin,d3df4abe-b40f-462b-a933-15e1392c3b58,scooter,39.958272,-83.021359,100.0,27.22,True,False,False
Spin,6ca6c2f1-f185-46d1-9447-91955f03863f,e-bike,39.94862223333334,-83.01991389999999,86.0,23.41,True,False,False
Spin,5fa87a67-1d20-40cb-b6d5-a53e14444155,e-bike,39.955666666666666,-83.00437166666667,97.0,26.34,True,False,False
Spin,ecb2ac1b-670a-4a01-94be-8a6e0f425994,e-bike,39.96064858333333,-83.01255213333334,88.0,24.0,True,False,False
Spin,252ef496-d814-425f-9368-850c884a2409,e-bike,39.96066233333333,-83.01249780000002,92.0,25.17,True,False,False
Spin,3396d04a-9719-4028-b86f-afa18d0a0f5f,e-bike,39.960635833333335,-83.01253530000001,91.0,24.88,True,False,False
Spin,8d4106c9-bd3c-4a5d-a17e-2c8a679ff8ff,e-bike,39.99074173333334,-83.00616409999999,91.0,24.88,True,False,False
Spin,ff96f705-b50f-4b0f-9317-a3fc919dcc3d,e-bike,39.994092933333334,-82.99332183333333,87.0,23.71,True,False,False
Spin,57288838-aac1-45ee-8a7a-09e5f695f692,scooter,39.95873923333333,-83.0122196,42.0,11.41,True,False,False
Spin,a8ae75b7-775e-4d27-9f38-41ba20c806ec,scooter,39.95874233333333,-83.01221740000001,43.0,11.71,True,False,False
Spin,d0d9dba9-d753-47bd-9256-b757d6cb8ea6,e-bike,40.0087785,-83.00112140000002,30.0,8.19,True,False,False
Spin,d8c221f5-04d4-4196-b4e1-d9f853b3ac73,e-bike,39.971345449999994,-83.00445110000001,47.0,12.88,True,False,False
Spin,4781b526-73ec-41b7-b074-ae3edee6d231,e-bike,39.99233173333334,-83.00522430000001,76.0,20.78,True,False,False
Spin,079d0186-e6fe-4ed2-9794-db60bcc8ce2a,scooter,39.95618113333333,-83.0106656,71.0,19.32,True,False,False
Spin,ac5e29bf-ea72-4c67-8458-001afcf5b2ef,e-bike,39.956161933333334,-83.0106879,94.0,25.46,True,False,False
Spin,fd6d9a37-e31b-4db3-b116-157d16986c02,e-bike,39.975256449999996,-82.98019853333332,28.0,7.61,True,False,False
Spin,b30a1052-99fc-4716-84dc-946706abc25c,e-bike,40.0110982,-83.01453349999998,35.0,9.66,True,False,False
Spin,743430ed-db82-4692-a0a1-e29666902856,e-bike,40.0206682,-83.02645030000001,42.0,11.41,True,False,False
Spin,2c9a83e7-fe35-4edf-ad32-b51dd7e634ed,e-bike,39.99778903333333,-82.99578903333334,77.0,21.07,True,False,False
Spin,7ba07645-7329-43dc-9123-fef64d60b2a3,e-bike,40.0082681,-83.0095517,46.0,12.58,True,False,False
Spin,dd640d23-eb55-4775-b605-b0d1699faaba,scooter,40.000711,-82.975353,62.0,16.97,True,False,False
Spin,41e6a475-3207-4d3a-a5ac-8912083af173,scooter,39.94973493333334,-83.00169140000001,60.0,16.39,True,False,False
Spin,dbb88932-e0ae-4a10-9639-0bde6c7384f1,e-bike,40.0323529,-83.0177867,80.0,21.66,True,False,False
Spin,880b2515-0649-4900-b27f-4a52cb35daf2,scooter,39.973251,-83.00277,39.0,10.54,True,False,False
Spin,1126a393-0c28-42d5-8643-7900b236c096,scooter,39.95237,-83.062878,95.0,25.75,True,False,False
Spin,38b2e502-b783-44ef-a9d3-de48f05aa068,scooter,39.935084,-82.992841,100.0,27.22,True,False,False
Spin,455d4016-c546-434c-bee5-db9d138e9a03,scooter,39.941635,-82.978857,100.0,27.22,True,False,False
Spin,4e47d116-9ffa-4612-bea3-08fd805de018,e-bike,39.92528213333333,-82.98428223333333,88.0,24.0,True,False,False
Spin,4b827432-a954-4188-9f11-896808e631be,e-bike,39.967613033333336,-82.98196423333333,32.0,8.78,True,False,False
Spin,7adbf5fd-78f2-442a-9101-4e0c4b829058,scooter,39.935137,-82.992758,43.0,11.71,True,False,False
Spin,1b1a66a1-33c0-4798-8671-85168a11c879,scooter,39.935124,-82.992673,55.0,14.93,True,False,False
Spin,a605aef2-685f-4b41-ab63-c60aced56e48,scooter,39.935073,-82.992796,23.0,6.43,True,False,False
Spin,c3544a56-320d-4341-a80c-465f9523634e,e-bike,39.96323433333334,-82.98137853333334,30.0,8.19,True,False,False
Spin,3a84cd30-cc47-4736-8a6a-d4b94c0de25d,scooter,39.979852,-83.004254,86.0,23.41,True,False,False
Spin,fea840c5-3de9-4107-b116-17189e3f3d27,scooter,39.99791893333334,-82.99818023333334,70.0,19.02,True,False,False
Spin,8bf54e78-7b86-421f-b232-c5d526cbf0a8,scooter,39.990125,-83.017264,23.0,6.15,True,False,False
Spin,343766a3-b158-41af-bd82-5775e4f0167b,e-bike,39.958193333333334,-83.0000678,89.0,24.29,True,False,False
Spin,84e87036-ba80-405d-b2d7-42dc77f7e541,e-bike,39.993470333333335,-83.0127328,31.0,8.49,True,False,False
Spin,da6a1dee-b8f5-4535-a447-b314146d28a5,scooter,39.99257523333333,-83.009856,45.0,12.29,True,False,False
Spin,c3373d02-c0e4-429e-a353-d0a1d4fa7a8f,scooter,39.99155363333333,-83.0082571,48.0,13.17,True,False,False
Spin,014d3bed-8f4b-43e6-9e7b-f86f56b58718,e-bike,39.97716315,-83.0040149,39.0,10.54,True,False,False
Spin,3cbc17b3-a02e-4b4b-9042-961895445fde,e-bike,39.994077833333336,-83.0067575,53.0,14.34,True,False,False
Spin,2b66a4a8-5750-4bb0-9bce-8e524bbcb4f6,e-bike,39.993996333333335,-83.00579270000001,87.0,23.71,True,False,False
Spin,0bb67873-b73e-47ca-82a0-7c758e385167,scooter,39.966061,-83.003957,97.0,26.34,True,False,False
Spin,ff18575d-67ad-43b9-91c1-172bcc329782,scooter,39.961018,-82.99279,60.0,16.39,True,False,False
Spin,f4f59fe6-ca56-4dc5-9162-aecaaeb2ec1a,scooter,39.960992,-82.992841,57.0,15.51,True,False,False
Spin,b7603e56-d745-40d5-857b-c158c73ad911,e-bike,39.97543375,-83.00396520000001,78.0,21.36,True,False,False
Spin,9af69642-428c-4f2d-9a87-5d6920a3a50c,e-bike,39.97548435,-83.0039359,51.0,13.76,True,False,False
Spin,73c03dd0-36c3-48d2-b91a-511d1ec109b5,e-bike,39.97552498333334,-83.00392501666666,58.0,15.8,True,False,False
Spin,4379ecc6-772f-418a-bcad-6c5b738d5b68,scooter,39.952568,-82.994474,90.0,25.73,True,False,False
Spin,eb53d1b2-616d-4c31-86d5-8bd6123fd22f,e-bike,39.963123333333336,-83.000515,32.0,8.78,True,False,False
Spin,ea46b8fa-ed90-4cc9-adb1-caf7e69727a8,e-bike,39.99881653333333,-82.99553403333333,65.0,17.56,True,False,False
Spin,4bc3d6bb-e2de-4f3c-ab15-1ef60bac5b61,e-bike,39.99374123333334,-82.99573823333334,69.0,18.73,True,False,False
Spin,868d1f2e-4738-42fc-b81e-7af6b4a3ad82,e-bike,39.958632449999996,-83.00165578333332,62.0,16.97,True,False,False
Spin,8cfd68b5-4631-49b3-9308-0603cc2b9d3c,e-bike,39.95864533333334,-83.0016455,31.0,8.49,True,False,False
Spin,74622abc-c91d-40e3-a9dc-dc355b1e0e15,scooter,39.940785,-82.968071,82.0,22.24,True,False,False
Spin,ef7cdd38-19c3-4e73-b00c-3fa05ec0c673,e-bike,39.96301593333333,-83.00041269999998,61.0,16.68,True,False,False
Spin,875c29dc-a775-422f-8e08-39fbbf1a3e4f,scooter,40.019495,-82.97508,28.0,7.61,True,False,False
Spin,17ae6fb6-04bb-4373-a113-74bd1296a99c,e-bike,39.96359993333333,-82.99491353333333,38.0,10.24,True,False,False
Spin,b93ba0fc-27ad-4a29-ab6e-4ffee5455aa1,e-bike,39.96678003333333,-82.99799413333334,31.0,8.49,True,False,False
Spin,e9044b14-e31f-4faf-997a-eeccf73a9530,scooter,39.987987,-83.025497,76.0,20.78,True,False,False
Spin,c8241aea-839e-42ee-bbb2-26b6c072fbcf,scooter,39.958077,-83.035089,90.0,24.58,True,False,False
Spin,3694a172-8eb3-483e-8c74-54e2b55ecda5,scooter,40.0102,-82.981384,44.0,12.0,True,False,False
Spin,1cc68f1c-4015-4657-9d6c-752429185805,e-bike,39.993469233333336,-83.00475890000001,49.0,13.46,True,False,False
Spin,0703653a-8025-4f7d-b2af-eedfad567724,e-bike,39.964288333333336,-82.97377333333334,16.0,4.39,True,False,False
Spin,0c41dfff-52ea-48e3-8be9-ac5246624ad3,scooter,39.98626073333333,-83.0241105,75.0,20.49,True,False,False
Spin,41eaaf3d-f41d-4915-ae56-f3db4d61a00f,e-bike,39.98719323333333,-83.00931,45.0,12.29,True,False,False
Spin,53011cba-2130-446b-a588-966f7393455d,scooter,39.99338,-83.026744,81.0,21.95,True,False,False
Spin,dfea486e-bec3-405a-8005-b5ff49bc57aa,scooter,39.993441,-83.026809,87.0,23.71,True,False,False
Spin,2743e487-8181-487f-b029-d0f6c1033918,e-bike,39.99910743333333,-82.98621063333333,37.0,9.95,True,False,False
Spin,b69fbfff-c2fc-4012-9446-18db9be7da9d,e-bike,39.994089233333334,-83.00678260000001,28.0,7.61,True,False,False
Spin,c9d78f7b-fd69-4dc8-8f5d-6d9292de5e88,e-bike,39.96775843333333,-83.0058276,54.0,14.63,True,False,False
Spin,c3c74f56-d23f-4b6b-a4c7-ba5067067087,e-bike,39.960770933333336,-82.98399663333333,91.0,24.88,True,False,False
Spin,8054b5ce-fddd-4cf4-8fac-e6f15e207cc9,e-bike,39.99485813333333,-83.04491359999999,24.0,6.44,True,False,False
Spin,645c10a4-f0b0-4a26-b8c4-523666d83200,e-bike,39.999810733333334,-83.00362220000001,30.0,8.19,True,False,False
Spin,b3700860-3f97-4551-823e-14baf6ba02e1,e-bike,39.943524466666666,-83.02166285,55.0,14.93,True,False,False
Spin,37290025-2e80-4007-a147-a70dfc044bbc,e-bike,39.977102550000005,-83.00360260000001,39.0,10.54,True,False,False
Spin,4fed99ee-b512-48c7-be46-bd516e249a33,e-bike,39.97711485,-83.00357319999999,73.0,19.9,True,False,False
Spin,0de426c5-f04e-41c7-a4fa-aac86b577715,scooter,39.975168,-83.003359,78.0,22.36,True,False,False
Spin,578b8aab-1025-48f4-b4d5-d5e8a94eb5be,e-bike,39.95902173333333,-82.99505133333332,15.0,4.1,True,False,False
Spin,48e6a05d-fccb-4b00-9435-b18c8f4bd28e,scooter,39.956413,-83.025343,32.0,8.78,True,False,False
Spin,efeefb16-5563-461e-8650-e73a7df7ddc8,e-bike,39.972731350000004,-83.0029562,40.0,10.83,True,False,False
Spin,514ac006-8f8f-4ad2-b792-b8142adc6e07,e-bike,40.0115833,-83.01046849999999,39.0,10.54,True,False,False
Spin,c1676eda-7011-4d94-915c-2d5eba06eeed,scooter,40.008034,-83.003983,26.0,7.02,True,False,False
Spin,f49a03d2-5db1-4a35-85e7-71cec7f70586,scooter,40.03193,-82.973501,60.0,16.39,True,False,False
Spin,fd2dc1da-377b-4b7c-893e-a55c9d192a1c,scooter,39.953978,-83.026024,27.0,7.32,True,False,False
Spin,c5e0f789-134a-426b-9d34-f43cbb131f49,e-bike,39.976051999999996,-83.003251,26.0,7.02,True,False,False
Spin,c35b1d92-401d-41b3-94a7-c044fdeb3eaa,e-bike,39.995247533333334,-83.0032373,66.0,17.85,True,False,False
Spin,ac832fb9-3b08-4902-8e1d-956dd8a20f55,scooter,39.957532,-83.011448,87.0,23.71,True,False,False
Spin,1701c437-70f7-4b8e-b7e5-fab4d1e8a86c,e-bike,39.980828833333334,-83.0040774,89.0,24.29,True,False,False
Spin,19d92d22-c5f3-4a12-bd84-38125f86e946,e-bike,39.964876733333334,-83.00095600000002,55.0,14.93,True,False,False
Spin,55cff47f-6eda-4a81-a2e7-4bec6b9425f7,e-bike,39.966768333333334,-83.00767833333333,76.0,20.78,True,False,False
Spin,1f45befe-592f-40aa-a3fb-5a05777f6824,e-bike,39.99571113333333,-83.00448659999999,54.0,14.63,True,False,False
Spin,e1b59f21-cead-4c0a-aa32-19f81c9423a3,e-bike,39.97210775,-83.00276090000001,41.0,11.12,True,False,False
Spin,64ef6337-a43e-400f-957a-ac4ca3ecdbcf,scooter,40.005814,-83.001787,91.0,26.04,True,False,False
Spin,450807df-4f13-41b2-a965-463bf64f4658,scooter,39.955562,-83.00426,73.0,19.9,True,False,False
Spin,b20ff387-dd6a-4126-91cf-0fbec6994e46,e-bike,39.97531166666667,-83.004745,77.0,21.07,True,False,False
Spin,8fce1b6e-94f1-486d-bfa4-6d8ea522dfa5,scooter,39.985203,-83.044453,65.0,17.56,True,False,False
Spin,95ed7739-5e3c-45f6-9cf3-b471d430242d,e-bike,39.96004166666667,-83.00765500000001,87.0,23.71,True,False,False
Spin,a3515ca9-efff-4fc8-ad62-84dff0b98256,e-bike,40.0086126,-83.0150438,44.0,12.0,True,False,False
Spin,5038f65a-965c-4117-81a9-2f5c7a58a8e7,e-bike,40.022776799999995,-83.02866459999998,59.0,16.1,True,False,False
Spin,4bd50e09-a627-437d-9d51-5fb1e88f715f,e-bike,39.95300193333333,-83.0076254,87.0,23.71,True,False,False
Spin,f9a47654-31b1-44d4-9c60-02898ea2e6c0,e-bike,39.978564350000006,-82.99725753333333,85.0,23.12,True,False,False
Spin,d8fb370c-0c2d-40fa-ac26-23e648d91b80,e-bike,39.969692333333334,-83.00862200000002,87.0,23.71,True,False,False
Spin,8bdd9a7b-1abe-4aef-be45-3fa298a075b9,scooter,39.99194373333333,-83.0067469,100.0,27.22,True,False,False
Spin,9a3e6021-1f44-45e9-b0b0-6c3bf0cb3754,scooter,39.954987,-83.065678,38.0,10.24,True,False,False
Spin,3f402885-c5c8-4644-b7df-0e14fd157d4b,e-bike,39.97447695,-83.02276580000002,65.0,17.56,True,False,False
Spin,f41467e5-18c9-4236-97e4-f58b8a48e5e0,scooter,39.983375,-82.945052,35.0,10.11,True,False,False
Spin,7ada5f2e-83d2-4888-bfa7-f8305059e921,scooter,39.974451,-83.022779,19.0,5.27,True,False,False
Spin,58d8f1fa-add8-4b85-8598-aacbe56ef9b7,scooter,39.96491,-83.02145,78.0,21.36,True,False,False
Spin,78375330-864d-48a0-b9a4-8e49d5ee29f3,scooter,39.99387453333333,-83.01230869999999,72.0,19.61,True,False,False
Spin,3122c440-8efd-4c73-b57f-87be5f172585,e-bike,39.98301033333333,-83.0053948,66.0,17.85,True,False,False
Spin,f0e0f154-99ba-49f1-9d94-acf17dc23b09,scooter,40.012869900000005,-83.00933140000001,91.0,24.88,True,False,False
Spin,e1376c95-50a0-49d9-b766-322d782784a6,e-bike,39.99571863333333,-83.00447199999999,94.0,25.46,True,False,False
Spin,a12b55c4-356b-4bbd-b77a-75ab35c76070,e-bike,39.968741666666666,-83.00434333333332,38.0,10.24,True,False,False
Spin,23280b31-e6d4-42d2-8429-c1746e5d103f,e-bike,39.987042833333334,-83.0083677,97.0,26.34,True,False,False
Spin,a744817e-0bb5-4f12-8729-9b20c4e9bef3,e-bike,40.007831499999995,-83.00974939999999,66.0,17.85,True,False,False
Spin,1895fe06-3c61-40fe-8de8-a2eeec441e52,scooter,40.068369,-83.076664,55.0,14.93,True,False,False
Spin,54005b75-7af8-4f65-b88e-63f4b3107b05,e-bike,40.009469100000004,-83.0157657,46.0,12.58,True,False,False
Spin,d22a3203-0c9d-43f6-aadf-c7f715f58fff,e-bike,40.009635,-83.01016333333334,30.0,8.19,True,False,False
Spin,d1d67eab-0085-4343-8829-87210dd3e641,e-bike,40.0091371,-83.0093476,98.0,26.63,True,False,False
Spin,22e7df6a-bef3-45d3-87bb-cddeb27c41cf,scooter,39.96560293333334,-82.99659843333332,61.0,16.68,True,False,False
Spin,d349eed6-b3e9-404a-bcfb-30034a20ae38,e-bike,39.96442423333334,-83.0007337,19.0,5.27,True,False,False
Spin,0fb02c67-812c-4e8c-8421-8e7611e8d529,scooter,39.99775073333333,-82.99576553333333,84.0,22.83,True,False,False
Spin,f7751acd-3c4a-4e3f-a761-c090ec2f306c,scooter,40.0110128,-83.00924949999998,100.0,27.22,True,False,False
Spin,d24e6434-6a36-4e14-9518-34df94cf8bf3,e-bike,40.0008948,-83.0081956,39.0,10.54,True,False,False
Spin,3987e235-1e73-4d92-85d3-36b717a6dbd2,e-bike,39.99941393333334,-83.00739200000001,85.0,23.12,True,False,False
Spin,812cb10d-166c-41b8-b8a2-084b349cb19c,scooter,39.99881513333333,-82.99558313333334,67.0,18.15,True,False,False
Spin,a6d80c02-10a9-4481-bc66-f85a57464c16,e-bike,39.959092733333335,-83.0018889,90.0,24.58,True,False,False
Spin,2fc258e2-72f9-4635-abce-02a3ecdbcc30,e-bike,39.98484653333333,-83.0028002,94.0,25.46,True,False,False
Spin,0f66e831-f894-4181-972e-7c19e51f6f76,e-bike,39.99198163333333,-83.02711380000001,59.0,16.1,True,False,False
Spin,5f56a4df-167b-476f-b76e-a3750fcee43e,e-bike,39.97439595,-83.02053740000001,23.0,6.15,True,False,False
Spin,b263e347-82b2-4388-956e-ef7fdfe749da,e-bike,39.96679263333333,-83.00484409999999,78.0,21.36,True,False,False
Spin,4058f54c-82a0-4721-af91-fc101ded7079,e-bike,39.966792033333334,-83.00485320000001,95.0,25.75,True,False,False
Spin,5313898f-d8df-46d9-91d4-5df673ce05c8,e-bike,39.96906413333333,-83.0038578,88.0,24.0,True,False,False
Spin,90536e76-25fb-4757-bae4-9577c0be4b98,e-bike,39.99424333333333,-83.00967833333334,28.0,7.61,True,False,False
Spin,2e14e864-da15-4817-97cd-f483bebfb171,e-bike,39.974349950000004,-83.0194888,60.0,16.39,True,False,False
Spin,9ad7b9f1-7526-4927-8014-afc76ea6b976,e-bike,39.96583833333333,-83.00466839999999,40.0,10.83,True,False,False
Spin,dd3712cf-5ff5-411d-b9ef-6d9db1378608,e-bike,39.968575333333334,-83.00525850000001,24.0,6.44,True,False,False
Spin,174627c2-2f40-4807-a9fd-b922b2f656fc,e-bike,39.96853433333333,-83.00525760000001,62.0,16.97,True,False,False
Spin,b917624f-89a5-4a79-98c9-167fe8ff90f6,e-bike,40.0072815,-83.01229489999999,95.0,25.75,True,False,False
Spin,98f5062a-76d7-4f3b-88c0-fdcc800df6b9,scooter,39.974456,-83.022774,46.0,12.58,True,False,False
Spin,205e6b89-45fb-45a7-ab5a-e044ef3edcca,e-bike,40.023921699999995,-83.0261451,72.0,19.61,True,False,False
Spin,358f2a54-5bc9-4e95-83f3-b0dff8e8c2dc,e-bike,39.984333033333336,-83.02912659999998,73.0,19.9,True,False,False
Spin,f9aed232-051c-4715-84cf-97fa697dccdf,e-bike,39.974458649999995,-83.02273420000002,91.0,24.88,True,False,False
Spin,c9ba2424-eacd-48a7-af4c-230f0a08ec49,e-bike,39.97151435,-83.00678459999999,20.0,5.56,True,False,False
Spin,8b06f07a-8b3c-4ac9-8f38-7f7c137521cb,e-bike,40.0115745,-83.0152283,95.0,25.75,True,False,False
Spin,3960a603-372a-498a-a741-a1f6a4c92173,scooter,39.98095693333333,-83.00100939999999,81.0,21.95,True,False,False
Spin,0178981c-a350-4407-9360-63fe1301f263,e-bike,39.97153333333333,-83.00679833333334,28.0,7.61,True,False,False
Spin,b1693dbc-feca-49d0-b231-d4bea78e6a45,scooter,39.956794,-82.995592,52.0,14.7,True,False,False
Spin,85cf02e1-33eb-4902-8e29-b2ee9647dbb6,scooter,39.941588,-82.984026,90.0,24.58,True,False,False
Spin,14a600a9-309c-4d40-90b2-beeb286fc27d,e-bike,39.98489666666667,-83.041715,34.0,9.37,True,False,False
Spin,86ffea5e-2c3c-4d6b-8967-578b6c2a4cd1,e-bike,39.96071703333334,-83.01249870000001,44.0,12.0,True,False,False
Spin,273c56db-cc90-44f6-b3ee-8b1e32f9132e,scooter,39.96662033333334,-82.99712153333333,84.0,22.83,True,False,False
Spin,5665a31c-2615-47bc-bf99-8c8f586288a5,e-bike,40.0071641,-83.0196756,91.0,24.88,True,False,False
Spin,f90a431d-9e65-4ad5-8f2c-c43c7fdcf097,e-bike,39.97245055,-83.0059234,25.0,6.73,True,False,False
Spin,15278b56-014f-4e19-ac1b-e8544353b37a,e-bike,39.95961943333334,-82.96659063333333,63.0,17.27,True,False,False
Spin,e7c6067c-a0c4-4b84-92f4-1eff2d8d402d,e-bike,39.95961053333333,-82.96654573333332,31.0,8.49,True,False,False
Spin,e3202fde-fa40-4106-86fd-4fac87e2afe3,e-bike,39.98765575,-83.01798339999999,100.0,27.22,True,False,False
Spin,5569640d-a26f-4d5e-be08-30fb94c470ea,scooter,39.95910313333333,-83.00189649999999,100.0,27.22,True,False,False
Spin,813ee737-9413-4e47-86b6-a280fffaa309,e-bike,39.98030133333334,-83.01916080000001,32.0,8.78,True,False,False
Spin,5b94dfad-0230-41a6-bb0d-a3f1c0614f39,e-bike,39.97542765,-83.00396,100.0,27.22,True,False,False
Spin,a28260d0-74cc-4172-a20b-ea4b38a87f7a,e-bike,39.98399163333333,-83.02067960000001,70.0,19.02,True,False,False
Spin,72e0caeb-cb20-4181-a8f6-16940eafec5c,scooter,39.93502913333334,-82.99284523333333,78.0,21.36,True,False,False
Spin,000f238e-a4ee-4e30-8283-0b2c8c99b5ad,scooter,39.97507745,-83.00328280000001,100.0,27.22,True,False,False
Spin,6adc17a1-10cc-4039-b49a-78d3899797c8,e-bike,40.0062229,-83.0124587,84.0,22.83,True,False,False
Spin,807a5015-e1ef-442c-98fa-d97048927294,e-bike,39.95859333333333,-83.00280666666667,33.0,9.07,True,False,False
Spin,91ae614f-261f-461b-b47e-6615475ab9b1,e-bike,39.97032145,-83.00331310000001,61.0,16.68,True,False,False
Spin,97aaec6d-82c3-4e69-8d75-73fc0d8f5beb,scooter,39.99555603333333,-83.00420960000001,23.0,6.15,True,False,False
Spin,ac2e1c8f-d9d4-43ed-a67e-ed04b8648bf2,e-bike,39.99556783333333,-83.0041868,34.0,9.37,True,False,False
Spin,818adc2a-da8b-4811-9a66-d6733270d68e,scooter,40.0101624,-82.99920413333332,48.0,13.17,True,False,False
Spin,c14bd451-2c00-4412-9a0d-7d679a344381,scooter,39.98412703333334,-83.00515349999999,72.0,19.61,True,False,False
Spin,be7f4ee6-ab98-481d-8258-b593b5d9f8a8,e-bike,39.96421483333334,-82.99692753333332,69.0,18.73,True,False,False
Spin,5692e426-db10-4cf9-8aa2-f5a0ad2b4ccb,scooter,39.957903,-83.001553,40.0,11.33,True,False,False
Spin,c83bb5c1-cd7c-4cfd-b000-b32b3cdaee58,e-bike,39.98573666666667,-83.03922666666668,19.0,5.27,True,False,False
Spin,dd759d4a-1350-4c21-85bb-4fe8c913d15b,e-bike,39.98046673333333,-83.00373310000002,65.0,17.56,True,False,False
Spin,a074f259-85dd-416b-aa16-3bd7455a9b3e,e-bike,39.98409623333334,-83.0168891,68.0,18.44,True,False,False
Spin,0ae3c0b4-4b19-48d9-88bf-77747beb4f46,scooter,39.985200250000005,-82.99954493333334,19.0,5.27,True,False,False
Spin,7c5d623f-52ce-4c45-8daa-f817e68f42ff,e-bike,39.967263333333335,-83.00962999999999,76.0,20.78,True,False,False
Spin,980329ba-efb4-4881-ae01-33f50844eed3,scooter,39.974071,-83.00182,100.0,27.22,True,False,False
Spin,d92c473e-8074-4d32-abdd-7fa9e0d196a6,e-bike,39.98658043333333,-83.0426667,95.0,25.75,True,False,False
Spin,268efcd6-f37e-403e-92db-ec5d2d2112a4,e-bike,39.97451795,-83.0227647,18.0,4.98,True,False,False
Spin,0bedfa2b-189f-4170-a1ea-d4c9da967d29,e-bike,39.974494449999995,-83.0227478,45.0,12.29,True,False,False
Spin,7489eb1c-b085-4087-b07a-9a329146d10a,scooter,39.96517553333333,-82.99042773333333,82.0,22.24,True,False,False
Spin,16d10f0d-2886-4929-b116-3a4121c54893,e-bike,39.97438115,-83.02275990000001,57.0,15.51,True,False,False
Spin,1f73993f-72d9-462d-ba6a-f2fa5a8e393a,e-bike,39.97438635,-83.0227723,55.0,14.93,True,False,False
Spin,4ba8973b-17cb-4e77-8b29-b942e4d40046,e-bike,40.004978333333334,-83.00861000000002,20.0,5.56,True,False,False
Spin,a888a4ca-21c0-4b4d-a912-87009dbb36f6,scooter,39.965675,-82.976749,49.0,13.46,True,False,False
Spin,d4345ac4-8d0d-4b87-bfa0-89602f58b0e0,scooter,40.026617,-82.956345,15.0,4.1,True,False,False
Spin,2c4a19e5-eba0-458d-950a-59a0b8a620ce,e-bike,39.974391849999996,-83.022289,18.0,4.98,True,False,False
Spin,7bcd73b5-27bf-476e-9546-febadb1501d3,e-bike,39.97958935,-83.0031526,24.0,6.44,True,False,False
Spin,298ee713-525b-4f87-b767-501f667e8ce7,e-bike,39.97440435,-83.0222864,70.0,19.02,True,False,False
Spin,3fcd18f9-874b-4030-89d7-4451659808ef,scooter,39.974371,-83.022059,32.0,8.78,True,False,False
Spin,f77f6eaa-07c9-4127-b646-fa5beb65cfbd,e-bike,39.97958165,-83.00312600000001,47.0,12.88,True,False,False
Spin,45a04f9f-8228-4e00-a175-eb47fd1c0639,e-bike,40.012152900000004,-83.0085647,41.0,11.12,True,False,False
Spin,dfe3251a-f99d-47f2-87eb-892c1fb86e2a,scooter,39.974379,-83.020604,40.0,11.33,True,False,False
Spin,29f648bb-3760-4349-b4ce-de0b85281e0b,e-bike,39.962054333333334,-83.0040607,53.0,14.34,True,False,False
Spin,4c83a286-80b9-4b13-93df-51af5ad6d05b,scooter,39.974367,-83.020546,72.0,19.61,True,False,False
Spin,466b4b4f-e280-48d7-b470-f8552439168d,e-bike,39.96905953333333,-83.0038392,95.0,25.75,True,False,False
Spin,04f0cc59-5a44-4a7b-b08b-a924d649ec65,scooter,39.955912,-83.003105,33.0,9.07,True,False,False
Spin,ef9149fb-68db-4e18-be0c-5d76def442e2,e-bike,40.0008264,-83.00041850000001,41.0,11.12,True,False,False
Spin,db9989cf-f707-4c02-b6d3-f164a3b91392,scooter,39.969982333333334,-83.00363039999999,100.0,27.22,True,False,False
Spin,d2199510-f576-4e2c-ac17-f5fc73689080,e-bike,39.993671033333335,-83.02689129999999,89.0,24.29,True,False,False
Spin,b412c866-c124-4951-a61d-b1e3416394ca,e-bike,39.94472003333333,-83.0215065,86.0,23.41,True,False,False
Spin,e511f7ac-c443-43be-bb2e-1a8ab039b38c,scooter,39.960915033333336,-83.01271299999999,30.0,8.19,True,False,False
Spin,70f4edec-f01c-4d3e-9260-6d5821809fc5,e-bike,39.983793633333335,-83.00410310000001,86.0,23.41,True,False,False
Spin,3bcef910-c2a3-4ca6-8167-7942092edd29,e-bike,39.953557733333334,-82.97398825,84.0,22.83,True,False,False
Spin,598957b5-24c2-4c72-adc5-0227df6ead6b,scooter,40.0077462,-83.01824200000001,92.0,25.17,True,False,False
Spin,59d5f118-6d2c-4d6c-ac97-c7c2055b7d2c,e-bike,39.98187933333334,-82.99232673333333,20.0,5.56,True,False,False
Spin,8ad37e0c-c433-4327-8bc5-6c35bfd39ea7,e-bike,39.98433753333334,-83.02917440000002,40.0,10.83,True,False,False
Spin,d549f16a-37ad-41a4-b738-105c907cfa99,scooter,39.96771773333333,-83.00327119999999,100.0,27.22,True,False,False
Spin,e3b89ba4-7062-4fdd-9d7f-1eeca431f129,scooter,39.96091343333333,-83.01273270000002,47.0,12.88,True,False,False
Spin,4066b6ee-71d4-4b1d-99f3-327d13134eb5,e-bike,39.95868333333333,-83.01395499999998,72.0,19.61,True,False,False
Spin,34c95ccb-ecb3-4aa8-8ad3-78c6bebec9a6,scooter,39.95839073333333,-83.00151329999998,30.0,8.19,True,False,False
Spin,e927bf61-67a5-4627-b270-43777e98dfde,e-bike,39.972576249999996,-83.00469890000001,49.0,13.46,True,False,False
Spin,8b1fbc1b-bf24-4444-ac01-4cd9225c3711,e-bike,39.956460533333335,-83.0025189,87.0,23.71,True,False,False
Spin,e881de93-b720-451b-94cf-cb40fdb040c6,e-bike,40.0114819,-83.013334,73.0,19.9,True,False,False
Spin,6655e829-542c-4f77-a3fc-bf54a5e3f06f,e-bike,39.99377666666667,-83.00781,40.0,10.83,True,False,False
Spin,ea2199ad-7199-48d4-8e1f-267daa8fffcf,e-bike,39.99375333333333,-83.00785166666668,74.0,20.19,True,False,False
Spin,a996a79c-5cdf-49e3-be5b-271cb752a9ad,e-bike,39.96655166666667,-83.00991833333335,69.0,18.73,True,False,False
Spin,4c045d0e-f4ca-43a7-bd08-6a4bb9b4a0fe,e-bike,39.97716905,-83.0042677,57.0,15.51,True,False,False
Spin,f5842f3c-bb1a-47a4-b95c-ea9276b89ab4,e-bike,39.97034355,-83.00222119999998,23.0,6.15,True,False,False
Spin,83c8b0d2-1c36-4d40-adec-1336146256ce,scooter,40.0055754,-83.008882,30.0,8.19,True,False,False
Spin,187ea06d-82b4-405f-949c-0496f780180e,e-bike,39.97204855,-83.00242150000001,33.0,9.07,True,False,False
Spin,35c479b1-d008-4fb2-be83-d285cc7efc03,e-bike,40.0007793,-83.0079616,61.0,16.68,True,False,False
Spin,23e0e66f-f1fd-42a5-8c64-6b718bcb6676,e-bike,39.96985666666667,-83.00386333333333,40.0,10.83,True,False,False
Spin,2374edf4-d20a-4922-86fe-d8df35438f76,scooter,39.98682743333333,-82.99971823333333,58.0,15.8,True,False,False
Spin,837db6e4-acef-4b9a-a0d4-6c9a9d0a20b4,e-bike,39.981448633333336,-83.0043419,81.0,21.95,True,False,False
Spin,e26020c3-a02f-4a2b-951a-615fe3927730,e-bike,39.98150041666667,-83.00433403333334,87.0,23.71,True,False,False
Spin,1c17a816-1f84-479e-9a6f-d6cc75e1f45f,e-bike,40.000386899999995,-82.96944463333332,26.0,7.02,True,False,False
Spin,2f7545f7-8796-4d33-b59c-4f32fbb4e035,e-bike,40.006257399999996,-83.0091148,92.0,25.17,True,False,False
Spin,6624ad66-7216-4672-82fd-732edf5dd438,scooter,39.964599,-83.048183,9.0,2.45,False,True,False
Spin,f152023b-4456-4966-a5b2-4519a01fb5d7,scooter,39.935941,-82.988826,0.0,,False,True,False
Spin,101f7a24-459c-49ae-b62a-484e05c9d61d,scooter,39.978842,-82.993933,0.0,,False,True,False
Spin,76ae379f-6bb9-404b-9134-48f4bd865ccb,scooter,39.935932,-82.988874,0.0,,False,True,False
Spin,746f96d6-1714-4c52-a72d-c6928a62df5f,scooter,39.972077,-83.023873,0.0,,False,True,False
Spin,65b8efc1-5e88-49e6-9eea-726e8777f6cd,scooter,39.965227,-82.990423,0.0,,False,True,False
Spin,94f08721-42e1-49ea-ad73-e1f3e5dbc679,scooter,39.973213,-82.901407,0.0,,False,True,False
Spin,a3c53d42-9053-49b7-95ce-40b60de997b5,scooter,39.993533,-82.981047,0.0,,False,True,False
Spin,a2f050a2-9343-42e2-93b3-e5d63938bbf6,scooter,39.960287,-82.986848,0.0,,False,True,False
Spin,396dd377-0a51-4937-a21a-945ea71886d9,scooter,39.963248,-82.981351,8.0,2.14,False,True,False
Spin,90f4621d-7b53-40f9-a9e8-eced6e46f914,scooter,39.953554,-82.973973,0.0,,False,True,False
Spin,179eed6e-4087-4d9a-8f9d-ca9dc0a6bdd7,e-bike,39.94889333333333,-82.999785,6.0,1.76,False,True,False
Spin,12e9d708-faa5-42a4-9066-4aa945f954c2,scooter,39.952689,-82.995653,0.0,,False,True,False
Spin,ee40b355-7603-43da-91da-190cb1c0d837,scooter,40.000342,-83.00064,1.0,0.29,False,True,False
Spin,c725e217-3fc8-4315-8263-181c92d9b821,scooter,40.001063,-83.001194,4.0,1.17,False,True,False
Spin,9aa8318b-7ae6-4873-9ab4-0a665ad69a3e,scooter,40.011666,-83.00594,3.0,0.88,False,True,False
Spin,d77ecb6f-43a0-4d19-8844-197fd87c43d2,e-bike,39.98601333333333,-82.98339166666668,2.0,0.59,False,True,False
Spin,5824a059-d040-45f3-a303-98ccd9a69f6a,e-bike,40.0768336,-83.0339044,3.0,0.88,False,True,False
Spin,b5b6bbd8-f7f2-43c5-81fa-7b97051ddbf9,scooter,39.95898173333333,-82.99988313333333,11.0,2.93,False,True,False
Spin,9d776db0-9dc0-45cc-ad04-32402430ba84,e-bike,39.97023,-83.00210666666665,12.0,3.22,False,True,False
Spin,f4af9af9-7eab-4776-a3f4-97a75fbba794,e-bike,39.97444333333333,-83.02273333333332,12.0,3.22,False,True,False
Spin,ca6c1339-bbf2-4120-95b4-629eb67d0bfd,scooter,39.954591,-83.031241,4.0,1.17,False,True,False
Spin,f52e6bee-bade-4ddf-bd9b-fc90ab6f3693,scooter,39.958608,-83.001666,11.0,3.06,False,True,False
Spin,728cbdc9-3be1-491d-8726-e52db2f5715c,scooter,39.960642,-82.981687,12.0,3.22,False,True,False
Spin,bc4a353c-0258-4627-a553-34af341d4f0c,e-bike,39.96518063333333,-82.99044883333333,2.0,0.59,False,True,False
Spin,3e33423b-4d31-4ce0-abb1-8bcec548ac1c,scooter,39.949108,-82.992227,12.0,3.37,False,True,False
Spin,2e7cf50f-0113-4453-9d8b-0c2fcbc71604,e-bike,39.96677403333333,-83.0201935,9.0,2.34,False,True,False
Spin,0bddfd31-7c8a-4fb6-9a99-599788213bc1,scooter,39.955466,-83.034179,13.0,3.51,False,True,False
Spin,5c4a9529-723c-4437-877a-d30fa1a67fd1,scooter,39.967323,-83.019076,11.0,2.93,False,True,False
Spin,68d3af62-d1f3-484a-9bef-48805f85709a,e-bike,39.99471213333334,-83.003832,0.0,,False,True,False
Spin,9591b9ff-485d-4031-95fd-106e90784aaa,scooter,40.02058,-82.957203,0.0,,False,True,False
Spin,fb924d7f-1525-43d6-9a9a-8a44ec978ae8,scooter,39.973959,-83.018326,1.0,0.29,False,True,False
Spin,13abf912-06f4-4b31-bc1b-b5abb6f173ff,scooter,39.955554,-83.072617,0.0,,False,True,False
Spin,9ffdc209-4eee-4322-9be5-66f79a45b624,scooter,40.000234,-82.978858,0.0,,False,True,False
Spin,5c33983e-cc28-422f-9f4d-cdc3d55f93bd,scooter,39.966556233333336,-82.99707363333333,13.0,3.51,False,True,False
Spin,7b0345ac-8be6-44c9-9000-f4a02e3870f2,scooter,40.018349,-82.975267,0.0,,False,True,False
Spin,0712efeb-4f70-4dfc-81c1-3289cf2ca1c7,scooter,39.973562,-82.961229,10.0,2.63,False,True,False
Spin,554ddd52-0a24-4622-8e86-bac27673010e,e-bike,39.93323903333333,-82.98903485000001,14.0,3.8,False,True,False
Spin,1b514961-0e94-4484-9b48-0ca573dc83d7,scooter,40.012773,-82.976523,0.0,,False,True,False
Spin,1dd1b9d5-d376-4328-91f4-e7ac4e6164f4,scooter,39.972387,-83.00259,0.0,,False,True,False
Spin,a5bb9d57-beff-4c42-8dd2-626111b43845,e-bike,39.99559166666666,-83.01462000000001,71.0,19.32,True,False,False
Spin,25fb95e7-ac43-4ffc-baec-9138322f492e,scooter,39.999809,-83.016033,29.0,7.9,True,False,False
Spin,04f2711e-e311-4bcf-b9dd-a1f1cecdb4b5,e-bike,39.99650833333333,-83.01567666666666,42.0,11.41,True,False,False
Spin,47d21e63-c82a-420a-80ec-23f948da1bd2,scooter,40.0033252,-83.01109790000001,73.0,19.9,True,False,False
Spin,88bb286a-2347-4537-ada3-a0504649cd56,scooter,39.99804393333333,-83.00928950000001,28.0,7.61,True,False,False
Spin,5648da7c-04d5-495a-9d2d-e5c5f4276271,e-bike,39.99383833333333,-83.01353833333333,52.0,14.05,True,False,False
Spin,7ee0ba74-65c4-429c-81bd-a8fa06fd3a6a,e-bike,39.99502793333333,-83.01669939999998,59.0,16.1,True,False,False
Spin,d5263adc-feae-432d-8334-fa405abc2399,scooter,40.000351099999996,-83.01120399999999,35.0,9.66,True,False,False
Spin,01215ed8-6014-4821-ba77-ee21a50c91b9,scooter,39.997082,-83.015035,81.0,21.95,True,False,False
Spin,9272f03c-f5ea-4d85-9d1a-b97c44cee90a,e-bike,39.99423045,-83.01546675,38.0,10.24,True,False,False
Spin,5847e07d-2c1d-4506-9e83-8e934b752349,scooter,40.002886,-83.013774,22.0,5.85,True,False,False
Spin,f76a1406-2a4d-4376-a51b-7fd388aec1cd,scooter,39.994717,-83.019232,76.0,20.78,True,False,False
Spin,48e3064b-be68-4873-9106-191e03e2afdb,e-bike,40.003463333333336,-83.01599666666668,25.0,6.73,True,False,False
Spin,c9ee0e27-6aa5-4388-9e5e-249355396534,e-bike,40.00351,-83.01595666666665,32.0,8.78,True,False,False
Spin,64c5fe07-6f3f-471f-a5f6-ce4e6790be6f,e-bike,40.00590666666667,-83.00927333333333,22.0,5.85,True,False,False
Spin,2e058cb8-531d-480e-b0e7-58fabbe201bf,scooter,40.004093,-83.012859,33.0,9.07,True,False,False
Spin,523f36b6-2886-416e-a9a5-e4d864e1dcaa,scooter,40.0021924,-83.01205389999998,29.0,7.9,True,False,False
Spin,0c71f2cc-760a-4b2f-8133-f13950047d77,scooter,39.999841,-83.016055,58.0,15.8,True,False,False
Spin,4259b9e2-e0fb-4a29-8081-c89d6750443f,e-bike,39.99591553333333,-83.0161467,59.0,16.1,True,False,False
Spin,4a95699b-c262-409b-bf67-1ceb207c6822,scooter,40.002867,-83.014653,76.0,20.78,True,False,False
Spin,90bcf537-899d-4943-815a-8780edbef4e8,scooter,40.002468,-83.017099,89.0,24.29,True,False,False
Spin,6e1d2eb8-0fae-46be-8d6e-5c1aeb985a56,scooter,40.001771,-83.014565,76.0,20.78,True,False,False
Spin,ace56e76-9a23-4fad-8b9b-196520dcec8e,e-bike,40.0047138,-83.0144823,35.0,9.66,True,False,False
Spin,62e8d045-2f57-4b1d-bc71-32840965fa7a,scooter,39.99973153333334,-83.0091864,35.0,9.66,True,False,False
Spin,71c867ee-310b-468f-8112-c85e320f0fcc,scooter,40.0019665,-83.0168489,26.0,7.02,True,False,False
Spin,a6a1325b-bf6f-4455-819f-3eb6f42213f8,scooter,39.990865,-83.021779,34.0,9.37,True,False,False
Spin,bbc186e9-3708-4634-b071-ef10c761d590,e-bike,39.997066333333336,-83.0153849,72.0,19.61,True,False,False
Spin,5503bb0d-c533-487a-a607-dc075de844b5,scooter,39.99455183333334,-83.01658819999999,27.0,7.32,True,False,False
Spin,45f67271-5f13-4c04-8f72-2a62fa8b809e,scooter,40.002221,-83.016427,40.0,11.33,True,False,False
Spin,53c4db14-d36c-40e3-9177-2c34a971beb7,scooter,39.994364,-83.012704,26.0,7.35,True,False,False
Spin,40b22387-c67f-48b1-9e34-34c014babbeb,e-bike,39.99507603333333,-83.01668839999999,27.0,7.32,True,False,False
Spin,be2197ed-63d6-4fd1-aa0f-86c2367616ea,e-bike,39.992326133333336,-83.01599470000001,39.0,10.54,True,False,False
Spin,225772d6-1b22-48a6-ba12-68d5fd5c0188,scooter,40.002360100000004,-83.0164796,84.0,22.83,True,False,False
Spin,2bdc8500-0f6c-4367-9b76-e627124afdd4,scooter,39.99533663333333,-83.009472,55.0,14.93,True,False,False
Spin,9e203eab-5b9a-4b70-884f-5d04a8d3b042,scooter,39.995502,-83.009383,35.0,9.66,True,False,False
Spin,f047f864-8895-4c1c-a37c-ee82a0f173fa,e-bike,39.994546666666665,-83.00855000000001,88.0,24.0,True,False,False
Spin,452aa2c7-0faf-445f-9cb6-a8419d9ec251,scooter,40.0019141,-83.01641040000001,28.0,7.61,True,False,False
Spin,874d0bed-e91a-4d2e-b6bc-ad90af269590,scooter,40.005264,-83.017978,20.0,5.82,True,False,False
Spin,1865cc15-53a8-4537-8aca-d3ce1dbb4f3f,scooter,40.006254,-83.01411,82.0,22.24,True,False,False
Spin,19aec3b0-887c-4c19-a67b-b1475ac2ac43,e-bike,40.00022166666667,-83.02139333333335,28.0,7.61,True,False,False
Spin,65ce5be6-4ee4-4d28-9aff-0017bfeb7404,e-bike,39.99703408333333,-83.01410438333332,71.0,19.32,True,False,False
Spin,47a023be-2723-4485-b16b-e7d53591e1f2,scooter,39.994253,-83.018767,77.0,21.07,True,False,False
Spin,6732bd8b-15e2-4fd8-a603-3bb3502eb621,e-bike,39.99503613333333,-83.02038470000001,54.0,14.63,True,False,False
Spin,a93eba8f-2dd5-4aac-abc1-57a7bf6214aa,e-bike,39.99835666666667,-83.01692,35.0,9.66,True,False,False
Spin,09c4358b-7ee0-4cc2-bf55-b71573c315d7,e-bike,40.00591333333333,-83.00949666666665,24.0,6.44,True,False,False
Spin,3b3df3d2-40bf-43d2-bedf-220b60153f01,e-bike,40.003543199999996,-83.01508020000001,19.0,5.27,True,False,False
Spin,3180b10a-351c-4d1d-bdb4-e40f406eae85,e-bike,40.002375,-83.01562333333335,44.0,12.0,True,False,False
Spin,6328ca35-9090-4cf1-a3f4-479f93a02dfb,scooter,39.99931783333333,-83.01591379999999,40.0,10.83,True,False,False
Spin,b98e3dc2-3d2e-4908-af18-af36ab00610a,scooter,40.004959,-83.008921,46.0,13.17,True,False,False
Spin,371576eb-0ff1-43d5-a8d1-b90e783262e4,scooter,39.99549843333333,-83.0102552,89.0,24.29,True,False,False
Spin,c6584c84-6b57-47a5-8d65-7d70305dc2da,scooter,39.99674743333333,-83.0151518,48.0,13.17,True,False,False
Spin,49061e94-9f5d-488c-bec5-34304541e3b9,scooter,39.999735,-83.009115,46.0,12.58,True,False,False
Spin,5f305e27-25f1-4f6e-b3a8-dbf409f44028,scooter,39.998248,-83.015862,81.0,21.95,True,False,False
Spin,15edf3fe-d148-40e7-a648-9e01185f4560,scooter,40.004265,-83.014045,96.0,26.05,True,False,False
Spin,8c38c15b-1437-448d-8a83-65b0a39bbc58,e-bike,40.002184299999996,-83.0129304,81.0,21.95,True,False,False
Spin,c3afa136-a096-4fda-9c04-86dbddfc856a,scooter,40.0035764,-83.01464650000001,47.0,12.88,True,False,False
Spin,27677b89-e0ab-458e-962d-920d46d1945c,scooter,40.0059,-83.016737,35.0,9.66,True,False,False
Spin,e3419a9b-f33b-464d-bd7d-e5dc99fe8fc5,e-bike,39.99427443333333,-83.01543000000001,66.0,17.85,True,False,False
Spin,5e0caf73-a6c9-46aa-b7ac-4b499eac6abb,e-bike,40.00395,-83.01394833333333,52.0,14.05,True,False,False
Spin,a26f5ee2-eda4-49d9-a29c-db542b030805,e-bike,40.003164500000004,-83.01576250000001,37.0,9.95,True,False,False
Spin,b5276f2f-6269-41ab-aca4-7d5a2ca68f85,e-bike,40.00315666666667,-83.01569333333333,80.0,21.66,True,False,False
Spin,882af7e5-416b-4bb7-8ea4-560c7fea96cd,e-bike,39.99388593333333,-83.0145624,68.0,18.44,True,False,False
Spin,7483fa3d-2616-4dd9-87e7-5e8251bb9a98,e-bike,39.997859033333334,-83.0134969,43.0,11.71,True,False,False
Spin,71cb4348-b007-42c0-a78c-31d626884ed7,e-bike,39.99863293333333,-83.01109820000002,58.0,15.8,True,False,False
Spin,e08debef-ce7d-47f3-9b1a-eade30cf3b81,e-bike,39.99842,-83.021395,54.0,14.63,True,False,False
Spin,3347da12-9094-43ae-ad30-93900f50bdf1,e-bike,40.005125,-83.01678500000001,46.0,12.58,True,False,False
Spin,4a7b5991-0cfd-46b9-b0e7-280ed43f0142,scooter,39.99648313333333,-83.0159996,61.0,16.68,True,False,False
Spin,ed635b1e-bb52-4e0b-9756-e50c5e5a31cb,e-bike,40.005306000000004,-83.0178877,38.0,10.24,True,False,False
Spin,84f4225c-1c58-4de3-95a7-26a1f4efd860,scooter,39.99721923333333,-83.00923319999998,39.0,10.54,True,False,False
Spin,03e83c85-dd43-4ef8-b260-8595675eb39d,scooter,40.003967,-83.016007,57.0,15.51,True,False,False
Spin,2fa44656-97e9-4c1a-a1f4-c69f9941c4cc,scooter,39.994539333333336,-83.0153552,86.0,23.41,True,False,False
Spin,6ba02093-18a0-48cd-9a03-c72969137c53,scooter,40.005609299999996,-83.0117536,73.0,19.9,True,False,False
Spin,3647ed56-1b9f-4bd1-a649-bdf3f48fa2d5,e-bike,40.0035345,-83.0150595,77.0,21.07,True,False,False
Spin,7ef12dc0-f45e-4fbc-8fda-4d9d788924f9,scooter,39.997082533333334,-83.007569,37.0,9.95,True,False,False
Spin,a45d7392-f334-4f75-aa7f-3ab3db2b1e1d,e-bike,40.0032375,-83.0158769,76.0,20.78,True,False,False
Spin,f645375f-36c2-455e-9298-775244c2ab92,e-bike,39.998173333333334,-83.01686833333333,27.0,7.32,True,False,False
Spin,5b565af2-1993-4599-963f-c4e7e12ee35f,e-bike,39.997971666666665,-83.01717500000001,24.0,6.44,True,False,False
Spin,9c203c0a-a125-4c45-8b44-edb23badd5c8,e-bike,39.99798333333333,-83.01729833333333,18.0,4.98,True,False,False
Spin,08fa8f31-f5e6-4705-8fd9-0641373f0d36,e-bike,39.995536666666666,-83.01485666666667,29.0,7.9,True,False,False
Spin,083cb52d-4ae5-4465-b194-8728e9c366e6,scooter,40.004839,-83.010475,63.0,18.07,True,False,False
Spin,bfead516-1959-4d71-8355-796a48b69dce,scooter,39.999724,-83.019285,41.0,11.12,True,False,False
Spin,f514c84e-b69b-472f-bc0c-b73e09632688,scooter,39.99622093333333,-83.0120816,24.0,6.44,True,False,False
Spin,523ccafc-d099-4673-a5c0-423271570d7c,scooter,39.995527,-83.01052,39.0,11.03,True,False,False
Spin,e515b651-ffb1-4e4e-b185-7b0fb6ed73d9,scooter,40.000560899999996,-83.01180719999999,47.0,12.88,True,False,False
Spin,7d631c2a-4a1e-4531-8cb4-bf16f2f6e061,scooter,39.99760963333333,-83.0119848,88.0,24.0,True,False,False
Spin,3922b9b4-f4fb-420d-a1f1-d7b6788f680e,scooter,40.0053487,-83.0108263,24.0,6.44,True,False,False
Spin,d56a92e2-dbfe-4017-8c72-a95ad3db2a75,scooter,39.997065633333335,-83.00754239999999,89.0,24.29,True,False,False
Spin,3c7ef1d8-2bd4-4cc2-9915-627fa425b25d,scooter,39.997070433333334,-83.0075831,95.0,25.75,True,False,False
Spin,53550ccc-f516-42e5-a1a5-05b1546efca5,scooter,39.99708433333333,-83.0075622,94.0,25.46,True,False,False
Spin,a72d2db9-d142-4f62-a641-c711af1b4c0f,scooter,40.00603,-83.012475,68.0,18.44,True,False,False
Spin,048428cd-02c5-4acf-be4f-6ab061f7fef5,e-bike,39.99521633333333,-83.01367239999999,69.0,18.73,True,False,False
Spin,5da52703-2d63-47eb-9f0e-a1d8c0575789,e-bike,40.004502699999996,-83.0139015,76.0,20.78,True,False,False
Spin,f3ea9b39-6883-416e-85e6-53321b5febfb,scooter,40.0051655,-83.0141987,32.0,8.78,True,False,False
Spin,e50b7a03-7a45-482a-bdd3-a800b50b7edc,scooter,40.004485,-83.021303,71.0,19.32,True,False,False
Spin,992d4f6e-f0e0-4ccf-9f5f-21861e57a810,scooter,39.99706353333333,-83.0075872,54.0,14.63,True,False,False
Spin,c33c6fc4-cf5c-4e79-9d26-15559b420916,scooter,39.997119,-83.007601,85.0,23.12,True,False,False
Spin,2e6d3bee-8719-41cb-bafc-1bd5fc1e0c07,scooter,39.99709,-83.007645,92.0,25.17,True,False,False
Spin,e87971fd-95ca-4ef0-b214-6357a7f1ada1,scooter,39.99546973333334,-83.0106162,86.0,23.41,True,False,False
Spin,b3a72e5f-60db-4c95-8415-11a52f5f9fdb,e-bike,40.004703899999996,-83.01391890000001,41.0,11.12,True,False,False
Spin,4e6a5226-1f34-4c6b-844e-5a9dbbedba83,scooter,39.99683723333333,-83.0096273,96.0,26.05,True,False,False
Spin,0b6142e5-a4cc-435b-9648-9af3f587f9cc,scooter,39.996765233333335,-83.0127685,97.0,26.34,True,False,False
Spin,06d5a92c-4e2d-47a0-83cb-95784ba2ac97,scooter,39.99453343333333,-83.0154422,97.0,26.34,True,False,False
Spin,a7300ef9-b18d-46f2-a7c0-d8e65f35b84f,scooter,40.000472,-83.015447,94.0,26.65,True,False,False
Spin,c2c6b0df-c9ba-41cd-8c10-199785c8125d,scooter,40.0033691,-83.0159244,97.0,26.34,True,False,False
Spin,111c0792-b037-4622-b10f-1bf0e45a9cb1,e-bike,39.99642393333333,-83.01705050000001,80.0,21.66,True,False,False
Spin,cfd1f837-a89c-4557-8e43-7401ec70c9b5,e-bike,40.005228,-83.0179536,82.0,22.24,True,False,False
Spin,c7869603-edc7-4076-976b-e470bcb7ddae,e-bike,40.00295666666667,-83.03842333333333,45.0,12.29,True,False,False
Spin,7de4daf4-f1ee-400c-be70-c29081d30ea2,scooter,39.99705863333334,-83.00754839999999,24.0,6.44,True,False,False
Spin,c2a978fe-1218-4474-a287-de3425aed89f,scooter,39.99705803333333,-83.0075354,53.0,14.34,True,False,False
Spin,6071f14b-cbe1-4dcd-b8c3-3bbd77a2c031,scooter,39.997113,-83.007567,80.0,21.66,True,False,False
Spin,c79b0067-2170-44df-8d04-e5cc8c63d94b,scooter,40.003904,-83.011096,42.0,11.41,True,False,False
Spin,7ef5df88-02e8-4ab8-9184-731982fd534f,e-bike,40.0012007,-83.0145289,88.0,24.0,True,False,False
Spin,a769396c-dfb8-4112-b991-e879539569cf,e-bike,40.005285,-83.01516166666667,77.0,21.07,True,False,False
Spin,539c5374-0e6b-4e31-a612-0f71a5a9ea1f,e-bike,39.99624333333334,-83.00913833333334,67.0,18.15,True,False,False
Spin,36fc645b-9320-466f-a32a-d2539e30d2d6,scooter,40.001886,-83.012991,90.0,24.58,True,False,False
Spin,17d5d903-7948-4eab-beb1-8333c165be44,e-bike,39.99795693333333,-83.02155650000002,31.0,8.49,True,False,False
Spin,5dd80dda-15e5-4ade-8b36-7a794887c05c,e-bike,39.995824999999996,-83.00889833333333,34.0,9.37,True,False,False
Spin,90816d7a-915b-4436-8551-9b5685918958,e-bike,39.99581166666667,-83.00899,55.0,14.93,True,False,False
Spin,34835854-01d2-4fcf-b563-710c29f89aa8,scooter,40.003973,-83.011137,88.0,24.0,True,False,False
Spin,44695fc6-d36c-492d-a514-11988e3acbc1,e-bike,40.00272666666667,-83.01561500000001,98.0,26.63,True,False,False
Spin,bc91b28d-6aa6-4e13-b25a-b0c3ab53386d,e-bike,39.998261666666664,-83.02137833333333,99.0,26.93,True,False,False
Spin,46ec8d6d-cab0-43df-b823-eda301789844,scooter,39.99674543333333,-83.0081074,98.0,26.63,True,False,False
Spin,4391e68e-475d-4abb-9aa0-4abf4fc696d4,e-bike,39.999575533333335,-83.02203390000001,40.0,10.83,True,False,False
Spin,19c3838a-68f1-4f83-98fa-f12c8d0e04c1,scooter,40.0005903,-83.01630300000001,87.0,23.71,True,False,False
Spin,4cb2343a-f9f5-46c5-8737-a2c17568f772,scooter,40.0055885,-83.00932689999999,31.0,8.49,True,False,False
Spin,753041c0-eca2-4809-b395-8e79e2f63528,e-bike,40.0025469,-83.0332145,38.0,10.24,True,False,False
Spin,f5dc5863-c4f2-4a45-8fef-736fd7cfc153,scooter,39.997997,-83.009618,22.0,6.13,True,False,False
Spin,dd128215-7a39-4631-b114-61e19a3b49a3,scooter,39.998083,-83.009567,32.0,9.19,True,False,False
Spin,c0613514-055e-4077-81ac-7867984d2558,scooter,39.99811353333334,-83.00950560000001,90.0,24.58,True,False,False
Spin,235443cf-2cea-4f17-bbd7-2b6e6d9c5241,scooter,39.99806913333334,-83.00946970000001,29.0,7.9,True,False,False
Spin,b92aaecf-f803-4921-99a2-f7d3800e1f2d,scooter,40.003797999999996,-83.01275499999998,76.0,20.78,True,False,False
Spin,7b0454c3-6d3c-4f90-a20c-be4f6dd03be7,e-bike,40.008195799999996,-83.02506100000001,84.0,22.83,True,False,False
Spin,3321a29d-1638-4064-8cef-566254f3dd62,scooter,40.004502,-83.021266,53.0,15.01,True,False,False
Spin,4edea6b5-dbb5-41f4-bc55-801cf19f234a,scooter,40.001133,-83.008303,19.0,5.51,True,False,False
Spin,63351b67-5e72-47f5-b969-56e336af2e97,e-bike,40.000185699999996,-83.02224910000001,89.0,24.29,True,False,False
Spin,a63a6c8e-f629-4d9e-a5df-85c47299ba7f,e-bike,40.0134994,-83.028532,38.0,10.24,True,False,False
Spin,8ff0f660-638c-41bd-ba9a-6916f8ac1809,scooter,39.99466543333333,-83.00690860000002,98.0,26.63,True,False,False
Spin,7842463d-c08d-4d27-8002-07422cf207a9,scooter,39.99456603333333,-83.00713689999999,74.0,20.19,True,False,False
Spin,2e6daeb1-f41d-41a6-965c-c56f9d447dcd,e-bike,40.0029601,-83.01363119999999,38.0,10.24,True,False,False
Spin,0dc1fc1d-dcec-4e85-b029-fa217c8c8cce,scooter,40.0083406,-83.02342089999999,68.0,18.44,True,False,False
Spin,f3433737-2b81-4c00-8963-61ddb1e2a726,scooter,40.003903,-83.013045,81.0,21.95,True,False,False
Spin,7e3fd675-513c-40f4-ab04-b38fbc831b9d,e-bike,39.99685543333333,-83.01220579999999,63.0,17.27,True,False,False
Spin,ea55e72b-239e-4ef4-badb-f384343d4ce7,scooter,40.004051,-83.013021,59.0,16.85,True,False,False
Spin,f67eba70-862f-49de-aba6-91623b79da03,scooter,40.003881,-83.012993,26.0,7.02,True,False,False
Spin,306cf8ce-5250-42cc-941b-770424c00791,e-bike,40.0030536,-83.0106469,54.0,14.63,True,False,False
Spin,026b14cc-8ff7-4012-bb5f-34470682d228,scooter,40.004319,-83.011388,91.0,24.88,True,False,False
Spin,2f61cdf6-fc42-4548-bad0-591e6b52f98e,scooter,39.998922,-83.018216,86.0,23.41,True,False,False
Spin,8567da4f-0cce-4f3b-9da8-f65bcc9adc67,scooter,39.998987,-83.018186,78.0,21.36,True,False,False
Spin,d3687402-ed28-4022-80a1-c5a2bbd20261,scooter,40.004015,-83.013431,34.0,9.8,True,False,False
Spin,ce7bea0e-9fa9-4f59-a4ac-08a6da7caf53,scooter,40.005051,-83.010846,56.0,15.22,True,False,False
Spin,3cb0aa27-36c8-40b8-a27a-eb9dd61cd556,scooter,40.0051437,-83.01143599999999,83.0,22.54,True,False,False
Spin,a46bec9f-73b0-44f6-b389-43b83bb4a8ff,scooter,40.0052279,-83.01135129999999,68.0,18.44,True,False,False
Spin,320a724a-6e17-4816-8d7e-b3056b6cd154,scooter,39.99596183333333,-83.00977499999999,40.0,10.83,True,False,False
Spin,7940cf35-e2a5-4d53-9bc9-126c92bdef36,scooter,39.99840233333334,-83.0315664,59.0,16.1,True,False,False
Spin,2904b1ef-1fec-4a80-8390-ce30231457c9,e-bike,40.0059562,-83.0111731,41.0,11.12,True,False,False
Spin,25373988-1024-4551-8db3-b8cfa5b4c673,e-bike,39.994713133333335,-83.02007610000001,22.0,5.85,True,False,False
Spin,8b82d552-b773-423e-b774-380becae2788,e-bike,40.0028583,-83.01252699999999,24.0,6.44,True,False,False
Spin,4cd77979-494e-4413-b771-d7dbce0cfd36,e-bike,39.99820823333334,-83.0155223,32.0,8.78,True,False,False
Spin,cf11e47b-cbc5-454c-a39b-5396b3711999,e-bike,39.99907653333333,-83.03860279999999,83.0,22.54,True,False,False
Spin,6cc2b586-133b-4b8e-ad0b-230bae41daa7,scooter,40.000269200000005,-83.02140849999999,51.0,13.76,True,False,False
Spin,375bf76a-4548-44a0-a562-1fbf37a354ff,e-bike,40.004305,-83.0137351,69.0,18.73,True,False,False
Spin,ed281db6-c644-4e01-9bfd-bef600fb41db,e-bike,40.002927799999995,-83.0411119,33.0,9.07,True,False,False
Spin,32cadd05-754b-4459-8337-b3e7b8c30adf,scooter,39.999509,-83.021525,77.0,21.07,True,False,False
Spin,1ea8ff21-2f4a-4a87-9df2-1c0297365603,scooter,40.005276,-83.010205,37.0,9.95,True,False,False
Spin,e917ff41-8fef-4708-8e75-a066b6c1388e,e-bike,39.99695166666667,-83.00733999999999,65.0,17.56,True,False,False
Spin,d81b2b30-8c4d-427c-a55b-84034f206267,scooter,40.0007995,-83.02152300000002,97.0,26.34,True,False,False
Spin,4b3d37fd-d281-4755-a285-0bdf304204eb,e-bike,40.0053835,-83.0102281,30.0,8.19,True,False,False
Spin,99909a9d-24d6-48a9-9646-30883e19b246,scooter,39.997603133333335,-83.02178029999999,30.0,8.19,True,False,False
Spin,c281ecb0-71e8-4271-9b25-be656a619199,scooter,39.993852,-83.013703,96.0,27.26,True,False,False
Spin,c7d47913-486d-4072-8f39-5c6c1cb7be68,scooter,40.003974,-83.011224,33.0,9.5,True,False,False
Spin,46643267-4027-464d-8e9b-413d753b0fb7,scooter,39.998165,-83.007955,51.0,13.76,True,False,False
Spin,52f913b1-1623-4f8c-8598-a0fe8212507f,e-bike,39.99871333333333,-83.02144166666668,60.0,16.39,True,False,False
Spin,c37472a1-9bbd-40e5-b54a-a6f5f7dbc7ed,e-bike,39.99087673333334,-83.0222357,55.0,14.93,True,False,False
Spin,db3f95a8-99a8-4f4c-92a9-b3ad0fab5080,scooter,39.997949133333336,-83.00783670000001,40.0,10.83,True,False,False
Spin,52af2c4d-c9b7-40ed-9eb5-9be8a74b08ed,scooter,39.99635,-83.009588,41.0,11.12,True,False,False
Spin,19ff0a2b-c928-44e8-a225-c37abda270fa,scooter,39.998858,-83.021471,43.0,11.71,True,False,False
Spin,3a876259-6a6b-459a-9cb0-d93b67a0208c,scooter,40.004833,-83.010387,57.0,16.24,True,False,False
Spin,b63aba92-654c-4568-8c68-ac6dcc5682e8,e-bike,40.006306200000004,-83.02005890000001,37.0,9.95,True,False,False
Spin,8ad5f1ff-901c-4488-a991-b363454046b6,e-bike,39.99807673333333,-83.0215313,83.0,22.54,True,False,False
Spin,516285dc-0e49-4f64-b841-db9db9c6e253,e-bike,40.0059922,-83.01116359999999,37.0,9.95,True,False,False
Spin,ff425657-0b84-4518-8686-1d9d9f2b7694,e-bike,40.00396,-83.01295666666668,74.0,20.19,True,False,False
Spin,314fea22-a8a1-402e-b821-41d66b98128c,e-bike,39.997435,-83.01791666666668,52.0,14.05,True,False,False
Spin,44064608-7133-4db9-a8b4-34656fc6aa3d,e-bike,39.99751666666667,-83.01807333333333,33.0,9.07,True,False,False
Spin,32ea5e9a-824d-4b56-9762-38ba4b0f6446,scooter,39.99743183333333,-83.01785919999999,28.0,7.61,True,False,False
Spin,a5574ea3-6f11-458f-8b0d-3080eac2cfb1,scooter,40.002695,-83.017891,34.0,9.37,True,False,False
Spin,de3d1e1d-5418-4a0a-a8c4-132c28bee292,scooter,40.004467399999996,-83.0212979,38.0,10.24,True,False,False
Spin,74db7b44-f6ea-419f-a756-9312ce18c7c1,e-bike,40.0045596,-83.01573490000001,29.0,7.9,True,False,False
Spin,eb114e03-30a9-4039-8af0-7962fbd1b356,e-bike,40.001835,-83.01630166666668,88.0,24.0,True,False,False
Spin,6314b82d-80fd-4dd7-968f-1742ddfa3dac,e-bike,39.99666083333333,-83.01069450000001,76.0,20.78,True,False,False
Spin,e0583ed5-2a46-4397-a663-f6884ebd094c,e-bike,40.0058487,-83.01387840000001,87.0,23.71,True,False,False
Spin,938d814a-1e30-4dd0-8c94-a89991717a44,e-bike,40.003655,-83.00890833333332,96.0,26.05,True,False,False
Spin,e960b27f-5200-4503-946a-f6c313c1e0a3,e-bike,40.003656666666664,-83.00889833333333,67.0,18.15,True,False,False
Spin,47e60408-c798-44fd-b95a-5286638b5a44,e-bike,40.005059599999996,-83.01454559999999,51.0,13.76,True,False,False
Spin,ce0d051a-59ba-4bdf-b4d5-44b4417dc3f0,scooter,40.0021311,-83.01827980000002,54.0,14.63,True,False,False
Spin,b17e558e-61e2-45dd-8b62-7d1ebdb59224,e-bike,40.005549800000004,-83.01152769999999,69.0,18.73,True,False,False
Spin,4659a834-1e57-4e40-ba9c-cdc15572c073,e-bike,39.99428803333333,-83.0137616,20.0,5.56,True,False,False
Spin,cbb98b85-0cf3-4924-a422-fefdb7bea509,e-bike,39.995623333333334,-83.01331833333333,19.0,5.27,True,False,False
Spin,cfa565e3-41e4-4b58-8c64-34ad1918eda7,e-bike,40.00044666666667,-83.00844666666666,66.0,17.85,True,False,False
Spin,0b41d76a-97d1-4638-9c4d-d2e4690e32eb,e-bike,40.0054934,-83.00931280000002,43.0,11.71,True,False,False
Spin,09892a9c-32ef-4417-b01c-62c4a0a604d2,scooter,39.998835,-83.015341,20.0,5.56,True,False,False
Spin,d9eb5255-9118-4ddb-b171-05407dacce6b,e-bike,39.994413333333334,-83.01282166666667,98.0,26.63,True,False,False
Spin,2266a031-12e3-4395-8342-a5b2b1fbff7e,scooter,39.995984,-83.019596,80.0,21.66,True,False,False
Spin,ae795c2b-27a2-4fc1-970c-d1def8aeadbf,e-bike,39.995363633333334,-83.01484209999998,33.0,9.07,True,False,False
Spin,204d81c0-a320-4d9b-8441-6b1abffa8430,e-bike,39.99945833333334,-83.0098071,75.0,20.49,True,False,False
Spin,e95437f9-9e6a-4996-91d0-f62cb578f15c,e-bike,39.996822433333335,-83.0089301,39.0,10.54,True,False,False
Spin,aacd341e-ec50-400d-ba45-258468f9f4b2,e-bike,39.99679033333334,-83.01069539999999,75.0,20.49,True,False,False
Spin,6ad577e9-3cef-4a2a-8931-fd61cf2ad5ca,e-bike,40.0024114,-83.01355149999999,62.0,16.97,True,False,False
Spin,fc8f11d4-850a-4df5-8ee8-b676c560cf63,e-bike,40.005943099999996,-83.0093547,48.0,13.17,True,False,False
Spin,3b206134-2d1d-4315-a912-40927728eee3,e-bike,39.99708333333333,-83.00966833333332,44.0,12.0,True,False,False
Spin,2a649963-3bc5-4578-bb02-4de2c4b8fb46,e-bike,40.0038214,-83.00872210000001,29.0,7.9,True,False,False
Spin,74320000-85ec-4a40-82ba-fb0f03ed2462,e-bike,40.003781200000006,-83.00879099999999,87.0,23.71,True,False,False
Spin,a172aac5-f5b9-4523-bd4c-678cb9d5cff6,e-bike,40.0038056,-83.0087537,22.0,5.85,True,False,False
Spin,50fe5732-5eb6-42a7-9c8e-2da6869b2462,e-bike,40.0059412,-83.0093578,23.0,6.15,True,False,False
Spin,c4ff5bc5-bc66-4a1b-96be-44d4f0f141a8,e-bike,40.00427319999999,-83.0137462,97.0,26.34,True,False,False
Spin,9182a382-1b14-4de6-b8ca-5dbf445da0dc,e-bike,40.0019327,-83.0164316,90.0,24.58,True,False,False
Spin,139f5f52-a46e-42d5-b743-8c7ca7f09379,e-bike,40.002627100000005,-83.01563820000001,92.0,25.17,True,False,False
Spin,c64d8108-2b2a-40a0-929a-84e44120bc1f,e-bike,40.0059371,-83.00931299999999,48.0,13.17,True,False,False
Spin,36e0b7da-c561-418e-a165-16e4056decde,scooter,40.000072,-83.031549,83.0,22.54,True,False,False
Spin,ce4573bc-59fa-4bee-afab-eb982c60b5fd,e-bike,39.997008433333335,-83.01017930000002,90.0,24.58,True,False,False
Spin,14ef5e59-d495-4b3e-9599-a33079e3693a,e-bike,39.996852233333335,-83.0138962,90.0,24.58,True,False,False
Spin,49a12019-f425-46ab-b0bd-c6b0a6f4e8c0,e-bike,39.99523343333333,-83.01683640000002,89.0,24.29,True,False,False
Spin,1e2b2e4d-a247-4d16-bfff-f470db56b46f,e-bike,39.99791413333333,-83.01728890000001,89.0,24.29,True,False,False
Spin,65ba9b38-9e66-438a-8608-377c04e8d375,e-bike,39.99736193333333,-83.01799729999999,90.0,24.58,True,False,False
Spin,f5812aeb-710c-4384-aa2a-969cb683ad98,e-bike,39.99755003333333,-83.021796,90.0,24.58,True,False,False
Spin,24e2994a-3e4e-4856-9b06-73fbb80d12c5,e-bike,40.0029263,-83.04109910000001,90.0,24.58,True,False,False
Spin,b190a905-5df9-4a46-b6a4-5aed69da19dc,e-bike,40.002166800000005,-83.02703019999998,98.0,26.63,True,False,False
Spin,ce586751-a036-4db1-bf82-ac48efe32db9,e-bike,40.00897569999999,-83.0227126,89.0,24.29,True,False,False
Spin,af79a015-4343-47d7-8e11-ff4eaf2a2b7c,e-bike,40.0089586,-83.02271369999998,90.0,24.58,True,False,False
Spin,0e74b154-e39a-41c6-b93f-7dc60b12679a,e-bike,40.00626,-83.01803,99.0,26.93,True,False,False
Spin,e8b55cdd-c73d-4071-a8aa-cfe7b4b8b128,e-bike,40.00586833333333,-83.01439666666666,44.0,12.0,True,False,False
Spin,acc88475-6976-4b88-9db9-b57209fc235a,scooter,40.0047298,-83.01181300000002,100.0,27.22,True,False,False
Spin,def723c3-b516-4414-9b86-90f39d10071b,scooter,40.004619,-83.013397,99.0,26.93,True,False,False
Spin,33d9b780-51a2-4baa-8fb8-6ea928428ef4,scooter,40.0054702,-83.00991989999999,100.0,27.22,True,False,False
Spin,15649ce9-afb3-4a5c-8375-d994faa9a4a0,e-bike,40.0052726,-83.01025139999999,91.0,24.88,True,False,False
Spin,3eeec4d0-fe38-4189-b09d-6ccbce84c4a9,e-bike,39.99816053333333,-83.00991119999999,90.0,24.58,True,False,False
Spin,d6a7ba19-343f-47aa-8f2c-84b9da96c71e,scooter,40.002174,-83.011944,99.0,26.93,True,False,False
Spin,54771ec9-d3d3-4c4f-8e3c-926af9d73168,e-bike,39.994081666666666,-83.00708000000002,100.0,27.22,True,False,False
Spin,232a6a86-1741-4268-a901-08729fdc8b87,scooter,40.000051,-83.00804,94.0,25.46,True,False,False
Spin,85431538-9c6d-47ec-81bb-56b00b41ec4d,e-bike,39.99872166666667,-83.01103166666665,100.0,27.22,True,False,False
Spin,47cd0459-cd8c-4890-a92e-8c1c14d93ab4,scooter,39.99548323333333,-83.0094091,89.0,24.29,True,False,False
Spin,9d30274f-1b94-4257-a4ec-22409edf079f,e-bike,39.99765333333333,-83.01209833333333,100.0,27.22,True,False,False
Spin,db85a62b-d296-49a6-ba9d-1b5861821b18,e-bike,39.99494666666667,-83.01235833333334,99.0,26.93,True,False,False
Spin,e2c3e6b1-9837-4f20-b32e-7e553db6a980,e-bike,39.99586433333333,-83.02031630000002,41.0,11.12,True,False,False
Spin,618ff9d5-ceff-4987-a809-612563bf3b4c,e-bike,39.99408613333333,-83.0067532,71.0,19.32,True,False,False
Spin,462fc879-acc0-4022-b04a-44d99be5b730,e-bike,39.99405,-83.00677666666667,52.0,14.05,True,False,False
Spin,edb968f6-bc29-4495-9707-3a859d320040,e-bike,39.99409143333333,-83.00675440000002,76.0,20.78,True,False,False
Spin,3354ca32-ea53-4ffa-81e6-9b1f58c28db5,e-bike,39.994116733333335,-83.00674060000001,45.0,12.29,True,False,False
Spin,2301c414-13c9-41cd-a809-7d6d0bb61f67,e-bike,40.001095,-83.00837666666666,59.0,16.1,True,False,False
Spin,eafc7f46-f285-445f-bea5-7635612ef614,e-bike,40.001075,-83.00837666666666,62.0,16.97,True,False,False
Spin,0a0ab62e-85cf-415b-9192-e316852666e6,scooter,40.0055689,-83.01171189999998,55.0,14.93,True,False,False
Spin,e899d71d-5ecb-4ba7-bce9-13d4d7651d4d,e-bike,40.013512399999996,-83.0285219,34.0,9.37,True,False,False
Spin,c8ff9584-030f-43c8-a9be-7d79b0da5467,e-bike,40.017401,-83.02411580000002,45.0,12.29,True,False,False
Spin,8aa5d6d3-7b19-4b7d-8269-ef81f98745bb,e-bike,40.0042166,-83.0175508,20.0,5.56,True,False,False
Spin,3a8e3d97-4b44-4085-ac08-99f5703bf8f5,e-bike,40.0019511,-83.01356419999999,32.0,8.78,True,False,False
Spin,6b93e784-9950-4bf8-8e4b-6a4d1b1ed951,e-bike,40.0023755,-83.00989140000001,96.0,26.05,True,False,False
Spin,ddd6b400-8338-4d78-bfb8-733b70adeaaf,e-bike,40.0023427,-83.0098061,22.0,5.85,True,False,False
Spin,7b6ceae0-d33f-43b9-ba91-06cb8954981c,e-bike,40.0053548,-83.010216,32.0,8.78,True,False,False
Spin,626f0623-5ca2-4e08-b013-3d536d345a28,e-bike,40.00394666666667,-83.01470666666667,61.0,16.68,True,False,False
Spin,27543137-6e85-4538-852e-95c86529d7c9,e-bike,40.0058441,-83.01389660000001,91.0,24.88,True,False,False
Spin,35378ffa-a752-4b39-bcaf-bbf66758987e,scooter,39.99925693333333,-83.01786609999999,60.0,16.39,True,False,False
Spin,2bcb1886-2829-4bd9-90f9-288b33ef7ca6,e-bike,40.001976,-83.0261364,26.0,7.02,True,False,False
Spin,42eec893-c99a-46b6-9f58-73cb27681830,e-bike,39.99820063333333,-83.0080894,88.0,24.0,True,False,False
Spin,23e52738-5c12-4f82-ab59-8d2ced321ee5,e-bike,40.0045443,-83.01340120000002,49.0,13.46,True,False,False
Spin,36c69072-c6f1-40ea-ac23-94c31727604a,e-bike,39.996855233333335,-83.0093375,86.0,23.41,True,False,False
Spin,6d169613-610d-4757-9b06-cc78d56eba32,e-bike,40.00493666666667,-83.00905499999999,53.0,14.34,True,False,False
Spin,c27f71ac-c3b7-40a2-a932-254cc82f0c9d,e-bike,40.0061178,-83.0144844,30.0,8.19,True,False,False
Spin,fee8f453-ede3-4e7f-8a47-928f2936eab7,e-bike,40.005456800000005,-83.010154,39.0,10.54,True,False,False
Spin,d2eb0b9f-8c8a-4766-8e30-486c39ce8b2e,e-bike,39.997245,-83.00965833333333,100.0,27.22,True,False,False
Spin,46215808-0fc3-4712-82c0-86d1c7ef9fcd,scooter,39.99628963333334,-83.00721419999999,32.0,8.78,True,False,False
Spin,d982c4ae-d85b-4f92-a2df-2e6f08e38318,e-bike,39.99718793333333,-83.00918959999998,96.0,26.05,True,False,False
Spin,5927edd7-fdeb-4a3c-8355-23d6e5af43a3,e-bike,40.00102366666667,-83.0210696,90.0,24.58,True,False,False
Spin,3251c6b3-d23d-4cb9-ac39-e7a84f347c75,scooter,39.995527433333336,-83.0093654,45.0,12.29,True,False,False
Spin,3157c809-43e7-450a-9f59-a2d19c868a19,e-bike,39.99373613333333,-83.0133537,54.0,14.63,True,False,False
Spin,41634a5e-1075-4120-9579-5de09e3e0801,e-bike,39.99977693333334,-83.01531879999999,27.0,7.32,True,False,False
Spin,03beda5a-8212-4748-a8b7-ede99381c003,e-bike,39.99528193333333,-83.0148073,91.0,24.88,True,False,False
Spin,cb3b7288-f18d-4fcb-94a3-012d650c6d52,e-bike,39.99410903333333,-83.00672979999999,78.0,21.36,True,False,False
Spin,693d6790-fc2e-447b-b555-c0173827c3c8,e-bike,40.0033455,-83.0129218,47.0,12.88,True,False,False
Spin,ad305a3f-f569-43e3-9e5f-e27d86eafab3,e-bike,39.99409583333333,-83.00674009999999,69.0,18.73,True,False,False
Spin,47baef25-3f8b-4119-bcee-90e557878e47,e-bike,40.0046829,-83.0094565,40.0,10.83,True,False,False
Spin,81bde04e-26ed-4b9c-a9a0-1f8bc4944bc9,e-bike,39.99370163333333,-83.01613110000001,41.0,11.12,True,False,False
Spin,21a8c0e3-7620-42a1-a98e-621ca9d43a83,e-bike,39.99894166666666,-83.01824833333333,66.0,17.85,True,False,False
Spin,200a224d-432c-43a1-b038-af948bc45bb4,e-bike,39.99534903333333,-83.0148142,30.0,8.19,True,False,False
Spin,1535ed2c-2d7a-4f1e-91a6-b4c47c83ce0c,e-bike,39.99408893333334,-83.0067439,29.0,7.9,True,False,False
Spin,752181d4-c59a-4794-887f-51f3927f0505,scooter,39.99819,-83.032129,15.0,4.1,True,False,False
Spin,27871573-dfb0-43ac-8806-193bf44df92a,e-bike,40.0055613,-83.0115454,42.0,11.41,True,False,False
Spin,d3a7cad5-c8ae-451f-aba2-229195c4b816,e-bike,39.99673933333334,-83.01370419999999,37.0,9.95,True,False,False
Spin,24b1939c-0b0d-4791-a241-1f18a76dc43f,e-bike,39.99912423333333,-83.0159344,43.0,11.71,True,False,False
Spin,de205746-f14d-4503-b6d6-afe63b4be253,e-bike,39.99792873333333,-83.00781219999999,40.0,10.83,True,False,False
Spin,1f22e2b7-2e85-41fb-b725-457b5613dfe6,scooter,40.005521,-83.011593,41.0,11.12,True,False,False
Spin,04bceb66-1c9d-47fd-af07-50bd51394e04,e-bike,40.0062978,-83.01342330000001,47.0,12.88,True,False,False
Spin,eee002ea-06ac-4599-a91e-d7cd91f24f8a,scooter,39.999011,-83.0188,92.0,26.34,True,False,False
Spin,2f89ae5d-a150-468d-80da-6de1c89dcd9f,scooter,39.995483633333336,-83.01080400000001,26.0,7.02,True,False,False
Spin,d9b249a3-fc69-44ae-94a6-af8a89e71bc4,scooter,39.99827,-83.009591,78.0,21.36,True,False,False
Spin,6ef6413d-5ed8-424c-b457-fc4c3bea6774,scooter,40.000563,-83.01728,16.0,4.39,True,False,False
Spin,42269b3f-8908-4572-ba24-21d1c8d60a2a,e-bike,39.99900583333333,-83.0101033,44.0,12.0,True,False,False
Spin,e6670f6d-e331-4f3b-adf2-081cf10b6178,e-bike,40.0014582,-83.00980810000001,90.0,24.58,True,False,False
Spin,ed66ba88-26d2-4341-8b70-d1b8be9abe8c,e-bike,40.0002768,-83.0222342,74.0,20.19,True,False,False
Spin,3ef6a098-9f5b-4098-a434-00e24b01cd4b,e-bike,40.0004114,-83.02221829999999,24.0,6.44,True,False,False
Spin,28e4e10c-65bd-485c-9770-7e0be7cf18f4,e-bike,40.005051699999996,-83.0095585,63.0,17.27,True,False,False
Spin,204bd799-7afc-4e6e-973e-f9f478363b94,e-bike,40.0050057,-83.0095706,33.0,9.07,True,False,False
Spin,de1bc34c-7a6e-4c91-975a-9ce22825a480,e-bike,39.99514823333333,-83.0146052,95.0,25.75,True,False,False
Spin,d263a7cb-1661-4793-b30f-62f095efe699,e-bike,40.0010245,-83.00817890000002,42.0,11.41,True,False,False
Spin,1bc6f292-22ba-462d-8537-d7e993882af2,e-bike,39.999120833333336,-83.017324,49.0,13.46,True,False,False
Spin,ca6bd1ba-dcc7-4c8b-a997-bdbd7e811b3e,e-bike,39.99950943333333,-83.0142235,87.0,23.71,True,False,False
Spin,ba8558ea-500b-4e97-a447-81304d9079e8,scooter,40.0004884,-83.01001149999999,73.0,19.9,True,False,False
Spin,0a1740be-63d3-4af1-9ef1-72abb0468084,scooter,40.001592,-83.008554,35.0,10.11,True,False,False
Spin,edf624c9-0c9d-49c9-a36f-16855baf9309,e-bike,40.0039144,-83.01762349999998,86.0,23.41,True,False,False
Spin,7a323a25-b477-44e1-96a2-dd5b37eb859f,e-bike,40.002786199999996,-83.01804990000001,89.0,24.29,True,False,False
Spin,55813c30-0d44-4a62-b8ab-bda21439da50,e-bike,40.0014654,-83.00986280000001,41.0,11.12,True,False,False
Spin,e33696d5-70f1-4508-a16a-aa0263a09f3b,e-bike,39.99584166666667,-83.00993166666667,43.0,11.71,True,False,False
Spin,f65ccbec-9e91-4785-b2cc-b5e2504e198c,scooter,39.995906233333336,-83.01036950000001,18.0,4.98,True,False,False
Spin,89fc91e8-4a02-4db0-9cd5-062dd4cc38dd,e-bike,39.99760081666667,-83.02176748333335,94.0,25.46,True,False,False
Spin,6112bf10-c382-438e-9080-3bedeeca2538,e-bike,39.99473713333334,-83.01080269999999,92.0,25.17,True,False,False
Spin,a0adca9f-788f-4e28-8196-6e9e81e1b33c,e-bike,39.99535123333333,-83.006966,39.0,10.54,True,False,False
Spin,b00b85fb-eefa-4d3c-86ca-4aab20cced00,e-bike,39.99833793333333,-83.02140310000001,94.0,25.46,True,False,False
Spin,2894db7a-fc63-44dc-9df4-3b18896afdb6,e-bike,40.000006500000005,-83.02166360000001,92.0,25.17,True,False,False
Spin,100f3ab8-c6ba-4fc2-879c-031cf680aa5f,scooter,40.0002733,-83.0152255,100.0,27.22,True,False,False
Spin,473f3ca7-cde2-437e-abd0-97d173f76d87,e-bike,39.999943333333334,-83.02152499999998,94.0,25.46,True,False,False
Spin,fadd8d1b-cf1d-4a7b-9d3b-4827b85e4f10,scooter,40.0010925,-83.00831070000001,100.0,27.22,True,False,False
Spin,973f54d8-28d4-42dd-b05c-31d4959d02b0,e-bike,39.99767073333333,-83.00771600000002,95.0,25.75,True,False,False
Spin,84c45d4c-5b5b-4789-a897-6deb87a14ddb,e-bike,39.99475713333333,-83.0071886,92.0,25.17,True,False,False
Spin,8c1bf8b7-2643-4302-b6fb-27fd1db0ad3c,e-bike,40.0032448,-83.0217396,91.0,24.88,True,False,False
Spin,61dfd44b-d46f-4ddd-99e7-cc634dbe603e,e-bike,40.004165400000005,-83.0131026,38.0,10.24,True,False,False
Spin,64bd4dec-0407-48d8-b3dc-175ad994ed1e,e-bike,40.0004125,-83.02560120000001,83.0,22.54,True,False,False
Spin,8ddf81c2-77af-4a7b-8385-7045c0f2a2c8,e-bike,39.99529713333333,-83.01480260000001,94.0,25.46,True,False,False
Spin,a8899b82-aadd-4825-ada5-5e9a77187722,e-bike,39.99786193333333,-83.00799839999999,27.0,7.32,True,False,False
Spin,ecab11b4-5583-422c-b847-9d8682547277,e-bike,40.0003117,-83.02142800000001,88.0,24.0,True,False,False
Spin,fe95b84d-bbf0-4576-87ec-272dd8124dd1,e-bike,40.0002249,-83.02138600000002,88.0,24.0,True,False,False
Spin,94c687a7-4b4e-41cb-a794-335fed40bdeb,e-bike,39.99996973333334,-83.0081484,74.0,20.19,True,False,False
Spin,957548bd-45d3-47a1-9d65-435e9a08a0a7,e-bike,40.0049708,-83.00914910000002,99.0,26.93,True,False,False
Spin,69e19f65-c812-4f71-b643-edfce71c8a70,scooter,39.998295,-83.01001,20.0,5.56,True,False,False
Spin,462b5b8e-0133-4dfe-8c4a-65bfc909cd89,e-bike,39.995962733333336,-83.01054360000002,74.0,20.19,True,False,False
Spin,0cff07d9-c092-46fd-ab80-d21fbf7486ed,e-bike,39.99699713333334,-83.01230519999999,31.0,8.49,True,False,False
Spin,fbd4406b-f3aa-43a2-9e9f-613c43671ecf,e-bike,39.99918713333333,-83.01713650000002,76.0,20.78,True,False,False
Spin,1e653985-444a-46d9-9563-3e7e629beabe,e-bike,40.00316110000001,-83.01281480000002,68.0,18.44,True,False,False
Spin,85df6881-88f3-4468-bb66-44904bc62153,e-bike,39.99431023333333,-83.02118909999999,48.0,13.17,True,False,False
Spin,81c07a45-54f6-499e-8075-6e19b460180b,scooter,39.994097733333334,-83.0142509,86.0,23.41,True,False,False
Spin,bef69b4e-c147-4145-8ee1-529bcdb40495,e-bike,39.994325933333336,-83.0113457,55.0,14.93,True,False,False
Spin,b18cb740-1478-49ff-bd6d-a4da3fd975fe,e-bike,39.99601333333333,-83.0105215,76.0,20.78,True,False,False
Spin,24bfe857-e58b-45cc-9c02-113c3a178163,e-bike,39.995595333333334,-83.0106014,44.0,12.0,True,False,False
Spin,ad29c816-3a4d-41d6-8ba8-db97e6e9de57,e-bike,39.99886123333333,-83.0214601,46.0,12.58,True,False,False
Spin,b73dead3-9c20-4f05-8075-26f69c183d7e,e-bike,40.0003227,-83.0214215,48.0,13.17,True,False,False
Spin,16d1fd30-3b68-405a-ae7e-8054e1c38c78,e-bike,40.0003246,-83.0212655,53.0,14.34,True,False,False
Spin,86a0da49-cc43-4901-a2d4-0e131339d002,e-bike,40.004010900000004,-83.012942,47.0,12.88,True,False,False
Spin,520fa82a-1555-4b82-887b-3b2fb291e5a1,e-bike,39.99719666666667,-83.00934000000001,26.0,7.02,True,False,False
Spin,8f998022-70a0-497b-ae33-f888cf90c110,scooter,40.000499,-83.016291,47.0,13.48,True,False,False
Spin,24f055c8-d01d-4783-bdcd-5958539637b2,e-bike,39.99554238333334,-83.0146068,57.0,15.51,True,False,False
Spin,610dcd31-c344-42c2-9c15-b317760e0b5e,e-bike,39.99548943333333,-83.01099289999999,34.0,9.37,True,False,False
Spin,448d0bd8-e456-479a-98ce-790eafcd8353,e-bike,40.0003486,-83.00798340000001,73.0,19.9,True,False,False
Spin,dbc7225d-5f22-4b9d-b4ef-82ec80909899,e-bike,40.005507400000006,-83.00931360000001,74.0,20.19,True,False,False
Spin,fa5c9a00-9493-46ae-8c0d-4643e9267f08,scooter,40.0059449,-83.01052409999998,100.0,27.22,True,False,False
Spin,76acf496-f26b-4bb3-9193-e99ff598c5ac,e-bike,40.0027066,-83.01296490000001,23.0,6.15,True,False,False
Spin,54ed77a3-f024-4ecd-922d-c2ff874db404,e-bike,40.0050897,-83.0148629,89.0,24.29,True,False,False
Spin,9201b4e2-021c-4137-8da7-737e4f161c6c,e-bike,39.994419433333334,-83.01945189999999,37.0,9.95,True,False,False
Spin,7e5f8e34-ae81-4088-bd0a-6293d0481812,e-bike,39.99944273333333,-83.01423770000001,89.0,24.29,True,False,False
Spin,3373ff41-54af-4e31-a57e-3bf4c54f6174,e-bike,40.0157945,-83.03057199999999,26.0,7.02,True,False,False
Spin,80176a9e-aa75-43aa-8c2e-4996ee59eb08,scooter,39.99400143333333,-83.0121777,43.0,11.71,True,False,False
Spin,0d766832-6425-489b-8faa-699f19f402a1,e-bike,40.0002287,-83.0213951,89.0,24.29,True,False,False
Spin,f7830cc3-051e-4332-a409-44759bde6891,e-bike,40.0002174,-83.02137669999999,86.0,23.41,True,False,False
Spin,1224a37e-4f29-4494-abe9-cd1a12f7e198,e-bike,39.99814993333334,-83.03245360000001,95.0,25.75,True,False,False
Spin,c628135c-bd80-430b-80df-cf07d9b2d899,e-bike,40.004293999999994,-83.0124212,33.0,9.07,True,False,False
Spin,e0e13686-e320-4b19-8c96-9f4b9866fec9,scooter,40.00298,-83.00855359999998,45.0,12.29,True,False,False
Spin,ab649037-6b15-4444-b016-987d47aed213,e-bike,40.005529499999994,-83.00899120000001,27.0,7.32,True,False,False
Spin,382d4f45-b6e0-4f5d-8811-151d97169ff3,e-bike,40.005594800000004,-83.0285825,95.0,25.75,True,False,False
Spin,e7b7b358-de72-44bf-9d25-ddec75e82df4,e-bike,40.0000832,-83.02166029999998,39.0,10.54,True,False,False
Spin,9297012f-3464-4ffb-8286-89491c148260,e-bike,40.0000387,-83.02158499999999,78.0,21.36,True,False,False
Spin,bb086f7a-2f63-4be4-b770-530c3b7e4e5c,e-bike,40.0000638,-83.0216914,71.0,19.32,True,False,False
Spin,52674108-2e19-4a76-9a2f-0d97103c4a04,e-bike,40.01003193333334,-83.02668866666666,94.0,25.46,True,False,False
Spin,182cf81e-0330-4fef-9974-996a6fc8113d,e-bike,40.0029125,-83.0146966,84.0,22.83,True,False,False
Spin,9104a170-64fa-4bba-a850-1b2f8c52d0b3,e-bike,40.0129216,-83.0262693,95.0,25.75,True,False,False
Spin,5489475a-7886-4d5e-98c9-7afbca6b2796,e-bike,39.99850358333333,-83.00938523333335,28.0,7.61,True,False,False
Spin,d25a0d5f-e97e-4759-bee7-4a319037adb2,e-bike,39.99518783333333,-83.00726780000001,30.0,8.19,True,False,False
Spin,b8a100fe-d4a9-4507-a39b-cdb54373ed75,e-bike,39.995160033333335,-83.0072534,43.0,11.71,True,False,False
Spin,71f2e831-1dcc-42cc-a80f-a1318e455930,e-bike,40.0039866,-83.01268729999998,68.0,18.44,True,False,False
Spin,12234c56-8e96-4522-ae3f-6cdd0998991b,e-bike,40.0029002,-83.04111910000002,100.0,27.22,True,False,False
Spin,e881cdc3-e7f5-4198-b1f2-30a773a89a07,e-bike,39.995929733333334,-83.01055530000001,43.0,11.71,True,False,False
Spin,eb61344d-56a0-40a2-a32d-e00d68b166f7,e-bike,40.0035358,-83.0124415,87.0,23.71,True,False,False
Spin,a9884c72-1a2f-426b-a676-a1414557bb7c,e-bike,39.99630953333334,-83.0097443,54.0,14.63,True,False,False
Spin,deff9aff-4d61-41f8-b995-3a028c144203,e-bike,40.015799099999995,-83.0305532,96.0,26.05,True,False,False
Spin,0563087a-a807-41f1-b8dd-886ab97d4604,e-bike,39.99907313333333,-83.0174696,30.0,8.19,True,False,False
Spin,1c57d787-6e9f-4b67-9c3b-4c1b7da415b5,e-bike,39.99907673333333,-83.01750240000001,87.0,23.71,True,False,False
Spin,058fdae4-12b2-4c4f-8af3-f0eb9a8e3870,e-bike,40.0161329,-83.0233509,95.0,25.75,True,False,False
Spin,b55a655e-06cf-4c61-9dd8-37ad431518c8,e-bike,39.99495423333334,-83.0175384,88.0,24.0,True,False,False
Spin,c444438f-702f-424d-a1c2-8cafbf0052b2,e-bike,39.99490153333333,-83.01730289999999,88.0,24.0,True,False,False
Spin,ee7158f2-5fdb-48ae-940b-4feebc57bed7,scooter,39.995557733333335,-83.01405430000001,81.0,21.95,True,False,False
Spin,805748aa-8377-448d-89cd-6d94b6db7a98,e-bike,39.998353533333336,-83.0097197,30.0,8.19,True,False,False
Spin,d19ec25e-6ddd-4b82-95bd-67486fee0c25,e-bike,40.00396333333333,-83.01297500000001,42.0,11.41,True,False,False
Spin,258f18b0-19bb-4777-a891-0f15f615e023,e-bike,40.00407,-83.01289333333334,51.0,13.76,True,False,False
Spin,caaaa2af-e25b-432e-9ff6-123708b99073,e-bike,39.99834653333333,-83.0096615,45.0,12.29,True,False,False
Spin,cb93d928-035f-47c7-9dda-c47828f97ef7,e-bike,39.99909543333333,-83.01759539999999,96.0,26.05,True,False,False
Spin,017e76a3-b658-4362-b3e7-98535395755c,e-bike,40.000138,-83.02138699999999,69.0,18.73,True,False,False
Spin,ed41e688-8f42-4938-a9fc-dd8d39834599,e-bike,40.0001181,-83.02137480000002,87.0,23.71,True,False,False
Spin,b9373fe9-5dcb-4a01-bf78-299d8210b4bd,e-bike,40.0001239,-83.0213729,87.0,23.71,True,False,False
Spin,45cc753f-91b3-473a-9dfd-507e6d5f001e,scooter,40.003393100000004,-83.0258804,84.0,22.83,True,False,False
Spin,54d97789-9775-4a4f-a86f-f48f7b3fb790,e-bike,39.99813673333333,-83.0099332,22.0,5.85,True,False,False
Spin,b3958a8a-9607-4c68-977e-4ff1fb8a00a2,e-bike,39.99718923333333,-83.0092544,42.0,11.41,True,False,False
Spin,d56e78d2-b5f1-4879-b086-546eedd2e942,e-bike,39.997064433333335,-83.00971140000001,60.0,16.39,True,False,False
Spin,9b8981eb-5e74-4f01-8ad6-684554ac09b1,e-bike,39.99515743333333,-83.01450879999999,51.0,13.76,True,False,False
Spin,ce1ca3fe-43b9-43ec-8ac6-b464d2706afa,e-bike,39.992300633333336,-83.01559280000001,44.0,12.0,True,False,False
Spin,886e6cdd-6807-4b02-b92e-5706517b5dcc,e-bike,39.998938833333334,-83.0182305,68.0,18.44,True,False,False
Spin,327b346b-0d6d-45d9-9dc1-a40f5b674d57,e-bike,40.0059674,-83.011827,45.0,12.29,True,False,False
Spin,6a2b1b3f-6d33-4512-b952-11e3e0c6cacd,e-bike,40.0027732,-83.01805600000002,61.0,16.68,True,False,False
Spin,ab4ecf91-10e6-47f7-be37-bb70378c4355,e-bike,39.99914173333333,-83.01752479999999,57.0,15.51,True,False,False
Spin,ca47281b-57b4-4046-8936-8d1d02d6f514,e-bike,40.001648100000004,-83.01793690000001,67.0,18.15,True,False,False
Spin,c9f570f7-d219-49dd-aa19-4c01cf423bef,e-bike,39.997310633333335,-83.0151252,88.0,24.0,True,False,False
Spin,d665a20b-d28c-41c8-9854-295d4976b125,e-bike,39.99515163333333,-83.0145564,39.0,10.54,True,False,False
Spin,5d3984d2-a6ae-4c56-a6bb-1364efc4081b,e-bike,39.995920133333335,-83.01112370000001,51.0,13.76,True,False,False
Spin,624f6c41-525e-4718-9000-30fe7a1687dd,e-bike,39.99942333333333,-83.02068333333334,0.0,,False,True,False
Spin,13dad421-987a-4c1d-8e84-4a68016c3dd3,e-bike,40.000096666666664,-83.02125166666669,6.0,1.76,False,True,False
Spin,db07d361-5e6e-474c-8db1-5fa5ac6c02f0,e-bike,39.99948723333333,-83.00821390000002,10.0,2.63,False,True,False
Spin,81ce5a6a-ece6-48a4-a535-d4e6755990ea,e-bike,40.0035538,-83.014666,0.0,,False,True,False
Spin,8da57703-cde7-44e3-8425-d74fd0880c65,scooter,40.002313,-83.010044,0.0,,False,True,False
Spin,ddfc48a3-5799-4d0f-97ff-00e105e54ea2,e-bike,39.996512233333334,-83.0098045,9.0,2.34,False,True,False
Spin,b50ccbb6-e39a-4ff3-bc43-b0e374bce54d,scooter,40.004808,-83.01252,11.0,2.93,False,True,False
Spin,de80079d-4a02-493a-8aa5-aeab4c68b495,e-bike,40.0003624,-83.02145,4.0,1.17,False,True,False
