Company,Vehicle_ID,Type,Latitude,Longitude,Battery_Pct,Range_Miles,Is_Available,Is_Disabled,Is_Reserved
Veo,8f08da2a-da23-5122-879b-94fc0df01b8b,bicycle,39.950049,-82.95921,,22.05,False,True,False
Veo,62eed1f6-3ff3-57ba-aa7b-c8926edc8b24,bicycle,39.995426,-83.013573,,12.07,True,False,False
Veo,7947b36e-3cda-5f37-a3c0-116e2e60e915,scooter,39.995426,-83.000528,,25.65,True,False,False
Veo,d5bcaecc-499c-5653-8570-9cc07393f7bb,scooter,40.102311,-83.110754,,0.33,True,False,False
Veo,167e047f-746d-5a61-aa78-dd1388bbf794,bicycle,39.956517,-82.955384,,27.44,True,False,False
Veo,2008177,bicycle,39.955991,-82.945415,,28.14,True,False,False
Veo,0e9ff952-bbf0-572f-8a70-e7f102c85565,scooter,39.995481,-83.014603,,28.14,True,False,False
Veo,a6a5af33-db5e-5182-a0a9-82e265c14038,scooter,39.989236,-83.001764,,27.02,True,False,False
Veo,2008105,scooter,40.101036,-83.108236,,28.14,True,False,False
Veo,2008226,scooter,40.011988,-82.96862,,28.14,True,False,False
Veo,99291f3a-e02c-58f0-873c-81171685d1c8,bicycle,40.023646,-83.030431,,26.78,True,False,False
Veo,5927718d-703e-540b-ad09-382a007036af,bicycle,39.996119,-83.039447,,28.14,True,False,False
Veo,9eea477a-ce4a-57d5-a25e-9dc55f1b102e,scooter,39.96003,-83.033289,,25.65,True,False,False
Veo,8fc04f95-f371-5197-b717-910b79d98043,bicycle,39.952765,-83.03201,,16.39,True,False,False
Veo,08b4d90c-a3dc-54be-8e35-e42a1142a7a2,scooter,39.993375,-83.006534,,13.64,True,False,False
Veo,756a0084-7aab-5fd8-9e61-c60b740aa421,bicycle,39.986253,-82.919316,,23.33,True,False,False
Veo,0842923a-caef-57a9-ab51-43b6a48aa62b,scooter,39.953588,-83.032962,,6.98,True,False,False
Veo,902a6e20-834d-510c-a589-5110f0f4af28,bicycle,40.013467,-83.007541,,28.14,True,False,False
Veo,86e57889-fea3-5984-b874-e9c48f01ede0,scooter,39.994362,-83.000616,,26.25,True,False,False
Veo,e18a33f7-73a7-51e4-9baa-db4bdf2b6e04,bicycle,40.004612,-83.014395,,24.06,True,False,False
Veo,771e4061-945b-5548-9959-20b3d081f7f2,scooter,39.980192,-82.996462,,6.07,True,False,False
Veo,0f875f3d-0ba7-5114-b22f-76eeda978758,bicycle,39.979037,-82.995757,,12.63,True,False,False
Veo,a15cd9db-595c-5e8b-899e-37917a14540f,bicycle,39.956245,-82.956519,,25.74,True,False,False
Veo,54946dd2-d72b-5556-bd1f-1715b404533e,bicycle,40.010831,-83.047648,,10.51,True,False,False
Veo,396f6dcb-3928-5c42-9c2c-5129c7079685,bicycle,39.926934,-83.055716,,28.14,True,False,False
Veo,1987b11e-d888-584b-90fc-905562e2e653,bicycle,39.973086,-82.993418,,28.14,True,False,False
Veo,53d37fb9-b618-5e91-846a-88869fbb974f,scooter,39.948552,-82.95884,,28.01,True,False,False
Veo,ff3ee2ce-7b37-5f63-a945-09f131b05c84,scooter,39.993569,-82.981152,,28.14,True,False,False
Veo,f1090aaf-4270-5a85-8ab3-4a223a45a56a,scooter,40.012933,-82.996638,,16.84,True,False,False
Veo,293dba59-5670-5199-9481-92e026ec8158,bicycle,40.006156,-83.009329,,15.89,True,False,False
Veo,025d60ac-b5f7-5290-b1d7-af2b604d6afe,bicycle,40.000971,-83.021986,,10.79,True,False,False
Veo,74f0be8b-1297-5b38-8fba-756c730b4aab,bicycle,39.942387,-82.982343,,11.11,True,False,False
Veo,5ebe063a-3df0-532e-bfa3-996190e89390,scooter,40.016166,-82.961968,,17.89,True,False,False
Veo,1e5baccb-e4b4-5230-8c2f-13fe1e2c7f63,scooter,40.015247,-82.979499,,28.14,True,False,False
Veo,5aa49a49-dd39-5e51-8067-25481f77a334,bicycle,40.00037,-82.996013,,13.1,True,False,False
Veo,93139de0-6957-5ebf-a409-c788f7248dcb,bicycle,40.066855,-83.077996,,28.14,True,False,False
Veo,1125f5c4-48bb-5baa-afcd-df50c4e9a840,bicycle,39.976306,-83.010815,,28.14,True,False,False
Veo,c470d526-fe47-51d1-8043-d248575abcd1,bicycle,40.103284,-83.108708,,23.77,True,False,False
Veo,f916faf7-c195-5625-98dc-edf7faf620e0,scooter,39.992006,-82.998091,,14.17,True,False,False
Veo,c5be6f26-ce91-590c-be63-7e5963180852,scooter,39.902948,-83.056909,,10.31,False,True,False
Veo,b0318ed8-d0f7-5210-b25e-d970be604107,bicycle,40.00254,-83.016509,,21.77,True,False,False
Veo,d1c83f88-83fb-5cca-90bc-f90f14c0b4b8,bicycle,39.955754,-83.016802,,18.67,True,False,False
Veo,d2dfde0a-5fba-5b56-8c53-b3c889eb8c83,bicycle,39.951863,-83.110164,,28.14,True,False,False
Veo,6a9cc521-3b8d-550a-92b9-5f58ac57d890,scooter,39.99564,-83.000338,,17.37,True,False,False
Veo,9924e9ee-9bee-5545-8d2c-88a4394aa6d2,bicycle,39.957263,-83.012591,,13.64,True,False,False
Veo,89370837-c070-53a6-b0ec-47aa5a450c07,bicycle,39.98821,-83.008783,,13.86,True,False,False
Veo,a6b4cbd1-adee-51f0-a55f-0eebc6cf676d,bicycle,39.963497,-82.999708,,9.29,True,False,False
Veo,75f4da2a-f36e-5f0c-97a2-9bffb5c9379f,scooter,39.996272,-83.010901,,26.25,True,False,False
Veo,3c3b0d74-99fc-585d-8d15-63ec0133b856,bicycle,39.958047,-83.006502,,25.65,True,False,False
Veo,97db4ea1-338c-5124-908d-471795674e79,bicycle,39.994358,-83.020549,,25.12,True,False,False
Veo,c6603c5d-3534-578b-92e9-e89a4243ea87,bicycle,39.959536,-83.037727,,28.14,True,False,False
Veo,dd2911d2-ab8f-5dcc-9955-d74906817afd,scooter,40.014847,-83.009965,,28.14,True,False,False
Veo,79f5d210-b74b-5a17-b91f-3cc6da795c89,scooter,39.858228,-82.989717,,5.68,True,False,False
Veo,e96b96b5-f9e6-569d-9b99-f815922400fb,scooter,40.032569,-82.987859,,28.01,True,False,False
Veo,0053a7e4-1416-58a6-a990-7947dd48b29d,scooter,40.007008,-83.000749,,24.33,True,False,False
Veo,4dcdbc95-3c6d-5f9d-a97d-24cf0332515e,scooter,39.990244,-82.989726,,28.01,True,False,False
Veo,a139daeb-eb87-5c4a-8647-95a5589f3c40,bicycle,39.992994,-83.007422,,23.02,True,False,False
Veo,a0120e3a-1a1c-50c7-bbdb-884c3862c4ae,bicycle,39.902946,-83.056913,,22.7,True,False,False
Veo,9f106707-759a-5374-88b2-3f4724f92a32,bicycle,40.026011,-82.953696,,6.07,True,False,False
Veo,6b21026c-107e-54bb-a812-be41b1dd6ce5,bicycle,39.956201,-82.956447,,28.14,True,False,False
Veo,ed41438b-e2f1-52a5-9897-8407c51315f7,scooter,39.938662,-82.979731,,24.84,True,False,False
Veo,70835e43-2a79-5b06-bdd3-5063c48e5beb,scooter,40.029891,-82.962834,,13.64,True,False,False
Veo,d3167f62-2e66-5cba-a649-ed14c4b9bc5b,scooter,39.957969,-83.013658,,22.05,True,False,False
Veo,41cad1e2-f388-545c-8eb0-7f7c5a546da3,scooter,39.942922,-82.849636,,24.06,True,False,False
Veo,6c8dfbf1-39ac-56b3-9a99-6eb264635550,scooter,40.052837,-82.962646,,22.39,True,False,False
Veo,e97da27f-60e1-5eaa-90cc-30ca7b8441e4,scooter,39.988196,-83.008801,,1.15,True,False,False
Veo,c588b21e-de52-5d2a-86e2-69ea59339910,scooter,39.994897,-83.005934,,27.02,True,False,False
Veo,360548a5-8a89-556d-99f0-ec704e46bbd0,bicycle,39.947901,-83.062917,,27.44,True,False,False
Veo,163ba3b1-3343-5e6a-8623-d9d02881197a,scooter,39.986916,-83.072291,,28.14,True,False,False
Veo,f5a45571-9f6a-5377-a98e-f132021c0620,scooter,40.006031,-83.014495,,25.12,True,False,False
Veo,0edc0044-34d3-5359-85ed-c63218e16061,bicycle,39.965349,-82.982473,,17.37,True,False,False
Veo,9d29359a-f121-5fb8-aa73-0c6971d953e1,scooter,39.897864,-82.99539,,2.09,False,False,True
Veo,37582368-d2de-5e68-8bf4-ba7e7b44d85c,scooter,39.993393,-83.014291,,27.77,True,False,False
Veo,feb500f6-ec08-5bb5-a4f7-495b4e7429d0,bicycle,40.005686,-82.983213,,25.74,True,False,False
Veo,503c25d9-45d7-596c-8cd1-4895a34b5eed,bicycle,39.99394,-82.983366,,28.01,True,False,False
Veo,9080173e-7798-5dd5-b590-27c96f6bc002,scooter,39.994775,-82.983426,,26.51,True,False,False
Veo,6f821027-6887-558e-8bd3-44671fdeda42,bicycle,39.918138,-82.974186,,20.78,True,False,False
Veo,26322ad6-fb05-5f36-a980-9b889c602f53,bicycle,40.000072,-82.930475,,27.02,True,False,False
Veo,fc4c482b-b240-5f3b-8b9d-d7ebda58445c,scooter,39.995865,-83.019454,,28.01,True,False,False
Veo,36da4246-4234-5748-8c4c-fa9923d9f1a9,bicycle,39.995788,-83.013343,,28.14,True,False,False
Veo,16be37c7-782e-555f-b34d-3b79d9d055ce,bicycle,39.995436,-83.040489,,24.06,True,False,False
Veo,0e321371-b1f0-51e6-9ba0-239482428a7b,scooter,40.101079,-83.10817,,28.14,True,False,False
Veo,00be53f7-3c37-5ad2-8e5f-130d546308fa,bicycle,39.98469,-82.979819,,6.98,True,False,False
Veo,63b8ef90-7879-52cd-b8e9-53ee60fb0227,bicycle,40.003783,-83.012896,,13.1,True,False,False
Veo,71351096-1949-55cc-b721-3d420637fd15,bicycle,39.948231,-82.997784,,28.14,True,False,False
Veo,007090b3-243d-57c0-8ad2-e86918e8e892,scooter,40.006208,-83.016079,,23.33,True,False,False
Veo,fc9c1e40-071c-5aa4-b932-f2d31c2e4097,bicycle,39.960366,-82.958014,,14.43,True,False,False
Veo,c334ddf3-3228-53df-a0f0-b868ff485807,scooter,39.972714,-82.968007,,25.65,True,False,False
Veo,4676b23b-0bac-5a73-b6d5-817566cb01c5,bicycle,39.998702,-83.011455,,28.14,True,False,False
Veo,4438f470-c18b-5830-9234-f2424caaabde,scooter,39.958336,-83.028607,,7.29,True,False,False
Veo,6e127915-31fb-5c40-a870-21681cd543cb,bicycle,40.040669,-82.963622,,27.44,True,False,False
Veo,50546ade-538a-52d0-b435-a429bdc57e53,bicycle,39.960806,-83.00862,,24.33,False,True,False
Veo,119c916f-fc27-543b-ac07-ec2127975e8c,bicycle,40.066752,-82.916748,,28.14,True,False,False
Veo,eb095def-834d-5cf1-a1ea-c6c3657f271f,scooter,40.004395,-83.023491,,28.14,True,False,False
Veo,4bc5f77c-77bb-51b2-8350-96ca7ba64a27,bicycle,39.996044,-83.011282,,28.14,True,False,False
Veo,0c2c0c72-d767-5930-9acc-e4fff060d0f2,bicycle,40.00664,-82.983856,,28.14,True,False,False
Veo,2c5dbf6c-f6b5-53ae-9883-11ab5dc617a5,bicycle,39.997432,-83.015461,,28.14,True,False,False
Veo,47f17df4-5e22-5265-bc71-d34a6ff494f4,bicycle,39.902938,-83.056909,,20.78,True,False,False
Veo,0d9d7690-0448-531d-a4bf-9ffb3519ccab,bicycle,39.948257,-82.99793,,24.06,True,False,False
Veo,18512506-017a-54f5-8ccc-7f593119e2a0,bicycle,39.927415,-82.977929,,13.1,True,False,False
Veo,baf2d676-f7d4-50fb-9d41-32cffdec0e1a,bicycle,39.943928,-83.070951,,1.15,True,False,False
Veo,8486434b-20a7-5e21-a6a7-b7e2cda1dce0,scooter,39.998366,-83.00785,,26.51,True,False,False
Veo,7f330d4c-640e-5769-8102-64528ecc6cba,scooter,39.958472,-83.031782,,24.84,True,False,False
Veo,0e60bfeb-df03-5b91-b003-2b27989d80b7,bicycle,39.993542,-82.981149,,27.44,True,False,False
Veo,b4b9e943-f08e-5c09-a3d1-604561f18af7,bicycle,40.00036,-83.010869,,25.12,True,False,False
Veo,b6aefa6a-40c5-5734-8fa7-876e3df4cf2a,bicycle,39.984771,-82.93294,,0.85,True,False,False
Veo,b0f4657c-09dd-5dfa-a652-f84c0f6b546a,bicycle,39.931229,-83.107134,,28.14,True,False,False
Veo,108a8d7d-3a43-53cd-bc50-831d5e92d294,bicycle,39.996208,-83.014676,,28.14,True,False,False
Veo,a560531a-87f5-5489-a6a2-a55aab774d80,scooter,39.956995,-82.99518,,21.77,True,False,False
Veo,a37f52f9-bd41-572d-a2af-9c5d74eb279a,bicycle,40.021973,-83.02867,,6.67,True,False,False
Veo,51cf522b-90c6-5ffa-828e-1bb4e369e68d,bicycle,39.960751,-82.972542,,28.14,True,False,False
Veo,8b8d34b9-3ef9-57d6-9590-63374b91a4ca,bicycle,39.960213,-83.042101,,2.12,True,False,False
Veo,789ca446-03ed-56c8-9f76-cfa2c97c2c7e,scooter,39.950873,-82.865187,,21.49,True,False,False
Veo,f9837dbb-0771-5ead-b54e-c98d619ecced,bicycle,39.948336,-82.997097,,22.7,True,False,False
Veo,8cd59147-c48e-5468-8938-44f48017f7df,bicycle,39.976363,-82.979204,,16.39,True,False,False
Veo,75cf7c49-6467-5b1c-955a-e04051c6951d,bicycle,39.998887,-83.004421,,28.14,True,False,False
Veo,e74ea48a-688d-57f4-a983-3765b1c08cf8,scooter,39.964956,-82.989469,,15.18,True,False,False
Veo,7c347eef-6654-5923-88f6-d01f345f1a49,bicycle,40.077307,-82.975881,,28.14,True,False,False
Veo,8e6bc240-57bd-5444-8672-f55b70d0c32d,bicycle,40.058117,-82.910903,,14.86,True,False,False
Veo,4adb13d4-d716-5d9b-8088-f5aa2734d180,bicycle,39.945186,-83.116787,,12.52,True,False,False
Veo,44a01ef6-5ad8-5387-b659-fe672e5d3a28,bicycle,40.037286,-83.000394,,22.7,True,False,False
Veo,929631c0-698e-50bf-b10b-6f6ebe991288,scooter,39.93212,-82.98179,,25.74,True,False,False
Veo,f56895c9-619c-59cd-ba8f-04e1b5b2cd16,bicycle,39.957224,-82.971848,,25.12,True,False,False
Veo,b3170e7f-d22e-5ffe-a5b7-fe78963ece4e,bicycle,40.044163,-83.019326,,28.14,True,False,False
Veo,fcce2185-f5f7-57e9-b9c5-9918df45f49d,bicycle,40.00423,-83.007437,,27.77,True,False,False
Veo,65da40fc-ab24-5699-83f7-3068e7841084,bicycle,39.931563,-83.076069,,9.02,True,False,False
Veo,82a9550b-dad8-5645-b449-06071778ecc3,scooter,39.974298,-83.000962,,28.14,True,False,False
Veo,2d822cdb-40bf-5a11-83e8-add6a6ac5752,bicycle,40.01618,-82.961936,,7.62,True,False,False
Veo,f0495ad6-0442-5be3-a437-9c37dc0c4b48,bicycle,40.102328,-83.10972,,28.14,True,False,False
Veo,5d719951-f446-5efd-85f1-270f756b4e1b,bicycle,39.9559180801078,-82.94530223016405,,0.0,True,False,False
Veo,00d61055-42f8-5b94-b070-5e0a68eb86d7,bicycle,40.100708,-83.115362,,23.77,True,False,False
Veo,93ee68e2-431a-5a88-9156-c913baffc1de,bicycle,39.964882,-82.967406,,28.14,True,False,False
Veo,d93c2567-26e0-5fb9-ab13-7681d1934776,bicycle,40.061785,-82.995563,,25.12,True,False,False
Veo,be8c1fcc-711d-59da-aa3a-8e4aeaa52164,scooter,39.97125,-83.002768,,22.39,True,False,False
Veo,c9cfea99-1cd3-50db-8615-f03683246ae1,bicycle,39.993326,-83.007531,,26.78,True,False,False
Veo,93d4d5ac-c355-5ac6-8366-58b22c6dd89d,scooter,40.037691,-82.934118,,16.39,True,False,False
Veo,3b6d209a-4275-5b9a-af02-23aa9ba22156,bicycle,40.033723,-83.016549,,13.39,True,False,False
Veo,3dd767e7-6358-5ca6-bce3-c188877394ab,bicycle,39.996965,-82.999499,,16.39,True,False,False
Veo,2ac16f61-c78a-5659-8a8a-dc5f7d4b19c0,bicycle,40.009017,-83.020736,,11.11,True,False,False
Veo,c43007b2-08fd-51da-9757-d0ad0fb3df96,bicycle,39.966578,-82.996287,,28.14,True,False,False
Veo,b962ed66-37f8-5665-a847-c7a91d64ab95,bicycle,40.022012,-83.029716,,26.51,True,False,False
Veo,a29b86f7-94ec-5efe-ace6-3f4c1ff7970a,bicycle,40.00133,-83.003791,,28.14,True,False,False
Veo,e988c8b8-d49f-5ebb-9d19-fb8edc3534ae,bicycle,39.995586,-82.974031,,19.78,True,False,False
Veo,6e318660-771d-5ebd-a5ae-38cb1e2e940f,bicycle,40.002759,-83.00478,,27.02,True,False,False
Veo,07222c5c-699c-5a0e-a01c-8d71e0a964d0,scooter,39.939529,-83.005689,,9.02,True,False,False
Veo,d3b68d1f-9102-55f2-a60b-96891d5c4959,bicycle,39.941419,-83.118254,,25.74,True,False,False
Veo,6ef5244b-95d1-5e4c-a051-c9bb6225f11f,bicycle,40.001333,-83.003739,,28.14,True,False,False
Veo,a2366f45-d2eb-58ff-8a8d-5e385f812803,bicycle,40.021082,-82.974134,,12.28,True,False,False
Veo,2bc54ee5-2a29-5b59-8b4e-6c9f2273c533,bicycle,39.963334,-82.998063,,8.09,True,False,False
Veo,4381c1ba-8e29-578c-822f-c774403bbec6,bicycle,39.988309,-83.04318,,1.83,False,False,True
Veo,5175e1e8-1580-5e53-a591-a64486482183,bicycle,39.978564,-83.008154,,28.14,True,False,False
Veo,89c670eb-e62c-5d47-b4b7-d04c9c12c48e,bicycle,40.046058,-83.008028,,14.17,True,False,False
Veo,0de90f97-90e1-5d28-b793-a485620bafd3,bicycle,39.996028,-83.015837,,12.87,True,False,False
Veo,502199de-60f7-55af-95ed-dd075c356702,bicycle,39.999621,-83.026038,,12.52,True,False,False
Veo,25530b42-60b8-5063-87e2-19177fd8cd72,bicycle,40.109149,-83.114841,,24.84,True,False,False
Veo,6c97f9d1-ab7b-5cd6-8163-618b45b8ce5e,scooter,39.965634,-83.006343,,25.12,True,False,False
Veo,4ae35480-5553-5e92-911b-b9008fef0665,bicycle,39.977871,-83.004504,,26.51,True,False,False
Veo,b865e6cd-bb63-53a6-93ac-6cd1dc541e16,bicycle,40.00703,-82.943187,,13.64,True,False,False
Veo,1b39423b-0af6-5cbc-a8d5-2f5a38bb352f,bicycle,40.004353,-83.019743,,11.11,True,False,False
Veo,16454495-5ef7-5736-b4d0-986cb411b798,bicycle,39.995709,-82.973931,,23.77,True,False,False
Veo,ed0d8041-9598-55ab-b7ff-ee7876ac7efb,bicycle,40.039951,-82.974187,,13.1,True,False,False
Veo,b2a08836-3eab-5650-b2d7-08ac64ae22c7,bicycle,39.932483,-83.048102,,28.14,True,False,False
Veo,85054967-5606-533a-ba03-3d3b589354da,bicycle,39.991762,-82.999034,,9.97,True,False,False
Veo,2ce06dd8-7848-56e8-a758-bf70489152e2,bicycle,40.002913,-82.950748,,12.52,True,False,False
Veo,658ba960-ec64-5c85-8cbd-93e68c69679e,scooter,40.015814,-83.030517,,10.31,True,False,False
Veo,599981b8-9cbd-54da-a98f-93eea29b9eab,bicycle,40.036365,-82.9868,,20.37,True,False,False
Veo,449b7825-eec4-5a10-a7c3-d02669bde652,bicycle,40.004025,-83.013045,,28.14,True,False,False
Veo,0752cef4-429e-5cfe-a757-a894e3f30c51,scooter,39.995994,-83.006442,,28.14,True,False,False
Veo,75affe1e-c01c-55d2-a5fb-ea60c9bd4349,bicycle,39.992257,-83.015106,,28.14,True,False,False
Veo,965fc19a-5a06-5e44-bee6-cbf028824f95,bicycle,39.996094,-83.009734,,28.14,True,False,False
Veo,1d2f47a1-c4da-5362-8505-c5dd85a38ac9,scooter,40.00673166666666,-82.98149666666669,,14.61,True,False,False
Veo,b9f0a248-882d-5446-ac08-de594237eda4,scooter,40.082797,-82.960963,,3.48,True,False,False
Veo,1470895d-91cd-5075-a1ae-64e7272fabd3,scooter,39.957494,-82.990038,,25.12,True,False,False
Veo,706b7968-8067-52f5-a9dd-75efef86482b,scooter,40.013772,-82.967689,,9.97,True,False,False
Veo,2a680cd4-c1ca-5b8a-a5a1-0359877b59c0,bicycle,39.941483,-82.962277,,14.17,True,False,False
Veo,f0fb81a2-03ad-5e89-b80a-3ae47370d175,bicycle,40.001333,-83.003818,,13.64,True,False,False
Veo,c7bd9dc0-8d02-57a3-aee0-a087c3910405,scooter,39.998769,-83.011178,,17.37,True,False,False
Veo,5531bd6f-a28b-58f9-9b12-c8e87cf5aacf,bicycle,39.956288,-82.908788,,7.62,True,False,False
Veo,de048fc5-6d7b-5dfe-90ce-5d1bad8ea44f,bicycle,39.950211,-83.000848,,28.14,True,False,False
Veo,21bb8a67-270c-5f17-9fdb-a455580a3bb3,scooter,39.983006,-83.005945,,12.63,True,False,False
Veo,e3e59910-3ff5-56de-9b3b-0ef2f5d26731,bicycle,39.984683,-83.007201,,15.45,True,False,False
Veo,0f404e0b-731e-51b0-9458-2682c3f50a12,bicycle,40.007156,-83.003713,,14.17,True,False,False
Veo,f7de2b4f-a7d4-5270-9338-ce00f109efed,bicycle,40.001497,-83.000796,,12.52,True,False,False
Veo,212d355e-6844-559e-807d-38f6a4842983,scooter,39.989349,-83.056353,,24.06,True,False,False
Veo,a95f9548-c06c-5817-aac7-93127183b73f,bicycle,39.998335,-83.021474,,28.14,True,False,False
Veo,ce4723d2-3f1c-57de-830d-97576840a9f3,bicycle,39.951833,-83.000336,,25.94,True,False,False
Veo,876fbab9-27d1-54ae-b034-1b50ce828891,bicycle,39.992253,-83.006511,,28.01,True,False,False
Veo,6a4123ef-b224-517b-9bc0-90a44df259cd,bicycle,39.955426,-83.027662,,26.78,True,False,False
Veo,e788ad2f-5a05-5db3-99f3-fcc33138895d,bicycle,39.919924,-83.101157,,28.14,True,False,False
Veo,48ee773f-7378-582a-870c-11e0f9560221,bicycle,40.005347,-83.007326,,25.74,True,False,False
Veo,599e2566-09e0-584c-a13b-4137b024eaab,bicycle,40.02436,-82.906259,,11.11,True,False,False
Veo,9d24b8ea-4173-59d2-a5e8-d01d2d6b6160,bicycle,39.937513,-82.881845,,3.67,True,False,False
Veo,564bfc42-14ce-5c57-9cdc-26af4efe4113,bicycle,39.909701,-83.042395,,6.98,True,False,False
Veo,6a22ad97-6a1f-5e4e-8b5d-a5670d459a41,bicycle,39.935296,-83.124725,,27.18,False,True,False
Veo,70888283-5659-5929-a096-6132086bd84b,bicycle,40.045624,-83.019033,,24.84,True,False,False
Veo,4ea73b65-2bb8-5333-b166-a7250a017ad9,scooter,39.987174,-83.006782,,15.18,True,False,False
Veo,e7fb489d-b660-5e4e-b561-bdf4072a72a6,bicycle,39.94488,-83.062691,,25.74,True,False,False
Veo,6b5f1d40-a80d-5b2f-b74b-790a6f025e4e,bicycle,39.947944,-83.027475,,19.05,True,False,False
Veo,cdec0a62-7bd5-582a-a070-317484b4a46c,bicycle,39.995923,-83.018328,,20.78,True,False,False
Veo,d8db0ab8-1b3d-5c6a-bac2-b79c5793b2c2,bicycle,39.940137,-82.948667,,16.39,True,False,False
Veo,1b31550d-0e85-5cb2-bf9f-f36ce7f89cc3,bicycle,39.979616,-82.948902,,14.43,True,False,False
Veo,50bd2a37-bab9-538c-804f-fb37fa629ed6,bicycle,39.954166,-82.938232,,1.56,True,False,False
Veo,bdebdfc0-1511-5622-b1c7-768d2f9e5496,bicycle,39.994239,-82.977951,,8.78,True,False,False
Veo,2a9f3941-9189-50a8-bf62-bfd73a7955d2,scooter,40.011988,-82.968595,,27.44,True,False,False
Veo,c4d9b63d-a3ce-54c8-8baf-f8175cfa5b28,bicycle,39.956028,-82.945325,,4.67,True,False,False
Veo,c16189b2-d33f-551f-ab9a-3ceb60997cc4,scooter,39.945882,-83.009048,,25.12,True,False,False
Veo,7dc464a9-acb2-5fea-b396-231a75a46fe4,bicycle,39.995619,-82.99187,,27.18,True,False,False
Veo,8661f8a1-ee50-505b-af3c-8351c7b1109e,bicycle,40.006836,-83.018006,,24.06,True,False,False
Veo,40b13026-ffe3-5d0d-b779-ab83456177a1,bicycle,40.00912,-83.010145,,28.14,True,False,False
Veo,1a3125c8-f56c-5972-a7d0-9ef951e35d6d,bicycle,39.952138,-83.037638,,28.14,True,False,False
Veo,a254be0f-41db-51da-b2e8-28f6d2ab8cc4,bicycle,39.953205,-83.059021,,28.14,True,False,False
Veo,a976a472-1016-5c16-ac00-785e30e2fcbe,bicycle,39.983015,-83.008034,,21.77,True,False,False
Veo,a4870b48-06c5-54ba-8bf2-65617dde5f7d,bicycle,39.980643,-82.998036,,18.67,True,False,False
Veo,97418ca6-ca8b-5a45-b396-fbc799b0daa4,bicycle,40.007364,-83.008795,,23.02,True,False,False
Veo,03a116a7-f62f-5294-bab7-08845c3d7ec2,bicycle,40.090761,-83.048887,,10.31,True,False,False
Veo,acc227fc-5e20-506d-b33a-6de21805e154,bicycle,39.993288,-83.003959,,28.14,True,False,False
Veo,2bc08ea6-90ab-5e49-8c9e-f95a312e0b74,bicycle,39.974837,-83.003208,,13.86,True,False,False
Veo,786d6864-3629-5434-8b18-1570d54dd01b,bicycle,39.94979,-83.026546,,10.31,True,False,False
Veo,9a6b2eae-40ec-578f-9098-495394318fa5,bicycle,39.95888,-82.95704,,18.19,True,False,False
Veo,3c5fef76-4456-5d92-9bf7-c3f7fbe520db,bicycle,40.098858,-83.11448,,13.39,True,False,False
Veo,f41851ec-e8f4-5852-bbc5-4b98f8342050,bicycle,39.960545,-82.993915,,19.39,True,False,False
Veo,988d005c-7b49-51a2-b41f-6c22a8b0cc23,bicycle,40.032695,-82.991434,,28.14,True,False,False
Veo,3d1224b9-0345-5552-a6be-4ad2e9948f84,bicycle,39.940698,-83.096145,,12.52,True,False,False
Veo,c9d6ffca-2037-508a-8f42-98d11f36191c,bicycle,40.109067,-83.015458,,19.05,True,False,False
Veo,c2907241-e36c-5cb6-8724-27efa5915e97,bicycle,39.99537,-83.019863,,14.86,True,False,False
Veo,01b55173-43bc-5ba8-8246-cc9b44d847ab,bicycle,39.931385,-82.994734,,28.14,True,False,False
Veo,edfc32ed-eca2-55ac-b4cb-5e68cb1ce87a,bicycle,39.959636,-82.977458,,24.84,True,False,False
Veo,d06ef384-2f49-5dfc-8e6a-fa82020a6f09,bicycle,39.983977,-82.986845,,26.78,True,False,False
Veo,9814f137-d5c8-55fd-aea5-38ee0bb232a3,bicycle,40.002059,-83.01278,,9.65,True,False,False
Veo,595512ec-35cf-53f6-9e4a-b3947a523d13,bicycle,40.010818,-83.047668,,14.17,True,False,False
Veo,aeacfc99-641b-51f8-b348-a6bb3e3d01c2,bicycle,39.995862,-83.014249,,28.14,True,False,False
Veo,6925f22f-5055-5e4a-9d51-64d4372ce668,bicycle,40.014594,-83.011007,,28.14,True,False,False
Veo,73c8db4e-0ee3-5e1f-8bba-d85f684d6d7a,bicycle,39.998357,-83.021434,,28.14,True,False,False
Veo,811f42f9-32be-5d3f-944c-3ed28f51e840,bicycle,39.992754,-83.001685,,28.14,True,False,False
Veo,fd6ad1a0-c0b6-57a2-b6c4-7e162ff01d29,bicycle,39.988127,-83.03997,,13.64,True,False,False
Veo,c7beaff5-ce42-54fc-9aaa-20fa8ec3feb2,bicycle,40.010474,-82.970212,,27.77,True,False,False
Veo,6e8ff10e-2589-5518-9dc0-41c63dcf34dd,bicycle,40.078687,-82.954665,,2.55,True,False,False
Veo,f9db7ba4-ac2b-5231-940b-4c40312c6896,bicycle,39.982425,-83.085563,,26.25,True,False,False
Veo,2e44fae9-ac31-569c-9f1e-b75dd4616708,bicycle,40.085701,-83.120064,,22.05,True,False,False
Veo,1aec1b9c-d064-5fb1-a852-cea2183cc353,bicycle,39.978885,-82.993952,,25.65,True,False,False
Veo,0e0dfa1e-e258-5c33-9c3f-fd262009d144,bicycle,39.958056,-83.036727,,12.87,True,False,False
Veo,8979f6d6-5436-5499-a5c5-3446542ed7cf,bicycle,39.971298,-83.004817,,8.09,False,True,False
Veo,55095537-8cf2-53be-bd86-a93eadf55a6e,bicycle,39.977067,-82.974726,,13.64,True,False,False
Veo,fcd97a23-4c2b-5280-aa47-bbd5799f52d4,bicycle,39.950409,-83.028717,,14.43,False,False,True
Veo,bf70846b-d52d-50e9-bd2e-69c0f475f3d4,bicycle,39.947212,-83.038155,,25.34,True,False,False
Veo,a7f53b5e-4848-5c27-9d9f-66ae30422bfd,scooter,39.994593,-83.014078,,20.37,True,False,False
Veo,51e6d715-b5fa-54cc-a3c5-46948aa6b7c8,scooter,40.008467,-83.010058,,22.39,True,False,False
Veo,9ec18937-46b9-56cb-8836-7698af42a069,bicycle,40.012248,-82.970387,,10.31,True,False,False
Veo,dc26aa14-fc60-5343-ad4a-9d2cc35a6409,scooter,40.04725,-82.944338,,28.14,True,False,False
Veo,a7aae005-b6f2-58ea-9853-cf42e18d2591,scooter,39.987014,-83.00454,,22.7,True,False,False
Veo,4e9be832-102c-5c38-a337-1b0f958c3add,scooter,40.000654,-83.015482,,15.45,True,False,False
Veo,85b4dce6-6dd3-5868-97fe-a243e835a8e8,bicycle,39.998611,-83.016629,,25.12,True,False,False
Veo,d6621f77-92de-570a-9b13-11bc73f23f34,scooter,40.001292,-83.003795,,28.14,True,False,False
Veo,c22edcf7-8108-5077-bb14-55fc9afb208d,bicycle,39.976317,-83.010887,,28.14,True,False,False
Veo,dacb3abe-d5b0-57bb-afed-818fcd0ddf5f,scooter,40.005979,-83.009387,,25.12,True,False,False
Veo,cf376270-b4cd-5e06-aca3-d9b73e0ef2aa,scooter,40.006066,-83.014439,,22.39,True,False,False
Veo,d8d34f74-fd9c-57e6-9362-e778da07014f,scooter,39.998216,-83.022229,,19.05,True,False,False
Veo,5d3c28cf-c0c4-53f5-8607-dd1a078827c8,scooter,40.019259,-83.024394,,25.74,False,True,False
Veo,ce1b3af9-c9a2-539e-9bda-7da137f1982d,bicycle,39.963018,-82.977812,,12.28,True,False,False
Veo,96dacb3a-7308-594d-a10c-d05f7ab273e1,bicycle,40.02888,-82.981984,,14.86,True,False,False
Veo,642eeaf9-381f-5a14-ac4c-6ccb8acd105f,scooter,39.993706,-83.020407,,28.14,True,False,False
Veo,9b8027d0-7914-5e3d-8a43-ceb3e84a7b64,bicycle,39.954327,-82.989669,,8.43,True,False,False
Veo,fceea5ac-9a20-5f33-990d-409041b2f1b8,scooter,40.001995,-83.02603,,15.89,True,False,False
Veo,7eeedfac-6b84-5705-b362-d0e39a433d7b,scooter,39.996348,-83.017007,,28.14,True,False,False
Veo,3756ffed-6d8b-5740-88a6-198b10906e4e,scooter,39.929693,-83.046193,,13.86,True,False,False
Veo,bd1aa180-a5d5-5721-a916-22570673b9b4,scooter,39.991945,-83.006529,,17.37,True,False,False
Veo,fa3b50d7-7af8-58ca-9c8d-bed4ce155216,scooter,40.103135,-83.109917,,12.63,True,False,False
Veo,ad653c89-4fc3-5b77-9698-e62156ddb9fd,scooter,39.998469,-83.01541,,28.14,True,False,False
Veo,4881ad9e-ada4-5e1d-b78d-13af29f66182,scooter,40.006881,-83.002826,,23.33,True,False,False
Veo,38153a37-8cd7-5cd1-b9eb-145ea2086e8c,scooter,39.994939,-83.014766,,28.14,True,False,False
Veo,300e01df-16c9-5c71-8cd8-26d010fc5c5c,bicycle,40.009501,-82.966336,,25.74,True,False,False
Veo,42bf8171-17e1-5c81-8335-f734e4fe2b12,scooter,39.982483,-83.012904,,28.14,True,False,False
Veo,743fb7d6-803e-56f6-941e-4adaeeef3d1f,scooter,40.000283,-83.020465,,19.39,True,False,False
Veo,eb113706-33ef-5988-acfb-f4022d62869f,scooter,39.995387,-83.012061,,9.02,True,False,False
Veo,b7d5e1fa-01ff-5180-b412-84e83df976d1,scooter,39.987194,-83.005753,,24.33,True,False,False
Veo,0fcf7a2f-08fa-52a5-913c-d2f82e979a06,scooter,39.995559,-83.01324,,28.14,True,False,False
Veo,d27770c6-a45c-5daf-8db1-abfdbf72a964,scooter,39.99962,-83.009459,,28.01,True,False,False
Veo,3bb730a0-9178-53e8-8220-aed3d60814f8,scooter,39.993773,-83.020461,,10.51,True,False,False
Veo,58d8d9bb-1233-5a8f-afad-f7c8128fca4d,scooter,39.999864,-83.006172,,20.78,True,False,False
Veo,4f74270c-e4cc-52ca-8dbe-4a8d2827c338,scooter,39.993906,-82.983382,,28.14,True,False,False
Veo,ef78c1f6-5e60-5ac2-8f40-86a0f0263a52,bicycle,39.930058,-82.976975,,11.34,True,False,False
Veo,8e09e747-b933-5ae6-a3c4-4a7a1c6cc885,scooter,39.998618,-83.039096,,22.7,True,False,False
Veo,3fdc1b79-ee0e-5063-b7a5-df3802b56e98,scooter,39.984002,-83.005005,,11.59,True,False,False
Veo,0fe93311-b1d3-507e-a9e1-5398b3c26e57,scooter,39.986197,-83.005378,,12.63,True,False,False
Veo,2ff1792a-64fd-5e9a-9dec-9236ff857c6b,scooter,40.000514,-83.000029,,10.31,True,False,False
Veo,36ae7d8d-ccde-586b-880c-30ccabb7e1be,bicycle,39.908599,-83.045393,,14.61,True,False,False
Veo,6b1501d8-d97a-5c50-9a07-ce88b2f83c70,scooter,39.998715,-83.011506,,28.14,True,False,False
Veo,877f8b1f-8b9c-5e1d-b48e-29a1247da3e5,scooter,39.942438064728975,-83.07684005939859,,0.0,True,False,False
Veo,8c677d7f-f49e-5aa1-b883-be9b0df5a0a3,bicycle,40.004611,-83.013708,,11.59,True,False,False
Veo,d85b3e87-72d0-5864-8417-175412b65c62,bicycle,39.993615,-83.019896,,15.18,True,False,False
Veo,037ea8fe-6a0a-534f-8cc2-60f836df0b5c,bicycle,39.998269,-83.02138,,10.31,True,False,False
Veo,b17d0b82-ddb3-5a95-95be-6c8da995f14a,bicycle,40.0744,-83.027736,,15.18,True,False,False
Veo,ca314c4d-7244-5ac9-a3e2-a5af49455a58,scooter,39.965871,-82.996868,,27.02,True,False,False
Veo,ea064cd0-eeb6-5e23-9064-ebb7b579fe2c,bicycle,40.002921,-83.013863,,13.64,True,False,False
Veo,3f65fd59-2d51-510f-8097-ec6a0baf8212,scooter,39.999811,-83.006733,,18.19,True,False,False
Veo,c9f3c763-b2e9-54b0-9707-34089b063298,bicycle,40.100695,-83.115422,,22.39,True,False,False
Veo,7b6fd982-78bb-53aa-99ef-29d3d086af29,scooter,40.002217,-83.010746,,24.33,True,False,False
Veo,d0e93560-709f-5517-ad54-8eec397f7cdd,scooter,39.99401,-83.006734,,14.86,True,False,False
Veo,8eb88a0f-67e7-5739-8ed8-0c25660acfb1,scooter,39.961345,-83.009034,,28.14,True,False,False
Veo,af352387-7238-503f-ac7a-1f1132c87553,bicycle,39.971598,-83.038294,,13.64,True,False,False
Veo,c4d1b1fd-1696-580f-9356-2caa1a9984fd,bicycle,39.994165,-83.00799,,15.18,True,False,False
Veo,07d8b131-8d98-5ee2-b7f5-1103aa911576,scooter,39.9988,-83.006609,,19.05,True,False,False
Veo,7b210229-0240-5771-8d2c-56ba3a6065ed,bicycle,39.961829,-82.981809,,24.84,True,False,False
Veo,ae25175c-afd5-5bc7-9bb0-a7827e240aa9,bicycle,39.958521,-83.001901,,28.14,True,False,False
Veo,1030328a-b63d-54ad-8dde-9daf8ba6ac06,bicycle,39.927685,-82.978555,,16.84,True,False,False
Veo,2a0607ab-81d2-5b0a-a238-6e510a5a721b,scooter,39.995449,-83.014568,,28.14,True,False,False
Veo,01299961-803f-5b3e-8571-9332358dd329,bicycle,39.953402,-83.031012,,25.65,True,False,False
Veo,564c870a-7c4a-5718-8720-04702d4a62e9,scooter,40.006756,-83.008425,,22.39,True,False,False
Veo,d8b88a30-3c10-527a-a494-0b642cbe9aa1,scooter,39.966133,-83.002911,,25.12,True,False,False
Veo,cd08432e-e342-5d6f-a8c4-a301066a8cfe,bicycle,40.003377,-82.975104,,14.86,True,False,False
Veo,1af98a96-abda-531f-804d-1e72692b61e1,scooter,40.057288,-83.07116,,16.84,True,False,False
Veo,3fceb2af-398e-5aeb-9dff-9fd26d44c9e9,scooter,39.996636,-83.007897,,24.06,False,False,True
Veo,1a74ba45-a45d-5225-83ad-1f8f117b5b41,bicycle,40.021427,-83.027414,,20.05,True,False,False
Veo,c84bc00c-77bd-55d0-98e6-a84f10749971,scooter,40.000384,-83.011024,,20.37,True,False,False
Veo,f0e4ba0c-3a11-5ab1-9819-644bf780a484,scooter,39.964951,-82.989531,,11.11,True,False,False
Veo,c2c7b13c-e05e-5834-9142-63b1b9323912,bicycle,39.977441,-83.011632,,25.12,True,False,False
Veo,eed27abd-de52-5d36-9404-0874d6df423b,scooter,39.999178,-83.009222,,23.02,True,False,False
Veo,8a8f40be-bca1-5ae9-b60e-3c217eca57c7,bicycle,40.103254,-83.108781,,25.12,True,False,False
Veo,d345f4dc-e4bc-5245-bbda-34d9d7a68fdd,scooter,39.985309,-83.003091,,26.25,True,False,False
Veo,1c67e255-6ec6-567c-896b-fb4a1713e76a,scooter,39.95746,-82.990072,,18.67,True,False,False
Veo,e6ed2d23-6744-5c00-be58-46ff209d4fdb,bicycle,39.948548,-82.911452,,12.52,True,False,False
Veo,3d6df09e-d870-5262-8182-c5b81ad6098c,scooter,39.97327,-82.970086,,28.14,True,False,False
Veo,8b93fae5-93ac-59cd-853a-5fcbfbc0d2e2,scooter,40.000605,-83.015528,,25.34,True,False,False
Veo,dd3150f3-a328-5c10-b377-ff2c2a83f909,bicycle,39.930858,-82.997044,,28.14,True,False,False
Veo,e79b1fd6-27d5-52d4-996e-3005c576e4b7,bicycle,39.965192,-82.973927,,28.14,True,False,False
Veo,3f97989b-569e-5bb5-b519-f4a499df3b0c,scooter,39.98067,-83.005224,,12.07,True,False,False
Veo,7eaefa41-386f-56ce-b5ac-f287a15fe24c,scooter,40.002232,-83.01552,,27.44,True,False,False
Veo,827f5b55-c3dd-5481-8967-74803d8cc183,scooter,39.941356,-82.982804,,28.14,True,False,False
Veo,c1ea7aa3-89f5-56bb-bdd8-4e2dcddbc0be,scooter,40.002702,-82.998596,,27.77,True,False,False
Veo,6f12a77e-12cb-594f-babc-b2bdcbab1338,scooter,39.943881,-82.863293,,23.02,True,False,False
Veo,3a1b7109-d21a-534d-99ae-4363f1bbd79b,bicycle,40.018038,-82.946494,,9.97,True,False,False
Veo,7a323e17-5ba1-5afb-bab4-663515f18817,bicycle,40.002716,-83.015464,,24.06,True,False,False
Veo,4580866d-4c1c-56e7-addd-2dc03dc06536,scooter,39.957562,-82.995303,,1.15,True,False,False
Veo,15d424e4-68ee-5590-89e5-d08690056526,scooter,40.001205,-83.015317,,24.06,True,False,False
Veo,46fd44cb-8eff-56c2-8ef3-04324426f0cb,scooter,40.001245,-83.003725,,23.33,True,False,False
Veo,4f76219e-9c1d-59b7-83fd-07da4c9c6907,bicycle,39.952275,-83.051458,,18.19,True,False,False
Veo,1dfecfe5-1a44-565f-8468-affb98c8258c,scooter,39.959991,-83.019957,,17.37,True,False,False
Veo,c750ebf4-825a-5aca-8a80-b7d94dc055e4,scooter,39.962965,-82.976208,,18.67,True,False,False
Veo,b09ada43-7daf-5c2a-94dc-225e85c3e0b3,scooter,39.981221,-82.992495,,25.34,True,False,False
Veo,61b80c00-80d6-5ebb-8569-826c67c62fe2,scooter,40.001807,-83.013941,,24.84,True,False,False
Veo,0527b764-c696-5468-a279-a1da1ba9ac05,scooter,39.989823,-83.02657,,28.14,True,False,False
Veo,5dd6e415-422c-5f6d-8d77-be425de20e47,scooter,39.942065,-82.995045,,28.14,True,False,False
Veo,5ef074c2-0797-575a-8d4e-0f056ece8b91,scooter,40.001787,-83.039003,,15.18,True,False,False
Veo,c3851671-901c-5cfc-a219-eb73180b2b48,scooter,39.957462,-83.011351,,28.14,True,False,False
Veo,b470bd11-6606-517f-90da-a39f35f524c0,scooter,40.006997,-83.017427,,27.77,True,False,False
Veo,c3575f20-59fe-587a-8ef6-00acd2ee1a3c,scooter,39.982817,-83.004656,,28.14,True,False,False
Veo,31613c29-9aeb-57b5-93a5-a3b156dc5797,scooter,40.003856,-83.012865,,26.51,True,False,False
Veo,6b51e67a-6a66-5d87-b72e-5a25c36a496e,scooter,40.001244,-83.015404,,26.78,True,False,False
Veo,4f417a66-aded-5d9f-8000-c30e94784e87,scooter,40.003964,-83.01282,,13.1,True,False,False
Veo,409263e6-d558-5338-9d5c-73111f255a6b,scooter,39.974626,-83.002973,,16.39,False,False,True
Veo,1660d861-cd41-50a3-8359-58636fc3ef0d,scooter,39.983535,-83.001399,,28.14,True,False,False
Veo,e6808e53-8107-5cb9-bfeb-39defd28c1af,bicycle,40.003854,-83.005505,,23.02,True,False,False
Veo,9d3ec0db-e1f3-5763-a703-d8af7168ab2d,scooter,40.004398,-82.977769,,15.18,True,False,False
Veo,abe24507-99f5-5eef-bfeb-678ed426a8ea,scooter,40.004996,-83.013925,,24.06,True,False,False
Veo,9c65c790-7b37-5d69-8314-cd7146a1ce04,scooter,40.023511,-83.031148,,13.64,True,False,False
Veo,94534b19-e8ca-5c1c-9ec7-3bc93af1ed67,bicycle,39.990504,-83.012532,,14.86,True,False,False
Veo,248d49b2-b659-52aa-bf57-003d976e5a40,scooter,39.959169,-82.984416,,10.79,True,False,False
Veo,df403eae-ee1c-580e-b037-550796396b42,scooter,40.004412,-82.977785,,20.78,True,False,False
Veo,7064a2d5-5c16-56bb-9cb8-a02b28d13368,scooter,39.985569,-82.999391,,15.18,True,False,False
Veo,ae6cd9e0-4f02-507b-b434-5053f26cd054,bicycle,40.000321,-83.022066,,28.14,True,False,False
Veo,82827967-4406-5def-a692-7080559f19b5,scooter,40.003871,-83.012929,,12.07,True,False,False
Veo,626ae8e2-10c2-57a4-86ef-ae47e19b1e15,scooter,40.029824,-83.027961,,25.65,True,False,False
Veo,b615148b-f374-5bbc-b309-bc7ff0d904bf,scooter,40.006016,-83.009385,,26.25,True,False,False
Veo,bf76a4ad-b9c5-5bc4-8e33-8350e812199a,bicycle,39.96371,-82.999689,,28.14,True,False,False
Veo,6c2819e3-591d-517a-82ce-17a80c1c572e,scooter,40.003981,-83.011596,,28.14,True,False,False
Veo,57eb982d-ec1c-581b-9b1f-bf91bb929489,scooter,39.971756,-83.007435,,23.02,True,False,False
Veo,ac155e94-4455-581b-adef-e86eb93b07f3,scooter,39.977426,-83.002614,,27.02,True,False,False
Veo,18f48fc3-47fa-590a-ab88-977aefa9993b,scooter,39.981832,-83.005939,,27.44,True,False,False
Veo,d577a1b5-e879-5c14-a306-50d8360f148c,bicycle,39.96323,-82.998428,,18.19,True,False,False
Veo,d2f3cf44-51a0-592c-8d16-97035e80350f,scooter,39.984694,-83.004333,,20.78,True,False,False
Veo,2a63fc0b-2acd-5db7-9b6c-fa5328ad3f5e,bicycle,40.005242,-83.010359,,11.59,True,False,False
Veo,822f6168-9b94-5b65-989d-20324981b14a,scooter,39.980183,-83.005847,,22.39,True,False,False
Veo,95b17ae2-5732-5dff-8e55-e756b5084068,scooter,40.005604,-83.014266,,27.77,False,True,False
Veo,0f3734c2-0249-58c1-8b1b-a40991cc2258,bicycle,39.994205,-82.983312,,21.77,True,False,False
Veo,37dc0c7b-a7c3-553f-9329-cb133244b92a,scooter,39.959854,-83.013176,,14.61,True,False,False
Veo,7a3a0e61-4efe-5854-95b4-c504d18e5c2f,scooter,39.969864,-82.957214,,28.14,True,False,False
Veo,a50bc097-834f-52fb-9170-1d77d9d445d3,scooter,40.008228,-83.012813,,10.31,True,False,False
Veo,ec5fb5a6-34bc-5d7c-91b2-57f429d530c0,scooter,40.00853,-83.009903,,15.18,True,False,False
Veo,50d1d1e0-940d-5180-ba48-42f58cd120eb,scooter,39.984686,-83.007175,,18.67,True,False,False
Veo,e43f2abd-31fa-5d4d-9c53-a8e17831c65c,scooter,39.996241,-83.005057,,25.34,True,False,False
Veo,808d7e2d-2a7f-5767-8a3e-d17d9cc98d72,scooter,39.967227,-83.05127,,26.51,True,False,False
Veo,93a52126-d12e-5ec2-8494-3a5c1f52edec,scooter,39.996319,-83.019927,,25.74,True,False,False
Veo,8cbe62e0-25e5-53d3-b5ca-428f8f63a754,scooter,40.012006,-83.013559,,25.65,True,False,False
Veo,5c2cfabb-6a74-5e04-a6e9-dfbc31d5a74e,bicycle,39.992335,-83.0452,,26.51,True,False,False
Veo,f898ec0e-982c-56e7-b665-4bf64be2b20a,bicycle,40.062056,-83.021126,,2.55,True,False,False
Veo,1c7bbbae-6c6f-59f3-86ae-ff836ed738a2,bicycle,40.016231,-83.030598,,28.14,True,False,False
Veo,8fb7b322-27e1-54dc-b638-320a4ecabc32,bicycle,40.008736,-83.03328,,28.14,True,False,False
Veo,f03a1fbf-314a-51be-95ee-8e6a616eb362,bicycle,39.922747,-82.960781,,21.15,True,False,False
Veo,00253651-a096-53ce-a716-a256ad3b2ce8,bicycle,40.002544,-82.997948,,14.17,True,False,False
Veo,0f1feb82-fcd0-5d0d-b92d-d4d1a4e05d3c,bicycle,39.997728,-83.005996,,28.14,True,False,False
Veo,f15b2043-4042-58c4-8089-ad0ddcf90a1e,bicycle,39.924242,-83.048437,,28.14,True,False,False
Veo,ce62fe02-43c2-50cc-9f2a-9bca5a030e72,bicycle,40.036158,-82.983959,,25.94,True,False,False
Veo,2d6f9202-a937-570c-857c-3ceabdb36985,bicycle,39.926101,-82.991531,,22.05,True,False,False
Veo,e3512113-91eb-5c31-8cca-7529ed16cf7e,bicycle,40.052134,-83.042507,,28.14,True,False,False
Veo,e91463d7-94af-52fa-9930-9922a82c965e,bicycle,39.955752,-82.945393,,25.34,True,False,False
Veo,b90f7a3e-b991-5e8a-be43-d3c1f3b6089d,bicycle,39.968332,-83.007157,,26.78,False,False,True
Veo,7b1fe544-e303-5709-bfab-ae4f57f785ca,bicycle,40.00968,-83.013757,,21.77,False,False,True
Veo,4c6e15a7-b872-5646-bc5f-3072f35be2b8,bicycle,39.998111,-83.019952,,14.61,True,False,False
Veo,87560ec7-bbcc-5712-85f4-7ef4bc3b329f,bicycle,39.956184,-83.011432,,6.98,True,False,False
Veo,b517937e-2554-53b8-b08d-71ad8624abb6,bicycle,40.011441,-83.014192,,11.83,True,False,False
Veo,3b5cd7e0-b6c7-5cd8-96eb-011f828049b7,scooter,39.995654,-83.014764,,22.05,True,False,False
Veo,33750ae4-293a-5d65-96b3-c54ab30248fd,bicycle,39.952988,-82.974855,,25.74,True,False,False
Veo,b5edbc66-8147-55f4-9c2b-20c1f86ad29c,bicycle,40.005624,-82.97399,,24.84,True,False,False
Veo,0d61d947-d87f-50ef-8a1c-b06cabcfae33,bicycle,39.979667,-83.008815,,25.12,True,False,False
Veo,b166c1f1-b24a-57b2-981a-ca423961a21e,bicycle,39.955835,-83.014457,,15.18,True,False,False
Veo,759d08f4-35bb-503f-b0d9-14c5412bf904,bicycle,39.953611,-82.978741,,14.61,True,False,False
Veo,5beb64af-b214-5f38-8d25-86402fc98ab5,bicycle,40.034768,-83.018048,,21.49,True,False,False
Veo,002fabca-df89-566d-ba19-8b3ed6f18c32,bicycle,39.948212,-82.997845,,24.84,True,False,False
Veo,d367cb05-8cc7-5f3b-8f3f-4b2f7c5d2d64,bicycle,39.952551,-82.990981,,27.44,True,False,False
Veo,e5be372f-ef19-509d-b6e7-f0acba045cd8,bicycle,40.00754,-83.009109,,28.14,True,False,False
Veo,718915c5-f964-56ec-a620-9c5d3b4b192b,bicycle,39.954246,-82.969334,,25.12,True,False,False
Veo,af5fdd27-8b14-5728-8e24-dda52ce682b8,bicycle,39.965399,-82.983894,,3.67,True,False,False
Veo,13f0ff04-4a11-55f4-b944-13361810c110,bicycle,40.022105,-82.938415,,12.63,True,False,False
Veo,0114f54f-f2eb-545b-a1f1-e4e11c8f0074,bicycle,39.998718,-83.021471,,20.37,True,False,False
Veo,608df85e-ce72-5188-b4b2-18bbaeda1829,bicycle,40.001972,-82.977144,,12.52,True,False,False
Veo,d1103be5-c0fb-551f-b3c2-5a78d6338e26,bicycle,39.957507,-82.990099,,16.84,True,False,False
Veo,5bb0d629-da4a-551c-98bc-d7eb39a67713,bicycle,39.900046,-83.053817,,9.97,True,False,False
Veo,2765aa31-06da-5eeb-96c9-88c59890e095,bicycle,39.948279,-82.970003,,25.94,True,False,False
Veo,0344d92b-a864-5f79-aba1-688334fba584,bicycle,40.008212,-83.033225,,15.45,True,False,False
Veo,18d1b648-bb97-5d36-baf9-345a5329b055,bicycle,40.009481,-82.983876,,15.89,True,False,False
Veo,8cacd57a-5bb3-5aba-a72e-4801f851fe7c,bicycle,40.019817,-83.037987,,20.78,True,False,False
Veo,c44cff0b-246f-591c-a20c-0357bc583b79,bicycle,39.981125,-83.020187,,28.14,False,True,False
Veo,27b2edb2-30c6-5c62-afc8-ae593cbb7152,bicycle,39.946266,-83.034468,,25.12,True,False,False
Veo,cdae0335-c4e1-5b03-9230-3e9cb0d71c27,bicycle,40.110069,-83.058083,,25.65,True,False,False
Veo,f6bca8a6-c3f8-5c37-8120-a4cc36aa44ac,bicycle,40.003066,-83.01281,,22.39,True,False,False
Veo,46b1f58b-2656-570d-b283-4053ff4f6f01,bicycle,39.897045,-83.035524,,17.89,True,False,False
Veo,830f68ef-243b-5578-b0b9-ad5110ae0506,bicycle,39.946401,-82.960402,,10.51,True,False,False
Veo,2dffeb3b-9bd3-5e98-8ffa-b7164b0a1aa3,bicycle,39.996756,-83.004687,,9.02,True,False,False
Veo,6622549f-e1bb-552e-ad90-7d4f8fd7c687,bicycle,39.986978,-83.072286,,13.64,True,False,False
Veo,37585ec2-74de-56f5-9004-ae99b6832d57,bicycle,40.014075,-82.974563,,25.12,True,False,False
Veo,4a4d5004-f2c3-5d02-b3b2-5c0fe52aed66,bicycle,39.974428,-82.891427,,23.77,True,False,False
Veo,5656ecf5-c9af-58c5-84e4-6bedcfa7525e,bicycle,39.909731,-83.042418,,23.02,True,False,False
Veo,aed8d8df-eb15-59e5-ac72-8b5c001a2be1,bicycle,40.003741,-83.012758,,26.51,True,False,False
Veo,95b1b6f2-9ea6-5d5f-a729-995cb36b0b78,bicycle,39.936304,-82.961508,,12.87,True,False,False
Veo,bcad713a-75c0-58d9-acb9-d85f9ae0c778,bicycle,39.97979,-83.084989,,1.15,True,False,False
Veo,6aa8f4af-248a-5972-b098-bb063a491464,bicycle,39.996258,-82.974582,,13.1,True,False,False
Veo,78150ec3-3d54-5a0b-b7f5-e09d6fd87779,bicycle,39.991889,-83.007758,,28.14,True,False,False
Veo,077fe4ee-8bd9-52ff-b35a-3286b41a96ce,bicycle,40.04596,-82.923555,,12.87,True,False,False
Veo,ed4a3262-9b0a-5943-a3ff-e0519584f6ac,bicycle,40.100758,-83.115431,,25.12,True,False,False
Veo,268f2c06-18f5-5ff1-9e2b-f0ad2a363609,bicycle,40.004616,-83.01267,,25.12,True,False,False
Veo,0800dafe-d6a4-5646-b2ec-a87e7c35ff7e,bicycle,39.954192,-83.01372,,17.37,True,False,False
Veo,9d061862-85cb-500b-9a12-70c47720f3a3,bicycle,39.9909,-82.932037,,14.61,True,False,False
Veo,c8faf914-b833-5ee8-b031-6872cf3c06ca,bicycle,40.000102,-83.021347,,11.59,True,False,False
Veo,cea52cd2-6a2b-5e27-8e8a-a41bd511f466,bicycle,40.07059,-82.968346,,21.15,True,False,False
Veo,cf0d524a-ceab-501d-840b-5d854c9ff72f,bicycle,40.005512,-83.013944,,25.65,True,False,False
Veo,00499d0e-daa3-5570-b0d1-4df821894e65,bicycle,39.919717,-82.962481,,15.18,True,False,False
Veo,dcb9a7a6-2c40-5814-930c-f24dfe3dce6f,bicycle,39.997632,-83.028193,,0.85,True,False,False
Veo,8c28914a-fcb2-5920-a8bc-8e538c08ae76,bicycle,40.01649,-82.967804,,24.06,True,False,False
Veo,20e14682-0882-5f6e-a47d-f8ece0a55d85,bicycle,39.939821,-82.97229,,8.78,True,False,False
Veo,ecf26446-4c6e-5ed1-9561-50ed64ee1878,bicycle,39.956018,-82.945323,,11.34,True,False,False
Veo,f48fcb7f-f22e-5b9c-9590-bdf09032695b,bicycle,39.934701,-82.971267,,11.83,True,False,False
Veo,3ce87dca-60e3-56c5-bbc9-d9543d7db003,bicycle,39.997518,-83.026365,,9.97,True,False,False
Veo,e46cf634-a0aa-596f-b066-b7560d075c32,bicycle,39.961791,-83.013056,,24.84,True,False,False
Veo,5992475f-7cd9-5dd4-a543-69093b10dd18,bicycle,39.973782,-83.002606,,5.68,True,False,False
Veo,26d47fe2-6c7e-5a0e-a3af-7c9c572515f0,bicycle,39.974723,-83.070884,,22.39,True,False,False
Veo,2a545cb6-4fe7-5848-ab91-219cf17dc8bb,bicycle,40.00015,-83.011007,,26.78,True,False,False
Veo,8b44154a-35eb-5470-aa53-094b6dc506d0,bicycle,39.984042,-83.005048,,18.67,True,False,False
Veo,010633ef-9a2c-5c17-b66c-7775191c6ac7,scooter,39.985226,-82.981296,,23.02,True,False,False
Veo,b50e4023-af2e-57d2-ba85-91780bea455b,bicycle,40.041995,-82.969909,,25.12,True,False,False
Veo,34bdb9d3-61e9-5911-81d3-55602fd46348,bicycle,40.007182,-83.005488,,27.18,True,False,False
Veo,2965573d-56e4-5e7e-a0dd-aab857d191dd,bicycle,39.950627,-83.030912,,12.87,True,False,False
Veo,138b34dc-900a-5e00-8d43-c7707f3b8bc8,bicycle,39.955249,-83.028878,,24.06,True,False,False
Veo,f41388ef-feb6-588d-913e-bc2eb1094880,bicycle,39.926122,-82.965009,,12.63,True,False,False
Veo,51df2d5a-c6b2-53d0-87e0-733d4bf6b26b,bicycle,39.946643,-83.046722,,14.86,False,True,False
Veo,a886a969-80e3-5231-8959-33634032ef0e,bicycle,39.952638,-83.075068,,25.65,True,False,False
Veo,2fbc960f-443a-5b7f-9282-32de05a97176,bicycle,40.003224,-83.016505,,10.79,True,False,False
Veo,8765a7ba-a2fa-539a-ac1f-e139c019eee0,bicycle,39.883272,-83.003104,,1.15,True,False,False
Veo,bc3e592d-70db-5696-a7c3-9e4bcebe10c2,bicycle,39.95597430937981,-82.90994889784977,,13.86,False,True,True
Veo,ad6d4d6b-c69e-5212-9d3a-2a164abcf23e,bicycle,39.986445,-83.020835,,8.78,True,False,False
Veo,daa2dff6-047b-503d-9c82-596c5905e573,bicycle,39.948213,-82.997817,,28.14,True,False,False
Veo,2994f33c-cd8c-5eb6-8d5c-fc8a0237428e,bicycle,39.949928,-82.976376,,23.33,True,False,False
Veo,1f3977f1-d9fb-5867-874b-8124bbaeac86,bicycle,40.013261,-83.026192,,24.84,True,False,False
Veo,1440a1c7-6d3a-5f05-97c9-9d34b4174790,bicycle,40.004024,-83.021372,,28.14,True,False,False
Veo,2e7d44f1-0637-50c3-9f9c-7435c4c6d2c7,bicycle,40.016013,-82.990993,,27.18,True,False,False
Veo,655a9a87-4dd3-5015-8cda-28a9febfd7d6,bicycle,39.927295,-82.986444,,24.33,True,False,False
Veo,85bcdcc2-1674-5584-813f-d78f2c694c23,bicycle,39.997685,-83.030271,,28.14,True,False,False
Veo,66384c4d-3192-545e-8436-08879a5b7b56,bicycle,39.968228,-83.001762,,28.14,True,False,False
Veo,35b15284-2126-5e18-8f55-07e14c8d3ba7,bicycle,39.923321,-82.963548,,21.15,True,False,False
Veo,260dcf69-ede0-59bf-861d-319c7c5c20ae,bicycle,39.980886,-83.003211,,28.14,True,False,False
Veo,ff1ad541-c1e9-5512-9567-cd24c6e77914,bicycle,39.976901,-83.002616,,27.44,True,False,False
Veo,8ede171a-23ba-5d5e-a8bf-80a60194148c,bicycle,39.970334,-83.044876,,20.37,True,False,False
Veo,4dc45a3c-2cf0-53f5-8c79-d1eafbfdbc2d,bicycle,39.971716,-83.002672,,16.39,True,False,False
Veo,e6a9d885-d5a6-5af3-856d-cdad3033c399,bicycle,39.988771,-82.979571,,6.67,True,False,False
Veo,7d8f501c-7940-5087-9cca-76df817d9dea,bicycle,39.974786,-83.070864,,11.83,True,False,False
Veo,af23b520-a6f3-571b-8099-6d841416e25e,bicycle,40.051023,-82.919699,,9.02,True,False,False
Veo,93396011-8c3f-5a84-9646-cca8def37f39,bicycle,39.978337,-83.001637,,24.84,True,False,False
Veo,d8995042-c7b5-55f4-980e-87e80b43d33e,bicycle,40.102453,-83.110652,,5.03,True,False,False
Veo,b39772b0-398d-5b56-b6ee-26a38b81f645,bicycle,39.942646,-83.072063,,13.86,True,False,False
Veo,b453f974-eacf-5f15-8656-79dab5cd2fcf,bicycle,39.892247,-82.991737,,24.33,True,False,False
Veo,6c223c2c-a582-5b4e-baba-6ff1b888713d,bicycle,39.995384,-83.013243,,28.01,True,False,False
Veo,2301971d-aa4c-5f6f-8f0b-e8a48eac5757,bicycle,39.947384,-82.897288,,28.14,True,False,False
Veo,18c5c275-ecae-549b-8e6b-ad320c31430f,bicycle,40.001914,-83.01355,,21.15,True,False,False
Veo,96de8d2d-42bc-5a5c-9cd5-6e6f654df022,bicycle,39.962942,-83.005622,,1.83,True,False,False
Veo,c8394da7-b8c5-56b2-a031-c9de6e21f4da,bicycle,40.005419,-83.016476,,14.17,True,False,False
Veo,a749f8d6-8bcd-55d8-946b-97af4636773e,bicycle,40.039593,-82.995447,,13.39,True,False,False
Veo,80371414-ee1f-53ec-862b-9cefd5c26b7c,bicycle,39.999759,-83.003809,,10.51,True,False,False
Veo,98700ecc-a4a2-58a4-b975-1c46371150d0,bicycle,40.018583,-83.019553,,28.14,True,False,False
Veo,65a752eb-6750-5ee0-8b1c-d2b02604634a,bicycle,39.955873,-82.94533,,28.14,True,False,False
Veo,69d1c030-08b3-565a-8f33-65a146b197c4,bicycle,40.00318,-83.010014,,26.25,True,False,False
Veo,ac307a39-2d02-51ff-9688-02442a424962,bicycle,39.95791,-83.042454,,26.25,True,False,False
Veo,7eb5868a-1498-5789-920a-57deb6c5f51a,bicycle,40.074803,-83.101389,,24.33,True,False,False
Veo,c01aed8f-f454-5dd8-9e18-f3a941a1f29c,bicycle,39.941011,-82.973589,,24.33,True,False,False
Veo,335fb2e3-2cc8-51f9-a320-b9eb5496e1a1,bicycle,39.960845,-82.994606,,12.28,True,False,False
Veo,7249f9bf-9cd2-59f9-9530-6b6c0a481bec,bicycle,39.935924,-83.120729,,13.64,True,False,False
Veo,38876af8-c058-5c61-9070-eebfbc264660,bicycle,40.005117,-83.011582,,13.39,True,False,False
Veo,86933871-7540-5f36-96d4-33bdb55379f7,bicycle,39.943464,-82.996132,,28.14,True,False,False
Veo,2fbaa4ae-a7b7-54ce-8956-fc957d86c1e2,bicycle,39.894412,-82.980983,,24.84,True,False,False
Veo,e2934802-3099-5b63-bc7a-48327f7cc467,bicycle,40.005136,-83.012785,,28.01,True,False,False
Veo,ec655e8b-610e-5996-b824-49f751404da0,bicycle,39.93380600716948,-82.92009463896538,,25.12,False,False,True
Veo,18a9247c-ec5b-5b5c-930c-d971a1836781,bicycle,39.9633,-82.953305,,28.14,True,False,False
Veo,df289148-0a4e-544f-9e3e-b9f4db749ac1,bicycle,39.961744,-82.986736,,15.45,True,False,False
Veo,f9226c61-6949-577e-9023-d77e21ee4f7b,bicycle,39.921429,-82.950435,,21.77,True,False,False
Veo,b544edef-450a-58fd-a858-461010a5763e,bicycle,39.98184,-83.004682,,11.83,True,False,False
Veo,5757d92c-9872-577d-b86a-075029a9b618,bicycle,39.944254,-83.043407,,20.78,True,False,False
Veo,7102759e-6f7e-57cd-96be-5bf1c19384df,bicycle,39.995611,-83.014705,,22.05,True,False,False
Veo,8ce09d0f-ff13-5b9f-82f2-25c863914113,bicycle,40.089947,-83.089816,,6.07,True,False,False
Veo,68841cb9-c0fb-572b-b4d0-38b2f246d126,bicycle,39.951031,-83.059521,,7.29,True,False,False
Veo,930c584d-0aef-5703-a2c0-3a09634726b7,bicycle,39.926203,-82.986292,,20.37,True,False,False
Veo,76b14357-cb07-5575-82a3-847393132731,bicycle,40.03269,-82.991494,,21.49,True,False,False
Veo,f5edff5e-29c7-5e81-8d18-f689159212d2,bicycle,40.000189,-83.011574,,24.33,True,False,False
Veo,6a5f2492-822a-58f2-947c-ff0b328c9e1d,bicycle,39.999945,-83.021408,,21.77,True,False,False
Veo,4b9a747e-d5cc-59ad-b4bf-bfbd4221246f,bicycle,40.000838,-82.998035,,15.18,True,False,False
Veo,846d8f76-74f9-522d-a17d-2887d321066e,bicycle,39.941621,-82.958862,,13.64,True,False,False
Veo,7da52581-3d87-573a-8624-4555a14427e3,bicycle,40.095156,-82.926432,,4.19,True,False,False
Veo,06619aa3-ba1d-5fef-a8c7-40b34a8e2fd1,bicycle,39.994502,-83.013788,,25.94,True,False,False
Veo,07f1cd7a-2d27-5a6b-af8e-3d174dfbdee2,bicycle,40.015338,-82.982497,,25.74,True,False,False
Veo,87de47b0-ddc4-5138-b834-e65fb71e395a,bicycle,39.977649,-83.015105,,12.07,True,False,False
Veo,c43f9bfd-a4cf-5bf0-aed1-58455a2789e9,bicycle,39.960418,-82.958031,,24.06,True,False,False
Veo,4324edb7-9fe4-560c-87d0-61f2b022705d,bicycle,39.944456,-82.870927,,28.01,True,False,False
Veo,1b8d0d7f-ff86-5994-9af6-6ae77bf0ef44,bicycle,39.996337,-83.014715,,26.78,True,False,False
Veo,057bc504-5bec-5cad-83d0-4e6eff9af043,bicycle,39.99453,-83.008066,,26.51,True,False,False
Veo,54a79473-e48b-5c21-a720-d5dde8111399,bicycle,39.947123,-83.104412,,24.33,True,False,False
Veo,cf54b93c-45e3-58f2-a060-56c36192a35a,bicycle,40.009169,-82.977041,,28.01,True,False,False
Veo,d683cd72-a50f-52d7-9e93-1590c21dc6ab,bicycle,39.933796,-82.955577,,4.14,True,False,False
Veo,09f14268-bad9-5df9-aa8e-a94caf6e6848,bicycle,39.976312,-83.010817,,28.14,True,False,False
Veo,0015e1f0-16e5-5b13-9359-32c9a630508d,bicycle,39.993628,-83.020046,,28.14,True,False,False
Veo,c7595511-5c7a-52a1-a707-646a6f4e4acd,bicycle,40.007644,-83.011785,,2.12,True,False,False
Veo,3b21d0d6-45af-534c-9270-c57b853bb38c,bicycle,40.001634,-82.981958,,12.52,True,False,False
Veo,a7757a0c-546f-580a-8c32-d00d160c2bbb,bicycle,40.006378,-82.999309,,26.78,True,False,False
Veo,7668a70e-c935-50b1-ad39-d94270a44671,bicycle,39.951057,-83.035667,,24.84,True,False,False
Veo,bef68fd5-3e9a-5c36-bc1b-36882c67e37e,bicycle,40.001901,-82.999221,,26.78,True,False,False
Veo,ed1757a1-088f-55c5-a2ca-6912d5232bba,bicycle,39.955716,-82.811749,,1.15,True,False,False
Veo,6c37a2a2-1301-573c-a9af-d7c132459823,bicycle,40.084446,-82.993546,,13.86,True,False,False
Veo,7c54c2f2-bf28-549f-8aa7-ae5c0ae4d72a,bicycle,40.055553,-82.926428,,14.61,True,False,False
Veo,fedbbf91-a0f8-52f2-8783-4619884e0150,bicycle,40.108642,-83.014608,,10.31,True,False,False
Veo,ed428154-a394-54b6-baf8-5e705ec178c6,bicycle,40.011941,-83.003619,,15.18,True,False,False
Veo,123d8135-6dc8-5362-8020-4547021d797a,bicycle,40.015577,-83.011486,,28.14,True,False,False
Veo,d3e1284e-f9c9-5ec7-b290-fd5245dba4dc,bicycle,39.989571,-83.076905,,6.07,True,False,False
Veo,b034a320-1f55-5ae9-99ce-45e799f1a40f,bicycle,40.072735,-82.997978,,26.25,True,False,False
Veo,7cda60eb-88b1-5158-be98-f2be1ffd51b2,bicycle,39.918099,-82.974293,,3.67,True,False,False
Veo,ac39a8b4-3840-5376-9a58-2c551081a161,bicycle,39.974883,-83.034894,,28.14,True,False,False
Veo,cb4f198d-57a7-5ee2-99e9-0eae00e65c10,bicycle,40.021912,-83.026071,,15.45,True,False,False
Veo,be8cce10-7760-5324-b3ae-1ea5e275973b,bicycle,39.943687,-83.045578,,25.74,True,False,False
Veo,f9bb8e4f-e1d1-5129-874e-9fd70271a753,bicycle,40.00094,-83.048173,,28.14,True,False,False
Veo,e8bf9ba3-4b14-58d3-a0fc-1e012237319d,bicycle,39.972463,-82.971656,,26.78,True,False,False
Veo,50bce7c2-6702-5280-95e9-7c99e3f6c389,bicycle,40.098861,-83.114476,,8.78,True,False,False
Veo,22bdb369-0a77-50d9-bf69-465bc768ca14,bicycle,39.967711,-83.012204,,11.83,True,False,False
Veo,20233fdb-3477-5d96-a3f2-9c6e5968c220,bicycle,40.014632,-82.969459,,28.14,True,False,False
Veo,a48cd033-4bc7-59a5-b85c-cbf9c3efdf64,bicycle,40.100753,-83.11539,,11.34,True,False,False
Veo,20880ceb-e8cb-598a-8e83-31d4f5880c66,bicycle,39.931897,-83.038021,,5.83,True,False,False
Veo,755db255-648d-5198-b7e5-ef5f544b5cdf,bicycle,39.941529,-82.997164,,27.44,True,False,False
Veo,eaa2cfb5-6fdc-5eb6-b991-251d36d59c91,bicycle,39.967666,-82.970956,,22.7,True,False,False
Veo,b6d0d4bb-e580-5068-a8f8-2b79893668aa,bicycle,40.01543,-83.002223,,9.29,True,False,False
Veo,cd9d81d3-8db2-5573-a54c-bf282e97277e,bicycle,40.026231,-82.949954,,14.61,True,False,False
Veo,9ae74b28-aacd-5a2d-937c-470814371242,bicycle,39.957373,-83.011324,,28.14,True,False,False
Veo,03f6e062-e86c-5221-a861-0e7bbcbad96a,bicycle,39.965159,-82.989967,,28.14,True,False,False
Veo,bb40afad-93f0-5c33-8956-5292045db2a2,bicycle,40.019753,-82.955684,,25.34,True,False,False
Veo,71fd8ce4-b8d5-53fb-bd83-90e2f5545578,bicycle,39.932861,-82.997435,,24.33,True,False,False
Veo,fa317e0c-7b86-5140-9b15-a668ec7a9489,bicycle,39.875614,-82.957211,,1.83,True,False,False
Veo,193b6fa3-d460-5f60-b4b8-4c6a00295a61,bicycle,40.017045,-83.013424,,19.39,True,False,False
Veo,dc911284-25e7-52b2-962a-c10fa8fec445,bicycle,39.97177,-83.002814,,23.02,True,False,False
Veo,3cdfcfbe-9e1f-5b84-bc0a-2e200be29e99,bicycle,40.00939,-82.980608,,23.02,True,False,False
Veo,b89ca7b6-c259-55f7-8d33-dc5e069810f9,bicycle,39.973555,-82.985229,,12.52,True,False,False
Veo,1ca20046-ebd4-57d3-8756-2f603c8c69fa,bicycle,39.956677,-82.913716,,28.14,True,False,False
Veo,3ecde08e-2e33-51d1-8e27-f6876a669342,bicycle,39.998843,-83.038498,,25.74,True,False,False
Veo,13f8c360-4782-5167-a1ea-68bccfb14dfd,bicycle,40.019927,-83.03937,,26.78,True,False,False
Veo,370df5c0-cb83-5049-812c-82fcc515bec4,bicycle,40.014194,-83.028474,,25.94,True,False,False
Veo,2776e997-2c7c-5801-80c0-e028e5c07987,bicycle,39.994156,-83.022038,,24.06,True,False,False
Veo,9b84637d-078b-5e0f-8f70-950ffccf9ceb,bicycle,39.974726,-82.971865,,8.09,True,False,False
Veo,849aa22c-1147-5681-b398-e33b59d04b06,bicycle,40.011428,-82.982703,,12.28,True,False,False
Veo,f709a9ca-a347-59b9-9d71-fb46caa59830,bicycle,40.006633,-82.971818,,28.14,True,False,False
Veo,cf24ca98-e640-5f64-afbd-3a2aa4a7786d,bicycle,40.012011,-82.968549,,10.31,True,False,False
Veo,938e6787-fb61-59cd-ac6e-e9fbc347a043,bicycle,40.041008,-82.963514,,24.06,True,False,False
Veo,a62f3c7f-0df2-5d38-abf6-d67d1f4fd213,bicycle,40.004006,-83.012814,,22.39,True,False,False
Veo,d1183b5d-57c4-5538-81dd-29450d8593f5,bicycle,40.005833,-83.00931,,26.78,True,False,False
Veo,fcf64b5c-9757-5737-81c9-f8b4fb9a5d10,bicycle,39.940686,-83.096148,,2.79,True,False,False
Veo,089bd40a-142f-54fb-bf90-570bd203139d,bicycle,39.972506,-83.009195,,8.09,True,False,False
Veo,fd368f12-218a-570c-b34c-73437d621832,bicycle,39.941409,-83.118261,,5.44,True,False,False
Veo,db494dfb-e940-5ad5-8366-1ee90e0e37f1,bicycle,39.939223,-82.968855,,14.43,True,False,False
Veo,d6e209e3-939f-5b48-8270-e152ac06a9e9,bicycle,39.959934,-83.110662,,28.14,True,False,False
Veo,dad87d3e-f494-5695-a2aa-98f39f27a0b6,bicycle,40.015351,-82.98249,,26.78,True,False,False
Veo,a156b5bd-256a-5a38-b327-8c5804431bcd,bicycle,39.909708,-83.04239,,1.83,True,False,False
Veo,2252e2ae-84c9-599f-aad1-2590e04cac51,bicycle,39.998381,-83.021429,,14.43,True,False,False
Veo,567075be-ec00-5462-8e0d-53f2ba68a8bb,bicycle,40.015813,-83.010415,,23.77,True,False,False
Veo,526e55db-4e20-5e13-b357-ed655cb2b66d,bicycle,40.058419,-82.931887,,27.02,True,False,False
Veo,94b10ad5-3481-5582-9368-d3d0bbbd9d2a,bicycle,39.947733,-83.045522,,13.64,True,False,False
Veo,c3c098f3-e309-5ead-8903-60d33e46139d,bicycle,39.963269,-83.110767,,24.84,True,False,False
Veo,3322fa9a-c181-531d-a2cc-2e24b34055c4,bicycle,39.966224,-82.975148,,15.89,True,False,False
Veo,e5d2ad31-5d9b-54c4-9bf5-814c33ac87d3,bicycle,39.957797,-83.012198,,24.84,True,False,False
Veo,fb17300d-b5c2-5c15-a2f5-7bec2b4b68bf,bicycle,39.96317,-82.950924,,28.14,True,False,False
Veo,039d5789-302b-5396-8cbf-ed5e9a209b1a,bicycle,39.977897,-82.963896,,22.7,True,False,False
Veo,51d15d95-4b96-5d09-9bc7-a55958b385e5,bicycle,39.976729,-82.970824,,7.29,True,False,False
Veo,05ead87d-df6f-532a-98e7-f770e4c82454,bicycle,39.956773,-82.973391,,11.11,True,False,False
Veo,63610c90-d88d-5f84-b781-e3fec146ae8a,bicycle,39.954032,-82.949415,,8.09,True,False,False
Veo,63703019-fadb-5feb-8eb6-f01bddbde5ea,bicycle,39.980689,-82.998084,,25.12,True,False,False
Veo,9ffa7601-08a7-5919-8c55-064570536351,bicycle,40.030735,-82.962225,,28.14,True,False,False
Veo,f87c34fa-4032-5315-bf54-25efd7d5714f,bicycle,39.944398,-82.950211,,14.17,True,False,False
Veo,cf77cdbb-69e5-5ca3-b16e-a26022f9dc20,bicycle,40.0056,-82.973918,,28.14,True,False,False
Veo,298fa300-478b-582f-ae5d-d87b2cf0bf5f,bicycle,39.995975,-83.000745,,27.77,True,False,False
Veo,a60003eb-3c7a-59e6-af88-788b005bdc42,bicycle,39.957406,-83.011395,,28.14,True,False,False
Veo,4962078a-20b0-5495-8ce1-17aa3b5f5048,bicycle,39.957447,-83.011336,,28.14,True,False,False
Veo,a38d4004-7168-59c3-8615-ddda0931785c,bicycle,39.953477,-82.982163,,17.37,True,False,False
Veo,80905250-3138-51f9-ae38-023c202bb688,bicycle,40.014829,-82.948702,,28.14,True,False,False
Veo,0f434201-d808-5d2e-a37d-3dfc4144de93,bicycle,39.977296,-83.004817,,26.25,True,False,False
Veo,b16b2fcd-76b7-5027-8014-6aa4877e29fc,bicycle,39.954424,-82.989498,,13.64,True,False,False
Veo,272483c5-3107-5353-b867-5f8aed815f70,bicycle,40.03255,-82.987862,,17.89,True,False,False
Veo,0c946b4b-1918-5ae5-ac93-a384aad842df,bicycle,40.011497,-83.003205,,13.64,True,False,False
Veo,090b0a9c-5c27-5636-9eae-eaee95a905e3,bicycle,39.958952,-83.012729,,28.14,True,False,False
Veo,ad6ea7da-f9e6-50d7-96db-8510b2734efb,bicycle,40.002693,-83.015729,,10.51,True,False,False
Veo,671bed32-c0af-5abf-9c31-082850926d2e,bicycle,39.957745,-82.986143,,28.14,True,False,False
Veo,85d05bb8-837e-5607-b993-0b6adae6c2dd,bicycle,40.000753,-83.014284,,28.14,True,False,False
Veo,58f4f088-0ca7-57b3-8a0a-bde0d8c3eb91,bicycle,39.998167,-83.01603,,14.86,True,False,False
Veo,d707853c-ec5f-5bc6-b269-d470e9a074fe,bicycle,40.004612,-83.013388,,13.64,True,False,False
Veo,d30721fa-2e79-5120-b8b3-f004562fa628,bicycle,39.996425,-83.011672,,19.39,True,False,False
Veo,a1461f94-f852-5ff0-9cdd-fde0c05ca30b,bicycle,40.009194,-82.966508,,28.14,True,False,False
Veo,e32ea819-2ec3-5fbe-a328-a27c15558a36,bicycle,39.948983,-82.953425,,24.84,True,False,False
Veo,f9a17c67-d3bf-59a8-9973-8215ec6446dd,bicycle,39.98842,-83.076247,,28.14,True,False,False
Veo,ff3f022e-3f64-56e1-8ea4-03fedb4e1a06,bicycle,40.073754,-83.044004,,28.14,True,False,False
Veo,22f2a8c1-dd25-5cee-bad9-1199beee49bf,bicycle,39.948587,-82.98503,,18.67,True,False,False
Veo,829a4e8b-f0ad-56d8-8b82-edb4ef6791d7,bicycle,39.957429,-83.011329,,28.14,True,False,False
Veo,59335d0a-6ece-5efc-b618-45126d6e6572,bicycle,40.068283,-82.955002,,11.59,True,False,False
Veo,a2c55583-60c7-5742-b1f3-238172c0861f,bicycle,39.993881,-82.924459,,22.7,True,False,False
Veo,ac02ade7-a8e8-538e-b7b6-18db070f001a,bicycle,39.955805,-83.035306,,12.28,True,False,False
Veo,9152c598-9e31-5ccf-a23c-35c713ef0919,bicycle,40.017673,-82.969743,,28.14,True,False,False
Veo,79a777c6-2009-562d-b937-c1df5ed3efd9,bicycle,39.999809,-82.97611,,25.94,True,False,False
Veo,cd4665f8-b86f-5405-83d3-58348c61c0c1,bicycle,39.962009,-82.997895,,13.64,True,False,False
Veo,05e8c1cb-fcdd-5a3f-8b33-2cf98f89a70a,bicycle,39.960063,-82.990031,,25.74,True,False,False
Veo,72f45ffc-77d7-5882-8e5f-576d9b777040,bicycle,39.966318,-82.975102,,11.83,True,False,False
Veo,bf8660d3-d1ae-5ca7-8ca9-c4750f57f61e,bicycle,40.045143,-83.049243,,3.67,True,False,False
Veo,c4c5d8ce-2a61-5694-8a84-6f7e78b8c32c,bicycle,40.051609,-83.047117,,19.78,True,False,False
Veo,6737b11e-243c-5cdb-ad9f-df8bc1cf0ef0,bicycle,39.943916,-82.887005,,27.77,True,False,False
Veo,4d7bb786-086d-50a2-92c3-ec81831db1a4,bicycle,39.969008,-83.001035,,12.52,True,False,False
Veo,84e11ede-3000-5845-a537-a697f1094ca1,bicycle,39.998201,-83.019954,,24.84,True,False,False
Veo,35585488-353b-5391-9bda-add70abd58d9,bicycle,39.994207,-83.02177,,8.78,True,False,False
Veo,f7383e63-3620-5482-8180-94c543fe11ce,bicycle,39.98728,-83.011395,,18.67,True,False,False
Veo,569eee08-21e3-5e21-aab1-f0564364338f,bicycle,39.953625,-83.060981,,22.05,True,False,False
Veo,84c0d6ad-43ee-5b97-949f-0ff496c24291,bicycle,39.93585,-82.969824,,24.33,True,False,False
Veo,9b5eb8d4-1dd4-520b-996a-19f82f57cc0c,bicycle,39.994001,-82.983331,,28.14,True,False,False
Veo,2a38a1d5-bdd5-5ce8-a485-f0f6d139ac1b,bicycle,39.996024,-83.015943,,24.84,True,False,False
Veo,b39a3da8-14f4-5076-8a67-69f1eda4142a,bicycle,39.984876,-83.037239,,28.14,True,False,False
Veo,86c866a8-79ac-5faa-823a-cab47c38139f,bicycle,40.001359,-83.003747,,18.19,True,False,False
Veo,2c8d1ef4-3560-5239-b2c0-c56a5a13772c,bicycle,39.964595,-83.001042,,4.14,True,False,False
Veo,b9a4a545-8ab4-5739-a146-44d4f7508b43,bicycle,40.00461,-83.015735,,24.84,True,False,False
Veo,c29a69f8-ae6b-565e-a3fb-525db21a355d,bicycle,39.929971,-82.99299,,24.06,True,False,False
Veo,a97aa4d2-c540-5b33-86ed-2c9111e5daaf,bicycle,39.965309,-82.969451,,10.51,True,False,False
Veo,0290ddfb-dcb8-5c26-a7ae-3af9380e2eeb,bicycle,39.936978,-82.982818,,21.15,True,False,False
Veo,13cad362-e20a-59ca-9848-65a8fab9cbe2,bicycle,39.985234,-82.98136,,15.18,True,False,False
Veo,3262fe2f-a97a-59f3-824b-51bf306694ac,bicycle,40.025266,-83.025351,,18.67,True,False,False
Veo,d32ec2be-b459-5925-b8dd-2ac5e371c273,bicycle,40.000693,-83.003087,,21.49,True,False,False
Veo,d8c4b13e-ed7f-5fb6-9d01-abeb57119d74,bicycle,39.946877,-82.945622,,11.59,True,False,False
Veo,91a958f3-e573-5358-b689-8a4b8099284b,bicycle,40.01895,-83.025638,,9.97,True,False,False
Veo,4c27beed-d272-55bd-8fba-a19450daf61a,bicycle,39.92732,-82.971584,,9.97,True,False,False
Veo,78543d49-3bb6-52fb-846c-797c46be31f9,bicycle,39.932802,-82.997341,,28.14,True,False,False
Veo,889bc628-a08c-5e97-a88f-4e22f0674a89,bicycle,39.936177,-82.960033,,13.64,True,False,False
Veo,e1486a57-906a-5090-9ed7-3e7f72e6e110,bicycle,39.93961,-82.925439,,15.45,True,False,False
Veo,3bfe0a00-e1a4-5271-bfdc-f67ed899f974,bicycle,39.980709,-82.991993,,25.12,True,False,False
Veo,dca64146-1e57-5edc-9cf1-3dee0c77a462,scooter,39.991623,-83.010682,,17.89,True,False,False
Veo,01bac66e-16cd-5cac-ae75-e756b01f05c7,bicycle,39.944176,-82.96786,,28.14,True,False,False
Veo,37a9eecc-03c2-59ef-a4d9-a5dd1d0c0da5,bicycle,40.03888,-82.995529,,25.94,True,False,False
Veo,a1368ebc-5fba-5df8-a7b0-40d9903463a2,bicycle,40.04724,-82.944333,,15.18,True,False,False
Veo,385dea5b-a2ee-52a9-988e-6d098641ae51,bicycle,39.938947,-83.11609,,2.55,True,False,False
Veo,efb869d9-5b32-59e6-a3eb-9f213323dff1,bicycle,39.987198,-83.029628,,15.18,True,False,False
Veo,cbf712d1-ac14-5345-990f-3eb8706dace9,bicycle,39.931267,-83.107128,,28.14,True,False,False
Veo,822a9545-3c13-5637-b0a4-ea9cb319a5cb,bicycle,39.967039,-83.027971,,6.31,True,False,False
Veo,c0562a4d-7115-5346-9e77-26d4dcc312e1,bicycle,39.93763,-83.113406,,3.67,True,False,False
Veo,a87208e8-1398-541e-a7da-e83fff26017c,bicycle,39.937474,-82.97548,,6.98,True,False,False
Veo,c4bff108-fcf2-5c6b-b19c-c1127e08a4a5,bicycle,40.100743,-83.115414,,14.86,True,False,False
Veo,a9ed96df-43a6-5a68-a486-cf3fd4add5fb,bicycle,39.961978,-82.989767,,23.77,True,False,False
Veo,c3d26f67-9d38-5618-b1f7-067d7b23084e,bicycle,39.957233,-83.070501,,13.86,True,False,False
Veo,f77bfd49-b561-52e1-a618-37155d1474bf,bicycle,40.066792,-82.916819,,8.09,True,False,False
Veo,f3b4a92c-1a21-5289-a99a-d122edd409bd,bicycle,39.935887,-82.949976,,15.45,True,False,False
Veo,774e67df-489c-5a24-8d49-e8c907e8007c,bicycle,39.95119,-83.000485,,15.18,True,False,False
Veo,2768ee05-b20e-595e-abd6-7cb104c6ae45,bicycle,40.016811,-82.95682,,12.07,True,False,False
Veo,dce817be-4c3c-5d15-b322-30fafbd7d4d5,bicycle,40.031959,-82.964063,,0.33,False,True,False
Veo,6a22ef5b-105b-50e1-8136-6a0ed4904fca,bicycle,39.948247,-82.997843,,28.14,True,False,False
Veo,37ca8c87-6431-582b-b5f0-02371c17a870,bicycle,39.962141,-82.982063,,28.14,True,False,False
Veo,0c648a4f-2aae-5eab-8bc4-39f16fedd2a5,bicycle,39.97788,-82.963937,,12.87,True,False,False
Veo,93f22b3e-70cf-5577-bc3f-dacbb3ae2af4,bicycle,40.034579,-82.99187,,12.07,True,False,False
Veo,778698c7-a75e-5b60-a169-4f0608244ace,bicycle,39.977864,-82.963921,,25.12,True,False,False
Veo,9cc9291a-2995-5c53-a895-a29291a916a3,bicycle,39.929447,-82.984163,,18.67,True,False,False
Veo,ed24bdec-bdc3-5261-89d7-a1fa581aa930,bicycle,40.022271,-82.988945,,26.78,True,False,False
Veo,d844ae1c-6a3d-5424-8609-f68e8daf033a,bicycle,40.098856,-83.114472,,28.14,True,False,False
Veo,578ac67d-c06c-55c8-82b9-c5a4feb5c733,bicycle,39.922551,-83.034502,,22.7,True,False,False
Veo,6bb114db-b211-5408-8b7b-ddbc287fb801,bicycle,39.956308,-82.977736,,25.34,True,False,False
Veo,9f7d8b5a-9554-5e8a-9e7f-693dd3721bd2,bicycle,39.941797,-82.983375,,28.14,True,False,False
Veo,8702fce7-8cbf-5dae-beb1-631f4cde9f2c,bicycle,39.930047,-82.987961,,9.65,True,False,False
Veo,61701ef7-4b97-5310-bc4e-a6ffb5677fb4,bicycle,40.007359,-83.008839,,28.14,True,False,False
Veo,22def236-bf32-5a25-899d-e214b631cdbf,bicycle,39.941462,-83.067732,,12.28,True,False,False
Veo,788b9ec8-2e39-5111-832e-e9e9104239b9,bicycle,40.00130422,-83.00394622,,25.34,False,False,True
Veo,03a6302b-c46a-5fba-ac0d-21b1a0786faf,bicycle,39.907123,-82.96021,,2.12,True,False,False
Veo,f2f8b868-18e8-500f-a5a2-6ce98fdb6f3d,bicycle,39.946525,-83.054949,,10.51,True,False,False
Veo,94278a73-6879-5a61-abc9-23847aa66d19,bicycle,40.006276,-83.016704,,7.29,True,False,False
Veo,fdc2e3d6-9b1d-5a7c-8946-be74f205db6e,bicycle,39.990245,-83.109316,,8.78,True,False,False
Veo,5c22583b-4dbe-5a99-9640-912034a7cb2a,bicycle,39.976273,-82.979234,,2.55,True,False,False
Veo,25cde617-30cc-567c-89ed-648f184d356e,bicycle,39.993989,-82.983382,,6.67,True,False,False
Veo,66aa2fd8-7008-55a3-ae29-9ae2428e727f,bicycle,40.007608,-83.011977,,22.7,True,False,False
Veo,a8601cce-e42d-51ea-b5c7-02dcacfe6e00,bicycle,39.998474,-82.986436,,20.37,True,False,False
Veo,5b049c81-8526-556a-80a8-1a9176f16f04,bicycle,39.980183,-83.005785,,27.18,True,False,False
Veo,25822e24-a1fd-514e-96f3-91762e34cfce,bicycle,40.096915,-83.113937,,25.34,True,False,False
Veo,f86054e5-59ef-5857-af94-e965b8279f51,bicycle,39.923613,-82.988396,,10.79,True,False,False
Veo,fc308cae-484a-5495-a2fa-71b8848420ff,bicycle,39.980696,-82.998981,,21.15,True,False,False
Veo,492b3388-fcb6-5fb9-a531-853d72743955,bicycle,39.95173030342359,-83.08965657253488,,15.18,False,False,True
Veo,f276f6cb-3db1-5166-9fe8-3f06bfe8dd6c,bicycle,39.94152,-82.99721,,28.14,True,False,False
Veo,265dad1d-d2e1-5cfd-8d0e-416f15d275e9,bicycle,39.99315,-83.009635,,27.77,True,False,False
Veo,367b2773-6cb5-5724-bc88-d92dcc0becdf,bicycle,39.97442,-82.906716,,19.05,True,False,False
Veo,d96c960c-d2e7-532b-8867-b56d9b4610fc,bicycle,40.007117,-82.996532,,27.44,True,False,False
Veo,cc4e5e5c-5961-578c-8503-64160dbc07e8,bicycle,39.99864786,-83.00701844,,26.25,False,False,True
Veo,1789b623-fe7e-5b72-98e1-ad181aa3c157,bicycle,39.921386,-82.950493,,1.56,True,False,False
Veo,00d8ac58-77a2-5ca5-b825-f2c647a1b0c4,bicycle,39.97854,-83.012285,,28.14,True,False,False
Veo,d2fea8c0-f42a-5b03-98da-1114b83b27e9,bicycle,39.963666,-82.963843,,15.45,True,False,False
Veo,59f4fa88-b55b-57e0-9e04-db4de0e77f94,bicycle,39.991479,-83.00892,,12.28,True,False,False
Veo,85a6fd31-cc56-5041-b3da-9ea714daff98,bicycle,39.943401,-83.056019,,28.14,False,True,False
Veo,b861fad9-05db-5195-be07-95e80031de9b,bicycle,39.953586,-82.92371,,5.27,True,False,False
Veo,74064723-5ce1-5851-b20a-7e4da302d59a,bicycle,39.952103,-82.982654,,27.02,False,False,True
Veo,1a8bc247-1a0b-56e8-aa45-c8936d54be60,bicycle,39.96052,-82.995877,,12.63,True,False,False
Veo,d17d5d80-2887-5562-b4e1-b1ca7e59a655,bicycle,40.104637,-83.134344,,9.65,True,False,False
Veo,d6f1c4a9-3499-5bad-b9dc-ace08975c8f9,bicycle,39.981899,-82.98288,,23.33,True,False,False
Veo,f1f2f69d-647e-574d-a901-ccc6e979cb4d,bicycle,39.934443,-82.984486,,6.67,True,False,False
Veo,b484e1d9-b38f-509a-a5ba-d358ff796878,bicycle,40.010314,-82.969552,,8.78,True,False,False
Veo,c53bd4f4-da8c-5d1d-b550-e227a6cda0da,bicycle,39.98371,-83.00015,,7.62,True,False,False
Veo,b7ca8d22-5dad-58aa-b23d-c8d241bee285,bicycle,39.995827,-83.013311,,15.45,True,False,False
Veo,79f5de22-8254-52c4-a78e-6d68c329b71f,bicycle,40.067905,-83.08952,,14.86,True,False,False
Veo,e8889fd6-d3f9-554e-a722-e99d0c90d5b0,bicycle,39.955909,-82.945279,,2.55,True,False,False
Veo,c56cbd04-5427-5c85-891e-c5d058c2cf46,bicycle,40.010249,-82.968726,,16.39,True,False,False
Veo,485cda12-c546-5d85-a587-8ed3405204b7,bicycle,39.940781,-82.979264,,16.39,True,False,False
Veo,454934e3-a1ae-5ff5-98a1-d45123a14135,bicycle,40.109164,-83.114846,,25.94,True,False,False
Veo,ae32a1aa-b252-52bb-9f57-a087c49fda4b,bicycle,39.982458,-83.020484,,9.02,True,False,False
Veo,c3ddcdc4-aaaa-53a7-93ce-256b59403f5e,bicycle,40.00667,-83.048076,,6.98,True,False,False
Veo,a001cdd1-d629-5889-96e1-7773d811bb35,bicycle,40.017743,-83.01135,,1.83,True,False,False
Veo,5cb9295b-ab5f-5761-919f-e3c207c782b7,bicycle,40.001335,-83.003765,,28.14,True,False,False
Veo,9e6a5648-5ad4-52aa-95b2-9df2b2e1202a,bicycle,40.016982,-83.00201,,6.67,True,False,False
Veo,24267f8c-8c3d-5a46-bde6-d1f524bbe075,bicycle,40.004103,-83.020671,,28.14,True,False,False
Veo,a9876707-ac72-5e6d-8494-7f66a810029e,bicycle,39.936322,-83.121707,,6.98,True,False,False
Veo,c29b394d-38cd-5ee6-98b5-eb4af4c85cc3,bicycle,39.949064,-82.962076,,7.62,True,False,False
Veo,eb4d98cb-41db-5056-a693-5e7ba3130849,bicycle,39.959952,-83.072457,,15.18,True,False,False
Veo,255228d9-fcb5-5c4b-b7c9-d1149b4befb8,bicycle,39.947689,-83.041274,,12.28,True,False,False
Veo,c06796c8-e3fd-5140-b087-84d2a1e5b181,bicycle,39.975633,-83.014961,,25.12,True,False,False
Veo,b594229a-f72f-5d6a-b899-573a9afd451f,bicycle,39.997716,-83.015058,,28.14,True,False,False
Veo,fdb6a92c-3eec-5b5e-b355-91b110d9894f,bicycle,39.992255,-83.003152,,28.14,True,False,False
Veo,07cc6eb0-8652-586f-9b22-a10a4e47659b,bicycle,39.99714,-83.00836,,26.78,True,False,False
Veo,4117c362-a6c0-5311-aadd-fd0eb8335962,bicycle,39.997405,-82.99751,,25.65,True,False,False
Veo,0f674274-7e45-5a60-801f-a225c6006be9,bicycle,39.994405,-83.017301,,5.59,True,False,False
Veo,168b8a2b-e567-5176-a1a0-d78e35c239a8,bicycle,39.99499,-83.031831,,28.14,True,False,False
Veo,634963f5-100c-5ac9-8b5f-6f209dd169ee,bicycle,40.102192,-83.114239,,25.34,True,False,False
Veo,1fdb752e-29f6-5f10-b7c1-9a12de5356fa,bicycle,39.953212,-82.973642,,20.78,True,False,False
Veo,e1ee3081-7b4e-550b-a75b-de6c06125d07,bicycle,40.06206,-83.007731,,10.31,True,False,False
Veo,1fe95c7b-34db-54e2-89d8-9b0c3c9a9cac,bicycle,39.956742,-82.904522,,7.62,True,False,False
Veo,63f6a7fc-e091-599a-8818-ef8dd6601328,bicycle,39.986241,-83.000688,,28.14,True,False,False
Veo,cd7cb52b-485b-56ac-b7a0-0df9b25b6cda,bicycle,39.983322,-83.01686,,24.33,True,False,False
Veo,724b2af6-49c4-55e9-9c1b-78110dd8c6bc,bicycle,39.997768,-83.007507,,28.14,True,False,False
Veo,48d5eea9-32fa-51ce-ad9f-17e1e55ac25d,bicycle,40.004333,-83.026455,,25.12,True,False,False
Veo,3acac433-0692-55a9-b16b-924a69cba478,bicycle,40.000366,-82.996528,,10.51,True,False,False
Veo,9d693d39-8c3d-5d5a-bf71-34ee277e93aa,bicycle,39.951504,-83.026639,,25.74,True,False,False
Veo,4bf535b6-02c4-5a59-8910-6a6b0774d5fd,bicycle,39.959066,-83.025191,,28.14,True,False,False
Veo,319b7576-1ebf-5f58-b023-c76cfce09812,bicycle,40.00549,-83.011486,,9.97,True,False,False
Veo,e2bcfeca-7761-5a4b-8c3b-62c0cc7884fa,bicycle,40.015632,-83.01096,,14.61,True,False,False
Veo,e0241926-2208-5025-924a-e31d2ac0f93a,bicycle,40.056484,-82.994337,,22.05,True,False,False
Veo,ef24e399-b9f0-58ae-8cdf-e216fb979174,bicycle,39.961322,-83.016865,,25.74,True,False,False
Veo,c1a9fdf9-0713-5bc8-a4b2-ab970c35473f,bicycle,39.974037,-83.023086,,5.59,True,False,False
Veo,c206d2c5-b887-5322-aae6-e8ca789745b8,bicycle,39.99757,-83.001463,,28.14,True,False,False
Veo,39cb3d02-eb0a-52da-b3dc-86d4581df62e,bicycle,39.97222258566452,-83.00248472114673,,26.25,False,False,True
Veo,0a135263-e6c3-5f8f-a33c-3ad3fe8214f4,bicycle,39.988778,-83.025898,,15.18,True,False,False
Veo,dc9dde1a-c9f5-5128-9ddc-a757eed46580,bicycle,40.049056,-82.949896,,15.89,True,False,False
Veo,57093773-ad8e-57b8-ab19-169f9edb9abf,bicycle,40.005456,-82.9455,,14.17,True,False,False
Veo,8bc91e8f-c71c-5a30-94fb-0116aeeba21e,bicycle,39.969152,-83.076833,,15.18,True,False,False
Veo,585a4671-89e7-5dfa-8f3a-35c8590dc0c1,bicycle,39.945408,-82.877997,,12.52,True,False,False
Veo,57289ead-1c71-597b-89db-a4c40abc6437,bicycle,39.995495,-82.973795,,28.14,True,False,False
Veo,39446257-3c93-529e-9df6-1553bfec3565,bicycle,39.936993,-82.98275,,28.01,True,False,False
Veo,4d6611d4-b08b-5015-8ca7-142bb3fe57c7,bicycle,40.016052,-82.961248,,8.43,True,False,False
Veo,df51d947-79cc-5baa-b8e0-c41788bfaf50,bicycle,40.049889,-83.046731,,15.18,True,False,False
Veo,804ee70c-2872-5f31-a600-893d4169800e,bicycle,39.972161,-83.006938,,27.02,True,False,False
Veo,f861b67b-fbab-5e76-b19c-1c2165439f77,bicycle,39.93273,-83.06222,,21.77,True,False,False
Veo,f5fc82ea-a3b4-5c24-bd1a-3d075315d50f,bicycle,40.110039,-83.058111,,28.14,True,False,False
Veo,0f5d476f-1594-5f64-9508-2091c2cfae1d,bicycle,39.922648,-83.03449,,28.14,True,False,False
Veo,beb63491-1e3d-5aec-a9b4-7b9e58c3d6a1,bicycle,40.002755,-83.012185,,27.77,True,False,False
Veo,e385cc0f-93ba-5ea6-aa66-e65890dac5fa,bicycle,39.955799,-82.945375,,12.87,True,False,False
Veo,aab92b59-bd04-5362-9567-39c1f069a9c6,bicycle,39.967265,-82.97135,,11.11,True,False,False
Veo,6e950066-a8a3-5cf2-9a6f-3d6bfb6c7fac,bicycle,39.960851,-82.99455,,14.17,True,False,False
Veo,1e9736d3-2575-5dd9-b0b5-e28006ddccf0,bicycle,39.94704731098506,-82.9993672282022,,24.84,True,False,False
Veo,7b89306a-05e3-5fa1-abc8-10504929a18e,bicycle,39.960179,-82.95417,,8.43,True,False,False
Veo,e27d2f1f-0d90-5938-b036-0ed01a94bd09,bicycle,39.926293,-82.995064,,12.28,True,False,False
Veo,59502b9e-1232-5d0b-98cb-169125d682ab,bicycle,40.001795,-83.024871,,14.61,True,False,False
Veo,12bdc91e-9fd0-579e-bc88-4f32b10f5fea,bicycle,39.978762,-83.001875,,22.39,True,False,False
Veo,bdfc2b53-dec8-5b05-bb8e-5894652d6176,bicycle,39.965728,-82.996706,,4.92,True,False,False
Veo,d3ee2306-19bb-59b4-930b-e4a0ebb1507b,bicycle,40.007646,-83.013143,,25.65,True,False,False
Veo,218bad30-a772-5c1b-8540-b650f217f27f,bicycle,39.960342,-82.986946,,25.94,False,True,False
Veo,6cbd896a-48e9-523e-ba99-c8c8e7b64fa3,bicycle,39.961164,-83.029511,,22.39,True,False,False
Veo,dab801f9-5a59-5039-87e8-9d9b0b8fe6cd,bicycle,39.93986,-82.982057,,15.18,True,False,False
Veo,396effeb-e708-56dc-829f-933c48745f52,bicycle,39.978456,-83.002763,,14.61,True,False,False
Veo,51ddc611-925e-54ff-b452-9eea88ecd388,bicycle,39.996612,-83.042139,,18.19,True,False,False
Veo,b690ca41-7232-5503-8c24-eaf91f990dfe,bicycle,39.93757,-82.959671,,10.51,True,False,False
Veo,22ddf188-1b1d-5736-b805-1bcba7344bea,bicycle,40.061498,-82.913936,,25.65,True,False,False
Veo,a6fa59f7-f8f1-5efc-9326-2b49182eca8c,bicycle,39.974077,-82.958599,,6.98,True,False,False
Veo,dfb2d63b-02a6-5763-879d-560e8ad063aa,bicycle,40.004872,-83.012473,,17.37,True,False,False
Veo,5809c97c-3d3d-56e1-b102-f09c82a1af55,bicycle,40.005929,-83.018822,,9.02,True,False,False
Veo,6adcb55e-0f05-58d3-b55f-1b4cee98f850,bicycle,40.055408,-83.047661,,15.18,True,False,False
Veo,b01dbb0c-66e9-531c-a819-f37e8f57e197,bicycle,40.009102,-82.977202,,25.34,True,False,False
Veo,f87198ca-88fb-5c75-875b-0ae623f17b00,bicycle,40.103741,-83.110789,,0.85,True,False,False
Veo,e5d1a5be-114c-5f12-a91d-288bc47d6059,bicycle,40.039976,-82.966757,,27.44,True,False,False
Veo,412e5e2c-3838-5bc2-a1d8-8846ae6892a8,bicycle,40.038928,-82.998554,,27.44,True,False,False
Veo,18d30957-5456-593f-bfc8-05439315b01a,bicycle,40.067948,-82.934191,,9.29,True,False,False
Veo,44c5beda-f24c-5852-a8a1-48df17c1f81e,bicycle,40.042938,-82.927701,,7.62,True,False,False
Veo,04076853-a103-5b27-aeb5-fb7affe7d0b2,bicycle,39.94593,-82.961034,,25.65,True,False,False
Veo,0ef2e07f-2ca7-5c05-8eec-4810124e1dea,bicycle,39.977907,-83.004625,,8.43,True,False,False
Veo,d2e35781-5c57-5208-8128-6e450ab40547,bicycle,39.957424,-83.011379,,28.14,True,False,False
Veo,49c25be6-f3ec-564e-b0d5-8404fe86dcb0,bicycle,39.928246,-83.116667,,16.84,True,False,False
Veo,5292ebae-c0c7-538c-8c02-7833e640444b,bicycle,39.96326,-82.981351,,14.61,False,True,False
Veo,3667cad8-c11d-5028-a450-9b0f8756406d,bicycle,39.940921,-83.054358,,16.39,False,False,True
Veo,b2e4ad8a-1549-5b01-aed1-e39332d0fd45,bicycle,40.004885,-83.012788,,14.61,True,False,False
Veo,07398024-c5ff-52eb-b30f-6a18d7d95740,bicycle,40.00993,-83.007222,,15.18,True,False,False
Veo,8001cd2a-14be-5be1-a287-6773086f0e4d,bicycle,40.001315,-83.003835,,28.14,True,False,False
Veo,df23063e-ffcb-50cb-855c-536b52d5cacc,bicycle,39.945895,-83.009053,,24.06,True,False,False
Veo,7613e658-9e93-5e47-ba47-6a2829f5d340,bicycle,40.004713,-83.010752,,21.15,True,False,False
Veo,8bee3ebd-1725-5868-a6a0-82b4723fd0b2,bicycle,39.985477,-82.948496,,17.37,True,False,False
Veo,910f806c-964a-5042-9d8f-f8fef4b9e2d6,bicycle,39.963151,-82.950943,,12.52,True,False,False
Veo,6ef4e8d7-4419-5082-8028-55bee3167d6a,bicycle,39.97044778815115,-83.00255027625089,,24.84,False,False,True
Veo,201fe7cb-ac03-58cf-9b96-56e28938dc4b,bicycle,39.939776,-82.925345,,15.45,True,False,False
Veo,51f29945-59fe-58eb-b69f-d3bed3ba97ac,bicycle,39.964427,-82.876172,,14.43,True,False,False
Veo,0e97b75e-fd3c-5f41-b591-3c714ba19db0,bicycle,39.98401,-82.986876,,12.52,True,False,False
Veo,1ad03e93-7096-5258-9d84-212106e41654,bicycle,40.019485,-82.994349,,5.44,True,False,False
Veo,f6f9e3f8-5502-570d-ad5f-6eb719102927,bicycle,39.908221,-82.985561,,14.61,True,False,False
Veo,30253fec-a2a0-5928-a209-4dee40817114,bicycle,39.949331,-83.059716,,25.12,True,False,False
Veo,207cbe10-cfd4-5bd7-a5b3-0cf9b3978f7b,bicycle,39.953639,-83.061004,,28.14,True,False,False
Veo,bc6f45c7-406a-5f0b-985c-b8483ecdc42a,bicycle,39.983927,-83.00193,,22.05,True,False,False
Veo,d4f4f59f-da86-50bd-bdc6-b8b58c9bd960,bicycle,40.009968,-83.012375,,12.87,True,False,False
Veo,96317222-fc18-5efa-beac-b31a9f79ae93,bicycle,40.002948,-83.0128,,28.01,True,False,False
Veo,e4134ab6-92a6-510d-8ca6-3dc885051f03,bicycle,40.037899,-82.969831,,25.34,True,False,False
Veo,2b5aa163-d062-5ab6-b2dd-b034e3181b16,bicycle,39.995941,-83.019756,,14.86,True,False,False
Veo,de70a990-9940-54b1-b827-1c57cd8c36c1,scooter,39.996273,-83.017813,,22.7,True,False,False
Veo,e310b951-d50b-595d-bdb7-9182a21d28fe,bicycle,39.984176,-83.015386,,12.63,True,False,False
Veo,5c106da2-12b3-510e-86b2-d13747a29a4c,bicycle,39.923287,-82.956372,,11.83,True,False,False
Veo,bd1020b6-ecf0-5acc-aa7f-f3a3cca3a0b2,bicycle,40.004516,-83.00958,,21.77,True,False,False
Veo,a822c203-6f1f-5237-9b25-0337763b684d,bicycle,40.009334,-82.941007,,13.86,True,False,False
Veo,e4bf7a03-1a94-52e4-b21c-e85cd40cb0de,bicycle,39.987072,-83.072208,,28.01,True,False,False
Veo,b3ab28d0-25ae-5962-b4ea-ef3a7f2a384f,bicycle,39.980323,-83.010664,,12.87,True,False,False
Veo,828445a2-ac86-53c6-8906-774ed0b6cb42,bicycle,40.054321,-83.05487,,28.14,True,False,False
Veo,65b86893-d8a8-5184-b1ba-ff25658796e3,bicycle,39.991972,-82.998451,,28.14,True,False,False
Veo,7822918e-6142-5752-b877-4490db5cabec,bicycle,39.977221,-83.005055,,8.09,True,False,False
Veo,5cd4425e-e0b0-5fee-b56e-007cc6769875,bicycle,40.007323,-83.009128,,25.34,True,False,False
Veo,c8e00ef0-7d02-51d5-afb8-80fc78bd2ca2,bicycle,39.960319,-83.012727,,14.86,True,False,False
Veo,9a48d0b5-5b30-5ff8-91d3-4097ca0915de,bicycle,39.948961,-82.957946,,26.78,True,False,False
Veo,ff5c891b-4841-5d25-8c0c-daa8bd62d3bf,bicycle,40.00018,-83.00766,,13.39,True,False,False
Veo,fcb9a8e4-26e5-56bf-bc04-5f16dce65f7f,bicycle,40.015231,-82.979502,,28.14,True,False,False
Veo,c52b30df-953a-5a30-b43c-5d099f35a70f,scooter,39.95593270510013,-82.94530038227904,,0.0,True,False,False
Veo,867c2f2e-6b76-5321-b6e2-c2d01618e77d,bicycle,40.002995,-83.027366,,27.02,True,False,False
Veo,5942046b-6fda-57e8-b607-203b626d7012,bicycle,39.909751,-83.04241,,10.51,True,False,False
Veo,0c4b3781-69d7-5cc2-a73e-d225b1b1bb14,bicycle,39.976239,-82.963452,,16.39,True,False,False
Veo,5ca245fd-708c-53b0-94e5-fce38b7bf32e,bicycle,39.958983,-82.974676,,26.51,True,False,False
Veo,c799ac4c-50d1-54d6-8919-54252f54be51,bicycle,40.009508,-83.009414,,28.14,True,False,False
Veo,8408b81e-1c4c-5548-8cd7-3cb1485fd964,bicycle,39.983688,-82.999913,,28.14,True,False,False
Veo,4350888c-8e44-5e48-8ec5-b5304254fc6c,bicycle,40.000233,-83.009818,,21.77,True,False,False
Veo,de28e345-7d3b-5f1e-8004-41c6e0c6bc5b,bicycle,39.958808,-83.034251,,5.59,True,False,False
Veo,8f51c928-235a-58ac-a4c9-26ec75b9e5ab,bicycle,39.995205,-82.994443,,26.25,True,False,False
Veo,9b4100aa-08c0-53ca-9fd0-877dbc855527,bicycle,40.019695,-82.945738,,25.74,True,False,False
Veo,5bdf4cb2-0b80-5e48-8947-fe7412626356,bicycle,40.004001,-83.014252,,14.17,True,False,False
Veo,99957a23-f446-5f88-8dd0-1f6a9b67633e,bicycle,39.985488,-83.003122,,23.02,True,False,False
Veo,66a6fa2a-739e-58ff-9b0f-8ab38c4918ec,bicycle,39.974008,-82.964653,,14.61,True,False,False
Veo,73474178-e700-5c8d-a75a-088349e3f619,bicycle,39.938988,-82.979022,,27.02,True,False,False
Veo,d55e2c1a-66ff-53db-8e80-01b8a61ca3b5,bicycle,39.991321,-83.011019,,12.28,True,False,False
Veo,66729bfc-9c25-59ea-9ea8-f9e269e8e69a,bicycle,39.93951,-83.000144,,28.14,True,False,False
Veo,59568511-c34f-5e7c-a9b8-fd9abaab98cd,bicycle,39.976757,-83.000541,,12.87,True,False,False
Veo,8cedbcd0-ff9d-5462-8bbc-07c9c021ebb1,scooter,40.030471,-82.930008,,28.14,True,False,False
Veo,7a2e9281-9e76-52c6-903b-900b7f70bb83,bicycle,39.968291,-83.091996,,17.89,True,False,False
Veo,0743a783-13ef-56c2-a33c-117dc815b9b3,bicycle,40.064215,-83.076604,,1.83,True,False,False
Veo,8e4d83c5-627a-5e69-9873-7028fb8c15d4,bicycle,39.958637,-83.012844,,28.14,True,False,False
Veo,7de8c13c-0a76-56f4-98a6-c8f4c2fd8701,bicycle,40.015267,-82.979501,,14.86,True,False,False
Veo,7286ea14-d3a4-5ec4-adde-0819c7faa6e9,bicycle,39.905317,-83.074965,,10.31,True,False,False
Veo,b0c5c5d3-a2ec-52f3-b974-50e5dd722cf0,bicycle,39.95598352790699,-82.94526602930962,,0.0,True,False,False
Veo,8bf54b5a-9ee7-56be-98a5-d9b2322b34fe,bicycle,39.957267,-83.012623,,22.7,False,True,False
Veo,78e8c784-76b9-5870-9c7a-5e3d03987374,bicycle,39.979405,-83.01011,,25.34,True,False,False
Veo,5493fd75-b8e5-5eb9-b583-62555721cebb,bicycle,40.029581,-82.910745,,17.37,True,False,False
Veo,879ce5ec-cc38-59ce-b35e-a450e0649bba,bicycle,39.955882,-83.003111,,1.83,True,False,False
Veo,30be52e5-db2d-5bce-bae0-5c89d4f953dc,scooter,39.999773,-83.009694,,27.77,True,False,False
Veo,795ec510-03ff-5e8a-87be-88487a4af9c9,scooter,39.996432,-83.026632,,28.01,True,False,False
Veo,1941c69a-4ea7-5198-bff8-302761d10453,bicycle,39.956242,-83.026333,,21.77,True,False,False
Veo,61aa030b-2bc6-5215-a967-42a2ce73a0de,bicycle,39.992581,-83.005496,,28.14,True,False,False
Veo,3b7a68b8-0708-5064-93ec-b99db17e37c5,bicycle,39.959357969233196,-82.98433756063041,,11.59,False,False,True
Veo,aaadfd93-db5c-522d-b6c9-b1bcab65ffbc,bicycle,39.963209,-82.991272,,21.15,True,False,False
Veo,34dd3613-5c08-5da4-830b-6f8c4724d961,bicycle,39.945596,-82.963525,,26.25,True,False,False
Veo,26435ee5-112e-58b7-b1a3-12a7e8725729,bicycle,39.996081,-83.009752,,23.02,True,False,False
Veo,ce689435-e1c8-54f0-8f47-6733ad158d69,bicycle,40.011484,-83.01524,,19.05,True,False,False
Veo,fa079a71-28d4-5f2b-90ad-ed0ef7520645,bicycle,39.983867,-83.003668,,19.39,True,False,False
Veo,5094a390-f9de-5d90-a8af-c415419abe82,bicycle,40.061569,-82.957764,,28.14,True,False,False
Veo,2a59332f-7793-5356-8df6-15c337a9ab21,bicycle,40.000311,-83.010278,,25.74,True,False,False
Veo,608f1069-eca1-5ac3-9abf-d5978b9c21e2,bicycle,40.109474,-83.111254,,12.87,True,False,False
Veo,d388cdca-8ed2-54b5-9b27-08c8fd1cd65b,bicycle,39.955483,-82.97728,,22.39,True,False,False
Veo,9e4c5238-d753-535d-acd9-0fa03d479a59,bicycle,39.9891,-82.975489,,28.14,True,False,False
Veo,f84d4c65-70ba-5cfa-af0b-2a454de7ebd2,bicycle,40.015743,-82.960895,,28.14,True,False,False
Veo,e1039078-3c07-5c40-963b-d60eb316d951,bicycle,39.918164,-82.974278,,25.12,True,False,False
Veo,f9d8f421-4468-57cc-8342-dfc30ffee0ba,bicycle,39.994669,-83.03067,,28.14,True,False,False
Veo,771afafe-2fc6-5a7c-bcd6-83290bf42a09,bicycle,39.942203,-82.967845,,15.18,True,False,False
Veo,b424605e-8291-59a4-88f0-be9e77421c1d,bicycle,39.944739,-82.982787,,25.12,True,False,False
Veo,0de2bb3b-b719-53d7-afcb-505221ac3ef8,bicycle,39.949056,-83.03285,,10.79,True,False,False
Veo,b60916db-1603-5837-8c61-7782a8ecb90c,bicycle,40.006652,-83.008874,,28.14,True,False,False
Veo,edcde29e-8594-58ab-9b41-0bf5d07a89a2,bicycle,39.980763,-83.001985,,28.14,True,False,False
Veo,c1e5ce5f-90e5-50a2-a353-8c3b1e791377,bicycle,39.952176,-83.105703,,14.17,True,False,False
Veo,fa1b358d-e757-5af2-adc0-28b311caa6a1,bicycle,39.97034,-83.108024,,25.12,True,False,False
Veo,475cde73-1b84-5caf-8e29-0bd4b5c67651,bicycle,40.009382,-82.983162,,25.94,True,False,False
Veo,b110d80e-9179-5fb4-a689-e2000d1608e9,bicycle,39.875819,-82.964666,,28.14,True,False,False
Veo,2f32d5f7-8310-5c84-8059-ff1002b5bbe9,bicycle,39.917413,-83.087962,,13.1,True,False,False
Veo,60a0a254-a3d4-59c1-a9d0-020ceaa07f15,bicycle,39.978717,-83.001859,,24.06,True,False,False
Veo,7fc739cf-2cc8-5a27-8f9c-410dc93d543d,bicycle,40.005621,-82.973579,,27.44,True,False,False
Veo,e6a0c617-aee1-56b6-a6f0-03748d150d96,bicycle,40.055437,-83.047664,,6.98,True,False,False
Veo,e7fc1844-37ee-5e06-bd70-ca116a5ba930,bicycle,39.99557239543317,-83.00436817380032,,28.01,True,False,False
Veo,d2280160-0264-58d7-a8cf-9585458d05e7,bicycle,39.99394,-83.006687,,28.14,True,False,False
Veo,f4e3c38e-8d0f-5f2e-a0ad-b7f32d240e9a,scooter,39.998787,-83.02141,,28.14,True,False,False
Veo,af8d2774-42b2-5800-b04f-6e1f2ba93fbb,bicycle,40.032143,-82.943485,,14.61,True,False,False
Veo,0406c2ac-40b8-5223-b5d1-df4b8d2b4db0,bicycle,39.978487,-83.020887,,14.61,True,False,False
Veo,c9ea6aee-f532-5993-9379-4188987d1d8e,bicycle,39.978488,-82.95761,,28.14,True,False,False
Veo,ed4f5b8e-0842-56e7-9e0d-28092b859f63,bicycle,39.996247,-83.009541,,14.86,True,False,False
Veo,be5017a4-f90d-5739-8ef8-f5217864845d,bicycle,39.909723,-83.042396,,25.94,True,False,False
Veo,a4f90e36-e1ae-5796-b4fe-92be76fd1350,bicycle,39.959013,-83.000007,,15.18,True,False,False
Veo,8a5798be-4806-57ae-930f-c8a74bda7c9d,bicycle,40.013902,-82.97471,,28.14,True,False,False
Veo,cadc7b0e-be31-525d-a407-a0a8153f273c,bicycle,39.966265,-83.01985,,14.61,True,False,False
Veo,3971ff0e-b2b6-5e6a-b06c-40c59ff05802,bicycle,39.956414,-82.961673,,24.33,True,False,False
Veo,31eac449-eec3-5906-bd48-24fa0bacf31e,bicycle,40.001322,-83.003777,,27.44,True,False,False
Veo,2f446a91-c8b3-54dc-9432-2fb71cafcf70,bicycle,39.996406,-83.017957,,28.14,True,False,False
Veo,e4ebe541-d6c0-5ea9-aa70-452557f507cb,bicycle,40.032697,-82.991495,,13.86,True,False,False
Veo,999353f8-9e54-5939-bde4-43ce4a289a84,bicycle,39.985131,-83.014754,,1.83,True,False,False
Veo,fe7858f0-7113-5c97-b64d-b53704fa8e1f,bicycle,39.996037,-83.01123,,13.1,True,False,False
Veo,05d92f99-46cd-57de-a331-42064054aa81,bicycle,39.99454,-82.981023,,27.02,True,False,False
Veo,f76c8558-a11d-56a8-94eb-f965ad55fd94,scooter,39.94417,-82.981695,,26.25,True,False,False
Veo,25ff6cd1-47f8-51e7-80f4-866cbfff836f,bicycle,39.995756,-83.030038,,14.86,True,False,False
Veo,44bba088-5ddb-5a8a-b317-4b90e8cc3481,bicycle,40.000318,-82.973731,,11.83,True,False,False
Veo,d8493b0a-53b1-5f82-8065-b59d7bbc36c2,bicycle,39.993638,-83.005852,,12.87,True,False,False
Veo,aa46ce1b-3412-5f56-ac94-2a686ac9b5e7,scooter,39.986899,-83.009462,,24.06,True,False,False
Veo,222fdffb-ae51-5dcb-ad30-a4c7cd4decfb,bicycle,39.948215,-82.997768,,28.14,True,False,False
Veo,7cbfc566-4100-5ab0-9bcc-08579ca4cf89,scooter,39.965177,-82.989908,,25.74,False,True,False
Veo,9acc27a3-3d48-50a6-9862-7468d5110dfd,scooter,39.961202,-83.098311,,13.86,True,False,False
Veo,b2bdc8b7-f0ec-5c5a-a6a6-4efcde937997,bicycle,39.965665,-82.995488,,22.05,True,False,False
Veo,70316d99-eb30-5d4d-9ceb-be9a488754f6,bicycle,39.963514,-82.958146,,27.44,True,False,False
Veo,4d4ed6af-e66b-598f-bbe1-bc2533e5fdd7,scooter,40.002611,-82.997913,,28.14,True,False,False
Veo,a8fe4bb0-ab02-52fd-91bd-510e2a9db855,bicycle,39.922625,-83.034506,,13.64,True,False,False
Veo,a48ced92-388e-52f6-ba42-25ff56ce8621,scooter,39.985877,-83.028695,,5.68,True,False,False
Veo,e111bd5b-d782-5738-827f-2e37ee3e571e,bicycle,40.016915,-82.950788,,28.14,True,False,False
Veo,a2dbae18-ce1b-5514-9de8-a64c34800c7b,scooter,39.97034,-83.097394,,28.14,True,False,False
Veo,c26faa01-c63d-54b5-aa8a-9977b784c953,scooter,40.049297,-83.028894,,22.7,True,False,False
Veo,41215d3d-8a16-5ae7-99c4-8641b0075f08,bicycle,40.007665,-83.013151,,23.77,True,False,False
Veo,df4ae86f-abc3-5d0c-be41-c9b2136600ea,scooter,39.974382,-83.02236,,25.65,True,False,False
Veo,3aca7c7d-82b6-557e-b006-dafeadf3f512,bicycle,39.957453,-82.990113,,17.37,True,False,False
Veo,9a3158c2-b3e8-563a-b6e3-901fec14a0bd,scooter,40.004649,-83.014006,,20.78,True,False,False
Veo,46870538-214f-5756-a6a5-6301a38989b7,bicycle,40.019746,-82.955351,,20.37,True,False,False
Veo,b4ee0332-634b-5c05-8166-9cf70d8e22d0,bicycle,39.993265,-82.983003,,28.14,True,False,False
Veo,fd067e14-a4b5-556d-a03f-8a9cde888204,scooter,40.00394,-83.012954,,11.59,True,False,False
Veo,59e43e69-32c7-5b9c-ae19-38736e120ed0,scooter,39.988137262897084,-82.99607458462063,,21.49,False,True,True
Veo,8dba504e-f68b-54a2-b6dc-3627a2c0b873,bicycle,40.002717,-83.014661,,27.44,True,False,False
Veo,b52dc63a-cc2c-59a4-875a-e387c5519a26,bicycle,40.016078,-82.954448,,24.84,True,False,False
Veo,42ab78f1-a640-5469-8d0a-10b5241ece12,bicycle,39.960591,-83.013077,,22.7,True,False,False
Veo,e8ee13dc-45cf-5bfa-ae0b-d8baa91dbb69,scooter,39.998665,-83.021421,,28.01,True,False,False
Veo,7763d025-c90f-570c-93e7-7aa8834bc8a8,bicycle,39.968665,-83.075692,,3.13,True,False,False
Veo,83e62619-bade-5046-837a-2ba8ece33eb6,scooter,39.93515,-82.913631,,12.07,True,False,False
Veo,60438557-7c56-58fb-9a0d-085cac07f37d,bicycle,39.950883,-83.002738,,24.33,True,False,False
Veo,24b5c4ff-4066-5054-9c9f-e50bbe12880c,bicycle,40.016224,-82.962001,,22.7,True,False,False
Veo,5db0a548-ec25-5f3f-860c-2c77aa9de98b,bicycle,39.949459,-83.000714,,22.05,True,False,False
Veo,1f7fe9a6-d410-5612-b3df-dcfce1584389,bicycle,39.994239,-82.983424,,2.12,True,False,False
Veo,f1d330b1-97fd-557e-a1c8-0a4dd4f99530,scooter,40.004718,-83.01553,,25.65,True,False,False
Veo,11266911-939e-5705-bdb1-81218167c2e2,bicycle,39.940079,-82.976412,,5.59,True,False,False
Veo,e8a3cc91-8512-59ce-864c-f2847e820c81,bicycle,39.970415,-83.000911,,26.78,True,False,False
Veo,d0d54bdf-e94f-590d-b912-cffced03b757,bicycle,39.933966,-83.01383,,9.97,True,False,False
Veo,58719ae1-5fc6-527e-b0a1-e8958dea36a8,bicycle,40.102373,-83.110717,,27.44,False,False,True
Veo,ff9f286c-f2af-5b27-9916-e49ab850e899,bicycle,40.097984,-82.925085,,6.31,True,False,False
Veo,5267641d-277c-569a-aa73-3fa32185835e,scooter,39.935789,-82.995566,,24.84,False,False,True
Veo,040861c9-4e21-59d9-ab40-f6bf8c3f9faf,bicycle,39.94781,-82.967354,,27.44,True,False,False
Veo,7fe487ad-d3da-5193-8bcf-4eec914a5909,bicycle,39.995169,-82.980937,,11.11,True,False,False
Veo,bfa1586a-8829-5235-82d4-35a5cf4531fc,bicycle,40.018009,-82.987518,,26.78,True,False,False
Veo,b615ecc9-a000-5641-bc91-523cb4574584,scooter,39.906235,-82.985866,,20.78,True,False,False
Veo,c61ee4a5-1133-5ed4-8e98-545c70ee0c65,bicycle,39.996562,-83.027025,,27.77,True,False,False
Veo,8da768ac-2d33-54b8-8e72-b2e9ca65e427,bicycle,40.038373,-82.995555,,25.94,True,False,False
Veo,9f187ac9-f53a-5b99-a7b9-aefa1fe60b73,bicycle,39.997831,-82.998663,,11.83,True,False,False
Veo,cb55eadc-6dba-5fbe-9f5c-12bf9adea337,bicycle,39.995672,-83.012101,,24.84,True,False,False
Veo,cb20cefa-4cc3-5072-a64d-632d2d56e9c1,bicycle,40.008749,-83.000633,,25.34,True,False,False
Veo,9e833d7b-b2a7-5ea5-8757-934e92b77dae,bicycle,39.986781,-83.009414,,28.14,True,False,False
Veo,b70af965-3f5c-5127-928a-db0c1b89b059,bicycle,39.9431,-82.949533,,19.78,True,False,False
Veo,6ff5b3e5-1e8d-5da1-8950-16fd95590bfc,bicycle,39.972439,-83.008672,,23.02,True,False,False
Veo,e76a801a-7b6d-59f4-a3d1-45a156253e0f,scooter,40.007098,-83.019795,,28.14,True,False,False
Veo,accc9322-18df-5362-9093-7d37ff38d40c,scooter,39.995467,-83.014526,,28.14,True,False,False
Veo,110dedfc-758d-5dae-971d-a6c721df6215,bicycle,39.96084,-83.01124,,24.06,True,False,False
Veo,5ab75196-0c71-5fb7-992b-d6a0eda631a9,bicycle,39.984594,-83.014737,,25.74,True,False,False
Veo,fe116a41-5948-5723-b03a-0ccd55e011a1,bicycle,40.038888,-82.995547,,19.05,True,False,False
Veo,7ec6c374-42f7-5c36-9002-a56636bb6252,bicycle,39.997875,-82.998702,,28.14,True,False,False
Veo,86298a5b-615c-5281-9924-6979c504ce75,bicycle,39.955736,-82.945342,,28.14,True,False,False
Veo,6155fe02-31be-5264-aa15-6eb733e1f322,scooter,40.002903,-83.013698,,23.33,True,False,False
Veo,ffdef4fd-f0b6-57d7-8ee8-8e09d5ebcd14,bicycle,40.040579,-82.964049,,10.31,True,False,False
Veo,f445026e-cba6-551b-9363-a4e078f53f43,bicycle,39.951611,-83.111095,,9.97,True,False,False
Veo,7a141368-b9be-5a5d-b511-39a14c17e3a2,bicycle,40.012083,-83.010778,,28.14,True,False,False
Veo,380e586d-ee46-5679-832b-0c9a0ccde89b,bicycle,39.981438,-82.980255,,2.12,True,False,False
Veo,488a1e3e-c135-5f3e-ad75-bfe845663c8a,scooter,39.974537,-83.003346,,14.61,True,False,False
Veo,2de5728a-2674-5421-adf1-f4e3b7c33af3,bicycle,39.940635,-82.964995,,16.84,True,False,False
Veo,0e625c13-2afd-5570-82a7-387197d7b05a,bicycle,40.074785,-83.101393,,12.52,True,False,False
Veo,2fb8adfe-8dab-5fc5-a08e-e16b6f1bff00,bicycle,39.951472,-83.026703,,6.31,True,False,False
Veo,0251a86c-66e3-5cb8-b169-53aa54b421f6,scooter,39.999671,-83.019462,,28.14,True,False,False
Veo,6501abf4-6a30-5292-86f2-1068110df708,bicycle,39.942835,-82.950612,,25.65,True,False,False
Veo,f332e472-fba9-513c-8097-d9b27c4ff5cc,bicycle,40.054124,-83.005134,,18.67,True,False,False
Veo,a06ab260-1a63-52c5-b323-650efa0c7b1c,bicycle,39.932623,-82.997221,,27.77,True,False,False
Veo,e01b55bd-599c-594e-b6eb-8902aeca50ce,scooter,40.003944,-83.01288,,11.59,True,False,False
Veo,7229203c-5ea7-5d47-a980-363631e26c4d,bicycle,40.099272,-82.994218,,9.02,True,False,False
Veo,7ebd0fef-ea9a-56f8-9d5b-7b1a7f4d7cd1,bicycle,39.927355,-82.978768,,25.94,True,False,False
Veo,c5703244-f557-5f38-9070-b62ddac20689,bicycle,40.102365,-83.109661,,25.94,True,False,False
Veo,45d4b547-e891-5b6b-a1d6-0f34990c8dd2,bicycle,39.957611,-82.995198,,23.02,False,True,False
Veo,9e822394-23a5-5497-a884-b74aa81f9cd2,scooter,40.002399,-83.001036,,11.83,True,False,False
Veo,6cd3c362-b7f9-5baf-8e76-1b115114cf85,bicycle,40.016834,-82.989776,,14.17,True,False,False
Veo,43d614df-3ba3-5e09-9ed4-aae70d85de8f,bicycle,39.956275,-83.026344,,28.14,True,False,False
Veo,0959b225-d201-5463-a863-6911a4c85e62,bicycle,39.89625,-82.984092,,13.86,True,False,False
Veo,f017286a-b9c0-536d-8c24-fa555bd61332,bicycle,40.006384,-82.97308,,15.89,True,False,False
Veo,2abc0fde-4438-5190-bfc5-921ada15d4ce,bicycle,40.001351,-83.007427,,25.74,True,False,False
Veo,fd7e2208-e33f-5f8a-a4f9-ba4a4948b40a,bicycle,39.949798,-82.869856,,16.39,True,False,False
Veo,12f2c354-adac-5bbb-b05d-66f9c21de344,bicycle,39.949367,-83.022189,,8.43,True,False,False
Veo,7880f63f-febe-5481-964b-8ce86c07fbf0,bicycle,39.977181,-83.005052,,22.05,True,False,False
Veo,94619ae3-738f-5288-99c6-9337cd2101e0,bicycle,40.028349,-82.928522,,15.18,True,False,False
Veo,887f318b-d663-528b-ad88-eb5315098d31,bicycle,40.087224,-82.984142,,25.94,True,False,False
Veo,a3fdfe53-4492-5064-a354-0ad2db931a89,bicycle,39.98199,-83.010131,,28.14,True,False,False
Veo,e1aa0184-538a-503e-a2a1-3ab7e97c5db9,bicycle,39.944212,-83.043383,,24.84,False,True,False
Veo,ebadc0bd-832b-593f-b6de-5ab8cc7adc85,bicycle,39.994974,-83.005861,,25.94,True,False,False
Veo,f1658d82-395a-5bbd-918e-b85dceab4c15,bicycle,39.995166,-83.014827,,25.94,True,False,False
Veo,4eb4c57f-d9cc-56ca-ae74-b52f928bdd64,bicycle,39.927202,-82.949682,,25.74,True,False,False
Veo,39fec00a-6510-5c79-b0f1-5efb67d9b387,bicycle,40.001769,-83.005776,,28.14,True,False,False
Veo,8da78f9d-69d5-5933-b926-6cc9bd481ee6,bicycle,39.954676,-83.011728,,12.63,True,False,False
Veo,b69f766b-7a95-527f-b09c-205ed936fb86,bicycle,39.995805,-83.019979,,14.61,True,False,False
Veo,d50ef2e9-5b70-56f8-aa59-dd5ebe16171c,bicycle,39.950572,-83.021246,,14.86,True,False,False
Veo,0d6d4dad-1f4e-5693-b641-61e7c13f23b5,bicycle,39.957497,-82.990069,,14.17,True,False,False
Veo,a587a607-088f-559b-9c5d-e3bba99e423d,scooter,40.010369,-83.021221,,14.43,True,False,False
Veo,0c8b26e2-e73f-5ea1-bfb3-09f55a606a2c,scooter,39.963788,-82.980067,,10.31,True,False,False
Veo,289ef195-7c57-5584-9f35-2d1fd2d220c9,scooter,39.996319,-83.000763,,22.7,True,False,False
Veo,a6bf04d3-a6ce-5881-af76-4126dcce7052,scooter,39.993140000000004,-82.98224333333334,,28.14,False,False,True
Veo,8426de48-42b1-5557-a9f7-020c1dc92d54,scooter,39.995947,-82.999978,,17.89,True,False,False
Veo,25519352-d7f5-561a-a69e-eedfbc70ce39,scooter,40.000357,-83.025894,,13.86,True,False,False
Veo,b4759d0b-b2fc-55ac-ba2f-0540073c95bd,scooter,39.963421,-82.998391,,28.14,True,False,False
Veo,53ace6b6-2f6e-5cfe-94cb-2c834a43836c,scooter,39.961278,-83.042479,,14.61,True,False,False
Veo,64763aba-8c84-5ffd-8e3d-09e66744d865,scooter,39.927429,-83.09121,,22.05,True,False,False
Veo,1a25d7bf-8708-55ba-8b91-be7d14a6b04d,scooter,40.004518,-83.014182,,14.17,True,False,False
Veo,bb7d12a1-b5d4-5dd7-b3ef-7dfc6aff0203,scooter,39.965611,-83.00475,,28.14,False,True,False
Veo,a9ddf8cd-3f48-53da-926a-9ed5b483f41f,scooter,40.005584,-83.011524,,28.14,True,False,False
Veo,0bc2f49f-8eae-5a39-8a55-ed81459ad0fe,scooter,39.948205,-82.997858,,28.14,True,False,False
Veo,482f3553-e09b-5e82-8094-2fd0fc9b52a4,scooter,40.00393,-83.013515,,28.14,True,False,False
Veo,415be11b-6959-553f-aec8-a7d9a74b00b7,scooter,39.926016,-82.992588,,22.7,True,False,False
Veo,8cd2084a-3f79-570d-9a53-6a8f9ddfb220,scooter,39.957366,-83.032569,,28.14,True,False,False
Veo,fe871d00-2a18-5508-b1ce-7fd7814c6cbd,scooter,39.965679,-83.003161,,24.06,True,False,False
Veo,6913f2d5-9cd8-508a-b498-77d779f1411d,scooter,40.00471,-83.013829,,13.1,True,False,False
Veo,63c5021c-4b33-5327-a656-c75e6336f8d6,scooter,40.000023,-83.021003,,6.98,True,False,False
Veo,7470b631-bf22-544a-a017-ac541d6ba703,scooter,40.011928,-83.003633,,14.17,True,False,False
Veo,ddb44000-420e-5734-a766-bdacb09b529c,scooter,39.954788,-82.940861,,18.67,False,False,True
Veo,82af38e8-44b5-5697-8475-5ad5d8553d14,scooter,39.946668,-83.0673,,23.02,True,False,False
Veo,89f33892-e7fa-5da6-ba7f-146941aa6f64,scooter,40.002385,-83.015372,,18.67,True,False,False
Veo,30e6173f-679f-55f6-9204-184ce95574b3,scooter,39.991551,-82.995084,,7.62,True,False,False
Veo,63b323b6-7a68-5fc8-95af-ce3bce03c9b1,scooter,40.001143,-83.016014,,28.14,True,False,False
Veo,001418f8-c806-530f-b3ec-72e2659e1f2f,scooter,39.977831,-83.009068,,14.86,True,False,False
Veo,1abbbde2-6c27-5685-91aa-205d7fda4450,scooter,40.003794,-83.012895,,23.02,True,False,False
Veo,49f988d4-103f-55b1-a67e-e54268c2729b,scooter,40.065792,-82.967169,,28.14,True,False,False
Veo,ff474995-6ccd-5dda-a59d-eebf7a21c405,scooter,39.930501,-82.978407,,20.37,True,False,False
Veo,372f9ec3-67fb-56b3-9aed-095e798259cf,scooter,39.948969,-82.998139,,28.14,True,False,False
Veo,14ab929c-4412-5b25-8383-8d82e33b5aeb,scooter,39.992379,-83.010989,,7.29,True,False,False
Veo,aa392457-97b3-5e6e-96c5-5a0dc765d450,scooter,39.964372,-82.990714,,15.89,True,False,False
Veo,89196d64-ccb4-5a1d-bdfd-9250280f9ef9,scooter,39.940461,-82.983433,,28.14,True,False,False
Veo,f07907d7-be1e-5aea-8baf-65d406788a46,scooter,39.997293,-82.996163,,14.61,True,False,False
Veo,6d56b643-5cca-575e-b875-d39ebfe35e6f,scooter,40.021375,-83.027526,,26.51,False,True,False
Veo,6235074b-78f0-5717-a851-e2467de56e02,scooter,39.965153,-82.98994,,28.14,True,False,False
Veo,28fbe6e4-d183-5093-9c0c-f08d1678ec07,scooter,39.927653,-83.070283,,14.86,True,False,False
Veo,a176867f-0352-59ec-9dcb-9fbeff108dff,scooter,40.004115,-83.013097,,28.14,True,False,False
Veo,58c1facd-b1d2-5890-9561-ad9be9773aeb,scooter,39.982795,-83.004659,,27.02,True,False,False
Veo,9cd74ab4-6839-5d8a-85e8-1e7071325ede,scooter,39.949576,-82.971861,,24.06,True,False,False
Veo,cd4b7ce4-1310-5055-9f88-fad0eee4279d,scooter,39.959581,-83.00819,,28.14,True,False,False
Veo,2cde3b94-79cd-526d-b322-f3826bcbd1bf,scooter,39.947088,-83.056799,,28.14,True,False,False
Veo,ca9753f0-a81d-592f-9237-1c811cc7f108,scooter,39.970316,-83.097473,,28.14,True,False,False
Veo,9acd1119-4291-5fcd-ba8e-6c889ae4b151,scooter,39.954493,-83.005929,,9.65,True,False,False
Veo,088160e8-6ba5-57ee-90e8-1c510d232438,scooter,39.965836,-82.996853,,27.44,True,False,False
Veo,23f3e584-b5b9-5678-86dd-e5f3d09214ba,scooter,39.986185,-83.036344,,26.78,True,False,False
Veo,3a6c3473-8a28-54c7-90ac-6692e2e4b3ee,scooter,40.000506,-83.010225,,13.86,True,False,False
Veo,0ac0e506-75c0-560f-a33b-858050b89aa2,scooter,39.966359,-83.001091,,23.02,True,False,False
Veo,df658313-f5d3-56c0-a906-6f2f2f0fd633,scooter,39.975118,-82.882986,,18.19,False,True,False
Veo,419f23f5-e428-5956-9ea8-5a150063ab85,scooter,40.001281,-83.003707,,26.78,True,False,False
Veo,d9450785-2ba3-5b73-8802-ceae2ffce15a,scooter,39.974408,-83.022262,,16.39,True,False,False
Veo,e4b3fd1f-9b67-523c-8bf1-4d285bc2dff1,scooter,40.001303,-83.003785,,28.14,True,False,False
Veo,77d18e92-f56a-518f-9f4d-18aef7adc142,scooter,39.993923,-82.983398,,28.14,True,False,False
Veo,70228cc0-015e-5d3d-8e90-898c837ddf49,scooter,40.01372,-83.008233,,8.43,True,False,False
Veo,9c3581eb-5f4b-5a86-99d6-5c089753a692,scooter,39.986238,-83.005384,,13.86,True,False,False
Veo,f86d4390-76a5-5fe9-89f9-2c5764c27677,scooter,39.977147,-83.005071,,15.18,True,False,False
Veo,c22c53d4-c239-5942-afb6-72c0f06bb8e8,scooter,39.997956,-83.00778,,24.84,True,False,False
Veo,c2406cca-5b4c-5153-b75d-2843daf5da8a,scooter,40.015418,-83.03057,,27.44,True,False,False
Veo,9173b31b-91cc-50cd-b02e-084e50e8d53f,scooter,39.953123,-83.021628,,23.33,True,False,False
Veo,1a14529f-b371-5af6-9e5f-ed15b2f4dbda,scooter,39.998042,-83.002838,,9.02,True,False,False
Veo,c00f48ce-a367-577a-b325-487dd1ae0d24,scooter,39.965229,-82.994167,,27.02,True,False,False
Veo,fd5de06c-274e-51fc-9cd2-cf96038d9ef7,scooter,39.97400504143289,-82.97935550527527,,22.7,True,False,False
Veo,8654cbaf-78c1-5604-9474-b3166beca4d6,scooter,39.971256,-83.048737,,13.86,True,False,False
Veo,75978ebd-1242-5325-aef5-eac8d6465295,scooter,39.971884,-83.005402,,19.05,True,False,False
Veo,c1326f34-3c51-53f4-a887-4f4254cb5338,scooter,40.007398,-82.996167,,27.77,True,False,False
Veo,df186374-98bb-5497-9f87-62549df91d0e,scooter,39.976938,-83.011298,,28.14,True,False,False
Veo,a41b739b-4817-5b58-8340-eeaa287edc5d,scooter,39.980909,-83.004397,,19.39,True,False,False
Veo,b71914ae-e5d9-5d79-988a-ea8f4f314120,scooter,40.004899,-83.013422,,13.86,True,False,False
Veo,268c389a-cec9-560f-ac2d-fac3e354cb33,scooter,39.982497,-83.002837,,28.14,True,False,False
Veo,b2208081-e167-50a0-8360-99641472f119,scooter,40.003046,-83.027243,,25.12,True,False,False
Veo,3dcce1f1-009e-5db9-ada7-18f86a6e47e6,scooter,39.948189,-82.997829,,13.39,True,False,False
Veo,b91eb070-41c0-507f-b444-12fd1e050b86,scooter,40.005624,-83.011513,,28.14,True,False,False
Veo,4464eff6-9a75-5f5f-85fa-a9c082dc5472,scooter,40.000727,-82.986368,,28.14,True,False,False
Veo,5b716187-c8bd-5eba-a6bd-1b08c0a7611f,scooter,40.040821,-83.029383,,16.84,True,False,False
Veo,0c4c5e15-6f6f-5920-858b-a0f213bb0406,scooter,39.963205,-82.981257,,27.77,True,False,False
Veo,062c328d-4e5c-5462-97c3-44d893c8a545,scooter,40.003574,-83.014834,,20.05,True,False,False
Veo,948551e6-9ada-5b6c-b1b5-e74d6bc1be31,scooter,39.993944,-83.006756,,28.14,True,False,False
Veo,07f24018-b400-56c8-931b-495a76758e7c,scooter,39.995452,-83.014585,,28.14,True,False,False
Veo,f662ba6f-9060-55d0-bf86-66429aada12e,scooter,40.002322,-83.014213,,28.14,True,False,False
Veo,e9c4e03f-a0fb-5e13-90a7-2cf41b194ced,scooter,40.004044,-83.019504,,28.14,False,True,False
Veo,804ef9a7-ea09-5b76-a244-1431327282f8,scooter,39.963061,-82.949528,,23.77,True,False,False
Veo,765be854-1162-5b9f-9236-02428a7e4aea,scooter,40.002214,-83.023795,,28.14,True,False,False
Veo,097131a9-b602-50fa-9521-561d5e1bac07,bicycle,39.941676,-82.963806,,3.81,True,False,False
Veo,f12b99e9-e8df-54f6-8b27-ffff2841108a,bicycle,39.937943,-82.964106,,28.14,True,False,False
Veo,3a6aeb76-00de-585a-8a5d-5a9d2bade063,bicycle,39.928633,-83.063655,,1.15,True,False,False
Veo,1bf14885-cb55-5c83-bbe1-f5d8efa0e58e,bicycle,40.006906,-83.002823,,20.37,True,False,False
Veo,a78c2406-74b9-5c13-9c2b-7f1030deb897,bicycle,39.977879,-82.963853,,8.43,True,False,False
Veo,e2c6de18-fe24-56ac-b241-1c3534ac189f,bicycle,40.037866,-82.969851,,18.19,True,False,False
Veo,fa43ea07-ddfb-5759-bce2-1d23d78f1244,bicycle,39.97431,-83.022806,,16.39,True,False,False
Veo,0d2bcc54-8892-5a0d-a782-154f31b80e86,bicycle,39.979445,-82.946018,,5.68,True,False,False
Veo,9bbdebb8-353c-579b-a8ac-2a7446599fdf,bicycle,39.995486,-83.014561,,1.56,True,False,False
Veo,71730ea2-1d1d-5170-9ecb-832ac3751290,bicycle,39.958964,-83.012949,,16.84,True,False,False
Veo,d4830e5d-d4a6-542d-9366-2ec261d000a7,bicycle,39.999796,-83.003801,,24.33,True,False,False
Veo,624d3566-7ac8-513f-87eb-b03edd4b9d6a,bicycle,39.998052,-83.032437,,28.14,True,False,False
Veo,f2b6df18-66db-5a96-84cc-67982468e092,bicycle,39.977524,-82.977152,,28.14,True,False,False
Veo,3d877a17-3711-56c7-a42a-6a599f65f5de,bicycle,39.962669,-82.976934,,17.89,True,False,False
Veo,34f0ca34-ce3b-5077-8f8d-625feeeb1809,bicycle,39.990369,-83.012488,,12.63,True,False,False
Veo,aa36f007-e8b3-5e0d-aa5c-31744d4566b7,bicycle,39.943748,-82.983253,,28.14,True,False,False
Veo,0690e3e3-950c-5f8d-bd64-0b9d37ab92e8,bicycle,39.955905,-82.94534,,26.51,False,True,False
Veo,b58183c5-7330-5408-bdd4-47340ab8ace3,bicycle,39.956653,-82.973468,,26.51,True,False,False
Veo,6bb5369d-b451-5099-90c1-f30b8de64bc6,bicycle,40.014184,-82.97843,,15.89,False,False,True
Veo,8858bcac-48cc-56f8-9473-3752bfcdb3cc,bicycle,39.965156,-83.000976,,28.14,True,False,False
Veo,fde61eeb-6902-5634-84fd-cb0e311be8a2,bicycle,39.944287,-82.886681,,14.61,True,False,False
Veo,6cfee944-ea2b-55ce-af79-92effa9a8b2a,bicycle,39.987652,-83.01219,,27.02,True,False,False
Veo,cceb8fac-40ad-52b4-a99d-50e7f17e465c,bicycle,40.001902,-83.008682,,12.63,True,False,False
Veo,4c280f53-eb07-581e-91ba-43e7d4b8b42b,bicycle,39.945908,-82.985955,,25.12,True,False,False
Veo,ee603fa5-80c9-5359-a55c-463cc4139d07,bicycle,39.957526,-82.990063,,28.14,True,False,False
Veo,fd48067e-8bc6-5595-b498-2726e2a617bf,bicycle,39.96533,-82.961796,,25.94,True,False,False
Veo,1809a939-9df7-5c67-99e2-8ca154b72af5,bicycle,40.012652,-83.01292,,28.14,True,False,False
Veo,8a0eaa60-85a3-5a30-8d22-df15540d4931,bicycle,39.957532,-82.99005,,26.25,True,False,False
Veo,fa92b21c-83c6-52d5-804c-4d4715392b73,bicycle,39.953098,-83.053827,,25.74,True,False,False
Veo,c9e5354d-f661-5c29-85c9-1d97fb244a5a,bicycle,40.01978,-82.955693,,28.14,True,False,False
Veo,241f20d1-3f9b-5913-8131-c45c85111c2e,bicycle,40.00701,-82.969837,,24.84,True,False,False
Veo,b3f630d9-ea6b-59e7-ab15-2db8d450c06e,bicycle,39.963552,-82.999511,,25.34,True,False,False
Veo,3312b99e-bed7-5d48-b975-ce29e77f0284,bicycle,40.023451,-82.982108,,24.06,True,False,False
Veo,16ec2724-272c-5541-97a0-829733e70379,bicycle,39.972328,-82.97759,,21.49,True,False,False
Veo,9a9b39f0-eb6b-5433-b745-3139ba11f133,bicycle,40.088007,-82.950957,,8.09,True,False,False
Veo,351f84b9-b214-54aa-90ad-6346b4319e9c,bicycle,39.992961,-82.995229,,28.14,True,False,False
Veo,45772271-5864-5094-ac2b-cae0eba116cb,bicycle,40.033739,-83.01656,,28.14,True,False,False
Veo,ce7894d6-74e6-5734-8550-f3b0ddb3e315,bicycle,39.940602,-83.013413,,25.12,False,True,False
Veo,ff60e513-def1-5ee4-89cc-0c80196e1cbb,bicycle,40.015652,-83.007121,,14.61,True,False,False
Veo,7ffbc619-3236-55ab-9b51-d19e9b27a27a,bicycle,39.958233,-82.989949,,12.07,True,False,False
Veo,24f46424-2ba4-567b-bc84-352bcbd84944,bicycle,39.961256,-83.009515,,22.05,True,False,False
Veo,56d9cec7-0a18-55ae-8fb5-27fcadb11d51,bicycle,40.005163,-83.011405,,16.84,True,False,False
Veo,cd9e3780-d60e-5194-ba75-166511e483a6,bicycle,39.996093,-83.014931,,16.84,True,False,False
Veo,3faa6faa-2540-53d4-afb7-a6bcd94b07bc,bicycle,40.005596,-83.011441,,28.14,True,False,False
Veo,dc510285-59eb-58e3-970b-5dbea106e142,bicycle,39.950402,-82.99814,,20.05,True,False,False
Veo,19540d21-4f3d-52e8-a783-39ed39d4f494,bicycle,39.963199,-82.950956,,28.01,True,False,False
Veo,395c3898-a2dc-56e5-8a64-b28389e075e7,bicycle,39.931973,-82.877881,,28.14,True,False,False
Veo,c3cc5960-77dc-5a15-b9cd-c4ee10ef901a,bicycle,39.940534,-82.890116,,27.77,True,False,False
Veo,6e0a8213-ab50-5ec8-9ca7-24ff01461208,bicycle,40.051093,-82.963373,,8.78,True,False,False
Veo,290dd2af-14ae-5268-b24b-445b2d04396a,bicycle,39.998553,-82.993384,,28.14,True,False,False
Veo,c58d3826-ed10-5c6d-b511-7c91dd0e2b9c,bicycle,39.988436,-82.999384,,26.78,True,False,False
Veo,5798ad49-b3d6-5696-899d-3c9997fb9c96,bicycle,39.954263,-82.891793,,1.15,True,False,False
Veo,e6d776c2-39db-5fe4-8afd-957d6e89bd40,bicycle,39.937903,-83.11402,,1.15,True,False,False
Veo,609e03f8-771f-5515-a3de-0df3da693e49,bicycle,39.955651,-83.004441,,18.19,True,False,False
Veo,16c0bb1e-df11-508c-8345-2c4d44cdf270,bicycle,40.005659,-82.983223,,20.78,True,False,False
Veo,d4c9f866-8568-58c8-ba5c-140449ba2514,bicycle,39.901254,-82.956667,,20.78,True,False,False
Veo,0be559ef-d766-5e0f-abe2-041b375313c0,bicycle,39.966711,-83.011311,,27.44,True,False,False
Veo,1eadf6f6-e9a4-51c6-9fdb-e13ae0703c98,bicycle,40.000385,-83.021272,,12.63,True,False,False
Veo,2c3fc86e-d01a-5a00-a26f-61b42dd0ba12,bicycle,40.038917,-82.964529,,5.27,True,False,False
Veo,69b09163-a8f9-5d8a-96d9-4e4c04fb41fd,bicycle,39.99551,-83.0108,,2.79,True,False,False
Veo,748030c7-3ed1-59b9-8c8e-9736ddfca71a,bicycle,40.063603,-83.074859,,27.02,True,False,False
Veo,84748222-469d-5337-924e-c4570f851c31,bicycle,39.985626,-82.99539,,4.92,True,False,False
Veo,97b325c8-91ac-551c-a827-4a175db398b2,bicycle,40.005089,-83.011441,,22.39,True,False,False
Veo,49d303a8-5831-5e72-b2f5-90aa7fedc6f3,bicycle,39.933333,-82.970113,,9.29,True,False,False
Veo,324cb73c-480c-5a2d-82c6-59e96d8a50ff,bicycle,40.001342,-83.0037,,28.14,True,False,False
Veo,0078d4c3-5f7c-5d59-b2b3-d1499002cb26,bicycle,39.97766,-83.015085,,20.37,True,False,False
Veo,93f581c8-8a53-58da-afcc-8bc6109562d4,bicycle,39.978717,-83.004568,,24.33,True,False,False
Veo,6d69cdfb-8cd7-5cda-b31e-9676f92f0446,bicycle,39.966263,-83.00042,,11.83,True,False,False
Veo,43a7d46a-f349-5f7a-85f3-5c2400abfa0b,bicycle,39.931516,-83.07605,,11.59,True,False,False
Veo,b302c7ec-e807-5ee6-8e49-ef241eb52731,bicycle,39.987529,-82.980712,,14.43,True,False,False
Veo,1f33e9aa-773b-55e1-b44d-3528d1480c73,scooter,39.982139,-83.014177,,28.14,True,False,False
Veo,9fc5dc25-6e03-52f1-9c49-bc65e711e835,bicycle,39.98214,-83.014319,,26.78,True,False,False
Veo,6dc8596e-7080-5939-a95f-1277b89ad83a,bicycle,40.023020596381116,-83.08552829639605,,21.49,True,False,False
Veo,c53df5a5-238d-584e-88d5-b76b67b135be,bicycle,39.994764,-82.924461,,11.83,True,False,False
Veo,69638506-0a9a-5a1d-ae7c-eb9f69fb6801,bicycle,39.9558,-83.035324,,19.39,True,False,False
Veo,3ea1d234-b6e1-5770-a2b2-1c3321a06db1,scooter,40.040899,-83.014392,,16.39,True,False,False
Veo,e0724429-1465-5219-962f-0c6aef070ccc,bicycle,40.06191,-83.076907,,4.14,True,False,False
Veo,86ec795f-0af9-5c40-88d0-b29732b96d6f,bicycle,40.004019,-83.008075,,10.79,True,False,False
Veo,265502ea-5f70-5fa8-9699-fa560343dd4b,bicycle,39.95602728333324,-82.94522057287395,,0.0,True,False,False
Veo,8b73670f-f667-5dd7-9201-364eeee1a38b,bicycle,40.030947,-82.962415,,16.39,True,False,False
Veo,8d0eae90-dc6d-5f90-939d-4099c98c85d3,bicycle,40.00505,-83.011533,,28.14,True,False,False
Veo,75a31b81-2351-5688-9f94-deee1229cbd9,bicycle,39.948214,-82.997798,,25.12,True,False,False
Veo,23dfb010-fadf-53e6-aa55-b2c1b0ae4634,bicycle,39.902944,-83.056925,,28.01,True,False,False
Veo,6ca13f89-6cbc-55b5-9729-09a4184b46d9,scooter,39.972317,-83.003748,,14.61,True,False,False
Veo,97c412a5-e0d8-5c60-8c7b-72dc3d4cae74,bicycle,40.005696,-82.95391,,16.84,False,True,False
Veo,ca17cf5b-84d4-5ce9-9883-a4efe0fa1053,bicycle,39.946198,-82.955121,,28.14,True,False,False
Veo,150ab79b-b06f-5cc1-991e-9b3ba30b9025,bicycle,40.000795,-82.97417,,13.39,True,False,False
Veo,788e0f05-c12a-5fd3-8904-3d7081dd5869,scooter,39.94997,-82.960271,,28.14,True,False,False
Veo,d817fc7e-5bd0-5eba-aa8e-290494dd3991,bicycle,40.020731,-82.971184,,26.51,True,False,False
Veo,a1beb724-6ffa-5a7c-b5cd-c68addbefb84,bicycle,39.935181,-83.097454,,25.65,False,False,True
Veo,365fef8f-94df-5ef7-aebc-2b88d6acf054,bicycle,39.990772,-83.014494,,27.02,True,False,False
Veo,591067f0-1d6c-5b5d-aefe-7fd3a8907306,scooter,39.992094,-83.025845,,19.39,True,False,False
Veo,53ca28e3-b3d9-53d1-8aa0-07c01101d84d,scooter,39.957486,-82.990071,,25.94,True,False,False
Veo,b13a5290-b175-5a84-a65d-587166d553b2,bicycle,39.96201500161872,-83.00439884491287,,0.0,True,False,False
Veo,ae09c7ea-a55e-5ea3-a8ed-56884c9b3fbb,bicycle,40.000792,-83.014279,,19.05,True,False,False
Veo,e6a51ccc-be48-5018-8d51-3840b189664b,bicycle,39.994581,-83.006377,,14.61,True,False,False
Veo,5c809248-33ac-52c0-aa92-66a06aec9aeb,bicycle,39.995685,-83.047747,,13.86,True,False,False
Veo,263141ea-375e-54e9-8848-8e66ef4b4ee7,bicycle,40.007122,-83.005487,,28.14,True,False,False
Veo,96d78f73-d457-54e5-a419-3cb23ad150d5,bicycle,40.000104,-82.985796,,26.25,True,False,False
Veo,d1e6017f-ea66-55d0-8b41-96f949a19cc8,bicycle,39.974963,-82.998221,,19.39,True,False,False
Veo,2c2c77b1-3d21-50ad-b8cb-c5d002e3e6a2,bicycle,39.973373,-82.974878,,5.68,True,False,False
Veo,8746ab1f-0a8f-57f6-a7af-a71e7cffa11a,bicycle,39.955936,-82.945405,,28.14,True,False,False
Veo,2abd83e7-8a7e-523f-9c47-e53e713764fd,bicycle,39.972317,-83.004382,,14.61,True,False,False
Veo,b4532c4c-876b-52b4-b293-f82abc12201f,bicycle,40.002761,-83.012133,,28.14,True,False,False
Veo,b808e27b-3e7f-5419-bfba-b23fbe30f8d3,bicycle,39.974373,-83.022291,,9.97,True,False,False
Veo,b3fc5b46-5ba8-50dd-9771-27d0f6a7fe77,bicycle,39.945487,-82.937431,,17.89,False,True,False
Veo,92365706-28d8-5059-992e-4c3e9c8b5537,scooter,39.902189,-83.051387,,19.05,True,False,False
Veo,27fa2cef-304b-5796-81ba-9d74ba322f23,scooter,40.001259,-83.003768,,15.45,True,False,False
Veo,2b0c22fd-443d-5ddb-bbc6-0c4a06da636b,scooter,39.99148,-82.999303,,28.14,True,False,False
Veo,2cd7f485-d817-559f-9d8c-3fc1f5b82f10,scooter,40.000158,-83.015437,,28.14,True,False,False
Veo,3ce7aafc-e1d3-5c8b-b843-5d81d44f0c63,scooter,39.988182,-83.003428,,28.14,True,False,False
Veo,784d29df-33b1-58af-b529-84c56938f825,scooter,39.997316,-83.009338,,24.06,True,False,False
Veo,824eabeb-c416-55af-9e04-056f2661e7dd,scooter,40.006552,-83.019273,,28.01,True,False,False
Veo,3a7dccbf-d182-5b27-bdb5-d449c9fc5051,scooter,40.06481,-82.975015,,25.74,True,False,False
Veo,51a2422d-2f14-5ab3-bfa5-6f2451ade394,scooter,39.945887,-83.009048,,25.94,True,False,False
Veo,26f42526-8e0a-5fa6-8df4-ad521909adec,scooter,39.999289,-83.005193,,27.44,True,False,False
Veo,27784dc4-77a3-55f3-baa5-96c0926015cf,scooter,39.974395,-83.022344,,22.7,True,False,False
Veo,bb170928-df06-54b7-8052-477c8f99cbae,scooter,39.951874,-83.127606,,2.12,True,False,False
Veo,5b353151-d27e-5873-b0af-6a6e8e015483,scooter,39.95776,-82.998145,,28.14,True,False,False
Veo,fe899cc9-7bc6-5ceb-8977-92b522989db0,scooter,39.989195,-83.007253,,18.19,True,False,False
Veo,e07a1309-9081-58c8-81d7-1765fc2299e3,scooter,40.003726,-83.012912,,12.63,True,False,False
Veo,ae3ba516-24e8-56e7-95bf-0c9e80ea97d3,scooter,39.99406,-83.018987,,25.74,True,False,False
Veo,ace13f9d-92e9-5be5-990b-57d3b393a26f,scooter,40.012812,-82.972976,,28.14,True,False,False
Veo,18cc6597-5f26-5a2a-8b9c-353d371bc87a,scooter,39.950744,-82.95686,,28.14,True,False,False
Veo,ff3c9805-8398-5e90-833f-e4ed2f8fee21,scooter,40.005824,-83.005334,,25.74,True,False,False
Veo,a7963f45-9632-5a09-8c92-2e46cc1dbd41,scooter,40.033717,-83.01654,,28.14,True,False,False
Veo,7e580a3f-62f1-575f-b602-ec671bd11e08,scooter,39.998738,-83.021479,,27.44,True,False,False
Veo,a052c1c7-e6f5-597a-b53f-5da7464336da,scooter,40.018897,-83.025652,,15.45,True,False,False
Veo,aa3b5d35-a8a1-5a26-b8c3-4137a8ce0de0,scooter,40.037452,-82.999533,,28.14,True,False,False
Veo,35ab7a38-634c-5c62-a54e-9025852c8b14,scooter,40.004601,-83.012666,,24.84,True,False,False
Veo,975d1cf5-ec54-5219-9342-4cbb196ca32e,scooter,40.101016,-83.108229,,28.14,True,False,False
Veo,9d057513-49d5-5012-b50f-6289b4b403f3,scooter,39.956216,-83.016942,,27.44,True,False,False
Veo,f6a98152-1f59-50d7-abab-acf45e2a64e1,scooter,39.941973,-82.994933,,28.14,True,False,False
Veo,cb229cac-97ab-59c7-b86c-44fb258bcba4,scooter,39.997715,-83.002874,,28.14,True,False,False
Veo,be8655de-f643-5340-8f4a-984fb57deb23,scooter,39.953972,-83.015696,,24.84,True,False,False
Veo,e5f7d857-afec-5ff2-a654-e99c67cccc01,scooter,39.975232,-82.980517,,27.77,True,False,False
Veo,5ed14675-1993-5bc1-8bf6-dab81f34efb7,scooter,39.960107,-83.01186,,25.94,True,False,False
Veo,afe419c9-b4ff-5f57-8914-4ee89ebddb5c,scooter,39.998398,-83.021469,,15.18,True,False,False
Veo,23d0ccd3-6fc6-59fa-8078-4db1aae71edc,scooter,40.003031,-83.013861,,24.06,True,False,False
Veo,f222e4c4-2b04-5219-9e1c-aefe9a41cd66,scooter,39.992362,-83.010969,,28.01,True,False,False
Veo,0bb366c0-312b-531d-950d-d4280de2acd6,scooter,39.937578,-82.951277,,25.34,True,False,False
Veo,2355c8fd-fbde-5783-8382-3175a9f1ff5c,scooter,39.998249,-83.008084,,11.11,True,False,False
Veo,6a6adb7a-c090-5ed0-b183-05dacbc9038a,scooter,40.03836,-82.994217,,28.14,True,False,False
Veo,3a0eb0b9-f2e9-59e2-bc14-a65e4cad6b9f,scooter,40.014589,-83.011033,,13.39,True,False,False
Veo,e687998a-4753-5d5f-8a15-7637fe0968ca,scooter,39.993527,-82.981121,,27.02,True,False,False
Veo,8ae4a4c0-ddd0-59f4-82df-e831935d6422,scooter,39.998905,-83.039013,,25.12,True,False,False
Veo,305f83e1-ec4c-503b-8748-ab307a469651,scooter,39.969575,-83.00861,,6.98,True,False,False
Veo,5d5bd1d4-397e-53aa-be03-4ba73a8baaca,scooter,39.969838,-83.007429,,27.44,True,False,False
Veo,abb810bf-01ee-5266-8588-a36b23ce8bbb,scooter,39.99985,-83.006184,,6.98,True,False,False
Veo,94599310-7b32-5816-9bed-b680944133ec,scooter,40.001647,-83.015427,,14.43,True,False,False
Veo,8c0e3102-2171-5b0a-aa2b-ac85f210775e,scooter,40.002601,-83.018038,,28.14,True,False,False
Veo,a549e368-0ca3-5b5e-8cec-3c3766a75d7d,scooter,39.989958,-83.005619,,23.02,True,False,False
Veo,d9eaef06-5fc1-5e8b-b075-c1c9bb7e6447,scooter,39.99872,-83.009836,,24.84,True,False,False
Veo,299e2c0d-cdaa-5a2b-af76-cf2d2527bcd8,scooter,39.977392,-83.010968,,15.89,True,False,False
Veo,d31dc82a-3d72-5566-969d-f99759541a84,scooter,39.950186,-83.000192,,16.39,True,False,False
Veo,ec562a58-fe13-5fbe-8768-1cdc2594a817,scooter,39.998014,-83.007896,,17.37,True,False,False
Veo,4f25b02b-c5b4-52f8-a1fa-ab6876212193,scooter,39.938848,-83.116476,,28.14,True,False,False
Veo,e7f43442-82af-5fb5-9ff1-ca69afedda43,scooter,39.979573,-83.011616,,28.01,True,False,False
Veo,ce6119c8-fc23-5d4a-9c90-1d0060592e96,scooter,39.958617,-83.013248,,25.12,True,False,False
Veo,0418f20d-09ae-5044-a45d-132d38a3a15f,scooter,40.012717,-83.026594,,28.14,True,False,False
Veo,115fdcd4-f117-5e15-ac0b-fc865bcc41f9,scooter,39.963325,-82.998207,,28.14,True,False,False
Veo,e25b1aab-81c4-59e1-9a0a-05b079e493b1,scooter,40.01458,-83.011019,,17.89,True,False,False
Veo,1376a817-4834-593e-a2cf-c9452da95cf2,scooter,39.957419,-83.011399,,28.14,True,False,False
Veo,85ce4bb1-34d5-5533-85f8-ebfa30ece637,scooter,39.935369,-82.983502,,28.14,True,False,False
Veo,e7471fb2-301f-512c-8291-4dede3e2acb7,scooter,39.902948,-83.056904,,18.67,True,False,False
Veo,619ffc11-11cd-5ebf-a7b7-2db1db522a54,bicycle,40.014758,-82.970467,,16.39,True,False,False
Veo,9dc86576-607a-51b0-8da1-cc783b094bb1,bicycle,40.128696,-83.0955,,11.11,True,False,False
Veo,750544b2-5c79-534b-8fcd-d9216123d552,bicycle,39.89441,-82.985291,,25.74,True,False,False
Veo,69731156-8a50-5992-b631-c7ad5938135e,bicycle,39.98076,-83.005377,,6.07,True,False,False
Veo,1f9ef48d-2644-5a31-8b9c-fa91909cb4cd,bicycle,39.991487,-83.00896,,26.78,True,False,False
Veo,bb96eee0-3232-56ab-ba77-1e3a0b703208,bicycle,40.001343,-83.003834,,28.14,True,False,False
Veo,0a84d29e-dd35-5b45-9903-1a1a05143c0e,bicycle,40.008041,-82.970326,,22.39,True,False,False
Veo,bb0f2070-66c3-530b-97be-3251433d65a3,bicycle,39.995011,-82.937158,,0.33,True,False,False
Veo,b2f04b90-6288-534b-8064-03661f29dae4,bicycle,39.945898,-83.009112,,28.14,True,False,False
Veo,805660a8-9a4b-5d80-8f60-07e330e3e426,bicycle,40.001023,-82.991714,,26.25,True,False,False
Veo,d716b838-1159-54bb-b3cf-5bb16baafa2e,bicycle,39.965681,-83.00322,,23.02,True,False,False
Veo,5f75b2ca-ca03-5c6a-81a6-0d67a4e5368c,bicycle,39.955927,-82.94531,,23.77,True,False,False
Veo,37e60a78-e9bd-54fb-b382-0fb73c8aea1d,bicycle,39.970097,-82.954967,,14.43,True,False,False
Veo,7ad38932-32fa-5e98-91db-06ee7910beab,bicycle,39.880895,-82.977309,,28.14,True,False,False
Veo,051c25ee-1ced-5363-aaf5-05a2a38af2fd,bicycle,39.957777,-82.988419,,24.06,True,False,False
Veo,fa97a802-a56e-5ece-86f2-0a67054398df,bicycle,39.988814,-82.981301,,28.14,True,False,False
Veo,1f6cc488-5ebb-54fa-bc94-94fb5dc54687,bicycle,40.039606,-82.99072,,28.01,True,False,False
Veo,65e75c76-064e-5d62-b0e9-ed89dcd995ce,bicycle,40.011175,-82.967066,,26.51,True,False,False
Veo,361e9e18-a854-55bc-a4e7-e99ff3b3c87e,bicycle,39.913875,-82.954913,,10.51,True,False,False
Veo,cac4ea4d-b11c-55d0-9a1a-e29c9c36d111,bicycle,39.958669,-83.009325,,5.59,True,False,False
Veo,1a4a6942-8972-5870-b969-11c1d0baa927,bicycle,39.966178,-82.962153,,22.05,True,False,False
Veo,17d4cf5f-2434-5d33-95d5-37b70a369517,bicycle,40.023516,-83.032134,,9.65,True,False,False
Veo,ab1a30a1-7c95-5611-b958-44bf7a666d17,bicycle,39.913433,-82.994174,,20.78,True,False,False
Veo,38d126c2-cf6d-562e-bcee-6bbc90193b2b,bicycle,39.958582,-82.993079,,12.87,True,False,False
Veo,0d154c3f-fde7-5bc3-91ac-ead1be7b6e22,bicycle,40.006923,-83.002893,,27.77,True,False,False
Veo,3d7e386d-608e-5ec7-b43a-2b2d2f9ad955,bicycle,39.949587,-82.997311,,13.39,True,False,False
Veo,4a05e425-b9aa-55a4-8097-e1ecec0560e5,bicycle,40.033772,-83.016547,,19.78,True,False,False
Veo,9e76d97a-7d80-5cea-a741-943e883871a9,bicycle,39.969358,-83.03512,,14.43,True,False,False
Veo,6541cf46-d0b3-5b24-b077-39c8ef7cc28b,bicycle,39.960833,-83.06338,,25.94,True,False,False
Veo,df32a6da-e544-57df-82e4-6a91a5c4ad40,bicycle,39.958662,-83.012834,,28.14,True,False,False
Veo,24ac0e8b-830a-5645-ab71-34c7e264a949,bicycle,40.00486,-83.005863,,25.94,True,False,False
Veo,dfeb7912-83d0-5822-a3c0-e245462ee212,scooter,39.957465,-82.990032,,13.1,True,False,False
Veo,ceeb3405-8a63-5bc7-874b-8f2899e0b3d0,bicycle,40.090652,-82.987856,,1.15,True,False,False
Veo,720ed98f-5c9c-5edd-9984-6a74b247981d,bicycle,40.011437,-82.974131,,25.65,False,True,False
Veo,33358fff-f8ec-5944-bf9c-570a62f6b754,bicycle,39.97777,-82.963461,,14.43,True,False,False
Veo,5ec3d8e5-c351-568c-ba02-d22a0509fc05,bicycle,39.993948,-82.983331,,24.33,True,False,False
Veo,fa13e3eb-a98d-52f9-bd1e-684aef214cee,bicycle,39.978513,-83.002772,,15.89,True,False,False
Veo,3054402f-520d-59c5-88a5-4d531aae2548,bicycle,39.968582,-82.950093,,28.14,True,False,False
Veo,b12c6bc5-c45b-561b-84ca-e9e16e0420f4,bicycle,40.013528,-83.029157,,27.44,True,False,False
Veo,feaca93f-8983-5fa2-ab03-69c9b6a3d6a7,bicycle,39.972093,-83.002648,,6.07,True,False,False
Veo,c9161547-86f6-5f3a-a11b-6afdb93fda55,bicycle,40.019258,-82.994692,,26.25,True,False,False
Veo,c07d4c1a-af96-5185-8ec6-4341e6cb0ae9,bicycle,39.998134,-83.010673,,22.7,True,False,False
Veo,b5d473a2-9e13-5f37-b572-930141086c5f,bicycle,40.001255,-82.996538,,13.1,True,False,False
Veo,a4f9b6a1-a16f-5a83-a202-cc1ab5d77219,scooter,40.002336,-83.009997,,26.51,True,False,False
Veo,f67c656f-3695-5ef6-bed3-12fa90ad746b,bicycle,40.015058,-83.000237,,25.34,True,False,False
Veo,1cb4f585-bbf1-5702-9f48-9a34b6b2d8d1,bicycle,40.004444,-83.009699,,27.44,True,False,False
Veo,3a20352f-e24e-51a5-a339-0c1569d01983,bicycle,40.028277,-83.025868,,11.83,True,False,False
Veo,c9a0740d-6db3-53a5-8372-5bebcc7b2daf,bicycle,39.923437,-82.985464,,16.39,True,False,False
Veo,db292002-5737-5978-8a6f-cfa25e6cd45d,bicycle,40.000929,-83.014207,,8.78,True,False,False
Veo,f8e5d202-2120-5b80-894b-3fdf6b36d010,bicycle,39.948414,-82.940788,,1.83,True,False,False
Veo,9ad67a5a-9ab6-54f2-ab81-07e83cbac27c,bicycle,39.948784,-83.041464,,15.45,True,False,False
Veo,ac7928fc-6c38-56d0-af5d-5eacc7094f3e,bicycle,39.974444,-83.003465,,22.7,True,False,False
Veo,a6d42263-4691-5347-b4e5-ed645bf1637b,bicycle,39.998649,-83.021484,,24.06,True,False,False
Veo,251dfee3-a9d8-59e8-8659-43187ffe0cfc,bicycle,40.012526,-83.035454,,21.77,True,False,False
Veo,7172d5d6-33a6-587f-a336-56db84a9553b,bicycle,39.955421,-83.010447,,13.39,True,False,False
Veo,96a7968a-801a-59d8-abb4-5015f2177b76,bicycle,39.989072,-82.975693,,13.86,True,False,False
Veo,737fd28a-7466-5ddf-961b-3a62f6253e96,bicycle,39.98362,-82.996113,,10.51,True,False,False
Veo,e40a54cd-a1c1-513b-a074-544d065bf716,bicycle,39.983611,-83.0168,,14.86,True,False,False
Veo,38f312cb-d17a-527d-942c-90d905382f80,bicycle,40.002261,-83.016013,,14.43,True,False,False
Veo,c31a1126-246e-5579-8f14-0d2499c35f61,bicycle,39.991023,-82.984227,,28.14,True,False,False
Veo,8f942144-1b69-554e-9062-3c8d8ad04f07,bicycle,39.98992,-83.036285,,16.84,True,False,False
Veo,5af133ae-67f5-5fbc-8593-abb3c63d213f,bicycle,39.984007,-82.986818,,9.29,True,False,False
Veo,8c2865fb-f624-506e-ad6d-35f6a22d1da7,bicycle,39.967147,-83.011102,,3.81,True,False,False
Veo,f718a681-81be-55bc-9757-765e492a6f54,bicycle,40.013966,-82.98575,,28.14,True,False,False
Veo,31b5d350-7b40-56dc-a55c-d50cbf6aeba0,bicycle,40.013818,-83.022586,,15.45,True,False,False
Veo,6da3ca54-9566-5440-8c72-38f70fb8d3c8,bicycle,39.993939,-83.013635,,22.39,True,False,False
Veo,2b93c83f-1b13-504d-aff2-b071b26ea916,bicycle,39.965607,-82.995831,,28.14,True,False,False
Veo,ab870b20-22c2-52bf-a281-08f52d751759,bicycle,39.940384,-83.062744,,21.49,True,False,False
Veo,4859fd3d-0bfb-5d8a-8a2a-6b9084626de6,bicycle,40.017758,-82.974885,,28.14,True,False,False
Veo,78099bea-3a77-59a2-86ac-c5a7d109f0b0,bicycle,40.002251,-83.015608,,8.09,True,False,False
Veo,f8c92a4c-20c7-5239-a9fd-91d2edb8ebbb,bicycle,39.97654,-83.014708,,14.86,True,False,False
Veo,408f8a3e-1b75-5879-ad25-8a2bf0ac6134,bicycle,40.027486,-82.989462,,12.87,True,False,False
Veo,d4f0e699-1837-5837-b34e-6e9050fce890,bicycle,39.929084,-82.966413,,14.17,True,False,False
Veo,c762c19e-22d9-53a9-97a6-dafe3560346a,bicycle,39.955166,-82.813442,,10.51,True,False,False
Veo,7eedc190-5df1-52f2-a827-3d490b997ac4,bicycle,39.908841,-83.089765,,14.86,True,False,False
Veo,3beee461-6cec-5305-bbdd-d48b036528ff,bicycle,39.943256,-83.002149,,8.43,True,False,False
Veo,f1f556f7-7e9f-53b0-adee-64e8e706d0c3,bicycle,40.005913,-83.010619,,12.87,True,False,False
Veo,339e5575-651c-5ec2-8217-a6c9d044998f,bicycle,40.00537,-82.972338,,27.44,True,False,False
Veo,940fb7bf-098b-5f68-aa87-21e126e579dc,bicycle,40.012273,-83.00127,,28.14,True,False,False
Veo,6dac2499-7989-5e74-a49a-79936c152974,bicycle,39.946087,-82.953692,,15.89,True,False,False
Veo,234a13b3-6af6-5b2c-af1b-e259a90a2d12,bicycle,39.953242,-82.971233,,24.33,True,False,False
Veo,2d9ad0f4-fb18-5366-99e6-12919f44ad9c,bicycle,39.978497,-83.012214,,14.61,True,False,False
Veo,8412f38a-166c-5a81-a24f-d8d427d84920,bicycle,40.090666,-82.987834,,7.29,True,False,False
Veo,9168ba28-45a6-53c5-bf17-71890f313989,bicycle,39.962582,-82.977582,,28.01,True,False,False
Veo,d1724b2c-fd71-54cd-95a7-076c67c28b3f,bicycle,39.98175,-83.004629,,28.01,True,False,False
Veo,ea8463cf-d24b-5ec1-8a8a-f621c19c5f95,bicycle,40.042202,-82.969947,,27.77,True,False,False
Veo,ac92825e-a3a9-5365-8ab7-90d7cc87f628,bicycle,40.017467,-82.968327,,19.39,True,False,False
Veo,b1f01c28-e4bd-54db-85b4-a0b01087ac9d,bicycle,39.980708,-82.991949,,12.87,True,False,False
Veo,82e52ebd-b835-5a1c-a404-97ecfed35179,bicycle,39.95464,-82.907191,,25.65,True,False,False
Veo,22cef0a2-5a8c-5de0-b5b5-44d8be253e12,bicycle,40.00016,-83.095104,,18.19,True,False,False
Veo,3424c5b6-fd93-5b8e-82e0-822a407da567,bicycle,39.93239,-82.87234,,27.44,True,False,False
Veo,ffc44e35-45c4-5406-b5a1-054978d08534,bicycle,39.959779,-83.038575,,23.02,True,False,False
Veo,87eb9f4a-10f9-5e27-89d7-db0bb1b28161,bicycle,39.95615,-82.945262,,17.37,True,False,False
Veo,887ee11e-8faf-5f32-9c67-a23a899fb56a,bicycle,40.011374,-82.954253,,25.94,True,False,False
Veo,f5c09dd1-d2f4-5172-9fcb-37c9e9b9f3b2,bicycle,39.974404,-83.022224,,12.07,True,False,False
Veo,f381cd49-b34e-54ba-9c38-c4814cb208b3,bicycle,39.963037,-82.976392,,28.14,True,False,False
Veo,7ea12374-ce1a-5e43-a337-1d78eadd7ebc,bicycle,40.006815,-83.018198,,26.51,True,False,False
Veo,9aa6c058-2704-5707-8bd2-997c1d9f5030,bicycle,39.96024,-82.95801,,2.55,True,False,False
Veo,b700f577-7560-5048-ba92-180dedf32d2e,bicycle,39.909688,-83.042353,,12.63,True,False,False
Veo,100735f7-eac7-57d6-8bcc-41299611d80c,bicycle,39.911592,-82.994741,,25.74,True,False,False
Veo,ecfda1a8-abff-571f-9fff-dbd4a761fa9e,bicycle,40.024024,-83.026488,,8.43,True,False,False
Veo,3744f284-1351-5da5-a54f-07f3668ccb47,bicycle,40.002877,-83.011861,,18.19,True,False,False
Veo,a97e4093-4e04-5776-af85-43067ad0fabf,bicycle,40.01457,-83.011071,,22.7,True,False,False
Veo,b34f0cac-0a39-5d7c-8e14-fc54a5da1479,bicycle,39.925287,-83.058058,,25.74,True,False,False
Veo,8c6eaec6-49f7-597d-af62-89d1c0b87b0f,bicycle,39.953394,-83.034226,,25.65,True,False,False
Veo,b7d6b9eb-fae9-5742-9899-5d18045ef8a4,bicycle,40.036362,-82.976759,,12.87,True,False,False
Veo,3f46ec06-31ff-5d1e-9c4f-6db0f10680b1,bicycle,39.946308,-83.01707,,5.03,True,False,False
Veo,ac73af28-76e9-5244-aacb-5ea8f20d6ab2,bicycle,40.078389,-82.952651,,1.15,True,False,False
Veo,048b6112-0296-551f-83d5-830bd6104106,bicycle,39.957393,-82.9888,,20.78,True,False,False
Veo,96f3d3e0-d509-5ce4-b72b-0adc66de6c5c,bicycle,40.064524,-82.966841,,27.02,True,False,False
Veo,44621112-900a-5bd2-bab7-024d35d0b332,bicycle,40.017242,-82.997552,,22.05,True,False,False
Veo,580013ed-9c1b-578f-9936-1f91f6dfdd2a,bicycle,39.913992,-82.993872,,25.12,True,False,False
Veo,52368f08-41bd-5bc9-84f6-204bcd576833,bicycle,39.958227,-83.021249,,28.14,True,False,False
Veo,25bd42ea-0218-5db7-bc40-6577448d7b06,bicycle,39.991569,-83.009004,,10.31,True,False,False
Veo,a6d28844-b3d7-5745-8d24-456782afceef,bicycle,39.988003,-83.039975,,9.02,True,False,False
Veo,b0969df3-36f6-5b9c-bd52-567705796eb8,bicycle,40.011927,-82.968556,,25.74,True,False,False
Veo,67db48d8-b6f2-5cf5-bce6-ccdc28c760bd,bicycle,39.982707,-83.004639,,28.14,True,False,False
Veo,375d66bb-631f-54b0-b535-1983d09f5b36,bicycle,40.012801,-83.00676,,21.49,True,False,False
Veo,480e7ae6-dfa6-58bf-96b5-336b4da40e6d,bicycle,39.951925,-82.982606,,24.33,False,False,True
Veo,3aebe0d6-6a9b-5fa5-9611-854d8d2ecbbc,bicycle,40.00642,-82.999248,,13.86,True,False,False
Veo,2b0e1786-bf50-597e-9cb7-14e342c9ca30,bicycle,39.970766,-83.004085,,28.14,True,False,False
Veo,587babd2-b26d-5f72-a6d1-2b8b75191e3d,bicycle,39.946698,-83.045022,,15.89,True,False,False
Veo,acf40a21-4946-50b9-9c59-e6a3a949ff96,bicycle,40.002889,-83.011761,,27.77,True,False,False
Veo,4dca2d12-cb5f-53bc-b68c-7084410261ba,bicycle,39.956493,-83.026369,,26.25,True,False,False
Veo,89aadc51-94d8-51d7-acf6-1654d73f202a,bicycle,39.956494,-82.994806,,27.77,True,False,False
Veo,5b63155c-ac1d-57eb-a9ce-9d9f07849607,bicycle,39.931379,-82.996402,,28.14,True,False,False
Veo,ce3699bd-32ec-559c-9a80-e47379775488,bicycle,39.934214,-82.984512,,28.14,True,False,False
Veo,9275e793-0d77-5d88-8e5f-586bb97dca02,bicycle,40.047957,-82.95729,,28.14,True,False,False
Veo,6d92c1c0-e2af-5529-aad3-73b8bf81f095,bicycle,40.033723,-83.016553,,22.05,True,False,False
Veo,5c4c6d52-35fb-5bd4-956d-27cd2f6e7a5a,scooter,40.08121166666667,-82.92323666666668,,18.19,True,False,False
Veo,6b84b862-67c1-5b48-b87e-144c229d45de,scooter,39.962989,-82.94982,,27.77,True,False,False
Veo,d22d16dc-3ee9-53c5-9c68-e965ee5d4701,scooter,39.928102,-82.976049,,2.12,True,False,False
Veo,917eef5a-4df8-5131-a1a3-c8336325973a,scooter,39.946541,-83.054839,,6.98,True,False,False
Veo,b63e5c9f-4ea9-5cab-88b0-721805a2893b,scooter,39.956198,-83.051925,,1.15,True,False,False
Veo,814001ef-654c-5497-9af9-2d21d66d8086,scooter,40.005402,-83.005362,,14.17,True,False,False
Veo,ea473370-c516-5aa9-a88f-c6de8e5ecb35,scooter,39.995387,-82.999142,,12.87,True,False,False
Veo,b3aab1bb-4711-5984-afa1-d87a3c85b398,bicycle,39.99838,-83.021455,,26.78,True,False,False
Veo,6034207f-7fad-5d8f-b137-240238b1fc09,bicycle,39.922847,-82.967174,,24.33,True,False,False
Veo,ab24e612-98a8-5216-9fa9-8abf5788189c,bicycle,39.955923,-82.945184,,12.63,True,False,False
Veo,f4674d55-53d7-585b-81f9-45b0eb585822,scooter,39.984063,-82.996472,,14.17,True,False,False
Veo,12a61e62-9bd5-5916-ad26-e96891de485c,scooter,39.976371,-83.01085,,28.01,True,False,False
Veo,f9826983-58be-55b0-a2cd-a6b249ba6953,scooter,40.044703,-83.0199,,28.14,True,False,False
Veo,4e496a2a-16eb-5f62-8bda-c888920cf202,scooter,40.003929,-83.01302,,13.86,True,False,False
Veo,5d5f9646-49ac-57ce-84de-c76b9a4d44ea,scooter,40.002593,-82.997956,,14.86,True,False,False
Veo,f690a5b4-2873-5e3c-9f4d-28abae5569fa,scooter,40.012594,-83.001348,,5.27,True,False,False
Veo,e1736d13-ead9-582d-a058-0bdb5699c5d7,scooter,39.996268,-82.99556,,24.06,True,False,False
Veo,c0d7be25-2cb9-5d10-a6d6-be2e20ec259d,scooter,39.993368,-83.001668,,14.61,True,False,False
Veo,eca129b6-ad6e-5bf1-ba1d-cca222c6a15f,scooter,39.983754254284975,-82.99906550496206,,25.65,False,False,True
Veo,3e3d5e30-a61f-5e0c-a9df-39ec8d546fdd,scooter,39.993921,-82.983366,,28.14,True,False,False
Veo,4eb89538-cd04-5790-84a6-e36a01cc8155,scooter,39.975218,-83.002002,,27.77,True,False,False
Veo,cdd0ab9a-bede-5cfb-b31e-07416f251c0b,scooter,40.00371,-83.013738,,14.86,True,False,False
Veo,60c31eee-1791-5d90-8b0e-832b59d7ab62,scooter,40.003979,-83.013191,,22.05,True,False,False
Veo,5c796f2e-f01d-5af6-88d0-85be85deebb6,scooter,40.003934,-83.012837,,27.44,True,False,False
Veo,d0def3cb-0bc8-5067-bb8e-6000e02fcc4b,scooter,39.970236,-83.002059,,12.87,True,False,False
Veo,dc9f747a-0c08-5d22-95b1-962c66c89d33,scooter,39.997055,-83.009133,,12.07,True,False,False
Veo,ea965612-d588-560a-b2ea-8ad4a8432df2,scooter,39.980647,-82.998115,,25.94,True,False,False
Veo,bb66fff5-047b-5d61-a534-715ce458d819,scooter,39.994387,-83.013351,,20.78,True,False,False
Veo,bdbab6a8-2d1e-54c2-b526-16e1f11008de,scooter,40.012219,-82.970315,,21.15,True,False,False
Veo,d28152c4-d28b-53ae-a2be-ca4ca97b458e,scooter,39.93626,-82.959929,,9.02,True,False,False
Veo,b8de8e18-4f44-5f87-820c-08c2862eee5b,scooter,40.003868,-83.013021,,15.45,True,False,False
Veo,6cf6d6a0-dcff-589e-944b-1e9d2700d16a,scooter,40.000261,-83.017989,,23.02,False,True,False
Veo,71ab8a4a-f64c-547b-bfcb-0eb2d3fbe1bc,scooter,40.004661,-83.014076,,8.43,True,False,False
Veo,c0c7efa7-02d1-5655-92eb-17acd3a189a3,scooter,40.015747,-83.010838,,23.02,True,False,False
Veo,fa310960-546a-5955-8f65-4c278be88197,scooter,40.003755,-83.012936,,24.06,False,True,False
Veo,bcbb7d7b-1f61-5539-823d-e2985786f862,scooter,39.926035,-82.965027,,24.33,True,False,False
Veo,ab55f01e-17f4-558f-a98e-87c3a78c5d3d,scooter,40.00178,-83.013803,,28.14,True,False,False
Veo,e6479e9e-0ff7-508d-90a4-9d46bd9d60be,scooter,39.993993,-83.006739,,25.12,True,False,False
Veo,f87556c7-c346-534b-8ef7-f1e1c021b417,scooter,39.996257,-83.041943,,10.31,True,False,False
Veo,1888e660-8951-553a-a1f0-fc23e54be849,scooter,40.033673,-83.000783,,9.02,True,False,False
Veo,d484da6d-1c33-52da-a4e2-594b2ad89d7c,scooter,39.940344,-82.983633,,21.49,True,False,False
Veo,ff11166d-899e-5779-8af5-672579e00352,scooter,39.994388,-83.01346,,24.84,True,False,False
Veo,156510d9-9595-50b0-be1a-20d5677f35b9,scooter,39.989935,-83.000729,,27.77,True,False,False
Veo,2c35bc8a-8fc3-5e3e-8a86-cd5d1c171f72,scooter,40.013239,-83.025026,,17.37,True,False,False
Veo,700da181-8b57-5ea4-aafb-70e30e6af429,scooter,39.984416,-83.015461,,6.07,True,False,False
Veo,56e23fa2-855b-5ea9-b8eb-492ec68554a1,scooter,40.017365,-82.981428,,9.02,True,False,False
Veo,20b722d5-20a1-56b1-94d7-b5e71ded6029,scooter,40.007315,-83.014705,,11.11,True,False,False
Veo,877f4988-1b61-525d-8e8c-5f8dad7e790a,scooter,39.993925,-83.006869,,28.14,True,False,False
Veo,2c8b7b31-0e04-56de-92f7-6efbc530aefa,scooter,40.003073,-83.013807,,14.43,True,False,False
Veo,4376e170-5a7a-5526-9ad1-2f6153384b6c,scooter,40.020802,-83.038243,,25.74,True,False,False
Veo,1a1683c7-c911-54ca-9327-7aca388805b8,scooter,40.003853,-83.012851,,15.89,True,False,False
Veo,30fc3adf-d9e3-5d68-a226-bf37700e1d9f,bicycle,39.988061,-83.001967,,19.78,True,False,False
Veo,7ed15254-fddd-53d9-8366-7191deb95062,scooter,39.938634,-83.059795,,16.39,True,False,False
Veo,f048159c-9ef8-5d7b-a860-75ffc5f48ffa,scooter,40.003862,-83.012937,,9.02,True,False,False
Veo,83e20b1d-128e-59be-aeec-d3b7f8ef3f9c,scooter,39.935472,-82.984074,,27.44,True,False,False
Veo,e1aa2d63-9e7b-5151-81f1-8897ee45c111,bicycle,40.005368,-83.015211,,24.33,True,False,False
Veo,ee890030-29f7-50d2-9ce7-d9cf78ffcad6,scooter,39.994855,-83.013801,,28.14,True,False,False
Veo,4b540082-40e3-570d-91c1-5d292e0f9dd3,scooter,40.005312,-83.026849,,20.05,True,False,False
Veo,cedc7bc2-8557-5aa1-89bc-428f89fc670e,scooter,39.958635,-83.012777,,25.74,True,False,False
Veo,917c6e94-b42c-53f6-af1d-56920525489c,bicycle,40.008236,-83.012751,,24.06,True,False,False
Veo,a87a8ee9-b0b3-5cc2-8776-b695c3385832,bicycle,39.986678,-83.007872,,25.74,True,False,False
Veo,0d2dee0f-2b41-5be5-a216-e890cc0faaab,scooter,40.001783,-83.01037,,19.39,True,False,False
Veo,896596fc-14f4-5e07-8e3e-435ff05c95e8,scooter,39.957835,-82.997336,,25.74,True,False,False
Veo,5c407522-feae-55e9-8055-ce5e1d01e1d9,scooter,40.001334,-83.008785,,28.14,True,False,False
Veo,71f4998c-5fef-5500-9150-c14cb78edaf2,scooter,40.000626,-82.97541,,27.44,True,False,False
Veo,f24b0bc5-660a-51af-a64e-31844a8a0406,scooter,40.000107,-83.021462,,15.18,True,False,False
Veo,fb4a48c6-da8e-5884-8355-223eefd995e3,scooter,40.012003,-83.013604,,28.14,True,False,False
Veo,6fb87876-ac9f-5304-aae0-edfb10e4918d,scooter,39.979603,-83.003202,,28.14,True,False,False
Veo,2d5a4ee1-ad83-53b8-8841-f29e660c9b92,scooter,39.930096,-82.977219,,27.77,True,False,False
Veo,d0b05d9c-66d2-5053-a5e0-0efb13443a53,scooter,39.957498,-82.99008,,28.14,True,False,False
Veo,5070f69b-6d6a-516d-b426-571582904165,scooter,39.983954,-83.004988,,28.14,True,False,False
Veo,972e2e3f-f33b-55ff-8ca9-143031ff649c,scooter,40.005358,-83.010191,,28.14,True,False,False
Veo,2c056142-b8e4-5f65-ab3a-f6a79de4d4e0,scooter,39.965982,-82.906214,,28.14,True,False,False
Veo,b4f6c829-5456-5191-8cbc-3e45be7255a7,scooter,39.95959,-83.003427,,22.7,True,False,False
Veo,164f3057-5b2c-5b94-a3d7-bea88a63fffd,scooter,39.99956,-83.009363,,16.84,True,False,False
Veo,e2e37676-fd62-56e6-9cc9-58b25dfe0d4b,scooter,39.994394,-83.000529,,28.14,True,False,False
Veo,8bfba5e7-16cd-55ce-9ae6-3da2fd2f277e,scooter,39.986291,-83.00023,,14.61,True,False,False
Veo,1db35d04-20b5-5bc9-891a-47b112e294eb,scooter,40.008306,-83.023483,,18.67,True,False,False
Veo,1a1c19e7-d423-5a63-896c-1a59e57173f6,scooter,39.993405,-83.015868,,28.14,True,False,False
Veo,19124194-fc75-59f7-9f4c-61067ae6b2e8,scooter,39.964752,-82.96892,,10.51,True,False,False
Veo,f4350b01-90c9-54b6-a8ab-a08835110f87,scooter,39.957399,-83.011444,,28.14,True,False,False
Veo,acef984e-f7e9-5fb9-b144-8ac998d1aef4,scooter,39.990936,-83.009817,,22.39,True,False,False
Veo,4ae2f51f-311b-52b4-a169-d74a1fa73cb0,scooter,39.969346,-83.00003,,28.14,True,False,False
Veo,b5ae60ed-50fe-5b22-b0fb-7f6061282e6d,scooter,39.899738,-83.047208,,25.94,True,False,False
Veo,89ab629b-6135-52c0-bc37-527300740d8d,scooter,39.993549,-82.981128,,28.14,True,False,False
Veo,f3a9d9e0-3bb3-5164-bf6f-b994289f6c8b,scooter,39.955456,-82.978325,,22.7,True,False,False
Veo,00f5b68a-2c86-54da-bee6-3d6994026cb7,scooter,39.99338,-83.006672,,14.61,True,False,False
Veo,f8a64fab-63d6-5359-b3e1-b18493216728,scooter,39.931053,-83.064927,,27.02,True,False,False
Veo,3c20ec03-de40-5af0-898a-e5ffa8e6584b,scooter,39.974829,-83.003955,,13.64,True,False,False
Veo,1ce5f360-9f7c-5c6b-837f-cf7c45794833,scooter,40.032717,-82.991462,,19.05,True,False,False
Veo,979b37b6-cc1c-5943-b138-2541bd7db6cb,scooter,40.004866,-83.017898,,25.12,True,False,False
Veo,1c658ec8-c940-56ac-bec0-e5a9e13b5955,scooter,39.961763,-83.013021,,15.18,True,False,False
Veo,9e6d1130-ea98-51a5-be9b-846cbefa5da4,scooter,39.957594,-83.003647,,10.79,True,False,False
Veo,026c9181-7868-5764-afa1-fe73eb2682f7,scooter,39.963136,-82.995388,,16.84,True,False,False
Veo,cff64cf4-4a1e-59a7-aa57-15d5f42b8ab6,scooter,39.995566,-83.014383,,9.29,True,False,False
Veo,8184876d-92c6-561a-8080-2faec7bf8482,scooter,39.995,-83.005895,,15.18,True,False,False
Veo,9abaaf19-02d2-58e0-89cf-bca141caabb2,scooter,39.96215,-82.98957,,13.86,True,False,False
Veo,da2adfc3-13b6-5532-8a1f-da13a8f879de,scooter,39.963186,-82.951032,,24.84,True,False,False
Veo,cb17a2cf-0fc1-561e-8475-7a2d1c70ccd3,scooter,39.974305,-83.022767,,15.89,True,False,False
Veo,be36f52e-da18-5306-b0a1-fc98692fd94d,scooter,39.988861,-83.032491,,7.29,True,False,False
Veo,79fe1dfc-88a3-5a66-b037-1fa9abe5537d,scooter,39.993273,-83.026646,,22.39,True,False,False
Veo,cfc9d8c7-5814-5604-b159-66017c0ff3fb,scooter,40.001824,-83.013946,,14.17,True,False,False
Veo,c21066f7-2671-53e2-9133-9b6656c1fad6,scooter,39.989782,-82.997497,,28.14,True,False,False
Veo,06e5641c-64b7-5af3-9090-58e3b5fd983a,scooter,40.002692,-83.00511,,25.34,True,False,False
Veo,ba4e8d1a-fa33-5cae-b5ab-e1c84d96bbd0,scooter,39.977376,-83.011036,,15.45,True,False,False
Veo,4faebcb4-ca11-5562-a9e3-abee3963bcf2,scooter,39.970696,-83.045697,,25.12,True,False,False
Veo,6a14f1fb-4503-5834-956f-f1cba4e2b672,scooter,40.004401,-83.011914,,27.02,True,False,False
Veo,9ae8252a-1cdf-58c2-96b2-cdf5df0304d9,scooter,39.976132,-83.004484,,19.78,True,False,False
Veo,6daa628e-f8f9-5f46-af0f-c98f55b4a6b1,scooter,39.998283,-83.009795,,25.74,True,False,False
Veo,05378cb7-5526-5ca1-b953-395c45df438f,scooter,39.993552,-82.981115,,15.18,True,False,False
Veo,71a04331-6225-52d4-a2e6-165e3e306c30,scooter,39.990317,-83.005277,,11.83,True,False,False
Veo,47da77ce-9c48-548e-9cfb-11be96ea178d,scooter,40.006388,-83.005125,,22.7,True,False,False
Veo,e266302b-34c6-50da-b4e4-df6a0f5ad338,scooter,39.974372,-83.022321,,26.25,True,False,False
Veo,23b67587-0c1d-518e-87ac-c1d154c3f5e6,scooter,40.006874,-83.002844,,27.02,True,False,False
Veo,1d2817bb-05f5-5ae8-8cbd-004ce43d9acc,scooter,40.001732,-83.016926,,27.77,True,False,False
Veo,889329c2-4a1a-56b7-af58-fc4f1d78c023,scooter,40.00212,-83.012622,,25.34,True,False,False
Veo,d528c14d-138d-5ea7-a29c-4b65605a9934,scooter,39.945878,-83.009057,,25.65,True,False,False
Veo,fdd00b9d-b175-5e6e-8624-6b91a81164e4,scooter,39.993382,-83.001703,,28.14,True,False,False
Veo,27a66d32-204d-5921-96b5-47f50563f420,scooter,40.004349,-83.01972,,18.19,True,False,False
Veo,a5243da9-7334-5ece-b141-c5e0cd98e31a,scooter,40.011969,-82.968572,,23.77,True,False,False
Veo,8efff4cb-35ed-54bc-84d8-84f7a493f0e0,scooter,39.968457,-83.001746,,26.51,False,False,True
Veo,b20d8c26-c907-5c25-96a1-d00428c18e1a,scooter,40.023631,-82.981575,,13.64,True,False,False
Veo,df22ce06-2f38-56d7-8b93-940972561860,scooter,39.938009,-82.964166,,28.14,True,False,False
Veo,5f76304e-88d0-5875-9588-d80c35635218,scooter,39.981116,-82.998507,,28.14,True,False,False
Veo,bb8ad150-ce47-5f47-bfc0-a6c3bf27665b,bicycle,40.009153,-82.977074,,11.59,True,False,False
Veo,0049e526-c2b2-5a14-aa6a-d5a54193ce38,bicycle,40.006121,-83.012608,,25.74,True,False,False
Veo,950c84cb-2043-52b1-a36b-4950933f2758,scooter,40.06809,-83.028906,,12.63,False,True,False
Veo,8285113e-68db-520d-9695-f05b2a347570,bicycle,39.951654,-83.036518,,7.62,True,False,False
Veo,54c3df8f-bbf8-5d6c-bd15-be3768529d92,bicycle,39.99458,-83.00668,,28.14,True,False,False
Veo,e4b0efa9-0486-5f51-bf92-f0839177e391,scooter,39.950225,-83.009489,,12.28,True,False,False
Veo,8cd56559-0323-50a9-8ff4-778606f0617c,bicycle,40.015398,-82.928534,,15.45,True,False,False
Veo,e99ff165-6852-550c-b9c0-eea9b2e63323,bicycle,39.949693,-82.959163,,11.59,True,False,False
Veo,724b3559-4fd8-57cf-b3f5-8e6eeead65f7,bicycle,39.976304,-83.010803,,27.02,True,False,False
Veo,ffab77de-f737-50a7-9cf8-1750fe0adfd4,bicycle,39.95631,-83.014405,,7.29,True,False,False
Veo,459fe066-ec51-5528-aa99-211f0f6c856d,bicycle,39.968828,-82.950724,,13.86,True,False,False
Veo,e67fffc7-b838-5146-a7bd-1694c262273d,scooter,40.003884,-83.012909,,27.44,True,False,False
Veo,e5edcad0-fe17-557a-b4b4-85520414fa20,scooter,39.994652,-83.006771,,23.02,True,False,False
Veo,862beff6-22bd-51af-903b-ed56e21a74ae,scooter,39.957387,-83.011409,,17.89,True,False,False
Veo,5795786f-9d61-5664-a282-f12248c9971e,scooter,40.00388,-83.01485,,24.84,True,False,False
Veo,1d287d8c-dac3-55b5-a782-73fd0d138729,scooter,40.061995,-83.006293,,28.14,True,False,False
Veo,f0d7e619-7bdc-5191-bbd3-81b384562857,bicycle,39.945013,-82.973209,,28.14,True,False,False
Veo,40abbb87-ff23-58ec-9773-4587aa41ebf5,scooter,40.002119,-83.012447,,20.05,True,False,False
Veo,93bfe7b5-7b7e-55c4-a2ca-de941cd7cffc,scooter,39.954152,-83.013715,,12.07,True,False,False
Veo,3cfaaa58-958e-5050-8a1f-6eca6ee9b5cc,scooter,39.969432,-83.011829,,21.15,True,False,False
Veo,e94c3f36-bbdf-5586-895d-d2deee3c2215,scooter,39.986873,-83.009444,,27.77,True,False,False
Veo,99d7b761-e601-5c47-81d9-7c5fec733c94,scooter,39.986516,-82.948685,,11.83,True,False,False
Veo,732adc31-585a-52bc-b05a-d968d32d80e8,scooter,40.00626,-83.016817,,28.14,True,False,False
Veo,796b6223-a63d-581f-af2d-18b4476531b2,scooter,40.003931,-83.010927,,25.74,True,False,False
Veo,9ec715f5-50cf-5a3e-9de9-285789dd2ab6,scooter,39.963293,-83.002465,,24.84,True,False,False
Veo,9ea963d5-a2f6-5ea0-9b56-c8c2519622a8,scooter,39.994903,-82.999114,,28.14,True,False,False
Veo,d62a430b-60d7-5af8-a10b-9e1ad51cb15b,scooter,39.999803,-83.006662,,28.14,True,False,False
Veo,a9b828f0-e49a-586d-b46c-b57ec3a39d19,scooter,40.000987,-83.002935,,15.18,True,False,False
Veo,cf9fc17c-b0a7-59c4-bced-d8d70000a40e,scooter,39.944427,-82.971967,,5.27,True,False,False
Veo,8db0fdb2-d6f9-53d3-b0d0-eb3b3da11631,scooter,39.955171,-82.964106,,25.12,True,False,False
Veo,ed37e07e-2f74-5c4e-8fbe-6eb5ab980b6f,scooter,39.955277,-83.004286,,25.65,True,False,False
Veo,19575d6c-e8ca-56e5-9a89-b69c544f2e7d,scooter,39.995515,-83.022033,,28.14,True,False,False
Veo,43809ab4-6c77-5c20-a6d8-ec66ea0c4c89,scooter,39.965624,-83.004788,,28.14,True,False,False
Veo,161c3bd5-c333-50f0-b096-1c8edac162e7,scooter,40.005609,-83.009275,,26.78,True,False,False
Veo,60c25335-d909-557a-ac70-944abe1bcabf,scooter,40.005102,-83.011507,,25.65,True,False,False
Veo,4564855f-3e42-5cab-ad52-a04c31df0e44,scooter,39.987682,-83.010808,,25.34,True,False,False
Veo,84cc3246-e954-51ac-939b-738463f29e73,scooter,39.945893,-83.009093,,17.89,True,False,False
Veo,381c8ff1-6c03-5b98-a218-36b926633dd6,scooter,39.993688,-83.013515,,28.14,True,False,False
Veo,be550a42-e00e-5095-951c-b0b56e2429de,scooter,39.95096,-83.052745,,11.59,True,False,False
Veo,b8a9fdcb-9141-5a56-8126-7c56fa8e2fbc,scooter,40.003975,-83.01318,,28.14,True,False,False
Veo,8b81c7c0-57d2-595e-b0b5-cfcb4d8215db,scooter,39.994289,-83.013411,,27.02,True,False,False
Veo,26a80820-4833-5587-b0c7-809d6112a65f,scooter,39.95985,-83.020753,,28.14,True,False,False
Veo,5b7fe4dc-39c9-5612-a95e-c70bd96f0f76,scooter,39.987196,-83.005732,,15.89,True,False,False
Veo,75667c53-b396-5be5-83a6-31c2583cbfe4,scooter,39.96317,-82.95091,,6.07,True,False,False
Veo,42076aca-93c4-575c-9486-a7e3ee27c803,scooter,39.973578,-82.970591,,28.14,True,False,False
Veo,d1c06599-9011-597f-93c3-f510cf1faf4a,scooter,39.956021,-83.01259,,28.14,True,False,False
Veo,f5a7ff16-a999-5a10-bd4f-03a801802b42,scooter,39.999885,-83.005911,,11.83,True,False,False
Veo,e3b14f9a-13a5-56c2-bffb-5d03430e45d9,scooter,39.967217,-82.971346,,25.94,True,False,False
Veo,14155405-98a9-55a9-a4ca-351abf5239fe,scooter,40.027151,-83.025592,,12.63,True,False,False
Veo,7152d511-d561-5b29-a2ce-b1047f7004eb,scooter,40.014658,-82.990832,,18.67,True,False,False
Veo,b5ee68ff-1313-50c7-80b0-b96b4bc3a318,scooter,39.952071,-83.000427,,28.14,True,False,False
Veo,6b69a1e4-5949-5ba0-aa30-d15e290d5587,scooter,39.972196,-83.002624,,8.43,True,False,False
Veo,aff9827e-2842-5717-820d-fcdb25822e2a,scooter,40.011932,-82.968576,,28.01,True,False,False
Veo,d90185fc-8ac8-5c7b-a45b-6d10a6db4809,scooter,39.99822,-83.003741,,14.43,True,False,False
Veo,95822379-2357-555e-b42a-0a270abaed87,scooter,39.993977,-83.006876,,28.14,True,False,False
Veo,2793672e-793e-5369-8794-60be710afa10,scooter,39.948179,-82.997828,,16.39,True,False,False
Veo,460e5697-5a60-581b-a50b-9c5ece8d1a0d,scooter,39.971863,-83.021865,,22.7,True,False,False
Veo,da54c961-7d4f-5fb7-b31f-8138da4774d0,scooter,40.007685,-83.011785,,11.11,True,False,False
Veo,b58e5e45-c1c3-5aa1-a396-22958d70551a,scooter,39.950152,-83.000223,,26.51,True,False,False
Veo,7c46e3e6-db78-595e-8568-d9fbdca51c80,scooter,39.940348,-82.983684,,28.14,True,False,False
Veo,ac35d1ed-5b5c-574c-8a14-4698f2c9773b,scooter,40.004601,-83.012651,,18.19,True,False,False
Veo,50449ac6-9dca-504a-8385-400e26d9250d,scooter,39.973013,-82.971542,,28.14,True,False,False
Veo,36db772c-0870-53fe-829b-f0adc1d32070,scooter,39.955304,-83.01935,,19.78,True,False,False
Veo,3a7d6418-a5b8-55af-b88d-dd4046e8339e,scooter,40.01622,-83.030575,,15.18,True,False,False
Veo,2c2e6317-c55f-5002-a6e8-a0f4af81666e,scooter,40.000746,-82.986372,,27.02,True,False,False
Veo,e2fd4551-87d9-5c24-ae1b-dcf2e3d2ff3b,scooter,40.003929,-83.012902,,23.77,True,False,False
Veo,cc4f0086-58b6-5497-bd1e-cd3d46eb9b95,scooter,39.989771,-82.997482,,12.63,True,False,False
Veo,09f2a6e0-6ec0-5dc3-951b-48944f730dde,scooter,39.993872,-82.999623,,14.61,True,False,False
Veo,6d98e338-a81b-5a40-b925-45275f8629a5,scooter,39.996656,-83.010944,,28.14,True,False,False
Veo,e42c809a-a9e6-5b51-af1c-a7b0c6f9ff70,scooter,39.996012,-83.011095,,15.89,True,False,False
Veo,62e8ba9f-2c1f-53ef-be2d-8e8d2b8529dc,scooter,39.998202,-83.007863,,13.86,True,False,False
Veo,cd17e93b-544b-5d1c-912c-462c81a89a33,scooter,39.958497,-83.001954,,26.25,True,False,False
Veo,bbd5d83d-eb5f-53e6-9d86-fa053136a8db,scooter,39.927697,-83.065723,,25.65,True,False,False
Veo,f1bd8a63-144a-5c94-8386-abea48d27e12,scooter,40.005109,-83.011595,,14.17,True,False,False
Veo,13e8797a-0adf-57e6-92ac-966eb8119a75,scooter,40.002506,-83.020627,,15.18,True,False,False
Veo,e7f35b82-ab45-5ad5-b009-cf336f342557,scooter,40.0022,-83.010705,,23.02,True,False,False
Veo,a41f673b-6497-5dcd-9b53-e6a993759d74,scooter,39.962788,-82.981544,,16.84,True,False,False
Veo,be7b098e-0db1-5e56-8343-863227c1e46a,scooter,39.958762,-83.008367,,9.02,True,False,False
Veo,78ee4673-88f7-5461-abd4-75b0119cfb93,scooter,39.993953,-83.006744,,14.43,True,False,False
Veo,babdaf9f-93fd-5507-b2aa-8a689ab32d0b,scooter,40.002036,-83.015818,,28.14,True,False,False
Veo,ec66e371-382a-5930-976c-62c5a9703ce7,scooter,39.956117,-83.005546,,16.39,True,False,False
Veo,e14ab9fc-f265-59d2-a8cf-2a449e607ece,scooter,40.00081,-83.008092,,24.84,True,False,False
Veo,2c5ddd8e-67c5-570b-bf1e-609a788f8751,scooter,40.000093,-82.998629,,10.79,True,False,False
Veo,99c756e7-5b7e-50b7-8e4b-a430499d4268,scooter,39.975026,-83.002258,,28.14,True,False,False
Veo,0193ceda-de6e-517e-9790-0e63c05cb720,scooter,39.995317,-83.011726,,14.61,True,False,False
Veo,4ded112d-1467-58a6-ad77-4ed7b94ffe8f,scooter,39.993966,-82.983393,,13.39,True,False,False
Veo,d1927da0-bb30-5b5a-85f1-8f814dbccc7d,scooter,40.003816,-83.013042,,24.84,True,False,False
Veo,3ff1b519-339c-5552-80d0-43b87410556c,scooter,39.966414,-83.006146,,25.12,True,False,False
Veo,d0808ec2-4786-5438-80ea-a29eb9bc40cb,scooter,39.93332,-82.970085,,25.74,True,False,False
Veo,e9117174-b214-5047-acf1-b46b9ec882d3,scooter,39.953413,-82.923634,,16.84,True,False,False
Veo,5172ae75-7863-52bf-9bd2-e11ccb0ee85c,scooter,40.011619,-82.978168,,13.64,True,False,False
Veo,6108a4ca-f346-5ccc-a7d9-6ed706c6605f,scooter,39.988756,-83.039281,,16.39,True,False,False
Veo,d3c5f575-3f1e-5112-8c88-02fc8119e975,scooter,40.033712,-83.016572,,28.14,True,False,False
Veo,1dbd95f7-2602-583c-bf9c-aad27b0c031b,scooter,39.984692,-82.979815,,28.01,True,False,False
Veo,3a8b7bfc-8775-53c1-a558-15c94da436fb,scooter,39.996877,-83.002413,,28.01,True,False,False
Veo,8bc566ef-5087-50a7-af54-bbe3aa1ce75d,scooter,39.976349,-83.01086,,23.02,True,False,False
Veo,355993ff-3656-5dbc-b188-425e627a14df,scooter,40.00184,-83.047922,,28.14,True,False,False
Veo,3142518a-cd35-5974-8b09-d66206234d74,scooter,39.993868,-83.009561,,23.33,True,False,False
Veo,e7499daf-c7ee-5135-b99f-c97504037bbd,scooter,40.007918,-83.00973,,23.02,True,False,False
Veo,85270dfd-cd88-57e8-87f9-a9c90839809d,scooter,40.004674,-83.014199,,13.64,True,False,False
Veo,2dae0433-6a2a-5bf0-9c1f-7ffc68cec5d1,scooter,40.004407,-83.008854,,28.14,True,False,False
Veo,4ba9b476-ec43-51e1-8807-15391afa89c9,scooter,40.001127,-83.015866,,28.14,True,False,False
Veo,b00601d2-6889-56b3-81dd-f673cc22398f,scooter,39.939169,-82.982655,,14.43,False,False,True
Veo,fa2118a7-99a5-586b-9775-772dafaae70c,scooter,40.060837,-83.079102,,9.29,True,False,False
Veo,883b934f-9c97-5eae-8d1e-98b9e581e70d,scooter,39.958741,-83.012079,,22.7,True,False,False
Veo,4b1a41d8-3493-54bc-8557-f067fafef638,scooter,40.000301,-83.01541,,27.44,True,False,False
Veo,91b928e7-e31f-54f0-b4b3-32a59b41ec6d,scooter,40.015876,-83.030601,,17.89,True,False,False
Veo,26162e57-b441-572c-bd08-89d3e1ed0506,scooter,39.954367,-83.015365,,27.02,True,False,False
Veo,5b40025b-1545-5479-8c2d-682a78f9fdf9,scooter,39.983994,-83.004974,,13.39,True,False,False
Veo,ed4ebc91-9800-5aac-9bf2-8a42130cf69c,scooter,39.945889,-83.009029,,28.01,True,False,False
Veo,c4d00cfe-ac35-5c99-a74a-be2206fe6a58,scooter,39.984613,-83.035055,,12.63,True,False,False
Veo,5e7eef95-cff2-5f42-bcf0-dfd419ae2140,scooter,40.003158,-83.027942,,26.51,True,False,False
Veo,178b71c1-7eb1-5c4c-8453-448901ff5c25,scooter,39.98691,-83.009497,,25.34,True,False,False
Veo,c376fa7f-e301-55c2-99bc-cebb7d662fdc,scooter,39.976323,-83.010843,,28.14,True,False,False
Veo,a0ca1a5b-1ab0-5213-99be-4b470f517e68,scooter,39.957077,-83.012628,,26.78,True,False,False
Veo,d5b87140-d324-53ce-a797-4a0dccc0190d,scooter,40.015691,-83.003283,,23.02,True,False,False
Veo,e584a785-fdba-5fa4-8855-311cafe9b89d,scooter,39.957396,-83.01131,,28.14,True,False,False
Veo,8ef404fb-c400-5c1a-aec3-bf8d5b0d20e2,scooter,39.965843,-82.994451,,16.39,True,False,False
Veo,92e309aa-53bd-587d-a90d-419c90e52e31,scooter,39.973692,-83.008754,,11.11,True,False,False
Veo,1c38e22d-837c-5baf-b384-9026f7692ebc,scooter,40.014775,-83.013538,,23.33,False,True,False
Veo,3647125d-ae1e-5366-b745-80c380146cc1,scooter,39.980583,-82.997224,,24.33,True,False,False
Veo,e7486fb6-59d2-5fcf-be06-7b5e1b0bfc82,scooter,40.03813,-82.989049,,24.33,True,False,False
Veo,9027624e-0f74-50bd-873f-b5e7fc22d855,scooter,40.021509,-83.029346,,28.14,True,False,False
Veo,cc8139cd-c9e7-5214-8a25-96a4a98d97d7,scooter,39.993887,-82.983402,,14.86,True,False,False
Veo,a5bc1a4a-0909-50f6-9ad7-38e75cf91016,scooter,39.95741,-83.011421,,28.14,True,False,False
Veo,aad42221-18ae-55ca-85ba-a313ba2930ff,scooter,39.990909,-83.024422,,5.59,True,False,False
Veo,ce5a8375-982e-596a-8d1b-82fa73776945,scooter,40.015285,-82.989892,,7.29,True,False,False
Veo,df42fed6-cf81-53a8-89b8-717288311f99,scooter,40.051514,-82.999953,,14.43,True,False,False
Veo,a202d76a-d128-5337-9d12-181838f30a7f,scooter,39.992241,-83.002871,,22.7,True,False,False
Veo,d3a2c0a5-5e6c-550a-a6af-5ed44123e2ce,scooter,40.001326,-83.003801,,27.44,True,False,False
Veo,9cc08797-25b5-54f5-b92e-f26a983813df,scooter,40.002541,-83.028524,,25.74,True,False,False
Veo,d18ed690-c03b-507c-bfe2-10f16632637a,scooter,39.993459,-83.006609,,11.83,True,False,False
Veo,3dedcfae-7fc5-5b45-b21c-69a1b8cb6a3c,scooter,39.97735,-83.006696,,27.44,True,False,False
Veo,fcc11bf7-9d10-54b1-b1ee-1d38fff4bbc3,scooter,39.986918,-83.009467,,16.84,True,False,False
Veo,05a50803-d2ce-5209-a68e-d56b5974ff48,scooter,39.964906,-83.063649,,27.77,True,False,False
Veo,8c9e6f55-1766-5049-a192-d5f0954a82da,scooter,39.94415,-83.070926,,12.28,True,False,False
Veo,ac19a661-991f-5504-81fa-3b127eaedf31,scooter,40.007408,-83.008813,,25.74,True,False,False
Veo,0902f396-d01f-58af-9866-ef3a134fe4ba,scooter,39.968279,-83.009404,,27.44,True,False,False
Veo,d00dd33e-32e5-57dd-a73c-1b5776deeb1f,scooter,39.995546,-83.010608,,22.39,True,False,False
Veo,2a753129-1f3c-53a9-bbdd-ad4a1a46cf76,scooter,39.997515,-83.002029,,20.78,True,False,False
Veo,b2567cbc-b3b2-550d-b0bd-96f80792c824,scooter,39.996116,-83.018809,,26.78,True,False,False
Veo,db53c9ab-9310-5435-8efb-f54692408ba7,scooter,39.940027,-82.928495,,12.52,True,False,False
Veo,7f1e403c-1a05-53d2-9652-1fc4199fff39,scooter,39.993942,-82.983355,,19.39,True,False,False
Veo,b6fe9dc1-0cb6-5d2e-8ea1-49a2ca6303b2,scooter,39.948207,-82.9978,,28.14,True,False,False
Veo,cef6415f-9665-55cc-9016-9a34e7795a5c,scooter,40.016081,-83.011849,,14.86,True,False,False
Veo,ac2b54ac-a9fc-5d86-a1a6-70b25ab9cab4,scooter,39.995568,-83.013494,,28.14,True,False,False
Veo,0d1ed230-c4e3-500c-9667-0e623c6abe20,scooter,39.995305,-83.030856,,20.37,True,False,False
Veo,f258b45a-0c75-5e05-9898-14e4e5d80541,scooter,39.993949,-82.998405,,10.31,True,False,False
Veo,b3ddf5c3-42ee-529f-966c-088830b14bd3,scooter,39.925242,-83.057979,,14.17,True,False,False
Veo,a6535a26-fdb3-5e61-89cc-a014b0e71d50,scooter,40.001248,-83.013994,,28.14,True,False,False
Veo,2c971706-1e52-53de-94af-2161cad29372,scooter,39.94202,-82.994906,,28.14,True,False,False
Veo,f6200f16-681f-5fa7-aff9-490f4bcedc03,scooter,39.985591,-83.050383,,23.02,True,False,False
Veo,f32395aa-4606-51c8-a00d-5b0d712cfb2b,scooter,39.97134,-83.002176,,27.02,True,False,False
Veo,6452053d-4e4e-5e8b-a013-7df483a8b847,scooter,40.002245,-83.01164,,26.51,True,False,False
Veo,2b0f93cd-02f8-5e3c-b162-983fe21d91ad,scooter,39.995413,-83.001708,,23.33,True,False,False
Veo,cec3563e-92ac-5c59-98f0-0b043f0f545e,scooter,39.986257,-83.005437,,21.77,True,False,False
Veo,2beb3993-c48d-57ee-8424-4baa4bf19e74,scooter,40.011969,-82.968613,,27.44,True,False,False
Veo,31d15263-11b3-567f-a93e-3d6f1fc4558b,scooter,39.965163,-83.000808,,28.14,True,False,False
Veo,cc1a9ab2-87d6-548b-99e7-7f00e1134840,scooter,39.958128,-82.992315,,27.44,False,True,False
Veo,e8d71a35-8ad9-52f9-bfdf-37d88d8e8218,scooter,39.992986,-83.01229,,21.77,False,False,True
Veo,3108297b-a4a3-5470-8a01-b6bc57700e8f,scooter,39.99867,-83.003447,,24.84,True,False,False
Veo,9083ced3-ec5d-590d-ab0f-4f84ea600790,scooter,40.00428,-83.014317,,28.01,True,False,False
Veo,4bba4104-08c6-546a-ad8a-a005ad674ffe,scooter,39.996247,-83.02717,,16.84,True,False,False
Veo,b3e38955-2ebe-589d-af88-e6ded9ccc8b5,scooter,39.942683,-82.997846,,25.94,True,False,False
Veo,c13026e4-970a-5766-bc32-9885314da3ab,scooter,39.96905,-83.000992,,28.14,True,False,False
Veo,5b360bc9-27e6-5ce4-94b5-b7236faf4d33,scooter,40.005155,-83.012065,,25.94,True,False,False
Veo,039818f4-63f4-5357-8bf9-af4b2181fbb2,scooter,40.001922,-83.018128,,13.39,True,False,False
Veo,dc6005c8-c9a1-5edd-bd2e-48e222ad0554,scooter,39.992384,-83.020231,,19.78,True,False,False
Veo,8c015942-f055-5607-adfe-a433650f4cee,scooter,40.003843,-83.012903,,27.44,True,False,False
Veo,19960248-7dd9-5d0e-9d8c-4d7421a71106,scooter,40.002394,-83.009265,,26.25,True,False,False
Veo,4ce07e61-dafb-56c7-a16d-caa04cad3d60,scooter,39.938476,-82.968973,,22.7,True,False,False
Veo,7825b6cc-84c5-5a16-8088-971c73c7400d,scooter,39.979557,-83.000564,,27.02,True,False,False
Veo,e5cb5a02-3d9d-54c6-a59c-1e727e25de63,scooter,40.006293,-83.019322,,24.84,True,False,False
Veo,0f12b661-ec9d-5c0e-b57c-80e8c7cd3f6f,scooter,40.005986,-83.009508,,26.25,True,False,False
Veo,825ca51f-9b80-5294-b34e-1f6dacb9f453,scooter,39.912616,-82.988471,,5.27,True,False,False
Veo,d62d43e1-5dbb-5bed-884d-5cf89c375d22,scooter,39.996087,-83.011131,,16.84,True,False,False
Veo,8ba38995-8a7c-538c-b3ae-6ced067c7d17,scooter,39.95949,-83.00831,,22.7,True,False,False
Veo,80cb589a-5e16-5a61-9ef6-e9094d310feb,scooter,40.000766,-83.011589,,28.14,True,False,False
Veo,139a6f88-c65c-53ee-b663-fc8ed3885ab1,scooter,39.995544,-83.040454,,25.12,True,False,False
Veo,e1b4783c-6616-5f05-9b32-844dd4e30bdf,scooter,39.974342,-83.009295,,8.78,True,False,False
Veo,c316f3ad-c52a-5d1c-9810-0ea511f83205,scooter,39.985643,-82.980909,,14.86,True,False,False
Veo,12c356ef-091a-5f82-8c07-35780128b665,scooter,39.980937,-83.003239,,27.77,True,False,False
Veo,20497404-1bbd-5ecd-87c3-43ea2d4bc099,scooter,39.956658,-82.914332,,12.07,True,False,False
Veo,08b45044-d063-5fa6-9455-5a9ecce00944,scooter,39.982753,-83.004669,,28.14,True,False,False
Veo,3ba9a0f6-4a2c-5c4f-9630-37180b43e078,scooter,39.953648,-82.974721,,11.11,True,False,False
Veo,28f2fb5b-4659-56c0-a8c3-6c4c831b131f,scooter,40.003912,-83.012963,,15.45,True,False,False
Veo,e3a16f11-d126-5cc6-890a-4826330f3898,scooter,40.002796,-83.013712,,24.84,True,False,False
Veo,d54051d5-2dbf-5a17-8c22-804d5d292a21,scooter,40.007178,-83.007657,,14.61,True,False,False
Veo,f668ad6c-2cd9-516c-85f7-527a4ff81d6c,scooter,40.001279,-83.003783,,25.65,True,False,False
Veo,ed6ba581-7a08-5ea0-9fc8-333274532a6c,scooter,40.041095,-82.943999,,25.74,True,False,False
Veo,b847b02d-6743-5b1b-b2d3-d89784a0021d,scooter,39.998023,-83.037238,,28.14,True,False,False
Veo,aac767f5-8a3d-542a-b76f-c8d7f936934a,scooter,39.974936,-82.967833,,28.14,True,False,False
Veo,1ca61ae0-50ab-586f-b0fe-4f02bd3bf716,scooter,39.944934,-82.980913,,14.43,True,False,False
Veo,c707fd95-0e70-543d-95cf-744099908640,scooter,39.955231,-82.964124,,26.51,True,False,False
Veo,28006fe7-f6a4-56a9-bc6a-e1da8292c86f,scooter,40.001224,-83.015495,,18.67,True,False,False
Veo,538ba0d9-9ac4-58c5-b6ec-649ada317798,scooter,39.947764,-83.061975,,22.39,True,False,False
Veo,e8187c6f-491f-52ee-bd69-5da3e9f199c3,scooter,39.996863,-83.013734,,28.14,True,False,False
Veo,ef5039b2-cb38-5127-9806-da10fc8e4cc2,scooter,40.017201,-82.96782,,28.14,True,False,False
Veo,297ef632-e230-56a7-acb4-6182a4567a49,scooter,40.012419,-83.002472,,14.43,True,False,False
Veo,73742fcc-0d5d-5feb-b4c6-08e1f5508c4d,scooter,39.969501,-82.965993,,14.61,True,False,False
Veo,f77715f4-58d6-5dd5-bb8b-81057441397e,scooter,40.004069,-83.014492,,21.77,True,False,False
Veo,b85020ce-e97d-5d88-9d8f-941e314cdda9,scooter,40.003744,-83.012897,,9.02,True,False,False
Veo,739d9261-79b4-50f2-bba0-e1a0382c5ef4,scooter,39.989806,-83.005136,,24.33,True,False,False
Veo,f5c96f7f-b34a-50d0-aa00-1d8c07b2e8be,scooter,39.99136,-82.999376,,15.18,True,False,False
Veo,6ba0349b-a761-581f-b16a-eb3ecb74af3c,scooter,39.948728,-82.982691,,28.14,True,False,False
Veo,a4d0f445-24b7-51f3-8dc4-523e57ce5e3d,scooter,39.960292,-82.958,,9.29,True,False,False
Veo,8bac4815-6063-5b2d-9b4c-47b5db96e7a8,scooter,40.00386,-83.012913,,14.43,True,False,False
Veo,9ccd7ef5-510b-565b-a546-a833d229f87b,scooter,39.989594,-83.01766,,23.02,True,False,False
Veo,c3b7488b-d40b-5344-9655-551b075d93cf,scooter,39.986902,-83.009426,,25.12,True,False,False
Veo,7a316c17-c9da-5616-b7fe-62ab0dca0d82,scooter,40.006201,-83.016717,,9.02,True,False,False
Veo,3aac5d0d-bff8-5a0d-aecd-49dc251e2946,scooter,40.003836,-83.012902,,28.01,True,False,False
Veo,46050e99-f39d-5ef4-9b2b-abece46cde9c,scooter,39.967567,-83.014565,,26.51,True,False,False
Veo,a911d517-77cf-59e7-b7b2-6b3631d08e20,scooter,40.016446,-83.022692,,7.29,True,False,False
Veo,10f26a91-ee52-574b-a1c4-39e5575797a5,scooter,40.002276,-82.998418,,28.14,True,False,False
Veo,8c5719c3-5e10-535f-a222-92e196e0b1ee,scooter,40.001968,-83.014088,,22.7,True,False,False
Veo,a1d38ccf-d89e-5d97-a208-b348f4e8cddc,scooter,40.032052,-82.972661,,21.49,True,False,False
Veo,11050725-c81d-5bad-8377-5f4fbd4bc0e9,scooter,39.984985,-83.016636,,14.17,True,False,False
Veo,5896d706-5460-56e0-9de1-07c3a6b5ec56,scooter,40.000366,-83.009988,,24.33,True,False,False
Veo,01f304ba-4e9b-5e18-af9f-57570d457580,scooter,39.958636,-83.03072,,28.14,True,False,False
Veo,ae8699f1-808b-509c-a96b-ff642501cf31,scooter,39.950134,-83.000236,,28.14,True,False,False
Veo,9e32af39-3bf9-5f5d-a50e-e400b22820c4,scooter,40.003849,-83.011552,,10.79,True,False,False
Veo,8b90d062-9330-5cf0-908d-d47a7fdf3c5e,scooter,39.994692,-83.007688,,25.74,True,False,False
Veo,1c384ce9-5dde-51d3-9b47-1ae9b9c610ec,scooter,40.004109,-83.013096,,15.18,True,False,False
Veo,3ba682b5-75ec-5a0a-b4d4-6d9e100fe0ad,scooter,40.003564,-83.014731,,12.87,True,False,False
Veo,9579f535-abbf-53cc-bf7d-4658462d8177,scooter,39.949956,-82.998162,,27.77,True,False,False
Veo,61d9d821-f87f-5b7a-8063-794aa74b26d0,scooter,39.98064,-82.99813,,28.14,True,False,False
Veo,6a4fab39-4ed8-56cc-8286-e4d945b57e9f,scooter,40.014906,-83.010038,,24.06,True,False,False
Veo,4bfbb550-f825-5333-a8d9-c029e8fb953e,scooter,39.994715,-83.013964,,25.34,True,False,False
Veo,18f949f9-54a0-5b8e-af7f-732bc69f802c,scooter,39.995469,-83.014607,,27.44,True,False,False
Veo,c9009b5f-c08b-56f8-b545-e2345242f84e,scooter,39.94833,-82.941783,,28.14,True,False,False
Veo,f8e962a5-a4cc-5e08-add7-40febb0279f7,scooter,39.970712,-83.00197,,25.12,True,False,False
Veo,6f09c7c2-9ce5-52f2-b557-35453c38f60d,scooter,40.005848,-83.009245,,24.06,True,False,False
Veo,e9df6294-4932-5aef-a402-fe5881bcf097,scooter,39.960604,-83.013112,,16.84,True,False,False
Veo,89589201-e857-567c-a9c5-1c2f10122c00,scooter,39.957476,-82.990086,,28.14,True,False,False
Veo,84baf767-e726-526d-8f08-5f3cfb6ad955,scooter,39.955769,-83.014274,,14.17,True,False,False
Veo,0fe2161c-617a-5a93-8cad-bd26d054abda,scooter,39.95209,-83.117158,,14.61,True,False,False
Veo,992e4d07-e11c-5f77-87ec-7a280fa180c0,scooter,39.960752,-83.020985,,23.33,True,False,False
Veo,338899df-41b0-50b0-ab53-014cd34fd5a6,scooter,40.002641,-83.027414,,28.14,True,False,False
Veo,9d5f6b24-420d-5833-bb17-3d8866948168,scooter,39.957368,-83.011378,,27.77,True,False,False
Veo,ce1b0ffa-6f14-5fe0-b96e-260cb7d51685,scooter,39.958627,-83.012805,,27.77,True,False,False
Veo,4bfe936e-2c66-53dd-9566-bf043b4afaa8,scooter,39.99841,-83.004504,,14.86,True,False,False
Veo,e048a12b-b412-592e-bece-9f7464804c8d,scooter,39.998679,-83.021441,,25.94,True,False,False
Veo,c90ed2df-b17a-5779-8764-e7a011915c77,scooter,39.949202,-83.001065,,27.02,True,False,False
Veo,d4910818-2b10-5f4d-9b3d-04304cb97872,scooter,40.001633,-82.976131,,13.39,True,False,False
Veo,a5d9d593-5024-58b2-8d60-1f89e5921e5f,scooter,39.954456,-83.023438,,24.06,False,True,False
Veo,70bd7577-22d8-557f-953e-07d4d14c6fa1,scooter,40.002884,-83.014852,,19.78,True,False,False
Veo,e4962954-79bc-510c-8807-8f5b32c39390,scooter,39.957149,-82.917983,,24.06,True,False,False
Veo,c0ee8b45-92ad-5f55-9dd9-5c0fbcab4455,scooter,40.000216,-83.011043,,15.89,True,False,False
Veo,e36430af-10bc-5ab6-808f-bf22969a7fab,scooter,39.980806,-83.005564,,11.83,False,True,False
Veo,c580162f-257a-5a98-9e98-5114ec5b201f,scooter,39.995767,-83.020997,,28.01,True,False,False
Veo,7625d777-1d19-569c-869d-7609e2cee4bf,scooter,39.992296,-83.019376,,22.7,True,False,False
Veo,14447bc1-2b6e-5cdf-bcd8-c198a6c9616a,scooter,39.954512,-82.981695,,28.14,True,False,False
Veo,9341d621-c0c8-5c43-9411-38eb63e18bdf,scooter,39.963181,-82.950916,,22.7,True,False,False
Veo,7ec2ac34-8afd-54db-b5bb-f8be2ba2675c,scooter,39.998804,-82.998917,,24.84,True,False,False
Veo,04cfb145-60b9-5b90-9dc3-f6d8c08bd65f,scooter,39.95737,-83.011407,,27.44,True,False,False
Veo,973d1cc6-3d1a-58f5-a275-bb143f62840c,scooter,40.012163,-83.008615,,14.17,True,False,False
Veo,e4616a15-60ec-556b-95c1-4fdbc6579108,scooter,39.977354,-83.011029,,28.14,True,False,False
Veo,36fbcf46-f25c-5355-b0c3-6644aa4b0ecd,scooter,39.954512,-83.074963,,14.61,True,False,False
Veo,779de080-4839-5008-82cd-14fe13730fc4,scooter,39.986147,-83.036314,,28.14,True,False,False
Veo,980f432f-6eaa-596f-a5e5-899fa6037f0c,scooter,39.998748,-83.009859,,4.92,True,False,False
Veo,d202c25f-2055-5f24-ab63-99768281bee5,scooter,40.003915,-83.012884,,27.77,True,False,False
Veo,3459a359-7758-5673-9e6d-431fd6cd7ca3,scooter,39.956651,-82.977102,,25.34,True,False,False
Veo,42c6d68a-b3e2-51b8-aa57-a2b8642c0500,scooter,39.99081,-83.005551,,13.39,True,False,False
Veo,32e4fe0c-bba0-564a-ba21-4f662bb380c5,scooter,40.101023,-83.108195,,28.14,True,False,False
Veo,0bf08c6d-c77e-5cd0-ad5a-2a18187273da,scooter,40.008679,-83.011728,,11.83,True,False,False
Veo,2e537b99-b515-5df8-87b4-56baaa3236bd,scooter,39.997541,-83.026828,,28.14,True,False,False
Veo,719e3483-bbc4-53e0-babf-f45d46ea4630,scooter,39.958321,-83.002672,,28.14,True,False,False
Veo,9311ac06-eb63-559d-bd3b-a83810b68aff,scooter,40.011607,-83.02691,,11.59,True,False,False
Veo,428da274-5b53-533c-8327-d2678d4d01c1,scooter,39.942641,-82.997781,,12.87,True,False,False
Veo,672c6575-7a06-50e9-9995-404216193f68,scooter,39.952399,-83.07433,,16.84,True,False,False
Veo,09a3a907-d1d9-53f3-bbd9-c634fdd7d76c,scooter,39.991796,-83.000447,,25.12,True,False,False
Veo,51c2a8e8-3d06-5a7c-b90c-c70c78862dc1,scooter,39.933245,-82.982527,,16.39,True,False,False
Veo,bfdfe542-11dd-5852-9d2f-ee3575ed127c,scooter,40.001237,-83.014432,,25.65,True,False,False
Veo,4119ec2f-257e-59da-887e-3eae2f7f9d7b,scooter,39.998804,-83.011134,,19.39,True,False,False
Veo,09f0e85e-7ac0-5fea-b7c5-95420109ee6b,scooter,39.976363,-83.01636,,23.02,True,False,False
Veo,8aa8c05a-843a-5c65-924c-b60ae367fc7b,scooter,39.987346,-83.012896,,25.34,False,False,True
Veo,e65a8ce7-97c4-5051-94ca-aa09844e056d,scooter,39.957169,-83.095308,,28.14,True,False,False
Veo,98127918-0cb1-5adb-84c6-9787e1a30ae0,scooter,39.991684,-82.995674,,22.39,True,False,False
Veo,44fee468-964c-5066-8fe9-3569f0b02706,scooter,39.976821,-83.012927,,28.14,True,False,False
Veo,fd4f4c4a-a22d-588c-b4f7-c81d8cc0841e,scooter,39.958859,-82.990132,,28.14,True,False,False
Veo,a70a1485-ee2a-5eba-bb17-9e5ccd93bb9b,scooter,39.970511,-83.007616,,26.51,True,False,False
Veo,b97f1680-fa43-5c64-8334-8eaa6457f662,scooter,39.957398,-83.011353,,26.25,True,False,False
Veo,f438be88-1fcd-5c8b-a52a-389e074d048e,scooter,39.94484,-83.044614,,28.14,True,False,False
Veo,e372b7af-e97a-56e9-8a43-0f010dcb8436,scooter,39.956404,-83.009471,,24.06,True,False,False
Veo,bc0fc2a0-c9c3-5110-bf19-55391c8c98ce,scooter,39.955232,-83.055202,,14.43,True,False,False
Veo,6d995637-e999-569d-9f65-7ce0f9ee052d,scooter,39.986915,-83.009453,,24.84,True,False,False
Veo,66c7c8f0-1c3e-568d-b1d0-6a554bd5d9eb,scooter,39.951662,-82.913665,,24.06,True,False,False
Veo,2f716a6e-765a-52e1-8c34-60fd4c617fdb,scooter,39.949905,-83.009653,,27.77,True,False,False
Veo,2f67dfce-020e-57a6-a750-39d0765b2408,scooter,39.925614,-82.963257,,9.97,True,False,False
Veo,6b9640c0-d975-510e-ab20-0aef09e89fd3,scooter,40.014953,-82.9594,,13.39,True,False,False
Veo,36a27cb9-ed88-5c3c-8f9d-a6e3ad49371a,scooter,39.977348,-83.010991,,25.74,True,False,False
Veo,f804b9cf-9370-53d2-af2f-79570e8ddec8,scooter,40.001258,-83.015314,,9.65,True,False,False
Veo,5f357aa3-4b61-56de-82fc-138cda6c2b05,scooter,40.006483,-83.009216,,28.14,True,False,False
Veo,5b2eb8a0-c455-5dd6-ad3f-b5a48235a8e9,scooter,39.94824,-82.997859,,16.84,True,False,False
Veo,2cfda432-fa4f-50c8-92d3-058df942fe07,scooter,40.015071,-83.011446,,28.14,True,False,False
Veo,e7fc8914-356c-5c2f-add9-cf4f36267696,scooter,40.003944,-83.012956,,16.84,True,False,False
Veo,fe07dc77-b2e7-547f-bbe7-1b16cd4b823f,scooter,39.965786,-83.007742,,21.77,True,False,False
Veo,090c7539-dd31-5d00-949e-0758ca2ecfea,scooter,39.941432,-82.963738,,22.7,True,False,False
Veo,475ca0ac-fad8-5a4f-b018-59d4a0c1b265,scooter,39.982789,-83.004647,,17.37,True,False,False
Veo,f775beeb-064c-5b70-b033-ff04a6267663,scooter,40.007291,-83.015142,,28.14,True,False,False
Veo,7deeda3c-fae2-5ad4-b20b-bb4e4e1a943d,scooter,39.981469,-83.005591,,28.14,True,False,False
Veo,65c741ec-3f57-5d91-81a0-2fd0569db3cf,scooter,40.010359,-83.021193,,9.02,True,False,False
Veo,0c22b024-b126-540e-8ad6-af6960447a7e,scooter,39.995894,-83.014707,,14.17,True,False,False
Veo,db9ed841-0ea4-51db-a59f-d610a6385cbb,scooter,40.001301,-83.003738,,24.84,True,False,False
Veo,55d7569a-09e7-50ad-9afc-e6adc6571ff6,scooter,40.015872,-83.030611,,8.78,True,False,False
Veo,e0609a96-043d-5556-8edc-61a11b00c305,scooter,40.002713,-83.027397,,25.12,True,False,False
Veo,efff2a57-647b-5374-a96d-0de180a11881,scooter,39.969419,-82.999692,,25.65,True,False,False
Veo,17b51822-a7fc-5afe-881b-e2e3bc8987c6,scooter,39.997068,-83.018075,,19.05,True,False,False
Veo,909d97ea-4365-5afa-a43c-bbc9284ce580,scooter,39.983992,-83.005016,,27.02,True,False,False
Veo,d468976e-7212-504a-8186-1b4997886a53,scooter,40.003999,-83.014178,,27.02,True,False,False
Veo,36dcc998-e5b0-582b-be98-5782b6c71fa2,scooter,39.942871,-83.045194,,12.63,True,False,False
Veo,e0c1b8e4-16b1-57b7-9ec5-e181e2e1a66e,bicycle,39.982134,-83.014134,,26.78,True,False,False
Veo,e73978d0-de41-596c-8475-edc414e86a3f,scooter,39.966224,-82.998832,,28.14,True,False,False
Veo,023b8685-ba7b-5f75-bbca-47be672377cf,scooter,39.998649,-83.025881,,24.33,True,False,False
Veo,0afcaef5-a699-53b1-afdb-e920c2a0d188,scooter,39.99783,-83.007469,,11.11,True,False,False
Veo,4a424571-bfd4-524f-934a-74cf923802bf,scooter,39.975049,-83.009549,,15.18,True,False,False
Veo,d51c4f1a-0ebb-5d67-88cd-e80dbe60bd69,scooter,39.997831,-83.005666,,22.05,True,False,False
Veo,5922bc96-a397-545c-9abf-d84f94c6d6cb,scooter,39.97807,-83.004495,,28.14,True,False,False
Veo,34630e68-4cff-5f43-a32a-ed43def8cd06,scooter,40.022273,-83.029046,,28.14,True,False,False
Veo,a0f07c33-193b-5eb7-8cb7-43682cfef588,scooter,40.002039,-83.00326,,11.59,True,False,False
Veo,37617a78-c200-52f5-9704-49c5c1723e57,scooter,40.000437,-83.009731,,28.14,True,False,False
Veo,4175f78b-5a32-5aec-958a-fc65792302ea,scooter,39.995459,-83.014517,,27.44,True,False,False
Veo,91bc1f8e-8df7-5903-9420-0f2c68959e39,scooter,39.995455,-83.014559,,28.14,True,False,False
Veo,932909b2-acd5-5983-b544-84d4676af853,scooter,40.037948,-82.969871,,16.39,True,False,False
Veo,4dbb2d04-e8e5-56c7-9428-e6772854bc8b,scooter,40.003554,-83.014839,,24.84,True,False,False
Veo,d6f7746e-db6e-5aa4-8865-f9a0444d10b2,scooter,39.993904,-83.019904,,21.77,True,False,False
Veo,438a5051-801f-5c23-9ae2-dca3343c2d7d,scooter,39.961362,-82.986973,,28.14,True,False,False
Veo,651f1c8f-c8bf-5e48-be9f-e79f0661e825,scooter,40.004742,-83.024801,,27.77,True,False,False
Veo,f53faca8-dd2c-57da-9147-9e301b89120e,scooter,40.004602,-83.01267,,26.78,True,False,False
Veo,b4fab6ee-62e6-50d1-8295-594cb41d01d5,scooter,39.974513,-83.015564,,13.39,True,False,False
Veo,54c14406-70ae-562b-b748-a5c684d7c3cf,scooter,40.003854,-83.012977,,26.25,True,False,False
Veo,75d77ed0-0dbf-56d8-af3a-d746afe57d9f,scooter,40.013107,-83.028549,,24.33,True,False,False
Veo,3c51d122-550c-5967-aa09-b4a52957b767,scooter,40.03046,-82.929896,,12.28,True,False,False
Veo,0875eda6-2329-5245-88a0-d14e90934d53,scooter,39.997557,-83.0077,,15.18,True,False,False
Veo,77d1040a-e7ab-54e4-8736-bccfe322cfd1,scooter,39.958445,-83.002836,,28.14,True,False,False
Veo,3032e6b0-49ef-5c18-b01a-387002614280,scooter,40.003933,-83.012922,,28.14,True,False,False
Veo,29174b5e-3b5c-5d50-a099-8b5baecd2c03,scooter,40.005853,-83.009305,,14.61,True,False,False
Veo,c7fee96f-e898-50ad-9f0e-edf5ed5475cb,scooter,39.998696,-83.003927,,27.44,True,False,False
Veo,6f52c951-4920-59c4-9bd7-d506e773904a,scooter,39.995415,-83.000549,,6.98,True,False,False
Veo,603cbd10-158b-563a-8b21-accaa08cacbc,scooter,39.977207,-83.004664,,28.14,True,False,False
Veo,6f7532cf-47b1-5b8a-9d74-af0af7ae5824,scooter,40.031212,-82.997736,,21.49,True,False,False
Veo,613a9602-cf3d-56ea-b3a1-96b39f2861dc,scooter,40.004168,-83.008669,,14.17,True,False,False
Veo,3c925f3f-29f8-565d-b680-183949068f70,scooter,39.964074,-83.002028,,22.7,True,False,False
Veo,a19bc0a7-fb29-5e70-b45d-e0aeb09a82ec,scooter,39.974241,-83.018553,,28.14,True,False,False
Veo,d6f3e07d-9500-5c74-884c-1c87c326ff98,scooter,40.007668,-83.011748,,26.51,True,False,False
Veo,a794c44e-c0fa-5cc3-a1be-f28a1b650e2b,scooter,39.957009,-82.911914,,3.13,True,False,False
Veo,f10b88eb-82c9-5b14-8d4e-ffc7cdb862ee,scooter,39.965278,-83.009182,,28.14,True,False,False
Veo,a53991d9-e3c9-5fad-8dde-7dd82fc42368,scooter,39.942004,-82.994965,,28.14,True,False,False
Veo,813ba85b-66cb-5fd9-9a59-fbc180e85a01,scooter,39.971875,-83.008648,,26.78,True,False,False
Veo,24e2f589-cdcd-5030-932e-da7f442f91f3,scooter,39.940035,-82.97781,,8.43,True,False,False
Veo,7ca8ec84-99d3-5274-914a-212a1ffdaf2f,scooter,40.000155,-83.00795,,28.14,False,True,False
Veo,b693dd10-b6cf-5a36-a51c-a5308c42272b,scooter,39.997569,-83.026796,,21.15,True,False,False
Veo,c36a3a9e-a5a3-5952-9439-0fd4dd6bbf34,scooter,39.998112,-83.039644,,28.14,True,False,False
Veo,5c299690-8e6b-5897-b30f-9d3a596f66ed,scooter,39.983181,-82.999637,,16.39,False,False,True
Veo,4918c039-7ff6-5f29-990c-8df1ab01545f,scooter,40.081823,-83.03601,,5.59,True,False,False
Veo,218735d2-3468-561d-b4a9-60483e93ed83,scooter,39.984976,-83.038205,,3.81,True,False,False
Veo,dee986f4-9a34-5fcd-bf68-2dd5ccdb1852,scooter,39.996652,-83.002143,,28.14,True,False,False
Veo,903b7863-aa45-5b14-ba5e-f50b19c96aab,scooter,39.951753,-83.035781,,23.33,True,False,False
Veo,1972baaf-a12a-58c3-82d4-f39a79eebc61,bicycle,40.008217,-82.998245,,16.39,True,False,False
Veo,76c81efd-c433-5bb4-8a64-b12b2b47e1c7,bicycle,39.947172,-83.0433,,4.19,True,False,False
Veo,1a125fc2-d6ed-5ffa-890a-c3a582acee85,scooter,39.976196,-83.004372,,27.77,True,False,False
Veo,27d0b68c-030d-5f36-a0a5-bb09860bb9d9,scooter,40.032692,-82.991424,,28.14,True,False,False
Veo,41155b57-f1fc-5f23-96a5-a52463c809e8,scooter,40.003423,-83.016627,,28.01,True,False,False
Veo,cdb679e9-2cb3-55de-acdf-0dd27c6d1713,scooter,39.944801,-83.044623,,24.06,True,False,False
Veo,0f8662cc-bf74-5171-ae17-72cafe9da1e2,scooter,40.002339,-83.015397,,28.14,True,False,False
Veo,3e6428d1-ecd5-5dbd-aedb-85ebe37ac447,scooter,39.963787,-82.98115,,28.14,True,False,False
Veo,f519622c-e17f-5d4e-98e9-0ba18960eeed,scooter,39.998756,-83.02141,,25.65,True,False,False
Veo,7e727e28-c3be-5c2f-bbeb-204663158f14,scooter,40.005539,-83.011472,,9.29,True,False,False
Veo,b318ddac-66e0-5fd0-9718-b00d5006abad,scooter,39.989774,-82.997457,,27.44,True,False,False
Veo,6c787ee9-137a-5529-906a-a0d00101bb11,scooter,39.960389,-82.958005,,10.51,True,False,False
Veo,e491f8ad-2857-5601-8d67-8ed36bbbfdf2,scooter,39.986207,-83.00025,,27.02,True,False,False
Veo,d9c7296f-8d02-5519-973b-c63d7cae8e34,bicycle,40.005547,-83.009141,,14.17,True,False,False
Veo,ea9fd957-4b7c-5c38-a2b8-78579abc1c1b,bicycle,40.02981,-83.027876,,24.33,True,False,False
Veo,b4659721-42cd-5d1c-9b3d-d54b3e1e5581,scooter,40.00219,-83.014118,,28.14,True,False,False
Veo,0c484f8d-40fa-5d6a-addc-740f77a6be91,scooter,39.996179,-83.010542,,11.59,True,False,False
Veo,da4ecf2a-3787-56c5-88a2-7e9fe353f927,scooter,39.943058,-83.037971,,17.89,True,False,False
Veo,30a53463-b1eb-526e-9305-2d6f81659923,scooter,39.958071,-82.995912,,25.34,True,False,False
Veo,20499482-69ad-5ea2-a698-864c8c6dc7fd,scooter,39.972073,-83.003415,,27.02,True,False,False
Veo,bfbe1639-d669-5b9d-984e-89f91fbb5901,bicycle,39.92736486368748,-82.97824739056534,,25.12,True,False,False
Veo,5d9b2e54-910d-581e-8e5d-83aceff7d894,bicycle,40.002819,-83.042347,,28.14,True,False,False
Veo,9edbf5c4-9fbc-5665-b440-18650586ccd8,bicycle,40.098857,-83.114489,,28.14,True,False,False
Veo,357b336b-ec4d-578e-a0e7-00d5ebce7451,bicycle,40.003406,-83.019688,,28.14,True,False,False
Veo,bee724ef-dd7f-54f8-b64d-462a40164805,bicycle,39.954382,-82.997113,,3.13,True,False,False
Veo,450de3ac-b283-5d67-9d97-6bad6cbdca5f,bicycle,40.003957,-83.010859,,1.15,True,False,False
Veo,590a74c9-ba55-5c2e-b1d2-92a2eb1bf851,bicycle,39.985244,-83.006299,,25.12,True,False,False
Veo,5ccb42c0-313e-5c87-94ae-a25397a43204,bicycle,39.991471,-83.005999,,25.94,True,False,False
Veo,ace233f0-95ba-52e9-ba61-84aa929072ad,bicycle,40.03048,-83.031084,,2.12,True,False,False
Veo,f2ec6199-f14a-51ab-ad47-f54a7ad569be,bicycle,39.976293,-82.979246,,25.34,True,False,False
Veo,20d4d5a8-e9f4-50c4-bf02-3a8064d43176,bicycle,40.021527,-83.029716,,15.18,True,False,False
Veo,a65ea3b6-f814-5276-8f76-55ff0017039b,scooter,40.022672,-83.046317,,12.63,True,False,False
Veo,08ecf2e7-6d7d-5b41-8a07-2f976ee016ea,scooter,40.011531,-82.978096,,28.14,True,False,False
Veo,332d4eca-de29-5da1-a30d-e1157c9522de,scooter,39.963077,-82.958035,,28.14,True,False,False
Veo,aca3013b-e833-515b-b6b3-60b98e8ae9f3,scooter,39.99441,-83.005774,,13.64,True,False,False
Veo,041ce3f9-96db-5828-afbe-2959470a9635,scooter,39.958158,-82.97955,,24.84,True,False,False
Veo,3bbb8da9-4ac8-5c5f-8e60-be60f20f991d,scooter,40.032683,-82.990816,,14.17,True,False,False
Veo,0fb31dd9-8a9e-5751-8c77-d0cfddd44cd5,scooter,40.001278,-83.00377,,27.44,True,False,False
Veo,cb52fcfb-b4bf-5b28-8029-579e7470c0d2,scooter,39.961389,-83.006443,,14.43,True,False,False
Veo,3e436df7-d57b-5309-b510-77c134a60013,scooter,39.95355,-82.997696,,14.61,True,False,False
Veo,c95554fd-3c52-5ffa-a4a0-293320bd98a8,scooter,39.998423,-82.996311,,27.44,True,False,False
Veo,c3a6461e-c246-5877-a7a6-1667e9b32987,scooter,40.062701,-83.016648,,28.14,True,False,False
Veo,4dfd48fb-9372-5804-8435-166e211db375,scooter,39.997081,-83.007293,,23.02,True,False,False
Veo,6a769930-2cd5-5501-9ad8-14c6efe9d338,scooter,39.969118,-83.001025,,14.86,True,False,False
Veo,f62e53a5-8b5f-52d8-bb85-2b69a116ad9f,scooter,39.97254,-82.97149,,7.62,True,False,False
Veo,b6155c52-db8f-5c48-8b54-e3343e9c3f99,scooter,39.986238,-83.005436,,28.14,True,False,False
Veo,cccb466c-b9bf-59c1-8e73-4b45a7a3978e,scooter,39.993148,-83.026989,,11.59,True,False,False
Veo,25f75d07-5a1b-5bdb-8021-351fec621062,scooter,39.950716,-82.997441,,28.14,True,False,False
Veo,678c1f9b-52d5-570e-957b-d4021d3766d2,scooter,40.030485,-82.973497,,16.39,True,False,False
Veo,5853f5fe-bb19-5c34-8adc-ada17fc99987,scooter,39.952152,-83.000642,,28.14,True,False,False
Veo,e5370672-fe52-53ff-a3ec-dd8b4fc57fc6,scooter,39.990291,-83.007949,,9.65,True,False,False
Veo,43874044-35df-5c70-bdac-d3a6d26a2032,scooter,40.013621,-83.02659,,11.11,True,False,False
Veo,f81afa49-3d29-539d-9387-7899736245c3,scooter,39.995985,-83.015879,,28.14,True,False,False
Veo,2ac1d2b4-d6d9-5bc7-9375-b31079ec6d30,scooter,39.940566,-82.958165,,20.37,True,False,False
Veo,b044c131-f04a-56d8-9a6f-1e29576e6a54,scooter,39.948983,-82.94835,,5.59,True,False,False
Veo,bf593dc4-24c8-57f5-b910-5659cf257137,scooter,39.962382,-82.992345,,25.34,True,False,False
Veo,176510d4-1edd-57c0-9e19-ed763ad4f8a9,scooter,40.02266,-83.018663,,26.25,True,False,False
Veo,64203b6e-6556-5088-bc23-c06eaf406d73,scooter,40.002876,-83.002958,,27.44,True,False,False
Veo,f6e56a6b-117f-590e-9c53-fab90057d5fb,scooter,39.961098,-83.010854,,25.34,True,False,False
Veo,bac7f09e-b265-544f-b172-0d260f1dc1f0,scooter,39.966094,-83.003262,,14.43,True,False,False
Veo,e879361c-fd10-54e1-87c8-bf070cca3c8f,scooter,40.052763,-83.046796,,22.39,True,False,False
Veo,be95008a-8aec-57d8-8d03-d233d67c71d5,scooter,40.013484,-83.029163,,13.64,True,False,False
Veo,e2c7ee98-6905-5dd9-a5a0-8d10f8b5811a,scooter,40.002334,-82.997828,,28.14,True,False,False
Veo,885f0c90-fcda-54f8-914d-ffbb33cdcc4f,scooter,40.001956,-83.012575,,28.14,True,False,False
Veo,cc22b941-c3ff-5245-8b57-96478bd523b8,scooter,39.959071,-83.001958,,14.86,True,False,False
Veo,f4a2d030-a082-55e8-8bf9-b27217fe7a6e,scooter,40.014628,-83.013512,,28.14,True,False,False
Veo,49259fbf-c4ce-5137-bc4a-7f020be0b773,scooter,39.967406,-82.977239,,7.29,True,False,False
Veo,b57c29a8-1b0b-5b14-a946-010a53415d41,scooter,39.967597,-83.01353,,26.78,True,False,False
Veo,c089f21e-565f-519e-bbe3-df8cde5b31a3,scooter,39.963843,-82.998658,,23.02,True,False,False
Veo,b3fab04d-4c26-5cd1-9d1e-5c6567dd988a,scooter,40.025699,-82.982997,,24.06,True,False,False
Veo,d282dea5-059d-5d54-bd83-1134c5e9707b,scooter,40.010988,-83.008757,,22.7,True,False,False
Veo,c8aa8c24-3071-5ee1-b355-9528f09b84e2,scooter,39.969061,-83.001051,,28.14,True,False,False
Spin,0149f055-69db-4821-a645-aa5ca2243b39,e-bike,39.987494250000005,-83.027267,37.0,9.95,False,False,True
Spin,9c6bab5e-9149-4844-9294-981164b425fd,scooter,40.012836,-82.968366,81.0,22.98,True,False,False
Spin,a8e8a733-e959-41e1-a534-5631a03c273e,scooter,39.962383,-82.969095,63.0,17.27,True,False,False
Spin,c4b37a1d-6256-44d3-ac47-008b7add2cdf,scooter,39.960706,-83.021031,25.0,6.73,True,False,False
Spin,f07ab01b-1eff-4535-8651-479e5870ed4a,scooter,39.948054,-83.049359,51.0,14.4,True,False,False
Spin,20d84e64-3706-4e43-913e-32bccffddb09,scooter,39.957598,-83.011434,47.0,13.48,True,False,False
Spin,04d72985-c902-40dd-972b-38092d668352,scooter,39.954603,-83.024956,61.0,17.46,True,False,False
Spin,12045bb7-404c-4a58-96a5-323de4e83428,scooter,40.01057,-82.992161,15.0,4.1,True,False,False
Spin,d710fe0f-be10-4164-863b-131f9b7d5c8c,e-bike,39.95599193333333,-83.01252950000001,47.0,12.88,True,False,False
Spin,d3a7fe27-244c-4e8f-a2ce-df90c10add9e,scooter,39.927617,-82.995531,42.0,11.95,True,False,False
Spin,d6e3f632-8887-48be-a803-7315227bdc77,e-bike,39.98851335,-83.00662499999999,76.0,20.78,True,False,False
Spin,c3971b16-8993-4d26-b081-c2eab92756d4,e-bike,39.993481833333334,-83.01024799999999,56.0,15.22,True,False,False
Spin,3678a38d-78ca-4cba-9fd7-8fb01557fd59,scooter,40.014256,-82.991426,59.0,16.1,True,False,False
Spin,187ed115-2892-4827-b49e-0d00bee1377c,scooter,40.014289,-82.991197,61.0,17.46,True,False,False
Spin,c554fcbf-a5b8-4460-83d8-90968d374b6e,scooter,40.014054,-82.974491,73.0,20.83,True,False,False
Spin,26197dd6-672a-4293-bf9f-1151312db783,scooter,39.956593,-83.01327,81.0,21.95,True,False,False
Spin,a10d9c74-7a09-49de-bf6b-215a52da5953,scooter,39.958369,-83.021459,38.0,10.72,True,False,False
Spin,07afd442-bd46-4e86-b5ed-67579408785e,scooter,39.962399,-82.969095,44.0,12.0,True,False,False
Spin,12511da9-0877-4740-a448-c3196956bbe5,scooter,39.98543665,-83.0031052,54.0,14.63,True,False,False
Spin,d1cca554-ac55-4f7d-a1e7-7542bc40866c,scooter,39.996469,-82.955335,77.0,21.07,True,False,False
Spin,d7af6b42-aae7-4095-b9a5-f7a5f9cb422a,scooter,40.01655,-82.969236,56.0,15.93,True,False,False
Spin,1901e7a1-d93d-4aa0-9651-f6a5c04ca2c9,scooter,39.957092,-83.002116,52.0,14.05,True,False,False
Spin,64dcc35d-cef9-475a-a1e7-cd60d9e4243c,scooter,39.993221,-83.011634,59.0,16.1,True,False,False
Spin,d723639f-1577-462e-9534-8f2d03e88d87,scooter,39.962417,-82.969118,22.0,5.85,True,False,False
Spin,cdc0286a-f7cb-4eb2-a12b-798547ae1493,scooter,40.014441600000005,-83.0104482,26.0,7.02,True,False,False
Spin,f9d42d24-3427-4baf-8764-88a55b7bfc72,scooter,39.97372485,-82.97550735000002,66.0,17.85,True,False,False
Spin,08459aa4-226f-413e-82b1-b6bee283d212,e-bike,39.992347933333335,-83.00821380000001,51.0,13.76,True,False,False
Spin,935f5dcc-5345-4629-9473-b44f0e07fad9,e-bike,39.993849733333334,-83.0058172,49.0,13.46,True,False,False
Spin,40141e05-7724-481f-8a68-cf2adfe44aad,e-bike,39.94385333333333,-83.08014333333334,75.0,20.49,True,False,False
Spin,28447168-b3ee-428d-a55f-b0feef739f53,scooter,40.017145,-82.96554,57.0,15.51,True,False,False
Spin,0ed27c88-19de-44e1-a9ea-bf2cc679843f,scooter,39.955933,-83.012653,83.0,22.54,True,False,False
Spin,55546dc9-79ca-414c-b68b-62f52707f65f,scooter,39.968656,-82.968216,65.0,18.38,True,False,False
Spin,c515c7f7-b4fb-4df7-b505-28d95f1f05f8,e-bike,39.963231433333334,-82.98137963333332,59.0,16.1,True,False,False
Spin,df7e5fb6-10b4-4bdc-8db2-f920c03367d3,scooter,39.945889,-83.009021,73.0,19.9,True,False,False
Spin,1a6d5d75-1607-41bf-9728-5d28aaf5f096,scooter,39.940438,-82.983434,22.0,6.13,True,False,False
Spin,96b9b1d8-3fb0-4688-a9da-d973bfcfe343,scooter,39.95711453333333,-83.007066,81.0,21.95,True,False,False
Spin,08d1f0cd-5eb7-4393-89b9-dd01290b3b15,scooter,39.958247,-83.0213,68.0,18.44,True,False,False
Spin,c7a6c059-44a3-4289-a267-212ceac117d1,e-bike,39.983806666666666,-82.94245666666666,65.0,17.56,True,False,False
Spin,e56ad4a9-fb60-4e5e-9300-21134dc67ba8,scooter,40.0022677,-83.00334310000001,33.0,9.07,True,False,False
Spin,a33e6a87-91a0-44c3-b214-5e6d160fc963,e-bike,40.0120283,-83.01221689999998,29.0,7.9,True,False,False
Spin,dc410542-d82a-4f71-8fd3-c5b546c38145,scooter,39.956895,-83.007108,61.0,16.68,True,False,False
Spin,8cad61e7-4a6b-4c33-a78f-d2ff2aa9e9c1,scooter,40.018479,-82.985368,74.0,20.19,True,False,False
Spin,5894ae48-8165-4298-896b-0722880cffb7,scooter,39.992255,-83.003164,71.0,19.32,True,False,False
Spin,673b94bd-dfa5-4b9d-aa94-a6fff96fad14,scooter,39.947269,-83.053201,32.0,9.19,True,False,False
Spin,ebc2c397-c7b1-46a5-a2a6-d681608607f2,e-bike,39.994076666666665,-83.00690833333334,42.0,11.41,True,False,False
Spin,47276213-d818-48cd-a20f-9326ee88cdcd,e-bike,39.99079293333333,-83.0051121,77.0,21.07,True,False,False
Spin,c41df5bc-8e9d-46ff-8121-91e1a3312958,scooter,40.032609,-82.989465,46.0,12.58,True,False,False
Spin,ee3dabea-e5b5-453f-b3e3-0fbb8df86775,scooter,40.032573,-82.98947,87.0,24.81,True,False,False
Spin,08775f06-58f5-42ad-9b3a-fea28b36d400,scooter,40.023709,-82.987301,35.0,10.11,True,False,False
Spin,5b619cda-73fc-4945-a0d8-af95d2354dd6,scooter,40.023683,-82.987272,71.0,19.32,True,False,False
Spin,bb850d98-4fd9-40ac-b6a2-602e89ed2057,scooter,40.023717,-82.98727,23.0,6.15,True,False,False
Spin,fe51b514-64ee-4b2f-bba1-0660c97c1ee7,scooter,40.02339,-82.981541,58.0,15.8,True,False,False
Spin,8e5e8c00-aa00-4e7c-9d09-81b7a3619506,scooter,40.023445,-82.981578,54.0,15.32,True,False,False
Spin,9a777cda-1c94-419e-bda8-c23327c772f0,scooter,40.023399,-82.981545,48.0,13.79,True,False,False
Spin,a4d4fd39-cc8f-46ba-bffa-f39ff4f77694,scooter,40.016958,-82.978399,80.0,22.67,True,False,False
Spin,6ccaf8fe-add0-4858-88d2-da9d9c4e1950,scooter,40.016969,-82.978418,63.0,18.07,True,False,False
Spin,335750ba-1709-4f4f-80fa-2d5a8efdf554,e-bike,40.017035,-82.96551666666667,67.0,18.15,True,False,False
Spin,0c5d1c3e-09de-48ed-82ef-5983359cc2dc,scooter,40.017027,-82.965552,67.0,18.15,True,False,False
Spin,bd6fc932-d4c3-4cab-929f-072b004ad088,scooter,40.017019,-82.965564,48.0,13.17,True,False,False
Spin,8f92aab5-52a3-4344-8cc4-c561adda46f0,scooter,40.014681,-82.989976,60.0,16.39,True,False,False
Spin,f25af3f1-68ed-439f-a427-0fd3191b52ad,scooter,40.014727,-82.989915,73.0,19.9,True,False,False
Spin,d0875d26-94ce-4d7c-bfdc-ce91b145e0a4,scooter,40.014777,-82.989949,57.0,15.51,True,False,False
Spin,cd4b3411-2142-4b64-8f0b-c22be1130f83,scooter,40.014537,-82.988115,72.0,19.61,True,False,False
Spin,6b70c194-612a-4c34-bdbf-5547ac64d6c0,scooter,40.014531,-82.988093,71.0,19.32,True,False,False
Spin,2dfc140e-e368-4d05-b6a1-bc23805c0535,scooter,40.008954,-82.970368,19.0,5.27,True,False,False
Spin,943c98f4-6c14-4589-a54f-f0bfb432decf,scooter,40.0147606,-83.00203570000001,65.0,17.56,True,False,False
Spin,b9f39efd-7514-4ddd-a849-009461904148,e-bike,40.000460399999994,-82.98601783333334,22.0,5.85,True,False,False
Spin,3813e9a2-da4c-4409-aa3d-868215d0d075,scooter,39.954396,-83.026625,58.0,15.8,True,False,False
Spin,870d9120-92da-4236-b41d-d99fbdcf4cd8,e-bike,40.01707333333333,-82.97849833333333,38.0,10.24,True,False,False
Spin,00508a4c-2cf8-47fd-b7eb-2d4301401e1a,e-bike,40.016958333333335,-82.97812,69.0,18.73,True,False,False
Spin,2f67246c-5c6e-467b-8169-11740ca99e85,scooter,39.97735725,-82.96092583333332,81.0,21.95,True,False,False
Spin,5718c2a6-f715-4fea-8eeb-91ab104c1756,scooter,39.947265,-83.053187,81.0,21.95,True,False,False
Spin,75c6d5b9-dbfa-42c0-bd13-fc91efcb1faa,scooter,39.948064,-83.049462,94.0,25.46,True,False,False
Spin,0392951e-e630-4f50-9eba-cc7ea64d8139,scooter,39.989616,-83.005228,78.0,21.36,True,False,False
Spin,58535aee-c4aa-4f01-ac8f-f162e5156a8b,scooter,40.014759,-82.989905,73.0,19.9,True,False,False
Spin,3f25e16c-226b-460d-97ea-88b1221f5f96,e-bike,39.97350166666667,-82.978135,74.0,20.19,True,False,False
Spin,5f3a6058-ef36-46ea-b468-c9904c6cbdc7,e-bike,39.93569,-82.98771,20.0,5.56,True,False,False
Spin,37d7456e-82a6-4c1a-8b9d-8b5c86a09710,scooter,39.939776,-83.05831,20.0,5.56,True,False,False
Spin,3c8ea8c5-f6c3-465d-8e46-b25c50e6218f,e-bike,39.96530433333333,-82.96611683333334,34.0,9.37,True,False,False
Spin,20e162a4-8440-40da-91bd-5906d1b34e44,scooter,39.976167,-83.00408,53.0,15.01,True,False,False
Spin,0454e10b-e72d-489f-871c-91f1c6e75522,scooter,40.001019899999996,-82.99287693333332,89.0,24.29,True,False,False
Spin,2ab710b5-fac9-40a0-ba29-fa99f0fc54ad,e-bike,39.99971163333333,-82.98576105,86.0,23.41,True,False,False
Spin,189567db-4af0-482a-8299-e6fa0c32ebf3,scooter,39.960377,-83.016746,46.0,12.58,True,False,False
Spin,ac73049d-530d-4336-b000-d278e652561c,scooter,40.009656,-82.969407,39.0,10.54,True,False,False
Spin,6608afe9-455c-46aa-beb7-d3aacbae506a,scooter,39.979199,-83.005755,59.0,16.1,True,False,False
Spin,2a535996-5bab-4d8c-9dda-31101822da1e,e-bike,39.96670325,-83.00342896666668,51.0,13.76,True,False,False
Spin,e7b2473a-9b3c-46eb-a97a-aa87c854381d,scooter,40.014046,-82.974679,47.0,13.48,True,False,False
Spin,813adc76-0d24-427c-8a5e-22208bd91029,scooter,40.014114,-82.980293,54.0,15.32,True,False,False
Spin,5bffee2c-703b-4e6c-aaf9-58358f7d3415,scooter,39.948367,-83.047026,72.0,19.61,True,False,False
Spin,08097684-ade7-4a7d-b391-5688078577b1,scooter,39.957401,-83.011321,96.0,26.05,True,False,False
Spin,4094cbdf-a853-485a-95b9-21a12bace332,scooter,39.957427,-83.011508,54.0,15.32,True,False,False
Spin,78b46d22-2a6a-4e42-a143-426a89679e61,scooter,39.957372,-83.011468,55.0,15.62,True,False,False
Spin,3ef93a81-9a8c-4e59-9878-0ffd55b1e905,scooter,39.957372,-83.011462,32.0,9.19,True,False,False
Spin,400a4eb5-1dc0-4414-ac32-95e5517d5a37,scooter,39.957415,-83.011343,65.0,17.56,True,False,False
Spin,e1751c1f-71d4-4372-b8c7-627d2ed7a1ca,scooter,39.957421,-83.011337,91.0,24.88,True,False,False
Spin,39546b7d-a486-47eb-9f05-cc563382cbbb,scooter,39.96244743333333,-82.96912203333335,63.0,17.27,True,False,False
Spin,dda9b971-28ff-405d-977a-62726341f08c,scooter,39.997703,-82.995497,92.0,25.17,True,False,False
Spin,bfe230f7-5f18-40c3-bd0c-349b1e45c124,e-bike,39.95785413333333,-83.0140505,41.0,11.12,True,False,False
Spin,f88678cf-fe7d-4cd8-b749-472d42e1893f,scooter,40.003225,-82.999251,89.0,24.29,True,False,False
Spin,fb182534-51ee-429f-bdd7-d248fba3c906,scooter,40.000951,-83.000627,87.0,23.71,True,False,False
Spin,6e791288-5dbb-4284-9916-eb7aaa091922,e-bike,39.94928503333333,-83.07112880000001,57.0,15.51,True,False,False
Spin,0813019b-aeeb-4825-8e5b-4c31848abd8b,scooter,39.961134,-83.013796,37.0,10.42,True,False,False
Spin,953bebdc-3580-4e3d-8212-388765063197,scooter,40.0141335,-83.0011633,61.0,16.68,True,False,False
Spin,29089b5e-83de-4319-ab93-8531d654350b,e-bike,39.957544999999996,-83.01209166666668,33.0,9.07,True,False,False
Spin,4d19967c-494f-4484-a42d-e21bf7ac565c,scooter,39.939948,-82.99061,66.0,18.69,True,False,False
Spin,ad37b013-4203-4b68-af98-dfff2c093fce,e-bike,39.95758313333333,-83.011409,75.0,20.49,True,False,False
Spin,ba25f6eb-e6c7-4cc9-84c6-e622595a8713,scooter,39.96734313333333,-82.99189973333333,86.0,23.41,True,False,False
Spin,412b2090-afa2-4fa5-bff3-aa5d9756def7,scooter,40.006685,-82.962333,45.0,12.29,True,False,False
Spin,2766f882-0ada-4758-a9b3-0bf3a9a8bc9c,scooter,39.96745503333333,-83.001811,81.0,21.95,True,False,False
Spin,8694b1d3-735f-44ac-8903-970efb92c630,scooter,40.010202,-82.99922,56.0,15.22,True,False,False
Spin,10121a2d-2edc-414a-b534-f2115df26f51,e-bike,40.012048199999995,-83.0105963,87.0,23.71,True,False,False
Spin,2953c217-957e-43d9-a085-31d6415ccd90,scooter,39.996385,-82.949618,88.0,24.0,True,False,False
Spin,136ae62b-a324-4847-be57-0f8cb61bf541,scooter,40.015755,-82.955809,69.0,18.73,True,False,False
Spin,a221ef5f-c834-43aa-90ea-3b5d3d9ef1e4,scooter,40.016287,-82.989704,86.0,24.51,True,False,False
Spin,70349e5a-cb18-4b1f-82d1-068624b6602c,scooter,40.014535,-82.988075,83.0,22.54,True,False,False
Spin,0db78232-d1f7-4b76-8eb2-55ed64cccaa4,e-bike,40.007026,-83.0095423,24.0,6.44,True,False,False
Spin,df00d167-0456-4c2b-b9fb-24418d91db9f,scooter,40.014464,-82.98133,90.0,25.73,True,False,False
Spin,e337b213-c5af-45a6-b6d1-bf431a9f5585,scooter,40.011447,-82.987257,83.0,22.54,True,False,False
Spin,323689a8-a858-43c9-ad38-9e7f4b0f94e9,scooter,39.978474,-83.009622,81.0,21.95,True,False,False
Spin,f2874c75-f43d-4a35-903e-0fd5d57d0280,scooter,40.005229,-82.972874,83.0,22.54,True,False,False
Spin,232efe50-3eab-48d1-ba8e-7e71d686291d,scooter,39.994109,-82.975358,91.0,24.88,True,False,False
Spin,007ae4af-fcbb-47bf-bde3-b4de63fc11d9,scooter,40.022596,-83.014381,72.0,19.61,True,False,False
Spin,1d37af13-400e-43a3-999b-dc38e8e8d830,scooter,39.962115,-83.004197,49.0,13.46,True,False,False
Spin,2552fa63-6d45-4b27-b583-496f582ebfa8,scooter,39.962098,-83.004109,47.0,12.88,True,False,False
Spin,d6944c5a-6479-4caf-96e7-f5f028cbd88b,scooter,40.003261,-83.003144,94.0,26.65,True,False,False
Spin,ec15735f-d4e1-4ba3-a39b-12542ad0137d,scooter,39.935104,-82.99244,92.0,26.34,True,False,False
Spin,cc852e47-2a66-4755-ba51-350ae45f1c96,scooter,39.927634,-82.995525,86.0,24.51,True,False,False
Spin,8206c3b3-34a7-4ba2-b1d6-175d55f49303,e-bike,39.958538233333336,-83.03188210000002,75.0,20.49,True,False,False
Spin,d502d43d-521e-407a-972d-8bf074519d5c,scooter,39.95860923333333,-83.0318688,75.0,20.49,True,False,False
Spin,41097389-cfc0-4264-876c-ed092145f354,e-bike,39.95857473333333,-83.03191,82.0,22.24,True,False,False
Spin,e303c41c-ed77-47c7-9dbf-4d7fffd09695,e-bike,39.95859536666667,-83.03189988333334,83.0,22.54,True,False,False
Spin,6c87a122-6c36-493e-965d-311435444a16,e-bike,39.95855473333334,-83.0318893,83.0,22.54,True,False,False
Spin,fc245826-846d-43f4-9cb2-cf070b3135cf,e-bike,39.95860275,-83.03191325000002,85.0,23.12,True,False,False
Spin,8ddda02b-1cde-480b-8801-fe78726d658f,scooter,39.941537,-82.982644,90.0,24.58,True,False,False
Spin,8c9fce9d-722b-4acc-812c-e8d642e7e6f1,scooter,39.926399,-82.965302,76.0,20.78,True,False,False
Spin,d31ef57d-dbe4-4b00-9850-e505de4861f9,scooter,39.962408,-82.969112,96.0,26.05,True,False,False
Spin,45558248-ed4f-4dcb-bd64-253a26b41d18,scooter,39.962447,-82.969129,87.0,23.71,True,False,False
Spin,367ab398-4566-4171-be58-0cc2ae3124c7,e-bike,39.961038333333335,-82.99273166666666,91.0,24.88,True,False,False
Spin,b46cd4be-2523-4a85-97cb-ca1e9f359c47,scooter,40.0063626,-83.0141397,81.0,21.95,True,False,False
Spin,a88ed090-6fa2-49f5-8f78-043de6700259,e-bike,39.971403333333335,-82.97814666666666,59.0,16.1,True,False,False
Spin,ad17e355-ebdc-410d-8ca9-ef59fccc3361,e-bike,39.95853533333333,-83.02696839999999,38.0,10.24,True,False,False
Spin,041c4d23-80d6-480e-9063-6d39e153ab29,e-bike,39.952661033333335,-83.00142869999999,46.0,12.58,True,False,False
Spin,3f588d97-15a8-45e3-9547-4cc8d14ed7b7,scooter,40.00891,-82.970392,56.0,15.93,True,False,False
Spin,b1540f15-ad8f-44e9-b4fa-f9cd1c8fb18b,scooter,39.940868,-82.983723,55.0,15.62,True,False,False
Spin,09889585-a056-430c-bef5-55ef67b633d4,scooter,40.000593,-82.968494,65.0,17.56,True,False,False
Spin,7eb0c809-d909-4549-b6ac-26a8ab1df730,scooter,40.0146,-82.989253,94.0,25.46,True,False,False
Spin,ccc4155a-49d2-42b8-b6cc-a94f632553d8,scooter,39.99308,-83.011289,91.0,24.88,True,False,False
Spin,b8277493-dc0a-4115-b4f4-9b36e8ab7f2a,scooter,39.979024,-82.995306,60.0,16.39,True,False,False
Spin,665d1720-9dba-4314-a8db-cd10e78d0d3e,scooter,40.014735,-82.989849,55.0,14.93,True,False,False
Spin,1ab43052-e6d2-49d6-bb5a-ad1cea12f389,scooter,39.944272,-82.97808,85.0,23.12,True,False,False
Spin,92a7c03e-e7fb-486d-8b13-3e6f762822ee,scooter,40.006722,-83.009401,27.0,7.32,True,False,False
Spin,bad67649-1d06-420f-bdd1-d419c54bfdf0,scooter,40.014753,-82.98992,56.0,15.22,True,False,False
Spin,420ffd37-99ca-4c76-8d99-a33edd877d62,e-bike,39.99381833333334,-83.00578333333333,53.0,14.34,True,False,False
Spin,41827253-7c69-4b92-b6d4-1acd097c325f,e-bike,39.99316666666667,-82.98157333333332,38.0,10.24,True,False,False
Spin,1df52d9c-6d48-4156-b163-9d689053926d,e-bike,39.957840000000004,-82.97240333333333,55.0,14.93,True,False,False
Spin,2edd0a8c-a575-490f-81a8-d7a740c874f3,scooter,39.943916,-82.944878,94.0,25.46,True,False,False
Spin,bc106c49-4550-4073-b251-61a6e95aafb9,e-bike,40.01702833333333,-82.96552833333332,38.0,10.24,True,False,False
Spin,f0324b64-a09d-4bef-bb60-03ad7af68945,scooter,39.973222,-82.946762,81.0,21.95,True,False,False
Spin,338ec329-16f2-45c7-8724-729f0041c9d7,scooter,39.936015,-82.988873,95.0,25.75,True,False,False
Spin,0c963596-ff30-4d6d-8014-50d17880e9e8,e-bike,39.94755166666666,-83.05185666666667,38.0,10.24,True,False,False
Spin,ccfcc89c-7391-4c07-b229-1e846b029575,scooter,39.947564,-83.051887,91.0,26.04,True,False,False
Spin,5d23cd4c-73ac-41d0-ae4a-6f7ccd2b1086,scooter,39.947552,-83.051909,83.0,22.54,True,False,False
Spin,0b403c0f-a561-42e6-b841-90acad7a1723,scooter,39.947531,-83.051874,82.0,22.24,True,False,False
Spin,a7bfe666-ba4c-4a37-92f4-505ed40c657a,scooter,39.947499,-83.051871,96.0,26.05,True,False,False
Spin,8bc098a2-ece0-4314-a8e7-2f2ffa3225da,scooter,39.935968,-82.988881,98.0,26.63,True,False,False
Spin,88b368db-0dbb-4c53-973f-3ee8214940fe,e-bike,39.947718333333334,-83.05092833333335,98.0,26.63,True,False,False
Spin,c7a4ab4e-2c09-4d77-a04c-28ec0c0221f3,e-bike,39.94768,-83.050835,98.0,26.63,True,False,False
Spin,ab02c365-58a8-4f63-a53a-6e658b5f4eb3,e-bike,39.942438333333335,-82.98373666666666,32.0,8.78,True,False,False
Spin,8ef75f76-1a63-4479-a8da-ecedb62b654c,scooter,39.960814533333334,-82.99178513333332,95.0,25.75,True,False,False
Spin,da1410a1-263e-4455-9409-f5d84ad78482,e-bike,40.0079749,-83.00899659999999,49.0,13.46,True,False,False
Spin,88599f79-b58b-4cce-a6e3-d23fc3e96f0b,scooter,39.99431843333333,-83.0088471,29.0,7.9,True,False,False
Spin,69235656-4343-4257-ae64-5ae940d8c209,scooter,39.99412163333333,-83.00676559999998,33.0,9.07,True,False,False
Spin,ac40a85d-8b8d-4084-8617-4b9697b1db40,e-bike,39.94943333333333,-83.04175500000001,98.0,26.63,True,False,False
Spin,3e391c46-8f1e-46a1-ad2c-86a92baf7fc7,scooter,39.949453,-83.041741,22.0,6.13,True,False,False
Spin,d6d27ec2-b85b-4ab1-9c37-6eac8a57edaf,scooter,39.949466,-83.041754,23.0,6.43,True,False,False
Spin,d2b1bd0d-4a4c-4c49-940e-9d50a4f08267,scooter,39.948946,-83.044005,87.0,23.71,True,False,False
Spin,aaf58761-c758-47cf-9648-a77d3ff82733,scooter,39.988048,-83.00197,77.0,21.07,True,False,False
Spin,7ee1cfc8-7d2c-4f53-901b-98e50ecd030f,scooter,39.952247,-83.037122,81.0,21.95,True,False,False
Spin,9cbfff4b-ed4a-403e-9257-9c5cbcb99a3c,e-bike,39.953320233333336,-83.03503610000001,87.0,23.71,True,False,False
Spin,d660a7ca-0e04-4af8-ad88-0002f8eed826,scooter,39.935451,-82.983849,68.0,19.3,True,False,False
Spin,c15ea665-5955-42ea-af7d-bef71b6fe435,e-bike,39.95627833333333,-83.01038333333332,98.0,26.63,True,False,False
Spin,1c50ef77-d15d-4ea5-9fc0-eef1d5f78483,scooter,39.956026,-83.012502,78.0,21.36,True,False,False
Spin,95f363b9-fb1c-4ae8-a44c-cb328e565fb9,scooter,39.927128,-82.965063,95.0,25.75,True,False,False
Spin,3704caeb-c95f-4f78-8174-eda2bebf1bb4,e-bike,39.957405,-83.01132666666666,87.0,23.71,True,False,False
Spin,e40220aa-d551-4c28-b9fb-8033fc25c5dc,e-bike,39.98760815,-83.0278479,37.0,9.95,True,False,False
Spin,03deabbe-7d7f-459d-b5eb-0f1f04a156af,scooter,39.93417,-82.956767,97.0,26.34,True,False,False
Spin,20892bea-7ead-4792-a988-5bbc546d81f0,e-bike,39.95615333333333,-83.01117666666666,72.0,19.61,True,False,False
Spin,4a22f904-e8ad-41a5-8ad8-d089e5bd4586,e-bike,39.95618833333333,-83.01112333333334,98.0,26.63,True,False,False
Spin,c7c9212b-e834-457e-8b68-75b7b1465051,e-bike,39.95613723333334,-83.0111044,94.0,25.46,True,False,False
Spin,bd23c4e8-47b1-4e7f-9162-aa719f6babdd,e-bike,39.95612933333334,-83.01108360000002,27.0,7.32,True,False,False
Spin,2defb97f-7e7b-4f88-890c-5425dd5261b9,e-bike,39.956117533333334,-83.01111276666667,88.0,24.0,True,False,False
Spin,5f0c9de3-0050-4051-a17a-9feefb7e147d,scooter,39.99205883333333,-83.0133279,81.0,21.95,True,False,False
Spin,deac3ec2-f749-44ff-bb61-4e41174df80f,e-bike,39.95709793333333,-83.01256229999998,87.0,23.71,True,False,False
Spin,435923ef-6109-4c75-8044-4b81d3981837,e-bike,39.957114133333334,-83.01256989999999,70.0,19.02,True,False,False
Spin,d24006d4-da34-4f08-9e93-88ad07eff0be,scooter,39.94775,-83.050915,86.0,23.41,True,False,False
Spin,8777bea3-c823-4c54-99f6-1a66d1e0a4dd,e-bike,39.957409033333334,-83.0114352,48.0,13.17,True,False,False
Spin,9ac26865-da36-436c-bc76-479153563d1d,e-bike,39.95708428333333,-83.01258651666667,96.0,26.05,True,False,False
Spin,84a832a2-bfa2-4d0c-99ce-c50e6dec6359,scooter,39.97620905,-83.06004159999999,25.0,6.73,True,False,False
Spin,39320026-bdcc-45c2-929b-f41ca38d5e52,e-bike,40.007003700000006,-83.05148949999999,40.0,10.83,True,False,False
Spin,ecd27069-6da4-47d5-947f-1e1bb5db3878,scooter,39.987474533333334,-83.00831949999998,47.0,12.88,True,False,False
Spin,3ecd2e2e-1e8d-48be-ac79-a7d92045cc5c,scooter,40.041895,-83.000144,45.0,12.29,True,False,False
Spin,7bcf9d7b-5f27-42b0-b2ea-a9ba85c247a0,e-bike,39.98767595,-83.01889580000001,25.0,6.73,True,False,False
Spin,002a377e-2add-43b9-be5d-89ff8d17ec9f,scooter,39.948362,-83.047235,81.0,21.95,True,False,False
Spin,3c6aaebf-32b0-4e2a-b9c8-29e9a78f3ac0,scooter,39.947668,-83.05099,56.0,15.22,True,False,False
Spin,2220016f-ce9a-45cf-96a9-8c91416968f8,scooter,40.045986,-83.019893,54.0,14.63,True,False,False
Spin,da4a41cf-0db7-4ba5-8f44-9236a5e99ff3,e-bike,39.94380103333334,-82.98346163333332,48.0,13.17,True,False,False
Spin,b73b8d57-c186-46cc-8062-26d2bde71d6e,scooter,40.001774,-82.996183,61.0,17.46,True,False,False
Spin,25965abb-7bf7-4cb2-b438-2709603dbce9,e-bike,39.938177233333334,-82.95464953333334,43.0,11.71,True,False,False
Spin,537abe53-ce5f-4057-94f0-4a832c0b0451,e-bike,39.95015,-83.00022166666668,42.0,11.41,True,False,False
Spin,8a44e8a4-a25e-4ee1-baa9-a34ecdedb7f9,scooter,39.992925,-83.027055,77.0,21.07,True,False,False
Spin,e9400b9d-f54f-4d87-a2af-48d7cdfbd8a1,e-bike,39.954791633333336,-83.0336927,75.0,20.49,True,False,False
Spin,1161172f-50aa-483f-90e0-09eb21a21d2d,scooter,39.96353323333334,-83.0030727,35.0,9.66,True,False,False
Spin,c29ea3b4-f5cd-42f9-8de4-e948aa0760b8,e-bike,39.97820195,-82.99813943333332,86.0,23.41,True,False,False
Spin,a75ec0f4-901a-4173-924f-fa95b48b50bb,e-bike,39.95206483333333,-83.00590310000001,34.0,9.37,True,False,False
Spin,b7aaf1bd-af71-42a8-95c8-f284107cbb16,e-bike,39.990985,-83.00977999999999,52.0,14.05,True,False,False
Spin,83082f72-f904-4836-b2f4-1ed4ddf937df,scooter,39.98738253333333,-83.0109633,85.0,23.12,True,False,False
Spin,d6866d91-188f-416c-ae81-fc69265255ad,e-bike,39.994044833333334,-83.04277150000001,85.0,23.12,True,False,False
Spin,ea773f02-e3a0-4640-88f1-e60b035545ea,scooter,39.977554,-82.974665,67.0,18.15,True,False,False
Spin,259b978d-e4c2-41f0-b0dd-11f20dcb2df0,e-bike,39.95894393333333,-83.0083828,54.0,14.63,True,False,False
Spin,29a5b9c0-94b3-4895-a123-733f3948d5e0,e-bike,39.96723763333333,-83.01339850000001,25.0,6.73,True,False,False
Spin,379f435e-3a46-4a82-bcef-8552c5076145,e-bike,39.95018313333333,-83.00023000000002,90.0,24.58,True,False,False
Spin,355fb0be-042a-473d-87d8-a732496be632,e-bike,39.955170933333335,-83.0340097,70.0,19.02,True,False,False
Spin,28335263-d597-4410-8932-f1b4079c2211,scooter,39.935906,-82.988883,78.0,21.36,True,False,False
Spin,c3244351-fdfb-485f-aa57-c2bd76387c01,scooter,39.960837,-83.008714,85.0,23.12,True,False,False
Spin,0d4b673e-21a7-47ca-8eb5-b57159134c50,e-bike,39.99071623333334,-83.01744930000001,49.0,13.46,True,False,False
Spin,3f12988e-0dbc-43e9-a28a-c112730d3593,e-bike,39.99095453333334,-83.0156456,63.0,17.27,True,False,False
Spin,15e443f9-b2e1-4a4e-b151-351214408a00,scooter,39.95746403333333,-82.96070233333333,40.0,10.83,True,False,False
Spin,af64c6e7-5ebf-4a18-9ce2-f3bbc1971240,scooter,39.97441715,-83.0216661,43.0,11.71,True,False,False
Spin,78a3084d-b4aa-4e24-9212-751890d20e36,scooter,39.946469,-83.034006,97.0,26.34,True,False,False
Spin,7d9a9aaa-fdde-48fc-8576-293d6a274055,e-bike,39.95894293333333,-83.03039740000001,85.0,23.12,True,False,False
Spin,8cf6b5e9-8582-4a31-8dd1-0d2d50c48bc0,e-bike,40.0023328,-82.99681823333334,35.0,9.66,True,False,False
Spin,f430a5be-76e7-491d-8943-902ff1300805,scooter,39.97788695,-83.01044920000001,38.0,10.24,True,False,False
Spin,4d5e0416-2903-4c8b-bff1-6dfff6da8b2f,scooter,40.012263,-82.985828,35.0,9.66,True,False,False
Spin,2d85dde1-a8f8-4e79-9a96-a4b0155286ba,scooter,39.986529,-83.001902,67.0,18.15,True,False,False
Spin,2ec954be-4da2-4c81-8bb2-b9775bbbd447,e-bike,39.993746333333334,-83.0092996,67.0,18.15,True,False,False
Spin,8481b6f0-cc11-4388-8058-4bd5a6f17150,e-bike,39.99580583333333,-83.0473338,68.0,18.44,True,False,False
Spin,dc8851e4-f5fe-4d0d-809f-df1e4ace68da,e-bike,39.99784613333334,-83.00591690000002,89.0,24.29,True,False,False
Spin,2389638d-7ccd-41db-92af-b70b076283cf,scooter,40.0023815,-83.0084019,46.0,12.58,True,False,False
Spin,0dda7427-f4a6-4880-9c5a-e7766c31224d,scooter,39.993659,-82.980467,35.0,9.66,True,False,False
Spin,2606eb57-94b4-440a-b610-10d75d54202d,scooter,39.99324373333333,-83.01160370000001,73.0,19.9,True,False,False
Spin,30ebb0bd-357c-41b7-b2a7-02ed39a8086e,scooter,39.96821463333333,-83.0198232,70.0,19.02,True,False,False
Spin,0b4caa70-a5e7-45b5-9a9f-4179aabee04b,e-bike,39.993230733333334,-83.01163999999999,51.0,13.76,True,False,False
Spin,66558d6f-f83f-40b3-b74b-466385f3ceea,e-bike,40.00521898333333,-83.00288351666669,23.0,6.15,True,False,False
Spin,e2d14b72-21dc-4284-a8d9-c1a96ad24b29,e-bike,39.97590305000001,-82.98013223333334,56.0,15.22,True,False,False
Spin,7232838a-e7e3-421e-a794-6dd765c98fe7,scooter,39.99956123333333,-83.00703980000002,45.0,12.29,True,False,False
Spin,9ba21496-aefb-4f1b-ad0a-813bfb9da90b,scooter,39.964815433333335,-82.99837173333331,33.0,9.07,True,False,False
Spin,08e16953-f4d7-47f7-a735-1ef17eebc5f4,e-bike,39.95578583333334,-83.0123406,57.0,15.51,True,False,False
Spin,75c2e2b1-374e-406f-bba8-661a8f80076f,e-bike,39.95578223333334,-83.01231369999999,54.0,14.63,True,False,False
Spin,a0c6e752-e70a-4f25-90b9-6ff90e6503b0,scooter,39.96177013333333,-83.00877190000001,73.0,19.9,True,False,False
Spin,9929ca89-7cfe-4ce3-ac0c-3cac6affd310,scooter,39.961763733333335,-83.0087545,43.0,11.71,True,False,False
Spin,e621d4fe-2fc1-408d-9ee9-45303fc3abca,e-bike,39.993950000000005,-82.98893333333332,39.0,10.54,True,False,False
Spin,40de12fc-8512-42fc-9082-e521a7f983f1,scooter,39.99973203333333,-82.98576714999999,48.0,13.17,True,False,False
Spin,4bf7ca15-01fc-4726-920a-820d134ca70b,e-bike,39.97327935,-82.97583914999998,48.0,13.17,True,False,False
Spin,3ba69e51-11b3-4d5f-ba63-797d63a3f2bf,e-bike,39.98231113333333,-82.99694473333332,22.0,5.85,True,False,False
Spin,291df691-4008-4e4b-b756-77e7370bb9a1,scooter,39.912298,-82.995498,75.0,20.49,True,False,False
Spin,f4126998-ea50-42a9-911a-69df46d1ca68,scooter,39.99409653333333,-83.0062269,54.0,14.63,True,False,False
Spin,588c213e-9c0b-4f3d-83d0-5c0094449aa7,scooter,39.982100233333334,-83.0113435,77.0,21.07,True,False,False
Spin,be63cffd-0cf6-462d-ad9e-ac0c614092b2,scooter,39.982109,-83.01132,35.0,9.66,True,False,False
Spin,9d0ccaa3-15c0-48d9-a852-6582fcc898ca,scooter,39.975588,-83.003117,49.0,13.46,True,False,False
Spin,dedf9d29-8aa4-42d9-9381-f456b3f6cd23,scooter,39.990025,-83.000548,73.0,19.9,True,False,False
Spin,6683b4fe-b74d-423d-83d1-c8e9371ffb20,scooter,39.96501,-82.992622,39.0,10.54,True,False,False
Spin,67033196-3ad1-4201-882b-7c30a3f2acaa,e-bike,39.9781772,-83.00363206666667,39.0,10.54,True,False,False
Spin,74ce2896-0ac5-4295-96de-ec1cb8badfd7,e-bike,40.007423333333335,-83.00959333333334,70.0,19.02,True,False,False
Spin,3ecbfce9-12e3-4df6-9609-15743396ca94,scooter,39.987704,-83.005823,74.0,20.19,True,False,False
Spin,22b250c1-caf5-44b1-81a0-3d27288c2815,e-bike,39.992480533333335,-83.00663549999999,71.0,19.32,True,False,False
Spin,9d69a25a-7cf6-47bc-851e-3fcf6d95dec0,scooter,39.96532723333333,-82.96451413333334,62.0,16.97,True,False,False
Spin,fed2943c-7692-4f65-b509-573a26c4aacf,e-bike,39.94185323333333,-82.99852203333333,53.0,14.34,True,False,False
Spin,0815cc78-8252-4966-bf17-1be01fa12177,e-bike,39.94186603333333,-82.99850053333333,37.0,9.95,True,False,False
Spin,f95546fa-810a-4b23-9b99-362185005f48,scooter,40.0107356,-83.00498799999998,24.0,6.44,True,False,False
Spin,25ed73ff-7bd1-458a-9ef5-05ecf11c64fd,scooter,40.0148589,-83.0021267,46.0,12.58,True,False,False
Spin,e8f1db39-179c-4f6c-927b-9f33c0c3765d,e-bike,39.96557863333333,-83.00998059999999,85.0,23.12,True,False,False
Spin,efd58841-c824-4a37-b8ed-bbc4ffe82c67,scooter,39.94895313333333,-82.99819853333332,49.0,13.46,True,False,False
Spin,a3460a88-9663-4a8e-8bd0-a4443848e9ea,scooter,39.942904,-82.849699,40.0,11.33,True,False,False
Spin,fcdeeb62-87c5-4e3e-a2e3-4e7d410978c9,e-bike,39.97708,-82.99511166666667,63.0,17.27,True,False,False
Spin,60b737b6-cd55-42cf-94e0-2d00603a2994,e-bike,39.97704833333333,-82.99504833333334,26.0,7.02,True,False,False
Spin,94a63d24-e2ab-4a32-b229-52b74f1fdfbc,e-bike,39.946108333333335,-83.06003166666666,19.0,5.27,True,False,False
Spin,d30b5d1f-4ddb-4272-878a-c74a4518e572,e-bike,39.97486635,-83.00313820000001,72.0,19.61,True,False,False
Spin,d5835e37-0bdf-4544-80a9-dbfd1001589f,e-bike,39.97733775,-83.0033044,44.0,12.0,True,False,False
Spin,d2c4531f-5bd4-4cec-8068-9034ca941a1e,scooter,39.96452823333333,-83.00293680000001,69.0,18.73,True,False,False
Spin,f0fd6dbb-9de8-4a4c-8fb6-f323cd28816e,e-bike,40.0129933,-83.00135399999999,83.0,22.54,True,False,False
Spin,5954c3ce-7c9c-4c26-9b3a-ff012f50c93d,scooter,39.95811303333333,-83.0066092,100.0,27.22,True,False,False
Spin,bea638a7-65e8-4da9-9369-a67356331587,scooter,40.0157848,-83.01081909999999,28.0,7.61,True,False,False
Spin,17f01f54-83d4-4bbe-b1db-4ebeb10fad0c,e-bike,39.95743553333333,-83.01144520000001,94.0,25.46,True,False,False
Spin,40c1d5eb-38f3-4cf0-8e77-5a55de25729f,scooter,39.957958733333335,-83.01386040000001,90.0,24.58,True,False,False
Spin,9a6dd3fb-b45b-4fcf-b10a-10e905df1509,e-bike,39.980741933333334,-83.00289210000001,90.0,24.58,True,False,False
Spin,2f1c20a8-683e-4880-91ac-c5904676ba96,scooter,39.98420573333333,-83.0059981,100.0,27.22,True,False,False
Spin,cd6ccf3f-b8ea-4e0b-8bfd-b2c590a716dd,e-bike,39.99406166666667,-83.00681333333333,43.0,11.71,True,False,False
Spin,8b97ea3d-cd45-4b53-95a6-8f8e1db0aa15,e-bike,39.993955,-83.00679833333334,40.0,10.83,True,False,False
Spin,9f9ec177-6705-4384-85db-b14f3ec089d8,scooter,39.997213,-82.999566,91.0,26.04,True,False,False
Spin,13dc2dcd-bf7f-4ff2-99e9-6d2253a51d69,e-bike,40.0012497,-82.99567933333334,91.0,24.88,True,False,False
Spin,a24f8a3d-8a5f-4211-b61a-fb978bd86dd7,scooter,40.0001539,-83.00361640000001,92.0,25.17,True,False,False
Spin,3669c958-8edb-4303-ae68-ec7c40c2ed54,scooter,40.00267,-82.996582,90.0,25.73,True,False,False
Spin,8cdb2853-6d37-426f-a7f3-8cb6a1d3c3ac,e-bike,40.0005385,-83.00508900000001,89.0,24.29,True,False,False
Spin,29343faa-8d27-40ba-bf15-83b84d94085f,scooter,39.96493003333333,-83.0014407,100.0,27.22,True,False,False
Spin,fba6dd2b-dedd-438c-b7de-7155fe00ee65,scooter,39.962286,-82.989441,95.0,25.75,True,False,False
Spin,27517340-8230-49f9-811d-ae3d717d6524,scooter,39.957199,-83.041259,94.0,26.65,True,False,False
Spin,95b56baf-9117-4f11-ac61-9beb601ed9c7,scooter,39.96026,-83.008653,45.0,12.29,True,False,False
Spin,7db38a81-6597-4a94-8644-b101818a62c0,e-bike,39.955041333333334,-83.0679474,95.0,25.75,True,False,False
Spin,5d5e1248-c652-48bd-a343-ca01631640bf,e-bike,39.95450283333333,-83.026152,88.0,24.0,True,False,False
Spin,4fbca86c-14c0-44e5-9c94-b2a6fc7db7cd,scooter,39.98628943333333,-83.0243571,94.0,25.46,True,False,False
Spin,5442fafa-6dd9-46da-b818-aadd07646ac8,e-bike,39.98517755,-83.04453219999999,90.0,24.58,True,False,False
Spin,58fffcb0-6fe5-46bc-8b36-05e0330c84c7,e-bike,40.014585200000006,-83.01100900000002,74.0,20.19,True,False,False
Spin,c4887f9d-911a-4281-b846-7d5c7f6b2bfa,e-bike,40.0145829,-83.0110123,68.0,18.44,True,False,False
Spin,3175cc20-79c2-4abc-ba57-cb4445aab7e7,e-bike,39.984305733333336,-83.0279459,94.0,25.46,True,False,False
Spin,3c49d67d-9fae-4b6e-9fea-fe488c495d49,scooter,39.96742,-82.980498,95.0,26.96,True,False,False
Spin,b98e786c-849a-48dc-86d8-8416a2683619,scooter,39.967473,-82.980441,96.0,27.26,True,False,False
Spin,d3ec4a16-290e-46c6-904c-3513306193d4,e-bike,39.978097250000005,-82.99491483333334,90.0,24.58,True,False,False
Spin,3c805179-2765-4f5c-a207-2acb6c2023e0,scooter,40.013302,-83.010899,98.0,26.63,True,False,False
Spin,07e8400c-5e39-4132-8b98-47245ef4aa29,scooter,40.013307,-83.01086,84.0,22.83,True,False,False
Spin,9004bb13-13c1-41d3-afe5-6fda7875d8f7,scooter,40.013321,-83.010884,94.0,25.46,True,False,False
Spin,748f42ae-f59b-4249-b4e1-e9027a56fc58,e-bike,39.99193483333333,-83.00659449999999,88.0,24.0,True,False,False
Spin,cdb4985a-30f5-4806-99db-cc3b2f64bfcb,e-bike,39.992336933333334,-83.00646129999998,37.0,9.95,True,False,False
Spin,81698ab7-7790-40d7-8831-45f6a2603690,e-bike,39.99235303333333,-83.00648299999999,35.0,9.66,True,False,False
Spin,c14f1311-fe82-4801-94d3-dda633f69fdd,e-bike,39.99232323333333,-83.00651959999999,54.0,14.63,True,False,False
Spin,632a5145-2910-454a-a383-2f61d51de2a7,e-bike,39.99231863333333,-83.00646090000001,71.0,19.32,True,False,False
Spin,38bd57b6-f1e1-4863-8258-9db99d0ec956,e-bike,39.99227715,-83.00646033333332,49.0,13.46,True,False,False
Spin,18e0326f-fd8f-498b-9252-82697bbb0687,e-bike,39.99371,-83.00687,44.0,12.0,True,False,False
Spin,0f59b282-3b81-4f1a-ad3a-b0bab7150a30,e-bike,39.993743333333335,-83.00685833333334,98.0,26.63,True,False,False
Spin,92bc53f9-09e7-46d5-8c66-794a9e0306ad,e-bike,39.969642633333336,-83.0043745,40.0,10.83,True,False,False
Spin,d2d22e09-21db-468d-9b59-538c906b44c6,scooter,39.960788,-83.014115,88.0,25.12,True,False,False
Spin,91298bc8-bf0c-470c-b455-3442c9e6b4f7,scooter,39.958042,-82.983746,57.0,15.51,True,False,False
Spin,08eb50aa-1aca-45d1-bbbf-0ccaa24c70e2,scooter,39.964150233333335,-83.0029689,55.0,14.93,True,False,False
Spin,712816bf-e019-466c-90e7-441e30ab7525,scooter,39.961877,-83.002984,29.0,8.27,True,False,False
Spin,2e6e1fe4-33f2-4121-a465-a69047018bca,e-bike,39.98373633333333,-83.0260969,91.0,24.88,True,False,False
Spin,ad3d343b-87ca-4fcd-b58e-7d47c00cb691,e-bike,40.0065246,-83.0141715,87.0,23.71,True,False,False
Spin,6c4bceae-9468-4e7c-bcd0-90070d148408,scooter,39.959088,-82.998112,26.0,7.35,True,False,False
Spin,ef28ee4d-1c0b-403a-9ee6-47dead346148,scooter,40.001816,-83.005556,95.0,25.75,True,False,False
Spin,67b00320-f386-4c45-9afb-979305257e31,e-bike,40.000684,-83.00521269999999,69.0,18.73,True,False,False
Spin,8310209d-0ca7-4b2b-805d-fd11dc6aa6ca,e-bike,40.004815300000004,-83.0044228,49.0,13.46,True,False,False
Spin,7f71b6bf-382b-41e6-a4a5-98e38c868bb6,e-bike,39.95711098333334,-83.01256301666666,88.0,24.0,True,False,False
Spin,473a1cb0-7721-4dd5-818b-502ebbc45dde,e-bike,39.97497605,-82.99792893333333,38.0,10.24,True,False,False
Spin,86efcf99-e548-42b4-a265-9f4bbd67a5b9,scooter,40.007348,-82.972799,44.0,12.0,True,False,False
Spin,c849c651-28f9-4aa6-aa9d-ed3e05cb69f0,scooter,40.014295,-83.005424,41.0,11.12,True,False,False
Spin,8135465e-252c-4d5b-b3ae-6490b21d51e3,scooter,39.990016,-83.001281,99.0,26.93,True,False,False
Spin,513e4e9a-8321-40e4-92cc-ffe6bc1a3c8a,scooter,39.996205,-83.028105,97.0,27.57,True,False,False
Spin,e8193245-587f-43d2-aea0-d688d549d6e0,scooter,39.99072103333333,-83.00612090000001,100.0,27.22,True,False,False
Spin,d34c1af6-a1a2-47ba-9191-684042635220,e-bike,39.99282166666667,-83.00687666666666,39.0,10.54,True,False,False
Spin,f453b7a4-7862-4dde-9696-146e3cf0331e,scooter,39.992724,-83.006844,61.0,16.68,True,False,False
Spin,3cc729ed-27f3-44da-9ad5-6419f0ad253a,scooter,39.992948733333336,-83.00656310000001,100.0,27.22,True,False,False
Spin,e939a6a9-913f-40a6-895a-5396fd7c5e07,e-bike,39.96735253333333,-83.0006891,28.0,7.61,True,False,False
Spin,b9465d06-748a-4343-9673-00f51c871344,scooter,40.002399,-82.99677223333335,55.0,14.93,True,False,False
Spin,f9bf20a4-d5da-49d1-9801-4af2da777199,scooter,39.993336,-83.006788,38.0,10.24,True,False,False
Spin,5a56b8ea-1bc6-4569-9c87-fea528fdb90b,scooter,39.971804,-83.00231,68.0,19.3,True,False,False
Spin,a3917670-76ef-44ee-8f37-876433c7ced9,e-bike,39.986267633333334,-83.0121444,74.0,20.19,True,False,False
Spin,31a66dc4-0be8-4ab2-b23d-811ebf18bf6c,scooter,39.953821,-83.034428,26.0,7.02,True,False,False
Spin,38dde29b-55df-45f1-b6a6-d428878b9828,scooter,40.007796,-82.98402,34.0,9.37,True,False,False
Spin,9267f483-78de-49b5-a9cf-7337736e34c3,e-bike,39.9602,-82.96007333333334,89.0,24.29,True,False,False
Spin,a4816ffd-3ab8-4d1d-8883-080f70dfb5b1,scooter,39.961423,-82.995389,25.0,7.05,True,False,False
Spin,4d0de54e-3cfb-4f63-b7ad-b5f61d2562d9,scooter,39.986675,-82.99557,28.0,7.96,True,False,False
Spin,1c3d0409-c367-40b9-838a-4fe552632b5c,scooter,39.958584,-83.008448,41.0,11.12,True,False,False
Spin,51e54af9-564c-4215-b331-359b547c6416,e-bike,39.96960043333333,-83.0037163,55.0,14.93,True,False,False
Spin,acc476f0-7843-4b7c-8995-1e1ae19957b0,e-bike,40.014822200000005,-83.01012539999998,71.0,19.32,True,False,False
Spin,3a193c46-a2e8-4943-a36b-fae3b4ca6c19,scooter,39.961524,-83.008161,58.0,15.8,True,False,False
Spin,eb40f25e-feaa-4f2d-be1b-bae5a81c247c,scooter,40.014795,-83.010175,75.0,20.49,True,False,False
Spin,033b3a8f-4c65-4b2d-94aa-023f94d2b74a,e-bike,39.96737313333333,-83.020478,18.0,4.98,True,False,False
Spin,413e7eca-dae9-47b2-8778-42dad57a45d4,scooter,39.939431,-82.966641,91.0,24.88,True,False,False
Spin,42384f7d-22ad-43c0-88a9-d26333e6c4ec,e-bike,39.984195033333336,-83.01911249999999,69.0,18.73,True,False,False
Spin,5b2c9fb3-95cd-41d8-b547-f251bb688155,e-bike,39.994065,-83.00679333333333,70.0,19.02,True,False,False
Spin,dea9b65b-7426-4aa0-8938-ed24bfae2cee,e-bike,39.963257633333335,-82.98139083333332,75.0,20.49,True,False,False
Spin,2dfbf8e8-b426-4868-94ad-d3a364c1d632,e-bike,40.0080537,-83.0095403,52.0,14.05,True,False,False
Spin,4e5efcd3-e98d-4abe-9654-e51d43bb0502,e-bike,39.9578,-82.99702166666665,72.0,19.61,True,False,False
Spin,096c376f-9dba-4065-8003-9f2712994a91,scooter,40.014703,-83.000204,51.0,13.76,True,False,False
Spin,2afd31d9-0d94-4490-9661-21ac4bd72068,e-bike,39.98402073333333,-83.0111716,56.0,15.22,True,False,False
Spin,fb45dfe3-dc1d-4767-b799-18b5da5b0490,e-bike,39.955052433333336,-83.06799860000001,77.0,21.07,True,False,False
Spin,7337cbaf-89eb-472b-aa4b-ab4d1c676ff8,e-bike,39.96915183333333,-83.07602870000001,62.0,16.97,True,False,False
Spin,1addf807-1596-4989-b2a0-bdb53e054ccd,e-bike,39.99335,-82.98196666666666,60.0,16.39,True,False,False
Spin,ac6c3db5-2388-4970-b45a-9c7fac437ef6,e-bike,39.99335833333334,-82.98196333333333,57.0,15.51,True,False,False
Spin,56b14d73-61dc-4ac3-91c8-c911b99aad6c,e-bike,39.99337,-82.98197499999999,40.0,10.83,True,False,False
Spin,cdb67cc8-2b38-420d-a80e-5512dad3c1a0,e-bike,39.993368333333336,-82.98199500000001,34.0,9.37,True,False,False
Spin,4305de58-6a7d-40e2-a134-eb0248b060c0,e-bike,39.99336666666667,-82.98196833333334,71.0,19.32,True,False,False
Spin,09a08b11-3b77-4800-89e4-7bb3dd17e863,e-bike,39.94547753333333,-83.03537419999999,52.0,14.05,True,False,False
Spin,cff2bab5-ce2f-4718-b8fb-2ea409930689,scooter,40.011945,-83.01274,83.0,22.54,True,False,False
Spin,da70b5fb-7618-4195-b6f1-ad79f6e72b8c,e-bike,39.98653583333333,-83.0021308,60.0,16.39,True,False,False
Spin,8755e21c-0313-4353-a066-89d1e4017d14,e-bike,40.006160799999996,-83.00856030000001,86.0,23.41,True,False,False
Spin,32b28bf9-2af8-4db0-ae1a-28affa766b1e,e-bike,39.98517613333333,-83.04446073333332,85.0,23.12,True,False,False
Spin,bce8564e-61ef-4b05-8c69-0a777b8c72f7,scooter,40.010219,-82.979561,83.0,22.54,True,False,False
Spin,20e397c4-0769-46ac-8df5-12e21b8c6340,e-bike,39.95797613333333,-83.01365570000002,85.0,23.12,True,False,False
Spin,1ef58f8f-6768-4a7a-adf1-c6604d5bfa21,e-bike,39.96211166666667,-83.00412,59.0,16.1,True,False,False
Spin,6629d40d-6620-48e4-a025-17c4cec78f27,e-bike,39.962106666666664,-83.00411333333335,39.0,10.54,True,False,False
Spin,6f690a23-91f8-4118-adc7-160f13d98f61,e-bike,39.96212666666667,-83.00413333333333,89.0,24.29,True,False,False
Spin,6d13db7c-482f-4e9d-8fd4-0729b7de0f2e,scooter,39.991887,-83.001595,23.0,6.15,True,False,False
Spin,84033b9d-672e-4d7f-a564-7332c4b18d90,scooter,40.019539,-83.012573,30.0,8.19,True,False,False
Spin,71ea64dc-aeab-45df-846f-03062ffea18c,e-bike,39.99162403333333,-82.99816063333334,74.0,20.19,True,False,False
Spin,6536de1d-bf73-4de7-87ac-7ad85ab669bd,e-bike,39.947675,-83.05081833333334,100.0,27.22,True,False,False
Spin,f89de9a6-d434-4445-8f13-4abb41ce8918,e-bike,39.990179233333336,-83.01305499999998,89.0,24.29,True,False,False
Spin,2cdf9706-9c14-46d1-9079-4da6c1fc5cea,e-bike,39.99718666666667,-82.97788166666666,43.0,11.71,True,False,False
Spin,ec74fbfa-7049-45b7-9e6d-bf8f8ccd4754,e-bike,39.99112873333333,-83.00978179999998,72.0,19.61,True,False,False
Spin,98582bfb-1311-4829-8626-e1f57bd6f458,e-bike,39.992769433333336,-83.0065755,49.0,13.46,True,False,False
Spin,99284bb2-d89c-4228-b92c-85cd7a46e550,e-bike,39.99061643333334,-83.00184749999998,75.0,20.49,True,False,False
Spin,f61df0f3-b48d-408f-afa4-fd68167f1a7f,e-bike,39.991221833333334,-83.03334670000001,46.0,12.58,True,False,False
Spin,7f21a688-069e-4960-a289-a45851e63a6e,e-bike,39.98854025,-83.00072720000001,54.0,14.63,True,False,False
Spin,8c5b38f2-752a-4d23-9898-38a9aec933c2,e-bike,39.99972963333333,-83.0024349,72.0,19.61,True,False,False
Spin,d14d8c53-d808-4a24-bc3e-db61c382cd16,e-bike,39.95896033333334,-83.0085102,39.0,10.54,True,False,False
Spin,8b5765ab-6fe7-42d7-bc94-e2b01c3ed213,e-bike,39.99276733333333,-83.0068011,80.0,21.66,True,False,False
Spin,cb2e1b0a-1535-4720-be78-e4edc24419fc,scooter,39.956255,-83.026339,43.0,11.71,True,False,False
Spin,ec3df94d-d923-4cc7-a245-2c354cde16fd,scooter,39.957740533333336,-83.002628,55.0,14.93,True,False,False
Spin,c0b10cb7-a906-41b8-bb1f-f7f947f2e016,e-bike,39.99912413333333,-83.00697639999999,56.0,15.22,True,False,False
Spin,77fd86f9-359f-4d1d-8291-28fd8e3f7415,scooter,39.975946,-82.968258,94.0,26.65,True,False,False
Spin,65a8c6aa-ab7c-4e2f-afa5-01476c3d09e8,e-bike,39.98687193333333,-82.91539423333333,17.0,4.68,True,False,False
Spin,4d9058db-7ede-4ded-aa94-69771998f458,scooter,39.99195843333334,-83.00651590000001,77.0,21.07,True,False,False
Spin,bd389f16-ff51-4ed2-a8be-853d1c6a3a07,e-bike,40.003965916666665,-83.00681600000001,53.0,14.34,True,False,False
Spin,5c6595af-fa70-4270-af05-f0d658524fad,e-bike,39.950805433333336,-82.99855093333332,43.0,11.71,True,False,False
Spin,47b2a36d-387a-4dc0-8697-246fb93eadfa,e-bike,39.95665833333333,-82.98766499999998,19.0,5.27,True,False,False
Spin,4daddf36-fdbe-41db-b44b-8752d647023c,e-bike,39.991988633333335,-83.006496,81.0,21.95,True,False,False
Spin,339d6c58-de99-47dd-804a-a6181b6203b3,scooter,40.042917,-83.000079,78.0,21.36,True,False,False
Spin,166e4c70-2641-4f03-a5e3-e03008dc414e,scooter,40.014592,-82.991939,52.0,14.7,True,False,False
Spin,ebd298fc-e863-4372-8d4e-59ecee8e9a73,scooter,40.014631,-82.991968,71.0,20.22,True,False,False
Spin,c2ae08ff-b67d-4880-ab5b-701ea37d0469,e-bike,39.993399999999994,-83.00476333333333,19.0,5.27,True,False,False
Spin,0e90b176-bac1-45b7-a010-8ecbb06c27ff,e-bike,39.95915113333333,-83.03565840000002,45.0,12.29,True,False,False
Spin,5487881d-908c-45b2-93b5-4bf0b8c25d2f,e-bike,40.009006799999995,-83.00822799999999,43.0,11.71,True,False,False
Spin,e53dbbc5-51a1-4899-932b-53bcc1c56963,scooter,40.026175,-83.001549,57.0,15.51,True,False,False
Spin,a292bb30-3cf6-4e44-bd07-20ad474d1c5e,e-bike,39.99831343333334,-83.00199599999999,85.0,23.12,True,False,False
Spin,e363b5df-8289-4163-be1e-01471b2d7040,scooter,39.943801,-82.983542,44.0,12.0,True,False,False
Spin,45c8b5ec-4d86-4d29-ae7a-6ce815a1e3bf,e-bike,39.994244333333334,-82.99552793333332,75.0,20.49,True,False,False
Spin,e7abd114-5b27-4df8-96be-90cf2b377f95,e-bike,39.99202893333334,-83.0083961,27.0,7.32,True,False,False
Spin,e0c22949-f6e2-467f-ad57-9aa8b250e9b7,e-bike,39.997383633333335,-82.99789153333334,40.0,10.83,True,False,False
Spin,a1e118c1-5761-4769-8126-2c4d7b8d345d,scooter,39.990929,-83.011694,85.0,23.12,True,False,False
Spin,1f9b556c-dee8-440b-adc3-41d6cc9c0968,scooter,40.000385,-82.996599,18.0,4.98,True,False,False
Spin,a8514e5e-ed27-4cff-88a3-1b0a6197d305,e-bike,40.003806299999994,-83.0007903,33.0,9.07,True,False,False
Spin,e5736a0f-7cc5-4dfc-bd0f-a11e35c81873,scooter,39.945597,-82.995677,92.0,26.34,True,False,False
Spin,4333fe0f-30ef-4ec8-9597-ea165f3aff86,scooter,39.983338,-83.005296,95.0,25.75,True,False,False
Spin,2272cb7d-0663-4eda-9b70-f96a8deb1e03,e-bike,39.9521,-82.98085999999999,60.0,16.39,True,False,False
Spin,eec85ff7-b191-4238-b95f-713a01280850,scooter,39.95009373333333,-83.0002466,53.0,14.34,True,False,False
Spin,488512f7-ecca-4c0d-ac90-cc4c3e79bc65,e-bike,40.0087916,-83.0003258,73.0,19.9,True,False,False
Spin,ff6c6ea3-449d-46da-8f75-b3cb441742c8,scooter,39.96299653333333,-83.0026923,90.0,24.58,True,False,False
Spin,ce4eae5d-7c7b-4721-a97b-6d2e556dba87,e-bike,40.001853800000006,-82.99617743333334,88.0,24.0,True,False,False
Spin,4ab5ec43-d62f-4e7c-a6eb-401583991a0a,scooter,39.98812635,-83.02935469999998,52.0,14.05,True,False,False
Spin,46ecd3cc-22cd-4a1f-b313-76e8a16e64eb,e-bike,39.99341166666667,-83.00650833333333,55.0,14.93,True,False,False
Spin,f7b26137-be02-4fe1-a0cb-9ab93732def0,e-bike,39.99344,-83.00655666666668,81.0,21.95,True,False,False
Spin,b142322d-6d43-42f1-a451-9c9b49420bda,e-bike,39.95887963333333,-83.0342655,15.0,4.1,True,False,False
Spin,3f5853ad-fb3a-4319-8d3b-fcd6b31c631b,scooter,40.010014,-82.997491,69.0,18.73,True,False,False
Spin,0613f003-a23d-4398-bbc3-a6cd2ec43460,e-bike,39.998796666666664,-83.003905,46.0,12.58,True,False,False
Spin,c6f1d7cf-1f9a-4568-8ed2-c16a45bd32eb,e-bike,39.94963166666666,-82.96754833333334,39.0,10.54,True,False,False
Spin,31ace39a-1a0a-4d0c-9311-a6d030e61135,scooter,39.99033063333333,-83.01206679999999,55.0,14.93,True,False,False
Spin,118d2f66-c8b4-47f1-9dd8-d97d03962998,e-bike,40.0025227,-83.00597950000001,53.0,14.34,True,False,False
Spin,4f6df7e9-4c40-4996-b703-d8bbc36b967c,e-bike,39.94506333333333,-82.98357903333333,41.0,11.12,True,False,False
Spin,4eab51a9-a61a-4034-808e-90bcf31abc6e,e-bike,39.94497883333334,-82.98349283333333,35.0,9.66,True,False,False
Spin,968dbddb-8312-47ee-9a39-89e1812cc28d,scooter,39.990858,-83.007322,88.0,24.0,True,False,False
Spin,efa337da-2d43-4f8b-98ca-26ef876dd58a,scooter,39.95873,-82.979466,75.0,20.49,True,False,False
Spin,10c27671-32ef-4c74-a625-0488a9a58047,e-bike,39.984350733333336,-83.0244224,48.0,13.17,True,False,False
Spin,a71e7dc3-add9-43e4-af03-c74489fb9fca,e-bike,40.0143042,-83.00027810000002,34.0,9.37,True,False,False
Spin,76b0e60b-12b4-4472-bb87-fa6b13d6c7b1,e-bike,39.99988223333333,-83.005909,68.0,18.44,True,False,False
Spin,78fbc5ba-ca08-4dd4-a252-48028f7da9ae,scooter,39.998838533333334,-83.0051014,51.0,13.76,True,False,False
Spin,68a87cad-9b78-4c28-a039-f0a308928628,scooter,39.99612383333333,-83.0395247,43.0,11.71,True,False,False
Spin,2a66897d-b270-4134-ae5e-b91a7fca44b1,scooter,39.983571,-82.997031,94.0,25.46,True,False,False
Spin,3fcad32b-2b67-46e1-ae5c-0b1349f40a1b,e-bike,39.98348473333333,-82.99705303333333,39.0,10.54,True,False,False
Spin,54575f6e-b80e-4028-a81c-1a24532e2362,scooter,40.008934100000005,-83.0137326,39.0,10.54,True,False,False
Spin,68218629-9873-46c6-a8a7-0ef12ab5eed1,e-bike,39.95739943333333,-83.011452,30.0,8.19,True,False,False
Spin,ab80b6c4-d807-4c1b-bad1-1a8a979c2098,scooter,39.976298,-83.010877,75.0,20.49,True,False,False
Spin,bd952e5f-212a-4059-b0ff-78ca2c74aae3,scooter,39.976297,-83.011017,43.0,11.71,True,False,False
Spin,2a76ffe5-79fc-4c63-8e7d-28337ba96f10,e-bike,40.0018107,-83.0021651,51.0,13.76,True,False,False
Spin,d23572d2-2b1d-46ce-9f39-15c6b3851729,e-bike,39.99868333333333,-83.0037196,38.0,10.24,True,False,False
Spin,5f44df03-bc5e-47aa-8cd8-11ab7b6cce12,scooter,40.006898,-83.009294,84.0,22.83,True,False,False
Spin,9dda29ad-6ee3-41cc-bad3-29244d964ca4,e-bike,40.002293900000005,-82.99970493333333,30.0,8.19,True,False,False
Spin,862640ba-e586-4594-9e3d-faea66694e23,e-bike,40.000660700000005,-83.00374740000001,87.0,23.71,True,False,False
Spin,6f84de75-58b8-439a-9895-c6503f52caa2,e-bike,40.007644600000006,-83.0010222,23.0,6.15,True,False,False
Spin,82c7f52e-053f-4dd3-8611-8ac984f91600,e-bike,39.968626666666665,-82.96812333333334,17.0,4.68,True,False,False
Spin,437da942-07c3-45de-9598-0962ee07e923,scooter,39.924412,-82.990758,49.0,13.46,True,False,False
Spin,5eb16bf8-9299-4a2e-a5fc-db37d2bdcfbc,scooter,39.983601,-83.016854,31.0,8.49,True,False,False
Spin,20cc34b0-6460-4b96-9eee-cc0ac94edfa7,e-bike,39.94173773333333,-82.98609843333334,85.0,23.12,True,False,False
Spin,6a9750c2-db7c-4d39-a718-25816d385057,scooter,40.014685,-82.988176,60.0,17.15,True,False,False
Spin,c2b3fb82-9dbd-4551-a861-ec4d9f5a9ed8,e-bike,39.95484833333333,-82.96851,72.0,19.61,True,False,False
Spin,1d04c4cd-668e-44c8-a3fa-816293b4cd53,e-bike,39.990411933333334,-83.0051059,49.0,13.46,True,False,False
Spin,e1f3f575-f0ed-4df1-8be1-34dfc9c02879,scooter,39.992035333333334,-83.0065031,26.0,7.02,True,False,False
Spin,d4e07890-4949-4ff6-b4a5-20e391f47ace,scooter,40.001777,-83.002139,17.0,4.9,True,False,False
Spin,1783e7bc-0067-4e2c-92c0-1c81e137058b,e-bike,39.93480666666667,-82.97159666666667,39.0,10.54,True,False,False
Spin,f0ee2b35-6994-42db-8a02-c814f99b2492,scooter,40.015275,-82.984503,84.0,22.83,True,False,False
Spin,80d118be-3803-4171-8e55-9f8a5a16ef9f,e-bike,40.0114096,-83.01420619999999,54.0,14.63,True,False,False
Spin,ac843aee-d9b3-4b64-801e-80f60a5cd58c,e-bike,39.93277293333333,-82.90671743333333,46.0,12.58,True,False,False
Spin,7f50c7d1-fa06-4d25-b161-02340c0f627c,e-bike,39.97218015,-83.00741070000001,67.0,18.15,True,False,False
Spin,d2d192e3-5617-46dc-a03e-0d79cfc70913,e-bike,39.967356833333334,-83.01609609999998,47.0,12.88,True,False,False
Spin,e615206e-78ee-4a66-a898-84d17363f546,e-bike,39.99887313333333,-83.007515,70.0,19.02,True,False,False
Spin,1491caf2-5c77-49b3-8b53-3cd70a020ed5,e-bike,40.0102079,-82.98128443333331,66.0,17.85,True,False,False
Spin,3410c94f-8da2-45f1-a212-9e9c1edae7dd,e-bike,39.994173333333336,-83.0106046,41.0,11.12,True,False,False
Spin,b897d658-5eb1-49b1-adb2-78a7a2fb66f2,scooter,39.995944,-82.950408,88.0,24.0,True,False,False
Spin,b7b9aad3-a1be-4ce0-aa84-4a1efa466f94,e-bike,40.001278400000004,-83.0006558,42.0,11.41,True,False,False
Spin,1740349f-f97f-414b-957d-a8ae497e7d16,e-bike,39.99306323333334,-83.00441989999999,86.0,23.41,True,False,False
Spin,d5789e00-a689-4c02-b4ab-1818314b5d4a,e-bike,39.99038503333334,-83.01379139999999,25.0,6.73,True,False,False
Spin,af237ba8-0e9b-481a-806c-d6d54123045f,e-bike,39.969239433333335,-83.01006969999999,20.0,5.56,True,False,False
Spin,ab82c2a4-702b-4967-af88-7990b3bc3a7a,e-bike,39.98730833333333,-82.9973,56.0,15.22,True,False,False
Spin,6b1e2a65-cb2e-45b0-bb17-88790a7750a3,e-bike,39.99099043333333,-83.01569040000001,53.0,14.34,True,False,False
Spin,e61a70be-dc69-463e-a1d5-54b3b39efc4a,e-bike,39.954535433333334,-83.0078082,41.0,11.12,True,False,False
Spin,d79f7773-0ba5-4625-a7b6-bfee8ea6e27c,e-bike,39.97058165,-83.0047568,28.0,7.61,True,False,False
Spin,3870ade6-35a5-456f-95ed-f43859a7b936,e-bike,39.99858763333334,-83.00177120000002,71.0,19.32,True,False,False
Spin,5f2d2b2f-3576-4be8-80e7-af2c78015673,e-bike,40.0056461,-83.00283140000002,58.0,15.8,True,False,False
Spin,6f10e9a8-3ead-4706-b94a-2eac36dde961,e-bike,40.007053899999995,-83.00958010000001,25.0,6.73,True,False,False
Spin,55a438c5-7f03-47aa-858c-f7fe73e98a9b,e-bike,39.96119073333333,-82.96852493333333,43.0,11.71,True,False,False
Spin,a5bf705a-ee90-4833-b9c9-2406fecef325,e-bike,40.0102786,-83.0145586,90.0,24.58,True,False,False
Spin,591692fa-c7b7-42a4-b580-71ebb50bd456,scooter,39.98771935,-83.01886340000001,46.0,12.58,True,False,False
Spin,5a3b31ff-cdd5-4e2a-ba8c-58c3f210199d,scooter,39.958055,-83.006325,78.0,22.36,True,False,False
Spin,35ffd8d5-99e8-4d4a-81d4-6970e30493f2,scooter,39.98770485,-83.01889000000001,23.0,6.15,True,False,False
Spin,2937a16c-decc-4592-b926-812fad78ea7f,e-bike,39.95867803333333,-83.01373469999999,66.0,17.85,True,False,False
Spin,71c2149f-8495-4937-8ab3-801095568083,scooter,40.007353800000004,-83.00925190000001,100.0,27.22,True,False,False
Spin,0cdeadb3-216c-4ec4-9734-269360c0fbfd,e-bike,39.983828333333335,-83.00184833333333,53.0,14.34,True,False,False
Spin,3e1952ef-38d3-4aa4-be2e-3710ada0fee0,e-bike,39.95844963333333,-83.00278600000001,46.0,12.58,True,False,False
Spin,891238d6-5aa8-4fcb-bea8-e8e1e57bcf4b,e-bike,39.997053333333334,-82.99963166666666,39.0,10.54,True,False,False
Spin,fed5c2cd-3280-431e-945c-44cf44cafa45,e-bike,40.00316833333333,-83.00825666666667,65.0,17.56,True,False,False
Spin,cea1f7c4-eb76-45d4-80b3-fdc04042249c,scooter,39.962056,-83.00411,43.0,12.25,True,False,False
Spin,5c941d37-6589-4cc9-ae8b-64faa536c47f,e-bike,39.97970105,-83.01144029999999,81.0,21.95,True,False,False
Spin,79eff4f6-7459-4dad-8761-34b289f2ad93,e-bike,39.97334665,-83.0047021,67.0,18.15,True,False,False
Spin,52a04e71-918b-43c4-9e15-3624075833b2,e-bike,39.97961935,-83.0193662,72.0,19.61,True,False,False
Spin,e788259d-11df-49c0-a782-622d6d8e9f90,e-bike,39.98936045000001,-83.013526,62.0,16.97,True,False,False
Spin,a9262bb1-ad13-4537-a495-6b703f9b8c49,e-bike,39.988101666666665,-83.00580333333333,67.0,18.15,True,False,False
Spin,a18623a1-6ee3-4590-9196-c7d2963eae00,e-bike,39.946366233333336,-82.97663425,67.0,18.15,True,False,False
Spin,1f8c6d3c-c22a-4a83-8bcf-1ff3068faad4,e-bike,39.996943333333334,-82.999095,33.0,9.07,True,False,False
Spin,f2542238-6a39-4ffd-84ea-44395b736059,e-bike,39.997015000000005,-82.99947333333333,65.0,17.56,True,False,False
Spin,f28f964d-9047-43a9-afec-e840dde9b3f6,scooter,39.945258,-82.97042,78.0,21.36,True,False,False
Spin,0fad956f-019a-488a-98e1-58f34d721092,scooter,39.99786293333333,-83.0053989,18.0,4.98,True,False,False
Spin,18472909-9e49-4f72-96e4-f47bb70fa96b,e-bike,39.95087373333333,-82.99585723333333,66.0,17.85,True,False,False
Spin,bd885b0a-40e8-4301-94b1-0a9696e48e71,e-bike,39.95087983333334,-82.99586583333333,67.0,18.15,True,False,False
Spin,a001eb43-1a36-4f50-a02f-5ac39ce0503d,e-bike,39.99086203333333,-83.00249299999999,28.0,7.61,True,False,False
Spin,75b314a4-e64d-41ca-b6ca-396041e9cc00,e-bike,39.99401663333333,-83.0069589,94.0,25.46,True,False,False
Spin,0deb44c8-5d69-4a84-8498-ff62f10e1c6b,e-bike,39.99844413333334,-83.00457200000001,86.0,23.41,True,False,False
Spin,bce348d0-c61f-44a3-8f0e-d58f67fe0289,e-bike,39.98662023333333,-83.0053138,81.0,21.95,True,False,False
Spin,9a0aec90-000e-4ce7-af9c-f20048ad101c,e-bike,40.0095022,-83.003124,60.0,16.39,True,False,False
Spin,59481614-29f7-455a-8c91-e5cc6009a6de,e-bike,40.009527000000006,-83.00299109999999,76.0,20.78,True,False,False
Spin,a1ea7009-89df-4be3-855d-d606ea92b0fb,e-bike,40.011995,-83.01225833333335,78.0,21.36,True,False,False
Spin,e33c691b-a038-4e36-a0d6-34828ca572d5,e-bike,39.99437673333333,-83.0033572,22.0,5.85,True,False,False
Spin,2770f6ee-49fa-4987-9b43-67c571731617,e-bike,40.0074332,-83.0162054,33.0,9.07,True,False,False
Spin,0d6737fc-f8af-4b4f-831e-46fcee558df8,e-bike,39.99435453333333,-83.00336399999999,24.0,6.44,True,False,False
Spin,ae12d1db-1ba1-43bb-9a0a-de5beccf8a3c,e-bike,40.008565,-83.00986200000001,90.0,24.58,True,False,False
Spin,c2b3ec0d-d67b-437f-ac3d-eaeec6984244,e-bike,39.99218633333333,-83.01228189999999,48.0,13.17,True,False,False
Spin,a5536ed6-4917-4de2-8cf6-788c40aaca7c,e-bike,39.99853723333333,-83.0075709,96.0,26.05,True,False,False
Spin,f2928e13-11eb-4983-a192-70cc71dc87c9,e-bike,39.99291233333334,-83.0067405,69.0,18.73,True,False,False
Spin,7c03361d-b71d-4f33-ac74-77ab32edeee5,scooter,40.015862,-82.987623,25.0,6.73,True,False,False
Spin,89171b4b-fdac-46a9-8af5-6d80099abdbf,scooter,39.998336933333334,-83.00475649999998,77.0,21.07,True,False,False
Spin,e7403a52-3b9c-4852-859e-b28aa358ff53,e-bike,40.007644,-83.01396170000001,87.0,23.71,True,False,False
Spin,8510bf92-3902-46d3-b5b0-297fc6a86df9,scooter,40.013113,-82.961629,90.0,24.58,True,False,False
Spin,ae14684e-6a0e-4bfa-860b-1c63747607a6,e-bike,39.95823563333333,-83.02142559999999,44.0,12.0,True,False,False
Spin,4e98c5f6-777f-401e-a90a-56a748789920,e-bike,40.0072282,-83.0093777,37.0,9.95,True,False,False
Spin,2ebdc089-c7c7-4907-bd2d-195c82d75388,e-bike,39.96083183333334,-82.99360823333333,49.0,13.46,True,False,False
Spin,2050f2b5-e350-4611-a354-2bdf9659b71f,scooter,39.994320933333334,-83.0069879,32.0,8.78,True,False,False
Spin,1a5be32f-750a-46cf-b8fa-2905c11ff8cb,e-bike,40.0039564,-83.0029407,56.0,15.22,True,False,False
Spin,a978b408-e024-4f1e-80df-1c3512532a55,e-bike,40.0039315,-83.0029492,18.0,4.98,True,False,False
Spin,d3d5f499-14f6-4bec-8266-96dc372c59f6,e-bike,40.0062903,-83.0133597,20.0,5.56,True,False,False
Spin,b5fb562b-272b-4b0d-b33a-92e1cd133627,e-bike,39.97184155,-83.0034191,87.0,23.71,True,False,False
Spin,81d9ddce-eb68-4189-b20e-6536fd1efb07,e-bike,39.989610549999995,-83.012756,91.0,24.88,True,False,False
Spin,b40427c0-4975-4a21-943b-286ecd0f193f,e-bike,39.99098803333333,-83.00947999999998,90.0,24.58,True,False,False
Spin,bf554e84-4dbf-41af-b43d-e9a1fe2dd048,scooter,39.94883,-82.997958,53.0,14.34,True,False,False
Spin,d91fd2b4-e24f-4f18-b430-fd17d2d7c76f,e-bike,39.95000363333334,-82.99763013333335,18.0,4.98,True,False,False
Spin,71c18f19-101c-403b-bb12-e9018a5a38a7,e-bike,40.002640400000004,-83.00848069999999,29.0,7.9,True,False,False
Spin,effc7970-a107-49ef-8288-be5a20b38e03,e-bike,39.99199203333333,-83.0064523,92.0,25.17,True,False,False
Spin,6041ba12-a5b5-4990-86ee-2d74c620b9c8,e-bike,39.99610783333333,-83.001301,16.0,4.39,True,False,False
Spin,31ca37dc-e0c1-4552-9967-37c9d9f5b6e0,scooter,39.961035,-82.99317,40.0,10.83,True,False,False
Spin,76680128-c065-4baa-8827-54997cd66a55,e-bike,40.0029667,-83.0038843,52.0,14.05,True,False,False
Spin,7b58b967-c354-43fe-bf95-a1f9ea37e7ef,e-bike,39.98985705,-83.00592300000001,91.0,24.88,True,False,False
Spin,078565f5-d2b9-4d1a-a7d9-5cf7e9f0c73d,e-bike,40.0026588,-83.0084906,23.0,6.15,True,False,False
Spin,4acc700d-3230-4772-ad3a-e8b2314b8901,e-bike,39.981815,-83.00173000000001,55.0,14.93,True,False,False
Spin,e17c1029-7a24-4b24-a7b3-5e16a7a93367,e-bike,40.0070591,-82.99699533333333,66.0,17.85,True,False,False
Spin,42d2d08b-0d34-4163-8657-6150bd783bd1,e-bike,39.964284733333336,-82.99680943333333,58.0,15.8,True,False,False
Spin,e8e438a0-53b4-4083-bd39-605f3fc1df5b,e-bike,39.980802133333334,-83.0051915,92.0,25.17,True,False,False
Spin,68fade1a-2dfd-4b82-a456-c1b7c332a464,e-bike,40.0050009,-83.00857640000001,41.0,11.12,True,False,False
Spin,9f1a0671-7dcc-4ce6-8019-6dd2263e0f9d,e-bike,39.97791595,-83.00346499999999,57.0,15.51,True,False,False
Spin,9ff96e52-f779-4c84-9963-1c1057953a24,e-bike,39.97753555,-83.00349030000001,31.0,8.49,True,False,False
Spin,89539f00-8f66-43d1-a715-824acca75c64,e-bike,39.97379565000001,-83.00267729999999,75.0,20.49,True,False,False
Spin,649eb195-54c2-4483-97d4-34efb281461d,e-bike,39.96445033333334,-83.00263689999998,91.0,24.88,True,False,False
Spin,e46dce33-3c98-4d14-872c-216edc97c312,e-bike,40.001381599999995,-82.99773703333334,38.0,10.24,True,False,False
Spin,a72003f6-0da1-4c1e-bc19-03329d620386,e-bike,39.96600213333333,-82.99147653333333,92.0,25.17,True,False,False
Spin,dd0f6688-6e07-4227-a1c3-2be8757cbb10,scooter,39.98090233333333,-83.00318870000001,80.0,21.66,True,False,False
Spin,385d9d5d-369d-4e5f-a24d-8b482a2512d9,e-bike,39.99641733333333,-83.0006734,26.0,7.02,True,False,False
Spin,c6833238-7223-41f2-9613-822de98102fd,e-bike,39.99567293333334,-83.00001249999998,20.0,5.56,True,False,False
Spin,7d7eed53-b64a-4ae3-92dc-3cff8f4e4f19,e-bike,39.93691,-82.995935,74.0,20.19,True,False,False
Spin,fc6dcaa7-0caa-471f-bebc-a49cde683ccf,e-bike,39.95548723333333,-82.99919293333332,65.0,17.56,True,False,False
Spin,19b66193-3c03-46bc-a87c-0fdfd1509291,e-bike,39.97787395,-83.014582,83.0,22.54,True,False,False
Spin,ffe20ad1-813f-48c6-b323-11862acfe7fe,e-bike,39.98390843333333,-83.01552070000001,46.0,12.58,True,False,False
Spin,4ee01096-2d87-47d5-82fd-1f6f1523c407,scooter,39.960726333333334,-83.01215699999999,56.0,15.22,True,False,False
Spin,f4bda482-e144-4c4d-b857-bb5f3d8ae278,e-bike,39.96060383333334,-82.99604933333333,86.0,23.41,True,False,False
Spin,ed700029-548a-481c-9e6c-c2fd2dbde7c9,e-bike,39.96057993333333,-82.99606343333335,86.0,23.41,True,False,False
Spin,dd9e0e56-7095-45da-af9c-d87566c9eab0,scooter,40.014605,-82.989668,83.0,22.54,True,False,False
Spin,9f4b49c1-0b2a-4d51-b548-874bac22e6c0,e-bike,39.98957675,-83.0060793,40.0,10.83,True,False,False
Spin,ba2c18c9-46b6-456a-b3fc-d02b739aa930,e-bike,39.98719773333333,-83.01076040000001,49.0,13.46,True,False,False
Spin,6edf55e2-e069-43ab-aed1-4574ad536860,e-bike,39.996292133333334,-82.99992433333334,33.0,9.07,True,False,False
Spin,b385abad-a4ba-45f7-9a49-5d821cac2764,e-bike,39.96250166666667,-82.97752666666665,74.0,20.19,True,False,False
Spin,6f25101a-223b-417a-a8a5-5a2fcf9a2177,e-bike,39.987513033333336,-83.0054322,41.0,11.12,True,False,False
Spin,c4c7dc09-c95e-4db0-963f-f257ab694d8e,e-bike,39.98723233333333,-83.00544540000001,40.0,10.83,True,False,False
Spin,4f7218f8-1a41-4f84-86a2-678c0e6ded96,e-bike,39.98749765,-83.0054255,71.0,19.32,True,False,False
Spin,39f1d8a1-21ba-42ee-be25-8576b435f01b,e-bike,39.98703533333333,-83.00463110000001,90.0,24.58,True,False,False
Spin,c2ca0168-ce92-45d7-af27-7fc109e2ef06,e-bike,40.029567899999996,-83.01609510000002,39.0,10.54,True,False,False
Spin,e90f1412-783f-43df-98fc-0a148ecccd0d,e-bike,39.98954425,-83.0141593,35.0,9.66,True,False,False
Spin,4899137a-7297-48b3-be70-b8ee11fc5d09,e-bike,39.98538885,-83.0050928,70.0,19.02,True,False,False
Spin,7f9ac924-577a-42d7-9c9d-3707928359a1,scooter,40.013306,-83.010857,73.0,19.9,True,False,False
Spin,3e1cf72b-7733-4a11-adf1-7ca0d91233e8,e-bike,39.98478143333333,-83.00434990000001,90.0,24.58,True,False,False
Spin,3d06939b-556b-4cf3-a2a2-aac5d06b0b6f,e-bike,39.98725593333334,-83.0055772,25.0,6.73,True,False,False
Spin,2ec509fd-ea0f-46d7-ba7b-2b40fcc829d4,e-bike,39.98722943333333,-83.005579,43.0,11.71,True,False,False
Spin,8835a2b4-c976-4f1e-882a-de35a45e3db6,e-bike,39.94030063333333,-83.0136414,82.0,22.24,True,False,False
Spin,894f4c98-7650-4070-9bf8-f6032dd7bfbf,e-bike,39.962133533333336,-83.00411969999999,29.0,7.9,True,False,False
Spin,85b3e9b0-0740-40f7-b91d-c7ee7c8cd669,e-bike,39.96213553333334,-83.00411969999999,31.0,8.49,True,False,False
Spin,ce3f15cb-a925-401a-8e3e-b76caa9aebe5,e-bike,40.008924099999994,-83.009956,87.0,23.71,True,False,False
Spin,d10308a4-1172-49b1-af6c-54454e99eebd,e-bike,40.01006400000001,-83.01577049999999,96.0,26.05,True,False,False
Spin,f0593509-14de-4e7b-9fab-be07c055dd46,scooter,39.96102483333333,-83.0126245,59.0,16.1,True,False,False
Spin,19b14735-a57f-4d4a-8643-45d2e9ab28b4,e-bike,40.0131312,-83.0101946,40.0,10.83,True,False,False
Spin,1cd23f53-4372-4833-85d0-80a8b8f3c74b,e-bike,39.97142025,-83.00246030000001,27.0,7.32,True,False,False
Spin,49d52d44-9453-46b3-b089-659c7817e0e9,scooter,39.95535743333333,-82.99795453333333,27.0,7.32,True,False,False
Spin,ead5761a-3d97-453b-9bcf-de51f5923294,scooter,39.955368033333336,-82.99794593333333,68.0,18.44,True,False,False
Spin,78544511-df81-4776-8523-6070ba0d5813,e-bike,40.0068269,-83.01636570000001,23.0,6.15,True,False,False
Spin,bd9a3975-0afc-4fe1-8b64-bcc0246ed39c,e-bike,39.99091953333333,-83.0061586,57.0,15.51,True,False,False
Spin,aa86ed82-bc5c-46fa-8610-19364114288e,e-bike,39.98641083333334,-83.0052423,51.0,13.76,True,False,False
Spin,032044ec-b56e-4c7c-9103-b5436e0a3aa1,e-bike,40.0060497,-83.005272,22.0,5.85,True,False,False
Spin,159847ba-6097-47f9-972e-448a457a45dd,e-bike,39.98695213333333,-83.00260019999999,46.0,12.58,True,False,False
Spin,415dd882-2972-430a-a7d4-557ea7d5ae54,e-bike,40.021406400000004,-83.02982939999998,48.0,13.17,True,False,False
Spin,0cca3b69-4cf9-465d-8772-2f9d239f4882,e-bike,40.01315,-82.99768623333333,68.0,18.44,True,False,False
Spin,6b16d1e5-83c2-4764-a63a-f5f7739f6361,e-bike,39.987218133333336,-83.00556200000001,63.0,17.27,True,False,False
Spin,8561235d-5d91-405c-a005-d11d75f1749c,e-bike,39.987238133333335,-83.0055683,39.0,10.54,True,False,False
Spin,ef22901e-e682-406d-8911-8e550e4186fb,e-bike,40.006388300000005,-83.0091842,57.0,15.51,True,False,False
Spin,01c9577e-aa18-4776-aac4-2f934736f671,scooter,40.0063877,-83.0092003,89.0,24.29,True,False,False
Spin,bbb4e127-55c5-4086-af0a-870cbe4ebe0e,e-bike,39.96959173333333,-83.00853979999998,41.0,11.12,True,False,False
Spin,895a4eb4-7d5a-4078-a453-2c80ede0581a,scooter,39.95852273333333,-83.00197080000001,67.0,18.15,True,False,False
Spin,b3e393ad-ad8d-4ef9-bcd9-602b88f4bc08,e-bike,39.96977363333333,-83.00883950000001,86.0,23.41,True,False,False
Spin,6661d0ec-ef7d-44c4-aa99-52e8f123455e,e-bike,40.000764600000004,-83.00779320000001,45.0,12.29,True,False,False
Spin,a3f616bf-88ca-4a0f-b773-511989743098,scooter,39.956712,-82.913171,83.0,22.54,True,False,False
Spin,e706f6bc-a508-4b28-99b2-abf88a580b37,e-bike,40.0107306,-83.0134397,42.0,11.41,True,False,False
Spin,f841a5ac-a096-4576-a795-f97bd06a8e3b,scooter,40.010743000000005,-83.0134308,34.0,9.37,True,False,False
Spin,46363d9b-b005-4674-91e6-b328576c40a4,scooter,40.002716,-83.001044,66.0,18.69,True,False,False
Spin,98102800-c342-441f-a977-48715265fbf6,e-bike,40.009806600000005,-83.01329460000001,30.0,8.19,True,False,False
Spin,97b34321-e4f4-409e-aedc-a2237663ca65,e-bike,39.94032383333333,-83.0136364,30.0,8.19,True,False,False
Spin,f8a87148-464b-40e3-a788-1e2dfc3c6d5b,e-bike,39.99568263333333,-83.0000317,87.0,23.71,True,False,False
Spin,c7ff99b0-1743-4a6c-b883-a3e4a6cf81d9,e-bike,39.99272903333333,-82.99575903333334,49.0,13.46,True,False,False
Spin,3c005ab4-26af-478f-a347-98c36bc90891,e-bike,39.98721773333333,-83.00558180000002,66.0,17.85,True,False,False
Spin,072fb053-b98c-42a1-8231-8281809044cd,scooter,39.943749,-82.945177,90.0,24.58,True,False,False
Spin,6be4adb1-e434-4e7c-969f-0feafd53799f,e-bike,39.96135923333333,-83.0061584,95.0,25.75,True,False,False
Spin,3687d335-aacc-432d-b000-7e594eae78ea,e-bike,39.95845993333333,-83.00280980000001,26.0,7.02,True,False,False
Spin,ac6d0d9b-46ec-4479-9ebc-cbe0e1191cc4,e-bike,39.96153473333333,-83.00328829999998,86.0,23.41,True,False,False
Spin,a6b0f6a9-5fc3-4239-945e-6f5383bbe518,e-bike,39.96151723333333,-83.0032698,37.0,9.95,True,False,False
Spin,546ceb6d-954a-45fd-9102-d3aaed272cb2,e-bike,39.938301933333335,-82.90422203333334,44.0,12.0,True,False,False
Spin,250d2711-a662-4049-a66e-de700b3d82d3,e-bike,39.994191666666666,-83.01079499999999,89.0,24.29,True,False,False
Spin,8871814f-5864-4101-85e0-cc2390174279,e-bike,39.95597693333333,-83.0028703,46.0,12.58,True,False,False
Spin,82e6723b-1933-42d0-ba77-88fea56f1bfd,e-bike,40.00952333333333,-83.01251166666667,47.0,12.88,True,False,False
Spin,722be3d5-9200-444b-a421-25f153ff54ed,e-bike,39.98609773333333,-82.98185023333332,58.0,15.8,True,False,False
Spin,19a25372-0d6c-4c70-bed1-e3450f0e2dff,e-bike,39.99419473333333,-83.0057733,56.0,15.22,True,False,False
Spin,bf301f05-b258-48bb-93fa-6b304dab2bbf,e-bike,40.000899,-83.00785849999998,91.0,24.88,True,False,False
Spin,913bc7a5-254c-45b6-8c5b-09e99d82c24e,e-bike,39.96898183333334,-83.0010622,15.0,4.1,True,False,False
Spin,ce11aa07-71fd-43f3-81c6-6a3217530f46,e-bike,39.948024833333335,-83.0493245,69.0,18.73,True,False,False
Spin,d19052c6-f5db-45b0-8753-f5a616f5c5a1,e-bike,39.977136249999994,-82.99550043333332,43.0,11.71,True,False,False
Spin,1d9fe2e6-0e99-4ec1-85f1-7f71dd0da5d9,e-bike,39.994089833333334,-83.0075141,88.0,24.0,True,False,False
Spin,f1465965-a2a0-42cd-a571-b8be735f58ea,e-bike,39.98576115,-82.99942263333332,84.0,22.83,True,False,False
Spin,07c7fffe-5b76-46ec-9615-28eadc74b2d4,e-bike,39.98577875,-82.99944043333335,22.0,5.85,True,False,False
Spin,c38b4d04-6d6f-48ee-8c26-fca278f3d1f2,e-bike,40.0089809,-83.0048445,89.0,24.29,True,False,False
Spin,140b142a-8ab9-4130-8d14-e31653dd26e5,e-bike,39.99035833333333,-83.035295,23.0,6.15,True,False,False
Spin,55049b0a-9591-4e31-a4d5-2d6ca4a0b755,e-bike,39.99565353333333,-83.00707830000002,39.0,10.54,True,False,False
Spin,46b0c13e-9dce-4c35-93b3-fb67b4623134,scooter,39.977917,-83.003562,48.0,13.79,True,False,False
Spin,f02b2435-44c7-4fd7-8265-8e634b73a296,scooter,39.961350833333334,-83.00619460000001,89.0,24.29,True,False,False
Spin,a8d146f8-ca60-44dd-9264-e75db9ddad26,e-bike,39.96738666666667,-82.98044333333334,0.0,,False,True,False
Spin,234b0f38-f04b-4c10-ad7f-61247c6979b7,e-bike,39.975024999999995,-83.00224666666666,0.0,,False,True,False
Spin,5a3cd771-42d7-43c1-9532-9e55e1d37288,scooter,39.962926,-83.002527,0.0,,False,True,False
Spin,a921dd08-3e7f-4070-939f-74620fe33220,scooter,39.959657,-82.990375,0.0,,False,True,False
Spin,cfd0f49a-2a60-4651-a351-560f436b966e,e-bike,40.01492833333334,-82.99262333333333,6.0,1.76,False,True,False
Spin,3ef65012-d8cc-42c5-8abc-53d376842c6c,scooter,40.005813,-82.973243,0.0,,False,True,False
Spin,0ff16883-6acf-4e5e-b1fc-2a07d801b268,scooter,39.975209,-83.002535,0.0,,False,True,False
Spin,a862946a-131b-4b7c-b560-c68f29f9df35,scooter,39.949251,-82.962883,0.0,,False,True,False
Spin,6dfdeec4-7728-4d56-a1d9-a391f78ef53a,e-bike,39.95572333333334,-83.00481166666665,0.0,,False,True,False
Spin,a51ab422-a201-4172-acc3-b6579ef31037,e-bike,40.0153664,-82.92899083333332,0.0,,False,True,False
Spin,795a7817-7eba-4088-80b3-5e200ff95a37,e-bike,39.94943833333333,-83.04176333333335,0.0,,False,True,False
Spin,780322be-ad7a-491a-8bf4-686ac54581a5,scooter,39.974536,-83.004391,0.0,,False,True,False
Spin,f22ef6d3-1625-4bf5-809b-7c40e374b265,scooter,39.947719,-83.050913,0.0,,False,True,False
Spin,691d808f-1057-46b3-aa24-31a316c79a16,scooter,40.008131,-82.980669,0.0,,False,True,False
Spin,51cd04fa-49b7-4fb2-b2f0-b49609ed7ee0,e-bike,39.97511333333333,-83.01025666666668,5.0,1.46,False,True,False
Spin,f9f54764-f2d3-464c-bbfc-1c1e9e9a3683,scooter,39.962454,-82.977568,1.0,0.29,False,True,False
Spin,c9c51924-83ef-468a-8cc7-eb8987d36521,scooter,39.94021,-82.981021,1.0,0.29,False,True,False
Spin,71c0e47c-85d4-457b-bf09-460da2d4801d,scooter,40.017042,-82.965565,0.0,,False,True,False
Spin,8ce5e9e0-af83-450e-a857-332a30cf67f3,scooter,39.945446,-83.016631,0.0,,False,True,False
Spin,bae368f1-9973-4200-909f-ea39427c2ec0,scooter,39.983062,-82.998992,3.0,0.88,False,True,False
Spin,d4d4ea0f-02a5-4bcf-97da-0a4c4e8d49f6,scooter,39.95227,-83.051412,8.0,2.14,False,True,False
Spin,120124bb-188d-40e8-953f-d18c813d69e8,scooter,39.943427,-82.971926,11.0,2.93,False,True,False
Spin,858a0d5f-ee8b-4636-8c25-2653ecedabec,scooter,39.95504,-83.006187,12.0,3.37,False,True,False
Spin,4876e20f-f31a-440f-95c0-b65bd6f9d3cb,e-bike,39.956175,-82.99925333333334,0.0,,False,True,False
Spin,847e0c44-bd39-4e63-b13c-fb9ce8d21afd,scooter,39.992974,-82.984105,4.0,1.17,False,True,False
Spin,c649e74b-ccc6-4a02-8dec-a8a3dabb7387,scooter,39.933948,-82.989599,2.0,0.59,False,True,False
Spin,67a84246-ffd3-4393-8093-86257fb147fb,scooter,40.014431,-82.981566,0.0,,False,True,False
Spin,64df4ea6-1e4e-4e2b-b510-a6f6bb59b327,scooter,40.008149,-82.980706,0.0,,False,True,False
Spin,0ff67658-15a6-4210-bf63-02333dc4f265,scooter,39.935408,-82.983839,4.0,1.17,False,True,False
Spin,7da612ec-ba8c-41d9-8b77-a04031cb8f16,e-bike,39.97123166666667,-82.97835333333333,12.0,3.22,False,True,False
Spin,ec4f4ae9-96ba-40b9-9671-0dbbd86714a5,e-bike,39.99627363333333,-82.99989513333334,2.0,0.59,False,True,False
Spin,c15853dd-d968-417d-ac5f-2a3eafc415e7,scooter,39.950303,-82.993702,5.0,1.46,False,True,False
Spin,7f9bb5e4-37f4-4234-a442-f37d7b5caa8d,scooter,39.956269,-83.026314,5.0,1.46,False,True,False
Spin,ed972392-26a8-4714-85ee-e82b71c8dbff,scooter,39.969329,-82.990381,6.0,1.76,False,True,False
Spin,f74de56d-2ef8-4f63-a17f-5f02ad143d40,e-bike,39.95710073333333,-82.94272773333333,0.0,,False,True,False
Spin,bd38d809-ce64-4f4a-8dd9-9b0de40b5cbe,e-bike,39.987472333333336,-83.00084190000001,3.0,0.88,False,True,False
Spin,72e7b985-40fa-4d32-a451-5147eaea791b,scooter,39.984818233333336,-82.91988063333335,13.0,3.51,False,True,False
Spin,c429263e-dc31-429c-983c-d46a73b52fdc,e-bike,39.93280523333333,-82.90674163333333,12.0,3.22,False,True,False
Spin,21c16b3c-09b0-4f8f-b49c-941a4fe21ddb,scooter,39.954932,-83.065452,3.0,0.88,False,True,False
Spin,da74e310-7ae2-47e1-8c79-6b2393a14f79,e-bike,40.006625500000006,-83.0126722,10.0,2.63,False,True,False
Spin,aa0829d5-e751-4f6d-bd5c-4e22539eb3aa,e-bike,40.0030638,-83.00693430000001,11.0,2.93,False,True,False
Spin,6593e674-4fba-4c61-b768-b7cad30ef82e,e-bike,39.95281673333333,-82.97703324999999,6.0,1.76,False,True,False
Spin,2275ded2-805e-452e-b7b9-856d749ff09a,scooter,40.0071956,-83.0198155,12.0,3.22,False,True,False
Spin,675c8a76-6095-4859-a806-2d39671bf418,scooter,40.010559,-83.012346,11.0,2.93,False,True,False
Spin,af7b0268-3909-4381-815c-a0e9dbf880f7,scooter,40.010565,-83.01229,11.0,2.93,False,True,False
Spin,cac3a091-db2f-4f9f-8504-7626343c0f8e,e-bike,40.0008535,-83.01136139999998,22.0,5.85,True,False,False
Spin,95198c7d-ddbd-419f-8e50-dc79197175f1,scooter,40.0044094,-83.0234426,71.0,19.32,True,False,False
Spin,a4224bf2-4aa3-4f7e-b353-133b3b97001f,scooter,40.004486,-83.012626,86.0,24.51,True,False,False
Spin,4deff18a-7e4c-4598-93bd-628e9fe2fa3d,scooter,40.000867,-83.015521,75.0,21.44,True,False,False
Spin,91c36df7-0c5b-493a-b2e4-bcbd1f58d33e,scooter,39.994756,-83.012708,69.0,19.61,True,False,False
Spin,26ec9fd7-1a4f-4f46-8179-85f110b6cf25,scooter,40.000786,-83.015154,22.0,6.13,True,False,False
Spin,9fdb2fc5-2330-4d75-b2e6-f6a4ef591c5f,scooter,39.99827113333333,-83.0221457,57.0,15.51,True,False,False
Spin,3a86da07-0cff-4d84-98ba-6b0ed769b935,scooter,39.99471,-83.009721,38.0,10.24,True,False,False
Spin,cb5e08b4-04c9-4db3-8efc-f18012ce76e8,scooter,40.0011752,-83.01292,60.0,16.39,True,False,False
Spin,e9c02253-c097-4bf4-a0e1-9288f1660fe6,e-bike,39.998394999999995,-83.00923333333334,81.0,21.95,True,False,False
Spin,f3006976-5b24-4df1-9b35-2c416fc92324,e-bike,40.002894999999995,-83.03227999999999,55.0,14.93,True,False,False
Spin,32122581-dac8-4c5f-b04c-b53850c286cb,scooter,40.003515,-83.009565,45.0,12.29,True,False,False
Spin,fc046989-7022-47e0-b375-f3f3784bb380,scooter,40.0037327,-83.01152789999999,22.0,5.85,True,False,False
Spin,cd9d5d5d-7433-4a7b-96e4-3878c4f8ded7,scooter,40.005404,-83.012993,56.0,15.22,True,False,False
Spin,c636a388-357c-4c6f-a406-07a545275b19,e-bike,40.001615,-83.00995499999999,65.0,17.56,True,False,False
Spin,cf76dafc-7fc9-43a3-bc41-ccc46b49d6ae,scooter,40.004043,-83.013968,97.0,26.34,True,False,False
Spin,20b5998c-94dc-40e0-88f5-977acc9a90eb,scooter,39.993403,-83.016668,75.0,20.49,True,False,False
Spin,4090dea5-8813-44ab-8406-777917b925f6,e-bike,39.99600303333333,-83.02060269999998,88.0,24.0,True,False,False
Spin,3933d85b-89c6-4746-a026-2148641fb159,e-bike,39.99864013333333,-83.008686,30.0,8.19,True,False,False
Spin,d254d8fa-9633-4960-bd49-c84ec134170c,scooter,40.000867,-83.015627,33.0,9.5,True,False,False
Spin,492145ee-2507-44b7-a5aa-ee5c147848a4,e-bike,39.998543133333335,-83.00936060000001,40.0,10.83,True,False,False
Spin,469739a8-cd83-4057-8be2-0fd727dad668,e-bike,39.99854848333334,-83.00934948333334,18.0,4.98,True,False,False
Spin,2af9beca-777d-4c7a-85bf-8389f162ffab,e-bike,40.0027127,-83.0181009,86.0,23.41,True,False,False
Spin,9788d513-8f00-4f63-87cf-63f28a933563,scooter,39.99766253333333,-83.0185797,60.0,16.39,True,False,False
Spin,3e4d46ee-2638-438a-98ca-8d29866c9d84,e-bike,39.99558913333333,-83.0203811,58.0,15.8,True,False,False
Spin,68e55214-c3be-42cf-8ff6-1f5891cc1e74,e-bike,40.0005019,-83.02694850000002,62.0,16.97,True,False,False
Spin,f9762b83-0c72-4718-8600-dac25f03eb2a,e-bike,39.99600043333333,-83.0206382,29.0,7.9,True,False,False
Spin,9c3fbf2b-f527-4701-ac74-7a7b98b6b3cc,e-bike,40.000107699999994,-83.0088897,73.0,19.9,True,False,False
Spin,14324243-9ded-4c18-a2a2-8cf1b78af8bc,scooter,40.003409,-83.01106,73.0,19.9,True,False,False
Spin,0202142e-fe44-45ff-b71b-f65ae5bc718f,e-bike,40.00178666666667,-83.01468333333332,40.0,10.83,True,False,False
Spin,c93f3632-0a05-4b30-bf50-9d33a12439b8,scooter,40.005975,-83.01169,44.0,12.0,True,False,False
Spin,1b4c5bb7-3ee5-42d8-9138-5214551ab58d,scooter,40.005964,-83.011689,42.0,11.41,True,False,False
Spin,f8135767-946b-4d22-99bf-fda08a0cf9d0,e-bike,39.996053233333335,-83.0206299,62.0,16.97,True,False,False
Spin,cb3f7b5a-a2ca-4ef1-a94e-2d707902f9c8,scooter,40.002773299999994,-83.01464030000001,88.0,24.0,True,False,False
Spin,46986820-1208-47df-a763-9764fb7c5ee2,e-bike,40.0028873,-83.03203409999999,68.0,18.44,True,False,False
Spin,3b9d5065-051c-4710-acd2-684743a8a3fc,e-bike,39.99511523333333,-83.01668659999999,87.0,23.71,True,False,False
Spin,b9d7dba6-a7ee-4ca6-9270-83993a37ec04,e-bike,40.0035197,-83.01510920000001,66.0,17.85,True,False,False
Spin,e28bca52-79b7-421f-9993-16934bd86c2f,scooter,40.0017937,-83.01542669999999,84.0,22.83,True,False,False
Spin,a9b720a8-e3dc-4bdf-91a2-ff3e7596d7ee,scooter,40.0037425,-83.0110935,65.0,17.56,True,False,False
Spin,ee820ce0-c232-412f-b147-d5e776c72a6b,e-bike,40.0010626,-83.008289,86.0,23.41,True,False,False
Spin,0675b77e-9788-48a8-88ac-a95de8757d8e,e-bike,40.0010967,-83.0083312,86.0,23.41,True,False,False
Spin,2ce844e8-4604-47d6-91cd-0936e514915a,e-bike,40.001099999999994,-83.00830579999999,91.0,24.88,True,False,False
Spin,edc77f0d-e23f-4267-92ce-53703a63aeb3,e-bike,40.0010972,-83.0082833,76.0,20.78,True,False,False
Spin,10988f89-c197-4fad-b169-02f4b703903a,e-bike,40.001105599999995,-83.0083371,70.0,19.02,True,False,False
Spin,97d2aa67-3b2b-46cb-a396-caba9cfb703e,e-bike,39.99507693333333,-83.01677059999999,87.0,23.71,True,False,False
Spin,ac99f07a-6cc1-4074-ad95-b2afc79d4e31,scooter,40.0056112,-83.014277,44.0,12.0,True,False,False
Spin,f1f920eb-d129-4ebf-ad7b-62a784b570eb,scooter,39.994966,-83.016662,37.0,9.95,True,False,False
Spin,be6f4829-1ce8-4f36-bc16-48eea3cc2756,e-bike,39.99884673333334,-83.0084425,51.0,13.76,True,False,False
Spin,061c09c6-94b7-4701-a58f-c8e4499eda02,e-bike,40.0017792,-83.0245233,68.0,18.44,True,False,False
Spin,a58b328f-3019-43c1-a486-ce76af04ed36,scooter,39.995113,-83.01083,56.0,15.22,True,False,False
Spin,9202acdc-2701-46be-aabc-d37fdca25bc2,scooter,40.0010902,-83.01195979999999,94.0,25.46,True,False,False
Spin,4770d99f-e808-49f1-b276-cb9a3ad5cede,e-bike,40.00467666666667,-83.01444166666667,65.0,17.56,True,False,False
Spin,d814dc12-35ab-4e2d-883a-1af5c39ac4cb,scooter,40.0044203,-83.01698470000001,94.0,25.46,True,False,False
Spin,046a74eb-3b73-42dc-a14f-a160ac7a2938,scooter,39.993952,-83.018156,70.0,19.02,True,False,False
Spin,e23920cb-c158-491a-b7ee-83c1e342f525,scooter,40.002508,-83.012924,39.0,10.54,True,False,False
Spin,c3953185-7403-457d-9342-55ad6e260208,scooter,39.998526,-83.017329,60.0,16.39,True,False,False
Spin,6704c3f7-2421-41d3-8c56-5a24871f7608,e-bike,39.996583333333334,-83.01632999999998,66.0,17.85,True,False,False
Spin,c811d730-7af2-46ec-bfce-2d2d08533107,scooter,40.002109,-83.012088,70.0,19.91,True,False,False
Spin,760337fe-7420-4ddd-b6d1-93c085d2c35c,scooter,40.004087,-83.013095,22.0,6.13,True,False,False
Spin,f6b6d653-7821-4648-b04f-ea69437d957b,scooter,39.99434533333333,-83.0075876,95.0,25.75,True,False,False
Spin,45213540-ae08-410f-9a21-30e0f85148f1,scooter,40.002404299999995,-83.0099338,85.0,23.12,True,False,False
Spin,5cec7354-e0a2-4af8-a109-58074f582559,scooter,40.0042622,-83.01650980000001,85.0,23.12,True,False,False
Spin,a3921897-8708-4ef0-9550-13eda9ed5662,e-bike,40.00096666666666,-83.01306500000001,83.0,22.54,True,False,False
Spin,a3536d20-df28-47d6-a8b0-394d0b6ff10f,scooter,39.995300533333335,-83.00997549999998,92.0,25.17,True,False,False
Spin,06eef86d-c9b8-4092-b88d-a60441ec3738,scooter,40.002206,-83.012672,42.0,11.41,True,False,False
Spin,1ac333aa-b681-4272-928b-cce257baae03,scooter,40.0039857,-83.01642310000001,56.0,15.22,True,False,False
Spin,26bfd0d6-cf02-4308-b48a-16a2f8491be5,scooter,39.993638733333334,-83.01348009999998,40.0,10.83,True,False,False
Spin,1537ba8a-330c-4184-ab59-216b81c47848,e-bike,40.001489,-83.00937100000002,86.0,23.41,True,False,False
Spin,3762f508-b03e-44ed-8fac-a6dc1355240f,e-bike,39.99602733333334,-83.0206864,89.0,24.29,True,False,False
Spin,4e893fea-bed8-4d45-8261-1274d2e032cf,scooter,39.993928,-83.020271,18.0,5.21,True,False,False
Spin,fe1c40d4-9ff5-4b7d-b24a-08a9f4d27f01,e-bike,40.00350136666667,-83.01504611666665,86.0,23.41,True,False,False
Spin,d69ce459-333a-423e-8d03-71656eb78856,e-bike,40.0024439,-83.0259016,88.0,24.0,True,False,False
Spin,db34b307-5dd4-4f66-8bbc-8600ada1cef7,scooter,40.004209100000004,-83.01711879999999,43.0,11.71,True,False,False
Spin,cb9d4228-eb85-448e-8d04-dc70ae70745a,scooter,39.992346633333334,-83.01720840000002,56.0,15.22,True,False,False
Spin,5f5c2f22-da71-4fd7-a8a4-205494d6ce5b,e-bike,40.0021903,-83.0161794,83.0,22.54,True,False,False
Spin,c89c6be7-a969-4c25-b7ce-8de9bf3d02d4,e-bike,40.006050800000004,-83.0465098,26.0,7.02,True,False,False
Spin,6d48e01e-8b83-4e33-b39a-7f6eadb559b4,e-bike,39.99882313333333,-83.0385773,74.0,20.19,True,False,False
Spin,cb0f0124-1ba2-4987-863d-3dbac34dbe8a,e-bike,39.999922133333335,-83.03719189999998,70.0,19.02,True,False,False
Spin,9774cfbd-ff1e-4933-a68a-a625f57fce88,e-bike,39.999786666666665,-83.02218166666668,45.0,12.29,True,False,False
Spin,42618212-bd4c-47f4-a75f-3bd11e2bb266,scooter,40.000127,-83.037264,60.0,16.39,True,False,False
Spin,00a921f6-d68d-4689-9b18-067f17353143,e-bike,39.998166033333334,-83.0324885,74.0,20.19,True,False,False
Spin,ec74d099-01e1-4cc8-afb9-005a93196bf1,scooter,40.00385,-83.012964,86.0,23.41,True,False,False
Spin,670921c2-2b1c-40b0-8e29-293ba4a2f179,e-bike,40.0014928,-83.0098328,49.0,13.46,True,False,False
Spin,a1afef40-054c-4d34-8ba5-a2c3a9a37831,scooter,39.998220833333335,-83.0154057,88.0,24.0,True,False,False
Spin,e0272af2-5188-4828-86e0-a1a39a6fabea,scooter,40.002731499999996,-83.01293240000001,51.0,13.76,True,False,False
Spin,a56ebb85-b094-4941-adf0-cde293c69ea2,e-bike,39.99490333333333,-83.00995666666668,75.0,20.49,True,False,False
Spin,d87af243-eda4-4e32-abcc-12940887998f,scooter,39.997144,-83.015169,51.0,13.76,True,False,False
Spin,947eda5d-cca5-4803-90f7-fe05ed644716,scooter,40.002137,-83.0105732,24.0,6.44,True,False,False
Spin,59a8f903-e454-4df8-bd5f-b5638d9443c0,e-bike,39.99384803333333,-83.01313110000001,39.0,10.54,True,False,False
Spin,22d831c0-a749-4134-80c6-3aa6e79176ef,scooter,40.005351,-83.009946,56.0,15.22,True,False,False
Spin,a7ab03b4-13ce-4652-82b1-2fb70c1648ba,e-bike,40.0002661,-83.01794450000001,30.0,8.19,True,False,False
Spin,423c68e1-0efb-41fd-abe0-1dd9de0cfd55,e-bike,39.99410353333334,-83.00675619999998,86.0,23.41,True,False,False
Spin,7120e8eb-38f6-4e06-8ea3-756126df3852,scooter,39.993482,-83.005064,92.0,25.17,True,False,False
Spin,073e30f6-e062-465d-8699-fb94060e92d5,e-bike,39.99816843333333,-83.0324857,95.0,25.75,True,False,False
Spin,da27ae29-eb8f-43d3-ad35-9812682f2285,e-bike,39.99414923333333,-83.00676819999998,89.0,24.29,True,False,False
Spin,d35d7e42-86c2-45ea-b188-df45ad5e3890,e-bike,40.000257899999994,-83.0179514,71.0,19.32,True,False,False
Spin,6dc4a9a6-c40c-47b2-9ffd-37cd4c9e3064,scooter,39.99674303333334,-83.01522619999999,100.0,27.22,True,False,False
Spin,4599c461-7d10-4cc1-90b2-bf6de9401c5c,e-bike,39.99592113333333,-83.0194913,89.0,24.29,True,False,False
Spin,8a5384f9-cb24-4407-9c34-0564f252c5c7,scooter,39.99803303333333,-83.021888,97.0,26.34,True,False,False
Spin,4f385a55-4652-453c-b1ad-8b8a56b2c23d,scooter,40.0044266,-83.02368550000001,97.0,26.34,True,False,False
Spin,e2aa217b-283d-4f6d-84d3-c109fba950ae,scooter,39.997051133333336,-83.00756150000001,69.0,18.73,True,False,False
Spin,5a164893-6c35-49d6-803d-779ae0678a4b,scooter,39.99702473333333,-83.00756019999999,82.0,22.24,True,False,False
Spin,15a3ca5d-54bf-4677-9736-ab5ef1658282,e-bike,39.99410026666667,-83.00674516666668,84.0,22.83,True,False,False
Spin,50c21b47-451a-4770-b6c5-2d47ac32ed3a,e-bike,39.997044433333336,-83.00752349999999,31.0,8.49,True,False,False
Spin,b6883593-2e84-46a8-ac4a-9a26fcae3096,e-bike,39.99704303333333,-83.00751729999999,60.0,16.39,True,False,False
Spin,fc9b9772-78ab-4a9a-9190-b3f5391ebd36,e-bike,39.99703423333334,-83.00752230000002,78.0,21.36,True,False,False
Spin,5328bc9f-d686-4fa2-9a4f-dd70829f6a46,e-bike,39.99704343333334,-83.00752650000001,44.0,12.0,True,False,False
Spin,477964c3-28a4-425f-902d-00e3d84364cf,scooter,40.0058,-83.009251,40.0,11.33,True,False,False
Spin,de7cdd19-a3a8-44e4-8077-7de93de5ccc1,scooter,40.006029,-83.009351,22.0,5.85,True,False,False
Spin,71cd396c-0b53-4f77-9ec5-1c005d2418e6,scooter,40.0058739,-83.00930429999998,33.0,9.07,True,False,False
Spin,3ec16ccf-1588-4af7-8832-b5257751dad8,e-bike,39.99703863333333,-83.0075058,77.0,21.07,True,False,False
Spin,3af47d97-ea96-434e-b916-903adaa89dda,e-bike,39.99705323333333,-83.00754030000002,94.0,25.46,True,False,False
Spin,146eb6be-aae1-4f12-8243-d5fafafc7051,e-bike,39.997043733333335,-83.00751569999998,75.0,20.49,True,False,False
Spin,720e4842-2ca2-450f-aa3b-2d221f20f01c,e-bike,39.99711403333333,-83.00755699999999,88.0,24.0,True,False,False
Spin,688d59c7-6a56-4ce1-887e-092585db8723,e-bike,39.99710673333333,-83.0075268,27.0,7.32,True,False,False
Spin,8ef86bc5-5cc3-461e-8c2e-a225755e96da,e-bike,39.997036333333334,-83.00749019999999,90.0,24.58,True,False,False
Spin,e7a3fc04-2fdd-4500-8618-0095ad1207ba,e-bike,39.99389033333333,-83.01697680000001,96.0,26.05,True,False,False
Spin,38489887-96a3-4f21-a75c-3824b5c2154e,scooter,39.99817873333333,-83.03245710000002,97.0,26.34,True,False,False
Spin,735dcebf-35ff-48fc-811b-4b4a3a47b348,scooter,39.999305533333334,-83.02152310000001,84.0,22.83,True,False,False
Spin,a4bf43ff-a754-4528-9a0c-76d72bbcc5fd,scooter,40.0027932,-83.0156405,100.0,27.22,True,False,False
Spin,c6ab6696-08d7-4481-b249-563603cf09ab,scooter,40.0021565,-83.0120549,72.0,19.61,True,False,False
Spin,bce1b41b-20da-4788-a7f8-3edb44b34edb,e-bike,40.002175400000006,-83.01205640000002,49.0,13.46,True,False,False
Spin,9e5e8674-07dd-462d-bdd7-ef48dbbb45b0,e-bike,40.002181400000005,-83.01208849999999,87.0,23.71,True,False,False
Spin,9553742d-a388-464f-8dd2-db5b7ab4a7a6,scooter,40.005798,-83.01911880000002,60.0,16.39,True,False,False
Spin,9341d128-3a06-4c97-8563-7628eb0b02bf,e-bike,40.000771500000006,-83.01802879999998,55.0,14.93,True,False,False
Spin,c628cb24-37f9-4eec-8c2d-6e5febe9024e,e-bike,40.000779400000006,-83.0180163,34.0,9.37,True,False,False
Spin,3030597d-29ab-478d-b4fb-c49fa27e4cb8,e-bike,40.000764600000004,-83.01803509999999,31.0,8.49,True,False,False
Spin,40851277-d44b-4178-90b4-a29a5ff53b4e,e-bike,40.000754300000004,-83.0180298,87.0,23.71,True,False,False
Spin,d29814d7-692a-4302-a800-578712fdbcc2,e-bike,40.0007618,-83.01803049999998,41.0,11.12,True,False,False
Spin,be84a9b9-5e4b-4549-b5e4-3e2aef7bb86e,e-bike,40.0007605,-83.01802361666665,23.0,6.15,True,False,False
Spin,8742db91-948f-464f-978e-ff7d4c1759ae,e-bike,40.000761600000004,-83.01803059999999,23.0,6.15,True,False,False
Spin,b9cb5e38-eb77-4eac-87e1-d1346147e28a,e-bike,40.0007525,-83.018026,33.0,9.07,True,False,False
Spin,a0278912-dbfb-4d5d-8986-6dc83d5fccab,e-bike,39.99558943333333,-83.0203928,57.0,15.51,True,False,False
Spin,3106af96-116b-4e67-9631-5033b0ad8c67,e-bike,40.0018222,-83.0134223,68.0,18.44,True,False,False
Spin,7ffc4d13-d39b-4cb4-86c1-6693beb52e85,e-bike,39.99397633333333,-83.01808520000002,15.0,4.1,True,False,False
Spin,1d312d2c-a001-41f2-9ff7-3f5503b7ab20,scooter,40.001167,-83.008465,27.0,7.66,True,False,False
Spin,195f5a03-c23b-4b8d-8c03-33c1ee2fccc1,e-bike,40.0017614,-83.01396950000002,20.0,5.56,True,False,False
Spin,51681f76-0420-47b4-a131-92bad4a59c11,e-bike,40.001305200000004,-83.0159064,88.0,24.0,True,False,False
Spin,56010cef-afe1-4b7f-804b-1a7cacf60d96,e-bike,40.0045444,-83.01446499999999,16.0,4.39,True,False,False
Spin,27167568-1652-461c-bec7-a5a4755f91a7,e-bike,40.0022441,-83.0120246,69.0,18.73,True,False,False
Spin,874ec844-c6ce-45d7-90a0-582d922e0a66,e-bike,40.002502883333335,-83.01560075,86.0,23.41,True,False,False
Spin,7ff5227e-84d5-4e2e-b4d1-6dc56128a1d6,e-bike,40.002926200000005,-83.01305769999999,29.0,7.9,True,False,False
Spin,e771fd20-a475-4980-ae8e-0c9b28a7b40e,scooter,39.99690793333333,-83.0197683,22.0,5.85,True,False,False
Spin,b0510208-1170-4255-9b60-6c7aa021d0b2,e-bike,40.0017853,-83.01374060000002,87.0,23.71,True,False,False
Spin,9f6ddc07-48c5-4137-975d-915e2bc247f0,scooter,40.000758,-83.015176,66.0,18.69,True,False,False
Spin,86ce01ce-ed0e-48c8-9f24-5c577026b669,scooter,39.998788,-83.011084,90.0,24.58,True,False,False
Spin,b8f85e79-4b9d-49d0-b07c-6e727e791f85,e-bike,39.99588463333334,-83.02033580000001,70.0,19.02,True,False,False
Spin,677a7bcd-a3c3-427d-b1a7-8af7997aca8c,scooter,40.003481,-83.015939,99.0,26.93,True,False,False
Spin,aa2bdeaf-3bdf-4517-83df-6f3f6406019a,scooter,39.99791033333334,-83.0154004,86.0,23.41,True,False,False
Spin,b6d62934-78a6-405b-b428-56862f180a7e,scooter,39.997407,-83.016447,45.0,12.29,True,False,False
Spin,24a276b1-e469-4014-aca3-a24a43ad4fba,e-bike,40.0014625,-83.00850319999999,51.0,13.76,True,False,False
Spin,951f8a3e-c761-44d4-9bf4-321dfb69de20,scooter,40.0053633,-83.02687519999999,88.0,24.0,True,False,False
Spin,06bb2667-bc26-4532-b98c-833efe29fcae,e-bike,40.0019516,-83.0130795,51.0,13.76,True,False,False
Spin,31213cac-dff4-4ee3-85ae-9ffe662a709d,scooter,39.998286033333336,-83.00756099999998,25.0,6.73,True,False,False
Spin,916d1089-d778-48da-8460-d6ad1124d0b5,e-bike,40.0014508,-83.0084914,88.0,24.0,True,False,False
Spin,b566a38c-b3e6-4911-b6f5-4b7099af0250,e-bike,40.00188,-83.01311666666668,94.0,25.46,True,False,False
Spin,7ec9fe21-bae9-4c23-8c54-ef6a964d4198,e-bike,40.0011127,-83.0083695,68.0,18.44,True,False,False
Spin,b1ab2336-39a7-40e6-a04c-f80fffd31ee8,scooter,40.0041025,-83.01530230000002,24.0,6.44,True,False,False
Spin,88a583e9-bfbc-445a-b1cd-da2f9d851420,e-bike,40.002198199999995,-83.01206320000001,89.0,24.29,True,False,False
Spin,7bc283ab-4b1e-4f9c-8ce3-b2b3db196657,e-bike,40.0017414,-83.01397270000001,45.0,12.29,True,False,False
Spin,19784052-7242-46f1-8346-ac3ea003dd8b,e-bike,40.00514833333333,-83.01555000000002,71.0,19.32,True,False,False
Spin,76fc7a3a-4ac7-42fc-85c9-75135018ce29,e-bike,40.0014222,-83.0335205,54.0,14.63,True,False,False
Spin,dc77f155-12ea-454e-a7a5-e2eed4b0255d,e-bike,40.0006895,-83.01459109999999,37.0,9.95,True,False,False
Spin,0fe06cfe-7e92-46d6-85f9-f0c89e5ff6a8,e-bike,40.0028442,-83.01541649999999,91.0,24.88,True,False,False
Spin,a295dd25-033a-43bb-a1de-cf64c9d979d3,e-bike,40.002116900000004,-83.01244550000001,30.0,8.19,True,False,False
Spin,c8c29962-94c7-4cd6-9f25-dadf15b55444,e-bike,39.99655573333334,-83.01366660000001,73.0,19.9,True,False,False
Spin,3ef9fa22-97fe-4cc2-8ac4-98aa9967e2aa,e-bike,39.994106933333335,-83.00676559999998,88.0,24.0,True,False,False
Spin,e02fcb35-b875-476d-800e-6640b57c10e2,e-bike,39.99411993333333,-83.0067565,33.0,9.07,True,False,False
Spin,4d7b2baa-7043-42cf-915c-14725e6006ca,e-bike,39.994168433333336,-83.00675180000002,55.0,14.93,True,False,False
Spin,b240177b-f0e9-4581-9565-4c32cdf1cc90,e-bike,40.0006948,-83.0146365,22.0,5.85,True,False,False
Spin,a7e4302f-de08-45b9-b5e0-e1ce69d0bc22,scooter,40.0040585,-83.01276940000001,33.0,9.07,True,False,False
Spin,eabaf90a-aacb-4802-abfa-f0460452031b,scooter,39.998270033333334,-83.01167410000001,42.0,11.41,True,False,False
Spin,9d44e853-229f-46c3-99c7-38af321c4d50,e-bike,40.000787700000004,-83.0162155,88.0,24.0,True,False,False
Spin,acd19ad4-1fcd-4550-99b8-8293c69b4daa,scooter,39.999218,-83.015909,76.0,20.78,True,False,False
Spin,b3a4327b-9785-441f-aa62-257763699c48,e-bike,39.99978803333333,-83.02596270000001,20.0,5.56,True,False,False
Spin,8c013948-1f4e-42bc-b8f3-b56b627fc351,e-bike,40.002000599999995,-83.0165533,35.0,9.66,True,False,False
Spin,6e7aa0d7-3d26-44f2-b4b7-384ab532ec51,e-bike,40.001158499999995,-83.02662489999999,40.0,10.83,True,False,False
Spin,39459d54-af47-473c-92fe-1186fad84692,e-bike,40.0028679,-83.01260380000001,88.0,24.0,True,False,False
Spin,9eb28c92-b276-44e9-b610-11c6e72621c6,e-bike,40.0028315,-83.0135636,87.0,23.71,True,False,False
Spin,642f3605-b261-41b8-8811-36668ec4bcc0,e-bike,39.99705913333333,-83.0155034,27.0,7.32,True,False,False
Spin,de7f42a3-140f-47b1-9554-4c76d40cfe33,e-bike,40.0019747,-83.013105,51.0,13.76,True,False,False
Spin,0e5cf8d9-5737-420b-a57c-3b3b53e16012,e-bike,39.999348733333335,-83.00914900000001,27.0,7.32,True,False,False
Spin,a213ff89-e133-4c81-b4aa-9bd7623499e5,scooter,40.0033631,-83.01589940000001,77.0,21.07,True,False,False
Spin,2517004f-478e-4292-ab4d-835ef62087a3,scooter,40.0014903,-83.0157105,32.0,8.78,True,False,False
Spin,835f00a9-34ef-4b6c-b100-9a156f38c5a1,e-bike,40.0068114,-83.047654,53.0,14.34,True,False,False
Spin,f7d926ea-04f6-462a-8503-e9e022e48d78,e-bike,40.002755900000004,-83.0154603,48.0,13.17,True,False,False
Spin,bd39eca3-7b47-44e9-9fcc-8d380457d3e8,scooter,39.998829,-83.017806,74.0,20.19,True,False,False
Spin,97465442-0e9b-4c8a-98f2-18c3d56971cd,e-bike,40.002262800000004,-83.01247020000001,47.0,12.88,True,False,False
Spin,004a1445-a423-48be-a9f9-4009f89a124a,scooter,39.99779603333333,-83.0150223,61.0,16.68,True,False,False
Spin,30e3d5c6-85bb-4ae5-8dff-1aa1141c8539,scooter,40.0007763,-83.0150487,58.0,15.8,True,False,False
Spin,6a5397cb-c1d1-4519-896b-000a06259441,scooter,39.997599,-83.007962,88.0,24.0,True,False,False
Spin,9d5f31dd-9c01-4132-8e96-8da275e56365,scooter,40.0041585,-83.0146717,53.0,14.34,True,False,False
Spin,3611a3d6-156a-48df-9444-a6e755085d6a,e-bike,39.99353933333334,-83.0141191,52.0,14.05,True,False,False
Spin,01cca479-1588-4239-b951-107e3225341d,scooter,40.004562699999994,-83.0158643,82.0,22.24,True,False,False
Spin,04e80484-5b96-4fae-a003-ecee768a3bc6,e-bike,39.993745,-83.01685333333334,61.0,16.68,True,False,False
Spin,8408b3ad-62b1-46fb-b03f-46a42f3b4b28,e-bike,40.001439,-83.00849369999999,87.0,23.71,True,False,False
Spin,5a505181-a0b1-4313-b6e0-5bf47fd42faf,e-bike,40.0050581,-83.0141034,87.0,23.71,True,False,False
Spin,2bd5dbfd-2782-4712-bff1-aea6b6f2565a,e-bike,40.0017609,-83.01512149999999,85.0,23.12,True,False,False
Spin,46483f60-6312-4710-b9a5-af16773e0efa,e-bike,39.99385503333333,-83.01350699999999,42.0,11.41,True,False,False
Spin,bfb5c70d-2cbd-430a-8468-ee6ace50dd3a,scooter,40.004635300000004,-83.01311419999999,86.0,23.41,True,False,False
Spin,9cc52e8e-709b-4ea8-b2f4-36e89274edcd,e-bike,40.0017995,-83.0136263,70.0,19.02,True,False,False
Spin,c7c319b1-d11f-4ca4-9eb2-c4b03490300c,e-bike,39.992352233333335,-83.01734710000001,49.0,13.46,True,False,False
Spin,31201f01-ed52-4681-9a02-13573fe4c261,e-bike,40.0026425,-83.0084846,56.0,15.22,True,False,False
Spin,0ee82784-0f0c-4694-a7b5-285e462b69a4,e-bike,40.000888700000004,-83.0129828,33.0,9.07,True,False,False
Spin,5aacfc97-7345-47b5-a007-bb892903120e,scooter,40.0004724,-83.01479669999999,67.0,18.15,True,False,False
Spin,ba2140ce-17cd-4e17-a2d1-91ec10b6df43,e-bike,40.0004358,-83.011067,91.0,24.88,True,False,False
Spin,1434e091-c3fd-42e9-930f-a2128af5a028,e-bike,40.0027145,-83.0148743,67.0,18.15,True,False,False
Spin,6ed757c8-a93b-41fb-a175-426aea426f03,e-bike,40.0013191,-83.0158496,37.0,9.95,True,False,False
Spin,f382beb6-561b-4083-9cd7-efdf5981824e,e-bike,40.00097811666667,-83.00814461666666,58.0,15.8,True,False,False
Spin,159a0281-a086-4c73-a22d-34b8d6a40087,e-bike,39.999305,-83.02149166666668,59.0,16.1,True,False,False
Spin,00014c24-6136-430d-ad70-0d8e7bd5f1f2,scooter,39.99925353333333,-83.0214878,51.0,13.76,True,False,False
Spin,afec9ab3-c9d7-4bc7-b475-7f25e167a384,e-bike,39.99930033333333,-83.02150920000001,90.0,24.58,True,False,False
Spin,d9425751-3cf4-44ed-bff9-4d89bfbe5782,e-bike,40.0027891,-83.0153971,46.0,12.58,True,False,False
Spin,687b58d5-c43d-427c-8b5f-8e09566946b5,e-bike,40.0028568,-83.01373540000002,22.0,5.85,True,False,False
Spin,8c3170ee-a3db-4c8f-b5cc-0ebae9ce4b42,e-bike,40.0029797,-83.01393510000001,51.0,13.76,True,False,False
Spin,6c7ceb60-343d-4435-aad8-0823ca2d2a17,e-bike,40.002423900000004,-83.0184801,49.0,13.46,True,False,False
Spin,a9f8da44-8778-4c2c-86ab-5f5cf096cf34,e-bike,40.002746099999996,-83.0131074,74.0,20.19,True,False,False
Spin,95be6ca0-1f52-47ad-8b2a-16c0a220aa08,e-bike,40.002773000000005,-83.0146326,48.0,13.17,True,False,False
Spin,74919d03-9b2f-4a84-8707-6e39fcf3394c,scooter,40.003019,-83.013817,26.0,7.02,True,False,False
Spin,da416abc-4fe0-4c58-8b1b-6fc200ba91c9,e-bike,40.006686800000004,-83.02137749999999,84.0,22.83,True,False,False
Spin,3bf02bad-a3dd-4427-aa22-ace178f02743,e-bike,39.999836433333336,-83.0096118,75.0,20.49,True,False,False
Spin,28a6c6c5-5f60-4c3a-b0b2-b8936fe3ae20,e-bike,39.99712193333333,-83.0150671,43.0,11.71,True,False,False
Spin,ff0bbd68-33f3-41a0-807c-35ee16d5ccdb,e-bike,40.00212509999999,-83.0153543,35.0,9.66,True,False,False
Spin,e3edfb1c-adc0-4a9c-bf6b-d1e3630167a3,e-bike,39.99886443333333,-83.0223206,25.0,6.73,True,False,False
Spin,b340e924-99f5-45c6-9df4-b2f8de901f60,e-bike,40.0024068,-83.01849429999999,66.0,17.85,True,False,False
Spin,e76a2f79-60b6-4061-8545-183d12c621eb,e-bike,40.0031809,-83.0281044,66.0,17.85,True,False,False
Spin,3ca743ba-a7c7-4b92-a479-07366b4f4e91,e-bike,40.0021561,-83.0124312,86.0,23.41,True,False,False
Spin,e72a5b61-da1d-451f-9f8d-b9c6131391d7,e-bike,40.000648700000006,-83.01457800000001,86.0,23.41,True,False,False
Spin,14ffb38e-2a8c-47f4-b969-49edda0202a4,e-bike,40.0021612,-83.0128952,39.0,10.54,True,False,False
Spin,55974576-c0df-46c1-821d-c5abf3842cd9,e-bike,39.994038333333336,-83.00689833333333,59.0,16.1,True,False,False
Spin,a791dada-d2df-49ca-a8ee-e128ab7366e8,e-bike,39.994425633333336,-83.01294979999999,66.0,17.85,True,False,False
Spin,4ef5b43b-573d-488c-a7b1-2b0bb7556dac,e-bike,39.99439553333333,-83.01283399999998,87.0,23.71,True,False,False
Spin,e68fc8a0-279e-4d4d-9e04-9247b8e673e5,scooter,40.0041847,-83.0126731,53.0,14.34,True,False,False
Spin,459106e9-c923-4064-be1c-fd0e3b1e3b39,e-bike,39.99360166666667,-83.01607333333335,97.0,26.34,True,False,False
Spin,4b641bb0-75ba-4245-abc0-0acea663880f,e-bike,40.0037818,-83.02094620000001,42.0,11.41,True,False,False
Spin,b060fa26-5f81-4c3c-83a7-4a914301e58b,e-bike,39.99445223333333,-83.01274659999999,26.0,7.02,True,False,False
Spin,7c72ede6-213f-412b-8e78-57d06b7938ac,e-bike,40.001756,-83.0139692,54.0,14.63,True,False,False
Spin,5f2a25b2-d426-4ae1-bbf5-75245830aef3,e-bike,39.99228493333333,-83.01559700000001,45.0,12.29,True,False,False
Spin,549c73d9-b6dd-46df-b6d5-66ec7012f15a,e-bike,40.0001826,-83.0079573,30.0,8.19,True,False,False
Spin,aeb69702-047a-476e-9839-24e9f016900a,e-bike,39.99802183333334,-83.037453,65.0,17.56,True,False,False
Spin,bc4ce017-2845-435b-91af-87d00a414e33,e-bike,40.0002143,-83.0179841,73.0,19.9,True,False,False
Spin,64a39cf2-3cf2-4966-9591-e3b9d8776765,e-bike,39.999804033333334,-83.0259849,85.0,23.12,True,False,False
Spin,d8d83bff-7cf1-40e7-bb3b-e15792f8b5a1,scooter,40.0016915,-83.0359374,44.0,12.0,True,False,False
Spin,a44284a8-45d6-4358-80b0-78b28176986b,e-bike,39.99708713333334,-83.01552889999999,33.0,9.07,True,False,False
Spin,d22eef1d-f9c5-4db3-9418-1c4a8a2a4448,e-bike,40.0001971,-83.0181048,44.0,12.0,True,False,False
Spin,fc4dbea0-493b-4c85-883d-ce9d58a11f6a,e-bike,39.99419213333333,-83.0070858,22.0,5.85,True,False,False
Spin,904cf1dd-ec6a-479b-bb07-f4d22ec5a94a,e-bike,40.00561666666667,-83.01049333333334,61.0,16.68,True,False,False
Spin,7700be94-a1d0-49b5-86d9-56e62815332f,e-bike,39.99692233333334,-83.00767069999999,52.0,14.05,True,False,False
Spin,ca6e2b6a-5cbf-4346-a55a-32308e6b39b0,e-bike,40.001728400000005,-83.00853090000001,66.0,17.85,True,False,False
Spin,213bb65a-e52c-4597-a023-3de2a989d2c3,e-bike,40.004505699999996,-83.0134562,73.0,19.9,True,False,False
Spin,6cdd63c1-b338-464a-8cf7-ded6b83f50a7,e-bike,39.99806203333333,-83.0093648,72.0,19.61,True,False,False
Spin,390c7daa-4ad7-4f5a-b3f8-250da2251e49,e-bike,39.99863166666667,-83.00797666666668,16.0,4.39,True,False,False
Spin,9a5c9dfe-0e24-4025-b79b-9c30597a5fec,e-bike,39.99662143333333,-83.0107705,75.0,20.49,True,False,False
Spin,178d59e0-ebc6-423d-be0d-110e8791acb0,e-bike,39.99808753333333,-83.0092746,37.0,9.95,True,False,False
Spin,55db4cd7-d5b2-4048-9ed2-915957891b48,scooter,40.0046172,-83.01303320000001,58.0,15.8,True,False,False
Spin,ab34d6b8-f4ed-4f7e-86d6-d8616ceb9476,e-bike,39.999301233333334,-83.0214908,100.0,27.22,True,False,False
Spin,2f25658f-4ab2-4d3d-a0f3-0f2ddd5dde85,e-bike,40.001872299999995,-83.0257442,76.0,20.78,True,False,False
Spin,5523dbeb-1809-46e4-b259-a5248f8f250b,e-bike,39.99802483333334,-83.0078024,38.0,10.24,True,False,False
Spin,54a17768-bb80-4f6e-9bd7-d2049096a272,e-bike,39.99803433333333,-83.00777940000002,83.0,22.54,True,False,False
Spin,2cd39c4d-ea89-4811-81ef-bcdef972a43f,e-bike,39.999309133333334,-83.02151289999999,91.0,24.88,True,False,False
Spin,7e1cd396-190f-4987-84f6-f11f9e6d10fe,e-bike,40.00223200000001,-83.0110737,70.0,19.02,True,False,False
Spin,106eef65-a884-45fd-84e2-a334c3435e66,scooter,40.0042797,-83.01746550000001,100.0,27.22,True,False,False
Spin,b34b3112-2eb8-4e9f-bf32-368e4a584eec,e-bike,40.005735200000004,-83.01903089999999,81.0,21.95,True,False,False
Spin,69982e1d-4068-437e-8b43-4b61dc001256,e-bike,39.99704843333333,-83.0144499,38.0,10.24,True,False,False
Spin,e44e5d5d-be89-4b2e-a4ba-ca03c44df748,e-bike,39.997853533333334,-83.0077934,42.0,11.41,True,False,False
Spin,eb4fc99a-abd9-48b5-bed0-323b2e06d914,e-bike,39.998032933333334,-83.007791,39.0,10.54,True,False,False
Spin,a0abafab-1c5f-4e9f-b2f5-181f16013630,e-bike,40.0045412,-83.01347779999999,87.0,23.71,True,False,False
Spin,97f468af-a99e-40f9-ad0a-a90cbd061a46,e-bike,39.99744723333333,-83.01410650000001,37.0,9.95,True,False,False
Spin,552365fd-7613-4a35-9272-f0cd73d81163,e-bike,40.000748300000005,-83.01802700000002,52.0,14.05,True,False,False
Spin,b4988442-d0ef-4092-b88a-d949626fb5aa,e-bike,40.0003672,-83.018314,42.0,11.41,True,False,False
Spin,c64a8a40-1707-4ad1-b346-0c95efa5209b,e-bike,40.00156333333334,-83.02457166666666,48.0,13.17,True,False,False
Spin,1cb22485-bf94-4ccd-948b-d2ade3c29ffc,e-bike,39.99695563333333,-83.0073359,31.0,8.49,True,False,False
Spin,4e79060a-da10-4cdc-b9c9-324ea67f2b3e,scooter,39.99558243333333,-83.0177471,84.0,22.83,True,False,False
Spin,6f6c61d8-cd61-4fbf-9665-f3cca13f4857,scooter,39.994391,-83.016255,91.0,26.04,True,False,False
Spin,d37f0c69-1359-40b1-9150-7c105827ddc1,e-bike,40.0020565,-83.01540529999998,23.0,6.15,True,False,False
Spin,6f17b7e6-d3e0-49f2-88f6-6e7590a3eec4,e-bike,40.002107,-83.01546949999998,58.0,15.8,True,False,False
Spin,bfac5593-cfc4-4b2b-a99c-c213fa228bd8,e-bike,39.99995013333333,-83.02160639999998,46.0,12.58,True,False,False
Spin,35d0ac34-de98-4a0f-a285-b25f5f9bc347,e-bike,39.994610933333334,-83.00688129999999,62.0,16.97,True,False,False
Spin,e67ec6ce-48da-4e7a-bc82-f0bddfb0879a,scooter,39.997900533333336,-83.01533599999999,28.0,7.61,True,False,False
Spin,02b2152c-46d9-466d-9732-379643ac8c9a,e-bike,39.99969023333333,-83.00786799999999,57.0,15.51,True,False,False
Spin,158d23d6-126e-46a5-8ad8-217e60b561b5,e-bike,40.0025952,-83.0136658,99.0,26.93,True,False,False
Spin,4cf831b0-2622-46fd-8cd2-969d08db93c0,e-bike,40.002864300000006,-83.01663490000001,38.0,10.24,True,False,False
Spin,68443d3d-618c-486c-90ce-7d7186c8e35a,e-bike,39.999622233333334,-83.02140720000001,70.0,19.02,True,False,False
Spin,163e578d-34e7-44ef-8a44-56614ed3a072,e-bike,39.99713703333334,-83.00736950000001,37.0,9.95,True,False,False
Spin,2108070e-f02a-4171-98bd-86682268d3bf,e-bike,40.0017878,-83.01534420000002,51.0,13.76,True,False,False
Spin,fbfa80e4-9aff-4e64-bdd6-95fc789fe5aa,scooter,39.99668273333334,-83.01251599999999,48.0,13.17,True,False,False
Spin,5d574d9c-507d-4f68-b9d2-b182928273b1,e-bike,40.000512699999994,-83.0162009,44.0,12.0,True,False,False
Spin,e5e35ea6-cc2d-4055-99ae-2be73057954d,e-bike,40.0056826,-83.01163790000001,40.0,10.83,True,False,False
Spin,4cf8d830-4534-4c62-94ed-09bd66900050,e-bike,39.99808983333333,-83.0092953,94.0,25.46,True,False,False
Spin,3f1253ed-79a4-40a1-98e4-bb52d937108b,e-bike,40.0016908,-83.00862370000002,95.0,25.75,True,False,False
Spin,79b24fe6-0ca1-41a3-8f4d-48748e936667,e-bike,40.004268499999995,-83.01980610000001,25.0,6.73,True,False,False
Spin,52dd402b-0a89-4c64-ae6f-849ab60fe7f9,e-bike,39.998108333333334,-83.03966833333334,42.0,11.41,True,False,False
Spin,292c8cea-b9fd-4c53-a095-fca7c8a5f28b,scooter,40.003946,-83.010905,63.0,18.07,True,False,False
Spin,1805ed97-c30b-4719-a138-1faf7d47ccf0,scooter,39.99649203333333,-83.00972580000001,100.0,27.22,True,False,False
Spin,87994211-2d7c-4641-b35b-ce95a2f5f3d8,scooter,39.996658,-83.010887,83.0,22.54,True,False,False
Spin,d07cd9ca-4ac7-4d7c-a615-d839436a0fbd,e-bike,39.99441113333333,-83.0137883,57.0,15.51,True,False,False
Spin,1e95872d-5d92-406e-ad77-15033de4b82c,e-bike,39.99419233333333,-83.0072476,94.0,25.46,True,False,False
Spin,444b271a-bf2f-40b0-a2fd-5eaf45cc1554,scooter,39.995625,-83.009498,97.0,27.57,True,False,False
Spin,e6220536-0106-4e99-a88b-796e7ee3a00b,e-bike,39.99807823333333,-83.0212322,24.0,6.44,True,False,False
Spin,fd7f5a43-2044-45ee-aef5-46bfd4b517f3,e-bike,40.001137,-83.0247823,35.0,9.66,True,False,False
Spin,70302d4d-4ed1-45ae-a542-b27b03c6f36b,e-bike,39.99877653333333,-83.03861219999999,25.0,6.73,True,False,False
Spin,948f735a-0002-4736-b835-fa8724108a63,e-bike,39.996148833333336,-83.011084,51.0,13.76,True,False,False
Spin,a42ea5c9-62bc-4383-8f1d-1f343813320f,e-bike,39.994319733333334,-83.014521,59.0,16.1,True,False,False
Spin,f6e0c30b-75f7-45ad-838f-2e0b47fa1fea,e-bike,39.996650233333334,-83.01082220000002,39.0,10.54,True,False,False
Spin,f551bd43-ad61-4301-8e32-1af04c622945,scooter,40.002551,-83.016522,29.0,7.9,True,False,False
Spin,b7511e4e-c8de-4b88-a5e5-3cf515c0ecf1,scooter,39.995752,-83.020837,40.0,10.83,True,False,False
Spin,9e2b3999-fb38-4c73-bb09-84554c230243,e-bike,40.0040847,-83.0206791,57.0,15.51,True,False,False
Spin,02642dc2-9a6a-4c3b-a8ac-a9cfbb2fee2c,e-bike,39.997798833333334,-83.00775399999999,19.0,5.27,True,False,False
Spin,295e47dc-d6d1-4fd9-a327-b21f3d0741cb,e-bike,40.000530899999994,-83.00827060000002,44.0,12.0,True,False,False
Spin,0c2abb50-f143-4d65-9d9b-645fe2b0f634,e-bike,39.992300433333334,-83.01559190000002,68.0,18.44,True,False,False
Spin,349260ec-7c92-4456-abc3-df4825a33a87,e-bike,40.001656000000004,-83.00845380000001,20.0,5.56,True,False,False
Spin,93886e3a-0e04-4c1d-9277-5fc966af005a,e-bike,39.99420603333333,-83.01421120000002,88.0,24.0,True,False,False
Spin,c05a1f18-a749-4fdf-b9ae-db9338fbc59c,e-bike,40.001742199999995,-83.00851740000002,56.0,15.22,True,False,False
Spin,c7375bc2-7c8c-4883-a358-a30d20495e3a,e-bike,39.996651633333336,-83.01233529999999,23.0,6.15,True,False,False
Spin,61a429c5-6139-4977-8291-ada31651c3a4,e-bike,39.99696603333334,-83.0112701,47.0,12.88,True,False,False
Spin,3337ab1b-650c-41cd-9999-be094f6e32c5,e-bike,40.0045231,-83.0133467,86.0,23.41,True,False,False
Spin,850d43a3-05c3-4c8b-b424-68154f1d5f6d,e-bike,40.0046273,-83.01345780000001,24.0,6.44,True,False,False
Spin,473043bf-9824-4733-b507-329e5acb54c5,scooter,40.005171,-83.011403,30.0,8.19,True,False,False
Spin,e39af4e8-fa9f-4b5a-a064-8bc5af1dad68,e-bike,39.998704833333335,-83.01898680000001,22.0,5.85,True,False,False
Spin,926e2364-a01a-4c7f-bce7-477622b25fc7,e-bike,39.997742933333335,-83.00799280000001,30.0,8.19,True,False,False
Spin,9fd79dc9-6639-4e42-b592-8ed48036b97e,scooter,39.998375,-83.021441,87.0,23.71,True,False,False
Spin,2de83566-9e2b-4eb9-aef1-9cac9dfc1022,e-bike,39.99589133333333,-83.0135698,37.0,9.95,True,False,False
Spin,fd2068c9-cb2c-4186-9e6e-3fb5b73119ae,e-bike,40.0002924,-83.0188572,23.0,6.15,True,False,False
Spin,e23acf92-4d20-44a8-bcb8-b67107c63efa,e-bike,40.0059597,-83.0095903,22.0,5.85,True,False,False
Spin,08e237eb-c58a-4133-b58a-94eb6fac7803,e-bike,39.996165633333334,-83.01459240000001,71.0,19.32,True,False,False
Spin,eab46a6d-9899-4dcf-aedc-27fd98d8fc7e,e-bike,39.99888733333333,-83.0075923,51.0,13.76,True,False,False
Spin,54322335-8341-4247-80a4-38bed1a967be,e-bike,40.0061236,-83.0141937,85.0,23.12,True,False,False
Spin,05d65063-51a1-43d9-90ed-97d311a0ec86,e-bike,40.001657,-83.0082567,95.0,25.75,True,False,False
Spin,4e383576-edd8-414a-a7e7-ef1341706b6f,e-bike,40.005156299999996,-83.01276680000001,35.0,9.66,True,False,False
Spin,654687f7-067f-45d9-8a9f-08b6a9deac41,e-bike,39.996968833333334,-83.0112909,29.0,7.9,True,False,False
Spin,526bfc7b-3adf-4324-b9e2-35a639e22fe0,e-bike,39.996641833333335,-83.0107182,45.0,12.29,True,False,False
Spin,b50c0dba-f2d2-4fe4-929c-8a6374c42f49,e-bike,39.99594233333333,-83.0097061,71.0,19.32,True,False,False
Spin,4e727ecf-7d34-45b3-ae98-6e64c44f0698,e-bike,40.002386666666666,-83.02512,43.0,11.71,True,False,False
Spin,ce079b81-17ef-4d3a-937c-6d902e21cb07,e-bike,40.002410000000005,-83.02510166666667,33.0,9.07,True,False,False
Spin,cb8997e0-9bec-48d8-a271-7c525833cb13,e-bike,40.005083,-83.020329,51.0,13.76,True,False,False
Spin,4447dd29-6cba-4ee5-8f98-902a92c4af66,e-bike,40.005714600000005,-83.01971710000001,75.0,20.49,True,False,False
Spin,661e9087-f2a1-48b5-be05-e68d08ae61d4,e-bike,40.0057287,-83.0196327,68.0,18.44,True,False,False
Spin,78e612ae-14d0-4836-9ef8-4f0b93e8737a,e-bike,40.0057038,-83.01968149999999,51.0,13.76,True,False,False
Spin,dbd2d9f6-c41b-4bb0-b245-9f9a112ee0ce,e-bike,40.005719,-83.0196943,75.0,20.49,True,False,False
Spin,636f1228-ceca-497c-924f-7d6e6ca91315,scooter,40.0001331,-83.02138940000002,91.0,24.88,True,False,False
Spin,dc3b8ec8-e83d-4593-8397-90966f971fd5,e-bike,40.001938200000005,-83.01305750000002,27.0,7.32,True,False,False
Spin,9d61b682-1f62-4227-9664-4e1a271c5c40,scooter,39.999243,-83.021474,74.0,20.19,True,False,False
Spin,663c826b-0664-400f-a704-70fd8d26efdc,e-bike,39.99595903333333,-83.0094215,32.0,8.78,True,False,False
Spin,45839232-6a6c-4fce-ac0d-e0111b8c20c9,e-bike,40.0059444,-83.00959829999998,97.0,26.34,True,False,False
Spin,824c1708-2a2b-46ca-98fe-da40739e8f29,e-bike,39.99908933333334,-83.0174883,88.0,24.0,True,False,False
Spin,faa70283-8c39-42cc-9367-254bb33e5d1d,scooter,40.005877,-83.009318,60.0,16.39,True,False,False
Spin,e87395b5-d0e6-49af-9deb-58d650ab9ec9,e-bike,39.999281833333335,-83.0215005,48.0,13.17,True,False,False
Spin,e2bb5fa7-b69b-40c4-90ed-51a566453d0a,e-bike,39.99930703333334,-83.0215153,55.0,14.93,True,False,False
Spin,e21f56aa-7350-41bb-b775-96ae242bc561,e-bike,39.99929836666667,-83.02148798333334,20.0,5.56,True,False,False
Spin,1b9a3cc5-3afe-43d8-afac-236d67b1318c,e-bike,39.999289833333336,-83.021484,65.0,17.56,True,False,False
Spin,f4e49340-0f0e-4a6c-b66c-5b3e19bb0dba,e-bike,39.999292116666666,-83.02148541666665,86.0,23.41,True,False,False
Spin,ce7872e4-fa4e-48cb-a1ff-3719239c1420,e-bike,39.99928033333333,-83.02148559999999,68.0,18.44,True,False,False
Spin,80d18098-bb23-4887-a131-b48dbe0be7a7,e-bike,39.9993,-83.02151333333335,56.0,15.22,True,False,False
Spin,08179293-3ed0-419b-ac0e-b170b7c11d75,e-bike,39.99930483333333,-83.0215138,46.0,12.58,True,False,False
Spin,d84b622e-04b4-4a8f-8723-96a149280734,e-bike,39.999301833333334,-83.02149390000001,89.0,24.29,True,False,False
Spin,f95d99ec-6513-4ce3-8377-0867a48f8f24,e-bike,39.999287333333335,-83.02149069999999,71.0,19.32,True,False,False
Spin,bb3af49d-0454-4b0c-9e44-7f21730cb51e,e-bike,39.99928243333333,-83.02149319999998,70.0,19.02,True,False,False
Spin,da979f60-4d92-4d1d-8f08-b5e3c3d80ad8,e-bike,39.999286133333335,-83.02149290000001,48.0,13.17,True,False,False
Spin,fc7df5b0-0ccf-4def-b8ce-3551f2434385,e-bike,39.99927073333333,-83.02148489999999,86.0,23.41,True,False,False
Spin,cfa7e8b7-d0c4-4cc0-b137-67d0226620f5,e-bike,39.999295116666666,-83.02151011666668,68.0,18.44,True,False,False
Spin,cff834f4-70e2-4914-81f8-a76a5f17fe66,scooter,39.99929553333333,-83.02149830000002,65.0,17.56,True,False,False
Spin,0081567e-bee9-4c6a-85af-973d0507e3d8,e-bike,39.99423903333333,-83.0069873,88.0,24.0,True,False,False
Spin,3d9eb88c-3790-49a8-aba7-c19e315d11b3,e-bike,40.0030805,-83.01288930000001,46.0,12.58,True,False,False
Spin,0c620ae6-5c6b-445b-b2f6-a7b34ea7b9f0,e-bike,39.995878633333334,-83.01092390000001,88.0,24.0,True,False,False
Spin,d1b0ed1e-02a6-4eb9-bdc5-a41ee8b6ba83,e-bike,39.996941666666665,-83.00825833333334,84.0,22.83,True,False,False
Spin,4f37e017-a188-4b22-8d59-61a166b7e210,scooter,40.00031,-83.018077,37.0,10.42,True,False,False
Spin,1c88fb1b-8c92-4a87-99b3-28cc303812b9,scooter,40.000319,-83.018042,47.0,13.48,True,False,False
Spin,3c196b20-c804-41dc-aeaa-3d2d3aa58846,scooter,40.00033,-83.018038,51.0,13.76,True,False,False
Spin,8bb6e1d1-9943-4a69-8696-08258a383add,scooter,40.000308,-83.017927,37.0,9.95,True,False,False
Spin,e17b669a-6045-423c-aac3-8088ad24f2f6,scooter,40.000374,-83.018041,56.0,15.22,True,False,False
Spin,6fa21eb5-be27-41b4-b418-e4b8de937709,e-bike,39.994939433333336,-83.0068646,87.0,23.71,True,False,False
Spin,26d529ef-9ee1-482c-9955-a89a0dda5ec8,e-bike,40.0061017,-83.0145171,32.0,8.78,True,False,False
Spin,c5b4cb8a-050a-4aa2-83f2-2ef9f45b7baf,e-bike,39.99597623333333,-83.01464329999999,83.0,22.54,True,False,False
Spin,4eef1793-6d12-4336-9614-82e66cc407f3,e-bike,39.99679823333334,-83.01065339999998,35.0,9.66,True,False,False
Spin,74a7b5f3-e61e-42b1-ae9f-66ebf5743d1c,e-bike,40.0060334,-83.01424309999999,39.0,10.54,True,False,False
Spin,edf50671-9930-4c9b-89b2-f3ac037a5b5b,e-bike,39.99869383333333,-83.0077017,51.0,13.76,True,False,False
Spin,6a19a185-64b2-419a-9e30-45c21a768be1,e-bike,40.00572833333333,-83.01362833333333,76.0,20.78,True,False,False
Spin,c7794781-0fc1-4128-9fa3-dac76b2e93d6,scooter,40.004749,-83.010607,70.0,19.02,True,False,False
Spin,2463027d-ca6d-441d-a111-64f28a097033,e-bike,39.99556153333333,-83.01264270000001,69.0,18.73,True,False,False
Spin,dc6c5324-d1ee-4636-b449-6adb67ff8a65,e-bike,40.0056108,-83.01016239999998,89.0,24.29,True,False,False
Spin,1023174a-ee4c-4052-8c92-c1a2c9f344fe,e-bike,40.0037978,-83.02095159999999,87.0,23.71,True,False,False
Spin,90e407ec-ab33-4f8e-8a18-1b25630d75f1,scooter,40.005482199999996,-83.00962390000001,45.0,12.29,True,False,False
Spin,1f372c33-a10c-4326-bcef-245b8385c514,e-bike,39.99475673333333,-83.01081389999999,24.0,6.44,True,False,False
Spin,83310a55-2916-4276-90e0-2c62fec6c5a9,e-bike,40.0038065,-83.0127563,32.0,8.78,True,False,False
Spin,9717cad4-70e9-4305-9b76-d750209005c8,e-bike,40.0024613,-83.04010940000002,86.0,23.41,True,False,False
Spin,b5cbe5bf-f64a-4ba4-b836-be4f5c500b8c,e-bike,39.997393333333335,-83.00751833333334,83.0,22.54,True,False,False
Spin,648a17a5-8386-4d40-b09c-48aad21ee4f1,e-bike,39.99549903333333,-83.00943540000002,33.0,9.07,True,False,False
Spin,9b97ed6b-dc83-462a-af29-a37db19c3c40,e-bike,39.994010933333335,-83.01769879999999,87.0,23.71,True,False,False
Spin,46a76b81-8e5f-4fea-a2ca-0ae1f14b5782,e-bike,39.998129133333336,-83.0395675,27.0,7.32,True,False,False
Spin,91b3f9c2-d926-47c9-82e3-1e05868ab62e,e-bike,40.0000707,-83.02138330000001,19.0,5.27,True,False,False
Spin,1b3ca2e2-42cc-4b61-8a71-1ed39d60148f,scooter,39.998704,-83.01323,0.0,,False,True,False
Spin,98650a80-d59c-42f2-9fdf-797a11e9f1e7,scooter,39.9956,-83.022034,0.0,,False,True,False
Spin,504262e6-35b3-4430-93aa-dc2aa5e972ec,e-bike,39.998588733333335,-83.01120809999999,5.0,1.46,False,True,False
Spin,6a97bef7-0ac0-4b38-9195-30173d35b8c0,scooter,39.995367,-83.007352,0.0,,False,True,False
Spin,c034ca38-68be-4d34-b170-0bdd99531dc2,e-bike,39.99599653333333,-83.00970199999999,0.0,,False,True,False
Spin,321e7320-126b-4248-a819-f0a9c75e17fb,scooter,40.00392,-83.010932,0.0,,False,True,False
Spin,bd162847-68f5-4529-b011-61adcfeb0d03,e-bike,39.99615723333333,-83.0111246,0.0,,False,True,False
Spin,81a04c3c-cb37-480f-a85a-bc9c6097352d,scooter,39.997128,-83.016453,0.0,,False,True,False
Spin,62028bdd-d331-46d4-92e1-56f1da87c2b0,scooter,40.004816,-83.010688,0.0,,False,True,False
Spin,8d40f0d9-07fc-4c98-b87a-15a8d3b2e91d,e-bike,40.00302166666667,-83.00883166666667,11.0,2.93,False,True,False
Spin,21cd95cd-65d8-4d98-bebb-75e5fb758e18,scooter,39.999711,-83.022,0.0,,False,True,False
Spin,ee258570-9a4b-44ce-9c2b-1ac4d6b24835,scooter,39.99968,-83.007933,3.0,0.88,False,True,False
Spin,0b373ecf-2f92-4e5e-8628-adf1e3ad5935,e-bike,40.004675,-83.01358833333333,10.0,2.63,False,True,False
Spin,d4639a76-791a-4c83-b553-c268bb4e3d91,e-bike,40.00033666666666,-83.01801833333333,12.0,3.22,False,True,False
Spin,2cec1f5a-f088-4b9b-8b31-3b70ba064bb7,e-bike,39.99973273333333,-83.0091554,5.0,1.46,False,True,False
Spin,3c4ebdd5-d76e-4842-88a4-3a7f10396ef5,e-bike,40.0022227,-83.01245949999999,5.0,1.46,False,True,False
Spin,03063005-1f2d-474f-8608-06924271b062,e-bike,40.002925499999996,-83.0320686,11.0,2.93,False,True,False
Spin,987c0a2f-a0f3-4fde-b9b1-d6683b59fffa,e-bike,39.99697833333333,-83.01507000000001,12.0,3.22,False,True,False
Spin,e918a1fc-3169-496c-a1e0-ca733730108b,e-bike,39.9992972,-83.02150314999999,0.0,,False,True,False
Spin,e76aa73f-50f3-4f21-b9c4-537356ea46f0,scooter,40.002974,-83.012899,12.0,3.22,False,True,False
Spin,c485490a-f045-4856-95b5-776306a0fd7e,e-bike,40.0002567,-83.0213976,10.0,2.63,False,True,False
Spin,a6883f66-7105-4aa6-baca-4280a41a749d,e-bike,40.00074333333334,-83.018035,14.0,3.8,False,True,False
Spin,4423bebd-0966-49bf-9cb4-4250eff9474f,e-bike,39.99825383333334,-83.01529860000001,12.0,3.22,False,True,False
Spin,56d9f84c-ebde-46f9-a732-6133baaffd3e,scooter,39.994847,-83.017838,13.0,3.51,False,True,False
Spin,c38d4131-9500-43b6-86cc-bab1fba4103a,e-bike,40.0047849,-83.01070839999998,9.0,2.34,False,True,False
Spin,154c4dd9-9b4a-4e55-89bb-275ec921c0c9,e-bike,40.0060607,-83.03784939999998,2.0,0.59,False,True,False
Spin,18888e1d-cf1a-438a-95d3-514bf51ebab1,e-bike,40.0057679,-83.0196466,14.0,3.8,False,True,False
Spin,29288b72-fcc4-4d67-b67a-1dba8f89147b,scooter,40.006333,-83.01645,0.0,,False,True,False
Spin,0a453439-cdc6-4cf4-b7bb-cc9644654d2f,e-bike,40.0056014,-83.01018649999999,13.0,3.51,False,True,False
