Company,Vehicle_ID,Type,Latitude,Longitude,Battery_Pct,Range_Miles,Is_Available,Is_Disabled,Is_Reserved
Veo,a0f4f957-c888-5f3a-a926-1cf5c756337d,bicycle,39.96108,-83.013551,,26.78,True,False,False
Veo,1f97dfba-2192-515c-b9ac-4a7c766c77de,bicycle,40.004767,-83.010543,,26.25,True,False,False
Veo,ae08d56a-bf85-583f-9aa2-3c3fa664ce4d,bicycle,39.987274,-82.999519,,21.49,True,False,False
Veo,c8255d1b-230f-563e-9916-f50bad44dac2,bicycle,39.983374,-83.016885,,24.33,True,False,False
Veo,fceb3cd8-d02c-5ffc-80c0-9e035d7ab7d7,bicycle,39.984595,-83.020365,,15.18,True,False,False
Veo,01db5b10-c9ad-505b-8e55-911c7695dbf5,bicycle,39.957739,-82.998053,,7.29,True,False,False
Veo,bde35052-4985-5d50-b586-ca54a7c55956,bicycle,39.978884,-83.003637,,28.14,True,False,False
Veo,2004109,bicycle,39.955968,-82.945412,,28.01,True,False,False
Veo,984f5d5b-ce08-5034-ba53-2f33889b0cee,bicycle,39.946632,-83.059787,,21.49,True,False,False
Veo,8d9645b9-31c5-51c9-aa9e-ee97d2742c51,bicycle,39.962166,-83.00441,,18.67,True,False,False
Veo,2004057,bicycle,39.993929,-82.98336,,27.77,True,False,False
Veo,2004025,bicycle,39.993953,-82.983347,,28.14,True,False,False
Veo,01e4d3c1-05e2-5a4e-b6ce-7e75c5b0cc48,bicycle,39.99993,-83.021535,,6.67,True,False,False
Veo,3c8c9cc8-0ab9-59db-91b8-fd38f122385b,bicycle,39.901975,-82.988464,,1.15,True,False,False
Veo,554e00f8-3b59-585d-9614-c2b5b6e910e1,bicycle,40.003233,-83.017937,,7.29,True,False,False
Veo,30f7b287-c657-51fa-acc4-3c015390f447,scooter,39.995608,-83.007241,,9.02,True,False,False
Veo,4ca7c469-4e02-5452-a061-46b4cff1708e,bicycle,40.030918,-82.973516,,10.51,True,False,False
Veo,ca7e03c0-e513-5435-be93-3ae15d35511c,bicycle,40.00318,-82.998403,,28.01,True,False,False
Veo,21e1d4b4-6059-54f7-90e5-a71e178ba024,bicycle,39.956142,-82.945268,,2.12,True,False,False
Veo,c3210188-0099-5638-8100-884109e4de2d,bicycle,40.101656,-83.114255,,24.84,True,False,False
Veo,433a7be1-08f8-5479-a858-28e62db33f68,scooter,39.956116,-82.945196,,25.74,True,False,False
Veo,c060bcde-b69d-5296-982f-1ad278ffb467,bicycle,40.018474,-83.017134,,26.78,True,False,False
Veo,734631c1-eed9-5e33-a243-171694488f6c,scooter,40.009616,-83.003133,,14.86,True,False,False
Veo,e33c20eb-59ea-5609-8e01-afa750cc82c9,bicycle,39.957564,-83.008214,,8.09,False,True,False
Veo,2f1762ea-d4d4-5978-aad0-f92da1bf2cc5,bicycle,40.014655,-83.000052,,12.52,True,False,False
Veo,f6958153-2972-50b3-906f-336f801d2c85,scooter,39.962947,-83.004212,,28.14,True,False,False
Veo,f1c48366-501a-593b-8ecb-5cda81464ee8,bicycle,39.950485,-83.110854,,14.61,True,False,False
Veo,f169e8fd-50d1-500a-9037-eb9a2cbe15dd,bicycle,39.945443,-82.974467,,26.25,True,False,False
Veo,c8796191-18ed-5ad4-8de6-0038dfac707c,bicycle,39.96448,-83.004268,,25.12,True,False,False
Veo,f26c16c7-8f55-55b0-b5e7-22d0c44778b4,scooter,40.052962,-83.029756,,17.89,True,False,False
Veo,aaebe005-a149-5d7d-b408-dd7439ef5b59,bicycle,39.994116,-83.00578,,25.65,True,False,False
Veo,c8cf8d49-f7c9-5125-bc1f-8a69e55f3861,bicycle,40.001772,-82.99764,,25.12,True,False,False
Veo,1e49802e-21af-5ad2-ac11-7617703e50bc,bicycle,40.02629,-83.02493,,24.33,True,False,False
Veo,19ef507b-d9d7-5b2e-9b42-449b0947f4ae,bicycle,40.053506,-83.049361,,26.51,True,False,False
Veo,9c6f1c83-931c-568d-8b4a-7f0f514ab865,bicycle,40.044991,-82.956915,,22.39,True,False,False
Veo,fe2a78cc-91a8-5593-9bd5-f99a214d4320,bicycle,40.011625,-83.010649,,10.31,True,False,False
Veo,8512d824-6b60-56d7-ac1d-6d3deb1856e5,scooter,39.946496,-82.971632,,14.61,True,False,False
Veo,2b033583-354d-53d6-bb01-922b658b8724,scooter,39.956105,-82.945155,,14.17,True,False,False
Veo,3d853924-d1f0-5eae-a81b-5eca36eeb73a,scooter,39.956096,-82.945145,,17.89,True,False,False
Veo,47544254-eafd-5285-9215-8e4ce1e90a03,scooter,39.956096,-82.945156,,28.01,True,False,False
Veo,ca8c4493-416d-5dd1-aff5-2094d9e0916b,bicycle,39.939856,-83.068519,,12.63,True,False,False
Veo,afc54df9-1cf7-542a-8d20-5f18d4710e8e,scooter,39.963031,-83.004228,,28.14,True,False,False
Veo,fd0412dd-b92b-5b89-a6c9-531776a68a7a,scooter,39.949091,-82.964147,,19.39,True,False,False
Veo,6067a456-d0ce-51d0-ae95-335d68ec61bb,scooter,39.956114,-82.945138,,9.97,True,False,False
Veo,e72d3603-2bf4-5919-bfd9-9eb2b8e8c755,scooter,40.003446,-82.975118,,14.61,True,False,False
Veo,93100ddc-8a40-5ffb-8d8f-a9fb5e3493dc,scooter,39.956154,-82.945276,,1.83,True,False,False
Veo,f633f770-bea7-5982-b44b-3e74ec3ca622,scooter,39.991335,-83.001163,,25.34,True,False,False
Veo,3f915c75-3c80-5607-9c7e-7b83ea33bda6,scooter,39.956121,-82.945332,,28.14,True,False,False
Veo,50ec8cfb-7d9a-558b-a127-67f06c580d31,scooter,39.956105,-82.945106,,11.11,True,False,False
Veo,2d2fc7b8-4dc2-5546-90c3-8cb18b34cedb,scooter,39.960316,-82.865219,,1.56,True,False,False
Veo,e2144821-d8e9-5ad8-96e2-7e71709516f0,scooter,39.95612,-82.94513,,28.14,True,False,False
Veo,3385910e-6eac-5112-9b97-53f56c4ac68a,scooter,39.92783,-82.976625,,28.14,True,False,False
Veo,afa91458-6cd2-5e3e-a359-2cedb8ec58a6,bicycle,39.994057,-82.935862,,17.89,True,False,False
Veo,0100f15b-c242-550a-ba0e-f0840b4d5b20,bicycle,39.99423,-83.009579,,16.84,True,False,False
Veo,73f590ee-1fec-5ae1-8d4b-b4b8cb357851,bicycle,39.954273,-82.938402,,10.31,True,False,False
Veo,0bfb19d6-fa6c-5b5e-ac3e-628f50821ac6,scooter,39.956111,-82.945117,,11.11,True,False,False
Veo,1a90abe6-df82-5308-a2cb-89a8b92c8115,scooter,39.961205,-83.010237,,1.15,False,False,True
Veo,59377886-e39b-5b5d-b06c-ca96f6d4847d,scooter,39.956104,-82.945232,,28.14,True,False,False
Veo,ae1b56f3-e559-5496-bea8-da6fe88a66d1,bicycle,40.105328,-83.09737,,9.97,True,False,False
Veo,3435588f-1ca4-5545-8190-7adb0210da75,scooter,39.956098,-82.945144,,28.14,True,False,False
Veo,9e584a86-2aee-5673-be79-e04de3f038c3,scooter,39.956105,-82.945142,,6.07,True,False,False
Veo,98ad0f5a-eb4c-5ee3-b886-bca30e159d5e,scooter,40.001483,-82.997224,,25.74,True,False,False
Veo,13122c1a-822a-5eec-b439-9eb5dcbfe8d1,scooter,39.956113,-82.945113,,4.14,True,False,False
Veo,c1a39155-fc6a-50d2-927f-86ce820f7a79,scooter,39.956157,-82.945262,,22.05,True,False,False
Veo,6bd0e07a-baf2-50a4-a784-67a32551102f,scooter,39.956105,-82.945115,,22.39,True,False,False
Veo,c21ce82c-4fcc-53bc-9249-9620f23fc200,scooter,39.976014,-83.016565,,19.78,True,False,False
Veo,eb836398-23fb-5d31-bc19-8ff5e3e44f99,scooter,39.956119,-82.9451,,11.11,True,False,False
Veo,04bc3d41-5d3c-5edf-8ce8-c4845e17ad7e,scooter,39.956091,-83.021544,,20.37,True,False,False
Veo,d97d13d8-fffc-5f0f-9c8f-f5c643ae91bf,scooter,39.969642,-82.978252,,27.02,True,False,False
Veo,91113a43-cba5-5546-889a-a4d6c540e9ac,scooter,39.956149,-82.945304,,28.14,True,False,False
Veo,4b16685f-a2f5-5828-81f1-3794e25e2e6f,scooter,39.956075,-82.94515,,28.14,True,False,False
Veo,f78c342c-3ba5-5303-918f-89b954ec3f64,scooter,39.947893,-83.062972,,12.52,True,False,False
Veo,baae3ee7-e6da-5f58-9350-f8ac76a0852d,scooter,39.96696,-83.008884,,12.28,True,False,False
Veo,fcfdde51-672d-5014-b341-3fded77a031f,scooter,39.965253,-83.002928,,25.65,True,False,False
Veo,48c828b5-a8cb-524f-a77e-48ab8cc692fe,scooter,39.956123,-82.945314,,23.02,True,False,False
Veo,14e6be5c-7281-5fb1-a997-abe9765ede26,scooter,39.956115,-82.94518,,3.81,True,False,False
Veo,1b723b42-fb52-5d81-8c20-99f62168bcfc,scooter,40.004926,-82.948326,,13.64,True,False,False
Veo,172806aa-2a20-5bed-8885-e44d547d81be,scooter,40.011332,-82.974762,,28.14,True,False,False
Veo,278046ed-6f89-5aae-8334-c55149d0490c,scooter,39.935158,-82.913654,,25.94,True,False,False
Veo,c92f19b4-0983-5d96-baf8-56e2d13b2a57,scooter,39.941423,-83.118352,,2.12,True,False,False
Veo,9d86dfa1-3771-5533-bccb-2f66d7b6b187,scooter,39.939052,-83.098087,,24.33,True,False,False
Veo,4bde634b-433a-5ab0-a109-fe2a89ddfda7,scooter,39.956101,-82.945154,,4.14,True,False,False
Veo,a53c51c8-f5e0-553b-9857-883f3958d23b,scooter,39.946364,-83.044697,,26.25,True,False,False
Veo,5a1451f1-e951-5739-af9f-2a76d1be12ae,scooter,40.007154,-83.019705,,14.86,True,False,False
Veo,afc9899c-5119-5a1d-ab04-303669e76585,scooter,39.993676,-82.97527,,25.12,True,False,False
Veo,4b306a3e-8dcc-5d92-bf29-c42fb9bf604a,bicycle,39.953413,-83.072624,,23.02,True,False,False
Veo,684bde89-9154-5f23-b40f-fc60c40e2522,scooter,39.972501,-83.005001,,18.67,True,False,False
Veo,f272ffa9-58a9-5c5a-b619-32e1f29cab6e,bicycle,39.965266,-82.89663,,2.55,True,False,False
Veo,c2ed0f9f-58c1-5c4d-93d2-925d227e1411,bicycle,40.011432,-82.954311,,25.65,True,False,False
Veo,034cbd12-0a14-5f6b-8195-1707e80adbab,scooter,40.05542,-83.04765,,20.05,True,False,False
Veo,f96b0090-dc5c-5757-bfef-76dd1b778086,bicycle,39.996829,-83.008316,,26.25,True,False,False
Veo,d7d3c411-f86c-5d5e-b6ac-3a8fb22b43aa,bicycle,39.996609,-83.003675,,27.44,True,False,False
Veo,31473b90-e1d7-5722-87c0-f77f2f076dd5,bicycle,39.937458,-82.975491,,27.02,True,False,False
Veo,3b11d922-e9f0-5814-83ba-892d111b9262,bicycle,40.081066,-83.026097,,21.77,True,False,False
Veo,50c279d6-0055-5e12-a886-ca1e5d163f3b,scooter,39.990235,-82.989724,,23.77,True,False,False
Veo,d9f2b4b6-95e9-5b7e-9d07-527925ef766a,bicycle,39.94374,-82.849918,,23.02,True,False,False
Veo,89985639-6824-5416-bca5-7d960f75327a,bicycle,39.967361,-83.015799,,26.78,True,False,False
Veo,b429bd68-1513-5c53-af07-9f165bf401d2,bicycle,39.980069,-83.005506,,23.02,True,False,False
Veo,1491fcb1-76a6-5448-aefb-44530d2704ed,bicycle,40.006144,-83.008536,,10.31,True,False,False
Veo,02b36f14-5ffc-5706-86c1-ad79e7a30aec,bicycle,39.972565,-83.005007,,14.17,True,False,False
Veo,b42d1fa6-6cde-5d51-9a5f-f3412a8d202a,scooter,39.98018,-82.998313,,24.06,True,False,False
Veo,25cc781f-065c-545c-a1a0-169dd10e2639,bicycle,40.020932,-82.971138,,12.87,True,False,False
Veo,aea36294-1820-54fe-84a6-def3b1c4e2c3,scooter,39.932492,-82.99048,,22.7,True,False,False
Veo,f45400b4-b5e6-5c3c-b6b1-f8a7637b911f,bicycle,40.026297,-83.02502,,6.31,True,False,False
Veo,d1f1b17a-400b-5264-aaab-2d9d7904c7dc,scooter,39.962193,-83.004174,,28.14,True,False,False
Veo,39d82b13-3610-5d4e-8e46-5e6b79bd8c78,scooter,39.940402,-83.062795,,28.14,True,False,False
Veo,f109e3f2-f715-5594-9f08-e511b75358ac,bicycle,40.096363,-82.990541,,28.14,True,False,False
Veo,5e8f9ce4-debc-5317-a9c6-5a81987c5b81,bicycle,39.935894,-82.988843,,21.49,True,False,False
Veo,46899058-c027-5e68-9af2-e6421434b088,bicycle,40.00557,-83.013746,,24.06,True,False,False
Veo,a09856e7-bd62-59c8-9cae-2863bd400795,bicycle,39.999921,-82.975377,,15.89,True,False,False
Veo,feb716b1-9a63-5741-9406-223889cc1aa8,bicycle,39.945352,-82.988993,,15.45,True,False,False
Veo,c53bc5f5-a13e-5905-ac29-605e87777563,bicycle,40.101723,-83.110001,,12.52,True,False,False
Veo,9e338717-d0cc-5781-9f8f-a8fe70c7f1bf,bicycle,39.969971,-82.96692,,25.12,True,False,False
Veo,3303aeb5-5031-5284-99c7-150f182a0d42,bicycle,39.946715,-82.993253,,21.77,True,False,False
Veo,7764af77-b8ea-56b9-967c-fa4d628a7f77,bicycle,39.945201,-83.060764,,15.45,True,False,False
Veo,7e962687-a6aa-5202-85d5-3b20e59927ff,bicycle,40.005705,-82.913044,,24.33,True,False,False
Veo,a35c1c0d-5af3-5527-b153-d3c8801e8c26,bicycle,39.977383,-82.970723,,27.77,True,False,False
Veo,fae78598-9292-5793-a4af-4c8faf24eba4,bicycle,40.101597,-83.115547,,26.25,False,True,False
Veo,fe7b94d7-97c7-521c-bd0d-9287c94b47a1,bicycle,39.946408,-83.044746,,26.78,True,False,False
Veo,81044cfc-28fc-5dca-954d-5432247dedd9,bicycle,39.967024,-83.010397,,28.14,True,False,False
Veo,6359c08d-b6f8-5099-8d4b-25ec66e951ce,scooter,39.994152,-82.98344,,28.14,True,False,False
Veo,2de8cd39-7a74-5b59-9de7-e85d341fda06,bicycle,40.02929683,-82.92249506,,0.0,True,False,False
Veo,5abbadfb-a42d-51b6-92d8-357c13e1f694,bicycle,40.019178,-83.029822,,25.94,True,False,False
Veo,f509f879-b5b1-5861-8d17-eaaeacb987b0,bicycle,39.939298,-82.983061,,24.06,True,False,False
Veo,f18ab300-61cf-571d-998f-6eb12fe037fc,bicycle,39.964986,-82.990228,,28.14,True,False,False
Veo,92d3df78-6d6c-5ea5-b067-e155df387d52,bicycle,39.946565,-83.000229,,28.14,True,False,False
Veo,e7ec0615-3a86-51fb-9b69-bb4db44d0ce8,bicycle,39.958511,-83.014659,,27.02,True,False,False
Veo,ced8b48d-3674-5be1-b69a-80702f3950ce,bicycle,39.974279,-83.003876,,15.45,True,False,False
Veo,76345918-f8f7-53c6-8f09-0b4ef1195ded,bicycle,39.927454,-82.951583,,12.52,True,False,False
Veo,52626502-dd85-5892-9443-c61c3ec03a97,bicycle,39.957427,-83.011416,,23.02,True,False,False
Veo,06c44236-5f3b-5d27-a16f-b2b60644906e,bicycle,39.958543,-83.002603,,28.14,True,False,False
Veo,a53baeee-0950-5847-89db-ead7e5f2bb51,bicycle,39.937503,-82.95055,,14.86,True,False,False
Veo,f0b35406-8aa3-5938-862e-d09484698166,bicycle,40.102713,-83.114353,,25.12,True,False,False
Veo,ec8e5497-88f2-5972-98a1-6bd25b438e48,bicycle,39.952893,-83.026885,,1.83,True,False,False
Veo,4daa0bbb-4ae6-5074-b4d3-2281cd1ecdec,bicycle,40.026186,-83.001526,,5.27,True,False,False
Veo,ad0ebfe7-28c0-52c5-b4ab-53d82551c84a,bicycle,40.000755,-82.986383,,28.14,True,False,False
Veo,a6a7d2a5-7081-56ac-8683-d236ff00cc89,scooter,39.969142,-83.003741,,28.01,True,False,False
Veo,773e9687-dbd8-57ac-999a-0dd5f32a0931,bicycle,39.956178,-82.996752,,14.43,True,False,False
Veo,816f1739-8697-5128-9df6-8989da8855a7,bicycle,40.090801,-83.048871,,5.03,True,False,False
Veo,e3729de8-3d72-5a9c-b57b-bfdb7ba4fa6d,bicycle,39.907236,-82.925112,,17.37,True,False,False
Veo,6b855020-355b-5aa4-91ff-85b1e296a004,scooter,40.000341,-82.996597,,14.61,True,False,False
Veo,f8aa382b-5b71-5ced-949c-a5e7b5874f11,bicycle,40.005139,-83.034018,,22.7,True,False,False
Veo,42f856bc-14c1-5ea9-acbe-c68968c6d720,bicycle,40.101194,-83.115777,,28.14,True,False,False
Veo,29cbcaf6-9da4-51c5-802e-c3edb353e330,bicycle,40.00318,-82.998409,,19.78,True,False,False
Veo,f26b69b2-efdf-5628-881c-67ea3c6e682d,bicycle,39.98048,-83.016228,,1.15,True,False,False
Veo,d37d6139-c981-5904-99c8-60279b36b655,scooter,39.968973,-83.003829,,28.14,True,False,False
Veo,eb96d632-ed23-58f1-9813-dcf42dc9bf7c,bicycle,40.028998,-82.98194,,19.39,True,False,False
Veo,59ec5eff-3779-5082-bdf6-3fc1eb7a7644,bicycle,39.959697,-82.975334,,28.14,True,False,False
Veo,5d719951-f446-5efd-85f1-270f756b4e1b,bicycle,39.9559180801078,-82.94530223016405,,0.0,True,False,False
Veo,74f62bc6-6aca-54cb-b56c-1e1b426a5cec,bicycle,39.956933,-82.993868,,27.77,True,False,False
Veo,ac286f61-e35b-5ccb-ba63-02ce9eb796d5,bicycle,39.960097,-82.995851,,28.14,True,False,False
Veo,d2086071-c7e7-567c-9d26-46b8c5a9e806,bicycle,39.941881,-83.06787,,28.14,True,False,False
Veo,e628146b-2598-5c13-a9b3-360e5cb07007,bicycle,40.011983,-82.968582,,28.14,True,False,False
Veo,a8498bac-689c-5820-82bf-243b53b97ffd,scooter,39.965292,-82.984527,,22.39,True,False,False
Veo,a24d92db-b9a8-5bb7-8ffd-342b57ce215e,bicycle,40.001518,-83.00119,,2.55,True,False,False
Veo,0ed01e46-f67a-537c-ab86-34f72339497d,scooter,40.113674,-83.124418,,11.34,True,False,False
Veo,b072c1fa-d237-5b0c-ad2a-563255a43c0d,bicycle,39.993655,-83.0392,,12.07,True,False,False
Veo,e5d1c6de-6c9a-59d0-af63-8441c6fab4b8,bicycle,40.007611,-82.963211,,23.02,True,False,False
Veo,9aa88ce7-e3f8-588d-b955-554a128be854,bicycle,40.002511,-83.001382,,25.34,True,False,False
Veo,154be4b7-5a8f-5af5-92e8-21cb5ed8e5bf,bicycle,40.10523,-83.108113,,15.89,True,False,False
Veo,6efe1566-2683-5034-ac23-29550962c3f7,bicycle,40.025553,-82.988144,,25.74,True,False,False
Veo,2dcb4ef7-0077-5a61-b5a6-599363692dd0,bicycle,39.9453,-82.989906,,28.14,True,False,False
Veo,8c1fa200-b0d6-5d95-86bc-1d79d1f59d68,bicycle,39.976517,-82.995433,,6.67,True,False,False
Veo,3892cda2-d957-52e6-9899-152a7300ad57,bicycle,40.001964,-83.008728,,28.14,True,False,False
Veo,789564f7-3027-58cf-aac7-c8843ea06d11,bicycle,40.008022,-82.980985,,22.7,True,False,False
Veo,57aa48d5-79b3-5cde-869c-90d597bf6c7d,bicycle,39.968015,-82.949057,,26.51,True,False,False
Veo,e12c6404-fa0f-573f-ac8c-9726d7825477,bicycle,39.963189,-82.98144,,8.43,True,False,False
Veo,4fda5399-db9f-5886-9c9a-0440eea28741,bicycle,39.921383,-82.892003,,1.15,True,False,False
Veo,f3d22b12-5c0c-5ad2-bcdd-450d27f6dc39,bicycle,39.93123,-83.116113,,1.15,True,False,False
Veo,0c50ed60-3652-5170-84bc-6080f422e011,bicycle,40.099358,-83.143777,,12.28,True,False,False
Veo,80fa04f1-9707-55fa-9e53-e3d5130be087,bicycle,39.921412,-82.907236,,25.12,True,False,False
Veo,80dde706-3981-5584-866a-e9d5a204c0e4,bicycle,39.959325,-83.033022,,14.61,True,False,False
Veo,5ca4cb50-adb7-5f65-903f-d34f104baa8f,bicycle,39.97496,-82.98142,,28.14,True,False,False
Veo,fcdad181-c4fa-5a1d-b5d5-802a1eb6b54c,bicycle,39.996982,-83.013621,,21.49,False,True,False
Veo,5c5cac0b-e702-56e4-86c6-93388995d8a0,bicycle,40.098635,-83.085723,,28.14,True,False,False
Veo,814f84b3-c70f-55cf-b272-b991c62f1980,scooter,39.967827,-83.012356,,13.86,True,False,False
Veo,7ae28207-e3b2-5cf5-8700-24580fc10ad6,bicycle,39.999645,-82.965428,,28.14,True,False,False
Veo,52b14a58-e7dd-5a4c-aa54-3d168286dd44,bicycle,39.961792,-83.000066,,25.65,True,False,False
Veo,7eeb2011-665b-549b-8bae-58f9c60d6658,bicycle,40.025266,-83.020461,,2.12,True,False,False
Veo,d18c8dbd-846c-5c3d-80cf-ecefccb51e47,bicycle,39.923275,-82.956352,,12.52,True,False,False
Veo,5f203a20-641d-581e-a7b7-f1aa57f597f1,bicycle,39.949369,-82.986811,,24.84,True,False,False
Veo,4eec3e95-4249-54bc-a123-31bbcf1637f1,bicycle,39.967679,-82.911486,,25.74,True,False,False
Veo,c71d04a1-3078-586d-93e3-f7668130dd54,bicycle,40.035047,-83.00377,,12.52,True,False,False
Veo,970531f3-5a70-5f33-bb3d-afd15896dcec,scooter,40.004074,-83.007325,,12.28,True,False,False
Veo,42c60306-a4c8-569a-bb7f-dbb5daaf5d16,bicycle,39.951275,-82.979128,,25.65,True,False,False
Veo,0d2dfaba-c765-54f4-b31f-c54fd24f6f0d,scooter,39.964347,-82.990642,,28.14,True,False,False
Veo,4960a475-54a2-5452-83ce-37ac50a3e74c,bicycle,40.052223,-83.028009,,25.12,True,False,False
Veo,e61f3bbc-824d-5f72-b0e4-54124a612039,bicycle,39.995044,-83.013745,,28.14,True,False,False
Veo,1d2f47a1-c4da-5362-8505-c5dd85a38ac9,scooter,40.00673166666666,-82.98149666666669,,14.61,True,False,False
Veo,9e757261-a271-5b0f-9a88-59b86d25adf1,scooter,40.004457,-83.023289,,25.34,True,False,False
Veo,e8c7be0a-4776-5351-bbaa-2587fe2493e3,scooter,39.962474,-82.981743,,25.65,True,False,False
Veo,e39e4e3e-8b91-531c-ac45-2ef6b6b71810,scooter,39.963093,-83.004256,,25.12,True,False,False
Veo,9f0fbe45-adea-5973-ace4-afe360ced12e,bicycle,39.958386,-82.875216,,6.07,False,True,False
Veo,1d8b2fd5-946b-557c-ad4f-998ae08d1bbe,bicycle,40.00524,-82.999034,,12.28,True,False,False
Veo,27411a9b-9681-57c8-ad0c-7494cc50b2df,scooter,39.985771,-83.001942,,21.15,True,False,False
Veo,515c1f16-8a61-57e2-883b-c2254e6e9e9e,bicycle,39.986993,-82.998863,,25.34,True,False,False
Veo,36c77305-1fb6-589c-acca-23b2a65426bc,bicycle,39.971153,-82.977006,,9.29,True,False,False
Veo,ede7e98c-2aad-5be2-80a4-8148e92e5c3e,scooter,39.95147,-83.000314,,28.01,True,False,False
Veo,8297d7fc-d9c0-54cc-8b17-7473479fb008,bicycle,39.969685,-82.968931,,27.77,True,False,False
Veo,aae75ce3-1a57-53b3-9765-903e56c1c2d8,scooter,39.935007,-82.992867,,28.14,True,False,False
Veo,1ab8240f-a4ac-506a-8b46-e9f502965db2,bicycle,40.065569,-82.970115,,1.15,True,False,False
Veo,47fe0cf7-9b4c-535f-b811-0c5b369fea65,bicycle,39.951957,-83.079039,,0.85,True,False,False
Veo,b4a8cdf7-7bca-5070-bd7b-4d8fa3f758b3,bicycle,40.073277,-83.081224,,27.44,True,False,False
Veo,6c7ac54f-3dd1-50fa-abff-7992e211f61b,bicycle,40.099351,-83.144795,,15.18,True,False,False
Veo,98a11406-bc27-5ef4-a14e-b2c5cc182105,bicycle,39.948615,-83.000159,,9.29,False,False,True
Veo,48332a6d-09b6-5dd4-a90e-348ee981283e,bicycle,39.94683,-82.897123,,28.14,True,False,False
Veo,cee71e6a-cab6-55fc-8616-437b15adc600,bicycle,39.968263,-82.977738,,25.94,True,False,False
Veo,0c3e0e0b-035b-54c3-ba3e-f5d47ed68b60,bicycle,40.011976,-82.968583,,15.18,True,False,False
Veo,c1c33e8f-6276-534f-ae80-64f65ba6f9ac,bicycle,39.922583,-83.034525,,11.11,True,False,False
Veo,8fff5b00-8bbe-5b79-ab53-4a891a719618,bicycle,39.987664,-83.010625,,26.78,True,False,False
Veo,ec042723-c547-5ad3-b6cf-85b5b0000cbc,scooter,40.004685,-82.997686,,28.14,True,False,False
Veo,5b83705c-cf17-528d-832a-68dc1b27ef6c,bicycle,39.987024,-83.004228,,14.86,True,False,False
Veo,6c25aa6c-2041-5d52-a817-5f14f357711a,bicycle,39.949318,-83.02244,,14.86,True,False,False
Veo,eac2b35b-b25c-56d1-a86f-ed323c5443a6,bicycle,40.004004,-83.008588,,14.17,True,False,False
Veo,3e3a94b2-c86f-5cb8-a7e1-d25e3f7e9463,bicycle,39.947721,-83.04125,,22.39,True,False,False
Veo,3d7d69e3-1fa3-5e30-b356-2e5183914093,bicycle,40.004624,-82.935949,,15.45,True,False,False
Veo,73ec613d-8ac4-574a-96ad-73e31708d7ca,bicycle,40.105826,-83.106325,,28.14,True,False,False
Veo,9ee87139-ef75-5957-a9c4-f1eb116dbc3e,scooter,39.95016,-83.000188,,16.39,True,False,False
Veo,f9001f13-effe-5903-9199-b79dc19162b5,bicycle,40.000756,-82.986378,,15.89,True,False,False
Veo,4cdd763c-f0ad-5f89-bb91-5b315f02c2b6,scooter,39.987274,-83.004808,,7.62,True,False,False
Veo,33d82fdc-c3ce-55c9-8e4f-cba4ad03d060,bicycle,39.937767,-82.911325,,3.13,True,False,False
Veo,ce01f62e-b76b-501b-bce7-40b781c546b6,bicycle,39.985418,-83.00771,,25.34,True,False,False
Veo,70843e26-6542-545b-a343-3fb63cd3c8c0,bicycle,40.005632,-83.008688,,17.89,True,False,False
Veo,90b2e8c4-96c1-5f23-8a89-42f6745a7909,bicycle,39.957978,-82.943761,,15.18,True,False,False
Veo,9705d49a-fc67-5b7e-bffb-afaac2276407,bicycle,39.962706,-83.071402,,25.65,True,False,False
Veo,280db2f9-c682-55cb-b3a5-00ee12541bc4,bicycle,40.038796,-82.995575,,12.87,True,False,False
Veo,ad1bc436-2bb3-5858-8199-64042c65bf2c,bicycle,39.982769,-83.004616,,26.51,True,False,False
Veo,646d0afc-a077-53ce-92b6-8988a8ba543c,bicycle,40.026442,-82.969948,,10.79,True,False,False
Veo,694cb190-368a-5d82-a8b4-9fa12bf77a46,bicycle,39.951769,-82.955753,,11.34,True,False,False
Veo,0ca420d8-7ee7-5698-b1e6-e064a192732a,bicycle,40.088089,-83.102768,,10.51,True,False,False
Veo,4ca2d27c-9d1f-5c78-a609-a2715656f7f7,bicycle,39.946811,-82.960425,,27.44,True,False,False
Veo,c20beb01-3574-5c10-af58-1555a2d54e5b,bicycle,40.0032,-83.008195,,28.14,True,False,False
Veo,6b77539a-2192-5c94-b196-239d18e43fc0,bicycle,39.958603,-83.080712,,25.34,True,False,False
Veo,7db029bb-f823-5552-b0e6-4d2f2da90434,bicycle,39.950695,-82.956782,,15.18,True,False,False
Veo,400cabde-d2b3-5677-8f26-4123ada10f90,bicycle,40.017272,-83.006366,,28.14,True,False,False
Veo,703c6bef-227f-513f-a459-dcb1131a3d6c,bicycle,40.002824,-82.99862,,26.25,True,False,False
Veo,71d85813-46b0-5b15-911d-2a51798386b5,bicycle,39.958667,-83.012767,,25.12,True,False,False
Veo,421637f6-90f1-5850-a1a3-7d1372d0ee9c,bicycle,39.957098,-82.931268,,28.14,True,False,False
Veo,55491f68-4394-5c2b-b1c4-12425235bdab,bicycle,39.936436,-82.988797,,12.87,True,False,False
Veo,132cc39e-9943-595f-be06-53791024a727,bicycle,39.97294,-82.971427,,12.28,True,False,False
Veo,686dba85-7904-5ad3-ae87-6404ea0ab36d,bicycle,39.981578,-83.016979,,15.45,True,False,False
Veo,26cce90e-a548-5bba-a934-3a45b9401bca,bicycle,39.959402,-82.985727,,28.14,True,False,False
Veo,470576fc-2d52-50bd-aef8-95c760c6f35e,bicycle,39.953226,-83.067867,,28.14,True,False,False
Veo,0437d8a4-26f6-5208-9eca-9e0578d2bcb8,bicycle,39.92818,-82.977222,,26.25,True,False,False
Veo,170fe7f9-eda2-5d9e-955c-26fa8122510d,bicycle,39.971342,-82.960932,,9.65,True,False,False
Veo,b8e7b1ca-33cf-511b-a3e9-d7dc9f74421e,bicycle,39.96211,-82.982124,,24.06,True,False,False
Veo,3ba0b62f-a291-50c7-ae44-f34445db44dd,bicycle,40.010689,-83.047653,,9.02,True,False,False
Veo,42f83721-c119-5480-b3fc-ce08f6c8f41e,bicycle,39.966044,-82.991203,,28.14,True,False,False
Veo,ce662f2b-08fb-5fca-adb2-13cb4c7fd79a,bicycle,39.962923,-82.960309,,12.07,True,False,False
Veo,ef07ad9c-c87b-5fb6-8b5c-8776bb7f3616,bicycle,39.964978,-82.990207,,15.18,True,False,False
Veo,a9c126c7-063f-5c91-b0e1-b9bce10e5589,bicycle,40.016056,-82.991021,,15.45,True,False,False
Veo,3d86b088-8e13-56fe-acb3-ddf2cc2fdf37,bicycle,39.943784,-83.116019,,0.85,True,False,False
Veo,7825d5d9-831f-5d78-890d-26f414660e62,bicycle,40.103598,-83.091595,,27.18,True,False,False
Veo,5fd7ced1-7a52-5b34-a04a-fa3406de8e12,bicycle,39.975481,-82.964832,,24.33,True,False,False
Veo,54bea2e3-b6d8-5e83-a27e-82102e36b772,bicycle,39.939767,-82.997204,,28.14,True,False,False
Veo,a2bd4574-8ab2-5038-959f-c9d740cb007c,bicycle,39.956028739930176,-82.94531868953904,,0.0,True,False,False
Veo,d73e594c-1bd2-50df-a83c-9ef8ccf06c62,bicycle,39.995512,-83.012158,,21.77,True,False,False
Veo,165f8d3f-8538-5bef-b7ae-3865cdd92531,bicycle,39.956629,-82.987155,,27.02,True,False,False
Veo,5be7f703-a2bd-5ed5-a185-46ccf7695b01,bicycle,40.08635,-83.098795,,28.14,True,False,False
Veo,8eefa154-1ed8-5904-8e29-27f508e9c25c,scooter,39.989307,-83.004619,,28.14,True,False,False
Veo,0dbd1bd8-c19e-50b0-87c1-2db6a2bebb06,bicycle,39.964042,-82.998546,,28.14,True,False,False
Veo,59756c30-0d48-5043-8327-861d8c114214,scooter,40.096602,-83.119849,,1.56,True,False,False
Veo,d3bc9b4e-1d2b-5c96-8154-51d674f5673a,bicycle,39.94272,-82.983398,,17.37,True,False,False
Veo,1e856b0a-431a-5f49-9671-8f81ab45e26e,scooter,39.995437,-83.010817,,26.25,False,True,False
Veo,8c1bc05b-71c1-5297-9a99-d6ba28639ecf,bicycle,39.998338,-83.031779,,9.29,True,False,False
Veo,a3963ed1-b94d-5d71-979a-55c19c07321b,bicycle,39.978453,-83.020943,,25.94,True,False,False
Veo,2002810,scooter,40.012006,-82.968593,,24.33,True,False,False
Veo,d56ccf82-3cc1-574d-b4c0-c5b50e413191,bicycle,40.101672,-83.109998,,13.86,True,False,False
Veo,1773e1d1-8334-582f-b900-47b6f25686c0,bicycle,39.967875,-83.012351,,28.14,True,False,False
Veo,079182ce-4a39-5f08-bcd7-aafd918beaed,bicycle,39.968205,-82.977702,,26.25,True,False,False
Veo,1c48db0b-616b-58bd-a9d9-87a0aa5cf8f8,bicycle,39.96652,-82.992943,,25.34,True,False,False
Veo,dc520aab-a619-5b22-850b-109862558a70,bicycle,39.949667,-82.968526,,15.89,True,False,False
Veo,227395ae-b4b6-5bff-a9fb-2f0d0bce9fda,bicycle,40.006213,-83.016077,,12.87,True,False,False
Veo,6678a6c8-9f9c-530f-a339-6c49069d39f5,scooter,39.951258,-83.052098,,24.06,True,False,False
Veo,7db94961-2259-5d57-85c3-de4e6ec11552,scooter,39.997356,-83.037243,,14.86,True,False,False
Veo,e6da7421-8546-5e04-9443-af495c0c995f,scooter,39.960268,-82.958015,,28.14,True,False,False
Veo,c0a3b189-14a0-51ed-8227-4a9716c55332,scooter,39.962113,-83.002382,,6.07,True,False,False
Veo,33fac8a6-d22a-578f-b45f-0d2bbf656bdc,scooter,39.960326,-82.986862,,17.89,True,False,False
Veo,d7f8c213-c6d3-5c2f-bb47-8fd0ba76453f,scooter,39.96882,-83.003622,,25.12,True,False,False
Veo,6a49c0de-99a6-5ccd-9df1-cb45b9f5055e,scooter,40.006286,-83.009111,,2.09,True,False,False
Veo,698ce426-919a-5d6b-b59c-5c6ace0a8dbc,scooter,40.012688,-82.997873,,5.27,True,False,False
Veo,46dd563a-9eae-582a-9db7-73b7b6a5012e,scooter,40.022765,-83.001871,,14.43,True,False,False
Veo,3924caac-8cae-59a9-87c2-93f7913db052,bicycle,40.02246,-82.987218,,16.39,True,False,False
Veo,d5e83c2a-05e3-505c-9d99-a56420d87322,bicycle,39.996222,-83.009223,,8.43,True,False,False
Veo,d47059c0-a3ef-5da2-855b-ed65e9d68497,scooter,39.997919,-83.01824,,25.74,True,False,False
Veo,8c6fe012-2895-5eaf-a196-02825ea8c82d,scooter,39.96301,-83.00423,,28.14,True,False,False
Veo,bddebd6d-2999-5ad6-986c-5ab67cc36100,scooter,39.950587,-82.990419,,12.28,True,False,False
Veo,6a14fc88-39cf-55c2-980a-edd73e332d2d,scooter,39.963664,-83.000666,,27.77,True,False,False
Veo,419a9b16-31fc-5338-bbe9-d1e4c0356071,scooter,39.930939,-83.049017,,2.79,True,False,False
Veo,aad5d0e6-cab6-5e44-9dfc-ba3bd3f3d454,scooter,39.954488,-82.989782,,12.52,True,False,False
Veo,a79007ac-3445-5288-b6c2-20f7c9cff51d,scooter,39.957206,-83.001527,,28.14,True,False,False
Veo,fee52e70-f899-58e4-b1c0-6b7dd09cd2a2,bicycle,39.995925,-83.016879,,28.14,True,False,False
Veo,d3be1f2c-c6c8-557f-b19a-5bd01ee03adb,bicycle,39.990294,-83.008006,,27.77,True,False,False
Veo,3fb6f876-177c-5f47-8f64-e416af552ced,scooter,39.980207,-83.007744,,14.61,True,False,False
Veo,5a0ef847-a4b4-5a0a-a669-62bbbd901664,bicycle,39.956721,-82.987962,,14.17,True,False,False
Veo,b2b33aea-9817-5f5e-806b-9053914ca7b1,scooter,39.958536,-83.013671,,27.77,True,False,False
Veo,15c48d88-bfd6-5a85-b739-141e7cfe8fc3,scooter,39.978817,-83.004346,,12.63,True,False,False
Veo,31162878-a594-597b-b964-8a8db3624e32,scooter,39.951767,-83.024247,,15.89,True,False,False
Veo,95d9cb49-ac85-57c2-a28b-ba8112545a20,scooter,39.9969,-83.020822,,14.86,True,False,False
Veo,dd8b3ef1-fe56-562f-93c3-291be61dcf7f,bicycle,39.905027,-82.961854,,12.63,True,False,False
Veo,1a949a38-5a6d-5e9c-9511-d372bd77051b,scooter,39.974804,-83.070922,,4.92,True,False,False
Veo,0dd94021-a35d-596e-a803-c7a5e096bca4,bicycle,39.969586,-82.969551,,27.77,True,False,False
Veo,5146ca49-2091-52fb-aff1-217f31a8e37a,bicycle,39.951388,-82.979102,,25.74,True,False,False
Veo,87c7e9ba-e4a8-581f-8fdb-3579b13a9779,scooter,39.956108,-82.945226,,1.15,True,False,False
Veo,39db73d7-843e-5afc-8271-611b33e0d8ee,bicycle,39.978543,-82.996737,,8.78,True,False,False
Veo,3e080a7f-c939-506a-9989-2a4eebace408,bicycle,39.927575,-82.984351,,25.74,True,False,False
Veo,a5690f91-3279-5a59-a950-537a2230744e,scooter,39.962222,-83.004156,,16.39,True,False,False
Veo,6f8eda9d-a82d-57cd-be65-9a5a262beead,bicycle,39.955895,-83.003207,,1.83,True,False,False
Veo,faeaa9ed-63ff-50b5-9252-c0dc32b81991,bicycle,40.006808,-83.01267,,13.86,True,False,False
Veo,ec844494-c05a-55d2-a5fc-6b5e343e136c,bicycle,40.014667,-83.001085,,19.05,False,True,False
Veo,8d9cea21-f0a4-5504-8d95-be0df51b4282,scooter,39.96221,-83.004221,,27.77,True,False,False
Veo,bff9e6a9-365a-572d-9f20-792e9413e27a,scooter,39.985192,-83.005401,,25.94,True,False,False
Veo,6dff5931-416b-5026-a636-cac3213b0307,scooter,40.105941,-83.106307,,28.14,True,False,False
Veo,74f5f970-23a6-56b9-a3c2-2693e17f3299,bicycle,39.970331,-83.004095,,26.25,True,False,False
Veo,6c6d4356-c231-520f-934c-0a3865e0d6d6,bicycle,40.000757,-82.986374,,6.31,True,False,False
Veo,cf0f357c-b2d3-50d7-a6f3-69f4a685a186,bicycle,40.005101,-82.997393,,19.78,True,False,False
Veo,f5d9d95a-03ac-57eb-9d02-bc2e1167708f,bicycle,39.958189,-83.015921,,19.78,True,False,False
Veo,f6013da2-3ab9-579b-9208-8e222b96b326,bicycle,39.999768,-83.02133,,23.33,True,False,False
Veo,78645165-97d0-5079-99fb-8b8af6404bf8,bicycle,39.984689,-83.004708,,28.14,True,False,False
Veo,1d4adbbd-8cfe-58d0-8179-3a6b8daf56d0,bicycle,39.988808,-83.032956,,10.31,True,False,False
Veo,1c294c1d-fb03-5821-85bc-90cb7d24584c,bicycle,39.957919,-82.910441,,19.78,True,False,False
Veo,9e48ea2f-d33d-5f43-b348-4ecd8ebf940b,scooter,39.960398,-83.013185,,25.94,True,False,False
Veo,25a24da5-1bdc-575c-ad4b-d3ef73ee4a26,scooter,39.999893,-83.021358,,28.01,True,False,False
Veo,62fba2fb-8e84-5828-9f18-de87f9a9d57a,bicycle,39.927918,-82.967315,,14.43,True,False,False
Veo,4125877d-0278-5e5e-acf2-acf9a6614810,scooter,39.970102,-83.00459,,27.44,True,False,False
Veo,f067ac7b-2ba1-5d17-a4f3-8418080078ea,scooter,39.898989,-82.956868,,15.18,True,False,False
Veo,773563a2-a63c-5a1d-8c54-f9e41c68f80c,bicycle,39.936117,-82.979935,,18.67,True,False,False
Veo,9fe875dd-cafb-59d0-bddb-131dff312ca6,scooter,40.000759,-82.986396,,24.33,True,False,False
Veo,eee65d25-e2e8-508d-aeea-1f8bdf6e629b,scooter,39.954567,-83.027124,,21.77,True,False,False
Veo,1ae387e7-e835-5582-8555-1cd34adf57d4,bicycle,39.958012,-83.008222,,19.39,True,False,False
Veo,5c63c8f9-b741-50d1-ad64-4d47c10860d9,scooter,40.004541,-83.011125,,1.83,True,False,False
Veo,4d395504-655b-5e7b-889d-8780d913364e,bicycle,40.101865,-83.108531,,15.45,False,False,True
Veo,d9edb137-e117-55d6-a6dd-decd2b70e689,scooter,39.977722,-83.005357,,11.59,True,False,False
Veo,fd572d52-4cad-5f68-a809-01f30c904f11,scooter,39.935007,-82.992822,,17.37,True,False,False
Veo,933ba556-fbfe-503d-9b8d-6dcf88508264,bicycle,39.949245,-83.022506,,28.14,True,False,False
Veo,8eb38858-01b6-54c7-82f6-8d5b6b9db8b2,scooter,39.956122,-82.945282,,1.15,True,False,False
Veo,5a063f5e-2ee9-597f-be40-d5e8ec1b14f7,bicycle,40.010758,-82.922432,,12.63,True,False,False
Veo,1e655b47-efd0-5456-8f22-ec14e5318419,scooter,39.955939,-83.003222,,13.39,True,False,False
Veo,5efd3c6b-a062-5a0e-9ed2-906d2831fae2,scooter,39.959383,-82.997748,,11.59,True,False,False
Veo,6bd033d3-b34d-5ac7-9364-033c53b2850f,bicycle,39.990758,-83.000551,,15.45,True,False,False
Veo,85fa18af-51d2-59b9-86c3-062446b4d11e,bicycle,39.957756,-82.998011,,19.05,True,False,False
Veo,a1093cd9-fb70-5e03-bef4-d65f92b5e369,scooter,39.959432,-82.985522,,17.89,True,False,False
Veo,f3d8607d-93a3-51f4-a948-8efc98012d4a,scooter,39.995079,-83.003921,,13.39,True,False,False
Veo,011c28f5-2f95-5c29-a940-d5cc8076a0bc,bicycle,40.063952,-83.057061,,26.25,True,False,False
Veo,943390b1-069b-5fe8-a2b6-2ea3065004d8,scooter,39.949361,-82.986831,,16.84,True,False,False
Veo,d86a7b0c-6d09-5f47-930e-61bce36c9c52,scooter,39.966853,-83.004694,,23.77,True,False,False
Veo,853afed8-a6ff-5da2-aa02-8c988c1758a6,scooter,39.973434,-82.896695,,13.64,True,False,False
Veo,801f7e8d-9501-5c11-99ae-376077ac176c,bicycle,39.979846,-83.023564,,25.74,True,False,False
Veo,e4f43198-e27d-53e0-b226-1f58ab313e1c,scooter,39.956104,-82.945144,,27.77,True,False,False
Veo,fee666cc-62d3-567a-8071-7de08dbf6b0f,bicycle,40.068806,-82.95149,,28.14,True,False,False
Veo,bd0a199a-48b0-5161-a3b8-304679623a9c,scooter,40.003464,-83.019362,,15.89,True,False,False
Veo,d886374c-a5f4-571f-b997-4f569966b55d,scooter,39.950109,-83.000181,,28.14,True,False,False
Veo,2fdbbed7-b4db-5947-999e-410a1874f742,bicycle,39.993914,-82.983382,,19.78,True,False,False
Veo,ac897ff6-d5fb-5625-9316-6f54b6be1d9c,bicycle,39.93436,-82.986112,,22.39,True,False,False
Veo,c17dce2a-1d12-58cd-b391-af416846f4e8,scooter,39.972909,-83.004395,,24.33,True,False,False
Veo,4dcdadee-8a92-5c1f-ad21-24358dd42b8a,scooter,39.956993,-82.995026,,22.05,True,False,False
Veo,e2b953d5-a194-51df-91cd-b38ea676abf7,scooter,39.983091,-82.998923,,28.14,True,False,False
Veo,85468119-1355-53eb-8fd3-1d8be13aedee,scooter,40.00581,-83.016848,,28.14,True,False,False
Veo,36b607ae-cb4a-53f6-9639-601daf5c0196,scooter,39.963064,-82.981832,,24.84,True,False,False
Veo,b0bcf068-7782-5350-ab9a-efe27b516144,bicycle,39.974156,-83.00111,,28.01,True,False,False
Veo,95c6887a-e78c-5813-8028-c7590c365a29,scooter,39.996146,-82.951695,,20.37,True,False,False
Veo,b66f8e39-1adc-5931-9227-368087a76ed0,scooter,39.95016,-83.000178,,28.14,True,False,False
Veo,4fc52138-339d-5892-8e42-da787d1693dd,scooter,39.978059,-83.002447,,20.05,True,False,False
Veo,650cee47-5765-501e-b6f2-e919297537d4,scooter,39.964263,-82.997379,,22.39,True,False,False
Veo,35d54e00-4f1e-5c4b-b38d-7e3192d06404,scooter,40.103159,-83.110297,,27.02,True,False,False
Veo,2dce1c3a-31e3-57bc-a4f4-cb77359fcd37,scooter,39.956119,-82.94519,,24.84,True,False,False
Veo,65c214e0-5553-59c0-9b7c-04a7da3c61a4,scooter,39.965652,-83.000779,,6.67,True,False,False
Veo,bbf08432-b361-544e-b7a9-70c652abc0f9,scooter,39.971476,-83.006211,,22.7,True,False,False
Veo,cdefc292-10de-5c42-9947-d73cf798e807,scooter,40.111551,-83.121315,,28.14,True,False,False
Veo,f2cb9f18-64de-564a-9bda-bfac06bcfad6,bicycle,39.974874,-82.953886,,28.01,True,False,False
Veo,dc11fb6c-048c-5d5a-9f5e-1436064a07fb,scooter,40.03832,-82.993586,,5.59,True,False,False
Veo,0065aa68-b29d-5556-9699-bdd85aa44dea,scooter,39.93712,-82.98292,,14.17,True,False,False
Veo,d1012cb8-61d0-5c20-9601-37fe9ebc019e,scooter,39.994354,-83.013368,,24.33,True,False,False
Veo,c89aad8c-1ac4-58b2-84de-0a01b539c8c7,bicycle,39.996948,-83.01504,,28.14,True,False,False
Veo,15c07117-bf2d-5dd8-914d-f038d1cda3f2,scooter,39.97278,-82.975123,,12.07,True,False,False
Veo,03161af9-b051-5196-8ab7-f1cf1dfedf76,scooter,39.978865,-83.004099,,21.15,True,False,False
Veo,ec2ac937-6060-5198-bf2d-8fdcb443a164,bicycle,40.01198,-82.968618,,21.77,True,False,False
Veo,4b42dc42-88f7-5b24-afe4-c88beef1467a,bicycle,39.974425,-83.004509,,15.18,True,False,False
Veo,442d46ef-313a-5032-a3f6-2233f129a90f,scooter,40.004467,-83.00963,,14.86,True,False,False
Veo,d831b683-7936-5562-98db-2de71b5da844,scooter,39.993548,-82.981153,,15.45,True,False,False
Veo,8a207b82-f46f-5a1c-8205-405c2f487cf2,scooter,39.941969,-82.994946,,25.65,True,False,False
Veo,da813249-433e-572c-a7d4-278a32e66642,bicycle,39.992963,-82.99528,,27.02,True,False,False
Veo,bcd5358b-ecdd-5b1a-950c-9e8b77140ac1,scooter,40.008527,-82.930198,,11.83,True,False,False
Veo,bf91e740-17dd-5793-9e12-646c14c771e1,scooter,39.955665,-83.053708,,24.06,True,False,False
Veo,2a2d3e05-5765-5325-9b10-c0903a4f9e99,scooter,39.988225,-83.046077,,19.78,True,False,False
Veo,04d01c41-3b23-58b2-82fe-5aa340a7093c,scooter,39.998384,-83.0018,,28.14,True,False,False
Veo,8dc8fae7-f6b2-5fe9-95df-00f2f6978bf0,bicycle,39.954963,-83.018803,,24.06,True,False,False
Veo,6c0f72e7-5bc8-5530-89e0-fd532451abe5,scooter,39.991677,-83.023375,,25.74,True,False,False
Veo,7c41761f-1aa3-5bef-a3f7-e0c817a7cd60,bicycle,40.005148,-83.010244,,26.25,True,False,False
Veo,ffaa7f6a-c396-5b3b-afc6-114b248e1c88,bicycle,40.007177,-83.003639,,24.84,True,False,False
Veo,f8ba293f-9bb5-52d9-9788-c7e6d05de6a1,scooter,39.970354,-83.002424,,28.14,True,False,False
Veo,3cc7aade-0131-579d-b073-6b19669a2b10,bicycle,39.965396,-82.982333,,26.78,True,False,False
Veo,5c3f8252-4fad-5ddb-83ee-83a7f1961739,scooter,39.94833,-82.96269,,28.14,True,False,False
Veo,c07f1a21-4dfa-51d4-a626-e8ddf01fc952,scooter,39.963106,-83.0043,,28.14,True,False,False
Veo,09dc53a2-b4f2-5a03-baa7-6ded8b8f396e,scooter,40.096915,-83.119583,,17.89,True,False,False
Veo,2b091139-05f3-5096-9b80-16359a810568,scooter,39.95996,-83.010096,,28.14,True,False,False
Veo,6ae50b04-8322-55c4-ae90-729393872d59,scooter,39.887777,-83.001233,,1.15,True,False,False
Veo,dfccef44-a615-53d7-aaef-a1008ed9b4d6,scooter,39.976095,-82.973004,,24.06,True,False,False
Veo,c664a999-b394-5e72-858f-fa37c63bd92a,scooter,39.973457,-82.980623,,26.78,True,False,False
Veo,31ff7acc-397b-5028-877d-ad6e30d55971,scooter,39.967399,-83.01565,,14.43,True,False,False
Veo,8bf543b8-ca44-5e87-9858-ac986bbf480f,scooter,39.992282,-83.032533,,4.78,True,False,False
Veo,83e6ec85-c69f-5b8b-8599-dc76bfc76b68,scooter,40.011995,-82.968574,,8.78,True,False,False
Veo,e4faf1f2-f233-5e74-befe-dd0cb3171304,bicycle,39.963601,-82.912972,,15.45,True,False,False
Veo,dc88ec9b-d2f5-58b4-bb22-b9e338694899,bicycle,39.925657,-82.941595,,28.14,True,False,False
Veo,76a19b70-f5de-5905-baff-b765e717ffc0,bicycle,40.015648,-82.971006,,1.83,True,False,False
Veo,1617dfae-ff74-5e58-b5c7-03b6e1ab1ac2,bicycle,40.063518,-83.055471,,14.17,True,False,False
Veo,b272c638-1520-572a-aed5-dca13c44946f,bicycle,40.001903,-82.976471,,19.39,True,False,False
Veo,a16a4c7a-d838-5ccf-8b82-c31d54febbcf,bicycle,39.994176,-82.935927,,10.51,True,False,False
Veo,5d4c5bab-9ca1-55b8-b760-7de377fffcb0,bicycle,39.959908,-82.965132,,28.14,True,False,False
Veo,361efb47-d013-54d3-8918-11b9ff8e8082,bicycle,40.065793,-83.048434,,27.02,True,False,False
Veo,43e2790f-fd09-5d28-959f-7002509101ec,bicycle,39.957824,-82.996879,,13.1,True,False,False
Veo,ba7d7276-d7a9-5ef7-ab3e-a5810fcb5945,bicycle,40.013207,-82.948053,,13.64,True,False,False
Veo,617a97c1-0986-53f7-b70c-236b295274ce,bicycle,39.995281,-82.99604,,5.59,True,False,False
Veo,3108a12b-1166-5b1f-959d-30ab3ab0a655,bicycle,39.974966,-82.981495,,28.14,True,False,False
Veo,3854d005-a808-5b42-a0d4-88842bab8517,scooter,39.963234,-82.981331,,28.14,True,False,False
Veo,658b5a6a-c51d-5464-826c-352ddc81b89f,bicycle,40.004684,-82.997755,,25.34,True,False,False
Veo,bd88937d-f1dc-54aa-814d-e37dd54efe80,bicycle,40.015449,-82.982556,,14.61,True,False,False
Veo,1481e0fb-f5a5-5100-94a9-818b6269cf5f,bicycle,39.997262,-82.995695,,19.39,True,False,False
Veo,019d814d-982d-5014-b96d-e4591665a294,bicycle,39.965882,-82.993969,,14.17,True,False,False
Veo,d189b6a2-cce9-5c63-a4f5-d9bd9177ccf4,bicycle,39.972156,-82.993089,,24.33,True,False,False
Veo,94507944-0c03-5e8f-bb3a-f640df49af26,bicycle,39.939384,-83.077408,,25.65,True,False,False
Veo,6999b3af-3aaf-5f7f-9c7c-e4c52e92b477,bicycle,39.984639,-83.011067,,26.25,True,False,False
Veo,62441190-12e9-5950-b746-bf8f036c06b9,bicycle,40.004064,-83.005357,,24.33,True,False,False
Veo,8b857d89-a1b9-59dd-9c3e-667d60e9aff6,bicycle,39.957887,-83.012211,,21.77,True,False,False
Veo,e6318dae-9f60-5035-b441-2de40cf2098a,bicycle,39.957423,-83.01137,,14.17,True,False,False
Veo,d78f31e8-179c-5194-87fa-42963958061d,bicycle,39.96915,-82.978798,,25.12,True,False,False
Veo,52e76ce7-d43b-59e4-9d48-4abff4620f67,bicycle,40.105784,-83.104808,,27.44,True,False,False
Veo,b7faf27c-6185-5132-9cc9-2d64062e37e8,bicycle,39.970374,-83.00199,,28.14,True,False,False
Veo,fecb33ea-1d8c-55f3-a5b5-aa1a5d57bebf,bicycle,39.952383,-83.038124,,25.74,True,False,False
Veo,d5c940c4-7390-50c1-bbc8-fd5aa3c2464c,bicycle,40.011572,-82.967371,,24.06,True,False,False
Veo,ccebc117-c64f-5ad1-92d3-b61bbdce108d,bicycle,39.998773,-82.978234,,22.7,True,False,False
Veo,57de6127-2b6c-5ab7-b47f-f83944017a2e,bicycle,39.977965,-83.003542,,24.33,True,False,False
Veo,658502e9-b31b-5464-a029-293a50b454d2,bicycle,40.006119,-83.012004,,3.67,True,False,False
Veo,8de95935-ff9d-5b6d-820b-68c20b83ef63,bicycle,40.010021,-83.008797,,27.77,True,False,False
Veo,2115101d-051b-56d4-8438-6db3daf95f9e,bicycle,39.999835,-83.003144,,28.14,True,False,False
Veo,8a31d51d-cf22-545b-9bbe-2502efa6625d,bicycle,39.946462,-83.063648,,28.14,True,False,False
Veo,1d29f341-5edd-557c-b01c-6c0c100dd160,bicycle,39.957842,-82.971583,,12.87,True,False,False
Veo,44753212-eb3c-5e16-98b6-454308b0b4c3,bicycle,39.975301,-83.014664,,28.14,True,False,False
Veo,9278d417-cabc-58cd-a108-301002a17ad0,bicycle,39.997972,-83.016864,,18.67,True,False,False
Veo,740aba3f-e798-5d41-adc9-66bd2e739569,bicycle,39.972125,-82.993085,,25.12,True,False,False
Veo,47d7e5a3-e806-5313-81fd-734ebd8053b7,bicycle,39.965854,-82.993044,,13.1,True,False,False
Veo,14c57a97-4b56-5e65-bd3d-2b1ea0e1088e,bicycle,40.101543,-83.088977,,25.12,True,False,False
Veo,5129a53a-b4d4-5637-b108-8b0b56079f9e,bicycle,39.955933,-83.003173,,25.12,True,False,False
Veo,a3ae67c9-ce03-5ec5-a246-07326d235476,bicycle,39.9435,-82.996139,,28.14,False,True,False
Veo,2bcb126e-9af4-5d87-9ac2-1636aec008ce,bicycle,40.006882,-83.01676,,19.39,True,False,False
Veo,68e94691-db46-5ef2-be41-e2ca88686370,bicycle,39.946475,-83.072649,,23.02,True,False,False
Veo,4154a96d-77d7-5439-af04-0c293702b85c,bicycle,39.957567,-83.001507,,26.51,True,False,False
Veo,eb79bb01-0f0b-5679-ad83-ab0ef7cc42df,bicycle,39.997258,-82.99598,,9.02,True,False,False
Veo,34c6bd9f-4f2e-5703-bf19-75c717b1d016,bicycle,39.989239,-83.004514,,15.18,True,False,False
Veo,b3e4d88a-d7da-5467-a5a6-c62642b143f2,bicycle,39.986058,-82.981832,,7.62,True,False,False
Veo,1bf64d19-e074-5e53-bc5e-cfbda2ca8941,bicycle,39.953526,-83.090587,,26.78,True,False,False
Veo,3ba51399-d088-5604-815a-c9576bb22fc0,bicycle,39.994717,-83.009011,,28.14,True,False,False
Veo,f2c0067a-a6ef-5a0b-8053-052fbc0720a1,bicycle,40.101621,-83.115556,,25.34,True,False,False
Veo,671753e7-f6e2-5716-9e3b-1b2c8e91103e,bicycle,39.995669,-83.01149,,23.02,True,False,False
Veo,56e9775f-60b6-555a-bedc-6560fdd13bbd,bicycle,40.103871,-83.108839,,11.83,True,False,False
Veo,d3bcdbb7-fb63-53e1-a578-dc068de11f8d,bicycle,39.944868,-82.980857,,28.01,True,False,False
Veo,d01690c5-3a6c-548a-81cd-5654026c31e1,bicycle,39.958035,-82.997036,,13.39,True,False,False
Veo,7ec92792-3187-54ea-aa35-f0bd685d2651,bicycle,39.998296,-83.031791,,21.49,True,False,False
Veo,badad5c7-71fc-5249-a6f1-10984a30097d,bicycle,39.925653,-82.941633,,28.14,True,False,False
Veo,dba8f6fa-fdfd-56d2-9eb6-233d46e7f680,bicycle,39.958631,-83.012838,,25.94,True,False,False
Veo,a9d82b45-3f6f-54e5-8496-ca9a352cf4ef,bicycle,39.993753,-83.016146,,1.83,True,False,False
Veo,6b85b2a1-9dde-5282-8fa8-14d6ff478812,bicycle,39.956822,-82.973648,,27.02,True,False,False
Veo,89fc3fd8-2692-5f1a-aed0-7632d7c48813,bicycle,40.019478,-83.013028,,16.39,False,True,False
Veo,4589b11c-0f70-5a32-9475-2ac536e5f247,bicycle,39.953346,-83.031028,,9.97,True,False,False
Veo,ce6b5e9e-d660-52a4-a684-6c12b0e2a952,bicycle,39.964989,-83.002914,,9.97,True,False,False
Veo,23429bc4-9e73-51a4-aefe-f69150bfbb28,bicycle,39.92141,-82.9505,,13.64,True,False,False
Veo,2aff3291-5072-5751-9d71-a78d4834511b,bicycle,39.949753,-82.970852,,10.51,True,False,False
Veo,6d7afeec-b529-597c-b83c-1b6d902aa96a,bicycle,39.932906,-82.870429,,1.56,True,False,False
Veo,0e11f2ba-052b-5eff-91d5-03396e6c9ad7,bicycle,40.004525,-83.011326,,1.83,True,False,False
Veo,c9c09e61-4308-5d2d-a805-84ea0065eb81,bicycle,39.9419,-83.067868,,1.15,True,False,False
Veo,46fe38c5-0d5a-56ca-a1c6-49f2de0da214,bicycle,39.963289,-82.953255,,25.74,True,False,False
Veo,65d79fc2-22af-5305-8ac7-e33c595da924,bicycle,39.969506,-83.017589,,9.97,True,False,False
Veo,27362f98-460d-54a2-9308-6baa244f824e,bicycle,39.97407,-82.958688,,21.49,True,False,False
Veo,e840e7ee-68f1-5517-9bda-b95ad41eb95c,bicycle,40.00549,-83.013876,,6.31,True,False,False
Veo,e203aa97-9131-5bd8-98e7-2a54c98abf43,scooter,39.994627,-83.007656,,7.29,True,False,False
Veo,56019a26-cb96-5c47-8d77-1f668a782f13,bicycle,39.962611,-82.976853,,28.01,True,False,False
Veo,3796aa31-3376-5d88-9dec-1a196196b372,bicycle,40.014563,-83.00024,,25.12,True,False,False
Veo,d1caf2d1-3729-5223-acda-a4ea68901bdb,bicycle,40.084352,-82.988375,,28.14,True,False,False
Veo,82a263f6-3787-5fcf-b5bc-a12fbbe76a1c,bicycle,39.955926,-83.003183,,25.12,True,False,False
Veo,ef3f89bd-f0b5-5509-8c0d-7b8e6318cb05,bicycle,39.978804,-82.993483,,10.79,True,False,False
Veo,514a88fc-a00a-5e07-a21c-4e05a11f8db1,bicycle,39.97293,-83.050575,,21.77,True,False,False
Veo,9a6308c3-8bdf-5b3d-b0c0-41f162310261,bicycle,39.956111,-82.9453,,28.14,True,False,False
Veo,31606160-2039-5997-96c9-8183a442e75d,bicycle,39.94862,-83.000235,,15.89,False,False,True
Veo,7f50991b-3c3c-528b-8b33-536d782b2293,bicycle,39.974121,-82.970198,,1.83,True,False,False
Veo,2522d869-9f23-5a48-babc-e35acc413c74,bicycle,39.988777,-83.050392,,25.65,True,False,False
Veo,bc3e592d-70db-5696-a7c3-9e4bcebe10c2,bicycle,39.95597430937981,-82.90994889784977,,13.86,False,True,True
Veo,90278b97-4c49-5a5f-b68f-7fea58e6c2a1,bicycle,39.963782,-83.001083,,27.02,True,False,False
Veo,744073a5-2e36-5424-a7ab-ae9f65884669,bicycle,39.933241,-82.911768,,25.65,True,False,False
Veo,088a557a-c4eb-57f4-b0e1-426045e73fae,bicycle,39.930527,-82.979068,,9.97,True,False,False
Veo,c604ec07-fcec-5498-bc9f-1bf38a84a650,bicycle,39.985919,-82.910321,,13.39,True,False,False
Veo,24fe9fe3-18aa-50d1-bbc8-facea7697166,bicycle,40.022864,-82.965224,,27.44,True,False,False
Veo,dc39e427-3184-5ed7-a9bf-5f4acc213802,bicycle,40.01651,-83.011415,,1.83,True,False,False
Veo,178b790e-da95-521f-b59f-7c124b3f60a8,bicycle,40.003042,-83.038464,,1.83,True,False,False
Veo,3d4b36b4-44f7-58ab-adc4-d33374826479,bicycle,40.014723,-82.992349,,27.18,True,False,False
Veo,431e482c-f43e-5d4a-8fcb-f682956a26fd,bicycle,40.065403,-83.096039,,24.84,True,False,False
Veo,9ae3fec8-90aa-5a81-9215-522515a310a5,bicycle,40.006945,-83.026401,,28.14,True,False,False
Veo,efc12903-e3a7-5c37-89d4-79dff389a433,bicycle,39.951241,-83.010811,,24.84,True,False,False
Veo,644dc486-5f15-5636-b7fd-ae0a4b386221,bicycle,40.002512,-83.000395,,23.02,True,False,False
Veo,36c4d1df-1627-5316-bfbc-5823e0c5dd8a,bicycle,39.98456,-83.006977,,24.33,True,False,False
Veo,e156f2d0-685c-59db-94d4-1c38fb185fcc,bicycle,40.00668,-83.021139,,17.37,True,False,False
Veo,bff8a2df-c4da-5ec1-a85c-90eb646e1c9a,bicycle,39.963286,-83.002583,,14.43,True,False,False
Veo,15a9c502-ee55-5ba8-b317-dbf6dfe5bab3,bicycle,40.056464,-83.072943,,9.29,True,False,False
Veo,b7c46280-df66-5375-87bc-afaa02bee476,bicycle,40.101701,-83.114249,,26.78,True,False,False
Veo,898117e2-c128-5fd3-88df-00f34eee5027,bicycle,39.998755,-82.978237,,6.31,True,False,False
Veo,aa803207-7e70-5dc3-ab32-0503334693b9,bicycle,39.998885,-82.98601,,11.83,True,False,False
Veo,2335b820-fe19-5773-b8af-52530ed3014c,bicycle,39.956907,-82.942701,,13.64,True,False,False
Veo,ff5fe054-6a0e-53d0-97cf-cdcbf70b9626,bicycle,40.100412,-83.108971,,23.33,True,False,False
Veo,11fd174e-0fd8-5be5-994d-0f22337dc536,bicycle,39.952257,-83.078825,,7.29,True,False,False
Veo,d9d796a3-4aa7-5b22-8795-999885e516f7,bicycle,39.976953,-83.00275,,14.86,True,False,False
Veo,012a47f5-c17f-5acd-9adc-a8517c0e33d9,bicycle,39.977892,-83.010607,,14.17,True,False,False
Veo,de2fc6be-f52d-537c-a059-9ed0e68c30c5,bicycle,39.959952,-83.005041,,24.84,True,False,False
Veo,e07f16e4-a464-5fa5-84e4-768fd94945f6,bicycle,40.108274,-83.152244,,22.05,True,False,False
Veo,fb18e4c9-f045-5985-bb07-a2908e51178c,bicycle,39.963054,-83.004247,,9.02,True,False,False
Veo,924a6a82-6857-5f5d-9cf0-698b9ff5ce8e,bicycle,39.948989,-82.915941,,11.83,True,False,False
Veo,bf92f36d-b34f-5593-99f2-224a0e725429,bicycle,40.07546,-82.908898,,20.78,True,False,False
Veo,0118e854-4235-5bf1-9db5-739122ad740a,bicycle,40.102438,-83.110687,,8.09,True,False,False
Veo,7cf11ab3-4269-56c9-96fc-06e93fae5bd5,bicycle,39.999475,-83.020711,,4.19,False,True,False
Veo,829a7410-9075-51f3-9b5b-6f41eb78cd4f,bicycle,39.957978,-82.997009,,14.17,True,False,False
Veo,6c98c469-7cd3-532d-b0aa-b7171e616df8,bicycle,40.001794,-82.999048,,27.77,True,False,False
Veo,33dc70af-a8c7-5234-a7b5-d2102324bf56,bicycle,39.967813,-82.949697,,25.65,True,False,False
Veo,006708a9-2f01-5762-9c93-e43eec4b4dd3,bicycle,40.087248,-83.106828,,15.45,True,False,False
Veo,b3b84180-9586-5d9a-b722-e0f6001e9065,bicycle,39.928544,-82.950246,,18.19,True,False,False
Veo,23aae7f4-efa7-5472-915f-b626fc37b200,bicycle,39.981977,-82.992938,,27.02,True,False,False
Veo,ee83fc13-5532-583f-ad10-a34674861186,bicycle,40.006429,-82.972316,,28.14,True,False,False
Veo,7e309582-2f99-57b1-9aef-a537207bf707,bicycle,40.002419,-83.000013,,24.84,True,False,False
Veo,b903bbc3-b749-5317-a3e1-41e17d9227ff,bicycle,39.957896,-82.968201,,23.33,True,False,False
Veo,c24d9372-ec44-5038-bef4-04dbc6fa7b95,bicycle,39.957129,-82.938111,,22.7,True,False,False
Veo,d2f71832-e549-5acd-8146-67158eca1085,bicycle,39.957464,-83.001551,,27.02,True,False,False
Veo,6c86677f-842f-5406-8c4c-c67fd32ab879,bicycle,40.016588,-82.981379,,9.97,True,False,False
Veo,6901e9a1-4052-51d7-af73-ccae28b20cbc,bicycle,40.003186,-83.008408,,24.33,True,False,False
Veo,39187ffb-338f-5264-bb79-70d7b619cae1,bicycle,39.953346,-82.972461,,28.14,True,False,False
Veo,c64e786e-708d-5c25-a8f2-914180fcf051,bicycle,39.975395,-82.884659,,27.77,True,False,False
Veo,c76c32c1-a6ff-5c7b-8edb-6860a857072c,bicycle,39.967688,-82.970961,,28.14,True,False,False
Veo,38578926-8cb3-5d64-b885-6a4e57e9c8eb,bicycle,39.944979,-82.981768,,25.74,True,False,False
Veo,3c0295df-e6ff-5642-bca3-19a248abfa9e,bicycle,39.961741,-83.0002,,28.14,True,False,False
Veo,7032f705-b476-5ee1-b993-97828ccefd7a,bicycle,39.948348,-82.962703,,28.14,True,False,False
Veo,f3d36397-ea2f-53b4-b3e1-85aa59199ee9,bicycle,39.981724,-83.004545,,20.37,True,False,False
Veo,63d8e7ec-49a1-5537-8a3b-16407b4bc634,bicycle,40.10121,-83.115754,,11.83,True,False,False
Veo,b06cd050-c501-5386-bbbf-4f5b8656dfa8,bicycle,40.079198,-83.118983,,15.45,True,False,False
Veo,a868f388-627f-5ce3-9b32-fe2ea6d7cca1,bicycle,40.023653,-83.026006,,14.43,True,False,False
Veo,a2a228a8-fc18-5ad6-aa73-be1edaa991c5,bicycle,40.011487,-83.003255,,24.06,True,False,False
Veo,4deffa98-08aa-57e0-82ca-9070b200c13f,bicycle,40.047227,-82.944405,,16.39,True,False,False
Veo,ded7d72c-4ef0-5f83-bb2c-f57ec4eb32dd,bicycle,39.968753,-82.967309,,8.78,True,False,False
Veo,ad727712-6f49-556d-8f29-a975a61bc7f4,bicycle,40.103873,-83.108844,,25.34,True,False,False
Veo,d1505f79-e81a-5fd5-a62d-96b83bf96a9c,bicycle,40.00317,-82.949405,,2.12,True,False,False
Veo,fcf213ed-cb90-54a9-8714-6e93f27db844,bicycle,39.972459,-82.993453,,22.05,True,False,False
Veo,fff7da54-c9ac-5d2c-9b20-6a0274a520f8,bicycle,40.005325,-83.016495,,19.39,True,False,False
Veo,cbe34f6c-a648-58bc-ab57-34b03a353624,bicycle,39.963308,-82.953238,,28.14,True,False,False
Veo,f68bc468-0bb2-5b46-a371-02a99b8416de,bicycle,39.937669,-82.995939,,28.14,True,False,False
Veo,2764604b-1931-5e3c-b627-ee58464b4dba,bicycle,40.011991,-82.968632,,28.14,True,False,False
Veo,5826a1b7-1c1c-5b79-be85-de8b9f7f3f33,bicycle,39.949854,-82.982615,,28.14,True,False,False
Veo,65a83fd6-1102-5150-a3b2-02d1bd93bb26,bicycle,40.040881,-83.020579,,11.11,True,False,False
Veo,edbd3242-6ae1-5a75-8d04-5fe2a092e078,bicycle,39.969614,-82.966715,,8.78,True,False,False
Veo,608610de-399e-50bb-80f0-d052a65569eb,bicycle,40.041343,-82.944982,,21.77,True,False,False
Veo,1ed69eff-757e-519a-9469-8635202600d5,bicycle,39.935064,-82.99287,,28.14,True,False,False
Veo,8e5517e7-f944-5bb6-bf90-58574ac05d93,bicycle,39.980792,-83.103314,,15.89,True,False,False
Veo,7fd9dd15-9f72-5ac4-b7e5-c394f8045954,bicycle,40.030192,-82.960736,,28.14,True,False,False
Veo,9f48ebdb-09b1-5f39-ba75-6316bd14902e,bicycle,39.994002,-83.006782,,5.27,True,False,False
Veo,e31772d4-d05f-5dcb-bdb6-8fa0ff2f2c6c,bicycle,39.965351,-83.010975,,15.18,True,False,False
Veo,c51645b2-d293-5215-8f47-ea54b0120857,bicycle,40.012921,-82.97683,,1.56,True,False,False
Veo,7b6b9a67-3ac1-56b6-9ded-9e383b013844,bicycle,39.997248,-82.995865,,26.51,True,False,False
Veo,82d9a81e-715d-536d-9646-70257f7b8a76,bicycle,39.951276,-82.979189,,21.77,True,False,False
Veo,7b5776ec-f7a4-5404-a7b7-df738d335813,bicycle,40.108793,-83.018035,,1.56,True,False,False
Veo,4545c4b7-a19b-5895-9529-9dc3329b045e,bicycle,39.982796,-83.004741,,28.14,True,False,False
Veo,4a6488a2-e8c8-53b2-81ea-17fae7a1aa34,bicycle,39.938718,-82.979654,,27.44,True,False,False
Veo,b7dbd8bc-5ab4-523d-b977-314500a938a6,bicycle,40.106839,-83.081525,,25.65,True,False,False
Veo,1647c1cc-b99a-5c64-a678-e0ab4a13e402,bicycle,39.924585,-82.936792,,26.51,False,True,False
Veo,239012c0-aefe-5ad9-ae0c-bf4e38ca4032,bicycle,39.985391,-82.999166,,12.28,True,False,False
Veo,c979f6de-27c6-5c85-a150-6125fc8e6f81,bicycle,39.897424,-82.976624,,9.97,True,False,False
Veo,ec5017a2-2c21-55f3-8988-aa409cc5a3e8,bicycle,39.943695,-83.045603,,28.01,True,False,False
Veo,2d085ba3-89a3-50a6-b021-7bac11b602e6,bicycle,39.991301,-83.011048,,7.29,True,False,False
Veo,db759fba-4416-5e6b-a343-03267839ffdb,bicycle,40.017243,-83.047907,,24.84,True,False,False
Veo,cf798fa3-cdd9-5179-9af3-e9067d786f72,bicycle,39.982781,-83.004722,,25.34,True,False,False
Veo,4a5254a0-8d5e-5747-bc5b-a052484bbe09,bicycle,39.988016,-83.028631,,2.79,True,False,False
Veo,8c14351b-98e8-5bee-ac0e-35c5a1da5580,bicycle,40.101599,-83.115533,,12.28,True,False,False
Veo,2766d35b-8c65-53a6-9bfe-a96b5d41ac83,bicycle,39.996587,-82.975772,,10.31,True,False,False
Veo,b8564318-c3ef-5464-ba29-a5c2c7d51980,bicycle,40.008357,-82.96343,,11.11,True,False,False
Veo,e23bf35c-20d8-5998-9eac-084601246129,bicycle,40.002364,-83.003589,,28.14,True,False,False
Veo,797a0e4f-9f25-5bd3-8566-913e3ff943b8,bicycle,39.940986,-82.972281,,19.78,True,False,False
Veo,19bb55f9-5c7c-5372-b933-d007e73221c8,bicycle,40.100285,-83.117326,,24.06,True,False,False
Veo,79c9ec9f-2d34-5b71-9786-74d11564eb6b,bicycle,40.000749,-82.986365,,17.37,True,False,False
Veo,91649e0b-d8f3-5280-8949-a2bf0b5e963d,bicycle,39.986443,-83.005473,,22.39,True,False,False
Veo,63cc3212-a375-5b84-9348-ed7fa4a73a58,bicycle,39.952242,-83.051393,,25.65,True,False,False
Veo,ee55f9c1-ea89-57eb-9e0c-814facb1faaa,bicycle,40.047859,-82.955416,,14.86,True,False,False
Veo,44f00bc4-454a-58a7-9c8d-4a03a4cdd1d6,bicycle,39.957869,-82.95771,,28.14,True,False,False
Veo,4cb3c327-f026-557f-9907-a3a55e6d58b4,bicycle,39.969281,-83.003641,,15.18,True,False,False
Veo,be15f20d-22eb-5b60-a413-eb1c2d4c0013,bicycle,40.003254,-82.998935,,22.7,True,False,False
Veo,8379229e-3737-57da-b1dd-f075d02b8b66,bicycle,40.013337,-83.010788,,12.52,True,False,False
Veo,b2eb1da0-e787-52c0-a299-72b9284d332e,bicycle,39.952554,-82.981236,,26.51,True,False,False
Veo,cd47d87b-2ef6-5ea3-8cda-48e81b491fc3,bicycle,40.048486,-82.99994,,12.28,True,False,False
Veo,c0cd2384-a9c6-51d4-b299-06434bd991a5,bicycle,39.977705,-82.969399,,22.39,True,False,False
Veo,09880f9c-96ce-596c-91c1-6afce390ae25,bicycle,39.935027,-83.102484,,28.14,True,False,False
Veo,d28391eb-96ec-55ca-83f5-3f7df5da0b2e,bicycle,40.054977,-82.953793,,2.12,False,False,True
Veo,0ed255c2-a184-5783-af5d-b544c44be4f1,bicycle,39.939499,-82.913081,,24.33,True,False,False
Veo,5856f0cf-1bea-5f0b-93cf-2efe7777c290,bicycle,39.991345,-83.051397,,19.05,True,False,False
Veo,b106df10-9197-5756-a90b-2ef855ac49dc,bicycle,39.95159,-83.036339,,22.05,True,False,False
Veo,80fbaaae-bd39-5257-9698-ddc655856aa7,bicycle,39.955544,-82.970175,,28.14,True,False,False
Veo,7b9c00b8-e2c5-58f9-98fb-bd493acc2ee8,bicycle,39.943721,-82.994454,,26.25,True,False,False
Veo,b060e499-f603-5b4c-9e52-09105f49ac68,bicycle,39.923477,-82.985506,,11.83,True,False,False
Veo,a69d6ed7-90c4-57b9-850d-472b9c31f82d,bicycle,39.940459,-82.976422,,13.64,True,False,False
Veo,7b387ad3-990b-5833-a233-82d9ddec0952,bicycle,39.983911,-83.027698,,12.87,True,False,False
Veo,0ba0d9ef-40a7-5b53-82ea-2e743092d2ef,bicycle,39.964738,-82.959814,,25.65,True,False,False
Veo,0e1a56f9-8546-51f3-8960-8aaa416bf8cd,bicycle,39.953651,-83.111958,,21.77,True,False,False
Veo,0d253915-1ece-51dd-a101-bd4431ec04cc,bicycle,39.97233,-82.968587,,28.14,True,False,False
Veo,cd5ba8b0-947b-5519-a7f4-2ee693550332,bicycle,39.987108,-83.006272,,1.83,True,False,False
Veo,a739e95d-0023-5eb9-9495-6c79cbcb4885,bicycle,39.945758,-83.059982,,21.49,True,False,False
Veo,167ea688-7f8c-520e-be88-1df69afdaf58,bicycle,39.963548,-83.000811,,13.86,False,True,False
Veo,22d080c4-d6cd-5b01-96d4-d78142240c93,bicycle,40.001922,-83.008787,,28.14,True,False,False
Veo,0481071c-3956-5f65-bf71-322d3bbfa932,bicycle,40.002184,-83.010871,,21.49,True,False,False
Veo,9c2c2e8a-95dc-5921-9726-134b25d4f56a,bicycle,39.958987,-83.01338,,28.14,True,False,False
Veo,280bbd56-1e76-51e8-86e3-e16bd4065e9a,bicycle,39.958151,-83.01586,,28.14,True,False,False
Veo,45e1f166-a265-57e6-a948-6e0e60398e47,bicycle,39.983997,-83.007508,,16.84,True,False,False
Veo,189b4406-eaed-52ad-8a84-4774249f275e,bicycle,40.006462,-83.015976,,28.14,True,False,False
Veo,708c5910-0c1f-5523-8f49-07db3058335e,bicycle,39.967961,-82.956091,,24.33,True,False,False
Veo,ceeeea91-a1ea-572e-b3e3-071e701bb5b8,bicycle,39.975308,-83.014634,,25.65,True,False,False
Veo,0822d016-51dd-5fb1-8b9a-adf9dcb9faca,bicycle,39.9356,-83.014212,,14.43,True,False,False
Veo,16c67f00-cf32-5933-a88e-f0cb9f1f501e,bicycle,40.00532,-83.016076,,28.14,True,False,False
Veo,2dc1b88d-08cd-51ad-9dc5-e74eb49bca08,bicycle,39.994172,-82.936014,,18.67,True,False,False
Veo,527e63d9-2fc6-530f-95d2-69e616685fce,bicycle,39.96905870531153,-82.9997938057508,,28.01,True,False,False
Veo,36bef186-ebeb-5ea0-be2a-17e8b506b015,bicycle,40.002672,-83.004782,,21.15,True,False,False
Veo,9766da7f-ee8e-556e-b53c-dd49292162e3,bicycle,39.898118,-82.998783,,2.12,True,False,False
Veo,f0878d15-8bc7-55f5-b634-adc8e9c553ab,bicycle,39.981147,-82.999065,,27.44,True,False,False
Veo,71b599c5-4ee7-51f0-9812-e5f5fe9ac64c,bicycle,39.946622,-83.000205,,25.12,True,False,False
Veo,5f203534-f6a5-5657-bbd2-1ac11a5333e7,bicycle,39.941544,-83.062768,,28.14,True,False,False
Veo,edc43518-04c4-5a29-a4de-dd3c9f32589f,bicycle,39.949323,-82.986784,,23.02,True,False,False
Veo,7952a83e-c96d-50b8-8cfd-2302cbbfa56b,bicycle,40.061724,-83.019592,,25.94,True,False,False
Veo,52dabb1a-6d61-57af-9bcd-35f75a651611,bicycle,40.015695,-83.011533,,9.65,True,False,False
Veo,2ec0ba3c-c72b-5ed5-83b0-7fc83b4f94b2,bicycle,39.980479,-82.938238,,4.67,False,False,True
Veo,930b7d23-70a0-50b8-9d4e-3d1cb0617235,bicycle,39.947197,-83.056849,,28.14,True,False,False
Veo,67b7daec-5789-5ab4-b5ac-e1505c8bcf4b,bicycle,40.003544,-82.998567,,21.15,True,False,False
Veo,a8ca3c55-5d22-51ce-b4bb-b411b4df4e2f,bicycle,39.958248,-83.015857,,27.77,True,False,False
Veo,0db68cfe-9df9-51ad-b2b9-1d891bc91cc8,bicycle,39.94397007004558,-83.06979769099699,,10.51,False,False,True
Veo,96f44708-e562-5c11-aa87-211bd591bb9e,bicycle,39.982021,-83.011202,,28.14,True,False,False
Veo,264c1d52-7120-5bf8-bea3-e9911f4a3080,bicycle,39.963745,-82.99128,,14.86,True,False,False
Veo,dda4775f-7b76-50dd-a5e1-bad51f89dbc2,bicycle,39.971825,-82.975734,,23.33,True,False,False
Veo,43d142a0-7d3f-53ab-bc17-e67a5ef08ab5,bicycle,40.031509,-82.986833,,12.52,True,False,False
Veo,4d51af69-80e0-54cd-805d-0df155208da8,bicycle,40.003181,-83.017978,,26.25,True,False,False
Veo,baea8c06-b59a-5cd0-a2b8-6cce593fa9a6,bicycle,39.928022,-82.964433,,22.39,True,False,False
Veo,6a8fcf9d-ef90-5298-b80e-fed4543dd528,bicycle,40.054819,-82.957941,,4.92,True,False,False
Veo,cd5f6b20-db7a-5574-b232-eb40afab2e4c,bicycle,40.002559,-83.001397,,21.49,True,False,False
Veo,f4c2b3f0-5354-5955-b2cb-7037ef773dc9,bicycle,39.93607,-82.978254,,25.65,True,False,False
Veo,0cc5b760-b5d7-5515-90a9-22d8a0d679e9,bicycle,39.971946,-82.978016,,14.17,True,False,False
Veo,1a7c929c-9106-51dc-81a7-44ab9b840d30,bicycle,40.011974,-82.968594,,14.86,True,False,False
Veo,655e6b28-4a5d-5e78-ac9d-90d0c4b4c1a4,bicycle,40.098373,-83.079512,,24.33,True,False,False
Veo,8310c9cf-aa90-5886-b936-b91f40e34b9f,bicycle,39.994076,-83.001618,,25.12,True,False,False
Veo,efc875eb-c59f-5dad-8752-06bca1ddf248,bicycle,39.960981,-82.885622,,11.11,True,False,False
Veo,9c9a1118-c25c-58c0-8f5e-13ee7fa1610c,bicycle,39.94345,-82.967641,,18.67,True,False,False
Veo,a8409272-bb07-5925-9397-99ab4a2400d7,bicycle,39.933209,-82.980676,,9.65,True,False,False
Veo,e0f163dd-4525-54f9-84d9-1aab6618697a,bicycle,39.96826,-82.977701,,28.14,True,False,False
Veo,47292fe6-5866-5940-99c1-d8211ba8709e,bicycle,40.05709,-83.048193,,22.05,True,False,False
Veo,c9ac58c9-e081-5616-a1cd-a62ebbb3a921,bicycle,39.959906,-83.005056,,13.39,True,False,False
Veo,bc2ab235-9005-5b1e-b4d0-efd64ea6e262,bicycle,39.987086,-83.003418,,14.86,True,False,False
Veo,4ce00a6d-d471-5500-94e4-fcfe3eecae3d,bicycle,39.991942,-82.998036,,14.61,True,False,False
Veo,bc227990-e269-572e-85c1-fb276599ab92,bicycle,40.0105,-82.970175,,25.94,True,False,False
Veo,557c54aa-bf7c-5b6b-9333-2f4c9c20bd15,bicycle,39.977723,-83.01516,,24.06,True,False,False
Veo,ce49b20c-6a48-592a-b99b-ee637069dedb,bicycle,39.977069,-82.97573,,23.02,True,False,False
Veo,960a7554-c7db-5dfb-a54b-c7987aff325b,bicycle,40.007314,-82.979499,,8.09,True,False,False
Veo,5a7da946-57ed-562d-abea-05267ee26167,bicycle,39.965021,-82.999351,,13.86,True,False,False
Veo,48c6154a-07ed-512c-89da-80249da34832,bicycle,39.969433,-82.93821,,17.37,True,False,False
Veo,1a680488-e8c0-5a4c-8323-e15a22f97a95,bicycle,40.105298,-83.097335,,27.02,True,False,False
Veo,19e8e05a-a8cb-59fd-8b33-2ffbd4275600,bicycle,39.94662,-83.000222,,24.06,True,False,False
Veo,8fefbf8d-d229-597e-a11f-5b2cb022441a,bicycle,40.00072,-82.986363,,27.77,True,False,False
Veo,fcda4674-8d30-570f-8ed7-fca4cc55b88a,bicycle,39.993669,-82.998911,,18.67,True,False,False
Veo,19de0134-114c-55fc-a182-fc951fd6d653,bicycle,40.001456,-83.007312,,28.14,True,False,False
Veo,f1a0912a-d1c9-5e02-8b31-531a5f829505,bicycle,39.997205,-83.048126,,25.74,True,False,False
Veo,5523517d-3efe-5b80-bff5-ca50d594f6da,bicycle,39.983573,-83.01219,,6.07,True,False,False
Veo,fc0095c0-b4fe-58a2-8bfc-5cc6c9065b99,bicycle,39.967894,-83.012394,,22.7,True,False,False
Veo,65d4526f-27f1-5c0c-a074-f89f50cd8202,bicycle,40.00309,-82.998426,,22.05,True,False,False
Veo,78c4e2ce-afa5-5de2-b0d7-e7dec061b684,bicycle,39.954072,-83.016673,,28.01,True,False,False
Veo,9bb1c365-81bb-5bd3-8583-3aa018056b9e,bicycle,39.938404,-83.097463,,9.65,True,False,False
Veo,ba6766ee-a9d5-5c24-93f8-eab6cdc1b5cc,bicycle,39.985995,-82.986306,,22.05,True,False,False
Veo,75a928a6-7829-5310-b1a1-b1d457c1dbc4,bicycle,39.986726,-83.003383,,14.43,True,False,False
Veo,a1f0bfc2-7911-52db-9dd0-5dd5ae04eb71,bicycle,40.009742,-83.006355,,14.61,True,False,False
Veo,a72267e3-1c91-5a13-9017-48e278cd9a41,bicycle,39.963296,-82.95324,,28.14,True,False,False
Veo,df559b21-5d34-54ae-aada-2f55c9295f53,bicycle,39.943085,-82.983119,,27.44,True,False,False
Veo,2899d506-c60c-5212-abab-66b18cb5cea5,bicycle,39.974206,-83.014229,,10.51,True,False,False
Veo,262168f5-b267-5197-8f3f-e9c56365bdf6,bicycle,40.001798,-83.00233,,19.05,True,False,False
Veo,54e52723-72e3-5f01-86bb-58c392d4cc22,bicycle,39.986705,-82.99471,,22.05,True,False,False
Veo,22c7fbb8-62c1-555b-b4ad-f1192cd16fb7,bicycle,39.95743,-83.011347,,16.39,True,False,False
Veo,7d62f630-466c-5a9f-b688-1cce11bcf495,bicycle,39.960295,-82.999769,,28.14,False,True,False
Veo,99dd6fe4-f25d-5ac4-82e2-97f9c3870fc8,bicycle,39.964542,-82.999197,,25.65,True,False,False
Veo,3ef57311-ab1d-534c-8b03-167d2d2215e6,bicycle,39.972188,-82.975133,,28.14,True,False,False
Veo,ce6fa597-cf88-5f09-9286-4cc53ad079a1,bicycle,39.970798,-82.97573,,12.07,True,False,False
Veo,0165141f-35d3-5b79-96cc-09ae52d747e4,bicycle,39.95581,-83.014465,,28.14,True,False,False
Veo,e6d6c3e5-a906-5723-a32a-2031d429f53c,scooter,39.983946,-83.003881,,20.78,True,False,False
Veo,7e798e34-a3e5-58a0-b540-b0a50e7cbde6,bicycle,40.131312,-83.094382,,24.84,True,False,False
Veo,9121419a-766b-5e32-b6ee-2fc7b8b1cfaf,bicycle,40.074413,-83.027194,,28.01,True,False,False
Veo,06b5f5f4-92b5-5dbb-9492-b5f90c737d05,bicycle,40.002137,-82.949571,,15.45,True,False,False
Veo,e18e6f92-43f8-5bf6-94c6-ae6406ee74f9,bicycle,39.980322,-83.080379,,22.05,True,False,False
Veo,500cfdb8-21c2-5ea8-9821-8562402d92f3,bicycle,39.930522,-82.993317,,28.14,True,False,False
Veo,8f984715-0be7-57d1-8dca-f62992ff352f,bicycle,40.102475,-83.109383,,23.77,True,False,False
Veo,68fabdc4-005b-558b-a396-45e88d02f451,bicycle,39.963041,-83.004248,,18.67,True,False,False
Veo,338a02ec-5301-5ae2-9a37-596963037b52,bicycle,39.964969,-82.990289,,28.14,True,False,False
Veo,51aeb6fe-f15b-58ee-a467-06841960708f,bicycle,39.998886,-83.030086,,27.18,True,False,False
Veo,dae63a68-81dd-5073-ac66-7c2ff80804df,bicycle,39.985904,-82.928277,,28.14,True,False,False
Veo,4d542108-3e90-59b7-bef9-74d8bf366e57,bicycle,39.964305,-82.991281,,6.67,True,False,False
Veo,a4c78b7d-9283-5152-b855-96cf26853dce,bicycle,40.006904,-83.016732,,15.18,True,False,False
Veo,a3f992f6-3085-5581-b3a6-2d8f719f9816,bicycle,40.015254,-83.00157,,21.77,True,False,False
Veo,af06a22b-3f88-510a-86c1-9e3627d22fb7,bicycle,39.96546,-82.991286,,28.01,True,False,False
Veo,26ccc785-31d5-5be9-97a1-2ade34cf1680,bicycle,39.957704,-83.00648,,25.12,True,False,False
Veo,485f4022-6638-512e-944e-704d8f0d409b,bicycle,40.011983,-82.968588,,24.06,True,False,False
Veo,82a2954c-a2ed-5be1-89c6-ea1cc68b62ee,bicycle,39.954715,-82.989494,,14.43,True,False,False
Veo,58b5f996-caa4-5303-b402-d18c22c5234e,bicycle,39.940339,-83.095929,,0.85,True,False,False
Veo,1d1df107-a0a6-5571-a536-025a7f33d7d0,bicycle,40.002762,-82.96482,,1.15,True,False,False
Veo,64fc97fd-3b86-55ad-8f29-5dce4666f86b,bicycle,39.996622,-83.017111,,28.14,True,False,False
Veo,250da315-d6c6-5aee-9dc7-4550a7fc0ee0,bicycle,39.941934,-82.994928,,14.17,True,False,False
Veo,cba0c012-0035-51ef-979f-7694f50e1b44,bicycle,39.942004,-82.994956,,15.89,True,False,False
Veo,cba271fd-ab4b-5868-ae39-7a1f5d64dec2,bicycle,39.992599,-83.001008,,24.33,True,False,False
Veo,8ba9e55c-2588-5808-8cac-ded8736f40a2,bicycle,40.01607,-82.981587,,28.14,True,False,False
Veo,2530e444-08bb-5155-a129-fae5d14a66e2,bicycle,40.10386,-83.108863,,10.51,True,False,False
Veo,9f9973f0-dd25-5ec0-bb3e-175a025fb9fd,bicycle,40.033886,-82.976677,,25.65,True,False,False
Veo,919e44dd-a5c6-5701-b722-45a87e3b20be,bicycle,39.98201,-82.949698,,22.39,True,False,False
Veo,17e9affe-e900-53b5-93da-2691a1e93d48,bicycle,39.978814,-83.004014,,21.49,True,False,False
Veo,f20ef0c3-d330-586e-92a5-a5f3484b92b1,bicycle,39.999432,-82.997037,,11.83,True,False,False
Veo,1f2f3663-2a1c-5040-a3b2-c46b13bc6bfd,bicycle,39.964083,-82.98425,,24.33,True,False,False
Veo,720518cc-eeca-5d03-9acf-a7500655bb7c,bicycle,39.984707,-83.007181,,25.12,True,False,False
Veo,60ceeae5-598b-5245-b855-f4426b36af87,bicycle,39.986356,-83.000764,,27.77,True,False,False
Veo,116cae33-8b20-5b0c-919d-16d0cebd02ee,bicycle,39.963082,-83.004175,,12.28,True,False,False
Veo,b0c10ba6-97b6-5e5a-a614-bfed1f5fe8fa,bicycle,39.991548,-83.009005,,25.74,True,False,False
Veo,ecb268d0-bdaa-59b4-800b-025d8534f877,bicycle,39.962901,-82.960349,,10.31,True,False,False
Veo,d333f42e-5cc7-5795-a31c-799a9319ef2e,bicycle,39.963066,-82.97652,,28.14,True,False,False
Veo,68bb56cf-c51f-5678-bb4d-c1d6f49a5f9f,bicycle,39.959509,-82.995102,,28.14,True,False,False
Veo,487aa1d7-10df-5cde-b684-9ff073c39be4,bicycle,39.953372,-83.026999,,17.37,True,False,False
Veo,ade9f8b4-a399-524a-a98c-a1dadc9060d8,bicycle,40.02308,-83.017467,,7.62,True,False,False
Veo,0ff29003-f29e-5d17-abe8-d78664c1b201,bicycle,39.990479,-82.984795,,13.64,True,False,False
Veo,f11d6602-b0de-507d-9ae0-c6dc8f19882d,bicycle,39.958195,-83.015878,,26.78,True,False,False
Veo,01a09102-26d4-5ee4-9395-2a77d9a77770,bicycle,40.03143,-83.003923,,13.64,True,False,False
Veo,77d44395-8a9e-5461-9994-3fcad0afd844,bicycle,39.980794,-83.103289,,28.14,True,False,False
Veo,9cbdeb99-53f2-5bda-8fa5-cd5f3228b471,bicycle,39.983391,-83.005554,,24.33,True,False,False
Veo,92cfbfcf-847f-5e2d-9b63-85b44f1c6a73,bicycle,39.966105,-82.981199,,24.33,True,False,False
Veo,d32be230-3935-56bd-86e6-ebf1ec9d06c4,bicycle,40.002043,-83.01473,,23.33,True,False,False
Veo,3110f6aa-87e9-5888-9120-4435f96d88b1,bicycle,39.996883,-83.013555,,23.02,True,False,False
Veo,82521833-0ea2-5340-b934-71bd5fdcd1cd,bicycle,39.996249,-83.005063,,15.18,True,False,False
Veo,f0473100-ec48-5134-8881-c875b34c091b,bicycle,39.971875,-82.977661,,16.39,True,False,False
Veo,816e2f23-23a8-59a5-99f0-3d2a52294fa2,bicycle,40.012323,-82.968884,,28.14,True,False,False
Veo,6ef59334-de9a-5d69-83d1-d2506493aa86,bicycle,39.945512,-82.972142,,12.52,True,False,False
Veo,d8f4f394-22e8-55f8-8c78-7e02b78adfb3,bicycle,39.956409,-83.004804,,0.33,True,False,False
Veo,2a6293c2-f326-56a9-9e96-2c82a986e309,bicycle,39.973432,-83.004757,,12.28,True,False,False
Veo,1391a57c-594b-5e18-b581-4e26818b2305,bicycle,39.993553,-82.981071,,27.44,True,False,False
Veo,2c9ab6a2-85e9-547b-b32b-5897eadda67a,bicycle,39.913294,-82.981772,,8.43,True,False,False
Veo,c3a085fd-3806-50af-b8a8-c2efc1983949,bicycle,39.969019,-83.001168,,11.59,True,False,False
Veo,86872ad0-4e1d-5ce3-81e8-053d6b4f3796,bicycle,39.963189,-83.002877,,14.61,True,False,False
Veo,d58157c6-73f8-5c6d-a572-cb1f8cfd4f00,bicycle,39.996396,-83.007443,,14.17,True,False,False
Veo,07f4e3ba-7b0c-588c-bba9-2ee59a94301a,bicycle,39.923138,-82.959173,,24.33,True,False,False
Veo,71f878de-0e2e-54bb-8756-8d48f5cf43f9,bicycle,40.005946,-83.018921,,5.68,True,False,False
Veo,45c002f6-f50a-5a5e-ae11-3de51810b4a6,bicycle,40.00409,-82.955593,,23.33,True,False,False
Veo,a181e37b-45fa-5a6c-be1c-80d9a24f5073,bicycle,39.995822,-82.976471,,28.14,True,False,False
Veo,eaae0231-4d9f-5a5f-839d-723e970a4fb7,bicycle,39.953957,-83.020621,,8.43,True,False,False
Veo,ca4dcb86-276c-5395-80c7-7cebd7c64fc8,bicycle,39.967545,-82.971326,,24.84,True,False,False
Veo,d8c7c2ed-5390-5842-91d7-19bf0939e900,bicycle,40.016436,-82.987665,,13.64,True,False,False
Veo,0b4a554a-5509-5a59-b947-5f5d0e0cbce7,bicycle,39.96002,-83.01308,,20.05,True,False,False
Veo,9b8b487d-938e-5dad-a5a4-73ec335e1d84,bicycle,40.003234,-83.001583,,22.39,True,False,False
Veo,fd4be746-732e-51ec-8d98-51f0b9e5a2a6,bicycle,39.993594,-82.981141,,8.43,True,False,False
Veo,f976b1b4-38fb-5e08-8757-c871bc240135,bicycle,39.938368,-82.996304,,28.01,True,False,False
Veo,0b4125a7-d7ce-5e13-8f78-60f4fba38a47,bicycle,39.96898,-83.001097,,25.12,True,False,False
Veo,6ad06212-1c47-566d-b267-3a907a9398b8,bicycle,39.956723,-82.988396,,26.78,True,False,False
Veo,c219cd31-d726-5aa2-8d05-86f633b4ab15,bicycle,39.968906,-82.999869,,27.02,True,False,False
Veo,fbf752ee-e718-5120-bc79-f3921bc89190,bicycle,39.931014,-82.9846,,15.18,True,False,False
Veo,545a10e1-2a50-5c42-960b-37c33828abfe,bicycle,39.971713,-82.977709,,26.25,True,False,False
Veo,d313c807-e1a5-5f5a-af03-e9cf0119b4ca,bicycle,39.965274,-83.011002,,26.51,True,False,False
Veo,8340a824-4f22-59c0-a7dd-c14763dac883,bicycle,39.993829,-82.978486,,23.02,True,False,False
Veo,17a516ff-5903-51b7-aeb6-276d5ce640e7,bicycle,40.000154,-83.011122,,3.67,True,False,False
Veo,7a866de7-7769-5b71-87dd-ad34d252fe50,bicycle,39.957844,-83.030232,,22.7,True,False,False
Veo,3a116d46-b4ab-5be4-81ef-ab96c95afa13,bicycle,39.951748,-82.943649,,17.89,True,False,False
Veo,ace00b72-9edd-5048-a446-43542365c756,bicycle,40.102122,-83.110547,,10.31,True,False,False
Veo,aae2681b-d78f-544b-a0d1-72b9d1cb21fb,bicycle,39.995654,-83.047761,,15.18,True,False,False
Veo,3662815d-3e9a-560f-80ca-8dd2540cd52a,bicycle,39.93504,-83.104628,,14.43,True,False,False
Veo,8ea098d3-3fcd-5808-8980-22c544ef3824,bicycle,40.05392,-83.060049,,14.61,True,False,False
Veo,635ba84e-599f-5fa1-b081-7d4f40c6b322,bicycle,39.999089,-82.970732,,28.14,True,False,False
Veo,c3ab8394-b5ea-5e36-bc57-8ea4e5bf3932,bicycle,39.971727,-82.97966,,20.37,True,False,False
Veo,637da682-686b-5734-94c1-344a21ba391e,bicycle,39.995226,-83.006783,,16.84,True,False,False
Veo,bfa0a35f-1283-5d18-b51a-f6ce3f675755,bicycle,40.115346,-83.016113,,19.39,True,False,False
Veo,ad877369-e1f4-59e0-a4aa-211815f1c226,bicycle,39.995346,-83.009573,,14.17,True,False,False
Veo,03ebf9dd-354d-5cfd-b479-1e7e340aff20,bicycle,39.956602,-82.994776,,8.43,True,False,False
Veo,0b34e0e7-b6ae-5388-aece-4cf7365b3a00,bicycle,39.94042,-82.873501,,1.83,True,False,False
Veo,ac057d74-d085-5608-a5ef-dedc8861e79b,bicycle,40.007545,-82.947044,,12.87,True,False,False
Veo,8b44a013-4662-521c-9a8b-b1c59e618f7e,bicycle,40.008702,-82.945248,,13.64,True,False,False
Veo,c3d441d7-9bce-5641-ad3e-9cf02b7c2bce,bicycle,39.934636,-82.911647,,13.39,True,False,False
Veo,92108943-05f6-5474-9c22-80bd1f996cf1,bicycle,39.955953,-82.945263,,27.44,True,False,False
Veo,05f478d9-0bb2-5e7b-8ed7-c10bd39ccb0d,bicycle,39.936241,-83.072619,,28.14,True,False,False
Veo,c3fb3017-8e22-5b7b-a2d9-92545f8c3bb4,bicycle,39.957468,-82.945349,,20.37,True,False,False
Veo,79ce3ba4-e52c-5473-ab53-6a912f7f306e,bicycle,39.970476,-83.008024,,27.77,True,False,False
Veo,a64c3ae8-75c9-5566-b71c-e290d5e9aa6f,bicycle,39.942548,-82.990444,,14.86,True,False,False
Veo,a43c3632-2728-56f1-8fcd-668cccf6a6e9,bicycle,39.962234,-82.90543,,14.43,True,False,False
Veo,e1a7ab82-e0b1-5509-bde2-6ba772a3de1f,bicycle,39.941269,-82.88749,,1.83,True,False,False
Veo,c06b6038-080c-5ce3-8410-077e85e7dc01,bicycle,40.060554,-83.079123,,13.64,True,False,False
Veo,381e3af8-f781-5e7e-82ae-5c06f079fde6,bicycle,39.953874,-82.953252,,25.74,True,False,False
Veo,796037cc-9444-5c75-8ccc-ca9f48493ec7,bicycle,39.950575,-83.035429,,26.25,True,False,False
Veo,9147b108-763f-5c6d-af7f-95709992ae4a,bicycle,39.930605,-82.997098,,28.14,True,False,False
Veo,88fbd86a-adfa-5c20-9eac-8d23ab600d20,bicycle,39.968182,-83.00305,,28.14,True,False,False
Veo,d01b4ce2-bb74-5d92-8320-aa104635d5f2,bicycle,39.958853,-82.9566,,24.06,True,False,False
Veo,cfc803aa-0b20-5d54-a4df-18e1c0506af9,bicycle,39.959431,-82.985501,,28.14,True,False,False
Veo,091583f2-be72-589a-834a-2601041b98f3,bicycle,39.95271,-82.993553,,24.33,True,False,False
Veo,4b0ea33e-9071-5c94-aa26-35d13a7d52fa,bicycle,39.986811,-83.039148,,17.89,True,False,False
Veo,95f45e39-1d63-55d1-8f99-59abd93115dd,bicycle,40.001665,-82.996195,,27.02,True,False,False
Veo,ea5792e9-91ab-5e89-91f4-2bf9e6788702,bicycle,40.013977,-83.015152,,28.14,True,False,False
Veo,4f338857-bcee-5703-8392-ffbce505b1c6,bicycle,40.004705,-83.0106,,21.15,True,False,False
Veo,8f1b4c8a-61f2-5a8e-8e74-9d269a26b5cf,bicycle,40.055415,-83.047652,,14.17,True,False,False
Veo,017cb730-df92-5b4e-8255-19f05b939695,bicycle,39.930994,-83.037707,,14.86,True,False,False
Veo,2c894295-7b63-52a4-8a3d-c74fdb486045,bicycle,39.949829,-82.971625,,24.84,True,False,False
Veo,fa79749b-900c-55f8-ad7d-6cbe48f314c4,bicycle,40.003124,-82.998406,,28.14,True,False,False
Veo,ecff81b4-2231-5d14-b6cf-245c9526cfd1,bicycle,39.988155,-83.007741,,24.06,True,False,False
Veo,08e10555-0a9c-53ee-af1c-19eee1b0e341,bicycle,39.935279,-82.911531,,13.1,True,False,False
Veo,cad68af7-a7f6-5095-befa-2b8f991aeef7,bicycle,40.102205,-83.114219,,5.83,True,False,False
Veo,22045f60-dc48-5e5d-93a5-fa617013d4c0,bicycle,40.055534,-82.965098,,25.94,True,False,False
Veo,20bf3199-6aec-5cb6-b336-490531b98361,bicycle,39.993193,-83.007126,,14.61,True,False,False
Veo,c16b7c4f-e5ec-58ef-a0cd-5a6aaa8049ff,bicycle,39.92848,-82.981366,,13.64,True,False,False
Veo,89d3ada6-6e69-5687-a38d-e3ff0c74470d,bicycle,39.962865,-83.00301,,13.39,True,False,False
Veo,d8fd9613-73c1-5b50-86a4-f16c7c281939,bicycle,39.955268,-83.069184,,28.14,True,False,False
Veo,f52d98cb-a5a4-594d-9cae-90af76ba8ced,bicycle,39.934145,-82.956856,,25.94,True,False,False
Veo,3987e96b-1056-5a2a-802e-00f37e8908a3,bicycle,40.084775,-83.033578,,1.83,True,False,False
Veo,2c9f1e98-335b-5b23-91cd-e3bd6d1da23f,bicycle,40.086907,-83.019394,,27.02,True,False,False
Veo,8e7c6499-e6bc-58b0-93fe-abd8118ca1c1,bicycle,39.948599,-82.984991,,28.14,True,False,False
Veo,1ca59bf2-010a-5801-96f1-54dbaff117ad,bicycle,40.067047,-83.028284,,23.02,True,False,False
Veo,ad5f15ff-aece-5bce-bdfe-6210702794c1,bicycle,40.030552,-83.023931,,11.34,True,False,False
Veo,3d898010-6264-543a-9edb-32d7b14803d6,bicycle,40.006241,-82.969581,,28.14,True,False,False
Veo,890201e0-64e2-5f13-83bb-d7c21ab085a1,bicycle,39.975617,-82.972586,,11.11,True,False,False
Veo,0d85945a-3f5c-50fb-a3ee-b3798c366069,bicycle,39.982773,-83.004648,,18.19,True,False,False
Veo,d8451b66-e7e2-557b-9307-df10e9f7352b,bicycle,39.951133,-83.095985,,1.15,True,False,False
Veo,f8166485-6498-52bf-a8ab-7149b21be815,bicycle,40.001909,-83.008618,,28.14,True,False,False
Veo,b3803f67-5b11-5b13-9bd8-b9d64d001b35,bicycle,39.954149,-83.08779,,25.65,True,False,False
Veo,465beca2-0107-5317-8da5-ea66cf780e68,bicycle,39.989712,-83.055312,,7.62,True,False,False
Veo,9c25a09d-241e-532b-a1ff-6abb03120c5e,bicycle,40.016127,-82.998815,,10.31,True,False,False
Veo,eb019d13-7bc4-5943-8696-92278d5b58eb,bicycle,40.105211,-83.108111,,16.39,True,False,False
Veo,fdd71e60-38ef-500f-bcbc-f4ff572b0e76,bicycle,40.025218,-83.03436,,13.86,True,False,False
Veo,88ea5a6d-5500-595c-a86e-ab38cf52ca4e,bicycle,39.981904,-83.086566,,4.78,True,False,False
Veo,03fab139-98b2-548f-b519-083b068aa21c,bicycle,39.937024,-83.04059,,14.61,True,False,False
Veo,d48274e7-8bbf-5195-9855-4b458e4db023,bicycle,39.927342,-82.977397,,24.33,True,False,False
Veo,9830d298-0373-55c2-ac3f-721f192bfefa,bicycle,40.018639,-82.948866,,0.85,True,False,False
Veo,bd04d500-29d9-5ff1-b479-3db1f80a5a12,bicycle,39.664395,-82.517721,,3.48,True,False,False
Veo,4ca24a50-1177-55ce-b9d8-bd4e97b791b3,bicycle,40.021169,-82.97556,,13.86,True,False,False
Veo,17319d8d-0a2c-5aff-8d83-d1c9f47fd12c,bicycle,39.95014,-82.989485,,27.77,True,False,False
Veo,1e8bbe99-a77f-5e3f-bb3a-6330ecb4f2f2,bicycle,39.963726,-83.000868,,22.7,True,False,False
Veo,470f39c2-f5d3-537c-842b-45f8d3eaae77,bicycle,39.999813,-83.00381,,15.45,True,False,False
Veo,1dfbd291-c117-5270-86cb-99b35b3edf53,bicycle,39.902049,-82.987839,,10.51,True,False,False
Veo,2dfe5a4d-8e85-5208-b769-11eafb4b4b52,bicycle,39.976291,-82.966757,,21.15,True,False,False
Veo,9ff627b6-2faf-5674-8d0f-310634ca014b,bicycle,40.01201,-82.96856,,26.78,True,False,False
Veo,6033793a-8615-5465-a417-c8893b0433ea,bicycle,39.954638,-83.012064,,15.18,True,False,False
Veo,95baed0a-6181-5fe9-9a95-37e01fa6b71d,bicycle,39.978797,-83.004031,,28.14,True,False,False
Veo,6b636d94-108e-5f6c-88f0-6810ceb5538f,bicycle,40.049775,-82.918838,,28.14,True,False,False
Veo,42fdbe9c-1a9e-5ad0-9e37-ee909665fffd,bicycle,40.025978,-83.014243,,25.65,True,False,False
Veo,89392224-7078-5f74-b634-3d18dd82a168,bicycle,40.053219,-82.96166,,1.56,True,False,False
Veo,c844b806-df69-5f36-aad1-ca17292b3856,bicycle,39.999761,-82.976137,,16.39,True,False,False
Veo,bfc61254-a8e2-56e3-9bcd-bdb763f15adc,bicycle,39.957827,-82.967777,,8.78,True,False,False
Veo,07a34ad5-c011-5e15-8175-a94fab299ebe,bicycle,39.986101,-82.94136,,10.51,True,False,False
Veo,59eb47d4-7c69-5ca9-ad31-3dc97a1f19db,bicycle,39.991168,-82.999415,,7.29,True,False,False
Veo,b78057b0-f1ac-5b8e-883e-ec269678a90b,bicycle,40.004584,-83.013434,,28.14,True,False,False
Veo,6f66f6ac-a40f-5f6b-a910-4740b3609aba,bicycle,39.973596,-82.976448,,28.14,True,False,False
Veo,a16972a2-0e07-54b5-97fa-91ace055fb18,bicycle,40.0255,-82.988132,,2.36,True,False,False
Veo,d92fe93c-885a-50f0-89f4-549942811a63,bicycle,39.941968,-82.994953,,28.14,True,False,False
Veo,9260734f-ec53-59fc-a620-abf5ef09ffdb,bicycle,39.951216,-83.010835,,25.12,True,False,False
Veo,808e47ed-ae24-5a9d-924f-137f56a3068e,bicycle,40.001571,-83.048146,,25.12,True,False,False
Veo,509bd233-98e5-5c7a-ac4d-3a9c1082eb38,bicycle,40.014855,-82.999404,,28.14,True,False,False
Veo,70341d30-ae23-5c3e-a67c-14e97f82878a,bicycle,39.985531,-82.995413,,19.05,True,False,False
Veo,9a3489ee-8e47-52d3-9f14-6ab2ae684570,bicycle,39.994945,-83.009448,,15.45,True,False,False
Veo,076b1b6f-a247-57b9-837a-89a1d2080633,bicycle,39.92817954163991,-82.96482517391719,,19.39,False,True,True
Veo,3e8ea88d-7da6-53b7-b73e-969f358687be,scooter,39.944267,-83.066594,,20.37,True,False,False
Veo,8125f03c-e4df-5401-a23a-500a0fdf3c7d,bicycle,40.003965,-83.010784,,25.34,True,False,False
Veo,771b23c9-3849-5508-b21e-3e6bf4fd56de,bicycle,40.025803,-82.984144,,14.61,True,False,False
Veo,6d114238-dbfc-57bf-9547-0db5bac9d0e3,bicycle,40.010569,-83.012304,,12.87,True,False,False
Veo,8b3d8820-c236-5079-8659-a883438c4d91,bicycle,39.96412,-82.998628,,26.78,True,False,False
Veo,da59ed62-6538-5900-bf7c-77c3da405154,bicycle,39.964965,-82.990343,,27.44,True,False,False
Veo,428296db-b16b-5991-bd40-ffaf8ffa8d5a,bicycle,40.016646,-82.992741,,12.28,True,False,False
Veo,d9c41f19-1795-504f-8eb7-691ca817791a,bicycle,40.005624,-82.97359,,11.83,True,False,False
Veo,153eab64-4223-5db0-bd6e-1262e414a3ea,bicycle,39.967877,-83.01233,,13.39,True,False,False
Veo,ed3108d6-12e6-5265-bbec-278504cd8ca8,bicycle,39.944382,-82.886689,,4.14,True,False,False
Veo,16e56187-b8cb-5732-a7c5-f95d5cfdbaae,bicycle,40.007115,-82.972188,,24.33,True,False,False
Veo,e1baf139-3415-538a-b3fb-a1cfc384b1ea,bicycle,39.994042,-83.014411,,21.77,True,False,False
Veo,2e6b4099-3b35-53f3-8f6c-fc2ef2451a4e,bicycle,39.936377,-83.002216,,4.67,True,False,False
Veo,238e802c-051f-5a9b-ae05-d89ecf0b3c21,bicycle,39.927689,-82.979211,,28.01,True,False,False
Veo,02f7f587-dc9c-56b3-830f-ac5b367b005e,bicycle,39.973781,-82.98026,,13.64,True,False,False
Veo,ca034f33-f853-5033-8222-5dcc6ec914d1,scooter,39.956116,-82.945236,,27.18,True,False,False
Veo,34462b0d-8c01-5ed1-a295-704314589f9a,bicycle,40.053496,-83.049363,,27.18,True,False,False
Veo,c52b30df-953a-5a30-b43c-5d099f35a70f,scooter,39.95593270510013,-82.94530038227904,,0.0,True,False,False
Veo,e4ae181d-73b7-53dd-8f6b-4019e1b38422,bicycle,39.98914,-82.975507,,26.51,True,False,False
Veo,4615532b-6588-5071-bf58-d2e30448c49c,bicycle,39.985175,-83.016703,,22.7,True,False,False
Veo,ad6fc582-c095-57d3-bcd3-af074c64f29e,bicycle,39.973784,-82.980558,,10.51,True,False,False
Veo,29b19160-69d1-5228-a6a1-f5c7a72c6e4e,bicycle,39.993578,-82.981124,,28.14,True,False,False
Veo,24cacfd9-9ce0-5d52-a87f-3b2e91367ad4,bicycle,39.950176,-83.0002,,28.14,True,False,False
Veo,0ee63b5e-5564-5f53-bbdf-e05a4c392e7c,bicycle,40.008016,-82.981107,,25.12,True,False,False
Veo,7e1956b3-05e3-5e45-9e92-7e8101999e34,bicycle,39.930957,-82.984647,,28.14,True,False,False
Veo,9e70324f-d3f1-571f-bf05-05cf6f869ef6,bicycle,39.953345,-83.059017,,23.77,True,False,False
Veo,76301c27-c0ff-5494-9c26-01a460430e97,bicycle,39.984687,-83.024039,,27.02,True,False,False
Veo,31355acf-3de5-597c-a80a-5eb48fc35550,bicycle,39.944252,-82.996143,,14.43,True,False,False
Veo,50f7205d-d80d-5a6b-a3dc-9a4202f07392,bicycle,39.962565,-82.99862,,28.14,True,False,False
Veo,f52306a2-2f52-55dd-b53b-0c07c29a53ac,bicycle,40.003478,-83.015683,,22.7,True,False,False
Veo,e62158a5-5e50-5db3-8b9a-30ab26d94bd4,bicycle,40.00227,-82.941763,,25.12,True,False,False
Veo,c088ba5d-71e2-5fd7-af5c-84528a21fff3,bicycle,39.962944,-82.981835,,28.14,True,False,False
Veo,f0c0b132-3a6a-5e0f-8dc1-31bd23b3ca3a,bicycle,39.957294,-82.943933,,28.14,True,False,False
Veo,bfa65875-64a9-583b-96c0-a98d218c7894,bicycle,39.949587,-82.957258,,19.78,True,False,False
Veo,97619a0d-83b1-5fe7-b848-87c83b96afc0,bicycle,39.944272,-82.977234,,11.34,True,False,False
Veo,e4349e64-0ff1-58f1-bb4c-bf5a2457ae22,bicycle,39.970394,-83.10826,,22.7,True,False,False
Veo,8a7292f8-7b35-5aba-b61e-9037c3a0a578,bicycle,39.950095,-82.982799,,14.17,True,False,False
Veo,d32e7f41-37db-56c2-8f26-8744e57de2f8,bicycle,39.969268,-83.009937,,7.29,True,False,False
Veo,dee3b53c-c4c5-55bb-98ba-129b18bfa33c,bicycle,39.954706,-82.907211,,23.77,True,False,False
Veo,cf315a56-4108-53be-8757-367c6ecb40fe,scooter,39.958091,-83.012236,,28.14,True,False,False
Veo,cb3536e5-9e86-5aea-bcc6-dd176719d217,bicycle,39.971753,-82.975743,,25.12,True,False,False
Veo,44cc1c42-ebd9-5eeb-b49c-3f8254e8cfbe,bicycle,40.007575,-82.947016,,11.83,True,False,False
Veo,3cafc109-87cd-50de-89e7-fe9173477100,bicycle,40.003198,-83.001709,,9.97,True,False,False
Veo,65bdd2a5-77be-5300-ade1-97643e892ba1,bicycle,40.004415,-82.935929,,12.52,True,False,False
Veo,f04a661f-68a6-515c-8a89-d84a6fb1319a,bicycle,39.996092,-82.987948,,28.01,True,False,False
Veo,b0c5c5d3-a2ec-52f3-b974-50e5dd722cf0,bicycle,39.95598352790699,-82.94526602930962,,0.0,True,False,False
Veo,6aaccd1b-c719-5ae9-92cc-2221d6b5f139,bicycle,40.002775,-83.020427,,22.7,True,False,False
Veo,d156c327-315d-54f6-84d0-b2262d8c4df4,bicycle,39.935245,-82.978383,,24.33,True,False,False
Veo,eb18998b-4b51-5396-9446-f16013c6caef,bicycle,40.001332,-82.997708,,17.89,True,False,False
Veo,00e943d3-86f9-58b0-a645-cc85a9fea913,bicycle,39.985144,-83.014764,,27.77,True,False,False
Veo,39bbe7e3-e034-59de-b25e-7da530299e8f,scooter,39.995434,-83.014611,,22.39,True,False,False
Veo,1d99ebd1-e794-5a7a-b304-b4cd227c4c2f,scooter,40.103861,-83.108797,,26.25,True,False,False
Veo,bcd4b34c-e8bd-5839-9acb-063ab799242d,bicycle,39.898102,-82.998669,,23.77,True,False,False
Veo,e28a5df9-219e-534f-813e-74c3bcbb268c,scooter,39.956096,-82.945369,,0.33,True,False,False
Veo,6753a6a7-5b64-5cea-8d55-a7edd4189c8f,bicycle,39.98658,-83.030758,,25.74,True,False,False
Veo,b3b0c5d5-f368-50bc-904a-8bdceede3c3a,bicycle,39.969562,-82.974709,,13.39,True,False,False
Veo,320e9752-3b3e-51f8-9b44-2d5e9eab72fb,bicycle,39.977988,-82.993561,,25.74,True,False,False
Veo,c60b1181-e9a4-519c-85c9-8c537ae27551,bicycle,40.068588,-83.076115,,19.39,True,False,False
Veo,7de93229-1ab0-5385-9510-6ccb8977a233,bicycle,39.968158,-83.013865,,25.65,True,False,False
Veo,42965585-c132-546f-85c5-620ac29365b1,bicycle,39.955672,-83.012418,,9.02,True,False,False
Veo,c820cd3d-9436-50ba-b368-dc69f3145572,bicycle,39.96751,-82.911565,,28.14,True,False,False
Veo,813be356-338d-5ffc-868b-4bf73c5e1e7c,bicycle,40.011431,-82.9746,,12.63,True,False,False
Veo,12477f9b-18af-5f7f-9189-8e6f1a2c8144,bicycle,40.001075,-82.997277,,18.19,True,False,False
Veo,1222d0c7-b7ce-5cd7-8be1-dc67b4242172,bicycle,40.100417,-83.108077,,12.52,True,False,False
Veo,1b2d9e7a-a855-5420-be58-a6a63eb15483,bicycle,39.988191,-83.046143,,8.09,True,False,False
Veo,810cb93e-681f-5985-82e0-627b0c4f5ef0,bicycle,39.968603,-83.001815,,2.79,True,False,False
Veo,32308eb3-a619-54ed-ae6b-d5dcc3d59b5b,bicycle,39.996499,-82.997398,,16.84,True,False,False
Veo,db4d4b75-2805-5c10-aa3a-2e1b82bfc111,bicycle,39.965689,-82.995491,,28.14,True,False,False
Veo,45630513-ef6b-57ea-b0a7-7541195f5b87,bicycle,39.995815,-83.030063,,2.12,True,False,False
Veo,e84a3be2-e0ba-5455-883f-31b60a37597f,bicycle,39.98342,-82.989491,,27.77,True,False,False
Veo,b70f0dd6-8bf0-5a65-a2b7-88e40dc6b8b9,bicycle,39.976998,-82.99837,,28.14,True,False,False
Veo,be0550a2-071e-5708-ae45-fbfc954a5a24,bicycle,39.988173,-83.04611,,22.7,True,False,False
Veo,9327ffde-d0bc-56ff-8ddf-5d20d9c34f4d,bicycle,39.962374,-82.98946,,26.51,True,False,False
Veo,181627e7-023b-5239-9f57-dd6164919a05,bicycle,39.939189,-82.948723,,28.01,True,False,False
Veo,a7a59691-e2ed-519a-884c-d5c28b3888ca,bicycle,39.95038,-82.985944,,20.78,True,False,False
Veo,60cf277f-5464-53c9-8d11-746646fe70c7,bicycle,40.038402,-82.995545,,9.65,True,False,False
Veo,2adfe7ee-08b9-5640-8ee4-a70de540bffb,bicycle,39.941225,-82.978602,,28.01,True,False,False
Veo,648b64ac-4b4b-599e-b648-8cf2e05c9768,bicycle,39.952359,-82.981439,,28.14,True,False,False
Veo,52260a45-bbf6-564f-a513-57ab8293ffdc,bicycle,39.978929,-83.102629,,12.52,True,False,False
Veo,f92fa16d-12b1-5a92-a516-436ba5bab743,bicycle,39.933107,-82.995946,,28.14,True,False,False
Veo,c650e43c-511f-5710-8a2d-7acccab2d945,bicycle,39.958824,-82.96114,,14.43,True,False,False
Veo,06348c18-7467-513c-b011-1e6643cebf57,bicycle,39.943025,-83.114812,,1.15,False,True,False
Veo,5f29eef6-9b98-5613-b73b-fe62628d1eb5,bicycle,39.99557239543317,-83.00436817380032,,28.01,True,False,False
Veo,f3cf656e-be22-5d4b-befb-40e82d74f9f5,bicycle,39.950379,-82.994364,,28.14,True,False,False
Veo,992f43d7-73a1-5ba9-bac1-f4625d38caa8,scooter,39.963216,-82.981333,,27.44,True,False,False
Veo,b8796885-4614-5a41-b534-23a63ce3054c,bicycle,39.962106,-82.982033,,19.78,True,False,False
Veo,d27bf20d-35da-5d12-bf3b-b353fcd833af,bicycle,40.014291,-83.000098,,24.84,True,False,False
Veo,7e2896df-c502-5a08-ab5f-54a1f8a2ac88,bicycle,40.013778,-82.987489,,28.14,True,False,False
Veo,9ce5b776-9f09-56d1-8157-8a95eb2a46fe,bicycle,39.951584,-83.036311,,1.15,True,False,False
Veo,1f948765-1379-5c65-b930-68b23e219999,bicycle,39.971479,-83.005979,,25.74,True,False,False
Veo,a1f1ca19-e6a5-5e11-a78f-a26d02891b55,bicycle,39.956315,-83.014431,,24.33,True,False,False
Veo,2b799982-8d10-531e-8b40-63d2597dc828,bicycle,39.995594,-83.012691,,28.14,True,False,False
Veo,3f26ddd4-c250-5b20-8882-b441745b2eb8,bicycle,39.952799,-83.003879,,17.37,True,False,False
Veo,8d9fa2ac-8257-5e33-8ea9-9095a5ea23bb,bicycle,39.946635,-83.000195,,25.12,True,False,False
Veo,aced7a39-daed-5d83-b4ce-e0e39d704390,bicycle,40.068794,-82.951475,,25.94,True,False,False
Veo,8c009c17-a462-5498-be6f-236ffeee32c8,bicycle,39.97628,-83.004465,,27.44,True,False,False
Veo,21c2d69d-47f3-5822-98fc-beadc27396f0,bicycle,39.963036,-83.004242,,27.44,True,False,False
Veo,55a3098c-4126-5ea8-a1de-8ba955ffd870,bicycle,40.013034,-83.000358,,6.98,True,False,False
Veo,0d43771c-3c6e-5ace-b73a-0f15057b3e09,bicycle,40.101605,-83.115565,,24.06,True,False,False
Veo,e5788975-fec0-5a6a-aa8a-6799749da80e,bicycle,39.953054,-82.97485,,25.12,True,False,False
Veo,0ac0d7e5-e3cc-552f-904f-f3086f32b8f2,bicycle,40.028405,-82.924152,,25.94,True,False,False
Veo,022f2db6-6896-565e-bf7a-a6fb2ca07b84,scooter,40.007564,-83.017888,,28.14,True,False,False
Veo,3d384328-7e0a-5daf-8d0f-6485ca4d6334,bicycle,39.953626,-83.111982,,11.59,True,False,False
Veo,9d2e3052-0ade-5c82-b72d-4455ae4c4c45,bicycle,39.997535,-83.000967,,14.17,True,False,False
Veo,386066b1-726d-5218-8f81-49da918a1edd,bicycle,39.95818,-83.01589,,24.33,True,False,False
Veo,9b8cc404-1e43-5b3f-b68f-e5fc9d4160d2,scooter,39.963719,-83.000744,,27.44,True,False,False
Veo,cc026acc-4f7d-589e-a7e9-e1b3e708c079,bicycle,39.925152,-82.992779,,28.14,True,False,False
Veo,3440009a-cb05-5b05-90f9-5b1067bacb2b,scooter,40.009168,-83.000607,,25.12,False,True,False
Veo,e5c43f01-a493-53c6-ac3e-b489a53d2704,bicycle,39.953897,-83.066659,,25.12,True,False,False
Veo,2e71fb6b-d878-587a-a9e0-f3715928ace1,bicycle,39.944917,-82.982102,,28.14,True,False,False
Veo,15a65f0a-a9f7-5a6f-9d96-9d8d0d8f19dc,scooter,39.995917,-83.026687,,28.14,True,False,False
Veo,e35ed250-1ef3-5c5a-99b0-bf37e1908a68,bicycle,39.926499,-82.988815,,22.05,True,False,False
Veo,31ebea54-18f1-5313-ad31-80191fb3eb96,scooter,39.970252,-83.002369,,28.14,True,False,False
Veo,7cfb81c5-e82a-5458-88f0-2df51b50ded9,bicycle,39.927424,-82.9516,,21.77,True,False,False
Veo,3e615727-a801-5a8c-b7d4-180912529da0,scooter,39.95911,-82.997436,,28.14,True,False,False
Veo,c5db4b8a-40cf-5cf6-9e6a-e1af0f678277,scooter,39.967339,-83.015602,,13.39,True,False,False
Veo,d26e2b43-3ef7-529e-882d-ff099e390682,bicycle,39.952091,-82.940113,,27.18,True,False,False
Veo,1ecf06e1-41a6-5216-88f1-169f550e5b65,scooter,39.977052,-83.003473,,21.15,True,False,False
Veo,0f707246-a636-5db3-8da6-fd71507e4e85,bicycle,39.988462,-82.999292,,27.02,True,False,False
Veo,8e69ce1c-4c31-5c01-8307-e142c8bb3c15,scooter,39.963001,-83.004184,,25.12,True,False,False
Veo,19cf5aab-efa3-5ea0-a4bf-24171c3356c5,bicycle,40.005721,-83.011824,,28.14,True,False,False
Veo,6e83de97-9c46-54ba-94e0-1d9b1ed2d27b,bicycle,40.060277,-83.03972,,26.25,True,False,False
Veo,6ed44a60-d247-57af-b04c-3c8b37354935,scooter,39.995914,-83.013412,,14.86,True,False,False
Veo,59e43e69-32c7-5b9c-ae19-38736e120ed0,scooter,39.988137262897084,-82.99607458462063,,21.49,False,True,True
Veo,9d63a0ca-7403-5559-aa4c-e65a84036909,bicycle,39.946375,-83.063658,,26.78,True,False,False
Veo,b52dc63a-cc2c-59a4-875a-e387c5519a26,bicycle,40.016022,-82.954489,,24.84,True,False,False
Veo,e5aa3a09-a100-5c8e-9f7d-74acb8cab3d9,bicycle,40.000682,-82.972768,,23.02,True,False,False
Veo,6dea7eac-8104-5c7f-a5a6-7842f7598232,scooter,40.003155,-82.998419,,28.14,True,False,False
Veo,f7d4ccc0-2d54-5a79-b171-ddb6d9a4dc2a,bicycle,39.964552,-82.959824,,25.74,True,False,False
Veo,b74aad48-5793-59bc-97e2-0c9764573b24,scooter,39.967927,-83.012343,,25.12,True,False,False
Veo,b8358a67-fd7b-527f-b4a9-f8d23530df2b,bicycle,39.943097,-82.976208,,27.44,True,False,False
Veo,5c0d2694-2495-5e1d-8af0-c945325c55e1,bicycle,39.939192,-82.948708,,26.78,True,False,False
Veo,8f73c42c-8d0a-5c10-8e6e-b9fddec57493,bicycle,40.005564,-83.010461,,23.02,True,False,False
Veo,6281610b-d769-5d1b-8498-dc4131517d68,bicycle,39.932254,-82.790664,,25.94,True,False,False
Veo,72bde301-9e1d-5c47-9c72-450bb949ecba,bicycle,40.101607,-83.115521,,25.12,True,False,False
Veo,10044f7c-304d-58e5-878b-96318d37fd7b,scooter,40.103862,-83.109291,,25.34,True,False,False
Veo,fe592b92-e532-5eb7-91e2-8329b1743bad,bicycle,40.028194,-82.987325,,3.67,True,False,False
Veo,ccd7144f-4638-5f48-977a-0bddbb950058,bicycle,39.972071,-82.980765,,27.02,True,False,False
Veo,ea3afbb2-7d01-59a1-a7f5-5ed57e263781,bicycle,39.974356,-83.009284,,27.77,True,False,False
Veo,096ea741-5c71-5cbc-b85a-fecbfbd8e4ee,bicycle,40.101617,-83.115567,,13.39,True,False,False
Veo,15bc01cc-91f7-59df-b27c-229a3041edc6,bicycle,40.082382,-82.924262,,21.77,True,False,False
Veo,84185275-26fa-59e2-aa83-961d6773c9b4,scooter,39.963983,-82.99729,,21.77,True,False,False
Veo,935c75ba-3206-5db3-9046-aac5ab06f1a6,bicycle,39.961479,-82.988528,,28.14,True,False,False
Veo,c1f3c5e4-0448-53cd-b943-caac769c3a23,bicycle,39.93139,-82.994776,,7.29,True,False,False
Veo,65598c2b-b29d-552e-80fd-12294849aa1c,bicycle,39.955295,-82.875761,,1.83,True,False,False
Veo,a2caf85c-2d14-5827-b99e-a937878732d4,scooter,39.899051,-82.9627,,8.09,True,False,False
Veo,cefdd64d-89ba-55cb-bde4-811181600b57,bicycle,39.978849,-83.003654,,23.02,True,False,False
Veo,20adccfc-4d75-54c4-aa09-ea2424b2ede3,bicycle,39.966254,-83.011102,,16.39,True,False,False
Veo,6ae53f48-a6e7-5115-9f52-cf0ec7ffbe70,bicycle,39.946578,-83.000117,,28.14,True,False,False
Veo,9f3e25e3-2c2f-5820-a878-01278dd43f60,bicycle,39.94515,-83.10662,,5.83,True,False,False
Veo,59ba7b29-7adc-5d02-aa47-d7b1e98600a9,bicycle,39.972035,-82.977368,,12.52,True,False,False
Veo,de0166b9-58dd-5d3a-a6bc-75b85627ae3a,bicycle,39.957437,-82.995328,,15.18,True,False,False
Veo,d018fd88-c799-5bea-8fc2-262d14169e0e,bicycle,40.004704,-82.954197,,6.67,True,False,False
Veo,110f8fd0-66ec-5d31-982c-aef9b19bd750,bicycle,39.99715,-83.007596,,28.14,True,False,False
Veo,0d8f7cf0-09ae-5aea-b7b6-246883e64a7c,scooter,39.965999,-83.00146,,19.39,True,False,False
Veo,fe9bb4be-e198-5a56-8a82-c7d35de179b9,scooter,39.997424,-82.997485,,12.28,True,False,False
Veo,72285f3c-669d-5887-8158-cfe3e2da9fbf,bicycle,37.803621,-80.427272,,14.17,True,False,False
Veo,45fa03e2-8006-5f30-8ede-74e7d4f6660a,bicycle,39.945945,-82.87104,,28.14,False,True,False
Veo,15fc4081-8cac-5821-99fe-b9f06bd3b65e,bicycle,39.949214,-83.106963,,14.61,True,False,False
Veo,2c1c7f1b-00bc-5204-a138-03bc2b671dcc,bicycle,39.984498,-83.026627,,21.77,True,False,False
Veo,b3a7784b-543a-5368-beb1-37da10e7e310,bicycle,39.971196,-83.002068,,13.39,True,False,False
Veo,1ba95694-04d3-5a20-a48b-b3f8cd32b757,bicycle,39.951144,-82.954356,,11.83,True,False,False
Veo,78fff954-57ac-5496-8a27-bcfafe541ef3,scooter,40.053502,-83.049354,,25.94,True,False,False
Veo,3c21d197-b183-5a7b-b2f1-67fc19d0db4b,bicycle,39.959475,-82.985524,,28.14,True,False,False
Veo,f4663157-253c-567d-a59a-9506a6747c19,bicycle,39.943233,-82.96122,,28.14,True,False,False
Veo,15fc1389-0a26-5d70-b13b-5320bb0d0ffb,bicycle,39.99567,-83.039599,,25.12,True,False,False
Veo,1b7ce06f-3757-5c2d-89dd-98d4ba176d8b,bicycle,39.961216,-82.996881,,28.14,True,False,False
Veo,ab1d0d3d-c98c-57f5-966f-226a796cad34,scooter,40.012142,-83.008716,,28.14,True,False,False
Veo,7dc9dc02-6dd2-5230-92b7-169d00f4101f,scooter,39.986871,-83.009424,,24.84,True,False,False
Veo,31d26d4d-421d-5b81-9dd1-a27151552fbb,bicycle,39.955954,-82.945464,,25.94,True,False,False
Veo,c99d183a-fce2-5216-8dad-a329c90abf2b,bicycle,39.989073,-82.990009,,6.31,True,False,False
Veo,75f15e96-0006-510e-89df-00713478590c,bicycle,39.98612,-82.897677,,1.15,True,False,False
Veo,a984696e-6235-5704-a685-10d2cb6410b9,scooter,39.971854,-82.975472,,13.1,True,False,False
Veo,7e4e5cd5-431c-530b-b0ef-4d202ce24043,bicycle,39.936927,-82.950522,,21.77,True,False,False
Veo,a738330b-67a4-5736-a559-1587c5a47da5,bicycle,40.005689,-83.013729,,9.65,True,False,False
Veo,8214335d-8153-5ee9-9fa9-b2fb480561ec,bicycle,39.95193,-83.079004,,16.84,True,False,False
Veo,ebd82863-941f-585d-8eed-a8ec15a5ea28,scooter,39.944265,-82.983769,,14.43,True,False,False
Veo,43dae0c1-0d41-592e-a268-fd23788b9c4e,bicycle,39.956416,-82.986625,,28.14,True,False,False
Veo,19019db1-77a0-596d-b4fa-7e1d6bc7aa3a,bicycle,39.955764,-82.944266,,13.39,True,False,False
Veo,d5e74638-3cd1-5a73-af6d-560166541e41,bicycle,39.964958,-82.990219,,21.15,True,False,False
Veo,934668bf-ccf4-5e82-934e-6ed0cec48797,scooter,39.95622,-83.01144,,28.01,True,False,False
Veo,097d3b28-935b-56dd-a183-64fb3a88657c,bicycle,40.102076,-83.110548,,18.19,True,False,False
Veo,308a11ce-023e-57b4-9194-6b73d5a92941,bicycle,40.007525,-82.996917,,24.33,True,False,False
Veo,7ff1e386-dba4-5364-b6c4-f65aeaa8da70,bicycle,39.9502,-83.007932,,28.14,True,False,False
Veo,789c6396-6a1f-5d0a-9902-e4d228562dc1,bicycle,40.019747,-83.012575,,24.84,True,False,False
Veo,cb1970c1-6e58-59f8-8876-b505d6911123,bicycle,39.951661,-82.941843,,10.51,True,False,False
Veo,45a745a8-4e08-5c2f-8eaa-1a4295650ff0,bicycle,40.103868,-83.108924,,28.14,True,False,False
Veo,ff4e25dc-7f55-510d-ac09-f5213b3c80a8,scooter,39.956088,-82.945139,,9.65,True,False,False
Veo,e260ccec-d5b5-5764-937d-4f62e1d7cd36,bicycle,40.008006,-82.981079,,11.11,True,False,False
Veo,23505028-7c60-57d9-9237-582f31f2dfe5,scooter,39.997737,-83.047938,,4.92,True,False,False
Veo,31fb6980-811c-578b-ad39-3ea67c5a5c3d,bicycle,39.92501,-82.936527,,25.94,True,False,False
Veo,ee122f1b-f47c-5db3-b8d1-8927752915b8,bicycle,39.955843,-82.96952,,28.14,True,False,False
Veo,9f3925ea-0ac9-583a-bcaa-5f3594ee360c,bicycle,39.950483,-82.993615,,28.14,True,False,False
Veo,db553024-61fb-57b8-86f6-03cfb4b76eec,bicycle,39.950939,-83.035637,,28.14,True,False,False
Veo,64912bc4-897a-5776-9c49-247632693810,bicycle,39.935851,-82.96979,,28.14,True,False,False
Veo,180c211b-f97e-5e7a-a98b-88559f570f22,bicycle,39.987093,-83.02932,,14.43,True,False,False
Veo,fd4a359c-04e4-54cb-98ea-a054edfc6792,bicycle,39.914856,-83.026086,,14.17,True,False,False
Veo,2fd9e399-e19a-549d-918e-fac92c405048,bicycle,39.91327,-82.98191,,2.09,True,False,False
Veo,42391826-3e16-565b-a480-d33d0386e7f9,bicycle,40.003983,-83.004689,,9.97,True,False,False
Veo,20d0438b-2bed-52cc-8073-3f2b138197c5,bicycle,39.960747,-83.020971,,28.14,True,False,False
Veo,783890e1-1b9f-557a-9144-8b4d45a24b01,bicycle,39.994099,-83.005788,,14.86,True,False,False
Veo,13abd295-4f58-558a-a0f6-747350b23281,scooter,40.005166,-83.021244,,19.05,True,False,False
Veo,378a7475-614c-5fd9-8cc0-3cecfcaac87a,scooter,39.936481,-82.98883,,28.14,True,False,False
Veo,2b3b5941-83e6-5943-89b5-c33a6b79e8df,scooter,40.005606,-83.013844,,9.97,True,False,False
Veo,8230c311-deec-50ee-be2d-20e4583eea2d,scooter,39.993140000000004,-82.98224333333334,,28.14,False,False,True
Veo,fa48f6e6-f2ec-5794-8c06-ebf680d8800c,scooter,39.963118,-83.004305,,25.12,True,False,False
Veo,830bf7ec-1314-5df9-8240-ca0b2776b9ed,scooter,39.95945,-82.995667,,20.78,True,False,False
Veo,885e7d8c-7e5c-59f2-98fe-c8f865f3a1d6,scooter,39.995015,-83.013748,,24.33,True,False,False
Veo,da3e0cf6-e1db-5a81-9c93-fd25693996cc,scooter,39.974644,-82.972467,,9.65,True,False,False
Veo,61ceeaad-e32c-5308-979c-9f959e09b632,scooter,39.883162,-82.994512,,13.39,True,False,False
Veo,2bcc223c-7e99-54d0-bcb8-641481a7c4bd,scooter,40.008378,-82.97888,,15.89,True,False,False
Veo,6406ccbf-7472-54c6-ac2b-fee94c4cec63,scooter,39.954934,-83.073168,,1.15,True,False,False
Veo,f2d7c84f-caea-5ba7-acf8-64eb6d13a04c,scooter,40.001935,-83.007381,,28.14,True,False,False
Veo,1006a020-3752-507c-87ff-a13f994991a7,scooter,39.970327,-83.002388,,28.14,True,False,False
Veo,b93d7a9a-b6c2-50e7-8ae4-fb742c0047c6,scooter,39.965867,-83.001409,,15.45,True,False,False
Veo,7b9f7270-f032-5d46-a29e-5ca76cf7cd79,scooter,39.998675,-83.00569,,28.14,True,False,False
Veo,cf69b42f-1125-53cc-8602-1eed7e0f1374,scooter,39.963865,-83.002742,,15.89,True,False,False
Veo,dbaadfa0-32d0-52c1-8a6e-ae5c05b35ed0,scooter,39.963085,-82.98069,,13.1,True,False,False
Veo,996ad4c1-fefa-5bd1-b33f-bf9eb0cb547f,scooter,39.985229,-83.005456,,9.29,True,False,False
Veo,edb56bc2-5f17-5789-9e48-d7e40835f214,scooter,39.997043,-83.007583,,16.39,True,False,False
Veo,4a1dc490-92b5-560d-89d0-0316dc33d282,scooter,39.969133,-83.003851,,28.14,True,False,False
Veo,9e3187de-ff78-50b7-af59-e1201f465852,scooter,39.956515,-83.001138,,14.61,True,False,False
Veo,6b228fde-9194-524c-83f6-fa5d63a493dc,scooter,39.970941,-83.004555,,23.02,True,False,False
Veo,769dc91b-ce1b-53fb-ac54-0b47ca922d2d,scooter,39.980174,-83.007741,,21.15,True,False,False
Veo,0aa66bd4-22a8-580f-9769-575628c9ef91,scooter,39.936753,-82.995277,,25.94,True,False,False
Veo,4168fc64-d40a-5356-abc3-3382a8015520,scooter,39.986277,-83.00608,,17.89,True,False,False
Veo,7cbfe628-9463-5573-9f18-39367b64392f,scooter,39.982886,-83.005966,,25.34,True,False,False
Veo,064ae253-435a-5954-8742-dab2078bf03c,scooter,39.957424,-83.012672,,24.06,True,False,False
Veo,6793af6a-a131-515d-820c-396570c8562f,scooter,40.022362,-82.964796,,28.14,True,False,False
Veo,96bcd24e-62f6-527c-ad36-63f0dbcf6e5a,scooter,39.9564,-82.999646,,11.34,True,False,False
Veo,13623392-6f5b-5925-8b4d-51d1eb436962,scooter,40.006992,-83.026413,,27.44,True,False,False
Veo,b2e17f4c-3560-5b98-bda3-5e781a087e4e,scooter,39.978798,-83.004334,,28.14,True,False,False
Veo,1d78a870-5f92-57e0-9a70-b4bdb40edacb,scooter,39.993041,-83.008739,,8.09,True,False,False
Veo,e33b14ae-1f45-570e-9992-cb1f5d8aac98,scooter,39.956815,-83.001498,,28.14,True,False,False
Veo,95f75043-b1c7-573d-9710-4fa0fd12cc3b,scooter,39.999723,-82.998819,,25.12,True,False,False
Veo,5050e212-06d9-510d-8a90-6c22010f2ef4,scooter,39.96512,-82.999627,,14.17,True,False,False
Veo,93dd1d28-3488-570d-9246-5d390b2fceea,scooter,40.00699,-83.023756,,25.94,True,False,False
Veo,e4f2ae07-6a23-57c9-924b-f0de5279e5ee,scooter,40.100879,-83.108885,,24.33,True,False,False
Veo,75420362-daae-5f5a-9116-cbc04e0e483d,scooter,39.970262,-83.002359,,19.05,True,False,False
Veo,3ee62c14-1fd8-526a-a4ef-7bd66312c8d5,scooter,40.050057,-83.030146,,12.52,True,False,False
Veo,562af754-2bce-5bfc-9c20-af9ae231208f,scooter,40.007391,-83.001806,,12.52,True,False,False
Veo,3085db5a-a650-591d-8fe3-7335221790e8,scooter,39.992374,-83.006726,,15.18,True,False,False
Veo,ae68a023-f588-5bc9-97ec-db624fdde7f1,scooter,39.970182,-83.002375,,21.49,True,False,False
Veo,64f61e74-af53-509e-96ea-47ca8f45459e,scooter,39.956712,-82.989695,,28.14,True,False,False
Veo,a33c4447-886f-507e-b9e2-148ef9811d24,scooter,39.967892,-83.012406,,12.87,True,False,False
Veo,80c54908-decb-562c-8201-cb66954c916f,scooter,39.946332,-82.960961,,19.78,True,False,False
Veo,c4d3754e-a108-5541-9854-fd316ded1945,scooter,40.00619,-83.021166,,28.14,True,False,False
Veo,51e39580-6bf2-5741-b2e9-bbabfc17a7f7,scooter,39.963673,-83.000693,,22.7,True,False,False
Veo,e0dd64f6-bfbd-54a6-a66d-9617bd29508a,scooter,39.941952,-82.994959,,27.77,True,False,False
Veo,a9219fbb-2e19-59e2-8e66-65c675de1307,scooter,39.979617,-83.002749,,25.34,True,False,False
Veo,c192507a-b82c-550d-83e0-bb9ca9d31b74,scooter,39.956141,-82.921363,,27.77,True,False,False
Veo,1c2fd02f-faba-5491-b897-11daaf95ec8a,scooter,39.949356,-82.982143,,13.86,True,False,False
Veo,9b4cb81c-904c-5fb6-9f3e-bbbf30e28670,scooter,40.007038,-83.001714,,14.43,True,False,False
Veo,4a7a7223-d9ea-5838-a896-69882ec6731b,scooter,40.001562,-82.966644,,23.02,True,False,False
Veo,fe93c11f-2383-5762-8d64-e4675101f061,scooter,39.95893,-83.008375,,27.02,True,False,False
Veo,67b27173-8da7-56b5-9834-ba06b1339adb,scooter,39.950774,-82.978411,,24.06,True,False,False
Veo,31dcc0ca-b4bb-5de1-b5a0-60aa233d18dc,scooter,39.960796,-83.012652,,28.14,True,False,False
Veo,954dc961-6d72-5bcc-976f-e9fb66834d2d,scooter,39.986228,-82.999488,,24.84,True,False,False
Veo,6c5510a5-4cc4-5052-8ba3-0d0274120660,scooter,39.975265,-83.014653,,28.14,True,False,False
Veo,0ff42a77-e76d-56da-b0cf-aa409a341993,scooter,40.000395,-83.017704,,10.79,False,True,False
Veo,75f9838e-f812-5a5c-9f59-a8ac820f072b,scooter,40.022326,-83.029107,,23.33,True,False,False
Veo,7bbe0530-45b1-5334-a126-2df1892173cd,scooter,40.017349,-83.011652,,26.51,True,False,False
Veo,e5e12ac5-25f5-5849-9295-d997b3e1fafa,scooter,39.994511,-83.017127,,1.15,True,False,False
Veo,5909257a-80af-5521-ac68-3ed806f371e7,scooter,39.970863,-83.004135,,28.14,True,False,False
Veo,0a1d80f1-0722-535d-bebf-426a7339015a,scooter,39.950616,-82.990374,,14.17,True,False,False
Veo,2ae9a219-5f90-5542-84d9-44d87ac25a8e,scooter,39.980036,-82.995677,,28.14,True,False,False
Veo,1b75ca3c-0921-5372-9df9-66fc781f5a96,scooter,39.971365,-83.002677,,25.65,True,False,False
Veo,b19e4f71-d648-5751-a8f2-6e4d84957473,scooter,40.000673,-83.003023,,28.14,True,False,False
Veo,19849085-a114-585b-9124-726ceb40a368,scooter,39.995993,-83.015819,,20.37,True,False,False
Veo,86116d60-c0a7-5c29-82b5-47c2b3798cf5,scooter,39.954959,-82.996579,,28.14,True,False,False
Veo,c85565ae-8399-5c94-aaad-50bde7c81949,scooter,39.966012,-82.992814,,22.05,True,False,False
Veo,f7eb33e3-0747-53cf-9204-1f487db49299,scooter,40.09709,-83.119768,,4.14,True,False,False
Veo,3440a9ed-07b7-537d-a37f-f8e4eac024ad,scooter,39.955759,-82.974477,,13.1,True,False,False
Veo,4317a24a-22fd-5630-9346-0317ec2ab8d9,scooter,39.959324,-83.008356,,24.33,True,False,False
Veo,95da1379-c3df-5c98-a26f-867368897ef6,scooter,39.965857,-82.994447,,14.43,True,False,False
Veo,1bbf6bad-b33b-5bf4-a308-0b232aa3781f,scooter,39.981247,-83.020279,,13.64,True,False,False
Veo,380bfb43-b6f2-5a6c-a904-5c197b4a2370,scooter,40.007443,-83.047721,,28.14,True,False,False
Veo,63d327ee-f160-5c67-b8e1-e9dfca924ac8,scooter,39.986909,-83.009392,,21.15,True,False,False
Veo,44668427-5c1f-57f6-8378-225ac2f6deeb,scooter,39.982391,-82.982373,,15.89,True,False,False
Veo,b1686b4d-3a8d-57eb-91c6-03b16fbdb029,scooter,39.964204,-83.00268,,14.86,True,False,False
Veo,1152c385-f1a1-54a7-90ac-87ab1862a41a,scooter,39.951292,-82.97917,,14.61,True,False,False
Veo,70ebf2a4-9db1-551d-9de2-d07822a4fb92,scooter,39.978677,-83.00514,,12.63,True,False,False
Veo,e2fb5e7b-9327-5656-a534-fb52ffdd4ba8,scooter,40.097101,-83.119766,,12.63,True,False,False
Veo,29631249-cae5-5cee-9768-f51a232ca2ba,scooter,39.960782,-82.993616,,14.86,True,False,False
Veo,2d33b750-6e14-59dd-9521-1c39f0691e0d,scooter,39.98019,-83.00777,,24.33,True,False,False
Veo,c3e2e54e-a609-5f87-9f09-8a398259d0d9,scooter,39.994208,-83.0058,,14.17,True,False,False
Veo,1b920b61-6756-5124-b5a3-6cd0bf377713,bicycle,39.964317,-82.997317,,25.34,True,False,False
Veo,96b3452c-b733-543a-a427-421bb0369048,bicycle,39.977198,-83.003694,,28.14,True,False,False
Veo,2912e1ae-e2f8-538f-895d-e5136ee3ca0e,bicycle,40.005696,-82.913031,,28.14,True,False,False
Veo,0fcd89f9-87a6-5cdd-8298-27236f644a4e,bicycle,40.057868,-82.911266,,14.43,True,False,False
Veo,fb72b3b2-b86d-5df2-b88d-802eea844faf,bicycle,39.938178,-82.950834,,28.14,True,False,False
Veo,9add8c4c-4884-5f16-a710-3fdeaf3f576b,bicycle,39.975589,-82.972565,,21.49,True,False,False
Veo,e8df9244-4373-5fc4-b19e-1a4c60a76e45,bicycle,40.009519,-83.002541,,28.14,True,False,False
Veo,8acb9f98-b7bb-535b-8bd8-ae181c72130d,bicycle,39.965941,-83.003892,,26.78,True,False,False
Veo,4f5f1d42-ed87-57eb-8055-89190b0e453f,bicycle,40.000106,-83.016608,,27.02,True,False,False
Veo,84dcdc29-34ee-5cd2-8627-b5c9ecaf33fd,bicycle,39.993810243840606,-83.01159419379472,,0.0,True,False,False
Veo,005dcd0c-aeb7-528f-8450-79d3b7e79aa1,bicycle,40.020912,-82.971184,,28.14,True,False,False
Veo,0536d4af-3c02-58d1-bad9-b1ab2f3429a1,bicycle,39.994662,-83.005636,,13.1,True,False,False
Veo,a6a99ddc-4c72-5e3f-866b-8781e01e4a28,bicycle,39.900474,-82.95662,,17.37,True,False,False
Veo,9d0416a6-9b55-53fb-820a-4ec3622ef7ce,bicycle,40.005644,-82.983203,,19.78,True,False,False
Veo,b964d51b-20c8-53d4-8772-966dc760da16,bicycle,39.937841,-82.950527,,28.14,True,False,False
Veo,1b0552df-25a4-563e-9411-8d346c4a612c,bicycle,39.957392,-82.904112,,20.05,True,False,False
Veo,1e5feec4-107c-5206-a1cf-d35ba8d26dd8,bicycle,40.022009,-83.014907,,24.84,True,False,False
Veo,a92ba2a6-473c-548b-b535-eb2db7508486,bicycle,39.993547,-82.981046,,27.77,True,False,False
Veo,7bffbfa2-1428-5d52-9317-8668d350e56f,bicycle,39.990461,-82.984781,,15.18,True,False,False
Veo,eeac773d-3fbc-5d2d-8a1c-33075d0d2a75,bicycle,40.011996,-82.968616,,15.45,True,False,False
Veo,86a3f1e3-98ef-5ea4-ac6e-4ae646c28f6a,bicycle,39.963192,-82.981507,,15.18,True,False,False
Veo,cecbc454-bee5-5293-833b-b86319c84678,bicycle,39.973679,-82.977572,,28.01,True,False,False
Veo,9b6bcd00-48f7-5f60-b509-d798b836cc26,bicycle,39.960796,-82.993798,,28.14,True,False,False
Veo,9aeca1a3-2ef7-548c-8f2f-cea0a36fe54e,bicycle,39.956611,-82.999725,,28.14,True,False,False
Veo,92670ccb-9353-5fc0-bff6-4db8a7904c9b,bicycle,39.949484,-82.997989,,10.79,True,False,False
Veo,f63487d8-a5c5-5624-8f3c-2279bd1700c1,bicycle,39.950481,-82.99793,,22.05,True,False,False
Veo,fa325854-1841-5abe-8463-b8b046996475,bicycle,39.927343,-83.117845,,4.92,True,False,False
Veo,0aa31833-9f95-5fc1-ad2a-670d6e60f7a3,bicycle,39.965146,-82.994051,,27.77,True,False,False
Veo,b32cb516-fced-545e-9c13-d2af00935d19,bicycle,39.968467,-83.007146,,28.14,True,False,False
Veo,c23a68b7-b614-5c9a-8c01-84d1beee8ec0,bicycle,39.955937,-82.945084,,15.18,True,False,False
Veo,a231caf6-2a63-5f29-a14c-0c46c9c58c96,bicycle,39.942032,-82.994953,,28.14,True,False,False
Veo,d4b201fa-2748-5bab-998c-b45198f9cf47,bicycle,39.960443,-82.963607,,28.14,True,False,False
Veo,43488a37-7273-5b82-8aed-dd78a12a1b4e,bicycle,40.022046,-82.987343,,25.65,True,False,False
Veo,957feb9f-8826-5aae-89fa-7427eb5a3463,bicycle,39.976197,-83.004862,,25.34,True,False,False
Veo,f853ef30-2bed-54bb-a60a-ee3e9567242f,bicycle,39.998853,-83.00837,,13.64,True,False,False
Veo,8b0c25d2-a180-582a-99c3-2288ad886915,bicycle,40.062519,-82.959466,,1.15,True,False,False
Veo,5ae704df-cd1e-5b6e-b4f6-244490d2deb2,bicycle,39.965132,-83.007517,,22.39,True,False,False
Veo,8c2bd5ad-72db-509c-b133-77132658ba58,bicycle,39.962953,-83.000568,,28.14,True,False,False
Veo,8323f081-7c96-5c44-958b-40d3429750d6,bicycle,39.961153,-83.006152,,12.07,True,False,False
Veo,9ab0b1f8-5f49-596c-82b1-7ee961ba7fd6,bicycle,39.969372,-82.99969,,26.51,True,False,False
Veo,d8c10100-b5b9-560c-9818-27d665c36484,bicycle,39.971522,-83.003249,,28.14,True,False,False
Veo,0ee7c63c-16fc-5560-b4a6-470aefe29f9f,bicycle,39.981638,-82.998628,,4.78,False,False,True
Veo,f8104aa7-b28c-5cec-852b-0c6462981c4d,bicycle,39.994138,-82.983553,,28.14,True,False,False
Veo,2c5b027c-3a32-5dea-a913-0fc8fb273f96,bicycle,39.948455,-83.065531,,24.84,True,False,False
Veo,7ecb7e0f-15a9-5015-8b8c-7f8e35ab7f6e,bicycle,39.956537,-82.987366,,22.7,True,False,False
Veo,e4896675-f752-5012-80d2-b3d20752c715,bicycle,39.942035,-82.994989,,28.14,True,False,False
Veo,97dd337a-bb50-593e-bc66-1784ff5b08d8,bicycle,39.951995,-83.062186,,25.65,True,False,False
Veo,afb3c950-0946-5049-b6b5-bf661bdcc394,bicycle,40.086913,-83.019413,,14.61,True,False,False
Veo,03d9d8fe-4861-591e-956f-27485d9d2bdd,bicycle,39.972765,-83.003538,,27.44,True,False,False
Veo,c81c5eee-5986-5eda-9fc9-caf2fceaa805,bicycle,39.969254,-83.010038,,25.34,True,False,False
Veo,b00d785c-3702-5a1b-87d3-cdd44a55c2ed,bicycle,39.925064,-82.942935,,28.14,True,False,False
Veo,e6706a12-9f01-5a27-825f-4de5795d4661,bicycle,40.003327,-83.020794,,24.33,True,False,False
Veo,e519852e-6999-5441-be41-1ffe77bee898,bicycle,39.974336,-83.019607,,18.19,True,False,False
Veo,46e96e22-bb4b-5305-afae-aee845389449,bicycle,39.982419,-83.085595,,23.02,True,False,False
Veo,240a7497-d983-58ae-babc-8fd3fd7bf816,bicycle,39.96353,-83.003089,,28.14,True,False,False
Veo,261a93e1-32c8-55f2-95e2-638682afbb7b,bicycle,40.026152,-83.001536,,5.68,True,False,False
Veo,1db92399-ee48-5846-bec7-d67d75be331c,bicycle,39.997852,-82.998663,,28.14,True,False,False
Veo,ae710b9b-fac8-5790-8b06-7582a1d836b9,bicycle,39.960101,-82.974056,,20.37,True,False,False
Veo,f9e97f31-fe2e-53fc-b2d4-1d22fdef20f7,bicycle,40.066563,-82.972649,,24.06,True,False,False
Veo,611aa68e-4b1e-526d-b596-5deedca5c80e,bicycle,40.011402,-82.954242,,26.78,True,False,False
Veo,9d0aab55-d6d5-5ce6-a5b8-5446331f94ff,bicycle,39.968265,-83.012535,,6.98,True,False,False
Veo,ec9cb118-28cb-5778-b4b7-21f47ced3b1e,bicycle,40.000589,-82.983687,,26.51,True,False,False
Veo,4cd8f4ed-0597-506c-8b69-c08265e8233b,bicycle,39.964644,-83.002716,,24.06,True,False,False
Veo,17f23ea4-0476-5420-b8d8-f2fb74df9f22,bicycle,39.99402,-83.00679,,20.05,True,False,False
Veo,55508751-2f40-54fb-8642-808dcd401cc5,bicycle,39.977184,-82.989975,,28.14,True,False,False
Veo,e152895f-3a29-5d4a-9b6c-19347c05964f,bicycle,40.004009,-83.003983,,24.33,True,False,False
Veo,479d418d-bfdc-5471-a5fb-4dfb5408b8f5,bicycle,39.974319,-83.019588,,4.92,True,False,False
Veo,846abcfb-f87c-5159-a529-3deaa9873d9c,bicycle,39.968393,-83.006985,,14.43,True,False,False
Veo,8b134dbc-2a90-57ee-a945-c1a53c7b9db9,bicycle,40.062809,-83.056889,,21.15,True,False,False
Veo,4a1501a2-b425-536b-8824-c80e3ae63b64,bicycle,39.963339,-82.955011,,27.02,True,False,False
Veo,8b4a5948-7d8b-5f64-b7e0-fcef18c26555,bicycle,39.982773,-83.004709,,14.17,True,False,False
Veo,ad9d50f0-85cd-5cf3-9f0f-d8fcaa3f06a7,bicycle,40.040952,-82.9442,,28.14,True,False,False
Veo,6cabb411-cfff-53ff-af50-1cd0726a60fa,bicycle,40.005103,-83.011628,,25.12,True,False,False
Veo,da877afb-75d1-56df-8228-588743f170ba,bicycle,39.947394,-82.980199,,28.14,True,False,False
Veo,14b6ff34-8427-5c2b-a5c9-1188a6159cc2,bicycle,39.958841,-82.999746,,28.14,True,False,False
Veo,afc5adab-4bc6-5880-a0fa-14a32ac662a4,bicycle,40.004928,-83.019412,,12.07,True,False,False
Veo,cd44a416-8c86-5146-865d-d0d9c4a2fc86,bicycle,40.016738,-83.012278,,1.15,True,False,False
Veo,03dfa8fb-43c3-5ed0-9665-0dfc1f9d3d4a,bicycle,40.006142,-83.014654,,26.51,True,False,False
Veo,3de68fa9-43bf-5441-975b-7e65d3323988,bicycle,39.957036,-82.938106,,28.14,True,False,False
Veo,76207812-6f27-5621-9a4a-a4eac29e3e67,bicycle,39.967203,-83.009581,,11.11,True,False,False
Veo,24fcdfaa-038f-525b-8b75-541dcbbb5f83,bicycle,39.969164,-82.998722,,27.44,True,False,False
Veo,dee7c123-7da7-5063-a37f-810967d23e2d,bicycle,39.980872,-83.021499,,16.84,True,False,False
Veo,9b02478d-393c-5956-8e3c-1f41a4ffa976,bicycle,40.023020596381116,-83.08552829639605,,21.49,True,False,False
Veo,71c5a1eb-a588-561e-9120-995c81a1e282,bicycle,39.938917,-82.972936,,14.17,True,False,False
Veo,77cc19ee-5ebb-53d0-98a2-0dda2a0b1933,bicycle,39.969837,-83.00473,,19.39,True,False,False
Veo,04ef6eb2-b7be-55e3-98a0-5b3bee54e7fa,scooter,39.954277,-83.000937,,21.15,True,False,False
Veo,3197f1d1-354b-59bf-9b83-1c0e47214f8a,bicycle,39.988298,-83.032792,,14.17,True,False,False
Veo,265502ea-5f70-5fa8-9699-fa560343dd4b,bicycle,39.95602728333324,-82.94522057287395,,0.0,True,False,False
Veo,996254ca-07b3-5d97-aceb-d1c62136c711,bicycle,40.056485,-82.99434,,9.02,True,False,False
Veo,01389e3d-4b80-5c5a-855f-b3b4416d9b93,bicycle,39.958344,-83.013378,,28.14,True,False,False
Veo,27f2ccdc-fae8-58b8-bb7c-ec61663101c2,bicycle,39.944985,-82.982166,,27.44,True,False,False
Veo,c85c0fc6-c5fc-5da1-bdf5-79bead2bd1d9,bicycle,39.945722,-82.913658,,15.89,True,False,False
Veo,a8bb0f99-1059-55e3-999c-ebe68ecf6ab8,scooter,39.966024,-83.001446,,22.7,True,False,False
Veo,4f4fce7c-d2fa-5e46-9b8d-897915a9dfe0,bicycle,39.992133,-83.012511,,10.51,True,False,False
Veo,4f4b1e01-89c6-5349-8460-e54431c519eb,bicycle,39.965954,-82.992722,,12.87,True,False,False
Veo,05740fd4-6d9d-5548-bfb2-0c1220d32007,bicycle,39.994411,-82.936521,,28.14,True,False,False
Veo,80037a87-fe97-50a6-95e5-47afdeaa14c8,bicycle,39.967181,-83.009814,,12.28,True,False,False
Veo,e74474f5-a011-59af-8f21-5f4db2d31d78,bicycle,39.888634,-83.000803,,8.09,True,False,False
Veo,4c617036-1310-55ed-8b1a-be0c901d0dbd,scooter,39.957578,-83.011741,,20.05,True,False,False
Veo,0cb9f495-6bc1-55b0-9a7c-835e43524a63,bicycle,39.961745,-82.968531,,12.28,True,False,False
Veo,ffe88d46-d203-5172-ad6c-b5c1a2ad0bcb,bicycle,39.949552,-82.957195,,28.14,True,False,False
Veo,5670326d-62dd-5470-8fb6-9522f83bda83,scooter,39.984733,-83.026509,,9.65,True,False,False
Veo,43d48bba-97c0-5c6e-bee9-9282a16b62e9,bicycle,39.991444,-82.995857,,12.87,True,False,False
Veo,5baf6724-cdce-52c4-8baa-37616c21dba0,bicycle,39.960148,-83.000854,,19.05,True,False,False
Veo,495426c5-abc1-5e45-ac8f-72672e674f55,bicycle,40.039392,-82.994432,,16.39,True,False,False
Veo,3f90111d-05bd-5a16-808c-ed982e0f43d8,bicycle,40.000331,-82.996636,,28.14,True,False,False
Veo,b18d393f-f7a9-5586-a82b-e9c38274d4cb,bicycle,40.002087,-83.006066,,23.02,True,False,False
Veo,03f495ac-15d6-5ed7-adb9-640de30a4822,bicycle,39.962931,-82.986966,,28.14,True,False,False
Veo,4b91070b-01fd-531a-8c71-cc85242b3fbe,bicycle,39.993390266666665,-83.0058611,,0.0,True,False,False
Veo,d31e9903-ac4b-53cc-bf52-386ea343d4ca,bicycle,39.948501,-83.00816,,14.61,True,False,False
Veo,1692f451-892a-5d2e-9958-a14ec8054dbe,bicycle,39.994878,-83.000815,,14.61,True,False,False
Veo,570e1584-3a9f-5db2-b90d-dd7b84f1d78a,bicycle,40.018433,-82.999799,,11.59,True,False,False
Veo,527ebead-edd8-5c68-85df-631473baf06c,bicycle,39.966253,-83.003163,,19.05,True,False,False
Veo,1949162f-95fa-5ab7-957b-05de36dfaa70,bicycle,40.003155,-83.017521,,25.34,True,False,False
Veo,e9b6d99f-285e-5682-9da9-767a1ebc41a1,bicycle,40.001193,-83.008272,,11.59,True,False,False
Veo,83002a2b-8674-5d5b-8641-682ed1949ad4,bicycle,40.100423,-83.108064,,20.37,True,False,False
Veo,fdcc9151-67d4-5f53-8b74-b7dddfd8531b,bicycle,39.946548,-83.000211,,27.77,True,False,False
Veo,879fc3da-11a0-5d0e-a20a-66183fb4398d,bicycle,39.985187,-83.005419,,13.86,True,False,False
Veo,63c6bbfa-9a6d-5f37-b349-d1c8dc4c4ea2,scooter,39.945112,-83.065144,,19.39,True,False,False
Veo,b3723fc3-ccce-5638-8e84-760c3918c1b4,scooter,39.979219,-83.018481,,5.03,True,False,False
Veo,41069c04-d5dd-5766-b98f-a89adf91cc83,scooter,39.965808,-82.998681,,26.78,True,False,False
Veo,b63177b1-7949-5eac-9c39-d946c92ba4e9,scooter,39.986333,-83.007052,,28.14,True,False,False
Veo,d3b7f3e9-256e-5c4b-a7f8-c66dbdfc38be,scooter,40.004527,-83.012843,,10.31,True,False,False
Veo,750280a7-2a6e-5731-8073-f8adf4a7926f,scooter,40.005129,-83.010544,,27.77,True,False,False
Veo,d87418d7-4549-52eb-bbdf-77d813b8c67c,scooter,39.945363,-83.05667,,24.06,True,False,False
Veo,0db4b5cf-7f8c-5017-a840-8811eba386b1,scooter,39.954066,-83.016599,,27.44,True,False,False
Veo,d902c674-192f-52cd-be0f-f486ffd952bc,scooter,40.053471,-83.049349,,28.01,True,False,False
Veo,14a9e456-ddab-5347-83de-847946839818,scooter,39.957114,-83.083419,,25.65,True,False,False
Veo,5b8ab509-790a-5efd-9c25-08e0ca539c2a,scooter,39.981002,-83.003135,,8.78,True,False,False
Veo,b6632af2-022c-52fe-8eb7-09216895be32,scooter,39.997756,-83.004137,,14.43,True,False,False
Veo,4fd148d4-73d2-5a23-a502-e73628d732d2,scooter,39.963714,-83.000748,,28.14,True,False,False
Veo,9aba6234-d362-5910-8778-5ae7a5f88c29,scooter,40.005845,-83.016982,,18.67,True,False,False
Veo,482089e4-32d9-5900-85dd-feab8824bb5e,scooter,40.015297,-82.984349,,21.49,True,False,False
Veo,cfd32d78-a0ce-53b0-a537-2b5063ad0a8c,scooter,39.948766,-82.985685,,20.78,True,False,False
Veo,ce3c5fd9-643c-531f-a8fc-b5489cf066b6,scooter,39.985817,-83.016698,,25.94,True,False,False
Veo,fe637cfa-ce4b-50ef-8641-81bf87a949ff,scooter,39.996587,-83.003636,,25.34,True,False,False
Veo,25247ae8-f7c3-501b-811f-728d749e39e1,scooter,39.972117,-82.980917,,8.09,True,False,False
Veo,1916f082-0bc4-517b-8e9b-6c57bff3bf1e,scooter,39.970192,-83.002278,,16.39,True,False,False
Veo,5d7bbad2-076a-585a-86f0-e4d70ca891e2,scooter,39.987942,-83.005569,,22.7,True,False,False
Veo,47b661c0-18c8-55f1-aa2f-4b0a91b4b735,scooter,39.965053,-83.002834,,27.44,True,False,False
Veo,e88df461-f0b0-5a3f-99af-8cbbb5a1cc10,scooter,40.006591,-83.016898,,28.14,True,False,False
Veo,2ce34978-9c7c-57bb-adef-e87784344350,scooter,40.01567,-83.003302,,18.19,True,False,False
Veo,b600792d-b7e3-5d1e-bafe-60b14a3fd756,scooter,39.995718,-83.00514,,28.14,True,False,False
Veo,9949211b-27e9-578d-a272-9fc5abea51eb,scooter,39.963877,-82.996209,,28.01,True,False,False
Veo,fbc19e92-88a7-538a-830c-c794f3b70230,scooter,39.957537,-83.011819,,14.86,True,False,False
Veo,49ff626f-77f4-5c77-9a1c-13cf4015cd70,scooter,40.013602,-83.011217,,4.19,True,False,False
Veo,e2bad86b-d3f4-51af-a1b8-cec95d15ca89,scooter,39.935891,-82.988855,,25.94,True,False,False
Veo,46112e89-7c52-56a4-b813-b761579dcc5f,scooter,39.968428,-82.979219,,21.15,True,False,False
Veo,f084fe1e-d724-5fb0-a7c6-2c078dc240f6,bicycle,39.963642,-82.996312,,21.77,True,False,False
Veo,5eb622f6-f636-5e13-806b-3fb691ffcfa3,scooter,39.963763,-83.000756,,28.14,True,False,False
Veo,17663a38-7db3-55e0-95d1-415237bb4dd6,scooter,39.96207,-83.000787,,28.14,True,False,False
Veo,eb6d3d75-2783-57ab-b9ed-3a5151549e45,scooter,39.970374,-83.002329,,28.14,True,False,False
Veo,ffc101ba-8e97-5000-8b4c-10b39a27b429,scooter,39.986788,-82.997379,,28.14,True,False,False
Veo,53d6963f-cdd7-5b90-bca2-11070ce6283f,scooter,39.958497,-83.014606,,14.17,True,False,False
Veo,9e57f727-3c68-5bde-9b7b-75e9849c0abc,scooter,39.993557,-82.98115,,25.34,True,False,False
Veo,d45ba324-35d0-59cf-8e2e-52c34d3d8885,scooter,39.95611878897113,-82.94523135836278,,0.0,True,False,False
Veo,fae7a7e9-906c-54e8-888c-18f9c6ed5376,scooter,39.994958,-83.016509,,22.7,True,False,False
Veo,37bf9866-5e6b-53de-881f-8719fc58ab7a,scooter,39.991281,-83.011186,,13.1,True,False,False
Veo,9ba32876-57d3-5ed0-b147-2bb3d09f4e90,scooter,39.996928,-83.007434,,28.14,True,False,False
Veo,da83d372-3318-51f0-9ce9-b248b9becc7c,scooter,39.998013,-83.002806,,24.33,True,False,False
Veo,825c210e-2148-57f7-b57c-301b136edf47,scooter,39.970371,-83.002422,,27.02,True,False,False
Veo,5c98cece-dd44-5452-b70c-fc8da4e1cb42,scooter,40.024486,-83.019576,,5.44,True,False,False
Veo,ad90d5a8-30f8-5c6d-aa5f-dbfec3bbf7fd,scooter,39.975852,-82.951134,,28.14,True,False,False
Veo,bab88e99-91a1-513d-802c-87d522ea24a4,scooter,39.983521,-83.007213,,25.12,True,False,False
Veo,c7825674-84ae-5333-8b83-269df4321290,scooter,39.963251,-82.953196,,20.37,True,False,False
Veo,11504f21-6c22-58f6-9b69-0b8514aceaff,scooter,39.968931,-83.002361,,25.65,True,False,False
Veo,22f1ccaa-5cad-5c4b-8a8a-4a336b23f3e1,scooter,39.979878,-82.997344,,26.78,True,False,False
Veo,9d60e778-1237-5186-b941-560e190f7dc6,scooter,40.004325,-83.001986,,14.17,True,False,False
Veo,d26c4f3e-eee4-535d-9748-f09c4a1f4528,scooter,39.973695,-83.004321,,26.78,True,False,False
Veo,99ee5641-e109-5027-abf4-267b84871d7c,scooter,39.968934,-83.001732,,26.51,True,False,False
Veo,061dc756-4389-588f-ba7e-8df115ac533a,scooter,39.973885,-83.009188,,28.14,True,False,False
Veo,4cef2a7f-49a2-5564-ba94-2a14b585312c,scooter,39.958648,-83.012798,,25.12,True,False,False
Veo,225fa076-11d9-519b-b647-df97cdd51ae0,bicycle,39.956257,-82.972002,,10.31,True,False,False
Veo,5b4fd2d9-32d7-5966-869e-514a7fe46d77,scooter,39.95519,-83.0296,,14.17,True,False,False
Veo,1c393d91-13e9-57ed-8e1f-ba414b2965fb,scooter,40.007235,-83.011413,,28.14,True,False,False
Veo,9b38f6ae-f64c-5b39-ba01-c60af99e4a62,scooter,39.993243,-83.006558,,14.43,True,False,False
Veo,d04fc6c3-9760-5b42-862d-21b552150b99,scooter,39.986516,-83.005429,,13.1,False,False,True
Veo,b58f4b2f-9e50-53d8-8dc6-c482e3242aaa,scooter,39.96273,-83.002455,,7.29,True,False,False
Veo,60729622-2831-5824-ade7-7a01640fe043,bicycle,40.101577,-83.115493,,25.12,True,False,False
Veo,841e4068-41d1-551c-9071-ff41ce0adb07,bicycle,39.993226,-82.983762,,21.77,True,False,False
Veo,75ad7de0-d4f5-58a6-bf5c-c38e372dabc4,bicycle,40.103088,-83.110318,,25.12,True,False,False
Veo,eef3966c-4fa5-5f75-8c81-56754870eac2,bicycle,39.950473,-82.993667,,21.15,True,False,False
Veo,20d4d765-d46a-5a2f-95c0-f3b66e9f6127,bicycle,39.957409,-82.989388,,22.05,True,False,False
Veo,8291bbdc-1a1e-5ac2-9b13-f690d517bf64,bicycle,39.962458,-82.976582,,28.14,True,False,False
Veo,5228ab99-69f5-52a9-8e54-31b03c59b941,bicycle,39.923228,-82.959117,,13.86,True,False,False
Veo,778e305e-8402-55d8-9cca-4932d4e77047,bicycle,40.054814,-82.953544,,25.74,True,False,False
Veo,49d4e3ec-bf22-5b8d-8b94-f36eaa6a2252,bicycle,40.003953,-83.010868,,3.48,True,False,False
Veo,18c29c72-1d41-5953-8fe2-458b977e53de,bicycle,39.948365,-82.969583,,11.34,True,False,False
Veo,53d584ff-5f96-54e2-a82d-4eb530408e2e,bicycle,40.000228,-83.003221,,25.34,True,False,False
Veo,e36cf34a-7222-5ea4-81c2-968b265ed753,bicycle,40.025909,-83.014261,,14.43,True,False,False
Veo,0d517630-2449-59ce-afcf-bb0f0f52dee0,bicycle,39.987838,-83.017782,,19.05,True,False,False
Veo,a61ddedd-159f-5fae-b623-0be7464f0763,bicycle,39.937593,-82.959683,,20.37,True,False,False
Veo,215898bd-e33f-5f28-b5f8-d09ca40138db,bicycle,39.961497,-82.913817,,4.92,True,False,False
Veo,fb23f637-5662-5262-9540-2c9d96407406,bicycle,39.878967,-82.997441,,13.86,True,False,False
Veo,5d9eac7e-dc9d-58b0-b8bd-848f3bc716b4,bicycle,39.979954,-82.99453,,26.25,True,False,False
Veo,78f6c75c-6c89-566d-9770-fb92b4a4deae,bicycle,39.993546,-82.981093,,18.19,True,False,False
Veo,fc3dfcfa-3328-54f8-ae57-8e304df12d3b,bicycle,40.004022,-82.973457,,28.14,True,False,False
Veo,75610eaf-bedf-50ee-a087-f86a1b69498e,bicycle,39.955062,-83.070519,,1.15,True,False,False
Veo,a5da66b5-41b4-5ca5-8d3d-5332ebe0fea3,bicycle,39.957253,-82.938965,,13.86,True,False,False
Veo,5e043c25-66f1-57b4-9a88-ce4e5897128c,bicycle,39.964923,-83.002951,,28.14,True,False,False
Veo,436a43c0-7d99-53cd-8d1c-fa7c333ad3ab,bicycle,39.958394,-83.027262,,27.02,True,False,False
Veo,67d94690-b74e-5ea6-b54f-8a74337576a0,bicycle,39.94936,-82.96729,,13.86,True,False,False
Veo,a74fe78f-4c84-5646-802b-ebddbde865eb,bicycle,39.921422,-82.950447,,22.7,True,False,False
Veo,a3b04d85-8b2a-56be-b7f3-e5cbeff8757d,bicycle,39.925992,-82.903942,,21.77,False,True,False
Veo,f1de6a02-b653-5c11-a12b-7d76de7ab289,bicycle,40.000709,-82.986359,,28.01,True,False,False
Veo,c6870a84-f19f-570f-ae2b-76ff502ce7cd,bicycle,39.952241,-83.078824,,25.12,True,False,False
Veo,4a0165eb-d9bb-5613-aa54-c36b43247a73,bicycle,39.973537,-82.976461,,15.18,True,False,False
Veo,d19c5274-24fb-5432-90dd-79016197a234,bicycle,39.963291,-82.953234,,13.1,True,False,False
Veo,07aa1804-6ab3-5794-aeb2-c23836c04b4b,bicycle,39.983618,-82.979954,,21.77,True,False,False
Veo,218ca801-e21a-5a29-8ac7-70fe2fb2e695,bicycle,39.963993,-82.997612,,7.29,True,False,False
Veo,364f60ca-3fa8-5153-9550-fb44298530f4,bicycle,39.935058,-82.992816,,26.78,True,False,False
Veo,f25600c0-3344-5986-8a9e-19235d461f99,scooter,39.956752,-82.977141,,12.07,True,False,False
Veo,00a1d03b-36d6-53d0-af89-b6650e292188,bicycle,40.04873,-83.019264,,14.43,True,False,False
Veo,c9a1d8ff-cf4b-50a1-b119-7add7b907437,bicycle,39.987158,-83.001951,,8.78,True,False,False
Veo,3f5c1b2b-3996-5359-9252-9e5c150fcc5e,bicycle,40.003833,-83.00392,,18.67,True,False,False
Veo,cfd3237b-47b6-5fca-a682-42074d9354d2,bicycle,39.993636,-83.026009,,2.79,True,False,False
Veo,4f60d141-d464-5c3d-aaa4-0f646bcbe93a,bicycle,39.96741,-83.012275,,28.14,True,False,False
Veo,10161cac-61ee-52b9-b8b5-dd49e0735d2e,bicycle,39.928545,-82.983468,,6.98,True,False,False
Veo,eca0ad9e-c494-5b89-9476-47735dac68c2,bicycle,39.942708,-82.983379,,13.39,True,False,False
Veo,0a9fb527-d0ae-54b9-921f-5017d023180c,bicycle,40.004445,-83.011146,,28.14,True,False,False
Veo,12712193-b56e-5259-b952-5c3b70ff1bf8,bicycle,39.94091,-82.969384,,10.51,True,False,False
Veo,a2ab7ec1-3ada-5510-ade6-43a7d41f3f57,bicycle,39.956459,-82.961619,,16.84,True,False,False
Veo,f2ee31ff-70b6-521b-88ca-2ef005e70317,bicycle,39.953207,-82.992561,,13.39,True,False,False
Veo,159cb750-11e3-5099-a25c-a12b1cfa65ee,bicycle,40.032666,-82.991407,,11.83,True,False,False
Veo,94e6fd8a-cdfb-53c5-8210-ba37c412c83c,bicycle,39.952228,-83.078814,,8.78,True,False,False
Veo,6ce5ee53-16ad-57b2-a319-c6158474e81f,bicycle,39.957059,-82.938192,,28.14,True,False,False
Veo,020e39dd-8ba8-54e5-8070-28e45a87ce02,bicycle,39.965487,-82.995347,,21.49,True,False,False
Veo,267616fd-2e6e-5961-a600-a8bcbce68dff,bicycle,39.97284,-82.977759,,28.14,True,False,False
Veo,0a5d9a0f-4e80-5e6d-9214-78af4afd8323,bicycle,39.998936,-83.048925,,17.89,True,False,False
Veo,140cae4e-2c6a-5c8a-a494-090932fbf858,bicycle,39.994881,-83.007246,,28.14,False,True,False
Veo,8d8983b4-241e-5a10-9f0c-3e9ac124b8ff,bicycle,39.966032,-83.061479,,3.48,True,False,False
Veo,2ca5f7e8-8b06-5de6-a487-5c3d4fcf24a0,bicycle,40.084459,-82.993531,,12.63,True,False,False
Veo,fcfeba5a-4705-5be8-8534-9b0f477ae1dc,bicycle,39.967683,-82.967301,,10.79,True,False,False
Veo,384cff62-b730-5307-8afa-eaad5b2837fc,bicycle,39.927243,-83.052245,,28.14,True,False,False
Veo,dcbf041d-702f-5c01-8f6d-b40591feda79,bicycle,40.002056,-83.001109,,28.14,True,False,False
Veo,df0b1460-5481-5b5d-98a3-9bbaa3f6516c,bicycle,39.974782,-83.002952,,9.97,True,False,False
Veo,4988c281-5a7c-5970-b859-0cb0e13b8474,bicycle,39.957426,-83.011401,,22.39,True,False,False
Veo,fa586717-c98d-58b1-8b90-3e3426ea12f8,bicycle,39.993447,-82.983704,,12.52,True,False,False
Veo,b0182b53-2b66-5782-aee0-ef10ffd0ca44,bicycle,39.99402,-83.00673,,19.78,True,False,False
Veo,2c14d569-2adc-5cd8-8c02-6385bd8762ed,bicycle,40.007899,-82.996544,,10.31,True,False,False
Veo,d913124c-da9c-5f5f-818e-23a2094338dc,bicycle,39.958312,-83.028616,,26.51,True,False,False
Veo,3ef26615-5050-5342-b9d3-fdf06d9fd43b,bicycle,39.993587,-82.980093,,25.12,True,False,False
Veo,60b36721-0a83-5138-875c-6d3f565edb5e,bicycle,39.959752,-82.999862,,28.14,True,False,False
Veo,38f7bf75-34bd-5aa3-bb48-64c729d1d95e,bicycle,39.971356,-82.975253,,13.39,True,False,False
Veo,f77befb6-3d95-5785-9096-bc9fe811429d,bicycle,40.00012,-83.003612,,25.74,True,False,False
Veo,303c1746-548c-5a50-a3c8-60a2b1c8e2e9,bicycle,39.949482,-82.98677,,19.39,True,False,False
Veo,98091342-84ad-5989-a1b4-57d6e0909659,bicycle,39.992965,-83.008726,,28.14,True,False,False
Veo,eba618ad-6b2b-5c4c-9fc8-6dc40086ca75,bicycle,39.971639,-82.980865,,12.52,True,False,False
Veo,fcd18f6c-2c81-5b38-acc6-ebd5feb6f465,bicycle,39.922531,-83.03452,,1.83,True,False,False
Veo,fe0d43d3-376a-5d40-89a8-87d4e22093ac,bicycle,40.002578,-83.00145,,28.14,True,False,False
Veo,f3609bde-abf1-5259-b33f-8cab55272203,bicycle,39.993894,-82.984025,,27.77,True,False,False
Veo,868ac7f4-4d6d-5efa-946c-28a47bb5a7a5,bicycle,40.00235,-82.998636,,28.14,True,False,False
Veo,0b965da2-3cb1-5653-ac3e-18c05291b5e6,bicycle,40.105063,-82.974958,,24.06,True,False,False
Veo,02adb85b-062e-5a81-974e-1fd945f8bb72,bicycle,39.929252,-82.981093,,12.87,True,False,False
Veo,8f785a46-0c1e-5202-845f-e854787710e8,bicycle,39.953439,-82.92364,,17.89,True,False,False
Veo,378515c0-a465-5d6c-8c06-5f4228fc9bcb,bicycle,39.99198,-83.011134,,20.37,True,False,False
Veo,f591a8bc-1e89-5166-87cc-6cdb6528e150,bicycle,39.963852,-82.980004,,11.11,True,False,False
Veo,760febab-8fba-5ac9-bbbe-3f892a66d99d,bicycle,39.969305,-83.018394,,25.65,True,False,False
Veo,8960fd87-77d5-51a3-866b-c42185231e4d,bicycle,39.969331,-82.990476,,27.77,True,False,False
Veo,df0a3640-1b93-56cb-9531-54bb8b0a16e6,bicycle,39.969611,-82.974801,,10.31,True,False,False
Veo,5b2fb0e3-4cbc-5fb3-9d46-663b1c319fc7,bicycle,40.005284,-83.016564,,13.64,True,False,False
Veo,2f83d30b-b077-5df2-b6f6-21517854e7b6,bicycle,40.025305,-83.034298,,25.94,True,False,False
Veo,0caaa8ab-d24a-557c-905c-edb7cbe8eaf2,bicycle,39.937318,-83.014239,,8.78,True,False,False
Veo,e3839927-624e-57c7-9295-3410e4e08e37,bicycle,39.955983,-82.945292,,23.02,True,False,False
Veo,7a37047d-f82f-5f05-9824-bb0c1b593d7f,bicycle,39.963472,-82.981874,,22.05,True,False,False
Veo,05013e02-63e0-5103-9a24-5d19881c0820,bicycle,40.01619,-83.01085,,12.28,True,False,False
Veo,2dacf533-a70d-5c84-a7f9-cf3ef834d220,bicycle,39.939419,-82.966696,,28.01,True,False,False
Veo,68fbd3b5-48a4-550c-9e19-7545b43ea09f,bicycle,39.961525,-82.983112,,25.34,True,False,False
Veo,280e497f-1e84-5ed6-8fc8-5094642d53a5,bicycle,39.997864,-82.998658,,26.51,True,False,False
Veo,d4f19923-7356-538f-8f13-02b649604d5c,bicycle,39.929329,-82.981285,,11.83,True,False,False
Veo,827e86bc-ceef-5ffe-a489-578f63d93ad7,bicycle,40.017942,-82.969018,,22.05,True,False,False
Veo,78658106-7b84-5fac-a0db-c05b2b0eb444,bicycle,39.985156,-83.005439,,13.86,True,False,False
Veo,683e676a-0d91-5b41-9159-280dd1d77105,bicycle,39.957142,-83.034518,,13.39,True,False,False
Veo,b04bf0b0-a25d-549a-af55-1155e2b9f6e0,bicycle,39.939187,-83.065943,,9.97,True,False,False
Veo,253347b2-b1f3-5c2f-951c-3adbfe9ce7b9,bicycle,39.955572,-82.989564,,13.86,True,False,False
Veo,656eb534-3262-555f-ba03-127d8319ec77,bicycle,39.975273,-83.014638,,16.84,True,False,False
Veo,021148d6-d408-53ee-ab52-92b7dd590f13,bicycle,40.000871,-82.986402,,27.44,True,False,False
Veo,89b20353-d1cf-5097-a1d9-8faccded7913,bicycle,39.946552,-83.000193,,11.59,True,False,False
Veo,555d0407-968e-529c-9717-7fbf66bf9e86,bicycle,40.090636,-82.988467,,25.94,True,False,False
Veo,66895d70-f968-5658-a03d-a8b1e1f11337,bicycle,39.992582,-83.000912,,14.86,True,False,False
Veo,18858961-acab-5e69-af28-079cedbe52a0,bicycle,39.956927,-82.946052,,28.14,True,False,False
Veo,15487641-a60f-516d-b8bb-651b8f7a8094,bicycle,39.927393,-82.957497,,28.14,True,False,False
Veo,78f9c168-8bb4-5290-bd2f-9aa22a82db99,bicycle,39.995735,-83.044837,,24.33,True,False,False
Veo,249f2d0b-7c27-5570-9204-14b69a25904f,bicycle,40.101709,-83.110021,,10.51,True,False,False
Veo,4961b808-a5cd-59d4-9ad5-31a5ea4896e0,bicycle,39.961393,-82.960517,,12.63,True,False,False
Veo,44861007-aa25-5e3a-979e-f7c74567c6d6,bicycle,40.00073,-82.986367,,14.43,True,False,False
Veo,5bc67f34-a006-52fb-be2e-9aa4a8a388ce,bicycle,39.993103,-83.026699,,28.14,True,False,False
Veo,2bceccac-207f-5668-96ff-62e0d539f2ee,bicycle,39.96779,-82.977026,,28.14,True,False,False
Veo,9ff2e3a4-1c62-5ec6-967e-5dc952897d3e,bicycle,39.961062,-82.986413,,28.14,True,False,False
Veo,7e1c66cd-8803-53e8-b55b-5782b1cb311f,bicycle,39.98669,-82.93072,,25.94,True,False,False
Veo,f002446d-dcf6-5db9-96c9-f1aaece9abbb,bicycle,40.059837,-82.969149,,1.83,True,False,False
Veo,8ec9ade0-f9e1-57f5-a98f-961afc01fffd,bicycle,39.974709,-83.020751,,1.15,True,False,False
Veo,78be4ff0-9241-5c25-b103-d71229ff2af6,bicycle,39.994153,-83.00577,,23.33,True,False,False
Veo,4a2c94f7-30d8-5c3a-a381-0678b6178eff,bicycle,39.99546,-82.980676,,25.34,True,False,False
Veo,c0b76f43-1273-5bf1-bfea-672bf59785e1,bicycle,39.968821,-83.003864,,15.45,True,False,False
Veo,a9dde7e9-a9e0-594e-b00c-a0dc286aaaa3,bicycle,39.950997,-82.99902,,15.18,True,False,False
Veo,e5f1f868-c6cc-5d00-9050-9aed97b406e3,bicycle,39.942307,-82.982323,,28.14,True,False,False
Veo,6e8bb355-3991-5705-ab0a-592960e20275,bicycle,39.970051,-83.021968,,7.29,True,False,False
Veo,730f19c1-3350-5dc4-ace3-a2ba0f05c66c,bicycle,39.96167,-83.000172,,15.18,True,False,False
Veo,930d633c-91bf-57a5-b222-2e4de33856f2,bicycle,40.040895,-83.020598,,10.79,True,False,False
Veo,5dc04c59-f8ca-5bfb-9d9e-b7bc4b2f94c3,bicycle,40.046929,-83.034115,,24.33,True,False,False
Veo,edf2300f-8947-51a3-ac17-74dcbbba4c24,bicycle,40.012883,-83.006952,,22.39,True,False,False
Veo,3d182003-bcd3-5155-a519-32ba98fad708,bicycle,39.999905,-82.996949,,22.39,True,False,False
Veo,031c399d-3186-5f02-980d-d5d3127deeb5,bicycle,40.018136,-82.946554,,9.29,True,False,False
Veo,4e1ecceb-84d2-50ae-ab31-af94c8226472,bicycle,40.004827,-82.95581,,25.65,True,False,False
Veo,7ea1af34-174d-5434-9dce-815e5d955f97,bicycle,40.081118,-83.02606,,13.86,True,False,False
Veo,2c605504-f567-513c-bf33-6f0fb5f67004,bicycle,40.002838,-82.949513,,8.09,True,False,False
Veo,4eaecece-9d0f-5c6e-a1a1-4813781de89e,bicycle,39.988743,-83.026077,,27.02,False,True,False
Veo,8d52d773-1329-582b-9219-0b5407f340d7,bicycle,39.999847,-83.003873,,12.28,True,False,False
Veo,8f40449b-c586-53d8-b310-5213f413d7bb,scooter,40.10234,-83.110548,,15.18,True,False,False
Veo,87029fa9-e8ef-5159-85aa-5ec63ec2c601,bicycle,39.961737,-83.000334,,28.14,True,False,False
Veo,d40c15cd-e56d-5911-9b89-9b79242fd9a5,bicycle,39.957105,-82.938208,,15.18,True,False,False
Veo,c948739e-3b26-56ce-82b5-861c7d6d4177,bicycle,39.974209,-83.001465,,24.33,True,False,False
Veo,ce67bc40-eecf-5962-bcb1-339a3a38e955,bicycle,39.93041,-82.940126,,6.98,True,False,False
Veo,b66c0027-6b12-525a-94e3-bbb306fabeb7,bicycle,39.995219,-82.995801,,15.18,True,False,False
Veo,6ec96391-93fc-5d7c-8ab6-64f8418e5562,scooter,39.956128,-82.945163,,27.02,True,False,False
Veo,0ada2988-78a0-54bd-93e4-6ff3fd882049,scooter,39.956141,-82.945314,,28.14,True,False,False
Veo,6f7178b7-1518-523f-b489-23e83d9076de,scooter,39.956113,-82.94518,,10.79,True,False,False
Veo,86d47e9d-1ebb-5e19-9af1-77eb9c40598e,scooter,39.92841,-83.038309,,2.12,True,False,False
Veo,c42b4459-008d-550c-83b1-c879d094cb3a,scooter,39.956155,-82.945134,,28.01,True,False,False
Veo,115f506e-89b1-59b8-99c1-49877d2214bf,scooter,40.016579,-82.968869,,19.05,True,False,False
Veo,b2cf988d-e0e4-5b2e-b0a2-e4712875ffed,scooter,39.956118,-82.945138,,24.06,True,False,False
Veo,5fa765d5-cc9c-5973-a196-e83ab0fb9498,scooter,39.956111,-82.945312,,28.14,True,False,False
Veo,a00edafd-2b18-5e85-b523-dabdcb78d8f2,scooter,39.951269,-82.98378,,28.14,True,False,False
Veo,08d8e702-06af-5f38-8d94-f3991936ec2a,scooter,39.963285,-82.953292,,28.14,True,False,False
Veo,1ddf0381-b087-5918-afe1-0f3e604021d5,scooter,39.911604,-82.994741,,13.39,True,False,False
Veo,4826a74d-9c84-564e-a095-d448f6a573c2,scooter,39.95609,-82.945335,,2.79,True,False,False
Veo,d031c8a0-af2f-51a8-9ed6-f0450b546a04,scooter,39.960771,-83.013179,,10.79,True,False,False
Veo,5d9cda77-a2b6-55c1-a6d1-b0c7c1d3e05e,scooter,39.956116,-82.945185,,13.1,True,False,False
Veo,448df388-938e-5a15-bd24-cb5f3df2aad4,scooter,39.915986,-83.035009,,2.09,True,False,False
Veo,97098e7c-13ca-52e5-bae5-828e79211b19,scooter,39.956156,-82.945207,,28.14,True,False,False
Veo,568c643c-4f7f-5019-97d3-773c8c5a119c,scooter,39.956152,-82.945145,,28.14,True,False,False
Veo,041b2bb8-ba6c-5a4a-961c-665cd4e02230,scooter,39.946718,-82.951408,,16.39,True,False,False
Veo,4fce879a-acdd-5aad-84fb-04f9b70fc797,scooter,40.004698,-83.012096,,25.12,True,False,False
Veo,c98bb346-6889-57fb-b2a1-87cbd733bca9,scooter,39.956113,-82.945233,,14.17,True,False,False
Veo,381b52b0-1728-5f5f-981c-010320c897ab,scooter,40.034912,-82.956277,,4.92,True,False,False
Veo,67a80ee5-f062-5d3a-af28-9c799faff4e0,bicycle,39.950345,-82.955046,,14.17,True,False,False
Veo,6f885e66-5e6d-5dfe-a1ac-8bf66f5c8e52,bicycle,39.986188,-83.004221,,25.74,True,False,False
Veo,7fcd5f0c-9bf3-5379-969f-e15c0cab74ed,scooter,40.003275,-83.003057,,14.17,True,False,False
Veo,e963c8c6-288e-5306-9494-0ac641bfb74d,scooter,40.014851,-82.982457,,21.15,True,False,False
Veo,9c011e39-7961-5a06-be46-0b67cca4c992,scooter,39.951649,-82.999946,,22.7,True,False,False
Veo,951c76fa-7c96-5d56-9c41-8305862d4d82,scooter,39.964983,-82.984823,,28.14,True,False,False
Veo,154f5e83-0b3b-56af-b1d1-446b7643f1b6,scooter,39.979239,-83.014454,,14.86,True,False,False
Veo,e80a9209-16fd-516c-b5af-32fed5190e38,scooter,39.998438,-83.03093,,22.7,True,False,False
Veo,f6122e69-3676-538e-9fef-2006d05a5cfe,scooter,39.982915,-83.019959,,25.65,True,False,False
Veo,c795846c-2910-51f2-b2ff-b7108eff0ca0,scooter,39.9939,-83.004587,,28.14,True,False,False
Veo,b03f7110-c25d-5cbf-befd-1a358c987291,scooter,39.973352,-83.004547,,14.86,True,False,False
Veo,163ea088-b07d-5002-ace7-c6eca7515c17,bicycle,39.923694,-82.972157,,22.7,True,False,False
Veo,d18ccd2a-cdd7-5217-817f-18ea695689f0,scooter,39.946388,-82.958816,,11.83,True,False,False
Veo,03d95ca5-7be6-5d6d-a5b7-259479ce817a,scooter,39.962032,-83.002702,,9.29,True,False,False
Veo,cceec38d-50c3-5450-bb08-d707069c63df,scooter,40.004241,-83.007405,,25.74,True,False,False
Veo,c0f192a5-0d1d-5bca-9cc1-d82640c3dbd6,scooter,39.963032,-83.002655,,17.89,True,False,False
Veo,18641184-731d-59ad-85e8-9ede40e9754e,scooter,39.965499,-83.005701,,28.01,True,False,False
Veo,0f8dbb31-80e9-58b6-86d0-afd7d68a8ed1,scooter,39.979971,-82.995624,,6.67,True,False,False
Veo,3cc5ab32-c1f9-5e08-9f3f-3f03ef164e82,scooter,40.139145,-83.120376,,25.12,True,False,False
Veo,4d7df0cb-ab14-5ba9-a92b-292df7ca4476,scooter,39.938471,-82.968931,,28.14,True,False,False
Veo,134923e1-4cab-543b-9857-4fe473fd6aad,scooter,40.116705,-83.11194,,28.14,True,False,False
Veo,c97c475b-43e2-526c-a03c-74e14bccb227,scooter,40.02533,-83.007521,,28.14,False,True,False
Veo,e4b6f4eb-f1a2-5e7e-a684-1c9a1865f2d7,scooter,39.980114,-83.004825,,13.86,True,False,False
Veo,1a68e7c2-93c1-52c3-b05e-8deb88521033,scooter,39.983645,-83.004993,,12.07,True,False,False
Veo,0f9571cd-7428-5e6f-8e77-a6e20a7e28ea,scooter,40.00512,-83.02687,,23.77,True,False,False
Veo,6fdef769-edd7-50db-ba3b-52b1cdb11536,scooter,40.013805,-83.008507,,25.65,True,False,False
Veo,4856bb18-605f-51c3-ba94-58def4f2d1f0,scooter,39.994749,-83.006908,,23.33,True,False,False
Veo,528bdc9f-abf0-58ca-baef-e42ca56cf1e6,scooter,39.978895,-83.003571,,28.14,True,False,False
Veo,77ae7bcf-b59f-522f-85de-15e6611affff,scooter,39.949643,-83.026495,,13.64,True,False,False
Veo,ba1a477b-c55a-57fa-b300-804e1976d25c,scooter,39.912768,-82.991055,,28.01,True,False,False
Veo,71c86d1e-c0e0-5131-8138-dbebb6056596,scooter,40.013473,-82.986912,,20.78,True,False,False
Veo,8218aae8-91a6-5fc0-b958-f305cefc97b7,scooter,40.0128,-82.977008,,15.18,True,False,False
Veo,dc64663c-daa0-5551-b946-29e594f9a8db,scooter,40.000139,-83.021363,,27.77,True,False,False
Veo,011f1d99-e3a2-5dbd-9aa1-dda397dc6e76,scooter,39.970884,-83.004566,,25.74,True,False,False
Veo,bace8bcf-9671-5a0c-b91a-bdcf77abb780,scooter,40.006593,-83.027853,,26.78,True,False,False
Veo,50017305-62cb-5d61-85d1-0747f38b0acf,scooter,40.006471,-82.983955,,16.39,True,False,False
Veo,21b6a351-f53d-5baa-b97d-ebad2afeeb8e,scooter,39.959408,-83.002813,,24.84,True,False,False
Veo,2ee9ef2e-3e4a-5cb2-9740-fdd4a25402bd,scooter,40.003935,-83.01395,,28.14,True,False,False
Veo,cecdb6cd-d006-553c-a9b7-a1d731f792be,scooter,39.97846,-82.997647,,13.1,True,False,False
Veo,65b0d213-e94d-5cee-ad62-54f42707a446,scooter,40.005118,-83.011458,,21.77,True,False,False
Veo,5afee1ed-f367-5095-852c-dc5f1ab9052d,scooter,39.97908,-83.002418,,25.74,True,False,False
Veo,5a45a265-8b04-53d8-ae4e-c677b91d1df9,scooter,39.954874,-83.0114,,28.14,True,False,False
Veo,e15b6168-7113-5dc4-9473-dbe70f734e88,scooter,39.956487,-82.997237,,24.84,True,False,False
Veo,ec5134d0-abc5-531c-bbea-fe2cdd239847,scooter,39.960631,-82.98454,,26.51,True,False,False
Veo,b4e0f506-4d59-5382-bdd3-bfabe839ef44,scooter,39.943759,-83.074447,,28.14,True,False,False
Veo,1b11443b-bd2f-5e77-844c-90277ac57626,scooter,39.952666,-82.994326,,18.19,True,False,False
Veo,3b4e8067-a43a-565a-8583-d7db519097fd,scooter,40.111497,-83.121298,,22.7,True,False,False
Veo,bdc28e1a-71e6-5243-9d14-4a91a5238885,scooter,40.009889,-83.007353,,22.39,True,False,False
Veo,e59c5b34-988c-5535-8626-a996eec839ee,bicycle,39.926157,-82.965814,,25.65,True,False,False
Veo,9970105e-5690-5f8f-acad-56ebd5804692,scooter,39.95519,-83.079893,,23.33,True,False,False
Veo,fa1c6e15-4b78-5af9-a63a-f4ec8177db2d,scooter,39.997147,-83.044997,,24.33,True,False,False
Veo,c261cf0c-fe85-5ab7-b8c1-ecd609445bdb,scooter,39.967362,-83.015628,,11.59,True,False,False
Veo,f1ad440e-6e09-57b8-b1fb-bef12a2ee138,bicycle,39.982737,-83.004664,,18.19,True,False,False
Veo,b77406ce-2900-5e83-960f-7caeca9638b3,scooter,39.978566,-83.005082,,25.34,True,False,False
Veo,b427bbdc-1d26-58a8-9322-c2c8ec7698ce,scooter,39.964548,-82.980827,,14.43,True,False,False
Veo,ccd395e3-f630-5177-a519-d7c6d42e20e5,scooter,39.962892,-83.002884,,24.33,True,False,False
Veo,ca3bd099-1be0-5df0-b2c7-ddb2f196df47,bicycle,39.993967,-82.985877,,28.14,True,False,False
Veo,3e77ba81-78b9-5dbb-9aa8-2e3dfc5a0403,bicycle,39.937,-82.949127,,21.49,True,False,False
Veo,1fa167a4-125b-5ea1-b835-dedf8f46804b,scooter,39.980241,-83.009294,,25.34,True,False,False
Veo,1c8967f5-5d42-58e8-a2a8-f076c9eb76c1,scooter,39.993848,-83.014371,,15.45,True,False,False
Veo,6266c9e1-1e1b-580c-b7dd-bbfd15d13860,scooter,39.950783,-82.978435,,24.06,True,False,False
Veo,45b08e21-81b7-5faa-a141-a6bbf5de1124,scooter,40.013648,-83.011247,,13.1,True,False,False
Veo,b2ded199-45c7-50ea-ba11-53a85320c8c9,scooter,39.968963,-83.001038,,9.02,True,False,False
Veo,34959609-fb77-5956-a3b9-9e9efc8ada89,scooter,39.999671,-83.021382,,25.34,True,False,False
Veo,9a738e24-0f72-5148-8455-ceb410e27f24,scooter,39.967591,-83.013399,,13.64,True,False,False
Veo,16b32eff-e762-5a96-9880-fb1afe0c89c1,scooter,39.967931,-83.00313,,27.77,True,False,False
Veo,e0e8212d-3000-59c6-887c-2659b1aa68b5,scooter,39.962535,-82.998454,,25.94,True,False,False
Veo,0c1919ed-0bed-597b-96cd-3beaa48a322d,scooter,39.96795,-82.949547,,28.14,True,False,False
Veo,7c021f2c-1de2-5840-8040-ac15a14cba3e,scooter,40.003133,-82.998408,,28.14,True,False,False
Veo,1a38001c-2270-5856-a519-95b8bacb9c18,scooter,39.999651,-83.021409,,26.78,True,False,False
Veo,76827d35-405d-5dbd-ac46-1a2c056ee818,scooter,39.951387,-83.091879,,25.12,True,False,False
Veo,3496635d-b52d-505b-a2f1-53cdcd3ddb02,scooter,40.013572,-83.029199,,2.09,True,False,False
Veo,d83ef798-4a34-5f90-95db-5831290c08ec,scooter,39.954656,-83.072826,,2.12,True,False,False
Veo,704f6f32-0866-5bf4-b3e1-64876308b2c4,scooter,40.100771,-83.115023,,12.63,True,False,False
Veo,4130adb6-9fa7-5a14-a9c9-7012ca5ba9ed,scooter,40.02515,-82.980644,,10.51,True,False,False
Veo,9ae655e8-af2e-5cac-a419-10086129604d,scooter,39.948217,-83.0282,,28.14,True,False,False
Veo,84fb605c-c07d-57df-8f93-6f4cac29480c,scooter,39.958607,-83.002603,,5.68,True,False,False
Veo,b933bad6-5bbd-5eb7-bd50-491ed0e9b455,scooter,39.972174,-83.002567,,9.65,True,False,False
Veo,06308556-1794-5e85-85bc-fe30596d1fae,scooter,39.980026,-83.005809,,23.02,True,False,False
Veo,a410d412-bc63-5d03-ab8f-4efd945ebd41,scooter,39.970344,-83.002347,,24.06,True,False,False
Veo,6528da06-2bd4-5672-a356-40b25a93984d,scooter,39.972568,-83.005033,,25.94,True,False,False
Veo,c6d75068-d06a-51b1-bf56-58ccaf7344b1,scooter,39.956032,-83.053639,,25.65,True,False,False
Veo,186501ec-8bb3-59f7-90b9-12a10cbe9f58,scooter,39.963253,-82.953309,,19.78,True,False,False
Veo,58875082-dd1c-5721-ab21-a69ba1332cd5,scooter,39.993044,-83.025461,,27.44,True,False,False
Veo,d510c29f-0f24-5c1a-bc93-a1d1b69ec310,scooter,39.944454,-82.989676,,11.11,True,False,False
Veo,020712c8-c98f-52ff-98d5-d86ec5ecfb50,scooter,39.999808,-83.005968,,15.45,True,False,False
Veo,54e98304-77ef-5515-9539-7f025ea28b92,scooter,40.004796,-83.013369,,16.84,True,False,False
Veo,183eec49-d052-58c0-af6e-244d07b06e9b,scooter,40.022079,-83.026568,,14.61,True,False,False
Veo,8ae873e0-6216-5201-ac71-3b96df22bb53,scooter,39.969347,-83.010075,,20.37,True,False,False
Veo,006919cb-b06e-5192-b82a-04f9c896856d,scooter,39.936112,-82.956654,,27.77,True,False,False
Veo,a279c4c9-7c71-5be3-a6e6-5d57f2b3a7db,scooter,39.983895,-83.00361,,27.77,True,False,False
Veo,f23e2aa4-38d5-5954-a810-2c6158c50084,scooter,39.97166,-83.00241,,14.86,True,False,False
Veo,3cc72ae8-fe7c-5a47-aaf1-2e092e3a1c21,scooter,39.978865,-83.003627,,24.84,True,False,False
Veo,472d5076-6efe-52f4-b32b-426f602677b9,scooter,40.032664,-82.991038,,14.43,True,False,False
Veo,8bdbddab-d337-54c8-beee-d8ebe1ef60f5,scooter,39.95003,-83.001001,,28.14,False,True,False
Veo,ec764ed2-157b-5d8b-aef6-422cc294502b,scooter,39.967825,-83.046696,,28.01,True,False,False
Veo,a939f3f0-54c9-57ae-b8e8-4632f19ad2cc,scooter,39.95642,-83.011077,,9.29,True,False,False
Veo,c9fa6245-d4f0-505b-a928-07a3e3adb89f,scooter,39.996237,-83.005026,,16.84,True,False,False
Veo,4c4af42a-c6d2-5240-92f0-314ab138a22e,scooter,39.997062,-83.007553,,28.14,True,False,False
Veo,f16ed541-f37b-542e-83d4-f09509215693,scooter,39.993952,-83.004583,,19.78,True,False,False
Veo,f8a1f510-dbbc-56d3-b59b-c57864587822,scooter,39.963113,-83.004302,,24.06,True,False,False
Veo,9435365b-ce3e-58ce-8e8c-924007ecf0a0,scooter,39.994713,-83.006304,,9.97,True,False,False
Veo,538d854f-a559-51dc-97e5-da07ab028844,scooter,39.995287,-83.006972,,24.84,False,False,True
Veo,ccef58b2-3792-5770-ba06-793d504ab439,scooter,39.92848,-82.981391,,19.39,True,False,False
Veo,58ff6592-a2e7-5f65-bdb0-7b0cd0ce108d,scooter,40.102237,-83.114288,,19.39,True,False,False
Veo,81805f10-1979-508b-81d8-f2c69c83b469,scooter,39.951888,-82.996853,,19.05,True,False,False
Veo,1b8607fb-c5d8-56ac-a0a0-33510380629d,scooter,39.98014,-82.998353,,28.14,True,False,False
Veo,848142e4-b91c-58d9-a748-3facf928ff60,scooter,39.96794,-83.012301,,28.14,True,False,False
Veo,c75b5435-d7ae-5afc-8b17-b06f90802401,scooter,39.950089,-83.000198,,26.78,True,False,False
Veo,c4398d2f-b4f4-5403-a697-627573768ede,scooter,39.962185,-83.004208,,20.78,True,False,False
Veo,a825c63e-8385-587c-8537-6bf36901b8ff,scooter,39.968726,-83.00443,,28.14,True,False,False
Veo,be74621c-9a27-56d5-904b-13fac44050e2,scooter,39.965452,-82.990991,,24.06,True,False,False
Veo,6f78864d-8526-530f-bd83-9283c8334ccc,scooter,39.97563,-83.003034,,24.06,True,False,False
Veo,d12668cd-88f5-5b4d-aa31-d60aa091cfce,bicycle,39.987141,-82.99959,,27.77,True,False,False
Veo,7bfe602b-6b0f-5b8b-bad6-b3f6ac8b3b69,scooter,39.963112,-83.004234,,28.14,True,False,False
Veo,a1384329-de4c-5dbb-840b-4e001a3d757b,scooter,39.958473,-83.008437,,25.74,True,False,False
Veo,f6ed5f56-d65b-5022-8c28-29ba5184e3fc,scooter,39.962232,-83.0042,,28.14,True,False,False
Veo,d6b5f1a2-8dce-50cf-bddf-f9be8c586c47,scooter,39.974324,-83.019623,,28.01,True,False,False
Veo,6db2e903-3d7b-55b2-94f8-c9c858976732,scooter,39.955734,-82.945284,,12.63,True,False,False
Veo,583c5c8f-81b6-555d-a57a-e1d34e79194e,scooter,40.016666,-82.981408,,14.61,True,False,False
Veo,c41e2f57-0c4c-5f0b-a06a-79e5b9269b04,scooter,39.957555,-83.011801,,28.14,True,False,False
Veo,d7a4ac70-becd-5393-a114-38e38394d8a8,scooter,39.968516,-83.001777,,28.01,True,False,False
Veo,727627d4-746f-5ec5-854b-37b932783ae7,scooter,40.035047,-83.003753,,28.14,True,False,False
Veo,58068fd4-5b89-5bd3-a9d7-81044bf4deb3,scooter,39.964205,-82.99557,,27.02,True,False,False
Veo,3ce2fc3f-dee2-5542-9b76-3984964ffd7c,bicycle,39.963375,-83.014767,,28.14,True,False,False
Veo,c0c6ed2d-28da-544d-addd-297501a0cd85,bicycle,40.038839,-82.983502,,21.15,True,False,False
Veo,3ecddda4-eff6-51e4-88a2-82031ebe3534,bicycle,39.945399,-82.989856,,25.12,True,False,False
Veo,0d589934-0b5c-518c-a959-6634faaf4644,scooter,39.963214,-82.981366,,27.02,True,False,False
Veo,dcac2b3d-7078-55f7-b6b6-b5db2b03d12c,bicycle,39.966055,-82.992228,,28.14,True,False,False
Veo,16eab108-b97b-5c21-a475-0c69c5c333bf,bicycle,39.957305,-83.013329,,28.14,True,False,False
Veo,bc8bf716-56f9-5d09-baa1-96ad211b0270,scooter,39.944564,-82.98971,,28.14,True,False,False
Veo,3984b43e-d244-5dfd-9f7b-596ccc0aafc9,bicycle,40.095873,-82.961043,,2.12,True,False,False
Veo,b7fbf376-8629-514c-9128-022aa82b8b81,bicycle,40.02132,-83.005702,,27.77,True,False,False
Veo,30c9f70f-ad4a-54f6-9f4c-0e61f1b0c363,bicycle,39.934058,-82.954372,,12.63,True,False,False
Veo,4f0c5aeb-ce59-51f5-9a49-bc89e1150e86,bicycle,39.958546,-83.014643,,28.14,True,False,False
Veo,c8816c56-cbad-5a62-8b15-81b75bb44f0a,bicycle,39.95246,-83.053272,,13.64,True,False,False
Veo,21fca86c-f3ff-573e-93d5-4e5176017bc6,bicycle,39.930518,-82.977953,,25.65,True,False,False
Veo,ea81129f-c403-5891-b6bb-53750934ddcd,scooter,39.962991,-83.004194,,28.14,True,False,False
Veo,b0afb4ef-39bd-5096-ba9d-2633f8b3d42c,scooter,40.003147,-82.998414,,12.52,True,False,False
Veo,72133564-9148-5b04-be5b-ac39ec6ab7a3,scooter,39.991043,-83.017088,,24.84,True,False,False
Veo,72abbc3d-c679-504e-ac6f-1181fe5d2b9a,scooter,40.01434,-83.01051,,25.65,True,False,False
Veo,9debd5fd-5646-51a8-aada-a1e4b2dcc443,scooter,39.956299,-82.987308,,28.14,True,False,False
Veo,33b59b01-e18c-5d81-9f0f-f91f4f4a9e5d,bicycle,39.994566,-82.923263,,21.49,True,False,False
Veo,192de4e9-6c7a-5da4-ac1a-f1fa6630a812,scooter,40.005354,-83.036009,,23.02,True,False,False
Veo,973beaa8-bdc5-5411-99ea-34689a3bd8c7,scooter,40.101453,-83.114282,,20.05,True,False,False
Veo,e4ec2c42-2bd1-58d2-b7ea-5edbb487263c,scooter,39.983107,-82.998917,,28.14,True,False,False
Veo,03687b3c-6a70-5d54-a926-22b4ecd2de1e,scooter,40.103884,-83.108827,,28.01,True,False,False
Veo,3c0c89a4-9b5a-5fbf-930c-8c4438b32f6b,scooter,39.9631,-83.004216,,22.7,True,False,False
Veo,2e5583e2-cd57-50da-950b-9547d9b4594c,scooter,39.973777,-83.010574,,15.18,True,False,False
Veo,615e902e-2c95-5329-b4dc-4e9176d5ac70,scooter,39.962202,-83.001312,,20.05,True,False,False
Veo,540062db-11b7-59b0-97a3-d4150ea1c82e,scooter,40.006249,-82.997041,,24.06,True,False,False
Veo,c52e766a-52e0-5f24-99b0-f243afafa0b8,scooter,39.985112,-83.016123,,15.18,True,False,False
Veo,a6a5ddb3-134a-5b0a-8096-ee5c6475611f,scooter,39.997036,-83.007528,,24.06,True,False,False
Veo,e6e8d6cc-543e-579c-bd72-c70754d5c55d,scooter,39.982664,-82.989246,,23.77,True,False,False
Veo,c6111a9d-4de9-557f-b85a-c3e1541c6b6a,scooter,39.997036,-83.009289,,17.89,True,False,False
Veo,ba9c113b-f1c0-524c-a142-3e7c08dc1fa4,scooter,39.953321,-83.021461,,27.02,True,False,False
Veo,d82277a8-505b-53a1-b09d-aaac5d0210e9,scooter,39.9656,-82.995847,,27.44,True,False,False
Veo,1e9a265b-0492-5318-9da3-e73adc02ff58,scooter,39.963672,-83.000698,,24.33,True,False,False
Veo,479edd8d-7a0c-5300-b187-973207f7705f,scooter,39.998118,-83.01546,,28.14,True,False,False
Veo,0a979907-13ce-5d2a-a691-faefa07ec637,scooter,39.961461,-82.993882,,12.07,True,False,False
Veo,174e28f9-a93f-5301-a559-b9cf0548aa02,scooter,39.99628,-83.006352,,27.77,True,False,False
Veo,257ab33b-1f7c-5ed9-bb66-addce47947d9,scooter,39.968134,-83.008651,,23.02,True,False,False
Veo,4e5c4cec-52d9-52c5-aaf0-21d03ba0ebf3,scooter,40.005215,-83.016591,,17.89,True,False,False
Veo,a5b55a99-199d-57fa-a9ca-804a97fb9ea1,scooter,39.95887,-82.999815,,24.33,True,False,False
Veo,5421daa9-6c3c-5a56-a84f-2af1b563c574,scooter,40.004154,-83.008615,,12.28,True,False,False
Veo,84e7d7d2-322d-5d6a-ab81-16fa9fd48fb8,bicycle,39.958012,-83.013042,,26.78,True,False,False
Veo,4e93b0d3-9b86-528b-8582-1c9006a58bd6,scooter,39.968808,-83.003724,,15.89,True,False,False
Veo,8a24aebc-7a0a-5ea8-b26c-c6b01b826f5f,scooter,39.955976,-83.001189,,14.86,True,False,False
Veo,09a85fd7-9462-5cb9-a6c5-dc437e451b4a,scooter,39.995331,-83.00862,,21.77,True,False,False
Veo,e586a252-ab9f-5788-bd83-e22101263709,scooter,39.96219,-83.004194,,27.02,True,False,False
Veo,24ccfcb2-68f2-5d59-8ad1-9cd455fe2fd2,scooter,39.991575,-82.929136,,19.05,True,False,False
Veo,9f7f8422-3eac-577a-bbb5-ba063695a451,scooter,39.972138,-82.980845,,28.14,True,False,False
Veo,a6fcb3f1-73bb-545c-bc8d-3054ac1664a2,scooter,39.956144,-82.945099,,27.44,True,False,False
Veo,9b615d1d-cfb1-51db-b938-a48955e83436,scooter,40.003609,-83.031957,,28.14,True,False,False
Veo,83a63ca6-3384-5143-8d08-b4b27fd5f513,scooter,40.023145,-82.959727,,19.05,True,False,False
Veo,8fe89e42-b1bf-563b-9c3e-bd5f24a8ad99,scooter,39.97861,-83.002254,,28.14,True,False,False
Veo,e3d2864a-8947-5f5c-a6da-a2e10e90ad22,scooter,39.938311,-83.014643,,27.44,True,False,False
Veo,9d909ddf-13fd-54f1-8d1c-2c06cd14b3f2,scooter,39.96468,-82.991418,,28.14,True,False,False
Veo,7294b5b4-14d9-5e9b-9614-12e66dd14307,scooter,39.976718,-83.000117,,25.65,True,False,False
Veo,27bd4bac-9aba-51fe-aa5d-6ed0c5819f12,scooter,39.976836,-83.003362,,17.89,True,False,False
Veo,dd11d9ba-8a42-5230-8d3e-802aab0e0e3b,scooter,39.949377,-82.99545,,13.39,True,False,False
Veo,71776a64-a380-5414-a054-c03f1e20ef56,scooter,39.968966,-83.003784,,15.89,True,False,False
Veo,642aca9b-ac96-55c4-84fd-c1d0703b5c26,scooter,39.996941,-83.007402,,22.39,True,False,False
Veo,4a34a141-6f72-58e6-83c6-c5c952086348,scooter,39.979654,-82.994478,,14.61,True,False,False
Veo,07973ae4-c6cf-50e7-9055-5e1bd99094b7,scooter,39.98755,-83.019093,,11.11,True,False,False
Veo,35b610b8-e65b-52d9-972d-cb6edcfdde93,scooter,39.966257,-83.002472,,28.01,True,False,False
Veo,98cb39ae-0e5f-5264-ae35-d75b0950aed8,scooter,39.985212,-83.005471,,9.65,True,False,False
Veo,bec44625-67d2-5b2f-a885-df4b6fd7568a,scooter,39.965954,-83.001456,,14.17,True,False,False
Veo,7c83e7c0-1d8a-52a1-8eb1-284921b70244,scooter,39.97406,-82.958605,,28.14,True,False,False
Veo,bf225434-fbf9-5540-82c6-70353c98819f,scooter,39.962005,-83.002695,,25.74,True,False,False
Veo,b534fc50-dbe3-54a2-b7ca-2a116ba88a42,scooter,40.000763,-82.986378,,17.37,True,False,False
Veo,828a63cf-1164-557d-af01-f4adb6ff5774,scooter,39.963062,-83.004187,,28.14,True,False,False
Veo,69e098c2-ad6a-52c3-a05b-bca11f35f183,scooter,39.992094,-83.002849,,24.84,True,False,False
Veo,4af38faa-1fc8-529b-a4e3-99e6cc0cfea0,scooter,39.971208,-83.009642,,28.14,True,False,False
Veo,43dfb97f-97ac-5118-9415-133b4fdaf951,scooter,39.934464,-82.988569,,11.83,True,False,False
Veo,3954a6c5-1e4b-58eb-b091-cd57419ce16b,scooter,40.008157,-83.011082,,28.01,True,False,False
Veo,bcf2e03a-7b07-5dfc-b89d-1fed7a5b4541,scooter,39.973437,-83.004334,,15.89,True,False,False
Veo,229d9882-8f6c-5eae-9e79-480f3f01e5f4,scooter,40.004662,-82.999601,,24.06,True,False,False
Veo,7e8d8ae9-5e4e-59ba-86bd-6f3e6e2742ad,scooter,40.015509,-83.026074,,19.05,True,False,False
Veo,5ecabed9-fe1d-53f2-a887-53b2a6eba4cf,scooter,39.943234,-82.996607,,28.14,True,False,False
Veo,25e5081e-4251-56c3-9306-b2eed383a432,scooter,39.994085,-83.018863,,12.28,True,False,False
Veo,7e4c7b57-4e0d-5d3f-8a9e-046cd096fe7f,scooter,39.986898,-83.009436,,23.02,True,False,False
Veo,c8c4294a-9a1e-50dc-a09c-bcf04824378f,scooter,39.964778,-83.00193,,13.86,True,False,False
Veo,4aa19a82-f0a3-5653-ada4-fdc81ba5e62b,scooter,39.970351,-83.002458,,18.67,True,False,False
Veo,4f692104-d995-5781-8ced-3420958880c8,scooter,39.950133,-83.0002,,28.14,True,False,False
Veo,b96bcd6f-15e6-570b-9b0e-4036dc358c55,scooter,39.990296,-83.00795,,23.33,True,False,False
Veo,bb23ffd0-f177-5e8e-96a4-c1944bc8a66e,scooter,40.023274,-82.982064,,26.51,True,False,False
Veo,dc40ee09-99ff-54ac-aafa-e105b014bc9e,scooter,39.998391,-82.99656,,28.14,True,False,False
Veo,dd083a52-d7b5-5ca5-928e-52c1204a077f,scooter,39.941999,-82.994916,,13.1,True,False,False
Veo,50fdc527-c2c3-578d-9110-00037509efb8,scooter,39.96325,-82.98134,,25.74,True,False,False
Veo,c70ab13f-5e11-5417-b41a-b34cb27d775f,scooter,39.967898,-83.012406,,7.62,True,False,False
Veo,feb9c7d1-8d0b-5f79-8dc0-e8c9d5fd4dc4,scooter,40.011182,-83.010599,,20.05,True,False,False
Veo,9b76205e-7a8c-52a9-9d0c-f876d5de431e,scooter,39.980961,-83.003111,,14.43,True,False,False
Veo,0603cebe-3774-5b8b-8b5d-4f24222280b8,scooter,39.967954,-82.949569,,25.74,True,False,False
Veo,d8b0fcef-4cc8-5fe2-8dfc-006ccfde79c2,scooter,39.958652,-83.012756,,28.14,True,False,False
Veo,f70b8763-0bfb-55e1-8755-ab4efcd6ed58,scooter,39.968483,-83.012405,,15.18,True,False,False
Veo,8c09691c-b1fa-59b1-983d-5c19b06df8fe,scooter,39.968657,-83.003636,,24.33,True,False,False
Veo,4411878f-e026-5e74-ad4c-c481f3fc5e5a,scooter,39.993953,-83.006852,,23.77,True,False,False
Veo,5875d0d5-d36b-508b-9996-7b44070425e3,scooter,39.97029,-83.00247,,28.14,True,False,False
Veo,3bd069b5-a601-583d-837b-189cb0f91b07,scooter,39.965373,-83.004112,,28.14,True,False,False
Veo,f7d1f550-90af-5ab4-b13d-c79abb2cffce,scooter,39.958529,-83.002753,,28.14,True,False,False
Veo,6bee47bd-e4c3-5eca-b0fa-504db1896d71,scooter,39.972054,-83.002208,,21.15,True,False,False
Veo,551a2d44-9880-53f7-8d4f-7e53d6e1db83,scooter,39.967667,-83.000554,,28.14,True,False,False
Veo,419a1e8d-fbbd-5593-af41-7753b63d6fd4,scooter,39.995909,-83.01344,,15.89,True,False,False
Veo,abae878f-dbe7-5153-9dcc-1ccff9bbfb07,scooter,39.970296,-83.002421,,15.45,True,False,False
Veo,ab19df04-1e25-5d2b-b85a-e76cfe540cd3,scooter,39.993545,-82.981135,,28.14,True,False,False
Veo,dd42366e-d415-52fa-8473-e40275cdd4f0,scooter,39.993934,-82.983351,,13.1,True,False,False
Veo,e37cca43-ce14-57fc-9278-289e5b4154c6,scooter,40.106233,-83.098969,,23.02,True,False,False
Veo,0487081a-5d8c-5796-b2bd-eb316f7016c2,scooter,39.993552,-82.981141,,24.84,True,False,False
Veo,0cac94d8-e095-5ea0-af59-5b379655f4fd,scooter,40.006152,-83.014648,,25.34,True,False,False
Veo,b8cf4268-fe26-5036-aba2-825bd40d6d32,scooter,40.031581,-83.010888,,15.45,True,False,False
Veo,762f3140-e8ee-558b-9099-f01eb705012c,scooter,40.017552,-83.005987,,28.14,True,False,False
Veo,04fd918d-ffd1-5c50-8477-8b2c23ec1251,scooter,39.982332,-82.942167,,6.98,True,False,False
Veo,85fff24c-5eeb-57c2-8773-b76b15eeefe8,scooter,39.959122,-82.986555,,28.14,True,False,False
Veo,f8bf9d5a-c095-511b-abeb-3b38a7bb629a,scooter,39.988146,-83.03994,,25.34,True,False,False
Veo,56f6899c-5557-5508-9c1a-eda01af939ee,scooter,40.003688,-83.019504,,22.7,True,False,False
Veo,51028222-98eb-50fe-a9a3-3c0387e5c983,scooter,40.004408,-83.023328,,8.09,True,False,False
Veo,6a43a564-0155-59b3-a6d7-71c1135f37b5,scooter,39.958356,-82.999625,,21.49,True,False,False
Veo,aacd6b47-f92f-5c28-bb96-780f3b0145ca,scooter,39.936105,-82.979929,,14.17,True,False,False
Veo,de56f456-d439-5800-b301-7d9f8af7a2dd,scooter,39.95833,-82.958227,,28.14,True,False,False
Veo,f329deb9-9420-5a33-8368-159706d6f730,scooter,39.996737,-83.004562,,13.39,True,False,False
Veo,9f0e8891-553e-5912-bd05-8e1eca316e73,scooter,40.001141,-82.987587,,5.68,True,False,False
Veo,7ff31304-cbdf-5afd-9764-83df4f7fbc81,scooter,39.946884,-82.960391,,28.14,True,False,False
Veo,d5217f68-3d93-5ae9-8290-f322f283ea89,scooter,40.003146,-82.998447,,26.78,True,False,False
Veo,09afe437-6e6f-5fe5-9693-997c04ef0efe,scooter,39.967918,-83.00375,,25.34,True,False,False
Veo,bf09dd41-f7b1-5062-91a8-5cc91e47dc39,scooter,39.950158,-83.00023,,24.84,False,True,False
Veo,e362bce4-5afd-5011-ab2d-e3057aa0e24f,scooter,39.962285,-83.004305,,28.14,True,False,False
Veo,1e52a3eb-b6be-58fd-995c-0845169d99f5,scooter,40.011993,-82.968573,,20.05,True,False,False
Veo,6b8624de-0919-5cfb-a7e5-75dcc2d9bdb8,scooter,39.980111,-83.005442,,28.14,True,False,False
Veo,e64b67a9-3733-5e09-bf10-a0cdbd3cfe45,scooter,39.929308,-82.982732,,25.74,True,False,False
Veo,3ba404ac-8066-5595-bf96-2915a9420bd1,scooter,40.054956,-83.020196,,18.67,True,False,False
Veo,dbd999b2-6e55-584c-908d-c822b3fe3637,scooter,40.016909,-83.010296,,21.49,True,False,False
Veo,19dc0af3-c343-5df0-8def-1fe9f59f3a30,scooter,39.981976,-83.009044,,23.02,True,False,False
Veo,e5ad8381-10ff-5c66-bd5f-b6348a12cdce,scooter,40.096305,-83.092986,,17.89,True,False,False
Veo,ecbeda5b-7c4b-567d-8d9f-40b949670722,scooter,39.961235,-83.013516,,22.7,True,False,False
Veo,b061a609-5b42-5391-b1ea-ee3dcbdaf27e,scooter,39.99159,-83.025718,,20.05,True,False,False
Veo,408ca0c1-aa2e-5bad-8fdb-93ffba234a30,scooter,40.105748,-83.104776,,25.12,True,False,False
Veo,db15ceed-6f5b-5a7b-b48b-a33c85258d2c,scooter,40.011589,-83.005089,,28.14,True,False,False
Veo,f99dddc0-67e4-5f67-bf49-c63c56b390d5,scooter,40.005796,-83.016991,,20.05,True,False,False
Veo,0213006c-2918-55ba-b48d-c4deb83fc18e,scooter,39.945898,-82.960474,,25.74,True,False,False
Veo,095047a0-5f50-532c-a71b-19b73917b645,scooter,39.997779,-83.007134,,18.67,True,False,False
Veo,7162f25a-8cbf-56ef-aab3-7469935bde7a,scooter,40.000008,-83.004769,,10.79,True,False,False
Veo,8f0cd546-08ce-5b66-9a2c-3a17a9167256,scooter,39.953967,-83.097495,,2.79,True,False,False
Veo,387397fc-4abb-5288-a706-cb82ebb13a6a,scooter,40.000756,-82.986376,,9.02,True,False,False
Veo,7ce04b21-e749-5223-87cd-ced73b45f899,scooter,39.998732,-82.978089,,25.94,True,False,False
Veo,481dc4ea-4781-53cb-ab37-aea5c49739b7,scooter,39.969279,-83.010024,,26.78,True,False,False
Veo,a07d4352-e91e-5b56-8059-e75e494de66f,scooter,39.986976,-83.002364,,26.51,True,False,False
Veo,30263db6-ecad-59c9-b141-85c14854379c,scooter,39.984261,-83.027603,,15.18,True,False,False
Veo,0fadeec0-0c97-5c81-ae30-0df0f0fa2611,scooter,39.996839,-83.019878,,10.31,True,False,False
Veo,c09e9dba-efd6-571c-8065-e58c682d38ac,scooter,39.983963,-83.014205,,18.67,True,False,False
Veo,92e4237b-4962-5bda-be0d-9f692c85a6c7,scooter,39.972131,-82.980832,,6.07,True,False,False
Veo,2d1b78c1-137a-5b02-9989-704e0e377cf9,scooter,39.967938,-83.012311,,28.14,True,False,False
Veo,7ea7e8e0-5399-5e12-8df4-53f5909bbceb,scooter,39.970385,-83.002389,,14.17,True,False,False
Veo,05d49938-08ae-529b-8826-1db30e87f290,scooter,39.989225,-83.004532,,13.1,True,False,False
Veo,aaad2449-b58c-5c0a-a02b-23932938e879,scooter,39.991045,-83.012931,,28.01,True,False,False
Veo,35fbedd2-dca2-5a03-8913-d6cb34d5a6f9,scooter,40.029035,-82.986649,,6.67,True,False,False
Veo,dc1a30bc-a445-5222-9e6f-c9948c27f607,scooter,39.998096,-83.019776,,10.31,True,False,False
Veo,0015c203-9321-55ce-8bb0-94628bb5e9a4,scooter,40.000419,-83.022148,,24.06,True,False,False
Veo,bdfe99b1-4a27-5d44-9517-bc39092301fc,scooter,39.949461,-82.916558,,23.02,True,False,False
Veo,9d924d88-743c-5e5c-a350-f3ff0acc142f,scooter,39.950774,-82.978456,,14.43,True,False,False
Veo,3aa6de00-0ad7-512f-b369-184e232bf002,scooter,39.993971,-82.983331,,20.78,True,False,False
Veo,c89cc6ca-6b5d-5da9-a93d-bfd272bdbdaa,scooter,39.906199,-82.985871,,6.98,True,False,False
Veo,c4c361de-38e9-5757-a86b-bfd5434b1a0d,scooter,39.96323,-82.981286,,28.14,True,False,False
Veo,37ea3297-ee89-5127-a428-e698b9d96d3b,scooter,39.963132,-82.980724,,24.06,True,False,False
Veo,18092c25-befa-5e1b-93a7-dbc18b7680ad,scooter,39.987056,-82.99006,,14.61,True,False,False
Veo,73c7a633-b2d6-5c62-b8e3-88342626a0ad,scooter,39.995357,-83.015576,,28.14,True,False,False
Veo,ffe08448-e8bb-5515-bd14-dee476cb3362,scooter,39.965803,-83.001172,,28.14,True,False,False
Veo,bbb0ad27-cf4d-5fda-815b-17f520fea637,scooter,40.037452,-82.973526,,24.06,True,False,False
Veo,e909418d-b28e-5eb2-8f08-657c59568cba,scooter,40.017234,-83.001465,,26.25,False,True,False
Veo,86469b07-dbc2-55e1-a82e-d1fd95b0f85f,scooter,39.937551,-82.959703,,27.77,True,False,False
Veo,3d4c4cfb-6f3c-591a-a0a5-0e92a8aac9a5,scooter,40.101865,-83.114028,,22.7,True,False,False
Veo,1ac6ccb1-0789-518a-9f39-76e213e4fe99,scooter,40.005115,-83.008833,,14.43,True,False,False
Veo,36c2cccb-2578-5146-9dbf-6aa85288ed98,scooter,39.99394,-82.983341,,12.87,True,False,False
Veo,65da7cc6-1393-53e2-ab93-4c216d0ebb9b,scooter,39.992283,-83.015491,,13.64,True,False,False
Veo,715780af-4e53-5d3d-bedd-0a2e05271732,scooter,39.935901,-82.988839,,24.84,True,False,False
Veo,eaf83f0a-f26f-53b7-9321-e437709f9bd5,scooter,39.997072,-83.007553,,20.78,True,False,False
Veo,81508e5e-ff6e-5be2-92e5-8298e6fce8dd,scooter,39.968806,-83.003578,,23.02,True,False,False
Veo,d4d383fd-a69e-572e-be2e-90fc7e752a5c,scooter,40.005162,-83.008864,,14.86,True,False,False
Veo,855829ee-42ef-5a84-9fa2-9df3cf1292d3,scooter,40.007407,-83.016326,,22.39,True,False,False
Veo,eccb861c-4d92-5091-b328-dd4e7113fddd,scooter,39.92456,-82.936791,,23.77,True,False,False
Veo,0e054753-4143-516e-99bb-6547a9203a91,scooter,39.974577,-83.003256,,19.78,True,False,False
Veo,03adf605-a0e1-511f-90c9-051e337d65fa,scooter,39.970302,-83.002391,,28.14,True,False,False
Veo,1ebc7d04-bc5a-593d-9fa6-e37f1e2f36da,scooter,39.961027,-83.003265,,24.33,True,False,False
Veo,a011c07d-e6b2-5050-86b0-a380eb52c013,scooter,39.964846,-82.981247,,15.18,True,False,False
Veo,c9722d22-886e-5c42-a48a-61cacc85e9ce,scooter,39.959423,-83.000407,,20.78,True,False,False
Veo,02b6f7fd-4286-5fa2-a9c7-67dfbd923a44,scooter,39.95204,-82.98149,,22.7,True,False,False
Veo,bb708353-d498-5d97-ac11-eab784d59b69,scooter,39.982667,-82.990261,,26.78,True,False,False
Veo,dade5a7d-8ace-560c-8d1d-7d097f2d6c8a,scooter,39.964627,-82.988626,,22.7,True,False,False
Veo,7cb5e520-5c83-5bd4-8dbf-0065f2699ac7,scooter,39.958049,-83.006438,,25.65,True,False,False
Veo,5816e5a6-fa2b-50f1-bc03-924fb31315fd,scooter,40.003057,-83.006738,,26.78,True,False,False
Veo,104fff16-31b0-5899-8d35-7999a59393be,scooter,39.967974,-82.977123,,28.14,True,False,False
Veo,f80b9fd2-b90f-5457-b28a-e52bee122b79,scooter,40.005245,-83.006784,,7.29,True,False,False
Veo,2d295e11-caa4-5561-9cab-19165dff3b37,scooter,39.969734,-83.003676,,17.89,True,False,False
Veo,e884fa0b-299f-547c-bab7-203856418195,scooter,39.990518,-83.003622,,25.65,True,False,False
Veo,d75ab2bf-5c6b-59b7-b589-8da25e71ab43,scooter,39.924294,-83.093029,,15.89,True,False,False
Veo,6d4c4370-141d-5be0-8b41-a7ed6d7e3577,scooter,39.96219,-83.004194,,28.14,True,False,False
Veo,37f11847-033f-57ac-a12a-6521ed1dd2d3,scooter,39.970253,-83.002309,,18.19,True,False,False
Veo,6af78d30-f804-5b9b-b8da-d9bc98e52ac5,scooter,39.962987,-83.004249,,28.14,True,False,False
Veo,34981f42-bc12-5688-9afd-cf6dfde8e863,scooter,39.972059,-83.002889,,14.86,True,False,False
Veo,13a7de70-d81f-5f9b-9abc-f472226cf6fa,scooter,39.957437,-83.011479,,12.63,True,False,False
Veo,de030d42-a773-56f4-b961-c32123413d8c,scooter,39.961131,-83.010707,,23.02,True,False,False
Veo,42779549-717d-5012-9e91-70a190425519,scooter,39.995515,-83.007071,,7.62,False,False,True
Veo,d9ac639b-cbe9-59d7-b5d1-ea423afc0cdb,scooter,39.999473,-83.025789,,27.44,True,False,False
Veo,0a609c91-ae8b-5400-baae-aecf43e579ce,scooter,40.006961,-83.04785,,12.63,True,False,False
Veo,bd24d157-67cc-5fff-a82f-39c65efd052b,scooter,39.960771,-83.012633,,27.77,True,False,False
Veo,c273d205-34ed-58bb-90f0-79e1b3d8293c,scooter,39.970869,-83.045572,,16.39,True,False,False
Veo,d1207842-bdfb-5b15-a564-9083abb500a7,scooter,40.001546,-82.999262,,13.39,True,False,False
Veo,cf90b7f8-3144-54e4-9761-66729dcd0af4,scooter,39.962218,-83.004203,,24.06,True,False,False
Veo,f2b224de-432c-5712-9b63-66a23443361e,scooter,39.971403,-82.966001,,28.01,True,False,False
Veo,c88bb2b0-6c66-5530-9b11-26b2ee03aaee,scooter,39.943763,-82.99427,,7.62,True,False,False
Veo,80cff4cf-0404-5619-95b6-e52b80305838,scooter,39.98278,-83.004746,,28.01,True,False,False
Veo,ca251f11-f4f9-5ce6-8ad6-7b9600b56835,scooter,39.963256,-82.953276,,28.14,True,False,False
Veo,7d4f80f4-2abf-5fea-bf93-0bbc124c22b3,scooter,39.997019,-83.013975,,28.14,True,False,False
Veo,e92f97fe-b712-5367-983b-9d4edd8872af,scooter,39.986906,-83.009406,,14.61,True,False,False
Veo,e9a53c2a-f64e-5750-9a01-bf0a31251dd1,scooter,39.963096,-83.004291,,28.14,True,False,False
Veo,ccaa3ac6-fd9e-5db5-a109-8ecc8c149507,scooter,39.993555,-82.981118,,28.14,True,False,False
Veo,e1698967-3d3c-5aea-99be-c2e9a763d462,scooter,39.963547,-82.996563,,24.06,True,False,False
Veo,9c10b40c-758d-5c9b-bcdc-d39783d5f84b,scooter,40.074618,-83.092804,,25.12,True,False,False
Veo,342a45b6-ebeb-505f-bd9e-03057e593bdd,scooter,39.942041,-82.995012,,28.14,True,False,False
Veo,8436d922-fd08-5014-b91b-7d5c41af3ef0,scooter,40.100048,-83.114726,,11.11,True,False,False
Veo,9d1df75b-6091-5680-87d0-3d3aa5cfa664,scooter,40.004016,-83.010801,,22.7,True,False,False
Veo,d5bbe6b1-0b70-5b1f-993d-776bb06ca748,scooter,39.950814,-83.002566,,20.37,True,False,False
Veo,3ffb3d06-8f8f-56ff-8ae4-ec1e6d86a196,scooter,40.010779,-83.006047,,13.1,True,False,False
Veo,6b24f3d7-b68f-503f-a2a1-fc8c20596efa,scooter,39.958256,-83.033826,,10.51,True,False,False
Veo,7ac08b7b-9709-590b-ad4a-072088eb50e1,scooter,39.978794,-83.004065,,16.39,True,False,False
Veo,66f75f46-1c9c-5148-94a0-8d90a3d66b29,scooter,39.974414,-83.014538,,25.65,True,False,False
Veo,af318b41-24df-505d-80de-a6b55f836c05,scooter,40.002945,-83.005818,,9.29,True,False,False
Veo,4725a5e3-c8c5-5fd6-b7a0-66c9b8fc6ffa,scooter,39.980814,-83.005539,,13.39,True,False,False
Veo,bf0d895b-3e1c-5833-8dd6-2a563deb65ec,scooter,39.950166,-83.00021,,28.14,True,False,False
Veo,f4b90d7e-8c35-500a-8bb7-af87933a631b,scooter,39.961425,-82.993918,,15.89,True,False,False
Veo,939393df-59b1-5874-acb5-925afc7314c0,scooter,39.999856,-83.006176,,22.39,True,False,False
Veo,67015c8a-7d62-5799-8f1c-bc47610eb351,scooter,39.968952,-83.003751,,24.33,True,False,False
Veo,7611829f-b099-5945-9672-32c47a727e22,scooter,39.966284,-82.992874,,25.12,True,False,False
Veo,100a0943-2c31-5afe-95d2-18837ffa220d,scooter,39.949454,-82.967255,,25.34,True,False,False
Veo,104ef911-3c65-5cd6-95ab-7f456cc295e1,scooter,39.961469,-82.993895,,28.14,True,False,False
Veo,e2b9c17c-fc15-5aff-ba61-84260e7b4068,scooter,39.966193,-82.992833,,9.97,True,False,False
Veo,8b732517-04f7-5a5a-81f8-50ace7cc556f,scooter,39.961763,-82.96852,,7.29,True,False,False
Veo,20d18525-1812-58e5-8ad8-ea95f3a2ce7c,scooter,39.972526,-83.006877,,6.07,True,False,False
Veo,3b7a447c-dd90-50f7-8aad-3d48d7ce63de,scooter,39.996314,-83.009258,,28.14,True,False,False
Veo,5209e7fb-d5cf-5f8e-9a7b-83007ad03be7,scooter,39.957972,-82.998879,,25.94,True,False,False
Veo,123c7ddc-c5fd-5edf-85db-b5775d6a4b01,scooter,39.958675,-83.001289,,28.01,True,False,False
Veo,799b4fac-b651-58c9-aeaf-65cc0871bec4,scooter,39.963774,-83.000761,,13.86,True,False,False
Veo,f00eec25-feea-57bc-80d0-c92d096e3099,scooter,39.957659,-82.99936,,28.14,True,False,False
Veo,12bc48bf-945d-5277-8c73-979e0a9db81c,scooter,39.964945,-82.984839,,10.31,True,False,False
Veo,6e3dcd6e-d56f-5d91-a1e0-a9aab82ccf13,scooter,39.964933,-82.964683,,9.02,True,False,False
Veo,ccd666ff-dd11-5ba5-8da4-3ba6499779b7,scooter,39.887624,-82.968057,,11.11,True,False,False
Veo,f24a4204-e282-59d5-968d-c5da71c93a67,scooter,39.968777,-82.980044,,28.14,True,False,False
Veo,8fcb0957-d39e-5f9f-8521-6bb372aa07d0,scooter,39.968954,-83.003864,,28.14,True,False,False
Veo,70e0b191-dd6c-570b-b323-f7df4161f715,scooter,39.999628,-83.021502,,10.79,True,False,False
Veo,f3fdea4f-2f01-5499-aec1-c4cdfc8faf8d,scooter,39.954639,-82.999313,,25.12,True,False,False
Veo,9e6a1806-6b17-5496-a03e-e76071e22ce5,scooter,39.955158,-83.019642,,21.15,True,False,False
Veo,f3c65685-3eab-5ed4-967a-35a04eff11e9,scooter,39.935989,-82.976118,,25.94,True,False,False
Veo,d223c290-f0ed-53d0-b7d5-976ed8472b5f,scooter,39.954833,-83.011369,,27.77,True,False,False
Veo,00b2573b-e442-5a0d-a52d-05a758df7d94,scooter,39.975265,-82.982657,,25.94,True,False,False
Veo,3e9a9a19-acb4-59cb-929e-e07a312c5ac7,scooter,39.985793,-82.995566,,18.67,True,False,False
Veo,718869e2-7f06-5d6c-8a25-527ce1a8a4a2,scooter,40.105773,-83.104792,,24.33,True,False,False
Veo,84dfc2c8-8cae-547e-9c75-6954fe9088ba,scooter,39.966179,-83.001262,,28.14,True,False,False
Veo,bebc54b3-d21b-5982-93e0-295c6ad855b8,scooter,39.984538,-83.027824,,21.77,True,False,False
Veo,cdd56c31-a60b-5eaf-bbea-07ebbd3a008b,scooter,40.001973,-83.001166,,10.31,True,False,False
Veo,c38cb7f0-cd67-5c06-ba90-cc00f7e7cb20,scooter,39.99393,-82.983356,,11.11,True,False,False
Veo,c740ac38-3e84-5f36-94a6-55f97db6ab6b,scooter,40.001819,-83.010443,,14.43,True,False,False
Veo,4a0003d0-564b-51f0-8118-e5eedb702bf9,scooter,39.978855,-83.004031,,12.07,True,False,False
Veo,19e93f03-db97-5546-8ce3-f8005d09858e,scooter,39.943158,-82.996524,,17.89,True,False,False
Veo,c9098855-a626-5096-b5e2-e8dfc14f99fd,scooter,39.993936,-82.983355,,28.14,True,False,False
Veo,e3798fc0-3d6c-52c6-87a4-0c6b0be9afc2,scooter,39.996089,-83.020716,,12.63,True,False,False
Veo,7f62bc06-8b5c-515d-ac12-7c93902eeb59,scooter,39.963731,-83.000727,,28.14,True,False,False
Veo,164124cd-ed0c-530b-aa46-9af734310722,scooter,40.001935,-83.00879,,24.33,True,False,False
Veo,50ac7427-6663-5cfd-bae8-07aecadc878b,scooter,39.965297,-82.982346,,25.65,True,False,False
Veo,d72cc2d2-1031-5463-9b82-191d8a1fc1cd,scooter,40.027041,-83.015315,,4.19,True,False,False
Veo,cb25ea10-fd87-5e68-8774-80c8d2645e4f,scooter,40.001404,-83.001824,,23.02,True,False,False
Veo,b64495ae-2b39-5452-99b6-09bd9446ef52,scooter,39.969439,-82.982824,,25.34,True,False,False
Veo,69d69211-894c-501c-ad76-b28c90cdeb99,scooter,39.981034,-83.003167,,26.25,True,False,False
Veo,a3d0d3e5-3081-57f8-9401-1998ab38da93,scooter,39.935016,-82.99285,,16.39,True,False,False
Veo,57d8d375-a65f-5249-a35d-ab8690b7cbde,scooter,39.993828,-82.978645,,10.79,True,False,False
Veo,d698ce99-f032-5a01-909f-75285496642a,scooter,39.979012,-83.017559,,14.43,True,False,False
Veo,4992b5bb-0635-5f30-9656-cab257ec97a5,scooter,39.991211,-82.999399,,14.43,True,False,False
Veo,4b831cbc-7db4-508d-bb65-c029dbc4fdc3,scooter,39.993561,-82.981106,,28.14,True,False,False
Veo,d9057dae-323e-5ea5-9d10-05d43bdd3218,scooter,39.974324,-83.000907,,15.18,True,False,False
Veo,4c76fcfe-3f88-59ea-9d4f-512fa5be507f,scooter,39.934992,-82.99283,,20.78,True,False,False
Veo,5af20123-f635-5d47-b5fa-d97fc4161b49,scooter,39.962181,-83.004207,,28.14,True,False,False
Veo,2ab1da07-eec2-51f0-bc9d-b53bd235292a,scooter,39.959089,-82.975104,,22.7,True,False,False
Veo,ab72414f-b184-59f4-b4c8-b32e448d448d,scooter,39.971671,-83.007842,,25.34,True,False,False
Veo,a64491cf-6f5a-53d2-b57b-5a479ace9476,scooter,40.015176,-83.01383,,14.43,True,False,False
Veo,654478fb-ed7c-5b7e-8721-4c2549ed5386,scooter,40.000362,-82.997207,,8.09,True,False,False
Veo,2418ba8e-8389-5f6f-96af-f82c2a12f3e6,scooter,39.967851,-83.012373,,26.51,True,False,False
Veo,620d6a39-415d-53c7-90ec-50a46b3f41fa,scooter,40.007313,-83.01675,,28.14,True,False,False
Veo,9ba44da4-3e28-5d7e-9f43-1f04e5d403bf,scooter,39.958534,-83.002653,,28.14,True,False,False
Veo,3d76633c-9cb3-553f-b953-b6723f6692c4,scooter,39.998748,-83.021395,,28.14,True,False,False
Veo,bfe102bd-1f4a-510d-a523-5658ab2ba687,scooter,39.979201,-83.01852,,14.17,True,False,False
Veo,22c7939a-783b-5eda-b3a1-47f66256932f,scooter,39.977047,-83.003596,,28.14,True,False,False
Veo,6ea146e7-8c3a-5795-b2f6-644c20ef260a,scooter,39.971608,-83.004771,,19.39,True,False,False
Veo,4274229d-1ef2-5448-a3e0-ff9ae847ecbe,scooter,39.929355,-83.117046,,2.55,True,False,False
Veo,111c875a-fa68-5d1c-86ef-c4235e6b4fc6,scooter,39.955965,-82.999433,,14.17,True,False,False
Veo,8b942eaf-3036-5759-aaf5-4334ee0c5570,scooter,39.96996,-82.963838,,28.14,True,False,False
Veo,138caae5-5298-5b23-a55f-1b6c27b67852,scooter,39.96066,-83.012929,,25.74,True,False,False
Veo,e8203680-5fe5-5870-87da-fe1a78ca1423,scooter,39.958507,-83.013745,,27.44,True,False,False
Veo,aa2cc45a-34c9-52ee-86f9-adbf3a135015,scooter,39.974153,-83.01038,,7.62,True,False,False
Veo,8d9746fa-3704-5def-9c23-243723695831,scooter,39.974909,-83.002347,,7.62,True,False,False
Veo,fd762a04-c93a-5679-969b-f223fc2c17f1,scooter,39.958605,-83.012832,,25.94,True,False,False
Veo,a721934d-1628-5ee8-b32c-57cb1055909a,scooter,40.004053,-83.006493,,19.05,False,True,False
Veo,cdee0ddd-9778-5c4f-9cf9-25fff987ff62,scooter,39.9939,-82.98335,,28.14,True,False,False
Veo,ea539830-1f84-59b5-b557-2684025263be,scooter,39.987144,-83.001957,,14.17,True,False,False
Veo,70881902-9cf9-5af3-ab79-3d502f5680b7,scooter,39.963813,-82.999659,,28.14,True,False,False
Veo,c82acdd5-1e99-5929-8602-f99664d21512,scooter,40.018324,-82.955954,,11.59,False,True,False
Veo,2e00b3e9-c347-579f-a2f8-9cc02774df13,scooter,39.994882,-83.017323,,14.17,True,False,False
Veo,c9a60ac9-b946-5f94-b573-e5065054cfe6,scooter,39.966539,-83.002496,,15.18,True,False,False
Veo,a77d350e-2bf9-5247-ade6-3e7216568e8e,scooter,39.986123,-83.015279,,12.28,True,False,False
Veo,1906cc09-7772-5431-81fd-91887003d6f2,scooter,39.963229,-82.981304,,28.14,True,False,False
Veo,33808803-616e-5a67-9853-ce6d3a0459f8,scooter,39.978779,-83.004096,,26.25,True,False,False
Veo,48993e9d-1f55-5dab-96fa-50ad7d239ab4,scooter,39.955936,-82.94524,,28.14,True,False,False
Veo,872ae413-0320-5bdc-9d8c-1cb947fbf4d6,scooter,39.963526,-83.001369,,25.94,True,False,False
Veo,a5dbedd0-22d3-5be3-9e87-b9c30540c221,scooter,39.968171,-83.012307,,26.25,True,False,False
Veo,ea5d47b2-a921-53ac-b974-fb5005923407,scooter,40.004833,-82.974765,,20.05,True,False,False
Veo,5555405f-ef31-5fbf-8a94-12cdc6e8fca6,scooter,40.002547,-83.020542,,28.14,True,False,False
Veo,93cc9cdb-e831-5b23-afe1-433fd98d6fa5,scooter,39.991947,-83.008029,,25.74,True,False,False
Veo,fcaaf953-83e6-5de8-a2f6-190611ec32db,scooter,39.998319,-83.020998,,5.27,True,False,False
Veo,5bc251cf-1abb-5b1c-ae9b-218c9e26e4f5,scooter,40.00154,-82.999225,,22.05,True,False,False
Veo,444c5202-9102-5e9c-9f39-b1ab51ec0957,scooter,39.961609,-82.99043,,28.14,True,False,False
Veo,4de0b5de-a6bc-572b-9008-1673f180d15d,scooter,39.934744,-82.983071,,13.64,True,False,False
Veo,7e436609-885c-54ad-ba34-73a46eac8813,scooter,39.972023,-83.04595,,8.43,True,False,False
Veo,15e7510d-b339-5141-89f7-ecc918f08608,scooter,39.956897,-83.072954,,22.7,True,False,False
Veo,2f7988ed-cdcb-5795-9237-05b123f5a593,bicycle,40.006318,-83.016756,,15.18,True,False,False
Veo,570e66f6-5a8f-5a9a-85c1-211b39924947,scooter,40.032066,-82.972684,,14.61,True,False,False
Veo,860a28a4-f860-5bb9-aba0-55e4934f00d3,scooter,39.999868,-83.021564,,25.12,True,False,False
Veo,31a1217f-125f-54d6-bbcd-fca16fe0cc6b,scooter,39.957402,-83.011386,,16.84,True,False,False
Veo,8a029643-624a-5401-b05f-0a2632eae812,scooter,39.989889,-82.986063,,16.39,True,False,False
Veo,329d6fd1-132c-5b0f-9149-956bcd6cba56,scooter,39.995112,-83.003655,,13.39,True,False,False
Veo,c0f6212b-303c-5b97-9373-ea0bdbd2b68e,scooter,39.952702,-83.032002,,16.39,True,False,False
Veo,32a886e1-7c16-5948-ab4d-70c2f0c1bade,scooter,39.900967,-82.99858,,1.15,True,False,False
Veo,be2f161a-c40a-54a9-aa71-c3852810aea0,scooter,39.997586,-83.001396,,14.86,True,False,False
Veo,8ffea3be-c016-5c6b-96d6-676e3d626ef9,scooter,39.957119,-82.938092,,28.14,True,False,False
Veo,96d23e7a-aa6c-5663-a5be-3eb6f6ac377c,scooter,39.959312,-83.002,,9.29,True,False,False
Veo,c3ff5797-65e7-529f-9f9f-d00e12128027,scooter,39.970253,-83.00229,,15.18,True,False,False
Veo,ce3a71ee-401d-5931-97b8-9a7e6a82d9c1,scooter,39.972133,-82.980908,,19.05,True,False,False
Veo,55fe52ee-cec4-5333-9ceb-dd34404644db,scooter,39.994446,-83.017598,,12.07,True,False,False
Veo,3c2421a2-96b5-51c7-9c26-e34ba91c120b,scooter,39.964691,-82.979925,,9.02,False,False,True
Veo,9fb24aff-69f8-5382-8e69-85bc74503156,scooter,39.982286,-82.998733,,19.78,True,False,False
Veo,39704ea4-2ae5-5137-a819-fcb92a3ec94c,scooter,39.996716,-83.004657,,23.33,True,False,False
Veo,2ea6904c-0e14-5d41-b8ac-7b26f4f4a681,scooter,39.986942,-83.005514,,23.02,False,False,True
Veo,d0730b51-0de7-5f9f-b1ab-00ea6caa4086,scooter,39.973855,-82.877558,,13.39,True,False,False
Veo,8088b1d9-cbbc-5249-8227-4e8b423225b6,scooter,39.98235,-83.018605,,5.59,True,False,False
Veo,4ec96187-2bd6-5e10-b881-6f4daa2a6e01,scooter,39.959167,-82.978598,,7.29,True,False,False
Veo,9b512a31-b531-508c-83da-c068a21057b1,scooter,39.996921,-83.007425,,28.14,True,False,False
Veo,b50a8791-3cf8-506b-9fd1-d59cb7b4836b,scooter,40.009412,-82.983157,,24.06,True,False,False
Veo,fd312e84-66a8-52c2-9636-df6786ad655d,scooter,39.96063,-82.995094,,13.86,True,False,False
Veo,1143a202-4463-59fb-8f4a-2e90c9feb99e,scooter,39.986873,-83.009434,,28.14,True,False,False
Veo,f3fa7133-e54b-5d90-b253-00272400dad3,scooter,39.95608,-82.945255,,24.84,True,False,False
Veo,bededbc4-a3c2-5775-bacf-58d87d1b44c1,scooter,39.994548,-83.017358,,22.39,True,False,False
Veo,65547960-6c46-5cc9-a782-fad727e71685,scooter,39.957107,-82.938135,,28.14,True,False,False
Veo,3b0d6c47-7543-5527-8eae-1040dbe5e7a5,scooter,39.985197,-83.005477,,13.39,True,False,False
Veo,838768bb-8477-5074-96c3-dab30c28123e,scooter,39.948199,-82.94218,,18.19,True,False,False
Veo,4069a672-1a87-521e-86c4-92edee9033f8,scooter,40.004881,-83.010182,,23.02,True,False,False
Veo,2b21c3e9-33d9-5e85-9b3d-60c382e0a0cd,scooter,40.103915,-83.108878,,28.14,True,False,False
Veo,98134460-d2a9-5ae3-8f8e-f39d93684a88,scooter,39.991666,-82.998315,,28.14,True,False,False
Veo,e3fd9478-9bb2-5d1e-af5f-f94d5fc431cc,scooter,39.959643,-83.013219,,19.39,True,False,False
Veo,a0c0f4ed-4846-5f84-a097-f51305b3b22f,scooter,39.971778,-83.00317,,25.12,True,False,False
Veo,d77b7c44-1ced-5379-95fb-27a1a32c172c,scooter,39.970346,-83.002366,,25.34,True,False,False
Veo,c54f9140-05eb-543d-8830-a8f7ec313e3f,scooter,39.957617,-83.000351,,23.33,True,False,False
Veo,6e6de0af-df83-573f-9bb2-850ad138bd6b,scooter,39.957982,-83.013703,,24.06,True,False,False
Veo,94ded7d2-1d8e-503c-aadf-b0683280cfb9,scooter,39.987756,-83.006416,,28.14,True,False,False
Veo,56d14826-7e2d-5d7a-b22d-51016d1dea88,scooter,39.987559,-83.010691,,11.34,True,False,False
Veo,f324af6f-8908-5f31-891f-77bd5436cb58,scooter,39.965926,-83.001519,,28.14,True,False,False
Veo,89bd5cd6-cb0d-5ada-92e4-b5bf8402ee74,scooter,39.98706,-82.990023,,6.31,True,False,False
Veo,a1a9c3c2-3ced-5dbd-9a49-7b51ed99cc1c,scooter,39.993805,-83.006903,,13.39,True,False,False
Veo,d2501ff5-3324-5569-8b53-e3eb8c282e35,scooter,40.105951,-83.106297,,9.97,True,False,False
Veo,3033ea42-b9ba-5a62-ac92-d6ca2292f9bc,scooter,39.993958,-83.00456,,27.02,True,False,False
Veo,04020139-e8e6-5c55-b483-5d8393691772,scooter,39.977102,-82.995038,,22.7,True,False,False
Veo,02a5fafa-c233-5241-9d5d-455a10265209,scooter,39.99355,-82.98111,,9.97,True,False,False
Veo,93a657f0-2124-515f-82d0-beaa52ac0d26,scooter,40.00422,-83.00203,,12.63,True,False,False
Veo,89640c5a-f923-57cb-919c-1fe632a1e206,scooter,39.962956,-82.976519,,24.06,True,False,False
Veo,9a66dfcb-93e4-5437-bf6f-7f7dceb512c9,bicycle,39.991505,-83.009017,,1.15,True,False,False
Veo,4a4e88e9-0bf5-5aa7-986c-4abe9480968d,bicycle,39.947071,-82.997481,,12.52,True,False,False
Veo,6586dcbc-8a66-52ca-946b-c051a50a85dd,scooter,40.001265,-83.013606,,26.78,True,False,False
Veo,c14cb7d3-9595-5887-9df9-dbdca39e8147,scooter,39.932241,-82.968607,,22.7,True,False,False
Veo,10d04c24-2776-5d5e-ba30-e95b887704f5,scooter,39.971238,-83.004166,,28.14,True,False,False
Veo,23cba7ca-6720-5a97-80d9-4f33c6406389,scooter,39.951316,-83.027459,,8.09,True,False,False
Veo,3efdd7b3-52c4-5b21-a4ce-5f829d367536,scooter,39.993654,-83.008401,,6.98,True,False,False
Veo,2a9454de-462e-5c1e-b902-2701375bd072,scooter,40.139151,-83.120421,,27.77,True,False,False
Veo,8485067e-9cab-5a40-bdaa-20f046380aa5,scooter,39.949381,-82.995462,,13.39,True,False,False
Veo,8d70e5d8-e189-52fd-b5a3-07a046ff6716,scooter,39.967682,-83.013472,,5.68,True,False,False
Veo,44598f59-21a9-562b-8378-7cae4a273261,scooter,40.100701,-82.959172,,5.44,True,False,False
Veo,7b059e7d-7c21-5b18-80ac-1a29c4e1fda5,scooter,39.956713,-82.987962,,10.79,True,False,False
Veo,38ff14cc-01b4-5aa4-8c33-68df14f907f1,scooter,39.953241,-82.99324,,19.78,True,False,False
Veo,b4a11ea7-7b35-51f3-a408-0e87e495e4ae,bicycle,39.998792,-83.007587,,12.28,True,False,False
Veo,9d9ae3c5-7262-52e5-be99-f3c7c3a2f970,bicycle,39.928802,-82.950961,,12.28,True,False,False
Veo,2e91aefa-fa01-5209-a6f2-3eeb93fc7dc2,scooter,39.958081,-83.006466,,22.7,True,False,False
Veo,bf1e51bf-bfe0-5d64-9ba1-a5e6eb6ce1f0,scooter,39.945942,-83.084426,,24.84,True,False,False
Veo,c6b769e2-d91e-5ad9-9703-d7ef30c9b5c5,scooter,39.961526,-83.03478,,27.77,True,False,False
Veo,163c7350-aded-5a1d-ba64-0a111bf71257,scooter,40.00908,-82.974533,,21.15,True,False,False
Veo,1d8f1de8-a4c4-512e-a182-e0e473377c83,scooter,39.986766,-82.998442,,14.17,True,False,False
Veo,5fb398ad-864a-5a08-8c2d-980767f146cc,bicycle,39.956135,-82.896382,,10.31,True,False,False
Veo,affe5eb2-3a40-5532-8331-a047f042db7a,bicycle,39.957536,-82.954538,,6.07,True,False,False
Veo,b1d34ab6-e426-569f-9d2e-1620c41080d8,bicycle,39.95597272041568,-82.94534782164625,,25.74,True,False,False
Veo,d21a5c9d-ce01-51e2-a4c4-5d88c264b16a,bicycle,39.950779,-83.058838,,14.17,True,False,False
Veo,3f0393d8-073a-5296-89c5-69d59989d89c,bicycle,39.961222,-83.086764,,2.55,True,False,False
Veo,1e330602-3d1e-515f-a77b-2a82a266e1fc,bicycle,39.985629,-82.995417,,11.59,True,False,False
Veo,4d3936ce-f200-5a3c-90d8-8a24ac96eace,bicycle,39.983144,-83.005347,,28.14,True,False,False
Veo,a7e98665-a3bf-5d08-b94d-22ac373558c9,bicycle,39.949008,-83.031964,,4.19,True,False,False
Veo,2058a7b3-faed-5b3a-a123-c4776019741b,bicycle,39.949323,-82.976151,,28.14,True,False,False
Veo,2dd3cabb-7b22-5a43-9122-f65f2583ec48,bicycle,40.001813,-82.99905,,6.98,True,False,False
Veo,6aeff111-7d9f-54c7-a908-a37478b865c6,bicycle,39.949606,-83.026489,,26.25,True,False,False
Veo,df341504-f82d-5500-a5cb-df9b8e4e854d,bicycle,39.994148,-82.935959,,21.77,True,False,False
Veo,d89965cf-0761-5a14-b761-28cfdcd8c584,bicycle,39.968418,-83.012332,,27.44,True,False,False
Veo,b5c0313e-7f19-5eeb-ae02-147ce3afe214,scooter,39.997182,-83.007522,,13.39,True,False,False
Veo,bd0a9a45-73d2-5458-9fe6-f331e48bd92e,scooter,39.967308,-82.949896,,19.78,True,False,False
Veo,0c82a5f0-9f31-5895-88a0-a378bba94df0,scooter,39.995609,-83.014589,,25.34,True,False,False
Veo,d27718a7-f08b-5e70-8779-f945ac2c8892,scooter,39.990446,-83.01448,,2.79,True,False,False
Veo,5ba7a800-eb40-5384-99d7-d24abe4e060c,scooter,39.957412,-83.011378,,27.77,True,False,False
Veo,74d0305a-08e1-5fe8-8660-c55cae985208,scooter,39.955248,-83.017654,,13.86,True,False,False
Veo,a2f72e6a-56d8-59d3-8ae9-3446a9c1d327,scooter,40.001979,-83.01629,,25.34,True,False,False
Veo,834c52ff-03cb-5942-8208-9ffa801bd550,scooter,40.00408,-83.021407,,17.37,True,False,False
Veo,913e1457-13f8-5f62-bf64-e0584aca788f,scooter,39.970217,-83.002349,,26.78,True,False,False
Veo,33947f82-6325-5c77-b418-c429f85111cd,scooter,39.962389,-82.989432,,28.14,True,False,False
Veo,57e97385-ff7a-5184-9fb5-684cce78e2b2,scooter,39.950567,-83.000598,,15.18,True,False,False
Veo,4f467794-1582-5a7d-b954-4f537594ca6e,scooter,39.97762,-83.009067,,21.77,True,False,False
Veo,b4b92d6b-084d-55dd-9f8b-a08058a8c8cd,scooter,39.972349,-83.005466,,27.77,True,False,False
Veo,efb54aa6-49ce-5091-8bf2-b9a1b9a2f6b1,scooter,39.970288,-83.002391,,26.78,True,False,False
Veo,f0a6c14e-874b-5e26-b815-76967fbcde74,scooter,39.935985,-82.911469,,13.39,True,False,False
Veo,7f6e0f91-ca04-5450-a915-e231599f61de,scooter,39.990046,-83.017292,,11.83,True,False,False
Veo,18924ecf-f928-5671-b3a5-d8db046f6bd9,scooter,39.944029,-82.99628,,27.44,True,False,False
Veo,a1bac762-ec2d-52f7-b2ad-486ba911bbd4,scooter,39.994392,-82.999634,,19.78,True,False,False
Veo,f10fdf3d-87e4-5d3b-a1b8-559a91d7ca30,scooter,39.9537,-83.095373,,28.14,True,False,False
Veo,373c4041-c466-5722-8aa1-9f0ef24ff6c8,scooter,40.068125,-83.092839,,9.02,True,False,False
Veo,38bc1d5f-bf48-5ff2-87a9-76cb9581905a,scooter,40.007876,-83.026403,,22.39,True,False,False
Veo,79873f7d-343f-50c8-b030-7a681ee1807f,scooter,39.985193,-83.005377,,14.61,True,False,False
Veo,54f45af1-2343-5ec1-8797-340891f47ced,scooter,39.95603,-83.053629,,24.84,True,False,False
Veo,bd70dded-325a-5b07-98f0-7ea4e16242aa,scooter,40.006193,-83.017049,,28.14,True,False,False
Veo,6a6d4b30-4bf8-5335-a140-52b8a6979c1b,scooter,39.964542,-82.991546,,19.39,True,False,False
Veo,cbf5422b-0050-52c5-9fd0-ef990f755d47,scooter,39.970225,-83.004291,,28.14,True,False,False
Veo,9f7e2c9b-f135-5b3a-8f18-e22a82f137f4,scooter,39.995667,-83.008612,,25.12,True,False,False
Veo,99bd96a6-b525-5fba-8579-65d5fd2c29c5,scooter,39.942169,-83.07272,,4.92,True,False,False
Veo,c1e63e27-b934-59d1-a3c5-bc82d1d64371,scooter,40.006174,-83.008895,,17.89,True,False,False
Veo,b24c7b18-646f-59ec-a82a-7112cec4e993,scooter,39.995171,-83.006958,,15.89,False,False,True
Veo,a3e0bd7e-cdbe-51b4-b470-ab314cae5cbf,scooter,40.004936,-83.019535,,28.14,True,False,False
Veo,459a100e-d816-5e05-98ed-d0a26ce2465f,scooter,39.963116,-82.979473,,25.12,True,False,False
Veo,581cd842-fce2-5c01-a267-d998c61e8815,scooter,39.965953,-83.001404,,24.33,True,False,False
Veo,7b601496-6bab-58b7-9a2a-9fc5b8af33d0,scooter,40.104738,-83.110541,,28.01,True,False,False
Veo,cb62198b-bd1f-5471-8715-5b34f93e96ca,scooter,39.982378,-82.98232,,24.33,True,False,False
Veo,9a574cd0-e30c-5d4d-939d-54efacf617c3,scooter,39.98064,-82.999678,,25.12,True,False,False
Veo,d5d2c027-664b-5fd5-9aee-eaf1daa86556,scooter,39.968165,-83.008584,,18.19,True,False,False
Veo,dccf7276-8bf5-54a5-8575-8e91c6f51033,scooter,39.949419,-83.001435,,24.33,True,False,False
Veo,2733fb23-33ed-52cc-a028-90756752eb79,scooter,39.990337,-83.005243,,24.84,True,False,False
Veo,25544397-62d6-5f76-bfd3-f5d5f6a62909,scooter,39.968667,-82.981849,,5.68,True,False,False
Veo,2f9f2560-6659-55bb-a643-f40dd8289aa7,scooter,39.986876,-83.00942,,14.61,True,False,False
Veo,f6ffc20a-2006-52e2-a4bb-e15f6d6e773c,scooter,39.997298,-82.996157,,25.94,True,False,False
Veo,bdbe41e9-d2c0-54a6-84c6-48b470cf59c7,scooter,39.968455,-83.003823,,9.02,True,False,False
Veo,30db4fdb-61c6-5867-ac5d-73eaa5c9c17f,scooter,39.958239,-82.975322,,6.31,True,False,False
Veo,2ae8a1aa-20e2-50f3-8084-d68c810137c2,scooter,40.006796,-83.047746,,22.7,True,False,False
Spin,bf3d5ab7-2212-4ec5-84cc-78a66927519c,scooter,40.01705,-82.965548,69.0,19.61,True,False,False
Spin,88c4957d-828b-4945-a124-8054bb8737af,e-bike,40.016936666666666,-82.97362666666668,28.0,7.61,True,False,False
Spin,6a0caf7b-9177-4eca-abc7-a37fdce50e77,e-bike,39.93861666666667,-82.996315,37.0,9.95,True,False,False
Spin,fef47687-5c4f-414b-8a98-17ffdbb52d59,scooter,39.935123,-82.992837,20.0,5.56,True,False,False
Spin,7416e8a0-9cee-44b1-8ec5-5ab92a8ef5cf,scooter,39.963265,-82.953303,51.0,13.76,True,False,False
Spin,7e05bf01-3135-43fa-8ff4-feaf222d228c,e-bike,39.99410833333333,-82.99310500000001,94.0,25.46,True,False,False
Spin,1d093109-32f6-40ea-8134-8839b6bc89b9,e-bike,39.970251250000004,-83.00221260000002,57.0,15.51,True,False,False
Spin,11768799-f4ed-4992-8e7a-745f840de535,scooter,40.017021,-82.965545,63.0,17.27,True,False,False
Spin,c23220fd-2ec7-4f75-b7fc-a24a8bf23852,scooter,40.018114,-82.9733,42.0,11.41,True,False,False
Spin,a2bae7a9-62b1-4218-9833-069be9a86c3b,e-bike,40.018305000000005,-82.97353333333334,89.0,24.29,True,False,False
Spin,7b2564a2-0e04-45f8-a6d1-f137aada7dd2,scooter,40.018686,-82.978215,19.0,5.27,True,False,False
Spin,4688f111-e081-4282-b1aa-da5cf17fb0ca,e-bike,40.012885,-82.96820833333335,37.0,9.95,True,False,False
Spin,ce013b81-e78d-4ba5-81b9-d5aa41e1ff27,scooter,39.972510449999994,-83.00394650000001,26.0,7.02,True,False,False
Spin,6bb85bd6-5c7b-4b7a-ab63-e75d179ff112,e-bike,39.97084666666667,-82.97350499999999,72.0,19.61,True,False,False
Spin,8f16eb90-90b2-46a8-a568-0793dce9021d,scooter,40.018729,-82.978205,57.0,16.24,True,False,False
Spin,cdda67b3-2a8f-42df-9e9f-35495697242e,scooter,39.962368,-82.956739,43.0,11.71,True,False,False
Spin,5386a6ff-36a2-4adb-bb4b-26864a58e2af,scooter,40.023684,-82.987258,70.0,19.91,True,False,False
Spin,41dfad58-9e43-44c1-9437-0ae6b7655e99,scooter,40.023698,-82.984061,83.0,23.59,True,False,False
Spin,dfab7887-bfb5-451c-914f-04f1b5a85b31,scooter,40.023453,-82.981544,84.0,23.89,True,False,False
Spin,680b0f23-d472-4ea5-9b7a-5413e807b65b,scooter,40.014179,-82.976754,81.0,21.95,True,False,False
Spin,a6882003-3416-418b-8784-633def9460bc,scooter,40.018692,-82.97822,54.0,14.63,True,False,False
Spin,70b8c898-e726-4d9c-af0f-269bd836d227,scooter,40.014086,-82.974534,72.0,20.52,True,False,False
Spin,a0785a86-5ac6-4b1f-a2d0-6afe3c77321d,scooter,40.013732,-82.967893,82.0,22.24,True,False,False
Spin,3798b39e-332a-47ea-a99e-3f71fdb7442c,scooter,40.015508,-82.966421,76.0,20.78,True,False,False
Spin,7f978386-42d1-4c97-a071-93b9dc559ae7,scooter,40.015538,-82.966457,59.0,16.1,True,False,False
Spin,390757db-7e38-4f64-b316-be954a8d283a,scooter,40.015534,-82.966376,78.0,21.36,True,False,False
Spin,adff04b8-1c03-4915-bcfb-4a0cced60ba8,scooter,39.987184,-83.010783,62.0,16.97,True,False,False
Spin,904a9f55-81c1-4709-956d-059d14188090,scooter,40.017034,-82.965638,26.0,7.35,True,False,False
Spin,31678e01-8553-4811-be4b-4acc388cdf2d,scooter,39.962455,-82.969165,47.0,13.48,True,False,False
Spin,98b72b9d-9796-4d99-a3c0-c1a54a04da9a,scooter,39.96740303333333,-83.0155744,53.0,14.34,True,False,False
Spin,7fbea488-1795-414a-89e6-5818163f31d4,scooter,39.967406833333335,-83.01554800000001,75.0,20.49,True,False,False
Spin,66048a94-e385-46c0-96dc-abe258079359,scooter,39.937625,-82.995295,43.0,11.71,True,False,False
Spin,f94fe34b-fff7-4cc0-aeee-ca43a01042fb,e-bike,40.003237483333336,-83.00821005000002,58.0,15.8,True,False,False
Spin,2c552a49-1f96-4233-93f9-cbe86235d8a5,scooter,39.96815983333333,-83.0137202,49.0,13.46,True,False,False
Spin,5ad2c8cc-4ee1-4355-89fb-ca24e6c1deea,scooter,39.957444,-83.012886,59.0,16.1,True,False,False
Spin,0d738087-2d63-4df4-9bc4-8db8561f5ee1,e-bike,40.0065654,-83.0091382,55.0,14.93,True,False,False
Spin,d52ec248-ec81-45f8-960a-879924b1873f,scooter,40.015152,-82.970209,54.0,14.63,True,False,False
Spin,90175cb0-b2ba-4099-84b8-898ddf2ba8c6,scooter,39.967323,-83.019076,81.0,21.95,True,False,False
Spin,35240f3c-3339-4123-84c6-0bff05537af5,scooter,40.014276,-82.976723,48.0,13.79,True,False,False
Spin,4a6f8a59-0599-4dff-a96a-c987409f5ddb,scooter,40.012887,-82.968085,90.0,25.73,True,False,False
Spin,bf084719-90f1-420a-92a6-ce1355670a7b,scooter,39.957147,-83.041314,37.0,9.95,True,False,False
Spin,c998dad8-2920-4e81-8b35-54eb69ddf032,scooter,40.012911,-82.968074,32.0,9.19,True,False,False
Spin,8bd5f758-5794-4a11-a09c-79de667a386d,scooter,39.966321,-83.002515,80.0,21.66,True,False,False
Spin,aac6bac9-e75b-48cd-965e-924f48dcbe62,e-bike,39.961394133333336,-83.00123239999999,29.0,7.9,True,False,False
Spin,8ffa6579-a664-49f2-a9c7-af0af54d1893,scooter,39.942426,-82.98762,30.0,8.19,True,False,False
Spin,92475feb-c978-439f-9429-cfbc13cc4b0e,scooter,39.944694,-82.982445,33.0,9.5,True,False,False
Spin,dfc9d0bb-3e4e-41ff-8669-6ba68b7a5eb3,scooter,39.96934413333334,-83.0184944,49.0,13.46,True,False,False
Spin,e1230d89-6151-4e07-853a-0a4dc43dee71,scooter,39.966676,-83.020229,35.0,9.66,True,False,False
Spin,45a9d07b-bb5f-494a-85bf-7d8700a12bdf,scooter,39.96669253333334,-83.02024340000001,20.0,5.56,True,False,False
Spin,95c1d41e-b328-42f2-8f75-2cee9f985f49,scooter,39.967358,-83.01907,78.0,21.36,True,False,False
Spin,89a5ece1-35a1-4ecb-83e1-4b6bbf872e3e,scooter,39.939751,-83.119856,37.0,9.95,True,False,False
Spin,81cbbadb-dc99-486e-bce1-877f5f5e3da0,scooter,39.962445,-82.969152,90.0,25.73,True,False,False
Spin,eb8b2d2b-d61e-45b5-ad43-9a10bc853a7e,scooter,39.97365,-82.977633,75.0,20.49,True,False,False
Spin,e6fdd9c9-8ce7-456c-b3fb-5e2f3b44f83c,e-bike,40.015555,-82.966395,81.0,21.95,True,False,False
Spin,21d92069-45a6-4a91-92a6-cb0c73e0a521,scooter,39.993557,-82.981106,44.0,12.0,True,False,False
Spin,0cdf986f-f5a9-408d-85ee-0388f6b29d91,scooter,39.966397,-82.997057,31.0,8.49,True,False,False
Spin,a0a35e00-d6f9-4b58-975d-8e311f4a32d2,scooter,39.99381,-82.9825,41.0,11.12,True,False,False
Spin,29fcd33f-71d9-4b66-ba22-4c7d722b3449,scooter,39.969947,-82.978304,89.0,25.43,True,False,False
Spin,1b95b6ab-4278-4750-82fc-e9660dbe45f9,scooter,39.96326,-82.98134,89.0,25.43,True,False,False
Spin,12a36b4e-a36b-45c5-8b32-64137deb6ece,scooter,39.96518603333333,-82.99050933333335,31.0,8.49,True,False,False
Spin,b58ceddc-680c-42f1-b4ef-14abb1feb6d1,scooter,39.984907,-82.99702,29.0,7.9,True,False,False
Spin,4f52cc13-8949-4a90-ab1f-81b4d8d19777,scooter,39.967547,-82.979523,41.0,11.12,True,False,False
Spin,786ca47c-d485-4eb6-b7aa-295a42e9c49b,e-bike,40.0070224,-83.00991389999999,44.0,12.0,True,False,False
Spin,311d8fc1-53ba-43de-8e53-06dea63effd9,scooter,39.935871,-82.988875,72.0,19.61,True,False,False
Spin,d2c66f1d-4829-4a38-ab51-83112e7f44e7,e-bike,39.992962133333336,-83.00735080000001,82.0,22.24,True,False,False
Spin,4f27d9d3-c2a3-4cb8-9174-efeadd73ea64,e-bike,39.94741,-82.99461666666666,48.0,13.17,True,False,False
Spin,95b8d0e9-2916-4599-adcb-1285874cd741,e-bike,39.93946833333334,-82.96672166666667,25.0,6.73,True,False,False
Spin,cd8b1e66-a56c-421f-9292-a25033fd244c,scooter,39.960617,-82.98158,51.0,14.4,True,False,False
Spin,8feba537-91a1-4e7b-8142-f5c86e11672e,scooter,39.994732,-83.006233,78.0,21.36,True,False,False
Spin,34130e33-5b7b-4cbd-b279-3e6f47119fc3,scooter,39.945081,-83.065095,54.0,14.63,True,False,False
Spin,77f82e12-ba60-4a93-a82e-2d8b4c876262,scooter,39.962221,-82.982162,77.0,21.07,True,False,False
Spin,c3bebf76-7989-4ecb-9bef-0010e4f0274a,scooter,39.960776,-83.013926,71.0,19.32,True,False,False
Spin,28147734-ea53-4961-866b-51757ef3e9f1,scooter,39.967804,-82.97689,76.0,20.78,True,False,False
Spin,e876a244-2afb-4dbb-8760-c17522c0eefc,scooter,39.967811,-82.976889,71.0,19.32,True,False,False
Spin,f039d596-420d-4717-950e-fe1c83cfe4ae,scooter,39.955663,-83.012514,71.0,20.22,True,False,False
Spin,14fee4f7-9d92-47a4-aba8-79436626568a,scooter,39.935932,-82.988817,22.0,6.13,True,False,False
Spin,890046ec-3002-4006-b643-41c6e81178c9,scooter,39.935961,-82.988872,45.0,12.29,True,False,False
Spin,81f6b19e-9b09-4d7b-8100-b03edad61110,scooter,40.00832,-82.970801,17.0,4.68,True,False,False
Spin,42b77f36-4ba4-48b9-9249-01173bb47c16,scooter,39.927562,-82.965144,72.0,19.61,True,False,False
Spin,a025af22-9801-4fcd-813d-19fbe3495065,scooter,39.964734,-82.987192,69.0,18.73,True,False,False
Spin,fcca19bc-8522-4bf3-a865-d527ed67c9de,scooter,40.011936,-83.013186,44.0,12.0,True,False,False
Spin,87e59915-fa23-46bf-bb49-dd67aecb30cc,scooter,39.935599,-82.986301,55.0,14.93,True,False,False
Spin,7b9cda0a-d39a-4ade-9c1e-f233c6f9738f,scooter,39.970979,-82.979323,62.0,17.77,True,False,False
Spin,858475b0-c07d-4968-8db6-994ea292bb56,scooter,39.964919,-82.978514,28.0,7.61,True,False,False
Spin,7fe3061f-c337-48ee-9e8b-d9454f8a1714,scooter,40.040934,-82.977361,41.0,11.12,True,False,False
Spin,d62ce188-8adc-4f47-87b7-45d8020c4b7c,e-bike,40.01697,-82.97841833333332,22.0,5.85,True,False,False
Spin,a5befcf5-9a03-4524-a4b9-83f315015ca1,scooter,40.009117,-82.970789,27.0,7.66,True,False,False
Spin,75e450df-3b29-4dc0-9d6d-a43491fc2a40,scooter,39.985564,-82.9953,55.0,14.93,True,False,False
Spin,1a023b89-9c53-4287-ba33-cab3d55730c9,scooter,39.971489,-82.978145,55.0,15.62,True,False,False
Spin,6619b542-c680-4c08-95d1-8f83e5fbb237,scooter,40.023674,-83.002294,78.0,21.36,True,False,False
Spin,f46a8ca3-3d52-4ece-883d-867a40666011,scooter,40.015535,-82.986598,42.0,11.41,True,False,False
Spin,f267ec48-1950-4379-a478-1b240ab7e11e,scooter,39.933131,-82.995935,41.0,11.12,True,False,False
Spin,f0cd1ff2-15c4-4c8b-896b-84a134f644dd,scooter,39.98738453333333,-83.00550720000001,24.0,6.44,True,False,False
Spin,3a9f768a-ac4e-4077-ab9f-3cfb2e83c58c,scooter,39.960891,-83.012528,70.0,19.02,True,False,False
Spin,7e7c6d0f-e95b-4151-8c4b-3e6ac657f53f,scooter,39.974048,-82.956764,98.0,26.63,True,False,False
Spin,de2cf5f9-2401-40b4-8ab6-c07f9d881e29,scooter,39.994065,-83.005757,33.0,9.07,True,False,False
Spin,0463d4f7-c130-4388-b7e0-e3e98d96b301,e-bike,39.99722,-82.97784333333333,41.0,11.12,True,False,False
Spin,0356b2b8-bd9e-4d15-8af1-229f64e73066,scooter,39.997204,-82.977876,70.0,19.02,True,False,False
Spin,2f062574-5894-4932-8252-0dd86d9acdd7,e-bike,39.99333993333333,-83.0067905,69.0,18.73,True,False,False
Spin,38b3b18f-36fc-4052-b3d5-6099a21da5d6,e-bike,39.98457166666667,-83.00429166666666,89.0,24.29,True,False,False
Spin,fc82677a-2f30-42e6-966d-7e76bdd1b0cf,e-bike,39.96693166666667,-82.99513999999999,34.0,9.37,True,False,False
Spin,f3455ec7-85b8-4b74-afd9-8c73bb2b7a99,e-bike,39.97201265,-82.95628373333332,52.0,14.05,True,False,False
Spin,4595acf7-f491-42f5-8787-4b6e29de1c54,scooter,39.961203233333336,-83.0031132,66.0,17.85,True,False,False
Spin,ebdf0ec9-b6a7-46df-b74a-fa268042a7bb,e-bike,39.964180000000006,-83.00113000000002,34.0,9.37,True,False,False
Spin,14a7372b-7340-4ca1-8706-e4c50d0a9353,scooter,39.930652,-82.997064,75.0,20.49,True,False,False
Spin,2e56b3d2-fe21-4036-ab60-038b5b0b6997,e-bike,39.992540633333334,-83.001763,40.0,10.83,True,False,False
Spin,c3e2c9f5-b18d-4b36-8643-9ca717058164,scooter,39.980245,-83.00891,33.0,9.07,True,False,False
Spin,0f2ce550-f49f-47c6-99f7-9c645a7a52a9,scooter,39.96742393333333,-83.01553059999999,42.0,11.41,True,False,False
Spin,8128e899-d293-4825-9789-54fd1f865f67,scooter,40.0018509,-83.00797689999999,74.0,20.19,True,False,False
Spin,61a77fcc-bb49-4ef7-aaf0-c786245c2c1f,scooter,40.0015372,-82.97930605000002,71.0,19.32,True,False,False
Spin,083e3afb-8b10-4dad-85c6-6ab22b62cad7,e-bike,40.0092314,-83.0114215,26.0,7.02,True,False,False
Spin,fc03b123-7c8c-4a52-b2e8-42ed10e9bc85,scooter,40.012775,-83.010925,88.0,24.0,True,False,False
Spin,60fc8e02-01df-408b-afaf-de54cc704b3a,scooter,40.01276,-83.01099,89.0,24.29,True,False,False
Spin,d82028ec-cc54-45b1-a6c2-834037a5defa,scooter,40.017098,-82.965526,67.0,18.99,True,False,False
Spin,73c3cf9b-b6f7-4d90-b0da-92fc4b61c0a4,scooter,39.961222,-83.006558,87.0,24.81,True,False,False
Spin,2bdd74e0-8273-407e-b56a-d614f69c3a60,e-bike,39.970074999999994,-82.95493499999999,77.0,21.07,True,False,False
Spin,1eaf7267-cf86-495b-98f6-273d62ae9e7a,scooter,39.967414,-83.019204,43.0,12.25,True,False,False
Spin,78712a00-6048-4b51-ad78-478ef896a23f,scooter,40.014285,-82.989291,23.0,6.15,True,False,False
Spin,da5202bd-4859-4526-bc5a-0d91d0d8f4a4,scooter,39.984279,-83.023976,53.0,14.34,True,False,False
Spin,9d3ec88d-47c6-4902-8c89-be9cd2e37eea,scooter,39.971008,-82.979276,72.0,20.52,True,False,False
Spin,63c8d7a3-6c9b-451b-a451-a0d30536cf43,e-bike,39.97700755,-82.99841913333333,48.0,13.17,True,False,False
Spin,36d84c4c-bac3-4113-8cd8-2e5cce8442cf,scooter,39.99320003333333,-83.0067967,31.0,8.49,True,False,False
Spin,f9dd7d20-b253-445d-8cff-562227188bb0,e-bike,39.96693166666667,-82.99515833333335,92.0,25.17,True,False,False
Spin,cdc9ad64-e7ff-43f4-bded-d5e5d60263ec,scooter,39.94509033333333,-82.99451733333332,35.0,9.66,True,False,False
Spin,c37f2e20-f40c-4f34-a0d1-6c859551d6b9,scooter,39.963123,-82.980115,53.0,15.01,True,False,False
Spin,ec4d0bf3-a929-4595-9a70-1ed1df5b8c58,e-bike,39.99816703333333,-83.0039984,42.0,11.41,True,False,False
Spin,b76b1e40-1159-4063-a9c3-64d191a91337,scooter,39.957724,-82.986809,61.0,17.46,True,False,False
Spin,239757dd-102b-4bba-acaa-8c88d6718032,scooter,39.951879733333335,-82.99768323333335,78.0,21.36,True,False,False
Spin,4da91edf-5194-4dc1-a440-4c48a07778b1,scooter,39.95187983333334,-82.99767323333332,46.0,12.58,True,False,False
Spin,4bcb456f-815a-4fee-b524-9e070b841a02,scooter,39.96301,-82.976487,81.0,21.95,True,False,False
Spin,0c250ac5-e46d-45c0-963f-78d12a022887,scooter,39.98369303333333,-83.0207208,20.0,5.56,True,False,False
Spin,163a2231-7e6d-494c-9558-b923b50f0620,scooter,40.051626,-82.918182,37.0,10.42,True,False,False
Spin,7c7a5cbe-90e3-4d43-8ba9-2897fb562974,e-bike,39.93969666666667,-83.06789666666667,33.0,9.07,True,False,False
Spin,b320e3cc-369e-452e-ba6c-d3aeaf084847,e-bike,39.949941433333336,-83.00162530000001,86.0,23.41,True,False,False
Spin,76baf350-d45c-4200-b73d-ec8ee3ef0f07,scooter,40.0006988,-83.00231280000001,92.0,25.17,True,False,False
Spin,c76a7f2e-2e3a-4e74-b3b1-953315f9f241,e-bike,39.944175433333335,-82.99729543333333,29.0,7.9,True,False,False
Spin,a14f88b8-1c4d-4049-aafd-8c17a5cc82d6,e-bike,39.95188063333333,-83.0074182,84.0,22.83,True,False,False
Spin,73e0bb00-ec07-4cf2-90e5-130cece126e7,e-bike,39.97906555,-83.0031592,22.0,5.85,True,False,False
Spin,fb2b4c9b-7178-452d-b5e5-a815a487d2e1,scooter,39.958476233333336,-83.0092048,54.0,14.63,True,False,False
Spin,c60d1556-146e-4fb6-9ecb-9c8458fb9538,e-bike,40.01464,-82.98577333333333,32.0,8.78,True,False,False
Spin,edcbe961-8fa9-48a5-96e5-c509c042ec8d,scooter,39.935786,-82.997301,94.0,25.46,True,False,False
Spin,e218a4c0-96fa-42e6-b644-69f561e945db,scooter,39.933111,-82.995971,46.0,13.17,True,False,False
Spin,21afc851-0e33-4fff-8b22-cf4741103683,scooter,39.92759,-82.965151,84.0,22.83,True,False,False
Spin,e91e8091-a62a-4cd9-95fe-9d682a3396e7,e-bike,39.95023283333333,-83.00792369999999,89.0,24.29,True,False,False
Spin,29f76578-241b-4b2d-8b5c-c240446aab19,e-bike,39.997450533333335,-83.004684,29.0,7.9,True,False,False
Spin,5c797244-af50-41dd-8f27-86046555fdf3,e-bike,39.98927955,-83.00768529999999,42.0,11.41,True,False,False
Spin,a5af4bf7-8eae-4b46-8fe6-98ac925ea7a2,scooter,39.961494,-82.990452,84.0,23.89,True,False,False
Spin,e810d4b2-9487-4f0b-aab6-e6a75c7b630e,e-bike,39.98744573333333,-83.0054326,87.0,23.71,True,False,False
Spin,21c0a413-c803-4980-8768-dd2c90770b5a,scooter,40.006405,-82.972623,97.0,26.34,True,False,False
Spin,edc438ee-4b09-4749-a5a0-c3f6e80253a1,scooter,40.006374,-82.972729,30.0,8.19,True,False,False
Spin,95858cd6-d177-456f-b669-263de7a1555b,scooter,39.96515,-82.990259,75.0,20.49,True,False,False
Spin,b999f47b-88d6-4a03-8620-fa6627b54e23,scooter,39.96515,-82.99033,40.0,10.83,True,False,False
Spin,5cffb2d0-757d-40a0-9799-68c9969cc791,scooter,39.95972,-83.021668,47.0,13.48,True,False,False
Spin,1b48471d-2fe3-40c0-9bbf-6eccdd764809,scooter,40.0081662,-83.0115875,75.0,20.49,True,False,False
Spin,05f8139e-92d0-469f-b231-de10d5379f08,e-bike,40.0083683,-83.00889020000001,63.0,17.27,True,False,False
Spin,acfa8a18-8d00-4628-ad0a-718614debf7e,scooter,39.988018,-83.005565,74.0,21.14,True,False,False
Spin,9788d6bd-4623-414f-9be3-55d1a4a4bf4d,scooter,39.969365333333336,-83.0185126,94.0,25.46,True,False,False
Spin,82561b48-a8cd-4323-b4ff-d58ff943e93c,e-bike,40.0097644,-83.00952170000001,20.0,5.56,True,False,False
Spin,863467d0-cc2b-4ef6-b32c-f6210d69fa7f,scooter,39.973870049999995,-83.0024476,55.0,14.93,True,False,False
Spin,bf6644dd-6bed-403b-91f4-e1ca7b0f2da1,scooter,39.990451,-83.013176,48.0,13.79,True,False,False
Spin,b9dbcb9f-40a7-4ddf-bea6-c009ce4cf286,e-bike,39.994626733333334,-83.00633950000001,44.0,12.0,True,False,False
Spin,1cbc38cd-7cfd-4289-be59-6a29ada51f99,scooter,39.935913,-82.98886,44.0,12.0,True,False,False
Spin,e7778bb5-1b29-4d25-a6ed-4c7dd4bf98e8,e-bike,39.97905135,-83.0039597,19.0,5.27,True,False,False
Spin,6d8ef51a-727f-4240-b5dc-1fcd5a8a8bf5,scooter,39.967978,-82.961745,47.0,12.88,True,False,False
Spin,a85bae24-b243-470f-b0cf-5fb12ee78e0a,e-bike,39.967992933333335,-82.96176323333333,43.0,11.71,True,False,False
Spin,30a9b4ea-be97-404e-9aa4-476115c5d340,e-bike,39.98090463333333,-83.00358329999999,27.0,7.32,True,False,False
Spin,4cb8b063-32ab-4351-b5c2-bf11ff3cc010,e-bike,39.957795000000004,-82.99837000000001,40.0,10.83,True,False,False
Spin,847dbfb9-5fd5-4ad6-ae9a-f2a37b65bce0,e-bike,39.95943166666667,-82.99342999999999,55.0,14.93,True,False,False
Spin,d609bee9-6cdc-4f8f-8d8e-682bc73e0920,scooter,39.967774,-83.012229,57.0,15.51,True,False,False
Spin,916d1de7-1cf0-4762-a84b-a93b999fcfab,e-bike,39.95162666666667,-82.99848166666668,98.0,26.63,True,False,False
Spin,5f5c2b93-6919-4434-a049-0e65d50faaea,e-bike,40.0081614,-83.01108479999999,73.0,19.9,True,False,False
Spin,2ea49447-65fa-4a1b-aaf3-1533c997cfcd,e-bike,39.95663063333333,-83.00719400000001,69.0,18.73,True,False,False
Spin,6b49cb53-3f06-4315-90e8-84aca9726340,e-bike,39.980168133333336,-83.0075399,53.0,14.34,True,False,False
Spin,51ffde22-92bd-4da5-a84b-2968d3c48599,e-bike,39.94700623333333,-82.99795793333332,24.0,6.44,True,False,False
Spin,de513ae2-8916-4e8a-81f6-576bc1757e6a,e-bike,39.99876153333333,-83.0064258,68.0,18.44,True,False,False
Spin,fa1c30d4-e40b-415a-906f-307d33da9201,scooter,39.971391,-83.005628,78.0,21.36,True,False,False
Spin,7b5c90cd-8e53-4f7f-8b3e-52e80c645993,e-bike,39.98671433333333,-83.00551358333333,59.0,16.1,True,False,False
Spin,ec61d7b9-0de4-48ba-b478-a169f72dbc91,scooter,39.985344,-82.987336,34.0,9.37,True,False,False
Spin,51f2cdd0-01a1-4b69-998c-d0593280cb3a,scooter,40.0163358,-83.01195770000001,49.0,13.46,True,False,False
Spin,8cb7003d-c12d-454d-80d0-2287389c565d,e-bike,39.95755703333334,-83.0118073,87.0,23.71,True,False,False
Spin,675aaf9b-eba3-4277-a0b2-dbaa1ae9308f,e-bike,39.95904193333333,-83.00914919999998,84.0,22.83,True,False,False
Spin,da753772-0c36-4cca-9200-faf272aefe2e,e-bike,40.0066505,-83.0127536,27.0,7.32,True,False,False
Spin,e5f77e06-3072-4429-bf91-ea7608b651d1,e-bike,39.95609,-83.01179333333333,45.0,12.29,True,False,False
Spin,4307d992-1004-401a-a5e6-838fb8e03bdb,e-bike,39.97891938333333,-83.00373626666666,20.0,5.56,True,False,False
Spin,d62f39b3-6bf1-4ead-b66b-b08492686200,e-bike,40.009849,-83.01561670000001,37.0,9.95,True,False,False
Spin,41baca4e-3981-44a5-85d8-8fde9ec9d6cc,scooter,39.96726,-83.019014,69.0,18.73,True,False,False
Spin,239361be-8c2c-4d10-bf8d-b8bb9db72e11,e-bike,39.96737493333333,-83.0156701,52.0,14.05,True,False,False
Spin,f375157e-d981-438e-afd0-25b03618df13,e-bike,39.96738573333334,-83.015679,31.0,8.49,True,False,False
Spin,79d14427-3f0c-4c31-b527-f9acdb7f2bb5,e-bike,39.967387933333335,-83.01563579999998,38.0,10.24,True,False,False
Spin,2b172640-5155-4d7b-9431-bad8323f13d0,scooter,39.963246,-82.981349,81.0,22.98,True,False,False
Spin,1b8b2e51-d871-4003-b581-955d3fdf5ac1,e-bike,39.98379143333333,-83.01482319999998,32.0,8.78,True,False,False
Spin,4699f07e-336c-4ed9-a775-a834a2f01859,e-bike,39.95472483333333,-83.0120609,69.0,18.73,True,False,False
Spin,84ad2ccb-4266-49c5-be87-7002e6b2d6d0,scooter,39.954647,-83.012142,58.0,15.8,True,False,False
Spin,55bc14f1-111c-4804-a402-f76e71ab83fe,scooter,39.94939343333333,-82.98687053333333,84.0,22.83,True,False,False
Spin,0691f3a4-2f59-4ec1-9385-2f312cb217db,scooter,39.94454173333334,-82.99358093333333,34.0,9.37,True,False,False
Spin,2c12c013-7814-48b6-b77c-a17920ef2eea,scooter,39.94449603333333,-82.99355893333335,47.0,12.88,True,False,False
Spin,d19a5dfd-8113-4658-8a80-fe5a6eae8950,scooter,39.944571333333336,-82.99359163333332,71.0,19.32,True,False,False
Spin,10da4ff9-734c-4beb-b1c8-9e9eeab66856,scooter,39.94445483333333,-82.99356223333334,16.0,4.39,True,False,False
Spin,ea5900ef-fde2-4a57-a3f3-9c05d79beef7,e-bike,40.0065729,-83.0091016,26.0,7.02,True,False,False
Spin,543cc965-b655-4c1c-b032-f9b10a6d8fe6,e-bike,39.98584325,-83.00330149999999,38.0,10.24,True,False,False
Spin,04227966-a321-4a50-ae3a-0454dc90ccf6,e-bike,39.96739243333333,-83.01567449999999,84.0,22.83,True,False,False
Spin,7e24a9e2-8dad-4ab9-847d-4b62651778e9,e-bike,39.96738283333333,-83.0156911,82.0,22.24,True,False,False
Spin,ee1aa1b6-2f5a-4f39-aa82-4f032350bcac,e-bike,39.967189733333335,-83.0187893,61.0,16.68,True,False,False
Spin,ee90a118-3b08-466e-af23-d5a7f722d6c5,e-bike,39.96718166666667,-83.018775,25.0,6.73,True,False,False
Spin,3e5c6666-7038-4dda-9ed6-652f9c1150e2,e-bike,39.96717666666667,-83.01878333333335,57.0,15.51,True,False,False
Spin,0937f129-dbb9-4853-b69d-9938449dc678,e-bike,39.96716666666667,-83.01877833333334,70.0,19.02,True,False,False
Spin,30405be1-06d5-460e-8186-37458b7e84be,e-bike,39.9671974,-83.01879746666667,90.0,24.58,True,False,False
Spin,027be59b-2dc1-4745-a2ac-2ffca7c3f9d4,e-bike,39.96716833333333,-83.01876333333333,23.0,6.15,True,False,False
Spin,962362fd-a226-4940-86db-1b608209ae31,e-bike,39.967194033333335,-83.0187861,62.0,16.97,True,False,False
Spin,f1483d1b-5498-4c2c-bc01-4de141bf06cf,e-bike,39.96719053333334,-83.01879830000001,29.0,7.9,True,False,False
Spin,9652931a-beae-40a8-9501-33b9d20ee9da,e-bike,39.96719413333334,-83.01881219999999,90.0,24.58,True,False,False
Spin,49aaba32-5a99-4073-ae5d-035f77b8dce3,e-bike,39.96719006666667,-83.01879908333333,35.0,9.66,True,False,False
Spin,ea6b5075-379b-4b65-8ab1-2cabd9218534,e-bike,39.96720393333333,-83.0187954,86.0,23.41,True,False,False
Spin,ced51265-75ff-4c32-93c2-ec4a2283d813,e-bike,39.94196203333333,-82.97197755,22.0,5.85,True,False,False
Spin,47a7a7ef-6b13-4d1a-9e9f-416709cfdece,scooter,40.013482,-82.976782,51.0,14.4,True,False,False
Spin,4e4044ea-49c6-46c9-902b-6de02efacd2f,e-bike,39.967201833333334,-83.01879779999999,56.0,15.22,True,False,False
Spin,63e02670-e45a-4d0b-830c-37a0aa67d1f9,e-bike,39.967204833333334,-83.01880359999998,73.0,19.9,True,False,False
Spin,7c850309-0dab-4882-be7e-5f6ae151a714,e-bike,39.967189999999995,-83.01877166666667,77.0,21.07,True,False,False
Spin,b1ace6e8-cce9-4c4c-ab46-adfe213f65b5,e-bike,39.96719663333333,-83.01877979999999,58.0,15.8,True,False,False
Spin,831d8a74-f09c-47ca-b073-08c1c223be92,e-bike,39.96719733333334,-83.01880369999999,84.0,22.83,True,False,False
Spin,8353fc3a-60bf-4b14-9a71-34a0e478329f,e-bike,39.96718153333334,-83.01880150000001,58.0,15.8,True,False,False
Spin,93bbdc26-87a3-4476-8a7d-790a6e6f5321,e-bike,39.967549999999996,-83.01340499999999,56.0,15.22,True,False,False
Spin,94c27f34-ded4-4eff-a2f2-779f60703c15,scooter,40.0127342,-83.01085970000001,39.0,10.54,True,False,False
Spin,b5855c45-8741-4056-81ba-cacff96bd975,scooter,40.012779900000005,-83.01092670000001,39.0,10.54,True,False,False
Spin,a9315303-c642-4855-9875-d54903bd4017,e-bike,40.0049907,-83.0086404,85.0,23.12,True,False,False
Spin,e9173b12-7699-47a1-bd0e-fe934eb15991,e-bike,39.99932743333333,-83.0074809,67.0,18.15,True,False,False
Spin,d919150c-20ed-449b-bbc4-8285c89dbf9b,e-bike,40.004995900000004,-83.00827419999999,85.0,23.12,True,False,False
Spin,e67a9fa9-592b-45fa-8ff2-8c029403fd38,scooter,40.00691,-82.965739,46.0,12.58,True,False,False
Spin,23219f86-765a-421b-b04a-ac7edfe9e7f4,e-bike,39.998293833333335,-83.00703989999998,72.0,19.61,True,False,False
Spin,6b90882c-73eb-46c4-892d-e05efbcc6d6d,scooter,39.95812803333333,-83.0081684,51.0,13.76,True,False,False
Spin,217e4fc5-9d66-4642-9e33-b3d3738d2410,e-bike,39.95994333333333,-83.00876500000001,80.0,21.66,True,False,False
Spin,ad624fb8-bc48-4cd7-9589-c8017be41b04,scooter,40.017078,-82.965521,29.0,8.27,True,False,False
Spin,6521d729-077b-4c92-8bf0-927671fbf802,e-bike,40.00938833333333,-83.00941333333334,57.0,15.51,True,False,False
Spin,77a79bb4-23f7-4c1d-be04-1102b4d9f27d,scooter,39.967644,-82.967289,68.0,19.3,True,False,False
Spin,6184a387-e116-4ac8-af03-83d42cbbdf0a,scooter,39.967841,-83.01235,73.0,19.9,True,False,False
Spin,114e8cf2-7fd6-4885-959c-6080959b1ca3,scooter,40.014506,-82.980082,23.0,6.43,True,False,False
Spin,723c6d2d-53c9-4f98-b436-86e1e0b1c0c7,e-bike,39.98786865,-83.0133454,74.0,20.19,True,False,False
Spin,6e0cbe8c-7711-49b7-8451-e1596b8f8511,e-bike,39.967401333333335,-83.0155131,51.0,13.76,True,False,False
Spin,0eac738c-e8e2-4e37-82ab-9ad2a981e89b,scooter,39.97868955,-83.00437850000002,42.0,11.41,True,False,False
Spin,6c4ebab6-51b9-42c0-9b30-87c8d5496f6a,scooter,39.96791133333333,-83.01162109999999,65.0,17.56,True,False,False
Spin,f42db6e2-9941-45ad-ba40-ae0c588660fe,scooter,39.965341,-82.970246,18.0,4.98,True,False,False
Spin,c254445e-983f-4a66-88a4-105a66275dd6,e-bike,40.0080893,-82.94957333333332,47.0,12.88,True,False,False
Spin,d6454c86-3df9-4f8f-a2ce-c4c728ce9786,e-bike,39.99380443333334,-82.99574743333332,70.0,19.02,True,False,False
Spin,fcffa39f-3b7f-43db-a1da-eba476ed1bee,scooter,39.96659843333334,-82.99714153333335,52.0,14.05,True,False,False
Spin,aaa27727-d2d9-4673-a4ef-dec884c01e02,e-bike,40.014586666666666,-83.01106999999999,48.0,13.17,True,False,False
Spin,82098560-d109-4263-a49f-d08600c4a19c,e-bike,39.958659733333334,-83.0139082,31.0,8.49,True,False,False
Spin,e8498576-72bb-4ef8-9ffa-7beac30c0822,scooter,40.019802,-83.012424,88.0,24.0,True,False,False
Spin,1aa6a625-f485-4c76-9420-1265e91ae740,e-bike,39.95900043333334,-83.0073017,73.0,19.9,True,False,False
Spin,cd0d0a53-b835-46f0-8912-7f4aa2ee011a,scooter,39.956121833333334,-83.0107431,84.0,22.83,True,False,False
Spin,f3b642e6-8bcb-4533-b582-83bd7752fba8,scooter,39.96914,-83.003866,29.0,8.27,True,False,False
Spin,81075b70-e1ff-4baf-b97b-57e95bb2a401,e-bike,39.95563666666667,-83.00506666666666,44.0,12.0,True,False,False
Spin,0ae50f25-23fb-4541-8e65-9ada87c16bbf,e-bike,39.96671293333333,-83.0461686,52.0,14.05,True,False,False
Spin,1cff3c2a-025a-4238-80a1-f4fc8e388aaa,e-bike,39.96298513333333,-82.97459495,88.0,24.0,True,False,False
Spin,ddaaa51c-be7d-4507-9f61-a9c6d1458dfa,scooter,40.0197464,-83.0123986,81.0,21.95,True,False,False
Spin,34c745c1-a46d-4faf-87f8-9e2800236b27,scooter,39.968005033333334,-82.96175203333333,97.0,26.34,True,False,False
Spin,5bacc499-0c46-4571-9dda-9a22df0aa14d,scooter,39.972095849999995,-82.97836334999998,86.0,23.41,True,False,False
Spin,6e35c77a-221b-48eb-8347-8ccafe85f4ce,e-bike,39.9585987,-82.99762921666667,88.0,24.0,True,False,False
Spin,cb9e37c0-a775-4362-8a57-3ccaea9151be,e-bike,39.989211149999996,-82.99517853333333,48.0,13.17,True,False,False
Spin,3591f3c9-4108-4af8-83b0-daff5d225b6f,scooter,39.95782633333333,-82.99754743333332,97.0,26.34,True,False,False
Spin,560736e1-29eb-403c-8f19-a6ef254c3bbb,e-bike,39.997755,-83.00675666666666,23.0,6.15,True,False,False
Spin,0de357ec-4af4-401d-9012-d470d9683bda,scooter,39.967415933333335,-83.01559540000001,97.0,26.34,True,False,False
Spin,571664ed-76c7-4817-bb36-ae592bd78f1d,e-bike,39.974302449999996,-83.01857319999999,87.0,23.71,True,False,False
Spin,02a81d51-763a-426f-9c0a-29d818cb8227,scooter,40.000484,-82.977896,57.0,15.51,True,False,False
Spin,96ffec93-b897-4bfc-a013-1812382cd6ca,scooter,39.969286933333336,-82.99972413333334,45.0,12.29,True,False,False
Spin,2d93b6f6-5662-43f2-ac30-e37d937f3be8,scooter,40.026341,-83.025016,42.0,11.41,True,False,False
Spin,2ef2e953-fe14-4daa-bafc-aa452e220117,scooter,39.97091,-83.002143,90.0,24.58,True,False,False
Spin,47377277-8a03-476c-80b0-65e5a4a1bddc,e-bike,40.0066396,-83.00914579999998,87.0,23.71,True,False,False
Spin,d5e54c25-8974-4792-84a6-98d0e6f09c37,scooter,40.006018,-83.00894,72.0,19.61,True,False,False
Spin,12e81879-b7e5-49eb-93d2-f806d5c696e9,e-bike,40.0085121,-83.01476120000001,48.0,13.17,True,False,False
Spin,92b8c1d0-44b2-4bed-b1f1-60b405b86aba,scooter,40.0012428,-83.0007219,98.0,26.63,True,False,False
Spin,378f30f3-a8d3-46d8-a477-082232ff9b1e,scooter,39.99979173333334,-83.00165700000001,95.0,25.75,True,False,False
Spin,b0016db6-5180-44a5-83d0-5c7a13d1797f,scooter,39.996597433333335,-83.0037411,97.0,26.34,True,False,False
Spin,169c3a73-ce6e-45de-9702-7d88ed177cf9,e-bike,39.981856533333335,-82.98942604999999,38.0,10.24,True,False,False
Spin,7df2e743-1449-4b3c-b4c6-f1e30435c169,scooter,39.950472,-82.982928,40.0,11.33,True,False,False
Spin,5c5d10f8-049f-4bd4-bafc-5c8d89a08f48,e-bike,39.98014313333333,-83.00749859999999,89.0,24.29,True,False,False
Spin,820334b0-74b8-49e2-9ef0-70724fa4fda8,scooter,39.98077083333333,-83.00381029999998,97.0,26.34,True,False,False
Spin,3311e0c5-bc52-4a18-8c07-381bf368aa1f,scooter,39.99226443333334,-83.0017906,97.0,26.34,True,False,False
Spin,e8390084-353c-4d21-84ab-e31a2f2c0c03,e-bike,39.95724403333334,-83.0112086,91.0,24.88,True,False,False
Spin,88891aa2-cfc5-43a0-bdae-80b88c175f24,scooter,39.957026033333335,-83.00693879999999,53.0,14.34,True,False,False
Spin,e78c40d4-33fd-4cff-8f72-86cb3bb5f427,scooter,39.974055,-83.002157,18.0,4.98,True,False,False
Spin,0488b6b1-7c6f-4393-b7b9-b25980df9348,e-bike,39.97402675,-83.0020786,35.0,9.66,True,False,False
Spin,13999ffd-d239-46dc-bbea-9e1b40cd2c67,scooter,39.96322493333333,-82.99519493333334,71.0,19.32,True,False,False
Spin,8e3f3ec2-108c-4a2f-b363-fa8a0c1de9bf,scooter,40.0109778,-83.00030139999998,27.0,7.32,True,False,False
Spin,17b093aa-a7af-472f-b40a-bfc34b8d165e,e-bike,39.94908543333334,-82.99085833333332,27.0,7.32,True,False,False
Spin,c20350c3-8b7d-4085-a442-0d2d049e12d6,e-bike,39.96118333333333,-83.00647833333332,78.0,21.36,True,False,False
Spin,bfef509a-4380-4775-a1e7-8c1f7d2e5773,e-bike,39.96759833333333,-83.013435,92.0,25.17,True,False,False
Spin,1b00dfbd-7442-4bb9-8cb5-d53e3944d1d3,scooter,39.96754583333333,-83.013479,63.0,17.27,True,False,False
Spin,3985ae1b-294a-4633-9328-b0f6e647ac6f,scooter,39.96754643333334,-83.0134717,83.0,22.54,True,False,False
Spin,e7de45a3-a6b2-4a44-8459-c68b6606c5b5,scooter,39.96755503333333,-83.0134798,75.0,20.49,True,False,False
Spin,3ebf34bf-9a71-41fe-a674-d468cdbf5f82,e-bike,39.967585,-83.01343833333334,88.0,24.0,True,False,False
Spin,e223848f-a223-4ce3-8262-b33149bd37d8,e-bike,39.96758833333333,-83.01344666666667,63.0,17.27,True,False,False
Spin,f38af819-7283-4e01-9e3b-6a04a6dc9c14,e-bike,40.000935,-83.007905,85.0,23.12,True,False,False
Spin,2d8d213d-3dc6-4ba5-8ca0-19b28550068a,e-bike,39.96095403333334,-82.99239873333333,90.0,24.58,True,False,False
Spin,fb5cbd38-e0f2-46d2-926f-af30ebd00550,scooter,39.967368,-83.019191,82.0,23.28,True,False,False
Spin,098df8ae-6fac-4219-bb12-771b27fa3a7f,scooter,39.967372,-83.019157,63.0,18.07,True,False,False
Spin,199f2720-a518-46d7-8ab6-4c1cf33160d9,scooter,39.967366,-83.01913,96.0,26.05,True,False,False
Spin,d570908b-9cad-4ae2-b64f-c95f86a8c925,scooter,39.967385,-83.019121,97.0,26.34,True,False,False
Spin,840f401b-1e66-4240-abb2-ac1db00e1166,scooter,39.971610850000005,-83.00264639999999,31.0,8.49,True,False,False
Spin,a886fec8-2543-42f9-b5b1-e8fa9d991a33,e-bike,39.990300833333336,-83.00504459999999,32.0,8.78,True,False,False
Spin,1a910f15-a3ac-4cef-b447-6f8f6773ee7d,scooter,39.957585,-82.96066,33.0,9.5,True,False,False
Spin,c335f03d-0bf5-4504-aaa0-58c663a43445,e-bike,39.96662893333333,-83.010828,35.0,9.66,True,False,False
Spin,a5a8bf05-3739-4d5d-ba7f-9dfd7eed9c0b,e-bike,39.99278893333334,-83.0068972,35.0,9.66,True,False,False
Spin,4288ba77-cd29-46f9-aadb-6207af350f87,e-bike,39.961969833333335,-83.00054739999999,20.0,5.56,True,False,False
Spin,963baf2d-7b99-46af-bede-ea3a62ad1e1f,e-bike,40.0311917,-83.0221606,65.0,17.56,True,False,False
Spin,15dce819-4a72-4daa-bfc9-4474a353fab4,scooter,39.946735,-82.993364,40.0,10.83,True,False,False
Spin,f315e712-79c1-46a2-ba5e-dee81b18078b,e-bike,39.95764823333333,-82.99919503333334,28.0,7.61,True,False,False
Spin,ab0994f9-6c50-43ff-9839-5e3ba2138d6b,scooter,39.967412,-83.019195,65.0,18.38,True,False,False
Spin,71bae845-a292-40f7-a588-881e47ac931f,scooter,39.950801,-82.977332,22.0,5.85,True,False,False
Spin,a24fb2ae-6cb1-472f-b8ae-6223ce168294,e-bike,39.98445903333333,-82.99892473333333,24.0,6.44,True,False,False
Spin,34a0dac9-1d81-478e-9059-d2c5471004f6,scooter,40.026132999999994,-83.00157089999999,47.0,12.88,True,False,False
Spin,e3e05de4-7be5-4c4b-9d3f-ecee9e8d42c1,scooter,39.97071915,-83.0012516,39.0,10.54,True,False,False
Spin,0719b4bc-4397-4fe6-bf76-b001d9990de9,e-bike,39.95758843333333,-83.01141100000001,85.0,23.12,True,False,False
Spin,6fbb0834-01a7-460a-8565-36257468c9ec,scooter,39.972176,-83.002675,35.0,9.66,True,False,False
Spin,2d71f907-05d0-4d47-81ac-beb059fcfae7,scooter,40.003192,-83.007853,59.0,16.1,True,False,False
Spin,756946cf-c9e5-4543-89ac-d93f263f7248,scooter,39.97259765,-83.0046918,68.0,18.44,True,False,False
Spin,de9185b8-efe4-4529-a628-59929b7e5cb0,scooter,39.972578750000004,-83.00468889999999,48.0,13.17,True,False,False
Spin,eea5d14c-a63b-4cb2-a580-d1d0d0468328,scooter,40.012750399999994,-83.010889,100.0,27.22,True,False,False
Spin,33cdfff6-7646-4f9c-94c9-c064e4d65fb2,e-bike,39.96869503333333,-82.99828623333333,35.0,9.66,True,False,False
Spin,c26419db-83ce-4b10-aadb-e123f4107d7a,e-bike,39.97132666666666,-83.00234666666665,54.0,14.63,True,False,False
Spin,7c4e4ebf-8003-412d-bfcf-402de45824f7,e-bike,39.97010545,-83.00940209999999,52.0,14.05,True,False,False
Spin,b69a4fc0-04b0-487b-8f7f-c0b828898cd6,e-bike,39.97011045,-83.0094074,61.0,16.68,True,False,False
Spin,6083bbcf-de4e-4d67-9b8f-f5f73ea0a7a6,e-bike,39.97010165,-83.0094168,42.0,11.41,True,False,False
Spin,09da68cc-2395-4db0-845b-e642d4f3991c,e-bike,39.97010985,-83.0094026,83.0,22.54,True,False,False
Spin,8dc03584-eae6-49bd-94f6-7de754f07015,e-bike,39.97784565,-83.00516510000001,72.0,19.61,True,False,False
Spin,07eb0426-c968-4c21-bcff-39ffc7b4f9f7,scooter,39.95933,-82.995731,69.0,19.61,True,False,False
Spin,ed7eb3b4-44cb-45d6-a8f7-faa1ff5fd933,e-bike,39.95797003333333,-83.00611150000002,29.0,7.9,True,False,False
Spin,e6f455c8-a6bb-47c8-bb0f-90b556d61ed9,e-bike,39.96805833333334,-83.00881333333334,81.0,21.95,True,False,False
Spin,aa543089-a439-4baa-836a-5ad100018999,scooter,39.97256875,-83.00468539999999,77.0,21.07,True,False,False
Spin,3ca41eaa-3e2b-40cf-885d-8365d179cdd7,e-bike,39.97466175,-83.0029331,85.0,23.12,True,False,False
Spin,81d4beef-08f4-4abb-8f84-efe6cd51028f,e-bike,39.962455633333335,-82.96911583333333,46.0,12.58,True,False,False
Spin,01f84d8a-f5cb-425c-8216-2ec14ed24d9d,e-bike,39.969175,-83.00968166666668,35.0,9.66,True,False,False
Spin,518014f3-15d4-4090-bcc7-c09bb71b2cbd,scooter,40.030225,-82.98065433333335,53.0,14.34,True,False,False
Spin,284fd6c3-938c-430a-ae72-2321093d18af,e-bike,39.97626965,-83.0041433,40.0,10.83,True,False,False
Spin,4a8cca2f-e44f-4571-8ff4-63923c7a7e99,e-bike,39.959008133333334,-83.0107732,48.0,13.17,True,False,False
Spin,f3ef029b-79e3-4255-b62f-bcef3bd8bbe2,e-bike,39.95893283333333,-83.0105758,32.0,8.78,True,False,False
Spin,cd403adf-df0f-4436-821f-7ef93e787902,scooter,39.967756,-82.976971,94.0,26.65,True,False,False
Spin,4ac9a949-f0cc-4a8a-adc2-c04db4f531d8,scooter,39.967861,-82.976819,24.0,6.44,True,False,False
Spin,ce4a3b09-befc-45ad-907a-dc9442e674db,scooter,39.967851,-82.976851,30.0,8.19,True,False,False
Spin,a13bb4bf-67ae-416b-b76a-4c96bc2bae0b,e-bike,39.99408493333333,-83.00571819999999,20.0,5.56,True,False,False
Spin,d8200d05-5787-4bb8-9a76-67eac01d054e,scooter,40.027068,-82.968742,44.0,12.0,True,False,False
Spin,84734318-942e-4ea3-a7d9-4a7968304729,scooter,39.99223,-83.001042,27.0,7.32,True,False,False
Spin,7786a6c7-7340-4292-b049-20f067670d4e,e-bike,39.97408865,-83.00129639999999,31.0,8.49,True,False,False
Spin,3e309399-09c8-40eb-b4df-82cecc609ac7,e-bike,39.97411315,-83.0012204,20.0,5.56,True,False,False
Spin,f907b853-0bf0-4cca-9f67-8366c3acfaec,e-bike,39.99343663333333,-83.01100339999999,27.0,7.32,True,False,False
Spin,d7fbb33c-ee5d-40da-840c-b409dded16b9,scooter,39.967819,-82.976887,49.0,13.46,True,False,False
Spin,05e93c92-baad-47e5-907d-d97b17f3c02b,e-bike,40.0039146,-83.00641660000001,28.0,7.61,True,False,False
Spin,81b1425a-111f-4607-a3a7-38ef908c3d4c,e-bike,39.952549233333336,-82.96346403333334,28.0,7.61,True,False,False
Spin,8e4f10e9-abe8-44a2-beef-40caee132a19,e-bike,39.960834999999996,-83.012555,55.0,14.93,True,False,False
Spin,4d98e373-9bdf-44e9-a4a9-f00485057b1b,scooter,40.013383,-82.962085,16.0,4.6,True,False,False
Spin,e9e162e0-421e-41e5-8b62-3f9ba20b3b09,e-bike,39.96931233333333,-82.99970773333334,28.0,7.61,True,False,False
Spin,9a001758-df26-4b15-b2cd-47ef2af8e691,e-bike,39.96871563333333,-82.99831983333334,67.0,18.15,True,False,False
Spin,acc59c65-d84d-40b5-83cb-3f354e74ffdd,e-bike,39.98291833333334,-83.0063829,19.0,5.27,True,False,False
Spin,b19e9932-e157-4c1c-9d11-49fc6888da81,scooter,39.99781,-83.006303,65.0,18.38,True,False,False
Spin,2315c8be-500d-47f9-af7d-1b1c92db1b55,scooter,39.958337,-83.021474,65.0,17.56,True,False,False
Spin,9803e089-7b27-44e7-9aa8-ce8880c2b9d8,e-bike,39.95655,-83.00045833333334,97.0,26.34,True,False,False
Spin,8f0d27a1-8d2a-4d0e-9fa8-c0df8285b871,e-bike,39.96496643333333,-83.00036159999999,29.0,7.9,True,False,False
Spin,5359e724-3d5d-47de-89da-d9e2a942ce40,scooter,39.998838,-83.005054,98.0,26.63,True,False,False
Spin,1fff6676-2f2a-487c-af1d-8df27bf6cf47,scooter,39.97451455,-83.00326629999999,52.0,14.05,True,False,False
Spin,9b0d29f8-2074-40cf-ab30-f0672a285310,e-bike,39.968245,-83.00738166666666,66.0,17.85,True,False,False
Spin,53975fb1-e1c9-4cb0-8c0c-9e4f87f0713b,scooter,40.020242,-82.981522,89.0,24.29,True,False,False
Spin,1b241e2e-e3aa-4de2-8dce-42e3bec5f634,e-bike,40.009143200000004,-83.01530759999999,68.0,18.44,True,False,False
Spin,8b2cfa17-cb04-4aa9-b4aa-09f271c85d54,scooter,39.997173,-83.004456,99.0,26.93,True,False,False
Spin,34affaf4-9bf7-4112-8260-94b4ae53d76a,scooter,39.996826,-83.000373,92.0,25.17,True,False,False
Spin,80a7ead2-4079-4619-8413-d435fc3c601f,scooter,40.010272,-82.981437,46.0,12.58,True,False,False
Spin,d91dc6a7-2ad4-4148-a5ed-ed33ac2076a3,scooter,40.014483,-82.96698,24.0,6.74,True,False,False
Spin,fa39a803-9f89-4459-8a6a-5cc3d4cb6fc0,e-bike,39.980165533333334,-83.00717119999999,54.0,14.63,True,False,False
Spin,114958db-d555-407a-89ff-b85c84e6131c,e-bike,40.009161,-83.01225000000001,72.0,19.61,True,False,False
Spin,509e33f3-f825-4f1c-a387-edab141bccdf,e-bike,39.958543533333334,-83.0029091,77.0,21.07,True,False,False
Spin,2b8ec96d-ac3b-4fff-b9c8-94358c1e9f50,e-bike,39.956845933333334,-82.99951143333334,40.0,10.83,True,False,False
Spin,2b68e5c3-7bb0-4d05-a9f7-3c355f903af0,e-bike,39.96738453333333,-83.01571639999999,87.0,23.71,True,False,False
Spin,c71f33ed-b68b-4f15-ad81-beef2ff9877a,e-bike,39.97633785,-83.0108493,47.0,12.88,True,False,False
Spin,34954558-506e-4aba-aecf-7d4fb987c56b,e-bike,40.0072841,-83.01522940000001,46.0,12.58,True,False,False
Spin,bf1cf977-2b40-460d-a50b-27e606d9f860,scooter,39.98618703333333,-82.99725603333333,35.0,9.66,True,False,False
Spin,4c49eba2-30f6-4749-9cfb-e5326a362a48,e-bike,39.967571666666664,-83.01345333333332,90.0,24.58,True,False,False
Spin,31762116-d32e-4331-b5f8-767bfe828fd0,scooter,39.98621873333333,-82.99725013333334,16.0,4.39,True,False,False
Spin,491d2a1c-6eaf-47e4-af58-618a21c44129,e-bike,39.96867413333334,-83.00788159999999,42.0,11.41,True,False,False
Spin,a2117f7f-94b5-4ea6-9cd1-87dd81217567,e-bike,39.968710533333336,-83.0078572,63.0,17.27,True,False,False
Spin,db6f4017-5b00-40f7-9bc4-ea677a456b80,e-bike,39.968667733333334,-83.0078193,89.0,24.29,True,False,False
Spin,840df3b7-01da-42ea-aee2-659d4302188b,e-bike,39.967340033333336,-83.0097899,47.0,12.88,True,False,False
Spin,21ae072b-69ca-40c1-a502-36e61a35bc1a,e-bike,39.967329033333336,-83.0098387,40.0,10.83,True,False,False
Spin,969f95ea-c7c3-4e4c-9960-b802adfef406,e-bike,39.96981373333333,-83.00228209999999,35.0,9.66,True,False,False
Spin,ec246af4-80a5-4501-9179-541b9bdabb61,e-bike,39.96978093333333,-83.0022882,23.0,6.15,True,False,False
Spin,e449b931-028e-4693-bf18-450df97c7959,e-bike,39.97061995,-83.00202859999999,43.0,11.71,True,False,False
Spin,def81f4d-54fc-47a6-89f6-f0d67a14e34e,e-bike,39.994,-83.006765,45.0,12.29,True,False,False
Spin,02157a4b-3353-44e1-90a3-26604748a441,e-bike,39.99397166666667,-83.00676166666666,84.0,22.83,True,False,False
Spin,51ce3092-6f5e-4d32-8b3a-e2ec4e6368f4,e-bike,39.993990000000004,-83.006795,86.0,23.41,True,False,False
Spin,91478135-520e-4cfa-8546-a0f4f6ec120d,e-bike,39.99398,-83.00679999999998,46.0,12.58,True,False,False
Spin,f6f806fb-8411-4798-91e7-679cfe2ebfa7,scooter,39.993431,-83.006665,68.0,19.3,True,False,False
Spin,e157e298-aae2-4c92-a7e9-ec96a2677cd2,e-bike,39.97027715,-83.00228469999999,74.0,20.19,True,False,False
Spin,544980cd-cbe7-4255-82a4-3de5885947b3,e-bike,39.99908623333333,-83.00441889999999,76.0,20.78,True,False,False
Spin,64d9bcaf-83fb-4e80-9fe2-3f4cb355f6e9,scooter,39.991578,-83.005878,65.0,17.56,True,False,False
Spin,f10c7267-e8a2-4a78-a05d-3386b49e3fbd,scooter,39.96108473333334,-83.00640829999999,65.0,17.56,True,False,False
Spin,c3cfe77f-c04d-4c4d-96d7-5aa64e80f808,scooter,40.031104,-82.960609,22.0,5.85,True,False,False
Spin,e8d658e7-80b4-41f3-b3d2-6743ad65d23d,e-bike,39.99323813333333,-83.01109849999999,57.0,15.51,True,False,False
Spin,e4f4d558-20cf-4eca-bef1-870eacebd67a,scooter,39.93803,-82.996316,54.0,14.63,True,False,False
Spin,645274f7-e082-4623-aedf-20f59c8be119,e-bike,40.01217,-83.008755,52.0,14.05,True,False,False
Spin,c6f0b5d6-2bf3-461e-b525-ab3c6ae5f0bb,scooter,39.960326,-82.98696,87.0,23.71,True,False,False
Spin,45a9bc1e-9f1a-490a-86c3-d1012a1ff1a0,e-bike,39.994802533333335,-83.00636979999999,92.0,25.17,True,False,False
Spin,9ec51101-d38d-4f11-84dd-db5cc3138751,e-bike,39.99017056666666,-83.00581781666666,48.0,13.17,True,False,False
Spin,eb3916a0-ccbb-4da5-87af-712c60eaf83f,e-bike,39.990161533333335,-83.0058386,22.0,5.85,True,False,False
Spin,4356151a-639a-40ef-b60c-56272a2b8129,e-bike,39.990179733333335,-83.0057921,29.0,7.9,True,False,False
Spin,66b7f246-e249-4252-b9fb-63b82ce24ac9,scooter,40.000678,-83.00794,29.0,8.27,True,False,False
Spin,39208e04-705c-403e-8e8f-8c1444e4b377,e-bike,39.99196143333334,-83.0066426,52.0,14.05,True,False,False
Spin,c0ae72a0-d97e-4b00-83fa-24c49f834bc6,e-bike,39.991934433333334,-83.00664389999999,52.0,14.05,True,False,False
Spin,05ec31f2-aa0e-44d5-80bd-2b564b598e87,e-bike,39.99194733333333,-83.00666539999999,61.0,16.68,True,False,False
Spin,941158cd-23b9-4bfd-81d7-e41b7fb3affa,e-bike,39.99194643333333,-83.0066466,68.0,18.44,True,False,False
Spin,649fb279-10fc-400a-93d7-d7659327e014,e-bike,39.99194513333334,-83.0066459,25.0,6.73,True,False,False
Spin,5cad5726-1d74-45d5-bfa3-72b90659476b,e-bike,39.99194973333333,-83.0066556,51.0,13.76,True,False,False
Spin,ae165f4b-5ae2-4111-bf3f-d974f83e5cbe,e-bike,39.945593333333335,-83.03568166666668,39.0,10.54,True,False,False
Spin,45bb0a4c-c6c7-4549-ac48-ea93ede81bed,scooter,40.006373,-83.009335,89.0,25.43,True,False,False
Spin,23fe6b48-9f1b-41ea-b5b7-1a23b4ca3840,e-bike,40.0065812,-83.01926499999999,59.0,16.1,True,False,False
Spin,231f81f8-5b68-44ec-a62f-0a3242e0067f,scooter,40.006556599999996,-83.0193037,55.0,14.93,True,False,False
Spin,04a8f194-db66-4fd1-94f8-4fe2190cce50,e-bike,39.961488333333335,-83.00375166666666,51.0,13.76,True,False,False
Spin,5dce3882-d75e-4fd3-83fd-15024918047f,e-bike,39.964045133333336,-82.99733213333333,55.0,14.93,True,False,False
Spin,b45ffef6-0542-4341-af38-7d0deec061db,e-bike,40.010256899999995,-83.012014,87.0,23.71,True,False,False
Spin,21f75dec-d211-451e-af3d-bbc749a07731,scooter,39.962059,-82.950739,18.0,4.98,True,False,False
Spin,ba69318e-6f32-44d8-b275-7ad38e134741,e-bike,40.0083158,-83.01406200000001,86.0,23.41,True,False,False
Spin,804d2683-2db5-43dd-acbe-977567b85edf,e-bike,40.007135,-83.00943666666666,42.0,11.41,True,False,False
Spin,719d4a4e-b505-4d57-bc9f-626516606fb1,e-bike,39.99286035,-83.00668225,58.0,15.8,True,False,False
Spin,d9be5cdf-610d-43e7-b5b2-ebf9c933264c,scooter,39.99362,-83.006169,94.0,25.46,True,False,False
Spin,c107d222-deba-4851-aae8-f5677ac2c217,scooter,39.961737,-82.999946,85.0,23.12,True,False,False
Spin,e4ec9792-6f8f-4468-815d-f15d7c0b2721,scooter,39.941268,-83.062405,96.0,26.05,True,False,False
Spin,eaf8359f-3dc7-45f6-805c-d69b595da0fd,scooter,39.93983,-83.068506,94.0,26.65,True,False,False
Spin,926e1aab-c862-43c0-ba4e-7ff754d203cb,scooter,39.947951,-83.049368,97.0,26.34,True,False,False
Spin,7f285316-6ae1-4f93-8878-b216b372ca15,scooter,39.991314,-83.006169,98.0,26.63,True,False,False
Spin,9ddddc85-106c-418c-95b3-98e75497cd95,scooter,39.966429,-83.000813,60.0,17.15,True,False,False
Spin,735349a3-93ca-4ed5-bd22-e75f5c69701c,scooter,39.948015,-83.049296,95.0,25.75,True,False,False
Spin,6194259c-4f76-42d0-b083-f549e09cfd22,scooter,39.948339,-83.046991,96.0,26.05,True,False,False
Spin,30256749-4739-4679-a5a9-d876667095ef,scooter,39.95042,-83.059616,96.0,26.05,True,False,False
Spin,cc5b2224-f1ec-45ab-b6f4-65e6c7943ee2,scooter,39.972366449999996,-83.0032612,84.0,22.83,True,False,False
Spin,5f9ae825-afdf-4aae-a9de-40f6abaefbb0,scooter,39.977199,-83.003713,100.0,27.22,True,False,False
Spin,dcebe8c4-3305-4c51-8a3e-0836f5c686c8,scooter,39.98582,-83.028641,16.0,4.39,True,False,False
Spin,4a30cfa7-459d-4ed2-b474-ca3f006022be,e-bike,39.97753645,-83.00350529999999,24.0,6.44,True,False,False
Spin,c66bcb98-f22e-4000-92b1-38976f84d13c,e-bike,39.95929653333334,-83.0085194,88.0,24.0,True,False,False
Spin,75bcb086-a9e4-4156-8f59-ed48d698b33b,e-bike,39.96123793333334,-83.00787829999999,86.0,23.41,True,False,False
Spin,d17f1f8a-7417-48f8-a8ce-dfef211911cb,e-bike,39.961345,-83.00681000000002,82.0,22.24,True,False,False
Spin,d797b1c3-ab36-4447-b449-3d35468f8dda,e-bike,39.96026166666666,-83.00597833333335,100.0,27.22,True,False,False
Spin,e06d60da-be97-424f-8514-b490da7ddf0f,e-bike,39.967406933333336,-83.0156261,88.0,24.0,True,False,False
Spin,1fc78fe4-8104-4099-9cf8-6a03f0e07da4,scooter,39.97399695,-83.0093708,87.0,23.71,True,False,False
Spin,a4500fef-214d-412b-83ad-728902a6e304,e-bike,39.969165933333336,-83.00933949999998,89.0,24.29,True,False,False
Spin,dd86c944-c536-4b42-85ff-1c6b276126c1,e-bike,39.96826,-83.007335,99.0,26.93,True,False,False
Spin,897570f3-e173-4925-8d65-babaa7d1aee4,e-bike,39.968270733333334,-83.0073891,89.0,24.29,True,False,False
Spin,e9db81bc-6bea-4c3a-a8f0-4211b3b2e4f1,scooter,39.986092,-82.982386,68.0,19.3,True,False,False
Spin,c512cf7c-d3c2-4660-897a-0f3c71eb98cb,e-bike,39.98094303333333,-83.00352120000001,27.0,7.32,True,False,False
Spin,76de4fc6-2c20-446c-a779-15ba58211c2a,e-bike,39.94602773333334,-83.0168925,85.0,23.12,True,False,False
Spin,7457d9e1-49c0-47b1-a42f-c57a43a37f4e,scooter,40.011276,-82.994272,44.0,12.56,True,False,False
Spin,7dd605ad-5d30-4cb4-81f0-64e1ebce3e23,scooter,40.01409,-82.974484,72.0,20.52,True,False,False
Spin,31059f86-0964-4811-80df-1de8de72b806,scooter,39.969188,-82.999726,15.0,4.29,True,False,False
Spin,9b526097-7aa4-4081-8934-4252fadccfa6,scooter,39.957451,-83.041501,80.0,21.66,True,False,False
Spin,083d2cfa-28eb-484d-8751-6ae75ddb32d0,e-bike,39.96129523333333,-82.98886955000002,56.0,15.22,True,False,False
Spin,27ee4592-90cc-4929-b091-65caaa2463dc,scooter,39.985821,-83.027526,97.0,26.34,True,False,False
Spin,303b91dc-30ec-4cb0-b63c-0843cf654be9,e-bike,39.95848803333333,-83.01413328333335,88.0,24.0,True,False,False
Spin,12d54a32-59d8-4ec3-903e-15aae3357771,e-bike,39.99346873333333,-83.00649980000001,39.0,10.54,True,False,False
Spin,03109c91-ab89-4846-a24f-c5ccb7357216,e-bike,39.98152666666667,-83.01089833333332,83.0,22.54,True,False,False
Spin,6167f4c7-2790-4b60-8513-d31d594298a1,scooter,39.968026,-82.980267,39.0,10.54,True,False,False
Spin,1e2b9877-f6c2-448a-b8b6-577271f75214,scooter,39.960567,-82.995501,73.0,19.9,True,False,False
Spin,73959fb7-2f72-46ae-befb-d91933f8b404,scooter,39.959032,-83.009791,38.0,10.24,True,False,False
Spin,6eb65c2e-6b35-422b-aecd-e79a6c4c09ef,scooter,39.960766,-83.012611,91.0,24.88,True,False,False
Spin,98bb968a-0c90-40d1-9455-25941d25228c,e-bike,39.96923773333333,-83.0098104,89.0,24.29,True,False,False
Spin,ad64068c-ddbb-467e-af03-1c73cd472423,scooter,39.959175,-83.009812,83.0,22.54,True,False,False
Spin,cbc71d49-109f-4cd8-8fde-0d64cb5b3f56,scooter,39.960716,-83.013946,94.0,25.46,True,False,False
Spin,0ef77b92-f2f2-415e-b9aa-261837a307a9,e-bike,40.009806049999995,-83.01566163333334,89.0,24.29,True,False,False
Spin,1a45a63b-cfcd-4b28-97ec-f6c1370d6fff,scooter,39.960759,-83.01278,99.0,26.93,True,False,False
Spin,b88f1f15-417e-4918-8861-e59a22b2bb17,scooter,39.956211,-83.010717,97.0,26.34,True,False,False
Spin,e68bc5ef-8a29-47ed-9eaf-604ff7a34a6b,scooter,39.957402,-83.012836,96.0,26.05,True,False,False
Spin,946a209e-1065-4c0f-8bb0-ac2a925ae610,scooter,39.969055,-82.999774,81.0,22.98,True,False,False
Spin,1f9b9789-fcf1-4170-af41-3e119329f46e,e-bike,39.96900183333333,-82.99987913333334,18.0,4.98,True,False,False
Spin,c0d17c3e-44e1-4b85-adb0-fa725a1ba772,scooter,39.956118,-83.010821,16.0,4.6,True,False,False
Spin,1cb9ebc5-a891-4b55-b37d-416ca64fff8d,e-bike,39.995157733333336,-82.99580063333333,91.0,24.88,True,False,False
Spin,29e47324-391c-44ea-acb4-6edd81eedd0c,e-bike,39.96706833333334,-82.99186333333334,56.0,15.22,True,False,False
Spin,aaa3a4fe-15ab-444f-bbfb-292ccb73e805,e-bike,39.99308263333333,-83.00441299999999,91.0,24.88,True,False,False
Spin,203cb939-f066-4b5b-8210-a5dd90be5411,e-bike,39.98015143333334,-83.00486670000001,70.0,19.02,True,False,False
Spin,09633c32-0797-473d-8159-bea7f634bc08,scooter,39.949429,-83.041748,66.0,17.85,True,False,False
Spin,c2650560-87d9-4865-bac9-adbbca33734c,e-bike,39.99372673333333,-83.0070128,47.0,12.88,True,False,False
Spin,c22f0301-29e5-4cf2-8585-d4376d53ff63,scooter,39.964437,-83.048192,24.0,6.74,True,False,False
Spin,6a120beb-51e4-429f-87d6-a35acde2f5d7,scooter,40.010402,-83.015194,49.0,14.09,True,False,False
Spin,d2ce8e37-ac7d-43e4-a735-2417af3e3312,e-bike,40.0175847,-83.00482889999999,90.0,24.58,True,False,False
Spin,dd860cb6-be16-4771-9123-0e87c7bd07d9,e-bike,39.965091666666666,-83.00110333333332,90.0,24.58,True,False,False
Spin,18c44b6c-fdb4-47f1-be8b-152bed7df296,scooter,40.003575,-82.975197,54.0,14.63,True,False,False
Spin,8cdf8afe-9473-4f0b-b3aa-567a2d8849e2,e-bike,39.99337943333333,-83.0066202,59.0,16.1,True,False,False
Spin,2bbc3099-e152-43a9-96e0-95ef3d70be65,scooter,40.012866,-83.010818,85.0,23.12,True,False,False
Spin,3c60e65d-382e-4a58-9dbb-62196483a7a4,scooter,40.014761,-82.990018,80.0,22.67,True,False,False
Spin,aafd58fb-3975-4da7-8522-9422b1bbaef2,e-bike,39.949645733333334,-82.85819711666666,27.0,7.32,True,False,False
Spin,9f7a00a0-c04c-4a69-92ee-2dab73f51999,e-bike,39.974469750000004,-83.022744,61.0,16.68,True,False,False
Spin,9a2e2112-4433-4fd8-bb3e-5a5375bb6b92,scooter,40.014608,-82.99116,100.0,27.22,True,False,False
Spin,4918c112-b754-4634-bd78-c1486cdb63b8,scooter,40.014709,-82.985665,100.0,27.22,True,False,False
Spin,b3f79e0c-de36-43cb-8651-3fa4fb45ff6c,scooter,40.014456,-82.981525,63.0,18.07,True,False,False
Spin,51e6631a-e63c-47f1-843a-56d095129b0f,scooter,39.998043,-83.0003,59.0,16.1,True,False,False
Spin,79a56470-7548-4b5c-adb2-608c4bf904ce,scooter,40.014515,-82.981566,94.0,25.46,True,False,False
Spin,0c64e7bc-e2a0-455b-9513-daec2f949eee,e-bike,40.016953333333326,-82.97834833333333,100.0,27.22,True,False,False
Spin,cb0367ca-10ba-4b41-abe5-2f63e78a6818,scooter,40.016997,-82.978423,99.0,26.93,True,False,False
Spin,30e24dd0-8775-4b47-9a9e-74ec1397e866,scooter,40.014433,-82.981583,100.0,27.22,True,False,False
Spin,e36c88f1-5a28-41ec-8bc4-551427e0c007,e-bike,39.996205,-83.00039333333334,19.0,5.27,True,False,False
Spin,7d2ce2b4-112a-4be6-a771-0a9eb6602102,scooter,39.983673,-83.020698,41.0,11.12,True,False,False
Spin,7c81bcd0-6f60-4724-a064-f083261bca51,e-bike,39.97863335,-83.0045446,67.0,18.15,True,False,False
Spin,1b2f7d37-d843-44c2-b58c-81f7559294e2,e-bike,39.97791575,-83.004588,90.0,24.58,True,False,False
Spin,7e3e0cb6-8ddb-43f3-9517-3de92381b172,e-bike,39.958561833333334,-82.99727243333334,76.0,20.78,True,False,False
Spin,f3881736-1564-45b8-8c2a-329b9aa95763,scooter,40.014072,-82.974507,71.0,20.22,True,False,False
Spin,68702b25-7f9e-4ef4-ba3a-5063978e1f1f,scooter,40.017062,-82.965494,69.0,19.61,True,False,False
Spin,cbe73b3e-d400-4b43-8d25-b00e53dcf24e,scooter,40.017039,-82.965525,100.0,27.22,True,False,False
Spin,f3b937f1-5466-4c43-afd8-5a227c10ebcb,scooter,40.014064,-82.974507,69.0,19.61,True,False,False
Spin,d68b8289-8af6-4cad-b58d-a761666dc808,e-bike,40.0068949,-83.0179836,28.0,7.61,True,False,False
Spin,4ac96327-4e50-4dee-8555-ca300843a4f4,e-bike,40.0197213,-83.01164259999999,30.0,8.19,True,False,False
Spin,0fe0e5ce-92d9-4a7c-9d09-91ae3ec74dff,scooter,40.013704,-82.967925,100.0,27.22,True,False,False
Spin,00c62051-bd5e-407a-acf2-761e41cdf93a,e-bike,40.0150092,-83.00080899999999,63.0,17.27,True,False,False
Spin,e1555734-2908-4c18-a325-dc5f916038ed,scooter,40.008964,-82.970418,71.0,19.32,True,False,False
Spin,99074920-2961-4e86-938f-3bd655981903,scooter,40.008942,-82.970423,84.0,23.89,True,False,False
Spin,b501c411-bbe7-4e09-a98a-1a30befd9a64,e-bike,39.98857265,-83.0007479,40.0,10.83,True,False,False
Spin,7f83a2cc-9c09-4595-a0a1-1cf178f00cc5,scooter,39.972601250000004,-83.0046933,87.0,23.71,True,False,False
Spin,7a557b3e-d5d5-40fa-a159-e6ca96211751,scooter,39.997251,-82.977868,75.0,21.44,True,False,False
Spin,4cbc7b3b-8f6b-4262-9c82-75eed237fe9c,scooter,39.926207633333334,-82.99615913333334,100.0,27.22,True,False,False
Spin,aff9d617-4875-461d-a835-632c861e3575,e-bike,39.98409923333334,-83.02624429999999,90.0,24.58,True,False,False
Spin,c6013cdf-5b5e-411e-a856-e530db641f9f,scooter,39.997221,-82.977869,100.0,27.22,True,False,False
Spin,aa92d012-1e94-4741-9f00-388ef3cb0500,scooter,39.993536,-82.981059,63.0,17.27,True,False,False
Spin,419f556b-e940-424c-ba6f-b20c5b8feb0c,scooter,39.993533,-82.981047,40.0,10.83,True,False,False
Spin,fefb8125-7d38-4a20-a6b0-feb8204d52ae,e-bike,39.99566513333333,-82.99996973333333,94.0,25.46,True,False,False
Spin,716482b2-7c12-4788-9b74-cdedeb4d0b14,scooter,39.968531633333335,-82.99927433333332,31.0,8.49,True,False,False
Spin,4d0c360a-8794-4941-91cc-e30d4f21bb4c,e-bike,39.95758803333333,-83.01145249999999,37.0,9.95,True,False,False
Spin,ac7fe573-eb9d-44fc-87f8-ab8274d46b8c,e-bike,39.926568083333336,-82.98764805,89.0,24.29,True,False,False
Spin,573ab775-e874-48bd-89b2-8c522c133b84,scooter,39.997074833333336,-82.99882263333332,100.0,27.22,True,False,False
Spin,73f2fbe8-286c-405b-9393-25a1e56cb6df,scooter,40.008917,-82.970393,80.0,22.67,True,False,False
Spin,b47cff6d-fe94-486b-8e48-351ea4127e46,e-bike,40.006854,-83.01620499999999,42.0,11.41,True,False,False
Spin,723a9b00-3da1-42ec-a8fe-c5d5f2a13c74,e-bike,40.0004149,-82.99853393333333,53.0,14.34,True,False,False
Spin,d4ef06a8-2776-40bd-89b7-99540a09c46a,e-bike,40.0004171,-82.99853813333333,89.0,24.29,True,False,False
Spin,63301055-0a8d-4fe9-8b4a-eca0de4296df,e-bike,40.0004407,-82.99851663333332,58.0,15.8,True,False,False
Spin,0a9ba37b-cc55-4c9a-a053-f5eadc2b8fe8,e-bike,39.955982533333334,-83.0124913,42.0,11.41,True,False,False
Spin,44371ea5-99f6-4207-9f01-e8181ab93f6e,e-bike,39.95598793333333,-83.0125001,88.0,24.0,True,False,False
Spin,a78613e2-112f-4917-934d-3ddeb175d890,e-bike,39.955983833333335,-83.01249189999999,51.0,13.76,True,False,False
Spin,1932e8ac-a989-4328-8603-62d716f445ce,e-bike,39.95599143333333,-83.0124948,33.0,9.07,True,False,False
Spin,f4db3edc-8271-42b7-9a0e-04478031e186,e-bike,39.95600013333333,-83.01249350000002,85.0,23.12,True,False,False
Spin,368329e6-c867-4196-8ee2-96aba7c680a3,e-bike,39.96719373333334,-83.01878800000001,70.0,19.02,True,False,False
Spin,61ef57f6-61be-4ff5-afa2-9806fa16ec48,scooter,39.939019,-82.989652,20.0,5.56,True,False,False
Spin,5f191f3b-bce6-4781-bc39-19eae4e07cf7,e-bike,39.99236633333333,-83.0052172,53.0,14.34,True,False,False
Spin,c4fb95d3-43d7-4051-95b1-8859442ddae1,e-bike,39.95892993333334,-83.01203009999999,88.0,24.0,True,False,False
Spin,2cd9566b-5d17-470a-accf-8a755c734aab,scooter,39.95781963333333,-82.99751933333333,98.0,26.63,True,False,False
Spin,b0dc6dfd-6432-4b44-bea9-40013ebaeb38,e-bike,39.94786023333334,-82.98424763333333,90.0,24.58,True,False,False
Spin,279738db-599e-4af5-a1fb-a364e04d7b58,e-bike,39.943666433333334,-82.98050393333332,90.0,24.58,True,False,False
Spin,555213b5-b7b1-47ba-a59a-b5a5fe7d7cfd,e-bike,39.961261666666665,-83.009285,60.0,16.39,True,False,False
Spin,e4461856-7ca2-4cb3-bedb-c2922d49506e,scooter,39.947253,-82.974229,100.0,27.22,True,False,False
Spin,41257719-80f9-4eea-9d90-3388789a5e2a,scooter,39.95057873333334,-82.99848763333333,100.0,27.22,True,False,False
Spin,825f1433-d361-4770-b609-4c9efd99ec81,e-bike,39.98259493333333,-83.00873779999999,89.0,24.29,True,False,False
Spin,72364f5c-6f96-4f78-a633-f5fae39d6fb8,e-bike,39.99939263333333,-83.0028048,90.0,24.58,True,False,False
Spin,67ac86fd-2d81-421f-8848-b8ebf66dfc81,e-bike,40.0118826,-83.01307790000001,54.0,14.63,True,False,False
Spin,7f46a502-fac3-47d3-99c2-d09700460060,scooter,40.016962,-82.973648,16.0,4.39,True,False,False
Spin,aebfc844-86c2-4583-a05f-c354c615f25c,e-bike,40.00864833333333,-82.99879333333335,56.0,15.22,True,False,False
Spin,16385a73-0f0a-469d-84f1-9464d77bb067,e-bike,40.000993333333334,-83.00786166666667,56.0,15.22,True,False,False
Spin,3791d090-4e28-4fe8-8b80-d462f53208f0,e-bike,39.976925,-83.00503833333332,72.0,19.61,True,False,False
Spin,931bf374-26dc-4814-a95b-5b80e02e63c9,scooter,39.993609633333335,-83.008403,34.0,9.37,True,False,False
Spin,a3934727-7af2-4885-8923-6bcee6d0ffc1,scooter,39.942972,-82.990369,88.0,24.0,True,False,False
Spin,6b677581-a1de-48e4-87f2-5cc9a3a119c3,e-bike,40.007235,-83.00934000000001,60.0,16.39,True,False,False
Spin,b339f510-042b-4fc6-9075-1f6eafae4cff,e-bike,39.992935333333335,-83.0067602,35.0,9.66,True,False,False
Spin,3f7d3a6e-5210-47d6-9d86-73e9d4cbded5,scooter,39.987092,-83.002802,99.0,26.93,True,False,False
Spin,b6903d06-583f-42b8-97fe-ede37f985dd1,e-bike,39.978501449999996,-83.0097023,86.0,23.41,True,False,False
Spin,c730fa48-0703-4d8e-bcfb-10e0bac6eca9,scooter,39.969035,-83.003929,71.0,19.32,True,False,False
Spin,369db6fb-5263-4b38-b653-3644b765edc7,scooter,39.970679049999994,-83.00132460000002,91.0,24.88,True,False,False
Spin,06fa9bba-056e-4e31-a9d9-ab5eb4efe900,scooter,40.01019899999999,-83.00029930000001,68.0,18.44,True,False,False
Spin,1683aba0-61be-4eea-856b-1d370c16fa43,e-bike,39.999899033333335,-83.00589130000002,44.0,12.0,True,False,False
Spin,6130f497-c892-4cd3-8571-022e89ba3b60,e-bike,40.0072732,-83.0152487,63.0,17.27,True,False,False
Spin,a7610bbc-614c-4470-b559-4f1edd5ee9ed,e-bike,40.0087459,-83.0133364,87.0,23.71,True,False,False
Spin,db6234a0-aaac-41e1-b5cc-3d219326536d,scooter,40.0065636,-83.02043,98.0,26.63,True,False,False
Spin,64718a4c-284b-4382-b0a2-b0548be4d6f0,e-bike,39.980801533333334,-83.00466980000002,37.0,9.95,True,False,False
Spin,c2345aae-8cbd-43a9-af1f-6e0abc6a9d8b,e-bike,39.99999363333333,-82.99760853333333,68.0,18.44,True,False,False
Spin,c256e43e-0baa-4e31-bbd5-b9075f4e10dc,scooter,39.94715963333333,-82.97608784999998,100.0,27.22,True,False,False
Spin,c21b838f-398b-4617-8ef5-c5e9441b0b03,scooter,39.98822495,-83.01514,28.0,7.61,True,False,False
Spin,106a7ec1-395c-43d7-b151-c87988ae728d,e-bike,39.96973053333333,-83.00865,90.0,24.58,True,False,False
Spin,448c521c-d9c3-4b71-b18e-d454ce44826f,e-bike,40.0062802,-83.0140774,59.0,16.1,True,False,False
Spin,50d8dc56-e1d1-47ea-8f04-75ac8dd7f50c,e-bike,39.98643523333333,-83.0294219,31.0,8.49,True,False,False
Spin,1875b56e-933d-46ac-a2d5-7d9418781896,scooter,40.026292,-83.024959,19.0,5.27,True,False,False
Spin,1efe548a-8d0f-475a-afe4-ba9ba5dffe4d,scooter,39.969715,-83.002175,19.0,5.27,True,False,False
Spin,fa2a9c73-0496-446c-9ebc-434f7e714583,scooter,39.985403,-83.011071,27.0,7.32,True,False,False
Spin,e7c5e50b-d884-4f64-86a6-2da17d69801b,scooter,39.952728,-82.995712,48.0,13.17,True,False,False
Spin,9a54ebc8-b0a8-4818-a1c9-d47918983351,e-bike,39.97736465,-83.00354620000002,54.0,14.63,True,False,False
Spin,f7ba169f-c5bd-43c6-999b-87130fd7069e,scooter,39.967609,-82.960321,92.0,26.34,True,False,False
Spin,5b256912-7e11-4bc2-b29f-1692f69113ae,e-bike,39.96224143333333,-83.00263179999999,53.0,14.34,True,False,False
Spin,514968df-5169-4c43-94a7-351557ef6f01,e-bike,39.962358333333334,-82.96995166666666,46.0,12.58,True,False,False
Spin,512b4088-e598-4f42-ab9f-f0c1522315b6,scooter,39.98606483333333,-83.00553819999999,68.0,18.44,True,False,False
Spin,1e49b31b-877c-4463-9f53-aee86dea42cb,scooter,39.98519265,-83.0445616,83.0,22.54,True,False,False
Spin,3d0fecad-0153-4642-8185-00cf62a0bbf9,scooter,39.952906,-82.994334,98.0,26.63,True,False,False
Spin,9e19086a-8ceb-4758-ba96-a7b73903a252,scooter,39.97588845,-83.02656909999999,40.0,10.83,True,False,False
Spin,26b32378-fc4a-4e7d-8cbe-d35cb3088b37,e-bike,40.000895,-83.00789166666667,24.0,6.44,True,False,False
Spin,d74ee491-f52e-471c-b658-9496b1d3e354,e-bike,39.95467633333333,-83.07638120000001,67.0,18.15,True,False,False
Spin,c797ca44-11a3-4a8b-8bdf-ef4f3bb6f784,e-bike,40.031183899999995,-83.02213609999998,23.0,6.15,True,False,False
Spin,9d8e7a70-8928-40e7-a792-780f21b97406,e-bike,39.98856445,-83.0007593,80.0,21.66,True,False,False
Spin,6f87e57f-8fb1-48d0-93ef-acb73042dcdc,scooter,39.990469,-82.995496,35.0,9.66,True,False,False
Spin,03fd2cd0-c029-4cfb-aebf-2e4646c54002,e-bike,39.996658333333336,-83.00311500000001,68.0,18.44,True,False,False
Spin,f1bb6894-568f-40a9-bab5-ddb3f5e6a6ff,scooter,39.993793,-82.982499,41.0,11.12,True,False,False
Spin,fbd8c969-79da-4c91-bb4d-f2d6ed55a5be,scooter,40.0075528,-83.0094331,65.0,17.56,True,False,False
Spin,fab34348-7f5d-41a7-9ba7-ef68f2da59ec,scooter,39.967811,-82.976877,96.0,26.05,True,False,False
Spin,3bc6a154-787e-46d9-b95a-a2467c79bbad,scooter,39.967704,-82.9615,96.0,26.05,True,False,False
Spin,3cc96f11-5f6e-481e-aa43-cba9a57cf20b,e-bike,39.972204850000004,-83.0074188,46.0,12.58,True,False,False
Spin,cc70dbe2-6bdd-4340-ba69-f2023479fd26,e-bike,40.0149736,-82.99071283333333,51.0,13.76,True,False,False
Spin,603d5e18-c73d-4ccb-ba66-489066d8a256,scooter,39.94657543333334,-83.0003059,91.0,24.88,True,False,False
Spin,2fd22b05-6c22-40a1-a0a8-85a5af87f1d2,scooter,39.968572,-82.970143,100.0,27.22,True,False,False
Spin,d373f332-0a8c-44d1-a56c-0e6cf675a0c4,e-bike,39.95292,-83.01886166666667,61.0,16.68,True,False,False
Spin,586648b0-d1b9-4137-9b77-144b63d23450,scooter,39.96570723333333,-82.99438163333335,52.0,14.05,True,False,False
Spin,16110045-9f0c-4fca-a079-cb82771529d5,e-bike,39.966210000000004,-82.96446666666667,100.0,27.22,True,False,False
Spin,5c3b7482-b51f-411c-9b29-f033434fd9b1,e-bike,39.98811005,-83.0290961,81.0,21.95,True,False,False
Spin,5c66884f-f157-4d7f-9683-1b8bb24d86e3,scooter,39.945844,-83.016833,43.0,11.71,True,False,False
Spin,dcdf98a8-e390-44a8-a4fe-c416f76af79d,e-bike,40.0235008,-83.0324036,26.0,7.02,True,False,False
Spin,5b29f596-8751-4122-8745-d91ef89e02c4,e-bike,40.0062695,-83.0140643,89.0,24.29,True,False,False
Spin,8ec32b89-511d-4fc7-b10e-5ec1c478e5ae,scooter,40.014857,-82.990437,80.0,22.67,True,False,False
Spin,e24ed32d-cf08-4fd7-b096-19dd9ac10406,e-bike,39.96116833333333,-82.96921333333333,100.0,27.22,True,False,False
Spin,89a2fa7f-dd23-4596-b7c4-8a62bef02ba3,e-bike,40.0110747,-83.00241290000001,37.0,9.95,True,False,False
Spin,857d724e-593f-4a49-8743-739db7b63a2c,e-bike,39.98934525,-83.04530350000002,41.0,11.12,True,False,False
Spin,1e406e7b-0b0d-46e2-b43b-cbfd5f007dbf,scooter,39.94944,-83.041676,57.0,15.51,True,False,False
Spin,09bded28-cabf-4ef3-8d5b-20ba76629470,scooter,40.035223,-82.964566,76.0,20.78,True,False,False
Spin,eb918d0e-4d5f-4224-8acc-344337009627,scooter,39.991903,-83.006506,66.0,18.69,True,False,False
Spin,82df73d9-4a87-41d0-aa78-db195fa1d46b,e-bike,39.98340293333333,-82.98919675,35.0,9.66,True,False,False
Spin,c75bbf75-b250-40e1-8b92-c62bafc2f43b,e-bike,40.0065587,-83.0190493,37.0,9.95,True,False,False
Spin,8392b5b4-6127-4f99-84bf-b7519284b006,scooter,40.0063597,-83.0164735,49.0,13.46,True,False,False
Spin,ebad3162-3748-4e17-868c-5fbd63ddfa98,e-bike,39.990325133333336,-83.02632299999999,23.0,6.15,True,False,False
Spin,dd2a8a82-6e02-4cb7-88b2-455cdef64a47,scooter,39.938264933333336,-82.97135615,70.0,19.02,True,False,False
Spin,ca180ed5-08d0-40c0-b91a-b2199cb84ced,e-bike,39.97890895,-83.0038117,71.0,19.32,True,False,False
Spin,c10f8e6e-32f6-41b1-ae2d-c803e7d1d986,e-bike,39.978897350000004,-83.0038418,27.0,7.32,True,False,False
Spin,933e2fcd-0407-48db-a367-8cd30ca774cf,e-bike,39.99072893333334,-83.01747939999998,55.0,14.93,True,False,False
Spin,f5fa5fd4-9cc8-48b3-b4b5-627eee182bcc,scooter,39.939543,-82.96701,80.0,22.67,True,False,False
Spin,47a2d4e8-e2dc-4a79-ac84-c08898061c34,e-bike,40.002977099999995,-83.00857839999999,22.0,5.85,True,False,False
Spin,702c6602-96ac-495e-82ef-3dbd3b5b257c,e-bike,40.0070616,-83.0052496,40.0,10.83,True,False,False
Spin,536e262b-74fc-4375-9b90-7de3f1d6697f,e-bike,40.00266,-82.99812833333333,87.0,23.71,True,False,False
Spin,2e94f04b-aac2-4746-98cf-e7fce604bdab,scooter,39.990224,-83.026284,60.0,16.39,True,False,False
Spin,837b5008-e1de-4dba-80f3-0ff61bff2b1a,e-bike,40.0003844,-82.99732853333335,66.0,17.85,True,False,False
Spin,04446cf3-7b5b-4568-a1a9-ede2f7bc5f13,scooter,39.99318613333333,-83.0269766,59.0,16.1,True,False,False
Spin,5023ad3d-95ec-4065-8f9b-f0ee3ad0aa43,e-bike,39.99804073333333,-83.0001392,33.0,9.07,True,False,False
Spin,7f01d97c-17e6-4470-b3c1-a4b4d939dc2d,e-bike,39.957402933333334,-83.0113798,52.0,14.05,True,False,False
Spin,db525a29-e5dd-4885-98fb-8a7ed5063818,e-bike,39.925308333333334,-82.98429043333333,82.0,22.24,True,False,False
Spin,25e85a1d-ac2d-471d-bd50-236c66b2ff7b,e-bike,39.957573333333336,-83.01143500000002,35.0,9.66,True,False,False
Spin,10b29629-771c-45a5-a64d-531fe28868b4,e-bike,39.95757833333333,-83.01140833333332,41.0,11.12,True,False,False
Spin,0e248547-84e0-471a-9aad-8b3ae3382f20,e-bike,39.95757583333333,-83.0114561,35.0,9.66,True,False,False
Spin,41712e59-f58e-4cd8-a2e8-ef53329afee1,e-bike,39.95759463333333,-83.01143750000001,28.0,7.61,True,False,False
Spin,8ecc46ae-f1e1-472d-b524-93fa135cfac8,e-bike,39.957572533333334,-83.01146410000001,82.0,22.24,True,False,False
Spin,0635c193-5c4d-4037-8c99-b6587ac47bb2,e-bike,39.96407833333333,-82.99636333333335,100.0,27.22,True,False,False
Spin,b3236036-0890-4a9e-b3a7-ff595c73f85d,scooter,39.946004,-83.016895,100.0,27.22,True,False,False
Spin,79ea46c7-5d35-4d87-a196-beeb6f142189,scooter,39.931533,-83.04919,57.0,15.51,True,False,False
Spin,22590d82-32b9-4e99-bb87-4f162f43e949,scooter,39.972433,-83.002682,37.0,9.95,True,False,False
Spin,95e38ebd-cab3-4708-9341-bb03030a2f74,e-bike,39.99336353333333,-82.98193323333335,71.0,19.32,True,False,False
Spin,613636b0-78ae-4e42-88f6-7c590c51974a,e-bike,39.96569813333333,-83.02205970000001,40.0,10.83,True,False,False
Spin,59f6d65e-2d5f-4f92-97a5-270b27640a04,e-bike,39.94937166666667,-82.995525,37.0,9.95,True,False,False
Spin,59d252a1-fac0-4fad-b39d-923e2bc59ad5,e-bike,39.95010263333334,-83.0002563,92.0,25.17,True,False,False
Spin,4e547e92-68fb-4ad9-acee-2bdaf7eb3f87,e-bike,39.96311913333333,-83.00425259999999,55.0,14.93,True,False,False
Spin,f3f6d02b-2334-42bb-8231-18612f374954,scooter,39.963086233333335,-83.00424849999999,15.0,4.1,True,False,False
Spin,3cffbfe9-fb90-4148-b30a-4cc6c73b93e4,e-bike,39.95624173333333,-83.0100023,28.0,7.61,True,False,False
Spin,4712d4a2-fa9d-4fde-bdef-bae788a78276,e-bike,40.0089077,-83.01373299999999,89.0,24.29,True,False,False
Spin,ac429b7c-9675-4504-9ac4-d3f1016fc37b,scooter,39.955471,-83.074144,34.0,9.37,True,False,False
Spin,6ce54637-6d02-4b5b-86ef-36805a2c5af5,e-bike,39.987861550000005,-83.00332320000001,53.0,14.34,True,False,False
Spin,882fbe34-1835-49e2-88fe-f02619baf2ea,e-bike,39.98787195,-83.0033347,31.0,8.49,True,False,False
Spin,1ac791c5-c092-4346-80e1-52da13d26f23,e-bike,39.934837933333334,-82.97113525000002,39.0,10.54,True,False,False
Spin,aefefdaf-3338-4782-9512-0220cf34e07c,e-bike,39.978611949999994,-83.0087675,76.0,20.78,True,False,False
Spin,0464ac33-6e32-43c4-a3fb-ee7ea981adf4,scooter,39.97486135,-83.00390780000001,75.0,20.49,True,False,False
Spin,a0090b52-2f27-4e5f-a18a-9bf3bf423e77,scooter,39.97484315,-83.00391310000002,47.0,12.88,True,False,False
Spin,6ee2d56a-8368-4683-910c-69c26233433c,scooter,40.020364,-82.967771,41.0,11.12,True,False,False
Spin,468f63b3-f55d-4027-b903-3bdc9334e8f3,e-bike,39.95835653333334,-83.00974353333335,88.0,24.0,True,False,False
Spin,6fed1467-845f-4fd7-b1ef-c546b2ae0090,e-bike,39.95619263333333,-82.99983143333333,91.0,24.88,True,False,False
Spin,2a18e1e4-2714-4db2-896e-9770f1cf3b82,e-bike,39.99940323333333,-83.0070328,87.0,23.71,True,False,False
Spin,501ace22-d11e-4e65-b947-b40df9e2676c,e-bike,39.96031253333333,-83.00040859999999,91.0,24.88,True,False,False
Spin,a44875a0-2070-4c47-8885-4bfd0484e73d,e-bike,39.958549133333335,-83.00288200000001,43.0,11.71,True,False,False
Spin,45a3af44-be2e-4357-a325-6d6d0aaf01b8,scooter,39.96927433333334,-83.00001830000001,27.0,7.32,True,False,False
Spin,465ab2db-54fd-4e11-a226-448b6c229544,e-bike,39.962332133333334,-82.99405153333333,89.0,24.29,True,False,False
Spin,6a33857a-1877-44ef-9a74-9874ba219d31,e-bike,39.985815,-82.96755666666668,45.0,12.29,True,False,False
Spin,fd933232-c3f9-4c95-b710-99782c5cf691,scooter,39.96736683333334,-83.0179151,59.0,16.1,True,False,False
Spin,0be71ce2-e05e-4b15-97bc-13d56a41ee7a,e-bike,39.99603666666667,-83.00263000000001,48.0,13.17,True,False,False
Spin,3c628e10-7ae9-4eb5-9bfa-d9ce757c2605,scooter,40.011663,-83.010336,49.0,13.46,True,False,False
Spin,abff90b8-f76a-4c9a-b146-33b57dd228cc,e-bike,39.94354523333333,-82.97639454999998,49.0,13.46,True,False,False
Spin,b4fe7b5b-6f6e-4b53-8967-58f2dc1c523b,e-bike,39.97048495,-82.99016083333332,91.0,24.88,True,False,False
Spin,fbde8f19-ba64-4a44-b5e6-e13f8ba1ed56,e-bike,39.99859423333333,-82.99970633333332,34.0,9.37,True,False,False
Spin,69ff0e4a-9c1e-4542-94bb-8b46bdf511fa,scooter,39.959482,-82.995791,94.0,25.46,True,False,False
Spin,dd07ac91-ff23-430a-bc59-1c99b6c5854d,e-bike,39.95573651666667,-83.0046851,58.0,15.8,True,False,False
Spin,f9cf44a6-5f93-4cdb-8628-7906d2899c77,e-bike,39.97684025,-83.0034954,55.0,14.93,True,False,False
Spin,9ce2cd10-7c47-40ea-b154-3f8a346511b2,e-bike,39.95745483333334,-83.00648010000002,26.0,7.02,True,False,False
Spin,11a92c16-ba45-4588-a459-53ee893abad2,e-bike,39.95745063333333,-83.00647550000001,33.0,9.07,True,False,False
Spin,c5af2de9-8abc-4fc6-b8b3-a05aeb1eb0b0,e-bike,39.957436666666666,-83.00648333333332,38.0,10.24,True,False,False
Spin,7d20808b-f4a9-4bb5-8ee9-b0b3c167d89e,e-bike,39.95743623333333,-83.00647380000001,49.0,13.46,True,False,False
Spin,0b57808d-0952-4230-a99a-12eb8bd4ad0d,e-bike,39.96924333333333,-82.99065833333334,98.0,26.63,True,False,False
Spin,338f3cc2-7439-4752-bcbf-51150706bf03,scooter,39.965212,-82.990348,100.0,27.22,True,False,False
Spin,875fa65a-f818-47de-882c-3551fdce8986,e-bike,39.95571223333333,-83.00464609999999,52.0,14.05,True,False,False
Spin,311fa100-2ecd-481f-b1d7-feebffa1a934,e-bike,39.976007249999995,-83.00253390000002,43.0,11.71,True,False,False
Spin,1a323762-7580-40f6-9d7a-edca764ffefb,scooter,39.96829883333333,-83.00159579999999,38.0,10.24,True,False,False
Spin,88f9932d-f442-40e1-b522-7f08483e1857,scooter,39.965979,-83.001402,73.0,19.9,True,False,False
Spin,bbee7a63-b4af-4d13-829f-a17d3acb57c6,scooter,40.014297,-82.97673,94.0,25.46,True,False,False
Spin,185b4213-77ff-415a-892c-7ae16678a9d6,scooter,39.96865,-83.004836,100.0,27.22,True,False,False
Spin,7fe0deb2-a0a5-4248-81da-f9b09a7acfa8,e-bike,39.995469433333334,-83.002454,44.0,12.0,True,False,False
Spin,f649cee7-f1af-497c-9c71-800f918add87,scooter,39.955561,-83.02621,37.0,10.42,True,False,False
Spin,255cee88-feae-4799-8c0b-0289388f47b2,scooter,39.967668,-83.009462,95.0,25.75,True,False,False
Spin,cd2a3f1d-9a18-4832-9e0b-fee1d20e8f75,scooter,39.986814,-83.005462,75.0,20.49,True,False,False
Spin,e4780a0b-287b-4a4b-971b-2b44240d6826,e-bike,39.99463453333333,-83.0069033,27.0,7.32,True,False,False
Spin,9e8fdb18-2d1a-4028-9cde-ef2c87b52d70,scooter,40.014116,-82.987236,43.0,11.71,True,False,False
Spin,1a16500e-abd7-46e2-894b-e65141d2ae20,scooter,39.97109,-83.007416,94.0,25.46,True,False,False
Spin,d6f9df8d-12ff-4d29-9d00-9eb7464e2244,e-bike,39.973908333333334,-83.00919999999999,97.0,26.34,True,False,False
Spin,924e880d-1a91-4f83-a406-972e7c270b50,scooter,39.98726953333333,-82.99726713333332,39.0,10.54,True,False,False
Spin,a8267433-9ffe-4ba6-bd83-73095124eeff,scooter,39.959066,-83.009223,43.0,12.25,True,False,False
Spin,e11192c2-72e1-47d2-b80e-1532154225ce,e-bike,40.0066323,-83.0127648,89.0,24.29,True,False,False
Spin,a4d08c06-8675-413c-908e-fb7138996643,e-bike,40.000769399999996,-83.00799620000001,48.0,13.17,True,False,False
Spin,c9d67616-fda8-4e7e-b153-8ba0caa17522,e-bike,39.993330633333336,-83.00678269999999,47.0,12.88,True,False,False
Spin,8cb898cf-ebbf-4c92-98d8-102ba7892dcf,e-bike,39.99407133333333,-83.00680570000002,83.0,22.54,True,False,False
Spin,3af2ec9d-3030-48a7-9359-f065051df463,e-bike,39.99285,-83.012375,18.0,4.98,True,False,False
Spin,e4b0f849-c181-49e4-929e-505bdf8802ba,scooter,39.985821,-83.02749,22.0,5.85,True,False,False
Spin,515a6a5e-0315-499e-9a99-2ce612dc6211,e-bike,39.99406143333333,-83.00680329999999,91.0,24.88,True,False,False
Spin,2f999438-7a7e-4aea-8944-b2fdb992c295,scooter,39.963241733333334,-82.98135213333335,35.0,9.66,True,False,False
Spin,bd5fc344-83b3-41e7-a9d6-f3e5966f69bd,e-bike,39.938182133333335,-82.96807503333333,25.0,6.73,True,False,False
Spin,382f52c7-ac94-4362-b79a-417e4a2a7c70,scooter,39.95632,-83.026345,87.0,23.71,True,False,False
Spin,9ebe4e57-ffe5-4b9d-8dc8-d088573781d7,e-bike,40.006288000000005,-83.013394,86.0,23.41,True,False,False
Spin,e9c6f81e-2e82-4eda-8967-21e69b0521ba,scooter,39.93484,-82.968992,80.0,22.67,True,False,False
Spin,a7e8267c-4753-4e50-80f7-bfa23e21a401,e-bike,40.017854400000004,-83.014858,19.0,5.27,True,False,False
Spin,70bc2ba1-f4b6-4361-b518-f30f1a9a76a5,e-bike,40.0121621,-83.0085838,29.0,7.9,True,False,False
Spin,23b55f01-496c-4046-adc9-9f06920963d0,e-bike,40.0071711,-83.01964090000001,88.0,24.0,True,False,False
Spin,09fe3fd3-0842-4c58-8ff5-38a6f6657894,e-bike,39.991392633333334,-83.01469219999998,38.0,10.24,True,False,False
Spin,284fe052-c07c-479e-955f-a436631e8aff,scooter,39.950382,-83.037158,66.0,17.85,True,False,False
Spin,baeb2591-4329-4c9a-a372-5b9aa7479d00,scooter,40.00893,-83.009946,89.0,24.29,True,False,False
Spin,5d7486ff-e0e2-4b86-82da-6794d7554682,e-bike,40.0119159,-83.01305499999998,52.0,14.05,True,False,False
Spin,63da0ae8-49cc-4470-942c-a0b23d82b3be,scooter,39.99333183333333,-83.00681549999999,100.0,27.22,True,False,False
Spin,53ae03d8-5241-47fa-be66-0f1db5d8d090,e-bike,39.99761483333334,-83.0036881,49.0,13.46,True,False,False
Spin,2ae10d17-e734-48b6-a38f-a6eab4f2a61f,e-bike,40.0150804,-83.0114106,70.0,19.02,True,False,False
Spin,3bb6fa3f-43ad-43cd-a8b3-2eba380383bb,e-bike,39.99195553333333,-83.0066603,95.0,25.75,True,False,False
Spin,a8237705-6e63-4e38-9835-0054c8571713,e-bike,39.99426413333333,-83.00685360000001,85.0,23.12,True,False,False
Spin,1c2c6375-16c0-4de7-8b24-5a6c393eb31b,e-bike,39.99138273333333,-83.00737920000002,92.0,25.17,True,False,False
Spin,1122d5dc-f4d5-45a8-a149-2705128f8292,scooter,39.957643,-83.042346,66.0,17.85,True,False,False
Spin,70a37fe4-b763-4a8c-a625-a6c5916dfbef,scooter,39.99287493333333,-83.0067617,100.0,27.22,True,False,False
Spin,a5817946-c83e-4821-ad0e-5ebbe65f6286,scooter,39.98965105,-83.00557760000001,100.0,27.22,True,False,False
Spin,5e3ac5c1-b058-449c-ac08-0bdf29ab2279,scooter,39.97343285,-82.98054233333332,37.0,9.95,True,False,False
Spin,b0610329-dc5b-43eb-b5b5-8824ff3e9003,e-bike,39.97627405,-83.00333010000001,29.0,7.9,True,False,False
Spin,dd013a07-b2ed-46d2-a95a-c456e2d14698,e-bike,39.98904155,-83.0019686,100.0,27.22,True,False,False
Spin,26fde455-016a-4251-b764-242a54d25c79,e-bike,39.98776875,-83.0056669,92.0,25.17,True,False,False
Spin,d62e04d9-b287-4dbd-affe-50481b389a1d,e-bike,39.98687803333333,-83.00539750000002,95.0,25.75,True,False,False
Spin,fd769709-4f2d-4e5f-b3d8-bce41cc28cda,scooter,39.979825,-83.010326,69.0,18.73,True,False,False
Spin,72304ed2-d580-4d98-b551-e3528c3782b8,e-bike,39.96471173333334,-83.00249749999999,72.0,19.61,True,False,False
Spin,22ec2c5e-de83-49d0-ab0f-0a7913de4f81,e-bike,39.982025033333336,-83.01161750000001,94.0,25.46,True,False,False
Spin,e167c858-23aa-40c1-bd32-d68fd5009e73,scooter,39.978656,-83.004662,91.0,24.88,True,False,False
Spin,7e2dbf3f-e35e-4072-a36e-3e26ce65d8a6,e-bike,39.98674596666667,-83.00550915000001,19.0,5.27,True,False,False
Spin,6e03ef26-678e-4be9-b662-2a57614cdaca,e-bike,39.97890666666667,-83.00381,89.0,24.29,True,False,False
Spin,0843c72a-29e6-4c45-a338-63c3427cba12,scooter,39.976929,-83.003471,100.0,27.22,True,False,False
Spin,60c2448d-352c-4832-90ba-82b3f4e1b3cc,scooter,39.971490349999996,-83.0025421,24.0,6.44,True,False,False
Spin,3a23b7a9-33e4-4e0d-a878-8a083ac21694,scooter,39.976642,-83.00344,78.0,21.36,True,False,False
Spin,8b0bb930-6ede-47ff-8617-aa8447c211c2,scooter,39.964152033333335,-82.99685073333333,52.0,14.05,True,False,False
Spin,03b9286b-6e8b-43a8-8382-76e925df15aa,scooter,39.95740703333333,-82.99941693333334,89.0,24.29,True,False,False
Spin,9c4df422-afbc-40b4-bccc-e26d992c0eac,e-bike,39.977385850000005,-83.00337749999998,37.0,9.95,True,False,False
Spin,87aae6a5-7a18-45f8-8362-285b325a41f2,e-bike,39.98535915,-83.00166239999999,39.0,10.54,True,False,False
Spin,0011ec4d-8656-4ac9-a8db-37eb46708f96,e-bike,39.95448643333334,-83.03627350000001,49.0,13.46,True,False,False
Spin,33bcaeec-b7e7-4c41-acc0-522c9d16e800,e-bike,39.95448833333333,-83.03629360000001,31.0,8.49,True,False,False
Spin,5809afac-3007-438b-9268-e30459314b41,e-bike,39.97143333333334,-83.00258666666666,98.0,26.63,True,False,False
Spin,de78768a-656c-4246-9495-57f4235c8437,e-bike,40.014031100000004,-82.96653783333335,37.0,9.95,True,False,False
Spin,1b85b3ec-589e-48ba-b919-b246fa22ee10,scooter,40.0075086,-82.99693803333334,41.0,11.12,True,False,False
Spin,088d09a0-bda9-43ca-9060-f72d2ccdbed7,e-bike,39.957859633333335,-83.0141276,49.0,13.46,True,False,False
Spin,ac21e816-a776-4100-9820-6bea575b090e,e-bike,40.000834299999994,-83.001554,87.0,23.71,True,False,False
Spin,34b42d4d-e70d-4aa3-8c8f-9ad39f5026cc,e-bike,40.000824800000004,-83.00154230000001,78.0,21.36,True,False,False
Spin,f460d0ba-7d33-4ec4-ab5d-a1a7d163870c,e-bike,40.0008547,-83.0015927,62.0,16.97,True,False,False
Spin,5614c495-899c-404e-aa1a-b83b77b20049,scooter,40.014214,-82.991802,95.0,25.75,True,False,False
Spin,4a8b71f6-ccfd-4988-bbf5-8674dce334d2,scooter,40.0055857,-83.00903840000001,63.0,17.27,True,False,False
Spin,9d553bc7-83b9-4eb0-98d8-d9aef32cac8a,e-bike,39.95542533333333,-83.00436749999999,76.0,20.78,True,False,False
Spin,0b462dae-5d69-417e-930a-f216a78bb48f,e-bike,39.99498833333334,-83.00716666666668,82.0,22.24,True,False,False
Spin,9e663ebc-39f9-4c35-87eb-f46d2de15443,scooter,39.974616149999996,-83.0029535,74.0,20.19,True,False,False
Spin,e9c52cd1-6d42-483c-aaf5-6506ab0eb9ee,e-bike,40.006131800000006,-83.013334,40.0,10.83,True,False,False
Spin,0f75c76f-0dbb-40ca-a62d-b84742593b22,scooter,39.98155283333333,-82.98480363333334,57.0,15.51,True,False,False
Spin,6b2d0474-3394-40bb-a8a3-6225d57e27b8,e-bike,39.99864373333333,-83.00762209999999,45.0,12.29,True,False,False
Spin,3cca3d97-dc2a-4562-a85e-5fda934869da,e-bike,39.97877905,-82.99396603333335,51.0,13.76,True,False,False
Spin,f3671b4a-5919-45cb-8d3f-8c4c15b22f45,scooter,39.978814,-82.993939,40.0,10.83,True,False,False
Spin,ce33b7c1-8208-4469-89fd-737000f9b669,scooter,39.97878855,-82.99390543333332,33.0,9.07,True,False,False
Spin,d8cb5bf4-c8d2-4524-8dd6-e26c1b957a12,e-bike,40.0146638,-83.0112219,60.0,16.39,True,False,False
Spin,d8feafe8-4764-462b-b171-adebff900233,e-bike,40.0062193,-83.01336719999999,33.0,9.07,True,False,False
Spin,b66142b7-9da2-4e33-b11f-a6e19779453e,e-bike,40.004916800000004,-83.0088248,67.0,18.15,True,False,False
Spin,e6251f30-0375-4d6a-8012-a3586fb46b60,e-bike,40.0062173,-83.0133458,70.0,19.02,True,False,False
Spin,8e545407-bd17-48c7-93b9-d0bd8ff5f7cf,scooter,39.959037,-83.032141,94.0,25.46,True,False,False
Spin,835d3f2e-aa52-483a-afaa-a657ed27b619,e-bike,39.95759403333333,-83.00263269999999,61.0,16.68,True,False,False
Spin,0afad4ae-34ab-4993-a49f-9f8c6414f94f,e-bike,39.98096973333334,-83.0043781,78.0,21.36,True,False,False
Spin,f83f37fb-1dc8-4d9b-be40-2e6fb5f879ea,e-bike,39.98089653333333,-83.00356760000001,40.0,10.83,True,False,False
Spin,a8194f20-f715-4acf-acde-f83aa94f37ac,e-bike,39.99764893333334,-83.00449269999999,46.0,12.58,True,False,False
Spin,5e3b3bac-e388-4662-8526-bff51be9e5e0,scooter,39.994762433333335,-83.00684389999999,40.0,10.83,True,False,False
Spin,641f3c41-6868-42bc-a3f4-ea86eeb18ed4,scooter,40.014571,-82.988007,94.0,26.65,True,False,False
Spin,0df872af-12d1-46d5-b9b1-387f8e74b281,e-bike,39.965638733333336,-82.99438553333333,18.0,4.98,True,False,False
Spin,f53e2fbb-beeb-4d4b-b7b1-8241e732fc44,e-bike,40.0132982,-83.01085669999999,30.0,8.19,True,False,False
Spin,9059d3de-0e5d-43b4-95c2-848534cdb9bc,scooter,39.954808,-83.092903,38.0,10.24,True,False,False
Spin,8997137f-f69b-43df-b1f5-cad13b9ca1e4,e-bike,39.95908033333333,-83.0086447,30.0,8.19,True,False,False
Spin,e2697d71-9946-4c13-8f14-0e3928b19a0d,e-bike,40.0062913,-83.01409399999999,60.0,16.39,True,False,False
Spin,460bb2aa-cf76-403d-9bb7-f1b496c85186,e-bike,40.006288749999996,-83.01406091666668,52.0,14.05,True,False,False
Spin,33ba0958-38c3-4160-9d17-967ae9ecf7bf,e-bike,39.986273833333335,-83.0121588,16.0,4.39,True,False,False
Spin,f65173bb-ab9d-4ea3-b929-0465eb2fefdc,e-bike,39.98274693333334,-83.0046842,89.0,24.29,True,False,False
Spin,e6e3b45c-f132-4c55-97c8-c267e35b2333,e-bike,39.97061,-83.00215000000001,0.0,,False,True,False
Spin,29f7c9ac-05eb-495b-b355-57d7aef25da3,scooter,39.982621,-83.008737,6.0,1.84,False,True,False
Spin,54a99ad9-ee18-41d9-9e92-20db8b93e8c3,e-bike,39.99046666666666,-82.99557000000001,0.0,,False,True,False
Spin,55d79be4-5d50-4a7e-9a99-3b5bd7ff3ac8,e-bike,39.99998733333334,-82.97265825000001,0.0,,False,True,False
Spin,59d83faa-69e8-45fe-bbd2-f73970861ed0,scooter,40.000584,-82.973362,0.0,,False,True,False
Spin,90362b31-6276-4899-a651-314b0c585f07,e-bike,39.97211395,-83.00267450000001,0.0,,False,True,False
Spin,09d780ed-95ca-49c5-bb34-e2de3deae4ee,e-bike,39.98261483333333,-83.00439650000001,0.0,,False,True,False
Spin,1f36ffcc-b9e1-42e9-aff6-9b087eeeb72d,e-bike,39.952960733333335,-83.00756449999999,0.0,,False,True,False
Spin,c28df815-61db-4d5e-9262-73d2b0c2c08b,e-bike,39.971599250000004,-82.99989073333333,9.0,2.34,False,True,False
Spin,1c6bf732-8740-49d7-b655-21df7c5e7016,scooter,39.999993,-82.97268,0.0,,False,True,False
Spin,e7a87da1-0601-4540-af1c-e914f05e7cea,scooter,39.97068375,-83.0013089,13.0,3.51,False,True,False
Spin,d5dff2c6-00d7-455e-803f-a2721c0d055a,e-bike,39.97263565,-83.0025935,0.0,,False,True,False
Spin,8072d498-ec63-44e4-b121-667f8f13623f,scooter,40.0194059,-83.0257817,8.0,2.05,False,True,False
Spin,ae846469-5d9f-451d-a965-a8df50e55015,e-bike,40.118676,-83.06990449999999,9.0,2.34,False,True,False
Spin,a9b66cd6-97ae-4826-82d4-3b170ff239b5,scooter,40.0089055,-83.01511809999998,14.0,3.8,False,True,False
Spin,be8e72b4-3d7b-48cc-b07e-aed96dbfc805,scooter,39.963588,-83.004325,0.0,,False,True,False
Spin,c6f668cc-1c22-4cf0-a4f7-b8340f6d3029,e-bike,39.987049533333334,-83.02110660000001,2.0,0.59,False,True,False
Spin,712a590c-995c-417c-8a56-1338a0f861ae,scooter,40.014083,-82.992565,0.0,,False,True,False
Spin,76f35f0f-81a7-41df-b422-23646bb28616,scooter,39.957848,-83.035929,0.0,,False,True,False
Spin,2f84c1df-c0ef-43d0-a5b8-7b12bb45452f,scooter,39.931394,-83.049032,0.0,,False,True,False
Spin,7a2882cc-2b5e-4f51-a4ac-55df2eab1d9c,e-bike,39.964360000000006,-82.98103833333334,5.0,1.46,False,True,False
Spin,96ebc64c-e295-4da0-9cdf-6bc38f41528d,scooter,39.99940453333333,-82.99686933333332,11.0,2.93,False,True,False
Spin,e5c2c0a1-b1d6-407f-92f1-58b1c8f35fce,scooter,40.019704,-83.012434,10.0,2.63,False,True,False
Spin,440d1a77-0c8b-4a29-adae-76c2cfd43ce8,scooter,39.940288,-82.981027,12.0,3.22,False,True,False
Spin,b4f3c36a-4482-4ac2-886a-bcc073a8d711,scooter,39.966937,-82.998731,0.0,,False,True,False
Spin,95e2b9bd-09c5-478c-89dd-01ff89621361,scooter,39.960874,-82.986511,0.0,,False,True,False
Spin,cda6ff8b-ddc2-4c8a-b0f4-2253d56d73bf,e-bike,40.0111784,-83.010616,13.0,3.51,False,True,False
Spin,d4c6e21a-65a8-4af1-b1a1-ca25f4e3c854,e-bike,39.95430833333333,-83.03620166666666,3.0,0.88,False,True,False
Spin,d7d205ad-9bb5-487c-9766-f4ba6e1c8a5a,e-bike,40.011167,-83.01056850000002,10.0,2.63,False,True,False
Spin,88f4405f-78ea-4077-9e5e-0dccaec21766,e-bike,39.97408505,-83.001271,14.0,3.8,False,True,False
Spin,6e2f3dd2-e5e1-498b-801c-9d662bcd621e,scooter,40.000407,-82.985945,14.0,3.8,False,True,False
Spin,78ffe25a-2a70-4a4b-8843-c40ea23d4f10,scooter,39.94597,-83.060845,0.0,,False,True,False
Spin,3d08b353-8aad-4669-b9f2-bda345ce8c1a,scooter,39.988856,-83.005437,12.0,3.22,False,True,False
Spin,0436ed9b-8398-44b6-b8b9-375578e3ec50,scooter,40.041189,-83.018999,0.0,,False,True,False
Spin,9e91fe8d-4851-46b6-93aa-6bfb4aefc2fe,e-bike,39.95931163333333,-82.99005523333332,0.0,,False,True,False
Spin,367f446a-603c-496e-bec6-8348cdbe83e5,scooter,40.046587,-82.931076,0.0,,False,True,False
Spin,e8149ee6-494b-465a-bfb0-5de0ab7d3d4e,e-bike,39.99711333333333,-83.00759833333335,95.0,25.75,True,False,False
Spin,d7bf90f3-e2f7-4c97-bd2a-f8e430f68734,scooter,40.003469,-83.011029,26.0,7.02,True,False,False
Spin,6f22736b-a8c0-4a0b-a7ea-c06cf32a7db0,scooter,40.003997,-83.0111766,69.0,18.73,True,False,False
Spin,7294c18e-22b8-4b80-98c8-18bba2b807dd,scooter,40.0039769,-83.0111877,70.0,19.02,True,False,False
Spin,0cff83a8-6ecd-45c2-853b-69e7d528ef0c,e-bike,39.998068333333336,-83.00948666666666,51.0,13.76,True,False,False
Spin,9d65105f-0586-4c10-a451-946c53bf7828,scooter,40.000492,-83.015469,35.0,10.11,True,False,False
Spin,e0ffd805-74c5-4e79-82be-c237efb1a5c9,scooter,40.003655,-83.011106,75.0,20.49,True,False,False
Spin,d97eea40-85e3-4af7-ba04-78c586dab603,scooter,40.0055276,-83.00921650000001,80.0,21.66,True,False,False
Spin,1e0f3e8a-86f7-4acd-b3e4-c6c4a86f158c,e-bike,39.9941,-83.00684166666666,67.0,18.15,True,False,False
Spin,7fadcf24-0be9-4785-9dff-984dd771f7df,e-bike,39.994076666666665,-83.00691,82.0,22.24,True,False,False
Spin,a01e0ccc-cf3d-4282-a4e2-e8662106aa98,e-bike,39.994095,-83.00687500000001,57.0,15.51,True,False,False
Spin,07a1bf56-5e34-4e19-b2c0-e7049a642d88,scooter,40.002468,-83.017099,37.0,9.95,True,False,False
Spin,88d65fa5-d55d-4895-84d4-fab5a48214cb,e-bike,40.004452216666664,-83.02129548333332,72.0,19.61,True,False,False
Spin,f4bde394-7444-4ef5-ac0a-f1cbdf2864b2,scooter,40.0031064,-83.00878630000001,87.0,23.71,True,False,False
Spin,05126404-7d80-4680-ac86-ac0a54d67857,scooter,39.99818753333333,-83.0081102,26.0,7.02,True,False,False
Spin,f494a512-bece-4561-b4b5-316f79c4bc6b,scooter,39.999142633333335,-83.0173163,78.0,21.36,True,False,False
Spin,dc8b4101-73a5-4e95-8292-29c410e659f6,e-bike,40.0062644,-83.0180114,24.0,6.44,True,False,False
Spin,05043fd2-3bd5-4115-b124-938ea48e8aa6,e-bike,39.99640253333334,-83.0169165,20.0,5.56,True,False,False
Spin,3e401564-7d68-440c-8df8-35d58809a045,e-bike,40.00345,-83.01065666666666,30.0,8.19,True,False,False
Spin,34b4aafb-972c-426f-97e4-460e92fc96d6,scooter,40.001534,-83.021732,69.0,18.73,True,False,False
Spin,07883db2-e2a5-41bd-9319-a05aa925bed2,e-bike,40.0039857,-83.0157872,66.0,17.85,True,False,False
Spin,000dfea7-94ec-44fb-a4da-0900adc22355,scooter,40.006192,-83.017052,59.0,16.1,True,False,False
Spin,1b08fa84-22d8-4b5c-8078-cfd71cb9c93c,e-bike,40.0039749,-83.0157152,45.0,12.29,True,False,False
Spin,523493ce-bf5f-40a0-8f04-f15e1e388db0,e-bike,39.994535733333336,-83.0120259,30.0,8.19,True,False,False
Spin,9d8e4a55-1ec3-44b9-b84d-e4f62254cdb8,e-bike,39.995480433333334,-83.0095843,27.0,7.32,True,False,False
Spin,9b132139-d793-41ce-92ca-f19ddb44157e,scooter,40.0001503,-83.021403,95.0,25.75,True,False,False
Spin,dd0b5877-2ed1-4dd7-b75c-7215b45c9048,e-bike,40.002520600000004,-83.01785829999999,86.0,23.41,True,False,False
Spin,e5823fc0-bdad-440c-a22c-84207c7e88a1,e-bike,39.99814713333333,-83.0095431,46.0,12.58,True,False,False
Spin,1fe90d7f-6961-4da0-93a2-a7dbe46650ed,scooter,40.005564899999996,-83.01192870000001,56.0,15.22,True,False,False
Spin,77c7a897-04d1-46b4-a9fb-157002d5c979,e-bike,39.99541166666667,-83.00938,98.0,26.63,True,False,False
Spin,b23c2ca1-0b1b-4801-9986-e39064f67710,scooter,39.99933743333334,-83.01616369999998,95.0,25.75,True,False,False
Spin,af14b5f0-fdf6-4791-9d13-0f01182b0cbe,scooter,40.001345,-83.014535,71.0,19.32,True,False,False
Spin,3e00ba84-3fbd-4155-8803-5071d76c044f,e-bike,40.0058608,-83.01394729999998,86.0,23.41,True,False,False
Spin,fb0ca4d9-d06c-4268-b535-0090eed06a4a,scooter,39.998207,-83.008113,88.0,24.0,True,False,False
Spin,ffec4878-fecc-43d2-9975-309fdb406947,e-bike,39.99469,-83.00686833333333,96.0,26.05,True,False,False
Spin,94e6e610-2fb5-4c64-8f5b-247957a74dff,scooter,39.99820353333334,-83.01137920000001,45.0,12.29,True,False,False
Spin,9935e96f-8f3a-465e-a023-5e2a19908075,e-bike,39.99813923333333,-83.00953399999999,41.0,11.12,True,False,False
Spin,d44eaa7a-df36-4e8d-9c6c-d6f20cb7e363,e-bike,40.0053696,-83.0095199,22.0,5.85,True,False,False
Spin,7f21167b-df5f-4e7a-84eb-d000d554ea0e,scooter,39.994685,-83.021663,34.0,9.37,True,False,False
Spin,f1db06c4-2d5c-4159-a7ac-c4e89e5db09b,e-bike,40.0055789,-83.01167760000001,34.0,9.37,True,False,False
Spin,2c449040-acaa-4b56-96e3-e802f3a80a52,e-bike,39.99646043333333,-83.01706,41.0,11.12,True,False,False
Spin,703d1911-9b56-4761-9ec8-51a20ff62898,e-bike,40.00508333333333,-83.01460333333334,58.0,15.8,True,False,False
Spin,8ad56e0a-3757-48c1-94c9-7ca0e9c6bce6,e-bike,40.003101666666666,-83.00877999999999,74.0,20.19,True,False,False
Spin,ba848386-a91d-4e14-8b6e-7419d6b5bc8e,scooter,40.00108,-83.008411,96.0,26.05,True,False,False
Spin,55a4a989-78a6-4384-b0ed-49197910c0ac,scooter,40.001102,-83.008343,77.0,22.06,True,False,False
Spin,2109fee1-3675-453a-9f2c-847d13f4900c,scooter,40.001088,-83.008378,85.0,23.12,True,False,False
Spin,f480e84b-b3d8-4adc-afc3-ee9521b90174,scooter,40.001079,-83.00843,96.0,26.05,True,False,False
Spin,3ecf858f-c4f3-4faa-8ed8-6b9a4265b0fb,scooter,40.001038,-83.008332,74.0,20.19,True,False,False
Spin,8bdde09d-a33a-4f1f-8d8b-c2cc8e70e5f0,e-bike,39.993854133333336,-83.0134919,57.0,15.51,True,False,False
Spin,79cdf2cd-84c2-4e01-9914-44b1daa42903,scooter,39.99626763333333,-83.0071928,65.0,17.56,True,False,False
Spin,092ea458-42cb-4ef4-9373-428a84e33557,e-bike,39.995321233333335,-83.0122179,26.0,7.02,True,False,False
Spin,cd939f14-f719-4a9e-8392-c0c718630c66,e-bike,40.000210599999996,-83.0103975,39.0,10.54,True,False,False
Spin,f5b89295-a721-4835-9170-3c6b1fc0755d,e-bike,39.994353333333336,-83.01265333333335,49.0,13.46,True,False,False
Spin,e7a36197-4300-4947-976c-331ae04fe346,e-bike,39.99512633333333,-83.0168156,26.0,7.02,True,False,False
Spin,1145a232-d995-4ee9-a9f8-737de6fe07c4,e-bike,39.99700166666666,-83.01002833333332,91.0,24.88,True,False,False
Spin,70e04a45-88c5-4c41-b93e-3dbf41c310f5,scooter,40.0060572,-83.0170794,33.0,9.07,True,False,False
Spin,16c78d68-1deb-42c0-90c3-89d91461c664,e-bike,39.99388963333333,-83.01267490000001,19.0,5.27,True,False,False
Spin,8c5cbaba-2c5d-40fd-a9bc-ceb1a63714ac,e-bike,40.003675,-83.00879333333333,68.0,18.44,True,False,False
Spin,f119679d-9289-4cfa-9085-580d76e00ec3,scooter,40.001794000000004,-83.0131746,74.0,20.19,True,False,False
Spin,c39cc49a-9864-4a73-b1c1-835d837929df,scooter,40.006008,-83.009081,77.0,21.07,True,False,False
Spin,2fcf1299-5628-4e3d-91d7-395ef6597372,scooter,40.000672099999996,-83.0138321,62.0,16.97,True,False,False
Spin,f23b3b2b-b998-48fa-890b-2feb5865f14b,e-bike,39.99592163333333,-83.0145897,70.0,19.02,True,False,False
Spin,2754edf9-7951-44c7-8e1e-41670c835da9,scooter,40.000263,-83.021342,62.0,16.97,True,False,False
Spin,fc52f99e-1c6f-497f-b995-553a33884b1f,e-bike,40.00346166666667,-83.01591166666667,83.0,22.54,True,False,False
Spin,a378c195-aafe-4f78-9de0-09485c688e0b,scooter,39.99719853333333,-83.0079796,70.0,19.02,True,False,False
Spin,4b1e2694-1c74-4731-8cf4-605872af970f,scooter,40.003147399999996,-83.0127839,27.0,7.32,True,False,False
Spin,7cbec846-6da6-42e4-b89a-c79883c17497,scooter,40.0059172,-83.0123518,47.0,12.88,True,False,False
Spin,f1d68ef1-346a-4e35-ab2e-f6026fa766c1,e-bike,39.99710666666667,-83.00760833333334,52.0,14.05,True,False,False
Spin,1faf9c9a-02e1-4227-ab84-c7d148fd1172,e-bike,39.99714663333334,-83.0076085,24.0,6.44,True,False,False
Spin,475759f4-72e8-4f9c-b68b-d0bd1bc2977d,e-bike,39.997131233333334,-83.0076005,32.0,8.78,True,False,False
Spin,7522696b-0309-455a-b3d7-7ce859b9956b,e-bike,39.99714363333333,-83.00758849999998,32.0,8.78,True,False,False
Spin,62c1d66b-43ce-4671-b598-e9cb88e93500,e-bike,39.99711283333333,-83.0075451,86.0,23.41,True,False,False
Spin,e942e287-4b2e-4b53-abb9-683811f29021,e-bike,39.99714793333333,-83.00761499999999,49.0,13.46,True,False,False
Spin,8e1a678b-43b0-4266-a071-95836b40884b,scooter,39.996691733333336,-83.01132260000001,84.0,22.83,True,False,False
Spin,033ce75c-2c36-4d73-b169-f2dfe0596272,e-bike,39.99716083333333,-83.0075898,45.0,12.29,True,False,False
Spin,cf7507fb-614e-44fd-8659-594a39af3e2b,e-bike,39.997153133333335,-83.0075915,40.0,10.83,True,False,False
Spin,cd267e9a-cc6e-4b3d-a39d-609848a317c3,e-bike,39.995313933333335,-83.01173949999999,37.0,9.95,True,False,False
Spin,a47a1f8a-1eb8-4b08-878a-0ebf9764e2fd,e-bike,40.0058285,-83.01390330000001,37.0,9.95,True,False,False
Spin,057cedff-1912-4b0f-a771-ef7df03e7c02,e-bike,39.99863083333333,-83.00849889999999,37.0,9.95,True,False,False
Spin,8ba18290-0340-4cd0-b311-43f16b944d0b,e-bike,40.005948,-83.0120158,20.0,5.56,True,False,False
Spin,5c4cb881-7b6a-4ede-9608-0a154b2a2919,scooter,40.0002529,-83.0212586,78.0,21.36,True,False,False
Spin,3fa61d2b-2bff-4b70-b523-8a2c02942066,scooter,40.0023371,-83.0099853,76.0,20.78,True,False,False
Spin,1126324f-7942-4223-8699-c4abad0d5c84,e-bike,39.99818303333333,-83.00806650000001,24.0,6.44,True,False,False
Spin,1c999477-7c22-4081-acb6-97f7c281bd0b,scooter,39.996923,-83.014843,24.0,6.44,True,False,False
Spin,137c0607-41e8-4c94-b417-91611aaa5cf1,e-bike,40.003449,-83.01588029999999,88.0,24.0,True,False,False
Spin,96a32672-d319-479a-a62f-9910da5b8ced,e-bike,40.0056104,-83.0118519,48.0,13.17,True,False,False
Spin,58dd14fd-b219-4f7c-b144-c424f78d2273,e-bike,40.00428333333333,-83.01154666666667,91.0,24.88,True,False,False
Spin,1a708788-e0ac-4d62-bb72-5fea5df4ff21,e-bike,40.0000662,-83.0135979,55.0,14.93,True,False,False
Spin,b6a7357b-dcd6-4616-8d2f-a48c271e511f,scooter,39.99669623333333,-83.0107883,74.0,20.19,True,False,False
Spin,4b3c41ed-ed0d-4556-bc67-d4f74606d546,scooter,39.996861,-83.010787,28.0,7.61,True,False,False
Spin,34aa87a3-fddb-4dcd-93e5-66c8e197642a,e-bike,39.99685253333334,-83.0088204,27.0,7.32,True,False,False
Spin,83e5aa59-7874-4f44-8a49-ecb5070397d6,e-bike,40.0058806,-83.0138871,39.0,10.54,True,False,False
Spin,c5176aa5-99da-4c19-acb6-e0bb6a3b7e4c,e-bike,39.998995,-83.02173499999999,91.0,24.88,True,False,False
Spin,e9f65b37-d22e-4371-9430-28704d52ee69,e-bike,40.005820699999994,-83.0138544,77.0,21.07,True,False,False
Spin,c1889ab2-f38a-4f5d-a5ea-a08901773870,scooter,39.998413,-83.00779,61.0,16.68,True,False,False
Spin,c0b13563-497d-4dce-9a8a-05bb80ab19f5,e-bike,39.99468003333333,-83.01472919999999,26.0,7.02,True,False,False
Spin,952851be-187c-4199-9d59-db1174e8eba1,e-bike,40.004684600000004,-83.0141586,51.0,13.76,True,False,False
Spin,11ca8d2a-1f72-40c1-ba40-cc1ac47c8752,e-bike,39.99821,-83.00809333333333,39.0,10.54,True,False,False
Spin,9ebbb698-084e-412d-ac7f-d52129d27530,scooter,40.0041072,-83.0111927,38.0,10.24,True,False,False
Spin,07cfa7aa-fd29-42eb-b379-ef67c4fa46f7,scooter,39.997117,-83.007639,47.0,12.88,True,False,False
Spin,ac87d41d-6e9e-44f7-959a-0b2d30e9a747,e-bike,40.0060833,-83.01372510000002,31.0,8.49,True,False,False
Spin,fe1486e6-b28a-41b9-b52b-183dbaca6880,e-bike,39.997160533333336,-83.0076022,29.0,7.9,True,False,False
Spin,6ed536b0-242e-4e97-a4c4-e3e712b82a78,e-bike,39.99715573333334,-83.00758390000001,32.0,8.78,True,False,False
Spin,d6846980-4062-47d2-8bea-d08a5318bb05,e-bike,39.997151833333334,-83.0076093,90.0,24.58,True,False,False
Spin,21b96a9e-4f4a-4ece-a597-64bdc1de8fb6,e-bike,39.99715965,-83.00759994999999,65.0,17.56,True,False,False
Spin,1197cb5a-d186-451f-81b2-da9f1f800406,scooter,39.998396533333334,-83.0174317,31.0,8.49,True,False,False
Spin,9503254d-4fdb-4683-9f30-0ec22ee58baf,e-bike,39.99606813333333,-83.00722660000001,35.0,9.66,True,False,False
Spin,0df8c5aa-67ef-49aa-bd8d-c4201c312e0f,scooter,40.000346300000004,-83.017701,86.0,23.41,True,False,False
Spin,341b9fea-9de0-47d7-b558-5b0fe6ec342a,e-bike,39.99607,-83.00724833333334,39.0,10.54,True,False,False
Spin,d09bd771-fd29-4b70-a689-4d71e889d277,e-bike,40.004367900000005,-83.02131130000001,86.0,23.41,True,False,False
Spin,1cef9ed9-30ae-4367-8bf7-4b124c94cb1e,e-bike,40.004364,-83.02131370000001,58.0,15.8,True,False,False
Spin,4628c559-acdd-439b-b4b5-8c9038032699,e-bike,39.996091666666665,-83.00739833333334,55.0,14.93,True,False,False
Spin,d9bb7681-16d0-4f41-bec9-fa4709968e0e,e-bike,40.00517979999999,-83.01491630000001,75.0,20.49,True,False,False
Spin,017ac20d-cee8-4faa-8809-9d9d4040d145,e-bike,40.00518486666667,-83.01488971666667,87.0,23.71,True,False,False
Spin,215e0b2c-b1f6-47a0-ac1e-87e98e85fff2,e-bike,40.0058441,-83.01394469999998,40.0,10.83,True,False,False
Spin,a3e71f89-3152-4511-9877-14e586b2253e,e-bike,40.00543666666667,-83.01117,100.0,27.22,True,False,False
Spin,ee41d420-0873-4380-8511-ca7b2e780e14,e-bike,40.004745,-83.0100983,54.0,14.63,True,False,False
Spin,7219c978-5403-4eba-8a7e-a9a3e2a87a8a,scooter,40.001187,-83.008419,70.0,19.02,True,False,False
Spin,04a142ee-ca17-41ed-be6b-3893d2f4663b,e-bike,40.0060549,-83.01421890000002,22.0,5.85,True,False,False
Spin,35b59590-8931-428f-8c7b-ec34d1317a2c,e-bike,39.99818333333334,-83.00797333333334,22.0,5.85,True,False,False
Spin,268dbc37-4319-4f8f-b5cd-74cd8b108d49,scooter,39.99912,-83.007891,98.0,26.63,True,False,False
Spin,60ae476a-c248-46ed-aeb6-40b24391fcca,scooter,39.994120933333335,-83.0068406,77.0,21.07,True,False,False
Spin,f26c7789-93b5-41a3-9f0e-32b06fb8c175,e-bike,40.002990999999994,-83.01375469999999,22.0,5.85,True,False,False
Spin,ebb01dc8-0104-4bc1-858c-19bc43f6538d,e-bike,40.00616333333333,-83.01374333333334,46.0,12.58,True,False,False
Spin,bad35c8e-2936-46d5-aa0c-64ea528766fc,e-bike,40.0040365,-83.0171363,89.0,24.29,True,False,False
Spin,0f8b39e8-783a-4a77-9a73-a2f196dd9477,e-bike,40.004006200000006,-83.01716280000001,40.0,10.83,True,False,False
Spin,8f82b5b0-6936-464f-9a78-ba1a81d64f4c,e-bike,39.996851666666664,-83.01039666666665,100.0,27.22,True,False,False
Spin,b39834b6-b946-41ab-b23a-bb8e0c809eaf,e-bike,39.99927153333333,-83.02151469999998,87.0,23.71,True,False,False
Spin,9e66c558-18f8-4ee3-96e2-3c30cbc217c5,scooter,39.99929,-83.021526,71.0,19.32,True,False,False
Spin,c2c66e11-0118-4369-9e48-9a97d0b8d2dd,e-bike,39.99928166666667,-83.02152,89.0,24.29,True,False,False
Spin,280d4887-3a95-42f7-9769-6c4b1579c7df,e-bike,40.005890799999996,-83.0099682,89.0,24.29,True,False,False
Spin,3acf6e5d-caad-44a2-99b6-20c19e79f74a,e-bike,39.99984666666667,-83.02133666666666,96.0,26.05,True,False,False
Spin,f0558bb5-ea39-4efd-bc8b-9ad6ec763450,e-bike,40.004128,-83.02101390000001,49.0,13.46,True,False,False
Spin,26db5529-2df8-4a5f-a0b1-cd811f72f7bc,e-bike,40.005190299999995,-83.0212243,40.0,10.83,True,False,False
Spin,3d2d824a-6da0-4b19-a0b3-9723c904263d,e-bike,40.0052102,-83.02119599999999,31.0,8.49,True,False,False
Spin,3a22c91d-f71d-44b4-b11a-8e5d8c4133d7,e-bike,40.00391166666667,-83.01750833333332,78.0,21.36,True,False,False
Spin,df5fa432-833d-4c5a-9f2b-e24f67ef07b2,e-bike,40.003863333333335,-83.01749333333333,97.0,26.34,True,False,False
Spin,9cfed376-dc7a-4988-b3e4-f46115e00672,e-bike,40.005189699999995,-83.0212124,78.0,21.36,True,False,False
Spin,d1c9fb4d-0d77-408f-9c00-619553234285,e-bike,40.00515,-83.02121333333335,58.0,15.8,True,False,False
Spin,6f2f9f97-4d6b-4d5e-9934-397e789b5a16,e-bike,40.0051262,-83.02122910000001,44.0,12.0,True,False,False
Spin,1e8e862d-0163-4370-8bbf-917da951e5fd,e-bike,40.0051139,-83.0212665,61.0,16.68,True,False,False
Spin,277ce8e2-1904-453d-b8e0-61816e7a68a8,scooter,39.999285,-83.021495,57.0,15.51,True,False,False
Spin,c6e98bd0-c2bf-4b12-8b53-d6bab69295a3,e-bike,39.99704713333333,-83.01799989999999,48.0,13.17,True,False,False
Spin,95996438-85c1-4058-8429-4c4757ecce85,e-bike,40.00088166666667,-83.01868166666667,85.0,23.12,True,False,False
Spin,bd432415-1cac-4652-81b0-6898bffb4346,e-bike,40.00089333333334,-83.01848166666666,74.0,20.19,True,False,False
Spin,6b676e7e-8656-4fbe-87b3-c1ca0933b538,e-bike,40.000933,-83.0185872,86.0,23.41,True,False,False
Spin,fe52b99d-8e34-441a-83a5-4f6e6482b19f,e-bike,40.0031998,-83.01978249999999,32.0,8.78,True,False,False
Spin,23933445-d21f-4d77-b4f4-69ba76cb3301,scooter,39.99601453333333,-83.00738559999999,80.0,21.66,True,False,False
Spin,604be2a7-a486-4ed5-99a8-2c5b2a26a399,e-bike,39.99562803333333,-83.0146162,33.0,9.07,True,False,False
Spin,2ff9637c-80ad-40a8-92a0-e4b63ea37a52,e-bike,39.995595,-83.01464166666668,82.0,22.24,True,False,False
Spin,8173433b-137a-499c-a2b4-492865b1f4f8,e-bike,39.995565000000006,-83.014635,84.0,22.83,True,False,False
Spin,5cb2e550-4263-45d4-b1f8-9f006059f2c1,e-bike,40.005296,-83.00991010000001,26.0,7.02,True,False,False
Spin,ea7860d9-31f5-4590-871c-644f63351679,e-bike,39.994344633333334,-83.01265190000001,57.0,15.51,True,False,False
Spin,ef210e7e-4039-47ed-89ef-2b048168108e,e-bike,39.99605643333334,-83.01893569999999,30.0,8.19,True,False,False
Spin,21fb840d-4e54-4ee8-b854-27c9de3a0a36,e-bike,40.006346666666666,-83.02374999999999,66.0,17.85,True,False,False
Spin,d65f9a79-b51e-4b4e-8d4b-55e16136e513,scooter,40.006336899999994,-83.0237392,44.0,12.0,True,False,False
Spin,5ea8a7f1-00b7-4957-a48b-00a17f583d4e,e-bike,40.0039495,-83.0156113,70.0,19.02,True,False,False
Spin,d222f34a-360e-4c39-8144-35c7fa084642,e-bike,40.0059143,-83.0099706,41.0,11.12,True,False,False
Spin,c6b494d5-2986-4265-be13-728dd2bb163f,scooter,39.99761063333334,-83.007492,51.0,13.76,True,False,False
Spin,5d479b7c-8a94-4ee2-aeef-02af9721df52,e-bike,39.996358533333336,-83.0072992,75.0,20.49,True,False,False
Spin,f9f3e31e-76ab-41c9-ac3d-5c9cbbea9f4a,scooter,40.006003699999994,-83.0145863,68.0,18.44,True,False,False
Spin,b4020f5a-c41a-41b4-9ce5-c83838977e77,e-bike,39.996170533333334,-83.0095532,27.0,7.32,True,False,False
Spin,217498e6-7b6a-4346-b0d2-955e8e4896e6,e-bike,39.996219833333335,-83.0096483,34.0,9.37,True,False,False
Spin,942e7646-fcc1-4781-81a3-21bef8d8bfef,e-bike,39.996630933333336,-83.01078260000001,37.0,9.95,True,False,False
Spin,49fa2335-d4bd-4511-9ba7-58b81bd0c4f4,e-bike,39.995694533333335,-83.0127931,26.0,7.02,True,False,False
Spin,097e0bf9-982b-4a9d-9dd7-8b5b4ee742f8,scooter,39.99949243333333,-83.02153750000001,38.0,10.24,True,False,False
Spin,df8021c4-7d4b-46e2-b9b1-247414ae1155,e-bike,40.0056222,-83.0170195,42.0,11.41,True,False,False
Spin,dcbc485f-3a58-4939-a1f5-71ccf525e58f,scooter,39.999109,-83.021821,75.0,20.49,True,False,False
Spin,a999f887-dff9-4a11-bbf3-7c6f55df3366,e-bike,39.996524683333334,-83.01474093333333,86.0,23.41,True,False,False
Spin,b63b65ff-24d9-4bfa-b8cd-7e9716eb1370,e-bike,40.0054872,-83.0093706,29.0,7.9,True,False,False
Spin,7bf0587f-259d-4f49-b601-e15c70102e9e,e-bike,39.998086533333336,-83.00943020000001,51.0,13.76,True,False,False
Spin,0895b425-8cf5-4f1e-a1d4-460f99a36d49,e-bike,40.005395,-83.00907800000002,72.0,19.61,True,False,False
Spin,bae7b55b-4743-4a06-919f-dcb5b06fc51c,e-bike,39.99815555,-83.00954893333333,67.0,18.15,True,False,False
Spin,43db5971-ef05-4575-b33b-5ac381d49f83,e-bike,40.0010763,-83.01401820000001,80.0,21.66,True,False,False
Spin,b31ec181-a51d-456a-ae95-cc749e51d3b7,e-bike,40.0051135,-83.0212732,75.0,20.49,True,False,False
Spin,f78ec52a-2144-4928-86f4-bce142778799,e-bike,39.994325133333334,-83.0069471,37.0,9.95,True,False,False
Spin,3ce8b651-6abc-48de-ad32-9b63feff4d4e,e-bike,39.99638913333333,-83.0162935,89.0,24.29,True,False,False
Spin,f731c37e-40ea-42d3-9b9f-d42857b33b03,e-bike,39.999255733333335,-83.0215181,26.0,7.02,True,False,False
Spin,005c113d-76bd-45cc-9bf3-8a0cf237c551,e-bike,39.999255133333335,-83.02149589999999,81.0,21.95,True,False,False
Spin,b7271189-98f0-4f38-8795-2e4bde149979,e-bike,39.99924743333334,-83.021496,66.0,17.85,True,False,False
Spin,58ff5d61-f6c2-4b00-bd2c-f8243db3d29c,e-bike,39.99924573333333,-83.0215046,47.0,12.88,True,False,False
Spin,1e74eaef-59fc-42fc-8b0a-50f28332e779,e-bike,39.99924623333333,-83.02149050000001,90.0,24.58,True,False,False
Spin,10e6cc44-29f3-4c1f-acb0-8ff2de60576b,e-bike,39.999262433333335,-83.02148979999998,32.0,8.78,True,False,False
Spin,6ce43421-fbd8-42c8-b00d-82cfc7e30b7f,e-bike,39.99927413333333,-83.02149759999999,88.0,24.0,True,False,False
Spin,48b32850-6200-479a-976b-39b8bc669cd4,e-bike,39.99930623333333,-83.02150789999999,57.0,15.51,True,False,False
Spin,2fec7850-8d77-4b2e-84e6-526bf14aa64f,e-bike,40.0011059,-83.00836380000001,76.0,20.78,True,False,False
Spin,502f7c80-9632-4f07-9dc2-355726dd8676,e-bike,39.99927053333333,-83.02149740000002,61.0,16.68,True,False,False
Spin,3d94d870-fd98-406d-951a-ddeeda69d42a,e-bike,39.99932273333333,-83.02148749999999,55.0,14.93,True,False,False
Spin,656c32df-efdc-4bc8-9796-995a37cf7d8e,e-bike,39.99572613333333,-83.0128522,86.0,23.41,True,False,False
Spin,2c073164-7eb3-4d95-b024-11bb2eeb4019,e-bike,39.998776666666664,-83.01901833333335,27.0,7.32,True,False,False
Spin,7a0a8779-d39f-4f2d-89b8-62d235900135,e-bike,39.99807173333333,-83.00947900000001,56.0,15.22,True,False,False
Spin,b4984e04-4312-45d1-88fa-001342b0835d,e-bike,39.99827843333333,-83.01153559999999,86.0,23.41,True,False,False
Spin,601153ea-d98f-4c75-9665-65246ebddf09,e-bike,39.99941143333333,-83.0207017,83.0,22.54,True,False,False
Spin,058b4271-569e-4a09-bf29-ef9b69179357,e-bike,39.997786233333336,-83.0151114,81.0,21.95,True,False,False
Spin,bcbe1bed-7056-4af5-8755-44f8d62524a9,e-bike,40.00039666666667,-83.02120166666667,85.0,23.12,True,False,False
Spin,bcbfa7fc-e6d7-4269-9a3c-9ca7006d9f4a,e-bike,40.0039605,-83.01563689999999,87.0,23.71,True,False,False
Spin,4c4a7e9b-72f4-40f8-8871-aa01befbbaf4,e-bike,39.996075000000005,-83.00921333333332,51.0,13.76,True,False,False
Spin,8ad0e3a3-4647-4c4c-93a8-439085c393f1,e-bike,39.996046666666665,-83.00926499999998,52.0,14.05,True,False,False
Spin,d270f120-41c3-453c-bc34-e27e459223d8,e-bike,39.99616173333333,-83.0096502,46.0,12.58,True,False,False
Spin,ca6749d0-5caa-4644-a766-61abce557713,e-bike,40.0034286,-83.0195229,92.0,25.17,True,False,False
Spin,de16a838-8268-484c-a3eb-9e864788bbf0,e-bike,39.99599833333333,-83.007265,95.0,25.75,True,False,False
Spin,2ae92949-02f6-49f0-98ad-247cd3f301f5,scooter,39.99449533333333,-83.02173990000001,67.0,18.15,True,False,False
Spin,68e13024-144d-4ac7-98ab-6d52d0ca1e9d,scooter,40.003205,-83.043701,84.0,22.83,True,False,False
Spin,21b03171-48db-4a91-8a7e-5fb7ed4b4be4,e-bike,40.0114843,-83.0285646,49.0,13.46,True,False,False
Spin,811b2208-3ce5-48a1-9ba5-181ddc3b8d41,e-bike,40.011476099999996,-83.0285496,73.0,19.9,True,False,False
Spin,1d0a25ca-8d76-44d1-ae40-1d831836f19a,e-bike,39.99427653333333,-83.01412090000001,46.0,12.58,True,False,False
Spin,879fca5d-f43e-405e-b690-a60a82dd839e,e-bike,39.996751233333335,-83.01351430000001,94.0,25.46,True,False,False
Spin,9e1d7876-7998-44e3-a21f-8945685befbf,e-bike,39.99673683333333,-83.00756170000001,52.0,14.05,True,False,False
Spin,bc9dc5fc-f354-4fb3-8bb0-163798dffc06,e-bike,40.0003653,-83.02121641666666,95.0,25.75,True,False,False
Spin,dfada6a4-7da2-4f91-8f53-2f350689dff9,e-bike,39.99828923333334,-83.01159690000001,88.0,24.0,True,False,False
Spin,bca35518-3c27-4de6-9a19-e6a3d63f1ca1,scooter,39.998269,-83.011636,62.0,16.97,True,False,False
Spin,3531645e-ee53-49fb-9d4d-0ed3c3848890,scooter,39.99827543333333,-83.01164670000001,71.0,19.32,True,False,False
Spin,5d0709f0-273f-4993-beaf-bba02e391826,e-bike,40.0110656,-83.0285726,23.0,6.15,True,False,False
Spin,debee463-e6c5-4977-a4a7-38a44e01262e,e-bike,40.00566833333333,-83.01190999999999,85.0,23.12,True,False,False
Spin,12ad6338-71dd-43cd-bcec-235537132452,scooter,39.998021,-83.012258,72.0,19.61,True,False,False
Spin,dd3576e7-32bf-449c-acdb-041647145dda,e-bike,40.006280100000005,-83.01406460000001,89.0,24.29,True,False,False
Spin,5c706df8-5650-4d03-a93d-2ee19b1ea4a0,e-bike,40.00630666666667,-83.01420166666666,99.0,26.93,True,False,False
Spin,20c50ee8-4c92-4c4f-9d09-a8f0086a6bd7,e-bike,40.0007484,-83.0148176,42.0,11.41,True,False,False
Spin,29757a94-ac9f-4522-8de0-5bb9deec0ecc,e-bike,40.005471400000005,-83.0093246,84.0,22.83,True,False,False
Spin,1c2bb9b8-e691-4bfa-83c6-06bb1d56a4d1,e-bike,40.0064513,-83.02315339999998,53.0,14.34,True,False,False
Spin,ee9dd854-f4ce-4aa6-9c25-8fa90e3b353c,scooter,39.99401083333333,-83.00699979999999,75.0,20.49,True,False,False
Spin,4e1f4a73-33b1-4106-97bd-aa8c138e94fe,scooter,39.99891,-83.02147,74.0,20.19,True,False,False
Spin,d24b38cd-4ec9-428e-ae48-2bd8c158ac03,e-bike,39.99546703333333,-83.01362839999999,39.0,10.54,True,False,False
Spin,140e5c0c-800d-4a8d-a6b4-13730b74eb2b,e-bike,39.998815433333334,-83.03883259999999,55.0,14.93,True,False,False
Spin,35296327-3ecf-4b09-b5d4-413ec5887f62,e-bike,40.00046605,-83.01010568333335,44.0,12.0,True,False,False
Spin,98c3be11-a96d-45b4-bf50-ae3250c6ca24,e-bike,40.001458899999996,-83.009632,86.0,23.41,True,False,False
Spin,1e0c97ba-9e65-4d47-8db5-e584b915ea49,e-bike,39.995431333333336,-83.0095917,31.0,8.49,True,False,False
Spin,e7bb3e0c-0727-4da9-a3de-ca65246bc3e6,scooter,40.000219,-83.019469,75.0,20.49,True,False,False
Spin,ea9f4d2f-32d8-4051-bbd1-ef02ae11405c,e-bike,40.0052028,-83.0340363,67.0,18.15,True,False,False
Spin,53cdfa03-362e-4f60-ab1a-bb9241d5758b,e-bike,40.0061707,-83.0153206,85.0,23.12,True,False,False
Spin,d9d02d6b-ed83-46bc-a5fc-97024280913b,e-bike,40.006296600000006,-83.0136787,87.0,23.71,True,False,False
Spin,cc462a36-a3cf-4e7b-87d3-7d7a8b5366a5,e-bike,39.99409263333334,-83.0068089,77.0,21.07,True,False,False
Spin,8ea8bf43-f58e-4b87-8dec-e2970e2b6569,e-bike,39.99646923333333,-83.0097762,20.0,5.56,True,False,False
Spin,fb3a7568-2423-49fb-919b-82dfc13ac224,e-bike,39.996459533333336,-83.00973960000002,22.0,5.85,True,False,False
Spin,c8464800-8ed1-4eb9-ad92-ea18781471eb,e-bike,40.00454166666667,-83.01285333333333,16.0,4.39,True,False,False
Spin,82b327a3-6be7-4af7-93a4-cf545cdf7182,e-bike,39.996885,-83.01398833333333,100.0,27.22,True,False,False
Spin,21578852-4ad4-4b80-b198-2285bf8c8181,e-bike,39.99691435,-83.01397975,71.0,19.32,True,False,False
Spin,b2152352-d06b-4c03-9afe-c6514fb3e5ac,e-bike,39.996893533333335,-83.01397659999999,30.0,8.19,True,False,False
Spin,eb7e8afa-fb15-4c25-bac9-97ddd45cb38b,e-bike,39.99689813333334,-83.0139837,49.0,13.46,True,False,False
Spin,26259f38-5791-4a1c-831b-080f70c9822f,e-bike,39.99688833333333,-83.01397999999999,76.0,20.78,True,False,False
Spin,e7ae6cf1-7dc4-448b-a318-6e3709dc3173,e-bike,40.0017952,-83.014617,86.0,23.41,True,False,False
Spin,b37ca4ce-0bb9-446d-8837-372040bef1cc,e-bike,39.996162033333334,-83.00781209999998,27.0,7.32,True,False,False
Spin,8af5d556-39ab-4945-a721-a9b97844ced7,scooter,40.003756,-83.011589,96.0,26.05,True,False,False
Spin,dc73b1c6-3fc0-45c0-99ca-e7d23eee547e,e-bike,39.99789543333333,-83.00777950000001,58.0,15.8,True,False,False
Spin,7e16055d-12ac-41a1-87fa-b98574299297,e-bike,39.995340733333336,-83.01354350000001,46.0,12.58,True,False,False
Spin,96718f61-2792-403c-a062-bb33aa8c0184,scooter,40.0031252,-83.0098567,84.0,22.83,True,False,False
Spin,701604c0-2699-46e2-92e5-36d8f851357f,e-bike,40.004093499999996,-83.01303959999998,38.0,10.24,True,False,False
Spin,47228908-3ab8-4a38-ae0a-4dec7b07b141,e-bike,40.005159000000006,-83.0113607,18.0,4.98,True,False,False
Spin,eea6cef6-0ccf-4b16-93bb-9ab57a82532f,e-bike,40.0046952,-83.0132765,42.0,11.41,True,False,False
Spin,e6dbc7a0-79ca-4853-b162-f7141d9e486b,e-bike,39.996230133333334,-83.0096321,18.0,4.98,True,False,False
Spin,458f60a1-3225-4da4-aa77-65cfe0cf87e5,e-bike,39.99549973333333,-83.0094282,43.0,11.71,True,False,False
Spin,bb54e186-2c79-432f-9f45-f5780c391dc0,e-bike,40.0046066,-83.01320439999999,16.0,4.39,True,False,False
Spin,10d0a759-c5ce-4c81-966a-b0d2ef3d6248,scooter,39.996799,-83.010747,25.0,7.05,True,False,False
Spin,97d04a0e-16a7-47f7-ab95-3ca49f6ccbe9,e-bike,40.0009043,-83.0185548,92.0,25.17,True,False,False
Spin,3148ca3d-7969-4bcb-b619-b15f181b31a5,e-bike,40.000883599999995,-83.01861660000002,38.0,10.24,True,False,False
Spin,d878fb55-229f-4890-8a34-d7b383714724,e-bike,40.004296700000005,-83.01038969999999,44.0,12.0,True,False,False
Spin,734642f9-c5d0-45a9-9202-8c580b0afd10,e-bike,40.004041300000004,-83.0103667,73.0,19.9,True,False,False
Spin,9aab2df7-c607-4861-8223-922b7f8c1a63,e-bike,40.00396666666666,-83.01117333333335,74.0,20.19,True,False,False
Spin,1d55e8e7-4cf2-464a-b87b-64a9e5670df5,e-bike,39.997472933333334,-83.01655989999999,66.0,17.85,True,False,False
Spin,d3789ee0-5963-4108-8a42-42c58efdde3e,e-bike,39.995290833333335,-83.0117492,62.0,16.97,True,False,False
Spin,c23f2b42-4d7e-424c-856b-210ae1e628e2,e-bike,39.995307133333334,-83.0117938,32.0,8.78,True,False,False
Spin,41c548f2-f6a9-4986-8df0-eb5a3b8b6634,e-bike,39.995299833333334,-83.0118386,39.0,10.54,True,False,False
Spin,2c1e2cae-530f-428a-ba45-c1089ccb68db,e-bike,39.99526843333333,-83.01181249999999,22.0,5.85,True,False,False
Spin,657b5907-402b-4473-9708-49fb528e9198,e-bike,40.004947300000005,-83.01209750000001,34.0,9.37,True,False,False
Spin,3478b4c1-270d-4ced-a165-c5b5fc90a3ba,e-bike,40.0047615,-83.01065519999999,56.0,15.22,True,False,False
Spin,c728f61f-234d-4174-87d5-02e4225827f5,scooter,39.99572873333333,-83.00911229999998,94.0,25.46,True,False,False
Spin,1ecc4404-6b4d-4ab4-84b8-f7d3006922f5,e-bike,39.99746603333333,-83.0150208,92.0,25.17,True,False,False
Spin,f6256d54-55de-4e44-ad4e-016416183361,e-bike,39.99748373333333,-83.0149995,90.0,24.58,True,False,False
Spin,7cff1bd2-0961-4a97-acb0-ab9944e36d78,e-bike,39.99748253333333,-83.0150157,84.0,22.83,True,False,False
Spin,cbebce14-6da3-4f26-8fac-72445cd653ea,e-bike,39.99745166666666,-83.01503166666667,49.0,13.46,True,False,False
Spin,d3efc25f-ee4f-40ee-b29c-395c2c42d6c5,e-bike,39.99747583333333,-83.01502299999999,89.0,24.29,True,False,False
Spin,600a4878-56fa-4cf4-addb-0458aa7068fd,e-bike,39.99650953333333,-83.0097656,83.0,22.54,True,False,False
Spin,969c0353-df73-46ab-94ca-69d64c8faf2c,e-bike,39.99698943333333,-83.0150378,31.0,8.49,True,False,False
Spin,e16ddf76-a278-4b25-8cb3-b99edbfa627c,e-bike,39.99696666666667,-83.01506666666667,100.0,27.22,True,False,False
Spin,f764335b-c7bd-4ab2-bd55-1eeef0dd95a0,e-bike,39.99698313333333,-83.015024,46.0,12.58,True,False,False
Spin,7823dd64-cde4-4892-bab9-d8eca7ac187d,e-bike,40.0000185,-83.02180179999999,81.0,21.95,True,False,False
Spin,ae0fd7dc-d475-45ce-ab53-4772dc0aa34e,scooter,39.99475223333333,-83.00684090000001,24.0,6.44,True,False,False
Spin,afa14d98-a1dc-4867-93f0-07b993071c6f,e-bike,39.99549773333333,-83.0102053,38.0,10.24,True,False,False
Spin,7f0ba134-5e81-4699-8d82-1822292eaa00,scooter,39.99548523333333,-83.01023339999999,78.0,21.36,True,False,False
Spin,ed9590d7-ee1f-4307-a0e9-58ad0a7aad71,e-bike,40.004665599999996,-83.01322739999999,87.0,23.71,True,False,False
Spin,d0dca79c-8864-42f9-b003-b2e2f54c9bf5,e-bike,40.004687516666664,-83.01321776666667,69.0,18.73,True,False,False
Spin,6588eb5c-a1f7-466f-ad2b-864bfd14aed1,scooter,39.998173933333334,-83.0099228,49.0,13.46,True,False,False
Spin,b8fb4e8e-606c-4219-bf10-eb8b6b80a02d,e-bike,39.99427943333333,-83.01286200000001,76.0,20.78,True,False,False
Spin,5c36146e-a5b1-4589-8758-99187359fb15,e-bike,39.99598583333333,-83.013563,70.0,19.02,True,False,False
Spin,7bddfde3-7a64-48a8-bf49-288fc68c6def,e-bike,39.99657963333333,-83.01227670000002,42.0,11.41,True,False,False
Spin,505d35ba-07d3-48df-a090-d741be03d034,e-bike,40.005497500000004,-83.00911319999999,75.0,20.49,True,False,False
Spin,2597fed6-8dce-4dc7-bb39-9edfce20cc0c,e-bike,39.99699913333333,-83.0102962,86.0,23.41,True,False,False
Spin,41fe53fc-6e1b-4795-833c-b3e2efc233e9,e-bike,40.00474666666666,-83.01065666666666,62.0,16.97,True,False,False
Spin,c229b75c-fac4-4dba-b085-14641d754ed0,e-bike,39.99806263333333,-83.00766469999999,86.0,23.41,True,False,False
Spin,45de82a0-a789-4edc-84ec-c028aaecea82,e-bike,40.0030608,-83.01223610000001,48.0,13.17,True,False,False
Spin,c7446722-8304-4f09-b66d-c8c8b9939bc3,e-bike,40.001081799999994,-83.0083506,72.0,19.61,True,False,False
Spin,87b9a99a-b0eb-4580-a629-e7d629ceddbf,e-bike,40.001129799999994,-83.00837619999999,49.0,13.46,True,False,False
Spin,d050de4b-4ec2-4eba-92ac-48c98047d8c4,e-bike,40.00111690000001,-83.00834510000001,86.0,23.41,True,False,False
Spin,7eb7c8fd-85bb-48dd-ab4f-d8618fcbbcbb,e-bike,40.005581799999995,-83.01192180000001,24.0,6.44,True,False,False
Spin,1c4f2d99-8d0f-41ca-8eee-b40a028f2933,e-bike,40.0000444,-83.0213854,77.0,21.07,True,False,False
Spin,f93dec05-0dad-4d1d-b9ba-10e7dd0fab6d,e-bike,40.0041249,-83.0130921,73.0,19.9,True,False,False
Spin,41c67643-a6e8-43a9-ae31-a8a4f734016e,e-bike,40.0040925,-83.01304309999999,30.0,8.19,True,False,False
Spin,44b33374-070c-4106-ab1d-a2dfaacceba1,e-bike,39.99713283333333,-83.0075872,98.0,26.63,True,False,False
Spin,0bc01507-623b-408c-869e-d1016001c7ab,e-bike,39.994168183333336,-83.00678465000001,92.0,25.17,True,False,False
Spin,2be02445-972e-4951-8952-39d0a8b29dfd,e-bike,39.99622543333333,-83.0097162,78.0,21.36,True,False,False
Spin,b3a692ac-a6e0-42f1-a600-3cb37608a49a,e-bike,39.995710433333336,-83.009104,88.0,24.0,True,False,False
Spin,74031cc8-05e3-486b-9916-249ba10b113b,e-bike,39.99884833333333,-83.00766166666666,60.0,16.39,True,False,False
Spin,40188e19-0779-4186-b7e8-c1a11a8814e2,e-bike,39.998865233333326,-83.00764939999999,94.0,25.46,True,False,False
Spin,7731fbb0-694e-4596-8cdf-3090ad9e8b70,scooter,39.998873,-83.00767,29.0,8.27,True,False,False
Spin,5baf02b3-bd09-4972-8ea2-f7670ea7cc56,scooter,39.998857,-83.007645,89.0,24.29,True,False,False
Spin,98dc003e-9296-4de7-8902-ccd39347db3b,scooter,39.998852,-83.007661,23.0,6.15,True,False,False
Spin,662e0fae-85d0-452a-81aa-fb20cd87d4da,e-bike,40.0002493,-83.02141000000002,39.0,10.54,True,False,False
Spin,0e7827eb-9181-47da-bf12-01ab18688437,e-bike,39.99710833333334,-83.01106220000001,34.0,9.37,True,False,False
Spin,461d7b26-bf97-49a0-8712-6449abda4c63,e-bike,40.0049069,-83.00949299999999,86.0,23.41,True,False,False
Spin,c57eb921-cfca-449f-b55a-0f1abee8b33c,e-bike,40.0046506,-83.01388800000001,76.0,20.78,True,False,False
Spin,b711576f-e9a3-4778-ad44-3680375398cd,e-bike,39.99402463333333,-83.01369989999999,22.0,5.85,True,False,False
Spin,3d92d0ac-f26c-4c78-9ee2-a603c1c86ad2,e-bike,40.0030085,-83.0122017,69.0,18.73,True,False,False
Spin,d765c11f-dcf3-4229-b961-de8277cf8222,e-bike,39.99551853333333,-83.01064730000002,23.0,6.15,True,False,False
Spin,36d20fbe-de9b-4a79-a93e-00d2a0058878,e-bike,39.99803453333333,-83.00762420000001,96.0,26.05,True,False,False
Spin,6c11690f-e49b-429f-ab17-1365cc4eb806,e-bike,39.99495973333333,-83.0069731,22.0,5.85,True,False,False
Spin,14bece07-db32-4cfe-a79d-c860d93092d9,e-bike,40.0003872,-83.02119040000001,23.0,6.15,True,False,False
Spin,5738b2a0-0ea8-4177-9b26-a3c7de31a8f0,e-bike,39.9978,-83.01343833333334,56.0,15.22,True,False,False
Spin,cd440a57-fbc6-4708-a98e-6940fe963ece,e-bike,39.99574863333333,-83.0122239,40.0,10.83,True,False,False
Spin,595bf0e7-c4c7-48e4-9559-c082228765b9,e-bike,39.99569053333333,-83.01219010000001,16.0,4.39,True,False,False
Spin,457cd6d7-3fff-46ea-bc2e-98cf1ff733e1,e-bike,39.99567513333333,-83.0121685,54.0,14.63,True,False,False
Spin,186d0c39-7c8c-49b0-bc40-fb06848fa5aa,e-bike,39.99284193333334,-83.02109630000001,77.0,21.07,True,False,False
Spin,e448c8a6-7446-403a-a2c3-b7c61ffb4a78,e-bike,40.003765,-83.01319666666669,72.0,19.61,True,False,False
Spin,618361af-f65f-4a75-a235-2978e58b5098,scooter,39.99726153333334,-83.0074387,56.0,15.22,True,False,False
Spin,8c3c10ab-04ed-4101-b3d9-85c5b789be24,e-bike,40.0031153,-83.00978429999999,25.0,6.73,True,False,False
Spin,3b88612b-4c6f-46cd-8f2d-188bbd9f8963,scooter,39.99478473333333,-83.0067677,71.0,19.32,True,False,False
Spin,bb0c479b-5173-4a26-9afe-8ed3466c4f70,e-bike,39.99742833333333,-83.00754666666666,39.0,10.54,True,False,False
Spin,d37ac6cf-ff0a-46a9-821d-bf1e07659b62,e-bike,39.999030833333336,-83.0217018,60.0,16.39,True,False,False
Spin,94972009-0ba5-492a-abcc-43f48367446f,e-bike,39.99902193333333,-83.02169450000001,25.0,6.73,True,False,False
Spin,931076a3-ee3e-4cf5-912c-219d82ec3009,e-bike,40.005859,-83.01380920000001,45.0,12.29,True,False,False
Spin,efe414a2-91b3-43ee-8b3f-a5b3e97e2b0f,e-bike,40.006187100000005,-83.00945680000001,66.0,17.85,True,False,False
Spin,435c4ad9-e6da-451b-a3ae-c03c5b34a453,scooter,39.99739663333333,-83.0074987,98.0,26.63,True,False,False
Spin,82bddadf-503b-4251-9656-5c12cc65aebb,e-bike,40.0045877,-83.01331710000001,87.0,23.71,True,False,False
Spin,414dcdf4-1506-4b2a-bd78-579e9fe9df55,scooter,39.99745573333333,-83.00750779999998,70.0,19.02,True,False,False
Spin,71a07bf1-5f4c-45a2-9c78-b3539d58ef35,e-bike,40.0055731,-83.011542,89.0,24.29,True,False,False
Spin,4074235e-1983-4a96-b69a-616666b7d92a,e-bike,39.99570333333334,-83.01285090000002,27.0,7.32,True,False,False
Spin,6aaa53cc-98ad-40c4-8b9b-ebb6f98588da,e-bike,39.995628333333336,-83.01281833333333,92.0,25.17,True,False,False
Spin,d905f9bf-4dfe-4561-b896-e04606f9d413,scooter,39.99490853333334,-83.00712999999999,61.0,16.68,True,False,False
Spin,d46c267d-ecbe-4751-be3a-9051b0a534fe,e-bike,39.99648083333333,-83.0095667,78.0,21.36,True,False,False
Spin,b0a11a76-398e-46be-993a-3f4e3fb8802d,e-bike,39.99621663333333,-83.00937530000002,19.0,5.27,True,False,False
Spin,6a33da65-5713-45ef-becc-aa38975c253d,e-bike,39.99620423333333,-83.00944059999999,87.0,23.71,True,False,False
Spin,e377726a-9a6e-47f1-9eeb-64f31ffe87be,e-bike,39.99468193333333,-83.0201797,33.0,9.07,True,False,False
Spin,1d05843c-364f-4c2d-b2c9-a99f3914d368,e-bike,40.006266,-83.0133278,61.0,16.68,True,False,False
Spin,a32d1974-adfe-4f3e-b219-bb568a107c48,e-bike,40.0062594,-83.0134049,85.0,23.12,True,False,False
Spin,345f9f0a-3df7-4a4d-8679-68c534aac748,e-bike,39.99432063333334,-83.01377660000001,87.0,23.71,True,False,False
Spin,337bf1c0-625d-47c0-9b05-5eff8ea2a339,e-bike,40.0062535,-83.0133837,35.0,9.66,True,False,False
Spin,fb0d0a21-0b70-4247-a9db-4e442d986a21,scooter,40.0056453,-83.0090229,59.0,16.1,True,False,False
Spin,206fa560-800e-47a0-853b-7e358899f5a0,e-bike,39.99513583333333,-83.0166287,86.0,23.41,True,False,False
Spin,635be40c-2448-443e-afbf-235d72a54285,e-bike,39.99561823333333,-83.0095517,68.0,18.44,True,False,False
Spin,649966c7-e5b3-43b5-a64f-0f091b77997b,e-bike,40.0062445,-83.0133014,67.0,18.15,True,False,False
Spin,6bd30029-6f93-499a-a681-62788805db13,scooter,40.002611,-83.028642,0.0,,False,True,False
Spin,b9f9e47f-3c50-410d-91fb-c77efe48ad7b,e-bike,39.99814463333333,-83.0095696,1.0,0.29,False,True,False
Spin,7290d1b1-2d5d-4fcd-927a-fb5d9a407aa9,scooter,39.996394,-83.016283,0.0,,False,True,False
Spin,27d9efce-ad08-430f-9a13-7391c618eaa6,e-bike,40.013497199999996,-83.02479569999998,0.0,,False,True,False
Spin,7118c809-6b4a-43a3-aa0d-45a866fc6ccf,scooter,40.003403899999995,-83.01114039999999,9.0,2.34,False,True,False
Spin,cc196432-ded6-4795-bdc5-b3573ad6c119,scooter,39.999287,-83.021498,4.0,1.17,False,True,False
Spin,95a0495d-a2af-4640-a1bd-9c940e0f6e2a,e-bike,39.99876903333333,-83.02145960000001,10.0,2.63,False,True,False
Spin,1e32276e-6738-412c-9e6d-54dbdf34a264,e-bike,40.0046216,-83.01304739999999,9.0,2.34,False,True,False
Spin,31381126-4484-4b0d-bd59-045abaa8ef17,e-bike,39.99621833333333,-83.00967190000001,8.0,2.05,False,True,False
Spin,f5160a30-12db-4c6b-9022-a0553d8d1237,e-bike,39.99420003333333,-83.01370659999999,0.0,,False,True,False
Spin,b9cd0d0d-4d81-451d-8caf-4fd47d0d0754,e-bike,40.0040417,-83.0131301,4.0,1.17,False,True,False
Spin,238608a0-7b53-465b-95d3-7e966a5729b2,e-bike,40.0055827,-83.011942,12.0,3.22,False,True,False
Spin,81742192-35f8-40f0-9fdb-b52a8306775d,e-bike,39.99440671666667,-83.02007711666666,6.0,1.76,False,True,False
Spin,b8fb23fc-c5f0-4ec0-a11f-b6f08124b168,e-bike,39.99686523333333,-83.011371,6.0,1.76,False,True,False
