Company,Vehicle_ID,Type,Latitude,Longitude,Battery_Pct,Range_Miles,Is_Available,Is_Disabled,Is_Reserved,Last_Reported
Veo,1021103,bicycle,39.956843,-82.955323,,28.14,True,False,False,0
Veo,0339b772-6fd6-5042-9ea7-e98c13cf6d7f,bicycle,39.927683,-82.979193,,28.14,True,False,False,0
Veo,e9bcf4e2-ae71-5b50-ae84-0f5f6760ee71,bicycle,40.00719,-82.998411,,7.29,True,False,False,0
Veo,3e926370-1af8-5d81-a15b-a7f1c8876b52,scooter,39.994145,-83.021697,,24.33,True,False,False,0
Veo,63dda23b-dc31-5d9d-a329-724fcbe0b6a7,bicycle,40.00195,-83.001124,,23.77,True,False,False,0
Veo,3a955ad7-8053-556c-b1bd-b00638504c71,bicycle,40.000785,-82.978675,,20.78,True,False,False,0
Veo,aac95f21-f6ff-54b8-92b1-3e3a09adb97f,bicycle,39.957411,-83.011347,,24.06,True,False,False,0
Veo,7ae37160-3bfb-52f3-b739-c379df636627,bicycle,40.016871,-83.010717,,9.02,True,False,False,0
Veo,1020881,bicycle,40.103885,-83.108908,,28.14,True,False,False,0
Veo,a627eb2c-5ea5-5b62-bc6b-44b68c96fa0b,scooter,40.029932,-82.962892,,19.05,True,False,False,0
Veo,1ba17362-fc99-547d-9bef-65b277cfce6f,bicycle,40.026309,-83.025014,,11.59,True,False,False,0
Veo,58a3b665-503f-53b4-ac27-509134a2c84c,bicycle,39.976981,-83.003473,,15.18,True,False,False,0
Veo,f5f2acb3-38d2-5c1b-bae4-9c022b0a4e8d,bicycle,39.95575,-83.00332,,28.14,True,False,False,0
Veo,1ac05c29-4cbf-5990-b48a-5037ccda58db,bicycle,39.963229,-82.981268,,17.37,True,False,False,0
Veo,417ed28e-27d3-5f07-8470-6318b81f65bb,scooter,39.963007,-83.004242,,28.01,True,False,False,0
Veo,23a112f4-3cb5-53dd-af26-9424c0f09715,bicycle,39.941749,-83.118061,,24.33,True,False,False,0
Veo,685deeda-21a9-5e07-83f5-e383d6eb2934,bicycle,39.972568,-83.003812,,28.14,True,False,False,0
Veo,c93b1582-1ced-550c-bcfa-698f0940fd9a,bicycle,39.961621,-82.974602,,28.14,True,False,False,0
Veo,bbb2bd82-9492-597a-8690-152f5f843903,scooter,40.05197,-83.030209,,27.02,True,False,False,0
Veo,9a91ef57-6b44-5b91-9acc-97c12a8f8c35,bicycle,39.96672,-82.992951,,28.14,True,False,False,0
Veo,867b2467-6c06-5a79-9be7-8801c70a26b7,bicycle,40.030507,-82.963089,,20.05,True,False,False,0
Veo,82eb2287-ccb3-55a8-afba-8e5f2bbd9c97,bicycle,40.102101,-83.088959,,27.02,True,False,False,0
Veo,f76662a8-55b6-5011-9f95-a4c0184b8b2e,bicycle,39.972744,-83.003825,,13.64,True,False,False,0
Veo,50bae2b3-ef9d-5232-ba35-fa9010595a78,bicycle,39.957741,-82.974468,,10.31,True,False,False,0
Veo,8f5f5374-b51c-5108-b7a2-7f3bab6195d1,scooter,39.956463,-82.864554,,12.63,True,False,False,0
Veo,d71ebbca-0d44-553e-957a-0de720c1524f,scooter,39.956131,-82.945282,,27.02,True,False,False,0
Veo,6dc08939-daf8-5e68-931b-555cd1f284d7,scooter,39.945304,-82.937916,,13.64,True,False,False,0
Veo,ac85deaf-a7ed-5fab-ab37-e74c3b1b6b63,scooter,39.978883,-82.99843,,17.89,True,False,False,0
Veo,d098b32a-7d50-5844-8c19-217c9a4e18dc,scooter,39.945417,-82.973837,,9.97,True,False,False,0
Veo,a938cea3-c3f9-50fc-909c-33b904aacaae,scooter,39.956115,-82.945286,,19.05,True,False,False,0
Veo,ca8507a7-633d-54e1-81f1-8eef848f356e,scooter,39.956101,-82.945159,,14.86,True,False,False,0
Veo,7ffb7ce3-a387-5d89-8442-54b2b96ca518,scooter,39.949439,-82.994633,,27.02,True,False,False,0
Veo,7c042d2c-983c-50b0-9a90-796a65cb8d17,scooter,40.005646,-82.973586,,9.29,True,False,False,0
Veo,8a54b74d-8f55-5d1c-a0c6-2319ffbf3d03,bicycle,39.98552,-82.969231,,28.14,True,False,False,0
Veo,2f5795eb-875e-58a4-95f8-f5703d457fc6,scooter,39.948746,-82.999786,,13.86,False,False,True,0
Veo,e375745a-dcd7-56a8-9ecc-92c4a0b2e4aa,scooter,39.979026,-83.0028,,28.14,True,False,False,0
Veo,b9ccae85-a0c9-5de3-a854-5b626dfa8619,scooter,39.912702,-82.985428,,17.37,True,False,False,0
Veo,fb45f99e-e6b2-5413-938d-62856549f62b,scooter,40.008068,-82.938287,,13.64,True,False,False,0
Veo,bdf3440c-efe0-5757-9fdf-2e9100ca8da5,scooter,39.957432,-82.934705,,20.05,True,False,False,0
Veo,251e8089-d983-55c8-9762-c3b2fddd3199,scooter,40.032041,-82.972697,,14.61,True,False,False,0
Veo,bec49c3b-cee2-5a99-8e16-c463dc9dfaa8,scooter,40.006567,-83.020477,,1.56,True,False,False,0
Veo,4940e409-5c45-5e43-a138-7cd6bba37ee6,scooter,39.958528,-83.002772,,28.14,True,False,False,0
Veo,a207eaca-bbaa-5c30-b271-6978856c9c91,scooter,39.956144,-82.945305,,27.18,True,False,False,0
Veo,b55308e8-99f5-50a7-b417-80aaf6b336a1,scooter,39.956117,-82.94521,,23.77,True,False,False,0
Veo,960a77f2-3bcb-50bb-8400-9db165bdfe37,scooter,39.95607661083341,-82.94519852846861,,0.0,True,False,False,0
Veo,22b827b0-90c2-57c8-a02e-c25da2794f02,scooter,39.971374,-83.002628,,23.02,True,False,False,0
Veo,40230fd6-2bc6-58bc-b6ed-e812f61c6139,scooter,39.956115,-82.945155,,28.14,True,False,False,0
Veo,0e5fdd0c-1b94-569a-af0d-c921bc45e71c,scooter,39.954874,-82.999287,,4.92,True,False,False,0
Veo,0e79920e-185f-5c69-b0c6-413c2576b6a6,scooter,39.943405,-82.976435,,10.31,True,False,False,0
Veo,bd799905-828f-55f1-a344-ba4db8798b45,scooter,39.987655,-83.010705,,20.37,True,False,False,0
Veo,580293f2-6336-563c-885c-6349226c7a7e,scooter,39.960325,-82.865516,,25.65,True,False,False,0
Veo,60fb9daa-1b22-5d1c-a75f-85a0d1c64505,scooter,39.990708,-82.938075,,3.81,True,False,False,0
Veo,e2144821-d8e9-5ad8-96e2-7e71709516f0,scooter,39.998909,-82.981283,,16.39,True,False,False,0
Veo,453d93cc-0948-5503-afa2-0fa60dd8622f,scooter,39.956093,-82.945116,,28.14,True,False,False,0
Veo,9cae748b-acf9-552e-84d5-f2b257455608,scooter,39.956094,-82.945196,,2.12,True,False,False,0
Veo,21d76aa6-dad1-5a9c-ab5e-2e2e2a926caf,scooter,39.971569,-83.005724,,25.12,True,False,False,0
Veo,6344bd5b-a70a-5d80-a38f-a450c964c1cc,bicycle,39.993179,-83.020831,,13.1,True,False,False,0
Veo,45206c4d-530c-51d8-9e8b-2aa14e934957,bicycle,39.962831,-82.996022,,6.31,True,False,False,0
Veo,8fc8f17c-ba5c-5393-94f6-b420e691ec58,bicycle,39.994647,-83.003109,,6.31,True,False,False,0
Veo,8946c71b-97f6-5544-bb37-5d574f59c359,scooter,39.956097,-82.94518,,12.63,False,True,False,0
Veo,524a6deb-ed19-53fb-8023-87dd786b2074,bicycle,39.997553,-82.917729,,28.14,True,False,False,0
Veo,f1146e68-b68a-58ee-b44d-e9a1371e9a80,scooter,39.959614,-83.001273,,13.86,True,False,False,0
Veo,d5d7ca3a-62f6-5f97-9b01-da3e8db3991a,scooter,39.9561,-82.945141,,28.14,True,False,False,0
Veo,ab5d16af-c569-5173-b521-d6dcda7160f5,scooter,39.957665,-82.998866,,17.37,True,False,False,0
Veo,658ef61c-69d2-5e8c-8887-c01e82f112ca,scooter,40.019797,-82.955385,,26.51,True,False,False,0
Veo,c6f35c03-144d-556d-814b-38192ac61df4,scooter,40.103852,-83.10885,,1.15,True,False,False,0
Veo,57da5b37-83ee-5c6c-99a2-b426d7747056,scooter,39.962507,-82.973977,,8.09,True,False,False,0
Veo,23329bf4-a9f8-5522-b3fe-e875ef50145d,bicycle,40.060522,-82.954565,,1.15,False,True,False,0
Veo,91a3700b-d0be-5c2f-ad19-f0923030d9af,scooter,39.956101,-82.945184,,21.15,True,False,False,0
Veo,fcbb4234-f5a4-5499-9bf6-ce80fb57df4b,scooter,40.012421,-82.985851,,28.14,True,False,False,0
Veo,268a2d9b-55b7-5b56-ae1c-539e7e108bcc,scooter,40.073271,-83.081323,,28.14,True,False,False,0
Veo,2b8a2cf7-c18d-54ec-8bbb-d30a7b201d32,scooter,40.08435,-82.988414,,8.43,True,False,False,0
Veo,c273fe64-cbed-5824-9cb4-216e802da829,scooter,39.989876,-83.005358,,13.64,True,False,False,0
Veo,8f3fdae5-d902-5d96-a0b8-01e4b11f2061,scooter,39.975704,-83.002679,,28.14,True,False,False,0
Veo,0e29af3a-c62b-56f1-9160-12c05efa4e0d,scooter,40.095033,-82.989985,,27.77,True,False,False,0
Veo,ccfc75a2-a571-52f9-8dee-c9028186d94d,scooter,40.075017,-83.007731,,24.84,True,False,False,0
Veo,817387eb-0730-56c8-9d13-13f03daf60a6,scooter,39.95609,-82.945265,,27.77,True,False,False,0
Veo,acae50c4-4c5c-5467-95ea-7fd8b25ad850,scooter,39.956118,-82.945148,,2.79,True,False,False,0
Veo,792dd0e6-5542-5ef7-aa05-81dd7cb05eec,scooter,39.967185,-83.013371,,15.89,True,False,False,0
Veo,a30ce682-382f-5cce-8317-ba8da0663f28,scooter,39.956095,-82.94516,,28.14,True,False,False,0
Veo,44b1e8d5-1546-5a29-ae45-36b4547cf13a,scooter,40.020838,-83.001881,,14.61,False,False,True,0
Veo,a6697ee4-08d6-5f76-9651-042f38af97ab,scooter,39.951957,-82.985034,,12.28,True,False,False,0
Veo,3e8c54c2-37d1-570f-9362-b7397d28953c,scooter,40.103084,-83.134366,,25.12,True,False,False,0
Veo,d95f2e8b-76d7-5803-8060-e590b1f5eb6c,scooter,39.953858,-83.012824,,8.43,True,False,False,0
Veo,29a3195c-b4cc-5430-87d4-f0a767b6d432,scooter,39.9561,-82.945259,,15.89,True,False,False,0
Veo,225c0d83-a546-5797-a3c4-425e1b01610e,scooter,39.95599188,-82.94532807,,0.0,True,False,False,0
Veo,4a72381f-6c11-5d5b-96c5-34041b91f6e9,scooter,39.999182,-82.988301,,25.12,True,False,False,0
Veo,a1e6dcb3-fc94-578b-b724-fca86c214142,scooter,39.947889,-83.063016,,25.74,True,False,False,0
Veo,cbca54b9-d950-5642-bfdf-1eedd01b151b,scooter,39.99344,-83.016141,,8.09,True,False,False,0
Veo,762753dc-5185-5f67-8968-46ef91525a48,scooter,40.010551,-83.012363,,1.15,True,False,False,0
Veo,009740e9-7fbb-5c0c-8fdc-1117a4dbac22,scooter,39.956136,-82.945289,,10.51,True,False,False,0
Veo,274f7c28-d83e-5dea-b7ed-9471afd4c6cb,scooter,39.928651,-82.985365,,24.33,True,False,False,0
Veo,61ea38f0-0f1c-5bf3-a837-ac35c9ddbd1f,scooter,39.965896,-83.001496,,28.14,True,False,False,0
Veo,0a71cfeb-482e-5129-95f4-8b62054e083d,scooter,39.982366,-82.998375,,16.39,True,False,False,0
Veo,9735f1cc-ccd8-556b-9814-ab1e539ed6e9,scooter,39.97145,-83.004962,,27.44,True,False,False,0
Veo,48d77f00-73e5-5ba3-bf63-d35c3194f98a,scooter,39.967824,-83.012588,,13.64,True,False,False,0
Veo,7f0c5a5b-fea4-5e76-9fe0-f26ec4bb265f,scooter,39.987576,-83.010728,,14.17,True,False,False,0
Veo,0aa39039-e2ec-5bcf-8630-5de2bbc9a80b,scooter,39.942991,-82.956412,,20.37,True,False,False,0
Veo,2bada6ba-d1ce-595c-9a4d-6811eda47ccd,scooter,39.96098,-82.885552,,14.86,True,False,False,0
Veo,d0f6eb25-7e9c-55f6-977c-a7f86c9afc00,scooter,39.974037,-83.012393,,24.33,True,False,False,0
Veo,d0b3a450-442a-5a25-a07d-cc9fb5fb8c51,scooter,39.956108,-82.945199,,21.49,True,False,False,0
Veo,14d413b0-7bdd-59c6-8753-3555e8ea5bcf,scooter,39.956097,-82.945174,,27.44,True,False,False,0
Veo,02fc4708-0f43-5595-a068-b552d3173680,scooter,39.965878,-83.001464,,28.14,True,False,False,0
Veo,394f1e84-f62f-50eb-bbdf-d327cd92ce98,scooter,39.993919,-83.011472,,12.87,True,False,False,0
Veo,d85db815-768c-5959-b87c-cc6bc5ca8d06,scooter,39.956094,-82.945209,,1.15,True,False,False,0
Veo,4ca3f8bd-e274-57f6-bbd9-905b91716b71,scooter,39.915313,-83.065475,,28.14,True,False,False,0
Veo,63293bd3-96eb-5bd6-b740-85925eaa3fe3,scooter,39.960522,-82.984334,,12.87,True,False,False,0
Veo,6c400eed-748f-525d-a763-d43092e059fc,scooter,40.005534,-83.01162,,25.74,True,False,False,0
Veo,e94ab12d-5852-5016-b5a9-acf022d19d14,scooter,40.031469,-82.960347,,14.86,True,False,False,0
Veo,c48e0f9b-6367-5620-acd3-a1432c312df8,scooter,40.058476,-82.96177,,2.12,True,False,False,0
Veo,b4e41670-ccd9-58be-905f-35d3bd02b7d4,scooter,39.953621,-83.111968,,8.43,True,False,False,0
Veo,21603df7-8ca3-5f32-8972-fe7b905e2218,scooter,39.964166,-82.997552,,7.62,True,False,False,0
Veo,2b79c49d-7ef4-5c43-a993-6e189d614e48,scooter,39.961544,-83.034824,,25.94,True,False,False,0
Veo,8b2fada5-532c-5c05-931f-cf4a76582c3e,scooter,39.95607,-82.945163,,28.14,True,False,False,0
Veo,82ae702b-86ac-5f2d-a821-10abd65c54df,scooter,39.949554,-82.956221,,11.11,True,False,False,0
Veo,402d892d-3795-507d-9abb-56c48b4b50fc,bicycle,39.926183,-82.965962,,28.14,True,False,False,0
Veo,b4d2073c-2df1-578e-a665-3d7f6cda8be3,scooter,39.996382,-82.997538,,28.14,True,False,False,0
Veo,1eb67e8f-a89f-5b03-a2ef-4abcf347c698,scooter,39.956094,-82.945182,,13.86,True,False,False,0
Veo,2e65522e-9797-5d36-b010-ab3e1d3a4530,scooter,39.956094,-82.945167,,8.09,True,False,False,0
Veo,5a8bb6b0-44e8-530d-875e-d178b02c3779,scooter,39.952299,-83.093381,,23.02,True,False,False,0
Veo,f853b6cf-c09e-5357-b048-f78daf83f85f,scooter,40.012833,-82.976929,,10.31,True,False,False,0
Veo,6debff7f-fcc7-5c65-80a4-ef8d07586300,scooter,39.945831,-82.994837,,25.12,True,False,False,0
Veo,29950cfb-3e42-58e8-bbbe-66ff8c14b59e,scooter,39.958907,-82.987944,,25.74,True,False,False,0
Veo,8c61851e-d6f7-54eb-a7c6-832d8478f0e2,scooter,40.022898,-82.965536,,14.43,True,False,False,0
Veo,8a982fe8-4947-5d02-b8e7-1030c11654d8,bicycle,39.980444,-83.01629,,28.14,True,False,False,0
Veo,4f3d0913-ad96-5a01-9f69-c4bc403c9991,scooter,40.00935,-82.941052,,12.63,True,False,False,0
Veo,c2c9eca1-97c8-521f-853a-1d7eabb09e26,scooter,39.935991,-82.976044,,27.02,True,False,False,0
Veo,8ff914f4-59f8-5fe6-a385-f1ccff010843,scooter,39.987211,-83.006874,,24.06,True,False,False,0
Veo,e2cab03c-0395-5f41-ad1c-ea3ab2666d6e,bicycle,39.937307,-82.881728,,27.44,True,False,False,0
Veo,2590e622-5dbe-57e7-8756-f7161f0a1df6,bicycle,40.032667,-82.991036,,12.52,True,False,False,0
Veo,d2d9dc87-681c-579b-8d38-4adbc6b2e670,scooter,40.007802,-83.000526,,27.44,True,False,False,0
Veo,d31f056b-1ff3-558f-be3b-7fce4a912f7a,bicycle,39.934193,-83.100792,,28.14,True,False,False,0
Veo,37ba9767-399f-5777-b31d-eb1462e92514,bicycle,39.994904,-83.007281,,14.17,True,False,False,0
Veo,2c6a93e7-a35b-52f3-90f2-535c9f095acc,bicycle,39.991971,-83.006507,,28.14,True,False,False,0
Veo,bc262730-48ca-5176-a956-79b6973e88c7,bicycle,39.933241,-82.98066,,22.39,True,False,False,0
Veo,abbce75b-f85d-58b4-8e61-38115bbbadae,bicycle,40.002136,-82.997974,,16.84,True,False,False,0
Veo,7df3e676-6fa0-5a50-99eb-1ba975c5f146,scooter,39.993929,-82.983374,,28.14,True,False,False,0
Veo,7f98c559-b5d2-5e43-917e-5b8c06d2b514,bicycle,39.956339,-82.875963,,22.7,True,False,False,0
Veo,ee4dcaae-0d72-5861-95a2-f21aa0a4009d,bicycle,39.995118,-82.999619,,28.14,True,False,False,0
Veo,bcd5c389-2f53-5099-806c-8184ffdfcad0,bicycle,39.912745,-82.965805,,28.14,True,False,False,0
Veo,ce5b8853-1fa7-5e1e-b871-f20a6a4877a2,bicycle,39.968375,-82.902799,,24.33,True,False,False,0
Veo,277fe763-5ed5-5e54-99ba-b19fc53d8070,bicycle,39.935859,-82.988865,,28.14,True,False,False,0
Veo,a126ff82-d2af-59ee-95d3-d741ae8298a3,scooter,39.974206,-83.013439,,21.77,True,False,False,0
Veo,5db7d921-9e7c-52ea-812a-2115ccfe5424,bicycle,39.995005,-83.014854,,28.14,True,False,False,0
Veo,e352b579-a26b-5a9d-b826-2788a087d5d0,scooter,39.93502,-82.992874,,5.44,True,False,False,0
Veo,9131e8b4-64b1-549d-b319-b0cf7c14c3b5,bicycle,39.993444,-83.00656,,28.14,True,False,False,0
Veo,6d73c08b-cafd-5cba-a98b-66d9e0fb4c08,scooter,39.950151,-83.000293,,22.7,True,False,False,0
Veo,52afa277-35b0-5107-bd32-751baf0c2e2a,scooter,39.989728,-83.002362,,8.78,True,False,False,0
Veo,ab435273-d2f6-56d2-93df-ad32a5fa339c,bicycle,40.011375,-82.974863,,1.56,True,False,False,0
Veo,5e8f9ce4-debc-5317-a9c6-5a81987c5b81,bicycle,39.95877,-82.950862,,27.02,True,False,False,0
Veo,c017106c-07d3-5c90-a5b7-1db3523bdafd,bicycle,39.972641,-83.025568,,9.29,True,False,False,0
Veo,3f0b73ec-59a7-520b-9765-5ec8ca9b174b,bicycle,40.003428,-82.975181,,14.17,True,False,False,0
Veo,8f6c95a2-05f0-5d22-8b5d-bf77d4f6516e,scooter,39.95611,-82.945157,,25.74,True,False,False,0
Veo,df7be4cb-2afd-5465-8bd4-d0aa6bceb2ba,bicycle,39.971597,-83.005701,,28.01,True,False,False,0
Veo,fb3c0881-06e3-5751-b80c-de3a845c3212,bicycle,40.050235,-82.999849,,11.34,True,False,False,0
Veo,b7c9e183-131e-55ef-8617-7dd60a29c69e,bicycle,39.935937,-82.949986,,12.52,True,False,False,0
Veo,b2efcaae-251c-59f7-854a-d91cb6467f6f,bicycle,39.980978,-83.004389,,12.07,True,False,False,0
Veo,a859e143-050a-5075-8fed-1e2d5d7a58c2,bicycle,39.949275,-83.076062,,23.77,True,False,False,0
Veo,7e962687-a6aa-5202-85d5-3b20e59927ff,bicycle,40.005686,-82.913074,,10.51,True,False,False,0
Veo,197e57bc-d23a-532b-a6fc-aa887493bb54,bicycle,39.965745,-82.995381,,15.89,True,False,False,0
Veo,ae81da89-b5c0-515a-a9f2-bf9d5de48c15,bicycle,39.941187,-83.091822,,14.61,True,False,False,0
Veo,ed72dca4-a1a1-59c1-9e25-2f01f4ed710a,bicycle,40.100953,-83.109085,,17.89,True,False,False,0
Veo,264c8c5d-a4f8-5f3f-9207-50265295b613,bicycle,39.959775,-83.065216,,3.13,True,False,False,0
Veo,e5ffc975-819a-547e-ac49-881d5147c87f,bicycle,40.000252,-82.986126,,21.77,True,False,False,0
Veo,004ab7a3-4eca-5019-8d25-123a30428db4,scooter,39.999923,-83.006668,,25.34,True,False,False,0
Veo,2de8cd39-7a74-5b59-9de7-e85d341fda06,bicycle,40.02929683,-82.92249506,,0.0,True,False,False,0
Veo,bafa413c-d130-58f3-a752-a965c3043ee1,bicycle,40.00195,-83.008295,,11.83,True,False,False,0
Veo,0cb8d39b-0f91-5485-a2b6-0d2c1129747a,bicycle,39.975456,-82.975735,,22.7,True,False,False,0
Veo,c8bed7c6-24f0-56d0-817a-cf73b8357ecb,bicycle,39.924553,-82.891614,,10.51,True,False,False,0
Veo,51885b87-2df4-52e9-b245-ed095aaab83d,bicycle,39.941986,-82.995047,,16.84,True,False,False,0
Veo,6cf93ece-d3f3-5fbc-a1f6-106464f9e9c1,bicycle,39.93117,-83.050341,,26.51,True,False,False,0
Veo,a8b78d1f-109d-5567-9c0c-202fb469255c,bicycle,39.95201,-83.035891,,28.14,True,False,False,0
Veo,6d7a8c85-0af6-56eb-9d7b-c83a48ce1432,bicycle,39.93081,-82.955123,,24.33,True,False,False,0
Veo,e0bbb5c2-94fe-5e75-8c00-631e6a3af868,bicycle,39.94857,-82.973011,,13.64,True,False,False,0
Veo,64cb9807-c7ba-50fe-81f6-7850b9559022,bicycle,39.937531,-82.950582,,13.86,True,False,False,0
Veo,04092e0a-34c6-5fed-9309-d237d7ef94a0,bicycle,40.100623,-83.115579,,13.1,True,False,False,0
Veo,bbb5c09a-5d24-5ba2-a8f2-f0881764a7ab,bicycle,39.959928,-83.039449,,25.74,True,False,False,0
Veo,9febfdf8-30d0-5d70-996a-69ea06e83dc7,bicycle,39.957833,-83.020025,,28.14,True,False,False,0
Veo,2f3a2b21-124e-5040-bdfd-b67af392ec98,scooter,40.000511,-83.001018,,24.06,True,False,False,0
Veo,3bb746c2-eb93-5a1d-a06d-1dd142008c57,bicycle,40.001965,-83.001148,,24.33,True,False,False,0
Veo,43006c37-131a-573d-b2d2-7afedc224732,bicycle,40.053492,-83.016529,,19.78,True,False,False,0
Veo,07353a46-ba5c-56b9-90f6-b4df3ba4f1ae,bicycle,39.973124,-82.905905,,15.18,True,False,False,0
Veo,8f078cfd-2ea1-542c-8875-d60b1b72fe6a,scooter,40.002431,-83.009329,,26.78,True,False,False,0
Veo,88eecc9f-48cb-506e-a6fd-4b53b8615f19,bicycle,40.007262,-83.010109,,14.61,True,False,False,0
Veo,5583543a-a3ab-53a6-b893-b21ddfdfc1d0,bicycle,40.105284,-83.110652,,22.05,True,False,False,0
Veo,2451d2fe-0396-5471-acb4-c2665acc2e6c,bicycle,39.971267,-83.004839,,24.33,True,False,False,0
Veo,b69b82d6-8359-5701-aed1-f04e09ea0d5d,bicycle,39.943907,-82.994467,,13.86,True,False,False,0
Veo,d51ccbdf-3a24-5a27-83b3-a74e000da123,scooter,39.972093,-83.002588,,13.86,True,False,False,0
Veo,4495026a-40af-511f-a1cd-f900e88f1f8b,bicycle,39.973981,-83.001209,,20.37,True,False,False,0
Veo,f54bad85-9409-5fcd-8839-716ee4a0f7e8,bicycle,39.954256,-82.891766,,28.01,True,False,False,0
Veo,5d719951-f446-5efd-85f1-270f756b4e1b,bicycle,39.9559180801078,-82.94530223016405,,0.0,True,False,False,0
Veo,d6c6f716-c7a8-5693-bb76-63f243889765,bicycle,40.016947,-83.010641,,28.14,True,False,False,0
Veo,85fdf81a-55aa-5309-a3a4-48f3fb102ca2,bicycle,39.950766,-82.99646,,17.37,True,False,False,0
Veo,0403c25c-11f3-5236-b5c4-cb09267c09e1,bicycle,39.967597,-83.013481,,22.39,True,False,False,0
Veo,28e72692-a732-59c7-8bef-81d925eefaab,bicycle,39.966181,-82.970276,,28.14,True,False,False,0
Veo,626d930d-8db9-55d5-a2ce-d04cf227e794,scooter,39.966621,-82.985009,,28.14,True,False,False,0
Veo,a24d92db-b9a8-5bb7-8ffd-342b57ce215e,bicycle,40.00146,-83.001144,,11.83,True,False,False,0
Veo,ac691d7c-486c-564b-a8f0-ee763247bd65,scooter,40.113662,-83.124541,,24.33,True,False,False,0
Veo,b7479fc8-c269-5e37-a97e-45a214a6da7f,bicycle,39.998082,-83.009708,,28.14,True,False,False,0
Veo,e71dc47d-4502-5614-99b8-7062f17982d2,bicycle,40.000273,-83.018032,,28.14,True,False,False,0
Veo,0dc97168-15cc-51d5-9d99-17cd261af16b,bicycle,39.93742,-82.987829,,23.77,True,False,False,0
Veo,154be4b7-5a8f-5af5-92e8-21cb5ed8e5bf,bicycle,40.105204,-83.108108,,25.12,True,False,False,0
Veo,0169a7f5-e03c-5429-ac28-fed93aa1eb90,bicycle,40.000292,-83.017995,,7.62,True,False,False,0
Veo,f1a0747e-db9f-5d44-ae03-70744d3e1f45,bicycle,39.944547,-82.986091,,28.14,True,False,False,0
Veo,5a5e86c0-6f7b-519d-9c8f-1d7b27020c52,bicycle,39.94199,-82.995067,,27.44,True,False,False,0
Veo,f9d07661-e1ea-590e-91b9-ce8672a4c228,bicycle,40.022632,-83.031201,,22.7,True,False,False,0
Veo,a234963b-e48e-5a9c-af47-c3b2600b329d,scooter,39.942627,-82.997095,,28.14,True,False,False,0
Veo,45a6ce71-8a25-514c-b2f9-dac3095f980e,bicycle,40.014126,-83.001202,,14.43,True,False,False,0
Veo,72022538-901f-5d21-9f08-c16c497f2391,bicycle,39.963142,-83.004307,,28.14,True,False,False,0
Veo,a9793448-646b-5eb1-9703-8afda5622c7b,bicycle,40.040861,-82.94422,,28.14,True,False,False,0
Veo,11f8d19b-6b53-59ac-8cc8-8d968ab3917a,bicycle,39.940435,-82.886751,,13.64,True,False,False,0
Veo,dcd6e250-c5cd-5eba-b1e2-f9dd6dc8bd57,bicycle,40.101011,-83.108875,,25.74,True,False,False,0
Veo,2dadc2b7-5a80-563c-8deb-a676dc255075,bicycle,39.936784,-82.897765,,14.17,True,False,False,0
Veo,44dd9adc-8069-51af-88df-4e9c6c0adca5,bicycle,39.944212,-83.043603,,28.14,True,False,False,0
Veo,385e64cc-7c53-5643-9e6e-9f051c6077cb,bicycle,39.968241,-83.009812,,15.45,True,False,False,0
Veo,4b4ce38b-aa55-5a87-8244-fad3f26b14c7,bicycle,40.002329,-83.001721,,10.79,True,False,False,0
Veo,2433bf2e-21c0-593b-9e07-dbd956e0ab39,bicycle,40.100629,-83.115556,,24.06,True,False,False,0
Veo,61cfe365-dba6-5928-9d59-d7eca668a733,scooter,39.987257,-83.012957,,27.02,True,False,False,0
Veo,f8670d1b-85b5-520b-a773-5913c5c399f1,scooter,39.956111,-82.945185,,28.14,True,False,False,0
Veo,24d6bd5b-3bab-5a88-acdb-1d67f9bfa64d,bicycle,40.105866,-83.104013,,28.14,True,False,False,0
Veo,e36c6d85-c5eb-5c31-8591-555a0a049bae,bicycle,40.006734,-82.997581,,28.14,True,False,False,0
Veo,4e1d8d1f-3147-570e-bc20-dc0f09d907a3,bicycle,40.058279,-82.952974,,19.39,True,False,False,0
Veo,93f61c0f-66de-552d-827d-23455487ae75,bicycle,39.936457,-83.01958,,28.14,True,False,False,0
Veo,fdf62734-3f23-508c-a873-59c85c9e7717,bicycle,39.950291,-82.955101,,23.02,True,False,False,0
Veo,f81f02e7-a4c7-5bbf-8b0c-52991edd796f,bicycle,40.001855,-83.003487,,23.02,True,False,False,0
Veo,254d4aa0-5baa-510b-bdcd-0424d708c0b0,bicycle,39.960961,-82.96251,,23.02,True,False,False,0
Veo,dad7b384-6d97-5d13-a913-525321dff45b,bicycle,40.041054,-83.018232,,25.12,True,False,False,0
Veo,f2765e45-5621-5054-96a9-5224361ef3dd,scooter,40.018236,-83.025139,,10.79,True,False,False,0
Veo,42c60306-a4c8-569a-bb7f-dbb5daaf5d16,bicycle,39.944934,-83.003131,,23.33,True,False,False,0
Veo,e7066506-cb4e-5ca1-b3f0-542daa18c029,scooter,39.955873,-83.003214,,15.45,True,False,False,0
Veo,68b5d9e6-4e0b-5ac2-ad79-7ca73c0f9df6,bicycle,40.050008,-83.030082,,23.77,True,False,False,0
Veo,53289bcd-1824-50a2-b043-c4a5d7d65a86,bicycle,39.94674,-82.951422,,26.78,True,False,False,0
Veo,1d2f47a1-c4da-5362-8505-c5dd85a38ac9,scooter,40.00673166666666,-82.98149666666669,,14.61,True,False,False,0
Veo,a4d37e92-9048-58f4-b41b-02d752c85ee2,scooter,40.014,-82.998317,,25.12,True,False,False,0
Veo,baaf1cb0-7b6e-55ff-a73f-0fdd98085465,scooter,39.94923,-83.035753,,23.33,True,False,False,0
Veo,947988d0-8bb0-5bef-95ed-2460552f6c22,scooter,39.997221,-83.0093,,21.77,True,False,False,0
Veo,60e359ff-a73f-5671-8ede-cdb3605517b8,bicycle,39.960348,-82.865274,,28.14,True,False,False,0
Veo,d97e2c15-2d18-509c-996d-cb39995e4887,bicycle,40.006703,-83.008515,,25.65,True,False,False,0
Veo,74b9990c-e5cc-5105-8fa3-9e886bf44d35,scooter,40.007896,-83.000496,,8.09,True,False,False,0
Veo,7f7a5e7e-c1d7-599c-838d-8e85bf04c4f9,bicycle,39.974709,-82.97541,,12.52,True,False,False,0
Veo,3d7ab67b-abce-519b-b1ad-b083c88ee4a6,bicycle,39.96718,-82.981871,,24.33,True,False,False,0
Veo,02560ff7-6297-5c4c-913c-23f17540adfe,scooter,39.97236,-82.974404,,28.14,True,False,False,0
Veo,0d5105a1-598f-5917-bcaf-bd5464c2f758,bicycle,40.006358,-83.019374,,2.36,True,False,False,0
Veo,d211a7f1-e0e8-546e-8b17-3da1deae5c46,bicycle,39.960179,-83.000881,,22.7,True,False,False,0
Veo,46793c1d-ec5e-55c5-b1a9-c8647aeb572a,bicycle,39.972152,-83.039808,,13.64,True,False,False,0
Veo,aae75ce3-1a57-53b3-9765-903e56c1c2d8,scooter,39.935012,-82.992884,,19.05,True,False,False,0
Veo,bb21ac22-5364-5331-88f1-bfdd2e24eb05,bicycle,39.958019,-82.980031,,14.43,True,False,False,0
Veo,9824fbe6-b0e7-5f2e-81ba-f56b8532b21b,bicycle,40.032967,-83.000386,,28.14,True,False,False,0
Veo,41e6aa5f-b8d4-5193-8521-ac0d15586240,bicycle,39.93983,-83.067896,,28.14,True,False,False,0
Veo,69f19cea-68b7-57e8-9ecc-fff3f11cbf4f,bicycle,40.06402,-83.089578,,28.14,True,False,False,0
Veo,ecc067f3-db5c-5ce3-9c9b-2a7c8ca3fb68,bicycle,40.10386,-83.10898,,25.34,True,False,False,0
Veo,34947567-1887-5fec-ace5-2cd4ea2155f8,bicycle,39.988694,-83.005869,,14.17,True,False,False,0
Veo,6406a68d-31d9-5425-9704-b2c2e0901efb,bicycle,39.930132,-82.950685,,9.97,True,False,False,0
Veo,06555598-8aa8-5980-99d6-4f9c094c1f92,bicycle,39.935675,-82.988938,,14.17,True,False,False,0
Veo,25d7683c-97ca-5662-9fdb-b1c407b74c25,bicycle,39.977391,-83.009794,,25.74,True,False,False,0
Veo,0c3e0e0b-035b-54c3-ba3e-f5d47ed68b60,bicycle,40.017291,-82.99391,,2.36,True,False,False,0
Veo,03845391-5d58-5521-9ebc-4b8229f6c598,bicycle,39.963133,-83.004287,,25.74,True,False,False,0
Veo,b2382f33-e1fb-52f5-8856-b0111b253b86,bicycle,39.992556,-83.000956,,22.7,True,False,False,0
Veo,493e3636-3a73-5ab8-8047-798daae7002c,scooter,40.024344,-83.034175,,17.37,True,False,False,0
Veo,89f16d4e-cd78-5274-90e8-3b441ff65458,bicycle,40.00217,-82.996362,,28.14,True,False,False,0
Veo,4d8a816d-65d6-5832-ac0d-6032bdfd6250,bicycle,39.961866,-83.002542,,23.77,True,False,False,0
Veo,3fc1f2e8-6b4c-5693-89e9-a67ee91fea11,bicycle,40.060688,-82.99068,,12.52,True,False,False,0
Veo,e1b90951-75db-5fff-a504-1bfc962c0d3c,bicycle,39.944895,-83.042161,,10.79,True,False,False,0
Veo,5249139a-2f82-5ce4-92aa-4f2dab671fec,bicycle,39.956914,-82.923677,,25.65,True,False,False,0
Veo,247f894f-d93e-5546-a6d4-14eb58e8b47e,bicycle,40.103477,-83.108874,,17.37,True,False,False,0
Veo,9ee87139-ef75-5957-a9c4-f1eb116dbc3e,scooter,39.950115,-83.000216,,25.74,True,False,False,0
Veo,f9001f13-effe-5903-9199-b79dc19162b5,bicycle,39.989083,-82.981863,,28.14,True,False,False,0
Veo,54876714-8952-57d1-9338-0bf8851a4e96,scooter,39.993702,-83.019272,,4.92,True,False,False,0
Veo,d49d4cb7-37fb-54d6-9098-2e7abe42913e,bicycle,39.946772,-82.917098,,28.14,True,False,False,0
Veo,31597b1e-9732-5401-b2fb-dbcaea32416f,bicycle,39.990084,-83.01741,,5.59,True,False,False,0
Veo,bbf52638-2777-56d7-9fa2-19c1277c534a,bicycle,40.015349,-82.988869,,12.63,True,False,False,0
Veo,0f54d12e-6ad9-5d86-8c2d-a621fec5fe56,bicycle,40.011414,-82.954362,,2.12,True,False,False,0
Veo,dc4c47d5-4f75-5fea-a58e-79ad2563b4d6,bicycle,39.939605,-82.990778,,13.39,True,False,False,0
Veo,3400d6d5-b319-5045-9618-9f60e2d39351,bicycle,40.038401,-82.995578,,28.14,True,False,False,0
Veo,fc344c59-75d4-5619-82ce-9371dd58d5f0,bicycle,39.948379,-83.00806,,13.64,True,False,False,0
Veo,442509d2-d28c-5b68-8da5-431c72e8bd52,bicycle,40.009904,-82.982871,,21.49,True,False,False,0
Veo,8611c77a-bd8a-5406-aa62-b73390f4a357,bicycle,39.968357,-83.009889,,15.18,True,False,False,0
Veo,c6e1ce02-1069-502f-a23c-fb7ee760ed75,bicycle,40.100963,-83.108822,,13.1,True,False,False,0
Veo,729b18f0-b020-562b-b421-042802e15bf9,bicycle,39.977906,-82.948667,,25.74,True,False,False,0
Veo,327db34a-0e48-5543-bbe3-c70e08acb132,bicycle,39.995677,-83.012002,,26.25,True,False,False,0
Veo,b933e282-4dd1-5341-b722-4b687c3d1bc5,bicycle,39.965323,-83.08318,,24.33,True,False,False,0
Veo,76b10084-e865-5b21-90d5-77651f275ca2,bicycle,39.927406,-82.977944,,27.02,True,False,False,0
Veo,4da75ec5-8e80-508b-a87b-149c65b21d53,bicycle,40.006018,-83.008765,,12.28,True,False,False,0
Veo,108a35b8-56ad-5dfb-995d-63bcf118d84f,bicycle,39.960788,-83.012693,,28.14,True,False,False,0
Veo,6a9b4a54-2368-5bdf-b541-f7d29e391904,bicycle,39.964801,-82.908294,,28.14,True,False,False,0
Veo,25c5400a-a55d-5401-aeb7-20bef3e61bc8,bicycle,39.95571,-83.004239,,28.14,True,False,False,0
Veo,3ed8a3b3-b940-58d3-98c6-4484dfe0a179,bicycle,39.927625,-82.979255,,8.09,True,False,False,0
Veo,24099a1c-694c-5b7c-b8c1-98a09a53b085,bicycle,39.984051,-83.016864,,25.94,True,False,False,0
Veo,98227d70-0927-503b-b042-de1b5448964e,bicycle,39.940465,-82.890113,,28.14,False,True,False,0
Veo,ac9835b8-7aa4-5eaf-9191-92c877050b48,bicycle,39.934402,-83.003504,,3.67,True,False,False,0
Veo,b52ab11b-0dca-5bc5-a468-21e2060b2817,bicycle,39.968335,-82.961911,,28.14,True,False,False,0
Veo,5413d517-f7f6-52e6-af6b-809a0f847d3f,bicycle,39.974113,-82.958554,,12.52,True,False,False,0
Veo,b1fac922-2a34-519c-97f2-0c7164aa0e98,bicycle,39.939224,-82.9813,,9.97,True,False,False,0
Veo,2441b3a3-ab7f-5d26-86ff-6c268c42255a,bicycle,40.000978,-83.037225,,15.18,True,False,False,0
Veo,2086f0cd-4dc3-5c06-b996-d2097a138fed,bicycle,39.96523,-82.90673,,3.67,True,False,False,0
Veo,4f4d43f5-c804-56f6-a689-27dad5efa8b3,bicycle,39.944535,-82.989298,,28.14,True,False,False,0
Veo,1dc54bd3-e5f4-5a60-b6e1-d6ddca362d4e,bicycle,39.957955,-82.875106,,28.14,True,False,False,0
Veo,eb426bfa-85cb-5f8f-a3e9-321ee2a7c148,bicycle,40.029797,-82.968726,,28.14,True,False,False,0
Veo,c31c0606-27bb-5dee-a263-be58c7b96347,bicycle,39.940461,-83.118483,,28.14,True,False,False,0
Veo,ee075776-d3fd-5256-bddf-95d0ee71ce79,bicycle,40.102828,-83.08903,,25.65,True,False,False,0
Veo,427463ca-5834-58ea-9a97-52f3e309465e,bicycle,40.003123,-82.998616,,13.1,True,False,False,0
Veo,a0ec8158-6f3f-58d6-ba2b-b9393568d1a9,bicycle,39.937439,-83.080905,,24.06,True,False,False,0
Veo,a2bd4574-8ab2-5038-959f-c9d740cb007c,bicycle,39.956028739930176,-82.94531868953904,,0.0,True,False,False,0
Veo,a03f88d2-f5c8-5d17-bb11-55f6366bb17c,bicycle,39.993761,-83.026911,,25.34,True,False,False,0
Veo,78669eff-6b77-58c4-b559-3974b0e02aba,bicycle,39.950793,-82.983489,,28.14,True,False,False,0
Veo,498eab83-ce45-519a-9f86-de83dc690963,bicycle,40.088161,-83.100257,,24.33,True,False,False,0
Veo,430e500e-bd07-5f28-8616-a89e33cadf63,bicycle,39.961033,-82.983634,,28.14,True,False,False,0
Veo,30beaf90-bae9-5884-9449-5878e57cac97,bicycle,39.966983,-82.99914,,27.02,True,False,False,0
Veo,47d289ab-e59d-5b51-b6c7-ca8eca5def5b,bicycle,39.953219,-82.992458,,13.64,True,False,False,0
Veo,2f2abf43-569f-509b-b6d2-227d521f21bc,bicycle,40.044844,-83.031891,,17.89,True,False,False,0
Veo,7eb8e494-e055-5831-bf19-7d587385ae29,bicycle,40.007593,-82.996951,,13.86,True,False,False,0
Veo,8e934b68-42e9-5e5c-9816-01faeeef6c71,bicycle,39.959183,-83.028186,,14.86,True,False,False,0
Veo,c1b04070-5ee5-5530-b8ad-a737602863a1,bicycle,39.935935,-82.988881,,26.78,True,False,False,0
Veo,113ab3a0-93b3-5a1f-bf72-24daac073800,scooter,39.998778,-83.01526,,24.06,True,False,False,0
Veo,2003305,bicycle,39.95615,-82.945411,,21.49,False,True,False,0
Veo,8163b901-5887-5343-bfcf-a8f1248109b3,bicycle,40.014683,-83.000245,,28.14,True,False,False,0
Veo,501eb73b-92f1-5e8e-9a64-c1826aaef836,bicycle,39.990197,-83.005911,,25.74,False,True,False,0
Veo,cccd2596-bbac-5a3d-95cc-218252e3681a,bicycle,40.001788,-83.048153,,22.05,True,False,False,0
Veo,2002810,scooter,40.011951,-82.968619,,28.14,True,False,False,0
Veo,300e6673-4ec3-5446-b249-3cb96b76180d,bicycle,40.103918,-83.108923,,22.39,True,False,False,0
Veo,fcf2d717-f6ed-54e4-b260-abcc5f2b3bf6,bicycle,39.967451,-83.014489,,28.14,True,False,False,0
Veo,26ad9f7f-a4a2-573a-b5db-e4dc978eb5dc,scooter,40.027878,-82.965118,,2.09,False,False,True,0
Veo,48f4b388-47aa-5748-9893-5bf55ed698e1,bicycle,39.93995,-82.996448,,28.14,True,False,False,0
Veo,995f7641-651a-5a5c-ae6f-0d1df1966961,scooter,39.956075,-82.945202,,23.77,True,False,False,0
Veo,97eb3076-a565-5a1d-a0be-adfba9f3ddb4,bicycle,39.963109,-83.004282,,24.06,True,False,False,0
Veo,479d67c1-a9c2-5806-a698-21bebfe75bc6,bicycle,39.936639,-82.993024,,22.7,True,False,False,0
Veo,587fd588-f997-5087-92ed-4e114e3a6c83,bicycle,39.993448,-83.019039,,27.44,True,False,False,0
Veo,6c889475-54d0-5a43-a29f-53d1d20440bc,scooter,39.97171,-83.007901,,14.43,True,False,False,0
Veo,abe84f6e-f4f3-56a9-a337-43ad6f690323,scooter,39.993031,-83.006854,,7.29,True,False,False,0
Veo,e6ef3e8f-83d6-52d5-b626-226f3c3fbd71,scooter,39.942744,-82.980608,,25.65,True,False,False,0
Veo,00cf7bbc-dc33-5817-af63-86147d003911,scooter,39.95609,-82.945214,,27.77,True,False,False,0
Veo,2c19d98e-91e9-5557-9f39-8ccd60c25329,scooter,39.94985,-82.972606,,28.14,True,False,False,0
Veo,4b7530dd-5c77-508b-983b-aadbaad87012,scooter,39.985215,-83.044555,,15.89,True,False,False,0
Veo,cf161586-08b2-5b9f-b64c-e2807601a51f,scooter,39.968709,-83.003937,,8.09,True,False,False,0
Veo,a74f11c7-126f-5f9f-8fc0-a1cc4d8521a7,scooter,39.995659,-83.00369,,28.14,True,False,False,0
Veo,069f1569-94d4-56f9-bd3e-719ac7e9677f,scooter,39.969039,-83.003932,,28.01,True,False,False,0
Veo,9eda6b4b-756b-52f9-94fc-c6e4b25fe296,bicycle,39.974397,-83.022333,,25.34,True,False,False,0
Veo,f185b451-8617-5b46-9df8-2c3f811a2d67,bicycle,40.001953,-83.001182,,23.02,True,False,False,0
Veo,6d41871f-0122-5260-93c4-e1ae6069fc0c,scooter,39.984111,-83.016884,,13.39,True,False,False,0
Veo,8c6fe012-2895-5eaf-a196-02825ea8c82d,scooter,39.963048,-83.004269,,24.84,True,False,False,0
Veo,9bd53e93-0a44-56cc-a79d-0aded3c91b96,scooter,39.96324,-82.981352,,24.33,True,False,False,0
Veo,2eb17b61-51cb-5882-bf91-9c3b979467a5,scooter,40.03173,-82.991422,,18.67,True,False,False,0
Veo,264f603f-a8ee-5d4a-91be-a81db441f3c1,scooter,39.964453,-82.991307,,25.94,False,False,True,0
Veo,2f21642c-de35-53fb-85da-39716c0a7f2e,scooter,39.959038,-83.002027,,10.51,True,False,False,0
Veo,f241763e-90af-5568-85b0-a45b5195270e,scooter,39.962466,-82.965458,,25.74,True,False,False,0
Veo,fee52e70-f899-58e4-b1c0-6b7dd09cd2a2,bicycle,39.996118,-83.016966,,6.67,True,False,False,0
Veo,d0112e60-8a28-5419-8235-86daae571701,bicycle,39.993163,-83.010919,,24.06,True,False,False,0
Veo,5c5dfa93-041a-5683-b343-f58bd0da3c1f,scooter,39.98289,-83.019987,,6.98,True,False,False,0
Veo,566107ee-061e-544b-b3ad-70712dbc6e79,bicycle,39.956818,-82.986709,,28.14,True,False,False,0
Veo,b0f3d9d6-5f7b-5aa8-9201-1985655497da,scooter,39.958498,-83.002747,,28.14,True,False,False,0
Veo,251e0d61-edf9-5628-a6e9-3a715971eacd,scooter,39.966277,-83.002317,,23.02,True,False,False,0
Veo,faa32a89-854e-5102-8707-75231ff3c564,scooter,39.963255,-82.981389,,28.14,True,False,False,0
Veo,eb9898b5-74e9-5d56-a275-7008b6296011,scooter,40.0003,-83.026698,,28.14,True,False,False,0
Veo,7aadd1c7-01a0-5069-9777-8aa3e2f17d45,bicycle,39.902948,-82.955509,,8.09,True,False,False,0
Veo,1a949a38-5a6d-5e9c-9511-d372bd77051b,scooter,39.9748,-83.070887,,13.86,True,False,False,0
Veo,93caf7f6-b2f0-54ec-8279-73f1f8ca7b79,bicycle,40.017105,-83.002211,,28.14,True,False,False,0
Veo,c4315ec8-db43-5854-9ac4-9b3017aef1e7,bicycle,39.957771,-83.006451,,21.49,True,False,False,0
Veo,43a828e0-a63d-5a00-8ae4-85f688e0fbd3,scooter,40.105309,-83.110601,,25.74,True,False,False,0
Veo,c876ef9c-66da-58cf-9691-4eac3979c79f,bicycle,39.96484,-83.00259,,25.34,True,False,False,0
Veo,b949ed21-77a2-5cde-9aea-e8596cea7e0b,bicycle,39.929132,-82.978111,,8.43,True,False,False,0
Veo,bf345c92-8cf0-5ea0-b7d2-2edffc704c82,scooter,39.956109,-82.94521,,7.29,True,False,False,0
Veo,a5690f91-3279-5a59-a950-537a2230744e,scooter,39.963053,-83.004227,,26.51,True,False,False,0
Veo,a4af0075-348d-5c47-9496-2c6bca92b4fb,bicycle,39.96766,-83.013436,,22.39,True,False,False,0
Veo,2003012,bicycle,39.951397,-82.979125,,27.02,True,False,False,0
Veo,cbae2c19-1898-5e3c-a6c6-ec4a59a2163f,bicycle,39.96028,-82.960657,,28.14,True,False,False,0
Veo,a235f2b8-ea50-546f-a3ae-541d4bcff042,scooter,39.970771,-83.001981,,28.14,True,False,False,0
Veo,e9d7d5b8-d50e-5bb2-a349-a7a1243a6c50,bicycle,39.956091,-82.945264,,25.74,True,False,False,0
Veo,4784909e-6688-5bc7-aa2f-39bdbf26510e,scooter,39.975248,-83.001609,,12.07,True,False,False,0
Veo,7c4a8abc-507f-5159-8c98-8e95886bc2f6,scooter,40.100677,-83.114123,,25.34,True,False,False,0
Veo,dc4f6ff2-fbf7-5d38-81a2-abf6794d4297,bicycle,39.975672,-83.01951,,16.39,True,False,False,0
Veo,95da444a-a52b-54b9-b3f5-d54be0e1c8dd,bicycle,39.997487,-83.014752,,24.84,True,False,False,0
Veo,cac12ee0-93bf-5512-b2b3-e02c427ccbcd,bicycle,40.004586,-83.009073,,28.14,True,False,False,0
Veo,f5d9d95a-03ac-57eb-9d02-bc2e1167708f,bicycle,39.958075,-83.016708,,26.51,True,False,False,0
Veo,a4c2b85c-ef21-5f4b-8974-9bb31d21baaf,bicycle,40.003109,-82.998486,,26.25,True,False,False,0
Veo,defe0f69-b05e-52f0-84b5-68f909f4ba15,bicycle,39.980787,-83.005623,,24.06,True,False,False,0
Veo,3b26ee57-e7cb-569c-b4f7-b845aac30d6e,bicycle,40.014571,-82.989604,,6.31,True,False,False,0
Veo,c5dc3808-5127-5eb0-8749-df07110643d3,bicycle,39.978631,-82.946383,,13.39,True,False,False,0
Veo,32de535e-d3f1-501c-8359-e6fd0ab24eb3,scooter,39.960784,-83.012305,,27.77,True,False,False,0
Veo,77f833c9-5c72-542e-bbe0-16bbbda01416,scooter,40.01191,-83.01254,,19.78,True,False,False,0
Veo,862ba249-7d17-5582-93d3-ce2fcd0a1a71,bicycle,39.927413,-82.95744,,27.77,True,False,False,0
Veo,20018e2c-f4de-54a3-9a7e-2db13dff75ee,scooter,39.973406,-83.004724,,12.07,True,False,False,0
Veo,a99acbc6-b42c-5092-a0a7-5205f009ac89,scooter,39.924758,-82.907296,,28.14,True,False,False,0
Veo,620725de-2b63-5cb3-ba95-2b41e185dc48,bicycle,39.883226,-83.003373,,1.15,True,False,False,0
Veo,21248bb1-0a6b-5775-a233-4632aff1eccf,scooter,40.037827,-82.970798,,10.31,True,False,False,0
Veo,f863db19-1283-5750-a9a2-039bdb84cfc9,scooter,39.998634,-83.009736,,7.62,True,False,False,0
Veo,6cc724f0-d8d6-50f8-aba9-1d8e9752062c,bicycle,39.963233,-82.953274,,28.14,True,False,False,0
Veo,3acb5466-e546-5b5c-8b7e-329df70a0079,scooter,39.985691,-82.999832,,28.14,True,False,False,0
Veo,a3e7c3fb-653b-54d7-9a6b-294e30c134fb,bicycle,40.104247,-83.111486,,10.51,True,False,False,0
Veo,68e14ebd-f416-521b-a2d9-bf7d45b11521,scooter,39.977804,-83.009114,,1.15,True,False,False,0
Veo,fd572d52-4cad-5f68-a809-01f30c904f11,scooter,39.93501,-82.992812,,25.74,True,False,False,0
Veo,fcdf73f7-92fc-54d0-b1cc-d610d79a3db8,bicycle,39.934285,-83.084372,,28.14,True,False,False,0
Veo,8eb38858-01b6-54c7-82f6-8d5b6b9db8b2,scooter,39.977472,-83.002766,,28.14,True,False,False,0
Veo,6e9fdd22-eec8-5759-9106-e9f44298f41b,bicycle,39.963028,-82.906469,,12.63,True,False,False,0
Veo,e28d52ab-7577-5dfa-8513-92634ae509d2,scooter,39.999316,-83.021479,,25.34,True,False,False,0
Veo,952b12b2-ade8-54ea-a71b-8f997b8ae1f6,scooter,39.981855,-83.005588,,27.77,True,False,False,0
Veo,dca25a31-a679-5c70-811f-914c18f0d5b1,bicycle,39.965671,-82.998707,,28.14,True,False,False,0
Veo,194b5615-0c0b-5fca-b062-baf2e9bfc93b,bicycle,39.958516,-83.002764,,24.84,True,False,False,0
Veo,4bb60e34-42a0-5878-a9c0-564da1d21719,scooter,39.963237,-82.981396,,28.14,True,False,False,0
Veo,9d3dd1a4-b8e0-5ca2-8abf-5dc9307021d6,scooter,39.998817,-83.015285,,25.94,True,False,False,0
Veo,69dc7a41-1aad-592b-9678-072917b1a7aa,bicycle,40.068421,-83.089507,,15.45,True,False,False,0
Veo,eff6fb40-ef02-53eb-b093-34395f05bba1,scooter,39.967811,-83.011034,,28.14,True,False,False,0
Veo,52ff3f5d-6fd6-51d3-8e3a-b60f894f6d1c,scooter,39.960757,-83.012541,,28.01,True,False,False,0
Veo,6f1d6426-267f-54a0-bf00-0be4d1172162,scooter,39.990239,-83.005422,,24.06,True,False,False,0
Veo,6a6298ee-6785-5cff-b90c-6535a923a5e6,bicycle,39.9863,-83.025411,,9.02,True,False,False,0
Veo,7fb51d0c-dddf-553e-ab9a-0670ec7ddcbd,scooter,39.948122,-82.99794,,24.06,True,False,False,0
Veo,0bcea1bd-b50e-53c9-95c0-37735bcc55a9,scooter,40.003723,-82.928041,,28.14,True,False,False,0
Veo,45f6f1d7-d64e-5e78-809b-243d90c3490f,bicycle,40.052151,-83.019388,,18.19,True,False,False,0
Veo,034682b3-6efb-5ad6-b10a-a8994f166c16,scooter,40.018206,-83.024693,,7.29,True,False,False,0
Veo,d886374c-a5f4-571f-b997-4f569966b55d,scooter,39.950122,-83.000286,,21.49,True,False,False,0
Veo,2fdbbed7-b4db-5947-999e-410a1874f742,bicycle,39.99391,-82.983367,,25.74,True,False,False,0
Veo,390275d8-63b6-58ee-9cc3-b9a1a54bf7af,bicycle,39.941558,-82.996776,,22.7,True,False,False,0
Veo,3b7bac85-ef6b-5d43-933e-3e6fbf11b06e,scooter,39.972524,-83.00532,,22.7,True,False,False,0
Veo,dd381fbe-e336-5724-8097-ffc30951ff70,scooter,39.965212,-83.01007,,26.51,True,False,False,0
Veo,6bedb861-9c33-59fb-aaea-b868c3f4dee1,scooter,39.968864,-82.998425,,8.43,True,False,False,0
Veo,5aed6f97-0475-5f85-8903-4ed4e7905b14,scooter,40.002537,-83.008539,,12.63,True,False,False,0
Veo,ec1e3640-1d67-5c5d-9603-7a4bb9b3ca0e,scooter,39.982209,-82.963198,,9.02,True,False,False,0
Veo,ce34b260-71e5-54cc-bdeb-00beb232de4a,bicycle,39.961632,-82.995762,,16.39,True,False,False,0
Veo,b929858e-286b-598e-8992-8bf791e4e6f7,scooter,39.971514,-83.005956,,16.84,True,False,False,0
Veo,b66f8e39-1adc-5931-9227-368087a76ed0,scooter,39.9501,-83.000333,,22.7,True,False,False,0
Veo,d3df6ef9-8a7f-57fd-9d59-1407079daca3,scooter,39.991202,-83.017828,,10.79,True,False,False,0
Veo,6ee11c9b-cad7-5711-9b95-f23bf6fd86f5,scooter,39.955931,-83.00183,,28.14,True,False,False,0
Veo,a1f77e53-d4f0-5e09-a4b7-ed1a5411037a,scooter,39.956108,-82.945266,,13.39,True,False,False,0
Veo,d0d3ba0f-d016-5cc3-9ac1-4cab708150c1,scooter,40.101676,-83.109618,,12.07,True,False,False,0
Veo,ee6b26a3-1511-5bf7-afe1-30023011a40f,scooter,40.000834,-82.978602,,2.79,True,False,False,0
Veo,4848aae4-40da-5e50-a531-1fd0aa86a670,scooter,39.967145,-82.999925,,14.17,True,False,False,0
Veo,28a5e2a7-fc4a-510e-bddd-84ee322b4400,scooter,39.970207,-83.002169,,13.1,True,False,False,0
Veo,cdefc292-10de-5c42-9947-d73cf798e807,scooter,40.11114,-83.121708,,9.02,True,False,False,0
Veo,10ea591a-ad59-53c9-ba7b-653edd27401f,scooter,40.025652,-82.98477,,28.01,True,False,False,0
Veo,490c340b-7116-55c9-967e-360f50a0ead3,scooter,39.935014,-82.992884,,28.14,True,False,False,0
Veo,f686267e-e0ec-56c1-b561-8e4ce95e2fae,scooter,40.003922,-83.011168,,13.64,True,False,False,0
Veo,5adb9cc1-4779-5250-9206-80486c0215ba,bicycle,39.960759,-83.012394,,26.78,True,False,False,0
Veo,0a003a4c-fac3-5a2c-8eea-b3d961df561d,scooter,39.951661,-82.998508,,24.33,True,False,False,0
Veo,6cc18a63-9c65-5a05-9493-c6e9126d8e75,scooter,39.964008,-83.001983,,13.1,True,False,False,0
Veo,d3aa06fa-2862-5ccd-b2b9-bfc600435d5a,scooter,39.964304,-83.005992,,27.44,True,False,False,0
Veo,bd0612b1-ed73-585a-a969-edd8cc822c80,bicycle,40.011965,-82.968631,,12.52,True,False,False,0
Veo,e98d4637-b5d4-51dc-91b4-d003d9652dbf,bicycle,39.958034,-82.943885,,27.44,True,False,False,0
Veo,4b7e18cb-4558-5597-8fba-6deaa70aec8c,scooter,39.986922,-83.029152,,17.37,True,False,False,0
Veo,d831b683-7936-5562-98db-2de71b5da844,scooter,39.993531,-82.981138,,25.65,True,False,False,0
Veo,8a207b82-f46f-5a1c-8205-405c2f487cf2,scooter,39.929121,-82.978153,,13.86,True,False,False,0
Veo,c84233ac-619b-5ebe-b5cf-fde4f9eb9486,bicycle,39.959308,-83.027509,,9.02,True,False,False,0
Veo,0201611b-590e-5cf6-868c-8bb4d03277c1,scooter,40.03479,-82.994484,,10.51,True,False,False,0
Veo,f519544d-adaa-5ff8-bc2f-ab5f2b6d8831,scooter,39.964643,-82.987164,,2.79,True,False,False,0
Veo,3039fd83-0cb3-5b93-90d2-7d1218536fc4,scooter,39.98479,-83.016364,,15.89,True,False,False,0
Veo,82044d9e-0de0-5f6f-b6f2-f5bc30b3afd5,scooter,39.998596,-83.007801,,27.02,True,False,False,0
Veo,cd2a7b13-9782-58f2-a8aa-1d7a9fc9b826,bicycle,39.955931,-83.003291,,25.65,True,False,False,0
Veo,1b0c4dc7-6d3b-5de0-ba40-38d990069b67,scooter,39.983844,-83.026264,,21.77,True,False,False,0
Veo,7f9280a3-4c23-50ec-ba5c-bcecb481d92b,bicycle,40.007873,-83.000554,,13.1,True,False,False,0
Veo,4b13d1b4-941b-5d28-9905-cb29dc947c0a,bicycle,39.952485,-82.963261,,14.61,True,False,False,0
Veo,dbbc5f35-42e4-53ae-a9d2-4e99faf25ec3,scooter,39.991471,-83.026758,,12.28,True,False,False,0
Veo,0061483b-7160-5a4d-8695-f48eb083dc78,scooter,39.951919,-82.981836,,24.33,True,False,False,0
Veo,532ea129-2612-5503-9593-f4dd45242544,scooter,40.027146,-83.025595,,6.07,True,False,False,0
Veo,3134fb4f-8307-53c4-9cd2-f633a10b6d6f,scooter,39.970316,-83.002296,,22.05,True,False,False,0
Veo,46f9acc5-df94-54ad-a64d-31ea48bb2cd3,scooter,39.964247,-83.044275,,12.28,True,False,False,0
Veo,4f726fec-10ba-59db-ac99-916a00108533,scooter,39.968584,-83.003841,,28.14,True,False,False,0
Veo,8ae0efcf-5832-5d6b-96cc-cd29b0f1736f,scooter,39.960098,-82.988636,,20.37,True,False,False,0
Veo,9e548e2e-c597-5d6e-9769-4ce252678511,scooter,39.966018,-82.997056,,16.84,True,False,False,0
Veo,8844aac3-4d51-5137-bb6f-2f160cfb9dca,scooter,39.997836,-82.99851,,8.43,True,False,False,0
Veo,83e6ec85-c69f-5b8b-8599-dc76bfc76b68,scooter,40.008728,-82.967535,,20.37,True,False,False,0
Veo,e041d451-5a27-58f2-a9de-ddb7ff502040,bicycle,39.948936,-82.953514,,26.78,True,False,False,0
Veo,95eddfb8-97d0-522f-b972-311095a5cb4f,bicycle,39.99016,-83.028579,,28.14,True,False,False,0
Veo,9e7f7c15-2e78-5233-a0d1-11dbda2eac76,bicycle,39.924624,-82.936823,,13.64,True,False,False,0
Veo,674d283e-efe4-576f-bc1f-03de4cb38141,bicycle,40.019079,-82.975826,,14.86,True,False,False,0
Veo,89fdf695-d037-523e-a0de-6670255c0b42,bicycle,39.937571,-82.975635,,28.14,True,False,False,0
Veo,4cf86e21-4650-561b-a22f-0798258137e2,bicycle,40.052116,-83.019232,,3.48,True,False,False,0
Veo,ecc6c493-faa2-58cc-99f8-15b29531f635,bicycle,40.016656,-82.992744,,13.64,True,False,False,0
Veo,d3d78703-ddac-50fc-bf80-099cb4940704,bicycle,39.985396,-82.927873,,28.01,False,False,True,0
Veo,10491c87-0c0d-5d8d-9802-dc653afb52b3,bicycle,39.935803,-82.919998,,22.39,True,False,False,0
Veo,9767913e-5ed8-5480-b5a0-c8e6fec94820,bicycle,40.068216,-83.091518,,14.61,True,False,False,0
Veo,1a37d406-ad29-5f0f-b0d6-b843970e11f1,bicycle,40.013966,-83.014779,,28.14,True,False,False,0
Veo,5cacb74d-b0cf-568b-a295-f5c65259b2aa,bicycle,39.987469,-83.027974,,25.12,True,False,False,0
Veo,19d10d4b-1fab-5b6e-be20-e74ff31a70b4,bicycle,39.971675,-83.002976,,28.14,True,False,False,0
Veo,60fbb9d4-31ee-5cc3-851f-7541c09e916d,bicycle,39.946409,-83.060149,,28.14,True,False,False,0
Veo,468bd214-1f65-5eb8-bc7e-360bd1644dcf,bicycle,40.039688,-83.008725,,27.44,True,False,False,0
Veo,643bf35f-4698-5343-8f1c-39affe3874c8,bicycle,39.964703,-82.963835,,28.14,True,False,False,0
Veo,2a8d0a19-e40f-5e81-8d7a-810dfaafd945,bicycle,40.002089,-83.008639,,17.89,True,False,False,0
Veo,bfbd7279-5739-526c-8805-f806a6d6a1e7,bicycle,39.927361,-82.895434,,28.14,True,False,False,0
Veo,1be39bfb-55a4-57e5-aeb6-d0acb9866813,bicycle,39.929797,-82.925398,,25.94,True,False,False,0
Veo,919588d1-1675-5148-a8be-84642a61531f,bicycle,39.957431,-83.001443,,13.86,True,False,False,0
Veo,af4fe20b-9d3d-5f69-a718-aa3fdb2be0ab,bicycle,40.027183,-83.025605,,8.09,True,False,False,0
Veo,5303df6f-ec2c-5d69-9972-41e79070cdde,bicycle,39.991497,-83.009907,,21.15,True,False,False,0
Veo,2fd70923-6c5d-5da7-bedb-d06051a8fe25,bicycle,39.977024,-82.974757,,28.14,True,False,False,0
Veo,399264f7-68d2-5a93-ae96-6fbca3a92f98,bicycle,39.972223,-83.003224,,12.52,True,False,False,0
Veo,3f4c9c01-f155-5909-8ba6-47e43ac5310c,bicycle,39.96944,-83.017524,,3.67,True,False,False,0
Veo,8e2f37c1-c34a-5284-9c2d-93f3abf2085b,bicycle,40.103508,-83.108882,,16.84,True,False,False,0
Veo,e3788d8b-cde9-5968-9c25-4c0b8885dbf6,bicycle,39.891112,-82.998676,,24.84,True,False,False,0
Veo,5839c340-8ff2-560a-9ff5-f507dc6d1da5,bicycle,39.981503,-82.880191,,11.83,True,False,False,0
Veo,d895b31c-52ac-5b48-95b7-ebce18e687ff,bicycle,40.017437,-82.973407,,7.29,False,False,True,0
Veo,77201ea5-3a70-5493-96ea-5f636493a933,bicycle,39.990828,-83.006232,,13.64,True,False,False,0
Veo,dbb2710d-5fca-54ff-97df-fb0e95b01cd3,bicycle,39.957487,-83.001486,,11.83,True,False,False,0
Veo,32f28500-dc26-5075-b418-bc81ebfb9f8d,bicycle,39.997336,-83.006359,,14.43,True,False,False,0
Veo,a47b5149-ed4a-5ca2-8fd4-ff7c1dd37c3a,bicycle,40.001985,-83.00116,,25.34,True,False,False,0
Veo,aaaca3ee-8b98-530e-9637-8be50e644a06,bicycle,39.944571,-82.986076,,25.94,True,False,False,0
Veo,d65fd3a3-6ff6-5bca-959b-801732acf70e,bicycle,39.971881,-82.909767,,9.02,True,False,False,0
Veo,52107bfe-313d-5837-9d9b-8d91932ef446,bicycle,39.957456,-83.012853,,12.87,True,False,False,0
Veo,740aba3f-e798-5d41-adc9-66bd2e739569,bicycle,39.972479,-82.993367,,25.34,True,False,False,0
Veo,493c9b11-c8e4-52d9-8ab6-58309fd2c5f0,bicycle,39.98818,-83.00587,,13.86,True,False,False,0
Veo,85a0e695-ed0d-5523-88aa-4015bcefd67f,bicycle,39.951998,-83.000444,,15.89,True,False,False,0
Veo,3979d198-9ed1-5ce0-845f-86dbab1d8045,bicycle,39.968353,-82.962001,,28.14,True,False,False,0
Veo,5932edc2-3388-57db-9409-23ce894afa79,bicycle,39.943951,-82.994488,,5.03,True,False,False,0
Veo,2c8b24c9-8ced-52c1-9c33-3ab254f874b4,bicycle,39.999872,-82.996992,,13.64,True,False,False,0
Veo,4fe039e1-675c-5adb-95d3-650f0c7997c8,bicycle,39.946423,-83.044738,,25.94,True,False,False,0
Veo,9c1c4b53-489a-5a9e-8082-a43df3a4b151,bicycle,39.959445,-83.037798,,13.39,True,False,False,0
Veo,09dd1920-a5ab-5b7a-a9cd-cbadca3b84c1,bicycle,39.998267,-82.9956,,23.33,True,False,False,0
Veo,c6170e41-bc3a-5e86-b58b-1e3241fc53b9,bicycle,40.035051,-83.003707,,9.29,True,False,False,0
Veo,2d65c511-04b2-5fb7-a6a5-b32d560328d4,bicycle,39.997271,-83.026538,,6.31,True,False,False,0
Veo,a0a2d608-3850-5bcf-b0b2-2665c21c411f,bicycle,39.947289,-83.107454,,2.12,True,False,False,0
Veo,7817e5a1-d6ab-5680-8968-9c09e278843f,bicycle,39.957816,-82.997146,,19.05,True,False,False,0
Veo,bf5a53ac-a360-504a-8dad-2ff8c54294c8,bicycle,40.103852,-83.108972,,13.1,True,False,False,0
Veo,a491d24f-e0df-530a-9d14-38b1f46538c9,bicycle,39.952548,-82.976619,,26.78,False,False,True,0
Veo,fb56a4cd-40e8-5e8b-8c61-8b2c50e0be29,bicycle,40.089267,-83.090419,,28.14,True,False,False,0
Veo,0a94030c-0604-530b-a7e8-aa1ee2757494,bicycle,39.972155,-83.039848,,25.74,True,False,False,0
Veo,6b0ca962-4316-53af-914e-5b9db0d31cc9,bicycle,39.962166,-83.004184,,25.65,True,False,False,0
Veo,ad03c114-25e3-52ce-a94d-b455f5e3382b,bicycle,39.991478,-83.008996,,13.39,True,False,False,0
Veo,0b479df1-cad4-5702-b7be-08cebc87a953,bicycle,39.947828,-82.941343,,23.02,True,False,False,0
Veo,922586ce-0b87-5971-8e08-e96c0945c29d,bicycle,39.963076,-83.004313,,25.65,True,False,False,0
Veo,6b7d5297-f9bf-5db8-9a61-241086459a88,bicycle,40.028948,-83.024619,,6.67,True,False,False,0
Veo,5fa643c0-8430-51cb-bfad-b1a25f47751f,bicycle,39.950282,-82.953417,,28.14,True,False,False,0
Veo,a519f139-7d8d-54a2-802c-8b09fe348d8b,bicycle,39.994293,-83.012846,,24.33,True,False,False,0
Veo,9cc67434-92f1-5b6d-be6e-8d4c0eb41e6a,bicycle,39.972425,-83.005417,,12.87,True,False,False,0
Veo,31251381-5ab5-5be1-b088-99f9ea4056d8,bicycle,39.993916,-82.983313,,28.14,True,False,False,0
Veo,ba9c8a7e-cc82-58cb-994a-3bf6ea7d8bfc,bicycle,39.92144,-82.950542,,28.14,True,False,False,0
Veo,01b79296-d664-55c6-b90c-9aefc8edab3a,bicycle,39.951347,-82.997489,,14.17,True,False,False,0
Veo,be3a9998-d7ce-5ec4-a845-e9d1bea7bab2,bicycle,39.956685,-82.973481,,12.07,True,False,False,0
Veo,c48d783d-f06e-530b-9aba-b139ac9dfed4,bicycle,40.006686,-82.998871,,13.39,True,False,False,0
Veo,98707911-3368-5a7b-a2b1-5692a8f4487b,bicycle,39.985108,-82.990863,,24.06,True,False,False,0
Veo,2cfbe25c-2598-5f5e-80f8-dcb82e00e669,bicycle,39.963076,-83.00426,,13.1,True,False,False,0
Veo,65d79fc2-22af-5305-8ac7-e33c595da924,bicycle,39.969466,-83.017501,,17.37,True,False,False,0
Veo,34a339f0-f47f-5cc6-bb21-af1db0002b4a,bicycle,39.956657,-82.987984,,5.83,True,False,False,0
Veo,9d1c898f-dfe7-5153-b02f-d10589630328,bicycle,39.999928,-83.015383,,24.06,True,False,False,0
Veo,eadf14e8-3464-52f0-bbfc-a23cce6d7e0a,bicycle,39.968286,-83.009754,,25.65,True,False,False,0
Veo,55029dea-f9f2-59fe-a6fb-aa3f348f5bf7,bicycle,39.964148,-82.980252,,25.12,True,False,False,0
Veo,dfe4f84c-a966-5e38-832d-d2d585ddecae,bicycle,40.014698,-83.000224,,28.14,True,False,False,0
Veo,8adff2e9-373e-5a10-a0e9-5970275b9d62,bicycle,40.063111,-82.992164,,4.78,True,False,False,0
Veo,966b70af-1385-5839-90dc-1470409aed15,bicycle,39.985366,-83.006388,,19.05,True,False,False,0
Veo,c2da7121-26f2-5f26-9bb9-41dde826b9bd,bicycle,39.980467,-82.997193,,27.77,True,False,False,0
Veo,92b749b1-a84e-535e-8fee-2f301ff2bf26,bicycle,39.970795,-83.051553,,27.77,True,False,False,0
Veo,4344cb30-7a05-5cc3-a728-af983b113fd7,bicycle,39.960313,-82.986884,,14.17,True,False,False,0
Veo,bc25f2cf-12ec-5717-9990-9024caa6a230,bicycle,40.005014,-83.011684,,14.17,True,False,False,0
Veo,df5f0daf-acd1-5572-b1fb-066174891a6d,bicycle,39.975619,-82.97632,,23.02,True,False,False,0
Veo,ee7376a1-83bf-54ca-b7d5-0c14f4221d99,bicycle,39.961858,-83.01289,,28.01,True,False,False,0
Veo,2db46151-fcd9-5309-a8bb-81d93b0691b3,bicycle,39.925657,-82.990273,,11.83,True,False,False,0
Veo,bc3e592d-70db-5696-a7c3-9e4bcebe10c2,bicycle,39.95597430937981,-82.90994889784977,,13.86,False,True,True,0
Veo,4a30115a-b18e-5d2c-a831-ad1b4cc2edbb,bicycle,39.980699,-82.998049,,28.14,True,False,False,0
Veo,124829b5-0c53-5f15-82b1-99f17ca51310,bicycle,39.954644,-82.90794,,28.14,True,False,False,0
Veo,f8b55872-6886-5d70-af3c-c1dcbfa8bd8b,bicycle,40.000458,-82.974567,,6.31,True,False,False,0
Veo,f0a34f74-ff8d-5eca-a532-45f7f1c6a0e0,bicycle,39.976399,-82.874524,,25.34,True,False,False,0
Veo,f24542da-d8b7-5578-aa1e-850666e9cc94,bicycle,39.992466,-82.97529,,8.09,True,False,False,0
Veo,98a88ba6-3429-5578-ad8d-e0c336a988a4,bicycle,40.007578,-82.996313,,12.63,True,False,False,0
Veo,ae54f7a4-9e24-55df-931d-85e7d98ff6c4,bicycle,39.995593,-83.014767,,14.17,True,False,False,0
Veo,97c88214-52f5-5882-90c9-24217ca94722,bicycle,40.010391,-82.997414,,27.02,True,False,False,0
Veo,91a9230b-6bdc-50d3-ac2a-5c735f4600b4,bicycle,40.060481,-83.079103,,12.87,True,False,False,0
Veo,fa9e2001-ac41-5bbc-9c0d-71a0312dc755,bicycle,40.012707,-83.026552,,21.77,True,False,False,0
Veo,acbb9514-8367-5456-9d03-914896ee7a3a,bicycle,39.972788,-83.004631,,25.94,True,False,False,0
Veo,abf4cf0c-0ace-550a-8b6b-e77865de07c1,bicycle,40.003141,-82.998451,,28.14,True,False,False,0
Veo,36c4d1df-1627-5316-bfbc-5823e0c5dd8a,bicycle,39.984636,-83.007062,,22.7,True,False,False,0
Veo,151da725-c98b-5003-bca2-b62b8db7f3f3,bicycle,40.00755,-83.018103,,28.14,True,False,False,0
Veo,b45e3b4b-6ab7-50e2-94e9-0fd56d7abdbe,bicycle,39.964344,-82.994115,,27.02,True,False,False,0
Veo,253def4b-6610-560b-af80-b847493ea2a0,bicycle,40.068568,-83.076164,,27.44,True,False,False,0
Veo,d4a15924-786f-5de3-90ae-bf4723028980,bicycle,40.100956,-83.108903,,27.77,True,False,False,0
Veo,28c7736a-8595-5034-a4c6-aa223a446b49,bicycle,39.998055,-83.009545,,12.07,True,False,False,0
Veo,dbedf4ec-8ab5-5ae9-b800-0c2fe89eddf3,bicycle,40.011576,-82.967413,,11.34,True,False,False,0
Veo,0aaa6569-6778-5d2f-87df-2c3e0024d386,bicycle,40.006381,-82.973068,,27.18,True,False,False,0
Veo,85c4f8fd-edd6-55f0-9bce-50a658876f47,bicycle,39.977678,-83.100998,,13.86,True,False,False,0
Veo,b46481ef-5ee4-5b93-8765-a060483dc628,bicycle,39.948165,-82.997803,,15.45,True,False,False,0
Veo,303e9ebb-4f69-57f0-b391-d0198d12b1bd,bicycle,39.996042,-83.039577,,26.51,True,False,False,0
Veo,0e06dddf-539e-5364-bda2-7a1eb8d34d3c,bicycle,39.967661,-83.01344,,20.37,True,False,False,0
Veo,312e59b4-7945-531d-aedd-47f5a6cd62d0,bicycle,39.97548,-82.885658,,21.77,True,False,False,0
Veo,deb81e64-1069-513f-8572-fbed13471ca4,bicycle,40.05042,-83.001056,,24.33,True,False,False,0
Veo,85dc5898-5243-5a33-b65e-bc4366bdfc20,bicycle,39.968201,-83.009767,,24.33,True,False,False,0
Veo,390eec5c-fce2-522e-82ba-2212ea61a55e,bicycle,39.959258,-82.860453,,9.02,True,False,False,0
Veo,1300b858-fae1-5b66-810e-df746085a2d5,bicycle,40.095463,-82.960951,,25.12,True,False,False,0
Veo,95609bf3-db89-5b95-9153-2f8055fe36f5,bicycle,40.100593,-83.115576,,24.33,True,False,False,0
Veo,7cf11ab3-4269-56c9-96fc-06e93fae5bd5,bicycle,39.999544,-83.020705,,15.45,False,True,False,0
Veo,8aaf02f9-383d-52fc-ade4-7d7d74ba7f77,bicycle,39.969459,-82.994891,,28.14,True,False,False,0
Veo,e57f0c1c-9af4-5378-9385-470eaa5d9948,bicycle,40.002327,-83.001721,,9.29,True,False,False,0
Veo,931df891-bef9-5b82-94e9-d0843b3ea490,bicycle,39.963637,-83.000709,,28.14,True,False,False,0
Veo,d3040ee2-1953-5250-897c-b23a6f9b7632,bicycle,40.050377,-83.000595,,11.83,True,False,False,0
Veo,95d9d32e-7ce9-5e16-a13a-14f02b9d4026,bicycle,39.964713,-82.987221,,5.27,True,False,False,0
Veo,68686f75-c5ea-50d5-857f-47a53a5ae7dc,bicycle,40.006728,-82.99756,,28.14,True,False,False,0
Veo,aaa4cb7d-a6a6-5ea2-9fcf-ada613c3dc5a,bicycle,40.012198,-82.970465,,11.11,True,False,False,0
Veo,2837bdb5-4dee-5342-85c9-606999d5241e,bicycle,40.002455,-83.000024,,28.14,True,False,False,0
Veo,fe0f2bb1-8860-5593-9592-6396e5d0b64b,bicycle,39.99354,-82.981184,,9.02,True,False,False,0
Veo,26c38a29-265c-5194-a117-e04f8c5a96f8,bicycle,39.96271,-83.001007,,25.65,True,False,False,0
Veo,726477f1-0800-5a21-91ef-60407117b7d8,bicycle,40.004596,-83.014059,,21.49,True,False,False,0
Veo,9432f669-67b6-591b-a3a4-c63142e029fb,bicycle,40.023248,-82.977894,,28.14,True,False,False,0
Veo,cd9b925d-64c7-5d8c-8988-c0d8cd783be5,bicycle,40.103289,-83.08894,,10.51,True,False,False,0
Veo,efbae947-9add-5f4f-ad89-7fc1d9dbae5d,bicycle,39.969684,-83.009229,,28.14,True,False,False,0
Veo,36a791c5-c4fe-5724-ac7e-1eebeacb935d,bicycle,40.009968,-82.973072,,13.86,True,False,False,0
Veo,8c30a960-856c-5f40-a031-151e295326db,bicycle,39.957845,-82.9885,,12.52,True,False,False,0
Veo,7571cc0a-5083-57af-93f0-2675438f7efa,bicycle,39.935485,-82.995688,,28.01,True,False,False,0
Veo,b75d7223-b19a-5eab-977e-2f553e4c49e9,bicycle,40.045551,-82.975497,,25.74,True,False,False,0
Veo,2af68613-b328-534d-8c75-1d40581351e4,bicycle,39.94187,-82.961249,,11.59,True,False,False,0
Veo,4d6bcfc0-a521-5389-9795-be0dce65ae31,bicycle,39.96805,-83.00202,,28.14,True,False,False,0
Veo,76b14357-cb07-5575-82a3-847393132731,bicycle,39.966929,-83.035423,,1.15,True,False,False,0
Veo,3fc2a085-e19a-55c4-8063-bb8e82fa2a6c,bicycle,39.972709,-83.077006,,14.86,True,False,False,0
Veo,65d371f3-81bf-52cd-af51-561cb8a3c160,bicycle,40.079224,-83.119002,,25.94,True,False,False,0
Veo,c338068e-7705-5eb2-b1e2-40ab3ee4c14c,bicycle,39.960894,-83.01184,,27.02,True,False,False,0
Veo,ef6df0e1-94bc-51fc-8ac7-578e9fe75a4c,bicycle,40.014659,-82.998531,,28.14,True,False,False,0
Veo,f727769f-6b00-59ca-80fa-c51314f8db2c,bicycle,40.065243,-82.960262,,12.28,True,False,False,0
Veo,f84db7c3-4220-557f-83c6-a527336f200b,bicycle,39.943054,-82.956422,,6.31,True,False,False,0
Veo,63fb9add-1cd9-5bd4-a984-68aa8f69085b,bicycle,40.030204,-83.027783,,27.18,True,False,False,0
Veo,a3119533-0ea1-5200-a6ca-7ae661ce36cb,bicycle,40.0035,-82.94908,,21.49,True,False,False,0
Veo,5e2790a2-d73f-59cc-8e61-78deb71f284a,bicycle,39.949798,-83.026653,,20.37,True,False,False,0
Veo,9b963d35-013c-547c-8080-8c562731099b,bicycle,39.996938,-83.000565,,25.12,True,False,False,0
Veo,6b3d966c-d90c-52ab-a983-242624538a4d,bicycle,39.963589,-83.000718,,7.29,True,False,False,0
Veo,2f6a8d8f-7985-5e73-b0c1-327531e72582,bicycle,39.970113,-82.967808,,28.14,True,False,False,0
Veo,2764604b-1931-5e3c-b627-ee58464b4dba,bicycle,40.037673,-82.984086,,4.67,True,False,False,0
Veo,73b53fab-eada-5a16-b0b8-126b28e9484f,bicycle,39.962189,-82.982069,,28.14,True,False,False,0
Veo,8f81c472-97d7-5593-a729-e0908c84f24b,bicycle,40.065021,-83.066366,,25.34,True,False,False,0
Veo,d0588dfd-332d-5e61-ba1f-699bbe22b9ce,bicycle,39.969998,-82.973522,,23.02,True,False,False,0
Veo,e40d7ffd-cd88-5519-9839-10f949fce467,bicycle,40.086835,-82.996879,,28.14,True,False,False,0
Veo,c40f4310-2bdc-5a8c-806f-e593bec23e66,bicycle,39.912755,-82.990937,,16.84,True,False,False,0
Veo,e488577a-4b4e-5ae9-91be-e96bfce19318,bicycle,40.133021,-83.1683,,8.43,True,False,False,0
Veo,bdd8e203-844e-59fe-9c9d-45454e2e835b,bicycle,40.001888,-83.001585,,11.11,True,False,False,0
Veo,64b26af0-6cbe-5dab-bba4-25aa546e91cd,bicycle,39.937779,-83.069669,,28.14,True,False,False,0
Veo,b949b25a-f3b7-5147-8dc6-5e2c90a7c1fa,bicycle,39.947304,-82.974147,,28.14,True,False,False,0
Veo,60aaaf52-8ab2-5728-a44d-180f5f47e9af,bicycle,39.960114,-83.029873,,28.01,True,False,False,0
Veo,84ea4341-abef-5d73-9604-cde875ddfeec,bicycle,39.972237,-83.004666,,9.29,True,False,False,0
Veo,e7b8c7d4-3652-5920-872f-a76cd236b63f,bicycle,40.002714,-83.001112,,28.14,True,False,False,0
Veo,d735fc88-4507-5145-aca6-ae80dc7aae4d,bicycle,40.00314,-83.000828,,6.31,True,False,False,0
Veo,b3a792cc-317d-5c87-b4af-550996b0b092,bicycle,39.956064,-82.945317,,28.14,True,False,False,0
Veo,d2611970-f0ef-5592-88e7-017366e141f7,bicycle,40.011964,-82.968609,,9.97,True,False,False,0
Veo,edd3ae02-d03e-5a48-bba3-520e3399210b,bicycle,39.990041,-82.983929,,18.67,True,False,False,0
Veo,1c878f93-1994-52f2-a400-6e57dd1f7f9c,bicycle,40.105241,-82.969211,,24.33,True,False,False,0
Veo,46c4e565-c207-5392-b163-a5803723cb3e,bicycle,40.087427,-83.09576,,14.61,True,False,False,0
Veo,2a553abc-491d-5734-b6e3-661dff4c841c,bicycle,39.898101,-82.998679,,21.15,True,False,False,0
Veo,7c0976c5-13a9-51bb-97e9-f7f6ecda8719,bicycle,39.990194,-83.005908,,28.14,True,False,False,0
Veo,4828c257-f2b1-5461-9960-daa4943a2064,bicycle,39.89117,-82.967683,,22.7,True,False,False,0
Veo,bdd6cd21-6932-5f9e-a765-08f85192ef60,bicycle,39.93594,-82.976243,,28.14,True,False,False,0
Veo,77475fe3-8e4d-5e36-9930-6c19ca2e6ca4,bicycle,39.986736,-83.072398,,13.64,True,False,False,0
Veo,92291f40-50e1-5abc-bc93-a147ee3d37a5,bicycle,40.030127,-82.962807,,12.63,True,False,False,0
Veo,cf798fa3-cdd9-5179-9af3-e9067d786f72,bicycle,39.980383,-83.003229,,6.67,True,False,False,0
Veo,8174ae40-e826-53c6-b9c0-12bf892b4026,bicycle,39.994711,-83.006078,,28.14,True,False,False,0
Veo,b1e2e7aa-2884-57dc-b6da-51afef88cc7a,bicycle,40.101029,-83.108921,,26.78,True,False,False,0
Veo,98e6a013-9738-594a-8316-37ec121ee736,bicycle,39.943151,-83.039458,,6.98,True,False,False,0
Veo,c7657eac-646b-5acb-aa2b-f5244dd13494,bicycle,39.977002,-82.969556,,20.05,True,False,False,0
Veo,0fcd03a8-0192-553d-a371-e181b4527b92,bicycle,39.941695,-82.996197,,9.65,True,False,False,0
Veo,19bb55f9-5c7c-5372-b933-d007e73221c8,bicycle,40.100291,-83.117311,,28.14,True,False,False,0
Veo,d3901852-744a-57f5-a20b-24505fc31047,bicycle,39.993768,-82.98338,,28.14,True,False,False,0
Veo,9984d71c-b130-51e8-bf33-3d3592e62dcd,bicycle,39.965389,-82.982506,,2.12,True,False,False,0
Veo,d67d686a-5cb5-5361-8d5d-efb1d5bf2f71,bicycle,40.008624,-82.977274,,9.02,True,False,False,0
Veo,06f0311e-dea5-5ee3-915d-39bd72a892b8,bicycle,39.939072,-82.940321,,23.02,True,False,False,0
Veo,0bf821e0-ccb6-56c8-a01c-22abac9c859a,bicycle,39.999742,-83.022728,,6.31,True,False,False,0
Veo,14ae851b-33f3-5dcb-a684-5b133dcb94b3,bicycle,39.96761,-83.01347,,12.63,True,False,False,0
Veo,0fa89687-833f-5b94-95b9-2dd0f6f14a46,bicycle,39.972153,-83.002654,,13.1,True,False,False,0
Veo,45ae9179-49f3-56c9-86df-0ebba674ec65,bicycle,40.074529,-83.027228,,6.98,True,False,False,0
Veo,a69a56f9-444f-5309-83ac-3b8ecf8f4cdd,bicycle,40.062442,-82.974302,,24.06,True,False,False,0
Veo,13150140-6600-5372-9b41-f295ae0c4c5d,bicycle,40.015784,-82.961089,,7.62,True,False,False,0
Veo,c41bc8c5-da98-58e9-b8a8-94f7860c5704,bicycle,39.930774,-82.984074,,2.12,False,False,True,0
Veo,45f477e4-b834-579c-9399-a71d48e8ab16,bicycle,39.963725,-82.965358,,14.17,True,False,False,0
Veo,feec2e86-fa9f-52c0-9c3d-2f22a1622120,bicycle,39.960725,-83.01325,,28.14,True,False,False,0
Veo,7ee4eb6c-5422-5093-acd8-fcfe69c04218,bicycle,40.047601,-83.015964,,28.14,True,False,False,0
Veo,7a467188-421b-5db7-8538-c60cd226044c,bicycle,39.935633,-83.096399,,12.52,True,False,False,0
Veo,95992c4c-05ed-53f9-95d5-72091a8a43bf,bicycle,39.963595,-83.000729,,15.45,True,False,False,0
Veo,01867c06-35d9-5d7f-8f9b-ee2a5b645345,bicycle,39.882169,-82.923768,,7.29,True,False,False,0
Veo,55b29332-26bc-5d6f-bf0d-7b388c40c332,bicycle,39.968762,-82.998772,,18.67,True,False,False,0
Veo,efd02dd8-c00e-5c7c-8687-a6039fedb398,bicycle,39.949411,-82.963163,,27.77,True,False,False,0
Veo,a3b86123-05d6-590e-b2d5-dd128cbe0fc4,bicycle,39.935042,-82.992831,,12.28,True,False,False,0
Veo,9b96ed24-ee89-58b6-8a6b-cb66017b2caa,bicycle,39.984016,-82.858854,,21.77,True,False,False,0
Veo,c66f198c-b87c-5231-bb50-ad81e0279f3a,bicycle,39.960892726667225,-83.01305992528796,,26.78,False,False,True,0
Veo,6785687e-4228-5812-a6b1-fb8a79e1c288,bicycle,39.983243,-82.982087,,28.14,True,False,False,0
Veo,64f18f5a-735d-5fad-8b1f-c686152ec6f6,bicycle,39.93451,-82.983806,,18.67,True,False,False,0
Veo,9717f8b3-caa5-5b6e-bb5f-b09447ef6848,bicycle,39.999875,-83.015288,,28.14,True,False,False,0
Veo,4c37289a-2b43-51db-a226-a7b58f0337dc,bicycle,39.962053,-83.000253,,25.12,True,False,False,0
Veo,af3cdc93-58ba-5d61-801e-a625fcf8e7d0,bicycle,40.01471,-83.000238,,28.14,True,False,False,0
Veo,d91a29da-a63a-5f78-8ede-0d167ec5d16f,bicycle,39.958937,-83.01045,,27.44,True,False,False,0
Veo,7108635c-a749-5913-ac74-050a8d1226a8,bicycle,39.968737,-82.993479,,24.33,True,False,False,0
Veo,ec410362-9bf3-5272-8dd2-8403037c1a2a,bicycle,40.029429,-83.028169,,12.52,True,False,False,0
Veo,280bbd56-1e76-51e8-86e3-e16bd4065e9a,bicycle,39.963998,-83.043278,,26.51,True,False,False,0
Veo,1d67b0e6-a526-5b1f-b897-9969176fce22,bicycle,39.969704,-83.00918,,24.33,True,False,False,0
Veo,d924b8e5-c72d-506e-83e4-7691a7c0d7a4,bicycle,40.016582,-83.005668,,28.14,True,False,False,0
Veo,2e009d35-e207-505e-abf2-3e6f54f74726,bicycle,39.965921,-83.001484,,4.92,True,False,False,0
Veo,349a9c0c-a67e-5b61-984d-2df3c3b111c6,bicycle,39.984696,-83.024042,,14.43,True,False,False,0
Veo,24dbacef-a44a-5d23-8e3d-7212b43897c3,bicycle,39.946412,-83.008847,,27.77,True,False,False,0
Veo,0d0fa305-0a87-548b-b9b5-4ed9d6911174,bicycle,39.991384,-82.92908,,17.37,True,False,False,0
Veo,dfa3a2d6-e583-5e7e-bdcc-f136fa94ceca,bicycle,39.98644,-82.916901,,28.14,True,False,False,0
Veo,04087606-04aa-5ec6-bd06-b2af6e814825,bicycle,39.96905870531153,-82.9997938057508,,28.01,True,False,False,0
Veo,9766da7f-ee8e-556e-b53c-dd49292162e3,bicycle,39.898033,-82.998766,,10.51,True,False,False,0
Veo,271fdccd-c2de-5023-97e8-7f313f56cf31,bicycle,39.965949,-83.00159,,27.44,True,False,False,0
Veo,71b599c5-4ee7-51f0-9812-e5f5fe9ac64c,bicycle,39.950972,-83.024363,,28.14,True,False,False,0
Veo,b5ba5c82-0571-5399-a094-494940ffebf8,bicycle,39.943881,-83.072155,,28.14,True,False,False,0
Veo,d0694578-5ae4-58a4-abb5-34d5ce12bfea,bicycle,39.942035,-82.994974,,28.14,True,False,False,0
Veo,d5823e0d-e3e0-5242-a88d-bf45d64c94df,bicycle,40.000991,-83.00836,,14.43,True,False,False,0
Veo,88d021ad-47ea-5cc4-8534-92a595b5134e,bicycle,40.001271,-82.997847,,25.34,True,False,False,0
Veo,5c8b0d66-16a3-5b53-b2b6-4496b1a46650,bicycle,39.967829,-83.012521,,27.18,True,False,False,0
Veo,9ab74df3-0a6d-5539-9610-26d0070e6bbd,bicycle,40.016134,-82.998818,,25.34,True,False,False,0
Veo,782a1806-3c00-5e5a-84db-a8cd185390b3,bicycle,40.086945,-83.019417,,19.05,True,False,False,0
Veo,a541e6c1-cf0c-50d8-8943-280f1d75c0e2,bicycle,39.94397007004558,-83.06979769099699,,10.51,False,False,True,0
Veo,d2cb19fe-efbe-5c5e-8d98-cda170c98842,bicycle,39.956523,-82.987794,,9.97,True,False,False,0
Veo,36a1be08-9300-5540-afbd-46abf70286c7,bicycle,39.956036,-82.945281,,28.14,True,False,False,0
Veo,af3c7017-257a-55f9-b07a-8490a1853d7f,bicycle,39.974435,-82.972807,,27.44,True,False,False,0
Veo,380654ba-cffa-5795-a3bf-cf7530534267,bicycle,40.055398,-83.047665,,15.18,True,False,False,0
Veo,cf0010f5-0228-5780-8d89-13ee487b98ea,bicycle,39.957458,-82.945457,,28.14,True,False,False,0
Veo,44e3ee66-a389-5e82-ab47-fc22d4321f91,bicycle,40.038856,-82.983652,,1.56,True,False,False,0
Veo,794a95b2-4f9f-593a-8748-ebe4e84fd1fb,bicycle,39.955916390791494,-82.94540547773516,,0.0,True,False,False,0
Veo,735b80b9-6a07-5cc2-b7cf-701475013baf,bicycle,39.952962,-82.992479,,23.77,True,False,False,0
Veo,41025943-d4a6-58a1-b57d-f53a262c8d9f,bicycle,39.967627,-83.013439,,19.78,True,False,False,0
Veo,117db98a-e0fe-5c07-8113-424c27aa17a4,bicycle,40.00561,-82.974287,,1.15,True,False,False,0
Veo,484ab3ee-8810-5511-a5d9-46602d1f74c8,bicycle,39.975562,-83.003389,,25.74,True,False,False,0
Veo,b447a840-7ad4-577c-aedd-fa4fb47a16fb,bicycle,39.943497,-82.887214,,5.59,True,False,False,0
Veo,73552aca-bc0d-5152-b582-10a1f86d69ad,bicycle,39.984904,-83.041576,,5.27,True,False,False,0
Veo,e0518f49-f2bc-564b-a7ad-cf0519fec9e0,bicycle,39.97042,-82.982875,,14.17,True,False,False,0
Veo,0f3a034a-7c0c-530a-af91-34e29c166798,bicycle,39.96825,-82.97772,,25.12,True,False,False,0
Veo,25228d34-1bb8-5364-b8ac-f67ece31f24f,bicycle,40.053433,-83.016469,,16.39,True,False,False,0
Veo,48dfdf87-3e15-5cd7-880c-f608cc007479,bicycle,39.94581,-82.943787,,14.43,True,False,False,0
Veo,41dac366-fcf4-5439-adb6-13437a4a3942,bicycle,40.044068,-83.019456,,12.63,True,False,False,0
Veo,6ef41a41-f933-5a56-acfc-ea3394eea68a,bicycle,39.947936,-83.050903,,7.29,True,False,False,0
Veo,578509b8-56ae-5c0f-9728-8eb33d0e1b91,bicycle,39.965189,-83.00314,,10.51,True,False,False,0
Veo,fe939b83-d138-5317-b927-5bc420b1b5d1,bicycle,39.972433,-83.005303,,13.1,True,False,False,0
Veo,ee96e53a-2648-55fc-b0f0-e3029c161813,bicycle,40.003561,-83.008874,,6.67,True,False,False,0
Veo,03da8516-df4d-5ab5-b486-3858ef2e5c5b,bicycle,39.981166,-82.991392,,28.14,True,False,False,0
Veo,00e51b5c-05c3-5841-9431-afe840d92bdf,bicycle,39.94651,-82.991178,,2.79,True,False,False,0
Veo,c4f122b9-243e-5582-b800-001752bd2e40,bicycle,39.961538,-82.913787,,27.77,True,False,False,0
Veo,61de4b06-cf2a-54e9-abaf-7a7727f007a1,bicycle,40.105246,-83.110596,,14.43,True,False,False,0
Veo,7d9f62a9-62ad-58c2-9732-a803cd3b0765,bicycle,39.971262,-83.004866,,28.14,True,False,False,0
Veo,1833528c-7bf9-59a6-be7e-14d9a664a49d,bicycle,39.992423,-83.009829,,13.1,True,False,False,0
Veo,af0aff6e-80d4-567d-8dfd-29104229ed34,bicycle,40.000427,-82.974508,,13.64,True,False,False,0
Veo,3104ae03-5e54-52fa-abb2-65fcac32618d,bicycle,39.992362,-83.018428,,25.65,True,False,False,0
Veo,7cbb6cf0-6e79-5682-925d-1f0fe9a24605,bicycle,39.967852,-83.012338,,14.43,True,False,False,0
Veo,989ca352-3faa-5c36-b9b7-8bb315b9043a,bicycle,40.014676,-83.000182,,22.05,True,False,False,0
Veo,b18a0610-40d4-5646-99d7-247936b37dac,bicycle,39.957943,-82.988483,,28.14,True,False,False,0
Veo,c7fc361e-a447-5846-b472-0370dd2cd87b,bicycle,39.989085,-82.975517,,13.64,True,False,False,0
Veo,886d3f3b-b826-5266-9cfe-21dfa9cd00ee,bicycle,39.962808,-83.000291,,13.86,True,False,False,0
Veo,75f0d5ff-f0a6-5b52-b95a-532ec318c805,bicycle,39.960761,-83.012539,,16.39,True,False,False,0
Veo,6f241cc3-890f-5df8-b6f3-cd4f16d43d1a,bicycle,39.990506,-83.013771,,2.09,True,False,False,0
Veo,a083f630-3373-5db0-9bf0-5875a5feb90e,bicycle,40.01348,-82.932407,,28.01,True,False,False,0
Veo,56a8e1e9-87b9-5681-8c87-2cf16c57cee1,bicycle,39.994109,-83.005744,,13.39,True,False,False,0
Veo,d66bdf28-1333-5072-81e9-a8939f6dd916,bicycle,39.967663,-82.967542,,28.14,True,False,False,0
Veo,f2118c3c-5c29-5db3-9135-84cbd1af45ec,bicycle,39.912761,-82.991034,,18.19,True,False,False,0
Veo,4127f6f6-ff21-5ff7-85d6-b9775b833d8c,bicycle,39.936352,-82.985311,,27.44,True,False,False,0
Veo,3d54f47e-463f-5cab-869c-9c66d59cc532,bicycle,40.006754,-83.00851,,11.34,True,False,False,0
Veo,ba1f8999-04ec-5b2d-971a-be4cf8cef808,bicycle,39.950374,-82.989448,,27.18,True,False,False,0
Veo,f5c2fee2-fa89-5664-b9e9-86308b1ad979,bicycle,39.964509,-83.002947,,23.77,True,False,False,0
Veo,c92a64b5-3b44-5cc8-971d-6c1af1524e77,bicycle,39.951339,-82.970021,,14.17,True,False,False,0
Veo,d86511f8-88a5-5f34-a8f6-98024e1bf161,bicycle,39.926246,-82.971785,,9.02,True,False,False,0
Veo,5487f6e6-f4a7-5f78-b06b-4acd29fae418,bicycle,39.945619,-82.996574,,25.65,True,False,False,0
Veo,e4877a85-940f-5328-abff-3d3391935b77,bicycle,39.991504,-83.009002,,11.34,True,False,False,0
Veo,4d72bfca-b5ae-5db3-a8d4-7bfc4bd413d5,bicycle,39.939165,-83.096866,,28.14,True,False,False,0
Veo,52225f60-8774-5e5b-8ff3-8195f125820c,bicycle,39.9175,-82.912195,,22.7,True,False,False,0
Veo,63ea4b49-4070-58b2-89ab-cb4c820b2ee8,bicycle,39.947535,-83.042191,,26.25,True,False,False,0
Veo,65bc979c-a70d-54f4-b218-f8de90335907,scooter,39.942061,-82.994965,,13.1,True,False,False,0
Veo,7e798e34-a3e5-58a0-b540-b0a50e7cbde6,bicycle,40.131352,-83.094079,,6.31,True,False,False,0
Veo,f787edd3-8c1e-5e48-b69b-0c579f2ba31f,bicycle,39.989442,-83.00327,,28.14,True,False,False,0
Veo,779b4245-2daa-509c-845b-e73f3fc33ec4,bicycle,39.980354,-83.079827,,28.14,True,False,False,0
Veo,e4316924-8f8c-5b61-9576-d6ad6b99c187,bicycle,39.967863,-83.012514,,24.33,True,False,False,0
Veo,266e65f7-8e9f-56a9-8bb1-8b0e85843f46,bicycle,39.995172,-83.045353,,23.77,True,False,False,0
Veo,7485f2a0-a90f-5bd2-b070-4d18d08e8b88,bicycle,39.929655,-83.046201,,14.43,True,False,False,0
Veo,c5d2f876-478d-552a-a46d-3549b0326260,bicycle,39.968327,-82.993389,,24.33,True,False,False,0
Veo,d29219f1-77a8-5e5b-bd02-e51b8678be44,bicycle,40.014126,-83.001299,,24.84,True,False,False,0
Veo,43c27c5c-4572-508a-96f2-0a0a07bd889d,bicycle,39.957871,-83.001626,,25.74,True,False,False,0
Veo,e520b3ea-05ad-52d4-9f7f-989f692c612d,bicycle,39.99326,-82.981994,,15.45,True,False,False,0
Veo,758e1e5a-4b43-51a9-b5f7-7a8da9d2e403,bicycle,39.984017,-83.006666,,2.79,True,False,False,0
Veo,463de91d-37f4-59c8-b097-8554d155b149,bicycle,40.017971,-82.946408,,5.83,True,False,False,0
Veo,9a4e723b-6f44-588b-906b-cbd130262447,bicycle,40.014003,-82.984543,,11.59,False,False,True,0
Veo,77a6985d-8c33-5eb3-a29a-111d0c0598cd,bicycle,39.941389,-82.889833,,24.06,True,False,False,0
Veo,55239815-0b3c-513d-b54b-7bb63309c8ef,bicycle,39.988541,-83.037947,,14.17,False,True,False,0
Veo,b48b304a-1564-5037-bf37-3884064cb5ea,bicycle,40.011978,-82.968599,,28.14,True,False,False,0
Veo,547afac7-f1e9-550e-a748-c4ea74857c8b,bicycle,39.987183,-83.006381,,11.83,True,False,False,0
Veo,a014beb1-14cf-5bf8-a44f-474f208c77ea,bicycle,39.993988,-83.017578,,24.84,True,False,False,0
Veo,40cfcafe-a0fc-5cbb-875e-a7884c47ec19,bicycle,39.930368,-82.941234,,6.98,True,False,False,0
Veo,5e013418-2ce7-542b-9715-4ef20967490c,bicycle,39.956327,-82.996717,,27.44,True,False,False,0
Veo,56ac0bf7-47c3-583b-b2c1-3618646c422d,bicycle,40.018311,-82.975235,,15.18,True,False,False,0
Veo,14a9d6c8-6a29-5c79-9e0c-5732259df851,bicycle,40.100606,-83.115572,,25.94,True,False,False,0
Veo,b2599254-c9f4-513c-8de3-bba60b2e2354,bicycle,40.027316,-82.960749,,28.01,True,False,False,0
Veo,c8c0e274-71c0-5f30-a252-7734868eec0b,bicycle,39.997098,-83.011282,,21.49,True,False,False,0
Veo,cb9b49dc-b5e0-50a9-8612-d88c3e6ad381,bicycle,39.990151,-83.005946,,28.14,True,False,False,0
Veo,3c45993c-ddb6-556c-a3d9-c86d78d08edc,bicycle,39.992585,-83.039569,,14.86,True,False,False,0
Veo,435aa862-96fb-5471-bf57-704eec0adb59,bicycle,39.960305,-83.012041,,26.78,True,False,False,0
Veo,f00ca29a-2459-5ab2-81f5-5e0fc24ae1ab,bicycle,39.969018,-83.007342,,21.77,True,False,False,0
Veo,38c60a16-9a4b-568e-876b-90fb5c6e6ec4,bicycle,40.006829,-83.0095,,20.78,True,False,False,0
Veo,be58d626-369c-5129-8170-83e054d2da3c,bicycle,40.00506,-83.011679,,24.33,True,False,False,0
Veo,23433c9d-d45e-52b0-b49a-fa3312af2374,bicycle,39.994123,-83.005718,,15.45,True,False,False,0
Veo,3c8762f1-fdaa-5ed1-95fe-03c9af22b8d6,bicycle,39.99356,-83.017303,,23.02,True,False,False,0
Veo,664a224d-2be8-5efe-b89f-9e476f656474,bicycle,39.989805,-83.011884,,27.77,True,False,False,0
Veo,7996287a-b127-52dc-9741-1c7ac6c22a97,bicycle,40.021209,-82.97618,,28.01,True,False,False,0
Veo,94517388-c5ea-5304-a8b8-97bd9ad5c9d5,bicycle,39.99522,-83.007288,,28.14,True,False,False,0
Veo,53f2accc-1b2a-5eb0-8ea1-604cc9363966,bicycle,40.055313,-83.019258,,11.34,True,False,False,0
Veo,914d58ca-14b5-5bee-ad3d-8d199c7291fe,bicycle,39.994667,-83.017771,,19.39,True,False,False,0
Veo,dd7f8850-587d-5cf1-8dba-8bb8568a3b53,bicycle,39.958786,-83.01288,,13.64,True,False,False,0
Veo,ad68b629-6499-5193-8e34-a91972c1e338,bicycle,39.972343,-82.992968,,8.09,True,False,False,0
Veo,75a7fb50-3a3d-55aa-81cb-b8f6a1651bf9,bicycle,39.941666,-83.118016,,28.14,True,False,False,0
Veo,77301dc5-9b01-52d1-9f1d-1f8af79f8473,bicycle,39.985454,-82.995271,,25.94,True,False,False,0
Veo,d29162d3-9aad-5388-97c1-9249fc9be942,bicycle,39.979223,-83.001279,,27.44,True,False,False,0
Veo,23be7c03-de3a-59ba-a925-ec7eef47cdb9,bicycle,40.015382,-83.002911,,27.18,True,False,False,0
Veo,1a3656f3-16cf-5b28-b3a8-cba47e4e433a,bicycle,39.98765,-83.022786,,19.05,True,False,False,0
Veo,1e2ce261-1dc1-54d5-ba9e-674c3a5c074b,bicycle,40.054527,-83.006769,,3.48,True,False,False,0
Veo,7e1c9ec4-81b5-5675-ad6b-f7817488404c,bicycle,39.986544,-82.989312,,8.43,True,False,False,0
Veo,418f0681-6d9c-52eb-92a1-f7c417f9399b,bicycle,40.035446,-82.988747,,28.14,True,False,False,0
Veo,550597c5-62bc-58eb-bbeb-33fffede2960,bicycle,39.911273,-82.989669,,7.29,True,False,False,0
Veo,4181962e-f3a0-54bc-ab51-62716ad67f80,bicycle,39.99411,-83.017586,,7.62,True,False,False,0
Veo,b7816f9e-f301-5f03-975a-8a5342bb32de,bicycle,39.98767,-83.027935,,11.83,True,False,False,0
Veo,14b78a07-4fc6-5793-8624-de0e975abc75,bicycle,39.961123,-83.029442,,18.19,True,False,False,0
Veo,5235308c-d654-5a92-8ed0-84f279173980,bicycle,39.964813,-83.002075,,28.14,True,False,False,0
Veo,b696bee8-bd80-5f87-b474-b6271ca0ff3a,bicycle,39.941593,-82.996845,,24.84,True,False,False,0
Veo,4a2cedcc-ae8e-544d-a18f-9b4cca1e4d92,bicycle,40.017892,-83.013884,,13.86,True,False,False,0
Veo,058b5089-3c85-55c7-84be-3b227ca15b8f,bicycle,39.936112,-82.94862,,28.01,True,False,False,0
Veo,5f5ce3ce-27ae-5c16-8463-30f52d3296d4,bicycle,39.987655,-83.01071,,14.17,True,False,False,0
Veo,ae8d87fa-bbe6-54f0-8537-41187c58c6c1,bicycle,40.006054,-82.953881,,28.14,True,False,False,0
Veo,8985ea63-f23f-5c69-9bbf-dcfb8f6d8f3a,bicycle,39.993579,-82.981112,,21.77,True,False,False,0
Veo,b8787524-a5b0-58e8-9ef0-0a5031adc331,bicycle,39.974392,-83.022293,,4.67,True,False,False,0
Veo,11a99acf-fcd5-58b4-9187-91162d72a5ab,bicycle,39.984019,-82.859646,,10.79,True,False,False,0
Veo,eb3c6735-ee42-506a-abac-e5e25d134011,bicycle,39.979083,-83.002687,,13.39,True,False,False,0
Veo,f067f016-036b-5daf-a9df-2f4003834c17,bicycle,39.972443,-83.004661,,28.14,True,False,False,0
Veo,8089b881-ede4-5edd-91af-90d7c20a7358,bicycle,39.955735,-83.011042,,23.77,True,False,False,0
Veo,16a1b202-4cb2-5de1-a368-3f58ce2529c8,bicycle,40.056804,-82.962661,,21.15,False,True,False,0
Veo,1a232d94-0208-5539-9dd5-d777265f5933,bicycle,39.968233,-83.009827,,28.14,True,False,False,0
Veo,c6ccf189-cfb8-5ef9-8b92-ec034b2a6e5b,bicycle,39.950527,-83.052852,,27.77,True,False,False,0
Veo,7bd948b9-96f0-5f98-b5d2-7359b7651ea1,bicycle,39.989057,-82.999673,,20.78,True,False,False,0
Veo,d8527da8-a742-508d-a9d4-a8bd99edbe69,bicycle,39.971581,-83.005736,,19.05,True,False,False,0
Veo,c0410c80-a0e3-5f7d-93f1-b56c30f33ca7,bicycle,40.028194,-82.987385,,25.94,True,False,False,0
Veo,471a9b5d-44d2-58be-ae52-8f5d0a903232,bicycle,39.963435,-82.98186,,28.14,True,False,False,0
Veo,60ae7e39-d39d-5683-8885-f77c809028aa,bicycle,39.95722,-82.943943,,28.14,True,False,False,0
Veo,682f97c3-84f8-59e5-9e22-39d2a719f875,bicycle,39.952541,-82.990976,,22.05,True,False,False,0
Veo,4c0c4e6f-c432-557e-8b83-d2b47c0f79a3,bicycle,40.000756,-82.986407,,4.78,True,False,False,0
Veo,b67adf15-57ae-5ee2-9c0e-53cd0ae536c1,bicycle,40.008128,-82.998683,,19.78,True,False,False,0
Veo,2ae7398c-2e71-58cf-adaf-44798809dacb,bicycle,39.945313,-82.97175,,5.03,True,False,False,0
Veo,065e97c3-595a-5bee-8666-f40bb13a2f5d,bicycle,39.921291,-82.964337,,16.39,True,False,False,0
Veo,fa778986-a9af-5e5a-a3cf-1dd8eff74f10,bicycle,40.105232,-83.111243,,28.14,True,False,False,0
Veo,00e0676d-dc04-5e63-9aef-97156bb6a1e6,bicycle,40.007868,-82.996291,,28.14,True,False,False,0
Veo,7992b7b7-7c62-5a3d-94c6-94da08f0e575,bicycle,40.005042,-83.011586,,27.02,True,False,False,0
Veo,103ddb94-f9ac-5750-a214-cfea1a0de39a,bicycle,39.994325,-83.016167,,28.14,True,False,False,0
Veo,46b19723-e0d8-5324-9904-cfc29c717786,bicycle,39.971832,-82.979701,,28.01,True,False,False,0
Veo,28e1dde0-dddc-5c87-a1d4-3beb37100423,bicycle,39.998389,-82.996356,,11.11,True,False,False,0
Veo,89fa5af4-2e70-5620-93e9-c8577676d5ac,bicycle,39.942407,-82.982371,,18.19,True,False,False,0
Veo,751a2b49-19c0-58b6-90d5-3a6a00b11fd5,bicycle,40.008226,-82.999184,,17.37,True,False,False,0
Veo,0d2f180f-e56d-5277-a59b-400aa7661fb2,bicycle,39.97228,-83.003221,,17.37,True,False,False,0
Veo,0b6ebd08-9971-5f47-8a75-cde2196ff054,bicycle,39.929053,-82.993575,,24.06,True,False,False,0
Veo,d35915b6-c0b4-5c4f-9f9a-cfcfcf8db0a1,bicycle,40.007623,-82.947039,,15.89,True,False,False,0
Veo,463e7a09-0b61-5ecb-b5da-5aad61acd46b,bicycle,40.005323,-82.945652,,27.44,True,False,False,0
Veo,b648ff1e-2bf0-5173-b896-e56924f453d6,bicycle,39.933182,-82.910571,,28.14,True,False,False,0
Veo,92108943-05f6-5474-9c22-80bd1f996cf1,bicycle,39.991108,-82.987555,,14.86,True,False,False,0
Veo,4ea74930-ecf8-5224-94ba-95bd56e79f37,bicycle,39.986673,-83.072434,,22.7,True,False,False,0
Veo,57704b8f-8e0b-5af8-bf02-73baf81626e0,bicycle,40.003093,-82.998462,,13.39,True,False,False,0
Veo,04565cd4-dec3-53d8-8686-17cb918408a9,bicycle,39.960664,-82.984602,,25.12,True,False,False,0
Veo,79ce3ba4-e52c-5473-ab53-6a912f7f306e,bicycle,39.970485,-83.008048,,12.07,True,False,False,0
Veo,0a952a59-247f-59c2-ba0f-8e21e15117e9,bicycle,39.960816,-83.012581,,28.14,True,False,False,0
Veo,eda17791-876c-5bec-9c39-0845dcc1c936,bicycle,39.978682,-83.001896,,27.77,True,False,False,0
Veo,9eda7a15-b18c-54cd-ac7c-82b5bff0c1b6,bicycle,39.942851,-82.887129,,24.33,True,False,False,0
Veo,bcca7524-016d-5a2f-b5b4-6e6897e8defd,bicycle,40.052128,-83.019282,,8.09,True,False,False,0
Veo,3ce8f596-3dd2-558a-aada-ca2dde0e5cf7,bicycle,39.956065,-82.945313,,28.14,True,False,False,0
Veo,95a6e039-edc0-593d-9367-ad725883d5c8,bicycle,39.916156,-82.995187,,5.83,True,False,False,0
Veo,fd2d5915-4e36-5063-9eea-7cdb5f0eb44b,bicycle,39.941568,-82.996707,,24.84,True,False,False,0
Veo,7dfd165c-83d7-56fe-9cbf-81ab314ebaf5,bicycle,39.956141,-83.038122,,9.29,True,False,False,0
Veo,4699c032-9a08-5cab-8773-c505a3981a49,bicycle,39.982364,-83.085558,,11.83,True,False,False,0
Veo,6ecd29b6-5f17-57a3-bca1-f560249f7b48,bicycle,39.941227,-82.978314,,11.34,True,False,False,0
Veo,d8f2ca84-5bdc-5427-bc39-95cd98c1226d,bicycle,39.937537,-82.959687,,24.33,True,False,False,0
Veo,c0d36537-c70b-5335-a9b8-81252d9ebe50,bicycle,39.999568,-83.026026,,28.14,True,False,False,0
Veo,95f45e39-1d63-55d1-8f99-59abd93115dd,bicycle,40.001653,-82.996184,,16.84,True,False,False,0
Veo,ea5792e9-91ab-5e89-91f4-2bf9e6788702,bicycle,40.013938,-83.015141,,5.44,True,False,False,0
Veo,95ec308f-1f84-523f-8077-a319e5200056,bicycle,39.962964,-82.966215,,28.14,True,False,False,0
Veo,1fdd8a3f-fd08-57e5-9ae9-cca2f2013cd2,bicycle,39.9306,-83.053622,,28.14,True,False,False,0
Veo,19baa6f7-e13c-5bd6-9310-d6384bfebdb1,bicycle,39.971207,-83.002527,,23.02,True,False,False,0
Veo,0613e223-44dc-5b29-8084-039461bebb19,bicycle,40.000289,-83.017988,,14.61,True,False,False,0
Veo,b2636ab0-8e39-53f4-8afb-48b5cc533b62,bicycle,40.042396,-82.977427,,25.65,True,False,False,0
Veo,18f85f04-95ac-5764-ad8a-171e9f398da9,bicycle,39.992312,-82.996858,,6.07,True,False,False,0
Veo,05b0b009-d1b3-5de4-8008-5b2e6a38816a,bicycle,40.003833,-83.012925,,20.05,True,False,False,0
Veo,36144790-26b9-5529-92fd-47e945576988,bicycle,39.989106,-82.983648,,14.86,True,False,False,0
Veo,bbe03338-5e93-54be-8f59-e2736e719009,bicycle,39.928543,-82.95026,,11.11,True,False,False,0
Veo,284e1c7b-e91e-51f8-a435-6a3979a55edf,bicycle,40.101026,-83.108879,,28.14,True,False,False,0
Veo,c20f6dfb-9a44-57e7-9f13-c4ffba4f81ed,bicycle,40.000439,-82.974581,,24.06,True,False,False,0
Veo,9a593fca-ebfe-5dea-b34f-66847513c1e2,bicycle,39.923574,-82.988375,,14.61,True,False,False,0
Veo,e1dfdef3-8476-5a9e-bce5-756ee0455092,bicycle,40.000734,-82.986377,,28.14,True,False,False,0
Veo,691a5c55-3e9b-5bf0-9536-3d6bea82c4e7,bicycle,39.96792,-83.012331,,27.77,True,False,False,0
Veo,c57ab780-a9c9-5659-99f8-3ea8a7354878,bicycle,39.911232,-82.961319,,24.33,True,False,False,0
Veo,5841b1a8-0656-53aa-9587-b927a26dc9d9,bicycle,40.060685,-83.039668,,5.27,True,False,False,0
Veo,6820b89e-ceb2-5480-b1a3-d4225697cdd6,bicycle,40.087782,-82.972459,,25.94,True,False,False,0
Veo,768877ef-9b44-5de8-8d72-4c20822c4b2a,bicycle,39.957812,-83.012848,,23.02,True,False,False,0
Veo,8ca1c37a-982f-51a5-8b38-edb142d06f23,bicycle,39.968189,-83.009062,,28.14,True,False,False,0
Veo,f321c8c9-923d-59b7-b1e1-039a2f94cef2,bicycle,39.991998,-83.057442,,5.44,True,False,False,0
Veo,9c7028c1-6c06-52c2-819e-6e90fab53592,bicycle,39.944831,-83.002921,,28.14,True,False,False,0
Veo,84ab19cc-d4c2-5756-b204-3270554ef9ef,bicycle,40.040752,-83.010203,,12.87,True,False,False,0
Veo,aaf9062c-c6fd-50b3-90f7-b4adde189bff,bicycle,39.974444,-82.947363,,25.12,True,False,False,0
Veo,f3a97b1d-073c-5211-be89-15dbc76d9a14,bicycle,39.961024,-82.986526,,23.02,True,False,False,0
Veo,1513845e-8b52-56bf-a264-548b5def1fa1,bicycle,39.939493,-82.988565,,28.14,True,False,False,0
Veo,671521e6-f7df-57f6-8a5e-f9121e19c01f,bicycle,39.929878,-82.971538,,25.94,True,False,False,0
Veo,c7f9e29c-7df0-5cb8-9b8d-13f6b33cbb73,bicycle,39.99817,-83.007875,,7.29,True,False,False,0
Veo,0378c44a-fb82-574f-a34a-df586938d89a,bicycle,40.001176,-83.014565,,17.37,True,False,False,0
Veo,22ee8c57-7d54-5880-bde0-3c824a70cc02,bicycle,39.970261,-83.002186,,6.07,True,False,False,0
Veo,eb019d13-7bc4-5943-8696-92278d5b58eb,bicycle,40.10518,-83.108144,,24.06,True,False,False,0
Veo,8bffecbe-d4f1-575f-b18b-8a3f21ff2b43,bicycle,39.987705,-83.010225,,10.31,True,False,False,0
Veo,d9bc2ab0-1ef9-5813-b720-82787676ed5e,bicycle,39.956437,-82.986658,,20.78,True,False,False,0
Veo,50dac9c6-21d3-5d49-83c6-f6708ec31703,bicycle,39.943711,-83.045632,,13.64,True,False,False,0
Veo,bf413f9b-07c5-5a1b-a68c-d671775e2e24,bicycle,39.933389,-82.971399,,6.31,True,False,False,0
Veo,b5956c93-ecc5-598e-b9f8-6d468cfea903,bicycle,39.995979,-83.019755,,23.02,True,False,False,0
Veo,79b0ef09-577d-5cb9-a0ce-c5831faf897d,bicycle,39.937973,-82.866439,,9.29,True,False,False,0
Veo,7e3acc03-a652-59d5-82f1-9d517a1b4425,bicycle,40.10907,-83.015422,,20.05,True,False,False,0
Veo,dcd50fbe-088a-5dbd-a89a-e950e256513d,bicycle,39.979137,-83.002025,,15.18,True,False,False,0
Veo,1f1b8271-eb4b-581a-9636-6b1d7ae628ec,bicycle,40.035562,-83.034412,,26.78,True,False,False,0
Veo,714b3b9c-d1f3-5587-9ff0-929c8d30f69f,bicycle,39.949648,-82.961135,,28.01,True,False,False,0
Veo,b401e0f8-c461-5976-99f9-fc84b5930aca,bicycle,39.912955,-82.985287,,12.87,True,False,False,0
Veo,23c49f56-1e0a-5724-bd33-13c9335a7fe4,bicycle,39.93741,-82.975492,,15.45,True,False,False,0
Veo,a74ce7dc-907b-5c22-826e-923dd6d021a5,bicycle,39.949109,-82.956104,,28.14,True,False,False,0
Veo,7766ad37-6000-5960-b89b-61ceaa2094fe,bicycle,40.01292,-82.996607,,7.29,True,False,False,0
Veo,6ca960c5-7d16-571a-bb51-d4e418335523,bicycle,39.980647,-82.997989,,28.14,True,False,False,0
Veo,8b305303-732f-52b0-b8d8-2c5d8a1a3ffc,bicycle,39.953055,-82.963669,,20.78,True,False,False,0
Veo,702c51e4-7008-5859-b7a8-be7fabdc2261,bicycle,39.999526,-82.933367,,22.05,True,False,False,0
Veo,99491c52-1daa-5604-ae92-1a2c08fa6d04,bicycle,39.957508,-82.940136,,21.15,True,False,False,0
Veo,951d0094-790e-52d0-bc74-3cc342d0e18c,bicycle,40.015457,-82.982554,,20.78,True,False,False,0
Veo,942e73e1-af2b-5b4a-b488-85e9c73f4ece,bicycle,40.004274,-82.940175,,23.33,True,False,False,0
Veo,fd08f318-9068-5974-bee2-f271be35b531,bicycle,39.937912,-83.003714,,12.28,True,False,False,0
Veo,abaa0533-40f4-5556-82ad-fcc4de0a03ba,bicycle,39.974063,-83.019119,,18.67,True,False,False,0
Veo,a5b6296c-d45d-5cc9-8ae6-f2ca82368157,bicycle,39.988972,-83.004294,,14.61,True,False,False,0
Veo,3a35ea12-82e7-5e6f-bf64-8818969549fa,bicycle,39.957882,-82.998119,,24.33,True,False,False,0
Veo,8be8e700-28b7-5124-9d61-a68f711ce3ab,bicycle,39.957463,-83.000778,,18.67,True,False,False,0
Veo,377a2d3d-72ab-5e0c-a556-fdef55ceeae8,bicycle,40.003451,-82.975153,,2.79,True,False,False,0
Veo,0f4de53d-4047-5d18-b03a-3c5b86a3d86c,bicycle,39.949929,-82.888126,,27.44,True,False,False,0
Veo,4c1a5d59-29c8-53a8-ae57-0c2af0a55fd5,bicycle,40.011553,-82.972895,,14.43,True,False,False,0
Veo,8b044382-c2b2-5a46-9fe9-1a98db0a7099,bicycle,39.956805,-83.011989,,18.67,True,False,False,0
Veo,d5d9cbf3-5504-5fa7-ba9c-1e7d2256696b,bicycle,40.005043,-83.011648,,10.79,True,False,False,0
Veo,0b072234-669b-51f9-9ae1-37ca2cc364de,bicycle,39.987702,-83.008249,,15.89,True,False,False,0
Veo,b6c42b48-e068-5959-ae87-f61f725ec121,bicycle,39.975626,-83.015001,,14.17,True,False,False,0
Veo,4182b584-139c-5c38-a25e-e2aa14e19e8b,bicycle,40.048675,-83.028826,,22.05,True,False,False,0
Veo,076b1b6f-a247-57b9-837a-89a1d2080633,bicycle,39.92817954163991,-82.96482517391719,,19.39,False,True,True,0
Veo,23c1f4d2-92da-546f-995f-5f33b3182539,bicycle,39.955675,-83.004248,,26.51,True,False,False,0
Veo,dbc9c185-0297-507a-9020-92bbd27dfecb,bicycle,39.993839,-83.014508,,24.33,True,False,False,0
Veo,99b92afb-54fa-59c3-bb6e-04564699f070,bicycle,40.019911,-82.967525,,25.34,True,False,False,0
Veo,79ea3890-6098-5210-a15f-e8bdc66f8d64,bicycle,39.965919,-82.992312,,23.02,True,False,False,0
Veo,ad3e872a-5570-514d-9755-2d63a1f706e4,bicycle,39.965013,-83.002461,,14.61,True,False,False,0
Veo,b8e6cec0-6414-5500-81c7-a0797bcac9b3,bicycle,39.947745,-82.86268,,28.14,True,False,False,0
Veo,c557fbae-9625-5d8d-91d7-20d03b9a93e4,bicycle,40.024675,-83.013403,,28.01,True,False,False,0
Veo,daa5e3fc-74c0-5bda-8d85-b33a9ec1c77c,bicycle,39.99144,-83.041902,,24.33,True,False,False,0
Veo,354690eb-5e37-57b1-a160-810b37eb28b5,bicycle,39.974739,-82.975459,,25.94,True,False,False,0
Veo,eb4acf46-5cd6-5ed3-a602-e83adf54dd87,bicycle,39.944253,-82.886645,,24.84,True,False,False,0
Veo,0fb99308-4789-540d-a863-b404cc6087e1,bicycle,39.953065,-82.963621,,27.44,True,False,False,0
Veo,4c83c593-b392-5094-a7bf-f6412c09f941,bicycle,39.986347,-83.007376,,23.33,True,False,False,0
Veo,2e6b4099-3b35-53f3-8f6c-fc2ef2451a4e,bicycle,39.936309,-83.002238,,12.52,True,False,False,0
Veo,cea99fa0-87db-53ef-a2d1-5f184839a9c1,bicycle,39.97211,-83.002568,,9.02,True,False,False,0
Veo,1c2f1d9e-090b-5e04-ab7c-1be4cc920928,bicycle,39.960775,-83.012612,,28.14,True,False,False,0
Veo,c9da24c5-2f6b-5248-8fcf-fa49776f6ce7,scooter,40.002094,-82.94175,,28.14,True,False,False,0
Veo,34462b0d-8c01-5ed1-a295-704314589f9a,bicycle,40.053425,-83.016487,,6.31,True,False,False,0
Veo,c52b30df-953a-5a30-b43c-5d099f35a70f,scooter,39.95593270510013,-82.94530038227904,,0.0,True,False,False,0
Veo,d24830d1-3416-5576-9ddd-a89210c17df7,scooter,39.955648,-82.949254,,15.45,True,False,False,0
Veo,d810655a-0ae9-5018-ba8c-6e8b3c95cc6f,bicycle,39.993809,-82.983366,,27.44,True,False,False,0
Veo,6508a16b-c201-5f13-b1ac-dfc9c6ca12fb,bicycle,39.977218,-83.00446,,13.64,True,False,False,0
Veo,50ee818a-72e8-57fe-bb7b-8d3201c2b13a,bicycle,39.97684,-82.976268,,28.14,True,False,False,0
Veo,0ae6e9b8-750d-524f-9330-7ddcd4f1e974,bicycle,39.993029,-83.043309,,26.25,True,False,False,0
Veo,a1a28ae8-bb24-5fde-a62a-f8ef960c5fba,bicycle,39.968813,-82.980126,,28.14,True,False,False,0
Veo,472b12ba-fcff-533a-bc23-dbd037db45d3,bicycle,40.014669,-83.000205,,8.43,True,False,False,0
Veo,ab9d6f7f-5e77-524d-8b69-fb94f65120e4,bicycle,39.956453,-82.987272,,26.25,True,False,False,0
Veo,17d8742e-9bbc-5268-96bd-20c27bcd0c96,bicycle,39.953349,-83.025255,,9.97,True,False,False,0
Veo,1b437c27-a3b8-5671-aafc-c069d7539ba1,bicycle,39.965631,-82.996891,,28.14,True,False,False,0
Veo,8485d5da-9bda-5b4f-98de-22c213363368,bicycle,39.935004,-82.992858,,14.86,True,False,False,0
Veo,f2900747-b4ea-5ef5-8ea8-c148b7afc7aa,bicycle,40.001128,-82.975134,,26.51,True,False,False,0
Veo,6540dfb4-f883-50ee-bf3f-3e840d319d72,bicycle,39.994662,-83.006836,,9.97,True,False,False,0
Veo,f0c0b132-3a6a-5e0f-8dc1-31bd23b3ca3a,bicycle,39.96585271614442,-83.00152465651558,,0.0,True,False,False,0
Veo,48be8d17-7ef8-51ba-8f06-3f8e4e1913e2,bicycle,39.956984,-83.027695,,28.14,True,False,False,0
Veo,42bcdf26-0bac-53d8-81b8-1b8f3424b0bd,bicycle,39.949406,-82.99555,,27.02,True,False,False,0
Veo,d837d7f4-71be-5104-bbab-3669f0e7b758,bicycle,39.970656,-83.108892,,27.02,True,False,False,0
Veo,6bf7baa6-30c1-50d3-a8d6-b4e9c2179e1f,scooter,39.989626,-82.985826,,28.14,True,False,False,0
Veo,c14df64c-bac2-5bd9-b11a-2762792eb3f0,bicycle,39.959167,-83.009198,,24.06,True,False,False,0
Veo,293b9820-066d-5c9f-85b7-24d314cf9810,bicycle,39.933212,-82.910585,,28.14,True,False,False,0
Veo,7ab1942f-8405-5ee5-80f2-704aa00ee002,bicycle,39.981194,-83.02029,,23.02,True,False,False,0
Veo,4f954f90-bda4-5f9d-869b-94f1b10842c8,bicycle,39.972692,-82.969905,,16.84,True,False,False,0
Veo,c6b43a97-000b-5f48-824d-d12f9d919d48,bicycle,39.96119,-83.037498,,25.94,True,False,False,0
Veo,5369d7b9-e3c1-5397-b9bd-6db67569680e,bicycle,39.961509,-82.913804,,8.78,True,False,False,0
Veo,354d3bdb-03b6-5902-a96f-8d8378cb40de,bicycle,39.990053,-82.983952,,15.45,True,False,False,0
Veo,b0c5c5d3-a2ec-52f3-b974-50e5dd722cf0,bicycle,39.95598352790699,-82.94526602930962,,0.0,True,False,False,0
Veo,c15b1790-3930-572d-912d-37e9d0d627b8,scooter,39.95611,-82.945289,,27.77,True,False,False,0
Veo,c6a38abd-6109-503b-9df7-ee90a2294a9a,bicycle,40.00297,-83.020252,,28.14,True,False,False,0
Veo,a40380f7-674f-55ff-9bd9-40e6d28df9d6,bicycle,39.956329,-83.011083,,22.39,True,False,False,0
Veo,7d065ad9-508f-5455-ae96-53791d5e6559,bicycle,40.002033,-83.001116,,27.44,True,False,False,0
Veo,0b6e8cd3-d517-5d33-92b9-2bb64a9c309b,scooter,39.956107,-82.945239,,28.14,True,False,False,0
Veo,d7f075e2-5a44-5518-9db8-e4d9608714d5,bicycle,39.994679,-83.007922,,18.19,True,False,False,0
Veo,18d863a4-f448-5e24-b1e0-687485a57ff1,scooter,39.985912,-83.004433,,10.51,True,False,False,0
Veo,f84a1a19-8943-500c-9ee8-8913c6f907b8,scooter,40.103566,-83.108824,,28.14,True,False,False,0
Veo,7a149c22-79d7-5771-8111-331e5624c112,scooter,39.974163,-83.023131,,25.34,True,False,False,0
Veo,5f3f83a9-6314-5950-8323-7395233fe558,bicycle,39.987261,-83.03076,,28.14,True,False,False,0
Veo,2b835284-de0f-5352-84a9-5d9ecaaeef16,bicycle,39.998151,-83.007811,,26.78,True,False,False,0
Veo,1018afa7-a7a3-5df5-8264-bf5ada5399cb,bicycle,39.95602619372304,-82.94530112304068,,0.0,True,False,False,0
Veo,7de93229-1ab0-5385-9510-6ccb8977a233,bicycle,39.96816,-83.0138,,6.31,True,False,False,0
Veo,e1a8430d-6838-5dff-8da8-a715ee92febb,bicycle,39.954837,-83.010655,,1.15,True,False,False,0
Veo,01de7f93-0809-5013-8764-92bbfd5bf995,bicycle,39.960962,-82.914571,,12.52,True,False,False,0
Veo,e96a26d9-71e9-57bb-b202-e62440e54a9c,bicycle,40.003282,-82.998352,,25.12,True,False,False,0
Veo,f3792fad-29c7-527e-919b-7f3cb33dab31,bicycle,40.10314,-83.110349,,7.62,True,False,False,0
Veo,e5cc7c99-f967-5415-9aa8-b54b9fe17847,bicycle,39.995774,-83.007379,,14.86,True,False,False,0
Veo,98aac509-8752-5a8a-8370-dcfff693af11,bicycle,39.941878,-83.067788,,12.87,False,True,False,0
Veo,0b8dd94c-bc89-5f36-8f90-790998aef059,bicycle,39.985843,-82.914369,,28.14,True,False,False,0
Veo,e783edd0-2f83-5dcc-92aa-aaa747317ebc,bicycle,39.965685,-82.905388,,28.14,True,False,False,0
Veo,ffff12db-d075-5325-8607-03c151780239,bicycle,39.980681,-82.990375,,11.11,True,False,False,0
Veo,2117c7a5-d39b-5c4a-8889-6bf6ad25b0c5,bicycle,39.93615,-82.995979,,25.34,True,False,False,0
Veo,333100d5-5ae7-5388-bbae-d3fcc4083ff9,bicycle,39.974275,-83.019625,,26.51,True,False,False,0
Veo,e6e5856c-56f0-563e-a379-b1797a317cd6,bicycle,39.974485,-82.972823,,22.39,True,False,False,0
Veo,57c2255d-f787-58d9-8f6a-fdaa5ab77f6c,bicycle,39.989693,-83.005232,,28.14,True,False,False,0
Veo,fe872e7b-3161-5d8a-b200-9d72265a19e0,bicycle,39.939445,-82.948742,,16.39,True,False,False,0
Veo,cca7a6e7-3af4-5743-a4e9-a45024fde4bd,bicycle,40.056494,-82.994357,,14.43,True,False,False,0
Veo,f352886b-be94-5887-9ef7-2724bf278bf4,bicycle,39.972256,-83.004674,,28.14,True,False,False,0
Veo,3633db3a-e886-5cf1-a61a-1af8a1df876c,bicycle,40.059505,-83.040814,,12.52,True,False,False,0
Veo,347b2c90-d1cd-54bc-a4db-352513470f6c,bicycle,39.98849,-83.030736,,28.14,True,False,False,0
Veo,ed88e3bb-ea7d-57c2-b82b-3437168716fe,bicycle,40.000712,-82.986373,,28.14,True,False,False,0
Veo,8d60abcc-db53-51d1-84e3-a2d7e9c09c84,bicycle,39.962029,-83.000325,,28.14,True,False,False,0
Veo,875b5339-da66-52aa-846f-6f17db7d0cc3,bicycle,39.951203,-82.998297,,28.14,True,False,False,0
Veo,5f29eef6-9b98-5613-b73b-fe62628d1eb5,bicycle,39.99557239543317,-83.00436817380032,,28.01,True,False,False,0
Veo,9ce0f65b-9b53-5db2-897e-9e6b3f24308a,bicycle,39.936664,-82.963706,,14.43,True,False,False,0
Veo,fb8792a5-7154-52ea-bb13-b45e9998aa9c,scooter,39.948354,-83.008076,,13.64,True,False,False,0
Veo,35a6f57a-4966-52ce-9632-a35349025e90,bicycle,39.960519,-83.01202,,25.65,True,False,False,0
Veo,7b2d8ded-3b3e-5c42-a4a7-b599b7c86a36,bicycle,39.967881,-83.012302,,27.77,True,False,False,0
Veo,8c26b894-afef-5576-ae81-6479df4be042,bicycle,39.993885,-82.983329,,17.89,True,False,False,0
Veo,1483d26f-d113-5f03-87f2-ef9d35495ce8,bicycle,39.965383,-83.003109,,28.01,True,False,False,0
Veo,e163bb18-cd58-517b-9531-7946368ce344,bicycle,39.946581,-83.000271,,8.09,True,False,False,0
Veo,179d4074-12e3-5f86-8a92-3371d67c5cd0,bicycle,40.004867,-83.006154,,19.78,True,False,False,0
Veo,3f26ddd4-c250-5b20-8882-b441745b2eb8,bicycle,39.952757,-83.003932,,27.77,True,False,False,0
Veo,adc99f24-7061-5825-82c5-04c819cdff5d,bicycle,39.965074,-83.000343,,28.14,True,False,False,0
Veo,e4e776d3-50f8-5c3e-a0f9-0084cad93872,bicycle,40.038831,-82.98364,,3.13,True,False,False,0
Veo,916546e3-4caf-5135-8574-f366ef0e2c46,bicycle,39.964485,-83.004484,,28.14,True,False,False,0
Veo,7d34a4fd-2a9b-5670-b650-1839c5d99552,bicycle,40.013081,-83.002276,,27.44,True,False,False,0
Veo,c52bcb72-cf71-51d9-953a-e09857e50637,bicycle,39.963623,-83.000717,,28.14,True,False,False,0
Veo,1ca483a0-3c41-5768-a86c-7a1a4a03e595,bicycle,40.007788,-82.961111,,24.33,True,False,False,0
Veo,436dffea-aaa9-5e5e-8776-4999543267d6,scooter,39.958023,-83.001722,,21.49,True,False,False,0
Veo,fe9b4246-49b1-5f00-a5f1-f778f7035645,bicycle,39.939723,-82.990798,,25.12,True,False,False,0
Veo,6ccf3143-1b2e-5ba5-a7b6-7322f60ffc30,bicycle,39.998959,-83.006887,,9.02,True,False,False,0
Veo,646fcec4-1479-527c-8dff-5bd19d3acbf7,bicycle,39.991897,-83.008841,,26.51,True,False,False,0
Veo,3e1b024f-5ac6-5e4e-bdbf-dde2ec05ae2c,scooter,40.001953,-83.001148,,28.14,True,False,False,0
Veo,41b63e8e-9c3b-5cc3-b724-7df7cbae12df,bicycle,39.956168,-82.99848,,19.05,True,False,False,0
Veo,f84a12d0-9ac1-5c04-ac8f-cb8531c6c9b2,scooter,40.015101,-82.998705,,14.61,True,False,False,0
Veo,7d6da623-fb92-5c7c-a51f-e14925418166,bicycle,39.934049,-82.995868,,13.39,True,False,False,0
Veo,77ea382c-b9e7-5a31-a77e-656400bb5fb3,bicycle,40.00965,-83.008455,,28.14,True,False,False,0
Veo,3c0ddb0c-e033-5b04-9a8e-76aa07b6b6c9,scooter,39.971526,-83.002689,,20.37,True,False,False,0
Veo,0c1c6aaf-159b-53b8-8152-ea84eb66f917,scooter,39.945526,-83.11529,,25.94,True,False,False,0
Veo,8f6a0fd3-d3d7-5b25-8e65-544c8b0b34b9,bicycle,39.96797,-83.008662,,6.67,True,False,False,0
Veo,570671c0-6aed-5143-b95d-181099279c1b,scooter,39.96342,-82.981868,,16.39,True,False,False,0
Veo,7825810a-4352-5430-9d4e-4d03b9629d06,bicycle,40.003081,-82.9985,,24.33,True,False,False,0
Veo,f8ec63b3-aa42-5a72-899c-6a760ca6cb26,scooter,39.963004,-82.981188,,25.65,True,False,False,0
Veo,54be512e-f256-5661-86d6-df633a1c661b,scooter,39.99652,-83.015457,,25.74,True,False,False,0
Veo,de8f7771-4f4d-533f-a2ae-b30c54e50136,scooter,39.965488,-82.995232,,15.18,True,False,False,0
Veo,8e8d508c-2b27-5e7c-a9a8-f69c71bb8bef,bicycle,39.962137,-83.004155,,13.64,True,False,False,0
Veo,8dae6097-2dec-5081-b73d-a269ae2cd962,scooter,39.963086,-83.004287,,22.7,True,False,False,0
Veo,837cb13b-f7cc-5572-aca1-05a6ef461dc8,bicycle,39.988479,-82.999387,,28.14,False,True,False,0
Veo,3a57fd90-11f1-5615-af25-2726981e7561,bicycle,39.963695,-83.00081,,28.14,True,False,False,0
Veo,39736bd1-3451-5a5a-a954-dd0b30c96935,scooter,39.998064,-83.00957,,28.14,True,False,False,0
Veo,59e43e69-32c7-5b9c-ae19-38736e120ed0,scooter,39.988137262897084,-82.99607458462063,,21.49,False,True,True,0
Veo,b44447d4-a359-56dc-b7f4-a24cb1f175af,bicycle,39.961274,-83.098242,,4.19,True,False,False,0
Veo,e411af9f-adc3-56b0-9cc8-788ab974fa52,bicycle,39.937679,-83.062176,,25.34,True,False,False,0
Veo,b52dc63a-cc2c-59a4-875a-e387c5519a26,bicycle,40.016042,-82.954503,,28.01,True,False,False,0
Veo,e69a7a39-34ea-5bb2-8085-21e962213424,bicycle,40.048199,-82.999705,,25.34,True,False,False,0
Veo,d759f952-0c04-539e-b521-88d2c79077a6,scooter,39.883131,-83.002916,,25.12,True,False,False,0
Veo,a05ec767-2ed1-5225-a600-336ca5e4c6d7,scooter,39.999853,-83.009676,,21.49,True,False,False,0
Veo,dd5fb642-3801-5c6e-8505-9a5536ce71fa,scooter,39.956117,-82.945191,,25.12,True,False,False,0
Veo,27d5866f-4c6a-5348-addc-74e89163c7b4,bicycle,39.955945,-82.870967,,28.01,True,False,False,0
Veo,153226c0-bf83-5e95-a097-089a6d472153,scooter,39.970282,-83.002176,,22.39,True,False,False,0
Veo,0fae2480-9b4f-5c13-939b-cddd5fbaddf4,bicycle,39.935983,-82.953803,,16.39,True,False,False,0
Veo,78fe660e-c333-5fdb-8da6-10d5344e4f96,bicycle,40.052117,-83.019266,,17.89,True,False,False,0
Veo,64523ec4-f160-5d8f-a7cd-6969ef1d9064,bicycle,40.050381,-83.001044,,6.31,True,False,False,0
Veo,10044f7c-304d-58e5-878b-96318d37fd7b,bicycle,39.961026,-83.016946,,28.14,True,False,False,0
Veo,58b33dbe-ac29-551b-bb6f-eb801115943d,bicycle,39.999755,-83.022724,,12.63,True,False,False,0
Veo,2e39ba7c-adba-54b0-9996-2fd757587f03,bicycle,39.981394,-82.980367,,19.05,True,False,False,0
Veo,b079a236-b9b5-5ff8-a6d1-b4cdec582a6d,bicycle,39.998007,-83.009578,,28.14,True,False,False,0
Veo,479ebfc8-7e3a-542e-81f8-86850a3f787c,bicycle,40.100638,-83.11556,,10.51,True,False,False,0
Veo,26a98fa5-4219-5088-ab86-c09977a51755,bicycle,40.073856,-82.920614,,1.15,True,False,False,0
Veo,6777863f-998e-5ab1-bf68-697bf7670b80,scooter,39.977438,-83.011578,,25.34,True,False,False,0
Veo,a709df47-2cdb-5cba-9513-d86f9521ea30,bicycle,39.967346,-82.981053,,25.94,True,False,False,0
Veo,c804e379-b95a-5a5e-b516-9cf88d7bdb8b,bicycle,39.945893,-82.989861,,25.12,True,False,False,0
Veo,2cd091cb-dfbe-5813-885f-21a299b4d7f6,bicycle,39.952065,-82.98172,,28.14,True,False,False,0
Veo,7bd580e3-f6a3-58ec-913d-1ffacc188784,scooter,39.994979,-83.018993,,25.12,True,False,False,0
Veo,89139979-d5a4-5258-9f21-f55bdab8a981,bicycle,39.958161,-82.986,,25.94,True,False,False,0
Veo,dc45f840-4df8-5ed3-b222-cb475247b90e,bicycle,39.95899,-83.0001,,3.67,True,False,False,0
Veo,6ae53f48-a6e7-5115-9f52-cf0ec7ffbe70,bicycle,39.946043,-83.020346,,14.86,True,False,False,0
Veo,a6c816f2-082c-5048-84e2-7be138d1bd55,bicycle,40.014739,-82.992156,,11.83,True,False,False,0
Veo,b9bebd0f-2c5a-562a-9fb3-20c5cb697091,bicycle,39.990351,-82.981432,,8.09,True,False,False,0
Veo,d08c7368-a086-5e5c-bb7e-502476e7194d,bicycle,39.986958,-83.039538,,12.63,True,False,False,0
Veo,fcbb1bb6-c412-5561-b9f3-df5f54ca14fa,bicycle,40.003711,-83.011057,,22.39,True,False,False,0
Veo,87a6ab5a-8a10-57eb-9c2b-0cf8fc3f4ebd,scooter,39.957719,-82.985725,,28.14,True,False,False,0
Veo,e28a6778-f5f5-5920-9a3c-5b9d799c0efb,scooter,39.98878,-83.028289,,7.29,True,False,False,0
Veo,72285f3c-669d-5887-8158-cfe3e2da9fbf,bicycle,37.803587,-80.427265,,23.02,True,False,False,0
Veo,260be1f0-26c0-5727-b7bf-8f03a20bc0ad,scooter,39.956106,-82.945138,,25.94,True,False,False,0
Veo,853512cf-ffc8-50e8-a8be-2356bf52c7f9,bicycle,39.895364,-82.92721,,12.07,True,False,False,0
Veo,3676e119-c15a-5230-a6bf-1dbfd4d8e3d8,bicycle,39.978221,-83.007518,,26.25,True,False,False,0
Veo,326dd700-62d9-59ad-871d-c00126856f0a,bicycle,40.001216,-82.983638,,14.86,True,False,False,0
Veo,5fc22ac1-08c6-5c83-9c63-d47cc20d6c60,bicycle,39.947583,-82.944701,,23.02,True,False,False,0
Veo,5bddc5c7-19e0-56a6-a098-0c198a89f6c9,scooter,40.109054,-83.01545,,12.87,True,False,False,0
Veo,78fff954-57ac-5496-8a27-bcfafe541ef3,scooter,40.003112,-82.998448,,13.86,True,False,False,0
Veo,1f2978af-9dc3-5ba7-9450-ccbde3fd9d0b,bicycle,39.965349,-82.982347,,27.77,True,False,False,0
Veo,9b4f5f05-f86c-5222-9d4c-a885c2062952,bicycle,39.952365,-82.975637,,24.33,True,False,False,0
Veo,7fcecbbf-40f9-595a-adbd-dfb3a369d595,bicycle,39.997264,-83.047435,,14.61,True,False,False,0
Veo,b6beb182-be87-549a-b65a-4657806ed46e,bicycle,39.95095166666667,-83.02437333333334,,17.89,True,False,False,0
Veo,3d14ad50-3d52-510e-8d15-ca1a9835e55c,scooter,39.98737,-83.011996,,25.65,True,False,False,0
Veo,586e5ea2-41f8-572d-925e-23278a409b03,bicycle,40.074172,-83.027848,,24.84,True,False,False,0
Veo,efb3200c-8d18-5d8d-9d20-321235d1567f,scooter,40.001543,-83.010619,,11.34,True,False,False,0
Veo,eb8d557a-2b13-503b-bf14-294afe99ff3b,bicycle,39.962646,-82.981815,,27.44,True,False,False,0
Veo,16b1beec-6c8d-5dce-a17e-a9d5e5308dcf,bicycle,40.008727,-83.015134,,17.37,True,False,False,0
Veo,992c8039-0962-5eb5-a2cb-6c73e7d3dd01,bicycle,40.012195,-82.970591,,9.97,True,False,False,0
Veo,6847cdd3-cb3f-5388-b7a2-ab0b72ca0c00,scooter,39.950913,-83.002657,,15.45,True,False,False,0
Veo,9ece1d09-d6ee-56ab-ac1f-42728acc6b96,bicycle,39.941959,-82.994997,,13.39,True,False,False,0
Veo,74eeadb9-bdf3-5af9-8abc-b2333846287d,bicycle,39.937092,-83.118425,,28.14,True,False,False,0
Veo,e3a1fc6f-9a0f-55e2-9b3c-f7ee70dc5738,scooter,39.956522,-82.977155,,25.12,True,False,False,0
Veo,a202e515-4525-597a-a9ad-b26b80a382c3,bicycle,39.958515,-82.984234,,25.65,True,False,False,0
Veo,4b21ed7b-d19f-56bd-ab51-162a1b99adfc,bicycle,39.938173,-82.987919,,24.33,True,False,False,0
Veo,548225a2-14d5-580a-985f-1889649e0cba,scooter,39.956122,-82.945327,,24.33,True,False,False,0
Veo,d5e74638-3cd1-5a73-af6d-560166541e41,scooter,39.978693,-83.00186,,28.01,True,False,False,0
Veo,36d55607-b9b0-5aff-b58f-58dd50d136ad,scooter,39.986914,-83.009432,,28.14,True,False,False,0
Veo,6b80b5d1-1743-59dd-a827-645334d3befd,bicycle,40.105833,-83.109297,,24.33,True,False,False,0
Veo,32a3c663-558f-5444-96a8-47daad283b91,bicycle,39.94229,-83.05846,,28.01,True,False,False,0
Veo,8355e3df-1e84-5cd5-9d5d-fd0e13c094e9,scooter,40.105591,-83.066523,,27.02,True,False,False,0
Veo,6433059c-3c67-5fcf-90b7-7c7c4eaae29d,bicycle,40.026328,-83.024987,,5.03,True,False,False,0
Veo,12a408d7-733a-5efd-95c9-3a52b31258c4,bicycle,39.963532,-83.000752,,14.43,True,False,False,0
Veo,e32ba6d8-7693-5355-9465-205878846c39,bicycle,40.100913,-83.10918,,9.29,True,False,False,0
Veo,c18e0986-c9c1-551a-a037-b9c10dfd1b2d,scooter,39.991718,-83.04828,,25.74,True,False,False,0
Veo,40e778ff-d2b7-506f-b24f-87405168cbeb,bicycle,40.013273,-82.988611,,5.03,True,False,False,0
Veo,829befe0-f5d0-5a3c-a705-8038ac24e9d2,scooter,39.967874,-83.012494,,28.14,True,False,False,0
Veo,693cede1-8acf-5257-b257-494459b45894,bicycle,39.883155,-83.002927,,24.06,True,False,False,0
Veo,b5d2ea9c-f5a2-57af-a851-f2d87be2bfec,bicycle,39.956959,-82.991816,,28.14,True,False,False,0
Veo,6a54e79f-e0b6-5e80-86bb-d364915b90e6,bicycle,39.930407,-82.984094,,25.65,False,False,True,0
Veo,fabfc49f-8e0b-5399-b9d4-642f2e28de5d,bicycle,39.984605,-83.008444,,25.65,True,False,False,0
Veo,d83e5fbd-4a6f-5ef7-9a29-9bf5910e185f,bicycle,40.016544,-82.968875,,14.61,True,False,False,0
Veo,c4d61cb7-41c2-5e49-9fcb-06a1c0e1aa52,bicycle,39.972367,-82.974264,,23.02,True,False,False,0
Veo,9370351a-3f6f-59c3-81ec-c0320f6a3443,bicycle,39.92401,-82.984528,,6.98,True,False,False,0
Veo,eb068bab-f14c-5fc8-890a-6aab165fdcb0,bicycle,39.915186,-83.020722,,25.34,True,False,False,0
Veo,5f70eb34-1ad8-50ed-831b-d3a03c9aef1a,bicycle,39.98811,-82.949541,,12.87,True,False,False,0
Veo,afa4c12f-2e67-5ba6-9045-0c8784b00339,bicycle,40.003723,-83.043186,,22.39,True,False,False,0
Veo,59fc265b-3a4b-58cc-ae65-c2d3b418d883,bicycle,39.968261,-83.009796,,22.7,True,False,False,0
Veo,a7ee6da9-0c8a-56cd-91b6-e59d2e852b63,bicycle,39.993824,-83.014256,,10.51,True,False,False,0
Veo,30adbf3d-f868-5628-80e6-6b0545a796b0,bicycle,39.99541,-82.980649,,25.34,True,False,False,0
Veo,169679be-e33d-5235-9334-169417d0440a,scooter,40.012436,-83.026568,,12.63,True,False,False,0
Veo,c8d72170-bd4b-583a-a71e-22e0b52a29bb,scooter,39.970176,-83.002175,,26.25,True,False,False,0
Veo,d4d43808-3c07-5fc3-b00c-573bd374bb56,scooter,40.006312,-83.016328,,25.65,True,False,False,0
Veo,8230c311-deec-50ee-be2d-20e4583eea2d,scooter,39.993140000000004,-82.98224333333334,,28.14,False,False,True,0
Veo,fa48f6e6-f2ec-5794-8c06-ebf680d8800c,scooter,39.963041,-83.004266,,15.45,True,False,False,0
Veo,641182ee-ce3c-5533-9997-aed4a80e1af3,scooter,39.961876,-83.000466,,28.14,True,False,False,0
Veo,4d5d1189-c9f8-55c6-be45-c37258dd5aab,scooter,39.967383,-83.017797,,28.14,True,False,False,0
Veo,f9b5c636-4a49-5961-bb53-cbbdf3193560,scooter,39.972206,-83.039828,,25.74,True,False,False,0
Veo,6807f00f-6d14-54dc-afb8-c70e4d11f12a,scooter,39.955885,-83.003169,,28.01,True,False,False,0
Veo,7c664b12-97f7-50da-9afb-ed665cf91f3f,scooter,39.999393,-83.020607,,13.86,True,False,False,0
Veo,80bb0a29-5f59-5e01-87d3-3130c90e8656,scooter,39.990348,-83.012515,,25.94,True,False,False,0
Veo,a0817bcf-2ea0-5b1d-aef6-2adea7bc9526,scooter,39.993506,-82.981154,,14.86,True,False,False,0
Veo,4857d96e-4c48-56b7-93cc-ee4767234f87,scooter,39.995576,-83.014356,,25.34,True,False,False,0
Veo,e576d119-c0ed-54b0-9858-724115587ea0,scooter,39.9945,-83.007081,,9.02,True,False,False,0
Veo,45d44d3c-dfda-5030-bb78-c07d95c8fd5f,scooter,39.958366,-83.012953,,26.25,True,False,False,0
Veo,4af222de-dbd7-51af-b1d2-a0b4d6b70966,scooter,39.980715,-82.99805,,26.25,True,False,False,0
Veo,57c6df74-7780-5003-a188-e5d1b5b92248,scooter,39.962032,-83.000294,,28.14,True,False,False,0
Veo,8fce13e7-f909-541e-8da9-c681b0d589c7,scooter,39.990238,-83.004632,,28.14,True,False,False,0
Veo,59886056-ae1b-59b8-925a-b924d40fdad3,scooter,39.964813,-82.981334,,26.78,True,False,False,0
Veo,34bcf04e-cf3c-5a76-89b3-3f1f4590b2a0,scooter,39.963739,-83.000709,,26.25,True,False,False,0
Veo,f92e8673-b747-5e81-875c-793083be8219,scooter,39.972128,-83.002608,,28.14,True,False,False,0
Veo,0904207b-cb71-535a-9de3-09dddf5039ba,scooter,39.977433,-83.01161,,28.14,True,False,False,0
Veo,6c09eea5-0522-5de3-9a67-e6ab64ce797c,scooter,39.960192,-82.958055,,14.61,True,False,False,0
Veo,6cb1125d-e795-5da4-9c05-58f345620c3b,scooter,40.006872,-83.009456,,28.14,True,False,False,0
Veo,b23dbf32-6b5a-5153-93b4-6cbdfffebc13,scooter,39.9582,-82.993944,,28.14,True,False,False,0
Veo,5c428f73-600d-5f64-b69a-25a1134db067,scooter,39.979183,-83.001996,,28.14,True,False,False,0
Veo,f8a9fac9-cf66-530b-bb6a-0d304933720b,scooter,40.018008,-82.969504,,19.05,True,False,False,0
Veo,1a1b3ab7-7c87-529d-8d83-3cc2852218fa,scooter,39.985098,-83.014717,,9.65,True,False,False,0
Veo,966849ea-7edd-5c14-b185-4b6624c7ddfc,scooter,40.028341,-83.025898,,18.19,True,False,False,0
Veo,9ed6b31b-ef1a-52f9-bb12-c48a1274b436,scooter,39.992019,-83.006484,,28.14,True,False,False,0
Veo,45bd8819-6ebb-53e4-96a8-214bb1cde4ac,scooter,39.971274,-83.004844,,24.06,True,False,False,0
Veo,50abf04a-c077-56fd-b1dd-e7f062848ee4,scooter,39.99551,-83.015741,,12.28,True,False,False,0
Veo,e312fc42-3394-5437-ad12-5fd495300dae,scooter,39.968873,-83.003875,,24.06,True,False,False,0
Veo,63ef01bf-f62d-5f8a-9a1c-f8209168186d,scooter,39.964815,-83.002736,,20.05,True,False,False,0
Veo,3a22ac7d-dc39-596e-972b-5251b2ef13b4,scooter,40.102105,-83.110809,,6.67,True,False,False,0
Veo,d46e0d26-c12a-5e57-bef8-30fc9f01b00a,scooter,40.007882,-83.00065,,16.84,True,False,False,0
Veo,3ee62c14-1fd8-526a-a4ef-7bd66312c8d5,scooter,40.050051,-83.030138,,19.05,True,False,False,0
Veo,848e4fa2-970f-5c2c-9f4a-09fc808713b7,scooter,40.009963,-83.00912,,28.14,True,False,False,0
Veo,b78c1402-2b58-581a-af5b-a714cbf89491,scooter,39.962529,-82.997478,,21.15,True,False,False,0
Veo,ae68a023-f588-5bc9-97ec-db624fdde7f1,scooter,39.968595,-83.004651,,27.02,True,False,False,0
Veo,eb01a16f-10df-50c3-a6a9-87419d2360dc,scooter,39.963656,-83.000789,,27.02,True,False,False,0
Veo,ba4dd906-80c3-521f-b093-e75f082a0413,scooter,39.983179,-83.019866,,25.74,True,False,False,0
Veo,ff222769-ed24-5e09-9bd9-0a616140d024,scooter,39.963263,-82.95327,,14.61,True,False,False,0
Veo,ffdc1fce-4d65-5c4a-ab6b-b1bcf77a77bd,scooter,40.055413,-83.047675,,1.15,True,False,False,0
Veo,7038b099-b7ee-5a8b-8ba7-2f36b511abe3,scooter,40.010264,-83.001003,,11.11,True,False,False,0
Veo,e0dd64f6-bfbd-54a6-a66d-9617bd29508a,scooter,39.930528,-82.979073,,26.51,True,False,False,0
Veo,7d889ff4-9d2f-51f4-8ac6-66b8d19e95b5,scooter,39.957299,-82.990092,,28.14,True,False,False,0
Veo,2464765b-e4ad-5773-a3f4-7c24f7dc0742,scooter,39.960152,-82.958059,,15.18,True,False,False,0
Veo,448f52aa-7f48-5fbe-a696-d83770e72acd,scooter,39.949339,-82.982086,,11.59,True,False,False,0
Veo,b6fed7ec-d5c6-5e81-b178-5143af03eab9,scooter,39.94812,-82.998031,,12.28,True,False,False,0
Veo,b8a640ae-4fb5-5dd0-ae70-d63b6159bb56,scooter,40.00131,-82.966192,,28.14,True,False,False,0
Veo,a1d641d5-e380-55c8-8fa5-8d0fa072198d,scooter,40.000386,-83.016386,,28.01,True,False,False,0
Veo,8d39ce3f-d7b3-5cf3-84bb-ab4fe53f283a,scooter,39.962733,-83.002419,,15.45,True,False,False,0
Veo,31dcc0ca-b4bb-5de1-b5a0-60aa233d18dc,scooter,39.942214,-82.985161,,27.02,True,False,False,0
Veo,ac5def83-3859-5da6-aed3-b0631e27f879,scooter,39.985204,-83.005407,,28.14,True,False,False,0
Veo,bac84be3-655c-5e3f-ba12-4b58c2057607,scooter,39.970337,-83.002408,,10.79,True,False,False,0
Veo,704f8d15-16c9-5bcf-ab09-cbedc9a654e6,scooter,39.998445,-83.018822,,18.19,True,False,False,0
Veo,7240cb8f-debf-5d08-a473-934b24e63b41,scooter,40.007054,-83.019482,,27.02,True,False,False,0
Veo,915eb91a-4e92-53ba-bc31-8d4653b11aca,scooter,40.04196,-83.017324,,10.51,True,False,False,0
Veo,2c48358f-4c89-510a-9d59-3fa3e5dded0e,scooter,39.973806,-83.002818,,22.39,True,False,False,0
Veo,12859df8-8fb8-5375-87ba-adf10b4dd666,scooter,39.963246,-82.981324,,25.65,True,False,False,0
Veo,05385ba8-bb88-51dc-b66a-56dee87087d1,scooter,40.031736,-82.991471,,25.74,True,False,False,0
Veo,e76ca7e9-4c72-5f9f-bad8-68716e10506e,scooter,39.972169,-83.002583,,28.01,True,False,False,0
Veo,5e6dd27f-1fb9-5bb2-8ebe-2f79527842dd,scooter,39.994,-82.981349,,14.17,True,False,False,0
Veo,00a0ac08-5d03-5365-a9a1-79524e292f68,scooter,39.990142,-83.005896,,28.14,True,False,False,0
Veo,6095434f-8bc8-5f78-bbf5-64043b55c8d5,scooter,39.945917,-82.989855,,25.74,True,False,False,0
Veo,c85565ae-8399-5c94-aaad-50bde7c81949,scooter,39.965196,-83.000634,,13.64,True,False,False,0
Veo,522bd105-6e9d-5caf-bdf5-1a24bc52475a,scooter,40.036231,-83.025644,,20.37,True,False,False,0
Veo,24b2c08f-3b2d-51f8-81da-02b29af35440,scooter,39.968924,-83.004152,,25.94,True,False,False,0
Veo,b3436119-d2bd-52cf-a7d3-3afcdc72c478,scooter,40.016234,-83.010906,,21.49,True,False,False,0
Veo,e58faa45-3f9a-51fc-847a-4b0894518fe2,scooter,39.927754,-82.987089,,14.61,True,False,False,0
Veo,71ca9945-f79f-5eaa-a931-4a673819804a,scooter,39.971103,-82.979,,6.98,True,False,False,0
Veo,b47a7d9b-54e3-5546-bf0f-6919cd4bb4d8,scooter,40.001277,-83.018462,,28.01,True,False,False,0
Veo,63d327ee-f160-5c67-b8e1-e9dfca924ac8,scooter,39.970285,-83.00234,,28.14,True,False,False,0
Veo,cdbda28e-5b28-5891-950f-3da6cf56f739,scooter,39.958559,-83.002791,,28.14,True,False,False,0
Veo,a2adb7f4-5f7c-5c03-b00f-2c292585087c,scooter,39.964277,-83.001245,,18.67,True,False,False,0
Veo,fa6118e0-7c41-53d3-b2df-6c2494ce6b6c,scooter,39.964428,-83.005304,,28.14,True,False,False,0
Veo,745a73d6-1c88-5496-ab7c-72705c3a263e,scooter,39.968945,-83.003827,,25.34,True,False,False,0
Veo,4e18b02d-0765-579b-adf0-a18e5acb060b,scooter,40.103887,-83.10893,,25.34,True,False,False,0
Veo,ffde5aba-66b8-5b95-b3ec-677ee0048220,scooter,39.960832,-83.012582,,28.14,True,False,False,0
Veo,42d85a32-36aa-5ed6-91f7-22ed672510c8,scooter,39.968523,-83.012332,,28.14,True,False,False,0
Veo,a296b296-f30f-501e-b85a-24722d99363c,scooter,39.999308,-83.022538,,28.14,True,False,False,0
Veo,0bc5d825-c1f0-5773-8757-e8c401664c6b,bicycle,40.001797,-83.01637,,22.39,True,False,False,0
Veo,add310d5-0b8b-5f0a-b9f5-9d7f8273a143,bicycle,39.980578,-82.995326,,20.37,True,False,False,0
Veo,aefaac16-6bb6-521e-b6e2-df9a083ac81c,bicycle,39.97451,-83.004763,,28.14,True,False,False,0
Veo,5e207161-285f-5104-872f-4c5ce4f9ac4b,bicycle,39.987723,-82.979404,,6.67,True,False,False,0
Veo,19f7e5db-89f8-5d26-a4f8-43ee6267dc2f,bicycle,40.032663,-82.991071,,28.14,True,False,False,0
Veo,278ef48b-398d-5d5d-a7e8-60e17c303d2f,bicycle,40.006771,-82.997508,,15.45,True,False,False,0
Veo,6f06b6e6-30a6-5640-ae9c-75690b15d197,bicycle,39.97236,-82.992984,,28.14,True,False,False,0
Veo,8c49046b-9a10-5c14-b0d9-dc8d07aa5e8e,bicycle,39.992702,-83.009643,,27.44,True,False,False,0
Veo,11427934-c951-5ad4-a2a7-18fde54d9db9,bicycle,40.019103,-82.973414,,24.06,True,False,False,0
Veo,047d48f5-ae6c-517d-8147-0497a6198305,bicycle,40.00031,-83.018058,,28.14,True,False,False,0
Veo,d8a35d3c-e682-5329-a28a-e9fc36e9581c,bicycle,39.95594,-82.945277,,0.33,True,False,False,0
Veo,c7086fd8-d7e3-5352-97ac-e681fa9fff3d,bicycle,39.950693,-82.998579,,26.25,True,False,False,0
Veo,2453ea98-687c-5b33-88c1-0589633db9cf,bicycle,39.980569,-82.998104,,28.14,True,False,False,0
Veo,cafb4c94-4062-5f4e-a7f2-ecf2525a3c13,bicycle,39.968257,-83.009819,,26.78,True,False,False,0
Veo,be491a01-0f64-5e60-b2de-3f5bc5e28fb9,bicycle,39.967852,-83.01251,,15.18,True,False,False,0
Veo,c0719e8b-df18-5706-8ca5-72473d3de1c4,bicycle,40.00124,-83.011354,,26.78,True,False,False,0
Veo,36f0b621-87c6-5c4b-9ba9-adbb7ccffa72,bicycle,39.993963,-82.983387,,28.14,True,False,False,0
Veo,0572d653-54d3-5fb1-a92b-f86d18c31006,bicycle,39.934025,-82.95469,,28.14,True,False,False,0
Veo,ccec99f9-89db-582d-9476-7a83022a51d3,bicycle,39.931442,-82.996455,,16.84,True,False,False,0
Veo,b70b0729-48e2-50e3-8642-e4ebafc9af44,bicycle,40.087155,-82.9755,,17.89,False,False,True,0
Veo,2302a93a-58e8-5d2c-81fa-59a1a117ca3c,bicycle,39.92851,-83.072067,,1.83,True,False,False,0
Veo,31f8cc58-a5a2-51b0-834d-dff5eabadb3b,bicycle,40.068093,-83.028877,,14.61,True,False,False,0
Veo,1642b0bd-18d7-5ae0-b55c-76161abb04f5,bicycle,39.996842,-83.007073,,27.18,True,False,False,0
Veo,526e250d-00a0-5dab-a59b-3cc59d984e25,bicycle,39.954284,-82.9513,,13.64,True,False,False,0
Veo,921bcab9-105f-5432-9e10-90988d744dab,bicycle,39.989112,-83.026801,,3.13,True,False,False,0
Veo,06c2a163-1db5-5348-95d5-fb97512529a7,bicycle,39.940669,-82.890182,,26.25,True,False,False,0
Veo,68c7504f-c050-5fbf-a976-0880eb163c83,bicycle,40.014034,-82.998336,,18.67,True,False,False,0
Veo,e3677f97-a346-55f8-bb98-d016bb54a820,bicycle,39.931278,-82.949333,,21.77,True,False,False,0
Veo,bdd265ea-3795-5f87-9e83-daf50bc4265a,bicycle,39.966708,-83.002304,,13.86,True,False,False,0
Veo,f2e79dff-2246-5272-97c0-f3ca31019605,bicycle,40.013732,-82.997395,,22.7,True,False,False,0
Veo,39b24709-4854-56c4-b43f-43eb07783ee2,bicycle,39.967506,-83.013436,,25.12,True,False,False,0
Veo,31a41424-33f1-5547-898d-f6e7a9b8e091,bicycle,39.998847,-83.008512,,17.37,True,False,False,0
Veo,4d56fbc1-5c2d-55a1-a7b4-ffa2ac6cd942,bicycle,39.96215,-83.004146,,27.44,True,False,False,0
Veo,032d22be-e891-5f2a-84aa-5634c740bd25,bicycle,39.942878,-82.954731,,18.67,True,False,False,0
Veo,b8ff2fe2-b57a-5218-be08-6a740537f559,bicycle,39.973,-82.988864,,10.31,True,False,False,0
Veo,d4d757bf-886b-5b82-a086-e20ca425f151,bicycle,39.960227,-82.991946,,28.14,True,False,False,0
Veo,0aaa65ac-38f9-52e1-8e07-7891486e35b0,bicycle,39.972214,-83.002855,,25.12,True,False,False,0
Veo,45c99f60-4f5f-5383-be3d-05dcb6fc3ed4,bicycle,39.981191,-83.020252,,13.1,True,False,False,0
Veo,f12eb0fa-9472-5a94-bd9a-a0539da9a256,bicycle,39.985258,-83.005431,,21.49,True,False,False,0
Veo,7ea75896-4873-55db-84f7-0d8459bf27a6,bicycle,39.988642,-83.005916,,28.14,True,False,False,0
Veo,7fa5c9da-c52b-5a13-ae16-67db504fdcf8,bicycle,39.993812,-82.983269,,18.19,True,False,False,0
Veo,0ea0e478-5864-5e6a-808c-3af9f5e10a7e,bicycle,39.992191,-83.007372,,13.1,True,False,False,0
Veo,acaa5951-0117-5e16-907f-621bbb734bca,bicycle,39.953659,-82.983367,,28.14,True,False,False,0
Veo,9dec0989-88a9-5c81-8d00-af3cd7f00e0e,bicycle,39.943157,-82.958973,,27.77,True,False,False,0
Veo,6b4ac6b6-e6f5-5158-af20-c5877e6b07af,bicycle,40.005481,-83.009567,,23.02,True,False,False,0
Veo,ec7bf3a0-20aa-5ede-a64d-f840d6da659c,bicycle,39.990485,-82.984864,,28.14,True,False,False,0
Veo,7eb463f1-1f8d-53c2-8380-ce4e0d80ef23,bicycle,40.042799,-83.018726,,11.34,True,False,False,0
Veo,47cc4467-5661-54b7-abc4-1772deb8ddc5,bicycle,40.003104,-82.998442,,25.74,True,False,False,0
Veo,8bcc985b-0add-5d4d-bc3f-b0464eb1ece2,bicycle,39.93808,-83.014537,,1.15,True,False,False,0
Veo,2946f494-b1bb-5e80-ae6d-2b662f9651fd,bicycle,39.924533,-82.937008,,28.14,True,False,False,0
Veo,01db5f38-08f8-58bc-a2e4-ec857d94acf5,bicycle,40.00287,-83.020227,,27.77,True,False,False,0
Veo,a47227d8-7e6c-5318-8e43-82dcda160649,bicycle,39.996258,-82.975534,,15.89,True,False,False,0
Veo,516b4da9-8b4b-523f-94c7-f16766ec4afc,bicycle,39.951883,-83.058962,,28.14,True,False,False,0
Veo,49eff468-ce03-5a1e-84cd-69ad0377de07,bicycle,39.946,-82.976811,,28.14,True,False,False,0
Veo,2b67b0d4-c262-51e2-9cbe-ee0b8e5d9388,bicycle,39.985006,-83.016652,,28.14,True,False,False,0
Veo,ad1bac84-b38d-563d-ae9e-8e8a4a234d8b,bicycle,39.943467,-82.996185,,16.84,True,False,False,0
Veo,63d27510-0dc6-5322-8487-235128c17b5f,bicycle,39.96873,-83.0039,,20.05,True,False,False,0
Veo,a4ac485f-56e2-5bb4-a5dd-d868d4ed8c60,bicycle,39.892764,-82.995294,,20.05,True,False,False,0
Veo,48881e15-df39-587a-a874-c590cfd5facd,bicycle,39.999211,-82.988402,,24.33,True,False,False,0
Veo,85cb1bf3-8bf2-55d1-8742-3dd0dcb00b62,bicycle,39.958062,-82.94558,,26.51,True,False,False,0
Veo,1f83c7fd-233c-56c6-b57b-1d88c93a5d12,bicycle,39.977714,-82.998805,,25.65,True,False,False,0
Veo,925ee043-9351-564e-93e1-3b2eb31c51dd,bicycle,39.963793,-82.963676,,22.39,True,False,False,0
Veo,87488816-cafb-5951-b72d-724a3623cfb5,bicycle,39.987082,-83.007371,,23.02,True,False,False,0
Veo,f491c7c5-f2bd-52e2-84b0-b8c6b936a3b4,bicycle,39.989124,-82.996063,,28.14,True,False,False,0
Veo,55086c55-ce8e-5348-a9c0-7294841225b7,bicycle,39.974055,-82.958592,,14.86,True,False,False,0
Veo,1d532837-e8aa-5cc6-88b4-97f5d5fb1a35,bicycle,39.99012,-83.005926,,28.14,True,False,False,0
Veo,5b141cd4-f37f-50ed-ac5f-dfa2d1f5ee48,bicycle,39.97411,-83.001362,,2.12,True,False,False,0
Veo,83d450be-cd34-5ed4-a2cb-8588ce54924f,bicycle,39.965871,-83.00668,,13.1,True,False,False,0
Veo,a58c6264-7f90-5ea4-b99b-566a7f0af67d,bicycle,40.100601,-83.115594,,18.19,True,False,False,0
Veo,24c3030d-158e-54dc-952e-5aa4115685f5,bicycle,39.962367,-82.956197,,28.14,True,False,False,0
Veo,8b4a5948-7d8b-5f64-b7e0-fcef18c26555,bicycle,39.990028,-82.98393,,17.37,True,False,False,0
Veo,254e86a6-6606-55b1-b568-c0021c8b1229,bicycle,40.0408,-82.946455,,22.7,True,False,False,0
Veo,6cabb411-cfff-53ff-af50-1cd0726a60fa,bicycle,40.005091,-83.011699,,26.51,True,False,False,0
Veo,260cb4f1-3d1b-5bd3-97f9-1ffa3c60ed79,bicycle,39.95133,-82.979145,,22.7,True,False,False,0
Veo,f7d50acc-d267-50db-b2c1-af97fd167d64,bicycle,39.952022,-82.981816,,28.14,True,False,False,0
Veo,e5b26171-9545-50a0-a2ea-fc6a48f238a9,bicycle,40.000334,-83.018034,,24.06,True,False,False,0
Veo,d017cf55-61ca-5ddc-9fbd-e1b060b04f73,bicycle,39.959595,-83.021226,,28.14,True,False,False,0
Veo,700234df-1011-59ac-9ebc-b2572080b816,bicycle,40.000425,-82.974571,,26.25,True,False,False,0
Veo,5d7c60eb-856f-5f18-9793-d02bec77c9db,bicycle,39.926921,-82.970228,,28.14,True,False,False,0
Veo,272b3d2a-b4f3-5bea-87cc-9b99d25a8998,bicycle,39.967136,-83.009504,,8.78,True,False,False,0
Veo,1f2c790e-1b7b-5d43-a75d-e36267b822fe,bicycle,39.99965,-82.965479,,9.02,True,False,False,0
Veo,cff33042-d7f6-5f43-a343-a10089930b1d,bicycle,40.02451,-83.02628,,11.11,True,False,False,0
Veo,9b02478d-393c-5956-8e3c-1f41a4ffa976,bicycle,40.023020596381116,-83.08552829639605,,21.49,True,False,False,0
Veo,67bb26d6-ff3a-5e00-86fd-0af8b300f05a,bicycle,39.939929,-82.983227,,9.97,True,False,False,0
Veo,8298611a-6eeb-5d6b-aca3-aa9a77924eb3,bicycle,39.977024,-82.998405,,28.14,True,False,False,0
Veo,88afbc64-e3a6-5ead-b5bd-c54660abb5ff,scooter,39.965963,-83.001546,,28.14,True,False,False,0
Veo,ee0eff71-6889-5443-9801-26f5dc8b8b52,bicycle,40.00311,-83.008105,,6.07,True,False,False,0
Veo,265502ea-5f70-5fa8-9699-fa560343dd4b,bicycle,39.95602728333324,-82.94522057287395,,0.0,True,False,False,0
Veo,c07f0042-9177-58f0-9482-224a50f15cb0,bicycle,39.986416,-82.980402,,12.52,True,False,False,0
Veo,a7205bed-e844-5f9b-8146-60d6b8aabd64,bicycle,40.006499,-83.009394,,23.33,False,False,True,0
Veo,53805ede-c9dc-57c0-a60d-6a7fdcd51577,bicycle,39.956571,-82.999539,,14.43,True,False,False,0
Veo,95f8553b-d1f3-5070-bd8c-5f9f2ac58ea9,bicycle,39.963042,-82.967521,,28.14,True,False,False,0
Veo,263881d8-4cbc-51f5-9ef5-2b888534e55b,scooter,39.995644,-83.012827,,5.44,True,False,False,0
Veo,74d425d7-f6df-5d63-bb4b-5446bede2874,bicycle,39.968776,-83.003732,,28.14,True,False,False,0
Veo,c5a9746a-0ec1-51e3-b099-0961ccebd833,bicycle,39.963261,-82.953233,,19.78,True,False,False,0
Veo,313455d3-3ff6-5d8e-9d1e-967d71de4e3d,bicycle,40.011965,-82.968654,,28.14,True,False,False,0
Veo,e5a7c4c3-080f-5bb7-88cf-9911f73a5f6a,bicycle,39.984312,-82.983151,,5.44,False,False,True,0
Veo,c81e961f-9f6d-5905-932f-59a58a388e23,bicycle,40.02099,-82.988516,,28.14,True,False,False,0
Veo,63b8543e-e07a-5be9-afe8-79dd9a7b22b9,scooter,39.960757,-83.012695,,20.05,True,False,False,0
Veo,1003192,bicycle,39.967851,-83.012545,,11.59,True,False,False,0
Veo,ab286318-b9ed-5e0c-9e78-19760d72998a,bicycle,39.956136,-83.010972,,26.25,True,False,False,0
Veo,b7f9e51f-cf0a-5d46-87b9-f455abea8de8,bicycle,39.941598,-82.996125,,10.79,True,False,False,0
Veo,4fdd9e1a-f1fc-5820-8127-f68048504313,scooter,39.963072,-83.00429,,22.7,True,False,False,0
Veo,70cf8579-c29a-59f8-b1c2-fe349c5bd4ab,bicycle,39.956716,-82.995595,,13.1,True,False,False,0
Veo,17fd8eb7-e9bd-5413-b4dc-e2870a0b01d0,bicycle,39.961095,-82.993172,,20.05,True,False,False,0
Veo,deb70825-ac1e-59be-875f-08d105c84b96,bicycle,40.032691,-82.991049,,26.78,True,False,False,0
Veo,832218a8-a53e-530c-819f-e5b8212d93fc,bicycle,39.998568,-82.999806,,28.14,True,False,False,0
Veo,54c192ce-99ce-5e3d-be8e-6f8f4d1c395d,bicycle,39.962096,-82.962191,,25.34,True,False,False,0
Veo,fc2c5305-8120-5a69-ba3b-f17729e77bb1,bicycle,39.965172,-82.975832,,17.89,True,False,False,0
Veo,c778d7f5-9c76-50e1-b5ba-abfdf639c83e,bicycle,39.962311,-83.000179,,26.25,True,False,False,0
Veo,d9958233-4b22-5175-9abf-7db0288c14fd,bicycle,39.993641,-83.009782,,28.14,True,False,False,0
Veo,5d7b16e4-eb16-51f0-a5fe-146e248d09f3,bicycle,39.94664,-83.010325,,25.94,True,False,False,0
Veo,4e791e8c-acee-5b4b-ac6a-7dcfa181214e,bicycle,39.96978,-83.008081,,28.01,True,False,False,0
Veo,43d430e4-9a58-55a0-8f28-5531ff636ef0,bicycle,40.006105,-83.012068,,25.65,True,False,False,0
Veo,8d69d939-0827-5727-86b3-6c65f1427b0e,bicycle,40.01531,-82.982908,,11.11,True,False,False,0
Veo,b0fa0ca2-fbe3-552f-bf3c-3a496977b959,bicycle,40.001971,-83.00113,,28.14,True,False,False,0
Veo,f0db2dc1-9852-5a46-9c46-acdafcb301a4,bicycle,40.017219,-83.001442,,17.37,True,False,False,0
Veo,fdcc9151-67d4-5f53-8b74-b7dddfd8531b,bicycle,39.945526,-83.018079,,1.83,True,False,False,0
Veo,d5e94e88-e170-5c64-9b71-2eb34ad6c394,bicycle,39.979153,-83.014463,,7.29,True,False,False,0
Veo,530bd96f-0bd2-5328-83bb-8c248f77f2ce,scooter,39.970332,-83.002298,,28.14,True,False,False,0
Veo,c7f1ac73-9391-56c8-80e2-aa22c787700f,scooter,39.95613,-82.945171,,28.14,False,True,False,0
Veo,33686255-3690-5b96-83b5-4ef9f68c8ad5,scooter,39.95612,-82.945172,,28.14,True,False,False,0
Veo,c581a1f1-f210-5063-998e-ed560d634923,scooter,39.995753,-83.011974,,25.12,True,False,False,0
Veo,da6bf573-63af-562a-b505-65223d4cf224,scooter,40.002035,-83.008978,,20.05,False,False,True,0
Veo,df7e6026-d21a-51e1-a240-b4f080cc8fe4,scooter,39.965655,-82.99689,,28.14,True,False,False,0
Veo,a043ae47-2b6c-52d3-8ad3-8924dcfddde3,scooter,40.003944,-83.012859,,11.59,True,False,False,0
Veo,261be014-8b05-5863-95e2-d3e7bae3e700,scooter,39.957594,-82.884153,,13.39,True,False,False,0
Veo,0072721f-e52d-545e-b84c-75098ae6ffbe,scooter,39.977755,-82.997911,,12.52,True,False,False,0
Veo,b02871e4-c35d-5402-bab2-8426943e6e4d,scooter,39.94549,-83.05677,,28.14,True,False,False,0
Veo,514400d1-8ddb-54f3-ba65-f5e9b65cc660,scooter,39.977349,-83.006107,,26.25,True,False,False,0
Veo,d902c674-192f-52cd-be0f-f486ffd952bc,scooter,40.053438,-83.016518,,18.19,True,False,False,0
Veo,e6389217-6332-5b99-ac37-9f5e4e09a47d,scooter,39.966058,-83.061514,,28.14,True,False,False,0
Veo,c8b3da30-8721-5c7e-ae76-f7b7c9518b3c,scooter,39.994042,-83.006821,,23.77,True,False,False,0
Veo,1230816f-5ee3-5dd1-ae6c-95ad44632843,scooter,40.005473,-83.017829,,10.31,True,False,False,0
Veo,988be698-61a4-579b-a642-cb6646d930ae,scooter,40.105705,-83.103581,,24.06,True,False,False,0
Veo,60c6b450-bd13-5c12-a7d9-d1ef4bbd2e1a,scooter,39.991554,-83.014066,,28.14,True,False,False,0
Veo,8477c091-fcf9-54a4-a195-0dd905fad1b8,scooter,40.002436,-83.017315,,28.01,True,False,False,0
Veo,c6fa7999-b68c-54de-a9f6-fbec59cfb741,scooter,40.005024,-83.013868,,12.28,True,False,False,0
Veo,fbd3bd43-702b-5d0b-8d6a-6c67129f20ea,scooter,39.971871,-82.978091,,28.14,True,False,False,0
Veo,aa94d983-6f1e-56b5-a3d6-7e269d3277f6,scooter,39.995875,-83.007186,,4.67,True,False,False,0
Veo,2f716771-6e5f-5fb3-b2da-72c4ed2feac3,scooter,39.999285,-83.021517,,25.34,True,False,False,0
Veo,333ce960-6115-56c0-a640-c391ab802de1,scooter,39.970379,-83.002147,,25.65,True,False,False,0
Veo,ec3e50d2-e693-51fe-ba18-6caadd997e7e,scooter,39.959749,-83.009196,,5.27,True,False,False,0
Veo,c96d7e8a-d30e-5809-a446-57a11e343d30,scooter,39.957429,-82.999969,,10.79,True,False,False,0
Veo,7a23fdd7-5fd4-5c0a-b608-35488a2c01be,scooter,39.967371,-82.97136,,16.84,True,False,False,0
Veo,24d08404-95aa-5597-a902-b5202593ae59,scooter,39.961502,-83.008771,,15.18,True,False,False,0
Veo,b7326ac8-8229-518b-8ae3-84f64e4f483f,scooter,40.001055,-83.013974,,5.27,True,False,False,0
Veo,c8a37593-696b-59f9-a4b3-7a567a32beee,scooter,39.970915,-82.979425,,28.14,True,False,False,0
Veo,adeb79f8-2167-5bed-b4a6-54e00b7b4424,scooter,39.968264,-83.012454,,14.86,True,False,False,0
Veo,0be843cb-d510-5d59-826d-facaa3b50a2f,scooter,39.96311,-83.00425,,28.14,True,False,False,0
Veo,fac20f69-8892-5531-8cb4-cda4291ea8bb,scooter,39.999845,-83.021369,,25.74,True,False,False,0
Veo,072af0fc-7760-5cce-83b2-7039e760ec97,scooter,39.950587,-82.998,,10.79,True,False,False,0
Veo,1bf015f2-270b-541b-80d2-62542111a851,scooter,39.972275,-83.002823,,16.39,True,False,False,0
Veo,773f151b-1efd-51ad-9d02-ecae167b85e1,bicycle,39.966198,-82.996973,,27.44,True,False,False,0
Veo,76b473a4-17d8-5323-8e55-cfb03768d490,scooter,39.997074,-83.007601,,26.25,True,False,False,0
Veo,a4c80848-b3d5-55b4-8778-b17bedf32337,scooter,39.960389,-83.040679,,16.39,True,False,False,0
Veo,670b4f85-3d27-54e6-bc48-86add15a0e44,scooter,39.950138,-83.000296,,28.14,True,False,False,0
Veo,cdca7af7-f0ac-573f-9a2f-1dd5205c3114,scooter,39.969032,-83.003927,,25.74,True,False,False,0
Veo,53d6963f-cdd7-5b90-bca2-11070ce6283f,scooter,39.959019,-83.010564,,24.33,True,False,False,0
Veo,9e57f727-3c68-5bde-9b7b-75e9849c0abc,scooter,39.99354,-82.981141,,28.14,True,False,False,0
Veo,ff4ab1da-523c-5e35-b76b-bf3a26dd1c07,scooter,40.059024,-83.076865,,25.74,True,False,False,0
Veo,d9246252-9d37-5860-b608-967ecbcaa9a2,scooter,39.987293,-83.030766,,23.33,True,False,False,0
Veo,4b4ff6ac-3d5c-5c90-b6e4-b844f13b205f,scooter,40.004474,-83.010152,,28.14,True,False,False,0
Veo,1f320a49-4b1b-516d-8fb5-1cbdd7a87cf7,scooter,39.993526,-82.981112,,20.37,True,False,False,0
Veo,fa669d7a-2c17-57e0-82e6-7f8b787b8e86,scooter,39.996093,-83.019297,,13.1,True,False,False,0
Veo,825c210e-2148-57f7-b57c-301b136edf47,scooter,39.953232,-82.992178,,27.44,True,False,False,0
Veo,a27211bb-00c1-5133-a0e8-50e46edfb4a6,scooter,39.963985,-83.001112,,26.78,True,False,False,0
Veo,7c7f25bf-94b6-54e5-8a6c-83b779683ba5,scooter,39.970341,-83.002267,,20.78,True,False,False,0
Veo,45fc61a2-e7cf-5226-a8c4-376b2e35360e,scooter,39.975522,-83.016056,,5.59,True,False,False,0
Veo,c6a45a27-0709-5bf4-9b91-7049780b0f87,scooter,39.966558,-82.962246,,3.13,True,False,False,0
Veo,298d50e8-3af7-5d8e-b9ef-b4ea355df44d,scooter,39.96079,-83.012479,,19.78,True,False,False,0
Veo,60cf4b6c-a338-5205-bffd-5585c5568568,scooter,39.971233,-83.004814,,26.78,True,False,False,0
Veo,14189ede-42e6-5e4b-bd93-836455189ce6,scooter,40.022815,-82.965296,,8.09,True,False,False,0
Veo,7f0f5060-6487-5aaa-9cf5-87b4826aaf09,scooter,39.963234,-82.981342,,26.78,True,False,False,0
Veo,5b38a70f-a750-521f-b558-70ec1babd07f,bicycle,39.945437,-83.065711,,6.07,True,False,False,0
Veo,4a563912-669f-55a2-9cb8-9da976a2db92,bicycle,39.988405,-82.996451,,1.15,False,False,True,0
Veo,a0d629c9-f4c1-59cd-bd41-c504a4fdbb82,scooter,39.980728,-82.998063,,25.65,True,False,False,0
Veo,95586ab4-871b-5c8c-ba62-459c1a4534ff,bicycle,39.970245,-83.005422,,11.59,True,False,False,0
Veo,ae9b5a2b-5eb7-5a8f-8dd3-94845ff69b7b,bicycle,39.944191,-82.968137,,22.05,True,False,False,0
Veo,7e14687a-ff87-5d1a-87ad-d08d61d8847e,scooter,39.929121,-82.978965,,9.65,True,False,False,0
Veo,02f0251e-b3de-5752-8c5b-488c0f7b6230,scooter,39.948862,-82.999737,,24.84,False,False,True,0
Veo,812c0769-eac9-5dc3-abee-d288cca8ba74,scooter,39.968948,-83.00392,,27.44,True,False,False,0
Veo,857282ce-688e-583d-8ffd-38d7d83111b5,scooter,39.998059,-83.009552,,6.67,True,False,False,0
Veo,74e212f6-358b-59fb-a975-ebed8ea5c781,scooter,40.003987,-83.017153,,28.14,True,False,False,0
Veo,faa43de0-27a5-5995-a470-1bef01310263,scooter,39.949424,-82.99555,,28.01,True,False,False,0
Veo,fd20aac3-fbec-5fa6-bc0c-b0d5f662edc9,bicycle,39.98988,-82.936893,,26.78,False,False,True,0
Veo,553eb7ca-7e62-5b78-83e9-97fd36321cf5,bicycle,39.99604,-83.015988,,6.31,True,False,False,0
Veo,86bbbf52-043a-5aa0-b21d-9f2901d3cec4,bicycle,39.967177,-82.980227,,28.14,True,False,False,0
Veo,dbc5ac40-1b95-5a53-a836-282855034454,bicycle,39.952201,-82.98173,,25.65,True,False,False,0
Veo,ee8b2807-2260-5241-bde2-c5dc76e4c8f5,bicycle,39.951656,-82.982679,,15.45,True,False,False,0
Veo,d70fe1cf-2e44-5d86-ac5c-63c4a5d52cdd,bicycle,40.017328,-83.002855,,28.14,True,False,False,0
Veo,ac08d5b7-06da-57ad-be78-272b073dcdc1,bicycle,40.01035,-82.997469,,14.61,True,False,False,0
Veo,bb89151e-742a-51c1-a5c4-1331ad2d69d3,bicycle,39.988136,-83.046237,,15.45,True,False,False,0
Veo,8e35b448-f2d8-56c5-9c4c-3694eed7c2ff,bicycle,40.007862,-82.996605,,28.14,True,False,False,0
Veo,bc357984-0414-570f-9046-de069085a426,bicycle,39.996218,-82.997131,,8.78,True,False,False,0
Veo,f4e100bd-183d-5534-aadc-e399f6fa74f7,bicycle,39.950086,-83.000225,,25.65,True,False,False,0
Veo,5aba51be-4931-5978-bd02-36e7bda52a7c,bicycle,39.9362,-82.972453,,28.14,True,False,False,0
Veo,6d67b0b8-5278-5985-bfd4-33078a9408f3,bicycle,39.954111,-82.908591,,1.83,False,False,True,0
Veo,619c609a-c815-5fa7-9f25-ef1c25faea67,bicycle,39.943434,-82.976364,,11.34,True,False,False,0
Veo,0fc0cc02-ee64-5204-9f9c-c788fad7e875,bicycle,39.987372,-82.998978,,27.02,True,False,False,0
Veo,fe4214cc-62c1-563f-a454-b862060110f1,bicycle,39.977117,-82.995782,,15.18,True,False,False,0
Veo,35d9dc28-39fc-51df-bde8-7b9b1ceefb16,bicycle,39.927357,-82.970165,,2.12,True,False,False,0
Veo,aeb7ec30-f8e3-5c14-8b21-5d2ec718ab56,bicycle,39.966498,-83.077689,,15.45,True,False,False,0
Veo,b5265015-d4d0-5acf-b2ef-7b537934a465,bicycle,39.964416,-83.005497,,14.86,True,False,False,0
Veo,4b21dfe1-aa56-50d5-b8d8-9fcf06ac509a,bicycle,39.967992,-83.008717,,15.45,True,False,False,0
Veo,e15067cf-1746-5dd6-97b6-e5c1615ace76,bicycle,39.972777,-82.978343,,14.43,True,False,False,0
Veo,ad716c2b-3299-5486-bd68-54530cad5011,bicycle,39.939424,-82.91308,,26.51,True,False,False,0
Veo,6bee31e4-615c-50c6-adc3-5e3b7effe5b9,bicycle,39.922546,-82.962988,,3.48,False,False,True,0
Veo,a3b04d85-8b2a-56be-b7f3-e5cbeff8757d,bicycle,39.926044,-82.903892,,25.74,False,True,False,0
Veo,f1de6a02-b653-5c11-a12b-7d76de7ab289,bicycle,40.040386,-82.974264,,13.64,True,False,False,0
Veo,2272c402-28c4-5cbf-a4d5-68d44caec7f3,bicycle,39.953883,-83.012838,,17.89,True,False,False,0
Veo,fe82b548-31dc-5402-ab69-9f439aa960e2,bicycle,40.066222,-82.93216,,21.49,True,False,False,0
Veo,fb6bb76c-de29-5c07-961a-e054429b19ff,bicycle,39.939816,-82.972353,,11.83,True,False,False,0
Veo,30570c72-7d91-5f1f-b330-04d8c565e196,bicycle,39.962248,-83.000219,,25.74,True,False,False,0
Veo,2ac11235-db6e-580f-ba28-268323a7b0ea,bicycle,39.99522,-83.045342,,25.74,True,False,False,0
Veo,364f60ca-3fa8-5153-9550-fb44298530f4,bicycle,39.935818,-82.99251,,12.52,True,False,False,0
Veo,d07e8b89-7e66-528b-a97e-1c46a9deccd0,scooter,39.944269,-82.98372,,24.33,True,False,False,0
Veo,19fae342-c126-5bae-8cc1-c537479f64d5,bicycle,39.974127,-83.001204,,11.83,True,False,False,0
Veo,e17ff511-0d5b-5258-9b6b-d16cf9a4fd56,bicycle,39.999585,-83.026062,,28.14,True,False,False,0
Veo,5f9ca227-3985-5569-9ad2-c1593e195a0e,bicycle,40.033022,-83.00042,,10.31,True,False,False,0
Veo,2d7a90d8-65c7-5472-a19d-7cbb86860b9f,bicycle,39.999638,-83.026047,,13.1,True,False,False,0
Veo,b0e172f2-37e4-5dad-8bf3-26831a980254,bicycle,39.952548,-82.990984,,19.78,True,False,False,0
Veo,93484986-9af1-5428-a1bd-fb188886ca04,bicycle,39.907166,-83.07402,,22.39,True,False,False,0
Veo,68018cc5-5789-5dba-affd-e23a2099ca61,bicycle,39.973789,-82.980217,,19.39,True,False,False,0
Veo,eda3f806-130c-5e8d-850e-e4a8ddaa630b,bicycle,39.942273,-83.058456,,25.74,True,False,False,0
Veo,300799ad-cb2c-58e0-97bb-01d8072acab0,bicycle,40.004998,-83.011742,,14.86,True,False,False,0
Veo,3dbd71b3-25aa-52d8-9f84-521652703b16,bicycle,39.93949,-82.990589,,28.14,True,False,False,0
Veo,7df61a91-7d4f-586a-ae88-b29043edaa95,bicycle,39.977518,-83.00268,,9.97,True,False,False,0
Veo,e9da7b99-5f08-5335-89e1-260658cd0f4c,bicycle,40.058811,-82.953326,,24.06,True,False,False,0
Veo,818bb170-e6c2-5b99-afd8-8d0fb620d4d9,bicycle,39.945882,-83.034638,,26.78,True,False,False,0
Veo,c2a28683-890b-5ae2-914f-ef66acd77e14,bicycle,39.935578,-82.986124,,13.1,True,False,False,0
Veo,ef92dba1-2f79-5984-bb3a-1ba9291897dd,bicycle,39.942816,-83.102493,,12.52,True,False,False,0
Veo,81232a88-8acf-503c-9280-47c676a81b3b,bicycle,39.964792,-82.908344,,25.34,True,False,False,0
Veo,f9305510-c078-5147-b2fd-d43a96489c35,bicycle,39.956609,-82.98716,,14.17,True,False,False,0
Veo,fbc34008-b47e-54e2-880c-30cf51bf9d1d,bicycle,39.955981,-82.94534,,9.02,True,False,False,0
Veo,a65577ab-30ac-58e9-8ce9-b2ca985b9939,bicycle,39.97701,-83.025862,,16.39,True,False,False,0
Veo,a55650d4-3b91-593b-a79f-dc57eada195c,bicycle,39.955991,-82.945214,,11.11,True,False,False,0
Veo,54176ceb-c856-5474-b111-01e9dff98f8d,bicycle,39.994659,-83.001641,,25.65,True,False,False,0
Veo,9ff76842-39d5-56d7-a362-3f33a18981c9,bicycle,39.987688,-83.008339,,12.52,True,False,False,0
Veo,b7b895a1-7cff-5fe6-9bd6-93c919c6e117,bicycle,40.024924,-82.992202,,28.14,True,False,False,0
Veo,22201a2b-15d1-59ec-9f6b-d961c8900311,bicycle,39.964059,-83.022929,,28.01,True,False,False,0
Veo,a4a70f5a-ff66-51d6-8c7e-f34fe3c8ab25,bicycle,39.922525,-83.03454,,27.77,True,False,False,0
Veo,14df6c32-676f-5592-9b96-f0871a7e1bd5,bicycle,40.00223,-83.012048,,24.84,True,False,False,0
Veo,1f1533f4-b804-5878-8a52-d2cf18a3cd80,bicycle,39.97226,-82.993122,,24.33,True,False,False,0
Veo,b32d833e-2e62-504b-86ac-d27f044e8c0a,bicycle,39.957124,-82.990015,,25.65,True,False,False,0
Veo,e0a8ddcc-fb0d-5393-83f2-1aab6a258eec,bicycle,39.96884,-82.998354,,8.43,True,False,False,0
Veo,4cefadd7-982b-550e-87aa-129142632c60,bicycle,39.996615,-83.007381,,14.43,True,False,False,0
Veo,d0b4ad10-462b-50f9-9da6-f06df9b2931c,bicycle,40.010628,-82.997481,,24.06,True,False,False,0
Veo,19217ad1-984d-5390-93be-a555f7fc23b6,bicycle,39.945958,-83.034649,,28.14,True,False,False,0
Veo,fb7f7482-a2f8-54ac-9666-86a4b9956bf5,bicycle,39.949267,-82.983615,,13.39,True,False,False,0
Veo,f83a7727-f191-55f1-920d-3b0cbde3a2de,bicycle,39.978519,-83.020968,,14.86,True,False,False,0
Veo,b57a0d6b-dc3c-58b2-8421-bc296fec235c,bicycle,39.926747,-82.895869,,21.49,True,False,False,0
Veo,b016ba7b-0e15-5356-8c81-68758754c17b,bicycle,39.985294,-83.051616,,1.15,True,False,False,0
Veo,42448eb0-1bfc-5b47-9eea-331aac5bba96,bicycle,39.965384,-82.998333,,7.29,True,False,False,0
Veo,5907ab79-bbbf-5c25-a2a4-7e4c47dea4ed,bicycle,39.971403,-83.004522,,25.34,True,False,False,0
Veo,7fa97df2-6dd1-50bb-82fc-2948c0cd211f,bicycle,39.956911,-82.923628,,26.25,True,False,False,0
Veo,73bf9590-cb0f-511c-8113-576cd92ef42f,bicycle,39.935199,-83.097065,,27.02,True,False,False,0
Veo,94882abc-c35e-513a-bc76-8ca6c9952cbe,bicycle,39.988746,-83.026013,,14.86,True,False,False,0
Veo,0fa6d0b1-09bd-5be1-bd1d-3b3f69b488c4,bicycle,39.949321,-82.983378,,8.09,True,False,False,0
Veo,4f80f56a-8f74-5e6b-bd49-eee54a46a11b,bicycle,39.960509,-83.013012,,26.78,True,False,False,0
Veo,137a6cf9-146a-5a6a-a01b-b74f741bbec0,bicycle,40.068827,-82.987126,,27.02,True,False,False,0
Veo,645c942a-f89a-56d2-8565-b2478d3a0245,bicycle,39.93674,-82.995362,,14.17,True,False,False,0
Veo,2fb0586d-d079-5a03-ba49-28ab9b5d60ca,bicycle,39.997342,-82.913947,,28.14,True,False,False,0
Veo,87bf3571-48f8-5ae9-bfa0-de899c206783,bicycle,39.972972,-82.969303,,27.02,False,False,True,0
Veo,423b91cf-b4e2-5d5b-acb8-5c82c7af0e1e,bicycle,39.994445,-82.995402,,1.56,True,False,False,0
Veo,9495b73c-2bd1-5897-85d3-9ca9210cbae6,bicycle,39.956198,-82.996641,,9.97,True,False,False,0
Veo,f78840a1-0e88-5b77-bbe3-003f3d9e5958,bicycle,39.963049,-82.979226,,28.14,True,False,False,0
Veo,3e18008e-9969-576d-bded-381c74b93554,bicycle,39.955894,-83.014756,,24.84,True,False,False,0
Veo,87522c16-147d-5870-b539-892a58f2ad09,bicycle,39.97875,-83.002223,,26.51,True,False,False,0
Veo,389325ae-0c9d-59af-9bb1-78f6a8e83ced,bicycle,40.022208,-83.00761,,28.14,True,False,False,0
Veo,a2131f8a-7146-5be3-adc9-b76ab51ed790,bicycle,39.959038,-83.052088,,5.03,True,False,False,0
Veo,696b6563-c228-5a58-893a-7dc44cd0589f,bicycle,40.005044,-83.011748,,22.39,True,False,False,0
Veo,fa27b4f5-39d2-57c8-a8b5-b7bf99b2b2f3,bicycle,40.03844,-82.995573,,6.07,True,False,False,0
Veo,7af6604c-f26b-5e5c-ad6b-5dc330f49bd0,bicycle,39.995796,-82.979443,,16.84,True,False,False,0
Veo,fcdc73a0-53bd-5d32-b702-5003db23ddd9,bicycle,39.952025,-82.980876,,22.05,True,False,False,0
Veo,36b49804-c648-5d4d-bcff-d3d7048ba86d,bicycle,39.968029,-83.008827,,27.02,True,False,False,0
Veo,4a2f4955-993f-5d74-a7a1-2e5d9f92ff59,bicycle,39.963653,-82.989249,,10.31,True,False,False,0
Veo,7a7981fd-93d7-54e1-b517-73773877d472,bicycle,39.933201,-82.980651,,24.33,True,False,False,0
Veo,d131da46-dcad-58a9-bdd8-122d7c8c1e2b,bicycle,40.00878,-82.977443,,25.94,True,False,False,0
Veo,86395123-6fe1-5db9-aca5-5ee64905929f,bicycle,40.024013,-82.996406,,16.84,True,False,False,0
Veo,e2b9b86e-7794-5eb6-a20d-b0fb0a11e7d3,bicycle,39.965929,-83.001469,,21.77,True,False,False,0
Veo,a71e58ee-961d-55ee-960f-745a152da91d,bicycle,39.959957,-83.072525,,8.43,True,False,False,0
Veo,cd4d0300-ec79-54bb-bd2b-4a34b6bab804,bicycle,39.932317,-82.872527,,25.12,True,False,False,0
Veo,06715ac4-e3c1-5e0b-9574-2a7849e4f796,bicycle,39.984687,-83.024052,,0.85,True,False,False,0
Veo,e8e9ebf7-2114-5316-a865-168956c5935f,bicycle,40.001575,-82.979951,,8.09,True,False,False,0
Veo,aec9844d-036d-54f9-b306-4ab90aef027a,bicycle,39.987771,-83.00564,,24.33,True,False,False,0
Veo,200d73f2-f096-599b-af7b-aa30968299ab,bicycle,40.047376,-82.944274,,14.86,True,False,False,0
Veo,1f4e4da1-5572-5795-ae68-a4c589ba7ad3,bicycle,39.988172,-83.0152,,25.74,True,False,False,0
Veo,9cfb5656-289b-5165-9c87-32d374f96288,bicycle,40.074386,-83.01754,,5.68,True,False,False,0
Veo,26b063f0-3036-5225-ba7a-ba92d45790c7,bicycle,39.967739,-83.012166,,6.67,True,False,False,0
Veo,5fc4ef67-b94f-551c-971d-e70e1a3b3b84,bicycle,39.999016,-83.017631,,20.78,True,False,False,0
Veo,3558eae4-6ecb-52f3-958e-5faf4f303eba,bicycle,40.103145,-83.110359,,5.83,True,False,False,0
Veo,cf26dcf0-6487-57a0-a66c-43d240a862d5,bicycle,39.99713,-82.978131,,28.14,True,False,False,0
Veo,44861007-aa25-5e3a-979e-f7c74567c6d6,bicycle,40.008091,-82.971064,,25.34,True,False,False,0
Veo,21584e9c-cab4-5ccc-b023-92d49c7c39bb,bicycle,39.985203,-83.044564,,26.78,True,False,False,0
Veo,c938a95c-a178-5977-b8c3-860edf7b1b43,bicycle,39.968307,-82.977761,,14.61,True,False,False,0
Veo,0e1fa3a6-aabd-5aad-b889-72ef7c68b4e3,bicycle,39.986968,-82.913313,,28.14,True,False,False,0
Veo,3f382b99-7400-56c1-8ea1-ac64685b93c3,bicycle,39.985379,-82.926327,,9.97,True,False,False,0
Veo,7ac94b7e-807e-56de-aff2-55ffb18d88a5,bicycle,40.053914,-83.060096,,23.02,True,False,False,0
Veo,f7db146b-9c77-524a-af89-76c5408ce756,bicycle,39.961639,-82.977593,,25.12,True,False,False,0
Veo,80b79861-78dd-59c4-aeae-7ec4838dba8f,bicycle,39.993534,-82.9923,,28.14,True,False,False,0
Veo,81e16840-0c00-5800-9b22-0440df346f2c,bicycle,39.990439,-82.984832,,12.63,True,False,False,0
Veo,6a9963b4-3c66-51f0-90bf-88b4c2954b24,bicycle,39.964449,-83.004553,,28.14,True,False,False,0
Veo,cf82a9ec-0783-582f-ada7-52e75193b0df,bicycle,39.974771,-82.956279,,23.02,True,False,False,0
Veo,49ea17ca-05a0-5b0b-a17f-251a177bcc96,bicycle,39.937706,-82.949831,,9.02,True,False,False,0
Veo,6d57aea4-3759-5b9e-8954-26da1ea6eac7,bicycle,39.985211,-83.005518,,27.02,True,False,False,0
Veo,894f0275-cfc8-5f9f-9ad0-6437fe99aa9f,bicycle,39.969127,-83.001791,,14.61,True,False,False,0
Veo,dae7dbda-40cb-5e1e-ab05-83b606ed6b0f,bicycle,40.033936,-82.998562,,24.84,True,False,False,0
Veo,56408c1c-ff08-5015-a12b-09dbb6e39b94,bicycle,40.01295,-83.006817,,27.77,True,False,False,0
Veo,c0077317-2644-56b0-aacd-df286c086692,bicycle,40.007667,-82.999367,,10.31,True,False,False,0
Veo,c6a1b32d-d2eb-590f-b80f-e2919c966076,bicycle,40.011144,-82.983866,,10.51,True,False,False,0
Veo,30173e31-7849-5ca4-9a72-81bb3be21303,bicycle,40.004783,-82.955787,,13.86,True,False,False,0
Veo,b9104210-758f-5787-ad17-efea97f493d5,bicycle,40.040998,-82.977445,,25.12,True,False,False,0
Veo,d3b872f6-6881-5b77-884d-973b540b666c,bicycle,39.928662,-82.980227,,9.97,True,False,False,0
Veo,37424f63-9a72-5971-8790-af68acd6d095,scooter,40.102048,-83.110764,,28.14,True,False,False,0
Veo,afcdeb4a-8eea-5f29-bc89-6c594a729938,bicycle,40.068924,-83.019382,,14.61,True,False,False,0
Veo,bbc1cb86-306b-5cf6-ac6b-fbec2745b9dc,bicycle,39.939765,-83.068587,,28.14,True,False,False,0
Veo,51a8f6bd-caf0-5f89-bda8-5e1ba3617998,bicycle,40.002085,-83.003064,,28.14,True,False,False,0
Veo,f24404c0-f8fd-57df-babc-0053352c4267,bicycle,39.948126,-82.941869,,26.78,True,False,False,0
Veo,26c447ab-b2a7-53d9-b6b0-dd01c1fa0826,bicycle,40.008105,-82.998518,,21.15,True,False,False,0
Veo,2f33abb2-5b57-5caa-b5e4-9782061d1764,scooter,39.995968,-83.00738,,28.01,True,False,False,0
Veo,47274811-90bb-5f4c-8a1d-7a83c3c74c8c,scooter,40.002107,-82.941789,,6.31,True,False,False,0
Veo,6750a5a8-ea06-5d76-bbfc-ec84ad293237,scooter,40.040926,-82.977391,,15.89,True,False,False,0
Veo,babfe6fc-8ec7-5bcb-88ec-d23c4c437cf8,scooter,39.924285,-83.090333,,1.15,True,False,False,0
Veo,0664f601-9dc6-5c56-85ee-2d775bad7994,scooter,39.97229,-83.004701,,14.43,True,False,False,0
Veo,dec14e35-25a7-5113-b3c3-09843e2d50b5,scooter,39.964802,-82.981426,,14.43,True,False,False,0
Veo,6b141895-69a8-57a5-915f-e9bb87a8da17,scooter,40.034466,-82.961573,,28.14,True,False,False,0
Veo,6382b5d6-00c7-5d10-b5c9-c38b5995b168,scooter,40.044975,-82.956871,,27.77,True,False,False,0
Veo,5adc9254-4c8f-573d-9897-4b7c70e5bcf7,scooter,40.094416,-82.989713,,2.55,True,False,False,0
Veo,57cfe305-dd96-5d78-acfd-e2eded5cbd26,scooter,39.965058,-83.000082,,24.06,True,False,False,0
Veo,a84d6944-1ab5-59cf-938c-c4ca99c33418,scooter,39.967562,-83.013498,,24.84,True,False,False,0
Veo,27fd8c89-4119-53c5-afa9-5653cc6d4e07,scooter,40.000036,-82.999344,,14.86,True,False,False,0
Veo,1a84f21c-e9c1-5f9c-bc94-0de2ecd0f839,scooter,40.074443,-82.921046,,0.85,True,False,False,0
Veo,6c89211e-251c-5865-8e45-d67273109023,scooter,39.952362,-82.978778,,28.14,True,False,False,0
Veo,487ea949-043e-5a05-a7ff-529226c7f7b3,scooter,40.103268,-83.108759,,22.05,True,False,False,0
Veo,e7671369-dcb2-5dc8-91a0-c570898418d1,scooter,39.951126,-83.055878,,23.77,True,False,False,0
Veo,a7933dc1-a52d-5c60-93e1-008415fe0c46,scooter,39.956116,-82.945231,,24.33,True,False,False,0
Veo,eac09f85-e66c-5066-9275-320e0a546964,scooter,39.956116,-82.945297,,5.68,True,False,False,0
Veo,f8565d44-44b2-5dbb-9058-8c1d95eb14dc,scooter,39.889097,-82.996867,,2.36,True,False,False,0
Veo,6a3c2aac-fbe7-5425-a36f-52c5a84bc17f,scooter,39.956157,-82.945126,,8.09,True,False,False,0
Veo,5d8abc64-6d30-5e2f-a48c-5dfc2ed3de52,scooter,39.956131,-82.945279,,14.43,True,False,False,0
Veo,4aec3b1f-122a-5e22-aaab-e72c363b7a87,scooter,39.902612,-83.056987,,28.14,True,False,False,0
Veo,aa65f9ab-2469-5dd8-86ae-a384ed0e9bb9,scooter,39.956128,-82.945176,,28.14,True,False,False,0
Veo,77f79363-c1a6-5896-bc4c-ea77b8525d3a,scooter,39.976981,-82.969558,,15.18,True,False,False,0
Veo,b3d2a542-beca-5501-a391-3dc18acf86a1,scooter,39.973444,-83.005404,,13.86,True,False,False,0
Veo,dc85f5a0-74d8-5fd1-b4ad-cefcf143762b,scooter,39.992554,-83.025444,,17.89,True,False,False,0
Veo,e11fcc9d-ef08-5844-82d2-6e6c5740d681,scooter,39.995067,-83.010484,,14.17,True,False,False,0
Veo,72a8e553-911a-5471-a594-cd5f6cffb6f1,scooter,40.026523,-82.970014,,13.39,True,False,False,0
Veo,a02a65c7-45eb-54fc-b522-03016796c47b,scooter,39.951816,-83.026991,,14.61,True,False,False,0
Veo,76575bd1-3a37-596b-b069-aaf91fa454d6,scooter,40.004976,-83.0117,,17.89,True,False,False,0
Veo,c3d08146-c187-5eaf-9fb2-ab6fc20781f1,scooter,39.976578,-83.011066,,28.14,True,False,False,0
Veo,c98bb346-6889-57fb-b2a1-87cbd733bca9,scooter,40.042703,-83.022482,,24.84,True,False,False,0
Veo,5afbc1e2-3922-5e3d-ac4a-cabdd3cb2f1e,scooter,39.993521,-83.016193,,9.29,True,False,False,0
Veo,77ef8854-cc09-5a6f-b52d-1a8a23ea6d93,scooter,40.030487,-82.96308,,1.56,True,False,False,0
Veo,4b86ad0a-9373-5724-9e5b-2cdaf1b14470,bicycle,39.974031,-82.953957,,4.92,True,False,False,0
Veo,1ff1937a-ee71-52f2-80c6-297369796d7d,bicycle,39.949187,-82.924077,,16.39,True,False,False,0
Veo,5cdc7814-26bd-5a5f-a0aa-83cc0c125e86,bicycle,40.000226,-83.018029,,22.39,True,False,False,0
Veo,d58dd12d-58a1-51b9-b5e3-a164b5e9af0f,scooter,39.993993,-83.006823,,27.44,True,False,False,0
Veo,a6ef14c0-d285-5910-be3a-500d86a5402e,scooter,39.991414,-82.995985,,24.06,True,False,False,0
Veo,cd9992a9-b5d2-5e95-b006-04eb592f3c4c,scooter,39.94169,-82.996098,,28.14,True,False,False,0
Veo,d1c190e2-9602-55fa-9cb8-51a2fd1ee9a1,scooter,39.993853,-83.01888,,19.78,True,False,False,0
Veo,09dbaad0-9ca3-5805-8a69-3431d2ccace9,scooter,39.942012,-82.99497,,27.02,True,False,False,0
Veo,2464f805-ef7e-5feb-86e4-36758254d8cb,scooter,39.998068,-83.009598,,22.39,True,False,False,0
Veo,26d62973-2501-596f-b17a-b2b7eb024cc2,scooter,39.960128,-82.987832,,13.39,True,False,False,0
Veo,47b1532a-1a3d-5aa0-8067-bf1a846f3955,scooter,40.001907,-83.001125,,22.39,True,False,False,0
Veo,d2da7044-dde8-5407-82d8-0e094fbbd061,scooter,39.994087,-83.006793,,22.39,True,False,False,0
Veo,d7d9441f-4cfe-5230-99d8-85919fabda52,bicycle,39.963262,-82.9533,,28.14,True,False,False,0
Veo,fba0df80-1403-54a1-b5ae-fcfb60cc893d,scooter,39.93991,-82.968107,,23.02,True,False,False,0
Veo,1a47c386-4476-5ae6-9b2b-fb85e4c8d8ef,scooter,40.003024,-83.001025,,22.39,True,False,False,0
Veo,5a53e3cc-4ed2-5dcd-a58b-61c9d76b002b,scooter,40.002508,-83.001099,,28.14,True,False,False,0
Veo,4d6d4836-c073-5d5e-834f-404466a738f2,scooter,39.955678,-83.003293,,28.14,False,True,False,0
Veo,730153d1-32e4-5162-98d4-69c405fb92e5,scooter,39.948609,-83.007667,,22.05,True,False,False,0
Veo,93c0948a-a9b7-5167-baf9-181665c58fb6,scooter,39.993252,-83.020802,,28.14,True,False,False,0
Veo,84d755ce-8e1d-5706-8618-9612cc9e6741,scooter,40.102086,-83.115867,,15.18,True,False,False,0
Veo,d77af44f-a84f-55f5-bf68-9ec7ce85cabf,scooter,39.964415,-82.994152,,8.78,True,False,False,0
Veo,1d7426ac-06cf-594b-9ca7-20284e89361d,scooter,39.994027,-83.006831,,28.14,True,False,False,0
Veo,9efba45d-13ea-55a6-8fb1-ca493fbb2baa,scooter,40.003418,-83.00783,,26.78,True,False,False,0
Veo,52a64d93-993c-5df4-8cce-ce643cf31e46,scooter,39.965634,-82.995785,,13.39,True,False,False,0
Veo,560ccdac-5966-5497-b68d-2f1c51041f38,scooter,39.994025,-83.006831,,22.39,True,False,False,0
Veo,be8bf3aa-d980-5c5e-9b0b-409698bf4a13,scooter,39.956022,-82.945341,,9.02,False,True,False,0
Veo,bb6eb621-db95-51eb-838d-7b24352ab6be,scooter,39.957365,-83.000866,,22.7,True,False,False,0
Veo,46a0386d-bd61-59c8-9a55-31c900cd74eb,scooter,39.96819,-83.008048,,12.28,True,False,False,0
Veo,fbb93725-c12d-5885-a052-8337b094a62f,scooter,39.96303,-82.983509,,27.44,True,False,False,0
Veo,8e3b0318-1003-5cd7-b195-138d06e2a125,scooter,40.066227,-82.959224,,28.14,True,False,False,0
Veo,006d8c64-0bed-531a-92e2-efcc159d4d4b,scooter,40.015292,-82.982871,,9.65,True,False,False,0
Veo,3d674bf9-492f-577d-b9dd-163e5ae615bc,scooter,39.997674,-83.007514,,19.05,True,False,False,0
Veo,011f1d99-e3a2-5dbd-9aa1-dda397dc6e76,scooter,39.970951,-83.003747,,28.14,True,False,False,0
Veo,8e37a461-aa9a-57b1-b206-5db03d50a8fc,scooter,40.005708,-83.011688,,25.65,True,False,False,0
Veo,4c707fd8-ecb4-5a47-9069-35c3c5cd67bf,scooter,40.019623,-82.964887,,28.14,True,False,False,0
Veo,3efb949f-9615-579c-b829-1e2f9e87a7bd,scooter,39.943141,-82.954173,,24.06,True,False,False,0
Veo,5ce6bf6c-43b3-53f6-88d9-91ce39e22796,scooter,39.99789359,-83.03508665,,14.61,False,True,True,0
Veo,31ed72c1-89dd-56b3-81ec-0c99c4eedb5b,scooter,40.019545,-82.994184,,21.77,True,False,False,0
Veo,ceef7437-5c38-5a2c-914a-05884a2e33e7,scooter,39.995669,-83.003725,,10.79,True,False,False,0
Veo,71ee68e1-d5eb-5b01-95ce-2ba502ec4c05,scooter,39.973574,-83.005549,,9.97,True,False,False,0
Veo,b9456e6b-db97-54a9-82fd-abf41c4d42b1,scooter,39.992321,-83.017325,,25.74,True,False,False,0
Veo,db4b74f4-516e-5c19-af99-eb2b8c449736,scooter,39.97022,-83.002225,,24.84,True,False,False,0
Veo,59164eb6-a07a-5666-aa8b-f9920508a211,scooter,39.993357,-83.00659,,15.45,True,False,False,0
Veo,6c455054-489c-570a-872a-244c7cdc5e46,scooter,39.977463,-83.011578,,21.15,True,False,False,0
Veo,b5b06517-6005-5307-9955-2ded3debafe0,scooter,39.968851,-83.003852,,28.14,True,False,False,0
Veo,3b4e8067-a43a-565a-8583-d7db519097fd,scooter,40.111146,-83.121691,,7.62,True,False,False,0
Veo,42dc3c9b-4cd7-5451-a0f7-01c6e502a7ca,scooter,39.994181,-83.005712,,14.86,True,False,False,0
Veo,25946fc6-fdf5-530d-b5bb-aa71ba8a369e,bicycle,39.965403,-82.982454,,28.14,True,False,False,0
Veo,6b04b4f3-81f7-5798-a0ab-fc3d1425ae98,scooter,39.951602,-83.092362,,19.78,True,False,False,0
Veo,c174cfd5-7127-5f9c-be4c-3dbe7a62539f,scooter,40.005773,-83.017245,,28.14,True,False,False,0
Veo,9ec4f6b5-2515-5a72-9872-3fda2a090e22,scooter,39.964413,-82.994086,,28.14,True,False,False,0
Veo,02995d05-31e0-554e-bdf2-e59db8356444,bicycle,39.964554,-83.005432,,22.39,True,False,False,0
Veo,d2c7eb5e-d88f-5b6c-baab-dcf409769d9f,scooter,39.991992,-83.00653,,14.17,True,False,False,0
Veo,3ffafe04-ec45-5287-b569-64f15ceeabad,scooter,39.966288,-82.990757,,28.14,True,False,False,0
Veo,e4c94a76-ec3a-5fd5-873c-ad6e2a43db06,scooter,40.004992,-83.019541,,28.14,True,False,False,0
Veo,6aeae1b9-b666-5280-b0a0-fbcff6a58109,bicycle,39.964576,-82.993545,,24.06,True,False,False,0
Veo,ed6b7009-edd7-5fa7-8648-52f46fa452b2,bicycle,40.002368,-82.974314,,6.98,True,False,False,0
Veo,f188e4b9-9bc1-508c-8c35-1ba5a1735a03,scooter,39.980858,-83.010047,,12.07,True,False,False,0
Veo,1c3e751c-cc0c-5ccb-8b9b-c0481d4bc01a,scooter,40.005563,-83.011846,,25.94,True,False,False,0
Veo,4681bdbf-e8ae-584c-b8e5-976a10f41f3b,scooter,39.998797,-83.000692,,14.61,True,False,False,0
Veo,31a790d8-183e-5e65-8a4d-d59a06d33416,scooter,39.998045,-83.009599,,24.84,True,False,False,0
Veo,f30e04eb-8535-5d2d-82da-3d480a907f7e,scooter,39.97227,-83.005631,,12.87,True,False,False,0
Veo,128669a2-76d6-57f2-9561-803761664751,scooter,40.004847,-83.007655,,7.29,True,False,False,0
Veo,cf9e58b1-b94b-571e-99d6-b14b79f6ebb6,scooter,39.89266328860878,-82.99853338250338,,19.05,False,True,False,0
Veo,dfa99e7a-3189-58d2-9a8b-17a098e0e793,scooter,39.997558,-83.007876,,25.65,True,False,False,0
Veo,8baa2aa2-3d0e-537e-a825-27ba72a4f2ef,scooter,39.965692,-82.996882,,22.39,True,False,False,0
Veo,b8c3a460-6a67-516e-a752-63dcedbfb2a3,scooter,40.004557,-83.0148,,24.33,True,False,False,0
Veo,8c1b63bc-16df-56c7-8ab2-17843a3cadd9,scooter,39.962101,-83.004146,,27.77,True,False,False,0
Veo,7c021f2c-1de2-5840-8040-ac15a14cba3e,scooter,40.003111,-82.998469,,13.64,True,False,False,0
Veo,2648d688-288c-529a-97d6-2a12681959a3,scooter,39.995713,-83.007328,,27.44,False,False,True,0
Veo,c798caa9-5c2c-5e7c-a8ef-3faf63c292da,scooter,39.955743,-83.003319,,28.14,True,False,False,0
Veo,4948efe5-9276-5f77-9ee5-1bf37e757e62,scooter,40.010013,-83.024071,,16.84,True,False,False,0
Veo,e4372f2c-0794-5d31-a5b1-8d31256959c7,scooter,39.960745,-83.011378,,28.14,True,False,False,0
Veo,57575f30-a6cd-5b81-bdce-6b5d6e034675,scooter,40.100721,-83.115385,,24.33,True,False,False,0
Veo,225ff4c3-3a5a-59ac-9a65-adcf8dda5f08,scooter,39.963193,-82.98126,,28.01,True,False,False,0
Veo,fc8fc8e0-b0c3-56fa-90ad-f41faa0099ad,scooter,39.939384,-82.973545,,14.61,True,False,False,0
Veo,ee5758b6-0ed3-5c01-a77c-9ba1427b03ee,scooter,40.011285,-83.00048,,27.02,True,False,False,0
Veo,d85f89c6-d03d-530b-9374-8780ac5f9031,scooter,39.969011,-83.003848,,24.06,True,False,False,0
Veo,7ac038e1-1ac2-51f2-be26-f4800d252891,scooter,39.99418,-83.005699,,28.14,True,False,False,0
Veo,50f86024-799d-5252-912c-af48f8382c72,scooter,39.958725,-83.01284,,14.17,True,False,False,0
Veo,27362169-2284-5fba-9c4e-f5f251d46462,scooter,39.991992,-83.011178,,7.29,True,False,False,0
Veo,7b5379a4-b4d2-513d-ac75-7208e15b3d31,scooter,39.955616,-83.003985,,15.18,True,False,False,0
Veo,a4a47ca0-0fe1-5690-b2a8-802b05cfa397,scooter,39.943066,-82.97701,,28.14,True,False,False,0
Veo,a826b588-2e01-57b1-86fd-7ac6ccaa04a8,scooter,39.942008,-82.995065,,27.44,True,False,False,0
Veo,b0a1b577-1ab9-5340-bee3-40c7a6550d2c,scooter,39.905664,-82.995532,,25.74,True,False,False,0
Veo,6a22f539-9264-5316-bd19-a2a08aa974a5,scooter,39.990187,-83.005929,,28.14,True,False,False,0
Veo,af97683e-5086-5b63-bff8-89d41e911b00,scooter,39.979068,-83.002595,,20.05,True,False,False,0
Veo,f2f1a47d-e5a4-5489-a49b-5e6e944ef02e,scooter,39.999836,-83.015299,,17.89,True,False,False,0
Veo,9ef93981-ded3-5202-b815-e08d1280ef18,scooter,39.941447,-83.020643,,0.33,True,False,False,0
Veo,f9133207-5cb4-59a3-97a2-dac43ef7efff,scooter,40.01403,-82.981719,,22.05,True,False,False,0
Veo,7745f4fb-cc1f-581b-8342-66e824eaea38,scooter,39.977991,-83.002658,,10.79,True,False,False,0
Veo,4339dac7-7677-51f0-9792-44a79ad189e5,scooter,39.994162,-83.008807,,7.29,True,False,False,0
Veo,d3b8be7e-5f50-5e7f-af8a-23e01f2487a9,scooter,39.972329,-83.002799,,25.94,True,False,False,0
Veo,9f4e4471-0cdd-5780-b16c-3d235e330283,scooter,40.038374,-82.995571,,27.44,True,False,False,0
Veo,cc50f05f-dc03-523a-8dae-256f2389b0ed,scooter,39.971475,-83.004654,,22.39,True,False,False,0
Veo,d37f9966-6abb-53fa-9535-19067a91ca61,scooter,39.998541,-83.017425,,22.39,True,False,False,0
Veo,0f5fe5ca-1d83-5fa4-8fff-4523627be846,scooter,39.957592,-83.008137,,28.01,True,False,False,0
Veo,7e36dd96-6e1f-5b3f-b2d2-e1bcfffee1c5,scooter,39.99123,-83.011191,,12.52,True,False,False,0
Veo,5bc49198-f232-5dc3-846a-77e18ca59e00,scooter,40.01693,-82.97839,,28.14,True,False,False,0
Veo,931c0294-e338-5a1c-8497-df2a7953408c,scooter,40.002581,-83.001484,,27.77,True,False,False,0
Veo,5840eb94-b17d-5cdc-9fca-765f17d00fea,scooter,39.962215,-83.004094,,28.14,True,False,False,0
Veo,13f6706d-be07-53b4-8e3a-de6d6477b8fc,scooter,39.994151,-82.981227,,27.18,True,False,False,0
Veo,50394567-b062-5a32-b9e1-7c3918861f9b,scooter,39.987263,-83.007251,,8.43,True,False,False,0
Veo,80a6620a-02d8-5c57-9ccf-fde1b3affbc2,scooter,39.929031,-82.979218,,28.14,True,False,False,0
Veo,58ff6592-a2e7-5f65-bdb0-7b0cd0ce108d,scooter,40.102196,-83.114274,,26.25,True,False,False,0
Veo,0b52cd75-15e9-5ed0-8dbe-cf76b74eb6af,scooter,39.935891,-82.988854,,27.44,True,False,False,0
Veo,a5f460cc-4d61-5b0a-89a7-7c2963aae83d,scooter,39.970252,-83.002199,,13.39,True,False,False,0
Veo,11a5d6e7-4f34-59c3-b187-b31e40a34712,scooter,39.980673,-82.998049,,21.15,True,False,False,0
Veo,c75b5435-d7ae-5afc-8b17-b06f90802401,scooter,39.939199,-82.952978,,12.63,True,False,False,0
Veo,b03af32c-0415-5dcc-9794-bd907a3f5c76,scooter,39.962223,-83.004184,,28.14,True,False,False,0
Veo,b104a521-09e2-5f89-9423-67419022b7b2,scooter,39.998677,-83.02146,,10.51,True,False,False,0
Veo,1b4cf79a-555d-5a3e-a077-94a4bf598521,scooter,39.912756,-82.991007,,8.43,True,False,False,0
Veo,8405dbe2-6f93-5819-8fd5-85f405ebd2a1,scooter,39.986537,-82.999648,,24.84,True,False,False,0
Veo,1d1d1113-2093-59ea-894c-385829848150,bicycle,40.005932,-83.009298,,28.14,True,False,False,0
Veo,56bd007b-ee5d-5397-9047-9fd7615bd17f,scooter,39.982805,-83.008508,,24.33,True,False,False,0
Veo,6ee0e65b-1fce-5abb-9a9b-28680f5ac365,scooter,39.950384,-83.008032,,10.79,True,False,False,0
Veo,5f23e0ef-cb2a-536e-be75-e611af985489,scooter,39.963082,-83.004275,,23.33,True,False,False,0
Veo,9b35cfbf-2a34-5077-8bce-39f28b16acb6,scooter,40.024988,-82.980402,,14.43,True,False,False,0
Veo,8f3c65a2-9324-5b4a-90f3-53f20af20b4c,scooter,39.998109,-83.021261,,14.17,True,False,False,0
Veo,42909c31-07aa-5fb1-93d9-07f8909be592,scooter,39.997949,-83.007883,,8.78,True,False,False,0
Veo,ac6cd89a-4419-5f68-bbe3-ae3e4b39fe94,scooter,39.965987,-82.996931,,14.43,True,False,False,0
Veo,23dfc46c-94dc-5ef0-82e1-4a8e4720658f,scooter,39.967768,-82.976032,,22.39,True,False,False,0
Veo,093fbdd0-8f47-5e61-8919-b1182bdc65e0,scooter,39.963232,-82.953272,,19.05,True,False,False,0
Veo,620c15a2-f754-5f58-8e9f-7e07b2bdf8ac,scooter,40.037541,-82.999441,,16.39,True,False,False,0
Veo,77fc1621-802c-50b4-9bca-d85b2768ecb4,scooter,39.992062,-83.006549,,21.49,True,False,False,0
Veo,5d29beff-2b02-52b4-a8d3-c9a58b49b8ee,bicycle,39.98474,-83.026549,,28.14,True,False,False,0
Veo,0be520af-cc5f-5e3e-81df-9dcc10d4098f,bicycle,40.024997,-82.980209,,23.77,True,False,False,0
Veo,682433de-457d-5437-9137-30a76606dd59,bicycle,39.952058,-83.043997,,18.67,True,False,False,0
Veo,8374f54a-8817-508a-8e5b-f1819ea2eaf7,bicycle,39.97382,-82.889809,,23.02,False,True,False,0
Veo,350e2998-aaec-56bb-9b1d-c4bf8c22a8c2,scooter,39.935892,-82.98889,,10.79,False,True,False,0
Veo,3330ed02-fb91-5a09-bafa-53bee1c7d015,bicycle,39.983002,-83.006056,,27.44,True,False,False,0
Veo,656d9639-a3f1-5b56-8c7a-e28335aa46ca,bicycle,39.965721,-83.006699,,14.17,True,False,False,0
Veo,63909924-6056-5791-96cf-a36c514cbdf3,bicycle,39.963639,-83.001368,,24.84,True,False,False,0
Veo,e6463351-f454-5357-b1f1-2a71faaa7a33,scooter,39.95957,-82.977422,,25.34,True,False,False,0
Veo,9d238349-8694-5cb4-a179-d4e078b9251c,bicycle,40.070029,-82.95206,,27.18,True,False,False,0
Veo,c77d3032-3555-525d-b4ef-06081ec7ea4c,bicycle,40.032664,-82.991094,,28.14,True,False,False,0
Veo,19f49f5d-0b62-5da0-bfc7-0954436d9f44,bicycle,39.924628,-82.936712,,22.7,True,False,False,0
Veo,ac606aac-4c46-56cb-9a28-436729203db3,bicycle,39.957166,-83.014419,,14.86,True,False,False,0
Veo,d7c2cad6-a7fa-586e-8c6f-8a9c9a17541d,bicycle,39.966948,-83.008001,,24.06,True,False,False,0
Veo,390698a7-59b2-56d2-a597-9666804595f0,bicycle,39.928584,-82.950196,,23.33,True,False,False,0
Veo,701053b3-f224-5dbc-bf91-9ad7091f1d0a,bicycle,40.050832,-83.02002,,28.14,True,False,False,0
Veo,ea81129f-c403-5891-b6bb-53750934ddcd,scooter,39.962146,-83.00416,,23.02,True,False,False,0
Veo,22635b78-e5d9-57bf-9203-115a69dff969,scooter,39.955109,-83.018926,,14.43,True,False,False,0
Veo,3ed8569f-091b-528f-b143-27dc82acd6fc,scooter,39.996048,-83.017298,,17.89,True,False,False,0
Veo,207cef2a-cd12-5baf-85e1-4dad1a7d6eae,scooter,39.994279,-83.013354,,28.14,True,False,False,0
Veo,88069dd4-2733-5318-bd35-2b2b5916a47d,scooter,39.956649,-82.987988,,6.98,True,False,False,0
Veo,0fff3b18-1153-5071-9722-829d00fb95a0,bicycle,39.994632,-82.923311,,22.39,True,False,False,0
Veo,0b4e95b0-8b45-53ed-a450-c9d6f9389f48,scooter,39.994281,-83.019535,,17.89,True,False,False,0
Veo,790f948e-ebf6-5a14-9c0a-2dfd7c1dc756,scooter,40.000604,-83.048234,,9.65,True,False,False,0
Veo,45839f98-c0fa-57fb-8f50-fab861bb0dde,scooter,39.987219,-83.004889,,13.1,True,False,False,0
Veo,145ab292-78b9-5845-bb04-0150a77a2434,scooter,39.985161,-83.046107,,13.1,True,False,False,0
Veo,87366005-5b88-512d-869d-14625e7433ac,scooter,39.962158,-83.004166,,14.17,True,False,False,0
Veo,88ab7659-ac4b-5b21-9e00-d7d38b1fc0b4,scooter,39.993408,-83.017772,,10.31,True,False,False,0
Veo,2b14f31b-bca2-5206-b200-6b08fe4b056e,scooter,39.944971,-83.036527,,28.14,True,False,False,0
Veo,3ff6ca67-bb7a-523f-ad3c-5c0f00d29ab1,scooter,39.924165,-82.940369,,22.05,True,False,False,0
Veo,0f6511b2-9f3a-588a-827f-caa78b19d79a,scooter,40.002565,-83.008459,,11.34,True,False,False,0
Veo,c9b9022a-e55e-5a15-b179-f368a9c0b0c7,scooter,39.991326,-83.001165,,8.78,True,False,False,0
Veo,2016703d-5db7-5721-b8ff-f3e1cc0aec1c,scooter,39.963053,-83.004283,,25.74,True,False,False,0
Veo,5f6ce5de-e654-5ede-8ae6-823463adf843,scooter,39.999288,-83.021497,,28.14,True,False,False,0
Veo,574dd6c0-d343-5231-bec9-b4bef7c6f426,scooter,39.975014,-83.00928,,13.86,True,False,False,0
Veo,a30c233e-4fcf-5b3a-b6b0-21ba2e327315,scooter,39.973382,-83.004667,,27.77,True,False,False,0
Veo,186d3ae7-a58a-53ba-b30b-cfd91faaee5f,scooter,39.963186,-82.981287,,28.14,True,False,False,0
Veo,d92b76fd-911f-51ec-bfee-faddf65f3d4a,scooter,39.968622,-83.003832,,22.39,True,False,False,0
Veo,61f45c7e-e0ee-5ad4-b704-bae1fc5921f6,scooter,39.962161,-83.004139,,24.06,True,False,False,0
Veo,ee1b6f5b-0a1f-537b-83dc-8215c4709eff,scooter,39.96025,-82.986838,,28.14,True,False,False,0
Veo,61afe65c-8f3a-5c0e-a1b4-9ec0d820f7c3,scooter,39.968936,-83.003836,,27.44,True,False,False,0
Veo,a5e59ee5-d943-5399-8646-370a422b1c48,scooter,39.965633,-82.99684,,14.61,True,False,False,0
Veo,265ebf36-c46d-587e-a630-b05ac6701262,scooter,39.951674,-82.998484,,28.14,True,False,False,0
Veo,01396a50-819d-57de-81ad-6f2efed50d64,scooter,39.999877,-83.021438,,28.14,True,False,False,0
Veo,35ade00f-19d5-56e6-8ae2-97c896286a1f,scooter,40.007921,-83.00053,,27.02,True,False,False,0
Veo,90bce24f-45b6-5c89-8156-56c2731fb1b8,bicycle,39.956989,-82.995125,,28.14,True,False,False,0
Veo,4e93b0d3-9b86-528b-8582-1c9006a58bd6,scooter,39.968917,-83.003777,,11.83,True,False,False,0
Veo,e257683b-bdf3-5b73-81e5-036b79ee4f81,scooter,39.957677,-82.958029,,2.12,False,False,True,0
Veo,f2021ac5-6699-58e2-bbbf-013e087a85de,scooter,40.005284,-83.016613,,27.77,True,False,False,0
Veo,e586a252-ab9f-5788-bd83-e22101263709,scooter,39.963047,-83.004275,,21.49,True,False,False,0
Veo,e20963b4-7c3a-5716-9b54-d9419be71923,scooter,39.948768,-82.950318,,13.1,True,False,False,0
Veo,ad37d843-9b20-5ecc-8382-05e0a7763c6a,scooter,39.959118,-83.002066,,28.14,True,False,False,0
Veo,83395812-8536-57f4-ac24-fa225121af04,scooter,39.972093,-82.974184,,6.67,True,False,False,0
Veo,df04b2f6-cae7-582f-b4f8-df2d338994fc,scooter,39.995348,-83.010232,,28.14,True,False,False,0
Veo,046cd4ed-f0fe-574b-b81b-5d5588a3fb64,scooter,40.015615,-83.011185,,13.86,True,False,False,0
Veo,59dd9a06-b083-5dee-8f76-78eedb3948c0,scooter,39.968563,-83.004726,,19.05,True,False,False,0
Veo,25062f5b-a367-5831-bc61-ff1fdbfa0f92,scooter,39.963055,-83.004223,,12.63,True,False,False,0
Veo,ed10eebf-53aa-5345-80a4-a80aac7ca1d7,scooter,39.971266,-83.002725,,28.14,True,False,False,0
Veo,d27a0233-cab3-5529-92e0-35c2dbac26e6,scooter,39.979053,-83.017541,,24.06,True,False,False,0
Veo,c9c125e4-d5d0-5e2b-b8d4-c9ec3e8fa5fc,scooter,39.963635,-83.000755,,11.59,True,False,False,0
Veo,65a3b843-38f0-5567-aa85-f6f3c8886b26,scooter,39.987324,-82.998796,,28.14,True,False,False,0
Veo,365522f6-ee8f-5489-b35e-d88d399cf28c,scooter,39.973791,-83.0028,,28.14,True,False,False,0
Veo,39a001ba-caf8-5b6f-b976-fb12eb495a36,scooter,40.001025,-83.008398,,13.64,True,False,False,0
Veo,022c9527-b52c-53c1-8958-a18906abc08e,scooter,39.986904,-83.009455,,24.33,True,False,False,0
Veo,d266be95-77d7-52ee-b294-be01442e4ec6,scooter,39.958575,-83.00265,,27.44,True,False,False,0
Veo,c9efebd1-a088-56c4-a3fa-5d8ac505504c,scooter,39.958954,-83.002046,,16.84,True,False,False,0
Veo,2fd9491c-7dbf-5721-b7fd-2e844b6e89bd,scooter,39.958556,-83.002663,,25.12,True,False,False,0
Veo,b51544f5-dd35-5804-b105-d70922c069fe,scooter,39.993464,-83.00499,,20.78,True,False,False,0
Veo,7946d8e5-d300-5cd4-a164-c2d79cc6a128,scooter,39.929096,-82.978158,,27.44,True,False,False,0
Veo,243b51de-4da8-5cb4-9657-a262b518ae3e,scooter,39.953558,-83.033028,,14.86,True,False,False,0
Veo,70e5e9ea-8fd0-5ae6-bd5e-62f1d80b5e48,scooter,40.00267,-83.008513,,28.14,True,False,False,0
Veo,b534fc50-dbe3-54a2-b7ca-2a116ba88a42,scooter,40.028472,-82.964334,,26.78,True,False,False,0
Veo,5907323e-6564-5121-adc5-90f4135f6fdd,scooter,39.963091,-83.004251,,25.34,True,False,False,0
Veo,753bf175-a66d-5361-a351-cf8b655dd86e,scooter,40.003155,-83.00821,,13.1,True,False,False,0
Veo,015e0286-f947-59ac-8b1a-0550854e1ba6,scooter,39.993998,-83.014491,,10.51,True,False,False,0
Veo,b0f07669-4112-5151-974f-46fb3647a4fe,scooter,39.971605,-83.005735,,25.65,True,False,False,0
Veo,5b70533c-95ef-5fa2-97a0-9be558b90029,scooter,39.990769,-83.003238,,10.31,False,False,True,0
Veo,fd11c518-ee15-5d1a-8b5a-d195e050f9e0,scooter,39.974218,-83.017652,,28.14,True,False,False,0
Veo,b406f7d7-272f-56a2-9a15-73009b6e0531,scooter,39.97157,-83.005707,,24.33,True,False,False,0
Veo,7e8d8ae9-5e4e-59ba-86bd-6f3e6e2742ad,scooter,40.015499,-83.026079,,25.94,True,False,False,0
Veo,04cafa36-1122-5bed-99c0-484f45528b3b,scooter,39.948922,-82.999235,,26.25,True,False,False,0
Veo,2a34b1e9-85da-59e6-a37b-a7680c0eb78a,scooter,39.953567,-83.033026,,25.34,True,False,False,0
Veo,b4b4e152-e44f-5c16-9062-401d2905674c,scooter,39.972241,-83.004698,,19.05,True,False,False,0
Veo,d1402fd6-c439-58bc-87a5-7b0112b3092c,scooter,39.9717,-83.008185,,28.14,True,False,False,0
Veo,fef766f4-019b-51cf-8a86-bb33e6773dfa,scooter,39.963025,-83.004248,,22.7,True,False,False,0
Veo,d29fcaa8-bd20-5ea5-a0b2-69492f4014e5,scooter,40.032667,-82.991093,,25.74,True,False,False,0
Veo,4f692104-d995-5781-8ced-3420958880c8,scooter,39.976938,-82.979654,,13.86,True,False,False,0
Veo,0f267b4e-7a18-5361-9264-ff6699d62a25,scooter,39.97045,-83.002046,,24.84,True,False,False,0
Veo,4577e7a0-405c-5a3a-8a85-3dc6386e138c,scooter,40.038412,-82.972724,,18.19,True,False,False,0
Veo,22855ecf-21b9-5220-81ff-613096e3bd8f,scooter,39.993968,-82.995415,,18.19,True,False,False,0
Veo,25788be8-f305-5a42-a9e4-d6f29013bc97,scooter,39.945118,-82.867963,,28.14,True,False,False,0
Veo,535592ad-8250-5369-a987-23183b9c57c4,scooter,39.957647,-82.986011,,19.05,True,False,False,0
Veo,28444d14-0f56-5a70-ba4c-8edab5f2d1f6,scooter,39.975246,-83.014647,,27.44,True,False,False,0
Veo,93aefed2-edfd-5560-a22c-5c300f0e4863,scooter,39.980606,-82.951523,,21.77,True,False,False,0
Veo,b35a440d-58cd-5bf3-960b-e5983dad9b4f,scooter,39.977365,-83.011045,,28.14,True,False,False,0
Veo,62bdbf45-5c46-5a4d-bc38-be2e81a2c3d6,scooter,39.970217,-83.002165,,26.25,True,False,False,0
Veo,fa9dad59-8a5c-59f9-a97d-0cad4da72286,scooter,39.972116,-83.002569,,15.18,True,False,False,0
Veo,e59a1887-9a0f-5556-bdf9-5543e9fb261e,scooter,39.968886,-83.003891,,25.12,True,False,False,0
Veo,a9e1b86b-1a08-53be-9854-1eff5295a981,scooter,39.994616,-83.007049,,27.44,True,False,False,0
Veo,fd16a96f-8841-5a98-9e19-e3db695a3c9d,scooter,39.988566,-83.000755,,25.34,True,False,False,0
Veo,014a4dfb-c0c2-5378-8b9d-d3ea6daaf165,scooter,40.005595,-83.011774,,23.02,True,False,False,0
Veo,a2aa8a6f-4fe1-5eaa-a32c-4def4418a420,scooter,39.968805,-83.00387,,14.43,True,False,False,0
Veo,ddb2bdca-f51b-5c7f-92cd-36e3611fb1c1,scooter,39.971921,-83.004729,,14.43,True,False,False,0
Veo,786b73c7-b8fd-570c-ae2c-c9641b07cc7b,scooter,39.972121,-83.002574,,10.31,True,False,False,0
Veo,81e54f9c-9466-5844-89c7-0ab8000667f6,scooter,39.968801,-82.980121,,10.79,True,False,False,0
Veo,d1741857-9c47-561e-b1d7-a5387c18e11c,scooter,39.954249,-83.02799,,26.25,True,False,False,0
Veo,d0f5d041-33e4-5863-a105-9142a1e3bccc,scooter,39.996539,-83.009668,,4.78,True,False,False,0
Veo,5b278d77-3ff6-54ce-89ea-4cf2f0cd7e9d,scooter,39.968063,-83.00882,,27.77,True,False,False,0
Veo,ab19df04-1e25-5d2b-b85a-e76cfe540cd3,scooter,39.99353,-82.981145,,12.28,True,False,False,0
Veo,dd42366e-d415-52fa-8473-e40275cdd4f0,scooter,39.993918,-82.983364,,23.33,True,False,False,0
Veo,9c66f938-02a5-5a23-92c8-40de8217700b,scooter,40.103292,-83.108814,,6.98,True,False,False,0
Veo,de95799b-34ec-544b-97c0-9ead32a936e0,scooter,39.968461,-83.012397,,26.78,True,False,False,0
Veo,fe5e9198-9963-55de-a58f-fd5cf485f506,scooter,40.017701,-83.025413,,14.61,True,False,False,0
Veo,d924d121-6b61-50da-893d-4f521a3d45ae,scooter,40.041098,-83.018343,,6.31,True,False,False,0
Veo,b7da18f8-36f6-5527-b3bb-c3d0c281e8d6,scooter,40.004972,-83.008727,,19.39,True,False,False,0
Veo,488ed41a-a310-5618-8228-d79255ccb523,scooter,39.982085,-82.960714,,15.18,True,False,False,0
Veo,a85b3779-0004-54ae-9a57-c4dd90ae6c39,scooter,39.957518,-82.990115,,27.77,True,False,False,0
Veo,7833441b-a101-502c-ad4b-bf943767f111,scooter,40.00245,-82.97973,,27.44,False,True,False,0
Veo,41a64e3d-5eee-5337-bace-6c91976bc771,scooter,40.017114,-82.999238,,8.43,True,False,False,0
Veo,8fb2a5ef-61e6-5767-b569-8a284a4a25f0,scooter,39.957572,-83.011481,,28.14,True,False,False,0
Veo,e912a4b6-6ff5-5dd9-bf0b-518b0aaaccbe,scooter,39.962128,-83.000374,,27.77,True,False,False,0
Veo,7a97b37f-f6d9-57f9-98c8-f6d2622eada9,scooter,39.995979,-83.019786,,14.86,True,False,False,0
Veo,e230f352-2ae9-55bc-9f4e-1e264e2eabb7,scooter,39.955937,-83.002878,,28.14,True,False,False,0
Veo,2879df62-bc7c-583c-9107-a50e6b8c0b7d,scooter,40.002367,-83.009034,,2.36,False,False,True,0
Veo,742d0b45-aafd-543c-b9bb-037aa1b0fd0c,scooter,40.000755,-82.986357,,16.39,True,False,False,0
Veo,50294e58-b9c3-5f8d-848f-a7ac295fa33a,scooter,39.923756,-82.993547,,17.89,True,False,False,0
Veo,1a2f61a4-9536-5b94-a674-a3959b660a57,scooter,39.965233,-82.981489,,23.77,True,False,False,0
Veo,d5217f68-3d93-5ae9-8290-f322f283ea89,scooter,40.003153,-82.998399,,13.39,True,False,False,0
Veo,09afe437-6e6f-5fe5-9693-997c04ef0efe,scooter,39.963216,-82.981336,,28.14,True,False,False,0
Veo,bf09dd41-f7b1-5062-91a8-5cc91e47dc39,scooter,39.950084,-83.00028,,14.43,True,False,False,0
Veo,a6789cb7-7343-5348-8971-e91be2fc4cfb,scooter,39.968801,-83.003875,,28.14,True,False,False,0
Veo,1e52a3eb-b6be-58fd-995c-0845169d99f5,scooter,40.032642,-82.991087,,27.02,True,False,False,0
Veo,84b0ed64-5563-5d28-8da5-c301dfa23cb0,scooter,39.981026,-83.003094,,24.33,True,False,False,0
Veo,637850fe-e10e-5e64-bc16-f98f31c9052d,scooter,39.927712,-82.978591,,25.34,True,False,False,0
Veo,a13e8488-3d49-538f-b13a-4343ce4cd17f,scooter,39.996117,-83.01776,,13.39,True,False,False,0
Veo,1126833e-0ae1-5c44-8d7d-031df42078c5,scooter,40.001935,-83.001168,,15.18,True,False,False,0
Veo,102a7d67-2954-5c64-aa7d-38bb14ec2603,scooter,39.982765,-83.004586,,28.14,True,False,False,0
Veo,888c8f4d-f0ad-5872-9d96-3f2f1738887f,scooter,40.100604,-83.115601,,27.44,True,False,False,0
Veo,ea01704a-164d-5eb0-9616-9056e2843f55,scooter,40.050367,-83.00103,,11.83,True,False,False,0
Veo,ff061df7-eb9d-5385-a1ab-1f6613558469,scooter,39.994108,-83.017827,,27.77,True,False,False,0
Veo,84c065dd-551e-5ab9-a17d-341180e49322,scooter,40.102336,-83.109572,,12.52,True,False,False,0
Veo,9c12ac4a-6888-5e01-822e-002df0bbadae,scooter,40.011206,-83.0063,,23.33,True,False,False,0
Veo,fe5ffc8f-b3a4-54fd-a6cf-8442669fdca4,scooter,40.00313,-83.013501,,24.33,True,False,False,0
Veo,24e9a55b-38fa-5766-9776-f9b4085fc90d,scooter,39.944715,-82.979311,,28.14,True,False,False,0
Veo,478c0554-577a-56c4-ae5b-9a1337509fea,scooter,39.97713,-83.001589,,28.14,True,False,False,0
Veo,07bf2030-6d2c-5510-8961-8b13bc01bd08,scooter,39.986583,-82.999556,,9.02,True,False,False,0
Veo,028a94e3-0113-5a2d-ac7d-5001963585a8,scooter,39.961407,-83.043098,,28.14,True,False,False,0
Veo,387397fc-4abb-5288-a706-cb82ebb13a6a,scooter,40.000749,-82.986378,,16.84,True,False,False,0
Veo,4d95d719-a457-5146-b49e-27b23c0c9997,scooter,39.993932,-82.983391,,8.09,True,False,False,0
Veo,2a55b581-52d9-5366-b314-8d3262d6cd46,scooter,39.976984,-83.00356,,15.18,True,False,False,0
Veo,27bea50d-b3a5-5a99-9355-77af2d43f079,scooter,40.012339,-83.02647,,14.86,True,False,False,0
Veo,f4e13333-7fd4-5dd8-9e27-b052bbb11dc0,scooter,40.007292,-82.999767,,25.65,True,False,False,0
Veo,8ce1b6c2-1cb4-5f9c-932b-edd9b71aa46e,scooter,40.001093,-83.008405,,28.01,True,False,False,0
Veo,149cffd2-e415-5e12-a0fe-fa692b6eb1a8,scooter,39.998592,-83.007746,,28.14,True,False,False,0
Veo,2450aa17-52f8-5f08-a98d-90d8ffcb2bd5,scooter,39.963836,-82.99741,,28.14,True,False,False,0
Veo,337b484d-9500-5b45-afe9-80bc6a4f703d,scooter,39.95835,-83.035602,,20.05,True,False,False,0
Veo,aa6a2fe8-a37c-5c72-ab5c-f0c7e5bde9e0,scooter,40.000758,-83.014235,,28.14,True,False,False,0
Veo,6cf5e067-61e8-5f92-b93d-d928dbcbfb92,scooter,40.00809,-83.012104,,24.33,True,False,False,0
Veo,4ffdd533-42c0-5d01-9b80-7eb9e5c41b6b,scooter,39.986906,-83.00945,,24.06,True,False,False,0
Veo,bfdf7638-606e-5256-a760-9f8275c2ae62,scooter,39.966062,-82.996992,,27.02,True,False,False,0
Veo,53b8b2b2-84e4-5c9f-bae1-31eeb90f5742,scooter,40.004245,-82.999222,,24.84,True,False,False,0
Veo,30f9e08d-dc0e-5c1a-92fe-2b28d749e539,scooter,39.962079,-83.00033,,25.94,True,False,False,0
Veo,2678294c-3c13-5313-8525-7cda0bfb2768,scooter,40.010476,-83.014758,,19.78,True,False,False,0
Veo,aa42cd89-facd-5a84-822f-5e4a7a0afa16,scooter,40.004724,-83.010543,,22.39,True,False,False,0
Veo,3fb5421a-cef0-5f76-a725-f60e45fd62bb,scooter,39.984065,-83.016848,,16.39,True,False,False,0
Veo,cc7544c3-e0cd-5461-83b4-69f2559bb194,scooter,39.970306,-83.002237,,15.89,True,False,False,0
Veo,00c535e0-8e94-532b-8695-45fc2179ffde,scooter,39.964026,-82.980844,,16.39,True,False,False,0
Veo,d7e31070-0226-549e-b08d-c7b0eb40b5e4,scooter,39.887058,-82.987434,,28.14,False,True,False,0
Veo,025c0953-10e5-54a2-87e6-85d0324148d7,scooter,39.963044,-83.004255,,12.07,True,False,False,0
Veo,e4f11821-f16e-5e8f-ab9b-36b920b49f42,scooter,39.963267,-82.953237,,28.14,True,False,False,0
Veo,83d5c87c-9d1b-5ce4-9b77-e53e6e36d417,scooter,39.990202,-82.989765,,25.12,True,False,False,0
Veo,d5717add-9eb7-5c11-8fa3-70452845569b,scooter,40.01122,-83.001969,,16.84,True,False,False,0
Veo,62d0080b-5a07-51a9-aa3f-267e1221d0e2,scooter,39.992175,-83.007418,,17.37,True,False,False,0
Veo,f9004adb-d441-5550-9c23-e50d566a9043,scooter,40.011947,-82.968607,,28.14,True,False,False,0
Veo,e234a376-96a2-5d30-a789-ef1818a6a03a,scooter,39.943327,-82.996335,,25.94,True,False,False,0
Veo,ea6aab63-946a-5e20-8ced-dbe544f3c2ce,scooter,39.984097,-83.016883,,15.89,True,False,False,0
Veo,21a8a7fb-9232-5a58-abec-cc1aae63d507,scooter,39.971611,-83.003265,,14.86,True,False,False,0
Veo,ef468ff1-ed07-5b37-9e0d-654dc4cb1d81,scooter,40.10208,-83.110817,,14.86,True,False,False,0
Veo,c6b3a9aa-7779-54db-ae52-83fc2e12d896,scooter,40.001146,-82.99495,,9.65,True,False,False,0
Veo,04817d57-7188-5d84-ae46-431e468aa28c,scooter,39.957041,-82.950458,,27.44,True,False,False,0
Veo,14a9b4e0-07a2-5546-8c90-22d27bfe6a57,scooter,39.999939,-83.02145,,28.14,True,False,False,0
Veo,d660d308-e115-57ce-b741-2b05435361fa,scooter,39.956963,-82.985854,,25.65,True,False,False,0
Veo,1d58e4f5-46b6-5e58-a55c-87d597c16d98,scooter,40.016087,-82.998821,,4.19,True,False,False,0
Veo,79b7ba1a-b479-568e-977d-394150340e16,scooter,39.970446,-83.002202,,11.83,True,False,False,0
Veo,7d5e4e51-6d82-5c4c-8ee3-7929c78a3a85,scooter,39.993531,-82.981128,,7.29,True,False,False,0
Veo,9e16a059-ab59-5c68-ab0a-6a9d0153141d,scooter,39.999278,-83.021529,,28.14,True,False,False,0
Veo,5953459b-fb75-5338-9c97-84ae0774d9e4,scooter,39.924603,-82.936814,,14.86,True,False,False,0
Veo,0dcf7d8b-0b00-51a0-84a7-32fcd941ba44,scooter,39.944286,-82.994575,,28.14,True,False,False,0
Veo,fa4aadf4-b041-52e1-8fc1-8d28f00d4a5f,scooter,39.991895,-83.008718,,13.1,True,False,False,0
Veo,4c7313e4-2487-5ef1-bd96-3c293cc2d054,scooter,39.942937,-83.039324,,8.43,True,False,False,0
Veo,05a36304-e176-51bb-9b97-24a04f77715c,scooter,39.967815,-83.012528,,13.1,True,False,False,0
Veo,2b0ce643-7429-524c-ae0c-5ecbec1186d1,scooter,39.946957,-82.982462,,27.77,True,False,False,0
Veo,280bf435-30b0-53ac-aa2b-bf637c4c4fab,scooter,39.995368,-83.008657,,25.12,True,False,False,0
Veo,02b6f7fd-4286-5fa2-a9c7-67dfbd923a44,scooter,39.948626,-82.941894,,27.18,True,False,False,0
Veo,32f79449-fcd5-5d32-8487-da240a50f695,scooter,39.963215,-82.98128,,15.45,True,False,False,0
Veo,5193b6a9-155d-50a0-8854-49641f4bde13,scooter,39.97209,-83.002622,,24.33,True,False,False,0
Veo,29fe9728-3f59-53d9-8fc9-0a7601ef9b3c,scooter,39.987272,-83.008581,,9.29,True,False,False,0
Veo,a85e6cd3-e1dd-528f-8eb2-5906d516e9ae,scooter,40.00120902334938,-83.00085467247922,,25.74,False,False,True,0
Veo,1ddc15ef-e4d5-51ba-857f-3d1fe55dbf0c,scooter,39.950137,-83.000283,,28.14,True,False,False,0
Veo,4d7fd3c0-8395-5420-97b4-8bc014a1cd70,scooter,39.980881,-83.003554,,24.33,True,False,False,0
Veo,72ac7357-bb6c-5b47-8dfc-422096b6eff1,scooter,39.94475,-82.97934,,28.14,True,False,False,0
Veo,a9766d27-607a-517b-9349-789364076909,scooter,39.993566,-82.981134,,11.11,True,False,False,0
Veo,39981243-f2f6-5a82-aeb0-015675a76008,scooter,39.9387,-83.097108,,28.14,True,False,False,0
Veo,a1f4e1b7-bb6f-5c79-ae93-acaa1c4c360b,scooter,39.973344,-83.004697,,28.14,True,False,False,0
Veo,ab5e5cb0-f817-570d-bf1e-c8b5cac26209,scooter,39.963031,-83.004251,,28.14,True,False,False,0
Veo,6af78d30-f804-5b9b-b8da-d9bc98e52ac5,scooter,39.963012,-83.004283,,23.33,True,False,False,0
Veo,c7dc20c4-e165-5528-bd03-232307b21397,scooter,39.970465,-83.002374,,28.14,True,False,False,0
Veo,13a7de70-d81f-5f9b-9abc-f472226cf6fa,scooter,39.936707,-82.993073,,24.84,True,False,False,0
Veo,f725937b-ed3f-5fec-98c8-666a59f8930f,scooter,39.994821,-83.010811,,24.84,True,False,False,0
Veo,58911b2a-5a31-5be7-a447-ac531f95e274,scooter,39.970185,-83.005383,,19.39,True,False,False,0
Veo,d27f8541-32cc-5449-84df-f1de763f5d70,scooter,39.991944,-83.006527,,27.44,True,False,False,0
Veo,d9ac639b-cbe9-59d7-b5d1-ea423afc0cdb,scooter,39.999555,-83.026002,,5.44,True,False,False,0
Veo,f5f91755-a80a-5b0f-bd4c-9aa7f056cba8,scooter,39.966821,-83.007778,,16.39,True,False,False,0
Veo,2a05db22-8889-5ae4-a366-3e2b23bd07a8,scooter,39.936538,-82.989839,,28.14,True,False,False,0
Veo,2433b9d6-6c91-5144-ad85-3dfbb362dcdc,scooter,39.984695,-83.039946,,25.94,True,False,False,0
Veo,4d9563e9-9511-503b-b27e-f63ed8bd8cd8,scooter,40.005213,-82.997788,,25.74,True,False,False,0
Veo,d3410d36-2d5c-5110-896a-f8dbc86c2929,scooter,39.962146,-83.000425,,28.14,True,False,False,0
Veo,86668247-72eb-51de-ae4a-3a9ad1043aea,scooter,39.967915,-83.008748,,24.84,True,False,False,0
Veo,a1332c05-0f92-523b-b8c3-90994c505327,scooter,39.952373,-82.978719,,19.05,True,False,False,0
Veo,22392b57-18dd-503d-9e84-5d07e5a70660,scooter,40.001939,-83.001148,,18.67,True,False,False,0
Veo,2a960c42-7d22-586b-a475-a7c40e4015e7,scooter,39.996734,-83.00755,,23.02,True,False,False,0
Veo,e0e664f1-c4f1-5322-a8d5-c676ca26ed3f,scooter,39.994129,-83.007348,,28.14,True,False,False,0
Veo,e92f97fe-b712-5367-983b-9d4edd8872af,scooter,39.963301,-82.999949,,25.12,True,False,False,0
Veo,32ce9ce6-beae-5766-b7b8-b9825cb450c6,scooter,39.963083,-83.00426,,22.7,True,False,False,0
Veo,ccaa3ac6-fd9e-5db5-a109-8ecc8c149507,scooter,39.993545,-82.981151,,12.28,True,False,False,0
Veo,9be4cf2c-38c8-5908-8785-ac67969ccd4d,scooter,39.962142,-83.004164,,28.14,True,False,False,0
Veo,e49e9784-8c7d-50e4-b363-d5c1b54bec2b,scooter,40.091244,-83.092,,7.29,True,False,False,0
Veo,b298ca86-7aeb-560b-8175-04ba372410bb,scooter,39.999264,-83.021514,,13.1,True,False,False,0
Veo,059148b9-c40e-5cc8-bea1-e18346581672,scooter,40.102097,-83.110766,,1.15,True,False,False,0
Veo,9c7e755f-0bd7-5577-9cc6-d03b75b4ae86,scooter,39.968133,-83.009813,,25.12,True,False,False,0
Veo,e1feec29-c8e8-5f5e-8dec-cc1adef4928e,scooter,39.950798,-83.003178,,28.14,True,False,False,0
Veo,46d452ff-96e4-5d8d-89dc-0790d3bb20f6,scooter,39.997068,-83.007556,,24.84,True,False,False,0
Veo,335cdb5f-d9db-5bae-bf31-f26f9390bd4d,scooter,39.964155,-82.997548,,20.05,True,False,False,0
Veo,64ffa7bb-d079-51c5-b28d-6054adeb385c,scooter,39.966,-83.001492,,28.01,True,False,False,0
Veo,55838889-cac0-5bba-902d-7eff5e3aa761,scooter,39.949477,-82.98687,,23.02,True,False,False,0
Veo,ca6bbf55-89ce-5caa-9753-376f0a13d35a,scooter,39.995935,-82.998243,,27.18,True,False,False,0
Veo,2058dbdb-7c25-5f30-8273-6128b8f67465,scooter,39.965998,-83.001623,,28.14,True,False,False,0
Veo,8173a1bb-1ef2-592b-aa50-eb001bf36650,scooter,40.002736,-83.005102,,28.14,True,False,False,0
Veo,1844d0cb-434c-55f7-8a77-d6553c8d119d,scooter,39.962441,-83.001184,,26.51,True,False,False,0
Veo,dd9c3c33-1bf9-5b4b-b41e-f38a773d7996,scooter,40.005545,-83.011458,,22.7,True,False,False,0
Veo,8c137791-c7d4-5952-9e7d-bd30760f44c8,scooter,39.970302,-83.002176,,28.14,True,False,False,0
Veo,3cbd63d6-6ff8-5bb4-a2c0-e9453cecf66b,scooter,39.962181,-83.004116,,10.31,True,False,False,0
Veo,394a3427-1b6a-5eb7-8da3-8fd24b441022,scooter,39.970394,-83.002322,,28.14,True,False,False,0
Veo,684b76db-ec95-5755-a28a-0e912bf524bf,scooter,39.959323,-82.994814,,20.05,True,False,False,0
Veo,eacd5f0c-3cf2-5c70-b6b8-6c7415578f49,scooter,39.970291,-83.002165,,17.37,True,False,False,0
Veo,bf547af4-7463-5c8e-bc76-6b5810351f8f,scooter,39.960151,-82.993308,,28.14,True,False,False,0
Veo,1f06b2b8-faa6-5b8d-9cd5-b02b96147bbb,scooter,39.950165,-83.001548,,5.83,False,True,False,0
Veo,7efd40a6-bbd7-592b-830d-f2398ad214e1,scooter,39.998052,-83.009522,,20.37,True,False,False,0
Veo,c70cd1e1-6f17-5c9b-9a72-08e5155275db,scooter,39.911666,-82.955639,,25.65,False,True,False,0
Veo,7d776f00-8218-5d77-81df-0fe5bcc2d3dc,scooter,39.956063,-82.945294,,28.14,True,False,False,0
Veo,799b4fac-b651-58c9-aeaf-65cc0871bec4,scooter,39.967664,-83.012511,,24.84,True,False,False,0
Veo,f6265d37-bef6-58be-93ae-704c42119054,scooter,39.9125,-82.994948,,11.34,True,False,False,0
Veo,411b1d08-59c9-52c8-8053-3f649782a56a,scooter,39.973502,-83.005462,,25.34,True,False,False,0
Veo,411f9f7e-43f0-5e14-afd4-69bf3a6ff3c7,scooter,39.967142,-82.999241,,25.74,True,False,False,0
Veo,e6faa488-ae39-5b96-90a6-20ba767745da,scooter,39.883133,-82.983299,,23.33,True,False,False,0
Veo,42b3b601-572b-543e-ae18-a8223f00f3dd,scooter,39.984705,-83.026575,,1.83,True,False,False,0
Veo,34fd043d-9854-56b9-be20-e8cb8b0d2bfe,scooter,39.994248,-83.012317,,14.17,True,False,False,0
Veo,0b869d43-11ff-5218-9ddc-9c543285a090,scooter,40.001982,-83.001117,,11.11,True,False,False,0
Veo,26e9a804-ba6b-5536-ba4c-f417bacfae81,scooter,39.968905,-83.003865,,17.37,True,False,False,0
Veo,c99984e0-b3a2-5927-ac7c-4570449e807b,scooter,39.97214,-83.002645,,16.39,True,False,False,0
Veo,25768319-07f8-5782-bc14-59f7c740c3e8,scooter,39.994038,-83.00688,,21.49,True,False,False,0
Veo,d877b42e-d695-5081-83c5-b909fc6e045b,scooter,39.972129,-83.002605,,25.74,True,False,False,0
Veo,edc6dd9f-92dd-535c-92f8-4ddc0b2fc81d,scooter,39.960729,-83.012599,,28.14,True,False,False,0
Veo,c56e80a2-00c7-5097-9b04-dfc4e97d40be,scooter,39.990233,-83.004791,,28.14,True,False,False,0
Veo,fb2884bc-aae2-52fb-b891-1cded3016625,scooter,40.103414,-83.108837,,28.14,True,False,False,0
Veo,bda225cf-ea5e-5f22-8809-4ee6474a12f9,scooter,39.962161,-83.004135,,25.12,True,False,False,0
Veo,9a2268b7-463f-5733-ab8f-b131f314c8bb,scooter,39.965975,-82.997001,,21.77,True,False,False,0
Veo,cdd56c31-a60b-5eaf-bbea-07ebbd3a008b,scooter,40.001906,-83.001153,,18.19,True,False,False,0
Veo,52e1e9e9-11a5-527a-b450-71892e6bf3d1,scooter,39.99187,-83.001756,,28.14,True,False,False,0
Veo,c38cb7f0-cd67-5c06-ba90-cc00f7e7cb20,scooter,39.993887,-82.983388,,21.15,True,False,False,0
Veo,f2560c3b-9c04-5e39-a521-c58349c754bb,scooter,39.965687,-82.996953,,5.27,True,False,False,0
Veo,26ddbc3c-b6ac-5de9-86bc-98b8ccdf64b6,scooter,39.970967,-83.001099,,24.33,True,False,False,0
Veo,1c650bc7-14fd-563f-8fca-45e96e8b5a89,scooter,40.001945,-83.007262,,27.77,True,False,False,0
Veo,4f71b06e-cd97-54ce-8b5a-2ea0e1e2a845,scooter,39.968342,-83.004065,,14.17,True,False,False,0
Veo,cde3bea2-93a4-5da5-b5da-8f912eac90c1,scooter,39.980721,-83.005678,,21.15,True,False,False,0
Veo,ac64dd97-65bc-566a-be61-f8795f8536bc,scooter,40.003776,-83.019313,,28.14,True,False,False,0
Veo,c97fa074-dccc-54f1-a039-9d667290b095,scooter,40.017116,-82.999271,,14.86,True,False,False,0
Veo,6c100135-8eed-564d-9beb-14a4b9adf6fb,scooter,39.980691,-83.005388,,12.87,True,False,False,0
Veo,86cdd3ed-6a68-5b40-bfc4-2b731f480d26,scooter,40.000649,-82.996059,,28.14,True,False,False,0
Veo,e710a255-9eb4-57fa-a7d4-822c397987d2,scooter,40.007826,-83.000521,,28.01,True,False,False,0
Veo,c40acabe-8403-5ee6-85a1-056e6ac61441,scooter,39.967684,-82.967506,,28.14,True,False,False,0
Veo,12486d29-a404-50ed-9943-759db735e78b,scooter,39.966219,-83.005048,,12.28,True,False,False,0
Veo,a3d0d3e5-3081-57f8-9401-1998ab38da93,scooter,39.935025,-82.992867,,25.74,True,False,False,0
Veo,df19912b-d1e9-5079-813f-ff8a7c16d14d,scooter,39.964235,-82.994705,,13.86,True,False,False,0
Veo,ab268965-db9d-54d7-93f7-9b9c94a4cc17,scooter,39.986159,-82.988871,,21.77,True,False,False,0
Veo,cd90f06d-af93-51aa-9443-4e269c529704,scooter,39.966012,-83.001593,,28.14,True,False,False,0
Veo,236d55c7-a5d4-5972-ac06-b44e813acc9d,scooter,39.99023,-83.004646,,28.01,True,False,False,0
Veo,d83606b6-663b-51a9-b524-b77b7faa17be,scooter,39.955069,-83.018923,,28.14,True,False,False,0
Veo,4b831cbc-7db4-508d-bb65-c029dbc4fdc3,scooter,39.993595,-82.981116,,14.17,True,False,False,0
Veo,b66a5f18-d272-5cbb-8f6b-d0f894d65fe2,scooter,39.998974,-83.019003,,11.34,True,False,False,0
Veo,a66078e0-73b5-52df-a51b-e51a86e9eb8f,scooter,39.935889,-82.988887,,26.78,True,False,False,0
Veo,97846151-50ed-5824-919f-4708e22f2173,scooter,39.965461,-82.966023,,28.14,True,False,False,0
Veo,9e76c83c-5a3e-5409-a4c1-eebaf63f119a,scooter,39.930103,-82.995248,,6.07,True,False,False,0
Veo,e7734b8e-defe-5bc3-8174-7db98dcc52ea,scooter,39.986547,-82.999568,,22.39,True,False,False,0
Veo,0eb4be27-1dc0-50b6-9b83-2a3c06140b4a,scooter,40.030361,-83.028666,,28.14,True,False,False,0
Veo,5617e9b3-744a-5c73-8d78-0da6ddfdf0b4,scooter,40.014638,-83.002802,,18.67,True,False,False,0
Veo,dfe4df6a-ebbc-5df9-bc9a-50247bfde0f5,scooter,39.972258,-83.00473,,13.1,True,False,False,0
Veo,016a5d22-eea4-54bb-87a8-1394c4469b7e,scooter,40.000265,-83.016485,,7.29,True,False,False,0
Veo,06d114c6-24d1-57fb-8cfb-10f547134930,scooter,39.973782,-83.002802,,13.64,True,False,False,0
Veo,95e59c05-fb4d-5987-8f4e-0033aa6bafb5,scooter,40.004751,-83.010668,,17.37,True,False,False,0
Veo,9fd30b4f-22a3-5beb-afb9-ec9fe2285101,scooter,39.984593,-83.018929,,7.29,True,False,False,0
Veo,f199c995-5a56-5fbc-8996-75751d7a67f9,scooter,39.965203,-82.966086,,26.51,True,False,False,0
Veo,983a82c7-a281-561d-853c-862e1f2069f7,scooter,39.970722,-83.001999,,10.79,True,False,False,0
Veo,6d242b70-c783-5f65-85ea-aa03d3ce7f78,scooter,39.942788,-83.113475,,14.17,True,False,False,0
Veo,f7d8a650-163d-557e-8118-d52838f7d7de,scooter,39.969609,-82.978265,,25.94,True,False,False,0
Veo,718c90a6-6d13-520f-9941-ef25762ff655,scooter,39.963239,-82.953301,,28.14,True,False,False,0
Veo,6e1f7173-3db7-5a7e-844d-8ccfdb0b6887,scooter,39.951319,-82.97,,25.12,True,False,False,0
Veo,862ed9f6-8c57-507e-a5b2-b3679b3c1937,scooter,39.962153,-82.954652,,23.02,True,False,False,0
Veo,105bf899-4b31-554f-8053-73517332050f,scooter,39.974426,-83.004306,,26.78,True,False,False,0
Veo,6ff0601e-a1de-5e19-a3d7-e82d25b5f67d,scooter,39.976579,-83.011064,,21.77,True,False,False,0
Veo,4668b246-9fdb-59fb-8e87-4aff8c1ecdea,scooter,39.948826,-82.999649,,17.89,False,False,True,0
Veo,8389dc33-ec11-5583-80d8-e762c83c8f67,scooter,40.009369,-83.000651,,26.78,True,False,False,0
Veo,dde399f3-d79f-5727-b90a-618c4a1ddc3d,scooter,39.977368,-83.011036,,28.14,True,False,False,0
Veo,9e69b375-bcb1-5702-9d47-8b4e613ed469,scooter,39.994125,-83.00571,,28.01,True,False,False,0
Veo,f5463442-857d-5063-b0a6-c4e010a9138d,scooter,39.984083,-83.016879,,18.67,True,False,False,0
Veo,e05d3e39-fc23-50bd-b0db-7128b1ac4068,scooter,40.018581,-82.948726,,25.12,True,False,False,0
Veo,a8f29066-7aac-53c4-9b55-dfa1ceebcdd8,scooter,40.000217,-83.014893,,5.59,True,False,False,0
Veo,da8001ba-c393-5594-ba72-2a9b9560ad78,scooter,40.002704,-83.008462,,28.01,True,False,False,0
Veo,9bfc7c8c-5c70-5ba6-8558-e3bced19b213,scooter,39.999303,-83.02147,,28.14,True,False,False,0
Veo,5b9737ef-2dbe-54a9-ade3-f9a36526aa22,scooter,40.00558,-83.014353,,11.59,True,False,False,0
Veo,8b257d6a-58bc-56c9-a551-c1ebfc72ea22,scooter,39.962408,-83.000622,,13.39,True,False,False,0
Veo,275f8174-4e17-56df-96cc-d8f676855bfd,scooter,40.000994,-83.008491,,21.15,True,False,False,0
Veo,266e4151-d60a-54e3-8f3a-6dbcb5249115,scooter,39.969976,-83.002295,,25.65,True,False,False,0
Veo,b5e0c8a4-ea43-5684-9761-80f13331bd82,scooter,39.985363,-83.006466,,10.51,True,False,False,0
Veo,e35a88a9-c549-5dc5-a601-2700a64ab251,scooter,39.993956,-82.983375,,28.14,True,False,False,0
Veo,90179939-df89-5b87-9e7a-7185a5c75f43,scooter,39.990358,-83.005076,,23.02,True,False,False,0
Veo,8216f3cb-d89f-5ed3-89b8-f7bea1fc111f,scooter,39.96204607615513,-83.00383756281745,,22.39,False,False,True,0
Veo,5b4dffb2-df01-5c65-b4f7-13ebc791321e,scooter,40.001025,-83.008432,,14.86,True,False,False,0
Veo,a3780c5c-d20e-56a6-b5f5-ef3d889bf982,scooter,39.99879,-83.015254,,24.84,True,False,False,0
Veo,e42fcbe8-d1d6-5899-a4ad-6ae8a1449d05,scooter,39.998401,-82.974879,,12.63,True,False,False,0
Veo,159bc08f-ab5a-558e-a839-2484493bffe8,scooter,39.957426,-83.011454,,25.12,True,False,False,0
Veo,4519dfaa-436d-5701-8cc2-6482bcd51bf3,scooter,39.948379,-82.970296,,28.14,True,False,False,0
Veo,de81a6df-524b-5642-bfea-587dde628bfb,scooter,39.973297,-82.970068,,8.78,True,False,False,0
Veo,0da13aaa-28b5-5ad6-a8a9-f3378b04155d,scooter,39.968948,-83.003814,,25.34,True,False,False,0
Veo,64dc22bd-b03a-5053-b98a-f177177b03d6,bicycle,40.01203,-83.005751,,25.34,True,False,False,0
Veo,a3e02a42-0e43-5eee-86b9-1654ca52ccc6,scooter,40.039623,-82.995468,,27.77,True,False,False,0
Veo,f39c0020-f8d3-520f-a586-dcd42d8f7dc1,scooter,39.993876,-83.022174,,15.18,True,False,False,0
Veo,cce66784-ca6c-55cc-af6e-b6634d3f7c70,scooter,39.958529,-83.01466,,27.02,True,False,False,0
Veo,d81e798a-b5dc-59f4-921e-dce3a1151705,scooter,39.951306,-82.979189,,27.02,True,False,False,0
Veo,0a8e7e7f-b005-5283-931e-c0eb8af4e909,scooter,39.994192,-82.994603,,25.94,True,False,False,0
Veo,9e395b10-0d78-553e-af50-923611d35cfb,scooter,39.94311,-83.022484,,0.33,True,False,False,0
Veo,24bceaac-eb7a-5467-83f8-eee38691e99f,scooter,39.942042,-82.994988,,10.31,True,False,False,0
Veo,1265c018-e987-5d02-ab1e-7c84b897d012,scooter,40.001902,-83.001139,,25.34,True,False,False,0
Veo,681c4262-06d1-5616-99f5-04a3bba83424,scooter,39.972298,-83.005632,,23.02,True,False,False,0
Veo,1f7165f5-0f82-53d5-92c1-f18d4bac3b29,scooter,39.968868,-83.003699,,28.01,True,False,False,0
Veo,8786856f-3be0-5323-b333-b1cc26b897d9,scooter,39.99538,-82.983376,,27.02,True,False,False,0
Veo,a16817a4-4891-5087-844d-01157e7b6599,scooter,39.971918,-83.005498,,7.29,True,False,False,0
Veo,9225b2ca-c855-55af-ae4b-88bc6f089e3b,scooter,39.970336,-83.002164,,26.78,True,False,False,0
Veo,ee20a454-1fba-5f83-b00e-dcf3f9dca15d,scooter,39.958898,-83.022975,,16.39,True,False,False,0
Veo,8b601d0e-42f2-5c54-ad6a-568f996a5631,scooter,39.968934,-83.003937,,23.77,True,False,False,0
Veo,6e74e563-cf84-5758-b847-7cb53f78a241,scooter,39.994327,-83.006762,,28.14,True,False,False,0
Veo,ec0af8d9-88e1-50d1-8137-fc875f7df261,scooter,39.968045,-83.008671,,25.12,True,False,False,0
Veo,f438014d-22d4-5168-9c02-c8f10d7663c1,scooter,39.945071,-82.867883,,27.44,True,False,False,0
Veo,20c90e26-b99a-5943-8a04-fb5b6d4b4dcc,scooter,39.988554,-83.027941,,22.39,True,False,False,0
Veo,751c7268-038e-5084-b351-54034e58f91e,scooter,39.951346,-82.979138,,26.78,True,False,False,0
Veo,72022294-fb00-5fe4-a0eb-a2b46f28d894,scooter,39.99447,-83.013713,,27.77,True,False,False,0
Veo,a9e3fb74-ed2f-594f-be9b-06bf9a5749f9,scooter,40.009725,-82.982768,,28.14,True,False,False,0
Veo,4bd09745-9976-57c2-8fac-2e5381b79e1e,scooter,39.959164,-83.001996,,28.01,True,False,False,0
Veo,1143a202-4463-59fb-8f4a-2e90c9feb99e,scooter,39.986909,-83.009466,,14.17,True,False,False,0
Veo,0ccd10d4-6eb9-5e36-9315-ac914190f2a0,scooter,39.940441,-82.986277,,9.02,True,False,False,0
Veo,98b41597-36e4-55da-86a9-6c2e7ea146c3,scooter,39.959304,-82.994903,,23.02,True,False,False,0
Veo,6c868837-d5fe-5572-9c61-6c48f484cc15,scooter,39.931091,-82.982272,,21.77,True,False,False,0
Veo,552e5cd1-2c7c-59ed-bf01-e2aa4b104553,scooter,39.968861,-83.003996,,25.65,True,False,False,0
Veo,7d82bcde-c069-5f8d-a115-69936e99aaa6,scooter,39.957344,-82.957136,,20.37,True,False,False,0
Veo,edb0c9a4-0502-51de-b50d-16f922ab766b,scooter,40.007882,-83.000515,,8.09,True,False,False,0
Veo,f794c551-cf5e-52a2-a2bf-ba4daee4535e,scooter,40.036281,-83.025703,,9.65,True,False,False,0
Veo,ea42ad03-0c50-5852-8c91-6772021e3df0,scooter,39.990285,-83.005258,,28.14,True,False,False,0
Veo,fe799fc4-2ce9-551e-87e5-359a246f623f,scooter,39.957416,-83.011398,,27.02,True,False,False,0
Veo,94f92333-f83a-5218-8a51-e4d2cfb3d121,scooter,40.106042,-83.107666,,14.61,True,False,False,0
Veo,4103ddde-174a-5358-b167-6c447182d237,scooter,39.953037,-82.992473,,26.25,True,False,False,0
Veo,94f53b30-a0b9-59e6-94a7-bddcdecdcf94,scooter,39.959398,-83.002116,,14.61,True,False,False,0
Veo,92ba9e30-4110-5366-b1f5-7e4c972aa7d7,scooter,39.945812,-83.084495,,15.18,True,False,False,0
Veo,c9e0aace-7a5d-5649-8611-b899aa9445fa,scooter,39.95746,-83.011351,,25.65,True,False,False,0
Veo,1c25ee45-b95f-5b29-8e6a-103b12f18740,scooter,40.000652,-82.996065,,17.89,True,False,False,0
Veo,e41b6b20-6a33-5ded-ae27-ccfdb186b69e,scooter,39.965317,-82.964533,,14.43,True,False,False,0
Veo,c9ba58f0-eaae-5f53-8505-371118cd8eda,scooter,39.994072,-83.00688,,8.43,True,False,False,0
Veo,40db5d9b-3d74-5ab4-89f8-dffec418018e,scooter,39.955993,-82.945274,,25.65,False,True,False,0
Veo,6c306d27-6426-52ce-b222-2da1491948a9,scooter,39.990236,-82.989775,,24.06,True,False,False,0
Veo,7cd597c6-15c7-55f0-b404-52d43ff6c87c,scooter,39.98398,-83.01677,,15.18,True,False,False,0
Veo,b1591115-9bb6-540e-bd25-57aa48226931,scooter,40.100563,-83.115627,,25.74,True,False,False,0
Veo,136591d3-6ce6-5f49-b30f-44c821cd8a2f,scooter,40.001974,-83.001149,,10.79,True,False,False,0
Veo,c225b0b2-c29f-57ab-9132-d2da153e49be,scooter,39.990163,-83.005853,,28.14,True,False,False,0
Veo,02a5fafa-c233-5241-9d5d-455a10265209,scooter,39.993546,-82.981124,,15.18,True,False,False,0
Veo,c0f7aff7-0c34-5c6b-973d-92cc465ce354,scooter,39.957743,-83.010021,,28.14,True,False,False,0
Veo,02c8554c-b32e-5238-b94d-cd530397f215,scooter,39.969037,-83.003907,,7.29,True,False,False,0
Veo,3cbdf68a-3928-535b-a14f-96d4da9dc597,bicycle,40.001991,-83.016399,,27.77,True,False,False,0
Veo,57e70dc3-18bf-56b3-887c-50811f221c7a,bicycle,39.9651,-83.00455,,15.18,True,False,False,0
Veo,dee6a573-735e-51a1-b576-10e9d5eb2c1e,scooter,40.003135,-82.998501,,15.89,True,False,False,0
Veo,d1cf8db1-36fb-579c-8bfd-bc88b2e877f4,scooter,39.93252,-82.967219,,6.67,True,False,False,0
Veo,6462ea58-bf13-56b2-a40a-e870bb01e7d8,scooter,39.986912,-83.00947,,22.05,True,False,False,0
Veo,265d158a-fc3c-5fd8-b1e7-6f209dca78bb,scooter,39.951966,-83.03577,,28.14,True,False,False,0
Veo,ddb192b0-95d0-5112-8fdb-d01a72336524,scooter,39.96891,-83.003988,,25.74,True,False,False,0
Veo,d7ea99f5-c911-5577-a454-619d2a1faa39,scooter,40.100749,-83.115544,,15.89,True,False,False,0
Veo,dad0f7dc-4b69-5f62-9715-89bb6e5325da,scooter,39.98779,-83.008412,,21.77,True,False,False,0
Veo,b375a554-eec8-5db5-802b-bdbbc4cae093,scooter,39.973751,-83.00283,,22.7,True,False,False,0
Veo,1b0fde71-f4a4-582f-8f8f-832f3373baa1,scooter,40.03268,-82.991113,,28.14,True,False,False,0
Veo,39316170-d6d7-556d-8560-ade642313001,scooter,39.951862,-82.982167,,28.14,True,False,False,0
Veo,1965df1b-4c11-5516-83da-98eebf3e966a,scooter,39.995988,-83.019833,,26.25,True,False,False,0
Veo,5d8715e8-b8bc-5de5-b607-00131511f62d,bicycle,39.993548,-83.016348,,15.18,True,False,False,0
Veo,c22bc5df-0116-5a0f-a446-afdaa7d42725,bicycle,39.956092,-82.908562,,24.84,True,False,False,0
Veo,d2b05848-8190-5868-9ed8-7fcb1c15657a,scooter,39.945394,-83.035818,,0.33,False,True,False,0
Veo,511e2d7e-2b02-51fb-9e71-b75d06083076,scooter,39.970456,-83.002211,,7.29,True,False,False,0
Veo,af6e6e90-2901-5228-8aa7-6fd0628a4a38,scooter,39.984746,-83.016851,,28.14,True,False,False,0
Veo,e3853d64-9f8b-535c-8d1a-6e42a5e271fb,scooter,39.977446,-83.011572,,25.65,True,False,False,0
Veo,744e2591-c596-522b-8141-a7342fd5a5c7,scooter,40.01158,-82.978088,,28.14,True,False,False,0
Veo,eb7dc1b2-dbc8-5d0d-a8c2-c5ddfb94fd0e,scooter,39.933192,-82.955162,,28.14,True,False,False,0
Veo,fd52b876-5819-584c-a6cd-25f85298ca41,bicycle,39.966735,-82.993107,,9.65,True,False,False,0
Veo,829f241d-8ef4-5649-8911-f18414707ad0,bicycle,39.936668,-82.993026,,13.1,True,False,False,0
Veo,b1d34ab6-e426-569f-9d2e-1620c41080d8,bicycle,40.104236,-83.111511,,27.77,True,False,False,0
Veo,0bbdc084-dd8b-5598-9953-f832fcd9a07f,bicycle,40.002121,-83.008942,,25.65,False,False,True,0
Veo,3518dec1-484e-5b9b-93ba-0e6344693692,bicycle,39.956635,-82.988601,,22.7,True,False,False,0
Veo,73ce532c-2bdb-5b02-965f-046b4d5f2458,bicycle,40.014647,-83.000213,,28.14,True,False,False,0
Veo,911095ae-8f98-5ea1-bf24-d53db0ea74ba,bicycle,39.961836,-82.981426,,1.15,True,False,False,0
Veo,a7e98665-a3bf-5d08-b94d-22ac373558c9,bicycle,39.94898,-83.03193,,12.63,True,False,False,0
Veo,bc97a4a9-4a3f-5c29-98ec-9a62f4f6257e,bicycle,40.001043,-83.008543,,14.43,True,False,False,0
Veo,65b16423-7f05-5535-9590-a068ff24a54a,bicycle,39.95603,-82.945271,,28.14,True,False,False,0
Veo,7e2e4124-d0be-5c0c-8ad5-ec4a96db290c,bicycle,39.968998,-82.940347,,28.14,True,False,False,0
Veo,faa2f63c-42d2-5e27-ae78-a1cf3023d463,bicycle,40.000218,-83.018003,,25.94,True,False,False,0
Veo,a9c544b8-0354-504a-991b-86705eda7c5f,scooter,40.004759,-83.010575,,22.05,True,False,False,0
Veo,0ef0a9f7-6bd7-5e34-8f03-c8cca09461bb,scooter,39.951592,-82.998501,,26.25,True,False,False,0
Veo,cdcbb624-eb18-554b-80c0-cf1a1c03dce0,scooter,39.997642,-83.015029,,13.1,True,False,False,0
Veo,26d4b86d-6b68-51e8-8ad4-cadb6265e495,scooter,39.969645,-82.969336,,28.14,True,False,False,0
Veo,9a325467-aedd-5e43-a355-a45840b7a16d,scooter,39.974199,-83.001224,,20.37,True,False,False,0
Veo,eb5cf946-7f6d-5eaf-822b-f522075fb9fb,scooter,40.018197,-83.024699,,24.33,True,False,False,0
Veo,a7380763-be93-56ad-bf92-08deeefcc6c8,scooter,39.999276,-83.021497,,28.14,True,False,False,0
Veo,4c3f0ddf-3041-5ff5-ab97-b20c2a9ce61c,scooter,39.969199,-82.998431,,13.1,True,False,False,0
Veo,3514aa26-bb67-5444-aebd-43243f41377c,scooter,39.956032,-82.945273,,28.14,True,False,False,0
Veo,57e97385-ff7a-5184-9fb5-684cce78e2b2,scooter,39.932971,-82.997516,,25.34,True,False,False,0
Veo,a22710d6-9d00-5291-aea5-10a5d21b9222,scooter,39.966045,-83.0026,,22.7,True,False,False,0
Veo,46af2117-3384-55bc-92df-e36513a6578f,scooter,39.983832,-83.026345,,23.77,True,False,False,0
Veo,8bfafeb1-f82e-5c29-b6dc-22847110b3ca,scooter,39.96879,-83.003782,,10.51,True,False,False,0
Veo,808f3522-5c5c-57ce-af87-f8ad4c6d0d36,scooter,39.946082,-83.036078,,19.78,True,False,False,0
Veo,f1cef74c-def4-5665-980e-75a31a15ee97,scooter,39.99192,-83.006539,,13.1,True,False,False,0
Veo,69cdb86c-bd81-5d8f-8fc5-6fef299d67bb,scooter,39.968939,-83.003875,,17.89,True,False,False,0
Veo,5d67be89-ed50-5717-bc85-2cc84b04d8ab,scooter,39.999292,-83.021502,,12.52,True,False,False,0
Veo,042e9d06-2f4b-5fa5-9804-7ec384a51895,scooter,39.951786,-82.955798,,25.94,True,False,False,0
Veo,bb55fcb8-87cd-5e33-8282-cf21cd2eda94,scooter,40.103855,-83.108858,,28.14,True,False,False,0
Veo,192f3eba-4af6-51a9-b71c-c1e31cf6777a,scooter,40.001049,-83.008421,,10.51,True,False,False,0
Veo,1c0101c2-be56-5fbc-b590-a31a63dc6f01,scooter,39.957382,-83.011369,,18.19,True,False,False,0
Veo,c424ffb6-2394-5b5c-ad56-2e12e2a2abe0,scooter,39.958563,-83.002773,,14.43,True,False,False,0
Veo,fe3f99d1-0e65-5a74-a8f0-ffc561fdd09b,scooter,39.994144,-83.005747,,25.65,True,False,False,0
Veo,8390805e-e3ad-52b2-8ebe-e30cb4363d6a,scooter,39.949669,-83.00047,,28.14,True,False,False,0
Veo,190639ab-90cf-504d-8811-bfbad8a1d4fd,scooter,39.993322,-83.016713,,23.02,True,False,False,0
Veo,db23019e-5517-5289-a6c6-0b05787c0524,scooter,39.972112,-83.002668,,15.89,True,False,False,0
Veo,932c5a3b-c5b7-5b73-97fe-4215e8327f1b,scooter,39.998457,-83.030991,,26.25,True,False,False,0
Veo,038a781f-5c6a-525e-b910-d6c0c031a916,scooter,39.973798,-83.002801,,27.02,True,False,False,0
Veo,2d8ad44a-8221-5a86-95e6-18c3e6a0e0d9,scooter,39.963013,-83.004262,,15.18,True,False,False,0
Veo,b20d8136-be91-5588-bb12-88f3381cc28e,scooter,40.003162,-83.011605,,16.39,True,False,False,0
Veo,2a00c598-95c7-56ad-8553-33e191af2704,scooter,39.964544,-82.982148,,28.14,True,False,False,0
Veo,e0ea99b7-59a5-5970-849d-c243de733240,scooter,39.966019,-83.001567,,28.14,True,False,False,0
Veo,d3341f4e-fc05-5351-aa7f-e29422246555,scooter,40.105706,-83.103556,,6.98,True,False,False,0
Veo,9e336f09-e5ff-53f4-b83a-1cd3e021108d,scooter,40.001583,-82.997319,,10.51,True,False,False,0
Veo,177504c9-ef82-54d3-abe6-909e9c6e7ddb,scooter,39.952677,-82.993837,,9.29,True,False,False,0
Veo,42015d2e-553d-5c38-8c44-3067906a9f7c,scooter,39.968079,-83.00872,,26.78,True,False,False,0
Veo,7080780c-f922-5e90-bc03-9874b1446472,scooter,39.954944,-82.976475,,20.78,True,False,False,0
Veo,f36627d1-6bf3-513f-a673-5b361e89688c,scooter,39.95901,-83.010899,,27.02,True,False,False,0
Veo,f33d3024-b69b-581d-a9ee-f5a75343765b,scooter,39.968882,-83.003856,,20.37,True,False,False,0
Veo,954c2fd1-ace6-5c8a-9e9d-03ce1052c99e,scooter,39.970153,-82.979079,,25.12,True,False,False,0
Veo,2f9f2560-6659-55bb-a643-f40dd8289aa7,scooter,39.954828,-83.006883,,25.65,True,False,False,0
Veo,ba542444-fdd5-56a3-a13d-06eace820061,scooter,39.989574,-83.004797,,15.89,True,False,False,0
Veo,aeaf5079-0e35-5e65-9460-9e92956c770f,scooter,39.970293,-83.002048,,19.05,True,False,False,0
Veo,24329592-d8de-5aff-9ebb-3d6786c1c48e,scooter,39.923852,-82.993518,,13.86,True,False,False,0
Veo,a2a413c3-cf09-5ed1-8dae-3f8d2938b3eb,scooter,39.963227,-82.98132,,25.94,True,False,False,0
Veo,02e799ec-8085-5faa-954f-4bc81c774bef,scooter,39.998012,-83.00957,,14.61,False,True,False,0
Spin,2f51f12a-58b4-4d87-8a96-1f20ad62f92d,e-bike,40.00685465,-83.00941970000001,55,14.93,True,False,False,1787083903
Spin,615227a7-8b61-4115-a771-c60197bd75eb,e-bike,39.96747253333333,-83.01475370000001,28,7.61,True,False,False,1787083962
Spin,2ff173dc-80e6-4419-92c3-52c56ea692ad,e-bike,39.967429233333334,-83.0147679,67,18.15,True,False,False,1787083899
Spin,9d823ee0-0e77-418e-898d-55491f819b4c,scooter,39.994899,-83.001456,38,10.24,True,False,False,1787083924
Spin,33b7000e-07f1-44cb-a28d-f165205dfe31,e-bike,39.967477333333335,-83.0147225,55,14.93,True,False,False,1787083975
Spin,a94ad472-332c-469b-99aa-b9d871312f0a,e-bike,39.97463833333334,-83.00298166666668,20,5.56,True,False,False,1787083841
Spin,7de7ca76-00ba-4138-a509-7c012e4202bb,e-bike,39.96744813333333,-83.0147662,67,18.15,True,False,False,1787083965
Spin,88305dd3-0c86-457e-af8a-c64ffc3ad262,e-bike,40.014075000000005,-82.97450666666667,30,8.19,True,False,False,1787083692
Spin,8cd00c4c-cb43-4365-869b-580822aba06c,scooter,39.957143,-83.041267,18,4.98,True,False,False,1787083956
Spin,0ab62032-9003-426a-89f1-8f26a5bbd733,scooter,40.001182,-82.996134,65,17.56,True,False,False,1787083933
Spin,3328261e-49ac-42fc-8f10-319e40e0003f,scooter,39.97635,-83.0049,53,14.34,True,False,False,1787083714
Spin,f6708e71-3e19-478d-a514-410e0872ac7b,scooter,39.994421833333334,-82.99584203333333,60,16.39,True,False,False,1787083929
Spin,0ff456f6-215a-47a8-8068-83c3dc3413e8,scooter,40.031882,-82.97342,60,17.15,True,False,False,1787083979
Spin,879c430a-19db-4f73-b6c9-1132abebafbd,scooter,39.985566,-83.009611,62,16.97,True,False,False,1787083977
Spin,83adbea2-7714-4a84-8739-d6f1ce3ea7f7,scooter,40.000444,-82.979839,40,10.83,True,False,False,1787083910
Spin,c92fc934-5bf5-4ade-9b6b-f2c7efc2dc89,scooter,39.927627,-82.995542,33,9.5,True,False,False,1787083952
Spin,36a90ad2-90bc-44a6-a342-6464e97d1cdd,e-bike,39.92766166666667,-82.99551500000001,80,21.66,True,False,False,1787083922
Spin,fd787e26-77ae-4b2c-9eb4-5b479ca7b76a,scooter,39.935425,-82.983789,23,6.43,True,False,False,1787083833
Spin,9ce66573-eb0c-4aa6-acc2-527ac09bb71a,scooter,39.963747,-83.000642,29,8.27,True,False,False,1787083712
Spin,d3824cfb-5871-4d44-8ccf-dd6e0c81b72c,scooter,40.014584,-82.985558,77,21.07,True,False,False,1787083941
Spin,8e81e819-eb9b-450d-a4bc-7c6efc7bdc48,e-bike,40.01405666666667,-82.97467333333334,75,20.49,True,False,False,1787083840
Spin,ed8fe190-f0a0-40e8-80be-46e575c7e6e6,scooter,40.007172,-82.97129,30,8.19,True,False,False,1787083969
Spin,f094e6b7-83f1-4ad5-812f-38e6ad94e5b5,scooter,40.014651,-82.991123,69,19.61,True,False,False,1787083886
Spin,f3cc1a79-cca3-4527-b00d-9cd5a35cc66b,e-bike,39.93204333333333,-82.98554333333335,84,22.83,True,False,False,1787083878
Spin,9709472a-9b6c-4433-bb14-6ae7acad756d,e-bike,39.95891833333334,-83.00837333333332,31,8.49,True,False,False,1787083884
Spin,03122b96-b6c2-4204-af71-6f3b1cc7fbdd,scooter,39.925104,-82.988238,54,14.63,True,False,False,1787083927
Spin,78a1fe5d-e521-4982-b380-d81de1a18078,scooter,39.987151,-83.012041,17,4.68,True,False,False,1787083834
Spin,114c521c-248b-49fe-86e7-0e5f59e737aa,e-bike,39.935134999999995,-82.99286333333333,72,19.61,True,False,False,1787083842
Spin,08689549-1cda-4d8e-831d-8adf4d23e5dd,scooter,39.935158,-82.992845,71,19.32,True,False,False,1787083976
Spin,b25af56a-0ff2-440d-8313-4f8caa204a7f,scooter,39.939691,-82.987684,80,21.66,True,False,False,1787083951
Spin,6cf1d619-354f-4ec3-9234-4f83c469445b,scooter,39.939674,-82.987702,78,21.36,True,False,False,1787083979
Spin,128009ac-699f-437b-8285-3c90362b4a9d,e-bike,40.01396833333333,-82.97230999999998,38,10.24,True,False,False,1787083819
Spin,708f6002-5851-43a6-b6c9-536c08a060d4,e-bike,40.016976666666665,-82.97837833333332,30,8.19,True,False,False,1787083843
Spin,dc6bb5d2-3fa8-485f-bba2-cd1937bf3a71,e-bike,40.016985,-82.97838833333331,43,11.71,True,False,False,1787083841
Spin,553cc430-7424-4eba-8832-fd1f21e818cd,e-bike,40.01406333333333,-82.97450166666667,44,12.0,True,False,False,1787083861
Spin,9c2a3ced-a85b-449c-8f4f-f09d35ca7d28,scooter,39.956204,-83.001023,81,22.98,True,False,False,1787083885
Spin,0f6bc22e-6fc3-4eee-8226-5b8999557cec,e-bike,39.95726953333334,-83.01276440000001,30,8.19,True,False,False,1787083897
Spin,931d8569-0fc3-477a-b923-75b95d408ca1,e-bike,39.95726413333333,-83.0126254,73,19.9,True,False,False,1787083859
Spin,475e2d9e-85d9-4ec7-a496-910cca37a87f,e-bike,39.95727913333334,-83.01263159999999,27,7.32,True,False,False,1787083864
Spin,965396eb-3594-45eb-a10e-23b8aa998dc7,e-bike,39.95725013333333,-83.0126457,71,19.32,True,False,False,1787083938
Spin,0439cf1e-c927-459f-b3fe-9f9dd8805232,e-bike,39.95725093333333,-83.0126501,73,19.9,True,False,False,1787083945
Spin,79c0f877-5b69-4c04-90c9-0733924eb3b5,scooter,39.960799,-83.013962,81,21.95,True,False,False,1787083928
Spin,915bcc24-0ae0-47d9-bd13-ea3fd78c42d0,scooter,39.960795,-83.013935,78,21.36,True,False,False,1787083970
Spin,0af2bcf4-3faa-4e74-9a32-4231f46a9f39,scooter,39.960752,-83.013969,81,21.95,True,False,False,1787083924
Spin,e3471dae-19db-46de-b543-b9fd2d85919e,scooter,39.960776,-83.013926,38,10.24,True,False,False,1787083906
Spin,8f438fd2-5cdf-4146-9fd1-a550b247111b,e-bike,39.960735533333335,-83.0136221,67,18.15,True,False,False,1787083969
Spin,86b89818-7199-4715-9dfd-78c013842c8d,e-bike,39.998965,-83.00735000000002,84,22.83,True,False,False,1787083961
Spin,547a617a-1cd4-4515-935e-e4fe3138394b,scooter,39.998665,-83.001551,77,21.07,True,False,False,1787083924
Spin,ebb3c96b-a50b-4c13-a30e-045f24f4f457,scooter,39.963251,-82.9534,83,23.59,True,False,False,1787083951
Spin,4e1c38fe-9a2b-4ed8-bc0c-471a585303d1,scooter,39.976167,-83.003451,53,14.34,True,False,False,1787083726
Spin,97aa4a42-4bcb-487a-9959-c6861a7ede26,scooter,39.974087,-82.953899,25,6.73,True,False,False,1787083732
Spin,f09738d7-0b28-44fa-98b6-ca32f505ee98,scooter,39.958903,-83.024576,28,7.61,True,False,False,1787083772
Spin,8c221411-6df2-40f2-9bee-c69ac53407b3,scooter,39.957424,-83.012913,41,11.64,True,False,False,1787083873
Spin,d22f650b-cfbd-4893-84d2-23f736509e9c,scooter,39.957402,-83.012836,39,10.54,True,False,False,1787083817
Spin,541e9bd4-591e-45c3-9ef7-5204331b06f6,scooter,40.017008,-82.978405,80,21.66,True,False,False,1787083940
Spin,669f66fd-6d3e-44ee-988c-f3bba026ff9e,scooter,40.016981,-82.978373,48,13.17,True,False,False,1787083846
Spin,dd7f1ce7-b529-458e-a63e-3eca0b711249,e-bike,40.014064999999995,-82.97468333333333,92,25.17,True,False,False,1787083839
Spin,dd9d6e76-d21f-40c6-9e42-85f360696a21,e-bike,40.01416666666667,-82.97677166666666,78,21.36,True,False,False,1787083875
Spin,c116959d-9c6f-4571-8367-a14e6936b45b,scooter,39.987331133333335,-83.0082257,73,19.9,True,False,False,1787083945
Spin,afc103ff-a7da-465e-83eb-d782a3a6f38b,scooter,40.014888,-82.992537,57,15.51,True,False,False,1787083960
Spin,377a3fb7-756b-42c4-a245-f439fe496297,scooter,39.992839,-83.012307,57,15.51,True,False,False,1787083978
Spin,e22f9689-4a41-4202-8dd2-bea8c63495e0,scooter,39.960793,-83.013881,59,16.1,True,False,False,1787083900
Spin,c261ffee-0d4d-4151-a07e-144f7d8fd335,e-bike,39.960726666666666,-83.01401666666668,44,12.0,True,False,False,1787083877
Spin,e5293b1b-c20e-4c6c-ac8b-62d828a7bab3,e-bike,39.96075833333334,-83.0139674,24,6.44,True,False,False,1787083966
Spin,9d9d92fa-74de-40cb-9b17-cf33eaaf16ee,scooter,39.99742,-82.998962,56,15.93,True,False,False,1787083713
Spin,7a1a8563-93c4-4ea2-af74-5e53c5dd7f59,scooter,39.98291303333333,-83.00669520000001,30,8.19,True,False,False,1787083866
Spin,f9c3a4eb-7b17-4791-8c0f-99aec4400c2c,scooter,39.957422,-83.012903,63,17.27,True,False,False,1787083837
Spin,46c9cec1-0ed2-46f1-adee-d2967b6d3988,scooter,39.962263,-83.000839,45,12.29,True,False,False,1787083961
Spin,9983cb39-a35b-4d0d-a590-57b68d2789f5,scooter,40.0074802,-83.00932480000002,22,5.85,True,False,False,1787083956
Spin,8953ce47-c57b-48a2-a4b5-cff874dddc5d,scooter,39.958384,-83.009186,49,13.46,True,False,False,1787083925
Spin,9e18d034-c801-459b-b4b2-710f2841aad9,scooter,39.98386513333333,-83.0036193,69,18.73,True,False,False,1787083969
Spin,224d9529-7760-48dd-86ef-4c57542a0ae9,e-bike,39.97762315,-83.00519680000001,38,10.24,True,False,False,1787083918
Spin,1c943176-9c27-4075-897d-cf25968d943f,scooter,39.967637233333335,-83.00071299999999,39,10.54,True,False,False,1787083832
Spin,5d08bdc6-8e1d-422a-befe-deffae0dfba3,e-bike,39.985413333333334,-83.00536333333334,52,14.05,True,False,False,1787083881
Spin,03df6f1f-21b6-4ffa-9e61-c6552812b818,scooter,39.947282,-82.9973,73,19.9,True,False,False,1787083743
Spin,c2e156ff-a60a-4b39-b927-2fb226338258,scooter,39.96049,-82.975099,85,23.12,True,False,False,1787083963
Spin,86437e64-4aef-4907-a80b-cbe41228e422,scooter,39.98712343333333,-83.00434859999999,61,16.68,True,False,False,1787083784
Spin,300631dd-1806-4352-9278-3cd01ab145f5,e-bike,39.963051666666665,-83.00430999999999,43,11.71,True,False,False,1787083891
Spin,3b17a042-e108-436d-9cbc-af50918c89db,e-bike,39.978471666666664,-83.00336833333334,73,19.9,True,False,False,1787083889
Spin,f405218f-8f9e-41b2-90f1-d8a0e941cbd3,scooter,40.009505,-82.983479,59,16.1,True,False,False,1787083944
Spin,a2b0153d-a2d9-4a20-a8df-549de3d64bdb,e-bike,39.967457599999996,-83.01478766666666,75,20.49,True,False,False,1787083946
Spin,e9a8d3ed-d025-4786-8483-b0f258ef7508,scooter,39.99649933333333,-82.99912493333335,76,20.78,True,False,False,1787083799
Spin,545a244b-9739-48d4-b978-f7d66aae273a,e-bike,39.98614333333333,-83.00542666666666,41,11.12,True,False,False,1787083907
Spin,2bf2d2c9-8aff-4cfe-8510-bf2b59093098,e-bike,39.957445,-83.01285000000001,78,21.36,True,False,False,1787083898
Spin,9c11ce10-2233-4fb1-852b-67595b1c787f,e-bike,39.957485,-83.012835,77,21.07,True,False,False,1787083843
Spin,b7bff983-1004-420d-b175-1f25e0734ffe,scooter,39.960677,-83.013899,52,14.05,True,False,False,1787083965
Spin,61adc71a-2986-4f0e-aff9-104ab0e91c47,scooter,39.960693,-83.01383,76,20.78,True,False,False,1787083960
Spin,c01764d3-579d-4a2e-b0f0-aaaefeb2e410,scooter,39.960725,-83.013909,76,20.78,True,False,False,1787083753
Spin,348f3e30-574d-4641-a990-c4dab69b03bb,scooter,39.960828,-83.014016,78,21.36,True,False,False,1787083900
Spin,a51b7ea6-1bf1-4a31-936a-9d9813937d70,e-bike,39.960665,-83.01261833333335,27,7.32,True,False,False,1787083851
Spin,659aada4-8aa4-410b-97f8-4adfde2f458d,e-bike,39.95759833333333,-83.01142999999999,78,21.36,True,False,False,1787083824
Spin,eb2fde1f-0447-4781-aa31-81116faa72dd,scooter,39.960705,-83.012668,75,20.49,True,False,False,1787083960
Spin,79798196-5f98-4453-92a4-0774ea918ccf,scooter,39.960812,-83.012639,73,19.9,True,False,False,1787083706
Spin,5a703c61-cdda-401e-a283-0b9ae4133da0,scooter,39.960759,-83.01278,62,16.97,True,False,False,1787083910
Spin,a4dd963c-0352-4c26-b69d-8b945b162a5e,scooter,39.960824,-83.01276,80,21.66,True,False,False,1787083760
Spin,b72486aa-75b9-4d8a-9b84-c48d08c0751d,scooter,39.971639849999995,-83.00256499999999,32,8.78,True,False,False,1787083935
Spin,ebd9d859-29d4-4c00-ae09-1bf398043b85,scooter,39.97162345,-83.0025595,30,8.19,True,False,False,1787083853
Spin,123fd357-8d7c-48f5-9bb7-a5ace6313d28,scooter,39.97076835,-83.00211110000001,22,5.85,True,False,False,1787083967
Spin,b3f42e05-d757-4873-878a-e57c4b4e39d6,scooter,39.97075325,-83.0021488,54,14.63,True,False,False,1787083786
Spin,03d22603-90ff-49fb-a3f4-904a3de63878,scooter,39.947532,-83.051825,58,15.8,True,False,False,1787083975
Spin,9ec029ba-add3-442f-92a7-2b16ea0fd559,scooter,39.947698,-83.050911,70,19.02,True,False,False,1787083850
Spin,6e9a02c9-a67c-4cd0-baf1-ff6373f394ed,scooter,39.947951,-83.049368,55,14.93,True,False,False,1787083951
Spin,903ce720-cd0e-41ed-a776-11eb6655bc11,scooter,39.9486,-83.046769,68,18.44,True,False,False,1787083921
Spin,7c64deb9-780d-42fc-9a64-3f476dfce13e,scooter,39.960823,-83.014082,87,24.81,True,False,False,1787083971
Spin,81fd9252-152a-4dc6-88da-225ea73abfcc,e-bike,39.960795,-83.01395499999998,42,11.41,True,False,False,1787083829
Spin,9c15e596-5687-4895-8b49-26c884a92d6c,scooter,40.008122,-82.970971,66,17.85,True,False,False,1787083960
Spin,36748864-f004-40bb-8dc6-b6e44e56a45b,scooter,39.99012893333334,-83.0075174,31,8.49,True,False,False,1787083873
Spin,ea21244e-c6d6-4978-a76f-61977351c846,scooter,40.007154,-82.971306,89,24.29,True,False,False,1787083909
Spin,b525b6ac-0377-4154-94fb-36a75f44533e,scooter,39.95849,-83.042385,81,22.98,True,False,False,1787083878
Spin,d8805e40-f1d4-4908-b7aa-a7829a8f67b9,scooter,40.000423,-82.979765,90,24.58,True,False,False,1787083801
Spin,656e755a-43ea-41ea-b436-ec910269e96c,scooter,39.997249,-82.977861,60,16.39,True,False,False,1787083890
Spin,2b86fe7e-713b-4f87-86f5-cb3fdef5b24e,scooter,39.997216,-82.977852,75,20.49,True,False,False,1787083973
Spin,4bd9f83f-0211-47c7-9fcd-608eb5fc49c1,scooter,39.997206,-82.977867,76,20.78,True,False,False,1787083893
Spin,69200104-877b-4dae-abc0-02238bea14ec,scooter,39.99722,-82.977834,65,18.38,True,False,False,1787083808
Spin,4e0b4a61-92f8-4636-a3a2-f0d2231b603e,scooter,40.013603,-82.967648,80,21.66,True,False,False,1787083950
Spin,2cc44248-bcff-48bc-894a-097e07b56558,e-bike,39.99380333333333,-82.98245166666666,73,19.9,True,False,False,1787083881
Spin,6f7b7734-8f6d-4757-b48c-293d50d25424,e-bike,39.99380166666666,-82.98244500000001,30,8.19,True,False,False,1787083812
Spin,7868a435-16ff-4508-ac07-0947b9182b2f,scooter,40.000614,-82.973327,57,15.51,True,False,False,1787083970
Spin,b84ef442-b52a-4bda-85ec-d6543e30cf6a,e-bike,39.96746853333333,-83.01478,87,23.71,True,False,False,1787083963
Spin,6b71a385-9e09-43d8-8f19-fbec25afb952,e-bike,39.974473350000004,-83.00325300000002,62,16.97,True,False,False,1787083874
Spin,ad7cab5a-8992-4753-b866-aeef6832c2d4,e-bike,39.985855,-83.004945,40,10.83,True,False,False,1787083747
Spin,9f479ea0-e41b-4514-8c50-db94534c385c,e-bike,39.985879999999995,-83.00503333333333,25,6.73,True,False,False,1787083778
Spin,09b2f0f6-f9ab-4ec1-9d6a-922d7ae965f3,scooter,40.022987,-82.982301,78,22.36,True,False,False,1787083970
Spin,5ac393ab-8c84-4806-b4d3-5508cf7512d2,scooter,39.98680713333333,-83.0048684,47,12.88,True,False,False,1787083918
Spin,5f7cb60f-7b28-45be-a256-333a6f1c6095,scooter,39.98693443333333,-83.0042682,57,15.51,True,False,False,1787083962
Spin,8067d1cc-94e8-472f-96c8-264b7cd2ddd8,scooter,40.017093,-82.965547,88,25.12,True,False,False,1787083875
Spin,8914644f-69d8-48fb-bdef-653147e79163,e-bike,39.959022733333335,-83.00911300000001,63,17.27,True,False,False,1787083964
Spin,91436434-cf66-49fb-aad4-52723855d303,scooter,39.984904,-82.997003,29,7.9,True,False,False,1787083921
Spin,d7a2b6b2-062c-4994-955c-631fce312476,e-bike,40.01201833333334,-83.01061833333333,92,25.17,True,False,False,1787083930
Spin,461a855c-9374-4b4f-8335-bcff637917ee,e-bike,39.99335633333333,-83.0060121,33,9.07,True,False,False,1787083773
Spin,5465167c-fee1-4abc-aced-ca61b2089733,scooter,39.971084,-83.007319,43,11.71,True,False,False,1787083830
Spin,6f0e04d4-ee00-4407-95e9-4414ba1e554c,e-bike,39.96644153333333,-83.00312110000002,59,16.1,True,False,False,1787083907
Spin,f832a650-cf02-41a2-ad09-75a05c83cdd5,e-bike,39.98645583333334,-83.00530380000001,22,5.85,True,False,False,1787083822
Spin,f7bac24e-f08e-467c-941e-b39d976c3b3a,e-bike,39.97711195,-83.005056,44,12.0,True,False,False,1787083931
Spin,4b36a4d8-f6c2-48d3-9160-3ce9040d8edb,scooter,40.017047,-82.96557,73,19.9,True,False,False,1787083968
Spin,7d1312d0-d063-4e21-87de-68778491ceff,scooter,40.017039,-82.965525,72,19.61,True,False,False,1787083758
Spin,baf1fdb5-44e3-4a43-aaeb-d42ab2193927,e-bike,39.994116999999996,-82.99325536666666,32,8.78,True,False,False,1787083886
Spin,2ab4c27e-a73d-4fec-8a03-40fc074e0b17,e-bike,39.97141935,-83.00557140000001,60,16.39,True,False,False,1787083905
Spin,12e06246-b5d2-4f86-a19a-6516237d462b,scooter,40.037619,-82.999726,69,18.73,True,False,False,1787083920
Spin,a6675aac-36e1-4bc9-9e40-0d9a9f92b7a0,scooter,40.015484,-82.966236,70,19.91,True,False,False,1787083907
Spin,80d7dcf7-310a-45a3-a65d-fe1146ec4c05,scooter,40.015507,-82.966327,72,20.52,True,False,False,1787083863
Spin,2931ab13-cc06-419d-a584-e45874672cd1,scooter,39.97714785,-83.00459199999999,59,16.1,True,False,False,1787083860
Spin,62c0c833-e246-4b83-b9de-6ca75ae828d4,e-bike,39.95741073333333,-83.01129719999999,48,13.17,True,False,False,1787083979
Spin,a38f5b88-f60f-4dd6-9f8b-0b074d51562c,scooter,39.955558,-83.012572,49,14.09,True,False,False,1787083907
Spin,8b1025a2-ba75-4757-a0a8-b327909af178,e-bike,39.96336893333333,-83.0041509,61,16.68,True,False,False,1787083961
Spin,9ea56b31-0c12-4a82-adfa-9d83018c5179,e-bike,39.956027533333334,-83.0115424,65,17.56,True,False,False,1787083954
Spin,2f02331b-53cf-4c36-a6d9-c4e5fee4ab2d,e-bike,39.96337693333333,-83.00412759999999,55,14.93,True,False,False,1787083922
Spin,4ce62f74-79af-40c2-8c3b-dce5e53dd30c,scooter,40.015157,-82.97015,41,11.12,True,False,False,1787083715
Spin,acf9b5aa-e234-4ef5-9b50-74b12f1d4c3c,scooter,39.98588,-82.98939,25,6.73,True,False,False,1787083771
Spin,e07caea8-8d5d-4c25-b9d8-efdf921956d6,scooter,39.998806933333334,-83.00508239999999,33,9.07,True,False,False,1787083857
Spin,0deea613-807a-4749-8195-5d2e893fd363,scooter,39.963241,-82.981361,78,21.36,True,False,False,1787083827
Spin,f79f2cf7-255f-4f06-a048-d3cc5b8820aa,scooter,39.96183923333333,-83.0050141,49,13.46,True,False,False,1787083914
Spin,ba88376c-09fb-46e5-9b7b-44072e0b506b,e-bike,39.95740213333333,-83.01132469999999,70,19.02,True,False,False,1787083862
Spin,718475a5-e156-42c2-900c-ac060b987186,e-bike,39.95697513333334,-83.00325296666666,67,18.15,True,False,False,1787083856
Spin,8edb5772-60ee-410e-b582-4c5e85cc792b,e-bike,39.96210463333333,-83.00410859999998,85,23.12,True,False,False,1787083936
Spin,c7e1bc21-fbb4-44f2-b2ea-96d6ea0007f0,e-bike,39.95741253333333,-83.01130659999998,62,16.97,True,False,False,1787083912
Spin,d6aab79a-9168-4b0f-87d6-6e62dea31112,scooter,39.97153285,-83.0025412,85,23.12,True,False,False,1787083933
Spin,f1beef9d-0a24-4093-a7f6-8438215fc090,e-bike,39.977545250000006,-83.00515859999999,89,24.29,True,False,False,1787083886
Spin,20356df7-2c32-4e41-976d-8b9ea309c59c,e-bike,39.979058333333334,-83.00382666666668,70,19.02,True,False,False,1787083848
Spin,0702cca0-b4f0-430e-9132-574c1bfb0717,e-bike,39.97722555,-83.00427409999999,48,13.17,True,False,False,1787083772
Spin,0c67596c-bfdd-4323-ac7e-8f1919e6cd62,e-bike,40.06125333333333,-82.93331000000002,69,18.73,True,False,False,1787083937
Spin,de31133f-3d34-477f-9c76-803f01ce3146,scooter,40.003073,-82.998552,59,16.85,True,False,False,1787083976
Spin,d49d5300-5e88-4f7b-a1cf-c390b80c1c81,scooter,39.998949,-83.00495,52,14.05,True,False,False,1787083747
Spin,95690609-5b09-45ff-bacb-885f41c02403,e-bike,39.961901233333336,-83.0003192,25,6.73,True,False,False,1787083894
Spin,8b75bb96-0f55-446e-84c6-4c98b648ab6e,scooter,39.964245,-83.001277,65,17.56,True,False,False,1787083930
Spin,c891d7e1-695e-49f0-a4d5-a0b9de9ff8e1,scooter,39.98353,-83.004828,76,20.78,True,False,False,1787083820
Spin,6096f895-1012-455a-a143-456df57f6f1b,scooter,39.983180133333335,-83.00459479999999,56,15.22,True,False,False,1787083928
Spin,9d37888e-0bc1-4734-91bd-7fd487a0056f,scooter,39.984338,-83.029186,40,10.83,True,False,False,1787083851
Spin,52777b87-6414-4602-957f-3b8431f409e2,scooter,39.963246,-82.981375,30,8.58,True,False,False,1787083968
Spin,9ee52f1f-ab3d-4b16-a1e5-acf11d8325d0,scooter,39.963248,-82.981316,25,7.05,True,False,False,1787083900
Spin,15c492b7-9108-4161-be14-3e05258fd5d1,scooter,39.96324153333333,-82.98130023333333,85,23.12,True,False,False,1787083979
Spin,8dd3403e-386d-4429-a98e-964437c886e8,e-bike,39.986891666666665,-83.00541333333334,74,20.19,True,False,False,1787083848
Spin,32f4aa89-3799-494a-b9dd-2357c47fe74a,e-bike,39.995796633333335,-83.00652,63,17.27,True,False,False,1787083883
Spin,2002d1ed-ad8f-4e95-a9e4-bd16396402d8,e-bike,39.96174,-83.00376333333334,25,6.73,True,False,False,1787083837
Spin,a7eac57f-61fc-4917-ac6b-87edf95a86a0,e-bike,39.96909333333333,-83.00230833333332,89,24.29,True,False,False,1787083826
Spin,d7063df2-868f-48b8-b949-3761bd7e0187,e-bike,39.99388,-83.00692833333332,56,15.22,True,False,False,1787083747
Spin,c6cf83f2-aa19-418d-9d3b-383903a3df0c,e-bike,39.96074623333333,-83.0102064,33,9.07,True,False,False,1787083787
Spin,8b898c3c-5b44-44d4-b173-e763efc27d3b,e-bike,39.96151823333333,-83.00362449999999,41,11.12,True,False,False,1787083906
Spin,f1a57ed1-4332-42ea-a663-efb365b4fd8e,e-bike,39.97086886666667,-83.00221378333332,48,13.17,True,False,False,1787083908
Spin,0476c006-fad2-4e2b-a7ea-e16fc37776bb,e-bike,39.96718166666667,-83.00962,67,18.15,True,False,False,1787083877
Spin,b714e481-1e94-4d83-b8e7-a4642e8e435b,e-bike,39.95755723333333,-83.01145040000002,67,18.15,True,False,False,1787083970
Spin,3384219d-5248-4f1c-b741-037b2cf53b96,e-bike,39.95952483333333,-83.0026903,85,23.12,True,False,False,1787083901
Spin,cd746481-b057-43b0-9d43-4d48d92aad82,scooter,39.95888843333333,-83.0106042,86,23.41,True,False,False,1787083797
Spin,e08d49ae-5cbf-41f3-8845-d8cfd733accc,scooter,39.97553965,-83.00341279999999,37,9.95,True,False,False,1787083924
Spin,ea90e8b4-f8cc-400f-b3b8-ca2f0bfef838,e-bike,39.99290893333333,-83.0072925,35,9.66,True,False,False,1787083937
Spin,b569bc49-acc7-4c8a-b29b-2887f0654109,e-bike,39.96738523333333,-83.01917989999998,39,10.54,True,False,False,1787083945
Spin,79a83042-95c0-4934-8c04-2848411c46c0,e-bike,39.95736333333333,-83.00658849999999,25,6.73,True,False,False,1787083770
Spin,39823ef4-1852-4e14-82c4-5123f653c358,e-bike,39.95736383333334,-83.0065643,55,14.93,True,False,False,1787083945
Spin,c59bcb14-5c6e-4afe-981e-c32202b06246,scooter,39.942055,-82.994989,70,19.02,True,False,False,1787083880
Spin,a98d972d-83a6-4d2e-90d2-ae765622a21c,scooter,39.993222,-83.00647,16,4.39,True,False,False,1787083959
Spin,fa2b5cbb-8f34-4305-9586-9277a40f5e7e,scooter,39.97362995,-83.0029371,63,17.27,True,False,False,1787083944
Spin,a88cabd4-821a-4f98-aef4-e96002dc040d,scooter,39.956227,-83.001021,98,26.63,True,False,False,1787083875
Spin,5e2b66b8-7098-4087-9625-065156a60c45,scooter,39.98071,-82.990489,17,4.68,True,False,False,1787083771
Spin,d99eee30-e9ca-4b6a-81d0-1e74b0858def,scooter,39.97361,-83.002794,56,15.93,True,False,False,1787083809
Spin,20e6a03d-956b-40c9-bd74-711e2b45984e,scooter,39.97379785,-83.0036339,71,19.32,True,False,False,1787083790
Spin,1b59fadc-4cf8-47dd-ace7-a60dc1c0562e,scooter,39.963195,-82.981693,27,7.66,True,False,False,1787083968
Spin,c7717df2-6ebb-48ac-a126-d4ed41871e1a,e-bike,39.96917333333333,-83.00128166666667,38,10.24,True,False,False,1787083966
Spin,f8c15c0b-d654-47d3-be7d-399adafee7f3,scooter,39.97128635,-83.00472909999999,39,10.54,True,False,False,1787083820
Spin,7cb3ee79-b437-443f-98cb-fe4a96cf2912,scooter,39.96442673333333,-82.99458883333334,51,13.76,True,False,False,1787083959
Spin,798f0c05-400a-4e5e-a64e-1b1d02631044,scooter,40.014589,-82.982421,42,11.41,True,False,False,1787083966
Spin,ac0bdcf0-f717-4d9b-a981-1d8337b1816d,scooter,39.973622,-83.002829,52,14.05,True,False,False,1787083857
Spin,9fab5913-729f-42f1-8935-4893ec0217e8,scooter,39.972218,-83.002495,80,21.66,True,False,False,1787083900
Spin,df356020-acc3-48af-b8d3-bcc5af39ed2c,e-bike,39.969005233333334,-83.0033538,66,17.85,True,False,False,1787083890
Spin,bbeb5986-800c-44ce-aa56-1d8d09453e2d,e-bike,39.96898263333333,-83.0033884,69,18.73,True,False,False,1787083965
Spin,d8ec1c9e-ac83-484c-96c7-51c3f01328c5,e-bike,40.0150865,-83.01143189999999,22,5.85,True,False,False,1787083841
Spin,be3b010c-02af-4484-9c03-b5e613a0a87c,e-bike,40.015096666666665,-83.01162000000001,23,6.15,True,False,False,1787083860
Spin,81b2f23d-62f9-43c1-8140-a030e67933ef,e-bike,39.97105165,-83.0068459,71,19.32,True,False,False,1787083924
Spin,2ccfa9fb-3e77-496a-a1b2-a1f83633b216,scooter,39.987137,-83.003449,56,15.22,True,False,False,1787083850
Spin,6d49d70b-2434-4086-bbd1-dc9d4f1c6782,scooter,39.991362,-83.005958,33,9.07,True,False,False,1787083720
Spin,0281be5f-1839-438d-bbdb-5aefbd420fed,e-bike,40.0065893,-83.02042639999999,70,19.02,True,False,False,1787083965
Spin,184d0543-1832-4fdb-b907-97029689c859,scooter,39.94947,-83.041685,45,12.87,True,False,False,1787083735
Spin,744b1470-cee1-4001-8779-5ce95b5f2d31,e-bike,39.97144333333333,-83.00247499999999,72,19.61,True,False,False,1787083973
Spin,bbded158-3a55-4709-8b45-6c28424a4653,scooter,39.960799,-83.012676,67,18.99,True,False,False,1787083863
Spin,c7eb56eb-9d6b-4e14-91b5-9f9fc97573f1,scooter,40.01709,-82.965567,17,4.9,True,False,False,1787083952
Spin,a68920c9-1144-473d-970e-f565b9a75821,scooter,40.014627,-82.991121,77,22.06,True,False,False,1787083970
Spin,0c0c219a-19c4-4d6b-a902-ef23221aa0b3,scooter,40.014676,-82.991139,61,17.46,True,False,False,1787083970
Spin,04bed53a-6e70-4ce3-bcbb-4bc633c87b32,scooter,39.97122165,-83.00473070000001,68,18.44,True,False,False,1787083974
Spin,544b4ddb-72ab-448f-91ac-5e6ded7114f6,e-bike,39.968640533333335,-83.00389089999999,71,19.32,True,False,False,1787083716
Spin,f4c64173-e128-4236-b05b-e31861e4aa3f,e-bike,39.967073533333334,-83.0111023,22,5.85,True,False,False,1787083928
Spin,1b11ed32-65ec-42b9-8931-5cea947aaa49,e-bike,39.958669633333336,-83.00211519999999,85,23.12,True,False,False,1787083876
Spin,cf7da722-8c3b-4b1c-9530-b99ba0358bcf,scooter,39.97076785,-83.0042314,88,24.0,True,False,False,1787083855
Spin,1756cf1b-1c6a-4cb2-b11b-ddce9a4ca87a,e-bike,39.99156953333333,-83.0123098,89,24.29,True,False,False,1787083975
Spin,fac7a6aa-224e-4c8f-8ad5-55f62b9ad935,scooter,39.990933033333334,-83.0117088,89,24.29,True,False,False,1787083895
Spin,5641899a-3d5d-41ac-957d-818bc3f45ce3,e-bike,39.94770833333334,-83.05092166666667,84,22.83,True,False,False,1787083892
Spin,a23c6c6a-99f9-48cc-9192-9435d28df02d,scooter,39.95565893333333,-83.0043962,63,17.27,True,False,False,1787083769
Spin,7b696e0f-a68d-41d8-ac67-6c5e956b4233,scooter,40.038305,-83.027642,55,14.93,True,False,False,1787083867
Spin,adb2e527-79a7-4f5a-b401-ac6e73db8490,scooter,39.957277,-83.012767,85,23.12,True,False,False,1787083935
Spin,aa850273-3ab2-4d69-96a5-df1e0748091b,e-bike,39.963033333333335,-83.00423500000001,96,26.05,True,False,False,1787083871
Spin,f51cb42f-5d37-4414-85d6-4c7b25b1f19c,scooter,39.993343833333334,-83.00571649999999,90,24.58,True,False,False,1787083814
Spin,4ab39c71-e630-4c58-97d6-7be3ce9447ca,e-bike,39.97726775,-83.00362109999999,24,6.44,True,False,False,1787083953
Spin,202e5c21-4080-45a1-9929-c0e1f43195f8,scooter,40.013874,-82.981372,53,14.34,True,False,False,1787083930
Spin,1f9c4895-ae98-4c80-a970-a23f2145dc63,scooter,39.935871,-82.988875,15,4.1,True,False,False,1787083808
Spin,93577277-d95c-40d0-b13d-c2152863cd31,e-bike,39.97717935,-83.0046363,58,15.8,True,False,False,1787083903
Spin,9da9097b-1bba-4613-a590-4c13a5e9195a,e-bike,39.98685733333333,-82.99741223333334,86,23.41,True,False,False,1787083962
Spin,4f1842df-2a58-479d-ad45-2ebc9ca3f7c2,scooter,39.941397,-82.982735,78,21.36,True,False,False,1787083820
Spin,121c0962-7aff-4923-aabf-9502a4277c0c,scooter,39.96057403333334,-83.00813670000001,65,17.56,True,False,False,1787083921
Spin,5c5f157f-3eaa-4f22-b4ae-3e814c6d420d,e-bike,39.97211035,-83.00542879999999,30,8.19,True,False,False,1787083974
Spin,eb7f43eb-6c48-474b-885e-b8fbc618ca43,e-bike,39.97172755,-83.00968759999999,31,8.49,True,False,False,1787083927
Spin,2aefce90-3002-4233-901c-cafccf88ecbb,e-bike,39.96477166666667,-83.02139833333334,85,23.12,True,False,False,1787083843
Spin,d2694118-f546-4c3f-aab2-4808aed397ff,e-bike,39.97164965,-83.0047569,25,6.73,True,False,False,1787083960
Spin,628dc23f-85b3-4089-822c-7ac561846eec,e-bike,39.97165595,-83.00476330000001,54,14.63,True,False,False,1787083893
Spin,e161b056-7256-4eee-bd77-21cd8ac72229,e-bike,40.0103086,-83.00244239999999,22,5.85,True,False,False,1787083914
Spin,cdef076d-453c-4a84-9acb-9976da5b06db,e-bike,39.96248,-82.99854833333332,88,24.0,True,False,False,1787083970
Spin,5675d49f-49fd-476a-b00d-e4af7e168eec,e-bike,39.999361633333336,-83.00751039999999,51,13.76,True,False,False,1787083918
Spin,a9ebcb55-8604-4cc2-b61e-98b49a7adaed,scooter,39.947302,-83.05314,95,25.75,True,False,False,1787083956
Spin,a741d4cd-0203-4a94-9385-4a58f9230ceb,scooter,39.993312,-83.006778,75,20.49,True,False,False,1787083871
Spin,6336aaeb-64a1-4944-99a5-3e61fa255410,e-bike,39.96208263333333,-83.00408109999998,77,21.07,True,False,False,1787083931
Spin,cde47662-f115-4d40-aead-e7534c6274bd,e-bike,39.96232873333334,-82.99846253333332,31,8.49,True,False,False,1787083974
Spin,6dbc7a32-37a7-42eb-b350-2657e180f70a,scooter,39.962336,-82.99844,73,20.83,True,False,False,1787083926
Spin,11116fe0-d776-42a9-b43a-2f9747212c9a,e-bike,39.962252633333335,-83.0042001,71,19.32,True,False,False,1787083902
Spin,b2ec4140-fdfd-4ce0-8b60-b78f7d024cff,scooter,39.962231,-83.004215,82,22.24,True,False,False,1787083950
Spin,b075de37-8375-4180-b425-1b2e2ba274fc,e-bike,39.965173433333334,-82.99041673333335,86,23.41,True,False,False,1787083955
Spin,01cf097a-8eb3-452c-a84f-4db08c66e98f,scooter,39.949415,-83.041799,18,4.98,True,False,False,1787083967
Spin,edb70cfb-b09f-4ad8-a8f4-aded5d525ce3,scooter,39.949429,-83.041741,57,15.51,True,False,False,1787083979
Spin,3325bbf2-a3e0-46fe-b3ba-964e1ad01d05,scooter,39.96634,-83.002599,16,4.39,True,False,False,1787083924
Spin,0813a79d-f736-406e-9206-7f055fb2196d,e-bike,39.974623333333334,-83.003,57,15.51,True,False,False,1787083730
Spin,da0dabd0-1907-4503-9481-7b1496ed28a4,scooter,39.961873,-82.996479,60,16.39,True,False,False,1787083720
Spin,86a4f3e3-d6c9-46d6-9264-b457047f3511,e-bike,39.977795349999994,-83.00289400000001,42,11.41,True,False,False,1787083962
Spin,e6e06940-0028-4d9c-a5e3-08cf38e6e887,scooter,39.957501,-82.99006,54,14.63,True,False,False,1787083954
Spin,89b19017-7881-4cb1-afd2-036545eef797,scooter,39.97223365,-83.0027917,48,13.17,True,False,False,1787083861
Spin,1ebf7d41-9f7d-496f-b51d-eb45ad4076c6,e-bike,39.972986666666664,-83.00286,87,23.71,True,False,False,1787083876
Spin,4a5e296b-012a-46f5-9999-aa0b84ae18d6,scooter,39.970567,-83.044092,73,20.83,True,False,False,1787083731
Spin,bd7288c7-9cff-4a41-a43d-ebabea8445c2,e-bike,39.96645743333333,-82.99706413333334,24,6.44,True,False,False,1787083808
Spin,e6870ab3-83c8-43f0-85e1-6a70b511c385,scooter,39.97080465,-83.00214009999999,87,23.71,True,False,False,1787083949
Spin,6c5656df-c0d0-4754-8c9a-939806e808f6,scooter,40.014586,-83.006965,48,13.17,True,False,False,1787083767
Spin,35aa1eb4-831e-4150-9248-51507cea6a15,e-bike,39.959197933333336,-83.002674,32,8.78,True,False,False,1787083928
Spin,a24f16de-3483-4a4b-a305-51fe3d8b42ab,e-bike,39.95919163333333,-83.00266869999999,73,19.9,True,False,False,1787083854
Spin,e45c5d1e-4b61-49ac-b73f-df31c3b8804b,e-bike,39.97140955,-83.00446949999998,67,18.15,True,False,False,1787083869
Spin,e6d2d52a-e299-420d-960c-0e9acb62e45b,e-bike,39.96754623333334,-83.01345699999999,38,10.24,True,False,False,1787083831
Spin,cf9e7f69-4b7c-44bf-ba3a-ae2f5e7c46e3,scooter,40.017995,-82.97741,89,25.43,True,False,False,1787083975
Spin,70a04064-86be-426b-a429-cce550b866b0,e-bike,39.96922123333333,-83.00130259999999,65,17.56,True,False,False,1787083757
Spin,e29c87e4-37d0-460e-a9ee-0bdcad2a95e9,scooter,39.96299153333334,-82.97631265,70,19.02,True,False,False,1787083935
Spin,9e423dbb-8e15-408e-9b70-12d1c9e69c4e,scooter,40.017164,-82.965423,95,25.75,True,False,False,1787083978
Spin,59468760-6e5c-4f3f-a4ac-b54a41960ab9,e-bike,39.98758815,-83.00474129999999,47,12.88,True,False,False,1787083891
Spin,3b3dcf57-3b08-4d34-ae07-dad33add735a,e-bike,39.97219515,-83.00285260000001,56,15.22,True,False,False,1787083830
Spin,2ae831f0-6058-4c16-b510-4ff8a10b38e7,e-bike,40.0081417,-82.99742433333334,38,10.24,True,False,False,1787083972
Spin,c4fbb0ea-0367-4b0d-9007-ff6fdfe27e9c,e-bike,39.96754213333334,-83.01343980000001,59,16.1,True,False,False,1787083960
Spin,860b65a9-95f4-44c0-a09e-0e14e87c22e3,e-bike,39.96755193333333,-83.01347779999999,26,7.02,True,False,False,1787083880
Spin,8d100174-72ba-4b37-a968-e15b82b61bca,scooter,39.969928,-82.978176,27,7.66,True,False,False,1787083950
Spin,1a20fd7c-00cf-4bd1-b69a-b9395121d3db,scooter,39.985562,-82.995331,34,9.37,True,False,False,1787083979
Spin,32490029-066a-40c9-aa8e-cad24bc10344,e-bike,39.982904833333336,-83.0029199,69,18.73,True,False,False,1787083964
Spin,e5adac63-00cc-4032-9e58-625c37ab0668,e-bike,39.99789563333333,-83.00684670000001,66,17.85,True,False,False,1787083945
Spin,b475e60e-8763-4d8b-b604-01771606b409,scooter,39.997869,-83.006743,59,16.85,True,False,False,1787083928
Spin,51ceb402-fe13-411f-972d-d15392b52c88,e-bike,39.99961891666667,-83.00709376666667,20,5.56,True,False,False,1787083866
Spin,d131df0c-ca62-41d9-886d-712d185be1c7,e-bike,39.967771666666664,-83.01208,95,25.75,True,False,False,1787083730
Spin,dd7ad78b-7124-4c14-aa52-b25c07a28dec,e-bike,39.967785000000006,-83.01209333333333,75,20.49,True,False,False,1787083727
Spin,bcbf1666-21b3-4976-b793-0bba38c6a0e3,scooter,39.967818,-83.012078,87,23.71,True,False,False,1787083850
Spin,6244482f-e020-4d31-a9d0-2b43936e92d9,scooter,39.967734,-83.012244,87,23.71,True,False,False,1787083946
Spin,5a4b18e2-b1e9-4f71-bb07-0fff7e0395c1,e-bike,39.96776333333333,-83.01209166666668,86,23.41,True,False,False,1787083910
Spin,a22c0b4c-9687-41a3-8a87-111188ff773a,e-bike,39.967751666666665,-83.012105,63,17.27,True,False,False,1787083763
Spin,dc8b7c6d-8534-44f1-9831-d9b74b849b2a,e-bike,39.967773333333334,-83.012105,89,24.29,True,False,False,1787083880
Spin,7a9f677e-03f0-41fe-b3d5-ea03d0c464b1,e-bike,40.0039996,-83.00858199999999,41,11.12,True,False,False,1787083752
Spin,4ae57c08-ae56-4977-948e-f8b27a74fd67,e-bike,39.982401833333334,-82.99634123333333,27,7.32,True,False,False,1787083818
Spin,1dc15182-9574-474f-a31a-c2c30c41e544,e-bike,40.00411999999999,-83.00848166666668,58,15.8,True,False,False,1787083780
Spin,fe4ccb4f-1a12-4ee0-92c4-7d5c886755e5,e-bike,39.95913421666667,-82.99758686666668,67,18.15,True,False,False,1787083963
Spin,418ca374-faaf-4939-9a71-18277063c233,scooter,40.01198,-82.968574,43,12.25,True,False,False,1787083967
Spin,6dac0e60-2147-4e49-9b3b-f506ba1c48fb,e-bike,40.0068367,-83.0094788,46,12.58,True,False,False,1787083903
Spin,927266a2-97e3-4a81-8cf6-e8e93eb8a50f,e-bike,40.006809100000005,-83.0098122,48,13.17,True,False,False,1787083825
Spin,c1d2e19a-c110-4f06-94fb-9947b35ee524,e-bike,40.006802900000004,-83.00978529999999,68,18.44,True,False,False,1787083791
Spin,37ac33ee-a1ae-4953-86b3-654b0a0fb66a,e-bike,39.956088933333334,-83.011026,31,8.49,True,False,False,1787083941
Spin,acf435a9-892c-4c89-9a7d-ee61ef8fb076,e-bike,39.99571973333333,-83.0054766,49,13.46,True,False,False,1787083927
Spin,d124ee56-ef71-4482-bf47-5c7e355e2dbd,e-bike,40.007370300000005,-83.0066167,22,5.85,True,False,False,1787083978
Spin,0b18a2ac-5cd5-4828-a517-625fd066cfed,scooter,39.938239,-82.984158,52,14.05,True,False,False,1787083834
Spin,c812628e-62a8-4560-b80c-97d6bae582fc,e-bike,39.97133566666666,-83.0047957,90,24.58,True,False,False,1787083879
Spin,ce1a4cea-76e9-4203-ad32-f627beb0e00f,e-bike,40.0229147,-83.0142108,45,12.29,True,False,False,1787083940
Spin,a2b830b0-5a8b-48e3-9dab-c7aa61a04b36,e-bike,39.99687898333333,-83.00683066666667,54,14.63,True,False,False,1787083968
Spin,680c2ef3-34be-40a2-bbe1-42f77fc55bcc,e-bike,39.996868,-83.00683066666667,39,10.54,True,False,False,1787083916
Spin,c82c9ac1-7f7c-4a79-93f5-5ae06d06c676,e-bike,39.996883933333336,-83.00684629999999,62,16.97,True,False,False,1787083921
Spin,436c9b78-4681-4796-8984-73dee72c9a8c,e-bike,39.996867933333334,-83.0068111,25,6.73,True,False,False,1787083919
Spin,4af6172f-ebd8-49ea-9e99-4e9d2c1ec956,scooter,39.969143,-83.002234,40,11.33,True,False,False,1787083926
Spin,2a3b87b1-5a2c-4d76-84cf-681c1a8dff4f,scooter,39.96776,-83.012141,74,20.19,True,False,False,1787083800
Spin,e242bda6-d1a1-4da6-85b9-892b0b3cf804,scooter,39.969391,-83.001392,33,9.07,True,False,False,1787083968
Spin,98aea8d6-e61f-4329-968a-ff1317d0c123,scooter,39.969557,-83.001476,77,21.07,True,False,False,1787083830
Spin,4f1729f6-fa5e-4f0a-8188-00e9d1e83e6d,e-bike,40.0028036,-83.00854650000001,86,23.41,True,False,False,1787083975
Spin,2cdb4fec-35fd-4a4a-bf71-390dce242465,e-bike,39.96922666666667,-82.9906,45,12.29,True,False,False,1787083845
Spin,883fdc1a-3ae5-4395-8eb7-ca0f18debe6b,e-bike,39.993248333333334,-83.00681000000002,52,14.05,True,False,False,1787083879
Spin,f0f58aa0-20b2-4a8a-81a3-e63078714399,e-bike,39.96899963333333,-82.99990223333334,39,10.54,True,False,False,1787083826
Spin,c8e34b69-3fe9-40d8-ba82-7c5092591fdb,e-bike,39.96896583333333,-82.99989553333334,83,22.54,True,False,False,1787083827
Spin,b13e98c1-dcce-4557-bd2a-73a755762830,e-bike,39.968995533333334,-82.99991253333334,52,14.05,True,False,False,1787083963
Spin,ca2dff6e-03e2-456e-a276-59686b511d1c,e-bike,39.969104333333334,-83.0022852,76,20.78,True,False,False,1787083970
Spin,553bcdcb-ab74-4eef-81c1-3b411b5ad094,e-bike,39.969110533333335,-83.00229409999999,76,20.78,True,False,False,1787083869
Spin,fc0a6e89-fcd8-4ec3-8cda-0923fc39c57a,e-bike,39.99689563333333,-83.0068543,51,13.76,True,False,False,1787083940
Spin,409ae06d-ac7c-40f0-b823-aadfabe71dc8,e-bike,39.99686473333334,-83.0068098,60,16.39,True,False,False,1787083856
Spin,7c361b92-8385-4981-ac9d-c7b816368906,scooter,39.939654,-82.987718,90,24.58,True,False,False,1787083753
Spin,7b4a48dd-28bc-4761-9a60-22ba94035410,scooter,39.939664,-82.987729,90,24.58,True,False,False,1787083976
Spin,61abf21d-9c5c-41e1-b5e1-9ddf79fec61f,scooter,39.939681,-82.987714,92,25.17,True,False,False,1787083961
Spin,9c3e906f-f1f1-46b0-b52e-e8c1d53c3cbe,scooter,39.962433,-82.999747,52,14.05,True,False,False,1787083924
Spin,47c9dc85-97e1-4602-b211-89e6e688b2a0,e-bike,39.98470983333333,-83.0083514,30,8.19,True,False,False,1787083951
Spin,b7ceb4cf-4228-4c32-b59b-eac8c5eafe21,e-bike,39.971432150000005,-83.00569990000001,27,7.32,True,False,False,1787083800
Spin,7bad389a-df8b-420f-be82-194c21a6db0a,scooter,40.014738,-82.991078,72,20.52,True,False,False,1787083960
Spin,eff558ea-1d97-4903-a7ce-808df7f02d0d,e-bike,39.964979533333334,-83.0028138,63,17.27,True,False,False,1787083952
Spin,30af4740-e5a6-4dce-b6b5-f8f3f958fc88,scooter,40.0147,-82.99107,67,18.99,True,False,False,1787083971
Spin,6c9ba655-fed2-4b2b-99e2-b67150f03b2a,scooter,40.010058,-83.008806,28,7.61,True,False,False,1787083965
Spin,f62ecf95-eaf8-4bf6-a9a6-298bdc08af50,e-bike,39.96933166666667,-83.00176166666667,75,20.49,True,False,False,1787083944
Spin,21a6e29e-7d16-4e13-abc8-6344a616f4cf,scooter,39.938239,-82.984282,44,12.0,True,False,False,1787083970
Spin,795ad997-f0d3-4f49-8d3d-0fca4e81c5ee,e-bike,39.97447525,-83.0227612,22,5.85,True,False,False,1787083907
Spin,3fc702de-15a6-45d7-ad95-1d93624a51b0,scooter,39.954157,-83.089068,25,6.73,True,False,False,1787083968
Spin,6443692c-6de1-4da5-9cdf-ceab371659bb,scooter,39.952525,-83.027529,52,14.05,True,False,False,1787083972
Spin,244b6621-71ab-4ba4-a56a-b6cd5b13dd9a,e-bike,39.972150049999996,-83.002483,62,16.97,True,False,False,1787083925
Spin,b6b7c7ca-548e-40b7-bb3f-fb05273a4f98,scooter,39.97080615,-83.00216119999999,28,7.61,True,False,False,1787083894
Spin,8207831a-599d-4533-a4ae-583eafa24e6c,scooter,39.965877,-82.995104,23,6.43,True,False,False,1787083918
Spin,6e226c1b-411d-4b31-a578-9d92986487d4,scooter,39.96929,-83.008805,72,19.61,True,False,False,1787083769
Spin,df2dbff9-4fd7-4d9d-96bf-78b6f9666e7e,e-bike,39.97755635,-82.94925173333334,15,4.1,True,False,False,1787083926
Spin,b580018d-d4b7-4502-96da-f131498d7896,scooter,39.962937733333334,-82.97514865,27,7.32,True,False,False,1787083773
Spin,23cdd777-d5ed-4539-add9-f8cff94026ed,scooter,39.96297163333334,-82.97634045000001,67,18.15,True,False,False,1787083873
Spin,ae108f29-c171-408b-8a47-67743c5bad87,scooter,39.962261,-82.981956,53,14.34,True,False,False,1787083972
Spin,125c18c0-9dd9-41e5-bed4-7a9cf760fff2,scooter,39.933518,-82.983673,61,16.68,True,False,False,1787083818
Spin,a5e14464-0338-494f-b603-416e35b8b839,e-bike,39.99511333333333,-83.00697166666666,47,12.88,True,False,False,1787083804
Spin,ca1b7161-3a16-4f2f-9a9f-ae65e0ccae02,e-bike,39.96417333333333,-82.99697303333332,72,19.61,True,False,False,1787083941
Spin,537a84fc-2589-455b-9530-799b555187ee,e-bike,39.95414191666667,-82.99893511666666,56,15.22,True,False,False,1787083907
Spin,13e92ac6-b139-49e8-b7f4-a2c9febf1800,scooter,39.975709,-83.003193,73,19.9,True,False,False,1787083963
Spin,3b939b7c-5f91-4926-8248-381c590e6624,scooter,39.952275,-83.037198,60,17.15,True,False,False,1787083967
Spin,4a69ce5e-d4d1-40df-87c0-e95ecc441126,scooter,39.935893,-82.988857,78,21.36,True,False,False,1787083830
Spin,7f9ac9ca-806b-45bd-9b27-83690a4a5333,e-bike,39.96041833333334,-83.00857333333333,52,14.05,True,False,False,1787083946
Spin,3c9dc298-3730-4625-a8f4-b3616e3781b1,e-bike,39.98507265,-82.99849163333334,61,16.68,True,False,False,1787083933
Spin,8e6fb2a4-bd24-4ac2-9305-86f879b1dfb4,e-bike,39.97334385,-83.00468729999999,49,13.46,True,False,False,1787083804
Spin,cc26f9e1-6916-4d35-b9de-ac44ce3f11a5,scooter,40.00181,-83.008186,97,26.34,True,False,False,1787083979
Spin,500d1e65-df03-4589-8d5f-4eb2a9c6eae7,scooter,39.98304483333333,-83.00911059999999,56,15.22,True,False,False,1787083941
Spin,e02d1787-2b16-41f0-a3a9-6966b32d3f4a,scooter,39.98591455,-83.00494670000002,56,15.22,True,False,False,1787083914
Spin,ceab6020-013f-415c-bf4e-12999906fc42,e-bike,39.999361633333336,-83.00749079999999,87,23.71,True,False,False,1787083904
Spin,e740807d-2d00-483e-b23d-a6dfac779255,scooter,39.997901,-83.00673,94,25.46,True,False,False,1787083810
Spin,4f99e7ee-32a4-453f-ab97-49bdeff93ef4,e-bike,39.99782583333333,-83.00566959999999,87,23.71,True,False,False,1787083974
Spin,728bab7d-04b6-4a69-88ff-68a0659b4b27,e-bike,39.99769413333333,-83.0057255,87,23.71,True,False,False,1787083929
Spin,9b05c92b-85d2-4d31-be17-663be0fead4d,scooter,39.99481373333333,-83.00619280000001,95,25.75,True,False,False,1787083873
Spin,e671413c-74f8-4b8f-b3e7-b08f817c54d3,scooter,39.993138,-83.00665,96,26.05,True,False,False,1787083957
Spin,f04e1148-3ea2-4963-82d1-b46266c2e27b,e-bike,39.955664633333335,-83.00439239999999,38,10.24,True,False,False,1787083881
Spin,fba14740-dca0-4490-ba9c-2ff27297a927,e-bike,39.96147173333333,-83.0078748,20,5.56,True,False,False,1787083946
Spin,763fd0b5-87de-4e98-8f20-d1e4e26a859a,e-bike,40.0290514,-83.02371280000001,32,8.78,True,False,False,1787083870
Spin,82d9322f-ecb4-4c2d-8d48-bc432051e932,e-bike,39.96146803333333,-83.0078245,51,13.76,True,False,False,1787083928
Spin,debf84f0-ba3c-4613-94af-eafa7852b067,e-bike,39.95681663333333,-82.99434093333333,24,6.44,True,False,False,1787083879
Spin,481c6b90-e9af-4876-b5b0-a436b0d2ef37,scooter,40.014179,-82.976754,27,7.32,True,False,False,1787083967
Spin,a154df61-2649-4c5e-9dee-f3ba9d5d74de,scooter,39.97866294999999,-83.00458769999999,95,25.75,True,False,False,1787083862
Spin,60f16e51-b321-4430-abaa-5873dfdba1e0,e-bike,39.97210215,-83.00271820000002,95,25.75,True,False,False,1787083833
Spin,45f407a0-1aa7-4b98-bdcb-e441b091a125,scooter,39.97077295,-83.00216379999999,95,25.75,True,False,False,1787083853
Spin,aad19f8a-d2df-4da1-853c-e5f1ac8c782b,scooter,39.97078535,-83.00216180000001,91,24.88,True,False,False,1787083769
Spin,b40e606b-fe18-4601-8b8a-362e943bd33c,e-bike,39.96923253333333,-82.99951103333333,87,23.71,True,False,False,1787083922
Spin,9a4c72d1-ee78-4405-875e-cc403429b9ac,e-bike,39.96930053333333,-82.99968413333333,87,23.71,True,False,False,1787083928
Spin,ea63b85a-550c-46fd-becd-a36a801fa5fe,e-bike,39.97209845,-83.00270549999999,87,23.71,True,False,False,1787083922
Spin,ade4aa46-4e4c-4f73-aaa4-9de787687998,e-bike,39.96910223333334,-83.00230719999999,87,23.71,True,False,False,1787083946
Spin,08a42f56-24ca-43ef-a9b0-805e0134e599,e-bike,39.9689752,-83.00337338333333,88,24.0,True,False,False,1787083894
Spin,05096f7d-654c-4c13-bf42-4e8e488c1dca,e-bike,39.97129755,-83.0048217,88,24.0,True,False,False,1787083840
Spin,ed308908-9073-4bea-9ab8-779f9d6f23ee,scooter,39.961856,-82.999775,44,12.0,True,False,False,1787083956
Spin,6a113315-7624-4f05-af96-565292e29cee,e-bike,39.98508735,-82.99847553333332,88,24.0,True,False,False,1787083807
Spin,4a99115c-22ce-49f4-9f40-5bf5e3eb6fec,e-bike,39.994101533333335,-82.99311093333333,86,23.41,True,False,False,1787083893
Spin,5092343d-a51f-47f7-919b-bfeaee7d4206,scooter,39.99638863333333,-82.99914293333335,97,26.34,True,False,False,1787083958
Spin,38582c1f-4a7b-4476-905a-aac843d1afa8,scooter,39.996385733333334,-82.99913513333334,92,25.17,True,False,False,1787083737
Spin,3086284b-edde-41c0-8a8a-6faabfcc9866,scooter,39.969105,-83.002362,98,26.63,True,False,False,1787083966
Spin,633abfc8-1dad-471a-bc83-3fb65b75ad87,scooter,39.966215,-83.002442,96,26.05,True,False,False,1787083967
Spin,a39989b7-ef74-4eb2-b2da-b36f6ace27d8,e-bike,39.972150000000006,-83.00266333333333,95,25.75,True,False,False,1787083979
Spin,c4a71676-5992-41a7-9eac-2bc831953503,scooter,39.94779,-83.050955,67,18.99,True,False,False,1787083719
Spin,76874cbd-b47e-4c47-bbd3-656f445fc407,e-bike,39.974576666666664,-83.00328499999999,97,26.34,True,False,False,1787083879
Spin,a8387550-ce15-4c42-b567-07b9239c0d59,e-bike,39.97947333333333,-83.00335500000001,98,26.63,True,False,False,1787083846
Spin,30d44a9b-81b2-469c-8717-7d8c0d8805e3,e-bike,39.961892733333336,-83.00435309999999,94,25.46,True,False,False,1787083893
Spin,443a07e3-d18e-47b7-9d16-7cd1a6073860,scooter,39.958616633333335,-83.00300800000001,91,24.88,True,False,False,1787083918
Spin,b610d90a-aaaa-4057-8324-f2fe01629a0c,e-bike,39.962241533333334,-83.00420700000001,88,24.0,True,False,False,1787083899
Spin,911e3dc5-f299-4f14-84a9-8c1ba9d89e90,e-bike,39.97864995,-83.0045571,87,23.71,True,False,False,1787083877
Spin,e8e7da77-7f30-4984-93a6-4d0ed49dd35a,e-bike,39.96071823333333,-83.0136306,88,24.0,True,False,False,1787083951
Spin,3d50ec0e-28b2-4221-86e8-9a0874df3e27,scooter,39.935786,-82.997301,57,15.51,True,False,False,1787083905
Spin,2852a415-cd24-415c-a4b7-adab329ba18a,scooter,40.013305,-83.010883,37,10.42,True,False,False,1787083973
Spin,9787a197-a9a6-4cd7-a199-829db03026f8,e-bike,39.980135000000004,-83.004875,60,16.39,True,False,False,1787083844
Spin,ce508921-989a-490e-90b2-d4ac8ea1fa4d,e-bike,39.97406575,-83.00146520000001,26,7.02,True,False,False,1787083862
Spin,9ba296c2-faa7-4d88-821a-d8b8a8deae79,e-bike,39.94656581666666,-83.00028246666668,92,25.17,True,False,False,1787083979
Spin,622c3d37-f6bb-4f97-b1b2-56d5b026e220,e-bike,39.94449503333333,-82.99739333333333,88,24.0,True,False,False,1787083864
Spin,83644358-e969-4ed6-a6b2-a51be36bf731,scooter,39.906036,-82.995484,37,10.42,True,False,False,1787083912
Spin,7a96da34-44b7-41f3-8302-6888294ab2a8,e-bike,39.974047150000004,-83.0018799,42,11.41,True,False,False,1787083857
Spin,d7bb9a9f-0d68-4a9c-b908-600f630c90c1,e-bike,39.965775533333336,-82.97331944999999,69,18.73,True,False,False,1787083816
Spin,6e982271-d30d-4c69-87c8-632e78d68093,scooter,39.972111,-82.959275,51,13.76,True,False,False,1787083953
Spin,b0cb93bd-ebd8-4985-97a7-0820eedeb291,e-bike,40.01448666666667,-82.98805499999999,61,16.68,True,False,False,1787083887
Spin,00accf5c-9219-4814-830a-96d1c8bb3551,scooter,40.015244,-82.982721,73,19.9,True,False,False,1787083956
Spin,5ce4f5b4-a5e1-4130-a007-91389cfb203d,scooter,40.00768,-83.002576,63,17.27,True,False,False,1787083955
Spin,a0e170c3-f48e-48be-ab2f-37c801eebd1d,scooter,39.955651,-83.020265,33,9.07,True,False,False,1787083891
Spin,4285ad05-9742-4f4f-9cce-c5ce086e6cbc,e-bike,40.0085803,-82.99876823333334,33,9.07,True,False,False,1787083883
Spin,7e813dc9-5898-4122-99a3-1d127e53a1af,e-bike,39.937313333333336,-82.98400993333334,48,13.17,True,False,False,1787083968
Spin,a5bd4c7d-00ab-4f0d-bdbb-a5bf6c75422e,e-bike,39.93252953333333,-82.99353093333333,69,18.73,True,False,False,1787083869
Spin,307abd2b-a5c5-4a72-87bc-0708b11764a2,e-bike,39.98002173333334,-83.00507940000001,77,21.07,True,False,False,1787083861
Spin,1ee848bc-eeb4-438f-b2ed-9470dec17ae3,e-bike,40.0230686,-82.97037774999998,70,19.02,True,False,False,1787083887
Spin,58ea6987-42b1-45aa-8771-937d037d68a7,scooter,39.95865463333334,-82.97880015000001,63,17.27,True,False,False,1787083822
Spin,907ac450-2942-4024-aa9e-1a28a5f1a90c,e-bike,39.960719733333335,-83.0119857,68,18.44,True,False,False,1787083957
Spin,ea3b2e98-a767-47b7-848e-00203979ae66,e-bike,39.98871335,-83.0102027,39,10.54,True,False,False,1787083943
Spin,a4904aa3-4150-415f-9887-b074f2e638ae,e-bike,40.0068128,-83.0148747,32,8.78,True,False,False,1787083962
Spin,26d98956-aad9-47f3-8f17-840618dafd93,e-bike,39.97211505,-83.002695,40,10.83,True,False,False,1787083780
Spin,5539859a-2f57-4819-932b-2020b196d96d,scooter,39.948126,-82.998115,68,18.44,True,False,False,1787083968
Spin,542f4278-5894-4962-b82a-e42560787693,e-bike,39.958659733333334,-83.00186950000001,88,24.0,True,False,False,1787083836
Spin,b7d9bf3b-d0e6-477c-be2c-428ca55f0a4b,e-bike,39.98249,-83.00235833333333,25,6.73,True,False,False,1787083763
Spin,b54fd843-a74d-4c53-acb6-0f948f310dac,e-bike,39.982510000000005,-83.00233000000001,33,9.07,True,False,False,1787083946
Spin,62ea8569-23d9-4e4c-a0ad-48d66746818b,e-bike,39.97406745,-83.00180180000001,24,6.44,True,False,False,1787083972
Spin,c143553b-40ad-45ba-9e89-34832454118c,e-bike,40.0146114,-83.0110542,40,10.83,True,False,False,1787083782
Spin,b6f6ec7f-0a38-4e5c-bd12-e9b3487e488d,e-bike,40.0240788,-83.00149529999999,69,18.73,True,False,False,1787083933
Spin,262b03ac-75dd-4efe-945b-7058d461f3f5,scooter,39.957531,-83.011451,18,4.98,True,False,False,1787083945
Spin,680ef35f-5ec9-43db-ac89-2b3d0d083054,e-bike,39.95598833333334,-83.01223333333334,65,17.56,True,False,False,1787083930
Spin,ef134d74-22ab-46af-bfa9-0b95fac2a03f,e-bike,39.98707583333333,-82.99588593333334,48,13.17,True,False,False,1787083916
Spin,144bce71-790f-4e5d-907d-5c5fff3bfc83,scooter,40.008198,-83.005732,69,18.73,True,False,False,1787083910
Spin,49ed4586-50c3-4416-88b3-8869e3ec20f8,e-bike,40.01023333333333,-83.01335166666668,37,9.95,True,False,False,1787083956
Spin,ef7246b9-89c3-4b3c-9783-5c56e4ef915f,e-bike,39.98370153333334,-83.0034706,87,23.71,True,False,False,1787083913
Spin,0ecd4a7b-5e59-459c-a63d-b40c3381e8c2,e-bike,39.98078773333334,-83.00507979999999,88,24.0,True,False,False,1787083949
Spin,38ab45ba-ce05-47f0-b2d0-79fd4b6c0383,e-bike,39.96915,-83.00221166666667,37,9.95,True,False,False,1787083971
Spin,d2b002f1-11b1-4931-a8bb-c2c38751d810,e-bike,39.96315203333334,-82.99833443333334,81,21.95,True,False,False,1787083892
Spin,b03216ed-1886-4685-b323-106362a7c852,e-bike,39.959008833333336,-83.00919236666665,76,20.78,True,False,False,1787083936
Spin,eb6c86b9-70dc-41ab-bf70-f93de87ec80f,e-bike,39.993596933333336,-83.00470930000002,65,17.56,True,False,False,1787083933
Spin,e3fc8db2-e005-4bc1-8836-955544a10606,e-bike,39.97071833333334,-83.00188666666666,85,23.12,True,False,False,1787083874
Spin,a9df815e-e0ba-4dcb-ac95-f09504b277ea,e-bike,39.97084446666667,-83.00217896666666,25,6.73,True,False,False,1787083959
Spin,c253e63b-b2d8-4c12-a915-a7a5f9d51721,e-bike,39.97463666666667,-83.00295666666668,37,9.95,True,False,False,1787083922
Spin,5d6b530f-dbff-4380-bec4-3a8c820c89c8,e-bike,39.974754999999995,-83.00293833333332,32,8.78,True,False,False,1787083890
Spin,d0792977-cb10-40c6-8a84-153ce95732b5,scooter,39.98784715,-83.0055773,37,9.95,True,False,False,1787083855
Spin,d6ed2515-a00c-49e1-8c41-8f58558c28b9,e-bike,40.014459,-83.0079182,82,22.24,True,False,False,1787083784
Spin,00159b6a-06fd-4629-85f6-356bbd2099f7,e-bike,39.961715000000005,-83.003725,60,16.39,True,False,False,1787083878
Spin,a642c859-976e-4b0b-a70c-d8ec386ae041,e-bike,40.001925199999995,-83.00062670000001,30,8.19,True,False,False,1787083937
Spin,05ce3b53-78a7-4416-bc0a-a99b4ff29191,scooter,40.0193993,-83.01301579999999,54,14.63,True,False,False,1787083836
Spin,0979caf7-2c1b-4875-b56d-06d2af56c7e4,e-bike,40.0193669,-83.01302310000001,67,18.15,True,False,False,1787083904
Spin,d08af19e-0da7-48ff-9d23-6f278c778483,e-bike,40.01939681666667,-83.01305173333334,60,16.39,True,False,False,1787083882
Spin,e3d23eed-83a5-493d-a26c-c58c698440f2,scooter,39.957158,-83.004103,49,14.09,True,False,False,1787083831
Spin,29d9afc8-0bf6-4995-9b13-3df51bf19aaa,e-bike,39.95698743333333,-83.00304239999998,52,14.05,True,False,False,1787083930
Spin,cc242742-097e-4989-956e-964da3266b1e,e-bike,39.978987950000004,-83.0036938,81,21.95,True,False,False,1787083916
Spin,80cd1051-792e-4eb0-86f9-37b99b601d3f,e-bike,39.97899685,-83.00370730000002,49,13.46,True,False,False,1787083917
Spin,8a554251-c1bd-4222-b8ca-595914d39e80,e-bike,39.97904335,-83.00368439999998,63,17.27,True,False,False,1787083917
Spin,d612e53e-0d1b-4511-9b5f-9d487cba8014,scooter,39.97902655,-83.00368019999999,47,12.88,True,False,False,1787083969
Spin,0fdf9625-2800-437f-857e-8cbc3d97d366,e-bike,39.99281166666666,-83.00670833333334,78,21.36,True,False,False,1787083976
Spin,4c50b991-a6e0-4156-b74f-689a379747b9,scooter,39.99280793333333,-83.00676299999999,43,11.71,True,False,False,1787083939
Spin,2f9bb15e-7026-466f-b3a6-e5383ea35aa3,e-bike,39.95691633333333,-83.00361820000002,68,18.44,True,False,False,1787083972
Spin,1b5348ad-fa7f-495d-b78e-56bb402b9090,scooter,40.010963999999994,-83.00030919999999,37,9.95,True,False,False,1787083967
Spin,034618e0-aaec-40b6-bf1f-7dec7e454426,scooter,39.953593,-82.98346,19,5.51,True,False,False,1787083730
Spin,486a3a35-9141-4464-9a42-137d8f8a7e8a,scooter,40.002008700000005,-83.00116959999998,38,10.24,True,False,False,1787083918
Spin,d2594848-9dbf-43ec-83d4-f0fdd6259034,scooter,40.029551,-83.015251,69,18.73,True,False,False,1787083760
Spin,e4269613-5b56-427e-9884-e893548cef72,scooter,39.924071,-82.955253,40,10.83,True,False,False,1787083932
Spin,4c15e598-b489-406e-9b7f-af92864ec964,e-bike,39.97049988333333,-83.00426398333333,86,23.41,True,False,False,1787083899
Spin,a146b454-87fb-46b3-821f-23d5eff12b65,scooter,40.014702,-82.991048,58,16.54,True,False,False,1787083898
Spin,5525032c-21b4-403c-b3c5-f8a3b88991c8,e-bike,39.953734733333334,-82.97991935,71,19.32,True,False,False,1787083751
Spin,6470c405-2b90-4f13-b652-44aae7a3ecc2,e-bike,40.0332175,-83.0007741,88,24.0,True,False,False,1787083838
Spin,5144007f-7b60-442d-ac04-83ccb4e46869,e-bike,39.98233043333333,-83.0168129,24,6.44,True,False,False,1787083937
Spin,ee1c8b3e-b5f2-4242-8883-03bfe0ff8546,scooter,40.032664,-82.989473,96,27.26,True,False,False,1787083806
Spin,7a598256-7bfa-4699-a8e5-e9178c05c956,scooter,40.011967,-82.968596,49,14.09,True,False,False,1787083966
Spin,d092f267-8821-427a-89ad-946fe7b5db3b,scooter,40.01703,-82.965642,88,25.12,True,False,False,1787083923
Spin,927308a3-9ec2-44b3-ac93-e4161243086c,e-bike,39.96634603333334,-83.0067797,86,23.41,True,False,False,1787083943
Spin,f45974e6-507e-44df-97fc-a36c1fe5790a,scooter,40.013825,-82.967979,96,27.26,True,False,False,1787083714
Spin,051dc724-a14d-4ba6-b78e-43f1832f39b1,scooter,40.00811,-82.970951,92,26.34,True,False,False,1787083874
Spin,f8b6c9c7-3958-4ce5-98fe-3fe8233a7a80,scooter,40.013724,-82.967971,97,26.34,True,False,False,1787083883
Spin,989987d2-a884-4878-a646-3ff406015799,e-bike,40.007151666666665,-82.971285,100,27.22,True,False,False,1787083848
Spin,9873bbb4-11ab-4e7a-b0bc-c518cea1f556,scooter,40.015518,-82.966291,81,22.98,True,False,False,1787083934
Spin,3f04ef1c-640e-4027-98c2-4ff578ec23da,scooter,40.000172,-82.98176,95,25.75,True,False,False,1787083947
Spin,856bd951-8e21-448e-80b4-58e5fc1762ed,scooter,39.993591,-82.981075,95,25.75,True,False,False,1787083929
Spin,4de18750-1c34-4d99-aeef-3ad238af3ac2,scooter,39.97754355,-83.003519,66,17.85,True,False,False,1787083861
Spin,48d4b112-3447-4f0f-b4f3-813bd5ee941f,scooter,39.96174,-83.003447,56,15.93,True,False,False,1787083973
Spin,0e46f61f-ef4e-42e5-93a2-73a308d009e9,scooter,39.997981,-83.007507,73,20.83,True,False,False,1787083894
Spin,75c57c4b-df4f-4e14-8536-8998ad8d696c,scooter,39.988579,-82.997232,78,21.36,True,False,False,1787083728
Spin,67e0d418-a36b-4efb-b714-1605e1021f35,e-bike,39.963928933333335,-82.98476063333334,33,9.07,True,False,False,1787083976
Spin,01bf9697-4d3a-4d55-8964-8e06ab90e267,e-bike,40.0019907,-82.99591003333335,92,25.17,True,False,False,1787083850
Spin,f6f3fb98-bfb2-4ea0-923d-4ff3b7fe40e3,e-bike,40.005048800000004,-82.99745853333334,94,25.46,True,False,False,1787083957
Spin,f03d6cd1-1a6d-4a52-acea-f553cb7c4448,scooter,39.989718,-82.999383,97,26.34,True,False,False,1787083931
Spin,cde979fc-102b-42eb-a8af-a78ecf556186,scooter,39.99204113333334,-83.00656660000001,35,9.66,True,False,False,1787083961
Spin,ca211b48-eed8-4b08-a16f-c118ca60e3df,e-bike,40.0193826,-83.01304950000001,77,21.07,True,False,False,1787083960
Spin,9f3c716a-4bfe-4ced-8b01-d8664144f487,e-bike,39.999266733333336,-83.0055892,56,15.22,True,False,False,1787083847
Spin,3c77964f-f62d-430d-801c-98d6e0c17d35,e-bike,39.96706543333333,-83.00329599999999,82,22.24,True,False,False,1787083945
Spin,3f197fcd-a280-470d-99b4-88ea389f64bb,e-bike,39.96702383333333,-83.0032355,77,21.07,True,False,False,1787083942
Spin,05124e08-5a67-4d57-9de5-105d3735c199,scooter,40.004158,-83.008609,99,26.93,True,False,False,1787083928
Spin,9026dea4-daaa-4ca2-a294-e439eaa24731,scooter,40.023667,-82.987389,92,26.34,True,False,False,1787083826
Spin,83b05949-7be5-480b-905b-529bb1073026,e-bike,39.98718203333333,-83.00543889999999,31,8.49,True,False,False,1787083771
Spin,c01a1e34-af18-4684-8b8d-b559f1eaeafd,scooter,39.989069,-83.004571,94,26.65,True,False,False,1787083944
Spin,984e9dfd-c59a-4577-9080-54437464beda,scooter,40.017013,-82.978411,97,26.34,True,False,False,1787083945
Spin,7165c924-2340-498b-9bcc-e6403fc16107,scooter,39.98784435,-83.0055986,98,26.63,True,False,False,1787083899
Spin,88c95cfc-e544-45f9-a8ce-b38f9329b79b,e-bike,39.98522166666667,-83.00545666666667,92,25.17,True,False,False,1787083841
Spin,46114528-e543-481b-8df0-8633a5013573,scooter,39.960608,-82.995669,57,15.51,True,False,False,1787083754
Spin,2a546a4e-6e52-4c6a-bdaa-78b2069a967c,e-bike,39.97128765,-83.00480610000001,56,15.22,True,False,False,1787083843
Spin,de21d127-a450-41a8-b594-5497a8d500ab,e-bike,39.98172243333333,-83.00510979999999,67,18.15,True,False,False,1787083947
Spin,717de814-9652-4ce2-bb9c-8606ba60f530,scooter,40.01473,-82.985742,96,26.05,True,False,False,1787083692
Spin,858934ab-1205-4d0d-a225-63c606470df2,e-bike,39.97448475,-83.0227407,40,10.83,True,False,False,1787083753
Spin,b13dc04d-5736-4ec9-8e73-ae104d8597b0,e-bike,39.981696533333334,-83.00511499999999,57,15.51,True,False,False,1787083891
Spin,80e2c630-1aa7-44de-85da-e26ef58a854d,scooter,39.983679,-83.004938,97,26.34,True,False,False,1787083834
Spin,737b929e-5f7f-4d36-90de-102d4fdef2cb,scooter,39.97375805,-83.0036287,100,27.22,True,False,False,1787083908
Spin,1ddda005-6366-43ef-b341-748a7873fbe2,scooter,40.014521,-82.988091,87,23.71,True,False,False,1787083870
Spin,5502c01a-e086-426b-9ae2-fe47462d558d,e-bike,39.951816666666666,-82.99793833333334,38,10.24,True,False,False,1787083976
Spin,63c52f94-c090-4a0f-bcc3-4288a22aedf4,e-bike,39.970385,-83.00415,100,27.22,True,False,False,1787083879
Spin,ff8fb9bc-fda1-42d9-9a9f-e7e4920160c5,e-bike,39.971665,-83.00240666666666,100,27.22,True,False,False,1787083914
Spin,fffb8c5e-45d1-4ce2-8149-5a4e4188f925,scooter,39.971691,-83.002459,95,26.96,True,False,False,1787083935
Spin,f60a7fe3-3039-47b3-9729-cf27d48e58de,e-bike,39.990009533333335,-83.02648490000001,27,7.32,True,False,False,1787083976
Spin,5426006c-255f-495d-ad03-3e48df40e32e,scooter,39.97072955,-83.0020509,98,26.63,True,False,False,1787083948
Spin,10b8c1ec-e4f7-4676-87fc-c982c88728bc,scooter,39.97075965,-83.0021112,98,26.63,True,False,False,1787083973
Spin,5dd37145-22b2-4b88-b930-3eba4bef08e5,e-bike,40.0018445,-83.00815490000001,68,18.44,True,False,False,1787083917
Spin,fd03618a-39e6-4f55-a305-365e91f3ff12,scooter,40.016405,-82.989751,87,24.81,True,False,False,1787083896
Spin,d8fc9936-edde-4284-a122-e016494089a2,e-bike,39.99077943333334,-83.0061154,85,23.12,True,False,False,1787083961
Spin,587ee3c0-3ec1-4693-be37-bcd1f5577253,scooter,39.969286,-82.999415,95,25.75,True,False,False,1787083899
Spin,ed3c4f74-4c1e-425e-b0c5-07626cf40b23,e-bike,39.977194850000004,-83.0042779,84,22.83,True,False,False,1787083851
Spin,cab216fa-6fed-48b8-af6c-c71b0f2698b8,e-bike,40.0150222,-83.01227070000002,86,23.41,True,False,False,1787083910
Spin,b8812c1a-8097-4c2e-84ba-502dffc8cdb1,e-bike,39.959765,-83.02172999999999,100,27.22,True,False,False,1787083836
Spin,bdeb64de-5759-4fdb-a88d-ef3dd8ffe85d,e-bike,39.95977166666667,-83.02170833333334,84,22.83,True,False,False,1787083840
Spin,b24b3b5c-53c3-457e-9eed-680551d921bd,scooter,39.9598,-83.021739,92,25.17,True,False,False,1787083900
Spin,6159f8f6-fd24-4df2-9983-93ddcdf162f4,e-bike,39.95976666666666,-83.02171000000001,89,24.29,True,False,False,1787083872
Spin,43dc6009-4944-49c3-b0f1-8594feaea617,scooter,39.958875,-83.024594,91,24.88,True,False,False,1787083969
Spin,7096a265-5b36-496e-85cd-da2832c05283,e-bike,39.97331833333333,-83.00459333333335,95,25.75,True,False,False,1787083936
Spin,3e0befa8-81ca-44b1-ae33-421503e24716,scooter,39.958855,-83.024581,89,24.29,True,False,False,1787083951
Spin,6335700c-68ca-409b-ba31-617193fe92cc,e-bike,39.98232573333333,-83.01681850000001,53,14.34,True,False,False,1787083927
Spin,c9ca76ba-3ee8-4c3e-adec-30e9ecd84b8c,scooter,39.957146,-83.015015,83,23.59,True,False,False,1787083832
Spin,440c9828-80bd-4daa-b920-e0071f767fbe,scooter,39.957134,-83.015018,87,24.81,True,False,False,1787083851
Spin,d6816986-f126-4268-b976-0726487cbed2,e-bike,39.96061235,-82.98167918333333,95,25.75,True,False,False,1787083885
Spin,5baa295d-850b-4f29-817d-1848fd6fbf17,e-bike,39.96303003333333,-82.98018483333333,89,24.29,True,False,False,1787083901
Spin,cb5bc2d9-4711-43b0-a869-225ec672b843,scooter,39.957571,-83.011411,97,26.34,True,False,False,1787083957
Spin,b6780eb2-eadd-493e-bde5-6d8290f344b9,scooter,39.957577,-83.011388,94,25.46,True,False,False,1787083951
Spin,ed13854b-7d46-42fd-8763-33e3f9a55d41,scooter,39.96291243333334,-82.97518765000001,100,27.22,True,False,False,1787083811
Spin,d373971c-4b6d-4f0b-8037-720e1639bbb2,scooter,39.96106593333333,-82.97386184999999,87,23.71,True,False,False,1787083878
Spin,9b03f384-8074-4995-996f-1eb9e4b456ba,e-bike,39.96464193333334,-83.0024985,33,9.07,True,False,False,1787083885
Spin,37d46ed8-0530-421b-990f-793b24ceb7e3,scooter,39.95222773333333,-82.98667623333334,100,27.22,True,False,False,1787083849
Spin,26959213-4154-4288-99e6-00ec6aaff2f6,e-bike,39.94760083333333,-82.99056233333334,68,18.44,True,False,False,1787083886
Spin,20929775-a652-4df2-bb21-68efb073df4c,scooter,39.972145,-83.002498,85,23.12,True,False,False,1787083810
Spin,2e658587-c52b-452d-bb1b-3b3db28994e8,e-bike,40.006302399999996,-83.0133915,43,11.71,True,False,False,1787083893
Spin,178b164a-a266-4bbb-81ce-cb33ef57c0b3,e-bike,39.96761013333333,-83.0070977,94,25.46,True,False,False,1787083967
Spin,ad40e1d2-2ecc-40c0-984b-d5717e9fd7df,scooter,39.96743923333334,-83.01478960000001,98,26.63,True,False,False,1787083847
Spin,9f6786a7-e9ab-4896-953a-f14f5a4f2b35,e-bike,39.96865973333333,-83.0038983,88,24.0,True,False,False,1787083864
Spin,0712cf3b-5cdd-43bf-8d38-9f46c5a71c49,scooter,39.96928393333334,-82.99972393333334,100,27.22,True,False,False,1787083890
Spin,87fce93e-eff8-4dd4-be10-4366b8ac5d80,e-bike,39.97250125,-83.00391489999998,89,24.29,True,False,False,1787083973
Spin,c01abdaa-2434-4d72-befa-ea48cae8c00e,e-bike,39.98018523333334,-83.00485230000001,35,9.66,True,False,False,1787083962
Spin,69a008ee-6cc9-4fa1-97e8-e0aaf269a01e,e-bike,39.97212315,-83.00265689999999,90,24.58,True,False,False,1787083862
Spin,cac48e84-c64a-4e0b-b103-1778a7c95e05,e-bike,39.978630849999995,-83.00474790000001,89,24.29,True,False,False,1787083918
Spin,1649feca-d36c-4e1b-931a-151ab1b3b636,scooter,40.003716,-83.001066,87,23.71,True,False,False,1787083840
Spin,eda2ea86-041e-4f81-82dd-96dafdc9b7d8,e-bike,39.96128733333333,-83.00062770000001,68,18.44,True,False,False,1787083948
Spin,5d0f848b-8418-4e36-9e63-5765d25df4a1,e-bike,39.982909533333334,-82.99543273333332,90,24.58,True,False,False,1787083978
Spin,6db3e88d-2df4-4193-9b12-bb09f607dfaa,e-bike,39.99685073333333,-83.00681269999998,89,24.29,True,False,False,1787083820
Spin,b52d022b-4a56-497f-8aa3-d6cc244fbbf7,e-bike,39.988759849999994,-83.01315330000001,85,23.12,True,False,False,1787083977
Spin,628b8033-6555-480d-b1c8-d663aa6c22f5,e-bike,39.996855466666666,-83.00682818333334,89,24.29,True,False,False,1787083922
Spin,f3f359e1-77cb-459f-8b6f-ba61087a3098,scooter,40.011917,-83.013019,92,25.17,True,False,False,1787083950
Spin,97913367-4a27-4b02-a571-3cdbc0bed987,scooter,40.011867,-83.013051,87,23.71,True,False,False,1787083723
Spin,a23911b0-bfc8-4358-a50c-81edb2073053,e-bike,39.943770533333335,-82.98310973333334,68,18.44,True,False,False,1787083969
Spin,e98723d1-d39b-4c06-a08a-b58894652668,scooter,39.96194,-83.004152,30,8.19,True,False,False,1787083930
Spin,a310f19e-9987-46c7-8637-ea90c9694059,e-bike,39.968066666666665,-83.00868166666666,100,27.22,True,False,False,1787083903
Spin,62122f13-9fed-4842-a00d-70ca30577f1e,scooter,40.000471,-82.976198,74,21.14,True,False,False,1787083764
Spin,da2f2d93-f4ab-4fc5-bd83-fa38c822810e,scooter,39.965836,-83.00661,96,27.26,True,False,False,1787083882
Spin,f4231f0a-3056-4110-a2d8-424dc7fd9a75,scooter,40.022028,-82.985954,78,21.36,True,False,False,1787083952
Spin,cdc5096a-dacf-4ac9-843a-fe66144fccf1,scooter,39.963932,-83.000726,98,27.88,True,False,False,1787083917
Spin,7c499b28-02a7-419d-950a-d4cb7e741462,scooter,39.985874,-82.989416,100,27.22,True,False,False,1787083896
Spin,d07a4276-10c4-484d-a672-b6d869c58c6b,scooter,39.993836,-82.982437,90,24.58,True,False,False,1787083978
Spin,1fccd314-7cf7-46c8-af05-2fbbf43781b8,e-bike,39.980973133333336,-83.0043721,22,5.85,True,False,False,1787083947
Spin,5a4e11ab-2553-4922-9263-4f2dc873c9e4,e-bike,39.962345,-82.99844666666668,100,27.22,True,False,False,1787083775
Spin,c7534751-a701-4dd3-94b6-21bff05807f2,e-bike,40.005635,-83.0009161,35,9.66,True,False,False,1787083921
Spin,ee76a7b0-7fde-454b-ba85-b66fb1c43197,e-bike,39.959198433333334,-82.99987973333333,86,23.41,True,False,False,1787083805
Spin,df17caf4-cf27-4343-83ed-4ccf2581026f,e-bike,39.95708843333333,-83.00416939999998,22,5.85,True,False,False,1787083975
Spin,1f63d2e3-8005-45b4-a2e9-d96bc6e39604,scooter,39.963241,-82.9817,100,27.22,True,False,False,1787083810
Spin,520b47f7-eeb8-40cf-be36-df7345177c1b,e-bike,40.0031039,-82.99755263333333,89,24.29,True,False,False,1787083916
Spin,6870eb1f-0a8b-4e95-a556-6d65411b7448,e-bike,40.0143445,-83.0105129,55,14.93,True,False,False,1787083963
Spin,29eef9d5-67df-4dc6-bd63-956e24cb10fe,e-bike,39.969298333333334,-82.99974500000002,62,16.97,True,False,False,1787083951
Spin,76be6e37-7a36-4cab-b54c-4383ec2386a5,scooter,39.96273003333333,-82.99443873333333,100,27.22,True,False,False,1787083928
Spin,bc9111cd-eac3-45cc-86c9-be7f5f27ed5c,scooter,39.954957,-83.022046,16,4.39,True,False,False,1787083960
Spin,a50328a1-b431-475a-b6cd-5b5481d8a0a3,scooter,39.963265,-82.981328,96,27.26,True,False,False,1787083803
Spin,4531f912-f17f-49a6-93f6-6819878c3c58,scooter,40.019941,-83.025736,76,20.78,True,False,False,1787083966
Spin,d4830727-74a4-4ac4-aa3e-c024035d9de0,e-bike,39.960164999999996,-83.00051833333333,28,7.61,True,False,False,1787083860
Spin,2c431f75-a012-468a-894e-c7d1f166c1dc,e-bike,39.95570133333333,-83.0146952,46,12.58,True,False,False,1787083949
Spin,b762234f-ad12-4324-a9e5-f2d3641dfad2,scooter,39.97633795,-83.0121363,68,18.44,True,False,False,1787083964
Spin,40caff9e-d6cb-4b8e-b221-029bc417eda1,scooter,39.963177433333335,-82.99518723333334,51,13.76,True,False,False,1787083910
Spin,f9435901-7cff-4159-8f19-284434d0550e,e-bike,40.0014744,-82.99955893333332,59,16.1,True,False,False,1787083789
Spin,8ab0850a-3551-45bc-9168-84adcf83e59d,scooter,40.017152,-82.966311,74,20.19,True,False,False,1787083943
Spin,1b98d56e-3e26-4afd-881e-3876466de588,scooter,39.96811,-82.97773,100,27.22,True,False,False,1787083930
Spin,58c6c409-3eba-4182-a031-7d4534b698a9,e-bike,39.980140033333335,-83.01843320000002,46,12.58,True,False,False,1787083978
Spin,0c1a91ce-b8bf-44c6-b5cf-1eed8ecda738,e-bike,39.98014143333333,-83.01842030000002,88,24.0,True,False,False,1787083970
Spin,27637ccc-db9f-43db-9cca-07982a9e0c20,e-bike,39.99072083333333,-83.01750799999999,67,18.15,True,False,False,1787083918
Spin,e0dcac00-cd84-4a52-bf5b-7af745e2dc20,scooter,39.967981,-82.961699,58,16.54,True,False,False,1787083798
Spin,c53721cc-007c-4bd2-a627-cff78afc2867,e-bike,39.992016633333336,-83.01229819999999,32,8.78,True,False,False,1787083943
Spin,af47dd62-b0d4-44ed-b7c7-b9eab24dde17,e-bike,40.0141201,-83.01049069999999,44,12.0,True,False,False,1787083895
Spin,d73de54b-f531-47ac-994b-06a97c54bfcb,scooter,39.97335645,-83.0047209,81,21.95,True,False,False,1787083849
Spin,3b246253-9a25-4ac2-817e-dcf9d2e387bf,scooter,40.014725,-83.000091,73,20.83,True,False,False,1787083893
Spin,165adb5c-f74c-4146-9ae0-054e49312667,scooter,39.956735,-82.916819,25,7.05,True,False,False,1787083920
Spin,1baaf058-4860-44c6-af4a-d4a3bc419db1,scooter,39.968347,-82.968036,94,25.46,True,False,False,1787083916
Spin,8218599a-0ab9-411d-8647-9345971fbb42,scooter,40.020438,-82.979963,97,26.34,True,False,False,1787083830
Spin,09c66e26-aed7-42aa-a436-e42916c70d5b,scooter,39.97334105,-83.00471610000001,95,25.75,True,False,False,1787083923
Spin,47fde544-c9c9-4fff-a2dc-521128eb147b,scooter,39.952286,-82.986574,94,26.65,True,False,False,1787083771
Spin,f1a79176-865d-4ada-86b1-004e8639fc39,e-bike,39.990899633333335,-83.00615189999999,87,23.71,True,False,False,1787083975
Spin,1cc7bb90-1c48-468a-9fcc-7e4d36907a09,scooter,39.96746433333333,-82.98039023333334,61,16.68,True,False,False,1787083912
Spin,0f5f82eb-3b4b-4146-8316-601bd2fbd28b,scooter,39.94358,-82.969274,99,26.93,True,False,False,1787083944
Spin,4f1175ab-e3b8-4695-838f-29408d837969,scooter,39.968079,-82.99712,83,22.54,True,False,False,1787083900
Spin,34ca7c98-de31-4389-9634-beb683fbe0c4,scooter,39.99397913333333,-83.0070333,41,11.12,True,False,False,1787083870
Spin,f04e0c69-e4c6-46c6-87c0-e6d9be84022e,scooter,39.944609,-82.976775,95,25.75,True,False,False,1787083792
Spin,e260cd37-f5a2-4fce-affd-15f7575ac38a,scooter,40.011921,-83.013041,94,25.46,True,False,False,1787083936
Spin,f6411ff5-70b1-460d-b84a-3f489e0876c9,e-bike,39.96359953333333,-82.99829236666667,84,22.83,True,False,False,1787083873
Spin,60eb8425-9238-4eb4-b5c1-b3f1dea9069a,e-bike,40.0113189,-83.010648,89,24.29,True,False,False,1787083903
Spin,540085a5-1f75-4b5d-a18e-ed45f5085a11,e-bike,40.012160099999996,-83.00869409999999,27,7.32,True,False,False,1787083973
Spin,63254be1-1749-44b6-ac3e-390c4ee38767,e-bike,40.01034666666667,-83.01350499999998,100,27.22,True,False,False,1787083897
Spin,def16ac9-3ee0-4082-b186-9693d52131b0,scooter,40.0221447,-83.0160071,29,7.9,True,False,False,1787083898
Spin,8de81d08-efd6-4de5-bceb-333ff011036c,e-bike,40.010324999999995,-83.01341,100,27.22,True,False,False,1787083874
Spin,29c11839-c4f3-441d-a689-e6f459f55e63,e-bike,39.97041635,-83.00931100000001,26,7.02,True,False,False,1787083927
Spin,cd5dd05a-7842-412d-8065-acffe2a7e7ce,e-bike,39.99332833333334,-83.0066039,70,19.02,True,False,False,1787083854
Spin,7218b2b3-9f0f-47f2-83eb-d580303370c8,e-bike,39.96606443333334,-83.0030436,58,15.8,True,False,False,1787083858
Spin,ceafccd2-e74e-4219-a8b6-c92cf5869394,e-bike,39.98702553333333,-82.99610473333333,29,7.9,True,False,False,1787083954
Spin,cac9270c-e946-4319-b350-0f56ce7d0d2f,scooter,40.050007,-82.99991,100,27.22,True,False,False,1787083970
Spin,1f2dac2d-a501-438f-99ef-c191d8c65b5f,scooter,39.963242,-82.953275,69,19.61,True,False,False,1787083730
Spin,11b4c3c3-ed0f-4a83-b845-af54a4fb418a,scooter,39.963276,-82.95328,43,11.71,True,False,False,1787083975
Spin,320efa0e-344d-4c8a-9530-fe490822cc04,e-bike,40.0061453,-83.00867420000002,52,14.05,True,False,False,1787083971
Spin,5f2c14e3-4806-4c1b-a601-830228735b12,scooter,39.967964,-82.961733,45,12.29,True,False,False,1787083891
Spin,1cb896e4-007e-4aba-97d1-7c16f9bc43fa,scooter,39.968004,-82.961751,37,10.42,True,False,False,1787083874
Spin,633d2bf1-41c2-4a58-9c32-b8637039be76,e-bike,39.97221483333333,-83.00287456666668,47,12.88,True,False,False,1787083844
Spin,79cc6ba2-9faf-423f-a68a-0b80249acc9e,e-bike,39.99489343333333,-83.0035527,53,14.34,True,False,False,1787083962
Spin,054166de-e3b5-45d2-94f7-7d4764a38f5a,e-bike,39.97718475,-82.99817853333334,82,22.24,True,False,False,1787083975
Spin,7651b94a-a884-422c-bfbf-93061413b95a,e-bike,39.997376933333335,-82.99899333333333,28,7.61,True,False,False,1787083861
Spin,e4904cfe-0f05-4d2c-bc25-24ca279c9bf1,e-bike,40.010754600000006,-83.00261630000001,89,24.29,True,False,False,1787083941
Spin,2bf50542-bcae-4604-b9d5-3cec5afecb5e,e-bike,40.0131395,-82.99773423333333,90,24.58,True,False,False,1787083945
Spin,60d7279c-4ac1-4aa3-8d66-fd4edefe621c,scooter,40.012281,-82.993463,75,20.49,True,False,False,1787083958
Spin,23f7a8e9-f2a9-46b1-94e2-cc1bbb908e85,e-bike,39.988309449999996,-83.0064191,25,6.73,True,False,False,1787083942
Spin,1170ea5f-caae-4c2e-b8b6-1a2e4da413ad,scooter,39.988051,-83.031068,85,23.12,True,False,False,1787083870
Spin,a2bd222c-d531-4ba3-bc73-9469479b941f,e-bike,39.982966033333334,-82.99599153333332,23,6.15,True,False,False,1787083935
Spin,529e4ac0-4f6d-4042-a349-2ee4b8df732c,e-bike,40.0009328,-83.00741260000001,57,15.51,True,False,False,1787083938
Spin,c0affada-4ee9-4ed6-94aa-ff94a8ca34b3,scooter,39.97167745,-83.00261549999999,91,24.88,True,False,False,1787083798
Spin,1cddef05-5c04-4da7-b9ba-eea3632bb9ae,scooter,39.97164705,-83.0025634,33,9.07,True,False,False,1787083923
Spin,52f90d3e-9066-4d1f-9131-b4168dcf2344,e-bike,39.97161775,-83.0026033,40,10.83,True,False,False,1787083815
Spin,a72284f8-fad2-479c-a84e-0dd7502cb664,scooter,39.957467,-82.995214,16,4.39,True,False,False,1787083906
Spin,5d14a9b3-ab96-4387-82a7-747b2d5956f9,scooter,40.004456,-82.986841,100,27.22,True,False,False,1787083773
Spin,d9ae9bdd-7442-4049-8932-829350c74970,scooter,40.0019874,-83.0011588,94,25.46,True,False,False,1787083944
Spin,976318e1-6a2b-404a-98b9-13e9c1a55010,e-bike,39.97357185,-82.96112443333335,62,16.97,True,False,False,1787083930
Spin,b0797f70-0503-4162-b6a5-f1d2c6cfac3a,e-bike,39.98809644999999,-83.02633480000001,56,15.22,True,False,False,1787083934
Spin,dbd3417f-b454-457c-b81d-759f1218bef5,scooter,39.96207323333333,-83.00045739999999,43,11.71,True,False,False,1787083976
Spin,0f2654ac-1774-43b7-b2f5-27154811364b,e-bike,39.96180003333333,-83.002562,51,13.76,True,False,False,1787083952
Spin,73eda8aa-ded1-4f9c-9ed0-a829b80a13a8,scooter,39.962496,-82.992056,85,23.12,True,False,False,1787083940
Spin,b1d03994-f4bb-492a-8253-38ae2eab70cf,e-bike,39.957261933333335,-83.01263709999999,90,24.58,True,False,False,1787083844
Spin,bc670279-ddd1-4b8c-a718-525c3f1040fb,scooter,39.933688,-82.964399,83,22.54,True,False,False,1787083720
Spin,f0233cd1-ca8a-4c58-a155-c38b1e7d3284,e-bike,39.95623833333333,-83.01430780000001,92,25.17,True,False,False,1787083878
Spin,54421b12-7c03-47d7-9cc3-43d5985fa1e7,e-bike,39.95739943333333,-83.0082068,90,24.58,True,False,False,1787083804
Spin,c13c4584-1d6e-4d3d-892d-7faa453d99fd,e-bike,39.95893183333333,-83.0030359,89,24.29,True,False,False,1787083855
Spin,73377dd9-b3d5-4857-94cf-86d26d16a37e,scooter,39.961189,-83.006495,26,7.35,True,False,False,1787083893
Spin,a731a090-cf31-49c9-a3fb-6047ef3db302,scooter,39.961122,-83.006371,87,23.71,True,False,False,1787083942
Spin,3f801cb4-d9b3-453d-afc4-c3db5e7d5117,e-bike,39.96415783333334,-82.99729933333334,92,25.17,True,False,False,1787083974
Spin,dd407df5-4590-4941-8b14-49d128c9d062,e-bike,39.95811463333334,-83.00698910000001,95,25.75,True,False,False,1787083705
Spin,0c66462e-9a0c-4283-ae50-3322740f2c0f,scooter,39.961909,-83.004306,92,25.17,True,False,False,1787083945
Spin,5a512dc0-1ad2-4c77-98bd-98cbdc5987aa,scooter,40.013725,-82.967923,20,5.56,True,False,False,1787083966
Spin,6f1a29ca-5c7b-468e-b170-c97c97058d61,scooter,40.013748,-82.967936,57,15.51,True,False,False,1787083940
Spin,ede7fe5d-475c-461d-844c-2d2ee185a5f9,scooter,40.013704,-82.967925,65,17.56,True,False,False,1787083820
Spin,c53cd5ff-d97f-4064-a579-3e77b5ac836f,e-bike,39.96725283333333,-82.99443213333333,69,18.73,True,False,False,1787083829
Spin,abfe894a-4074-4835-9cc5-5e50a270d42c,scooter,40.012883,-82.968259,95,25.75,True,False,False,1787083966
Spin,2b27c837-1436-4e66-990f-5c1db237f8a0,e-bike,39.98353423333333,-82.99851023333333,35,9.66,True,False,False,1787083832
Spin,bfe34736-b206-4c73-a02b-9caa4d517737,e-bike,39.961045533333326,-83.0079349,91,24.88,True,False,False,1787083954
Spin,d7df369e-21ff-4973-812a-4fb89b7d967c,e-bike,40.00871333333334,-83.01512833333332,62,16.97,True,False,False,1787083870
Spin,5b36aa0b-8b1f-4326-be5b-36944278d372,scooter,40.008709,-83.015149,54,14.63,True,False,False,1787083973
Spin,7284a30c-66df-49ae-8d21-c390dd3baec3,scooter,39.959468,-83.009296,72,19.61,True,False,False,1787083977
Spin,0833c1b9-bbaf-4ab2-bda2-4345e3367d1e,e-bike,39.993822433333335,-83.0074928,86,23.41,True,False,False,1787083919
Spin,2a3da712-4f73-4673-9549-413d064bf0e6,scooter,40.013715,-82.96789,97,26.34,True,False,False,1787083912
Spin,f5fb583a-ed4b-40f9-bcb4-8c2b9d19e8de,e-bike,39.97875865,-82.99812813333334,67,18.15,True,False,False,1787083950
Spin,424d7030-5fca-4587-ae43-d7730d4bdf5b,e-bike,39.99792923333334,-83.0073391,67,18.15,True,False,False,1787083965
Spin,29cd365e-5d58-4d34-90d5-e3aef6d3181a,e-bike,39.95848373333333,-83.0084364,45,12.29,True,False,False,1787083976
Spin,3f2fbd17-3187-45a9-a1a0-8655912cf7c8,e-bike,39.969221733333335,-82.99059463333333,22,5.85,True,False,False,1787083855
Spin,67d39f87-40b4-40fa-8192-6c1366d0be7c,e-bike,40.0018289,-83.00790290000002,90,24.58,True,False,False,1787083959
Spin,f7567310-2567-4872-a7b5-73c467a2a4cc,e-bike,39.95846166666667,-83.00843166666667,71,19.32,True,False,False,1787083913
Spin,78ffe051-24a5-407c-8129-eaca58939ab7,e-bike,39.95902113333333,-83.00910819999999,60,16.39,True,False,False,1787083877
Spin,2ca3c7f6-83c9-477a-81eb-0b0902acd391,e-bike,39.971698950000004,-83.00781800000001,41,11.12,True,False,False,1787083857
Spin,cb11046e-068a-4a36-b40d-7a371916a70e,e-bike,39.95899283333333,-83.00913100000001,42,11.41,True,False,False,1787083967
Spin,6a3a7343-dd9a-402e-b251-6d44341d34dd,e-bike,39.963306933333335,-83.00281070000001,41,11.12,True,False,False,1787083931
Spin,fdfc83fc-4d38-4ffa-8a80-1a8a09857531,scooter,39.990246,-83.006218,99,26.93,True,False,False,1787083968
Spin,4fe07a2f-1e68-4c40-a9ae-a39afaa515ae,e-bike,40.0026123,-83.00849000000001,49,13.46,True,False,False,1787083938
Spin,4bafa4ba-490f-42f6-9ede-50e0a101a7f6,scooter,39.983466,-82.999029,96,26.05,True,False,False,1787083850
Spin,fc00eabd-f5f5-481a-842a-e481eba8f911,scooter,39.982461,-82.998402,82,22.24,True,False,False,1787083802
Spin,90a28f39-86d8-4ad0-9973-5571996974cc,scooter,39.978356,-83.000375,100,27.22,True,False,False,1787083965
Spin,eec1f698-6a8d-47cb-95f8-8abaa96b747d,e-bike,39.97723505,-83.00395830000001,97,26.34,True,False,False,1787083921
Spin,61353748-3276-4962-957c-c4095f768960,e-bike,39.97766565,-83.00519719999998,89,24.29,True,False,False,1787083860
Spin,131c011c-ed6a-4501-87e3-b929849e3fee,e-bike,39.97554885,-83.00338940000002,90,24.58,True,False,False,1787083864
Spin,48ffe441-fa13-4c69-8479-bc3c2fbc7754,scooter,39.97373765,-83.00275500000001,100,27.22,True,False,False,1787083879
Spin,6b1cd7bf-1c80-4185-b4b9-3af4a5d33064,e-bike,39.971361949999995,-83.00448300000001,92,25.17,True,False,False,1787083951
Spin,7cd9ed9c-4ddf-4abf-9a07-246e9d9e991e,e-bike,39.96895893333333,-83.0033968,96,26.05,True,False,False,1787083952
Spin,eb251a5b-2e7e-416b-ab37-49080f17a444,e-bike,39.97375905,-83.00434220000001,68,18.44,True,False,False,1787083979
Spin,95fb43c7-ca72-45e9-9cee-5a08e7d86e80,e-bike,39.96910003333333,-83.0022882,91,24.88,True,False,False,1787083879
Spin,f7d90a26-a8fe-4009-8915-00a8fec81270,scooter,39.956889,-82.993772,75,20.49,True,False,False,1787083799
Spin,81ab3e70-73e0-4102-8ccd-1566bab5c76c,scooter,39.95689243333334,-82.99380413333334,84,22.83,True,False,False,1787083822
Spin,8d18d870-9034-46d7-a25b-7eac899dd449,scooter,39.96574433333333,-82.97098685,72,19.61,True,False,False,1787083801
Spin,665b0c53-a466-4986-bd65-0fa6b91c82f4,e-bike,40.0166302,-83.01196730000001,91,24.88,True,False,False,1787083929
Spin,14ec9397-20de-4e23-b99c-2fb26d5853d4,scooter,40.011685,-83.010313,27,7.32,True,False,False,1787083953
Spin,a5baea73-98cc-4fc8-b0e1-2fa2117767ce,e-bike,39.99915473333333,-82.98612093333334,27,7.32,True,False,False,1787083948
Spin,52e821f8-4292-4d6e-9f60-e399c5f4b4cc,scooter,40.000438,-82.979757,56,15.22,True,False,False,1787083963
Spin,435c772c-a3e5-409e-8101-041610420e6d,scooter,40.014516,-82.982226,82,22.24,True,False,False,1787083954
Spin,0d12fe5d-b7ad-4d6d-ad3d-853fbf5704ae,e-bike,40.001086900000004,-83.0004037,57,15.51,True,False,False,1787083860
Spin,5ebdc50a-ea5f-4d91-a800-7b75a53d8bf4,e-bike,39.969111766666664,-83.00388829999999,87,23.71,True,False,False,1787083878
Spin,8ee4aa3f-9ae0-474d-a170-86b6cc36ec90,e-bike,39.96912403333333,-83.00388509999999,87,23.71,True,False,False,1787083975
Spin,ad77f6ab-60b8-4d69-a58d-c3ca91d5e476,e-bike,39.96738533333333,-83.01919240000001,22,5.85,True,False,False,1787083827
Spin,4c1936eb-fab4-480f-abfe-82fe902a7b4e,scooter,39.907567,-82.966071,53,14.34,True,False,False,1787083893
Spin,8a05c44d-49de-4c24-ba33-67dd068879b0,scooter,39.993574,-82.981166,22,6.13,True,False,False,1787083934
Spin,c88e9958-d28e-4747-b47f-6ddf63ee3290,e-bike,40.0007241,-83.00797400000002,22,5.85,True,False,False,1787083831
Spin,29a7d20f-824b-4ef8-b5cd-a15b31393156,e-bike,39.960746666666665,-83.01276000000001,89,24.29,True,False,False,1787083848
Spin,361170a0-b013-43d4-a869-4d0f1058bde6,e-bike,40.01694,-82.97372833333333,47,12.88,True,False,False,1787083754
Spin,241409d6-1787-4301-88ca-05b47fb53a28,e-bike,39.938761666666664,-82.99628499999999,62,16.97,True,False,False,1787083975
Spin,b3f4afc4-f5a1-4a07-baf2-70cc790b841d,scooter,40.017329,-83.011488,96,26.05,True,False,False,1787083871
Spin,101d3cdc-d0bb-4ec9-a8cb-588ebe0a2d27,e-bike,39.955884133333335,-83.00314709999999,52,14.05,True,False,False,1787083812
Spin,d442b0c4-d3e6-43ce-a92b-872f8e5b0f17,e-bike,39.96915933333333,-83.0039556,52,14.05,True,False,False,1787083814
Spin,b881bcc0-65a6-44a8-b74e-e3b5559d0f92,e-bike,39.99393303333333,-83.00697,39,10.54,True,False,False,1787083899
Spin,27e7f7ff-47f2-42ab-b54d-7aee88424d24,e-bike,39.96210833333334,-83.0040877,70,19.02,True,False,False,1787083846
Spin,12575990-e726-4514-98f6-1e3a6e8e813a,scooter,39.96416683333334,-83.00306389999999,35,9.66,True,False,False,1787083967
Spin,e5c23864-79e0-4124-a6d5-2be369d6443f,e-bike,39.97149755,-83.0041424,75,20.49,True,False,False,1787083941
Spin,e63a533c-fb22-4257-9af7-f63a3c486151,e-bike,39.969174233333334,-83.0040362,48,13.17,True,False,False,1787083976
Spin,50ef176c-4dbf-499c-b716-0fca3daac0cb,scooter,39.960986,-82.993034,84,22.83,True,False,False,1787083900
Spin,de59f162-2081-4a87-b48c-b57168aa65e3,scooter,40.020854,-82.92181,57,15.51,True,False,False,1787083745
Spin,6f28a50b-fd7c-4572-8032-223226744fad,scooter,39.969148133333334,-83.0039993,28,7.61,True,False,False,1787083952
Spin,9cdaeb7b-6319-40ec-b812-567ae204b396,e-bike,39.924075,-82.95526666666667,46,12.58,True,False,False,1787083789
Spin,248ec112-17df-454f-9a17-2ebd76514535,e-bike,39.96916003333333,-83.00396180000001,92,25.17,True,False,False,1787083963
Spin,acadcd9f-92fc-4ccb-aad9-0dd6205eab4b,scooter,39.97338255,-83.00470500000002,47,12.88,True,False,False,1787083855
Spin,e19265fb-c304-4b5b-837f-8252993ab870,e-bike,39.99410193333333,-83.0067489,27,7.32,True,False,False,1787083948
Spin,860418ce-1e97-487c-8439-0037a7b1151a,e-bike,39.954959333333335,-82.99946873333334,32,8.78,True,False,False,1787083904
Spin,e0124c11-ce4e-401b-ba60-27295d19131c,e-bike,40.0146023,-83.01105530000001,72,19.61,True,False,False,1787083950
Spin,d07a20c5-024e-47b9-999b-b18546c71c99,e-bike,39.99423203333333,-83.006742,66,17.85,True,False,False,1787083957
Spin,c7b92b89-54d4-451f-b336-00208da07e11,scooter,39.96856,-82.97013,92,25.17,True,False,False,1787083970
Spin,1d8fa6db-c9cf-4670-bba1-173c59340afb,e-bike,39.95029983333333,-83.0003065,94,25.46,True,False,False,1787083950
Spin,146552b0-aeaf-414c-b2c2-6b2f58079b0b,e-bike,39.95368,-82.983235,23,6.15,True,False,False,1787083961
Spin,a56cf13f-c33f-4c96-86fa-5e4ffd53583a,e-bike,39.95728163333333,-83.0049104,41,11.12,True,False,False,1787083971
Spin,ca16bcb8-29ab-4d99-bd0a-2cb6047745a8,e-bike,39.996480600000005,-82.99910290000001,94,25.46,True,False,False,1787083939
Spin,249d9078-7183-42cd-bf05-8f417e6a856c,scooter,39.989294,-83.004753,33,9.5,True,False,False,1787083817
Spin,dbc4d512-25a1-47e2-a984-fa40a27702ba,scooter,40.014601,-82.9857,62,17.77,True,False,False,1787083791
Spin,21b264ad-7a2c-4c99-8a12-8c34676c272e,scooter,40.0040306,-83.00855250000001,62,16.97,True,False,False,1787083893
Spin,c9d7797e-0ecc-4af0-9456-5d536e99d485,scooter,39.962755333333334,-82.99652763333333,63,17.27,True,False,False,1787083935
Spin,d8bd39a4-5de8-41fc-b007-9dca6fb7b5ae,e-bike,39.93513333333333,-82.99285166666665,91,24.88,True,False,False,1787083879
Spin,b8263ea8-4f12-4736-9972-5e88a92c67b4,scooter,39.935096,-82.992897,95,25.75,True,False,False,1787083924
Spin,0178ad2d-1edb-43ce-8776-ec002582d42c,scooter,40.013313,-83.010833,58,15.8,True,False,False,1787083937
Spin,64def400-48e3-449c-9ce0-5f5c6d48c6e3,e-bike,39.94448763333333,-82.99739693333335,90,24.58,True,False,False,1787083920
Spin,d49b7ca8-efb7-4ace-b485-e46e6b08e38c,e-bike,39.96063503333333,-82.98163713333334,46,12.58,True,False,False,1787083743
Spin,7c24a93d-3781-45ea-9049-b27252e64c17,e-bike,39.949392333333336,-83.0015206,90,24.58,True,False,False,1787083785
Spin,68a0f1be-1950-4c00-ab53-57643a2e8604,e-bike,40.00993833333334,-83.01023333333333,68,18.44,True,False,False,1787083927
Spin,eaa26145-62a5-463f-ae15-723ea3e01089,e-bike,39.967442633333334,-83.0147748,94,25.46,True,False,False,1787083963
Spin,e26c44dd-48ef-4fea-b693-21ad4e20d8f0,scooter,39.953762833333336,-82.98019113333334,41,11.12,True,False,False,1787083888
Spin,a920f1cc-2b7e-4f1e-a09d-b0dfbf1bd7ec,e-bike,39.975159549999994,-82.99806103333334,52,14.05,True,False,False,1787083950
Spin,1da111de-250d-47e1-ace7-3d04b1713efa,e-bike,40.014661700000005,-83.000252,83,22.54,True,False,False,1787083853
Spin,12f5ce38-8713-4589-9aa8-95a0633b242f,e-bike,39.958964433333335,-83.0091325,89,24.29,True,False,False,1787083890
Spin,25631d62-318b-4882-95e8-3d3460458721,e-bike,39.96755043333334,-83.01347740000001,91,24.88,True,False,False,1787083930
Spin,a9d019ff-d3d4-4ccc-829c-17e614e52194,e-bike,39.95727333333333,-83.01262960000001,91,24.88,True,False,False,1787083876
Spin,b16e55fd-d26b-420e-9b72-e39563495fbc,e-bike,39.965495133333334,-82.99689063333332,41,11.12,True,False,False,1787083808
Spin,49d1acc4-b563-449c-8971-c97bb0d372de,scooter,39.965500633333335,-82.99693253333335,30,8.19,True,False,False,1787083838
Spin,48ed1050-6c5b-4fa4-9420-f89098d96c48,scooter,40.0157004,-83.01393170000001,85,23.12,True,False,False,1787083784
Spin,22d68927-eb10-4725-b9b8-d3c45478fc14,scooter,39.971007,-82.979385,87,23.71,True,False,False,1787083690
Spin,0510e598-7b62-47a7-b876-4be50f662db7,scooter,39.970984,-82.979303,94,26.65,True,False,False,1787083752
Spin,eb47f727-4ef1-4ce2-8fb4-9eea15df2f1d,scooter,39.970968,-82.979333,38,10.72,True,False,False,1787083779
Spin,a8325154-92da-4075-8f37-8a957b46598a,e-bike,39.96206383333333,-82.99065923333335,35,9.66,True,False,False,1787083971
Spin,ab865a97-2778-47a0-be94-c9dce15a281f,e-bike,39.96837853333333,-83.0016472,91,24.88,True,False,False,1787083841
Spin,7c8ad06c-f6ea-4c37-a7e7-3e40e7b0efa6,e-bike,39.97883165,-83.0041567,84,22.83,True,False,False,1787083911
Spin,45c0d142-453b-4874-a9b6-b1d4f4c34886,scooter,39.973623849999996,-83.0029398,57,15.51,True,False,False,1787083920
Spin,b1805ba5-1d0b-4ff4-9eae-ae7b81f9cc7a,scooter,39.968673,-82.968611,99,26.93,True,False,False,1787083900
Spin,0555b20c-71db-486a-8651-07b2c1e5c513,e-bike,39.94239166666667,-82.98373166666667,82,22.24,True,False,False,1787083733
Spin,006f06ce-eaea-48f0-a82f-de7ffc2cde41,scooter,39.96916043333333,-83.0040276,42,11.41,True,False,False,1787083862
Spin,9edddc82-67da-4b97-b875-a94a12da82a9,scooter,39.96241,-82.969061,27,7.66,True,False,False,1787083720
Spin,b3605af5-3061-411a-b1ac-0dfcbce2054a,e-bike,39.97751781666667,-83.00352165000001,87,23.71,True,False,False,1787083949
Spin,4befe27f-f287-4a9a-9d7b-332c211500a4,e-bike,39.96897773333333,-82.99983243333332,80,21.66,True,False,False,1787083914
Spin,22d935a8-0b53-40a4-8353-42eca7b3e0db,e-bike,39.982438333333334,-83.00109166666668,98,26.63,True,False,False,1787083804
Spin,3fe73434-c2d6-4043-9382-caa0d5854f2d,e-bike,39.96604743333333,-83.00305240000002,31,8.49,True,False,False,1787083835
Spin,9f889a9b-e0b7-4e67-b89f-a9de3aa059a1,scooter,39.963274,-82.953256,100,27.22,True,False,False,1787083960
Spin,809c85a2-d03c-4752-9df6-70753ecc007b,scooter,39.978858,-83.004064,54,14.63,True,False,False,1787083970
Spin,5b4c4da4-fb4b-43e6-94fc-eb27270ebf55,e-bike,40.008086899999995,-83.01214460000001,47,12.88,True,False,False,1787083896
Spin,899ce0bd-52c6-40e2-9d91-a69842722a82,e-bike,39.99408833333334,-82.99309999999998,97,26.34,True,False,False,1787083851
Spin,78817234-8872-4468-b2d5-de6b8b62202c,e-bike,40.003075800000005,-82.99844203333332,91,24.88,True,False,False,1787083870
Spin,27b1ce26-9ba0-410a-9aca-8b59114f360c,scooter,39.966375,-83.000875,75,21.44,True,False,False,1787083827
Spin,e0f1e332-ac68-4968-ab92-6797085ebaf3,e-bike,39.96604,-83.06154833333333,100,27.22,True,False,False,1787083868
Spin,e5ef9d01-e7c1-4fb2-a05e-143a3a9418e2,scooter,39.97712995,-83.00507350000001,48,13.17,True,False,False,1787083891
Spin,af991799-a91c-4f61-a05b-014f717a52fd,scooter,40.006007,-83.00897,91,24.88,True,False,False,1787083960
Spin,5291bd1e-47d5-4f46-b40e-c9f48fbaad31,scooter,40.015532,-82.96639,97,27.57,True,False,False,1787083696
Spin,e2365a3c-1057-48b2-896d-c48c11ff4522,e-bike,39.97043675,-83.0019962,89,24.29,True,False,False,1787083954
Spin,316bfcec-4dd4-4eed-9af1-84acca9c1d37,scooter,39.959893,-82.999938,90,25.73,True,False,False,1787083959
Spin,1b124195-16b8-4bc3-830d-cecb35cea37c,e-bike,40.0077605,-83.01205239999999,91,24.88,True,False,False,1787083791
Spin,18036ec2-4ff2-461d-9226-5163d9b9eea6,e-bike,39.96896483333333,-82.99986283333334,31,8.49,True,False,False,1787083821
Spin,05ac03fa-0a45-4903-abbc-9960de3ab55b,e-bike,39.96492473333333,-83.0004923,51,13.76,True,False,False,1787083952
Spin,8b01848a-1197-4473-a87a-bed453d0658e,scooter,40.013486,-82.958828,100,27.22,True,False,False,1787083943
Spin,f7356675-a1b2-4b68-9ca5-bfaeb829e1e5,e-bike,39.98247991666666,-83.00345011666668,72,19.61,True,False,False,1787083964
Spin,3d2d8376-32f2-486a-8a4e-92f27f7914c1,e-bike,39.95819063333333,-82.99974613333333,51,13.76,True,False,False,1787083895
Spin,1aea38c4-0a60-4cb9-965f-b6a2badcc150,e-bike,39.95818863333333,-82.99974063333333,42,11.41,True,False,False,1787083884
Spin,3023680b-b30e-4735-b8cc-c5e3ca183fba,scooter,40.010327,-83.013455,72,20.52,True,False,False,1787083849
Spin,fe6d5143-9bec-42c4-8118-6e5b94549383,scooter,39.99198283333333,-83.00653400000002,80,21.66,True,False,False,1787083861
Spin,13a94253-97b8-49d1-a1bf-35d76011f301,scooter,39.998919433333334,-83.0011625,38,10.24,True,False,False,1787083885
Spin,da958ed8-1740-4f2e-9024-6fc47acceebc,scooter,40.017091,-82.965528,30,8.58,True,False,False,1787083973
Spin,af8966c3-5b29-46dd-8926-03a4c5e2761f,scooter,40.017068,-82.965535,47,13.48,True,False,False,1787083950
Spin,99653d9f-2a04-4242-9e28-427213cc0420,scooter,40.017021,-82.965545,91,24.88,True,False,False,1787083933
Spin,25a17fa0-121d-4194-909c-423cb69315b0,e-bike,39.96533743333334,-83.0013951,88,24.0,True,False,False,1787083952
Spin,74db680e-b5d0-4e6f-942f-386196bf8574,e-bike,39.95505023333333,-83.00120380000001,91,24.88,True,False,False,1787083933
Spin,8c5459d9-4118-480b-bc58-21885c82236a,e-bike,39.974450850000004,-82.89401231666668,56,15.22,True,False,False,1787083785
Spin,b45f6ae9-7b43-4374-bb35-18949ee38e36,e-bike,39.954851733333335,-82.99944573333332,29,7.9,True,False,False,1787083932
Spin,f578188b-bec3-4913-a02d-5d2bd12f6f04,e-bike,39.960836433333334,-82.99360853333334,40,10.83,True,False,False,1787083898
Spin,4cc3e80a-18f2-4208-a20f-2c187133eea5,e-bike,39.97155175,-83.00451139999998,42,11.41,True,False,False,1787083832
Spin,f52f7c73-e548-499c-b309-21622774d2f6,e-bike,39.96282393333333,-82.98182323333334,88,24.0,True,False,False,1787083764
Spin,c11e6210-c299-42d1-8f7d-99d5a602c311,scooter,40.018105,-82.973295,76,20.78,True,False,False,1787083720
Spin,ad910966-1224-42d1-8357-671e176c5a87,e-bike,40.018265,-82.97350166666665,96,26.05,True,False,False,1787083977
Spin,252635c8-633b-4822-9168-78816b96f544,scooter,40.018692,-82.97822,23,6.15,True,False,False,1787083971
Spin,7baef709-d0fc-442d-9b17-7a1473f43064,scooter,40.018686,-82.978215,58,15.8,True,False,False,1787083960
Spin,8169deb0-37d1-411d-bd0d-a45dabd7047d,e-bike,40.034213333333334,-82.97796833333332,48,13.17,True,False,False,1787083768
Spin,9a657098-14a2-4eee-ae65-25b3d25cbbbd,e-bike,39.96597333333333,-83.00149166666667,82,22.24,True,False,False,1787083945
Spin,8c7276e9-4b48-4875-bc79-0d71988a9a58,e-bike,39.957867433333334,-83.00150379999998,41,11.12,True,False,False,1787083831
Spin,48c4f8fc-b448-439a-b7b4-ab4571828f6d,scooter,40.01442,-82.982457,97,26.34,True,False,False,1787083945
Spin,3885abd9-baad-4622-8ce0-fd5d1705f55e,scooter,40.014727,-82.990038,63,18.07,True,False,False,1787083859
Spin,7f434c2e-44fa-4fdd-bff9-21ef0d45f709,e-bike,40.0323053,-83.0178365,85,23.12,True,False,False,1787083844
Spin,58a9b392-c4cc-4951-848f-f8a9c629c7b1,e-bike,39.96917133333333,-83.00225129999998,89,24.29,True,False,False,1787083911
Spin,ddd84f36-1ff2-44d4-a001-ae044c61b45a,e-bike,39.968421533333334,-83.0119848,48,13.17,True,False,False,1787083692
Spin,c79435a6-4faf-4bfb-927e-7feb17c3dc7d,scooter,39.96188933333334,-83.00465090000002,38,10.24,True,False,False,1787083923
Spin,8379a509-df17-4401-93c3-90b72196e988,scooter,40.014522,-82.988068,95,25.75,True,False,False,1787083908
Spin,7c23a0cd-aac8-423b-8b49-292b5e8f8aa5,e-bike,39.96904,-83.000995,88,24.0,True,False,False,1787083951
Spin,0b68702c-9c71-4e1c-86fc-60c8d3a89c63,e-bike,40.004980700000004,-83.00858760000001,61,16.68,True,False,False,1787083852
Spin,53d4f146-40c7-44b6-8001-35279ecf520f,e-bike,39.98993825,-83.0057887,91,24.88,True,False,False,1787083788
Spin,d58fa5f4-c761-4654-93c9-3bb430073609,e-bike,39.97415555,-82.95818063333333,87,23.71,True,False,False,1787083936
Spin,5ab1a8d0-67e0-4e80-94af-973642990069,scooter,40.002660399999996,-83.00847989999998,69,18.73,True,False,False,1787083963
Spin,2b7a0a3c-e4d5-40d6-9744-cf8e710df091,e-bike,39.96800603333334,-83.01104930000001,46,12.58,True,False,False,1787083964
Spin,e353a399-c03d-4d8a-b9b7-866520ba22d3,scooter,39.993588,-83.025734,85,23.12,True,False,False,1787083940
Spin,d6a0f905-167d-4dca-90e9-0f91212751e9,scooter,39.911044,-82.98993,42,11.41,True,False,False,1787083962
Spin,8effa65e-16c3-4226-b6cf-45c524269682,scooter,40.013632,-82.967812,96,26.05,True,False,False,1787083925
Spin,7a75fd3c-e9c9-4f19-b502-72294bbea4f8,e-bike,40.01285666666667,-82.96808666666666,65,17.56,True,False,False,1787083892
Spin,7f1e5214-1344-4a44-baae-08b0159a4be0,scooter,39.96913123333333,-83.00388130000002,23,6.15,True,False,False,1787083969
Spin,d7de2cb2-ada3-4d08-8501-27e71d8dc99c,scooter,39.96115713333334,-83.0065003,44,12.0,True,False,False,1787083879
Spin,dc8fa944-9b31-4fbb-b9b8-f0110c3236ac,e-bike,39.96791593333333,-83.01221830000001,41,11.12,True,False,False,1787083877
Spin,1d33a5ec-751a-4d67-ab28-e4e495bf26da,e-bike,39.96778581666667,-82.97696843333333,94,25.46,True,False,False,1787083970
Spin,596b7149-e257-40c6-814d-be98178ef36e,e-bike,39.991639533333334,-82.99831743333334,83,22.54,True,False,False,1787083979
Spin,8e77012b-0d9c-473e-bc4f-f50aec7af6bd,e-bike,39.976215450000005,-83.0040364,37,9.95,True,False,False,1787083796
Spin,d787adb7-a715-4d69-943d-302dfc63453c,scooter,40.008959,-82.970437,34,9.37,True,False,False,1787083940
Spin,a2f81fdf-5a93-45cc-a8f5-688d7276e2da,e-bike,39.98610233333333,-82.98182813333332,92,25.17,True,False,False,1787083929
Spin,2fbe61bf-a254-44ce-8149-f392e038cfce,e-bike,39.96739433333333,-83.01918470000001,32,8.78,True,False,False,1787083771
Spin,8f21f685-7ee8-43c9-9a98-3385e8a4c572,scooter,39.96790693333333,-83.0122375,66,17.85,True,False,False,1787083898
Spin,e2a137ae-ae97-4c3a-b432-371e1e60b546,scooter,40.000428,-82.979788,53,14.34,True,False,False,1787083947
Spin,0993f575-df60-4db0-9769-a1dcf4364545,scooter,40.01292,-82.968043,52,14.7,True,False,False,1787083894
Spin,6bdca359-11cb-460d-a801-0059cf1bedd6,scooter,40.012918,-82.968024,23,6.43,True,False,False,1787083894
Spin,0148a82a-258f-4448-b658-2c8302959893,scooter,39.976361350000005,-83.0121512,100,27.22,True,False,False,1787083946
Spin,e7e2dc5c-aac6-4dc5-97e9-9e2ae41e4335,e-bike,39.97251395,-83.0080531,92,25.17,True,False,False,1787083890
Spin,c36a5ac2-c15d-4c2d-8aac-f9878efab075,scooter,39.98709243333334,-83.0411247,100,27.22,True,False,False,1787083825
Spin,f28305b3-f571-499f-9e78-bc95857fc4ea,scooter,39.97336005,-83.004719,100,27.22,True,False,False,1787083873
Spin,1aafe325-aec7-409e-9aec-5315e38aaac4,scooter,39.97076125,-83.00216209999999,100,27.22,True,False,False,1787083899
Spin,f25e52a2-38ab-4b84-b3f1-75694c175ff2,e-bike,39.99719313333333,-82.97786685000001,81,21.95,True,False,False,1787083938
Spin,27c08bc9-b068-41fc-add0-667e89556d2e,e-bike,39.96577683333333,-83.01976979999999,38,10.24,True,False,False,1787083820
Spin,b900aa28-82d1-4b9c-aeaa-d6caad4157cc,e-bike,39.95892205,-83.00165556666667,97,26.34,True,False,False,1787083943
Spin,6e248e85-569b-4061-83d6-2a464f312b39,e-bike,39.963961266666665,-82.99732928333333,90,24.58,True,False,False,1787083727
Spin,104e4a32-6298-441c-8f2d-b68aac05d751,e-bike,39.994035000000004,-83.00684500000001,100,27.22,True,False,False,1787083850
Spin,b9f20e7c-861e-421b-918c-ebd0aab4e383,e-bike,39.958679833333335,-83.02511170000001,22,5.85,True,False,False,1787083930
Spin,f1a754c1-2313-4b4d-a9a3-1ebdb727d85e,scooter,40.005133,-83.00895970000002,81,21.95,True,False,False,1787083971
Spin,c315a607-d3c5-4a7f-9102-2fdc1736145d,e-bike,39.99293773333333,-83.0065277,39,10.54,True,False,False,1787083913
Spin,b86d80fa-7e3a-474d-9048-05e1cae5f223,e-bike,39.99295813333333,-83.00653929999999,90,24.58,True,False,False,1787083913
Spin,96d0b30e-78fa-4e5a-b81c-aa11f52b8f28,e-bike,39.99881903333333,-83.0075853,37,9.95,True,False,False,1787083799
Spin,3ef97ad3-2c39-4dac-ae5b-2fd99a7ce6b5,e-bike,39.99346,-83.00597166666667,100,27.22,True,False,False,1787083917
Spin,741d8906-c196-418d-bc70-91ffa24003f3,scooter,39.946015,-83.017619,46,12.58,True,False,False,1787083970
Spin,686d2163-9a43-4f52-a2f5-12523e6a3f92,scooter,39.993552,-83.006018,100,27.22,True,False,False,1787083946
Spin,a9b9f1d4-8221-4b6b-aa7e-1a91e824a831,scooter,39.99405873333333,-83.0068197,58,15.8,True,False,False,1787083777
Spin,e64c2a13-d607-443a-be49-ae7f3bc17cbc,e-bike,39.99202153333333,-83.0122003,39,10.54,True,False,False,1787083971
Spin,9d9513f8-ebb1-4af2-8a0e-c099875092f1,scooter,39.98888,-83.004956,56,15.22,True,False,False,1787083914
Spin,8cb004a6-8e76-49c5-aa3f-a03627618893,scooter,39.988925,-83.004795,37,9.95,True,False,False,1787083761
Spin,c5f46bff-6de9-43ce-971f-96c7f9f9cb70,scooter,39.99256973333333,-83.02541709999998,68,18.44,True,False,False,1787083967
Spin,e62f1a12-97f8-4207-9090-616a75d3ec91,scooter,39.954419,-83.023418,29,7.9,True,False,False,1787083966
Spin,a0ac4ab2-627e-4da8-b9d2-e77d154a4f8b,e-bike,39.99465553333334,-83.00543520000001,27,7.32,True,False,False,1787083955
Spin,76252e81-dad9-4c8b-bd0b-ec4e007cf24a,scooter,39.97065885,-83.00126589999999,100,27.22,True,False,False,1787083910
Spin,9dc0d3a6-56ba-4a69-8b4c-5f964546f7c7,e-bike,39.97070695,-83.0012702,38,10.24,True,False,False,1787083940
Spin,ed4e1424-f7cc-4fca-8e1c-5e4b961ce897,e-bike,39.97076455,-83.0012968,19,5.27,True,False,False,1787083828
Spin,c5fefa89-25d8-48f1-8787-9a1fabf7edec,e-bike,39.97067645,-83.00124509999999,91,24.88,True,False,False,1787083892
Spin,9d639706-79b6-43c1-9cb9-78b496c3661b,scooter,39.970639750000004,-83.00124310000001,37,9.95,True,False,False,1787083804
Spin,db9236bd-f6e6-473f-9473-7de57762cb1e,e-bike,39.970733333333335,-83.00121896666666,37,9.95,True,False,False,1787083830
Spin,ee5b91e1-26f1-4dd3-8e7b-4a7f024044e8,scooter,39.985319350000005,-83.00538630000001,34,9.37,True,False,False,1787083885
Spin,fbe96c79-5c75-4886-b5bb-3d3cdd016a4f,e-bike,39.977433850000004,-83.00256390000001,46,12.58,True,False,False,1787083955
Spin,1406cee8-7c64-409d-968a-5ed438627ff9,e-bike,39.99504353333334,-83.00692169999999,30,8.19,True,False,False,1787083964
Spin,140c1470-a6a3-4f49-a546-935d97446ab6,e-bike,39.96273073333334,-82.99759593333334,91,24.88,True,False,False,1787083970
Spin,395936b0-8e55-4b75-bc94-0c105a748ed8,e-bike,39.95755163333333,-83.01182418333335,99,26.93,True,False,False,1787083924
Spin,1ca0d4e7-0a0a-48b7-a567-93113c57ca40,scooter,40.023726,-82.987392,33,9.07,True,False,False,1787083961
Spin,a221eca2-51bb-45c4-9934-63bd6e557671,e-bike,39.958371033333336,-82.95822943333333,35,9.66,True,False,False,1787083879
Spin,98e4b2d6-7232-415a-9150-8361946a18ed,scooter,39.958485933333336,-83.00845890000001,52,14.05,True,False,False,1787083794
Spin,733b9b3e-23e1-47f1-b4be-6595856366a7,scooter,40.023695,-82.987452,100,27.22,True,False,False,1787083702
Spin,1ae91fbb-9b9b-4133-a5d3-90ba8ab7b8eb,scooter,39.96079,-83.012547,61,16.68,True,False,False,1787083872
Spin,419d1889-7f84-4c25-a01b-24377c453f30,e-bike,39.97668475,-83.01166565,92,25.17,True,False,False,1787083790
Spin,cbaad375-dd74-4efc-8460-c56ab7f12508,e-bike,39.957390333333336,-83.0113276,98,26.63,True,False,False,1787083978
Spin,1b559921-4784-44eb-9d8b-17f5f65071c4,e-bike,39.960702833333336,-83.01201889999999,66,17.85,True,False,False,1787083945
Spin,2730db4d-4ed5-4d25-b5f4-b7041321ba2d,e-bike,39.98037273333333,-82.99458863333332,68,18.44,True,False,False,1787083884
Spin,c1654259-9ac9-404f-a47c-4734a43f7776,scooter,39.970736949999996,-83.0021271,100,27.22,True,False,False,1787083863
Spin,706a8b95-e005-4544-bf99-e421dfea3000,e-bike,39.9627599,-82.99760466666666,91,24.88,True,False,False,1787083897
Spin,92a870a5-3559-4f43-8c03-f09d5fdc126b,scooter,39.944728,-83.018604,77,21.07,True,False,False,1787083810
Spin,0aee8554-ae9a-4453-8b69-e0b6faead870,e-bike,39.96224095,-83.00420373333333,94,25.46,True,False,False,1787083780
Spin,5f14da1d-e4ec-4cef-ab99-3b4b4292bddb,scooter,39.97255335,-83.00398769999998,54,14.63,True,False,False,1787083764
Spin,148e001b-1fb8-4c53-b48a-d0a37d21a256,e-bike,39.99891783333333,-83.00502300000001,25,6.73,True,False,False,1787083976
Spin,fe12a021-3395-4de5-9ed0-56ae096a92cd,e-bike,39.965607133333336,-82.99666873333332,91,24.88,True,False,False,1787083941
Spin,18d0a539-b5ce-4bf6-9047-440da98dd49c,e-bike,39.95748123333333,-82.99004733333335,87,23.71,True,False,False,1787083862
Spin,63f5c3a6-735d-4499-9561-0573f4a03c44,scooter,40.014626,-82.985129,43,11.71,True,False,False,1787083817
Spin,6e73fbef-bb8c-48bf-9afd-7377ac0a7c01,e-bike,39.957496033333335,-82.99007933333333,87,23.71,True,False,False,1787083972
Spin,e2791602-ec2c-463a-9703-d7793e83f475,scooter,39.97078475,-83.0021836,41,11.12,True,False,False,1787083805
Spin,965e95e1-e40b-4cf4-929b-080812e7fc7a,e-bike,39.96203383333333,-83.00406210000001,63,17.27,True,False,False,1787083950
Spin,9a17a90e-6bfc-4267-9e6b-2db372e084f1,e-bike,39.98967325,-83.0151904,51,13.76,True,False,False,1787083731
Spin,93ca6952-68d3-412a-abd3-111127d9971b,e-bike,40.012382200000005,-83.00019390000001,20,5.56,True,False,False,1787083964
Spin,8c5987e0-6951-48dc-b3c6-84801d6192d7,scooter,39.990213733333334,-83.01353929999999,40,10.83,True,False,False,1787083769
Spin,9fcbb2b8-a7e2-4b3f-b902-3753a852e7e1,scooter,40.014757,-82.99008,44,12.56,True,False,False,1787083865
Spin,75c268b0-c14e-4a13-a97d-8a8d5bc50b52,e-bike,39.96165823333333,-83.0227974,31,8.49,True,False,False,1787083939
Spin,8230037a-36a2-47a0-bf14-85d8a2d722e4,e-bike,39.99381533333334,-82.99573703333333,29,7.9,True,False,False,1787083812
Spin,d94ea115-98f7-41a8-8ebc-a3219b42f3ec,e-bike,39.96601166666667,-82.99141333333334,32,8.78,True,False,False,1787083839
Spin,d65a6843-ed68-4262-b682-f4a1da014803,e-bike,40.0063332,-83.00061830000001,59,16.1,True,False,False,1787083812
Spin,6342aad0-bf05-466b-935b-2f02f53ba790,scooter,40.01429,-82.976742,67,18.99,True,False,False,1787083893
Spin,a588bdce-0513-4781-94bc-18482fdff56f,scooter,39.959054333333334,-83.02221820000001,100,27.22,True,False,False,1787083895
Spin,b6c08fe2-eec5-444e-a25c-6ce4e313abf7,scooter,40.041924,-82.966152,35,9.66,True,False,False,1787083774
Spin,72f2dac2-b169-4af0-a381-8ed32fb755a8,e-bike,40.009171599999995,-83.01231369999999,35,9.66,True,False,False,1787083881
Spin,0a3df954-85c2-4b64-8b7f-6c6145967b4f,e-bike,39.943721133333334,-82.98308553333332,46,12.58,True,False,False,1787083745
Spin,9520feee-e72f-4287-9a23-ce5650b851cc,e-bike,40.012817899999995,-83.01102,94,25.46,True,False,False,1787083946
Spin,19f8cc33-10ab-41b1-8ab0-f9ba7dd8373d,e-bike,39.96195373333333,-83.00417880000002,72,19.61,True,False,False,1787083752
Spin,45bd491b-d2f8-4345-93d4-d3e199439285,scooter,39.96307813333333,-82.98730943333334,100,27.22,True,False,False,1787083941
Spin,0570b2ef-56bd-40c0-b816-90026d3b9263,scooter,39.957253,-83.025406,81,21.95,True,False,False,1787083780
Spin,ee575766-614a-4360-b14b-58512b8a66c8,scooter,40.014709,-82.985731,51,13.76,True,False,False,1787083845
Spin,2e8e1e8e-aad7-4acf-b622-1975b98ad51e,e-bike,39.97064794999999,-82.97348894999999,59,16.1,True,False,False,1787083933
Spin,f881073c-9aac-4049-95ec-bc685d3bd64c,e-bike,39.97082666666667,-82.97344666666667,84,22.83,True,False,False,1787083751
Spin,ed5d313f-e662-4f54-87cf-cc6c679e8c87,e-bike,39.95155353333334,-83.02623049999998,42,11.41,True,False,False,1787083739
Spin,743ac1f5-343d-4eca-ac68-600e9d84ebce,e-bike,39.97128575,-83.0048296,43,11.71,True,False,False,1787083879
Spin,54598160-0f78-4789-9b74-2b9c72c0a323,e-bike,39.97128445,-83.004794,30,8.19,True,False,False,1787083872
Spin,b55f8f57-b8ff-4f56-8c58-1935513a32b1,scooter,39.961160033333336,-83.0065074,100,27.22,True,False,False,1787083931
Spin,cfe3c541-fde3-49ee-a321-29efe74b2198,scooter,39.958453633333335,-83.00846349999999,73,19.9,True,False,False,1787083944
Spin,d18a3506-ac81-4191-a124-38fc477f1e50,e-bike,39.99893663333333,-82.98590175,74,20.19,True,False,False,1787083951
Spin,31e9e953-b3ea-49a6-93b3-77a65c52dde8,e-bike,39.961706533333334,-83.003879,66,17.85,True,False,False,1787083855
Spin,27164efa-0a93-47d4-a4af-c7d8694bfcfa,e-bike,39.99757163333334,-83.0308498,46,12.58,True,False,False,1787083883
Spin,05dd34b3-4226-460c-b3ba-1a924ab912e9,e-bike,39.957862633333335,-83.0014818,20,5.56,True,False,False,1787083944
Spin,0293c22b-b51f-437a-985a-8131136dc47b,e-bike,39.975559849999996,-83.0034264,81,21.95,True,False,False,1787083909
Spin,6aa3e8bc-1283-4805-8027-1525f3aa9c94,scooter,39.98280893333333,-83.00475220000001,32,8.78,True,False,False,1787083966
Spin,de6348e7-0a09-4d64-b1b5-6044dff94a58,scooter,39.98276283333333,-83.00475669999999,32,8.78,True,False,False,1787083964
Spin,a88a8fb0-31da-49d8-8242-2f69dabc6cb6,scooter,39.952641,-83.020392,85,23.12,True,False,False,1787083967
Spin,7afa7574-519b-4888-9ad8-f0f3e7ea8814,e-bike,40.006285000000005,-83.0134436,58,15.8,True,False,False,1787083851
Spin,09aa4e12-3588-4c78-991a-6779c11f81fa,scooter,39.952751,-83.02012,88,24.0,True,False,False,1787083851
Spin,feb0e3d1-a77a-4d12-acc0-3e7dd1d72ad2,e-bike,40.006286700000004,-83.00918779999999,25,6.73,True,False,False,1787083736
Spin,3d99f369-655a-4ff8-9b95-543547f1c4ca,scooter,39.96112953333333,-83.00651610000001,47,12.88,True,False,False,1787083854
Spin,e20f9b34-c79d-4b76-ab9e-14eaea45ebcb,e-bike,39.952968033333335,-83.0233715,56,15.22,True,False,False,1787083963
Spin,6de727a6-5289-4aaf-a83d-b1c7d08bf6fc,e-bike,40.015855,-83.01382333333335,51,13.76,True,False,False,1787083869
Spin,8491634d-084f-40c9-b3b6-0b4ca0fd2d74,scooter,39.97041025,-83.00226550000001,56,15.22,True,False,False,1787083968
Spin,f0eed193-3d19-4e73-870a-f25a30f2bb22,e-bike,39.96291733333333,-83.0003736,67,18.15,True,False,False,1787083933
Spin,4ecd998b-d36e-4b63-84ff-b9bf2c73a748,scooter,40.042773,-82.957528,71,19.32,True,False,False,1787083846
Spin,8a9bb9dd-ca40-4d51-873c-ed81972cb00e,e-bike,39.973395849999996,-83.00472169999999,23,6.15,True,False,False,1787083836
Spin,b2e540eb-223f-4960-b39c-77fa5760d8bf,e-bike,39.95541623333334,-83.00441450000001,35,9.66,True,False,False,1787083820
Spin,4f15413b-f256-483b-b920-5e79585a1508,e-bike,39.99340323333333,-83.02696060000001,84,22.83,True,False,False,1787083842
Spin,0c1aca2b-800f-4361-ac1e-a235d9900e32,e-bike,40.010149999999996,-83.01222959999998,34,9.37,True,False,False,1787083945
Spin,f02e8264-a4c7-451a-8e26-4e8058543ac5,scooter,39.99590703333333,-83.0070953,40,10.83,True,False,False,1787083965
Spin,40e6b343-305d-4baf-ac2c-8ab04ce12813,e-bike,39.93395341666667,-83.09042336666668,0,,False,True,False,1787082753
Spin,98eb7b39-c1a5-4c78-a217-9201fb73046f,scooter,39.95958563333333,-83.0030488,1,0.29,False,True,False,1787083820
Spin,534952cd-7554-4728-a9ad-04adeb9833d1,e-bike,39.95707535,-83.00406758333332,0,,False,True,False,1787083880
Spin,5276ff22-c4dc-45ea-a65f-5bef11b44da9,scooter,39.93053,-82.9971,0,,False,True,False,1787083944
Spin,5c56fe8e-c2ea-4e2a-a825-42f91b47ac15,e-bike,39.96299166666667,-82.97656,1,0.29,False,True,False,1787083971
Spin,bfbced4e-ba2e-42fa-bf89-6113179c0292,scooter,39.93738,-83.042049,0,,False,True,False,1787083971
Spin,9d5c5f48-e0b6-411a-b499-5f6c6e555c02,e-bike,39.967331666666674,-83.03220000000002,0,,False,True,False,1787083892
Spin,f895f907-191e-49de-a9d4-44173d26a66b,scooter,40.023683,-82.987414,0,,False,True,False,1787083834
Spin,50c4a3b9-c500-4e97-82be-400063e90711,e-bike,39.99326833333334,-82.98052000000001,6,1.76,False,True,False,1787083868
Spin,e4cf5e37-3201-43c3-a090-a1a426538062,scooter,39.962473,-82.977628,0,,False,True,False,1787083750
Spin,8b013a9a-0481-4e52-827d-bdef3ad08674,e-bike,39.957093633333336,-83.00407689999999,6,1.76,False,True,False,1787083789
Spin,4e2e1243-2809-47a8-9c36-15bc453134c5,scooter,39.957444,-83.012886,0,,False,True,False,1787083906
Spin,9f00057d-d291-442e-82ae-7b59ed8dc2c8,scooter,39.988765,-83.041358,10,2.63,False,True,False,1787083804
Spin,3cd3ae3f-d46f-48cc-8b89-c13b6b6002c2,scooter,40.0019912,-83.00114280000001,0,,False,True,False,1787081968
Spin,b18cc7b0-d50b-4f80-964e-85e7b4c41d81,scooter,39.960622,-82.981722,10,2.76,False,True,False,1787083934
Spin,81606c76-79b3-4b5f-9b06-f5bc35eeb68c,scooter,40.023652,-82.984057,13,3.68,False,True,False,1787083938
Spin,6880dccc-2582-41ca-9862-a17e95655fb6,scooter,39.985808,-83.027418,5,1.46,False,True,False,1787083932
Spin,bcb6d076-3b01-4394-986a-dba95170b508,scooter,39.960624,-82.981702,4,1.17,False,True,False,1787083814
Spin,e93e682a-63a9-403a-bb11-a2988a252d41,scooter,40.023722,-82.987543,13,3.68,False,True,False,1787083874
Spin,8210508e-b899-4116-9759-ec6927b37325,scooter,39.959951,-83.000021,0,,False,True,False,1787083879
Spin,2e422733-e27f-47b6-aeca-e9d3c75458cf,scooter,39.939704,-83.120162,4,1.17,False,True,False,1787083960
Spin,dace0206-c4d3-4535-b1f3-894957367d47,e-bike,39.957,-83.00325333333333,0,,False,True,False,1787083847
Spin,8cb6f881-596b-45ba-bf2e-7cbfa6a8a49b,scooter,40.031909,-82.973496,11,2.93,False,True,False,1787083932
Spin,9c3c389c-a81d-4afb-910a-50b893ab780f,e-bike,39.97450385,-83.00436880000001,0,,False,True,False,1787083823
Spin,cfb46c1a-7a6c-4915-8da4-2c8ba22c28d7,e-bike,39.939655,-83.06782166666666,0,,False,True,False,1787083720
Spin,a96ac0a8-6122-4a5f-bc35-e0bb8dc83999,scooter,39.969335,-83.035147,13,3.68,False,True,False,1787083964
Spin,d04bf5be-bac1-4b36-ab4c-3ebb8685df36,e-bike,39.96599666666667,-83.001505,13,3.51,False,True,False,1787083791
Spin,33efae8b-6090-409c-8ae2-3484073b86c8,scooter,39.960359,-82.949604,11,2.93,False,True,False,1787083916
Spin,976bf0e6-fae0-4e3a-a565-33996fd7ac8f,e-bike,39.98751,-83.03145500000001,0,,False,True,False,1787083844
Spin,dbb4e68b-1634-43d6-b4b5-731c29f1ee64,e-bike,40.00698666666666,-83.00945833333331,0,,False,True,False,1787083878
Spin,dd54eb0b-31c9-45dc-8e87-8774bc619d2c,e-bike,40.01009166666667,-83.00979833333334,0,,False,True,False,1787083945
Spin,1e76c4c9-3541-4b95-8553-b6afaa6183a2,e-bike,39.96920383333334,-83.002244,0,,False,True,False,1787083905
Spin,60b8f8eb-919e-4bfe-857f-68d586ed105c,scooter,39.913186,-82.994111,0,,False,True,False,1787082012
Spin,df91e6f1-346a-47b9-a6ec-4ab6faa40bf0,scooter,39.939683,-83.067944,0,,False,True,False,1787082855
Spin,4ebbe22d-88a4-4fb2-87ab-87b2447d1da6,scooter,39.958017,-83.006264,0,,False,True,False,1787083117
Spin,4d9bb89a-eb12-4f35-b204-464f885a02e8,e-bike,39.99403333333333,-83.006795,0,,False,True,False,1787083845
Spin,8944dd0c-e7fb-4e06-873f-4b672338e361,e-bike,40.0021449,-83.01654330000001,32,8.78,True,False,False,1787083819
Spin,ebeb649a-d7a5-451d-a16d-a50f959fa234,e-bike,39.99815803333333,-83.0081332,30,8.19,True,False,False,1787083944
Spin,c13fab45-7c0d-4bc9-a247-d320f4c7d363,e-bike,39.99816561666667,-83.0081517,45,12.29,True,False,False,1787083939
Spin,7b4af55c-9291-4322-99f8-1db737003955,scooter,40.0003559,-83.01797640000001,76,20.78,True,False,False,1787083744
Spin,c76dd5fe-11f8-41a5-ba25-fd6999c75a12,e-bike,40.0012335,-83.0180677,55,14.93,True,False,False,1787083930
Spin,095799ff-e0a1-4947-806d-37b5b324df24,e-bike,40.003725,-83.01110166666668,34,9.37,True,False,False,1787083900
Spin,c2436f3d-ef04-4f4a-993d-d2092b354096,scooter,40.0039286,-83.0129405,70,19.02,True,False,False,1787083790
Spin,8eb0193d-c5c1-4b99-8977-49de8479e90f,e-bike,40.00382333333334,-83.01297166666667,27,7.32,True,False,False,1787083970
Spin,03afe91e-a6f6-4b27-9219-4f45f90a7020,e-bike,40.000537200000004,-83.0208881,68,18.44,True,False,False,1787083929
Spin,1060547c-a577-4d8b-9744-792fc1f86fc1,scooter,40.0004748,-83.0100429,34,9.37,True,False,False,1787083829
Spin,b1faddc8-dd0f-4b9e-9a4b-4df7bf5c477a,scooter,40.001403,-83.014515,40,10.83,True,False,False,1787083940
Spin,d225a97f-5b42-40b1-b88c-150c7276de2b,e-bike,39.99437003333333,-83.0136426,24,6.44,True,False,False,1787083971
Spin,cdbc964a-9380-4d40-a131-b0c4f2b1be90,scooter,40.002483,-83.0099297,40,10.83,True,False,False,1787083759
Spin,207712ad-f3b2-41b1-bcf8-3cbe7194e322,scooter,39.99838663333333,-83.0175049,22,5.85,True,False,False,1787083909
Spin,8b184a37-ab19-42e0-84a3-817bfae5e804,e-bike,40.00217833333333,-83.01068833333332,73,19.9,True,False,False,1787083882
Spin,341c42d3-099a-4c84-b7bf-cd63d152ba44,e-bike,39.999651183333334,-83.02604938333334,73,19.9,True,False,False,1787083748
Spin,d40ae215-ed79-4e96-835a-f6ee5f790cca,scooter,40.0002203,-83.01794579999999,76,20.78,True,False,False,1787083845
Spin,f8ca6a80-d5ce-4d2b-b534-9b0db41474ef,e-bike,40.000540099999995,-83.02091200000001,40,10.83,True,False,False,1787083972
Spin,61ef6ec0-f8c5-405e-85e5-56381f470070,e-bike,40.0005235,-83.0209073,47,12.88,True,False,False,1787083795
Spin,f340e335-5547-4bb7-8e8d-c131bbaf6f1a,scooter,40.002233700000005,-83.01818540000001,22,5.85,True,False,False,1787083876
Spin,03d0dc69-7b6a-4f08-8457-3f9a53974e5f,e-bike,40.000265,-83.018,52,14.05,True,False,False,1787083861
Spin,d4ae6868-386a-4378-9904-44d45750482a,e-bike,40.000235399999994,-83.01793709999998,60,16.39,True,False,False,1787083928
Spin,ab6e7e3c-b197-4845-a20f-71d8c06f39af,scooter,40.0014896,-83.00877719999998,55,14.93,True,False,False,1787083937
Spin,0122d904-3fd3-461a-a658-4cd57d9aee1e,e-bike,40.005320399999995,-83.01863030000001,48,13.17,True,False,False,1787083895
Spin,682c9a74-3d89-49ad-adab-bee18ecf3e3e,e-bike,39.995954633333334,-83.0074062,27,7.32,True,False,False,1787083960
Spin,347a3983-7c6e-4d0a-a6b0-b0007fea848a,e-bike,39.99405333333333,-83.00680666666668,75,20.49,True,False,False,1787083879
Spin,0e0b7e89-def0-498b-8130-09ec87b9cfe1,scooter,39.99713583333333,-83.00759590000001,58,15.8,True,False,False,1787083796
Spin,43ad03a8-9e88-4566-b6c6-b51a43ea577a,scooter,39.99714793333333,-83.0076017,31,8.49,True,False,False,1787083918
Spin,fe0e30ae-6ef6-4c0d-832d-945bf9fe23b7,e-bike,40.0024171,-83.0186241,67,18.15,True,False,False,1787083947
Spin,e25875a0-20a8-4425-ba16-416a5fc5d04e,e-bike,40.000492200000004,-83.0100343,66,17.85,True,False,False,1787083785
Spin,f959eaa8-9290-4fc0-b298-5577204ed25d,e-bike,40.0025158,-83.0178776,31,8.49,True,False,False,1787083866
Spin,e1b65d80-9850-4911-9b8d-aff421ba5188,e-bike,39.99789333333333,-83.00751999999999,37,9.95,True,False,False,1787083843
Spin,ec10f8c6-012b-4904-be76-6a027ab8cc62,e-bike,40.0035576,-83.0095925,38,10.24,True,False,False,1787083905
Spin,19246367-d213-43f5-bf43-50ede5426b7a,e-bike,40.0046254,-83.01619620000001,74,20.19,True,False,False,1787083831
Spin,9f8b4fb9-a73d-47c0-b266-6ef0d76c93c5,e-bike,39.99734863333333,-83.01802270000002,61,16.68,True,False,False,1787083963
Spin,beed0521-1905-48c2-a5a5-b5eb3b3f0724,e-bike,39.99734803333333,-83.01797309999999,83,22.54,True,False,False,1787083965
Spin,e0e6a227-3a44-4ebb-989e-d7d3d065261a,e-bike,39.99924333333333,-83.02135833333332,75,20.49,True,False,False,1787083919
Spin,4ba8f0c7-af30-425b-8c88-9c869d990c06,scooter,40.0061358,-83.01666769999999,24,6.44,True,False,False,1787083927
Spin,ecd849d7-f72c-4e53-8be6-35b22983c8ce,e-bike,40.0061296,-83.01091040000001,80,21.66,True,False,False,1787083967
Spin,55729b78-d365-471a-abd8-da10b2c8b47a,scooter,40.0002035,-83.01795130000001,19,5.27,True,False,False,1787083969
Spin,170c5637-3240-42c5-96da-6805e53e0b7d,e-bike,40.00029,-83.01794833333334,46,12.58,True,False,False,1787083975
Spin,741b160d-c1d9-4274-9f27-cebb86f6b26e,e-bike,40.0035848,-83.00936089999999,31,8.49,True,False,False,1787083977
Spin,f51b9e69-8438-40a6-9bc7-7151768143c0,e-bike,39.99897371666667,-83.00944661666666,39,10.54,True,False,False,1787083979
Spin,35d6ccd4-aa26-476b-985c-f344029e0941,scooter,39.999395,-83.009208,20,5.56,True,False,False,1787083971
Spin,5305f532-4365-4ab3-bac1-214e2792da49,e-bike,40.0035291,-83.0095487,52,14.05,True,False,False,1787083962
Spin,b1dc7621-c9f9-4c40-bacd-ab3aea46d369,scooter,39.99416933333334,-83.00769149999999,51,13.76,True,False,False,1787083929
Spin,29d1b205-da12-4cf9-84ba-4b2223e58a2e,e-bike,39.99787823333334,-83.00776920000001,44,12.0,True,False,False,1787083979
Spin,097291de-461e-4194-a0e7-55f7a358a745,e-bike,39.99787563333334,-83.0077184,49,13.46,True,False,False,1787083952
Spin,8cad81d3-2996-4c0e-98e0-f6d21c04779d,e-bike,39.99786493333333,-83.00775200000001,44,12.0,True,False,False,1787083820
Spin,83452053-2097-44d0-a909-6e9711f86583,e-bike,39.99789573333333,-83.00775649999999,23,6.15,True,False,False,1787083755
Spin,ff4d1627-45e2-4980-88b5-2ed82449782b,e-bike,39.99709,-83.0076,33,9.07,True,False,False,1787083883
Spin,089e5ca6-4109-4c3c-bac8-4a118c5853b7,e-bike,39.99709666666667,-83.00759166666667,62,16.97,True,False,False,1787083720
Spin,c2260abd-544a-41a9-9b87-8bfec9cd3bc4,e-bike,39.99709666666667,-83.00759166666667,56,15.22,True,False,False,1787083949
Spin,b4451ca0-a487-426b-9a1b-6964928ec098,e-bike,39.99709666666667,-83.00759833333335,80,21.66,True,False,False,1787083936
Spin,72afe1f7-3a92-4589-82e3-ac71b25a8b4b,e-bike,40.005868299999996,-83.00927510000001,30,8.19,True,False,False,1787083889
Spin,45174912-5500-4d09-a04d-8504a8b1214b,e-bike,40.0059322,-83.00956900000001,44,12.0,True,False,False,1787083962
Spin,8030eed1-6f84-4f36-b977-24e8ef1995b0,e-bike,40.0059465,-83.0095564,49,13.46,True,False,False,1787083903
Spin,2e3e91d1-6134-464c-b3d5-d1812c16a915,e-bike,40.0059385,-83.00954779999999,84,22.83,True,False,False,1787083971
Spin,ceaa4c61-f9eb-4118-97af-a534df98fda0,e-bike,40.0059408,-83.00955330000001,66,17.85,True,False,False,1787083974
Spin,25a3d132-fb43-43b6-8cc3-f0ee46a04b44,e-bike,40.005929300000005,-83.0095465,70,19.02,True,False,False,1787083921
Spin,300b50c5-dbd7-45e2-8b0f-feb1ed9bcf2a,e-bike,39.99711166666667,-83.00757166666666,68,18.44,True,False,False,1787083887
Spin,958d8403-4c4f-464c-8763-d6a42af59219,e-bike,40.00384333333333,-83.00900333333333,54,14.63,True,False,False,1787083876
Spin,c33c06a7-75fa-432f-9859-864ec9276137,scooter,39.995246,-83.007037,71,19.32,True,False,False,1787083978
Spin,f80db713-9476-4755-b3f1-70d4b308f860,e-bike,39.998295,-83.01515833333333,28,7.61,True,False,False,1787083888
Spin,fb998bbd-7fd0-4d36-bce5-d502e0430def,e-bike,40.0038694,-83.0089833,87,23.71,True,False,False,1787083882
Spin,60f43cdf-7ad9-455d-980d-bcd185d8b532,scooter,40.005669,-83.010554,96,26.05,True,False,False,1787083971
Spin,5f47a31b-7571-41c0-aae4-6803944ebaa1,e-bike,40.003991899999995,-83.01116640000001,87,23.71,True,False,False,1787083860
Spin,4d778b48-7cdc-450f-9e4d-d846f5d06128,e-bike,39.999043033333336,-83.01893049999998,46,12.58,True,False,False,1787083932
Spin,286026d4-6610-4879-bf76-280feb32c605,e-bike,40.0029647,-83.02027109999999,70,19.02,True,False,False,1787083849
Spin,38be672f-6a9f-4250-acf7-74ce552507e6,scooter,39.994634,-83.00628,82,22.24,True,False,False,1787083760
Spin,7986f265-0dee-47fe-b165-301175dfb505,e-bike,39.99773193333333,-83.00794660000001,47,12.88,True,False,False,1787083974
Spin,cea4316e-aa4c-42a5-97e1-f1eb9f49498a,e-bike,40.0036945,-83.0106925,47,12.88,True,False,False,1787083890
Spin,ea2cb03c-f9d7-4c45-bae6-379fc44d6f10,e-bike,39.99793533333333,-83.0077863,40,10.83,True,False,False,1787083930
Spin,c66a38a1-22ef-4e01-9e83-cf4082ed311d,scooter,40.004523,-83.009139,23,6.15,True,False,False,1787083973
Spin,f3e91b6e-e8c3-4de8-8068-834c8fac4b91,e-bike,40.004187900000005,-83.00877549999998,74,20.19,True,False,False,1787083941
Spin,dd4edb57-76b6-4d8e-b20c-10f841e1eca8,e-bike,39.99449093333333,-83.00959319999998,57,15.51,True,False,False,1787083870
Spin,875db21f-e931-4049-947c-1cb77eaa9f8a,e-bike,39.994510633333334,-83.00961600000001,31,8.49,True,False,False,1787083942
Spin,645d39bd-c69c-492a-b680-242d25f10354,scooter,40.004193099999995,-83.0158161,22,5.85,True,False,False,1787083823
Spin,69227a30-b773-4295-80a5-68b229356bf9,e-bike,40.003310299999995,-83.02587290000001,41,11.12,True,False,False,1787083964
Spin,3c120cf0-c0f2-4d4d-b0e1-7da8fb9ee65c,e-bike,39.996766666666666,-83.00753333333333,25,6.73,True,False,False,1787083746
Spin,74e2d39e-5733-4e2b-850c-1a1148423a33,e-bike,40.001927,-83.0182644,89,24.29,True,False,False,1787083779
Spin,277318e9-0f97-4649-9759-b2d0b1fbab22,e-bike,40.002095700000005,-83.02103360000001,96,26.05,True,False,False,1787083790
Spin,6a10b344-921e-4cd9-a1c2-624b761e31c9,e-bike,39.99709383333333,-83.0163201,67,18.15,True,False,False,1787083971
Spin,8e894744-65b8-4e7c-b44f-2acfbc345303,e-bike,40.00052659999999,-83.0208836,89,24.29,True,False,False,1787083934
Spin,cfc36747-6d2b-4765-af5b-21be514f5bb0,e-bike,40.0005149,-83.02089310000001,95,25.75,True,False,False,1787083967
Spin,03884eac-d7a9-41ff-90ed-eff7f4ba84ff,e-bike,40.000520599999994,-83.0209013,95,25.75,True,False,False,1787083924
Spin,f577dd36-d935-4e32-ae96-cc471998e640,e-bike,39.99708803333333,-83.0075623,85,23.12,True,False,False,1787083919
Spin,4a765624-6582-4634-b895-e4a2be8c27ab,scooter,39.997889,-83.007478,30,8.19,True,False,False,1787083740
Spin,c0abd760-b095-4886-9479-9ef90b4db0a2,e-bike,40.0052982,-83.01767909999998,92,25.17,True,False,False,1787083972
Spin,d387f41e-c485-4090-992a-c3082f27e3a5,scooter,40.0014753,-83.00876850000002,60,16.39,True,False,False,1787083968
Spin,a99dc533-9fb5-45cb-a5fc-828380ad679d,e-bike,40.006203,-83.01201619999999,38,10.24,True,False,False,1787083950
Spin,cb1bff31-a73c-46a2-8997-1883e2664471,scooter,39.99619893333333,-83.0096924,24,6.44,True,False,False,1787083926
Spin,d08e7f00-8486-4f42-a7e3-e1c639536a65,e-bike,39.994214533333334,-83.02174000000001,42,11.41,True,False,False,1787083931
Spin,450bb53b-7ce1-450b-9027-9e5b814dc7e3,e-bike,40.004951,-83.01952950000002,29,7.9,True,False,False,1787083969
Spin,de8b3901-51a0-48f3-b6bf-2328eddc7e17,e-bike,40.0049868,-83.0195074,83,22.54,True,False,False,1787083909
Spin,58080f7d-07b6-4e72-89d1-102664f7b4d6,e-bike,39.99952123333333,-83.0223155,53,14.34,True,False,False,1787083814
Spin,79f6248f-b914-4ad5-aeb9-b779c69a3847,e-bike,40.005821999999995,-83.01377740000001,62,16.97,True,False,False,1787083949
Spin,6064f89f-702f-45fe-bb64-b8823fe042f5,e-bike,40.002976,-83.01365849999999,80,21.66,True,False,False,1787083953
Spin,b036dcad-ec74-42db-9393-85cc52eac344,e-bike,40.005873333333334,-83.00928333333334,29,7.9,True,False,False,1787083825
Spin,0c1de29c-4995-4961-bf9a-472df479e7a1,e-bike,40.0048735,-83.00914470000001,31,8.49,True,False,False,1787083841
Spin,5e1c6dd3-66e6-4944-bab5-8fb4fc3f6539,e-bike,40.001815699999995,-83.00821339999999,86,23.41,True,False,False,1787083930
Spin,6ba625e2-c04d-49e0-852f-df3a9bc4c679,e-bike,40.002188333333336,-83.01109,37,9.95,True,False,False,1787083847
Spin,f28b7479-aa7a-4a2e-80d0-2d7b3e19dc11,scooter,39.996765133333334,-83.0070547,98,26.63,True,False,False,1787083952
Spin,469bb40b-022c-44dd-b35b-7d29579a626c,e-bike,39.99622203333333,-83.0096373,28,7.61,True,False,False,1787083957
Spin,f7fd9cd4-06b0-4dfe-9288-4f320a720d23,e-bike,39.99422043333333,-83.00675389999999,90,24.58,True,False,False,1787083830
Spin,d3e112f2-2cac-4744-926a-ec37e817ab22,e-bike,40.0059413,-83.00954320000001,49,13.46,True,False,False,1787083914
Spin,bacbd296-1b34-467a-a96c-1f4b562b4a20,e-bike,40.0026967,-83.02046440000001,71,19.32,True,False,False,1787083796
Spin,4d6d91f2-513d-4171-b199-3937408fb40a,e-bike,40.0025591,-83.0084601,71,19.32,True,False,False,1787083849
Spin,6b192fdd-ea79-4d2d-b047-1ca77860de83,scooter,39.99398583333333,-83.00701159999998,55,14.93,True,False,False,1787083875
Spin,0efa4fd3-eb41-46d0-ac58-b8cdfac18bf4,e-bike,39.99551043333334,-83.007289,54,14.63,True,False,False,1787083928
Spin,40ac0b80-dd19-4bf8-b38d-9136298cbc14,e-bike,40.005812399999996,-83.01389900000001,89,24.29,True,False,False,1787083892
Spin,c194bc7a-be38-4dae-805a-697febdcee26,e-bike,40.002523,-83.01786760000002,87,23.71,True,False,False,1787083873
Spin,23e967bd-4d32-4b92-9d7a-8dabc75d1318,scooter,40.0044184,-83.01692030000001,100,27.22,True,False,False,1787083926
Spin,6a4f2c35-f7b9-48aa-86d5-1b1ae5552c65,e-bike,39.99901596666667,-83.01898968333334,90,24.58,True,False,False,1787083854
Spin,8ac64844-a56b-49ad-824e-1707650f97ed,e-bike,40.0011697,-83.0086317,35,9.66,True,False,False,1787083756
Spin,f7d79f58-d4bf-4934-9bc0-1f433be7a4f2,scooter,39.996895,-83.019711,100,27.22,True,False,False,1787083971
Spin,4a0949f7-00c7-4d78-917c-b69de61c6614,e-bike,39.998840333333334,-83.00944290000001,32,8.78,True,False,False,1787083948
Spin,cb94ba8a-b313-4e40-a3a8-bf4b2861a77b,scooter,39.996488,-83.020511,100,27.22,True,False,False,1787083720
Spin,de0824d1-bc5a-4040-9ce4-8b0b2c04b983,e-bike,40.0034314,-83.01767339999999,41,11.12,True,False,False,1787083898
Spin,a3d7107a-8789-4d7a-bf70-c9e8180d038b,scooter,39.997315,-83.015013,99,26.93,True,False,False,1787083820
Spin,a23bc81e-2dbe-4a6f-95ab-e05e94cc25f0,e-bike,39.99480483333333,-83.0147397,88,24.0,True,False,False,1787083932
Spin,b80d5023-6976-4e67-a38f-9513679baef5,e-bike,39.99437853333333,-83.0136982,89,24.29,True,False,False,1787083849
Spin,5e073a3f-d879-474c-a1ef-e86fa286a805,scooter,39.99810543333333,-83.0113773,100,27.22,True,False,False,1787083791
Spin,3d14e4df-2598-4c50-9973-b22be3447832,scooter,39.99622,-83.009295,92,25.17,True,False,False,1787083969
Spin,43ae3858-f5db-4cc0-9770-04fa55ea2ea5,scooter,39.997204,-83.009363,87,23.71,True,False,False,1787083888
Spin,93a6f69d-e904-4757-b5a7-a3e2190c601c,e-bike,39.998786833333334,-83.00954770000001,89,24.29,True,False,False,1787083908
Spin,8622144a-f779-44eb-8e44-0365ea5d6d6e,scooter,39.992119,-83.020657,56,15.22,True,False,False,1787083827
Spin,a36fe757-b91d-4391-8f93-b9122535924e,e-bike,39.99679543333333,-83.01210019999999,59,16.1,True,False,False,1787083937
Spin,5f04f917-f86e-43db-a499-a5975e6851fc,e-bike,39.99571,-83.00725166666668,98,26.63,True,False,False,1787083949
Spin,9fdd6f24-12e0-41ab-8cbf-be0516caa1b5,e-bike,39.997922233333334,-83.00755759999998,90,24.58,True,False,False,1787083915
Spin,f17a3710-7610-4443-bd43-2a8cf5d07d71,e-bike,39.994730733333334,-83.00883639999999,54,14.63,True,False,False,1787083835
Spin,8a8b543c-9f6a-4586-95ee-4d7fa5f9550c,e-bike,39.995436633333334,-83.00728640000001,98,26.63,True,False,False,1787083799
Spin,269605d2-062e-4393-8376-915a40d46706,e-bike,39.995822833333335,-83.00908290000001,89,24.29,True,False,False,1787083834
Spin,13465a7c-5b31-4e4e-a5fd-95ab61e500ae,e-bike,39.99625103333334,-83.0072209,26,7.02,True,False,False,1787083959
Spin,53a6ed3e-6c3a-4fa1-99b1-475d698f4f38,scooter,39.99503163333333,-83.00728150000002,54,14.63,True,False,False,1787083795
Spin,491598c0-faee-400a-95cc-193235ecf899,e-bike,39.99415543333334,-83.00769960000001,34,9.37,True,False,False,1787083965
Spin,bffe4b0a-6731-4c3d-95e4-d929b0a4c6d9,e-bike,39.99424333333333,-83.01218833333333,43,11.71,True,False,False,1787083857
Spin,fdd8d63f-5fdb-49a2-aa05-1e0d4c914b12,scooter,39.999259433333336,-83.01597760000001,46,12.58,True,False,False,1787083744
Spin,2aead6db-dd60-4afc-9e74-8e035dc297f9,e-bike,40.002550400000004,-83.00846539999999,88,24.0,True,False,False,1787083978
Spin,bd20eceb-3a87-4bd5-bae4-f453f639d86c,e-bike,39.997165333333335,-83.0153747,72,19.61,True,False,False,1787083892
Spin,834a3d0a-3142-4668-826a-7daa5a13aaf8,e-bike,39.99408293333333,-83.0068003,56,15.22,True,False,False,1787083951
Spin,9cc93999-c2b5-4762-ac40-9f76bccf51bd,e-bike,40.0050459,-83.0158802,87,23.71,True,False,False,1787083849
Spin,2c1fd2ed-be60-4bbb-a42c-b73eeda58219,scooter,39.995513,-83.010915,85,23.12,True,False,False,1787083951
Spin,bf48da30-0574-4f45-ad10-53030ad5e835,e-bike,40.002947,-83.03844239999998,87,23.71,True,False,False,1787083856
Spin,22727f9a-d950-4c56-b213-c33c7e4d232e,e-bike,39.99645653333334,-83.0093777,30,8.19,True,False,False,1787083800
Spin,e44ca4b8-9173-462d-a314-025569a25e2a,e-bike,40.00048666666667,-83.01817833333334,41,11.12,True,False,False,1787083743
Spin,7b83e1ce-be93-4a71-bdc1-e417e1019e58,e-bike,40.000495900000004,-83.01817539999999,89,24.29,True,False,False,1787083847
Spin,8d8edd8f-d261-473a-b3e2-6124f9850baf,e-bike,40.000935899999995,-83.0081365,20,5.56,True,False,False,1787083937
Spin,f291d712-84e5-45a4-9282-38f43fdbc961,e-bike,40.00487209999999,-83.0091993,87,23.71,True,False,False,1787083755
Spin,cc11ad2a-1aea-488e-a78e-6ab59ab65475,e-bike,40.001117900000004,-83.00817039999998,40,10.83,True,False,False,1787083832
Spin,4df5cd31-ad98-43b0-9686-02cdef5ece7a,scooter,39.998847,-83.015402,39,10.54,True,False,False,1787083948
Spin,e81b46a3-e635-4a25-8d11-472f5586d401,e-bike,40.000944,-83.0119497,38,10.24,True,False,False,1787083880
Spin,e5e5c229-2c82-4f60-bc79-6e9b9657daca,e-bike,40.0037114,-83.0111158,88,24.0,True,False,False,1787083932
Spin,6ccc50a0-80f3-4876-b9ac-bda4e8674d74,scooter,40.0061064,-83.0166149,100,27.22,True,False,False,1787083864
Spin,4d87c4e0-677b-4722-973f-6cbb2f309d1c,e-bike,40.0002409,-83.0179304,90,24.58,True,False,False,1787083949
Spin,6963e41e-08c8-46fc-b998-fe12ba55e817,e-bike,40.0021706,-83.01617069999999,69,18.73,True,False,False,1787083842
Spin,3f0b5eab-a64e-4b21-8d87-68d8def56330,e-bike,40.0041255,-83.01604739999999,94,25.46,True,False,False,1787083912
Spin,b6f2760d-e1bf-4627-a126-1832ce8ee31c,e-bike,40.003952,-83.01286499999999,89,24.29,True,False,False,1787083735
Spin,89dea68e-b8d1-4afb-9020-72e84b98eff1,e-bike,40.00387333333333,-83.01292666666669,81,21.95,True,False,False,1787083753
Spin,31e6355b-9022-45d8-8ff4-3d4732f166d9,e-bike,40.0039568,-83.01288410000001,38,10.24,True,False,False,1787083772
Spin,2e71bbc4-75ed-4254-9151-d3059765dbf5,e-bike,40.0039461,-83.01288010000002,69,18.73,True,False,False,1787083886
Spin,5541e1c0-cae9-40f2-9887-5a0b0526aea0,e-bike,40.0039734,-83.0128729,88,24.0,True,False,False,1787083941
Spin,108ba55d-c881-42b3-be2f-3a7458bcdbf5,e-bike,40.00389666666667,-83.01290666666667,96,26.05,True,False,False,1787083728
Spin,bb4aed2f-7e6b-474f-9558-651e4832a321,e-bike,40.0039531,-83.01287669999998,27,7.32,True,False,False,1787083792
Spin,5cb39e66-0988-4ec3-873d-8e5b5c1ee444,e-bike,40.003952,-83.01287589999998,32,8.78,True,False,False,1787083970
Spin,36e0065b-5fb1-47cc-9ecd-75aefec18934,e-bike,40.003949899999995,-83.01288129999999,94,25.46,True,False,False,1787083763
Spin,ed85d6c3-1881-4177-8212-9f76cf582863,e-bike,39.997865733333335,-83.00775100000001,92,25.17,True,False,False,1787083972
Spin,aff8e6ca-1827-4ad8-a054-e8c08330353f,e-bike,39.99711,-83.00759333333332,98,26.63,True,False,False,1787083831
Spin,8749a71d-bf3f-46e3-ac29-311ee985b12f,e-bike,39.99682,-83.00746499999998,92,25.17,True,False,False,1787083847
Spin,a210ac6d-926d-4b01-b1f8-b3ca198550e2,scooter,39.99496963333333,-83.0067728,82,22.24,True,False,False,1787083775
Spin,514d65c7-b56f-43bf-b9fc-c1990e278ef9,scooter,40.003428,-83.011074,62,16.97,True,False,False,1787083966
Spin,8ae3740b-8e43-4fd4-bb55-50c0c29b5bc1,e-bike,39.99458,-83.00700333333334,49,13.46,True,False,False,1787083736
Spin,0e810b04-b57b-4e14-9ff3-ca0856d83875,e-bike,40.0061536,-83.0167041,89,24.29,True,False,False,1787083972
Spin,460b141c-d947-486f-a975-7878724265ef,e-bike,39.99538853333333,-83.0144651,85,23.12,True,False,False,1787083896
Spin,54c81640-73d4-4923-a677-ed480af7ef20,e-bike,39.99677293333333,-83.01524749999999,92,25.17,True,False,False,1787083949
Spin,86ad22fa-af1c-4036-9545-274124106dd3,e-bike,39.99677823333333,-83.0075835,32,8.78,True,False,False,1787083863
Spin,10b9548b-acc1-4047-ab0f-035d77784de4,e-bike,39.99607113333333,-83.0205053,62,16.97,True,False,False,1787083970
Spin,0f0d7bf9-6dff-4af4-ad2e-88e716d1b16a,e-bike,39.99923833333333,-83.02147166666667,94,25.46,True,False,False,1787083924
Spin,a2f7c07d-bd36-4723-b939-001b7af5c87f,scooter,39.99409403333333,-83.0067411,49,13.46,True,False,False,1787083973
Spin,6ae475ba-31da-489b-b028-790e32cd80a5,scooter,40.002158,-83.011881,17,4.68,True,False,False,1787083798
Spin,f6bf8ce1-6e38-48e6-b8c2-bbb1a7f614dc,scooter,40.002051,-83.012006,91,24.88,True,False,False,1787083884
Spin,1cea2c98-7d13-4c91-a510-43e12de13d81,scooter,40.004004,-83.0112116,100,27.22,True,False,False,1787083938
Spin,6e92a63c-2d4e-4b40-bd4c-a241afeeb619,scooter,40.0039948,-83.01120780000001,100,27.22,True,False,False,1787083925
Spin,27d22f2f-95a4-4f3a-94a9-f28441a7ef97,e-bike,40.0040123,-83.011186,31,8.49,True,False,False,1787083978
Spin,d724f5b0-cd0f-4edd-a4f9-033405365278,e-bike,40.003987599999995,-83.01117029999999,22,5.85,True,False,False,1787083979
Spin,2ac23aca-1dcf-44ad-8bd8-66c774d1e0d4,e-bike,40.0039,-83.01113333333333,51,13.76,True,False,False,1787083884
Spin,af277c5a-4430-4ee2-936f-bf990be2c163,e-bike,40.0040265,-83.0111386,91,24.88,True,False,False,1787083978
Spin,31320e7e-3c8e-476c-8c40-990174d20a26,e-bike,40.0062899,-83.01340909999999,81,21.95,True,False,False,1787083884
Spin,8603565c-d23d-4449-aa0a-d6c4a75caeb9,scooter,40.0016922,-83.0145826,48,13.17,True,False,False,1787083864
Spin,44d914ca-298f-405a-8ce3-e5d9e893e5b2,e-bike,40.0007307,-83.00797929999999,23,6.15,True,False,False,1787083866
Spin,b178dc7f-1af0-466c-b341-bd586f065389,e-bike,40.0011137,-83.0083933,17,4.68,True,False,False,1787083771
Spin,7a9f864e-b11d-4c9d-897f-f1bc89e55c48,e-bike,40.0011346,-83.0083663,43,11.71,True,False,False,1787083907
Spin,5434ff44-5744-497c-97d8-63a6f804449a,e-bike,40.0011181,-83.008378,35,9.66,True,False,False,1787083772
Spin,31514ae3-ed8c-48e8-8e89-81e850eae1a2,e-bike,40.001125099999996,-83.0083652,83,22.54,True,False,False,1787083910
Spin,00971935-6d8c-4ab6-a982-0d84a23a92d3,e-bike,40.0011467,-83.00837959999998,60,16.39,True,False,False,1787083773
Spin,b186886d-5735-4561-ae05-47a63ffc4dc5,e-bike,40.001141,-83.00838569999999,48,13.17,True,False,False,1787083772
Spin,3cd5cfe9-9fd6-4315-a8c9-4e7391d4845c,e-bike,40.00114069999999,-83.00837090000002,89,24.29,True,False,False,1787083953
Spin,e2e0dec7-4f91-4901-ba7e-3c86ded7e775,e-bike,40.0011234,-83.00838360000002,47,12.88,True,False,False,1787083842
Spin,1f01de30-f916-48cd-9947-1d5f82ca34f5,e-bike,40.007918000000004,-83.02933839999999,77,21.07,True,False,False,1787083891
Spin,ae21c387-8cab-43f5-b62d-9da0c92126b1,e-bike,39.996816233333334,-83.01169759999999,87,23.71,True,False,False,1787083808
Spin,31325ea9-e103-4e30-bd36-6bf4028334f3,e-bike,40.003144600000006,-83.0179837,57,15.51,True,False,False,1787083891
Spin,d2d0c821-c957-48bd-a4cd-3447b4514b14,scooter,39.99402993333333,-83.01424530000001,70,19.02,True,False,False,1787083802
Spin,d7b772fe-3bfb-416e-847a-cdd32a280738,e-bike,40.0007547,-83.01160180000001,86,23.41,True,False,False,1787083801
Spin,da457bb2-c827-4549-9727-008425d1ce81,scooter,40.0062841,-83.0137685,100,27.22,True,False,False,1787083859
Spin,1644177b-fb15-4c63-800c-7f537fd24faa,scooter,39.99799503333334,-83.00758060000001,91,24.88,True,False,False,1787083898
Spin,c0e5bc53-f4ec-4352-9901-96961f29ea3b,scooter,40.0039961,-83.0111906,100,27.22,True,False,False,1787083898
Spin,2c96c263-f18c-4f7e-b592-8bc5df88364a,e-bike,40.00256,-83.00845929999998,32,8.78,True,False,False,1787083848
Spin,7700a86f-af95-4959-a64b-9d5822f52673,e-bike,40.0007132,-83.00800269999999,58,15.8,True,False,False,1787083852
Spin,09571ace-d2a0-49d3-9a93-a8ae983d6f3b,e-bike,40.006424,-83.01575499999998,75,20.49,True,False,False,1787083954
Spin,ec535df7-1b4a-4a08-8072-159d5e4f946d,e-bike,39.999006433333335,-83.00776079999999,88,24.0,True,False,False,1787083920
Spin,faefddcf-fe9f-439a-a006-39869265b9db,scooter,39.99900383333333,-83.00777240000001,100,27.22,True,False,False,1787083879
Spin,660d23ee-950c-4ca7-b619-0b637987a976,e-bike,39.99900233333334,-83.00775440000001,90,24.58,True,False,False,1787083971
Spin,4a6ebb56-7cc3-4ed4-a497-f916e8cfb63d,e-bike,39.997137933333335,-83.0096443,87,23.71,True,False,False,1787083875
Spin,2609b95a-bcca-499c-8bb0-82417191e8e9,e-bike,39.99712293333334,-83.00964100000002,76,20.78,True,False,False,1787083883
Spin,b8577153-e239-48a2-a923-ec35ccd774ee,e-bike,39.99714293333333,-83.00963680000001,65,17.56,True,False,False,1787083886
Spin,bd4d7562-1215-44ab-b475-2ae005fa89e1,e-bike,39.993453433333336,-83.0210943,43,11.71,True,False,False,1787083945
Spin,d1a08bb6-9f6a-44ee-ab80-6549cb30e163,scooter,39.99403483333333,-83.01432349999999,31,8.49,True,False,False,1787083787
Spin,a775476c-bdc1-487e-9286-7d3bbc6df3ab,scooter,39.99900723333334,-83.00776859999999,86,23.41,True,False,False,1787083943
Spin,884a67b5-1247-4e17-8afc-1d1b551522f7,e-bike,39.99830333333333,-83.01512833333332,0,,False,True,False,1787083850
