{"type": "FeatureCollection", "features": [{"type": "Feature", "geometry": {"type": "Point", "coordinates": [-82.966811, 40.013798]}, "properties": {"vehicle_id": "42e6e56b-032f-402b-b061-04de26a3f577", "company": "Spin", "type": "scooter", "battery_pct": 89, "range_miles": 24.29, "is_available": false, "is_disabled": false, "last_reported": "1783998504"}}, {"type": "Feature", "geometry": {"type": "Point", "coordinates": [-82.979595, 39.97239166666667]}, "properties": {"vehicle_id": "1fae4e2b-eec1-482d-b431-e99950d97b7d", "company": "Spin", "type": "e-bike", "battery_pct": 54, "range_miles": 14.63, "is_available": false, "is_disabled": false, "last_reported": "1785840346"}}, {"type": "Feature", "geometry": {"type": "Point", "coordinates": [-83.05091666666667, 39.947725]}, "properties": {"vehicle_id": "3cdada29-d265-493b-ae87-1bf4a857e082", "company": "Spin", "type": "e-bike", "battery_pct": 80, "range_miles": 21.66, "is_available": true, "is_disabled": false, "last_reported": "1785840268"}}, {"type": "Feature", "geometry": {"type": "Point", "coordinates": [-83.012651, 39.960867]}, "properties": {"vehicle_id": "23dbb5ed-028f-4615-ab3e-4cbb8dfbf21b", "company": "Spin", "type": "scooter", "battery_pct": 19, "range_miles": 5.51, "is_available": true, "is_disabled": false, "last_reported": "1785840171"}}, {"type": "Feature", "geometry": {"type": "Point", "coordinates": [-83.049355, 39.94802]}, "properties": {"vehicle_id": "6030ba6e-e5b1-44cc-bac2-899719477f1f", "company": "Spin", "type": "scooter", "battery_pct": 45, "range_miles": 12.29, "is_available": true, "is_disabled": false, "last_reported": "1785840359"}}, {"type": "Feature", "geometry": {"type": "Point", "coordinates": [-83.050954, 39.947792]}, "properties": {"vehicle_id": "ccd8cd7e-bd6a-4114-8245-abf74452c1c7", "company": "Spin", "type": "scooter", "battery_pct": 53, "range_miles": 15.01, "is_available": true, "is_disabled": false, "last_reported": "1785840098"}}, {"type": "Feature", "geometry": {"type": "Point", "coordinates": [-83.044187, 39.941142]}, "properties": {"vehicle_id": "970b2458-b270-4b32-b405-fd53a76859f4", "company": "Spin", "type": "scooter", "battery_pct": 47, "range_miles": 12.88, "is_available": true, "is_disabled": false, "last_reported": "1785840343"}}, {"type": "Feature", "geometry": {"type": "Point", "coordinates": [-83.02748000000001, 39.98583945]}, "properties": {"vehicle_id": "a0570331-1fc9-47aa-bf61-68da675255ee", "company": "Spin", "type": "scooter", "battery_pct": 69, "range_miles": 18.73, "is_available": true, "is_disabled": false, "last_reported": "1785840211"}}, {"type": "Feature", "geometry": {"type": "Point", "coordinates": [-83.015862, 40.007294]}, "properties": {"vehicle_id": "eb49cb66-8a89-47fe-b09e-b5e0cc18b866", "company": "Spin", "type": "scooter", "battery_pct": 76, "range_miles": 20.78, "is_available": true, "is_disabled": false, "last_reported": "1785840346"}}, {"type": "Feature", "geometry": {"type": "Point", "coordinates": [-83.004589, 39.969041]}, "properties": {"vehicle_id": "6c5c19fd-5677-472c-84c3-6bfe4cef7ac5", "company": "Spin", "type": "scooter", "battery_pct": 33, "range_miles": 9.5, "is_available": true, "is_disabled": false, "last_reported": "1785840313"}}, {"type": "Feature", "geometry": {"type": "Point", "coordinates": [-83.0065708, 39.99184923333333]}, "properties": {"vehicle_id": "1747b3d3-4eae-40ea-88dd-cdfc306dc726", "company": "Spin", "type": "scooter", "battery_pct": 55, "range_miles": 14.93, "is_available": true, "is_disabled": false, "last_reported": "1785840070"}}, {"type": "Feature", "geometry": {"type": "Point", "coordinates": [-83.00999833333331, 40.00799333333334]}, "properties": {"vehicle_id": "6be38009-7f38-4608-b397-cbd52b9fac29", "company": "Spin", "type": "e-bike", "battery_pct": 69, "range_miles": 18.73, "is_available": true, "is_disabled": false, "last_reported": "1785840188"}}, {"type": "Feature", "geometry": {"type": "Point", "coordinates": [-83.002568, 39.978002]}, "properties": {"vehicle_id": "a6f6194e-128f-4849-b9a2-ad3584977714", "company": "Spin", "type": "scooter", "battery_pct": 41, "range_miles": 11.12, "is_available": true, "is_disabled": false, "last_reported": "1785840235"}}, {"type": "Feature", "geometry": {"type": "Point", "coordinates": [-83.00495090000001, 39.970382650000005]}, "properties": {"vehicle_id": "769c381f-28e7-43b7-a6b2-a08749646928", "company": "Spin", "type": "e-bike", "battery_pct": 69, "range_miles": 18.73, "is_available": true, "is_disabled": false, "last_reported": "1785840338"}}, {"type": "Feature", "geometry": {"type": "Point", "coordinates": [-83.050904, 39.947713]}, "properties": {"vehicle_id": "3ba7a264-43a7-4cc3-8c02-5bc897b5153b", "company": "Spin", "type": "scooter", "battery_pct": 15, "range_miles": 4.1, "is_available": true, "is_disabled": false, "last_reported": "1785840292"}}, {"type": "Feature", "geometry": {"type": "Point", "coordinates": [-83.048238, 39.99307]}, "properties": {"vehicle_id": "c07656cf-061e-478e-9c6d-689dcd152e8c", "company": "Spin", "type": "scooter", "battery_pct": 33, "range_miles": 9.07, "is_available": true, "is_disabled": false, "last_reported": "1785840310"}}, {"type": "Feature", "geometry": {"type": "Point", "coordinates": [-83.00344, 39.975602]}, "properties": {"vehicle_id": "51a1c7e1-579c-4462-bfbb-fad79f1ba0db", "company": "Spin", "type": "scooter", "battery_pct": 56, "range_miles": 15.22, "is_available": true, "is_disabled": false, "last_reported": "1785840350"}}, {"type": "Feature", "geometry": {"type": "Point", "coordinates": [-83.0101626, 39.96172993333333]}, "properties": {"vehicle_id": "663987b1-1156-46eb-b862-77c4737238f4", "company": "Spin", "type": "e-bike", "battery_pct": 73, "range_miles": 19.9, "is_available": true, "is_disabled": false, "last_reported": "1785840342"}}, {"type": "Feature", "geometry": {"type": "Point", "coordinates": [-83.001705, 39.956782]}, "properties": {"vehicle_id": "54cf7720-fa46-4cda-a1c0-ee366afb484e", "company": "Spin", "type": "scooter", "battery_pct": 60, "range_miles": 16.39, "is_available": true, "is_disabled": false, "last_reported": "1785840296"}}, {"type": "Feature", "geometry": {"type": "Point", "coordinates": [-82.988028, 40.014579]}, "properties": {"vehicle_id": "be34e44c-7e58-4121-819a-029f8d3f10c8", "company": "Spin", "type": "scooter", "battery_pct": 54, "range_miles": 15.32, "is_available": true, "is_disabled": false, "last_reported": "1785840309"}}, {"type": "Feature", "geometry": {"type": "Point", "coordinates": [-82.966354, 40.01552]}, "properties": {"vehicle_id": "cc4404c7-74c2-4d6e-b065-7ceab8a5b7dc", "company": "Spin", "type": "scooter", "battery_pct": 29, "range_miles": 7.9, "is_available": true, "is_disabled": false, "last_reported": "1785840188"}}, {"type": "Feature", "geometry": {"type": "Point", "coordinates": [-82.976206, 40.000437]}, "properties": {"vehicle_id": "7bd20fcb-0800-4c6a-a68a-563868a95cbc", "company": "Spin", "type": "scooter", "battery_pct": 67, "range_miles": 18.99, "is_available": true, "is_disabled": false, "last_reported": "1785840193"}}, {"type": "Feature", "geometry": {"type": "Point", "coordinates": [-82.967454, 40.017907]}, "properties": {"vehicle_id": "72f34288-5824-4abc-8e6f-d28b607234d3", "company": "Spin", "type": "scooter", "battery_pct": 86, "range_miles": 24.51, "is_available": true, "is_disabled": false, "last_reported": "1785840154"}}, {"type": "Feature", "geometry": {"type": "Point", "coordinates": [-82.971838, 39.943582]}, "properties": {"vehicle_id": "461cfbea-b6ca-48b2-9040-b7f8024e1bca", "company": "Spin", "type": "scooter", "battery_pct": 19, "range_miles": 5.27, "is_available": true, "is_disabled": false, "last_reported": "1785840163"}}, {"type": "Feature", "geometry": {"type": "Point", "coordinates": [-83.00208833333333, 39.961663333333334]}, "properties": {"vehicle_id": "50dc0093-b851-4a59-994d-e001c9e0a9ec", "company": "Spin", "type": "e-bike", "battery_pct": 77, "range_miles": 21.07, "is_available": true, "is_disabled": false, "last_reported": "1785840267"}}, {"type": "Feature", "geometry": {"type": "Point", "coordinates": [-82.966354, 40.015532]}, "properties": {"vehicle_id": "76d053c9-c303-496e-acab-4001065c21fc", "company": "Spin", "type": "scooter", "battery_pct": 20, "range_miles": 5.82, "is_available": true, "is_disabled": false, "last_reported": "1785840231"}}, {"type": "Feature", "geometry": {"type": "Point", "coordinates": [-83.0209824, 40.0269782]}, "properties": {"vehicle_id": "d40078ea-9d71-485e-8c42-5fadb16d17bf", "company": "Spin", "type": "scooter", "battery_pct": 73, "range_miles": 19.9, "is_available": true, "is_disabled": false, "last_reported": "1785840212"}}, {"type": "Feature", "geometry": {"type": "Point", "coordinates": [-82.965529, 40.017048]}, "properties": {"vehicle_id": "06a57848-0abf-41b9-87e3-2e07769ee6c5", "company": "Spin", "type": "scooter", "battery_pct": 77, "range_miles": 21.07, "is_available": true, "is_disabled": false, "last_reported": "1785840170"}}, {"type": "Feature", "geometry": {"type": "Point", "coordinates": [-83.0033341, 39.97467815]}, "properties": {"vehicle_id": "46056ff6-941f-4a10-89da-9e5b312b0944", "company": "Spin", "type": "scooter", "battery_pct": 68, "range_miles": 18.44, "is_available": true, "is_disabled": false, "last_reported": "1785840222"}}, {"type": "Feature", "geometry": {"type": "Point", "coordinates": [-82.99802999999999, 39.96348166666667]}, "properties": {"vehicle_id": "268fc872-e502-49c8-bb6a-228732f9297e", "company": "Spin", "type": "e-bike", "battery_pct": 45, "range_miles": 12.29, "is_available": true, "is_disabled": false, "last_reported": "1785840345"}}, {"type": "Feature", "geometry": {"type": "Point", "coordinates": [-82.983056, 39.944262]}, "properties": {"vehicle_id": "86100936-21ff-4108-97e6-d1ca8449b330", "company": "Spin", "type": "scooter", "battery_pct": 47, "range_miles": 13.48, "is_available": true, "is_disabled": false, "last_reported": "1785840231"}}, {"type": "Feature", "geometry": {"type": "Point", "coordinates": [-82.985531, 40.014559]}, "properties": {"vehicle_id": "2641318a-89c1-477d-a479-6fbc0bf8b089", "company": "Spin", "type": "scooter", "battery_pct": 42, "range_miles": 11.41, "is_available": true, "is_disabled": false, "last_reported": "1785840342"}}, {"type": "Feature", "geometry": {"type": "Point", "coordinates": [-82.985566, 40.014592]}, "properties": {"vehicle_id": "5acb1ff7-023b-407f-9377-8b9b16ef5b32", "company": "Spin", "type": "scooter", "battery_pct": 30, "range_miles": 8.58, "is_available": true, "is_disabled": false, "last_reported": "1785840075"}}, {"type": "Feature", "geometry": {"type": "Point", "coordinates": [-82.983321, 39.941485]}, "properties": {"vehicle_id": "d3b98cf5-3c32-4115-a840-9c218cfdcb39", "company": "Spin", "type": "scooter", "battery_pct": 41, "range_miles": 11.12, "is_available": true, "is_disabled": false, "last_reported": "1785840345"}}, {"type": "Feature", "geometry": {"type": "Point", "coordinates": [-83.008735, 39.959966]}, "properties": {"vehicle_id": "7b13a54f-248e-4d80-9c70-50b09bcf1de4", "company": "Spin", "type": "scooter", "battery_pct": 26, "range_miles": 7.02, "is_available": true, "is_disabled": false, "last_reported": "1785840320"}}, {"type": "Feature", "geometry": {"type": "Point", "coordinates": [-82.982494, 39.993826]}, "properties": {"vehicle_id": "cac8c07a-8e59-41d0-a9f7-119c74023b2c", "company": "Spin", "type": "scooter", "battery_pct": 52, "range_miles": 14.05, "is_available": true, "is_disabled": false, "last_reported": "1785840256"}}, {"type": "Feature", "geometry": {"type": "Point", "coordinates": [-82.982507, 39.9938]}, "properties": {"vehicle_id": "c880b873-ec9a-4d84-82eb-65419c26b2fa", "company": "Spin", "type": "scooter", "battery_pct": 78, "range_miles": 21.36, "is_available": true, "is_disabled": false, "last_reported": "1785840310"}}, {"type": "Feature", "geometry": {"type": "Point", "coordinates": [-82.982525, 39.993801]}, "properties": {"vehicle_id": "a5de44c6-51ce-4ead-8b47-8db9cb2d6b1c", "company": "Spin", "type": "scooter", "battery_pct": 66, "range_miles": 17.85, "is_available": true, "is_disabled": false, "last_reported": "1785840310"}}, {"type": "Feature", "geometry": {"type": "Point", "coordinates": [-82.982503, 39.993926]}, "properties": {"vehicle_id": "7b8e3bab-7d03-45be-a3d3-84444dd28a38", "company": "Spin", "type": "scooter", "battery_pct": 57, "range_miles": 15.51, "is_available": true, "is_disabled": false, "last_reported": "1785840251"}}, {"type": "Feature", "geometry": {"type": "Point", "coordinates": [-83.00071090000002, 39.96724423333333]}, "properties": {"vehicle_id": "04376377-20e5-4dce-b410-19148d32da68", "company": "Spin", "type": "e-bike", "battery_pct": 73, "range_miles": 19.9, "is_available": true, "is_disabled": false, "last_reported": "1785840337"}}, {"type": "Feature", "geometry": {"type": "Point", "coordinates": [-82.960055, 39.967619]}, "properties": {"vehicle_id": "09108457-dad4-4beb-96a9-7db7755497fa", "company": "Spin", "type": "scooter", "battery_pct": 57, "range_miles": 16.24, "is_available": true, "is_disabled": false, "last_reported": "1785840313"}}, {"type": "Feature", "geometry": {"type": "Point", "coordinates": [-82.98967333333333, 40.01864833333333]}, "properties": {"vehicle_id": "2de0f06f-2c11-440f-aba8-2f9ededb8c33", "company": "Spin", "type": "e-bike", "battery_pct": 34, "range_miles": 9.37, "is_available": true, "is_disabled": false, "last_reported": "1785840341"}}, {"type": "Feature", "geometry": {"type": "Point", "coordinates": [-83.00629840000002, 39.99825653333333]}, "properties": {"vehicle_id": "6d1a50aa-2bfd-492c-8440-23ad5813d9a3", "company": "Spin", "type": "scooter", "battery_pct": 62, "range_miles": 16.97, "is_available": true, "is_disabled": false, "last_reported": "1785840286"}}, {"type": "Feature", "geometry": {"type": "Point", "coordinates": [-83.03463140000001, 39.98005463333333]}, "properties": {"vehicle_id": "bef7a4a3-ea9a-4c89-8449-a6400616af98", "company": "Spin", "type": "scooter", "battery_pct": 31, "range_miles": 8.49, "is_available": true, "is_disabled": false, "last_reported": "1785840197"}}, {"type": "Feature", "geometry": {"type": "Point", "coordinates": [-83.008235, 39.96749666666666]}, "properties": {"vehicle_id": "4287b081-5d8d-439a-a346-42bdcb024978", "company": "Spin", "type": "e-bike", "battery_pct": 61, "range_miles": 16.68, "is_available": true, "is_disabled": false, "last_reported": "1785840344"}}, {"type": "Feature", "geometry": {"type": "Point", "coordinates": [-82.997131, 39.958548]}, "properties": {"vehicle_id": "f791e3ac-9508-462a-8007-c7823d25cf5c", "company": "Spin", "type": "scooter", "battery_pct": 85, "range_miles": 24.2, "is_available": true, "is_disabled": false, "last_reported": "1785840084"}}, {"type": "Feature", "geometry": {"type": "Point", "coordinates": [-82.998528, 40.002412]}, "properties": {"vehicle_id": "af5df016-8f67-400d-8d66-e0e23e14b03b", "company": "Spin", "type": "scooter", "battery_pct": 52, "range_miles": 14.05, "is_available": true, "is_disabled": false, "last_reported": "1785840332"}}, {"type": "Feature", "geometry": {"type": "Point", "coordinates": [-83.002688, 39.97703]}, "properties": {"vehicle_id": "2b9716c5-d74e-4ce5-a177-bdb6e8c064aa", "company": "Spin", "type": "scooter", "battery_pct": 15, "range_miles": 4.1, "is_available": true, "is_disabled": false, "last_reported": "1785840358"}}, {"type": "Feature", "geometry": {"type": "Point", "coordinates": [-83.0043964, 39.97384215]}, "properties": {"vehicle_id": "f1e4090f-0544-4900-8043-a0015cd3fd9b", "company": "Spin", "type": "e-bike", "battery_pct": 58, "range_miles": 15.8, "is_available": true, "is_disabled": false, "last_reported": "1785840359"}}, {"type": "Feature", "geometry": {"type": "Point", "coordinates": [-83.0027581, 39.973739183333336]}, "properties": {"vehicle_id": "5bfa8a08-fcac-4f53-a0b1-c7cdec870fa3", "company": "Spin", "type": "e-bike", "battery_pct": 55, "range_miles": 14.93, "is_available": true, "is_disabled": false, "last_reported": "1785840315"}}, {"type": "Feature", "geometry": {"type": "Point", "coordinates": [-83.05321166666666, 39.94728833333333]}, "properties": {"vehicle_id": "8494afe5-68a1-4931-8251-125d11cd902d", "company": "Spin", "type": "e-bike", "battery_pct": 86, "range_miles": 23.41, "is_available": true, "is_disabled": false, "last_reported": "1785840212"}}, {"type": "Feature", "geometry": {"type": "Point", "coordinates": [-83.05318, 39.947297]}, "properties": {"vehicle_id": "5b5b5f5b-2a95-4908-b47f-2f1a27660991", "company": "Spin", "type": "scooter", "battery_pct": 73, "range_miles": 19.9, "is_available": true, "is_disabled": false, "last_reported": "1785840315"}}, {"type": "Feature", "geometry": {"type": "Point", "coordinates": [-83.053192, 39.947299]}, "properties": {"vehicle_id": "edfb5e6f-4937-4820-8caf-4eb0262ebd26", "company": "Spin", "type": "scooter", "battery_pct": 42, "range_miles": 11.41, "is_available": true, "is_disabled": false, "last_reported": "1785840321"}}, {"type": "Feature", "geometry": {"type": "Point", "coordinates": [-83.050948, 39.947727]}, "properties": {"vehicle_id": "504cbb11-35ab-481e-a30e-7416200a6d1f", "company": "Spin", "type": "scooter", "battery_pct": 56, "range_miles": 15.22, "is_available": true, "is_disabled": false, "last_reported": "1785840279"}}, {"type": "Feature", "geometry": {"type": "Point", "coordinates": [-83.05092, 39.947719]}, "properties": {"vehicle_id": "d79827fc-b66b-432c-8ade-552ac00d61ee", "company": "Spin", "type": "scooter", "battery_pct": 67, "range_miles": 18.15, "is_available": true, "is_disabled": false, "last_reported": "1785840252"}}, {"type": "Feature", "geometry": {"type": "Point", "coordinates": [-83.0494, 39.94799166666667]}, "properties": {"vehicle_id": "4a10f180-1799-4d1d-a445-58261dd0ddfc", "company": "Spin", "type": "e-bike", "battery_pct": 53, "range_miles": 14.34, "is_available": true, "is_disabled": false, "last_reported": "1785840297"}}, {"type": "Feature", "geometry": {"type": "Point", "coordinates": [-83.04176, 39.949445]}, "properties": {"vehicle_id": "c3ba9036-c450-4c6e-9a08-baa1158ed23b", "company": "Spin", "type": "scooter", "battery_pct": 63, "range_miles": 17.27, "is_available": true, "is_disabled": false, "last_reported": "1785840318"}}, {"type": "Feature", "geometry": {"type": "Point", "coordinates": [-83.01204189999999, 39.95459773333334]}, "properties": {"vehicle_id": "88f65596-4862-4110-9133-70d5d0f46868", "company": "Spin", "type": "e-bike", "battery_pct": 76, "range_miles": 20.78, "is_available": true, "is_disabled": false, "last_reported": "1785840311"}}, {"type": "Feature", "geometry": {"type": "Point", "coordinates": [-83.004828, 39.976151]}, "properties": {"vehicle_id": "133c64a7-8e77-473f-b42d-94d9d5823207", "company": "Spin", "type": "scooter", "battery_pct": 39, "range_miles": 10.54, "is_available": true, "is_disabled": false, "last_reported": "1785840219"}}, {"type": "Feature", "geometry": {"type": "Point", "coordinates": [-83.0015785, 39.95714863333333]}, "properties": {"vehicle_id": "e899c75f-7295-4ad7-9175-0bb66728c359", "company": "Spin", "type": "scooter", "battery_pct": 62, "range_miles": 16.97, "is_available": true, "is_disabled": false, "last_reported": "1785840266"}}, {"type": "Feature", "geometry": {"type": "Point", "coordinates": [-83.02413759999999, 39.96371533333333]}, "properties": {"vehicle_id": "c071dde2-7ac0-4b60-900b-f54087128a27", "company": "Spin", "type": "e-bike", "battery_pct": 57, "range_miles": 15.51, "is_available": true, "is_disabled": false, "last_reported": "1785840238"}}, {"type": "Feature", "geometry": {"type": "Point", "coordinates": [-83.022859, 39.983817]}, "properties": {"vehicle_id": "f6c5c1c8-db58-4150-b16f-02db87dd3399", "company": "Spin", "type": "scooter", "battery_pct": 24, "range_miles": 6.44, "is_available": true, "is_disabled": false, "last_reported": "1785840186"}}, {"type": "Feature", "geometry": {"type": "Point", "coordinates": [-83.000056, 40.013994]}, "properties": {"vehicle_id": "af61ca4c-4e71-43d0-9868-6463e1e84200", "company": "Spin", "type": "scooter", "battery_pct": 31, "range_miles": 8.88, "is_available": true, "is_disabled": false, "last_reported": "1785840199"}}, {"type": "Feature", "geometry": {"type": "Point", "coordinates": [-83.01021029999998, 40.0079675]}, "properties": {"vehicle_id": "d7e4fdae-6556-455c-aebb-92276bb607f4", "company": "Spin", "type": "scooter", "battery_pct": 48, "range_miles": 13.17, "is_available": true, "is_disabled": false, "last_reported": "1785840308"}}, {"type": "Feature", "geometry": {"type": "Point", "coordinates": [-83.0440655, 39.97413905]}, "properties": {"vehicle_id": "5cfb8c01-c9de-42da-a427-1b585ec6f4cc", "company": "Spin", "type": "scooter", "battery_pct": 58, "range_miles": 15.8, "is_available": true, "is_disabled": false, "last_reported": "1785840344"}}, {"type": "Feature", "geometry": {"type": "Point", "coordinates": [-83.0027635, 39.97271515]}, "properties": {"vehicle_id": "1b67fff4-436d-4d68-b94f-19ddee695c3f", "company": "Spin", "type": "scooter", "battery_pct": 32, "range_miles": 8.78, "is_available": true, "is_disabled": false, "last_reported": "1785840344"}}, {"type": "Feature", "geometry": {"type": "Point", "coordinates": [-83.013923, 40.014166]}, "properties": {"vehicle_id": "9bfd1195-ca11-4772-91ac-356908bcf4bf", "company": "Spin", "type": "scooter", "battery_pct": 71, "range_miles": 19.32, "is_available": true, "is_disabled": false, "last_reported": "1785840349"}}, {"type": "Feature", "geometry": {"type": "Point", "coordinates": [-82.99869573333332, 40.0331014]}, "properties": {"vehicle_id": "f079da58-4ecf-4ff0-b6e5-c00631fc11bc", "company": "Spin", "type": "e-bike", "battery_pct": 82, "range_miles": 22.24, "is_available": true, "is_disabled": false, "last_reported": "1785840299"}}, {"type": "Feature", "geometry": {"type": "Point", "coordinates": [-82.981564, 40.023359]}, "properties": {"vehicle_id": "db79aa80-a2c3-4418-af18-e5c803c1e2f3", "company": "Spin", "type": "scooter", "battery_pct": 83, "range_miles": 23.59, "is_available": true, "is_disabled": false, "last_reported": "1785840225"}}, {"type": "Feature", "geometry": {"type": "Point", "coordinates": [-82.973214, 40.018087]}, "properties": {"vehicle_id": "e112f6cc-4c86-48e5-835d-3ba91de4c629", "company": "Spin", "type": "scooter", "battery_pct": 74, "range_miles": 21.14, "is_available": true, "is_disabled": false, "last_reported": "1785840142"}}, {"type": "Feature", "geometry": {"type": "Point", "coordinates": [-83.00953009999999, 40.0096936]}, "properties": {"vehicle_id": "2addca02-142f-457b-b9b3-1ea155667796", "company": "Spin", "type": "scooter", "battery_pct": 19, "range_miles": 5.27, "is_available": true, "is_disabled": false, "last_reported": "1785840216"}}, {"type": "Feature", "geometry": {"type": "Point", "coordinates": [-82.985564, 40.014561]}, "properties": {"vehicle_id": "fd445d27-7407-4e63-bad3-e896d9df3034", "company": "Spin", "type": "scooter", "battery_pct": 61, "range_miles": 16.68, "is_available": true, "is_disabled": false, "last_reported": "1785840193"}}, {"type": "Feature", "geometry": {"type": "Point", "coordinates": [-82.98974775, 39.95451813333333]}, "properties": {"vehicle_id": "bd74ea6f-0730-4fd6-a05c-a60e23178691", "company": "Spin", "type": "e-bike", "battery_pct": 25, "range_miles": 6.73, "is_available": true, "is_disabled": false, "last_reported": "1785840229"}}, {"type": "Feature", "geometry": {"type": "Point", "coordinates": [-82.99862213333333, 39.974240050000006]}, "properties": {"vehicle_id": "e4592bde-16f5-4417-b060-1964f5500a67", "company": "Spin", "type": "e-bike", "battery_pct": 60, "range_miles": 16.39, "is_available": true, "is_disabled": false, "last_reported": "1785840307"}}, {"type": "Feature", "geometry": {"type": "Point", "coordinates": [-83.00338833333332, 39.976065]}, "properties": {"vehicle_id": "9c6d8772-262e-4c82-a2ab-a2d4bfbcaa67", "company": "Spin", "type": "e-bike", "battery_pct": 88, "range_miles": 24.0, "is_available": true, "is_disabled": false, "last_reported": "1785840341"}}, {"type": "Feature", "geometry": {"type": "Point", "coordinates": [-82.99467573333335, 39.94925043333333]}, "properties": {"vehicle_id": "82b69f7f-9581-4437-bd0b-07739dcd64b9", "company": "Spin", "type": "e-bike", "battery_pct": 42, "range_miles": 11.41, "is_available": true, "is_disabled": false, "last_reported": "1785840304"}}, {"type": "Feature", "geometry": {"type": "Point", "coordinates": [-83.0503951, 39.98561305]}, "properties": {"vehicle_id": "62e90ba0-c3e7-49d9-a041-28b3e57d46d3", "company": "Spin", "type": "e-bike", "battery_pct": 20, "range_miles": 5.56, "is_available": true, "is_disabled": false, "last_reported": "1785840283"}}, {"type": "Feature", "geometry": {"type": "Point", "coordinates": [-83.00298489999999, 39.974691050000004]}, "properties": {"vehicle_id": "1649dc2d-74ce-4ed6-a9dd-8edc0cb3b558", "company": "Spin", "type": "scooter", "battery_pct": 35, "range_miles": 9.66, "is_available": true, "is_disabled": false, "last_reported": "1785840253"}}, {"type": "Feature", "geometry": {"type": "Point", "coordinates": [-83.0049688, 39.98592345]}, "properties": {"vehicle_id": "78bf9e5a-f4e2-4da2-99df-0addb6233d38", "company": "Spin", "type": "scooter", "battery_pct": 72, "range_miles": 19.61, "is_available": true, "is_disabled": false, "last_reported": "1785840293"}}, {"type": "Feature", "geometry": {"type": "Point", "coordinates": [-83.00495168333333, 39.985909533333334]}, "properties": {"vehicle_id": "8a587595-90c3-46d7-a561-07c0a4675c50", "company": "Spin", "type": "e-bike", "battery_pct": 65, "range_miles": 17.56, "is_available": true, "is_disabled": false, "last_reported": "1785840354"}}, {"type": "Feature", "geometry": {"type": "Point", "coordinates": [-83.00104029999999, 39.970826249999995]}, "properties": {"vehicle_id": "03a7e586-44ba-4eb4-b96c-c5e69fe12bf7", "company": "Spin", "type": "e-bike", "battery_pct": 19, "range_miles": 5.27, "is_available": true, "is_disabled": false, "last_reported": "1785840209"}}, {"type": "Feature", "geometry": {"type": "Point", "coordinates": [-83.02329, 39.949278533333334]}, "properties": {"vehicle_id": "8ffbfa8a-94f7-4357-951c-3a48671ae9be", "company": "Spin", "type": "e-bike", "battery_pct": 34, "range_miles": 9.37, "is_available": true, "is_disabled": false, "last_reported": "1785840326"}}, {"type": "Feature", "geometry": {"type": "Point", "coordinates": [-83.01041920000002, 39.96534713333333]}, "properties": {"vehicle_id": "95764c6c-a76f-44b4-8a29-7303f930ed18", "company": "Spin", "type": "e-bike", "battery_pct": 63, "range_miles": 17.27, "is_available": true, "is_disabled": false, "last_reported": "1785840252"}}, {"type": "Feature", "geometry": {"type": "Point", "coordinates": [-83.009505, 39.985564]}, "properties": {"vehicle_id": "53a70c85-2f9d-4458-a239-669704fcacfc", "company": "Spin", "type": "scooter", "battery_pct": 60, "range_miles": 16.39, "is_available": true, "is_disabled": false, "last_reported": "1785840357"}}, {"type": "Feature", "geometry": {"type": "Point", "coordinates": [-83.0053801, 39.992240233333334]}, "properties": {"vehicle_id": "1ee738d5-a752-4b77-a284-0cd3b1650bd8", "company": "Spin", "type": "e-bike", "battery_pct": 18, "range_miles": 4.98, "is_available": true, "is_disabled": false, "last_reported": "1785840312"}}, {"type": "Feature", "geometry": {"type": "Point", "coordinates": [-82.965287, 39.925305]}, "properties": {"vehicle_id": "ed899ae1-e67c-4f54-be59-c1c66d3fec3b", "company": "Spin", "type": "scooter", "battery_pct": 17, "range_miles": 4.68, "is_available": true, "is_disabled": false, "last_reported": "1785840306"}}, {"type": "Feature", "geometry": {"type": "Point", "coordinates": [-83.00326500000001, 39.97532615]}, "properties": {"vehicle_id": "8cf09133-928a-4ff0-91e8-6815d73ef218", "company": "Spin", "type": "e-bike", "battery_pct": 49, "range_miles": 13.46, "is_available": true, "is_disabled": false, "last_reported": "1785840133"}}, {"type": "Feature", "geometry": {"type": "Point", "coordinates": [-83.05470500000001, 39.946985000000005]}, "properties": {"vehicle_id": "8cf54bca-b572-4bcf-b0d0-62ae4d8d431d", "company": "Spin", "type": "e-bike", "battery_pct": 38, "range_miles": 10.24, "is_available": true, "is_disabled": false, "last_reported": "1785840338"}}, {"type": "Feature", "geometry": {"type": "Point", "coordinates": [-83.041777, 39.949436]}, "properties": {"vehicle_id": "ad6c3a17-ba5b-4cfd-afa2-9735521f2242", "company": "Spin", "type": "scooter", "battery_pct": 82, "range_miles": 22.24, "is_available": true, "is_disabled": false, "last_reported": "1785840236"}}, {"type": "Feature", "geometry": {"type": "Point", "coordinates": [-83.04178, 39.949438]}, "properties": {"vehicle_id": "b5146ce7-7c67-4ff6-adf4-19af4b11652d", "company": "Spin", "type": "scooter", "battery_pct": 84, "range_miles": 22.83, "is_available": true, "is_disabled": false, "last_reported": "1785840272"}}, {"type": "Feature", "geometry": {"type": "Point", "coordinates": [-83.04177, 39.949421]}, "properties": {"vehicle_id": "cb826a06-7be1-46ed-a03a-d208155460ac", "company": "Spin", "type": "scooter", "battery_pct": 81, "range_miles": 21.95, "is_available": true, "is_disabled": false, "last_reported": "1785840301"}}, {"type": "Feature", "geometry": {"type": "Point", "coordinates": [-83.041736, 39.949447]}, "properties": {"vehicle_id": "26dfe73d-ab9d-4710-bf47-4fff60fee82c", "company": "Spin", "type": "scooter", "battery_pct": 77, "range_miles": 21.07, "is_available": true, "is_disabled": false, "last_reported": "1785840359"}}, {"type": "Feature", "geometry": {"type": "Point", "coordinates": [-83.04175, 39.94944666666667]}, "properties": {"vehicle_id": "e4aa2cf1-516e-405c-b6e8-15961fdabce8", "company": "Spin", "type": "e-bike", "battery_pct": 76, "range_miles": 20.78, "is_available": true, "is_disabled": false, "last_reported": "1785840264"}}, {"type": "Feature", "geometry": {"type": "Point", "coordinates": [-83.051943, 39.947534]}, "properties": {"vehicle_id": "a706f7c8-0aa8-4679-832e-e5512f6cd3d4", "company": "Spin", "type": "scooter", "battery_pct": 75, "range_miles": 20.49, "is_available": true, "is_disabled": false, "last_reported": "1785840197"}}, {"type": "Feature", "geometry": {"type": "Point", "coordinates": [-83.051887, 39.947537]}, "properties": {"vehicle_id": "cfd79a77-839f-432f-8576-b7b54d13d742", "company": "Spin", "type": "scooter", "battery_pct": 80, "range_miles": 21.66, "is_available": true, "is_disabled": false, "last_reported": "1785840342"}}, {"type": "Feature", "geometry": {"type": "Point", "coordinates": [-83.05187666666667, 39.947556666666664]}, "properties": {"vehicle_id": "84620a73-4215-474a-8bb2-5a531544aa11", "company": "Spin", "type": "e-bike", "battery_pct": 84, "range_miles": 22.83, "is_available": true, "is_disabled": false, "last_reported": "1785840341"}}, {"type": "Feature", "geometry": {"type": "Point", "coordinates": [-83.0095843, 39.965507333333335]}, "properties": {"vehicle_id": "dc2c0f7a-3253-456b-864d-462e25080e00", "company": "Spin", "type": "e-bike", "battery_pct": 32, "range_miles": 8.78, "is_available": true, "is_disabled": false, "last_reported": "1785840264"}}, {"type": "Feature", "geometry": {"type": "Point", "coordinates": [-82.99928643333332, 39.96579033333333]}, "properties": {"vehicle_id": "8596e132-25ca-480d-8917-f8b216b53c17", "company": "Spin", "type": "e-bike", "battery_pct": 55, "range_miles": 14.93, "is_available": true, "is_disabled": false, "last_reported": "1785840165"}}, {"type": "Feature", "geometry": {"type": "Point", "coordinates": [-82.945512, 39.957473]}, "properties": {"vehicle_id": "10e2c5d1-b876-4b8e-9f08-d5851b5ea13a", "company": "Spin", "type": "scooter", "battery_pct": 75, "range_miles": 20.49, "is_available": true, "is_disabled": false, "last_reported": "1785840344"}}, {"type": "Feature", "geometry": {"type": "Point", "coordinates": [-83.003602, 39.966772]}, "properties": {"vehicle_id": "7da0c843-65e3-4780-9995-399fa4efdc44", "company": "Spin", "type": "scooter", "battery_pct": 76, "range_miles": 21.75, "is_available": true, "is_disabled": false, "last_reported": "1785840165"}}, {"type": "Feature", "geometry": {"type": "Point", "coordinates": [-83.0014529, 39.95260793333333]}, "properties": {"vehicle_id": "f10e3446-b3a1-43cb-af66-4fec429cd1a9", "company": "Spin", "type": "e-bike", "battery_pct": 19, "range_miles": 5.27, "is_available": true, "is_disabled": false, "last_reported": "1785840236"}}, {"type": "Feature", "geometry": {"type": "Point", "coordinates": [-83.0095224, 40.0080458]}, "properties": {"vehicle_id": "fcb46fbe-f091-4502-905d-59da55d79fc7", "company": "Spin", "type": "scooter", "battery_pct": 51, "range_miles": 13.76, "is_available": true, "is_disabled": false, "last_reported": "1785840195"}}, {"type": "Feature", "geometry": {"type": "Point", "coordinates": [-83.0015661, 39.95478163333333]}, "properties": {"vehicle_id": "e799e44e-36bf-47b0-8fab-c139fa19fe89", "company": "Spin", "type": "e-bike", "battery_pct": 71, "range_miles": 19.32, "is_available": true, "is_disabled": false, "last_reported": "1785840223"}}, {"type": "Feature", "geometry": {"type": "Point", "coordinates": [-83.026945, 39.984224]}, "properties": {"vehicle_id": "13eb681f-f185-455e-8f08-5160b68388f3", "company": "Spin", "type": "scooter", "battery_pct": 44, "range_miles": 12.0, "is_available": true, "is_disabled": false, "last_reported": "1785840143"}}, {"type": "Feature", "geometry": {"type": "Point", "coordinates": [-83.00971166666668, 39.965601666666664]}, "properties": {"vehicle_id": "fe2bb3d2-dd73-4b22-b122-3024482f3769", "company": "Spin", "type": "e-bike", "battery_pct": 60, "range_miles": 16.39, "is_available": true, "is_disabled": false, "last_reported": "1785840338"}}, {"type": "Feature", "geometry": {"type": "Point", "coordinates": [-82.996823, 39.933245]}, "properties": {"vehicle_id": "13c2150b-57e6-4d60-a7d3-2219e2045aca", "company": "Spin", "type": "scooter", "battery_pct": 69, "range_miles": 18.73, "is_available": true, "is_disabled": false, "last_reported": "1785840297"}}, {"type": "Feature", "geometry": {"type": "Point", "coordinates": [-82.99605603333333, 40.0017993]}, "properties": {"vehicle_id": "7918544a-82c0-4cc2-8619-51576ed32929", "company": "Spin", "type": "e-bike", "battery_pct": 44, "range_miles": 12.0, "is_available": true, "is_disabled": false, "last_reported": "1785840300"}}, {"type": "Feature", "geometry": {"type": "Point", "coordinates": [-82.981072, 39.993559]}, "properties": {"vehicle_id": "92e71782-fc63-4a09-8e04-83702cd2d000", "company": "Spin", "type": "scooter", "battery_pct": 71, "range_miles": 19.32, "is_available": true, "is_disabled": false, "last_reported": "1785840221"}}, {"type": "Feature", "geometry": {"type": "Point", "coordinates": [-82.98104833333333, 39.993555]}, "properties": {"vehicle_id": "2a33fefd-0207-4394-b19f-747e8a81f95d", "company": "Spin", "type": "e-bike", "battery_pct": 55, "range_miles": 14.93, "is_available": true, "is_disabled": false, "last_reported": "1785840312"}}, {"type": "Feature", "geometry": {"type": "Point", "coordinates": [-83.0121988, 39.96932713333333]}, "properties": {"vehicle_id": "1a1d9448-5f5b-48cb-8f38-80356ccb1541", "company": "Spin", "type": "e-bike", "battery_pct": 71, "range_miles": 19.32, "is_available": true, "is_disabled": false, "last_reported": "1785840341"}}, {"type": "Feature", "geometry": {"type": "Point", "coordinates": [-83.01222780000002, 39.969366433333334]}, "properties": {"vehicle_id": "7ec1ebe2-3340-4f79-8198-f5057eda2573", "company": "Spin", "type": "e-bike", "battery_pct": 32, "range_miles": 8.78, "is_available": true, "is_disabled": false, "last_reported": "1785840338"}}, {"type": "Feature", "geometry": {"type": "Point", "coordinates": [-83.01219119999999, 39.969306933333336]}, "properties": {"vehicle_id": "906bcf96-0db3-40c4-aef8-b9bc3d6a20fa", "company": "Spin", "type": "e-bike", "battery_pct": 19, "range_miles": 5.27, "is_available": true, "is_disabled": false, "last_reported": "1785840338"}}, {"type": "Feature", "geometry": {"type": "Point", "coordinates": [-83.01219850000001, 39.969281433333336]}, "properties": {"vehicle_id": "c031ad93-a9cc-4790-9c9c-94e480c5af77", "company": "Spin", "type": "e-bike", "battery_pct": 78, "range_miles": 21.36, "is_available": true, "is_disabled": false, "last_reported": "1785840336"}}, {"type": "Feature", "geometry": {"type": "Point", "coordinates": [-82.981047, 39.993533]}, "properties": {"vehicle_id": "c57c9dfe-baf3-409a-ad5b-ceec84b5118e", "company": "Spin", "type": "scooter", "battery_pct": 88, "range_miles": 24.0, "is_available": true, "is_disabled": false, "last_reported": "1785840340"}}, {"type": "Feature", "geometry": {"type": "Point", "coordinates": [-83.01128330000002, 39.965382033333334]}, "properties": {"vehicle_id": "93b10582-9856-4085-bd73-46187c7d676e", "company": "Spin", "type": "e-bike", "battery_pct": 28, "range_miles": 7.61, "is_available": true, "is_disabled": false, "last_reported": "1785840300"}}, {"type": "Feature", "geometry": {"type": "Point", "coordinates": [-83.047514, 39.988894]}, "properties": {"vehicle_id": "2665eacf-82b9-4fd6-854b-a12a0b1ca083", "company": "Spin", "type": "scooter", "battery_pct": 22, "range_miles": 5.85, "is_available": true, "is_disabled": false, "last_reported": "1785840290"}}, {"type": "Feature", "geometry": {"type": "Point", "coordinates": [-82.98108, 39.993542]}, "properties": {"vehicle_id": "f9a975d2-b581-4b43-b75a-be159fbf9af1", "company": "Spin", "type": "scooter", "battery_pct": 82, "range_miles": 22.24, "is_available": true, "is_disabled": false, "last_reported": "1785840326"}}, {"type": "Feature", "geometry": {"type": "Point", "coordinates": [-82.98163, 39.963193]}, "properties": {"vehicle_id": "5b7005de-59de-4684-abdc-ede45acffc71", "company": "Spin", "type": "scooter", "battery_pct": 53, "range_miles": 14.34, "is_available": true, "is_disabled": false, "last_reported": "1785840347"}}, {"type": "Feature", "geometry": {"type": "Point", "coordinates": [-83.0096434, 39.95996263333333]}, "properties": {"vehicle_id": "b7ac56f4-ce5b-41ef-aee0-7c62715fbd1f", "company": "Spin", "type": "e-bike", "battery_pct": 84, "range_miles": 22.83, "is_available": true, "is_disabled": false, "last_reported": "1785840272"}}, {"type": "Feature", "geometry": {"type": "Point", "coordinates": [-82.983526, 39.940547]}, "properties": {"vehicle_id": "07275b85-acf1-4826-988c-79a446eb8e31", "company": "Spin", "type": "scooter", "battery_pct": 54, "range_miles": 15.32, "is_available": true, "is_disabled": false, "last_reported": "1785840112"}}, {"type": "Feature", "geometry": {"type": "Point", "coordinates": [-83.00036399999999, 39.95172203333333]}, "properties": {"vehicle_id": "6e4272ca-f2d4-488d-8b3b-79cb7d7eee58", "company": "Spin", "type": "e-bike", "battery_pct": 49, "range_miles": 13.46, "is_available": true, "is_disabled": false, "last_reported": "1785840359"}}, {"type": "Feature", "geometry": {"type": "Point", "coordinates": [-82.99357593333335, 39.96041773333333]}, "properties": {"vehicle_id": "dd7a714c-18e6-403f-ae8a-9650e7bfbd4f", "company": "Spin", "type": "e-bike", "battery_pct": 33, "range_miles": 9.07, "is_available": true, "is_disabled": false, "last_reported": "1785840297"}}, {"type": "Feature", "geometry": {"type": "Point", "coordinates": [-83.01141, 39.993199]}, "properties": {"vehicle_id": "2605eccd-3538-4e8c-ab90-1bd6d96d13d6", "company": "Spin", "type": "scooter", "battery_pct": 27, "range_miles": 7.32, "is_available": true, "is_disabled": false, "last_reported": "1785840318"}}, {"type": "Feature", "geometry": {"type": "Point", "coordinates": [-82.99823433333334, 40.0062182]}, "properties": {"vehicle_id": "d2114818-e7b9-48e6-b08e-06fbd5a89651", "company": "Spin", "type": "scooter", "battery_pct": 87, "range_miles": 23.71, "is_available": true, "is_disabled": false, "last_reported": "1785840300"}}, {"type": "Feature", "geometry": {"type": "Point", "coordinates": [-82.99796643333333, 40.0091241]}, "properties": {"vehicle_id": "69ee06d1-7172-4eb4-92d8-325a7306e5b1", "company": "Spin", "type": "scooter", "battery_pct": 86, "range_miles": 23.41, "is_available": true, "is_disabled": false, "last_reported": "1785840220"}}, {"type": "Feature", "geometry": {"type": "Point", "coordinates": [-83.02076110000002, 40.0508174]}, "properties": {"vehicle_id": "4e7aeaae-6e3b-4318-8525-006fdd3d4968", "company": "Spin", "type": "e-bike", "battery_pct": 44, "range_miles": 12.0, "is_available": true, "is_disabled": false, "last_reported": "1785840230"}}, {"type": "Feature", "geometry": {"type": "Point", "coordinates": [-82.98389, 39.96532833333333]}, "properties": {"vehicle_id": "019bcf5f-8356-4fd8-b3b1-9b51553516f0", "company": "Spin", "type": "e-bike", "battery_pct": 78, "range_miles": 21.36, "is_available": true, "is_disabled": false, "last_reported": "1785840265"}}, {"type": "Feature", "geometry": {"type": "Point", "coordinates": [-83.00525, 39.984044]}, "properties": {"vehicle_id": "826c2e87-06a2-4dbb-ab1f-fbddc9efbe50", "company": "Spin", "type": "scooter", "battery_pct": 48, "range_miles": 13.79, "is_available": true, "is_disabled": false, "last_reported": "1785840292"}}, {"type": "Feature", "geometry": {"type": "Point", "coordinates": [-83.00325059999999, 39.95694163333334]}, "properties": {"vehicle_id": "f08a8918-2f5c-45ca-bc8b-1779b498303e", "company": "Spin", "type": "scooter", "battery_pct": 33, "range_miles": 9.07, "is_available": true, "is_disabled": false, "last_reported": "1785840307"}}, {"type": "Feature", "geometry": {"type": "Point", "coordinates": [-83.0044157, 39.97439865]}, "properties": {"vehicle_id": "2921bdd5-79fd-432f-8265-6559cd7a5f25", "company": "Spin", "type": "e-bike", "battery_pct": 67, "range_miles": 18.15, "is_available": true, "is_disabled": false, "last_reported": "1785840284"}}, {"type": "Feature", "geometry": {"type": "Point", "coordinates": [-83.00317070000001, 39.977368250000005]}, "properties": {"vehicle_id": "0ef88de0-6bc9-49cc-a5dc-987ac8016e11", "company": "Spin", "type": "e-bike", "battery_pct": 72, "range_miles": 19.61, "is_available": true, "is_disabled": false, "last_reported": "1785840308"}}, {"type": "Feature", "geometry": {"type": "Point", "coordinates": [-83.0096989, 39.971072449999994]}, "properties": {"vehicle_id": "4bbf9031-05d1-43b8-8338-e6be3ab80cc8", "company": "Spin", "type": "e-bike", "battery_pct": 80, "range_miles": 21.66, "is_available": true, "is_disabled": false, "last_reported": "1785840321"}}, {"type": "Feature", "geometry": {"type": "Point", "coordinates": [-83.02814833333332, 40.020606666666666]}, "properties": {"vehicle_id": "091e2767-801c-41eb-a289-fbe21ef56a3f", "company": "Spin", "type": "e-bike", "battery_pct": 43, "range_miles": 11.71, "is_available": true, "is_disabled": false, "last_reported": "1785840293"}}, {"type": "Feature", "geometry": {"type": "Point", "coordinates": [-83.00286166666667, 39.95969]}, "properties": {"vehicle_id": "a62257ea-fd3c-42c8-94bc-ac389315c4e3", "company": "Spin", "type": "e-bike", "battery_pct": 84, "range_miles": 22.83, "is_available": true, "is_disabled": false, "last_reported": "1785840358"}}, {"type": "Feature", "geometry": {"type": "Point", "coordinates": [-83.008775, 39.96882]}, "properties": {"vehicle_id": "a4f2a3c8-1e5b-48ca-b5f6-e39b3d20abe3", "company": "Spin", "type": "e-bike", "battery_pct": 51, "range_miles": 13.76, "is_available": true, "is_disabled": false, "last_reported": "1785840348"}}, {"type": "Feature", "geometry": {"type": "Point", "coordinates": [-83.00435809999999, 39.955000133333336]}, "properties": {"vehicle_id": "45c09b5b-bcb5-4de9-b8d6-b9e2d7922fc2", "company": "Spin", "type": "e-bike", "battery_pct": 75, "range_miles": 20.49, "is_available": true, "is_disabled": false, "last_reported": "1785840278"}}, {"type": "Feature", "geometry": {"type": "Point", "coordinates": [-82.987446, 39.99008]}, "properties": {"vehicle_id": "76705a79-2d49-47b3-9d27-b27334aa372f", "company": "Spin", "type": "scooter", "battery_pct": 51, "range_miles": 14.4, "is_available": true, "is_disabled": false, "last_reported": "1785840293"}}, {"type": "Feature", "geometry": {"type": "Point", "coordinates": [-82.976778, 39.944638]}, "properties": {"vehicle_id": "ae9fdac4-dc4a-4f0b-bf83-48bc43047eba", "company": "Spin", "type": "scooter", "battery_pct": 38, "range_miles": 10.24, "is_available": true, "is_disabled": false, "last_reported": "1785840164"}}, {"type": "Feature", "geometry": {"type": "Point", "coordinates": [-82.97335166666666, 40.018141666666665]}, "properties": {"vehicle_id": "2197b6b6-2dad-445f-a27f-316bea706ad4", "company": "Spin", "type": "e-bike", "battery_pct": 75, "range_miles": 20.49, "is_available": true, "is_disabled": false, "last_reported": "1785840171"}}, {"type": "Feature", "geometry": {"type": "Point", "coordinates": [-82.97335333333334, 40.01812333333333]}, "properties": {"vehicle_id": "1cf9f656-7546-4b68-8df2-61910a423fa1", "company": "Spin", "type": "e-bike", "battery_pct": 45, "range_miles": 12.29, "is_available": true, "is_disabled": false, "last_reported": "1785840225"}}, {"type": "Feature", "geometry": {"type": "Point", "coordinates": [-82.97334333333335, 40.01813666666667]}, "properties": {"vehicle_id": "40f9c6f1-41fb-46a7-84e1-70eaef4405a1", "company": "Spin", "type": "e-bike", "battery_pct": 26, "range_miles": 7.02, "is_available": true, "is_disabled": false, "last_reported": "1785840231"}}, {"type": "Feature", "geometry": {"type": "Point", "coordinates": [-83.00275719999999, 39.97372265]}, "properties": {"vehicle_id": "5cab1fe5-e031-4542-8bda-56209b800ef3", "company": "Spin", "type": "e-bike", "battery_pct": 35, "range_miles": 9.66, "is_available": true, "is_disabled": false, "last_reported": "1785840317"}}, {"type": "Feature", "geometry": {"type": "Point", "coordinates": [-83.049338, 39.948013]}, "properties": {"vehicle_id": "ca243758-542a-43bb-89be-7c83d52c2fbb", "company": "Spin", "type": "scooter", "battery_pct": 61, "range_miles": 16.68, "is_available": true, "is_disabled": false, "last_reported": "1785840238"}}, {"type": "Feature", "geometry": {"type": "Point", "coordinates": [-83.0123954, 39.95452363333333]}, "properties": {"vehicle_id": "6453581a-c9e5-4288-81f1-50602a0e8465", "company": "Spin", "type": "e-bike", "battery_pct": 57, "range_miles": 15.51, "is_available": true, "is_disabled": false, "last_reported": "1785840144"}}, {"type": "Feature", "geometry": {"type": "Point", "coordinates": [-82.968145, 40.012885]}, "properties": {"vehicle_id": "53a9376f-8231-4b0b-9b06-d5d34c60ff8e", "company": "Spin", "type": "scooter", "battery_pct": 54, "range_miles": 14.63, "is_available": true, "is_disabled": false, "last_reported": "1785840205"}}, {"type": "Feature", "geometry": {"type": "Point", "coordinates": [-82.968161, 40.012931]}, "properties": {"vehicle_id": "20ab8ee4-04ab-4c00-b67c-454eb75855cf", "company": "Spin", "type": "scooter", "battery_pct": 53, "range_miles": 14.34, "is_available": true, "is_disabled": false, "last_reported": "1785840336"}}, {"type": "Feature", "geometry": {"type": "Point", "coordinates": [-83.072995, 39.941394]}, "properties": {"vehicle_id": "a8abcfb6-5214-400c-96ae-f7b25247eb90", "company": "Spin", "type": "scooter", "battery_pct": 65, "range_miles": 18.38, "is_available": true, "is_disabled": false, "last_reported": "1785840320"}}, {"type": "Feature", "geometry": {"type": "Point", "coordinates": [-83.0003273, 39.951720333333334]}, "properties": {"vehicle_id": "12eaee76-5bc8-44ab-bb14-9a1141c36c88", "company": "Spin", "type": "e-bike", "battery_pct": 84, "range_miles": 22.83, "is_available": true, "is_disabled": false, "last_reported": "1785840301"}}, {"type": "Feature", "geometry": {"type": "Point", "coordinates": [-83.04494439999999, 39.99738643333333]}, "properties": {"vehicle_id": "58029784-04d1-4783-b9e4-3bb1702e92af", "company": "Spin", "type": "e-bike", "battery_pct": 17, "range_miles": 4.68, "is_available": true, "is_disabled": false, "last_reported": "1785840344"}}, {"type": "Feature", "geometry": {"type": "Point", "coordinates": [-83.0039616, 39.96502273333333]}, "properties": {"vehicle_id": "70703538-ae93-4450-adc0-653de237914c", "company": "Spin", "type": "e-bike", "battery_pct": 41, "range_miles": 11.12, "is_available": true, "is_disabled": false, "last_reported": "1785840323"}}, {"type": "Feature", "geometry": {"type": "Point", "coordinates": [-83.0353034, 39.99030773333333]}, "properties": {"vehicle_id": "62763b86-7ba0-49b2-ac93-82e500dfc467", "company": "Spin", "type": "e-bike", "battery_pct": 56, "range_miles": 15.22, "is_available": true, "is_disabled": false, "last_reported": "1785840336"}}, {"type": "Feature", "geometry": {"type": "Point", "coordinates": [-83.02808230000001, 39.984335933333334]}, "properties": {"vehicle_id": "78ef99fd-ab87-4d2d-9427-148160173ac9", "company": "Spin", "type": "e-bike", "battery_pct": 24, "range_miles": 6.44, "is_available": true, "is_disabled": false, "last_reported": "1785840136"}}, {"type": "Feature", "geometry": {"type": "Point", "coordinates": [-82.970439, 40.00901]}, "properties": {"vehicle_id": "8d5c60c8-410a-4d94-ac3e-1725e2e2cd21", "company": "Spin", "type": "scooter", "battery_pct": 37, "range_miles": 9.95, "is_available": true, "is_disabled": false, "last_reported": "1785840341"}}, {"type": "Feature", "geometry": {"type": "Point", "coordinates": [-82.97182833333333, 40.008]}, "properties": {"vehicle_id": "c92aac87-f6d3-4e5c-a786-880e6b06e633", "company": "Spin", "type": "e-bike", "battery_pct": 38, "range_miles": 10.24, "is_available": true, "is_disabled": false, "last_reported": "1785840292"}}, {"type": "Feature", "geometry": {"type": "Point", "coordinates": [-82.95233953333333, 39.958843333333334]}, "properties": {"vehicle_id": "30c879c4-14ea-4992-8120-1bf377f427d1", "company": "Spin", "type": "e-bike", "battery_pct": 52, "range_miles": 14.05, "is_available": true, "is_disabled": false, "last_reported": "1785840325"}}, {"type": "Feature", "geometry": {"type": "Point", "coordinates": [-82.99681000000001, 40.00241166666667]}, "properties": {"vehicle_id": "8f11731d-4686-4895-8e02-2fed48caf2b4", "company": "Spin", "type": "e-bike", "battery_pct": 61, "range_miles": 16.68, "is_available": true, "is_disabled": false, "last_reported": "1785840201"}}, {"type": "Feature", "geometry": {"type": "Point", "coordinates": [-82.970427, 40.009052]}, "properties": {"vehicle_id": "b38b568a-39fd-4011-9089-12c914e14176", "company": "Spin", "type": "scooter", "battery_pct": 35, "range_miles": 9.66, "is_available": true, "is_disabled": false, "last_reported": "1785840240"}}, {"type": "Feature", "geometry": {"type": "Point", "coordinates": [-82.99682593333334, 40.0023523]}, "properties": {"vehicle_id": "a1105e81-0dc1-4559-bc31-d3b9b0a731bd", "company": "Spin", "type": "e-bike", "battery_pct": 40, "range_miles": 10.83, "is_available": true, "is_disabled": false, "last_reported": "1785840325"}}, {"type": "Feature", "geometry": {"type": "Point", "coordinates": [-83.0052832, 39.98534805]}, "properties": {"vehicle_id": "316424cc-eb75-48e6-8f16-a95a189b2de1", "company": "Spin", "type": "e-bike", "battery_pct": 23, "range_miles": 6.15, "is_available": true, "is_disabled": false, "last_reported": "1785840280"}}, {"type": "Feature", "geometry": {"type": "Point", "coordinates": [-83.03757150000001, 39.99140993333333]}, "properties": {"vehicle_id": "481273f3-5be0-4279-b09b-dffbf2050096", "company": "Spin", "type": "e-bike", "battery_pct": 61, "range_miles": 16.68, "is_available": true, "is_disabled": false, "last_reported": "1785840291"}}, {"type": "Feature", "geometry": {"type": "Point", "coordinates": [-83.00970260000001, 39.98515075]}, "properties": {"vehicle_id": "1a27bf08-73c7-48f2-8ae1-638fb9aa83da", "company": "Spin", "type": "e-bike", "battery_pct": 32, "range_miles": 8.78, "is_available": true, "is_disabled": false, "last_reported": "1785840325"}}, {"type": "Feature", "geometry": {"type": "Point", "coordinates": [-83.01351180000002, 39.95662793333334]}, "properties": {"vehicle_id": "9af93b4f-463f-4175-9cd0-85601bd49fa9", "company": "Spin", "type": "e-bike", "battery_pct": 56, "range_miles": 15.22, "is_available": true, "is_disabled": false, "last_reported": "1785840271"}}, {"type": "Feature", "geometry": {"type": "Point", "coordinates": [-82.98808, 40.014549]}, "properties": {"vehicle_id": "bdb685e5-49b4-4275-a415-efd1b703bb35", "company": "Spin", "type": "scooter", "battery_pct": 56, "range_miles": 15.22, "is_available": true, "is_disabled": false, "last_reported": "1785840348"}}, {"type": "Feature", "geometry": {"type": "Point", "coordinates": [-82.98807833333333, 40.014545]}, "properties": {"vehicle_id": "a0c6a942-9829-4067-9023-5f83bec85280", "company": "Spin", "type": "e-bike", "battery_pct": 75, "range_miles": 20.49, "is_available": true, "is_disabled": false, "last_reported": "1785840165"}}, {"type": "Feature", "geometry": {"type": "Point", "coordinates": [-82.988086, 40.014532]}, "properties": {"vehicle_id": "12b58a6e-bb03-4097-bba7-fe832ebac320", "company": "Spin", "type": "scooter", "battery_pct": 43, "range_miles": 11.71, "is_available": true, "is_disabled": false, "last_reported": "1785840346"}}, {"type": "Feature", "geometry": {"type": "Point", "coordinates": [-82.988076, 40.014568]}, "properties": {"vehicle_id": "a607f498-e267-4359-bda0-02a691f50d1f", "company": "Spin", "type": "scooter", "battery_pct": 54, "range_miles": 14.63, "is_available": true, "is_disabled": false, "last_reported": "1785840314"}}, {"type": "Feature", "geometry": {"type": "Point", "coordinates": [-82.988083, 40.014519]}, "properties": {"vehicle_id": "0b3d9260-5c33-44dc-b023-e479b19b1aa4", "company": "Spin", "type": "scooter", "battery_pct": 59, "range_miles": 16.1, "is_available": true, "is_disabled": false, "last_reported": "1785840311"}}, {"type": "Feature", "geometry": {"type": "Point", "coordinates": [-82.98785, 40.014704]}, "properties": {"vehicle_id": "5d629fc4-4eb5-464d-9764-ac545ae472fb", "company": "Spin", "type": "scooter", "battery_pct": 81, "range_miles": 22.98, "is_available": true, "is_disabled": false, "last_reported": "1785840255"}}, {"type": "Feature", "geometry": {"type": "Point", "coordinates": [-82.99965, 39.999587]}, "properties": {"vehicle_id": "f5d21a09-53ac-4d48-afd9-826b5cdbad46", "company": "Spin", "type": "scooter", "battery_pct": 63, "range_miles": 17.27, "is_available": true, "is_disabled": false, "last_reported": "1785840320"}}, {"type": "Feature", "geometry": {"type": "Point", "coordinates": [-83.0193115, 40.0563845]}, "properties": {"vehicle_id": "32ccc22a-0f64-49d7-85f4-d55da2bc2c6e", "company": "Spin", "type": "e-bike", "battery_pct": 87, "range_miles": 23.71, "is_available": true, "is_disabled": false, "last_reported": "1785840332"}}, {"type": "Feature", "geometry": {"type": "Point", "coordinates": [-83.01143500000002, 39.95756333333333]}, "properties": {"vehicle_id": "d25986d5-6f37-4746-927a-bc0e3c1bc177", "company": "Spin", "type": "e-bike", "battery_pct": 18, "range_miles": 4.98, "is_available": true, "is_disabled": false, "last_reported": "1785840355"}}, {"type": "Feature", "geometry": {"type": "Point", "coordinates": [-83.0144544, 39.95724233333333]}, "properties": {"vehicle_id": "52deb9a2-208a-4da7-8ef5-05e26303444a", "company": "Spin", "type": "e-bike", "battery_pct": 60, "range_miles": 16.39, "is_available": true, "is_disabled": false, "last_reported": "1785840283"}}, {"type": "Feature", "geometry": {"type": "Point", "coordinates": [-82.99133673333333, 39.938562133333335]}, "properties": {"vehicle_id": "57d78c58-7460-4f1f-8ce0-17edc8376361", "company": "Spin", "type": "e-bike", "battery_pct": 53, "range_miles": 14.34, "is_available": true, "is_disabled": false, "last_reported": "1785840355"}}, {"type": "Feature", "geometry": {"type": "Point", "coordinates": [-83.01444349999998, 39.95724133333333]}, "properties": {"vehicle_id": "5351e113-2b32-4042-8865-9be2d4429ebf", "company": "Spin", "type": "e-bike", "battery_pct": 53, "range_miles": 14.34, "is_available": true, "is_disabled": false, "last_reported": "1785840287"}}, {"type": "Feature", "geometry": {"type": "Point", "coordinates": [-83.01284833333332, 40.006213333333335]}, "properties": {"vehicle_id": "4f6442eb-9abe-40c0-a23c-95c59bb34c2d", "company": "Spin", "type": "e-bike", "battery_pct": 31, "range_miles": 8.49, "is_available": true, "is_disabled": false, "last_reported": "1785840354"}}, {"type": "Feature", "geometry": {"type": "Point", "coordinates": [-83.00310489999998, 39.96121353333333]}, "properties": {"vehicle_id": "3019b2e3-29d8-4c20-ab73-7a327f11a2c0", "company": "Spin", "type": "e-bike", "battery_pct": 73, "range_miles": 19.9, "is_available": true, "is_disabled": false, "last_reported": "1785840312"}}, {"type": "Feature", "geometry": {"type": "Point", "coordinates": [-83.011402, 39.957571]}, "properties": {"vehicle_id": "e5cdcefb-ec23-4ca5-809f-930918d6ad19", "company": "Spin", "type": "scooter", "battery_pct": 72, "range_miles": 19.61, "is_available": true, "is_disabled": false, "last_reported": "1785840195"}}, {"type": "Feature", "geometry": {"type": "Point", "coordinates": [-83.0167308, 39.985071850000004]}, "properties": {"vehicle_id": "0e23c8b7-ee2e-4975-8b70-28983dea89f2", "company": "Spin", "type": "scooter", "battery_pct": 43, "range_miles": 11.71, "is_available": true, "is_disabled": false, "last_reported": "1785840258"}}, {"type": "Feature", "geometry": {"type": "Point", "coordinates": [-83.003123, 39.956524]}, "properties": {"vehicle_id": "2f6359ac-b2c0-498e-ad36-d09de64b1ea8", "company": "Spin", "type": "scooter", "battery_pct": 34, "range_miles": 9.37, "is_available": true, "is_disabled": false, "last_reported": "1785840314"}}, {"type": "Feature", "geometry": {"type": "Point", "coordinates": [-82.996819, 40.002793]}, "properties": {"vehicle_id": "85ce2e8d-a21d-4dda-8e63-432692f4e032", "company": "Spin", "type": "scooter", "battery_pct": 54, "range_miles": 14.63, "is_available": true, "is_disabled": false, "last_reported": "1785840353"}}, {"type": "Feature", "geometry": {"type": "Point", "coordinates": [-83.0071868, 39.99987793333333]}, "properties": {"vehicle_id": "691d7575-8bbe-4437-a256-3a816d402350", "company": "Spin", "type": "e-bike", "battery_pct": 37, "range_miles": 9.95, "is_available": true, "is_disabled": false, "last_reported": "1785840311"}}, {"type": "Feature", "geometry": {"type": "Point", "coordinates": [-83.01219799999998, 39.96932913333333]}, "properties": {"vehicle_id": "d0826b8e-4752-4724-94f5-56742b749d76", "company": "Spin", "type": "e-bike", "battery_pct": 86, "range_miles": 23.41, "is_available": true, "is_disabled": false, "last_reported": "1785840340"}}, {"type": "Feature", "geometry": {"type": "Point", "coordinates": [-83.01153989999999, 39.96800363333333]}, "properties": {"vehicle_id": "0fd5747a-4afd-4f48-82c3-3d057097aa28", "company": "Spin", "type": "e-bike", "battery_pct": 86, "range_miles": 23.41, "is_available": true, "is_disabled": false, "last_reported": "1785840204"}}, {"type": "Feature", "geometry": {"type": "Point", "coordinates": [-83.00501510000001, 39.97039335]}, "properties": {"vehicle_id": "8534999f-baad-4e5d-b7c9-697209ebe0e8", "company": "Spin", "type": "e-bike", "battery_pct": 85, "range_miles": 23.12, "is_available": true, "is_disabled": false, "last_reported": "1785840250"}}, {"type": "Feature", "geometry": {"type": "Point", "coordinates": [-83.00640819999998, 39.968364533333336]}, "properties": {"vehicle_id": "b20d6741-678f-47d4-a37f-0aec97645e4b", "company": "Spin", "type": "e-bike", "battery_pct": 86, "range_miles": 23.41, "is_available": true, "is_disabled": false, "last_reported": "1785840351"}}, {"type": "Feature", "geometry": {"type": "Point", "coordinates": [-83.00278869999998, 39.973728550000004]}, "properties": {"vehicle_id": "96fb22f0-a150-40d0-8f7e-137e22b87011", "company": "Spin", "type": "e-bike", "battery_pct": 84, "range_miles": 22.83, "is_available": true, "is_disabled": false, "last_reported": "1785840197"}}, {"type": "Feature", "geometry": {"type": "Point", "coordinates": [-82.999665, 39.985582]}, "properties": {"vehicle_id": "b8278ee3-0a59-429a-a446-dc83c80ad301", "company": "Spin", "type": "scooter", "battery_pct": 74, "range_miles": 21.14, "is_available": true, "is_disabled": false, "last_reported": "1785840322"}}, {"type": "Feature", "geometry": {"type": "Point", "coordinates": [-83.016814, 39.966863]}, "properties": {"vehicle_id": "0c961183-b43a-459e-a28f-9f886f776abd", "company": "Spin", "type": "scooter", "battery_pct": 35, "range_miles": 9.66, "is_available": true, "is_disabled": false, "last_reported": "1785840350"}}, {"type": "Feature", "geometry": {"type": "Point", "coordinates": [-83.006645, 39.994274]}, "properties": {"vehicle_id": "22228108-c803-4d63-8def-d069d6f76c59", "company": "Spin", "type": "scooter", "battery_pct": 28, "range_miles": 7.61, "is_available": true, "is_disabled": false, "last_reported": "1785840322"}}, {"type": "Feature", "geometry": {"type": "Point", "coordinates": [-83.0032441, 39.97570895]}, "properties": {"vehicle_id": "d1fc06f3-b584-4e4d-bd7a-6e1de7b4fa9c", "company": "Spin", "type": "e-bike", "battery_pct": 26, "range_miles": 7.02, "is_available": true, "is_disabled": false, "last_reported": "1785840347"}}, {"type": "Feature", "geometry": {"type": "Point", "coordinates": [-82.970403, 40.008948]}, "properties": {"vehicle_id": "de8232dd-d347-4ffc-9627-97e247686575", "company": "Spin", "type": "scooter", "battery_pct": 20, "range_miles": 5.82, "is_available": true, "is_disabled": false, "last_reported": "1785840357"}}, {"type": "Feature", "geometry": {"type": "Point", "coordinates": [-83.00863159999999, 39.96683603333334]}, "properties": {"vehicle_id": "ee6af56d-a63a-45a6-a3f8-9c4fc9f2404b", "company": "Spin", "type": "e-bike", "battery_pct": 33, "range_miles": 9.07, "is_available": true, "is_disabled": false, "last_reported": "1785840289"}}, {"type": "Feature", "geometry": {"type": "Point", "coordinates": [-83.00468430000001, 39.96982903333333]}, "properties": {"vehicle_id": "ada839ad-3921-44fd-8c16-abc4b63a51ce", "company": "Spin", "type": "e-bike", "battery_pct": 38, "range_miles": 10.24, "is_available": true, "is_disabled": false, "last_reported": "1785840250"}}, {"type": "Feature", "geometry": {"type": "Point", "coordinates": [-83.042994, 39.97267075]}, "properties": {"vehicle_id": "27d33d35-9844-4191-8209-8914408f1bac", "company": "Spin", "type": "scooter", "battery_pct": 22, "range_miles": 5.85, "is_available": true, "is_disabled": false, "last_reported": "1785840264"}}, {"type": "Feature", "geometry": {"type": "Point", "coordinates": [-82.999543, 39.988368]}, "properties": {"vehicle_id": "a8d0c6be-1967-475c-98d9-3b815af1e501", "company": "Spin", "type": "scooter", "battery_pct": 72, "range_miles": 20.52, "is_available": true, "is_disabled": false, "last_reported": "1785840339"}}, {"type": "Feature", "geometry": {"type": "Point", "coordinates": [-82.984105, 39.927412]}, "properties": {"vehicle_id": "80143c87-f3cc-4563-af2c-3f363d64be68", "company": "Spin", "type": "scooter", "battery_pct": 52, "range_miles": 14.05, "is_available": true, "is_disabled": false, "last_reported": "1785840278"}}, {"type": "Feature", "geometry": {"type": "Point", "coordinates": [-82.98480333333333, 39.952265000000004]}, "properties": {"vehicle_id": "8b330a93-d804-4914-88e2-3d8b29eb3891", "company": "Spin", "type": "e-bike", "battery_pct": 72, "range_miles": 19.61, "is_available": true, "is_disabled": false, "last_reported": "1785840244"}}, {"type": "Feature", "geometry": {"type": "Point", "coordinates": [-82.999116, 39.965102]}, "properties": {"vehicle_id": "ce1ac72a-fa78-438d-9d07-92d5661ea1b6", "company": "Spin", "type": "scooter", "battery_pct": 67, "range_miles": 18.15, "is_available": true, "is_disabled": false, "last_reported": "1785840270"}}, {"type": "Feature", "geometry": {"type": "Point", "coordinates": [-82.99321253333333, 39.96980463333333]}, "properties": {"vehicle_id": "91cdc973-eccd-4116-8857-ed5adeee475c", "company": "Spin", "type": "e-bike", "battery_pct": 32, "range_miles": 8.78, "is_available": true, "is_disabled": false, "last_reported": "1785840111"}}, {"type": "Feature", "geometry": {"type": "Point", "coordinates": [-83.0094563, 39.98778215]}, "properties": {"vehicle_id": "77f3a2b9-9d8a-410a-8599-4e2a29257d42", "company": "Spin", "type": "e-bike", "battery_pct": 63, "range_miles": 17.27, "is_available": true, "is_disabled": false, "last_reported": "1785840228"}}, {"type": "Feature", "geometry": {"type": "Point", "coordinates": [-83.02078349999998, 39.98375123333334]}, "properties": {"vehicle_id": "93300155-2556-4334-a0ed-737bf8e134cb", "company": "Spin", "type": "scooter", "battery_pct": 17, "range_miles": 4.68, "is_available": true, "is_disabled": false, "last_reported": "1785840333"}}, {"type": "Feature", "geometry": {"type": "Point", "coordinates": [-82.98959025, 39.95465993333333]}, "properties": {"vehicle_id": "f2f8503c-4a9b-49e9-8d6a-69e46b96855b", "company": "Spin", "type": "e-bike", "battery_pct": 67, "range_miles": 18.15, "is_available": true, "is_disabled": false, "last_reported": "1785840329"}}, {"type": "Feature", "geometry": {"type": "Point", "coordinates": [-83.00483279999999, 39.975726349999995]}, "properties": {"vehicle_id": "c10553b1-174b-47c0-ba8b-80c471fedfc7", "company": "Spin", "type": "e-bike", "battery_pct": 35, "range_miles": 9.66, "is_available": true, "is_disabled": false, "last_reported": "1785840352"}}, {"type": "Feature", "geometry": {"type": "Point", "coordinates": [-82.967958, 40.013719]}, "properties": {"vehicle_id": "fedb588e-b9a9-4b15-bf37-89145c45edef", "company": "Spin", "type": "scooter", "battery_pct": 66, "range_miles": 18.69, "is_available": true, "is_disabled": false, "last_reported": "1785840299"}}, {"type": "Feature", "geometry": {"type": "Point", "coordinates": [-83.008648, 39.972226]}, "properties": {"vehicle_id": "efd8f7a4-c2a5-4b1f-82b8-983065dcf98a", "company": "Spin", "type": "scooter", "battery_pct": 87, "range_miles": 23.71, "is_available": true, "is_disabled": false, "last_reported": "1785840322"}}, {"type": "Feature", "geometry": {"type": "Point", "coordinates": [-83.03106789999998, 39.974550550000004]}, "properties": {"vehicle_id": "f382b946-aa19-442a-8abb-2efdcadad4b8", "company": "Spin", "type": "e-bike", "battery_pct": 35, "range_miles": 9.66, "is_available": true, "is_disabled": false, "last_reported": "1785840271"}}, {"type": "Feature", "geometry": {"type": "Point", "coordinates": [-82.999952, 39.959958]}, "properties": {"vehicle_id": "5094ea1d-4691-4728-a769-584e12afaa16", "company": "Spin", "type": "scooter", "battery_pct": 65, "range_miles": 17.56, "is_available": true, "is_disabled": false, "last_reported": "1785840154"}}, {"type": "Feature", "geometry": {"type": "Point", "coordinates": [-82.99812833333333, 39.96048333333333]}, "properties": {"vehicle_id": "f74631d8-5fbd-4eab-a542-3958e090991a", "company": "Spin", "type": "e-bike", "battery_pct": 30, "range_miles": 8.19, "is_available": true, "is_disabled": false, "last_reported": "1785840152"}}, {"type": "Feature", "geometry": {"type": "Point", "coordinates": [-83.0445722, 39.985141750000004]}, "properties": {"vehicle_id": "5626c360-2da0-45a6-8aaa-99bffa4e8c66", "company": "Spin", "type": "scooter", "battery_pct": 90, "range_miles": 24.58, "is_available": true, "is_disabled": false, "last_reported": "1785840211"}}, {"type": "Feature", "geometry": {"type": "Point", "coordinates": [-82.98726, 40.028092]}, "properties": {"vehicle_id": "192784e6-8034-4a36-8ab4-b25dd3b415cf", "company": "Spin", "type": "scooter", "battery_pct": 47, "range_miles": 13.48, "is_available": true, "is_disabled": false, "last_reported": "1785840223"}}, {"type": "Feature", "geometry": {"type": "Point", "coordinates": [-83.00473333333333, 39.98079166666666]}, "properties": {"vehicle_id": "8e04fec6-47ed-4cf0-8523-83b335fb0b03", "company": "Spin", "type": "e-bike", "battery_pct": 82, "range_miles": 22.24, "is_available": true, "is_disabled": false, "last_reported": "1785840322"}}, {"type": "Feature", "geometry": {"type": "Point", "coordinates": [-83.00482500000001, 39.980154999999996]}, "properties": {"vehicle_id": "43fd87f0-446d-4d01-b331-dc070f30b105", "company": "Spin", "type": "e-bike", "battery_pct": 71, "range_miles": 19.32, "is_available": true, "is_disabled": false, "last_reported": "1785840340"}}, {"type": "Feature", "geometry": {"type": "Point", "coordinates": [-83.0034302, 39.96673503333333]}, "properties": {"vehicle_id": "031793e0-eec8-4536-910a-761194551c95", "company": "Spin", "type": "e-bike", "battery_pct": 48, "range_miles": 13.17, "is_available": true, "is_disabled": false, "last_reported": "1785840348"}}, {"type": "Feature", "geometry": {"type": "Point", "coordinates": [-82.984855, 39.952222]}, "properties": {"vehicle_id": "4a8956cf-3ebf-4588-8fc2-3228b8d1cf97", "company": "Spin", "type": "scooter", "battery_pct": 59, "range_miles": 16.1, "is_available": true, "is_disabled": false, "last_reported": "1785840238"}}, {"type": "Feature", "geometry": {"type": "Point", "coordinates": [-82.96030551666666, 39.960239050000006]}, "properties": {"vehicle_id": "0fe459b8-18ef-469e-892f-ba76f33ad6f4", "company": "Spin", "type": "e-bike", "battery_pct": 53, "range_miles": 14.34, "is_available": true, "is_disabled": false, "last_reported": "1785840343"}}, {"type": "Feature", "geometry": {"type": "Point", "coordinates": [-83.0061867, 39.994612133333334]}, "properties": {"vehicle_id": "b2487bb3-cd83-48b1-8cce-27793678f9be", "company": "Spin", "type": "e-bike", "battery_pct": 20, "range_miles": 5.56, "is_available": true, "is_disabled": false, "last_reported": "1785840345"}}, {"type": "Feature", "geometry": {"type": "Point", "coordinates": [-82.99354563333333, 40.012267800000004]}, "properties": {"vehicle_id": "cafc0a04-a786-418a-824e-921b1556a22f", "company": "Spin", "type": "scooter", "battery_pct": 32, "range_miles": 8.78, "is_available": true, "is_disabled": false, "last_reported": "1785840297"}}, {"type": "Feature", "geometry": {"type": "Point", "coordinates": [-82.99335553333334, 39.95071823333333]}, "properties": {"vehicle_id": "4d0351d3-6ca7-4647-bc7c-1ac6fca080f6", "company": "Spin", "type": "e-bike", "battery_pct": 78, "range_miles": 21.36, "is_available": true, "is_disabled": false, "last_reported": "1785840317"}}, {"type": "Feature", "geometry": {"type": "Point", "coordinates": [-83.00254000000001, 39.96214833333333]}, "properties": {"vehicle_id": "bc7192bb-24ab-4efa-8843-794b1fbc7d10", "company": "Spin", "type": "e-bike", "battery_pct": 65, "range_miles": 17.56, "is_available": true, "is_disabled": false, "last_reported": "1785840346"}}, {"type": "Feature", "geometry": {"type": "Point", "coordinates": [-83.00497666666666, 39.985815]}, "properties": {"vehicle_id": "ba2e2390-ec65-4880-95d9-65b6e66366f7", "company": "Spin", "type": "e-bike", "battery_pct": 88, "range_miles": 24.0, "is_available": true, "is_disabled": false, "last_reported": "1785840340"}}, {"type": "Feature", "geometry": {"type": "Point", "coordinates": [-83.0049577, 39.98590195]}, "properties": {"vehicle_id": "a83f8e69-dbcd-408f-9878-29e65213c37a", "company": "Spin", "type": "scooter", "battery_pct": 88, "range_miles": 24.0, "is_available": true, "is_disabled": false, "last_reported": "1785840302"}}, {"type": "Feature", "geometry": {"type": "Point", "coordinates": [-83.00509500000001, 39.98577]}, "properties": {"vehicle_id": "15cb50e6-1a2c-4469-ace8-f80f0cd9f7b0", "company": "Spin", "type": "e-bike", "battery_pct": 92, "range_miles": 25.17, "is_available": true, "is_disabled": false, "last_reported": "1785840332"}}, {"type": "Feature", "geometry": {"type": "Point", "coordinates": [-82.98713203333334, 40.0135139]}, "properties": {"vehicle_id": "05940879-d3f3-49ff-82ed-b88476af1ac4", "company": "Spin", "type": "scooter", "battery_pct": 41, "range_miles": 11.12, "is_available": true, "is_disabled": false, "last_reported": "1785840214"}}, {"type": "Feature", "geometry": {"type": "Point", "coordinates": [-83.002777, 39.973704350000006]}, "properties": {"vehicle_id": "dbaaa442-ce16-4baa-9182-0cb7fbf92324", "company": "Spin", "type": "e-bike", "battery_pct": 43, "range_miles": 11.71, "is_available": true, "is_disabled": false, "last_reported": "1785840315"}}, {"type": "Feature", "geometry": {"type": "Point", "coordinates": [-82.98994499999999, 40.014784999999996]}, "properties": {"vehicle_id": "6cb1129c-c60f-4604-a5b7-c89e25653855", "company": "Spin", "type": "e-bike", "battery_pct": 33, "range_miles": 9.07, "is_available": true, "is_disabled": false, "last_reported": "1785840354"}}, {"type": "Feature", "geometry": {"type": "Point", "coordinates": [-83.01289059999999, 39.98984145]}, "properties": {"vehicle_id": "ec15fcb4-6b4d-4452-9811-9342f6f02690", "company": "Spin", "type": "e-bike", "battery_pct": 44, "range_miles": 12.0, "is_available": true, "is_disabled": false, "last_reported": "1785840352"}}, {"type": "Feature", "geometry": {"type": "Point", "coordinates": [-83.00305166666666, 39.95647666666667]}, "properties": {"vehicle_id": "5c6f2a8b-889c-4995-abeb-81742e04d7a7", "company": "Spin", "type": "e-bike", "battery_pct": 61, "range_miles": 16.68, "is_available": true, "is_disabled": false, "last_reported": "1785840099"}}, {"type": "Feature", "geometry": {"type": "Point", "coordinates": [-83.0122199, 39.969260633333334]}, "properties": {"vehicle_id": "2e5af255-b067-4441-b5c4-ec8fed3a800f", "company": "Spin", "type": "e-bike", "battery_pct": 72, "range_miles": 19.61, "is_available": true, "is_disabled": false, "last_reported": "1785840157"}}, {"type": "Feature", "geometry": {"type": "Point", "coordinates": [-83.001045, 39.963194]}, "properties": {"vehicle_id": "d8f20501-132f-473c-83ec-6800cdf85cf5", "company": "Spin", "type": "scooter", "battery_pct": 56, "range_miles": 15.22, "is_available": true, "is_disabled": false, "last_reported": "1785840350"}}, {"type": "Feature", "geometry": {"type": "Point", "coordinates": [-82.989458, 40.032636]}, "properties": {"vehicle_id": "4c921de9-dfa7-4e9d-ba17-981b0e3f64db", "company": "Spin", "type": "scooter", "battery_pct": 63, "range_miles": 18.07, "is_available": true, "is_disabled": false, "last_reported": "1785840257"}}, {"type": "Feature", "geometry": {"type": "Point", "coordinates": [-82.99758666666666, 40.02596833333334]}, "properties": {"vehicle_id": "8a0aea1e-3c17-4887-84be-14ca1048c543", "company": "Spin", "type": "e-bike", "battery_pct": 54, "range_miles": 14.63, "is_available": true, "is_disabled": false, "last_reported": "1785840341"}}, {"type": "Feature", "geometry": {"type": "Point", "coordinates": [-83.01735666666667, 40.00657]}, "properties": {"vehicle_id": "42d26d15-cd4e-4148-a023-1e0ca0f438d9", "company": "Spin", "type": "e-bike", "battery_pct": 23, "range_miles": 6.15, "is_available": true, "is_disabled": false, "last_reported": "1785840341"}}, {"type": "Feature", "geometry": {"type": "Point", "coordinates": [-83.0744226, 39.95597313333334]}, "properties": {"vehicle_id": "8e6bd781-78d7-4ba5-abd3-82a634a94842", "company": "Spin", "type": "e-bike", "battery_pct": 65, "range_miles": 17.56, "is_available": true, "is_disabled": false, "last_reported": "1785840305"}}, {"type": "Feature", "geometry": {"type": "Point", "coordinates": [-83.00927250000001, 39.968338233333334]}, "properties": {"vehicle_id": "d047fd24-36a5-47eb-a60c-96370e8aa4d7", "company": "Spin", "type": "scooter", "battery_pct": 19, "range_miles": 5.27, "is_available": true, "is_disabled": false, "last_reported": "1785840130"}}, {"type": "Feature", "geometry": {"type": "Point", "coordinates": [-82.99839233333333, 39.96398643333334]}, "properties": {"vehicle_id": "6237bdbc-a88c-43c6-bd48-6e1ce7976744", "company": "Spin", "type": "e-bike", "battery_pct": 29, "range_miles": 7.9, "is_available": true, "is_disabled": false, "last_reported": "1785840188"}}, {"type": "Feature", "geometry": {"type": "Point", "coordinates": [-83.00274740000002, 39.97372885]}, "properties": {"vehicle_id": "7b14896c-d0c3-49e9-a48d-5233a3c33e44", "company": "Spin", "type": "e-bike", "battery_pct": 66, "range_miles": 17.85, "is_available": true, "is_disabled": false, "last_reported": "1785840301"}}, {"type": "Feature", "geometry": {"type": "Point", "coordinates": [-83.00318979999999, 39.961023833333336]}, "properties": {"vehicle_id": "5e945de3-b0e9-43a3-b4d5-d3994a059569", "company": "Spin", "type": "e-bike", "battery_pct": 33, "range_miles": 9.07, "is_available": true, "is_disabled": false, "last_reported": "1785840329"}}, {"type": "Feature", "geometry": {"type": "Point", "coordinates": [-82.94567823333334, 39.95890313333334]}, "properties": {"vehicle_id": "b1846ef1-fcf4-428a-94e9-ca0ff223d2bd", "company": "Spin", "type": "e-bike", "battery_pct": 86, "range_miles": 23.41, "is_available": true, "is_disabled": false, "last_reported": "1785840297"}}, {"type": "Feature", "geometry": {"type": "Point", "coordinates": [-83.02015449999999, 40.0486187]}, "properties": {"vehicle_id": "9660905e-6941-40da-aa58-cc66a3e9d4e5", "company": "Spin", "type": "e-bike", "battery_pct": 45, "range_miles": 12.29, "is_available": true, "is_disabled": false, "last_reported": "1785840359"}}, {"type": "Feature", "geometry": {"type": "Point", "coordinates": [-83.05184666666668, 39.947561666666665]}, "properties": {"vehicle_id": "b0541a2e-c5dd-4e68-8d01-cc1c3c290091", "company": "Spin", "type": "e-bike", "battery_pct": 59, "range_miles": 16.1, "is_available": true, "is_disabled": false, "last_reported": "1785840167"}}, {"type": "Feature", "geometry": {"type": "Point", "coordinates": [-83.00288666666665, 39.95847833333333]}, "properties": {"vehicle_id": "f969ae4d-f725-46dc-bccb-64fd070d495d", "company": "Spin", "type": "e-bike", "battery_pct": 16, "range_miles": 4.39, "is_available": true, "is_disabled": false, "last_reported": "1785840339"}}, {"type": "Feature", "geometry": {"type": "Point", "coordinates": [-82.976353, 39.943413]}, "properties": {"vehicle_id": "2061c5cd-0b71-4274-9106-faf5f4f5155e", "company": "Spin", "type": "scooter", "battery_pct": 85, "range_miles": 23.12, "is_available": true, "is_disabled": false, "last_reported": "1785840346"}}, {"type": "Feature", "geometry": {"type": "Point", "coordinates": [-82.98166063333335, 40.014607999999996]}, "properties": {"vehicle_id": "0ab36eef-193f-4f3b-8175-d70e3f3dafb9", "company": "Spin", "type": "e-bike", "battery_pct": 68, "range_miles": 18.44, "is_available": true, "is_disabled": false, "last_reported": "1785840321"}}, {"type": "Feature", "geometry": {"type": "Point", "coordinates": [-82.979528, 40.016806]}, "properties": {"vehicle_id": "edbeec3f-7d06-426c-80d6-92ccfa7b3c8c", "company": "Spin", "type": "scooter", "battery_pct": 80, "range_miles": 21.66, "is_available": true, "is_disabled": false, "last_reported": "1785840210"}}, {"type": "Feature", "geometry": {"type": "Point", "coordinates": [-82.978414, 40.017011]}, "properties": {"vehicle_id": "093daded-bc7f-4ff8-9cee-9801f9282a70", "company": "Spin", "type": "scooter", "battery_pct": 51, "range_miles": 13.76, "is_available": true, "is_disabled": false, "last_reported": "1785840300"}}, {"type": "Feature", "geometry": {"type": "Point", "coordinates": [-82.97826166666667, 40.01870666666667]}, "properties": {"vehicle_id": "77c9f165-1f23-47cf-b4bb-da59412968fb", "company": "Spin", "type": "e-bike", "battery_pct": 67, "range_miles": 18.15, "is_available": true, "is_disabled": false, "last_reported": "1785840339"}}, {"type": "Feature", "geometry": {"type": "Point", "coordinates": [-82.97825333333334, 40.018695]}, "properties": {"vehicle_id": "473fe7bd-ae1a-4fba-9aad-b319b2d8b6e6", "company": "Spin", "type": "e-bike", "battery_pct": 44, "range_miles": 12.0, "is_available": true, "is_disabled": false, "last_reported": "1785840341"}}, {"type": "Feature", "geometry": {"type": "Point", "coordinates": [-82.978288, 40.018692]}, "properties": {"vehicle_id": "7b32110b-2ca8-4290-a0f8-c1ae302762a5", "company": "Spin", "type": "scooter", "battery_pct": 59, "range_miles": 16.1, "is_available": true, "is_disabled": false, "last_reported": "1785840327"}}, {"type": "Feature", "geometry": {"type": "Point", "coordinates": [-82.978245, 40.018699999999995]}, "properties": {"vehicle_id": "0edf6b9d-ce8b-4cd9-b1d0-e041e3b48f55", "company": "Spin", "type": "e-bike", "battery_pct": 68, "range_miles": 18.44, "is_available": true, "is_disabled": false, "last_reported": "1785840336"}}, {"type": "Feature", "geometry": {"type": "Point", "coordinates": [-82.973608, 40.017508]}, "properties": {"vehicle_id": "6abc7d10-cbad-4174-ba93-64e79d8f3df7", "company": "Spin", "type": "scooter", "battery_pct": 49, "range_miles": 13.46, "is_available": true, "is_disabled": false, "last_reported": "1785840329"}}, {"type": "Feature", "geometry": {"type": "Point", "coordinates": [-83.00595270000001, 39.98290643333333]}, "properties": {"vehicle_id": "59df4cfc-3af2-42ec-ad8c-559cc3fc30d7", "company": "Spin", "type": "e-bike", "battery_pct": 86, "range_miles": 23.41, "is_available": true, "is_disabled": false, "last_reported": "1785840329"}}, {"type": "Feature", "geometry": {"type": "Point", "coordinates": [-82.973579, 40.017551]}, "properties": {"vehicle_id": "8c394bf9-98b6-4ed5-b0e6-5202eb23b9f8", "company": "Spin", "type": "scooter", "battery_pct": 24, "range_miles": 6.44, "is_available": true, "is_disabled": false, "last_reported": "1785840301"}}, {"type": "Feature", "geometry": {"type": "Point", "coordinates": [-83.0032417, 39.96106893333333]}, "properties": {"vehicle_id": "71b2b734-d971-433e-a781-f6fdd9e711fa", "company": "Spin", "type": "e-bike", "battery_pct": 42, "range_miles": 11.41, "is_available": true, "is_disabled": false, "last_reported": "1785840308"}}, {"type": "Feature", "geometry": {"type": "Point", "coordinates": [-83.0104584, 39.987639449999996]}, "properties": {"vehicle_id": "37d0c02a-ab25-4b94-85db-aff08b892fd6", "company": "Spin", "type": "scooter", "battery_pct": 92, "range_miles": 25.17, "is_available": true, "is_disabled": false, "last_reported": "1785840329"}}, {"type": "Feature", "geometry": {"type": "Point", "coordinates": [-82.97092333333333, 40.00813]}, "properties": {"vehicle_id": "201ca139-0088-4b97-9bb6-332d1f7e7c10", "company": "Spin", "type": "e-bike", "battery_pct": 88, "range_miles": 24.0, "is_available": true, "is_disabled": false, "last_reported": "1785840252"}}, {"type": "Feature", "geometry": {"type": "Point", "coordinates": [-82.97092666666667, 40.008113333333334]}, "properties": {"vehicle_id": "b1e8bf4d-6a9b-4383-974e-1a33b041a78e", "company": "Spin", "type": "e-bike", "battery_pct": 84, "range_miles": 22.83, "is_available": true, "is_disabled": false, "last_reported": "1785840187"}}, {"type": "Feature", "geometry": {"type": "Point", "coordinates": [-82.981993, 39.993319]}, "properties": {"vehicle_id": "e106bd2a-4096-4694-a212-b62cd05d9045", "company": "Spin", "type": "scooter", "battery_pct": 89, "range_miles": 24.29, "is_available": true, "is_disabled": false, "last_reported": "1785840331"}}, {"type": "Feature", "geometry": {"type": "Point", "coordinates": [-82.982085, 39.993289]}, "properties": {"vehicle_id": "0f555e37-8c71-44ad-b812-98ce145115d0", "company": "Spin", "type": "scooter", "battery_pct": 83, "range_miles": 22.54, "is_available": true, "is_disabled": false, "last_reported": "1785840335"}}, {"type": "Feature", "geometry": {"type": "Point", "coordinates": [-82.982014, 39.993439]}, "properties": {"vehicle_id": "a9c5643a-7de7-4155-8b05-f46a71889c57", "company": "Spin", "type": "scooter", "battery_pct": 70, "range_miles": 19.91, "is_available": true, "is_disabled": false, "last_reported": "1785840274"}}, {"type": "Feature", "geometry": {"type": "Point", "coordinates": [-82.981944, 39.993337]}, "properties": {"vehicle_id": "fd420dd9-d438-4619-b54a-9d879602bec7", "company": "Spin", "type": "scooter", "battery_pct": 89, "range_miles": 25.43, "is_available": true, "is_disabled": false, "last_reported": "1785840249"}}, {"type": "Feature", "geometry": {"type": "Point", "coordinates": [-82.982006, 39.993394]}, "properties": {"vehicle_id": "0ccffc2e-5811-421d-ba4f-a745a06702bf", "company": "Spin", "type": "scooter", "battery_pct": 71, "range_miles": 20.22, "is_available": true, "is_disabled": false, "last_reported": "1785840233"}}, {"type": "Feature", "geometry": {"type": "Point", "coordinates": [-82.999015, 39.984382]}, "properties": {"vehicle_id": "f269ea4f-359b-400d-b101-f33b19eedfce", "company": "Spin", "type": "scooter", "battery_pct": 40, "range_miles": 10.83, "is_available": true, "is_disabled": false, "last_reported": "1785840357"}}, {"type": "Feature", "geometry": {"type": "Point", "coordinates": [-83.03383289999998, 39.99111383333333]}, "properties": {"vehicle_id": "19bf1437-32d2-4cdb-9013-83c43ade5eb8", "company": "Spin", "type": "e-bike", "battery_pct": 33, "range_miles": 9.07, "is_available": true, "is_disabled": false, "last_reported": "1785840342"}}, {"type": "Feature", "geometry": {"type": "Point", "coordinates": [-82.99741923333335, 39.961678633333335]}, "properties": {"vehicle_id": "786a9dcb-595d-4936-a937-5e01d089de6b", "company": "Spin", "type": "scooter", "battery_pct": 65, "range_miles": 17.56, "is_available": true, "is_disabled": false, "last_reported": "1785840286"}}, {"type": "Feature", "geometry": {"type": "Point", "coordinates": [-82.99736203333332, 39.96175743333333]}, "properties": {"vehicle_id": "2183d38a-8e90-41e2-9b86-3f6f7401aba5", "company": "Spin", "type": "scooter", "battery_pct": 62, "range_miles": 16.97, "is_available": true, "is_disabled": false, "last_reported": "1785840275"}}, {"type": "Feature", "geometry": {"type": "Point", "coordinates": [-83.04179500000001, 39.96059]}, "properties": {"vehicle_id": "ad5b4b14-930c-4fce-9d7b-db5e516c4fbe", "company": "Spin", "type": "e-bike", "battery_pct": 41, "range_miles": 11.12, "is_available": true, "is_disabled": false, "last_reported": "1785840336"}}, {"type": "Feature", "geometry": {"type": "Point", "coordinates": [-83.0045749, 39.98269153333333]}, "properties": {"vehicle_id": "1eda2139-b26a-4544-943c-c525c121392e", "company": "Spin", "type": "e-bike", "battery_pct": 30, "range_miles": 8.19, "is_available": true, "is_disabled": false, "last_reported": "1785840282"}}, {"type": "Feature", "geometry": {"type": "Point", "coordinates": [-82.98201, 39.993309]}, "properties": {"vehicle_id": "63e11ed8-4dc8-49bf-a4a1-4085fb040140", "company": "Spin", "type": "scooter", "battery_pct": 91, "range_miles": 24.88, "is_available": true, "is_disabled": false, "last_reported": "1785840322"}}, {"type": "Feature", "geometry": {"type": "Point", "coordinates": [-83.00710959999999, 39.96719193333333]}, "properties": {"vehicle_id": "087c094b-2687-4902-9c46-3518401ce733", "company": "Spin", "type": "e-bike", "battery_pct": 30, "range_miles": 8.19, "is_available": true, "is_disabled": false, "last_reported": "1785840222"}}, {"type": "Feature", "geometry": {"type": "Point", "coordinates": [-83.0032391, 39.975960050000005]}, "properties": {"vehicle_id": "95026251-fa4f-43d3-9af4-140314e460ed", "company": "Spin", "type": "e-bike", "battery_pct": 19, "range_miles": 5.27, "is_available": true, "is_disabled": false, "last_reported": "1785840345"}}, {"type": "Feature", "geometry": {"type": "Point", "coordinates": [-83.00295333333334, 39.97566333333334]}, "properties": {"vehicle_id": "7379b3c4-762f-49ec-b544-80c5ddb98ee5", "company": "Spin", "type": "e-bike", "battery_pct": 33, "range_miles": 9.07, "is_available": true, "is_disabled": false, "last_reported": "1785840126"}}, {"type": "Feature", "geometry": {"type": "Point", "coordinates": [-83.00300659999999, 39.97470015]}, "properties": {"vehicle_id": "c204988c-3d4e-4cf7-a0d4-d6016806c2cf", "company": "Spin", "type": "e-bike", "battery_pct": 59, "range_miles": 16.1, "is_available": true, "is_disabled": false, "last_reported": "1785840320"}}, {"type": "Feature", "geometry": {"type": "Point", "coordinates": [-82.99999993333334, 40.0055854]}, "properties": {"vehicle_id": "2718c00b-7b36-41d0-9612-e375638f93f5", "company": "Spin", "type": "e-bike", "battery_pct": 71, "range_miles": 19.32, "is_available": true, "is_disabled": false, "last_reported": "1785840353"}}, {"type": "Feature", "geometry": {"type": "Point", "coordinates": [-83.0127, 39.95671]}, "properties": {"vehicle_id": "e84c180f-4930-4b89-80f8-1aa49a98cdfc", "company": "Spin", "type": "scooter", "battery_pct": 39, "range_miles": 10.54, "is_available": true, "is_disabled": false, "last_reported": "1785840354"}}, {"type": "Feature", "geometry": {"type": "Point", "coordinates": [-82.99541073333333, 39.94946063333334]}, "properties": {"vehicle_id": "214c6d51-7bff-4d08-88ba-c378116d7288", "company": "Spin", "type": "scooter", "battery_pct": 94, "range_miles": 25.46, "is_available": true, "is_disabled": false, "last_reported": "1785840224"}}, {"type": "Feature", "geometry": {"type": "Point", "coordinates": [-83.00275459999999, 39.97376175]}, "properties": {"vehicle_id": "3f664209-a320-4374-b7f7-e61de2619386", "company": "Spin", "type": "e-bike", "battery_pct": 63, "range_miles": 17.27, "is_available": true, "is_disabled": false, "last_reported": "1785840130"}}, {"type": "Feature", "geometry": {"type": "Point", "coordinates": [-82.98559333333333, 39.93205]}, "properties": {"vehicle_id": "37fe1e06-19d4-4d9c-99f1-38f4c77ceb41", "company": "Spin", "type": "e-bike", "battery_pct": 45, "range_miles": 12.29, "is_available": true, "is_disabled": false, "last_reported": "1785840262"}}, {"type": "Feature", "geometry": {"type": "Point", "coordinates": [-83.00347949999998, 39.95791213333334]}, "properties": {"vehicle_id": "99a71444-fe1e-475e-b368-7941efffbb4e", "company": "Spin", "type": "e-bike", "battery_pct": 27, "range_miles": 7.32, "is_available": true, "is_disabled": false, "last_reported": "1785840269"}}, {"type": "Feature", "geometry": {"type": "Point", "coordinates": [-83.003792, 39.978474]}, "properties": {"vehicle_id": "896716ee-abeb-4dc1-bd65-1b95a14dc0a3", "company": "Spin", "type": "scooter", "battery_pct": 53, "range_miles": 14.34, "is_available": true, "is_disabled": false, "last_reported": "1785840290"}}, {"type": "Feature", "geometry": {"type": "Point", "coordinates": [-83.00290666666666, 39.974635]}, "properties": {"vehicle_id": "d6dc3258-a5d2-4674-bf75-cfb27e9b4a97", "company": "Spin", "type": "e-bike", "battery_pct": 39, "range_miles": 10.54, "is_available": true, "is_disabled": false, "last_reported": "1785840161"}}, {"type": "Feature", "geometry": {"type": "Point", "coordinates": [-83.00330333333335, 39.97588833333334]}, "properties": {"vehicle_id": "ed932a33-4647-4dcb-8935-0c87d3f6b8f3", "company": "Spin", "type": "e-bike", "battery_pct": 83, "range_miles": 22.54, "is_available": true, "is_disabled": false, "last_reported": "1785840324"}}, {"type": "Feature", "geometry": {"type": "Point", "coordinates": [-82.997695, 39.961578333333335]}, "properties": {"vehicle_id": "43d85434-913a-4324-8ca0-d6167bda9642", "company": "Spin", "type": "e-bike", "battery_pct": 37, "range_miles": 9.95, "is_available": true, "is_disabled": false, "last_reported": "1785840309"}}, {"type": "Feature", "geometry": {"type": "Point", "coordinates": [-83.0027463, 39.973751549999996]}, "properties": {"vehicle_id": "d2df8072-a0a2-4365-b568-fc2d90c33a3e", "company": "Spin", "type": "e-bike", "battery_pct": 42, "range_miles": 11.41, "is_available": true, "is_disabled": false, "last_reported": "1785840277"}}, {"type": "Feature", "geometry": {"type": "Point", "coordinates": [-83.02075609999999, 39.983707833333334]}, "properties": {"vehicle_id": "93d33552-199d-4c1a-b4dd-89949d2e1717", "company": "Spin", "type": "e-bike", "battery_pct": 24, "range_miles": 6.44, "is_available": true, "is_disabled": false, "last_reported": "1785840123"}}, {"type": "Feature", "geometry": {"type": "Point", "coordinates": [-82.97092833333333, 40.0081]}, "properties": {"vehicle_id": "03337900-1f3c-452f-b33d-b8f960a85b70", "company": "Spin", "type": "e-bike", "battery_pct": 89, "range_miles": 24.29, "is_available": true, "is_disabled": false, "last_reported": "1785840190"}}, {"type": "Feature", "geometry": {"type": "Point", "coordinates": [-83.01218500000002, 39.96928953333334]}, "properties": {"vehicle_id": "4eaf9ab8-010e-4abc-ae56-35dc379e1055", "company": "Spin", "type": "e-bike", "battery_pct": 40, "range_miles": 10.83, "is_available": true, "is_disabled": false, "last_reported": "1785840256"}}, {"type": "Feature", "geometry": {"type": "Point", "coordinates": [-82.99552553333334, 39.96570643333334]}, "properties": {"vehicle_id": "e17ef3c5-379b-4efb-8955-4a9f672397f1", "company": "Spin", "type": "scooter", "battery_pct": 40, "range_miles": 10.83, "is_available": true, "is_disabled": false, "last_reported": "1785840120"}}, {"type": "Feature", "geometry": {"type": "Point", "coordinates": [-82.99698500000001, 39.965691666666665]}, "properties": {"vehicle_id": "d3b2ca41-852d-41af-9c8b-446beed94b80", "company": "Spin", "type": "e-bike", "battery_pct": 95, "range_miles": 25.75, "is_available": true, "is_disabled": false, "last_reported": "1785840208"}}, {"type": "Feature", "geometry": {"type": "Point", "coordinates": [-83.00608089999999, 39.968486633333335]}, "properties": {"vehicle_id": "eedc56e2-c9ac-456f-b568-20106cb29a73", "company": "Spin", "type": "e-bike", "battery_pct": 66, "range_miles": 17.85, "is_available": true, "is_disabled": false, "last_reported": "1785840204"}}, {"type": "Feature", "geometry": {"type": "Point", "coordinates": [-83.015385, 39.98428313333333]}, "properties": {"vehicle_id": "da4ecddc-c753-46e8-8d39-58e88b67d6e3", "company": "Spin", "type": "e-bike", "battery_pct": 51, "range_miles": 13.76, "is_available": true, "is_disabled": false, "last_reported": "1785840341"}}, {"type": "Feature", "geometry": {"type": "Point", "coordinates": [-83.0153986, 39.98428393333334]}, "properties": {"vehicle_id": "906bdf6d-5573-4365-8455-20313d6bcbeb", "company": "Spin", "type": "e-bike", "battery_pct": 41, "range_miles": 11.12, "is_available": true, "is_disabled": false, "last_reported": "1785840289"}}, {"type": "Feature", "geometry": {"type": "Point", "coordinates": [-83.006345, 39.99786]}, "properties": {"vehicle_id": "9db3cf1b-f624-419a-bf4f-75b13df35666", "company": "Spin", "type": "scooter", "battery_pct": 45, "range_miles": 12.29, "is_available": true, "is_disabled": false, "last_reported": "1785840312"}}, {"type": "Feature", "geometry": {"type": "Point", "coordinates": [-83.0027075, 39.97199265]}, "properties": {"vehicle_id": "79f25ca5-3b00-4abc-a9c5-19f137b8253f", "company": "Spin", "type": "e-bike", "battery_pct": 37, "range_miles": 9.95, "is_available": true, "is_disabled": false, "last_reported": "1785840307"}}, {"type": "Feature", "geometry": {"type": "Point", "coordinates": [-83.0154194, 39.98428613333333]}, "properties": {"vehicle_id": "f3c9ea52-9eee-4cb0-afee-7e65e2b44157", "company": "Spin", "type": "e-bike", "battery_pct": 67, "range_miles": 18.15, "is_available": true, "is_disabled": false, "last_reported": "1785840208"}}, {"type": "Feature", "geometry": {"type": "Point", "coordinates": [-82.98552894999999, 39.94154793333333]}, "properties": {"vehicle_id": "c2444085-190d-446f-9e59-9048c99d4c38", "company": "Spin", "type": "scooter", "battery_pct": 22, "range_miles": 5.85, "is_available": true, "is_disabled": false, "last_reported": "1785840217"}}, {"type": "Feature", "geometry": {"type": "Point", "coordinates": [-82.91013053333333, 39.97139205]}, "properties": {"vehicle_id": "f916f618-0610-4748-abc8-98c95d24bb1f", "company": "Spin", "type": "e-bike", "battery_pct": 40, "range_miles": 10.83, "is_available": true, "is_disabled": false, "last_reported": "1785840242"}}, {"type": "Feature", "geometry": {"type": "Point", "coordinates": [-82.981602, 40.01017]}, "properties": {"vehicle_id": "556ad20d-62a0-48b0-85be-3e7237818459", "company": "Spin", "type": "scooter", "battery_pct": 43, "range_miles": 12.25, "is_available": true, "is_disabled": false, "last_reported": "1785840168"}}, {"type": "Feature", "geometry": {"type": "Point", "coordinates": [-82.99904593333333, 39.99685503333333]}, "properties": {"vehicle_id": "1928a684-654a-4755-afde-445a89bdc9a6", "company": "Spin", "type": "scooter", "battery_pct": 23, "range_miles": 6.15, "is_available": true, "is_disabled": false, "last_reported": "1785840228"}}, {"type": "Feature", "geometry": {"type": "Point", "coordinates": [-83.0335813, 39.95518293333334]}, "properties": {"vehicle_id": "330a6d43-dbd1-4742-af46-09d74f5eed00", "company": "Spin", "type": "scooter", "battery_pct": 84, "range_miles": 22.83, "is_available": true, "is_disabled": false, "last_reported": "1785840347"}}, {"type": "Feature", "geometry": {"type": "Point", "coordinates": [-82.99762893333333, 39.95997403333333]}, "properties": {"vehicle_id": "59360030-0905-4883-b155-a16aff799eae", "company": "Spin", "type": "scooter", "battery_pct": 67, "range_miles": 18.15, "is_available": true, "is_disabled": false, "last_reported": "1785840347"}}, {"type": "Feature", "geometry": {"type": "Point", "coordinates": [-82.970905, 40.008113333333334]}, "properties": {"vehicle_id": "190ee0ac-1751-4a99-9431-1471cfc90464", "company": "Spin", "type": "e-bike", "battery_pct": 96, "range_miles": 26.05, "is_available": true, "is_disabled": false, "last_reported": "1785840277"}}, {"type": "Feature", "geometry": {"type": "Point", "coordinates": [-82.99637813333332, 39.96762843333333]}, "properties": {"vehicle_id": "884f74ab-3ad9-40de-83c9-6e8df91304fb", "company": "Spin", "type": "e-bike", "battery_pct": 87, "range_miles": 23.71, "is_available": true, "is_disabled": false, "last_reported": "1785840184"}}, {"type": "Feature", "geometry": {"type": "Point", "coordinates": [-83.0083954, 40.0048769]}, "properties": {"vehicle_id": "a8e0327d-e9dc-4537-96a6-4573da43a084", "company": "Spin", "type": "scooter", "battery_pct": 55, "range_miles": 14.93, "is_available": true, "is_disabled": false, "last_reported": "1785840240"}}, {"type": "Feature", "geometry": {"type": "Point", "coordinates": [-83.0045187, 39.96875683333334]}, "properties": {"vehicle_id": "ffc0c23c-506e-4631-b646-7b941c767eb2", "company": "Spin", "type": "e-bike", "battery_pct": 56, "range_miles": 15.22, "is_available": true, "is_disabled": false, "last_reported": "1785840329"}}, {"type": "Feature", "geometry": {"type": "Point", "coordinates": [-83.00851820000001, 39.96524133333333]}, "properties": {"vehicle_id": "ccc97493-5962-4ac9-ad7f-4dfe94248ea2", "company": "Spin", "type": "e-bike", "battery_pct": 86, "range_miles": 23.41, "is_available": true, "is_disabled": false, "last_reported": "1785840320"}}, {"type": "Feature", "geometry": {"type": "Point", "coordinates": [-83.00861253333332, 39.96525166666667]}, "properties": {"vehicle_id": "44f6d205-8ec7-404e-afa6-ae279137e31d", "company": "Spin", "type": "e-bike", "battery_pct": 95, "range_miles": 25.75, "is_available": true, "is_disabled": false, "last_reported": "1785840275"}}, {"type": "Feature", "geometry": {"type": "Point", "coordinates": [-83.00998159999999, 39.98189213333333]}, "properties": {"vehicle_id": "aff8a205-95e8-4558-a372-b729b9699dde", "company": "Spin", "type": "e-bike", "battery_pct": 19, "range_miles": 5.27, "is_available": true, "is_disabled": false, "last_reported": "1785840244"}}, {"type": "Feature", "geometry": {"type": "Point", "coordinates": [-82.983395, 39.941451]}, "properties": {"vehicle_id": "a652d694-6636-4df9-ba36-71d4b27546ea", "company": "Spin", "type": "scooter", "battery_pct": 60, "range_miles": 16.39, "is_available": true, "is_disabled": false, "last_reported": "1785840264"}}, {"type": "Feature", "geometry": {"type": "Point", "coordinates": [-83.01286479999999, 39.993173533333334]}, "properties": {"vehicle_id": "1b57353b-1667-4923-b615-424349e96916", "company": "Spin", "type": "e-bike", "battery_pct": 39, "range_miles": 10.54, "is_available": true, "is_disabled": false, "last_reported": "1785840247"}}, {"type": "Feature", "geometry": {"type": "Point", "coordinates": [-82.99950453333334, 39.956718433333336]}, "properties": {"vehicle_id": "d77245e9-83fa-4e3f-a1ff-9e6f73c2dc79", "company": "Spin", "type": "scooter", "battery_pct": 34, "range_miles": 9.37, "is_available": true, "is_disabled": false, "last_reported": "1785840261"}}, {"type": "Feature", "geometry": {"type": "Point", "coordinates": [-82.983429, 39.944018]}, "properties": {"vehicle_id": "34bc8964-6616-460b-b22d-e6458176b214", "company": "Spin", "type": "scooter", "battery_pct": 32, "range_miles": 8.78, "is_available": true, "is_disabled": false, "last_reported": "1785840131"}}, {"type": "Feature", "geometry": {"type": "Point", "coordinates": [-83.02621990000002, 40.023921699999995]}, "properties": {"vehicle_id": "85ab5a88-d137-493f-888c-2b991de082fe", "company": "Spin", "type": "e-bike", "battery_pct": 20, "range_miles": 5.56, "is_available": true, "is_disabled": false, "last_reported": "1785840347"}}, {"type": "Feature", "geometry": {"type": "Point", "coordinates": [-82.98493923333332, 39.95220903333333]}, "properties": {"vehicle_id": "5b664856-dbd5-4630-ba5e-abc1e0c22f03", "company": "Spin", "type": "e-bike", "battery_pct": 19, "range_miles": 5.27, "is_available": true, "is_disabled": false, "last_reported": "1785840346"}}, {"type": "Feature", "geometry": {"type": "Point", "coordinates": [-82.98599924999999, 40.000500800000005]}, "properties": {"vehicle_id": "fdd3ea75-afd0-4039-935c-382524b0e4d0", "company": "Spin", "type": "e-bike", "battery_pct": 40, "range_miles": 10.83, "is_available": true, "is_disabled": false, "last_reported": "1785840341"}}, {"type": "Feature", "geometry": {"type": "Point", "coordinates": [-83.00322759999999, 39.975029049999996]}, "properties": {"vehicle_id": "23f897eb-4d95-4088-8eeb-ccbfff1673b2", "company": "Spin", "type": "e-bike", "battery_pct": 41, "range_miles": 11.12, "is_available": true, "is_disabled": false, "last_reported": "1785840285"}}, {"type": "Feature", "geometry": {"type": "Point", "coordinates": [-82.999944, 39.999592]}, "properties": {"vehicle_id": "fe3eb61f-6a19-497c-b437-a2774883663a", "company": "Spin", "type": "scooter", "battery_pct": 84, "range_miles": 23.89, "is_available": true, "is_disabled": false, "last_reported": "1785840338"}}, {"type": "Feature", "geometry": {"type": "Point", "coordinates": [-83.0419305, 39.991507633333335]}, "properties": {"vehicle_id": "87e30c4a-1c8b-46e8-b94f-2ba191da0a5a", "company": "Spin", "type": "scooter", "battery_pct": 29, "range_miles": 7.9, "is_available": true, "is_disabled": false, "last_reported": "1785840311"}}, {"type": "Feature", "geometry": {"type": "Point", "coordinates": [-83.001043, 39.956422]}, "properties": {"vehicle_id": "32fb0f30-45b8-459e-b657-ac0b0f1a7ca6", "company": "Spin", "type": "scooter", "battery_pct": 40, "range_miles": 11.33, "is_available": true, "is_disabled": false, "last_reported": "1785840274"}}, {"type": "Feature", "geometry": {"type": "Point", "coordinates": [-83.00516199999998, 39.98404853333333]}, "properties": {"vehicle_id": "e27d9a7a-62d7-443f-a86d-1a8036f5c68e", "company": "Spin", "type": "e-bike", "battery_pct": 83, "range_miles": 22.54, "is_available": true, "is_disabled": false, "last_reported": "1785840252"}}, {"type": "Feature", "geometry": {"type": "Point", "coordinates": [-83.00971059999999, 39.98513605]}, "properties": {"vehicle_id": "b4b67373-3e5a-4680-b299-0360c73408f5", "company": "Spin", "type": "e-bike", "battery_pct": 61, "range_miles": 16.68, "is_available": true, "is_disabled": false, "last_reported": "1785840332"}}, {"type": "Feature", "geometry": {"type": "Point", "coordinates": [-83.009719, 39.985111849999996]}, "properties": {"vehicle_id": "9ab437c7-1806-4349-b87d-3e866d01e85e", "company": "Spin", "type": "e-bike", "battery_pct": 82, "range_miles": 22.24, "is_available": true, "is_disabled": false, "last_reported": "1785840335"}}, {"type": "Feature", "geometry": {"type": "Point", "coordinates": [-83.02034120000002, 40.0268261]}, "properties": {"vehicle_id": "1490c133-6cc6-4b75-913a-64795a83ed2e", "company": "Spin", "type": "e-bike", "battery_pct": 70, "range_miles": 19.02, "is_available": true, "is_disabled": false, "last_reported": "1785840358"}}, {"type": "Feature", "geometry": {"type": "Point", "coordinates": [-83.00302140000001, 39.97469505]}, "properties": {"vehicle_id": "6e594296-aa69-4ff7-9acb-a95ff04fa1db", "company": "Spin", "type": "scooter", "battery_pct": 75, "range_miles": 20.49, "is_available": true, "is_disabled": false, "last_reported": "1785840130"}}, {"type": "Feature", "geometry": {"type": "Point", "coordinates": [-83.00302930000001, 39.974722150000005]}, "properties": {"vehicle_id": "ec635702-4717-47b1-8d7d-e98181b6d3a7", "company": "Spin", "type": "scooter", "battery_pct": 30, "range_miles": 8.19, "is_available": true, "is_disabled": false, "last_reported": "1785840351"}}, {"type": "Feature", "geometry": {"type": "Point", "coordinates": [-83.004811, 39.983904]}, "properties": {"vehicle_id": "b6ebb1d4-7d91-4081-8346-1ec0316c38d4", "company": "Spin", "type": "scooter", "battery_pct": 62, "range_miles": 17.77, "is_available": true, "is_disabled": false, "last_reported": "1785840322"}}, {"type": "Feature", "geometry": {"type": "Point", "coordinates": [-83.01919520000001, 39.984169533333336]}, "properties": {"vehicle_id": "e40800d6-bfbb-43bf-bcc3-f9f4d2e9a790", "company": "Spin", "type": "e-bike", "battery_pct": 57, "range_miles": 15.51, "is_available": true, "is_disabled": false, "last_reported": "1785840291"}}, {"type": "Feature", "geometry": {"type": "Point", "coordinates": [-83.00472210000001, 39.98188023333333]}, "properties": {"vehicle_id": "732dc359-ae04-4ef4-83b9-1837deafa995", "company": "Spin", "type": "e-bike", "battery_pct": 85, "range_miles": 23.12, "is_available": true, "is_disabled": false, "last_reported": "1785840190"}}, {"type": "Feature", "geometry": {"type": "Point", "coordinates": [-83.00470675, 39.9818559]}, "properties": {"vehicle_id": "457b9a90-c276-4671-9a20-aff9c6c06305", "company": "Spin", "type": "e-bike", "battery_pct": 77, "range_miles": 21.07, "is_available": true, "is_disabled": false, "last_reported": "1785840356"}}, {"type": "Feature", "geometry": {"type": "Point", "coordinates": [-82.97543145, 39.94860513333333]}, "properties": {"vehicle_id": "dd06b9f6-4095-4f91-83e3-4382e5a70766", "company": "Spin", "type": "e-bike", "battery_pct": 38, "range_miles": 10.24, "is_available": true, "is_disabled": false, "last_reported": "1785840323"}}, {"type": "Feature", "geometry": {"type": "Point", "coordinates": [-83.0028043, 39.97371975]}, "properties": {"vehicle_id": "efaee369-7586-492d-9490-8f6e033513c1", "company": "Spin", "type": "e-bike", "battery_pct": 46, "range_miles": 12.58, "is_available": true, "is_disabled": false, "last_reported": "1785840298"}}, {"type": "Feature", "geometry": {"type": "Point", "coordinates": [-83.0149753, 40.017409300000004]}, "properties": {"vehicle_id": "635b2e15-2326-452b-9da3-fdc4314028d6", "company": "Spin", "type": "scooter", "battery_pct": 77, "range_miles": 21.07, "is_available": true, "is_disabled": false, "last_reported": "1785840150"}}, {"type": "Feature", "geometry": {"type": "Point", "coordinates": [-83.0150165, 40.0174452]}, "properties": {"vehicle_id": "2ceb6d8b-63a0-4ab5-a282-2ba5ab2445a4", "company": "Spin", "type": "e-bike", "battery_pct": 76, "range_miles": 20.78, "is_available": true, "is_disabled": false, "last_reported": "1785840213"}}, {"type": "Feature", "geometry": {"type": "Point", "coordinates": [-83.0010194, 39.95718153333333]}, "properties": {"vehicle_id": "fe2f75a0-267b-4215-95d8-784651cb2215", "company": "Spin", "type": "e-bike", "battery_pct": 86, "range_miles": 23.41, "is_available": true, "is_disabled": false, "last_reported": "1785840280"}}, {"type": "Feature", "geometry": {"type": "Point", "coordinates": [-83.0066116, 39.99640753333333]}, "properties": {"vehicle_id": "c6ed1842-6d3c-4467-9250-0edd7167ecb0", "company": "Spin", "type": "e-bike", "battery_pct": 46, "range_miles": 12.58, "is_available": true, "is_disabled": false, "last_reported": "1785840210"}}, {"type": "Feature", "geometry": {"type": "Point", "coordinates": [-83.0122327, 39.95501713333333]}, "properties": {"vehicle_id": "137af744-a0b3-419e-a3e5-c580bb4f9837", "company": "Spin", "type": "e-bike", "battery_pct": 22, "range_miles": 5.85, "is_available": true, "is_disabled": false, "last_reported": "1785840210"}}, {"type": "Feature", "geometry": {"type": "Point", "coordinates": [-83.00975910000001, 39.96822683333333]}, "properties": {"vehicle_id": "135ecc31-768f-4d97-9fa3-4c381e68643c", "company": "Spin", "type": "e-bike", "battery_pct": 48, "range_miles": 13.17, "is_available": true, "is_disabled": false, "last_reported": "1785840272"}}, {"type": "Feature", "geometry": {"type": "Point", "coordinates": [-83.00977470000001, 39.96824623333334]}, "properties": {"vehicle_id": "ce375471-6743-4328-9f64-37adab64eeb4", "company": "Spin", "type": "e-bike", "battery_pct": 88, "range_miles": 24.0, "is_available": true, "is_disabled": false, "last_reported": "1785840271"}}, {"type": "Feature", "geometry": {"type": "Point", "coordinates": [-83.00976809999999, 39.96824653333333]}, "properties": {"vehicle_id": "8772ee11-7bc0-4683-8a1e-b95122eb5c8b", "company": "Spin", "type": "e-bike", "battery_pct": 56, "range_miles": 15.22, "is_available": true, "is_disabled": false, "last_reported": "1785840271"}}, {"type": "Feature", "geometry": {"type": "Point", "coordinates": [-83.00977059999998, 39.96822183333334]}, "properties": {"vehicle_id": "64ecc490-01ff-4973-9312-9a3f99a4ab00", "company": "Spin", "type": "e-bike", "battery_pct": 74, "range_miles": 20.19, "is_available": true, "is_disabled": false, "last_reported": "1785840358"}}, {"type": "Feature", "geometry": {"type": "Point", "coordinates": [-83.000705, 39.964881]}, "properties": {"vehicle_id": "c8dc1db7-d42b-4e4b-ba50-9be34640b418", "company": "Spin", "type": "scooter", "battery_pct": 29, "range_miles": 7.9, "is_available": true, "is_disabled": false, "last_reported": "1785840146"}}, {"type": "Feature", "geometry": {"type": "Point", "coordinates": [-83.01757610000001, 40.0230891]}, "properties": {"vehicle_id": "770e7b52-293f-49ba-8cff-dd0ece75cd10", "company": "Spin", "type": "e-bike", "battery_pct": 38, "range_miles": 10.24, "is_available": true, "is_disabled": false, "last_reported": "1785840256"}}, {"type": "Feature", "geometry": {"type": "Point", "coordinates": [-82.99951673333335, 39.964834833333335]}, "properties": {"vehicle_id": "46669e97-ef63-4829-b300-e5786c5766ec", "company": "Spin", "type": "e-bike", "battery_pct": 17, "range_miles": 4.68, "is_available": true, "is_disabled": false, "last_reported": "1785840336"}}, {"type": "Feature", "geometry": {"type": "Point", "coordinates": [-82.966391, 40.01552]}, "properties": {"vehicle_id": "cae532d1-0ba2-443e-a115-da63d1eda6fb", "company": "Spin", "type": "scooter", "battery_pct": 34, "range_miles": 9.8, "is_available": true, "is_disabled": false, "last_reported": "1785840351"}}, {"type": "Feature", "geometry": {"type": "Point", "coordinates": [-83.006766, 39.96158]}, "properties": {"vehicle_id": "b7666748-e612-4d61-bd01-2d559636cfd3", "company": "Spin", "type": "scooter", "battery_pct": 57, "range_miles": 16.24, "is_available": true, "is_disabled": false, "last_reported": "1785840330"}}, {"type": "Feature", "geometry": {"type": "Point", "coordinates": [-82.96288333333332, 39.966535]}, "properties": {"vehicle_id": "13b6fde6-6bd9-43fc-8f3d-b93e904ce565", "company": "Spin", "type": "e-bike", "battery_pct": 23, "range_miles": 6.15, "is_available": true, "is_disabled": false, "last_reported": "1785840246"}}, {"type": "Feature", "geometry": {"type": "Point", "coordinates": [-83.0091983, 40.00638]}, "properties": {"vehicle_id": "98348a38-ba16-4a0a-9bb6-22b0a5047883", "company": "Spin", "type": "e-bike", "battery_pct": 87, "range_miles": 23.71, "is_available": true, "is_disabled": false, "last_reported": "1785840154"}}, {"type": "Feature", "geometry": {"type": "Point", "coordinates": [-82.987806, 40.014647]}, "properties": {"vehicle_id": "ec694c51-7f2f-481d-832d-2265904b5dda", "company": "Spin", "type": "scooter", "battery_pct": 24, "range_miles": 6.74, "is_available": true, "is_disabled": false, "last_reported": "1785840356"}}, {"type": "Feature", "geometry": {"type": "Point", "coordinates": [-83.04687119999998, 39.98991115]}, "properties": {"vehicle_id": "0b14ba6a-ee06-4ddf-962a-379c971656a9", "company": "Spin", "type": "e-bike", "battery_pct": 23, "range_miles": 6.15, "is_available": true, "is_disabled": false, "last_reported": "1785840331"}}, {"type": "Feature", "geometry": {"type": "Point", "coordinates": [-83.01232380000002, 39.96831783333334]}, "properties": {"vehicle_id": "28f4b7d2-e2c7-4a81-8e72-b61e2ee9cc81", "company": "Spin", "type": "e-bike", "battery_pct": 74, "range_miles": 20.19, "is_available": true, "is_disabled": false, "last_reported": "1785840359"}}, {"type": "Feature", "geometry": {"type": "Point", "coordinates": [-83.01228, 39.968495]}, "properties": {"vehicle_id": "16a598c5-9fce-4d1c-a2ad-bee9df1ad10f", "company": "Spin", "type": "e-bike", "battery_pct": 87, "range_miles": 23.71, "is_available": true, "is_disabled": false, "last_reported": "1785840110"}}, {"type": "Feature", "geometry": {"type": "Point", "coordinates": [-83.0041277, 39.99569633333333]}, "properties": {"vehicle_id": "a4ed6808-c628-4f67-8e55-a1061d3e205f", "company": "Spin", "type": "e-bike", "battery_pct": 86, "range_miles": 23.41, "is_available": true, "is_disabled": false, "last_reported": "1785840287"}}, {"type": "Feature", "geometry": {"type": "Point", "coordinates": [-83.02545, 40.0185197]}, "properties": {"vehicle_id": "bfd53059-34d4-4f7c-8d1c-1dd75a1684b6", "company": "Spin", "type": "e-bike", "battery_pct": 86, "range_miles": 23.41, "is_available": true, "is_disabled": false, "last_reported": "1785840186"}}, {"type": "Feature", "geometry": {"type": "Point", "coordinates": [-83.01219590000001, 39.969322733333335]}, "properties": {"vehicle_id": "00587031-63db-48d0-bbb3-f28c4ba11677", "company": "Spin", "type": "e-bike", "battery_pct": 86, "range_miles": 23.41, "is_available": true, "is_disabled": false, "last_reported": "1785840304"}}, {"type": "Feature", "geometry": {"type": "Point", "coordinates": [-83.00272709999999, 39.97201435]}, "properties": {"vehicle_id": "0159a1e7-81bf-487b-891d-db15014a0dfc", "company": "Spin", "type": "e-bike", "battery_pct": 87, "range_miles": 23.71, "is_available": true, "is_disabled": false, "last_reported": "1785840267"}}, {"type": "Feature", "geometry": {"type": "Point", "coordinates": [-83.00365140000001, 39.97037495]}, "properties": {"vehicle_id": "78e6f1fb-7389-41c6-a72e-2eb05f64c85c", "company": "Spin", "type": "e-bike", "battery_pct": 20, "range_miles": 5.56, "is_available": true, "is_disabled": false, "last_reported": "1785840254"}}, {"type": "Feature", "geometry": {"type": "Point", "coordinates": [-83.01965829999999, 39.974327949999996]}, "properties": {"vehicle_id": "571081b5-3ea4-44bf-9d4e-8b5c6a2ea61d", "company": "Spin", "type": "e-bike", "battery_pct": 87, "range_miles": 23.71, "is_available": true, "is_disabled": false, "last_reported": "1785840313"}}, {"type": "Feature", "geometry": {"type": "Point", "coordinates": [-82.966392, 40.015553]}, "properties": {"vehicle_id": "8c5c6b28-a8c5-4852-a0ef-6973526ce5b3", "company": "Spin", "type": "scooter", "battery_pct": 26, "range_miles": 7.35, "is_available": true, "is_disabled": false, "last_reported": "1785840231"}}, {"type": "Feature", "geometry": {"type": "Point", "coordinates": [-83.01178970000001, 39.96947343333333]}, "properties": {"vehicle_id": "0c3498bd-3d23-4324-ae22-93d968db868a", "company": "Spin", "type": "e-bike", "battery_pct": 67, "range_miles": 18.15, "is_available": true, "is_disabled": false, "last_reported": "1785840300"}}, {"type": "Feature", "geometry": {"type": "Point", "coordinates": [-83.00495360000001, 39.98590665]}, "properties": {"vehicle_id": "31159fcf-1d58-4cac-9413-9fe86cc1f014", "company": "Spin", "type": "e-bike", "battery_pct": 31, "range_miles": 8.49, "is_available": true, "is_disabled": false, "last_reported": "1785840315"}}, {"type": "Feature", "geometry": {"type": "Point", "coordinates": [-82.95068323333335, 39.968062933333336]}, "properties": {"vehicle_id": "eded59dc-3494-4209-8c1d-b4e374a0fca4", "company": "Spin", "type": "e-bike", "battery_pct": 37, "range_miles": 9.95, "is_available": true, "is_disabled": false, "last_reported": "1785840242"}}, {"type": "Feature", "geometry": {"type": "Point", "coordinates": [-82.996885, 39.956618]}, "properties": {"vehicle_id": "d8fa24f6-5dfc-4f68-b35f-77352af48157", "company": "Spin", "type": "scooter", "battery_pct": 42, "range_miles": 11.41, "is_available": true, "is_disabled": false, "last_reported": "1785840240"}}, {"type": "Feature", "geometry": {"type": "Point", "coordinates": [-83.0049909, 39.99033283333333]}, "properties": {"vehicle_id": "aab9f6c0-8aa3-4337-9a16-8846ff781777", "company": "Spin", "type": "scooter", "battery_pct": 23, "range_miles": 6.15, "is_available": true, "is_disabled": false, "last_reported": "1785840350"}}, {"type": "Feature", "geometry": {"type": "Point", "coordinates": [-83.0049387, 39.99034793333333]}, "properties": {"vehicle_id": "e38cda42-2a4a-46fb-a346-efc743fac876", "company": "Spin", "type": "scooter", "battery_pct": 71, "range_miles": 19.32, "is_available": true, "is_disabled": false, "last_reported": "1785840208"}}, {"type": "Feature", "geometry": {"type": "Point", "coordinates": [-82.98435, 39.958014]}, "properties": {"vehicle_id": "dfdce08f-d1fc-438a-b5ca-84458c602fd5", "company": "Spin", "type": "scooter", "battery_pct": 16, "range_miles": 4.39, "is_available": true, "is_disabled": false, "last_reported": "1785840253"}}, {"type": "Feature", "geometry": {"type": "Point", "coordinates": [-83.0444057, 39.98784225]}, "properties": {"vehicle_id": "a3492e9d-7565-44c8-af47-4ee3576200b6", "company": "Spin", "type": "e-bike", "battery_pct": 73, "range_miles": 19.9, "is_available": true, "is_disabled": false, "last_reported": "1785840259"}}, {"type": "Feature", "geometry": {"type": "Point", "coordinates": [-82.99727253333334, 39.96734263333334]}, "properties": {"vehicle_id": "280d3433-0d58-46e5-a8ee-7df260527a3e", "company": "Spin", "type": "scooter", "battery_pct": 44, "range_miles": 12.0, "is_available": true, "is_disabled": false, "last_reported": "1785840121"}}, {"type": "Feature", "geometry": {"type": "Point", "coordinates": [-83.002414, 39.970271]}, "properties": {"vehicle_id": "4d8c9733-2ae7-4a73-b6b0-203c132e9046", "company": "Spin", "type": "scooter", "battery_pct": 18, "range_miles": 4.98, "is_available": true, "is_disabled": false, "last_reported": "1785840321"}}, {"type": "Feature", "geometry": {"type": "Point", "coordinates": [-82.987883, 39.943612]}, "properties": {"vehicle_id": "313743ae-26a4-43ea-91c4-06e24da12182", "company": "Spin", "type": "scooter", "battery_pct": 72, "range_miles": 20.52, "is_available": true, "is_disabled": false, "last_reported": "1785840277"}}, {"type": "Feature", "geometry": {"type": "Point", "coordinates": [-83.00976790000001, 39.968259333333336]}, "properties": {"vehicle_id": "941cd60b-ab0a-4473-8dbb-068252b30c96", "company": "Spin", "type": "e-bike", "battery_pct": 74, "range_miles": 20.19, "is_available": true, "is_disabled": false, "last_reported": "1785840328"}}, {"type": "Feature", "geometry": {"type": "Point", "coordinates": [-83.01543199999999, 40.0293699]}, "properties": {"vehicle_id": "578b3f42-8bf3-4efb-91e3-a22470960de4", "company": "Spin", "type": "scooter", "battery_pct": 61, "range_miles": 16.68, "is_available": true, "is_disabled": false, "last_reported": "1785840301"}}, {"type": "Feature", "geometry": {"type": "Point", "coordinates": [-83.01545919999998, 40.0293841]}, "properties": {"vehicle_id": "2e83135f-c352-4941-a5a3-5bf599efc6fd", "company": "Spin", "type": "scooter", "battery_pct": 70, "range_miles": 19.02, "is_available": true, "is_disabled": false, "last_reported": "1785840282"}}, {"type": "Feature", "geometry": {"type": "Point", "coordinates": [-83.0227684, 39.97446225]}, "properties": {"vehicle_id": "cc109db2-7b49-43db-9899-a1bc7ad2f8d2", "company": "Spin", "type": "scooter", "battery_pct": 29, "range_miles": 7.9, "is_available": true, "is_disabled": false, "last_reported": "1785840296"}}, {"type": "Feature", "geometry": {"type": "Point", "coordinates": [-83.00965166666668, 39.96889833333333]}, "properties": {"vehicle_id": "e80e3fec-c630-4a0e-ba53-1c6e14482b4c", "company": "Spin", "type": "e-bike", "battery_pct": 15, "range_miles": 4.1, "is_available": true, "is_disabled": false, "last_reported": "1785840285"}}, {"type": "Feature", "geometry": {"type": "Point", "coordinates": [-83.09822333333335, 39.93459333333333]}, "properties": {"vehicle_id": "2b9fb470-f7ca-4486-b70b-e4b93d885040", "company": "Spin", "type": "e-bike", "battery_pct": 40, "range_miles": 10.83, "is_available": true, "is_disabled": false, "last_reported": "1785840220"}}, {"type": "Feature", "geometry": {"type": "Point", "coordinates": [-83.044778, 39.989075]}, "properties": {"vehicle_id": "88b8d33d-ecc6-44b2-b10b-d3e66db1cfda", "company": "Spin", "type": "scooter", "battery_pct": 40, "range_miles": 10.83, "is_available": true, "is_disabled": false, "last_reported": "1785840349"}}, {"type": "Feature", "geometry": {"type": "Point", "coordinates": [-82.96353433333334, 39.96028443333333]}, "properties": {"vehicle_id": "551e66fb-e575-44f6-abf4-8ef2e8bdf32d", "company": "Spin", "type": "e-bike", "battery_pct": 87, "range_miles": 23.71, "is_available": true, "is_disabled": false, "last_reported": "1785840225"}}, {"type": "Feature", "geometry": {"type": "Point", "coordinates": [-83.002535, 39.969945333333335]}, "properties": {"vehicle_id": "1574ba21-a154-4a8e-a12e-7ced9e2dde90", "company": "Spin", "type": "scooter", "battery_pct": 65, "range_miles": 17.56, "is_available": true, "is_disabled": false, "last_reported": "1785840265"}}, {"type": "Feature", "geometry": {"type": "Point", "coordinates": [-82.99751023333334, 39.95049013333333]}, "properties": {"vehicle_id": "0acd1572-a336-496c-9315-4fb7404aa9b5", "company": "Spin", "type": "e-bike", "battery_pct": 87, "range_miles": 23.71, "is_available": true, "is_disabled": false, "last_reported": "1785840133"}}, {"type": "Feature", "geometry": {"type": "Point", "coordinates": [-83.00592780000001, 39.96845293333333]}, "properties": {"vehicle_id": "047b5a4b-ebde-4e35-9df6-dba1c491bb9f", "company": "Spin", "type": "e-bike", "battery_pct": 23, "range_miles": 6.15, "is_available": true, "is_disabled": false, "last_reported": "1785840216"}}, {"type": "Feature", "geometry": {"type": "Point", "coordinates": [-82.99448853333334, 39.94388373333334]}, "properties": {"vehicle_id": "c98c3af2-3cd7-42c0-951b-fe3ac8c2a17f", "company": "Spin", "type": "e-bike", "battery_pct": 34, "range_miles": 9.37, "is_available": true, "is_disabled": false, "last_reported": "1785840252"}}, {"type": "Feature", "geometry": {"type": "Point", "coordinates": [-82.99450123333332, 39.94391003333333]}, "properties": {"vehicle_id": "0fface75-aed6-406a-a06b-3acbf97fa458", "company": "Spin", "type": "e-bike", "battery_pct": 72, "range_miles": 19.61, "is_available": true, "is_disabled": false, "last_reported": "1785840272"}}, {"type": "Feature", "geometry": {"type": "Point", "coordinates": [-83.00277166666667, 39.976975]}, "properties": {"vehicle_id": "2c8ea1ce-ba9f-418f-9f34-bff24699bc02", "company": "Spin", "type": "e-bike", "battery_pct": 39, "range_miles": 10.54, "is_available": true, "is_disabled": false, "last_reported": "1785840131"}}, {"type": "Feature", "geometry": {"type": "Point", "coordinates": [-83.01144199999999, 39.957576933333335]}, "properties": {"vehicle_id": "c9d79fbc-8f38-434c-a48a-b0f368c1b4fc", "company": "Spin", "type": "e-bike", "battery_pct": 87, "range_miles": 23.71, "is_available": true, "is_disabled": false, "last_reported": "1785840248"}}, {"type": "Feature", "geometry": {"type": "Point", "coordinates": [-83.0034758, 39.97626525]}, "properties": {"vehicle_id": "1f73a32c-707f-4fa0-a0e4-8c95c73bd090", "company": "Spin", "type": "e-bike", "battery_pct": 25, "range_miles": 6.73, "is_available": true, "is_disabled": false, "last_reported": "1785840351"}}, {"type": "Feature", "geometry": {"type": "Point", "coordinates": [-83.03910300000001, 39.95828923333333]}, "properties": {"vehicle_id": "e18559f6-d54d-4015-94ad-c3a426a14fa4", "company": "Spin", "type": "e-bike", "battery_pct": 87, "range_miles": 23.71, "is_available": true, "is_disabled": false, "last_reported": "1785840343"}}, {"type": "Feature", "geometry": {"type": "Point", "coordinates": [-83.04176469999999, 39.96068783333333]}, "properties": {"vehicle_id": "554d2b93-0d0d-49a1-84b0-352b4192a944", "company": "Spin", "type": "e-bike", "battery_pct": 87, "range_miles": 23.71, "is_available": true, "is_disabled": false, "last_reported": "1785840298"}}, {"type": "Feature", "geometry": {"type": "Point", "coordinates": [-82.95742423333334, 39.96334283333333]}, "properties": {"vehicle_id": "ab0b0a44-58ce-440e-b379-8dcd42bbe7ce", "company": "Spin", "type": "scooter", "battery_pct": 63, "range_miles": 17.27, "is_available": true, "is_disabled": false, "last_reported": "1785840143"}}, {"type": "Feature", "geometry": {"type": "Point", "coordinates": [-83.00979299999999, 39.96824253333333]}, "properties": {"vehicle_id": "821d5457-653a-44b3-a00c-e713dd67d186", "company": "Spin", "type": "e-bike", "battery_pct": 23, "range_miles": 6.15, "is_available": true, "is_disabled": false, "last_reported": "1785840346"}}, {"type": "Feature", "geometry": {"type": "Point", "coordinates": [-82.99697603333334, 39.965575933333334]}, "properties": {"vehicle_id": "3547ad43-1c01-4fb4-b33c-81e4278b8d2f", "company": "Spin", "type": "e-bike", "battery_pct": 24, "range_miles": 6.44, "is_available": true, "is_disabled": false, "last_reported": "1785840259"}}, {"type": "Feature", "geometry": {"type": "Point", "coordinates": [-82.973686, 39.976341]}, "properties": {"vehicle_id": "1b0bfb42-613e-4472-bfd7-653ab40541a3", "company": "Spin", "type": "scooter", "battery_pct": 23, "range_miles": 6.15, "is_available": true, "is_disabled": false, "last_reported": "1785840295"}}, {"type": "Feature", "geometry": {"type": "Point", "coordinates": [-82.997826, 39.960383]}, "properties": {"vehicle_id": "6420494c-a19e-47dc-89dd-d289e3e52ccb", "company": "Spin", "type": "scooter", "battery_pct": 77, "range_miles": 21.07, "is_available": true, "is_disabled": false, "last_reported": "1785840280"}}, {"type": "Feature", "geometry": {"type": "Point", "coordinates": [-83.0034479, 39.97888725]}, "properties": {"vehicle_id": "d2954769-6395-4823-9de9-aa17b2d13183", "company": "Spin", "type": "e-bike", "battery_pct": 57, "range_miles": 15.51, "is_available": true, "is_disabled": false, "last_reported": "1785840212"}}, {"type": "Feature", "geometry": {"type": "Point", "coordinates": [-83.00944229999999, 39.958818533333336]}, "properties": {"vehicle_id": "260a5fb6-6664-4ead-b184-f4e5fd6a8e3d", "company": "Spin", "type": "e-bike", "battery_pct": 84, "range_miles": 22.83, "is_available": true, "is_disabled": false, "last_reported": "1785840112"}}, {"type": "Feature", "geometry": {"type": "Point", "coordinates": [-83.00890849999999, 40.005953399999996]}, "properties": {"vehicle_id": "3865e74f-0f51-41b4-a0a7-bb6bc5a1e58a", "company": "Spin", "type": "scooter", "battery_pct": 96, "range_miles": 26.05, "is_available": true, "is_disabled": false, "last_reported": "1785840270"}}, {"type": "Feature", "geometry": {"type": "Point", "coordinates": [-83.0037355, 39.97703975]}, "properties": {"vehicle_id": "27e6db57-ad33-4553-aeb6-4f513210e20d", "company": "Spin", "type": "e-bike", "battery_pct": 32, "range_miles": 8.78, "is_available": true, "is_disabled": false, "last_reported": "1785840209"}}, {"type": "Feature", "geometry": {"type": "Point", "coordinates": [-82.99821113333334, 39.95500823333334]}, "properties": {"vehicle_id": "246ac973-05d2-4d6e-b6f1-f1718dd63e0e", "company": "Spin", "type": "e-bike", "battery_pct": 49, "range_miles": 13.46, "is_available": true, "is_disabled": false, "last_reported": "1785840261"}}, {"type": "Feature", "geometry": {"type": "Point", "coordinates": [-83.00622720000001, 40.0130362]}, "properties": {"vehicle_id": "012fb7cc-afd8-4d01-a7ae-c6d0d50c09f5", "company": "Spin", "type": "scooter", "battery_pct": 97, "range_miles": 26.34, "is_available": true, "is_disabled": false, "last_reported": "1785840207"}}, {"type": "Feature", "geometry": {"type": "Point", "coordinates": [-83.00977759999999, 39.96824673333333]}, "properties": {"vehicle_id": "a43d90d9-c0fa-4dd3-8563-dd08d73452df", "company": "Spin", "type": "e-bike", "battery_pct": 32, "range_miles": 8.78, "is_available": true, "is_disabled": false, "last_reported": "1785840284"}}, {"type": "Feature", "geometry": {"type": "Point", "coordinates": [-83.00436390000002, 39.97725645]}, "properties": {"vehicle_id": "4cc2f466-a512-4052-949e-54d2fdfcf560", "company": "Spin", "type": "e-bike", "battery_pct": 34, "range_miles": 9.37, "is_available": true, "is_disabled": false, "last_reported": "1785840256"}}, {"type": "Feature", "geometry": {"type": "Point", "coordinates": [-83.00976899999999, 39.968216033333334]}, "properties": {"vehicle_id": "2b2f18fb-0c60-48ae-9d02-108f1bdfa306", "company": "Spin", "type": "e-bike", "battery_pct": 45, "range_miles": 12.29, "is_available": true, "is_disabled": false, "last_reported": "1785840212"}}, {"type": "Feature", "geometry": {"type": "Point", "coordinates": [-82.99859813333333, 39.966097033333334]}, "properties": {"vehicle_id": "31646c0d-71fb-460e-8754-d23565299ed9", "company": "Spin", "type": "e-bike", "battery_pct": 83, "range_miles": 22.54, "is_available": true, "is_disabled": false, "last_reported": "1785840327"}}, {"type": "Feature", "geometry": {"type": "Point", "coordinates": [-83.0237245, 40.029074599999994]}, "properties": {"vehicle_id": "4e938332-32cb-4567-87db-6624d916f52a", "company": "Spin", "type": "e-bike", "battery_pct": 69, "range_miles": 18.73, "is_available": true, "is_disabled": false, "last_reported": "1785840297"}}, {"type": "Feature", "geometry": {"type": "Point", "coordinates": [-83.02837666666667, 39.98586833333333]}, "properties": {"vehicle_id": "b6299011-161e-4668-9a13-335e7ca44fd2", "company": "Spin", "type": "e-bike", "battery_pct": 35, "range_miles": 9.66, "is_available": true, "is_disabled": false, "last_reported": "1785840244"}}, {"type": "Feature", "geometry": {"type": "Point", "coordinates": [-83.0025173, 39.96323163333333]}, "properties": {"vehicle_id": "dc8bfbb9-c950-4978-8f4f-db6d57b1cacf", "company": "Spin", "type": "scooter", "battery_pct": 95, "range_miles": 25.75, "is_available": true, "is_disabled": false, "last_reported": "1785840261"}}, {"type": "Feature", "geometry": {"type": "Point", "coordinates": [-83.0113737, 40.01482]}, "properties": {"vehicle_id": "aad7a6c6-1d84-400d-b5d5-fa3bfd930046", "company": "Spin", "type": "e-bike", "battery_pct": 61, "range_miles": 16.68, "is_available": true, "is_disabled": false, "last_reported": "1785840317"}}, {"type": "Feature", "geometry": {"type": "Point", "coordinates": [-83.00484479999999, 39.987851549999995]}, "properties": {"vehicle_id": "ae0cbbee-bc93-4450-89d1-9ccb75dbe40a", "company": "Spin", "type": "e-bike", "battery_pct": 90, "range_miles": 24.58, "is_available": true, "is_disabled": false, "last_reported": "1785840333"}}, {"type": "Feature", "geometry": {"type": "Point", "coordinates": [-83.0043114, 39.97072545]}, "properties": {"vehicle_id": "aad63630-249f-4587-b032-20ca1adb9be8", "company": "Spin", "type": "e-bike", "battery_pct": 25, "range_miles": 6.73, "is_available": true, "is_disabled": false, "last_reported": "1785840223"}}, {"type": "Feature", "geometry": {"type": "Point", "coordinates": [-83.00325159999998, 39.974638150000004]}, "properties": {"vehicle_id": "1350a639-2b9a-4f76-958f-2dc9345591b0", "company": "Spin", "type": "e-bike", "battery_pct": 90, "range_miles": 24.58, "is_available": true, "is_disabled": false, "last_reported": "1785840338"}}, {"type": "Feature", "geometry": {"type": "Point", "coordinates": [-83.01133990000001, 40.0151572]}, "properties": {"vehicle_id": "7a00b4c1-7fb3-4ed6-9a6d-40fdac2b1284", "company": "Spin", "type": "e-bike", "battery_pct": 40, "range_miles": 10.83, "is_available": true, "is_disabled": false, "last_reported": "1785840338"}}, {"type": "Feature", "geometry": {"type": "Point", "coordinates": [-83.00302361666667, 39.96613481666667]}, "properties": {"vehicle_id": "1d1c8009-bbca-4dc2-b4a0-5da8af52e28c", "company": "Spin", "type": "e-bike", "battery_pct": 20, "range_miles": 5.56, "is_available": true, "is_disabled": false, "last_reported": "1785840358"}}, {"type": "Feature", "geometry": {"type": "Point", "coordinates": [-83.0029616, 39.97361495]}, "properties": {"vehicle_id": "cf390f2a-3417-4c4e-8958-55e26a9a495e", "company": "Spin", "type": "scooter", "battery_pct": 26, "range_miles": 7.02, "is_available": true, "is_disabled": false, "last_reported": "1785840308"}}, {"type": "Feature", "geometry": {"type": "Point", "coordinates": [-83.012857, 39.958928]}, "properties": {"vehicle_id": "e1d6bfef-3d4c-4c86-95ec-d9f24b33e321", "company": "Spin", "type": "scooter", "battery_pct": 29, "range_miles": 7.9, "is_available": true, "is_disabled": false, "last_reported": "1785840356"}}, {"type": "Feature", "geometry": {"type": "Point", "coordinates": [-83.0047569, 39.97117415]}, "properties": {"vehicle_id": "6fa71761-238a-4e8e-90ad-8d75efac0497", "company": "Spin", "type": "scooter", "battery_pct": 34, "range_miles": 9.37, "is_available": true, "is_disabled": false, "last_reported": "1785840251"}}, {"type": "Feature", "geometry": {"type": "Point", "coordinates": [-83.00276119999998, 39.97749415]}, "properties": {"vehicle_id": "5befc0e4-8fb8-4c03-92d2-b5d7db6290fd", "company": "Spin", "type": "e-bike", "battery_pct": 25, "range_miles": 6.73, "is_available": true, "is_disabled": false, "last_reported": "1785840331"}}, {"type": "Feature", "geometry": {"type": "Point", "coordinates": [-83.005139, 39.984066]}, "properties": {"vehicle_id": "80e03bca-9273-4da3-8b28-41878f762da9", "company": "Spin", "type": "scooter", "battery_pct": 94, "range_miles": 25.46, "is_available": true, "is_disabled": false, "last_reported": "1785840204"}}, {"type": "Feature", "geometry": {"type": "Point", "coordinates": [-83.029748, 39.958622]}, "properties": {"vehicle_id": "97a63109-d6e4-4078-ac74-57fcefe81260", "company": "Spin", "type": "scooter", "battery_pct": 56, "range_miles": 15.93, "is_available": true, "is_disabled": false, "last_reported": "1785840163"}}, {"type": "Feature", "geometry": {"type": "Point", "coordinates": [-83.02806833333334, 39.95282666666667]}, "properties": {"vehicle_id": "9914726d-1e5a-4838-8d0d-bb8f715e0801", "company": "Spin", "type": "e-bike", "battery_pct": 25, "range_miles": 6.73, "is_available": true, "is_disabled": false, "last_reported": "1785840315"}}, {"type": "Feature", "geometry": {"type": "Point", "coordinates": [-83.02548460000001, 40.0184948]}, "properties": {"vehicle_id": "6a172494-f05c-4e69-99bd-4c1e31447c79", "company": "Spin", "type": "e-bike", "battery_pct": 82, "range_miles": 22.24, "is_available": true, "is_disabled": false, "last_reported": "1785840327"}}, {"type": "Feature", "geometry": {"type": "Point", "coordinates": [-83.01216860000001, 39.96778163333333]}, "properties": {"vehicle_id": "5d2e79bf-dfdb-4e87-ba32-fbd9f0d1b650", "company": "Spin", "type": "e-bike", "battery_pct": 51, "range_miles": 13.76, "is_available": true, "is_disabled": false, "last_reported": "1785840216"}}, {"type": "Feature", "geometry": {"type": "Point", "coordinates": [-83.01216833333335, 39.967795]}, "properties": {"vehicle_id": "883217dd-1d7a-4a0c-854c-b581f1352440", "company": "Spin", "type": "e-bike", "battery_pct": 51, "range_miles": 13.76, "is_available": true, "is_disabled": false, "last_reported": "1785840349"}}, {"type": "Feature", "geometry": {"type": "Point", "coordinates": [-83.0121485, 39.96778923333333]}, "properties": {"vehicle_id": "80e749c5-f958-43a8-bc02-0b903e49e429", "company": "Spin", "type": "e-bike", "battery_pct": 82, "range_miles": 22.24, "is_available": true, "is_disabled": false, "last_reported": "1785840218"}}, {"type": "Feature", "geometry": {"type": "Point", "coordinates": [-83.012147, 39.96778783333333]}, "properties": {"vehicle_id": "7f96517c-4ac4-4343-ba4e-62c7881303b3", "company": "Spin", "type": "e-bike", "battery_pct": 68, "range_miles": 18.44, "is_available": true, "is_disabled": false, "last_reported": "1785840216"}}, {"type": "Feature", "geometry": {"type": "Point", "coordinates": [-83.0121588, 39.96778533333334]}, "properties": {"vehicle_id": "7de90532-6058-4a72-abae-0fce49c37340", "company": "Spin", "type": "e-bike", "battery_pct": 71, "range_miles": 19.32, "is_available": true, "is_disabled": false, "last_reported": "1785840216"}}, {"type": "Feature", "geometry": {"type": "Point", "coordinates": [-83.01213223333335, 39.967816516666666]}, "properties": {"vehicle_id": "b815a54f-5ee9-499e-a41a-baa5b5117994", "company": "Spin", "type": "e-bike", "battery_pct": 60, "range_miles": 16.39, "is_available": true, "is_disabled": false, "last_reported": "1785840337"}}, {"type": "Feature", "geometry": {"type": "Point", "coordinates": [-83.01213539999999, 39.96778223333333]}, "properties": {"vehicle_id": "d6653841-29a8-47fc-82f9-02a5bcbcde03", "company": "Spin", "type": "e-bike", "battery_pct": 46, "range_miles": 12.58, "is_available": true, "is_disabled": false, "last_reported": "1785840281"}}, {"type": "Feature", "geometry": {"type": "Point", "coordinates": [-83.0051591, 39.984066633333335]}, "properties": {"vehicle_id": "0e9f3b41-0ee9-4c5d-829c-ba1ab0d29b02", "company": "Spin", "type": "e-bike", "battery_pct": 23, "range_miles": 6.15, "is_available": true, "is_disabled": false, "last_reported": "1785840302"}}, {"type": "Feature", "geometry": {"type": "Point", "coordinates": [-83.00399510000001, 39.97059935]}, "properties": {"vehicle_id": "386a4b39-bf8d-4c6c-988d-24a110f6cf7b", "company": "Spin", "type": "scooter", "battery_pct": 77, "range_miles": 21.07, "is_available": true, "is_disabled": false, "last_reported": "1785840262"}}, {"type": "Feature", "geometry": {"type": "Point", "coordinates": [-83.004223, 39.97032795]}, "properties": {"vehicle_id": "5000185c-b346-41fa-9eb6-2aa791692192", "company": "Spin", "type": "scooter", "battery_pct": 37, "range_miles": 9.95, "is_available": true, "is_disabled": false, "last_reported": "1785840320"}}, {"type": "Feature", "geometry": {"type": "Point", "coordinates": [-82.97802644999999, 39.97308995]}, "properties": {"vehicle_id": "1972659e-1fa9-4017-854f-a92292b32b65", "company": "Spin", "type": "e-bike", "battery_pct": 18, "range_miles": 4.98, "is_available": true, "is_disabled": false, "last_reported": "1785840335"}}, {"type": "Feature", "geometry": {"type": "Point", "coordinates": [-83.01218833333333, 39.967771666666664]}, "properties": {"vehicle_id": "e8bf31df-82df-4348-b414-d9da4a3b8c32", "company": "Spin", "type": "e-bike", "battery_pct": 53, "range_miles": 14.34, "is_available": true, "is_disabled": false, "last_reported": "1785840344"}}, {"type": "Feature", "geometry": {"type": "Point", "coordinates": [-83.012131, 39.967755]}, "properties": {"vehicle_id": "53f3ff33-c4e2-47b7-b986-4310b8630b38", "company": "Spin", "type": "scooter", "battery_pct": 91, "range_miles": 26.04, "is_available": true, "is_disabled": false, "last_reported": "1785840279"}}, {"type": "Feature", "geometry": {"type": "Point", "coordinates": [-82.977246, 40.013838]}, "properties": {"vehicle_id": "30286dfb-d93d-4a71-bb37-9394b68ef467", "company": "Spin", "type": "scooter", "battery_pct": 19, "range_miles": 5.51, "is_available": true, "is_disabled": false, "last_reported": "1785840298"}}, {"type": "Feature", "geometry": {"type": "Point", "coordinates": [-82.986385, 39.99926]}, "properties": {"vehicle_id": "40651e63-5ac4-483a-974e-38d979c9bdfa", "company": "Spin", "type": "scooter", "battery_pct": 25, "range_miles": 6.73, "is_available": true, "is_disabled": false, "last_reported": "1785840203"}}, {"type": "Feature", "geometry": {"type": "Point", "coordinates": [-82.976633, 40.017786]}, "properties": {"vehicle_id": "1a4dbcb1-bfb1-4d3b-addf-b003f1c430c0", "company": "Spin", "type": "scooter", "battery_pct": 62, "range_miles": 17.77, "is_available": true, "is_disabled": false, "last_reported": "1785840320"}}, {"type": "Feature", "geometry": {"type": "Point", "coordinates": [-82.97641999999999, 40.018026666666664]}, "properties": {"vehicle_id": "6e851be0-f378-4a17-940c-e98dac2f91f4", "company": "Spin", "type": "e-bike", "battery_pct": 85, "range_miles": 23.12, "is_available": true, "is_disabled": false, "last_reported": "1785840350"}}, {"type": "Feature", "geometry": {"type": "Point", "coordinates": [-82.956688, 39.948964]}, "properties": {"vehicle_id": "0d72831c-7975-41c9-8177-d0f65c9de365", "company": "Spin", "type": "scooter", "battery_pct": 39, "range_miles": 10.54, "is_available": true, "is_disabled": false, "last_reported": "1785840297"}}, {"type": "Feature", "geometry": {"type": "Point", "coordinates": [-82.944365, 39.983947]}, "properties": {"vehicle_id": "460e13fb-8e3b-4982-a0ce-58a0a0e6d4a4", "company": "Spin", "type": "scooter", "battery_pct": 41, "range_miles": 11.64, "is_available": true, "is_disabled": false, "last_reported": "1785840354"}}, {"type": "Feature", "geometry": {"type": "Point", "coordinates": [-83.00471020000002, 39.97334205]}, "properties": {"vehicle_id": "842f66de-4425-4db1-89cc-7c8ecee7fd81", "company": "Spin", "type": "scooter", "battery_pct": 82, "range_miles": 22.24, "is_available": true, "is_disabled": false, "last_reported": "1785840184"}}, {"type": "Feature", "geometry": {"type": "Point", "coordinates": [-82.983665, 39.997267]}, "properties": {"vehicle_id": "bff0a05d-75c6-442f-ac7d-a15dfb5124dc", "company": "Spin", "type": "scooter", "battery_pct": 63, "range_miles": 17.27, "is_available": true, "is_disabled": false, "last_reported": "1785840292"}}, {"type": "Feature", "geometry": {"type": "Point", "coordinates": [-83.00388390000002, 39.95098063333333]}, "properties": {"vehicle_id": "5edff9e7-8a91-4e06-8c3e-9ef1efaedddd", "company": "Spin", "type": "e-bike", "battery_pct": 28, "range_miles": 7.61, "is_available": true, "is_disabled": false, "last_reported": "1785840211"}}, {"type": "Feature", "geometry": {"type": "Point", "coordinates": [-83.00936519999999, 39.97064185]}, "properties": {"vehicle_id": "439639ba-8871-44f5-939c-a424f6dd2d6b", "company": "Spin", "type": "e-bike", "battery_pct": 73, "range_miles": 19.9, "is_available": true, "is_disabled": false, "last_reported": "1785840259"}}, {"type": "Feature", "geometry": {"type": "Point", "coordinates": [-83.0032305, 39.96104793333333]}, "properties": {"vehicle_id": "994a4114-f06a-4c2d-9e40-ea7e4b79cf13", "company": "Spin", "type": "e-bike", "battery_pct": 32, "range_miles": 8.78, "is_available": true, "is_disabled": false, "last_reported": "1785840338"}}, {"type": "Feature", "geometry": {"type": "Point", "coordinates": [-83.00247044999999, 39.96465735]}, "properties": {"vehicle_id": "a6d2878e-78ec-432d-957c-2c3a8800b087", "company": "Spin", "type": "e-bike", "battery_pct": 24, "range_miles": 6.44, "is_available": true, "is_disabled": false, "last_reported": "1785840221"}}, {"type": "Feature", "geometry": {"type": "Point", "coordinates": [-83.00309970000002, 39.95814753333333]}, "properties": {"vehicle_id": "ebaedc96-6b48-4760-9aef-b5efd9a8b431", "company": "Spin", "type": "e-bike", "battery_pct": 28, "range_miles": 7.61, "is_available": true, "is_disabled": false, "last_reported": "1785840358"}}, {"type": "Feature", "geometry": {"type": "Point", "coordinates": [-82.99562883333334, 39.99385803333333]}, "properties": {"vehicle_id": "4c93b3f4-f287-4fe5-9b45-7dae57c4cd9d", "company": "Spin", "type": "scooter", "battery_pct": 74, "range_miles": 20.19, "is_available": true, "is_disabled": false, "last_reported": "1785840135"}}, {"type": "Feature", "geometry": {"type": "Point", "coordinates": [-83.0052069, 39.98567775]}, "properties": {"vehicle_id": "2d476e2b-27d1-4527-a9d5-c11ad4fbb355", "company": "Spin", "type": "e-bike", "battery_pct": 33, "range_miles": 9.07, "is_available": true, "is_disabled": false, "last_reported": "1785840341"}}, {"type": "Feature", "geometry": {"type": "Point", "coordinates": [-82.956981, 39.958936]}, "properties": {"vehicle_id": "919b5c09-738c-4ef1-9532-f55cf65c804f", "company": "Spin", "type": "scooter", "battery_pct": 28, "range_miles": 7.96, "is_available": true, "is_disabled": false, "last_reported": "1785840268"}}, {"type": "Feature", "geometry": {"type": "Point", "coordinates": [-82.99982893333332, 39.96888883333334]}, "properties": {"vehicle_id": "8b9f2a5a-3fb7-471e-9b03-530ece18cef7", "company": "Spin", "type": "e-bike", "battery_pct": 39, "range_miles": 10.54, "is_available": true, "is_disabled": false, "last_reported": "1785840235"}}, {"type": "Feature", "geometry": {"type": "Point", "coordinates": [-82.934879, 40.009323]}, "properties": {"vehicle_id": "8ba0a44c-bbc1-4bc5-a8d1-ce8b21e5196e", "company": "Spin", "type": "scooter", "battery_pct": 53, "range_miles": 14.34, "is_available": true, "is_disabled": false, "last_reported": "1785840249"}}, {"type": "Feature", "geometry": {"type": "Point", "coordinates": [-83.00251920000001, 39.96468273333333]}, "properties": {"vehicle_id": "e1fc665b-2bf8-4a30-b5e3-ace7658c8ec1", "company": "Spin", "type": "e-bike", "battery_pct": 24, "range_miles": 6.44, "is_available": true, "is_disabled": false, "last_reported": "1785840339"}}, {"type": "Feature", "geometry": {"type": "Point", "coordinates": [-83.0026012, 39.97243315]}, "properties": {"vehicle_id": "b762063e-ef01-40ee-86ac-6dc30808e53e", "company": "Spin", "type": "e-bike", "battery_pct": 39, "range_miles": 10.54, "is_available": true, "is_disabled": false, "last_reported": "1785840305"}}, {"type": "Feature", "geometry": {"type": "Point", "coordinates": [-82.99999, 39.963532]}, "properties": {"vehicle_id": "21854adb-2591-43f2-aa81-5da9927cd42a", "company": "Spin", "type": "scooter", "battery_pct": 61, "range_miles": 17.46, "is_available": true, "is_disabled": false, "last_reported": "1785840271"}}, {"type": "Feature", "geometry": {"type": "Point", "coordinates": [-83.00982479999999, 39.969861333333334]}, "properties": {"vehicle_id": "dfd7db18-6467-4aee-8967-564995a82ffa", "company": "Spin", "type": "e-bike", "battery_pct": 40, "range_miles": 10.83, "is_available": true, "is_disabled": false, "last_reported": "1785840341"}}, {"type": "Feature", "geometry": {"type": "Point", "coordinates": [-83.0133804, 39.98933035]}, "properties": {"vehicle_id": "f42d3496-e088-4207-aa62-49550d69ad4c", "company": "Spin", "type": "e-bike", "battery_pct": 41, "range_miles": 11.12, "is_available": true, "is_disabled": false, "last_reported": "1785840322"}}, {"type": "Feature", "geometry": {"type": "Point", "coordinates": [-83.009242, 39.97558335]}, "properties": {"vehicle_id": "b85b6321-80c4-4c30-83f4-7cf7d8fc5fc5", "company": "Spin", "type": "scooter", "battery_pct": 55, "range_miles": 14.93, "is_available": true, "is_disabled": false, "last_reported": "1785840147"}}, {"type": "Feature", "geometry": {"type": "Point", "coordinates": [-83.00949798333335, 40.00680021666667]}, "properties": {"vehicle_id": "b3096ba3-b265-47ee-89e4-b97e755d81f1", "company": "Spin", "type": "e-bike", "battery_pct": 22, "range_miles": 5.85, "is_available": true, "is_disabled": false, "last_reported": "1785840204"}}, {"type": "Feature", "geometry": {"type": "Point", "coordinates": [-83.00948391666667, 40.006822983333336]}, "properties": {"vehicle_id": "4521db9a-27b6-4bf0-862b-24cdb4c0829a", "company": "Spin", "type": "e-bike", "battery_pct": 42, "range_miles": 11.41, "is_available": true, "is_disabled": false, "last_reported": "1785840301"}}, {"type": "Feature", "geometry": {"type": "Point", "coordinates": [-83.00975641666668, 40.00789338333333]}, "properties": {"vehicle_id": "7cd01ee8-f668-40a0-af31-2aa43bc902a1", "company": "Spin", "type": "e-bike", "battery_pct": 87, "range_miles": 23.71, "is_available": true, "is_disabled": false, "last_reported": "1785840350"}}, {"type": "Feature", "geometry": {"type": "Point", "coordinates": [-83.0144314, 39.99002563333333]}, "properties": {"vehicle_id": "c5d9d663-b3da-40e2-b008-de8cdcb9e51a", "company": "Spin", "type": "e-bike", "battery_pct": 84, "range_miles": 22.83, "is_available": true, "is_disabled": false, "last_reported": "1785840251"}}, {"type": "Feature", "geometry": {"type": "Point", "coordinates": [-82.98274166666667, 40.014896666666665]}, "properties": {"vehicle_id": "f407681f-b894-4eda-9bac-0a79ba6a6ff2", "company": "Spin", "type": "e-bike", "battery_pct": 38, "range_miles": 10.24, "is_available": true, "is_disabled": false, "last_reported": "1785840186"}}, {"type": "Feature", "geometry": {"type": "Point", "coordinates": [-82.986071, 40.000048]}, "properties": {"vehicle_id": "0810b87a-b69e-4650-b824-5d8f59add1f8", "company": "Spin", "type": "scooter", "battery_pct": 43, "range_miles": 11.71, "is_available": true, "is_disabled": false, "last_reported": "1785840337"}}, {"type": "Feature", "geometry": {"type": "Point", "coordinates": [-83.00971929999999, 39.97260485]}, "properties": {"vehicle_id": "f9a85e5a-624f-4e9f-ba03-c9be5fb54902", "company": "Spin", "type": "e-bike", "battery_pct": 37, "range_miles": 9.95, "is_available": true, "is_disabled": false, "last_reported": "1785840203"}}, {"type": "Feature", "geometry": {"type": "Point", "coordinates": [-83.01313, 39.968272]}, "properties": {"vehicle_id": "bb4efc5f-4ccf-42b9-9fa5-4607a3498d08", "company": "Spin", "type": "scooter", "battery_pct": 89, "range_miles": 25.43, "is_available": true, "is_disabled": false, "last_reported": "1785840280"}}, {"type": "Feature", "geometry": {"type": "Point", "coordinates": [-83.00236699999999, 39.96273833333333]}, "properties": {"vehicle_id": "85aceebd-a39e-45dd-8850-2f31447c65cf", "company": "Spin", "type": "e-bike", "battery_pct": 44, "range_miles": 12.0, "is_available": true, "is_disabled": false, "last_reported": "1785840222"}}, {"type": "Feature", "geometry": {"type": "Point", "coordinates": [-83.0024669, 39.96271433333333]}, "properties": {"vehicle_id": "8fd5c9b6-8f0c-4af7-b4fe-cb6c64fafd59", "company": "Spin", "type": "e-bike", "battery_pct": 67, "range_miles": 18.15, "is_available": true, "is_disabled": false, "last_reported": "1785840222"}}, {"type": "Feature", "geometry": {"type": "Point", "coordinates": [-83.00238159999999, 39.96271363333334]}, "properties": {"vehicle_id": "15a62fdf-21d4-4479-8073-6627339b94ed", "company": "Spin", "type": "e-bike", "battery_pct": 40, "range_miles": 10.83, "is_available": true, "is_disabled": false, "last_reported": "1785840224"}}, {"type": "Feature", "geometry": {"type": "Point", "coordinates": [-83.0023861, 39.96273703333333]}, "properties": {"vehicle_id": "7cb29f9a-3d29-4b89-a25b-694abbf08604", "company": "Spin", "type": "e-bike", "battery_pct": 52, "range_miles": 14.05, "is_available": true, "is_disabled": false, "last_reported": "1785840354"}}, {"type": "Feature", "geometry": {"type": "Point", "coordinates": [-82.981186, 40.014354]}, "properties": {"vehicle_id": "3f18b1e5-b617-4f14-9f87-a707c8b4224e", "company": "Spin", "type": "scooter", "battery_pct": 19, "range_miles": 5.27, "is_available": true, "is_disabled": false, "last_reported": "1785840261"}}, {"type": "Feature", "geometry": {"type": "Point", "coordinates": [-83.013465, 39.967625]}, "properties": {"vehicle_id": "ff618cad-f924-4545-befa-c8ed2103793e", "company": "Spin", "type": "e-bike", "battery_pct": 92, "range_miles": 25.17, "is_available": true, "is_disabled": false, "last_reported": "1785840337"}}, {"type": "Feature", "geometry": {"type": "Point", "coordinates": [-83.01346666666669, 39.9676]}, "properties": {"vehicle_id": "fc3942bd-9f48-4918-9b7b-3adb4720493e", "company": "Spin", "type": "e-bike", "battery_pct": 95, "range_miles": 25.75, "is_available": true, "is_disabled": false, "last_reported": "1785840122"}}, {"type": "Feature", "geometry": {"type": "Point", "coordinates": [-83.01344666666667, 39.96762666666667]}, "properties": {"vehicle_id": "6b844d7a-6953-47c7-a4d8-b658c3640c07", "company": "Spin", "type": "e-bike", "battery_pct": 95, "range_miles": 25.75, "is_available": true, "is_disabled": false, "last_reported": "1785840239"}}, {"type": "Feature", "geometry": {"type": "Point", "coordinates": [-82.99864333333335, 39.96364666666667]}, "properties": {"vehicle_id": "83a126db-c0dc-424d-8a63-d4d95057cd66", "company": "Spin", "type": "e-bike", "battery_pct": 65, "range_miles": 17.56, "is_available": true, "is_disabled": false, "last_reported": "1785840340"}}, {"type": "Feature", "geometry": {"type": "Point", "coordinates": [-83.0129363, 39.958616533333334]}, "properties": {"vehicle_id": "fe2f9427-473b-4d5a-a1c4-45a338472ffb", "company": "Spin", "type": "e-bike", "battery_pct": 88, "range_miles": 24.0, "is_available": true, "is_disabled": false, "last_reported": "1785840246"}}, {"type": "Feature", "geometry": {"type": "Point", "coordinates": [-83.01147948333333, 39.95756368333333]}, "properties": {"vehicle_id": "505c6bd8-f675-41b0-b7b1-e39c6917b82f", "company": "Spin", "type": "e-bike", "battery_pct": 88, "range_miles": 24.0, "is_available": true, "is_disabled": false, "last_reported": "1785840324"}}, {"type": "Feature", "geometry": {"type": "Point", "coordinates": [-83.010778, 40.006744]}, "properties": {"vehicle_id": "04e239a4-b440-41b8-a8bc-586c6677e1ef", "company": "Spin", "type": "scooter", "battery_pct": 24, "range_miles": 6.74, "is_available": true, "is_disabled": false, "last_reported": "1785840315"}}, {"type": "Feature", "geometry": {"type": "Point", "coordinates": [-83.012406, 39.95585]}, "properties": {"vehicle_id": "2181bb26-6556-496e-98c2-d85c2e507680", "company": "Spin", "type": "scooter", "battery_pct": 69, "range_miles": 19.61, "is_available": true, "is_disabled": false, "last_reported": "1785840148"}}, {"type": "Feature", "geometry": {"type": "Point", "coordinates": [-83.0145177, 39.95844313333334]}, "properties": {"vehicle_id": "19a54ec4-62f1-4112-aef1-d9fe6076ca73", "company": "Spin", "type": "e-bike", "battery_pct": 31, "range_miles": 8.49, "is_available": true, "is_disabled": false, "last_reported": "1785840351"}}, {"type": "Feature", "geometry": {"type": "Point", "coordinates": [-82.99894463333334, 39.954156033333334]}, "properties": {"vehicle_id": "d609eb1e-7345-4d7b-90ef-aaa07f5c68a8", "company": "Spin", "type": "e-bike", "battery_pct": 88, "range_miles": 24.0, "is_available": true, "is_disabled": false, "last_reported": "1785840353"}}, {"type": "Feature", "geometry": {"type": "Point", "coordinates": [-82.99957353333333, 40.0072909]}, "properties": {"vehicle_id": "7f05e72f-1ac9-4c15-a1d5-34c156f22a45", "company": "Spin", "type": "scooter", "battery_pct": 67, "range_miles": 18.15, "is_available": true, "is_disabled": false, "last_reported": "1785840158"}}, {"type": "Feature", "geometry": {"type": "Point", "coordinates": [-82.99570243333334, 39.95397753333334]}, "properties": {"vehicle_id": "c3feaae7-d32d-4d81-8d03-0ea705155157", "company": "Spin", "type": "e-bike", "battery_pct": 87, "range_miles": 23.71, "is_available": true, "is_disabled": false, "last_reported": "1785840183"}}, {"type": "Feature", "geometry": {"type": "Point", "coordinates": [-82.99590433333333, 39.95226733333333]}, "properties": {"vehicle_id": "e8481bd9-f23f-429a-83d0-c2826316f7b5", "company": "Spin", "type": "e-bike", "battery_pct": 65, "range_miles": 17.56, "is_available": true, "is_disabled": false, "last_reported": "1785840355"}}, {"type": "Feature", "geometry": {"type": "Point", "coordinates": [-82.972275, 39.956534]}, "properties": {"vehicle_id": "6b1d2114-19be-4a0c-97d6-8ee16257bc91", "company": "Spin", "type": "scooter", "battery_pct": 46, "range_miles": 12.58, "is_available": true, "is_disabled": false, "last_reported": "1785840231"}}, {"type": "Feature", "geometry": {"type": "Point", "coordinates": [-83.0073718, 39.95788093333333]}, "properties": {"vehicle_id": "22ffbfdf-e1f3-4b08-a812-9c10fdb85bb9", "company": "Spin", "type": "scooter", "battery_pct": 75, "range_miles": 20.49, "is_available": true, "is_disabled": false, "last_reported": "1785840357"}}, {"type": "Feature", "geometry": {"type": "Point", "coordinates": [-83.00199140000001, 39.97637405]}, "properties": {"vehicle_id": "02737748-2297-4c53-9574-46abfb5a3cba", "company": "Spin", "type": "e-bike", "battery_pct": 30, "range_miles": 8.19, "is_available": true, "is_disabled": false, "last_reported": "1785840314"}}, {"type": "Feature", "geometry": {"type": "Point", "coordinates": [-83.00271489999999, 40.0075551]}, "properties": {"vehicle_id": "95fd44af-3741-47fd-859e-089869c9ab42", "company": "Spin", "type": "scooter", "battery_pct": 75, "range_miles": 20.49, "is_available": true, "is_disabled": false, "last_reported": "1785840314"}}, {"type": "Feature", "geometry": {"type": "Point", "coordinates": [-83.00565759999999, 40.00238220000001]}, "properties": {"vehicle_id": "5e4312b1-1169-42b2-b1f7-bed0785595b2", "company": "Spin", "type": "e-bike", "battery_pct": 34, "range_miles": 9.37, "is_available": true, "is_disabled": false, "last_reported": "1785840350"}}, {"type": "Feature", "geometry": {"type": "Point", "coordinates": [-83.003667, 39.983788]}, "properties": {"vehicle_id": "c34d51f9-225a-4bc1-8567-7972e189c02d", "company": "Spin", "type": "scooter", "battery_pct": 92, "range_miles": 25.17, "is_available": true, "is_disabled": false, "last_reported": "1785840240"}}, {"type": "Feature", "geometry": {"type": "Point", "coordinates": [-82.99316533333334, 39.97013825]}, "properties": {"vehicle_id": "2e161026-5161-49fc-9d4e-21c17786098c", "company": "Spin", "type": "e-bike", "battery_pct": 91, "range_miles": 24.88, "is_available": true, "is_disabled": false, "last_reported": "1785840214"}}, {"type": "Feature", "geometry": {"type": "Point", "coordinates": [-83.008634, 39.968117]}, "properties": {"vehicle_id": "c4bc40c7-c2ee-46bb-a652-e9163e81e2d0", "company": "Spin", "type": "scooter", "battery_pct": 89, "range_miles": 25.43, "is_available": true, "is_disabled": false, "last_reported": "1785840270"}}, {"type": "Feature", "geometry": {"type": "Point", "coordinates": [-82.98720791666668, 39.96469183333333]}, "properties": {"vehicle_id": "e83693be-c379-4b5a-9f29-6bb000f910b2", "company": "Spin", "type": "e-bike", "battery_pct": 90, "range_miles": 24.58, "is_available": true, "is_disabled": false, "last_reported": "1785840325"}}, {"type": "Feature", "geometry": {"type": "Point", "coordinates": [-83.00113230000001, 39.954866233333334]}, "properties": {"vehicle_id": "2d1d2148-e7e7-4a49-9806-f0a2d88d98f0", "company": "Spin", "type": "e-bike", "battery_pct": 28, "range_miles": 7.61, "is_available": true, "is_disabled": false, "last_reported": "1785840247"}}, {"type": "Feature", "geometry": {"type": "Point", "coordinates": [-82.99083313333334, 39.96469763333334]}, "properties": {"vehicle_id": "b31dc437-fb6f-4765-9353-89eae468259c", "company": "Spin", "type": "e-bike", "battery_pct": 87, "range_miles": 23.71, "is_available": true, "is_disabled": false, "last_reported": "1785840234"}}, {"type": "Feature", "geometry": {"type": "Point", "coordinates": [-82.99715963333334, 39.96799433333333]}, "properties": {"vehicle_id": "c654c372-2615-4a4f-b543-ad426431fba4", "company": "Spin", "type": "e-bike", "battery_pct": 88, "range_miles": 24.0, "is_available": true, "is_disabled": false, "last_reported": "1785840335"}}, {"type": "Feature", "geometry": {"type": "Point", "coordinates": [-82.99315073333334, 39.965989633333336]}, "properties": {"vehicle_id": "fa15cba9-e027-4457-b8e5-b24b5b47b051", "company": "Spin", "type": "e-bike", "battery_pct": 94, "range_miles": 25.46, "is_available": true, "is_disabled": false, "last_reported": "1785840357"}}, {"type": "Feature", "geometry": {"type": "Point", "coordinates": [-83.00162299999998, 40.0228569]}, "properties": {"vehicle_id": "750a34a8-1a7e-4ddd-8dc7-b4a925865084", "company": "Spin", "type": "e-bike", "battery_pct": 80, "range_miles": 21.66, "is_available": true, "is_disabled": false, "last_reported": "1785840233"}}, {"type": "Feature", "geometry": {"type": "Point", "coordinates": [-83.00164269999999, 40.0228373]}, "properties": {"vehicle_id": "2370519c-e0e2-4e46-806d-39aac271a18d", "company": "Spin", "type": "e-bike", "battery_pct": 31, "range_miles": 8.49, "is_available": true, "is_disabled": false, "last_reported": "1785840355"}}, {"type": "Feature", "geometry": {"type": "Point", "coordinates": [-83.00294149999999, 39.965851433333334]}, "properties": {"vehicle_id": "4704e39d-17bf-4aeb-8b28-950d180549e8", "company": "Spin", "type": "e-bike", "battery_pct": 88, "range_miles": 24.0, "is_available": true, "is_disabled": false, "last_reported": "1785840296"}}, {"type": "Feature", "geometry": {"type": "Point", "coordinates": [-82.99975873333332, 39.96888233333333]}, "properties": {"vehicle_id": "5208d7e4-b16b-4ec3-ac5b-743014146311", "company": "Spin", "type": "e-bike", "battery_pct": 91, "range_miles": 24.88, "is_available": true, "is_disabled": false, "last_reported": "1785840286"}}, {"type": "Feature", "geometry": {"type": "Point", "coordinates": [-82.99844843333334, 39.963605433333335]}, "properties": {"vehicle_id": "b9e33901-f4fa-4d3b-b49b-75bf0e30968c", "company": "Spin", "type": "scooter", "battery_pct": 98, "range_miles": 26.63, "is_available": true, "is_disabled": false, "last_reported": "1785840358"}}, {"type": "Feature", "geometry": {"type": "Point", "coordinates": [-82.98865804999998, 39.94892563333334]}, "properties": {"vehicle_id": "b9c63a29-d82d-41c8-b10d-31734f49668a", "company": "Spin", "type": "e-bike", "battery_pct": 89, "range_miles": 24.29, "is_available": true, "is_disabled": false, "last_reported": "1785840256"}}, {"type": "Feature", "geometry": {"type": "Point", "coordinates": [-83.00260949999999, 39.97168875]}, "properties": {"vehicle_id": "e904467b-ac58-4283-a266-6f401826a199", "company": "Spin", "type": "e-bike", "battery_pct": 43, "range_miles": 11.71, "is_available": true, "is_disabled": false, "last_reported": "1785840166"}}, {"type": "Feature", "geometry": {"type": "Point", "coordinates": [-82.980485, 39.975244]}, "properties": {"vehicle_id": "5fb55af9-dc46-4e1b-b81e-500c172f5fca", "company": "Spin", "type": "scooter", "battery_pct": 94, "range_miles": 26.65, "is_available": true, "is_disabled": false, "last_reported": "1785840347"}}, {"type": "Feature", "geometry": {"type": "Point", "coordinates": [-83.00438666666666, 39.955625000000005]}, "properties": {"vehicle_id": "c104e86a-190d-4973-a8eb-338393c392ba", "company": "Spin", "type": "e-bike", "battery_pct": 28, "range_miles": 7.61, "is_available": true, "is_disabled": false, "last_reported": "1785840339"}}, {"type": "Feature", "geometry": {"type": "Point", "coordinates": [-82.98005083333334, 39.96762473333333]}, "properties": {"vehicle_id": "1aec6cea-1098-4146-a6e9-828e8850eea1", "company": "Spin", "type": "scooter", "battery_pct": 98, "range_miles": 26.63, "is_available": true, "is_disabled": false, "last_reported": "1785840315"}}, {"type": "Feature", "geometry": {"type": "Point", "coordinates": [-83.002462, 39.971583]}, "properties": {"vehicle_id": "7ebb8520-5a8c-4eb9-84c0-87a81338ae29", "company": "Spin", "type": "scooter", "battery_pct": 43, "range_miles": 11.71, "is_available": true, "is_disabled": false, "last_reported": "1785840134"}}, {"type": "Feature", "geometry": {"type": "Point", "coordinates": [-83.002477, 39.971608]}, "properties": {"vehicle_id": "4964be17-7a8f-4fe1-b244-4723529cb4ac", "company": "Spin", "type": "scooter", "battery_pct": 70, "range_miles": 19.02, "is_available": true, "is_disabled": false, "last_reported": "1785840192"}}, {"type": "Feature", "geometry": {"type": "Point", "coordinates": [-83.002499, 39.971647]}, "properties": {"vehicle_id": "e104b724-b81a-43e2-b8d7-c68eeaead3d1", "company": "Spin", "type": "scooter", "battery_pct": 62, "range_miles": 16.97, "is_available": true, "is_disabled": false, "last_reported": "1785840263"}}, {"type": "Feature", "geometry": {"type": "Point", "coordinates": [-83.0026164, 39.971680750000004]}, "properties": {"vehicle_id": "715f66ff-e2d2-430e-8459-89c4779e859f", "company": "Spin", "type": "e-bike", "battery_pct": 63, "range_miles": 17.27, "is_available": true, "is_disabled": false, "last_reported": "1785840266"}}, {"type": "Feature", "geometry": {"type": "Point", "coordinates": [-83.0025969, 39.97164428333333]}, "properties": {"vehicle_id": "54876261-2f5c-41a1-8786-1babc6636edb", "company": "Spin", "type": "e-bike", "battery_pct": 33, "range_miles": 9.07, "is_available": true, "is_disabled": false, "last_reported": "1785840323"}}, {"type": "Feature", "geometry": {"type": "Point", "coordinates": [-83.00299840000001, 39.98788395]}, "properties": {"vehicle_id": "66ccc30d-a4d8-46ca-8ec3-ef39bd8f4017", "company": "Spin", "type": "e-bike", "battery_pct": 42, "range_miles": 11.41, "is_available": true, "is_disabled": false, "last_reported": "1785840245"}}, {"type": "Feature", "geometry": {"type": "Point", "coordinates": [-83.008664, 39.968192]}, "properties": {"vehicle_id": "b86afcc0-4d37-498c-a496-03ed33bb515f", "company": "Spin", "type": "scooter", "battery_pct": 95, "range_miles": 25.75, "is_available": true, "is_disabled": false, "last_reported": "1785840326"}}, {"type": "Feature", "geometry": {"type": "Point", "coordinates": [-82.98133263333332, 39.963251033333336]}, "properties": {"vehicle_id": "6c706385-81bc-48d5-8f1a-0bf64a9a7bb3", "company": "Spin", "type": "scooter", "battery_pct": 28, "range_miles": 7.61, "is_available": true, "is_disabled": false, "last_reported": "1785840300"}}, {"type": "Feature", "geometry": {"type": "Point", "coordinates": [-83.00278099999998, 39.97369055]}, "properties": {"vehicle_id": "ae3bcd1f-17a5-41df-9950-27c3c925313f", "company": "Spin", "type": "e-bike", "battery_pct": 28, "range_miles": 7.61, "is_available": true, "is_disabled": false, "last_reported": "1785840351"}}, {"type": "Feature", "geometry": {"type": "Point", "coordinates": [-83.00682540000001, 39.970482149999995]}, "properties": {"vehicle_id": "33a4dfba-6882-4f8d-879b-71ebc7fae3e7", "company": "Spin", "type": "e-bike", "battery_pct": 22, "range_miles": 5.85, "is_available": true, "is_disabled": false, "last_reported": "1785840217"}}, {"type": "Feature", "geometry": {"type": "Point", "coordinates": [-83.001616, 39.99432]}, "properties": {"vehicle_id": "821dfc56-a34b-4c60-8485-48a28ba8d953", "company": "Spin", "type": "scooter", "battery_pct": 24, "range_miles": 6.74, "is_available": true, "is_disabled": false, "last_reported": "1785840287"}}, {"type": "Feature", "geometry": {"type": "Point", "coordinates": [-83.00319480000002, 39.956564533333335]}, "properties": {"vehicle_id": "3e73e5d8-f65f-4060-8a3a-635e3ce8bd42", "company": "Spin", "type": "e-bike", "battery_pct": 88, "range_miles": 24.0, "is_available": true, "is_disabled": false, "last_reported": "1785840302"}}, {"type": "Feature", "geometry": {"type": "Point", "coordinates": [-82.982622, 39.952125]}, "properties": {"vehicle_id": "48d9b3c7-4f2b-4b09-b312-0cf8a248356e", "company": "Spin", "type": "scooter", "battery_pct": 95, "range_miles": 26.96, "is_available": true, "is_disabled": false, "last_reported": "1785840167"}}, {"type": "Feature", "geometry": {"type": "Point", "coordinates": [-83.0114563, 39.95758753333334]}, "properties": {"vehicle_id": "7716cb5b-dc65-4b77-9742-85a113eb029c", "company": "Spin", "type": "e-bike", "battery_pct": 41, "range_miles": 11.12, "is_available": true, "is_disabled": false, "last_reported": "1785840289"}}, {"type": "Feature", "geometry": {"type": "Point", "coordinates": [-83.0130251, 39.93955723333333]}, "properties": {"vehicle_id": "6aa213c7-b732-446f-aad8-e1e2f0dfd970", "company": "Spin", "type": "e-bike", "battery_pct": 87, "range_miles": 23.71, "is_available": true, "is_disabled": false, "last_reported": "1785840255"}}, {"type": "Feature", "geometry": {"type": "Point", "coordinates": [-83.037623, 39.936098]}, "properties": {"vehicle_id": "1c6914a1-1cd8-466b-9915-12f4c99df80e", "company": "Spin", "type": "scooter", "battery_pct": 94, "range_miles": 26.65, "is_available": true, "is_disabled": false, "last_reported": "1785840333"}}, {"type": "Feature", "geometry": {"type": "Point", "coordinates": [-82.99762513333332, 39.95904743333333]}, "properties": {"vehicle_id": "dcaadc03-3cd5-4a5b-8edf-1623885e4226", "company": "Spin", "type": "e-bike", "battery_pct": 59, "range_miles": 16.1, "is_available": true, "is_disabled": false, "last_reported": "1785840339"}}, {"type": "Feature", "geometry": {"type": "Point", "coordinates": [-83.00185166666667, 39.96920166666666]}, "properties": {"vehicle_id": "e3b2018c-607f-4d0d-a601-8e3c01752435", "company": "Spin", "type": "e-bike", "battery_pct": 62, "range_miles": 16.97, "is_available": true, "is_disabled": false, "last_reported": "1785840301"}}, {"type": "Feature", "geometry": {"type": "Point", "coordinates": [-83.00182666666666, 39.96918]}, "properties": {"vehicle_id": "3b884f8d-158b-41e1-9d9d-cfd07fed09ac", "company": "Spin", "type": "e-bike", "battery_pct": 40, "range_miles": 10.83, "is_available": true, "is_disabled": false, "last_reported": "1785840296"}}, {"type": "Feature", "geometry": {"type": "Point", "coordinates": [-82.999161, 39.992699]}, "properties": {"vehicle_id": "972bddfb-d4ff-4f29-98e8-e9e95361d97b", "company": "Spin", "type": "scooter", "battery_pct": 42, "range_miles": 11.95, "is_available": true, "is_disabled": false, "last_reported": "1785840270"}}, {"type": "Feature", "geometry": {"type": "Point", "coordinates": [-83.00283166666668, 39.97289833333333]}, "properties": {"vehicle_id": "888d5238-edbb-4367-bdb9-01d67665a570", "company": "Spin", "type": "e-bike", "battery_pct": 38, "range_miles": 10.24, "is_available": true, "is_disabled": false, "last_reported": "1785840271"}}, {"type": "Feature", "geometry": {"type": "Point", "coordinates": [-83.050903, 39.947864]}, "properties": {"vehicle_id": "4990d6ee-6943-4ef2-b1b7-9b4c3be03871", "company": "Spin", "type": "scooter", "battery_pct": 94, "range_miles": 26.65, "is_available": true, "is_disabled": false, "last_reported": "1785840301"}}, {"type": "Feature", "geometry": {"type": "Point", "coordinates": [-83.005253, 39.985551]}, "properties": {"vehicle_id": "f6c04b1b-ece3-4fa4-8ffc-9a48ce528bfc", "company": "Spin", "type": "scooter", "battery_pct": 47, "range_miles": 12.88, "is_available": true, "is_disabled": false, "last_reported": "1785840271"}}, {"type": "Feature", "geometry": {"type": "Point", "coordinates": [-83.0025909, 39.97171995]}, "properties": {"vehicle_id": "9f5b93bd-b111-4b0b-a9aa-f745d1d804de", "company": "Spin", "type": "scooter", "battery_pct": 54, "range_miles": 14.63, "is_available": true, "is_disabled": false, "last_reported": "1785840196"}}, {"type": "Feature", "geometry": {"type": "Point", "coordinates": [-83.07577629999999, 39.943460433333335]}, "properties": {"vehicle_id": "96b97979-5ed6-4574-820a-e9a9310d0282", "company": "Spin", "type": "scooter", "battery_pct": 98, "range_miles": 26.63, "is_available": true, "is_disabled": false, "last_reported": "1785840334"}}, {"type": "Feature", "geometry": {"type": "Point", "coordinates": [-83.07355008333334, 39.95035348333333]}, "properties": {"vehicle_id": "fba70f88-fec9-4640-a661-5639daecd436", "company": "Spin", "type": "e-bike", "battery_pct": 88, "range_miles": 24.0, "is_available": true, "is_disabled": false, "last_reported": "1785840143"}}, {"type": "Feature", "geometry": {"type": "Point", "coordinates": [-83.003261, 39.955838]}, "properties": {"vehicle_id": "b5fbc2ad-a855-409f-9a09-792cef83786b", "company": "Spin", "type": "scooter", "battery_pct": 49, "range_miles": 14.09, "is_available": true, "is_disabled": false, "last_reported": "1785840219"}}, {"type": "Feature", "geometry": {"type": "Point", "coordinates": [-82.99698693333333, 39.96425433333333]}, "properties": {"vehicle_id": "81b56ecc-90b2-4b69-9470-dd1296bae355", "company": "Spin", "type": "e-bike", "battery_pct": 78, "range_miles": 21.36, "is_available": true, "is_disabled": false, "last_reported": "1785840146"}}, {"type": "Feature", "geometry": {"type": "Point", "coordinates": [-82.99546453333332, 39.95268663333333]}, "properties": {"vehicle_id": "dc8c80c4-3df0-47ca-a218-d397ed4417b2", "company": "Spin", "type": "e-bike", "battery_pct": 87, "range_miles": 23.71, "is_available": true, "is_disabled": false, "last_reported": "1785840357"}}, {"type": "Feature", "geometry": {"type": "Point", "coordinates": [-83.0093278, 39.970991850000004]}, "properties": {"vehicle_id": "2154fe05-fc47-4f76-950e-c30c469d00ec", "company": "Spin", "type": "e-bike", "battery_pct": 44, "range_miles": 12.0, "is_available": true, "is_disabled": false, "last_reported": "1785840315"}}, {"type": "Feature", "geometry": {"type": "Point", "coordinates": [-83.03918530000001, 39.98534005]}, "properties": {"vehicle_id": "71a4a3fc-d9fb-4a62-bb09-fd21c3b964bb", "company": "Spin", "type": "e-bike", "battery_pct": 57, "range_miles": 15.51, "is_available": true, "is_disabled": false, "last_reported": "1785840294"}}, {"type": "Feature", "geometry": {"type": "Point", "coordinates": [-83.00540619999998, 39.98186583333334]}, "properties": {"vehicle_id": "b1293930-d38f-4a18-b572-57e97b4c9da7", "company": "Spin", "type": "e-bike", "battery_pct": 87, "range_miles": 23.71, "is_available": true, "is_disabled": false, "last_reported": "1785840354"}}, {"type": "Feature", "geometry": {"type": "Point", "coordinates": [-83.00536070000001, 39.98188123333333]}, "properties": {"vehicle_id": "898fa529-f378-4f8c-adeb-98eb89b7674f", "company": "Spin", "type": "e-bike", "battery_pct": 44, "range_miles": 12.0, "is_available": true, "is_disabled": false, "last_reported": "1785840287"}}, {"type": "Feature", "geometry": {"type": "Point", "coordinates": [-83.00528360000001, 39.98192003333334]}, "properties": {"vehicle_id": "b5024671-929d-4029-a50d-2ca1367c1d7f", "company": "Spin", "type": "e-bike", "battery_pct": 76, "range_miles": 20.78, "is_available": true, "is_disabled": false, "last_reported": "1785840241"}}, {"type": "Feature", "geometry": {"type": "Point", "coordinates": [-83.0036857, 39.96463933333334]}, "properties": {"vehicle_id": "00b3f70a-cb0a-4e13-a257-2b5a7cc08a13", "company": "Spin", "type": "e-bike", "battery_pct": 73, "range_miles": 19.9, "is_available": true, "is_disabled": false, "last_reported": "1785840255"}}, {"type": "Feature", "geometry": {"type": "Point", "coordinates": [-83.0075315, 39.969447433333336]}, "properties": {"vehicle_id": "1443f53e-a6e7-4cc7-92d9-91b49bdfa683", "company": "Spin", "type": "e-bike", "battery_pct": 87, "range_miles": 23.71, "is_available": true, "is_disabled": false, "last_reported": "1785840333"}}, {"type": "Feature", "geometry": {"type": "Point", "coordinates": [-83.01347143333332, 39.96760221666667]}, "properties": {"vehicle_id": "0495a8b3-f642-429f-95d6-1a44f55857e5", "company": "Spin", "type": "e-bike", "battery_pct": 86, "range_miles": 23.41, "is_available": true, "is_disabled": false, "last_reported": "1785840356"}}, {"type": "Feature", "geometry": {"type": "Point", "coordinates": [-83.01350310000001, 39.96760691666667]}, "properties": {"vehicle_id": "c3c45f5e-a079-4c1f-bdc3-0fd477ba033e", "company": "Spin", "type": "e-bike", "battery_pct": 52, "range_miles": 14.05, "is_available": true, "is_disabled": false, "last_reported": "1785840189"}}, {"type": "Feature", "geometry": {"type": "Point", "coordinates": [-83.01348869999998, 39.96760263333333]}, "properties": {"vehicle_id": "93536843-c5a4-4e6d-a131-da3918835be1", "company": "Spin", "type": "e-bike", "battery_pct": 44, "range_miles": 12.0, "is_available": true, "is_disabled": false, "last_reported": "1785840321"}}, {"type": "Feature", "geometry": {"type": "Point", "coordinates": [-83.01347230000002, 39.967605133333336]}, "properties": {"vehicle_id": "6e5a1283-f7e1-4754-81b5-5491fb81591c", "company": "Spin", "type": "e-bike", "battery_pct": 22, "range_miles": 5.85, "is_available": true, "is_disabled": false, "last_reported": "1785840351"}}, {"type": "Feature", "geometry": {"type": "Point", "coordinates": [-83.0135146, 39.96759813333333]}, "properties": {"vehicle_id": "93a1668f-6fc5-4678-9a62-b3ec015f1132", "company": "Spin", "type": "e-bike", "battery_pct": 77, "range_miles": 21.07, "is_available": true, "is_disabled": false, "last_reported": "1785840250"}}, {"type": "Feature", "geometry": {"type": "Point", "coordinates": [-83.01350079999999, 39.96758293333333]}, "properties": {"vehicle_id": "b71e4a63-7c29-4ed1-9106-9c25f190133b", "company": "Spin", "type": "e-bike", "battery_pct": 88, "range_miles": 24.0, "is_available": true, "is_disabled": false, "last_reported": "1785840229"}}, {"type": "Feature", "geometry": {"type": "Point", "coordinates": [-83.01348105000001, 39.967580833333336]}, "properties": {"vehicle_id": "db95f4ef-6c7f-41ab-bb10-1d25ec11817e", "company": "Spin", "type": "e-bike", "battery_pct": 66, "range_miles": 17.85, "is_available": true, "is_disabled": false, "last_reported": "1785840238"}}, {"type": "Feature", "geometry": {"type": "Point", "coordinates": [-83.0135063, 39.96761228333333]}, "properties": {"vehicle_id": "31cd007f-4777-4ea2-a83f-31e769a3b109", "company": "Spin", "type": "e-bike", "battery_pct": 43, "range_miles": 11.71, "is_available": true, "is_disabled": false, "last_reported": "1785840352"}}, {"type": "Feature", "geometry": {"type": "Point", "coordinates": [-83.01346135, 39.96761491666667]}, "properties": {"vehicle_id": "210d1d2e-c882-4899-a895-2d48a8c876b6", "company": "Spin", "type": "e-bike", "battery_pct": 22, "range_miles": 5.85, "is_available": true, "is_disabled": false, "last_reported": "1785840337"}}, {"type": "Feature", "geometry": {"type": "Point", "coordinates": [-83.0134624, 39.96762383333333]}, "properties": {"vehicle_id": "8ea79353-2804-40bd-8ae4-70cf9c810a60", "company": "Spin", "type": "e-bike", "battery_pct": 74, "range_miles": 20.19, "is_available": true, "is_disabled": false, "last_reported": "1785840278"}}, {"type": "Feature", "geometry": {"type": "Point", "coordinates": [-83.01345833333335, 39.96759]}, "properties": {"vehicle_id": "fc54b503-33a5-4aea-9cf0-187b815dc6e6", "company": "Spin", "type": "e-bike", "battery_pct": 89, "range_miles": 24.29, "is_available": true, "is_disabled": false, "last_reported": "1785840316"}}, {"type": "Feature", "geometry": {"type": "Point", "coordinates": [-83.0054592, 39.986255033333336]}, "properties": {"vehicle_id": "7ccf06ac-47d0-417c-a1b3-23b6054ac583", "company": "Spin", "type": "scooter", "battery_pct": 98, "range_miles": 26.63, "is_available": true, "is_disabled": false, "last_reported": "1785840239"}}, {"type": "Feature", "geometry": {"type": "Point", "coordinates": [-82.99492133333334, 39.96695823333334]}, "properties": {"vehicle_id": "5ec67661-d4d8-4471-98ab-96daaaa689b3", "company": "Spin", "type": "e-bike", "battery_pct": 44, "range_miles": 12.0, "is_available": true, "is_disabled": false, "last_reported": "1785840256"}}, {"type": "Feature", "geometry": {"type": "Point", "coordinates": [-83.0053546, 39.96757683333333]}, "properties": {"vehicle_id": "d9ee4ac9-1b17-4dda-93fd-69c023ae389f", "company": "Spin", "type": "e-bike", "battery_pct": 63, "range_miles": 17.27, "is_available": true, "is_disabled": false, "last_reported": "1785840348"}}, {"type": "Feature", "geometry": {"type": "Point", "coordinates": [-83.008739, 39.968235]}, "properties": {"vehicle_id": "fa5f73af-4d4a-435b-a163-ec95b5048f5c", "company": "Spin", "type": "scooter", "battery_pct": 65, "range_miles": 17.56, "is_available": true, "is_disabled": false, "last_reported": "1785840327"}}, {"type": "Feature", "geometry": {"type": "Point", "coordinates": [-82.95705193333333, 39.95889653333334]}, "properties": {"vehicle_id": "300781ec-6bb3-49b5-be0d-e436addeba1c", "company": "Spin", "type": "scooter", "battery_pct": 98, "range_miles": 26.63, "is_available": true, "is_disabled": false, "last_reported": "1785840254"}}, {"type": "Feature", "geometry": {"type": "Point", "coordinates": [-83.00516520000001, 39.98540905]}, "properties": {"vehicle_id": "70992d91-827b-4f33-8e68-bd92d4884aea", "company": "Spin", "type": "e-bike", "battery_pct": 83, "range_miles": 22.54, "is_available": true, "is_disabled": false, "last_reported": "1785840290"}}, {"type": "Feature", "geometry": {"type": "Point", "coordinates": [-82.99849333333334, 39.96887]}, "properties": {"vehicle_id": "cbac289c-bca5-4936-b165-831c3966262e", "company": "Spin", "type": "e-bike", "battery_pct": 40, "range_miles": 10.83, "is_available": true, "is_disabled": false, "last_reported": "1785840290"}}, {"type": "Feature", "geometry": {"type": "Point", "coordinates": [-82.99852238333332, 39.96886365]}, "properties": {"vehicle_id": "4f0a4f1b-558c-4a34-b541-b8b25551abc8", "company": "Spin", "type": "e-bike", "battery_pct": 84, "range_miles": 22.83, "is_available": true, "is_disabled": false, "last_reported": "1785840241"}}, {"type": "Feature", "geometry": {"type": "Point", "coordinates": [-82.99968533333335, 39.96935533333333]}, "properties": {"vehicle_id": "3db85345-3b63-46c1-a973-493c9a6ae4ea", "company": "Spin", "type": "e-bike", "battery_pct": 87, "range_miles": 23.71, "is_available": true, "is_disabled": false, "last_reported": "1785840219"}}, {"type": "Feature", "geometry": {"type": "Point", "coordinates": [-82.99971313333332, 39.969317133333334]}, "properties": {"vehicle_id": "64ea2c48-a883-44c7-b8b9-00f1b4924afb", "company": "Spin", "type": "e-bike", "battery_pct": 87, "range_miles": 23.71, "is_available": true, "is_disabled": false, "last_reported": "1785840339"}}, {"type": "Feature", "geometry": {"type": "Point", "coordinates": [-82.96326333333333, 39.985258550000005]}, "properties": {"vehicle_id": "6078a666-c68e-4ab3-8428-92452b78bcbe", "company": "Spin", "type": "e-bike", "battery_pct": 88, "range_miles": 24.0, "is_available": true, "is_disabled": false, "last_reported": "1785840322"}}, {"type": "Feature", "geometry": {"type": "Point", "coordinates": [-83.00183653333333, 39.96917513333334]}, "properties": {"vehicle_id": "be7c8bd9-9571-40ed-bf80-45ca1bc272a4", "company": "Spin", "type": "e-bike", "battery_pct": 69, "range_miles": 18.73, "is_available": true, "is_disabled": false, "last_reported": "1785840342"}}, {"type": "Feature", "geometry": {"type": "Point", "coordinates": [-83.0025346, 39.96293633333333]}, "properties": {"vehicle_id": "2fbdd6fe-5859-4a62-8750-2b8a44a9de00", "company": "Spin", "type": "e-bike", "battery_pct": 88, "range_miles": 24.0, "is_available": true, "is_disabled": false, "last_reported": "1785840311"}}, {"type": "Feature", "geometry": {"type": "Point", "coordinates": [-82.99754, 39.96689833333333]}, "properties": {"vehicle_id": "ea04b4a9-8578-496b-9026-9a897810c883", "company": "Spin", "type": "e-bike", "battery_pct": 75, "range_miles": 20.49, "is_available": true, "is_disabled": false, "last_reported": "1785840343"}}, {"type": "Feature", "geometry": {"type": "Point", "coordinates": [-83.00158330000001, 39.95710043333334]}, "properties": {"vehicle_id": "f7b19b81-dd6b-42ed-ad22-0979aaa23967", "company": "Spin", "type": "e-bike", "battery_pct": 84, "range_miles": 22.83, "is_available": true, "is_disabled": false, "last_reported": "1785840274"}}, {"type": "Feature", "geometry": {"type": "Point", "coordinates": [-82.99886963333331, 39.968057333333334]}, "properties": {"vehicle_id": "757aa529-716d-495d-861a-ecaa90e13081", "company": "Spin", "type": "e-bike", "battery_pct": 88, "range_miles": 24.0, "is_available": true, "is_disabled": false, "last_reported": "1785840331"}}, {"type": "Feature", "geometry": {"type": "Point", "coordinates": [-83.0107506, 39.98785445]}, "properties": {"vehicle_id": "97495da3-050a-4dd1-a664-747e9df6fa2d", "company": "Spin", "type": "e-bike", "battery_pct": 68, "range_miles": 18.44, "is_available": true, "is_disabled": false, "last_reported": "1785840106"}}, {"type": "Feature", "geometry": {"type": "Point", "coordinates": [-83.003113, 39.96089223333333]}, "properties": {"vehicle_id": "a3205229-b72f-4b82-ac37-7baa19b3cbdb", "company": "Spin", "type": "e-bike", "battery_pct": 44, "range_miles": 12.0, "is_available": true, "is_disabled": false, "last_reported": "1785840107"}}, {"type": "Feature", "geometry": {"type": "Point", "coordinates": [-83.0030334, 39.97482505]}, "properties": {"vehicle_id": "745d225e-dbe1-4d7e-9733-c59c1863fe71", "company": "Spin", "type": "e-bike", "battery_pct": 92, "range_miles": 25.17, "is_available": true, "is_disabled": false, "last_reported": "1785840168"}}, {"type": "Feature", "geometry": {"type": "Point", "coordinates": [-83.0027788, 39.97624325]}, "properties": {"vehicle_id": "a6b915aa-3c98-4696-b816-0d161a45d3fd", "company": "Spin", "type": "e-bike", "battery_pct": 88, "range_miles": 24.0, "is_available": true, "is_disabled": false, "last_reported": "1785840241"}}, {"type": "Feature", "geometry": {"type": "Point", "coordinates": [-83.00128208333332, 39.97077356666667]}, "properties": {"vehicle_id": "0ce1c892-0f80-446d-b1ed-074c37205ba1", "company": "Spin", "type": "e-bike", "battery_pct": 92, "range_miles": 25.17, "is_available": true, "is_disabled": false, "last_reported": "1785840359"}}, {"type": "Feature", "geometry": {"type": "Point", "coordinates": [-83.0031208, 39.97938175]}, "properties": {"vehicle_id": "eefdff8f-2735-465d-ab2a-2e4f3a788582", "company": "Spin", "type": "e-bike", "battery_pct": 88, "range_miles": 24.0, "is_available": true, "is_disabled": false, "last_reported": "1785840315"}}, {"type": "Feature", "geometry": {"type": "Point", "coordinates": [-83.00313096666666, 39.97928076666667]}, "properties": {"vehicle_id": "7e1ea6f8-cbbf-45dc-8695-4b8ad3362a09", "company": "Spin", "type": "e-bike", "battery_pct": 88, "range_miles": 24.0, "is_available": true, "is_disabled": false, "last_reported": "1785840289"}}, {"type": "Feature", "geometry": {"type": "Point", "coordinates": [-83.00920820000002, 40.006403999999996]}, "properties": {"vehicle_id": "9d62d3a7-444d-4c47-bb6d-d202fb63a5b5", "company": "Spin", "type": "e-bike", "battery_pct": 46, "range_miles": 12.58, "is_available": true, "is_disabled": false, "last_reported": "1785840168"}}, {"type": "Feature", "geometry": {"type": "Point", "coordinates": [-82.997068, 39.930637]}, "properties": {"vehicle_id": "ccf14773-66c7-4ce7-91ea-7818c8f6546c", "company": "Spin", "type": "scooter", "battery_pct": 91, "range_miles": 26.04, "is_available": true, "is_disabled": false, "last_reported": "1785840277"}}, {"type": "Feature", "geometry": {"type": "Point", "coordinates": [-83.0312876, 39.958386733333334]}, "properties": {"vehicle_id": "91386eff-1b3e-499c-b8e5-76afe59691e3", "company": "Spin", "type": "e-bike", "battery_pct": 83, "range_miles": 22.54, "is_available": true, "is_disabled": false, "last_reported": "1785840299"}}, {"type": "Feature", "geometry": {"type": "Point", "coordinates": [-83.00454739999999, 39.977161949999996]}, "properties": {"vehicle_id": "eeac60da-669e-46ec-9bbd-79ed6fdc8093", "company": "Spin", "type": "scooter", "battery_pct": 55, "range_miles": 14.93, "is_available": true, "is_disabled": false, "last_reported": "1785840328"}}, {"type": "Feature", "geometry": {"type": "Point", "coordinates": [-83.05651879999999, 39.96051443333333]}, "properties": {"vehicle_id": "5b827d1c-019b-40de-9866-d5c530951779", "company": "Spin", "type": "e-bike", "battery_pct": 83, "range_miles": 22.54, "is_available": true, "is_disabled": false, "last_reported": "1785840218"}}, {"type": "Feature", "geometry": {"type": "Point", "coordinates": [-83.00749419999998, 39.997928333333334]}, "properties": {"vehicle_id": "452b33ac-ec92-40cf-9c68-b27d14fe2865", "company": "Spin", "type": "e-bike", "battery_pct": 88, "range_miles": 24.0, "is_available": true, "is_disabled": false, "last_reported": "1785840294"}}, {"type": "Feature", "geometry": {"type": "Point", "coordinates": [-83.00946719999999, 40.0065078]}, "properties": {"vehicle_id": "306f1922-27f0-4dc0-aa90-cbbf9b9b6539", "company": "Spin", "type": "e-bike", "battery_pct": 87, "range_miles": 23.71, "is_available": true, "is_disabled": false, "last_reported": "1785840337"}}, {"type": "Feature", "geometry": {"type": "Point", "coordinates": [-83.03108509999998, 39.97452645]}, "properties": {"vehicle_id": "62425ff0-844c-4794-b5ba-2167a46c9ef4", "company": "Spin", "type": "e-bike", "battery_pct": 87, "range_miles": 23.71, "is_available": true, "is_disabled": false, "last_reported": "1785840248"}}, {"type": "Feature", "geometry": {"type": "Point", "coordinates": [-83.0291824, 39.984342033333334]}, "properties": {"vehicle_id": "b5edf416-fd27-4a4b-ad88-e755a780326c", "company": "Spin", "type": "e-bike", "battery_pct": 88, "range_miles": 24.0, "is_available": true, "is_disabled": false, "last_reported": "1785840346"}}, {"type": "Feature", "geometry": {"type": "Point", "coordinates": [-83.001425, 39.965116]}, "properties": {"vehicle_id": "2003175e-2a32-4f06-b4c6-375f9248d360", "company": "Spin", "type": "scooter", "battery_pct": 17, "range_miles": 4.68, "is_available": true, "is_disabled": false, "last_reported": "1785840290"}}, {"type": "Feature", "geometry": {"type": "Point", "coordinates": [-82.96524673333333, 39.95676003333333]}, "properties": {"vehicle_id": "99c04e0e-dce9-458c-9383-9895d24937e5", "company": "Spin", "type": "e-bike", "battery_pct": 22, "range_miles": 5.85, "is_available": true, "is_disabled": false, "last_reported": "1785840283"}}, {"type": "Feature", "geometry": {"type": "Point", "coordinates": [-83.07457860000001, 39.94671313333333]}, "properties": {"vehicle_id": "399994a2-7f51-4c12-8df1-1cddc7634cee", "company": "Spin", "type": "e-bike", "battery_pct": 49, "range_miles": 13.46, "is_available": true, "is_disabled": false, "last_reported": "1785840303"}}, {"type": "Feature", "geometry": {"type": "Point", "coordinates": [-83.00771009999998, 39.96849473333334]}, "properties": {"vehicle_id": "8c94fdb0-700a-4f57-86aa-3685e046d0d5", "company": "Spin", "type": "e-bike", "battery_pct": 28, "range_miles": 7.61, "is_available": true, "is_disabled": false, "last_reported": "1785840296"}}, {"type": "Feature", "geometry": {"type": "Point", "coordinates": [-83.007545, 39.96837333333334]}, "properties": {"vehicle_id": "7862798d-0427-44be-a8d6-1f05f03422d8", "company": "Spin", "type": "e-bike", "battery_pct": 49, "range_miles": 13.46, "is_available": true, "is_disabled": false, "last_reported": "1785840346"}}, {"type": "Feature", "geometry": {"type": "Point", "coordinates": [-83.00770990000001, 39.96849363333333]}, "properties": {"vehicle_id": "6f7b5a84-8556-4541-b7dc-ff3154b873f6", "company": "Spin", "type": "e-bike", "battery_pct": 86, "range_miles": 23.41, "is_available": true, "is_disabled": false, "last_reported": "1785840287"}}, {"type": "Feature", "geometry": {"type": "Point", "coordinates": [-83.007786, 39.96858803333334]}, "properties": {"vehicle_id": "fbf60721-b33b-49b8-b395-f196e17847d3", "company": "Spin", "type": "scooter", "battery_pct": 28, "range_miles": 7.61, "is_available": true, "is_disabled": false, "last_reported": "1785840207"}}, {"type": "Feature", "geometry": {"type": "Point", "coordinates": [-83.00772693333332, 39.9685213]}, "properties": {"vehicle_id": "a71a4c80-893c-43f6-aff0-d4f4479afba9", "company": "Spin", "type": "e-bike", "battery_pct": 33, "range_miles": 9.07, "is_available": true, "is_disabled": false, "last_reported": "1785840338"}}, {"type": "Feature", "geometry": {"type": "Point", "coordinates": [-83.0077244, 39.968513433333335]}, "properties": {"vehicle_id": "d776e1b4-24ca-4344-9e83-fe6df0b38af1", "company": "Spin", "type": "e-bike", "battery_pct": 71, "range_miles": 19.32, "is_available": true, "is_disabled": false, "last_reported": "1785840312"}}, {"type": "Feature", "geometry": {"type": "Point", "coordinates": [-82.95493833333333, 39.97208666666667]}, "properties": {"vehicle_id": "90c52a90-d7de-46f8-9caa-5b0690da283e", "company": "Spin", "type": "e-bike", "battery_pct": 28, "range_miles": 7.61, "is_available": true, "is_disabled": false, "last_reported": "1785840331"}}, {"type": "Feature", "geometry": {"type": "Point", "coordinates": [-83.0501654, 39.985302850000004]}, "properties": {"vehicle_id": "60d34f8d-63b9-461f-a4e8-291fb7604d31", "company": "Spin", "type": "e-bike", "battery_pct": 16, "range_miles": 4.39, "is_available": true, "is_disabled": false, "last_reported": "1785840271"}}, {"type": "Feature", "geometry": {"type": "Point", "coordinates": [-83.00351780000001, 39.97787835]}, "properties": {"vehicle_id": "d123d335-dd2c-49df-a204-f9e1756dbc48", "company": "Spin", "type": "e-bike", "battery_pct": 62, "range_miles": 16.97, "is_available": true, "is_disabled": false, "last_reported": "1785840335"}}, {"type": "Feature", "geometry": {"type": "Point", "coordinates": [-83.0035319, 39.97788685]}, "properties": {"vehicle_id": "bb936921-0f26-4f8d-a262-2bf701f4d7ac", "company": "Spin", "type": "e-bike", "battery_pct": 76, "range_miles": 20.78, "is_available": true, "is_disabled": false, "last_reported": "1785840332"}}, {"type": "Feature", "geometry": {"type": "Point", "coordinates": [-83.0034762, 39.97789925]}, "properties": {"vehicle_id": "c05c9ddd-48f5-4425-9a71-330470bc4f49", "company": "Spin", "type": "e-bike", "battery_pct": 58, "range_miles": 15.8, "is_available": true, "is_disabled": false, "last_reported": "1785840332"}}, {"type": "Feature", "geometry": {"type": "Point", "coordinates": [-83.004344, 39.956839]}, "properties": {"vehicle_id": "ca8b65e0-af2e-48b5-93fe-4b3cf9fea682", "company": "Spin", "type": "scooter", "battery_pct": 37, "range_miles": 10.42, "is_available": true, "is_disabled": false, "last_reported": "1785840248"}}, {"type": "Feature", "geometry": {"type": "Point", "coordinates": [-83.00283280000001, 39.956998633333335]}, "properties": {"vehicle_id": "5d8f92b9-3b8a-4634-8ee2-689ccb3c0701", "company": "Spin", "type": "e-bike", "battery_pct": 83, "range_miles": 22.54, "is_available": true, "is_disabled": false, "last_reported": "1785840356"}}, {"type": "Feature", "geometry": {"type": "Point", "coordinates": [-83.09030149999998, 39.927409733333334]}, "properties": {"vehicle_id": "81f20c61-8b8c-47d7-8e1f-d51c2407d8da", "company": "Spin", "type": "e-bike", "battery_pct": 52, "range_miles": 14.05, "is_available": true, "is_disabled": false, "last_reported": "1785840121"}}, {"type": "Feature", "geometry": {"type": "Point", "coordinates": [-83.0124588, 39.97892125]}, "properties": {"vehicle_id": "297dc938-c1f5-4166-b091-e2a347a883d7", "company": "Spin", "type": "e-bike", "battery_pct": 45, "range_miles": 12.29, "is_available": true, "is_disabled": false, "last_reported": "1785840273"}}, {"type": "Feature", "geometry": {"type": "Point", "coordinates": [-83.025149, 40.02044]}, "properties": {"vehicle_id": "00dd3223-30da-4509-9f2c-4ae329e64f69", "company": "Spin", "type": "scooter", "battery_pct": 91, "range_miles": 24.88, "is_available": true, "is_disabled": false, "last_reported": "1785840314"}}, {"type": "Feature", "geometry": {"type": "Point", "coordinates": [-82.987373, 40.023726]}, "properties": {"vehicle_id": "b96aab4c-4550-4372-b294-6130a77839f4", "company": "Spin", "type": "scooter", "battery_pct": 82, "range_miles": 23.28, "is_available": true, "is_disabled": false, "last_reported": "1785840078"}}, {"type": "Feature", "geometry": {"type": "Point", "coordinates": [-82.96557, 40.017026]}, "properties": {"vehicle_id": "a9496dac-3ec5-412b-b9b6-b84c49bfa0a0", "company": "Spin", "type": "scooter", "battery_pct": 86, "range_miles": 24.51, "is_available": true, "is_disabled": false, "last_reported": "1785840311"}}, {"type": "Feature", "geometry": {"type": "Point", "coordinates": [-82.970126, 40.014987]}, "properties": {"vehicle_id": "bdfc630e-4a2e-4f82-8d21-43cffcf86118", "company": "Spin", "type": "scooter", "battery_pct": 91, "range_miles": 26.04, "is_available": true, "is_disabled": false, "last_reported": "1785840157"}}, {"type": "Feature", "geometry": {"type": "Point", "coordinates": [-82.974512, 40.014052]}, "properties": {"vehicle_id": "d0737f92-cbed-4a67-84d9-897efee64c79", "company": "Spin", "type": "scooter", "battery_pct": 95, "range_miles": 26.96, "is_available": true, "is_disabled": false, "last_reported": "1785840310"}}, {"type": "Feature", "geometry": {"type": "Point", "coordinates": [-82.968335, 39.956275]}, "properties": {"vehicle_id": "d68a64c2-f25b-49fc-bed2-1f5a4038c578", "company": "Spin", "type": "e-bike", "battery_pct": 35, "range_miles": 9.66, "is_available": true, "is_disabled": false, "last_reported": "1785840148"}}, {"type": "Feature", "geometry": {"type": "Point", "coordinates": [-83.0111571, 39.96657643333333]}, "properties": {"vehicle_id": "e339c48a-573c-407a-a51b-403f5933b387", "company": "Spin", "type": "e-bike", "battery_pct": 87, "range_miles": 23.71, "is_available": true, "is_disabled": false, "last_reported": "1785840289"}}, {"type": "Feature", "geometry": {"type": "Point", "coordinates": [-83.0032149, 39.95629353333334]}, "properties": {"vehicle_id": "4a410f09-a095-4d6e-ab7d-d6407ae13eef", "company": "Spin", "type": "e-bike", "battery_pct": 30, "range_miles": 8.19, "is_available": true, "is_disabled": false, "last_reported": "1785840350"}}, {"type": "Feature", "geometry": {"type": "Point", "coordinates": [-83.00313140000002, 39.95631073333333]}, "properties": {"vehicle_id": "192e128c-8058-4439-b017-28928e602e00", "company": "Spin", "type": "e-bike", "battery_pct": 70, "range_miles": 19.02, "is_available": true, "is_disabled": false, "last_reported": "1785840159"}}, {"type": "Feature", "geometry": {"type": "Point", "coordinates": [-83.0122053, 39.97929605]}, "properties": {"vehicle_id": "bec86c01-69d1-42e4-8289-cc7aa2d70582", "company": "Spin", "type": "e-bike", "battery_pct": 88, "range_miles": 24.0, "is_available": true, "is_disabled": false, "last_reported": "1785840268"}}, {"type": "Feature", "geometry": {"type": "Point", "coordinates": [-83.0030899, 39.96088553333333]}, "properties": {"vehicle_id": "ead1fd50-daf1-4bed-9ad2-26ca6f3d3a63", "company": "Spin", "type": "e-bike", "battery_pct": 94, "range_miles": 25.46, "is_available": true, "is_disabled": false, "last_reported": "1785840339"}}, {"type": "Feature", "geometry": {"type": "Point", "coordinates": [-83.00160961666667, 39.96480618333333]}, "properties": {"vehicle_id": "3d316638-bed7-4262-b1a4-eea8c4352abb", "company": "Spin", "type": "e-bike", "battery_pct": 88, "range_miles": 24.0, "is_available": true, "is_disabled": false, "last_reported": "1785840356"}}, {"type": "Feature", "geometry": {"type": "Point", "coordinates": [-83.0047551, 39.97187535]}, "properties": {"vehicle_id": "dabe11c7-7776-4feb-9c60-305be78c7880", "company": "Spin", "type": "e-bike", "battery_pct": 37, "range_miles": 9.95, "is_available": true, "is_disabled": false, "last_reported": "1785840215"}}, {"type": "Feature", "geometry": {"type": "Point", "coordinates": [-82.99967363333332, 39.96928913333333]}, "properties": {"vehicle_id": "88e2d3a1-1ec6-480d-a310-77e1e451ede9", "company": "Spin", "type": "e-bike", "battery_pct": 88, "range_miles": 24.0, "is_available": true, "is_disabled": false, "last_reported": "1785840143"}}, {"type": "Feature", "geometry": {"type": "Point", "coordinates": [-83.0050783, 39.97158585]}, "properties": {"vehicle_id": "c0ce72f5-1719-46ab-a60a-5c633977e3a4", "company": "Spin", "type": "e-bike", "battery_pct": 29, "range_miles": 7.9, "is_available": true, "is_disabled": false, "last_reported": "1785840289"}}, {"type": "Feature", "geometry": {"type": "Point", "coordinates": [-82.99556983333332, 39.97911945]}, "properties": {"vehicle_id": "d6e9b36e-23f2-4432-9e47-61c80f55cc0a", "company": "Spin", "type": "e-bike", "battery_pct": 31, "range_miles": 8.49, "is_available": true, "is_disabled": false, "last_reported": "1785840282"}}, {"type": "Feature", "geometry": {"type": "Point", "coordinates": [-83.01075469999999, 39.97459495]}, "properties": {"vehicle_id": "64d2bb07-cb4f-41f8-91f4-55827cf4d2fa", "company": "Spin", "type": "e-bike", "battery_pct": 54, "range_miles": 14.63, "is_available": true, "is_disabled": false, "last_reported": "1785840302"}}, {"type": "Feature", "geometry": {"type": "Point", "coordinates": [-83.0006556, 40.0018931]}, "properties": {"vehicle_id": "508e0e4c-e6e9-40a3-a5e0-9d6dbce4c337", "company": "Spin", "type": "e-bike", "battery_pct": 85, "range_miles": 23.12, "is_available": true, "is_disabled": false, "last_reported": "1785840312"}}, {"type": "Feature", "geometry": {"type": "Point", "coordinates": [-83.0040753, 39.979983250000004]}, "properties": {"vehicle_id": "7e19fba0-272f-42d5-bcae-d7c7efcba61d", "company": "Spin", "type": "e-bike", "battery_pct": 87, "range_miles": 23.71, "is_available": true, "is_disabled": false, "last_reported": "1785840344"}}, {"type": "Feature", "geometry": {"type": "Point", "coordinates": [-83.00404920000001, 39.979985049999996]}, "properties": {"vehicle_id": "99d3154d-24e7-46e9-b844-6219b7e9ff0d", "company": "Spin", "type": "e-bike", "battery_pct": 43, "range_miles": 11.71, "is_available": true, "is_disabled": false, "last_reported": "1785840123"}}, {"type": "Feature", "geometry": {"type": "Point", "coordinates": [-83.00405666666666, 39.979953333333334]}, "properties": {"vehicle_id": "e92fab50-4910-4ad3-9c67-c2e9ed245ee5", "company": "Spin", "type": "e-bike", "battery_pct": 75, "range_miles": 20.49, "is_available": true, "is_disabled": false, "last_reported": "1785840339"}}, {"type": "Feature", "geometry": {"type": "Point", "coordinates": [-83.00406890000001, 39.97997975]}, "properties": {"vehicle_id": "306c1500-ab08-4aa9-98fd-3f991fea90e5", "company": "Spin", "type": "e-bike", "battery_pct": 54, "range_miles": 14.63, "is_available": true, "is_disabled": false, "last_reported": "1785840267"}}, {"type": "Feature", "geometry": {"type": "Point", "coordinates": [-83.00466999999999, 39.98081833333333]}, "properties": {"vehicle_id": "bdc95671-cd5e-4704-8250-37fbc8f8a521", "company": "Spin", "type": "e-bike", "battery_pct": 46, "range_miles": 12.58, "is_available": true, "is_disabled": false, "last_reported": "1785840218"}}, {"type": "Feature", "geometry": {"type": "Point", "coordinates": [-83.004732, 39.98187823333333]}, "properties": {"vehicle_id": "04f716d4-eae8-47e1-bfe8-35f527081ad6", "company": "Spin", "type": "e-bike", "battery_pct": 30, "range_miles": 8.19, "is_available": true, "is_disabled": false, "last_reported": "1785840194"}}, {"type": "Feature", "geometry": {"type": "Point", "coordinates": [-83.0047671, 39.981896033333335]}, "properties": {"vehicle_id": "2073243e-aed3-4654-8ab9-b93894e8443d", "company": "Spin", "type": "e-bike", "battery_pct": 35, "range_miles": 9.66, "is_available": true, "is_disabled": false, "last_reported": "1785840194"}}, {"type": "Feature", "geometry": {"type": "Point", "coordinates": [-83.01147166666667, 39.957575]}, "properties": {"vehicle_id": "a857cd9f-a5ba-49c3-8b94-94dd82fb92c2", "company": "Spin", "type": "e-bike", "battery_pct": 75, "range_miles": 20.49, "is_available": true, "is_disabled": false, "last_reported": "1785840109"}}, {"type": "Feature", "geometry": {"type": "Point", "coordinates": [-83.0055692, 39.979579550000004]}, "properties": {"vehicle_id": "7b749355-9b6d-486e-95ff-d8459b646873", "company": "Spin", "type": "scooter", "battery_pct": 37, "range_miles": 9.95, "is_available": true, "is_disabled": false, "last_reported": "1785840143"}}, {"type": "Feature", "geometry": {"type": "Point", "coordinates": [-83.00476501666665, 39.98385003333333]}, "properties": {"vehicle_id": "6ee6c0b9-1c7b-4ae5-ae14-97baf8e0f34c", "company": "Spin", "type": "e-bike", "battery_pct": 86, "range_miles": 23.41, "is_available": true, "is_disabled": false, "last_reported": "1785840327"}}, {"type": "Feature", "geometry": {"type": "Point", "coordinates": [-83.00470679999998, 39.983835799999994]}, "properties": {"vehicle_id": "e8cd4375-4bba-4b85-ae80-b75bf19fb08b", "company": "Spin", "type": "e-bike", "battery_pct": 22, "range_miles": 5.85, "is_available": true, "is_disabled": false, "last_reported": "1785840288"}}, {"type": "Feature", "geometry": {"type": "Point", "coordinates": [-83.00478130000002, 39.98380373333334]}, "properties": {"vehicle_id": "40836d6d-4a9c-4822-a854-96a2d9fc7588", "company": "Spin", "type": "e-bike", "battery_pct": 70, "range_miles": 19.02, "is_available": true, "is_disabled": false, "last_reported": "1785840299"}}, {"type": "Feature", "geometry": {"type": "Point", "coordinates": [-83.00517919999999, 39.98406343333333]}, "properties": {"vehicle_id": "e0c772d4-33fd-4d9c-9a2d-55f78a0a327c", "company": "Spin", "type": "e-bike", "battery_pct": 39, "range_miles": 10.54, "is_available": true, "is_disabled": false, "last_reported": "1785840349"}}, {"type": "Feature", "geometry": {"type": "Point", "coordinates": [-83.015877, 40.016414]}, "properties": {"vehicle_id": "d5cd69cd-0caf-4c19-b681-b817df93e6c0", "company": "Spin", "type": "scooter", "battery_pct": 77, "range_miles": 21.07, "is_available": true, "is_disabled": false, "last_reported": "1785840147"}}, {"type": "Feature", "geometry": {"type": "Point", "coordinates": [-83.02015, 40.051602]}, "properties": {"vehicle_id": "78e9fff3-098b-4de2-885e-578f898cfa84", "company": "Spin", "type": "scooter", "battery_pct": 27, "range_miles": 7.32, "is_available": true, "is_disabled": false, "last_reported": "1785840192"}}, {"type": "Feature", "geometry": {"type": "Point", "coordinates": [-82.98497166666667, 40.010055]}, "properties": {"vehicle_id": "acf3563e-c767-43d2-903f-b8416520d774", "company": "Spin", "type": "e-bike", "battery_pct": 80, "range_miles": 21.66, "is_available": true, "is_disabled": false, "last_reported": "1785840339"}}, {"type": "Feature", "geometry": {"type": "Point", "coordinates": [-82.96775333333332, 40.01363]}, "properties": {"vehicle_id": "9226d67a-ef2f-4eaf-b2ad-0fca57aae1e6", "company": "Spin", "type": "e-bike", "battery_pct": 24, "range_miles": 6.44, "is_available": true, "is_disabled": false, "last_reported": "1785840196"}}, {"type": "Feature", "geometry": {"type": "Point", "coordinates": [-83.0030177, 39.97461435]}, "properties": {"vehicle_id": "6c4a6a8a-3dfc-4a45-a0df-562400d205bf", "company": "Spin", "type": "e-bike", "battery_pct": 38, "range_miles": 10.24, "is_available": true, "is_disabled": false, "last_reported": "1785840305"}}, {"type": "Feature", "geometry": {"type": "Point", "coordinates": [-82.99750373333333, 40.001323]}, "properties": {"vehicle_id": "acf85016-3b37-47aa-ae77-edb36b59a935", "company": "Spin", "type": "scooter", "battery_pct": 34, "range_miles": 9.37, "is_available": true, "is_disabled": false, "last_reported": "1785840275"}}, {"type": "Feature", "geometry": {"type": "Point", "coordinates": [-82.99850194999999, 39.96883513333333]}, "properties": {"vehicle_id": "a7170d61-66c9-4069-96f7-0c3eb9841a19", "company": "Spin", "type": "e-bike", "battery_pct": 32, "range_miles": 8.78, "is_available": true, "is_disabled": false, "last_reported": "1785840275"}}, {"type": "Feature", "geometry": {"type": "Point", "coordinates": [-83.01526666666665, 39.935673333333334]}, "properties": {"vehicle_id": "1bf576b1-3278-45b7-bd86-f2be9478054e", "company": "Spin", "type": "e-bike", "battery_pct": 52, "range_miles": 14.05, "is_available": true, "is_disabled": false, "last_reported": "1785840340"}}, {"type": "Feature", "geometry": {"type": "Point", "coordinates": [-83.0089608, 40.0059658]}, "properties": {"vehicle_id": "d99b595c-3e08-4b86-b43e-d5a11a10874c", "company": "Spin", "type": "e-bike", "battery_pct": 87, "range_miles": 23.71, "is_available": true, "is_disabled": false, "last_reported": "1785840357"}}, {"type": "Feature", "geometry": {"type": "Point", "coordinates": [-82.99712703333334, 39.959211833333335]}, "properties": {"vehicle_id": "1fc17976-2447-47c3-b9d0-4ceb8271daee", "company": "Spin", "type": "e-bike", "battery_pct": 22, "range_miles": 5.85, "is_available": true, "is_disabled": false, "last_reported": "1785840314"}}, {"type": "Feature", "geometry": {"type": "Point", "coordinates": [-83.00302420000001, 39.97462105]}, "properties": {"vehicle_id": "3049178c-b427-4ce7-9cc4-7dfb56160555", "company": "Spin", "type": "e-bike", "battery_pct": 77, "range_miles": 21.07, "is_available": true, "is_disabled": false, "last_reported": "1785840298"}}, {"type": "Feature", "geometry": {"type": "Point", "coordinates": [-83.0030221, 39.97461515]}, "properties": {"vehicle_id": "720f5eed-4c87-4867-8517-c1165e376590", "company": "Spin", "type": "e-bike", "battery_pct": 88, "range_miles": 24.0, "is_available": true, "is_disabled": false, "last_reported": "1785840155"}}, {"type": "Feature", "geometry": {"type": "Point", "coordinates": [-83.02799680000001, 39.958444533333335]}, "properties": {"vehicle_id": "699356af-6526-4034-a682-2f3b75fffafe", "company": "Spin", "type": "e-bike", "battery_pct": 31, "range_miles": 8.49, "is_available": true, "is_disabled": false, "last_reported": "1785840262"}}, {"type": "Feature", "geometry": {"type": "Point", "coordinates": [-83.044082, 39.947701]}, "properties": {"vehicle_id": "027d293f-8dd4-432d-aa94-2fc9d710c2ed", "company": "Spin", "type": "scooter", "battery_pct": 61, "range_miles": 16.68, "is_available": true, "is_disabled": false, "last_reported": "1785840298"}}, {"type": "Feature", "geometry": {"type": "Point", "coordinates": [-83.00199749999999, 39.95932513333333]}, "properties": {"vehicle_id": "83ae0941-1f61-4284-a097-f992f036a1b7", "company": "Spin", "type": "e-bike", "battery_pct": 78, "range_miles": 21.36, "is_available": true, "is_disabled": false, "last_reported": "1785840326"}}, {"type": "Feature", "geometry": {"type": "Point", "coordinates": [-83.000064, 39.96011763333333]}, "properties": {"vehicle_id": "f2673dfe-f0dd-4f21-bc7a-f2a8f430593d", "company": "Spin", "type": "e-bike", "battery_pct": 25, "range_miles": 6.73, "is_available": true, "is_disabled": false, "last_reported": "1785840330"}}, {"type": "Feature", "geometry": {"type": "Point", "coordinates": [-83.00087890000002, 39.97578805]}, "properties": {"vehicle_id": "8942927f-b610-49c1-aea4-980c693e367d", "company": "Spin", "type": "e-bike", "battery_pct": 20, "range_miles": 5.56, "is_available": true, "is_disabled": false, "last_reported": "1785840260"}}, {"type": "Feature", "geometry": {"type": "Point", "coordinates": [-82.983906, 39.939364]}, "properties": {"vehicle_id": "9572b92c-a504-4706-b2ec-38503392326f", "company": "Spin", "type": "scooter", "battery_pct": 71, "range_miles": 19.32, "is_available": true, "is_disabled": false, "last_reported": "1785840345"}}, {"type": "Feature", "geometry": {"type": "Point", "coordinates": [-83.000952, 39.95618]}, "properties": {"vehicle_id": "ec375ad5-44ac-4e5e-9830-6d4777560280", "company": "Spin", "type": "scooter", "battery_pct": 54, "range_miles": 14.63, "is_available": true, "is_disabled": false, "last_reported": "1785840114"}}, {"type": "Feature", "geometry": {"type": "Point", "coordinates": [-83.01546333333333, 40.00954]}, "properties": {"vehicle_id": "ba7f17ac-b657-4475-b533-300e69e7be7f", "company": "Spin", "type": "e-bike", "battery_pct": 100, "range_miles": 27.22, "is_available": true, "is_disabled": false, "last_reported": "1785840164"}}, {"type": "Feature", "geometry": {"type": "Point", "coordinates": [-83.019684, 40.007121]}, "properties": {"vehicle_id": "07b3a91e-e6b4-4baf-8ce0-adc8ac89c359", "company": "Spin", "type": "scooter", "battery_pct": 98, "range_miles": 26.63, "is_available": true, "is_disabled": false, "last_reported": "1785840319"}}, {"type": "Feature", "geometry": {"type": "Point", "coordinates": [-83.01923620000001, 39.952371633333335]}, "properties": {"vehicle_id": "2195efa1-5ab6-4eb7-94ff-8f66f1722d22", "company": "Spin", "type": "e-bike", "battery_pct": 54, "range_miles": 14.63, "is_available": true, "is_disabled": false, "last_reported": "1785840358"}}, {"type": "Feature", "geometry": {"type": "Point", "coordinates": [-83.013586, 39.958349]}, "properties": {"vehicle_id": "eea10d5e-a350-45de-82f8-4e83eefdad67", "company": "Spin", "type": "scooter", "battery_pct": 46, "range_miles": 12.58, "is_available": true, "is_disabled": false, "last_reported": "1785840329"}}, {"type": "Feature", "geometry": {"type": "Point", "coordinates": [-83.00764550000001, 40.0041215]}, "properties": {"vehicle_id": "875aad18-5bc1-48be-81e3-a898b0ad3cc6", "company": "Spin", "type": "e-bike", "battery_pct": 88, "range_miles": 24.0, "is_available": true, "is_disabled": false, "last_reported": "1785840183"}}, {"type": "Feature", "geometry": {"type": "Point", "coordinates": [-82.98211753333332, 39.98603153333333]}, "properties": {"vehicle_id": "619b3cd1-1865-4f0b-8036-3b0b4a551920", "company": "Spin", "type": "scooter", "battery_pct": 46, "range_miles": 12.58, "is_available": true, "is_disabled": false, "last_reported": "1785840292"}}, {"type": "Feature", "geometry": {"type": "Point", "coordinates": [-83.00727970000001, 39.99637873333334]}, "properties": {"vehicle_id": "272fba02-10bb-4f1f-aac4-4fb6d35969d8", "company": "Spin", "type": "e-bike", "battery_pct": 73, "range_miles": 19.9, "is_available": true, "is_disabled": false, "last_reported": "1785840251"}}, {"type": "Feature", "geometry": {"type": "Point", "coordinates": [-83.00147999999999, 39.952625]}, "properties": {"vehicle_id": "4db7e5a8-ccf1-46a6-9c64-a9d674862ed8", "company": "Spin", "type": "e-bike", "battery_pct": 80, "range_miles": 21.66, "is_available": true, "is_disabled": false, "last_reported": "1785840358"}}, {"type": "Feature", "geometry": {"type": "Point", "coordinates": [-83.00546960000001, 39.986267033333334]}, "properties": {"vehicle_id": "4eee9d81-f0cb-4d87-a791-4cebbd3f0396", "company": "Spin", "type": "scooter", "battery_pct": 100, "range_miles": 27.22, "is_available": true, "is_disabled": false, "last_reported": "1785840296"}}, {"type": "Feature", "geometry": {"type": "Point", "coordinates": [-83.0054794, 39.98524775]}, "properties": {"vehicle_id": "c389a05c-7128-4831-84dc-0b98f45024a6", "company": "Spin", "type": "scooter", "battery_pct": 89, "range_miles": 24.29, "is_available": true, "is_disabled": false, "last_reported": "1785840264"}}, {"type": "Feature", "geometry": {"type": "Point", "coordinates": [-83.0055069, 39.98523275]}, "properties": {"vehicle_id": "4cba8e3a-3ce3-4ad3-871e-aa411684ecb5", "company": "Spin", "type": "e-bike", "battery_pct": 52, "range_miles": 14.05, "is_available": true, "is_disabled": false, "last_reported": "1785840232"}}, {"type": "Feature", "geometry": {"type": "Point", "coordinates": [-83.00546700000001, 39.98523215]}, "properties": {"vehicle_id": "af41d2d2-0305-4845-a3b6-5b4fc92fe49d", "company": "Spin", "type": "e-bike", "battery_pct": 53, "range_miles": 14.34, "is_available": true, "is_disabled": false, "last_reported": "1785840278"}}, {"type": "Feature", "geometry": {"type": "Point", "coordinates": [-83.00547409999999, 39.98522785]}, "properties": {"vehicle_id": "e293b9dd-4a70-4c12-b6e0-375475347b91", "company": "Spin", "type": "scooter", "battery_pct": 85, "range_miles": 23.12, "is_available": true, "is_disabled": false, "last_reported": "1785840200"}}, {"type": "Feature", "geometry": {"type": "Point", "coordinates": [-83.00516459999999, 39.98404633333334]}, "properties": {"vehicle_id": "f13b9222-606e-490f-aa97-db7c4b07e643", "company": "Spin", "type": "e-bike", "battery_pct": 94, "range_miles": 25.46, "is_available": true, "is_disabled": false, "last_reported": "1785840346"}}, {"type": "Feature", "geometry": {"type": "Point", "coordinates": [-82.976022, 39.938405]}, "properties": {"vehicle_id": "28ddda60-d7db-4a44-879a-2be81d9ec98f", "company": "Spin", "type": "scooter", "battery_pct": 76, "range_miles": 20.78, "is_available": true, "is_disabled": false, "last_reported": "1785840181"}}, {"type": "Feature", "geometry": {"type": "Point", "coordinates": [-82.99722993333334, 39.95653143333333]}, "properties": {"vehicle_id": "7f369c76-e89f-45d6-9b70-b48438a971b6", "company": "Spin", "type": "e-bike", "battery_pct": 55, "range_miles": 14.93, "is_available": true, "is_disabled": false, "last_reported": "1785840347"}}, {"type": "Feature", "geometry": {"type": "Point", "coordinates": [-82.99726493333334, 39.95648083333333]}, "properties": {"vehicle_id": "cc8349d9-5662-435b-b236-0697c95f1e0e", "company": "Spin", "type": "scooter", "battery_pct": 56, "range_miles": 15.22, "is_available": true, "is_disabled": false, "last_reported": "1785840293"}}, {"type": "Feature", "geometry": {"type": "Point", "coordinates": [-83.0047373, 39.98078833333333]}, "properties": {"vehicle_id": "98db1322-4ea8-4007-8e6d-7ca810bad291", "company": "Spin", "type": "e-bike", "battery_pct": 88, "range_miles": 24.0, "is_available": true, "is_disabled": false, "last_reported": "1785840299"}}, {"type": "Feature", "geometry": {"type": "Point", "coordinates": [-83.020581, 40.006602]}, "properties": {"vehicle_id": "4b8f64b1-8a70-4c27-9456-7ab56ca7c08e", "company": "Spin", "type": "scooter", "battery_pct": 54, "range_miles": 14.63, "is_available": true, "is_disabled": false, "last_reported": "1785840347"}}, {"type": "Feature", "geometry": {"type": "Point", "coordinates": [-83.00494670000002, 39.980161433333336]}, "properties": {"vehicle_id": "082df7c1-7fd8-49bf-a708-6f849ec36af0", "company": "Spin", "type": "scooter", "battery_pct": 30, "range_miles": 8.19, "is_available": true, "is_disabled": false, "last_reported": "1785840319"}}, {"type": "Feature", "geometry": {"type": "Point", "coordinates": [-83.009044, 40.006101]}, "properties": {"vehicle_id": "9265d7f6-b7b3-4e6c-a2ca-d76495c996d4", "company": "Spin", "type": "scooter", "battery_pct": 86, "range_miles": 23.41, "is_available": true, "is_disabled": false, "last_reported": "1785840179"}}, {"type": "Feature", "geometry": {"type": "Point", "coordinates": [-83.00312333333335, 39.978944999999996]}, "properties": {"vehicle_id": "a0eb9660-39c3-46c8-9810-dff63ba864c1", "company": "Spin", "type": "e-bike", "battery_pct": 91, "range_miles": 24.88, "is_available": true, "is_disabled": false, "last_reported": "1785840242"}}, {"type": "Feature", "geometry": {"type": "Point", "coordinates": [-82.97334000000001, 40.018119999999996]}, "properties": {"vehicle_id": "8caa0f1e-71f2-472f-b1c1-5da006317281", "company": "Spin", "type": "e-bike", "battery_pct": 38, "range_miles": 10.24, "is_available": true, "is_disabled": false, "last_reported": "1785840334"}}, {"type": "Feature", "geometry": {"type": "Point", "coordinates": [-83.0035141, 39.977880066666664]}, "properties": {"vehicle_id": "e4cca863-de49-459e-bcfb-6799d2ecb0bc", "company": "Spin", "type": "e-bike", "battery_pct": 88, "range_miles": 24.0, "is_available": true, "is_disabled": false, "last_reported": "1785840273"}}, {"type": "Feature", "geometry": {"type": "Point", "coordinates": [-83.0055299, 39.97865365]}, "properties": {"vehicle_id": "5266aafe-99aa-41e8-b9dc-0cfdd9244dda", "company": "Spin", "type": "scooter", "battery_pct": 100, "range_miles": 27.22, "is_available": true, "is_disabled": false, "last_reported": "1785840174"}}, {"type": "Feature", "geometry": {"type": "Point", "coordinates": [-82.970904, 40.00809]}, "properties": {"vehicle_id": "08fa78f1-55b1-4916-980c-36532ae7127f", "company": "Spin", "type": "scooter", "battery_pct": 70, "range_miles": 19.91, "is_available": true, "is_disabled": false, "last_reported": "1785840294"}}, {"type": "Feature", "geometry": {"type": "Point", "coordinates": [-83.00420979999998, 39.97445385]}, "properties": {"vehicle_id": "4cb3f4a1-6c2c-45d4-b900-67deacee1c47", "company": "Spin", "type": "e-bike", "battery_pct": 89, "range_miles": 24.29, "is_available": true, "is_disabled": false, "last_reported": "1785840328"}}, {"type": "Feature", "geometry": {"type": "Point", "coordinates": [-83.01142309999999, 39.95759173333333]}, "properties": {"vehicle_id": "bfde17dd-f5ff-45ce-840c-b03453238795", "company": "Spin", "type": "e-bike", "battery_pct": 32, "range_miles": 8.78, "is_available": true, "is_disabled": false, "last_reported": "1785840330"}}, {"type": "Feature", "geometry": {"type": "Point", "coordinates": [-83.0027764, 39.97373605]}, "properties": {"vehicle_id": "ce38ea17-7f8a-4b68-8744-cbad1d2d5513", "company": "Spin", "type": "e-bike", "battery_pct": 89, "range_miles": 24.29, "is_available": true, "is_disabled": false, "last_reported": "1785840271"}}, {"type": "Feature", "geometry": {"type": "Point", "coordinates": [-83.0035245, 39.97789575]}, "properties": {"vehicle_id": "6cd277f7-49f5-4085-ae29-b1e2024e73f5", "company": "Spin", "type": "e-bike", "battery_pct": 35, "range_miles": 9.66, "is_available": true, "is_disabled": false, "last_reported": "1785840352"}}, {"type": "Feature", "geometry": {"type": "Point", "coordinates": [-83.00519119999998, 39.97142735]}, "properties": {"vehicle_id": "ad97ed70-90ed-40bd-95cd-123a93d6fbe3", "company": "Spin", "type": "scooter", "battery_pct": 100, "range_miles": 27.22, "is_available": true, "is_disabled": false, "last_reported": "1785840305"}}, {"type": "Feature", "geometry": {"type": "Point", "coordinates": [-83.00864930000002, 39.96682713333333]}, "properties": {"vehicle_id": "7e68bc6a-762b-4f22-9e39-d2bd61e81979", "company": "Spin", "type": "e-bike", "battery_pct": 88, "range_miles": 24.0, "is_available": true, "is_disabled": false, "last_reported": "1785840338"}}, {"type": "Feature", "geometry": {"type": "Point", "coordinates": [-83.005255, 39.972315]}, "properties": {"vehicle_id": "c947130a-4da2-4007-8ad7-5a1bc399ddef", "company": "Spin", "type": "e-bike", "battery_pct": 97, "range_miles": 26.34, "is_available": true, "is_disabled": false, "last_reported": "1785840340"}}, {"type": "Feature", "geometry": {"type": "Point", "coordinates": [-83.00922469999999, 39.971362649999996]}, "properties": {"vehicle_id": "04c9c620-6884-4db4-b913-5e0e24904bf7", "company": "Spin", "type": "e-bike", "battery_pct": 89, "range_miles": 24.29, "is_available": true, "is_disabled": false, "last_reported": "1785840353"}}, {"type": "Feature", "geometry": {"type": "Point", "coordinates": [-83.00465833333334, 39.97259333333333]}, "properties": {"vehicle_id": "66779f7f-9704-4a68-bb64-3f914d4f287e", "company": "Spin", "type": "e-bike", "battery_pct": 99, "range_miles": 26.93, "is_available": true, "is_disabled": false, "last_reported": "1785840246"}}, {"type": "Feature", "geometry": {"type": "Point", "coordinates": [-83.0037067, 39.96902013333333]}, "properties": {"vehicle_id": "a4bb391b-dd75-44a5-931a-787364898d5d", "company": "Spin", "type": "scooter", "battery_pct": 91, "range_miles": 24.88, "is_available": true, "is_disabled": false, "last_reported": "1785840303"}}, {"type": "Feature", "geometry": {"type": "Point", "coordinates": [-83.0037153, 39.96900993333334]}, "properties": {"vehicle_id": "70e49737-1e02-49f0-9218-064ba8b27b84", "company": "Spin", "type": "scooter", "battery_pct": 35, "range_miles": 9.66, "is_available": true, "is_disabled": false, "last_reported": "1785840311"}}, {"type": "Feature", "geometry": {"type": "Point", "coordinates": [-83.00662660000002, 39.95398263333333]}, "properties": {"vehicle_id": "fd12d8e4-ed71-4145-a800-dc53a60c3cf7", "company": "Spin", "type": "e-bike", "battery_pct": 81, "range_miles": 21.95, "is_available": true, "is_disabled": false, "last_reported": "1785840245"}}, {"type": "Feature", "geometry": {"type": "Point", "coordinates": [-83.00664540000001, 39.95397093333334]}, "properties": {"vehicle_id": "c3dd5fe3-a1cd-4389-91c2-d0f403922793", "company": "Spin", "type": "e-bike", "battery_pct": 86, "range_miles": 23.41, "is_available": true, "is_disabled": false, "last_reported": "1785840242"}}, {"type": "Feature", "geometry": {"type": "Point", "coordinates": [-83.00659449999999, 39.95398453333333]}, "properties": {"vehicle_id": "2b80bdb8-714e-4ea5-b809-a838802014ac", "company": "Spin", "type": "e-bike", "battery_pct": 87, "range_miles": 23.71, "is_available": true, "is_disabled": false, "last_reported": "1785840297"}}, {"type": "Feature", "geometry": {"type": "Point", "coordinates": [-83.01210870000001, 39.96779923333334]}, "properties": {"vehicle_id": "80baf9f5-00c5-4cac-837c-8df9296ac194", "company": "Spin", "type": "e-bike", "battery_pct": 31, "range_miles": 8.49, "is_available": true, "is_disabled": false, "last_reported": "1785840325"}}, {"type": "Feature", "geometry": {"type": "Point", "coordinates": [-83.0121777, 39.967748633333336]}, "properties": {"vehicle_id": "42e6076e-6d19-47ac-b033-4d510be6ccd1", "company": "Spin", "type": "e-bike", "battery_pct": 63, "range_miles": 17.27, "is_available": true, "is_disabled": false, "last_reported": "1785840283"}}, {"type": "Feature", "geometry": {"type": "Point", "coordinates": [-83.00757833333334, 39.96840833333333]}, "properties": {"vehicle_id": "318a3701-8ec2-40e5-9abb-6e0082d7161b", "company": "Spin", "type": "e-bike", "battery_pct": 94, "range_miles": 25.46, "is_available": true, "is_disabled": false, "last_reported": "1785840348"}}, {"type": "Feature", "geometry": {"type": "Point", "coordinates": [-83.006382, 39.994075]}, "properties": {"vehicle_id": "07051149-fc25-4547-9b2a-57bbe60d8b35", "company": "Spin", "type": "scooter", "battery_pct": 55, "range_miles": 15.62, "is_available": true, "is_disabled": false, "last_reported": "1785840344"}}, {"type": "Feature", "geometry": {"type": "Point", "coordinates": [-82.99948073333334, 39.97217235]}, "properties": {"vehicle_id": "b908d3c7-5fc0-4db1-ab32-a1596017f159", "company": "Spin", "type": "e-bike", "battery_pct": 37, "range_miles": 9.95, "is_available": true, "is_disabled": false, "last_reported": "1785840149"}}, {"type": "Feature", "geometry": {"type": "Point", "coordinates": [-83.00797390000001, 39.999615133333336]}, "properties": {"vehicle_id": "91130fb8-c9e0-4643-97c6-b3d53f1e8829", "company": "Spin", "type": "scooter", "battery_pct": 34, "range_miles": 9.37, "is_available": true, "is_disabled": false, "last_reported": "1785840185"}}, {"type": "Feature", "geometry": {"type": "Point", "coordinates": [-83.01212848333334, 39.954895283333336]}, "properties": {"vehicle_id": "e7ac36fb-bf0e-48d3-a0d5-244a87af1f8c", "company": "Spin", "type": "e-bike", "battery_pct": 89, "range_miles": 24.29, "is_available": true, "is_disabled": false, "last_reported": "1785840329"}}, {"type": "Feature", "geometry": {"type": "Point", "coordinates": [-83.00933833333332, 39.96935333333333]}, "properties": {"vehicle_id": "c98ef288-4027-41b3-b215-937026d4747f", "company": "Spin", "type": "e-bike", "battery_pct": 92, "range_miles": 25.17, "is_available": true, "is_disabled": false, "last_reported": "1785840158"}}, {"type": "Feature", "geometry": {"type": "Point", "coordinates": [-83.00950999999999, 39.96969833333333]}, "properties": {"vehicle_id": "e070f7d2-61ff-464e-9c1b-898c0fda2464", "company": "Spin", "type": "e-bike", "battery_pct": 96, "range_miles": 26.05, "is_available": true, "is_disabled": false, "last_reported": "1785840343"}}, {"type": "Feature", "geometry": {"type": "Point", "coordinates": [-83.01234333333332, 39.96756833333333]}, "properties": {"vehicle_id": "991aec5e-14fd-4e7d-93f9-e66fa7925813", "company": "Spin", "type": "e-bike", "battery_pct": 98, "range_miles": 26.63, "is_available": true, "is_disabled": false, "last_reported": "1785840320"}}, {"type": "Feature", "geometry": {"type": "Point", "coordinates": [-82.99917353333333, 39.968496933333334]}, "properties": {"vehicle_id": "fb172dbc-18d3-40b6-b00e-ecdbcac19b44", "company": "Spin", "type": "e-bike", "battery_pct": 84, "range_miles": 22.83, "is_available": true, "is_disabled": false, "last_reported": "1785840098"}}, {"type": "Feature", "geometry": {"type": "Point", "coordinates": [-82.99221463333333, 39.92752143333333]}, "properties": {"vehicle_id": "a49bd8c4-dbd1-4ddc-9cec-943effba034e", "company": "Spin", "type": "e-bike", "battery_pct": 89, "range_miles": 24.29, "is_available": true, "is_disabled": false, "last_reported": "1785840342"}}, {"type": "Feature", "geometry": {"type": "Point", "coordinates": [-83.02460833333335, 39.95893]}, "properties": {"vehicle_id": "94eda4f2-61a7-4be3-91d7-0682032a9c67", "company": "Spin", "type": "e-bike", "battery_pct": 78, "range_miles": 21.36, "is_available": true, "is_disabled": false, "last_reported": "1785840138"}}, {"type": "Feature", "geometry": {"type": "Point", "coordinates": [-83.02459833333333, 39.95890333333333]}, "properties": {"vehicle_id": "a73ab616-e4ec-4e89-80f9-0ec7f8afac56", "company": "Spin", "type": "e-bike", "battery_pct": 19, "range_miles": 5.27, "is_available": true, "is_disabled": false, "last_reported": "1785840130"}}, {"type": "Feature", "geometry": {"type": "Point", "coordinates": [-83.02459500000002, 39.95891166666667]}, "properties": {"vehicle_id": "303f4629-768c-4b94-8851-862656871b1b", "company": "Spin", "type": "e-bike", "battery_pct": 54, "range_miles": 14.63, "is_available": true, "is_disabled": false, "last_reported": "1785840280"}}, {"type": "Feature", "geometry": {"type": "Point", "coordinates": [-82.979076, 39.99586]}, "properties": {"vehicle_id": "68090b3f-df93-4b9f-becb-e64a267e2da4", "company": "Spin", "type": "scooter", "battery_pct": 62, "range_miles": 17.77, "is_available": true, "is_disabled": false, "last_reported": "1785840330"}}, {"type": "Feature", "geometry": {"type": "Point", "coordinates": [-82.98889515, 39.95237533333333]}, "properties": {"vehicle_id": "925ec535-9ba6-4926-bdd7-3e8a6360a586", "company": "Spin", "type": "scooter", "battery_pct": 67, "range_miles": 18.15, "is_available": true, "is_disabled": false, "last_reported": "1785840235"}}, {"type": "Feature", "geometry": {"type": "Point", "coordinates": [-82.98973, 40.030633]}, "properties": {"vehicle_id": "fe628552-8b1e-43e4-9577-76ccbed63b7c", "company": "Spin", "type": "scooter", "battery_pct": 100, "range_miles": 27.22, "is_available": true, "is_disabled": false, "last_reported": "1785840350"}}, {"type": "Feature", "geometry": {"type": "Point", "coordinates": [-82.99563303333335, 39.99782463333334]}, "properties": {"vehicle_id": "49048666-8d14-493c-b411-3632edabdb0a", "company": "Spin", "type": "scooter", "battery_pct": 87, "range_miles": 23.71, "is_available": true, "is_disabled": false, "last_reported": "1785840213"}}, {"type": "Feature", "geometry": {"type": "Point", "coordinates": [-83.01401666666668, 39.960771666666666]}, "properties": {"vehicle_id": "a4bf05e7-4d4e-49b1-8be6-d56951a3f9c8", "company": "Spin", "type": "e-bike", "battery_pct": 83, "range_miles": 22.54, "is_available": true, "is_disabled": false, "last_reported": "1785840336"}}, {"type": "Feature", "geometry": {"type": "Point", "coordinates": [-83.0040866, 39.97999155]}, "properties": {"vehicle_id": "9ae00f35-8d81-4bde-9607-39c93f74512f", "company": "Spin", "type": "e-bike", "battery_pct": 71, "range_miles": 19.32, "is_available": true, "is_disabled": false, "last_reported": "1785840261"}}, {"type": "Feature", "geometry": {"type": "Point", "coordinates": [-82.97905, 39.99589]}, "properties": {"vehicle_id": "b28b0f66-c930-4935-b4f1-ff28c2a37e9f", "company": "Spin", "type": "scooter", "battery_pct": 19, "range_miles": 5.27, "is_available": true, "is_disabled": false, "last_reported": "1785840341"}}, {"type": "Feature", "geometry": {"type": "Point", "coordinates": [-82.979819, 39.993787]}, "properties": {"vehicle_id": "67db92ce-7a29-4e9d-a314-c8faa90b5874", "company": "Spin", "type": "scooter", "battery_pct": 18, "range_miles": 4.98, "is_available": true, "is_disabled": false, "last_reported": "1785840353"}}, {"type": "Feature", "geometry": {"type": "Point", "coordinates": [-82.978582, 39.996014]}, "properties": {"vehicle_id": "da307f15-1564-4397-9b6a-792be5d5da62", "company": "Spin", "type": "scooter", "battery_pct": 45, "range_miles": 12.29, "is_available": true, "is_disabled": false, "last_reported": "1785840334"}}, {"type": "Feature", "geometry": {"type": "Point", "coordinates": [-82.99805003333334, 39.96712553333334]}, "properties": {"vehicle_id": "99705a30-4958-4a87-9167-1a57e43c7bf0", "company": "Spin", "type": "e-bike", "battery_pct": 95, "range_miles": 25.75, "is_available": true, "is_disabled": false, "last_reported": "1785840334"}}, {"type": "Feature", "geometry": {"type": "Point", "coordinates": [-82.986741, 40.036383]}, "properties": {"vehicle_id": "b119b1b7-5ae2-47cb-844c-6ff21654ebf8", "company": "Spin", "type": "scooter", "battery_pct": 95, "range_miles": 25.75, "is_available": true, "is_disabled": false, "last_reported": "1785840228"}}, {"type": "Feature", "geometry": {"type": "Point", "coordinates": [-83.008395, 39.958376666666666]}, "properties": {"vehicle_id": "331ab31a-c3b6-49de-ad9d-6ec7881ec4af", "company": "Spin", "type": "e-bike", "battery_pct": 94, "range_miles": 25.46, "is_available": true, "is_disabled": false, "last_reported": "1785840350"}}, {"type": "Feature", "geometry": {"type": "Point", "coordinates": [-83.00187313333332, 39.96917595]}, "properties": {"vehicle_id": "e976ada9-f05d-4775-a5b0-2ea9770a547e", "company": "Spin", "type": "e-bike", "battery_pct": 29, "range_miles": 7.9, "is_available": true, "is_disabled": false, "last_reported": "1785840211"}}, {"type": "Feature", "geometry": {"type": "Point", "coordinates": [-83.00364833333333, 39.957165]}, "properties": {"vehicle_id": "7fe7522a-81a3-4eb1-b155-e0dbdd18a25d", "company": "Spin", "type": "e-bike", "battery_pct": 40, "range_miles": 10.83, "is_available": true, "is_disabled": false, "last_reported": "1785840287"}}, {"type": "Feature", "geometry": {"type": "Point", "coordinates": [-83.00242833333331, 39.96715166666667]}, "properties": {"vehicle_id": "977102b3-ea0e-4854-b15b-523bb00f195a", "company": "Spin", "type": "e-bike", "battery_pct": 72, "range_miles": 19.61, "is_available": true, "is_disabled": false, "last_reported": "1785840326"}}, {"type": "Feature", "geometry": {"type": "Point", "coordinates": [-83.018714, 40.0437392]}, "properties": {"vehicle_id": "eb446a85-5e41-4b99-be09-1d7f01910684", "company": "Spin", "type": "e-bike", "battery_pct": 28, "range_miles": 7.61, "is_available": true, "is_disabled": false, "last_reported": "1785840340"}}, {"type": "Feature", "geometry": {"type": "Point", "coordinates": [-83.00439759999999, 39.97447715]}, "properties": {"vehicle_id": "f3e5c1b0-14f2-4492-a6fa-55ca932706c2", "company": "Spin", "type": "e-bike", "battery_pct": 42, "range_miles": 11.41, "is_available": true, "is_disabled": false, "last_reported": "1785840323"}}, {"type": "Feature", "geometry": {"type": "Point", "coordinates": [-83.0056919, 39.96843293333333]}, "properties": {"vehicle_id": "5213d0d5-913c-4d43-a49f-82fefe1fa761", "company": "Spin", "type": "e-bike", "battery_pct": 70, "range_miles": 19.02, "is_available": true, "is_disabled": false, "last_reported": "1785840249"}}, {"type": "Feature", "geometry": {"type": "Point", "coordinates": [-82.96820643333334, 39.939661533333336]}, "properties": {"vehicle_id": "43029fdf-4b0e-4ff9-9bf9-dfedf46b3871", "company": "Spin", "type": "e-bike", "battery_pct": 86, "range_miles": 23.41, "is_available": true, "is_disabled": false, "last_reported": "1785840313"}}, {"type": "Feature", "geometry": {"type": "Point", "coordinates": [-82.99203053333333, 39.96608893333334]}, "properties": {"vehicle_id": "9f060f7b-cf4d-4195-851a-c3e689ac30ce", "company": "Spin", "type": "e-bike", "battery_pct": 39, "range_miles": 10.54, "is_available": true, "is_disabled": false, "last_reported": "1785840330"}}, {"type": "Feature", "geometry": {"type": "Point", "coordinates": [-83.00179166666666, 39.958441666666666]}, "properties": {"vehicle_id": "16fc471a-3f30-490e-a886-81591bf5f499", "company": "Spin", "type": "e-bike", "battery_pct": 81, "range_miles": 21.95, "is_available": true, "is_disabled": false, "last_reported": "1785840293"}}, {"type": "Feature", "geometry": {"type": "Point", "coordinates": [-83.0227809, 39.97447885]}, "properties": {"vehicle_id": "0fa2093e-992a-42a3-98cc-33feaa240109", "company": "Spin", "type": "e-bike", "battery_pct": 24, "range_miles": 6.44, "is_available": true, "is_disabled": false, "last_reported": "1785840272"}}, {"type": "Feature", "geometry": {"type": "Point", "coordinates": [-83.00237110000002, 39.95705893333333]}, "properties": {"vehicle_id": "367453cc-f65b-4af0-ae13-318cc8c536ef", "company": "Spin", "type": "e-bike", "battery_pct": 88, "range_miles": 24.0, "is_available": true, "is_disabled": false, "last_reported": "1785840329"}}, {"type": "Feature", "geometry": {"type": "Point", "coordinates": [-83.00294950000001, 39.97476605]}, "properties": {"vehicle_id": "7a4ee638-2df8-47d4-8714-2b58c4dba731", "company": "Spin", "type": "e-bike", "battery_pct": 87, "range_miles": 23.71, "is_available": true, "is_disabled": false, "last_reported": "1785840301"}}, {"type": "Feature", "geometry": {"type": "Point", "coordinates": [-83.01245259999999, 39.96008263333333]}, "properties": {"vehicle_id": "4cdee35b-4787-46c2-9883-95d9f5f02aef", "company": "Spin", "type": "e-bike", "battery_pct": 44, "range_miles": 12.0, "is_available": true, "is_disabled": false, "last_reported": "1785840293"}}, {"type": "Feature", "geometry": {"type": "Point", "coordinates": [-83.00469790000001, 39.97334635]}, "properties": {"vehicle_id": "a7831cfe-94f4-4290-ab51-40bad6335748", "company": "Spin", "type": "scooter", "battery_pct": 85, "range_miles": 23.12, "is_available": true, "is_disabled": false, "last_reported": "1785840242"}}, {"type": "Feature", "geometry": {"type": "Point", "coordinates": [-83.0270265, 39.99488863333333]}, "properties": {"vehicle_id": "dbe8b19b-5c12-4561-a9c1-a2fde93a5f32", "company": "Spin", "type": "e-bike", "battery_pct": 15, "range_miles": 4.1, "is_available": true, "is_disabled": false, "last_reported": "1785840207"}}, {"type": "Feature", "geometry": {"type": "Point", "coordinates": [-82.99595843333333, 40.0017861]}, "properties": {"vehicle_id": "08e4791c-6957-46cc-9970-b98887960c95", "company": "Spin", "type": "e-bike", "battery_pct": 51, "range_miles": 13.76, "is_available": true, "is_disabled": false, "last_reported": "1785840278"}}, {"type": "Feature", "geometry": {"type": "Point", "coordinates": [-82.983667, 39.997257]}, "properties": {"vehicle_id": "260d8de5-694b-47e5-a615-952e7f3f4436", "company": "Spin", "type": "scooter", "battery_pct": 61, "range_miles": 16.68, "is_available": true, "is_disabled": false, "last_reported": "1785840268"}}, {"type": "Feature", "geometry": {"type": "Point", "coordinates": [-83.031695, 39.958290000000005]}, "properties": {"vehicle_id": "c0d17a7d-0dfb-4289-b872-2f963792585e", "company": "Spin", "type": "e-bike", "battery_pct": 25, "range_miles": 6.73, "is_available": true, "is_disabled": false, "last_reported": "1785840338"}}, {"type": "Feature", "geometry": {"type": "Point", "coordinates": [-82.98126666666667, 39.99416833333333]}, "properties": {"vehicle_id": "aa14ab0c-2a46-47f7-8d5e-ef0fcfab6196", "company": "Spin", "type": "e-bike", "battery_pct": 94, "range_miles": 25.46, "is_available": true, "is_disabled": false, "last_reported": "1785840355"}}, {"type": "Feature", "geometry": {"type": "Point", "coordinates": [-82.98106833333334, 39.993534999999994]}, "properties": {"vehicle_id": "2e94e35b-488a-4abd-b295-63968d4572ff", "company": "Spin", "type": "e-bike", "battery_pct": 45, "range_miles": 12.29, "is_available": true, "is_disabled": false, "last_reported": "1785840350"}}, {"type": "Feature", "geometry": {"type": "Point", "coordinates": [-83.04322070000002, 39.984981733333335]}, "properties": {"vehicle_id": "1bee998d-0699-4148-8f07-f3cd63657625", "company": "Spin", "type": "e-bike", "battery_pct": 26, "range_miles": 7.02, "is_available": true, "is_disabled": false, "last_reported": "1785840304"}}, {"type": "Feature", "geometry": {"type": "Point", "coordinates": [-82.978399, 39.997888]}, "properties": {"vehicle_id": "529e54c2-d6f4-4b91-93e0-ab082027d7c9", "company": "Spin", "type": "scooter", "battery_pct": 96, "range_miles": 26.05, "is_available": true, "is_disabled": false, "last_reported": "1785840340"}}, {"type": "Feature", "geometry": {"type": "Point", "coordinates": [-83.01362859999999, 39.98949965]}, "properties": {"vehicle_id": "e0c6171d-9e8b-44ff-8909-9f06042601be", "company": "Spin", "type": "e-bike", "battery_pct": 40, "range_miles": 10.83, "is_available": true, "is_disabled": false, "last_reported": "1785840297"}}, {"type": "Feature", "geometry": {"type": "Point", "coordinates": [-83.0136484, 39.98951705]}, "properties": {"vehicle_id": "0e24da37-e21b-4770-9321-1b5d403a07a0", "company": "Spin", "type": "e-bike", "battery_pct": 43, "range_miles": 11.71, "is_available": true, "is_disabled": false, "last_reported": "1785840299"}}, {"type": "Feature", "geometry": {"type": "Point", "coordinates": [-82.981067, 39.993542]}, "properties": {"vehicle_id": "80622ace-cede-4193-b9c5-8d0008fd15b8", "company": "Spin", "type": "scooter", "battery_pct": 100, "range_miles": 27.22, "is_available": true, "is_disabled": false, "last_reported": "1785840347"}}, {"type": "Feature", "geometry": {"type": "Point", "coordinates": [-82.981066, 39.993537]}, "properties": {"vehicle_id": "a5910c8c-a46b-4887-9480-09ec936fb743", "company": "Spin", "type": "scooter", "battery_pct": 100, "range_miles": 27.22, "is_available": true, "is_disabled": false, "last_reported": "1785840328"}}, {"type": "Feature", "geometry": {"type": "Point", "coordinates": [-82.981046, 39.993531]}, "properties": {"vehicle_id": "1e1fb628-9f15-4461-84bb-2908202ccc48", "company": "Spin", "type": "scooter", "battery_pct": 100, "range_miles": 27.22, "is_available": true, "is_disabled": false, "last_reported": "1785840166"}}, {"type": "Feature", "geometry": {"type": "Point", "coordinates": [-83.01147530000001, 39.97839535]}, "properties": {"vehicle_id": "1bd71689-cf18-40cf-b86a-8553c1ff9182", "company": "Spin", "type": "e-bike", "battery_pct": 68, "range_miles": 18.44, "is_available": true, "is_disabled": false, "last_reported": "1785840123"}}, {"type": "Feature", "geometry": {"type": "Point", "coordinates": [-83.01339379999999, 40.0114879]}, "properties": {"vehicle_id": "bcdf5538-09a7-4928-ae5c-ad101ec49f92", "company": "Spin", "type": "e-bike", "battery_pct": 68, "range_miles": 18.44, "is_available": true, "is_disabled": false, "last_reported": "1785840334"}}, {"type": "Feature", "geometry": {"type": "Point", "coordinates": [-83.005035, 39.985791666666664]}, "properties": {"vehicle_id": "b3aeb06f-59f8-4188-9208-5e56ac05ba6a", "company": "Spin", "type": "e-bike", "battery_pct": 53, "range_miles": 14.34, "is_available": true, "is_disabled": false, "last_reported": "1785840179"}}, {"type": "Feature", "geometry": {"type": "Point", "coordinates": [-83.0047622, 39.98079233333333]}, "properties": {"vehicle_id": "bb023e9d-f585-46a3-ae3f-463ecbb4c3ce", "company": "Spin", "type": "e-bike", "battery_pct": 76, "range_miles": 20.78, "is_available": true, "is_disabled": false, "last_reported": "1785840149"}}, {"type": "Feature", "geometry": {"type": "Point", "coordinates": [-82.95438693333332, 39.95116233333333]}, "properties": {"vehicle_id": "b38f51ad-3c7a-45c6-b8ce-8a3dd4b0e98f", "company": "Spin", "type": "scooter", "battery_pct": 46, "range_miles": 12.58, "is_available": true, "is_disabled": false, "last_reported": "1785840287"}}, {"type": "Feature", "geometry": {"type": "Point", "coordinates": [-83.029137, 39.958759]}, "properties": {"vehicle_id": "9743f9fd-cdb6-4f12-939f-f9b9098e6357", "company": "Spin", "type": "scooter", "battery_pct": 94, "range_miles": 26.65, "is_available": true, "is_disabled": false, "last_reported": "1785840181"}}, {"type": "Feature", "geometry": {"type": "Point", "coordinates": [-83.0139706, 39.96088313333333]}, "properties": {"vehicle_id": "2577f9ae-f6a4-471e-b83e-c2fd6fe304ca", "company": "Spin", "type": "e-bike", "battery_pct": 90, "range_miles": 24.58, "is_available": true, "is_disabled": false, "last_reported": "1785840349"}}, {"type": "Feature", "geometry": {"type": "Point", "coordinates": [-83.022306, 39.974355]}, "properties": {"vehicle_id": "6d08207e-e647-4533-8e69-2b5cdfd0b424", "company": "Spin", "type": "scooter", "battery_pct": 86, "range_miles": 23.41, "is_available": true, "is_disabled": false, "last_reported": "1785840323"}}, {"type": "Feature", "geometry": {"type": "Point", "coordinates": [-83.0006512, 40.000727]}, "properties": {"vehicle_id": "aa94431a-71cc-4149-86a8-ac7a0685ae2e", "company": "Spin", "type": "scooter", "battery_pct": 27, "range_miles": 7.32, "is_available": true, "is_disabled": false, "last_reported": "1785840272"}}, {"type": "Feature", "geometry": {"type": "Point", "coordinates": [-82.978163, 39.977038]}, "properties": {"vehicle_id": "4479f715-7c7d-4a48-8c2f-20b452155609", "company": "Spin", "type": "scooter", "battery_pct": 30, "range_miles": 8.19, "is_available": true, "is_disabled": false, "last_reported": "1785840339"}}, {"type": "Feature", "geometry": {"type": "Point", "coordinates": [-83.00537770000001, 39.97853835]}, "properties": {"vehicle_id": "64322a62-6e53-4202-a778-8ff69dd615c5", "company": "Spin", "type": "scooter", "battery_pct": 78, "range_miles": 21.36, "is_available": true, "is_disabled": false, "last_reported": "1785840211"}}, {"type": "Feature", "geometry": {"type": "Point", "coordinates": [-83.01126989999999, 39.983176433333334]}, "properties": {"vehicle_id": "ddec36b0-b7bc-46ce-86ce-db0c279929ec", "company": "Spin", "type": "scooter", "battery_pct": 76, "range_miles": 20.78, "is_available": true, "is_disabled": false, "last_reported": "1785840319"}}, {"type": "Feature", "geometry": {"type": "Point", "coordinates": [-83.00306309999999, 39.97479585]}, "properties": {"vehicle_id": "200ba309-afa3-4932-bc69-10546a850528", "company": "Spin", "type": "e-bike", "battery_pct": 86, "range_miles": 23.41, "is_available": true, "is_disabled": false, "last_reported": "1785840334"}}, {"type": "Feature", "geometry": {"type": "Point", "coordinates": [-83.00310970000001, 39.974696650000006]}, "properties": {"vehicle_id": "419cec6c-9d78-4633-8e6f-941c875a8f68", "company": "Spin", "type": "e-bike", "battery_pct": 95, "range_miles": 25.75, "is_available": true, "is_disabled": false, "last_reported": "1785840270"}}, {"type": "Feature", "geometry": {"type": "Point", "coordinates": [-82.99676763333333, 39.95717173333333]}, "properties": {"vehicle_id": "9b15d7b9-c47f-4d84-8b73-c8d3b024d21c", "company": "Spin", "type": "e-bike", "battery_pct": 57, "range_miles": 15.51, "is_available": true, "is_disabled": false, "last_reported": "1785840354"}}, {"type": "Feature", "geometry": {"type": "Point", "coordinates": [-83.0141698, 39.957838233333334]}, "properties": {"vehicle_id": "39da0346-3b4b-431c-b35f-a2cf7e2e251f", "company": "Spin", "type": "e-bike", "battery_pct": 34, "range_miles": 9.37, "is_available": true, "is_disabled": false, "last_reported": "1785840251"}}, {"type": "Feature", "geometry": {"type": "Point", "coordinates": [-82.972863, 39.965495]}, "properties": {"vehicle_id": "982731b8-0830-4295-9d28-57795bebc0f9", "company": "Spin", "type": "scooter", "battery_pct": 29, "range_miles": 7.9, "is_available": true, "is_disabled": false, "last_reported": "1785840318"}}, {"type": "Feature", "geometry": {"type": "Point", "coordinates": [-82.99882213333333, 39.95183133333333]}, "properties": {"vehicle_id": "dfe1a3bf-d1ed-48fd-8385-dd12937076f3", "company": "Spin", "type": "e-bike", "battery_pct": 68, "range_miles": 18.44, "is_available": true, "is_disabled": false, "last_reported": "1785840175"}}, {"type": "Feature", "geometry": {"type": "Point", "coordinates": [-82.99811283333332, 39.95797923333334]}, "properties": {"vehicle_id": "9bfc5d44-a76f-47b2-b694-a19191cef4a9", "company": "Spin", "type": "scooter", "battery_pct": 20, "range_miles": 5.56, "is_available": true, "is_disabled": false, "last_reported": "1785840351"}}, {"type": "Feature", "geometry": {"type": "Point", "coordinates": [-83.02448969999999, 40.0184637]}, "properties": {"vehicle_id": "339c126d-35d6-4f6f-8d38-9e51591a26b9", "company": "Spin", "type": "e-bike", "battery_pct": 84, "range_miles": 22.83, "is_available": true, "is_disabled": false, "last_reported": "1785840329"}}, {"type": "Feature", "geometry": {"type": "Point", "coordinates": [-83.010793, 40.013334]}, "properties": {"vehicle_id": "8d7470c2-1544-45e5-916e-3acfe1822061", "company": "Spin", "type": "scooter", "battery_pct": 15, "range_miles": 4.1, "is_available": true, "is_disabled": false, "last_reported": "1785840309"}}, {"type": "Feature", "geometry": {"type": "Point", "coordinates": [-82.99973153333333, 39.96171893333334]}, "properties": {"vehicle_id": "357fa89d-ca89-4963-b790-1442a16d4049", "company": "Spin", "type": "e-bike", "battery_pct": 57, "range_miles": 15.51, "is_available": true, "is_disabled": false, "last_reported": "1785840150"}}, {"type": "Feature", "geometry": {"type": "Point", "coordinates": [-83.0051839, 39.965988333333335]}, "properties": {"vehicle_id": "8e2723ad-0c3a-421b-9cf4-b4239d29f876", "company": "Spin", "type": "e-bike", "battery_pct": 86, "range_miles": 23.41, "is_available": true, "is_disabled": false, "last_reported": "1785840341"}}, {"type": "Feature", "geometry": {"type": "Point", "coordinates": [-83.00331759999999, 39.97563235]}, "properties": {"vehicle_id": "54a01bf2-eb22-4fe4-96a9-652410d5a37d", "company": "Spin", "type": "e-bike", "battery_pct": 84, "range_miles": 22.83, "is_available": true, "is_disabled": false, "last_reported": "1785840341"}}, {"type": "Feature", "geometry": {"type": "Point", "coordinates": [-83.0261736, 39.99078883333333]}, "properties": {"vehicle_id": "7b2c8bf8-4a57-48f2-a764-3c2ef3de33c6", "company": "Spin", "type": "scooter", "battery_pct": 66, "range_miles": 17.85, "is_available": true, "is_disabled": false, "last_reported": "1785840354"}}, {"type": "Feature", "geometry": {"type": "Point", "coordinates": [-83.0035638, 39.977469150000005]}, "properties": {"vehicle_id": "ac024eb6-79a2-41ed-8b58-0a569e0e5ea2", "company": "Spin", "type": "e-bike", "battery_pct": 85, "range_miles": 23.12, "is_available": true, "is_disabled": false, "last_reported": "1785840259"}}, {"type": "Feature", "geometry": {"type": "Point", "coordinates": [-82.99533153333331, 39.987488633333335]}, "properties": {"vehicle_id": "c11a2226-754d-4c75-bf34-274fa6429e9c", "company": "Spin", "type": "e-bike", "battery_pct": 51, "range_miles": 13.76, "is_available": true, "is_disabled": false, "last_reported": "1785840270"}}, {"type": "Feature", "geometry": {"type": "Point", "coordinates": [-82.99520583333333, 39.98729993333333]}, "properties": {"vehicle_id": "cf77b8a5-dd43-4284-b9a7-d14d81cab5fb", "company": "Spin", "type": "e-bike", "battery_pct": 63, "range_miles": 17.27, "is_available": true, "is_disabled": false, "last_reported": "1785840319"}}, {"type": "Feature", "geometry": {"type": "Point", "coordinates": [-83.00458166666667, 39.97233666666667]}, "properties": {"vehicle_id": "75aaa6ea-10a2-41a8-9883-7e1d9ff12e96", "company": "Spin", "type": "e-bike", "battery_pct": 24, "range_miles": 6.44, "is_available": true, "is_disabled": false, "last_reported": "1785840133"}}, {"type": "Feature", "geometry": {"type": "Point", "coordinates": [-82.965546, 40.017049]}, "properties": {"vehicle_id": "187f1dab-9342-4bca-9448-21274852e2c8", "company": "Spin", "type": "scooter", "battery_pct": 96, "range_miles": 26.05, "is_available": true, "is_disabled": false, "last_reported": "1785840327"}}, {"type": "Feature", "geometry": {"type": "Point", "coordinates": [-82.967043, 40.014525]}, "properties": {"vehicle_id": "463d0533-a862-43e3-a775-95eeadf9d934", "company": "Spin", "type": "scooter", "battery_pct": 96, "range_miles": 26.05, "is_available": true, "is_disabled": false, "last_reported": "1785840350"}}, {"type": "Feature", "geometry": {"type": "Point", "coordinates": [-83.042501, 39.956687]}, "properties": {"vehicle_id": "2cd4ad9e-dad2-4f21-bd09-9a13a9a1034d", "company": "Spin", "type": "scooter", "battery_pct": 98, "range_miles": 26.63, "is_available": true, "is_disabled": false, "last_reported": "1785840351"}}, {"type": "Feature", "geometry": {"type": "Point", "coordinates": [-82.95637853333334, 40.0128912]}, "properties": {"vehicle_id": "9b3f19b0-62f1-4ea4-a7d2-b5cf74764aa1", "company": "Spin", "type": "scooter", "battery_pct": 91, "range_miles": 24.88, "is_available": true, "is_disabled": false, "last_reported": "1785840202"}}, {"type": "Feature", "geometry": {"type": "Point", "coordinates": [-83.0054925, 39.986308433333335]}, "properties": {"vehicle_id": "780c6054-e49e-4dac-ba97-b3bd45c2ed5c", "company": "Spin", "type": "e-bike", "battery_pct": 82, "range_miles": 22.24, "is_available": true, "is_disabled": false, "last_reported": "1785840181"}}, {"type": "Feature", "geometry": {"type": "Point", "coordinates": [-82.967171, 40.013766]}, "properties": {"vehicle_id": "e657a5e8-8aeb-41e9-b32a-161bbad4581f", "company": "Spin", "type": "scooter", "battery_pct": 95, "range_miles": 26.96, "is_available": true, "is_disabled": false, "last_reported": "1785840184"}}, {"type": "Feature", "geometry": {"type": "Point", "coordinates": [-83.00456520000002, 39.97207595]}, "properties": {"vehicle_id": "d2f1a7a1-b2f6-4201-828a-60fd70e48185", "company": "Spin", "type": "e-bike", "battery_pct": 31, "range_miles": 8.49, "is_available": true, "is_disabled": false, "last_reported": "1785840295"}}, {"type": "Feature", "geometry": {"type": "Point", "coordinates": [-82.97495285000001, 39.95044813333333]}, "properties": {"vehicle_id": "a171141d-d2a6-482b-ae85-6af3c3edf1e9", "company": "Spin", "type": "e-bike", "battery_pct": 86, "range_miles": 23.41, "is_available": true, "is_disabled": false, "last_reported": "1785840218"}}, {"type": "Feature", "geometry": {"type": "Point", "coordinates": [-83.004722, 39.972268]}, "properties": {"vehicle_id": "2abe9772-b936-4c9f-b9a1-d2087bbaa3a2", "company": "Spin", "type": "scooter", "battery_pct": 17, "range_miles": 4.68, "is_available": true, "is_disabled": false, "last_reported": "1785840352"}}, {"type": "Feature", "geometry": {"type": "Point", "coordinates": [-83.00960850000001, 39.98738813333333]}, "properties": {"vehicle_id": "58a639b1-88d6-4de0-b4b6-ced88f7bf302", "company": "Spin", "type": "e-bike", "battery_pct": 83, "range_miles": 22.54, "is_available": true, "is_disabled": false, "last_reported": "1785840141"}}, {"type": "Feature", "geometry": {"type": "Point", "coordinates": [-83.036482, 39.944568]}, "properties": {"vehicle_id": "33c650b4-8731-4a21-8173-2aec87d405c3", "company": "Spin", "type": "scooter", "battery_pct": 29, "range_miles": 7.9, "is_available": true, "is_disabled": false, "last_reported": "1785840178"}}, {"type": "Feature", "geometry": {"type": "Point", "coordinates": [-83.00220499999999, 39.96226]}, "properties": {"vehicle_id": "854b1664-22a2-41ce-9ce7-7ef674ba8002", "company": "Spin", "type": "e-bike", "battery_pct": 44, "range_miles": 12.0, "is_available": true, "is_disabled": false, "last_reported": "1785840336"}}, {"type": "Feature", "geometry": {"type": "Point", "coordinates": [-82.967717, 40.013616]}, "properties": {"vehicle_id": "99af634a-d138-46da-8c00-2994d1b1f19f", "company": "Spin", "type": "scooter", "battery_pct": 100, "range_miles": 27.22, "is_available": true, "is_disabled": false, "last_reported": "1785840340"}}, {"type": "Feature", "geometry": {"type": "Point", "coordinates": [-82.97411666666667, 39.956535]}, "properties": {"vehicle_id": "9d912a12-a927-4bf8-8600-32533932b783", "company": "Spin", "type": "e-bike", "battery_pct": 65, "range_miles": 17.56, "is_available": true, "is_disabled": false, "last_reported": "1785840186"}}, {"type": "Feature", "geometry": {"type": "Point", "coordinates": [-82.94882083333331, 39.95018713333333]}, "properties": {"vehicle_id": "6240aff4-5fb9-4015-bf85-13c4ae9bd425", "company": "Spin", "type": "e-bike", "battery_pct": 83, "range_miles": 22.54, "is_available": true, "is_disabled": false, "last_reported": "1785840247"}}, {"type": "Feature", "geometry": {"type": "Point", "coordinates": [-83.04177460000001, 39.96067993333334]}, "properties": {"vehicle_id": "003f6be6-3a74-457f-bbc8-d49ce6ebc10f", "company": "Spin", "type": "e-bike", "battery_pct": 90, "range_miles": 24.58, "is_available": true, "is_disabled": false, "last_reported": "1785840300"}}, {"type": "Feature", "geometry": {"type": "Point", "coordinates": [-82.99536823333334, 39.96300853333333]}, "properties": {"vehicle_id": "a719a4d4-742c-4fb8-bd08-f8fdbf68f18f", "company": "Spin", "type": "scooter", "battery_pct": 78, "range_miles": 21.36, "is_available": true, "is_disabled": false, "last_reported": "1785840276"}}, {"type": "Feature", "geometry": {"type": "Point", "coordinates": [-82.97044, 40.00898333333334]}, "properties": {"vehicle_id": "9d0724f4-2132-494d-a973-3130fbd19223", "company": "Spin", "type": "e-bike", "battery_pct": 95, "range_miles": 25.75, "is_available": true, "is_disabled": false, "last_reported": "1785840204"}}, {"type": "Feature", "geometry": {"type": "Point", "coordinates": [-83.00523810000001, 40.0047278]}, "properties": {"vehicle_id": "0c12d739-8ef0-4670-88b2-19fcf833ae13", "company": "Spin", "type": "e-bike", "battery_pct": 41, "range_miles": 11.12, "is_available": true, "is_disabled": false, "last_reported": "1785840323"}}, {"type": "Feature", "geometry": {"type": "Point", "coordinates": [-83.033902, 39.95979]}, "properties": {"vehicle_id": "94461f03-e5ed-4f38-ac3b-ad44d442f880", "company": "Spin", "type": "scooter", "battery_pct": 100, "range_miles": 27.22, "is_available": true, "is_disabled": false, "last_reported": "1785840230"}}, {"type": "Feature", "geometry": {"type": "Point", "coordinates": [-83.00211865000001, 39.97068023333333]}, "properties": {"vehicle_id": "6cbf1cdd-58c5-4af1-9997-b1640089be9f", "company": "Spin", "type": "e-bike", "battery_pct": 85, "range_miles": 23.12, "is_available": true, "is_disabled": false, "last_reported": "1785840166"}}, {"type": "Feature", "geometry": {"type": "Point", "coordinates": [-83.030497, 39.958865]}, "properties": {"vehicle_id": "716d8ed6-8d47-4364-9141-86e260564ef0", "company": "Spin", "type": "scooter", "battery_pct": 98, "range_miles": 26.63, "is_available": true, "is_disabled": false, "last_reported": "1785840264"}}, {"type": "Feature", "geometry": {"type": "Point", "coordinates": [-82.969165, 39.973]}, "properties": {"vehicle_id": "5526cbdd-6d33-4e02-9dd4-30ec8f6c361e", "company": "Spin", "type": "e-bike", "battery_pct": 69, "range_miles": 18.73, "is_available": true, "is_disabled": false, "last_reported": "1785840358"}}, {"type": "Feature", "geometry": {"type": "Point", "coordinates": [-82.98296333333334, 40.00599833333333]}, "properties": {"vehicle_id": "d8e0fd9a-fad2-4c96-acce-682be9ad187d", "company": "Spin", "type": "e-bike", "battery_pct": 99, "range_miles": 26.93, "is_available": true, "is_disabled": false, "last_reported": "1785840231"}}, {"type": "Feature", "geometry": {"type": "Point", "coordinates": [-83.029167, 39.958603]}, "properties": {"vehicle_id": "a53b64e5-8f5d-4b44-a2df-ec687a8775e0", "company": "Spin", "type": "scooter", "battery_pct": 94, "range_miles": 25.46, "is_available": true, "is_disabled": false, "last_reported": "1785840330"}}, {"type": "Feature", "geometry": {"type": "Point", "coordinates": [-83.027697, 39.95871]}, "properties": {"vehicle_id": "af8e52a6-bfe1-4073-8d03-b5b4853f4a53", "company": "Spin", "type": "scooter", "battery_pct": 97, "range_miles": 26.34, "is_available": true, "is_disabled": false, "last_reported": "1785840288"}}, {"type": "Feature", "geometry": {"type": "Point", "coordinates": [-83.0462379, 39.97281275]}, "properties": {"vehicle_id": "cd90366c-b330-48eb-a0ba-134aa4c6d54b", "company": "Spin", "type": "e-bike", "battery_pct": 49, "range_miles": 13.46, "is_available": true, "is_disabled": false, "last_reported": "1785840231"}}, {"type": "Feature", "geometry": {"type": "Point", "coordinates": [-82.970448, 40.008966]}, "properties": {"vehicle_id": "8488090e-6474-4f2d-83ec-967d19106239", "company": "Spin", "type": "scooter", "battery_pct": 33, "range_miles": 9.07, "is_available": true, "is_disabled": false, "last_reported": "1785840317"}}, {"type": "Feature", "geometry": {"type": "Point", "coordinates": [-82.97043, 40.00899]}, "properties": {"vehicle_id": "425abf67-72a7-4b8d-b749-b1e25de9e8c2", "company": "Spin", "type": "scooter", "battery_pct": 39, "range_miles": 10.54, "is_available": true, "is_disabled": false, "last_reported": "1785840340"}}, {"type": "Feature", "geometry": {"type": "Point", "coordinates": [-82.98257166666666, 40.0122]}, "properties": {"vehicle_id": "927efda5-d4f6-4fd2-88b6-9b11b4dca7c6", "company": "Spin", "type": "e-bike", "battery_pct": 91, "range_miles": 24.88, "is_available": true, "is_disabled": false, "last_reported": "1785840340"}}, {"type": "Feature", "geometry": {"type": "Point", "coordinates": [-83.020031, 39.955543]}, "properties": {"vehicle_id": "33d73b5f-cb70-4e73-918d-8cca17d178e0", "company": "Spin", "type": "scooter", "battery_pct": 91, "range_miles": 24.88, "is_available": true, "is_disabled": false, "last_reported": "1785840346"}}, {"type": "Feature", "geometry": {"type": "Point", "coordinates": [-83.0032501, 39.96107523333333]}, "properties": {"vehicle_id": "8ecddfef-158e-4f9b-a571-d6ac48681389", "company": "Spin", "type": "e-bike", "battery_pct": 91, "range_miles": 24.88, "is_available": true, "is_disabled": false, "last_reported": "1785840140"}}, {"type": "Feature", "geometry": {"type": "Point", "coordinates": [-83.002011, 39.960522]}, "properties": {"vehicle_id": "7f909c55-8f37-49e7-a7e3-698a55d7aa07", "company": "Spin", "type": "scooter", "battery_pct": 32, "range_miles": 9.19, "is_available": true, "is_disabled": false, "last_reported": "1785840181"}}, {"type": "Feature", "geometry": {"type": "Point", "coordinates": [-83.0039264, 39.969596833333334]}, "properties": {"vehicle_id": "03596779-c98c-4a9f-9397-d39b4c007b2a", "company": "Spin", "type": "e-bike", "battery_pct": 88, "range_miles": 24.0, "is_available": true, "is_disabled": false, "last_reported": "1785840355"}}, {"type": "Feature", "geometry": {"type": "Point", "coordinates": [-83.004431, 39.962751]}, "properties": {"vehicle_id": "fd6390b3-0b25-47d9-b4d9-9503424dce99", "company": "Spin", "type": "scooter", "battery_pct": 43, "range_miles": 12.25, "is_available": true, "is_disabled": false, "last_reported": "1785840305"}}, {"type": "Feature", "geometry": {"type": "Point", "coordinates": [-82.98837, 39.943657]}, "properties": {"vehicle_id": "f785bef6-e2e6-4a8e-ac99-481b2a4cf71c", "company": "Spin", "type": "scooter", "battery_pct": 75, "range_miles": 20.49, "is_available": true, "is_disabled": false, "last_reported": "1785840302"}}, {"type": "Feature", "geometry": {"type": "Point", "coordinates": [-83.0123945, 40.0149734]}, "properties": {"vehicle_id": "434ceb08-5c8e-4fb1-a128-19db8a2f9553", "company": "Spin", "type": "scooter", "battery_pct": 52, "range_miles": 14.05, "is_available": true, "is_disabled": false, "last_reported": "1785840342"}}, {"type": "Feature", "geometry": {"type": "Point", "coordinates": [-82.981178, 40.014419]}, "properties": {"vehicle_id": "26954918-0f8b-4bf6-876e-20e2feff8c24", "company": "Spin", "type": "scooter", "battery_pct": 97, "range_miles": 27.57, "is_available": true, "is_disabled": false, "last_reported": "1785840354"}}, {"type": "Feature", "geometry": {"type": "Point", "coordinates": [-83.004402, 39.97437125]}, "properties": {"vehicle_id": "cc848c0a-88fe-4417-b3dc-3a25f13d54f9", "company": "Spin", "type": "e-bike", "battery_pct": 90, "range_miles": 24.58, "is_available": true, "is_disabled": false, "last_reported": "1785840267"}}, {"type": "Feature", "geometry": {"type": "Point", "coordinates": [-83.00321943333331, 39.96108363333334]}, "properties": {"vehicle_id": "9f0aa0e1-ae78-4393-902f-e4d8d49c2ecc", "company": "Spin", "type": "e-bike", "battery_pct": 96, "range_miles": 26.05, "is_available": true, "is_disabled": false, "last_reported": "1785840323"}}, {"type": "Feature", "geometry": {"type": "Point", "coordinates": [-83.00253390000002, 39.96611203333334]}, "properties": {"vehicle_id": "6428dc94-27dc-44c7-9297-6d085b016ee8", "company": "Spin", "type": "e-bike", "battery_pct": 51, "range_miles": 13.76, "is_available": true, "is_disabled": false, "last_reported": "1785840142"}}, {"type": "Feature", "geometry": {"type": "Point", "coordinates": [-82.943343, 40.011162]}, "properties": {"vehicle_id": "5545599e-9f05-4a2e-b430-ecbf171dbb37", "company": "Spin", "type": "scooter", "battery_pct": 88, "range_miles": 24.0, "is_available": true, "is_disabled": false, "last_reported": "1785840272"}}, {"type": "Feature", "geometry": {"type": "Point", "coordinates": [-83.022007, 39.954911]}, "properties": {"vehicle_id": "629d4312-9c9e-40cf-b128-99c90c1c398e", "company": "Spin", "type": "scooter", "battery_pct": 26, "range_miles": 7.02, "is_available": true, "is_disabled": false, "last_reported": "1785840353"}}, {"type": "Feature", "geometry": {"type": "Point", "coordinates": [-83.02835160000001, 39.95696993333333]}, "properties": {"vehicle_id": "c142f2e2-3ad3-4666-ae18-1179db696d6a", "company": "Spin", "type": "scooter", "battery_pct": 74, "range_miles": 20.19, "is_available": true, "is_disabled": false, "last_reported": "1785840220"}}, {"type": "Feature", "geometry": {"type": "Point", "coordinates": [-83.004416, 39.96278]}, "properties": {"vehicle_id": "050aa0cc-2fd2-4c2e-a02d-688938bf8857", "company": "Spin", "type": "scooter", "battery_pct": 60, "range_miles": 16.39, "is_available": true, "is_disabled": false, "last_reported": "1785840227"}}, {"type": "Feature", "geometry": {"type": "Point", "coordinates": [-82.99912973333333, 39.987438233333336]}, "properties": {"vehicle_id": "61bb8964-edc3-4751-bb19-4cdbfdb53f9b", "company": "Spin", "type": "e-bike", "battery_pct": 45, "range_miles": 12.29, "is_available": true, "is_disabled": false, "last_reported": "1785840281"}}, {"type": "Feature", "geometry": {"type": "Point", "coordinates": [-83.01111903333334, 40.01460886666667]}, "properties": {"vehicle_id": "b6e0eda2-3662-4983-9453-538e4095ce84", "company": "Spin", "type": "e-bike", "battery_pct": 95, "range_miles": 25.75, "is_available": true, "is_disabled": false, "last_reported": "1785840271"}}, {"type": "Feature", "geometry": {"type": "Point", "coordinates": [-83.00570160000001, 39.993396833333335]}, "properties": {"vehicle_id": "22beaaea-cb3b-4f48-8db2-5adc1c8ab97e", "company": "Spin", "type": "scooter", "battery_pct": 100, "range_miles": 27.22, "is_available": true, "is_disabled": false, "last_reported": "1785840326"}}, {"type": "Feature", "geometry": {"type": "Point", "coordinates": [-82.979891, 39.993796]}, "properties": {"vehicle_id": "cfc4cd8c-0dbc-4909-96de-28087e6839ae", "company": "Spin", "type": "scooter", "battery_pct": 78, "range_miles": 21.36, "is_available": true, "is_disabled": false, "last_reported": "1785840359"}}, {"type": "Feature", "geometry": {"type": "Point", "coordinates": [-82.98079963333333, 39.97366335]}, "properties": {"vehicle_id": "9bce6192-1165-454d-af80-cae768885ae1", "company": "Spin", "type": "e-bike", "battery_pct": 85, "range_miles": 23.12, "is_available": true, "is_disabled": false, "last_reported": "1785840138"}}, {"type": "Feature", "geometry": {"type": "Point", "coordinates": [-83.014643, 39.954356]}, "properties": {"vehicle_id": "b5d44bfd-e6a2-4348-a3c1-1ad9f33eda6d", "company": "Spin", "type": "scooter", "battery_pct": 92, "range_miles": 25.17, "is_available": true, "is_disabled": false, "last_reported": "1785840191"}}, {"type": "Feature", "geometry": {"type": "Point", "coordinates": [-82.99592533333335, 40.0011315]}, "properties": {"vehicle_id": "4c91680b-168d-487e-8955-3b91b5ad16a5", "company": "Spin", "type": "scooter", "battery_pct": 37, "range_miles": 9.95, "is_available": true, "is_disabled": false, "last_reported": "1785840170"}}, {"type": "Feature", "geometry": {"type": "Point", "coordinates": [-83.01502, 39.957215]}, "properties": {"vehicle_id": "db9ad02c-aa1d-41bd-9363-e79938b027b7", "company": "Spin", "type": "e-bike", "battery_pct": 97, "range_miles": 26.34, "is_available": true, "is_disabled": false, "last_reported": "1785840353"}}, {"type": "Feature", "geometry": {"type": "Point", "coordinates": [-82.992356, 39.912828]}, "properties": {"vehicle_id": "4b487916-7feb-4790-8845-6a176116f57b", "company": "Spin", "type": "scooter", "battery_pct": 54, "range_miles": 14.63, "is_available": true, "is_disabled": false, "last_reported": "1785840340"}}, {"type": "Feature", "geometry": {"type": "Point", "coordinates": [-83.0150191, 39.95438863333333]}, "properties": {"vehicle_id": "d37dcfc0-9f9e-4cfa-8bf0-3c601bcacb53", "company": "Spin", "type": "e-bike", "battery_pct": 84, "range_miles": 22.83, "is_available": true, "is_disabled": false, "last_reported": "1785840132"}}, {"type": "Feature", "geometry": {"type": "Point", "coordinates": [-83.01910590000001, 40.0412082]}, "properties": {"vehicle_id": "988d51ad-8aea-4958-96ba-b504ece0000f", "company": "Spin", "type": "e-bike", "battery_pct": 67, "range_miles": 18.15, "is_available": true, "is_disabled": false, "last_reported": "1785840212"}}, {"type": "Feature", "geometry": {"type": "Point", "coordinates": [-83.01144666666666, 39.957570000000004]}, "properties": {"vehicle_id": "315c4bb0-7e91-48e5-895d-512cabe5866f", "company": "Spin", "type": "e-bike", "battery_pct": 100, "range_miles": 27.22, "is_available": true, "is_disabled": false, "last_reported": "1785840334"}}, {"type": "Feature", "geometry": {"type": "Point", "coordinates": [-83.0044492, 39.97448645]}, "properties": {"vehicle_id": "ce3eba90-ed74-41e9-b516-b52016d7f50b", "company": "Spin", "type": "e-bike", "battery_pct": 38, "range_miles": 10.24, "is_available": true, "is_disabled": false, "last_reported": "1785840295"}}, {"type": "Feature", "geometry": {"type": "Point", "coordinates": [-83.0049985, 39.98350293333333]}, "properties": {"vehicle_id": "72bd5ccd-0afe-439e-9032-12e011ce43f4", "company": "Spin", "type": "e-bike", "battery_pct": 28, "range_miles": 7.61, "is_available": true, "is_disabled": false, "last_reported": "1785840294"}}, {"type": "Feature", "geometry": {"type": "Point", "coordinates": [-83.011186, 39.956132]}, "properties": {"vehicle_id": "4f02fe53-d180-4f84-9f62-e711eeb1708a", "company": "Spin", "type": "scooter", "battery_pct": 98, "range_miles": 26.63, "is_available": true, "is_disabled": false, "last_reported": "1785840305"}}, {"type": "Feature", "geometry": {"type": "Point", "coordinates": [-82.98161499999999, 40.014390000000006]}, "properties": {"vehicle_id": "3495c5a2-2848-4667-ad4e-9ae31691ea4b", "company": "Spin", "type": "e-bike", "battery_pct": 100, "range_miles": 27.22, "is_available": true, "is_disabled": false, "last_reported": "1785840287"}}, {"type": "Feature", "geometry": {"type": "Point", "coordinates": [-82.978376, 40.017007]}, "properties": {"vehicle_id": "cf8c00fa-4e5f-4a4e-badd-e402c006233e", "company": "Spin", "type": "scooter", "battery_pct": 100, "range_miles": 27.22, "is_available": true, "is_disabled": false, "last_reported": "1785840314"}}, {"type": "Feature", "geometry": {"type": "Point", "coordinates": [-82.978405, 40.017008]}, "properties": {"vehicle_id": "39196374-2453-43cb-a711-8fc921017573", "company": "Spin", "type": "scooter", "battery_pct": 91, "range_miles": 24.88, "is_available": true, "is_disabled": false, "last_reported": "1785840194"}}, {"type": "Feature", "geometry": {"type": "Point", "coordinates": [-83.012192, 39.956091]}, "properties": {"vehicle_id": "2c71de23-97f2-4f41-a4fd-2b38c6af1938", "company": "Spin", "type": "scooter", "battery_pct": 96, "range_miles": 26.05, "is_available": true, "is_disabled": false, "last_reported": "1785840350"}}, {"type": "Feature", "geometry": {"type": "Point", "coordinates": [-82.99961573333333, 39.96384363333333]}, "properties": {"vehicle_id": "497de8ed-3bdd-4aab-8217-220da4a3b397", "company": "Spin", "type": "e-bike", "battery_pct": 45, "range_miles": 12.29, "is_available": true, "is_disabled": false, "last_reported": "1785840336"}}, {"type": "Feature", "geometry": {"type": "Point", "coordinates": [-83.02630900000001, 40.0266977]}, "properties": {"vehicle_id": "eccbe309-65c4-4fe0-b20c-b81922c9a8d7", "company": "Spin", "type": "scooter", "battery_pct": 100, "range_miles": 27.22, "is_available": true, "is_disabled": false, "last_reported": "1785840258"}}, {"type": "Feature", "geometry": {"type": "Point", "coordinates": [-83.00396780000001, 39.96173313333334]}, "properties": {"vehicle_id": "c7e5452c-b699-4fdc-a956-e9c035b57d82", "company": "Spin", "type": "e-bike", "battery_pct": 87, "range_miles": 23.71, "is_available": true, "is_disabled": false, "last_reported": "1785840342"}}, {"type": "Feature", "geometry": {"type": "Point", "coordinates": [-83.03105159999998, 40.023003499999994]}, "properties": {"vehicle_id": "954eb48b-b7e7-4f51-b21f-83b47c2d8f5b", "company": "Spin", "type": "e-bike", "battery_pct": 91, "range_miles": 24.88, "is_available": true, "is_disabled": false, "last_reported": "1785840200"}}, {"type": "Feature", "geometry": {"type": "Point", "coordinates": [-83.02225130000001, 39.97440075]}, "properties": {"vehicle_id": "b0408503-ed14-4366-aff2-2e8b8a52451b", "company": "Spin", "type": "e-bike", "battery_pct": 59, "range_miles": 16.1, "is_available": true, "is_disabled": false, "last_reported": "1785840330"}}, {"type": "Feature", "geometry": {"type": "Point", "coordinates": [-82.99564093333332, 39.96717743333333]}, "properties": {"vehicle_id": "130cebf3-98ec-4625-906a-c9416767473a", "company": "Spin", "type": "e-bike", "battery_pct": 49, "range_miles": 13.46, "is_available": true, "is_disabled": false, "last_reported": "1785840326"}}, {"type": "Feature", "geometry": {"type": "Point", "coordinates": [-82.99564363333333, 39.967193433333335]}, "properties": {"vehicle_id": "5bdf5ace-65f9-453a-aa26-3eaa40a1b953", "company": "Spin", "type": "e-bike", "battery_pct": 40, "range_miles": 10.83, "is_available": true, "is_disabled": false, "last_reported": "1785840331"}}, {"type": "Feature", "geometry": {"type": "Point", "coordinates": [-83.01329050000001, 40.0223425]}, "properties": {"vehicle_id": "74f0a0e3-7ad2-4885-97e0-784698bbafbb", "company": "Spin", "type": "e-bike", "battery_pct": 49, "range_miles": 13.46, "is_available": true, "is_disabled": false, "last_reported": "1785840354"}}, {"type": "Feature", "geometry": {"type": "Point", "coordinates": [-82.956943, 39.970303]}, "properties": {"vehicle_id": "02effd17-c75a-4d56-853a-897aa914f812", "company": "Spin", "type": "scooter", "battery_pct": 74, "range_miles": 21.14, "is_available": true, "is_disabled": false, "last_reported": "1785840347"}}, {"type": "Feature", "geometry": {"type": "Point", "coordinates": [-83.0046063, 39.97551595]}, "properties": {"vehicle_id": "3b196cc7-6358-4db9-8f34-8957a597307b", "company": "Spin", "type": "e-bike", "battery_pct": 85, "range_miles": 23.12, "is_available": true, "is_disabled": false, "last_reported": "1785840221"}}, {"type": "Feature", "geometry": {"type": "Point", "coordinates": [-83.0046266, 39.975374650000006]}, "properties": {"vehicle_id": "5fadbd2d-b968-401d-8651-6c680613c7cd", "company": "Spin", "type": "e-bike", "battery_pct": 90, "range_miles": 24.58, "is_available": true, "is_disabled": false, "last_reported": "1785840257"}}, {"type": "Feature", "geometry": {"type": "Point", "coordinates": [-83.0092292, 39.99194563333333]}, "properties": {"vehicle_id": "ccb09d51-f632-4b38-8561-560244112be6", "company": "Spin", "type": "e-bike", "battery_pct": 70, "range_miles": 19.02, "is_available": true, "is_disabled": false, "last_reported": "1785840281"}}, {"type": "Feature", "geometry": {"type": "Point", "coordinates": [-82.970468, 40.008993]}, "properties": {"vehicle_id": "804d1d40-0d0e-4d16-89d0-6669cc99a051", "company": "Spin", "type": "scooter", "battery_pct": 100, "range_miles": 27.22, "is_available": true, "is_disabled": false, "last_reported": "1785840233"}}, {"type": "Feature", "geometry": {"type": "Point", "coordinates": [-83.04344, 40.062551]}, "properties": {"vehicle_id": "7f82ba5d-9eac-4a42-a541-6672ef961784", "company": "Spin", "type": "scooter", "battery_pct": 62, "range_miles": 16.97, "is_available": true, "is_disabled": false, "last_reported": "1785840341"}}, {"type": "Feature", "geometry": {"type": "Point", "coordinates": [-83.014941, 39.957149]}, "properties": {"vehicle_id": "7bfcfa39-04d7-47e2-b0ce-22fa2ca8b7df", "company": "Spin", "type": "scooter", "battery_pct": 97, "range_miles": 26.34, "is_available": true, "is_disabled": false, "last_reported": "1785840149"}}, {"type": "Feature", "geometry": {"type": "Point", "coordinates": [-83.00369, 39.97702485]}, "properties": {"vehicle_id": "b8cb33a5-332b-4008-a7fc-91590201c53b", "company": "Spin", "type": "e-bike", "battery_pct": 19, "range_miles": 5.27, "is_available": true, "is_disabled": false, "last_reported": "1785840286"}}, {"type": "Feature", "geometry": {"type": "Point", "coordinates": [-83.005595, 40.014273333333335]}, "properties": {"vehicle_id": "2a256a4e-13bd-4406-b213-412fadbdbe55", "company": "Spin", "type": "e-bike", "battery_pct": 59, "range_miles": 16.1, "is_available": true, "is_disabled": false, "last_reported": "1785840346"}}, {"type": "Feature", "geometry": {"type": "Point", "coordinates": [-83.01376389999999, 39.95867823333333]}, "properties": {"vehicle_id": "98d2b57d-aa9f-4ec1-b766-11d562391eea", "company": "Spin", "type": "e-bike", "battery_pct": 76, "range_miles": 20.78, "is_available": true, "is_disabled": false, "last_reported": "1785840348"}}, {"type": "Feature", "geometry": {"type": "Point", "coordinates": [-82.966432, 40.006911]}, "properties": {"vehicle_id": "7b2a1dd5-35cc-4cc7-897b-d9b53436e965", "company": "Spin", "type": "scooter", "battery_pct": 86, "range_miles": 23.41, "is_available": true, "is_disabled": false, "last_reported": "1785840302"}}, {"type": "Feature", "geometry": {"type": "Point", "coordinates": [-82.99565413333333, 39.998838533333334]}, "properties": {"vehicle_id": "232504f7-9aa2-48e8-b385-9d116af54400", "company": "Spin", "type": "e-bike", "battery_pct": 41, "range_miles": 11.12, "is_available": true, "is_disabled": false, "last_reported": "1785840220"}}, {"type": "Feature", "geometry": {"type": "Point", "coordinates": [-83.00048999999999, 39.95171833333333]}, "properties": {"vehicle_id": "8d6461ad-ed44-44c6-8244-e48dc8c3957b", "company": "Spin", "type": "e-bike", "battery_pct": 92, "range_miles": 25.17, "is_available": true, "is_disabled": false, "last_reported": "1785840174"}}, {"type": "Feature", "geometry": {"type": "Point", "coordinates": [-82.99560063333332, 39.929630933333335]}, "properties": {"vehicle_id": "2160e3c8-cde0-4c0d-a4c4-6c42061b0998", "company": "Spin", "type": "e-bike", "battery_pct": 25, "range_miles": 6.73, "is_available": true, "is_disabled": false, "last_reported": "1785840091"}}, {"type": "Feature", "geometry": {"type": "Point", "coordinates": [-82.98897594999998, 39.98340043333334]}, "properties": {"vehicle_id": "97f1bb63-df7e-457c-9c2d-91d4bba43a2a", "company": "Spin", "type": "e-bike", "battery_pct": 90, "range_miles": 24.58, "is_available": true, "is_disabled": false, "last_reported": "1785840335"}}, {"type": "Feature", "geometry": {"type": "Point", "coordinates": [-83.0001448, 39.95083133333333]}, "properties": {"vehicle_id": "5f8bee83-f61f-4f32-a2c4-57029398f171", "company": "Spin", "type": "e-bike", "battery_pct": 65, "range_miles": 17.56, "is_available": true, "is_disabled": false, "last_reported": "1785840282"}}, {"type": "Feature", "geometry": {"type": "Point", "coordinates": [-83.00555289999998, 39.968106033333335]}, "properties": {"vehicle_id": "eb22f92a-82ef-4323-b738-4a499dbc2f41", "company": "Spin", "type": "e-bike", "battery_pct": 82, "range_miles": 22.24, "is_available": true, "is_disabled": false, "last_reported": "1785840072"}}, {"type": "Feature", "geometry": {"type": "Point", "coordinates": [-83.0002865, 40.0091301]}, "properties": {"vehicle_id": "e395e8b8-6117-4025-b31d-830bbd1befee", "company": "Spin", "type": "e-bike", "battery_pct": 30, "range_miles": 8.19, "is_available": true, "is_disabled": false, "last_reported": "1785840166"}}, {"type": "Feature", "geometry": {"type": "Point", "coordinates": [-83.00834449999999, 39.95824233333334]}, "properties": {"vehicle_id": "565396bb-bb74-47c5-bd5f-e7ae07ba60cf", "company": "Spin", "type": "scooter", "battery_pct": 52, "range_miles": 14.05, "is_available": true, "is_disabled": false, "last_reported": "1785840140"}}, {"type": "Feature", "geometry": {"type": "Point", "coordinates": [-83.00265759999999, 39.97386375]}, "properties": {"vehicle_id": "4225c132-cd4b-4f99-9f12-d27fea5881c0", "company": "Spin", "type": "e-bike", "battery_pct": 40, "range_miles": 10.83, "is_available": true, "is_disabled": false, "last_reported": "1785840314"}}, {"type": "Feature", "geometry": {"type": "Point", "coordinates": [-83.00463375, 39.97048376666667]}, "properties": {"vehicle_id": "11362903-e869-4e81-9903-7c1e3040a727", "company": "Spin", "type": "e-bike", "battery_pct": 16, "range_miles": 4.39, "is_available": true, "is_disabled": false, "last_reported": "1785840274"}}, {"type": "Feature", "geometry": {"type": "Point", "coordinates": [-83.00464590000001, 39.97054255]}, "properties": {"vehicle_id": "ae29d781-a9e4-45e8-b488-381f353b92d4", "company": "Spin", "type": "e-bike", "battery_pct": 90, "range_miles": 24.58, "is_available": true, "is_disabled": false, "last_reported": "1785840191"}}, {"type": "Feature", "geometry": {"type": "Point", "coordinates": [-82.97125925, 39.95157293333333]}, "properties": {"vehicle_id": "eb94fd6d-7093-4668-be6e-723ef9cb856f", "company": "Spin", "type": "e-bike", "battery_pct": 22, "range_miles": 5.85, "is_available": true, "is_disabled": false, "last_reported": "1785840305"}}, {"type": "Feature", "geometry": {"type": "Point", "coordinates": [-83.0070961, 39.99882113333333]}, "properties": {"vehicle_id": "17af95b9-bfb1-48c8-831b-be0bc9448583", "company": "Spin", "type": "e-bike", "battery_pct": 69, "range_miles": 18.73, "is_available": true, "is_disabled": false, "last_reported": "1785840226"}}, {"type": "Feature", "geometry": {"type": "Point", "coordinates": [-83.00712049999998, 39.99884723333333]}, "properties": {"vehicle_id": "99a8c5bf-77ff-49fa-a07f-7c0f40d3166c", "company": "Spin", "type": "e-bike", "battery_pct": 37, "range_miles": 9.95, "is_available": true, "is_disabled": false, "last_reported": "1785840235"}}, {"type": "Feature", "geometry": {"type": "Point", "coordinates": [-83.00705080000002, 39.99884993333333]}, "properties": {"vehicle_id": "83b10254-4c73-42ca-8a19-bd47db5074e6", "company": "Spin", "type": "e-bike", "battery_pct": 83, "range_miles": 22.54, "is_available": true, "is_disabled": false, "last_reported": "1785840225"}}, {"type": "Feature", "geometry": {"type": "Point", "coordinates": [-83.0070934, 39.99879623333334]}, "properties": {"vehicle_id": "f1f3b609-8751-46b9-b116-82483bf5f3fd", "company": "Spin", "type": "e-bike", "battery_pct": 44, "range_miles": 12.0, "is_available": true, "is_disabled": false, "last_reported": "1785840227"}}, {"type": "Feature", "geometry": {"type": "Point", "coordinates": [-83.00278099999998, 39.97371745]}, "properties": {"vehicle_id": "3e788328-aa5d-4f88-a6ea-632edeae6767", "company": "Spin", "type": "e-bike", "battery_pct": 58, "range_miles": 15.8, "is_available": true, "is_disabled": false, "last_reported": "1785840344"}}, {"type": "Feature", "geometry": {"type": "Point", "coordinates": [-83.00274540000001, 39.97371605]}, "properties": {"vehicle_id": "a39244ca-b001-4899-a892-cecc6e451129", "company": "Spin", "type": "e-bike", "battery_pct": 63, "range_miles": 17.27, "is_available": true, "is_disabled": false, "last_reported": "1785840200"}}, {"type": "Feature", "geometry": {"type": "Point", "coordinates": [-83.00276360000001, 39.97374415]}, "properties": {"vehicle_id": "c0ecfd95-4f67-4441-b57a-cb593b84fb3a", "company": "Spin", "type": "e-bike", "battery_pct": 89, "range_miles": 24.29, "is_available": true, "is_disabled": false, "last_reported": "1785840349"}}, {"type": "Feature", "geometry": {"type": "Point", "coordinates": [-83.00978728333332, 39.94823866666666]}, "properties": {"vehicle_id": "4633a929-3e82-4ce4-a30a-30f077525e92", "company": "Spin", "type": "e-bike", "battery_pct": 89, "range_miles": 24.29, "is_available": true, "is_disabled": false, "last_reported": "1785840212"}}, {"type": "Feature", "geometry": {"type": "Point", "coordinates": [-82.97711695000001, 39.94317263333333]}, "properties": {"vehicle_id": "77674c73-5fe7-4b23-85b8-bf49e8e1cc46", "company": "Spin", "type": "e-bike", "battery_pct": 87, "range_miles": 23.71, "is_available": true, "is_disabled": false, "last_reported": "1785840338"}}, {"type": "Feature", "geometry": {"type": "Point", "coordinates": [-82.97880835, 39.95231553333333]}, "properties": {"vehicle_id": "89ab8209-2237-421f-98f5-e19c3cc6931f", "company": "Spin", "type": "e-bike", "battery_pct": 32, "range_miles": 8.78, "is_available": true, "is_disabled": false, "last_reported": "1785840255"}}, {"type": "Feature", "geometry": {"type": "Point", "coordinates": [-83.0045718, 39.977175249999995]}, "properties": {"vehicle_id": "17795def-6ff4-4e8c-825d-13fc40f7fe4c", "company": "Spin", "type": "scooter", "battery_pct": 70, "range_miles": 19.02, "is_available": true, "is_disabled": false, "last_reported": "1785840200"}}, {"type": "Feature", "geometry": {"type": "Point", "coordinates": [-83.00001040000001, 39.95936433333333]}, "properties": {"vehicle_id": "b92133b8-a51b-48ba-983a-d987d61aba87", "company": "Spin", "type": "e-bike", "battery_pct": 25, "range_miles": 6.73, "is_available": true, "is_disabled": false, "last_reported": "1785840308"}}, {"type": "Feature", "geometry": {"type": "Point", "coordinates": [-82.92953673333335, 39.89537001666667]}, "properties": {"vehicle_id": "b4510a2e-8908-4faa-9a90-4e343fdd9d9d", "company": "Spin", "type": "e-bike", "battery_pct": 74, "range_miles": 20.19, "is_available": true, "is_disabled": false, "last_reported": "1785840231"}}, {"type": "Feature", "geometry": {"type": "Point", "coordinates": [-83.027943, 39.98431273333333]}, "properties": {"vehicle_id": "eccf635c-710a-477a-a912-928b0db56b33", "company": "Spin", "type": "scooter", "battery_pct": 39, "range_miles": 10.54, "is_available": true, "is_disabled": false, "last_reported": "1785840356"}}, {"type": "Feature", "geometry": {"type": "Point", "coordinates": [-82.99308166666667, 39.96097333333333]}, "properties": {"vehicle_id": "b007f58c-1ceb-4019-89ef-753e100f2222", "company": "Spin", "type": "e-bike", "battery_pct": 44, "range_miles": 12.0, "is_available": true, "is_disabled": false, "last_reported": "1785840154"}}, {"type": "Feature", "geometry": {"type": "Point", "coordinates": [-83.0068508, 39.99380273333334]}, "properties": {"vehicle_id": "4a9c5875-ea65-4b9c-bbb3-727c9ef02cb2", "company": "Spin", "type": "e-bike", "battery_pct": 77, "range_miles": 21.07, "is_available": true, "is_disabled": false, "last_reported": "1785840231"}}, {"type": "Feature", "geometry": {"type": "Point", "coordinates": [-82.98591714999999, 39.95979373333333]}, "properties": {"vehicle_id": "22cf4603-c482-4212-8af0-106c44be8310", "company": "Spin", "type": "scooter", "battery_pct": 30, "range_miles": 8.19, "is_available": true, "is_disabled": false, "last_reported": "1785840208"}}, {"type": "Feature", "geometry": {"type": "Point", "coordinates": [-83.00608259999998, 39.98935455]}, "properties": {"vehicle_id": "b707d40f-8672-49d4-b272-8116ca1cdd37", "company": "Spin", "type": "e-bike", "battery_pct": 83, "range_miles": 22.54, "is_available": true, "is_disabled": false, "last_reported": "1785840350"}}, {"type": "Feature", "geometry": {"type": "Point", "coordinates": [-83.0060854, 39.98937455]}, "properties": {"vehicle_id": "9a738695-e5d6-4fa0-b591-df0cedc6a4d7", "company": "Spin", "type": "e-bike", "battery_pct": 24, "range_miles": 6.44, "is_available": true, "is_disabled": false, "last_reported": "1785840316"}}, {"type": "Feature", "geometry": {"type": "Point", "coordinates": [-83.011084, 39.98557305]}, "properties": {"vehicle_id": "307b4e06-9548-4a2a-bb64-d52b64a29bc0", "company": "Spin", "type": "e-bike", "battery_pct": 88, "range_miles": 24.0, "is_available": true, "is_disabled": false, "last_reported": "1785840116"}}, {"type": "Feature", "geometry": {"type": "Point", "coordinates": [-83.0101439, 39.987156533333334]}, "properties": {"vehicle_id": "75a0462a-f99f-4051-a1aa-d481fb507b37", "company": "Spin", "type": "e-bike", "battery_pct": 54, "range_miles": 14.63, "is_available": true, "is_disabled": false, "last_reported": "1785840197"}}, {"type": "Feature", "geometry": {"type": "Point", "coordinates": [-82.99782443333334, 39.94827473333333]}, "properties": {"vehicle_id": "e97515d2-e7a9-4ddc-a753-c546c239fba1", "company": "Spin", "type": "e-bike", "battery_pct": 54, "range_miles": 14.63, "is_available": true, "is_disabled": false, "last_reported": "1785840164"}}, {"type": "Feature", "geometry": {"type": "Point", "coordinates": [-82.97643525, 39.95653243333334]}, "properties": {"vehicle_id": "b0b302b7-0cb4-4e1d-9533-b6e9aec7ad94", "company": "Spin", "type": "e-bike", "battery_pct": 75, "range_miles": 20.49, "is_available": true, "is_disabled": false, "last_reported": "1785840275"}}, {"type": "Feature", "geometry": {"type": "Point", "coordinates": [-83.02535950000001, 39.98586015]}, "properties": {"vehicle_id": "0c931aef-bc76-4979-aafd-b8468378b8d1", "company": "Spin", "type": "e-bike", "battery_pct": 33, "range_miles": 9.07, "is_available": true, "is_disabled": false, "last_reported": "1785840298"}}, {"type": "Feature", "geometry": {"type": "Point", "coordinates": [-82.970358, 40.008963]}, "properties": {"vehicle_id": "fdf63cd7-fdad-4a10-b5d1-626741b0d07d", "company": "Spin", "type": "scooter", "battery_pct": 60, "range_miles": 16.39, "is_available": true, "is_disabled": false, "last_reported": "1785840350"}}, {"type": "Feature", "geometry": {"type": "Point", "coordinates": [-83.0101174, 39.96534833333333]}, "properties": {"vehicle_id": "73cfaf14-0d39-4ffa-bcac-7caa9231de9a", "company": "Spin", "type": "scooter", "battery_pct": 87, "range_miles": 23.71, "is_available": true, "is_disabled": false, "last_reported": "1785840186"}}, {"type": "Feature", "geometry": {"type": "Point", "coordinates": [-83.01018330000001, 39.96533633333333]}, "properties": {"vehicle_id": "089fbf88-76c4-47e3-b5ea-5aaefde9fcb7", "company": "Spin", "type": "scooter", "battery_pct": 23, "range_miles": 6.15, "is_available": true, "is_disabled": false, "last_reported": "1785840252"}}, {"type": "Feature", "geometry": {"type": "Point", "coordinates": [-83.00408870000001, 39.989855150000004]}, "properties": {"vehicle_id": "4d69f51f-d795-46f7-9fa6-b41f3dc0baaf", "company": "Spin", "type": "scooter", "battery_pct": 30, "range_miles": 8.19, "is_available": true, "is_disabled": false, "last_reported": "1785840311"}}, {"type": "Feature", "geometry": {"type": "Point", "coordinates": [-83.0047382, 39.981874633333334]}, "properties": {"vehicle_id": "6bc4a985-e6bb-47f1-8862-a66db6fd940c", "company": "Spin", "type": "e-bike", "battery_pct": 92, "range_miles": 25.17, "is_available": true, "is_disabled": false, "last_reported": "1785840263"}}, {"type": "Feature", "geometry": {"type": "Point", "coordinates": [-82.99643393333332, 39.95736073333333]}, "properties": {"vehicle_id": "01e0d0ab-2be4-46ce-8507-e5cf47bf5104", "company": "Spin", "type": "e-bike", "battery_pct": 91, "range_miles": 24.88, "is_available": true, "is_disabled": false, "last_reported": "1785840309"}}, {"type": "Feature", "geometry": {"type": "Point", "coordinates": [-82.99546533333333, 39.98565165]}, "properties": {"vehicle_id": "4cf302ee-6557-422f-9584-86976e920ba9", "company": "Spin", "type": "e-bike", "battery_pct": 16, "range_miles": 4.39, "is_available": true, "is_disabled": false, "last_reported": "1785840358"}}, {"type": "Feature", "geometry": {"type": "Point", "coordinates": [-82.99541523333333, 39.98558515]}, "properties": {"vehicle_id": "e6d3eb85-3f50-428b-a8a2-519bccf188a3", "company": "Spin", "type": "e-bike", "battery_pct": 65, "range_miles": 17.56, "is_available": true, "is_disabled": false, "last_reported": "1785840236"}}, {"type": "Feature", "geometry": {"type": "Point", "coordinates": [-83.0120312, 39.95462733333333]}, "properties": {"vehicle_id": "5906f944-e635-4d2f-9ec1-f52cb6a7d1e7", "company": "Spin", "type": "e-bike", "battery_pct": 91, "range_miles": 24.88, "is_available": true, "is_disabled": false, "last_reported": "1785840297"}}, {"type": "Feature", "geometry": {"type": "Point", "coordinates": [-83.0021879, 39.97079485]}, "properties": {"vehicle_id": "ae98ff91-d5eb-4733-870a-bc80e2ea5aba", "company": "Spin", "type": "e-bike", "battery_pct": 58, "range_miles": 15.8, "is_available": true, "is_disabled": false, "last_reported": "1785840342"}}, {"type": "Feature", "geometry": {"type": "Point", "coordinates": [-83.0129808, 39.95787343333333]}, "properties": {"vehicle_id": "e376af44-9ea6-43a8-9c03-646187f59f7c", "company": "Spin", "type": "e-bike", "battery_pct": 91, "range_miles": 24.88, "is_available": true, "is_disabled": false, "last_reported": "1785840285"}}, {"type": "Feature", "geometry": {"type": "Point", "coordinates": [-83.009313, 39.961358]}, "properties": {"vehicle_id": "affaafa2-d81d-460d-9cbd-e754077f10a8", "company": "Spin", "type": "scooter", "battery_pct": 26, "range_miles": 7.02, "is_available": true, "is_disabled": false, "last_reported": "1785840325"}}, {"type": "Feature", "geometry": {"type": "Point", "coordinates": [-83.0004132, 39.95731383333334]}, "properties": {"vehicle_id": "2bcd6c46-e8ae-4f6d-a92e-1e4df7353b26", "company": "Spin", "type": "scooter", "battery_pct": 43, "range_miles": 11.71, "is_available": true, "is_disabled": false, "last_reported": "1785840312"}}, {"type": "Feature", "geometry": {"type": "Point", "coordinates": [-83.00266289999999, 39.987530549999995]}, "properties": {"vehicle_id": "248447e6-59b5-4195-863a-38bec8524f03", "company": "Spin", "type": "scooter", "battery_pct": 22, "range_miles": 5.85, "is_available": true, "is_disabled": false, "last_reported": "1785840266"}}, {"type": "Feature", "geometry": {"type": "Point", "coordinates": [-83.00270979999999, 39.959888633333335]}, "properties": {"vehicle_id": "6ba23f15-b884-4dbe-a19b-40f5daa1f621", "company": "Spin", "type": "e-bike", "battery_pct": 76, "range_miles": 20.78, "is_available": true, "is_disabled": false, "last_reported": "1785840302"}}, {"type": "Feature", "geometry": {"type": "Point", "coordinates": [-83.0122615, 39.987482633333336]}, "properties": {"vehicle_id": "52f31c73-8f80-479f-9e90-5879e854fff3", "company": "Spin", "type": "e-bike", "battery_pct": 27, "range_miles": 7.32, "is_available": true, "is_disabled": false, "last_reported": "1785840162"}}, {"type": "Feature", "geometry": {"type": "Point", "coordinates": [-83.00333833333335, 39.96116666666667]}, "properties": {"vehicle_id": "6f48f17d-7af0-4c09-b332-e7efedf657a3", "company": "Spin", "type": "e-bike", "battery_pct": 92, "range_miles": 25.17, "is_available": true, "is_disabled": false, "last_reported": "1785840349"}}, {"type": "Feature", "geometry": {"type": "Point", "coordinates": [-83.00353500000001, 39.96143]}, "properties": {"vehicle_id": "b79bf793-9451-4d1c-83c7-6052105a99d4", "company": "Spin", "type": "e-bike", "battery_pct": 91, "range_miles": 24.88, "is_available": true, "is_disabled": false, "last_reported": "1785840305"}}, {"type": "Feature", "geometry": {"type": "Point", "coordinates": [-83.03388009999999, 39.99112973333333]}, "properties": {"vehicle_id": "77080cec-34c7-4302-8f36-be61feb573bb", "company": "Spin", "type": "e-bike", "battery_pct": 40, "range_miles": 10.83, "is_available": true, "is_disabled": false, "last_reported": "1785840306"}}, {"type": "Feature", "geometry": {"type": "Point", "coordinates": [-83.00337280000001, 39.958313933333336]}, "properties": {"vehicle_id": "b0076a87-23a8-42bf-a2da-5bd352c49b75", "company": "Spin", "type": "e-bike", "battery_pct": 46, "range_miles": 12.58, "is_available": true, "is_disabled": false, "last_reported": "1785840155"}}, {"type": "Feature", "geometry": {"type": "Point", "coordinates": [-83.0262101, 40.0239196]}, "properties": {"vehicle_id": "acfb192a-7f6f-449b-a957-e685eb93934f", "company": "Spin", "type": "e-bike", "battery_pct": 53, "range_miles": 14.34, "is_available": true, "is_disabled": false, "last_reported": "1785840354"}}, {"type": "Feature", "geometry": {"type": "Point", "coordinates": [-83.00504950000001, 39.98285453333334]}, "properties": {"vehicle_id": "ef55031f-8a81-4726-8de2-2f6eac6e861a", "company": "Spin", "type": "e-bike", "battery_pct": 86, "range_miles": 23.41, "is_available": true, "is_disabled": false, "last_reported": "1785840240"}}, {"type": "Feature", "geometry": {"type": "Point", "coordinates": [-83.004265, 39.962274]}, "properties": {"vehicle_id": "c306b0ba-f519-4035-8458-4f55df274c01", "company": "Spin", "type": "scooter", "battery_pct": 97, "range_miles": 26.34, "is_available": true, "is_disabled": false, "last_reported": "1785840286"}}, {"type": "Feature", "geometry": {"type": "Point", "coordinates": [-83.0151868, 39.97773935]}, "properties": {"vehicle_id": "27aef866-9b2b-41ad-9bf6-45b88e12be7e", "company": "Spin", "type": "e-bike", "battery_pct": 61, "range_miles": 16.68, "is_available": true, "is_disabled": false, "last_reported": "1785840158"}}, {"type": "Feature", "geometry": {"type": "Point", "coordinates": [-83.0261998, 40.023938199999996]}, "properties": {"vehicle_id": "c7b15a26-6ceb-4ca1-b0e1-073c6c4e12e3", "company": "Spin", "type": "scooter", "battery_pct": 72, "range_miles": 19.61, "is_available": true, "is_disabled": false, "last_reported": "1785840345"}}, {"type": "Feature", "geometry": {"type": "Point", "coordinates": [-83.02620720000002, 40.0239415]}, "properties": {"vehicle_id": "5d58bb8f-ea48-4f4e-b801-c06163524e9e", "company": "Spin", "type": "e-bike", "battery_pct": 29, "range_miles": 7.9, "is_available": true, "is_disabled": false, "last_reported": "1785840331"}}, {"type": "Feature", "geometry": {"type": "Point", "coordinates": [-83.00397226666668, 39.96916843333334]}, "properties": {"vehicle_id": "d127efcd-b706-4344-9300-4e49ae0e558c", "company": "Spin", "type": "e-bike", "battery_pct": 23, "range_miles": 6.15, "is_available": true, "is_disabled": false, "last_reported": "1785840359"}}, {"type": "Feature", "geometry": {"type": "Point", "coordinates": [-83.020479, 40.006592]}, "properties": {"vehicle_id": "e01836d8-e167-4265-af3d-23894ba04024", "company": "Spin", "type": "scooter", "battery_pct": 16, "range_miles": 4.39, "is_available": true, "is_disabled": false, "last_reported": "1785840270"}}, {"type": "Feature", "geometry": {"type": "Point", "coordinates": [-83.00854666666667, 39.96969]}, "properties": {"vehicle_id": "3175ba57-9b8f-4f91-9bfa-1d18090920ee", "company": "Spin", "type": "e-bike", "battery_pct": 72, "range_miles": 19.61, "is_available": true, "is_disabled": false, "last_reported": "1785840250"}}, {"type": "Feature", "geometry": {"type": "Point", "coordinates": [-83.01307620000001, 40.0119234]}, "properties": {"vehicle_id": "c2ca69e4-9a8b-49b1-9ee1-fcb22f571071", "company": "Spin", "type": "e-bike", "battery_pct": 90, "range_miles": 24.58, "is_available": true, "is_disabled": false, "last_reported": "1785840348"}}, {"type": "Feature", "geometry": {"type": "Point", "coordinates": [-83.01307333333334, 40.011941666666665]}, "properties": {"vehicle_id": "20f6c4b3-7732-4167-9ae8-2dc9938017bf", "company": "Spin", "type": "e-bike", "battery_pct": 91, "range_miles": 24.88, "is_available": true, "is_disabled": false, "last_reported": "1785840284"}}, {"type": "Feature", "geometry": {"type": "Point", "coordinates": [-83.01306203333334, 40.01191445]}, "properties": {"vehicle_id": "50ecd636-05c9-4e98-8399-cc38e32d811c", "company": "Spin", "type": "e-bike", "battery_pct": 55, "range_miles": 14.93, "is_available": true, "is_disabled": false, "last_reported": "1785840212"}}, {"type": "Feature", "geometry": {"type": "Point", "coordinates": [-83.003304, 39.974671550000004]}, "properties": {"vehicle_id": "2c00fb59-8f60-4cc3-a620-3fe9f3ca0981", "company": "Spin", "type": "scooter", "battery_pct": 73, "range_miles": 19.9, "is_available": true, "is_disabled": false, "last_reported": "1785840273"}}, {"type": "Feature", "geometry": {"type": "Point", "coordinates": [-83.0084099, 39.958468333333336]}, "properties": {"vehicle_id": "ca3ac48c-1355-49fd-b6b1-59ad4a019310", "company": "Spin", "type": "e-bike", "battery_pct": 70, "range_miles": 19.02, "is_available": true, "is_disabled": false, "last_reported": "1785840144"}}, {"type": "Feature", "geometry": {"type": "Point", "coordinates": [-83.00865440000001, 39.95946333333333]}, "properties": {"vehicle_id": "930f7858-e297-4bff-af69-354597022b93", "company": "Spin", "type": "e-bike", "battery_pct": 92, "range_miles": 25.17, "is_available": true, "is_disabled": false, "last_reported": "1785840256"}}, {"type": "Feature", "geometry": {"type": "Point", "coordinates": [-83.0077077, 39.959434333333334]}, "properties": {"vehicle_id": "159396b5-c78b-4ba5-acb5-174185a21e52", "company": "Spin", "type": "e-bike", "battery_pct": 42, "range_miles": 11.41, "is_available": true, "is_disabled": false, "last_reported": "1785840190"}}, {"type": "Feature", "geometry": {"type": "Point", "coordinates": [-83.0084579, 39.95934883333334]}, "properties": {"vehicle_id": "21ba979f-c0f6-4276-98f9-739724580ef6", "company": "Spin", "type": "e-bike", "battery_pct": 62, "range_miles": 16.97, "is_available": true, "is_disabled": false, "last_reported": "1785840293"}}, {"type": "Feature", "geometry": {"type": "Point", "coordinates": [-82.983088, 40.000714]}, "properties": {"vehicle_id": "c90f601f-f5b0-4012-8fe9-5bec3ce3e51c", "company": "Spin", "type": "scooter", "battery_pct": 18, "range_miles": 4.98, "is_available": true, "is_disabled": false, "last_reported": "1785840353"}}, {"type": "Feature", "geometry": {"type": "Point", "coordinates": [-82.99706853333333, 39.943117433333335]}, "properties": {"vehicle_id": "bddc18e4-26b9-41e0-8601-1d51c2058c04", "company": "Spin", "type": "e-bike", "battery_pct": 44, "range_miles": 12.0, "is_available": true, "is_disabled": false, "last_reported": "1785840272"}}, {"type": "Feature", "geometry": {"type": "Point", "coordinates": [-83.03598939999999, 39.92539643333334]}, "properties": {"vehicle_id": "34a68257-8ddd-4d1a-aa1e-476d75fd5de6", "company": "Spin", "type": "e-bike", "battery_pct": 23, "range_miles": 6.15, "is_available": true, "is_disabled": false, "last_reported": "1785840342"}}, {"type": "Feature", "geometry": {"type": "Point", "coordinates": [-82.98694713333335, 40.000955399999995]}, "properties": {"vehicle_id": "e005890a-1952-4704-b9d8-727ffed29ea2", "company": "Spin", "type": "e-bike", "battery_pct": 32, "range_miles": 8.78, "is_available": true, "is_disabled": false, "last_reported": "1785840291"}}, {"type": "Feature", "geometry": {"type": "Point", "coordinates": [-82.99733973333332, 40.0003976]}, "properties": {"vehicle_id": "9264bfa3-4e56-4b11-b9ff-3a08e2e4f605", "company": "Spin", "type": "scooter", "battery_pct": 76, "range_miles": 20.78, "is_available": true, "is_disabled": false, "last_reported": "1785840191"}}, {"type": "Feature", "geometry": {"type": "Point", "coordinates": [-82.99573213333333, 40.0011125]}, "properties": {"vehicle_id": "1484707b-a59e-4f88-9818-30206a6fddf8", "company": "Spin", "type": "e-bike", "battery_pct": 39, "range_miles": 10.54, "is_available": true, "is_disabled": false, "last_reported": "1785840256"}}, {"type": "Feature", "geometry": {"type": "Point", "coordinates": [-83.0087537, 39.96810743333333]}, "properties": {"vehicle_id": "b8d298a1-e282-40cb-a8e4-605fc1cf13e3", "company": "Spin", "type": "scooter", "battery_pct": 80, "range_miles": 21.66, "is_available": true, "is_disabled": false, "last_reported": "1785840237"}}, {"type": "Feature", "geometry": {"type": "Point", "coordinates": [-83.01156100000001, 39.945967933333336]}, "properties": {"vehicle_id": "dc5d5c66-8011-4250-923b-685e99715c42", "company": "Spin", "type": "e-bike", "battery_pct": 84, "range_miles": 22.83, "is_available": true, "is_disabled": false, "last_reported": "1785840157"}}, {"type": "Feature", "geometry": {"type": "Point", "coordinates": [-82.99550913333333, 39.90643803333333]}, "properties": {"vehicle_id": "4d4f91ba-c0b7-445d-953c-7f2aa99fca4c", "company": "Spin", "type": "e-bike", "battery_pct": 20, "range_miles": 5.56, "is_available": true, "is_disabled": false, "last_reported": "1785840356"}}, {"type": "Feature", "geometry": {"type": "Point", "coordinates": [-82.99276683333333, 39.96040263333334]}, "properties": {"vehicle_id": "7f8c8694-0eee-43dd-a6ac-6ba5577e4e16", "company": "Spin", "type": "e-bike", "battery_pct": 81, "range_miles": 21.95, "is_available": true, "is_disabled": false, "last_reported": "1785840335"}}, {"type": "Feature", "geometry": {"type": "Point", "coordinates": [-82.97196333333335, 39.99933]}, "properties": {"vehicle_id": "564cb680-a2a5-4dfd-a0e0-d65490b2df65", "company": "Spin", "type": "e-bike", "battery_pct": 22, "range_miles": 5.85, "is_available": true, "is_disabled": false, "last_reported": "1785840346"}}, {"type": "Feature", "geometry": {"type": "Point", "coordinates": [-83.0044628, 39.95568513333333]}, "properties": {"vehicle_id": "375549bc-af7c-43d3-a032-41495770880f", "company": "Spin", "type": "e-bike", "battery_pct": 19, "range_miles": 5.27, "is_available": true, "is_disabled": false, "last_reported": "1785840250"}}, {"type": "Feature", "geometry": {"type": "Point", "coordinates": [-83.0111689, 39.97842925]}, "properties": {"vehicle_id": "b1e543c3-a622-48bc-b2bd-e913006133eb", "company": "Spin", "type": "e-bike", "battery_pct": 31, "range_miles": 8.49, "is_available": true, "is_disabled": false, "last_reported": "1785840198"}}, {"type": "Feature", "geometry": {"type": "Point", "coordinates": [-83.0013096, 39.95656593333333]}, "properties": {"vehicle_id": "5ea2171e-8b7d-408b-a104-f26f4ccecfba", "company": "Spin", "type": "e-bike", "battery_pct": 71, "range_miles": 19.32, "is_available": true, "is_disabled": false, "last_reported": "1785840293"}}, {"type": "Feature", "geometry": {"type": "Point", "coordinates": [-82.99996543333333, 39.95765993333334]}, "properties": {"vehicle_id": "8f300a09-382c-495f-b479-f861355abb34", "company": "Spin", "type": "scooter", "battery_pct": 25, "range_miles": 6.73, "is_available": true, "is_disabled": false, "last_reported": "1785840197"}}, {"type": "Feature", "geometry": {"type": "Point", "coordinates": [-83.00137666666666, 39.94958999999999]}, "properties": {"vehicle_id": "e31b6112-54ce-430c-93e4-181d6b0fe5b2", "company": "Spin", "type": "e-bike", "battery_pct": 98, "range_miles": 26.63, "is_available": true, "is_disabled": false, "last_reported": "1785840341"}}, {"type": "Feature", "geometry": {"type": "Point", "coordinates": [-83.002639, 39.95860663333334]}, "properties": {"vehicle_id": "978cfa23-adba-44fa-bf94-4191f589b1d2", "company": "Spin", "type": "e-bike", "battery_pct": 29, "range_miles": 7.9, "is_available": true, "is_disabled": false, "last_reported": "1785840258"}}, {"type": "Feature", "geometry": {"type": "Point", "coordinates": [-82.979861, 39.993806]}, "properties": {"vehicle_id": "2a5dbdad-a7de-4fb9-b240-f2780c041bba", "company": "Spin", "type": "scooter", "battery_pct": 75, "range_miles": 20.49, "is_available": true, "is_disabled": false, "last_reported": "1785840140"}}, {"type": "Feature", "geometry": {"type": "Point", "coordinates": [-83.095724, 39.954194]}, "properties": {"vehicle_id": "0e925b8a-f307-476c-8aa8-6d90d54686a6", "company": "Spin", "type": "scooter", "battery_pct": 47, "range_miles": 13.48, "is_available": true, "is_disabled": false, "last_reported": "1785840319"}}, {"type": "Feature", "geometry": {"type": "Point", "coordinates": [-83.01236840000001, 39.98562395]}, "properties": {"vehicle_id": "0d5b67e1-2053-4541-a40a-6da0c84df288", "company": "Spin", "type": "scooter", "battery_pct": 62, "range_miles": 16.97, "is_available": true, "is_disabled": false, "last_reported": "1785840201"}}, {"type": "Feature", "geometry": {"type": "Point", "coordinates": [-83.00092350000001, 39.962389433333335]}, "properties": {"vehicle_id": "77d1e0c0-6b87-433b-bcaf-7fa1a9d3dcdd", "company": "Spin", "type": "e-bike", "battery_pct": 75, "range_miles": 20.49, "is_available": true, "is_disabled": false, "last_reported": "1785840328"}}, {"type": "Feature", "geometry": {"type": "Point", "coordinates": [-83.02871510000001, 39.95852493333334]}, "properties": {"vehicle_id": "d0488225-43aa-4cc0-bdca-e0c40fbc0121", "company": "Spin", "type": "e-bike", "battery_pct": 52, "range_miles": 14.05, "is_available": true, "is_disabled": false, "last_reported": "1785840287"}}, {"type": "Feature", "geometry": {"type": "Point", "coordinates": [-82.961097, 39.973565]}, "properties": {"vehicle_id": "34be7f93-fcb1-4754-9084-98bd04f9b6c8", "company": "Spin", "type": "scooter", "battery_pct": 94, "range_miles": 26.65, "is_available": true, "is_disabled": false, "last_reported": "1785840346"}}, {"type": "Feature", "geometry": {"type": "Point", "coordinates": [-82.99437863333333, 39.96563473333333]}, "properties": {"vehicle_id": "38a8fc5f-9068-4726-91ce-585eae4dcd38", "company": "Spin", "type": "e-bike", "battery_pct": 19, "range_miles": 5.27, "is_available": true, "is_disabled": false, "last_reported": "1785840242"}}, {"type": "Feature", "geometry": {"type": "Point", "coordinates": [-82.99088353333333, 39.96116583333333]}, "properties": {"vehicle_id": "34dc7049-a097-4bc0-8322-769700ff0edc", "company": "Spin", "type": "scooter", "battery_pct": 19, "range_miles": 5.27, "is_available": true, "is_disabled": false, "last_reported": "1785840291"}}, {"type": "Feature", "geometry": {"type": "Point", "coordinates": [-83.0047936, 39.97253475]}, "properties": {"vehicle_id": "595e72d2-fc7a-4fbc-ab47-67f9de147189", "company": "Spin", "type": "e-bike", "battery_pct": 70, "range_miles": 19.02, "is_available": true, "is_disabled": false, "last_reported": "1785840352"}}, {"type": "Feature", "geometry": {"type": "Point", "coordinates": [-83.00715999999998, 39.956787733333336]}, "properties": {"vehicle_id": "6aadad39-b51e-4a97-809d-7417634d820d", "company": "Spin", "type": "e-bike", "battery_pct": 60, "range_miles": 16.39, "is_available": true, "is_disabled": false, "last_reported": "1785840346"}}, {"type": "Feature", "geometry": {"type": "Point", "coordinates": [-83.00239949999998, 39.95701553333333]}, "properties": {"vehicle_id": "38349cfc-6485-4818-b671-cfa8a12dca7f", "company": "Spin", "type": "e-bike", "battery_pct": 23, "range_miles": 6.15, "is_available": true, "is_disabled": false, "last_reported": "1785840331"}}, {"type": "Feature", "geometry": {"type": "Point", "coordinates": [-83.007181, 39.956783333333334]}, "properties": {"vehicle_id": "6e2a1b33-71c1-4765-a0ed-5161f1a3d886", "company": "Spin", "type": "e-bike", "battery_pct": 20, "range_miles": 5.56, "is_available": true, "is_disabled": false, "last_reported": "1785840352"}}, {"type": "Feature", "geometry": {"type": "Point", "coordinates": [-82.99682423333334, 39.966172433333334]}, "properties": {"vehicle_id": "fcfd3fae-7fc0-4231-ae36-ce96d3859cfc", "company": "Spin", "type": "e-bike", "battery_pct": 87, "range_miles": 23.71, "is_available": true, "is_disabled": false, "last_reported": "1785840186"}}, {"type": "Feature", "geometry": {"type": "Point", "coordinates": [-83.051808, 39.947545]}, "properties": {"vehicle_id": "fa8a4e45-6dbd-49d5-a74b-a52a9328a8a0", "company": "Spin", "type": "scooter", "battery_pct": 18, "range_miles": 5.21, "is_available": true, "is_disabled": false, "last_reported": "1785840252"}}, {"type": "Feature", "geometry": {"type": "Point", "coordinates": [-83.00371150000001, 39.96166553333333]}, "properties": {"vehicle_id": "ed48d990-09d2-4912-93b4-9733e39efecd", "company": "Spin", "type": "e-bike", "battery_pct": 89, "range_miles": 24.29, "is_available": true, "is_disabled": false, "last_reported": "1785840317"}}, {"type": "Feature", "geometry": {"type": "Point", "coordinates": [-83.00405930000001, 39.96918333333333]}, "properties": {"vehicle_id": "72d7ad52-1978-43ad-aaff-7b67b4d056bf", "company": "Spin", "type": "e-bike", "battery_pct": 34, "range_miles": 9.37, "is_available": true, "is_disabled": false, "last_reported": "1785840208"}}, {"type": "Feature", "geometry": {"type": "Point", "coordinates": [-82.99088713333335, 39.96218243333333]}, "properties": {"vehicle_id": "96967578-6cbf-49f7-af9f-3a4e86470c2e", "company": "Spin", "type": "e-bike", "battery_pct": 89, "range_miles": 24.29, "is_available": true, "is_disabled": false, "last_reported": "1785840310"}}, {"type": "Feature", "geometry": {"type": "Point", "coordinates": [-83.01673100000001, 39.985046649999994]}, "properties": {"vehicle_id": "c15808ad-2117-4f81-9ea2-c7bd14d610ff", "company": "Spin", "type": "e-bike", "battery_pct": 55, "range_miles": 14.93, "is_available": true, "is_disabled": false, "last_reported": "1785840233"}}, {"type": "Feature", "geometry": {"type": "Point", "coordinates": [-83.0063665, 39.957995933333336]}, "properties": {"vehicle_id": "23ec7260-6c38-4551-aac4-5fd86cb22743", "company": "Spin", "type": "e-bike", "battery_pct": 70, "range_miles": 19.02, "is_available": true, "is_disabled": false, "last_reported": "1785840245"}}, {"type": "Feature", "geometry": {"type": "Point", "coordinates": [-83.006838, 39.993619]}, "properties": {"vehicle_id": "5b34705a-4688-4251-a1fd-1103c286d5d9", "company": "Spin", "type": "scooter", "battery_pct": 66, "range_miles": 17.85, "is_available": true, "is_disabled": false, "last_reported": "1785840347"}}, {"type": "Feature", "geometry": {"type": "Point", "coordinates": [-83.006966, 39.993647]}, "properties": {"vehicle_id": "f0814882-9f96-4c9a-be03-d924e7117804", "company": "Spin", "type": "scooter", "battery_pct": 54, "range_miles": 14.63, "is_available": true, "is_disabled": false, "last_reported": "1785840271"}}, {"type": "Feature", "geometry": {"type": "Point", "coordinates": [-83.0068029, 40.0020776]}, "properties": {"vehicle_id": "6b97feb2-b344-4bea-a4f5-cd8a032452bb", "company": "Spin", "type": "e-bike", "battery_pct": 37, "range_miles": 9.95, "is_available": true, "is_disabled": false, "last_reported": "1785840335"}}, {"type": "Feature", "geometry": {"type": "Point", "coordinates": [-83.00473333333333, 39.98275231666666]}, "properties": {"vehicle_id": "c3b77d0f-2cca-4d54-9efa-fa8e627253ef", "company": "Spin", "type": "e-bike", "battery_pct": 94, "range_miles": 25.46, "is_available": true, "is_disabled": false, "last_reported": "1785840302"}}, {"type": "Feature", "geometry": {"type": "Point", "coordinates": [-82.99074803333333, 40.0150394]}, "properties": {"vehicle_id": "6a63e0a6-e216-4bc1-a6d5-8d9354b8a551", "company": "Spin", "type": "scooter", "battery_pct": 53, "range_miles": 14.34, "is_available": true, "is_disabled": false, "last_reported": "1785840274"}}, {"type": "Feature", "geometry": {"type": "Point", "coordinates": [-83.00663950000002, 39.99330233333333]}, "properties": {"vehicle_id": "08355e09-13d1-4d51-aeab-29e27c4585d8", "company": "Spin", "type": "e-bike", "battery_pct": 39, "range_miles": 10.54, "is_available": true, "is_disabled": false, "last_reported": "1785840178"}}, {"type": "Feature", "geometry": {"type": "Point", "coordinates": [-83.0119731, 39.99085243333333]}, "properties": {"vehicle_id": "f9d1e4c0-bf80-49a6-bcae-f77f509b605f", "company": "Spin", "type": "e-bike", "battery_pct": 28, "range_miles": 7.61, "is_available": true, "is_disabled": false, "last_reported": "1785840261"}}, {"type": "Feature", "geometry": {"type": "Point", "coordinates": [-82.96790913333334, 39.97892985]}, "properties": {"vehicle_id": "b72bac5b-54d1-49af-9e72-af005b9fbbec", "company": "Spin", "type": "e-bike", "battery_pct": 84, "range_miles": 22.83, "is_available": true, "is_disabled": false, "last_reported": "1785840320"}}, {"type": "Feature", "geometry": {"type": "Point", "coordinates": [-83.04225659999999, 39.957724533333334]}, "properties": {"vehicle_id": "c5fef5d0-6417-4a5a-a147-bc3ef8294867", "company": "Spin", "type": "e-bike", "battery_pct": 48, "range_miles": 13.17, "is_available": true, "is_disabled": false, "last_reported": "1785840294"}}, {"type": "Feature", "geometry": {"type": "Point", "coordinates": [-82.99405783333334, 39.932437033333336]}, "properties": {"vehicle_id": "71a19573-2eef-4b89-8a0d-fb72063691cd", "company": "Spin", "type": "e-bike", "battery_pct": 71, "range_miles": 19.32, "is_available": true, "is_disabled": false, "last_reported": "1785840269"}}, {"type": "Feature", "geometry": {"type": "Point", "coordinates": [-82.99745873333335, 39.96409103333334]}, "properties": {"vehicle_id": "2e48c800-58c2-4ce5-b115-2538d6f7c647", "company": "Spin", "type": "e-bike", "battery_pct": 29, "range_miles": 7.9, "is_available": true, "is_disabled": false, "last_reported": "1785840200"}}, {"type": "Feature", "geometry": {"type": "Point", "coordinates": [-82.99973833333334, 39.966593233333334]}, "properties": {"vehicle_id": "944374c8-76d1-402f-a5f8-56be2e4dac81", "company": "Spin", "type": "scooter", "battery_pct": 25, "range_miles": 6.73, "is_available": true, "is_disabled": false, "last_reported": "1785840214"}}, {"type": "Feature", "geometry": {"type": "Point", "coordinates": [-83.0084218, 39.95942283333333]}, "properties": {"vehicle_id": "83ab8dd4-6417-40ed-8018-0ffcd6ca6e81", "company": "Spin", "type": "e-bike", "battery_pct": 67, "range_miles": 18.15, "is_available": true, "is_disabled": false, "last_reported": "1785840301"}}, {"type": "Feature", "geometry": {"type": "Point", "coordinates": [-82.99901103333335, 39.96701313333333]}, "properties": {"vehicle_id": "9c38c616-0960-49fa-a731-92438e3fe18a", "company": "Spin", "type": "e-bike", "battery_pct": 85, "range_miles": 23.12, "is_available": true, "is_disabled": false, "last_reported": "1785840343"}}, {"type": "Feature", "geometry": {"type": "Point", "coordinates": [-83.0015298, 39.95678433333333]}, "properties": {"vehicle_id": "5ed7ad21-886e-41cc-90e3-afe01ef8e8c8", "company": "Spin", "type": "e-bike", "battery_pct": 65, "range_miles": 17.56, "is_available": true, "is_disabled": false, "last_reported": "1785840092"}}, {"type": "Feature", "geometry": {"type": "Point", "coordinates": [-83.01412166666665, 39.957838333333335]}, "properties": {"vehicle_id": "91d70a1e-b770-430c-ba04-91953106f957", "company": "Spin", "type": "e-bike", "battery_pct": 43, "range_miles": 11.71, "is_available": true, "is_disabled": false, "last_reported": "1785840355"}}, {"type": "Feature", "geometry": {"type": "Point", "coordinates": [-83.0113411, 39.95760823333333]}, "properties": {"vehicle_id": "a3b67b8f-aff0-4078-931e-4a06d0d3c340", "company": "Spin", "type": "e-bike", "battery_pct": 39, "range_miles": 10.54, "is_available": true, "is_disabled": false, "last_reported": "1785840276"}}, {"type": "Feature", "geometry": {"type": "Point", "coordinates": [-82.96801323333332, 39.941599133333334]}, "properties": {"vehicle_id": "59fcac3f-6ae6-4ce3-ac32-1c18f251d009", "company": "Spin", "type": "e-bike", "battery_pct": 33, "range_miles": 9.07, "is_available": true, "is_disabled": false, "last_reported": "1785840208"}}, {"type": "Feature", "geometry": {"type": "Point", "coordinates": [-83.00220936666668, 39.9707868]}, "properties": {"vehicle_id": "fb293548-fdf3-4f5c-811e-06b353577906", "company": "Spin", "type": "e-bike", "battery_pct": 91, "range_miles": 24.88, "is_available": true, "is_disabled": false, "last_reported": "1785840271"}}, {"type": "Feature", "geometry": {"type": "Point", "coordinates": [-83.000646, 39.962017]}, "properties": {"vehicle_id": "80e95ad4-2216-45f8-b104-44c0c5b7ad8c", "company": "Spin", "type": "scooter", "battery_pct": 34, "range_miles": 9.37, "is_available": true, "is_disabled": false, "last_reported": "1785840300"}}, {"type": "Feature", "geometry": {"type": "Point", "coordinates": [-83.00562110000001, 39.95575173333334]}, "properties": {"vehicle_id": "7e1293de-ead1-431f-8485-6bbd89794802", "company": "Spin", "type": "e-bike", "battery_pct": 56, "range_miles": 15.22, "is_available": true, "is_disabled": false, "last_reported": "1785840322"}}, {"type": "Feature", "geometry": {"type": "Point", "coordinates": [-83.00226839999999, 39.970869216666664]}, "properties": {"vehicle_id": "9feb0839-0b57-40cd-816c-72bab475e93f", "company": "Spin", "type": "e-bike", "battery_pct": 87, "range_miles": 23.71, "is_available": true, "is_disabled": false, "last_reported": "1785840221"}}, {"type": "Feature", "geometry": {"type": "Point", "coordinates": [-83.0134229, 40.006295900000005]}, "properties": {"vehicle_id": "0aaeb6b3-0139-450e-bec2-e4a28dc7ea0d", "company": "Spin", "type": "e-bike", "battery_pct": 87, "range_miles": 23.71, "is_available": true, "is_disabled": false, "last_reported": "1785840293"}}, {"type": "Feature", "geometry": {"type": "Point", "coordinates": [-83.00218458333332, 39.97065476666667]}, "properties": {"vehicle_id": "e96d54b8-79b4-4e56-81b9-c34a5bb9c7ac", "company": "Spin", "type": "e-bike", "battery_pct": 30, "range_miles": 8.19, "is_available": true, "is_disabled": false, "last_reported": "1785840332"}}, {"type": "Feature", "geometry": {"type": "Point", "coordinates": [-83.0030195, 39.966229633333334]}, "properties": {"vehicle_id": "6dcaa660-53e6-494b-ba03-0e448f6eeedf", "company": "Spin", "type": "e-bike", "battery_pct": 33, "range_miles": 9.07, "is_available": true, "is_disabled": false, "last_reported": "1785840309"}}, {"type": "Feature", "geometry": {"type": "Point", "coordinates": [-83.0114344, 39.95756883333333]}, "properties": {"vehicle_id": "d11d018c-7c4a-4869-8e6e-67c0a00d53bf", "company": "Spin", "type": "e-bike", "battery_pct": 87, "range_miles": 23.71, "is_available": true, "is_disabled": false, "last_reported": "1785840238"}}, {"type": "Feature", "geometry": {"type": "Point", "coordinates": [-83.01111369999998, 40.0145956]}, "properties": {"vehicle_id": "c39361af-ee08-46ce-a3a2-9aaa2fddd5a2", "company": "Spin", "type": "scooter", "battery_pct": 100, "range_miles": 27.22, "is_available": true, "is_disabled": false, "last_reported": "1785840145"}}, {"type": "Feature", "geometry": {"type": "Point", "coordinates": [-83.0047734, 39.98277593333333]}, "properties": {"vehicle_id": "8f454cc1-2ca7-4666-8455-141f88a83c44", "company": "Spin", "type": "scooter", "battery_pct": 52, "range_miles": 14.05, "is_available": true, "is_disabled": false, "last_reported": "1785840283"}}, {"type": "Feature", "geometry": {"type": "Point", "coordinates": [-83.0014383, 39.965830733333334]}, "properties": {"vehicle_id": "9ee732da-8d88-41a9-a6a9-a20e73c7b122", "company": "Spin", "type": "e-bike", "battery_pct": 78, "range_miles": 21.36, "is_available": true, "is_disabled": false, "last_reported": "1785840280"}}, {"type": "Feature", "geometry": {"type": "Point", "coordinates": [-82.99844053333332, 39.96393523333334]}, "properties": {"vehicle_id": "177daa84-67c1-4fb3-8dd0-aad6b69f70f1", "company": "Spin", "type": "scooter", "battery_pct": 29, "range_miles": 7.9, "is_available": true, "is_disabled": false, "last_reported": "1785840352"}}, {"type": "Feature", "geometry": {"type": "Point", "coordinates": [-82.966833, 40.009378]}, "properties": {"vehicle_id": "63b42cba-fe5e-41e2-9d88-c3ade22439f8", "company": "Spin", "type": "scooter", "battery_pct": 44, "range_miles": 12.0, "is_available": true, "is_disabled": false, "last_reported": "1785840343"}}, {"type": "Feature", "geometry": {"type": "Point", "coordinates": [-83.0017074, 39.968083533333335]}, "properties": {"vehicle_id": "98447d97-7b4d-490b-9af1-dbe1035057fa", "company": "Spin", "type": "e-bike", "battery_pct": 42, "range_miles": 11.41, "is_available": true, "is_disabled": false, "last_reported": "1785840239"}}, {"type": "Feature", "geometry": {"type": "Point", "coordinates": [-83.0040016, 39.96918013333333]}, "properties": {"vehicle_id": "36a24928-22f3-44e0-b1cf-28918c896fed", "company": "Spin", "type": "e-bike", "battery_pct": 56, "range_miles": 15.22, "is_available": true, "is_disabled": false, "last_reported": "1785840256"}}, {"type": "Feature", "geometry": {"type": "Point", "coordinates": [-83.01830900000002, 40.041423099999996]}, "properties": {"vehicle_id": "b6efb95f-dfba-465a-a13a-2ac94c7ef0b9", "company": "Spin", "type": "e-bike", "battery_pct": 88, "range_miles": 24.0, "is_available": true, "is_disabled": false, "last_reported": "1785840315"}}, {"type": "Feature", "geometry": {"type": "Point", "coordinates": [-82.95803723333331, 39.974183749999995]}, "properties": {"vehicle_id": "1f3c51db-63cd-4268-becd-44a5e22247f6", "company": "Spin", "type": "scooter", "battery_pct": 49, "range_miles": 13.46, "is_available": true, "is_disabled": false, "last_reported": "1785840301"}}, {"type": "Feature", "geometry": {"type": "Point", "coordinates": [-83.0122832, 39.97899365]}, "properties": {"vehicle_id": "9261f1d3-54c6-46bf-ba5e-f5e72b72ca71", "company": "Spin", "type": "e-bike", "battery_pct": 67, "range_miles": 18.15, "is_available": true, "is_disabled": false, "last_reported": "1785840279"}}, {"type": "Feature", "geometry": {"type": "Point", "coordinates": [-83.0004805, 39.962201433333334]}, "properties": {"vehicle_id": "706d5a8e-c110-456b-9d44-b3a7105485a5", "company": "Spin", "type": "scooter", "battery_pct": 33, "range_miles": 9.07, "is_available": true, "is_disabled": false, "last_reported": "1785840250"}}, {"type": "Feature", "geometry": {"type": "Point", "coordinates": [-83.0452211, 39.970579150000006]}, "properties": {"vehicle_id": "af0ca850-6022-48d0-a161-0493b49cd230", "company": "Spin", "type": "scooter", "battery_pct": 58, "range_miles": 15.8, "is_available": true, "is_disabled": false, "last_reported": "1785840346"}}, {"type": "Feature", "geometry": {"type": "Point", "coordinates": [-83.00233578333334, 39.97082]}, "properties": {"vehicle_id": "e434d351-9147-4bf1-a5b1-e435b6746c42", "company": "Spin", "type": "e-bike", "battery_pct": 94, "range_miles": 25.46, "is_available": true, "is_disabled": false, "last_reported": "1785840320"}}, {"type": "Feature", "geometry": {"type": "Point", "coordinates": [-83.0035602, 39.97749675]}, "properties": {"vehicle_id": "ed6e96a8-9590-4381-b390-51b9f65f03cf", "company": "Spin", "type": "e-bike", "battery_pct": 90, "range_miles": 24.58, "is_available": true, "is_disabled": false, "last_reported": "1785840357"}}, {"type": "Feature", "geometry": {"type": "Point", "coordinates": [-82.99682253333334, 39.95193833333334]}, "properties": {"vehicle_id": "0269f203-d910-49be-871c-e7a086f88569", "company": "Spin", "type": "e-bike", "battery_pct": 85, "range_miles": 23.12, "is_available": true, "is_disabled": false, "last_reported": "1785840103"}}, {"type": "Feature", "geometry": {"type": "Point", "coordinates": [-83.0041038, 39.97879385]}, "properties": {"vehicle_id": "73374af5-2391-4981-a588-2f738271b6ac", "company": "Spin", "type": "scooter", "battery_pct": 70, "range_miles": 19.02, "is_available": true, "is_disabled": false, "last_reported": "1785840189"}}, {"type": "Feature", "geometry": {"type": "Point", "coordinates": [-82.96000123333333, 39.96789883333334]}, "properties": {"vehicle_id": "be0c82af-5ad1-4259-8920-a03b57422676", "company": "Spin", "type": "e-bike", "battery_pct": 67, "range_miles": 18.15, "is_available": true, "is_disabled": false, "last_reported": "1785840351"}}, {"type": "Feature", "geometry": {"type": "Point", "coordinates": [-83.04458010000002, 39.98508015]}, "properties": {"vehicle_id": "6ef95c7d-43f8-499a-90d5-a6fe4ced63b4", "company": "Spin", "type": "e-bike", "battery_pct": 59, "range_miles": 16.1, "is_available": true, "is_disabled": false, "last_reported": "1785840229"}}, {"type": "Feature", "geometry": {"type": "Point", "coordinates": [-82.98861145000001, 39.94892083333333]}, "properties": {"vehicle_id": "c18180a9-9a37-444a-856d-8ac7e7286022", "company": "Spin", "type": "e-bike", "battery_pct": 88, "range_miles": 24.0, "is_available": true, "is_disabled": false, "last_reported": "1785840210"}}, {"type": "Feature", "geometry": {"type": "Point", "coordinates": [-83.0030069, 39.97462465]}, "properties": {"vehicle_id": "fb363583-5d00-4882-ad4e-9d6b8f81158f", "company": "Spin", "type": "e-bike", "battery_pct": 67, "range_miles": 18.15, "is_available": true, "is_disabled": false, "last_reported": "1785840179"}}, {"type": "Feature", "geometry": {"type": "Point", "coordinates": [-82.99922883333332, 39.96804733333333]}, "properties": {"vehicle_id": "08a63cc7-6a3b-4898-883f-671c914f43be", "company": "Spin", "type": "scooter", "battery_pct": 16, "range_miles": 4.39, "is_available": true, "is_disabled": false, "last_reported": "1785840271"}}, {"type": "Feature", "geometry": {"type": "Point", "coordinates": [-82.96814, 40.012959]}, "properties": {"vehicle_id": "2024649e-ed7b-4c43-9065-b5937d675dda", "company": "Spin", "type": "scooter", "battery_pct": 99, "range_miles": 26.93, "is_available": true, "is_disabled": false, "last_reported": "1785840334"}}, {"type": "Feature", "geometry": {"type": "Point", "coordinates": [-83.003398, 39.975908]}, "properties": {"vehicle_id": "302f5e22-e1bc-44ce-b318-24d1bd883728", "company": "Spin", "type": "scooter", "battery_pct": 76, "range_miles": 21.75, "is_available": true, "is_disabled": false, "last_reported": "1785840187"}}, {"type": "Feature", "geometry": {"type": "Point", "coordinates": [-83.0721666, 39.944914733333334]}, "properties": {"vehicle_id": "e4a5d2e1-b33e-4e4a-9b74-c141e681a26a", "company": "Spin", "type": "scooter", "battery_pct": 33, "range_miles": 9.07, "is_available": true, "is_disabled": false, "last_reported": "1785840224"}}, {"type": "Feature", "geometry": {"type": "Point", "coordinates": [-83.00475030000001, 39.98275843333333]}, "properties": {"vehicle_id": "cdffe1a5-c3f4-4e08-b218-2665cf6f719b", "company": "Spin", "type": "e-bike", "battery_pct": 47, "range_miles": 12.88, "is_available": true, "is_disabled": false, "last_reported": "1785840346"}}, {"type": "Feature", "geometry": {"type": "Point", "coordinates": [-82.99057893333332, 39.97166075]}, "properties": {"vehicle_id": "6a77e09a-9e0c-43d9-8a57-d25a951e0121", "company": "Spin", "type": "scooter", "battery_pct": 54, "range_miles": 14.63, "is_available": true, "is_disabled": false, "last_reported": "1785840215"}}, {"type": "Feature", "geometry": {"type": "Point", "coordinates": [-83.003377, 39.975929]}, "properties": {"vehicle_id": "ee60b369-d2d9-4e11-9c66-af4f1384d739", "company": "Spin", "type": "scooter", "battery_pct": 52, "range_miles": 14.05, "is_available": true, "is_disabled": false, "last_reported": "1785840316"}}, {"type": "Feature", "geometry": {"type": "Point", "coordinates": [-83.003454, 39.975528]}, "properties": {"vehicle_id": "b366c8cc-52a1-449e-baf7-c382e6c765dd", "company": "Spin", "type": "scooter", "battery_pct": 26, "range_miles": 7.02, "is_available": true, "is_disabled": false, "last_reported": "1785840349"}}, {"type": "Feature", "geometry": {"type": "Point", "coordinates": [-83.00474170000001, 39.973406849999996]}, "properties": {"vehicle_id": "fa3a013e-a301-4f9d-b94f-4b55794ce396", "company": "Spin", "type": "e-bike", "battery_pct": 32, "range_miles": 8.78, "is_available": true, "is_disabled": false, "last_reported": "1785840289"}}, {"type": "Feature", "geometry": {"type": "Point", "coordinates": [-82.99889303333333, 39.99001593333333]}, "properties": {"vehicle_id": "3ee70c9d-3491-4085-a010-0a962cbaaa63", "company": "Spin", "type": "e-bike", "battery_pct": 70, "range_miles": 19.02, "is_available": true, "is_disabled": false, "last_reported": "1785840314"}}, {"type": "Feature", "geometry": {"type": "Point", "coordinates": [-83.00220839999999, 39.96882613333333]}, "properties": {"vehicle_id": "c2200816-046b-48bc-9b46-765e755e9263", "company": "Spin", "type": "scooter", "battery_pct": 37, "range_miles": 9.95, "is_available": true, "is_disabled": false, "last_reported": "1785840329"}}, {"type": "Feature", "geometry": {"type": "Point", "coordinates": [-83.0026819, 39.95563933333334]}, "properties": {"vehicle_id": "d4f9ad83-1126-4932-8ad2-0e57347989ad", "company": "Spin", "type": "e-bike", "battery_pct": 91, "range_miles": 24.88, "is_available": true, "is_disabled": false, "last_reported": "1785840343"}}, {"type": "Feature", "geometry": {"type": "Point", "coordinates": [-83.01420090000002, 40.022903899999996]}, "properties": {"vehicle_id": "a8481f24-60a6-4d13-bb25-06ef55396453", "company": "Spin", "type": "e-bike", "battery_pct": 71, "range_miles": 19.32, "is_available": true, "is_disabled": false, "last_reported": "1785840345"}}, {"type": "Feature", "geometry": {"type": "Point", "coordinates": [-83.0047147, 39.973370349999996]}, "properties": {"vehicle_id": "83b2ba3c-1573-4017-b285-35476a93a6e1", "company": "Spin", "type": "scooter", "battery_pct": 30, "range_miles": 8.19, "is_available": true, "is_disabled": false, "last_reported": "1785840213"}}, {"type": "Feature", "geometry": {"type": "Point", "coordinates": [-83.0047371, 39.97340505]}, "properties": {"vehicle_id": "ceb6e46c-ecea-4e17-9120-759946205bf5", "company": "Spin", "type": "e-bike", "battery_pct": 66, "range_miles": 17.85, "is_available": true, "is_disabled": false, "last_reported": "1785840356"}}, {"type": "Feature", "geometry": {"type": "Point", "coordinates": [-83.00935009999999, 40.0055305]}, "properties": {"vehicle_id": "8b028282-c42e-4d2f-a116-31460f945e97", "company": "Spin", "type": "scooter", "battery_pct": 74, "range_miles": 20.19, "is_available": true, "is_disabled": false, "last_reported": "1785840215"}}, {"type": "Feature", "geometry": {"type": "Point", "coordinates": [-83.0446935, 39.98505555]}, "properties": {"vehicle_id": "16c68a80-8d8a-4051-90dc-747da8e355c8", "company": "Spin", "type": "scooter", "battery_pct": 71, "range_miles": 19.32, "is_available": true, "is_disabled": false, "last_reported": "1785840290"}}, {"type": "Feature", "geometry": {"type": "Point", "coordinates": [-82.99552083333334, 39.949338233333336]}, "properties": {"vehicle_id": "48727458-2dea-4a07-9f64-b5b0e7afd965", "company": "Spin", "type": "scooter", "battery_pct": 72, "range_miles": 19.61, "is_available": true, "is_disabled": false, "last_reported": "1785840319"}}, {"type": "Feature", "geometry": {"type": "Point", "coordinates": [-83.02744140000001, 39.98587515]}, "properties": {"vehicle_id": "c66b822f-125c-4675-8972-745f86f3d80d", "company": "Spin", "type": "scooter", "battery_pct": 66, "range_miles": 17.85, "is_available": true, "is_disabled": false, "last_reported": "1785840172"}}, {"type": "Feature", "geometry": {"type": "Point", "coordinates": [-83.00402756666666, 39.96918523333333]}, "properties": {"vehicle_id": "3b227fb1-af0b-45f4-b718-b82a0d0d3612", "company": "Spin", "type": "e-bike", "battery_pct": 61, "range_miles": 16.68, "is_available": true, "is_disabled": false, "last_reported": "1785840299"}}, {"type": "Feature", "geometry": {"type": "Point", "coordinates": [-83.0047337, 39.97338035]}, "properties": {"vehicle_id": "39cf53ad-725a-4eba-a6a5-c11520890175", "company": "Spin", "type": "e-bike", "battery_pct": 75, "range_miles": 20.49, "is_available": true, "is_disabled": false, "last_reported": "1785840300"}}, {"type": "Feature", "geometry": {"type": "Point", "coordinates": [-83.00465166666666, 39.98274666666667]}, "properties": {"vehicle_id": "9d3d451a-3368-4ded-9143-851d22a77f5e", "company": "Spin", "type": "e-bike", "battery_pct": 98, "range_miles": 26.63, "is_available": true, "is_disabled": false, "last_reported": "1785840146"}}, {"type": "Feature", "geometry": {"type": "Point", "coordinates": [-83.00679559999999, 39.994014433333334]}, "properties": {"vehicle_id": "2773243e-401e-49f6-8b50-497f408cd942", "company": "Spin", "type": "scooter", "battery_pct": 53, "range_miles": 14.34, "is_available": true, "is_disabled": false, "last_reported": "1785840345"}}, {"type": "Feature", "geometry": {"type": "Point", "coordinates": [-83.0010841, 39.954469333333336]}, "properties": {"vehicle_id": "bf30fc7b-b772-46ac-b61d-647471f6d70f", "company": "Spin", "type": "e-bike", "battery_pct": 87, "range_miles": 23.71, "is_available": true, "is_disabled": false, "last_reported": "1785840271"}}, {"type": "Feature", "geometry": {"type": "Point", "coordinates": [-83.01943959999998, 39.97515685]}, "properties": {"vehicle_id": "d4cf5add-fdc1-44a0-963e-b587eac5f964", "company": "Spin", "type": "e-bike", "battery_pct": 81, "range_miles": 21.95, "is_available": true, "is_disabled": false, "last_reported": "1785840282"}}, {"type": "Feature", "geometry": {"type": "Point", "coordinates": [-83.00212400000001, 39.96631013333333]}, "properties": {"vehicle_id": "a438ec60-413c-404b-822c-79bf99019bc8", "company": "Spin", "type": "e-bike", "battery_pct": 20, "range_miles": 5.56, "is_available": true, "is_disabled": false, "last_reported": "1785840271"}}, {"type": "Feature", "geometry": {"type": "Point", "coordinates": [-82.99631163333333, 39.963270933333334]}, "properties": {"vehicle_id": "afdca119-a576-4eaf-b6bb-e2b1060b2c36", "company": "Spin", "type": "e-bike", "battery_pct": 92, "range_miles": 25.17, "is_available": true, "is_disabled": false, "last_reported": "1785840307"}}, {"type": "Feature", "geometry": {"type": "Point", "coordinates": [-83.0047474, 39.97340955]}, "properties": {"vehicle_id": "26f4a133-d9c8-42a9-956d-cd515b4e4c83", "company": "Spin", "type": "e-bike", "battery_pct": 90, "range_miles": 24.58, "is_available": true, "is_disabled": false, "last_reported": "1785840296"}}, {"type": "Feature", "geometry": {"type": "Point", "coordinates": [-83.0032063, 39.955878133333336]}, "properties": {"vehicle_id": "c1d8de31-bbb4-4631-a054-c9cd9d7adced", "company": "Spin", "type": "e-bike", "battery_pct": 89, "range_miles": 24.29, "is_available": true, "is_disabled": false, "last_reported": "1785840357"}}, {"type": "Feature", "geometry": {"type": "Point", "coordinates": [-82.99630733333333, 39.963286833333335]}, "properties": {"vehicle_id": "c5ea60a9-a690-40ad-8399-d66132389d2a", "company": "Spin", "type": "e-bike", "battery_pct": 41, "range_miles": 11.12, "is_available": true, "is_disabled": false, "last_reported": "1785840331"}}, {"type": "Feature", "geometry": {"type": "Point", "coordinates": [-82.98342453333335, 39.95364283333333]}, "properties": {"vehicle_id": "881251bd-715f-4f8b-8f95-1d99125cffe9", "company": "Spin", "type": "e-bike", "battery_pct": 67, "range_miles": 18.15, "is_available": true, "is_disabled": false, "last_reported": "1785840316"}}, {"type": "Feature", "geometry": {"type": "Point", "coordinates": [-83.00549870000002, 39.985237149999996]}, "properties": {"vehicle_id": "5da249ea-f9a7-42e8-941d-17c21178fdd7", "company": "Spin", "type": "scooter", "battery_pct": 25, "range_miles": 6.73, "is_available": true, "is_disabled": false, "last_reported": "1785840267"}}, {"type": "Feature", "geometry": {"type": "Point", "coordinates": [-83.0047166, 39.98272013333334]}, "properties": {"vehicle_id": "79a20046-ec6e-4522-890a-6004ed329afa", "company": "Spin", "type": "e-bike", "battery_pct": 46, "range_miles": 12.58, "is_available": true, "is_disabled": false, "last_reported": "1785840350"}}, {"type": "Feature", "geometry": {"type": "Point", "coordinates": [-83.00790460000002, 40.00072350000001]}, "properties": {"vehicle_id": "6794ea2c-4f09-4d9e-bb88-e3ccd6906dd6", "company": "Spin", "type": "scooter", "battery_pct": 57, "range_miles": 15.51, "is_available": true, "is_disabled": false, "last_reported": "1785840140"}}, {"type": "Feature", "geometry": {"type": "Point", "coordinates": [-82.98688863333334, 39.96023683333333]}, "properties": {"vehicle_id": "d9e5cb0d-86e3-483d-bc62-7d75d8a5e1f0", "company": "Spin", "type": "scooter", "battery_pct": 25, "range_miles": 6.73, "is_available": true, "is_disabled": false, "last_reported": "1785840172"}}, {"type": "Feature", "geometry": {"type": "Point", "coordinates": [-83.00473910000001, 39.973390450000004]}, "properties": {"vehicle_id": "ec210c95-15c8-42da-a7e3-f4222438285d", "company": "Spin", "type": "e-bike", "battery_pct": 37, "range_miles": 9.95, "is_available": true, "is_disabled": false, "last_reported": "1785840210"}}, {"type": "Feature", "geometry": {"type": "Point", "coordinates": [-83.00619810000002, 39.95802763333334]}, "properties": {"vehicle_id": "47004935-5a2f-4d8f-86d9-4c32f8e3d444", "company": "Spin", "type": "e-bike", "battery_pct": 70, "range_miles": 19.02, "is_available": true, "is_disabled": false, "last_reported": "1785840333"}}, {"type": "Feature", "geometry": {"type": "Point", "coordinates": [-82.99565383333332, 39.957167133333336]}, "properties": {"vehicle_id": "076361b3-cd01-49e8-bdff-ad0d21657a25", "company": "Spin", "type": "scooter", "battery_pct": 56, "range_miles": 15.22, "is_available": true, "is_disabled": false, "last_reported": "1785840193"}}, {"type": "Feature", "geometry": {"type": "Point", "coordinates": [-83.00473926666668, 39.97339041666667]}, "properties": {"vehicle_id": "ffd5163b-2dfc-4376-9bc0-8f4564258fbd", "company": "Spin", "type": "e-bike", "battery_pct": 52, "range_miles": 14.05, "is_available": true, "is_disabled": false, "last_reported": "1785840254"}}, {"type": "Feature", "geometry": {"type": "Point", "coordinates": [-82.99705663333334, 40.002325000000006]}, "properties": {"vehicle_id": "2518aeba-1ebc-4bb4-9e21-9bbaf70da929", "company": "Spin", "type": "scooter", "battery_pct": 98, "range_miles": 26.63, "is_available": true, "is_disabled": false, "last_reported": "1785840293"}}, {"type": "Feature", "geometry": {"type": "Point", "coordinates": [-83.00474299999999, 39.97339085]}, "properties": {"vehicle_id": "2bf66cd9-1893-4604-8a1a-28e0466f060b", "company": "Spin", "type": "e-bike", "battery_pct": 51, "range_miles": 13.76, "is_available": true, "is_disabled": false, "last_reported": "1785840218"}}, {"type": "Feature", "geometry": {"type": "Point", "coordinates": [-82.99539193333334, 39.958660333333334]}, "properties": {"vehicle_id": "d6a51085-72e3-42de-8c93-470dcc21fdf4", "company": "Spin", "type": "scooter", "battery_pct": 48, "range_miles": 13.17, "is_available": true, "is_disabled": false, "last_reported": "1785840158"}}, {"type": "Feature", "geometry": {"type": "Point", "coordinates": [-83.0204968, 40.006597000000006]}, "properties": {"vehicle_id": "19ebe5e0-be2b-46f9-9d0a-15784672befd", "company": "Spin", "type": "e-bike", "battery_pct": 68, "range_miles": 18.44, "is_available": true, "is_disabled": false, "last_reported": "1785840341"}}, {"type": "Feature", "geometry": {"type": "Point", "coordinates": [-82.99488573333335, 39.96553443333333]}, "properties": {"vehicle_id": "2569d1c7-8625-4ca8-8b6e-5d83d0cd32bf", "company": "Spin", "type": "e-bike", "battery_pct": 32, "range_miles": 8.78, "is_available": true, "is_disabled": false, "last_reported": "1785840352"}}, {"type": "Feature", "geometry": {"type": "Point", "coordinates": [-83.002757, 39.964126]}, "properties": {"vehicle_id": "d4251218-86c1-485f-87c2-31c1cc9241f0", "company": "Spin", "type": "scooter", "battery_pct": 65, "range_miles": 18.38, "is_available": true, "is_disabled": false, "last_reported": "1785840285"}}, {"type": "Feature", "geometry": {"type": "Point", "coordinates": [-82.99636373333333, 39.96357233333333]}, "properties": {"vehicle_id": "774379c6-06ed-41b6-a4ee-d17a904f6e9a", "company": "Spin", "type": "e-bike", "battery_pct": 22, "range_miles": 5.85, "is_available": true, "is_disabled": false, "last_reported": "1785840202"}}, {"type": "Feature", "geometry": {"type": "Point", "coordinates": [-83.0069219, 39.994913833333335]}, "properties": {"vehicle_id": "05d7695f-8a35-4053-897d-164bd76a09ed", "company": "Spin", "type": "scooter", "battery_pct": 95, "range_miles": 25.75, "is_available": true, "is_disabled": false, "last_reported": "1785840228"}}, {"type": "Feature", "geometry": {"type": "Point", "coordinates": [-83.00475479999999, 39.97340075]}, "properties": {"vehicle_id": "600a2c83-87e4-4942-999a-98148487047b", "company": "Spin", "type": "e-bike", "battery_pct": 23, "range_miles": 6.15, "is_available": true, "is_disabled": false, "last_reported": "1785840281"}}, {"type": "Feature", "geometry": {"type": "Point", "coordinates": [-83.00549619999998, 39.98522655]}, "properties": {"vehicle_id": "30f84b4f-28d4-493a-a2d6-9c7c02b37346", "company": "Spin", "type": "scooter", "battery_pct": 39, "range_miles": 10.54, "is_available": true, "is_disabled": false, "last_reported": "1785840263"}}, {"type": "Feature", "geometry": {"type": "Point", "coordinates": [-83.00904100000001, 40.0060111]}, "properties": {"vehicle_id": "178eb099-de13-437b-a4bd-ac3bd0e2be6a", "company": "Spin", "type": "scooter", "battery_pct": 24, "range_miles": 6.44, "is_available": true, "is_disabled": false, "last_reported": "1785840266"}}, {"type": "Feature", "geometry": {"type": "Point", "coordinates": [-83.0052968, 39.95602633333333]}, "properties": {"vehicle_id": "070d81f3-961f-4450-ae27-a7df678ab922", "company": "Spin", "type": "e-bike", "battery_pct": 69, "range_miles": 18.73, "is_available": true, "is_disabled": false, "last_reported": "1785840335"}}, {"type": "Feature", "geometry": {"type": "Point", "coordinates": [-82.997445, 39.957813]}, "properties": {"vehicle_id": "7cf755b1-7224-4fa6-9400-cc7a1b5298d8", "company": "Spin", "type": "scooter", "battery_pct": 10, "range_miles": 2.76, "is_available": false, "is_disabled": true, "last_reported": "1785840201"}}, {"type": "Feature", "geometry": {"type": "Point", "coordinates": [-82.979569, 39.967743]}, "properties": {"vehicle_id": "9e79f390-7142-4624-9488-857201856c37", "company": "Spin", "type": "scooter", "battery_pct": 2, "range_miles": 0.61, "is_available": false, "is_disabled": true, "last_reported": "1785840357"}}, {"type": "Feature", "geometry": {"type": "Point", "coordinates": [-83.002552, 39.971633]}, "properties": {"vehicle_id": "ce3ea4be-32bf-4bac-a571-4bf52b168ea3", "company": "Spin", "type": "scooter", "battery_pct": 10, "range_miles": 2.76, "is_available": false, "is_disabled": true, "last_reported": "1785840350"}}, {"type": "Feature", "geometry": {"type": "Point", "coordinates": [-82.97026666666667, 39.95911666666667]}, "properties": {"vehicle_id": "4b0fc6e6-7246-409e-919f-668759d747d6", "company": "Spin", "type": "e-bike", "battery_pct": 10, "range_miles": 2.63, "is_available": false, "is_disabled": true, "last_reported": "1785840225"}}, {"type": "Feature", "geometry": {"type": "Point", "coordinates": [-82.95528353333333, 39.92406653333333]}, "properties": {"vehicle_id": "96546c5b-04cd-4bb8-9dbf-b3be6bbfd84e", "company": "Spin", "type": "scooter", "battery_pct": 12, "range_miles": 3.22, "is_available": false, "is_disabled": true, "last_reported": "1785840144"}}, {"type": "Feature", "geometry": {"type": "Point", "coordinates": [-83.01926999999999, 39.965805]}, "properties": {"vehicle_id": "1965a40d-8cd6-442e-957a-30aeb9a44ac4", "company": "Spin", "type": "e-bike", "battery_pct": 6, "range_miles": 1.76, "is_available": false, "is_disabled": true, "last_reported": "1785840130"}}, {"type": "Feature", "geometry": {"type": "Point", "coordinates": [-82.983311, 39.941478]}, "properties": {"vehicle_id": "fb6152da-58dd-4ae9-afd8-0b7106c0c49b", "company": "Spin", "type": "scooter", "battery_pct": 1, "range_miles": 0.29, "is_available": false, "is_disabled": true, "last_reported": "1785840352"}}, {"type": "Feature", "geometry": {"type": "Point", "coordinates": [-83.01507833333332, 39.98963166666667]}, "properties": {"vehicle_id": "210167ba-41bc-4ed6-96c1-ee60df8d9f97", "company": "Spin", "type": "e-bike", "battery_pct": 11, "range_miles": 2.93, "is_available": false, "is_disabled": true, "last_reported": "1785840344"}}, {"type": "Feature", "geometry": {"type": "Point", "coordinates": [-83.001282, 39.954932]}, "properties": {"vehicle_id": "cc0b0be5-0d35-41a6-bb7b-dabfe2769971", "company": "Spin", "type": "scooter", "battery_pct": 1, "range_miles": 0.29, "is_available": false, "is_disabled": true, "last_reported": "1785840262"}}, {"type": "Feature", "geometry": {"type": "Point", "coordinates": [-83.011187, 39.991543]}, "properties": {"vehicle_id": "5247fdbd-8ff4-4249-ada0-054bc0b67aa4", "company": "Spin", "type": "scooter", "battery_pct": 2, "range_miles": 0.59, "is_available": false, "is_disabled": true, "last_reported": "1785840317"}}, {"type": "Feature", "geometry": {"type": "Point", "coordinates": [-83.015899, 40.016419]}, "properties": {"vehicle_id": "e4c7f0d4-5a2b-47f6-b32b-6bfcacad0eae", "company": "Spin", "type": "scooter", "battery_pct": 4, "range_miles": 1.17, "is_available": false, "is_disabled": true, "last_reported": "1785840083"}}, {"type": "Feature", "geometry": {"type": "Point", "coordinates": [-82.99316153333332, 40.0053734]}, "properties": {"vehicle_id": "c6cc3fe1-dcbd-4d63-b693-326813a39a9d", "company": "Spin", "type": "e-bike", "battery_pct": 5, "range_miles": 1.46, "is_available": false, "is_disabled": true, "last_reported": "1785840286"}}, {"type": "Feature", "geometry": {"type": "Point", "coordinates": [-82.967151, 40.013781]}, "properties": {"vehicle_id": "2f93a7a8-03ee-4e67-bdc4-f648ffb5998d", "company": "Spin", "type": "scooter", "battery_pct": 5, "range_miles": 1.53, "is_available": false, "is_disabled": true, "last_reported": "1785840198"}}, {"type": "Feature", "geometry": {"type": "Point", "coordinates": [-83.009363, 39.958539]}, "properties": {"vehicle_id": "3806fb24-72a7-46ba-94da-7df020c83969", "company": "Spin", "type": "scooter", "battery_pct": 10, "range_miles": 2.63, "is_available": false, "is_disabled": true, "last_reported": "1785840180"}}, {"type": "Feature", "geometry": {"type": "Point", "coordinates": [-82.99405213333333, 39.95654283333333]}, "properties": {"vehicle_id": "7dfd194f-5288-403c-88c3-bba36679643c", "company": "Spin", "type": "scooter", "battery_pct": 8, "range_miles": 2.05, "is_available": false, "is_disabled": true, "last_reported": "1785840256"}}, {"type": "Feature", "geometry": {"type": "Point", "coordinates": [-82.97256954999999, 40.000437899999994]}, "properties": {"vehicle_id": "b196043a-6782-4b85-ba00-92b2f7648318", "company": "Spin", "type": "e-bike", "battery_pct": 1, "range_miles": 0.29, "is_available": false, "is_disabled": true, "last_reported": "1785840342"}}, {"type": "Feature", "geometry": {"type": "Point", "coordinates": [-83.00265570000002, 39.95986453333333]}, "properties": {"vehicle_id": "fb110b5c-4532-4ce7-95d7-8a245d3d05f4", "company": "Spin", "type": "e-bike", "battery_pct": 5, "range_miles": 1.46, "is_available": false, "is_disabled": true, "last_reported": "1785840262"}}, {"type": "Feature", "geometry": {"type": "Point", "coordinates": [-83.0536545, 39.931301733333335]}, "properties": {"vehicle_id": "65e6e952-1da2-4b93-8fe6-731e0c1c6d9c", "company": "Spin", "type": "scooter", "battery_pct": 10, "range_miles": 2.63, "is_available": false, "is_disabled": true, "last_reported": "1785840300"}}, {"type": "Feature", "geometry": {"type": "Point", "coordinates": [-83.024289, 39.951315]}, "properties": {"vehicle_id": "f88f5c6c-810c-47be-abcd-c7388ac8bfce", "company": "Spin", "type": "scooter", "battery_pct": 11, "range_miles": 2.93, "is_available": false, "is_disabled": true, "last_reported": "1785840227"}}, {"type": "Feature", "geometry": {"type": "Point", "coordinates": [-82.98436333333332, 40.00061]}, "properties": {"vehicle_id": "1abe5f75-f89c-496d-b8f5-cf48fe42e0a3", "company": "Spin", "type": "e-bike", "battery_pct": 13, "range_miles": 3.51, "is_available": false, "is_disabled": true, "last_reported": "1785840251"}}, {"type": "Feature", "geometry": {"type": "Point", "coordinates": [-83.11322129999999, 39.945875533333336]}, "properties": {"vehicle_id": "02739893-d214-4b1d-96cf-f10b7b7b5c07", "company": "Spin", "type": "e-bike", "battery_pct": 10, "range_miles": 2.63, "is_available": false, "is_disabled": true, "last_reported": "1785840275"}}, {"type": "Feature", "geometry": {"type": "Point", "coordinates": [-83.00840529999999, 39.95825443333333]}, "properties": {"vehicle_id": "d1d4d534-b23e-489c-a749-4a924b09c46e", "company": "Spin", "type": "e-bike", "battery_pct": 12, "range_miles": 3.22, "is_available": false, "is_disabled": true, "last_reported": "1785840120"}}, {"type": "Feature", "geometry": {"type": "Point", "coordinates": [-82.976537, 39.988824]}, "properties": {"vehicle_id": "375a7e06-31fa-47cc-8296-bd2a133b25ee", "company": "Spin", "type": "scooter", "battery_pct": 12, "range_miles": 3.22, "is_available": false, "is_disabled": true, "last_reported": "1785840294"}}, {"type": "Feature", "geometry": {"type": "Point", "coordinates": [-82.95735253333332, 39.90509193333333]}, "properties": {"vehicle_id": "6dc7aede-fd51-4a09-acd5-b6a74f1b3285", "company": "Spin", "type": "scooter", "battery_pct": 4, "range_miles": 1.17, "is_available": false, "is_disabled": true, "last_reported": "1785840269"}}, {"type": "Feature", "geometry": {"type": "Point", "coordinates": [-82.972261, 39.956507]}, "properties": {"vehicle_id": "39e689c2-ca8a-4b13-b5dc-e76f4c7fdb80", "company": "Spin", "type": "scooter", "battery_pct": 12, "range_miles": 3.22, "is_available": false, "is_disabled": true, "last_reported": "1785840313"}}, {"type": "Feature", "geometry": {"type": "Point", "coordinates": [-82.919001, 40.020601]}, "properties": {"vehicle_id": "677d0a82-9590-4cda-b94e-7f5292e3c5c4", "company": "Spin", "type": "scooter", "battery_pct": 13, "range_miles": 3.51, "is_available": false, "is_disabled": true, "last_reported": "1785840198"}}, {"type": "Feature", "geometry": {"type": "Point", "coordinates": [-82.99951993333335, 39.96805413333333]}, "properties": {"vehicle_id": "ad8419f9-a665-46aa-ae8f-5eefaaf59353", "company": "Spin", "type": "scooter", "battery_pct": 8, "range_miles": 2.05, "is_available": false, "is_disabled": true, "last_reported": "1785840181"}}, {"type": "Feature", "geometry": {"type": "Point", "coordinates": [-82.99916623333333, 39.968046333333334]}, "properties": {"vehicle_id": "9d8e3f4e-03db-40d5-a649-2d54a5202d43", "company": "Spin", "type": "scooter", "battery_pct": 8, "range_miles": 2.05, "is_available": false, "is_disabled": true, "last_reported": "1785840318"}}, {"type": "Feature", "geometry": {"type": "Point", "coordinates": [-83.00168579999999, 39.968870333333335]}, "properties": {"vehicle_id": "5ae17b42-4a98-466d-8e04-581cf7363829", "company": "Spin", "type": "e-bike", "battery_pct": 10, "range_miles": 2.63, "is_available": false, "is_disabled": true, "last_reported": "1785840211"}}, {"type": "Feature", "geometry": {"type": "Point", "coordinates": [-82.978399, 39.970554]}, "properties": {"vehicle_id": "2cfbce11-3044-479b-b744-9789099d6d80", "company": "Spin", "type": "scooter", "battery_pct": 14, "range_miles": 3.8, "is_available": false, "is_disabled": true, "last_reported": "1785840319"}}, {"type": "Feature", "geometry": {"type": "Point", "coordinates": [-83.002814, 39.96007]}, "properties": {"vehicle_id": "196e4c76-4cd1-4675-8702-ca6b4d48a9a3", "company": "Spin", "type": "scooter", "battery_pct": 13, "range_miles": 3.51, "is_available": false, "is_disabled": true, "last_reported": "1785840309"}}, {"type": "Feature", "geometry": {"type": "Point", "coordinates": [-83.002743, 39.959761]}, "properties": {"vehicle_id": "94bb06fd-9028-4611-8857-29146d66ceab", "company": "Spin", "type": "scooter", "battery_pct": 14, "range_miles": 3.98, "is_available": false, "is_disabled": true, "last_reported": "1785840132"}}, {"type": "Feature", "geometry": {"type": "Point", "coordinates": [-82.99227, 39.927555]}, "properties": {"vehicle_id": "df74c8c1-7715-42ba-b517-ff5808269ea2", "company": "Spin", "type": "scooter", "battery_pct": 14, "range_miles": 3.8, "is_available": false, "is_disabled": true, "last_reported": "1785840353"}}, {"type": "Feature", "geometry": {"type": "Point", "coordinates": [-83.0014239, 40.0130003]}, "properties": {"vehicle_id": "aed20c4d-9ac8-434d-900f-7085feb2e69d", "company": "Spin", "type": "e-bike", "battery_pct": 13, "range_miles": 3.51, "is_available": false, "is_disabled": true, "last_reported": "1785840281"}}, {"type": "Feature", "geometry": {"type": "Point", "coordinates": [-83.009912, 39.998908]}, "properties": {"vehicle_id": "024ddb93-73e1-4ab4-ac4e-f8c89586f461", "company": "Spin", "type": "scooter", "battery_pct": 61, "range_miles": 16.68, "is_available": true, "is_disabled": false, "last_reported": "1785840383"}}, {"type": "Feature", "geometry": {"type": "Point", "coordinates": [-83.00763049999999, 39.99703873333333]}, "properties": {"vehicle_id": "e43bd0a4-2dc6-4463-93d0-03ea373faa82", "company": "Spin", "type": "scooter", "battery_pct": 48, "range_miles": 13.17, "is_available": true, "is_disabled": false, "last_reported": "1785840287"}}, {"type": "Feature", "geometry": {"type": "Point", "coordinates": [-83.02148045, 39.99927173333333]}, "properties": {"vehicle_id": "5afdd98b-3b22-4b56-95e0-6b489f8bff67", "company": "Spin", "type": "e-bike", "battery_pct": 35, "range_miles": 9.66, "is_available": true, "is_disabled": false, "last_reported": "1785840327"}}, {"type": "Feature", "geometry": {"type": "Point", "coordinates": [-83.02149548333334, 39.99927331666667]}, "properties": {"vehicle_id": "e1ab62ad-d290-49b2-998f-4b5861cb1c58", "company": "Spin", "type": "e-bike", "battery_pct": 24, "range_miles": 6.44, "is_available": true, "is_disabled": false, "last_reported": "1785840225"}}, {"type": "Feature", "geometry": {"type": "Point", "coordinates": [-83.021485, 39.999285]}, "properties": {"vehicle_id": "0b0b5418-cecf-4fed-8ac5-dbfd67ce5b9e", "company": "Spin", "type": "e-bike", "battery_pct": 77, "range_miles": 21.07, "is_available": true, "is_disabled": false, "last_reported": "1785840343"}}, {"type": "Feature", "geometry": {"type": "Point", "coordinates": [-83.02148833333334, 39.99930166666666]}, "properties": {"vehicle_id": "299d0bc9-9df6-41cc-a7f1-56db3597af40", "company": "Spin", "type": "e-bike", "battery_pct": 17, "range_miles": 4.68, "is_available": true, "is_disabled": false, "last_reported": "1785840309"}}, {"type": "Feature", "geometry": {"type": "Point", "coordinates": [-83.02149666666668, 39.99930333333334]}, "properties": {"vehicle_id": "e404a98a-f73d-467c-baf3-db4b159abb64", "company": "Spin", "type": "e-bike", "battery_pct": 43, "range_miles": 11.71, "is_available": true, "is_disabled": false, "last_reported": "1785840397"}}, {"type": "Feature", "geometry": {"type": "Point", "coordinates": [-83.02148221666667, 39.999277316666664]}, "properties": {"vehicle_id": "613873d8-ad4c-4879-9eb5-8a4eaecb8b09", "company": "Spin", "type": "e-bike", "battery_pct": 37, "range_miles": 9.95, "is_available": true, "is_disabled": false, "last_reported": "1785840393"}}, {"type": "Feature", "geometry": {"type": "Point", "coordinates": [-83.0214756, 39.99929433333333]}, "properties": {"vehicle_id": "8b324c4c-826f-4c07-af29-ef53be94f91a", "company": "Spin", "type": "e-bike", "battery_pct": 29, "range_miles": 7.9, "is_available": true, "is_disabled": false, "last_reported": "1785840409"}}, {"type": "Feature", "geometry": {"type": "Point", "coordinates": [-83.0214891, 39.99929273333333]}, "properties": {"vehicle_id": "0635e2e9-32c5-46c2-9361-efd7cdfb4b56", "company": "Spin", "type": "e-bike", "battery_pct": 58, "range_miles": 15.8, "is_available": true, "is_disabled": false, "last_reported": "1785840411"}}, {"type": "Feature", "geometry": {"type": "Point", "coordinates": [-83.00962999999999, 39.99809666666667]}, "properties": {"vehicle_id": "23b62f72-dcc2-486e-80aa-85fceaa2b13e", "company": "Spin", "type": "e-bike", "battery_pct": 38, "range_miles": 10.24, "is_available": true, "is_disabled": false, "last_reported": "1785840341"}}, {"type": "Feature", "geometry": {"type": "Point", "coordinates": [-83.020815, 39.993052]}, "properties": {"vehicle_id": "37d7d0fd-ff27-4802-83aa-7ec9a91c7992", "company": "Spin", "type": "scooter", "battery_pct": 29, "range_miles": 7.9, "is_available": true, "is_disabled": false, "last_reported": "1785840416"}}, {"type": "Feature", "geometry": {"type": "Point", "coordinates": [-83.0194356, 39.999880233333336]}, "properties": {"vehicle_id": "8c45ffdc-d1fb-42f9-ab4d-4ab55e3bed0c", "company": "Spin", "type": "scooter", "battery_pct": 22, "range_miles": 5.85, "is_available": true, "is_disabled": false, "last_reported": "1785840325"}}, {"type": "Feature", "geometry": {"type": "Point", "coordinates": [-83.0127702, 40.0034805]}, "properties": {"vehicle_id": "791a2e83-574e-4d70-9e0d-79f7d52700a6", "company": "Spin", "type": "scooter", "battery_pct": 74, "range_miles": 20.19, "is_available": true, "is_disabled": false, "last_reported": "1785840191"}}, {"type": "Feature", "geometry": {"type": "Point", "coordinates": [-83.0162844, 40.0020518]}, "properties": {"vehicle_id": "552f0928-80b5-40e9-b6c9-f28a4d6f63c7", "company": "Spin", "type": "scooter", "battery_pct": 75, "range_miles": 20.49, "is_available": true, "is_disabled": false, "last_reported": "1785840371"}}, {"type": "Feature", "geometry": {"type": "Point", "coordinates": [-83.0112194, 40.003998900000006]}, "properties": {"vehicle_id": "a1a2a04a-271f-4d08-bf54-fc2a82e75239", "company": "Spin", "type": "scooter", "battery_pct": 63, "range_miles": 17.27, "is_available": true, "is_disabled": false, "last_reported": "1785840174"}}, {"type": "Feature", "geometry": {"type": "Point", "coordinates": [-83.0112065, 40.0039917]}, "properties": {"vehicle_id": "6be7c09d-64a7-42e7-aa1b-c224c445f8a9", "company": "Spin", "type": "scooter", "battery_pct": 75, "range_miles": 20.49, "is_available": true, "is_disabled": false, "last_reported": "1785840395"}}, {"type": "Feature", "geometry": {"type": "Point", "coordinates": [-83.0112241, 40.003981599999996]}, "properties": {"vehicle_id": "54528518-9e39-4743-ad50-79774cc5f1fb", "company": "Spin", "type": "scooter", "battery_pct": 76, "range_miles": 20.78, "is_available": true, "is_disabled": false, "last_reported": "1785840332"}}, {"type": "Feature", "geometry": {"type": "Point", "coordinates": [-83.013143, 40.0040446]}, "properties": {"vehicle_id": "9711a60c-ddb1-41ab-bb15-02c344ad9b9d", "company": "Spin", "type": "scooter", "battery_pct": 57, "range_miles": 15.51, "is_available": true, "is_disabled": false, "last_reported": "1785840149"}}, {"type": "Feature", "geometry": {"type": "Point", "coordinates": [-83.00873000000001, 39.99468073333333]}, "properties": {"vehicle_id": "c36c11ba-87a8-4832-810b-a485be2f68bb", "company": "Spin", "type": "scooter", "battery_pct": 40, "range_miles": 10.83, "is_available": true, "is_disabled": false, "last_reported": "1785840325"}}, {"type": "Feature", "geometry": {"type": "Point", "coordinates": [-83.016623, 40.006401]}, "properties": {"vehicle_id": "3c0f029e-0354-4fc7-91d8-5cee10fc810f", "company": "Spin", "type": "scooter", "battery_pct": 78, "range_miles": 21.36, "is_available": true, "is_disabled": false, "last_reported": "1785840330"}}, {"type": "Feature", "geometry": {"type": "Point", "coordinates": [-83.00933609999998, 39.99684263333334]}, "properties": {"vehicle_id": "853240f7-b664-4a88-b894-66626f928b81", "company": "Spin", "type": "scooter", "battery_pct": 24, "range_miles": 6.44, "is_available": true, "is_disabled": false, "last_reported": "1785840283"}}, {"type": "Feature", "geometry": {"type": "Point", "coordinates": [-83.01704999999998, 40.0053164]}, "properties": {"vehicle_id": "82cc31de-cb6b-4e8e-93de-0bb93a195919", "company": "Spin", "type": "e-bike", "battery_pct": 25, "range_miles": 6.73, "is_available": true, "is_disabled": false, "last_reported": "1785840312"}}, {"type": "Feature", "geometry": {"type": "Point", "coordinates": [-83.00876000000001, 40.00011333333334]}, "properties": {"vehicle_id": "29abd3f4-2d82-4bfc-817c-c6418ad33074", "company": "Spin", "type": "e-bike", "battery_pct": 44, "range_miles": 12.0, "is_available": true, "is_disabled": false, "last_reported": "1785840298"}}, {"type": "Feature", "geometry": {"type": "Point", "coordinates": [-83.01871279999999, 39.990869733333334]}, "properties": {"vehicle_id": "b1d55de4-3297-49bc-8dfc-a38baff46c25", "company": "Spin", "type": "e-bike", "battery_pct": 62, "range_miles": 16.97, "is_available": true, "is_disabled": false, "last_reported": "1785840352"}}, {"type": "Feature", "geometry": {"type": "Point", "coordinates": [-83.00752669999999, 39.99522413333333]}, "properties": {"vehicle_id": "2ae9de4a-9d65-4fbb-aa5f-80ab9188205c", "company": "Spin", "type": "scooter", "battery_pct": 66, "range_miles": 17.85, "is_available": true, "is_disabled": false, "last_reported": "1785840303"}}, {"type": "Feature", "geometry": {"type": "Point", "coordinates": [-83.014611, 39.995548]}, "properties": {"vehicle_id": "798bd470-9897-4f17-a836-e7b073f7450d", "company": "Spin", "type": "scooter", "battery_pct": 73, "range_miles": 19.9, "is_available": true, "is_disabled": false, "last_reported": "1785840230"}}, {"type": "Feature", "geometry": {"type": "Point", "coordinates": [-83.014598, 39.995531]}, "properties": {"vehicle_id": "a058fc02-d26f-42c5-97f3-d6eefaf1b05b", "company": "Spin", "type": "scooter", "battery_pct": 66, "range_miles": 17.85, "is_available": true, "is_disabled": false, "last_reported": "1785840397"}}, {"type": "Feature", "geometry": {"type": "Point", "coordinates": [-83.01219420000001, 39.998023333333336]}, "properties": {"vehicle_id": "f5813c10-34ef-42f8-883d-89136b96672b", "company": "Spin", "type": "scooter", "battery_pct": 38, "range_miles": 10.24, "is_available": true, "is_disabled": false, "last_reported": "1785840360"}}, {"type": "Feature", "geometry": {"type": "Point", "coordinates": [-83.0121794, 39.99804913333333]}, "properties": {"vehicle_id": "7da18468-daa8-4c25-926e-efde5e2eccb1", "company": "Spin", "type": "scooter", "battery_pct": 16, "range_miles": 4.39, "is_available": true, "is_disabled": false, "last_reported": "1785840253"}}, {"type": "Feature", "geometry": {"type": "Point", "coordinates": [-83.012989, 40.003104]}, "properties": {"vehicle_id": "f0f487ba-7feb-4daa-ac8f-4b52ac459a1e", "company": "Spin", "type": "scooter", "battery_pct": 39, "range_miles": 10.54, "is_available": true, "is_disabled": false, "last_reported": "1785840335"}}, {"type": "Feature", "geometry": {"type": "Point", "coordinates": [-83.01655610000002, 40.004198800000005]}, "properties": {"vehicle_id": "e8ad2a8e-1903-4dca-8cd2-de44bcf5c848", "company": "Spin", "type": "e-bike", "battery_pct": 19, "range_miles": 5.27, "is_available": true, "is_disabled": false, "last_reported": "1785840409"}}, {"type": "Feature", "geometry": {"type": "Point", "coordinates": [-83.01656059999999, 40.0042288]}, "properties": {"vehicle_id": "c4c5d2ab-4ace-4d46-9e62-58ea505973bc", "company": "Spin", "type": "e-bike", "battery_pct": 30, "range_miles": 8.19, "is_available": true, "is_disabled": false, "last_reported": "1785840217"}}, {"type": "Feature", "geometry": {"type": "Point", "coordinates": [-83.01364039999999, 39.99546383333333]}, "properties": {"vehicle_id": "1cad22ae-17cc-4434-b56b-5f976e31a756", "company": "Spin", "type": "e-bike", "battery_pct": 81, "range_miles": 21.95, "is_available": true, "is_disabled": false, "last_reported": "1785840270"}}, {"type": "Feature", "geometry": {"type": "Point", "coordinates": [-83.020606, 39.991424]}, "properties": {"vehicle_id": "c645462f-241b-4ae3-ba4e-e59de9b68abb", "company": "Spin", "type": "scooter", "battery_pct": 35, "range_miles": 9.66, "is_available": true, "is_disabled": false, "last_reported": "1785840406"}}, {"type": "Feature", "geometry": {"type": "Point", "coordinates": [-83.00943889999999, 39.998513233333334]}, "properties": {"vehicle_id": "66998afe-4a6d-440f-9b68-eea9cf5ac785", "company": "Spin", "type": "e-bike", "battery_pct": 61, "range_miles": 16.68, "is_available": true, "is_disabled": false, "last_reported": "1785840281"}}, {"type": "Feature", "geometry": {"type": "Point", "coordinates": [-83.008997, 40.003857]}, "properties": {"vehicle_id": "e3c4e130-8a83-4632-8a22-149f5cecada3", "company": "Spin", "type": "scooter", "battery_pct": 74, "range_miles": 21.14, "is_available": true, "is_disabled": false, "last_reported": "1785840294"}}, {"type": "Feature", "geometry": {"type": "Point", "coordinates": [-83.00870349999998, 40.0020277]}, "properties": {"vehicle_id": "de228399-9cfa-4ccf-96fc-54e620100563", "company": "Spin", "type": "e-bike", "battery_pct": 23, "range_miles": 6.15, "is_available": true, "is_disabled": false, "last_reported": "1785840309"}}, {"type": "Feature", "geometry": {"type": "Point", "coordinates": [-83.0076386, 39.997144133333336]}, "properties": {"vehicle_id": "d8cb8156-325d-451a-a0ad-01182d9bf243", "company": "Spin", "type": "scooter", "battery_pct": 88, "range_miles": 24.0, "is_available": true, "is_disabled": false, "last_reported": "1785840283"}}, {"type": "Feature", "geometry": {"type": "Point", "coordinates": [-83.0078791, 39.99814773333333]}, "properties": {"vehicle_id": "64407658-183e-4b2f-9263-a75a780e9787", "company": "Spin", "type": "scooter", "battery_pct": 89, "range_miles": 24.29, "is_available": true, "is_disabled": false, "last_reported": "1785840295"}}, {"type": "Feature", "geometry": {"type": "Point", "coordinates": [-83.01751369999998, 39.993468033333336]}, "properties": {"vehicle_id": "3a60af4e-3445-48dc-a2fe-ad7080175105", "company": "Spin", "type": "scooter", "battery_pct": 18, "range_miles": 4.98, "is_available": true, "is_disabled": false, "last_reported": "1785840384"}}, {"type": "Feature", "geometry": {"type": "Point", "coordinates": [-83.0215095, 39.99928963333333]}, "properties": {"vehicle_id": "b59a4b81-9d38-4906-aff7-76762b597826", "company": "Spin", "type": "e-bike", "battery_pct": 57, "range_miles": 15.51, "is_available": true, "is_disabled": false, "last_reported": "1785840329"}}, {"type": "Feature", "geometry": {"type": "Point", "coordinates": [-83.01229399999998, 40.0046703]}, "properties": {"vehicle_id": "e915c93a-8726-4ce4-b969-ce15bf539152", "company": "Spin", "type": "scooter", "battery_pct": 91, "range_miles": 24.88, "is_available": true, "is_disabled": false, "last_reported": "1785840274"}}, {"type": "Feature", "geometry": {"type": "Point", "coordinates": [-83.023539, 40.006776]}, "properties": {"vehicle_id": "e5a3347a-6cb6-4da7-bd2f-d968d9f84c3a", "company": "Spin", "type": "scooter", "battery_pct": 86, "range_miles": 23.41, "is_available": true, "is_disabled": false, "last_reported": "1785840403"}}, {"type": "Feature", "geometry": {"type": "Point", "coordinates": [-83.017133, 40.00061]}, "properties": {"vehicle_id": "03324892-fc28-4fa3-b32f-f85da5a581be", "company": "Spin", "type": "scooter", "battery_pct": 17, "range_miles": 4.9, "is_available": true, "is_disabled": false, "last_reported": "1785840364"}}, {"type": "Feature", "geometry": {"type": "Point", "coordinates": [-83.01680650000002, 39.99515543333334]}, "properties": {"vehicle_id": "0f197e57-6a6e-4dfb-a34c-a72cfcb77c6c", "company": "Spin", "type": "e-bike", "battery_pct": 78, "range_miles": 21.36, "is_available": true, "is_disabled": false, "last_reported": "1785840323"}}, {"type": "Feature", "geometry": {"type": "Point", "coordinates": [-83.01502219999999, 39.99336073333333]}, "properties": {"vehicle_id": "af825306-e37b-4b50-a94e-9d4722cda994", "company": "Spin", "type": "e-bike", "battery_pct": 33, "range_miles": 9.07, "is_available": true, "is_disabled": false, "last_reported": "1785840392"}}, {"type": "Feature", "geometry": {"type": "Point", "coordinates": [-83.0140755, 39.99767683333334]}, "properties": {"vehicle_id": "0b39bc49-ba10-4d96-a3c4-52182de54c8e", "company": "Spin", "type": "e-bike", "battery_pct": 25, "range_miles": 6.73, "is_available": true, "is_disabled": false, "last_reported": "1785840418"}}, {"type": "Feature", "geometry": {"type": "Point", "coordinates": [-83.00890460000001, 40.0035604]}, "properties": {"vehicle_id": "b2d8f536-3766-4db1-893a-fce0fab82249", "company": "Spin", "type": "scooter", "battery_pct": 61, "range_miles": 16.68, "is_available": true, "is_disabled": false, "last_reported": "1785840412"}}, {"type": "Feature", "geometry": {"type": "Point", "coordinates": [-83.0094288, 39.99848493333333]}, "properties": {"vehicle_id": "f53257e6-2fc1-461f-9adb-171841f38636", "company": "Spin", "type": "e-bike", "battery_pct": 70, "range_miles": 19.02, "is_available": true, "is_disabled": false, "last_reported": "1785840324"}}, {"type": "Feature", "geometry": {"type": "Point", "coordinates": [-83.00949870000001, 39.99842903333333]}, "properties": {"vehicle_id": "b81c01fe-5692-4693-8982-85502c65ee01", "company": "Spin", "type": "e-bike", "battery_pct": 53, "range_miles": 14.34, "is_available": true, "is_disabled": false, "last_reported": "1785840172"}}, {"type": "Feature", "geometry": {"type": "Point", "coordinates": [-83.009615, 39.99877433333334]}, "properties": {"vehicle_id": "ba4b28d8-be94-4eee-8bc7-277636219a69", "company": "Spin", "type": "e-bike", "battery_pct": 27, "range_miles": 7.32, "is_available": true, "is_disabled": false, "last_reported": "1785840255"}}, {"type": "Feature", "geometry": {"type": "Point", "coordinates": [-83.0081963, 39.994201133333334]}, "properties": {"vehicle_id": "d0f87c47-e8c7-4a77-8aa8-15f48db57bee", "company": "Spin", "type": "scooter", "battery_pct": 48, "range_miles": 13.17, "is_available": true, "is_disabled": false, "last_reported": "1785840337"}}, {"type": "Feature", "geometry": {"type": "Point", "coordinates": [-83.01658289999999, 39.99435233333334]}, "properties": {"vehicle_id": "d67be540-e118-4a63-b9f0-37d8b3d6c72f", "company": "Spin", "type": "scooter", "battery_pct": 62, "range_miles": 16.97, "is_available": true, "is_disabled": false, "last_reported": "1785840199"}}, {"type": "Feature", "geometry": {"type": "Point", "coordinates": [-83.0264108, 39.99749073333333]}, "properties": {"vehicle_id": "5f81f729-cb5d-4383-b7ca-fa58de59df9e", "company": "Spin", "type": "e-bike", "battery_pct": 67, "range_miles": 18.15, "is_available": true, "is_disabled": false, "last_reported": "1785840316"}}, {"type": "Feature", "geometry": {"type": "Point", "coordinates": [-83.01171889999999, 39.997263133333334]}, "properties": {"vehicle_id": "2405eb26-ea78-47d6-9d12-6f051b16425c", "company": "Spin", "type": "e-bike", "battery_pct": 87, "range_miles": 23.71, "is_available": true, "is_disabled": false, "last_reported": "1785840323"}}, {"type": "Feature", "geometry": {"type": "Point", "coordinates": [-83.03867749999999, 39.99870653333333]}, "properties": {"vehicle_id": "ed8628d0-d7d0-4b05-8935-1b96a4cbc9b2", "company": "Spin", "type": "e-bike", "battery_pct": 20, "range_miles": 5.56, "is_available": true, "is_disabled": false, "last_reported": "1785840377"}}, {"type": "Feature", "geometry": {"type": "Point", "coordinates": [-83.0193645, 40.0063211]}, "properties": {"vehicle_id": "9151fd02-328d-4ee7-8211-baea1942ddee", "company": "Spin", "type": "e-bike", "battery_pct": 66, "range_miles": 17.85, "is_available": true, "is_disabled": false, "last_reported": "1785840335"}}, {"type": "Feature", "geometry": {"type": "Point", "coordinates": [-83.01117719999999, 40.0039947]}, "properties": {"vehicle_id": "ce9ad17e-76eb-488e-a1b4-e4f617f5f2af", "company": "Spin", "type": "e-bike", "battery_pct": 33, "range_miles": 9.07, "is_available": true, "is_disabled": false, "last_reported": "1785840356"}}, {"type": "Feature", "geometry": {"type": "Point", "coordinates": [-83.00959390000001, 40.0035771]}, "properties": {"vehicle_id": "d9196da3-a5b5-4fc4-b5f8-a0e107650fd7", "company": "Spin", "type": "e-bike", "battery_pct": 52, "range_miles": 14.05, "is_available": true, "is_disabled": false, "last_reported": "1785840242"}}, {"type": "Feature", "geometry": {"type": "Point", "coordinates": [-83.01084850000001, 39.99500533333333]}, "properties": {"vehicle_id": "e78fe212-112b-4dc8-ab7b-4e37000e4427", "company": "Spin", "type": "scooter", "battery_pct": 49, "range_miles": 13.46, "is_available": true, "is_disabled": false, "last_reported": "1785840291"}}, {"type": "Feature", "geometry": {"type": "Point", "coordinates": [-83.00838870000001, 39.998657333333334]}, "properties": {"vehicle_id": "76b7b923-a9b9-4d14-9b53-00ec3fdb76bc", "company": "Spin", "type": "e-bike", "battery_pct": 43, "range_miles": 11.71, "is_available": true, "is_disabled": false, "last_reported": "1785840414"}}, {"type": "Feature", "geometry": {"type": "Point", "coordinates": [-83.01799166666666, 40.000215000000004]}, "properties": {"vehicle_id": "642fc3fb-1102-4c51-a7b6-09b2b6b75570", "company": "Spin", "type": "e-bike", "battery_pct": 30, "range_miles": 8.19, "is_available": true, "is_disabled": false, "last_reported": "1785840134"}}, {"type": "Feature", "geometry": {"type": "Point", "coordinates": [-83.02232260000001, 39.998787633333336]}, "properties": {"vehicle_id": "d7e9e105-e189-4afe-87c3-51d206168c92", "company": "Spin", "type": "e-bike", "battery_pct": 71, "range_miles": 19.32, "is_available": true, "is_disabled": false, "last_reported": "1785840374"}}, {"type": "Feature", "geometry": {"type": "Point", "coordinates": [-83.01965729999999, 40.0003314]}, "properties": {"vehicle_id": "ac8c8a85-84b3-4bf6-afe8-fbec5b69ea95", "company": "Spin", "type": "e-bike", "battery_pct": 86, "range_miles": 23.41, "is_available": true, "is_disabled": false, "last_reported": "1785840367"}}, {"type": "Feature", "geometry": {"type": "Point", "coordinates": [-83.01455499999999, 39.99474]}, "properties": {"vehicle_id": "79eddf21-0e73-46ae-88e0-503d1651346c", "company": "Spin", "type": "e-bike", "battery_pct": 40, "range_miles": 10.83, "is_available": true, "is_disabled": false, "last_reported": "1785840341"}}, {"type": "Feature", "geometry": {"type": "Point", "coordinates": [-83.02144449999999, 39.99926453333333]}, "properties": {"vehicle_id": "771ef0de-6eab-47ad-9aad-3c2244496d18", "company": "Spin", "type": "e-bike", "battery_pct": 59, "range_miles": 16.1, "is_available": true, "is_disabled": false, "last_reported": "1785840330"}}, {"type": "Feature", "geometry": {"type": "Point", "coordinates": [-83.0142441, 40.0059322]}, "properties": {"vehicle_id": "b3326569-0060-4a9d-8b85-5ada4a06e565", "company": "Spin", "type": "e-bike", "battery_pct": 44, "range_miles": 12.0, "is_available": true, "is_disabled": false, "last_reported": "1785840331"}}, {"type": "Feature", "geometry": {"type": "Point", "coordinates": [-83.00925166666666, 40.006025]}, "properties": {"vehicle_id": "79e6a81f-3d9d-4dc0-9c5a-edbc8bcf9fe4", "company": "Spin", "type": "e-bike", "battery_pct": 40, "range_miles": 10.83, "is_available": true, "is_disabled": false, "last_reported": "1785840311"}}, {"type": "Feature", "geometry": {"type": "Point", "coordinates": [-83.01550549999999, 40.004995900000004]}, "properties": {"vehicle_id": "1f1af502-8860-4cc5-acd8-161e3ccbc80a", "company": "Spin", "type": "e-bike", "battery_pct": 88, "range_miles": 24.0, "is_available": true, "is_disabled": false, "last_reported": "1785840322"}}, {"type": "Feature", "geometry": {"type": "Point", "coordinates": [-83.0214431, 39.99923573333333]}, "properties": {"vehicle_id": "687f2e79-7b66-4b35-8509-857a600f7364", "company": "Spin", "type": "e-bike", "battery_pct": 88, "range_miles": 24.0, "is_available": true, "is_disabled": false, "last_reported": "1785840393"}}, {"type": "Feature", "geometry": {"type": "Point", "coordinates": [-83.00908720000001, 39.99861523333333]}, "properties": {"vehicle_id": "486122a6-701e-401c-9c53-02b407d9515a", "company": "Spin", "type": "e-bike", "battery_pct": 22, "range_miles": 5.85, "is_available": true, "is_disabled": false, "last_reported": "1785840354"}}, {"type": "Feature", "geometry": {"type": "Point", "coordinates": [-83.02020560000001, 39.99582373333333]}, "properties": {"vehicle_id": "3eb5b57e-92f8-404e-b31d-4ae219efda5a", "company": "Spin", "type": "e-bike", "battery_pct": 84, "range_miles": 22.83, "is_available": true, "is_disabled": false, "last_reported": "1785840348"}}, {"type": "Feature", "geometry": {"type": "Point", "coordinates": [-83.0158667, 39.996380333333335]}, "properties": {"vehicle_id": "0e060d0b-fb99-49d9-ab15-bd3aee57c4a2", "company": "Spin", "type": "e-bike", "battery_pct": 48, "range_miles": 13.17, "is_available": true, "is_disabled": false, "last_reported": "1785840248"}}, {"type": "Feature", "geometry": {"type": "Point", "coordinates": [-83.01498609999999, 39.99540003333333]}, "properties": {"vehicle_id": "864f6f36-e876-4f68-b9fd-d9a7c26250cb", "company": "Spin", "type": "e-bike", "battery_pct": 86, "range_miles": 23.41, "is_available": true, "is_disabled": false, "last_reported": "1785840274"}}, {"type": "Feature", "geometry": {"type": "Point", "coordinates": [-83.0147557, 39.99649243333333]}, "properties": {"vehicle_id": "62a2f2ed-ef42-44fd-9191-669764dedb83", "company": "Spin", "type": "e-bike", "battery_pct": 51, "range_miles": 13.76, "is_available": true, "is_disabled": false, "last_reported": "1785840393"}}, {"type": "Feature", "geometry": {"type": "Point", "coordinates": [-83.01613309999999, 39.99932183333333]}, "properties": {"vehicle_id": "57b54df6-8a78-40d1-b91e-d575cc9e7e7a", "company": "Spin", "type": "scooter", "battery_pct": 81, "range_miles": 21.95, "is_available": true, "is_disabled": false, "last_reported": "1785840355"}}, {"type": "Feature", "geometry": {"type": "Point", "coordinates": [-83.00724659999999, 39.99605673333333]}, "properties": {"vehicle_id": "7248276d-fe1e-4a16-aaa6-96135f781bbb", "company": "Spin", "type": "e-bike", "battery_pct": 60, "range_miles": 16.39, "is_available": true, "is_disabled": false, "last_reported": "1785840393"}}, {"type": "Feature", "geometry": {"type": "Point", "coordinates": [-83.0259531, 40.003237399999996]}, "properties": {"vehicle_id": "093abed9-c473-45c2-ac1d-c344d912acfe", "company": "Spin", "type": "e-bike", "battery_pct": 38, "range_miles": 10.24, "is_available": true, "is_disabled": false, "last_reported": "1785840293"}}, {"type": "Feature", "geometry": {"type": "Point", "coordinates": [-83.00793, 39.99886]}, "properties": {"vehicle_id": "b960c45d-cd4a-414e-9580-7d04663e649e", "company": "Spin", "type": "scooter", "battery_pct": 28, "range_miles": 7.96, "is_available": true, "is_disabled": false, "last_reported": "1785840136"}}, {"type": "Feature", "geometry": {"type": "Point", "coordinates": [-83.01382790000001, 40.000397199999995]}, "properties": {"vehicle_id": "659dac58-7dff-4f54-b516-cd04eef29f71", "company": "Spin", "type": "e-bike", "battery_pct": 40, "range_miles": 10.83, "is_available": true, "is_disabled": false, "last_reported": "1785840218"}}, {"type": "Feature", "geometry": {"type": "Point", "coordinates": [-83.00869400000002, 40.001656499999996]}, "properties": {"vehicle_id": "3b913567-a281-4034-8aba-440d4755e840", "company": "Spin", "type": "e-bike", "battery_pct": 62, "range_miles": 16.97, "is_available": true, "is_disabled": false, "last_reported": "1785840353"}}, {"type": "Feature", "geometry": {"type": "Point", "coordinates": [-83.01600060000001, 39.99929893333333]}, "properties": {"vehicle_id": "5fdfca51-42e1-4d4f-881a-fcfdb3770cb2", "company": "Spin", "type": "e-bike", "battery_pct": 78, "range_miles": 21.36, "is_available": true, "is_disabled": false, "last_reported": "1785840416"}}, {"type": "Feature", "geometry": {"type": "Point", "coordinates": [-83.018648, 39.997152]}, "properties": {"vehicle_id": "4d343a68-b5d1-4458-a76d-bec6ee1f491e", "company": "Spin", "type": "scooter", "battery_pct": 54, "range_miles": 14.63, "is_available": true, "is_disabled": false, "last_reported": "1785840367"}}, {"type": "Feature", "geometry": {"type": "Point", "coordinates": [-83.0180049, 40.000188800000004]}, "properties": {"vehicle_id": "4664ef29-9701-40b5-b80e-e864421336bb", "company": "Spin", "type": "e-bike", "battery_pct": 19, "range_miles": 5.27, "is_available": true, "is_disabled": false, "last_reported": "1785840328"}}, {"type": "Feature", "geometry": {"type": "Point", "coordinates": [-83.017124, 39.994497933333335]}, "properties": {"vehicle_id": "32ce2cdc-dc54-4457-b8de-1bf4cb47238f", "company": "Spin", "type": "e-bike", "battery_pct": 19, "range_miles": 5.27, "is_available": true, "is_disabled": false, "last_reported": "1785840346"}}, {"type": "Feature", "geometry": {"type": "Point", "coordinates": [-83.0199235, 39.992485933333334]}, "properties": {"vehicle_id": "167b11f3-a552-4f9f-b84e-9d85a40101a1", "company": "Spin", "type": "scooter", "battery_pct": 63, "range_miles": 17.27, "is_available": true, "is_disabled": false, "last_reported": "1785840336"}}, {"type": "Feature", "geometry": {"type": "Point", "coordinates": [-83.0096492, 39.99813233333334]}, "properties": {"vehicle_id": "044bfa73-e22f-4b4c-9cd9-ee0d5919bf1b", "company": "Spin", "type": "e-bike", "battery_pct": 60, "range_miles": 16.39, "is_available": true, "is_disabled": false, "last_reported": "1785840393"}}, {"type": "Feature", "geometry": {"type": "Point", "coordinates": [-83.01470499999999, 40.002671666666664]}, "properties": {"vehicle_id": "793ef7c7-fe3c-44d0-a1d3-e7d2319fc778", "company": "Spin", "type": "e-bike", "battery_pct": 22, "range_miles": 5.85, "is_available": true, "is_disabled": false, "last_reported": "1785840379"}}, {"type": "Feature", "geometry": {"type": "Point", "coordinates": [-83.01179330000001, 39.99678633333333]}, "properties": {"vehicle_id": "0f0aec79-6a6b-4861-ac44-c0475c7440e8", "company": "Spin", "type": "scooter", "battery_pct": 100, "range_miles": 27.22, "is_available": true, "is_disabled": false, "last_reported": "1785840285"}}, {"type": "Feature", "geometry": {"type": "Point", "coordinates": [-83.014379, 39.993396]}, "properties": {"vehicle_id": "87f27d7d-5a1e-4b4b-a000-2f283c23461a", "company": "Spin", "type": "scooter", "battery_pct": 74, "range_miles": 20.19, "is_available": true, "is_disabled": false, "last_reported": "1785840351"}}, {"type": "Feature", "geometry": {"type": "Point", "coordinates": [-83.01906750000002, 39.999908633333334]}, "properties": {"vehicle_id": "4b7496d8-4dae-4b78-aed0-548f7de81d74", "company": "Spin", "type": "e-bike", "battery_pct": 41, "range_miles": 11.12, "is_available": true, "is_disabled": false, "last_reported": "1785840230"}}, {"type": "Feature", "geometry": {"type": "Point", "coordinates": [-83.0190518, 39.99986753333334]}, "properties": {"vehicle_id": "9699719f-b898-4b7b-9e60-f50517752d6d", "company": "Spin", "type": "e-bike", "battery_pct": 28, "range_miles": 7.61, "is_available": true, "is_disabled": false, "last_reported": "1785840251"}}, {"type": "Feature", "geometry": {"type": "Point", "coordinates": [-83.02130170000001, 39.99423423333334]}, "properties": {"vehicle_id": "a9d5f512-39fe-4d6c-9280-8489a1e2afa8", "company": "Spin", "type": "e-bike", "battery_pct": 62, "range_miles": 16.97, "is_available": true, "is_disabled": false, "last_reported": "1785840393"}}, {"type": "Feature", "geometry": {"type": "Point", "coordinates": [-83.01133829999999, 40.0039325]}, "properties": {"vehicle_id": "3df54c04-a8cf-433d-a5fb-b426bccaa4f9", "company": "Spin", "type": "scooter", "battery_pct": 100, "range_miles": 27.22, "is_available": true, "is_disabled": false, "last_reported": "1785840383"}}, {"type": "Feature", "geometry": {"type": "Point", "coordinates": [-83.01937000000001, 39.99444166666667]}, "properties": {"vehicle_id": "8b1d6f24-e9df-4c5c-8945-6735aad5afb4", "company": "Spin", "type": "e-bike", "battery_pct": 87, "range_miles": 23.71, "is_available": true, "is_disabled": false, "last_reported": "1785840403"}}, {"type": "Feature", "geometry": {"type": "Point", "coordinates": [-83.01931940000001, 39.99963153333333]}, "properties": {"vehicle_id": "d1706442-1c3a-4989-ae29-6e9eaf8d30bb", "company": "Spin", "type": "scooter", "battery_pct": 20, "range_miles": 5.56, "is_available": true, "is_disabled": false, "last_reported": "1785840208"}}, {"type": "Feature", "geometry": {"type": "Point", "coordinates": [-83.0147119, 39.99320933333333]}, "properties": {"vehicle_id": "68f2eeb1-0729-407a-bb7b-c3ce4c5f0389", "company": "Spin", "type": "e-bike", "battery_pct": 87, "range_miles": 23.71, "is_available": true, "is_disabled": false, "last_reported": "1785840208"}}, {"type": "Feature", "geometry": {"type": "Point", "coordinates": [-83.0207223, 39.99940923333334]}, "properties": {"vehicle_id": "148e3bd0-6f03-40ff-a87c-95e0090b4d4b", "company": "Spin", "type": "scooter", "battery_pct": 85, "range_miles": 23.12, "is_available": true, "is_disabled": false, "last_reported": "1785840372"}}, {"type": "Feature", "geometry": {"type": "Point", "coordinates": [-83.00785939999999, 39.99802403333333]}, "properties": {"vehicle_id": "c9cb855b-fdf8-4d8d-9ebf-334588a501bb", "company": "Spin", "type": "e-bike", "battery_pct": 78, "range_miles": 21.36, "is_available": true, "is_disabled": false, "last_reported": "1785840376"}}, {"type": "Feature", "geometry": {"type": "Point", "coordinates": [-83.0181346, 39.994950233333334]}, "properties": {"vehicle_id": "fcee6624-2f60-4578-bc1e-9f3b3b9706c1", "company": "Spin", "type": "e-bike", "battery_pct": 20, "range_miles": 5.56, "is_available": true, "is_disabled": false, "last_reported": "1785840287"}}, {"type": "Feature", "geometry": {"type": "Point", "coordinates": [-83.04786829999999, 40.0062072]}, "properties": {"vehicle_id": "32acfb7c-ef6d-48bb-9c2c-cc6be20356f0", "company": "Spin", "type": "e-bike", "battery_pct": 29, "range_miles": 7.9, "is_available": true, "is_disabled": false, "last_reported": "1785840201"}}, {"type": "Feature", "geometry": {"type": "Point", "coordinates": [-83.02625590000001, 40.0027476]}, "properties": {"vehicle_id": "ce9e0725-a8a7-4a2b-9005-620768eaca1c", "company": "Spin", "type": "e-bike", "battery_pct": 89, "range_miles": 24.29, "is_available": true, "is_disabled": false, "last_reported": "1785840366"}}, {"type": "Feature", "geometry": {"type": "Point", "coordinates": [-83.0125626, 40.0051541]}, "properties": {"vehicle_id": "33a6203d-ee8c-419b-ba69-aadabac857a5", "company": "Spin", "type": "e-bike", "battery_pct": 41, "range_miles": 11.12, "is_available": true, "is_disabled": false, "last_reported": "1785840255"}}, {"type": "Feature", "geometry": {"type": "Point", "coordinates": [-83.00739, 39.99632]}, "properties": {"vehicle_id": "ac18598a-2adf-45fb-872f-cb07d5bae64b", "company": "Spin", "type": "scooter", "battery_pct": 28, "range_miles": 7.61, "is_available": true, "is_disabled": false, "last_reported": "1785840413"}}, {"type": "Feature", "geometry": {"type": "Point", "coordinates": [-83.008074, 39.997433]}, "properties": {"vehicle_id": "4211de16-e2b8-4ef0-a084-f01c24fdd0b1", "company": "Spin", "type": "scooter", "battery_pct": 82, "range_miles": 22.24, "is_available": true, "is_disabled": false, "last_reported": "1785840418"}}, {"type": "Feature", "geometry": {"type": "Point", "coordinates": [-83.00899239999998, 40.0039024]}, "properties": {"vehicle_id": "0a77f846-0cd0-464e-b56d-733f1547d476", "company": "Spin", "type": "e-bike", "battery_pct": 42, "range_miles": 11.41, "is_available": true, "is_disabled": false, "last_reported": "1785840388"}}, {"type": "Feature", "geometry": {"type": "Point", "coordinates": [-83.0082992, 40.0001498]}, "properties": {"vehicle_id": "8f254159-c080-406f-8db9-3673936f22ec", "company": "Spin", "type": "e-bike", "battery_pct": 46, "range_miles": 12.58, "is_available": true, "is_disabled": false, "last_reported": "1785840272"}}, {"type": "Feature", "geometry": {"type": "Point", "coordinates": [-83.016452, 40.002636]}, "properties": {"vehicle_id": "03008226-3864-479c-a960-3cd81e9c3e85", "company": "Spin", "type": "e-bike", "battery_pct": 27, "range_miles": 7.32, "is_available": true, "is_disabled": false, "last_reported": "1785840323"}}, {"type": "Feature", "geometry": {"type": "Point", "coordinates": [-83.01342709999999, 40.0063321]}, "properties": {"vehicle_id": "f3370027-cb2c-4de4-8bd6-4671fdff304b", "company": "Spin", "type": "e-bike", "battery_pct": 83, "range_miles": 22.54, "is_available": true, "is_disabled": false, "last_reported": "1785840312"}}, {"type": "Feature", "geometry": {"type": "Point", "coordinates": [-83.0082563, 40.00125]}, "properties": {"vehicle_id": "08656c51-2bb7-4f6f-bcae-488bf2f15429", "company": "Spin", "type": "scooter", "battery_pct": 68, "range_miles": 18.44, "is_available": true, "is_disabled": false, "last_reported": "1785840314"}}, {"type": "Feature", "geometry": {"type": "Point", "coordinates": [-83.01342580000001, 40.0063089]}, "properties": {"vehicle_id": "0f5dd4d9-1d26-40c3-89cd-3cc92e62f1c8", "company": "Spin", "type": "e-bike", "battery_pct": 53, "range_miles": 14.34, "is_available": true, "is_disabled": false, "last_reported": "1785840300"}}, {"type": "Feature", "geometry": {"type": "Point", "coordinates": [-83.016866, 39.99512703333333]}, "properties": {"vehicle_id": "14c64233-01eb-44b4-a3c1-975614e2bea4", "company": "Spin", "type": "e-bike", "battery_pct": 44, "range_miles": 12.0, "is_available": true, "is_disabled": false, "last_reported": "1785840379"}}, {"type": "Feature", "geometry": {"type": "Point", "coordinates": [-83.01576840000001, 40.0063856]}, "properties": {"vehicle_id": "772c39f0-541b-4672-9f38-0acadf5ca411", "company": "Spin", "type": "e-bike", "battery_pct": 33, "range_miles": 9.07, "is_available": true, "is_disabled": false, "last_reported": "1785840396"}}, {"type": "Feature", "geometry": {"type": "Point", "coordinates": [-83.0192185, 39.994477833333335]}, "properties": {"vehicle_id": "5bc11c6c-d27a-41b8-94b2-2afbe4a48844", "company": "Spin", "type": "e-bike", "battery_pct": 18, "range_miles": 4.98, "is_available": true, "is_disabled": false, "last_reported": "1785840369"}}, {"type": "Feature", "geometry": {"type": "Point", "coordinates": [-83.00784739999999, 39.99404543333333]}, "properties": {"vehicle_id": "f4312b5f-5cc4-4026-aabe-1d4cfadc0294", "company": "Spin", "type": "scooter", "battery_pct": 86, "range_miles": 23.41, "is_available": true, "is_disabled": false, "last_reported": "1785840264"}}, {"type": "Feature", "geometry": {"type": "Point", "coordinates": [-83.0203717, 39.99513723333334]}, "properties": {"vehicle_id": "93d903af-805e-4d0c-97ac-498d0d92cdc9", "company": "Spin", "type": "e-bike", "battery_pct": 47, "range_miles": 12.88, "is_available": true, "is_disabled": false, "last_reported": "1785840324"}}, {"type": "Feature", "geometry": {"type": "Point", "coordinates": [-83.00677769999999, 39.99402823333333]}, "properties": {"vehicle_id": "def18ef1-864f-4209-a373-bf6c3c42aea6", "company": "Spin", "type": "scooter", "battery_pct": 97, "range_miles": 26.34, "is_available": true, "is_disabled": false, "last_reported": "1785840226"}}, {"type": "Feature", "geometry": {"type": "Point", "coordinates": [-83.00862149999999, 40.003527]}, "properties": {"vehicle_id": "b883600e-3895-4401-a3c6-8f83c8ae137f", "company": "Spin", "type": "e-bike", "battery_pct": 88, "range_miles": 24.0, "is_available": true, "is_disabled": false, "last_reported": "1785840418"}}, {"type": "Feature", "geometry": {"type": "Point", "coordinates": [-83.01721610000001, 39.99313363333333]}, "properties": {"vehicle_id": "a7466739-7a0f-40f1-80a5-da9dbddd5dcc", "company": "Spin", "type": "e-bike", "battery_pct": 44, "range_miles": 12.0, "is_available": true, "is_disabled": false, "last_reported": "1785840410"}}, {"type": "Feature", "geometry": {"type": "Point", "coordinates": [-83.01533990000001, 39.99887873333333]}, "properties": {"vehicle_id": "e9e41bdc-7118-43ea-93d2-ea4b91bec36d", "company": "Spin", "type": "scooter", "battery_pct": 9, "range_miles": 2.34, "is_available": false, "is_disabled": true, "last_reported": "1785840246"}}, {"type": "Feature", "geometry": {"type": "Point", "coordinates": [-83.0205259, 39.99945293333334]}, "properties": {"vehicle_id": "057b0fc5-4bb0-4f29-abce-2f37c602c1bd", "company": "Spin", "type": "scooter", "battery_pct": 2, "range_miles": 0.59, "is_available": false, "is_disabled": true, "last_reported": "1785840297"}}, {"type": "Feature", "geometry": {"type": "Point", "coordinates": [-83.02086560000001, 40.0020389]}, "properties": {"vehicle_id": "38a2cf24-5234-4dd3-b8eb-a5284a5f6dd8", "company": "Spin", "type": "scooter", "battery_pct": 6, "range_miles": 1.76, "is_available": false, "is_disabled": true, "last_reported": "1785840416"}}, {"type": "Feature", "geometry": {"type": "Point", "coordinates": [-83.038638, 40.001892]}, "properties": {"vehicle_id": "ad798872-c293-4914-a367-542c5d10133c", "company": "Spin", "type": "scooter", "battery_pct": 3, "range_miles": 0.88, "is_available": false, "is_disabled": true, "last_reported": "1785840325"}}, {"type": "Feature", "geometry": {"type": "Point", "coordinates": [-83.0144619, 40.0046693]}, "properties": {"vehicle_id": "1197edac-fad3-4f6b-b188-03e8b3cad0be", "company": "Spin", "type": "e-bike", "battery_pct": 1, "range_miles": 0.29, "is_available": false, "is_disabled": true, "last_reported": "1785840377"}}, {"type": "Feature", "geometry": {"type": "Point", "coordinates": [-83.01905, 39.999087]}, "properties": {"vehicle_id": "9a31dcba-a532-426e-80ec-401f0c98930e", "company": "Spin", "type": "scooter", "battery_pct": 4, "range_miles": 1.17, "is_available": false, "is_disabled": true, "last_reported": "1785840372"}}, {"type": "Feature", "geometry": {"type": "Point", "coordinates": [-83.00887480000002, 40.003557799999996]}, "properties": {"vehicle_id": "5c4151de-2a06-4b67-a600-e369ac1663db", "company": "Spin", "type": "scooter", "battery_pct": 11, "range_miles": 2.93, "is_available": false, "is_disabled": true, "last_reported": "1785840369"}}], "generated_at": "2026-08-04T20:22:42.135247+00:00"}